=== infrastructure attempt 1 ===
[INFO] [launch]: All log files can be found below /home/linh-pham/.ros/log/2026-08-03-03-39-25-555878-linh-pham-LOQ-15IAX9-173179
[INFO] [launch]: Default logging verbosity is set to INFO
[INFO] [gazebo-1]: process started with pid [173204]
[INFO] [create-2]: process started with pid [173205]
[INFO] [parameter_bridge-3]: process started with pid [173206]
[INFO] [robot_state_publisher-4]: process started with pid [173208]
[INFO] [execution_trial-5]: process started with pid [173209]
[robot_state_publisher-4] [INFO] [1785703166.308847739] [robot_state_publisher]: Robot initialized
[gazebo-1] [1;32m[Msg] [0m[1;32mGazebo Sim Server v[0m[1;32m8.11.0[0m[1;32m[0m
[gazebo-1] [1;32m[Msg] [0m[1;32mLoading SDF world file[[0m[1;32m/home/linh-pham/agv_nav2_research_ws_bao/install/vacuum_robot_gazebo/share/vacuum_robot_gazebo/worlds/warehouse_long_aisles.sdf[0m[1;32m].[0m
[gazebo-1] [1;32m[Msg] [0m[1;32mServing entity system service on [[0m[1;32m/[0m[1;32mentity/system/add[0m[1;32m][0m[1;32m[0m
[gazebo-1] [1;32m[Msg] [0m[1;32mCreate[0m[1;32m service on [[0m[1;32m/world/warehouse_long_aisles/create_multiple[0m[1;32m] (async)[0m[1;32m[0m
[gazebo-1] [1;32m[Msg] [0m[1;32mCreate[0m[1;32m service on [[0m[1;32m/world/warehouse_long_aisles/create_multiple/blocking[0m[1;32m] (blocking)[0m[1;32m[0m
[gazebo-1] [1;32m[Msg] [0m[1;32mRemove[0m[1;32m service on [[0m[1;32m/world/warehouse_long_aisles/remove[0m[1;32m] (async)[0m[1;32m[0m
[gazebo-1] [1;32m[Msg] [0m[1;32mRemove[0m[1;32m service on [[0m[1;32m/world/warehouse_long_aisles/remove/blocking[0m[1;32m] (blocking)[0m[1;32m[0m
[gazebo-1] [1;32m[Msg] [0m[1;32mPose[0m[1;32m service on [[0m[1;32m/world/warehouse_long_aisles/set_pose[0m[1;32m] (async)[0m[1;32m[0m
[gazebo-1] [1;32m[Msg] [0m[1;32mPose[0m[1;32m service on [[0m[1;32m/world/warehouse_long_aisles/set_pose/blocking[0m[1;32m] (blocking)[0m[1;32m[0m
[gazebo-1] [1;32m[Msg] [0m[1;32mPose[0m[1;32m service on [[0m[1;32m/world/warehouse_long_aisles/set_pose_vector[0m[1;32m] (async)[0m[1;32m[0m
[gazebo-1] [1;32m[Msg] [0m[1;32mPose[0m[1;32m service on [[0m[1;32m/world/warehouse_long_aisles/set_pose_vector/blocking[0m[1;32m] (blocking)[0m[1;32m[0m
[gazebo-1] [1;32m[Msg] [0m[1;32mLight configuration[0m[1;32m service on [[0m[1;32m/world/warehouse_long_aisles/light_config[0m[1;32m] (async)[0m[1;32m[0m
[gazebo-1] [1;32m[Msg] [0m[1;32mLight configuration[0m[1;32m service on [[0m[1;32m/world/warehouse_long_aisles/light_config/blocking[0m[1;32m] (blocking)[0m[1;32m[0m
[gazebo-1] [1;32m[Msg] [0m[1;32mPhysics[0m[1;32m service on [[0m[1;32m/world/warehouse_long_aisles/set_physics[0m[1;32m] (async)[0m[1;32m[0m
[gazebo-1] [1;32m[Msg] [0m[1;32mPhysics[0m[1;32m service on [[0m[1;32m/world/warehouse_long_aisles/set_physics/blocking[0m[1;32m] (blocking)[0m[1;32m[0m
[gazebo-1] [1;32m[Msg] [0m[1;32mSphericalCoordinates[0m[1;32m service on [[0m[1;32m/world/warehouse_long_aisles/set_spherical_coordinates[0m[1;32m] (async)[0m[1;32m[0m
[gazebo-1] [1;32m[Msg] [0m[1;32mSphericalCoordinates[0m[1;32m service on [[0m[1;32m/world/warehouse_long_aisles/set_spherical_coordinates/blocking[0m[1;32m] (blocking)[0m[1;32m[0m
[gazebo-1] [1;32m[Msg] [0m[1;32mEnable collision[0m[1;32m service on [[0m[1;32m/world/warehouse_long_aisles/enable_collision[0m[1;32m] (async)[0m[1;32m[0m
[gazebo-1] [1;32m[Msg] [0m[1;32mEnable collision[0m[1;32m service on [[0m[1;32m/world/warehouse_long_aisles/enable_collision/blocking[0m[1;32m] (blocking)[0m[1;32m[0m
[gazebo-1] [1;32m[Msg] [0m[1;32mDisable collision[0m[1;32m service on [[0m[1;32m/world/warehouse_long_aisles/disable_collision[0m[1;32m] (async)[0m[1;32m[0m
[gazebo-1] [1;32m[Msg] [0m[1;32mDisable collision[0m[1;32m service on [[0m[1;32m/world/warehouse_long_aisles/disable_collision/blocking[0m[1;32m] (blocking)[0m[1;32m[0m
[gazebo-1] [1;32m[Msg] [0m[1;32mMaterial[0m[1;32m service on [[0m[1;32m/world/warehouse_long_aisles/visual_config[0m[1;32m] (async)[0m[1;32m[0m
[gazebo-1] [1;32m[Msg] [0m[1;32mMaterial[0m[1;32m service on [[0m[1;32m/world/warehouse_long_aisles/visual_config/blocking[0m[1;32m] (blocking)[0m[1;32m[0m
[gazebo-1] [1;32m[Msg] [0m[1;32mMaterial[0m[1;32m service on [[0m[1;32m/world/warehouse_long_aisles/wheel_slip[0m[1;32m] (async)[0m[1;32m[0m
[gazebo-1] [1;32m[Msg] [0m[1;32mMaterial[0m[1;32m service on [[0m[1;32m/world/warehouse_long_aisles/wheel_slip/blocking[0m[1;32m] (blocking)[0m[1;32m[0m
[gazebo-1] [1;32m[Msg] [0m[1;32mLoaded level [[0m[1;32mdefault[0m[1;32m][0m[1;32m[0m
[create-2] [INFO] [1785703166.755409734] [spawn_vacuum_robot]: Entity creation successful.
[INFO] [create-2]: process has finished cleanly [pid 173205]
[parameter_bridge-3] [INFO] [1785703167.334722014] [ros_gz_bridge]: Creating GZ->ROS Bridge: [/clock (gz.msgs.Clock) -> /clock (rosgraph_msgs/msg/Clock)] (Lazy 0)
[parameter_bridge-3] [INFO] [1785703167.335483106] [ros_gz_bridge]: Creating GZ->ROS Bridge: [/joint_states (gz.msgs.Model) -> /joint_states (sensor_msgs/msg/JointState)] (Lazy 0)
[parameter_bridge-3] [INFO] [1785703167.337479962] [ros_gz_bridge]: Creating GZ->ROS Bridge: [/odom (gz.msgs.Odometry) -> /odom (nav_msgs/msg/Odometry)] (Lazy 0)
[parameter_bridge-3] [INFO] [1785703167.339041511] [ros_gz_bridge]: Creating GZ->ROS Bridge: [/tf (gz.msgs.Pose_V) -> /tf (tf2_msgs/msg/TFMessage)] (Lazy 0)
[parameter_bridge-3] [INFO] [1785703167.340138632] [ros_gz_bridge]: Creating GZ->ROS Bridge: [/scan (gz.msgs.LaserScan) -> /scan (sensor_msgs/msg/LaserScan)] (Lazy 0)
[parameter_bridge-3] [INFO] [1785703167.340528084] [ros_gz_bridge]: Creating GZ->ROS Bridge: [/imu/data (gz.msgs.IMU) -> /imu/data (sensor_msgs/msg/Imu)] (Lazy 0)
[parameter_bridge-3] [INFO] [1785703167.340910896] [ros_gz_bridge]: Creating ROS->GZ Bridge: [/cmd_vel (geometry_msgs/msg/Twist) -> /cmd_vel (gz.msgs.Twist)] (Lazy 0)
[parameter_bridge-3] [INFO] [1785703167.341558428] [ros_gz_bridge]: Creating GZ->ROS Bridge: [/ground_truth/odom (gz.msgs.Odometry) -> /ground_truth/odom (nav_msgs/msg/Odometry)] (Lazy 0)
[gazebo-1] [1;32m[Msg] [0m[1;32mServing world controls on [[0m[1;32m/world/warehouse_long_aisles[0m[1;32m/control], [[0m[1;32m/world/warehouse_long_aisles[0m[1;32m/control/state] and [[0m[1;32m/world/warehouse_long_aisles[0m[1;32m/playback/control][0m[1;32m[0m
[gazebo-1] [1;32m[Msg] [0m[1;32mServing GUI information on [[0m[1;32m/world/warehouse_long_aisles[0m[1;32m/[0m[1;32mgui/info[0m[1;32m][0m[1;32m[0m
[gazebo-1] [1;32m[Msg] [0m[1;32mWorld [[0m[1;32mwarehouse_long_aisles[0m[1;32m] initialized with [[0m[1;32mresearch_physics[0m[1;32m] physics profile.[0m[1;32m[0m
[gazebo-1] [1;32m[Msg] [0m[1;32mServing world SDF generation service on [[0m[1;32m/world/warehouse_long_aisles[0m[1;32m/[0m[1;32mgenerate_world_sdf[0m[1;32m][0m[1;32m[0m
[gazebo-1] [1;32m[Msg] [0m[1;32mServing world names on [[0m[1;32m/gazebo/worlds[0m[1;32m][0m[1;32m[0m
[gazebo-1] [1;32m[Msg] [0m[1;32mResource path add service on [[0m[1;32m/gazebo/resource_paths/add[0m[1;32m].[0m[1;32m[0m
[gazebo-1] [1;32m[Msg] [0m[1;32mResource path get service on [[0m[1;32m/gazebo/resource_paths/get[0m[1;32m].[0m[1;32m[0m
[gazebo-1] [1;32m[Msg] [0m[1;32mResource path resolve service on [[0m[1;32m/gazebo/resource_paths/resolve[0m[1;32m].[0m[1;32m[0m
[gazebo-1] [1;32m[Msg] [0m[1;32mResource paths published on [[0m[1;32m/gazebo/resource_paths[0m[1;32m].[0m[1;32m[0m
[gazebo-1] [1;32m[Msg] [0m[1;32mServer control service on [[0m[1;32m/server_control[0m[1;32m].[0m[1;32m[0m
[gazebo-1] [1;32m[Msg] [0m[1;32mFound no publishers on /stats, adding root stats topic[0m[1;32m[0m
[gazebo-1] [1;32m[Msg] [0m[1;32mFound no publishers on /clock, adding root clock topic[0m[1;32m[0m
[gazebo-1] [1;33mWarning [Utils.cc:132][0m [/sdf/model[@name="vacuum_robot"]/link[@name="base_link"]/sensor[@name="rplidar_a1m8"]/gz_frame_id:/home/linh-pham/agv_nav2_research_ws_bao/install/vacuum_robot_gazebo/share/vacuum_robot_gazebo/models/vacuum_robot/model.sdf:L107]: XML Element[gz_frame_id], child of element[sensor], not defined in SDF. Copying[gz_frame_id] as children of [sensor].
[gazebo-1] [1;33mWarning [Utils.cc:132][0m [/sdf/model[@name="vacuum_robot"]/link[@name="base_link"]/sensor[@name="bno055_imu"]/gz_frame_id:/home/linh-pham/agv_nav2_research_ws_bao/install/vacuum_robot_gazebo/share/vacuum_robot_gazebo/models/vacuum_robot/model.sdf:L128]: XML Element[gz_frame_id], child of element[sensor], not defined in SDF. Copying[gz_frame_id] as children of [sensor].
[gazebo-1] libEGL warning: pci id for fd 55: 10de:25ec, driver (null)
[gazebo-1] 
[gazebo-1] pci id for fd 56: 10de:25ec, driver (null)
[gazebo-1] pci id for fd 57: 10de:25ec, driver (null)
[gazebo-1] libEGL warning: egl: failed to create dri2 screen
[gazebo-1] libEGL warning: pci id for fd 55: 10de:25ec, driver (null)
[gazebo-1] 
[gazebo-1] pci id for fd 56: 10de:25ec, driver (null)
[gazebo-1] pci id for fd 57: 10de:25ec, driver (null)
[gazebo-1] libEGL warning: egl: failed to create dri2 screen
[gazebo-1] libEGL warning: pci id for fd 55: 10de:25ec, driver (null)
[gazebo-1] 
[INFO] [map_server-6]: process started with pid [173412]
[INFO] [amcl-7]: process started with pid [173413]
[INFO] [lifecycle_manager-8]: process started with pid [173414]
[INFO] [controller_server-9]: process started with pid [173415]
[INFO] [smoother_server-10]: process started with pid [173416]
[INFO] [planner_server-11]: process started with pid [173417]
[INFO] [route_server-12]: process started with pid [173418]
[INFO] [behavior_server-13]: process started with pid [173419]
[INFO] [bt_navigator-14]: process started with pid [173422]
[INFO] [waypoint_follower-15]: process started with pid [173423]
[INFO] [velocity_smoother-16]: process started with pid [173424]
[INFO] [collision_monitor-17]: process started with pid [173425]
[INFO] [opennav_docking-18]: process started with pid [173430]
[INFO] [lifecycle_manager-19]: process started with pid [173433]
[controller_server-9] [INFO] [1785703169.204091433] [controller_server]: 
[controller_server-9] 	controller_server lifecycle node launched. 
[controller_server-9] 	Waiting on external lifecycle transitions to activate
[controller_server-9] 	See https://design.ros2.org/articles/node_lifecycle.html for more information.
[controller_server-9] [INFO] [1785703169.206898509] [controller_server]: Creating controller server
[smoother_server-10] [INFO] [1785703169.209000262] [smoother_server]: 
[smoother_server-10] 	smoother_server lifecycle node launched. 
[smoother_server-10] 	Waiting on external lifecycle transitions to activate
[smoother_server-10] 	See https://design.ros2.org/articles/node_lifecycle.html for more information.
[smoother_server-10] [INFO] [1785703169.212947296] [smoother_server]: Creating smoother server
[controller_server-9] [INFO] [1785703169.226153865] [local_costmap.local_costmap]: 
[controller_server-9] 	local_costmap lifecycle node launched. 
[controller_server-9] 	Waiting on external lifecycle transitions to activate
[controller_server-9] 	See https://design.ros2.org/articles/node_lifecycle.html for more information.
[lifecycle_manager-8] [INFO] [1785703169.226551176] [lifecycle_manager_localization]: Creating
[controller_server-9] [INFO] [1785703169.226799745] [local_costmap.local_costmap]: Creating Costmap
[lifecycle_manager-8] [INFO] [1785703169.234279859] [lifecycle_manager_localization]: [34m[1mCreating and initializing lifecycle service clients[0m[0m
[planner_server-11] [INFO] [1785703169.260224325] [planner_server]: 
[planner_server-11] 	planner_server lifecycle node launched. 
[planner_server-11] 	Waiting on external lifecycle transitions to activate
[planner_server-11] 	See https://design.ros2.org/articles/node_lifecycle.html for more information.
[bt_navigator-14] [INFO] [1785703169.265191771] [bt_navigator]: 
[bt_navigator-14] 	bt_navigator lifecycle node launched. 
[bt_navigator-14] 	Waiting on external lifecycle transitions to activate
[bt_navigator-14] 	See https://design.ros2.org/articles/node_lifecycle.html for more information.
[planner_server-11] [INFO] [1785703169.266652587] [planner_server]: Creating
[bt_navigator-14] [INFO] [1785703169.269057198] [bt_navigator]: Creating
[lifecycle_manager-19] [INFO] [1785703169.269873851] [lifecycle_manager_navigation]: Creating
[amcl-7] [INFO] [1785703169.272339389] [amcl]: 
[amcl-7] 	amcl lifecycle node launched. 
[amcl-7] 	Waiting on external lifecycle transitions to activate
[amcl-7] 	See https://design.ros2.org/articles/node_lifecycle.html for more information.
[amcl-7] [INFO] [1785703169.273293622] [amcl]: Creating
[waypoint_follower-15] [INFO] [1785703169.282610088] [waypoint_follower]: 
[waypoint_follower-15] 	waypoint_follower lifecycle node launched. 
[waypoint_follower-15] 	Waiting on external lifecycle transitions to activate
[waypoint_follower-15] 	See https://design.ros2.org/articles/node_lifecycle.html for more information.
[map_server-6] [INFO] [1785703169.282684401] [map_server]: 
[map_server-6] 	map_server lifecycle node launched. 
[map_server-6] 	Waiting on external lifecycle transitions to activate
[map_server-6] 	See https://design.ros2.org/articles/node_lifecycle.html for more information.
[map_server-6] [INFO] [1785703169.282823240] [map_server]: Creating
[waypoint_follower-15] [INFO] [1785703169.283404949] [waypoint_follower]: Creating
[velocity_smoother-16] [INFO] [1785703169.284689922] [velocity_smoother]: 
[velocity_smoother-16] 	velocity_smoother lifecycle node launched. 
[velocity_smoother-16] 	Waiting on external lifecycle transitions to activate
[velocity_smoother-16] 	See https://design.ros2.org/articles/node_lifecycle.html for more information.
[route_server-12] [INFO] [1785703169.287230216] [route_server]: 
[route_server-12] 	route_server lifecycle node launched. 
[route_server-12] 	Waiting on external lifecycle transitions to activate
[route_server-12] 	See https://design.ros2.org/articles/node_lifecycle.html for more information.
[opennav_docking-18] [INFO] [1785703169.288802772] [docking_server]: 
[opennav_docking-18] 	docking_server lifecycle node launched. 
[opennav_docking-18] 	Waiting on external lifecycle transitions to activate
[opennav_docking-18] 	See https://design.ros2.org/articles/node_lifecycle.html for more information.
[behavior_server-13] [INFO] [1785703169.288895335] [behavior_server]: 
[behavior_server-13] 	behavior_server lifecycle node launched. 
[behavior_server-13] 	Waiting on external lifecycle transitions to activate
[behavior_server-13] 	See https://design.ros2.org/articles/node_lifecycle.html for more information.
[opennav_docking-18] [INFO] [1785703169.288974461] [docking_server]: Creating docking_server
[collision_monitor-17] [INFO] [1785703169.289077427] [collision_monitor]: 
[collision_monitor-17] 	collision_monitor lifecycle node launched. 
[collision_monitor-17] 	Waiting on external lifecycle transitions to activate
[collision_monitor-17] 	See https://design.ros2.org/articles/node_lifecycle.html for more information.
[lifecycle_manager-19] [INFO] [1785703169.292093173] [lifecycle_manager_navigation]: [34m[1mCreating and initializing lifecycle service clients[0m[0m
[planner_server-11] [INFO] [1785703169.670695175] [global_costmap.global_costmap]: 
[planner_server-11] 	global_costmap lifecycle node launched. 
[planner_server-11] 	Waiting on external lifecycle transitions to activate
[planner_server-11] 	See https://design.ros2.org/articles/node_lifecycle.html for more information.
[planner_server-11] [INFO] [1785703169.671670642] [global_costmap.global_costmap]: Creating Costmap
[lifecycle_manager-8] [INFO] [1785703169.690671847] [lifecycle_manager_localization]: [34m[1mStarting managed nodes bringup...[0m[0m
[lifecycle_manager-8] [INFO] [1785703169.690748883] [lifecycle_manager_localization]: [34m[1mConfiguring map_server[0m[0m
[map_server-6] [INFO] [1785703169.691248832] [map_server]: Configuring
[map_server-6] [INFO] [1785703169.691371101] [map_io]: Loading yaml file: /home/linh-pham/agv_nav2_research_ws_bao/install/vacuum_robot_gazebo/share/vacuum_robot_gazebo/maps/warehouse_long_aisles.yaml
[map_server-6] [INFO] [1785703169.691652693] [map_io]: resolution: 0.05
[map_server-6] [INFO] [1785703169.691666502] [map_io]: origin[0]: -6
[map_server-6] [INFO] [1785703169.691673781] [map_io]: origin[1]: -4
[map_server-6] [INFO] [1785703169.691678732] [map_io]: origin[2]: 0
[map_server-6] [INFO] [1785703169.691683901] [map_io]: free_thresh: 0.25
[map_server-6] [INFO] [1785703169.691688826] [map_io]: occupied_thresh: 0.65
[map_server-6] [INFO] [1785703169.691695013] [map_io]: mode: trinary
[map_server-6] [INFO] [1785703169.691700888] [map_io]: negate: 0
[map_server-6] [INFO] [1785703169.691895469] [map_io]: Loading image_file: /home/linh-pham/agv_nav2_research_ws_bao/install/vacuum_robot_gazebo/share/vacuum_robot_gazebo/maps/warehouse_long_aisles.pgm
[map_server-6] [INFO] [1785703169.693129074] [map_io]: Read map /home/linh-pham/agv_nav2_research_ws_bao/install/vacuum_robot_gazebo/share/vacuum_robot_gazebo/maps/warehouse_long_aisles.pgm: 240 X 160 map @ 0.05 m/cell
[map_server-6] [WARN] [1785703169.801883897] [map_server.rclcpp]: failed to send response to /map_server/change_state (timeout): client will not receive response, at ./src/rmw_response.cpp:153, at ./src/rcl/service.c:400
[lifecycle_manager-19] [INFO] [1785703169.910581851] [lifecycle_manager_navigation]: [34m[1mStarting managed nodes bringup...[0m[0m
[lifecycle_manager-19] [INFO] [1785703169.910624797] [lifecycle_manager_navigation]: [34m[1mConfiguring controller_server[0m[0m
[controller_server-9] [INFO] [1785703169.910992357] [controller_server]: Configuring controller interface
[controller_server-9] [INFO] [1785703169.911021775] [controller_server]: getting progress checker plugins..
[controller_server-9] [INFO] [1785703169.911259434] [controller_server]: getting goal checker plugins..
[controller_server-9] [INFO] [1785703169.911437796] [controller_server]: Controller frequency set to 20.0000Hz
[controller_server-9] [INFO] [1785703169.911501632] [local_costmap.local_costmap]: Configuring
[controller_server-9] [INFO] [1785703169.929038441] [local_costmap.local_costmap]: Using plugin "voxel_layer"
[controller_server-9] [INFO] [1785703169.932729028] [local_costmap.local_costmap]: Subscribed to Topics: scan
[controller_server-9] [INFO] [1785703169.944660438] [local_costmap.local_costmap]: Initialized plugin "voxel_layer"
[controller_server-9] [INFO] [1785703169.944695539] [local_costmap.local_costmap]: Using plugin "inflation_layer"
[controller_server-9] [INFO] [1785703169.945105802] [local_costmap.local_costmap]: Initialized plugin "inflation_layer"
[controller_server-9] [INFO] [1785703169.964631630] [controller_server]: Created progress_checker : progress_checker of type nav2_controller::PoseProgressChecker
[controller_server-9] [INFO] [1785703169.965149219] [controller_server]: Controller Server has progress_checker  progress checkers available.
[controller_server-9] [INFO] [1785703169.965834723] [controller_server]: Created goal checker : general_goal_checker of type nav2_controller::SimpleGoalChecker
[controller_server-9] [INFO] [1785703169.966210183] [controller_server]: Controller Server has general_goal_checker  goal checkers available.
[controller_server-9] [INFO] [1785703169.967185011] [controller_server]: Created controller : FollowPath of type nav2_regulated_pure_pursuit_controller::RegulatedPurePursuitController
[controller_server-9] [INFO] [1785703169.972054644] [controller_server]: Controller Server has FollowPath  controllers available.
[lifecycle_manager-19] [INFO] [1785703169.981299334] [lifecycle_manager_navigation]: [34m[1mConfiguring smoother_server[0m[0m
[smoother_server-10] [INFO] [1785703169.981554155] [smoother_server]: Configuring smoother server
[smoother_server-10] [INFO] [1785703169.997865132] [smoother_server]: Created smoother : simple_smoother of type nav2_smoother::SimpleSmoother
[smoother_server-10] [INFO] [1785703169.999072363] [smoother_server]: Created smoother : savitzky_golay of type nav2_smoother::SavitzkyGolaySmoother
[smoother_server-10] [INFO] [1785703170.005309066] [smoother_server]: Created smoother : constrained of type nav2_constrained_smoother/ConstrainedSmoother
[smoother_server-10] [INFO] [1785703170.008794168] [smoother_server]: Created smoother : pstmo of type adaptive_pivot_g2_nav2/AdaptivePivotG2Smoother
[smoother_server-10] [INFO] [1785703170.012197773] [smoother_server]: Configured PSTMO smoother 'pstmo' with hierarchical_alpha_two_trim search and condition_only preprocessing
[smoother_server-10] [INFO] [1785703170.012525231] [smoother_server]: Created smoother : adaptive_hybrid of type adaptive_pivot_g2_nav2/SafetyGatedHybridSmoother
[smoother_server-10] [INFO] [1785703170.017757875] [smoother_server]: Configured PSTMO smoother 'adaptive_hybrid.pivot' with legacy_joint_d_q search and condition_only preprocessing
[smoother_server-10] [INFO] [1785703170.019051699] [smoother_server]: Configured safety-gated hybrid smoother as 'adaptive_hybrid'
[smoother_server-10] [INFO] [1785703170.019105174] [smoother_server]: Smoother Server has simple_smoother savitzky_golay constrained pstmo adaptive_hybrid  smoothers available.
[lifecycle_manager-19] [INFO] [1785703170.029609796] [lifecycle_manager_navigation]: [34m[1mConfiguring planner_server[0m[0m
[planner_server-11] [INFO] [1785703170.029826175] [planner_server]: Configuring
[planner_server-11] [INFO] [1785703170.029853324] [global_costmap.global_costmap]: Configuring
[planner_server-11] [INFO] [1785703170.040335632] [global_costmap.global_costmap]: Using plugin "static_layer"
[planner_server-11] [INFO] [1785703170.043644551] [global_costmap.global_costmap]: Subscribing to the map topic (/map) with transient local durability
[planner_server-11] [INFO] [1785703170.046213539] [global_costmap.global_costmap]: Initialized plugin "static_layer"
[planner_server-11] [INFO] [1785703170.046250725] [global_costmap.global_costmap]: Using plugin "inflation_layer"
[planner_server-11] [INFO] [1785703170.046759582] [global_costmap.global_costmap]: Initialized plugin "inflation_layer"
[planner_server-11] [INFO] [1785703170.068277696] [planner_server]: Created global planner plugin NavFnAStar of type nav2_navfn_planner::NavfnPlanner
[planner_server-11] [INFO] [1785703170.068333081] [planner_server]: Configuring plugin NavFnAStar of type NavfnPlanner
[planner_server-11] [INFO] [1785703170.069364477] [planner_server]: Created global planner plugin NavFnDijkstra of type nav2_navfn_planner::NavfnPlanner
[planner_server-11] [INFO] [1785703170.069421905] [planner_server]: Configuring plugin NavFnDijkstra of type NavfnPlanner
[planner_server-11] [INFO] [1785703170.070728055] [planner_server]: Created global planner plugin ThetaStar of type nav2_theta_star_planner::ThetaStarPlanner
[planner_server-11] [INFO] [1785703170.076675920] [planner_server]: Created global planner plugin Smac2D of type nav2_smac_planner::SmacPlanner2D
[planner_server-11] [INFO] [1785703170.076723855] [planner_server]: Configuring Smac2D of type SmacPlanner2D
[planner_server-11] [ERROR] [1785703170.077732759] [planner_server]: Inflation layer either not found or inflation is not set sufficiently for optimized non-circular collision checking capabilities. It is HIGHLY recommended to set the inflation radius to be at MINIMUM half of the robot's largest cross-section. See github.com/ros-planning/navigation2/tree/main/nav2_smac_planner#potential-fields for full instructions. This will substantially impact run-time performance.
[planner_server-11] [INFO] [1785703170.079184093] [planner_server]: Configured plugin Smac2D of type SmacPlanner2D with tolerance 0.10, maximum iterations 1000000, max on approach iterations 1000, and not allowing unknown traversal.
[planner_server-11] [INFO] [1785703170.080783559] [planner_server]: Created global planner plugin SmacHybrid of type nav2_smac_planner::SmacPlannerHybrid
[planner_server-11] [INFO] [1785703170.080838701] [planner_server]: Configuring SmacHybrid of type SmacPlannerHybrid
[planner_server-11] [INFO] [1785703170.081789796] [planner_server]: Even sized heuristic lookup table size set 160.000000, increasing size by 1 to make odd
[planner_server-11] [INFO] [1785703170.297483315] [planner_server]: Configured plugin SmacHybrid of type SmacPlannerHybrid with maximum iterations 1000000, max on approach iterations 1000, and not allowing unknown traversal. Tolerance 0.10.Using motion model: Dubin.
[planner_server-11] [INFO] [1785703170.297529083] [planner_server]: Planner Server has NavFnAStar NavFnDijkstra ThetaStar Smac2D SmacHybrid  planners available.
[lifecycle_manager-19] [INFO] [1785703170.309139446] [lifecycle_manager_navigation]: [34m[1mConfiguring route_server[0m[0m
[route_server-12] [INFO] [1785703170.309584060] [route_server]: Configuring
[route_server-12] [INFO] [1785703170.341091740] [route_server]: Created GraphFileLoader GeoJsonGraphFileLoader of type nav2_route::GeoJsonGraphFileLoader
[route_server-12] [INFO] [1785703170.341122889] [route_server]: Configuring geojson graph file loader
[route_server-12] [INFO] [1785703170.341129623] [route_server]: No graph file provided to load yet.
[route_server-12] [INFO] [1785703170.343309525] [route_server]: Created edge cost function plugin DistanceScorer of type nav2_route::DistanceScorer
[route_server-12] [INFO] [1785703170.343340834] [route_server]: Configuring distance scorer.
[route_server-12] [INFO] [1785703170.343489694] [route_server]: Created edge cost function plugin CostmapScorer of type nav2_route::CostmapScorer
[route_server-12] [INFO] [1785703170.343500538] [route_server]: Configuring costmap scorer.
[route_server-12] [INFO] [1785703170.346033192] [route_server]: Created route operation ReroutingService of type nav2_route::ReroutingService
[route_server-12] [INFO] [1785703170.346076283] [route_server]: Configuring Rerouting service operation.
[route_server-12] [INFO] [1785703170.348556600] [route_server]: Created route operation CollisionMonitor of type nav2_route::CollisionMonitor
[route_server-12] [INFO] [1785703170.348798258] [route_server]: Using costmap topic: local_costmap/costmap_raw instead of server costmap topic: global_costmap/costmap_raw for CollisionMonitor.
[lifecycle_manager-19] [INFO] [1785703170.352466413] [lifecycle_manager_navigation]: [34m[1mConfiguring behavior_server[0m[0m
[behavior_server-13] [INFO] [1785703170.352743301] [behavior_server]: Configuring
[behavior_server-13] [INFO] [1785703170.358151479] [behavior_server]: Creating behavior plugin spin of type nav2_behaviors::Spin
[behavior_server-13] [INFO] [1785703170.359158591] [behavior_server]: Creating behavior plugin backup of type nav2_behaviors::BackUp
[behavior_server-13] [INFO] [1785703170.359983105] [behavior_server]: Creating behavior plugin drive_on_heading of type nav2_behaviors::DriveOnHeading
[behavior_server-13] [INFO] [1785703170.361051446] [behavior_server]: Creating behavior plugin assisted_teleop of type nav2_behaviors::AssistedTeleop
[behavior_server-13] [INFO] [1785703170.362741772] [behavior_server]: Creating behavior plugin wait of type nav2_behaviors::Wait
[behavior_server-13] [INFO] [1785703170.371534960] [behavior_server]: Configuring spin
[behavior_server-13] [INFO] [1785703170.379399727] [behavior_server]: Configuring backup
[behavior_server-13] [INFO] [1785703170.384947661] [behavior_server]: Configuring drive_on_heading
[behavior_server-13] [INFO] [1785703170.390605995] [behavior_server]: Configuring assisted_teleop
[behavior_server-13] [INFO] [1785703170.399984185] [behavior_server]: Configuring wait
[lifecycle_manager-19] [INFO] [1785703170.406588655] [lifecycle_manager_navigation]: [34m[1mConfiguring velocity_smoother[0m[0m
[velocity_smoother-16] [INFO] [1785703170.406799729] [velocity_smoother]: Configuring velocity smoother
[lifecycle_manager-19] [INFO] [1785703170.413200209] [lifecycle_manager_navigation]: [34m[1mConfiguring collision_monitor[0m[0m
[collision_monitor-17] [INFO] [1785703170.413509389] [collision_monitor]: Configuring
[collision_monitor-17] [INFO] [1785703170.420155514] [collision_monitor]: [scan]: Creating Scan
[collision_monitor-17] [INFO] [1785703170.423072358] [collision_monitor]: [FootprintApproach]: Creating Polygon
[collision_monitor-17] [INFO] [1785703170.423677711] [collision_monitor]: [FootprintApproach]: Polygon points are not defined. Using dynamic subscription instead.
[collision_monitor-17] [INFO] [1785703170.424316392] [collision_monitor]: [FootprintApproach]: Making footprint subscriber on /local_costmap/published_footprint topic
[lifecycle_manager-19] [INFO] [1785703170.439421068] [lifecycle_manager_navigation]: [34m[1mConfiguring bt_navigator[0m[0m
[bt_navigator-14] [INFO] [1785703170.439757799] [bt_navigator]: Configuring
[bt_navigator-14] [INFO] [1785703170.447881763] [bt_navigator]: Creating navigator id navigate_to_pose of type nav2_bt_navigator::NavigateToPoseNavigator
[bt_navigator-14] [INFO] [1785703170.512679944] [bt_navigator]: Creating navigator id navigate_through_poses of type nav2_bt_navigator::NavigateThroughPosesNavigator
[lifecycle_manager-19] [INFO] [1785703170.536041738] [lifecycle_manager_navigation]: [34m[1mConfiguring waypoint_follower[0m[0m
[waypoint_follower-15] [INFO] [1785703170.536263439] [waypoint_follower]: Configuring
[waypoint_follower-15] [INFO] [1785703170.558367958] [waypoint_follower]: Created waypoint_task_executor : wait_at_waypoint of type nav2_waypoint_follower::WaitAtWaypoint
[lifecycle_manager-19] [INFO] [1785703170.559290970] [lifecycle_manager_navigation]: [34m[1mConfiguring docking_server[0m[0m
[opennav_docking-18] [INFO] [1785703170.559544781] [docking_server]: Configuring docking_server
[opennav_docking-18] [INFO] [1785703170.559578358] [docking_server]: Controller frequency set to 50.0000Hz
[opennav_docking-18] [INFO] [1785703170.590375071] [docking_server]: Created charging dock plugin simple_charging_dock of type opennav_docking::SimpleChargingDock
[opennav_docking-18] [WARN] [1785703170.593447218] [docking_server]: Dock database filepath nor dock parameters set. Docking actions can only be executed specifying the dock pose via the action request. Or update the dock database via the reload_database service.
[opennav_docking-18] [INFO] [1785703170.593487599] [docking_server]: Docking Server has 1 dock types and 0 dock instances available.
[lifecycle_manager-19] [INFO] [1785703170.596014070] [lifecycle_manager_navigation]: [34m[1mActivating controller_server[0m[0m
[controller_server-9] [INFO] [1785703170.596230341] [controller_server]: Activating
[controller_server-9] [INFO] [1785703170.596259846] [local_costmap.local_costmap]: Activating
[controller_server-9] [INFO] [1785703170.596265134] [local_costmap.local_costmap]: Checking transform
[controller_server-9] [INFO] [1785703170.596379121] [local_costmap.local_costmap]: start
[controller_server-9] [INFO] [1785703170.797154182] [controller_server]: Activating controller: FollowPath of type regulated_pure_pursuit_controller::RegulatedPurePursuitController
[controller_server-9] [INFO] [1785703170.797200244] [controller_server]: Creating bond (controller_server) to lifecycle manager.
[lifecycle_manager-19] [INFO] [1785703170.906330677] [lifecycle_manager_navigation]: Server controller_server connected with bond.
[lifecycle_manager-19] [INFO] [1785703170.906379534] [lifecycle_manager_navigation]: [34m[1mActivating smoother_server[0m[0m
[smoother_server-10] [INFO] [1785703170.906634231] [smoother_server]: Activating
[smoother_server-10] [INFO] [1785703170.906674706] [smoother_server]: Activating smoother: constrained of type nav2_constrained_smoother::ConstrainedSmoother
[smoother_server-10] [INFO] [1785703170.906684056] [smoother_server]: Creating bond (smoother_server) to lifecycle manager.
[lifecycle_manager-19] [INFO] [1785703171.013036056] [lifecycle_manager_navigation]: Server smoother_server connected with bond.
[lifecycle_manager-19] [INFO] [1785703171.013083006] [lifecycle_manager_navigation]: [34m[1mActivating planner_server[0m[0m
[planner_server-11] [INFO] [1785703171.013426637] [planner_server]: Activating
[planner_server-11] [INFO] [1785703171.013476096] [global_costmap.global_costmap]: Activating
[planner_server-11] [INFO] [1785703171.013487872] [global_costmap.global_costmap]: Checking transform
[planner_server-11] [INFO] [1785703171.013531991] [global_costmap.global_costmap]: Timed out waiting for transform from base_link to map to become available, tf error: Invalid frame ID "map" passed to canTransform argument target_frame - frame does not exist
[planner_server-11] [INFO] [1785703171.513597674] [global_costmap.global_costmap]: Timed out waiting for transform from base_link to map to become available, tf error: Invalid frame ID "map" passed to canTransform argument target_frame - frame does not exist
[planner_server-11] [INFO] [1785703172.013856109] [global_costmap.global_costmap]: Timed out waiting for transform from base_link to map to become available, tf error: Invalid frame ID "map" passed to canTransform argument target_frame - frame does not exist
[planner_server-11] [INFO] [1785703172.513579598] [global_costmap.global_costmap]: Timed out waiting for transform from base_link to map to become available, tf error: Invalid frame ID "map" passed to canTransform argument target_frame - frame does not exist
[planner_server-11] [INFO] [1785703173.013627139] [global_costmap.global_costmap]: Timed out waiting for transform from base_link to map to become available, tf error: Invalid frame ID "map" passed to canTransform argument target_frame - frame does not exist
[planner_server-11] [INFO] [1785703173.513591773] [global_costmap.global_costmap]: Timed out waiting for transform from base_link to map to become available, tf error: Invalid frame ID "map" passed to canTransform argument target_frame - frame does not exist
[planner_server-11] [INFO] [1785703174.013617948] [global_costmap.global_costmap]: Timed out waiting for transform from base_link to map to become available, tf error: Invalid frame ID "map" passed to canTransform argument target_frame - frame does not exist
[planner_server-11] [INFO] [1785703174.513594723] [global_costmap.global_costmap]: Timed out waiting for transform from base_link to map to become available, tf error: Invalid frame ID "map" passed to canTransform argument target_frame - frame does not exist
[planner_server-11] [INFO] [1785703175.013596857] [global_costmap.global_costmap]: Timed out waiting for transform from base_link to map to become available, tf error: Invalid frame ID "map" passed to canTransform argument target_frame - frame does not exist
[planner_server-11] [INFO] [1785703175.513602716] [global_costmap.global_costmap]: Timed out waiting for transform from base_link to map to become available, tf error: Invalid frame ID "map" passed to canTransform argument target_frame - frame does not exist
[planner_server-11] [INFO] [1785703176.013620525] [global_costmap.global_costmap]: Timed out waiting for transform from base_link to map to become available, tf error: Invalid frame ID "map" passed to canTransform argument target_frame - frame does not exist
[planner_server-11] [INFO] [1785703176.513596458] [global_costmap.global_costmap]: Timed out waiting for transform from base_link to map to become available, tf error: Invalid frame ID "map" passed to canTransform argument target_frame - frame does not exist
[planner_server-11] [INFO] [1785703177.013579686] [global_costmap.global_costmap]: Timed out waiting for transform from base_link to map to become available, tf error: Invalid frame ID "map" passed to canTransform argument target_frame - frame does not exist
[planner_server-11] [INFO] [1785703177.513599762] [global_costmap.global_costmap]: Timed out waiting for transform from base_link to map to become available, tf error: Invalid frame ID "map" passed to canTransform argument target_frame - frame does not exist
[planner_server-11] [INFO] [1785703178.013573944] [global_costmap.global_costmap]: Timed out waiting for transform from base_link to map to become available, tf error: Invalid frame ID "map" passed to canTransform argument target_frame - frame does not exist
[planner_server-11] [INFO] [1785703178.513586650] [global_costmap.global_costmap]: Timed out waiting for transform from base_link to map to become available, tf error: Invalid frame ID "map" passed to canTransform argument target_frame - frame does not exist
[planner_server-11] [INFO] [1785703179.013572746] [global_costmap.global_costmap]: Timed out waiting for transform from base_link to map to become available, tf error: Invalid frame ID "map" passed to canTransform argument target_frame - frame does not exist
[planner_server-11] [INFO] [1785703179.513604879] [global_costmap.global_costmap]: Timed out waiting for transform from base_link to map to become available, tf error: Invalid frame ID "map" passed to canTransform argument target_frame - frame does not exist
[planner_server-11] [INFO] [1785703180.013621638] [global_costmap.global_costmap]: Timed out waiting for transform from base_link to map to become available, tf error: Invalid frame ID "map" passed to canTransform argument target_frame - frame does not exist
[planner_server-11] [INFO] [1785703180.513592774] [global_costmap.global_costmap]: Timed out waiting for transform from base_link to map to become available, tf error: Invalid frame ID "map" passed to canTransform argument target_frame - frame does not exist
[planner_server-11] [INFO] [1785703181.037926397] [global_costmap.global_costmap]: Timed out waiting for transform from base_link to map to become available, tf error: Invalid frame ID "map" passed to canTransform argument target_frame - frame does not exist
[planner_server-11] [ERROR] [1785703181.037983424] [global_costmap.global_costmap]: Failed to activate global_costmap because transform from base_link to map did not become available before timeout
[lifecycle_manager-19] [ERROR] [1785703181.038679146] [lifecycle_manager_navigation]: Failed to change state for node: planner_server
[lifecycle_manager-19] [ERROR] [1785703181.038735147] [lifecycle_manager_navigation]: Failed to bring up all requested nodes. Aborting bringup.
[execution_trial-5] [ERROR] [1785703229.691605367] [execution_trial]: Execution trial failed: Nav2 did not reach the fully active state
[execution_trial-5] Traceback (most recent call last):
[execution_trial-5]   File "/home/linh-pham/agv_nav2_research_ws_bao/install/adaptive_pivot_g2_benchmark/lib/adaptive_pivot_g2_benchmark/execution_trial", line 33, in <module>
[execution_trial-5]     sys.exit(load_entry_point('adaptive-pivot-g2-benchmark', 'console_scripts', 'execution_trial')())
[execution_trial-5]              ^^^^^^^^^^^^^^^^^^^^^^^^^^^^^^^^^^^^^^^^^^^^^^^^^^^^^^^^^^^^^^^^^^^^^^^^^^^^^^^^^^^^^^^
[execution_trial-5]   File "/home/linh-pham/agv_nav2_research_ws_bao/build/adaptive_pivot_g2_benchmark/adaptive_pivot_g2_benchmark/execution_trial.py", line 1166, in main
[execution_trial-5]     node.run()
[execution_trial-5]   File "/home/linh-pham/agv_nav2_research_ws_bao/build/adaptive_pivot_g2_benchmark/adaptive_pivot_g2_benchmark/execution_trial.py", line 680, in run
[execution_trial-5]     self._wait_for_system()
[execution_trial-5]   File "/home/linh-pham/agv_nav2_research_ws_bao/build/adaptive_pivot_g2_benchmark/adaptive_pivot_g2_benchmark/execution_trial.py", line 426, in _wait_for_system
[execution_trial-5]     raise RuntimeError('Nav2 did not reach the fully active state')
[execution_trial-5] RuntimeError: Nav2 did not reach the fully active state
[ERROR] [execution_trial-5]: process has died [pid 173209, exit code 1, cmd '/home/linh-pham/agv_nav2_research_ws_bao/install/adaptive_pivot_g2_benchmark/lib/adaptive_pivot_g2_benchmark/execution_trial --ros-args -r __node:=execution_trial --params-file /tmp/launch_params_c07gs1bc'].
[INFO] [lifecycle_manager-19]: sending signal 'SIGINT' to process[lifecycle_manager-19]
[INFO] [opennav_docking-18]: sending signal 'SIGINT' to process[opennav_docking-18]
[INFO] [collision_monitor-17]: sending signal 'SIGINT' to process[collision_monitor-17]
[INFO] [velocity_smoother-16]: sending signal 'SIGINT' to process[velocity_smoother-16]
[INFO] [waypoint_follower-15]: sending signal 'SIGINT' to process[waypoint_follower-15]
[INFO] [bt_navigator-14]: sending signal 'SIGINT' to process[bt_navigator-14]
[INFO] [behavior_server-13]: sending signal 'SIGINT' to process[behavior_server-13]
[INFO] [route_server-12]: sending signal 'SIGINT' to process[route_server-12]
[INFO] [planner_server-11]: sending signal 'SIGINT' to process[planner_server-11]
[INFO] [smoother_server-10]: sending signal 'SIGINT' to process[smoother_server-10]
[INFO] [controller_server-9]: sending signal 'SIGINT' to process[controller_server-9]
[INFO] [lifecycle_manager-8]: sending signal 'SIGINT' to process[lifecycle_manager-8]
[INFO] [amcl-7]: sending signal 'SIGINT' to process[amcl-7]
[INFO] [map_server-6]: sending signal 'SIGINT' to process[map_server-6]
[INFO] [robot_state_publisher-4]: sending signal 'SIGINT' to process[robot_state_publisher-4]
[INFO] [parameter_bridge-3]: sending signal 'SIGINT' to process[parameter_bridge-3]
[INFO] [gazebo-1]: sending signal 'SIGINT' to process[gazebo-1]
[lifecycle_manager-19] [INFO] [1785703229.989958621] [rclcpp]: signal_handler(SIGINT/SIGTERM)
[lifecycle_manager-19] [INFO] [1785703229.990064475] [lifecycle_manager_navigation]: Running Nav2 LifecycleManager rcl preshutdown (lifecycle_manager_navigation)
[opennav_docking-18] [INFO] [1785703229.996353417] [rclcpp]: signal_handler(SIGINT/SIGTERM)
[opennav_docking-18] [INFO] [1785703229.996529646] [docking_server]: Running Nav2 LifecycleNode rcl preshutdown (docking_server)
[opennav_docking-18] [INFO] [1785703229.996672264] [docking_server]: Cleaning up docking_server
[collision_monitor-17] [INFO] [1785703230.005092074] [rclcpp]: signal_handler(SIGINT/SIGTERM)
[collision_monitor-17] [INFO] [1785703230.005286484] [collision_monitor]: Running Nav2 LifecycleNode rcl preshutdown (collision_monitor)
[collision_monitor-17] [INFO] [1785703230.005403076] [collision_monitor]: Cleaning up
[collision_monitor-17] [INFO] [1785703230.005443891] [collision_monitor]: [FootprintApproach]: Destroying Polygon
[collision_monitor-17] [INFO] [1785703230.005467976] [collision_monitor]: [scan]: Destroying Scan
[velocity_smoother-16] [INFO] [1785703230.012095795] [rclcpp]: signal_handler(SIGINT/SIGTERM)
[velocity_smoother-16] [INFO] [1785703230.012269436] [velocity_smoother]: Running Nav2 LifecycleNode rcl preshutdown (velocity_smoother)
[velocity_smoother-16] [INFO] [1785703230.012387313] [velocity_smoother]: Cleaning up
[velocity_smoother-16] [INFO] [1785703230.012427964] [velocity_smoother]: Destroying bond (velocity_smoother) to lifecycle manager.
[waypoint_follower-15] [INFO] [1785703230.017535144] [rclcpp]: signal_handler(SIGINT/SIGTERM)
[waypoint_follower-15] [INFO] [1785703230.017669967] [waypoint_follower]: Running Nav2 LifecycleNode rcl preshutdown (waypoint_follower)
[waypoint_follower-15] [INFO] [1785703230.017762096] [waypoint_follower]: Cleaning up
[collision_monitor-17] [INFO] [1785703230.020026948] [collision_monitor]: Destroying bond (collision_monitor) to lifecycle manager.
[bt_navigator-14] [INFO] [1785703230.022569650] [rclcpp]: signal_handler(SIGINT/SIGTERM)
[bt_navigator-14] [INFO] [1785703230.022701775] [bt_navigator]: Running Nav2 LifecycleNode rcl preshutdown (bt_navigator)
[bt_navigator-14] [INFO] [1785703230.022795295] [bt_navigator]: Cleaning up
[behavior_server-13] [INFO] [1785703230.027832129] [rclcpp]: signal_handler(SIGINT/SIGTERM)
[behavior_server-13] [INFO] [1785703230.027977344] [behavior_server]: Running Nav2 LifecycleNode rcl preshutdown (behavior_server)
[behavior_server-13] [INFO] [1785703230.028081221] [behavior_server]: Cleaning up
[velocity_smoother-16] [INFO] [1785703230.029689889] [velocity_smoother]: Destroying
[waypoint_follower-15] [INFO] [1785703230.030304693] [waypoint_follower]: Destroying bond (waypoint_follower) to lifecycle manager.
[route_server-12] [INFO] [1785703230.031229057] [rclcpp]: signal_handler(SIGINT/SIGTERM)
[route_server-12] [INFO] [1785703230.031356546] [route_server]: Running Nav2 LifecycleNode rcl preshutdown (route_server)
[route_server-12] [INFO] [1785703230.031444582] [route_server]: Cleaning up
[opennav_docking-18] [INFO] [1785703230.034654838] [docking_server]: Destroying bond (docking_server) to lifecycle manager.
[smoother_server-10] [INFO] [1785703230.037249518] [rclcpp]: signal_handler(SIGINT/SIGTERM)
[smoother_server-10] [INFO] [1785703230.037362875] [smoother_server]: Running Nav2 LifecycleNode rcl preshutdown (smoother_server)
[smoother_server-10] [INFO] [1785703230.037421552] [smoother_server]: Deactivating
[smoother_server-10] [INFO] [1785703230.037463276] [smoother_server]: Deactivating smoother: constrained of type nav2_constrained_smoother::ConstrainedSmoother
[smoother_server-10] [INFO] [1785703230.037478019] [smoother_server]: Destroying bond (smoother_server) to lifecycle manager.
[collision_monitor-17] [INFO] [1785703230.040030765] [collision_monitor]: Destroying
[controller_server-9] [INFO] [1785703230.042370145] [rclcpp]: signal_handler(SIGINT/SIGTERM)
[controller_server-9] [INFO] [1785703230.042491438] [controller_server]: Running Nav2 LifecycleNode rcl preshutdown (controller_server)
[controller_server-9] [INFO] [1785703230.042614046] [controller_server]: Deactivating
[controller_server-9] [INFO] [1785703230.042630125] [controller_server]: Deactivating controller: FollowPath of type regulated_pure_pursuit_controller::RegulatedPurePursuitController
[controller_server-9] [INFO] [1785703230.042666605] [local_costmap.local_costmap]: Deactivating
[planner_server-11] [INFO] [1785703230.043408290] [rclcpp]: signal_handler(SIGINT/SIGTERM)
[planner_server-11] [INFO] [1785703230.043558976] [planner_server]: Running Nav2 LifecycleNode rcl preshutdown (planner_server)
[planner_server-11] [INFO] [1785703230.043614689] [planner_server]: Cleaning up
[lifecycle_manager-8] [INFO] [1785703230.043649794] [rclcpp]: signal_handler(SIGINT/SIGTERM)
[lifecycle_manager-8] [INFO] [1785703230.043692913] [lifecycle_manager_localization]: Running Nav2 LifecycleManager rcl preshutdown (lifecycle_manager_localization)
[opennav_docking-18] [INFO] [1785703230.048487530] [docking_server]: Destroying
[amcl-7] [INFO] [1785703230.049915581] [rclcpp]: signal_handler(SIGINT/SIGTERM)
[amcl-7] [INFO] [1785703230.050013619] [amcl]: Running Nav2 LifecycleNode rcl preshutdown (amcl)
[amcl-7] [INFO] [1785703230.050053140] [amcl]: Destroying bond (amcl) to lifecycle manager.
[map_server-6] [INFO] [1785703230.050785946] [rclcpp]: signal_handler(SIGINT/SIGTERM)
[map_server-6] [INFO] [1785703230.050890134] [map_server]: Running Nav2 LifecycleNode rcl preshutdown (map_server)
[map_server-6] [INFO] [1785703230.050933005] [map_server]: Cleaning up
[map_server-6] [INFO] [1785703230.050960853] [map_server]: Destroying bond (map_server) to lifecycle manager.
[smoother_server-10] [INFO] [1785703230.050880863] [smoother_server]: Cleaning up
[smoother_server-10] [INFO] [1785703230.051056576] [smoother_server]: Cleaning up smoother: constrained of type nav2_constrained_smoother::ConstrainedSmoother
[robot_state_publisher-4] [INFO] [1785703230.052494292] [rclcpp]: signal_handler(SIGINT/SIGTERM)
[waypoint_follower-15] [INFO] [1785703230.052902677] [waypoint_follower]: Destroying
[route_server-12] [INFO] [1785703230.055783496] [route_server]: Destroying bond (route_server) to lifecycle manager.
[parameter_bridge-3] [INFO] [1785703230.055896176] [rclcpp]: signal_handler(SIGINT/SIGTERM)
[amcl-7] [INFO] [1785703230.057160486] [amcl]: Destroying
[map_server-6] [INFO] [1785703230.057592373] [map_server]: Destroying
[behavior_server-13] [INFO] [1785703230.065325666] [behavior_server]: Destroying bond (behavior_server) to lifecycle manager.
[smoother_server-10] [INFO] [1785703230.072075846] [smoother_server]: Destroying bond (smoother_server) to lifecycle manager.
[lifecycle_manager-19] [INFO] [1785703230.073948255] [lifecycle_manager_navigation]: Destroying lifecycle_manager_navigation
[bt_navigator-14] [INFO] [1785703230.075219178] [bt_navigator]: Completed Cleaning up
[bt_navigator-14] [INFO] [1785703230.075286126] [bt_navigator]: Destroying bond (bt_navigator) to lifecycle manager.
[planner_server-11] [INFO] [1785703230.077330321] [global_costmap.global_costmap]: Cleaning up
[route_server-12] [INFO] [1785703230.077389850] [route_server]: Destroying
[smoother_server-10] [INFO] [1785703230.083798933] [smoother_server]: Destroying
[planner_server-11] [INFO] [1785703230.094424141] [planner_server]: Cleaning up plugin Smac2D of type SmacPlanner2D
[planner_server-11] [INFO] [1785703230.094620363] [planner_server]: CleaningUp plugin ThetaStar of type nav2_theta_star_planner
[planner_server-11] [INFO] [1785703230.094641192] [planner_server]: Cleaning up plugin SmacHybrid of type SmacPlannerHybrid
[planner_server-11] [INFO] [1785703230.094741084] [planner_server]: Cleaning up plugin NavFnDijkstra of type NavfnPlanner
[planner_server-11] [INFO] [1785703230.094847406] [planner_server]: Cleaning up plugin NavFnAStar of type NavfnPlanner
[planner_server-11] [INFO] [1785703230.094864466] [planner_server]: Destroying plugin Smac2D of type SmacPlanner2D
[planner_server-11] [INFO] [1785703230.094883336] [planner_server]: Destroying plugin SmacHybrid of type SmacPlannerHybrid
[planner_server-11] [INFO] [1785703230.094894891] [planner_server]: Destroying plugin NavFnDijkstra of type NavfnPlanner
[planner_server-11] [INFO] [1785703230.094901686] [planner_server]: Destroying plugin NavFnAStar of type NavfnPlanner
[behavior_server-13] [INFO] [1785703230.097040163] [behavior_server]: Destroying
[bt_navigator-14] [INFO] [1785703230.097774917] [bt_navigator]: Destroying
[planner_server-11] [INFO] [1785703230.100796176] [planner_server]: Destroying bond (planner_server) to lifecycle manager.
[planner_server-11] [INFO] [1785703230.102882043] [global_costmap.global_costmap]: Destroying
[planner_server-11] [INFO] [1785703230.106855621] [planner_server]: Destroying
[INFO] [robot_state_publisher-4]: process has finished cleanly [pid 173208]
[INFO] [velocity_smoother-16]: process has finished cleanly [pid 173424]
[controller_server-9] [INFO] [1785703230.198953173] [controller_server]: Destroying bond (controller_server) to lifecycle manager.
[INFO] [parameter_bridge-3]: process has finished cleanly [pid 173206]
[INFO] [opennav_docking-18]: process has finished cleanly [pid 173430]
[INFO] [collision_monitor-17]: process has finished cleanly [pid 173425]
[INFO] [amcl-7]: process has finished cleanly [pid 173413]
[INFO] [waypoint_follower-15]: process has finished cleanly [pid 173423]
[INFO] [map_server-6]: process has finished cleanly [pid 173412]
[INFO] [lifecycle_manager-19]: process has finished cleanly [pid 173433]
[INFO] [route_server-12]: process has finished cleanly [pid 173418]
[controller_server-9] [INFO] [1785703230.209287827] [controller_server]: Cleaning up
[controller_server-9] [INFO] [1785703230.209338401] [controller_server]: Cleaning up controller: FollowPath of type regulated_pure_pursuit_controller::RegulatedPurePursuitController
[controller_server-9] [INFO] [1785703230.209453614] [local_costmap.local_costmap]: Cleaning up
[INFO] [smoother_server-10]: process has finished cleanly [pid 173416]
[INFO] [behavior_server-13]: process has finished cleanly [pid 173419]
[INFO] [bt_navigator-14]: process has finished cleanly [pid 173422]
[INFO] [planner_server-11]: process has finished cleanly [pid 173417]
[controller_server-9] [INFO] [1785703230.228453499] [controller_server]: Destroying bond (controller_server) to lifecycle manager.
[controller_server-9] [INFO] [1785703230.233837443] [local_costmap.local_costmap]: Destroying
[controller_server-9] [INFO] [1785703230.236460071] [controller_server]: Destroying
[INFO] [controller_server-9]: process has finished cleanly [pid 173415]
[ERROR] [lifecycle_manager-8]: process[lifecycle_manager-8] failed to terminate '5' seconds after receiving 'SIGINT', escalating to 'SIGTERM'
[ERROR] [gazebo-1]: process[gazebo-1] failed to terminate '5' seconds after receiving 'SIGINT', escalating to 'SIGTERM'
[INFO] [lifecycle_manager-8]: sending signal 'SIGTERM' to process[lifecycle_manager-8]
[INFO] [gazebo-1]: sending signal 'SIGTERM' to process[gazebo-1]
[ERROR] [gazebo-1]: process has died [pid 173204, exit code -15, cmd 'ruby /opt/ros/jazzy/opt/gz_tools_vendor/bin/gz sim -r -s -v 3 --initial-sim-time 0.0 /home/linh-pham/agv_nav2_research_ws_bao/install/vacuum_robot_gazebo/share/vacuum_robot_gazebo/worlds/warehouse_long_aisles.sdf --force-version 8'].
[ERROR] [lifecycle_manager-8]: process[lifecycle_manager-8] failed to terminate '10.0' seconds after receiving 'SIGTERM', escalating to 'SIGKILL'
[INFO] [lifecycle_manager-8]: sending signal 'SIGKILL' to process[lifecycle_manager-8]
[ERROR] [lifecycle_manager-8]: process has died [pid 173414, exit code -9, cmd '/opt/ros/jazzy/lib/nav2_lifecycle_manager/lifecycle_manager --ros-args --log-level info --ros-args -r __node:=lifecycle_manager_localization -p use_sim_time:=True --params-file /tmp/launch_params_q8quw0t5 --params-file /tmp/launch_params_s00msm5b'].
=== infrastructure attempt 2 ===
[INFO] [launch]: All log files can be found below /home/linh-pham/.ros/log/2026-08-03-03-40-40-843663-linh-pham-LOQ-15IAX9-174270
[INFO] [launch]: Default logging verbosity is set to INFO
[INFO] [gazebo-1]: process started with pid [174299]
[INFO] [create-2]: process started with pid [174300]
[INFO] [parameter_bridge-3]: process started with pid [174301]
[INFO] [robot_state_publisher-4]: process started with pid [174303]
[INFO] [execution_trial-5]: process started with pid [174304]
[robot_state_publisher-4] [INFO] [1785703241.611759420] [robot_state_publisher]: Robot initialized
[gazebo-1] [1;32m[Msg] [0m[1;32mGazebo Sim Server v[0m[1;32m8.11.0[0m[1;32m[0m
[gazebo-1] [1;32m[Msg] [0m[1;32mLoading SDF world file[[0m[1;32m/home/linh-pham/agv_nav2_research_ws_bao/install/vacuum_robot_gazebo/share/vacuum_robot_gazebo/worlds/warehouse_long_aisles.sdf[0m[1;32m].[0m
[gazebo-1] [1;32m[Msg] [0m[1;32mServing entity system service on [[0m[1;32m/[0m[1;32mentity/system/add[0m[1;32m][0m[1;32m[0m
[gazebo-1] [1;32m[Msg] [0m[1;32mCreate[0m[1;32m service on [[0m[1;32m/world/warehouse_long_aisles/create_multiple[0m[1;32m] (async)[0m[1;32m[0m
[gazebo-1] [1;32m[Msg] [0m[1;32mCreate[0m[1;32m service on [[0m[1;32m/world/warehouse_long_aisles/create_multiple/blocking[0m[1;32m] (blocking)[0m[1;32m[0m
[gazebo-1] [1;32m[Msg] [0m[1;32mRemove[0m[1;32m service on [[0m[1;32m/world/warehouse_long_aisles/remove[0m[1;32m] (async)[0m[1;32m[0m
[gazebo-1] [1;32m[Msg] [0m[1;32mRemove[0m[1;32m service on [[0m[1;32m/world/warehouse_long_aisles/remove/blocking[0m[1;32m] (blocking)[0m[1;32m[0m
[gazebo-1] [1;32m[Msg] [0m[1;32mPose[0m[1;32m service on [[0m[1;32m/world/warehouse_long_aisles/set_pose[0m[1;32m] (async)[0m[1;32m[0m
[gazebo-1] [1;32m[Msg] [0m[1;32mPose[0m[1;32m service on [[0m[1;32m/world/warehouse_long_aisles/set_pose/blocking[0m[1;32m] (blocking)[0m[1;32m[0m
[gazebo-1] [1;32m[Msg] [0m[1;32mPose[0m[1;32m service on [[0m[1;32m/world/warehouse_long_aisles/set_pose_vector[0m[1;32m] (async)[0m[1;32m[0m
[gazebo-1] [1;32m[Msg] [0m[1;32mPose[0m[1;32m service on [[0m[1;32m/world/warehouse_long_aisles/set_pose_vector/blocking[0m[1;32m] (blocking)[0m[1;32m[0m
[gazebo-1] [1;32m[Msg] [0m[1;32mLight configuration[0m[1;32m service on [[0m[1;32m/world/warehouse_long_aisles/light_config[0m[1;32m] (async)[0m[1;32m[0m
[gazebo-1] [1;32m[Msg] [0m[1;32mLight configuration[0m[1;32m service on [[0m[1;32m/world/warehouse_long_aisles/light_config/blocking[0m[1;32m] (blocking)[0m[1;32m[0m
[gazebo-1] [1;32m[Msg] [0m[1;32mPhysics[0m[1;32m service on [[0m[1;32m/world/warehouse_long_aisles/set_physics[0m[1;32m] (async)[0m[1;32m[0m
[gazebo-1] [1;32m[Msg] [0m[1;32mPhysics[0m[1;32m service on [[0m[1;32m/world/warehouse_long_aisles/set_physics/blocking[0m[1;32m] (blocking)[0m[1;32m[0m
[gazebo-1] [1;32m[Msg] [0m[1;32mSphericalCoordinates[0m[1;32m service on [[0m[1;32m/world/warehouse_long_aisles/set_spherical_coordinates[0m[1;32m] (async)[0m[1;32m[0m
[gazebo-1] [1;32m[Msg] [0m[1;32mSphericalCoordinates[0m[1;32m service on [[0m[1;32m/world/warehouse_long_aisles/set_spherical_coordinates/blocking[0m[1;32m] (blocking)[0m[1;32m[0m
[gazebo-1] [1;32m[Msg] [0m[1;32mEnable collision[0m[1;32m service on [[0m[1;32m/world/warehouse_long_aisles/enable_collision[0m[1;32m] (async)[0m[1;32m[0m
[gazebo-1] [1;32m[Msg] [0m[1;32mEnable collision[0m[1;32m service on [[0m[1;32m/world/warehouse_long_aisles/enable_collision/blocking[0m[1;32m] (blocking)[0m[1;32m[0m
[gazebo-1] [1;32m[Msg] [0m[1;32mDisable collision[0m[1;32m service on [[0m[1;32m/world/warehouse_long_aisles/disable_collision[0m[1;32m] (async)[0m[1;32m[0m
[gazebo-1] [1;32m[Msg] [0m[1;32mDisable collision[0m[1;32m service on [[0m[1;32m/world/warehouse_long_aisles/disable_collision/blocking[0m[1;32m] (blocking)[0m[1;32m[0m
[gazebo-1] [1;32m[Msg] [0m[1;32mMaterial[0m[1;32m service on [[0m[1;32m/world/warehouse_long_aisles/visual_config[0m[1;32m] (async)[0m[1;32m[0m
[gazebo-1] [1;32m[Msg] [0m[1;32mMaterial[0m[1;32m service on [[0m[1;32m/world/warehouse_long_aisles/visual_config/blocking[0m[1;32m] (blocking)[0m[1;32m[0m
[gazebo-1] [1;32m[Msg] [0m[1;32mMaterial[0m[1;32m service on [[0m[1;32m/world/warehouse_long_aisles/wheel_slip[0m[1;32m] (async)[0m[1;32m[0m
[gazebo-1] [1;32m[Msg] [0m[1;32mMaterial[0m[1;32m service on [[0m[1;32m/world/warehouse_long_aisles/wheel_slip/blocking[0m[1;32m] (blocking)[0m[1;32m[0m
[gazebo-1] [1;32m[Msg] [0m[1;32mLoaded level [[0m[1;32mdefault[0m[1;32m][0m[1;32m[0m
[create-2] [INFO] [1785703242.070050721] [spawn_vacuum_robot]: Entity creation successful.
[INFO] [create-2]: process has finished cleanly [pid 174300]
[parameter_bridge-3] [INFO] [1785703242.632613990] [ros_gz_bridge]: Creating GZ->ROS Bridge: [/clock (gz.msgs.Clock) -> /clock (rosgraph_msgs/msg/Clock)] (Lazy 0)
[parameter_bridge-3] [INFO] [1785703242.633466980] [ros_gz_bridge]: Creating GZ->ROS Bridge: [/joint_states (gz.msgs.Model) -> /joint_states (sensor_msgs/msg/JointState)] (Lazy 0)
[parameter_bridge-3] [INFO] [1785703242.635691076] [ros_gz_bridge]: Creating GZ->ROS Bridge: [/odom (gz.msgs.Odometry) -> /odom (nav_msgs/msg/Odometry)] (Lazy 0)
[parameter_bridge-3] [INFO] [1785703242.637213026] [ros_gz_bridge]: Creating GZ->ROS Bridge: [/tf (gz.msgs.Pose_V) -> /tf (tf2_msgs/msg/TFMessage)] (Lazy 0)
[parameter_bridge-3] [INFO] [1785703242.638469105] [ros_gz_bridge]: Creating GZ->ROS Bridge: [/scan (gz.msgs.LaserScan) -> /scan (sensor_msgs/msg/LaserScan)] (Lazy 0)
[parameter_bridge-3] [INFO] [1785703242.638943703] [ros_gz_bridge]: Creating GZ->ROS Bridge: [/imu/data (gz.msgs.IMU) -> /imu/data (sensor_msgs/msg/Imu)] (Lazy 0)
[parameter_bridge-3] [INFO] [1785703242.639357539] [ros_gz_bridge]: Creating ROS->GZ Bridge: [/cmd_vel (geometry_msgs/msg/Twist) -> /cmd_vel (gz.msgs.Twist)] (Lazy 0)
[parameter_bridge-3] [INFO] [1785703242.640037410] [ros_gz_bridge]: Creating GZ->ROS Bridge: [/ground_truth/odom (gz.msgs.Odometry) -> /ground_truth/odom (nav_msgs/msg/Odometry)] (Lazy 0)
[gazebo-1] [1;32m[Msg] [0m[1;32mServing world controls on [[0m[1;32m/world/warehouse_long_aisles[0m[1;32m/control], [[0m[1;32m/world/warehouse_long_aisles[0m[1;32m/control/state] and [[0m[1;32m/world/warehouse_long_aisles[0m[1;32m/playback/control][0m[1;32m[0m
[gazebo-1] [1;32m[Msg] [0m[1;32mServing GUI information on [[0m[1;32m/world/warehouse_long_aisles[0m[1;32m/[0m[1;32mgui/info[0m[1;32m][0m[1;32m[0m
[gazebo-1] [1;32m[Msg] [0m[1;32mWorld [[0m[1;32mwarehouse_long_aisles[0m[1;32m] initialized with [[0m[1;32mresearch_physics[0m[1;32m] physics profile.[0m[1;32m[0m
[gazebo-1] [1;32m[Msg] [0m[1;32mServing world SDF generation service on [[0m[1;32m/world/warehouse_long_aisles[0m[1;32m/[0m[1;32mgenerate_world_sdf[0m[1;32m][0m[1;32m[0m
[gazebo-1] [1;32m[Msg] [0m[1;32mServing world names on [[0m[1;32m/gazebo/worlds[0m[1;32m][0m[1;32m[0m
[gazebo-1] [1;32m[Msg] [0m[1;32mResource path add service on [[0m[1;32m/gazebo/resource_paths/add[0m[1;32m].[0m[1;32m[0m
[gazebo-1] [1;32m[Msg] [0m[1;32mResource path get service on [[0m[1;32m/gazebo/resource_paths/get[0m[1;32m].[0m[1;32m[0m
[gazebo-1] [1;32m[Msg] [0m[1;32mResource path resolve service on [[0m[1;32m/gazebo/resource_paths/resolve[0m[1;32m].[0m[1;32m[0m
[gazebo-1] [1;32m[Msg] [0m[1;32mResource paths published on [[0m[1;32m/gazebo/resource_paths[0m[1;32m].[0m[1;32m[0m
[gazebo-1] [1;32m[Msg] [0m[1;32mServer control service on [[0m[1;32m/server_control[0m[1;32m].[0m[1;32m[0m
[gazebo-1] [1;32m[Msg] [0m[1;32mFound no publishers on /stats, adding root stats topic[0m[1;32m[0m
[gazebo-1] [1;32m[Msg] [0m[1;32mFound no publishers on /clock, adding root clock topic[0m[1;32m[0m
[gazebo-1] [1;33mWarning [Utils.cc:132][0m [/sdf/model[@name="vacuum_robot"]/link[@name="base_link"]/sensor[@name="rplidar_a1m8"]/gz_frame_id:/home/linh-pham/agv_nav2_research_ws_bao/install/vacuum_robot_gazebo/share/vacuum_robot_gazebo/models/vacuum_robot/model.sdf:L107]: XML Element[gz_frame_id], child of element[sensor], not defined in SDF. Copying[gz_frame_id] as children of [sensor].
[gazebo-1] [1;33mWarning [Utils.cc:132][0m [/sdf/model[@name="vacuum_robot"]/link[@name="base_link"]/sensor[@name="bno055_imu"]/gz_frame_id:/home/linh-pham/agv_nav2_research_ws_bao/install/vacuum_robot_gazebo/share/vacuum_robot_gazebo/models/vacuum_robot/model.sdf:L128]: XML Element[gz_frame_id], child of element[sensor], not defined in SDF. Copying[gz_frame_id] as children of [sensor].
[gazebo-1] libEGL warning: pci id for fd 55: 10de:25ec, driver (null)
[gazebo-1] 
[gazebo-1] pci id for fd 56: 10de:25ec, driver (null)
[gazebo-1] pci id for fd 57: 10de:25ec, driver (null)
[gazebo-1] libEGL warning: egl: failed to create dri2 screen
[gazebo-1] libEGL warning: pci id for fd 55: 10de:25ec, driver (null)
[gazebo-1] 
[gazebo-1] pci id for fd 56: 10de:25ec, driver (null)
[gazebo-1] pci id for fd 57: 10de:25ec, driver (null)
[gazebo-1] libEGL warning: egl: failed to create dri2 screen
[gazebo-1] libEGL warning: pci id for fd 55: 10de:25ec, driver (null)
[gazebo-1] 
[INFO] [map_server-6]: process started with pid [174498]
[INFO] [amcl-7]: process started with pid [174499]
[INFO] [lifecycle_manager-8]: process started with pid [174500]
[INFO] [controller_server-9]: process started with pid [174501]
[INFO] [smoother_server-10]: process started with pid [174502]
[INFO] [planner_server-11]: process started with pid [174503]
[INFO] [route_server-12]: process started with pid [174504]
[INFO] [behavior_server-13]: process started with pid [174505]
[INFO] [bt_navigator-14]: process started with pid [174506]
[INFO] [waypoint_follower-15]: process started with pid [174507]
[INFO] [velocity_smoother-16]: process started with pid [174508]
[INFO] [collision_monitor-17]: process started with pid [174509]
[INFO] [opennav_docking-18]: process started with pid [174512]
[INFO] [lifecycle_manager-19]: process started with pid [174513]
[lifecycle_manager-8] [INFO] [1785703244.530599760] [lifecycle_manager_localization]: Creating
[amcl-7] [INFO] [1785703244.532369925] [amcl]: 
[amcl-7] 	amcl lifecycle node launched. 
[amcl-7] 	Waiting on external lifecycle transitions to activate
[amcl-7] 	See https://design.ros2.org/articles/node_lifecycle.html for more information.
[amcl-7] [INFO] [1785703244.532694934] [amcl]: Creating
[lifecycle_manager-8] [INFO] [1785703244.540777217] [lifecycle_manager_localization]: [34m[1mCreating and initializing lifecycle service clients[0m[0m
[velocity_smoother-16] [INFO] [1785703244.544197183] [velocity_smoother]: 
[velocity_smoother-16] 	velocity_smoother lifecycle node launched. 
[velocity_smoother-16] 	Waiting on external lifecycle transitions to activate
[velocity_smoother-16] 	See https://design.ros2.org/articles/node_lifecycle.html for more information.
[smoother_server-10] [INFO] [1785703244.551026421] [smoother_server]: 
[smoother_server-10] 	smoother_server lifecycle node launched. 
[smoother_server-10] 	Waiting on external lifecycle transitions to activate
[smoother_server-10] 	See https://design.ros2.org/articles/node_lifecycle.html for more information.
[smoother_server-10] [INFO] [1785703244.557273396] [smoother_server]: Creating smoother server
[controller_server-9] [INFO] [1785703244.559406891] [controller_server]: 
[controller_server-9] 	controller_server lifecycle node launched. 
[controller_server-9] 	Waiting on external lifecycle transitions to activate
[controller_server-9] 	See https://design.ros2.org/articles/node_lifecycle.html for more information.
[controller_server-9] [INFO] [1785703244.565828386] [controller_server]: Creating controller server
[bt_navigator-14] [INFO] [1785703244.568501856] [bt_navigator]: 
[bt_navigator-14] 	bt_navigator lifecycle node launched. 
[bt_navigator-14] 	Waiting on external lifecycle transitions to activate
[bt_navigator-14] 	See https://design.ros2.org/articles/node_lifecycle.html for more information.
[bt_navigator-14] [INFO] [1785703244.570379578] [bt_navigator]: Creating
[map_server-6] [INFO] [1785703244.586128225] [map_server]: 
[map_server-6] 	map_server lifecycle node launched. 
[map_server-6] 	Waiting on external lifecycle transitions to activate
[map_server-6] 	See https://design.ros2.org/articles/node_lifecycle.html for more information.
[map_server-6] [INFO] [1785703244.586259462] [map_server]: Creating
[waypoint_follower-15] [INFO] [1785703244.592720851] [waypoint_follower]: 
[waypoint_follower-15] 	waypoint_follower lifecycle node launched. 
[waypoint_follower-15] 	Waiting on external lifecycle transitions to activate
[waypoint_follower-15] 	See https://design.ros2.org/articles/node_lifecycle.html for more information.
[route_server-12] [INFO] [1785703244.593578127] [route_server]: 
[route_server-12] 	route_server lifecycle node launched. 
[route_server-12] 	Waiting on external lifecycle transitions to activate
[route_server-12] 	See https://design.ros2.org/articles/node_lifecycle.html for more information.
[planner_server-11] [INFO] [1785703244.594333815] [planner_server]: 
[planner_server-11] 	planner_server lifecycle node launched. 
[planner_server-11] 	Waiting on external lifecycle transitions to activate
[planner_server-11] 	See https://design.ros2.org/articles/node_lifecycle.html for more information.
[lifecycle_manager-19] [INFO] [1785703244.594456079] [lifecycle_manager_navigation]: Creating
[waypoint_follower-15] [INFO] [1785703244.594569434] [waypoint_follower]: Creating
[planner_server-11] [INFO] [1785703244.596608162] [planner_server]: Creating
[lifecycle_manager-19] [INFO] [1785703244.605166141] [lifecycle_manager_navigation]: [34m[1mCreating and initializing lifecycle service clients[0m[0m
[planner_server-11] [INFO] [1785703244.611714851] [global_costmap.global_costmap]: 
[planner_server-11] 	global_costmap lifecycle node launched. 
[planner_server-11] 	Waiting on external lifecycle transitions to activate
[planner_server-11] 	See https://design.ros2.org/articles/node_lifecycle.html for more information.
[planner_server-11] [INFO] [1785703244.612145238] [global_costmap.global_costmap]: Creating Costmap
[behavior_server-13] [INFO] [1785703244.623187383] [behavior_server]: 
[behavior_server-13] 	behavior_server lifecycle node launched. 
[behavior_server-13] 	Waiting on external lifecycle transitions to activate
[behavior_server-13] 	See https://design.ros2.org/articles/node_lifecycle.html for more information.
[controller_server-9] [INFO] [1785703244.980241976] [local_costmap.local_costmap]: 
[controller_server-9] 	local_costmap lifecycle node launched. 
[controller_server-9] 	Waiting on external lifecycle transitions to activate
[controller_server-9] 	See https://design.ros2.org/articles/node_lifecycle.html for more information.
[controller_server-9] [INFO] [1785703244.984269082] [local_costmap.local_costmap]: Creating Costmap
[collision_monitor-17] [INFO] [1785703245.010198836] [collision_monitor]: 
[collision_monitor-17] 	collision_monitor lifecycle node launched. 
[collision_monitor-17] 	Waiting on external lifecycle transitions to activate
[collision_monitor-17] 	See https://design.ros2.org/articles/node_lifecycle.html for more information.
[opennav_docking-18] [INFO] [1785703245.013818150] [docking_server]: 
[opennav_docking-18] 	docking_server lifecycle node launched. 
[opennav_docking-18] 	Waiting on external lifecycle transitions to activate
[opennav_docking-18] 	See https://design.ros2.org/articles/node_lifecycle.html for more information.
[opennav_docking-18] [INFO] [1785703245.013949140] [docking_server]: Creating docking_server
[lifecycle_manager-8] [INFO] [1785703245.084086348] [lifecycle_manager_localization]: [34m[1mStarting managed nodes bringup...[0m[0m
[lifecycle_manager-8] [INFO] [1785703245.084140673] [lifecycle_manager_localization]: [34m[1mConfiguring map_server[0m[0m
[lifecycle_manager-19] [INFO] [1785703245.258629705] [lifecycle_manager_navigation]: [34m[1mStarting managed nodes bringup...[0m[0m
[lifecycle_manager-19] [INFO] [1785703245.258684658] [lifecycle_manager_navigation]: [34m[1mConfiguring controller_server[0m[0m
[controller_server-9] [INFO] [1785703245.258978891] [controller_server]: Configuring controller interface
[controller_server-9] [INFO] [1785703245.259003487] [controller_server]: getting progress checker plugins..
[controller_server-9] [INFO] [1785703245.259212329] [controller_server]: getting goal checker plugins..
[controller_server-9] [INFO] [1785703245.259306915] [controller_server]: Controller frequency set to 20.0000Hz
[controller_server-9] [INFO] [1785703245.259355253] [local_costmap.local_costmap]: Configuring
[controller_server-9] [INFO] [1785703245.269636867] [local_costmap.local_costmap]: Using plugin "voxel_layer"
[controller_server-9] [INFO] [1785703245.273133796] [local_costmap.local_costmap]: Subscribed to Topics: scan
[controller_server-9] [INFO] [1785703245.283098657] [local_costmap.local_costmap]: Initialized plugin "voxel_layer"
[controller_server-9] [INFO] [1785703245.283126310] [local_costmap.local_costmap]: Using plugin "inflation_layer"
[controller_server-9] [INFO] [1785703245.283524009] [local_costmap.local_costmap]: Initialized plugin "inflation_layer"
[map_server-6] [INFO] [1785703245.297081953] [map_server]: Configuring
[map_server-6] [INFO] [1785703245.297160546] [map_io]: Loading yaml file: /home/linh-pham/agv_nav2_research_ws_bao/install/vacuum_robot_gazebo/share/vacuum_robot_gazebo/maps/warehouse_long_aisles.yaml
[map_server-6] [INFO] [1785703245.297385217] [map_io]: resolution: 0.05
[map_server-6] [INFO] [1785703245.297393395] [map_io]: origin[0]: -6
[map_server-6] [INFO] [1785703245.297396692] [map_io]: origin[1]: -4
[map_server-6] [INFO] [1785703245.297398776] [map_io]: origin[2]: 0
[map_server-6] [INFO] [1785703245.297401088] [map_io]: free_thresh: 0.25
[map_server-6] [INFO] [1785703245.297403393] [map_io]: occupied_thresh: 0.65
[map_server-6] [INFO] [1785703245.297406340] [map_io]: mode: trinary
[map_server-6] [INFO] [1785703245.297409341] [map_io]: negate: 0
[map_server-6] [INFO] [1785703245.297591942] [map_io]: Loading image_file: /home/linh-pham/agv_nav2_research_ws_bao/install/vacuum_robot_gazebo/share/vacuum_robot_gazebo/maps/warehouse_long_aisles.pgm
[map_server-6] [INFO] [1785703245.298413959] [map_io]: Read map /home/linh-pham/agv_nav2_research_ws_bao/install/vacuum_robot_gazebo/share/vacuum_robot_gazebo/maps/warehouse_long_aisles.pgm: 240 X 160 map @ 0.05 m/cell
[controller_server-9] [INFO] [1785703245.306739893] [controller_server]: Created progress_checker : progress_checker of type nav2_controller::PoseProgressChecker
[lifecycle_manager-8] [INFO] [1785703245.306928651] [lifecycle_manager_localization]: [34m[1mConfiguring amcl[0m[0m
[controller_server-9] [INFO] [1785703245.307083176] [controller_server]: Controller Server has progress_checker  progress checkers available.
[amcl-7] [INFO] [1785703245.307221632] [amcl]: Configuring
[amcl-7] [INFO] [1785703245.307304146] [amcl]: initTransforms
[controller_server-9] [INFO] [1785703245.307530207] [controller_server]: Created goal checker : general_goal_checker of type nav2_controller::SimpleGoalChecker
[controller_server-9] [INFO] [1785703245.307762681] [controller_server]: Controller Server has general_goal_checker  goal checkers available.
[controller_server-9] [INFO] [1785703245.308575744] [controller_server]: Created controller : FollowPath of type nav2_regulated_pure_pursuit_controller::RegulatedPurePursuitController
[controller_server-9] [INFO] [1785703245.315677793] [controller_server]: Controller Server has FollowPath  controllers available.
[amcl-7] [INFO] [1785703245.321881035] [amcl]: initPubSub
[lifecycle_manager-19] [INFO] [1785703245.325660267] [lifecycle_manager_navigation]: [34m[1mConfiguring smoother_server[0m[0m
[smoother_server-10] [INFO] [1785703245.326063174] [smoother_server]: Configuring smoother server
[amcl-7] [INFO] [1785703245.332821396] [amcl]: Subscribed to map topic.
[smoother_server-10] [INFO] [1785703245.339645542] [smoother_server]: Created smoother : simple_smoother of type nav2_smoother::SimpleSmoother
[lifecycle_manager-8] [INFO] [1785703245.339727862] [lifecycle_manager_localization]: [34m[1mActivating map_server[0m[0m
[map_server-6] [INFO] [1785703245.339963490] [map_server]: Activating
[map_server-6] [INFO] [1785703245.340237862] [map_server]: Creating bond (map_server) to lifecycle manager.
[amcl-7] [INFO] [1785703245.340430290] [amcl]: Received a 240 X 160 map @ 0.050 m/pix
[smoother_server-10] [INFO] [1785703245.340798011] [smoother_server]: Created smoother : savitzky_golay of type nav2_smoother::SavitzkyGolaySmoother
[smoother_server-10] [INFO] [1785703245.345080184] [smoother_server]: Created smoother : constrained of type nav2_constrained_smoother/ConstrainedSmoother
[smoother_server-10] [INFO] [1785703245.348110514] [smoother_server]: Created smoother : pstmo of type adaptive_pivot_g2_nav2/AdaptivePivotG2Smoother
[smoother_server-10] [INFO] [1785703245.350944417] [smoother_server]: Configured PSTMO smoother 'pstmo' with hierarchical_alpha_two_trim search and condition_only preprocessing
[smoother_server-10] [INFO] [1785703245.351270303] [smoother_server]: Created smoother : adaptive_hybrid of type adaptive_pivot_g2_nav2/SafetyGatedHybridSmoother
[smoother_server-10] [INFO] [1785703245.355037437] [smoother_server]: Configured PSTMO smoother 'adaptive_hybrid.pivot' with legacy_joint_d_q search and condition_only preprocessing
[smoother_server-10] [INFO] [1785703245.355508977] [smoother_server]: Configured safety-gated hybrid smoother as 'adaptive_hybrid'
[smoother_server-10] [INFO] [1785703245.355533665] [smoother_server]: Smoother Server has simple_smoother savitzky_golay constrained pstmo adaptive_hybrid  smoothers available.
[lifecycle_manager-19] [INFO] [1785703245.361133911] [lifecycle_manager_navigation]: [34m[1mConfiguring planner_server[0m[0m
[planner_server-11] [INFO] [1785703245.361352991] [planner_server]: Configuring
[planner_server-11] [INFO] [1785703245.361385686] [global_costmap.global_costmap]: Configuring
[planner_server-11] [INFO] [1785703245.372108476] [global_costmap.global_costmap]: Using plugin "static_layer"
[planner_server-11] [INFO] [1785703245.375242598] [global_costmap.global_costmap]: Subscribing to the map topic (/map) with transient local durability
[planner_server-11] [INFO] [1785703245.376961779] [global_costmap.global_costmap]: Initialized plugin "static_layer"
[planner_server-11] [INFO] [1785703245.377002650] [global_costmap.global_costmap]: Using plugin "inflation_layer"
[planner_server-11] [INFO] [1785703245.377897979] [global_costmap.global_costmap]: Initialized plugin "inflation_layer"
[planner_server-11] [INFO] [1785703245.398591011] [global_costmap.global_costmap]: StaticLayer: Resizing costmap to 240 X 160 at 0.050000 m/pix
[planner_server-11] [INFO] [1785703245.399032166] [planner_server]: Created global planner plugin NavFnAStar of type nav2_navfn_planner::NavfnPlanner
[planner_server-11] [INFO] [1785703245.399055881] [planner_server]: Configuring plugin NavFnAStar of type NavfnPlanner
[planner_server-11] [INFO] [1785703245.399493244] [planner_server]: Created global planner plugin NavFnDijkstra of type nav2_navfn_planner::NavfnPlanner
[planner_server-11] [INFO] [1785703245.399510151] [planner_server]: Configuring plugin NavFnDijkstra of type NavfnPlanner
[planner_server-11] [INFO] [1785703245.400537747] [planner_server]: Created global planner plugin ThetaStar of type nav2_theta_star_planner::ThetaStarPlanner
[planner_server-11] [INFO] [1785703245.405256219] [planner_server]: Created global planner plugin Smac2D of type nav2_smac_planner::SmacPlanner2D
[planner_server-11] [INFO] [1785703245.405297893] [planner_server]: Configuring Smac2D of type SmacPlanner2D
[planner_server-11] [ERROR] [1785703245.405996569] [planner_server]: Inflation layer either not found or inflation is not set sufficiently for optimized non-circular collision checking capabilities. It is HIGHLY recommended to set the inflation radius to be at MINIMUM half of the robot's largest cross-section. See github.com/ros-planning/navigation2/tree/main/nav2_smac_planner#potential-fields for full instructions. This will substantially impact run-time performance.
[planner_server-11] [INFO] [1785703245.407627719] [planner_server]: Configured plugin Smac2D of type SmacPlanner2D with tolerance 0.10, maximum iterations 1000000, max on approach iterations 1000, and not allowing unknown traversal.
[planner_server-11] [INFO] [1785703245.408887214] [planner_server]: Created global planner plugin SmacHybrid of type nav2_smac_planner::SmacPlannerHybrid
[planner_server-11] [INFO] [1785703245.408918769] [planner_server]: Configuring SmacHybrid of type SmacPlannerHybrid
[planner_server-11] [INFO] [1785703245.410075650] [planner_server]: Even sized heuristic lookup table size set 160.000000, increasing size by 1 to make odd
[lifecycle_manager-8] [INFO] [1785703245.448032699] [lifecycle_manager_localization]: Server map_server connected with bond.
[lifecycle_manager-8] [INFO] [1785703245.448078193] [lifecycle_manager_localization]: [34m[1mActivating amcl[0m[0m
[amcl-7] [INFO] [1785703245.448322937] [amcl]: Activating
[amcl-7] [INFO] [1785703245.448356937] [amcl]: initialPoseReceived
[amcl-7] [INFO] [1785703245.448420761] [amcl]: Setting pose (1.215000): -4.500 -2.400 1.520
[amcl-7] [INFO] [1785703245.448916106] [amcl]: Creating bond (amcl) to lifecycle manager.
[amcl-7] [INFO] [1785703245.527129160] [amcl]: createLaserObject
[lifecycle_manager-8] [INFO] [1785703245.552554963] [lifecycle_manager_localization]: Server amcl connected with bond.
[lifecycle_manager-8] [INFO] [1785703245.552604376] [lifecycle_manager_localization]: [34m[1mManaged nodes are active[0m[0m
[lifecycle_manager-8] [INFO] [1785703245.552618311] [lifecycle_manager_localization]: [34m[1mCreating bond timer...[0m[0m
[planner_server-11] [INFO] [1785703245.618884892] [planner_server]: Configured plugin SmacHybrid of type SmacPlannerHybrid with maximum iterations 1000000, max on approach iterations 1000, and not allowing unknown traversal. Tolerance 0.10.Using motion model: Dubin.
[planner_server-11] [INFO] [1785703245.618927804] [planner_server]: Planner Server has NavFnAStar NavFnDijkstra ThetaStar Smac2D SmacHybrid  planners available.
[lifecycle_manager-19] [INFO] [1785703245.630147942] [lifecycle_manager_navigation]: [34m[1mConfiguring route_server[0m[0m
[route_server-12] [INFO] [1785703245.630389217] [route_server]: Configuring
[route_server-12] [INFO] [1785703245.660597752] [route_server]: Created GraphFileLoader GeoJsonGraphFileLoader of type nav2_route::GeoJsonGraphFileLoader
[route_server-12] [INFO] [1785703245.660632333] [route_server]: Configuring geojson graph file loader
[route_server-12] [INFO] [1785703245.660642301] [route_server]: No graph file provided to load yet.
[route_server-12] [INFO] [1785703245.662427765] [route_server]: Created edge cost function plugin DistanceScorer of type nav2_route::DistanceScorer
[route_server-12] [INFO] [1785703245.662493277] [route_server]: Configuring distance scorer.
[route_server-12] [INFO] [1785703245.663224438] [route_server]: Created edge cost function plugin CostmapScorer of type nav2_route::CostmapScorer
[route_server-12] [INFO] [1785703245.663243989] [route_server]: Configuring costmap scorer.
[route_server-12] [INFO] [1785703245.665103673] [route_server]: Created route operation ReroutingService of type nav2_route::ReroutingService
[route_server-12] [INFO] [1785703245.665134399] [route_server]: Configuring Rerouting service operation.
[route_server-12] [INFO] [1785703245.666546641] [route_server]: Created route operation CollisionMonitor of type nav2_route::CollisionMonitor
[route_server-12] [INFO] [1785703245.666659885] [route_server]: Using costmap topic: local_costmap/costmap_raw instead of server costmap topic: global_costmap/costmap_raw for CollisionMonitor.
[lifecycle_manager-19] [INFO] [1785703245.669963224] [lifecycle_manager_navigation]: [34m[1mConfiguring behavior_server[0m[0m
[behavior_server-13] [INFO] [1785703245.670267338] [behavior_server]: Configuring
[behavior_server-13] [INFO] [1785703245.675435875] [behavior_server]: Creating behavior plugin spin of type nav2_behaviors::Spin
[behavior_server-13] [INFO] [1785703245.676297960] [behavior_server]: Creating behavior plugin backup of type nav2_behaviors::BackUp
[behavior_server-13] [INFO] [1785703245.677047043] [behavior_server]: Creating behavior plugin drive_on_heading of type nav2_behaviors::DriveOnHeading
[behavior_server-13] [INFO] [1785703245.677917356] [behavior_server]: Creating behavior plugin assisted_teleop of type nav2_behaviors::AssistedTeleop
[behavior_server-13] [INFO] [1785703245.679847681] [behavior_server]: Creating behavior plugin wait of type nav2_behaviors::Wait
[behavior_server-13] [INFO] [1785703245.687118964] [behavior_server]: Configuring spin
[behavior_server-13] [INFO] [1785703245.693408721] [behavior_server]: Configuring backup
[behavior_server-13] [INFO] [1785703245.699273982] [behavior_server]: Configuring drive_on_heading
[behavior_server-13] [INFO] [1785703245.703536614] [behavior_server]: Configuring assisted_teleop
[behavior_server-13] [INFO] [1785703245.711011030] [behavior_server]: Configuring wait
[lifecycle_manager-19] [INFO] [1785703245.717825962] [lifecycle_manager_navigation]: [34m[1mConfiguring velocity_smoother[0m[0m
[velocity_smoother-16] [INFO] [1785703245.718095949] [velocity_smoother]: Configuring velocity smoother
[lifecycle_manager-19] [INFO] [1785703245.725417830] [lifecycle_manager_navigation]: [34m[1mConfiguring collision_monitor[0m[0m
[collision_monitor-17] [INFO] [1785703245.725714429] [collision_monitor]: Configuring
[collision_monitor-17] [INFO] [1785703245.731545787] [collision_monitor]: [scan]: Creating Scan
[collision_monitor-17] [INFO] [1785703245.734962920] [collision_monitor]: [FootprintApproach]: Creating Polygon
[collision_monitor-17] [INFO] [1785703245.735095483] [collision_monitor]: [FootprintApproach]: Polygon points are not defined. Using dynamic subscription instead.
[collision_monitor-17] [INFO] [1785703245.736012792] [collision_monitor]: [FootprintApproach]: Making footprint subscriber on /local_costmap/published_footprint topic
[lifecycle_manager-19] [INFO] [1785703245.750023159] [lifecycle_manager_navigation]: [34m[1mConfiguring bt_navigator[0m[0m
[bt_navigator-14] [INFO] [1785703245.750302152] [bt_navigator]: Configuring
[bt_navigator-14] [INFO] [1785703245.757675200] [bt_navigator]: Creating navigator id navigate_to_pose of type nav2_bt_navigator::NavigateToPoseNavigator
[bt_navigator-14] [INFO] [1785703245.820535798] [bt_navigator]: Creating navigator id navigate_through_poses of type nav2_bt_navigator::NavigateThroughPosesNavigator
[lifecycle_manager-19] [INFO] [1785703245.844930549] [lifecycle_manager_navigation]: [34m[1mConfiguring waypoint_follower[0m[0m
[waypoint_follower-15] [INFO] [1785703245.845305066] [waypoint_follower]: Configuring
[waypoint_follower-15] [INFO] [1785703245.867505425] [waypoint_follower]: Created waypoint_task_executor : wait_at_waypoint of type nav2_waypoint_follower::WaitAtWaypoint
[lifecycle_manager-19] [INFO] [1785703245.868201791] [lifecycle_manager_navigation]: [34m[1mConfiguring docking_server[0m[0m
[opennav_docking-18] [INFO] [1785703245.868433904] [docking_server]: Configuring docking_server
[opennav_docking-18] [INFO] [1785703245.868470124] [docking_server]: Controller frequency set to 50.0000Hz
[opennav_docking-18] [INFO] [1785703245.893440295] [docking_server]: Created charging dock plugin simple_charging_dock of type opennav_docking::SimpleChargingDock
[opennav_docking-18] [WARN] [1785703245.897663015] [docking_server]: Dock database filepath nor dock parameters set. Docking actions can only be executed specifying the dock pose via the action request. Or update the dock database via the reload_database service.
[opennav_docking-18] [INFO] [1785703245.897714856] [docking_server]: Docking Server has 1 dock types and 0 dock instances available.
[lifecycle_manager-19] [INFO] [1785703245.900610534] [lifecycle_manager_navigation]: [34m[1mActivating controller_server[0m[0m
[controller_server-9] [INFO] [1785703245.900963629] [controller_server]: Activating
[controller_server-9] [INFO] [1785703245.901000364] [local_costmap.local_costmap]: Activating
[controller_server-9] [INFO] [1785703245.901007919] [local_costmap.local_costmap]: Checking transform
[controller_server-9] [INFO] [1785703245.901189225] [local_costmap.local_costmap]: start
[controller_server-9] [INFO] [1785703246.102529019] [controller_server]: Activating controller: FollowPath of type regulated_pure_pursuit_controller::RegulatedPurePursuitController
[controller_server-9] [INFO] [1785703246.102569329] [controller_server]: Creating bond (controller_server) to lifecycle manager.
[lifecycle_manager-19] [INFO] [1785703246.213175384] [lifecycle_manager_navigation]: Server controller_server connected with bond.
[lifecycle_manager-19] [INFO] [1785703246.213279633] [lifecycle_manager_navigation]: [34m[1mActivating smoother_server[0m[0m
[smoother_server-10] [INFO] [1785703246.215569655] [smoother_server]: Activating
[smoother_server-10] [INFO] [1785703246.215646807] [smoother_server]: Activating smoother: constrained of type nav2_constrained_smoother::ConstrainedSmoother
[smoother_server-10] [INFO] [1785703246.215667681] [smoother_server]: Creating bond (smoother_server) to lifecycle manager.
[lifecycle_manager-19] [INFO] [1785703246.330952422] [lifecycle_manager_navigation]: Server smoother_server connected with bond.
[lifecycle_manager-19] [INFO] [1785703246.331001419] [lifecycle_manager_navigation]: [34m[1mActivating planner_server[0m[0m
[planner_server-11] [INFO] [1785703246.331433465] [planner_server]: Activating
[planner_server-11] [INFO] [1785703246.331489839] [global_costmap.global_costmap]: Activating
[planner_server-11] [INFO] [1785703246.331505957] [global_costmap.global_costmap]: Checking transform
[planner_server-11] [INFO] [1785703246.331642295] [global_costmap.global_costmap]: Timed out waiting for transform from base_link to map to become available, tf error: Lookup would require extrapolation into the past.  Requested time 2.088000 but the earliest data is at time 2.269000, when looking up transform from frame [base_link] to frame [map]
[planner_server-11] [INFO] [1785703246.831777397] [global_costmap.global_costmap]: start
[planner_server-11] [INFO] [1785703246.882033355] [planner_server]: Activating plugin Smac2D of type SmacPlanner2D
[planner_server-11] [INFO] [1785703246.882076803] [planner_server]: Activating plugin ThetaStar of type nav2_theta_star_planner
[planner_server-11] [INFO] [1785703246.882085648] [planner_server]: Activating plugin SmacHybrid of type SmacPlannerHybrid
[planner_server-11] [INFO] [1785703246.885126726] [planner_server]: Activating plugin NavFnDijkstra of type NavfnPlanner
[planner_server-11] [INFO] [1785703246.885208816] [planner_server]: Activating plugin NavFnAStar of type NavfnPlanner
[planner_server-11] [INFO] [1785703246.888992267] [planner_server]: Creating bond (planner_server) to lifecycle manager.
[lifecycle_manager-19] [INFO] [1785703247.007511636] [lifecycle_manager_navigation]: Server planner_server connected with bond.
[lifecycle_manager-19] [INFO] [1785703247.007557442] [lifecycle_manager_navigation]: [34m[1mActivating route_server[0m[0m
[route_server-12] [INFO] [1785703247.007874265] [route_server]: Activating
[route_server-12] [INFO] [1785703247.008005984] [route_server]: Creating bond (route_server) to lifecycle manager.
[lifecycle_manager-19] [INFO] [1785703247.144718118] [lifecycle_manager_navigation]: Server route_server connected with bond.
[lifecycle_manager-19] [INFO] [1785703247.144772433] [lifecycle_manager_navigation]: [34m[1mActivating behavior_server[0m[0m
[behavior_server-13] [INFO] [1785703247.145169274] [behavior_server]: Activating
[behavior_server-13] [INFO] [1785703247.145199928] [behavior_server]: Activating spin
[behavior_server-13] [INFO] [1785703247.145208120] [behavior_server]: Activating backup
[behavior_server-13] [INFO] [1785703247.145214326] [behavior_server]: Activating drive_on_heading
[behavior_server-13] [INFO] [1785703247.145219908] [behavior_server]: Activating assisted_teleop
[behavior_server-13] [INFO] [1785703247.145233707] [behavior_server]: Activating wait
[behavior_server-13] [INFO] [1785703247.145243916] [behavior_server]: Creating bond (behavior_server) to lifecycle manager.
[lifecycle_manager-19] [INFO] [1785703247.262004396] [lifecycle_manager_navigation]: Server behavior_server connected with bond.
[lifecycle_manager-19] [INFO] [1785703247.262082610] [lifecycle_manager_navigation]: [34m[1mActivating velocity_smoother[0m[0m
[velocity_smoother-16] [INFO] [1785703247.262434402] [velocity_smoother]: Activating
[velocity_smoother-16] [INFO] [1785703247.262509739] [velocity_smoother]: Creating bond (velocity_smoother) to lifecycle manager.
[lifecycle_manager-19] [INFO] [1785703247.375251886] [lifecycle_manager_navigation]: Server velocity_smoother connected with bond.
[lifecycle_manager-19] [INFO] [1785703247.375375803] [lifecycle_manager_navigation]: [34m[1mActivating collision_monitor[0m[0m
[collision_monitor-17] [INFO] [1785703247.376044676] [collision_monitor]: Activating
[collision_monitor-17] [INFO] [1785703247.376139992] [collision_monitor]: Creating bond (collision_monitor) to lifecycle manager.
[lifecycle_manager-19] [INFO] [1785703247.492772841] [lifecycle_manager_navigation]: Server collision_monitor connected with bond.
[lifecycle_manager-19] [INFO] [1785703247.492865476] [lifecycle_manager_navigation]: [34m[1mActivating bt_navigator[0m[0m
[bt_navigator-14] [INFO] [1785703247.493473645] [bt_navigator]: Activating
[bt_navigator-14] [INFO] [1785703247.595175262] [bt_navigator]: Creating bond (bt_navigator) to lifecycle manager.
[lifecycle_manager-19] [INFO] [1785703247.702129091] [lifecycle_manager_navigation]: Server bt_navigator connected with bond.
[lifecycle_manager-19] [INFO] [1785703247.702190738] [lifecycle_manager_navigation]: [34m[1mActivating waypoint_follower[0m[0m
[waypoint_follower-15] [INFO] [1785703247.703745312] [waypoint_follower]: Activating
[waypoint_follower-15] [INFO] [1785703247.703838286] [waypoint_follower]: Creating bond (waypoint_follower) to lifecycle manager.
[lifecycle_manager-19] [INFO] [1785703247.820754177] [lifecycle_manager_navigation]: Server waypoint_follower connected with bond.
[lifecycle_manager-19] [INFO] [1785703247.820814761] [lifecycle_manager_navigation]: [34m[1mActivating docking_server[0m[0m
[opennav_docking-18] [INFO] [1785703247.821309081] [docking_server]: Activating docking_server
[opennav_docking-18] [INFO] [1785703247.848293359] [docking_server]: Creating bond (docking_server) to lifecycle manager.
[lifecycle_manager-19] [INFO] [1785703247.960646997] [lifecycle_manager_navigation]: Server docking_server connected with bond.
[lifecycle_manager-19] [INFO] [1785703247.960697703] [lifecycle_manager_navigation]: [34m[1mManaged nodes are active[0m[0m
[lifecycle_manager-19] [INFO] [1785703247.960712854] [lifecycle_manager_navigation]: [34m[1mCreating bond timer...[0m[0m
[amcl-7] [INFO] [1785703247.962056198] [amcl]: initialPoseReceived
[amcl-7] [WARN] [1785703247.962151603] [amcl]: Failed to transform initial pose in time (Lookup would require extrapolation into the future.  Requested time 3.729000 but the latest data is at time 3.708000, when looking up transform from frame [base_link] to frame [odom])
[amcl-7] [INFO] [1785703247.962172726] [amcl]: Setting pose (3.729000): -4.500 -2.400 1.520
[amcl-7] [INFO] [1785703247.964987520] [amcl]: initialPoseReceived
[amcl-7] [WARN] [1785703247.965108994] [amcl]: Failed to transform initial pose in time (Lookup would require extrapolation into the future.  Requested time 3.732000 but the latest data is at time 3.708000, when looking up transform from frame [base_link] to frame [odom])
[amcl-7] [INFO] [1785703247.965142794] [amcl]: Setting pose (3.732000): -4.500 -2.400 1.520
[planner_server-11] [INFO] [1785703249.965252276] [global_costmap.global_costmap]: Received request to clear entirely the global_costmap
[controller_server-9] [INFO] [1785703249.967953952] [local_costmap.local_costmap]: Received request to clear entirely the local_costmap
[planner_server-11] [WARN] [1785703250.870666943] [planner_server]: Planner loop missed its desired rate of 5.0000 Hz. Current loop rate is 2.5063 Hz
[controller_server-9] [INFO] [1785703250.919137894] [controller_server]: Received a goal, begin computing control effort.
[parameter_bridge-3] [INFO] [1785703250.933646896] [ros_gz_bridge]: Passing message from ROS geometry_msgs/msg/Twist to Gazebo gz.msgs.Twist (showing msg only once per type)
[controller_server-9] [INFO] [1785703318.041856077] [controller_server]: Reached the goal!
[execution_trial-5] [INFO] [1785703320.091631714] [execution_trial]: Execution trial finished: method=raw, success=True, time=68.568s, output=/home/linh-pham/agv_nav2_research_ws_bao/results/pstmo_execution_full_20260803/warehouse_long_aisles/diagonal_replenishment_smachybrid_raw.json
[INFO] [execution_trial-5]: process has finished cleanly [pid 174304]
[INFO] [lifecycle_manager-19]: sending signal 'SIGINT' to process[lifecycle_manager-19]
[INFO] [opennav_docking-18]: sending signal 'SIGINT' to process[opennav_docking-18]
[INFO] [collision_monitor-17]: sending signal 'SIGINT' to process[collision_monitor-17]
[INFO] [velocity_smoother-16]: sending signal 'SIGINT' to process[velocity_smoother-16]
[INFO] [waypoint_follower-15]: sending signal 'SIGINT' to process[waypoint_follower-15]
[INFO] [bt_navigator-14]: sending signal 'SIGINT' to process[bt_navigator-14]
[INFO] [behavior_server-13]: sending signal 'SIGINT' to process[behavior_server-13]
[INFO] [route_server-12]: sending signal 'SIGINT' to process[route_server-12]
[INFO] [planner_server-11]: sending signal 'SIGINT' to process[planner_server-11]
[INFO] [smoother_server-10]: sending signal 'SIGINT' to process[smoother_server-10]
[INFO] [controller_server-9]: sending signal 'SIGINT' to process[controller_server-9]
[INFO] [lifecycle_manager-8]: sending signal 'SIGINT' to process[lifecycle_manager-8]
[INFO] [amcl-7]: sending signal 'SIGINT' to process[amcl-7]
[INFO] [map_server-6]: sending signal 'SIGINT' to process[map_server-6]
[INFO] [robot_state_publisher-4]: sending signal 'SIGINT' to process[robot_state_publisher-4]
[INFO] [parameter_bridge-3]: sending signal 'SIGINT' to process[parameter_bridge-3]
[INFO] [gazebo-1]: sending signal 'SIGINT' to process[gazebo-1]
[lifecycle_manager-19] [INFO] [1785703320.353359347] [rclcpp]: signal_handler(SIGINT/SIGTERM)
[lifecycle_manager-19] [INFO] [1785703320.353508657] [lifecycle_manager_navigation]: Running Nav2 LifecycleManager rcl preshutdown (lifecycle_manager_navigation)
[lifecycle_manager-19] [INFO] [1785703320.353566557] [lifecycle_manager_navigation]: [34m[1mTerminating bond timer...[0m[0m
[opennav_docking-18] [INFO] [1785703320.359461933] [rclcpp]: signal_handler(SIGINT/SIGTERM)
[opennav_docking-18] [INFO] [1785703320.359642438] [docking_server]: Running Nav2 LifecycleNode rcl preshutdown (docking_server)
[opennav_docking-18] [INFO] [1785703320.359779508] [docking_server]: Deactivating docking_server
[collision_monitor-17] [INFO] [1785703320.365567104] [rclcpp]: signal_handler(SIGINT/SIGTERM)
[collision_monitor-17] [INFO] [1785703320.365706951] [collision_monitor]: Running Nav2 LifecycleNode rcl preshutdown (collision_monitor)
[collision_monitor-17] [INFO] [1785703320.365800296] [collision_monitor]: Deactivating
[collision_monitor-17] [INFO] [1785703320.365824530] [collision_monitor]: Destroying bond (collision_monitor) to lifecycle manager.
[velocity_smoother-16] [INFO] [1785703320.370270441] [rclcpp]: signal_handler(SIGINT/SIGTERM)
[velocity_smoother-16] [INFO] [1785703320.370474259] [velocity_smoother]: Running Nav2 LifecycleNode rcl preshutdown (velocity_smoother)
[velocity_smoother-16] [INFO] [1785703320.370599829] [velocity_smoother]: Deactivating
[velocity_smoother-16] [INFO] [1785703320.370656917] [velocity_smoother]: Destroying bond (velocity_smoother) to lifecycle manager.
[waypoint_follower-15] [INFO] [1785703320.373794498] [rclcpp]: signal_handler(SIGINT/SIGTERM)
[waypoint_follower-15] [INFO] [1785703320.373938202] [waypoint_follower]: Running Nav2 LifecycleNode rcl preshutdown (waypoint_follower)
[waypoint_follower-15] [INFO] [1785703320.374023302] [waypoint_follower]: Deactivating
[waypoint_follower-15] [INFO] [1785703320.374053190] [waypoint_follower]: Destroying bond (waypoint_follower) to lifecycle manager.
[collision_monitor-17] [INFO] [1785703320.376194810] [collision_monitor]: Cleaning up
[collision_monitor-17] [INFO] [1785703320.376234734] [collision_monitor]: [FootprintApproach]: Destroying Polygon
[collision_monitor-17] [INFO] [1785703320.376246754] [collision_monitor]: [scan]: Destroying Scan
[bt_navigator-14] [INFO] [1785703320.377096499] [rclcpp]: signal_handler(SIGINT/SIGTERM)
[bt_navigator-14] [INFO] [1785703320.377250761] [bt_navigator]: Running Nav2 LifecycleNode rcl preshutdown (bt_navigator)
[bt_navigator-14] [INFO] [1785703320.377336520] [bt_navigator]: Deactivating
[bt_navigator-14] [INFO] [1785703320.377422058] [bt_navigator]: Destroying bond (bt_navigator) to lifecycle manager.
[opennav_docking-18] [INFO] [1785703320.378278838] [docking_server]: Destroying bond (docking_server) to lifecycle manager.
[behavior_server-13] [INFO] [1785703320.380248596] [rclcpp]: signal_handler(SIGINT/SIGTERM)
[behavior_server-13] [INFO] [1785703320.380370130] [behavior_server]: Running Nav2 LifecycleNode rcl preshutdown (behavior_server)
[behavior_server-13] [INFO] [1785703320.380429656] [behavior_server]: Deactivating
[behavior_server-13] [INFO] [1785703320.380459749] [behavior_server]: Destroying bond (behavior_server) to lifecycle manager.
[velocity_smoother-16] [INFO] [1785703320.381373979] [velocity_smoother]: Cleaning up
[collision_monitor-17] [INFO] [1785703320.382046751] [collision_monitor]: Destroying bond (collision_monitor) to lifecycle manager.
[route_server-12] [INFO] [1785703320.383433944] [rclcpp]: signal_handler(SIGINT/SIGTERM)
[route_server-12] [INFO] [1785703320.383523890] [route_server]: Running Nav2 LifecycleNode rcl preshutdown (route_server)
[route_server-12] [INFO] [1785703320.383587185] [route_server]: Deactivating
[route_server-12] [INFO] [1785703320.383602186] [route_server]: Destroying bond (route_server) to lifecycle manager.
[waypoint_follower-15] [INFO] [1785703320.384406234] [waypoint_follower]: Cleaning up
[collision_monitor-17] [INFO] [1785703320.386299950] [collision_monitor]: Destroying
[planner_server-11] [INFO] [1785703320.386408762] [rclcpp]: signal_handler(SIGINT/SIGTERM)
[planner_server-11] [INFO] [1785703320.386566372] [planner_server]: Running Nav2 LifecycleNode rcl preshutdown (planner_server)
[planner_server-11] [INFO] [1785703320.386696698] [planner_server]: Deactivating
[planner_server-11] [INFO] [1785703320.386744544] [global_costmap.global_costmap]: Deactivating
[bt_navigator-14] [INFO] [1785703320.388281342] [bt_navigator]: Cleaning up
[smoother_server-10] [INFO] [1785703320.388576074] [rclcpp]: signal_handler(SIGINT/SIGTERM)
[smoother_server-10] [INFO] [1785703320.388672601] [smoother_server]: Running Nav2 LifecycleNode rcl preshutdown (smoother_server)
[smoother_server-10] [INFO] [1785703320.388733574] [smoother_server]: Deactivating
[smoother_server-10] [INFO] [1785703320.388756159] [smoother_server]: Deactivating smoother: constrained of type nav2_constrained_smoother::ConstrainedSmoother
[smoother_server-10] [INFO] [1785703320.388766897] [smoother_server]: Destroying bond (smoother_server) to lifecycle manager.
[opennav_docking-18] [INFO] [1785703320.390415033] [docking_server]: Cleaning up docking_server
[behavior_server-13] [INFO] [1785703320.390767333] [behavior_server]: Cleaning up
[controller_server-9] [INFO] [1785703320.391405574] [rclcpp]: signal_handler(SIGINT/SIGTERM)
[controller_server-9] [INFO] [1785703320.391466568] [controller_server]: Running Nav2 LifecycleNode rcl preshutdown (controller_server)
[controller_server-9] [INFO] [1785703320.391512358] [controller_server]: Deactivating
[controller_server-9] [INFO] [1785703320.391528488] [controller_server]: Deactivating controller: FollowPath of type regulated_pure_pursuit_controller::RegulatedPurePursuitController
[controller_server-9] [INFO] [1785703320.391544163] [local_costmap.local_costmap]: Deactivating
[velocity_smoother-16] [INFO] [1785703320.391646890] [velocity_smoother]: Destroying bond (velocity_smoother) to lifecycle manager.
[lifecycle_manager-8] [INFO] [1785703320.393509804] [rclcpp]: signal_handler(SIGINT/SIGTERM)
[lifecycle_manager-8] [INFO] [1785703320.393628414] [lifecycle_manager_localization]: Running Nav2 LifecycleManager rcl preshutdown (lifecycle_manager_localization)
[lifecycle_manager-8] [INFO] [1785703320.393662254] [lifecycle_manager_localization]: [34m[1mTerminating bond timer...[0m[0m
[behavior_server-13] [INFO] [1785703320.393763055] [behavior_server]: Destroying bond (behavior_server) to lifecycle manager.
[route_server-12] [INFO] [1785703320.394055955] [route_server]: Cleaning up
[waypoint_follower-15] [INFO] [1785703320.394848584] [waypoint_follower]: Destroying bond (waypoint_follower) to lifecycle manager.
[amcl-7] [INFO] [1785703320.396219308] [rclcpp]: signal_handler(SIGINT/SIGTERM)
[amcl-7] [INFO] [1785703320.397179436] [amcl]: Running Nav2 LifecycleNode rcl preshutdown (amcl)
[amcl-7] [INFO] [1785703320.397252086] [amcl]: Deactivating
[amcl-7] [INFO] [1785703320.397274941] [amcl]: Destroying bond (amcl) to lifecycle manager.
[velocity_smoother-16] [INFO] [1785703320.397477731] [velocity_smoother]: Destroying
[smoother_server-10] [INFO] [1785703320.399302265] [smoother_server]: Cleaning up
[smoother_server-10] [INFO] [1785703320.399499567] [smoother_server]: Cleaning up smoother: constrained of type nav2_constrained_smoother::ConstrainedSmoother
[map_server-6] [INFO] [1785703320.400034514] [rclcpp]: signal_handler(SIGINT/SIGTERM)
[map_server-6] [INFO] [1785703320.400145212] [map_server]: Running Nav2 LifecycleNode rcl preshutdown (map_server)
[map_server-6] [INFO] [1785703320.400218321] [map_server]: Deactivating
[map_server-6] [INFO] [1785703320.400239932] [map_server]: Destroying bond (map_server) to lifecycle manager.
[robot_state_publisher-4] [INFO] [1785703320.402587511] [rclcpp]: signal_handler(SIGINT/SIGTERM)
[amcl-7] [INFO] [1785703320.407706660] [amcl]: Cleaning up
[parameter_bridge-3] [INFO] [1785703320.408208802] [rclcpp]: signal_handler(SIGINT/SIGTERM)
[map_server-6] [INFO] [1785703320.411702577] [map_server]: Cleaning up
[map_server-6] [INFO] [1785703320.411766766] [map_server]: Destroying bond (map_server) to lifecycle manager.
[amcl-7] [INFO] [1785703320.419521536] [amcl]: Destroying bond (amcl) to lifecycle manager.
[smoother_server-10] [INFO] [1785703320.419778286] [smoother_server]: Destroying bond (smoother_server) to lifecycle manager.
[smoother_server-10] [INFO] [1785703320.422985830] [smoother_server]: Destroying
[waypoint_follower-15] [INFO] [1785703320.425077039] [waypoint_follower]: Destroying
[opennav_docking-18] [INFO] [1785703320.425573397] [docking_server]: Destroying bond (docking_server) to lifecycle manager.
[route_server-12] [INFO] [1785703320.427865481] [route_server]: Destroying bond (route_server) to lifecycle manager.
[amcl-7] [INFO] [1785703320.428964633] [amcl]: Destroying
[map_server-6] [INFO] [1785703320.429381660] [map_server]: Destroying
[route_server-12] [INFO] [1785703320.431318783] [route_server]: Destroying
[lifecycle_manager-8] [INFO] [1785703320.432662481] [lifecycle_manager_localization]: Destroying lifecycle_manager_localization
[opennav_docking-18] [INFO] [1785703320.440716027] [docking_server]: Destroying
[behavior_server-13] [INFO] [1785703320.461996199] [behavior_server]: Destroying
[bt_navigator-14] [INFO] [1785703320.480587814] [bt_navigator]: Completed Cleaning up
[bt_navigator-14] [INFO] [1785703320.480625041] [bt_navigator]: Destroying bond (bt_navigator) to lifecycle manager.
[bt_navigator-14] [INFO] [1785703320.484136740] [bt_navigator]: Destroying
[lifecycle_manager-19] [INFO] [1785703320.500632944] [lifecycle_manager_navigation]: Destroying lifecycle_manager_navigation
[controller_server-9] [INFO] [1785703320.501436155] [controller_server]: Destroying bond (controller_server) to lifecycle manager.
[controller_server-9] [INFO] [1785703320.511633057] [controller_server]: Cleaning up
[controller_server-9] [INFO] [1785703320.511669948] [controller_server]: Cleaning up controller: FollowPath of type regulated_pure_pursuit_controller::RegulatedPurePursuitController
[controller_server-9] [INFO] [1785703320.511730425] [local_costmap.local_costmap]: Cleaning up
[controller_server-9] [INFO] [1785703320.519433186] [controller_server]: Destroying bond (controller_server) to lifecycle manager.
[INFO] [collision_monitor-17]: process has finished cleanly [pid 174509]
[controller_server-9] [INFO] [1785703320.523024535] [local_costmap.local_costmap]: Destroying
[controller_server-9] [INFO] [1785703320.524951914] [controller_server]: Destroying
[INFO] [robot_state_publisher-4]: process has finished cleanly [pid 174303]
[INFO] [parameter_bridge-3]: process has finished cleanly [pid 174301]
[INFO] [map_server-6]: process has finished cleanly [pid 174498]
[INFO] [velocity_smoother-16]: process has finished cleanly [pid 174508]
[INFO] [waypoint_follower-15]: process has finished cleanly [pid 174507]
[INFO] [amcl-7]: process has finished cleanly [pid 174499]
[INFO] [lifecycle_manager-8]: process has finished cleanly [pid 174500]
[INFO] [smoother_server-10]: process has finished cleanly [pid 174502]
[INFO] [route_server-12]: process has finished cleanly [pid 174504]
[INFO] [opennav_docking-18]: process has finished cleanly [pid 174512]
[INFO] [behavior_server-13]: process has finished cleanly [pid 174505]
[INFO] [bt_navigator-14]: process has finished cleanly [pid 174506]
[INFO] [lifecycle_manager-19]: process has finished cleanly [pid 174513]
[INFO] [controller_server-9]: process has finished cleanly [pid 174501]
[planner_server-11] [INFO] [1785703320.832259221] [planner_server]: Deactivating plugin Smac2D of type SmacPlanner2D
[planner_server-11] [INFO] [1785703320.832362656] [planner_server]: Deactivating plugin ThetaStar of type nav2_theta_star_planner
[planner_server-11] [INFO] [1785703320.832400940] [planner_server]: Deactivating plugin SmacHybrid of type SmacPlannerHybrid
[planner_server-11] [INFO] [1785703320.832432204] [planner_server]: Deactivating plugin NavFnDijkstra of type NavfnPlanner
[planner_server-11] [INFO] [1785703320.832458530] [planner_server]: Deactivating plugin NavFnAStar of type NavfnPlanner
[planner_server-11] [INFO] [1785703320.832494363] [planner_server]: Destroying bond (planner_server) to lifecycle manager.
[planner_server-11] [INFO] [1785703320.842794914] [planner_server]: Cleaning up
[planner_server-11] [INFO] [1785703320.851983695] [global_costmap.global_costmap]: Cleaning up
[planner_server-11] [INFO] [1785703320.856721037] [planner_server]: Cleaning up plugin Smac2D of type SmacPlanner2D
[planner_server-11] [INFO] [1785703320.856954897] [planner_server]: CleaningUp plugin ThetaStar of type nav2_theta_star_planner
[planner_server-11] [INFO] [1785703320.856970233] [planner_server]: Cleaning up plugin SmacHybrid of type SmacPlannerHybrid
[planner_server-11] [INFO] [1785703320.857849844] [planner_server]: Cleaning up plugin NavFnDijkstra of type NavfnPlanner
[planner_server-11] [INFO] [1785703320.858316940] [planner_server]: Cleaning up plugin NavFnAStar of type NavfnPlanner
[planner_server-11] [INFO] [1785703320.858389123] [planner_server]: Destroying plugin Smac2D of type SmacPlanner2D
[planner_server-11] [INFO] [1785703320.858414127] [planner_server]: Destroying plugin SmacHybrid of type SmacPlannerHybrid
[planner_server-11] [INFO] [1785703320.858432661] [planner_server]: Destroying plugin NavFnDijkstra of type NavfnPlanner
[planner_server-11] [INFO] [1785703320.858440616] [planner_server]: Destroying plugin NavFnAStar of type NavfnPlanner
[planner_server-11] [INFO] [1785703320.868440065] [planner_server]: Destroying bond (planner_server) to lifecycle manager.
[planner_server-11] [INFO] [1785703320.872794361] [global_costmap.global_costmap]: Destroying
[planner_server-11] [INFO] [1785703320.875482004] [planner_server]: Destroying
[INFO] [planner_server-11]: process has finished cleanly [pid 174503]
[ERROR] [gazebo-1]: process[gazebo-1] failed to terminate '5' seconds after receiving 'SIGINT', escalating to 'SIGTERM'
[INFO] [gazebo-1]: sending signal 'SIGTERM' to process[gazebo-1]
[ERROR] [gazebo-1]: process has died [pid 174299, exit code -15, cmd 'ruby /opt/ros/jazzy/opt/gz_tools_vendor/bin/gz sim -r -s -v 3 --initial-sim-time 0.0 /home/linh-pham/agv_nav2_research_ws_bao/install/vacuum_robot_gazebo/share/vacuum_robot_gazebo/worlds/warehouse_long_aisles.sdf --force-version 8'].
