[INFO] [launch]: All log files can be found below /home/linh-pham/.ros/log/2026-08-02-05-30-13-367494-linh-pham-LOQ-15IAX9-157128
[INFO] [launch]: Default logging verbosity is set to INFO
[INFO] [gazebo-1]: process started with pid [157171]
[INFO] [create-2]: process started with pid [157172]
[INFO] [parameter_bridge-3]: process started with pid [157173]
[INFO] [robot_state_publisher-4]: process started with pid [157175]
[INFO] [batch_benchmark-5]: process started with pid [157176]
[robot_state_publisher-4] [INFO] [1785623414.132849469] [robot_state_publisher]: Robot initialized
[gazebo-1] [1;32m[Msg] [0m[1;32mGazebo Sim Server v[0m[1;32m8.11.0[0m[1;32m[0m
[gazebo-1] [1;32m[Msg] [0m[1;32mLoading SDF world file[[0m[1;32m/home/linh-pham/agv_nav2_research_ws_bao/install/vacuum_robot_gazebo/share/vacuum_robot_gazebo/worlds/narrow_aisles.sdf[0m[1;32m].[0m
[gazebo-1] [1;32m[Msg] [0m[1;32mServing entity system service on [[0m[1;32m/[0m[1;32mentity/system/add[0m[1;32m][0m[1;32m[0m
[gazebo-1] [1;32m[Msg] [0m[1;32mCreate[0m[1;32m service on [[0m[1;32m/world/narrow_aisles/create_multiple[0m[1;32m] (async)[0m[1;32m[0m
[gazebo-1] [1;32m[Msg] [0m[1;32mCreate[0m[1;32m service on [[0m[1;32m/world/narrow_aisles/create_multiple/blocking[0m[1;32m] (blocking)[0m[1;32m[0m
[gazebo-1] [1;32m[Msg] [0m[1;32mRemove[0m[1;32m service on [[0m[1;32m/world/narrow_aisles/remove[0m[1;32m] (async)[0m[1;32m[0m
[gazebo-1] [1;32m[Msg] [0m[1;32mRemove[0m[1;32m service on [[0m[1;32m/world/narrow_aisles/remove/blocking[0m[1;32m] (blocking)[0m[1;32m[0m
[gazebo-1] [1;32m[Msg] [0m[1;32mPose[0m[1;32m service on [[0m[1;32m/world/narrow_aisles/set_pose[0m[1;32m] (async)[0m[1;32m[0m
[gazebo-1] [1;32m[Msg] [0m[1;32mPose[0m[1;32m service on [[0m[1;32m/world/narrow_aisles/set_pose/blocking[0m[1;32m] (blocking)[0m[1;32m[0m
[gazebo-1] [1;32m[Msg] [0m[1;32mPose[0m[1;32m service on [[0m[1;32m/world/narrow_aisles/set_pose_vector[0m[1;32m] (async)[0m[1;32m[0m
[gazebo-1] [1;32m[Msg] [0m[1;32mPose[0m[1;32m service on [[0m[1;32m/world/narrow_aisles/set_pose_vector/blocking[0m[1;32m] (blocking)[0m[1;32m[0m
[gazebo-1] [1;32m[Msg] [0m[1;32mLight configuration[0m[1;32m service on [[0m[1;32m/world/narrow_aisles/light_config[0m[1;32m] (async)[0m[1;32m[0m
[gazebo-1] [1;32m[Msg] [0m[1;32mLight configuration[0m[1;32m service on [[0m[1;32m/world/narrow_aisles/light_config/blocking[0m[1;32m] (blocking)[0m[1;32m[0m
[gazebo-1] [1;32m[Msg] [0m[1;32mPhysics[0m[1;32m service on [[0m[1;32m/world/narrow_aisles/set_physics[0m[1;32m] (async)[0m[1;32m[0m
[gazebo-1] [1;32m[Msg] [0m[1;32mPhysics[0m[1;32m service on [[0m[1;32m/world/narrow_aisles/set_physics/blocking[0m[1;32m] (blocking)[0m[1;32m[0m
[gazebo-1] [1;32m[Msg] [0m[1;32mSphericalCoordinates[0m[1;32m service on [[0m[1;32m/world/narrow_aisles/set_spherical_coordinates[0m[1;32m] (async)[0m[1;32m[0m
[gazebo-1] [1;32m[Msg] [0m[1;32mSphericalCoordinates[0m[1;32m service on [[0m[1;32m/world/narrow_aisles/set_spherical_coordinates/blocking[0m[1;32m] (blocking)[0m[1;32m[0m
[gazebo-1] [1;32m[Msg] [0m[1;32mEnable collision[0m[1;32m service on [[0m[1;32m/world/narrow_aisles/enable_collision[0m[1;32m] (async)[0m[1;32m[0m
[gazebo-1] [1;32m[Msg] [0m[1;32mEnable collision[0m[1;32m service on [[0m[1;32m/world/narrow_aisles/enable_collision/blocking[0m[1;32m] (blocking)[0m[1;32m[0m
[gazebo-1] [1;32m[Msg] [0m[1;32mDisable collision[0m[1;32m service on [[0m[1;32m/world/narrow_aisles/disable_collision[0m[1;32m] (async)[0m[1;32m[0m
[gazebo-1] [1;32m[Msg] [0m[1;32mDisable collision[0m[1;32m service on [[0m[1;32m/world/narrow_aisles/disable_collision/blocking[0m[1;32m] (blocking)[0m[1;32m[0m
[gazebo-1] [1;32m[Msg] [0m[1;32mMaterial[0m[1;32m service on [[0m[1;32m/world/narrow_aisles/visual_config[0m[1;32m] (async)[0m[1;32m[0m
[gazebo-1] [1;32m[Msg] [0m[1;32mMaterial[0m[1;32m service on [[0m[1;32m/world/narrow_aisles/visual_config/blocking[0m[1;32m] (blocking)[0m[1;32m[0m
[gazebo-1] [1;32m[Msg] [0m[1;32mMaterial[0m[1;32m service on [[0m[1;32m/world/narrow_aisles/wheel_slip[0m[1;32m] (async)[0m[1;32m[0m
[gazebo-1] [1;32m[Msg] [0m[1;32mMaterial[0m[1;32m service on [[0m[1;32m/world/narrow_aisles/wheel_slip/blocking[0m[1;32m] (blocking)[0m[1;32m[0m
[gazebo-1] [1;32m[Msg] [0m[1;32mLoaded level [[0m[1;32mdefault[0m[1;32m][0m[1;32m[0m
[gazebo-1] [1;32m[Msg] [0m[1;32mServing world controls on [[0m[1;32m/world/narrow_aisles[0m[1;32m/control], [[0m[1;32m/world/narrow_aisles[0m[1;32m/control/state] and [[0m[1;32m/world/narrow_aisles[0m[1;32m/playback/control][0m[1;32m[0m
[gazebo-1] [1;32m[Msg] [0m[1;32mServing GUI information on [[0m[1;32m/world/narrow_aisles[0m[1;32m/[0m[1;32mgui/info[0m[1;32m][0m[1;32m[0m
[create-2] [INFO] [1785623414.613738747] [spawn_vacuum_robot]: Entity creation successful.
[INFO] [create-2]: process has finished cleanly [pid 157172]
[parameter_bridge-3] [INFO] [1785623415.155253186] [ros_gz_bridge]: Creating GZ->ROS Bridge: [/clock (gz.msgs.Clock) -> /clock (rosgraph_msgs/msg/Clock)] (Lazy 0)
[parameter_bridge-3] [INFO] [1785623415.158497911] [ros_gz_bridge]: Creating GZ->ROS Bridge: [/joint_states (gz.msgs.Model) -> /joint_states (sensor_msgs/msg/JointState)] (Lazy 0)
[parameter_bridge-3] [INFO] [1785623415.165733470] [ros_gz_bridge]: Creating GZ->ROS Bridge: [/odom (gz.msgs.Odometry) -> /odom (nav_msgs/msg/Odometry)] (Lazy 0)
[parameter_bridge-3] [INFO] [1785623415.170266401] [ros_gz_bridge]: Creating GZ->ROS Bridge: [/tf (gz.msgs.Pose_V) -> /tf (tf2_msgs/msg/TFMessage)] (Lazy 0)
[parameter_bridge-3] [INFO] [1785623415.173943880] [ros_gz_bridge]: Creating GZ->ROS Bridge: [/scan (gz.msgs.LaserScan) -> /scan (sensor_msgs/msg/LaserScan)] (Lazy 0)
[parameter_bridge-3] [INFO] [1785623415.175947397] [ros_gz_bridge]: Creating GZ->ROS Bridge: [/imu/data (gz.msgs.IMU) -> /imu/data (sensor_msgs/msg/Imu)] (Lazy 0)
[parameter_bridge-3] [INFO] [1785623415.177776874] [ros_gz_bridge]: Creating ROS->GZ Bridge: [/cmd_vel (geometry_msgs/msg/Twist) -> /cmd_vel (gz.msgs.Twist)] (Lazy 0)
[parameter_bridge-3] [INFO] [1785623415.179410634] [ros_gz_bridge]: Creating GZ->ROS Bridge: [/ground_truth/odom (gz.msgs.Odometry) -> /ground_truth/odom (nav_msgs/msg/Odometry)] (Lazy 0)
[gazebo-1] [1;33m[Wrn] [SimulationRunner.cc:734] [0m[1;33mFound additional publishers on /stats,[0m[1;33m using namespaced stats topic only[0m[1;33m[0m
[gazebo-1] [1;33m[Wrn] [SimulationRunner.cc:768] [0m[1;33mFound additional publishers on /clock,[0m[1;33m using namespaced clock topic only[0m[1;33m[0m
[gazebo-1] [1;32m[Msg] [0m[1;32mWorld [[0m[1;32mnarrow_aisles[0m[1;32m] initialized with [[0m[1;32mresearch_physics[0m[1;32m] physics profile.[0m[1;32m[0m
[gazebo-1] [1;32m[Msg] [0m[1;32mServing world SDF generation service on [[0m[1;32m/world/narrow_aisles[0m[1;32m/[0m[1;32mgenerate_world_sdf[0m[1;32m][0m[1;32m[0m
[gazebo-1] [1;32m[Msg] [0m[1;32mServing world names on [[0m[1;32m/gazebo/worlds[0m[1;32m][0m[1;32m[0m
[gazebo-1] [1;32m[Msg] [0m[1;32mResource path add service on [[0m[1;32m/gazebo/resource_paths/add[0m[1;32m].[0m[1;32m[0m
[gazebo-1] [1;32m[Msg] [0m[1;32mResource path get service on [[0m[1;32m/gazebo/resource_paths/get[0m[1;32m].[0m[1;32m[0m
[gazebo-1] [1;32m[Msg] [0m[1;32mResource path resolve service on [[0m[1;32m/gazebo/resource_paths/resolve[0m[1;32m].[0m[1;32m[0m
[gazebo-1] [1;32m[Msg] [0m[1;32mResource paths published on [[0m[1;32m/gazebo/resource_paths[0m[1;32m].[0m[1;32m[0m
[gazebo-1] [1;32m[Msg] [0m[1;32mServer control service on [[0m[1;32m/server_control[0m[1;32m].[0m[1;32m[0m
[gazebo-1] [1;33mWarning [Utils.cc:132][0m [/sdf/model[@name="vacuum_robot"]/link[@name="base_link"]/sensor[@name="rplidar_a1m8"]/gz_frame_id:/home/linh-pham/agv_nav2_research_ws_bao/install/vacuum_robot_gazebo/share/vacuum_robot_gazebo/models/vacuum_robot/model.sdf:L107]: XML Element[gz_frame_id], child of element[sensor], not defined in SDF. Copying[gz_frame_id] as children of [sensor].
[gazebo-1] [1;33mWarning [Utils.cc:132][0m [/sdf/model[@name="vacuum_robot"]/link[@name="base_link"]/sensor[@name="bno055_imu"]/gz_frame_id:/home/linh-pham/agv_nav2_research_ws_bao/install/vacuum_robot_gazebo/share/vacuum_robot_gazebo/models/vacuum_robot/model.sdf:L128]: XML Element[gz_frame_id], child of element[sensor], not defined in SDF. Copying[gz_frame_id] as children of [sensor].
[gazebo-1] libEGL warning: pci id for fd 57: 10de:25ec, driver (null)
[gazebo-1] 
[gazebo-1] pci id for fd 58: 10de:25ec, driver (null)
[gazebo-1] pci id for fd 59: 10de:25ec, driver (null)
[gazebo-1] libEGL warning: egl: failed to create dri2 screen
[gazebo-1] libEGL warning: pci id for fd 57: 10de:25ec, driver (null)
[gazebo-1] 
[gazebo-1] pci id for fd 58: 10de:25ec, driver (null)
[gazebo-1] pci id for fd 59: 10de:25ec, driver (null)
[gazebo-1] libEGL warning: egl: failed to create dri2 screen
[gazebo-1] libEGL warning: pci id for fd 57: 10de:25ec, driver (null)
[gazebo-1] 
[INFO] [map_server-6]: process started with pid [157363]
[INFO] [amcl-7]: process started with pid [157364]
[INFO] [lifecycle_manager-8]: process started with pid [157365]
[INFO] [controller_server-9]: process started with pid [157366]
[INFO] [smoother_server-10]: process started with pid [157367]
[INFO] [planner_server-11]: process started with pid [157368]
[INFO] [route_server-12]: process started with pid [157369]
[INFO] [behavior_server-13]: process started with pid [157370]
[INFO] [bt_navigator-14]: process started with pid [157371]
[INFO] [waypoint_follower-15]: process started with pid [157372]
[INFO] [velocity_smoother-16]: process started with pid [157373]
[INFO] [collision_monitor-17]: process started with pid [157378]
[INFO] [opennav_docking-18]: process started with pid [157381]
[INFO] [lifecycle_manager-19]: process started with pid [157384]
[controller_server-9] [INFO] [1785623417.240081008] [controller_server]: 
[controller_server-9] 	controller_server lifecycle node launched. 
[controller_server-9] 	Waiting on external lifecycle transitions to activate
[controller_server-9] 	See https://design.ros2.org/articles/node_lifecycle.html for more information.
[lifecycle_manager-19] [INFO] [1785623417.252541532] [lifecycle_manager_navigation]: Creating
[controller_server-9] [INFO] [1785623417.253213873] [controller_server]: Creating controller server
[route_server-12] [INFO] [1785623417.257583095] [route_server]: 
[route_server-12] 	route_server lifecycle node launched. 
[route_server-12] 	Waiting on external lifecycle transitions to activate
[route_server-12] 	See https://design.ros2.org/articles/node_lifecycle.html for more information.
[lifecycle_manager-8] [INFO] [1785623417.259866908] [lifecycle_manager_localization]: Creating
[behavior_server-13] [INFO] [1785623417.265427447] [behavior_server]: 
[behavior_server-13] 	behavior_server lifecycle node launched. 
[behavior_server-13] 	Waiting on external lifecycle transitions to activate
[behavior_server-13] 	See https://design.ros2.org/articles/node_lifecycle.html for more information.
[lifecycle_manager-8] [INFO] [1785623417.267598541] [lifecycle_manager_localization]: [34m[1mCreating and initializing lifecycle service clients[0m[0m
[lifecycle_manager-19] [INFO] [1785623417.275884037] [lifecycle_manager_navigation]: [34m[1mCreating and initializing lifecycle service clients[0m[0m
[map_server-6] [INFO] [1785623417.278505788] [map_server]: 
[map_server-6] 	map_server lifecycle node launched. 
[map_server-6] 	Waiting on external lifecycle transitions to activate
[map_server-6] 	See https://design.ros2.org/articles/node_lifecycle.html for more information.
[map_server-6] [INFO] [1785623417.279517868] [map_server]: Creating
[bt_navigator-14] [INFO] [1785623417.286698183] [bt_navigator]: 
[bt_navigator-14] 	bt_navigator lifecycle node launched. 
[bt_navigator-14] 	Waiting on external lifecycle transitions to activate
[bt_navigator-14] 	See https://design.ros2.org/articles/node_lifecycle.html for more information.
[bt_navigator-14] [INFO] [1785623417.288601519] [bt_navigator]: Creating
[opennav_docking-18] [INFO] [1785623417.311659094] [docking_server]: 
[opennav_docking-18] 	docking_server lifecycle node launched. 
[opennav_docking-18] 	Waiting on external lifecycle transitions to activate
[opennav_docking-18] 	See https://design.ros2.org/articles/node_lifecycle.html for more information.
[opennav_docking-18] [INFO] [1785623417.311789927] [docking_server]: Creating docking_server
[collision_monitor-17] [INFO] [1785623417.326107384] [collision_monitor]: 
[collision_monitor-17] 	collision_monitor lifecycle node launched. 
[collision_monitor-17] 	Waiting on external lifecycle transitions to activate
[collision_monitor-17] 	See https://design.ros2.org/articles/node_lifecycle.html for more information.
[controller_server-9] [INFO] [1785623417.328478420] [local_costmap.local_costmap]: 
[controller_server-9] 	local_costmap lifecycle node launched. 
[controller_server-9] 	Waiting on external lifecycle transitions to activate
[controller_server-9] 	See https://design.ros2.org/articles/node_lifecycle.html for more information.
[waypoint_follower-15] [INFO] [1785623417.331850118] [waypoint_follower]: 
[waypoint_follower-15] 	waypoint_follower lifecycle node launched. 
[waypoint_follower-15] 	Waiting on external lifecycle transitions to activate
[waypoint_follower-15] 	See https://design.ros2.org/articles/node_lifecycle.html for more information.
[controller_server-9] [INFO] [1785623417.332055941] [local_costmap.local_costmap]: Creating Costmap
[planner_server-11] [INFO] [1785623417.333427922] [planner_server]: 
[planner_server-11] 	planner_server lifecycle node launched. 
[planner_server-11] 	Waiting on external lifecycle transitions to activate
[planner_server-11] 	See https://design.ros2.org/articles/node_lifecycle.html for more information.
[planner_server-11] [INFO] [1785623417.334876030] [planner_server]: Creating
[waypoint_follower-15] [INFO] [1785623417.333703515] [waypoint_follower]: Creating
[smoother_server-10] [INFO] [1785623417.346377398] [smoother_server]: 
[smoother_server-10] 	smoother_server lifecycle node launched. 
[smoother_server-10] 	Waiting on external lifecycle transitions to activate
[smoother_server-10] 	See https://design.ros2.org/articles/node_lifecycle.html for more information.
[smoother_server-10] [INFO] [1785623417.347761069] [smoother_server]: Creating smoother server
[velocity_smoother-16] [INFO] [1785623417.350139164] [velocity_smoother]: 
[velocity_smoother-16] 	velocity_smoother lifecycle node launched. 
[velocity_smoother-16] 	Waiting on external lifecycle transitions to activate
[velocity_smoother-16] 	See https://design.ros2.org/articles/node_lifecycle.html for more information.
[planner_server-11] [INFO] [1785623417.360006604] [global_costmap.global_costmap]: 
[planner_server-11] 	global_costmap lifecycle node launched. 
[planner_server-11] 	Waiting on external lifecycle transitions to activate
[planner_server-11] 	See https://design.ros2.org/articles/node_lifecycle.html for more information.
[planner_server-11] [INFO] [1785623417.360457285] [global_costmap.global_costmap]: Creating Costmap
[amcl-7] [INFO] [1785623417.370009821] [amcl]: 
[amcl-7] 	amcl lifecycle node launched. 
[amcl-7] 	Waiting on external lifecycle transitions to activate
[amcl-7] 	See https://design.ros2.org/articles/node_lifecycle.html for more information.
[amcl-7] [INFO] [1785623417.370429679] [amcl]: Creating
[lifecycle_manager-8] [INFO] [1785623417.439127752] [lifecycle_manager_localization]: [34m[1mStarting managed nodes bringup...[0m[0m
[lifecycle_manager-8] [INFO] [1785623417.439212998] [lifecycle_manager_localization]: [34m[1mConfiguring map_server[0m[0m
[map_server-6] [INFO] [1785623417.439686010] [map_server]: Configuring
[map_server-6] [INFO] [1785623417.439831937] [map_io]: Loading yaml file: /home/linh-pham/agv_nav2_research_ws_bao/install/vacuum_robot_gazebo/share/vacuum_robot_gazebo/maps/narrow_aisles.yaml
[map_server-6] [INFO] [1785623417.440456466] [map_io]: resolution: 0.05
[map_server-6] [INFO] [1785623417.440477260] [map_io]: origin[0]: -6
[map_server-6] [INFO] [1785623417.440489305] [map_io]: origin[1]: -4
[map_server-6] [INFO] [1785623417.440501566] [map_io]: origin[2]: 0
[map_server-6] [INFO] [1785623417.440512941] [map_io]: free_thresh: 0.25
[map_server-6] [INFO] [1785623417.440523413] [map_io]: occupied_thresh: 0.65
[map_server-6] [INFO] [1785623417.440534868] [map_io]: mode: trinary
[map_server-6] [INFO] [1785623417.440546298] [map_io]: negate: 0
[map_server-6] [INFO] [1785623417.440975696] [map_io]: Loading image_file: /home/linh-pham/agv_nav2_research_ws_bao/install/vacuum_robot_gazebo/share/vacuum_robot_gazebo/maps/narrow_aisles.pgm
[map_server-6] [INFO] [1785623417.443144984] [map_io]: Read map /home/linh-pham/agv_nav2_research_ws_bao/install/vacuum_robot_gazebo/share/vacuum_robot_gazebo/maps/narrow_aisles.pgm: 240 X 160 map @ 0.05 m/cell
[lifecycle_manager-8] [INFO] [1785623417.476042429] [lifecycle_manager_localization]: [34m[1mConfiguring amcl[0m[0m
[amcl-7] [INFO] [1785623417.476799719] [amcl]: Configuring
[amcl-7] [INFO] [1785623417.476987401] [amcl]: initTransforms
[amcl-7] [INFO] [1785623417.494338066] [amcl]: initPubSub
[amcl-7] [INFO] [1785623417.504535674] [amcl]: Subscribed to map topic.
[lifecycle_manager-8] [INFO] [1785623417.508564894] [lifecycle_manager_localization]: [34m[1mActivating map_server[0m[0m
[map_server-6] [INFO] [1785623417.508785913] [map_server]: Activating
[map_server-6] [INFO] [1785623417.509011308] [map_server]: Creating bond (map_server) to lifecycle manager.
[amcl-7] [INFO] [1785623417.509844603] [amcl]: Message Filter dropping message: frame 'laser' at time 0.726 for reason 'the timestamp on the message is earlier than all the data in the transform cache'
[amcl-7] [WARN] [1785623417.516521928] []: TF_OLD_DATA ignoring data from the past for frame base_link at time 0.756000 according to authority Authority undetectable
[amcl-7] Possible reasons are listed at http://wiki.ros.org/tf/Errors%20explained
[amcl-7] [WARN] [1785623417.552353952] []: TF_OLD_DATA ignoring data from the past for frame base_link at time 0.792000 according to authority Authority undetectable
[amcl-7] Possible reasons are listed at http://wiki.ros.org/tf/Errors%20explained
[amcl-7] [WARN] [1785623417.588836158] []: TF_OLD_DATA ignoring data from the past for frame base_link at time 0.828000 according to authority Authority undetectable
[amcl-7] Possible reasons are listed at http://wiki.ros.org/tf/Errors%20explained
[lifecycle_manager-19] [INFO] [1785623417.588937766] [lifecycle_manager_navigation]: [34m[1mStarting managed nodes bringup...[0m[0m
[lifecycle_manager-19] [INFO] [1785623417.588983286] [lifecycle_manager_navigation]: [34m[1mConfiguring controller_server[0m[0m
[controller_server-9] [INFO] [1785623417.589362907] [controller_server]: Configuring controller interface
[controller_server-9] [INFO] [1785623417.589389508] [controller_server]: getting progress checker plugins..
[controller_server-9] [INFO] [1785623417.589621970] [controller_server]: getting goal checker plugins..
[controller_server-9] [INFO] [1785623417.589751240] [controller_server]: Controller frequency set to 20.0000Hz
[controller_server-9] [INFO] [1785623417.589786419] [local_costmap.local_costmap]: Configuring
[controller_server-9] [INFO] [1785623417.599302443] [local_costmap.local_costmap]: Using plugin "voxel_layer"
[controller_server-9] [INFO] [1785623417.603111622] [local_costmap.local_costmap]: Subscribed to Topics: scan
[controller_server-9] [INFO] [1785623417.613719988] [local_costmap.local_costmap]: Initialized plugin "voxel_layer"
[controller_server-9] [INFO] [1785623417.613759722] [local_costmap.local_costmap]: Using plugin "inflation_layer"
[lifecycle_manager-8] [INFO] [1785623417.613733137] [lifecycle_manager_localization]: Server map_server connected with bond.
[lifecycle_manager-8] [INFO] [1785623417.613770318] [lifecycle_manager_localization]: [34m[1mActivating amcl[0m[0m
[amcl-7] [INFO] [1785623417.614084943] [amcl]: Activating
[amcl-7] [INFO] [1785623417.614129064] [amcl]: initialPoseReceived
[amcl-7] [INFO] [1785623417.614248449] [amcl]: Setting pose (13.422000): -5.000 0.000 0.785
[controller_server-9] [INFO] [1785623417.614493882] [local_costmap.local_costmap]: Initialized plugin "inflation_layer"
[amcl-7] [INFO] [1785623417.614841080] [amcl]: Creating bond (amcl) to lifecycle manager.
[amcl-7] [WARN] [1785623417.624506055] []: TF_OLD_DATA ignoring data from the past for frame base_link at time 0.864000 according to authority Authority undetectable
[amcl-7] Possible reasons are listed at http://wiki.ros.org/tf/Errors%20explained
[controller_server-9] [WARN] [1785623417.624519933] []: TF_OLD_DATA ignoring data from the past for frame base_link at time 0.864000 according to authority Authority undetectable
[controller_server-9] Possible reasons are listed at http://wiki.ros.org/tf/Errors%20explained
[controller_server-9] [INFO] [1785623417.637737856] [controller_server]: Created progress_checker : progress_checker of type nav2_controller::PoseProgressChecker
[controller_server-9] [INFO] [1785623417.638296786] [controller_server]: Controller Server has progress_checker  progress checkers available.
[controller_server-9] [INFO] [1785623417.638893038] [controller_server]: Created goal checker : general_goal_checker of type nav2_controller::SimpleGoalChecker
[controller_server-9] [INFO] [1785623417.639492324] [controller_server]: Controller Server has general_goal_checker  goal checkers available.
[controller_server-9] [INFO] [1785623417.640584753] [controller_server]: Created controller : FollowPath of type nav2_regulated_pure_pursuit_controller::RegulatedPurePursuitController
[controller_server-9] [INFO] [1785623417.646890550] [controller_server]: Controller Server has FollowPath  controllers available.
[lifecycle_manager-19] [INFO] [1785623417.659650959] [lifecycle_manager_navigation]: [34m[1mConfiguring smoother_server[0m[0m
[smoother_server-10] [INFO] [1785623417.659949055] [smoother_server]: Configuring smoother server
[amcl-7] [WARN] [1785623417.660710756] []: TF_OLD_DATA ignoring data from the past for frame base_link at time 0.900000 according to authority Authority undetectable
[amcl-7] Possible reasons are listed at http://wiki.ros.org/tf/Errors%20explained
[controller_server-9] [WARN] [1785623417.660709641] []: TF_OLD_DATA ignoring data from the past for frame base_link at time 0.900000 according to authority Authority undetectable
[controller_server-9] Possible reasons are listed at http://wiki.ros.org/tf/Errors%20explained
[smoother_server-10] [INFO] [1785623417.673285032] [smoother_server]: Created smoother : simple_smoother of type nav2_smoother::SimpleSmoother
[smoother_server-10] [INFO] [1785623417.674596738] [smoother_server]: Created smoother : savitzky_golay of type nav2_smoother::SavitzkyGolaySmoother
[smoother_server-10] [INFO] [1785623417.678832638] [smoother_server]: Created smoother : constrained of type nav2_constrained_smoother/ConstrainedSmoother
[smoother_server-10] [INFO] [1785623417.681048993] [smoother_server]: Created smoother : pstmo of type adaptive_pivot_g2_nav2/AdaptivePivotG2Smoother
[smoother_server-10] [INFO] [1785623417.685531678] [smoother_server]: Configured PSTMO smoother 'pstmo' with joint (d,q) shape search
[smoother_server-10] [INFO] [1785623417.685712251] [smoother_server]: Created smoother : adaptive_hybrid of type adaptive_pivot_g2_nav2/SafetyGatedHybridSmoother
[smoother_server-10] [INFO] [1785623417.691282680] [smoother_server]: Configured PSTMO smoother 'adaptive_hybrid.pivot' with joint (d,q) shape search
[smoother_server-10] [INFO] [1785623417.691888552] [smoother_server]: Configured safety-gated hybrid smoother as 'adaptive_hybrid'
[smoother_server-10] [INFO] [1785623417.691917270] [smoother_server]: Smoother Server has simple_smoother savitzky_golay constrained pstmo adaptive_hybrid  smoothers available.
[amcl-7] [WARN] [1785623417.696928395] []: TF_OLD_DATA ignoring data from the past for frame base_link at time 0.936000 according to authority Authority undetectable
[amcl-7] Possible reasons are listed at http://wiki.ros.org/tf/Errors%20explained
[controller_server-9] [WARN] [1785623417.696928660] []: TF_OLD_DATA ignoring data from the past for frame base_link at time 0.936000 according to authority Authority undetectable
[controller_server-9] Possible reasons are listed at http://wiki.ros.org/tf/Errors%20explained
[smoother_server-10] [WARN] [1785623417.696978358] []: TF_OLD_DATA ignoring data from the past for frame base_link at time 0.936000 according to authority Authority undetectable
[smoother_server-10] Possible reasons are listed at http://wiki.ros.org/tf/Errors%20explained
[lifecycle_manager-19] [INFO] [1785623417.699542368] [lifecycle_manager_navigation]: [34m[1mConfiguring planner_server[0m[0m
[planner_server-11] [INFO] [1785623417.699784026] [planner_server]: Configuring
[planner_server-11] [INFO] [1785623417.699812098] [global_costmap.global_costmap]: Configuring
[planner_server-11] [INFO] [1785623417.707821892] [global_costmap.global_costmap]: Using plugin "static_layer"
[planner_server-11] [INFO] [1785623417.710858701] [global_costmap.global_costmap]: Subscribing to the map topic (/map) with transient local durability
[planner_server-11] [INFO] [1785623417.712456798] [global_costmap.global_costmap]: Initialized plugin "static_layer"
[planner_server-11] [INFO] [1785623417.712483729] [global_costmap.global_costmap]: Using plugin "inflation_layer"
[planner_server-11] [INFO] [1785623417.712869181] [global_costmap.global_costmap]: Initialized plugin "inflation_layer"
[lifecycle_manager-8] [INFO] [1785623417.720009360] [lifecycle_manager_localization]: Server amcl connected with bond.
[lifecycle_manager-8] [INFO] [1785623417.720049321] [lifecycle_manager_localization]: [34m[1mManaged nodes are active[0m[0m
[lifecycle_manager-8] [INFO] [1785623417.720080765] [lifecycle_manager_localization]: [34m[1mCreating bond timer...[0m[0m
[amcl-7] [WARN] [1785623417.732752716] []: TF_OLD_DATA ignoring data from the past for frame base_link at time 0.972000 according to authority Authority undetectable
[amcl-7] Possible reasons are listed at http://wiki.ros.org/tf/Errors%20explained
[smoother_server-10] [WARN] [1785623417.732765203] []: TF_OLD_DATA ignoring data from the past for frame base_link at time 0.972000 according to authority Authority undetectable
[smoother_server-10] Possible reasons are listed at http://wiki.ros.org/tf/Errors%20explained
[controller_server-9] [WARN] [1785623417.732771958] []: TF_OLD_DATA ignoring data from the past for frame base_link at time 0.972000 according to authority Authority undetectable
[controller_server-9] Possible reasons are listed at http://wiki.ros.org/tf/Errors%20explained
[planner_server-11] [WARN] [1785623417.732900755] []: TF_OLD_DATA ignoring data from the past for frame base_link at time 0.972000 according to authority Authority undetectable
[planner_server-11] Possible reasons are listed at http://wiki.ros.org/tf/Errors%20explained
[planner_server-11] [INFO] [1785623417.733051315] [planner_server]: Created global planner plugin NavFnAStar of type nav2_navfn_planner::NavfnPlanner
[planner_server-11] [INFO] [1785623417.733086879] [planner_server]: Configuring plugin NavFnAStar of type NavfnPlanner
[planner_server-11] [INFO] [1785623417.733552446] [planner_server]: Created global planner plugin NavFnDijkstra of type nav2_navfn_planner::NavfnPlanner
[planner_server-11] [INFO] [1785623417.733573679] [planner_server]: Configuring plugin NavFnDijkstra of type NavfnPlanner
[planner_server-11] [INFO] [1785623417.734526614] [planner_server]: Created global planner plugin ThetaStar of type nav2_theta_star_planner::ThetaStarPlanner
[planner_server-11] [INFO] [1785623417.738962038] [planner_server]: Created global planner plugin Smac2D of type nav2_smac_planner::SmacPlanner2D
[planner_server-11] [INFO] [1785623417.739011699] [planner_server]: Configuring Smac2D of type SmacPlanner2D
[planner_server-11] [ERROR] [1785623417.739635684] [planner_server]: Inflation layer either not found or inflation is not set sufficiently for optimized non-circular collision checking capabilities. It is HIGHLY recommended to set the inflation radius to be at MINIMUM half of the robot's largest cross-section. See github.com/ros-planning/navigation2/tree/main/nav2_smac_planner#potential-fields for full instructions. This will substantially impact run-time performance.
[planner_server-11] [INFO] [1785623417.741085894] [planner_server]: Configured plugin Smac2D of type SmacPlanner2D with tolerance 0.10, maximum iterations 1000000, max on approach iterations 1000, and not allowing unknown traversal.
[planner_server-11] [INFO] [1785623417.742323942] [planner_server]: Created global planner plugin SmacHybrid of type nav2_smac_planner::SmacPlannerHybrid
[planner_server-11] [INFO] [1785623417.742350631] [planner_server]: Configuring SmacHybrid of type SmacPlannerHybrid
[planner_server-11] [INFO] [1785623417.743594414] [planner_server]: Even sized heuristic lookup table size set 160.000000, increasing size by 1 to make odd
[amcl-7] [WARN] [1785623417.768550175] []: TF_OLD_DATA ignoring data from the past for frame base_link at time 1.008000 according to authority Authority undetectable
[amcl-7] Possible reasons are listed at http://wiki.ros.org/tf/Errors%20explained
[planner_server-11] [WARN] [1785623417.768551982] []: TF_OLD_DATA ignoring data from the past for frame base_link at time 1.008000 according to authority Authority undetectable
[planner_server-11] Possible reasons are listed at http://wiki.ros.org/tf/Errors%20explained
[smoother_server-10] [WARN] [1785623417.768553210] []: TF_OLD_DATA ignoring data from the past for frame base_link at time 1.008000 according to authority Authority undetectable
[smoother_server-10] Possible reasons are listed at http://wiki.ros.org/tf/Errors%20explained
[controller_server-9] [WARN] [1785623417.768562165] []: TF_OLD_DATA ignoring data from the past for frame base_link at time 1.008000 according to authority Authority undetectable
[controller_server-9] Possible reasons are listed at http://wiki.ros.org/tf/Errors%20explained
[amcl-7] [WARN] [1785623417.804372692] []: TF_OLD_DATA ignoring data from the past for frame base_link at time 1.044000 according to authority Authority undetectable
[amcl-7] Possible reasons are listed at http://wiki.ros.org/tf/Errors%20explained
[smoother_server-10] [WARN] [1785623417.804372647] []: TF_OLD_DATA ignoring data from the past for frame base_link at time 1.044000 according to authority Authority undetectable
[smoother_server-10] Possible reasons are listed at http://wiki.ros.org/tf/Errors%20explained
[controller_server-9] [WARN] [1785623417.804372870] []: TF_OLD_DATA ignoring data from the past for frame base_link at time 1.044000 according to authority Authority undetectable
[controller_server-9] Possible reasons are listed at http://wiki.ros.org/tf/Errors%20explained
[planner_server-11] [WARN] [1785623417.804388260] []: TF_OLD_DATA ignoring data from the past for frame base_link at time 1.044000 according to authority Authority undetectable
[planner_server-11] Possible reasons are listed at http://wiki.ros.org/tf/Errors%20explained
[controller_server-9] [WARN] [1785623417.840585336] []: TF_OLD_DATA ignoring data from the past for frame base_link at time 1.080000 according to authority Authority undetectable
[controller_server-9] Possible reasons are listed at http://wiki.ros.org/tf/Errors%20explained
[smoother_server-10] [WARN] [1785623417.840598834] []: TF_OLD_DATA ignoring data from the past for frame base_link at time 1.080000 according to authority Authority undetectable
[smoother_server-10] Possible reasons are listed at http://wiki.ros.org/tf/Errors%20explained
[amcl-7] [WARN] [1785623417.840619589] []: TF_OLD_DATA ignoring data from the past for frame base_link at time 1.080000 according to authority Authority undetectable
[amcl-7] Possible reasons are listed at http://wiki.ros.org/tf/Errors%20explained
[planner_server-11] [WARN] [1785623417.840635924] []: TF_OLD_DATA ignoring data from the past for frame base_link at time 1.080000 according to authority Authority undetectable
[planner_server-11] Possible reasons are listed at http://wiki.ros.org/tf/Errors%20explained
[planner_server-11] [WARN] [1785623417.876731011] []: TF_OLD_DATA ignoring data from the past for frame base_link at time 1.116000 according to authority Authority undetectable
[planner_server-11] Possible reasons are listed at http://wiki.ros.org/tf/Errors%20explained
[amcl-7] [WARN] [1785623417.876731004] []: TF_OLD_DATA ignoring data from the past for frame base_link at time 1.116000 according to authority Authority undetectable
[amcl-7] Possible reasons are listed at http://wiki.ros.org/tf/Errors%20explained
[controller_server-9] [WARN] [1785623417.876735076] []: TF_OLD_DATA ignoring data from the past for frame base_link at time 1.116000 according to authority Authority undetectable
[controller_server-9] Possible reasons are listed at http://wiki.ros.org/tf/Errors%20explained
[smoother_server-10] [WARN] [1785623417.876750858] []: TF_OLD_DATA ignoring data from the past for frame base_link at time 1.116000 according to authority Authority undetectable
[smoother_server-10] Possible reasons are listed at http://wiki.ros.org/tf/Errors%20explained
[controller_server-9] [WARN] [1785623417.912512119] []: TF_OLD_DATA ignoring data from the past for frame base_link at time 1.152000 according to authority Authority undetectable
[controller_server-9] Possible reasons are listed at http://wiki.ros.org/tf/Errors%20explained
[amcl-7] [WARN] [1785623417.912516986] []: TF_OLD_DATA ignoring data from the past for frame base_link at time 1.152000 according to authority Authority undetectable
[amcl-7] Possible reasons are listed at http://wiki.ros.org/tf/Errors%20explained
[planner_server-11] [WARN] [1785623417.912527372] []: TF_OLD_DATA ignoring data from the past for frame base_link at time 1.152000 according to authority Authority undetectable
[planner_server-11] Possible reasons are listed at http://wiki.ros.org/tf/Errors%20explained
[smoother_server-10] [WARN] [1785623417.912568866] []: TF_OLD_DATA ignoring data from the past for frame base_link at time 1.152000 according to authority Authority undetectable
[smoother_server-10] Possible reasons are listed at http://wiki.ros.org/tf/Errors%20explained
[amcl-7] [INFO] [1785623417.946293212] [amcl]: Received a 240 X 160 map @ 0.050 m/pix
[planner_server-11] [INFO] [1785623417.946314489] [global_costmap.global_costmap]: StaticLayer: Resizing costmap to 240 X 160 at 0.050000 m/pix
[amcl-7] [WARN] [1785623417.948531682] []: TF_OLD_DATA ignoring data from the past for frame base_link at time 1.188000 according to authority Authority undetectable
[amcl-7] Possible reasons are listed at http://wiki.ros.org/tf/Errors%20explained
[smoother_server-10] [WARN] [1785623417.948548713] []: TF_OLD_DATA ignoring data from the past for frame base_link at time 1.188000 according to authority Authority undetectable
[smoother_server-10] Possible reasons are listed at http://wiki.ros.org/tf/Errors%20explained
[planner_server-11] [WARN] [1785623417.948565005] []: TF_OLD_DATA ignoring data from the past for frame base_link at time 1.188000 according to authority Authority undetectable
[planner_server-11] Possible reasons are listed at http://wiki.ros.org/tf/Errors%20explained
[controller_server-9] [WARN] [1785623417.949285946] []: TF_OLD_DATA ignoring data from the past for frame base_link at time 1.188000 according to authority Authority undetectable
[controller_server-9] Possible reasons are listed at http://wiki.ros.org/tf/Errors%20explained
[planner_server-11] [INFO] [1785623417.964387870] [planner_server]: Configured plugin SmacHybrid of type SmacPlannerHybrid with maximum iterations 1000000, max on approach iterations 1000, and not allowing unknown traversal. Tolerance 0.10.Using motion model: Dubin.
[planner_server-11] [INFO] [1785623417.964433787] [planner_server]: Planner Server has NavFnAStar NavFnDijkstra ThetaStar Smac2D SmacHybrid  planners available.
[amcl-7] [INFO] [1785623417.978271114] [amcl]: createLaserObject
[lifecycle_manager-19] [INFO] [1785623417.980882312] [lifecycle_manager_navigation]: [34m[1mConfiguring route_server[0m[0m
[route_server-12] [INFO] [1785623417.981332706] [route_server]: Configuring
[smoother_server-10] [WARN] [1785623417.984810850] []: TF_OLD_DATA ignoring data from the past for frame base_link at time 1.224000 according to authority Authority undetectable
[smoother_server-10] Possible reasons are listed at http://wiki.ros.org/tf/Errors%20explained
[planner_server-11] [WARN] [1785623417.984838053] []: TF_OLD_DATA ignoring data from the past for frame base_link at time 1.224000 according to authority Authority undetectable
[planner_server-11] Possible reasons are listed at http://wiki.ros.org/tf/Errors%20explained
[controller_server-9] [WARN] [1785623417.984921247] []: TF_OLD_DATA ignoring data from the past for frame base_link at time 1.224000 according to authority Authority undetectable
[controller_server-9] Possible reasons are listed at http://wiki.ros.org/tf/Errors%20explained
[amcl-7] [WARN] [1785623418.011760292] []: TF_OLD_DATA ignoring data from the past for frame base_link at time 1.224000 according to authority Authority undetectable
[amcl-7] Possible reasons are listed at http://wiki.ros.org/tf/Errors%20explained
[route_server-12] [INFO] [1785623418.019735188] [route_server]: Created GraphFileLoader GeoJsonGraphFileLoader of type nav2_route::GeoJsonGraphFileLoader
[route_server-12] [INFO] [1785623418.019769102] [route_server]: Configuring geojson graph file loader
[route_server-12] [INFO] [1785623418.019776793] [route_server]: No graph file provided to load yet.
[controller_server-9] [WARN] [1785623418.020651920] []: TF_OLD_DATA ignoring data from the past for frame base_link at time 1.260000 according to authority Authority undetectable
[controller_server-9] Possible reasons are listed at http://wiki.ros.org/tf/Errors%20explained
[amcl-7] [WARN] [1785623418.020651430] []: TF_OLD_DATA ignoring data from the past for frame base_link at time 1.260000 according to authority Authority undetectable
[amcl-7] Possible reasons are listed at http://wiki.ros.org/tf/Errors%20explained
[smoother_server-10] [WARN] [1785623418.020669470] []: TF_OLD_DATA ignoring data from the past for frame base_link at time 1.260000 according to authority Authority undetectable
[smoother_server-10] Possible reasons are listed at http://wiki.ros.org/tf/Errors%20explained
[planner_server-11] [WARN] [1785623418.020701941] []: TF_OLD_DATA ignoring data from the past for frame base_link at time 1.260000 according to authority Authority undetectable
[planner_server-11] Possible reasons are listed at http://wiki.ros.org/tf/Errors%20explained
[route_server-12] [WARN] [1785623418.020714095] []: TF_OLD_DATA ignoring data from the past for frame base_link at time 1.260000 according to authority Authority undetectable
[route_server-12] Possible reasons are listed at http://wiki.ros.org/tf/Errors%20explained
[route_server-12] [INFO] [1785623418.021539194] [route_server]: Created edge cost function plugin DistanceScorer of type nav2_route::DistanceScorer
[route_server-12] [INFO] [1785623418.021563447] [route_server]: Configuring distance scorer.
[route_server-12] [INFO] [1785623418.021870347] [route_server]: Created edge cost function plugin CostmapScorer of type nav2_route::CostmapScorer
[route_server-12] [INFO] [1785623418.021885471] [route_server]: Configuring costmap scorer.
[route_server-12] [INFO] [1785623418.024023092] [route_server]: Created route operation ReroutingService of type nav2_route::ReroutingService
[route_server-12] [INFO] [1785623418.024051400] [route_server]: Configuring Rerouting service operation.
[route_server-12] [INFO] [1785623418.025332567] [route_server]: Created route operation CollisionMonitor of type nav2_route::CollisionMonitor
[route_server-12] [INFO] [1785623418.025444688] [route_server]: Using costmap topic: local_costmap/costmap_raw instead of server costmap topic: global_costmap/costmap_raw for CollisionMonitor.
[lifecycle_manager-19] [INFO] [1785623418.029095878] [lifecycle_manager_navigation]: [34m[1mConfiguring behavior_server[0m[0m
[behavior_server-13] [INFO] [1785623418.029376402] [behavior_server]: Configuring
[behavior_server-13] [INFO] [1785623418.034555275] [behavior_server]: Creating behavior plugin spin of type nav2_behaviors::Spin
[behavior_server-13] [INFO] [1785623418.035439198] [behavior_server]: Creating behavior plugin backup of type nav2_behaviors::BackUp
[behavior_server-13] [INFO] [1785623418.036195915] [behavior_server]: Creating behavior plugin drive_on_heading of type nav2_behaviors::DriveOnHeading
[behavior_server-13] [INFO] [1785623418.037088616] [behavior_server]: Creating behavior plugin assisted_teleop of type nav2_behaviors::AssistedTeleop
[behavior_server-13] [INFO] [1785623418.038928818] [behavior_server]: Creating behavior plugin wait of type nav2_behaviors::Wait
[behavior_server-13] [INFO] [1785623418.048408198] [behavior_server]: Configuring spin
[amcl-7] [WARN] [1785623418.057035712] []: TF_OLD_DATA ignoring data from the past for frame base_link at time 1.296000 according to authority Authority undetectable
[amcl-7] Possible reasons are listed at http://wiki.ros.org/tf/Errors%20explained
[controller_server-9] [WARN] [1785623418.057043699] []: TF_OLD_DATA ignoring data from the past for frame base_link at time 1.296000 according to authority Authority undetectable
[controller_server-9] Possible reasons are listed at http://wiki.ros.org/tf/Errors%20explained
[smoother_server-10] [WARN] [1785623418.057046868] []: TF_OLD_DATA ignoring data from the past for frame base_link at time 1.296000 according to authority Authority undetectable
[smoother_server-10] Possible reasons are listed at http://wiki.ros.org/tf/Errors%20explained
[planner_server-11] [WARN] [1785623418.057067422] []: TF_OLD_DATA ignoring data from the past for frame base_link at time 1.296000 according to authority Authority undetectable
[planner_server-11] Possible reasons are listed at http://wiki.ros.org/tf/Errors%20explained
[behavior_server-13] [WARN] [1785623418.057221917] []: TF_OLD_DATA ignoring data from the past for frame base_link at time 1.296000 according to authority Authority undetectable
[behavior_server-13] Possible reasons are listed at http://wiki.ros.org/tf/Errors%20explained
[route_server-12] [WARN] [1785623418.058055344] []: TF_OLD_DATA ignoring data from the past for frame base_link at time 1.296000 according to authority Authority undetectable
[route_server-12] Possible reasons are listed at http://wiki.ros.org/tf/Errors%20explained
[behavior_server-13] [INFO] [1785623418.061056564] [behavior_server]: Configuring backup
[behavior_server-13] [INFO] [1785623418.069496605] [behavior_server]: Configuring drive_on_heading
[behavior_server-13] [INFO] [1785623418.077060834] [behavior_server]: Configuring assisted_teleop
[behavior_server-13] [INFO] [1785623418.087253146] [behavior_server]: Configuring wait
[amcl-7] [WARN] [1785623418.093032897] []: TF_OLD_DATA ignoring data from the past for frame base_link at time 1.332000 according to authority Authority undetectable
[amcl-7] Possible reasons are listed at http://wiki.ros.org/tf/Errors%20explained
[smoother_server-10] [WARN] [1785623418.093045902] []: TF_OLD_DATA ignoring data from the past for frame base_link at time 1.332000 according to authority Authority undetectable
[smoother_server-10] Possible reasons are listed at http://wiki.ros.org/tf/Errors%20explained
[controller_server-9] [WARN] [1785623418.093047474] []: TF_OLD_DATA ignoring data from the past for frame base_link at time 1.332000 according to authority Authority undetectable
[controller_server-9] Possible reasons are listed at http://wiki.ros.org/tf/Errors%20explained
[planner_server-11] [WARN] [1785623418.093058134] []: TF_OLD_DATA ignoring data from the past for frame base_link at time 1.332000 according to authority Authority undetectable
[planner_server-11] Possible reasons are listed at http://wiki.ros.org/tf/Errors%20explained
[route_server-12] [WARN] [1785623418.093141834] []: TF_OLD_DATA ignoring data from the past for frame base_link at time 1.332000 according to authority Authority undetectable
[route_server-12] Possible reasons are listed at http://wiki.ros.org/tf/Errors%20explained
[behavior_server-13] [WARN] [1785623418.093414367] []: TF_OLD_DATA ignoring data from the past for frame base_link at time 1.332000 according to authority Authority undetectable
[behavior_server-13] Possible reasons are listed at http://wiki.ros.org/tf/Errors%20explained
[lifecycle_manager-19] [INFO] [1785623418.095787873] [lifecycle_manager_navigation]: [34m[1mConfiguring velocity_smoother[0m[0m
[velocity_smoother-16] [INFO] [1785623418.096077396] [velocity_smoother]: Configuring velocity smoother
[lifecycle_manager-19] [INFO] [1785623418.103490580] [lifecycle_manager_navigation]: [34m[1mConfiguring collision_monitor[0m[0m
[collision_monitor-17] [INFO] [1785623418.103822579] [collision_monitor]: Configuring
[collision_monitor-17] [INFO] [1785623418.109280770] [collision_monitor]: [scan]: Creating Scan
[collision_monitor-17] [INFO] [1785623418.113256957] [collision_monitor]: [FootprintApproach]: Creating Polygon
[collision_monitor-17] [INFO] [1785623418.113482324] [collision_monitor]: [FootprintApproach]: Polygon points are not defined. Using dynamic subscription instead.
[collision_monitor-17] [INFO] [1785623418.114144381] [collision_monitor]: [FootprintApproach]: Making footprint subscriber on /local_costmap/published_footprint topic
[controller_server-9] [WARN] [1785623418.128633469] []: TF_OLD_DATA ignoring data from the past for frame base_link at time 1.368000 according to authority Authority undetectable
[controller_server-9] Possible reasons are listed at http://wiki.ros.org/tf/Errors%20explained
[planner_server-11] [WARN] [1785623418.128710622] []: TF_OLD_DATA ignoring data from the past for frame base_link at time 1.368000 according to authority Authority undetectable
[planner_server-11] Possible reasons are listed at http://wiki.ros.org/tf/Errors%20explained
[smoother_server-10] [WARN] [1785623418.128714302] []: TF_OLD_DATA ignoring data from the past for frame base_link at time 1.368000 according to authority Authority undetectable
[smoother_server-10] Possible reasons are listed at http://wiki.ros.org/tf/Errors%20explained
[collision_monitor-17] [WARN] [1785623418.128908247] []: TF_OLD_DATA ignoring data from the past for frame base_link at time 1.368000 according to authority Authority undetectable
[collision_monitor-17] Possible reasons are listed at http://wiki.ros.org/tf/Errors%20explained
[route_server-12] [WARN] [1785623418.128911205] []: TF_OLD_DATA ignoring data from the past for frame base_link at time 1.368000 according to authority Authority undetectable
[route_server-12] Possible reasons are listed at http://wiki.ros.org/tf/Errors%20explained
[behavior_server-13] [WARN] [1785623418.128923847] []: TF_OLD_DATA ignoring data from the past for frame base_link at time 1.368000 according to authority Authority undetectable
[behavior_server-13] Possible reasons are listed at http://wiki.ros.org/tf/Errors%20explained
[amcl-7] [WARN] [1785623418.129288798] []: TF_OLD_DATA ignoring data from the past for frame base_link at time 1.368000 according to authority Authority undetectable
[amcl-7] Possible reasons are listed at http://wiki.ros.org/tf/Errors%20explained
[lifecycle_manager-19] [INFO] [1785623418.131565903] [lifecycle_manager_navigation]: [34m[1mConfiguring bt_navigator[0m[0m
[bt_navigator-14] [INFO] [1785623418.131888143] [bt_navigator]: Configuring
[bt_navigator-14] [INFO] [1785623418.139654955] [bt_navigator]: Creating navigator id navigate_to_pose of type nav2_bt_navigator::NavigateToPoseNavigator
[controller_server-9] [WARN] [1785623418.164772591] []: TF_OLD_DATA ignoring data from the past for frame base_link at time 1.404000 according to authority Authority undetectable
[controller_server-9] Possible reasons are listed at http://wiki.ros.org/tf/Errors%20explained
[collision_monitor-17] [WARN] [1785623418.164799323] []: TF_OLD_DATA ignoring data from the past for frame base_link at time 1.404000 according to authority Authority undetectable
[collision_monitor-17] Possible reasons are listed at http://wiki.ros.org/tf/Errors%20explained
[planner_server-11] [WARN] [1785623418.164797894] []: TF_OLD_DATA ignoring data from the past for frame base_link at time 1.404000 according to authority Authority undetectable
[planner_server-11] Possible reasons are listed at http://wiki.ros.org/tf/Errors%20explained
[smoother_server-10] [WARN] [1785623418.164807342] []: TF_OLD_DATA ignoring data from the past for frame base_link at time 1.404000 according to authority Authority undetectable
[smoother_server-10] Possible reasons are listed at http://wiki.ros.org/tf/Errors%20explained
[route_server-12] [WARN] [1785623418.164833567] []: TF_OLD_DATA ignoring data from the past for frame base_link at time 1.404000 according to authority Authority undetectable
[route_server-12] Possible reasons are listed at http://wiki.ros.org/tf/Errors%20explained
[bt_navigator-14] [WARN] [1785623418.164847279] []: TF_OLD_DATA ignoring data from the past for frame base_link at time 1.404000 according to authority Authority undetectable
[bt_navigator-14] Possible reasons are listed at http://wiki.ros.org/tf/Errors%20explained
[behavior_server-13] [WARN] [1785623418.164902713] []: TF_OLD_DATA ignoring data from the past for frame base_link at time 1.404000 according to authority Authority undetectable
[behavior_server-13] Possible reasons are listed at http://wiki.ros.org/tf/Errors%20explained
[amcl-7] [WARN] [1785623418.164904770] []: TF_OLD_DATA ignoring data from the past for frame base_link at time 1.404000 according to authority Authority undetectable
[amcl-7] Possible reasons are listed at http://wiki.ros.org/tf/Errors%20explained
[controller_server-9] [WARN] [1785623418.200505025] []: TF_OLD_DATA ignoring data from the past for frame base_link at time 1.440000 according to authority Authority undetectable
[controller_server-9] Possible reasons are listed at http://wiki.ros.org/tf/Errors%20explained
[amcl-7] [WARN] [1785623418.200540185] []: TF_OLD_DATA ignoring data from the past for frame base_link at time 1.440000 according to authority Authority undetectable
[amcl-7] Possible reasons are listed at http://wiki.ros.org/tf/Errors%20explained
[smoother_server-10] [WARN] [1785623418.200566328] []: TF_OLD_DATA ignoring data from the past for frame base_link at time 1.440000 according to authority Authority undetectable
[smoother_server-10] Possible reasons are listed at http://wiki.ros.org/tf/Errors%20explained
[behavior_server-13] [WARN] [1785623418.200567976] []: TF_OLD_DATA ignoring data from the past for frame base_link at time 1.440000 according to authority Authority undetectable
[behavior_server-13] Possible reasons are listed at http://wiki.ros.org/tf/Errors%20explained
[bt_navigator-14] [WARN] [1785623418.200618348] []: TF_OLD_DATA ignoring data from the past for frame base_link at time 1.440000 according to authority Authority undetectable
[bt_navigator-14] Possible reasons are listed at http://wiki.ros.org/tf/Errors%20explained
[planner_server-11] [WARN] [1785623418.200623364] []: TF_OLD_DATA ignoring data from the past for frame base_link at time 1.440000 according to authority Authority undetectable
[planner_server-11] Possible reasons are listed at http://wiki.ros.org/tf/Errors%20explained
[route_server-12] [WARN] [1785623418.200630526] []: TF_OLD_DATA ignoring data from the past for frame base_link at time 1.440000 according to authority Authority undetectable
[route_server-12] Possible reasons are listed at http://wiki.ros.org/tf/Errors%20explained
[collision_monitor-17] [WARN] [1785623418.200673097] []: TF_OLD_DATA ignoring data from the past for frame base_link at time 1.440000 according to authority Authority undetectable
[collision_monitor-17] Possible reasons are listed at http://wiki.ros.org/tf/Errors%20explained
[bt_navigator-14] [INFO] [1785623418.216900692] [bt_navigator]: Creating navigator id navigate_through_poses of type nav2_bt_navigator::NavigateThroughPosesNavigator
[smoother_server-10] [WARN] [1785623418.239308734] []: TF_OLD_DATA ignoring data from the past for frame base_link at time 1.476000 according to authority Authority undetectable
[smoother_server-10] Possible reasons are listed at http://wiki.ros.org/tf/Errors%20explained
[planner_server-11] [WARN] [1785623418.239638991] []: TF_OLD_DATA ignoring data from the past for frame base_link at time 1.476000 according to authority Authority undetectable
[planner_server-11] Possible reasons are listed at http://wiki.ros.org/tf/Errors%20explained
[collision_monitor-17] [WARN] [1785623418.239707322] []: TF_OLD_DATA ignoring data from the past for frame base_link at time 1.476000 according to authority Authority undetectable
[collision_monitor-17] Possible reasons are listed at http://wiki.ros.org/tf/Errors%20explained
[amcl-7] [WARN] [1785623418.239966666] []: TF_OLD_DATA ignoring data from the past for frame base_link at time 1.476000 according to authority Authority undetectable
[amcl-7] Possible reasons are listed at http://wiki.ros.org/tf/Errors%20explained
[controller_server-9] [WARN] [1785623418.240138925] []: TF_OLD_DATA ignoring data from the past for frame base_link at time 1.476000 according to authority Authority undetectable
[controller_server-9] Possible reasons are listed at http://wiki.ros.org/tf/Errors%20explained
[behavior_server-13] [WARN] [1785623418.240211926] []: TF_OLD_DATA ignoring data from the past for frame base_link at time 1.476000 according to authority Authority undetectable
[behavior_server-13] Possible reasons are listed at http://wiki.ros.org/tf/Errors%20explained
[bt_navigator-14] [WARN] [1785623418.240928564] []: TF_OLD_DATA ignoring data from the past for frame base_link at time 1.476000 according to authority Authority undetectable
[bt_navigator-14] Possible reasons are listed at http://wiki.ros.org/tf/Errors%20explained
[route_server-12] [WARN] [1785623418.241209502] []: TF_OLD_DATA ignoring data from the past for frame base_link at time 1.476000 according to authority Authority undetectable
[route_server-12] Possible reasons are listed at http://wiki.ros.org/tf/Errors%20explained
[lifecycle_manager-19] [INFO] [1785623418.269595025] [lifecycle_manager_navigation]: [34m[1mConfiguring waypoint_follower[0m[0m
[waypoint_follower-15] [INFO] [1785623418.269949763] [waypoint_follower]: Configuring
[amcl-7] [WARN] [1785623418.273549046] []: TF_OLD_DATA ignoring data from the past for frame base_link at time 1.512000 according to authority Authority undetectable
[amcl-7] Possible reasons are listed at http://wiki.ros.org/tf/Errors%20explained
[behavior_server-13] [WARN] [1785623418.273554326] []: TF_OLD_DATA ignoring data from the past for frame base_link at time 1.512000 according to authority Authority undetectable
[behavior_server-13] Possible reasons are listed at http://wiki.ros.org/tf/Errors%20explained
[route_server-12] [WARN] [1785623418.273809187] []: TF_OLD_DATA ignoring data from the past for frame base_link at time 1.512000 according to authority Authority undetectable
[route_server-12] Possible reasons are listed at http://wiki.ros.org/tf/Errors%20explained
[planner_server-11] [WARN] [1785623418.273823285] []: TF_OLD_DATA ignoring data from the past for frame base_link at time 1.512000 according to authority Authority undetectable
[planner_server-11] Possible reasons are listed at http://wiki.ros.org/tf/Errors%20explained
[smoother_server-10] [WARN] [1785623418.273892641] []: TF_OLD_DATA ignoring data from the past for frame base_link at time 1.512000 according to authority Authority undetectable
[smoother_server-10] Possible reasons are listed at http://wiki.ros.org/tf/Errors%20explained
[collision_monitor-17] [WARN] [1785623418.273976669] []: TF_OLD_DATA ignoring data from the past for frame base_link at time 1.512000 according to authority Authority undetectable
[collision_monitor-17] Possible reasons are listed at http://wiki.ros.org/tf/Errors%20explained
[controller_server-9] [WARN] [1785623418.274257565] []: TF_OLD_DATA ignoring data from the past for frame base_link at time 1.512000 according to authority Authority undetectable
[controller_server-9] Possible reasons are listed at http://wiki.ros.org/tf/Errors%20explained
[bt_navigator-14] [WARN] [1785623418.274289973] []: TF_OLD_DATA ignoring data from the past for frame base_link at time 1.512000 according to authority Authority undetectable
[bt_navigator-14] Possible reasons are listed at http://wiki.ros.org/tf/Errors%20explained
[smoother_server-10] [WARN] [1785623418.309978105] []: TF_OLD_DATA ignoring data from the past for frame base_link at time 1.548000 according to authority Authority undetectable
[smoother_server-10] Possible reasons are listed at http://wiki.ros.org/tf/Errors%20explained
[planner_server-11] [WARN] [1785623418.310093499] []: TF_OLD_DATA ignoring data from the past for frame base_link at time 1.548000 according to authority Authority undetectable
[planner_server-11] Possible reasons are listed at http://wiki.ros.org/tf/Errors%20explained
[collision_monitor-17] [WARN] [1785623418.310311413] []: TF_OLD_DATA ignoring data from the past for frame base_link at time 1.548000 according to authority Authority undetectable
[collision_monitor-17] Possible reasons are listed at http://wiki.ros.org/tf/Errors%20explained
[controller_server-9] [WARN] [1785623418.310359143] []: TF_OLD_DATA ignoring data from the past for frame base_link at time 1.548000 according to authority Authority undetectable
[controller_server-9] Possible reasons are listed at http://wiki.ros.org/tf/Errors%20explained
[route_server-12] [WARN] [1785623418.310867665] []: TF_OLD_DATA ignoring data from the past for frame base_link at time 1.548000 according to authority Authority undetectable
[route_server-12] Possible reasons are listed at http://wiki.ros.org/tf/Errors%20explained
[behavior_server-13] [WARN] [1785623418.311086889] []: TF_OLD_DATA ignoring data from the past for frame base_link at time 1.548000 according to authority Authority undetectable
[behavior_server-13] Possible reasons are listed at http://wiki.ros.org/tf/Errors%20explained
[bt_navigator-14] [WARN] [1785623418.312171918] []: TF_OLD_DATA ignoring data from the past for frame base_link at time 1.548000 according to authority Authority undetectable
[bt_navigator-14] Possible reasons are listed at http://wiki.ros.org/tf/Errors%20explained
[amcl-7] [WARN] [1785623418.312333831] []: TF_OLD_DATA ignoring data from the past for frame base_link at time 1.548000 according to authority Authority undetectable
[amcl-7] Possible reasons are listed at http://wiki.ros.org/tf/Errors%20explained
[waypoint_follower-15] [INFO] [1785623418.331757673] [waypoint_follower]: Created waypoint_task_executor : wait_at_waypoint of type nav2_waypoint_follower::WaitAtWaypoint
[lifecycle_manager-19] [INFO] [1785623418.336531291] [lifecycle_manager_navigation]: [34m[1mConfiguring docking_server[0m[0m
[opennav_docking-18] [INFO] [1785623418.337266201] [docking_server]: Configuring docking_server
[opennav_docking-18] [INFO] [1785623418.337328328] [docking_server]: Controller frequency set to 50.0000Hz
[planner_server-11] [WARN] [1785623418.345610047] []: TF_OLD_DATA ignoring data from the past for frame base_link at time 1.584000 according to authority Authority undetectable
[planner_server-11] Possible reasons are listed at http://wiki.ros.org/tf/Errors%20explained
[smoother_server-10] [WARN] [1785623418.345657765] []: TF_OLD_DATA ignoring data from the past for frame base_link at time 1.584000 according to authority Authority undetectable
[smoother_server-10] Possible reasons are listed at http://wiki.ros.org/tf/Errors%20explained
[controller_server-9] [WARN] [1785623418.345657663] []: TF_OLD_DATA ignoring data from the past for frame base_link at time 1.584000 according to authority Authority undetectable
[controller_server-9] Possible reasons are listed at http://wiki.ros.org/tf/Errors%20explained
[route_server-12] [WARN] [1785623418.345759013] []: TF_OLD_DATA ignoring data from the past for frame base_link at time 1.584000 according to authority Authority undetectable
[route_server-12] Possible reasons are listed at http://wiki.ros.org/tf/Errors%20explained
[bt_navigator-14] [WARN] [1785623418.345874147] []: TF_OLD_DATA ignoring data from the past for frame base_link at time 1.584000 according to authority Authority undetectable
[bt_navigator-14] Possible reasons are listed at http://wiki.ros.org/tf/Errors%20explained
[amcl-7] [WARN] [1785623418.345891076] []: TF_OLD_DATA ignoring data from the past for frame base_link at time 1.584000 according to authority Authority undetectable
[amcl-7] Possible reasons are listed at http://wiki.ros.org/tf/Errors%20explained
[behavior_server-13] [WARN] [1785623418.346070862] []: TF_OLD_DATA ignoring data from the past for frame base_link at time 1.584000 according to authority Authority undetectable
[behavior_server-13] Possible reasons are listed at http://wiki.ros.org/tf/Errors%20explained
[collision_monitor-17] [WARN] [1785623418.346304926] []: TF_OLD_DATA ignoring data from the past for frame base_link at time 1.584000 according to authority Authority undetectable
[collision_monitor-17] Possible reasons are listed at http://wiki.ros.org/tf/Errors%20explained
[bt_navigator-14] [WARN] [1785623418.381243531] []: TF_OLD_DATA ignoring data from the past for frame base_link at time 1.620000 according to authority Authority undetectable
[bt_navigator-14] Possible reasons are listed at http://wiki.ros.org/tf/Errors%20explained
[amcl-7] [WARN] [1785623418.381249429] []: TF_OLD_DATA ignoring data from the past for frame base_link at time 1.620000 according to authority Authority undetectable
[amcl-7] Possible reasons are listed at http://wiki.ros.org/tf/Errors%20explained
[smoother_server-10] [WARN] [1785623418.381280233] []: TF_OLD_DATA ignoring data from the past for frame base_link at time 1.620000 according to authority Authority undetectable
[smoother_server-10] Possible reasons are listed at http://wiki.ros.org/tf/Errors%20explained
[behavior_server-13] [WARN] [1785623418.381288843] []: TF_OLD_DATA ignoring data from the past for frame base_link at time 1.620000 according to authority Authority undetectable
[behavior_server-13] Possible reasons are listed at http://wiki.ros.org/tf/Errors%20explained
[route_server-12] [WARN] [1785623418.381333315] []: TF_OLD_DATA ignoring data from the past for frame base_link at time 1.620000 according to authority Authority undetectable
[route_server-12] Possible reasons are listed at http://wiki.ros.org/tf/Errors%20explained
[planner_server-11] [WARN] [1785623418.381413605] []: TF_OLD_DATA ignoring data from the past for frame base_link at time 1.620000 according to authority Authority undetectable
[planner_server-11] Possible reasons are listed at http://wiki.ros.org/tf/Errors%20explained
[controller_server-9] [WARN] [1785623418.382268607] []: TF_OLD_DATA ignoring data from the past for frame base_link at time 1.620000 according to authority Authority undetectable
[controller_server-9] Possible reasons are listed at http://wiki.ros.org/tf/Errors%20explained
[collision_monitor-17] [WARN] [1785623418.382272327] []: TF_OLD_DATA ignoring data from the past for frame base_link at time 1.620000 according to authority Authority undetectable
[collision_monitor-17] Possible reasons are listed at http://wiki.ros.org/tf/Errors%20explained
[opennav_docking-18] [INFO] [1785623418.401383298] [docking_server]: Created charging dock plugin simple_charging_dock of type opennav_docking::SimpleChargingDock
[opennav_docking-18] [WARN] [1785623418.411165130] [docking_server]: Dock database filepath nor dock parameters set. Docking actions can only be executed specifying the dock pose via the action request. Or update the dock database via the reload_database service.
[opennav_docking-18] [INFO] [1785623418.411237824] [docking_server]: Docking Server has 1 dock types and 0 dock instances available.
[lifecycle_manager-19] [INFO] [1785623418.415883178] [lifecycle_manager_navigation]: [34m[1mActivating controller_server[0m[0m
[controller_server-9] [INFO] [1785623418.416202606] [controller_server]: Activating
[controller_server-9] [INFO] [1785623418.416255087] [local_costmap.local_costmap]: Activating
[controller_server-9] [INFO] [1785623418.416268607] [local_costmap.local_costmap]: Checking transform
[controller_server-9] [INFO] [1785623418.416465330] [local_costmap.local_costmap]: start
[planner_server-11] [WARN] [1785623418.421039984] []: TF_OLD_DATA ignoring data from the past for frame base_link at time 1.656000 according to authority Authority undetectable
[planner_server-11] Possible reasons are listed at http://wiki.ros.org/tf/Errors%20explained
[bt_navigator-14] [WARN] [1785623418.421066145] []: TF_OLD_DATA ignoring data from the past for frame base_link at time 1.656000 according to authority Authority undetectable
[bt_navigator-14] Possible reasons are listed at http://wiki.ros.org/tf/Errors%20explained
[behavior_server-13] [WARN] [1785623418.421092279] []: TF_OLD_DATA ignoring data from the past for frame base_link at time 1.656000 according to authority Authority undetectable
[behavior_server-13] Possible reasons are listed at http://wiki.ros.org/tf/Errors%20explained
[collision_monitor-17] [WARN] [1785623418.421103470] []: TF_OLD_DATA ignoring data from the past for frame base_link at time 1.656000 according to authority Authority undetectable
[collision_monitor-17] Possible reasons are listed at http://wiki.ros.org/tf/Errors%20explained
[route_server-12] [WARN] [1785623418.421190090] []: TF_OLD_DATA ignoring data from the past for frame base_link at time 1.656000 according to authority Authority undetectable
[route_server-12] Possible reasons are listed at http://wiki.ros.org/tf/Errors%20explained
[smoother_server-10] [WARN] [1785623418.421181335] []: TF_OLD_DATA ignoring data from the past for frame base_link at time 1.656000 according to authority Authority undetectable
[smoother_server-10] Possible reasons are listed at http://wiki.ros.org/tf/Errors%20explained
[amcl-7] [WARN] [1785623418.421618371] []: TF_OLD_DATA ignoring data from the past for frame base_link at time 1.656000 according to authority Authority undetectable
[amcl-7] Possible reasons are listed at http://wiki.ros.org/tf/Errors%20explained
[controller_server-9] [WARN] [1785623418.421657526] []: TF_OLD_DATA ignoring data from the past for frame base_link at time 1.656000 according to authority Authority undetectable
[controller_server-9] Possible reasons are listed at http://wiki.ros.org/tf/Errors%20explained
[controller_server-9] [INFO] [1785623418.423607576] [local_costmap.local_costmap]: Message Filter dropping message: frame 'laser' at time 1.632 for reason 'the timestamp on the message is earlier than all the data in the transform cache'
[amcl-7] [WARN] [1785623418.456761128] []: TF_OLD_DATA ignoring data from the past for frame base_link at time 1.692000 according to authority Authority undetectable
[amcl-7] Possible reasons are listed at http://wiki.ros.org/tf/Errors%20explained
[controller_server-9] [WARN] [1785623418.456763460] []: TF_OLD_DATA ignoring data from the past for frame base_link at time 1.692000 according to authority Authority undetectable
[controller_server-9] Possible reasons are listed at http://wiki.ros.org/tf/Errors%20explained
[behavior_server-13] [WARN] [1785623418.456780801] []: TF_OLD_DATA ignoring data from the past for frame base_link at time 1.692000 according to authority Authority undetectable
[behavior_server-13] Possible reasons are listed at http://wiki.ros.org/tf/Errors%20explained
[planner_server-11] [WARN] [1785623418.456777573] []: TF_OLD_DATA ignoring data from the past for frame base_link at time 1.692000 according to authority Authority undetectable
[planner_server-11] Possible reasons are listed at http://wiki.ros.org/tf/Errors%20explained
[bt_navigator-14] [WARN] [1785623418.456793560] []: TF_OLD_DATA ignoring data from the past for frame base_link at time 1.692000 according to authority Authority undetectable
[bt_navigator-14] Possible reasons are listed at http://wiki.ros.org/tf/Errors%20explained
[smoother_server-10] [WARN] [1785623418.456794568] []: TF_OLD_DATA ignoring data from the past for frame base_link at time 1.692000 according to authority Authority undetectable
[smoother_server-10] Possible reasons are listed at http://wiki.ros.org/tf/Errors%20explained
[route_server-12] [WARN] [1785623418.456805087] []: TF_OLD_DATA ignoring data from the past for frame base_link at time 1.692000 according to authority Authority undetectable
[route_server-12] Possible reasons are listed at http://wiki.ros.org/tf/Errors%20explained
[collision_monitor-17] [WARN] [1785623418.456869154] []: TF_OLD_DATA ignoring data from the past for frame base_link at time 1.692000 according to authority Authority undetectable
[collision_monitor-17] Possible reasons are listed at http://wiki.ros.org/tf/Errors%20explained
[controller_server-9] [WARN] [1785623418.496287104] []: TF_OLD_DATA ignoring data from the past for frame base_link at time 1.728000 according to authority Authority undetectable
[controller_server-9] Possible reasons are listed at http://wiki.ros.org/tf/Errors%20explained
[smoother_server-10] [WARN] [1785623418.496586445] []: TF_OLD_DATA ignoring data from the past for frame base_link at time 1.728000 according to authority Authority undetectable
[smoother_server-10] Possible reasons are listed at http://wiki.ros.org/tf/Errors%20explained
[collision_monitor-17] [WARN] [1785623418.496708452] []: TF_OLD_DATA ignoring data from the past for frame base_link at time 1.728000 according to authority Authority undetectable
[collision_monitor-17] Possible reasons are listed at http://wiki.ros.org/tf/Errors%20explained
[amcl-7] [WARN] [1785623418.496822026] []: TF_OLD_DATA ignoring data from the past for frame base_link at time 1.728000 according to authority Authority undetectable
[amcl-7] Possible reasons are listed at http://wiki.ros.org/tf/Errors%20explained
[planner_server-11] [WARN] [1785623418.496912256] []: TF_OLD_DATA ignoring data from the past for frame base_link at time 1.728000 according to authority Authority undetectable
[planner_server-11] Possible reasons are listed at http://wiki.ros.org/tf/Errors%20explained
[behavior_server-13] [WARN] [1785623418.496983853] []: TF_OLD_DATA ignoring data from the past for frame base_link at time 1.728000 according to authority Authority undetectable
[behavior_server-13] Possible reasons are listed at http://wiki.ros.org/tf/Errors%20explained
[route_server-12] [WARN] [1785623418.497255752] []: TF_OLD_DATA ignoring data from the past for frame base_link at time 1.728000 according to authority Authority undetectable
[route_server-12] Possible reasons are listed at http://wiki.ros.org/tf/Errors%20explained
[bt_navigator-14] [WARN] [1785623418.497262892] []: TF_OLD_DATA ignoring data from the past for frame base_link at time 1.728000 according to authority Authority undetectable
[bt_navigator-14] Possible reasons are listed at http://wiki.ros.org/tf/Errors%20explained
[route_server-12] [WARN] [1785623418.529109942] []: TF_OLD_DATA ignoring data from the past for frame base_link at time 1.764000 according to authority Authority undetectable
[route_server-12] Possible reasons are listed at http://wiki.ros.org/tf/Errors%20explained
[planner_server-11] [WARN] [1785623418.529121825] []: TF_OLD_DATA ignoring data from the past for frame base_link at time 1.764000 according to authority Authority undetectable
[planner_server-11] Possible reasons are listed at http://wiki.ros.org/tf/Errors%20explained
[collision_monitor-17] [WARN] [1785623418.529160543] []: TF_OLD_DATA ignoring data from the past for frame base_link at time 1.764000 according to authority Authority undetectable
[collision_monitor-17] Possible reasons are listed at http://wiki.ros.org/tf/Errors%20explained
[bt_navigator-14] [WARN] [1785623418.529252287] []: TF_OLD_DATA ignoring data from the past for frame base_link at time 1.764000 according to authority Authority undetectable
[bt_navigator-14] Possible reasons are listed at http://wiki.ros.org/tf/Errors%20explained
[controller_server-9] [WARN] [1785623418.529270554] []: TF_OLD_DATA ignoring data from the past for frame base_link at time 1.764000 according to authority Authority undetectable
[controller_server-9] Possible reasons are listed at http://wiki.ros.org/tf/Errors%20explained
[behavior_server-13] [WARN] [1785623418.529301958] []: TF_OLD_DATA ignoring data from the past for frame base_link at time 1.764000 according to authority Authority undetectable
[behavior_server-13] Possible reasons are listed at http://wiki.ros.org/tf/Errors%20explained
[amcl-7] [WARN] [1785623418.529350084] []: TF_OLD_DATA ignoring data from the past for frame base_link at time 1.764000 according to authority Authority undetectable
[amcl-7] Possible reasons are listed at http://wiki.ros.org/tf/Errors%20explained
[smoother_server-10] [WARN] [1785623418.529359953] []: TF_OLD_DATA ignoring data from the past for frame base_link at time 1.764000 according to authority Authority undetectable
[smoother_server-10] Possible reasons are listed at http://wiki.ros.org/tf/Errors%20explained
[planner_server-11] [WARN] [1785623418.564930379] []: TF_OLD_DATA ignoring data from the past for frame base_link at time 1.800000 according to authority Authority undetectable
[planner_server-11] Possible reasons are listed at http://wiki.ros.org/tf/Errors%20explained
[route_server-12] [WARN] [1785623418.564970697] []: TF_OLD_DATA ignoring data from the past for frame base_link at time 1.800000 according to authority Authority undetectable
[route_server-12] Possible reasons are listed at http://wiki.ros.org/tf/Errors%20explained
[collision_monitor-17] [WARN] [1785623418.565011164] []: TF_OLD_DATA ignoring data from the past for frame base_link at time 1.800000 according to authority Authority undetectable
[collision_monitor-17] Possible reasons are listed at http://wiki.ros.org/tf/Errors%20explained
[behavior_server-13] [WARN] [1785623418.565014376] []: TF_OLD_DATA ignoring data from the past for frame base_link at time 1.800000 according to authority Authority undetectable
[behavior_server-13] Possible reasons are listed at http://wiki.ros.org/tf/Errors%20explained
[controller_server-9] [WARN] [1785623418.565076460] []: TF_OLD_DATA ignoring data from the past for frame base_link at time 1.800000 according to authority Authority undetectable
[controller_server-9] Possible reasons are listed at http://wiki.ros.org/tf/Errors%20explained
[smoother_server-10] [WARN] [1785623418.565139981] []: TF_OLD_DATA ignoring data from the past for frame base_link at time 1.800000 according to authority Authority undetectable
[smoother_server-10] Possible reasons are listed at http://wiki.ros.org/tf/Errors%20explained
[amcl-7] [WARN] [1785623418.565226608] []: TF_OLD_DATA ignoring data from the past for frame base_link at time 1.800000 according to authority Authority undetectable
[amcl-7] Possible reasons are listed at http://wiki.ros.org/tf/Errors%20explained
[bt_navigator-14] [WARN] [1785623418.565627877] []: TF_OLD_DATA ignoring data from the past for frame base_link at time 1.800000 according to authority Authority undetectable
[bt_navigator-14] Possible reasons are listed at http://wiki.ros.org/tf/Errors%20explained
[smoother_server-10] [WARN] [1785623418.600978809] []: TF_OLD_DATA ignoring data from the past for frame base_link at time 1.836000 according to authority Authority undetectable
[smoother_server-10] Possible reasons are listed at http://wiki.ros.org/tf/Errors%20explained
[controller_server-9] [WARN] [1785623418.600978651] []: TF_OLD_DATA ignoring data from the past for frame base_link at time 1.836000 according to authority Authority undetectable
[controller_server-9] Possible reasons are listed at http://wiki.ros.org/tf/Errors%20explained
[collision_monitor-17] [WARN] [1785623418.601011424] []: TF_OLD_DATA ignoring data from the past for frame base_link at time 1.836000 according to authority Authority undetectable
[collision_monitor-17] Possible reasons are listed at http://wiki.ros.org/tf/Errors%20explained
[behavior_server-13] [WARN] [1785623418.601016311] []: TF_OLD_DATA ignoring data from the past for frame base_link at time 1.836000 according to authority Authority undetectable
[behavior_server-13] Possible reasons are listed at http://wiki.ros.org/tf/Errors%20explained
[planner_server-11] [WARN] [1785623418.601043592] []: TF_OLD_DATA ignoring data from the past for frame base_link at time 1.836000 according to authority Authority undetectable
[planner_server-11] Possible reasons are listed at http://wiki.ros.org/tf/Errors%20explained
[route_server-12] [WARN] [1785623418.601062132] []: TF_OLD_DATA ignoring data from the past for frame base_link at time 1.836000 according to authority Authority undetectable
[route_server-12] Possible reasons are listed at http://wiki.ros.org/tf/Errors%20explained
[bt_navigator-14] [WARN] [1785623418.601127345] []: TF_OLD_DATA ignoring data from the past for frame base_link at time 1.836000 according to authority Authority undetectable
[bt_navigator-14] Possible reasons are listed at http://wiki.ros.org/tf/Errors%20explained
[amcl-7] [WARN] [1785623418.601172665] []: TF_OLD_DATA ignoring data from the past for frame base_link at time 1.836000 according to authority Authority undetectable
[amcl-7] Possible reasons are listed at http://wiki.ros.org/tf/Errors%20explained
[planner_server-11] [WARN] [1785623418.636702491] []: TF_OLD_DATA ignoring data from the past for frame base_link at time 1.872000 according to authority Authority undetectable
[planner_server-11] Possible reasons are listed at http://wiki.ros.org/tf/Errors%20explained
[smoother_server-10] [WARN] [1785623418.636723470] []: TF_OLD_DATA ignoring data from the past for frame base_link at time 1.872000 according to authority Authority undetectable
[smoother_server-10] Possible reasons are listed at http://wiki.ros.org/tf/Errors%20explained
[amcl-7] [WARN] [1785623418.636736852] []: TF_OLD_DATA ignoring data from the past for frame base_link at time 1.872000 according to authority Authority undetectable
[amcl-7] Possible reasons are listed at http://wiki.ros.org/tf/Errors%20explained
[collision_monitor-17] [WARN] [1785623418.636736719] []: TF_OLD_DATA ignoring data from the past for frame base_link at time 1.872000 according to authority Authority undetectable
[collision_monitor-17] Possible reasons are listed at http://wiki.ros.org/tf/Errors%20explained
[bt_navigator-14] [WARN] [1785623418.636787866] []: TF_OLD_DATA ignoring data from the past for frame base_link at time 1.872000 according to authority Authority undetectable
[bt_navigator-14] Possible reasons are listed at http://wiki.ros.org/tf/Errors%20explained
[behavior_server-13] [WARN] [1785623418.636787645] []: TF_OLD_DATA ignoring data from the past for frame base_link at time 1.872000 according to authority Authority undetectable
[behavior_server-13] Possible reasons are listed at http://wiki.ros.org/tf/Errors%20explained
[controller_server-9] [WARN] [1785623418.636794511] []: TF_OLD_DATA ignoring data from the past for frame base_link at time 1.872000 according to authority Authority undetectable
[controller_server-9] Possible reasons are listed at http://wiki.ros.org/tf/Errors%20explained
[route_server-12] [WARN] [1785623418.636806773] []: TF_OLD_DATA ignoring data from the past for frame base_link at time 1.872000 according to authority Authority undetectable
[route_server-12] Possible reasons are listed at http://wiki.ros.org/tf/Errors%20explained
[controller_server-9] [INFO] [1785623418.667799501] [controller_server]: Activating controller: FollowPath of type regulated_pure_pursuit_controller::RegulatedPurePursuitController
[controller_server-9] [INFO] [1785623418.667849732] [controller_server]: Creating bond (controller_server) to lifecycle manager.
[planner_server-11] [WARN] [1785623418.673067786] []: TF_OLD_DATA ignoring data from the past for frame base_link at time 1.908000 according to authority Authority undetectable
[planner_server-11] Possible reasons are listed at http://wiki.ros.org/tf/Errors%20explained
[amcl-7] [WARN] [1785623418.673097178] []: TF_OLD_DATA ignoring data from the past for frame base_link at time 1.908000 according to authority Authority undetectable
[amcl-7] Possible reasons are listed at http://wiki.ros.org/tf/Errors%20explained
[collision_monitor-17] [WARN] [1785623418.673123911] []: TF_OLD_DATA ignoring data from the past for frame base_link at time 1.908000 according to authority Authority undetectable
[collision_monitor-17] Possible reasons are listed at http://wiki.ros.org/tf/Errors%20explained
[bt_navigator-14] [WARN] [1785623418.673165526] []: TF_OLD_DATA ignoring data from the past for frame base_link at time 1.908000 according to authority Authority undetectable
[bt_navigator-14] Possible reasons are listed at http://wiki.ros.org/tf/Errors%20explained
[behavior_server-13] [WARN] [1785623418.673197876] []: TF_OLD_DATA ignoring data from the past for frame base_link at time 1.908000 according to authority Authority undetectable
[behavior_server-13] Possible reasons are listed at http://wiki.ros.org/tf/Errors%20explained
[route_server-12] [WARN] [1785623418.673249514] []: TF_OLD_DATA ignoring data from the past for frame base_link at time 1.908000 according to authority Authority undetectable
[route_server-12] Possible reasons are listed at http://wiki.ros.org/tf/Errors%20explained
[controller_server-9] [WARN] [1785623418.673572848] []: TF_OLD_DATA ignoring data from the past for frame base_link at time 1.908000 according to authority Authority undetectable
[controller_server-9] Possible reasons are listed at http://wiki.ros.org/tf/Errors%20explained
[smoother_server-10] [WARN] [1785623418.673662535] []: TF_OLD_DATA ignoring data from the past for frame base_link at time 1.908000 according to authority Authority undetectable
[smoother_server-10] Possible reasons are listed at http://wiki.ros.org/tf/Errors%20explained
[controller_server-9] [WARN] [1785623418.708866448] []: TF_OLD_DATA ignoring data from the past for frame base_link at time 1.944000 according to authority Authority undetectable
[controller_server-9] Possible reasons are listed at http://wiki.ros.org/tf/Errors%20explained
[amcl-7] [WARN] [1785623418.708881386] []: TF_OLD_DATA ignoring data from the past for frame base_link at time 1.944000 according to authority Authority undetectable
[amcl-7] Possible reasons are listed at http://wiki.ros.org/tf/Errors%20explained
[planner_server-11] [WARN] [1785623418.708881442] []: TF_OLD_DATA ignoring data from the past for frame base_link at time 1.944000 according to authority Authority undetectable
[planner_server-11] Possible reasons are listed at http://wiki.ros.org/tf/Errors%20explained
[route_server-12] [WARN] [1785623418.708908267] []: TF_OLD_DATA ignoring data from the past for frame base_link at time 1.944000 according to authority Authority undetectable
[route_server-12] Possible reasons are listed at http://wiki.ros.org/tf/Errors%20explained
[bt_navigator-14] [WARN] [1785623418.708907216] []: TF_OLD_DATA ignoring data from the past for frame base_link at time 1.944000 according to authority Authority undetectable
[bt_navigator-14] Possible reasons are listed at http://wiki.ros.org/tf/Errors%20explained
[behavior_server-13] [WARN] [1785623418.708949980] []: TF_OLD_DATA ignoring data from the past for frame base_link at time 1.944000 according to authority Authority undetectable
[behavior_server-13] Possible reasons are listed at http://wiki.ros.org/tf/Errors%20explained
[smoother_server-10] [WARN] [1785623418.708953910] []: TF_OLD_DATA ignoring data from the past for frame base_link at time 1.944000 according to authority Authority undetectable
[smoother_server-10] Possible reasons are listed at http://wiki.ros.org/tf/Errors%20explained
[collision_monitor-17] [WARN] [1785623418.708977020] []: TF_OLD_DATA ignoring data from the past for frame base_link at time 1.944000 according to authority Authority undetectable
[collision_monitor-17] Possible reasons are listed at http://wiki.ros.org/tf/Errors%20explained
[route_server-12] [WARN] [1785623418.746170704] []: TF_OLD_DATA ignoring data from the past for frame base_link at time 1.980000 according to authority Authority undetectable
[route_server-12] Possible reasons are listed at http://wiki.ros.org/tf/Errors%20explained
[controller_server-9] [WARN] [1785623418.746238326] []: TF_OLD_DATA ignoring data from the past for frame base_link at time 1.980000 according to authority Authority undetectable
[controller_server-9] Possible reasons are listed at http://wiki.ros.org/tf/Errors%20explained
[bt_navigator-14] [WARN] [1785623418.746277908] []: TF_OLD_DATA ignoring data from the past for frame base_link at time 1.980000 according to authority Authority undetectable
[bt_navigator-14] Possible reasons are listed at http://wiki.ros.org/tf/Errors%20explained
[behavior_server-13] [WARN] [1785623418.746391641] []: TF_OLD_DATA ignoring data from the past for frame base_link at time 1.980000 according to authority Authority undetectable
[behavior_server-13] Possible reasons are listed at http://wiki.ros.org/tf/Errors%20explained
[planner_server-11] [WARN] [1785623418.746380981] []: TF_OLD_DATA ignoring data from the past for frame base_link at time 1.980000 according to authority Authority undetectable
[planner_server-11] Possible reasons are listed at http://wiki.ros.org/tf/Errors%20explained
[smoother_server-10] [WARN] [1785623418.746427927] []: TF_OLD_DATA ignoring data from the past for frame base_link at time 1.980000 according to authority Authority undetectable
[smoother_server-10] Possible reasons are listed at http://wiki.ros.org/tf/Errors%20explained
[collision_monitor-17] [WARN] [1785623418.746508891] []: TF_OLD_DATA ignoring data from the past for frame base_link at time 1.980000 according to authority Authority undetectable
[collision_monitor-17] Possible reasons are listed at http://wiki.ros.org/tf/Errors%20explained
[amcl-7] [WARN] [1785623418.747852636] []: TF_OLD_DATA ignoring data from the past for frame base_link at time 1.980000 according to authority Authority undetectable
[amcl-7] Possible reasons are listed at http://wiki.ros.org/tf/Errors%20explained
[lifecycle_manager-19] [INFO] [1785623418.775353750] [lifecycle_manager_navigation]: Server controller_server connected with bond.
[lifecycle_manager-19] [INFO] [1785623418.775406647] [lifecycle_manager_navigation]: [34m[1mActivating smoother_server[0m[0m
[smoother_server-10] [INFO] [1785623418.775800183] [smoother_server]: Activating
[smoother_server-10] [INFO] [1785623418.775869473] [smoother_server]: Activating smoother: constrained of type nav2_constrained_smoother::ConstrainedSmoother
[smoother_server-10] [INFO] [1785623418.775881923] [smoother_server]: Creating bond (smoother_server) to lifecycle manager.
[route_server-12] [WARN] [1785623418.781145683] []: TF_OLD_DATA ignoring data from the past for frame base_link at time 2.016000 according to authority Authority undetectable
[route_server-12] Possible reasons are listed at http://wiki.ros.org/tf/Errors%20explained
[smoother_server-10] [WARN] [1785623418.781145941] []: TF_OLD_DATA ignoring data from the past for frame base_link at time 2.016000 according to authority Authority undetectable
[smoother_server-10] Possible reasons are listed at http://wiki.ros.org/tf/Errors%20explained
[planner_server-11] [WARN] [1785623418.781181494] []: TF_OLD_DATA ignoring data from the past for frame base_link at time 2.016000 according to authority Authority undetectable
[planner_server-11] Possible reasons are listed at http://wiki.ros.org/tf/Errors%20explained
[amcl-7] [WARN] [1785623418.781312631] []: TF_OLD_DATA ignoring data from the past for frame base_link at time 2.016000 according to authority Authority undetectable
[amcl-7] Possible reasons are listed at http://wiki.ros.org/tf/Errors%20explained
[bt_navigator-14] [WARN] [1785623418.781460178] []: TF_OLD_DATA ignoring data from the past for frame base_link at time 2.016000 according to authority Authority undetectable
[bt_navigator-14] Possible reasons are listed at http://wiki.ros.org/tf/Errors%20explained
[collision_monitor-17] [WARN] [1785623418.781504173] []: TF_OLD_DATA ignoring data from the past for frame base_link at time 2.016000 according to authority Authority undetectable
[collision_monitor-17] Possible reasons are listed at http://wiki.ros.org/tf/Errors%20explained
[controller_server-9] [WARN] [1785623418.781641377] []: TF_OLD_DATA ignoring data from the past for frame base_link at time 2.016000 according to authority Authority undetectable
[controller_server-9] Possible reasons are listed at http://wiki.ros.org/tf/Errors%20explained
[behavior_server-13] [WARN] [1785623418.782376247] []: TF_OLD_DATA ignoring data from the past for frame base_link at time 2.016000 according to authority Authority undetectable
[behavior_server-13] Possible reasons are listed at http://wiki.ros.org/tf/Errors%20explained
[amcl-7] [WARN] [1785623418.816932040] []: TF_OLD_DATA ignoring data from the past for frame base_link at time 2.052000 according to authority Authority undetectable
[amcl-7] Possible reasons are listed at http://wiki.ros.org/tf/Errors%20explained
[planner_server-11] [WARN] [1785623418.816925435] []: TF_OLD_DATA ignoring data from the past for frame base_link at time 2.052000 according to authority Authority undetectable
[planner_server-11] Possible reasons are listed at http://wiki.ros.org/tf/Errors%20explained
[controller_server-9] [WARN] [1785623418.816936944] []: TF_OLD_DATA ignoring data from the past for frame base_link at time 2.052000 according to authority Authority undetectable
[controller_server-9] Possible reasons are listed at http://wiki.ros.org/tf/Errors%20explained
[smoother_server-10] [WARN] [1785623418.816949587] []: TF_OLD_DATA ignoring data from the past for frame base_link at time 2.052000 according to authority Authority undetectable
[smoother_server-10] Possible reasons are listed at http://wiki.ros.org/tf/Errors%20explained
[route_server-12] [WARN] [1785623418.817031664] []: TF_OLD_DATA ignoring data from the past for frame base_link at time 2.052000 according to authority Authority undetectable
[route_server-12] Possible reasons are listed at http://wiki.ros.org/tf/Errors%20explained
[collision_monitor-17] [WARN] [1785623418.817045707] []: TF_OLD_DATA ignoring data from the past for frame base_link at time 2.052000 according to authority Authority undetectable
[collision_monitor-17] Possible reasons are listed at http://wiki.ros.org/tf/Errors%20explained
[behavior_server-13] [WARN] [1785623418.817198423] []: TF_OLD_DATA ignoring data from the past for frame base_link at time 2.052000 according to authority Authority undetectable
[behavior_server-13] Possible reasons are listed at http://wiki.ros.org/tf/Errors%20explained
[bt_navigator-14] [WARN] [1785623418.817617542] []: TF_OLD_DATA ignoring data from the past for frame base_link at time 2.052000 according to authority Authority undetectable
[bt_navigator-14] Possible reasons are listed at http://wiki.ros.org/tf/Errors%20explained
[smoother_server-10] [WARN] [1785623418.853029356] []: TF_OLD_DATA ignoring data from the past for frame base_link at time 2.088000 according to authority Authority undetectable
[smoother_server-10] Possible reasons are listed at http://wiki.ros.org/tf/Errors%20explained
[amcl-7] [WARN] [1785623418.853032835] []: TF_OLD_DATA ignoring data from the past for frame base_link at time 2.088000 according to authority Authority undetectable
[amcl-7] Possible reasons are listed at http://wiki.ros.org/tf/Errors%20explained
[bt_navigator-14] [WARN] [1785623418.853056975] []: TF_OLD_DATA ignoring data from the past for frame base_link at time 2.088000 according to authority Authority undetectable
[bt_navigator-14] Possible reasons are listed at http://wiki.ros.org/tf/Errors%20explained
[controller_server-9] [WARN] [1785623418.853061462] []: TF_OLD_DATA ignoring data from the past for frame base_link at time 2.088000 according to authority Authority undetectable
[controller_server-9] Possible reasons are listed at http://wiki.ros.org/tf/Errors%20explained
[planner_server-11] [WARN] [1785623418.853060329] []: TF_OLD_DATA ignoring data from the past for frame base_link at time 2.088000 according to authority Authority undetectable
[planner_server-11] Possible reasons are listed at http://wiki.ros.org/tf/Errors%20explained
[route_server-12] [WARN] [1785623418.853069822] []: TF_OLD_DATA ignoring data from the past for frame base_link at time 2.088000 according to authority Authority undetectable
[route_server-12] Possible reasons are listed at http://wiki.ros.org/tf/Errors%20explained
[behavior_server-13] [WARN] [1785623418.853143052] []: TF_OLD_DATA ignoring data from the past for frame base_link at time 2.088000 according to authority Authority undetectable
[behavior_server-13] Possible reasons are listed at http://wiki.ros.org/tf/Errors%20explained
[collision_monitor-17] [WARN] [1785623418.853355860] []: TF_OLD_DATA ignoring data from the past for frame base_link at time 2.088000 according to authority Authority undetectable
[collision_monitor-17] Possible reasons are listed at http://wiki.ros.org/tf/Errors%20explained
[lifecycle_manager-19] [INFO] [1785623418.883505063] [lifecycle_manager_navigation]: Server smoother_server connected with bond.
[lifecycle_manager-19] [INFO] [1785623418.883563328] [lifecycle_manager_navigation]: [34m[1mActivating planner_server[0m[0m
[planner_server-11] [INFO] [1785623418.883967994] [planner_server]: Activating
[planner_server-11] [INFO] [1785623418.884007989] [global_costmap.global_costmap]: Activating
[planner_server-11] [INFO] [1785623418.884016375] [global_costmap.global_costmap]: Checking transform
[planner_server-11] [INFO] [1785623418.884100236] [global_costmap.global_costmap]: Timed out waiting for transform from base_link to map to become available, tf error: Lookup would require extrapolation into the past.  Requested time 14.688000 but the earliest data is at time 15.121000, when looking up transform from frame [base_link] to frame [map]
[controller_server-9] [WARN] [1785623418.888741899] []: TF_OLD_DATA ignoring data from the past for frame base_link at time 2.124000 according to authority Authority undetectable
[controller_server-9] Possible reasons are listed at http://wiki.ros.org/tf/Errors%20explained
[smoother_server-10] [WARN] [1785623418.888788401] []: TF_OLD_DATA ignoring data from the past for frame base_link at time 2.124000 according to authority Authority undetectable
[smoother_server-10] Possible reasons are listed at http://wiki.ros.org/tf/Errors%20explained
[amcl-7] [WARN] [1785623418.888794559] []: TF_OLD_DATA ignoring data from the past for frame base_link at time 2.124000 according to authority Authority undetectable
[amcl-7] Possible reasons are listed at http://wiki.ros.org/tf/Errors%20explained
[collision_monitor-17] [WARN] [1785623418.888799081] []: TF_OLD_DATA ignoring data from the past for frame base_link at time 2.124000 according to authority Authority undetectable
[collision_monitor-17] Possible reasons are listed at http://wiki.ros.org/tf/Errors%20explained
[bt_navigator-14] [WARN] [1785623418.888814021] []: TF_OLD_DATA ignoring data from the past for frame base_link at time 2.124000 according to authority Authority undetectable
[bt_navigator-14] Possible reasons are listed at http://wiki.ros.org/tf/Errors%20explained
[planner_server-11] [WARN] [1785623418.888821532] []: TF_OLD_DATA ignoring data from the past for frame base_link at time 2.124000 according to authority Authority undetectable
[planner_server-11] Possible reasons are listed at http://wiki.ros.org/tf/Errors%20explained
[behavior_server-13] [WARN] [1785623418.888893190] []: TF_OLD_DATA ignoring data from the past for frame base_link at time 2.124000 according to authority Authority undetectable
[behavior_server-13] Possible reasons are listed at http://wiki.ros.org/tf/Errors%20explained
[route_server-12] [WARN] [1785623418.889024831] []: TF_OLD_DATA ignoring data from the past for frame base_link at time 2.124000 according to authority Authority undetectable
[route_server-12] Possible reasons are listed at http://wiki.ros.org/tf/Errors%20explained
[controller_server-9] [WARN] [1785623418.924865910] []: TF_OLD_DATA ignoring data from the past for frame base_link at time 2.160000 according to authority Authority undetectable
[controller_server-9] Possible reasons are listed at http://wiki.ros.org/tf/Errors%20explained
[bt_navigator-14] [WARN] [1785623418.924901200] []: TF_OLD_DATA ignoring data from the past for frame base_link at time 2.160000 according to authority Authority undetectable
[bt_navigator-14] Possible reasons are listed at http://wiki.ros.org/tf/Errors%20explained
[smoother_server-10] [WARN] [1785623418.924901167] []: TF_OLD_DATA ignoring data from the past for frame base_link at time 2.160000 according to authority Authority undetectable
[smoother_server-10] Possible reasons are listed at http://wiki.ros.org/tf/Errors%20explained
[amcl-7] [WARN] [1785623418.924907919] []: TF_OLD_DATA ignoring data from the past for frame base_link at time 2.160000 according to authority Authority undetectable
[amcl-7] Possible reasons are listed at http://wiki.ros.org/tf/Errors%20explained
[route_server-12] [WARN] [1785623418.924947799] []: TF_OLD_DATA ignoring data from the past for frame base_link at time 2.160000 according to authority Authority undetectable
[route_server-12] Possible reasons are listed at http://wiki.ros.org/tf/Errors%20explained
[behavior_server-13] [WARN] [1785623418.924971070] []: TF_OLD_DATA ignoring data from the past for frame base_link at time 2.160000 according to authority Authority undetectable
[behavior_server-13] Possible reasons are listed at http://wiki.ros.org/tf/Errors%20explained
[planner_server-11] [WARN] [1785623418.924986943] []: TF_OLD_DATA ignoring data from the past for frame base_link at time 2.160000 according to authority Authority undetectable
[planner_server-11] Possible reasons are listed at http://wiki.ros.org/tf/Errors%20explained
[collision_monitor-17] [WARN] [1785623418.925017147] []: TF_OLD_DATA ignoring data from the past for frame base_link at time 2.160000 according to authority Authority undetectable
[collision_monitor-17] Possible reasons are listed at http://wiki.ros.org/tf/Errors%20explained
[amcl-7] [WARN] [1785623418.961039714] []: TF_OLD_DATA ignoring data from the past for frame base_link at time 2.196000 according to authority Authority undetectable
[amcl-7] Possible reasons are listed at http://wiki.ros.org/tf/Errors%20explained
[smoother_server-10] [WARN] [1785623418.961045740] []: TF_OLD_DATA ignoring data from the past for frame base_link at time 2.196000 according to authority Authority undetectable
[smoother_server-10] Possible reasons are listed at http://wiki.ros.org/tf/Errors%20explained
[planner_server-11] [WARN] [1785623418.961056860] []: TF_OLD_DATA ignoring data from the past for frame base_link at time 2.196000 according to authority Authority undetectable
[planner_server-11] Possible reasons are listed at http://wiki.ros.org/tf/Errors%20explained
[collision_monitor-17] [WARN] [1785623418.961073018] []: TF_OLD_DATA ignoring data from the past for frame base_link at time 2.196000 according to authority Authority undetectable
[collision_monitor-17] Possible reasons are listed at http://wiki.ros.org/tf/Errors%20explained
[bt_navigator-14] [WARN] [1785623418.961078543] []: TF_OLD_DATA ignoring data from the past for frame base_link at time 2.196000 according to authority Authority undetectable
[bt_navigator-14] Possible reasons are listed at http://wiki.ros.org/tf/Errors%20explained
[controller_server-9] [WARN] [1785623418.961140342] []: TF_OLD_DATA ignoring data from the past for frame base_link at time 2.196000 according to authority Authority undetectable
[controller_server-9] Possible reasons are listed at http://wiki.ros.org/tf/Errors%20explained
[behavior_server-13] [WARN] [1785623418.961261435] []: TF_OLD_DATA ignoring data from the past for frame base_link at time 2.196000 according to authority Authority undetectable
[behavior_server-13] Possible reasons are listed at http://wiki.ros.org/tf/Errors%20explained
[route_server-12] [WARN] [1785623418.961291649] []: TF_OLD_DATA ignoring data from the past for frame base_link at time 2.196000 according to authority Authority undetectable
[route_server-12] Possible reasons are listed at http://wiki.ros.org/tf/Errors%20explained
[controller_server-9] [WARN] [1785623418.996879416] []: TF_OLD_DATA ignoring data from the past for frame base_link at time 2.232000 according to authority Authority undetectable
[controller_server-9] Possible reasons are listed at http://wiki.ros.org/tf/Errors%20explained
[amcl-7] [WARN] [1785623418.996900396] []: TF_OLD_DATA ignoring data from the past for frame base_link at time 2.232000 according to authority Authority undetectable
[amcl-7] Possible reasons are listed at http://wiki.ros.org/tf/Errors%20explained
[route_server-12] [WARN] [1785623418.996937437] []: TF_OLD_DATA ignoring data from the past for frame base_link at time 2.232000 according to authority Authority undetectable
[route_server-12] Possible reasons are listed at http://wiki.ros.org/tf/Errors%20explained
[planner_server-11] [WARN] [1785623418.996947627] []: TF_OLD_DATA ignoring data from the past for frame base_link at time 2.232000 according to authority Authority undetectable
[planner_server-11] Possible reasons are listed at http://wiki.ros.org/tf/Errors%20explained
[bt_navigator-14] [WARN] [1785623418.996951895] []: TF_OLD_DATA ignoring data from the past for frame base_link at time 2.232000 according to authority Authority undetectable
[bt_navigator-14] Possible reasons are listed at http://wiki.ros.org/tf/Errors%20explained
[behavior_server-13] [WARN] [1785623418.996952749] []: TF_OLD_DATA ignoring data from the past for frame base_link at time 2.232000 according to authority Authority undetectable
[behavior_server-13] Possible reasons are listed at http://wiki.ros.org/tf/Errors%20explained
[smoother_server-10] [WARN] [1785623418.996972736] []: TF_OLD_DATA ignoring data from the past for frame base_link at time 2.232000 according to authority Authority undetectable
[smoother_server-10] Possible reasons are listed at http://wiki.ros.org/tf/Errors%20explained
[collision_monitor-17] [WARN] [1785623418.997010708] []: TF_OLD_DATA ignoring data from the past for frame base_link at time 2.232000 according to authority Authority undetectable
[collision_monitor-17] Possible reasons are listed at http://wiki.ros.org/tf/Errors%20explained
[smoother_server-10] [WARN] [1785623419.032535103] []: TF_OLD_DATA ignoring data from the past for frame base_link at time 2.268000 according to authority Authority undetectable
[smoother_server-10] Possible reasons are listed at http://wiki.ros.org/tf/Errors%20explained
[amcl-7] [WARN] [1785623419.032537080] []: TF_OLD_DATA ignoring data from the past for frame base_link at time 2.268000 according to authority Authority undetectable
[amcl-7] Possible reasons are listed at http://wiki.ros.org/tf/Errors%20explained
[planner_server-11] [WARN] [1785623419.032547115] []: TF_OLD_DATA ignoring data from the past for frame base_link at time 2.268000 according to authority Authority undetectable
[planner_server-11] Possible reasons are listed at http://wiki.ros.org/tf/Errors%20explained
[route_server-12] [WARN] [1785623419.032569809] []: TF_OLD_DATA ignoring data from the past for frame base_link at time 2.268000 according to authority Authority undetectable
[route_server-12] Possible reasons are listed at http://wiki.ros.org/tf/Errors%20explained
[controller_server-9] [WARN] [1785623419.032575884] []: TF_OLD_DATA ignoring data from the past for frame base_link at time 2.268000 according to authority Authority undetectable
[controller_server-9] Possible reasons are listed at http://wiki.ros.org/tf/Errors%20explained
[collision_monitor-17] [WARN] [1785623419.032582603] []: TF_OLD_DATA ignoring data from the past for frame base_link at time 2.268000 according to authority Authority undetectable
[collision_monitor-17] Possible reasons are listed at http://wiki.ros.org/tf/Errors%20explained
[bt_navigator-14] [WARN] [1785623419.032601211] []: TF_OLD_DATA ignoring data from the past for frame base_link at time 2.268000 according to authority Authority undetectable
[bt_navigator-14] Possible reasons are listed at http://wiki.ros.org/tf/Errors%20explained
[behavior_server-13] [WARN] [1785623419.032633874] []: TF_OLD_DATA ignoring data from the past for frame base_link at time 2.268000 according to authority Authority undetectable
[behavior_server-13] Possible reasons are listed at http://wiki.ros.org/tf/Errors%20explained
[controller_server-9] [WARN] [1785623419.068633706] []: TF_OLD_DATA ignoring data from the past for frame base_link at time 2.304000 according to authority Authority undetectable
[controller_server-9] Possible reasons are listed at http://wiki.ros.org/tf/Errors%20explained
[behavior_server-13] [WARN] [1785623419.068670692] []: TF_OLD_DATA ignoring data from the past for frame base_link at time 2.304000 according to authority Authority undetectable
[behavior_server-13] Possible reasons are listed at http://wiki.ros.org/tf/Errors%20explained
[planner_server-11] [WARN] [1785623419.068670790] []: TF_OLD_DATA ignoring data from the past for frame base_link at time 2.304000 according to authority Authority undetectable
[planner_server-11] Possible reasons are listed at http://wiki.ros.org/tf/Errors%20explained
[bt_navigator-14] [WARN] [1785623419.068676385] []: TF_OLD_DATA ignoring data from the past for frame base_link at time 2.304000 according to authority Authority undetectable
[bt_navigator-14] Possible reasons are listed at http://wiki.ros.org/tf/Errors%20explained
[route_server-12] [WARN] [1785623419.068685892] []: TF_OLD_DATA ignoring data from the past for frame base_link at time 2.304000 according to authority Authority undetectable
[route_server-12] Possible reasons are listed at http://wiki.ros.org/tf/Errors%20explained
[smoother_server-10] [WARN] [1785623419.068685613] []: TF_OLD_DATA ignoring data from the past for frame base_link at time 2.304000 according to authority Authority undetectable
[smoother_server-10] Possible reasons are listed at http://wiki.ros.org/tf/Errors%20explained
[collision_monitor-17] [WARN] [1785623419.068709440] []: TF_OLD_DATA ignoring data from the past for frame base_link at time 2.304000 according to authority Authority undetectable
[collision_monitor-17] Possible reasons are listed at http://wiki.ros.org/tf/Errors%20explained
[amcl-7] [WARN] [1785623419.068767154] []: TF_OLD_DATA ignoring data from the past for frame base_link at time 2.304000 according to authority Authority undetectable
[amcl-7] Possible reasons are listed at http://wiki.ros.org/tf/Errors%20explained
[planner_server-11] [WARN] [1785623419.104829037] []: TF_OLD_DATA ignoring data from the past for frame base_link at time 2.340000 according to authority Authority undetectable
[planner_server-11] Possible reasons are listed at http://wiki.ros.org/tf/Errors%20explained
[controller_server-9] [WARN] [1785623419.104828134] []: TF_OLD_DATA ignoring data from the past for frame base_link at time 2.340000 according to authority Authority undetectable
[controller_server-9] Possible reasons are listed at http://wiki.ros.org/tf/Errors%20explained
[route_server-12] [WARN] [1785623419.104835381] []: TF_OLD_DATA ignoring data from the past for frame base_link at time 2.340000 according to authority Authority undetectable
[route_server-12] Possible reasons are listed at http://wiki.ros.org/tf/Errors%20explained
[bt_navigator-14] [WARN] [1785623419.104856964] []: TF_OLD_DATA ignoring data from the past for frame base_link at time 2.340000 according to authority Authority undetectable
[bt_navigator-14] Possible reasons are listed at http://wiki.ros.org/tf/Errors%20explained
[smoother_server-10] [WARN] [1785623419.104868323] []: TF_OLD_DATA ignoring data from the past for frame base_link at time 2.340000 according to authority Authority undetectable
[smoother_server-10] Possible reasons are listed at http://wiki.ros.org/tf/Errors%20explained
[behavior_server-13] [WARN] [1785623419.104877703] []: TF_OLD_DATA ignoring data from the past for frame base_link at time 2.340000 according to authority Authority undetectable
[behavior_server-13] Possible reasons are listed at http://wiki.ros.org/tf/Errors%20explained
[amcl-7] [WARN] [1785623419.104876044] []: TF_OLD_DATA ignoring data from the past for frame base_link at time 2.340000 according to authority Authority undetectable
[amcl-7] Possible reasons are listed at http://wiki.ros.org/tf/Errors%20explained
[collision_monitor-17] [WARN] [1785623419.104904504] []: TF_OLD_DATA ignoring data from the past for frame base_link at time 2.340000 according to authority Authority undetectable
[collision_monitor-17] Possible reasons are listed at http://wiki.ros.org/tf/Errors%20explained
[controller_server-9] [WARN] [1785623419.140978650] []: TF_OLD_DATA ignoring data from the past for frame base_link at time 2.376000 according to authority Authority undetectable
[controller_server-9] Possible reasons are listed at http://wiki.ros.org/tf/Errors%20explained
[smoother_server-10] [WARN] [1785623419.141005036] []: TF_OLD_DATA ignoring data from the past for frame base_link at time 2.376000 according to authority Authority undetectable
[smoother_server-10] Possible reasons are listed at http://wiki.ros.org/tf/Errors%20explained
[amcl-7] [WARN] [1785623419.141024667] []: TF_OLD_DATA ignoring data from the past for frame base_link at time 2.376000 according to authority Authority undetectable
[amcl-7] Possible reasons are listed at http://wiki.ros.org/tf/Errors%20explained
[planner_server-11] [WARN] [1785623419.141046702] []: TF_OLD_DATA ignoring data from the past for frame base_link at time 2.376000 according to authority Authority undetectable
[planner_server-11] Possible reasons are listed at http://wiki.ros.org/tf/Errors%20explained
[bt_navigator-14] [WARN] [1785623419.141081642] []: TF_OLD_DATA ignoring data from the past for frame base_link at time 2.376000 according to authority Authority undetectable
[bt_navigator-14] Possible reasons are listed at http://wiki.ros.org/tf/Errors%20explained
[behavior_server-13] [WARN] [1785623419.141080543] []: TF_OLD_DATA ignoring data from the past for frame base_link at time 2.376000 according to authority Authority undetectable
[behavior_server-13] Possible reasons are listed at http://wiki.ros.org/tf/Errors%20explained
[collision_monitor-17] [WARN] [1785623419.141089288] []: TF_OLD_DATA ignoring data from the past for frame base_link at time 2.376000 according to authority Authority undetectable
[collision_monitor-17] Possible reasons are listed at http://wiki.ros.org/tf/Errors%20explained
[route_server-12] [WARN] [1785623419.141097201] []: TF_OLD_DATA ignoring data from the past for frame base_link at time 2.376000 according to authority Authority undetectable
[route_server-12] Possible reasons are listed at http://wiki.ros.org/tf/Errors%20explained
[amcl-7] [WARN] [1785623419.179020317] []: TF_OLD_DATA ignoring data from the past for frame base_link at time 2.412000 according to authority Authority undetectable
[amcl-7] Possible reasons are listed at http://wiki.ros.org/tf/Errors%20explained
[route_server-12] [WARN] [1785623419.179137797] []: TF_OLD_DATA ignoring data from the past for frame base_link at time 2.412000 according to authority Authority undetectable
[route_server-12] Possible reasons are listed at http://wiki.ros.org/tf/Errors%20explained
[collision_monitor-17] [WARN] [1785623419.179177732] []: TF_OLD_DATA ignoring data from the past for frame base_link at time 2.412000 according to authority Authority undetectable
[collision_monitor-17] Possible reasons are listed at http://wiki.ros.org/tf/Errors%20explained
[controller_server-9] [WARN] [1785623419.179358546] []: TF_OLD_DATA ignoring data from the past for frame base_link at time 2.412000 according to authority Authority undetectable
[controller_server-9] Possible reasons are listed at http://wiki.ros.org/tf/Errors%20explained
[smoother_server-10] [WARN] [1785623419.179398375] []: TF_OLD_DATA ignoring data from the past for frame base_link at time 2.412000 according to authority Authority undetectable
[smoother_server-10] Possible reasons are listed at http://wiki.ros.org/tf/Errors%20explained
[planner_server-11] [WARN] [1785623419.179438714] []: TF_OLD_DATA ignoring data from the past for frame base_link at time 2.412000 according to authority Authority undetectable
[planner_server-11] Possible reasons are listed at http://wiki.ros.org/tf/Errors%20explained
[behavior_server-13] [WARN] [1785623419.179779907] []: TF_OLD_DATA ignoring data from the past for frame base_link at time 2.412000 according to authority Authority undetectable
[behavior_server-13] Possible reasons are listed at http://wiki.ros.org/tf/Errors%20explained
[bt_navigator-14] [WARN] [1785623419.179804743] []: TF_OLD_DATA ignoring data from the past for frame base_link at time 2.412000 according to authority Authority undetectable
[bt_navigator-14] Possible reasons are listed at http://wiki.ros.org/tf/Errors%20explained
[controller_server-9] [WARN] [1785623419.213219420] []: TF_OLD_DATA ignoring data from the past for frame base_link at time 2.448000 according to authority Authority undetectable
[controller_server-9] Possible reasons are listed at http://wiki.ros.org/tf/Errors%20explained
[route_server-12] [WARN] [1785623419.213276077] []: TF_OLD_DATA ignoring data from the past for frame base_link at time 2.448000 according to authority Authority undetectable
[route_server-12] Possible reasons are listed at http://wiki.ros.org/tf/Errors%20explained
[collision_monitor-17] [WARN] [1785623419.213286457] []: TF_OLD_DATA ignoring data from the past for frame base_link at time 2.448000 according to authority Authority undetectable
[collision_monitor-17] Possible reasons are listed at http://wiki.ros.org/tf/Errors%20explained
[amcl-7] [WARN] [1785623419.213292585] []: TF_OLD_DATA ignoring data from the past for frame base_link at time 2.448000 according to authority Authority undetectable
[amcl-7] Possible reasons are listed at http://wiki.ros.org/tf/Errors%20explained
[behavior_server-13] [WARN] [1785623419.213297088] []: TF_OLD_DATA ignoring data from the past for frame base_link at time 2.448000 according to authority Authority undetectable
[behavior_server-13] Possible reasons are listed at http://wiki.ros.org/tf/Errors%20explained
[planner_server-11] [WARN] [1785623419.213308899] []: TF_OLD_DATA ignoring data from the past for frame base_link at time 2.448000 according to authority Authority undetectable
[planner_server-11] Possible reasons are listed at http://wiki.ros.org/tf/Errors%20explained
[smoother_server-10] [WARN] [1785623419.213326006] []: TF_OLD_DATA ignoring data from the past for frame base_link at time 2.448000 according to authority Authority undetectable
[smoother_server-10] Possible reasons are listed at http://wiki.ros.org/tf/Errors%20explained
[bt_navigator-14] [WARN] [1785623419.213477507] []: TF_OLD_DATA ignoring data from the past for frame base_link at time 2.448000 according to authority Authority undetectable
[bt_navigator-14] Possible reasons are listed at http://wiki.ros.org/tf/Errors%20explained
[amcl-7] [WARN] [1785623419.248864250] []: TF_OLD_DATA ignoring data from the past for frame base_link at time 2.484000 according to authority Authority undetectable
[amcl-7] Possible reasons are listed at http://wiki.ros.org/tf/Errors%20explained
[smoother_server-10] [WARN] [1785623419.248886055] []: TF_OLD_DATA ignoring data from the past for frame base_link at time 2.484000 according to authority Authority undetectable
[smoother_server-10] Possible reasons are listed at http://wiki.ros.org/tf/Errors%20explained
[controller_server-9] [WARN] [1785623419.248957380] []: TF_OLD_DATA ignoring data from the past for frame base_link at time 2.484000 according to authority Authority undetectable
[controller_server-9] Possible reasons are listed at http://wiki.ros.org/tf/Errors%20explained
[route_server-12] [WARN] [1785623419.248959205] []: TF_OLD_DATA ignoring data from the past for frame base_link at time 2.484000 according to authority Authority undetectable
[route_server-12] Possible reasons are listed at http://wiki.ros.org/tf/Errors%20explained
[planner_server-11] [WARN] [1785623419.248993604] []: TF_OLD_DATA ignoring data from the past for frame base_link at time 2.484000 according to authority Authority undetectable
[planner_server-11] Possible reasons are listed at http://wiki.ros.org/tf/Errors%20explained
[behavior_server-13] [WARN] [1785623419.248999747] []: TF_OLD_DATA ignoring data from the past for frame base_link at time 2.484000 according to authority Authority undetectable
[behavior_server-13] Possible reasons are listed at http://wiki.ros.org/tf/Errors%20explained
[bt_navigator-14] [WARN] [1785623419.249014025] []: TF_OLD_DATA ignoring data from the past for frame base_link at time 2.484000 according to authority Authority undetectable
[bt_navigator-14] Possible reasons are listed at http://wiki.ros.org/tf/Errors%20explained
[collision_monitor-17] [WARN] [1785623419.249128725] []: TF_OLD_DATA ignoring data from the past for frame base_link at time 2.484000 according to authority Authority undetectable
[collision_monitor-17] Possible reasons are listed at http://wiki.ros.org/tf/Errors%20explained
[amcl-7] [WARN] [1785623419.285733375] []: TF_OLD_DATA ignoring data from the past for frame base_link at time 2.520000 according to authority Authority undetectable
[amcl-7] Possible reasons are listed at http://wiki.ros.org/tf/Errors%20explained
[route_server-12] [WARN] [1785623419.285751922] []: TF_OLD_DATA ignoring data from the past for frame base_link at time 2.520000 according to authority Authority undetectable
[route_server-12] Possible reasons are listed at http://wiki.ros.org/tf/Errors%20explained
[collision_monitor-17] [WARN] [1785623419.285767816] []: TF_OLD_DATA ignoring data from the past for frame base_link at time 2.520000 according to authority Authority undetectable
[collision_monitor-17] Possible reasons are listed at http://wiki.ros.org/tf/Errors%20explained
[smoother_server-10] [WARN] [1785623419.285776279] []: TF_OLD_DATA ignoring data from the past for frame base_link at time 2.520000 according to authority Authority undetectable
[smoother_server-10] Possible reasons are listed at http://wiki.ros.org/tf/Errors%20explained
[behavior_server-13] [WARN] [1785623419.285865341] []: TF_OLD_DATA ignoring data from the past for frame base_link at time 2.520000 according to authority Authority undetectable
[behavior_server-13] Possible reasons are listed at http://wiki.ros.org/tf/Errors%20explained
[planner_server-11] [WARN] [1785623419.285914888] []: TF_OLD_DATA ignoring data from the past for frame base_link at time 2.520000 according to authority Authority undetectable
[planner_server-11] Possible reasons are listed at http://wiki.ros.org/tf/Errors%20explained
[controller_server-9] [WARN] [1785623419.286074709] []: TF_OLD_DATA ignoring data from the past for frame base_link at time 2.520000 according to authority Authority undetectable
[controller_server-9] Possible reasons are listed at http://wiki.ros.org/tf/Errors%20explained
[bt_navigator-14] [WARN] [1785623419.286164904] []: TF_OLD_DATA ignoring data from the past for frame base_link at time 2.520000 according to authority Authority undetectable
[bt_navigator-14] Possible reasons are listed at http://wiki.ros.org/tf/Errors%20explained
[amcl-7] [WARN] [1785623419.321051742] []: TF_OLD_DATA ignoring data from the past for frame base_link at time 2.556000 according to authority Authority undetectable
[amcl-7] Possible reasons are listed at http://wiki.ros.org/tf/Errors%20explained
[controller_server-9] [WARN] [1785623419.321050668] []: TF_OLD_DATA ignoring data from the past for frame base_link at time 2.556000 according to authority Authority undetectable
[controller_server-9] Possible reasons are listed at http://wiki.ros.org/tf/Errors%20explained
[smoother_server-10] [WARN] [1785623419.321064464] []: TF_OLD_DATA ignoring data from the past for frame base_link at time 2.556000 according to authority Authority undetectable
[smoother_server-10] Possible reasons are listed at http://wiki.ros.org/tf/Errors%20explained
[planner_server-11] [WARN] [1785623419.321081339] []: TF_OLD_DATA ignoring data from the past for frame base_link at time 2.556000 according to authority Authority undetectable
[planner_server-11] Possible reasons are listed at http://wiki.ros.org/tf/Errors%20explained
[collision_monitor-17] [WARN] [1785623419.321141319] []: TF_OLD_DATA ignoring data from the past for frame base_link at time 2.556000 according to authority Authority undetectable
[collision_monitor-17] Possible reasons are listed at http://wiki.ros.org/tf/Errors%20explained
[route_server-12] [WARN] [1785623419.321198413] []: TF_OLD_DATA ignoring data from the past for frame base_link at time 2.556000 according to authority Authority undetectable
[route_server-12] Possible reasons are listed at http://wiki.ros.org/tf/Errors%20explained
[bt_navigator-14] [WARN] [1785623419.321213853] []: TF_OLD_DATA ignoring data from the past for frame base_link at time 2.556000 according to authority Authority undetectable
[bt_navigator-14] Possible reasons are listed at http://wiki.ros.org/tf/Errors%20explained
[behavior_server-13] [WARN] [1785623419.321390928] []: TF_OLD_DATA ignoring data from the past for frame base_link at time 2.556000 according to authority Authority undetectable
[behavior_server-13] Possible reasons are listed at http://wiki.ros.org/tf/Errors%20explained
[route_server-12] [WARN] [1785623419.357853449] []: TF_OLD_DATA ignoring data from the past for frame base_link at time 2.592000 according to authority Authority undetectable
[route_server-12] Possible reasons are listed at http://wiki.ros.org/tf/Errors%20explained
[smoother_server-10] [WARN] [1785623419.357875725] []: TF_OLD_DATA ignoring data from the past for frame base_link at time 2.592000 according to authority Authority undetectable
[smoother_server-10] Possible reasons are listed at http://wiki.ros.org/tf/Errors%20explained
[amcl-7] [WARN] [1785623419.357876363] []: TF_OLD_DATA ignoring data from the past for frame base_link at time 2.592000 according to authority Authority undetectable
[amcl-7] Possible reasons are listed at http://wiki.ros.org/tf/Errors%20explained
[behavior_server-13] [WARN] [1785623419.357875922] []: TF_OLD_DATA ignoring data from the past for frame base_link at time 2.592000 according to authority Authority undetectable
[behavior_server-13] Possible reasons are listed at http://wiki.ros.org/tf/Errors%20explained
[bt_navigator-14] [WARN] [1785623419.357942958] []: TF_OLD_DATA ignoring data from the past for frame base_link at time 2.592000 according to authority Authority undetectable
[bt_navigator-14] Possible reasons are listed at http://wiki.ros.org/tf/Errors%20explained
[collision_monitor-17] [WARN] [1785623419.357979870] []: TF_OLD_DATA ignoring data from the past for frame base_link at time 2.592000 according to authority Authority undetectable
[collision_monitor-17] Possible reasons are listed at http://wiki.ros.org/tf/Errors%20explained
[planner_server-11] [WARN] [1785623419.358255567] []: TF_OLD_DATA ignoring data from the past for frame base_link at time 2.592000 according to authority Authority undetectable
[planner_server-11] Possible reasons are listed at http://wiki.ros.org/tf/Errors%20explained
[controller_server-9] [WARN] [1785623419.358325488] []: TF_OLD_DATA ignoring data from the past for frame base_link at time 2.592000 according to authority Authority undetectable
[controller_server-9] Possible reasons are listed at http://wiki.ros.org/tf/Errors%20explained
[planner_server-11] [INFO] [1785623419.384447310] [global_costmap.global_costmap]: start
[controller_server-9] [WARN] [1785623419.392835727] []: TF_OLD_DATA ignoring data from the past for frame base_link at time 2.628000 according to authority Authority undetectable
[controller_server-9] Possible reasons are listed at http://wiki.ros.org/tf/Errors%20explained
[amcl-7] [WARN] [1785623419.392855846] []: TF_OLD_DATA ignoring data from the past for frame base_link at time 2.628000 according to authority Authority undetectable
[amcl-7] Possible reasons are listed at http://wiki.ros.org/tf/Errors%20explained
[route_server-12] [WARN] [1785623419.392869784] []: TF_OLD_DATA ignoring data from the past for frame base_link at time 2.628000 according to authority Authority undetectable
[route_server-12] Possible reasons are listed at http://wiki.ros.org/tf/Errors%20explained
[smoother_server-10] [WARN] [1785623419.392874780] []: TF_OLD_DATA ignoring data from the past for frame base_link at time 2.628000 according to authority Authority undetectable
[smoother_server-10] Possible reasons are listed at http://wiki.ros.org/tf/Errors%20explained
[planner_server-11] [WARN] [1785623419.392897330] []: TF_OLD_DATA ignoring data from the past for frame base_link at time 2.628000 according to authority Authority undetectable
[planner_server-11] Possible reasons are listed at http://wiki.ros.org/tf/Errors%20explained
[collision_monitor-17] [WARN] [1785623419.392897391] []: TF_OLD_DATA ignoring data from the past for frame base_link at time 2.628000 according to authority Authority undetectable
[collision_monitor-17] Possible reasons are listed at http://wiki.ros.org/tf/Errors%20explained
[behavior_server-13] [WARN] [1785623419.392906248] []: TF_OLD_DATA ignoring data from the past for frame base_link at time 2.628000 according to authority Authority undetectable
[behavior_server-13] Possible reasons are listed at http://wiki.ros.org/tf/Errors%20explained
[bt_navigator-14] [WARN] [1785623419.392904930] []: TF_OLD_DATA ignoring data from the past for frame base_link at time 2.628000 according to authority Authority undetectable
[bt_navigator-14] Possible reasons are listed at http://wiki.ros.org/tf/Errors%20explained
[controller_server-9] [WARN] [1785623419.428675912] []: TF_OLD_DATA ignoring data from the past for frame base_link at time 2.664000 according to authority Authority undetectable
[controller_server-9] Possible reasons are listed at http://wiki.ros.org/tf/Errors%20explained
[smoother_server-10] [WARN] [1785623419.428690201] []: TF_OLD_DATA ignoring data from the past for frame base_link at time 2.664000 according to authority Authority undetectable
[smoother_server-10] Possible reasons are listed at http://wiki.ros.org/tf/Errors%20explained
[planner_server-11] [WARN] [1785623419.428703891] []: TF_OLD_DATA ignoring data from the past for frame base_link at time 2.664000 according to authority Authority undetectable
[planner_server-11] Possible reasons are listed at http://wiki.ros.org/tf/Errors%20explained
[route_server-12] [WARN] [1785623419.428704522] []: TF_OLD_DATA ignoring data from the past for frame base_link at time 2.664000 according to authority Authority undetectable
[route_server-12] Possible reasons are listed at http://wiki.ros.org/tf/Errors%20explained
[bt_navigator-14] [WARN] [1785623419.428712662] []: TF_OLD_DATA ignoring data from the past for frame base_link at time 2.664000 according to authority Authority undetectable
[bt_navigator-14] Possible reasons are listed at http://wiki.ros.org/tf/Errors%20explained
[amcl-7] [WARN] [1785623419.428726685] []: TF_OLD_DATA ignoring data from the past for frame base_link at time 2.664000 according to authority Authority undetectable
[amcl-7] Possible reasons are listed at http://wiki.ros.org/tf/Errors%20explained
[behavior_server-13] [WARN] [1785623419.428732199] []: TF_OLD_DATA ignoring data from the past for frame base_link at time 2.664000 according to authority Authority undetectable
[behavior_server-13] Possible reasons are listed at http://wiki.ros.org/tf/Errors%20explained
[collision_monitor-17] [WARN] [1785623419.428805333] []: TF_OLD_DATA ignoring data from the past for frame base_link at time 2.664000 according to authority Authority undetectable
[collision_monitor-17] Possible reasons are listed at http://wiki.ros.org/tf/Errors%20explained
[planner_server-11] [INFO] [1785623419.434710090] [planner_server]: Activating plugin Smac2D of type SmacPlanner2D
[planner_server-11] [INFO] [1785623419.434762444] [planner_server]: Activating plugin ThetaStar of type nav2_theta_star_planner
[planner_server-11] [INFO] [1785623419.434776349] [planner_server]: Activating plugin SmacHybrid of type SmacPlannerHybrid
[planner_server-11] [INFO] [1785623419.436897124] [planner_server]: Activating plugin NavFnDijkstra of type NavfnPlanner
[planner_server-11] [INFO] [1785623419.436991227] [planner_server]: Activating plugin NavFnAStar of type NavfnPlanner
[planner_server-11] [INFO] [1785623419.440865368] [planner_server]: Creating bond (planner_server) to lifecycle manager.
[amcl-7] [WARN] [1785623419.464713290] []: TF_OLD_DATA ignoring data from the past for frame base_link at time 2.700000 according to authority Authority undetectable
[amcl-7] Possible reasons are listed at http://wiki.ros.org/tf/Errors%20explained
[controller_server-9] [WARN] [1785623419.464709958] []: TF_OLD_DATA ignoring data from the past for frame base_link at time 2.700000 according to authority Authority undetectable
[controller_server-9] Possible reasons are listed at http://wiki.ros.org/tf/Errors%20explained
[route_server-12] [WARN] [1785623419.464710020] []: TF_OLD_DATA ignoring data from the past for frame base_link at time 2.700000 according to authority Authority undetectable
[route_server-12] Possible reasons are listed at http://wiki.ros.org/tf/Errors%20explained
[behavior_server-13] [WARN] [1785623419.464717162] []: TF_OLD_DATA ignoring data from the past for frame base_link at time 2.700000 according to authority Authority undetectable
[behavior_server-13] Possible reasons are listed at http://wiki.ros.org/tf/Errors%20explained
[collision_monitor-17] [WARN] [1785623419.464717732] []: TF_OLD_DATA ignoring data from the past for frame base_link at time 2.700000 according to authority Authority undetectable
[collision_monitor-17] Possible reasons are listed at http://wiki.ros.org/tf/Errors%20explained
[smoother_server-10] [WARN] [1785623419.464729829] []: TF_OLD_DATA ignoring data from the past for frame base_link at time 2.700000 according to authority Authority undetectable
[smoother_server-10] Possible reasons are listed at http://wiki.ros.org/tf/Errors%20explained
[bt_navigator-14] [WARN] [1785623419.464751999] []: TF_OLD_DATA ignoring data from the past for frame base_link at time 2.700000 according to authority Authority undetectable
[bt_navigator-14] Possible reasons are listed at http://wiki.ros.org/tf/Errors%20explained
[planner_server-11] [WARN] [1785623419.464784809] []: TF_OLD_DATA ignoring data from the past for frame base_link at time 2.700000 according to authority Authority undetectable
[planner_server-11] Possible reasons are listed at http://wiki.ros.org/tf/Errors%20explained
[batch_benchmark-5] [INFO] [1785623419.476977707] [planner_geometry_benchmark]: [1/5] NavFnAStar / southwest_northeast_weave / repetition 1
[controller_server-9] [WARN] [1785623419.500742216] []: TF_OLD_DATA ignoring data from the past for frame base_link at time 2.736000 according to authority Authority undetectable
[controller_server-9] Possible reasons are listed at http://wiki.ros.org/tf/Errors%20explained
[amcl-7] [WARN] [1785623419.500748695] []: TF_OLD_DATA ignoring data from the past for frame base_link at time 2.736000 according to authority Authority undetectable
[amcl-7] Possible reasons are listed at http://wiki.ros.org/tf/Errors%20explained
[route_server-12] [WARN] [1785623419.500764141] []: TF_OLD_DATA ignoring data from the past for frame base_link at time 2.736000 according to authority Authority undetectable
[route_server-12] Possible reasons are listed at http://wiki.ros.org/tf/Errors%20explained
[smoother_server-10] [WARN] [1785623419.500790033] []: TF_OLD_DATA ignoring data from the past for frame base_link at time 2.736000 according to authority Authority undetectable
[smoother_server-10] Possible reasons are listed at http://wiki.ros.org/tf/Errors%20explained
[bt_navigator-14] [WARN] [1785623419.500801749] []: TF_OLD_DATA ignoring data from the past for frame base_link at time 2.736000 according to authority Authority undetectable
[bt_navigator-14] Possible reasons are listed at http://wiki.ros.org/tf/Errors%20explained
[planner_server-11] [WARN] [1785623419.500843119] []: TF_OLD_DATA ignoring data from the past for frame base_link at time 2.736000 according to authority Authority undetectable
[planner_server-11] Possible reasons are listed at http://wiki.ros.org/tf/Errors%20explained
[behavior_server-13] [WARN] [1785623419.500850456] []: TF_OLD_DATA ignoring data from the past for frame base_link at time 2.736000 according to authority Authority undetectable
[behavior_server-13] Possible reasons are listed at http://wiki.ros.org/tf/Errors%20explained
[collision_monitor-17] [WARN] [1785623419.500869790] []: TF_OLD_DATA ignoring data from the past for frame base_link at time 2.736000 according to authority Authority undetectable
[collision_monitor-17] Possible reasons are listed at http://wiki.ros.org/tf/Errors%20explained
[amcl-7] [WARN] [1785623419.536972735] []: TF_OLD_DATA ignoring data from the past for frame base_link at time 2.772000 according to authority Authority undetectable
[amcl-7] Possible reasons are listed at http://wiki.ros.org/tf/Errors%20explained
[smoother_server-10] [WARN] [1785623419.536991669] []: TF_OLD_DATA ignoring data from the past for frame base_link at time 2.772000 according to authority Authority undetectable
[smoother_server-10] Possible reasons are listed at http://wiki.ros.org/tf/Errors%20explained
[controller_server-9] [WARN] [1785623419.536991617] []: TF_OLD_DATA ignoring data from the past for frame base_link at time 2.772000 according to authority Authority undetectable
[controller_server-9] Possible reasons are listed at http://wiki.ros.org/tf/Errors%20explained
[route_server-12] [WARN] [1785623419.536996035] []: TF_OLD_DATA ignoring data from the past for frame base_link at time 2.772000 according to authority Authority undetectable
[route_server-12] Possible reasons are listed at http://wiki.ros.org/tf/Errors%20explained
[behavior_server-13] [WARN] [1785623419.537019801] []: TF_OLD_DATA ignoring data from the past for frame base_link at time 2.772000 according to authority Authority undetectable
[behavior_server-13] Possible reasons are listed at http://wiki.ros.org/tf/Errors%20explained
[collision_monitor-17] [WARN] [1785623419.537073846] []: TF_OLD_DATA ignoring data from the past for frame base_link at time 2.772000 according to authority Authority undetectable
[collision_monitor-17] Possible reasons are listed at http://wiki.ros.org/tf/Errors%20explained
[bt_navigator-14] [WARN] [1785623419.537085097] []: TF_OLD_DATA ignoring data from the past for frame base_link at time 2.772000 according to authority Authority undetectable
[bt_navigator-14] Possible reasons are listed at http://wiki.ros.org/tf/Errors%20explained
[planner_server-11] [WARN] [1785623419.537089048] []: TF_OLD_DATA ignoring data from the past for frame base_link at time 2.772000 according to authority Authority undetectable
[planner_server-11] Possible reasons are listed at http://wiki.ros.org/tf/Errors%20explained
[lifecycle_manager-19] [INFO] [1785623419.556210477] [lifecycle_manager_navigation]: Server planner_server connected with bond.
[lifecycle_manager-19] [INFO] [1785623419.556253292] [lifecycle_manager_navigation]: [34m[1mActivating route_server[0m[0m
[route_server-12] [INFO] [1785623419.556669217] [route_server]: Activating
[route_server-12] [INFO] [1785623419.556867115] [route_server]: Creating bond (route_server) to lifecycle manager.
[controller_server-9] [WARN] [1785623419.573078892] []: TF_OLD_DATA ignoring data from the past for frame base_link at time 2.808000 according to authority Authority undetectable
[controller_server-9] Possible reasons are listed at http://wiki.ros.org/tf/Errors%20explained
[smoother_server-10] [WARN] [1785623419.573104142] []: TF_OLD_DATA ignoring data from the past for frame base_link at time 2.808000 according to authority Authority undetectable
[smoother_server-10] Possible reasons are listed at http://wiki.ros.org/tf/Errors%20explained
[bt_navigator-14] [WARN] [1785623419.573148739] []: TF_OLD_DATA ignoring data from the past for frame base_link at time 2.808000 according to authority Authority undetectable
[bt_navigator-14] Possible reasons are listed at http://wiki.ros.org/tf/Errors%20explained
[behavior_server-13] [WARN] [1785623419.573176685] []: TF_OLD_DATA ignoring data from the past for frame base_link at time 2.808000 according to authority Authority undetectable
[behavior_server-13] Possible reasons are listed at http://wiki.ros.org/tf/Errors%20explained
[amcl-7] [WARN] [1785623419.573192840] []: TF_OLD_DATA ignoring data from the past for frame base_link at time 2.808000 according to authority Authority undetectable
[amcl-7] Possible reasons are listed at http://wiki.ros.org/tf/Errors%20explained
[route_server-12] [WARN] [1785623419.573208148] []: TF_OLD_DATA ignoring data from the past for frame base_link at time 2.808000 according to authority Authority undetectable
[route_server-12] Possible reasons are listed at http://wiki.ros.org/tf/Errors%20explained
[planner_server-11] [WARN] [1785623419.573217177] []: TF_OLD_DATA ignoring data from the past for frame base_link at time 2.808000 according to authority Authority undetectable
[planner_server-11] Possible reasons are listed at http://wiki.ros.org/tf/Errors%20explained
[collision_monitor-17] [WARN] [1785623419.573220411] []: TF_OLD_DATA ignoring data from the past for frame base_link at time 2.808000 according to authority Authority undetectable
[collision_monitor-17] Possible reasons are listed at http://wiki.ros.org/tf/Errors%20explained
[amcl-7] [WARN] [1785623419.608842605] []: TF_OLD_DATA ignoring data from the past for frame base_link at time 2.844000 according to authority Authority undetectable
[amcl-7] Possible reasons are listed at http://wiki.ros.org/tf/Errors%20explained
[controller_server-9] [WARN] [1785623419.608843310] []: TF_OLD_DATA ignoring data from the past for frame base_link at time 2.844000 according to authority Authority undetectable
[controller_server-9] Possible reasons are listed at http://wiki.ros.org/tf/Errors%20explained
[planner_server-11] [WARN] [1785623419.608842580] []: TF_OLD_DATA ignoring data from the past for frame base_link at time 2.844000 according to authority Authority undetectable
[planner_server-11] Possible reasons are listed at http://wiki.ros.org/tf/Errors%20explained
[behavior_server-13] [WARN] [1785623419.608845641] []: TF_OLD_DATA ignoring data from the past for frame base_link at time 2.844000 according to authority Authority undetectable
[behavior_server-13] Possible reasons are listed at http://wiki.ros.org/tf/Errors%20explained
[collision_monitor-17] [WARN] [1785623419.608858349] []: TF_OLD_DATA ignoring data from the past for frame base_link at time 2.844000 according to authority Authority undetectable
[collision_monitor-17] Possible reasons are listed at http://wiki.ros.org/tf/Errors%20explained
[smoother_server-10] [WARN] [1785623419.608870115] []: TF_OLD_DATA ignoring data from the past for frame base_link at time 2.844000 according to authority Authority undetectable
[smoother_server-10] Possible reasons are listed at http://wiki.ros.org/tf/Errors%20explained
[route_server-12] [WARN] [1785623419.608879401] []: TF_OLD_DATA ignoring data from the past for frame base_link at time 2.844000 according to authority Authority undetectable
[route_server-12] Possible reasons are listed at http://wiki.ros.org/tf/Errors%20explained
[bt_navigator-14] [WARN] [1785623419.608939198] []: TF_OLD_DATA ignoring data from the past for frame base_link at time 2.844000 according to authority Authority undetectable
[bt_navigator-14] Possible reasons are listed at http://wiki.ros.org/tf/Errors%20explained
[controller_server-9] [WARN] [1785623419.644539463] []: TF_OLD_DATA ignoring data from the past for frame base_link at time 2.880000 according to authority Authority undetectable
[controller_server-9] Possible reasons are listed at http://wiki.ros.org/tf/Errors%20explained
[collision_monitor-17] [WARN] [1785623419.644564743] []: TF_OLD_DATA ignoring data from the past for frame base_link at time 2.880000 according to authority Authority undetectable
[collision_monitor-17] Possible reasons are listed at http://wiki.ros.org/tf/Errors%20explained
[smoother_server-10] [WARN] [1785623419.644566832] []: TF_OLD_DATA ignoring data from the past for frame base_link at time 2.880000 according to authority Authority undetectable
[smoother_server-10] Possible reasons are listed at http://wiki.ros.org/tf/Errors%20explained
[amcl-7] [WARN] [1785623419.644539336] []: TF_OLD_DATA ignoring data from the past for frame base_link at time 2.880000 according to authority Authority undetectable
[amcl-7] Possible reasons are listed at http://wiki.ros.org/tf/Errors%20explained
[behavior_server-13] [WARN] [1785623419.644581922] []: TF_OLD_DATA ignoring data from the past for frame base_link at time 2.880000 according to authority Authority undetectable
[behavior_server-13] Possible reasons are listed at http://wiki.ros.org/tf/Errors%20explained
[planner_server-11] [WARN] [1785623419.644585565] []: TF_OLD_DATA ignoring data from the past for frame base_link at time 2.880000 according to authority Authority undetectable
[planner_server-11] Possible reasons are listed at http://wiki.ros.org/tf/Errors%20explained
[route_server-12] [WARN] [1785623419.644592755] []: TF_OLD_DATA ignoring data from the past for frame base_link at time 2.880000 according to authority Authority undetectable
[route_server-12] Possible reasons are listed at http://wiki.ros.org/tf/Errors%20explained
[bt_navigator-14] [WARN] [1785623419.644606054] []: TF_OLD_DATA ignoring data from the past for frame base_link at time 2.880000 according to authority Authority undetectable
[bt_navigator-14] Possible reasons are listed at http://wiki.ros.org/tf/Errors%20explained
[lifecycle_manager-19] [INFO] [1785623419.663512772] [lifecycle_manager_navigation]: Server route_server connected with bond.
[lifecycle_manager-19] [INFO] [1785623419.663569762] [lifecycle_manager_navigation]: [34m[1mActivating behavior_server[0m[0m
[behavior_server-13] [INFO] [1785623419.664001144] [behavior_server]: Activating
[behavior_server-13] [INFO] [1785623419.664036426] [behavior_server]: Activating spin
[behavior_server-13] [INFO] [1785623419.664052363] [behavior_server]: Activating backup
[behavior_server-13] [INFO] [1785623419.664065097] [behavior_server]: Activating drive_on_heading
[behavior_server-13] [INFO] [1785623419.664077805] [behavior_server]: Activating assisted_teleop
[behavior_server-13] [INFO] [1785623419.664089028] [behavior_server]: Activating wait
[behavior_server-13] [INFO] [1785623419.664104871] [behavior_server]: Creating bond (behavior_server) to lifecycle manager.
[controller_server-9] [WARN] [1785623419.680987765] []: TF_OLD_DATA ignoring data from the past for frame base_link at time 2.916000 according to authority Authority undetectable
[controller_server-9] Possible reasons are listed at http://wiki.ros.org/tf/Errors%20explained
[planner_server-11] [WARN] [1785623419.681001896] []: TF_OLD_DATA ignoring data from the past for frame base_link at time 2.916000 according to authority Authority undetectable
[planner_server-11] Possible reasons are listed at http://wiki.ros.org/tf/Errors%20explained
[amcl-7] [WARN] [1785623419.681116006] []: TF_OLD_DATA ignoring data from the past for frame base_link at time 2.916000 according to authority Authority undetectable
[amcl-7] Possible reasons are listed at http://wiki.ros.org/tf/Errors%20explained
[route_server-12] [WARN] [1785623419.681217122] []: TF_OLD_DATA ignoring data from the past for frame base_link at time 2.916000 according to authority Authority undetectable
[route_server-12] Possible reasons are listed at http://wiki.ros.org/tf/Errors%20explained
[collision_monitor-17] [WARN] [1785623419.681245833] []: TF_OLD_DATA ignoring data from the past for frame base_link at time 2.916000 according to authority Authority undetectable
[collision_monitor-17] Possible reasons are listed at http://wiki.ros.org/tf/Errors%20explained
[behavior_server-13] [WARN] [1785623419.681280994] []: TF_OLD_DATA ignoring data from the past for frame base_link at time 2.916000 according to authority Authority undetectable
[behavior_server-13] Possible reasons are listed at http://wiki.ros.org/tf/Errors%20explained
[bt_navigator-14] [WARN] [1785623419.681282770] []: TF_OLD_DATA ignoring data from the past for frame base_link at time 2.916000 according to authority Authority undetectable
[bt_navigator-14] Possible reasons are listed at http://wiki.ros.org/tf/Errors%20explained
[smoother_server-10] [WARN] [1785623419.681489514] []: TF_OLD_DATA ignoring data from the past for frame base_link at time 2.916000 according to authority Authority undetectable
[smoother_server-10] Possible reasons are listed at http://wiki.ros.org/tf/Errors%20explained
[amcl-7] [WARN] [1785623419.717091461] []: TF_OLD_DATA ignoring data from the past for frame base_link at time 2.952000 according to authority Authority undetectable
[amcl-7] Possible reasons are listed at http://wiki.ros.org/tf/Errors%20explained
[smoother_server-10] [WARN] [1785623419.717148330] []: TF_OLD_DATA ignoring data from the past for frame base_link at time 2.952000 according to authority Authority undetectable
[smoother_server-10] Possible reasons are listed at http://wiki.ros.org/tf/Errors%20explained
[planner_server-11] [WARN] [1785623419.717214489] []: TF_OLD_DATA ignoring data from the past for frame base_link at time 2.952000 according to authority Authority undetectable
[planner_server-11] Possible reasons are listed at http://wiki.ros.org/tf/Errors%20explained
[bt_navigator-14] [WARN] [1785623419.717230898] []: TF_OLD_DATA ignoring data from the past for frame base_link at time 2.952000 according to authority Authority undetectable
[bt_navigator-14] Possible reasons are listed at http://wiki.ros.org/tf/Errors%20explained
[route_server-12] [WARN] [1785623419.717252866] []: TF_OLD_DATA ignoring data from the past for frame base_link at time 2.952000 according to authority Authority undetectable
[route_server-12] Possible reasons are listed at http://wiki.ros.org/tf/Errors%20explained
[behavior_server-13] [WARN] [1785623419.717294231] []: TF_OLD_DATA ignoring data from the past for frame base_link at time 2.952000 according to authority Authority undetectable
[behavior_server-13] Possible reasons are listed at http://wiki.ros.org/tf/Errors%20explained
[collision_monitor-17] [WARN] [1785623419.717365160] []: TF_OLD_DATA ignoring data from the past for frame base_link at time 2.952000 according to authority Authority undetectable
[collision_monitor-17] Possible reasons are listed at http://wiki.ros.org/tf/Errors%20explained
[controller_server-9] [WARN] [1785623419.717762486] []: TF_OLD_DATA ignoring data from the past for frame base_link at time 2.952000 according to authority Authority undetectable
[controller_server-9] Possible reasons are listed at http://wiki.ros.org/tf/Errors%20explained
[controller_server-9] [WARN] [1785623419.752785468] []: TF_OLD_DATA ignoring data from the past for frame base_link at time 2.988000 according to authority Authority undetectable
[controller_server-9] Possible reasons are listed at http://wiki.ros.org/tf/Errors%20explained
[planner_server-11] [WARN] [1785623419.752807178] []: TF_OLD_DATA ignoring data from the past for frame base_link at time 2.988000 according to authority Authority undetectable
[planner_server-11] Possible reasons are listed at http://wiki.ros.org/tf/Errors%20explained
[smoother_server-10] [WARN] [1785623419.752811649] []: TF_OLD_DATA ignoring data from the past for frame base_link at time 2.988000 according to authority Authority undetectable
[smoother_server-10] Possible reasons are listed at http://wiki.ros.org/tf/Errors%20explained
[route_server-12] [WARN] [1785623419.752824157] []: TF_OLD_DATA ignoring data from the past for frame base_link at time 2.988000 according to authority Authority undetectable
[route_server-12] Possible reasons are listed at http://wiki.ros.org/tf/Errors%20explained
[amcl-7] [WARN] [1785623419.752831979] []: TF_OLD_DATA ignoring data from the past for frame base_link at time 2.988000 according to authority Authority undetectable
[amcl-7] Possible reasons are listed at http://wiki.ros.org/tf/Errors%20explained
[behavior_server-13] [WARN] [1785623419.752921922] []: TF_OLD_DATA ignoring data from the past for frame base_link at time 2.988000 according to authority Authority undetectable
[behavior_server-13] Possible reasons are listed at http://wiki.ros.org/tf/Errors%20explained
[collision_monitor-17] [WARN] [1785623419.752924142] []: TF_OLD_DATA ignoring data from the past for frame base_link at time 2.988000 according to authority Authority undetectable
[collision_monitor-17] Possible reasons are listed at http://wiki.ros.org/tf/Errors%20explained
[bt_navigator-14] [WARN] [1785623419.752938280] []: TF_OLD_DATA ignoring data from the past for frame base_link at time 2.988000 according to authority Authority undetectable
[bt_navigator-14] Possible reasons are listed at http://wiki.ros.org/tf/Errors%20explained
[lifecycle_manager-19] [INFO] [1785623419.773962256] [lifecycle_manager_navigation]: Server behavior_server connected with bond.
[lifecycle_manager-19] [INFO] [1785623419.774015513] [lifecycle_manager_navigation]: [34m[1mActivating velocity_smoother[0m[0m
[velocity_smoother-16] [INFO] [1785623419.774631308] [velocity_smoother]: Activating
[velocity_smoother-16] [INFO] [1785623419.774776846] [velocity_smoother]: Creating bond (velocity_smoother) to lifecycle manager.
[amcl-7] [WARN] [1785623419.788831251] []: TF_OLD_DATA ignoring data from the past for frame base_link at time 3.024000 according to authority Authority undetectable
[amcl-7] Possible reasons are listed at http://wiki.ros.org/tf/Errors%20explained
[smoother_server-10] [WARN] [1785623419.788839143] []: TF_OLD_DATA ignoring data from the past for frame base_link at time 3.024000 according to authority Authority undetectable
[smoother_server-10] Possible reasons are listed at http://wiki.ros.org/tf/Errors%20explained
[route_server-12] [WARN] [1785623419.788843855] []: TF_OLD_DATA ignoring data from the past for frame base_link at time 3.024000 according to authority Authority undetectable
[route_server-12] Possible reasons are listed at http://wiki.ros.org/tf/Errors%20explained
[planner_server-11] [WARN] [1785623419.788844393] []: TF_OLD_DATA ignoring data from the past for frame base_link at time 3.024000 according to authority Authority undetectable
[planner_server-11] Possible reasons are listed at http://wiki.ros.org/tf/Errors%20explained
[behavior_server-13] [WARN] [1785623419.788870828] []: TF_OLD_DATA ignoring data from the past for frame base_link at time 3.024000 according to authority Authority undetectable
[behavior_server-13] Possible reasons are listed at http://wiki.ros.org/tf/Errors%20explained
[controller_server-9] [WARN] [1785623419.788897765] []: TF_OLD_DATA ignoring data from the past for frame base_link at time 3.024000 according to authority Authority undetectable
[controller_server-9] Possible reasons are listed at http://wiki.ros.org/tf/Errors%20explained
[collision_monitor-17] [WARN] [1785623419.788913597] []: TF_OLD_DATA ignoring data from the past for frame base_link at time 3.024000 according to authority Authority undetectable
[collision_monitor-17] Possible reasons are listed at http://wiki.ros.org/tf/Errors%20explained
[bt_navigator-14] [WARN] [1785623419.788918234] []: TF_OLD_DATA ignoring data from the past for frame base_link at time 3.024000 according to authority Authority undetectable
[bt_navigator-14] Possible reasons are listed at http://wiki.ros.org/tf/Errors%20explained
[controller_server-9] [WARN] [1785623419.824762856] []: TF_OLD_DATA ignoring data from the past for frame base_link at time 3.060000 according to authority Authority undetectable
[controller_server-9] Possible reasons are listed at http://wiki.ros.org/tf/Errors%20explained
[planner_server-11] [WARN] [1785623419.824796399] []: TF_OLD_DATA ignoring data from the past for frame base_link at time 3.060000 according to authority Authority undetectable
[planner_server-11] Possible reasons are listed at http://wiki.ros.org/tf/Errors%20explained
[amcl-7] [WARN] [1785623419.824799576] []: TF_OLD_DATA ignoring data from the past for frame base_link at time 3.060000 according to authority Authority undetectable
[amcl-7] Possible reasons are listed at http://wiki.ros.org/tf/Errors%20explained
[smoother_server-10] [WARN] [1785623419.824800469] []: TF_OLD_DATA ignoring data from the past for frame base_link at time 3.060000 according to authority Authority undetectable
[smoother_server-10] Possible reasons are listed at http://wiki.ros.org/tf/Errors%20explained
[route_server-12] [WARN] [1785623419.824806090] []: TF_OLD_DATA ignoring data from the past for frame base_link at time 3.060000 according to authority Authority undetectable
[route_server-12] Possible reasons are listed at http://wiki.ros.org/tf/Errors%20explained
[behavior_server-13] [WARN] [1785623419.824824515] []: TF_OLD_DATA ignoring data from the past for frame base_link at time 3.060000 according to authority Authority undetectable
[behavior_server-13] Possible reasons are listed at http://wiki.ros.org/tf/Errors%20explained
[bt_navigator-14] [WARN] [1785623419.824832226] []: TF_OLD_DATA ignoring data from the past for frame base_link at time 3.060000 according to authority Authority undetectable
[bt_navigator-14] Possible reasons are listed at http://wiki.ros.org/tf/Errors%20explained
[collision_monitor-17] [WARN] [1785623419.824881618] []: TF_OLD_DATA ignoring data from the past for frame base_link at time 3.060000 according to authority Authority undetectable
[collision_monitor-17] Possible reasons are listed at http://wiki.ros.org/tf/Errors%20explained
[amcl-7] [WARN] [1785623419.860754380] []: TF_OLD_DATA ignoring data from the past for frame base_link at time 3.096000 according to authority Authority undetectable
[amcl-7] Possible reasons are listed at http://wiki.ros.org/tf/Errors%20explained
[smoother_server-10] [WARN] [1785623419.860774775] []: TF_OLD_DATA ignoring data from the past for frame base_link at time 3.096000 according to authority Authority undetectable
[smoother_server-10] Possible reasons are listed at http://wiki.ros.org/tf/Errors%20explained
[collision_monitor-17] [WARN] [1785623419.860808333] []: TF_OLD_DATA ignoring data from the past for frame base_link at time 3.096000 according to authority Authority undetectable
[collision_monitor-17] Possible reasons are listed at http://wiki.ros.org/tf/Errors%20explained
[controller_server-9] [WARN] [1785623419.860808525] []: TF_OLD_DATA ignoring data from the past for frame base_link at time 3.096000 according to authority Authority undetectable
[controller_server-9] Possible reasons are listed at http://wiki.ros.org/tf/Errors%20explained
[route_server-12] [WARN] [1785623419.860810254] []: TF_OLD_DATA ignoring data from the past for frame base_link at time 3.096000 according to authority Authority undetectable
[route_server-12] Possible reasons are listed at http://wiki.ros.org/tf/Errors%20explained
[planner_server-11] [WARN] [1785623419.860841734] []: TF_OLD_DATA ignoring data from the past for frame base_link at time 3.096000 according to authority Authority undetectable
[planner_server-11] Possible reasons are listed at http://wiki.ros.org/tf/Errors%20explained
[behavior_server-13] [WARN] [1785623419.860865856] []: TF_OLD_DATA ignoring data from the past for frame base_link at time 3.096000 according to authority Authority undetectable
[behavior_server-13] Possible reasons are listed at http://wiki.ros.org/tf/Errors%20explained
[bt_navigator-14] [WARN] [1785623419.860872174] []: TF_OLD_DATA ignoring data from the past for frame base_link at time 3.096000 according to authority Authority undetectable
[bt_navigator-14] Possible reasons are listed at http://wiki.ros.org/tf/Errors%20explained
[lifecycle_manager-19] [INFO] [1785623419.882380104] [lifecycle_manager_navigation]: Server velocity_smoother connected with bond.
[lifecycle_manager-19] [INFO] [1785623419.882438656] [lifecycle_manager_navigation]: [34m[1mActivating collision_monitor[0m[0m
[collision_monitor-17] [INFO] [1785623419.882955073] [collision_monitor]: Activating
[collision_monitor-17] [INFO] [1785623419.883004735] [collision_monitor]: Creating bond (collision_monitor) to lifecycle manager.
[controller_server-9] [WARN] [1785623419.896937154] []: TF_OLD_DATA ignoring data from the past for frame base_link at time 3.132000 according to authority Authority undetectable
[controller_server-9] Possible reasons are listed at http://wiki.ros.org/tf/Errors%20explained
[collision_monitor-17] [WARN] [1785623419.896990422] []: TF_OLD_DATA ignoring data from the past for frame base_link at time 3.132000 according to authority Authority undetectable
[collision_monitor-17] Possible reasons are listed at http://wiki.ros.org/tf/Errors%20explained
[amcl-7] [WARN] [1785623419.896990799] []: TF_OLD_DATA ignoring data from the past for frame base_link at time 3.132000 according to authority Authority undetectable
[amcl-7] Possible reasons are listed at http://wiki.ros.org/tf/Errors%20explained
[behavior_server-13] [WARN] [1785623419.897007178] []: TF_OLD_DATA ignoring data from the past for frame base_link at time 3.132000 according to authority Authority undetectable
[behavior_server-13] Possible reasons are listed at http://wiki.ros.org/tf/Errors%20explained
[bt_navigator-14] [WARN] [1785623419.897023693] []: TF_OLD_DATA ignoring data from the past for frame base_link at time 3.132000 according to authority Authority undetectable
[bt_navigator-14] Possible reasons are listed at http://wiki.ros.org/tf/Errors%20explained
[route_server-12] [WARN] [1785623419.897106641] []: TF_OLD_DATA ignoring data from the past for frame base_link at time 3.132000 according to authority Authority undetectable
[route_server-12] Possible reasons are listed at http://wiki.ros.org/tf/Errors%20explained
[smoother_server-10] [WARN] [1785623419.897113479] []: TF_OLD_DATA ignoring data from the past for frame base_link at time 3.132000 according to authority Authority undetectable
[smoother_server-10] Possible reasons are listed at http://wiki.ros.org/tf/Errors%20explained
[planner_server-11] [WARN] [1785623419.897198096] []: TF_OLD_DATA ignoring data from the past for frame base_link at time 3.132000 according to authority Authority undetectable
[planner_server-11] Possible reasons are listed at http://wiki.ros.org/tf/Errors%20explained
[controller_server-9] [WARN] [1785623419.933010108] []: TF_OLD_DATA ignoring data from the past for frame base_link at time 3.168000 according to authority Authority undetectable
[controller_server-9] Possible reasons are listed at http://wiki.ros.org/tf/Errors%20explained
[amcl-7] [WARN] [1785623419.933034797] []: TF_OLD_DATA ignoring data from the past for frame base_link at time 3.168000 according to authority Authority undetectable
[amcl-7] Possible reasons are listed at http://wiki.ros.org/tf/Errors%20explained
[smoother_server-10] [WARN] [1785623419.933057111] []: TF_OLD_DATA ignoring data from the past for frame base_link at time 3.168000 according to authority Authority undetectable
[smoother_server-10] Possible reasons are listed at http://wiki.ros.org/tf/Errors%20explained
[planner_server-11] [WARN] [1785623419.933091113] []: TF_OLD_DATA ignoring data from the past for frame base_link at time 3.168000 according to authority Authority undetectable
[planner_server-11] Possible reasons are listed at http://wiki.ros.org/tf/Errors%20explained
[behavior_server-13] [WARN] [1785623419.933096512] []: TF_OLD_DATA ignoring data from the past for frame base_link at time 3.168000 according to authority Authority undetectable
[behavior_server-13] Possible reasons are listed at http://wiki.ros.org/tf/Errors%20explained
[bt_navigator-14] [WARN] [1785623419.933145498] []: TF_OLD_DATA ignoring data from the past for frame base_link at time 3.168000 according to authority Authority undetectable
[bt_navigator-14] Possible reasons are listed at http://wiki.ros.org/tf/Errors%20explained
[route_server-12] [WARN] [1785623419.933148203] []: TF_OLD_DATA ignoring data from the past for frame base_link at time 3.168000 according to authority Authority undetectable
[route_server-12] Possible reasons are listed at http://wiki.ros.org/tf/Errors%20explained
[collision_monitor-17] [WARN] [1785623419.933157452] []: TF_OLD_DATA ignoring data from the past for frame base_link at time 3.168000 according to authority Authority undetectable
[collision_monitor-17] Possible reasons are listed at http://wiki.ros.org/tf/Errors%20explained
[controller_server-9] [WARN] [1785623419.968848021] []: TF_OLD_DATA ignoring data from the past for frame base_link at time 3.204000 according to authority Authority undetectable
[controller_server-9] Possible reasons are listed at http://wiki.ros.org/tf/Errors%20explained
[smoother_server-10] [WARN] [1785623419.968889047] []: TF_OLD_DATA ignoring data from the past for frame base_link at time 3.204000 according to authority Authority undetectable
[smoother_server-10] Possible reasons are listed at http://wiki.ros.org/tf/Errors%20explained
[behavior_server-13] [WARN] [1785623419.968893193] []: TF_OLD_DATA ignoring data from the past for frame base_link at time 3.204000 according to authority Authority undetectable
[behavior_server-13] Possible reasons are listed at http://wiki.ros.org/tf/Errors%20explained
[collision_monitor-17] [WARN] [1785623419.968897452] []: TF_OLD_DATA ignoring data from the past for frame base_link at time 3.204000 according to authority Authority undetectable
[collision_monitor-17] Possible reasons are listed at http://wiki.ros.org/tf/Errors%20explained
[route_server-12] [WARN] [1785623419.968899511] []: TF_OLD_DATA ignoring data from the past for frame base_link at time 3.204000 according to authority Authority undetectable
[route_server-12] Possible reasons are listed at http://wiki.ros.org/tf/Errors%20explained
[amcl-7] [WARN] [1785623419.968911897] []: TF_OLD_DATA ignoring data from the past for frame base_link at time 3.204000 according to authority Authority undetectable
[amcl-7] Possible reasons are listed at http://wiki.ros.org/tf/Errors%20explained
[planner_server-11] [WARN] [1785623419.968929553] []: TF_OLD_DATA ignoring data from the past for frame base_link at time 3.204000 according to authority Authority undetectable
[planner_server-11] Possible reasons are listed at http://wiki.ros.org/tf/Errors%20explained
[bt_navigator-14] [WARN] [1785623419.969018499] []: TF_OLD_DATA ignoring data from the past for frame base_link at time 3.204000 according to authority Authority undetectable
[bt_navigator-14] Possible reasons are listed at http://wiki.ros.org/tf/Errors%20explained
[lifecycle_manager-19] [INFO] [1785623419.991365397] [lifecycle_manager_navigation]: Server collision_monitor connected with bond.
[lifecycle_manager-19] [INFO] [1785623419.991419606] [lifecycle_manager_navigation]: [34m[1mActivating bt_navigator[0m[0m
[bt_navigator-14] [INFO] [1785623419.991761371] [bt_navigator]: Activating
[amcl-7] [WARN] [1785623420.005424676] []: TF_OLD_DATA ignoring data from the past for frame base_link at time 3.240000 according to authority Authority undetectable
[amcl-7] Possible reasons are listed at http://wiki.ros.org/tf/Errors%20explained
[planner_server-11] [WARN] [1785623420.005486186] []: TF_OLD_DATA ignoring data from the past for frame base_link at time 3.240000 according to authority Authority undetectable
[planner_server-11] Possible reasons are listed at http://wiki.ros.org/tf/Errors%20explained
[controller_server-9] [WARN] [1785623420.005487398] []: TF_OLD_DATA ignoring data from the past for frame base_link at time 3.240000 according to authority Authority undetectable
[controller_server-9] Possible reasons are listed at http://wiki.ros.org/tf/Errors%20explained
[collision_monitor-17] [WARN] [1785623420.005495765] []: TF_OLD_DATA ignoring data from the past for frame base_link at time 3.240000 according to authority Authority undetectable
[collision_monitor-17] Possible reasons are listed at http://wiki.ros.org/tf/Errors%20explained
[bt_navigator-14] [WARN] [1785623420.005500363] []: TF_OLD_DATA ignoring data from the past for frame base_link at time 3.240000 according to authority Authority undetectable
[bt_navigator-14] Possible reasons are listed at http://wiki.ros.org/tf/Errors%20explained
[smoother_server-10] [WARN] [1785623420.005509606] []: TF_OLD_DATA ignoring data from the past for frame base_link at time 3.240000 according to authority Authority undetectable
[smoother_server-10] Possible reasons are listed at http://wiki.ros.org/tf/Errors%20explained
[behavior_server-13] [WARN] [1785623420.005569317] []: TF_OLD_DATA ignoring data from the past for frame base_link at time 3.240000 according to authority Authority undetectable
[behavior_server-13] Possible reasons are listed at http://wiki.ros.org/tf/Errors%20explained
[route_server-12] [WARN] [1785623420.006202639] []: TF_OLD_DATA ignoring data from the past for frame base_link at time 3.240000 according to authority Authority undetectable
[route_server-12] Possible reasons are listed at http://wiki.ros.org/tf/Errors%20explained
[amcl-7] [INFO] [1785623420.033633462] [amcl]: Message Filter dropping message: frame 'laser' at time 3.261 for reason 'the timestamp on the message is earlier than all the data in the transform cache'
[controller_server-9] [WARN] [1785623420.041058258] []: TF_OLD_DATA ignoring data from the past for frame base_link at time 3.276000 according to authority Authority undetectable
[controller_server-9] Possible reasons are listed at http://wiki.ros.org/tf/Errors%20explained
[amcl-7] [WARN] [1785623420.041077406] []: TF_OLD_DATA ignoring data from the past for frame base_link at time 3.276000 according to authority Authority undetectable
[amcl-7] Possible reasons are listed at http://wiki.ros.org/tf/Errors%20explained
[planner_server-11] [WARN] [1785623420.041086961] []: TF_OLD_DATA ignoring data from the past for frame base_link at time 3.276000 according to authority Authority undetectable
[planner_server-11] Possible reasons are listed at http://wiki.ros.org/tf/Errors%20explained
[route_server-12] [WARN] [1785623420.041105528] []: TF_OLD_DATA ignoring data from the past for frame base_link at time 3.276000 according to authority Authority undetectable
[route_server-12] Possible reasons are listed at http://wiki.ros.org/tf/Errors%20explained
[behavior_server-13] [WARN] [1785623420.041202119] []: TF_OLD_DATA ignoring data from the past for frame base_link at time 3.276000 according to authority Authority undetectable
[behavior_server-13] Possible reasons are listed at http://wiki.ros.org/tf/Errors%20explained
[collision_monitor-17] [WARN] [1785623420.041267365] []: TF_OLD_DATA ignoring data from the past for frame base_link at time 3.276000 according to authority Authority undetectable
[collision_monitor-17] Possible reasons are listed at http://wiki.ros.org/tf/Errors%20explained
[bt_navigator-14] [WARN] [1785623420.041311259] []: TF_OLD_DATA ignoring data from the past for frame base_link at time 3.276000 according to authority Authority undetectable
[bt_navigator-14] Possible reasons are listed at http://wiki.ros.org/tf/Errors%20explained
[smoother_server-10] [WARN] [1785623420.041431835] []: TF_OLD_DATA ignoring data from the past for frame base_link at time 3.276000 according to authority Authority undetectable
[smoother_server-10] Possible reasons are listed at http://wiki.ros.org/tf/Errors%20explained
[controller_server-9] [WARN] [1785623420.077083338] []: TF_OLD_DATA ignoring data from the past for frame base_link at time 3.312000 according to authority Authority undetectable
[controller_server-9] Possible reasons are listed at http://wiki.ros.org/tf/Errors%20explained
[amcl-7] [WARN] [1785623420.077087605] []: TF_OLD_DATA ignoring data from the past for frame base_link at time 3.312000 according to authority Authority undetectable
[amcl-7] Possible reasons are listed at http://wiki.ros.org/tf/Errors%20explained
[smoother_server-10] [WARN] [1785623420.077097320] []: TF_OLD_DATA ignoring data from the past for frame base_link at time 3.312000 according to authority Authority undetectable
[smoother_server-10] Possible reasons are listed at http://wiki.ros.org/tf/Errors%20explained
[planner_server-11] [WARN] [1785623420.077123263] []: TF_OLD_DATA ignoring data from the past for frame base_link at time 3.312000 according to authority Authority undetectable
[planner_server-11] Possible reasons are listed at http://wiki.ros.org/tf/Errors%20explained
[collision_monitor-17] [WARN] [1785623420.077328398] []: TF_OLD_DATA ignoring data from the past for frame base_link at time 3.312000 according to authority Authority undetectable
[collision_monitor-17] Possible reasons are listed at http://wiki.ros.org/tf/Errors%20explained
[behavior_server-13] [WARN] [1785623420.077418616] []: TF_OLD_DATA ignoring data from the past for frame base_link at time 3.312000 according to authority Authority undetectable
[behavior_server-13] Possible reasons are listed at http://wiki.ros.org/tf/Errors%20explained
[bt_navigator-14] [WARN] [1785623420.077487037] []: TF_OLD_DATA ignoring data from the past for frame base_link at time 3.312000 according to authority Authority undetectable
[bt_navigator-14] Possible reasons are listed at http://wiki.ros.org/tf/Errors%20explained
[route_server-12] [WARN] [1785623420.077732581] []: TF_OLD_DATA ignoring data from the past for frame base_link at time 3.312000 according to authority Authority undetectable
[route_server-12] Possible reasons are listed at http://wiki.ros.org/tf/Errors%20explained
[bt_navigator-14] [INFO] [1785623420.089442490] [bt_navigator]: Creating bond (bt_navigator) to lifecycle manager.
[controller_server-9] [WARN] [1785623420.112867129] []: TF_OLD_DATA ignoring data from the past for frame base_link at time 3.348000 according to authority Authority undetectable
[controller_server-9] Possible reasons are listed at http://wiki.ros.org/tf/Errors%20explained
[smoother_server-10] [WARN] [1785623420.112881223] []: TF_OLD_DATA ignoring data from the past for frame base_link at time 3.348000 according to authority Authority undetectable
[smoother_server-10] Possible reasons are listed at http://wiki.ros.org/tf/Errors%20explained
[planner_server-11] [WARN] [1785623420.112896913] []: TF_OLD_DATA ignoring data from the past for frame base_link at time 3.348000 according to authority Authority undetectable
[planner_server-11] Possible reasons are listed at http://wiki.ros.org/tf/Errors%20explained
[bt_navigator-14] [WARN] [1785623420.112900334] []: TF_OLD_DATA ignoring data from the past for frame base_link at time 3.348000 according to authority Authority undetectable
[bt_navigator-14] Possible reasons are listed at http://wiki.ros.org/tf/Errors%20explained
[amcl-7] [WARN] [1785623420.112950596] []: TF_OLD_DATA ignoring data from the past for frame base_link at time 3.348000 according to authority Authority undetectable
[amcl-7] Possible reasons are listed at http://wiki.ros.org/tf/Errors%20explained
[behavior_server-13] [WARN] [1785623420.112973174] []: TF_OLD_DATA ignoring data from the past for frame base_link at time 3.348000 according to authority Authority undetectable
[behavior_server-13] Possible reasons are listed at http://wiki.ros.org/tf/Errors%20explained
[collision_monitor-17] [WARN] [1785623420.113008150] []: TF_OLD_DATA ignoring data from the past for frame base_link at time 3.348000 according to authority Authority undetectable
[collision_monitor-17] Possible reasons are listed at http://wiki.ros.org/tf/Errors%20explained
[route_server-12] [WARN] [1785623420.113053269] []: TF_OLD_DATA ignoring data from the past for frame base_link at time 3.348000 according to authority Authority undetectable
[route_server-12] Possible reasons are listed at http://wiki.ros.org/tf/Errors%20explained
[controller_server-9] [WARN] [1785623420.148837801] []: TF_OLD_DATA ignoring data from the past for frame base_link at time 3.384000 according to authority Authority undetectable
[controller_server-9] Possible reasons are listed at http://wiki.ros.org/tf/Errors%20explained
[amcl-7] [WARN] [1785623420.148848446] []: TF_OLD_DATA ignoring data from the past for frame base_link at time 3.384000 according to authority Authority undetectable
[amcl-7] Possible reasons are listed at http://wiki.ros.org/tf/Errors%20explained
[smoother_server-10] [WARN] [1785623420.148853067] []: TF_OLD_DATA ignoring data from the past for frame base_link at time 3.384000 according to authority Authority undetectable
[smoother_server-10] Possible reasons are listed at http://wiki.ros.org/tf/Errors%20explained
[planner_server-11] [WARN] [1785623420.148854005] []: TF_OLD_DATA ignoring data from the past for frame base_link at time 3.384000 according to authority Authority undetectable
[planner_server-11] Possible reasons are listed at http://wiki.ros.org/tf/Errors%20explained
[collision_monitor-17] [WARN] [1785623420.148869205] []: TF_OLD_DATA ignoring data from the past for frame base_link at time 3.384000 according to authority Authority undetectable
[collision_monitor-17] Possible reasons are listed at http://wiki.ros.org/tf/Errors%20explained
[behavior_server-13] [WARN] [1785623420.148900823] []: TF_OLD_DATA ignoring data from the past for frame base_link at time 3.384000 according to authority Authority undetectable
[behavior_server-13] Possible reasons are listed at http://wiki.ros.org/tf/Errors%20explained
[bt_navigator-14] [WARN] [1785623420.148912427] []: TF_OLD_DATA ignoring data from the past for frame base_link at time 3.384000 according to authority Authority undetectable
[bt_navigator-14] Possible reasons are listed at http://wiki.ros.org/tf/Errors%20explained
[route_server-12] [WARN] [1785623420.148964726] []: TF_OLD_DATA ignoring data from the past for frame base_link at time 3.384000 according to authority Authority undetectable
[route_server-12] Possible reasons are listed at http://wiki.ros.org/tf/Errors%20explained
[amcl-7] [WARN] [1785623420.184957465] []: TF_OLD_DATA ignoring data from the past for frame base_link at time 3.420000 according to authority Authority undetectable
[amcl-7] Possible reasons are listed at http://wiki.ros.org/tf/Errors%20explained
[planner_server-11] [WARN] [1785623420.184963665] []: TF_OLD_DATA ignoring data from the past for frame base_link at time 3.420000 according to authority Authority undetectable
[planner_server-11] Possible reasons are listed at http://wiki.ros.org/tf/Errors%20explained
[controller_server-9] [WARN] [1785623420.184966340] []: TF_OLD_DATA ignoring data from the past for frame base_link at time 3.420000 according to authority Authority undetectable
[controller_server-9] Possible reasons are listed at http://wiki.ros.org/tf/Errors%20explained
[smoother_server-10] [WARN] [1785623420.185000511] []: TF_OLD_DATA ignoring data from the past for frame base_link at time 3.420000 according to authority Authority undetectable
[smoother_server-10] Possible reasons are listed at http://wiki.ros.org/tf/Errors%20explained
[bt_navigator-14] [WARN] [1785623420.185027342] []: TF_OLD_DATA ignoring data from the past for frame base_link at time 3.420000 according to authority Authority undetectable
[bt_navigator-14] Possible reasons are listed at http://wiki.ros.org/tf/Errors%20explained
[collision_monitor-17] [WARN] [1785623420.185041186] []: TF_OLD_DATA ignoring data from the past for frame base_link at time 3.420000 according to authority Authority undetectable
[collision_monitor-17] Possible reasons are listed at http://wiki.ros.org/tf/Errors%20explained
[route_server-12] [WARN] [1785623420.185069149] []: TF_OLD_DATA ignoring data from the past for frame base_link at time 3.420000 according to authority Authority undetectable
[route_server-12] Possible reasons are listed at http://wiki.ros.org/tf/Errors%20explained
[behavior_server-13] [WARN] [1785623420.185126502] []: TF_OLD_DATA ignoring data from the past for frame base_link at time 3.420000 according to authority Authority undetectable
[behavior_server-13] Possible reasons are listed at http://wiki.ros.org/tf/Errors%20explained
[lifecycle_manager-19] [INFO] [1785623420.197395569] [lifecycle_manager_navigation]: Server bt_navigator connected with bond.
[lifecycle_manager-19] [INFO] [1785623420.197448404] [lifecycle_manager_navigation]: [34m[1mActivating waypoint_follower[0m[0m
[waypoint_follower-15] [INFO] [1785623420.197880567] [waypoint_follower]: Activating
[waypoint_follower-15] [INFO] [1785623420.197924267] [waypoint_follower]: Creating bond (waypoint_follower) to lifecycle manager.
[amcl-7] [WARN] [1785623420.220823390] []: TF_OLD_DATA ignoring data from the past for frame base_link at time 3.456000 according to authority Authority undetectable
[amcl-7] Possible reasons are listed at http://wiki.ros.org/tf/Errors%20explained
[controller_server-9] [WARN] [1785623420.220828329] []: TF_OLD_DATA ignoring data from the past for frame base_link at time 3.456000 according to authority Authority undetectable
[controller_server-9] Possible reasons are listed at http://wiki.ros.org/tf/Errors%20explained
[smoother_server-10] [WARN] [1785623420.220834459] []: TF_OLD_DATA ignoring data from the past for frame base_link at time 3.456000 according to authority Authority undetectable
[smoother_server-10] Possible reasons are listed at http://wiki.ros.org/tf/Errors%20explained
[planner_server-11] [WARN] [1785623420.220837341] []: TF_OLD_DATA ignoring data from the past for frame base_link at time 3.456000 according to authority Authority undetectable
[planner_server-11] Possible reasons are listed at http://wiki.ros.org/tf/Errors%20explained
[behavior_server-13] [WARN] [1785623420.220852793] []: TF_OLD_DATA ignoring data from the past for frame base_link at time 3.456000 according to authority Authority undetectable
[behavior_server-13] Possible reasons are listed at http://wiki.ros.org/tf/Errors%20explained
[route_server-12] [WARN] [1785623420.220865813] []: TF_OLD_DATA ignoring data from the past for frame base_link at time 3.456000 according to authority Authority undetectable
[route_server-12] Possible reasons are listed at http://wiki.ros.org/tf/Errors%20explained
[bt_navigator-14] [WARN] [1785623420.220869227] []: TF_OLD_DATA ignoring data from the past for frame base_link at time 3.456000 according to authority Authority undetectable
[bt_navigator-14] Possible reasons are listed at http://wiki.ros.org/tf/Errors%20explained
[collision_monitor-17] [WARN] [1785623420.220875243] []: TF_OLD_DATA ignoring data from the past for frame base_link at time 3.456000 according to authority Authority undetectable
[collision_monitor-17] Possible reasons are listed at http://wiki.ros.org/tf/Errors%20explained
[controller_server-9] [WARN] [1785623420.256782855] []: TF_OLD_DATA ignoring data from the past for frame base_link at time 3.492000 according to authority Authority undetectable
[controller_server-9] Possible reasons are listed at http://wiki.ros.org/tf/Errors%20explained
[planner_server-11] [WARN] [1785623420.256804342] []: TF_OLD_DATA ignoring data from the past for frame base_link at time 3.492000 according to authority Authority undetectable
[planner_server-11] Possible reasons are listed at http://wiki.ros.org/tf/Errors%20explained
[collision_monitor-17] [WARN] [1785623420.256841259] []: TF_OLD_DATA ignoring data from the past for frame base_link at time 3.492000 according to authority Authority undetectable
[collision_monitor-17] Possible reasons are listed at http://wiki.ros.org/tf/Errors%20explained
[bt_navigator-14] [WARN] [1785623420.256857312] []: TF_OLD_DATA ignoring data from the past for frame base_link at time 3.492000 according to authority Authority undetectable
[bt_navigator-14] Possible reasons are listed at http://wiki.ros.org/tf/Errors%20explained
[amcl-7] [WARN] [1785623420.256859751] []: TF_OLD_DATA ignoring data from the past for frame base_link at time 3.492000 according to authority Authority undetectable
[amcl-7] Possible reasons are listed at http://wiki.ros.org/tf/Errors%20explained
[smoother_server-10] [WARN] [1785623420.256859159] []: TF_OLD_DATA ignoring data from the past for frame base_link at time 3.492000 according to authority Authority undetectable
[smoother_server-10] Possible reasons are listed at http://wiki.ros.org/tf/Errors%20explained
[behavior_server-13] [WARN] [1785623420.256888367] []: TF_OLD_DATA ignoring data from the past for frame base_link at time 3.492000 according to authority Authority undetectable
[behavior_server-13] Possible reasons are listed at http://wiki.ros.org/tf/Errors%20explained
[route_server-12] [WARN] [1785623420.256942167] []: TF_OLD_DATA ignoring data from the past for frame base_link at time 3.492000 according to authority Authority undetectable
[route_server-12] Possible reasons are listed at http://wiki.ros.org/tf/Errors%20explained
[collision_monitor-17] [WARN] [1785623420.293156164] []: TF_OLD_DATA ignoring data from the past for frame base_link at time 3.528000 according to authority Authority undetectable
[collision_monitor-17] Possible reasons are listed at http://wiki.ros.org/tf/Errors%20explained
[amcl-7] [WARN] [1785623420.293177023] []: TF_OLD_DATA ignoring data from the past for frame base_link at time 3.528000 according to authority Authority undetectable
[amcl-7] Possible reasons are listed at http://wiki.ros.org/tf/Errors%20explained
[behavior_server-13] [WARN] [1785623420.293256450] []: TF_OLD_DATA ignoring data from the past for frame base_link at time 3.528000 according to authority Authority undetectable
[behavior_server-13] Possible reasons are listed at http://wiki.ros.org/tf/Errors%20explained
[smoother_server-10] [WARN] [1785623420.293281252] []: TF_OLD_DATA ignoring data from the past for frame base_link at time 3.528000 according to authority Authority undetectable
[smoother_server-10] Possible reasons are listed at http://wiki.ros.org/tf/Errors%20explained
[controller_server-9] [WARN] [1785623420.293288208] []: TF_OLD_DATA ignoring data from the past for frame base_link at time 3.528000 according to authority Authority undetectable
[controller_server-9] Possible reasons are listed at http://wiki.ros.org/tf/Errors%20explained
[planner_server-11] [WARN] [1785623420.293341194] []: TF_OLD_DATA ignoring data from the past for frame base_link at time 3.528000 according to authority Authority undetectable
[planner_server-11] Possible reasons are listed at http://wiki.ros.org/tf/Errors%20explained
[route_server-12] [WARN] [1785623420.293337626] []: TF_OLD_DATA ignoring data from the past for frame base_link at time 3.528000 according to authority Authority undetectable
[route_server-12] Possible reasons are listed at http://wiki.ros.org/tf/Errors%20explained
[bt_navigator-14] [WARN] [1785623420.293516770] []: TF_OLD_DATA ignoring data from the past for frame base_link at time 3.528000 according to authority Authority undetectable
[bt_navigator-14] Possible reasons are listed at http://wiki.ros.org/tf/Errors%20explained
[lifecycle_manager-19] [INFO] [1785623420.305934973] [lifecycle_manager_navigation]: Server waypoint_follower connected with bond.
[lifecycle_manager-19] [INFO] [1785623420.305977192] [lifecycle_manager_navigation]: [34m[1mActivating docking_server[0m[0m
[opennav_docking-18] [INFO] [1785623420.306352676] [docking_server]: Activating docking_server
[smoother_server-10] [INFO] [1785623420.309201486] [smoother_server]: Received a path to smooth.
[opennav_docking-18] [INFO] [1785623420.322402852] [docking_server]: Creating bond (docking_server) to lifecycle manager.
[controller_server-9] [WARN] [1785623420.329264088] []: TF_OLD_DATA ignoring data from the past for frame base_link at time 3.564000 according to authority Authority undetectable
[controller_server-9] Possible reasons are listed at http://wiki.ros.org/tf/Errors%20explained
[route_server-12] [WARN] [1785623420.329523161] []: TF_OLD_DATA ignoring data from the past for frame base_link at time 3.564000 according to authority Authority undetectable
[route_server-12] Possible reasons are listed at http://wiki.ros.org/tf/Errors%20explained
[behavior_server-13] [WARN] [1785623420.329537956] []: TF_OLD_DATA ignoring data from the past for frame base_link at time 3.564000 according to authority Authority undetectable
[behavior_server-13] Possible reasons are listed at http://wiki.ros.org/tf/Errors%20explained
[planner_server-11] [WARN] [1785623420.329624624] []: TF_OLD_DATA ignoring data from the past for frame base_link at time 3.564000 according to authority Authority undetectable
[planner_server-11] Possible reasons are listed at http://wiki.ros.org/tf/Errors%20explained
[smoother_server-10] [WARN] [1785623420.329653578] []: TF_OLD_DATA ignoring data from the past for frame base_link at time 3.564000 according to authority Authority undetectable
[smoother_server-10] Possible reasons are listed at http://wiki.ros.org/tf/Errors%20explained
[collision_monitor-17] [WARN] [1785623420.329707939] []: TF_OLD_DATA ignoring data from the past for frame base_link at time 3.564000 according to authority Authority undetectable
[collision_monitor-17] Possible reasons are listed at http://wiki.ros.org/tf/Errors%20explained
[bt_navigator-14] [WARN] [1785623420.329837831] []: TF_OLD_DATA ignoring data from the past for frame base_link at time 3.564000 according to authority Authority undetectable
[bt_navigator-14] Possible reasons are listed at http://wiki.ros.org/tf/Errors%20explained
[opennav_docking-18] [WARN] [1785623420.329841717] []: TF_OLD_DATA ignoring data from the past for frame base_link at time 3.564000 according to authority Authority undetectable
[opennav_docking-18] Possible reasons are listed at http://wiki.ros.org/tf/Errors%20explained
[amcl-7] [WARN] [1785623420.330180983] []: TF_OLD_DATA ignoring data from the past for frame base_link at time 3.564000 according to authority Authority undetectable
[amcl-7] Possible reasons are listed at http://wiki.ros.org/tf/Errors%20explained
[amcl-7] [WARN] [1785623420.364801113] []: TF_OLD_DATA ignoring data from the past for frame base_link at time 3.600000 according to authority Authority undetectable
[amcl-7] Possible reasons are listed at http://wiki.ros.org/tf/Errors%20explained
[controller_server-9] [WARN] [1785623420.364799138] []: TF_OLD_DATA ignoring data from the past for frame base_link at time 3.600000 according to authority Authority undetectable
[controller_server-9] Possible reasons are listed at http://wiki.ros.org/tf/Errors%20explained
[route_server-12] [WARN] [1785623420.364841902] []: TF_OLD_DATA ignoring data from the past for frame base_link at time 3.600000 according to authority Authority undetectable
[route_server-12] Possible reasons are listed at http://wiki.ros.org/tf/Errors%20explained
[collision_monitor-17] [WARN] [1785623420.364857696] []: TF_OLD_DATA ignoring data from the past for frame base_link at time 3.600000 according to authority Authority undetectable
[collision_monitor-17] Possible reasons are listed at http://wiki.ros.org/tf/Errors%20explained
[bt_navigator-14] [WARN] [1785623420.364866118] []: TF_OLD_DATA ignoring data from the past for frame base_link at time 3.600000 according to authority Authority undetectable
[bt_navigator-14] Possible reasons are listed at http://wiki.ros.org/tf/Errors%20explained
[behavior_server-13] [WARN] [1785623420.364871065] []: TF_OLD_DATA ignoring data from the past for frame base_link at time 3.600000 according to authority Authority undetectable
[behavior_server-13] Possible reasons are listed at http://wiki.ros.org/tf/Errors%20explained
[smoother_server-10] [WARN] [1785623420.364871825] []: TF_OLD_DATA ignoring data from the past for frame base_link at time 3.600000 according to authority Authority undetectable
[smoother_server-10] Possible reasons are listed at http://wiki.ros.org/tf/Errors%20explained
[planner_server-11] [WARN] [1785623420.364882358] []: TF_OLD_DATA ignoring data from the past for frame base_link at time 3.600000 according to authority Authority undetectable
[planner_server-11] Possible reasons are listed at http://wiki.ros.org/tf/Errors%20explained
[opennav_docking-18] [WARN] [1785623420.364909456] []: TF_OLD_DATA ignoring data from the past for frame base_link at time 3.600000 according to authority Authority undetectable
[opennav_docking-18] Possible reasons are listed at http://wiki.ros.org/tf/Errors%20explained
[amcl-7] [WARN] [1785623420.400904840] []: TF_OLD_DATA ignoring data from the past for frame base_link at time 3.636000 according to authority Authority undetectable
[amcl-7] Possible reasons are listed at http://wiki.ros.org/tf/Errors%20explained
[controller_server-9] [WARN] [1785623420.400904889] []: TF_OLD_DATA ignoring data from the past for frame base_link at time 3.636000 according to authority Authority undetectable
[controller_server-9] Possible reasons are listed at http://wiki.ros.org/tf/Errors%20explained
[planner_server-11] [WARN] [1785623420.400915388] []: TF_OLD_DATA ignoring data from the past for frame base_link at time 3.636000 according to authority Authority undetectable
[planner_server-11] Possible reasons are listed at http://wiki.ros.org/tf/Errors%20explained
[smoother_server-10] [WARN] [1785623420.400924176] []: TF_OLD_DATA ignoring data from the past for frame base_link at time 3.636000 according to authority Authority undetectable
[smoother_server-10] Possible reasons are listed at http://wiki.ros.org/tf/Errors%20explained
[behavior_server-13] [WARN] [1785623420.400960295] []: TF_OLD_DATA ignoring data from the past for frame base_link at time 3.636000 according to authority Authority undetectable
[behavior_server-13] Possible reasons are listed at http://wiki.ros.org/tf/Errors%20explained
[bt_navigator-14] [WARN] [1785623420.400980041] []: TF_OLD_DATA ignoring data from the past for frame base_link at time 3.636000 according to authority Authority undetectable
[bt_navigator-14] Possible reasons are listed at http://wiki.ros.org/tf/Errors%20explained
[opennav_docking-18] [WARN] [1785623420.401001984] []: TF_OLD_DATA ignoring data from the past for frame base_link at time 3.636000 according to authority Authority undetectable
[opennav_docking-18] Possible reasons are listed at http://wiki.ros.org/tf/Errors%20explained
[collision_monitor-17] [WARN] [1785623420.401011958] []: TF_OLD_DATA ignoring data from the past for frame base_link at time 3.636000 according to authority Authority undetectable
[collision_monitor-17] Possible reasons are listed at http://wiki.ros.org/tf/Errors%20explained
[route_server-12] [WARN] [1785623420.401009092] []: TF_OLD_DATA ignoring data from the past for frame base_link at time 3.636000 according to authority Authority undetectable
[route_server-12] Possible reasons are listed at http://wiki.ros.org/tf/Errors%20explained
[lifecycle_manager-19] [INFO] [1785623420.432767749] [lifecycle_manager_navigation]: Server docking_server connected with bond.
[lifecycle_manager-19] [INFO] [1785623420.432806422] [lifecycle_manager_navigation]: [34m[1mManaged nodes are active[0m[0m
[lifecycle_manager-19] [INFO] [1785623420.432812760] [lifecycle_manager_navigation]: [34m[1mCreating bond timer...[0m[0m
[controller_server-9] [WARN] [1785623420.436708203] []: TF_OLD_DATA ignoring data from the past for frame base_link at time 3.672000 according to authority Authority undetectable
[controller_server-9] Possible reasons are listed at http://wiki.ros.org/tf/Errors%20explained
[smoother_server-10] [WARN] [1785623420.436729079] []: TF_OLD_DATA ignoring data from the past for frame base_link at time 3.672000 according to authority Authority undetectable
[smoother_server-10] Possible reasons are listed at http://wiki.ros.org/tf/Errors%20explained
[amcl-7] [WARN] [1785623420.436738723] []: TF_OLD_DATA ignoring data from the past for frame base_link at time 3.672000 according to authority Authority undetectable
[amcl-7] Possible reasons are listed at http://wiki.ros.org/tf/Errors%20explained
[collision_monitor-17] [WARN] [1785623420.436754002] []: TF_OLD_DATA ignoring data from the past for frame base_link at time 3.672000 according to authority Authority undetectable
[collision_monitor-17] Possible reasons are listed at http://wiki.ros.org/tf/Errors%20explained
[behavior_server-13] [WARN] [1785623420.436762528] []: TF_OLD_DATA ignoring data from the past for frame base_link at time 3.672000 according to authority Authority undetectable
[behavior_server-13] Possible reasons are listed at http://wiki.ros.org/tf/Errors%20explained
[route_server-12] [WARN] [1785623420.436772266] []: TF_OLD_DATA ignoring data from the past for frame base_link at time 3.672000 according to authority Authority undetectable
[route_server-12] Possible reasons are listed at http://wiki.ros.org/tf/Errors%20explained
[bt_navigator-14] [WARN] [1785623420.436773525] []: TF_OLD_DATA ignoring data from the past for frame base_link at time 3.672000 according to authority Authority undetectable
[bt_navigator-14] Possible reasons are listed at http://wiki.ros.org/tf/Errors%20explained
[planner_server-11] [WARN] [1785623420.436793461] []: TF_OLD_DATA ignoring data from the past for frame base_link at time 3.672000 according to authority Authority undetectable
[planner_server-11] Possible reasons are listed at http://wiki.ros.org/tf/Errors%20explained
[opennav_docking-18] [WARN] [1785623420.436815585] []: TF_OLD_DATA ignoring data from the past for frame base_link at time 3.672000 according to authority Authority undetectable
[opennav_docking-18] Possible reasons are listed at http://wiki.ros.org/tf/Errors%20explained
[smoother_server-10] [INFO] [1785623420.466543655] [smoother_server]: PSTMO: 12 corners, 11 G2, 1 pivots, 0 pass-through, 462 evaluations, 0.156711 s
[controller_server-9] [WARN] [1785623420.472818850] []: TF_OLD_DATA ignoring data from the past for frame base_link at time 3.708000 according to authority Authority undetectable
[controller_server-9] Possible reasons are listed at http://wiki.ros.org/tf/Errors%20explained
[smoother_server-10] [WARN] [1785623420.472866394] []: TF_OLD_DATA ignoring data from the past for frame base_link at time 3.708000 according to authority Authority undetectable
[smoother_server-10] Possible reasons are listed at http://wiki.ros.org/tf/Errors%20explained
[amcl-7] [WARN] [1785623420.472881541] []: TF_OLD_DATA ignoring data from the past for frame base_link at time 3.708000 according to authority Authority undetectable
[amcl-7] Possible reasons are listed at http://wiki.ros.org/tf/Errors%20explained
[collision_monitor-17] [WARN] [1785623420.472896840] []: TF_OLD_DATA ignoring data from the past for frame base_link at time 3.708000 according to authority Authority undetectable
[collision_monitor-17] Possible reasons are listed at http://wiki.ros.org/tf/Errors%20explained
[planner_server-11] [WARN] [1785623420.472894672] []: TF_OLD_DATA ignoring data from the past for frame base_link at time 3.708000 according to authority Authority undetectable
[planner_server-11] Possible reasons are listed at http://wiki.ros.org/tf/Errors%20explained
[opennav_docking-18] [WARN] [1785623420.472920756] []: TF_OLD_DATA ignoring data from the past for frame base_link at time 3.708000 according to authority Authority undetectable
[opennav_docking-18] Possible reasons are listed at http://wiki.ros.org/tf/Errors%20explained
[behavior_server-13] [WARN] [1785623420.472922642] []: TF_OLD_DATA ignoring data from the past for frame base_link at time 3.708000 according to authority Authority undetectable
[behavior_server-13] Possible reasons are listed at http://wiki.ros.org/tf/Errors%20explained
[bt_navigator-14] [WARN] [1785623420.472930725] []: TF_OLD_DATA ignoring data from the past for frame base_link at time 3.708000 according to authority Authority undetectable
[bt_navigator-14] Possible reasons are listed at http://wiki.ros.org/tf/Errors%20explained
[route_server-12] [WARN] [1785623420.472942382] []: TF_OLD_DATA ignoring data from the past for frame base_link at time 3.708000 according to authority Authority undetectable
[route_server-12] Possible reasons are listed at http://wiki.ros.org/tf/Errors%20explained
[smoother_server-10] [INFO] [1785623420.506823852] [smoother_server]: PSTMO: 3 corners, 3 G2, 0 pivots, 0 pass-through, 120 evaluations, 0.040009 s
[smoother_server-10] [INFO] [1785623420.507754260] [smoother_server]: PSTMO LOS selector chose LOS (no-LOS=0.720136, LOS=0.576461, reason=los_quality_improvement)
[controller_server-9] [WARN] [1785623420.508960725] []: TF_OLD_DATA ignoring data from the past for frame base_link at time 3.744000 according to authority Authority undetectable
[controller_server-9] Possible reasons are listed at http://wiki.ros.org/tf/Errors%20explained
[collision_monitor-17] [WARN] [1785623420.509044536] []: TF_OLD_DATA ignoring data from the past for frame base_link at time 3.744000 according to authority Authority undetectable
[collision_monitor-17] Possible reasons are listed at http://wiki.ros.org/tf/Errors%20explained
[planner_server-11] [WARN] [1785623420.509059701] []: TF_OLD_DATA ignoring data from the past for frame base_link at time 3.744000 according to authority Authority undetectable
[planner_server-11] Possible reasons are listed at http://wiki.ros.org/tf/Errors%20explained
[route_server-12] [WARN] [1785623420.509059887] []: TF_OLD_DATA ignoring data from the past for frame base_link at time 3.744000 according to authority Authority undetectable
[route_server-12] Possible reasons are listed at http://wiki.ros.org/tf/Errors%20explained
[smoother_server-10] [WARN] [1785623420.509064594] []: TF_OLD_DATA ignoring data from the past for frame base_link at time 3.744000 according to authority Authority undetectable
[smoother_server-10] Possible reasons are listed at http://wiki.ros.org/tf/Errors%20explained
[behavior_server-13] [WARN] [1785623420.509080461] []: TF_OLD_DATA ignoring data from the past for frame base_link at time 3.744000 according to authority Authority undetectable
[behavior_server-13] Possible reasons are listed at http://wiki.ros.org/tf/Errors%20explained
[bt_navigator-14] [WARN] [1785623420.509081780] []: TF_OLD_DATA ignoring data from the past for frame base_link at time 3.744000 according to authority Authority undetectable
[bt_navigator-14] Possible reasons are listed at http://wiki.ros.org/tf/Errors%20explained
[amcl-7] [WARN] [1785623420.509141452] []: TF_OLD_DATA ignoring data from the past for frame base_link at time 3.744000 according to authority Authority undetectable
[amcl-7] Possible reasons are listed at http://wiki.ros.org/tf/Errors%20explained
[opennav_docking-18] [WARN] [1785623420.509422350] []: TF_OLD_DATA ignoring data from the past for frame base_link at time 3.744000 according to authority Authority undetectable
[opennav_docking-18] Possible reasons are listed at http://wiki.ros.org/tf/Errors%20explained
[controller_server-9] [WARN] [1785623420.544911900] []: TF_OLD_DATA ignoring data from the past for frame base_link at time 3.780000 according to authority Authority undetectable
[controller_server-9] Possible reasons are listed at http://wiki.ros.org/tf/Errors%20explained
[smoother_server-10] [WARN] [1785623420.544940261] []: TF_OLD_DATA ignoring data from the past for frame base_link at time 3.780000 according to authority Authority undetectable
[smoother_server-10] Possible reasons are listed at http://wiki.ros.org/tf/Errors%20explained
[amcl-7] [WARN] [1785623420.544942926] []: TF_OLD_DATA ignoring data from the past for frame base_link at time 3.780000 according to authority Authority undetectable
[amcl-7] Possible reasons are listed at http://wiki.ros.org/tf/Errors%20explained
[planner_server-11] [WARN] [1785623420.544968647] []: TF_OLD_DATA ignoring data from the past for frame base_link at time 3.780000 according to authority Authority undetectable
[planner_server-11] Possible reasons are listed at http://wiki.ros.org/tf/Errors%20explained
[route_server-12] [WARN] [1785623420.544970273] []: TF_OLD_DATA ignoring data from the past for frame base_link at time 3.780000 according to authority Authority undetectable
[route_server-12] Possible reasons are listed at http://wiki.ros.org/tf/Errors%20explained
[behavior_server-13] [WARN] [1785623420.544975662] []: TF_OLD_DATA ignoring data from the past for frame base_link at time 3.780000 according to authority Authority undetectable
[behavior_server-13] Possible reasons are listed at http://wiki.ros.org/tf/Errors%20explained
[bt_navigator-14] [WARN] [1785623420.545013290] []: TF_OLD_DATA ignoring data from the past for frame base_link at time 3.780000 according to authority Authority undetectable
[bt_navigator-14] Possible reasons are listed at http://wiki.ros.org/tf/Errors%20explained
[collision_monitor-17] [WARN] [1785623420.545021074] []: TF_OLD_DATA ignoring data from the past for frame base_link at time 3.780000 according to authority Authority undetectable
[collision_monitor-17] Possible reasons are listed at http://wiki.ros.org/tf/Errors%20explained
[opennav_docking-18] [WARN] [1785623420.545071842] []: TF_OLD_DATA ignoring data from the past for frame base_link at time 3.780000 according to authority Authority undetectable
[opennav_docking-18] Possible reasons are listed at http://wiki.ros.org/tf/Errors%20explained
[smoother_server-10] [WARN] [1785623420.580846009] []: TF_OLD_DATA ignoring data from the past for frame base_link at time 3.816000 according to authority Authority undetectable
[smoother_server-10] Possible reasons are listed at http://wiki.ros.org/tf/Errors%20explained
[controller_server-9] [WARN] [1785623420.580845986] []: TF_OLD_DATA ignoring data from the past for frame base_link at time 3.816000 according to authority Authority undetectable
[controller_server-9] Possible reasons are listed at http://wiki.ros.org/tf/Errors%20explained
[planner_server-11] [WARN] [1785623420.580866438] []: TF_OLD_DATA ignoring data from the past for frame base_link at time 3.816000 according to authority Authority undetectable
[planner_server-11] Possible reasons are listed at http://wiki.ros.org/tf/Errors%20explained
[amcl-7] [WARN] [1785623420.580876741] []: TF_OLD_DATA ignoring data from the past for frame base_link at time 3.816000 according to authority Authority undetectable
[amcl-7] Possible reasons are listed at http://wiki.ros.org/tf/Errors%20explained
[route_server-12] [WARN] [1785623420.580882235] []: TF_OLD_DATA ignoring data from the past for frame base_link at time 3.816000 according to authority Authority undetectable
[route_server-12] Possible reasons are listed at http://wiki.ros.org/tf/Errors%20explained
[behavior_server-13] [WARN] [1785623420.580890987] []: TF_OLD_DATA ignoring data from the past for frame base_link at time 3.816000 according to authority Authority undetectable
[behavior_server-13] Possible reasons are listed at http://wiki.ros.org/tf/Errors%20explained
[bt_navigator-14] [WARN] [1785623420.580897366] []: TF_OLD_DATA ignoring data from the past for frame base_link at time 3.816000 according to authority Authority undetectable
[bt_navigator-14] Possible reasons are listed at http://wiki.ros.org/tf/Errors%20explained
[opennav_docking-18] [WARN] [1785623420.580935423] []: TF_OLD_DATA ignoring data from the past for frame base_link at time 3.816000 according to authority Authority undetectable
[opennav_docking-18] Possible reasons are listed at http://wiki.ros.org/tf/Errors%20explained
[collision_monitor-17] [WARN] [1785623420.580940387] []: TF_OLD_DATA ignoring data from the past for frame base_link at time 3.816000 according to authority Authority undetectable
[collision_monitor-17] Possible reasons are listed at http://wiki.ros.org/tf/Errors%20explained
[smoother_server-10] [WARN] [1785623420.616884065] []: TF_OLD_DATA ignoring data from the past for frame base_link at time 3.852000 according to authority Authority undetectable
[smoother_server-10] Possible reasons are listed at http://wiki.ros.org/tf/Errors%20explained
[controller_server-9] [WARN] [1785623420.616891727] []: TF_OLD_DATA ignoring data from the past for frame base_link at time 3.852000 according to authority Authority undetectable
[controller_server-9] Possible reasons are listed at http://wiki.ros.org/tf/Errors%20explained
[behavior_server-13] [WARN] [1785623420.616901493] []: TF_OLD_DATA ignoring data from the past for frame base_link at time 3.852000 according to authority Authority undetectable
[behavior_server-13] Possible reasons are listed at http://wiki.ros.org/tf/Errors%20explained
[collision_monitor-17] [WARN] [1785623420.616918191] []: TF_OLD_DATA ignoring data from the past for frame base_link at time 3.852000 according to authority Authority undetectable
[collision_monitor-17] Possible reasons are listed at http://wiki.ros.org/tf/Errors%20explained
[amcl-7] [WARN] [1785623420.616923171] []: TF_OLD_DATA ignoring data from the past for frame base_link at time 3.852000 according to authority Authority undetectable
[amcl-7] Possible reasons are listed at http://wiki.ros.org/tf/Errors%20explained
[bt_navigator-14] [WARN] [1785623420.616954088] []: TF_OLD_DATA ignoring data from the past for frame base_link at time 3.852000 according to authority Authority undetectable
[bt_navigator-14] Possible reasons are listed at http://wiki.ros.org/tf/Errors%20explained
[planner_server-11] [WARN] [1785623420.616968139] []: TF_OLD_DATA ignoring data from the past for frame base_link at time 3.852000 according to authority Authority undetectable
[planner_server-11] Possible reasons are listed at http://wiki.ros.org/tf/Errors%20explained
[route_server-12] [WARN] [1785623420.616976544] []: TF_OLD_DATA ignoring data from the past for frame base_link at time 3.852000 according to authority Authority undetectable
[route_server-12] Possible reasons are listed at http://wiki.ros.org/tf/Errors%20explained
[opennav_docking-18] [WARN] [1785623420.616987070] []: TF_OLD_DATA ignoring data from the past for frame base_link at time 3.852000 according to authority Authority undetectable
[opennav_docking-18] Possible reasons are listed at http://wiki.ros.org/tf/Errors%20explained
[amcl-7] [WARN] [1785623420.652571944] []: TF_OLD_DATA ignoring data from the past for frame base_link at time 3.888000 according to authority Authority undetectable
[amcl-7] Possible reasons are listed at http://wiki.ros.org/tf/Errors%20explained
[controller_server-9] [WARN] [1785623420.652598523] []: TF_OLD_DATA ignoring data from the past for frame base_link at time 3.888000 according to authority Authority undetectable
[controller_server-9] Possible reasons are listed at http://wiki.ros.org/tf/Errors%20explained
[smoother_server-10] [WARN] [1785623420.652620196] []: TF_OLD_DATA ignoring data from the past for frame base_link at time 3.888000 according to authority Authority undetectable
[smoother_server-10] Possible reasons are listed at http://wiki.ros.org/tf/Errors%20explained
[collision_monitor-17] [WARN] [1785623420.652627325] []: TF_OLD_DATA ignoring data from the past for frame base_link at time 3.888000 according to authority Authority undetectable
[collision_monitor-17] Possible reasons are listed at http://wiki.ros.org/tf/Errors%20explained
[route_server-12] [WARN] [1785623420.652641137] []: TF_OLD_DATA ignoring data from the past for frame base_link at time 3.888000 according to authority Authority undetectable
[route_server-12] Possible reasons are listed at http://wiki.ros.org/tf/Errors%20explained
[planner_server-11] [WARN] [1785623420.652649025] []: TF_OLD_DATA ignoring data from the past for frame base_link at time 3.888000 according to authority Authority undetectable
[planner_server-11] Possible reasons are listed at http://wiki.ros.org/tf/Errors%20explained
[opennav_docking-18] [WARN] [1785623420.652665053] []: TF_OLD_DATA ignoring data from the past for frame base_link at time 3.888000 according to authority Authority undetectable
[opennav_docking-18] Possible reasons are listed at http://wiki.ros.org/tf/Errors%20explained
[bt_navigator-14] [WARN] [1785623420.652681482] []: TF_OLD_DATA ignoring data from the past for frame base_link at time 3.888000 according to authority Authority undetectable
[bt_navigator-14] Possible reasons are listed at http://wiki.ros.org/tf/Errors%20explained
[behavior_server-13] [WARN] [1785623420.652763358] []: TF_OLD_DATA ignoring data from the past for frame base_link at time 3.888000 according to authority Authority undetectable
[behavior_server-13] Possible reasons are listed at http://wiki.ros.org/tf/Errors%20explained
[behavior_server-13] [WARN] [1785623420.688949249] []: TF_OLD_DATA ignoring data from the past for frame base_link at time 3.924000 according to authority Authority undetectable
[behavior_server-13] Possible reasons are listed at http://wiki.ros.org/tf/Errors%20explained
[bt_navigator-14] [WARN] [1785623420.688959658] []: TF_OLD_DATA ignoring data from the past for frame base_link at time 3.924000 according to authority Authority undetectable
[bt_navigator-14] Possible reasons are listed at http://wiki.ros.org/tf/Errors%20explained
[planner_server-11] [WARN] [1785623420.688993886] []: TF_OLD_DATA ignoring data from the past for frame base_link at time 3.924000 according to authority Authority undetectable
[planner_server-11] Possible reasons are listed at http://wiki.ros.org/tf/Errors%20explained
[opennav_docking-18] [WARN] [1785623420.688996025] []: TF_OLD_DATA ignoring data from the past for frame base_link at time 3.924000 according to authority Authority undetectable
[opennav_docking-18] Possible reasons are listed at http://wiki.ros.org/tf/Errors%20explained
[amcl-7] [WARN] [1785623420.688998376] []: TF_OLD_DATA ignoring data from the past for frame base_link at time 3.924000 according to authority Authority undetectable
[amcl-7] Possible reasons are listed at http://wiki.ros.org/tf/Errors%20explained
[controller_server-9] [WARN] [1785623420.688894780] []: TF_OLD_DATA ignoring data from the past for frame base_link at time 3.924000 according to authority Authority undetectable
[controller_server-9] Possible reasons are listed at http://wiki.ros.org/tf/Errors%20explained
[route_server-12] [WARN] [1785623420.689054374] []: TF_OLD_DATA ignoring data from the past for frame base_link at time 3.924000 according to authority Authority undetectable
[route_server-12] Possible reasons are listed at http://wiki.ros.org/tf/Errors%20explained
[smoother_server-10] [WARN] [1785623420.689090689] []: TF_OLD_DATA ignoring data from the past for frame base_link at time 3.924000 according to authority Authority undetectable
[smoother_server-10] Possible reasons are listed at http://wiki.ros.org/tf/Errors%20explained
[collision_monitor-17] [WARN] [1785623420.689093621] []: TF_OLD_DATA ignoring data from the past for frame base_link at time 3.924000 according to authority Authority undetectable
[collision_monitor-17] Possible reasons are listed at http://wiki.ros.org/tf/Errors%20explained
[batch_benchmark-5] [INFO] [1785623420.717391763] [planner_geometry_benchmark]: [2/5] NavFnDijkstra / southwest_northeast_weave / repetition 1
[controller_server-9] [WARN] [1785623420.724945676] []: TF_OLD_DATA ignoring data from the past for frame base_link at time 3.960000 according to authority Authority undetectable
[controller_server-9] Possible reasons are listed at http://wiki.ros.org/tf/Errors%20explained
[amcl-7] [WARN] [1785623420.724985470] []: TF_OLD_DATA ignoring data from the past for frame base_link at time 3.960000 according to authority Authority undetectable
[amcl-7] Possible reasons are listed at http://wiki.ros.org/tf/Errors%20explained
[route_server-12] [WARN] [1785623420.725003433] []: TF_OLD_DATA ignoring data from the past for frame base_link at time 3.960000 according to authority Authority undetectable
[route_server-12] Possible reasons are listed at http://wiki.ros.org/tf/Errors%20explained
[planner_server-11] [WARN] [1785623420.725021107] []: TF_OLD_DATA ignoring data from the past for frame base_link at time 3.960000 according to authority Authority undetectable
[planner_server-11] Possible reasons are listed at http://wiki.ros.org/tf/Errors%20explained
[collision_monitor-17] [WARN] [1785623420.725027145] []: TF_OLD_DATA ignoring data from the past for frame base_link at time 3.960000 according to authority Authority undetectable
[collision_monitor-17] Possible reasons are listed at http://wiki.ros.org/tf/Errors%20explained
[bt_navigator-14] [WARN] [1785623420.725039188] []: TF_OLD_DATA ignoring data from the past for frame base_link at time 3.960000 according to authority Authority undetectable
[bt_navigator-14] Possible reasons are listed at http://wiki.ros.org/tf/Errors%20explained
[smoother_server-10] [WARN] [1785623420.725073884] []: TF_OLD_DATA ignoring data from the past for frame base_link at time 3.960000 according to authority Authority undetectable
[smoother_server-10] Possible reasons are listed at http://wiki.ros.org/tf/Errors%20explained
[opennav_docking-18] [WARN] [1785623420.725094369] []: TF_OLD_DATA ignoring data from the past for frame base_link at time 3.960000 according to authority Authority undetectable
[opennav_docking-18] Possible reasons are listed at http://wiki.ros.org/tf/Errors%20explained
[behavior_server-13] [WARN] [1785623420.725089250] []: TF_OLD_DATA ignoring data from the past for frame base_link at time 3.960000 according to authority Authority undetectable
[behavior_server-13] Possible reasons are listed at http://wiki.ros.org/tf/Errors%20explained
[route_server-12] [WARN] [1785623420.760891130] []: TF_OLD_DATA ignoring data from the past for frame base_link at time 3.996000 according to authority Authority undetectable
[route_server-12] Possible reasons are listed at http://wiki.ros.org/tf/Errors%20explained
[collision_monitor-17] [WARN] [1785623420.760902257] []: TF_OLD_DATA ignoring data from the past for frame base_link at time 3.996000 according to authority Authority undetectable
[collision_monitor-17] Possible reasons are listed at http://wiki.ros.org/tf/Errors%20explained
[behavior_server-13] [WARN] [1785623420.760964008] []: TF_OLD_DATA ignoring data from the past for frame base_link at time 3.996000 according to authority Authority undetectable
[behavior_server-13] Possible reasons are listed at http://wiki.ros.org/tf/Errors%20explained
[bt_navigator-14] [WARN] [1785623420.761018308] []: TF_OLD_DATA ignoring data from the past for frame base_link at time 3.996000 according to authority Authority undetectable
[bt_navigator-14] Possible reasons are listed at http://wiki.ros.org/tf/Errors%20explained
[smoother_server-10] [WARN] [1785623420.761038999] []: TF_OLD_DATA ignoring data from the past for frame base_link at time 3.996000 according to authority Authority undetectable
[smoother_server-10] Possible reasons are listed at http://wiki.ros.org/tf/Errors%20explained
[amcl-7] [WARN] [1785623420.761117147] []: TF_OLD_DATA ignoring data from the past for frame base_link at time 3.996000 according to authority Authority undetectable
[amcl-7] Possible reasons are listed at http://wiki.ros.org/tf/Errors%20explained
[planner_server-11] [WARN] [1785623420.761140443] []: TF_OLD_DATA ignoring data from the past for frame base_link at time 3.996000 according to authority Authority undetectable
[planner_server-11] Possible reasons are listed at http://wiki.ros.org/tf/Errors%20explained
[opennav_docking-18] [WARN] [1785623420.761217578] []: TF_OLD_DATA ignoring data from the past for frame base_link at time 3.996000 according to authority Authority undetectable
[opennav_docking-18] Possible reasons are listed at http://wiki.ros.org/tf/Errors%20explained
[controller_server-9] [WARN] [1785623420.761228007] []: TF_OLD_DATA ignoring data from the past for frame base_link at time 3.996000 according to authority Authority undetectable
[controller_server-9] Possible reasons are listed at http://wiki.ros.org/tf/Errors%20explained
[controller_server-9] [WARN] [1785623420.796778596] []: TF_OLD_DATA ignoring data from the past for frame base_link at time 4.032000 according to authority Authority undetectable
[controller_server-9] Possible reasons are listed at http://wiki.ros.org/tf/Errors%20explained
[amcl-7] [WARN] [1785623420.796793077] []: TF_OLD_DATA ignoring data from the past for frame base_link at time 4.032000 according to authority Authority undetectable
[amcl-7] Possible reasons are listed at http://wiki.ros.org/tf/Errors%20explained
[smoother_server-10] [WARN] [1785623420.796804077] []: TF_OLD_DATA ignoring data from the past for frame base_link at time 4.032000 according to authority Authority undetectable
[smoother_server-10] Possible reasons are listed at http://wiki.ros.org/tf/Errors%20explained
[route_server-12] [WARN] [1785623420.796804796] []: TF_OLD_DATA ignoring data from the past for frame base_link at time 4.032000 according to authority Authority undetectable
[route_server-12] Possible reasons are listed at http://wiki.ros.org/tf/Errors%20explained
[planner_server-11] [WARN] [1785623420.796813182] []: TF_OLD_DATA ignoring data from the past for frame base_link at time 4.032000 according to authority Authority undetectable
[planner_server-11] Possible reasons are listed at http://wiki.ros.org/tf/Errors%20explained
[behavior_server-13] [WARN] [1785623420.796844530] []: TF_OLD_DATA ignoring data from the past for frame base_link at time 4.032000 according to authority Authority undetectable
[behavior_server-13] Possible reasons are listed at http://wiki.ros.org/tf/Errors%20explained
[collision_monitor-17] [WARN] [1785623420.796857489] []: TF_OLD_DATA ignoring data from the past for frame base_link at time 4.032000 according to authority Authority undetectable
[collision_monitor-17] Possible reasons are listed at http://wiki.ros.org/tf/Errors%20explained
[bt_navigator-14] [WARN] [1785623420.796865065] []: TF_OLD_DATA ignoring data from the past for frame base_link at time 4.032000 according to authority Authority undetectable
[bt_navigator-14] Possible reasons are listed at http://wiki.ros.org/tf/Errors%20explained
[opennav_docking-18] [WARN] [1785623420.796880382] []: TF_OLD_DATA ignoring data from the past for frame base_link at time 4.032000 according to authority Authority undetectable
[opennav_docking-18] Possible reasons are listed at http://wiki.ros.org/tf/Errors%20explained
[controller_server-9] [WARN] [1785623420.832570182] []: TF_OLD_DATA ignoring data from the past for frame base_link at time 4.068000 according to authority Authority undetectable
[controller_server-9] Possible reasons are listed at http://wiki.ros.org/tf/Errors%20explained
[smoother_server-10] [WARN] [1785623420.832596273] []: TF_OLD_DATA ignoring data from the past for frame base_link at time 4.068000 according to authority Authority undetectable
[smoother_server-10] Possible reasons are listed at http://wiki.ros.org/tf/Errors%20explained
[bt_navigator-14] [WARN] [1785623420.832600735] []: TF_OLD_DATA ignoring data from the past for frame base_link at time 4.068000 according to authority Authority undetectable
[bt_navigator-14] Possible reasons are listed at http://wiki.ros.org/tf/Errors%20explained
[route_server-12] [WARN] [1785623420.832599960] []: TF_OLD_DATA ignoring data from the past for frame base_link at time 4.068000 according to authority Authority undetectable
[route_server-12] Possible reasons are listed at http://wiki.ros.org/tf/Errors%20explained
[opennav_docking-18] [WARN] [1785623420.832612389] []: TF_OLD_DATA ignoring data from the past for frame base_link at time 4.068000 according to authority Authority undetectable
[opennav_docking-18] Possible reasons are listed at http://wiki.ros.org/tf/Errors%20explained
[amcl-7] [WARN] [1785623420.832623892] []: TF_OLD_DATA ignoring data from the past for frame base_link at time 4.068000 according to authority Authority undetectable
[amcl-7] Possible reasons are listed at http://wiki.ros.org/tf/Errors%20explained
[collision_monitor-17] [WARN] [1785623420.832639352] []: TF_OLD_DATA ignoring data from the past for frame base_link at time 4.068000 according to authority Authority undetectable
[collision_monitor-17] Possible reasons are listed at http://wiki.ros.org/tf/Errors%20explained
[planner_server-11] [WARN] [1785623420.832651487] []: TF_OLD_DATA ignoring data from the past for frame base_link at time 4.068000 according to authority Authority undetectable
[planner_server-11] Possible reasons are listed at http://wiki.ros.org/tf/Errors%20explained
[behavior_server-13] [WARN] [1785623420.832676180] []: TF_OLD_DATA ignoring data from the past for frame base_link at time 4.068000 according to authority Authority undetectable
[behavior_server-13] Possible reasons are listed at http://wiki.ros.org/tf/Errors%20explained
[amcl-7] [WARN] [1785623420.868927229] []: TF_OLD_DATA ignoring data from the past for frame base_link at time 4.104000 according to authority Authority undetectable
[amcl-7] Possible reasons are listed at http://wiki.ros.org/tf/Errors%20explained
[controller_server-9] [WARN] [1785623420.868942220] []: TF_OLD_DATA ignoring data from the past for frame base_link at time 4.104000 according to authority Authority undetectable
[controller_server-9] Possible reasons are listed at http://wiki.ros.org/tf/Errors%20explained
[route_server-12] [WARN] [1785623420.868955937] []: TF_OLD_DATA ignoring data from the past for frame base_link at time 4.104000 according to authority Authority undetectable
[route_server-12] Possible reasons are listed at http://wiki.ros.org/tf/Errors%20explained
[smoother_server-10] [WARN] [1785623420.869012361] []: TF_OLD_DATA ignoring data from the past for frame base_link at time 4.104000 according to authority Authority undetectable
[smoother_server-10] Possible reasons are listed at http://wiki.ros.org/tf/Errors%20explained
[opennav_docking-18] [WARN] [1785623420.869040499] []: TF_OLD_DATA ignoring data from the past for frame base_link at time 4.104000 according to authority Authority undetectable
[opennav_docking-18] Possible reasons are listed at http://wiki.ros.org/tf/Errors%20explained
[planner_server-11] [WARN] [1785623420.869042696] []: TF_OLD_DATA ignoring data from the past for frame base_link at time 4.104000 according to authority Authority undetectable
[planner_server-11] Possible reasons are listed at http://wiki.ros.org/tf/Errors%20explained
[bt_navigator-14] [WARN] [1785623420.869069421] []: TF_OLD_DATA ignoring data from the past for frame base_link at time 4.104000 according to authority Authority undetectable
[bt_navigator-14] Possible reasons are listed at http://wiki.ros.org/tf/Errors%20explained
[behavior_server-13] [WARN] [1785623420.869117232] []: TF_OLD_DATA ignoring data from the past for frame base_link at time 4.104000 according to authority Authority undetectable
[behavior_server-13] Possible reasons are listed at http://wiki.ros.org/tf/Errors%20explained
[collision_monitor-17] [WARN] [1785623420.869117937] []: TF_OLD_DATA ignoring data from the past for frame base_link at time 4.104000 according to authority Authority undetectable
[collision_monitor-17] Possible reasons are listed at http://wiki.ros.org/tf/Errors%20explained
[amcl-7] [WARN] [1785623420.904741844] []: TF_OLD_DATA ignoring data from the past for frame base_link at time 4.140000 according to authority Authority undetectable
[amcl-7] Possible reasons are listed at http://wiki.ros.org/tf/Errors%20explained
[planner_server-11] [WARN] [1785623420.904743607] []: TF_OLD_DATA ignoring data from the past for frame base_link at time 4.140000 according to authority Authority undetectable
[planner_server-11] Possible reasons are listed at http://wiki.ros.org/tf/Errors%20explained
[smoother_server-10] [WARN] [1785623420.904747674] []: TF_OLD_DATA ignoring data from the past for frame base_link at time 4.140000 according to authority Authority undetectable
[smoother_server-10] Possible reasons are listed at http://wiki.ros.org/tf/Errors%20explained
[opennav_docking-18] [WARN] [1785623420.904884562] []: TF_OLD_DATA ignoring data from the past for frame base_link at time 4.140000 according to authority Authority undetectable
[opennav_docking-18] Possible reasons are listed at http://wiki.ros.org/tf/Errors%20explained
[controller_server-9] [WARN] [1785623420.904933216] []: TF_OLD_DATA ignoring data from the past for frame base_link at time 4.140000 according to authority Authority undetectable
[controller_server-9] Possible reasons are listed at http://wiki.ros.org/tf/Errors%20explained
[bt_navigator-14] [WARN] [1785623420.904937856] []: TF_OLD_DATA ignoring data from the past for frame base_link at time 4.140000 according to authority Authority undetectable
[bt_navigator-14] Possible reasons are listed at http://wiki.ros.org/tf/Errors%20explained
[behavior_server-13] [WARN] [1785623420.904955216] []: TF_OLD_DATA ignoring data from the past for frame base_link at time 4.140000 according to authority Authority undetectable
[behavior_server-13] Possible reasons are listed at http://wiki.ros.org/tf/Errors%20explained
[collision_monitor-17] [WARN] [1785623420.904956856] []: TF_OLD_DATA ignoring data from the past for frame base_link at time 4.140000 according to authority Authority undetectable
[collision_monitor-17] Possible reasons are listed at http://wiki.ros.org/tf/Errors%20explained
[route_server-12] [WARN] [1785623420.905909288] []: TF_OLD_DATA ignoring data from the past for frame base_link at time 4.140000 according to authority Authority undetectable
[route_server-12] Possible reasons are listed at http://wiki.ros.org/tf/Errors%20explained
[controller_server-9] [WARN] [1785623420.941118444] []: TF_OLD_DATA ignoring data from the past for frame base_link at time 4.176000 according to authority Authority undetectable
[controller_server-9] Possible reasons are listed at http://wiki.ros.org/tf/Errors%20explained
[smoother_server-10] [WARN] [1785623420.941170046] []: TF_OLD_DATA ignoring data from the past for frame base_link at time 4.176000 according to authority Authority undetectable
[smoother_server-10] Possible reasons are listed at http://wiki.ros.org/tf/Errors%20explained
[planner_server-11] [WARN] [1785623420.941208797] []: TF_OLD_DATA ignoring data from the past for frame base_link at time 4.176000 according to authority Authority undetectable
[planner_server-11] Possible reasons are listed at http://wiki.ros.org/tf/Errors%20explained
[route_server-12] [WARN] [1785623420.941210758] []: TF_OLD_DATA ignoring data from the past for frame base_link at time 4.176000 according to authority Authority undetectable
[route_server-12] Possible reasons are listed at http://wiki.ros.org/tf/Errors%20explained
[amcl-7] [WARN] [1785623420.941220394] []: TF_OLD_DATA ignoring data from the past for frame base_link at time 4.176000 according to authority Authority undetectable
[amcl-7] Possible reasons are listed at http://wiki.ros.org/tf/Errors%20explained
[collision_monitor-17] [WARN] [1785623420.941273810] []: TF_OLD_DATA ignoring data from the past for frame base_link at time 4.176000 according to authority Authority undetectable
[collision_monitor-17] Possible reasons are listed at http://wiki.ros.org/tf/Errors%20explained
[behavior_server-13] [WARN] [1785623420.941297329] []: TF_OLD_DATA ignoring data from the past for frame base_link at time 4.176000 according to authority Authority undetectable
[behavior_server-13] Possible reasons are listed at http://wiki.ros.org/tf/Errors%20explained
[opennav_docking-18] [WARN] [1785623420.941308492] []: TF_OLD_DATA ignoring data from the past for frame base_link at time 4.176000 according to authority Authority undetectable
[opennav_docking-18] Possible reasons are listed at http://wiki.ros.org/tf/Errors%20explained
[bt_navigator-14] [WARN] [1785623420.941561072] []: TF_OLD_DATA ignoring data from the past for frame base_link at time 4.176000 according to authority Authority undetectable
[bt_navigator-14] Possible reasons are listed at http://wiki.ros.org/tf/Errors%20explained
[controller_server-9] [INFO] [1785623420.942308951] [local_costmap.local_costmap]: Message Filter dropping message: frame 'laser' at time 4.164 for reason 'the timestamp on the message is earlier than all the data in the transform cache'
[smoother_server-10] [WARN] [1785623420.977048725] []: TF_OLD_DATA ignoring data from the past for frame base_link at time 4.212000 according to authority Authority undetectable
[smoother_server-10] Possible reasons are listed at http://wiki.ros.org/tf/Errors%20explained
[amcl-7] [WARN] [1785623420.977048582] []: TF_OLD_DATA ignoring data from the past for frame base_link at time 4.212000 according to authority Authority undetectable
[amcl-7] Possible reasons are listed at http://wiki.ros.org/tf/Errors%20explained
[planner_server-11] [WARN] [1785623420.977077697] []: TF_OLD_DATA ignoring data from the past for frame base_link at time 4.212000 according to authority Authority undetectable
[planner_server-11] Possible reasons are listed at http://wiki.ros.org/tf/Errors%20explained
[bt_navigator-14] [WARN] [1785623420.977094432] []: TF_OLD_DATA ignoring data from the past for frame base_link at time 4.212000 according to authority Authority undetectable
[bt_navigator-14] Possible reasons are listed at http://wiki.ros.org/tf/Errors%20explained
[route_server-12] [WARN] [1785623420.977097029] []: TF_OLD_DATA ignoring data from the past for frame base_link at time 4.212000 according to authority Authority undetectable
[route_server-12] Possible reasons are listed at http://wiki.ros.org/tf/Errors%20explained
[opennav_docking-18] [WARN] [1785623420.977109262] []: TF_OLD_DATA ignoring data from the past for frame base_link at time 4.212000 according to authority Authority undetectable
[opennav_docking-18] Possible reasons are listed at http://wiki.ros.org/tf/Errors%20explained
[collision_monitor-17] [WARN] [1785623420.977114595] []: TF_OLD_DATA ignoring data from the past for frame base_link at time 4.212000 according to authority Authority undetectable
[collision_monitor-17] Possible reasons are listed at http://wiki.ros.org/tf/Errors%20explained
[controller_server-9] [WARN] [1785623420.977041881] []: TF_OLD_DATA ignoring data from the past for frame base_link at time 4.212000 according to authority Authority undetectable
[controller_server-9] Possible reasons are listed at http://wiki.ros.org/tf/Errors%20explained
[behavior_server-13] [WARN] [1785623420.977183522] []: TF_OLD_DATA ignoring data from the past for frame base_link at time 4.212000 according to authority Authority undetectable
[behavior_server-13] Possible reasons are listed at http://wiki.ros.org/tf/Errors%20explained
[controller_server-9] [WARN] [1785623421.012751410] []: TF_OLD_DATA ignoring data from the past for frame base_link at time 4.248000 according to authority Authority undetectable
[controller_server-9] Possible reasons are listed at http://wiki.ros.org/tf/Errors%20explained
[smoother_server-10] [WARN] [1785623421.012769080] []: TF_OLD_DATA ignoring data from the past for frame base_link at time 4.248000 according to authority Authority undetectable
[smoother_server-10] Possible reasons are listed at http://wiki.ros.org/tf/Errors%20explained
[amcl-7] [WARN] [1785623421.012769795] []: TF_OLD_DATA ignoring data from the past for frame base_link at time 4.248000 according to authority Authority undetectable
[amcl-7] Possible reasons are listed at http://wiki.ros.org/tf/Errors%20explained
[planner_server-11] [WARN] [1785623421.012774169] []: TF_OLD_DATA ignoring data from the past for frame base_link at time 4.248000 according to authority Authority undetectable
[planner_server-11] Possible reasons are listed at http://wiki.ros.org/tf/Errors%20explained
[behavior_server-13] [WARN] [1785623421.012805523] []: TF_OLD_DATA ignoring data from the past for frame base_link at time 4.248000 according to authority Authority undetectable
[behavior_server-13] Possible reasons are listed at http://wiki.ros.org/tf/Errors%20explained
[route_server-12] [WARN] [1785623421.012810714] []: TF_OLD_DATA ignoring data from the past for frame base_link at time 4.248000 according to authority Authority undetectable
[route_server-12] Possible reasons are listed at http://wiki.ros.org/tf/Errors%20explained
[opennav_docking-18] [WARN] [1785623421.012842398] []: TF_OLD_DATA ignoring data from the past for frame base_link at time 4.248000 according to authority Authority undetectable
[opennav_docking-18] Possible reasons are listed at http://wiki.ros.org/tf/Errors%20explained
[bt_navigator-14] [WARN] [1785623421.012851528] []: TF_OLD_DATA ignoring data from the past for frame base_link at time 4.248000 according to authority Authority undetectable
[bt_navigator-14] Possible reasons are listed at http://wiki.ros.org/tf/Errors%20explained
[collision_monitor-17] [WARN] [1785623421.012829497] []: TF_OLD_DATA ignoring data from the past for frame base_link at time 4.248000 according to authority Authority undetectable
[collision_monitor-17] Possible reasons are listed at http://wiki.ros.org/tf/Errors%20explained
[controller_server-9] [WARN] [1785623421.048817291] []: TF_OLD_DATA ignoring data from the past for frame base_link at time 4.284000 according to authority Authority undetectable
[controller_server-9] Possible reasons are listed at http://wiki.ros.org/tf/Errors%20explained
[amcl-7] [WARN] [1785623421.048881074] []: TF_OLD_DATA ignoring data from the past for frame base_link at time 4.284000 according to authority Authority undetectable
[amcl-7] Possible reasons are listed at http://wiki.ros.org/tf/Errors%20explained
[bt_navigator-14] [WARN] [1785623421.048915270] []: TF_OLD_DATA ignoring data from the past for frame base_link at time 4.284000 according to authority Authority undetectable
[bt_navigator-14] Possible reasons are listed at http://wiki.ros.org/tf/Errors%20explained
[planner_server-11] [WARN] [1785623421.048914405] []: TF_OLD_DATA ignoring data from the past for frame base_link at time 4.284000 according to authority Authority undetectable
[planner_server-11] Possible reasons are listed at http://wiki.ros.org/tf/Errors%20explained
[behavior_server-13] [WARN] [1785623421.048934136] []: TF_OLD_DATA ignoring data from the past for frame base_link at time 4.284000 according to authority Authority undetectable
[behavior_server-13] Possible reasons are listed at http://wiki.ros.org/tf/Errors%20explained
[opennav_docking-18] [WARN] [1785623421.048936738] []: TF_OLD_DATA ignoring data from the past for frame base_link at time 4.284000 according to authority Authority undetectable
[opennav_docking-18] Possible reasons are listed at http://wiki.ros.org/tf/Errors%20explained
[route_server-12] [WARN] [1785623421.048956812] []: TF_OLD_DATA ignoring data from the past for frame base_link at time 4.284000 according to authority Authority undetectable
[route_server-12] Possible reasons are listed at http://wiki.ros.org/tf/Errors%20explained
[smoother_server-10] [WARN] [1785623421.049004836] []: TF_OLD_DATA ignoring data from the past for frame base_link at time 4.284000 according to authority Authority undetectable
[smoother_server-10] Possible reasons are listed at http://wiki.ros.org/tf/Errors%20explained
[collision_monitor-17] [WARN] [1785623421.049029594] []: TF_OLD_DATA ignoring data from the past for frame base_link at time 4.284000 according to authority Authority undetectable
[collision_monitor-17] Possible reasons are listed at http://wiki.ros.org/tf/Errors%20explained
[controller_server-9] [WARN] [1785623421.084950433] []: TF_OLD_DATA ignoring data from the past for frame base_link at time 4.320000 according to authority Authority undetectable
[controller_server-9] Possible reasons are listed at http://wiki.ros.org/tf/Errors%20explained
[smoother_server-10] [WARN] [1785623421.084982450] []: TF_OLD_DATA ignoring data from the past for frame base_link at time 4.320000 according to authority Authority undetectable
[smoother_server-10] Possible reasons are listed at http://wiki.ros.org/tf/Errors%20explained
[route_server-12] [WARN] [1785623421.084998271] []: TF_OLD_DATA ignoring data from the past for frame base_link at time 4.320000 according to authority Authority undetectable
[route_server-12] Possible reasons are listed at http://wiki.ros.org/tf/Errors%20explained
[opennav_docking-18] [WARN] [1785623421.085020394] []: TF_OLD_DATA ignoring data from the past for frame base_link at time 4.320000 according to authority Authority undetectable
[opennav_docking-18] Possible reasons are listed at http://wiki.ros.org/tf/Errors%20explained
[planner_server-11] [WARN] [1785623421.085137753] []: TF_OLD_DATA ignoring data from the past for frame base_link at time 4.320000 according to authority Authority undetectable
[planner_server-11] Possible reasons are listed at http://wiki.ros.org/tf/Errors%20explained
[amcl-7] [WARN] [1785623421.085246760] []: TF_OLD_DATA ignoring data from the past for frame base_link at time 4.320000 according to authority Authority undetectable
[amcl-7] Possible reasons are listed at http://wiki.ros.org/tf/Errors%20explained
[bt_navigator-14] [WARN] [1785623421.085308180] []: TF_OLD_DATA ignoring data from the past for frame base_link at time 4.320000 according to authority Authority undetectable
[bt_navigator-14] Possible reasons are listed at http://wiki.ros.org/tf/Errors%20explained
[collision_monitor-17] [WARN] [1785623421.085330309] []: TF_OLD_DATA ignoring data from the past for frame base_link at time 4.320000 according to authority Authority undetectable
[collision_monitor-17] Possible reasons are listed at http://wiki.ros.org/tf/Errors%20explained
[behavior_server-13] [WARN] [1785623421.085609044] []: TF_OLD_DATA ignoring data from the past for frame base_link at time 4.320000 according to authority Authority undetectable
[behavior_server-13] Possible reasons are listed at http://wiki.ros.org/tf/Errors%20explained
[controller_server-9] [WARN] [1785623421.121111989] []: TF_OLD_DATA ignoring data from the past for frame base_link at time 4.356000 according to authority Authority undetectable
[controller_server-9] Possible reasons are listed at http://wiki.ros.org/tf/Errors%20explained
[amcl-7] [WARN] [1785623421.121121568] []: TF_OLD_DATA ignoring data from the past for frame base_link at time 4.356000 according to authority Authority undetectable
[amcl-7] Possible reasons are listed at http://wiki.ros.org/tf/Errors%20explained
[smoother_server-10] [WARN] [1785623421.121142163] []: TF_OLD_DATA ignoring data from the past for frame base_link at time 4.356000 according to authority Authority undetectable
[smoother_server-10] Possible reasons are listed at http://wiki.ros.org/tf/Errors%20explained
[planner_server-11] [WARN] [1785623421.121155148] []: TF_OLD_DATA ignoring data from the past for frame base_link at time 4.356000 according to authority Authority undetectable
[planner_server-11] Possible reasons are listed at http://wiki.ros.org/tf/Errors%20explained
[behavior_server-13] [WARN] [1785623421.121173506] []: TF_OLD_DATA ignoring data from the past for frame base_link at time 4.356000 according to authority Authority undetectable
[behavior_server-13] Possible reasons are listed at http://wiki.ros.org/tf/Errors%20explained
[route_server-12] [WARN] [1785623421.121196981] []: TF_OLD_DATA ignoring data from the past for frame base_link at time 4.356000 according to authority Authority undetectable
[route_server-12] Possible reasons are listed at http://wiki.ros.org/tf/Errors%20explained
[collision_monitor-17] [WARN] [1785623421.121214559] []: TF_OLD_DATA ignoring data from the past for frame base_link at time 4.356000 according to authority Authority undetectable
[collision_monitor-17] Possible reasons are listed at http://wiki.ros.org/tf/Errors%20explained
[bt_navigator-14] [WARN] [1785623421.121237509] []: TF_OLD_DATA ignoring data from the past for frame base_link at time 4.356000 according to authority Authority undetectable
[bt_navigator-14] Possible reasons are listed at http://wiki.ros.org/tf/Errors%20explained
[opennav_docking-18] [WARN] [1785623421.121276171] []: TF_OLD_DATA ignoring data from the past for frame base_link at time 4.356000 according to authority Authority undetectable
[opennav_docking-18] Possible reasons are listed at http://wiki.ros.org/tf/Errors%20explained
[controller_server-9] [WARN] [1785623421.156908517] []: TF_OLD_DATA ignoring data from the past for frame base_link at time 4.392000 according to authority Authority undetectable
[controller_server-9] Possible reasons are listed at http://wiki.ros.org/tf/Errors%20explained
[amcl-7] [WARN] [1785623421.156926496] []: TF_OLD_DATA ignoring data from the past for frame base_link at time 4.392000 according to authority Authority undetectable
[amcl-7] Possible reasons are listed at http://wiki.ros.org/tf/Errors%20explained
[smoother_server-10] [WARN] [1785623421.156930120] []: TF_OLD_DATA ignoring data from the past for frame base_link at time 4.392000 according to authority Authority undetectable
[smoother_server-10] Possible reasons are listed at http://wiki.ros.org/tf/Errors%20explained
[collision_monitor-17] [WARN] [1785623421.156946201] []: TF_OLD_DATA ignoring data from the past for frame base_link at time 4.392000 according to authority Authority undetectable
[collision_monitor-17] Possible reasons are listed at http://wiki.ros.org/tf/Errors%20explained
[planner_server-11] [WARN] [1785623421.156952688] []: TF_OLD_DATA ignoring data from the past for frame base_link at time 4.392000 according to authority Authority undetectable
[planner_server-11] Possible reasons are listed at http://wiki.ros.org/tf/Errors%20explained
[route_server-12] [WARN] [1785623421.156970759] []: TF_OLD_DATA ignoring data from the past for frame base_link at time 4.392000 according to authority Authority undetectable
[route_server-12] Possible reasons are listed at http://wiki.ros.org/tf/Errors%20explained
[opennav_docking-18] [WARN] [1785623421.157014568] []: TF_OLD_DATA ignoring data from the past for frame base_link at time 4.392000 according to authority Authority undetectable
[opennav_docking-18] Possible reasons are listed at http://wiki.ros.org/tf/Errors%20explained
[behavior_server-13] [WARN] [1785623421.157030625] []: TF_OLD_DATA ignoring data from the past for frame base_link at time 4.392000 according to authority Authority undetectable
[behavior_server-13] Possible reasons are listed at http://wiki.ros.org/tf/Errors%20explained
[bt_navigator-14] [WARN] [1785623421.157095429] []: TF_OLD_DATA ignoring data from the past for frame base_link at time 4.392000 according to authority Authority undetectable
[bt_navigator-14] Possible reasons are listed at http://wiki.ros.org/tf/Errors%20explained
[amcl-7] [WARN] [1785623421.192850344] []: TF_OLD_DATA ignoring data from the past for frame base_link at time 4.428000 according to authority Authority undetectable
[amcl-7] Possible reasons are listed at http://wiki.ros.org/tf/Errors%20explained
[controller_server-9] [WARN] [1785623421.192850251] []: TF_OLD_DATA ignoring data from the past for frame base_link at time 4.428000 according to authority Authority undetectable
[controller_server-9] Possible reasons are listed at http://wiki.ros.org/tf/Errors%20explained
[smoother_server-10] [WARN] [1785623421.192876451] []: TF_OLD_DATA ignoring data from the past for frame base_link at time 4.428000 according to authority Authority undetectable
[smoother_server-10] Possible reasons are listed at http://wiki.ros.org/tf/Errors%20explained
[planner_server-11] [WARN] [1785623421.192899578] []: TF_OLD_DATA ignoring data from the past for frame base_link at time 4.428000 according to authority Authority undetectable
[planner_server-11] Possible reasons are listed at http://wiki.ros.org/tf/Errors%20explained
[bt_navigator-14] [WARN] [1785623421.192910419] []: TF_OLD_DATA ignoring data from the past for frame base_link at time 4.428000 according to authority Authority undetectable
[bt_navigator-14] Possible reasons are listed at http://wiki.ros.org/tf/Errors%20explained
[collision_monitor-17] [WARN] [1785623421.192945818] []: TF_OLD_DATA ignoring data from the past for frame base_link at time 4.428000 according to authority Authority undetectable
[collision_monitor-17] Possible reasons are listed at http://wiki.ros.org/tf/Errors%20explained
[behavior_server-13] [WARN] [1785623421.192908767] []: TF_OLD_DATA ignoring data from the past for frame base_link at time 4.428000 according to authority Authority undetectable
[behavior_server-13] Possible reasons are listed at http://wiki.ros.org/tf/Errors%20explained
[route_server-12] [WARN] [1785623421.192911135] []: TF_OLD_DATA ignoring data from the past for frame base_link at time 4.428000 according to authority Authority undetectable
[route_server-12] Possible reasons are listed at http://wiki.ros.org/tf/Errors%20explained
[opennav_docking-18] [WARN] [1785623421.192988741] []: TF_OLD_DATA ignoring data from the past for frame base_link at time 4.428000 according to authority Authority undetectable
[opennav_docking-18] Possible reasons are listed at http://wiki.ros.org/tf/Errors%20explained
[controller_server-9] [WARN] [1785623421.228741802] []: TF_OLD_DATA ignoring data from the past for frame base_link at time 4.464000 according to authority Authority undetectable
[controller_server-9] Possible reasons are listed at http://wiki.ros.org/tf/Errors%20explained
[smoother_server-10] [WARN] [1785623421.228753388] []: TF_OLD_DATA ignoring data from the past for frame base_link at time 4.464000 according to authority Authority undetectable
[smoother_server-10] Possible reasons are listed at http://wiki.ros.org/tf/Errors%20explained
[behavior_server-13] [WARN] [1785623421.228755784] []: TF_OLD_DATA ignoring data from the past for frame base_link at time 4.464000 according to authority Authority undetectable
[behavior_server-13] Possible reasons are listed at http://wiki.ros.org/tf/Errors%20explained
[planner_server-11] [WARN] [1785623421.228756683] []: TF_OLD_DATA ignoring data from the past for frame base_link at time 4.464000 according to authority Authority undetectable
[planner_server-11] Possible reasons are listed at http://wiki.ros.org/tf/Errors%20explained
[route_server-12] [WARN] [1785623421.228755924] []: TF_OLD_DATA ignoring data from the past for frame base_link at time 4.464000 according to authority Authority undetectable
[route_server-12] Possible reasons are listed at http://wiki.ros.org/tf/Errors%20explained
[collision_monitor-17] [WARN] [1785623421.228774782] []: TF_OLD_DATA ignoring data from the past for frame base_link at time 4.464000 according to authority Authority undetectable
[collision_monitor-17] Possible reasons are listed at http://wiki.ros.org/tf/Errors%20explained
[bt_navigator-14] [WARN] [1785623421.228778923] []: TF_OLD_DATA ignoring data from the past for frame base_link at time 4.464000 according to authority Authority undetectable
[bt_navigator-14] Possible reasons are listed at http://wiki.ros.org/tf/Errors%20explained
[amcl-7] [WARN] [1785623421.228854347] []: TF_OLD_DATA ignoring data from the past for frame base_link at time 4.464000 according to authority Authority undetectable
[amcl-7] Possible reasons are listed at http://wiki.ros.org/tf/Errors%20explained
[opennav_docking-18] [WARN] [1785623421.228888146] []: TF_OLD_DATA ignoring data from the past for frame base_link at time 4.464000 according to authority Authority undetectable
[opennav_docking-18] Possible reasons are listed at http://wiki.ros.org/tf/Errors%20explained
[controller_server-9] [WARN] [1785623421.264966599] []: TF_OLD_DATA ignoring data from the past for frame base_link at time 4.500000 according to authority Authority undetectable
[controller_server-9] Possible reasons are listed at http://wiki.ros.org/tf/Errors%20explained
[smoother_server-10] [WARN] [1785623421.265012537] []: TF_OLD_DATA ignoring data from the past for frame base_link at time 4.500000 according to authority Authority undetectable
[smoother_server-10] Possible reasons are listed at http://wiki.ros.org/tf/Errors%20explained
[planner_server-11] [WARN] [1785623421.265032149] []: TF_OLD_DATA ignoring data from the past for frame base_link at time 4.500000 according to authority Authority undetectable
[planner_server-11] Possible reasons are listed at http://wiki.ros.org/tf/Errors%20explained
[amcl-7] [WARN] [1785623421.265034335] []: TF_OLD_DATA ignoring data from the past for frame base_link at time 4.500000 according to authority Authority undetectable
[amcl-7] Possible reasons are listed at http://wiki.ros.org/tf/Errors%20explained
[behavior_server-13] [WARN] [1785623421.265058647] []: TF_OLD_DATA ignoring data from the past for frame base_link at time 4.500000 according to authority Authority undetectable
[behavior_server-13] Possible reasons are listed at http://wiki.ros.org/tf/Errors%20explained
[collision_monitor-17] [WARN] [1785623421.265081502] []: TF_OLD_DATA ignoring data from the past for frame base_link at time 4.500000 according to authority Authority undetectable
[collision_monitor-17] Possible reasons are listed at http://wiki.ros.org/tf/Errors%20explained
[bt_navigator-14] [WARN] [1785623421.265121971] []: TF_OLD_DATA ignoring data from the past for frame base_link at time 4.500000 according to authority Authority undetectable
[bt_navigator-14] Possible reasons are listed at http://wiki.ros.org/tf/Errors%20explained
[route_server-12] [WARN] [1785623421.265131517] []: TF_OLD_DATA ignoring data from the past for frame base_link at time 4.500000 according to authority Authority undetectable
[route_server-12] Possible reasons are listed at http://wiki.ros.org/tf/Errors%20explained
[opennav_docking-18] [WARN] [1785623421.265293065] []: TF_OLD_DATA ignoring data from the past for frame base_link at time 4.500000 according to authority Authority undetectable
[opennav_docking-18] Possible reasons are listed at http://wiki.ros.org/tf/Errors%20explained
[controller_server-9] [WARN] [1785623421.300995083] []: TF_OLD_DATA ignoring data from the past for frame base_link at time 4.536000 according to authority Authority undetectable
[controller_server-9] Possible reasons are listed at http://wiki.ros.org/tf/Errors%20explained
[amcl-7] [WARN] [1785623421.301065179] []: TF_OLD_DATA ignoring data from the past for frame base_link at time 4.536000 according to authority Authority undetectable
[amcl-7] Possible reasons are listed at http://wiki.ros.org/tf/Errors%20explained
[opennav_docking-18] [WARN] [1785623421.301141693] []: TF_OLD_DATA ignoring data from the past for frame base_link at time 4.536000 according to authority Authority undetectable
[opennav_docking-18] Possible reasons are listed at http://wiki.ros.org/tf/Errors%20explained
[planner_server-11] [WARN] [1785623421.301168502] []: TF_OLD_DATA ignoring data from the past for frame base_link at time 4.536000 according to authority Authority undetectable
[planner_server-11] Possible reasons are listed at http://wiki.ros.org/tf/Errors%20explained
[route_server-12] [WARN] [1785623421.301171276] []: TF_OLD_DATA ignoring data from the past for frame base_link at time 4.536000 according to authority Authority undetectable
[route_server-12] Possible reasons are listed at http://wiki.ros.org/tf/Errors%20explained
[smoother_server-10] [WARN] [1785623421.301198076] []: TF_OLD_DATA ignoring data from the past for frame base_link at time 4.536000 according to authority Authority undetectable
[smoother_server-10] Possible reasons are listed at http://wiki.ros.org/tf/Errors%20explained
[bt_navigator-14] [WARN] [1785623421.301220809] []: TF_OLD_DATA ignoring data from the past for frame base_link at time 4.536000 according to authority Authority undetectable
[bt_navigator-14] Possible reasons are listed at http://wiki.ros.org/tf/Errors%20explained
[collision_monitor-17] [WARN] [1785623421.301387196] []: TF_OLD_DATA ignoring data from the past for frame base_link at time 4.536000 according to authority Authority undetectable
[collision_monitor-17] Possible reasons are listed at http://wiki.ros.org/tf/Errors%20explained
[behavior_server-13] [WARN] [1785623421.301447056] []: TF_OLD_DATA ignoring data from the past for frame base_link at time 4.536000 according to authority Authority undetectable
[behavior_server-13] Possible reasons are listed at http://wiki.ros.org/tf/Errors%20explained
[controller_server-9] [WARN] [1785623421.336954125] []: TF_OLD_DATA ignoring data from the past for frame base_link at time 4.572000 according to authority Authority undetectable
[controller_server-9] Possible reasons are listed at http://wiki.ros.org/tf/Errors%20explained
[amcl-7] [WARN] [1785623421.336976366] []: TF_OLD_DATA ignoring data from the past for frame base_link at time 4.572000 according to authority Authority undetectable
[amcl-7] Possible reasons are listed at http://wiki.ros.org/tf/Errors%20explained
[collision_monitor-17] [WARN] [1785623421.337004292] []: TF_OLD_DATA ignoring data from the past for frame base_link at time 4.572000 according to authority Authority undetectable
[collision_monitor-17] Possible reasons are listed at http://wiki.ros.org/tf/Errors%20explained
[opennav_docking-18] [WARN] [1785623421.337012258] []: TF_OLD_DATA ignoring data from the past for frame base_link at time 4.572000 according to authority Authority undetectable
[opennav_docking-18] Possible reasons are listed at http://wiki.ros.org/tf/Errors%20explained
[route_server-12] [WARN] [1785623421.337050652] []: TF_OLD_DATA ignoring data from the past for frame base_link at time 4.572000 according to authority Authority undetectable
[route_server-12] Possible reasons are listed at http://wiki.ros.org/tf/Errors%20explained
[smoother_server-10] [WARN] [1785623421.337064865] []: TF_OLD_DATA ignoring data from the past for frame base_link at time 4.572000 according to authority Authority undetectable
[smoother_server-10] Possible reasons are listed at http://wiki.ros.org/tf/Errors%20explained
[planner_server-11] [WARN] [1785623421.337245659] []: TF_OLD_DATA ignoring data from the past for frame base_link at time 4.572000 according to authority Authority undetectable
[planner_server-11] Possible reasons are listed at http://wiki.ros.org/tf/Errors%20explained
[bt_navigator-14] [WARN] [1785623421.337275084] []: TF_OLD_DATA ignoring data from the past for frame base_link at time 4.572000 according to authority Authority undetectable
[bt_navigator-14] Possible reasons are listed at http://wiki.ros.org/tf/Errors%20explained
[behavior_server-13] [WARN] [1785623421.337312841] []: TF_OLD_DATA ignoring data from the past for frame base_link at time 4.572000 according to authority Authority undetectable
[behavior_server-13] Possible reasons are listed at http://wiki.ros.org/tf/Errors%20explained
[amcl-7] [WARN] [1785623421.372827922] []: TF_OLD_DATA ignoring data from the past for frame base_link at time 4.608000 according to authority Authority undetectable
[amcl-7] Possible reasons are listed at http://wiki.ros.org/tf/Errors%20explained
[smoother_server-10] [WARN] [1785623421.372821340] []: TF_OLD_DATA ignoring data from the past for frame base_link at time 4.608000 according to authority Authority undetectable
[smoother_server-10] Possible reasons are listed at http://wiki.ros.org/tf/Errors%20explained
[controller_server-9] [WARN] [1785623421.372829905] []: TF_OLD_DATA ignoring data from the past for frame base_link at time 4.608000 according to authority Authority undetectable
[controller_server-9] Possible reasons are listed at http://wiki.ros.org/tf/Errors%20explained
[planner_server-11] [WARN] [1785623421.372831420] []: TF_OLD_DATA ignoring data from the past for frame base_link at time 4.608000 according to authority Authority undetectable
[planner_server-11] Possible reasons are listed at http://wiki.ros.org/tf/Errors%20explained
[route_server-12] [WARN] [1785623421.372835882] []: TF_OLD_DATA ignoring data from the past for frame base_link at time 4.608000 according to authority Authority undetectable
[route_server-12] Possible reasons are listed at http://wiki.ros.org/tf/Errors%20explained
[opennav_docking-18] [WARN] [1785623421.372875393] []: TF_OLD_DATA ignoring data from the past for frame base_link at time 4.608000 according to authority Authority undetectable
[opennav_docking-18] Possible reasons are listed at http://wiki.ros.org/tf/Errors%20explained
[collision_monitor-17] [WARN] [1785623421.372882454] []: TF_OLD_DATA ignoring data from the past for frame base_link at time 4.608000 according to authority Authority undetectable
[collision_monitor-17] Possible reasons are listed at http://wiki.ros.org/tf/Errors%20explained
[bt_navigator-14] [WARN] [1785623421.372879721] []: TF_OLD_DATA ignoring data from the past for frame base_link at time 4.608000 according to authority Authority undetectable
[bt_navigator-14] Possible reasons are listed at http://wiki.ros.org/tf/Errors%20explained
[behavior_server-13] [WARN] [1785623421.372887942] []: TF_OLD_DATA ignoring data from the past for frame base_link at time 4.608000 according to authority Authority undetectable
[behavior_server-13] Possible reasons are listed at http://wiki.ros.org/tf/Errors%20explained
[controller_server-9] [WARN] [1785623421.408691652] []: TF_OLD_DATA ignoring data from the past for frame base_link at time 4.644000 according to authority Authority undetectable
[controller_server-9] Possible reasons are listed at http://wiki.ros.org/tf/Errors%20explained
[amcl-7] [WARN] [1785623421.408697726] []: TF_OLD_DATA ignoring data from the past for frame base_link at time 4.644000 according to authority Authority undetectable
[amcl-7] Possible reasons are listed at http://wiki.ros.org/tf/Errors%20explained
[behavior_server-13] [WARN] [1785623421.408732812] []: TF_OLD_DATA ignoring data from the past for frame base_link at time 4.644000 according to authority Authority undetectable
[behavior_server-13] Possible reasons are listed at http://wiki.ros.org/tf/Errors%20explained
[planner_server-11] [WARN] [1785623421.408735942] []: TF_OLD_DATA ignoring data from the past for frame base_link at time 4.644000 according to authority Authority undetectable
[planner_server-11] Possible reasons are listed at http://wiki.ros.org/tf/Errors%20explained
[smoother_server-10] [WARN] [1785623421.408738293] []: TF_OLD_DATA ignoring data from the past for frame base_link at time 4.644000 according to authority Authority undetectable
[smoother_server-10] Possible reasons are listed at http://wiki.ros.org/tf/Errors%20explained
[collision_monitor-17] [WARN] [1785623421.408762972] []: TF_OLD_DATA ignoring data from the past for frame base_link at time 4.644000 according to authority Authority undetectable
[collision_monitor-17] Possible reasons are listed at http://wiki.ros.org/tf/Errors%20explained
[opennav_docking-18] [WARN] [1785623421.408765941] []: TF_OLD_DATA ignoring data from the past for frame base_link at time 4.644000 according to authority Authority undetectable
[opennav_docking-18] Possible reasons are listed at http://wiki.ros.org/tf/Errors%20explained
[route_server-12] [WARN] [1785623421.408827923] []: TF_OLD_DATA ignoring data from the past for frame base_link at time 4.644000 according to authority Authority undetectable
[route_server-12] Possible reasons are listed at http://wiki.ros.org/tf/Errors%20explained
[bt_navigator-14] [WARN] [1785623421.408833864] []: TF_OLD_DATA ignoring data from the past for frame base_link at time 4.644000 according to authority Authority undetectable
[bt_navigator-14] Possible reasons are listed at http://wiki.ros.org/tf/Errors%20explained
[amcl-7] [WARN] [1785623421.444756001] []: TF_OLD_DATA ignoring data from the past for frame base_link at time 4.680000 according to authority Authority undetectable
[amcl-7] Possible reasons are listed at http://wiki.ros.org/tf/Errors%20explained
[controller_server-9] [WARN] [1785623421.444756007] []: TF_OLD_DATA ignoring data from the past for frame base_link at time 4.680000 according to authority Authority undetectable
[controller_server-9] Possible reasons are listed at http://wiki.ros.org/tf/Errors%20explained
[route_server-12] [WARN] [1785623421.444800206] []: TF_OLD_DATA ignoring data from the past for frame base_link at time 4.680000 according to authority Authority undetectable
[route_server-12] Possible reasons are listed at http://wiki.ros.org/tf/Errors%20explained
[planner_server-11] [WARN] [1785623421.444814738] []: TF_OLD_DATA ignoring data from the past for frame base_link at time 4.680000 according to authority Authority undetectable
[planner_server-11] Possible reasons are listed at http://wiki.ros.org/tf/Errors%20explained
[smoother_server-10] [WARN] [1785623421.444824652] []: TF_OLD_DATA ignoring data from the past for frame base_link at time 4.680000 according to authority Authority undetectable
[smoother_server-10] Possible reasons are listed at http://wiki.ros.org/tf/Errors%20explained
[bt_navigator-14] [WARN] [1785623421.444828356] []: TF_OLD_DATA ignoring data from the past for frame base_link at time 4.680000 according to authority Authority undetectable
[bt_navigator-14] Possible reasons are listed at http://wiki.ros.org/tf/Errors%20explained
[collision_monitor-17] [WARN] [1785623421.444830087] []: TF_OLD_DATA ignoring data from the past for frame base_link at time 4.680000 according to authority Authority undetectable
[collision_monitor-17] Possible reasons are listed at http://wiki.ros.org/tf/Errors%20explained
[behavior_server-13] [WARN] [1785623421.444851399] []: TF_OLD_DATA ignoring data from the past for frame base_link at time 4.680000 according to authority Authority undetectable
[behavior_server-13] Possible reasons are listed at http://wiki.ros.org/tf/Errors%20explained
[opennav_docking-18] [WARN] [1785623421.444915215] []: TF_OLD_DATA ignoring data from the past for frame base_link at time 4.680000 according to authority Authority undetectable
[opennav_docking-18] Possible reasons are listed at http://wiki.ros.org/tf/Errors%20explained
[amcl-7] [WARN] [1785623421.481006683] []: TF_OLD_DATA ignoring data from the past for frame base_link at time 4.716000 according to authority Authority undetectable
[amcl-7] Possible reasons are listed at http://wiki.ros.org/tf/Errors%20explained
[controller_server-9] [WARN] [1785623421.481030608] []: TF_OLD_DATA ignoring data from the past for frame base_link at time 4.716000 according to authority Authority undetectable
[controller_server-9] Possible reasons are listed at http://wiki.ros.org/tf/Errors%20explained
[planner_server-11] [WARN] [1785623421.481072290] []: TF_OLD_DATA ignoring data from the past for frame base_link at time 4.716000 according to authority Authority undetectable
[planner_server-11] Possible reasons are listed at http://wiki.ros.org/tf/Errors%20explained
[smoother_server-10] [WARN] [1785623421.481093517] []: TF_OLD_DATA ignoring data from the past for frame base_link at time 4.716000 according to authority Authority undetectable
[smoother_server-10] Possible reasons are listed at http://wiki.ros.org/tf/Errors%20explained
[behavior_server-13] [WARN] [1785623421.481105742] []: TF_OLD_DATA ignoring data from the past for frame base_link at time 4.716000 according to authority Authority undetectable
[behavior_server-13] Possible reasons are listed at http://wiki.ros.org/tf/Errors%20explained
[route_server-12] [WARN] [1785623421.481117325] []: TF_OLD_DATA ignoring data from the past for frame base_link at time 4.716000 according to authority Authority undetectable
[route_server-12] Possible reasons are listed at http://wiki.ros.org/tf/Errors%20explained
[bt_navigator-14] [WARN] [1785623421.481143320] []: TF_OLD_DATA ignoring data from the past for frame base_link at time 4.716000 according to authority Authority undetectable
[bt_navigator-14] Possible reasons are listed at http://wiki.ros.org/tf/Errors%20explained
[opennav_docking-18] [WARN] [1785623421.481193884] []: TF_OLD_DATA ignoring data from the past for frame base_link at time 4.716000 according to authority Authority undetectable
[opennav_docking-18] Possible reasons are listed at http://wiki.ros.org/tf/Errors%20explained
[collision_monitor-17] [WARN] [1785623421.481242334] []: TF_OLD_DATA ignoring data from the past for frame base_link at time 4.716000 according to authority Authority undetectable
[collision_monitor-17] Possible reasons are listed at http://wiki.ros.org/tf/Errors%20explained
[controller_server-9] [WARN] [1785623421.516903486] []: TF_OLD_DATA ignoring data from the past for frame base_link at time 4.752000 according to authority Authority undetectable
[controller_server-9] Possible reasons are listed at http://wiki.ros.org/tf/Errors%20explained
[smoother_server-10] [WARN] [1785623421.516941184] []: TF_OLD_DATA ignoring data from the past for frame base_link at time 4.752000 according to authority Authority undetectable
[smoother_server-10] Possible reasons are listed at http://wiki.ros.org/tf/Errors%20explained
[amcl-7] [WARN] [1785623421.516972019] []: TF_OLD_DATA ignoring data from the past for frame base_link at time 4.752000 according to authority Authority undetectable
[amcl-7] Possible reasons are listed at http://wiki.ros.org/tf/Errors%20explained
[planner_server-11] [WARN] [1785623421.516985370] []: TF_OLD_DATA ignoring data from the past for frame base_link at time 4.752000 according to authority Authority undetectable
[planner_server-11] Possible reasons are listed at http://wiki.ros.org/tf/Errors%20explained
[bt_navigator-14] [WARN] [1785623421.517006976] []: TF_OLD_DATA ignoring data from the past for frame base_link at time 4.752000 according to authority Authority undetectable
[bt_navigator-14] Possible reasons are listed at http://wiki.ros.org/tf/Errors%20explained
[route_server-12] [WARN] [1785623421.517043791] []: TF_OLD_DATA ignoring data from the past for frame base_link at time 4.752000 according to authority Authority undetectable
[route_server-12] Possible reasons are listed at http://wiki.ros.org/tf/Errors%20explained
[opennav_docking-18] [WARN] [1785623421.517043346] []: TF_OLD_DATA ignoring data from the past for frame base_link at time 4.752000 according to authority Authority undetectable
[opennav_docking-18] Possible reasons are listed at http://wiki.ros.org/tf/Errors%20explained
[collision_monitor-17] [WARN] [1785623421.517063310] []: TF_OLD_DATA ignoring data from the past for frame base_link at time 4.752000 according to authority Authority undetectable
[collision_monitor-17] Possible reasons are listed at http://wiki.ros.org/tf/Errors%20explained
[behavior_server-13] [WARN] [1785623421.517078295] []: TF_OLD_DATA ignoring data from the past for frame base_link at time 4.752000 according to authority Authority undetectable
[behavior_server-13] Possible reasons are listed at http://wiki.ros.org/tf/Errors%20explained
[smoother_server-10] [INFO] [1785623421.534371239] [smoother_server]: Received a path to smooth.
[controller_server-9] [WARN] [1785623421.552949219] []: TF_OLD_DATA ignoring data from the past for frame base_link at time 4.788000 according to authority Authority undetectable
[controller_server-9] Possible reasons are listed at http://wiki.ros.org/tf/Errors%20explained
[planner_server-11] [WARN] [1785623421.552968941] []: TF_OLD_DATA ignoring data from the past for frame base_link at time 4.788000 according to authority Authority undetectable
[planner_server-11] Possible reasons are listed at http://wiki.ros.org/tf/Errors%20explained
[smoother_server-10] [WARN] [1785623421.552997277] []: TF_OLD_DATA ignoring data from the past for frame base_link at time 4.788000 according to authority Authority undetectable
[smoother_server-10] Possible reasons are listed at http://wiki.ros.org/tf/Errors%20explained
[route_server-12] [WARN] [1785623421.553002412] []: TF_OLD_DATA ignoring data from the past for frame base_link at time 4.788000 according to authority Authority undetectable
[route_server-12] Possible reasons are listed at http://wiki.ros.org/tf/Errors%20explained
[collision_monitor-17] [WARN] [1785623421.553014198] []: TF_OLD_DATA ignoring data from the past for frame base_link at time 4.788000 according to authority Authority undetectable
[collision_monitor-17] Possible reasons are listed at http://wiki.ros.org/tf/Errors%20explained
[opennav_docking-18] [WARN] [1785623421.553022768] []: TF_OLD_DATA ignoring data from the past for frame base_link at time 4.788000 according to authority Authority undetectable
[opennav_docking-18] Possible reasons are listed at http://wiki.ros.org/tf/Errors%20explained
[behavior_server-13] [WARN] [1785623421.553078483] []: TF_OLD_DATA ignoring data from the past for frame base_link at time 4.788000 according to authority Authority undetectable
[behavior_server-13] Possible reasons are listed at http://wiki.ros.org/tf/Errors%20explained
[bt_navigator-14] [WARN] [1785623421.553087447] []: TF_OLD_DATA ignoring data from the past for frame base_link at time 4.788000 according to authority Authority undetectable
[bt_navigator-14] Possible reasons are listed at http://wiki.ros.org/tf/Errors%20explained
[amcl-7] [WARN] [1785623421.553417915] []: TF_OLD_DATA ignoring data from the past for frame base_link at time 4.788000 according to authority Authority undetectable
[amcl-7] Possible reasons are listed at http://wiki.ros.org/tf/Errors%20explained
[controller_server-9] [WARN] [1785623421.589004539] []: TF_OLD_DATA ignoring data from the past for frame base_link at time 4.824000 according to authority Authority undetectable
[controller_server-9] Possible reasons are listed at http://wiki.ros.org/tf/Errors%20explained
[amcl-7] [WARN] [1785623421.589013303] []: TF_OLD_DATA ignoring data from the past for frame base_link at time 4.824000 according to authority Authority undetectable
[amcl-7] Possible reasons are listed at http://wiki.ros.org/tf/Errors%20explained
[route_server-12] [WARN] [1785623421.589038902] []: TF_OLD_DATA ignoring data from the past for frame base_link at time 4.824000 according to authority Authority undetectable
[route_server-12] Possible reasons are listed at http://wiki.ros.org/tf/Errors%20explained
[smoother_server-10] [WARN] [1785623421.589064078] []: TF_OLD_DATA ignoring data from the past for frame base_link at time 4.824000 according to authority Authority undetectable
[smoother_server-10] Possible reasons are listed at http://wiki.ros.org/tf/Errors%20explained
[behavior_server-13] [WARN] [1785623421.589064513] []: TF_OLD_DATA ignoring data from the past for frame base_link at time 4.824000 according to authority Authority undetectable
[behavior_server-13] Possible reasons are listed at http://wiki.ros.org/tf/Errors%20explained
[bt_navigator-14] [WARN] [1785623421.589082987] []: TF_OLD_DATA ignoring data from the past for frame base_link at time 4.824000 according to authority Authority undetectable
[bt_navigator-14] Possible reasons are listed at http://wiki.ros.org/tf/Errors%20explained
[collision_monitor-17] [WARN] [1785623421.589130714] []: TF_OLD_DATA ignoring data from the past for frame base_link at time 4.824000 according to authority Authority undetectable
[collision_monitor-17] Possible reasons are listed at http://wiki.ros.org/tf/Errors%20explained
[planner_server-11] [WARN] [1785623421.589135600] []: TF_OLD_DATA ignoring data from the past for frame base_link at time 4.824000 according to authority Authority undetectable
[planner_server-11] Possible reasons are listed at http://wiki.ros.org/tf/Errors%20explained
[opennav_docking-18] [WARN] [1785623421.589177711] []: TF_OLD_DATA ignoring data from the past for frame base_link at time 4.824000 according to authority Authority undetectable
[opennav_docking-18] Possible reasons are listed at http://wiki.ros.org/tf/Errors%20explained
[smoother_server-10] [INFO] [1785623421.610343628] [smoother_server]: PSTMO: 8 corners, 8 G2, 0 pivots, 0 pass-through, 320 evaluations, 0.075710 s
[controller_server-9] [WARN] [1785623421.624706132] []: TF_OLD_DATA ignoring data from the past for frame base_link at time 4.860000 according to authority Authority undetectable
[controller_server-9] Possible reasons are listed at http://wiki.ros.org/tf/Errors%20explained
[planner_server-11] [WARN] [1785623421.624704855] []: TF_OLD_DATA ignoring data from the past for frame base_link at time 4.860000 according to authority Authority undetectable
[planner_server-11] Possible reasons are listed at http://wiki.ros.org/tf/Errors%20explained
[smoother_server-10] [WARN] [1785623421.624730868] []: TF_OLD_DATA ignoring data from the past for frame base_link at time 4.860000 according to authority Authority undetectable
[smoother_server-10] Possible reasons are listed at http://wiki.ros.org/tf/Errors%20explained
[bt_navigator-14] [WARN] [1785623421.624730958] []: TF_OLD_DATA ignoring data from the past for frame base_link at time 4.860000 according to authority Authority undetectable
[bt_navigator-14] Possible reasons are listed at http://wiki.ros.org/tf/Errors%20explained
[behavior_server-13] [WARN] [1785623421.624736464] []: TF_OLD_DATA ignoring data from the past for frame base_link at time 4.860000 according to authority Authority undetectable
[behavior_server-13] Possible reasons are listed at http://wiki.ros.org/tf/Errors%20explained
[opennav_docking-18] [WARN] [1785623421.624742847] []: TF_OLD_DATA ignoring data from the past for frame base_link at time 4.860000 according to authority Authority undetectable
[opennav_docking-18] Possible reasons are listed at http://wiki.ros.org/tf/Errors%20explained
[collision_monitor-17] [WARN] [1785623421.624745948] []: TF_OLD_DATA ignoring data from the past for frame base_link at time 4.860000 according to authority Authority undetectable
[collision_monitor-17] Possible reasons are listed at http://wiki.ros.org/tf/Errors%20explained
[route_server-12] [WARN] [1785623421.624801925] []: TF_OLD_DATA ignoring data from the past for frame base_link at time 4.860000 according to authority Authority undetectable
[route_server-12] Possible reasons are listed at http://wiki.ros.org/tf/Errors%20explained
[amcl-7] [WARN] [1785623421.624818990] []: TF_OLD_DATA ignoring data from the past for frame base_link at time 4.860000 according to authority Authority undetectable
[amcl-7] Possible reasons are listed at http://wiki.ros.org/tf/Errors%20explained
[smoother_server-10] [INFO] [1785623421.656650508] [smoother_server]: PSTMO: 3 corners, 3 G2, 0 pivots, 0 pass-through, 120 evaluations, 0.046104 s
[smoother_server-10] [INFO] [1785623421.658000566] [smoother_server]: PSTMO LOS selector chose LOS (no-LOS=0.610235, LOS=0.586185, reason=los_quality_improvement)
[smoother_server-10] [WARN] [1785623421.660885069] []: TF_OLD_DATA ignoring data from the past for frame base_link at time 4.896000 according to authority Authority undetectable
[smoother_server-10] Possible reasons are listed at http://wiki.ros.org/tf/Errors%20explained
[amcl-7] [WARN] [1785623421.660906413] []: TF_OLD_DATA ignoring data from the past for frame base_link at time 4.896000 according to authority Authority undetectable
[amcl-7] Possible reasons are listed at http://wiki.ros.org/tf/Errors%20explained
[route_server-12] [WARN] [1785623421.660930015] []: TF_OLD_DATA ignoring data from the past for frame base_link at time 4.896000 according to authority Authority undetectable
[route_server-12] Possible reasons are listed at http://wiki.ros.org/tf/Errors%20explained
[planner_server-11] [WARN] [1785623421.660961238] []: TF_OLD_DATA ignoring data from the past for frame base_link at time 4.896000 according to authority Authority undetectable
[planner_server-11] Possible reasons are listed at http://wiki.ros.org/tf/Errors%20explained
[opennav_docking-18] [WARN] [1785623421.661212586] []: TF_OLD_DATA ignoring data from the past for frame base_link at time 4.896000 according to authority Authority undetectable
[opennav_docking-18] Possible reasons are listed at http://wiki.ros.org/tf/Errors%20explained
[controller_server-9] [WARN] [1785623421.661209781] []: TF_OLD_DATA ignoring data from the past for frame base_link at time 4.896000 according to authority Authority undetectable
[controller_server-9] Possible reasons are listed at http://wiki.ros.org/tf/Errors%20explained
[bt_navigator-14] [WARN] [1785623421.661355106] []: TF_OLD_DATA ignoring data from the past for frame base_link at time 4.896000 according to authority Authority undetectable
[bt_navigator-14] Possible reasons are listed at http://wiki.ros.org/tf/Errors%20explained
[collision_monitor-17] [WARN] [1785623421.661359923] []: TF_OLD_DATA ignoring data from the past for frame base_link at time 4.896000 according to authority Authority undetectable
[collision_monitor-17] Possible reasons are listed at http://wiki.ros.org/tf/Errors%20explained
[behavior_server-13] [WARN] [1785623421.662387657] []: TF_OLD_DATA ignoring data from the past for frame base_link at time 4.896000 according to authority Authority undetectable
[behavior_server-13] Possible reasons are listed at http://wiki.ros.org/tf/Errors%20explained
[controller_server-9] [WARN] [1785623421.697852664] []: TF_OLD_DATA ignoring data from the past for frame base_link at time 4.932000 according to authority Authority undetectable
[controller_server-9] Possible reasons are listed at http://wiki.ros.org/tf/Errors%20explained
[collision_monitor-17] [WARN] [1785623421.697852495] []: TF_OLD_DATA ignoring data from the past for frame base_link at time 4.932000 according to authority Authority undetectable
[collision_monitor-17] Possible reasons are listed at http://wiki.ros.org/tf/Errors%20explained
[amcl-7] [WARN] [1785623421.698083057] []: TF_OLD_DATA ignoring data from the past for frame base_link at time 4.932000 according to authority Authority undetectable
[amcl-7] Possible reasons are listed at http://wiki.ros.org/tf/Errors%20explained
[opennav_docking-18] [WARN] [1785623421.698085570] []: TF_OLD_DATA ignoring data from the past for frame base_link at time 4.932000 according to authority Authority undetectable
[opennav_docking-18] Possible reasons are listed at http://wiki.ros.org/tf/Errors%20explained
[smoother_server-10] [WARN] [1785623421.698203775] []: TF_OLD_DATA ignoring data from the past for frame base_link at time 4.932000 according to authority Authority undetectable
[smoother_server-10] Possible reasons are listed at http://wiki.ros.org/tf/Errors%20explained
[planner_server-11] [WARN] [1785623421.698480594] []: TF_OLD_DATA ignoring data from the past for frame base_link at time 4.932000 according to authority Authority undetectable
[planner_server-11] Possible reasons are listed at http://wiki.ros.org/tf/Errors%20explained
[route_server-12] [WARN] [1785623421.698561514] []: TF_OLD_DATA ignoring data from the past for frame base_link at time 4.932000 according to authority Authority undetectable
[route_server-12] Possible reasons are listed at http://wiki.ros.org/tf/Errors%20explained
[behavior_server-13] [WARN] [1785623421.698765952] []: TF_OLD_DATA ignoring data from the past for frame base_link at time 4.932000 according to authority Authority undetectable
[behavior_server-13] Possible reasons are listed at http://wiki.ros.org/tf/Errors%20explained
[bt_navigator-14] [WARN] [1785623421.699068035] []: TF_OLD_DATA ignoring data from the past for frame base_link at time 4.932000 according to authority Authority undetectable
[bt_navigator-14] Possible reasons are listed at http://wiki.ros.org/tf/Errors%20explained
[controller_server-9] [WARN] [1785623421.732819570] []: TF_OLD_DATA ignoring data from the past for frame base_link at time 4.968000 according to authority Authority undetectable
[controller_server-9] Possible reasons are listed at http://wiki.ros.org/tf/Errors%20explained
[planner_server-11] [WARN] [1785623421.732850071] []: TF_OLD_DATA ignoring data from the past for frame base_link at time 4.968000 according to authority Authority undetectable
[planner_server-11] Possible reasons are listed at http://wiki.ros.org/tf/Errors%20explained
[bt_navigator-14] [WARN] [1785623421.732855857] []: TF_OLD_DATA ignoring data from the past for frame base_link at time 4.968000 according to authority Authority undetectable
[bt_navigator-14] Possible reasons are listed at http://wiki.ros.org/tf/Errors%20explained
[route_server-12] [WARN] [1785623421.732877401] []: TF_OLD_DATA ignoring data from the past for frame base_link at time 4.968000 according to authority Authority undetectable
[route_server-12] Possible reasons are listed at http://wiki.ros.org/tf/Errors%20explained
[opennav_docking-18] [WARN] [1785623421.732891576] []: TF_OLD_DATA ignoring data from the past for frame base_link at time 4.968000 according to authority Authority undetectable
[opennav_docking-18] Possible reasons are listed at http://wiki.ros.org/tf/Errors%20explained
[smoother_server-10] [WARN] [1785623421.732898213] []: TF_OLD_DATA ignoring data from the past for frame base_link at time 4.968000 according to authority Authority undetectable
[smoother_server-10] Possible reasons are listed at http://wiki.ros.org/tf/Errors%20explained
[amcl-7] [WARN] [1785623421.732909417] []: TF_OLD_DATA ignoring data from the past for frame base_link at time 4.968000 according to authority Authority undetectable
[amcl-7] Possible reasons are listed at http://wiki.ros.org/tf/Errors%20explained
[behavior_server-13] [WARN] [1785623421.732910491] []: TF_OLD_DATA ignoring data from the past for frame base_link at time 4.968000 according to authority Authority undetectable
[behavior_server-13] Possible reasons are listed at http://wiki.ros.org/tf/Errors%20explained
[collision_monitor-17] [WARN] [1785623421.733004639] []: TF_OLD_DATA ignoring data from the past for frame base_link at time 4.968000 according to authority Authority undetectable
[collision_monitor-17] Possible reasons are listed at http://wiki.ros.org/tf/Errors%20explained
[amcl-7] [WARN] [1785623421.768883572] []: TF_OLD_DATA ignoring data from the past for frame base_link at time 5.004000 according to authority Authority undetectable
[amcl-7] Possible reasons are listed at http://wiki.ros.org/tf/Errors%20explained
[controller_server-9] [WARN] [1785623421.768878687] []: TF_OLD_DATA ignoring data from the past for frame base_link at time 5.004000 according to authority Authority undetectable
[controller_server-9] Possible reasons are listed at http://wiki.ros.org/tf/Errors%20explained
[planner_server-11] [WARN] [1785623421.768902188] []: TF_OLD_DATA ignoring data from the past for frame base_link at time 5.004000 according to authority Authority undetectable
[planner_server-11] Possible reasons are listed at http://wiki.ros.org/tf/Errors%20explained
[bt_navigator-14] [WARN] [1785623421.768909615] []: TF_OLD_DATA ignoring data from the past for frame base_link at time 5.004000 according to authority Authority undetectable
[bt_navigator-14] Possible reasons are listed at http://wiki.ros.org/tf/Errors%20explained
[route_server-12] [WARN] [1785623421.768939013] []: TF_OLD_DATA ignoring data from the past for frame base_link at time 5.004000 according to authority Authority undetectable
[route_server-12] Possible reasons are listed at http://wiki.ros.org/tf/Errors%20explained
[collision_monitor-17] [WARN] [1785623421.768983563] []: TF_OLD_DATA ignoring data from the past for frame base_link at time 5.004000 according to authority Authority undetectable
[collision_monitor-17] Possible reasons are listed at http://wiki.ros.org/tf/Errors%20explained
[smoother_server-10] [WARN] [1785623421.769001490] []: TF_OLD_DATA ignoring data from the past for frame base_link at time 5.004000 according to authority Authority undetectable
[smoother_server-10] Possible reasons are listed at http://wiki.ros.org/tf/Errors%20explained
[behavior_server-13] [WARN] [1785623421.769007936] []: TF_OLD_DATA ignoring data from the past for frame base_link at time 5.004000 according to authority Authority undetectable
[behavior_server-13] Possible reasons are listed at http://wiki.ros.org/tf/Errors%20explained
[opennav_docking-18] [WARN] [1785623421.769010853] []: TF_OLD_DATA ignoring data from the past for frame base_link at time 5.004000 according to authority Authority undetectable
[opennav_docking-18] Possible reasons are listed at http://wiki.ros.org/tf/Errors%20explained
[controller_server-9] [WARN] [1785623421.804602919] []: TF_OLD_DATA ignoring data from the past for frame base_link at time 5.040000 according to authority Authority undetectable
[controller_server-9] Possible reasons are listed at http://wiki.ros.org/tf/Errors%20explained
[amcl-7] [WARN] [1785623421.804610625] []: TF_OLD_DATA ignoring data from the past for frame base_link at time 5.040000 according to authority Authority undetectable
[amcl-7] Possible reasons are listed at http://wiki.ros.org/tf/Errors%20explained
[smoother_server-10] [WARN] [1785623421.804644355] []: TF_OLD_DATA ignoring data from the past for frame base_link at time 5.040000 according to authority Authority undetectable
[smoother_server-10] Possible reasons are listed at http://wiki.ros.org/tf/Errors%20explained
[opennav_docking-18] [WARN] [1785623421.804651905] []: TF_OLD_DATA ignoring data from the past for frame base_link at time 5.040000 according to authority Authority undetectable
[opennav_docking-18] Possible reasons are listed at http://wiki.ros.org/tf/Errors%20explained
[collision_monitor-17] [WARN] [1785623421.804645373] []: TF_OLD_DATA ignoring data from the past for frame base_link at time 5.040000 according to authority Authority undetectable
[collision_monitor-17] Possible reasons are listed at http://wiki.ros.org/tf/Errors%20explained
[bt_navigator-14] [WARN] [1785623421.804672350] []: TF_OLD_DATA ignoring data from the past for frame base_link at time 5.040000 according to authority Authority undetectable
[bt_navigator-14] Possible reasons are listed at http://wiki.ros.org/tf/Errors%20explained
[planner_server-11] [WARN] [1785623421.804699904] []: TF_OLD_DATA ignoring data from the past for frame base_link at time 5.040000 according to authority Authority undetectable
[planner_server-11] Possible reasons are listed at http://wiki.ros.org/tf/Errors%20explained
[behavior_server-13] [WARN] [1785623421.804751754] []: TF_OLD_DATA ignoring data from the past for frame base_link at time 5.040000 according to authority Authority undetectable
[behavior_server-13] Possible reasons are listed at http://wiki.ros.org/tf/Errors%20explained
[route_server-12] [WARN] [1785623421.804753734] []: TF_OLD_DATA ignoring data from the past for frame base_link at time 5.040000 according to authority Authority undetectable
[route_server-12] Possible reasons are listed at http://wiki.ros.org/tf/Errors%20explained
[controller_server-9] [WARN] [1785623421.840788229] []: TF_OLD_DATA ignoring data from the past for frame base_link at time 5.076000 according to authority Authority undetectable
[controller_server-9] Possible reasons are listed at http://wiki.ros.org/tf/Errors%20explained
[amcl-7] [WARN] [1785623421.840790630] []: TF_OLD_DATA ignoring data from the past for frame base_link at time 5.076000 according to authority Authority undetectable
[amcl-7] Possible reasons are listed at http://wiki.ros.org/tf/Errors%20explained
[planner_server-11] [WARN] [1785623421.840821249] []: TF_OLD_DATA ignoring data from the past for frame base_link at time 5.076000 according to authority Authority undetectable
[planner_server-11] Possible reasons are listed at http://wiki.ros.org/tf/Errors%20explained
[smoother_server-10] [WARN] [1785623421.840835178] []: TF_OLD_DATA ignoring data from the past for frame base_link at time 5.076000 according to authority Authority undetectable
[smoother_server-10] Possible reasons are listed at http://wiki.ros.org/tf/Errors%20explained
[route_server-12] [WARN] [1785623421.840847767] []: TF_OLD_DATA ignoring data from the past for frame base_link at time 5.076000 according to authority Authority undetectable
[route_server-12] Possible reasons are listed at http://wiki.ros.org/tf/Errors%20explained
[behavior_server-13] [WARN] [1785623421.840849838] []: TF_OLD_DATA ignoring data from the past for frame base_link at time 5.076000 according to authority Authority undetectable
[behavior_server-13] Possible reasons are listed at http://wiki.ros.org/tf/Errors%20explained
[bt_navigator-14] [WARN] [1785623421.840849978] []: TF_OLD_DATA ignoring data from the past for frame base_link at time 5.076000 according to authority Authority undetectable
[bt_navigator-14] Possible reasons are listed at http://wiki.ros.org/tf/Errors%20explained
[collision_monitor-17] [WARN] [1785623421.840873440] []: TF_OLD_DATA ignoring data from the past for frame base_link at time 5.076000 according to authority Authority undetectable
[collision_monitor-17] Possible reasons are listed at http://wiki.ros.org/tf/Errors%20explained
[opennav_docking-18] [WARN] [1785623421.840974014] []: TF_OLD_DATA ignoring data from the past for frame base_link at time 5.076000 according to authority Authority undetectable
[opennav_docking-18] Possible reasons are listed at http://wiki.ros.org/tf/Errors%20explained
[amcl-7] [WARN] [1785623421.876897256] []: TF_OLD_DATA ignoring data from the past for frame base_link at time 5.112000 according to authority Authority undetectable
[amcl-7] Possible reasons are listed at http://wiki.ros.org/tf/Errors%20explained
[planner_server-11] [WARN] [1785623421.876926266] []: TF_OLD_DATA ignoring data from the past for frame base_link at time 5.112000 according to authority Authority undetectable
[planner_server-11] Possible reasons are listed at http://wiki.ros.org/tf/Errors%20explained
[collision_monitor-17] [WARN] [1785623421.876942622] []: TF_OLD_DATA ignoring data from the past for frame base_link at time 5.112000 according to authority Authority undetectable
[collision_monitor-17] Possible reasons are listed at http://wiki.ros.org/tf/Errors%20explained
[smoother_server-10] [WARN] [1785623421.876945499] []: TF_OLD_DATA ignoring data from the past for frame base_link at time 5.112000 according to authority Authority undetectable
[smoother_server-10] Possible reasons are listed at http://wiki.ros.org/tf/Errors%20explained
[bt_navigator-14] [WARN] [1785623421.876963782] []: TF_OLD_DATA ignoring data from the past for frame base_link at time 5.112000 according to authority Authority undetectable
[bt_navigator-14] Possible reasons are listed at http://wiki.ros.org/tf/Errors%20explained
[route_server-12] [WARN] [1785623421.876979404] []: TF_OLD_DATA ignoring data from the past for frame base_link at time 5.112000 according to authority Authority undetectable
[route_server-12] Possible reasons are listed at http://wiki.ros.org/tf/Errors%20explained
[opennav_docking-18] [WARN] [1785623421.876986040] []: TF_OLD_DATA ignoring data from the past for frame base_link at time 5.112000 according to authority Authority undetectable
[opennav_docking-18] Possible reasons are listed at http://wiki.ros.org/tf/Errors%20explained
[controller_server-9] [WARN] [1785623421.877005607] []: TF_OLD_DATA ignoring data from the past for frame base_link at time 5.112000 according to authority Authority undetectable
[controller_server-9] Possible reasons are listed at http://wiki.ros.org/tf/Errors%20explained
[behavior_server-13] [WARN] [1785623421.877026667] []: TF_OLD_DATA ignoring data from the past for frame base_link at time 5.112000 according to authority Authority undetectable
[behavior_server-13] Possible reasons are listed at http://wiki.ros.org/tf/Errors%20explained
[batch_benchmark-5] [INFO] [1785623421.899746052] [planner_geometry_benchmark]: [3/5] ThetaStar / southwest_northeast_weave / repetition 1
[controller_server-9] [WARN] [1785623421.912866927] []: TF_OLD_DATA ignoring data from the past for frame base_link at time 5.148000 according to authority Authority undetectable
[controller_server-9] Possible reasons are listed at http://wiki.ros.org/tf/Errors%20explained
[route_server-12] [WARN] [1785623421.912916942] []: TF_OLD_DATA ignoring data from the past for frame base_link at time 5.148000 according to authority Authority undetectable
[route_server-12] Possible reasons are listed at http://wiki.ros.org/tf/Errors%20explained
[planner_server-11] [WARN] [1785623421.912931546] []: TF_OLD_DATA ignoring data from the past for frame base_link at time 5.148000 according to authority Authority undetectable
[planner_server-11] Possible reasons are listed at http://wiki.ros.org/tf/Errors%20explained
[bt_navigator-14] [WARN] [1785623421.912934691] []: TF_OLD_DATA ignoring data from the past for frame base_link at time 5.148000 according to authority Authority undetectable
[bt_navigator-14] Possible reasons are listed at http://wiki.ros.org/tf/Errors%20explained
[amcl-7] [WARN] [1785623421.912938564] []: TF_OLD_DATA ignoring data from the past for frame base_link at time 5.148000 according to authority Authority undetectable
[amcl-7] Possible reasons are listed at http://wiki.ros.org/tf/Errors%20explained
[opennav_docking-18] [WARN] [1785623421.912992560] []: TF_OLD_DATA ignoring data from the past for frame base_link at time 5.148000 according to authority Authority undetectable
[opennav_docking-18] Possible reasons are listed at http://wiki.ros.org/tf/Errors%20explained
[smoother_server-10] [WARN] [1785623421.912992617] []: TF_OLD_DATA ignoring data from the past for frame base_link at time 5.148000 according to authority Authority undetectable
[smoother_server-10] Possible reasons are listed at http://wiki.ros.org/tf/Errors%20explained
[collision_monitor-17] [WARN] [1785623421.912999593] []: TF_OLD_DATA ignoring data from the past for frame base_link at time 5.148000 according to authority Authority undetectable
[collision_monitor-17] Possible reasons are listed at http://wiki.ros.org/tf/Errors%20explained
[behavior_server-13] [WARN] [1785623421.913000436] []: TF_OLD_DATA ignoring data from the past for frame base_link at time 5.148000 according to authority Authority undetectable
[behavior_server-13] Possible reasons are listed at http://wiki.ros.org/tf/Errors%20explained
[controller_server-9] [WARN] [1785623421.948951271] []: TF_OLD_DATA ignoring data from the past for frame base_link at time 5.184000 according to authority Authority undetectable
[controller_server-9] Possible reasons are listed at http://wiki.ros.org/tf/Errors%20explained
[planner_server-11] [WARN] [1785623421.949009105] []: TF_OLD_DATA ignoring data from the past for frame base_link at time 5.184000 according to authority Authority undetectable
[planner_server-11] Possible reasons are listed at http://wiki.ros.org/tf/Errors%20explained
[amcl-7] [WARN] [1785623421.949027389] []: TF_OLD_DATA ignoring data from the past for frame base_link at time 5.184000 according to authority Authority undetectable
[amcl-7] Possible reasons are listed at http://wiki.ros.org/tf/Errors%20explained
[smoother_server-10] [WARN] [1785623421.949058898] []: TF_OLD_DATA ignoring data from the past for frame base_link at time 5.184000 according to authority Authority undetectable
[smoother_server-10] Possible reasons are listed at http://wiki.ros.org/tf/Errors%20explained
[bt_navigator-14] [WARN] [1785623421.949067165] []: TF_OLD_DATA ignoring data from the past for frame base_link at time 5.184000 according to authority Authority undetectable
[bt_navigator-14] Possible reasons are listed at http://wiki.ros.org/tf/Errors%20explained
[route_server-12] [WARN] [1785623421.949086708] []: TF_OLD_DATA ignoring data from the past for frame base_link at time 5.184000 according to authority Authority undetectable
[route_server-12] Possible reasons are listed at http://wiki.ros.org/tf/Errors%20explained
[collision_monitor-17] [WARN] [1785623421.949096250] []: TF_OLD_DATA ignoring data from the past for frame base_link at time 5.184000 according to authority Authority undetectable
[collision_monitor-17] Possible reasons are listed at http://wiki.ros.org/tf/Errors%20explained
[behavior_server-13] [WARN] [1785623421.949105134] []: TF_OLD_DATA ignoring data from the past for frame base_link at time 5.184000 according to authority Authority undetectable
[behavior_server-13] Possible reasons are listed at http://wiki.ros.org/tf/Errors%20explained
[opennav_docking-18] [WARN] [1785623421.949155098] []: TF_OLD_DATA ignoring data from the past for frame base_link at time 5.184000 according to authority Authority undetectable
[opennav_docking-18] Possible reasons are listed at http://wiki.ros.org/tf/Errors%20explained
[smoother_server-10] [WARN] [1785623421.984732566] []: TF_OLD_DATA ignoring data from the past for frame base_link at time 5.220000 according to authority Authority undetectable
[smoother_server-10] Possible reasons are listed at http://wiki.ros.org/tf/Errors%20explained
[amcl-7] [WARN] [1785623421.984727307] []: TF_OLD_DATA ignoring data from the past for frame base_link at time 5.220000 according to authority Authority undetectable
[amcl-7] Possible reasons are listed at http://wiki.ros.org/tf/Errors%20explained
[planner_server-11] [WARN] [1785623421.984740924] []: TF_OLD_DATA ignoring data from the past for frame base_link at time 5.220000 according to authority Authority undetectable
[planner_server-11] Possible reasons are listed at http://wiki.ros.org/tf/Errors%20explained
[controller_server-9] [WARN] [1785623421.984763114] []: TF_OLD_DATA ignoring data from the past for frame base_link at time 5.220000 according to authority Authority undetectable
[controller_server-9] Possible reasons are listed at http://wiki.ros.org/tf/Errors%20explained
[route_server-12] [WARN] [1785623421.984779174] []: TF_OLD_DATA ignoring data from the past for frame base_link at time 5.220000 according to authority Authority undetectable
[route_server-12] Possible reasons are listed at http://wiki.ros.org/tf/Errors%20explained
[collision_monitor-17] [WARN] [1785623421.984765384] []: TF_OLD_DATA ignoring data from the past for frame base_link at time 5.220000 according to authority Authority undetectable
[collision_monitor-17] Possible reasons are listed at http://wiki.ros.org/tf/Errors%20explained
[behavior_server-13] [WARN] [1785623421.984783443] []: TF_OLD_DATA ignoring data from the past for frame base_link at time 5.220000 according to authority Authority undetectable
[behavior_server-13] Possible reasons are listed at http://wiki.ros.org/tf/Errors%20explained
[opennav_docking-18] [WARN] [1785623421.984797160] []: TF_OLD_DATA ignoring data from the past for frame base_link at time 5.220000 according to authority Authority undetectable
[opennav_docking-18] Possible reasons are listed at http://wiki.ros.org/tf/Errors%20explained
[bt_navigator-14] [WARN] [1785623421.984827720] []: TF_OLD_DATA ignoring data from the past for frame base_link at time 5.220000 according to authority Authority undetectable
[bt_navigator-14] Possible reasons are listed at http://wiki.ros.org/tf/Errors%20explained
[smoother_server-10] [WARN] [1785623422.021130259] []: TF_OLD_DATA ignoring data from the past for frame base_link at time 5.256000 according to authority Authority undetectable
[smoother_server-10] Possible reasons are listed at http://wiki.ros.org/tf/Errors%20explained
[controller_server-9] [WARN] [1785623422.021159169] []: TF_OLD_DATA ignoring data from the past for frame base_link at time 5.256000 according to authority Authority undetectable
[controller_server-9] Possible reasons are listed at http://wiki.ros.org/tf/Errors%20explained
[planner_server-11] [WARN] [1785623422.021159495] []: TF_OLD_DATA ignoring data from the past for frame base_link at time 5.256000 according to authority Authority undetectable
[planner_server-11] Possible reasons are listed at http://wiki.ros.org/tf/Errors%20explained
[behavior_server-13] [WARN] [1785623422.021197792] []: TF_OLD_DATA ignoring data from the past for frame base_link at time 5.256000 according to authority Authority undetectable
[behavior_server-13] Possible reasons are listed at http://wiki.ros.org/tf/Errors%20explained
[route_server-12] [WARN] [1785623422.021202393] []: TF_OLD_DATA ignoring data from the past for frame base_link at time 5.256000 according to authority Authority undetectable
[route_server-12] Possible reasons are listed at http://wiki.ros.org/tf/Errors%20explained
[collision_monitor-17] [WARN] [1785623422.021231939] []: TF_OLD_DATA ignoring data from the past for frame base_link at time 5.256000 according to authority Authority undetectable
[collision_monitor-17] Possible reasons are listed at http://wiki.ros.org/tf/Errors%20explained
[opennav_docking-18] [WARN] [1785623422.021276702] []: TF_OLD_DATA ignoring data from the past for frame base_link at time 5.256000 according to authority Authority undetectable
[opennav_docking-18] Possible reasons are listed at http://wiki.ros.org/tf/Errors%20explained
[amcl-7] [WARN] [1785623422.021302825] []: TF_OLD_DATA ignoring data from the past for frame base_link at time 5.256000 according to authority Authority undetectable
[amcl-7] Possible reasons are listed at http://wiki.ros.org/tf/Errors%20explained
[bt_navigator-14] [WARN] [1785623422.021432412] []: TF_OLD_DATA ignoring data from the past for frame base_link at time 5.256000 according to authority Authority undetectable
[bt_navigator-14] Possible reasons are listed at http://wiki.ros.org/tf/Errors%20explained
[amcl-7] [WARN] [1785623422.056996488] []: TF_OLD_DATA ignoring data from the past for frame base_link at time 5.292000 according to authority Authority undetectable
[amcl-7] Possible reasons are listed at http://wiki.ros.org/tf/Errors%20explained
[smoother_server-10] [WARN] [1785623422.057015589] []: TF_OLD_DATA ignoring data from the past for frame base_link at time 5.292000 according to authority Authority undetectable
[smoother_server-10] Possible reasons are listed at http://wiki.ros.org/tf/Errors%20explained
[collision_monitor-17] [WARN] [1785623422.057072968] []: TF_OLD_DATA ignoring data from the past for frame base_link at time 5.292000 according to authority Authority undetectable
[collision_monitor-17] Possible reasons are listed at http://wiki.ros.org/tf/Errors%20explained
[controller_server-9] [WARN] [1785623422.057135710] []: TF_OLD_DATA ignoring data from the past for frame base_link at time 5.292000 according to authority Authority undetectable
[controller_server-9] Possible reasons are listed at http://wiki.ros.org/tf/Errors%20explained
[route_server-12] [WARN] [1785623422.057163213] []: TF_OLD_DATA ignoring data from the past for frame base_link at time 5.292000 according to authority Authority undetectable
[route_server-12] Possible reasons are listed at http://wiki.ros.org/tf/Errors%20explained
[planner_server-11] [WARN] [1785623422.057181846] []: TF_OLD_DATA ignoring data from the past for frame base_link at time 5.292000 according to authority Authority undetectable
[planner_server-11] Possible reasons are listed at http://wiki.ros.org/tf/Errors%20explained
[behavior_server-13] [WARN] [1785623422.057261063] []: TF_OLD_DATA ignoring data from the past for frame base_link at time 5.292000 according to authority Authority undetectable
[behavior_server-13] Possible reasons are listed at http://wiki.ros.org/tf/Errors%20explained
[opennav_docking-18] [WARN] [1785623422.057265599] []: TF_OLD_DATA ignoring data from the past for frame base_link at time 5.292000 according to authority Authority undetectable
[opennav_docking-18] Possible reasons are listed at http://wiki.ros.org/tf/Errors%20explained
[bt_navigator-14] [WARN] [1785623422.057543275] []: TF_OLD_DATA ignoring data from the past for frame base_link at time 5.292000 according to authority Authority undetectable
[bt_navigator-14] Possible reasons are listed at http://wiki.ros.org/tf/Errors%20explained
[collision_monitor-17] [WARN] [1785623422.092937579] []: TF_OLD_DATA ignoring data from the past for frame base_link at time 5.328000 according to authority Authority undetectable
[collision_monitor-17] Possible reasons are listed at http://wiki.ros.org/tf/Errors%20explained
[route_server-12] [WARN] [1785623422.092956101] []: TF_OLD_DATA ignoring data from the past for frame base_link at time 5.328000 according to authority Authority undetectable
[route_server-12] Possible reasons are listed at http://wiki.ros.org/tf/Errors%20explained
[smoother_server-10] [WARN] [1785623422.092920755] []: TF_OLD_DATA ignoring data from the past for frame base_link at time 5.328000 according to authority Authority undetectable
[smoother_server-10] Possible reasons are listed at http://wiki.ros.org/tf/Errors%20explained
[amcl-7] [WARN] [1785623422.093026940] []: TF_OLD_DATA ignoring data from the past for frame base_link at time 5.328000 according to authority Authority undetectable
[amcl-7] Possible reasons are listed at http://wiki.ros.org/tf/Errors%20explained
[behavior_server-13] [WARN] [1785623422.093085820] []: TF_OLD_DATA ignoring data from the past for frame base_link at time 5.328000 according to authority Authority undetectable
[behavior_server-13] Possible reasons are listed at http://wiki.ros.org/tf/Errors%20explained
[planner_server-11] [WARN] [1785623422.093136041] []: TF_OLD_DATA ignoring data from the past for frame base_link at time 5.328000 according to authority Authority undetectable
[planner_server-11] Possible reasons are listed at http://wiki.ros.org/tf/Errors%20explained
[bt_navigator-14] [WARN] [1785623422.093203636] []: TF_OLD_DATA ignoring data from the past for frame base_link at time 5.328000 according to authority Authority undetectable
[bt_navigator-14] Possible reasons are listed at http://wiki.ros.org/tf/Errors%20explained
[controller_server-9] [WARN] [1785623422.092907813] []: TF_OLD_DATA ignoring data from the past for frame base_link at time 5.328000 according to authority Authority undetectable
[controller_server-9] Possible reasons are listed at http://wiki.ros.org/tf/Errors%20explained
[opennav_docking-18] [WARN] [1785623422.093402503] []: TF_OLD_DATA ignoring data from the past for frame base_link at time 5.328000 according to authority Authority undetectable
[opennav_docking-18] Possible reasons are listed at http://wiki.ros.org/tf/Errors%20explained
[amcl-7] [WARN] [1785623422.129164370] []: TF_OLD_DATA ignoring data from the past for frame base_link at time 5.364000 according to authority Authority undetectable
[amcl-7] Possible reasons are listed at http://wiki.ros.org/tf/Errors%20explained
[controller_server-9] [WARN] [1785623422.129172071] []: TF_OLD_DATA ignoring data from the past for frame base_link at time 5.364000 according to authority Authority undetectable
[controller_server-9] Possible reasons are listed at http://wiki.ros.org/tf/Errors%20explained
[smoother_server-10] [WARN] [1785623422.129233695] []: TF_OLD_DATA ignoring data from the past for frame base_link at time 5.364000 according to authority Authority undetectable
[smoother_server-10] Possible reasons are listed at http://wiki.ros.org/tf/Errors%20explained
[behavior_server-13] [WARN] [1785623422.129260377] []: TF_OLD_DATA ignoring data from the past for frame base_link at time 5.364000 according to authority Authority undetectable
[behavior_server-13] Possible reasons are listed at http://wiki.ros.org/tf/Errors%20explained
[planner_server-11] [WARN] [1785623422.129264452] []: TF_OLD_DATA ignoring data from the past for frame base_link at time 5.364000 according to authority Authority undetectable
[planner_server-11] Possible reasons are listed at http://wiki.ros.org/tf/Errors%20explained
[collision_monitor-17] [WARN] [1785623422.129271207] []: TF_OLD_DATA ignoring data from the past for frame base_link at time 5.364000 according to authority Authority undetectable
[collision_monitor-17] Possible reasons are listed at http://wiki.ros.org/tf/Errors%20explained
[opennav_docking-18] [WARN] [1785623422.129348016] []: TF_OLD_DATA ignoring data from the past for frame base_link at time 5.364000 according to authority Authority undetectable
[opennav_docking-18] Possible reasons are listed at http://wiki.ros.org/tf/Errors%20explained
[route_server-12] [WARN] [1785623422.129482363] []: TF_OLD_DATA ignoring data from the past for frame base_link at time 5.364000 according to authority Authority undetectable
[route_server-12] Possible reasons are listed at http://wiki.ros.org/tf/Errors%20explained
[bt_navigator-14] [WARN] [1785623422.129615654] []: TF_OLD_DATA ignoring data from the past for frame base_link at time 5.364000 according to authority Authority undetectable
[bt_navigator-14] Possible reasons are listed at http://wiki.ros.org/tf/Errors%20explained
[controller_server-9] [WARN] [1785623422.164803820] []: TF_OLD_DATA ignoring data from the past for frame base_link at time 5.400000 according to authority Authority undetectable
[controller_server-9] Possible reasons are listed at http://wiki.ros.org/tf/Errors%20explained
[smoother_server-10] [WARN] [1785623422.164826936] []: TF_OLD_DATA ignoring data from the past for frame base_link at time 5.400000 according to authority Authority undetectable
[smoother_server-10] Possible reasons are listed at http://wiki.ros.org/tf/Errors%20explained
[behavior_server-13] [WARN] [1785623422.164844596] []: TF_OLD_DATA ignoring data from the past for frame base_link at time 5.400000 according to authority Authority undetectable
[behavior_server-13] Possible reasons are listed at http://wiki.ros.org/tf/Errors%20explained
[collision_monitor-17] [WARN] [1785623422.164847685] []: TF_OLD_DATA ignoring data from the past for frame base_link at time 5.400000 according to authority Authority undetectable
[collision_monitor-17] Possible reasons are listed at http://wiki.ros.org/tf/Errors%20explained
[planner_server-11] [WARN] [1785623422.164855717] []: TF_OLD_DATA ignoring data from the past for frame base_link at time 5.400000 according to authority Authority undetectable
[planner_server-11] Possible reasons are listed at http://wiki.ros.org/tf/Errors%20explained
[opennav_docking-18] [WARN] [1785623422.164875703] []: TF_OLD_DATA ignoring data from the past for frame base_link at time 5.400000 according to authority Authority undetectable
[opennav_docking-18] Possible reasons are listed at http://wiki.ros.org/tf/Errors%20explained
[amcl-7] [WARN] [1785623422.164882001] []: TF_OLD_DATA ignoring data from the past for frame base_link at time 5.400000 according to authority Authority undetectable
[amcl-7] Possible reasons are listed at http://wiki.ros.org/tf/Errors%20explained
[bt_navigator-14] [WARN] [1785623422.164905426] []: TF_OLD_DATA ignoring data from the past for frame base_link at time 5.400000 according to authority Authority undetectable
[bt_navigator-14] Possible reasons are listed at http://wiki.ros.org/tf/Errors%20explained
[route_server-12] [WARN] [1785623422.164942888] []: TF_OLD_DATA ignoring data from the past for frame base_link at time 5.400000 according to authority Authority undetectable
[route_server-12] Possible reasons are listed at http://wiki.ros.org/tf/Errors%20explained
[planner_server-11] [WARN] [1785623422.200774483] []: TF_OLD_DATA ignoring data from the past for frame base_link at time 5.436000 according to authority Authority undetectable
[planner_server-11] Possible reasons are listed at http://wiki.ros.org/tf/Errors%20explained
[route_server-12] [WARN] [1785623422.200794940] []: TF_OLD_DATA ignoring data from the past for frame base_link at time 5.436000 according to authority Authority undetectable
[route_server-12] Possible reasons are listed at http://wiki.ros.org/tf/Errors%20explained
[controller_server-9] [WARN] [1785623422.200749859] []: TF_OLD_DATA ignoring data from the past for frame base_link at time 5.436000 according to authority Authority undetectable
[controller_server-9] Possible reasons are listed at http://wiki.ros.org/tf/Errors%20explained
[amcl-7] [WARN] [1785623422.200771274] []: TF_OLD_DATA ignoring data from the past for frame base_link at time 5.436000 according to authority Authority undetectable
[amcl-7] Possible reasons are listed at http://wiki.ros.org/tf/Errors%20explained
[behavior_server-13] [WARN] [1785623422.200826186] []: TF_OLD_DATA ignoring data from the past for frame base_link at time 5.436000 according to authority Authority undetectable
[behavior_server-13] Possible reasons are listed at http://wiki.ros.org/tf/Errors%20explained
[bt_navigator-14] [WARN] [1785623422.200829296] []: TF_OLD_DATA ignoring data from the past for frame base_link at time 5.436000 according to authority Authority undetectable
[bt_navigator-14] Possible reasons are listed at http://wiki.ros.org/tf/Errors%20explained
[collision_monitor-17] [WARN] [1785623422.200850802] []: TF_OLD_DATA ignoring data from the past for frame base_link at time 5.436000 according to authority Authority undetectable
[collision_monitor-17] Possible reasons are listed at http://wiki.ros.org/tf/Errors%20explained
[opennav_docking-18] [WARN] [1785623422.200861690] []: TF_OLD_DATA ignoring data from the past for frame base_link at time 5.436000 according to authority Authority undetectable
[opennav_docking-18] Possible reasons are listed at http://wiki.ros.org/tf/Errors%20explained
[smoother_server-10] [WARN] [1785623422.200871506] []: TF_OLD_DATA ignoring data from the past for frame base_link at time 5.436000 according to authority Authority undetectable
[smoother_server-10] Possible reasons are listed at http://wiki.ros.org/tf/Errors%20explained
[controller_server-9] [WARN] [1785623422.236603795] []: TF_OLD_DATA ignoring data from the past for frame base_link at time 5.472000 according to authority Authority undetectable
[controller_server-9] Possible reasons are listed at http://wiki.ros.org/tf/Errors%20explained
[bt_navigator-14] [WARN] [1785623422.236651039] []: TF_OLD_DATA ignoring data from the past for frame base_link at time 5.472000 according to authority Authority undetectable
[bt_navigator-14] Possible reasons are listed at http://wiki.ros.org/tf/Errors%20explained
[route_server-12] [WARN] [1785623422.236667619] []: TF_OLD_DATA ignoring data from the past for frame base_link at time 5.472000 according to authority Authority undetectable
[route_server-12] Possible reasons are listed at http://wiki.ros.org/tf/Errors%20explained
[behavior_server-13] [WARN] [1785623422.236683420] []: TF_OLD_DATA ignoring data from the past for frame base_link at time 5.472000 according to authority Authority undetectable
[behavior_server-13] Possible reasons are listed at http://wiki.ros.org/tf/Errors%20explained
[collision_monitor-17] [WARN] [1785623422.236688823] []: TF_OLD_DATA ignoring data from the past for frame base_link at time 5.472000 according to authority Authority undetectable
[collision_monitor-17] Possible reasons are listed at http://wiki.ros.org/tf/Errors%20explained
[smoother_server-10] [WARN] [1785623422.236705132] []: TF_OLD_DATA ignoring data from the past for frame base_link at time 5.472000 according to authority Authority undetectable
[smoother_server-10] Possible reasons are listed at http://wiki.ros.org/tf/Errors%20explained
[amcl-7] [WARN] [1785623422.236729719] []: TF_OLD_DATA ignoring data from the past for frame base_link at time 5.472000 according to authority Authority undetectable
[amcl-7] Possible reasons are listed at http://wiki.ros.org/tf/Errors%20explained
[opennav_docking-18] [WARN] [1785623422.236760555] []: TF_OLD_DATA ignoring data from the past for frame base_link at time 5.472000 according to authority Authority undetectable
[opennav_docking-18] Possible reasons are listed at http://wiki.ros.org/tf/Errors%20explained
[planner_server-11] [WARN] [1785623422.236784866] []: TF_OLD_DATA ignoring data from the past for frame base_link at time 5.472000 according to authority Authority undetectable
[planner_server-11] Possible reasons are listed at http://wiki.ros.org/tf/Errors%20explained
[route_server-12] [WARN] [1785623422.272887039] []: TF_OLD_DATA ignoring data from the past for frame base_link at time 5.508000 according to authority Authority undetectable
[route_server-12] Possible reasons are listed at http://wiki.ros.org/tf/Errors%20explained
[smoother_server-10] [WARN] [1785623422.272891686] []: TF_OLD_DATA ignoring data from the past for frame base_link at time 5.508000 according to authority Authority undetectable
[smoother_server-10] Possible reasons are listed at http://wiki.ros.org/tf/Errors%20explained
[collision_monitor-17] [WARN] [1785623422.272895208] []: TF_OLD_DATA ignoring data from the past for frame base_link at time 5.508000 according to authority Authority undetectable
[collision_monitor-17] Possible reasons are listed at http://wiki.ros.org/tf/Errors%20explained
[behavior_server-13] [WARN] [1785623422.272897491] []: TF_OLD_DATA ignoring data from the past for frame base_link at time 5.508000 according to authority Authority undetectable
[behavior_server-13] Possible reasons are listed at http://wiki.ros.org/tf/Errors%20explained
[amcl-7] [WARN] [1785623422.272903122] []: TF_OLD_DATA ignoring data from the past for frame base_link at time 5.508000 according to authority Authority undetectable
[amcl-7] Possible reasons are listed at http://wiki.ros.org/tf/Errors%20explained
[bt_navigator-14] [WARN] [1785623422.272920828] []: TF_OLD_DATA ignoring data from the past for frame base_link at time 5.508000 according to authority Authority undetectable
[bt_navigator-14] Possible reasons are listed at http://wiki.ros.org/tf/Errors%20explained
[planner_server-11] [WARN] [1785623422.272946419] []: TF_OLD_DATA ignoring data from the past for frame base_link at time 5.508000 according to authority Authority undetectable
[planner_server-11] Possible reasons are listed at http://wiki.ros.org/tf/Errors%20explained
[controller_server-9] [WARN] [1785623422.272949818] []: TF_OLD_DATA ignoring data from the past for frame base_link at time 5.508000 according to authority Authority undetectable
[controller_server-9] Possible reasons are listed at http://wiki.ros.org/tf/Errors%20explained
[opennav_docking-18] [WARN] [1785623422.272960489] []: TF_OLD_DATA ignoring data from the past for frame base_link at time 5.508000 according to authority Authority undetectable
[opennav_docking-18] Possible reasons are listed at http://wiki.ros.org/tf/Errors%20explained
[controller_server-9] [WARN] [1785623422.308790400] []: TF_OLD_DATA ignoring data from the past for frame base_link at time 5.544000 according to authority Authority undetectable
[controller_server-9] Possible reasons are listed at http://wiki.ros.org/tf/Errors%20explained
[planner_server-11] [WARN] [1785623422.308832470] []: TF_OLD_DATA ignoring data from the past for frame base_link at time 5.544000 according to authority Authority undetectable
[planner_server-11] Possible reasons are listed at http://wiki.ros.org/tf/Errors%20explained
[smoother_server-10] [WARN] [1785623422.308854655] []: TF_OLD_DATA ignoring data from the past for frame base_link at time 5.544000 according to authority Authority undetectable
[smoother_server-10] Possible reasons are listed at http://wiki.ros.org/tf/Errors%20explained
[amcl-7] [WARN] [1785623422.308855464] []: TF_OLD_DATA ignoring data from the past for frame base_link at time 5.544000 according to authority Authority undetectable
[amcl-7] Possible reasons are listed at http://wiki.ros.org/tf/Errors%20explained
[behavior_server-13] [WARN] [1785623422.308857861] []: TF_OLD_DATA ignoring data from the past for frame base_link at time 5.544000 according to authority Authority undetectable
[behavior_server-13] Possible reasons are listed at http://wiki.ros.org/tf/Errors%20explained
[bt_navigator-14] [WARN] [1785623422.308932509] []: TF_OLD_DATA ignoring data from the past for frame base_link at time 5.544000 according to authority Authority undetectable
[bt_navigator-14] Possible reasons are listed at http://wiki.ros.org/tf/Errors%20explained
[route_server-12] [WARN] [1785623422.308935885] []: TF_OLD_DATA ignoring data from the past for frame base_link at time 5.544000 according to authority Authority undetectable
[route_server-12] Possible reasons are listed at http://wiki.ros.org/tf/Errors%20explained
[collision_monitor-17] [WARN] [1785623422.308939601] []: TF_OLD_DATA ignoring data from the past for frame base_link at time 5.544000 according to authority Authority undetectable
[collision_monitor-17] Possible reasons are listed at http://wiki.ros.org/tf/Errors%20explained
[opennav_docking-18] [WARN] [1785623422.308951629] []: TF_OLD_DATA ignoring data from the past for frame base_link at time 5.544000 according to authority Authority undetectable
[opennav_docking-18] Possible reasons are listed at http://wiki.ros.org/tf/Errors%20explained
[controller_server-9] [WARN] [1785623422.344964554] []: TF_OLD_DATA ignoring data from the past for frame base_link at time 5.580000 according to authority Authority undetectable
[controller_server-9] Possible reasons are listed at http://wiki.ros.org/tf/Errors%20explained
[planner_server-11] [WARN] [1785623422.344992739] []: TF_OLD_DATA ignoring data from the past for frame base_link at time 5.580000 according to authority Authority undetectable
[planner_server-11] Possible reasons are listed at http://wiki.ros.org/tf/Errors%20explained
[smoother_server-10] [WARN] [1785623422.344993853] []: TF_OLD_DATA ignoring data from the past for frame base_link at time 5.580000 according to authority Authority undetectable
[smoother_server-10] Possible reasons are listed at http://wiki.ros.org/tf/Errors%20explained
[amcl-7] [WARN] [1785623422.344998817] []: TF_OLD_DATA ignoring data from the past for frame base_link at time 5.580000 according to authority Authority undetectable
[amcl-7] Possible reasons are listed at http://wiki.ros.org/tf/Errors%20explained
[behavior_server-13] [WARN] [1785623422.345032472] []: TF_OLD_DATA ignoring data from the past for frame base_link at time 5.580000 according to authority Authority undetectable
[behavior_server-13] Possible reasons are listed at http://wiki.ros.org/tf/Errors%20explained
[bt_navigator-14] [WARN] [1785623422.345126540] []: TF_OLD_DATA ignoring data from the past for frame base_link at time 5.580000 according to authority Authority undetectable
[bt_navigator-14] Possible reasons are listed at http://wiki.ros.org/tf/Errors%20explained
[opennav_docking-18] [WARN] [1785623422.345141522] []: TF_OLD_DATA ignoring data from the past for frame base_link at time 5.580000 according to authority Authority undetectable
[opennav_docking-18] Possible reasons are listed at http://wiki.ros.org/tf/Errors%20explained
[collision_monitor-17] [WARN] [1785623422.346334592] []: TF_OLD_DATA ignoring data from the past for frame base_link at time 5.580000 according to authority Authority undetectable
[collision_monitor-17] Possible reasons are listed at http://wiki.ros.org/tf/Errors%20explained
[route_server-12] [WARN] [1785623422.346346089] []: TF_OLD_DATA ignoring data from the past for frame base_link at time 5.580000 according to authority Authority undetectable
[route_server-12] Possible reasons are listed at http://wiki.ros.org/tf/Errors%20explained
[controller_server-9] [WARN] [1785623422.380864031] []: TF_OLD_DATA ignoring data from the past for frame base_link at time 5.616000 according to authority Authority undetectable
[controller_server-9] Possible reasons are listed at http://wiki.ros.org/tf/Errors%20explained
[amcl-7] [WARN] [1785623422.380906494] []: TF_OLD_DATA ignoring data from the past for frame base_link at time 5.616000 according to authority Authority undetectable
[amcl-7] Possible reasons are listed at http://wiki.ros.org/tf/Errors%20explained
[planner_server-11] [WARN] [1785623422.380913439] []: TF_OLD_DATA ignoring data from the past for frame base_link at time 5.616000 according to authority Authority undetectable
[planner_server-11] Possible reasons are listed at http://wiki.ros.org/tf/Errors%20explained
[route_server-12] [WARN] [1785623422.380914917] []: TF_OLD_DATA ignoring data from the past for frame base_link at time 5.616000 according to authority Authority undetectable
[route_server-12] Possible reasons are listed at http://wiki.ros.org/tf/Errors%20explained
[collision_monitor-17] [WARN] [1785623422.380936710] []: TF_OLD_DATA ignoring data from the past for frame base_link at time 5.616000 according to authority Authority undetectable
[collision_monitor-17] Possible reasons are listed at http://wiki.ros.org/tf/Errors%20explained
[behavior_server-13] [WARN] [1785623422.380942901] []: TF_OLD_DATA ignoring data from the past for frame base_link at time 5.616000 according to authority Authority undetectable
[behavior_server-13] Possible reasons are listed at http://wiki.ros.org/tf/Errors%20explained
[opennav_docking-18] [WARN] [1785623422.380970409] []: TF_OLD_DATA ignoring data from the past for frame base_link at time 5.616000 according to authority Authority undetectable
[opennav_docking-18] Possible reasons are listed at http://wiki.ros.org/tf/Errors%20explained
[smoother_server-10] [WARN] [1785623422.380978922] []: TF_OLD_DATA ignoring data from the past for frame base_link at time 5.616000 according to authority Authority undetectable
[smoother_server-10] Possible reasons are listed at http://wiki.ros.org/tf/Errors%20explained
[bt_navigator-14] [WARN] [1785623422.380978722] []: TF_OLD_DATA ignoring data from the past for frame base_link at time 5.616000 according to authority Authority undetectable
[bt_navigator-14] Possible reasons are listed at http://wiki.ros.org/tf/Errors%20explained
[amcl-7] [WARN] [1785623422.416630564] []: TF_OLD_DATA ignoring data from the past for frame base_link at time 5.652000 according to authority Authority undetectable
[amcl-7] Possible reasons are listed at http://wiki.ros.org/tf/Errors%20explained
[controller_server-9] [WARN] [1785623422.416635987] []: TF_OLD_DATA ignoring data from the past for frame base_link at time 5.652000 according to authority Authority undetectable
[controller_server-9] Possible reasons are listed at http://wiki.ros.org/tf/Errors%20explained
[planner_server-11] [WARN] [1785623422.416641630] []: TF_OLD_DATA ignoring data from the past for frame base_link at time 5.652000 according to authority Authority undetectable
[planner_server-11] Possible reasons are listed at http://wiki.ros.org/tf/Errors%20explained
[smoother_server-10] [WARN] [1785623422.416661255] []: TF_OLD_DATA ignoring data from the past for frame base_link at time 5.652000 according to authority Authority undetectable
[smoother_server-10] Possible reasons are listed at http://wiki.ros.org/tf/Errors%20explained
[bt_navigator-14] [WARN] [1785623422.416729093] []: TF_OLD_DATA ignoring data from the past for frame base_link at time 5.652000 according to authority Authority undetectable
[bt_navigator-14] Possible reasons are listed at http://wiki.ros.org/tf/Errors%20explained
[behavior_server-13] [WARN] [1785623422.416735637] []: TF_OLD_DATA ignoring data from the past for frame base_link at time 5.652000 according to authority Authority undetectable
[behavior_server-13] Possible reasons are listed at http://wiki.ros.org/tf/Errors%20explained
[route_server-12] [WARN] [1785623422.416742764] []: TF_OLD_DATA ignoring data from the past for frame base_link at time 5.652000 according to authority Authority undetectable
[route_server-12] Possible reasons are listed at http://wiki.ros.org/tf/Errors%20explained
[collision_monitor-17] [WARN] [1785623422.416822487] []: TF_OLD_DATA ignoring data from the past for frame base_link at time 5.652000 according to authority Authority undetectable
[collision_monitor-17] Possible reasons are listed at http://wiki.ros.org/tf/Errors%20explained
[opennav_docking-18] [WARN] [1785623422.416829094] []: TF_OLD_DATA ignoring data from the past for frame base_link at time 5.652000 according to authority Authority undetectable
[opennav_docking-18] Possible reasons are listed at http://wiki.ros.org/tf/Errors%20explained
[amcl-7] [WARN] [1785623422.452990887] []: TF_OLD_DATA ignoring data from the past for frame base_link at time 5.688000 according to authority Authority undetectable
[amcl-7] Possible reasons are listed at http://wiki.ros.org/tf/Errors%20explained
[controller_server-9] [WARN] [1785623422.452986977] []: TF_OLD_DATA ignoring data from the past for frame base_link at time 5.688000 according to authority Authority undetectable
[controller_server-9] Possible reasons are listed at http://wiki.ros.org/tf/Errors%20explained
[route_server-12] [WARN] [1785623422.453068030] []: TF_OLD_DATA ignoring data from the past for frame base_link at time 5.688000 according to authority Authority undetectable
[route_server-12] Possible reasons are listed at http://wiki.ros.org/tf/Errors%20explained
[smoother_server-10] [WARN] [1785623422.453078126] []: TF_OLD_DATA ignoring data from the past for frame base_link at time 5.688000 according to authority Authority undetectable
[smoother_server-10] Possible reasons are listed at http://wiki.ros.org/tf/Errors%20explained
[behavior_server-13] [WARN] [1785623422.453088800] []: TF_OLD_DATA ignoring data from the past for frame base_link at time 5.688000 according to authority Authority undetectable
[behavior_server-13] Possible reasons are listed at http://wiki.ros.org/tf/Errors%20explained
[opennav_docking-18] [WARN] [1785623422.453139112] []: TF_OLD_DATA ignoring data from the past for frame base_link at time 5.688000 according to authority Authority undetectable
[opennav_docking-18] Possible reasons are listed at http://wiki.ros.org/tf/Errors%20explained
[collision_monitor-17] [WARN] [1785623422.453158596] []: TF_OLD_DATA ignoring data from the past for frame base_link at time 5.688000 according to authority Authority undetectable
[collision_monitor-17] Possible reasons are listed at http://wiki.ros.org/tf/Errors%20explained
[bt_navigator-14] [WARN] [1785623422.453165449] []: TF_OLD_DATA ignoring data from the past for frame base_link at time 5.688000 according to authority Authority undetectable
[bt_navigator-14] Possible reasons are listed at http://wiki.ros.org/tf/Errors%20explained
[planner_server-11] [WARN] [1785623422.453249921] []: TF_OLD_DATA ignoring data from the past for frame base_link at time 5.688000 according to authority Authority undetectable
[planner_server-11] Possible reasons are listed at http://wiki.ros.org/tf/Errors%20explained
[controller_server-9] [WARN] [1785623422.489056512] []: TF_OLD_DATA ignoring data from the past for frame base_link at time 5.724000 according to authority Authority undetectable
[controller_server-9] Possible reasons are listed at http://wiki.ros.org/tf/Errors%20explained
[amcl-7] [WARN] [1785623422.489076193] []: TF_OLD_DATA ignoring data from the past for frame base_link at time 5.724000 according to authority Authority undetectable
[amcl-7] Possible reasons are listed at http://wiki.ros.org/tf/Errors%20explained
[planner_server-11] [WARN] [1785623422.489111567] []: TF_OLD_DATA ignoring data from the past for frame base_link at time 5.724000 according to authority Authority undetectable
[planner_server-11] Possible reasons are listed at http://wiki.ros.org/tf/Errors%20explained
[smoother_server-10] [WARN] [1785623422.489144400] []: TF_OLD_DATA ignoring data from the past for frame base_link at time 5.724000 according to authority Authority undetectable
[smoother_server-10] Possible reasons are listed at http://wiki.ros.org/tf/Errors%20explained
[route_server-12] [WARN] [1785623422.489142925] []: TF_OLD_DATA ignoring data from the past for frame base_link at time 5.724000 according to authority Authority undetectable
[route_server-12] Possible reasons are listed at http://wiki.ros.org/tf/Errors%20explained
[opennav_docking-18] [WARN] [1785623422.489162442] []: TF_OLD_DATA ignoring data from the past for frame base_link at time 5.724000 according to authority Authority undetectable
[opennav_docking-18] Possible reasons are listed at http://wiki.ros.org/tf/Errors%20explained
[behavior_server-13] [WARN] [1785623422.489164313] []: TF_OLD_DATA ignoring data from the past for frame base_link at time 5.724000 according to authority Authority undetectable
[behavior_server-13] Possible reasons are listed at http://wiki.ros.org/tf/Errors%20explained
[collision_monitor-17] [WARN] [1785623422.489218806] []: TF_OLD_DATA ignoring data from the past for frame base_link at time 5.724000 according to authority Authority undetectable
[collision_monitor-17] Possible reasons are listed at http://wiki.ros.org/tf/Errors%20explained
[bt_navigator-14] [WARN] [1785623422.489274185] []: TF_OLD_DATA ignoring data from the past for frame base_link at time 5.724000 according to authority Authority undetectable
[bt_navigator-14] Possible reasons are listed at http://wiki.ros.org/tf/Errors%20explained
[controller_server-9] [WARN] [1785623422.524754710] []: TF_OLD_DATA ignoring data from the past for frame base_link at time 5.760000 according to authority Authority undetectable
[controller_server-9] Possible reasons are listed at http://wiki.ros.org/tf/Errors%20explained
[amcl-7] [WARN] [1785623422.524754660] []: TF_OLD_DATA ignoring data from the past for frame base_link at time 5.760000 according to authority Authority undetectable
[amcl-7] Possible reasons are listed at http://wiki.ros.org/tf/Errors%20explained
[smoother_server-10] [WARN] [1785623422.524778096] []: TF_OLD_DATA ignoring data from the past for frame base_link at time 5.760000 according to authority Authority undetectable
[smoother_server-10] Possible reasons are listed at http://wiki.ros.org/tf/Errors%20explained
[bt_navigator-14] [WARN] [1785623422.524789046] []: TF_OLD_DATA ignoring data from the past for frame base_link at time 5.760000 according to authority Authority undetectable
[bt_navigator-14] Possible reasons are listed at http://wiki.ros.org/tf/Errors%20explained
[planner_server-11] [WARN] [1785623422.524789061] []: TF_OLD_DATA ignoring data from the past for frame base_link at time 5.760000 according to authority Authority undetectable
[planner_server-11] Possible reasons are listed at http://wiki.ros.org/tf/Errors%20explained
[route_server-12] [WARN] [1785623422.524860288] []: TF_OLD_DATA ignoring data from the past for frame base_link at time 5.760000 according to authority Authority undetectable
[route_server-12] Possible reasons are listed at http://wiki.ros.org/tf/Errors%20explained
[behavior_server-13] [WARN] [1785623422.524867905] []: TF_OLD_DATA ignoring data from the past for frame base_link at time 5.760000 according to authority Authority undetectable
[behavior_server-13] Possible reasons are listed at http://wiki.ros.org/tf/Errors%20explained
[collision_monitor-17] [WARN] [1785623422.524919046] []: TF_OLD_DATA ignoring data from the past for frame base_link at time 5.760000 according to authority Authority undetectable
[collision_monitor-17] Possible reasons are listed at http://wiki.ros.org/tf/Errors%20explained
[opennav_docking-18] [WARN] [1785623422.524967935] []: TF_OLD_DATA ignoring data from the past for frame base_link at time 5.760000 according to authority Authority undetectable
[opennav_docking-18] Possible reasons are listed at http://wiki.ros.org/tf/Errors%20explained
[behavior_server-13] [WARN] [1785623422.560856309] []: TF_OLD_DATA ignoring data from the past for frame base_link at time 5.796000 according to authority Authority undetectable
[behavior_server-13] Possible reasons are listed at http://wiki.ros.org/tf/Errors%20explained
[smoother_server-10] [WARN] [1785623422.560856222] []: TF_OLD_DATA ignoring data from the past for frame base_link at time 5.796000 according to authority Authority undetectable
[smoother_server-10] Possible reasons are listed at http://wiki.ros.org/tf/Errors%20explained
[collision_monitor-17] [WARN] [1785623422.560930915] []: TF_OLD_DATA ignoring data from the past for frame base_link at time 5.796000 according to authority Authority undetectable
[collision_monitor-17] Possible reasons are listed at http://wiki.ros.org/tf/Errors%20explained
[bt_navigator-14] [WARN] [1785623422.560954683] []: TF_OLD_DATA ignoring data from the past for frame base_link at time 5.796000 according to authority Authority undetectable
[bt_navigator-14] Possible reasons are listed at http://wiki.ros.org/tf/Errors%20explained
[route_server-12] [WARN] [1785623422.560968553] []: TF_OLD_DATA ignoring data from the past for frame base_link at time 5.796000 according to authority Authority undetectable
[route_server-12] Possible reasons are listed at http://wiki.ros.org/tf/Errors%20explained
[planner_server-11] [WARN] [1785623422.560975915] []: TF_OLD_DATA ignoring data from the past for frame base_link at time 5.796000 according to authority Authority undetectable
[planner_server-11] Possible reasons are listed at http://wiki.ros.org/tf/Errors%20explained
[controller_server-9] [WARN] [1785623422.561032615] []: TF_OLD_DATA ignoring data from the past for frame base_link at time 5.796000 according to authority Authority undetectable
[controller_server-9] Possible reasons are listed at http://wiki.ros.org/tf/Errors%20explained
[amcl-7] [WARN] [1785623422.561098239] []: TF_OLD_DATA ignoring data from the past for frame base_link at time 5.796000 according to authority Authority undetectable
[amcl-7] Possible reasons are listed at http://wiki.ros.org/tf/Errors%20explained
[opennav_docking-18] [WARN] [1785623422.561459309] []: TF_OLD_DATA ignoring data from the past for frame base_link at time 5.796000 according to authority Authority undetectable
[opennav_docking-18] Possible reasons are listed at http://wiki.ros.org/tf/Errors%20explained
[amcl-7] [INFO] [1785623422.575356374] [amcl]: Message Filter dropping message: frame 'laser' at time 5.793 for reason 'the timestamp on the message is earlier than all the data in the transform cache'
[controller_server-9] [WARN] [1785623422.596637909] []: TF_OLD_DATA ignoring data from the past for frame base_link at time 5.832000 according to authority Authority undetectable
[controller_server-9] Possible reasons are listed at http://wiki.ros.org/tf/Errors%20explained
[amcl-7] [WARN] [1785623422.596658801] []: TF_OLD_DATA ignoring data from the past for frame base_link at time 5.832000 according to authority Authority undetectable
[amcl-7] Possible reasons are listed at http://wiki.ros.org/tf/Errors%20explained
[planner_server-11] [WARN] [1785623422.596664943] []: TF_OLD_DATA ignoring data from the past for frame base_link at time 5.832000 according to authority Authority undetectable
[planner_server-11] Possible reasons are listed at http://wiki.ros.org/tf/Errors%20explained
[smoother_server-10] [WARN] [1785623422.596691904] []: TF_OLD_DATA ignoring data from the past for frame base_link at time 5.832000 according to authority Authority undetectable
[smoother_server-10] Possible reasons are listed at http://wiki.ros.org/tf/Errors%20explained
[bt_navigator-14] [WARN] [1785623422.596705627] []: TF_OLD_DATA ignoring data from the past for frame base_link at time 5.832000 according to authority Authority undetectable
[bt_navigator-14] Possible reasons are listed at http://wiki.ros.org/tf/Errors%20explained
[behavior_server-13] [WARN] [1785623422.596724780] []: TF_OLD_DATA ignoring data from the past for frame base_link at time 5.832000 according to authority Authority undetectable
[behavior_server-13] Possible reasons are listed at http://wiki.ros.org/tf/Errors%20explained
[collision_monitor-17] [WARN] [1785623422.596735138] []: TF_OLD_DATA ignoring data from the past for frame base_link at time 5.832000 according to authority Authority undetectable
[collision_monitor-17] Possible reasons are listed at http://wiki.ros.org/tf/Errors%20explained
[route_server-12] [WARN] [1785623422.596742133] []: TF_OLD_DATA ignoring data from the past for frame base_link at time 5.832000 according to authority Authority undetectable
[route_server-12] Possible reasons are listed at http://wiki.ros.org/tf/Errors%20explained
[opennav_docking-18] [WARN] [1785623422.596774094] []: TF_OLD_DATA ignoring data from the past for frame base_link at time 5.832000 according to authority Authority undetectable
[opennav_docking-18] Possible reasons are listed at http://wiki.ros.org/tf/Errors%20explained
[smoother_server-10] [INFO] [1785623422.603857182] [smoother_server]: Received a path to smooth.
[smoother_server-10] [WARN] [1785623422.632779560] []: TF_OLD_DATA ignoring data from the past for frame base_link at time 5.868000 according to authority Authority undetectable
[smoother_server-10] Possible reasons are listed at http://wiki.ros.org/tf/Errors%20explained
[controller_server-9] [WARN] [1785623422.632775770] []: TF_OLD_DATA ignoring data from the past for frame base_link at time 5.868000 according to authority Authority undetectable
[controller_server-9] Possible reasons are listed at http://wiki.ros.org/tf/Errors%20explained
[planner_server-11] [WARN] [1785623422.632807818] []: TF_OLD_DATA ignoring data from the past for frame base_link at time 5.868000 according to authority Authority undetectable
[planner_server-11] Possible reasons are listed at http://wiki.ros.org/tf/Errors%20explained
[amcl-7] [WARN] [1785623422.632815821] []: TF_OLD_DATA ignoring data from the past for frame base_link at time 5.868000 according to authority Authority undetectable
[amcl-7] Possible reasons are listed at http://wiki.ros.org/tf/Errors%20explained
[route_server-12] [WARN] [1785623422.632905096] []: TF_OLD_DATA ignoring data from the past for frame base_link at time 5.868000 according to authority Authority undetectable
[route_server-12] Possible reasons are listed at http://wiki.ros.org/tf/Errors%20explained
[bt_navigator-14] [WARN] [1785623422.632923066] []: TF_OLD_DATA ignoring data from the past for frame base_link at time 5.868000 according to authority Authority undetectable
[bt_navigator-14] Possible reasons are listed at http://wiki.ros.org/tf/Errors%20explained
[behavior_server-13] [WARN] [1785623422.632944533] []: TF_OLD_DATA ignoring data from the past for frame base_link at time 5.868000 according to authority Authority undetectable
[behavior_server-13] Possible reasons are listed at http://wiki.ros.org/tf/Errors%20explained
[opennav_docking-18] [WARN] [1785623422.632954242] []: TF_OLD_DATA ignoring data from the past for frame base_link at time 5.868000 according to authority Authority undetectable
[opennav_docking-18] Possible reasons are listed at http://wiki.ros.org/tf/Errors%20explained
[collision_monitor-17] [WARN] [1785623422.633073670] []: TF_OLD_DATA ignoring data from the past for frame base_link at time 5.868000 according to authority Authority undetectable
[collision_monitor-17] Possible reasons are listed at http://wiki.ros.org/tf/Errors%20explained
[smoother_server-10] [INFO] [1785623422.667177975] [smoother_server]: PSTMO: 7 corners, 6 G2, 0 pivots, 1 pass-through, 240 evaluations, 0.063177 s
[controller_server-9] [WARN] [1785623422.668960766] []: TF_OLD_DATA ignoring data from the past for frame base_link at time 5.904000 according to authority Authority undetectable
[controller_server-9] Possible reasons are listed at http://wiki.ros.org/tf/Errors%20explained
[smoother_server-10] [WARN] [1785623422.668972466] []: TF_OLD_DATA ignoring data from the past for frame base_link at time 5.904000 according to authority Authority undetectable
[smoother_server-10] Possible reasons are listed at http://wiki.ros.org/tf/Errors%20explained
[amcl-7] [WARN] [1785623422.668973538] []: TF_OLD_DATA ignoring data from the past for frame base_link at time 5.904000 according to authority Authority undetectable
[amcl-7] Possible reasons are listed at http://wiki.ros.org/tf/Errors%20explained
[planner_server-11] [WARN] [1785623422.669027832] []: TF_OLD_DATA ignoring data from the past for frame base_link at time 5.904000 according to authority Authority undetectable
[planner_server-11] Possible reasons are listed at http://wiki.ros.org/tf/Errors%20explained
[behavior_server-13] [WARN] [1785623422.669071648] []: TF_OLD_DATA ignoring data from the past for frame base_link at time 5.904000 according to authority Authority undetectable
[behavior_server-13] Possible reasons are listed at http://wiki.ros.org/tf/Errors%20explained
[collision_monitor-17] [WARN] [1785623422.669076490] []: TF_OLD_DATA ignoring data from the past for frame base_link at time 5.904000 according to authority Authority undetectable
[collision_monitor-17] Possible reasons are listed at http://wiki.ros.org/tf/Errors%20explained
[bt_navigator-14] [WARN] [1785623422.669092084] []: TF_OLD_DATA ignoring data from the past for frame base_link at time 5.904000 according to authority Authority undetectable
[bt_navigator-14] Possible reasons are listed at http://wiki.ros.org/tf/Errors%20explained
[opennav_docking-18] [WARN] [1785623422.669165935] []: TF_OLD_DATA ignoring data from the past for frame base_link at time 5.904000 according to authority Authority undetectable
[opennav_docking-18] Possible reasons are listed at http://wiki.ros.org/tf/Errors%20explained
[route_server-12] [WARN] [1785623422.669294677] []: TF_OLD_DATA ignoring data from the past for frame base_link at time 5.904000 according to authority Authority undetectable
[route_server-12] Possible reasons are listed at http://wiki.ros.org/tf/Errors%20explained
[controller_server-9] [WARN] [1785623422.704860622] []: TF_OLD_DATA ignoring data from the past for frame base_link at time 5.940000 according to authority Authority undetectable
[controller_server-9] Possible reasons are listed at http://wiki.ros.org/tf/Errors%20explained
[amcl-7] [WARN] [1785623422.704880369] []: TF_OLD_DATA ignoring data from the past for frame base_link at time 5.940000 according to authority Authority undetectable
[amcl-7] Possible reasons are listed at http://wiki.ros.org/tf/Errors%20explained
[planner_server-11] [WARN] [1785623422.704908846] []: TF_OLD_DATA ignoring data from the past for frame base_link at time 5.940000 according to authority Authority undetectable
[planner_server-11] Possible reasons are listed at http://wiki.ros.org/tf/Errors%20explained
[smoother_server-10] [WARN] [1785623422.704908665] []: TF_OLD_DATA ignoring data from the past for frame base_link at time 5.940000 according to authority Authority undetectable
[smoother_server-10] Possible reasons are listed at http://wiki.ros.org/tf/Errors%20explained
[behavior_server-13] [WARN] [1785623422.704936102] []: TF_OLD_DATA ignoring data from the past for frame base_link at time 5.940000 according to authority Authority undetectable
[behavior_server-13] Possible reasons are listed at http://wiki.ros.org/tf/Errors%20explained
[opennav_docking-18] [WARN] [1785623422.704959258] []: TF_OLD_DATA ignoring data from the past for frame base_link at time 5.940000 according to authority Authority undetectable
[opennav_docking-18] Possible reasons are listed at http://wiki.ros.org/tf/Errors%20explained
[collision_monitor-17] [WARN] [1785623422.704978018] []: TF_OLD_DATA ignoring data from the past for frame base_link at time 5.940000 according to authority Authority undetectable
[collision_monitor-17] Possible reasons are listed at http://wiki.ros.org/tf/Errors%20explained
[route_server-12] [WARN] [1785623422.705007042] []: TF_OLD_DATA ignoring data from the past for frame base_link at time 5.940000 according to authority Authority undetectable
[route_server-12] Possible reasons are listed at http://wiki.ros.org/tf/Errors%20explained
[bt_navigator-14] [WARN] [1785623422.705193450] []: TF_OLD_DATA ignoring data from the past for frame base_link at time 5.940000 according to authority Authority undetectable
[bt_navigator-14] Possible reasons are listed at http://wiki.ros.org/tf/Errors%20explained
[smoother_server-10] [INFO] [1785623422.707731929] [smoother_server]: PSTMO: 4 corners, 4 G2, 0 pivots, 0 pass-through, 160 evaluations, 0.040386 s
[smoother_server-10] [INFO] [1785623422.708444242] [smoother_server]: PSTMO LOS selector chose LOS (no-LOS=0.668626, LOS=0.607178, reason=los_quality_improvement)
[controller_server-9] [WARN] [1785623422.740812910] []: TF_OLD_DATA ignoring data from the past for frame base_link at time 5.976000 according to authority Authority undetectable
[controller_server-9] Possible reasons are listed at http://wiki.ros.org/tf/Errors%20explained
[amcl-7] [WARN] [1785623422.740855540] []: TF_OLD_DATA ignoring data from the past for frame base_link at time 5.976000 according to authority Authority undetectable
[amcl-7] Possible reasons are listed at http://wiki.ros.org/tf/Errors%20explained
[collision_monitor-17] [WARN] [1785623422.740859306] []: TF_OLD_DATA ignoring data from the past for frame base_link at time 5.976000 according to authority Authority undetectable
[collision_monitor-17] Possible reasons are listed at http://wiki.ros.org/tf/Errors%20explained
[smoother_server-10] [WARN] [1785623422.740863947] []: TF_OLD_DATA ignoring data from the past for frame base_link at time 5.976000 according to authority Authority undetectable
[smoother_server-10] Possible reasons are listed at http://wiki.ros.org/tf/Errors%20explained
[route_server-12] [WARN] [1785623422.740865821] []: TF_OLD_DATA ignoring data from the past for frame base_link at time 5.976000 according to authority Authority undetectable
[route_server-12] Possible reasons are listed at http://wiki.ros.org/tf/Errors%20explained
[opennav_docking-18] [WARN] [1785623422.740910228] []: TF_OLD_DATA ignoring data from the past for frame base_link at time 5.976000 according to authority Authority undetectable
[opennav_docking-18] Possible reasons are listed at http://wiki.ros.org/tf/Errors%20explained
[behavior_server-13] [WARN] [1785623422.740913976] []: TF_OLD_DATA ignoring data from the past for frame base_link at time 5.976000 according to authority Authority undetectable
[behavior_server-13] Possible reasons are listed at http://wiki.ros.org/tf/Errors%20explained
[bt_navigator-14] [WARN] [1785623422.740936864] []: TF_OLD_DATA ignoring data from the past for frame base_link at time 5.976000 according to authority Authority undetectable
[bt_navigator-14] Possible reasons are listed at http://wiki.ros.org/tf/Errors%20explained
[planner_server-11] [WARN] [1785623422.740948641] []: TF_OLD_DATA ignoring data from the past for frame base_link at time 5.976000 according to authority Authority undetectable
[planner_server-11] Possible reasons are listed at http://wiki.ros.org/tf/Errors%20explained
[controller_server-9] [WARN] [1785623422.776732300] []: TF_OLD_DATA ignoring data from the past for frame base_link at time 6.012000 according to authority Authority undetectable
[controller_server-9] Possible reasons are listed at http://wiki.ros.org/tf/Errors%20explained
[route_server-12] [WARN] [1785623422.776769893] []: TF_OLD_DATA ignoring data from the past for frame base_link at time 6.012000 according to authority Authority undetectable
[route_server-12] Possible reasons are listed at http://wiki.ros.org/tf/Errors%20explained
[amcl-7] [WARN] [1785623422.776772723] []: TF_OLD_DATA ignoring data from the past for frame base_link at time 6.012000 according to authority Authority undetectable
[amcl-7] Possible reasons are listed at http://wiki.ros.org/tf/Errors%20explained
[behavior_server-13] [WARN] [1785623422.776772844] []: TF_OLD_DATA ignoring data from the past for frame base_link at time 6.012000 according to authority Authority undetectable
[behavior_server-13] Possible reasons are listed at http://wiki.ros.org/tf/Errors%20explained
[smoother_server-10] [WARN] [1785623422.776774421] []: TF_OLD_DATA ignoring data from the past for frame base_link at time 6.012000 according to authority Authority undetectable
[smoother_server-10] Possible reasons are listed at http://wiki.ros.org/tf/Errors%20explained
[opennav_docking-18] [WARN] [1785623422.776779329] []: TF_OLD_DATA ignoring data from the past for frame base_link at time 6.012000 according to authority Authority undetectable
[opennav_docking-18] Possible reasons are listed at http://wiki.ros.org/tf/Errors%20explained
[planner_server-11] [WARN] [1785623422.776781689] []: TF_OLD_DATA ignoring data from the past for frame base_link at time 6.012000 according to authority Authority undetectable
[planner_server-11] Possible reasons are listed at http://wiki.ros.org/tf/Errors%20explained
[collision_monitor-17] [WARN] [1785623422.776827385] []: TF_OLD_DATA ignoring data from the past for frame base_link at time 6.012000 according to authority Authority undetectable
[collision_monitor-17] Possible reasons are listed at http://wiki.ros.org/tf/Errors%20explained
[bt_navigator-14] [WARN] [1785623422.776827447] []: TF_OLD_DATA ignoring data from the past for frame base_link at time 6.012000 according to authority Authority undetectable
[bt_navigator-14] Possible reasons are listed at http://wiki.ros.org/tf/Errors%20explained
[controller_server-9] [WARN] [1785623422.812656270] []: TF_OLD_DATA ignoring data from the past for frame base_link at time 6.048000 according to authority Authority undetectable
[controller_server-9] Possible reasons are listed at http://wiki.ros.org/tf/Errors%20explained
[amcl-7] [WARN] [1785623422.812670182] []: TF_OLD_DATA ignoring data from the past for frame base_link at time 6.048000 according to authority Authority undetectable
[amcl-7] Possible reasons are listed at http://wiki.ros.org/tf/Errors%20explained
[smoother_server-10] [WARN] [1785623422.812700789] []: TF_OLD_DATA ignoring data from the past for frame base_link at time 6.048000 according to authority Authority undetectable
[smoother_server-10] Possible reasons are listed at http://wiki.ros.org/tf/Errors%20explained
[opennav_docking-18] [WARN] [1785623422.812712943] []: TF_OLD_DATA ignoring data from the past for frame base_link at time 6.048000 according to authority Authority undetectable
[opennav_docking-18] Possible reasons are listed at http://wiki.ros.org/tf/Errors%20explained
[behavior_server-13] [WARN] [1785623422.812720116] []: TF_OLD_DATA ignoring data from the past for frame base_link at time 6.048000 according to authority Authority undetectable
[behavior_server-13] Possible reasons are listed at http://wiki.ros.org/tf/Errors%20explained
[route_server-12] [WARN] [1785623422.812743361] []: TF_OLD_DATA ignoring data from the past for frame base_link at time 6.048000 according to authority Authority undetectable
[route_server-12] Possible reasons are listed at http://wiki.ros.org/tf/Errors%20explained
[collision_monitor-17] [WARN] [1785623422.812743369] []: TF_OLD_DATA ignoring data from the past for frame base_link at time 6.048000 according to authority Authority undetectable
[collision_monitor-17] Possible reasons are listed at http://wiki.ros.org/tf/Errors%20explained
[planner_server-11] [WARN] [1785623422.812769143] []: TF_OLD_DATA ignoring data from the past for frame base_link at time 6.048000 according to authority Authority undetectable
[planner_server-11] Possible reasons are listed at http://wiki.ros.org/tf/Errors%20explained
[bt_navigator-14] [WARN] [1785623422.813256930] []: TF_OLD_DATA ignoring data from the past for frame base_link at time 6.048000 according to authority Authority undetectable
[bt_navigator-14] Possible reasons are listed at http://wiki.ros.org/tf/Errors%20explained
[controller_server-9] [WARN] [1785623422.848702854] []: TF_OLD_DATA ignoring data from the past for frame base_link at time 6.084000 according to authority Authority undetectable
[controller_server-9] Possible reasons are listed at http://wiki.ros.org/tf/Errors%20explained
[amcl-7] [WARN] [1785623422.848710174] []: TF_OLD_DATA ignoring data from the past for frame base_link at time 6.084000 according to authority Authority undetectable
[amcl-7] Possible reasons are listed at http://wiki.ros.org/tf/Errors%20explained
[bt_navigator-14] [WARN] [1785623422.848773401] []: TF_OLD_DATA ignoring data from the past for frame base_link at time 6.084000 according to authority Authority undetectable
[bt_navigator-14] Possible reasons are listed at http://wiki.ros.org/tf/Errors%20explained
[smoother_server-10] [WARN] [1785623422.848799746] []: TF_OLD_DATA ignoring data from the past for frame base_link at time 6.084000 according to authority Authority undetectable
[smoother_server-10] Possible reasons are listed at http://wiki.ros.org/tf/Errors%20explained
[opennav_docking-18] [WARN] [1785623422.848805436] []: TF_OLD_DATA ignoring data from the past for frame base_link at time 6.084000 according to authority Authority undetectable
[opennav_docking-18] Possible reasons are listed at http://wiki.ros.org/tf/Errors%20explained
[behavior_server-13] [WARN] [1785623422.848806263] []: TF_OLD_DATA ignoring data from the past for frame base_link at time 6.084000 according to authority Authority undetectable
[behavior_server-13] Possible reasons are listed at http://wiki.ros.org/tf/Errors%20explained
[planner_server-11] [WARN] [1785623422.848813856] []: TF_OLD_DATA ignoring data from the past for frame base_link at time 6.084000 according to authority Authority undetectable
[planner_server-11] Possible reasons are listed at http://wiki.ros.org/tf/Errors%20explained
[route_server-12] [WARN] [1785623422.848976598] []: TF_OLD_DATA ignoring data from the past for frame base_link at time 6.084000 according to authority Authority undetectable
[route_server-12] Possible reasons are listed at http://wiki.ros.org/tf/Errors%20explained
[collision_monitor-17] [WARN] [1785623422.849073139] []: TF_OLD_DATA ignoring data from the past for frame base_link at time 6.084000 according to authority Authority undetectable
[collision_monitor-17] Possible reasons are listed at http://wiki.ros.org/tf/Errors%20explained
[amcl-7] [WARN] [1785623422.885180946] []: TF_OLD_DATA ignoring data from the past for frame base_link at time 6.120000 according to authority Authority undetectable
[amcl-7] Possible reasons are listed at http://wiki.ros.org/tf/Errors%20explained
[smoother_server-10] [WARN] [1785623422.885209884] []: TF_OLD_DATA ignoring data from the past for frame base_link at time 6.120000 according to authority Authority undetectable
[smoother_server-10] Possible reasons are listed at http://wiki.ros.org/tf/Errors%20explained
[controller_server-9] [WARN] [1785623422.885245484] []: TF_OLD_DATA ignoring data from the past for frame base_link at time 6.120000 according to authority Authority undetectable
[controller_server-9] Possible reasons are listed at http://wiki.ros.org/tf/Errors%20explained
[planner_server-11] [WARN] [1785623422.885271827] []: TF_OLD_DATA ignoring data from the past for frame base_link at time 6.120000 according to authority Authority undetectable
[planner_server-11] Possible reasons are listed at http://wiki.ros.org/tf/Errors%20explained
[behavior_server-13] [WARN] [1785623422.885295561] []: TF_OLD_DATA ignoring data from the past for frame base_link at time 6.120000 according to authority Authority undetectable
[behavior_server-13] Possible reasons are listed at http://wiki.ros.org/tf/Errors%20explained
[collision_monitor-17] [WARN] [1785623422.885353321] []: TF_OLD_DATA ignoring data from the past for frame base_link at time 6.120000 according to authority Authority undetectable
[collision_monitor-17] Possible reasons are listed at http://wiki.ros.org/tf/Errors%20explained
[opennav_docking-18] [WARN] [1785623422.885291794] []: TF_OLD_DATA ignoring data from the past for frame base_link at time 6.120000 according to authority Authority undetectable
[opennav_docking-18] Possible reasons are listed at http://wiki.ros.org/tf/Errors%20explained
[bt_navigator-14] [WARN] [1785623422.885530512] []: TF_OLD_DATA ignoring data from the past for frame base_link at time 6.120000 according to authority Authority undetectable
[bt_navigator-14] Possible reasons are listed at http://wiki.ros.org/tf/Errors%20explained
[route_server-12] [WARN] [1785623422.885791268] []: TF_OLD_DATA ignoring data from the past for frame base_link at time 6.120000 according to authority Authority undetectable
[route_server-12] Possible reasons are listed at http://wiki.ros.org/tf/Errors%20explained
[batch_benchmark-5] [INFO] [1785623422.893819399] [planner_geometry_benchmark]: [4/5] Smac2D / southwest_northeast_weave / repetition 1
[amcl-7] [WARN] [1785623422.921002358] []: TF_OLD_DATA ignoring data from the past for frame base_link at time 6.156000 according to authority Authority undetectable
[amcl-7] Possible reasons are listed at http://wiki.ros.org/tf/Errors%20explained
[controller_server-9] [WARN] [1785623422.921002169] []: TF_OLD_DATA ignoring data from the past for frame base_link at time 6.156000 according to authority Authority undetectable
[controller_server-9] Possible reasons are listed at http://wiki.ros.org/tf/Errors%20explained
[smoother_server-10] [WARN] [1785623422.921018848] []: TF_OLD_DATA ignoring data from the past for frame base_link at time 6.156000 according to authority Authority undetectable
[smoother_server-10] Possible reasons are listed at http://wiki.ros.org/tf/Errors%20explained
[planner_server-11] [WARN] [1785623422.921051995] []: TF_OLD_DATA ignoring data from the past for frame base_link at time 6.156000 according to authority Authority undetectable
[planner_server-11] Possible reasons are listed at http://wiki.ros.org/tf/Errors%20explained
[route_server-12] [WARN] [1785623422.921060821] []: TF_OLD_DATA ignoring data from the past for frame base_link at time 6.156000 according to authority Authority undetectable
[route_server-12] Possible reasons are listed at http://wiki.ros.org/tf/Errors%20explained
[behavior_server-13] [WARN] [1785623422.921074440] []: TF_OLD_DATA ignoring data from the past for frame base_link at time 6.156000 according to authority Authority undetectable
[behavior_server-13] Possible reasons are listed at http://wiki.ros.org/tf/Errors%20explained
[collision_monitor-17] [WARN] [1785623422.921088953] []: TF_OLD_DATA ignoring data from the past for frame base_link at time 6.156000 according to authority Authority undetectable
[collision_monitor-17] Possible reasons are listed at http://wiki.ros.org/tf/Errors%20explained
[opennav_docking-18] [WARN] [1785623422.921091887] []: TF_OLD_DATA ignoring data from the past for frame base_link at time 6.156000 according to authority Authority undetectable
[opennav_docking-18] Possible reasons are listed at http://wiki.ros.org/tf/Errors%20explained
[bt_navigator-14] [WARN] [1785623422.921231944] []: TF_OLD_DATA ignoring data from the past for frame base_link at time 6.156000 according to authority Authority undetectable
[bt_navigator-14] Possible reasons are listed at http://wiki.ros.org/tf/Errors%20explained
[amcl-7] [WARN] [1785623422.956926308] []: TF_OLD_DATA ignoring data from the past for frame base_link at time 6.192000 according to authority Authority undetectable
[amcl-7] Possible reasons are listed at http://wiki.ros.org/tf/Errors%20explained
[controller_server-9] [WARN] [1785623422.956938081] []: TF_OLD_DATA ignoring data from the past for frame base_link at time 6.192000 according to authority Authority undetectable
[controller_server-9] Possible reasons are listed at http://wiki.ros.org/tf/Errors%20explained
[smoother_server-10] [WARN] [1785623422.956945507] []: TF_OLD_DATA ignoring data from the past for frame base_link at time 6.192000 according to authority Authority undetectable
[smoother_server-10] Possible reasons are listed at http://wiki.ros.org/tf/Errors%20explained
[planner_server-11] [WARN] [1785623422.956951266] []: TF_OLD_DATA ignoring data from the past for frame base_link at time 6.192000 according to authority Authority undetectable
[planner_server-11] Possible reasons are listed at http://wiki.ros.org/tf/Errors%20explained
[route_server-12] [WARN] [1785623422.956970060] []: TF_OLD_DATA ignoring data from the past for frame base_link at time 6.192000 according to authority Authority undetectable
[route_server-12] Possible reasons are listed at http://wiki.ros.org/tf/Errors%20explained
[behavior_server-13] [WARN] [1785623422.956973737] []: TF_OLD_DATA ignoring data from the past for frame base_link at time 6.192000 according to authority Authority undetectable
[behavior_server-13] Possible reasons are listed at http://wiki.ros.org/tf/Errors%20explained
[bt_navigator-14] [WARN] [1785623422.956996831] []: TF_OLD_DATA ignoring data from the past for frame base_link at time 6.192000 according to authority Authority undetectable
[bt_navigator-14] Possible reasons are listed at http://wiki.ros.org/tf/Errors%20explained
[collision_monitor-17] [WARN] [1785623422.957020606] []: TF_OLD_DATA ignoring data from the past for frame base_link at time 6.192000 according to authority Authority undetectable
[collision_monitor-17] Possible reasons are listed at http://wiki.ros.org/tf/Errors%20explained
[opennav_docking-18] [WARN] [1785623422.957089943] []: TF_OLD_DATA ignoring data from the past for frame base_link at time 6.192000 according to authority Authority undetectable
[opennav_docking-18] Possible reasons are listed at http://wiki.ros.org/tf/Errors%20explained
[amcl-7] [WARN] [1785623422.992827988] []: TF_OLD_DATA ignoring data from the past for frame base_link at time 6.228000 according to authority Authority undetectable
[amcl-7] Possible reasons are listed at http://wiki.ros.org/tf/Errors%20explained
[controller_server-9] [WARN] [1785623422.992828036] []: TF_OLD_DATA ignoring data from the past for frame base_link at time 6.228000 according to authority Authority undetectable
[controller_server-9] Possible reasons are listed at http://wiki.ros.org/tf/Errors%20explained
[planner_server-11] [WARN] [1785623422.992844205] []: TF_OLD_DATA ignoring data from the past for frame base_link at time 6.228000 according to authority Authority undetectable
[planner_server-11] Possible reasons are listed at http://wiki.ros.org/tf/Errors%20explained
[smoother_server-10] [WARN] [1785623422.992846699] []: TF_OLD_DATA ignoring data from the past for frame base_link at time 6.228000 according to authority Authority undetectable
[smoother_server-10] Possible reasons are listed at http://wiki.ros.org/tf/Errors%20explained
[route_server-12] [WARN] [1785623422.992851079] []: TF_OLD_DATA ignoring data from the past for frame base_link at time 6.228000 according to authority Authority undetectable
[route_server-12] Possible reasons are listed at http://wiki.ros.org/tf/Errors%20explained
[opennav_docking-18] [WARN] [1785623422.992899182] []: TF_OLD_DATA ignoring data from the past for frame base_link at time 6.228000 according to authority Authority undetectable
[opennav_docking-18] Possible reasons are listed at http://wiki.ros.org/tf/Errors%20explained
[behavior_server-13] [WARN] [1785623422.992926905] []: TF_OLD_DATA ignoring data from the past for frame base_link at time 6.228000 according to authority Authority undetectable
[behavior_server-13] Possible reasons are listed at http://wiki.ros.org/tf/Errors%20explained
[collision_monitor-17] [WARN] [1785623422.993002328] []: TF_OLD_DATA ignoring data from the past for frame base_link at time 6.228000 according to authority Authority undetectable
[collision_monitor-17] Possible reasons are listed at http://wiki.ros.org/tf/Errors%20explained
[bt_navigator-14] [WARN] [1785623422.993067314] []: TF_OLD_DATA ignoring data from the past for frame base_link at time 6.228000 according to authority Authority undetectable
[bt_navigator-14] Possible reasons are listed at http://wiki.ros.org/tf/Errors%20explained
[smoother_server-10] [WARN] [1785623423.028984735] []: TF_OLD_DATA ignoring data from the past for frame base_link at time 6.264000 according to authority Authority undetectable
[smoother_server-10] Possible reasons are listed at http://wiki.ros.org/tf/Errors%20explained
[controller_server-9] [WARN] [1785623423.029000267] []: TF_OLD_DATA ignoring data from the past for frame base_link at time 6.264000 according to authority Authority undetectable
[controller_server-9] Possible reasons are listed at http://wiki.ros.org/tf/Errors%20explained
[planner_server-11] [WARN] [1785623423.029073513] []: TF_OLD_DATA ignoring data from the past for frame base_link at time 6.264000 according to authority Authority undetectable
[planner_server-11] Possible reasons are listed at http://wiki.ros.org/tf/Errors%20explained
[bt_navigator-14] [WARN] [1785623423.029098596] []: TF_OLD_DATA ignoring data from the past for frame base_link at time 6.264000 according to authority Authority undetectable
[bt_navigator-14] Possible reasons are listed at http://wiki.ros.org/tf/Errors%20explained
[amcl-7] [WARN] [1785623423.029104948] []: TF_OLD_DATA ignoring data from the past for frame base_link at time 6.264000 according to authority Authority undetectable
[amcl-7] Possible reasons are listed at http://wiki.ros.org/tf/Errors%20explained
[behavior_server-13] [WARN] [1785623423.029107927] []: TF_OLD_DATA ignoring data from the past for frame base_link at time 6.264000 according to authority Authority undetectable
[behavior_server-13] Possible reasons are listed at http://wiki.ros.org/tf/Errors%20explained
[collision_monitor-17] [WARN] [1785623423.029144568] []: TF_OLD_DATA ignoring data from the past for frame base_link at time 6.264000 according to authority Authority undetectable
[collision_monitor-17] Possible reasons are listed at http://wiki.ros.org/tf/Errors%20explained
[opennav_docking-18] [WARN] [1785623423.029209949] []: TF_OLD_DATA ignoring data from the past for frame base_link at time 6.264000 according to authority Authority undetectable
[opennav_docking-18] Possible reasons are listed at http://wiki.ros.org/tf/Errors%20explained
[route_server-12] [WARN] [1785623423.029245952] []: TF_OLD_DATA ignoring data from the past for frame base_link at time 6.264000 according to authority Authority undetectable
[route_server-12] Possible reasons are listed at http://wiki.ros.org/tf/Errors%20explained
[controller_server-9] [WARN] [1785623423.065212920] []: TF_OLD_DATA ignoring data from the past for frame base_link at time 6.300000 according to authority Authority undetectable
[controller_server-9] Possible reasons are listed at http://wiki.ros.org/tf/Errors%20explained
[amcl-7] [WARN] [1785623423.065273005] []: TF_OLD_DATA ignoring data from the past for frame base_link at time 6.300000 according to authority Authority undetectable
[amcl-7] Possible reasons are listed at http://wiki.ros.org/tf/Errors%20explained
[planner_server-11] [WARN] [1785623423.065288325] []: TF_OLD_DATA ignoring data from the past for frame base_link at time 6.300000 according to authority Authority undetectable
[planner_server-11] Possible reasons are listed at http://wiki.ros.org/tf/Errors%20explained
[opennav_docking-18] [WARN] [1785623423.065325499] []: TF_OLD_DATA ignoring data from the past for frame base_link at time 6.300000 according to authority Authority undetectable
[opennav_docking-18] Possible reasons are listed at http://wiki.ros.org/tf/Errors%20explained
[route_server-12] [WARN] [1785623423.065329434] []: TF_OLD_DATA ignoring data from the past for frame base_link at time 6.300000 according to authority Authority undetectable
[route_server-12] Possible reasons are listed at http://wiki.ros.org/tf/Errors%20explained
[behavior_server-13] [WARN] [1785623423.065360339] []: TF_OLD_DATA ignoring data from the past for frame base_link at time 6.300000 according to authority Authority undetectable
[behavior_server-13] Possible reasons are listed at http://wiki.ros.org/tf/Errors%20explained
[smoother_server-10] [WARN] [1785623423.065368235] []: TF_OLD_DATA ignoring data from the past for frame base_link at time 6.300000 according to authority Authority undetectable
[smoother_server-10] Possible reasons are listed at http://wiki.ros.org/tf/Errors%20explained
[collision_monitor-17] [WARN] [1785623423.065513837] []: TF_OLD_DATA ignoring data from the past for frame base_link at time 6.300000 according to authority Authority undetectable
[collision_monitor-17] Possible reasons are listed at http://wiki.ros.org/tf/Errors%20explained
[bt_navigator-14] [WARN] [1785623423.065565742] []: TF_OLD_DATA ignoring data from the past for frame base_link at time 6.300000 according to authority Authority undetectable
[bt_navigator-14] Possible reasons are listed at http://wiki.ros.org/tf/Errors%20explained
[controller_server-9] [WARN] [1785623423.100829239] []: TF_OLD_DATA ignoring data from the past for frame base_link at time 6.336000 according to authority Authority undetectable
[controller_server-9] Possible reasons are listed at http://wiki.ros.org/tf/Errors%20explained
[amcl-7] [WARN] [1785623423.100852953] []: TF_OLD_DATA ignoring data from the past for frame base_link at time 6.336000 according to authority Authority undetectable
[amcl-7] Possible reasons are listed at http://wiki.ros.org/tf/Errors%20explained
[smoother_server-10] [WARN] [1785623423.100871778] []: TF_OLD_DATA ignoring data from the past for frame base_link at time 6.336000 according to authority Authority undetectable
[smoother_server-10] Possible reasons are listed at http://wiki.ros.org/tf/Errors%20explained
[bt_navigator-14] [WARN] [1785623423.100895194] []: TF_OLD_DATA ignoring data from the past for frame base_link at time 6.336000 according to authority Authority undetectable
[bt_navigator-14] Possible reasons are listed at http://wiki.ros.org/tf/Errors%20explained
[route_server-12] [WARN] [1785623423.100957525] []: TF_OLD_DATA ignoring data from the past for frame base_link at time 6.336000 according to authority Authority undetectable
[route_server-12] Possible reasons are listed at http://wiki.ros.org/tf/Errors%20explained
[planner_server-11] [WARN] [1785623423.100978846] []: TF_OLD_DATA ignoring data from the past for frame base_link at time 6.336000 according to authority Authority undetectable
[planner_server-11] Possible reasons are listed at http://wiki.ros.org/tf/Errors%20explained
[opennav_docking-18] [WARN] [1785623423.100985315] []: TF_OLD_DATA ignoring data from the past for frame base_link at time 6.336000 according to authority Authority undetectable
[opennav_docking-18] Possible reasons are listed at http://wiki.ros.org/tf/Errors%20explained
[behavior_server-13] [WARN] [1785623423.101261679] []: TF_OLD_DATA ignoring data from the past for frame base_link at time 6.336000 according to authority Authority undetectable
[behavior_server-13] Possible reasons are listed at http://wiki.ros.org/tf/Errors%20explained
[collision_monitor-17] [WARN] [1785623423.101378607] []: TF_OLD_DATA ignoring data from the past for frame base_link at time 6.336000 according to authority Authority undetectable
[collision_monitor-17] Possible reasons are listed at http://wiki.ros.org/tf/Errors%20explained
[controller_server-9] [WARN] [1785623423.136773402] []: TF_OLD_DATA ignoring data from the past for frame base_link at time 6.372000 according to authority Authority undetectable
[controller_server-9] Possible reasons are listed at http://wiki.ros.org/tf/Errors%20explained
[amcl-7] [WARN] [1785623423.136797551] []: TF_OLD_DATA ignoring data from the past for frame base_link at time 6.372000 according to authority Authority undetectable
[amcl-7] Possible reasons are listed at http://wiki.ros.org/tf/Errors%20explained
[planner_server-11] [WARN] [1785623423.136814497] []: TF_OLD_DATA ignoring data from the past for frame base_link at time 6.372000 according to authority Authority undetectable
[planner_server-11] Possible reasons are listed at http://wiki.ros.org/tf/Errors%20explained
[bt_navigator-14] [WARN] [1785623423.136833101] []: TF_OLD_DATA ignoring data from the past for frame base_link at time 6.372000 according to authority Authority undetectable
[bt_navigator-14] Possible reasons are listed at http://wiki.ros.org/tf/Errors%20explained
[collision_monitor-17] [WARN] [1785623423.136843679] []: TF_OLD_DATA ignoring data from the past for frame base_link at time 6.372000 according to authority Authority undetectable
[collision_monitor-17] Possible reasons are listed at http://wiki.ros.org/tf/Errors%20explained
[route_server-12] [WARN] [1785623423.136844577] []: TF_OLD_DATA ignoring data from the past for frame base_link at time 6.372000 according to authority Authority undetectable
[route_server-12] Possible reasons are listed at http://wiki.ros.org/tf/Errors%20explained
[behavior_server-13] [WARN] [1785623423.136847932] []: TF_OLD_DATA ignoring data from the past for frame base_link at time 6.372000 according to authority Authority undetectable
[behavior_server-13] Possible reasons are listed at http://wiki.ros.org/tf/Errors%20explained
[smoother_server-10] [WARN] [1785623423.136856887] []: TF_OLD_DATA ignoring data from the past for frame base_link at time 6.372000 according to authority Authority undetectable
[smoother_server-10] Possible reasons are listed at http://wiki.ros.org/tf/Errors%20explained
[opennav_docking-18] [WARN] [1785623423.136958173] []: TF_OLD_DATA ignoring data from the past for frame base_link at time 6.372000 according to authority Authority undetectable
[opennav_docking-18] Possible reasons are listed at http://wiki.ros.org/tf/Errors%20explained
[controller_server-9] [WARN] [1785623423.172709913] []: TF_OLD_DATA ignoring data from the past for frame base_link at time 6.408000 according to authority Authority undetectable
[controller_server-9] Possible reasons are listed at http://wiki.ros.org/tf/Errors%20explained
[amcl-7] [WARN] [1785623423.172726905] []: TF_OLD_DATA ignoring data from the past for frame base_link at time 6.408000 according to authority Authority undetectable
[amcl-7] Possible reasons are listed at http://wiki.ros.org/tf/Errors%20explained
[smoother_server-10] [WARN] [1785623423.172734358] []: TF_OLD_DATA ignoring data from the past for frame base_link at time 6.408000 according to authority Authority undetectable
[smoother_server-10] Possible reasons are listed at http://wiki.ros.org/tf/Errors%20explained
[behavior_server-13] [WARN] [1785623423.172744206] []: TF_OLD_DATA ignoring data from the past for frame base_link at time 6.408000 according to authority Authority undetectable
[behavior_server-13] Possible reasons are listed at http://wiki.ros.org/tf/Errors%20explained
[bt_navigator-14] [WARN] [1785623423.172755306] []: TF_OLD_DATA ignoring data from the past for frame base_link at time 6.408000 according to authority Authority undetectable
[bt_navigator-14] Possible reasons are listed at http://wiki.ros.org/tf/Errors%20explained
[planner_server-11] [WARN] [1785623423.172757484] []: TF_OLD_DATA ignoring data from the past for frame base_link at time 6.408000 according to authority Authority undetectable
[planner_server-11] Possible reasons are listed at http://wiki.ros.org/tf/Errors%20explained
[collision_monitor-17] [WARN] [1785623423.172771514] []: TF_OLD_DATA ignoring data from the past for frame base_link at time 6.408000 according to authority Authority undetectable
[collision_monitor-17] Possible reasons are listed at http://wiki.ros.org/tf/Errors%20explained
[route_server-12] [WARN] [1785623423.172811226] []: TF_OLD_DATA ignoring data from the past for frame base_link at time 6.408000 according to authority Authority undetectable
[route_server-12] Possible reasons are listed at http://wiki.ros.org/tf/Errors%20explained
[opennav_docking-18] [WARN] [1785623423.172824697] []: TF_OLD_DATA ignoring data from the past for frame base_link at time 6.408000 according to authority Authority undetectable
[opennav_docking-18] Possible reasons are listed at http://wiki.ros.org/tf/Errors%20explained
[controller_server-9] [WARN] [1785623423.208792288] []: TF_OLD_DATA ignoring data from the past for frame base_link at time 6.444000 according to authority Authority undetectable
[controller_server-9] Possible reasons are listed at http://wiki.ros.org/tf/Errors%20explained
[amcl-7] [WARN] [1785623423.208799155] []: TF_OLD_DATA ignoring data from the past for frame base_link at time 6.444000 according to authority Authority undetectable
[amcl-7] Possible reasons are listed at http://wiki.ros.org/tf/Errors%20explained
[smoother_server-10] [WARN] [1785623423.208811427] []: TF_OLD_DATA ignoring data from the past for frame base_link at time 6.444000 according to authority Authority undetectable
[smoother_server-10] Possible reasons are listed at http://wiki.ros.org/tf/Errors%20explained
[planner_server-11] [WARN] [1785623423.208818196] []: TF_OLD_DATA ignoring data from the past for frame base_link at time 6.444000 according to authority Authority undetectable
[planner_server-11] Possible reasons are listed at http://wiki.ros.org/tf/Errors%20explained
[collision_monitor-17] [WARN] [1785623423.208835406] []: TF_OLD_DATA ignoring data from the past for frame base_link at time 6.444000 according to authority Authority undetectable
[collision_monitor-17] Possible reasons are listed at http://wiki.ros.org/tf/Errors%20explained
[route_server-12] [WARN] [1785623423.208879824] []: TF_OLD_DATA ignoring data from the past for frame base_link at time 6.444000 according to authority Authority undetectable
[route_server-12] Possible reasons are listed at http://wiki.ros.org/tf/Errors%20explained
[bt_navigator-14] [WARN] [1785623423.208879412] []: TF_OLD_DATA ignoring data from the past for frame base_link at time 6.444000 according to authority Authority undetectable
[bt_navigator-14] Possible reasons are listed at http://wiki.ros.org/tf/Errors%20explained
[opennav_docking-18] [WARN] [1785623423.208914971] []: TF_OLD_DATA ignoring data from the past for frame base_link at time 6.444000 according to authority Authority undetectable
[opennav_docking-18] Possible reasons are listed at http://wiki.ros.org/tf/Errors%20explained
[behavior_server-13] [WARN] [1785623423.208916393] []: TF_OLD_DATA ignoring data from the past for frame base_link at time 6.444000 according to authority Authority undetectable
[behavior_server-13] Possible reasons are listed at http://wiki.ros.org/tf/Errors%20explained
[amcl-7] [WARN] [1785623423.244917678] []: TF_OLD_DATA ignoring data from the past for frame base_link at time 6.480000 according to authority Authority undetectable
[amcl-7] Possible reasons are listed at http://wiki.ros.org/tf/Errors%20explained
[collision_monitor-17] [WARN] [1785623423.244971074] []: TF_OLD_DATA ignoring data from the past for frame base_link at time 6.480000 according to authority Authority undetectable
[collision_monitor-17] Possible reasons are listed at http://wiki.ros.org/tf/Errors%20explained
[controller_server-9] [WARN] [1785623423.244999767] []: TF_OLD_DATA ignoring data from the past for frame base_link at time 6.480000 according to authority Authority undetectable
[controller_server-9] Possible reasons are listed at http://wiki.ros.org/tf/Errors%20explained
[route_server-12] [WARN] [1785623423.245011758] []: TF_OLD_DATA ignoring data from the past for frame base_link at time 6.480000 according to authority Authority undetectable
[route_server-12] Possible reasons are listed at http://wiki.ros.org/tf/Errors%20explained
[behavior_server-13] [WARN] [1785623423.245016640] []: TF_OLD_DATA ignoring data from the past for frame base_link at time 6.480000 according to authority Authority undetectable
[behavior_server-13] Possible reasons are listed at http://wiki.ros.org/tf/Errors%20explained
[smoother_server-10] [WARN] [1785623423.245091480] []: TF_OLD_DATA ignoring data from the past for frame base_link at time 6.480000 according to authority Authority undetectable
[smoother_server-10] Possible reasons are listed at http://wiki.ros.org/tf/Errors%20explained
[bt_navigator-14] [WARN] [1785623423.245097817] []: TF_OLD_DATA ignoring data from the past for frame base_link at time 6.480000 according to authority Authority undetectable
[bt_navigator-14] Possible reasons are listed at http://wiki.ros.org/tf/Errors%20explained
[opennav_docking-18] [WARN] [1785623423.245101592] []: TF_OLD_DATA ignoring data from the past for frame base_link at time 6.480000 according to authority Authority undetectable
[opennav_docking-18] Possible reasons are listed at http://wiki.ros.org/tf/Errors%20explained
[planner_server-11] [WARN] [1785623423.245165821] []: TF_OLD_DATA ignoring data from the past for frame base_link at time 6.480000 according to authority Authority undetectable
[planner_server-11] Possible reasons are listed at http://wiki.ros.org/tf/Errors%20explained
[amcl-7] [WARN] [1785623423.280980115] []: TF_OLD_DATA ignoring data from the past for frame base_link at time 6.516000 according to authority Authority undetectable
[amcl-7] Possible reasons are listed at http://wiki.ros.org/tf/Errors%20explained
[controller_server-9] [WARN] [1785623423.280979997] []: TF_OLD_DATA ignoring data from the past for frame base_link at time 6.516000 according to authority Authority undetectable
[controller_server-9] Possible reasons are listed at http://wiki.ros.org/tf/Errors%20explained
[collision_monitor-17] [WARN] [1785623423.281044979] []: TF_OLD_DATA ignoring data from the past for frame base_link at time 6.516000 according to authority Authority undetectable
[collision_monitor-17] Possible reasons are listed at http://wiki.ros.org/tf/Errors%20explained
[route_server-12] [WARN] [1785623423.281114136] []: TF_OLD_DATA ignoring data from the past for frame base_link at time 6.516000 according to authority Authority undetectable
[route_server-12] Possible reasons are listed at http://wiki.ros.org/tf/Errors%20explained
[smoother_server-10] [WARN] [1785623423.281136669] []: TF_OLD_DATA ignoring data from the past for frame base_link at time 6.516000 according to authority Authority undetectable
[smoother_server-10] Possible reasons are listed at http://wiki.ros.org/tf/Errors%20explained
[behavior_server-13] [WARN] [1785623423.281143309] []: TF_OLD_DATA ignoring data from the past for frame base_link at time 6.516000 according to authority Authority undetectable
[behavior_server-13] Possible reasons are listed at http://wiki.ros.org/tf/Errors%20explained
[opennav_docking-18] [WARN] [1785623423.281213718] []: TF_OLD_DATA ignoring data from the past for frame base_link at time 6.516000 according to authority Authority undetectable
[opennav_docking-18] Possible reasons are listed at http://wiki.ros.org/tf/Errors%20explained
[bt_navigator-14] [WARN] [1785623423.281234808] []: TF_OLD_DATA ignoring data from the past for frame base_link at time 6.516000 according to authority Authority undetectable
[bt_navigator-14] Possible reasons are listed at http://wiki.ros.org/tf/Errors%20explained
[planner_server-11] [WARN] [1785623423.281648510] []: TF_OLD_DATA ignoring data from the past for frame base_link at time 6.516000 according to authority Authority undetectable
[planner_server-11] Possible reasons are listed at http://wiki.ros.org/tf/Errors%20explained
[amcl-7] [WARN] [1785623423.316941444] []: TF_OLD_DATA ignoring data from the past for frame base_link at time 6.552000 according to authority Authority undetectable
[amcl-7] Possible reasons are listed at http://wiki.ros.org/tf/Errors%20explained
[controller_server-9] [WARN] [1785623423.316941601] []: TF_OLD_DATA ignoring data from the past for frame base_link at time 6.552000 according to authority Authority undetectable
[controller_server-9] Possible reasons are listed at http://wiki.ros.org/tf/Errors%20explained
[bt_navigator-14] [WARN] [1785623423.316960177] []: TF_OLD_DATA ignoring data from the past for frame base_link at time 6.552000 according to authority Authority undetectable
[bt_navigator-14] Possible reasons are listed at http://wiki.ros.org/tf/Errors%20explained
[route_server-12] [WARN] [1785623423.316965546] []: TF_OLD_DATA ignoring data from the past for frame base_link at time 6.552000 according to authority Authority undetectable
[route_server-12] Possible reasons are listed at http://wiki.ros.org/tf/Errors%20explained
[behavior_server-13] [WARN] [1785623423.316980942] []: TF_OLD_DATA ignoring data from the past for frame base_link at time 6.552000 according to authority Authority undetectable
[behavior_server-13] Possible reasons are listed at http://wiki.ros.org/tf/Errors%20explained
[planner_server-11] [WARN] [1785623423.316991384] []: TF_OLD_DATA ignoring data from the past for frame base_link at time 6.552000 according to authority Authority undetectable
[planner_server-11] Possible reasons are listed at http://wiki.ros.org/tf/Errors%20explained
[smoother_server-10] [WARN] [1785623423.316994518] []: TF_OLD_DATA ignoring data from the past for frame base_link at time 6.552000 according to authority Authority undetectable
[smoother_server-10] Possible reasons are listed at http://wiki.ros.org/tf/Errors%20explained
[opennav_docking-18] [WARN] [1785623423.317043841] []: TF_OLD_DATA ignoring data from the past for frame base_link at time 6.552000 according to authority Authority undetectable
[opennav_docking-18] Possible reasons are listed at http://wiki.ros.org/tf/Errors%20explained
[collision_monitor-17] [WARN] [1785623423.317082081] []: TF_OLD_DATA ignoring data from the past for frame base_link at time 6.552000 according to authority Authority undetectable
[collision_monitor-17] Possible reasons are listed at http://wiki.ros.org/tf/Errors%20explained
[amcl-7] [WARN] [1785623423.352772042] []: TF_OLD_DATA ignoring data from the past for frame base_link at time 6.588000 according to authority Authority undetectable
[amcl-7] Possible reasons are listed at http://wiki.ros.org/tf/Errors%20explained
[controller_server-9] [WARN] [1785623423.352770012] []: TF_OLD_DATA ignoring data from the past for frame base_link at time 6.588000 according to authority Authority undetectable
[controller_server-9] Possible reasons are listed at http://wiki.ros.org/tf/Errors%20explained
[behavior_server-13] [WARN] [1785623423.352792234] []: TF_OLD_DATA ignoring data from the past for frame base_link at time 6.588000 according to authority Authority undetectable
[behavior_server-13] Possible reasons are listed at http://wiki.ros.org/tf/Errors%20explained
[planner_server-11] [WARN] [1785623423.352791767] []: TF_OLD_DATA ignoring data from the past for frame base_link at time 6.588000 according to authority Authority undetectable
[planner_server-11] Possible reasons are listed at http://wiki.ros.org/tf/Errors%20explained
[smoother_server-10] [WARN] [1785623423.352794343] []: TF_OLD_DATA ignoring data from the past for frame base_link at time 6.588000 according to authority Authority undetectable
[smoother_server-10] Possible reasons are listed at http://wiki.ros.org/tf/Errors%20explained
[route_server-12] [WARN] [1785623423.352769979] []: TF_OLD_DATA ignoring data from the past for frame base_link at time 6.588000 according to authority Authority undetectable
[route_server-12] Possible reasons are listed at http://wiki.ros.org/tf/Errors%20explained
[collision_monitor-17] [WARN] [1785623423.352803593] []: TF_OLD_DATA ignoring data from the past for frame base_link at time 6.588000 according to authority Authority undetectable
[collision_monitor-17] Possible reasons are listed at http://wiki.ros.org/tf/Errors%20explained
[bt_navigator-14] [WARN] [1785623423.352819268] []: TF_OLD_DATA ignoring data from the past for frame base_link at time 6.588000 according to authority Authority undetectable
[bt_navigator-14] Possible reasons are listed at http://wiki.ros.org/tf/Errors%20explained
[opennav_docking-18] [WARN] [1785623423.352824618] []: TF_OLD_DATA ignoring data from the past for frame base_link at time 6.588000 according to authority Authority undetectable
[opennav_docking-18] Possible reasons are listed at http://wiki.ros.org/tf/Errors%20explained
[amcl-7] [WARN] [1785623423.389047980] []: TF_OLD_DATA ignoring data from the past for frame base_link at time 6.624000 according to authority Authority undetectable
[amcl-7] Possible reasons are listed at http://wiki.ros.org/tf/Errors%20explained
[bt_navigator-14] [WARN] [1785623423.389052021] []: TF_OLD_DATA ignoring data from the past for frame base_link at time 6.624000 according to authority Authority undetectable
[bt_navigator-14] Possible reasons are listed at http://wiki.ros.org/tf/Errors%20explained
[smoother_server-10] [WARN] [1785623423.389074031] []: TF_OLD_DATA ignoring data from the past for frame base_link at time 6.624000 according to authority Authority undetectable
[smoother_server-10] Possible reasons are listed at http://wiki.ros.org/tf/Errors%20explained
[controller_server-9] [WARN] [1785623423.389074311] []: TF_OLD_DATA ignoring data from the past for frame base_link at time 6.624000 according to authority Authority undetectable
[controller_server-9] Possible reasons are listed at http://wiki.ros.org/tf/Errors%20explained
[route_server-12] [WARN] [1785623423.389078706] []: TF_OLD_DATA ignoring data from the past for frame base_link at time 6.624000 according to authority Authority undetectable
[route_server-12] Possible reasons are listed at http://wiki.ros.org/tf/Errors%20explained
[planner_server-11] [WARN] [1785623423.389154179] []: TF_OLD_DATA ignoring data from the past for frame base_link at time 6.624000 according to authority Authority undetectable
[planner_server-11] Possible reasons are listed at http://wiki.ros.org/tf/Errors%20explained
[collision_monitor-17] [WARN] [1785623423.389167014] []: TF_OLD_DATA ignoring data from the past for frame base_link at time 6.624000 according to authority Authority undetectable
[collision_monitor-17] Possible reasons are listed at http://wiki.ros.org/tf/Errors%20explained
[opennav_docking-18] [WARN] [1785623423.389177003] []: TF_OLD_DATA ignoring data from the past for frame base_link at time 6.624000 according to authority Authority undetectable
[opennav_docking-18] Possible reasons are listed at http://wiki.ros.org/tf/Errors%20explained
[behavior_server-13] [WARN] [1785623423.389205291] []: TF_OLD_DATA ignoring data from the past for frame base_link at time 6.624000 according to authority Authority undetectable
[behavior_server-13] Possible reasons are listed at http://wiki.ros.org/tf/Errors%20explained
[smoother_server-10] [WARN] [1785623423.424901873] []: TF_OLD_DATA ignoring data from the past for frame base_link at time 6.660000 according to authority Authority undetectable
[smoother_server-10] Possible reasons are listed at http://wiki.ros.org/tf/Errors%20explained
[planner_server-11] [WARN] [1785623423.424904383] []: TF_OLD_DATA ignoring data from the past for frame base_link at time 6.660000 according to authority Authority undetectable
[planner_server-11] Possible reasons are listed at http://wiki.ros.org/tf/Errors%20explained
[bt_navigator-14] [WARN] [1785623423.424909644] []: TF_OLD_DATA ignoring data from the past for frame base_link at time 6.660000 according to authority Authority undetectable
[bt_navigator-14] Possible reasons are listed at http://wiki.ros.org/tf/Errors%20explained
[behavior_server-13] [WARN] [1785623423.424943898] []: TF_OLD_DATA ignoring data from the past for frame base_link at time 6.660000 according to authority Authority undetectable
[behavior_server-13] Possible reasons are listed at http://wiki.ros.org/tf/Errors%20explained
[amcl-7] [WARN] [1785623423.424970168] []: TF_OLD_DATA ignoring data from the past for frame base_link at time 6.660000 according to authority Authority undetectable
[amcl-7] Possible reasons are listed at http://wiki.ros.org/tf/Errors%20explained
[opennav_docking-18] [WARN] [1785623423.425026091] []: TF_OLD_DATA ignoring data from the past for frame base_link at time 6.660000 according to authority Authority undetectable
[opennav_docking-18] Possible reasons are listed at http://wiki.ros.org/tf/Errors%20explained
[route_server-12] [WARN] [1785623423.425037946] []: TF_OLD_DATA ignoring data from the past for frame base_link at time 6.660000 according to authority Authority undetectable
[route_server-12] Possible reasons are listed at http://wiki.ros.org/tf/Errors%20explained
[collision_monitor-17] [WARN] [1785623423.425084815] []: TF_OLD_DATA ignoring data from the past for frame base_link at time 6.660000 according to authority Authority undetectable
[collision_monitor-17] Possible reasons are listed at http://wiki.ros.org/tf/Errors%20explained
[controller_server-9] [WARN] [1785623423.425263668] []: TF_OLD_DATA ignoring data from the past for frame base_link at time 6.660000 according to authority Authority undetectable
[controller_server-9] Possible reasons are listed at http://wiki.ros.org/tf/Errors%20explained
[amcl-7] [WARN] [1785623423.461056734] []: TF_OLD_DATA ignoring data from the past for frame base_link at time 6.696000 according to authority Authority undetectable
[amcl-7] Possible reasons are listed at http://wiki.ros.org/tf/Errors%20explained
[route_server-12] [WARN] [1785623423.461182351] []: TF_OLD_DATA ignoring data from the past for frame base_link at time 6.696000 according to authority Authority undetectable
[route_server-12] Possible reasons are listed at http://wiki.ros.org/tf/Errors%20explained
[controller_server-9] [WARN] [1785623423.461207206] []: TF_OLD_DATA ignoring data from the past for frame base_link at time 6.696000 according to authority Authority undetectable
[controller_server-9] Possible reasons are listed at http://wiki.ros.org/tf/Errors%20explained
[planner_server-11] [WARN] [1785623423.461225420] []: TF_OLD_DATA ignoring data from the past for frame base_link at time 6.696000 according to authority Authority undetectable
[planner_server-11] Possible reasons are listed at http://wiki.ros.org/tf/Errors%20explained
[behavior_server-13] [WARN] [1785623423.461241784] []: TF_OLD_DATA ignoring data from the past for frame base_link at time 6.696000 according to authority Authority undetectable
[behavior_server-13] Possible reasons are listed at http://wiki.ros.org/tf/Errors%20explained
[opennav_docking-18] [WARN] [1785623423.461246594] []: TF_OLD_DATA ignoring data from the past for frame base_link at time 6.696000 according to authority Authority undetectable
[opennav_docking-18] Possible reasons are listed at http://wiki.ros.org/tf/Errors%20explained
[smoother_server-10] [WARN] [1785623423.461255259] []: TF_OLD_DATA ignoring data from the past for frame base_link at time 6.696000 according to authority Authority undetectable
[smoother_server-10] Possible reasons are listed at http://wiki.ros.org/tf/Errors%20explained
[collision_monitor-17] [WARN] [1785623423.461786863] []: TF_OLD_DATA ignoring data from the past for frame base_link at time 6.696000 according to authority Authority undetectable
[collision_monitor-17] Possible reasons are listed at http://wiki.ros.org/tf/Errors%20explained
[bt_navigator-14] [WARN] [1785623423.461887671] []: TF_OLD_DATA ignoring data from the past for frame base_link at time 6.696000 according to authority Authority undetectable
[bt_navigator-14] Possible reasons are listed at http://wiki.ros.org/tf/Errors%20explained
[controller_server-9] [INFO] [1785623423.483103516] [local_costmap.local_costmap]: Message Filter dropping message: frame 'laser' at time 6.699 for reason 'the timestamp on the message is earlier than all the data in the transform cache'
[controller_server-9] [WARN] [1785623423.496918270] []: TF_OLD_DATA ignoring data from the past for frame base_link at time 6.732000 according to authority Authority undetectable
[controller_server-9] Possible reasons are listed at http://wiki.ros.org/tf/Errors%20explained
[amcl-7] [WARN] [1785623423.496932157] []: TF_OLD_DATA ignoring data from the past for frame base_link at time 6.732000 according to authority Authority undetectable
[amcl-7] Possible reasons are listed at http://wiki.ros.org/tf/Errors%20explained
[smoother_server-10] [WARN] [1785623423.496954077] []: TF_OLD_DATA ignoring data from the past for frame base_link at time 6.732000 according to authority Authority undetectable
[smoother_server-10] Possible reasons are listed at http://wiki.ros.org/tf/Errors%20explained
[behavior_server-13] [WARN] [1785623423.496968683] []: TF_OLD_DATA ignoring data from the past for frame base_link at time 6.732000 according to authority Authority undetectable
[behavior_server-13] Possible reasons are listed at http://wiki.ros.org/tf/Errors%20explained
[bt_navigator-14] [WARN] [1785623423.496999381] []: TF_OLD_DATA ignoring data from the past for frame base_link at time 6.732000 according to authority Authority undetectable
[bt_navigator-14] Possible reasons are listed at http://wiki.ros.org/tf/Errors%20explained
[opennav_docking-18] [WARN] [1785623423.497010968] []: TF_OLD_DATA ignoring data from the past for frame base_link at time 6.732000 according to authority Authority undetectable
[opennav_docking-18] Possible reasons are listed at http://wiki.ros.org/tf/Errors%20explained
[collision_monitor-17] [WARN] [1785623423.497030000] []: TF_OLD_DATA ignoring data from the past for frame base_link at time 6.732000 according to authority Authority undetectable
[collision_monitor-17] Possible reasons are listed at http://wiki.ros.org/tf/Errors%20explained
[planner_server-11] [WARN] [1785623423.497069531] []: TF_OLD_DATA ignoring data from the past for frame base_link at time 6.732000 according to authority Authority undetectable
[planner_server-11] Possible reasons are listed at http://wiki.ros.org/tf/Errors%20explained
[route_server-12] [WARN] [1785623423.497216065] []: TF_OLD_DATA ignoring data from the past for frame base_link at time 6.732000 according to authority Authority undetectable
[route_server-12] Possible reasons are listed at http://wiki.ros.org/tf/Errors%20explained
[amcl-7] [WARN] [1785623423.532751391] []: TF_OLD_DATA ignoring data from the past for frame base_link at time 6.768000 according to authority Authority undetectable
[amcl-7] Possible reasons are listed at http://wiki.ros.org/tf/Errors%20explained
[controller_server-9] [WARN] [1785623423.532747820] []: TF_OLD_DATA ignoring data from the past for frame base_link at time 6.768000 according to authority Authority undetectable
[controller_server-9] Possible reasons are listed at http://wiki.ros.org/tf/Errors%20explained
[route_server-12] [WARN] [1785623423.532785578] []: TF_OLD_DATA ignoring data from the past for frame base_link at time 6.768000 according to authority Authority undetectable
[route_server-12] Possible reasons are listed at http://wiki.ros.org/tf/Errors%20explained
[smoother_server-10] [WARN] [1785623423.532794811] []: TF_OLD_DATA ignoring data from the past for frame base_link at time 6.768000 according to authority Authority undetectable
[smoother_server-10] Possible reasons are listed at http://wiki.ros.org/tf/Errors%20explained
[opennav_docking-18] [WARN] [1785623423.532804094] []: TF_OLD_DATA ignoring data from the past for frame base_link at time 6.768000 according to authority Authority undetectable
[opennav_docking-18] Possible reasons are listed at http://wiki.ros.org/tf/Errors%20explained
[collision_monitor-17] [WARN] [1785623423.532856882] []: TF_OLD_DATA ignoring data from the past for frame base_link at time 6.768000 according to authority Authority undetectable
[collision_monitor-17] Possible reasons are listed at http://wiki.ros.org/tf/Errors%20explained
[planner_server-11] [WARN] [1785623423.532861669] []: TF_OLD_DATA ignoring data from the past for frame base_link at time 6.768000 according to authority Authority undetectable
[planner_server-11] Possible reasons are listed at http://wiki.ros.org/tf/Errors%20explained
[behavior_server-13] [WARN] [1785623423.532867626] []: TF_OLD_DATA ignoring data from the past for frame base_link at time 6.768000 according to authority Authority undetectable
[behavior_server-13] Possible reasons are listed at http://wiki.ros.org/tf/Errors%20explained
[bt_navigator-14] [WARN] [1785623423.532885880] []: TF_OLD_DATA ignoring data from the past for frame base_link at time 6.768000 according to authority Authority undetectable
[bt_navigator-14] Possible reasons are listed at http://wiki.ros.org/tf/Errors%20explained
[controller_server-9] [WARN] [1785623423.568837901] []: TF_OLD_DATA ignoring data from the past for frame base_link at time 6.804000 according to authority Authority undetectable
[controller_server-9] Possible reasons are listed at http://wiki.ros.org/tf/Errors%20explained
[amcl-7] [WARN] [1785623423.568866131] []: TF_OLD_DATA ignoring data from the past for frame base_link at time 6.804000 according to authority Authority undetectable
[amcl-7] Possible reasons are listed at http://wiki.ros.org/tf/Errors%20explained
[smoother_server-10] [WARN] [1785623423.568885121] []: TF_OLD_DATA ignoring data from the past for frame base_link at time 6.804000 according to authority Authority undetectable
[smoother_server-10] Possible reasons are listed at http://wiki.ros.org/tf/Errors%20explained
[route_server-12] [WARN] [1785623423.568903615] []: TF_OLD_DATA ignoring data from the past for frame base_link at time 6.804000 according to authority Authority undetectable
[route_server-12] Possible reasons are listed at http://wiki.ros.org/tf/Errors%20explained
[opennav_docking-18] [WARN] [1785623423.568939585] []: TF_OLD_DATA ignoring data from the past for frame base_link at time 6.804000 according to authority Authority undetectable
[opennav_docking-18] Possible reasons are listed at http://wiki.ros.org/tf/Errors%20explained
[bt_navigator-14] [WARN] [1785623423.568946795] []: TF_OLD_DATA ignoring data from the past for frame base_link at time 6.804000 according to authority Authority undetectable
[bt_navigator-14] Possible reasons are listed at http://wiki.ros.org/tf/Errors%20explained
[behavior_server-13] [WARN] [1785623423.568947011] []: TF_OLD_DATA ignoring data from the past for frame base_link at time 6.804000 according to authority Authority undetectable
[behavior_server-13] Possible reasons are listed at http://wiki.ros.org/tf/Errors%20explained
[planner_server-11] [WARN] [1785623423.568957143] []: TF_OLD_DATA ignoring data from the past for frame base_link at time 6.804000 according to authority Authority undetectable
[planner_server-11] Possible reasons are listed at http://wiki.ros.org/tf/Errors%20explained
[collision_monitor-17] [WARN] [1785623423.569027926] []: TF_OLD_DATA ignoring data from the past for frame base_link at time 6.804000 according to authority Authority undetectable
[collision_monitor-17] Possible reasons are listed at http://wiki.ros.org/tf/Errors%20explained
[controller_server-9] [WARN] [1785623423.604869583] []: TF_OLD_DATA ignoring data from the past for frame base_link at time 6.840000 according to authority Authority undetectable
[controller_server-9] Possible reasons are listed at http://wiki.ros.org/tf/Errors%20explained
[amcl-7] [WARN] [1785623423.604895148] []: TF_OLD_DATA ignoring data from the past for frame base_link at time 6.840000 according to authority Authority undetectable
[amcl-7] Possible reasons are listed at http://wiki.ros.org/tf/Errors%20explained
[smoother_server-10] [WARN] [1785623423.604901187] []: TF_OLD_DATA ignoring data from the past for frame base_link at time 6.840000 according to authority Authority undetectable
[smoother_server-10] Possible reasons are listed at http://wiki.ros.org/tf/Errors%20explained
[planner_server-11] [WARN] [1785623423.604926692] []: TF_OLD_DATA ignoring data from the past for frame base_link at time 6.840000 according to authority Authority undetectable
[planner_server-11] Possible reasons are listed at http://wiki.ros.org/tf/Errors%20explained
[behavior_server-13] [WARN] [1785623423.604946273] []: TF_OLD_DATA ignoring data from the past for frame base_link at time 6.840000 according to authority Authority undetectable
[behavior_server-13] Possible reasons are listed at http://wiki.ros.org/tf/Errors%20explained
[collision_monitor-17] [WARN] [1785623423.604949551] []: TF_OLD_DATA ignoring data from the past for frame base_link at time 6.840000 according to authority Authority undetectable
[collision_monitor-17] Possible reasons are listed at http://wiki.ros.org/tf/Errors%20explained
[route_server-12] [WARN] [1785623423.604947753] []: TF_OLD_DATA ignoring data from the past for frame base_link at time 6.840000 according to authority Authority undetectable
[route_server-12] Possible reasons are listed at http://wiki.ros.org/tf/Errors%20explained
[opennav_docking-18] [WARN] [1785623423.605019166] []: TF_OLD_DATA ignoring data from the past for frame base_link at time 6.840000 according to authority Authority undetectable
[opennav_docking-18] Possible reasons are listed at http://wiki.ros.org/tf/Errors%20explained
[bt_navigator-14] [WARN] [1785623423.605024357] []: TF_OLD_DATA ignoring data from the past for frame base_link at time 6.840000 according to authority Authority undetectable
[bt_navigator-14] Possible reasons are listed at http://wiki.ros.org/tf/Errors%20explained
[smoother_server-10] [INFO] [1785623423.605760242] [smoother_server]: Received a path to smooth.
[planner_server-11] [WARN] [1785623423.640900762] []: TF_OLD_DATA ignoring data from the past for frame base_link at time 6.876000 according to authority Authority undetectable
[planner_server-11] Possible reasons are listed at http://wiki.ros.org/tf/Errors%20explained
[smoother_server-10] [WARN] [1785623423.640900261] []: TF_OLD_DATA ignoring data from the past for frame base_link at time 6.876000 according to authority Authority undetectable
[smoother_server-10] Possible reasons are listed at http://wiki.ros.org/tf/Errors%20explained
[route_server-12] [WARN] [1785623423.640899784] []: TF_OLD_DATA ignoring data from the past for frame base_link at time 6.876000 according to authority Authority undetectable
[route_server-12] Possible reasons are listed at http://wiki.ros.org/tf/Errors%20explained
[amcl-7] [WARN] [1785623423.640908333] []: TF_OLD_DATA ignoring data from the past for frame base_link at time 6.876000 according to authority Authority undetectable
[amcl-7] Possible reasons are listed at http://wiki.ros.org/tf/Errors%20explained
[behavior_server-13] [WARN] [1785623423.640959087] []: TF_OLD_DATA ignoring data from the past for frame base_link at time 6.876000 according to authority Authority undetectable
[behavior_server-13] Possible reasons are listed at http://wiki.ros.org/tf/Errors%20explained
[opennav_docking-18] [WARN] [1785623423.640991592] []: TF_OLD_DATA ignoring data from the past for frame base_link at time 6.876000 according to authority Authority undetectable
[opennav_docking-18] Possible reasons are listed at http://wiki.ros.org/tf/Errors%20explained
[collision_monitor-17] [WARN] [1785623423.640991971] []: TF_OLD_DATA ignoring data from the past for frame base_link at time 6.876000 according to authority Authority undetectable
[collision_monitor-17] Possible reasons are listed at http://wiki.ros.org/tf/Errors%20explained
[bt_navigator-14] [WARN] [1785623423.641026454] []: TF_OLD_DATA ignoring data from the past for frame base_link at time 6.876000 according to authority Authority undetectable
[bt_navigator-14] Possible reasons are listed at http://wiki.ros.org/tf/Errors%20explained
[controller_server-9] [WARN] [1785623423.641065291] []: TF_OLD_DATA ignoring data from the past for frame base_link at time 6.876000 according to authority Authority undetectable
[controller_server-9] Possible reasons are listed at http://wiki.ros.org/tf/Errors%20explained
[controller_server-9] [WARN] [1785623423.676922290] []: TF_OLD_DATA ignoring data from the past for frame base_link at time 6.912000 according to authority Authority undetectable
[controller_server-9] Possible reasons are listed at http://wiki.ros.org/tf/Errors%20explained
[amcl-7] [WARN] [1785623423.676959961] []: TF_OLD_DATA ignoring data from the past for frame base_link at time 6.912000 according to authority Authority undetectable
[amcl-7] Possible reasons are listed at http://wiki.ros.org/tf/Errors%20explained
[smoother_server-10] [WARN] [1785623423.676983000] []: TF_OLD_DATA ignoring data from the past for frame base_link at time 6.912000 according to authority Authority undetectable
[smoother_server-10] Possible reasons are listed at http://wiki.ros.org/tf/Errors%20explained
[planner_server-11] [WARN] [1785623423.677000674] []: TF_OLD_DATA ignoring data from the past for frame base_link at time 6.912000 according to authority Authority undetectable
[planner_server-11] Possible reasons are listed at http://wiki.ros.org/tf/Errors%20explained
[bt_navigator-14] [WARN] [1785623423.677012684] []: TF_OLD_DATA ignoring data from the past for frame base_link at time 6.912000 according to authority Authority undetectable
[bt_navigator-14] Possible reasons are listed at http://wiki.ros.org/tf/Errors%20explained
[opennav_docking-18] [WARN] [1785623423.677025743] []: TF_OLD_DATA ignoring data from the past for frame base_link at time 6.912000 according to authority Authority undetectable
[opennav_docking-18] Possible reasons are listed at http://wiki.ros.org/tf/Errors%20explained
[route_server-12] [WARN] [1785623423.677055689] []: TF_OLD_DATA ignoring data from the past for frame base_link at time 6.912000 according to authority Authority undetectable
[route_server-12] Possible reasons are listed at http://wiki.ros.org/tf/Errors%20explained
[behavior_server-13] [WARN] [1785623423.677067374] []: TF_OLD_DATA ignoring data from the past for frame base_link at time 6.912000 according to authority Authority undetectable
[behavior_server-13] Possible reasons are listed at http://wiki.ros.org/tf/Errors%20explained
[collision_monitor-17] [WARN] [1785623423.677100244] []: TF_OLD_DATA ignoring data from the past for frame base_link at time 6.912000 according to authority Authority undetectable
[collision_monitor-17] Possible reasons are listed at http://wiki.ros.org/tf/Errors%20explained
[smoother_server-10] [INFO] [1785623423.707087211] [smoother_server]: PSTMO: 9 corners, 9 G2, 0 pivots, 0 pass-through, 360 evaluations, 0.101177 s
[controller_server-9] [WARN] [1785623423.712959919] []: TF_OLD_DATA ignoring data from the past for frame base_link at time 6.948000 according to authority Authority undetectable
[controller_server-9] Possible reasons are listed at http://wiki.ros.org/tf/Errors%20explained
[smoother_server-10] [WARN] [1785623423.712972897] []: TF_OLD_DATA ignoring data from the past for frame base_link at time 6.948000 according to authority Authority undetectable
[smoother_server-10] Possible reasons are listed at http://wiki.ros.org/tf/Errors%20explained
[amcl-7] [WARN] [1785623423.712983178] []: TF_OLD_DATA ignoring data from the past for frame base_link at time 6.948000 according to authority Authority undetectable
[amcl-7] Possible reasons are listed at http://wiki.ros.org/tf/Errors%20explained
[bt_navigator-14] [WARN] [1785623423.713025157] []: TF_OLD_DATA ignoring data from the past for frame base_link at time 6.948000 according to authority Authority undetectable
[bt_navigator-14] Possible reasons are listed at http://wiki.ros.org/tf/Errors%20explained
[route_server-12] [WARN] [1785623423.713039892] []: TF_OLD_DATA ignoring data from the past for frame base_link at time 6.948000 according to authority Authority undetectable
[route_server-12] Possible reasons are listed at http://wiki.ros.org/tf/Errors%20explained
[collision_monitor-17] [WARN] [1785623423.713059474] []: TF_OLD_DATA ignoring data from the past for frame base_link at time 6.948000 according to authority Authority undetectable
[collision_monitor-17] Possible reasons are listed at http://wiki.ros.org/tf/Errors%20explained
[opennav_docking-18] [WARN] [1785623423.713074013] []: TF_OLD_DATA ignoring data from the past for frame base_link at time 6.948000 according to authority Authority undetectable
[opennav_docking-18] Possible reasons are listed at http://wiki.ros.org/tf/Errors%20explained
[planner_server-11] [WARN] [1785623423.713315509] []: TF_OLD_DATA ignoring data from the past for frame base_link at time 6.948000 according to authority Authority undetectable
[planner_server-11] Possible reasons are listed at http://wiki.ros.org/tf/Errors%20explained
[behavior_server-13] [WARN] [1785623423.713470668] []: TF_OLD_DATA ignoring data from the past for frame base_link at time 6.948000 according to authority Authority undetectable
[behavior_server-13] Possible reasons are listed at http://wiki.ros.org/tf/Errors%20explained
[controller_server-9] [WARN] [1785623423.748689495] []: TF_OLD_DATA ignoring data from the past for frame base_link at time 6.984000 according to authority Authority undetectable
[controller_server-9] Possible reasons are listed at http://wiki.ros.org/tf/Errors%20explained
[smoother_server-10] [WARN] [1785623423.748717659] []: TF_OLD_DATA ignoring data from the past for frame base_link at time 6.984000 according to authority Authority undetectable
[smoother_server-10] Possible reasons are listed at http://wiki.ros.org/tf/Errors%20explained
[behavior_server-13] [WARN] [1785623423.748738301] []: TF_OLD_DATA ignoring data from the past for frame base_link at time 6.984000 according to authority Authority undetectable
[behavior_server-13] Possible reasons are listed at http://wiki.ros.org/tf/Errors%20explained
[amcl-7] [WARN] [1785623423.748744028] []: TF_OLD_DATA ignoring data from the past for frame base_link at time 6.984000 according to authority Authority undetectable
[amcl-7] Possible reasons are listed at http://wiki.ros.org/tf/Errors%20explained
[bt_navigator-14] [WARN] [1785623423.748743948] []: TF_OLD_DATA ignoring data from the past for frame base_link at time 6.984000 according to authority Authority undetectable
[bt_navigator-14] Possible reasons are listed at http://wiki.ros.org/tf/Errors%20explained
[collision_monitor-17] [WARN] [1785623423.748757687] []: TF_OLD_DATA ignoring data from the past for frame base_link at time 6.984000 according to authority Authority undetectable
[collision_monitor-17] Possible reasons are listed at http://wiki.ros.org/tf/Errors%20explained
[route_server-12] [WARN] [1785623423.748771470] []: TF_OLD_DATA ignoring data from the past for frame base_link at time 6.984000 according to authority Authority undetectable
[route_server-12] Possible reasons are listed at http://wiki.ros.org/tf/Errors%20explained
[planner_server-11] [WARN] [1785623423.748824354] []: TF_OLD_DATA ignoring data from the past for frame base_link at time 6.984000 according to authority Authority undetectable
[planner_server-11] Possible reasons are listed at http://wiki.ros.org/tf/Errors%20explained
[opennav_docking-18] [WARN] [1785623423.748862740] []: TF_OLD_DATA ignoring data from the past for frame base_link at time 6.984000 according to authority Authority undetectable
[opennav_docking-18] Possible reasons are listed at http://wiki.ros.org/tf/Errors%20explained
[smoother_server-10] [INFO] [1785623423.752989310] [smoother_server]: PSTMO: 4 corners, 4 G2, 0 pivots, 0 pass-through, 160 evaluations, 0.045717 s
[smoother_server-10] [INFO] [1785623423.754087447] [smoother_server]: PSTMO LOS selector chose LOS (no-LOS=0.687465, LOS=0.610379, reason=los_quality_improvement)
[controller_server-9] [WARN] [1785623423.784798778] []: TF_OLD_DATA ignoring data from the past for frame base_link at time 7.020000 according to authority Authority undetectable
[controller_server-9] Possible reasons are listed at http://wiki.ros.org/tf/Errors%20explained
[smoother_server-10] [WARN] [1785623423.784831288] []: TF_OLD_DATA ignoring data from the past for frame base_link at time 7.020000 according to authority Authority undetectable
[smoother_server-10] Possible reasons are listed at http://wiki.ros.org/tf/Errors%20explained
[route_server-12] [WARN] [1785623423.784842514] []: TF_OLD_DATA ignoring data from the past for frame base_link at time 7.020000 according to authority Authority undetectable
[route_server-12] Possible reasons are listed at http://wiki.ros.org/tf/Errors%20explained
[collision_monitor-17] [WARN] [1785623423.784845069] []: TF_OLD_DATA ignoring data from the past for frame base_link at time 7.020000 according to authority Authority undetectable
[collision_monitor-17] Possible reasons are listed at http://wiki.ros.org/tf/Errors%20explained
[amcl-7] [WARN] [1785623423.784848975] []: TF_OLD_DATA ignoring data from the past for frame base_link at time 7.020000 according to authority Authority undetectable
[amcl-7] Possible reasons are listed at http://wiki.ros.org/tf/Errors%20explained
[bt_navigator-14] [WARN] [1785623423.784865395] []: TF_OLD_DATA ignoring data from the past for frame base_link at time 7.020000 according to authority Authority undetectable
[bt_navigator-14] Possible reasons are listed at http://wiki.ros.org/tf/Errors%20explained
[behavior_server-13] [WARN] [1785623423.784875777] []: TF_OLD_DATA ignoring data from the past for frame base_link at time 7.020000 according to authority Authority undetectable
[behavior_server-13] Possible reasons are listed at http://wiki.ros.org/tf/Errors%20explained
[planner_server-11] [WARN] [1785623423.784913744] []: TF_OLD_DATA ignoring data from the past for frame base_link at time 7.020000 according to authority Authority undetectable
[planner_server-11] Possible reasons are listed at http://wiki.ros.org/tf/Errors%20explained
[opennav_docking-18] [WARN] [1785623423.784934997] []: TF_OLD_DATA ignoring data from the past for frame base_link at time 7.020000 according to authority Authority undetectable
[opennav_docking-18] Possible reasons are listed at http://wiki.ros.org/tf/Errors%20explained
[controller_server-9] [WARN] [1785623423.821108481] []: TF_OLD_DATA ignoring data from the past for frame base_link at time 7.056000 according to authority Authority undetectable
[controller_server-9] Possible reasons are listed at http://wiki.ros.org/tf/Errors%20explained
[amcl-7] [WARN] [1785623423.821107438] []: TF_OLD_DATA ignoring data from the past for frame base_link at time 7.056000 according to authority Authority undetectable
[amcl-7] Possible reasons are listed at http://wiki.ros.org/tf/Errors%20explained
[behavior_server-13] [WARN] [1785623423.821117919] []: TF_OLD_DATA ignoring data from the past for frame base_link at time 7.056000 according to authority Authority undetectable
[behavior_server-13] Possible reasons are listed at http://wiki.ros.org/tf/Errors%20explained
[smoother_server-10] [WARN] [1785623423.821119404] []: TF_OLD_DATA ignoring data from the past for frame base_link at time 7.056000 according to authority Authority undetectable
[smoother_server-10] Possible reasons are listed at http://wiki.ros.org/tf/Errors%20explained
[bt_navigator-14] [WARN] [1785623423.821159455] []: TF_OLD_DATA ignoring data from the past for frame base_link at time 7.056000 according to authority Authority undetectable
[bt_navigator-14] Possible reasons are listed at http://wiki.ros.org/tf/Errors%20explained
[collision_monitor-17] [WARN] [1785623423.821166823] []: TF_OLD_DATA ignoring data from the past for frame base_link at time 7.056000 according to authority Authority undetectable
[collision_monitor-17] Possible reasons are listed at http://wiki.ros.org/tf/Errors%20explained
[planner_server-11] [WARN] [1785623423.821201199] []: TF_OLD_DATA ignoring data from the past for frame base_link at time 7.056000 according to authority Authority undetectable
[planner_server-11] Possible reasons are listed at http://wiki.ros.org/tf/Errors%20explained
[route_server-12] [WARN] [1785623423.821228043] []: TF_OLD_DATA ignoring data from the past for frame base_link at time 7.056000 according to authority Authority undetectable
[route_server-12] Possible reasons are listed at http://wiki.ros.org/tf/Errors%20explained
[opennav_docking-18] [WARN] [1785623423.821297462] []: TF_OLD_DATA ignoring data from the past for frame base_link at time 7.056000 according to authority Authority undetectable
[opennav_docking-18] Possible reasons are listed at http://wiki.ros.org/tf/Errors%20explained
[behavior_server-13] [WARN] [1785623423.856964094] []: TF_OLD_DATA ignoring data from the past for frame base_link at time 7.092000 according to authority Authority undetectable
[behavior_server-13] Possible reasons are listed at http://wiki.ros.org/tf/Errors%20explained
[amcl-7] [WARN] [1785623423.856970845] []: TF_OLD_DATA ignoring data from the past for frame base_link at time 7.092000 according to authority Authority undetectable
[amcl-7] Possible reasons are listed at http://wiki.ros.org/tf/Errors%20explained
[controller_server-9] [WARN] [1785623423.856995216] []: TF_OLD_DATA ignoring data from the past for frame base_link at time 7.092000 according to authority Authority undetectable
[controller_server-9] Possible reasons are listed at http://wiki.ros.org/tf/Errors%20explained
[collision_monitor-17] [WARN] [1785623423.856993200] []: TF_OLD_DATA ignoring data from the past for frame base_link at time 7.092000 according to authority Authority undetectable
[collision_monitor-17] Possible reasons are listed at http://wiki.ros.org/tf/Errors%20explained
[planner_server-11] [WARN] [1785623423.857015895] []: TF_OLD_DATA ignoring data from the past for frame base_link at time 7.092000 according to authority Authority undetectable
[planner_server-11] Possible reasons are listed at http://wiki.ros.org/tf/Errors%20explained
[bt_navigator-14] [WARN] [1785623423.857041316] []: TF_OLD_DATA ignoring data from the past for frame base_link at time 7.092000 according to authority Authority undetectable
[bt_navigator-14] Possible reasons are listed at http://wiki.ros.org/tf/Errors%20explained
[smoother_server-10] [WARN] [1785623423.857071118] []: TF_OLD_DATA ignoring data from the past for frame base_link at time 7.092000 according to authority Authority undetectable
[smoother_server-10] Possible reasons are listed at http://wiki.ros.org/tf/Errors%20explained
[route_server-12] [WARN] [1785623423.857080201] []: TF_OLD_DATA ignoring data from the past for frame base_link at time 7.092000 according to authority Authority undetectable
[route_server-12] Possible reasons are listed at http://wiki.ros.org/tf/Errors%20explained
[opennav_docking-18] [WARN] [1785623423.857182564] []: TF_OLD_DATA ignoring data from the past for frame base_link at time 7.092000 according to authority Authority undetectable
[opennav_docking-18] Possible reasons are listed at http://wiki.ros.org/tf/Errors%20explained
[amcl-7] [WARN] [1785623423.892947392] []: TF_OLD_DATA ignoring data from the past for frame base_link at time 7.128000 according to authority Authority undetectable
[amcl-7] Possible reasons are listed at http://wiki.ros.org/tf/Errors%20explained
[smoother_server-10] [WARN] [1785623423.892950566] []: TF_OLD_DATA ignoring data from the past for frame base_link at time 7.128000 according to authority Authority undetectable
[smoother_server-10] Possible reasons are listed at http://wiki.ros.org/tf/Errors%20explained
[planner_server-11] [WARN] [1785623423.893024887] []: TF_OLD_DATA ignoring data from the past for frame base_link at time 7.128000 according to authority Authority undetectable
[planner_server-11] Possible reasons are listed at http://wiki.ros.org/tf/Errors%20explained
[controller_server-9] [WARN] [1785623423.893026064] []: TF_OLD_DATA ignoring data from the past for frame base_link at time 7.128000 according to authority Authority undetectable
[controller_server-9] Possible reasons are listed at http://wiki.ros.org/tf/Errors%20explained
[collision_monitor-17] [WARN] [1785623423.893040373] []: TF_OLD_DATA ignoring data from the past for frame base_link at time 7.128000 according to authority Authority undetectable
[collision_monitor-17] Possible reasons are listed at http://wiki.ros.org/tf/Errors%20explained
[opennav_docking-18] [WARN] [1785623423.893058314] []: TF_OLD_DATA ignoring data from the past for frame base_link at time 7.128000 according to authority Authority undetectable
[opennav_docking-18] Possible reasons are listed at http://wiki.ros.org/tf/Errors%20explained
[bt_navigator-14] [WARN] [1785623423.893072311] []: TF_OLD_DATA ignoring data from the past for frame base_link at time 7.128000 according to authority Authority undetectable
[bt_navigator-14] Possible reasons are listed at http://wiki.ros.org/tf/Errors%20explained
[route_server-12] [WARN] [1785623423.893146654] []: TF_OLD_DATA ignoring data from the past for frame base_link at time 7.128000 according to authority Authority undetectable
[route_server-12] Possible reasons are listed at http://wiki.ros.org/tf/Errors%20explained
[behavior_server-13] [WARN] [1785623423.893230975] []: TF_OLD_DATA ignoring data from the past for frame base_link at time 7.128000 according to authority Authority undetectable
[behavior_server-13] Possible reasons are listed at http://wiki.ros.org/tf/Errors%20explained
[route_server-12] [WARN] [1785623423.928945747] []: TF_OLD_DATA ignoring data from the past for frame base_link at time 7.164000 according to authority Authority undetectable
[route_server-12] Possible reasons are listed at http://wiki.ros.org/tf/Errors%20explained
[controller_server-9] [WARN] [1785623423.928947603] []: TF_OLD_DATA ignoring data from the past for frame base_link at time 7.164000 according to authority Authority undetectable
[controller_server-9] Possible reasons are listed at http://wiki.ros.org/tf/Errors%20explained
[behavior_server-13] [WARN] [1785623423.928968682] []: TF_OLD_DATA ignoring data from the past for frame base_link at time 7.164000 according to authority Authority undetectable
[behavior_server-13] Possible reasons are listed at http://wiki.ros.org/tf/Errors%20explained
[opennav_docking-18] [WARN] [1785623423.928973176] []: TF_OLD_DATA ignoring data from the past for frame base_link at time 7.164000 according to authority Authority undetectable
[opennav_docking-18] Possible reasons are listed at http://wiki.ros.org/tf/Errors%20explained
[smoother_server-10] [WARN] [1785623423.928986199] []: TF_OLD_DATA ignoring data from the past for frame base_link at time 7.164000 according to authority Authority undetectable
[smoother_server-10] Possible reasons are listed at http://wiki.ros.org/tf/Errors%20explained
[amcl-7] [WARN] [1785623423.929031156] []: TF_OLD_DATA ignoring data from the past for frame base_link at time 7.164000 according to authority Authority undetectable
[amcl-7] Possible reasons are listed at http://wiki.ros.org/tf/Errors%20explained
[bt_navigator-14] [WARN] [1785623423.929035579] []: TF_OLD_DATA ignoring data from the past for frame base_link at time 7.164000 according to authority Authority undetectable
[bt_navigator-14] Possible reasons are listed at http://wiki.ros.org/tf/Errors%20explained
[planner_server-11] [WARN] [1785623423.929049289] []: TF_OLD_DATA ignoring data from the past for frame base_link at time 7.164000 according to authority Authority undetectable
[planner_server-11] Possible reasons are listed at http://wiki.ros.org/tf/Errors%20explained
[collision_monitor-17] [WARN] [1785623423.929070048] []: TF_OLD_DATA ignoring data from the past for frame base_link at time 7.164000 according to authority Authority undetectable
[collision_monitor-17] Possible reasons are listed at http://wiki.ros.org/tf/Errors%20explained
[batch_benchmark-5] [INFO] [1785623423.932631177] [planner_geometry_benchmark]: [5/5] SmacHybrid / southwest_northeast_weave / repetition 1
[controller_server-9] [WARN] [1785623423.964833755] []: TF_OLD_DATA ignoring data from the past for frame base_link at time 7.200000 according to authority Authority undetectable
[controller_server-9] Possible reasons are listed at http://wiki.ros.org/tf/Errors%20explained
[amcl-7] [WARN] [1785623423.964840945] []: TF_OLD_DATA ignoring data from the past for frame base_link at time 7.200000 according to authority Authority undetectable
[amcl-7] Possible reasons are listed at http://wiki.ros.org/tf/Errors%20explained
[behavior_server-13] [WARN] [1785623423.964865445] []: TF_OLD_DATA ignoring data from the past for frame base_link at time 7.200000 according to authority Authority undetectable
[behavior_server-13] Possible reasons are listed at http://wiki.ros.org/tf/Errors%20explained
[planner_server-11] [WARN] [1785623423.964866179] []: TF_OLD_DATA ignoring data from the past for frame base_link at time 7.200000 according to authority Authority undetectable
[planner_server-11] Possible reasons are listed at http://wiki.ros.org/tf/Errors%20explained
[route_server-12] [WARN] [1785623423.964877649] []: TF_OLD_DATA ignoring data from the past for frame base_link at time 7.200000 according to authority Authority undetectable
[route_server-12] Possible reasons are listed at http://wiki.ros.org/tf/Errors%20explained
[smoother_server-10] [WARN] [1785623423.964887721] []: TF_OLD_DATA ignoring data from the past for frame base_link at time 7.200000 according to authority Authority undetectable
[smoother_server-10] Possible reasons are listed at http://wiki.ros.org/tf/Errors%20explained
[collision_monitor-17] [WARN] [1785623423.964945353] []: TF_OLD_DATA ignoring data from the past for frame base_link at time 7.200000 according to authority Authority undetectable
[collision_monitor-17] Possible reasons are listed at http://wiki.ros.org/tf/Errors%20explained
[bt_navigator-14] [WARN] [1785623423.965036091] []: TF_OLD_DATA ignoring data from the past for frame base_link at time 7.200000 according to authority Authority undetectable
[bt_navigator-14] Possible reasons are listed at http://wiki.ros.org/tf/Errors%20explained
[opennav_docking-18] [WARN] [1785623423.965050222] []: TF_OLD_DATA ignoring data from the past for frame base_link at time 7.200000 according to authority Authority undetectable
[opennav_docking-18] Possible reasons are listed at http://wiki.ros.org/tf/Errors%20explained
[controller_server-9] [WARN] [1785623424.000768529] []: TF_OLD_DATA ignoring data from the past for frame base_link at time 7.236000 according to authority Authority undetectable
[controller_server-9] Possible reasons are listed at http://wiki.ros.org/tf/Errors%20explained
[behavior_server-13] [WARN] [1785623424.000773641] []: TF_OLD_DATA ignoring data from the past for frame base_link at time 7.236000 according to authority Authority undetectable
[behavior_server-13] Possible reasons are listed at http://wiki.ros.org/tf/Errors%20explained
[amcl-7] [WARN] [1785623424.000777539] []: TF_OLD_DATA ignoring data from the past for frame base_link at time 7.236000 according to authority Authority undetectable
[amcl-7] Possible reasons are listed at http://wiki.ros.org/tf/Errors%20explained
[collision_monitor-17] [WARN] [1785623424.000805253] []: TF_OLD_DATA ignoring data from the past for frame base_link at time 7.236000 according to authority Authority undetectable
[collision_monitor-17] Possible reasons are listed at http://wiki.ros.org/tf/Errors%20explained
[opennav_docking-18] [WARN] [1785623424.000817140] []: TF_OLD_DATA ignoring data from the past for frame base_link at time 7.236000 according to authority Authority undetectable
[opennav_docking-18] Possible reasons are listed at http://wiki.ros.org/tf/Errors%20explained
[route_server-12] [WARN] [1785623424.000835951] []: TF_OLD_DATA ignoring data from the past for frame base_link at time 7.236000 according to authority Authority undetectable
[route_server-12] Possible reasons are listed at http://wiki.ros.org/tf/Errors%20explained
[bt_navigator-14] [WARN] [1785623424.000860199] []: TF_OLD_DATA ignoring data from the past for frame base_link at time 7.236000 according to authority Authority undetectable
[bt_navigator-14] Possible reasons are listed at http://wiki.ros.org/tf/Errors%20explained
[smoother_server-10] [WARN] [1785623424.000872678] []: TF_OLD_DATA ignoring data from the past for frame base_link at time 7.236000 according to authority Authority undetectable
[smoother_server-10] Possible reasons are listed at http://wiki.ros.org/tf/Errors%20explained
[planner_server-11] [WARN] [1785623424.001282528] []: TF_OLD_DATA ignoring data from the past for frame base_link at time 7.236000 according to authority Authority undetectable
[planner_server-11] Possible reasons are listed at http://wiki.ros.org/tf/Errors%20explained
[amcl-7] [WARN] [1785623424.036977501] []: TF_OLD_DATA ignoring data from the past for frame base_link at time 7.272000 according to authority Authority undetectable
[amcl-7] Possible reasons are listed at http://wiki.ros.org/tf/Errors%20explained
[smoother_server-10] [WARN] [1785623424.036977354] []: TF_OLD_DATA ignoring data from the past for frame base_link at time 7.272000 according to authority Authority undetectable
[smoother_server-10] Possible reasons are listed at http://wiki.ros.org/tf/Errors%20explained
[planner_server-11] [WARN] [1785623424.037034464] []: TF_OLD_DATA ignoring data from the past for frame base_link at time 7.272000 according to authority Authority undetectable
[planner_server-11] Possible reasons are listed at http://wiki.ros.org/tf/Errors%20explained
[collision_monitor-17] [WARN] [1785623424.037032801] []: TF_OLD_DATA ignoring data from the past for frame base_link at time 7.272000 according to authority Authority undetectable
[collision_monitor-17] Possible reasons are listed at http://wiki.ros.org/tf/Errors%20explained
[controller_server-9] [WARN] [1785623424.037035303] []: TF_OLD_DATA ignoring data from the past for frame base_link at time 7.272000 according to authority Authority undetectable
[controller_server-9] Possible reasons are listed at http://wiki.ros.org/tf/Errors%20explained
[opennav_docking-18] [WARN] [1785623424.037086237] []: TF_OLD_DATA ignoring data from the past for frame base_link at time 7.272000 according to authority Authority undetectable
[opennav_docking-18] Possible reasons are listed at http://wiki.ros.org/tf/Errors%20explained
[route_server-12] [WARN] [1785623424.037115726] []: TF_OLD_DATA ignoring data from the past for frame base_link at time 7.272000 according to authority Authority undetectable
[route_server-12] Possible reasons are listed at http://wiki.ros.org/tf/Errors%20explained
[bt_navigator-14] [WARN] [1785623424.037211309] []: TF_OLD_DATA ignoring data from the past for frame base_link at time 7.272000 according to authority Authority undetectable
[bt_navigator-14] Possible reasons are listed at http://wiki.ros.org/tf/Errors%20explained
[behavior_server-13] [WARN] [1785623424.037229828] []: TF_OLD_DATA ignoring data from the past for frame base_link at time 7.272000 according to authority Authority undetectable
[behavior_server-13] Possible reasons are listed at http://wiki.ros.org/tf/Errors%20explained
[controller_server-9] [WARN] [1785623424.073032363] []: TF_OLD_DATA ignoring data from the past for frame base_link at time 7.308000 according to authority Authority undetectable
[controller_server-9] Possible reasons are listed at http://wiki.ros.org/tf/Errors%20explained
[amcl-7] [WARN] [1785623424.073071572] []: TF_OLD_DATA ignoring data from the past for frame base_link at time 7.308000 according to authority Authority undetectable
[amcl-7] Possible reasons are listed at http://wiki.ros.org/tf/Errors%20explained
[route_server-12] [WARN] [1785623424.073101004] []: TF_OLD_DATA ignoring data from the past for frame base_link at time 7.308000 according to authority Authority undetectable
[route_server-12] Possible reasons are listed at http://wiki.ros.org/tf/Errors%20explained
[smoother_server-10] [WARN] [1785623424.073126220] []: TF_OLD_DATA ignoring data from the past for frame base_link at time 7.308000 according to authority Authority undetectable
[smoother_server-10] Possible reasons are listed at http://wiki.ros.org/tf/Errors%20explained
[planner_server-11] [WARN] [1785623424.073127976] []: TF_OLD_DATA ignoring data from the past for frame base_link at time 7.308000 according to authority Authority undetectable
[planner_server-11] Possible reasons are listed at http://wiki.ros.org/tf/Errors%20explained
[opennav_docking-18] [WARN] [1785623424.073166605] []: TF_OLD_DATA ignoring data from the past for frame base_link at time 7.308000 according to authority Authority undetectable
[opennav_docking-18] Possible reasons are listed at http://wiki.ros.org/tf/Errors%20explained
[behavior_server-13] [WARN] [1785623424.073174567] []: TF_OLD_DATA ignoring data from the past for frame base_link at time 7.308000 according to authority Authority undetectable
[behavior_server-13] Possible reasons are listed at http://wiki.ros.org/tf/Errors%20explained
[bt_navigator-14] [WARN] [1785623424.073204701] []: TF_OLD_DATA ignoring data from the past for frame base_link at time 7.308000 according to authority Authority undetectable
[bt_navigator-14] Possible reasons are listed at http://wiki.ros.org/tf/Errors%20explained
[collision_monitor-17] [WARN] [1785623424.073218564] []: TF_OLD_DATA ignoring data from the past for frame base_link at time 7.308000 according to authority Authority undetectable
[collision_monitor-17] Possible reasons are listed at http://wiki.ros.org/tf/Errors%20explained
[controller_server-9] [WARN] [1785623424.108884084] []: TF_OLD_DATA ignoring data from the past for frame base_link at time 7.344000 according to authority Authority undetectable
[controller_server-9] Possible reasons are listed at http://wiki.ros.org/tf/Errors%20explained
[planner_server-11] [WARN] [1785623424.108915964] []: TF_OLD_DATA ignoring data from the past for frame base_link at time 7.344000 according to authority Authority undetectable
[planner_server-11] Possible reasons are listed at http://wiki.ros.org/tf/Errors%20explained
[collision_monitor-17] [WARN] [1785623424.108932615] []: TF_OLD_DATA ignoring data from the past for frame base_link at time 7.344000 according to authority Authority undetectable
[collision_monitor-17] Possible reasons are listed at http://wiki.ros.org/tf/Errors%20explained
[amcl-7] [WARN] [1785623424.108940063] []: TF_OLD_DATA ignoring data from the past for frame base_link at time 7.344000 according to authority Authority undetectable
[amcl-7] Possible reasons are listed at http://wiki.ros.org/tf/Errors%20explained
[bt_navigator-14] [WARN] [1785623424.108944305] []: TF_OLD_DATA ignoring data from the past for frame base_link at time 7.344000 according to authority Authority undetectable
[bt_navigator-14] Possible reasons are listed at http://wiki.ros.org/tf/Errors%20explained
[smoother_server-10] [WARN] [1785623424.108943923] []: TF_OLD_DATA ignoring data from the past for frame base_link at time 7.344000 according to authority Authority undetectable
[smoother_server-10] Possible reasons are listed at http://wiki.ros.org/tf/Errors%20explained
[behavior_server-13] [WARN] [1785623424.108958863] []: TF_OLD_DATA ignoring data from the past for frame base_link at time 7.344000 according to authority Authority undetectable
[behavior_server-13] Possible reasons are listed at http://wiki.ros.org/tf/Errors%20explained
[route_server-12] [WARN] [1785623424.108960270] []: TF_OLD_DATA ignoring data from the past for frame base_link at time 7.344000 according to authority Authority undetectable
[route_server-12] Possible reasons are listed at http://wiki.ros.org/tf/Errors%20explained
[opennav_docking-18] [WARN] [1785623424.108987994] []: TF_OLD_DATA ignoring data from the past for frame base_link at time 7.344000 according to authority Authority undetectable
[opennav_docking-18] Possible reasons are listed at http://wiki.ros.org/tf/Errors%20explained
[controller_server-9] [WARN] [1785623424.144645781] []: TF_OLD_DATA ignoring data from the past for frame base_link at time 7.380000 according to authority Authority undetectable
[controller_server-9] Possible reasons are listed at http://wiki.ros.org/tf/Errors%20explained
[amcl-7] [WARN] [1785623424.144658775] []: TF_OLD_DATA ignoring data from the past for frame base_link at time 7.380000 according to authority Authority undetectable
[amcl-7] Possible reasons are listed at http://wiki.ros.org/tf/Errors%20explained
[planner_server-11] [WARN] [1785623424.144693803] []: TF_OLD_DATA ignoring data from the past for frame base_link at time 7.380000 according to authority Authority undetectable
[planner_server-11] Possible reasons are listed at http://wiki.ros.org/tf/Errors%20explained
[opennav_docking-18] [WARN] [1785623424.144718480] []: TF_OLD_DATA ignoring data from the past for frame base_link at time 7.380000 according to authority Authority undetectable
[opennav_docking-18] Possible reasons are listed at http://wiki.ros.org/tf/Errors%20explained
[route_server-12] [WARN] [1785623424.144734120] []: TF_OLD_DATA ignoring data from the past for frame base_link at time 7.380000 according to authority Authority undetectable
[route_server-12] Possible reasons are listed at http://wiki.ros.org/tf/Errors%20explained
[smoother_server-10] [WARN] [1785623424.144737718] []: TF_OLD_DATA ignoring data from the past for frame base_link at time 7.380000 according to authority Authority undetectable
[smoother_server-10] Possible reasons are listed at http://wiki.ros.org/tf/Errors%20explained
[collision_monitor-17] [WARN] [1785623424.144748890] []: TF_OLD_DATA ignoring data from the past for frame base_link at time 7.380000 according to authority Authority undetectable
[collision_monitor-17] Possible reasons are listed at http://wiki.ros.org/tf/Errors%20explained
[behavior_server-13] [WARN] [1785623424.144763458] []: TF_OLD_DATA ignoring data from the past for frame base_link at time 7.380000 according to authority Authority undetectable
[behavior_server-13] Possible reasons are listed at http://wiki.ros.org/tf/Errors%20explained
[bt_navigator-14] [WARN] [1785623424.144797493] []: TF_OLD_DATA ignoring data from the past for frame base_link at time 7.380000 according to authority Authority undetectable
[bt_navigator-14] Possible reasons are listed at http://wiki.ros.org/tf/Errors%20explained
[amcl-7] [WARN] [1785623424.180851554] []: TF_OLD_DATA ignoring data from the past for frame base_link at time 7.416000 according to authority Authority undetectable
[amcl-7] Possible reasons are listed at http://wiki.ros.org/tf/Errors%20explained
[smoother_server-10] [WARN] [1785623424.180868384] []: TF_OLD_DATA ignoring data from the past for frame base_link at time 7.416000 according to authority Authority undetectable
[smoother_server-10] Possible reasons are listed at http://wiki.ros.org/tf/Errors%20explained
[controller_server-9] [WARN] [1785623424.180880258] []: TF_OLD_DATA ignoring data from the past for frame base_link at time 7.416000 according to authority Authority undetectable
[controller_server-9] Possible reasons are listed at http://wiki.ros.org/tf/Errors%20explained
[bt_navigator-14] [WARN] [1785623424.180902774] []: TF_OLD_DATA ignoring data from the past for frame base_link at time 7.416000 according to authority Authority undetectable
[bt_navigator-14] Possible reasons are listed at http://wiki.ros.org/tf/Errors%20explained
[opennav_docking-18] [WARN] [1785623424.180926610] []: TF_OLD_DATA ignoring data from the past for frame base_link at time 7.416000 according to authority Authority undetectable
[opennav_docking-18] Possible reasons are listed at http://wiki.ros.org/tf/Errors%20explained
[route_server-12] [WARN] [1785623424.180925550] []: TF_OLD_DATA ignoring data from the past for frame base_link at time 7.416000 according to authority Authority undetectable
[route_server-12] Possible reasons are listed at http://wiki.ros.org/tf/Errors%20explained
[collision_monitor-17] [WARN] [1785623424.180935936] []: TF_OLD_DATA ignoring data from the past for frame base_link at time 7.416000 according to authority Authority undetectable
[collision_monitor-17] Possible reasons are listed at http://wiki.ros.org/tf/Errors%20explained
[behavior_server-13] [WARN] [1785623424.180989736] []: TF_OLD_DATA ignoring data from the past for frame base_link at time 7.416000 according to authority Authority undetectable
[behavior_server-13] Possible reasons are listed at http://wiki.ros.org/tf/Errors%20explained
[planner_server-11] [WARN] [1785623424.181029371] []: TF_OLD_DATA ignoring data from the past for frame base_link at time 7.416000 according to authority Authority undetectable
[planner_server-11] Possible reasons are listed at http://wiki.ros.org/tf/Errors%20explained
[amcl-7] [WARN] [1785623424.217085418] []: TF_OLD_DATA ignoring data from the past for frame base_link at time 7.452000 according to authority Authority undetectable
[amcl-7] Possible reasons are listed at http://wiki.ros.org/tf/Errors%20explained
[controller_server-9] [WARN] [1785623424.217113160] []: TF_OLD_DATA ignoring data from the past for frame base_link at time 7.452000 according to authority Authority undetectable
[controller_server-9] Possible reasons are listed at http://wiki.ros.org/tf/Errors%20explained
[smoother_server-10] [WARN] [1785623424.217160441] []: TF_OLD_DATA ignoring data from the past for frame base_link at time 7.452000 according to authority Authority undetectable
[smoother_server-10] Possible reasons are listed at http://wiki.ros.org/tf/Errors%20explained
[route_server-12] [WARN] [1785623424.217162787] []: TF_OLD_DATA ignoring data from the past for frame base_link at time 7.452000 according to authority Authority undetectable
[route_server-12] Possible reasons are listed at http://wiki.ros.org/tf/Errors%20explained
[planner_server-11] [WARN] [1785623424.217176843] []: TF_OLD_DATA ignoring data from the past for frame base_link at time 7.452000 according to authority Authority undetectable
[planner_server-11] Possible reasons are listed at http://wiki.ros.org/tf/Errors%20explained
[bt_navigator-14] [WARN] [1785623424.217271018] []: TF_OLD_DATA ignoring data from the past for frame base_link at time 7.452000 according to authority Authority undetectable
[bt_navigator-14] Possible reasons are listed at http://wiki.ros.org/tf/Errors%20explained
[behavior_server-13] [WARN] [1785623424.217580765] []: TF_OLD_DATA ignoring data from the past for frame base_link at time 7.452000 according to authority Authority undetectable
[behavior_server-13] Possible reasons are listed at http://wiki.ros.org/tf/Errors%20explained
[collision_monitor-17] [WARN] [1785623424.217680804] []: TF_OLD_DATA ignoring data from the past for frame base_link at time 7.452000 according to authority Authority undetectable
[collision_monitor-17] Possible reasons are listed at http://wiki.ros.org/tf/Errors%20explained
[opennav_docking-18] [WARN] [1785623424.218627091] []: TF_OLD_DATA ignoring data from the past for frame base_link at time 7.452000 according to authority Authority undetectable
[opennav_docking-18] Possible reasons are listed at http://wiki.ros.org/tf/Errors%20explained
[controller_server-9] [WARN] [1785623424.252903119] []: TF_OLD_DATA ignoring data from the past for frame base_link at time 7.488000 according to authority Authority undetectable
[controller_server-9] Possible reasons are listed at http://wiki.ros.org/tf/Errors%20explained
[amcl-7] [WARN] [1785623424.252953519] []: TF_OLD_DATA ignoring data from the past for frame base_link at time 7.488000 according to authority Authority undetectable
[amcl-7] Possible reasons are listed at http://wiki.ros.org/tf/Errors%20explained
[bt_navigator-14] [WARN] [1785623424.253005140] []: TF_OLD_DATA ignoring data from the past for frame base_link at time 7.488000 according to authority Authority undetectable
[bt_navigator-14] Possible reasons are listed at http://wiki.ros.org/tf/Errors%20explained
[smoother_server-10] [WARN] [1785623424.253006706] []: TF_OLD_DATA ignoring data from the past for frame base_link at time 7.488000 according to authority Authority undetectable
[smoother_server-10] Possible reasons are listed at http://wiki.ros.org/tf/Errors%20explained
[opennav_docking-18] [WARN] [1785623424.253022556] []: TF_OLD_DATA ignoring data from the past for frame base_link at time 7.488000 according to authority Authority undetectable
[opennav_docking-18] Possible reasons are listed at http://wiki.ros.org/tf/Errors%20explained
[behavior_server-13] [WARN] [1785623424.253042164] []: TF_OLD_DATA ignoring data from the past for frame base_link at time 7.488000 according to authority Authority undetectable
[behavior_server-13] Possible reasons are listed at http://wiki.ros.org/tf/Errors%20explained
[planner_server-11] [WARN] [1785623424.253059265] []: TF_OLD_DATA ignoring data from the past for frame base_link at time 7.488000 according to authority Authority undetectable
[planner_server-11] Possible reasons are listed at http://wiki.ros.org/tf/Errors%20explained
[route_server-12] [WARN] [1785623424.253061776] []: TF_OLD_DATA ignoring data from the past for frame base_link at time 7.488000 according to authority Authority undetectable
[route_server-12] Possible reasons are listed at http://wiki.ros.org/tf/Errors%20explained
[collision_monitor-17] [WARN] [1785623424.253151534] []: TF_OLD_DATA ignoring data from the past for frame base_link at time 7.488000 according to authority Authority undetectable
[collision_monitor-17] Possible reasons are listed at http://wiki.ros.org/tf/Errors%20explained
[amcl-7] [WARN] [1785623424.289041528] []: TF_OLD_DATA ignoring data from the past for frame base_link at time 7.524000 according to authority Authority undetectable
[amcl-7] Possible reasons are listed at http://wiki.ros.org/tf/Errors%20explained
[planner_server-11] [WARN] [1785623424.289059494] []: TF_OLD_DATA ignoring data from the past for frame base_link at time 7.524000 according to authority Authority undetectable
[planner_server-11] Possible reasons are listed at http://wiki.ros.org/tf/Errors%20explained
[smoother_server-10] [WARN] [1785623424.289063296] []: TF_OLD_DATA ignoring data from the past for frame base_link at time 7.524000 according to authority Authority undetectable
[smoother_server-10] Possible reasons are listed at http://wiki.ros.org/tf/Errors%20explained
[route_server-12] [WARN] [1785623424.289068402] []: TF_OLD_DATA ignoring data from the past for frame base_link at time 7.524000 according to authority Authority undetectable
[route_server-12] Possible reasons are listed at http://wiki.ros.org/tf/Errors%20explained
[controller_server-9] [WARN] [1785623424.289086781] []: TF_OLD_DATA ignoring data from the past for frame base_link at time 7.524000 according to authority Authority undetectable
[controller_server-9] Possible reasons are listed at http://wiki.ros.org/tf/Errors%20explained
[bt_navigator-14] [WARN] [1785623424.289156349] []: TF_OLD_DATA ignoring data from the past for frame base_link at time 7.524000 according to authority Authority undetectable
[bt_navigator-14] Possible reasons are listed at http://wiki.ros.org/tf/Errors%20explained
[behavior_server-13] [WARN] [1785623424.289160206] []: TF_OLD_DATA ignoring data from the past for frame base_link at time 7.524000 according to authority Authority undetectable
[behavior_server-13] Possible reasons are listed at http://wiki.ros.org/tf/Errors%20explained
[collision_monitor-17] [WARN] [1785623424.289179798] []: TF_OLD_DATA ignoring data from the past for frame base_link at time 7.524000 according to authority Authority undetectable
[collision_monitor-17] Possible reasons are listed at http://wiki.ros.org/tf/Errors%20explained
[opennav_docking-18] [WARN] [1785623424.289211492] []: TF_OLD_DATA ignoring data from the past for frame base_link at time 7.524000 according to authority Authority undetectable
[opennav_docking-18] Possible reasons are listed at http://wiki.ros.org/tf/Errors%20explained
[controller_server-9] [WARN] [1785623424.324756504] []: TF_OLD_DATA ignoring data from the past for frame base_link at time 7.560000 according to authority Authority undetectable
[controller_server-9] Possible reasons are listed at http://wiki.ros.org/tf/Errors%20explained
[amcl-7] [WARN] [1785623424.324768296] []: TF_OLD_DATA ignoring data from the past for frame base_link at time 7.560000 according to authority Authority undetectable
[amcl-7] Possible reasons are listed at http://wiki.ros.org/tf/Errors%20explained
[smoother_server-10] [WARN] [1785623424.324783241] []: TF_OLD_DATA ignoring data from the past for frame base_link at time 7.560000 according to authority Authority undetectable
[smoother_server-10] Possible reasons are listed at http://wiki.ros.org/tf/Errors%20explained
[bt_navigator-14] [WARN] [1785623424.324784776] []: TF_OLD_DATA ignoring data from the past for frame base_link at time 7.560000 according to authority Authority undetectable
[bt_navigator-14] Possible reasons are listed at http://wiki.ros.org/tf/Errors%20explained
[behavior_server-13] [WARN] [1785623424.324800439] []: TF_OLD_DATA ignoring data from the past for frame base_link at time 7.560000 according to authority Authority undetectable
[behavior_server-13] Possible reasons are listed at http://wiki.ros.org/tf/Errors%20explained
[planner_server-11] [WARN] [1785623424.324807492] []: TF_OLD_DATA ignoring data from the past for frame base_link at time 7.560000 according to authority Authority undetectable
[planner_server-11] Possible reasons are listed at http://wiki.ros.org/tf/Errors%20explained
[collision_monitor-17] [WARN] [1785623424.324815193] []: TF_OLD_DATA ignoring data from the past for frame base_link at time 7.560000 according to authority Authority undetectable
[collision_monitor-17] Possible reasons are listed at http://wiki.ros.org/tf/Errors%20explained
[opennav_docking-18] [WARN] [1785623424.324828314] []: TF_OLD_DATA ignoring data from the past for frame base_link at time 7.560000 according to authority Authority undetectable
[opennav_docking-18] Possible reasons are listed at http://wiki.ros.org/tf/Errors%20explained
[route_server-12] [WARN] [1785623424.324869207] []: TF_OLD_DATA ignoring data from the past for frame base_link at time 7.560000 according to authority Authority undetectable
[route_server-12] Possible reasons are listed at http://wiki.ros.org/tf/Errors%20explained
[amcl-7] [WARN] [1785623424.360781264] []: TF_OLD_DATA ignoring data from the past for frame base_link at time 7.596000 according to authority Authority undetectable
[amcl-7] Possible reasons are listed at http://wiki.ros.org/tf/Errors%20explained
[behavior_server-13] [WARN] [1785623424.360796092] []: TF_OLD_DATA ignoring data from the past for frame base_link at time 7.596000 according to authority Authority undetectable
[behavior_server-13] Possible reasons are listed at http://wiki.ros.org/tf/Errors%20explained
[controller_server-9] [WARN] [1785623424.360817150] []: TF_OLD_DATA ignoring data from the past for frame base_link at time 7.596000 according to authority Authority undetectable
[controller_server-9] Possible reasons are listed at http://wiki.ros.org/tf/Errors%20explained
[bt_navigator-14] [WARN] [1785623424.361030706] []: TF_OLD_DATA ignoring data from the past for frame base_link at time 7.596000 according to authority Authority undetectable
[bt_navigator-14] Possible reasons are listed at http://wiki.ros.org/tf/Errors%20explained
[opennav_docking-18] [WARN] [1785623424.361056403] []: TF_OLD_DATA ignoring data from the past for frame base_link at time 7.596000 according to authority Authority undetectable
[opennav_docking-18] Possible reasons are listed at http://wiki.ros.org/tf/Errors%20explained
[planner_server-11] [WARN] [1785623424.361093552] []: TF_OLD_DATA ignoring data from the past for frame base_link at time 7.596000 according to authority Authority undetectable
[planner_server-11] Possible reasons are listed at http://wiki.ros.org/tf/Errors%20explained
[smoother_server-10] [WARN] [1785623424.361095129] []: TF_OLD_DATA ignoring data from the past for frame base_link at time 7.596000 according to authority Authority undetectable
[smoother_server-10] Possible reasons are listed at http://wiki.ros.org/tf/Errors%20explained
[route_server-12] [WARN] [1785623424.361174756] []: TF_OLD_DATA ignoring data from the past for frame base_link at time 7.596000 according to authority Authority undetectable
[route_server-12] Possible reasons are listed at http://wiki.ros.org/tf/Errors%20explained
[collision_monitor-17] [WARN] [1785623424.361234392] []: TF_OLD_DATA ignoring data from the past for frame base_link at time 7.596000 according to authority Authority undetectable
[collision_monitor-17] Possible reasons are listed at http://wiki.ros.org/tf/Errors%20explained
[controller_server-9] [WARN] [1785623424.396776048] []: TF_OLD_DATA ignoring data from the past for frame base_link at time 7.632000 according to authority Authority undetectable
[controller_server-9] Possible reasons are listed at http://wiki.ros.org/tf/Errors%20explained
[amcl-7] [WARN] [1785623424.396814246] []: TF_OLD_DATA ignoring data from the past for frame base_link at time 7.632000 according to authority Authority undetectable
[amcl-7] Possible reasons are listed at http://wiki.ros.org/tf/Errors%20explained
[smoother_server-10] [WARN] [1785623424.396837333] []: TF_OLD_DATA ignoring data from the past for frame base_link at time 7.632000 according to authority Authority undetectable
[smoother_server-10] Possible reasons are listed at http://wiki.ros.org/tf/Errors%20explained
[planner_server-11] [WARN] [1785623424.396872421] []: TF_OLD_DATA ignoring data from the past for frame base_link at time 7.632000 according to authority Authority undetectable
[planner_server-11] Possible reasons are listed at http://wiki.ros.org/tf/Errors%20explained
[collision_monitor-17] [WARN] [1785623424.396920378] []: TF_OLD_DATA ignoring data from the past for frame base_link at time 7.632000 according to authority Authority undetectable
[collision_monitor-17] Possible reasons are listed at http://wiki.ros.org/tf/Errors%20explained
[opennav_docking-18] [WARN] [1785623424.396957940] []: TF_OLD_DATA ignoring data from the past for frame base_link at time 7.632000 according to authority Authority undetectable
[opennav_docking-18] Possible reasons are listed at http://wiki.ros.org/tf/Errors%20explained
[behavior_server-13] [WARN] [1785623424.397026923] []: TF_OLD_DATA ignoring data from the past for frame base_link at time 7.632000 according to authority Authority undetectable
[behavior_server-13] Possible reasons are listed at http://wiki.ros.org/tf/Errors%20explained
[bt_navigator-14] [WARN] [1785623424.397036789] []: TF_OLD_DATA ignoring data from the past for frame base_link at time 7.632000 according to authority Authority undetectable
[bt_navigator-14] Possible reasons are listed at http://wiki.ros.org/tf/Errors%20explained
[route_server-12] [WARN] [1785623424.397121244] []: TF_OLD_DATA ignoring data from the past for frame base_link at time 7.632000 according to authority Authority undetectable
[route_server-12] Possible reasons are listed at http://wiki.ros.org/tf/Errors%20explained
[bt_navigator-14] [WARN] [1785623424.432934244] []: TF_OLD_DATA ignoring data from the past for frame base_link at time 7.668000 according to authority Authority undetectable
[bt_navigator-14] Possible reasons are listed at http://wiki.ros.org/tf/Errors%20explained
[planner_server-11] [WARN] [1785623424.432928204] []: TF_OLD_DATA ignoring data from the past for frame base_link at time 7.668000 according to authority Authority undetectable
[planner_server-11] Possible reasons are listed at http://wiki.ros.org/tf/Errors%20explained
[opennav_docking-18] [WARN] [1785623424.432932676] []: TF_OLD_DATA ignoring data from the past for frame base_link at time 7.668000 according to authority Authority undetectable
[opennav_docking-18] Possible reasons are listed at http://wiki.ros.org/tf/Errors%20explained
[controller_server-9] [WARN] [1785623424.432949856] []: TF_OLD_DATA ignoring data from the past for frame base_link at time 7.668000 according to authority Authority undetectable
[controller_server-9] Possible reasons are listed at http://wiki.ros.org/tf/Errors%20explained
[smoother_server-10] [WARN] [1785623424.432952737] []: TF_OLD_DATA ignoring data from the past for frame base_link at time 7.668000 according to authority Authority undetectable
[smoother_server-10] Possible reasons are listed at http://wiki.ros.org/tf/Errors%20explained
[behavior_server-13] [WARN] [1785623424.432968120] []: TF_OLD_DATA ignoring data from the past for frame base_link at time 7.668000 according to authority Authority undetectable
[behavior_server-13] Possible reasons are listed at http://wiki.ros.org/tf/Errors%20explained
[amcl-7] [WARN] [1785623424.432991302] []: TF_OLD_DATA ignoring data from the past for frame base_link at time 7.668000 according to authority Authority undetectable
[amcl-7] Possible reasons are listed at http://wiki.ros.org/tf/Errors%20explained
[route_server-12] [WARN] [1785623424.433215003] []: TF_OLD_DATA ignoring data from the past for frame base_link at time 7.668000 according to authority Authority undetectable
[route_server-12] Possible reasons are listed at http://wiki.ros.org/tf/Errors%20explained
[collision_monitor-17] [WARN] [1785623424.433337717] []: TF_OLD_DATA ignoring data from the past for frame base_link at time 7.668000 according to authority Authority undetectable
[collision_monitor-17] Possible reasons are listed at http://wiki.ros.org/tf/Errors%20explained
[smoother_server-10] [WARN] [1785623424.469015727] []: TF_OLD_DATA ignoring data from the past for frame base_link at time 7.704000 according to authority Authority undetectable
[smoother_server-10] Possible reasons are listed at http://wiki.ros.org/tf/Errors%20explained
[amcl-7] [WARN] [1785623424.469032287] []: TF_OLD_DATA ignoring data from the past for frame base_link at time 7.704000 according to authority Authority undetectable
[amcl-7] Possible reasons are listed at http://wiki.ros.org/tf/Errors%20explained
[collision_monitor-17] [WARN] [1785623424.469044821] []: TF_OLD_DATA ignoring data from the past for frame base_link at time 7.704000 according to authority Authority undetectable
[collision_monitor-17] Possible reasons are listed at http://wiki.ros.org/tf/Errors%20explained
[controller_server-9] [WARN] [1785623424.469050385] []: TF_OLD_DATA ignoring data from the past for frame base_link at time 7.704000 according to authority Authority undetectable
[controller_server-9] Possible reasons are listed at http://wiki.ros.org/tf/Errors%20explained
[opennav_docking-18] [WARN] [1785623424.469100420] []: TF_OLD_DATA ignoring data from the past for frame base_link at time 7.704000 according to authority Authority undetectable
[opennav_docking-18] Possible reasons are listed at http://wiki.ros.org/tf/Errors%20explained
[bt_navigator-14] [WARN] [1785623424.469105855] []: TF_OLD_DATA ignoring data from the past for frame base_link at time 7.704000 according to authority Authority undetectable
[bt_navigator-14] Possible reasons are listed at http://wiki.ros.org/tf/Errors%20explained
[planner_server-11] [WARN] [1785623424.469194868] []: TF_OLD_DATA ignoring data from the past for frame base_link at time 7.704000 according to authority Authority undetectable
[planner_server-11] Possible reasons are listed at http://wiki.ros.org/tf/Errors%20explained
[behavior_server-13] [WARN] [1785623424.469204561] []: TF_OLD_DATA ignoring data from the past for frame base_link at time 7.704000 according to authority Authority undetectable
[behavior_server-13] Possible reasons are listed at http://wiki.ros.org/tf/Errors%20explained
[route_server-12] [WARN] [1785623424.469365051] []: TF_OLD_DATA ignoring data from the past for frame base_link at time 7.704000 according to authority Authority undetectable
[route_server-12] Possible reasons are listed at http://wiki.ros.org/tf/Errors%20explained
[smoother_server-10] [WARN] [1785623424.504734467] []: TF_OLD_DATA ignoring data from the past for frame base_link at time 7.740000 according to authority Authority undetectable
[smoother_server-10] Possible reasons are listed at http://wiki.ros.org/tf/Errors%20explained
[bt_navigator-14] [WARN] [1785623424.504734470] []: TF_OLD_DATA ignoring data from the past for frame base_link at time 7.740000 according to authority Authority undetectable
[bt_navigator-14] Possible reasons are listed at http://wiki.ros.org/tf/Errors%20explained
[planner_server-11] [WARN] [1785623424.504738876] []: TF_OLD_DATA ignoring data from the past for frame base_link at time 7.740000 according to authority Authority undetectable
[planner_server-11] Possible reasons are listed at http://wiki.ros.org/tf/Errors%20explained
[collision_monitor-17] [WARN] [1785623424.504749273] []: TF_OLD_DATA ignoring data from the past for frame base_link at time 7.740000 according to authority Authority undetectable
[collision_monitor-17] Possible reasons are listed at http://wiki.ros.org/tf/Errors%20explained
[amcl-7] [WARN] [1785623424.504749986] []: TF_OLD_DATA ignoring data from the past for frame base_link at time 7.740000 according to authority Authority undetectable
[amcl-7] Possible reasons are listed at http://wiki.ros.org/tf/Errors%20explained
[opennav_docking-18] [WARN] [1785623424.504771568] []: TF_OLD_DATA ignoring data from the past for frame base_link at time 7.740000 according to authority Authority undetectable
[opennav_docking-18] Possible reasons are listed at http://wiki.ros.org/tf/Errors%20explained
[route_server-12] [WARN] [1785623424.504795058] []: TF_OLD_DATA ignoring data from the past for frame base_link at time 7.740000 according to authority Authority undetectable
[route_server-12] Possible reasons are listed at http://wiki.ros.org/tf/Errors%20explained
[controller_server-9] [WARN] [1785623424.504848790] []: TF_OLD_DATA ignoring data from the past for frame base_link at time 7.740000 according to authority Authority undetectable
[controller_server-9] Possible reasons are listed at http://wiki.ros.org/tf/Errors%20explained
[behavior_server-13] [WARN] [1785623424.504851826] []: TF_OLD_DATA ignoring data from the past for frame base_link at time 7.740000 according to authority Authority undetectable
[behavior_server-13] Possible reasons are listed at http://wiki.ros.org/tf/Errors%20explained
[controller_server-9] [WARN] [1785623424.540684615] []: TF_OLD_DATA ignoring data from the past for frame base_link at time 7.776000 according to authority Authority undetectable
[controller_server-9] Possible reasons are listed at http://wiki.ros.org/tf/Errors%20explained
[smoother_server-10] [WARN] [1785623424.540706351] []: TF_OLD_DATA ignoring data from the past for frame base_link at time 7.776000 according to authority Authority undetectable
[smoother_server-10] Possible reasons are listed at http://wiki.ros.org/tf/Errors%20explained
[amcl-7] [WARN] [1785623424.540702339] []: TF_OLD_DATA ignoring data from the past for frame base_link at time 7.776000 according to authority Authority undetectable
[amcl-7] Possible reasons are listed at http://wiki.ros.org/tf/Errors%20explained
[planner_server-11] [WARN] [1785623424.540706914] []: TF_OLD_DATA ignoring data from the past for frame base_link at time 7.776000 according to authority Authority undetectable
[planner_server-11] Possible reasons are listed at http://wiki.ros.org/tf/Errors%20explained
[behavior_server-13] [WARN] [1785623424.540733575] []: TF_OLD_DATA ignoring data from the past for frame base_link at time 7.776000 according to authority Authority undetectable
[behavior_server-13] Possible reasons are listed at http://wiki.ros.org/tf/Errors%20explained
[route_server-12] [WARN] [1785623424.540752071] []: TF_OLD_DATA ignoring data from the past for frame base_link at time 7.776000 according to authority Authority undetectable
[route_server-12] Possible reasons are listed at http://wiki.ros.org/tf/Errors%20explained
[bt_navigator-14] [WARN] [1785623424.540758727] []: TF_OLD_DATA ignoring data from the past for frame base_link at time 7.776000 according to authority Authority undetectable
[bt_navigator-14] Possible reasons are listed at http://wiki.ros.org/tf/Errors%20explained
[collision_monitor-17] [WARN] [1785623424.540766702] []: TF_OLD_DATA ignoring data from the past for frame base_link at time 7.776000 according to authority Authority undetectable
[collision_monitor-17] Possible reasons are listed at http://wiki.ros.org/tf/Errors%20explained
[opennav_docking-18] [WARN] [1785623424.540774879] []: TF_OLD_DATA ignoring data from the past for frame base_link at time 7.776000 according to authority Authority undetectable
[opennav_docking-18] Possible reasons are listed at http://wiki.ros.org/tf/Errors%20explained
[smoother_server-10] [INFO] [1785623424.562162850] [smoother_server]: Received a path to smooth.
[amcl-7] [WARN] [1785623424.576934292] []: TF_OLD_DATA ignoring data from the past for frame base_link at time 7.812000 according to authority Authority undetectable
[amcl-7] Possible reasons are listed at http://wiki.ros.org/tf/Errors%20explained
[controller_server-9] [WARN] [1785623424.576934181] []: TF_OLD_DATA ignoring data from the past for frame base_link at time 7.812000 according to authority Authority undetectable
[controller_server-9] Possible reasons are listed at http://wiki.ros.org/tf/Errors%20explained
[smoother_server-10] [WARN] [1785623424.576934299] []: TF_OLD_DATA ignoring data from the past for frame base_link at time 7.812000 according to authority Authority undetectable
[smoother_server-10] Possible reasons are listed at http://wiki.ros.org/tf/Errors%20explained
[planner_server-11] [WARN] [1785623424.577044124] []: TF_OLD_DATA ignoring data from the past for frame base_link at time 7.812000 according to authority Authority undetectable
[planner_server-11] Possible reasons are listed at http://wiki.ros.org/tf/Errors%20explained
[route_server-12] [WARN] [1785623424.577066549] []: TF_OLD_DATA ignoring data from the past for frame base_link at time 7.812000 according to authority Authority undetectable
[route_server-12] Possible reasons are listed at http://wiki.ros.org/tf/Errors%20explained
[bt_navigator-14] [WARN] [1785623424.577074300] []: TF_OLD_DATA ignoring data from the past for frame base_link at time 7.812000 according to authority Authority undetectable
[bt_navigator-14] Possible reasons are listed at http://wiki.ros.org/tf/Errors%20explained
[behavior_server-13] [WARN] [1785623424.577080372] []: TF_OLD_DATA ignoring data from the past for frame base_link at time 7.812000 according to authority Authority undetectable
[behavior_server-13] Possible reasons are listed at http://wiki.ros.org/tf/Errors%20explained
[opennav_docking-18] [WARN] [1785623424.577096091] []: TF_OLD_DATA ignoring data from the past for frame base_link at time 7.812000 according to authority Authority undetectable
[opennav_docking-18] Possible reasons are listed at http://wiki.ros.org/tf/Errors%20explained
[collision_monitor-17] [WARN] [1785623424.577111000] []: TF_OLD_DATA ignoring data from the past for frame base_link at time 7.812000 according to authority Authority undetectable
[collision_monitor-17] Possible reasons are listed at http://wiki.ros.org/tf/Errors%20explained
[smoother_server-10] [WARN] [1785623424.613174469] []: TF_OLD_DATA ignoring data from the past for frame base_link at time 7.848000 according to authority Authority undetectable
[smoother_server-10] Possible reasons are listed at http://wiki.ros.org/tf/Errors%20explained
[route_server-12] [WARN] [1785623424.613180468] []: TF_OLD_DATA ignoring data from the past for frame base_link at time 7.848000 according to authority Authority undetectable
[route_server-12] Possible reasons are listed at http://wiki.ros.org/tf/Errors%20explained
[opennav_docking-18] [WARN] [1785623424.613212963] []: TF_OLD_DATA ignoring data from the past for frame base_link at time 7.848000 according to authority Authority undetectable
[opennav_docking-18] Possible reasons are listed at http://wiki.ros.org/tf/Errors%20explained
[collision_monitor-17] [WARN] [1785623424.613214324] []: TF_OLD_DATA ignoring data from the past for frame base_link at time 7.848000 according to authority Authority undetectable
[collision_monitor-17] Possible reasons are listed at http://wiki.ros.org/tf/Errors%20explained
[bt_navigator-14] [WARN] [1785623424.613221761] []: TF_OLD_DATA ignoring data from the past for frame base_link at time 7.848000 according to authority Authority undetectable
[bt_navigator-14] Possible reasons are listed at http://wiki.ros.org/tf/Errors%20explained
[behavior_server-13] [WARN] [1785623424.613279217] []: TF_OLD_DATA ignoring data from the past for frame base_link at time 7.848000 according to authority Authority undetectable
[behavior_server-13] Possible reasons are listed at http://wiki.ros.org/tf/Errors%20explained
[controller_server-9] [WARN] [1785623424.613311401] []: TF_OLD_DATA ignoring data from the past for frame base_link at time 7.848000 according to authority Authority undetectable
[controller_server-9] Possible reasons are listed at http://wiki.ros.org/tf/Errors%20explained
[amcl-7] [WARN] [1785623424.613513243] []: TF_OLD_DATA ignoring data from the past for frame base_link at time 7.848000 according to authority Authority undetectable
[amcl-7] Possible reasons are listed at http://wiki.ros.org/tf/Errors%20explained
[planner_server-11] [WARN] [1785623424.613594989] []: TF_OLD_DATA ignoring data from the past for frame base_link at time 7.848000 according to authority Authority undetectable
[planner_server-11] Possible reasons are listed at http://wiki.ros.org/tf/Errors%20explained
[collision_monitor-17] [WARN] [1785623424.649333953] []: TF_OLD_DATA ignoring data from the past for frame base_link at time 7.884000 according to authority Authority undetectable
[collision_monitor-17] Possible reasons are listed at http://wiki.ros.org/tf/Errors%20explained
[bt_navigator-14] [WARN] [1785623424.649328611] []: TF_OLD_DATA ignoring data from the past for frame base_link at time 7.884000 according to authority Authority undetectable
[bt_navigator-14] Possible reasons are listed at http://wiki.ros.org/tf/Errors%20explained
[planner_server-11] [WARN] [1785623424.649392938] []: TF_OLD_DATA ignoring data from the past for frame base_link at time 7.884000 according to authority Authority undetectable
[planner_server-11] Possible reasons are listed at http://wiki.ros.org/tf/Errors%20explained
[behavior_server-13] [WARN] [1785623424.649409728] []: TF_OLD_DATA ignoring data from the past for frame base_link at time 7.884000 according to authority Authority undetectable
[behavior_server-13] Possible reasons are listed at http://wiki.ros.org/tf/Errors%20explained
[route_server-12] [WARN] [1785623424.649425614] []: TF_OLD_DATA ignoring data from the past for frame base_link at time 7.884000 according to authority Authority undetectable
[route_server-12] Possible reasons are listed at http://wiki.ros.org/tf/Errors%20explained
[smoother_server-10] [WARN] [1785623424.649441646] []: TF_OLD_DATA ignoring data from the past for frame base_link at time 7.884000 according to authority Authority undetectable
[smoother_server-10] Possible reasons are listed at http://wiki.ros.org/tf/Errors%20explained
[amcl-7] [WARN] [1785623424.649328417] []: TF_OLD_DATA ignoring data from the past for frame base_link at time 7.884000 according to authority Authority undetectable
[amcl-7] Possible reasons are listed at http://wiki.ros.org/tf/Errors%20explained
[controller_server-9] [WARN] [1785623424.649662745] []: TF_OLD_DATA ignoring data from the past for frame base_link at time 7.884000 according to authority Authority undetectable
[controller_server-9] Possible reasons are listed at http://wiki.ros.org/tf/Errors%20explained
[opennav_docking-18] [WARN] [1785623424.649830822] []: TF_OLD_DATA ignoring data from the past for frame base_link at time 7.884000 according to authority Authority undetectable
[opennav_docking-18] Possible reasons are listed at http://wiki.ros.org/tf/Errors%20explained
[smoother_server-10] [INFO] [1785623424.673168095] [smoother_server]: PSTMO: 13 corners, 13 G2, 0 pivots, 0 pass-through, 520 evaluations, 0.110772 s
[controller_server-9] [WARN] [1785623424.684857401] []: TF_OLD_DATA ignoring data from the past for frame base_link at time 7.920000 according to authority Authority undetectable
[controller_server-9] Possible reasons are listed at http://wiki.ros.org/tf/Errors%20explained
[smoother_server-10] [WARN] [1785623424.684879082] []: TF_OLD_DATA ignoring data from the past for frame base_link at time 7.920000 according to authority Authority undetectable
[smoother_server-10] Possible reasons are listed at http://wiki.ros.org/tf/Errors%20explained
[planner_server-11] [WARN] [1785623424.684896650] []: TF_OLD_DATA ignoring data from the past for frame base_link at time 7.920000 according to authority Authority undetectable
[planner_server-11] Possible reasons are listed at http://wiki.ros.org/tf/Errors%20explained
[route_server-12] [WARN] [1785623424.684901444] []: TF_OLD_DATA ignoring data from the past for frame base_link at time 7.920000 according to authority Authority undetectable
[route_server-12] Possible reasons are listed at http://wiki.ros.org/tf/Errors%20explained
[amcl-7] [WARN] [1785623424.684903768] []: TF_OLD_DATA ignoring data from the past for frame base_link at time 7.920000 according to authority Authority undetectable
[amcl-7] Possible reasons are listed at http://wiki.ros.org/tf/Errors%20explained
[collision_monitor-17] [WARN] [1785623424.684913705] []: TF_OLD_DATA ignoring data from the past for frame base_link at time 7.920000 according to authority Authority undetectable
[collision_monitor-17] Possible reasons are listed at http://wiki.ros.org/tf/Errors%20explained
[behavior_server-13] [WARN] [1785623424.684943323] []: TF_OLD_DATA ignoring data from the past for frame base_link at time 7.920000 according to authority Authority undetectable
[behavior_server-13] Possible reasons are listed at http://wiki.ros.org/tf/Errors%20explained
[opennav_docking-18] [WARN] [1785623424.684967445] []: TF_OLD_DATA ignoring data from the past for frame base_link at time 7.920000 according to authority Authority undetectable
[opennav_docking-18] Possible reasons are listed at http://wiki.ros.org/tf/Errors%20explained
[bt_navigator-14] [WARN] [1785623424.685423197] []: TF_OLD_DATA ignoring data from the past for frame base_link at time 7.920000 according to authority Authority undetectable
[bt_navigator-14] Possible reasons are listed at http://wiki.ros.org/tf/Errors%20explained
[smoother_server-10] [INFO] [1785623424.703734959] [smoother_server]: PSTMO: 4 corners, 3 G2, 0 pivots, 1 pass-through, 120 evaluations, 0.030390 s
[smoother_server-10] [INFO] [1785623424.704475513] [smoother_server]: PSTMO LOS selector chose LOS (no-LOS=0.653265, LOS=0.602937, reason=los_quality_improvement)
[controller_server-9] [WARN] [1785623424.720918079] []: TF_OLD_DATA ignoring data from the past for frame base_link at time 7.956000 according to authority Authority undetectable
[controller_server-9] Possible reasons are listed at http://wiki.ros.org/tf/Errors%20explained
[amcl-7] [WARN] [1785623424.720918144] []: TF_OLD_DATA ignoring data from the past for frame base_link at time 7.956000 according to authority Authority undetectable
[amcl-7] Possible reasons are listed at http://wiki.ros.org/tf/Errors%20explained
[planner_server-11] [WARN] [1785623424.720954435] []: TF_OLD_DATA ignoring data from the past for frame base_link at time 7.956000 according to authority Authority undetectable
[planner_server-11] Possible reasons are listed at http://wiki.ros.org/tf/Errors%20explained
[smoother_server-10] [WARN] [1785623424.720986627] []: TF_OLD_DATA ignoring data from the past for frame base_link at time 7.956000 according to authority Authority undetectable
[smoother_server-10] Possible reasons are listed at http://wiki.ros.org/tf/Errors%20explained
[route_server-12] [WARN] [1785623424.720991184] []: TF_OLD_DATA ignoring data from the past for frame base_link at time 7.956000 according to authority Authority undetectable
[route_server-12] Possible reasons are listed at http://wiki.ros.org/tf/Errors%20explained
[collision_monitor-17] [WARN] [1785623424.720998201] []: TF_OLD_DATA ignoring data from the past for frame base_link at time 7.956000 according to authority Authority undetectable
[collision_monitor-17] Possible reasons are listed at http://wiki.ros.org/tf/Errors%20explained
[opennav_docking-18] [WARN] [1785623424.720999283] []: TF_OLD_DATA ignoring data from the past for frame base_link at time 7.956000 according to authority Authority undetectable
[opennav_docking-18] Possible reasons are listed at http://wiki.ros.org/tf/Errors%20explained
[behavior_server-13] [WARN] [1785623424.721034744] []: TF_OLD_DATA ignoring data from the past for frame base_link at time 7.956000 according to authority Authority undetectable
[behavior_server-13] Possible reasons are listed at http://wiki.ros.org/tf/Errors%20explained
[bt_navigator-14] [WARN] [1785623424.721046094] []: TF_OLD_DATA ignoring data from the past for frame base_link at time 7.956000 according to authority Authority undetectable
[bt_navigator-14] Possible reasons are listed at http://wiki.ros.org/tf/Errors%20explained
[controller_server-9] [WARN] [1785623424.757110186] []: TF_OLD_DATA ignoring data from the past for frame base_link at time 7.992000 according to authority Authority undetectable
[controller_server-9] Possible reasons are listed at http://wiki.ros.org/tf/Errors%20explained
[amcl-7] [WARN] [1785623424.757110246] []: TF_OLD_DATA ignoring data from the past for frame base_link at time 7.992000 according to authority Authority undetectable
[amcl-7] Possible reasons are listed at http://wiki.ros.org/tf/Errors%20explained
[collision_monitor-17] [WARN] [1785623424.757163444] []: TF_OLD_DATA ignoring data from the past for frame base_link at time 7.992000 according to authority Authority undetectable
[collision_monitor-17] Possible reasons are listed at http://wiki.ros.org/tf/Errors%20explained
[route_server-12] [WARN] [1785623424.757195608] []: TF_OLD_DATA ignoring data from the past for frame base_link at time 7.992000 according to authority Authority undetectable
[route_server-12] Possible reasons are listed at http://wiki.ros.org/tf/Errors%20explained
[smoother_server-10] [WARN] [1785623424.757196544] []: TF_OLD_DATA ignoring data from the past for frame base_link at time 7.992000 according to authority Authority undetectable
[smoother_server-10] Possible reasons are listed at http://wiki.ros.org/tf/Errors%20explained
[opennav_docking-18] [WARN] [1785623424.757199838] []: TF_OLD_DATA ignoring data from the past for frame base_link at time 7.992000 according to authority Authority undetectable
[opennav_docking-18] Possible reasons are listed at http://wiki.ros.org/tf/Errors%20explained
[bt_navigator-14] [WARN] [1785623424.757226607] []: TF_OLD_DATA ignoring data from the past for frame base_link at time 7.992000 according to authority Authority undetectable
[bt_navigator-14] Possible reasons are listed at http://wiki.ros.org/tf/Errors%20explained
[behavior_server-13] [WARN] [1785623424.757296189] []: TF_OLD_DATA ignoring data from the past for frame base_link at time 7.992000 according to authority Authority undetectable
[behavior_server-13] Possible reasons are listed at http://wiki.ros.org/tf/Errors%20explained
[planner_server-11] [WARN] [1785623424.757379414] []: TF_OLD_DATA ignoring data from the past for frame base_link at time 7.992000 according to authority Authority undetectable
[planner_server-11] Possible reasons are listed at http://wiki.ros.org/tf/Errors%20explained
[amcl-7] [WARN] [1785623424.792950609] []: TF_OLD_DATA ignoring data from the past for frame base_link at time 8.028000 according to authority Authority undetectable
[amcl-7] Possible reasons are listed at http://wiki.ros.org/tf/Errors%20explained
[smoother_server-10] [WARN] [1785623424.793047345] []: TF_OLD_DATA ignoring data from the past for frame base_link at time 8.028000 according to authority Authority undetectable
[smoother_server-10] Possible reasons are listed at http://wiki.ros.org/tf/Errors%20explained
[route_server-12] [WARN] [1785623424.793067702] []: TF_OLD_DATA ignoring data from the past for frame base_link at time 8.028000 according to authority Authority undetectable
[route_server-12] Possible reasons are listed at http://wiki.ros.org/tf/Errors%20explained
[opennav_docking-18] [WARN] [1785623424.793086499] []: TF_OLD_DATA ignoring data from the past for frame base_link at time 8.028000 according to authority Authority undetectable
[opennav_docking-18] Possible reasons are listed at http://wiki.ros.org/tf/Errors%20explained
[collision_monitor-17] [WARN] [1785623424.793138145] []: TF_OLD_DATA ignoring data from the past for frame base_link at time 8.028000 according to authority Authority undetectable
[collision_monitor-17] Possible reasons are listed at http://wiki.ros.org/tf/Errors%20explained
[planner_server-11] [WARN] [1785623424.793155410] []: TF_OLD_DATA ignoring data from the past for frame base_link at time 8.028000 according to authority Authority undetectable
[planner_server-11] Possible reasons are listed at http://wiki.ros.org/tf/Errors%20explained
[controller_server-9] [WARN] [1785623424.793159514] []: TF_OLD_DATA ignoring data from the past for frame base_link at time 8.028000 according to authority Authority undetectable
[controller_server-9] Possible reasons are listed at http://wiki.ros.org/tf/Errors%20explained
[bt_navigator-14] [WARN] [1785623424.793163629] []: TF_OLD_DATA ignoring data from the past for frame base_link at time 8.028000 according to authority Authority undetectable
[bt_navigator-14] Possible reasons are listed at http://wiki.ros.org/tf/Errors%20explained
[behavior_server-13] [WARN] [1785623424.793504188] []: TF_OLD_DATA ignoring data from the past for frame base_link at time 8.028000 according to authority Authority undetectable
[behavior_server-13] Possible reasons are listed at http://wiki.ros.org/tf/Errors%20explained
[controller_server-9] [WARN] [1785623424.828829970] []: TF_OLD_DATA ignoring data from the past for frame base_link at time 8.064000 according to authority Authority undetectable
[controller_server-9] Possible reasons are listed at http://wiki.ros.org/tf/Errors%20explained
[smoother_server-10] [WARN] [1785623424.828855583] []: TF_OLD_DATA ignoring data from the past for frame base_link at time 8.064000 according to authority Authority undetectable
[smoother_server-10] Possible reasons are listed at http://wiki.ros.org/tf/Errors%20explained
[bt_navigator-14] [WARN] [1785623424.828864376] []: TF_OLD_DATA ignoring data from the past for frame base_link at time 8.064000 according to authority Authority undetectable
[bt_navigator-14] Possible reasons are listed at http://wiki.ros.org/tf/Errors%20explained
[collision_monitor-17] [WARN] [1785623424.828892427] []: TF_OLD_DATA ignoring data from the past for frame base_link at time 8.064000 according to authority Authority undetectable
[collision_monitor-17] Possible reasons are listed at http://wiki.ros.org/tf/Errors%20explained
[behavior_server-13] [WARN] [1785623424.828892058] []: TF_OLD_DATA ignoring data from the past for frame base_link at time 8.064000 according to authority Authority undetectable
[behavior_server-13] Possible reasons are listed at http://wiki.ros.org/tf/Errors%20explained
[amcl-7] [WARN] [1785623424.828932252] []: TF_OLD_DATA ignoring data from the past for frame base_link at time 8.064000 according to authority Authority undetectable
[amcl-7] Possible reasons are listed at http://wiki.ros.org/tf/Errors%20explained
[route_server-12] [WARN] [1785623424.828949941] []: TF_OLD_DATA ignoring data from the past for frame base_link at time 8.064000 according to authority Authority undetectable
[route_server-12] Possible reasons are listed at http://wiki.ros.org/tf/Errors%20explained
[planner_server-11] [WARN] [1785623424.828957185] []: TF_OLD_DATA ignoring data from the past for frame base_link at time 8.064000 according to authority Authority undetectable
[planner_server-11] Possible reasons are listed at http://wiki.ros.org/tf/Errors%20explained
[opennav_docking-18] [WARN] [1785623424.829061484] []: TF_OLD_DATA ignoring data from the past for frame base_link at time 8.064000 according to authority Authority undetectable
[opennav_docking-18] Possible reasons are listed at http://wiki.ros.org/tf/Errors%20explained
[batch_benchmark-5] [INFO] [1785623424.837570648] [planner_geometry_benchmark]: Wrote 10 rows to /home/linh-pham/agv_nav2_research_ws_bao/results/pstmo_adaptive_los_joint_dq_full_20260802/narrow_aisles.csv
[batch_benchmark-5] [INFO] [1785623424.837916513] [planner_geometry_benchmark]: Wrote aggregate summary to /home/linh-pham/agv_nav2_research_ws_bao/results/pstmo_adaptive_los_joint_dq_full_20260802/narrow_aisles_summary.json
[controller_server-9] [WARN] [1785623424.864968170] []: TF_OLD_DATA ignoring data from the past for frame base_link at time 8.100000 according to authority Authority undetectable
[controller_server-9] Possible reasons are listed at http://wiki.ros.org/tf/Errors%20explained
[amcl-7] [WARN] [1785623424.864989213] []: TF_OLD_DATA ignoring data from the past for frame base_link at time 8.100000 according to authority Authority undetectable
[amcl-7] Possible reasons are listed at http://wiki.ros.org/tf/Errors%20explained
[planner_server-11] [WARN] [1785623424.865029530] []: TF_OLD_DATA ignoring data from the past for frame base_link at time 8.100000 according to authority Authority undetectable
[planner_server-11] Possible reasons are listed at http://wiki.ros.org/tf/Errors%20explained
[route_server-12] [WARN] [1785623424.865034256] []: TF_OLD_DATA ignoring data from the past for frame base_link at time 8.100000 according to authority Authority undetectable
[route_server-12] Possible reasons are listed at http://wiki.ros.org/tf/Errors%20explained
[smoother_server-10] [WARN] [1785623424.865039951] []: TF_OLD_DATA ignoring data from the past for frame base_link at time 8.100000 according to authority Authority undetectable
[smoother_server-10] Possible reasons are listed at http://wiki.ros.org/tf/Errors%20explained
[behavior_server-13] [WARN] [1785623424.865060385] []: TF_OLD_DATA ignoring data from the past for frame base_link at time 8.100000 according to authority Authority undetectable
[behavior_server-13] Possible reasons are listed at http://wiki.ros.org/tf/Errors%20explained
[bt_navigator-14] [WARN] [1785623424.865121861] []: TF_OLD_DATA ignoring data from the past for frame base_link at time 8.100000 according to authority Authority undetectable
[bt_navigator-14] Possible reasons are listed at http://wiki.ros.org/tf/Errors%20explained
[opennav_docking-18] [WARN] [1785623424.865124386] []: TF_OLD_DATA ignoring data from the past for frame base_link at time 8.100000 according to authority Authority undetectable
[opennav_docking-18] Possible reasons are listed at http://wiki.ros.org/tf/Errors%20explained
[collision_monitor-17] [WARN] [1785623424.865313745] []: TF_OLD_DATA ignoring data from the past for frame base_link at time 8.100000 according to authority Authority undetectable
[collision_monitor-17] Possible reasons are listed at http://wiki.ros.org/tf/Errors%20explained
[controller_server-9] [WARN] [1785623424.901003003] []: TF_OLD_DATA ignoring data from the past for frame base_link at time 8.136000 according to authority Authority undetectable
[controller_server-9] Possible reasons are listed at http://wiki.ros.org/tf/Errors%20explained
[amcl-7] [WARN] [1785623424.901011693] []: TF_OLD_DATA ignoring data from the past for frame base_link at time 8.136000 according to authority Authority undetectable
[amcl-7] Possible reasons are listed at http://wiki.ros.org/tf/Errors%20explained
[smoother_server-10] [WARN] [1785623424.901023105] []: TF_OLD_DATA ignoring data from the past for frame base_link at time 8.136000 according to authority Authority undetectable
[smoother_server-10] Possible reasons are listed at http://wiki.ros.org/tf/Errors%20explained
[route_server-12] [WARN] [1785623424.901039933] []: TF_OLD_DATA ignoring data from the past for frame base_link at time 8.136000 according to authority Authority undetectable
[route_server-12] Possible reasons are listed at http://wiki.ros.org/tf/Errors%20explained
[collision_monitor-17] [WARN] [1785623424.901091467] []: TF_OLD_DATA ignoring data from the past for frame base_link at time 8.136000 according to authority Authority undetectable
[collision_monitor-17] Possible reasons are listed at http://wiki.ros.org/tf/Errors%20explained
[opennav_docking-18] [WARN] [1785623424.901093128] []: TF_OLD_DATA ignoring data from the past for frame base_link at time 8.136000 according to authority Authority undetectable
[opennav_docking-18] Possible reasons are listed at http://wiki.ros.org/tf/Errors%20explained
[behavior_server-13] [WARN] [1785623424.901095704] []: TF_OLD_DATA ignoring data from the past for frame base_link at time 8.136000 according to authority Authority undetectable
[behavior_server-13] Possible reasons are listed at http://wiki.ros.org/tf/Errors%20explained
[bt_navigator-14] [WARN] [1785623424.901114939] []: TF_OLD_DATA ignoring data from the past for frame base_link at time 8.136000 according to authority Authority undetectable
[bt_navigator-14] Possible reasons are listed at http://wiki.ros.org/tf/Errors%20explained
[planner_server-11] [WARN] [1785623424.901127748] []: TF_OLD_DATA ignoring data from the past for frame base_link at time 8.136000 according to authority Authority undetectable
[planner_server-11] Possible reasons are listed at http://wiki.ros.org/tf/Errors%20explained
[amcl-7] [WARN] [1785623424.936829509] []: TF_OLD_DATA ignoring data from the past for frame base_link at time 8.172000 according to authority Authority undetectable
[amcl-7] Possible reasons are listed at http://wiki.ros.org/tf/Errors%20explained
[route_server-12] [WARN] [1785623424.936851115] []: TF_OLD_DATA ignoring data from the past for frame base_link at time 8.172000 according to authority Authority undetectable
[route_server-12] Possible reasons are listed at http://wiki.ros.org/tf/Errors%20explained
[planner_server-11] [WARN] [1785623424.936876307] []: TF_OLD_DATA ignoring data from the past for frame base_link at time 8.172000 according to authority Authority undetectable
[planner_server-11] Possible reasons are listed at http://wiki.ros.org/tf/Errors%20explained
[opennav_docking-18] [WARN] [1785623424.936876154] []: TF_OLD_DATA ignoring data from the past for frame base_link at time 8.172000 according to authority Authority undetectable
[opennav_docking-18] Possible reasons are listed at http://wiki.ros.org/tf/Errors%20explained
[behavior_server-13] [WARN] [1785623424.936874397] []: TF_OLD_DATA ignoring data from the past for frame base_link at time 8.172000 according to authority Authority undetectable
[behavior_server-13] Possible reasons are listed at http://wiki.ros.org/tf/Errors%20explained
[smoother_server-10] [WARN] [1785623424.936881238] []: TF_OLD_DATA ignoring data from the past for frame base_link at time 8.172000 according to authority Authority undetectable
[smoother_server-10] Possible reasons are listed at http://wiki.ros.org/tf/Errors%20explained
[controller_server-9] [WARN] [1785623424.936907327] []: TF_OLD_DATA ignoring data from the past for frame base_link at time 8.172000 according to authority Authority undetectable
[controller_server-9] Possible reasons are listed at http://wiki.ros.org/tf/Errors%20explained
[collision_monitor-17] [WARN] [1785623424.936934215] []: TF_OLD_DATA ignoring data from the past for frame base_link at time 8.172000 according to authority Authority undetectable
[collision_monitor-17] Possible reasons are listed at http://wiki.ros.org/tf/Errors%20explained
[bt_navigator-14] [WARN] [1785623424.937181390] []: TF_OLD_DATA ignoring data from the past for frame base_link at time 8.172000 according to authority Authority undetectable
[bt_navigator-14] Possible reasons are listed at http://wiki.ros.org/tf/Errors%20explained
[route_server-12] [WARN] [1785623424.972809483] []: TF_OLD_DATA ignoring data from the past for frame base_link at time 8.208000 according to authority Authority undetectable
[route_server-12] Possible reasons are listed at http://wiki.ros.org/tf/Errors%20explained
[bt_navigator-14] [WARN] [1785623424.972810651] []: TF_OLD_DATA ignoring data from the past for frame base_link at time 8.208000 according to authority Authority undetectable
[bt_navigator-14] Possible reasons are listed at http://wiki.ros.org/tf/Errors%20explained
[controller_server-9] [WARN] [1785623424.972808388] []: TF_OLD_DATA ignoring data from the past for frame base_link at time 8.208000 according to authority Authority undetectable
[controller_server-9] Possible reasons are listed at http://wiki.ros.org/tf/Errors%20explained
[behavior_server-13] [WARN] [1785623424.972814519] []: TF_OLD_DATA ignoring data from the past for frame base_link at time 8.208000 according to authority Authority undetectable
[behavior_server-13] Possible reasons are listed at http://wiki.ros.org/tf/Errors%20explained
[amcl-7] [WARN] [1785623424.972815029] []: TF_OLD_DATA ignoring data from the past for frame base_link at time 8.208000 according to authority Authority undetectable
[amcl-7] Possible reasons are listed at http://wiki.ros.org/tf/Errors%20explained
[planner_server-11] [WARN] [1785623424.972821810] []: TF_OLD_DATA ignoring data from the past for frame base_link at time 8.208000 according to authority Authority undetectable
[planner_server-11] Possible reasons are listed at http://wiki.ros.org/tf/Errors%20explained
[collision_monitor-17] [WARN] [1785623424.972824886] []: TF_OLD_DATA ignoring data from the past for frame base_link at time 8.208000 according to authority Authority undetectable
[collision_monitor-17] Possible reasons are listed at http://wiki.ros.org/tf/Errors%20explained
[smoother_server-10] [WARN] [1785623424.972847604] []: TF_OLD_DATA ignoring data from the past for frame base_link at time 8.208000 according to authority Authority undetectable
[smoother_server-10] Possible reasons are listed at http://wiki.ros.org/tf/Errors%20explained
[opennav_docking-18] [WARN] [1785623424.972921899] []: TF_OLD_DATA ignoring data from the past for frame base_link at time 8.208000 according to authority Authority undetectable
[opennav_docking-18] Possible reasons are listed at http://wiki.ros.org/tf/Errors%20explained
[amcl-7] [WARN] [1785623425.010092069] []: TF_OLD_DATA ignoring data from the past for frame base_link at time 8.244000 according to authority Authority undetectable
[amcl-7] Possible reasons are listed at http://wiki.ros.org/tf/Errors%20explained
[bt_navigator-14] [WARN] [1785623425.010204511] []: TF_OLD_DATA ignoring data from the past for frame base_link at time 8.244000 according to authority Authority undetectable
[bt_navigator-14] Possible reasons are listed at http://wiki.ros.org/tf/Errors%20explained
[collision_monitor-17] [WARN] [1785623425.010211511] []: TF_OLD_DATA ignoring data from the past for frame base_link at time 8.244000 according to authority Authority undetectable
[collision_monitor-17] Possible reasons are listed at http://wiki.ros.org/tf/Errors%20explained
[planner_server-11] [WARN] [1785623425.010230137] []: TF_OLD_DATA ignoring data from the past for frame base_link at time 8.244000 according to authority Authority undetectable
[planner_server-11] Possible reasons are listed at http://wiki.ros.org/tf/Errors%20explained
[controller_server-9] [WARN] [1785623425.010279004] []: TF_OLD_DATA ignoring data from the past for frame base_link at time 8.244000 according to authority Authority undetectable
[controller_server-9] Possible reasons are listed at http://wiki.ros.org/tf/Errors%20explained
[behavior_server-13] [WARN] [1785623425.010323612] []: TF_OLD_DATA ignoring data from the past for frame base_link at time 8.244000 according to authority Authority undetectable
[behavior_server-13] Possible reasons are listed at http://wiki.ros.org/tf/Errors%20explained
[route_server-12] [WARN] [1785623425.010370666] []: TF_OLD_DATA ignoring data from the past for frame base_link at time 8.244000 according to authority Authority undetectable
[route_server-12] Possible reasons are listed at http://wiki.ros.org/tf/Errors%20explained
[smoother_server-10] [WARN] [1785623425.010500312] []: TF_OLD_DATA ignoring data from the past for frame base_link at time 8.244000 according to authority Authority undetectable
[smoother_server-10] Possible reasons are listed at http://wiki.ros.org/tf/Errors%20explained
[opennav_docking-18] [WARN] [1785623425.010709140] []: TF_OLD_DATA ignoring data from the past for frame base_link at time 8.244000 according to authority Authority undetectable
[opennav_docking-18] Possible reasons are listed at http://wiki.ros.org/tf/Errors%20explained
[amcl-7] [WARN] [1785623425.045110492] []: TF_OLD_DATA ignoring data from the past for frame base_link at time 8.280000 according to authority Authority undetectable
[amcl-7] Possible reasons are listed at http://wiki.ros.org/tf/Errors%20explained
[controller_server-9] [WARN] [1785623425.045109603] []: TF_OLD_DATA ignoring data from the past for frame base_link at time 8.280000 according to authority Authority undetectable
[controller_server-9] Possible reasons are listed at http://wiki.ros.org/tf/Errors%20explained
[planner_server-11] [WARN] [1785623425.045163407] []: TF_OLD_DATA ignoring data from the past for frame base_link at time 8.280000 according to authority Authority undetectable
[planner_server-11] Possible reasons are listed at http://wiki.ros.org/tf/Errors%20explained
[collision_monitor-17] [WARN] [1785623425.045163687] []: TF_OLD_DATA ignoring data from the past for frame base_link at time 8.280000 according to authority Authority undetectable
[collision_monitor-17] Possible reasons are listed at http://wiki.ros.org/tf/Errors%20explained
[route_server-12] [WARN] [1785623425.045163543] []: TF_OLD_DATA ignoring data from the past for frame base_link at time 8.280000 according to authority Authority undetectable
[route_server-12] Possible reasons are listed at http://wiki.ros.org/tf/Errors%20explained
[behavior_server-13] [WARN] [1785623425.045176919] []: TF_OLD_DATA ignoring data from the past for frame base_link at time 8.280000 according to authority Authority undetectable
[behavior_server-13] Possible reasons are listed at http://wiki.ros.org/tf/Errors%20explained
[bt_navigator-14] [WARN] [1785623425.045339222] []: TF_OLD_DATA ignoring data from the past for frame base_link at time 8.280000 according to authority Authority undetectable
[bt_navigator-14] Possible reasons are listed at http://wiki.ros.org/tf/Errors%20explained
[smoother_server-10] [WARN] [1785623425.045376885] []: TF_OLD_DATA ignoring data from the past for frame base_link at time 8.280000 according to authority Authority undetectable
[smoother_server-10] Possible reasons are listed at http://wiki.ros.org/tf/Errors%20explained
[opennav_docking-18] [WARN] [1785623425.045281949] []: TF_OLD_DATA ignoring data from the past for frame base_link at time 8.280000 according to authority Authority undetectable
[opennav_docking-18] Possible reasons are listed at http://wiki.ros.org/tf/Errors%20explained
[INFO] [batch_benchmark-5]: process has finished cleanly [pid 157176]
[INFO] [lifecycle_manager-19]: sending signal 'SIGINT' to process[lifecycle_manager-19]
[INFO] [opennav_docking-18]: sending signal 'SIGINT' to process[opennav_docking-18]
[INFO] [collision_monitor-17]: sending signal 'SIGINT' to process[collision_monitor-17]
[INFO] [velocity_smoother-16]: sending signal 'SIGINT' to process[velocity_smoother-16]
[INFO] [waypoint_follower-15]: sending signal 'SIGINT' to process[waypoint_follower-15]
[INFO] [bt_navigator-14]: sending signal 'SIGINT' to process[bt_navigator-14]
[INFO] [behavior_server-13]: sending signal 'SIGINT' to process[behavior_server-13]
[INFO] [route_server-12]: sending signal 'SIGINT' to process[route_server-12]
[INFO] [planner_server-11]: sending signal 'SIGINT' to process[planner_server-11]
[INFO] [smoother_server-10]: sending signal 'SIGINT' to process[smoother_server-10]
[INFO] [controller_server-9]: sending signal 'SIGINT' to process[controller_server-9]
[INFO] [lifecycle_manager-8]: sending signal 'SIGINT' to process[lifecycle_manager-8]
[INFO] [amcl-7]: sending signal 'SIGINT' to process[amcl-7]
[INFO] [map_server-6]: sending signal 'SIGINT' to process[map_server-6]
[INFO] [robot_state_publisher-4]: sending signal 'SIGINT' to process[robot_state_publisher-4]
[INFO] [parameter_bridge-3]: sending signal 'SIGINT' to process[parameter_bridge-3]
[INFO] [gazebo-1]: sending signal 'SIGINT' to process[gazebo-1]
[controller_server-9] [WARN] [1785623425.082407678] []: TF_OLD_DATA ignoring data from the past for frame base_link at time 8.316000 according to authority Authority undetectable
[controller_server-9] Possible reasons are listed at http://wiki.ros.org/tf/Errors%20explained
[planner_server-11] [WARN] [1785623425.082417429] []: TF_OLD_DATA ignoring data from the past for frame base_link at time 8.316000 according to authority Authority undetectable
[planner_server-11] Possible reasons are listed at http://wiki.ros.org/tf/Errors%20explained
[route_server-12] [WARN] [1785623425.082507700] []: TF_OLD_DATA ignoring data from the past for frame base_link at time 8.316000 according to authority Authority undetectable
[route_server-12] Possible reasons are listed at http://wiki.ros.org/tf/Errors%20explained
[collision_monitor-17] [WARN] [1785623425.082509887] []: TF_OLD_DATA ignoring data from the past for frame base_link at time 8.316000 according to authority Authority undetectable
[collision_monitor-17] Possible reasons are listed at http://wiki.ros.org/tf/Errors%20explained
[behavior_server-13] [WARN] [1785623425.082523922] []: TF_OLD_DATA ignoring data from the past for frame base_link at time 8.316000 according to authority Authority undetectable
[behavior_server-13] Possible reasons are listed at http://wiki.ros.org/tf/Errors%20explained
[opennav_docking-18] [WARN] [1785623425.082635568] []: TF_OLD_DATA ignoring data from the past for frame base_link at time 8.316000 according to authority Authority undetectable
[opennav_docking-18] Possible reasons are listed at http://wiki.ros.org/tf/Errors%20explained
[amcl-7] [WARN] [1785623425.082705595] []: TF_OLD_DATA ignoring data from the past for frame base_link at time 8.316000 according to authority Authority undetectable
[amcl-7] Possible reasons are listed at http://wiki.ros.org/tf/Errors%20explained
[bt_navigator-14] [WARN] [1785623425.082902623] []: TF_OLD_DATA ignoring data from the past for frame base_link at time 8.316000 according to authority Authority undetectable
[bt_navigator-14] Possible reasons are listed at http://wiki.ros.org/tf/Errors%20explained
[smoother_server-10] [WARN] [1785623425.083775745] []: TF_OLD_DATA ignoring data from the past for frame base_link at time 8.316000 according to authority Authority undetectable
[smoother_server-10] Possible reasons are listed at http://wiki.ros.org/tf/Errors%20explained
[lifecycle_manager-19] [INFO] [1785623425.105679266] [rclcpp]: signal_handler(SIGINT/SIGTERM)
[lifecycle_manager-19] [INFO] [1785623425.105792580] [lifecycle_manager_navigation]: Running Nav2 LifecycleManager rcl preshutdown (lifecycle_manager_navigation)
[lifecycle_manager-19] [INFO] [1785623425.105832198] [lifecycle_manager_navigation]: [34m[1mTerminating bond timer...[0m[0m
[opennav_docking-18] [INFO] [1785623425.110860912] [rclcpp]: signal_handler(SIGINT/SIGTERM)
[opennav_docking-18] [INFO] [1785623425.111077098] [docking_server]: Running Nav2 LifecycleNode rcl preshutdown (docking_server)
[opennav_docking-18] [INFO] [1785623425.111210135] [docking_server]: Deactivating docking_server
[amcl-7] [INFO] [1785623425.113882271] [amcl]: Message Filter dropping message: frame 'laser' at time 8.328 for reason 'the timestamp on the message is earlier than all the data in the transform cache'
[collision_monitor-17] [INFO] [1785623425.115776484] [rclcpp]: signal_handler(SIGINT/SIGTERM)
[collision_monitor-17] [INFO] [1785623425.116557620] [collision_monitor]: Running Nav2 LifecycleNode rcl preshutdown (collision_monitor)
[collision_monitor-17] [INFO] [1785623425.116647653] [collision_monitor]: Deactivating
[collision_monitor-17] [INFO] [1785623425.116678380] [collision_monitor]: Destroying bond (collision_monitor) to lifecycle manager.
[collision_monitor-17] [WARN] [1785623425.118980900] []: TF_OLD_DATA ignoring data from the past for frame base_link at time 8.352000 according to authority Authority undetectable
[collision_monitor-17] Possible reasons are listed at http://wiki.ros.org/tf/Errors%20explained
[amcl-7] [WARN] [1785623425.118882648] []: TF_OLD_DATA ignoring data from the past for frame base_link at time 8.352000 according to authority Authority undetectable
[amcl-7] Possible reasons are listed at http://wiki.ros.org/tf/Errors%20explained
[route_server-12] [WARN] [1785623425.118918412] []: TF_OLD_DATA ignoring data from the past for frame base_link at time 8.352000 according to authority Authority undetectable
[route_server-12] Possible reasons are listed at http://wiki.ros.org/tf/Errors%20explained
[bt_navigator-14] [WARN] [1785623425.118931076] []: TF_OLD_DATA ignoring data from the past for frame base_link at time 8.352000 according to authority Authority undetectable
[bt_navigator-14] Possible reasons are listed at http://wiki.ros.org/tf/Errors%20explained
[planner_server-11] [WARN] [1785623425.118932736] []: TF_OLD_DATA ignoring data from the past for frame base_link at time 8.352000 according to authority Authority undetectable
[planner_server-11] Possible reasons are listed at http://wiki.ros.org/tf/Errors%20explained
[smoother_server-10] [WARN] [1785623425.119023974] []: TF_OLD_DATA ignoring data from the past for frame base_link at time 8.352000 according to authority Authority undetectable
[smoother_server-10] Possible reasons are listed at http://wiki.ros.org/tf/Errors%20explained
[behavior_server-13] [WARN] [1785623425.119074819] []: TF_OLD_DATA ignoring data from the past for frame base_link at time 8.352000 according to authority Authority undetectable
[behavior_server-13] Possible reasons are listed at http://wiki.ros.org/tf/Errors%20explained
[controller_server-9] [WARN] [1785623425.118839645] []: TF_OLD_DATA ignoring data from the past for frame base_link at time 8.352000 according to authority Authority undetectable
[controller_server-9] Possible reasons are listed at http://wiki.ros.org/tf/Errors%20explained
[opennav_docking-18] [WARN] [1785623425.119359613] []: TF_OLD_DATA ignoring data from the past for frame base_link at time 8.352000 according to authority Authority undetectable
[opennav_docking-18] Possible reasons are listed at http://wiki.ros.org/tf/Errors%20explained
[velocity_smoother-16] [INFO] [1785623425.121304014] [rclcpp]: signal_handler(SIGINT/SIGTERM)
[velocity_smoother-16] [INFO] [1785623425.121433406] [velocity_smoother]: Running Nav2 LifecycleNode rcl preshutdown (velocity_smoother)
[velocity_smoother-16] [INFO] [1785623425.121498040] [velocity_smoother]: Deactivating
[velocity_smoother-16] [INFO] [1785623425.121522068] [velocity_smoother]: Destroying bond (velocity_smoother) to lifecycle manager.
[waypoint_follower-15] [INFO] [1785623425.124416782] [rclcpp]: signal_handler(SIGINT/SIGTERM)
[waypoint_follower-15] [INFO] [1785623425.124543236] [waypoint_follower]: Running Nav2 LifecycleNode rcl preshutdown (waypoint_follower)
[waypoint_follower-15] [INFO] [1785623425.124600173] [waypoint_follower]: Deactivating
[waypoint_follower-15] [INFO] [1785623425.124624969] [waypoint_follower]: Destroying bond (waypoint_follower) to lifecycle manager.
[opennav_docking-18] [INFO] [1785623425.127214546] [docking_server]: Destroying bond (docking_server) to lifecycle manager.
[collision_monitor-17] [INFO] [1785623425.127654026] [collision_monitor]: Cleaning up
[collision_monitor-17] [INFO] [1785623425.127689019] [collision_monitor]: [FootprintApproach]: Destroying Polygon
[collision_monitor-17] [INFO] [1785623425.127699243] [collision_monitor]: [scan]: Destroying Scan
[bt_navigator-14] [INFO] [1785623425.128277403] [rclcpp]: signal_handler(SIGINT/SIGTERM)
[bt_navigator-14] [INFO] [1785623425.128397262] [bt_navigator]: Running Nav2 LifecycleNode rcl preshutdown (bt_navigator)
[bt_navigator-14] [INFO] [1785623425.128458343] [bt_navigator]: Deactivating
[bt_navigator-14] [INFO] [1785623425.128487588] [bt_navigator]: Destroying bond (bt_navigator) to lifecycle manager.
[behavior_server-13] [INFO] [1785623425.131142409] [rclcpp]: signal_handler(SIGINT/SIGTERM)
[behavior_server-13] [INFO] [1785623425.131255233] [behavior_server]: Running Nav2 LifecycleNode rcl preshutdown (behavior_server)
[behavior_server-13] [INFO] [1785623425.131306323] [behavior_server]: Deactivating
[behavior_server-13] [INFO] [1785623425.131336530] [behavior_server]: Destroying bond (behavior_server) to lifecycle manager.
[velocity_smoother-16] [INFO] [1785623425.131954526] [velocity_smoother]: Cleaning up
[velocity_smoother-16] [INFO] [1785623425.131989140] [velocity_smoother]: Destroying bond (velocity_smoother) to lifecycle manager.
[collision_monitor-17] [INFO] [1785623425.133664884] [collision_monitor]: Destroying bond (collision_monitor) to lifecycle manager.
[route_server-12] [INFO] [1785623425.134349359] [rclcpp]: signal_handler(SIGINT/SIGTERM)
[route_server-12] [INFO] [1785623425.134436469] [route_server]: Running Nav2 LifecycleNode rcl preshutdown (route_server)
[route_server-12] [INFO] [1785623425.134487501] [route_server]: Deactivating
[route_server-12] [INFO] [1785623425.134502828] [route_server]: Destroying bond (route_server) to lifecycle manager.
[waypoint_follower-15] [INFO] [1785623425.135701660] [waypoint_follower]: Cleaning up
[planner_server-11] [INFO] [1785623425.136683623] [rclcpp]: signal_handler(SIGINT/SIGTERM)
[planner_server-11] [INFO] [1785623425.136751099] [planner_server]: Running Nav2 LifecycleNode rcl preshutdown (planner_server)
[planner_server-11] [INFO] [1785623425.136811643] [planner_server]: Deactivating
[planner_server-11] [INFO] [1785623425.136856648] [global_costmap.global_costmap]: Deactivating
[velocity_smoother-16] [INFO] [1785623425.136981066] [velocity_smoother]: Destroying
[opennav_docking-18] [INFO] [1785623425.137598236] [docking_server]: Cleaning up docking_server
[smoother_server-10] [INFO] [1785623425.138430806] [rclcpp]: signal_handler(SIGINT/SIGTERM)
[smoother_server-10] [INFO] [1785623425.138512234] [smoother_server]: Running Nav2 LifecycleNode rcl preshutdown (smoother_server)
[smoother_server-10] [INFO] [1785623425.138984639] [smoother_server]: Deactivating
[smoother_server-10] [INFO] [1785623425.139031959] [smoother_server]: Deactivating smoother: constrained of type nav2_constrained_smoother::ConstrainedSmoother
[smoother_server-10] [INFO] [1785623425.139688720] [smoother_server]: Destroying bond (smoother_server) to lifecycle manager.
[bt_navigator-14] [INFO] [1785623425.138889417] [bt_navigator]: Cleaning up
[controller_server-9] [INFO] [1785623425.141172415] [rclcpp]: signal_handler(SIGINT/SIGTERM)
[controller_server-9] [INFO] [1785623425.141513186] [controller_server]: Running Nav2 LifecycleNode rcl preshutdown (controller_server)
[controller_server-9] [INFO] [1785623425.141606095] [controller_server]: Deactivating
[controller_server-9] [INFO] [1785623425.141622002] [controller_server]: Deactivating controller: FollowPath of type regulated_pure_pursuit_controller::RegulatedPurePursuitController
[controller_server-9] [INFO] [1785623425.141657920] [local_costmap.local_costmap]: Deactivating
[behavior_server-13] [INFO] [1785623425.141872143] [behavior_server]: Cleaning up
[lifecycle_manager-8] [INFO] [1785623425.144255127] [rclcpp]: signal_handler(SIGINT/SIGTERM)
[behavior_server-13] [INFO] [1785623425.144789269] [behavior_server]: Destroying bond (behavior_server) to lifecycle manager.
[lifecycle_manager-8] [INFO] [1785623425.144927057] [lifecycle_manager_localization]: Running Nav2 LifecycleManager rcl preshutdown (lifecycle_manager_localization)
[lifecycle_manager-8] [INFO] [1785623425.144961293] [lifecycle_manager_localization]: [34m[1mTerminating bond timer...[0m[0m
[route_server-12] [INFO] [1785623425.147171788] [route_server]: Cleaning up
[amcl-7] [INFO] [1785623425.148373260] [rclcpp]: signal_handler(SIGINT/SIGTERM)
[amcl-7] [INFO] [1785623425.148476282] [amcl]: Running Nav2 LifecycleNode rcl preshutdown (amcl)
[amcl-7] [INFO] [1785623425.148538583] [amcl]: Deactivating
[amcl-7] [INFO] [1785623425.148563106] [amcl]: Destroying bond (amcl) to lifecycle manager.
[map_server-6] [INFO] [1785623425.150056989] [rclcpp]: signal_handler(SIGINT/SIGTERM)
[map_server-6] [INFO] [1785623425.150168256] [map_server]: Running Nav2 LifecycleNode rcl preshutdown (map_server)
[map_server-6] [INFO] [1785623425.150242191] [map_server]: Deactivating
[map_server-6] [INFO] [1785623425.150255455] [map_server]: Destroying bond (map_server) to lifecycle manager.
[waypoint_follower-15] [INFO] [1785623425.152876431] [waypoint_follower]: Destroying bond (waypoint_follower) to lifecycle manager.
[smoother_server-10] [INFO] [1785623425.152388712] [smoother_server]: Cleaning up
[smoother_server-10] [INFO] [1785623425.153258139] [smoother_server]: Cleaning up smoother: constrained of type nav2_constrained_smoother::ConstrainedSmoother
[robot_state_publisher-4] [INFO] [1785623425.154068872] [rclcpp]: signal_handler(SIGINT/SIGTERM)
[collision_monitor-17] [INFO] [1785623425.154125032] [collision_monitor]: Destroying
[planner_server-11] [WARN] [1785623425.156472704] []: TF_OLD_DATA ignoring data from the past for frame base_link at time 8.388000 according to authority Authority undetectable
[planner_server-11] Possible reasons are listed at http://wiki.ros.org/tf/Errors%20explained
[controller_server-9] [WARN] [1785623425.157000403] []: TF_OLD_DATA ignoring data from the past for frame base_link at time 8.388000 according to authority Authority undetectable
[controller_server-9] Possible reasons are listed at http://wiki.ros.org/tf/Errors%20explained
[parameter_bridge-3] [INFO] [1785623425.157210193] [rclcpp]: signal_handler(SIGINT/SIGTERM)
[amcl-7] [INFO] [1785623425.159200981] [amcl]: Cleaning up
[amcl-7] [WARN] [1785623425.160521718] []: TF_OLD_DATA ignoring data from the past for frame base_link at time 8.388000 according to authority Authority undetectable
[amcl-7] Possible reasons are listed at http://wiki.ros.org/tf/Errors%20explained
[route_server-12] [WARN] [1785623425.159211101] []: TF_OLD_DATA ignoring data from the past for frame base_link at time 8.388000 according to authority Authority undetectable
[route_server-12] Possible reasons are listed at http://wiki.ros.org/tf/Errors%20explained
[smoother_server-10] [WARN] [1785623425.159820792] []: TF_OLD_DATA ignoring data from the past for frame base_link at time 8.388000 according to authority Authority undetectable
[smoother_server-10] Possible reasons are listed at http://wiki.ros.org/tf/Errors%20explained
[map_server-6] [INFO] [1785623425.160601397] [map_server]: Cleaning up
[map_server-6] [INFO] [1785623425.160657884] [map_server]: Destroying bond (map_server) to lifecycle manager.
[opennav_docking-18] [INFO] [1785623425.163442567] [docking_server]: Destroying bond (docking_server) to lifecycle manager.
[waypoint_follower-15] [INFO] [1785623425.164802499] [waypoint_follower]: Destroying
[amcl-7] [INFO] [1785623425.176126257] [amcl]: Destroying bond (amcl) to lifecycle manager.
[map_server-6] [INFO] [1785623425.178815489] [map_server]: Destroying
[smoother_server-10] [INFO] [1785623425.182254853] [smoother_server]: Destroying bond (smoother_server) to lifecycle manager.
[opennav_docking-18] [INFO] [1785623425.185174423] [docking_server]: Destroying
[smoother_server-10] [INFO] [1785623425.188811413] [smoother_server]: Destroying
[route_server-12] [INFO] [1785623425.191384740] [route_server]: Destroying bond (route_server) to lifecycle manager.
[lifecycle_manager-8] [INFO] [1785623425.193124689] [lifecycle_manager_localization]: Destroying lifecycle_manager_localization
[route_server-12] [INFO] [1785623425.200780031] [route_server]: Destroying
[amcl-7] [INFO] [1785623425.204776536] [amcl]: Destroying
[behavior_server-13] [INFO] [1785623425.204928640] [behavior_server]: Destroying
[controller_server-9] [INFO] [1785623425.216969965] [controller_server]: Destroying bond (controller_server) to lifecycle manager.
[controller_server-9] [INFO] [1785623425.227341499] [controller_server]: Cleaning up
[controller_server-9] [INFO] [1785623425.227367413] [controller_server]: Cleaning up controller: FollowPath of type regulated_pure_pursuit_controller::RegulatedPurePursuitController
[controller_server-9] [INFO] [1785623425.227403049] [local_costmap.local_costmap]: Cleaning up
[controller_server-9] [INFO] [1785623425.236613730] [controller_server]: Destroying bond (controller_server) to lifecycle manager.
[bt_navigator-14] [INFO] [1785623425.238293372] [bt_navigator]: Completed Cleaning up
[bt_navigator-14] [INFO] [1785623425.238337975] [bt_navigator]: Destroying bond (bt_navigator) to lifecycle manager.
[controller_server-9] [INFO] [1785623425.239818168] [local_costmap.local_costmap]: Destroying
[bt_navigator-14] [INFO] [1785623425.242279566] [bt_navigator]: Destroying
[controller_server-9] [INFO] [1785623425.243486502] [controller_server]: Destroying
[INFO] [velocity_smoother-16]: process has finished cleanly [pid 157373]
[lifecycle_manager-19] [INFO] [1785623425.289355562] [lifecycle_manager_navigation]: Destroying lifecycle_manager_navigation
[INFO] [parameter_bridge-3]: process has finished cleanly [pid 157173]
[INFO] [map_server-6]: process has finished cleanly [pid 157363]
[INFO] [collision_monitor-17]: process has finished cleanly [pid 157378]
[INFO] [waypoint_follower-15]: process has finished cleanly [pid 157372]
[INFO] [robot_state_publisher-4]: process has finished cleanly [pid 157175]
[INFO] [lifecycle_manager-8]: process has finished cleanly [pid 157365]
[INFO] [smoother_server-10]: process has finished cleanly [pid 157367]
[INFO] [opennav_docking-18]: process has finished cleanly [pid 157381]
[INFO] [behavior_server-13]: process has finished cleanly [pid 157370]
[INFO] [amcl-7]: process has finished cleanly [pid 157364]
[INFO] [route_server-12]: process has finished cleanly [pid 157369]
[INFO] [controller_server-9]: process has finished cleanly [pid 157366]
[INFO] [bt_navigator-14]: process has finished cleanly [pid 157371]
[planner_server-11] [INFO] [1785623425.384820026] [planner_server]: Deactivating plugin Smac2D of type SmacPlanner2D
[planner_server-11] [INFO] [1785623425.384873996] [planner_server]: Deactivating plugin ThetaStar of type nav2_theta_star_planner
[planner_server-11] [INFO] [1785623425.384887640] [planner_server]: Deactivating plugin SmacHybrid of type SmacPlannerHybrid
[planner_server-11] [INFO] [1785623425.384899598] [planner_server]: Deactivating plugin NavFnDijkstra of type NavfnPlanner
[planner_server-11] [INFO] [1785623425.384950701] [planner_server]: Deactivating plugin NavFnAStar of type NavfnPlanner
[planner_server-11] [INFO] [1785623425.384968187] [planner_server]: Destroying bond (planner_server) to lifecycle manager.
[planner_server-11] [INFO] [1785623425.395297129] [planner_server]: Cleaning up
[INFO] [lifecycle_manager-19]: process has finished cleanly [pid 157384]
[planner_server-11] [INFO] [1785623425.403916026] [global_costmap.global_costmap]: Cleaning up
[planner_server-11] [INFO] [1785623425.408714950] [planner_server]: Cleaning up plugin Smac2D of type SmacPlanner2D
[planner_server-11] [INFO] [1785623425.409523146] [planner_server]: CleaningUp plugin ThetaStar of type nav2_theta_star_planner
[planner_server-11] [INFO] [1785623425.409680208] [planner_server]: Cleaning up plugin SmacHybrid of type SmacPlannerHybrid
[planner_server-11] [INFO] [1785623425.411415381] [planner_server]: Cleaning up plugin NavFnDijkstra of type NavfnPlanner
[planner_server-11] [INFO] [1785623425.412084452] [planner_server]: Cleaning up plugin NavFnAStar of type NavfnPlanner
[planner_server-11] [INFO] [1785623425.412141173] [planner_server]: Destroying plugin Smac2D of type SmacPlanner2D
[planner_server-11] [INFO] [1785623425.412183004] [planner_server]: Destroying plugin SmacHybrid of type SmacPlannerHybrid
[planner_server-11] [INFO] [1785623425.412235012] [planner_server]: Destroying plugin NavFnDijkstra of type NavfnPlanner
[planner_server-11] [INFO] [1785623425.412256169] [planner_server]: Destroying plugin NavFnAStar of type NavfnPlanner
[planner_server-11] [INFO] [1785623425.417757070] [planner_server]: Destroying bond (planner_server) to lifecycle manager.
[planner_server-11] [INFO] [1785623425.421462228] [global_costmap.global_costmap]: Destroying
[planner_server-11] [INFO] [1785623425.423469362] [planner_server]: Destroying
[INFO] [planner_server-11]: process has finished cleanly [pid 157368]
[ERROR] [gazebo-1]: process[gazebo-1] failed to terminate '5' seconds after receiving 'SIGINT', escalating to 'SIGTERM'
[INFO] [gazebo-1]: sending signal 'SIGTERM' to process[gazebo-1]
[ERROR] [gazebo-1]: process has died [pid 157171, exit code -15, cmd 'ruby /opt/ros/jazzy/opt/gz_tools_vendor/bin/gz sim -r -s -v 3 --initial-sim-time 0.0 /home/linh-pham/agv_nav2_research_ws_bao/install/vacuum_robot_gazebo/share/vacuum_robot_gazebo/worlds/narrow_aisles.sdf --force-version 8'].
