[INFO] [launch]: All log files can be found below /home/linh-pham/.ros/log/2026-08-02-05-30-30-477289-linh-pham-LOQ-15IAX9-158112
[INFO] [launch]: Default logging verbosity is set to INFO
[INFO] [gazebo-1]: process started with pid [158138]
[INFO] [create-2]: process started with pid [158139]
[INFO] [parameter_bridge-3]: process started with pid [158140]
[INFO] [robot_state_publisher-4]: process started with pid [158142]
[INFO] [batch_benchmark-5]: process started with pid [158143]
[robot_state_publisher-4] [INFO] [1785623431.139303953] [robot_state_publisher]: Robot initialized
[gazebo-1] [1;32m[Msg] [0m[1;32mGazebo Sim Server v[0m[1;32m8.11.0[0m[1;32m[0m
[gazebo-1] [1;32m[Msg] [0m[1;32mLoading SDF world file[[0m[1;32m/home/linh-pham/agv_nav2_research_ws_bao/install/vacuum_robot_gazebo/share/vacuum_robot_gazebo/worlds/office_maze.sdf[0m[1;32m].[0m
[gazebo-1] [1;32m[Msg] [0m[1;32mServing entity system service on [[0m[1;32m/[0m[1;32mentity/system/add[0m[1;32m][0m[1;32m[0m
[gazebo-1] [1;32m[Msg] [0m[1;32mCreate[0m[1;32m service on [[0m[1;32m/world/office_maze/create_multiple[0m[1;32m] (async)[0m[1;32m[0m
[gazebo-1] [1;32m[Msg] [0m[1;32mCreate[0m[1;32m service on [[0m[1;32m/world/office_maze/create_multiple/blocking[0m[1;32m] (blocking)[0m[1;32m[0m
[gazebo-1] [1;32m[Msg] [0m[1;32mRemove[0m[1;32m service on [[0m[1;32m/world/office_maze/remove[0m[1;32m] (async)[0m[1;32m[0m
[gazebo-1] [1;32m[Msg] [0m[1;32mRemove[0m[1;32m service on [[0m[1;32m/world/office_maze/remove/blocking[0m[1;32m] (blocking)[0m[1;32m[0m
[gazebo-1] [1;32m[Msg] [0m[1;32mPose[0m[1;32m service on [[0m[1;32m/world/office_maze/set_pose[0m[1;32m] (async)[0m[1;32m[0m
[gazebo-1] [1;32m[Msg] [0m[1;32mPose[0m[1;32m service on [[0m[1;32m/world/office_maze/set_pose/blocking[0m[1;32m] (blocking)[0m[1;32m[0m
[gazebo-1] [1;32m[Msg] [0m[1;32mPose[0m[1;32m service on [[0m[1;32m/world/office_maze/set_pose_vector[0m[1;32m] (async)[0m[1;32m[0m
[gazebo-1] [1;32m[Msg] [0m[1;32mPose[0m[1;32m service on [[0m[1;32m/world/office_maze/set_pose_vector/blocking[0m[1;32m] (blocking)[0m[1;32m[0m
[gazebo-1] [1;32m[Msg] [0m[1;32mLight configuration[0m[1;32m service on [[0m[1;32m/world/office_maze/light_config[0m[1;32m] (async)[0m[1;32m[0m
[gazebo-1] [1;32m[Msg] [0m[1;32mLight configuration[0m[1;32m service on [[0m[1;32m/world/office_maze/light_config/blocking[0m[1;32m] (blocking)[0m[1;32m[0m
[gazebo-1] [1;32m[Msg] [0m[1;32mPhysics[0m[1;32m service on [[0m[1;32m/world/office_maze/set_physics[0m[1;32m] (async)[0m[1;32m[0m
[gazebo-1] [1;32m[Msg] [0m[1;32mPhysics[0m[1;32m service on [[0m[1;32m/world/office_maze/set_physics/blocking[0m[1;32m] (blocking)[0m[1;32m[0m
[gazebo-1] [1;32m[Msg] [0m[1;32mSphericalCoordinates[0m[1;32m service on [[0m[1;32m/world/office_maze/set_spherical_coordinates[0m[1;32m] (async)[0m[1;32m[0m
[gazebo-1] [1;32m[Msg] [0m[1;32mSphericalCoordinates[0m[1;32m service on [[0m[1;32m/world/office_maze/set_spherical_coordinates/blocking[0m[1;32m] (blocking)[0m[1;32m[0m
[gazebo-1] [1;32m[Msg] [0m[1;32mEnable collision[0m[1;32m service on [[0m[1;32m/world/office_maze/enable_collision[0m[1;32m] (async)[0m[1;32m[0m
[gazebo-1] [1;32m[Msg] [0m[1;32mEnable collision[0m[1;32m service on [[0m[1;32m/world/office_maze/enable_collision/blocking[0m[1;32m] (blocking)[0m[1;32m[0m
[gazebo-1] [1;32m[Msg] [0m[1;32mDisable collision[0m[1;32m service on [[0m[1;32m/world/office_maze/disable_collision[0m[1;32m] (async)[0m[1;32m[0m
[gazebo-1] [1;32m[Msg] [0m[1;32mDisable collision[0m[1;32m service on [[0m[1;32m/world/office_maze/disable_collision/blocking[0m[1;32m] (blocking)[0m[1;32m[0m
[gazebo-1] [1;32m[Msg] [0m[1;32mMaterial[0m[1;32m service on [[0m[1;32m/world/office_maze/visual_config[0m[1;32m] (async)[0m[1;32m[0m
[gazebo-1] [1;32m[Msg] [0m[1;32mMaterial[0m[1;32m service on [[0m[1;32m/world/office_maze/visual_config/blocking[0m[1;32m] (blocking)[0m[1;32m[0m
[gazebo-1] [1;32m[Msg] [0m[1;32mMaterial[0m[1;32m service on [[0m[1;32m/world/office_maze/wheel_slip[0m[1;32m] (async)[0m[1;32m[0m
[gazebo-1] [1;32m[Msg] [0m[1;32mMaterial[0m[1;32m service on [[0m[1;32m/world/office_maze/wheel_slip/blocking[0m[1;32m] (blocking)[0m[1;32m[0m
[gazebo-1] [1;32m[Msg] [0m[1;32mLoaded level [[0m[1;32mdefault[0m[1;32m][0m[1;32m[0m
[gazebo-1] [1;32m[Msg] [0m[1;32mServing world controls on [[0m[1;32m/world/office_maze[0m[1;32m/control], [[0m[1;32m/world/office_maze[0m[1;32m/control/state] and [[0m[1;32m/world/office_maze[0m[1;32m/playback/control][0m[1;32m[0m
[gazebo-1] [1;32m[Msg] [0m[1;32mServing GUI information on [[0m[1;32m/world/office_maze[0m[1;32m/[0m[1;32mgui/info[0m[1;32m][0m[1;32m[0m
[create-2] [INFO] [1785623431.770786008] [spawn_vacuum_robot]: Entity creation successful.
[INFO] [create-2]: process has finished cleanly [pid 158139]
[parameter_bridge-3] [INFO] [1785623432.159946665] [ros_gz_bridge]: Creating GZ->ROS Bridge: [/clock (gz.msgs.Clock) -> /clock (rosgraph_msgs/msg/Clock)] (Lazy 0)
[parameter_bridge-3] [INFO] [1785623432.162544599] [ros_gz_bridge]: Creating GZ->ROS Bridge: [/joint_states (gz.msgs.Model) -> /joint_states (sensor_msgs/msg/JointState)] (Lazy 0)
[parameter_bridge-3] [INFO] [1785623432.167964847] [ros_gz_bridge]: Creating GZ->ROS Bridge: [/odom (gz.msgs.Odometry) -> /odom (nav_msgs/msg/Odometry)] (Lazy 0)
[parameter_bridge-3] [INFO] [1785623432.172669811] [ros_gz_bridge]: Creating GZ->ROS Bridge: [/tf (gz.msgs.Pose_V) -> /tf (tf2_msgs/msg/TFMessage)] (Lazy 0)
[parameter_bridge-3] [INFO] [1785623432.176429317] [ros_gz_bridge]: Creating GZ->ROS Bridge: [/scan (gz.msgs.LaserScan) -> /scan (sensor_msgs/msg/LaserScan)] (Lazy 0)
[parameter_bridge-3] [INFO] [1785623432.177422283] [ros_gz_bridge]: Creating GZ->ROS Bridge: [/imu/data (gz.msgs.IMU) -> /imu/data (sensor_msgs/msg/Imu)] (Lazy 0)
[parameter_bridge-3] [INFO] [1785623432.178616467] [ros_gz_bridge]: Creating ROS->GZ Bridge: [/cmd_vel (geometry_msgs/msg/Twist) -> /cmd_vel (gz.msgs.Twist)] (Lazy 0)
[parameter_bridge-3] [INFO] [1785623432.180317839] [ros_gz_bridge]: Creating GZ->ROS Bridge: [/ground_truth/odom (gz.msgs.Odometry) -> /ground_truth/odom (nav_msgs/msg/Odometry)] (Lazy 0)
[gazebo-1] [1;33m[Wrn] [SimulationRunner.cc:734] [0m[1;33mFound additional publishers on /stats,[0m[1;33m using namespaced stats topic only[0m[1;33m[0m
[gazebo-1] [1;33m[Wrn] [SimulationRunner.cc:768] [0m[1;33mFound additional publishers on /clock,[0m[1;33m using namespaced clock topic only[0m[1;33m[0m
[gazebo-1] [1;32m[Msg] [0m[1;32mWorld [[0m[1;32moffice_maze[0m[1;32m] initialized with [[0m[1;32mresearch_physics[0m[1;32m] physics profile.[0m[1;32m[0m
[gazebo-1] [1;32m[Msg] [0m[1;32mServing world SDF generation service on [[0m[1;32m/world/office_maze[0m[1;32m/[0m[1;32mgenerate_world_sdf[0m[1;32m][0m[1;32m[0m
[gazebo-1] [1;32m[Msg] [0m[1;32mServing world names on [[0m[1;32m/gazebo/worlds[0m[1;32m][0m[1;32m[0m
[gazebo-1] [1;32m[Msg] [0m[1;32mResource path add service on [[0m[1;32m/gazebo/resource_paths/add[0m[1;32m].[0m[1;32m[0m
[gazebo-1] [1;32m[Msg] [0m[1;32mResource path get service on [[0m[1;32m/gazebo/resource_paths/get[0m[1;32m].[0m[1;32m[0m
[gazebo-1] [1;32m[Msg] [0m[1;32mResource path resolve service on [[0m[1;32m/gazebo/resource_paths/resolve[0m[1;32m].[0m[1;32m[0m
[gazebo-1] [1;32m[Msg] [0m[1;32mResource paths published on [[0m[1;32m/gazebo/resource_paths[0m[1;32m].[0m[1;32m[0m
[gazebo-1] [1;32m[Msg] [0m[1;32mServer control service on [[0m[1;32m/server_control[0m[1;32m].[0m[1;32m[0m
[gazebo-1] [1;33mWarning [Utils.cc:132][0m [/sdf/model[@name="vacuum_robot"]/link[@name="base_link"]/sensor[@name="rplidar_a1m8"]/gz_frame_id:/home/linh-pham/agv_nav2_research_ws_bao/install/vacuum_robot_gazebo/share/vacuum_robot_gazebo/models/vacuum_robot/model.sdf:L107]: XML Element[gz_frame_id], child of element[sensor], not defined in SDF. Copying[gz_frame_id] as children of [sensor].
[gazebo-1] [1;33mWarning [Utils.cc:132][0m [/sdf/model[@name="vacuum_robot"]/link[@name="base_link"]/sensor[@name="bno055_imu"]/gz_frame_id:/home/linh-pham/agv_nav2_research_ws_bao/install/vacuum_robot_gazebo/share/vacuum_robot_gazebo/models/vacuum_robot/model.sdf:L128]: XML Element[gz_frame_id], child of element[sensor], not defined in SDF. Copying[gz_frame_id] as children of [sensor].
[gazebo-1] libEGL warning: pci id for fd 59: 10de:25ec, driver (null)
[gazebo-1] 
[gazebo-1] pci id for fd 60: 10de:25ec, driver (null)
[gazebo-1] pci id for fd 61: 10de:25ec, driver (null)
[gazebo-1] libEGL warning: egl: failed to create dri2 screen
[gazebo-1] libEGL warning: pci id for fd 59: 10de:25ec, driver (null)
[gazebo-1] 
[gazebo-1] pci id for fd 60: 10de:25ec, driver (null)
[gazebo-1] pci id for fd 61: 10de:25ec, driver (null)
[gazebo-1] libEGL warning: egl: failed to create dri2 screen
[gazebo-1] libEGL warning: pci id for fd 59: 10de:25ec, driver (null)
[gazebo-1] 
[INFO] [map_server-6]: process started with pid [158352]
[INFO] [amcl-7]: process started with pid [158353]
[INFO] [lifecycle_manager-8]: process started with pid [158354]
[INFO] [controller_server-9]: process started with pid [158355]
[INFO] [smoother_server-10]: process started with pid [158356]
[INFO] [planner_server-11]: process started with pid [158357]
[INFO] [route_server-12]: process started with pid [158358]
[INFO] [behavior_server-13]: process started with pid [158359]
[INFO] [bt_navigator-14]: process started with pid [158360]
[INFO] [waypoint_follower-15]: process started with pid [158361]
[INFO] [velocity_smoother-16]: process started with pid [158364]
[INFO] [collision_monitor-17]: process started with pid [158365]
[INFO] [opennav_docking-18]: process started with pid [158366]
[INFO] [lifecycle_manager-19]: process started with pid [158367]
[lifecycle_manager-19] [INFO] [1785623434.323126802] [lifecycle_manager_navigation]: Creating
[lifecycle_manager-19] [INFO] [1785623434.330649173] [lifecycle_manager_navigation]: [34m[1mCreating and initializing lifecycle service clients[0m[0m
[smoother_server-10] [INFO] [1785623434.335495027] [smoother_server]: 
[smoother_server-10] 	smoother_server lifecycle node launched. 
[smoother_server-10] 	Waiting on external lifecycle transitions to activate
[smoother_server-10] 	See https://design.ros2.org/articles/node_lifecycle.html for more information.
[smoother_server-10] [INFO] [1785623434.336566542] [smoother_server]: Creating smoother server
[lifecycle_manager-8] [INFO] [1785623434.350429375] [lifecycle_manager_localization]: Creating
[lifecycle_manager-8] [INFO] [1785623434.356599177] [lifecycle_manager_localization]: [34m[1mCreating and initializing lifecycle service clients[0m[0m
[controller_server-9] [INFO] [1785623434.357064511] [controller_server]: 
[controller_server-9] 	controller_server lifecycle node launched. 
[controller_server-9] 	Waiting on external lifecycle transitions to activate
[controller_server-9] 	See https://design.ros2.org/articles/node_lifecycle.html for more information.
[controller_server-9] [INFO] [1785623434.359829461] [controller_server]: Creating controller server
[waypoint_follower-15] [INFO] [1785623434.368766476] [waypoint_follower]: 
[waypoint_follower-15] 	waypoint_follower lifecycle node launched. 
[waypoint_follower-15] 	Waiting on external lifecycle transitions to activate
[waypoint_follower-15] 	See https://design.ros2.org/articles/node_lifecycle.html for more information.
[waypoint_follower-15] [INFO] [1785623434.369694724] [waypoint_follower]: Creating
[lifecycle_manager-8] [INFO] [1785623434.377075989] [lifecycle_manager_localization]: [34m[1mStarting managed nodes bringup...[0m[0m
[lifecycle_manager-8] [INFO] [1785623434.377122665] [lifecycle_manager_localization]: [34m[1mConfiguring map_server[0m[0m
[route_server-12] [INFO] [1785623434.378312240] [route_server]: 
[route_server-12] 	route_server lifecycle node launched. 
[route_server-12] 	Waiting on external lifecycle transitions to activate
[route_server-12] 	See https://design.ros2.org/articles/node_lifecycle.html for more information.
[map_server-6] [INFO] [1785623434.382867328] [map_server]: 
[map_server-6] 	map_server lifecycle node launched. 
[map_server-6] 	Waiting on external lifecycle transitions to activate
[map_server-6] 	See https://design.ros2.org/articles/node_lifecycle.html for more information.
[map_server-6] [INFO] [1785623434.383043076] [map_server]: Creating
[amcl-7] [INFO] [1785623434.383182665] [amcl]: 
[amcl-7] 	amcl lifecycle node launched. 
[amcl-7] 	Waiting on external lifecycle transitions to activate
[amcl-7] 	See https://design.ros2.org/articles/node_lifecycle.html for more information.
[amcl-7] [INFO] [1785623434.383698797] [amcl]: Creating
[opennav_docking-18] [INFO] [1785623434.387397636] [docking_server]: 
[opennav_docking-18] 	docking_server lifecycle node launched. 
[opennav_docking-18] 	Waiting on external lifecycle transitions to activate
[opennav_docking-18] 	See https://design.ros2.org/articles/node_lifecycle.html for more information.
[opennav_docking-18] [INFO] [1785623434.387536848] [docking_server]: Creating docking_server
[collision_monitor-17] [INFO] [1785623434.391982546] [collision_monitor]: 
[collision_monitor-17] 	collision_monitor lifecycle node launched. 
[collision_monitor-17] 	Waiting on external lifecycle transitions to activate
[collision_monitor-17] 	See https://design.ros2.org/articles/node_lifecycle.html for more information.
[velocity_smoother-16] [INFO] [1785623434.392977685] [velocity_smoother]: 
[velocity_smoother-16] 	velocity_smoother lifecycle node launched. 
[velocity_smoother-16] 	Waiting on external lifecycle transitions to activate
[velocity_smoother-16] 	See https://design.ros2.org/articles/node_lifecycle.html for more information.
[controller_server-9] [INFO] [1785623434.423206050] [local_costmap.local_costmap]: 
[controller_server-9] 	local_costmap lifecycle node launched. 
[controller_server-9] 	Waiting on external lifecycle transitions to activate
[controller_server-9] 	See https://design.ros2.org/articles/node_lifecycle.html for more information.
[controller_server-9] [INFO] [1785623434.423835784] [local_costmap.local_costmap]: Creating Costmap
[planner_server-11] [INFO] [1785623434.430826983] [planner_server]: 
[planner_server-11] 	planner_server lifecycle node launched. 
[planner_server-11] 	Waiting on external lifecycle transitions to activate
[planner_server-11] 	See https://design.ros2.org/articles/node_lifecycle.html for more information.
[planner_server-11] [INFO] [1785623434.432758419] [planner_server]: Creating
[bt_navigator-14] [INFO] [1785623434.437365550] [bt_navigator]: 
[bt_navigator-14] 	bt_navigator lifecycle node launched. 
[bt_navigator-14] 	Waiting on external lifecycle transitions to activate
[bt_navigator-14] 	See https://design.ros2.org/articles/node_lifecycle.html for more information.
[bt_navigator-14] [INFO] [1785623434.439220223] [bt_navigator]: Creating
[behavior_server-13] [INFO] [1785623434.443486830] [behavior_server]: 
[behavior_server-13] 	behavior_server lifecycle node launched. 
[behavior_server-13] 	Waiting on external lifecycle transitions to activate
[behavior_server-13] 	See https://design.ros2.org/articles/node_lifecycle.html for more information.
[planner_server-11] [INFO] [1785623434.463657116] [global_costmap.global_costmap]: 
[planner_server-11] 	global_costmap lifecycle node launched. 
[planner_server-11] 	Waiting on external lifecycle transitions to activate
[planner_server-11] 	See https://design.ros2.org/articles/node_lifecycle.html for more information.
[planner_server-11] [INFO] [1785623434.464141069] [global_costmap.global_costmap]: Creating Costmap
[map_server-6] [INFO] [1785623434.506118924] [map_server]: Configuring
[map_server-6] [INFO] [1785623434.506204713] [map_io]: Loading yaml file: /home/linh-pham/agv_nav2_research_ws_bao/install/vacuum_robot_gazebo/share/vacuum_robot_gazebo/maps/office_maze.yaml
[map_server-6] [INFO] [1785623434.506483347] [map_io]: resolution: 0.05
[map_server-6] [INFO] [1785623434.506498676] [map_io]: origin[0]: -6
[map_server-6] [INFO] [1785623434.506505715] [map_io]: origin[1]: -4
[map_server-6] [INFO] [1785623434.506510871] [map_io]: origin[2]: 0
[map_server-6] [INFO] [1785623434.506516072] [map_io]: free_thresh: 0.25
[map_server-6] [INFO] [1785623434.506521268] [map_io]: occupied_thresh: 0.65
[map_server-6] [INFO] [1785623434.506527119] [map_io]: mode: trinary
[map_server-6] [INFO] [1785623434.506532573] [map_io]: negate: 0
[map_server-6] [INFO] [1785623434.506727733] [map_io]: Loading image_file: /home/linh-pham/agv_nav2_research_ws_bao/install/vacuum_robot_gazebo/share/vacuum_robot_gazebo/maps/office_maze.pgm
[map_server-6] [INFO] [1785623434.508251124] [map_io]: Read map /home/linh-pham/agv_nav2_research_ws_bao/install/vacuum_robot_gazebo/share/vacuum_robot_gazebo/maps/office_maze.pgm: 240 X 160 map @ 0.05 m/cell
[lifecycle_manager-8] [INFO] [1785623434.526430632] [lifecycle_manager_localization]: [34m[1mConfiguring amcl[0m[0m
[amcl-7] [INFO] [1785623434.526715848] [amcl]: Configuring
[amcl-7] [INFO] [1785623434.526793704] [amcl]: initTransforms
[amcl-7] [INFO] [1785623434.540123368] [amcl]: initPubSub
[amcl-7] [INFO] [1785623434.552506730] [amcl]: Subscribed to map topic.
[amcl-7] [INFO] [1785623434.559904795] [amcl]: Message Filter dropping message: frame 'laser' at time 0.726 for reason 'the timestamp on the message is earlier than all the data in the transform cache'
[lifecycle_manager-8] [INFO] [1785623434.560099679] [lifecycle_manager_localization]: [34m[1mActivating map_server[0m[0m
[map_server-6] [INFO] [1785623434.560355701] [map_server]: Activating
[map_server-6] [INFO] [1785623434.560773695] [map_server]: Creating bond (map_server) to lifecycle manager.
[lifecycle_manager-19] [INFO] [1785623434.566854793] [lifecycle_manager_navigation]: [34m[1mStarting managed nodes bringup...[0m[0m
[lifecycle_manager-19] [INFO] [1785623434.566910661] [lifecycle_manager_navigation]: [34m[1mConfiguring controller_server[0m[0m
[amcl-7] [WARN] [1785623434.567034243] []: TF_OLD_DATA ignoring data from the past for frame base_link at time 0.756000 according to authority Authority undetectable
[amcl-7] Possible reasons are listed at http://wiki.ros.org/tf/Errors%20explained
[controller_server-9] [INFO] [1785623434.567312397] [controller_server]: Configuring controller interface
[controller_server-9] [INFO] [1785623434.567335807] [controller_server]: getting progress checker plugins..
[controller_server-9] [INFO] [1785623434.567556031] [controller_server]: getting goal checker plugins..
[controller_server-9] [INFO] [1785623434.567645545] [controller_server]: Controller frequency set to 20.0000Hz
[controller_server-9] [INFO] [1785623434.567678601] [local_costmap.local_costmap]: Configuring
[amcl-7] [WARN] [1785623434.568797655] []: TF_OLD_DATA ignoring data from the past for frame base_link at time 17.676000 according to authority Authority undetectable
[amcl-7] Possible reasons are listed at http://wiki.ros.org/tf/Errors%20explained
[controller_server-9] [INFO] [1785623434.576995068] [local_costmap.local_costmap]: Using plugin "voxel_layer"
[controller_server-9] [INFO] [1785623434.580324122] [local_costmap.local_costmap]: Subscribed to Topics: scan
[controller_server-9] [INFO] [1785623434.593248974] [local_costmap.local_costmap]: Initialized plugin "voxel_layer"
[controller_server-9] [INFO] [1785623434.593293825] [local_costmap.local_costmap]: Using plugin "inflation_layer"
[controller_server-9] [INFO] [1785623434.593721548] [local_costmap.local_costmap]: Initialized plugin "inflation_layer"
[amcl-7] [WARN] [1785623434.603242431] []: TF_OLD_DATA ignoring data from the past for frame base_link at time 0.792000 according to authority Authority undetectable
[amcl-7] Possible reasons are listed at http://wiki.ros.org/tf/Errors%20explained
[controller_server-9] [WARN] [1785623434.603702754] []: TF_OLD_DATA ignoring data from the past for frame base_link at time 0.792000 according to authority Authority undetectable
[controller_server-9] Possible reasons are listed at http://wiki.ros.org/tf/Errors%20explained
[controller_server-9] [WARN] [1785623434.603758224] []: TF_OLD_DATA ignoring data from the past for frame base_link at time 17.712000 according to authority Authority undetectable
[controller_server-9] Possible reasons are listed at http://wiki.ros.org/tf/Errors%20explained
[amcl-7] [WARN] [1785623434.603723112] []: TF_OLD_DATA ignoring data from the past for frame base_link at time 17.712000 according to authority Authority undetectable
[amcl-7] Possible reasons are listed at http://wiki.ros.org/tf/Errors%20explained
[controller_server-9] [INFO] [1785623434.617013929] [controller_server]: Created progress_checker : progress_checker of type nav2_controller::PoseProgressChecker
[controller_server-9] [INFO] [1785623434.617793978] [controller_server]: Controller Server has progress_checker  progress checkers available.
[controller_server-9] [INFO] [1785623434.618727684] [controller_server]: Created goal checker : general_goal_checker of type nav2_controller::SimpleGoalChecker
[controller_server-9] [INFO] [1785623434.619632578] [controller_server]: Controller Server has general_goal_checker  goal checkers available.
[controller_server-9] [INFO] [1785623434.620735080] [controller_server]: Created controller : FollowPath of type nav2_regulated_pure_pursuit_controller::RegulatedPurePursuitController
[controller_server-9] [INFO] [1785623434.630747309] [controller_server]: Controller Server has FollowPath  controllers available.
[amcl-7] [WARN] [1785623434.640782022] []: TF_OLD_DATA ignoring data from the past for frame base_link at time 0.828000 according to authority Authority undetectable
[amcl-7] Possible reasons are listed at http://wiki.ros.org/tf/Errors%20explained
[amcl-7] [WARN] [1785623434.640824681] []: TF_OLD_DATA ignoring data from the past for frame base_link at time 17.748000 according to authority Authority undetectable
[amcl-7] Possible reasons are listed at http://wiki.ros.org/tf/Errors%20explained
[controller_server-9] [WARN] [1785623434.640917999] []: TF_OLD_DATA ignoring data from the past for frame base_link at time 0.828000 according to authority Authority undetectable
[controller_server-9] Possible reasons are listed at http://wiki.ros.org/tf/Errors%20explained
[controller_server-9] [WARN] [1785623434.640946692] []: TF_OLD_DATA ignoring data from the past for frame base_link at time 17.748000 according to authority Authority undetectable
[controller_server-9] Possible reasons are listed at http://wiki.ros.org/tf/Errors%20explained
[lifecycle_manager-19] [INFO] [1785623434.644456819] [lifecycle_manager_navigation]: [34m[1mConfiguring smoother_server[0m[0m
[smoother_server-10] [INFO] [1785623434.644780252] [smoother_server]: Configuring smoother server
[smoother_server-10] [INFO] [1785623434.659993576] [smoother_server]: Created smoother : simple_smoother of type nav2_smoother::SimpleSmoother
[smoother_server-10] [INFO] [1785623434.663339099] [smoother_server]: Created smoother : savitzky_golay of type nav2_smoother::SavitzkyGolaySmoother
[smoother_server-10] [INFO] [1785623434.667877221] [smoother_server]: Created smoother : constrained of type nav2_constrained_smoother/ConstrainedSmoother
[lifecycle_manager-8] [INFO] [1785623434.671093074] [lifecycle_manager_localization]: Server map_server connected with bond.
[lifecycle_manager-8] [INFO] [1785623434.671146789] [lifecycle_manager_localization]: [34m[1mActivating amcl[0m[0m
[smoother_server-10] [INFO] [1785623434.671355460] [smoother_server]: Created smoother : pstmo of type adaptive_pivot_g2_nav2/AdaptivePivotG2Smoother
[amcl-7] [INFO] [1785623434.672146892] [amcl]: Activating
[amcl-7] [INFO] [1785623434.672181196] [amcl]: initialPoseReceived
[amcl-7] [INFO] [1785623434.672266763] [amcl]: Setting pose (30.357000): -5.200 -3.000 0.857
[amcl-7] [INFO] [1785623434.672965440] [amcl]: Creating bond (amcl) to lifecycle manager.
[smoother_server-10] [WARN] [1785623434.677024179] []: TF_OLD_DATA ignoring data from the past for frame base_link at time 0.864000 according to authority Authority undetectable
[smoother_server-10] Possible reasons are listed at http://wiki.ros.org/tf/Errors%20explained
[smoother_server-10] [WARN] [1785623434.677101278] []: TF_OLD_DATA ignoring data from the past for frame base_link at time 17.784000 according to authority Authority undetectable
[smoother_server-10] Possible reasons are listed at http://wiki.ros.org/tf/Errors%20explained
[amcl-7] [WARN] [1785623434.677202335] []: TF_OLD_DATA ignoring data from the past for frame base_link at time 0.864000 according to authority Authority undetectable
[amcl-7] Possible reasons are listed at http://wiki.ros.org/tf/Errors%20explained
[amcl-7] [WARN] [1785623434.677240801] []: TF_OLD_DATA ignoring data from the past for frame base_link at time 17.784000 according to authority Authority undetectable
[amcl-7] Possible reasons are listed at http://wiki.ros.org/tf/Errors%20explained
[smoother_server-10] [INFO] [1785623434.677346816] [smoother_server]: Configured PSTMO smoother 'pstmo' with joint (d,q) shape search
[smoother_server-10] [INFO] [1785623434.678341702] [smoother_server]: Created smoother : adaptive_hybrid of type adaptive_pivot_g2_nav2/SafetyGatedHybridSmoother
[controller_server-9] [WARN] [1785623434.678937223] []: TF_OLD_DATA ignoring data from the past for frame base_link at time 0.864000 according to authority Authority undetectable
[controller_server-9] Possible reasons are listed at http://wiki.ros.org/tf/Errors%20explained
[controller_server-9] [WARN] [1785623434.678970940] []: TF_OLD_DATA ignoring data from the past for frame base_link at time 17.784000 according to authority Authority undetectable
[controller_server-9] Possible reasons are listed at http://wiki.ros.org/tf/Errors%20explained
[smoother_server-10] [INFO] [1785623434.686835204] [smoother_server]: Configured PSTMO smoother 'adaptive_hybrid.pivot' with joint (d,q) shape search
[smoother_server-10] [INFO] [1785623434.687758824] [smoother_server]: Configured safety-gated hybrid smoother as 'adaptive_hybrid'
[smoother_server-10] [INFO] [1785623434.687794385] [smoother_server]: Smoother Server has simple_smoother savitzky_golay constrained pstmo adaptive_hybrid  smoothers available.
[lifecycle_manager-19] [INFO] [1785623434.698717625] [lifecycle_manager_navigation]: [34m[1mConfiguring planner_server[0m[0m
[planner_server-11] [INFO] [1785623434.699239361] [planner_server]: Configuring
[planner_server-11] [INFO] [1785623434.699287868] [global_costmap.global_costmap]: Configuring
[amcl-7] [WARN] [1785623434.712183602] []: TF_OLD_DATA ignoring data from the past for frame base_link at time 17.820000 according to authority Authority undetectable
[amcl-7] Possible reasons are listed at http://wiki.ros.org/tf/Errors%20explained
[controller_server-9] [WARN] [1785623434.712309708] []: TF_OLD_DATA ignoring data from the past for frame base_link at time 17.820000 according to authority Authority undetectable
[controller_server-9] Possible reasons are listed at http://wiki.ros.org/tf/Errors%20explained
[smoother_server-10] [WARN] [1785623434.712432768] []: TF_OLD_DATA ignoring data from the past for frame base_link at time 17.820000 according to authority Authority undetectable
[smoother_server-10] Possible reasons are listed at http://wiki.ros.org/tf/Errors%20explained
[controller_server-9] [WARN] [1785623434.713393126] []: TF_OLD_DATA ignoring data from the past for frame base_link at time 0.900000 according to authority Authority undetectable
[controller_server-9] Possible reasons are listed at http://wiki.ros.org/tf/Errors%20explained
[amcl-7] [WARN] [1785623434.713732240] []: TF_OLD_DATA ignoring data from the past for frame base_link at time 0.900000 according to authority Authority undetectable
[amcl-7] Possible reasons are listed at http://wiki.ros.org/tf/Errors%20explained
[smoother_server-10] [WARN] [1785623434.713803821] []: TF_OLD_DATA ignoring data from the past for frame base_link at time 0.900000 according to authority Authority undetectable
[smoother_server-10] Possible reasons are listed at http://wiki.ros.org/tf/Errors%20explained
[planner_server-11] [INFO] [1785623434.714837797] [global_costmap.global_costmap]: Using plugin "static_layer"
[planner_server-11] [WARN] [1785623434.715046902] []: TF_OLD_DATA ignoring data from the past for frame base_link at time 0.900000 according to authority Authority undetectable
[planner_server-11] Possible reasons are listed at http://wiki.ros.org/tf/Errors%20explained
[planner_server-11] [INFO] [1785623434.720913384] [global_costmap.global_costmap]: Subscribing to the map topic (/map) with transient local durability
[planner_server-11] [INFO] [1785623434.723983524] [global_costmap.global_costmap]: Initialized plugin "static_layer"
[planner_server-11] [INFO] [1785623434.724018313] [global_costmap.global_costmap]: Using plugin "inflation_layer"
[planner_server-11] [INFO] [1785623434.724920127] [global_costmap.global_costmap]: Initialized plugin "inflation_layer"
[amcl-7] [INFO] [1785623434.743929410] [amcl]: Received a 240 X 160 map @ 0.050 m/pix
[smoother_server-10] [WARN] [1785623434.747123955] []: TF_OLD_DATA ignoring data from the past for frame base_link at time 0.936000 according to authority Authority undetectable
[smoother_server-10] Possible reasons are listed at http://wiki.ros.org/tf/Errors%20explained
[amcl-7] [WARN] [1785623434.747154920] []: TF_OLD_DATA ignoring data from the past for frame base_link at time 0.936000 according to authority Authority undetectable
[amcl-7] Possible reasons are listed at http://wiki.ros.org/tf/Errors%20explained
[planner_server-11] [WARN] [1785623434.747242017] []: TF_OLD_DATA ignoring data from the past for frame base_link at time 0.936000 according to authority Authority undetectable
[planner_server-11] Possible reasons are listed at http://wiki.ros.org/tf/Errors%20explained
[planner_server-11] [INFO] [1785623434.747478619] [global_costmap.global_costmap]: StaticLayer: Resizing costmap to 240 X 160 at 0.050000 m/pix
[planner_server-11] [WARN] [1785623434.747770173] []: TF_OLD_DATA ignoring data from the past for frame base_link at time 17.856000 according to authority Authority undetectable
[planner_server-11] Possible reasons are listed at http://wiki.ros.org/tf/Errors%20explained
[amcl-7] [WARN] [1785623434.747775667] []: TF_OLD_DATA ignoring data from the past for frame base_link at time 17.856000 according to authority Authority undetectable
[amcl-7] Possible reasons are listed at http://wiki.ros.org/tf/Errors%20explained
[smoother_server-10] [WARN] [1785623434.747776858] []: TF_OLD_DATA ignoring data from the past for frame base_link at time 17.856000 according to authority Authority undetectable
[smoother_server-10] Possible reasons are listed at http://wiki.ros.org/tf/Errors%20explained
[planner_server-11] [INFO] [1785623434.747959353] [planner_server]: Created global planner plugin NavFnAStar of type nav2_navfn_planner::NavfnPlanner
[planner_server-11] [INFO] [1785623434.747981763] [planner_server]: Configuring plugin NavFnAStar of type NavfnPlanner
[planner_server-11] [INFO] [1785623434.748611897] [planner_server]: Created global planner plugin NavFnDijkstra of type nav2_navfn_planner::NavfnPlanner
[planner_server-11] [INFO] [1785623434.748632601] [planner_server]: Configuring plugin NavFnDijkstra of type NavfnPlanner
[planner_server-11] [INFO] [1785623434.749615936] [planner_server]: Created global planner plugin ThetaStar of type nav2_theta_star_planner::ThetaStarPlanner
[controller_server-9] [WARN] [1785623434.749676453] []: TF_OLD_DATA ignoring data from the past for frame base_link at time 0.936000 according to authority Authority undetectable
[controller_server-9] Possible reasons are listed at http://wiki.ros.org/tf/Errors%20explained
[controller_server-9] [WARN] [1785623434.751017543] []: TF_OLD_DATA ignoring data from the past for frame base_link at time 17.856000 according to authority Authority undetectable
[controller_server-9] Possible reasons are listed at http://wiki.ros.org/tf/Errors%20explained
[planner_server-11] [INFO] [1785623434.754822527] [planner_server]: Created global planner plugin Smac2D of type nav2_smac_planner::SmacPlanner2D
[planner_server-11] [INFO] [1785623434.754864884] [planner_server]: Configuring Smac2D of type SmacPlanner2D
[planner_server-11] [ERROR] [1785623434.755482019] [planner_server]: Inflation layer either not found or inflation is not set sufficiently for optimized non-circular collision checking capabilities. It is HIGHLY recommended to set the inflation radius to be at MINIMUM half of the robot's largest cross-section. See github.com/ros-planning/navigation2/tree/main/nav2_smac_planner#potential-fields for full instructions. This will substantially impact run-time performance.
[planner_server-11] [INFO] [1785623434.757235924] [planner_server]: Configured plugin Smac2D of type SmacPlanner2D with tolerance 0.10, maximum iterations 1000000, max on approach iterations 1000, and not allowing unknown traversal.
[planner_server-11] [INFO] [1785623434.758866610] [planner_server]: Created global planner plugin SmacHybrid of type nav2_smac_planner::SmacPlannerHybrid
[planner_server-11] [INFO] [1785623434.758902978] [planner_server]: Configuring SmacHybrid of type SmacPlannerHybrid
[planner_server-11] [INFO] [1785623434.759821684] [planner_server]: Even sized heuristic lookup table size set 160.000000, increasing size by 1 to make odd
[lifecycle_manager-8] [INFO] [1785623434.780446460] [lifecycle_manager_localization]: Server amcl connected with bond.
[lifecycle_manager-8] [INFO] [1785623434.780497824] [lifecycle_manager_localization]: [34m[1mManaged nodes are active[0m[0m
[lifecycle_manager-8] [INFO] [1785623434.780513522] [lifecycle_manager_localization]: [34m[1mCreating bond timer...[0m[0m
[controller_server-9] [WARN] [1785623434.782950227] []: TF_OLD_DATA ignoring data from the past for frame base_link at time 0.972000 according to authority Authority undetectable
[controller_server-9] Possible reasons are listed at http://wiki.ros.org/tf/Errors%20explained
[amcl-7] [WARN] [1785623434.782955492] []: TF_OLD_DATA ignoring data from the past for frame base_link at time 0.972000 according to authority Authority undetectable
[amcl-7] Possible reasons are listed at http://wiki.ros.org/tf/Errors%20explained
[smoother_server-10] [WARN] [1785623434.782963237] []: TF_OLD_DATA ignoring data from the past for frame base_link at time 0.972000 according to authority Authority undetectable
[smoother_server-10] Possible reasons are listed at http://wiki.ros.org/tf/Errors%20explained
[planner_server-11] [WARN] [1785623434.782970805] []: TF_OLD_DATA ignoring data from the past for frame base_link at time 0.972000 according to authority Authority undetectable
[planner_server-11] Possible reasons are listed at http://wiki.ros.org/tf/Errors%20explained
[controller_server-9] [WARN] [1785623434.783451956] []: TF_OLD_DATA ignoring data from the past for frame base_link at time 17.892000 according to authority Authority undetectable
[controller_server-9] Possible reasons are listed at http://wiki.ros.org/tf/Errors%20explained
[planner_server-11] [WARN] [1785623434.783459887] []: TF_OLD_DATA ignoring data from the past for frame base_link at time 17.892000 according to authority Authority undetectable
[planner_server-11] Possible reasons are listed at http://wiki.ros.org/tf/Errors%20explained
[amcl-7] [WARN] [1785623434.783459344] []: TF_OLD_DATA ignoring data from the past for frame base_link at time 17.892000 according to authority Authority undetectable
[amcl-7] Possible reasons are listed at http://wiki.ros.org/tf/Errors%20explained
[smoother_server-10] [WARN] [1785623434.783464929] []: TF_OLD_DATA ignoring data from the past for frame base_link at time 17.892000 according to authority Authority undetectable
[smoother_server-10] Possible reasons are listed at http://wiki.ros.org/tf/Errors%20explained
[controller_server-9] [WARN] [1785623434.818861159] []: TF_OLD_DATA ignoring data from the past for frame base_link at time 1.008000 according to authority Authority undetectable
[controller_server-9] Possible reasons are listed at http://wiki.ros.org/tf/Errors%20explained
[amcl-7] [WARN] [1785623434.818884907] []: TF_OLD_DATA ignoring data from the past for frame base_link at time 1.008000 according to authority Authority undetectable
[amcl-7] Possible reasons are listed at http://wiki.ros.org/tf/Errors%20explained
[smoother_server-10] [WARN] [1785623434.818882961] []: TF_OLD_DATA ignoring data from the past for frame base_link at time 1.008000 according to authority Authority undetectable
[smoother_server-10] Possible reasons are listed at http://wiki.ros.org/tf/Errors%20explained
[planner_server-11] [WARN] [1785623434.818939028] []: TF_OLD_DATA ignoring data from the past for frame base_link at time 1.008000 according to authority Authority undetectable
[planner_server-11] Possible reasons are listed at http://wiki.ros.org/tf/Errors%20explained
[planner_server-11] [WARN] [1785623434.819648910] []: TF_OLD_DATA ignoring data from the past for frame base_link at time 17.928000 according to authority Authority undetectable
[planner_server-11] Possible reasons are listed at http://wiki.ros.org/tf/Errors%20explained
[amcl-7] [WARN] [1785623434.819651244] []: TF_OLD_DATA ignoring data from the past for frame base_link at time 17.928000 according to authority Authority undetectable
[amcl-7] Possible reasons are listed at http://wiki.ros.org/tf/Errors%20explained
[controller_server-9] [WARN] [1785623434.819666211] []: TF_OLD_DATA ignoring data from the past for frame base_link at time 17.928000 according to authority Authority undetectable
[controller_server-9] Possible reasons are listed at http://wiki.ros.org/tf/Errors%20explained
[smoother_server-10] [WARN] [1785623434.819700969] []: TF_OLD_DATA ignoring data from the past for frame base_link at time 17.928000 according to authority Authority undetectable
[smoother_server-10] Possible reasons are listed at http://wiki.ros.org/tf/Errors%20explained
[controller_server-9] [WARN] [1785623434.854707955] []: TF_OLD_DATA ignoring data from the past for frame base_link at time 1.044000 according to authority Authority undetectable
[controller_server-9] Possible reasons are listed at http://wiki.ros.org/tf/Errors%20explained
[smoother_server-10] [WARN] [1785623434.854708584] []: TF_OLD_DATA ignoring data from the past for frame base_link at time 1.044000 according to authority Authority undetectable
[smoother_server-10] Possible reasons are listed at http://wiki.ros.org/tf/Errors%20explained
[amcl-7] [WARN] [1785623434.854708296] []: TF_OLD_DATA ignoring data from the past for frame base_link at time 1.044000 according to authority Authority undetectable
[amcl-7] Possible reasons are listed at http://wiki.ros.org/tf/Errors%20explained
[planner_server-11] [WARN] [1785623434.854728817] []: TF_OLD_DATA ignoring data from the past for frame base_link at time 1.044000 according to authority Authority undetectable
[planner_server-11] Possible reasons are listed at http://wiki.ros.org/tf/Errors%20explained
[controller_server-9] [WARN] [1785623434.855559724] []: TF_OLD_DATA ignoring data from the past for frame base_link at time 17.964000 according to authority Authority undetectable
[controller_server-9] Possible reasons are listed at http://wiki.ros.org/tf/Errors%20explained
[smoother_server-10] [WARN] [1785623434.855559732] []: TF_OLD_DATA ignoring data from the past for frame base_link at time 17.964000 according to authority Authority undetectable
[smoother_server-10] Possible reasons are listed at http://wiki.ros.org/tf/Errors%20explained
[planner_server-11] [WARN] [1785623434.855573095] []: TF_OLD_DATA ignoring data from the past for frame base_link at time 17.964000 according to authority Authority undetectable
[planner_server-11] Possible reasons are listed at http://wiki.ros.org/tf/Errors%20explained
[amcl-7] [WARN] [1785623434.855619915] []: TF_OLD_DATA ignoring data from the past for frame base_link at time 17.964000 according to authority Authority undetectable
[amcl-7] Possible reasons are listed at http://wiki.ros.org/tf/Errors%20explained
[smoother_server-10] [WARN] [1785623434.890941715] []: TF_OLD_DATA ignoring data from the past for frame base_link at time 1.080000 according to authority Authority undetectable
[smoother_server-10] Possible reasons are listed at http://wiki.ros.org/tf/Errors%20explained
[amcl-7] [WARN] [1785623434.890973661] []: TF_OLD_DATA ignoring data from the past for frame base_link at time 1.080000 according to authority Authority undetectable
[amcl-7] Possible reasons are listed at http://wiki.ros.org/tf/Errors%20explained
[planner_server-11] [WARN] [1785623434.890974843] []: TF_OLD_DATA ignoring data from the past for frame base_link at time 1.080000 according to authority Authority undetectable
[planner_server-11] Possible reasons are listed at http://wiki.ros.org/tf/Errors%20explained
[controller_server-9] [WARN] [1785623434.890986284] []: TF_OLD_DATA ignoring data from the past for frame base_link at time 1.080000 according to authority Authority undetectable
[controller_server-9] Possible reasons are listed at http://wiki.ros.org/tf/Errors%20explained
[controller_server-9] [WARN] [1785623434.892015441] []: TF_OLD_DATA ignoring data from the past for frame base_link at time 18.000000 according to authority Authority undetectable
[controller_server-9] Possible reasons are listed at http://wiki.ros.org/tf/Errors%20explained
[amcl-7] [WARN] [1785623434.892045489] []: TF_OLD_DATA ignoring data from the past for frame base_link at time 18.000000 according to authority Authority undetectable
[amcl-7] Possible reasons are listed at http://wiki.ros.org/tf/Errors%20explained
[smoother_server-10] [WARN] [1785623434.892026598] []: TF_OLD_DATA ignoring data from the past for frame base_link at time 18.000000 according to authority Authority undetectable
[smoother_server-10] Possible reasons are listed at http://wiki.ros.org/tf/Errors%20explained
[planner_server-11] [WARN] [1785623434.892057695] []: TF_OLD_DATA ignoring data from the past for frame base_link at time 18.000000 according to authority Authority undetectable
[planner_server-11] Possible reasons are listed at http://wiki.ros.org/tf/Errors%20explained
[amcl-7] [INFO] [1785623434.915527261] [amcl]: createLaserObject
[controller_server-9] [WARN] [1785623434.926993641] []: TF_OLD_DATA ignoring data from the past for frame base_link at time 1.116000 according to authority Authority undetectable
[controller_server-9] Possible reasons are listed at http://wiki.ros.org/tf/Errors%20explained
[amcl-7] [WARN] [1785623434.927002942] []: TF_OLD_DATA ignoring data from the past for frame base_link at time 1.116000 according to authority Authority undetectable
[amcl-7] Possible reasons are listed at http://wiki.ros.org/tf/Errors%20explained
[planner_server-11] [WARN] [1785623434.927011563] []: TF_OLD_DATA ignoring data from the past for frame base_link at time 1.116000 according to authority Authority undetectable
[planner_server-11] Possible reasons are listed at http://wiki.ros.org/tf/Errors%20explained
[smoother_server-10] [WARN] [1785623434.927013012] []: TF_OLD_DATA ignoring data from the past for frame base_link at time 1.116000 according to authority Authority undetectable
[smoother_server-10] Possible reasons are listed at http://wiki.ros.org/tf/Errors%20explained
[controller_server-9] [WARN] [1785623434.927512401] []: TF_OLD_DATA ignoring data from the past for frame base_link at time 18.036000 according to authority Authority undetectable
[controller_server-9] Possible reasons are listed at http://wiki.ros.org/tf/Errors%20explained
[amcl-7] [WARN] [1785623434.927516043] []: TF_OLD_DATA ignoring data from the past for frame base_link at time 18.036000 according to authority Authority undetectable
[amcl-7] Possible reasons are listed at http://wiki.ros.org/tf/Errors%20explained
[smoother_server-10] [WARN] [1785623434.927522588] []: TF_OLD_DATA ignoring data from the past for frame base_link at time 18.036000 according to authority Authority undetectable
[smoother_server-10] Possible reasons are listed at http://wiki.ros.org/tf/Errors%20explained
[planner_server-11] [WARN] [1785623434.927541194] []: TF_OLD_DATA ignoring data from the past for frame base_link at time 18.036000 according to authority Authority undetectable
[planner_server-11] Possible reasons are listed at http://wiki.ros.org/tf/Errors%20explained
[amcl-7] [WARN] [1785623434.962797127] []: TF_OLD_DATA ignoring data from the past for frame base_link at time 1.152000 according to authority Authority undetectable
[amcl-7] Possible reasons are listed at http://wiki.ros.org/tf/Errors%20explained
[smoother_server-10] [WARN] [1785623434.962797125] []: TF_OLD_DATA ignoring data from the past for frame base_link at time 1.152000 according to authority Authority undetectable
[smoother_server-10] Possible reasons are listed at http://wiki.ros.org/tf/Errors%20explained
[controller_server-9] [WARN] [1785623434.962796997] []: TF_OLD_DATA ignoring data from the past for frame base_link at time 1.152000 according to authority Authority undetectable
[controller_server-9] Possible reasons are listed at http://wiki.ros.org/tf/Errors%20explained
[planner_server-11] [WARN] [1785623434.962827676] []: TF_OLD_DATA ignoring data from the past for frame base_link at time 1.152000 according to authority Authority undetectable
[planner_server-11] Possible reasons are listed at http://wiki.ros.org/tf/Errors%20explained
[controller_server-9] [WARN] [1785623434.963441837] []: TF_OLD_DATA ignoring data from the past for frame base_link at time 18.072000 according to authority Authority undetectable
[controller_server-9] Possible reasons are listed at http://wiki.ros.org/tf/Errors%20explained
[amcl-7] [WARN] [1785623434.963455391] []: TF_OLD_DATA ignoring data from the past for frame base_link at time 18.072000 according to authority Authority undetectable
[amcl-7] Possible reasons are listed at http://wiki.ros.org/tf/Errors%20explained
[planner_server-11] [WARN] [1785623434.963457215] []: TF_OLD_DATA ignoring data from the past for frame base_link at time 18.072000 according to authority Authority undetectable
[planner_server-11] Possible reasons are listed at http://wiki.ros.org/tf/Errors%20explained
[smoother_server-10] [WARN] [1785623434.963478700] []: TF_OLD_DATA ignoring data from the past for frame base_link at time 18.072000 according to authority Authority undetectable
[smoother_server-10] Possible reasons are listed at http://wiki.ros.org/tf/Errors%20explained
[planner_server-11] [INFO] [1785623434.982908610] [planner_server]: Configured plugin SmacHybrid of type SmacPlannerHybrid with maximum iterations 1000000, max on approach iterations 1000, and not allowing unknown traversal. Tolerance 0.10.Using motion model: Dubin.
[planner_server-11] [INFO] [1785623434.982953987] [planner_server]: Planner Server has NavFnAStar NavFnDijkstra ThetaStar Smac2D SmacHybrid  planners available.
[lifecycle_manager-19] [INFO] [1785623434.996511736] [lifecycle_manager_navigation]: [34m[1mConfiguring route_server[0m[0m
[route_server-12] [INFO] [1785623434.996826484] [route_server]: Configuring
[planner_server-11] [WARN] [1785623434.998945876] []: TF_OLD_DATA ignoring data from the past for frame base_link at time 1.188000 according to authority Authority undetectable
[planner_server-11] Possible reasons are listed at http://wiki.ros.org/tf/Errors%20explained
[controller_server-9] [WARN] [1785623434.998945820] []: TF_OLD_DATA ignoring data from the past for frame base_link at time 1.188000 according to authority Authority undetectable
[controller_server-9] Possible reasons are listed at http://wiki.ros.org/tf/Errors%20explained
[amcl-7] [WARN] [1785623434.998945810] []: TF_OLD_DATA ignoring data from the past for frame base_link at time 1.188000 according to authority Authority undetectable
[amcl-7] Possible reasons are listed at http://wiki.ros.org/tf/Errors%20explained
[smoother_server-10] [WARN] [1785623434.998953068] []: TF_OLD_DATA ignoring data from the past for frame base_link at time 1.188000 according to authority Authority undetectable
[smoother_server-10] Possible reasons are listed at http://wiki.ros.org/tf/Errors%20explained
[controller_server-9] [WARN] [1785623434.999654915] []: TF_OLD_DATA ignoring data from the past for frame base_link at time 18.108000 according to authority Authority undetectable
[controller_server-9] Possible reasons are listed at http://wiki.ros.org/tf/Errors%20explained
[smoother_server-10] [WARN] [1785623434.999662031] []: TF_OLD_DATA ignoring data from the past for frame base_link at time 18.108000 according to authority Authority undetectable
[smoother_server-10] Possible reasons are listed at http://wiki.ros.org/tf/Errors%20explained
[planner_server-11] [WARN] [1785623434.999681865] []: TF_OLD_DATA ignoring data from the past for frame base_link at time 18.108000 according to authority Authority undetectable
[planner_server-11] Possible reasons are listed at http://wiki.ros.org/tf/Errors%20explained
[amcl-7] [WARN] [1785623434.999682140] []: TF_OLD_DATA ignoring data from the past for frame base_link at time 18.108000 according to authority Authority undetectable
[amcl-7] Possible reasons are listed at http://wiki.ros.org/tf/Errors%20explained
[route_server-12] [INFO] [1785623435.027079574] [route_server]: Created GraphFileLoader GeoJsonGraphFileLoader of type nav2_route::GeoJsonGraphFileLoader
[route_server-12] [INFO] [1785623435.027109222] [route_server]: Configuring geojson graph file loader
[route_server-12] [INFO] [1785623435.027114840] [route_server]: No graph file provided to load yet.
[route_server-12] [INFO] [1785623435.028807284] [route_server]: Created edge cost function plugin DistanceScorer of type nav2_route::DistanceScorer
[route_server-12] [INFO] [1785623435.028839057] [route_server]: Configuring distance scorer.
[route_server-12] [INFO] [1785623435.029026516] [route_server]: Created edge cost function plugin CostmapScorer of type nav2_route::CostmapScorer
[route_server-12] [INFO] [1785623435.029036144] [route_server]: Configuring costmap scorer.
[route_server-12] [INFO] [1785623435.031162678] [route_server]: Created route operation ReroutingService of type nav2_route::ReroutingService
[route_server-12] [INFO] [1785623435.031376390] [route_server]: Configuring Rerouting service operation.
[route_server-12] [INFO] [1785623435.033095645] [route_server]: Created route operation CollisionMonitor of type nav2_route::CollisionMonitor
[route_server-12] [INFO] [1785623435.033239213] [route_server]: Using costmap topic: local_costmap/costmap_raw instead of server costmap topic: global_costmap/costmap_raw for CollisionMonitor.
[smoother_server-10] [WARN] [1785623435.034917768] []: TF_OLD_DATA ignoring data from the past for frame base_link at time 1.224000 according to authority Authority undetectable
[smoother_server-10] Possible reasons are listed at http://wiki.ros.org/tf/Errors%20explained
[amcl-7] [WARN] [1785623435.034932412] []: TF_OLD_DATA ignoring data from the past for frame base_link at time 1.224000 according to authority Authority undetectable
[amcl-7] Possible reasons are listed at http://wiki.ros.org/tf/Errors%20explained
[planner_server-11] [WARN] [1785623435.034964023] []: TF_OLD_DATA ignoring data from the past for frame base_link at time 1.224000 according to authority Authority undetectable
[planner_server-11] Possible reasons are listed at http://wiki.ros.org/tf/Errors%20explained
[route_server-12] [WARN] [1785623435.035394578] []: TF_OLD_DATA ignoring data from the past for frame base_link at time 1.224000 according to authority Authority undetectable
[route_server-12] Possible reasons are listed at http://wiki.ros.org/tf/Errors%20explained
[controller_server-9] [WARN] [1785623435.035591361] []: TF_OLD_DATA ignoring data from the past for frame base_link at time 1.224000 according to authority Authority undetectable
[controller_server-9] Possible reasons are listed at http://wiki.ros.org/tf/Errors%20explained
[controller_server-9] [WARN] [1785623435.035617035] []: TF_OLD_DATA ignoring data from the past for frame base_link at time 18.144000 according to authority Authority undetectable
[controller_server-9] Possible reasons are listed at http://wiki.ros.org/tf/Errors%20explained
[amcl-7] [WARN] [1785623435.035604052] []: TF_OLD_DATA ignoring data from the past for frame base_link at time 18.144000 according to authority Authority undetectable
[amcl-7] Possible reasons are listed at http://wiki.ros.org/tf/Errors%20explained
[smoother_server-10] [WARN] [1785623435.035630635] []: TF_OLD_DATA ignoring data from the past for frame base_link at time 18.144000 according to authority Authority undetectable
[smoother_server-10] Possible reasons are listed at http://wiki.ros.org/tf/Errors%20explained
[planner_server-11] [WARN] [1785623435.035629483] []: TF_OLD_DATA ignoring data from the past for frame base_link at time 18.144000 according to authority Authority undetectable
[planner_server-11] Possible reasons are listed at http://wiki.ros.org/tf/Errors%20explained
[route_server-12] [WARN] [1785623435.035647971] []: TF_OLD_DATA ignoring data from the past for frame base_link at time 18.144000 according to authority Authority undetectable
[route_server-12] Possible reasons are listed at http://wiki.ros.org/tf/Errors%20explained
[lifecycle_manager-19] [INFO] [1785623435.036300272] [lifecycle_manager_navigation]: [34m[1mConfiguring behavior_server[0m[0m
[behavior_server-13] [INFO] [1785623435.036501854] [behavior_server]: Configuring
[behavior_server-13] [INFO] [1785623435.041139083] [behavior_server]: Creating behavior plugin spin of type nav2_behaviors::Spin
[behavior_server-13] [INFO] [1785623435.042053403] [behavior_server]: Creating behavior plugin backup of type nav2_behaviors::BackUp
[behavior_server-13] [INFO] [1785623435.043062298] [behavior_server]: Creating behavior plugin drive_on_heading of type nav2_behaviors::DriveOnHeading
[behavior_server-13] [INFO] [1785623435.044020283] [behavior_server]: Creating behavior plugin assisted_teleop of type nav2_behaviors::AssistedTeleop
[behavior_server-13] [INFO] [1785623435.045570237] [behavior_server]: Creating behavior plugin wait of type nav2_behaviors::Wait
[behavior_server-13] [INFO] [1785623435.053138650] [behavior_server]: Configuring spin
[behavior_server-13] [INFO] [1785623435.062856599] [behavior_server]: Configuring backup
[behavior_server-13] [INFO] [1785623435.068883073] [behavior_server]: Configuring drive_on_heading
[amcl-7] [WARN] [1785623435.071023883] []: TF_OLD_DATA ignoring data from the past for frame base_link at time 1.260000 according to authority Authority undetectable
[amcl-7] Possible reasons are listed at http://wiki.ros.org/tf/Errors%20explained
[route_server-12] [WARN] [1785623435.071078121] []: TF_OLD_DATA ignoring data from the past for frame base_link at time 1.260000 according to authority Authority undetectable
[route_server-12] Possible reasons are listed at http://wiki.ros.org/tf/Errors%20explained
[controller_server-9] [WARN] [1785623435.071060014] []: TF_OLD_DATA ignoring data from the past for frame base_link at time 1.260000 according to authority Authority undetectable
[controller_server-9] Possible reasons are listed at http://wiki.ros.org/tf/Errors%20explained
[planner_server-11] [WARN] [1785623435.071266745] []: TF_OLD_DATA ignoring data from the past for frame base_link at time 1.260000 according to authority Authority undetectable
[planner_server-11] Possible reasons are listed at http://wiki.ros.org/tf/Errors%20explained
[smoother_server-10] [WARN] [1785623435.071433368] []: TF_OLD_DATA ignoring data from the past for frame base_link at time 1.260000 according to authority Authority undetectable
[smoother_server-10] Possible reasons are listed at http://wiki.ros.org/tf/Errors%20explained
[smoother_server-10] [WARN] [1785623435.071761404] []: TF_OLD_DATA ignoring data from the past for frame base_link at time 18.180000 according to authority Authority undetectable
[smoother_server-10] Possible reasons are listed at http://wiki.ros.org/tf/Errors%20explained
[route_server-12] [WARN] [1785623435.071702092] []: TF_OLD_DATA ignoring data from the past for frame base_link at time 18.180000 according to authority Authority undetectable
[route_server-12] Possible reasons are listed at http://wiki.ros.org/tf/Errors%20explained
[controller_server-9] [WARN] [1785623435.071713730] []: TF_OLD_DATA ignoring data from the past for frame base_link at time 18.180000 according to authority Authority undetectable
[controller_server-9] Possible reasons are listed at http://wiki.ros.org/tf/Errors%20explained
[behavior_server-13] [WARN] [1785623435.071980539] []: TF_OLD_DATA ignoring data from the past for frame base_link at time 1.260000 according to authority Authority undetectable
[behavior_server-13] Possible reasons are listed at http://wiki.ros.org/tf/Errors%20explained
[behavior_server-13] [WARN] [1785623435.072029115] []: TF_OLD_DATA ignoring data from the past for frame base_link at time 18.180000 according to authority Authority undetectable
[behavior_server-13] Possible reasons are listed at http://wiki.ros.org/tf/Errors%20explained
[planner_server-11] [WARN] [1785623435.072224293] []: TF_OLD_DATA ignoring data from the past for frame base_link at time 18.180000 according to authority Authority undetectable
[planner_server-11] Possible reasons are listed at http://wiki.ros.org/tf/Errors%20explained
[amcl-7] [WARN] [1785623435.074220762] []: TF_OLD_DATA ignoring data from the past for frame base_link at time 18.180000 according to authority Authority undetectable
[amcl-7] Possible reasons are listed at http://wiki.ros.org/tf/Errors%20explained
[behavior_server-13] [INFO] [1785623435.075250992] [behavior_server]: Configuring assisted_teleop
[behavior_server-13] [INFO] [1785623435.083511386] [behavior_server]: Configuring wait
[lifecycle_manager-19] [INFO] [1785623435.090880546] [lifecycle_manager_navigation]: [34m[1mConfiguring velocity_smoother[0m[0m
[velocity_smoother-16] [INFO] [1785623435.091131546] [velocity_smoother]: Configuring velocity smoother
[lifecycle_manager-19] [INFO] [1785623435.098241545] [lifecycle_manager_navigation]: [34m[1mConfiguring collision_monitor[0m[0m
[collision_monitor-17] [INFO] [1785623435.098612276] [collision_monitor]: Configuring
[collision_monitor-17] [INFO] [1785623435.105321886] [collision_monitor]: [scan]: Creating Scan
[controller_server-9] [WARN] [1785623435.107069263] []: TF_OLD_DATA ignoring data from the past for frame base_link at time 1.296000 according to authority Authority undetectable
[controller_server-9] Possible reasons are listed at http://wiki.ros.org/tf/Errors%20explained
[smoother_server-10] [WARN] [1785623435.107093904] []: TF_OLD_DATA ignoring data from the past for frame base_link at time 1.296000 according to authority Authority undetectable
[smoother_server-10] Possible reasons are listed at http://wiki.ros.org/tf/Errors%20explained
[behavior_server-13] [WARN] [1785623435.107092844] []: TF_OLD_DATA ignoring data from the past for frame base_link at time 1.296000 according to authority Authority undetectable
[behavior_server-13] Possible reasons are listed at http://wiki.ros.org/tf/Errors%20explained
[planner_server-11] [WARN] [1785623435.107102274] []: TF_OLD_DATA ignoring data from the past for frame base_link at time 1.296000 according to authority Authority undetectable
[planner_server-11] Possible reasons are listed at http://wiki.ros.org/tf/Errors%20explained
[route_server-12] [WARN] [1785623435.107126559] []: TF_OLD_DATA ignoring data from the past for frame base_link at time 1.296000 according to authority Authority undetectable
[route_server-12] Possible reasons are listed at http://wiki.ros.org/tf/Errors%20explained
[amcl-7] [WARN] [1785623435.107144688] []: TF_OLD_DATA ignoring data from the past for frame base_link at time 1.296000 according to authority Authority undetectable
[amcl-7] Possible reasons are listed at http://wiki.ros.org/tf/Errors%20explained
[controller_server-9] [WARN] [1785623435.107533560] []: TF_OLD_DATA ignoring data from the past for frame base_link at time 18.216000 according to authority Authority undetectable
[controller_server-9] Possible reasons are listed at http://wiki.ros.org/tf/Errors%20explained
[smoother_server-10] [WARN] [1785623435.107544467] []: TF_OLD_DATA ignoring data from the past for frame base_link at time 18.216000 according to authority Authority undetectable
[smoother_server-10] Possible reasons are listed at http://wiki.ros.org/tf/Errors%20explained
[behavior_server-13] [WARN] [1785623435.107544415] []: TF_OLD_DATA ignoring data from the past for frame base_link at time 18.216000 according to authority Authority undetectable
[behavior_server-13] Possible reasons are listed at http://wiki.ros.org/tf/Errors%20explained
[route_server-12] [WARN] [1785623435.107555518] []: TF_OLD_DATA ignoring data from the past for frame base_link at time 18.216000 according to authority Authority undetectable
[route_server-12] Possible reasons are listed at http://wiki.ros.org/tf/Errors%20explained
[planner_server-11] [WARN] [1785623435.107557409] []: TF_OLD_DATA ignoring data from the past for frame base_link at time 18.216000 according to authority Authority undetectable
[planner_server-11] Possible reasons are listed at http://wiki.ros.org/tf/Errors%20explained
[amcl-7] [WARN] [1785623435.107574577] []: TF_OLD_DATA ignoring data from the past for frame base_link at time 18.216000 according to authority Authority undetectable
[amcl-7] Possible reasons are listed at http://wiki.ros.org/tf/Errors%20explained
[collision_monitor-17] [INFO] [1785623435.108753834] [collision_monitor]: [FootprintApproach]: Creating Polygon
[collision_monitor-17] [INFO] [1785623435.108919345] [collision_monitor]: [FootprintApproach]: Polygon points are not defined. Using dynamic subscription instead.
[collision_monitor-17] [INFO] [1785623435.110744841] [collision_monitor]: [FootprintApproach]: Making footprint subscriber on /local_costmap/published_footprint topic
[lifecycle_manager-19] [INFO] [1785623435.127263636] [lifecycle_manager_navigation]: [34m[1mConfiguring bt_navigator[0m[0m
[bt_navigator-14] [INFO] [1785623435.127587052] [bt_navigator]: Configuring
[bt_navigator-14] [INFO] [1785623435.135222201] [bt_navigator]: Creating navigator id navigate_to_pose of type nav2_bt_navigator::NavigateToPoseNavigator
[amcl-7] [WARN] [1785623435.143400567] []: TF_OLD_DATA ignoring data from the past for frame base_link at time 1.332000 according to authority Authority undetectable
[amcl-7] Possible reasons are listed at http://wiki.ros.org/tf/Errors%20explained
[smoother_server-10] [WARN] [1785623435.143403604] []: TF_OLD_DATA ignoring data from the past for frame base_link at time 1.332000 according to authority Authority undetectable
[smoother_server-10] Possible reasons are listed at http://wiki.ros.org/tf/Errors%20explained
[planner_server-11] [WARN] [1785623435.143439161] []: TF_OLD_DATA ignoring data from the past for frame base_link at time 1.332000 according to authority Authority undetectable
[planner_server-11] Possible reasons are listed at http://wiki.ros.org/tf/Errors%20explained
[behavior_server-13] [WARN] [1785623435.143439558] []: TF_OLD_DATA ignoring data from the past for frame base_link at time 1.332000 according to authority Authority undetectable
[behavior_server-13] Possible reasons are listed at http://wiki.ros.org/tf/Errors%20explained
[collision_monitor-17] [WARN] [1785623435.143483500] []: TF_OLD_DATA ignoring data from the past for frame base_link at time 1.332000 according to authority Authority undetectable
[collision_monitor-17] Possible reasons are listed at http://wiki.ros.org/tf/Errors%20explained
[route_server-12] [WARN] [1785623435.143495268] []: TF_OLD_DATA ignoring data from the past for frame base_link at time 1.332000 according to authority Authority undetectable
[route_server-12] Possible reasons are listed at http://wiki.ros.org/tf/Errors%20explained
[bt_navigator-14] [WARN] [1785623435.143512549] []: TF_OLD_DATA ignoring data from the past for frame base_link at time 1.332000 according to authority Authority undetectable
[bt_navigator-14] Possible reasons are listed at http://wiki.ros.org/tf/Errors%20explained
[controller_server-9] [WARN] [1785623435.143546512] []: TF_OLD_DATA ignoring data from the past for frame base_link at time 1.332000 according to authority Authority undetectable
[controller_server-9] Possible reasons are listed at http://wiki.ros.org/tf/Errors%20explained
[controller_server-9] [WARN] [1785623435.143994718] []: TF_OLD_DATA ignoring data from the past for frame base_link at time 18.252000 according to authority Authority undetectable
[controller_server-9] Possible reasons are listed at http://wiki.ros.org/tf/Errors%20explained
[planner_server-11] [WARN] [1785623435.143947025] []: TF_OLD_DATA ignoring data from the past for frame base_link at time 18.252000 according to authority Authority undetectable
[planner_server-11] Possible reasons are listed at http://wiki.ros.org/tf/Errors%20explained
[smoother_server-10] [WARN] [1785623435.143974400] []: TF_OLD_DATA ignoring data from the past for frame base_link at time 18.252000 according to authority Authority undetectable
[smoother_server-10] Possible reasons are listed at http://wiki.ros.org/tf/Errors%20explained
[behavior_server-13] [WARN] [1785623435.143985507] []: TF_OLD_DATA ignoring data from the past for frame base_link at time 18.252000 according to authority Authority undetectable
[behavior_server-13] Possible reasons are listed at http://wiki.ros.org/tf/Errors%20explained
[route_server-12] [WARN] [1785623435.144072795] []: TF_OLD_DATA ignoring data from the past for frame base_link at time 18.252000 according to authority Authority undetectable
[route_server-12] Possible reasons are listed at http://wiki.ros.org/tf/Errors%20explained
[amcl-7] [WARN] [1785623435.144097751] []: TF_OLD_DATA ignoring data from the past for frame base_link at time 18.252000 according to authority Authority undetectable
[amcl-7] Possible reasons are listed at http://wiki.ros.org/tf/Errors%20explained
[bt_navigator-14] [WARN] [1785623435.144292393] []: TF_OLD_DATA ignoring data from the past for frame base_link at time 18.252000 according to authority Authority undetectable
[bt_navigator-14] Possible reasons are listed at http://wiki.ros.org/tf/Errors%20explained
[collision_monitor-17] [WARN] [1785623435.144486844] []: TF_OLD_DATA ignoring data from the past for frame base_link at time 18.252000 according to authority Authority undetectable
[collision_monitor-17] Possible reasons are listed at http://wiki.ros.org/tf/Errors%20explained
[controller_server-9] [WARN] [1785623435.179206554] []: TF_OLD_DATA ignoring data from the past for frame base_link at time 1.368000 according to authority Authority undetectable
[controller_server-9] Possible reasons are listed at http://wiki.ros.org/tf/Errors%20explained
[route_server-12] [WARN] [1785623435.179212658] []: TF_OLD_DATA ignoring data from the past for frame base_link at time 1.368000 according to authority Authority undetectable
[route_server-12] Possible reasons are listed at http://wiki.ros.org/tf/Errors%20explained
[behavior_server-13] [WARN] [1785623435.179220190] []: TF_OLD_DATA ignoring data from the past for frame base_link at time 1.368000 according to authority Authority undetectable
[behavior_server-13] Possible reasons are listed at http://wiki.ros.org/tf/Errors%20explained
[smoother_server-10] [WARN] [1785623435.179228677] []: TF_OLD_DATA ignoring data from the past for frame base_link at time 1.368000 according to authority Authority undetectable
[smoother_server-10] Possible reasons are listed at http://wiki.ros.org/tf/Errors%20explained
[amcl-7] [WARN] [1785623435.179232600] []: TF_OLD_DATA ignoring data from the past for frame base_link at time 1.368000 according to authority Authority undetectable
[amcl-7] Possible reasons are listed at http://wiki.ros.org/tf/Errors%20explained
[collision_monitor-17] [WARN] [1785623435.179236871] []: TF_OLD_DATA ignoring data from the past for frame base_link at time 1.368000 according to authority Authority undetectable
[collision_monitor-17] Possible reasons are listed at http://wiki.ros.org/tf/Errors%20explained
[bt_navigator-14] [WARN] [1785623435.179253944] []: TF_OLD_DATA ignoring data from the past for frame base_link at time 1.368000 according to authority Authority undetectable
[bt_navigator-14] Possible reasons are listed at http://wiki.ros.org/tf/Errors%20explained
[planner_server-11] [WARN] [1785623435.179297030] []: TF_OLD_DATA ignoring data from the past for frame base_link at time 1.368000 according to authority Authority undetectable
[planner_server-11] Possible reasons are listed at http://wiki.ros.org/tf/Errors%20explained
[planner_server-11] [WARN] [1785623435.180056906] []: TF_OLD_DATA ignoring data from the past for frame base_link at time 18.288000 according to authority Authority undetectable
[planner_server-11] Possible reasons are listed at http://wiki.ros.org/tf/Errors%20explained
[route_server-12] [WARN] [1785623435.180072476] []: TF_OLD_DATA ignoring data from the past for frame base_link at time 18.288000 according to authority Authority undetectable
[route_server-12] Possible reasons are listed at http://wiki.ros.org/tf/Errors%20explained
[smoother_server-10] [WARN] [1785623435.180104164] []: TF_OLD_DATA ignoring data from the past for frame base_link at time 18.288000 according to authority Authority undetectable
[smoother_server-10] Possible reasons are listed at http://wiki.ros.org/tf/Errors%20explained
[amcl-7] [WARN] [1785623435.180109190] []: TF_OLD_DATA ignoring data from the past for frame base_link at time 18.288000 according to authority Authority undetectable
[amcl-7] Possible reasons are listed at http://wiki.ros.org/tf/Errors%20explained
[behavior_server-13] [WARN] [1785623435.180107691] []: TF_OLD_DATA ignoring data from the past for frame base_link at time 18.288000 according to authority Authority undetectable
[behavior_server-13] Possible reasons are listed at http://wiki.ros.org/tf/Errors%20explained
[collision_monitor-17] [WARN] [1785623435.180211893] []: TF_OLD_DATA ignoring data from the past for frame base_link at time 18.288000 according to authority Authority undetectable
[collision_monitor-17] Possible reasons are listed at http://wiki.ros.org/tf/Errors%20explained
[controller_server-9] [WARN] [1785623435.180232600] []: TF_OLD_DATA ignoring data from the past for frame base_link at time 18.288000 according to authority Authority undetectable
[controller_server-9] Possible reasons are listed at http://wiki.ros.org/tf/Errors%20explained
[bt_navigator-14] [WARN] [1785623435.180262309] []: TF_OLD_DATA ignoring data from the past for frame base_link at time 18.288000 according to authority Authority undetectable
[bt_navigator-14] Possible reasons are listed at http://wiki.ros.org/tf/Errors%20explained
[bt_navigator-14] [INFO] [1785623435.208751469] [bt_navigator]: Creating navigator id navigate_through_poses of type nav2_bt_navigator::NavigateThroughPosesNavigator
[route_server-12] [WARN] [1785623435.215066339] []: TF_OLD_DATA ignoring data from the past for frame base_link at time 1.404000 according to authority Authority undetectable
[route_server-12] Possible reasons are listed at http://wiki.ros.org/tf/Errors%20explained
[planner_server-11] [WARN] [1785623435.215078925] []: TF_OLD_DATA ignoring data from the past for frame base_link at time 1.404000 according to authority Authority undetectable
[planner_server-11] Possible reasons are listed at http://wiki.ros.org/tf/Errors%20explained
[smoother_server-10] [WARN] [1785623435.215088218] []: TF_OLD_DATA ignoring data from the past for frame base_link at time 1.404000 according to authority Authority undetectable
[smoother_server-10] Possible reasons are listed at http://wiki.ros.org/tf/Errors%20explained
[collision_monitor-17] [WARN] [1785623435.215066257] []: TF_OLD_DATA ignoring data from the past for frame base_link at time 1.404000 according to authority Authority undetectable
[collision_monitor-17] Possible reasons are listed at http://wiki.ros.org/tf/Errors%20explained
[behavior_server-13] [WARN] [1785623435.215419034] []: TF_OLD_DATA ignoring data from the past for frame base_link at time 1.404000 according to authority Authority undetectable
[behavior_server-13] Possible reasons are listed at http://wiki.ros.org/tf/Errors%20explained
[controller_server-9] [WARN] [1785623435.215453316] []: TF_OLD_DATA ignoring data from the past for frame base_link at time 1.404000 according to authority Authority undetectable
[controller_server-9] Possible reasons are listed at http://wiki.ros.org/tf/Errors%20explained
[bt_navigator-14] [WARN] [1785623435.215511201] []: TF_OLD_DATA ignoring data from the past for frame base_link at time 1.404000 according to authority Authority undetectable
[bt_navigator-14] Possible reasons are listed at http://wiki.ros.org/tf/Errors%20explained
[amcl-7] [WARN] [1785623435.215543637] []: TF_OLD_DATA ignoring data from the past for frame base_link at time 1.404000 according to authority Authority undetectable
[amcl-7] Possible reasons are listed at http://wiki.ros.org/tf/Errors%20explained
[bt_navigator-14] [WARN] [1785623435.216365655] []: TF_OLD_DATA ignoring data from the past for frame base_link at time 18.324000 according to authority Authority undetectable
[bt_navigator-14] Possible reasons are listed at http://wiki.ros.org/tf/Errors%20explained
[controller_server-9] [WARN] [1785623435.216396795] []: TF_OLD_DATA ignoring data from the past for frame base_link at time 18.324000 according to authority Authority undetectable
[controller_server-9] Possible reasons are listed at http://wiki.ros.org/tf/Errors%20explained
[behavior_server-13] [WARN] [1785623435.216454965] []: TF_OLD_DATA ignoring data from the past for frame base_link at time 18.324000 according to authority Authority undetectable
[behavior_server-13] Possible reasons are listed at http://wiki.ros.org/tf/Errors%20explained
[collision_monitor-17] [WARN] [1785623435.216440840] []: TF_OLD_DATA ignoring data from the past for frame base_link at time 18.324000 according to authority Authority undetectable
[collision_monitor-17] Possible reasons are listed at http://wiki.ros.org/tf/Errors%20explained
[amcl-7] [WARN] [1785623435.216312868] []: TF_OLD_DATA ignoring data from the past for frame base_link at time 18.324000 according to authority Authority undetectable
[amcl-7] Possible reasons are listed at http://wiki.ros.org/tf/Errors%20explained
[smoother_server-10] [WARN] [1785623435.216496865] []: TF_OLD_DATA ignoring data from the past for frame base_link at time 18.324000 according to authority Authority undetectable
[smoother_server-10] Possible reasons are listed at http://wiki.ros.org/tf/Errors%20explained
[planner_server-11] [WARN] [1785623435.216687411] []: TF_OLD_DATA ignoring data from the past for frame base_link at time 18.324000 according to authority Authority undetectable
[planner_server-11] Possible reasons are listed at http://wiki.ros.org/tf/Errors%20explained
[route_server-12] [WARN] [1785623435.216837040] []: TF_OLD_DATA ignoring data from the past for frame base_link at time 18.324000 according to authority Authority undetectable
[route_server-12] Possible reasons are listed at http://wiki.ros.org/tf/Errors%20explained
[lifecycle_manager-19] [INFO] [1785623435.241821811] [lifecycle_manager_navigation]: [34m[1mConfiguring waypoint_follower[0m[0m
[waypoint_follower-15] [INFO] [1785623435.242057544] [waypoint_follower]: Configuring
[bt_navigator-14] [WARN] [1785623435.251318806] []: TF_OLD_DATA ignoring data from the past for frame base_link at time 1.440000 according to authority Authority undetectable
[bt_navigator-14] Possible reasons are listed at http://wiki.ros.org/tf/Errors%20explained
[collision_monitor-17] [WARN] [1785623435.251314317] []: TF_OLD_DATA ignoring data from the past for frame base_link at time 1.440000 according to authority Authority undetectable
[collision_monitor-17] Possible reasons are listed at http://wiki.ros.org/tf/Errors%20explained
[behavior_server-13] [WARN] [1785623435.251314183] []: TF_OLD_DATA ignoring data from the past for frame base_link at time 1.440000 according to authority Authority undetectable
[behavior_server-13] Possible reasons are listed at http://wiki.ros.org/tf/Errors%20explained
[route_server-12] [WARN] [1785623435.251364019] []: TF_OLD_DATA ignoring data from the past for frame base_link at time 1.440000 according to authority Authority undetectable
[route_server-12] Possible reasons are listed at http://wiki.ros.org/tf/Errors%20explained
[controller_server-9] [WARN] [1785623435.251369279] []: TF_OLD_DATA ignoring data from the past for frame base_link at time 1.440000 according to authority Authority undetectable
[controller_server-9] Possible reasons are listed at http://wiki.ros.org/tf/Errors%20explained
[planner_server-11] [WARN] [1785623435.251394074] []: TF_OLD_DATA ignoring data from the past for frame base_link at time 1.440000 according to authority Authority undetectable
[planner_server-11] Possible reasons are listed at http://wiki.ros.org/tf/Errors%20explained
[smoother_server-10] [WARN] [1785623435.251502543] []: TF_OLD_DATA ignoring data from the past for frame base_link at time 1.440000 according to authority Authority undetectable
[smoother_server-10] Possible reasons are listed at http://wiki.ros.org/tf/Errors%20explained
[smoother_server-10] [WARN] [1785623435.251826423] []: TF_OLD_DATA ignoring data from the past for frame base_link at time 18.360000 according to authority Authority undetectable
[smoother_server-10] Possible reasons are listed at http://wiki.ros.org/tf/Errors%20explained
[amcl-7] [WARN] [1785623435.251507756] []: TF_OLD_DATA ignoring data from the past for frame base_link at time 1.440000 according to authority Authority undetectable
[amcl-7] Possible reasons are listed at http://wiki.ros.org/tf/Errors%20explained
[amcl-7] [WARN] [1785623435.251883229] []: TF_OLD_DATA ignoring data from the past for frame base_link at time 18.360000 according to authority Authority undetectable
[amcl-7] Possible reasons are listed at http://wiki.ros.org/tf/Errors%20explained
[collision_monitor-17] [WARN] [1785623435.251833038] []: TF_OLD_DATA ignoring data from the past for frame base_link at time 18.360000 according to authority Authority undetectable
[collision_monitor-17] Possible reasons are listed at http://wiki.ros.org/tf/Errors%20explained
[controller_server-9] [WARN] [1785623435.251882886] []: TF_OLD_DATA ignoring data from the past for frame base_link at time 18.360000 according to authority Authority undetectable
[controller_server-9] Possible reasons are listed at http://wiki.ros.org/tf/Errors%20explained
[bt_navigator-14] [WARN] [1785623435.251915161] []: TF_OLD_DATA ignoring data from the past for frame base_link at time 18.360000 according to authority Authority undetectable
[bt_navigator-14] Possible reasons are listed at http://wiki.ros.org/tf/Errors%20explained
[route_server-12] [WARN] [1785623435.251928781] []: TF_OLD_DATA ignoring data from the past for frame base_link at time 18.360000 according to authority Authority undetectable
[route_server-12] Possible reasons are listed at http://wiki.ros.org/tf/Errors%20explained
[planner_server-11] [WARN] [1785623435.251952671] []: TF_OLD_DATA ignoring data from the past for frame base_link at time 18.360000 according to authority Authority undetectable
[planner_server-11] Possible reasons are listed at http://wiki.ros.org/tf/Errors%20explained
[behavior_server-13] [WARN] [1785623435.251999401] []: TF_OLD_DATA ignoring data from the past for frame base_link at time 18.360000 according to authority Authority undetectable
[behavior_server-13] Possible reasons are listed at http://wiki.ros.org/tf/Errors%20explained
[waypoint_follower-15] [INFO] [1785623435.271603791] [waypoint_follower]: Created waypoint_task_executor : wait_at_waypoint of type nav2_waypoint_follower::WaitAtWaypoint
[lifecycle_manager-19] [INFO] [1785623435.273035739] [lifecycle_manager_navigation]: [34m[1mConfiguring docking_server[0m[0m
[opennav_docking-18] [INFO] [1785623435.273628888] [docking_server]: Configuring docking_server
[opennav_docking-18] [INFO] [1785623435.273699631] [docking_server]: Controller frequency set to 50.0000Hz
[bt_navigator-14] [WARN] [1785623435.286910797] []: TF_OLD_DATA ignoring data from the past for frame base_link at time 1.476000 according to authority Authority undetectable
[bt_navigator-14] Possible reasons are listed at http://wiki.ros.org/tf/Errors%20explained
[planner_server-11] [WARN] [1785623435.286906972] []: TF_OLD_DATA ignoring data from the past for frame base_link at time 1.476000 according to authority Authority undetectable
[planner_server-11] Possible reasons are listed at http://wiki.ros.org/tf/Errors%20explained
[controller_server-9] [WARN] [1785623435.286918233] []: TF_OLD_DATA ignoring data from the past for frame base_link at time 1.476000 according to authority Authority undetectable
[controller_server-9] Possible reasons are listed at http://wiki.ros.org/tf/Errors%20explained
[smoother_server-10] [WARN] [1785623435.286949849] []: TF_OLD_DATA ignoring data from the past for frame base_link at time 1.476000 according to authority Authority undetectable
[smoother_server-10] Possible reasons are listed at http://wiki.ros.org/tf/Errors%20explained
[amcl-7] [WARN] [1785623435.286980899] []: TF_OLD_DATA ignoring data from the past for frame base_link at time 1.476000 according to authority Authority undetectable
[amcl-7] Possible reasons are listed at http://wiki.ros.org/tf/Errors%20explained
[route_server-12] [WARN] [1785623435.287005248] []: TF_OLD_DATA ignoring data from the past for frame base_link at time 1.476000 according to authority Authority undetectable
[route_server-12] Possible reasons are listed at http://wiki.ros.org/tf/Errors%20explained
[collision_monitor-17] [WARN] [1785623435.287011032] []: TF_OLD_DATA ignoring data from the past for frame base_link at time 1.476000 according to authority Authority undetectable
[collision_monitor-17] Possible reasons are listed at http://wiki.ros.org/tf/Errors%20explained
[behavior_server-13] [WARN] [1785623435.287052698] []: TF_OLD_DATA ignoring data from the past for frame base_link at time 1.476000 according to authority Authority undetectable
[behavior_server-13] Possible reasons are listed at http://wiki.ros.org/tf/Errors%20explained
[amcl-7] [WARN] [1785623435.287647189] []: TF_OLD_DATA ignoring data from the past for frame base_link at time 18.396000 according to authority Authority undetectable
[amcl-7] Possible reasons are listed at http://wiki.ros.org/tf/Errors%20explained
[route_server-12] [WARN] [1785623435.287666022] []: TF_OLD_DATA ignoring data from the past for frame base_link at time 18.396000 according to authority Authority undetectable
[route_server-12] Possible reasons are listed at http://wiki.ros.org/tf/Errors%20explained
[controller_server-9] [WARN] [1785623435.287681843] []: TF_OLD_DATA ignoring data from the past for frame base_link at time 18.396000 according to authority Authority undetectable
[controller_server-9] Possible reasons are listed at http://wiki.ros.org/tf/Errors%20explained
[collision_monitor-17] [WARN] [1785623435.287746045] []: TF_OLD_DATA ignoring data from the past for frame base_link at time 18.396000 according to authority Authority undetectable
[collision_monitor-17] Possible reasons are listed at http://wiki.ros.org/tf/Errors%20explained
[bt_navigator-14] [WARN] [1785623435.287767200] []: TF_OLD_DATA ignoring data from the past for frame base_link at time 18.396000 according to authority Authority undetectable
[bt_navigator-14] Possible reasons are listed at http://wiki.ros.org/tf/Errors%20explained
[smoother_server-10] [WARN] [1785623435.287775447] []: TF_OLD_DATA ignoring data from the past for frame base_link at time 18.396000 according to authority Authority undetectable
[smoother_server-10] Possible reasons are listed at http://wiki.ros.org/tf/Errors%20explained
[behavior_server-13] [WARN] [1785623435.287868798] []: TF_OLD_DATA ignoring data from the past for frame base_link at time 18.396000 according to authority Authority undetectable
[behavior_server-13] Possible reasons are listed at http://wiki.ros.org/tf/Errors%20explained
[planner_server-11] [WARN] [1785623435.287908620] []: TF_OLD_DATA ignoring data from the past for frame base_link at time 18.396000 according to authority Authority undetectable
[planner_server-11] Possible reasons are listed at http://wiki.ros.org/tf/Errors%20explained
[opennav_docking-18] [INFO] [1785623435.305097314] [docking_server]: Created charging dock plugin simple_charging_dock of type opennav_docking::SimpleChargingDock
[opennav_docking-18] [WARN] [1785623435.310751384] [docking_server]: Dock database filepath nor dock parameters set. Docking actions can only be executed specifying the dock pose via the action request. Or update the dock database via the reload_database service.
[opennav_docking-18] [INFO] [1785623435.310804283] [docking_server]: Docking Server has 1 dock types and 0 dock instances available.
[lifecycle_manager-19] [INFO] [1785623435.313040015] [lifecycle_manager_navigation]: [34m[1mActivating controller_server[0m[0m
[controller_server-9] [INFO] [1785623435.315307254] [controller_server]: Activating
[controller_server-9] [INFO] [1785623435.315359769] [local_costmap.local_costmap]: Activating
[controller_server-9] [INFO] [1785623435.315367527] [local_costmap.local_costmap]: Checking transform
[controller_server-9] [INFO] [1785623435.315543015] [local_costmap.local_costmap]: start
[smoother_server-10] [WARN] [1785623435.323060764] []: TF_OLD_DATA ignoring data from the past for frame base_link at time 1.512000 according to authority Authority undetectable
[smoother_server-10] Possible reasons are listed at http://wiki.ros.org/tf/Errors%20explained
[behavior_server-13] [WARN] [1785623435.323082664] []: TF_OLD_DATA ignoring data from the past for frame base_link at time 1.512000 according to authority Authority undetectable
[behavior_server-13] Possible reasons are listed at http://wiki.ros.org/tf/Errors%20explained
[bt_navigator-14] [WARN] [1785623435.323055877] []: TF_OLD_DATA ignoring data from the past for frame base_link at time 1.512000 according to authority Authority undetectable
[bt_navigator-14] Possible reasons are listed at http://wiki.ros.org/tf/Errors%20explained
[route_server-12] [WARN] [1785623435.323169216] []: TF_OLD_DATA ignoring data from the past for frame base_link at time 1.512000 according to authority Authority undetectable
[route_server-12] Possible reasons are listed at http://wiki.ros.org/tf/Errors%20explained
[controller_server-9] [WARN] [1785623435.323208747] []: TF_OLD_DATA ignoring data from the past for frame base_link at time 1.512000 according to authority Authority undetectable
[controller_server-9] Possible reasons are listed at http://wiki.ros.org/tf/Errors%20explained
[planner_server-11] [WARN] [1785623435.323234344] []: TF_OLD_DATA ignoring data from the past for frame base_link at time 1.512000 according to authority Authority undetectable
[planner_server-11] Possible reasons are listed at http://wiki.ros.org/tf/Errors%20explained
[collision_monitor-17] [WARN] [1785623435.323316324] []: TF_OLD_DATA ignoring data from the past for frame base_link at time 1.512000 according to authority Authority undetectable
[collision_monitor-17] Possible reasons are listed at http://wiki.ros.org/tf/Errors%20explained
[amcl-7] [WARN] [1785623435.325024162] []: TF_OLD_DATA ignoring data from the past for frame base_link at time 1.512000 according to authority Authority undetectable
[amcl-7] Possible reasons are listed at http://wiki.ros.org/tf/Errors%20explained
[controller_server-9] [WARN] [1785623435.325358395] []: TF_OLD_DATA ignoring data from the past for frame base_link at time 18.432000 according to authority Authority undetectable
[controller_server-9] Possible reasons are listed at http://wiki.ros.org/tf/Errors%20explained
[behavior_server-13] [WARN] [1785623435.325685478] []: TF_OLD_DATA ignoring data from the past for frame base_link at time 18.432000 according to authority Authority undetectable
[behavior_server-13] Possible reasons are listed at http://wiki.ros.org/tf/Errors%20explained
[planner_server-11] [WARN] [1785623435.325521096] []: TF_OLD_DATA ignoring data from the past for frame base_link at time 18.432000 according to authority Authority undetectable
[planner_server-11] Possible reasons are listed at http://wiki.ros.org/tf/Errors%20explained
[bt_navigator-14] [WARN] [1785623435.325811499] []: TF_OLD_DATA ignoring data from the past for frame base_link at time 18.432000 according to authority Authority undetectable
[bt_navigator-14] Possible reasons are listed at http://wiki.ros.org/tf/Errors%20explained
[amcl-7] [WARN] [1785623435.326219562] []: TF_OLD_DATA ignoring data from the past for frame base_link at time 18.432000 according to authority Authority undetectable
[amcl-7] Possible reasons are listed at http://wiki.ros.org/tf/Errors%20explained
[route_server-12] [WARN] [1785623435.326246797] []: TF_OLD_DATA ignoring data from the past for frame base_link at time 18.432000 according to authority Authority undetectable
[route_server-12] Possible reasons are listed at http://wiki.ros.org/tf/Errors%20explained
[smoother_server-10] [WARN] [1785623435.326339940] []: TF_OLD_DATA ignoring data from the past for frame base_link at time 18.432000 according to authority Authority undetectable
[smoother_server-10] Possible reasons are listed at http://wiki.ros.org/tf/Errors%20explained
[collision_monitor-17] [WARN] [1785623435.326872991] []: TF_OLD_DATA ignoring data from the past for frame base_link at time 18.432000 according to authority Authority undetectable
[collision_monitor-17] Possible reasons are listed at http://wiki.ros.org/tf/Errors%20explained
[controller_server-9] [WARN] [1785623435.359100406] []: TF_OLD_DATA ignoring data from the past for frame base_link at time 1.548000 according to authority Authority undetectable
[controller_server-9] Possible reasons are listed at http://wiki.ros.org/tf/Errors%20explained
[bt_navigator-14] [WARN] [1785623435.359126102] []: TF_OLD_DATA ignoring data from the past for frame base_link at time 1.548000 according to authority Authority undetectable
[bt_navigator-14] Possible reasons are listed at http://wiki.ros.org/tf/Errors%20explained
[amcl-7] [WARN] [1785623435.359125667] []: TF_OLD_DATA ignoring data from the past for frame base_link at time 1.548000 according to authority Authority undetectable
[amcl-7] Possible reasons are listed at http://wiki.ros.org/tf/Errors%20explained
[smoother_server-10] [WARN] [1785623435.359121456] []: TF_OLD_DATA ignoring data from the past for frame base_link at time 1.548000 according to authority Authority undetectable
[smoother_server-10] Possible reasons are listed at http://wiki.ros.org/tf/Errors%20explained
[behavior_server-13] [WARN] [1785623435.359135658] []: TF_OLD_DATA ignoring data from the past for frame base_link at time 1.548000 according to authority Authority undetectable
[behavior_server-13] Possible reasons are listed at http://wiki.ros.org/tf/Errors%20explained
[planner_server-11] [WARN] [1785623435.359258751] []: TF_OLD_DATA ignoring data from the past for frame base_link at time 1.548000 according to authority Authority undetectable
[planner_server-11] Possible reasons are listed at http://wiki.ros.org/tf/Errors%20explained
[route_server-12] [WARN] [1785623435.359308993] []: TF_OLD_DATA ignoring data from the past for frame base_link at time 1.548000 according to authority Authority undetectable
[route_server-12] Possible reasons are listed at http://wiki.ros.org/tf/Errors%20explained
[collision_monitor-17] [WARN] [1785623435.359352588] []: TF_OLD_DATA ignoring data from the past for frame base_link at time 1.548000 according to authority Authority undetectable
[collision_monitor-17] Possible reasons are listed at http://wiki.ros.org/tf/Errors%20explained
[route_server-12] [WARN] [1785623435.359839435] []: TF_OLD_DATA ignoring data from the past for frame base_link at time 18.468000 according to authority Authority undetectable
[route_server-12] Possible reasons are listed at http://wiki.ros.org/tf/Errors%20explained
[smoother_server-10] [WARN] [1785623435.359838495] []: TF_OLD_DATA ignoring data from the past for frame base_link at time 18.468000 according to authority Authority undetectable
[smoother_server-10] Possible reasons are listed at http://wiki.ros.org/tf/Errors%20explained
[behavior_server-13] [WARN] [1785623435.359856902] []: TF_OLD_DATA ignoring data from the past for frame base_link at time 18.468000 according to authority Authority undetectable
[behavior_server-13] Possible reasons are listed at http://wiki.ros.org/tf/Errors%20explained
[amcl-7] [WARN] [1785623435.359858965] []: TF_OLD_DATA ignoring data from the past for frame base_link at time 18.468000 according to authority Authority undetectable
[amcl-7] Possible reasons are listed at http://wiki.ros.org/tf/Errors%20explained
[collision_monitor-17] [WARN] [1785623435.359861253] []: TF_OLD_DATA ignoring data from the past for frame base_link at time 18.468000 according to authority Authority undetectable
[collision_monitor-17] Possible reasons are listed at http://wiki.ros.org/tf/Errors%20explained
[planner_server-11] [WARN] [1785623435.359890308] []: TF_OLD_DATA ignoring data from the past for frame base_link at time 18.468000 according to authority Authority undetectable
[planner_server-11] Possible reasons are listed at http://wiki.ros.org/tf/Errors%20explained
[bt_navigator-14] [WARN] [1785623435.359922232] []: TF_OLD_DATA ignoring data from the past for frame base_link at time 18.468000 according to authority Authority undetectable
[bt_navigator-14] Possible reasons are listed at http://wiki.ros.org/tf/Errors%20explained
[controller_server-9] [WARN] [1785623435.361530842] []: TF_OLD_DATA ignoring data from the past for frame base_link at time 18.468000 according to authority Authority undetectable
[controller_server-9] Possible reasons are listed at http://wiki.ros.org/tf/Errors%20explained
[controller_server-9] [INFO] [1785623435.366545355] [local_costmap.local_costmap]: Message Filter dropping message: frame 'laser' at time 18.465 for reason 'the timestamp on the message is earlier than all the data in the transform cache'
[bt_navigator-14] [WARN] [1785623435.394701032] []: TF_OLD_DATA ignoring data from the past for frame base_link at time 1.584000 according to authority Authority undetectable
[bt_navigator-14] Possible reasons are listed at http://wiki.ros.org/tf/Errors%20explained
[controller_server-9] [WARN] [1785623435.394701036] []: TF_OLD_DATA ignoring data from the past for frame base_link at time 1.584000 according to authority Authority undetectable
[controller_server-9] Possible reasons are listed at http://wiki.ros.org/tf/Errors%20explained
[route_server-12] [WARN] [1785623435.394708627] []: TF_OLD_DATA ignoring data from the past for frame base_link at time 1.584000 according to authority Authority undetectable
[route_server-12] Possible reasons are listed at http://wiki.ros.org/tf/Errors%20explained
[planner_server-11] [WARN] [1785623435.394733877] []: TF_OLD_DATA ignoring data from the past for frame base_link at time 1.584000 according to authority Authority undetectable
[planner_server-11] Possible reasons are listed at http://wiki.ros.org/tf/Errors%20explained
[smoother_server-10] [WARN] [1785623435.394746671] []: TF_OLD_DATA ignoring data from the past for frame base_link at time 1.584000 according to authority Authority undetectable
[smoother_server-10] Possible reasons are listed at http://wiki.ros.org/tf/Errors%20explained
[collision_monitor-17] [WARN] [1785623435.394758458] []: TF_OLD_DATA ignoring data from the past for frame base_link at time 1.584000 according to authority Authority undetectable
[collision_monitor-17] Possible reasons are listed at http://wiki.ros.org/tf/Errors%20explained
[behavior_server-13] [WARN] [1785623435.394771671] []: TF_OLD_DATA ignoring data from the past for frame base_link at time 1.584000 according to authority Authority undetectable
[behavior_server-13] Possible reasons are listed at http://wiki.ros.org/tf/Errors%20explained
[amcl-7] [WARN] [1785623435.394787622] []: TF_OLD_DATA ignoring data from the past for frame base_link at time 1.584000 according to authority Authority undetectable
[amcl-7] Possible reasons are listed at http://wiki.ros.org/tf/Errors%20explained
[amcl-7] [WARN] [1785623435.395645376] []: TF_OLD_DATA ignoring data from the past for frame base_link at time 18.504000 according to authority Authority undetectable
[amcl-7] Possible reasons are listed at http://wiki.ros.org/tf/Errors%20explained
[planner_server-11] [WARN] [1785623435.395645260] []: TF_OLD_DATA ignoring data from the past for frame base_link at time 18.504000 according to authority Authority undetectable
[planner_server-11] Possible reasons are listed at http://wiki.ros.org/tf/Errors%20explained
[smoother_server-10] [WARN] [1785623435.395645478] []: TF_OLD_DATA ignoring data from the past for frame base_link at time 18.504000 according to authority Authority undetectable
[smoother_server-10] Possible reasons are listed at http://wiki.ros.org/tf/Errors%20explained
[collision_monitor-17] [WARN] [1785623435.395650395] []: TF_OLD_DATA ignoring data from the past for frame base_link at time 18.504000 according to authority Authority undetectable
[collision_monitor-17] Possible reasons are listed at http://wiki.ros.org/tf/Errors%20explained
[controller_server-9] [WARN] [1785623435.395676818] []: TF_OLD_DATA ignoring data from the past for frame base_link at time 18.504000 according to authority Authority undetectable
[controller_server-9] Possible reasons are listed at http://wiki.ros.org/tf/Errors%20explained
[bt_navigator-14] [WARN] [1785623435.395685761] []: TF_OLD_DATA ignoring data from the past for frame base_link at time 18.504000 according to authority Authority undetectable
[bt_navigator-14] Possible reasons are listed at http://wiki.ros.org/tf/Errors%20explained
[route_server-12] [WARN] [1785623435.395695472] []: TF_OLD_DATA ignoring data from the past for frame base_link at time 18.504000 according to authority Authority undetectable
[route_server-12] Possible reasons are listed at http://wiki.ros.org/tf/Errors%20explained
[behavior_server-13] [WARN] [1785623435.395739643] []: TF_OLD_DATA ignoring data from the past for frame base_link at time 18.504000 according to authority Authority undetectable
[behavior_server-13] Possible reasons are listed at http://wiki.ros.org/tf/Errors%20explained
[smoother_server-10] [WARN] [1785623435.431278661] []: TF_OLD_DATA ignoring data from the past for frame base_link at time 1.620000 according to authority Authority undetectable
[smoother_server-10] Possible reasons are listed at http://wiki.ros.org/tf/Errors%20explained
[controller_server-9] [WARN] [1785623435.431281880] []: TF_OLD_DATA ignoring data from the past for frame base_link at time 1.620000 according to authority Authority undetectable
[controller_server-9] Possible reasons are listed at http://wiki.ros.org/tf/Errors%20explained
[amcl-7] [WARN] [1785623435.431290810] []: TF_OLD_DATA ignoring data from the past for frame base_link at time 1.620000 according to authority Authority undetectable
[amcl-7] Possible reasons are listed at http://wiki.ros.org/tf/Errors%20explained
[behavior_server-13] [WARN] [1785623435.431333574] []: TF_OLD_DATA ignoring data from the past for frame base_link at time 1.620000 according to authority Authority undetectable
[behavior_server-13] Possible reasons are listed at http://wiki.ros.org/tf/Errors%20explained
[planner_server-11] [WARN] [1785623435.431415137] []: TF_OLD_DATA ignoring data from the past for frame base_link at time 1.620000 according to authority Authority undetectable
[planner_server-11] Possible reasons are listed at http://wiki.ros.org/tf/Errors%20explained
[bt_navigator-14] [WARN] [1785623435.431447453] []: TF_OLD_DATA ignoring data from the past for frame base_link at time 1.620000 according to authority Authority undetectable
[bt_navigator-14] Possible reasons are listed at http://wiki.ros.org/tf/Errors%20explained
[route_server-12] [WARN] [1785623435.431447420] []: TF_OLD_DATA ignoring data from the past for frame base_link at time 1.620000 according to authority Authority undetectable
[route_server-12] Possible reasons are listed at http://wiki.ros.org/tf/Errors%20explained
[collision_monitor-17] [WARN] [1785623435.431459735] []: TF_OLD_DATA ignoring data from the past for frame base_link at time 1.620000 according to authority Authority undetectable
[collision_monitor-17] Possible reasons are listed at http://wiki.ros.org/tf/Errors%20explained
[controller_server-9] [WARN] [1785623435.432542367] []: TF_OLD_DATA ignoring data from the past for frame base_link at time 18.540000 according to authority Authority undetectable
[controller_server-9] Possible reasons are listed at http://wiki.ros.org/tf/Errors%20explained
[smoother_server-10] [WARN] [1785623435.432585991] []: TF_OLD_DATA ignoring data from the past for frame base_link at time 18.540000 according to authority Authority undetectable
[smoother_server-10] Possible reasons are listed at http://wiki.ros.org/tf/Errors%20explained
[amcl-7] [WARN] [1785623435.432593672] []: TF_OLD_DATA ignoring data from the past for frame base_link at time 18.540000 according to authority Authority undetectable
[amcl-7] Possible reasons are listed at http://wiki.ros.org/tf/Errors%20explained
[planner_server-11] [WARN] [1785623435.432615706] []: TF_OLD_DATA ignoring data from the past for frame base_link at time 18.540000 according to authority Authority undetectable
[planner_server-11] Possible reasons are listed at http://wiki.ros.org/tf/Errors%20explained
[bt_navigator-14] [WARN] [1785623435.432633322] []: TF_OLD_DATA ignoring data from the past for frame base_link at time 18.540000 according to authority Authority undetectable
[bt_navigator-14] Possible reasons are listed at http://wiki.ros.org/tf/Errors%20explained
[behavior_server-13] [WARN] [1785623435.432639070] []: TF_OLD_DATA ignoring data from the past for frame base_link at time 18.540000 according to authority Authority undetectable
[behavior_server-13] Possible reasons are listed at http://wiki.ros.org/tf/Errors%20explained
[route_server-12] [WARN] [1785623435.432686747] []: TF_OLD_DATA ignoring data from the past for frame base_link at time 18.540000 according to authority Authority undetectable
[route_server-12] Possible reasons are listed at http://wiki.ros.org/tf/Errors%20explained
[collision_monitor-17] [WARN] [1785623435.432751841] []: TF_OLD_DATA ignoring data from the past for frame base_link at time 18.540000 according to authority Authority undetectable
[collision_monitor-17] Possible reasons are listed at http://wiki.ros.org/tf/Errors%20explained
[controller_server-9] [WARN] [1785623435.470800929] []: TF_OLD_DATA ignoring data from the past for frame base_link at time 1.656000 according to authority Authority undetectable
[controller_server-9] Possible reasons are listed at http://wiki.ros.org/tf/Errors%20explained
[planner_server-11] [WARN] [1785623435.470930669] []: TF_OLD_DATA ignoring data from the past for frame base_link at time 1.656000 according to authority Authority undetectable
[planner_server-11] Possible reasons are listed at http://wiki.ros.org/tf/Errors%20explained
[collision_monitor-17] [WARN] [1785623435.471328547] []: TF_OLD_DATA ignoring data from the past for frame base_link at time 1.656000 according to authority Authority undetectable
[collision_monitor-17] Possible reasons are listed at http://wiki.ros.org/tf/Errors%20explained
[bt_navigator-14] [WARN] [1785623435.471499325] []: TF_OLD_DATA ignoring data from the past for frame base_link at time 1.656000 according to authority Authority undetectable
[bt_navigator-14] Possible reasons are listed at http://wiki.ros.org/tf/Errors%20explained
[route_server-12] [WARN] [1785623435.472991817] []: TF_OLD_DATA ignoring data from the past for frame base_link at time 1.656000 according to authority Authority undetectable
[route_server-12] Possible reasons are listed at http://wiki.ros.org/tf/Errors%20explained
[route_server-12] [WARN] [1785623435.474818794] []: TF_OLD_DATA ignoring data from the past for frame base_link at time 18.576000 according to authority Authority undetectable
[route_server-12] Possible reasons are listed at http://wiki.ros.org/tf/Errors%20explained
[collision_monitor-17] [WARN] [1785623435.474630759] []: TF_OLD_DATA ignoring data from the past for frame base_link at time 18.576000 according to authority Authority undetectable
[collision_monitor-17] Possible reasons are listed at http://wiki.ros.org/tf/Errors%20explained
[controller_server-9] [WARN] [1785623435.474770623] []: TF_OLD_DATA ignoring data from the past for frame base_link at time 18.576000 according to authority Authority undetectable
[controller_server-9] Possible reasons are listed at http://wiki.ros.org/tf/Errors%20explained
[bt_navigator-14] [WARN] [1785623435.475317203] []: TF_OLD_DATA ignoring data from the past for frame base_link at time 18.576000 according to authority Authority undetectable
[bt_navigator-14] Possible reasons are listed at http://wiki.ros.org/tf/Errors%20explained
[planner_server-11] [WARN] [1785623435.475395532] []: TF_OLD_DATA ignoring data from the past for frame base_link at time 18.576000 according to authority Authority undetectable
[planner_server-11] Possible reasons are listed at http://wiki.ros.org/tf/Errors%20explained
[smoother_server-10] [WARN] [1785623435.483062657] []: TF_OLD_DATA ignoring data from the past for frame base_link at time 1.656000 according to authority Authority undetectable
[smoother_server-10] Possible reasons are listed at http://wiki.ros.org/tf/Errors%20explained
[smoother_server-10] [WARN] [1785623435.483137568] []: TF_OLD_DATA ignoring data from the past for frame base_link at time 18.576000 according to authority Authority undetectable
[smoother_server-10] Possible reasons are listed at http://wiki.ros.org/tf/Errors%20explained
[behavior_server-13] [WARN] [1785623435.488466723] []: TF_OLD_DATA ignoring data from the past for frame base_link at time 1.656000 according to authority Authority undetectable
[behavior_server-13] Possible reasons are listed at http://wiki.ros.org/tf/Errors%20explained
[behavior_server-13] [WARN] [1785623435.488523337] []: TF_OLD_DATA ignoring data from the past for frame base_link at time 18.576000 according to authority Authority undetectable
[behavior_server-13] Possible reasons are listed at http://wiki.ros.org/tf/Errors%20explained
[amcl-7] [WARN] [1785623435.489766501] []: TF_OLD_DATA ignoring data from the past for frame base_link at time 1.656000 according to authority Authority undetectable
[amcl-7] Possible reasons are listed at http://wiki.ros.org/tf/Errors%20explained
[amcl-7] [WARN] [1785623435.490232788] []: TF_OLD_DATA ignoring data from the past for frame base_link at time 18.576000 according to authority Authority undetectable
[amcl-7] Possible reasons are listed at http://wiki.ros.org/tf/Errors%20explained
[smoother_server-10] [WARN] [1785623435.503122798] []: TF_OLD_DATA ignoring data from the past for frame base_link at time 1.692000 according to authority Authority undetectable
[smoother_server-10] Possible reasons are listed at http://wiki.ros.org/tf/Errors%20explained
[collision_monitor-17] [WARN] [1785623435.503243307] []: TF_OLD_DATA ignoring data from the past for frame base_link at time 1.692000 according to authority Authority undetectable
[collision_monitor-17] Possible reasons are listed at http://wiki.ros.org/tf/Errors%20explained
[amcl-7] [WARN] [1785623435.503246635] []: TF_OLD_DATA ignoring data from the past for frame base_link at time 1.692000 according to authority Authority undetectable
[amcl-7] Possible reasons are listed at http://wiki.ros.org/tf/Errors%20explained
[route_server-12] [WARN] [1785623435.503266919] []: TF_OLD_DATA ignoring data from the past for frame base_link at time 1.692000 according to authority Authority undetectable
[route_server-12] Possible reasons are listed at http://wiki.ros.org/tf/Errors%20explained
[behavior_server-13] [WARN] [1785623435.503358106] []: TF_OLD_DATA ignoring data from the past for frame base_link at time 1.692000 according to authority Authority undetectable
[behavior_server-13] Possible reasons are listed at http://wiki.ros.org/tf/Errors%20explained
[bt_navigator-14] [WARN] [1785623435.503755533] []: TF_OLD_DATA ignoring data from the past for frame base_link at time 1.692000 according to authority Authority undetectable
[bt_navigator-14] Possible reasons are listed at http://wiki.ros.org/tf/Errors%20explained
[planner_server-11] [WARN] [1785623435.504007992] []: TF_OLD_DATA ignoring data from the past for frame base_link at time 1.692000 according to authority Authority undetectable
[planner_server-11] Possible reasons are listed at http://wiki.ros.org/tf/Errors%20explained
[controller_server-9] [WARN] [1785623435.504128370] []: TF_OLD_DATA ignoring data from the past for frame base_link at time 1.692000 according to authority Authority undetectable
[controller_server-9] Possible reasons are listed at http://wiki.ros.org/tf/Errors%20explained
[planner_server-11] [WARN] [1785623435.504632622] []: TF_OLD_DATA ignoring data from the past for frame base_link at time 18.612000 according to authority Authority undetectable
[planner_server-11] Possible reasons are listed at http://wiki.ros.org/tf/Errors%20explained
[controller_server-9] [WARN] [1785623435.504682676] []: TF_OLD_DATA ignoring data from the past for frame base_link at time 18.612000 according to authority Authority undetectable
[controller_server-9] Possible reasons are listed at http://wiki.ros.org/tf/Errors%20explained
[smoother_server-10] [WARN] [1785623435.504724622] []: TF_OLD_DATA ignoring data from the past for frame base_link at time 18.612000 according to authority Authority undetectable
[smoother_server-10] Possible reasons are listed at http://wiki.ros.org/tf/Errors%20explained
[behavior_server-13] [WARN] [1785623435.504761726] []: TF_OLD_DATA ignoring data from the past for frame base_link at time 18.612000 according to authority Authority undetectable
[behavior_server-13] Possible reasons are listed at http://wiki.ros.org/tf/Errors%20explained
[collision_monitor-17] [WARN] [1785623435.504766099] []: TF_OLD_DATA ignoring data from the past for frame base_link at time 18.612000 according to authority Authority undetectable
[collision_monitor-17] Possible reasons are listed at http://wiki.ros.org/tf/Errors%20explained
[route_server-12] [WARN] [1785623435.504829786] []: TF_OLD_DATA ignoring data from the past for frame base_link at time 18.612000 according to authority Authority undetectable
[route_server-12] Possible reasons are listed at http://wiki.ros.org/tf/Errors%20explained
[bt_navigator-14] [WARN] [1785623435.504831434] []: TF_OLD_DATA ignoring data from the past for frame base_link at time 18.612000 according to authority Authority undetectable
[bt_navigator-14] Possible reasons are listed at http://wiki.ros.org/tf/Errors%20explained
[amcl-7] [WARN] [1785623435.505227467] []: TF_OLD_DATA ignoring data from the past for frame base_link at time 18.612000 according to authority Authority undetectable
[amcl-7] Possible reasons are listed at http://wiki.ros.org/tf/Errors%20explained
[controller_server-9] [INFO] [1785623435.516606393] [controller_server]: Activating controller: FollowPath of type regulated_pure_pursuit_controller::RegulatedPurePursuitController
[controller_server-9] [INFO] [1785623435.516662881] [controller_server]: Creating bond (controller_server) to lifecycle manager.
[controller_server-9] [WARN] [1785623435.539029768] []: TF_OLD_DATA ignoring data from the past for frame base_link at time 1.728000 according to authority Authority undetectable
[controller_server-9] Possible reasons are listed at http://wiki.ros.org/tf/Errors%20explained
[planner_server-11] [WARN] [1785623435.539049030] []: TF_OLD_DATA ignoring data from the past for frame base_link at time 1.728000 according to authority Authority undetectable
[planner_server-11] Possible reasons are listed at http://wiki.ros.org/tf/Errors%20explained
[collision_monitor-17] [WARN] [1785623435.539058088] []: TF_OLD_DATA ignoring data from the past for frame base_link at time 1.728000 according to authority Authority undetectable
[collision_monitor-17] Possible reasons are listed at http://wiki.ros.org/tf/Errors%20explained
[amcl-7] [WARN] [1785623435.539059476] []: TF_OLD_DATA ignoring data from the past for frame base_link at time 1.728000 according to authority Authority undetectable
[amcl-7] Possible reasons are listed at http://wiki.ros.org/tf/Errors%20explained
[bt_navigator-14] [WARN] [1785623435.539071797] []: TF_OLD_DATA ignoring data from the past for frame base_link at time 1.728000 according to authority Authority undetectable
[bt_navigator-14] Possible reasons are listed at http://wiki.ros.org/tf/Errors%20explained
[route_server-12] [WARN] [1785623435.539102774] []: TF_OLD_DATA ignoring data from the past for frame base_link at time 1.728000 according to authority Authority undetectable
[route_server-12] Possible reasons are listed at http://wiki.ros.org/tf/Errors%20explained
[smoother_server-10] [WARN] [1785623435.539123796] []: TF_OLD_DATA ignoring data from the past for frame base_link at time 1.728000 according to authority Authority undetectable
[smoother_server-10] Possible reasons are listed at http://wiki.ros.org/tf/Errors%20explained
[behavior_server-13] [WARN] [1785623435.539149403] []: TF_OLD_DATA ignoring data from the past for frame base_link at time 1.728000 according to authority Authority undetectable
[behavior_server-13] Possible reasons are listed at http://wiki.ros.org/tf/Errors%20explained
[controller_server-9] [WARN] [1785623435.539702415] []: TF_OLD_DATA ignoring data from the past for frame base_link at time 18.648000 according to authority Authority undetectable
[controller_server-9] Possible reasons are listed at http://wiki.ros.org/tf/Errors%20explained
[amcl-7] [WARN] [1785623435.539714345] []: TF_OLD_DATA ignoring data from the past for frame base_link at time 18.648000 according to authority Authority undetectable
[amcl-7] Possible reasons are listed at http://wiki.ros.org/tf/Errors%20explained
[planner_server-11] [WARN] [1785623435.539716114] []: TF_OLD_DATA ignoring data from the past for frame base_link at time 18.648000 according to authority Authority undetectable
[planner_server-11] Possible reasons are listed at http://wiki.ros.org/tf/Errors%20explained
[route_server-12] [WARN] [1785623435.539715879] []: TF_OLD_DATA ignoring data from the past for frame base_link at time 18.648000 according to authority Authority undetectable
[route_server-12] Possible reasons are listed at http://wiki.ros.org/tf/Errors%20explained
[behavior_server-13] [WARN] [1785623435.539721329] []: TF_OLD_DATA ignoring data from the past for frame base_link at time 18.648000 according to authority Authority undetectable
[behavior_server-13] Possible reasons are listed at http://wiki.ros.org/tf/Errors%20explained
[bt_navigator-14] [WARN] [1785623435.539742011] []: TF_OLD_DATA ignoring data from the past for frame base_link at time 18.648000 according to authority Authority undetectable
[bt_navigator-14] Possible reasons are listed at http://wiki.ros.org/tf/Errors%20explained
[collision_monitor-17] [WARN] [1785623435.539739804] []: TF_OLD_DATA ignoring data from the past for frame base_link at time 18.648000 according to authority Authority undetectable
[collision_monitor-17] Possible reasons are listed at http://wiki.ros.org/tf/Errors%20explained
[smoother_server-10] [WARN] [1785623435.541612648] []: TF_OLD_DATA ignoring data from the past for frame base_link at time 18.648000 according to authority Authority undetectable
[smoother_server-10] Possible reasons are listed at http://wiki.ros.org/tf/Errors%20explained
[amcl-7] [WARN] [1785623435.574887180] []: TF_OLD_DATA ignoring data from the past for frame base_link at time 1.764000 according to authority Authority undetectable
[amcl-7] Possible reasons are listed at http://wiki.ros.org/tf/Errors%20explained
[behavior_server-13] [WARN] [1785623435.574889812] []: TF_OLD_DATA ignoring data from the past for frame base_link at time 1.764000 according to authority Authority undetectable
[behavior_server-13] Possible reasons are listed at http://wiki.ros.org/tf/Errors%20explained
[controller_server-9] [WARN] [1785623435.574887276] []: TF_OLD_DATA ignoring data from the past for frame base_link at time 1.764000 according to authority Authority undetectable
[controller_server-9] Possible reasons are listed at http://wiki.ros.org/tf/Errors%20explained
[route_server-12] [WARN] [1785623435.574895976] []: TF_OLD_DATA ignoring data from the past for frame base_link at time 1.764000 according to authority Authority undetectable
[route_server-12] Possible reasons are listed at http://wiki.ros.org/tf/Errors%20explained
[smoother_server-10] [WARN] [1785623435.574909892] []: TF_OLD_DATA ignoring data from the past for frame base_link at time 1.764000 according to authority Authority undetectable
[smoother_server-10] Possible reasons are listed at http://wiki.ros.org/tf/Errors%20explained
[bt_navigator-14] [WARN] [1785623435.574932161] []: TF_OLD_DATA ignoring data from the past for frame base_link at time 1.764000 according to authority Authority undetectable
[bt_navigator-14] Possible reasons are listed at http://wiki.ros.org/tf/Errors%20explained
[planner_server-11] [WARN] [1785623435.575015244] []: TF_OLD_DATA ignoring data from the past for frame base_link at time 1.764000 according to authority Authority undetectable
[planner_server-11] Possible reasons are listed at http://wiki.ros.org/tf/Errors%20explained
[collision_monitor-17] [WARN] [1785623435.575225087] []: TF_OLD_DATA ignoring data from the past for frame base_link at time 1.764000 according to authority Authority undetectable
[collision_monitor-17] Possible reasons are listed at http://wiki.ros.org/tf/Errors%20explained
[amcl-7] [WARN] [1785623435.576001024] []: TF_OLD_DATA ignoring data from the past for frame base_link at time 18.684000 according to authority Authority undetectable
[amcl-7] Possible reasons are listed at http://wiki.ros.org/tf/Errors%20explained
[smoother_server-10] [WARN] [1785623435.576013106] []: TF_OLD_DATA ignoring data from the past for frame base_link at time 18.684000 according to authority Authority undetectable
[smoother_server-10] Possible reasons are listed at http://wiki.ros.org/tf/Errors%20explained
[planner_server-11] [WARN] [1785623435.576022336] []: TF_OLD_DATA ignoring data from the past for frame base_link at time 18.684000 according to authority Authority undetectable
[planner_server-11] Possible reasons are listed at http://wiki.ros.org/tf/Errors%20explained
[route_server-12] [WARN] [1785623435.576023960] []: TF_OLD_DATA ignoring data from the past for frame base_link at time 18.684000 according to authority Authority undetectable
[route_server-12] Possible reasons are listed at http://wiki.ros.org/tf/Errors%20explained
[bt_navigator-14] [WARN] [1785623435.576050119] []: TF_OLD_DATA ignoring data from the past for frame base_link at time 18.684000 according to authority Authority undetectable
[bt_navigator-14] Possible reasons are listed at http://wiki.ros.org/tf/Errors%20explained
[behavior_server-13] [WARN] [1785623435.576048993] []: TF_OLD_DATA ignoring data from the past for frame base_link at time 18.684000 according to authority Authority undetectable
[behavior_server-13] Possible reasons are listed at http://wiki.ros.org/tf/Errors%20explained
[controller_server-9] [WARN] [1785623435.576707271] []: TF_OLD_DATA ignoring data from the past for frame base_link at time 18.684000 according to authority Authority undetectable
[controller_server-9] Possible reasons are listed at http://wiki.ros.org/tf/Errors%20explained
[collision_monitor-17] [WARN] [1785623435.576930085] []: TF_OLD_DATA ignoring data from the past for frame base_link at time 18.684000 according to authority Authority undetectable
[collision_monitor-17] Possible reasons are listed at http://wiki.ros.org/tf/Errors%20explained
[route_server-12] [WARN] [1785623435.611355366] []: TF_OLD_DATA ignoring data from the past for frame base_link at time 1.800000 according to authority Authority undetectable
[route_server-12] Possible reasons are listed at http://wiki.ros.org/tf/Errors%20explained
[planner_server-11] [WARN] [1785623435.611370186] []: TF_OLD_DATA ignoring data from the past for frame base_link at time 1.800000 according to authority Authority undetectable
[planner_server-11] Possible reasons are listed at http://wiki.ros.org/tf/Errors%20explained
[smoother_server-10] [WARN] [1785623435.611399770] []: TF_OLD_DATA ignoring data from the past for frame base_link at time 1.800000 according to authority Authority undetectable
[smoother_server-10] Possible reasons are listed at http://wiki.ros.org/tf/Errors%20explained
[bt_navigator-14] [WARN] [1785623435.611440669] []: TF_OLD_DATA ignoring data from the past for frame base_link at time 1.800000 according to authority Authority undetectable
[bt_navigator-14] Possible reasons are listed at http://wiki.ros.org/tf/Errors%20explained
[amcl-7] [WARN] [1785623435.611596848] []: TF_OLD_DATA ignoring data from the past for frame base_link at time 1.800000 according to authority Authority undetectable
[amcl-7] Possible reasons are listed at http://wiki.ros.org/tf/Errors%20explained
[collision_monitor-17] [WARN] [1785623435.611720144] []: TF_OLD_DATA ignoring data from the past for frame base_link at time 1.800000 according to authority Authority undetectable
[collision_monitor-17] Possible reasons are listed at http://wiki.ros.org/tf/Errors%20explained
[controller_server-9] [WARN] [1785623435.611733472] []: TF_OLD_DATA ignoring data from the past for frame base_link at time 1.800000 according to authority Authority undetectable
[controller_server-9] Possible reasons are listed at http://wiki.ros.org/tf/Errors%20explained
[controller_server-9] [WARN] [1785623435.612941239] []: TF_OLD_DATA ignoring data from the past for frame base_link at time 18.720000 according to authority Authority undetectable
[controller_server-9] Possible reasons are listed at http://wiki.ros.org/tf/Errors%20explained
[behavior_server-13] [WARN] [1785623435.611967301] []: TF_OLD_DATA ignoring data from the past for frame base_link at time 1.800000 according to authority Authority undetectable
[behavior_server-13] Possible reasons are listed at http://wiki.ros.org/tf/Errors%20explained
[planner_server-11] [WARN] [1785623435.612794301] []: TF_OLD_DATA ignoring data from the past for frame base_link at time 18.720000 according to authority Authority undetectable
[planner_server-11] Possible reasons are listed at http://wiki.ros.org/tf/Errors%20explained
[route_server-12] [WARN] [1785623435.612794415] []: TF_OLD_DATA ignoring data from the past for frame base_link at time 18.720000 according to authority Authority undetectable
[route_server-12] Possible reasons are listed at http://wiki.ros.org/tf/Errors%20explained
[bt_navigator-14] [WARN] [1785623435.613152557] []: TF_OLD_DATA ignoring data from the past for frame base_link at time 18.720000 according to authority Authority undetectable
[bt_navigator-14] Possible reasons are listed at http://wiki.ros.org/tf/Errors%20explained
[smoother_server-10] [WARN] [1785623435.613152116] []: TF_OLD_DATA ignoring data from the past for frame base_link at time 18.720000 according to authority Authority undetectable
[smoother_server-10] Possible reasons are listed at http://wiki.ros.org/tf/Errors%20explained
[amcl-7] [WARN] [1785623435.613223517] []: TF_OLD_DATA ignoring data from the past for frame base_link at time 18.720000 according to authority Authority undetectable
[amcl-7] Possible reasons are listed at http://wiki.ros.org/tf/Errors%20explained
[behavior_server-13] [WARN] [1785623435.613349474] []: TF_OLD_DATA ignoring data from the past for frame base_link at time 18.720000 according to authority Authority undetectable
[behavior_server-13] Possible reasons are listed at http://wiki.ros.org/tf/Errors%20explained
[collision_monitor-17] [WARN] [1785623435.613509419] []: TF_OLD_DATA ignoring data from the past for frame base_link at time 18.720000 according to authority Authority undetectable
[collision_monitor-17] Possible reasons are listed at http://wiki.ros.org/tf/Errors%20explained
[lifecycle_manager-19] [INFO] [1785623435.625448424] [lifecycle_manager_navigation]: Server controller_server connected with bond.
[lifecycle_manager-19] [INFO] [1785623435.625536629] [lifecycle_manager_navigation]: [34m[1mActivating smoother_server[0m[0m
[smoother_server-10] [INFO] [1785623435.626916404] [smoother_server]: Activating
[smoother_server-10] [INFO] [1785623435.627027119] [smoother_server]: Activating smoother: constrained of type nav2_constrained_smoother::ConstrainedSmoother
[smoother_server-10] [INFO] [1785623435.627061470] [smoother_server]: Creating bond (smoother_server) to lifecycle manager.
[smoother_server-10] [WARN] [1785623435.647172081] []: TF_OLD_DATA ignoring data from the past for frame base_link at time 1.836000 according to authority Authority undetectable
[smoother_server-10] Possible reasons are listed at http://wiki.ros.org/tf/Errors%20explained
[controller_server-9] [WARN] [1785623435.647172027] []: TF_OLD_DATA ignoring data from the past for frame base_link at time 1.836000 according to authority Authority undetectable
[controller_server-9] Possible reasons are listed at http://wiki.ros.org/tf/Errors%20explained
[collision_monitor-17] [WARN] [1785623435.647206024] []: TF_OLD_DATA ignoring data from the past for frame base_link at time 1.836000 according to authority Authority undetectable
[collision_monitor-17] Possible reasons are listed at http://wiki.ros.org/tf/Errors%20explained
[route_server-12] [WARN] [1785623435.647218040] []: TF_OLD_DATA ignoring data from the past for frame base_link at time 1.836000 according to authority Authority undetectable
[route_server-12] Possible reasons are listed at http://wiki.ros.org/tf/Errors%20explained
[bt_navigator-14] [WARN] [1785623435.647232630] []: TF_OLD_DATA ignoring data from the past for frame base_link at time 1.836000 according to authority Authority undetectable
[bt_navigator-14] Possible reasons are listed at http://wiki.ros.org/tf/Errors%20explained
[planner_server-11] [WARN] [1785623435.647417712] []: TF_OLD_DATA ignoring data from the past for frame base_link at time 1.836000 according to authority Authority undetectable
[planner_server-11] Possible reasons are listed at http://wiki.ros.org/tf/Errors%20explained
[behavior_server-13] [WARN] [1785623435.647665888] []: TF_OLD_DATA ignoring data from the past for frame base_link at time 1.836000 according to authority Authority undetectable
[behavior_server-13] Possible reasons are listed at http://wiki.ros.org/tf/Errors%20explained
[amcl-7] [WARN] [1785623435.648088699] []: TF_OLD_DATA ignoring data from the past for frame base_link at time 1.836000 according to authority Authority undetectable
[amcl-7] Possible reasons are listed at http://wiki.ros.org/tf/Errors%20explained
[route_server-12] [WARN] [1785623435.648743256] []: TF_OLD_DATA ignoring data from the past for frame base_link at time 18.756000 according to authority Authority undetectable
[route_server-12] Possible reasons are listed at http://wiki.ros.org/tf/Errors%20explained
[behavior_server-13] [WARN] [1785623435.648811171] []: TF_OLD_DATA ignoring data from the past for frame base_link at time 18.756000 according to authority Authority undetectable
[behavior_server-13] Possible reasons are listed at http://wiki.ros.org/tf/Errors%20explained
[collision_monitor-17] [WARN] [1785623435.648828563] []: TF_OLD_DATA ignoring data from the past for frame base_link at time 18.756000 according to authority Authority undetectable
[collision_monitor-17] Possible reasons are listed at http://wiki.ros.org/tf/Errors%20explained
[controller_server-9] [WARN] [1785623435.648846639] []: TF_OLD_DATA ignoring data from the past for frame base_link at time 18.756000 according to authority Authority undetectable
[controller_server-9] Possible reasons are listed at http://wiki.ros.org/tf/Errors%20explained
[bt_navigator-14] [WARN] [1785623435.648877575] []: TF_OLD_DATA ignoring data from the past for frame base_link at time 18.756000 according to authority Authority undetectable
[bt_navigator-14] Possible reasons are listed at http://wiki.ros.org/tf/Errors%20explained
[planner_server-11] [WARN] [1785623435.648885634] []: TF_OLD_DATA ignoring data from the past for frame base_link at time 18.756000 according to authority Authority undetectable
[planner_server-11] Possible reasons are listed at http://wiki.ros.org/tf/Errors%20explained
[smoother_server-10] [WARN] [1785623435.648942825] []: TF_OLD_DATA ignoring data from the past for frame base_link at time 18.756000 according to authority Authority undetectable
[smoother_server-10] Possible reasons are listed at http://wiki.ros.org/tf/Errors%20explained
[amcl-7] [WARN] [1785623435.649079875] []: TF_OLD_DATA ignoring data from the past for frame base_link at time 18.756000 according to authority Authority undetectable
[amcl-7] Possible reasons are listed at http://wiki.ros.org/tf/Errors%20explained
[controller_server-9] [WARN] [1785623435.684286618] []: TF_OLD_DATA ignoring data from the past for frame base_link at time 1.872000 according to authority Authority undetectable
[controller_server-9] Possible reasons are listed at http://wiki.ros.org/tf/Errors%20explained
[route_server-12] [WARN] [1785623435.684358788] []: TF_OLD_DATA ignoring data from the past for frame base_link at time 1.872000 according to authority Authority undetectable
[route_server-12] Possible reasons are listed at http://wiki.ros.org/tf/Errors%20explained
[behavior_server-13] [WARN] [1785623435.684361673] []: TF_OLD_DATA ignoring data from the past for frame base_link at time 1.872000 according to authority Authority undetectable
[behavior_server-13] Possible reasons are listed at http://wiki.ros.org/tf/Errors%20explained
[collision_monitor-17] [WARN] [1785623435.684384852] []: TF_OLD_DATA ignoring data from the past for frame base_link at time 1.872000 according to authority Authority undetectable
[collision_monitor-17] Possible reasons are listed at http://wiki.ros.org/tf/Errors%20explained
[amcl-7] [WARN] [1785623435.684447369] []: TF_OLD_DATA ignoring data from the past for frame base_link at time 1.872000 according to authority Authority undetectable
[amcl-7] Possible reasons are listed at http://wiki.ros.org/tf/Errors%20explained
[amcl-7] [WARN] [1785623435.684952965] []: TF_OLD_DATA ignoring data from the past for frame base_link at time 18.792000 according to authority Authority undetectable
[amcl-7] Possible reasons are listed at http://wiki.ros.org/tf/Errors%20explained
[planner_server-11] [WARN] [1785623435.684451675] []: TF_OLD_DATA ignoring data from the past for frame base_link at time 1.872000 according to authority Authority undetectable
[planner_server-11] Possible reasons are listed at http://wiki.ros.org/tf/Errors%20explained
[planner_server-11] [WARN] [1785623435.684953194] []: TF_OLD_DATA ignoring data from the past for frame base_link at time 18.792000 according to authority Authority undetectable
[planner_server-11] Possible reasons are listed at http://wiki.ros.org/tf/Errors%20explained
[bt_navigator-14] [WARN] [1785623435.684468042] []: TF_OLD_DATA ignoring data from the past for frame base_link at time 1.872000 according to authority Authority undetectable
[bt_navigator-14] Possible reasons are listed at http://wiki.ros.org/tf/Errors%20explained
[bt_navigator-14] [WARN] [1785623435.684843875] []: TF_OLD_DATA ignoring data from the past for frame base_link at time 18.792000 according to authority Authority undetectable
[bt_navigator-14] Possible reasons are listed at http://wiki.ros.org/tf/Errors%20explained
[smoother_server-10] [WARN] [1785623435.684621935] []: TF_OLD_DATA ignoring data from the past for frame base_link at time 1.872000 according to authority Authority undetectable
[smoother_server-10] Possible reasons are listed at http://wiki.ros.org/tf/Errors%20explained
[smoother_server-10] [WARN] [1785623435.684830271] []: TF_OLD_DATA ignoring data from the past for frame base_link at time 18.792000 according to authority Authority undetectable
[smoother_server-10] Possible reasons are listed at http://wiki.ros.org/tf/Errors%20explained
[controller_server-9] [WARN] [1785623435.684814470] []: TF_OLD_DATA ignoring data from the past for frame base_link at time 18.792000 according to authority Authority undetectable
[controller_server-9] Possible reasons are listed at http://wiki.ros.org/tf/Errors%20explained
[route_server-12] [WARN] [1785623435.684883692] []: TF_OLD_DATA ignoring data from the past for frame base_link at time 18.792000 according to authority Authority undetectable
[route_server-12] Possible reasons are listed at http://wiki.ros.org/tf/Errors%20explained
[behavior_server-13] [WARN] [1785623435.684950913] []: TF_OLD_DATA ignoring data from the past for frame base_link at time 18.792000 according to authority Authority undetectable
[behavior_server-13] Possible reasons are listed at http://wiki.ros.org/tf/Errors%20explained
[collision_monitor-17] [WARN] [1785623435.685001693] []: TF_OLD_DATA ignoring data from the past for frame base_link at time 18.792000 according to authority Authority undetectable
[collision_monitor-17] Possible reasons are listed at http://wiki.ros.org/tf/Errors%20explained
[controller_server-9] [WARN] [1785623435.720309893] []: TF_OLD_DATA ignoring data from the past for frame base_link at time 1.908000 according to authority Authority undetectable
[controller_server-9] Possible reasons are listed at http://wiki.ros.org/tf/Errors%20explained
[amcl-7] [WARN] [1785623435.720354479] []: TF_OLD_DATA ignoring data from the past for frame base_link at time 1.908000 according to authority Authority undetectable
[amcl-7] Possible reasons are listed at http://wiki.ros.org/tf/Errors%20explained
[planner_server-11] [WARN] [1785623435.720367041] []: TF_OLD_DATA ignoring data from the past for frame base_link at time 1.908000 according to authority Authority undetectable
[planner_server-11] Possible reasons are listed at http://wiki.ros.org/tf/Errors%20explained
[behavior_server-13] [WARN] [1785623435.720365701] []: TF_OLD_DATA ignoring data from the past for frame base_link at time 1.908000 according to authority Authority undetectable
[behavior_server-13] Possible reasons are listed at http://wiki.ros.org/tf/Errors%20explained
[bt_navigator-14] [WARN] [1785623435.720380341] []: TF_OLD_DATA ignoring data from the past for frame base_link at time 1.908000 according to authority Authority undetectable
[bt_navigator-14] Possible reasons are listed at http://wiki.ros.org/tf/Errors%20explained
[route_server-12] [WARN] [1785623435.720375903] []: TF_OLD_DATA ignoring data from the past for frame base_link at time 1.908000 according to authority Authority undetectable
[route_server-12] Possible reasons are listed at http://wiki.ros.org/tf/Errors%20explained
[smoother_server-10] [WARN] [1785623435.720480592] []: TF_OLD_DATA ignoring data from the past for frame base_link at time 1.908000 according to authority Authority undetectable
[smoother_server-10] Possible reasons are listed at http://wiki.ros.org/tf/Errors%20explained
[smoother_server-10] [WARN] [1785623435.720736070] []: TF_OLD_DATA ignoring data from the past for frame base_link at time 18.828000 according to authority Authority undetectable
[smoother_server-10] Possible reasons are listed at http://wiki.ros.org/tf/Errors%20explained
[collision_monitor-17] [WARN] [1785623435.720628438] []: TF_OLD_DATA ignoring data from the past for frame base_link at time 1.908000 according to authority Authority undetectable
[collision_monitor-17] Possible reasons are listed at http://wiki.ros.org/tf/Errors%20explained
[collision_monitor-17] [WARN] [1785623435.720920766] []: TF_OLD_DATA ignoring data from the past for frame base_link at time 18.828000 according to authority Authority undetectable
[collision_monitor-17] Possible reasons are listed at http://wiki.ros.org/tf/Errors%20explained
[amcl-7] [WARN] [1785623435.720700304] []: TF_OLD_DATA ignoring data from the past for frame base_link at time 18.828000 according to authority Authority undetectable
[amcl-7] Possible reasons are listed at http://wiki.ros.org/tf/Errors%20explained
[controller_server-9] [WARN] [1785623435.720743402] []: TF_OLD_DATA ignoring data from the past for frame base_link at time 18.828000 according to authority Authority undetectable
[controller_server-9] Possible reasons are listed at http://wiki.ros.org/tf/Errors%20explained
[route_server-12] [WARN] [1785623435.720762261] []: TF_OLD_DATA ignoring data from the past for frame base_link at time 18.828000 according to authority Authority undetectable
[route_server-12] Possible reasons are listed at http://wiki.ros.org/tf/Errors%20explained
[planner_server-11] [WARN] [1785623435.720806129] []: TF_OLD_DATA ignoring data from the past for frame base_link at time 18.828000 according to authority Authority undetectable
[planner_server-11] Possible reasons are listed at http://wiki.ros.org/tf/Errors%20explained
[behavior_server-13] [WARN] [1785623435.720837987] []: TF_OLD_DATA ignoring data from the past for frame base_link at time 18.828000 according to authority Authority undetectable
[behavior_server-13] Possible reasons are listed at http://wiki.ros.org/tf/Errors%20explained
[bt_navigator-14] [WARN] [1785623435.720870428] []: TF_OLD_DATA ignoring data from the past for frame base_link at time 18.828000 according to authority Authority undetectable
[bt_navigator-14] Possible reasons are listed at http://wiki.ros.org/tf/Errors%20explained
[lifecycle_manager-19] [INFO] [1785623435.744469638] [lifecycle_manager_navigation]: Server smoother_server connected with bond.
[lifecycle_manager-19] [INFO] [1785623435.744551625] [lifecycle_manager_navigation]: [34m[1mActivating planner_server[0m[0m
[planner_server-11] [INFO] [1785623435.745207813] [planner_server]: Activating
[planner_server-11] [INFO] [1785623435.745291289] [global_costmap.global_costmap]: Activating
[planner_server-11] [INFO] [1785623435.745312117] [global_costmap.global_costmap]: Checking transform
[planner_server-11] [INFO] [1785623435.745466907] [global_costmap.global_costmap]: Timed out waiting for transform from base_link to map to become available, tf error: Lookup would require extrapolation into the past.  Requested time 31.428000 but the earliest data is at time 31.591000, when looking up transform from frame [base_link] to frame [map]
[smoother_server-10] [WARN] [1785623435.755105017] []: TF_OLD_DATA ignoring data from the past for frame base_link at time 1.944000 according to authority Authority undetectable
[smoother_server-10] Possible reasons are listed at http://wiki.ros.org/tf/Errors%20explained
[bt_navigator-14] [WARN] [1785623435.755105024] []: TF_OLD_DATA ignoring data from the past for frame base_link at time 1.944000 according to authority Authority undetectable
[bt_navigator-14] Possible reasons are listed at http://wiki.ros.org/tf/Errors%20explained
[amcl-7] [WARN] [1785623435.755121860] []: TF_OLD_DATA ignoring data from the past for frame base_link at time 1.944000 according to authority Authority undetectable
[amcl-7] Possible reasons are listed at http://wiki.ros.org/tf/Errors%20explained
[route_server-12] [WARN] [1785623435.755129526] []: TF_OLD_DATA ignoring data from the past for frame base_link at time 1.944000 according to authority Authority undetectable
[route_server-12] Possible reasons are listed at http://wiki.ros.org/tf/Errors%20explained
[controller_server-9] [WARN] [1785623435.755130944] []: TF_OLD_DATA ignoring data from the past for frame base_link at time 1.944000 according to authority Authority undetectable
[controller_server-9] Possible reasons are listed at http://wiki.ros.org/tf/Errors%20explained
[planner_server-11] [WARN] [1785623435.755128243] []: TF_OLD_DATA ignoring data from the past for frame base_link at time 1.944000 according to authority Authority undetectable
[planner_server-11] Possible reasons are listed at http://wiki.ros.org/tf/Errors%20explained
[behavior_server-13] [WARN] [1785623435.755134700] []: TF_OLD_DATA ignoring data from the past for frame base_link at time 1.944000 according to authority Authority undetectable
[behavior_server-13] Possible reasons are listed at http://wiki.ros.org/tf/Errors%20explained
[collision_monitor-17] [WARN] [1785623435.755136377] []: TF_OLD_DATA ignoring data from the past for frame base_link at time 1.944000 according to authority Authority undetectable
[collision_monitor-17] Possible reasons are listed at http://wiki.ros.org/tf/Errors%20explained
[route_server-12] [WARN] [1785623435.756020368] []: TF_OLD_DATA ignoring data from the past for frame base_link at time 18.864000 according to authority Authority undetectable
[route_server-12] Possible reasons are listed at http://wiki.ros.org/tf/Errors%20explained
[controller_server-9] [WARN] [1785623435.756029714] []: TF_OLD_DATA ignoring data from the past for frame base_link at time 18.864000 according to authority Authority undetectable
[controller_server-9] Possible reasons are listed at http://wiki.ros.org/tf/Errors%20explained
[collision_monitor-17] [WARN] [1785623435.756039291] []: TF_OLD_DATA ignoring data from the past for frame base_link at time 18.864000 according to authority Authority undetectable
[collision_monitor-17] Possible reasons are listed at http://wiki.ros.org/tf/Errors%20explained
[smoother_server-10] [WARN] [1785623435.756042920] []: TF_OLD_DATA ignoring data from the past for frame base_link at time 18.864000 according to authority Authority undetectable
[smoother_server-10] Possible reasons are listed at http://wiki.ros.org/tf/Errors%20explained
[amcl-7] [WARN] [1785623435.756047811] []: TF_OLD_DATA ignoring data from the past for frame base_link at time 18.864000 according to authority Authority undetectable
[amcl-7] Possible reasons are listed at http://wiki.ros.org/tf/Errors%20explained
[planner_server-11] [WARN] [1785623435.756051350] []: TF_OLD_DATA ignoring data from the past for frame base_link at time 18.864000 according to authority Authority undetectable
[planner_server-11] Possible reasons are listed at http://wiki.ros.org/tf/Errors%20explained
[bt_navigator-14] [WARN] [1785623435.756075427] []: TF_OLD_DATA ignoring data from the past for frame base_link at time 18.864000 according to authority Authority undetectable
[bt_navigator-14] Possible reasons are listed at http://wiki.ros.org/tf/Errors%20explained
[behavior_server-13] [WARN] [1785623435.756077908] []: TF_OLD_DATA ignoring data from the past for frame base_link at time 18.864000 according to authority Authority undetectable
[behavior_server-13] Possible reasons are listed at http://wiki.ros.org/tf/Errors%20explained
[smoother_server-10] [WARN] [1785623435.791202036] []: TF_OLD_DATA ignoring data from the past for frame base_link at time 1.980000 according to authority Authority undetectable
[smoother_server-10] Possible reasons are listed at http://wiki.ros.org/tf/Errors%20explained
[route_server-12] [WARN] [1785623435.791208297] []: TF_OLD_DATA ignoring data from the past for frame base_link at time 1.980000 according to authority Authority undetectable
[route_server-12] Possible reasons are listed at http://wiki.ros.org/tf/Errors%20explained
[amcl-7] [WARN] [1785623435.791206079] []: TF_OLD_DATA ignoring data from the past for frame base_link at time 1.980000 according to authority Authority undetectable
[amcl-7] Possible reasons are listed at http://wiki.ros.org/tf/Errors%20explained
[behavior_server-13] [WARN] [1785623435.791283414] []: TF_OLD_DATA ignoring data from the past for frame base_link at time 1.980000 according to authority Authority undetectable
[behavior_server-13] Possible reasons are listed at http://wiki.ros.org/tf/Errors%20explained
[collision_monitor-17] [WARN] [1785623435.791317156] []: TF_OLD_DATA ignoring data from the past for frame base_link at time 1.980000 according to authority Authority undetectable
[collision_monitor-17] Possible reasons are listed at http://wiki.ros.org/tf/Errors%20explained
[planner_server-11] [WARN] [1785623435.791357077] []: TF_OLD_DATA ignoring data from the past for frame base_link at time 1.980000 according to authority Authority undetectable
[planner_server-11] Possible reasons are listed at http://wiki.ros.org/tf/Errors%20explained
[controller_server-9] [WARN] [1785623435.791422374] []: TF_OLD_DATA ignoring data from the past for frame base_link at time 1.980000 according to authority Authority undetectable
[controller_server-9] Possible reasons are listed at http://wiki.ros.org/tf/Errors%20explained
[bt_navigator-14] [WARN] [1785623435.791428539] []: TF_OLD_DATA ignoring data from the past for frame base_link at time 1.980000 according to authority Authority undetectable
[bt_navigator-14] Possible reasons are listed at http://wiki.ros.org/tf/Errors%20explained
[smoother_server-10] [WARN] [1785623435.793081142] []: TF_OLD_DATA ignoring data from the past for frame base_link at time 18.900000 according to authority Authority undetectable
[smoother_server-10] Possible reasons are listed at http://wiki.ros.org/tf/Errors%20explained
[amcl-7] [WARN] [1785623435.793076468] []: TF_OLD_DATA ignoring data from the past for frame base_link at time 18.900000 according to authority Authority undetectable
[amcl-7] Possible reasons are listed at http://wiki.ros.org/tf/Errors%20explained
[controller_server-9] [WARN] [1785623435.793096761] []: TF_OLD_DATA ignoring data from the past for frame base_link at time 18.900000 according to authority Authority undetectable
[controller_server-9] Possible reasons are listed at http://wiki.ros.org/tf/Errors%20explained
[planner_server-11] [WARN] [1785623435.793099373] []: TF_OLD_DATA ignoring data from the past for frame base_link at time 18.900000 according to authority Authority undetectable
[planner_server-11] Possible reasons are listed at http://wiki.ros.org/tf/Errors%20explained
[bt_navigator-14] [WARN] [1785623435.793132168] []: TF_OLD_DATA ignoring data from the past for frame base_link at time 18.900000 according to authority Authority undetectable
[bt_navigator-14] Possible reasons are listed at http://wiki.ros.org/tf/Errors%20explained
[route_server-12] [WARN] [1785623435.793253931] []: TF_OLD_DATA ignoring data from the past for frame base_link at time 18.900000 according to authority Authority undetectable
[route_server-12] Possible reasons are listed at http://wiki.ros.org/tf/Errors%20explained
[collision_monitor-17] [WARN] [1785623435.793338570] []: TF_OLD_DATA ignoring data from the past for frame base_link at time 18.900000 according to authority Authority undetectable
[collision_monitor-17] Possible reasons are listed at http://wiki.ros.org/tf/Errors%20explained
[behavior_server-13] [WARN] [1785623435.793410079] []: TF_OLD_DATA ignoring data from the past for frame base_link at time 18.900000 according to authority Authority undetectable
[behavior_server-13] Possible reasons are listed at http://wiki.ros.org/tf/Errors%20explained
[amcl-7] [WARN] [1785623435.827553129] []: TF_OLD_DATA ignoring data from the past for frame base_link at time 2.016000 according to authority Authority undetectable
[amcl-7] Possible reasons are listed at http://wiki.ros.org/tf/Errors%20explained
[behavior_server-13] [WARN] [1785623435.827579479] []: TF_OLD_DATA ignoring data from the past for frame base_link at time 2.016000 according to authority Authority undetectable
[behavior_server-13] Possible reasons are listed at http://wiki.ros.org/tf/Errors%20explained
[smoother_server-10] [WARN] [1785623435.827575126] []: TF_OLD_DATA ignoring data from the past for frame base_link at time 2.016000 according to authority Authority undetectable
[smoother_server-10] Possible reasons are listed at http://wiki.ros.org/tf/Errors%20explained
[bt_navigator-14] [WARN] [1785623435.827602542] []: TF_OLD_DATA ignoring data from the past for frame base_link at time 2.016000 according to authority Authority undetectable
[bt_navigator-14] Possible reasons are listed at http://wiki.ros.org/tf/Errors%20explained
[planner_server-11] [WARN] [1785623435.827574335] []: TF_OLD_DATA ignoring data from the past for frame base_link at time 2.016000 according to authority Authority undetectable
[planner_server-11] Possible reasons are listed at http://wiki.ros.org/tf/Errors%20explained
[controller_server-9] [WARN] [1785623435.827652196] []: TF_OLD_DATA ignoring data from the past for frame base_link at time 2.016000 according to authority Authority undetectable
[controller_server-9] Possible reasons are listed at http://wiki.ros.org/tf/Errors%20explained
[route_server-12] [WARN] [1785623435.827858975] []: TF_OLD_DATA ignoring data from the past for frame base_link at time 2.016000 according to authority Authority undetectable
[route_server-12] Possible reasons are listed at http://wiki.ros.org/tf/Errors%20explained
[route_server-12] [WARN] [1785623435.829285554] []: TF_OLD_DATA ignoring data from the past for frame base_link at time 18.936000 according to authority Authority undetectable
[route_server-12] Possible reasons are listed at http://wiki.ros.org/tf/Errors%20explained
[collision_monitor-17] [WARN] [1785623435.828180089] []: TF_OLD_DATA ignoring data from the past for frame base_link at time 2.016000 according to authority Authority undetectable
[collision_monitor-17] Possible reasons are listed at http://wiki.ros.org/tf/Errors%20explained
[collision_monitor-17] [WARN] [1785623435.829415309] []: TF_OLD_DATA ignoring data from the past for frame base_link at time 18.936000 according to authority Authority undetectable
[collision_monitor-17] Possible reasons are listed at http://wiki.ros.org/tf/Errors%20explained
[amcl-7] [WARN] [1785623435.829284114] []: TF_OLD_DATA ignoring data from the past for frame base_link at time 18.936000 according to authority Authority undetectable
[amcl-7] Possible reasons are listed at http://wiki.ros.org/tf/Errors%20explained
[planner_server-11] [WARN] [1785623435.829285217] []: TF_OLD_DATA ignoring data from the past for frame base_link at time 18.936000 according to authority Authority undetectable
[planner_server-11] Possible reasons are listed at http://wiki.ros.org/tf/Errors%20explained
[smoother_server-10] [WARN] [1785623435.829416295] []: TF_OLD_DATA ignoring data from the past for frame base_link at time 18.936000 according to authority Authority undetectable
[smoother_server-10] Possible reasons are listed at http://wiki.ros.org/tf/Errors%20explained
[bt_navigator-14] [WARN] [1785623435.829616672] []: TF_OLD_DATA ignoring data from the past for frame base_link at time 18.936000 according to authority Authority undetectable
[bt_navigator-14] Possible reasons are listed at http://wiki.ros.org/tf/Errors%20explained
[controller_server-9] [WARN] [1785623435.829626922] []: TF_OLD_DATA ignoring data from the past for frame base_link at time 18.936000 according to authority Authority undetectable
[controller_server-9] Possible reasons are listed at http://wiki.ros.org/tf/Errors%20explained
[behavior_server-13] [WARN] [1785623435.830367603] []: TF_OLD_DATA ignoring data from the past for frame base_link at time 18.936000 according to authority Authority undetectable
[behavior_server-13] Possible reasons are listed at http://wiki.ros.org/tf/Errors%20explained
[planner_server-11] [WARN] [1785623435.863791428] []: TF_OLD_DATA ignoring data from the past for frame base_link at time 2.052000 according to authority Authority undetectable
[planner_server-11] Possible reasons are listed at http://wiki.ros.org/tf/Errors%20explained
[smoother_server-10] [WARN] [1785623435.863794053] []: TF_OLD_DATA ignoring data from the past for frame base_link at time 2.052000 according to authority Authority undetectable
[smoother_server-10] Possible reasons are listed at http://wiki.ros.org/tf/Errors%20explained
[amcl-7] [WARN] [1785623435.863886939] []: TF_OLD_DATA ignoring data from the past for frame base_link at time 2.052000 according to authority Authority undetectable
[amcl-7] Possible reasons are listed at http://wiki.ros.org/tf/Errors%20explained
[route_server-12] [WARN] [1785623435.863927748] []: TF_OLD_DATA ignoring data from the past for frame base_link at time 2.052000 according to authority Authority undetectable
[route_server-12] Possible reasons are listed at http://wiki.ros.org/tf/Errors%20explained
[controller_server-9] [WARN] [1785623435.863958411] []: TF_OLD_DATA ignoring data from the past for frame base_link at time 2.052000 according to authority Authority undetectable
[controller_server-9] Possible reasons are listed at http://wiki.ros.org/tf/Errors%20explained
[bt_navigator-14] [WARN] [1785623435.864015584] []: TF_OLD_DATA ignoring data from the past for frame base_link at time 2.052000 according to authority Authority undetectable
[bt_navigator-14] Possible reasons are listed at http://wiki.ros.org/tf/Errors%20explained
[bt_navigator-14] [WARN] [1785623435.864979563] []: TF_OLD_DATA ignoring data from the past for frame base_link at time 18.972000 according to authority Authority undetectable
[bt_navigator-14] Possible reasons are listed at http://wiki.ros.org/tf/Errors%20explained
[collision_monitor-17] [WARN] [1785623435.864016496] []: TF_OLD_DATA ignoring data from the past for frame base_link at time 2.052000 according to authority Authority undetectable
[collision_monitor-17] Possible reasons are listed at http://wiki.ros.org/tf/Errors%20explained
[collision_monitor-17] [WARN] [1785623435.864990921] []: TF_OLD_DATA ignoring data from the past for frame base_link at time 18.972000 according to authority Authority undetectable
[collision_monitor-17] Possible reasons are listed at http://wiki.ros.org/tf/Errors%20explained
[behavior_server-13] [WARN] [1785623435.864574975] []: TF_OLD_DATA ignoring data from the past for frame base_link at time 2.052000 according to authority Authority undetectable
[behavior_server-13] Possible reasons are listed at http://wiki.ros.org/tf/Errors%20explained
[behavior_server-13] [WARN] [1785623435.865141212] []: TF_OLD_DATA ignoring data from the past for frame base_link at time 18.972000 according to authority Authority undetectable
[behavior_server-13] Possible reasons are listed at http://wiki.ros.org/tf/Errors%20explained
[amcl-7] [WARN] [1785623435.864905072] []: TF_OLD_DATA ignoring data from the past for frame base_link at time 18.972000 according to authority Authority undetectable
[amcl-7] Possible reasons are listed at http://wiki.ros.org/tf/Errors%20explained
[controller_server-9] [WARN] [1785623435.864929921] []: TF_OLD_DATA ignoring data from the past for frame base_link at time 18.972000 according to authority Authority undetectable
[controller_server-9] Possible reasons are listed at http://wiki.ros.org/tf/Errors%20explained
[route_server-12] [WARN] [1785623435.865019424] []: TF_OLD_DATA ignoring data from the past for frame base_link at time 18.972000 according to authority Authority undetectable
[route_server-12] Possible reasons are listed at http://wiki.ros.org/tf/Errors%20explained
[planner_server-11] [WARN] [1785623435.865018939] []: TF_OLD_DATA ignoring data from the past for frame base_link at time 18.972000 according to authority Authority undetectable
[planner_server-11] Possible reasons are listed at http://wiki.ros.org/tf/Errors%20explained
[smoother_server-10] [WARN] [1785623435.865138221] []: TF_OLD_DATA ignoring data from the past for frame base_link at time 18.972000 according to authority Authority undetectable
[smoother_server-10] Possible reasons are listed at http://wiki.ros.org/tf/Errors%20explained
[controller_server-9] [WARN] [1785623435.899822035] []: TF_OLD_DATA ignoring data from the past for frame base_link at time 2.088000 according to authority Authority undetectable
[controller_server-9] Possible reasons are listed at http://wiki.ros.org/tf/Errors%20explained
[collision_monitor-17] [WARN] [1785623435.899832206] []: TF_OLD_DATA ignoring data from the past for frame base_link at time 2.088000 according to authority Authority undetectable
[collision_monitor-17] Possible reasons are listed at http://wiki.ros.org/tf/Errors%20explained
[behavior_server-13] [WARN] [1785623435.899833359] []: TF_OLD_DATA ignoring data from the past for frame base_link at time 2.088000 according to authority Authority undetectable
[behavior_server-13] Possible reasons are listed at http://wiki.ros.org/tf/Errors%20explained
[route_server-12] [WARN] [1785623435.899889786] []: TF_OLD_DATA ignoring data from the past for frame base_link at time 2.088000 according to authority Authority undetectable
[route_server-12] Possible reasons are listed at http://wiki.ros.org/tf/Errors%20explained
[bt_navigator-14] [WARN] [1785623435.899892214] []: TF_OLD_DATA ignoring data from the past for frame base_link at time 2.088000 according to authority Authority undetectable
[bt_navigator-14] Possible reasons are listed at http://wiki.ros.org/tf/Errors%20explained
[smoother_server-10] [WARN] [1785623435.900035524] []: TF_OLD_DATA ignoring data from the past for frame base_link at time 2.088000 according to authority Authority undetectable
[smoother_server-10] Possible reasons are listed at http://wiki.ros.org/tf/Errors%20explained
[smoother_server-10] [WARN] [1785623435.901102960] []: TF_OLD_DATA ignoring data from the past for frame base_link at time 19.008000 according to authority Authority undetectable
[smoother_server-10] Possible reasons are listed at http://wiki.ros.org/tf/Errors%20explained
[planner_server-11] [WARN] [1785623435.900068675] []: TF_OLD_DATA ignoring data from the past for frame base_link at time 2.088000 according to authority Authority undetectable
[planner_server-11] Possible reasons are listed at http://wiki.ros.org/tf/Errors%20explained
[planner_server-11] [WARN] [1785623435.901230085] []: TF_OLD_DATA ignoring data from the past for frame base_link at time 19.008000 according to authority Authority undetectable
[planner_server-11] Possible reasons are listed at http://wiki.ros.org/tf/Errors%20explained
[amcl-7] [WARN] [1785623435.900108460] []: TF_OLD_DATA ignoring data from the past for frame base_link at time 2.088000 according to authority Authority undetectable
[amcl-7] Possible reasons are listed at http://wiki.ros.org/tf/Errors%20explained
[amcl-7] [WARN] [1785623435.901052452] []: TF_OLD_DATA ignoring data from the past for frame base_link at time 19.008000 according to authority Authority undetectable
[amcl-7] Possible reasons are listed at http://wiki.ros.org/tf/Errors%20explained
[controller_server-9] [WARN] [1785623435.901084664] []: TF_OLD_DATA ignoring data from the past for frame base_link at time 19.008000 according to authority Authority undetectable
[controller_server-9] Possible reasons are listed at http://wiki.ros.org/tf/Errors%20explained
[route_server-12] [WARN] [1785623435.901141693] []: TF_OLD_DATA ignoring data from the past for frame base_link at time 19.008000 according to authority Authority undetectable
[route_server-12] Possible reasons are listed at http://wiki.ros.org/tf/Errors%20explained
[behavior_server-13] [WARN] [1785623435.901242906] []: TF_OLD_DATA ignoring data from the past for frame base_link at time 19.008000 according to authority Authority undetectable
[behavior_server-13] Possible reasons are listed at http://wiki.ros.org/tf/Errors%20explained
[bt_navigator-14] [WARN] [1785623435.901319387] []: TF_OLD_DATA ignoring data from the past for frame base_link at time 19.008000 according to authority Authority undetectable
[bt_navigator-14] Possible reasons are listed at http://wiki.ros.org/tf/Errors%20explained
[collision_monitor-17] [WARN] [1785623435.901407726] []: TF_OLD_DATA ignoring data from the past for frame base_link at time 19.008000 according to authority Authority undetectable
[collision_monitor-17] Possible reasons are listed at http://wiki.ros.org/tf/Errors%20explained
[controller_server-9] [WARN] [1785623435.935420643] []: TF_OLD_DATA ignoring data from the past for frame base_link at time 2.124000 according to authority Authority undetectable
[controller_server-9] Possible reasons are listed at http://wiki.ros.org/tf/Errors%20explained
[behavior_server-13] [WARN] [1785623435.935519586] []: TF_OLD_DATA ignoring data from the past for frame base_link at time 2.124000 according to authority Authority undetectable
[behavior_server-13] Possible reasons are listed at http://wiki.ros.org/tf/Errors%20explained
[route_server-12] [WARN] [1785623435.935520912] []: TF_OLD_DATA ignoring data from the past for frame base_link at time 2.124000 according to authority Authority undetectable
[route_server-12] Possible reasons are listed at http://wiki.ros.org/tf/Errors%20explained
[smoother_server-10] [WARN] [1785623435.935534786] []: TF_OLD_DATA ignoring data from the past for frame base_link at time 2.124000 according to authority Authority undetectable
[smoother_server-10] Possible reasons are listed at http://wiki.ros.org/tf/Errors%20explained
[planner_server-11] [WARN] [1785623435.935544394] []: TF_OLD_DATA ignoring data from the past for frame base_link at time 2.124000 according to authority Authority undetectable
[planner_server-11] Possible reasons are listed at http://wiki.ros.org/tf/Errors%20explained
[collision_monitor-17] [WARN] [1785623435.935548649] []: TF_OLD_DATA ignoring data from the past for frame base_link at time 2.124000 according to authority Authority undetectable
[collision_monitor-17] Possible reasons are listed at http://wiki.ros.org/tf/Errors%20explained
[bt_navigator-14] [WARN] [1785623435.935571275] []: TF_OLD_DATA ignoring data from the past for frame base_link at time 2.124000 according to authority Authority undetectable
[bt_navigator-14] Possible reasons are listed at http://wiki.ros.org/tf/Errors%20explained
[amcl-7] [WARN] [1785623435.935927179] []: TF_OLD_DATA ignoring data from the past for frame base_link at time 2.124000 according to authority Authority undetectable
[amcl-7] Possible reasons are listed at http://wiki.ros.org/tf/Errors%20explained
[amcl-7] [WARN] [1785623435.936482307] []: TF_OLD_DATA ignoring data from the past for frame base_link at time 19.044000 according to authority Authority undetectable
[amcl-7] Possible reasons are listed at http://wiki.ros.org/tf/Errors%20explained
[controller_server-9] [WARN] [1785623435.936542688] []: TF_OLD_DATA ignoring data from the past for frame base_link at time 19.044000 according to authority Authority undetectable
[controller_server-9] Possible reasons are listed at http://wiki.ros.org/tf/Errors%20explained
[planner_server-11] [WARN] [1785623435.936524193] []: TF_OLD_DATA ignoring data from the past for frame base_link at time 19.044000 according to authority Authority undetectable
[planner_server-11] Possible reasons are listed at http://wiki.ros.org/tf/Errors%20explained
[behavior_server-13] [WARN] [1785623435.936600849] []: TF_OLD_DATA ignoring data from the past for frame base_link at time 19.044000 according to authority Authority undetectable
[behavior_server-13] Possible reasons are listed at http://wiki.ros.org/tf/Errors%20explained
[route_server-12] [WARN] [1785623435.936604084] []: TF_OLD_DATA ignoring data from the past for frame base_link at time 19.044000 according to authority Authority undetectable
[route_server-12] Possible reasons are listed at http://wiki.ros.org/tf/Errors%20explained
[smoother_server-10] [WARN] [1785623435.936619571] []: TF_OLD_DATA ignoring data from the past for frame base_link at time 19.044000 according to authority Authority undetectable
[smoother_server-10] Possible reasons are listed at http://wiki.ros.org/tf/Errors%20explained
[bt_navigator-14] [WARN] [1785623435.936635600] []: TF_OLD_DATA ignoring data from the past for frame base_link at time 19.044000 according to authority Authority undetectable
[bt_navigator-14] Possible reasons are listed at http://wiki.ros.org/tf/Errors%20explained
[collision_monitor-17] [WARN] [1785623435.936762564] []: TF_OLD_DATA ignoring data from the past for frame base_link at time 19.044000 according to authority Authority undetectable
[collision_monitor-17] Possible reasons are listed at http://wiki.ros.org/tf/Errors%20explained
[amcl-7] [WARN] [1785623435.971664201] []: TF_OLD_DATA ignoring data from the past for frame base_link at time 2.160000 according to authority Authority undetectable
[amcl-7] Possible reasons are listed at http://wiki.ros.org/tf/Errors%20explained
[collision_monitor-17] [WARN] [1785623435.971705033] []: TF_OLD_DATA ignoring data from the past for frame base_link at time 2.160000 according to authority Authority undetectable
[collision_monitor-17] Possible reasons are listed at http://wiki.ros.org/tf/Errors%20explained
[smoother_server-10] [WARN] [1785623435.971743169] []: TF_OLD_DATA ignoring data from the past for frame base_link at time 2.160000 according to authority Authority undetectable
[smoother_server-10] Possible reasons are listed at http://wiki.ros.org/tf/Errors%20explained
[smoother_server-10] [WARN] [1785623435.971879689] []: TF_OLD_DATA ignoring data from the past for frame base_link at time 19.080000 according to authority Authority undetectable
[smoother_server-10] Possible reasons are listed at http://wiki.ros.org/tf/Errors%20explained
[collision_monitor-17] [WARN] [1785623435.971907825] []: TF_OLD_DATA ignoring data from the past for frame base_link at time 19.080000 according to authority Authority undetectable
[collision_monitor-17] Possible reasons are listed at http://wiki.ros.org/tf/Errors%20explained
[route_server-12] [WARN] [1785623435.972016826] []: TF_OLD_DATA ignoring data from the past for frame base_link at time 2.160000 according to authority Authority undetectable
[route_server-12] Possible reasons are listed at http://wiki.ros.org/tf/Errors%20explained
[route_server-12] [WARN] [1785623435.972056864] []: TF_OLD_DATA ignoring data from the past for frame base_link at time 19.080000 according to authority Authority undetectable
[route_server-12] Possible reasons are listed at http://wiki.ros.org/tf/Errors%20explained
[controller_server-9] [WARN] [1785623435.972112803] []: TF_OLD_DATA ignoring data from the past for frame base_link at time 2.160000 according to authority Authority undetectable
[controller_server-9] Possible reasons are listed at http://wiki.ros.org/tf/Errors%20explained
[controller_server-9] [WARN] [1785623435.972167753] []: TF_OLD_DATA ignoring data from the past for frame base_link at time 19.080000 according to authority Authority undetectable
[controller_server-9] Possible reasons are listed at http://wiki.ros.org/tf/Errors%20explained
[bt_navigator-14] [WARN] [1785623435.972230441] []: TF_OLD_DATA ignoring data from the past for frame base_link at time 2.160000 according to authority Authority undetectable
[bt_navigator-14] Possible reasons are listed at http://wiki.ros.org/tf/Errors%20explained
[planner_server-11] [WARN] [1785623435.972377665] []: TF_OLD_DATA ignoring data from the past for frame base_link at time 2.160000 according to authority Authority undetectable
[planner_server-11] Possible reasons are listed at http://wiki.ros.org/tf/Errors%20explained
[planner_server-11] [WARN] [1785623435.972411041] []: TF_OLD_DATA ignoring data from the past for frame base_link at time 19.080000 according to authority Authority undetectable
[planner_server-11] Possible reasons are listed at http://wiki.ros.org/tf/Errors%20explained
[behavior_server-13] [WARN] [1785623435.972422480] []: TF_OLD_DATA ignoring data from the past for frame base_link at time 2.160000 according to authority Authority undetectable
[behavior_server-13] Possible reasons are listed at http://wiki.ros.org/tf/Errors%20explained
[behavior_server-13] [WARN] [1785623435.972461264] []: TF_OLD_DATA ignoring data from the past for frame base_link at time 19.080000 according to authority Authority undetectable
[behavior_server-13] Possible reasons are listed at http://wiki.ros.org/tf/Errors%20explained
[bt_navigator-14] [WARN] [1785623435.972530381] []: TF_OLD_DATA ignoring data from the past for frame base_link at time 19.080000 according to authority Authority undetectable
[bt_navigator-14] Possible reasons are listed at http://wiki.ros.org/tf/Errors%20explained
[amcl-7] [WARN] [1785623435.974241953] []: TF_OLD_DATA ignoring data from the past for frame base_link at time 19.080000 according to authority Authority undetectable
[amcl-7] Possible reasons are listed at http://wiki.ros.org/tf/Errors%20explained
[behavior_server-13] [WARN] [1785623436.008040887] []: TF_OLD_DATA ignoring data from the past for frame base_link at time 2.196000 according to authority Authority undetectable
[behavior_server-13] Possible reasons are listed at http://wiki.ros.org/tf/Errors%20explained
[collision_monitor-17] [WARN] [1785623436.008058631] []: TF_OLD_DATA ignoring data from the past for frame base_link at time 2.196000 according to authority Authority undetectable
[collision_monitor-17] Possible reasons are listed at http://wiki.ros.org/tf/Errors%20explained
[planner_server-11] [WARN] [1785623436.008092856] []: TF_OLD_DATA ignoring data from the past for frame base_link at time 2.196000 according to authority Authority undetectable
[planner_server-11] Possible reasons are listed at http://wiki.ros.org/tf/Errors%20explained
[amcl-7] [WARN] [1785623436.008116504] []: TF_OLD_DATA ignoring data from the past for frame base_link at time 2.196000 according to authority Authority undetectable
[amcl-7] Possible reasons are listed at http://wiki.ros.org/tf/Errors%20explained
[bt_navigator-14] [WARN] [1785623436.008160545] []: TF_OLD_DATA ignoring data from the past for frame base_link at time 2.196000 according to authority Authority undetectable
[bt_navigator-14] Possible reasons are listed at http://wiki.ros.org/tf/Errors%20explained
[smoother_server-10] [WARN] [1785623436.008291673] []: TF_OLD_DATA ignoring data from the past for frame base_link at time 2.196000 according to authority Authority undetectable
[smoother_server-10] Possible reasons are listed at http://wiki.ros.org/tf/Errors%20explained
[controller_server-9] [WARN] [1785623436.008290307] []: TF_OLD_DATA ignoring data from the past for frame base_link at time 2.196000 according to authority Authority undetectable
[controller_server-9] Possible reasons are listed at http://wiki.ros.org/tf/Errors%20explained
[route_server-12] [WARN] [1785623436.008299550] []: TF_OLD_DATA ignoring data from the past for frame base_link at time 2.196000 according to authority Authority undetectable
[route_server-12] Possible reasons are listed at http://wiki.ros.org/tf/Errors%20explained
[amcl-7] [WARN] [1785623436.009350593] []: TF_OLD_DATA ignoring data from the past for frame base_link at time 19.116000 according to authority Authority undetectable
[amcl-7] Possible reasons are listed at http://wiki.ros.org/tf/Errors%20explained
[bt_navigator-14] [WARN] [1785623436.009428125] []: TF_OLD_DATA ignoring data from the past for frame base_link at time 19.116000 according to authority Authority undetectable
[bt_navigator-14] Possible reasons are listed at http://wiki.ros.org/tf/Errors%20explained
[controller_server-9] [WARN] [1785623436.009499339] []: TF_OLD_DATA ignoring data from the past for frame base_link at time 19.116000 according to authority Authority undetectable
[controller_server-9] Possible reasons are listed at http://wiki.ros.org/tf/Errors%20explained
[route_server-12] [WARN] [1785623436.009563945] []: TF_OLD_DATA ignoring data from the past for frame base_link at time 19.116000 according to authority Authority undetectable
[route_server-12] Possible reasons are listed at http://wiki.ros.org/tf/Errors%20explained
[planner_server-11] [WARN] [1785623436.009670998] []: TF_OLD_DATA ignoring data from the past for frame base_link at time 19.116000 according to authority Authority undetectable
[planner_server-11] Possible reasons are listed at http://wiki.ros.org/tf/Errors%20explained
[behavior_server-13] [WARN] [1785623436.009816919] []: TF_OLD_DATA ignoring data from the past for frame base_link at time 19.116000 according to authority Authority undetectable
[behavior_server-13] Possible reasons are listed at http://wiki.ros.org/tf/Errors%20explained
[smoother_server-10] [WARN] [1785623436.009964377] []: TF_OLD_DATA ignoring data from the past for frame base_link at time 19.116000 according to authority Authority undetectable
[smoother_server-10] Possible reasons are listed at http://wiki.ros.org/tf/Errors%20explained
[collision_monitor-17] [WARN] [1785623436.010411056] []: TF_OLD_DATA ignoring data from the past for frame base_link at time 19.116000 according to authority Authority undetectable
[collision_monitor-17] Possible reasons are listed at http://wiki.ros.org/tf/Errors%20explained
[amcl-7] [WARN] [1785623436.043004377] []: TF_OLD_DATA ignoring data from the past for frame base_link at time 2.232000 according to authority Authority undetectable
[amcl-7] Possible reasons are listed at http://wiki.ros.org/tf/Errors%20explained
[collision_monitor-17] [WARN] [1785623436.043017681] []: TF_OLD_DATA ignoring data from the past for frame base_link at time 2.232000 according to authority Authority undetectable
[collision_monitor-17] Possible reasons are listed at http://wiki.ros.org/tf/Errors%20explained
[behavior_server-13] [WARN] [1785623436.043027397] []: TF_OLD_DATA ignoring data from the past for frame base_link at time 2.232000 according to authority Authority undetectable
[behavior_server-13] Possible reasons are listed at http://wiki.ros.org/tf/Errors%20explained
[bt_navigator-14] [WARN] [1785623436.043037244] []: TF_OLD_DATA ignoring data from the past for frame base_link at time 2.232000 according to authority Authority undetectable
[bt_navigator-14] Possible reasons are listed at http://wiki.ros.org/tf/Errors%20explained
[planner_server-11] [WARN] [1785623436.043049354] []: TF_OLD_DATA ignoring data from the past for frame base_link at time 2.232000 according to authority Authority undetectable
[planner_server-11] Possible reasons are listed at http://wiki.ros.org/tf/Errors%20explained
[controller_server-9] [WARN] [1785623436.043116396] []: TF_OLD_DATA ignoring data from the past for frame base_link at time 2.232000 according to authority Authority undetectable
[controller_server-9] Possible reasons are listed at http://wiki.ros.org/tf/Errors%20explained
[route_server-12] [WARN] [1785623436.043131743] []: TF_OLD_DATA ignoring data from the past for frame base_link at time 2.232000 according to authority Authority undetectable
[route_server-12] Possible reasons are listed at http://wiki.ros.org/tf/Errors%20explained
[smoother_server-10] [WARN] [1785623436.043445684] []: TF_OLD_DATA ignoring data from the past for frame base_link at time 2.232000 according to authority Authority undetectable
[smoother_server-10] Possible reasons are listed at http://wiki.ros.org/tf/Errors%20explained
[planner_server-11] [WARN] [1785623436.043639506] []: TF_OLD_DATA ignoring data from the past for frame base_link at time 19.152000 according to authority Authority undetectable
[planner_server-11] Possible reasons are listed at http://wiki.ros.org/tf/Errors%20explained
[smoother_server-10] [WARN] [1785623436.043649288] []: TF_OLD_DATA ignoring data from the past for frame base_link at time 19.152000 according to authority Authority undetectable
[smoother_server-10] Possible reasons are listed at http://wiki.ros.org/tf/Errors%20explained
[controller_server-9] [WARN] [1785623436.043659649] []: TF_OLD_DATA ignoring data from the past for frame base_link at time 19.152000 according to authority Authority undetectable
[controller_server-9] Possible reasons are listed at http://wiki.ros.org/tf/Errors%20explained
[amcl-7] [WARN] [1785623436.043661928] []: TF_OLD_DATA ignoring data from the past for frame base_link at time 19.152000 according to authority Authority undetectable
[amcl-7] Possible reasons are listed at http://wiki.ros.org/tf/Errors%20explained
[collision_monitor-17] [WARN] [1785623436.043691507] []: TF_OLD_DATA ignoring data from the past for frame base_link at time 19.152000 according to authority Authority undetectable
[collision_monitor-17] Possible reasons are listed at http://wiki.ros.org/tf/Errors%20explained
[bt_navigator-14] [WARN] [1785623436.043714886] []: TF_OLD_DATA ignoring data from the past for frame base_link at time 19.152000 according to authority Authority undetectable
[bt_navigator-14] Possible reasons are listed at http://wiki.ros.org/tf/Errors%20explained
[route_server-12] [WARN] [1785623436.043736056] []: TF_OLD_DATA ignoring data from the past for frame base_link at time 19.152000 according to authority Authority undetectable
[route_server-12] Possible reasons are listed at http://wiki.ros.org/tf/Errors%20explained
[behavior_server-13] [WARN] [1785623436.043839314] []: TF_OLD_DATA ignoring data from the past for frame base_link at time 19.152000 according to authority Authority undetectable
[behavior_server-13] Possible reasons are listed at http://wiki.ros.org/tf/Errors%20explained
[amcl-7] [WARN] [1785623436.079402682] []: TF_OLD_DATA ignoring data from the past for frame base_link at time 2.268000 according to authority Authority undetectable
[amcl-7] Possible reasons are listed at http://wiki.ros.org/tf/Errors%20explained
[smoother_server-10] [WARN] [1785623436.079507939] []: TF_OLD_DATA ignoring data from the past for frame base_link at time 2.268000 according to authority Authority undetectable
[smoother_server-10] Possible reasons are listed at http://wiki.ros.org/tf/Errors%20explained
[bt_navigator-14] [WARN] [1785623436.079516004] []: TF_OLD_DATA ignoring data from the past for frame base_link at time 2.268000 according to authority Authority undetectable
[bt_navigator-14] Possible reasons are listed at http://wiki.ros.org/tf/Errors%20explained
[behavior_server-13] [WARN] [1785623436.079583137] []: TF_OLD_DATA ignoring data from the past for frame base_link at time 2.268000 according to authority Authority undetectable
[behavior_server-13] Possible reasons are listed at http://wiki.ros.org/tf/Errors%20explained
[controller_server-9] [WARN] [1785623436.079589593] []: TF_OLD_DATA ignoring data from the past for frame base_link at time 2.268000 according to authority Authority undetectable
[controller_server-9] Possible reasons are listed at http://wiki.ros.org/tf/Errors%20explained
[planner_server-11] [WARN] [1785623436.079599909] []: TF_OLD_DATA ignoring data from the past for frame base_link at time 2.268000 according to authority Authority undetectable
[planner_server-11] Possible reasons are listed at http://wiki.ros.org/tf/Errors%20explained
[planner_server-11] [WARN] [1785623436.080478392] []: TF_OLD_DATA ignoring data from the past for frame base_link at time 19.188000 according to authority Authority undetectable
[planner_server-11] Possible reasons are listed at http://wiki.ros.org/tf/Errors%20explained
[collision_monitor-17] [WARN] [1785623436.079771646] []: TF_OLD_DATA ignoring data from the past for frame base_link at time 2.268000 according to authority Authority undetectable
[collision_monitor-17] Possible reasons are listed at http://wiki.ros.org/tf/Errors%20explained
[collision_monitor-17] [WARN] [1785623436.080583611] []: TF_OLD_DATA ignoring data from the past for frame base_link at time 19.188000 according to authority Authority undetectable
[collision_monitor-17] Possible reasons are listed at http://wiki.ros.org/tf/Errors%20explained
[route_server-12] [WARN] [1785623436.079784305] []: TF_OLD_DATA ignoring data from the past for frame base_link at time 2.268000 according to authority Authority undetectable
[route_server-12] Possible reasons are listed at http://wiki.ros.org/tf/Errors%20explained
[route_server-12] [WARN] [1785623436.080481731] []: TF_OLD_DATA ignoring data from the past for frame base_link at time 19.188000 according to authority Authority undetectable
[route_server-12] Possible reasons are listed at http://wiki.ros.org/tf/Errors%20explained
[smoother_server-10] [WARN] [1785623436.080487563] []: TF_OLD_DATA ignoring data from the past for frame base_link at time 19.188000 according to authority Authority undetectable
[smoother_server-10] Possible reasons are listed at http://wiki.ros.org/tf/Errors%20explained
[amcl-7] [WARN] [1785623436.080487421] []: TF_OLD_DATA ignoring data from the past for frame base_link at time 19.188000 according to authority Authority undetectable
[amcl-7] Possible reasons are listed at http://wiki.ros.org/tf/Errors%20explained
[behavior_server-13] [WARN] [1785623436.080506854] []: TF_OLD_DATA ignoring data from the past for frame base_link at time 19.188000 according to authority Authority undetectable
[behavior_server-13] Possible reasons are listed at http://wiki.ros.org/tf/Errors%20explained
[bt_navigator-14] [WARN] [1785623436.080533355] []: TF_OLD_DATA ignoring data from the past for frame base_link at time 19.188000 according to authority Authority undetectable
[bt_navigator-14] Possible reasons are listed at http://wiki.ros.org/tf/Errors%20explained
[controller_server-9] [WARN] [1785623436.080581753] []: TF_OLD_DATA ignoring data from the past for frame base_link at time 19.188000 according to authority Authority undetectable
[controller_server-9] Possible reasons are listed at http://wiki.ros.org/tf/Errors%20explained
[controller_server-9] [WARN] [1785623436.115679022] []: TF_OLD_DATA ignoring data from the past for frame base_link at time 2.304000 according to authority Authority undetectable
[controller_server-9] Possible reasons are listed at http://wiki.ros.org/tf/Errors%20explained
[planner_server-11] [WARN] [1785623436.115690207] []: TF_OLD_DATA ignoring data from the past for frame base_link at time 2.304000 according to authority Authority undetectable
[planner_server-11] Possible reasons are listed at http://wiki.ros.org/tf/Errors%20explained
[bt_navigator-14] [WARN] [1785623436.115762966] []: TF_OLD_DATA ignoring data from the past for frame base_link at time 2.304000 according to authority Authority undetectable
[bt_navigator-14] Possible reasons are listed at http://wiki.ros.org/tf/Errors%20explained
[amcl-7] [WARN] [1785623436.115765354] []: TF_OLD_DATA ignoring data from the past for frame base_link at time 2.304000 according to authority Authority undetectable
[amcl-7] Possible reasons are listed at http://wiki.ros.org/tf/Errors%20explained
[smoother_server-10] [WARN] [1785623436.115824010] []: TF_OLD_DATA ignoring data from the past for frame base_link at time 2.304000 according to authority Authority undetectable
[smoother_server-10] Possible reasons are listed at http://wiki.ros.org/tf/Errors%20explained
[behavior_server-13] [WARN] [1785623436.115835723] []: TF_OLD_DATA ignoring data from the past for frame base_link at time 2.304000 according to authority Authority undetectable
[behavior_server-13] Possible reasons are listed at http://wiki.ros.org/tf/Errors%20explained
[route_server-12] [WARN] [1785623436.115986222] []: TF_OLD_DATA ignoring data from the past for frame base_link at time 2.304000 according to authority Authority undetectable
[route_server-12] Possible reasons are listed at http://wiki.ros.org/tf/Errors%20explained
[collision_monitor-17] [WARN] [1785623436.116002444] []: TF_OLD_DATA ignoring data from the past for frame base_link at time 2.304000 according to authority Authority undetectable
[collision_monitor-17] Possible reasons are listed at http://wiki.ros.org/tf/Errors%20explained
[smoother_server-10] [WARN] [1785623436.117062481] []: TF_OLD_DATA ignoring data from the past for frame base_link at time 19.224000 according to authority Authority undetectable
[smoother_server-10] Possible reasons are listed at http://wiki.ros.org/tf/Errors%20explained
[bt_navigator-14] [WARN] [1785623436.117062916] []: TF_OLD_DATA ignoring data from the past for frame base_link at time 19.224000 according to authority Authority undetectable
[bt_navigator-14] Possible reasons are listed at http://wiki.ros.org/tf/Errors%20explained
[controller_server-9] [WARN] [1785623436.117079356] []: TF_OLD_DATA ignoring data from the past for frame base_link at time 19.224000 according to authority Authority undetectable
[controller_server-9] Possible reasons are listed at http://wiki.ros.org/tf/Errors%20explained
[planner_server-11] [WARN] [1785623436.117099105] []: TF_OLD_DATA ignoring data from the past for frame base_link at time 19.224000 according to authority Authority undetectable
[planner_server-11] Possible reasons are listed at http://wiki.ros.org/tf/Errors%20explained
[collision_monitor-17] [WARN] [1785623436.117116130] []: TF_OLD_DATA ignoring data from the past for frame base_link at time 19.224000 according to authority Authority undetectable
[collision_monitor-17] Possible reasons are listed at http://wiki.ros.org/tf/Errors%20explained
[amcl-7] [WARN] [1785623436.117170781] []: TF_OLD_DATA ignoring data from the past for frame base_link at time 19.224000 according to authority Authority undetectable
[amcl-7] Possible reasons are listed at http://wiki.ros.org/tf/Errors%20explained
[behavior_server-13] [WARN] [1785623436.117207237] []: TF_OLD_DATA ignoring data from the past for frame base_link at time 19.224000 according to authority Authority undetectable
[behavior_server-13] Possible reasons are listed at http://wiki.ros.org/tf/Errors%20explained
[route_server-12] [WARN] [1785623436.117238123] []: TF_OLD_DATA ignoring data from the past for frame base_link at time 19.224000 according to authority Authority undetectable
[route_server-12] Possible reasons are listed at http://wiki.ros.org/tf/Errors%20explained
[controller_server-9] [WARN] [1785623436.151300368] []: TF_OLD_DATA ignoring data from the past for frame base_link at time 2.340000 according to authority Authority undetectable
[controller_server-9] Possible reasons are listed at http://wiki.ros.org/tf/Errors%20explained
[amcl-7] [WARN] [1785623436.151381822] []: TF_OLD_DATA ignoring data from the past for frame base_link at time 2.340000 according to authority Authority undetectable
[amcl-7] Possible reasons are listed at http://wiki.ros.org/tf/Errors%20explained
[bt_navigator-14] [WARN] [1785623436.151418914] []: TF_OLD_DATA ignoring data from the past for frame base_link at time 2.340000 according to authority Authority undetectable
[bt_navigator-14] Possible reasons are listed at http://wiki.ros.org/tf/Errors%20explained
[planner_server-11] [WARN] [1785623436.151444619] []: TF_OLD_DATA ignoring data from the past for frame base_link at time 2.340000 according to authority Authority undetectable
[planner_server-11] Possible reasons are listed at http://wiki.ros.org/tf/Errors%20explained
[collision_monitor-17] [WARN] [1785623436.151481798] []: TF_OLD_DATA ignoring data from the past for frame base_link at time 2.340000 according to authority Authority undetectable
[collision_monitor-17] Possible reasons are listed at http://wiki.ros.org/tf/Errors%20explained
[route_server-12] [WARN] [1785623436.151547615] []: TF_OLD_DATA ignoring data from the past for frame base_link at time 2.340000 according to authority Authority undetectable
[route_server-12] Possible reasons are listed at http://wiki.ros.org/tf/Errors%20explained
[smoother_server-10] [WARN] [1785623436.151640341] []: TF_OLD_DATA ignoring data from the past for frame base_link at time 2.340000 according to authority Authority undetectable
[smoother_server-10] Possible reasons are listed at http://wiki.ros.org/tf/Errors%20explained
[behavior_server-13] [WARN] [1785623436.151626804] []: TF_OLD_DATA ignoring data from the past for frame base_link at time 2.340000 according to authority Authority undetectable
[behavior_server-13] Possible reasons are listed at http://wiki.ros.org/tf/Errors%20explained
[controller_server-9] [WARN] [1785623436.152694341] []: TF_OLD_DATA ignoring data from the past for frame base_link at time 19.260000 according to authority Authority undetectable
[controller_server-9] Possible reasons are listed at http://wiki.ros.org/tf/Errors%20explained
[amcl-7] [WARN] [1785623436.152728404] []: TF_OLD_DATA ignoring data from the past for frame base_link at time 19.260000 according to authority Authority undetectable
[amcl-7] Possible reasons are listed at http://wiki.ros.org/tf/Errors%20explained
[bt_navigator-14] [WARN] [1785623436.152791274] []: TF_OLD_DATA ignoring data from the past for frame base_link at time 19.260000 according to authority Authority undetectable
[bt_navigator-14] Possible reasons are listed at http://wiki.ros.org/tf/Errors%20explained
[smoother_server-10] [WARN] [1785623436.152799540] []: TF_OLD_DATA ignoring data from the past for frame base_link at time 19.260000 according to authority Authority undetectable
[smoother_server-10] Possible reasons are listed at http://wiki.ros.org/tf/Errors%20explained
[planner_server-11] [WARN] [1785623436.152802839] []: TF_OLD_DATA ignoring data from the past for frame base_link at time 19.260000 according to authority Authority undetectable
[planner_server-11] Possible reasons are listed at http://wiki.ros.org/tf/Errors%20explained
[route_server-12] [WARN] [1785623436.152850317] []: TF_OLD_DATA ignoring data from the past for frame base_link at time 19.260000 according to authority Authority undetectable
[route_server-12] Possible reasons are listed at http://wiki.ros.org/tf/Errors%20explained
[behavior_server-13] [WARN] [1785623436.152853699] []: TF_OLD_DATA ignoring data from the past for frame base_link at time 19.260000 according to authority Authority undetectable
[behavior_server-13] Possible reasons are listed at http://wiki.ros.org/tf/Errors%20explained
[collision_monitor-17] [WARN] [1785623436.152863275] []: TF_OLD_DATA ignoring data from the past for frame base_link at time 19.260000 according to authority Authority undetectable
[collision_monitor-17] Possible reasons are listed at http://wiki.ros.org/tf/Errors%20explained
[bt_navigator-14] [WARN] [1785623436.187514281] []: TF_OLD_DATA ignoring data from the past for frame base_link at time 2.376000 according to authority Authority undetectable
[bt_navigator-14] Possible reasons are listed at http://wiki.ros.org/tf/Errors%20explained
[amcl-7] [WARN] [1785623436.187508937] []: TF_OLD_DATA ignoring data from the past for frame base_link at time 2.376000 according to authority Authority undetectable
[amcl-7] Possible reasons are listed at http://wiki.ros.org/tf/Errors%20explained
[planner_server-11] [WARN] [1785623436.187530058] []: TF_OLD_DATA ignoring data from the past for frame base_link at time 2.376000 according to authority Authority undetectable
[planner_server-11] Possible reasons are listed at http://wiki.ros.org/tf/Errors%20explained
[collision_monitor-17] [WARN] [1785623436.187535208] []: TF_OLD_DATA ignoring data from the past for frame base_link at time 2.376000 according to authority Authority undetectable
[collision_monitor-17] Possible reasons are listed at http://wiki.ros.org/tf/Errors%20explained
[behavior_server-13] [WARN] [1785623436.187635136] []: TF_OLD_DATA ignoring data from the past for frame base_link at time 2.376000 according to authority Authority undetectable
[behavior_server-13] Possible reasons are listed at http://wiki.ros.org/tf/Errors%20explained
[route_server-12] [WARN] [1785623436.187644417] []: TF_OLD_DATA ignoring data from the past for frame base_link at time 2.376000 according to authority Authority undetectable
[route_server-12] Possible reasons are listed at http://wiki.ros.org/tf/Errors%20explained
[controller_server-9] [WARN] [1785623436.187770796] []: TF_OLD_DATA ignoring data from the past for frame base_link at time 2.376000 according to authority Authority undetectable
[controller_server-9] Possible reasons are listed at http://wiki.ros.org/tf/Errors%20explained
[smoother_server-10] [WARN] [1785623436.187825620] []: TF_OLD_DATA ignoring data from the past for frame base_link at time 2.376000 according to authority Authority undetectable
[smoother_server-10] Possible reasons are listed at http://wiki.ros.org/tf/Errors%20explained
[controller_server-9] [WARN] [1785623436.188407407] []: TF_OLD_DATA ignoring data from the past for frame base_link at time 19.296000 according to authority Authority undetectable
[controller_server-9] Possible reasons are listed at http://wiki.ros.org/tf/Errors%20explained
[planner_server-11] [WARN] [1785623436.188426650] []: TF_OLD_DATA ignoring data from the past for frame base_link at time 19.296000 according to authority Authority undetectable
[planner_server-11] Possible reasons are listed at http://wiki.ros.org/tf/Errors%20explained
[smoother_server-10] [WARN] [1785623436.188452519] []: TF_OLD_DATA ignoring data from the past for frame base_link at time 19.296000 according to authority Authority undetectable
[smoother_server-10] Possible reasons are listed at http://wiki.ros.org/tf/Errors%20explained
[bt_navigator-14] [WARN] [1785623436.188494483] []: TF_OLD_DATA ignoring data from the past for frame base_link at time 19.296000 according to authority Authority undetectable
[bt_navigator-14] Possible reasons are listed at http://wiki.ros.org/tf/Errors%20explained
[amcl-7] [WARN] [1785623436.188561483] []: TF_OLD_DATA ignoring data from the past for frame base_link at time 19.296000 according to authority Authority undetectable
[amcl-7] Possible reasons are listed at http://wiki.ros.org/tf/Errors%20explained
[collision_monitor-17] [WARN] [1785623436.188582617] []: TF_OLD_DATA ignoring data from the past for frame base_link at time 19.296000 according to authority Authority undetectable
[collision_monitor-17] Possible reasons are listed at http://wiki.ros.org/tf/Errors%20explained
[route_server-12] [WARN] [1785623436.188585562] []: TF_OLD_DATA ignoring data from the past for frame base_link at time 19.296000 according to authority Authority undetectable
[route_server-12] Possible reasons are listed at http://wiki.ros.org/tf/Errors%20explained
[behavior_server-13] [WARN] [1785623436.188659959] []: TF_OLD_DATA ignoring data from the past for frame base_link at time 19.296000 according to authority Authority undetectable
[behavior_server-13] Possible reasons are listed at http://wiki.ros.org/tf/Errors%20explained
[amcl-7] [WARN] [1785623436.224100914] []: TF_OLD_DATA ignoring data from the past for frame base_link at time 2.412000 according to authority Authority undetectable
[amcl-7] Possible reasons are listed at http://wiki.ros.org/tf/Errors%20explained
[collision_monitor-17] [WARN] [1785623436.224144279] []: TF_OLD_DATA ignoring data from the past for frame base_link at time 2.412000 according to authority Authority undetectable
[collision_monitor-17] Possible reasons are listed at http://wiki.ros.org/tf/Errors%20explained
[controller_server-9] [WARN] [1785623436.224141119] []: TF_OLD_DATA ignoring data from the past for frame base_link at time 2.412000 according to authority Authority undetectable
[controller_server-9] Possible reasons are listed at http://wiki.ros.org/tf/Errors%20explained
[route_server-12] [WARN] [1785623436.224290790] []: TF_OLD_DATA ignoring data from the past for frame base_link at time 2.412000 according to authority Authority undetectable
[route_server-12] Possible reasons are listed at http://wiki.ros.org/tf/Errors%20explained
[planner_server-11] [WARN] [1785623436.224358917] []: TF_OLD_DATA ignoring data from the past for frame base_link at time 2.412000 according to authority Authority undetectable
[planner_server-11] Possible reasons are listed at http://wiki.ros.org/tf/Errors%20explained
[smoother_server-10] [WARN] [1785623436.224380287] []: TF_OLD_DATA ignoring data from the past for frame base_link at time 2.412000 according to authority Authority undetectable
[smoother_server-10] Possible reasons are listed at http://wiki.ros.org/tf/Errors%20explained
[bt_navigator-14] [WARN] [1785623436.224430732] []: TF_OLD_DATA ignoring data from the past for frame base_link at time 2.412000 according to authority Authority undetectable
[bt_navigator-14] Possible reasons are listed at http://wiki.ros.org/tf/Errors%20explained
[behavior_server-13] [WARN] [1785623436.224486405] []: TF_OLD_DATA ignoring data from the past for frame base_link at time 2.412000 according to authority Authority undetectable
[behavior_server-13] Possible reasons are listed at http://wiki.ros.org/tf/Errors%20explained
[behavior_server-13] [WARN] [1785623436.225433605] []: TF_OLD_DATA ignoring data from the past for frame base_link at time 19.332000 according to authority Authority undetectable
[behavior_server-13] Possible reasons are listed at http://wiki.ros.org/tf/Errors%20explained
[controller_server-9] [WARN] [1785623436.225258108] []: TF_OLD_DATA ignoring data from the past for frame base_link at time 19.332000 according to authority Authority undetectable
[controller_server-9] Possible reasons are listed at http://wiki.ros.org/tf/Errors%20explained
[amcl-7] [WARN] [1785623436.225280091] []: TF_OLD_DATA ignoring data from the past for frame base_link at time 19.332000 according to authority Authority undetectable
[amcl-7] Possible reasons are listed at http://wiki.ros.org/tf/Errors%20explained
[planner_server-11] [WARN] [1785623436.225364843] []: TF_OLD_DATA ignoring data from the past for frame base_link at time 19.332000 according to authority Authority undetectable
[planner_server-11] Possible reasons are listed at http://wiki.ros.org/tf/Errors%20explained
[route_server-12] [WARN] [1785623436.225423147] []: TF_OLD_DATA ignoring data from the past for frame base_link at time 19.332000 according to authority Authority undetectable
[route_server-12] Possible reasons are listed at http://wiki.ros.org/tf/Errors%20explained
[smoother_server-10] [WARN] [1785623436.225441778] []: TF_OLD_DATA ignoring data from the past for frame base_link at time 19.332000 according to authority Authority undetectable
[smoother_server-10] Possible reasons are listed at http://wiki.ros.org/tf/Errors%20explained
[collision_monitor-17] [WARN] [1785623436.225471046] []: TF_OLD_DATA ignoring data from the past for frame base_link at time 19.332000 according to authority Authority undetectable
[collision_monitor-17] Possible reasons are listed at http://wiki.ros.org/tf/Errors%20explained
[bt_navigator-14] [WARN] [1785623436.225518296] []: TF_OLD_DATA ignoring data from the past for frame base_link at time 19.332000 according to authority Authority undetectable
[bt_navigator-14] Possible reasons are listed at http://wiki.ros.org/tf/Errors%20explained
[planner_server-11] [INFO] [1785623436.245651501] [global_costmap.global_costmap]: start
[controller_server-9] [WARN] [1785623436.259217775] []: TF_OLD_DATA ignoring data from the past for frame base_link at time 2.448000 according to authority Authority undetectable
[controller_server-9] Possible reasons are listed at http://wiki.ros.org/tf/Errors%20explained
[route_server-12] [WARN] [1785623436.259238244] []: TF_OLD_DATA ignoring data from the past for frame base_link at time 2.448000 according to authority Authority undetectable
[route_server-12] Possible reasons are listed at http://wiki.ros.org/tf/Errors%20explained
[collision_monitor-17] [WARN] [1785623436.259250097] []: TF_OLD_DATA ignoring data from the past for frame base_link at time 2.448000 according to authority Authority undetectable
[collision_monitor-17] Possible reasons are listed at http://wiki.ros.org/tf/Errors%20explained
[planner_server-11] [WARN] [1785623436.259372579] []: TF_OLD_DATA ignoring data from the past for frame base_link at time 2.448000 according to authority Authority undetectable
[planner_server-11] Possible reasons are listed at http://wiki.ros.org/tf/Errors%20explained
[amcl-7] [WARN] [1785623436.259424137] []: TF_OLD_DATA ignoring data from the past for frame base_link at time 2.448000 according to authority Authority undetectable
[amcl-7] Possible reasons are listed at http://wiki.ros.org/tf/Errors%20explained
[behavior_server-13] [WARN] [1785623436.259431539] []: TF_OLD_DATA ignoring data from the past for frame base_link at time 2.448000 according to authority Authority undetectable
[behavior_server-13] Possible reasons are listed at http://wiki.ros.org/tf/Errors%20explained
[bt_navigator-14] [WARN] [1785623436.259442618] []: TF_OLD_DATA ignoring data from the past for frame base_link at time 2.448000 according to authority Authority undetectable
[bt_navigator-14] Possible reasons are listed at http://wiki.ros.org/tf/Errors%20explained
[smoother_server-10] [WARN] [1785623436.259844594] []: TF_OLD_DATA ignoring data from the past for frame base_link at time 2.448000 according to authority Authority undetectable
[smoother_server-10] Possible reasons are listed at http://wiki.ros.org/tf/Errors%20explained
[smoother_server-10] [WARN] [1785623436.260460514] []: TF_OLD_DATA ignoring data from the past for frame base_link at time 19.368000 according to authority Authority undetectable
[smoother_server-10] Possible reasons are listed at http://wiki.ros.org/tf/Errors%20explained
[bt_navigator-14] [WARN] [1785623436.260393134] []: TF_OLD_DATA ignoring data from the past for frame base_link at time 19.368000 according to authority Authority undetectable
[bt_navigator-14] Possible reasons are listed at http://wiki.ros.org/tf/Errors%20explained
[amcl-7] [WARN] [1785623436.260413704] []: TF_OLD_DATA ignoring data from the past for frame base_link at time 19.368000 according to authority Authority undetectable
[amcl-7] Possible reasons are listed at http://wiki.ros.org/tf/Errors%20explained
[route_server-12] [WARN] [1785623436.260463041] []: TF_OLD_DATA ignoring data from the past for frame base_link at time 19.368000 according to authority Authority undetectable
[route_server-12] Possible reasons are listed at http://wiki.ros.org/tf/Errors%20explained
[controller_server-9] [WARN] [1785623436.260480114] []: TF_OLD_DATA ignoring data from the past for frame base_link at time 19.368000 according to authority Authority undetectable
[controller_server-9] Possible reasons are listed at http://wiki.ros.org/tf/Errors%20explained
[planner_server-11] [WARN] [1785623436.260539222] []: TF_OLD_DATA ignoring data from the past for frame base_link at time 19.368000 according to authority Authority undetectable
[planner_server-11] Possible reasons are listed at http://wiki.ros.org/tf/Errors%20explained
[behavior_server-13] [WARN] [1785623436.260624222] []: TF_OLD_DATA ignoring data from the past for frame base_link at time 19.368000 according to authority Authority undetectable
[behavior_server-13] Possible reasons are listed at http://wiki.ros.org/tf/Errors%20explained
[collision_monitor-17] [WARN] [1785623436.260637769] []: TF_OLD_DATA ignoring data from the past for frame base_link at time 19.368000 according to authority Authority undetectable
[collision_monitor-17] Possible reasons are listed at http://wiki.ros.org/tf/Errors%20explained
[planner_server-11] [INFO] [1785623436.296040197] [planner_server]: Activating plugin Smac2D of type SmacPlanner2D
[planner_server-11] [INFO] [1785623436.296103693] [planner_server]: Activating plugin ThetaStar of type nav2_theta_star_planner
[planner_server-11] [INFO] [1785623436.296119583] [planner_server]: Activating plugin SmacHybrid of type SmacPlannerHybrid
[planner_server-11] [WARN] [1785623436.296125423] []: TF_OLD_DATA ignoring data from the past for frame base_link at time 2.484000 according to authority Authority undetectable
[planner_server-11] Possible reasons are listed at http://wiki.ros.org/tf/Errors%20explained
[controller_server-9] [WARN] [1785623436.296068986] []: TF_OLD_DATA ignoring data from the past for frame base_link at time 2.484000 according to authority Authority undetectable
[controller_server-9] Possible reasons are listed at http://wiki.ros.org/tf/Errors%20explained
[smoother_server-10] [WARN] [1785623436.296105509] []: TF_OLD_DATA ignoring data from the past for frame base_link at time 2.484000 according to authority Authority undetectable
[smoother_server-10] Possible reasons are listed at http://wiki.ros.org/tf/Errors%20explained
[route_server-12] [WARN] [1785623436.296103838] []: TF_OLD_DATA ignoring data from the past for frame base_link at time 2.484000 according to authority Authority undetectable
[route_server-12] Possible reasons are listed at http://wiki.ros.org/tf/Errors%20explained
[behavior_server-13] [WARN] [1785623436.296231434] []: TF_OLD_DATA ignoring data from the past for frame base_link at time 2.484000 according to authority Authority undetectable
[behavior_server-13] Possible reasons are listed at http://wiki.ros.org/tf/Errors%20explained
[behavior_server-13] [WARN] [1785623436.296533691] []: TF_OLD_DATA ignoring data from the past for frame base_link at time 19.404000 according to authority Authority undetectable
[behavior_server-13] Possible reasons are listed at http://wiki.ros.org/tf/Errors%20explained
[collision_monitor-17] [WARN] [1785623436.296276370] []: TF_OLD_DATA ignoring data from the past for frame base_link at time 2.484000 according to authority Authority undetectable
[collision_monitor-17] Possible reasons are listed at http://wiki.ros.org/tf/Errors%20explained
[collision_monitor-17] [WARN] [1785623436.296649384] []: TF_OLD_DATA ignoring data from the past for frame base_link at time 19.404000 according to authority Authority undetectable
[collision_monitor-17] Possible reasons are listed at http://wiki.ros.org/tf/Errors%20explained
[bt_navigator-14] [WARN] [1785623436.296454290] []: TF_OLD_DATA ignoring data from the past for frame base_link at time 2.484000 according to authority Authority undetectable
[bt_navigator-14] Possible reasons are listed at http://wiki.ros.org/tf/Errors%20explained
[bt_navigator-14] [WARN] [1785623436.296519371] []: TF_OLD_DATA ignoring data from the past for frame base_link at time 19.404000 according to authority Authority undetectable
[bt_navigator-14] Possible reasons are listed at http://wiki.ros.org/tf/Errors%20explained
[planner_server-11] [WARN] [1785623436.296529593] []: TF_OLD_DATA ignoring data from the past for frame base_link at time 19.404000 according to authority Authority undetectable
[planner_server-11] Possible reasons are listed at http://wiki.ros.org/tf/Errors%20explained
[controller_server-9] [WARN] [1785623436.296543327] []: TF_OLD_DATA ignoring data from the past for frame base_link at time 19.404000 according to authority Authority undetectable
[controller_server-9] Possible reasons are listed at http://wiki.ros.org/tf/Errors%20explained
[smoother_server-10] [WARN] [1785623436.296546094] []: TF_OLD_DATA ignoring data from the past for frame base_link at time 19.404000 according to authority Authority undetectable
[smoother_server-10] Possible reasons are listed at http://wiki.ros.org/tf/Errors%20explained
[route_server-12] [WARN] [1785623436.296658288] []: TF_OLD_DATA ignoring data from the past for frame base_link at time 19.404000 according to authority Authority undetectable
[route_server-12] Possible reasons are listed at http://wiki.ros.org/tf/Errors%20explained
[amcl-7] [WARN] [1785623436.298779760] []: TF_OLD_DATA ignoring data from the past for frame base_link at time 2.484000 according to authority Authority undetectable
[amcl-7] Possible reasons are listed at http://wiki.ros.org/tf/Errors%20explained
[amcl-7] [WARN] [1785623436.298859883] []: TF_OLD_DATA ignoring data from the past for frame base_link at time 19.404000 according to authority Authority undetectable
[amcl-7] Possible reasons are listed at http://wiki.ros.org/tf/Errors%20explained
[planner_server-11] [INFO] [1785623436.302636570] [planner_server]: Activating plugin NavFnDijkstra of type NavfnPlanner
[planner_server-11] [INFO] [1785623436.302723367] [planner_server]: Activating plugin NavFnAStar of type NavfnPlanner
[planner_server-11] [INFO] [1785623436.306392006] [planner_server]: Creating bond (planner_server) to lifecycle manager.
[amcl-7] [WARN] [1785623436.331102992] []: TF_OLD_DATA ignoring data from the past for frame base_link at time 2.520000 according to authority Authority undetectable
[amcl-7] Possible reasons are listed at http://wiki.ros.org/tf/Errors%20explained
[planner_server-11] [WARN] [1785623436.331144425] []: TF_OLD_DATA ignoring data from the past for frame base_link at time 2.520000 according to authority Authority undetectable
[planner_server-11] Possible reasons are listed at http://wiki.ros.org/tf/Errors%20explained
[behavior_server-13] [WARN] [1785623436.331166316] []: TF_OLD_DATA ignoring data from the past for frame base_link at time 2.520000 according to authority Authority undetectable
[behavior_server-13] Possible reasons are listed at http://wiki.ros.org/tf/Errors%20explained
[collision_monitor-17] [WARN] [1785623436.331217147] []: TF_OLD_DATA ignoring data from the past for frame base_link at time 2.520000 according to authority Authority undetectable
[collision_monitor-17] Possible reasons are listed at http://wiki.ros.org/tf/Errors%20explained
[smoother_server-10] [WARN] [1785623436.331215809] []: TF_OLD_DATA ignoring data from the past for frame base_link at time 2.520000 according to authority Authority undetectable
[smoother_server-10] Possible reasons are listed at http://wiki.ros.org/tf/Errors%20explained
[bt_navigator-14] [WARN] [1785623436.331239636] []: TF_OLD_DATA ignoring data from the past for frame base_link at time 2.520000 according to authority Authority undetectable
[bt_navigator-14] Possible reasons are listed at http://wiki.ros.org/tf/Errors%20explained
[controller_server-9] [WARN] [1785623436.331237432] []: TF_OLD_DATA ignoring data from the past for frame base_link at time 2.520000 according to authority Authority undetectable
[controller_server-9] Possible reasons are listed at http://wiki.ros.org/tf/Errors%20explained
[route_server-12] [WARN] [1785623436.331289807] []: TF_OLD_DATA ignoring data from the past for frame base_link at time 2.520000 according to authority Authority undetectable
[route_server-12] Possible reasons are listed at http://wiki.ros.org/tf/Errors%20explained
[planner_server-11] [WARN] [1785623436.332031902] []: TF_OLD_DATA ignoring data from the past for frame base_link at time 19.440000 according to authority Authority undetectable
[planner_server-11] Possible reasons are listed at http://wiki.ros.org/tf/Errors%20explained
[controller_server-9] [WARN] [1785623436.332037662] []: TF_OLD_DATA ignoring data from the past for frame base_link at time 19.440000 according to authority Authority undetectable
[controller_server-9] Possible reasons are listed at http://wiki.ros.org/tf/Errors%20explained
[amcl-7] [WARN] [1785623436.332038402] []: TF_OLD_DATA ignoring data from the past for frame base_link at time 19.440000 according to authority Authority undetectable
[amcl-7] Possible reasons are listed at http://wiki.ros.org/tf/Errors%20explained
[route_server-12] [WARN] [1785623436.332056707] []: TF_OLD_DATA ignoring data from the past for frame base_link at time 19.440000 according to authority Authority undetectable
[route_server-12] Possible reasons are listed at http://wiki.ros.org/tf/Errors%20explained
[behavior_server-13] [WARN] [1785623436.332095800] []: TF_OLD_DATA ignoring data from the past for frame base_link at time 19.440000 according to authority Authority undetectable
[behavior_server-13] Possible reasons are listed at http://wiki.ros.org/tf/Errors%20explained
[collision_monitor-17] [WARN] [1785623436.332108420] []: TF_OLD_DATA ignoring data from the past for frame base_link at time 19.440000 according to authority Authority undetectable
[collision_monitor-17] Possible reasons are listed at http://wiki.ros.org/tf/Errors%20explained
[bt_navigator-14] [WARN] [1785623436.332140579] []: TF_OLD_DATA ignoring data from the past for frame base_link at time 19.440000 according to authority Authority undetectable
[bt_navigator-14] Possible reasons are listed at http://wiki.ros.org/tf/Errors%20explained
[smoother_server-10] [WARN] [1785623436.332149332] []: TF_OLD_DATA ignoring data from the past for frame base_link at time 19.440000 according to authority Authority undetectable
[smoother_server-10] Possible reasons are listed at http://wiki.ros.org/tf/Errors%20explained
[batch_benchmark-5] [INFO] [1785623436.349819431] [planner_geometry_benchmark]: [1/5] NavFnAStar / office_long_diagonal / repetition 1
[bt_navigator-14] [WARN] [1785623436.366917350] []: TF_OLD_DATA ignoring data from the past for frame base_link at time 2.556000 according to authority Authority undetectable
[bt_navigator-14] Possible reasons are listed at http://wiki.ros.org/tf/Errors%20explained
[amcl-7] [WARN] [1785623436.366923192] []: TF_OLD_DATA ignoring data from the past for frame base_link at time 2.556000 according to authority Authority undetectable
[amcl-7] Possible reasons are listed at http://wiki.ros.org/tf/Errors%20explained
[controller_server-9] [WARN] [1785623436.366922747] []: TF_OLD_DATA ignoring data from the past for frame base_link at time 2.556000 according to authority Authority undetectable
[controller_server-9] Possible reasons are listed at http://wiki.ros.org/tf/Errors%20explained
[planner_server-11] [WARN] [1785623436.366926414] []: TF_OLD_DATA ignoring data from the past for frame base_link at time 2.556000 according to authority Authority undetectable
[planner_server-11] Possible reasons are listed at http://wiki.ros.org/tf/Errors%20explained
[behavior_server-13] [WARN] [1785623436.366943609] []: TF_OLD_DATA ignoring data from the past for frame base_link at time 2.556000 according to authority Authority undetectable
[behavior_server-13] Possible reasons are listed at http://wiki.ros.org/tf/Errors%20explained
[route_server-12] [WARN] [1785623436.366969433] []: TF_OLD_DATA ignoring data from the past for frame base_link at time 2.556000 according to authority Authority undetectable
[route_server-12] Possible reasons are listed at http://wiki.ros.org/tf/Errors%20explained
[smoother_server-10] [WARN] [1785623436.366990646] []: TF_OLD_DATA ignoring data from the past for frame base_link at time 2.556000 according to authority Authority undetectable
[smoother_server-10] Possible reasons are listed at http://wiki.ros.org/tf/Errors%20explained
[collision_monitor-17] [WARN] [1785623436.367005106] []: TF_OLD_DATA ignoring data from the past for frame base_link at time 2.556000 according to authority Authority undetectable
[collision_monitor-17] Possible reasons are listed at http://wiki.ros.org/tf/Errors%20explained
[route_server-12] [WARN] [1785623436.367708701] []: TF_OLD_DATA ignoring data from the past for frame base_link at time 19.476000 according to authority Authority undetectable
[route_server-12] Possible reasons are listed at http://wiki.ros.org/tf/Errors%20explained
[smoother_server-10] [WARN] [1785623436.367706325] []: TF_OLD_DATA ignoring data from the past for frame base_link at time 19.476000 according to authority Authority undetectable
[smoother_server-10] Possible reasons are listed at http://wiki.ros.org/tf/Errors%20explained
[behavior_server-13] [WARN] [1785623436.367713865] []: TF_OLD_DATA ignoring data from the past for frame base_link at time 19.476000 according to authority Authority undetectable
[behavior_server-13] Possible reasons are listed at http://wiki.ros.org/tf/Errors%20explained
[controller_server-9] [WARN] [1785623436.367717265] []: TF_OLD_DATA ignoring data from the past for frame base_link at time 19.476000 according to authority Authority undetectable
[controller_server-9] Possible reasons are listed at http://wiki.ros.org/tf/Errors%20explained
[bt_navigator-14] [WARN] [1785623436.367726594] []: TF_OLD_DATA ignoring data from the past for frame base_link at time 19.476000 according to authority Authority undetectable
[bt_navigator-14] Possible reasons are listed at http://wiki.ros.org/tf/Errors%20explained
[amcl-7] [WARN] [1785623436.367735577] []: TF_OLD_DATA ignoring data from the past for frame base_link at time 19.476000 according to authority Authority undetectable
[amcl-7] Possible reasons are listed at http://wiki.ros.org/tf/Errors%20explained
[planner_server-11] [WARN] [1785623436.367753556] []: TF_OLD_DATA ignoring data from the past for frame base_link at time 19.476000 according to authority Authority undetectable
[planner_server-11] Possible reasons are listed at http://wiki.ros.org/tf/Errors%20explained
[collision_monitor-17] [WARN] [1785623436.367812721] []: TF_OLD_DATA ignoring data from the past for frame base_link at time 19.476000 according to authority Authority undetectable
[collision_monitor-17] Possible reasons are listed at http://wiki.ros.org/tf/Errors%20explained
[collision_monitor-17] [WARN] [1785623436.402825770] []: TF_OLD_DATA ignoring data from the past for frame base_link at time 2.592000 according to authority Authority undetectable
[collision_monitor-17] Possible reasons are listed at http://wiki.ros.org/tf/Errors%20explained
[amcl-7] [WARN] [1785623436.402825785] []: TF_OLD_DATA ignoring data from the past for frame base_link at time 2.592000 according to authority Authority undetectable
[amcl-7] Possible reasons are listed at http://wiki.ros.org/tf/Errors%20explained
[smoother_server-10] [WARN] [1785623436.402829040] []: TF_OLD_DATA ignoring data from the past for frame base_link at time 2.592000 according to authority Authority undetectable
[smoother_server-10] Possible reasons are listed at http://wiki.ros.org/tf/Errors%20explained
[controller_server-9] [WARN] [1785623436.402825818] []: TF_OLD_DATA ignoring data from the past for frame base_link at time 2.592000 according to authority Authority undetectable
[controller_server-9] Possible reasons are listed at http://wiki.ros.org/tf/Errors%20explained
[behavior_server-13] [WARN] [1785623436.402831482] []: TF_OLD_DATA ignoring data from the past for frame base_link at time 2.592000 according to authority Authority undetectable
[behavior_server-13] Possible reasons are listed at http://wiki.ros.org/tf/Errors%20explained
[planner_server-11] [WARN] [1785623436.402837162] []: TF_OLD_DATA ignoring data from the past for frame base_link at time 2.592000 according to authority Authority undetectable
[planner_server-11] Possible reasons are listed at http://wiki.ros.org/tf/Errors%20explained
[route_server-12] [WARN] [1785623436.402835609] []: TF_OLD_DATA ignoring data from the past for frame base_link at time 2.592000 according to authority Authority undetectable
[route_server-12] Possible reasons are listed at http://wiki.ros.org/tf/Errors%20explained
[bt_navigator-14] [WARN] [1785623436.402852539] []: TF_OLD_DATA ignoring data from the past for frame base_link at time 2.592000 according to authority Authority undetectable
[bt_navigator-14] Possible reasons are listed at http://wiki.ros.org/tf/Errors%20explained
[planner_server-11] [WARN] [1785623436.403683541] []: TF_OLD_DATA ignoring data from the past for frame base_link at time 19.512000 according to authority Authority undetectable
[planner_server-11] Possible reasons are listed at http://wiki.ros.org/tf/Errors%20explained
[amcl-7] [WARN] [1785623436.403682075] []: TF_OLD_DATA ignoring data from the past for frame base_link at time 19.512000 according to authority Authority undetectable
[amcl-7] Possible reasons are listed at http://wiki.ros.org/tf/Errors%20explained
[bt_navigator-14] [WARN] [1785623436.403701636] []: TF_OLD_DATA ignoring data from the past for frame base_link at time 19.512000 according to authority Authority undetectable
[bt_navigator-14] Possible reasons are listed at http://wiki.ros.org/tf/Errors%20explained
[collision_monitor-17] [WARN] [1785623436.403729503] []: TF_OLD_DATA ignoring data from the past for frame base_link at time 19.512000 according to authority Authority undetectable
[collision_monitor-17] Possible reasons are listed at http://wiki.ros.org/tf/Errors%20explained
[smoother_server-10] [WARN] [1785623436.403732724] []: TF_OLD_DATA ignoring data from the past for frame base_link at time 19.512000 according to authority Authority undetectable
[smoother_server-10] Possible reasons are listed at http://wiki.ros.org/tf/Errors%20explained
[behavior_server-13] [WARN] [1785623436.403822250] []: TF_OLD_DATA ignoring data from the past for frame base_link at time 19.512000 according to authority Authority undetectable
[behavior_server-13] Possible reasons are listed at http://wiki.ros.org/tf/Errors%20explained
[controller_server-9] [WARN] [1785623436.403826841] []: TF_OLD_DATA ignoring data from the past for frame base_link at time 19.512000 according to authority Authority undetectable
[controller_server-9] Possible reasons are listed at http://wiki.ros.org/tf/Errors%20explained
[route_server-12] [WARN] [1785623436.403862755] []: TF_OLD_DATA ignoring data from the past for frame base_link at time 19.512000 according to authority Authority undetectable
[route_server-12] Possible reasons are listed at http://wiki.ros.org/tf/Errors%20explained
[lifecycle_manager-19] [INFO] [1785623436.419800787] [lifecycle_manager_navigation]: Server planner_server connected with bond.
[lifecycle_manager-19] [INFO] [1785623436.419840439] [lifecycle_manager_navigation]: [34m[1mActivating route_server[0m[0m
[route_server-12] [INFO] [1785623436.420170220] [route_server]: Activating
[route_server-12] [INFO] [1785623436.420339061] [route_server]: Creating bond (route_server) to lifecycle manager.
[planner_server-11] [WARN] [1785623436.438984620] []: TF_OLD_DATA ignoring data from the past for frame base_link at time 2.628000 according to authority Authority undetectable
[planner_server-11] Possible reasons are listed at http://wiki.ros.org/tf/Errors%20explained
[bt_navigator-14] [WARN] [1785623436.439013856] []: TF_OLD_DATA ignoring data from the past for frame base_link at time 2.628000 according to authority Authority undetectable
[bt_navigator-14] Possible reasons are listed at http://wiki.ros.org/tf/Errors%20explained
[controller_server-9] [WARN] [1785623436.439013457] []: TF_OLD_DATA ignoring data from the past for frame base_link at time 2.628000 according to authority Authority undetectable
[controller_server-9] Possible reasons are listed at http://wiki.ros.org/tf/Errors%20explained
[behavior_server-13] [WARN] [1785623436.439080684] []: TF_OLD_DATA ignoring data from the past for frame base_link at time 2.628000 according to authority Authority undetectable
[behavior_server-13] Possible reasons are listed at http://wiki.ros.org/tf/Errors%20explained
[route_server-12] [WARN] [1785623436.439105434] []: TF_OLD_DATA ignoring data from the past for frame base_link at time 2.628000 according to authority Authority undetectable
[route_server-12] Possible reasons are listed at http://wiki.ros.org/tf/Errors%20explained
[collision_monitor-17] [WARN] [1785623436.439238885] []: TF_OLD_DATA ignoring data from the past for frame base_link at time 2.628000 according to authority Authority undetectable
[collision_monitor-17] Possible reasons are listed at http://wiki.ros.org/tf/Errors%20explained
[amcl-7] [WARN] [1785623436.439297614] []: TF_OLD_DATA ignoring data from the past for frame base_link at time 2.628000 according to authority Authority undetectable
[amcl-7] Possible reasons are listed at http://wiki.ros.org/tf/Errors%20explained
[smoother_server-10] [WARN] [1785623436.439618942] []: TF_OLD_DATA ignoring data from the past for frame base_link at time 2.628000 according to authority Authority undetectable
[smoother_server-10] Possible reasons are listed at http://wiki.ros.org/tf/Errors%20explained
[smoother_server-10] [WARN] [1785623436.439869362] []: TF_OLD_DATA ignoring data from the past for frame base_link at time 19.548000 according to authority Authority undetectable
[smoother_server-10] Possible reasons are listed at http://wiki.ros.org/tf/Errors%20explained
[amcl-7] [WARN] [1785623436.439836451] []: TF_OLD_DATA ignoring data from the past for frame base_link at time 19.548000 according to authority Authority undetectable
[amcl-7] Possible reasons are listed at http://wiki.ros.org/tf/Errors%20explained
[controller_server-9] [WARN] [1785623436.439833981] []: TF_OLD_DATA ignoring data from the past for frame base_link at time 19.548000 according to authority Authority undetectable
[controller_server-9] Possible reasons are listed at http://wiki.ros.org/tf/Errors%20explained
[planner_server-11] [WARN] [1785623436.439857944] []: TF_OLD_DATA ignoring data from the past for frame base_link at time 19.548000 according to authority Authority undetectable
[planner_server-11] Possible reasons are listed at http://wiki.ros.org/tf/Errors%20explained
[route_server-12] [WARN] [1785623436.439888634] []: TF_OLD_DATA ignoring data from the past for frame base_link at time 19.548000 according to authority Authority undetectable
[route_server-12] Possible reasons are listed at http://wiki.ros.org/tf/Errors%20explained
[collision_monitor-17] [WARN] [1785623436.439926514] []: TF_OLD_DATA ignoring data from the past for frame base_link at time 19.548000 according to authority Authority undetectable
[collision_monitor-17] Possible reasons are listed at http://wiki.ros.org/tf/Errors%20explained
[bt_navigator-14] [WARN] [1785623436.439942735] []: TF_OLD_DATA ignoring data from the past for frame base_link at time 19.548000 according to authority Authority undetectable
[bt_navigator-14] Possible reasons are listed at http://wiki.ros.org/tf/Errors%20explained
[behavior_server-13] [WARN] [1785623436.440047517] []: TF_OLD_DATA ignoring data from the past for frame base_link at time 19.548000 according to authority Authority undetectable
[behavior_server-13] Possible reasons are listed at http://wiki.ros.org/tf/Errors%20explained
[amcl-7] [WARN] [1785623436.475156884] []: TF_OLD_DATA ignoring data from the past for frame base_link at time 2.664000 according to authority Authority undetectable
[amcl-7] Possible reasons are listed at http://wiki.ros.org/tf/Errors%20explained
[controller_server-9] [WARN] [1785623436.475150931] []: TF_OLD_DATA ignoring data from the past for frame base_link at time 2.664000 according to authority Authority undetectable
[controller_server-9] Possible reasons are listed at http://wiki.ros.org/tf/Errors%20explained
[planner_server-11] [WARN] [1785623436.475165960] []: TF_OLD_DATA ignoring data from the past for frame base_link at time 2.664000 according to authority Authority undetectable
[planner_server-11] Possible reasons are listed at http://wiki.ros.org/tf/Errors%20explained
[route_server-12] [WARN] [1785623436.475175443] []: TF_OLD_DATA ignoring data from the past for frame base_link at time 2.664000 according to authority Authority undetectable
[route_server-12] Possible reasons are listed at http://wiki.ros.org/tf/Errors%20explained
[behavior_server-13] [WARN] [1785623436.475182071] []: TF_OLD_DATA ignoring data from the past for frame base_link at time 2.664000 according to authority Authority undetectable
[behavior_server-13] Possible reasons are listed at http://wiki.ros.org/tf/Errors%20explained
[collision_monitor-17] [WARN] [1785623436.475194258] []: TF_OLD_DATA ignoring data from the past for frame base_link at time 2.664000 according to authority Authority undetectable
[collision_monitor-17] Possible reasons are listed at http://wiki.ros.org/tf/Errors%20explained
[smoother_server-10] [WARN] [1785623436.475246629] []: TF_OLD_DATA ignoring data from the past for frame base_link at time 2.664000 according to authority Authority undetectable
[smoother_server-10] Possible reasons are listed at http://wiki.ros.org/tf/Errors%20explained
[bt_navigator-14] [WARN] [1785623436.475296181] []: TF_OLD_DATA ignoring data from the past for frame base_link at time 2.664000 according to authority Authority undetectable
[bt_navigator-14] Possible reasons are listed at http://wiki.ros.org/tf/Errors%20explained
[smoother_server-10] [WARN] [1785623436.475882827] []: TF_OLD_DATA ignoring data from the past for frame base_link at time 19.584000 according to authority Authority undetectable
[smoother_server-10] Possible reasons are listed at http://wiki.ros.org/tf/Errors%20explained
[controller_server-9] [WARN] [1785623436.475880879] []: TF_OLD_DATA ignoring data from the past for frame base_link at time 19.584000 according to authority Authority undetectable
[controller_server-9] Possible reasons are listed at http://wiki.ros.org/tf/Errors%20explained
[behavior_server-13] [WARN] [1785623436.475880860] []: TF_OLD_DATA ignoring data from the past for frame base_link at time 19.584000 according to authority Authority undetectable
[behavior_server-13] Possible reasons are listed at http://wiki.ros.org/tf/Errors%20explained
[bt_navigator-14] [WARN] [1785623436.475884372] []: TF_OLD_DATA ignoring data from the past for frame base_link at time 19.584000 according to authority Authority undetectable
[bt_navigator-14] Possible reasons are listed at http://wiki.ros.org/tf/Errors%20explained
[amcl-7] [WARN] [1785623436.475898177] []: TF_OLD_DATA ignoring data from the past for frame base_link at time 19.584000 according to authority Authority undetectable
[amcl-7] Possible reasons are listed at http://wiki.ros.org/tf/Errors%20explained
[collision_monitor-17] [WARN] [1785623436.475933187] []: TF_OLD_DATA ignoring data from the past for frame base_link at time 19.584000 according to authority Authority undetectable
[collision_monitor-17] Possible reasons are listed at http://wiki.ros.org/tf/Errors%20explained
[planner_server-11] [WARN] [1785623436.475937793] []: TF_OLD_DATA ignoring data from the past for frame base_link at time 19.584000 according to authority Authority undetectable
[planner_server-11] Possible reasons are listed at http://wiki.ros.org/tf/Errors%20explained
[route_server-12] [WARN] [1785623436.475990309] []: TF_OLD_DATA ignoring data from the past for frame base_link at time 19.584000 according to authority Authority undetectable
[route_server-12] Possible reasons are listed at http://wiki.ros.org/tf/Errors%20explained
[route_server-12] [WARN] [1785623436.510853438] []: TF_OLD_DATA ignoring data from the past for frame base_link at time 2.700000 according to authority Authority undetectable
[route_server-12] Possible reasons are listed at http://wiki.ros.org/tf/Errors%20explained
[behavior_server-13] [WARN] [1785623436.510849348] []: TF_OLD_DATA ignoring data from the past for frame base_link at time 2.700000 according to authority Authority undetectable
[behavior_server-13] Possible reasons are listed at http://wiki.ros.org/tf/Errors%20explained
[bt_navigator-14] [WARN] [1785623436.510856506] []: TF_OLD_DATA ignoring data from the past for frame base_link at time 2.700000 according to authority Authority undetectable
[bt_navigator-14] Possible reasons are listed at http://wiki.ros.org/tf/Errors%20explained
[smoother_server-10] [WARN] [1785623436.510862933] []: TF_OLD_DATA ignoring data from the past for frame base_link at time 2.700000 according to authority Authority undetectable
[smoother_server-10] Possible reasons are listed at http://wiki.ros.org/tf/Errors%20explained
[planner_server-11] [WARN] [1785623436.510865525] []: TF_OLD_DATA ignoring data from the past for frame base_link at time 2.700000 according to authority Authority undetectable
[planner_server-11] Possible reasons are listed at http://wiki.ros.org/tf/Errors%20explained
[controller_server-9] [WARN] [1785623436.510821198] []: TF_OLD_DATA ignoring data from the past for frame base_link at time 2.700000 according to authority Authority undetectable
[controller_server-9] Possible reasons are listed at http://wiki.ros.org/tf/Errors%20explained
[collision_monitor-17] [WARN] [1785623436.510926520] []: TF_OLD_DATA ignoring data from the past for frame base_link at time 2.700000 according to authority Authority undetectable
[collision_monitor-17] Possible reasons are listed at http://wiki.ros.org/tf/Errors%20explained
[amcl-7] [WARN] [1785623436.510952728] []: TF_OLD_DATA ignoring data from the past for frame base_link at time 2.700000 according to authority Authority undetectable
[amcl-7] Possible reasons are listed at http://wiki.ros.org/tf/Errors%20explained
[controller_server-9] [WARN] [1785623436.511513219] []: TF_OLD_DATA ignoring data from the past for frame base_link at time 19.620000 according to authority Authority undetectable
[controller_server-9] Possible reasons are listed at http://wiki.ros.org/tf/Errors%20explained
[collision_monitor-17] [WARN] [1785623436.511524769] []: TF_OLD_DATA ignoring data from the past for frame base_link at time 19.620000 according to authority Authority undetectable
[collision_monitor-17] Possible reasons are listed at http://wiki.ros.org/tf/Errors%20explained
[bt_navigator-14] [WARN] [1785623436.511532490] []: TF_OLD_DATA ignoring data from the past for frame base_link at time 19.620000 according to authority Authority undetectable
[bt_navigator-14] Possible reasons are listed at http://wiki.ros.org/tf/Errors%20explained
[smoother_server-10] [WARN] [1785623436.511504974] []: TF_OLD_DATA ignoring data from the past for frame base_link at time 19.620000 according to authority Authority undetectable
[smoother_server-10] Possible reasons are listed at http://wiki.ros.org/tf/Errors%20explained
[amcl-7] [WARN] [1785623436.511557630] []: TF_OLD_DATA ignoring data from the past for frame base_link at time 19.620000 according to authority Authority undetectable
[amcl-7] Possible reasons are listed at http://wiki.ros.org/tf/Errors%20explained
[planner_server-11] [WARN] [1785623436.511561791] []: TF_OLD_DATA ignoring data from the past for frame base_link at time 19.620000 according to authority Authority undetectable
[planner_server-11] Possible reasons are listed at http://wiki.ros.org/tf/Errors%20explained
[behavior_server-13] [WARN] [1785623436.511572484] []: TF_OLD_DATA ignoring data from the past for frame base_link at time 19.620000 according to authority Authority undetectable
[behavior_server-13] Possible reasons are listed at http://wiki.ros.org/tf/Errors%20explained
[route_server-12] [WARN] [1785623436.511578200] []: TF_OLD_DATA ignoring data from the past for frame base_link at time 19.620000 according to authority Authority undetectable
[route_server-12] Possible reasons are listed at http://wiki.ros.org/tf/Errors%20explained
[lifecycle_manager-19] [INFO] [1785623436.525426738] [lifecycle_manager_navigation]: Server route_server connected with bond.
[lifecycle_manager-19] [INFO] [1785623436.525468758] [lifecycle_manager_navigation]: [34m[1mActivating behavior_server[0m[0m
[behavior_server-13] [INFO] [1785623436.525832675] [behavior_server]: Activating
[behavior_server-13] [INFO] [1785623436.525854813] [behavior_server]: Activating spin
[behavior_server-13] [INFO] [1785623436.525862544] [behavior_server]: Activating backup
[behavior_server-13] [INFO] [1785623436.525867966] [behavior_server]: Activating drive_on_heading
[behavior_server-13] [INFO] [1785623436.525873563] [behavior_server]: Activating assisted_teleop
[behavior_server-13] [INFO] [1785623436.525878973] [behavior_server]: Activating wait
[behavior_server-13] [INFO] [1785623436.525911932] [behavior_server]: Creating bond (behavior_server) to lifecycle manager.
[controller_server-9] [WARN] [1785623436.547018891] []: TF_OLD_DATA ignoring data from the past for frame base_link at time 2.736000 according to authority Authority undetectable
[controller_server-9] Possible reasons are listed at http://wiki.ros.org/tf/Errors%20explained
[amcl-7] [WARN] [1785623436.547025563] []: TF_OLD_DATA ignoring data from the past for frame base_link at time 2.736000 according to authority Authority undetectable
[amcl-7] Possible reasons are listed at http://wiki.ros.org/tf/Errors%20explained
[smoother_server-10] [WARN] [1785623436.547042154] []: TF_OLD_DATA ignoring data from the past for frame base_link at time 2.736000 according to authority Authority undetectable
[smoother_server-10] Possible reasons are listed at http://wiki.ros.org/tf/Errors%20explained
[route_server-12] [WARN] [1785623436.547047590] []: TF_OLD_DATA ignoring data from the past for frame base_link at time 2.736000 according to authority Authority undetectable
[route_server-12] Possible reasons are listed at http://wiki.ros.org/tf/Errors%20explained
[bt_navigator-14] [WARN] [1785623436.547056321] []: TF_OLD_DATA ignoring data from the past for frame base_link at time 2.736000 according to authority Authority undetectable
[bt_navigator-14] Possible reasons are listed at http://wiki.ros.org/tf/Errors%20explained
[planner_server-11] [WARN] [1785623436.547094845] []: TF_OLD_DATA ignoring data from the past for frame base_link at time 2.736000 according to authority Authority undetectable
[planner_server-11] Possible reasons are listed at http://wiki.ros.org/tf/Errors%20explained
[collision_monitor-17] [WARN] [1785623436.547109370] []: TF_OLD_DATA ignoring data from the past for frame base_link at time 2.736000 according to authority Authority undetectable
[collision_monitor-17] Possible reasons are listed at http://wiki.ros.org/tf/Errors%20explained
[behavior_server-13] [WARN] [1785623436.547196995] []: TF_OLD_DATA ignoring data from the past for frame base_link at time 2.736000 according to authority Authority undetectable
[behavior_server-13] Possible reasons are listed at http://wiki.ros.org/tf/Errors%20explained
[amcl-7] [WARN] [1785623436.547622765] []: TF_OLD_DATA ignoring data from the past for frame base_link at time 19.656000 according to authority Authority undetectable
[amcl-7] Possible reasons are listed at http://wiki.ros.org/tf/Errors%20explained
[controller_server-9] [WARN] [1785623436.547634656] []: TF_OLD_DATA ignoring data from the past for frame base_link at time 19.656000 according to authority Authority undetectable
[controller_server-9] Possible reasons are listed at http://wiki.ros.org/tf/Errors%20explained
[smoother_server-10] [WARN] [1785623436.547658808] []: TF_OLD_DATA ignoring data from the past for frame base_link at time 19.656000 according to authority Authority undetectable
[smoother_server-10] Possible reasons are listed at http://wiki.ros.org/tf/Errors%20explained
[bt_navigator-14] [WARN] [1785623436.547693325] []: TF_OLD_DATA ignoring data from the past for frame base_link at time 19.656000 according to authority Authority undetectable
[bt_navigator-14] Possible reasons are listed at http://wiki.ros.org/tf/Errors%20explained
[planner_server-11] [WARN] [1785623436.547701825] []: TF_OLD_DATA ignoring data from the past for frame base_link at time 19.656000 according to authority Authority undetectable
[planner_server-11] Possible reasons are listed at http://wiki.ros.org/tf/Errors%20explained
[behavior_server-13] [WARN] [1785623436.547707363] []: TF_OLD_DATA ignoring data from the past for frame base_link at time 19.656000 according to authority Authority undetectable
[behavior_server-13] Possible reasons are listed at http://wiki.ros.org/tf/Errors%20explained
[route_server-12] [WARN] [1785623436.547711533] []: TF_OLD_DATA ignoring data from the past for frame base_link at time 19.656000 according to authority Authority undetectable
[route_server-12] Possible reasons are listed at http://wiki.ros.org/tf/Errors%20explained
[collision_monitor-17] [WARN] [1785623436.547769947] []: TF_OLD_DATA ignoring data from the past for frame base_link at time 19.656000 according to authority Authority undetectable
[collision_monitor-17] Possible reasons are listed at http://wiki.ros.org/tf/Errors%20explained
[amcl-7] [WARN] [1785623436.582956774] []: TF_OLD_DATA ignoring data from the past for frame base_link at time 2.772000 according to authority Authority undetectable
[amcl-7] Possible reasons are listed at http://wiki.ros.org/tf/Errors%20explained
[planner_server-11] [WARN] [1785623436.582967553] []: TF_OLD_DATA ignoring data from the past for frame base_link at time 2.772000 according to authority Authority undetectable
[planner_server-11] Possible reasons are listed at http://wiki.ros.org/tf/Errors%20explained
[controller_server-9] [WARN] [1785623436.582983021] []: TF_OLD_DATA ignoring data from the past for frame base_link at time 2.772000 according to authority Authority undetectable
[controller_server-9] Possible reasons are listed at http://wiki.ros.org/tf/Errors%20explained
[bt_navigator-14] [WARN] [1785623436.582997978] []: TF_OLD_DATA ignoring data from the past for frame base_link at time 2.772000 according to authority Authority undetectable
[bt_navigator-14] Possible reasons are listed at http://wiki.ros.org/tf/Errors%20explained
[route_server-12] [WARN] [1785623436.583005866] []: TF_OLD_DATA ignoring data from the past for frame base_link at time 2.772000 according to authority Authority undetectable
[route_server-12] Possible reasons are listed at http://wiki.ros.org/tf/Errors%20explained
[smoother_server-10] [WARN] [1785623436.583006251] []: TF_OLD_DATA ignoring data from the past for frame base_link at time 2.772000 according to authority Authority undetectable
[smoother_server-10] Possible reasons are listed at http://wiki.ros.org/tf/Errors%20explained
[behavior_server-13] [WARN] [1785623436.583011189] []: TF_OLD_DATA ignoring data from the past for frame base_link at time 2.772000 according to authority Authority undetectable
[behavior_server-13] Possible reasons are listed at http://wiki.ros.org/tf/Errors%20explained
[collision_monitor-17] [WARN] [1785623436.583020180] []: TF_OLD_DATA ignoring data from the past for frame base_link at time 2.772000 according to authority Authority undetectable
[collision_monitor-17] Possible reasons are listed at http://wiki.ros.org/tf/Errors%20explained
[amcl-7] [WARN] [1785623436.583667675] []: TF_OLD_DATA ignoring data from the past for frame base_link at time 19.692000 according to authority Authority undetectable
[amcl-7] Possible reasons are listed at http://wiki.ros.org/tf/Errors%20explained
[smoother_server-10] [WARN] [1785623436.583677443] []: TF_OLD_DATA ignoring data from the past for frame base_link at time 19.692000 according to authority Authority undetectable
[smoother_server-10] Possible reasons are listed at http://wiki.ros.org/tf/Errors%20explained
[route_server-12] [WARN] [1785623436.583704377] []: TF_OLD_DATA ignoring data from the past for frame base_link at time 19.692000 according to authority Authority undetectable
[route_server-12] Possible reasons are listed at http://wiki.ros.org/tf/Errors%20explained
[collision_monitor-17] [WARN] [1785623436.583724242] []: TF_OLD_DATA ignoring data from the past for frame base_link at time 19.692000 according to authority Authority undetectable
[collision_monitor-17] Possible reasons are listed at http://wiki.ros.org/tf/Errors%20explained
[controller_server-9] [WARN] [1785623436.583727792] []: TF_OLD_DATA ignoring data from the past for frame base_link at time 19.692000 according to authority Authority undetectable
[controller_server-9] Possible reasons are listed at http://wiki.ros.org/tf/Errors%20explained
[bt_navigator-14] [WARN] [1785623436.583759189] []: TF_OLD_DATA ignoring data from the past for frame base_link at time 19.692000 according to authority Authority undetectable
[bt_navigator-14] Possible reasons are listed at http://wiki.ros.org/tf/Errors%20explained
[planner_server-11] [WARN] [1785623436.583808278] []: TF_OLD_DATA ignoring data from the past for frame base_link at time 19.692000 according to authority Authority undetectable
[planner_server-11] Possible reasons are listed at http://wiki.ros.org/tf/Errors%20explained
[behavior_server-13] [WARN] [1785623436.583826337] []: TF_OLD_DATA ignoring data from the past for frame base_link at time 19.692000 according to authority Authority undetectable
[behavior_server-13] Possible reasons are listed at http://wiki.ros.org/tf/Errors%20explained
[planner_server-11] [WARN] [1785623436.619297509] []: TF_OLD_DATA ignoring data from the past for frame base_link at time 2.808000 according to authority Authority undetectable
[planner_server-11] Possible reasons are listed at http://wiki.ros.org/tf/Errors%20explained
[route_server-12] [WARN] [1785623436.619304056] []: TF_OLD_DATA ignoring data from the past for frame base_link at time 2.808000 according to authority Authority undetectable
[route_server-12] Possible reasons are listed at http://wiki.ros.org/tf/Errors%20explained
[smoother_server-10] [WARN] [1785623436.619305901] []: TF_OLD_DATA ignoring data from the past for frame base_link at time 2.808000 according to authority Authority undetectable
[smoother_server-10] Possible reasons are listed at http://wiki.ros.org/tf/Errors%20explained
[behavior_server-13] [WARN] [1785623436.619338912] []: TF_OLD_DATA ignoring data from the past for frame base_link at time 2.808000 according to authority Authority undetectable
[behavior_server-13] Possible reasons are listed at http://wiki.ros.org/tf/Errors%20explained
[controller_server-9] [WARN] [1785623436.619261050] []: TF_OLD_DATA ignoring data from the past for frame base_link at time 2.808000 according to authority Authority undetectable
[controller_server-9] Possible reasons are listed at http://wiki.ros.org/tf/Errors%20explained
[bt_navigator-14] [WARN] [1785623436.619409582] []: TF_OLD_DATA ignoring data from the past for frame base_link at time 2.808000 according to authority Authority undetectable
[bt_navigator-14] Possible reasons are listed at http://wiki.ros.org/tf/Errors%20explained
[collision_monitor-17] [WARN] [1785623436.619434342] []: TF_OLD_DATA ignoring data from the past for frame base_link at time 2.808000 according to authority Authority undetectable
[collision_monitor-17] Possible reasons are listed at http://wiki.ros.org/tf/Errors%20explained
[amcl-7] [WARN] [1785623436.619447880] []: TF_OLD_DATA ignoring data from the past for frame base_link at time 2.808000 according to authority Authority undetectable
[amcl-7] Possible reasons are listed at http://wiki.ros.org/tf/Errors%20explained
[amcl-7] [WARN] [1785623436.619733983] []: TF_OLD_DATA ignoring data from the past for frame base_link at time 19.728000 according to authority Authority undetectable
[amcl-7] Possible reasons are listed at http://wiki.ros.org/tf/Errors%20explained
[smoother_server-10] [WARN] [1785623436.619746308] []: TF_OLD_DATA ignoring data from the past for frame base_link at time 19.728000 according to authority Authority undetectable
[smoother_server-10] Possible reasons are listed at http://wiki.ros.org/tf/Errors%20explained
[controller_server-9] [WARN] [1785623436.619765908] []: TF_OLD_DATA ignoring data from the past for frame base_link at time 19.728000 according to authority Authority undetectable
[controller_server-9] Possible reasons are listed at http://wiki.ros.org/tf/Errors%20explained
[route_server-12] [WARN] [1785623436.619770222] []: TF_OLD_DATA ignoring data from the past for frame base_link at time 19.728000 according to authority Authority undetectable
[route_server-12] Possible reasons are listed at http://wiki.ros.org/tf/Errors%20explained
[behavior_server-13] [WARN] [1785623436.619781880] []: TF_OLD_DATA ignoring data from the past for frame base_link at time 19.728000 according to authority Authority undetectable
[behavior_server-13] Possible reasons are listed at http://wiki.ros.org/tf/Errors%20explained
[bt_navigator-14] [WARN] [1785623436.619791580] []: TF_OLD_DATA ignoring data from the past for frame base_link at time 19.728000 according to authority Authority undetectable
[bt_navigator-14] Possible reasons are listed at http://wiki.ros.org/tf/Errors%20explained
[collision_monitor-17] [WARN] [1785623436.619811092] []: TF_OLD_DATA ignoring data from the past for frame base_link at time 19.728000 according to authority Authority undetectable
[collision_monitor-17] Possible reasons are listed at http://wiki.ros.org/tf/Errors%20explained
[planner_server-11] [WARN] [1785623436.619857171] []: TF_OLD_DATA ignoring data from the past for frame base_link at time 19.728000 according to authority Authority undetectable
[planner_server-11] Possible reasons are listed at http://wiki.ros.org/tf/Errors%20explained
[lifecycle_manager-19] [INFO] [1785623436.633477837] [lifecycle_manager_navigation]: Server behavior_server connected with bond.
[lifecycle_manager-19] [INFO] [1785623436.633556179] [lifecycle_manager_navigation]: [34m[1mActivating velocity_smoother[0m[0m
[velocity_smoother-16] [INFO] [1785623436.634376655] [velocity_smoother]: Activating
[velocity_smoother-16] [INFO] [1785623436.634438384] [velocity_smoother]: Creating bond (velocity_smoother) to lifecycle manager.
[planner_server-11] [WARN] [1785623436.655076576] []: TF_OLD_DATA ignoring data from the past for frame base_link at time 2.844000 according to authority Authority undetectable
[planner_server-11] Possible reasons are listed at http://wiki.ros.org/tf/Errors%20explained
[smoother_server-10] [WARN] [1785623436.655107131] []: TF_OLD_DATA ignoring data from the past for frame base_link at time 2.844000 according to authority Authority undetectable
[smoother_server-10] Possible reasons are listed at http://wiki.ros.org/tf/Errors%20explained
[amcl-7] [WARN] [1785623436.655113616] []: TF_OLD_DATA ignoring data from the past for frame base_link at time 2.844000 according to authority Authority undetectable
[amcl-7] Possible reasons are listed at http://wiki.ros.org/tf/Errors%20explained
[controller_server-9] [WARN] [1785623436.655131310] []: TF_OLD_DATA ignoring data from the past for frame base_link at time 2.844000 according to authority Authority undetectable
[controller_server-9] Possible reasons are listed at http://wiki.ros.org/tf/Errors%20explained
[route_server-12] [WARN] [1785623436.655148935] []: TF_OLD_DATA ignoring data from the past for frame base_link at time 2.844000 according to authority Authority undetectable
[route_server-12] Possible reasons are listed at http://wiki.ros.org/tf/Errors%20explained
[collision_monitor-17] [WARN] [1785623436.655168629] []: TF_OLD_DATA ignoring data from the past for frame base_link at time 2.844000 according to authority Authority undetectable
[collision_monitor-17] Possible reasons are listed at http://wiki.ros.org/tf/Errors%20explained
[bt_navigator-14] [WARN] [1785623436.655175614] []: TF_OLD_DATA ignoring data from the past for frame base_link at time 2.844000 according to authority Authority undetectable
[bt_navigator-14] Possible reasons are listed at http://wiki.ros.org/tf/Errors%20explained
[behavior_server-13] [WARN] [1785623436.655233411] []: TF_OLD_DATA ignoring data from the past for frame base_link at time 2.844000 according to authority Authority undetectable
[behavior_server-13] Possible reasons are listed at http://wiki.ros.org/tf/Errors%20explained
[smoother_server-10] [WARN] [1785623436.655705650] []: TF_OLD_DATA ignoring data from the past for frame base_link at time 19.764000 according to authority Authority undetectable
[smoother_server-10] Possible reasons are listed at http://wiki.ros.org/tf/Errors%20explained
[amcl-7] [WARN] [1785623436.655717412] []: TF_OLD_DATA ignoring data from the past for frame base_link at time 19.764000 according to authority Authority undetectable
[amcl-7] Possible reasons are listed at http://wiki.ros.org/tf/Errors%20explained
[behavior_server-13] [WARN] [1785623436.655717467] []: TF_OLD_DATA ignoring data from the past for frame base_link at time 19.764000 according to authority Authority undetectable
[behavior_server-13] Possible reasons are listed at http://wiki.ros.org/tf/Errors%20explained
[collision_monitor-17] [WARN] [1785623436.655744739] []: TF_OLD_DATA ignoring data from the past for frame base_link at time 19.764000 according to authority Authority undetectable
[collision_monitor-17] Possible reasons are listed at http://wiki.ros.org/tf/Errors%20explained
[controller_server-9] [WARN] [1785623436.655746153] []: TF_OLD_DATA ignoring data from the past for frame base_link at time 19.764000 according to authority Authority undetectable
[controller_server-9] Possible reasons are listed at http://wiki.ros.org/tf/Errors%20explained
[bt_navigator-14] [WARN] [1785623436.655767368] []: TF_OLD_DATA ignoring data from the past for frame base_link at time 19.764000 according to authority Authority undetectable
[bt_navigator-14] Possible reasons are listed at http://wiki.ros.org/tf/Errors%20explained
[route_server-12] [WARN] [1785623436.655829622] []: TF_OLD_DATA ignoring data from the past for frame base_link at time 19.764000 according to authority Authority undetectable
[route_server-12] Possible reasons are listed at http://wiki.ros.org/tf/Errors%20explained
[planner_server-11] [WARN] [1785623436.655860186] []: TF_OLD_DATA ignoring data from the past for frame base_link at time 19.764000 according to authority Authority undetectable
[planner_server-11] Possible reasons are listed at http://wiki.ros.org/tf/Errors%20explained
[controller_server-9] [WARN] [1785623436.691115124] []: TF_OLD_DATA ignoring data from the past for frame base_link at time 2.880000 according to authority Authority undetectable
[controller_server-9] Possible reasons are listed at http://wiki.ros.org/tf/Errors%20explained
[amcl-7] [WARN] [1785623436.691124104] []: TF_OLD_DATA ignoring data from the past for frame base_link at time 2.880000 according to authority Authority undetectable
[amcl-7] Possible reasons are listed at http://wiki.ros.org/tf/Errors%20explained
[route_server-12] [WARN] [1785623436.691128622] []: TF_OLD_DATA ignoring data from the past for frame base_link at time 2.880000 according to authority Authority undetectable
[route_server-12] Possible reasons are listed at http://wiki.ros.org/tf/Errors%20explained
[planner_server-11] [WARN] [1785623436.691142742] []: TF_OLD_DATA ignoring data from the past for frame base_link at time 2.880000 according to authority Authority undetectable
[planner_server-11] Possible reasons are listed at http://wiki.ros.org/tf/Errors%20explained
[behavior_server-13] [WARN] [1785623436.691161460] []: TF_OLD_DATA ignoring data from the past for frame base_link at time 2.880000 according to authority Authority undetectable
[behavior_server-13] Possible reasons are listed at http://wiki.ros.org/tf/Errors%20explained
[smoother_server-10] [WARN] [1785623436.691165236] []: TF_OLD_DATA ignoring data from the past for frame base_link at time 2.880000 according to authority Authority undetectable
[smoother_server-10] Possible reasons are listed at http://wiki.ros.org/tf/Errors%20explained
[bt_navigator-14] [WARN] [1785623436.691220014] []: TF_OLD_DATA ignoring data from the past for frame base_link at time 2.880000 according to authority Authority undetectable
[bt_navigator-14] Possible reasons are listed at http://wiki.ros.org/tf/Errors%20explained
[collision_monitor-17] [WARN] [1785623436.691311257] []: TF_OLD_DATA ignoring data from the past for frame base_link at time 2.880000 according to authority Authority undetectable
[collision_monitor-17] Possible reasons are listed at http://wiki.ros.org/tf/Errors%20explained
[controller_server-9] [WARN] [1785623436.691772761] []: TF_OLD_DATA ignoring data from the past for frame base_link at time 19.800000 according to authority Authority undetectable
[controller_server-9] Possible reasons are listed at http://wiki.ros.org/tf/Errors%20explained
[smoother_server-10] [WARN] [1785623436.691792483] []: TF_OLD_DATA ignoring data from the past for frame base_link at time 19.800000 according to authority Authority undetectable
[smoother_server-10] Possible reasons are listed at http://wiki.ros.org/tf/Errors%20explained
[route_server-12] [WARN] [1785623436.691791681] []: TF_OLD_DATA ignoring data from the past for frame base_link at time 19.800000 according to authority Authority undetectable
[route_server-12] Possible reasons are listed at http://wiki.ros.org/tf/Errors%20explained
[planner_server-11] [WARN] [1785623436.691823419] []: TF_OLD_DATA ignoring data from the past for frame base_link at time 19.800000 according to authority Authority undetectable
[planner_server-11] Possible reasons are listed at http://wiki.ros.org/tf/Errors%20explained
[amcl-7] [WARN] [1785623436.691828375] []: TF_OLD_DATA ignoring data from the past for frame base_link at time 19.800000 according to authority Authority undetectable
[amcl-7] Possible reasons are listed at http://wiki.ros.org/tf/Errors%20explained
[collision_monitor-17] [WARN] [1785623436.691889138] []: TF_OLD_DATA ignoring data from the past for frame base_link at time 19.800000 according to authority Authority undetectable
[collision_monitor-17] Possible reasons are listed at http://wiki.ros.org/tf/Errors%20explained
[bt_navigator-14] [WARN] [1785623436.691898398] []: TF_OLD_DATA ignoring data from the past for frame base_link at time 19.800000 according to authority Authority undetectable
[bt_navigator-14] Possible reasons are listed at http://wiki.ros.org/tf/Errors%20explained
[behavior_server-13] [WARN] [1785623436.692003288] []: TF_OLD_DATA ignoring data from the past for frame base_link at time 19.800000 according to authority Authority undetectable
[behavior_server-13] Possible reasons are listed at http://wiki.ros.org/tf/Errors%20explained
[controller_server-9] [WARN] [1785623436.727114982] []: TF_OLD_DATA ignoring data from the past for frame base_link at time 2.916000 according to authority Authority undetectable
[controller_server-9] Possible reasons are listed at http://wiki.ros.org/tf/Errors%20explained
[amcl-7] [WARN] [1785623436.727126913] []: TF_OLD_DATA ignoring data from the past for frame base_link at time 2.916000 according to authority Authority undetectable
[amcl-7] Possible reasons are listed at http://wiki.ros.org/tf/Errors%20explained
[smoother_server-10] [WARN] [1785623436.727127312] []: TF_OLD_DATA ignoring data from the past for frame base_link at time 2.916000 according to authority Authority undetectable
[smoother_server-10] Possible reasons are listed at http://wiki.ros.org/tf/Errors%20explained
[planner_server-11] [WARN] [1785623436.727148639] []: TF_OLD_DATA ignoring data from the past for frame base_link at time 2.916000 according to authority Authority undetectable
[planner_server-11] Possible reasons are listed at http://wiki.ros.org/tf/Errors%20explained
[collision_monitor-17] [WARN] [1785623436.727168440] []: TF_OLD_DATA ignoring data from the past for frame base_link at time 2.916000 according to authority Authority undetectable
[collision_monitor-17] Possible reasons are listed at http://wiki.ros.org/tf/Errors%20explained
[bt_navigator-14] [WARN] [1785623436.727193305] []: TF_OLD_DATA ignoring data from the past for frame base_link at time 2.916000 according to authority Authority undetectable
[bt_navigator-14] Possible reasons are listed at http://wiki.ros.org/tf/Errors%20explained
[behavior_server-13] [WARN] [1785623436.727215118] []: TF_OLD_DATA ignoring data from the past for frame base_link at time 2.916000 according to authority Authority undetectable
[behavior_server-13] Possible reasons are listed at http://wiki.ros.org/tf/Errors%20explained
[route_server-12] [WARN] [1785623436.727240245] []: TF_OLD_DATA ignoring data from the past for frame base_link at time 2.916000 according to authority Authority undetectable
[route_server-12] Possible reasons are listed at http://wiki.ros.org/tf/Errors%20explained
[controller_server-9] [WARN] [1785623436.727920711] []: TF_OLD_DATA ignoring data from the past for frame base_link at time 19.836000 according to authority Authority undetectable
[controller_server-9] Possible reasons are listed at http://wiki.ros.org/tf/Errors%20explained
[bt_navigator-14] [WARN] [1785623436.727932396] []: TF_OLD_DATA ignoring data from the past for frame base_link at time 19.836000 according to authority Authority undetectable
[bt_navigator-14] Possible reasons are listed at http://wiki.ros.org/tf/Errors%20explained
[smoother_server-10] [WARN] [1785623436.727939171] []: TF_OLD_DATA ignoring data from the past for frame base_link at time 19.836000 according to authority Authority undetectable
[smoother_server-10] Possible reasons are listed at http://wiki.ros.org/tf/Errors%20explained
[amcl-7] [WARN] [1785623436.727941142] []: TF_OLD_DATA ignoring data from the past for frame base_link at time 19.836000 according to authority Authority undetectable
[amcl-7] Possible reasons are listed at http://wiki.ros.org/tf/Errors%20explained
[collision_monitor-17] [WARN] [1785623436.727942110] []: TF_OLD_DATA ignoring data from the past for frame base_link at time 19.836000 according to authority Authority undetectable
[collision_monitor-17] Possible reasons are listed at http://wiki.ros.org/tf/Errors%20explained
[route_server-12] [WARN] [1785623436.727942025] []: TF_OLD_DATA ignoring data from the past for frame base_link at time 19.836000 according to authority Authority undetectable
[route_server-12] Possible reasons are listed at http://wiki.ros.org/tf/Errors%20explained
[planner_server-11] [WARN] [1785623436.727984397] []: TF_OLD_DATA ignoring data from the past for frame base_link at time 19.836000 according to authority Authority undetectable
[planner_server-11] Possible reasons are listed at http://wiki.ros.org/tf/Errors%20explained
[behavior_server-13] [WARN] [1785623436.727997122] []: TF_OLD_DATA ignoring data from the past for frame base_link at time 19.836000 according to authority Authority undetectable
[behavior_server-13] Possible reasons are listed at http://wiki.ros.org/tf/Errors%20explained
[lifecycle_manager-19] [INFO] [1785623436.741491512] [lifecycle_manager_navigation]: Server velocity_smoother connected with bond.
[lifecycle_manager-19] [INFO] [1785623436.741539684] [lifecycle_manager_navigation]: [34m[1mActivating collision_monitor[0m[0m
[collision_monitor-17] [INFO] [1785623436.741860224] [collision_monitor]: Activating
[collision_monitor-17] [INFO] [1785623436.741910349] [collision_monitor]: Creating bond (collision_monitor) to lifecycle manager.
[controller_server-9] [WARN] [1785623436.762881324] []: TF_OLD_DATA ignoring data from the past for frame base_link at time 2.952000 according to authority Authority undetectable
[controller_server-9] Possible reasons are listed at http://wiki.ros.org/tf/Errors%20explained
[route_server-12] [WARN] [1785623436.762916682] []: TF_OLD_DATA ignoring data from the past for frame base_link at time 2.952000 according to authority Authority undetectable
[route_server-12] Possible reasons are listed at http://wiki.ros.org/tf/Errors%20explained
[amcl-7] [WARN] [1785623436.762921323] []: TF_OLD_DATA ignoring data from the past for frame base_link at time 2.952000 according to authority Authority undetectable
[amcl-7] Possible reasons are listed at http://wiki.ros.org/tf/Errors%20explained
[behavior_server-13] [WARN] [1785623436.762922418] []: TF_OLD_DATA ignoring data from the past for frame base_link at time 2.952000 according to authority Authority undetectable
[behavior_server-13] Possible reasons are listed at http://wiki.ros.org/tf/Errors%20explained
[planner_server-11] [WARN] [1785623436.762932538] []: TF_OLD_DATA ignoring data from the past for frame base_link at time 2.952000 according to authority Authority undetectable
[planner_server-11] Possible reasons are listed at http://wiki.ros.org/tf/Errors%20explained
[bt_navigator-14] [WARN] [1785623436.762939014] []: TF_OLD_DATA ignoring data from the past for frame base_link at time 2.952000 according to authority Authority undetectable
[bt_navigator-14] Possible reasons are listed at http://wiki.ros.org/tf/Errors%20explained
[collision_monitor-17] [WARN] [1785623436.762980320] []: TF_OLD_DATA ignoring data from the past for frame base_link at time 2.952000 according to authority Authority undetectable
[collision_monitor-17] Possible reasons are listed at http://wiki.ros.org/tf/Errors%20explained
[smoother_server-10] [WARN] [1785623436.763183574] []: TF_OLD_DATA ignoring data from the past for frame base_link at time 2.952000 according to authority Authority undetectable
[smoother_server-10] Possible reasons are listed at http://wiki.ros.org/tf/Errors%20explained
[controller_server-9] [WARN] [1785623436.763588983] []: TF_OLD_DATA ignoring data from the past for frame base_link at time 19.872000 according to authority Authority undetectable
[controller_server-9] Possible reasons are listed at http://wiki.ros.org/tf/Errors%20explained
[smoother_server-10] [WARN] [1785623436.763595325] []: TF_OLD_DATA ignoring data from the past for frame base_link at time 19.872000 according to authority Authority undetectable
[smoother_server-10] Possible reasons are listed at http://wiki.ros.org/tf/Errors%20explained
[amcl-7] [WARN] [1785623436.763614702] []: TF_OLD_DATA ignoring data from the past for frame base_link at time 19.872000 according to authority Authority undetectable
[amcl-7] Possible reasons are listed at http://wiki.ros.org/tf/Errors%20explained
[collision_monitor-17] [WARN] [1785623436.763630866] []: TF_OLD_DATA ignoring data from the past for frame base_link at time 19.872000 according to authority Authority undetectable
[collision_monitor-17] Possible reasons are listed at http://wiki.ros.org/tf/Errors%20explained
[bt_navigator-14] [WARN] [1785623436.763631944] []: TF_OLD_DATA ignoring data from the past for frame base_link at time 19.872000 according to authority Authority undetectable
[bt_navigator-14] Possible reasons are listed at http://wiki.ros.org/tf/Errors%20explained
[route_server-12] [WARN] [1785623436.763641712] []: TF_OLD_DATA ignoring data from the past for frame base_link at time 19.872000 according to authority Authority undetectable
[route_server-12] Possible reasons are listed at http://wiki.ros.org/tf/Errors%20explained
[behavior_server-13] [WARN] [1785623436.763659704] []: TF_OLD_DATA ignoring data from the past for frame base_link at time 19.872000 according to authority Authority undetectable
[behavior_server-13] Possible reasons are listed at http://wiki.ros.org/tf/Errors%20explained
[planner_server-11] [WARN] [1785623436.763661740] []: TF_OLD_DATA ignoring data from the past for frame base_link at time 19.872000 according to authority Authority undetectable
[planner_server-11] Possible reasons are listed at http://wiki.ros.org/tf/Errors%20explained
[amcl-7] [WARN] [1785623436.798995315] []: TF_OLD_DATA ignoring data from the past for frame base_link at time 2.988000 according to authority Authority undetectable
[amcl-7] Possible reasons are listed at http://wiki.ros.org/tf/Errors%20explained
[smoother_server-10] [WARN] [1785623436.799011731] []: TF_OLD_DATA ignoring data from the past for frame base_link at time 2.988000 according to authority Authority undetectable
[smoother_server-10] Possible reasons are listed at http://wiki.ros.org/tf/Errors%20explained
[bt_navigator-14] [WARN] [1785623436.799012460] []: TF_OLD_DATA ignoring data from the past for frame base_link at time 2.988000 according to authority Authority undetectable
[bt_navigator-14] Possible reasons are listed at http://wiki.ros.org/tf/Errors%20explained
[controller_server-9] [WARN] [1785623436.799012684] []: TF_OLD_DATA ignoring data from the past for frame base_link at time 2.988000 according to authority Authority undetectable
[controller_server-9] Possible reasons are listed at http://wiki.ros.org/tf/Errors%20explained
[collision_monitor-17] [WARN] [1785623436.799031010] []: TF_OLD_DATA ignoring data from the past for frame base_link at time 2.988000 according to authority Authority undetectable
[collision_monitor-17] Possible reasons are listed at http://wiki.ros.org/tf/Errors%20explained
[planner_server-11] [WARN] [1785623436.799034521] []: TF_OLD_DATA ignoring data from the past for frame base_link at time 2.988000 according to authority Authority undetectable
[planner_server-11] Possible reasons are listed at http://wiki.ros.org/tf/Errors%20explained
[behavior_server-13] [WARN] [1785623436.799054280] []: TF_OLD_DATA ignoring data from the past for frame base_link at time 2.988000 according to authority Authority undetectable
[behavior_server-13] Possible reasons are listed at http://wiki.ros.org/tf/Errors%20explained
[route_server-12] [WARN] [1785623436.799116495] []: TF_OLD_DATA ignoring data from the past for frame base_link at time 2.988000 according to authority Authority undetectable
[route_server-12] Possible reasons are listed at http://wiki.ros.org/tf/Errors%20explained
[amcl-7] [WARN] [1785623436.799851654] []: TF_OLD_DATA ignoring data from the past for frame base_link at time 19.908000 according to authority Authority undetectable
[amcl-7] Possible reasons are listed at http://wiki.ros.org/tf/Errors%20explained
[bt_navigator-14] [WARN] [1785623436.799849196] []: TF_OLD_DATA ignoring data from the past for frame base_link at time 19.908000 according to authority Authority undetectable
[bt_navigator-14] Possible reasons are listed at http://wiki.ros.org/tf/Errors%20explained
[planner_server-11] [WARN] [1785623436.799852693] []: TF_OLD_DATA ignoring data from the past for frame base_link at time 19.908000 according to authority Authority undetectable
[planner_server-11] Possible reasons are listed at http://wiki.ros.org/tf/Errors%20explained
[route_server-12] [WARN] [1785623436.799865542] []: TF_OLD_DATA ignoring data from the past for frame base_link at time 19.908000 according to authority Authority undetectable
[route_server-12] Possible reasons are listed at http://wiki.ros.org/tf/Errors%20explained
[behavior_server-13] [WARN] [1785623436.799924838] []: TF_OLD_DATA ignoring data from the past for frame base_link at time 19.908000 according to authority Authority undetectable
[behavior_server-13] Possible reasons are listed at http://wiki.ros.org/tf/Errors%20explained
[collision_monitor-17] [WARN] [1785623436.799948274] []: TF_OLD_DATA ignoring data from the past for frame base_link at time 19.908000 according to authority Authority undetectable
[collision_monitor-17] Possible reasons are listed at http://wiki.ros.org/tf/Errors%20explained
[controller_server-9] [WARN] [1785623436.799971508] []: TF_OLD_DATA ignoring data from the past for frame base_link at time 19.908000 according to authority Authority undetectable
[controller_server-9] Possible reasons are listed at http://wiki.ros.org/tf/Errors%20explained
[smoother_server-10] [WARN] [1785623436.800024033] []: TF_OLD_DATA ignoring data from the past for frame base_link at time 19.908000 according to authority Authority undetectable
[smoother_server-10] Possible reasons are listed at http://wiki.ros.org/tf/Errors%20explained
[planner_server-11] [WARN] [1785623436.834893824] []: TF_OLD_DATA ignoring data from the past for frame base_link at time 3.024000 according to authority Authority undetectable
[planner_server-11] Possible reasons are listed at http://wiki.ros.org/tf/Errors%20explained
[amcl-7] [WARN] [1785623436.834919404] []: TF_OLD_DATA ignoring data from the past for frame base_link at time 3.024000 according to authority Authority undetectable
[amcl-7] Possible reasons are listed at http://wiki.ros.org/tf/Errors%20explained
[bt_navigator-14] [WARN] [1785623436.834931688] []: TF_OLD_DATA ignoring data from the past for frame base_link at time 3.024000 according to authority Authority undetectable
[bt_navigator-14] Possible reasons are listed at http://wiki.ros.org/tf/Errors%20explained
[smoother_server-10] [WARN] [1785623436.834935506] []: TF_OLD_DATA ignoring data from the past for frame base_link at time 3.024000 according to authority Authority undetectable
[smoother_server-10] Possible reasons are listed at http://wiki.ros.org/tf/Errors%20explained
[route_server-12] [WARN] [1785623436.834934385] []: TF_OLD_DATA ignoring data from the past for frame base_link at time 3.024000 according to authority Authority undetectable
[route_server-12] Possible reasons are listed at http://wiki.ros.org/tf/Errors%20explained
[controller_server-9] [WARN] [1785623436.834981458] []: TF_OLD_DATA ignoring data from the past for frame base_link at time 3.024000 according to authority Authority undetectable
[controller_server-9] Possible reasons are listed at http://wiki.ros.org/tf/Errors%20explained
[collision_monitor-17] [WARN] [1785623436.835105905] []: TF_OLD_DATA ignoring data from the past for frame base_link at time 3.024000 according to authority Authority undetectable
[collision_monitor-17] Possible reasons are listed at http://wiki.ros.org/tf/Errors%20explained
[behavior_server-13] [WARN] [1785623436.835149262] []: TF_OLD_DATA ignoring data from the past for frame base_link at time 3.024000 according to authority Authority undetectable
[behavior_server-13] Possible reasons are listed at http://wiki.ros.org/tf/Errors%20explained
[controller_server-9] [WARN] [1785623436.835676975] []: TF_OLD_DATA ignoring data from the past for frame base_link at time 19.944000 according to authority Authority undetectable
[controller_server-9] Possible reasons are listed at http://wiki.ros.org/tf/Errors%20explained
[amcl-7] [WARN] [1785623436.835722822] []: TF_OLD_DATA ignoring data from the past for frame base_link at time 19.944000 according to authority Authority undetectable
[amcl-7] Possible reasons are listed at http://wiki.ros.org/tf/Errors%20explained
[bt_navigator-14] [WARN] [1785623436.835724689] []: TF_OLD_DATA ignoring data from the past for frame base_link at time 19.944000 according to authority Authority undetectable
[bt_navigator-14] Possible reasons are listed at http://wiki.ros.org/tf/Errors%20explained
[planner_server-11] [WARN] [1785623436.835737493] []: TF_OLD_DATA ignoring data from the past for frame base_link at time 19.944000 according to authority Authority undetectable
[planner_server-11] Possible reasons are listed at http://wiki.ros.org/tf/Errors%20explained
[route_server-12] [WARN] [1785623436.835751388] []: TF_OLD_DATA ignoring data from the past for frame base_link at time 19.944000 according to authority Authority undetectable
[route_server-12] Possible reasons are listed at http://wiki.ros.org/tf/Errors%20explained
[collision_monitor-17] [WARN] [1785623436.835754803] []: TF_OLD_DATA ignoring data from the past for frame base_link at time 19.944000 according to authority Authority undetectable
[collision_monitor-17] Possible reasons are listed at http://wiki.ros.org/tf/Errors%20explained
[smoother_server-10] [WARN] [1785623436.835817975] []: TF_OLD_DATA ignoring data from the past for frame base_link at time 19.944000 according to authority Authority undetectable
[smoother_server-10] Possible reasons are listed at http://wiki.ros.org/tf/Errors%20explained
[behavior_server-13] [WARN] [1785623436.835844011] []: TF_OLD_DATA ignoring data from the past for frame base_link at time 19.944000 according to authority Authority undetectable
[behavior_server-13] Possible reasons are listed at http://wiki.ros.org/tf/Errors%20explained
[lifecycle_manager-19] [INFO] [1785623436.848802901] [lifecycle_manager_navigation]: Server collision_monitor connected with bond.
[lifecycle_manager-19] [INFO] [1785623436.848853708] [lifecycle_manager_navigation]: [34m[1mActivating bt_navigator[0m[0m
[bt_navigator-14] [INFO] [1785623436.849199653] [bt_navigator]: Activating
[planner_server-11] [WARN] [1785623436.871463671] []: TF_OLD_DATA ignoring data from the past for frame base_link at time 3.060000 according to authority Authority undetectable
[planner_server-11] Possible reasons are listed at http://wiki.ros.org/tf/Errors%20explained
[collision_monitor-17] [WARN] [1785623436.871494488] []: TF_OLD_DATA ignoring data from the past for frame base_link at time 3.060000 according to authority Authority undetectable
[collision_monitor-17] Possible reasons are listed at http://wiki.ros.org/tf/Errors%20explained
[amcl-7] [WARN] [1785623436.871513284] []: TF_OLD_DATA ignoring data from the past for frame base_link at time 3.060000 according to authority Authority undetectable
[amcl-7] Possible reasons are listed at http://wiki.ros.org/tf/Errors%20explained
[behavior_server-13] [WARN] [1785623436.871513279] []: TF_OLD_DATA ignoring data from the past for frame base_link at time 3.060000 according to authority Authority undetectable
[behavior_server-13] Possible reasons are listed at http://wiki.ros.org/tf/Errors%20explained
[smoother_server-10] [WARN] [1785623436.871607529] []: TF_OLD_DATA ignoring data from the past for frame base_link at time 3.060000 according to authority Authority undetectable
[smoother_server-10] Possible reasons are listed at http://wiki.ros.org/tf/Errors%20explained
[route_server-12] [WARN] [1785623436.871670112] []: TF_OLD_DATA ignoring data from the past for frame base_link at time 3.060000 according to authority Authority undetectable
[route_server-12] Possible reasons are listed at http://wiki.ros.org/tf/Errors%20explained
[route_server-12] [WARN] [1785623436.871800288] []: TF_OLD_DATA ignoring data from the past for frame base_link at time 19.980000 according to authority Authority undetectable
[route_server-12] Possible reasons are listed at http://wiki.ros.org/tf/Errors%20explained
[behavior_server-13] [WARN] [1785623436.871808868] []: TF_OLD_DATA ignoring data from the past for frame base_link at time 19.980000 according to authority Authority undetectable
[behavior_server-13] Possible reasons are listed at http://wiki.ros.org/tf/Errors%20explained
[collision_monitor-17] [WARN] [1785623436.871809083] []: TF_OLD_DATA ignoring data from the past for frame base_link at time 19.980000 according to authority Authority undetectable
[collision_monitor-17] Possible reasons are listed at http://wiki.ros.org/tf/Errors%20explained
[amcl-7] [WARN] [1785623436.871812652] []: TF_OLD_DATA ignoring data from the past for frame base_link at time 19.980000 according to authority Authority undetectable
[amcl-7] Possible reasons are listed at http://wiki.ros.org/tf/Errors%20explained
[smoother_server-10] [WARN] [1785623436.871813164] []: TF_OLD_DATA ignoring data from the past for frame base_link at time 19.980000 according to authority Authority undetectable
[smoother_server-10] Possible reasons are listed at http://wiki.ros.org/tf/Errors%20explained
[controller_server-9] [WARN] [1785623436.871906131] []: TF_OLD_DATA ignoring data from the past for frame base_link at time 3.060000 according to authority Authority undetectable
[controller_server-9] Possible reasons are listed at http://wiki.ros.org/tf/Errors%20explained
[controller_server-9] [WARN] [1785623436.871922911] []: TF_OLD_DATA ignoring data from the past for frame base_link at time 19.980000 according to authority Authority undetectable
[controller_server-9] Possible reasons are listed at http://wiki.ros.org/tf/Errors%20explained
[bt_navigator-14] [WARN] [1785623436.871969845] []: TF_OLD_DATA ignoring data from the past for frame base_link at time 3.060000 according to authority Authority undetectable
[bt_navigator-14] Possible reasons are listed at http://wiki.ros.org/tf/Errors%20explained
[bt_navigator-14] [WARN] [1785623436.872005721] []: TF_OLD_DATA ignoring data from the past for frame base_link at time 19.980000 according to authority Authority undetectable
[bt_navigator-14] Possible reasons are listed at http://wiki.ros.org/tf/Errors%20explained
[planner_server-11] [WARN] [1785623436.872116250] []: TF_OLD_DATA ignoring data from the past for frame base_link at time 19.980000 according to authority Authority undetectable
[planner_server-11] Possible reasons are listed at http://wiki.ros.org/tf/Errors%20explained
[smoother_server-10] [WARN] [1785623436.907117592] []: TF_OLD_DATA ignoring data from the past for frame base_link at time 3.096000 according to authority Authority undetectable
[smoother_server-10] Possible reasons are listed at http://wiki.ros.org/tf/Errors%20explained
[controller_server-9] [WARN] [1785623436.907208530] []: TF_OLD_DATA ignoring data from the past for frame base_link at time 3.096000 according to authority Authority undetectable
[controller_server-9] Possible reasons are listed at http://wiki.ros.org/tf/Errors%20explained
[route_server-12] [WARN] [1785623436.907249464] []: TF_OLD_DATA ignoring data from the past for frame base_link at time 3.096000 according to authority Authority undetectable
[route_server-12] Possible reasons are listed at http://wiki.ros.org/tf/Errors%20explained
[behavior_server-13] [WARN] [1785623436.907251581] []: TF_OLD_DATA ignoring data from the past for frame base_link at time 3.096000 according to authority Authority undetectable
[behavior_server-13] Possible reasons are listed at http://wiki.ros.org/tf/Errors%20explained
[collision_monitor-17] [WARN] [1785623436.907308233] []: TF_OLD_DATA ignoring data from the past for frame base_link at time 3.096000 according to authority Authority undetectable
[collision_monitor-17] Possible reasons are listed at http://wiki.ros.org/tf/Errors%20explained
[planner_server-11] [WARN] [1785623436.907316101] []: TF_OLD_DATA ignoring data from the past for frame base_link at time 3.096000 according to authority Authority undetectable
[planner_server-11] Possible reasons are listed at http://wiki.ros.org/tf/Errors%20explained
[bt_navigator-14] [WARN] [1785623436.907394558] []: TF_OLD_DATA ignoring data from the past for frame base_link at time 3.096000 according to authority Authority undetectable
[bt_navigator-14] Possible reasons are listed at http://wiki.ros.org/tf/Errors%20explained
[amcl-7] [WARN] [1785623436.907568993] []: TF_OLD_DATA ignoring data from the past for frame base_link at time 3.096000 according to authority Authority undetectable
[amcl-7] Possible reasons are listed at http://wiki.ros.org/tf/Errors%20explained
[smoother_server-10] [WARN] [1785623436.908206280] []: TF_OLD_DATA ignoring data from the past for frame base_link at time 20.016000 according to authority Authority undetectable
[smoother_server-10] Possible reasons are listed at http://wiki.ros.org/tf/Errors%20explained
[collision_monitor-17] [WARN] [1785623436.908239245] []: TF_OLD_DATA ignoring data from the past for frame base_link at time 20.016000 according to authority Authority undetectable
[collision_monitor-17] Possible reasons are listed at http://wiki.ros.org/tf/Errors%20explained
[behavior_server-13] [WARN] [1785623436.908238916] []: TF_OLD_DATA ignoring data from the past for frame base_link at time 20.016000 according to authority Authority undetectable
[behavior_server-13] Possible reasons are listed at http://wiki.ros.org/tf/Errors%20explained
[controller_server-9] [WARN] [1785623436.908242850] []: TF_OLD_DATA ignoring data from the past for frame base_link at time 20.016000 according to authority Authority undetectable
[controller_server-9] Possible reasons are listed at http://wiki.ros.org/tf/Errors%20explained
[planner_server-11] [WARN] [1785623436.908259146] []: TF_OLD_DATA ignoring data from the past for frame base_link at time 20.016000 according to authority Authority undetectable
[planner_server-11] Possible reasons are listed at http://wiki.ros.org/tf/Errors%20explained
[amcl-7] [WARN] [1785623436.908263109] []: TF_OLD_DATA ignoring data from the past for frame base_link at time 20.016000 according to authority Authority undetectable
[amcl-7] Possible reasons are listed at http://wiki.ros.org/tf/Errors%20explained
[route_server-12] [WARN] [1785623436.908304173] []: TF_OLD_DATA ignoring data from the past for frame base_link at time 20.016000 according to authority Authority undetectable
[route_server-12] Possible reasons are listed at http://wiki.ros.org/tf/Errors%20explained
[bt_navigator-14] [WARN] [1785623436.908307727] []: TF_OLD_DATA ignoring data from the past for frame base_link at time 20.016000 according to authority Authority undetectable
[bt_navigator-14] Possible reasons are listed at http://wiki.ros.org/tf/Errors%20explained
[bt_navigator-14] [INFO] [1785623436.938473016] [bt_navigator]: Creating bond (bt_navigator) to lifecycle manager.
[route_server-12] [WARN] [1785623436.942845066] []: TF_OLD_DATA ignoring data from the past for frame base_link at time 3.132000 according to authority Authority undetectable
[route_server-12] Possible reasons are listed at http://wiki.ros.org/tf/Errors%20explained
[amcl-7] [WARN] [1785623436.942845059] []: TF_OLD_DATA ignoring data from the past for frame base_link at time 3.132000 according to authority Authority undetectable
[amcl-7] Possible reasons are listed at http://wiki.ros.org/tf/Errors%20explained
[controller_server-9] [WARN] [1785623436.942844921] []: TF_OLD_DATA ignoring data from the past for frame base_link at time 3.132000 according to authority Authority undetectable
[controller_server-9] Possible reasons are listed at http://wiki.ros.org/tf/Errors%20explained
[collision_monitor-17] [WARN] [1785623436.942888321] []: TF_OLD_DATA ignoring data from the past for frame base_link at time 3.132000 according to authority Authority undetectable
[collision_monitor-17] Possible reasons are listed at http://wiki.ros.org/tf/Errors%20explained
[behavior_server-13] [WARN] [1785623436.942913787] []: TF_OLD_DATA ignoring data from the past for frame base_link at time 3.132000 according to authority Authority undetectable
[behavior_server-13] Possible reasons are listed at http://wiki.ros.org/tf/Errors%20explained
[bt_navigator-14] [WARN] [1785623436.942980885] []: TF_OLD_DATA ignoring data from the past for frame base_link at time 3.132000 according to authority Authority undetectable
[bt_navigator-14] Possible reasons are listed at http://wiki.ros.org/tf/Errors%20explained
[smoother_server-10] [WARN] [1785623436.942995772] []: TF_OLD_DATA ignoring data from the past for frame base_link at time 3.132000 according to authority Authority undetectable
[smoother_server-10] Possible reasons are listed at http://wiki.ros.org/tf/Errors%20explained
[planner_server-11] [WARN] [1785623436.943221711] []: TF_OLD_DATA ignoring data from the past for frame base_link at time 3.132000 according to authority Authority undetectable
[planner_server-11] Possible reasons are listed at http://wiki.ros.org/tf/Errors%20explained
[behavior_server-13] [WARN] [1785623436.944306139] []: TF_OLD_DATA ignoring data from the past for frame base_link at time 20.052000 according to authority Authority undetectable
[behavior_server-13] Possible reasons are listed at http://wiki.ros.org/tf/Errors%20explained
[amcl-7] [WARN] [1785623436.944307946] []: TF_OLD_DATA ignoring data from the past for frame base_link at time 20.052000 according to authority Authority undetectable
[amcl-7] Possible reasons are listed at http://wiki.ros.org/tf/Errors%20explained
[planner_server-11] [WARN] [1785623436.944315390] []: TF_OLD_DATA ignoring data from the past for frame base_link at time 20.052000 according to authority Authority undetectable
[planner_server-11] Possible reasons are listed at http://wiki.ros.org/tf/Errors%20explained
[controller_server-9] [WARN] [1785623436.944267934] []: TF_OLD_DATA ignoring data from the past for frame base_link at time 20.052000 according to authority Authority undetectable
[controller_server-9] Possible reasons are listed at http://wiki.ros.org/tf/Errors%20explained
[collision_monitor-17] [WARN] [1785623436.944359338] []: TF_OLD_DATA ignoring data from the past for frame base_link at time 20.052000 according to authority Authority undetectable
[collision_monitor-17] Possible reasons are listed at http://wiki.ros.org/tf/Errors%20explained
[route_server-12] [WARN] [1785623436.944382213] []: TF_OLD_DATA ignoring data from the past for frame base_link at time 20.052000 according to authority Authority undetectable
[route_server-12] Possible reasons are listed at http://wiki.ros.org/tf/Errors%20explained
[bt_navigator-14] [WARN] [1785623436.944388636] []: TF_OLD_DATA ignoring data from the past for frame base_link at time 20.052000 according to authority Authority undetectable
[bt_navigator-14] Possible reasons are listed at http://wiki.ros.org/tf/Errors%20explained
[smoother_server-10] [WARN] [1785623436.944393468] []: TF_OLD_DATA ignoring data from the past for frame base_link at time 20.052000 according to authority Authority undetectable
[smoother_server-10] Possible reasons are listed at http://wiki.ros.org/tf/Errors%20explained
[smoother_server-10] [INFO] [1785623436.967446776] [smoother_server]: Received a path to smooth.
[controller_server-9] [WARN] [1785623436.978890552] []: TF_OLD_DATA ignoring data from the past for frame base_link at time 3.168000 according to authority Authority undetectable
[controller_server-9] Possible reasons are listed at http://wiki.ros.org/tf/Errors%20explained
[behavior_server-13] [WARN] [1785623436.978908654] []: TF_OLD_DATA ignoring data from the past for frame base_link at time 3.168000 according to authority Authority undetectable
[behavior_server-13] Possible reasons are listed at http://wiki.ros.org/tf/Errors%20explained
[smoother_server-10] [WARN] [1785623436.978934024] []: TF_OLD_DATA ignoring data from the past for frame base_link at time 3.168000 according to authority Authority undetectable
[smoother_server-10] Possible reasons are listed at http://wiki.ros.org/tf/Errors%20explained
[bt_navigator-14] [WARN] [1785623436.978955301] []: TF_OLD_DATA ignoring data from the past for frame base_link at time 3.168000 according to authority Authority undetectable
[bt_navigator-14] Possible reasons are listed at http://wiki.ros.org/tf/Errors%20explained
[planner_server-11] [WARN] [1785623436.978964420] []: TF_OLD_DATA ignoring data from the past for frame base_link at time 3.168000 according to authority Authority undetectable
[planner_server-11] Possible reasons are listed at http://wiki.ros.org/tf/Errors%20explained
[route_server-12] [WARN] [1785623436.978979841] []: TF_OLD_DATA ignoring data from the past for frame base_link at time 3.168000 according to authority Authority undetectable
[route_server-12] Possible reasons are listed at http://wiki.ros.org/tf/Errors%20explained
[amcl-7] [WARN] [1785623436.979072664] []: TF_OLD_DATA ignoring data from the past for frame base_link at time 3.168000 according to authority Authority undetectable
[amcl-7] Possible reasons are listed at http://wiki.ros.org/tf/Errors%20explained
[collision_monitor-17] [WARN] [1785623436.979108476] []: TF_OLD_DATA ignoring data from the past for frame base_link at time 3.168000 according to authority Authority undetectable
[collision_monitor-17] Possible reasons are listed at http://wiki.ros.org/tf/Errors%20explained
[amcl-7] [WARN] [1785623436.979542048] []: TF_OLD_DATA ignoring data from the past for frame base_link at time 20.088000 according to authority Authority undetectable
[amcl-7] Possible reasons are listed at http://wiki.ros.org/tf/Errors%20explained
[smoother_server-10] [WARN] [1785623436.979545107] []: TF_OLD_DATA ignoring data from the past for frame base_link at time 20.088000 according to authority Authority undetectable
[smoother_server-10] Possible reasons are listed at http://wiki.ros.org/tf/Errors%20explained
[controller_server-9] [WARN] [1785623436.979531849] []: TF_OLD_DATA ignoring data from the past for frame base_link at time 20.088000 according to authority Authority undetectable
[controller_server-9] Possible reasons are listed at http://wiki.ros.org/tf/Errors%20explained
[behavior_server-13] [WARN] [1785623436.979562449] []: TF_OLD_DATA ignoring data from the past for frame base_link at time 20.088000 according to authority Authority undetectable
[behavior_server-13] Possible reasons are listed at http://wiki.ros.org/tf/Errors%20explained
[route_server-12] [WARN] [1785623436.979592526] []: TF_OLD_DATA ignoring data from the past for frame base_link at time 20.088000 according to authority Authority undetectable
[route_server-12] Possible reasons are listed at http://wiki.ros.org/tf/Errors%20explained
[collision_monitor-17] [WARN] [1785623436.979625039] []: TF_OLD_DATA ignoring data from the past for frame base_link at time 20.088000 according to authority Authority undetectable
[collision_monitor-17] Possible reasons are listed at http://wiki.ros.org/tf/Errors%20explained
[bt_navigator-14] [WARN] [1785623436.979626956] []: TF_OLD_DATA ignoring data from the past for frame base_link at time 20.088000 according to authority Authority undetectable
[bt_navigator-14] Possible reasons are listed at http://wiki.ros.org/tf/Errors%20explained
[planner_server-11] [WARN] [1785623436.979633964] []: TF_OLD_DATA ignoring data from the past for frame base_link at time 20.088000 according to authority Authority undetectable
[planner_server-11] Possible reasons are listed at http://wiki.ros.org/tf/Errors%20explained
[controller_server-9] [WARN] [1785623437.015282465] []: TF_OLD_DATA ignoring data from the past for frame base_link at time 3.204000 according to authority Authority undetectable
[controller_server-9] Possible reasons are listed at http://wiki.ros.org/tf/Errors%20explained
[route_server-12] [WARN] [1785623437.015315902] []: TF_OLD_DATA ignoring data from the past for frame base_link at time 3.204000 according to authority Authority undetectable
[route_server-12] Possible reasons are listed at http://wiki.ros.org/tf/Errors%20explained
[amcl-7] [WARN] [1785623437.015326988] []: TF_OLD_DATA ignoring data from the past for frame base_link at time 3.204000 according to authority Authority undetectable
[amcl-7] Possible reasons are listed at http://wiki.ros.org/tf/Errors%20explained
[behavior_server-13] [WARN] [1785623437.015352408] []: TF_OLD_DATA ignoring data from the past for frame base_link at time 3.204000 according to authority Authority undetectable
[behavior_server-13] Possible reasons are listed at http://wiki.ros.org/tf/Errors%20explained
[smoother_server-10] [WARN] [1785623437.015388128] []: TF_OLD_DATA ignoring data from the past for frame base_link at time 3.204000 according to authority Authority undetectable
[smoother_server-10] Possible reasons are listed at http://wiki.ros.org/tf/Errors%20explained
[planner_server-11] [WARN] [1785623437.015471378] []: TF_OLD_DATA ignoring data from the past for frame base_link at time 3.204000 according to authority Authority undetectable
[planner_server-11] Possible reasons are listed at http://wiki.ros.org/tf/Errors%20explained
[collision_monitor-17] [WARN] [1785623437.015483308] []: TF_OLD_DATA ignoring data from the past for frame base_link at time 3.204000 according to authority Authority undetectable
[collision_monitor-17] Possible reasons are listed at http://wiki.ros.org/tf/Errors%20explained
[bt_navigator-14] [WARN] [1785623437.015555105] []: TF_OLD_DATA ignoring data from the past for frame base_link at time 3.204000 according to authority Authority undetectable
[bt_navigator-14] Possible reasons are listed at http://wiki.ros.org/tf/Errors%20explained
[lifecycle_manager-19] [INFO] [1785623437.045633835] [lifecycle_manager_navigation]: Server bt_navigator connected with bond.
[lifecycle_manager-19] [INFO] [1785623437.045696991] [lifecycle_manager_navigation]: [34m[1mActivating waypoint_follower[0m[0m
[waypoint_follower-15] [INFO] [1785623437.046027778] [waypoint_follower]: Activating
[waypoint_follower-15] [INFO] [1785623437.046070290] [waypoint_follower]: Creating bond (waypoint_follower) to lifecycle manager.
[amcl-7] [WARN] [1785623437.050830910] []: TF_OLD_DATA ignoring data from the past for frame base_link at time 20.124000 according to authority Authority undetectable
[amcl-7] Possible reasons are listed at http://wiki.ros.org/tf/Errors%20explained
[route_server-12] [WARN] [1785623437.050850957] []: TF_OLD_DATA ignoring data from the past for frame base_link at time 20.124000 according to authority Authority undetectable
[route_server-12] Possible reasons are listed at http://wiki.ros.org/tf/Errors%20explained
[controller_server-9] [WARN] [1785623437.050878652] []: TF_OLD_DATA ignoring data from the past for frame base_link at time 20.124000 according to authority Authority undetectable
[controller_server-9] Possible reasons are listed at http://wiki.ros.org/tf/Errors%20explained
[smoother_server-10] [WARN] [1785623437.051025047] []: TF_OLD_DATA ignoring data from the past for frame base_link at time 20.124000 according to authority Authority undetectable
[smoother_server-10] Possible reasons are listed at http://wiki.ros.org/tf/Errors%20explained
[smoother_server-10] [WARN] [1785623437.051419068] []: TF_OLD_DATA ignoring data from the past for frame base_link at time 3.240000 according to authority Authority undetectable
[smoother_server-10] Possible reasons are listed at http://wiki.ros.org/tf/Errors%20explained
[collision_monitor-17] [WARN] [1785623437.050901537] []: TF_OLD_DATA ignoring data from the past for frame base_link at time 20.124000 according to authority Authority undetectable
[collision_monitor-17] Possible reasons are listed at http://wiki.ros.org/tf/Errors%20explained
[collision_monitor-17] [WARN] [1785623437.051328825] []: TF_OLD_DATA ignoring data from the past for frame base_link at time 3.240000 according to authority Authority undetectable
[collision_monitor-17] Possible reasons are listed at http://wiki.ros.org/tf/Errors%20explained
[amcl-7] [WARN] [1785623437.051164704] []: TF_OLD_DATA ignoring data from the past for frame base_link at time 3.240000 according to authority Authority undetectable
[amcl-7] Possible reasons are listed at http://wiki.ros.org/tf/Errors%20explained
[bt_navigator-14] [WARN] [1785623437.051177287] []: TF_OLD_DATA ignoring data from the past for frame base_link at time 20.124000 according to authority Authority undetectable
[bt_navigator-14] Possible reasons are listed at http://wiki.ros.org/tf/Errors%20explained
[bt_navigator-14] [WARN] [1785623437.051304680] []: TF_OLD_DATA ignoring data from the past for frame base_link at time 3.240000 according to authority Authority undetectable
[bt_navigator-14] Possible reasons are listed at http://wiki.ros.org/tf/Errors%20explained
[behavior_server-13] [WARN] [1785623437.051207878] []: TF_OLD_DATA ignoring data from the past for frame base_link at time 20.124000 according to authority Authority undetectable
[behavior_server-13] Possible reasons are listed at http://wiki.ros.org/tf/Errors%20explained
[behavior_server-13] [WARN] [1785623437.051245819] []: TF_OLD_DATA ignoring data from the past for frame base_link at time 3.240000 according to authority Authority undetectable
[behavior_server-13] Possible reasons are listed at http://wiki.ros.org/tf/Errors%20explained
[planner_server-11] [WARN] [1785623437.051234026] []: TF_OLD_DATA ignoring data from the past for frame base_link at time 20.124000 according to authority Authority undetectable
[planner_server-11] Possible reasons are listed at http://wiki.ros.org/tf/Errors%20explained
[planner_server-11] [WARN] [1785623437.051259425] []: TF_OLD_DATA ignoring data from the past for frame base_link at time 3.240000 according to authority Authority undetectable
[planner_server-11] Possible reasons are listed at http://wiki.ros.org/tf/Errors%20explained
[route_server-12] [WARN] [1785623437.051293172] []: TF_OLD_DATA ignoring data from the past for frame base_link at time 3.240000 according to authority Authority undetectable
[route_server-12] Possible reasons are listed at http://wiki.ros.org/tf/Errors%20explained
[controller_server-9] [WARN] [1785623437.051356148] []: TF_OLD_DATA ignoring data from the past for frame base_link at time 3.240000 according to authority Authority undetectable
[controller_server-9] Possible reasons are listed at http://wiki.ros.org/tf/Errors%20explained
[smoother_server-10] [INFO] [1785623437.075210454] [smoother_server]: PSTMO: 12 corners, 12 G2, 0 pivots, 0 pass-through, 480 evaluations, 0.107310 s
[amcl-7] [INFO] [1785623437.081281531] [amcl]: Message Filter dropping message: frame 'laser' at time 3.261 for reason 'the timestamp on the message is earlier than all the data in the transform cache'
[controller_server-9] [WARN] [1785623437.086356656] []: TF_OLD_DATA ignoring data from the past for frame base_link at time 20.160000 according to authority Authority undetectable
[controller_server-9] Possible reasons are listed at http://wiki.ros.org/tf/Errors%20explained
[collision_monitor-17] [WARN] [1785623437.086437594] []: TF_OLD_DATA ignoring data from the past for frame base_link at time 20.160000 according to authority Authority undetectable
[collision_monitor-17] Possible reasons are listed at http://wiki.ros.org/tf/Errors%20explained
[route_server-12] [WARN] [1785623437.086434466] []: TF_OLD_DATA ignoring data from the past for frame base_link at time 20.160000 according to authority Authority undetectable
[route_server-12] Possible reasons are listed at http://wiki.ros.org/tf/Errors%20explained
[behavior_server-13] [WARN] [1785623437.086437659] []: TF_OLD_DATA ignoring data from the past for frame base_link at time 20.160000 according to authority Authority undetectable
[behavior_server-13] Possible reasons are listed at http://wiki.ros.org/tf/Errors%20explained
[planner_server-11] [WARN] [1785623437.086591875] []: TF_OLD_DATA ignoring data from the past for frame base_link at time 20.160000 according to authority Authority undetectable
[planner_server-11] Possible reasons are listed at http://wiki.ros.org/tf/Errors%20explained
[smoother_server-10] [WARN] [1785623437.086656031] []: TF_OLD_DATA ignoring data from the past for frame base_link at time 20.160000 according to authority Authority undetectable
[smoother_server-10] Possible reasons are listed at http://wiki.ros.org/tf/Errors%20explained
[amcl-7] [WARN] [1785623437.086858059] []: TF_OLD_DATA ignoring data from the past for frame base_link at time 20.160000 according to authority Authority undetectable
[amcl-7] Possible reasons are listed at http://wiki.ros.org/tf/Errors%20explained
[bt_navigator-14] [WARN] [1785623437.086884791] []: TF_OLD_DATA ignoring data from the past for frame base_link at time 20.160000 according to authority Authority undetectable
[bt_navigator-14] Possible reasons are listed at http://wiki.ros.org/tf/Errors%20explained
[amcl-7] [WARN] [1785623437.087256199] []: TF_OLD_DATA ignoring data from the past for frame base_link at time 3.276000 according to authority Authority undetectable
[amcl-7] Possible reasons are listed at http://wiki.ros.org/tf/Errors%20explained
[behavior_server-13] [WARN] [1785623437.087296332] []: TF_OLD_DATA ignoring data from the past for frame base_link at time 3.276000 according to authority Authority undetectable
[behavior_server-13] Possible reasons are listed at http://wiki.ros.org/tf/Errors%20explained
[bt_navigator-14] [WARN] [1785623437.087305886] []: TF_OLD_DATA ignoring data from the past for frame base_link at time 3.276000 according to authority Authority undetectable
[bt_navigator-14] Possible reasons are listed at http://wiki.ros.org/tf/Errors%20explained
[smoother_server-10] [WARN] [1785623437.087316851] []: TF_OLD_DATA ignoring data from the past for frame base_link at time 3.276000 according to authority Authority undetectable
[smoother_server-10] Possible reasons are listed at http://wiki.ros.org/tf/Errors%20explained
[controller_server-9] [WARN] [1785623437.087325176] []: TF_OLD_DATA ignoring data from the past for frame base_link at time 3.276000 according to authority Authority undetectable
[controller_server-9] Possible reasons are listed at http://wiki.ros.org/tf/Errors%20explained
[route_server-12] [WARN] [1785623437.087328709] []: TF_OLD_DATA ignoring data from the past for frame base_link at time 3.276000 according to authority Authority undetectable
[route_server-12] Possible reasons are listed at http://wiki.ros.org/tf/Errors%20explained
[collision_monitor-17] [WARN] [1785623437.087337804] []: TF_OLD_DATA ignoring data from the past for frame base_link at time 3.276000 according to authority Authority undetectable
[collision_monitor-17] Possible reasons are listed at http://wiki.ros.org/tf/Errors%20explained
[planner_server-11] [WARN] [1785623437.087408451] []: TF_OLD_DATA ignoring data from the past for frame base_link at time 3.276000 according to authority Authority undetectable
[planner_server-11] Possible reasons are listed at http://wiki.ros.org/tf/Errors%20explained
[smoother_server-10] [INFO] [1785623437.120511694] [smoother_server]: PSTMO: 3 corners, 0 G2, 3 pivots, 0 pass-through, 120 evaluations, 0.045048 s
[smoother_server-10] [INFO] [1785623437.121492674] [smoother_server]: PSTMO LOS selector chose no-LOS (no-LOS=0.630211, LOS=0.630127, reason=no_los_quality_not_worse)
[planner_server-11] [WARN] [1785623437.122258376] []: TF_OLD_DATA ignoring data from the past for frame base_link at time 20.196000 according to authority Authority undetectable
[planner_server-11] Possible reasons are listed at http://wiki.ros.org/tf/Errors%20explained
[route_server-12] [WARN] [1785623437.122260936] []: TF_OLD_DATA ignoring data from the past for frame base_link at time 20.196000 according to authority Authority undetectable
[route_server-12] Possible reasons are listed at http://wiki.ros.org/tf/Errors%20explained
[bt_navigator-14] [WARN] [1785623437.122258933] []: TF_OLD_DATA ignoring data from the past for frame base_link at time 20.196000 according to authority Authority undetectable
[bt_navigator-14] Possible reasons are listed at http://wiki.ros.org/tf/Errors%20explained
[amcl-7] [WARN] [1785623437.122268941] []: TF_OLD_DATA ignoring data from the past for frame base_link at time 20.196000 according to authority Authority undetectable
[amcl-7] Possible reasons are listed at http://wiki.ros.org/tf/Errors%20explained
[behavior_server-13] [WARN] [1785623437.122269208] []: TF_OLD_DATA ignoring data from the past for frame base_link at time 20.196000 according to authority Authority undetectable
[behavior_server-13] Possible reasons are listed at http://wiki.ros.org/tf/Errors%20explained
[collision_monitor-17] [WARN] [1785623437.122281616] []: TF_OLD_DATA ignoring data from the past for frame base_link at time 20.196000 according to authority Authority undetectable
[collision_monitor-17] Possible reasons are listed at http://wiki.ros.org/tf/Errors%20explained
[smoother_server-10] [WARN] [1785623437.122367751] []: TF_OLD_DATA ignoring data from the past for frame base_link at time 20.196000 according to authority Authority undetectable
[smoother_server-10] Possible reasons are listed at http://wiki.ros.org/tf/Errors%20explained
[controller_server-9] [WARN] [1785623437.122367960] []: TF_OLD_DATA ignoring data from the past for frame base_link at time 20.196000 according to authority Authority undetectable
[controller_server-9] Possible reasons are listed at http://wiki.ros.org/tf/Errors%20explained
[controller_server-9] [WARN] [1785623437.122901046] []: TF_OLD_DATA ignoring data from the past for frame base_link at time 3.312000 according to authority Authority undetectable
[controller_server-9] Possible reasons are listed at http://wiki.ros.org/tf/Errors%20explained
[bt_navigator-14] [WARN] [1785623437.122958282] []: TF_OLD_DATA ignoring data from the past for frame base_link at time 3.312000 according to authority Authority undetectable
[bt_navigator-14] Possible reasons are listed at http://wiki.ros.org/tf/Errors%20explained
[behavior_server-13] [WARN] [1785623437.122969400] []: TF_OLD_DATA ignoring data from the past for frame base_link at time 3.312000 according to authority Authority undetectable
[behavior_server-13] Possible reasons are listed at http://wiki.ros.org/tf/Errors%20explained
[amcl-7] [WARN] [1785623437.122974886] []: TF_OLD_DATA ignoring data from the past for frame base_link at time 3.312000 according to authority Authority undetectable
[amcl-7] Possible reasons are listed at http://wiki.ros.org/tf/Errors%20explained
[planner_server-11] [WARN] [1785623437.122977555] []: TF_OLD_DATA ignoring data from the past for frame base_link at time 3.312000 according to authority Authority undetectable
[planner_server-11] Possible reasons are listed at http://wiki.ros.org/tf/Errors%20explained
[smoother_server-10] [WARN] [1785623437.122927271] []: TF_OLD_DATA ignoring data from the past for frame base_link at time 3.312000 according to authority Authority undetectable
[smoother_server-10] Possible reasons are listed at http://wiki.ros.org/tf/Errors%20explained
[collision_monitor-17] [WARN] [1785623437.123018316] []: TF_OLD_DATA ignoring data from the past for frame base_link at time 3.312000 according to authority Authority undetectable
[collision_monitor-17] Possible reasons are listed at http://wiki.ros.org/tf/Errors%20explained
[route_server-12] [WARN] [1785623437.123040966] []: TF_OLD_DATA ignoring data from the past for frame base_link at time 3.312000 according to authority Authority undetectable
[route_server-12] Possible reasons are listed at http://wiki.ros.org/tf/Errors%20explained
[lifecycle_manager-19] [INFO] [1785623437.154646422] [lifecycle_manager_navigation]: Server waypoint_follower connected with bond.
[lifecycle_manager-19] [INFO] [1785623437.154702415] [lifecycle_manager_navigation]: [34m[1mActivating docking_server[0m[0m
[opennav_docking-18] [INFO] [1785623437.155083150] [docking_server]: Activating docking_server
[controller_server-9] [WARN] [1785623437.158890744] []: TF_OLD_DATA ignoring data from the past for frame base_link at time 20.232000 according to authority Authority undetectable
[controller_server-9] Possible reasons are listed at http://wiki.ros.org/tf/Errors%20explained
[collision_monitor-17] [WARN] [1785623437.158913859] []: TF_OLD_DATA ignoring data from the past for frame base_link at time 20.232000 according to authority Authority undetectable
[collision_monitor-17] Possible reasons are listed at http://wiki.ros.org/tf/Errors%20explained
[amcl-7] [WARN] [1785623437.158930592] []: TF_OLD_DATA ignoring data from the past for frame base_link at time 20.232000 according to authority Authority undetectable
[amcl-7] Possible reasons are listed at http://wiki.ros.org/tf/Errors%20explained
[planner_server-11] [WARN] [1785623437.158950878] []: TF_OLD_DATA ignoring data from the past for frame base_link at time 20.232000 according to authority Authority undetectable
[planner_server-11] Possible reasons are listed at http://wiki.ros.org/tf/Errors%20explained
[behavior_server-13] [WARN] [1785623437.159001468] []: TF_OLD_DATA ignoring data from the past for frame base_link at time 20.232000 according to authority Authority undetectable
[behavior_server-13] Possible reasons are listed at http://wiki.ros.org/tf/Errors%20explained
[smoother_server-10] [WARN] [1785623437.159017746] []: TF_OLD_DATA ignoring data from the past for frame base_link at time 20.232000 according to authority Authority undetectable
[smoother_server-10] Possible reasons are listed at http://wiki.ros.org/tf/Errors%20explained
[route_server-12] [WARN] [1785623437.159304880] []: TF_OLD_DATA ignoring data from the past for frame base_link at time 20.232000 according to authority Authority undetectable
[route_server-12] Possible reasons are listed at http://wiki.ros.org/tf/Errors%20explained
[route_server-12] [WARN] [1785623437.160041269] []: TF_OLD_DATA ignoring data from the past for frame base_link at time 3.348000 according to authority Authority undetectable
[route_server-12] Possible reasons are listed at http://wiki.ros.org/tf/Errors%20explained
[bt_navigator-14] [WARN] [1785623437.159365206] []: TF_OLD_DATA ignoring data from the past for frame base_link at time 20.232000 according to authority Authority undetectable
[bt_navigator-14] Possible reasons are listed at http://wiki.ros.org/tf/Errors%20explained
[controller_server-9] [WARN] [1785623437.159972650] []: TF_OLD_DATA ignoring data from the past for frame base_link at time 3.348000 according to authority Authority undetectable
[controller_server-9] Possible reasons are listed at http://wiki.ros.org/tf/Errors%20explained
[amcl-7] [WARN] [1785623437.159986516] []: TF_OLD_DATA ignoring data from the past for frame base_link at time 3.348000 according to authority Authority undetectable
[amcl-7] Possible reasons are listed at http://wiki.ros.org/tf/Errors%20explained
[behavior_server-13] [WARN] [1785623437.160085724] []: TF_OLD_DATA ignoring data from the past for frame base_link at time 3.348000 according to authority Authority undetectable
[behavior_server-13] Possible reasons are listed at http://wiki.ros.org/tf/Errors%20explained
[planner_server-11] [WARN] [1785623437.160215595] []: TF_OLD_DATA ignoring data from the past for frame base_link at time 3.348000 according to authority Authority undetectable
[planner_server-11] Possible reasons are listed at http://wiki.ros.org/tf/Errors%20explained
[collision_monitor-17] [WARN] [1785623437.160223050] []: TF_OLD_DATA ignoring data from the past for frame base_link at time 3.348000 according to authority Authority undetectable
[collision_monitor-17] Possible reasons are listed at http://wiki.ros.org/tf/Errors%20explained
[opennav_docking-18] [WARN] [1785623437.160256482] []: TF_OLD_DATA ignoring data from the past for frame base_link at time 3.348000 according to authority Authority undetectable
[opennav_docking-18] Possible reasons are listed at http://wiki.ros.org/tf/Errors%20explained
[bt_navigator-14] [WARN] [1785623437.160434889] []: TF_OLD_DATA ignoring data from the past for frame base_link at time 3.348000 according to authority Authority undetectable
[bt_navigator-14] Possible reasons are listed at http://wiki.ros.org/tf/Errors%20explained
[smoother_server-10] [WARN] [1785623437.161382876] []: TF_OLD_DATA ignoring data from the past for frame base_link at time 3.348000 according to authority Authority undetectable
[smoother_server-10] Possible reasons are listed at http://wiki.ros.org/tf/Errors%20explained
[opennav_docking-18] [INFO] [1785623437.167443084] [docking_server]: Creating bond (docking_server) to lifecycle manager.
[bt_navigator-14] [WARN] [1785623437.194223863] []: TF_OLD_DATA ignoring data from the past for frame base_link at time 20.268000 according to authority Authority undetectable
[bt_navigator-14] Possible reasons are listed at http://wiki.ros.org/tf/Errors%20explained
[smoother_server-10] [WARN] [1785623437.194223144] []: TF_OLD_DATA ignoring data from the past for frame base_link at time 20.268000 according to authority Authority undetectable
[smoother_server-10] Possible reasons are listed at http://wiki.ros.org/tf/Errors%20explained
[amcl-7] [WARN] [1785623437.194286237] []: TF_OLD_DATA ignoring data from the past for frame base_link at time 20.268000 according to authority Authority undetectable
[amcl-7] Possible reasons are listed at http://wiki.ros.org/tf/Errors%20explained
[route_server-12] [WARN] [1785623437.194296894] []: TF_OLD_DATA ignoring data from the past for frame base_link at time 20.268000 according to authority Authority undetectable
[route_server-12] Possible reasons are listed at http://wiki.ros.org/tf/Errors%20explained
[collision_monitor-17] [WARN] [1785623437.194320108] []: TF_OLD_DATA ignoring data from the past for frame base_link at time 20.268000 according to authority Authority undetectable
[collision_monitor-17] Possible reasons are listed at http://wiki.ros.org/tf/Errors%20explained
[controller_server-9] [WARN] [1785623437.194322609] []: TF_OLD_DATA ignoring data from the past for frame base_link at time 20.268000 according to authority Authority undetectable
[controller_server-9] Possible reasons are listed at http://wiki.ros.org/tf/Errors%20explained
[behavior_server-13] [WARN] [1785623437.194384298] []: TF_OLD_DATA ignoring data from the past for frame base_link at time 20.268000 according to authority Authority undetectable
[behavior_server-13] Possible reasons are listed at http://wiki.ros.org/tf/Errors%20explained
[planner_server-11] [WARN] [1785623437.194481350] []: TF_OLD_DATA ignoring data from the past for frame base_link at time 20.268000 according to authority Authority undetectable
[planner_server-11] Possible reasons are listed at http://wiki.ros.org/tf/Errors%20explained
[opennav_docking-18] [WARN] [1785623437.194741166] []: TF_OLD_DATA ignoring data from the past for frame base_link at time 20.268000 according to authority Authority undetectable
[opennav_docking-18] Possible reasons are listed at http://wiki.ros.org/tf/Errors%20explained
[controller_server-9] [WARN] [1785623437.195031061] []: TF_OLD_DATA ignoring data from the past for frame base_link at time 3.384000 according to authority Authority undetectable
[controller_server-9] Possible reasons are listed at http://wiki.ros.org/tf/Errors%20explained
[amcl-7] [WARN] [1785623437.195038618] []: TF_OLD_DATA ignoring data from the past for frame base_link at time 3.384000 according to authority Authority undetectable
[amcl-7] Possible reasons are listed at http://wiki.ros.org/tf/Errors%20explained
[route_server-12] [WARN] [1785623437.195076703] []: TF_OLD_DATA ignoring data from the past for frame base_link at time 3.384000 according to authority Authority undetectable
[route_server-12] Possible reasons are listed at http://wiki.ros.org/tf/Errors%20explained
[planner_server-11] [WARN] [1785623437.195094508] []: TF_OLD_DATA ignoring data from the past for frame base_link at time 3.384000 according to authority Authority undetectable
[planner_server-11] Possible reasons are listed at http://wiki.ros.org/tf/Errors%20explained
[opennav_docking-18] [WARN] [1785623437.195142596] []: TF_OLD_DATA ignoring data from the past for frame base_link at time 3.384000 according to authority Authority undetectable
[opennav_docking-18] Possible reasons are listed at http://wiki.ros.org/tf/Errors%20explained
[collision_monitor-17] [WARN] [1785623437.195144671] []: TF_OLD_DATA ignoring data from the past for frame base_link at time 3.384000 according to authority Authority undetectable
[collision_monitor-17] Possible reasons are listed at http://wiki.ros.org/tf/Errors%20explained
[behavior_server-13] [WARN] [1785623437.195158288] []: TF_OLD_DATA ignoring data from the past for frame base_link at time 3.384000 according to authority Authority undetectable
[behavior_server-13] Possible reasons are listed at http://wiki.ros.org/tf/Errors%20explained
[smoother_server-10] [WARN] [1785623437.195161555] []: TF_OLD_DATA ignoring data from the past for frame base_link at time 3.384000 according to authority Authority undetectable
[smoother_server-10] Possible reasons are listed at http://wiki.ros.org/tf/Errors%20explained
[bt_navigator-14] [WARN] [1785623437.195231416] []: TF_OLD_DATA ignoring data from the past for frame base_link at time 3.384000 according to authority Authority undetectable
[bt_navigator-14] Possible reasons are listed at http://wiki.ros.org/tf/Errors%20explained
[controller_server-9] [WARN] [1785623437.230064542] []: TF_OLD_DATA ignoring data from the past for frame base_link at time 20.304000 according to authority Authority undetectable
[controller_server-9] Possible reasons are listed at http://wiki.ros.org/tf/Errors%20explained
[collision_monitor-17] [WARN] [1785623437.230145442] []: TF_OLD_DATA ignoring data from the past for frame base_link at time 20.304000 according to authority Authority undetectable
[collision_monitor-17] Possible reasons are listed at http://wiki.ros.org/tf/Errors%20explained
[bt_navigator-14] [WARN] [1785623437.230154144] []: TF_OLD_DATA ignoring data from the past for frame base_link at time 20.304000 according to authority Authority undetectable
[bt_navigator-14] Possible reasons are listed at http://wiki.ros.org/tf/Errors%20explained
[smoother_server-10] [WARN] [1785623437.230179893] []: TF_OLD_DATA ignoring data from the past for frame base_link at time 20.304000 according to authority Authority undetectable
[smoother_server-10] Possible reasons are listed at http://wiki.ros.org/tf/Errors%20explained
[amcl-7] [WARN] [1785623437.230181780] []: TF_OLD_DATA ignoring data from the past for frame base_link at time 20.304000 according to authority Authority undetectable
[amcl-7] Possible reasons are listed at http://wiki.ros.org/tf/Errors%20explained
[behavior_server-13] [WARN] [1785623437.230197504] []: TF_OLD_DATA ignoring data from the past for frame base_link at time 20.304000 according to authority Authority undetectable
[behavior_server-13] Possible reasons are listed at http://wiki.ros.org/tf/Errors%20explained
[planner_server-11] [WARN] [1785623437.230232304] []: TF_OLD_DATA ignoring data from the past for frame base_link at time 20.304000 according to authority Authority undetectable
[planner_server-11] Possible reasons are listed at http://wiki.ros.org/tf/Errors%20explained
[route_server-12] [WARN] [1785623437.230247275] []: TF_OLD_DATA ignoring data from the past for frame base_link at time 20.304000 according to authority Authority undetectable
[route_server-12] Possible reasons are listed at http://wiki.ros.org/tf/Errors%20explained
[opennav_docking-18] [WARN] [1785623437.230916198] []: TF_OLD_DATA ignoring data from the past for frame base_link at time 20.304000 according to authority Authority undetectable
[opennav_docking-18] Possible reasons are listed at http://wiki.ros.org/tf/Errors%20explained
[planner_server-11] [WARN] [1785623437.231046744] []: TF_OLD_DATA ignoring data from the past for frame base_link at time 3.420000 according to authority Authority undetectable
[planner_server-11] Possible reasons are listed at http://wiki.ros.org/tf/Errors%20explained
[controller_server-9] [WARN] [1785623437.231052509] []: TF_OLD_DATA ignoring data from the past for frame base_link at time 3.420000 according to authority Authority undetectable
[controller_server-9] Possible reasons are listed at http://wiki.ros.org/tf/Errors%20explained
[amcl-7] [WARN] [1785623437.231069656] []: TF_OLD_DATA ignoring data from the past for frame base_link at time 3.420000 according to authority Authority undetectable
[amcl-7] Possible reasons are listed at http://wiki.ros.org/tf/Errors%20explained
[collision_monitor-17] [WARN] [1785623437.231073638] []: TF_OLD_DATA ignoring data from the past for frame base_link at time 3.420000 according to authority Authority undetectable
[collision_monitor-17] Possible reasons are listed at http://wiki.ros.org/tf/Errors%20explained
[bt_navigator-14] [WARN] [1785623437.231082039] []: TF_OLD_DATA ignoring data from the past for frame base_link at time 3.420000 according to authority Authority undetectable
[bt_navigator-14] Possible reasons are listed at http://wiki.ros.org/tf/Errors%20explained
[smoother_server-10] [WARN] [1785623437.231083751] []: TF_OLD_DATA ignoring data from the past for frame base_link at time 3.420000 according to authority Authority undetectable
[smoother_server-10] Possible reasons are listed at http://wiki.ros.org/tf/Errors%20explained
[opennav_docking-18] [WARN] [1785623437.231085046] []: TF_OLD_DATA ignoring data from the past for frame base_link at time 3.420000 according to authority Authority undetectable
[opennav_docking-18] Possible reasons are listed at http://wiki.ros.org/tf/Errors%20explained
[route_server-12] [WARN] [1785623437.231085506] []: TF_OLD_DATA ignoring data from the past for frame base_link at time 3.420000 according to authority Authority undetectable
[route_server-12] Possible reasons are listed at http://wiki.ros.org/tf/Errors%20explained
[behavior_server-13] [WARN] [1785623437.231118452] []: TF_OLD_DATA ignoring data from the past for frame base_link at time 3.420000 according to authority Authority undetectable
[behavior_server-13] Possible reasons are listed at http://wiki.ros.org/tf/Errors%20explained
[controller_server-9] [WARN] [1785623437.266301646] []: TF_OLD_DATA ignoring data from the past for frame base_link at time 20.340000 according to authority Authority undetectable
[controller_server-9] Possible reasons are listed at http://wiki.ros.org/tf/Errors%20explained
[amcl-7] [WARN] [1785623437.266330551] []: TF_OLD_DATA ignoring data from the past for frame base_link at time 20.340000 according to authority Authority undetectable
[amcl-7] Possible reasons are listed at http://wiki.ros.org/tf/Errors%20explained
[bt_navigator-14] [WARN] [1785623437.266387279] []: TF_OLD_DATA ignoring data from the past for frame base_link at time 20.340000 according to authority Authority undetectable
[bt_navigator-14] Possible reasons are listed at http://wiki.ros.org/tf/Errors%20explained
[collision_monitor-17] [WARN] [1785623437.266404764] []: TF_OLD_DATA ignoring data from the past for frame base_link at time 20.340000 according to authority Authority undetectable
[collision_monitor-17] Possible reasons are listed at http://wiki.ros.org/tf/Errors%20explained
[behavior_server-13] [WARN] [1785623437.266416257] []: TF_OLD_DATA ignoring data from the past for frame base_link at time 20.340000 according to authority Authority undetectable
[behavior_server-13] Possible reasons are listed at http://wiki.ros.org/tf/Errors%20explained
[opennav_docking-18] [WARN] [1785623437.266447245] []: TF_OLD_DATA ignoring data from the past for frame base_link at time 20.340000 according to authority Authority undetectable
[opennav_docking-18] Possible reasons are listed at http://wiki.ros.org/tf/Errors%20explained
[planner_server-11] [WARN] [1785623437.266454823] []: TF_OLD_DATA ignoring data from the past for frame base_link at time 20.340000 according to authority Authority undetectable
[planner_server-11] Possible reasons are listed at http://wiki.ros.org/tf/Errors%20explained
[smoother_server-10] [WARN] [1785623437.266481134] []: TF_OLD_DATA ignoring data from the past for frame base_link at time 20.340000 according to authority Authority undetectable
[smoother_server-10] Possible reasons are listed at http://wiki.ros.org/tf/Errors%20explained
[route_server-12] [WARN] [1785623437.266548165] []: TF_OLD_DATA ignoring data from the past for frame base_link at time 20.340000 according to authority Authority undetectable
[route_server-12] Possible reasons are listed at http://wiki.ros.org/tf/Errors%20explained
[route_server-12] [WARN] [1785623437.267054314] []: TF_OLD_DATA ignoring data from the past for frame base_link at time 3.456000 according to authority Authority undetectable
[route_server-12] Possible reasons are listed at http://wiki.ros.org/tf/Errors%20explained
[smoother_server-10] [WARN] [1785623437.267054191] []: TF_OLD_DATA ignoring data from the past for frame base_link at time 3.456000 according to authority Authority undetectable
[smoother_server-10] Possible reasons are listed at http://wiki.ros.org/tf/Errors%20explained
[amcl-7] [WARN] [1785623437.267047534] []: TF_OLD_DATA ignoring data from the past for frame base_link at time 3.456000 according to authority Authority undetectable
[amcl-7] Possible reasons are listed at http://wiki.ros.org/tf/Errors%20explained
[planner_server-11] [WARN] [1785623437.267054124] []: TF_OLD_DATA ignoring data from the past for frame base_link at time 3.456000 according to authority Authority undetectable
[planner_server-11] Possible reasons are listed at http://wiki.ros.org/tf/Errors%20explained
[collision_monitor-17] [WARN] [1785623437.267069500] []: TF_OLD_DATA ignoring data from the past for frame base_link at time 3.456000 according to authority Authority undetectable
[collision_monitor-17] Possible reasons are listed at http://wiki.ros.org/tf/Errors%20explained
[behavior_server-13] [WARN] [1785623437.267095048] []: TF_OLD_DATA ignoring data from the past for frame base_link at time 3.456000 according to authority Authority undetectable
[behavior_server-13] Possible reasons are listed at http://wiki.ros.org/tf/Errors%20explained
[opennav_docking-18] [WARN] [1785623437.267119713] []: TF_OLD_DATA ignoring data from the past for frame base_link at time 3.456000 according to authority Authority undetectable
[opennav_docking-18] Possible reasons are listed at http://wiki.ros.org/tf/Errors%20explained
[bt_navigator-14] [WARN] [1785623437.267129151] []: TF_OLD_DATA ignoring data from the past for frame base_link at time 3.456000 according to authority Authority undetectable
[bt_navigator-14] Possible reasons are listed at http://wiki.ros.org/tf/Errors%20explained
[controller_server-9] [WARN] [1785623437.267172004] []: TF_OLD_DATA ignoring data from the past for frame base_link at time 3.456000 according to authority Authority undetectable
[controller_server-9] Possible reasons are listed at http://wiki.ros.org/tf/Errors%20explained
[lifecycle_manager-19] [INFO] [1785623437.274888755] [lifecycle_manager_navigation]: Server docking_server connected with bond.
[lifecycle_manager-19] [INFO] [1785623437.274942200] [lifecycle_manager_navigation]: [34m[1mManaged nodes are active[0m[0m
[lifecycle_manager-19] [INFO] [1785623437.274950960] [lifecycle_manager_navigation]: [34m[1mCreating bond timer...[0m[0m
[bt_navigator-14] [WARN] [1785623437.302253344] []: TF_OLD_DATA ignoring data from the past for frame base_link at time 20.376000 according to authority Authority undetectable
[bt_navigator-14] Possible reasons are listed at http://wiki.ros.org/tf/Errors%20explained
[smoother_server-10] [WARN] [1785623437.302253358] []: TF_OLD_DATA ignoring data from the past for frame base_link at time 20.376000 according to authority Authority undetectable
[smoother_server-10] Possible reasons are listed at http://wiki.ros.org/tf/Errors%20explained
[opennav_docking-18] [WARN] [1785623437.302273960] []: TF_OLD_DATA ignoring data from the past for frame base_link at time 20.376000 according to authority Authority undetectable
[opennav_docking-18] Possible reasons are listed at http://wiki.ros.org/tf/Errors%20explained
[controller_server-9] [WARN] [1785623437.302276864] []: TF_OLD_DATA ignoring data from the past for frame base_link at time 20.376000 according to authority Authority undetectable
[controller_server-9] Possible reasons are listed at http://wiki.ros.org/tf/Errors%20explained
[amcl-7] [WARN] [1785623437.302286584] []: TF_OLD_DATA ignoring data from the past for frame base_link at time 20.376000 according to authority Authority undetectable
[amcl-7] Possible reasons are listed at http://wiki.ros.org/tf/Errors%20explained
[route_server-12] [WARN] [1785623437.302287847] []: TF_OLD_DATA ignoring data from the past for frame base_link at time 20.376000 according to authority Authority undetectable
[route_server-12] Possible reasons are listed at http://wiki.ros.org/tf/Errors%20explained
[behavior_server-13] [WARN] [1785623437.302357753] []: TF_OLD_DATA ignoring data from the past for frame base_link at time 20.376000 according to authority Authority undetectable
[behavior_server-13] Possible reasons are listed at http://wiki.ros.org/tf/Errors%20explained
[planner_server-11] [WARN] [1785623437.302372246] []: TF_OLD_DATA ignoring data from the past for frame base_link at time 20.376000 according to authority Authority undetectable
[planner_server-11] Possible reasons are listed at http://wiki.ros.org/tf/Errors%20explained
[collision_monitor-17] [WARN] [1785623437.302417673] []: TF_OLD_DATA ignoring data from the past for frame base_link at time 20.376000 according to authority Authority undetectable
[collision_monitor-17] Possible reasons are listed at http://wiki.ros.org/tf/Errors%20explained
[amcl-7] [WARN] [1785623437.302893406] []: TF_OLD_DATA ignoring data from the past for frame base_link at time 3.492000 according to authority Authority undetectable
[amcl-7] Possible reasons are listed at http://wiki.ros.org/tf/Errors%20explained
[controller_server-9] [WARN] [1785623437.302908632] []: TF_OLD_DATA ignoring data from the past for frame base_link at time 3.492000 according to authority Authority undetectable
[controller_server-9] Possible reasons are listed at http://wiki.ros.org/tf/Errors%20explained
[behavior_server-13] [WARN] [1785623437.302913772] []: TF_OLD_DATA ignoring data from the past for frame base_link at time 3.492000 according to authority Authority undetectable
[behavior_server-13] Possible reasons are listed at http://wiki.ros.org/tf/Errors%20explained
[planner_server-11] [WARN] [1785623437.302913985] []: TF_OLD_DATA ignoring data from the past for frame base_link at time 3.492000 according to authority Authority undetectable
[planner_server-11] Possible reasons are listed at http://wiki.ros.org/tf/Errors%20explained
[smoother_server-10] [WARN] [1785623437.302924251] []: TF_OLD_DATA ignoring data from the past for frame base_link at time 3.492000 according to authority Authority undetectable
[smoother_server-10] Possible reasons are listed at http://wiki.ros.org/tf/Errors%20explained
[route_server-12] [WARN] [1785623437.302949908] []: TF_OLD_DATA ignoring data from the past for frame base_link at time 3.492000 according to authority Authority undetectable
[route_server-12] Possible reasons are listed at http://wiki.ros.org/tf/Errors%20explained
[bt_navigator-14] [WARN] [1785623437.302989134] []: TF_OLD_DATA ignoring data from the past for frame base_link at time 3.492000 according to authority Authority undetectable
[bt_navigator-14] Possible reasons are listed at http://wiki.ros.org/tf/Errors%20explained
[collision_monitor-17] [WARN] [1785623437.303053419] []: TF_OLD_DATA ignoring data from the past for frame base_link at time 3.492000 according to authority Authority undetectable
[collision_monitor-17] Possible reasons are listed at http://wiki.ros.org/tf/Errors%20explained
[opennav_docking-18] [WARN] [1785623437.303084607] []: TF_OLD_DATA ignoring data from the past for frame base_link at time 3.492000 according to authority Authority undetectable
[opennav_docking-18] Possible reasons are listed at http://wiki.ros.org/tf/Errors%20explained
[amcl-7] [WARN] [1785623437.338125502] []: TF_OLD_DATA ignoring data from the past for frame base_link at time 20.412000 according to authority Authority undetectable
[amcl-7] Possible reasons are listed at http://wiki.ros.org/tf/Errors%20explained
[collision_monitor-17] [WARN] [1785623437.338130547] []: TF_OLD_DATA ignoring data from the past for frame base_link at time 20.412000 according to authority Authority undetectable
[collision_monitor-17] Possible reasons are listed at http://wiki.ros.org/tf/Errors%20explained
[planner_server-11] [WARN] [1785623437.338175167] []: TF_OLD_DATA ignoring data from the past for frame base_link at time 20.412000 according to authority Authority undetectable
[planner_server-11] Possible reasons are listed at http://wiki.ros.org/tf/Errors%20explained
[behavior_server-13] [WARN] [1785623437.338208999] []: TF_OLD_DATA ignoring data from the past for frame base_link at time 20.412000 according to authority Authority undetectable
[behavior_server-13] Possible reasons are listed at http://wiki.ros.org/tf/Errors%20explained
[opennav_docking-18] [WARN] [1785623437.338211156] []: TF_OLD_DATA ignoring data from the past for frame base_link at time 20.412000 according to authority Authority undetectable
[opennav_docking-18] Possible reasons are listed at http://wiki.ros.org/tf/Errors%20explained
[smoother_server-10] [WARN] [1785623437.338223424] []: TF_OLD_DATA ignoring data from the past for frame base_link at time 20.412000 according to authority Authority undetectable
[smoother_server-10] Possible reasons are listed at http://wiki.ros.org/tf/Errors%20explained
[controller_server-9] [WARN] [1785623437.338225326] []: TF_OLD_DATA ignoring data from the past for frame base_link at time 20.412000 according to authority Authority undetectable
[controller_server-9] Possible reasons are listed at http://wiki.ros.org/tf/Errors%20explained
[route_server-12] [WARN] [1785623437.338713265] []: TF_OLD_DATA ignoring data from the past for frame base_link at time 20.412000 according to authority Authority undetectable
[route_server-12] Possible reasons are listed at http://wiki.ros.org/tf/Errors%20explained
[route_server-12] [WARN] [1785623437.338872730] []: TF_OLD_DATA ignoring data from the past for frame base_link at time 3.528000 according to authority Authority undetectable
[route_server-12] Possible reasons are listed at http://wiki.ros.org/tf/Errors%20explained
[bt_navigator-14] [WARN] [1785623437.338714538] []: TF_OLD_DATA ignoring data from the past for frame base_link at time 20.412000 according to authority Authority undetectable
[bt_navigator-14] Possible reasons are listed at http://wiki.ros.org/tf/Errors%20explained
[amcl-7] [WARN] [1785623437.338874984] []: TF_OLD_DATA ignoring data from the past for frame base_link at time 3.528000 according to authority Authority undetectable
[amcl-7] Possible reasons are listed at http://wiki.ros.org/tf/Errors%20explained
[smoother_server-10] [WARN] [1785623437.338879704] []: TF_OLD_DATA ignoring data from the past for frame base_link at time 3.528000 according to authority Authority undetectable
[smoother_server-10] Possible reasons are listed at http://wiki.ros.org/tf/Errors%20explained
[behavior_server-13] [WARN] [1785623437.338910492] []: TF_OLD_DATA ignoring data from the past for frame base_link at time 3.528000 according to authority Authority undetectable
[behavior_server-13] Possible reasons are listed at http://wiki.ros.org/tf/Errors%20explained
[collision_monitor-17] [WARN] [1785623437.338879742] []: TF_OLD_DATA ignoring data from the past for frame base_link at time 3.528000 according to authority Authority undetectable
[collision_monitor-17] Possible reasons are listed at http://wiki.ros.org/tf/Errors%20explained
[planner_server-11] [WARN] [1785623437.338955496] []: TF_OLD_DATA ignoring data from the past for frame base_link at time 3.528000 according to authority Authority undetectable
[planner_server-11] Possible reasons are listed at http://wiki.ros.org/tf/Errors%20explained
[bt_navigator-14] [WARN] [1785623437.338984631] []: TF_OLD_DATA ignoring data from the past for frame base_link at time 3.528000 according to authority Authority undetectable
[bt_navigator-14] Possible reasons are listed at http://wiki.ros.org/tf/Errors%20explained
[controller_server-9] [WARN] [1785623437.338997162] []: TF_OLD_DATA ignoring data from the past for frame base_link at time 3.528000 according to authority Authority undetectable
[controller_server-9] Possible reasons are listed at http://wiki.ros.org/tf/Errors%20explained
[opennav_docking-18] [WARN] [1785623437.339006995] []: TF_OLD_DATA ignoring data from the past for frame base_link at time 3.528000 according to authority Authority undetectable
[opennav_docking-18] Possible reasons are listed at http://wiki.ros.org/tf/Errors%20explained
[amcl-7] [WARN] [1785623437.373933117] []: TF_OLD_DATA ignoring data from the past for frame base_link at time 20.448000 according to authority Authority undetectable
[amcl-7] Possible reasons are listed at http://wiki.ros.org/tf/Errors%20explained
[controller_server-9] [WARN] [1785623437.373944584] []: TF_OLD_DATA ignoring data from the past for frame base_link at time 20.448000 according to authority Authority undetectable
[controller_server-9] Possible reasons are listed at http://wiki.ros.org/tf/Errors%20explained
[smoother_server-10] [WARN] [1785623437.373944638] []: TF_OLD_DATA ignoring data from the past for frame base_link at time 20.448000 according to authority Authority undetectable
[smoother_server-10] Possible reasons are listed at http://wiki.ros.org/tf/Errors%20explained
[planner_server-11] [WARN] [1785623437.373976308] []: TF_OLD_DATA ignoring data from the past for frame base_link at time 20.448000 according to authority Authority undetectable
[planner_server-11] Possible reasons are listed at http://wiki.ros.org/tf/Errors%20explained
[bt_navigator-14] [WARN] [1785623437.373986920] []: TF_OLD_DATA ignoring data from the past for frame base_link at time 20.448000 according to authority Authority undetectable
[bt_navigator-14] Possible reasons are listed at http://wiki.ros.org/tf/Errors%20explained
[collision_monitor-17] [WARN] [1785623437.373990608] []: TF_OLD_DATA ignoring data from the past for frame base_link at time 20.448000 according to authority Authority undetectable
[collision_monitor-17] Possible reasons are listed at http://wiki.ros.org/tf/Errors%20explained
[opennav_docking-18] [WARN] [1785623437.374055732] []: TF_OLD_DATA ignoring data from the past for frame base_link at time 20.448000 according to authority Authority undetectable
[opennav_docking-18] Possible reasons are listed at http://wiki.ros.org/tf/Errors%20explained
[route_server-12] [WARN] [1785623437.374091020] []: TF_OLD_DATA ignoring data from the past for frame base_link at time 20.448000 according to authority Authority undetectable
[route_server-12] Possible reasons are listed at http://wiki.ros.org/tf/Errors%20explained
[behavior_server-13] [WARN] [1785623437.374097655] []: TF_OLD_DATA ignoring data from the past for frame base_link at time 20.448000 according to authority Authority undetectable
[behavior_server-13] Possible reasons are listed at http://wiki.ros.org/tf/Errors%20explained
[amcl-7] [WARN] [1785623437.375038724] []: TF_OLD_DATA ignoring data from the past for frame base_link at time 3.564000 according to authority Authority undetectable
[amcl-7] Possible reasons are listed at http://wiki.ros.org/tf/Errors%20explained
[collision_monitor-17] [WARN] [1785623437.375062724] []: TF_OLD_DATA ignoring data from the past for frame base_link at time 3.564000 according to authority Authority undetectable
[collision_monitor-17] Possible reasons are listed at http://wiki.ros.org/tf/Errors%20explained
[bt_navigator-14] [WARN] [1785623437.375083302] []: TF_OLD_DATA ignoring data from the past for frame base_link at time 3.564000 according to authority Authority undetectable
[bt_navigator-14] Possible reasons are listed at http://wiki.ros.org/tf/Errors%20explained
[opennav_docking-18] [WARN] [1785623437.375082562] []: TF_OLD_DATA ignoring data from the past for frame base_link at time 3.564000 according to authority Authority undetectable
[opennav_docking-18] Possible reasons are listed at http://wiki.ros.org/tf/Errors%20explained
[route_server-12] [WARN] [1785623437.375085594] []: TF_OLD_DATA ignoring data from the past for frame base_link at time 3.564000 according to authority Authority undetectable
[route_server-12] Possible reasons are listed at http://wiki.ros.org/tf/Errors%20explained
[controller_server-9] [WARN] [1785623437.375088966] []: TF_OLD_DATA ignoring data from the past for frame base_link at time 3.564000 according to authority Authority undetectable
[controller_server-9] Possible reasons are listed at http://wiki.ros.org/tf/Errors%20explained
[planner_server-11] [WARN] [1785623437.375094141] []: TF_OLD_DATA ignoring data from the past for frame base_link at time 3.564000 according to authority Authority undetectable
[planner_server-11] Possible reasons are listed at http://wiki.ros.org/tf/Errors%20explained
[behavior_server-13] [WARN] [1785623437.375421650] []: TF_OLD_DATA ignoring data from the past for frame base_link at time 3.564000 according to authority Authority undetectable
[behavior_server-13] Possible reasons are listed at http://wiki.ros.org/tf/Errors%20explained
[smoother_server-10] [WARN] [1785623437.375682485] []: TF_OLD_DATA ignoring data from the past for frame base_link at time 3.564000 according to authority Authority undetectable
[smoother_server-10] Possible reasons are listed at http://wiki.ros.org/tf/Errors%20explained
[batch_benchmark-5] [INFO] [1785623437.381942554] [planner_geometry_benchmark]: [2/5] NavFnDijkstra / office_long_diagonal / repetition 1
[amcl-7] [WARN] [1785623437.410063048] []: TF_OLD_DATA ignoring data from the past for frame base_link at time 20.484000 according to authority Authority undetectable
[amcl-7] Possible reasons are listed at http://wiki.ros.org/tf/Errors%20explained
[planner_server-11] [WARN] [1785623437.410070678] []: TF_OLD_DATA ignoring data from the past for frame base_link at time 20.484000 according to authority Authority undetectable
[planner_server-11] Possible reasons are listed at http://wiki.ros.org/tf/Errors%20explained
[collision_monitor-17] [WARN] [1785623437.410092246] []: TF_OLD_DATA ignoring data from the past for frame base_link at time 20.484000 according to authority Authority undetectable
[collision_monitor-17] Possible reasons are listed at http://wiki.ros.org/tf/Errors%20explained
[smoother_server-10] [WARN] [1785623437.410105049] []: TF_OLD_DATA ignoring data from the past for frame base_link at time 20.484000 according to authority Authority undetectable
[smoother_server-10] Possible reasons are listed at http://wiki.ros.org/tf/Errors%20explained
[controller_server-9] [WARN] [1785623437.410124724] []: TF_OLD_DATA ignoring data from the past for frame base_link at time 20.484000 according to authority Authority undetectable
[controller_server-9] Possible reasons are listed at http://wiki.ros.org/tf/Errors%20explained
[opennav_docking-18] [WARN] [1785623437.410129747] []: TF_OLD_DATA ignoring data from the past for frame base_link at time 20.484000 according to authority Authority undetectable
[opennav_docking-18] Possible reasons are listed at http://wiki.ros.org/tf/Errors%20explained
[route_server-12] [WARN] [1785623437.410152706] []: TF_OLD_DATA ignoring data from the past for frame base_link at time 20.484000 according to authority Authority undetectable
[route_server-12] Possible reasons are listed at http://wiki.ros.org/tf/Errors%20explained
[bt_navigator-14] [WARN] [1785623437.410210762] []: TF_OLD_DATA ignoring data from the past for frame base_link at time 20.484000 according to authority Authority undetectable
[bt_navigator-14] Possible reasons are listed at http://wiki.ros.org/tf/Errors%20explained
[behavior_server-13] [WARN] [1785623437.410280762] []: TF_OLD_DATA ignoring data from the past for frame base_link at time 20.484000 according to authority Authority undetectable
[behavior_server-13] Possible reasons are listed at http://wiki.ros.org/tf/Errors%20explained
[planner_server-11] [WARN] [1785623437.411299024] []: TF_OLD_DATA ignoring data from the past for frame base_link at time 3.600000 according to authority Authority undetectable
[planner_server-11] Possible reasons are listed at http://wiki.ros.org/tf/Errors%20explained
[amcl-7] [WARN] [1785623437.411322384] []: TF_OLD_DATA ignoring data from the past for frame base_link at time 3.600000 according to authority Authority undetectable
[amcl-7] Possible reasons are listed at http://wiki.ros.org/tf/Errors%20explained
[opennav_docking-18] [WARN] [1785623437.411333749] []: TF_OLD_DATA ignoring data from the past for frame base_link at time 3.600000 according to authority Authority undetectable
[opennav_docking-18] Possible reasons are listed at http://wiki.ros.org/tf/Errors%20explained
[behavior_server-13] [WARN] [1785623437.411339073] []: TF_OLD_DATA ignoring data from the past for frame base_link at time 3.600000 according to authority Authority undetectable
[behavior_server-13] Possible reasons are listed at http://wiki.ros.org/tf/Errors%20explained
[bt_navigator-14] [WARN] [1785623437.411358009] []: TF_OLD_DATA ignoring data from the past for frame base_link at time 3.600000 according to authority Authority undetectable
[bt_navigator-14] Possible reasons are listed at http://wiki.ros.org/tf/Errors%20explained
[route_server-12] [WARN] [1785623437.411397678] []: TF_OLD_DATA ignoring data from the past for frame base_link at time 3.600000 according to authority Authority undetectable
[route_server-12] Possible reasons are listed at http://wiki.ros.org/tf/Errors%20explained
[controller_server-9] [WARN] [1785623437.411414983] []: TF_OLD_DATA ignoring data from the past for frame base_link at time 3.600000 according to authority Authority undetectable
[controller_server-9] Possible reasons are listed at http://wiki.ros.org/tf/Errors%20explained
[smoother_server-10] [WARN] [1785623437.411434028] []: TF_OLD_DATA ignoring data from the past for frame base_link at time 3.600000 according to authority Authority undetectable
[smoother_server-10] Possible reasons are listed at http://wiki.ros.org/tf/Errors%20explained
[collision_monitor-17] [WARN] [1785623437.411501796] []: TF_OLD_DATA ignoring data from the past for frame base_link at time 3.600000 according to authority Authority undetectable
[collision_monitor-17] Possible reasons are listed at http://wiki.ros.org/tf/Errors%20explained
[controller_server-9] [WARN] [1785623437.447075889] []: TF_OLD_DATA ignoring data from the past for frame base_link at time 20.520000 according to authority Authority undetectable
[controller_server-9] Possible reasons are listed at http://wiki.ros.org/tf/Errors%20explained
[amcl-7] [WARN] [1785623437.447093905] []: TF_OLD_DATA ignoring data from the past for frame base_link at time 20.520000 according to authority Authority undetectable
[amcl-7] Possible reasons are listed at http://wiki.ros.org/tf/Errors%20explained
[collision_monitor-17] [WARN] [1785623437.447093629] []: TF_OLD_DATA ignoring data from the past for frame base_link at time 20.520000 according to authority Authority undetectable
[collision_monitor-17] Possible reasons are listed at http://wiki.ros.org/tf/Errors%20explained
[collision_monitor-17] [WARN] [1785623437.447203881] []: TF_OLD_DATA ignoring data from the past for frame base_link at time 3.636000 according to authority Authority undetectable
[collision_monitor-17] Possible reasons are listed at http://wiki.ros.org/tf/Errors%20explained
[smoother_server-10] [WARN] [1785623437.447098527] []: TF_OLD_DATA ignoring data from the past for frame base_link at time 20.520000 according to authority Authority undetectable
[smoother_server-10] Possible reasons are listed at http://wiki.ros.org/tf/Errors%20explained
[smoother_server-10] [WARN] [1785623437.447217502] []: TF_OLD_DATA ignoring data from the past for frame base_link at time 3.636000 according to authority Authority undetectable
[smoother_server-10] Possible reasons are listed at http://wiki.ros.org/tf/Errors%20explained
[route_server-12] [WARN] [1785623437.447097259] []: TF_OLD_DATA ignoring data from the past for frame base_link at time 20.520000 according to authority Authority undetectable
[route_server-12] Possible reasons are listed at http://wiki.ros.org/tf/Errors%20explained
[planner_server-11] [WARN] [1785623437.447127760] []: TF_OLD_DATA ignoring data from the past for frame base_link at time 20.520000 according to authority Authority undetectable
[planner_server-11] Possible reasons are listed at http://wiki.ros.org/tf/Errors%20explained
[planner_server-11] [WARN] [1785623437.447232389] []: TF_OLD_DATA ignoring data from the past for frame base_link at time 3.636000 according to authority Authority undetectable
[planner_server-11] Possible reasons are listed at http://wiki.ros.org/tf/Errors%20explained
[bt_navigator-14] [WARN] [1785623437.447164707] []: TF_OLD_DATA ignoring data from the past for frame base_link at time 20.520000 according to authority Authority undetectable
[bt_navigator-14] Possible reasons are listed at http://wiki.ros.org/tf/Errors%20explained
[controller_server-9] [WARN] [1785623437.447243117] []: TF_OLD_DATA ignoring data from the past for frame base_link at time 3.636000 according to authority Authority undetectable
[controller_server-9] Possible reasons are listed at http://wiki.ros.org/tf/Errors%20explained
[opennav_docking-18] [WARN] [1785623437.447241197] []: TF_OLD_DATA ignoring data from the past for frame base_link at time 20.520000 according to authority Authority undetectable
[opennav_docking-18] Possible reasons are listed at http://wiki.ros.org/tf/Errors%20explained
[opennav_docking-18] [WARN] [1785623437.447264093] []: TF_OLD_DATA ignoring data from the past for frame base_link at time 3.636000 according to authority Authority undetectable
[opennav_docking-18] Possible reasons are listed at http://wiki.ros.org/tf/Errors%20explained
[route_server-12] [WARN] [1785623437.447283683] []: TF_OLD_DATA ignoring data from the past for frame base_link at time 3.636000 according to authority Authority undetectable
[route_server-12] Possible reasons are listed at http://wiki.ros.org/tf/Errors%20explained
[behavior_server-13] [WARN] [1785623437.447288399] []: TF_OLD_DATA ignoring data from the past for frame base_link at time 20.520000 according to authority Authority undetectable
[behavior_server-13] Possible reasons are listed at http://wiki.ros.org/tf/Errors%20explained
[behavior_server-13] [WARN] [1785623437.447319744] []: TF_OLD_DATA ignoring data from the past for frame base_link at time 3.636000 according to authority Authority undetectable
[behavior_server-13] Possible reasons are listed at http://wiki.ros.org/tf/Errors%20explained
[amcl-7] [WARN] [1785623437.447396008] []: TF_OLD_DATA ignoring data from the past for frame base_link at time 3.636000 according to authority Authority undetectable
[amcl-7] Possible reasons are listed at http://wiki.ros.org/tf/Errors%20explained
[bt_navigator-14] [WARN] [1785623437.447425639] []: TF_OLD_DATA ignoring data from the past for frame base_link at time 3.636000 according to authority Authority undetectable
[bt_navigator-14] Possible reasons are listed at http://wiki.ros.org/tf/Errors%20explained
[smoother_server-10] [WARN] [1785623437.482228027] []: TF_OLD_DATA ignoring data from the past for frame base_link at time 20.556000 according to authority Authority undetectable
[smoother_server-10] Possible reasons are listed at http://wiki.ros.org/tf/Errors%20explained
[controller_server-9] [WARN] [1785623437.482227747] []: TF_OLD_DATA ignoring data from the past for frame base_link at time 20.556000 according to authority Authority undetectable
[controller_server-9] Possible reasons are listed at http://wiki.ros.org/tf/Errors%20explained
[route_server-12] [WARN] [1785623437.482238527] []: TF_OLD_DATA ignoring data from the past for frame base_link at time 20.556000 according to authority Authority undetectable
[route_server-12] Possible reasons are listed at http://wiki.ros.org/tf/Errors%20explained
[amcl-7] [WARN] [1785623437.482259299] []: TF_OLD_DATA ignoring data from the past for frame base_link at time 20.556000 according to authority Authority undetectable
[amcl-7] Possible reasons are listed at http://wiki.ros.org/tf/Errors%20explained
[bt_navigator-14] [WARN] [1785623437.482260191] []: TF_OLD_DATA ignoring data from the past for frame base_link at time 20.556000 according to authority Authority undetectable
[bt_navigator-14] Possible reasons are listed at http://wiki.ros.org/tf/Errors%20explained
[behavior_server-13] [WARN] [1785623437.482262089] []: TF_OLD_DATA ignoring data from the past for frame base_link at time 20.556000 according to authority Authority undetectable
[behavior_server-13] Possible reasons are listed at http://wiki.ros.org/tf/Errors%20explained
[opennav_docking-18] [WARN] [1785623437.482267107] []: TF_OLD_DATA ignoring data from the past for frame base_link at time 20.556000 according to authority Authority undetectable
[opennav_docking-18] Possible reasons are listed at http://wiki.ros.org/tf/Errors%20explained
[collision_monitor-17] [WARN] [1785623437.482308764] []: TF_OLD_DATA ignoring data from the past for frame base_link at time 20.556000 according to authority Authority undetectable
[collision_monitor-17] Possible reasons are listed at http://wiki.ros.org/tf/Errors%20explained
[planner_server-11] [WARN] [1785623437.482838252] []: TF_OLD_DATA ignoring data from the past for frame base_link at time 20.556000 according to authority Authority undetectable
[planner_server-11] Possible reasons are listed at http://wiki.ros.org/tf/Errors%20explained
[controller_server-9] [WARN] [1785623437.483098025] []: TF_OLD_DATA ignoring data from the past for frame base_link at time 3.672000 according to authority Authority undetectable
[controller_server-9] Possible reasons are listed at http://wiki.ros.org/tf/Errors%20explained
[smoother_server-10] [WARN] [1785623437.483096361] []: TF_OLD_DATA ignoring data from the past for frame base_link at time 3.672000 according to authority Authority undetectable
[smoother_server-10] Possible reasons are listed at http://wiki.ros.org/tf/Errors%20explained
[behavior_server-13] [WARN] [1785623437.483105391] []: TF_OLD_DATA ignoring data from the past for frame base_link at time 3.672000 according to authority Authority undetectable
[behavior_server-13] Possible reasons are listed at http://wiki.ros.org/tf/Errors%20explained
[amcl-7] [WARN] [1785623437.483094784] []: TF_OLD_DATA ignoring data from the past for frame base_link at time 3.672000 according to authority Authority undetectable
[amcl-7] Possible reasons are listed at http://wiki.ros.org/tf/Errors%20explained
[collision_monitor-17] [WARN] [1785623437.483119818] []: TF_OLD_DATA ignoring data from the past for frame base_link at time 3.672000 according to authority Authority undetectable
[collision_monitor-17] Possible reasons are listed at http://wiki.ros.org/tf/Errors%20explained
[planner_server-11] [WARN] [1785623437.483142913] []: TF_OLD_DATA ignoring data from the past for frame base_link at time 3.672000 according to authority Authority undetectable
[planner_server-11] Possible reasons are listed at http://wiki.ros.org/tf/Errors%20explained
[bt_navigator-14] [WARN] [1785623437.483150819] []: TF_OLD_DATA ignoring data from the past for frame base_link at time 3.672000 according to authority Authority undetectable
[bt_navigator-14] Possible reasons are listed at http://wiki.ros.org/tf/Errors%20explained
[opennav_docking-18] [WARN] [1785623437.483170612] []: TF_OLD_DATA ignoring data from the past for frame base_link at time 3.672000 according to authority Authority undetectable
[opennav_docking-18] Possible reasons are listed at http://wiki.ros.org/tf/Errors%20explained
[route_server-12] [WARN] [1785623437.483234577] []: TF_OLD_DATA ignoring data from the past for frame base_link at time 3.672000 according to authority Authority undetectable
[route_server-12] Possible reasons are listed at http://wiki.ros.org/tf/Errors%20explained
[amcl-7] [WARN] [1785623437.518291014] []: TF_OLD_DATA ignoring data from the past for frame base_link at time 20.592000 according to authority Authority undetectable
[amcl-7] Possible reasons are listed at http://wiki.ros.org/tf/Errors%20explained
[route_server-12] [WARN] [1785623437.518290288] []: TF_OLD_DATA ignoring data from the past for frame base_link at time 20.592000 according to authority Authority undetectable
[route_server-12] Possible reasons are listed at http://wiki.ros.org/tf/Errors%20explained
[behavior_server-13] [WARN] [1785623437.518290231] []: TF_OLD_DATA ignoring data from the past for frame base_link at time 20.592000 according to authority Authority undetectable
[behavior_server-13] Possible reasons are listed at http://wiki.ros.org/tf/Errors%20explained
[smoother_server-10] [WARN] [1785623437.518306625] []: TF_OLD_DATA ignoring data from the past for frame base_link at time 20.592000 according to authority Authority undetectable
[smoother_server-10] Possible reasons are listed at http://wiki.ros.org/tf/Errors%20explained
[bt_navigator-14] [WARN] [1785623437.518327082] []: TF_OLD_DATA ignoring data from the past for frame base_link at time 20.592000 according to authority Authority undetectable
[bt_navigator-14] Possible reasons are listed at http://wiki.ros.org/tf/Errors%20explained
[controller_server-9] [WARN] [1785623437.518330007] []: TF_OLD_DATA ignoring data from the past for frame base_link at time 20.592000 according to authority Authority undetectable
[controller_server-9] Possible reasons are listed at http://wiki.ros.org/tf/Errors%20explained
[opennav_docking-18] [WARN] [1785623437.518330518] []: TF_OLD_DATA ignoring data from the past for frame base_link at time 20.592000 according to authority Authority undetectable
[opennav_docking-18] Possible reasons are listed at http://wiki.ros.org/tf/Errors%20explained
[planner_server-11] [WARN] [1785623437.518337910] []: TF_OLD_DATA ignoring data from the past for frame base_link at time 20.592000 according to authority Authority undetectable
[planner_server-11] Possible reasons are listed at http://wiki.ros.org/tf/Errors%20explained
[collision_monitor-17] [WARN] [1785623437.518382334] []: TF_OLD_DATA ignoring data from the past for frame base_link at time 20.592000 according to authority Authority undetectable
[collision_monitor-17] Possible reasons are listed at http://wiki.ros.org/tf/Errors%20explained
[behavior_server-13] [WARN] [1785623437.518990109] []: TF_OLD_DATA ignoring data from the past for frame base_link at time 3.708000 according to authority Authority undetectable
[behavior_server-13] Possible reasons are listed at http://wiki.ros.org/tf/Errors%20explained
[smoother_server-10] [WARN] [1785623437.518990476] []: TF_OLD_DATA ignoring data from the past for frame base_link at time 3.708000 according to authority Authority undetectable
[smoother_server-10] Possible reasons are listed at http://wiki.ros.org/tf/Errors%20explained
[controller_server-9] [WARN] [1785623437.519024163] []: TF_OLD_DATA ignoring data from the past for frame base_link at time 3.708000 according to authority Authority undetectable
[controller_server-9] Possible reasons are listed at http://wiki.ros.org/tf/Errors%20explained
[route_server-12] [WARN] [1785623437.519025438] []: TF_OLD_DATA ignoring data from the past for frame base_link at time 3.708000 according to authority Authority undetectable
[route_server-12] Possible reasons are listed at http://wiki.ros.org/tf/Errors%20explained
[planner_server-11] [WARN] [1785623437.519043141] []: TF_OLD_DATA ignoring data from the past for frame base_link at time 3.708000 according to authority Authority undetectable
[planner_server-11] Possible reasons are listed at http://wiki.ros.org/tf/Errors%20explained
[bt_navigator-14] [WARN] [1785623437.519062966] []: TF_OLD_DATA ignoring data from the past for frame base_link at time 3.708000 according to authority Authority undetectable
[bt_navigator-14] Possible reasons are listed at http://wiki.ros.org/tf/Errors%20explained
[opennav_docking-18] [WARN] [1785623437.519068444] []: TF_OLD_DATA ignoring data from the past for frame base_link at time 3.708000 according to authority Authority undetectable
[opennav_docking-18] Possible reasons are listed at http://wiki.ros.org/tf/Errors%20explained
[amcl-7] [WARN] [1785623437.519082065] []: TF_OLD_DATA ignoring data from the past for frame base_link at time 3.708000 according to authority Authority undetectable
[amcl-7] Possible reasons are listed at http://wiki.ros.org/tf/Errors%20explained
[collision_monitor-17] [WARN] [1785623437.519093824] []: TF_OLD_DATA ignoring data from the past for frame base_link at time 3.708000 according to authority Authority undetectable
[collision_monitor-17] Possible reasons are listed at http://wiki.ros.org/tf/Errors%20explained
[controller_server-9] [WARN] [1785623437.554023018] []: TF_OLD_DATA ignoring data from the past for frame base_link at time 20.628000 according to authority Authority undetectable
[controller_server-9] Possible reasons are listed at http://wiki.ros.org/tf/Errors%20explained
[planner_server-11] [WARN] [1785623437.554052021] []: TF_OLD_DATA ignoring data from the past for frame base_link at time 20.628000 according to authority Authority undetectable
[planner_server-11] Possible reasons are listed at http://wiki.ros.org/tf/Errors%20explained
[collision_monitor-17] [WARN] [1785623437.554056565] []: TF_OLD_DATA ignoring data from the past for frame base_link at time 20.628000 according to authority Authority undetectable
[collision_monitor-17] Possible reasons are listed at http://wiki.ros.org/tf/Errors%20explained
[amcl-7] [WARN] [1785623437.554059630] []: TF_OLD_DATA ignoring data from the past for frame base_link at time 20.628000 according to authority Authority undetectable
[amcl-7] Possible reasons are listed at http://wiki.ros.org/tf/Errors%20explained
[bt_navigator-14] [WARN] [1785623437.554075112] []: TF_OLD_DATA ignoring data from the past for frame base_link at time 20.628000 according to authority Authority undetectable
[bt_navigator-14] Possible reasons are listed at http://wiki.ros.org/tf/Errors%20explained
[route_server-12] [WARN] [1785623437.554083941] []: TF_OLD_DATA ignoring data from the past for frame base_link at time 20.628000 according to authority Authority undetectable
[route_server-12] Possible reasons are listed at http://wiki.ros.org/tf/Errors%20explained
[opennav_docking-18] [WARN] [1785623437.554153922] []: TF_OLD_DATA ignoring data from the past for frame base_link at time 20.628000 according to authority Authority undetectable
[opennav_docking-18] Possible reasons are listed at http://wiki.ros.org/tf/Errors%20explained
[smoother_server-10] [WARN] [1785623437.554155890] []: TF_OLD_DATA ignoring data from the past for frame base_link at time 20.628000 according to authority Authority undetectable
[smoother_server-10] Possible reasons are listed at http://wiki.ros.org/tf/Errors%20explained
[behavior_server-13] [WARN] [1785623437.554161685] []: TF_OLD_DATA ignoring data from the past for frame base_link at time 20.628000 according to authority Authority undetectable
[behavior_server-13] Possible reasons are listed at http://wiki.ros.org/tf/Errors%20explained
[smoother_server-10] [WARN] [1785623437.555122859] []: TF_OLD_DATA ignoring data from the past for frame base_link at time 3.744000 according to authority Authority undetectable
[smoother_server-10] Possible reasons are listed at http://wiki.ros.org/tf/Errors%20explained
[amcl-7] [WARN] [1785623437.555183096] []: TF_OLD_DATA ignoring data from the past for frame base_link at time 3.744000 according to authority Authority undetectable
[amcl-7] Possible reasons are listed at http://wiki.ros.org/tf/Errors%20explained
[opennav_docking-18] [WARN] [1785623437.555361566] []: TF_OLD_DATA ignoring data from the past for frame base_link at time 3.744000 according to authority Authority undetectable
[opennav_docking-18] Possible reasons are listed at http://wiki.ros.org/tf/Errors%20explained
[controller_server-9] [WARN] [1785623437.555366309] []: TF_OLD_DATA ignoring data from the past for frame base_link at time 3.744000 according to authority Authority undetectable
[controller_server-9] Possible reasons are listed at http://wiki.ros.org/tf/Errors%20explained
[collision_monitor-17] [WARN] [1785623437.555382747] []: TF_OLD_DATA ignoring data from the past for frame base_link at time 3.744000 according to authority Authority undetectable
[collision_monitor-17] Possible reasons are listed at http://wiki.ros.org/tf/Errors%20explained
[planner_server-11] [WARN] [1785623437.555389292] []: TF_OLD_DATA ignoring data from the past for frame base_link at time 3.744000 according to authority Authority undetectable
[planner_server-11] Possible reasons are listed at http://wiki.ros.org/tf/Errors%20explained
[bt_navigator-14] [WARN] [1785623437.555525383] []: TF_OLD_DATA ignoring data from the past for frame base_link at time 3.744000 according to authority Authority undetectable
[bt_navigator-14] Possible reasons are listed at http://wiki.ros.org/tf/Errors%20explained
[behavior_server-13] [WARN] [1785623437.555527125] []: TF_OLD_DATA ignoring data from the past for frame base_link at time 3.744000 according to authority Authority undetectable
[behavior_server-13] Possible reasons are listed at http://wiki.ros.org/tf/Errors%20explained
[route_server-12] [WARN] [1785623437.555648741] []: TF_OLD_DATA ignoring data from the past for frame base_link at time 3.744000 according to authority Authority undetectable
[route_server-12] Possible reasons are listed at http://wiki.ros.org/tf/Errors%20explained
[bt_navigator-14] [WARN] [1785623437.590072680] []: TF_OLD_DATA ignoring data from the past for frame base_link at time 20.664000 according to authority Authority undetectable
[bt_navigator-14] Possible reasons are listed at http://wiki.ros.org/tf/Errors%20explained
[controller_server-9] [WARN] [1785623437.590073526] []: TF_OLD_DATA ignoring data from the past for frame base_link at time 20.664000 according to authority Authority undetectable
[controller_server-9] Possible reasons are listed at http://wiki.ros.org/tf/Errors%20explained
[amcl-7] [WARN] [1785623437.590085173] []: TF_OLD_DATA ignoring data from the past for frame base_link at time 20.664000 according to authority Authority undetectable
[amcl-7] Possible reasons are listed at http://wiki.ros.org/tf/Errors%20explained
[opennav_docking-18] [WARN] [1785623437.590118626] []: TF_OLD_DATA ignoring data from the past for frame base_link at time 20.664000 according to authority Authority undetectable
[opennav_docking-18] Possible reasons are listed at http://wiki.ros.org/tf/Errors%20explained
[collision_monitor-17] [WARN] [1785623437.590136678] []: TF_OLD_DATA ignoring data from the past for frame base_link at time 20.664000 according to authority Authority undetectable
[collision_monitor-17] Possible reasons are listed at http://wiki.ros.org/tf/Errors%20explained
[route_server-12] [WARN] [1785623437.590168982] []: TF_OLD_DATA ignoring data from the past for frame base_link at time 20.664000 according to authority Authority undetectable
[route_server-12] Possible reasons are listed at http://wiki.ros.org/tf/Errors%20explained
[planner_server-11] [WARN] [1785623437.590178983] []: TF_OLD_DATA ignoring data from the past for frame base_link at time 20.664000 according to authority Authority undetectable
[planner_server-11] Possible reasons are listed at http://wiki.ros.org/tf/Errors%20explained
[behavior_server-13] [WARN] [1785623437.590336680] []: TF_OLD_DATA ignoring data from the past for frame base_link at time 20.664000 according to authority Authority undetectable
[behavior_server-13] Possible reasons are listed at http://wiki.ros.org/tf/Errors%20explained
[smoother_server-10] [WARN] [1785623437.590346436] []: TF_OLD_DATA ignoring data from the past for frame base_link at time 20.664000 according to authority Authority undetectable
[smoother_server-10] Possible reasons are listed at http://wiki.ros.org/tf/Errors%20explained
[route_server-12] [WARN] [1785623437.591107691] []: TF_OLD_DATA ignoring data from the past for frame base_link at time 3.780000 according to authority Authority undetectable
[route_server-12] Possible reasons are listed at http://wiki.ros.org/tf/Errors%20explained
[bt_navigator-14] [WARN] [1785623437.591107739] []: TF_OLD_DATA ignoring data from the past for frame base_link at time 3.780000 according to authority Authority undetectable
[bt_navigator-14] Possible reasons are listed at http://wiki.ros.org/tf/Errors%20explained
[collision_monitor-17] [WARN] [1785623437.591137408] []: TF_OLD_DATA ignoring data from the past for frame base_link at time 3.780000 according to authority Authority undetectable
[collision_monitor-17] Possible reasons are listed at http://wiki.ros.org/tf/Errors%20explained
[smoother_server-10] [WARN] [1785623437.591159778] []: TF_OLD_DATA ignoring data from the past for frame base_link at time 3.780000 according to authority Authority undetectable
[smoother_server-10] Possible reasons are listed at http://wiki.ros.org/tf/Errors%20explained
[behavior_server-13] [WARN] [1785623437.591172015] []: TF_OLD_DATA ignoring data from the past for frame base_link at time 3.780000 according to authority Authority undetectable
[behavior_server-13] Possible reasons are listed at http://wiki.ros.org/tf/Errors%20explained
[amcl-7] [WARN] [1785623437.591202055] []: TF_OLD_DATA ignoring data from the past for frame base_link at time 3.780000 according to authority Authority undetectable
[amcl-7] Possible reasons are listed at http://wiki.ros.org/tf/Errors%20explained
[planner_server-11] [WARN] [1785623437.591221177] []: TF_OLD_DATA ignoring data from the past for frame base_link at time 3.780000 according to authority Authority undetectable
[planner_server-11] Possible reasons are listed at http://wiki.ros.org/tf/Errors%20explained
[opennav_docking-18] [WARN] [1785623437.591246024] []: TF_OLD_DATA ignoring data from the past for frame base_link at time 3.780000 according to authority Authority undetectable
[opennav_docking-18] Possible reasons are listed at http://wiki.ros.org/tf/Errors%20explained
[controller_server-9] [WARN] [1785623437.591266409] []: TF_OLD_DATA ignoring data from the past for frame base_link at time 3.780000 according to authority Authority undetectable
[controller_server-9] Possible reasons are listed at http://wiki.ros.org/tf/Errors%20explained
[controller_server-9] [WARN] [1785623437.626362257] []: TF_OLD_DATA ignoring data from the past for frame base_link at time 20.700000 according to authority Authority undetectable
[controller_server-9] Possible reasons are listed at http://wiki.ros.org/tf/Errors%20explained
[planner_server-11] [WARN] [1785623437.626440551] []: TF_OLD_DATA ignoring data from the past for frame base_link at time 20.700000 according to authority Authority undetectable
[planner_server-11] Possible reasons are listed at http://wiki.ros.org/tf/Errors%20explained
[smoother_server-10] [WARN] [1785623437.626487802] []: TF_OLD_DATA ignoring data from the past for frame base_link at time 20.700000 according to authority Authority undetectable
[smoother_server-10] Possible reasons are listed at http://wiki.ros.org/tf/Errors%20explained
[amcl-7] [WARN] [1785623437.626636841] []: TF_OLD_DATA ignoring data from the past for frame base_link at time 20.700000 according to authority Authority undetectable
[amcl-7] Possible reasons are listed at http://wiki.ros.org/tf/Errors%20explained
[route_server-12] [WARN] [1785623437.626678722] []: TF_OLD_DATA ignoring data from the past for frame base_link at time 20.700000 according to authority Authority undetectable
[route_server-12] Possible reasons are listed at http://wiki.ros.org/tf/Errors%20explained
[collision_monitor-17] [WARN] [1785623437.626849507] []: TF_OLD_DATA ignoring data from the past for frame base_link at time 20.700000 according to authority Authority undetectable
[collision_monitor-17] Possible reasons are listed at http://wiki.ros.org/tf/Errors%20explained
[behavior_server-13] [WARN] [1785623437.626935523] []: TF_OLD_DATA ignoring data from the past for frame base_link at time 20.700000 according to authority Authority undetectable
[behavior_server-13] Possible reasons are listed at http://wiki.ros.org/tf/Errors%20explained
[bt_navigator-14] [WARN] [1785623437.627001317] []: TF_OLD_DATA ignoring data from the past for frame base_link at time 20.700000 according to authority Authority undetectable
[bt_navigator-14] Possible reasons are listed at http://wiki.ros.org/tf/Errors%20explained
[opennav_docking-18] [WARN] [1785623437.627133755] []: TF_OLD_DATA ignoring data from the past for frame base_link at time 20.700000 according to authority Authority undetectable
[opennav_docking-18] Possible reasons are listed at http://wiki.ros.org/tf/Errors%20explained
[amcl-7] [WARN] [1785623437.627486861] []: TF_OLD_DATA ignoring data from the past for frame base_link at time 3.816000 according to authority Authority undetectable
[amcl-7] Possible reasons are listed at http://wiki.ros.org/tf/Errors%20explained
[behavior_server-13] [WARN] [1785623437.627518177] []: TF_OLD_DATA ignoring data from the past for frame base_link at time 3.816000 according to authority Authority undetectable
[behavior_server-13] Possible reasons are listed at http://wiki.ros.org/tf/Errors%20explained
[smoother_server-10] [WARN] [1785623437.627524867] []: TF_OLD_DATA ignoring data from the past for frame base_link at time 3.816000 according to authority Authority undetectable
[smoother_server-10] Possible reasons are listed at http://wiki.ros.org/tf/Errors%20explained
[controller_server-9] [WARN] [1785623437.627524220] []: TF_OLD_DATA ignoring data from the past for frame base_link at time 3.816000 according to authority Authority undetectable
[controller_server-9] Possible reasons are listed at http://wiki.ros.org/tf/Errors%20explained
[collision_monitor-17] [WARN] [1785623437.627558763] []: TF_OLD_DATA ignoring data from the past for frame base_link at time 3.816000 according to authority Authority undetectable
[collision_monitor-17] Possible reasons are listed at http://wiki.ros.org/tf/Errors%20explained
[route_server-12] [WARN] [1785623437.627564890] []: TF_OLD_DATA ignoring data from the past for frame base_link at time 3.816000 according to authority Authority undetectable
[route_server-12] Possible reasons are listed at http://wiki.ros.org/tf/Errors%20explained
[opennav_docking-18] [WARN] [1785623437.627590442] []: TF_OLD_DATA ignoring data from the past for frame base_link at time 3.816000 according to authority Authority undetectable
[opennav_docking-18] Possible reasons are listed at http://wiki.ros.org/tf/Errors%20explained
[planner_server-11] [WARN] [1785623437.627726821] []: TF_OLD_DATA ignoring data from the past for frame base_link at time 3.816000 according to authority Authority undetectable
[planner_server-11] Possible reasons are listed at http://wiki.ros.org/tf/Errors%20explained
[bt_navigator-14] [WARN] [1785623437.627748077] []: TF_OLD_DATA ignoring data from the past for frame base_link at time 3.816000 according to authority Authority undetectable
[bt_navigator-14] Possible reasons are listed at http://wiki.ros.org/tf/Errors%20explained
[amcl-7] [WARN] [1785623437.662244069] []: TF_OLD_DATA ignoring data from the past for frame base_link at time 20.736000 according to authority Authority undetectable
[amcl-7] Possible reasons are listed at http://wiki.ros.org/tf/Errors%20explained
[route_server-12] [WARN] [1785623437.662264752] []: TF_OLD_DATA ignoring data from the past for frame base_link at time 20.736000 according to authority Authority undetectable
[route_server-12] Possible reasons are listed at http://wiki.ros.org/tf/Errors%20explained
[bt_navigator-14] [WARN] [1785623437.662263401] []: TF_OLD_DATA ignoring data from the past for frame base_link at time 20.736000 according to authority Authority undetectable
[bt_navigator-14] Possible reasons are listed at http://wiki.ros.org/tf/Errors%20explained
[collision_monitor-17] [WARN] [1785623437.662265879] []: TF_OLD_DATA ignoring data from the past for frame base_link at time 20.736000 according to authority Authority undetectable
[collision_monitor-17] Possible reasons are listed at http://wiki.ros.org/tf/Errors%20explained
[controller_server-9] [WARN] [1785623437.662270473] []: TF_OLD_DATA ignoring data from the past for frame base_link at time 20.736000 according to authority Authority undetectable
[controller_server-9] Possible reasons are listed at http://wiki.ros.org/tf/Errors%20explained
[opennav_docking-18] [WARN] [1785623437.662274929] []: TF_OLD_DATA ignoring data from the past for frame base_link at time 20.736000 according to authority Authority undetectable
[opennav_docking-18] Possible reasons are listed at http://wiki.ros.org/tf/Errors%20explained
[smoother_server-10] [WARN] [1785623437.662276778] []: TF_OLD_DATA ignoring data from the past for frame base_link at time 20.736000 according to authority Authority undetectable
[smoother_server-10] Possible reasons are listed at http://wiki.ros.org/tf/Errors%20explained
[planner_server-11] [WARN] [1785623437.662399030] []: TF_OLD_DATA ignoring data from the past for frame base_link at time 20.736000 according to authority Authority undetectable
[planner_server-11] Possible reasons are listed at http://wiki.ros.org/tf/Errors%20explained
[behavior_server-13] [WARN] [1785623437.662618356] []: TF_OLD_DATA ignoring data from the past for frame base_link at time 20.736000 according to authority Authority undetectable
[behavior_server-13] Possible reasons are listed at http://wiki.ros.org/tf/Errors%20explained
[amcl-7] [WARN] [1785623437.663003231] []: TF_OLD_DATA ignoring data from the past for frame base_link at time 3.852000 according to authority Authority undetectable
[amcl-7] Possible reasons are listed at http://wiki.ros.org/tf/Errors%20explained
[planner_server-11] [WARN] [1785623437.663009817] []: TF_OLD_DATA ignoring data from the past for frame base_link at time 3.852000 according to authority Authority undetectable
[planner_server-11] Possible reasons are listed at http://wiki.ros.org/tf/Errors%20explained
[opennav_docking-18] [WARN] [1785623437.663031064] []: TF_OLD_DATA ignoring data from the past for frame base_link at time 3.852000 according to authority Authority undetectable
[opennav_docking-18] Possible reasons are listed at http://wiki.ros.org/tf/Errors%20explained
[route_server-12] [WARN] [1785623437.663036669] []: TF_OLD_DATA ignoring data from the past for frame base_link at time 3.852000 according to authority Authority undetectable
[route_server-12] Possible reasons are listed at http://wiki.ros.org/tf/Errors%20explained
[controller_server-9] [WARN] [1785623437.663038303] []: TF_OLD_DATA ignoring data from the past for frame base_link at time 3.852000 according to authority Authority undetectable
[controller_server-9] Possible reasons are listed at http://wiki.ros.org/tf/Errors%20explained
[bt_navigator-14] [WARN] [1785623437.663079273] []: TF_OLD_DATA ignoring data from the past for frame base_link at time 3.852000 according to authority Authority undetectable
[bt_navigator-14] Possible reasons are listed at http://wiki.ros.org/tf/Errors%20explained
[behavior_server-13] [WARN] [1785623437.663082063] []: TF_OLD_DATA ignoring data from the past for frame base_link at time 3.852000 according to authority Authority undetectable
[behavior_server-13] Possible reasons are listed at http://wiki.ros.org/tf/Errors%20explained
[smoother_server-10] [WARN] [1785623437.663098722] []: TF_OLD_DATA ignoring data from the past for frame base_link at time 3.852000 according to authority Authority undetectable
[smoother_server-10] Possible reasons are listed at http://wiki.ros.org/tf/Errors%20explained
[collision_monitor-17] [WARN] [1785623437.663136615] []: TF_OLD_DATA ignoring data from the past for frame base_link at time 3.852000 according to authority Authority undetectable
[collision_monitor-17] Possible reasons are listed at http://wiki.ros.org/tf/Errors%20explained
[smoother_server-10] [WARN] [1785623437.698221689] []: TF_OLD_DATA ignoring data from the past for frame base_link at time 20.772000 according to authority Authority undetectable
[smoother_server-10] Possible reasons are listed at http://wiki.ros.org/tf/Errors%20explained
[route_server-12] [WARN] [1785623437.698222109] []: TF_OLD_DATA ignoring data from the past for frame base_link at time 20.772000 according to authority Authority undetectable
[route_server-12] Possible reasons are listed at http://wiki.ros.org/tf/Errors%20explained
[controller_server-9] [WARN] [1785623437.698230196] []: TF_OLD_DATA ignoring data from the past for frame base_link at time 20.772000 according to authority Authority undetectable
[controller_server-9] Possible reasons are listed at http://wiki.ros.org/tf/Errors%20explained
[bt_navigator-14] [WARN] [1785623437.698290984] []: TF_OLD_DATA ignoring data from the past for frame base_link at time 20.772000 according to authority Authority undetectable
[bt_navigator-14] Possible reasons are listed at http://wiki.ros.org/tf/Errors%20explained
[amcl-7] [WARN] [1785623437.698308757] []: TF_OLD_DATA ignoring data from the past for frame base_link at time 20.772000 according to authority Authority undetectable
[amcl-7] Possible reasons are listed at http://wiki.ros.org/tf/Errors%20explained
[collision_monitor-17] [WARN] [1785623437.698313242] []: TF_OLD_DATA ignoring data from the past for frame base_link at time 20.772000 according to authority Authority undetectable
[collision_monitor-17] Possible reasons are listed at http://wiki.ros.org/tf/Errors%20explained
[planner_server-11] [WARN] [1785623437.698344241] []: TF_OLD_DATA ignoring data from the past for frame base_link at time 20.772000 according to authority Authority undetectable
[planner_server-11] Possible reasons are listed at http://wiki.ros.org/tf/Errors%20explained
[opennav_docking-18] [WARN] [1785623437.698375363] []: TF_OLD_DATA ignoring data from the past for frame base_link at time 20.772000 according to authority Authority undetectable
[opennav_docking-18] Possible reasons are listed at http://wiki.ros.org/tf/Errors%20explained
[behavior_server-13] [WARN] [1785623437.698502431] []: TF_OLD_DATA ignoring data from the past for frame base_link at time 20.772000 according to authority Authority undetectable
[behavior_server-13] Possible reasons are listed at http://wiki.ros.org/tf/Errors%20explained
[planner_server-11] [WARN] [1785623437.699516322] []: TF_OLD_DATA ignoring data from the past for frame base_link at time 3.888000 according to authority Authority undetectable
[planner_server-11] Possible reasons are listed at http://wiki.ros.org/tf/Errors%20explained
[amcl-7] [WARN] [1785623437.699516090] []: TF_OLD_DATA ignoring data from the past for frame base_link at time 3.888000 according to authority Authority undetectable
[amcl-7] Possible reasons are listed at http://wiki.ros.org/tf/Errors%20explained
[opennav_docking-18] [WARN] [1785623437.699528944] []: TF_OLD_DATA ignoring data from the past for frame base_link at time 3.888000 according to authority Authority undetectable
[opennav_docking-18] Possible reasons are listed at http://wiki.ros.org/tf/Errors%20explained
[behavior_server-13] [WARN] [1785623437.699546911] []: TF_OLD_DATA ignoring data from the past for frame base_link at time 3.888000 according to authority Authority undetectable
[behavior_server-13] Possible reasons are listed at http://wiki.ros.org/tf/Errors%20explained
[collision_monitor-17] [WARN] [1785623437.699577128] []: TF_OLD_DATA ignoring data from the past for frame base_link at time 3.888000 according to authority Authority undetectable
[collision_monitor-17] Possible reasons are listed at http://wiki.ros.org/tf/Errors%20explained
[bt_navigator-14] [WARN] [1785623437.699600469] []: TF_OLD_DATA ignoring data from the past for frame base_link at time 3.888000 according to authority Authority undetectable
[bt_navigator-14] Possible reasons are listed at http://wiki.ros.org/tf/Errors%20explained
[smoother_server-10] [WARN] [1785623437.699603397] []: TF_OLD_DATA ignoring data from the past for frame base_link at time 3.888000 according to authority Authority undetectable
[smoother_server-10] Possible reasons are listed at http://wiki.ros.org/tf/Errors%20explained
[route_server-12] [WARN] [1785623437.699613123] []: TF_OLD_DATA ignoring data from the past for frame base_link at time 3.888000 according to authority Authority undetectable
[route_server-12] Possible reasons are listed at http://wiki.ros.org/tf/Errors%20explained
[controller_server-9] [WARN] [1785623437.699681317] []: TF_OLD_DATA ignoring data from the past for frame base_link at time 3.888000 according to authority Authority undetectable
[controller_server-9] Possible reasons are listed at http://wiki.ros.org/tf/Errors%20explained
[amcl-7] [WARN] [1785623437.734253447] []: TF_OLD_DATA ignoring data from the past for frame base_link at time 20.808000 according to authority Authority undetectable
[amcl-7] Possible reasons are listed at http://wiki.ros.org/tf/Errors%20explained
[controller_server-9] [WARN] [1785623437.734249611] []: TF_OLD_DATA ignoring data from the past for frame base_link at time 20.808000 according to authority Authority undetectable
[controller_server-9] Possible reasons are listed at http://wiki.ros.org/tf/Errors%20explained
[opennav_docking-18] [WARN] [1785623437.734301221] []: TF_OLD_DATA ignoring data from the past for frame base_link at time 20.808000 according to authority Authority undetectable
[opennav_docking-18] Possible reasons are listed at http://wiki.ros.org/tf/Errors%20explained
[planner_server-11] [WARN] [1785623437.734313161] []: TF_OLD_DATA ignoring data from the past for frame base_link at time 20.808000 according to authority Authority undetectable
[planner_server-11] Possible reasons are listed at http://wiki.ros.org/tf/Errors%20explained
[behavior_server-13] [WARN] [1785623437.734324093] []: TF_OLD_DATA ignoring data from the past for frame base_link at time 20.808000 according to authority Authority undetectable
[behavior_server-13] Possible reasons are listed at http://wiki.ros.org/tf/Errors%20explained
[bt_navigator-14] [WARN] [1785623437.734329297] []: TF_OLD_DATA ignoring data from the past for frame base_link at time 20.808000 according to authority Authority undetectable
[bt_navigator-14] Possible reasons are listed at http://wiki.ros.org/tf/Errors%20explained
[smoother_server-10] [WARN] [1785623437.734337557] []: TF_OLD_DATA ignoring data from the past for frame base_link at time 20.808000 according to authority Authority undetectable
[smoother_server-10] Possible reasons are listed at http://wiki.ros.org/tf/Errors%20explained
[route_server-12] [WARN] [1785623437.734350957] []: TF_OLD_DATA ignoring data from the past for frame base_link at time 20.808000 according to authority Authority undetectable
[route_server-12] Possible reasons are listed at http://wiki.ros.org/tf/Errors%20explained
[collision_monitor-17] [WARN] [1785623437.734360805] []: TF_OLD_DATA ignoring data from the past for frame base_link at time 20.808000 according to authority Authority undetectable
[collision_monitor-17] Possible reasons are listed at http://wiki.ros.org/tf/Errors%20explained
[route_server-12] [WARN] [1785623437.734896307] []: TF_OLD_DATA ignoring data from the past for frame base_link at time 3.924000 according to authority Authority undetectable
[route_server-12] Possible reasons are listed at http://wiki.ros.org/tf/Errors%20explained
[planner_server-11] [WARN] [1785623437.734896101] []: TF_OLD_DATA ignoring data from the past for frame base_link at time 3.924000 according to authority Authority undetectable
[planner_server-11] Possible reasons are listed at http://wiki.ros.org/tf/Errors%20explained
[collision_monitor-17] [WARN] [1785623437.734914676] []: TF_OLD_DATA ignoring data from the past for frame base_link at time 3.924000 according to authority Authority undetectable
[collision_monitor-17] Possible reasons are listed at http://wiki.ros.org/tf/Errors%20explained
[behavior_server-13] [WARN] [1785623437.734917455] []: TF_OLD_DATA ignoring data from the past for frame base_link at time 3.924000 according to authority Authority undetectable
[behavior_server-13] Possible reasons are listed at http://wiki.ros.org/tf/Errors%20explained
[opennav_docking-18] [WARN] [1785623437.734918887] []: TF_OLD_DATA ignoring data from the past for frame base_link at time 3.924000 according to authority Authority undetectable
[opennav_docking-18] Possible reasons are listed at http://wiki.ros.org/tf/Errors%20explained
[smoother_server-10] [WARN] [1785623437.734965860] []: TF_OLD_DATA ignoring data from the past for frame base_link at time 3.924000 according to authority Authority undetectable
[smoother_server-10] Possible reasons are listed at http://wiki.ros.org/tf/Errors%20explained
[controller_server-9] [WARN] [1785623437.734998780] []: TF_OLD_DATA ignoring data from the past for frame base_link at time 3.924000 according to authority Authority undetectable
[controller_server-9] Possible reasons are listed at http://wiki.ros.org/tf/Errors%20explained
[amcl-7] [WARN] [1785623437.735237223] []: TF_OLD_DATA ignoring data from the past for frame base_link at time 3.924000 according to authority Authority undetectable
[amcl-7] Possible reasons are listed at http://wiki.ros.org/tf/Errors%20explained
[bt_navigator-14] [WARN] [1785623437.735302420] []: TF_OLD_DATA ignoring data from the past for frame base_link at time 3.924000 according to authority Authority undetectable
[bt_navigator-14] Possible reasons are listed at http://wiki.ros.org/tf/Errors%20explained
[controller_server-9] [WARN] [1785623437.769908797] []: TF_OLD_DATA ignoring data from the past for frame base_link at time 20.844000 according to authority Authority undetectable
[controller_server-9] Possible reasons are listed at http://wiki.ros.org/tf/Errors%20explained
[amcl-7] [WARN] [1785623437.769925476] []: TF_OLD_DATA ignoring data from the past for frame base_link at time 20.844000 according to authority Authority undetectable
[amcl-7] Possible reasons are listed at http://wiki.ros.org/tf/Errors%20explained
[route_server-12] [WARN] [1785623437.769923268] []: TF_OLD_DATA ignoring data from the past for frame base_link at time 20.844000 according to authority Authority undetectable
[route_server-12] Possible reasons are listed at http://wiki.ros.org/tf/Errors%20explained
[smoother_server-10] [WARN] [1785623437.769988818] []: TF_OLD_DATA ignoring data from the past for frame base_link at time 20.844000 according to authority Authority undetectable
[smoother_server-10] Possible reasons are listed at http://wiki.ros.org/tf/Errors%20explained
[collision_monitor-17] [WARN] [1785623437.770020129] []: TF_OLD_DATA ignoring data from the past for frame base_link at time 20.844000 according to authority Authority undetectable
[collision_monitor-17] Possible reasons are listed at http://wiki.ros.org/tf/Errors%20explained
[planner_server-11] [WARN] [1785623437.770035894] []: TF_OLD_DATA ignoring data from the past for frame base_link at time 20.844000 according to authority Authority undetectable
[planner_server-11] Possible reasons are listed at http://wiki.ros.org/tf/Errors%20explained
[behavior_server-13] [WARN] [1785623437.770036510] []: TF_OLD_DATA ignoring data from the past for frame base_link at time 20.844000 according to authority Authority undetectable
[behavior_server-13] Possible reasons are listed at http://wiki.ros.org/tf/Errors%20explained
[bt_navigator-14] [WARN] [1785623437.770041972] []: TF_OLD_DATA ignoring data from the past for frame base_link at time 20.844000 according to authority Authority undetectable
[bt_navigator-14] Possible reasons are listed at http://wiki.ros.org/tf/Errors%20explained
[opennav_docking-18] [WARN] [1785623437.770390192] []: TF_OLD_DATA ignoring data from the past for frame base_link at time 20.844000 according to authority Authority undetectable
[opennav_docking-18] Possible reasons are listed at http://wiki.ros.org/tf/Errors%20explained
[bt_navigator-14] [WARN] [1785623437.771006502] []: TF_OLD_DATA ignoring data from the past for frame base_link at time 3.960000 according to authority Authority undetectable
[bt_navigator-14] Possible reasons are listed at http://wiki.ros.org/tf/Errors%20explained
[controller_server-9] [WARN] [1785623437.771015590] []: TF_OLD_DATA ignoring data from the past for frame base_link at time 3.960000 according to authority Authority undetectable
[controller_server-9] Possible reasons are listed at http://wiki.ros.org/tf/Errors%20explained
[smoother_server-10] [WARN] [1785623437.771015085] []: TF_OLD_DATA ignoring data from the past for frame base_link at time 3.960000 according to authority Authority undetectable
[smoother_server-10] Possible reasons are listed at http://wiki.ros.org/tf/Errors%20explained
[opennav_docking-18] [WARN] [1785623437.771018738] []: TF_OLD_DATA ignoring data from the past for frame base_link at time 3.960000 according to authority Authority undetectable
[opennav_docking-18] Possible reasons are listed at http://wiki.ros.org/tf/Errors%20explained
[collision_monitor-17] [WARN] [1785623437.771032540] []: TF_OLD_DATA ignoring data from the past for frame base_link at time 3.960000 according to authority Authority undetectable
[collision_monitor-17] Possible reasons are listed at http://wiki.ros.org/tf/Errors%20explained
[planner_server-11] [WARN] [1785623437.771068640] []: TF_OLD_DATA ignoring data from the past for frame base_link at time 3.960000 according to authority Authority undetectable
[planner_server-11] Possible reasons are listed at http://wiki.ros.org/tf/Errors%20explained
[route_server-12] [WARN] [1785623437.771160931] []: TF_OLD_DATA ignoring data from the past for frame base_link at time 3.960000 according to authority Authority undetectable
[route_server-12] Possible reasons are listed at http://wiki.ros.org/tf/Errors%20explained
[behavior_server-13] [WARN] [1785623437.771176246] []: TF_OLD_DATA ignoring data from the past for frame base_link at time 3.960000 according to authority Authority undetectable
[behavior_server-13] Possible reasons are listed at http://wiki.ros.org/tf/Errors%20explained
[amcl-7] [WARN] [1785623437.771845308] []: TF_OLD_DATA ignoring data from the past for frame base_link at time 3.960000 according to authority Authority undetectable
[amcl-7] Possible reasons are listed at http://wiki.ros.org/tf/Errors%20explained
[smoother_server-10] [WARN] [1785623437.806220883] []: TF_OLD_DATA ignoring data from the past for frame base_link at time 20.880000 according to authority Authority undetectable
[smoother_server-10] Possible reasons are listed at http://wiki.ros.org/tf/Errors%20explained
[opennav_docking-18] [WARN] [1785623437.806237139] []: TF_OLD_DATA ignoring data from the past for frame base_link at time 20.880000 according to authority Authority undetectable
[opennav_docking-18] Possible reasons are listed at http://wiki.ros.org/tf/Errors%20explained
[amcl-7] [WARN] [1785623437.806246941] []: TF_OLD_DATA ignoring data from the past for frame base_link at time 20.880000 according to authority Authority undetectable
[amcl-7] Possible reasons are listed at http://wiki.ros.org/tf/Errors%20explained
[behavior_server-13] [WARN] [1785623437.806253063] []: TF_OLD_DATA ignoring data from the past for frame base_link at time 20.880000 according to authority Authority undetectable
[behavior_server-13] Possible reasons are listed at http://wiki.ros.org/tf/Errors%20explained
[bt_navigator-14] [WARN] [1785623437.806255892] []: TF_OLD_DATA ignoring data from the past for frame base_link at time 20.880000 according to authority Authority undetectable
[bt_navigator-14] Possible reasons are listed at http://wiki.ros.org/tf/Errors%20explained
[controller_server-9] [WARN] [1785623437.806418671] []: TF_OLD_DATA ignoring data from the past for frame base_link at time 20.880000 according to authority Authority undetectable
[controller_server-9] Possible reasons are listed at http://wiki.ros.org/tf/Errors%20explained
[controller_server-9] [WARN] [1785623437.807152115] []: TF_OLD_DATA ignoring data from the past for frame base_link at time 3.996000 according to authority Authority undetectable
[controller_server-9] Possible reasons are listed at http://wiki.ros.org/tf/Errors%20explained
[collision_monitor-17] [WARN] [1785623437.806600954] []: TF_OLD_DATA ignoring data from the past for frame base_link at time 20.880000 according to authority Authority undetectable
[collision_monitor-17] Possible reasons are listed at http://wiki.ros.org/tf/Errors%20explained
[collision_monitor-17] [WARN] [1785623437.807166701] []: TF_OLD_DATA ignoring data from the past for frame base_link at time 3.996000 according to authority Authority undetectable
[collision_monitor-17] Possible reasons are listed at http://wiki.ros.org/tf/Errors%20explained
[planner_server-11] [WARN] [1785623437.806770716] []: TF_OLD_DATA ignoring data from the past for frame base_link at time 20.880000 according to authority Authority undetectable
[planner_server-11] Possible reasons are listed at http://wiki.ros.org/tf/Errors%20explained
[route_server-12] [WARN] [1785623437.806870930] []: TF_OLD_DATA ignoring data from the past for frame base_link at time 20.880000 according to authority Authority undetectable
[route_server-12] Possible reasons are listed at http://wiki.ros.org/tf/Errors%20explained
[smoother_server-10] [WARN] [1785623437.807171926] []: TF_OLD_DATA ignoring data from the past for frame base_link at time 3.996000 according to authority Authority undetectable
[smoother_server-10] Possible reasons are listed at http://wiki.ros.org/tf/Errors%20explained
[opennav_docking-18] [WARN] [1785623437.807262113] []: TF_OLD_DATA ignoring data from the past for frame base_link at time 3.996000 according to authority Authority undetectable
[opennav_docking-18] Possible reasons are listed at http://wiki.ros.org/tf/Errors%20explained
[bt_navigator-14] [WARN] [1785623437.807280172] []: TF_OLD_DATA ignoring data from the past for frame base_link at time 3.996000 according to authority Authority undetectable
[bt_navigator-14] Possible reasons are listed at http://wiki.ros.org/tf/Errors%20explained
[amcl-7] [WARN] [1785623437.807333669] []: TF_OLD_DATA ignoring data from the past for frame base_link at time 3.996000 according to authority Authority undetectable
[amcl-7] Possible reasons are listed at http://wiki.ros.org/tf/Errors%20explained
[behavior_server-13] [WARN] [1785623437.807337461] []: TF_OLD_DATA ignoring data from the past for frame base_link at time 3.996000 according to authority Authority undetectable
[behavior_server-13] Possible reasons are listed at http://wiki.ros.org/tf/Errors%20explained
[planner_server-11] [WARN] [1785623437.807396587] []: TF_OLD_DATA ignoring data from the past for frame base_link at time 3.996000 according to authority Authority undetectable
[planner_server-11] Possible reasons are listed at http://wiki.ros.org/tf/Errors%20explained
[route_server-12] [WARN] [1785623437.807416011] []: TF_OLD_DATA ignoring data from the past for frame base_link at time 3.996000 according to authority Authority undetectable
[route_server-12] Possible reasons are listed at http://wiki.ros.org/tf/Errors%20explained
[controller_server-9] [WARN] [1785623437.842835410] []: TF_OLD_DATA ignoring data from the past for frame base_link at time 20.916000 according to authority Authority undetectable
[controller_server-9] Possible reasons are listed at http://wiki.ros.org/tf/Errors%20explained
[amcl-7] [WARN] [1785623437.842855295] []: TF_OLD_DATA ignoring data from the past for frame base_link at time 20.916000 according to authority Authority undetectable
[amcl-7] Possible reasons are listed at http://wiki.ros.org/tf/Errors%20explained
[behavior_server-13] [WARN] [1785623437.842856176] []: TF_OLD_DATA ignoring data from the past for frame base_link at time 20.916000 according to authority Authority undetectable
[behavior_server-13] Possible reasons are listed at http://wiki.ros.org/tf/Errors%20explained
[collision_monitor-17] [WARN] [1785623437.842859668] []: TF_OLD_DATA ignoring data from the past for frame base_link at time 20.916000 according to authority Authority undetectable
[collision_monitor-17] Possible reasons are listed at http://wiki.ros.org/tf/Errors%20explained
[collision_monitor-17] [WARN] [1785623437.843040512] []: TF_OLD_DATA ignoring data from the past for frame base_link at time 4.032000 according to authority Authority undetectable
[collision_monitor-17] Possible reasons are listed at http://wiki.ros.org/tf/Errors%20explained
[planner_server-11] [WARN] [1785623437.842883075] []: TF_OLD_DATA ignoring data from the past for frame base_link at time 20.916000 according to authority Authority undetectable
[planner_server-11] Possible reasons are listed at http://wiki.ros.org/tf/Errors%20explained
[opennav_docking-18] [WARN] [1785623437.842904242] []: TF_OLD_DATA ignoring data from the past for frame base_link at time 20.916000 according to authority Authority undetectable
[opennav_docking-18] Possible reasons are listed at http://wiki.ros.org/tf/Errors%20explained
[opennav_docking-18] [WARN] [1785623437.843039422] []: TF_OLD_DATA ignoring data from the past for frame base_link at time 4.032000 according to authority Authority undetectable
[opennav_docking-18] Possible reasons are listed at http://wiki.ros.org/tf/Errors%20explained
[smoother_server-10] [WARN] [1785623437.842919533] []: TF_OLD_DATA ignoring data from the past for frame base_link at time 20.916000 according to authority Authority undetectable
[smoother_server-10] Possible reasons are listed at http://wiki.ros.org/tf/Errors%20explained
[smoother_server-10] [WARN] [1785623437.843055909] []: TF_OLD_DATA ignoring data from the past for frame base_link at time 4.032000 according to authority Authority undetectable
[smoother_server-10] Possible reasons are listed at http://wiki.ros.org/tf/Errors%20explained
[amcl-7] [WARN] [1785623437.843002642] []: TF_OLD_DATA ignoring data from the past for frame base_link at time 4.032000 according to authority Authority undetectable
[amcl-7] Possible reasons are listed at http://wiki.ros.org/tf/Errors%20explained
[behavior_server-13] [WARN] [1785623437.843046409] []: TF_OLD_DATA ignoring data from the past for frame base_link at time 4.032000 according to authority Authority undetectable
[behavior_server-13] Possible reasons are listed at http://wiki.ros.org/tf/Errors%20explained
[planner_server-11] [WARN] [1785623437.843024768] []: TF_OLD_DATA ignoring data from the past for frame base_link at time 4.032000 according to authority Authority undetectable
[planner_server-11] Possible reasons are listed at http://wiki.ros.org/tf/Errors%20explained
[route_server-12] [WARN] [1785623437.843005308] []: TF_OLD_DATA ignoring data from the past for frame base_link at time 20.916000 according to authority Authority undetectable
[route_server-12] Possible reasons are listed at http://wiki.ros.org/tf/Errors%20explained
[route_server-12] [WARN] [1785623437.843029816] []: TF_OLD_DATA ignoring data from the past for frame base_link at time 4.032000 according to authority Authority undetectable
[route_server-12] Possible reasons are listed at http://wiki.ros.org/tf/Errors%20explained
[controller_server-9] [WARN] [1785623437.843044245] []: TF_OLD_DATA ignoring data from the past for frame base_link at time 4.032000 according to authority Authority undetectable
[controller_server-9] Possible reasons are listed at http://wiki.ros.org/tf/Errors%20explained
[bt_navigator-14] [WARN] [1785623437.843081777] []: TF_OLD_DATA ignoring data from the past for frame base_link at time 20.916000 according to authority Authority undetectable
[bt_navigator-14] Possible reasons are listed at http://wiki.ros.org/tf/Errors%20explained
[bt_navigator-14] [WARN] [1785623437.843113237] []: TF_OLD_DATA ignoring data from the past for frame base_link at time 4.032000 according to authority Authority undetectable
[bt_navigator-14] Possible reasons are listed at http://wiki.ros.org/tf/Errors%20explained
[amcl-7] [WARN] [1785623437.878233057] []: TF_OLD_DATA ignoring data from the past for frame base_link at time 20.952000 according to authority Authority undetectable
[amcl-7] Possible reasons are listed at http://wiki.ros.org/tf/Errors%20explained
[smoother_server-10] [WARN] [1785623437.878233580] []: TF_OLD_DATA ignoring data from the past for frame base_link at time 20.952000 according to authority Authority undetectable
[smoother_server-10] Possible reasons are listed at http://wiki.ros.org/tf/Errors%20explained
[controller_server-9] [WARN] [1785623437.878242872] []: TF_OLD_DATA ignoring data from the past for frame base_link at time 20.952000 according to authority Authority undetectable
[controller_server-9] Possible reasons are listed at http://wiki.ros.org/tf/Errors%20explained
[bt_navigator-14] [WARN] [1785623437.878245902] []: TF_OLD_DATA ignoring data from the past for frame base_link at time 20.952000 according to authority Authority undetectable
[bt_navigator-14] Possible reasons are listed at http://wiki.ros.org/tf/Errors%20explained
[behavior_server-13] [WARN] [1785623437.878264948] []: TF_OLD_DATA ignoring data from the past for frame base_link at time 20.952000 according to authority Authority undetectable
[behavior_server-13] Possible reasons are listed at http://wiki.ros.org/tf/Errors%20explained
[collision_monitor-17] [WARN] [1785623437.878288794] []: TF_OLD_DATA ignoring data from the past for frame base_link at time 20.952000 according to authority Authority undetectable
[collision_monitor-17] Possible reasons are listed at http://wiki.ros.org/tf/Errors%20explained
[planner_server-11] [WARN] [1785623437.878303270] []: TF_OLD_DATA ignoring data from the past for frame base_link at time 20.952000 according to authority Authority undetectable
[planner_server-11] Possible reasons are listed at http://wiki.ros.org/tf/Errors%20explained
[route_server-12] [WARN] [1785623437.878553700] []: TF_OLD_DATA ignoring data from the past for frame base_link at time 20.952000 according to authority Authority undetectable
[route_server-12] Possible reasons are listed at http://wiki.ros.org/tf/Errors%20explained
[opennav_docking-18] [WARN] [1785623437.878628904] []: TF_OLD_DATA ignoring data from the past for frame base_link at time 20.952000 according to authority Authority undetectable
[opennav_docking-18] Possible reasons are listed at http://wiki.ros.org/tf/Errors%20explained
[amcl-7] [WARN] [1785623437.878917984] []: TF_OLD_DATA ignoring data from the past for frame base_link at time 4.068000 according to authority Authority undetectable
[amcl-7] Possible reasons are listed at http://wiki.ros.org/tf/Errors%20explained
[planner_server-11] [WARN] [1785623437.878918332] []: TF_OLD_DATA ignoring data from the past for frame base_link at time 4.068000 according to authority Authority undetectable
[planner_server-11] Possible reasons are listed at http://wiki.ros.org/tf/Errors%20explained
[bt_navigator-14] [WARN] [1785623437.878921671] []: TF_OLD_DATA ignoring data from the past for frame base_link at time 4.068000 according to authority Authority undetectable
[bt_navigator-14] Possible reasons are listed at http://wiki.ros.org/tf/Errors%20explained
[opennav_docking-18] [WARN] [1785623437.878938540] []: TF_OLD_DATA ignoring data from the past for frame base_link at time 4.068000 according to authority Authority undetectable
[opennav_docking-18] Possible reasons are listed at http://wiki.ros.org/tf/Errors%20explained
[controller_server-9] [WARN] [1785623437.878949326] []: TF_OLD_DATA ignoring data from the past for frame base_link at time 4.068000 according to authority Authority undetectable
[controller_server-9] Possible reasons are listed at http://wiki.ros.org/tf/Errors%20explained
[behavior_server-13] [WARN] [1785623437.878950225] []: TF_OLD_DATA ignoring data from the past for frame base_link at time 4.068000 according to authority Authority undetectable
[behavior_server-13] Possible reasons are listed at http://wiki.ros.org/tf/Errors%20explained
[smoother_server-10] [WARN] [1785623437.878973494] []: TF_OLD_DATA ignoring data from the past for frame base_link at time 4.068000 according to authority Authority undetectable
[smoother_server-10] Possible reasons are listed at http://wiki.ros.org/tf/Errors%20explained
[collision_monitor-17] [WARN] [1785623437.878981842] []: TF_OLD_DATA ignoring data from the past for frame base_link at time 4.068000 according to authority Authority undetectable
[collision_monitor-17] Possible reasons are listed at http://wiki.ros.org/tf/Errors%20explained
[route_server-12] [WARN] [1785623437.878984433] []: TF_OLD_DATA ignoring data from the past for frame base_link at time 4.068000 according to authority Authority undetectable
[route_server-12] Possible reasons are listed at http://wiki.ros.org/tf/Errors%20explained
[amcl-7] [WARN] [1785623437.914008808] []: TF_OLD_DATA ignoring data from the past for frame base_link at time 20.988000 according to authority Authority undetectable
[amcl-7] Possible reasons are listed at http://wiki.ros.org/tf/Errors%20explained
[smoother_server-10] [WARN] [1785623437.914012813] []: TF_OLD_DATA ignoring data from the past for frame base_link at time 20.988000 according to authority Authority undetectable
[smoother_server-10] Possible reasons are listed at http://wiki.ros.org/tf/Errors%20explained
[planner_server-11] [WARN] [1785623437.914012915] []: TF_OLD_DATA ignoring data from the past for frame base_link at time 20.988000 according to authority Authority undetectable
[planner_server-11] Possible reasons are listed at http://wiki.ros.org/tf/Errors%20explained
[controller_server-9] [WARN] [1785623437.914008789] []: TF_OLD_DATA ignoring data from the past for frame base_link at time 20.988000 according to authority Authority undetectable
[controller_server-9] Possible reasons are listed at http://wiki.ros.org/tf/Errors%20explained
[collision_monitor-17] [WARN] [1785623437.914008922] []: TF_OLD_DATA ignoring data from the past for frame base_link at time 20.988000 according to authority Authority undetectable
[collision_monitor-17] Possible reasons are listed at http://wiki.ros.org/tf/Errors%20explained
[bt_navigator-14] [WARN] [1785623437.914013085] []: TF_OLD_DATA ignoring data from the past for frame base_link at time 20.988000 according to authority Authority undetectable
[bt_navigator-14] Possible reasons are listed at http://wiki.ros.org/tf/Errors%20explained
[behavior_server-13] [WARN] [1785623437.914027032] []: TF_OLD_DATA ignoring data from the past for frame base_link at time 20.988000 according to authority Authority undetectable
[behavior_server-13] Possible reasons are listed at http://wiki.ros.org/tf/Errors%20explained
[route_server-12] [WARN] [1785623437.914092610] []: TF_OLD_DATA ignoring data from the past for frame base_link at time 20.988000 according to authority Authority undetectable
[route_server-12] Possible reasons are listed at http://wiki.ros.org/tf/Errors%20explained
[opennav_docking-18] [WARN] [1785623437.914119658] []: TF_OLD_DATA ignoring data from the past for frame base_link at time 20.988000 according to authority Authority undetectable
[opennav_docking-18] Possible reasons are listed at http://wiki.ros.org/tf/Errors%20explained
[amcl-7] [WARN] [1785623437.914886211] []: TF_OLD_DATA ignoring data from the past for frame base_link at time 4.104000 according to authority Authority undetectable
[amcl-7] Possible reasons are listed at http://wiki.ros.org/tf/Errors%20explained
[smoother_server-10] [WARN] [1785623437.914896851] []: TF_OLD_DATA ignoring data from the past for frame base_link at time 4.104000 according to authority Authority undetectable
[smoother_server-10] Possible reasons are listed at http://wiki.ros.org/tf/Errors%20explained
[behavior_server-13] [WARN] [1785623437.914903924] []: TF_OLD_DATA ignoring data from the past for frame base_link at time 4.104000 according to authority Authority undetectable
[behavior_server-13] Possible reasons are listed at http://wiki.ros.org/tf/Errors%20explained
[route_server-12] [WARN] [1785623437.914905049] []: TF_OLD_DATA ignoring data from the past for frame base_link at time 4.104000 according to authority Authority undetectable
[route_server-12] Possible reasons are listed at http://wiki.ros.org/tf/Errors%20explained
[planner_server-11] [WARN] [1785623437.914908975] []: TF_OLD_DATA ignoring data from the past for frame base_link at time 4.104000 according to authority Authority undetectable
[planner_server-11] Possible reasons are listed at http://wiki.ros.org/tf/Errors%20explained
[bt_navigator-14] [WARN] [1785623437.914921388] []: TF_OLD_DATA ignoring data from the past for frame base_link at time 4.104000 according to authority Authority undetectable
[bt_navigator-14] Possible reasons are listed at http://wiki.ros.org/tf/Errors%20explained
[controller_server-9] [WARN] [1785623437.914969581] []: TF_OLD_DATA ignoring data from the past for frame base_link at time 4.104000 according to authority Authority undetectable
[controller_server-9] Possible reasons are listed at http://wiki.ros.org/tf/Errors%20explained
[collision_monitor-17] [WARN] [1785623437.914968823] []: TF_OLD_DATA ignoring data from the past for frame base_link at time 4.104000 according to authority Authority undetectable
[collision_monitor-17] Possible reasons are listed at http://wiki.ros.org/tf/Errors%20explained
[opennav_docking-18] [WARN] [1785623437.915038214] []: TF_OLD_DATA ignoring data from the past for frame base_link at time 4.104000 according to authority Authority undetectable
[opennav_docking-18] Possible reasons are listed at http://wiki.ros.org/tf/Errors%20explained
[controller_server-9] [INFO] [1785623437.938246895] [local_costmap.local_costmap]: Message Filter dropping message: frame 'laser' at time 20.997 for reason 'the timestamp on the message is earlier than all the data in the transform cache'
[opennav_docking-18] [WARN] [1785623437.950018186] []: TF_OLD_DATA ignoring data from the past for frame base_link at time 21.024000 according to authority Authority undetectable
[opennav_docking-18] Possible reasons are listed at http://wiki.ros.org/tf/Errors%20explained
[smoother_server-10] [WARN] [1785623437.950013404] []: TF_OLD_DATA ignoring data from the past for frame base_link at time 21.024000 according to authority Authority undetectable
[smoother_server-10] Possible reasons are listed at http://wiki.ros.org/tf/Errors%20explained
[controller_server-9] [WARN] [1785623437.950013541] []: TF_OLD_DATA ignoring data from the past for frame base_link at time 21.024000 according to authority Authority undetectable
[controller_server-9] Possible reasons are listed at http://wiki.ros.org/tf/Errors%20explained
[route_server-12] [WARN] [1785623437.950025646] []: TF_OLD_DATA ignoring data from the past for frame base_link at time 21.024000 according to authority Authority undetectable
[route_server-12] Possible reasons are listed at http://wiki.ros.org/tf/Errors%20explained
[planner_server-11] [WARN] [1785623437.950030832] []: TF_OLD_DATA ignoring data from the past for frame base_link at time 21.024000 according to authority Authority undetectable
[planner_server-11] Possible reasons are listed at http://wiki.ros.org/tf/Errors%20explained
[collision_monitor-17] [WARN] [1785623437.950046629] []: TF_OLD_DATA ignoring data from the past for frame base_link at time 21.024000 according to authority Authority undetectable
[collision_monitor-17] Possible reasons are listed at http://wiki.ros.org/tf/Errors%20explained
[bt_navigator-14] [WARN] [1785623437.950062938] []: TF_OLD_DATA ignoring data from the past for frame base_link at time 21.024000 according to authority Authority undetectable
[bt_navigator-14] Possible reasons are listed at http://wiki.ros.org/tf/Errors%20explained
[behavior_server-13] [WARN] [1785623437.950067075] []: TF_OLD_DATA ignoring data from the past for frame base_link at time 21.024000 according to authority Authority undetectable
[behavior_server-13] Possible reasons are listed at http://wiki.ros.org/tf/Errors%20explained
[amcl-7] [WARN] [1785623437.950084568] []: TF_OLD_DATA ignoring data from the past for frame base_link at time 21.024000 according to authority Authority undetectable
[amcl-7] Possible reasons are listed at http://wiki.ros.org/tf/Errors%20explained
[amcl-7] [WARN] [1785623437.950936915] []: TF_OLD_DATA ignoring data from the past for frame base_link at time 4.140000 according to authority Authority undetectable
[amcl-7] Possible reasons are listed at http://wiki.ros.org/tf/Errors%20explained
[smoother_server-10] [WARN] [1785623437.950951712] []: TF_OLD_DATA ignoring data from the past for frame base_link at time 4.140000 according to authority Authority undetectable
[smoother_server-10] Possible reasons are listed at http://wiki.ros.org/tf/Errors%20explained
[route_server-12] [WARN] [1785623437.950997030] []: TF_OLD_DATA ignoring data from the past for frame base_link at time 4.140000 according to authority Authority undetectable
[route_server-12] Possible reasons are listed at http://wiki.ros.org/tf/Errors%20explained
[opennav_docking-18] [WARN] [1785623437.951006041] []: TF_OLD_DATA ignoring data from the past for frame base_link at time 4.140000 according to authority Authority undetectable
[opennav_docking-18] Possible reasons are listed at http://wiki.ros.org/tf/Errors%20explained
[behavior_server-13] [WARN] [1785623437.951036002] []: TF_OLD_DATA ignoring data from the past for frame base_link at time 4.140000 according to authority Authority undetectable
[behavior_server-13] Possible reasons are listed at http://wiki.ros.org/tf/Errors%20explained
[bt_navigator-14] [WARN] [1785623437.951046658] []: TF_OLD_DATA ignoring data from the past for frame base_link at time 4.140000 according to authority Authority undetectable
[bt_navigator-14] Possible reasons are listed at http://wiki.ros.org/tf/Errors%20explained
[controller_server-9] [WARN] [1785623437.951051968] []: TF_OLD_DATA ignoring data from the past for frame base_link at time 4.140000 according to authority Authority undetectable
[controller_server-9] Possible reasons are listed at http://wiki.ros.org/tf/Errors%20explained
[planner_server-11] [WARN] [1785623437.951063649] []: TF_OLD_DATA ignoring data from the past for frame base_link at time 4.140000 according to authority Authority undetectable
[planner_server-11] Possible reasons are listed at http://wiki.ros.org/tf/Errors%20explained
[collision_monitor-17] [WARN] [1785623437.951090871] []: TF_OLD_DATA ignoring data from the past for frame base_link at time 4.140000 according to authority Authority undetectable
[collision_monitor-17] Possible reasons are listed at http://wiki.ros.org/tf/Errors%20explained
[smoother_server-10] [WARN] [1785623437.986393866] []: TF_OLD_DATA ignoring data from the past for frame base_link at time 21.060000 according to authority Authority undetectable
[smoother_server-10] Possible reasons are listed at http://wiki.ros.org/tf/Errors%20explained
[behavior_server-13] [WARN] [1785623437.986393166] []: TF_OLD_DATA ignoring data from the past for frame base_link at time 21.060000 according to authority Authority undetectable
[behavior_server-13] Possible reasons are listed at http://wiki.ros.org/tf/Errors%20explained
[controller_server-9] [WARN] [1785623437.986456961] []: TF_OLD_DATA ignoring data from the past for frame base_link at time 21.060000 according to authority Authority undetectable
[controller_server-9] Possible reasons are listed at http://wiki.ros.org/tf/Errors%20explained
[bt_navigator-14] [WARN] [1785623437.986482938] []: TF_OLD_DATA ignoring data from the past for frame base_link at time 21.060000 according to authority Authority undetectable
[bt_navigator-14] Possible reasons are listed at http://wiki.ros.org/tf/Errors%20explained
[planner_server-11] [WARN] [1785623437.986532024] []: TF_OLD_DATA ignoring data from the past for frame base_link at time 21.060000 according to authority Authority undetectable
[planner_server-11] Possible reasons are listed at http://wiki.ros.org/tf/Errors%20explained
[route_server-12] [WARN] [1785623437.986696163] []: TF_OLD_DATA ignoring data from the past for frame base_link at time 21.060000 according to authority Authority undetectable
[route_server-12] Possible reasons are listed at http://wiki.ros.org/tf/Errors%20explained
[route_server-12] [WARN] [1785623437.987164966] []: TF_OLD_DATA ignoring data from the past for frame base_link at time 4.176000 according to authority Authority undetectable
[route_server-12] Possible reasons are listed at http://wiki.ros.org/tf/Errors%20explained
[amcl-7] [WARN] [1785623437.986782500] []: TF_OLD_DATA ignoring data from the past for frame base_link at time 21.060000 according to authority Authority undetectable
[amcl-7] Possible reasons are listed at http://wiki.ros.org/tf/Errors%20explained
[amcl-7] [WARN] [1785623437.987326909] []: TF_OLD_DATA ignoring data from the past for frame base_link at time 4.176000 according to authority Authority undetectable
[amcl-7] Possible reasons are listed at http://wiki.ros.org/tf/Errors%20explained
[opennav_docking-18] [WARN] [1785623437.986929612] []: TF_OLD_DATA ignoring data from the past for frame base_link at time 21.060000 according to authority Authority undetectable
[opennav_docking-18] Possible reasons are listed at http://wiki.ros.org/tf/Errors%20explained
[opennav_docking-18] [WARN] [1785623437.987256126] []: TF_OLD_DATA ignoring data from the past for frame base_link at time 4.176000 according to authority Authority undetectable
[opennav_docking-18] Possible reasons are listed at http://wiki.ros.org/tf/Errors%20explained
[collision_monitor-17] [WARN] [1785623437.987005410] []: TF_OLD_DATA ignoring data from the past for frame base_link at time 21.060000 according to authority Authority undetectable
[collision_monitor-17] Possible reasons are listed at http://wiki.ros.org/tf/Errors%20explained
[collision_monitor-17] [WARN] [1785623437.987133135] []: TF_OLD_DATA ignoring data from the past for frame base_link at time 4.176000 according to authority Authority undetectable
[collision_monitor-17] Possible reasons are listed at http://wiki.ros.org/tf/Errors%20explained
[controller_server-9] [WARN] [1785623437.987200365] []: TF_OLD_DATA ignoring data from the past for frame base_link at time 4.176000 according to authority Authority undetectable
[controller_server-9] Possible reasons are listed at http://wiki.ros.org/tf/Errors%20explained
[planner_server-11] [WARN] [1785623437.987404902] []: TF_OLD_DATA ignoring data from the past for frame base_link at time 4.176000 according to authority Authority undetectable
[planner_server-11] Possible reasons are listed at http://wiki.ros.org/tf/Errors%20explained
[behavior_server-13] [WARN] [1785623437.988742655] []: TF_OLD_DATA ignoring data from the past for frame base_link at time 4.176000 according to authority Authority undetectable
[behavior_server-13] Possible reasons are listed at http://wiki.ros.org/tf/Errors%20explained
[smoother_server-10] [INFO] [1785623437.988971822] [smoother_server]: Received a path to smooth.
[smoother_server-10] [WARN] [1785623437.989261783] []: TF_OLD_DATA ignoring data from the past for frame base_link at time 4.176000 according to authority Authority undetectable
[smoother_server-10] Possible reasons are listed at http://wiki.ros.org/tf/Errors%20explained
[bt_navigator-14] [WARN] [1785623437.989368546] []: TF_OLD_DATA ignoring data from the past for frame base_link at time 4.176000 according to authority Authority undetectable
[bt_navigator-14] Possible reasons are listed at http://wiki.ros.org/tf/Errors%20explained
[opennav_docking-18] [WARN] [1785623438.022685960] []: TF_OLD_DATA ignoring data from the past for frame base_link at time 21.096000 according to authority Authority undetectable
[opennav_docking-18] Possible reasons are listed at http://wiki.ros.org/tf/Errors%20explained
[route_server-12] [WARN] [1785623438.022724583] []: TF_OLD_DATA ignoring data from the past for frame base_link at time 21.096000 according to authority Authority undetectable
[route_server-12] Possible reasons are listed at http://wiki.ros.org/tf/Errors%20explained
[smoother_server-10] [WARN] [1785623438.022735244] []: TF_OLD_DATA ignoring data from the past for frame base_link at time 21.096000 according to authority Authority undetectable
[smoother_server-10] Possible reasons are listed at http://wiki.ros.org/tf/Errors%20explained
[planner_server-11] [WARN] [1785623438.022797707] []: TF_OLD_DATA ignoring data from the past for frame base_link at time 21.096000 according to authority Authority undetectable
[planner_server-11] Possible reasons are listed at http://wiki.ros.org/tf/Errors%20explained
[collision_monitor-17] [WARN] [1785623438.022827446] []: TF_OLD_DATA ignoring data from the past for frame base_link at time 21.096000 according to authority Authority undetectable
[collision_monitor-17] Possible reasons are listed at http://wiki.ros.org/tf/Errors%20explained
[behavior_server-13] [WARN] [1785623438.022827023] []: TF_OLD_DATA ignoring data from the past for frame base_link at time 21.096000 according to authority Authority undetectable
[behavior_server-13] Possible reasons are listed at http://wiki.ros.org/tf/Errors%20explained
[amcl-7] [WARN] [1785623438.022837657] []: TF_OLD_DATA ignoring data from the past for frame base_link at time 21.096000 according to authority Authority undetectable
[amcl-7] Possible reasons are listed at http://wiki.ros.org/tf/Errors%20explained
[controller_server-9] [WARN] [1785623438.022842083] []: TF_OLD_DATA ignoring data from the past for frame base_link at time 21.096000 according to authority Authority undetectable
[controller_server-9] Possible reasons are listed at http://wiki.ros.org/tf/Errors%20explained
[bt_navigator-14] [WARN] [1785623438.022876994] []: TF_OLD_DATA ignoring data from the past for frame base_link at time 21.096000 according to authority Authority undetectable
[bt_navigator-14] Possible reasons are listed at http://wiki.ros.org/tf/Errors%20explained
[smoother_server-10] [WARN] [1785623438.023281091] []: TF_OLD_DATA ignoring data from the past for frame base_link at time 4.212000 according to authority Authority undetectable
[smoother_server-10] Possible reasons are listed at http://wiki.ros.org/tf/Errors%20explained
[route_server-12] [WARN] [1785623438.023310613] []: TF_OLD_DATA ignoring data from the past for frame base_link at time 4.212000 according to authority Authority undetectable
[route_server-12] Possible reasons are listed at http://wiki.ros.org/tf/Errors%20explained
[bt_navigator-14] [WARN] [1785623438.023322987] []: TF_OLD_DATA ignoring data from the past for frame base_link at time 4.212000 according to authority Authority undetectable
[bt_navigator-14] Possible reasons are listed at http://wiki.ros.org/tf/Errors%20explained
[amcl-7] [WARN] [1785623438.023335415] []: TF_OLD_DATA ignoring data from the past for frame base_link at time 4.212000 according to authority Authority undetectable
[amcl-7] Possible reasons are listed at http://wiki.ros.org/tf/Errors%20explained
[collision_monitor-17] [WARN] [1785623438.023361285] []: TF_OLD_DATA ignoring data from the past for frame base_link at time 4.212000 according to authority Authority undetectable
[collision_monitor-17] Possible reasons are listed at http://wiki.ros.org/tf/Errors%20explained
[behavior_server-13] [WARN] [1785623438.023486036] []: TF_OLD_DATA ignoring data from the past for frame base_link at time 4.212000 according to authority Authority undetectable
[behavior_server-13] Possible reasons are listed at http://wiki.ros.org/tf/Errors%20explained
[opennav_docking-18] [WARN] [1785623438.023485138] []: TF_OLD_DATA ignoring data from the past for frame base_link at time 4.212000 according to authority Authority undetectable
[opennav_docking-18] Possible reasons are listed at http://wiki.ros.org/tf/Errors%20explained
[controller_server-9] [WARN] [1785623438.023544760] []: TF_OLD_DATA ignoring data from the past for frame base_link at time 4.212000 according to authority Authority undetectable
[controller_server-9] Possible reasons are listed at http://wiki.ros.org/tf/Errors%20explained
[planner_server-11] [WARN] [1785623438.023587535] []: TF_OLD_DATA ignoring data from the past for frame base_link at time 4.212000 according to authority Authority undetectable
[planner_server-11] Possible reasons are listed at http://wiki.ros.org/tf/Errors%20explained
[route_server-12] [WARN] [1785623438.058279104] []: TF_OLD_DATA ignoring data from the past for frame base_link at time 21.132000 according to authority Authority undetectable
[route_server-12] Possible reasons are listed at http://wiki.ros.org/tf/Errors%20explained
[amcl-7] [WARN] [1785623438.058279043] []: TF_OLD_DATA ignoring data from the past for frame base_link at time 21.132000 according to authority Authority undetectable
[amcl-7] Possible reasons are listed at http://wiki.ros.org/tf/Errors%20explained
[smoother_server-10] [WARN] [1785623438.058274158] []: TF_OLD_DATA ignoring data from the past for frame base_link at time 21.132000 according to authority Authority undetectable
[smoother_server-10] Possible reasons are listed at http://wiki.ros.org/tf/Errors%20explained
[collision_monitor-17] [WARN] [1785623438.058290823] []: TF_OLD_DATA ignoring data from the past for frame base_link at time 21.132000 according to authority Authority undetectable
[collision_monitor-17] Possible reasons are listed at http://wiki.ros.org/tf/Errors%20explained
[bt_navigator-14] [WARN] [1785623438.058297631] []: TF_OLD_DATA ignoring data from the past for frame base_link at time 21.132000 according to authority Authority undetectable
[bt_navigator-14] Possible reasons are listed at http://wiki.ros.org/tf/Errors%20explained
[opennav_docking-18] [WARN] [1785623438.058303821] []: TF_OLD_DATA ignoring data from the past for frame base_link at time 21.132000 according to authority Authority undetectable
[opennav_docking-18] Possible reasons are listed at http://wiki.ros.org/tf/Errors%20explained
[planner_server-11] [WARN] [1785623438.058305059] []: TF_OLD_DATA ignoring data from the past for frame base_link at time 21.132000 according to authority Authority undetectable
[planner_server-11] Possible reasons are listed at http://wiki.ros.org/tf/Errors%20explained
[controller_server-9] [WARN] [1785623438.058308508] []: TF_OLD_DATA ignoring data from the past for frame base_link at time 21.132000 according to authority Authority undetectable
[controller_server-9] Possible reasons are listed at http://wiki.ros.org/tf/Errors%20explained
[behavior_server-13] [WARN] [1785623438.058417177] []: TF_OLD_DATA ignoring data from the past for frame base_link at time 21.132000 according to authority Authority undetectable
[behavior_server-13] Possible reasons are listed at http://wiki.ros.org/tf/Errors%20explained
[amcl-7] [WARN] [1785623438.059043632] []: TF_OLD_DATA ignoring data from the past for frame base_link at time 4.248000 according to authority Authority undetectable
[amcl-7] Possible reasons are listed at http://wiki.ros.org/tf/Errors%20explained
[behavior_server-13] [WARN] [1785623438.059061284] []: TF_OLD_DATA ignoring data from the past for frame base_link at time 4.248000 according to authority Authority undetectable
[behavior_server-13] Possible reasons are listed at http://wiki.ros.org/tf/Errors%20explained
[planner_server-11] [WARN] [1785623438.059076903] []: TF_OLD_DATA ignoring data from the past for frame base_link at time 4.248000 according to authority Authority undetectable
[planner_server-11] Possible reasons are listed at http://wiki.ros.org/tf/Errors%20explained
[collision_monitor-17] [WARN] [1785623438.059093851] []: TF_OLD_DATA ignoring data from the past for frame base_link at time 4.248000 according to authority Authority undetectable
[collision_monitor-17] Possible reasons are listed at http://wiki.ros.org/tf/Errors%20explained
[opennav_docking-18] [WARN] [1785623438.059093675] []: TF_OLD_DATA ignoring data from the past for frame base_link at time 4.248000 according to authority Authority undetectable
[opennav_docking-18] Possible reasons are listed at http://wiki.ros.org/tf/Errors%20explained
[bt_navigator-14] [WARN] [1785623438.059103015] []: TF_OLD_DATA ignoring data from the past for frame base_link at time 4.248000 according to authority Authority undetectable
[bt_navigator-14] Possible reasons are listed at http://wiki.ros.org/tf/Errors%20explained
[smoother_server-10] [WARN] [1785623438.059109063] []: TF_OLD_DATA ignoring data from the past for frame base_link at time 4.248000 according to authority Authority undetectable
[smoother_server-10] Possible reasons are listed at http://wiki.ros.org/tf/Errors%20explained
[controller_server-9] [WARN] [1785623438.059232354] []: TF_OLD_DATA ignoring data from the past for frame base_link at time 4.248000 according to authority Authority undetectable
[controller_server-9] Possible reasons are listed at http://wiki.ros.org/tf/Errors%20explained
[route_server-12] [WARN] [1785623438.059809728] []: TF_OLD_DATA ignoring data from the past for frame base_link at time 4.248000 according to authority Authority undetectable
[route_server-12] Possible reasons are listed at http://wiki.ros.org/tf/Errors%20explained
[smoother_server-10] [INFO] [1785623438.075898747] [smoother_server]: PSTMO: 9 corners, 9 G2, 0 pivots, 0 pass-through, 360 evaluations, 0.086717 s
[planner_server-11] [WARN] [1785623438.094215621] []: TF_OLD_DATA ignoring data from the past for frame base_link at time 21.168000 according to authority Authority undetectable
[planner_server-11] Possible reasons are listed at http://wiki.ros.org/tf/Errors%20explained
[controller_server-9] [WARN] [1785623438.094217749] []: TF_OLD_DATA ignoring data from the past for frame base_link at time 21.168000 according to authority Authority undetectable
[controller_server-9] Possible reasons are listed at http://wiki.ros.org/tf/Errors%20explained
[behavior_server-13] [WARN] [1785623438.094243463] []: TF_OLD_DATA ignoring data from the past for frame base_link at time 21.168000 according to authority Authority undetectable
[behavior_server-13] Possible reasons are listed at http://wiki.ros.org/tf/Errors%20explained
[smoother_server-10] [WARN] [1785623438.094244734] []: TF_OLD_DATA ignoring data from the past for frame base_link at time 21.168000 according to authority Authority undetectable
[smoother_server-10] Possible reasons are listed at http://wiki.ros.org/tf/Errors%20explained
[opennav_docking-18] [WARN] [1785623438.094294130] []: TF_OLD_DATA ignoring data from the past for frame base_link at time 21.168000 according to authority Authority undetectable
[opennav_docking-18] Possible reasons are listed at http://wiki.ros.org/tf/Errors%20explained
[collision_monitor-17] [WARN] [1785623438.094293005] []: TF_OLD_DATA ignoring data from the past for frame base_link at time 21.168000 according to authority Authority undetectable
[collision_monitor-17] Possible reasons are listed at http://wiki.ros.org/tf/Errors%20explained
[amcl-7] [WARN] [1785623438.094312447] []: TF_OLD_DATA ignoring data from the past for frame base_link at time 21.168000 according to authority Authority undetectable
[amcl-7] Possible reasons are listed at http://wiki.ros.org/tf/Errors%20explained
[route_server-12] [WARN] [1785623438.094315721] []: TF_OLD_DATA ignoring data from the past for frame base_link at time 21.168000 according to authority Authority undetectable
[route_server-12] Possible reasons are listed at http://wiki.ros.org/tf/Errors%20explained
[bt_navigator-14] [WARN] [1785623438.094323716] []: TF_OLD_DATA ignoring data from the past for frame base_link at time 21.168000 according to authority Authority undetectable
[bt_navigator-14] Possible reasons are listed at http://wiki.ros.org/tf/Errors%20explained
[route_server-12] [WARN] [1785623438.094888509] []: TF_OLD_DATA ignoring data from the past for frame base_link at time 4.284000 according to authority Authority undetectable
[route_server-12] Possible reasons are listed at http://wiki.ros.org/tf/Errors%20explained
[behavior_server-13] [WARN] [1785623438.094895111] []: TF_OLD_DATA ignoring data from the past for frame base_link at time 4.284000 according to authority Authority undetectable
[behavior_server-13] Possible reasons are listed at http://wiki.ros.org/tf/Errors%20explained
[controller_server-9] [WARN] [1785623438.094903101] []: TF_OLD_DATA ignoring data from the past for frame base_link at time 4.284000 according to authority Authority undetectable
[controller_server-9] Possible reasons are listed at http://wiki.ros.org/tf/Errors%20explained
[opennav_docking-18] [WARN] [1785623438.094904002] []: TF_OLD_DATA ignoring data from the past for frame base_link at time 4.284000 according to authority Authority undetectable
[opennav_docking-18] Possible reasons are listed at http://wiki.ros.org/tf/Errors%20explained
[smoother_server-10] [WARN] [1785623438.094909695] []: TF_OLD_DATA ignoring data from the past for frame base_link at time 4.284000 according to authority Authority undetectable
[smoother_server-10] Possible reasons are listed at http://wiki.ros.org/tf/Errors%20explained
[planner_server-11] [WARN] [1785623438.094924270] []: TF_OLD_DATA ignoring data from the past for frame base_link at time 4.284000 according to authority Authority undetectable
[planner_server-11] Possible reasons are listed at http://wiki.ros.org/tf/Errors%20explained
[bt_navigator-14] [WARN] [1785623438.094964197] []: TF_OLD_DATA ignoring data from the past for frame base_link at time 4.284000 according to authority Authority undetectable
[bt_navigator-14] Possible reasons are listed at http://wiki.ros.org/tf/Errors%20explained
[collision_monitor-17] [WARN] [1785623438.094977229] []: TF_OLD_DATA ignoring data from the past for frame base_link at time 4.284000 according to authority Authority undetectable
[collision_monitor-17] Possible reasons are listed at http://wiki.ros.org/tf/Errors%20explained
[amcl-7] [WARN] [1785623438.095021094] []: TF_OLD_DATA ignoring data from the past for frame base_link at time 4.284000 according to authority Authority undetectable
[amcl-7] Possible reasons are listed at http://wiki.ros.org/tf/Errors%20explained
[amcl-7] [WARN] [1785623438.130020254] []: TF_OLD_DATA ignoring data from the past for frame base_link at time 21.204000 according to authority Authority undetectable
[amcl-7] Possible reasons are listed at http://wiki.ros.org/tf/Errors%20explained
[planner_server-11] [WARN] [1785623438.130023440] []: TF_OLD_DATA ignoring data from the past for frame base_link at time 21.204000 according to authority Authority undetectable
[planner_server-11] Possible reasons are listed at http://wiki.ros.org/tf/Errors%20explained
[controller_server-9] [WARN] [1785623438.130025000] []: TF_OLD_DATA ignoring data from the past for frame base_link at time 21.204000 according to authority Authority undetectable
[controller_server-9] Possible reasons are listed at http://wiki.ros.org/tf/Errors%20explained
[bt_navigator-14] [WARN] [1785623438.130028104] []: TF_OLD_DATA ignoring data from the past for frame base_link at time 21.204000 according to authority Authority undetectable
[bt_navigator-14] Possible reasons are listed at http://wiki.ros.org/tf/Errors%20explained
[route_server-12] [WARN] [1785623438.130075345] []: TF_OLD_DATA ignoring data from the past for frame base_link at time 21.204000 according to authority Authority undetectable
[route_server-12] Possible reasons are listed at http://wiki.ros.org/tf/Errors%20explained
[behavior_server-13] [WARN] [1785623438.130092240] []: TF_OLD_DATA ignoring data from the past for frame base_link at time 21.204000 according to authority Authority undetectable
[behavior_server-13] Possible reasons are listed at http://wiki.ros.org/tf/Errors%20explained
[collision_monitor-17] [WARN] [1785623438.130096403] []: TF_OLD_DATA ignoring data from the past for frame base_link at time 21.204000 according to authority Authority undetectable
[collision_monitor-17] Possible reasons are listed at http://wiki.ros.org/tf/Errors%20explained
[smoother_server-10] [WARN] [1785623438.130130049] []: TF_OLD_DATA ignoring data from the past for frame base_link at time 21.204000 according to authority Authority undetectable
[smoother_server-10] Possible reasons are listed at http://wiki.ros.org/tf/Errors%20explained
[opennav_docking-18] [WARN] [1785623438.130130897] []: TF_OLD_DATA ignoring data from the past for frame base_link at time 21.204000 according to authority Authority undetectable
[opennav_docking-18] Possible reasons are listed at http://wiki.ros.org/tf/Errors%20explained
[smoother_server-10] [WARN] [1785623438.130893218] []: TF_OLD_DATA ignoring data from the past for frame base_link at time 4.320000 according to authority Authority undetectable
[smoother_server-10] Possible reasons are listed at http://wiki.ros.org/tf/Errors%20explained
[controller_server-9] [WARN] [1785623438.130920371] []: TF_OLD_DATA ignoring data from the past for frame base_link at time 4.320000 according to authority Authority undetectable
[controller_server-9] Possible reasons are listed at http://wiki.ros.org/tf/Errors%20explained
[amcl-7] [WARN] [1785623438.130946069] []: TF_OLD_DATA ignoring data from the past for frame base_link at time 4.320000 according to authority Authority undetectable
[amcl-7] Possible reasons are listed at http://wiki.ros.org/tf/Errors%20explained
[opennav_docking-18] [WARN] [1785623438.130944696] []: TF_OLD_DATA ignoring data from the past for frame base_link at time 4.320000 according to authority Authority undetectable
[opennav_docking-18] Possible reasons are listed at http://wiki.ros.org/tf/Errors%20explained
[route_server-12] [WARN] [1785623438.130972178] []: TF_OLD_DATA ignoring data from the past for frame base_link at time 4.320000 according to authority Authority undetectable
[route_server-12] Possible reasons are listed at http://wiki.ros.org/tf/Errors%20explained
[planner_server-11] [WARN] [1785623438.131044479] []: TF_OLD_DATA ignoring data from the past for frame base_link at time 4.320000 according to authority Authority undetectable
[planner_server-11] Possible reasons are listed at http://wiki.ros.org/tf/Errors%20explained
[behavior_server-13] [WARN] [1785623438.131057463] []: TF_OLD_DATA ignoring data from the past for frame base_link at time 4.320000 according to authority Authority undetectable
[behavior_server-13] Possible reasons are listed at http://wiki.ros.org/tf/Errors%20explained
[bt_navigator-14] [WARN] [1785623438.131104192] []: TF_OLD_DATA ignoring data from the past for frame base_link at time 4.320000 according to authority Authority undetectable
[bt_navigator-14] Possible reasons are listed at http://wiki.ros.org/tf/Errors%20explained
[collision_monitor-17] [WARN] [1785623438.131431371] []: TF_OLD_DATA ignoring data from the past for frame base_link at time 4.320000 according to authority Authority undetectable
[collision_monitor-17] Possible reasons are listed at http://wiki.ros.org/tf/Errors%20explained
[smoother_server-10] [INFO] [1785623438.139703655] [smoother_server]: PSTMO: 5 corners, 4 G2, 0 pivots, 1 pass-through, 160 evaluations, 0.063639 s
[smoother_server-10] [INFO] [1785623438.140693080] [smoother_server]: PSTMO LOS selector chose LOS (no-LOS=0.632221, LOS=0.491071, reason=los_quality_improvement)
[planner_server-11] [WARN] [1785623438.166245099] []: TF_OLD_DATA ignoring data from the past for frame base_link at time 21.240000 according to authority Authority undetectable
[planner_server-11] Possible reasons are listed at http://wiki.ros.org/tf/Errors%20explained
[bt_navigator-14] [WARN] [1785623438.166263099] []: TF_OLD_DATA ignoring data from the past for frame base_link at time 21.240000 according to authority Authority undetectable
[bt_navigator-14] Possible reasons are listed at http://wiki.ros.org/tf/Errors%20explained
[controller_server-9] [WARN] [1785623438.166293908] []: TF_OLD_DATA ignoring data from the past for frame base_link at time 21.240000 according to authority Authority undetectable
[controller_server-9] Possible reasons are listed at http://wiki.ros.org/tf/Errors%20explained
[collision_monitor-17] [WARN] [1785623438.166291704] []: TF_OLD_DATA ignoring data from the past for frame base_link at time 21.240000 according to authority Authority undetectable
[collision_monitor-17] Possible reasons are listed at http://wiki.ros.org/tf/Errors%20explained
[amcl-7] [WARN] [1785623438.166351992] []: TF_OLD_DATA ignoring data from the past for frame base_link at time 21.240000 according to authority Authority undetectable
[amcl-7] Possible reasons are listed at http://wiki.ros.org/tf/Errors%20explained
[smoother_server-10] [WARN] [1785623438.166377051] []: TF_OLD_DATA ignoring data from the past for frame base_link at time 21.240000 according to authority Authority undetectable
[smoother_server-10] Possible reasons are listed at http://wiki.ros.org/tf/Errors%20explained
[behavior_server-13] [WARN] [1785623438.166432292] []: TF_OLD_DATA ignoring data from the past for frame base_link at time 21.240000 according to authority Authority undetectable
[behavior_server-13] Possible reasons are listed at http://wiki.ros.org/tf/Errors%20explained
[opennav_docking-18] [WARN] [1785623438.166447706] []: TF_OLD_DATA ignoring data from the past for frame base_link at time 21.240000 according to authority Authority undetectable
[opennav_docking-18] Possible reasons are listed at http://wiki.ros.org/tf/Errors%20explained
[route_server-12] [WARN] [1785623438.166653361] []: TF_OLD_DATA ignoring data from the past for frame base_link at time 21.240000 according to authority Authority undetectable
[route_server-12] Possible reasons are listed at http://wiki.ros.org/tf/Errors%20explained
[controller_server-9] [WARN] [1785623438.167580166] []: TF_OLD_DATA ignoring data from the past for frame base_link at time 4.356000 according to authority Authority undetectable
[controller_server-9] Possible reasons are listed at http://wiki.ros.org/tf/Errors%20explained
[planner_server-11] [WARN] [1785623438.167600208] []: TF_OLD_DATA ignoring data from the past for frame base_link at time 4.356000 according to authority Authority undetectable
[planner_server-11] Possible reasons are listed at http://wiki.ros.org/tf/Errors%20explained
[amcl-7] [WARN] [1785623438.167603010] []: TF_OLD_DATA ignoring data from the past for frame base_link at time 4.356000 according to authority Authority undetectable
[amcl-7] Possible reasons are listed at http://wiki.ros.org/tf/Errors%20explained
[behavior_server-13] [WARN] [1785623438.167710396] []: TF_OLD_DATA ignoring data from the past for frame base_link at time 4.356000 according to authority Authority undetectable
[behavior_server-13] Possible reasons are listed at http://wiki.ros.org/tf/Errors%20explained
[opennav_docking-18] [WARN] [1785623438.167720038] []: TF_OLD_DATA ignoring data from the past for frame base_link at time 4.356000 according to authority Authority undetectable
[opennav_docking-18] Possible reasons are listed at http://wiki.ros.org/tf/Errors%20explained
[bt_navigator-14] [WARN] [1785623438.167850535] []: TF_OLD_DATA ignoring data from the past for frame base_link at time 4.356000 according to authority Authority undetectable
[bt_navigator-14] Possible reasons are listed at http://wiki.ros.org/tf/Errors%20explained
[route_server-12] [WARN] [1785623438.167895811] []: TF_OLD_DATA ignoring data from the past for frame base_link at time 4.356000 according to authority Authority undetectable
[route_server-12] Possible reasons are listed at http://wiki.ros.org/tf/Errors%20explained
[collision_monitor-17] [WARN] [1785623438.167936196] []: TF_OLD_DATA ignoring data from the past for frame base_link at time 4.356000 according to authority Authority undetectable
[collision_monitor-17] Possible reasons are listed at http://wiki.ros.org/tf/Errors%20explained
[smoother_server-10] [WARN] [1785623438.168327483] []: TF_OLD_DATA ignoring data from the past for frame base_link at time 4.356000 according to authority Authority undetectable
[smoother_server-10] Possible reasons are listed at http://wiki.ros.org/tf/Errors%20explained
[behavior_server-13] [WARN] [1785623438.202657866] []: TF_OLD_DATA ignoring data from the past for frame base_link at time 21.276000 according to authority Authority undetectable
[behavior_server-13] Possible reasons are listed at http://wiki.ros.org/tf/Errors%20explained
[amcl-7] [WARN] [1785623438.202686256] []: TF_OLD_DATA ignoring data from the past for frame base_link at time 21.276000 according to authority Authority undetectable
[amcl-7] Possible reasons are listed at http://wiki.ros.org/tf/Errors%20explained
[planner_server-11] [WARN] [1785623438.202657563] []: TF_OLD_DATA ignoring data from the past for frame base_link at time 21.276000 according to authority Authority undetectable
[planner_server-11] Possible reasons are listed at http://wiki.ros.org/tf/Errors%20explained
[route_server-12] [WARN] [1785623438.202812807] []: TF_OLD_DATA ignoring data from the past for frame base_link at time 21.276000 according to authority Authority undetectable
[route_server-12] Possible reasons are listed at http://wiki.ros.org/tf/Errors%20explained
[opennav_docking-18] [WARN] [1785623438.202864996] []: TF_OLD_DATA ignoring data from the past for frame base_link at time 21.276000 according to authority Authority undetectable
[opennav_docking-18] Possible reasons are listed at http://wiki.ros.org/tf/Errors%20explained
[collision_monitor-17] [WARN] [1785623438.203078942] []: TF_OLD_DATA ignoring data from the past for frame base_link at time 21.276000 according to authority Authority undetectable
[collision_monitor-17] Possible reasons are listed at http://wiki.ros.org/tf/Errors%20explained
[controller_server-9] [WARN] [1785623438.203127420] []: TF_OLD_DATA ignoring data from the past for frame base_link at time 21.276000 according to authority Authority undetectable
[controller_server-9] Possible reasons are listed at http://wiki.ros.org/tf/Errors%20explained
[smoother_server-10] [WARN] [1785623438.203129086] []: TF_OLD_DATA ignoring data from the past for frame base_link at time 21.276000 according to authority Authority undetectable
[smoother_server-10] Possible reasons are listed at http://wiki.ros.org/tf/Errors%20explained
[smoother_server-10] [WARN] [1785623438.203400726] []: TF_OLD_DATA ignoring data from the past for frame base_link at time 4.392000 according to authority Authority undetectable
[smoother_server-10] Possible reasons are listed at http://wiki.ros.org/tf/Errors%20explained
[planner_server-11] [WARN] [1785623438.203423321] []: TF_OLD_DATA ignoring data from the past for frame base_link at time 4.392000 according to authority Authority undetectable
[planner_server-11] Possible reasons are listed at http://wiki.ros.org/tf/Errors%20explained
[route_server-12] [WARN] [1785623438.203428097] []: TF_OLD_DATA ignoring data from the past for frame base_link at time 4.392000 according to authority Authority undetectable
[route_server-12] Possible reasons are listed at http://wiki.ros.org/tf/Errors%20explained
[behavior_server-13] [WARN] [1785623438.203447335] []: TF_OLD_DATA ignoring data from the past for frame base_link at time 4.392000 according to authority Authority undetectable
[behavior_server-13] Possible reasons are listed at http://wiki.ros.org/tf/Errors%20explained
[opennav_docking-18] [WARN] [1785623438.203453891] []: TF_OLD_DATA ignoring data from the past for frame base_link at time 4.392000 according to authority Authority undetectable
[opennav_docking-18] Possible reasons are listed at http://wiki.ros.org/tf/Errors%20explained
[amcl-7] [WARN] [1785623438.203465392] []: TF_OLD_DATA ignoring data from the past for frame base_link at time 4.392000 according to authority Authority undetectable
[amcl-7] Possible reasons are listed at http://wiki.ros.org/tf/Errors%20explained
[collision_monitor-17] [WARN] [1785623438.203482626] []: TF_OLD_DATA ignoring data from the past for frame base_link at time 4.392000 according to authority Authority undetectable
[collision_monitor-17] Possible reasons are listed at http://wiki.ros.org/tf/Errors%20explained
[bt_navigator-14] [WARN] [1785623438.203539653] []: TF_OLD_DATA ignoring data from the past for frame base_link at time 21.276000 according to authority Authority undetectable
[bt_navigator-14] Possible reasons are listed at http://wiki.ros.org/tf/Errors%20explained
[bt_navigator-14] [WARN] [1785623438.203589869] []: TF_OLD_DATA ignoring data from the past for frame base_link at time 4.392000 according to authority Authority undetectable
[bt_navigator-14] Possible reasons are listed at http://wiki.ros.org/tf/Errors%20explained
[controller_server-9] [WARN] [1785623438.203588300] []: TF_OLD_DATA ignoring data from the past for frame base_link at time 4.392000 according to authority Authority undetectable
[controller_server-9] Possible reasons are listed at http://wiki.ros.org/tf/Errors%20explained
[controller_server-9] [WARN] [1785623438.238240114] []: TF_OLD_DATA ignoring data from the past for frame base_link at time 21.312000 according to authority Authority undetectable
[controller_server-9] Possible reasons are listed at http://wiki.ros.org/tf/Errors%20explained
[bt_navigator-14] [WARN] [1785623438.238251472] []: TF_OLD_DATA ignoring data from the past for frame base_link at time 21.312000 according to authority Authority undetectable
[bt_navigator-14] Possible reasons are listed at http://wiki.ros.org/tf/Errors%20explained
[behavior_server-13] [WARN] [1785623438.238297865] []: TF_OLD_DATA ignoring data from the past for frame base_link at time 21.312000 according to authority Authority undetectable
[behavior_server-13] Possible reasons are listed at http://wiki.ros.org/tf/Errors%20explained
[amcl-7] [WARN] [1785623438.238373524] []: TF_OLD_DATA ignoring data from the past for frame base_link at time 21.312000 according to authority Authority undetectable
[amcl-7] Possible reasons are listed at http://wiki.ros.org/tf/Errors%20explained
[opennav_docking-18] [WARN] [1785623438.238510026] []: TF_OLD_DATA ignoring data from the past for frame base_link at time 21.312000 according to authority Authority undetectable
[opennav_docking-18] Possible reasons are listed at http://wiki.ros.org/tf/Errors%20explained
[planner_server-11] [WARN] [1785623438.238697117] []: TF_OLD_DATA ignoring data from the past for frame base_link at time 21.312000 according to authority Authority undetectable
[planner_server-11] Possible reasons are listed at http://wiki.ros.org/tf/Errors%20explained
[route_server-12] [WARN] [1785623438.238903461] []: TF_OLD_DATA ignoring data from the past for frame base_link at time 21.312000 according to authority Authority undetectable
[route_server-12] Possible reasons are listed at http://wiki.ros.org/tf/Errors%20explained
[collision_monitor-17] [WARN] [1785623438.238924787] []: TF_OLD_DATA ignoring data from the past for frame base_link at time 21.312000 according to authority Authority undetectable
[collision_monitor-17] Possible reasons are listed at http://wiki.ros.org/tf/Errors%20explained
[smoother_server-10] [WARN] [1785623438.239125111] []: TF_OLD_DATA ignoring data from the past for frame base_link at time 21.312000 according to authority Authority undetectable
[smoother_server-10] Possible reasons are listed at http://wiki.ros.org/tf/Errors%20explained
[route_server-12] [WARN] [1785623438.239358637] []: TF_OLD_DATA ignoring data from the past for frame base_link at time 4.428000 according to authority Authority undetectable
[route_server-12] Possible reasons are listed at http://wiki.ros.org/tf/Errors%20explained
[behavior_server-13] [WARN] [1785623438.239373894] []: TF_OLD_DATA ignoring data from the past for frame base_link at time 4.428000 according to authority Authority undetectable
[behavior_server-13] Possible reasons are listed at http://wiki.ros.org/tf/Errors%20explained
[controller_server-9] [WARN] [1785623438.239410765] []: TF_OLD_DATA ignoring data from the past for frame base_link at time 4.428000 according to authority Authority undetectable
[controller_server-9] Possible reasons are listed at http://wiki.ros.org/tf/Errors%20explained
[planner_server-11] [WARN] [1785623438.239414990] []: TF_OLD_DATA ignoring data from the past for frame base_link at time 4.428000 according to authority Authority undetectable
[planner_server-11] Possible reasons are listed at http://wiki.ros.org/tf/Errors%20explained
[bt_navigator-14] [WARN] [1785623438.239440076] []: TF_OLD_DATA ignoring data from the past for frame base_link at time 4.428000 according to authority Authority undetectable
[bt_navigator-14] Possible reasons are listed at http://wiki.ros.org/tf/Errors%20explained
[amcl-7] [WARN] [1785623438.239446699] []: TF_OLD_DATA ignoring data from the past for frame base_link at time 4.428000 according to authority Authority undetectable
[amcl-7] Possible reasons are listed at http://wiki.ros.org/tf/Errors%20explained
[smoother_server-10] [WARN] [1785623438.239461557] []: TF_OLD_DATA ignoring data from the past for frame base_link at time 4.428000 according to authority Authority undetectable
[smoother_server-10] Possible reasons are listed at http://wiki.ros.org/tf/Errors%20explained
[collision_monitor-17] [WARN] [1785623438.239501160] []: TF_OLD_DATA ignoring data from the past for frame base_link at time 4.428000 according to authority Authority undetectable
[collision_monitor-17] Possible reasons are listed at http://wiki.ros.org/tf/Errors%20explained
[opennav_docking-18] [WARN] [1785623438.239535821] []: TF_OLD_DATA ignoring data from the past for frame base_link at time 4.428000 according to authority Authority undetectable
[opennav_docking-18] Possible reasons are listed at http://wiki.ros.org/tf/Errors%20explained
[controller_server-9] [WARN] [1785623438.274129719] []: TF_OLD_DATA ignoring data from the past for frame base_link at time 21.348000 according to authority Authority undetectable
[controller_server-9] Possible reasons are listed at http://wiki.ros.org/tf/Errors%20explained
[planner_server-11] [WARN] [1785623438.274161757] []: TF_OLD_DATA ignoring data from the past for frame base_link at time 21.348000 according to authority Authority undetectable
[planner_server-11] Possible reasons are listed at http://wiki.ros.org/tf/Errors%20explained
[amcl-7] [WARN] [1785623438.274193972] []: TF_OLD_DATA ignoring data from the past for frame base_link at time 21.348000 according to authority Authority undetectable
[amcl-7] Possible reasons are listed at http://wiki.ros.org/tf/Errors%20explained
[collision_monitor-17] [WARN] [1785623438.274193285] []: TF_OLD_DATA ignoring data from the past for frame base_link at time 21.348000 according to authority Authority undetectable
[collision_monitor-17] Possible reasons are listed at http://wiki.ros.org/tf/Errors%20explained
[behavior_server-13] [WARN] [1785623438.274194059] []: TF_OLD_DATA ignoring data from the past for frame base_link at time 21.348000 according to authority Authority undetectable
[behavior_server-13] Possible reasons are listed at http://wiki.ros.org/tf/Errors%20explained
[bt_navigator-14] [WARN] [1785623438.274199449] []: TF_OLD_DATA ignoring data from the past for frame base_link at time 21.348000 according to authority Authority undetectable
[bt_navigator-14] Possible reasons are listed at http://wiki.ros.org/tf/Errors%20explained
[opennav_docking-18] [WARN] [1785623438.274253974] []: TF_OLD_DATA ignoring data from the past for frame base_link at time 21.348000 according to authority Authority undetectable
[opennav_docking-18] Possible reasons are listed at http://wiki.ros.org/tf/Errors%20explained
[route_server-12] [WARN] [1785623438.274294534] []: TF_OLD_DATA ignoring data from the past for frame base_link at time 21.348000 according to authority Authority undetectable
[route_server-12] Possible reasons are listed at http://wiki.ros.org/tf/Errors%20explained
[smoother_server-10] [WARN] [1785623438.274561591] []: TF_OLD_DATA ignoring data from the past for frame base_link at time 21.348000 according to authority Authority undetectable
[smoother_server-10] Possible reasons are listed at http://wiki.ros.org/tf/Errors%20explained
[smoother_server-10] [WARN] [1785623438.274938921] []: TF_OLD_DATA ignoring data from the past for frame base_link at time 4.464000 according to authority Authority undetectable
[smoother_server-10] Possible reasons are listed at http://wiki.ros.org/tf/Errors%20explained
[bt_navigator-14] [WARN] [1785623438.274959268] []: TF_OLD_DATA ignoring data from the past for frame base_link at time 4.464000 according to authority Authority undetectable
[bt_navigator-14] Possible reasons are listed at http://wiki.ros.org/tf/Errors%20explained
[planner_server-11] [WARN] [1785623438.274967163] []: TF_OLD_DATA ignoring data from the past for frame base_link at time 4.464000 according to authority Authority undetectable
[planner_server-11] Possible reasons are listed at http://wiki.ros.org/tf/Errors%20explained
[opennav_docking-18] [WARN] [1785623438.274978170] []: TF_OLD_DATA ignoring data from the past for frame base_link at time 4.464000 according to authority Authority undetectable
[opennav_docking-18] Possible reasons are listed at http://wiki.ros.org/tf/Errors%20explained
[controller_server-9] [WARN] [1785623438.274993912] []: TF_OLD_DATA ignoring data from the past for frame base_link at time 4.464000 according to authority Authority undetectable
[controller_server-9] Possible reasons are listed at http://wiki.ros.org/tf/Errors%20explained
[collision_monitor-17] [WARN] [1785623438.275000562] []: TF_OLD_DATA ignoring data from the past for frame base_link at time 4.464000 according to authority Authority undetectable
[collision_monitor-17] Possible reasons are listed at http://wiki.ros.org/tf/Errors%20explained
[behavior_server-13] [WARN] [1785623438.275042279] []: TF_OLD_DATA ignoring data from the past for frame base_link at time 4.464000 according to authority Authority undetectable
[behavior_server-13] Possible reasons are listed at http://wiki.ros.org/tf/Errors%20explained
[amcl-7] [WARN] [1785623438.275157078] []: TF_OLD_DATA ignoring data from the past for frame base_link at time 4.464000 according to authority Authority undetectable
[amcl-7] Possible reasons are listed at http://wiki.ros.org/tf/Errors%20explained
[route_server-12] [WARN] [1785623438.275260162] []: TF_OLD_DATA ignoring data from the past for frame base_link at time 4.464000 according to authority Authority undetectable
[route_server-12] Possible reasons are listed at http://wiki.ros.org/tf/Errors%20explained
[amcl-7] [WARN] [1785623438.310105867] []: TF_OLD_DATA ignoring data from the past for frame base_link at time 21.384000 according to authority Authority undetectable
[amcl-7] Possible reasons are listed at http://wiki.ros.org/tf/Errors%20explained
[controller_server-9] [WARN] [1785623438.310093689] []: TF_OLD_DATA ignoring data from the past for frame base_link at time 21.384000 according to authority Authority undetectable
[controller_server-9] Possible reasons are listed at http://wiki.ros.org/tf/Errors%20explained
[route_server-12] [WARN] [1785623438.310116765] []: TF_OLD_DATA ignoring data from the past for frame base_link at time 21.384000 according to authority Authority undetectable
[route_server-12] Possible reasons are listed at http://wiki.ros.org/tf/Errors%20explained
[collision_monitor-17] [WARN] [1785623438.310170169] []: TF_OLD_DATA ignoring data from the past for frame base_link at time 21.384000 according to authority Authority undetectable
[collision_monitor-17] Possible reasons are listed at http://wiki.ros.org/tf/Errors%20explained
[planner_server-11] [WARN] [1785623438.310196006] []: TF_OLD_DATA ignoring data from the past for frame base_link at time 21.384000 according to authority Authority undetectable
[planner_server-11] Possible reasons are listed at http://wiki.ros.org/tf/Errors%20explained
[smoother_server-10] [WARN] [1785623438.310252264] []: TF_OLD_DATA ignoring data from the past for frame base_link at time 21.384000 according to authority Authority undetectable
[smoother_server-10] Possible reasons are listed at http://wiki.ros.org/tf/Errors%20explained
[opennav_docking-18] [WARN] [1785623438.310266595] []: TF_OLD_DATA ignoring data from the past for frame base_link at time 21.384000 according to authority Authority undetectable
[opennav_docking-18] Possible reasons are listed at http://wiki.ros.org/tf/Errors%20explained
[behavior_server-13] [WARN] [1785623438.310603897] []: TF_OLD_DATA ignoring data from the past for frame base_link at time 21.384000 according to authority Authority undetectable
[behavior_server-13] Possible reasons are listed at http://wiki.ros.org/tf/Errors%20explained
[behavior_server-13] [WARN] [1785623438.310858429] []: TF_OLD_DATA ignoring data from the past for frame base_link at time 4.500000 according to authority Authority undetectable
[behavior_server-13] Possible reasons are listed at http://wiki.ros.org/tf/Errors%20explained
[bt_navigator-14] [WARN] [1785623438.310622315] []: TF_OLD_DATA ignoring data from the past for frame base_link at time 21.384000 according to authority Authority undetectable
[bt_navigator-14] Possible reasons are listed at http://wiki.ros.org/tf/Errors%20explained
[bt_navigator-14] [WARN] [1785623438.310920060] []: TF_OLD_DATA ignoring data from the past for frame base_link at time 4.500000 according to authority Authority undetectable
[bt_navigator-14] Possible reasons are listed at http://wiki.ros.org/tf/Errors%20explained
[controller_server-9] [WARN] [1785623438.310805004] []: TF_OLD_DATA ignoring data from the past for frame base_link at time 4.500000 according to authority Authority undetectable
[controller_server-9] Possible reasons are listed at http://wiki.ros.org/tf/Errors%20explained
[collision_monitor-17] [WARN] [1785623438.310814074] []: TF_OLD_DATA ignoring data from the past for frame base_link at time 4.500000 according to authority Authority undetectable
[collision_monitor-17] Possible reasons are listed at http://wiki.ros.org/tf/Errors%20explained
[amcl-7] [WARN] [1785623438.310822101] []: TF_OLD_DATA ignoring data from the past for frame base_link at time 4.500000 according to authority Authority undetectable
[amcl-7] Possible reasons are listed at http://wiki.ros.org/tf/Errors%20explained
[route_server-12] [WARN] [1785623438.310874659] []: TF_OLD_DATA ignoring data from the past for frame base_link at time 4.500000 according to authority Authority undetectable
[route_server-12] Possible reasons are listed at http://wiki.ros.org/tf/Errors%20explained
[planner_server-11] [WARN] [1785623438.310897876] []: TF_OLD_DATA ignoring data from the past for frame base_link at time 4.500000 according to authority Authority undetectable
[planner_server-11] Possible reasons are listed at http://wiki.ros.org/tf/Errors%20explained
[smoother_server-10] [WARN] [1785623438.310898969] []: TF_OLD_DATA ignoring data from the past for frame base_link at time 4.500000 according to authority Authority undetectable
[smoother_server-10] Possible reasons are listed at http://wiki.ros.org/tf/Errors%20explained
[opennav_docking-18] [WARN] [1785623438.310922307] []: TF_OLD_DATA ignoring data from the past for frame base_link at time 4.500000 according to authority Authority undetectable
[opennav_docking-18] Possible reasons are listed at http://wiki.ros.org/tf/Errors%20explained
[controller_server-9] [WARN] [1785623438.346361596] []: TF_OLD_DATA ignoring data from the past for frame base_link at time 21.420000 according to authority Authority undetectable
[controller_server-9] Possible reasons are listed at http://wiki.ros.org/tf/Errors%20explained
[planner_server-11] [WARN] [1785623438.346376247] []: TF_OLD_DATA ignoring data from the past for frame base_link at time 21.420000 according to authority Authority undetectable
[planner_server-11] Possible reasons are listed at http://wiki.ros.org/tf/Errors%20explained
[collision_monitor-17] [WARN] [1785623438.346409260] []: TF_OLD_DATA ignoring data from the past for frame base_link at time 21.420000 according to authority Authority undetectable
[collision_monitor-17] Possible reasons are listed at http://wiki.ros.org/tf/Errors%20explained
[amcl-7] [WARN] [1785623438.346415903] []: TF_OLD_DATA ignoring data from the past for frame base_link at time 21.420000 according to authority Authority undetectable
[amcl-7] Possible reasons are listed at http://wiki.ros.org/tf/Errors%20explained
[smoother_server-10] [WARN] [1785623438.346432624] []: TF_OLD_DATA ignoring data from the past for frame base_link at time 21.420000 according to authority Authority undetectable
[smoother_server-10] Possible reasons are listed at http://wiki.ros.org/tf/Errors%20explained
[bt_navigator-14] [WARN] [1785623438.346541186] []: TF_OLD_DATA ignoring data from the past for frame base_link at time 21.420000 according to authority Authority undetectable
[bt_navigator-14] Possible reasons are listed at http://wiki.ros.org/tf/Errors%20explained
[smoother_server-10] [WARN] [1785623438.347113024] []: TF_OLD_DATA ignoring data from the past for frame base_link at time 4.536000 according to authority Authority undetectable
[smoother_server-10] Possible reasons are listed at http://wiki.ros.org/tf/Errors%20explained
[opennav_docking-18] [WARN] [1785623438.346574265] []: TF_OLD_DATA ignoring data from the past for frame base_link at time 21.420000 according to authority Authority undetectable
[opennav_docking-18] Possible reasons are listed at http://wiki.ros.org/tf/Errors%20explained
[opennav_docking-18] [WARN] [1785623438.347098404] []: TF_OLD_DATA ignoring data from the past for frame base_link at time 4.536000 according to authority Authority undetectable
[opennav_docking-18] Possible reasons are listed at http://wiki.ros.org/tf/Errors%20explained
[behavior_server-13] [WARN] [1785623438.346814638] []: TF_OLD_DATA ignoring data from the past for frame base_link at time 21.420000 according to authority Authority undetectable
[behavior_server-13] Possible reasons are listed at http://wiki.ros.org/tf/Errors%20explained
[behavior_server-13] [WARN] [1785623438.347095005] []: TF_OLD_DATA ignoring data from the past for frame base_link at time 4.536000 according to authority Authority undetectable
[behavior_server-13] Possible reasons are listed at http://wiki.ros.org/tf/Errors%20explained
[amcl-7] [WARN] [1785623438.347044781] []: TF_OLD_DATA ignoring data from the past for frame base_link at time 4.536000 according to authority Authority undetectable
[amcl-7] Possible reasons are listed at http://wiki.ros.org/tf/Errors%20explained
[planner_server-11] [WARN] [1785623438.347054975] []: TF_OLD_DATA ignoring data from the past for frame base_link at time 4.536000 according to authority Authority undetectable
[planner_server-11] Possible reasons are listed at http://wiki.ros.org/tf/Errors%20explained
[collision_monitor-17] [WARN] [1785623438.347068318] []: TF_OLD_DATA ignoring data from the past for frame base_link at time 4.536000 according to authority Authority undetectable
[collision_monitor-17] Possible reasons are listed at http://wiki.ros.org/tf/Errors%20explained
[route_server-12] [WARN] [1785623438.347116455] []: TF_OLD_DATA ignoring data from the past for frame base_link at time 21.420000 according to authority Authority undetectable
[route_server-12] Possible reasons are listed at http://wiki.ros.org/tf/Errors%20explained
[route_server-12] [WARN] [1785623438.347160191] []: TF_OLD_DATA ignoring data from the past for frame base_link at time 4.536000 according to authority Authority undetectable
[route_server-12] Possible reasons are listed at http://wiki.ros.org/tf/Errors%20explained
[controller_server-9] [WARN] [1785623438.347131031] []: TF_OLD_DATA ignoring data from the past for frame base_link at time 4.536000 according to authority Authority undetectable
[controller_server-9] Possible reasons are listed at http://wiki.ros.org/tf/Errors%20explained
[bt_navigator-14] [WARN] [1785623438.347162931] []: TF_OLD_DATA ignoring data from the past for frame base_link at time 4.536000 according to authority Authority undetectable
[bt_navigator-14] Possible reasons are listed at http://wiki.ros.org/tf/Errors%20explained
[batch_benchmark-5] [INFO] [1785623438.351074773] [planner_geometry_benchmark]: [3/5] ThetaStar / office_long_diagonal / repetition 1
[controller_server-9] [WARN] [1785623438.382036193] []: TF_OLD_DATA ignoring data from the past for frame base_link at time 21.456000 according to authority Authority undetectable
[controller_server-9] Possible reasons are listed at http://wiki.ros.org/tf/Errors%20explained
[amcl-7] [WARN] [1785623438.382057445] []: TF_OLD_DATA ignoring data from the past for frame base_link at time 21.456000 according to authority Authority undetectable
[amcl-7] Possible reasons are listed at http://wiki.ros.org/tf/Errors%20explained
[planner_server-11] [WARN] [1785623438.382067666] []: TF_OLD_DATA ignoring data from the past for frame base_link at time 21.456000 according to authority Authority undetectable
[planner_server-11] Possible reasons are listed at http://wiki.ros.org/tf/Errors%20explained
[smoother_server-10] [WARN] [1785623438.382130762] []: TF_OLD_DATA ignoring data from the past for frame base_link at time 21.456000 according to authority Authority undetectable
[smoother_server-10] Possible reasons are listed at http://wiki.ros.org/tf/Errors%20explained
[opennav_docking-18] [WARN] [1785623438.382139144] []: TF_OLD_DATA ignoring data from the past for frame base_link at time 21.456000 according to authority Authority undetectable
[opennav_docking-18] Possible reasons are listed at http://wiki.ros.org/tf/Errors%20explained
[route_server-12] [WARN] [1785623438.382147303] []: TF_OLD_DATA ignoring data from the past for frame base_link at time 21.456000 according to authority Authority undetectable
[route_server-12] Possible reasons are listed at http://wiki.ros.org/tf/Errors%20explained
[behavior_server-13] [WARN] [1785623438.382212827] []: TF_OLD_DATA ignoring data from the past for frame base_link at time 21.456000 according to authority Authority undetectable
[behavior_server-13] Possible reasons are listed at http://wiki.ros.org/tf/Errors%20explained
[behavior_server-13] [WARN] [1785623438.382990024] []: TF_OLD_DATA ignoring data from the past for frame base_link at time 4.572000 according to authority Authority undetectable
[behavior_server-13] Possible reasons are listed at http://wiki.ros.org/tf/Errors%20explained
[collision_monitor-17] [WARN] [1785623438.382312207] []: TF_OLD_DATA ignoring data from the past for frame base_link at time 21.456000 according to authority Authority undetectable
[collision_monitor-17] Possible reasons are listed at http://wiki.ros.org/tf/Errors%20explained
[collision_monitor-17] [WARN] [1785623438.383152913] []: TF_OLD_DATA ignoring data from the past for frame base_link at time 4.572000 according to authority Authority undetectable
[collision_monitor-17] Possible reasons are listed at http://wiki.ros.org/tf/Errors%20explained
[bt_navigator-14] [WARN] [1785623438.382311331] []: TF_OLD_DATA ignoring data from the past for frame base_link at time 21.456000 according to authority Authority undetectable
[bt_navigator-14] Possible reasons are listed at http://wiki.ros.org/tf/Errors%20explained
[bt_navigator-14] [WARN] [1785623438.383065502] []: TF_OLD_DATA ignoring data from the past for frame base_link at time 4.572000 according to authority Authority undetectable
[bt_navigator-14] Possible reasons are listed at http://wiki.ros.org/tf/Errors%20explained
[controller_server-9] [WARN] [1785623438.382946728] []: TF_OLD_DATA ignoring data from the past for frame base_link at time 4.572000 according to authority Authority undetectable
[controller_server-9] Possible reasons are listed at http://wiki.ros.org/tf/Errors%20explained
[smoother_server-10] [WARN] [1785623438.382946743] []: TF_OLD_DATA ignoring data from the past for frame base_link at time 4.572000 according to authority Authority undetectable
[smoother_server-10] Possible reasons are listed at http://wiki.ros.org/tf/Errors%20explained
[route_server-12] [WARN] [1785623438.382996138] []: TF_OLD_DATA ignoring data from the past for frame base_link at time 4.572000 according to authority Authority undetectable
[route_server-12] Possible reasons are listed at http://wiki.ros.org/tf/Errors%20explained
[amcl-7] [WARN] [1785623438.383042777] []: TF_OLD_DATA ignoring data from the past for frame base_link at time 4.572000 according to authority Authority undetectable
[amcl-7] Possible reasons are listed at http://wiki.ros.org/tf/Errors%20explained
[planner_server-11] [WARN] [1785623438.383061797] []: TF_OLD_DATA ignoring data from the past for frame base_link at time 4.572000 according to authority Authority undetectable
[planner_server-11] Possible reasons are listed at http://wiki.ros.org/tf/Errors%20explained
[opennav_docking-18] [WARN] [1785623438.383112218] []: TF_OLD_DATA ignoring data from the past for frame base_link at time 4.572000 according to authority Authority undetectable
[opennav_docking-18] Possible reasons are listed at http://wiki.ros.org/tf/Errors%20explained
[amcl-7] [WARN] [1785623438.418135870] []: TF_OLD_DATA ignoring data from the past for frame base_link at time 21.492000 according to authority Authority undetectable
[amcl-7] Possible reasons are listed at http://wiki.ros.org/tf/Errors%20explained
[smoother_server-10] [WARN] [1785623438.418143078] []: TF_OLD_DATA ignoring data from the past for frame base_link at time 21.492000 according to authority Authority undetectable
[smoother_server-10] Possible reasons are listed at http://wiki.ros.org/tf/Errors%20explained
[planner_server-11] [WARN] [1785623438.418169093] []: TF_OLD_DATA ignoring data from the past for frame base_link at time 21.492000 according to authority Authority undetectable
[planner_server-11] Possible reasons are listed at http://wiki.ros.org/tf/Errors%20explained
[opennav_docking-18] [WARN] [1785623438.418245087] []: TF_OLD_DATA ignoring data from the past for frame base_link at time 21.492000 according to authority Authority undetectable
[opennav_docking-18] Possible reasons are listed at http://wiki.ros.org/tf/Errors%20explained
[behavior_server-13] [WARN] [1785623438.418247712] []: TF_OLD_DATA ignoring data from the past for frame base_link at time 21.492000 according to authority Authority undetectable
[behavior_server-13] Possible reasons are listed at http://wiki.ros.org/tf/Errors%20explained
[route_server-12] [WARN] [1785623438.418336502] []: TF_OLD_DATA ignoring data from the past for frame base_link at time 21.492000 according to authority Authority undetectable
[route_server-12] Possible reasons are listed at http://wiki.ros.org/tf/Errors%20explained
[controller_server-9] [WARN] [1785623438.418352541] []: TF_OLD_DATA ignoring data from the past for frame base_link at time 21.492000 according to authority Authority undetectable
[controller_server-9] Possible reasons are listed at http://wiki.ros.org/tf/Errors%20explained
[bt_navigator-14] [WARN] [1785623438.418389539] []: TF_OLD_DATA ignoring data from the past for frame base_link at time 21.492000 according to authority Authority undetectable
[bt_navigator-14] Possible reasons are listed at http://wiki.ros.org/tf/Errors%20explained
[collision_monitor-17] [WARN] [1785623438.418390943] []: TF_OLD_DATA ignoring data from the past for frame base_link at time 21.492000 according to authority Authority undetectable
[collision_monitor-17] Possible reasons are listed at http://wiki.ros.org/tf/Errors%20explained
[controller_server-9] [WARN] [1785623438.419066214] []: TF_OLD_DATA ignoring data from the past for frame base_link at time 4.608000 according to authority Authority undetectable
[controller_server-9] Possible reasons are listed at http://wiki.ros.org/tf/Errors%20explained
[smoother_server-10] [WARN] [1785623438.419097559] []: TF_OLD_DATA ignoring data from the past for frame base_link at time 4.608000 according to authority Authority undetectable
[smoother_server-10] Possible reasons are listed at http://wiki.ros.org/tf/Errors%20explained
[planner_server-11] [WARN] [1785623438.419108528] []: TF_OLD_DATA ignoring data from the past for frame base_link at time 4.608000 according to authority Authority undetectable
[planner_server-11] Possible reasons are listed at http://wiki.ros.org/tf/Errors%20explained
[amcl-7] [WARN] [1785623438.419108139] []: TF_OLD_DATA ignoring data from the past for frame base_link at time 4.608000 according to authority Authority undetectable
[amcl-7] Possible reasons are listed at http://wiki.ros.org/tf/Errors%20explained
[bt_navigator-14] [WARN] [1785623438.419147648] []: TF_OLD_DATA ignoring data from the past for frame base_link at time 4.608000 according to authority Authority undetectable
[bt_navigator-14] Possible reasons are listed at http://wiki.ros.org/tf/Errors%20explained
[behavior_server-13] [WARN] [1785623438.419161660] []: TF_OLD_DATA ignoring data from the past for frame base_link at time 4.608000 according to authority Authority undetectable
[behavior_server-13] Possible reasons are listed at http://wiki.ros.org/tf/Errors%20explained
[opennav_docking-18] [WARN] [1785623438.419173008] []: TF_OLD_DATA ignoring data from the past for frame base_link at time 4.608000 according to authority Authority undetectable
[opennav_docking-18] Possible reasons are listed at http://wiki.ros.org/tf/Errors%20explained
[route_server-12] [WARN] [1785623438.419196255] []: TF_OLD_DATA ignoring data from the past for frame base_link at time 4.608000 according to authority Authority undetectable
[route_server-12] Possible reasons are listed at http://wiki.ros.org/tf/Errors%20explained
[collision_monitor-17] [WARN] [1785623438.419207645] []: TF_OLD_DATA ignoring data from the past for frame base_link at time 4.608000 according to authority Authority undetectable
[collision_monitor-17] Possible reasons are listed at http://wiki.ros.org/tf/Errors%20explained
[planner_server-11] [WARN] [1785623438.454155134] []: TF_OLD_DATA ignoring data from the past for frame base_link at time 21.528000 according to authority Authority undetectable
[planner_server-11] Possible reasons are listed at http://wiki.ros.org/tf/Errors%20explained
[route_server-12] [WARN] [1785623438.454172065] []: TF_OLD_DATA ignoring data from the past for frame base_link at time 21.528000 according to authority Authority undetectable
[route_server-12] Possible reasons are listed at http://wiki.ros.org/tf/Errors%20explained
[controller_server-9] [WARN] [1785623438.454172066] []: TF_OLD_DATA ignoring data from the past for frame base_link at time 21.528000 according to authority Authority undetectable
[controller_server-9] Possible reasons are listed at http://wiki.ros.org/tf/Errors%20explained
[bt_navigator-14] [WARN] [1785623438.454215726] []: TF_OLD_DATA ignoring data from the past for frame base_link at time 21.528000 according to authority Authority undetectable
[bt_navigator-14] Possible reasons are listed at http://wiki.ros.org/tf/Errors%20explained
[amcl-7] [WARN] [1785623438.454251355] []: TF_OLD_DATA ignoring data from the past for frame base_link at time 21.528000 according to authority Authority undetectable
[amcl-7] Possible reasons are listed at http://wiki.ros.org/tf/Errors%20explained
[behavior_server-13] [WARN] [1785623438.454255916] []: TF_OLD_DATA ignoring data from the past for frame base_link at time 21.528000 according to authority Authority undetectable
[behavior_server-13] Possible reasons are listed at http://wiki.ros.org/tf/Errors%20explained
[opennav_docking-18] [WARN] [1785623438.454270481] []: TF_OLD_DATA ignoring data from the past for frame base_link at time 21.528000 according to authority Authority undetectable
[opennav_docking-18] Possible reasons are listed at http://wiki.ros.org/tf/Errors%20explained
[collision_monitor-17] [WARN] [1785623438.454352400] []: TF_OLD_DATA ignoring data from the past for frame base_link at time 21.528000 according to authority Authority undetectable
[collision_monitor-17] Possible reasons are listed at http://wiki.ros.org/tf/Errors%20explained
[smoother_server-10] [WARN] [1785623438.454380730] []: TF_OLD_DATA ignoring data from the past for frame base_link at time 21.528000 according to authority Authority undetectable
[smoother_server-10] Possible reasons are listed at http://wiki.ros.org/tf/Errors%20explained
[collision_monitor-17] [WARN] [1785623438.454982058] []: TF_OLD_DATA ignoring data from the past for frame base_link at time 4.644000 according to authority Authority undetectable
[collision_monitor-17] Possible reasons are listed at http://wiki.ros.org/tf/Errors%20explained
[amcl-7] [WARN] [1785623438.454946869] []: TF_OLD_DATA ignoring data from the past for frame base_link at time 4.644000 according to authority Authority undetectable
[amcl-7] Possible reasons are listed at http://wiki.ros.org/tf/Errors%20explained
[planner_server-11] [WARN] [1785623438.454947084] []: TF_OLD_DATA ignoring data from the past for frame base_link at time 4.644000 according to authority Authority undetectable
[planner_server-11] Possible reasons are listed at http://wiki.ros.org/tf/Errors%20explained
[behavior_server-13] [WARN] [1785623438.455025182] []: TF_OLD_DATA ignoring data from the past for frame base_link at time 4.644000 according to authority Authority undetectable
[behavior_server-13] Possible reasons are listed at http://wiki.ros.org/tf/Errors%20explained
[controller_server-9] [WARN] [1785623438.455044663] []: TF_OLD_DATA ignoring data from the past for frame base_link at time 4.644000 according to authority Authority undetectable
[controller_server-9] Possible reasons are listed at http://wiki.ros.org/tf/Errors%20explained
[route_server-12] [WARN] [1785623438.455120892] []: TF_OLD_DATA ignoring data from the past for frame base_link at time 4.644000 according to authority Authority undetectable
[route_server-12] Possible reasons are listed at http://wiki.ros.org/tf/Errors%20explained
[bt_navigator-14] [WARN] [1785623438.455171259] []: TF_OLD_DATA ignoring data from the past for frame base_link at time 4.644000 according to authority Authority undetectable
[bt_navigator-14] Possible reasons are listed at http://wiki.ros.org/tf/Errors%20explained
[smoother_server-10] [WARN] [1785623438.455203244] []: TF_OLD_DATA ignoring data from the past for frame base_link at time 4.644000 according to authority Authority undetectable
[smoother_server-10] Possible reasons are listed at http://wiki.ros.org/tf/Errors%20explained
[opennav_docking-18] [WARN] [1785623438.455204828] []: TF_OLD_DATA ignoring data from the past for frame base_link at time 4.644000 according to authority Authority undetectable
[opennav_docking-18] Possible reasons are listed at http://wiki.ros.org/tf/Errors%20explained
[route_server-12] [WARN] [1785623438.490113349] []: TF_OLD_DATA ignoring data from the past for frame base_link at time 21.564000 according to authority Authority undetectable
[route_server-12] Possible reasons are listed at http://wiki.ros.org/tf/Errors%20explained
[controller_server-9] [WARN] [1785623438.490116755] []: TF_OLD_DATA ignoring data from the past for frame base_link at time 21.564000 according to authority Authority undetectable
[controller_server-9] Possible reasons are listed at http://wiki.ros.org/tf/Errors%20explained
[behavior_server-13] [WARN] [1785623438.490133739] []: TF_OLD_DATA ignoring data from the past for frame base_link at time 21.564000 according to authority Authority undetectable
[behavior_server-13] Possible reasons are listed at http://wiki.ros.org/tf/Errors%20explained
[collision_monitor-17] [WARN] [1785623438.490134152] []: TF_OLD_DATA ignoring data from the past for frame base_link at time 21.564000 according to authority Authority undetectable
[collision_monitor-17] Possible reasons are listed at http://wiki.ros.org/tf/Errors%20explained
[bt_navigator-14] [WARN] [1785623438.490138593] []: TF_OLD_DATA ignoring data from the past for frame base_link at time 21.564000 according to authority Authority undetectable
[bt_navigator-14] Possible reasons are listed at http://wiki.ros.org/tf/Errors%20explained
[opennav_docking-18] [WARN] [1785623438.490182258] []: TF_OLD_DATA ignoring data from the past for frame base_link at time 21.564000 according to authority Authority undetectable
[opennav_docking-18] Possible reasons are listed at http://wiki.ros.org/tf/Errors%20explained
[amcl-7] [WARN] [1785623438.490191076] []: TF_OLD_DATA ignoring data from the past for frame base_link at time 21.564000 according to authority Authority undetectable
[amcl-7] Possible reasons are listed at http://wiki.ros.org/tf/Errors%20explained
[smoother_server-10] [WARN] [1785623438.490202267] []: TF_OLD_DATA ignoring data from the past for frame base_link at time 21.564000 according to authority Authority undetectable
[smoother_server-10] Possible reasons are listed at http://wiki.ros.org/tf/Errors%20explained
[planner_server-11] [WARN] [1785623438.490219144] []: TF_OLD_DATA ignoring data from the past for frame base_link at time 21.564000 according to authority Authority undetectable
[planner_server-11] Possible reasons are listed at http://wiki.ros.org/tf/Errors%20explained
[controller_server-9] [WARN] [1785623438.490781485] []: TF_OLD_DATA ignoring data from the past for frame base_link at time 4.680000 according to authority Authority undetectable
[controller_server-9] Possible reasons are listed at http://wiki.ros.org/tf/Errors%20explained
[planner_server-11] [WARN] [1785623438.490792192] []: TF_OLD_DATA ignoring data from the past for frame base_link at time 4.680000 according to authority Authority undetectable
[planner_server-11] Possible reasons are listed at http://wiki.ros.org/tf/Errors%20explained
[behavior_server-13] [WARN] [1785623438.490807968] []: TF_OLD_DATA ignoring data from the past for frame base_link at time 4.680000 according to authority Authority undetectable
[behavior_server-13] Possible reasons are listed at http://wiki.ros.org/tf/Errors%20explained
[smoother_server-10] [WARN] [1785623438.490809896] []: TF_OLD_DATA ignoring data from the past for frame base_link at time 4.680000 according to authority Authority undetectable
[smoother_server-10] Possible reasons are listed at http://wiki.ros.org/tf/Errors%20explained
[bt_navigator-14] [WARN] [1785623438.490830725] []: TF_OLD_DATA ignoring data from the past for frame base_link at time 4.680000 according to authority Authority undetectable
[bt_navigator-14] Possible reasons are listed at http://wiki.ros.org/tf/Errors%20explained
[collision_monitor-17] [WARN] [1785623438.490837949] []: TF_OLD_DATA ignoring data from the past for frame base_link at time 4.680000 according to authority Authority undetectable
[collision_monitor-17] Possible reasons are listed at http://wiki.ros.org/tf/Errors%20explained
[amcl-7] [WARN] [1785623438.490850749] []: TF_OLD_DATA ignoring data from the past for frame base_link at time 4.680000 according to authority Authority undetectable
[amcl-7] Possible reasons are listed at http://wiki.ros.org/tf/Errors%20explained
[opennav_docking-18] [WARN] [1785623438.490880771] []: TF_OLD_DATA ignoring data from the past for frame base_link at time 4.680000 according to authority Authority undetectable
[opennav_docking-18] Possible reasons are listed at http://wiki.ros.org/tf/Errors%20explained
[route_server-12] [WARN] [1785623438.490926614] []: TF_OLD_DATA ignoring data from the past for frame base_link at time 4.680000 according to authority Authority undetectable
[route_server-12] Possible reasons are listed at http://wiki.ros.org/tf/Errors%20explained
[planner_server-11] [WARN] [1785623438.526318851] []: TF_OLD_DATA ignoring data from the past for frame base_link at time 21.600000 according to authority Authority undetectable
[planner_server-11] Possible reasons are listed at http://wiki.ros.org/tf/Errors%20explained
[smoother_server-10] [WARN] [1785623438.526315257] []: TF_OLD_DATA ignoring data from the past for frame base_link at time 21.600000 according to authority Authority undetectable
[smoother_server-10] Possible reasons are listed at http://wiki.ros.org/tf/Errors%20explained
[controller_server-9] [WARN] [1785623438.526318690] []: TF_OLD_DATA ignoring data from the past for frame base_link at time 21.600000 according to authority Authority undetectable
[controller_server-9] Possible reasons are listed at http://wiki.ros.org/tf/Errors%20explained
[behavior_server-13] [WARN] [1785623438.526365326] []: TF_OLD_DATA ignoring data from the past for frame base_link at time 21.600000 according to authority Authority undetectable
[behavior_server-13] Possible reasons are listed at http://wiki.ros.org/tf/Errors%20explained
[route_server-12] [WARN] [1785623438.526398025] []: TF_OLD_DATA ignoring data from the past for frame base_link at time 21.600000 according to authority Authority undetectable
[route_server-12] Possible reasons are listed at http://wiki.ros.org/tf/Errors%20explained
[opennav_docking-18] [WARN] [1785623438.526416627] []: TF_OLD_DATA ignoring data from the past for frame base_link at time 21.600000 according to authority Authority undetectable
[opennav_docking-18] Possible reasons are listed at http://wiki.ros.org/tf/Errors%20explained
[bt_navigator-14] [WARN] [1785623438.526437796] []: TF_OLD_DATA ignoring data from the past for frame base_link at time 21.600000 according to authority Authority undetectable
[bt_navigator-14] Possible reasons are listed at http://wiki.ros.org/tf/Errors%20explained
[collision_monitor-17] [WARN] [1785623438.526470533] []: TF_OLD_DATA ignoring data from the past for frame base_link at time 21.600000 according to authority Authority undetectable
[collision_monitor-17] Possible reasons are listed at http://wiki.ros.org/tf/Errors%20explained
[amcl-7] [WARN] [1785623438.526501107] []: TF_OLD_DATA ignoring data from the past for frame base_link at time 21.600000 according to authority Authority undetectable
[amcl-7] Possible reasons are listed at http://wiki.ros.org/tf/Errors%20explained
[planner_server-11] [WARN] [1785623438.527477054] []: TF_OLD_DATA ignoring data from the past for frame base_link at time 4.716000 according to authority Authority undetectable
[planner_server-11] Possible reasons are listed at http://wiki.ros.org/tf/Errors%20explained
[smoother_server-10] [WARN] [1785623438.527539764] []: TF_OLD_DATA ignoring data from the past for frame base_link at time 4.716000 according to authority Authority undetectable
[smoother_server-10] Possible reasons are listed at http://wiki.ros.org/tf/Errors%20explained
[amcl-7] [WARN] [1785623438.527550398] []: TF_OLD_DATA ignoring data from the past for frame base_link at time 4.716000 according to authority Authority undetectable
[amcl-7] Possible reasons are listed at http://wiki.ros.org/tf/Errors%20explained
[bt_navigator-14] [WARN] [1785623438.527572477] []: TF_OLD_DATA ignoring data from the past for frame base_link at time 4.716000 according to authority Authority undetectable
[bt_navigator-14] Possible reasons are listed at http://wiki.ros.org/tf/Errors%20explained
[collision_monitor-17] [WARN] [1785623438.527577038] []: TF_OLD_DATA ignoring data from the past for frame base_link at time 4.716000 according to authority Authority undetectable
[collision_monitor-17] Possible reasons are listed at http://wiki.ros.org/tf/Errors%20explained
[behavior_server-13] [WARN] [1785623438.527607836] []: TF_OLD_DATA ignoring data from the past for frame base_link at time 4.716000 according to authority Authority undetectable
[behavior_server-13] Possible reasons are listed at http://wiki.ros.org/tf/Errors%20explained
[opennav_docking-18] [WARN] [1785623438.527618576] []: TF_OLD_DATA ignoring data from the past for frame base_link at time 4.716000 according to authority Authority undetectable
[opennav_docking-18] Possible reasons are listed at http://wiki.ros.org/tf/Errors%20explained
[controller_server-9] [WARN] [1785623438.527644894] []: TF_OLD_DATA ignoring data from the past for frame base_link at time 4.716000 according to authority Authority undetectable
[controller_server-9] Possible reasons are listed at http://wiki.ros.org/tf/Errors%20explained
[route_server-12] [WARN] [1785623438.527681356] []: TF_OLD_DATA ignoring data from the past for frame base_link at time 4.716000 according to authority Authority undetectable
[route_server-12] Possible reasons are listed at http://wiki.ros.org/tf/Errors%20explained
[route_server-12] [WARN] [1785623438.562360158] []: TF_OLD_DATA ignoring data from the past for frame base_link at time 21.636000 according to authority Authority undetectable
[route_server-12] Possible reasons are listed at http://wiki.ros.org/tf/Errors%20explained
[planner_server-11] [WARN] [1785623438.562360029] []: TF_OLD_DATA ignoring data from the past for frame base_link at time 21.636000 according to authority Authority undetectable
[planner_server-11] Possible reasons are listed at http://wiki.ros.org/tf/Errors%20explained
[controller_server-9] [WARN] [1785623438.562359915] []: TF_OLD_DATA ignoring data from the past for frame base_link at time 21.636000 according to authority Authority undetectable
[controller_server-9] Possible reasons are listed at http://wiki.ros.org/tf/Errors%20explained
[bt_navigator-14] [WARN] [1785623438.562411250] []: TF_OLD_DATA ignoring data from the past for frame base_link at time 21.636000 according to authority Authority undetectable
[bt_navigator-14] Possible reasons are listed at http://wiki.ros.org/tf/Errors%20explained
[behavior_server-13] [WARN] [1785623438.562471571] []: TF_OLD_DATA ignoring data from the past for frame base_link at time 21.636000 according to authority Authority undetectable
[behavior_server-13] Possible reasons are listed at http://wiki.ros.org/tf/Errors%20explained
[smoother_server-10] [WARN] [1785623438.562526038] []: TF_OLD_DATA ignoring data from the past for frame base_link at time 21.636000 according to authority Authority undetectable
[smoother_server-10] Possible reasons are listed at http://wiki.ros.org/tf/Errors%20explained
[amcl-7] [WARN] [1785623438.562769743] []: TF_OLD_DATA ignoring data from the past for frame base_link at time 21.636000 according to authority Authority undetectable
[amcl-7] Possible reasons are listed at http://wiki.ros.org/tf/Errors%20explained
[collision_monitor-17] [WARN] [1785623438.562784990] []: TF_OLD_DATA ignoring data from the past for frame base_link at time 21.636000 according to authority Authority undetectable
[collision_monitor-17] Possible reasons are listed at http://wiki.ros.org/tf/Errors%20explained
[opennav_docking-18] [WARN] [1785623438.562865133] []: TF_OLD_DATA ignoring data from the past for frame base_link at time 21.636000 according to authority Authority undetectable
[opennav_docking-18] Possible reasons are listed at http://wiki.ros.org/tf/Errors%20explained
[amcl-7] [WARN] [1785623438.563223262] []: TF_OLD_DATA ignoring data from the past for frame base_link at time 4.752000 according to authority Authority undetectable
[amcl-7] Possible reasons are listed at http://wiki.ros.org/tf/Errors%20explained
[collision_monitor-17] [WARN] [1785623438.563289185] []: TF_OLD_DATA ignoring data from the past for frame base_link at time 4.752000 according to authority Authority undetectable
[collision_monitor-17] Possible reasons are listed at http://wiki.ros.org/tf/Errors%20explained
[smoother_server-10] [WARN] [1785623438.563332349] []: TF_OLD_DATA ignoring data from the past for frame base_link at time 4.752000 according to authority Authority undetectable
[smoother_server-10] Possible reasons are listed at http://wiki.ros.org/tf/Errors%20explained
[opennav_docking-18] [WARN] [1785623438.563347080] []: TF_OLD_DATA ignoring data from the past for frame base_link at time 4.752000 according to authority Authority undetectable
[opennav_docking-18] Possible reasons are listed at http://wiki.ros.org/tf/Errors%20explained
[route_server-12] [WARN] [1785623438.563358806] []: TF_OLD_DATA ignoring data from the past for frame base_link at time 4.752000 according to authority Authority undetectable
[route_server-12] Possible reasons are listed at http://wiki.ros.org/tf/Errors%20explained
[planner_server-11] [WARN] [1785623438.563379720] []: TF_OLD_DATA ignoring data from the past for frame base_link at time 4.752000 according to authority Authority undetectable
[planner_server-11] Possible reasons are listed at http://wiki.ros.org/tf/Errors%20explained
[controller_server-9] [WARN] [1785623438.563393413] []: TF_OLD_DATA ignoring data from the past for frame base_link at time 4.752000 according to authority Authority undetectable
[controller_server-9] Possible reasons are listed at http://wiki.ros.org/tf/Errors%20explained
[bt_navigator-14] [WARN] [1785623438.564241958] []: TF_OLD_DATA ignoring data from the past for frame base_link at time 4.752000 according to authority Authority undetectable
[bt_navigator-14] Possible reasons are listed at http://wiki.ros.org/tf/Errors%20explained
[behavior_server-13] [WARN] [1785623438.564273198] []: TF_OLD_DATA ignoring data from the past for frame base_link at time 4.752000 according to authority Authority undetectable
[behavior_server-13] Possible reasons are listed at http://wiki.ros.org/tf/Errors%20explained
[route_server-12] [WARN] [1785623438.598168839] []: TF_OLD_DATA ignoring data from the past for frame base_link at time 21.672000 according to authority Authority undetectable
[route_server-12] Possible reasons are listed at http://wiki.ros.org/tf/Errors%20explained
[amcl-7] [WARN] [1785623438.598210711] []: TF_OLD_DATA ignoring data from the past for frame base_link at time 21.672000 according to authority Authority undetectable
[amcl-7] Possible reasons are listed at http://wiki.ros.org/tf/Errors%20explained
[collision_monitor-17] [WARN] [1785623438.598252382] []: TF_OLD_DATA ignoring data from the past for frame base_link at time 21.672000 according to authority Authority undetectable
[collision_monitor-17] Possible reasons are listed at http://wiki.ros.org/tf/Errors%20explained
[opennav_docking-18] [WARN] [1785623438.598286550] []: TF_OLD_DATA ignoring data from the past for frame base_link at time 21.672000 according to authority Authority undetectable
[opennav_docking-18] Possible reasons are listed at http://wiki.ros.org/tf/Errors%20explained
[planner_server-11] [WARN] [1785623438.598325085] []: TF_OLD_DATA ignoring data from the past for frame base_link at time 21.672000 according to authority Authority undetectable
[planner_server-11] Possible reasons are listed at http://wiki.ros.org/tf/Errors%20explained
[smoother_server-10] [WARN] [1785623438.598344316] []: TF_OLD_DATA ignoring data from the past for frame base_link at time 21.672000 according to authority Authority undetectable
[smoother_server-10] Possible reasons are listed at http://wiki.ros.org/tf/Errors%20explained
[bt_navigator-14] [WARN] [1785623438.598353327] []: TF_OLD_DATA ignoring data from the past for frame base_link at time 21.672000 according to authority Authority undetectable
[bt_navigator-14] Possible reasons are listed at http://wiki.ros.org/tf/Errors%20explained
[bt_navigator-14] [WARN] [1785623438.598933970] []: TF_OLD_DATA ignoring data from the past for frame base_link at time 4.788000 according to authority Authority undetectable
[bt_navigator-14] Possible reasons are listed at http://wiki.ros.org/tf/Errors%20explained
[controller_server-9] [WARN] [1785623438.598567565] []: TF_OLD_DATA ignoring data from the past for frame base_link at time 21.672000 according to authority Authority undetectable
[controller_server-9] Possible reasons are listed at http://wiki.ros.org/tf/Errors%20explained
[controller_server-9] [WARN] [1785623438.598784135] []: TF_OLD_DATA ignoring data from the past for frame base_link at time 4.788000 according to authority Authority undetectable
[controller_server-9] Possible reasons are listed at http://wiki.ros.org/tf/Errors%20explained
[opennav_docking-18] [WARN] [1785623438.598850960] []: TF_OLD_DATA ignoring data from the past for frame base_link at time 4.788000 according to authority Authority undetectable
[opennav_docking-18] Possible reasons are listed at http://wiki.ros.org/tf/Errors%20explained
[amcl-7] [WARN] [1785623438.598886070] []: TF_OLD_DATA ignoring data from the past for frame base_link at time 4.788000 according to authority Authority undetectable
[amcl-7] Possible reasons are listed at http://wiki.ros.org/tf/Errors%20explained
[planner_server-11] [WARN] [1785623438.598948607] []: TF_OLD_DATA ignoring data from the past for frame base_link at time 4.788000 according to authority Authority undetectable
[planner_server-11] Possible reasons are listed at http://wiki.ros.org/tf/Errors%20explained
[smoother_server-10] [WARN] [1785623438.598971697] []: TF_OLD_DATA ignoring data from the past for frame base_link at time 4.788000 according to authority Authority undetectable
[smoother_server-10] Possible reasons are listed at http://wiki.ros.org/tf/Errors%20explained
[behavior_server-13] [WARN] [1785623438.599034044] []: TF_OLD_DATA ignoring data from the past for frame base_link at time 21.672000 according to authority Authority undetectable
[behavior_server-13] Possible reasons are listed at http://wiki.ros.org/tf/Errors%20explained
[behavior_server-13] [WARN] [1785623438.599069405] []: TF_OLD_DATA ignoring data from the past for frame base_link at time 4.788000 according to authority Authority undetectable
[behavior_server-13] Possible reasons are listed at http://wiki.ros.org/tf/Errors%20explained
[route_server-12] [WARN] [1785623438.599085807] []: TF_OLD_DATA ignoring data from the past for frame base_link at time 4.788000 according to authority Authority undetectable
[route_server-12] Possible reasons are listed at http://wiki.ros.org/tf/Errors%20explained
[collision_monitor-17] [WARN] [1785623438.599299935] []: TF_OLD_DATA ignoring data from the past for frame base_link at time 4.788000 according to authority Authority undetectable
[collision_monitor-17] Possible reasons are listed at http://wiki.ros.org/tf/Errors%20explained
[controller_server-9] [WARN] [1785623438.634315573] []: TF_OLD_DATA ignoring data from the past for frame base_link at time 21.708000 according to authority Authority undetectable
[controller_server-9] Possible reasons are listed at http://wiki.ros.org/tf/Errors%20explained
[amcl-7] [WARN] [1785623438.634331786] []: TF_OLD_DATA ignoring data from the past for frame base_link at time 21.708000 according to authority Authority undetectable
[amcl-7] Possible reasons are listed at http://wiki.ros.org/tf/Errors%20explained
[planner_server-11] [WARN] [1785623438.634349789] []: TF_OLD_DATA ignoring data from the past for frame base_link at time 21.708000 according to authority Authority undetectable
[planner_server-11] Possible reasons are listed at http://wiki.ros.org/tf/Errors%20explained
[smoother_server-10] [WARN] [1785623438.634363128] []: TF_OLD_DATA ignoring data from the past for frame base_link at time 21.708000 according to authority Authority undetectable
[smoother_server-10] Possible reasons are listed at http://wiki.ros.org/tf/Errors%20explained
[bt_navigator-14] [WARN] [1785623438.634373606] []: TF_OLD_DATA ignoring data from the past for frame base_link at time 21.708000 according to authority Authority undetectable
[bt_navigator-14] Possible reasons are listed at http://wiki.ros.org/tf/Errors%20explained
[route_server-12] [WARN] [1785623438.634373922] []: TF_OLD_DATA ignoring data from the past for frame base_link at time 21.708000 according to authority Authority undetectable
[route_server-12] Possible reasons are listed at http://wiki.ros.org/tf/Errors%20explained
[collision_monitor-17] [WARN] [1785623438.634441061] []: TF_OLD_DATA ignoring data from the past for frame base_link at time 21.708000 according to authority Authority undetectable
[collision_monitor-17] Possible reasons are listed at http://wiki.ros.org/tf/Errors%20explained
[behavior_server-13] [WARN] [1785623438.634480247] []: TF_OLD_DATA ignoring data from the past for frame base_link at time 21.708000 according to authority Authority undetectable
[behavior_server-13] Possible reasons are listed at http://wiki.ros.org/tf/Errors%20explained
[opennav_docking-18] [WARN] [1785623438.634524151] []: TF_OLD_DATA ignoring data from the past for frame base_link at time 21.708000 according to authority Authority undetectable
[opennav_docking-18] Possible reasons are listed at http://wiki.ros.org/tf/Errors%20explained
[amcl-7] [WARN] [1785623438.635195648] []: TF_OLD_DATA ignoring data from the past for frame base_link at time 4.824000 according to authority Authority undetectable
[amcl-7] Possible reasons are listed at http://wiki.ros.org/tf/Errors%20explained
[controller_server-9] [WARN] [1785623438.635196966] []: TF_OLD_DATA ignoring data from the past for frame base_link at time 4.824000 according to authority Authority undetectable
[controller_server-9] Possible reasons are listed at http://wiki.ros.org/tf/Errors%20explained
[route_server-12] [WARN] [1785623438.635240986] []: TF_OLD_DATA ignoring data from the past for frame base_link at time 4.824000 according to authority Authority undetectable
[route_server-12] Possible reasons are listed at http://wiki.ros.org/tf/Errors%20explained
[smoother_server-10] [WARN] [1785623438.635263303] []: TF_OLD_DATA ignoring data from the past for frame base_link at time 4.824000 according to authority Authority undetectable
[smoother_server-10] Possible reasons are listed at http://wiki.ros.org/tf/Errors%20explained
[collision_monitor-17] [WARN] [1785623438.635262851] []: TF_OLD_DATA ignoring data from the past for frame base_link at time 4.824000 according to authority Authority undetectable
[collision_monitor-17] Possible reasons are listed at http://wiki.ros.org/tf/Errors%20explained
[opennav_docking-18] [WARN] [1785623438.635284067] []: TF_OLD_DATA ignoring data from the past for frame base_link at time 4.824000 according to authority Authority undetectable
[opennav_docking-18] Possible reasons are listed at http://wiki.ros.org/tf/Errors%20explained
[planner_server-11] [WARN] [1785623438.635295778] []: TF_OLD_DATA ignoring data from the past for frame base_link at time 4.824000 according to authority Authority undetectable
[planner_server-11] Possible reasons are listed at http://wiki.ros.org/tf/Errors%20explained
[behavior_server-13] [WARN] [1785623438.635319146] []: TF_OLD_DATA ignoring data from the past for frame base_link at time 4.824000 according to authority Authority undetectable
[behavior_server-13] Possible reasons are listed at http://wiki.ros.org/tf/Errors%20explained
[bt_navigator-14] [WARN] [1785623438.635338104] []: TF_OLD_DATA ignoring data from the past for frame base_link at time 4.824000 according to authority Authority undetectable
[bt_navigator-14] Possible reasons are listed at http://wiki.ros.org/tf/Errors%20explained
[smoother_server-10] [WARN] [1785623438.670112648] []: TF_OLD_DATA ignoring data from the past for frame base_link at time 21.744000 according to authority Authority undetectable
[smoother_server-10] Possible reasons are listed at http://wiki.ros.org/tf/Errors%20explained
[planner_server-11] [WARN] [1785623438.670112864] []: TF_OLD_DATA ignoring data from the past for frame base_link at time 21.744000 according to authority Authority undetectable
[planner_server-11] Possible reasons are listed at http://wiki.ros.org/tf/Errors%20explained
[route_server-12] [WARN] [1785623438.670142686] []: TF_OLD_DATA ignoring data from the past for frame base_link at time 21.744000 according to authority Authority undetectable
[route_server-12] Possible reasons are listed at http://wiki.ros.org/tf/Errors%20explained
[opennav_docking-18] [WARN] [1785623438.670148918] []: TF_OLD_DATA ignoring data from the past for frame base_link at time 21.744000 according to authority Authority undetectable
[opennav_docking-18] Possible reasons are listed at http://wiki.ros.org/tf/Errors%20explained
[bt_navigator-14] [WARN] [1785623438.670158630] []: TF_OLD_DATA ignoring data from the past for frame base_link at time 21.744000 according to authority Authority undetectable
[bt_navigator-14] Possible reasons are listed at http://wiki.ros.org/tf/Errors%20explained
[amcl-7] [WARN] [1785623438.670112723] []: TF_OLD_DATA ignoring data from the past for frame base_link at time 21.744000 according to authority Authority undetectable
[amcl-7] Possible reasons are listed at http://wiki.ros.org/tf/Errors%20explained
[collision_monitor-17] [WARN] [1785623438.670222926] []: TF_OLD_DATA ignoring data from the past for frame base_link at time 21.744000 according to authority Authority undetectable
[collision_monitor-17] Possible reasons are listed at http://wiki.ros.org/tf/Errors%20explained
[behavior_server-13] [WARN] [1785623438.670243544] []: TF_OLD_DATA ignoring data from the past for frame base_link at time 21.744000 according to authority Authority undetectable
[behavior_server-13] Possible reasons are listed at http://wiki.ros.org/tf/Errors%20explained
[controller_server-9] [WARN] [1785623438.670489387] []: TF_OLD_DATA ignoring data from the past for frame base_link at time 21.744000 according to authority Authority undetectable
[controller_server-9] Possible reasons are listed at http://wiki.ros.org/tf/Errors%20explained
[smoother_server-10] [WARN] [1785623438.670918893] []: TF_OLD_DATA ignoring data from the past for frame base_link at time 4.860000 according to authority Authority undetectable
[smoother_server-10] Possible reasons are listed at http://wiki.ros.org/tf/Errors%20explained
[controller_server-9] [WARN] [1785623438.670925613] []: TF_OLD_DATA ignoring data from the past for frame base_link at time 4.860000 according to authority Authority undetectable
[controller_server-9] Possible reasons are listed at http://wiki.ros.org/tf/Errors%20explained
[amcl-7] [WARN] [1785623438.670925791] []: TF_OLD_DATA ignoring data from the past for frame base_link at time 4.860000 according to authority Authority undetectable
[amcl-7] Possible reasons are listed at http://wiki.ros.org/tf/Errors%20explained
[bt_navigator-14] [WARN] [1785623438.670939044] []: TF_OLD_DATA ignoring data from the past for frame base_link at time 4.860000 according to authority Authority undetectable
[bt_navigator-14] Possible reasons are listed at http://wiki.ros.org/tf/Errors%20explained
[planner_server-11] [WARN] [1785623438.670956906] []: TF_OLD_DATA ignoring data from the past for frame base_link at time 4.860000 according to authority Authority undetectable
[planner_server-11] Possible reasons are listed at http://wiki.ros.org/tf/Errors%20explained
[opennav_docking-18] [WARN] [1785623438.670964005] []: TF_OLD_DATA ignoring data from the past for frame base_link at time 4.860000 according to authority Authority undetectable
[opennav_docking-18] Possible reasons are listed at http://wiki.ros.org/tf/Errors%20explained
[behavior_server-13] [WARN] [1785623438.670993284] []: TF_OLD_DATA ignoring data from the past for frame base_link at time 4.860000 according to authority Authority undetectable
[behavior_server-13] Possible reasons are listed at http://wiki.ros.org/tf/Errors%20explained
[route_server-12] [WARN] [1785623438.671199463] []: TF_OLD_DATA ignoring data from the past for frame base_link at time 4.860000 according to authority Authority undetectable
[route_server-12] Possible reasons are listed at http://wiki.ros.org/tf/Errors%20explained
[collision_monitor-17] [WARN] [1785623438.671222040] []: TF_OLD_DATA ignoring data from the past for frame base_link at time 4.860000 according to authority Authority undetectable
[collision_monitor-17] Possible reasons are listed at http://wiki.ros.org/tf/Errors%20explained
[planner_server-11] [WARN] [1785623438.706165249] []: TF_OLD_DATA ignoring data from the past for frame base_link at time 21.780000 according to authority Authority undetectable
[planner_server-11] Possible reasons are listed at http://wiki.ros.org/tf/Errors%20explained
[smoother_server-10] [WARN] [1785623438.706165183] []: TF_OLD_DATA ignoring data from the past for frame base_link at time 21.780000 according to authority Authority undetectable
[smoother_server-10] Possible reasons are listed at http://wiki.ros.org/tf/Errors%20explained
[controller_server-9] [WARN] [1785623438.706165411] []: TF_OLD_DATA ignoring data from the past for frame base_link at time 21.780000 according to authority Authority undetectable
[controller_server-9] Possible reasons are listed at http://wiki.ros.org/tf/Errors%20explained
[collision_monitor-17] [WARN] [1785623438.706169502] []: TF_OLD_DATA ignoring data from the past for frame base_link at time 21.780000 according to authority Authority undetectable
[collision_monitor-17] Possible reasons are listed at http://wiki.ros.org/tf/Errors%20explained
[opennav_docking-18] [WARN] [1785623438.706165357] []: TF_OLD_DATA ignoring data from the past for frame base_link at time 21.780000 according to authority Authority undetectable
[opennav_docking-18] Possible reasons are listed at http://wiki.ros.org/tf/Errors%20explained
[bt_navigator-14] [WARN] [1785623438.706165321] []: TF_OLD_DATA ignoring data from the past for frame base_link at time 21.780000 according to authority Authority undetectable
[bt_navigator-14] Possible reasons are listed at http://wiki.ros.org/tf/Errors%20explained
[route_server-12] [WARN] [1785623438.706265906] []: TF_OLD_DATA ignoring data from the past for frame base_link at time 21.780000 according to authority Authority undetectable
[route_server-12] Possible reasons are listed at http://wiki.ros.org/tf/Errors%20explained
[amcl-7] [WARN] [1785623438.706266026] []: TF_OLD_DATA ignoring data from the past for frame base_link at time 21.780000 according to authority Authority undetectable
[amcl-7] Possible reasons are listed at http://wiki.ros.org/tf/Errors%20explained
[behavior_server-13] [WARN] [1785623438.706291582] []: TF_OLD_DATA ignoring data from the past for frame base_link at time 21.780000 according to authority Authority undetectable
[behavior_server-13] Possible reasons are listed at http://wiki.ros.org/tf/Errors%20explained
[controller_server-9] [WARN] [1785623438.707044347] []: TF_OLD_DATA ignoring data from the past for frame base_link at time 4.896000 according to authority Authority undetectable
[controller_server-9] Possible reasons are listed at http://wiki.ros.org/tf/Errors%20explained
[amcl-7] [WARN] [1785623438.707044783] []: TF_OLD_DATA ignoring data from the past for frame base_link at time 4.896000 according to authority Authority undetectable
[amcl-7] Possible reasons are listed at http://wiki.ros.org/tf/Errors%20explained
[smoother_server-10] [WARN] [1785623438.707059894] []: TF_OLD_DATA ignoring data from the past for frame base_link at time 4.896000 according to authority Authority undetectable
[smoother_server-10] Possible reasons are listed at http://wiki.ros.org/tf/Errors%20explained
[collision_monitor-17] [WARN] [1785623438.707066246] []: TF_OLD_DATA ignoring data from the past for frame base_link at time 4.896000 according to authority Authority undetectable
[collision_monitor-17] Possible reasons are listed at http://wiki.ros.org/tf/Errors%20explained
[opennav_docking-18] [WARN] [1785623438.707069499] []: TF_OLD_DATA ignoring data from the past for frame base_link at time 4.896000 according to authority Authority undetectable
[opennav_docking-18] Possible reasons are listed at http://wiki.ros.org/tf/Errors%20explained
[bt_navigator-14] [WARN] [1785623438.707093981] []: TF_OLD_DATA ignoring data from the past for frame base_link at time 4.896000 according to authority Authority undetectable
[bt_navigator-14] Possible reasons are listed at http://wiki.ros.org/tf/Errors%20explained
[planner_server-11] [WARN] [1785623438.707104955] []: TF_OLD_DATA ignoring data from the past for frame base_link at time 4.896000 according to authority Authority undetectable
[planner_server-11] Possible reasons are listed at http://wiki.ros.org/tf/Errors%20explained
[route_server-12] [WARN] [1785623438.707109073] []: TF_OLD_DATA ignoring data from the past for frame base_link at time 4.896000 according to authority Authority undetectable
[route_server-12] Possible reasons are listed at http://wiki.ros.org/tf/Errors%20explained
[behavior_server-13] [WARN] [1785623438.707197716] []: TF_OLD_DATA ignoring data from the past for frame base_link at time 4.896000 according to authority Authority undetectable
[behavior_server-13] Possible reasons are listed at http://wiki.ros.org/tf/Errors%20explained
[amcl-7] [WARN] [1785623438.742068795] []: TF_OLD_DATA ignoring data from the past for frame base_link at time 21.816000 according to authority Authority undetectable
[amcl-7] Possible reasons are listed at http://wiki.ros.org/tf/Errors%20explained
[smoother_server-10] [WARN] [1785623438.742077282] []: TF_OLD_DATA ignoring data from the past for frame base_link at time 21.816000 according to authority Authority undetectable
[smoother_server-10] Possible reasons are listed at http://wiki.ros.org/tf/Errors%20explained
[planner_server-11] [WARN] [1785623438.742136743] []: TF_OLD_DATA ignoring data from the past for frame base_link at time 21.816000 according to authority Authority undetectable
[planner_server-11] Possible reasons are listed at http://wiki.ros.org/tf/Errors%20explained
[route_server-12] [WARN] [1785623438.742138420] []: TF_OLD_DATA ignoring data from the past for frame base_link at time 21.816000 according to authority Authority undetectable
[route_server-12] Possible reasons are listed at http://wiki.ros.org/tf/Errors%20explained
[opennav_docking-18] [WARN] [1785623438.742143596] []: TF_OLD_DATA ignoring data from the past for frame base_link at time 21.816000 according to authority Authority undetectable
[opennav_docking-18] Possible reasons are listed at http://wiki.ros.org/tf/Errors%20explained
[collision_monitor-17] [WARN] [1785623438.742162672] []: TF_OLD_DATA ignoring data from the past for frame base_link at time 21.816000 according to authority Authority undetectable
[collision_monitor-17] Possible reasons are listed at http://wiki.ros.org/tf/Errors%20explained
[behavior_server-13] [WARN] [1785623438.742196865] []: TF_OLD_DATA ignoring data from the past for frame base_link at time 21.816000 according to authority Authority undetectable
[behavior_server-13] Possible reasons are listed at http://wiki.ros.org/tf/Errors%20explained
[controller_server-9] [WARN] [1785623438.742198592] []: TF_OLD_DATA ignoring data from the past for frame base_link at time 21.816000 according to authority Authority undetectable
[controller_server-9] Possible reasons are listed at http://wiki.ros.org/tf/Errors%20explained
[bt_navigator-14] [WARN] [1785623438.742539737] []: TF_OLD_DATA ignoring data from the past for frame base_link at time 21.816000 according to authority Authority undetectable
[bt_navigator-14] Possible reasons are listed at http://wiki.ros.org/tf/Errors%20explained
[route_server-12] [WARN] [1785623438.743019910] []: TF_OLD_DATA ignoring data from the past for frame base_link at time 4.932000 according to authority Authority undetectable
[route_server-12] Possible reasons are listed at http://wiki.ros.org/tf/Errors%20explained
[opennav_docking-18] [WARN] [1785623438.743019771] []: TF_OLD_DATA ignoring data from the past for frame base_link at time 4.932000 according to authority Authority undetectable
[opennav_docking-18] Possible reasons are listed at http://wiki.ros.org/tf/Errors%20explained
[controller_server-9] [WARN] [1785623438.743019804] []: TF_OLD_DATA ignoring data from the past for frame base_link at time 4.932000 according to authority Authority undetectable
[controller_server-9] Possible reasons are listed at http://wiki.ros.org/tf/Errors%20explained
[planner_server-11] [WARN] [1785623438.743046826] []: TF_OLD_DATA ignoring data from the past for frame base_link at time 4.932000 according to authority Authority undetectable
[planner_server-11] Possible reasons are listed at http://wiki.ros.org/tf/Errors%20explained
[smoother_server-10] [WARN] [1785623438.743051130] []: TF_OLD_DATA ignoring data from the past for frame base_link at time 4.932000 according to authority Authority undetectable
[smoother_server-10] Possible reasons are listed at http://wiki.ros.org/tf/Errors%20explained
[bt_navigator-14] [WARN] [1785623438.743098538] []: TF_OLD_DATA ignoring data from the past for frame base_link at time 4.932000 according to authority Authority undetectable
[bt_navigator-14] Possible reasons are listed at http://wiki.ros.org/tf/Errors%20explained
[amcl-7] [WARN] [1785623438.743107574] []: TF_OLD_DATA ignoring data from the past for frame base_link at time 4.932000 according to authority Authority undetectable
[amcl-7] Possible reasons are listed at http://wiki.ros.org/tf/Errors%20explained
[collision_monitor-17] [WARN] [1785623438.743126755] []: TF_OLD_DATA ignoring data from the past for frame base_link at time 4.932000 according to authority Authority undetectable
[collision_monitor-17] Possible reasons are listed at http://wiki.ros.org/tf/Errors%20explained
[behavior_server-13] [WARN] [1785623438.743175054] []: TF_OLD_DATA ignoring data from the past for frame base_link at time 4.932000 according to authority Authority undetectable
[behavior_server-13] Possible reasons are listed at http://wiki.ros.org/tf/Errors%20explained
[controller_server-9] [WARN] [1785623438.778081655] []: TF_OLD_DATA ignoring data from the past for frame base_link at time 21.852000 according to authority Authority undetectable
[controller_server-9] Possible reasons are listed at http://wiki.ros.org/tf/Errors%20explained
[planner_server-11] [WARN] [1785623438.778080759] []: TF_OLD_DATA ignoring data from the past for frame base_link at time 21.852000 according to authority Authority undetectable
[planner_server-11] Possible reasons are listed at http://wiki.ros.org/tf/Errors%20explained
[behavior_server-13] [WARN] [1785623438.778118146] []: TF_OLD_DATA ignoring data from the past for frame base_link at time 21.852000 according to authority Authority undetectable
[behavior_server-13] Possible reasons are listed at http://wiki.ros.org/tf/Errors%20explained
[route_server-12] [WARN] [1785623438.778140345] []: TF_OLD_DATA ignoring data from the past for frame base_link at time 21.852000 according to authority Authority undetectable
[route_server-12] Possible reasons are listed at http://wiki.ros.org/tf/Errors%20explained
[amcl-7] [WARN] [1785623438.778258775] []: TF_OLD_DATA ignoring data from the past for frame base_link at time 21.852000 according to authority Authority undetectable
[amcl-7] Possible reasons are listed at http://wiki.ros.org/tf/Errors%20explained
[opennav_docking-18] [WARN] [1785623438.778318749] []: TF_OLD_DATA ignoring data from the past for frame base_link at time 21.852000 according to authority Authority undetectable
[opennav_docking-18] Possible reasons are listed at http://wiki.ros.org/tf/Errors%20explained
[smoother_server-10] [WARN] [1785623438.778376090] []: TF_OLD_DATA ignoring data from the past for frame base_link at time 21.852000 according to authority Authority undetectable
[smoother_server-10] Possible reasons are listed at http://wiki.ros.org/tf/Errors%20explained
[bt_navigator-14] [WARN] [1785623438.778444620] []: TF_OLD_DATA ignoring data from the past for frame base_link at time 21.852000 according to authority Authority undetectable
[bt_navigator-14] Possible reasons are listed at http://wiki.ros.org/tf/Errors%20explained
[collision_monitor-17] [WARN] [1785623438.778452872] []: TF_OLD_DATA ignoring data from the past for frame base_link at time 21.852000 according to authority Authority undetectable
[collision_monitor-17] Possible reasons are listed at http://wiki.ros.org/tf/Errors%20explained
[bt_navigator-14] [WARN] [1785623438.779059288] []: TF_OLD_DATA ignoring data from the past for frame base_link at time 4.968000 according to authority Authority undetectable
[bt_navigator-14] Possible reasons are listed at http://wiki.ros.org/tf/Errors%20explained
[route_server-12] [WARN] [1785623438.779120790] []: TF_OLD_DATA ignoring data from the past for frame base_link at time 4.968000 according to authority Authority undetectable
[route_server-12] Possible reasons are listed at http://wiki.ros.org/tf/Errors%20explained
[smoother_server-10] [WARN] [1785623438.779162415] []: TF_OLD_DATA ignoring data from the past for frame base_link at time 4.968000 according to authority Authority undetectable
[smoother_server-10] Possible reasons are listed at http://wiki.ros.org/tf/Errors%20explained
[collision_monitor-17] [WARN] [1785623438.779164870] []: TF_OLD_DATA ignoring data from the past for frame base_link at time 4.968000 according to authority Authority undetectable
[collision_monitor-17] Possible reasons are listed at http://wiki.ros.org/tf/Errors%20explained
[opennav_docking-18] [WARN] [1785623438.779213337] []: TF_OLD_DATA ignoring data from the past for frame base_link at time 4.968000 according to authority Authority undetectable
[opennav_docking-18] Possible reasons are listed at http://wiki.ros.org/tf/Errors%20explained
[controller_server-9] [WARN] [1785623438.779223558] []: TF_OLD_DATA ignoring data from the past for frame base_link at time 4.968000 according to authority Authority undetectable
[controller_server-9] Possible reasons are listed at http://wiki.ros.org/tf/Errors%20explained
[amcl-7] [WARN] [1785623438.779260799] []: TF_OLD_DATA ignoring data from the past for frame base_link at time 4.968000 according to authority Authority undetectable
[amcl-7] Possible reasons are listed at http://wiki.ros.org/tf/Errors%20explained
[behavior_server-13] [WARN] [1785623438.779295370] []: TF_OLD_DATA ignoring data from the past for frame base_link at time 4.968000 according to authority Authority undetectable
[behavior_server-13] Possible reasons are listed at http://wiki.ros.org/tf/Errors%20explained
[planner_server-11] [WARN] [1785623438.779452183] []: TF_OLD_DATA ignoring data from the past for frame base_link at time 4.968000 according to authority Authority undetectable
[planner_server-11] Possible reasons are listed at http://wiki.ros.org/tf/Errors%20explained
[amcl-7] [WARN] [1785623438.814115011] []: TF_OLD_DATA ignoring data from the past for frame base_link at time 21.888000 according to authority Authority undetectable
[amcl-7] Possible reasons are listed at http://wiki.ros.org/tf/Errors%20explained
[opennav_docking-18] [WARN] [1785623438.814137523] []: TF_OLD_DATA ignoring data from the past for frame base_link at time 21.888000 according to authority Authority undetectable
[opennav_docking-18] Possible reasons are listed at http://wiki.ros.org/tf/Errors%20explained
[behavior_server-13] [WARN] [1785623438.814166862] []: TF_OLD_DATA ignoring data from the past for frame base_link at time 21.888000 according to authority Authority undetectable
[behavior_server-13] Possible reasons are listed at http://wiki.ros.org/tf/Errors%20explained
[planner_server-11] [WARN] [1785623438.814177772] []: TF_OLD_DATA ignoring data from the past for frame base_link at time 21.888000 according to authority Authority undetectable
[planner_server-11] Possible reasons are listed at http://wiki.ros.org/tf/Errors%20explained
[controller_server-9] [WARN] [1785623438.814198826] []: TF_OLD_DATA ignoring data from the past for frame base_link at time 21.888000 according to authority Authority undetectable
[controller_server-9] Possible reasons are listed at http://wiki.ros.org/tf/Errors%20explained
[smoother_server-10] [WARN] [1785623438.814212005] []: TF_OLD_DATA ignoring data from the past for frame base_link at time 21.888000 according to authority Authority undetectable
[smoother_server-10] Possible reasons are listed at http://wiki.ros.org/tf/Errors%20explained
[bt_navigator-14] [WARN] [1785623438.814137372] []: TF_OLD_DATA ignoring data from the past for frame base_link at time 21.888000 according to authority Authority undetectable
[bt_navigator-14] Possible reasons are listed at http://wiki.ros.org/tf/Errors%20explained
[route_server-12] [WARN] [1785623438.814268433] []: TF_OLD_DATA ignoring data from the past for frame base_link at time 21.888000 according to authority Authority undetectable
[route_server-12] Possible reasons are listed at http://wiki.ros.org/tf/Errors%20explained
[collision_monitor-17] [WARN] [1785623438.814716067] []: TF_OLD_DATA ignoring data from the past for frame base_link at time 21.888000 according to authority Authority undetectable
[collision_monitor-17] Possible reasons are listed at http://wiki.ros.org/tf/Errors%20explained
[smoother_server-10] [WARN] [1785623438.814882460] []: TF_OLD_DATA ignoring data from the past for frame base_link at time 5.004000 according to authority Authority undetectable
[smoother_server-10] Possible reasons are listed at http://wiki.ros.org/tf/Errors%20explained
[controller_server-9] [WARN] [1785623438.814907239] []: TF_OLD_DATA ignoring data from the past for frame base_link at time 5.004000 according to authority Authority undetectable
[controller_server-9] Possible reasons are listed at http://wiki.ros.org/tf/Errors%20explained
[route_server-12] [WARN] [1785623438.814907241] []: TF_OLD_DATA ignoring data from the past for frame base_link at time 5.004000 according to authority Authority undetectable
[route_server-12] Possible reasons are listed at http://wiki.ros.org/tf/Errors%20explained
[collision_monitor-17] [WARN] [1785623438.814886547] []: TF_OLD_DATA ignoring data from the past for frame base_link at time 5.004000 according to authority Authority undetectable
[collision_monitor-17] Possible reasons are listed at http://wiki.ros.org/tf/Errors%20explained
[planner_server-11] [WARN] [1785623438.814949735] []: TF_OLD_DATA ignoring data from the past for frame base_link at time 5.004000 according to authority Authority undetectable
[planner_server-11] Possible reasons are listed at http://wiki.ros.org/tf/Errors%20explained
[behavior_server-13] [WARN] [1785623438.814957756] []: TF_OLD_DATA ignoring data from the past for frame base_link at time 5.004000 according to authority Authority undetectable
[behavior_server-13] Possible reasons are listed at http://wiki.ros.org/tf/Errors%20explained
[amcl-7] [WARN] [1785623438.814971741] []: TF_OLD_DATA ignoring data from the past for frame base_link at time 5.004000 according to authority Authority undetectable
[amcl-7] Possible reasons are listed at http://wiki.ros.org/tf/Errors%20explained
[opennav_docking-18] [WARN] [1785623438.814980118] []: TF_OLD_DATA ignoring data from the past for frame base_link at time 5.004000 according to authority Authority undetectable
[opennav_docking-18] Possible reasons are listed at http://wiki.ros.org/tf/Errors%20explained
[bt_navigator-14] [WARN] [1785623438.814988496] []: TF_OLD_DATA ignoring data from the past for frame base_link at time 5.004000 according to authority Authority undetectable
[bt_navigator-14] Possible reasons are listed at http://wiki.ros.org/tf/Errors%20explained
[smoother_server-10] [INFO] [1785623438.839519179] [smoother_server]: Received a path to smooth.
[controller_server-9] [WARN] [1785623438.850270152] []: TF_OLD_DATA ignoring data from the past for frame base_link at time 21.924000 according to authority Authority undetectable
[controller_server-9] Possible reasons are listed at http://wiki.ros.org/tf/Errors%20explained
[opennav_docking-18] [WARN] [1785623438.850317390] []: TF_OLD_DATA ignoring data from the past for frame base_link at time 21.924000 according to authority Authority undetectable
[opennav_docking-18] Possible reasons are listed at http://wiki.ros.org/tf/Errors%20explained
[amcl-7] [WARN] [1785623438.850333520] []: TF_OLD_DATA ignoring data from the past for frame base_link at time 21.924000 according to authority Authority undetectable
[amcl-7] Possible reasons are listed at http://wiki.ros.org/tf/Errors%20explained
[bt_navigator-14] [WARN] [1785623438.850340851] []: TF_OLD_DATA ignoring data from the past for frame base_link at time 21.924000 according to authority Authority undetectable
[bt_navigator-14] Possible reasons are listed at http://wiki.ros.org/tf/Errors%20explained
[behavior_server-13] [WARN] [1785623438.850355352] []: TF_OLD_DATA ignoring data from the past for frame base_link at time 21.924000 according to authority Authority undetectable
[behavior_server-13] Possible reasons are listed at http://wiki.ros.org/tf/Errors%20explained
[planner_server-11] [WARN] [1785623438.850361522] []: TF_OLD_DATA ignoring data from the past for frame base_link at time 21.924000 according to authority Authority undetectable
[planner_server-11] Possible reasons are listed at http://wiki.ros.org/tf/Errors%20explained
[smoother_server-10] [WARN] [1785623438.850387978] []: TF_OLD_DATA ignoring data from the past for frame base_link at time 21.924000 according to authority Authority undetectable
[smoother_server-10] Possible reasons are listed at http://wiki.ros.org/tf/Errors%20explained
[smoother_server-10] [WARN] [1785623438.850815048] []: TF_OLD_DATA ignoring data from the past for frame base_link at time 5.040000 according to authority Authority undetectable
[smoother_server-10] Possible reasons are listed at http://wiki.ros.org/tf/Errors%20explained
[collision_monitor-17] [WARN] [1785623438.850408294] []: TF_OLD_DATA ignoring data from the past for frame base_link at time 21.924000 according to authority Authority undetectable
[collision_monitor-17] Possible reasons are listed at http://wiki.ros.org/tf/Errors%20explained
[collision_monitor-17] [WARN] [1785623438.850880550] []: TF_OLD_DATA ignoring data from the past for frame base_link at time 5.040000 according to authority Authority undetectable
[collision_monitor-17] Possible reasons are listed at http://wiki.ros.org/tf/Errors%20explained
[route_server-12] [WARN] [1785623438.850485493] []: TF_OLD_DATA ignoring data from the past for frame base_link at time 21.924000 according to authority Authority undetectable
[route_server-12] Possible reasons are listed at http://wiki.ros.org/tf/Errors%20explained
[route_server-12] [WARN] [1785623438.850905433] []: TF_OLD_DATA ignoring data from the past for frame base_link at time 5.040000 according to authority Authority undetectable
[route_server-12] Possible reasons are listed at http://wiki.ros.org/tf/Errors%20explained
[controller_server-9] [WARN] [1785623438.850810724] []: TF_OLD_DATA ignoring data from the past for frame base_link at time 5.040000 according to authority Authority undetectable
[controller_server-9] Possible reasons are listed at http://wiki.ros.org/tf/Errors%20explained
[amcl-7] [WARN] [1785623438.850838824] []: TF_OLD_DATA ignoring data from the past for frame base_link at time 5.040000 according to authority Authority undetectable
[amcl-7] Possible reasons are listed at http://wiki.ros.org/tf/Errors%20explained
[behavior_server-13] [WARN] [1785623438.850852647] []: TF_OLD_DATA ignoring data from the past for frame base_link at time 5.040000 according to authority Authority undetectable
[behavior_server-13] Possible reasons are listed at http://wiki.ros.org/tf/Errors%20explained
[opennav_docking-18] [WARN] [1785623438.850880640] []: TF_OLD_DATA ignoring data from the past for frame base_link at time 5.040000 according to authority Authority undetectable
[opennav_docking-18] Possible reasons are listed at http://wiki.ros.org/tf/Errors%20explained
[planner_server-11] [WARN] [1785623438.850921119] []: TF_OLD_DATA ignoring data from the past for frame base_link at time 5.040000 according to authority Authority undetectable
[planner_server-11] Possible reasons are listed at http://wiki.ros.org/tf/Errors%20explained
[bt_navigator-14] [WARN] [1785623438.851035793] []: TF_OLD_DATA ignoring data from the past for frame base_link at time 5.040000 according to authority Authority undetectable
[bt_navigator-14] Possible reasons are listed at http://wiki.ros.org/tf/Errors%20explained
[controller_server-9] [WARN] [1785623438.886105227] []: TF_OLD_DATA ignoring data from the past for frame base_link at time 21.960000 according to authority Authority undetectable
[controller_server-9] Possible reasons are listed at http://wiki.ros.org/tf/Errors%20explained
[route_server-12] [WARN] [1785623438.886148032] []: TF_OLD_DATA ignoring data from the past for frame base_link at time 21.960000 according to authority Authority undetectable
[route_server-12] Possible reasons are listed at http://wiki.ros.org/tf/Errors%20explained
[amcl-7] [WARN] [1785623438.886149874] []: TF_OLD_DATA ignoring data from the past for frame base_link at time 21.960000 according to authority Authority undetectable
[amcl-7] Possible reasons are listed at http://wiki.ros.org/tf/Errors%20explained
[collision_monitor-17] [WARN] [1785623438.886171007] []: TF_OLD_DATA ignoring data from the past for frame base_link at time 21.960000 according to authority Authority undetectable
[collision_monitor-17] Possible reasons are listed at http://wiki.ros.org/tf/Errors%20explained
[bt_navigator-14] [WARN] [1785623438.886181092] []: TF_OLD_DATA ignoring data from the past for frame base_link at time 21.960000 according to authority Authority undetectable
[bt_navigator-14] Possible reasons are listed at http://wiki.ros.org/tf/Errors%20explained
[planner_server-11] [WARN] [1785623438.886248833] []: TF_OLD_DATA ignoring data from the past for frame base_link at time 21.960000 according to authority Authority undetectable
[planner_server-11] Possible reasons are listed at http://wiki.ros.org/tf/Errors%20explained
[behavior_server-13] [WARN] [1785623438.886264198] []: TF_OLD_DATA ignoring data from the past for frame base_link at time 21.960000 according to authority Authority undetectable
[behavior_server-13] Possible reasons are listed at http://wiki.ros.org/tf/Errors%20explained
[smoother_server-10] [WARN] [1785623438.886273317] []: TF_OLD_DATA ignoring data from the past for frame base_link at time 21.960000 according to authority Authority undetectable
[smoother_server-10] Possible reasons are listed at http://wiki.ros.org/tf/Errors%20explained
[opennav_docking-18] [WARN] [1785623438.886283140] []: TF_OLD_DATA ignoring data from the past for frame base_link at time 21.960000 according to authority Authority undetectable
[opennav_docking-18] Possible reasons are listed at http://wiki.ros.org/tf/Errors%20explained
[smoother_server-10] [WARN] [1785623438.886872330] []: TF_OLD_DATA ignoring data from the past for frame base_link at time 5.076000 according to authority Authority undetectable
[smoother_server-10] Possible reasons are listed at http://wiki.ros.org/tf/Errors%20explained
[collision_monitor-17] [WARN] [1785623438.886902322] []: TF_OLD_DATA ignoring data from the past for frame base_link at time 5.076000 according to authority Authority undetectable
[collision_monitor-17] Possible reasons are listed at http://wiki.ros.org/tf/Errors%20explained
[behavior_server-13] [WARN] [1785623438.886901690] []: TF_OLD_DATA ignoring data from the past for frame base_link at time 5.076000 according to authority Authority undetectable
[behavior_server-13] Possible reasons are listed at http://wiki.ros.org/tf/Errors%20explained
[amcl-7] [WARN] [1785623438.886910722] []: TF_OLD_DATA ignoring data from the past for frame base_link at time 5.076000 according to authority Authority undetectable
[amcl-7] Possible reasons are listed at http://wiki.ros.org/tf/Errors%20explained
[bt_navigator-14] [WARN] [1785623438.886918476] []: TF_OLD_DATA ignoring data from the past for frame base_link at time 5.076000 according to authority Authority undetectable
[bt_navigator-14] Possible reasons are listed at http://wiki.ros.org/tf/Errors%20explained
[route_server-12] [WARN] [1785623438.886923454] []: TF_OLD_DATA ignoring data from the past for frame base_link at time 5.076000 according to authority Authority undetectable
[route_server-12] Possible reasons are listed at http://wiki.ros.org/tf/Errors%20explained
[opennav_docking-18] [WARN] [1785623438.886979591] []: TF_OLD_DATA ignoring data from the past for frame base_link at time 5.076000 according to authority Authority undetectable
[opennav_docking-18] Possible reasons are listed at http://wiki.ros.org/tf/Errors%20explained
[planner_server-11] [WARN] [1785623438.887148985] []: TF_OLD_DATA ignoring data from the past for frame base_link at time 5.076000 according to authority Authority undetectable
[planner_server-11] Possible reasons are listed at http://wiki.ros.org/tf/Errors%20explained
[controller_server-9] [WARN] [1785623438.887360427] []: TF_OLD_DATA ignoring data from the past for frame base_link at time 5.076000 according to authority Authority undetectable
[controller_server-9] Possible reasons are listed at http://wiki.ros.org/tf/Errors%20explained
[controller_server-9] [WARN] [1785623438.922091350] []: TF_OLD_DATA ignoring data from the past for frame base_link at time 21.996000 according to authority Authority undetectable
[controller_server-9] Possible reasons are listed at http://wiki.ros.org/tf/Errors%20explained
[smoother_server-10] [WARN] [1785623438.922114669] []: TF_OLD_DATA ignoring data from the past for frame base_link at time 21.996000 according to authority Authority undetectable
[smoother_server-10] Possible reasons are listed at http://wiki.ros.org/tf/Errors%20explained
[route_server-12] [WARN] [1785623438.922128906] []: TF_OLD_DATA ignoring data from the past for frame base_link at time 21.996000 according to authority Authority undetectable
[route_server-12] Possible reasons are listed at http://wiki.ros.org/tf/Errors%20explained
[opennav_docking-18] [WARN] [1785623438.922129426] []: TF_OLD_DATA ignoring data from the past for frame base_link at time 21.996000 according to authority Authority undetectable
[opennav_docking-18] Possible reasons are listed at http://wiki.ros.org/tf/Errors%20explained
[planner_server-11] [WARN] [1785623438.922139000] []: TF_OLD_DATA ignoring data from the past for frame base_link at time 21.996000 according to authority Authority undetectable
[planner_server-11] Possible reasons are listed at http://wiki.ros.org/tf/Errors%20explained
[collision_monitor-17] [WARN] [1785623438.922141727] []: TF_OLD_DATA ignoring data from the past for frame base_link at time 21.996000 according to authority Authority undetectable
[collision_monitor-17] Possible reasons are listed at http://wiki.ros.org/tf/Errors%20explained
[bt_navigator-14] [WARN] [1785623438.922149328] []: TF_OLD_DATA ignoring data from the past for frame base_link at time 21.996000 according to authority Authority undetectable
[bt_navigator-14] Possible reasons are listed at http://wiki.ros.org/tf/Errors%20explained
[amcl-7] [WARN] [1785623438.922331736] []: TF_OLD_DATA ignoring data from the past for frame base_link at time 21.996000 according to authority Authority undetectable
[amcl-7] Possible reasons are listed at http://wiki.ros.org/tf/Errors%20explained
[behavior_server-13] [WARN] [1785623438.922552521] []: TF_OLD_DATA ignoring data from the past for frame base_link at time 21.996000 according to authority Authority undetectable
[behavior_server-13] Possible reasons are listed at http://wiki.ros.org/tf/Errors%20explained
[behavior_server-13] [WARN] [1785623438.922997305] []: TF_OLD_DATA ignoring data from the past for frame base_link at time 5.112000 according to authority Authority undetectable
[behavior_server-13] Possible reasons are listed at http://wiki.ros.org/tf/Errors%20explained
[collision_monitor-17] [WARN] [1785623438.922998624] []: TF_OLD_DATA ignoring data from the past for frame base_link at time 5.112000 according to authority Authority undetectable
[collision_monitor-17] Possible reasons are listed at http://wiki.ros.org/tf/Errors%20explained
[bt_navigator-14] [WARN] [1785623438.923007219] []: TF_OLD_DATA ignoring data from the past for frame base_link at time 5.112000 according to authority Authority undetectable
[bt_navigator-14] Possible reasons are listed at http://wiki.ros.org/tf/Errors%20explained
[amcl-7] [WARN] [1785623438.923035954] []: TF_OLD_DATA ignoring data from the past for frame base_link at time 5.112000 according to authority Authority undetectable
[amcl-7] Possible reasons are listed at http://wiki.ros.org/tf/Errors%20explained
[planner_server-11] [WARN] [1785623438.923060713] []: TF_OLD_DATA ignoring data from the past for frame base_link at time 5.112000 according to authority Authority undetectable
[planner_server-11] Possible reasons are listed at http://wiki.ros.org/tf/Errors%20explained
[opennav_docking-18] [WARN] [1785623438.923122307] []: TF_OLD_DATA ignoring data from the past for frame base_link at time 5.112000 according to authority Authority undetectable
[opennav_docking-18] Possible reasons are listed at http://wiki.ros.org/tf/Errors%20explained
[controller_server-9] [WARN] [1785623438.923190928] []: TF_OLD_DATA ignoring data from the past for frame base_link at time 5.112000 according to authority Authority undetectable
[controller_server-9] Possible reasons are listed at http://wiki.ros.org/tf/Errors%20explained
[route_server-12] [WARN] [1785623438.923194445] []: TF_OLD_DATA ignoring data from the past for frame base_link at time 5.112000 according to authority Authority undetectable
[route_server-12] Possible reasons are listed at http://wiki.ros.org/tf/Errors%20explained
[smoother_server-10] [WARN] [1785623438.923217870] []: TF_OLD_DATA ignoring data from the past for frame base_link at time 5.112000 according to authority Authority undetectable
[smoother_server-10] Possible reasons are listed at http://wiki.ros.org/tf/Errors%20explained
[smoother_server-10] [INFO] [1785623438.923277791] [smoother_server]: PSTMO: 10 corners, 10 G2, 0 pivots, 0 pass-through, 382 evaluations, 0.083583 s
[smoother_server-10] [WARN] [1785623438.957970284] []: TF_OLD_DATA ignoring data from the past for frame base_link at time 22.032000 according to authority Authority undetectable
[smoother_server-10] Possible reasons are listed at http://wiki.ros.org/tf/Errors%20explained
[route_server-12] [WARN] [1785623438.957971794] []: TF_OLD_DATA ignoring data from the past for frame base_link at time 22.032000 according to authority Authority undetectable
[route_server-12] Possible reasons are listed at http://wiki.ros.org/tf/Errors%20explained
[planner_server-11] [WARN] [1785623438.957978338] []: TF_OLD_DATA ignoring data from the past for frame base_link at time 22.032000 according to authority Authority undetectable
[planner_server-11] Possible reasons are listed at http://wiki.ros.org/tf/Errors%20explained
[opennav_docking-18] [WARN] [1785623438.957999494] []: TF_OLD_DATA ignoring data from the past for frame base_link at time 22.032000 according to authority Authority undetectable
[opennav_docking-18] Possible reasons are listed at http://wiki.ros.org/tf/Errors%20explained
[collision_monitor-17] [WARN] [1785623438.958001254] []: TF_OLD_DATA ignoring data from the past for frame base_link at time 22.032000 according to authority Authority undetectable
[collision_monitor-17] Possible reasons are listed at http://wiki.ros.org/tf/Errors%20explained
[controller_server-9] [WARN] [1785623438.958024648] []: TF_OLD_DATA ignoring data from the past for frame base_link at time 22.032000 according to authority Authority undetectable
[controller_server-9] Possible reasons are listed at http://wiki.ros.org/tf/Errors%20explained
[behavior_server-13] [WARN] [1785623438.958026998] []: TF_OLD_DATA ignoring data from the past for frame base_link at time 22.032000 according to authority Authority undetectable
[behavior_server-13] Possible reasons are listed at http://wiki.ros.org/tf/Errors%20explained
[amcl-7] [WARN] [1785623438.958042745] []: TF_OLD_DATA ignoring data from the past for frame base_link at time 22.032000 according to authority Authority undetectable
[amcl-7] Possible reasons are listed at http://wiki.ros.org/tf/Errors%20explained
[bt_navigator-14] [WARN] [1785623438.958043296] []: TF_OLD_DATA ignoring data from the past for frame base_link at time 22.032000 according to authority Authority undetectable
[bt_navigator-14] Possible reasons are listed at http://wiki.ros.org/tf/Errors%20explained
[amcl-7] [WARN] [1785623438.959037279] []: TF_OLD_DATA ignoring data from the past for frame base_link at time 5.148000 according to authority Authority undetectable
[amcl-7] Possible reasons are listed at http://wiki.ros.org/tf/Errors%20explained
[route_server-12] [WARN] [1785623438.959086424] []: TF_OLD_DATA ignoring data from the past for frame base_link at time 5.148000 according to authority Authority undetectable
[route_server-12] Possible reasons are listed at http://wiki.ros.org/tf/Errors%20explained
[smoother_server-10] [WARN] [1785623438.959086392] []: TF_OLD_DATA ignoring data from the past for frame base_link at time 5.148000 according to authority Authority undetectable
[smoother_server-10] Possible reasons are listed at http://wiki.ros.org/tf/Errors%20explained
[controller_server-9] [WARN] [1785623438.959122634] []: TF_OLD_DATA ignoring data from the past for frame base_link at time 5.148000 according to authority Authority undetectable
[controller_server-9] Possible reasons are listed at http://wiki.ros.org/tf/Errors%20explained
[collision_monitor-17] [WARN] [1785623438.959147935] []: TF_OLD_DATA ignoring data from the past for frame base_link at time 5.148000 according to authority Authority undetectable
[collision_monitor-17] Possible reasons are listed at http://wiki.ros.org/tf/Errors%20explained
[planner_server-11] [WARN] [1785623438.959230064] []: TF_OLD_DATA ignoring data from the past for frame base_link at time 5.148000 according to authority Authority undetectable
[planner_server-11] Possible reasons are listed at http://wiki.ros.org/tf/Errors%20explained
[opennav_docking-18] [WARN] [1785623438.959238440] []: TF_OLD_DATA ignoring data from the past for frame base_link at time 5.148000 according to authority Authority undetectable
[opennav_docking-18] Possible reasons are listed at http://wiki.ros.org/tf/Errors%20explained
[behavior_server-13] [WARN] [1785623438.959275986] []: TF_OLD_DATA ignoring data from the past for frame base_link at time 5.148000 according to authority Authority undetectable
[behavior_server-13] Possible reasons are listed at http://wiki.ros.org/tf/Errors%20explained
[bt_navigator-14] [WARN] [1785623438.959388877] []: TF_OLD_DATA ignoring data from the past for frame base_link at time 5.148000 according to authority Authority undetectable
[bt_navigator-14] Possible reasons are listed at http://wiki.ros.org/tf/Errors%20explained
[smoother_server-10] [INFO] [1785623438.971780061] [smoother_server]: PSTMO: 4 corners, 0 G2, 4 pivots, 0 pass-through, 160 evaluations, 0.048304 s
[smoother_server-10] [INFO] [1785623438.972416567] [smoother_server]: PSTMO LOS selector chose no-LOS (no-LOS=0.603946, LOS=0.631546, reason=no_los_quality_not_worse)
[amcl-7] [WARN] [1785623438.994147693] []: TF_OLD_DATA ignoring data from the past for frame base_link at time 22.068000 according to authority Authority undetectable
[amcl-7] Possible reasons are listed at http://wiki.ros.org/tf/Errors%20explained
[bt_navigator-14] [WARN] [1785623438.994183043] []: TF_OLD_DATA ignoring data from the past for frame base_link at time 22.068000 according to authority Authority undetectable
[bt_navigator-14] Possible reasons are listed at http://wiki.ros.org/tf/Errors%20explained
[controller_server-9] [WARN] [1785623438.994213537] []: TF_OLD_DATA ignoring data from the past for frame base_link at time 22.068000 according to authority Authority undetectable
[controller_server-9] Possible reasons are listed at http://wiki.ros.org/tf/Errors%20explained
[planner_server-11] [WARN] [1785623438.994213725] []: TF_OLD_DATA ignoring data from the past for frame base_link at time 22.068000 according to authority Authority undetectable
[planner_server-11] Possible reasons are listed at http://wiki.ros.org/tf/Errors%20explained
[smoother_server-10] [WARN] [1785623438.994279163] []: TF_OLD_DATA ignoring data from the past for frame base_link at time 22.068000 according to authority Authority undetectable
[smoother_server-10] Possible reasons are listed at http://wiki.ros.org/tf/Errors%20explained
[route_server-12] [WARN] [1785623438.994302120] []: TF_OLD_DATA ignoring data from the past for frame base_link at time 22.068000 according to authority Authority undetectable
[route_server-12] Possible reasons are listed at http://wiki.ros.org/tf/Errors%20explained
[behavior_server-13] [WARN] [1785623438.994332776] []: TF_OLD_DATA ignoring data from the past for frame base_link at time 22.068000 according to authority Authority undetectable
[behavior_server-13] Possible reasons are listed at http://wiki.ros.org/tf/Errors%20explained
[opennav_docking-18] [WARN] [1785623438.994340592] []: TF_OLD_DATA ignoring data from the past for frame base_link at time 22.068000 according to authority Authority undetectable
[opennav_docking-18] Possible reasons are listed at http://wiki.ros.org/tf/Errors%20explained
[collision_monitor-17] [WARN] [1785623438.994347494] []: TF_OLD_DATA ignoring data from the past for frame base_link at time 22.068000 according to authority Authority undetectable
[collision_monitor-17] Possible reasons are listed at http://wiki.ros.org/tf/Errors%20explained
[amcl-7] [WARN] [1785623438.995234509] []: TF_OLD_DATA ignoring data from the past for frame base_link at time 5.184000 according to authority Authority undetectable
[amcl-7] Possible reasons are listed at http://wiki.ros.org/tf/Errors%20explained
[controller_server-9] [WARN] [1785623438.995231454] []: TF_OLD_DATA ignoring data from the past for frame base_link at time 5.184000 according to authority Authority undetectable
[controller_server-9] Possible reasons are listed at http://wiki.ros.org/tf/Errors%20explained
[planner_server-11] [WARN] [1785623438.995255332] []: TF_OLD_DATA ignoring data from the past for frame base_link at time 5.184000 according to authority Authority undetectable
[planner_server-11] Possible reasons are listed at http://wiki.ros.org/tf/Errors%20explained
[behavior_server-13] [WARN] [1785623438.995287633] []: TF_OLD_DATA ignoring data from the past for frame base_link at time 5.184000 according to authority Authority undetectable
[behavior_server-13] Possible reasons are listed at http://wiki.ros.org/tf/Errors%20explained
[bt_navigator-14] [WARN] [1785623438.995293994] []: TF_OLD_DATA ignoring data from the past for frame base_link at time 5.184000 according to authority Authority undetectable
[bt_navigator-14] Possible reasons are listed at http://wiki.ros.org/tf/Errors%20explained
[smoother_server-10] [WARN] [1785623438.995303808] []: TF_OLD_DATA ignoring data from the past for frame base_link at time 5.184000 according to authority Authority undetectable
[smoother_server-10] Possible reasons are listed at http://wiki.ros.org/tf/Errors%20explained
[collision_monitor-17] [WARN] [1785623438.995304634] []: TF_OLD_DATA ignoring data from the past for frame base_link at time 5.184000 according to authority Authority undetectable
[collision_monitor-17] Possible reasons are listed at http://wiki.ros.org/tf/Errors%20explained
[route_server-12] [WARN] [1785623438.995312068] []: TF_OLD_DATA ignoring data from the past for frame base_link at time 5.184000 according to authority Authority undetectable
[route_server-12] Possible reasons are listed at http://wiki.ros.org/tf/Errors%20explained
[opennav_docking-18] [WARN] [1785623438.995322809] []: TF_OLD_DATA ignoring data from the past for frame base_link at time 5.184000 according to authority Authority undetectable
[opennav_docking-18] Possible reasons are listed at http://wiki.ros.org/tf/Errors%20explained
[smoother_server-10] [WARN] [1785623439.031009689] []: TF_OLD_DATA ignoring data from the past for frame base_link at time 5.220000 according to authority Authority undetectable
[smoother_server-10] Possible reasons are listed at http://wiki.ros.org/tf/Errors%20explained
[controller_server-9] [WARN] [1785623439.031009717] []: TF_OLD_DATA ignoring data from the past for frame base_link at time 5.220000 according to authority Authority undetectable
[controller_server-9] Possible reasons are listed at http://wiki.ros.org/tf/Errors%20explained
[collision_monitor-17] [WARN] [1785623439.031016582] []: TF_OLD_DATA ignoring data from the past for frame base_link at time 5.220000 according to authority Authority undetectable
[collision_monitor-17] Possible reasons are listed at http://wiki.ros.org/tf/Errors%20explained
[behavior_server-13] [WARN] [1785623439.031022744] []: TF_OLD_DATA ignoring data from the past for frame base_link at time 5.220000 according to authority Authority undetectable
[behavior_server-13] Possible reasons are listed at http://wiki.ros.org/tf/Errors%20explained
[amcl-7] [WARN] [1785623439.031022254] []: TF_OLD_DATA ignoring data from the past for frame base_link at time 5.220000 according to authority Authority undetectable
[amcl-7] Possible reasons are listed at http://wiki.ros.org/tf/Errors%20explained
[opennav_docking-18] [WARN] [1785623439.031031662] []: TF_OLD_DATA ignoring data from the past for frame base_link at time 5.220000 according to authority Authority undetectable
[opennav_docking-18] Possible reasons are listed at http://wiki.ros.org/tf/Errors%20explained
[bt_navigator-14] [WARN] [1785623439.031029841] []: TF_OLD_DATA ignoring data from the past for frame base_link at time 5.220000 according to authority Authority undetectable
[bt_navigator-14] Possible reasons are listed at http://wiki.ros.org/tf/Errors%20explained
[route_server-12] [WARN] [1785623439.031072061] []: TF_OLD_DATA ignoring data from the past for frame base_link at time 5.220000 according to authority Authority undetectable
[route_server-12] Possible reasons are listed at http://wiki.ros.org/tf/Errors%20explained
[planner_server-11] [WARN] [1785623439.031119324] []: TF_OLD_DATA ignoring data from the past for frame base_link at time 5.220000 according to authority Authority undetectable
[planner_server-11] Possible reasons are listed at http://wiki.ros.org/tf/Errors%20explained
[amcl-7] [WARN] [1785623439.066072487] []: TF_OLD_DATA ignoring data from the past for frame base_link at time 22.104000 according to authority Authority undetectable
[amcl-7] Possible reasons are listed at http://wiki.ros.org/tf/Errors%20explained
[behavior_server-13] [WARN] [1785623439.066101589] []: TF_OLD_DATA ignoring data from the past for frame base_link at time 22.104000 according to authority Authority undetectable
[behavior_server-13] Possible reasons are listed at http://wiki.ros.org/tf/Errors%20explained
[planner_server-11] [WARN] [1785623439.066112868] []: TF_OLD_DATA ignoring data from the past for frame base_link at time 22.104000 according to authority Authority undetectable
[planner_server-11] Possible reasons are listed at http://wiki.ros.org/tf/Errors%20explained
[bt_navigator-14] [WARN] [1785623439.066134991] []: TF_OLD_DATA ignoring data from the past for frame base_link at time 22.104000 according to authority Authority undetectable
[bt_navigator-14] Possible reasons are listed at http://wiki.ros.org/tf/Errors%20explained
[controller_server-9] [WARN] [1785623439.066084975] []: TF_OLD_DATA ignoring data from the past for frame base_link at time 22.104000 according to authority Authority undetectable
[controller_server-9] Possible reasons are listed at http://wiki.ros.org/tf/Errors%20explained
[smoother_server-10] [WARN] [1785623439.066156542] []: TF_OLD_DATA ignoring data from the past for frame base_link at time 22.104000 according to authority Authority undetectable
[smoother_server-10] Possible reasons are listed at http://wiki.ros.org/tf/Errors%20explained
[route_server-12] [WARN] [1785623439.066212776] []: TF_OLD_DATA ignoring data from the past for frame base_link at time 22.104000 according to authority Authority undetectable
[route_server-12] Possible reasons are listed at http://wiki.ros.org/tf/Errors%20explained
[opennav_docking-18] [WARN] [1785623439.066217987] []: TF_OLD_DATA ignoring data from the past for frame base_link at time 22.104000 according to authority Authority undetectable
[opennav_docking-18] Possible reasons are listed at http://wiki.ros.org/tf/Errors%20explained
[collision_monitor-17] [WARN] [1785623439.066225076] []: TF_OLD_DATA ignoring data from the past for frame base_link at time 22.104000 according to authority Authority undetectable
[collision_monitor-17] Possible reasons are listed at http://wiki.ros.org/tf/Errors%20explained
[controller_server-9] [WARN] [1785623439.066964825] []: TF_OLD_DATA ignoring data from the past for frame base_link at time 5.256000 according to authority Authority undetectable
[controller_server-9] Possible reasons are listed at http://wiki.ros.org/tf/Errors%20explained
[amcl-7] [WARN] [1785623439.066976029] []: TF_OLD_DATA ignoring data from the past for frame base_link at time 5.256000 according to authority Authority undetectable
[amcl-7] Possible reasons are listed at http://wiki.ros.org/tf/Errors%20explained
[route_server-12] [WARN] [1785623439.066983355] []: TF_OLD_DATA ignoring data from the past for frame base_link at time 5.256000 according to authority Authority undetectable
[route_server-12] Possible reasons are listed at http://wiki.ros.org/tf/Errors%20explained
[smoother_server-10] [WARN] [1785623439.066987669] []: TF_OLD_DATA ignoring data from the past for frame base_link at time 5.256000 according to authority Authority undetectable
[smoother_server-10] Possible reasons are listed at http://wiki.ros.org/tf/Errors%20explained
[behavior_server-13] [WARN] [1785623439.067031338] []: TF_OLD_DATA ignoring data from the past for frame base_link at time 5.256000 according to authority Authority undetectable
[behavior_server-13] Possible reasons are listed at http://wiki.ros.org/tf/Errors%20explained
[bt_navigator-14] [WARN] [1785623439.067030569] []: TF_OLD_DATA ignoring data from the past for frame base_link at time 5.256000 according to authority Authority undetectable
[bt_navigator-14] Possible reasons are listed at http://wiki.ros.org/tf/Errors%20explained
[collision_monitor-17] [WARN] [1785623439.067049168] []: TF_OLD_DATA ignoring data from the past for frame base_link at time 5.256000 according to authority Authority undetectable
[collision_monitor-17] Possible reasons are listed at http://wiki.ros.org/tf/Errors%20explained
[opennav_docking-18] [WARN] [1785623439.067048448] []: TF_OLD_DATA ignoring data from the past for frame base_link at time 5.256000 according to authority Authority undetectable
[opennav_docking-18] Possible reasons are listed at http://wiki.ros.org/tf/Errors%20explained
[planner_server-11] [WARN] [1785623439.067057582] []: TF_OLD_DATA ignoring data from the past for frame base_link at time 5.256000 according to authority Authority undetectable
[planner_server-11] Possible reasons are listed at http://wiki.ros.org/tf/Errors%20explained
[controller_server-9] [WARN] [1785623439.101832752] []: TF_OLD_DATA ignoring data from the past for frame base_link at time 22.140000 according to authority Authority undetectable
[controller_server-9] Possible reasons are listed at http://wiki.ros.org/tf/Errors%20explained
[planner_server-11] [WARN] [1785623439.101864732] []: TF_OLD_DATA ignoring data from the past for frame base_link at time 22.140000 according to authority Authority undetectable
[planner_server-11] Possible reasons are listed at http://wiki.ros.org/tf/Errors%20explained
[amcl-7] [WARN] [1785623439.101869591] []: TF_OLD_DATA ignoring data from the past for frame base_link at time 22.140000 according to authority Authority undetectable
[amcl-7] Possible reasons are listed at http://wiki.ros.org/tf/Errors%20explained
[route_server-12] [WARN] [1785623439.101881917] []: TF_OLD_DATA ignoring data from the past for frame base_link at time 22.140000 according to authority Authority undetectable
[route_server-12] Possible reasons are listed at http://wiki.ros.org/tf/Errors%20explained
[bt_navigator-14] [WARN] [1785623439.101890488] []: TF_OLD_DATA ignoring data from the past for frame base_link at time 22.140000 according to authority Authority undetectable
[bt_navigator-14] Possible reasons are listed at http://wiki.ros.org/tf/Errors%20explained
[smoother_server-10] [WARN] [1785623439.101917703] []: TF_OLD_DATA ignoring data from the past for frame base_link at time 22.140000 according to authority Authority undetectable
[smoother_server-10] Possible reasons are listed at http://wiki.ros.org/tf/Errors%20explained
[collision_monitor-17] [WARN] [1785623439.101921070] []: TF_OLD_DATA ignoring data from the past for frame base_link at time 22.140000 according to authority Authority undetectable
[collision_monitor-17] Possible reasons are listed at http://wiki.ros.org/tf/Errors%20explained
[behavior_server-13] [WARN] [1785623439.101918542] []: TF_OLD_DATA ignoring data from the past for frame base_link at time 22.140000 according to authority Authority undetectable
[behavior_server-13] Possible reasons are listed at http://wiki.ros.org/tf/Errors%20explained
[opennav_docking-18] [WARN] [1785623439.101921864] []: TF_OLD_DATA ignoring data from the past for frame base_link at time 22.140000 according to authority Authority undetectable
[opennav_docking-18] Possible reasons are listed at http://wiki.ros.org/tf/Errors%20explained
[smoother_server-10] [WARN] [1785623439.102819931] []: TF_OLD_DATA ignoring data from the past for frame base_link at time 5.292000 according to authority Authority undetectable
[smoother_server-10] Possible reasons are listed at http://wiki.ros.org/tf/Errors%20explained
[collision_monitor-17] [WARN] [1785623439.102825051] []: TF_OLD_DATA ignoring data from the past for frame base_link at time 5.292000 according to authority Authority undetectable
[collision_monitor-17] Possible reasons are listed at http://wiki.ros.org/tf/Errors%20explained
[route_server-12] [WARN] [1785623439.102825374] []: TF_OLD_DATA ignoring data from the past for frame base_link at time 5.292000 according to authority Authority undetectable
[route_server-12] Possible reasons are listed at http://wiki.ros.org/tf/Errors%20explained
[amcl-7] [WARN] [1785623439.102834733] []: TF_OLD_DATA ignoring data from the past for frame base_link at time 5.292000 according to authority Authority undetectable
[amcl-7] Possible reasons are listed at http://wiki.ros.org/tf/Errors%20explained
[controller_server-9] [WARN] [1785623439.102841205] []: TF_OLD_DATA ignoring data from the past for frame base_link at time 5.292000 according to authority Authority undetectable
[controller_server-9] Possible reasons are listed at http://wiki.ros.org/tf/Errors%20explained
[bt_navigator-14] [WARN] [1785623439.102875003] []: TF_OLD_DATA ignoring data from the past for frame base_link at time 5.292000 according to authority Authority undetectable
[bt_navigator-14] Possible reasons are listed at http://wiki.ros.org/tf/Errors%20explained
[opennav_docking-18] [WARN] [1785623439.102881100] []: TF_OLD_DATA ignoring data from the past for frame base_link at time 5.292000 according to authority Authority undetectable
[opennav_docking-18] Possible reasons are listed at http://wiki.ros.org/tf/Errors%20explained
[planner_server-11] [WARN] [1785623439.102884958] []: TF_OLD_DATA ignoring data from the past for frame base_link at time 5.292000 according to authority Authority undetectable
[planner_server-11] Possible reasons are listed at http://wiki.ros.org/tf/Errors%20explained
[behavior_server-13] [WARN] [1785623439.102892360] []: TF_OLD_DATA ignoring data from the past for frame base_link at time 5.292000 according to authority Authority undetectable
[behavior_server-13] Possible reasons are listed at http://wiki.ros.org/tf/Errors%20explained
[smoother_server-10] [WARN] [1785623439.137883303] []: TF_OLD_DATA ignoring data from the past for frame base_link at time 22.176000 according to authority Authority undetectable
[smoother_server-10] Possible reasons are listed at http://wiki.ros.org/tf/Errors%20explained
[bt_navigator-14] [WARN] [1785623439.137884486] []: TF_OLD_DATA ignoring data from the past for frame base_link at time 22.176000 according to authority Authority undetectable
[bt_navigator-14] Possible reasons are listed at http://wiki.ros.org/tf/Errors%20explained
[route_server-12] [WARN] [1785623439.137890512] []: TF_OLD_DATA ignoring data from the past for frame base_link at time 22.176000 according to authority Authority undetectable
[route_server-12] Possible reasons are listed at http://wiki.ros.org/tf/Errors%20explained
[controller_server-9] [WARN] [1785623439.137898729] []: TF_OLD_DATA ignoring data from the past for frame base_link at time 22.176000 according to authority Authority undetectable
[controller_server-9] Possible reasons are listed at http://wiki.ros.org/tf/Errors%20explained
[opennav_docking-18] [WARN] [1785623439.137903027] []: TF_OLD_DATA ignoring data from the past for frame base_link at time 22.176000 according to authority Authority undetectable
[opennav_docking-18] Possible reasons are listed at http://wiki.ros.org/tf/Errors%20explained
[planner_server-11] [WARN] [1785623439.137908251] []: TF_OLD_DATA ignoring data from the past for frame base_link at time 22.176000 according to authority Authority undetectable
[planner_server-11] Possible reasons are listed at http://wiki.ros.org/tf/Errors%20explained
[collision_monitor-17] [WARN] [1785623439.137923766] []: TF_OLD_DATA ignoring data from the past for frame base_link at time 22.176000 according to authority Authority undetectable
[collision_monitor-17] Possible reasons are listed at http://wiki.ros.org/tf/Errors%20explained
[behavior_server-13] [WARN] [1785623439.137942470] []: TF_OLD_DATA ignoring data from the past for frame base_link at time 22.176000 according to authority Authority undetectable
[behavior_server-13] Possible reasons are listed at http://wiki.ros.org/tf/Errors%20explained
[amcl-7] [WARN] [1785623439.137951031] []: TF_OLD_DATA ignoring data from the past for frame base_link at time 22.176000 according to authority Authority undetectable
[amcl-7] Possible reasons are listed at http://wiki.ros.org/tf/Errors%20explained
[controller_server-9] [WARN] [1785623439.139237828] []: TF_OLD_DATA ignoring data from the past for frame base_link at time 5.328000 according to authority Authority undetectable
[controller_server-9] Possible reasons are listed at http://wiki.ros.org/tf/Errors%20explained
[route_server-12] [WARN] [1785623439.139286259] []: TF_OLD_DATA ignoring data from the past for frame base_link at time 5.328000 according to authority Authority undetectable
[route_server-12] Possible reasons are listed at http://wiki.ros.org/tf/Errors%20explained
[amcl-7] [WARN] [1785623439.139293837] []: TF_OLD_DATA ignoring data from the past for frame base_link at time 5.328000 according to authority Authority undetectable
[amcl-7] Possible reasons are listed at http://wiki.ros.org/tf/Errors%20explained
[behavior_server-13] [WARN] [1785623439.139298338] []: TF_OLD_DATA ignoring data from the past for frame base_link at time 5.328000 according to authority Authority undetectable
[behavior_server-13] Possible reasons are listed at http://wiki.ros.org/tf/Errors%20explained
[planner_server-11] [WARN] [1785623439.139299598] []: TF_OLD_DATA ignoring data from the past for frame base_link at time 5.328000 according to authority Authority undetectable
[planner_server-11] Possible reasons are listed at http://wiki.ros.org/tf/Errors%20explained
[collision_monitor-17] [WARN] [1785623439.139335574] []: TF_OLD_DATA ignoring data from the past for frame base_link at time 5.328000 according to authority Authority undetectable
[collision_monitor-17] Possible reasons are listed at http://wiki.ros.org/tf/Errors%20explained
[smoother_server-10] [WARN] [1785623439.139352599] []: TF_OLD_DATA ignoring data from the past for frame base_link at time 5.328000 according to authority Authority undetectable
[smoother_server-10] Possible reasons are listed at http://wiki.ros.org/tf/Errors%20explained
[opennav_docking-18] [WARN] [1785623439.139356151] []: TF_OLD_DATA ignoring data from the past for frame base_link at time 5.328000 according to authority Authority undetectable
[opennav_docking-18] Possible reasons are listed at http://wiki.ros.org/tf/Errors%20explained
[bt_navigator-14] [WARN] [1785623439.139471051] []: TF_OLD_DATA ignoring data from the past for frame base_link at time 5.328000 according to authority Authority undetectable
[bt_navigator-14] Possible reasons are listed at http://wiki.ros.org/tf/Errors%20explained
[amcl-7] [WARN] [1785623439.174044547] []: TF_OLD_DATA ignoring data from the past for frame base_link at time 22.212000 according to authority Authority undetectable
[amcl-7] Possible reasons are listed at http://wiki.ros.org/tf/Errors%20explained
[controller_server-9] [WARN] [1785623439.174042125] []: TF_OLD_DATA ignoring data from the past for frame base_link at time 22.212000 according to authority Authority undetectable
[controller_server-9] Possible reasons are listed at http://wiki.ros.org/tf/Errors%20explained
[route_server-12] [WARN] [1785623439.174056176] []: TF_OLD_DATA ignoring data from the past for frame base_link at time 22.212000 according to authority Authority undetectable
[route_server-12] Possible reasons are listed at http://wiki.ros.org/tf/Errors%20explained
[bt_navigator-14] [WARN] [1785623439.174067859] []: TF_OLD_DATA ignoring data from the past for frame base_link at time 22.212000 according to authority Authority undetectable
[bt_navigator-14] Possible reasons are listed at http://wiki.ros.org/tf/Errors%20explained
[opennav_docking-18] [WARN] [1785623439.174096268] []: TF_OLD_DATA ignoring data from the past for frame base_link at time 22.212000 according to authority Authority undetectable
[opennav_docking-18] Possible reasons are listed at http://wiki.ros.org/tf/Errors%20explained
[behavior_server-13] [WARN] [1785623439.174052151] []: TF_OLD_DATA ignoring data from the past for frame base_link at time 22.212000 according to authority Authority undetectable
[behavior_server-13] Possible reasons are listed at http://wiki.ros.org/tf/Errors%20explained
[planner_server-11] [WARN] [1785623439.174171312] []: TF_OLD_DATA ignoring data from the past for frame base_link at time 22.212000 according to authority Authority undetectable
[planner_server-11] Possible reasons are listed at http://wiki.ros.org/tf/Errors%20explained
[smoother_server-10] [WARN] [1785623439.174173467] []: TF_OLD_DATA ignoring data from the past for frame base_link at time 22.212000 according to authority Authority undetectable
[smoother_server-10] Possible reasons are listed at http://wiki.ros.org/tf/Errors%20explained
[collision_monitor-17] [WARN] [1785623439.174272592] []: TF_OLD_DATA ignoring data from the past for frame base_link at time 22.212000 according to authority Authority undetectable
[collision_monitor-17] Possible reasons are listed at http://wiki.ros.org/tf/Errors%20explained
[planner_server-11] [WARN] [1785623439.175119513] []: TF_OLD_DATA ignoring data from the past for frame base_link at time 5.364000 according to authority Authority undetectable
[planner_server-11] Possible reasons are listed at http://wiki.ros.org/tf/Errors%20explained
[smoother_server-10] [WARN] [1785623439.175172851] []: TF_OLD_DATA ignoring data from the past for frame base_link at time 5.364000 according to authority Authority undetectable
[smoother_server-10] Possible reasons are listed at http://wiki.ros.org/tf/Errors%20explained
[amcl-7] [WARN] [1785623439.175245933] []: TF_OLD_DATA ignoring data from the past for frame base_link at time 5.364000 according to authority Authority undetectable
[amcl-7] Possible reasons are listed at http://wiki.ros.org/tf/Errors%20explained
[behavior_server-13] [WARN] [1785623439.175276227] []: TF_OLD_DATA ignoring data from the past for frame base_link at time 5.364000 according to authority Authority undetectable
[behavior_server-13] Possible reasons are listed at http://wiki.ros.org/tf/Errors%20explained
[opennav_docking-18] [WARN] [1785623439.175289917] []: TF_OLD_DATA ignoring data from the past for frame base_link at time 5.364000 according to authority Authority undetectable
[opennav_docking-18] Possible reasons are listed at http://wiki.ros.org/tf/Errors%20explained
[bt_navigator-14] [WARN] [1785623439.175296904] []: TF_OLD_DATA ignoring data from the past for frame base_link at time 5.364000 according to authority Authority undetectable
[bt_navigator-14] Possible reasons are listed at http://wiki.ros.org/tf/Errors%20explained
[route_server-12] [WARN] [1785623439.175323125] []: TF_OLD_DATA ignoring data from the past for frame base_link at time 5.364000 according to authority Authority undetectable
[route_server-12] Possible reasons are listed at http://wiki.ros.org/tf/Errors%20explained
[controller_server-9] [WARN] [1785623439.175357132] []: TF_OLD_DATA ignoring data from the past for frame base_link at time 5.364000 according to authority Authority undetectable
[controller_server-9] Possible reasons are listed at http://wiki.ros.org/tf/Errors%20explained
[collision_monitor-17] [WARN] [1785623439.175454829] []: TF_OLD_DATA ignoring data from the past for frame base_link at time 5.364000 according to authority Authority undetectable
[collision_monitor-17] Possible reasons are listed at http://wiki.ros.org/tf/Errors%20explained
[batch_benchmark-5] [INFO] [1785623439.194298068] [planner_geometry_benchmark]: [4/5] Smac2D / office_long_diagonal / repetition 1
[amcl-7] [WARN] [1785623439.210035003] []: TF_OLD_DATA ignoring data from the past for frame base_link at time 22.248000 according to authority Authority undetectable
[amcl-7] Possible reasons are listed at http://wiki.ros.org/tf/Errors%20explained
[smoother_server-10] [WARN] [1785623439.210034804] []: TF_OLD_DATA ignoring data from the past for frame base_link at time 22.248000 according to authority Authority undetectable
[smoother_server-10] Possible reasons are listed at http://wiki.ros.org/tf/Errors%20explained
[planner_server-11] [WARN] [1785623439.210052676] []: TF_OLD_DATA ignoring data from the past for frame base_link at time 22.248000 according to authority Authority undetectable
[planner_server-11] Possible reasons are listed at http://wiki.ros.org/tf/Errors%20explained
[bt_navigator-14] [WARN] [1785623439.210062883] []: TF_OLD_DATA ignoring data from the past for frame base_link at time 22.248000 according to authority Authority undetectable
[bt_navigator-14] Possible reasons are listed at http://wiki.ros.org/tf/Errors%20explained
[opennav_docking-18] [WARN] [1785623439.210114839] []: TF_OLD_DATA ignoring data from the past for frame base_link at time 22.248000 according to authority Authority undetectable
[opennav_docking-18] Possible reasons are listed at http://wiki.ros.org/tf/Errors%20explained
[controller_server-9] [WARN] [1785623439.210129794] []: TF_OLD_DATA ignoring data from the past for frame base_link at time 22.248000 according to authority Authority undetectable
[controller_server-9] Possible reasons are listed at http://wiki.ros.org/tf/Errors%20explained
[behavior_server-13] [WARN] [1785623439.210135901] []: TF_OLD_DATA ignoring data from the past for frame base_link at time 22.248000 according to authority Authority undetectable
[behavior_server-13] Possible reasons are listed at http://wiki.ros.org/tf/Errors%20explained
[collision_monitor-17] [WARN] [1785623439.210196936] []: TF_OLD_DATA ignoring data from the past for frame base_link at time 22.248000 according to authority Authority undetectable
[collision_monitor-17] Possible reasons are listed at http://wiki.ros.org/tf/Errors%20explained
[route_server-12] [WARN] [1785623439.210209173] []: TF_OLD_DATA ignoring data from the past for frame base_link at time 22.248000 according to authority Authority undetectable
[route_server-12] Possible reasons are listed at http://wiki.ros.org/tf/Errors%20explained
[bt_navigator-14] [WARN] [1785623439.211058542] []: TF_OLD_DATA ignoring data from the past for frame base_link at time 5.400000 according to authority Authority undetectable
[bt_navigator-14] Possible reasons are listed at http://wiki.ros.org/tf/Errors%20explained
[opennav_docking-18] [WARN] [1785623439.211076078] []: TF_OLD_DATA ignoring data from the past for frame base_link at time 5.400000 according to authority Authority undetectable
[opennav_docking-18] Possible reasons are listed at http://wiki.ros.org/tf/Errors%20explained
[controller_server-9] [WARN] [1785623439.211077944] []: TF_OLD_DATA ignoring data from the past for frame base_link at time 5.400000 according to authority Authority undetectable
[controller_server-9] Possible reasons are listed at http://wiki.ros.org/tf/Errors%20explained
[smoother_server-10] [WARN] [1785623439.211094890] []: TF_OLD_DATA ignoring data from the past for frame base_link at time 5.400000 according to authority Authority undetectable
[smoother_server-10] Possible reasons are listed at http://wiki.ros.org/tf/Errors%20explained
[collision_monitor-17] [WARN] [1785623439.211111615] []: TF_OLD_DATA ignoring data from the past for frame base_link at time 5.400000 according to authority Authority undetectable
[collision_monitor-17] Possible reasons are listed at http://wiki.ros.org/tf/Errors%20explained
[route_server-12] [WARN] [1785623439.211139532] []: TF_OLD_DATA ignoring data from the past for frame base_link at time 5.400000 according to authority Authority undetectable
[route_server-12] Possible reasons are listed at http://wiki.ros.org/tf/Errors%20explained
[planner_server-11] [WARN] [1785623439.211160743] []: TF_OLD_DATA ignoring data from the past for frame base_link at time 5.400000 according to authority Authority undetectable
[planner_server-11] Possible reasons are listed at http://wiki.ros.org/tf/Errors%20explained
[amcl-7] [WARN] [1785623439.211166989] []: TF_OLD_DATA ignoring data from the past for frame base_link at time 5.400000 according to authority Authority undetectable
[amcl-7] Possible reasons are listed at http://wiki.ros.org/tf/Errors%20explained
[behavior_server-13] [WARN] [1785623439.211210381] []: TF_OLD_DATA ignoring data from the past for frame base_link at time 5.400000 according to authority Authority undetectable
[behavior_server-13] Possible reasons are listed at http://wiki.ros.org/tf/Errors%20explained
[amcl-7] [WARN] [1785623439.246300532] []: TF_OLD_DATA ignoring data from the past for frame base_link at time 22.284000 according to authority Authority undetectable
[amcl-7] Possible reasons are listed at http://wiki.ros.org/tf/Errors%20explained
[planner_server-11] [WARN] [1785623439.246306255] []: TF_OLD_DATA ignoring data from the past for frame base_link at time 22.284000 according to authority Authority undetectable
[planner_server-11] Possible reasons are listed at http://wiki.ros.org/tf/Errors%20explained
[behavior_server-13] [WARN] [1785623439.246306236] []: TF_OLD_DATA ignoring data from the past for frame base_link at time 22.284000 according to authority Authority undetectable
[behavior_server-13] Possible reasons are listed at http://wiki.ros.org/tf/Errors%20explained
[controller_server-9] [WARN] [1785623439.246306541] []: TF_OLD_DATA ignoring data from the past for frame base_link at time 22.284000 according to authority Authority undetectable
[controller_server-9] Possible reasons are listed at http://wiki.ros.org/tf/Errors%20explained
[opennav_docking-18] [WARN] [1785623439.246375958] []: TF_OLD_DATA ignoring data from the past for frame base_link at time 22.284000 according to authority Authority undetectable
[opennav_docking-18] Possible reasons are listed at http://wiki.ros.org/tf/Errors%20explained
[smoother_server-10] [WARN] [1785623439.246385604] []: TF_OLD_DATA ignoring data from the past for frame base_link at time 22.284000 according to authority Authority undetectable
[smoother_server-10] Possible reasons are listed at http://wiki.ros.org/tf/Errors%20explained
[route_server-12] [WARN] [1785623439.246397033] []: TF_OLD_DATA ignoring data from the past for frame base_link at time 22.284000 according to authority Authority undetectable
[route_server-12] Possible reasons are listed at http://wiki.ros.org/tf/Errors%20explained
[collision_monitor-17] [WARN] [1785623439.246415118] []: TF_OLD_DATA ignoring data from the past for frame base_link at time 22.284000 according to authority Authority undetectable
[collision_monitor-17] Possible reasons are listed at http://wiki.ros.org/tf/Errors%20explained
[bt_navigator-14] [WARN] [1785623439.246650688] []: TF_OLD_DATA ignoring data from the past for frame base_link at time 22.284000 according to authority Authority undetectable
[bt_navigator-14] Possible reasons are listed at http://wiki.ros.org/tf/Errors%20explained
[controller_server-9] [WARN] [1785623439.247134324] []: TF_OLD_DATA ignoring data from the past for frame base_link at time 5.436000 according to authority Authority undetectable
[controller_server-9] Possible reasons are listed at http://wiki.ros.org/tf/Errors%20explained
[planner_server-11] [WARN] [1785623439.247162432] []: TF_OLD_DATA ignoring data from the past for frame base_link at time 5.436000 according to authority Authority undetectable
[planner_server-11] Possible reasons are listed at http://wiki.ros.org/tf/Errors%20explained
[collision_monitor-17] [WARN] [1785623439.247171690] []: TF_OLD_DATA ignoring data from the past for frame base_link at time 5.436000 according to authority Authority undetectable
[collision_monitor-17] Possible reasons are listed at http://wiki.ros.org/tf/Errors%20explained
[route_server-12] [WARN] [1785623439.247197379] []: TF_OLD_DATA ignoring data from the past for frame base_link at time 5.436000 according to authority Authority undetectable
[route_server-12] Possible reasons are listed at http://wiki.ros.org/tf/Errors%20explained
[opennav_docking-18] [WARN] [1785623439.247206663] []: TF_OLD_DATA ignoring data from the past for frame base_link at time 5.436000 according to authority Authority undetectable
[opennav_docking-18] Possible reasons are listed at http://wiki.ros.org/tf/Errors%20explained
[behavior_server-13] [WARN] [1785623439.247236387] []: TF_OLD_DATA ignoring data from the past for frame base_link at time 5.436000 according to authority Authority undetectable
[behavior_server-13] Possible reasons are listed at http://wiki.ros.org/tf/Errors%20explained
[bt_navigator-14] [WARN] [1785623439.248288474] []: TF_OLD_DATA ignoring data from the past for frame base_link at time 5.436000 according to authority Authority undetectable
[bt_navigator-14] Possible reasons are listed at http://wiki.ros.org/tf/Errors%20explained
[amcl-7] [WARN] [1785623439.249740176] []: TF_OLD_DATA ignoring data from the past for frame base_link at time 5.436000 according to authority Authority undetectable
[amcl-7] Possible reasons are listed at http://wiki.ros.org/tf/Errors%20explained
[smoother_server-10] [WARN] [1785623439.249827664] []: TF_OLD_DATA ignoring data from the past for frame base_link at time 5.436000 according to authority Authority undetectable
[smoother_server-10] Possible reasons are listed at http://wiki.ros.org/tf/Errors%20explained
[controller_server-9] [WARN] [1785623439.282051450] []: TF_OLD_DATA ignoring data from the past for frame base_link at time 22.320000 according to authority Authority undetectable
[controller_server-9] Possible reasons are listed at http://wiki.ros.org/tf/Errors%20explained
[amcl-7] [WARN] [1785623439.282062579] []: TF_OLD_DATA ignoring data from the past for frame base_link at time 22.320000 according to authority Authority undetectable
[amcl-7] Possible reasons are listed at http://wiki.ros.org/tf/Errors%20explained
[planner_server-11] [WARN] [1785623439.282079494] []: TF_OLD_DATA ignoring data from the past for frame base_link at time 22.320000 according to authority Authority undetectable
[planner_server-11] Possible reasons are listed at http://wiki.ros.org/tf/Errors%20explained
[opennav_docking-18] [WARN] [1785623439.282106639] []: TF_OLD_DATA ignoring data from the past for frame base_link at time 22.320000 according to authority Authority undetectable
[opennav_docking-18] Possible reasons are listed at http://wiki.ros.org/tf/Errors%20explained
[route_server-12] [WARN] [1785623439.282141825] []: TF_OLD_DATA ignoring data from the past for frame base_link at time 22.320000 according to authority Authority undetectable
[route_server-12] Possible reasons are listed at http://wiki.ros.org/tf/Errors%20explained
[behavior_server-13] [WARN] [1785623439.282240110] []: TF_OLD_DATA ignoring data from the past for frame base_link at time 22.320000 according to authority Authority undetectable
[behavior_server-13] Possible reasons are listed at http://wiki.ros.org/tf/Errors%20explained
[smoother_server-10] [WARN] [1785623439.282248049] []: TF_OLD_DATA ignoring data from the past for frame base_link at time 22.320000 according to authority Authority undetectable
[smoother_server-10] Possible reasons are listed at http://wiki.ros.org/tf/Errors%20explained
[collision_monitor-17] [WARN] [1785623439.282306941] []: TF_OLD_DATA ignoring data from the past for frame base_link at time 22.320000 according to authority Authority undetectable
[collision_monitor-17] Possible reasons are listed at http://wiki.ros.org/tf/Errors%20explained
[bt_navigator-14] [WARN] [1785623439.282464583] []: TF_OLD_DATA ignoring data from the past for frame base_link at time 22.320000 according to authority Authority undetectable
[bt_navigator-14] Possible reasons are listed at http://wiki.ros.org/tf/Errors%20explained
[amcl-7] [WARN] [1785623439.282856730] []: TF_OLD_DATA ignoring data from the past for frame base_link at time 5.472000 according to authority Authority undetectable
[amcl-7] Possible reasons are listed at http://wiki.ros.org/tf/Errors%20explained
[route_server-12] [WARN] [1785623439.282862870] []: TF_OLD_DATA ignoring data from the past for frame base_link at time 5.472000 according to authority Authority undetectable
[route_server-12] Possible reasons are listed at http://wiki.ros.org/tf/Errors%20explained
[collision_monitor-17] [WARN] [1785623439.282864575] []: TF_OLD_DATA ignoring data from the past for frame base_link at time 5.472000 according to authority Authority undetectable
[collision_monitor-17] Possible reasons are listed at http://wiki.ros.org/tf/Errors%20explained
[controller_server-9] [WARN] [1785623439.282869657] []: TF_OLD_DATA ignoring data from the past for frame base_link at time 5.472000 according to authority Authority undetectable
[controller_server-9] Possible reasons are listed at http://wiki.ros.org/tf/Errors%20explained
[smoother_server-10] [WARN] [1785623439.282882731] []: TF_OLD_DATA ignoring data from the past for frame base_link at time 5.472000 according to authority Authority undetectable
[smoother_server-10] Possible reasons are listed at http://wiki.ros.org/tf/Errors%20explained
[planner_server-11] [WARN] [1785623439.282910885] []: TF_OLD_DATA ignoring data from the past for frame base_link at time 5.472000 according to authority Authority undetectable
[planner_server-11] Possible reasons are listed at http://wiki.ros.org/tf/Errors%20explained
[bt_navigator-14] [WARN] [1785623439.282926548] []: TF_OLD_DATA ignoring data from the past for frame base_link at time 5.472000 according to authority Authority undetectable
[bt_navigator-14] Possible reasons are listed at http://wiki.ros.org/tf/Errors%20explained
[behavior_server-13] [WARN] [1785623439.282949239] []: TF_OLD_DATA ignoring data from the past for frame base_link at time 5.472000 according to authority Authority undetectable
[behavior_server-13] Possible reasons are listed at http://wiki.ros.org/tf/Errors%20explained
[opennav_docking-18] [WARN] [1785623439.282998241] []: TF_OLD_DATA ignoring data from the past for frame base_link at time 5.472000 according to authority Authority undetectable
[opennav_docking-18] Possible reasons are listed at http://wiki.ros.org/tf/Errors%20explained
[controller_server-9] [WARN] [1785623439.317887864] []: TF_OLD_DATA ignoring data from the past for frame base_link at time 22.356000 according to authority Authority undetectable
[controller_server-9] Possible reasons are listed at http://wiki.ros.org/tf/Errors%20explained
[opennav_docking-18] [WARN] [1785623439.317931196] []: TF_OLD_DATA ignoring data from the past for frame base_link at time 22.356000 according to authority Authority undetectable
[opennav_docking-18] Possible reasons are listed at http://wiki.ros.org/tf/Errors%20explained
[planner_server-11] [WARN] [1785623439.317929503] []: TF_OLD_DATA ignoring data from the past for frame base_link at time 22.356000 according to authority Authority undetectable
[planner_server-11] Possible reasons are listed at http://wiki.ros.org/tf/Errors%20explained
[route_server-12] [WARN] [1785623439.317953538] []: TF_OLD_DATA ignoring data from the past for frame base_link at time 22.356000 according to authority Authority undetectable
[route_server-12] Possible reasons are listed at http://wiki.ros.org/tf/Errors%20explained
[bt_navigator-14] [WARN] [1785623439.317958847] []: TF_OLD_DATA ignoring data from the past for frame base_link at time 22.356000 according to authority Authority undetectable
[bt_navigator-14] Possible reasons are listed at http://wiki.ros.org/tf/Errors%20explained
[amcl-7] [WARN] [1785623439.317980995] []: TF_OLD_DATA ignoring data from the past for frame base_link at time 22.356000 according to authority Authority undetectable
[amcl-7] Possible reasons are listed at http://wiki.ros.org/tf/Errors%20explained
[collision_monitor-17] [WARN] [1785623439.317978691] []: TF_OLD_DATA ignoring data from the past for frame base_link at time 22.356000 according to authority Authority undetectable
[collision_monitor-17] Possible reasons are listed at http://wiki.ros.org/tf/Errors%20explained
[smoother_server-10] [WARN] [1785623439.317985661] []: TF_OLD_DATA ignoring data from the past for frame base_link at time 22.356000 according to authority Authority undetectable
[smoother_server-10] Possible reasons are listed at http://wiki.ros.org/tf/Errors%20explained
[behavior_server-13] [WARN] [1785623439.317994368] []: TF_OLD_DATA ignoring data from the past for frame base_link at time 22.356000 according to authority Authority undetectable
[behavior_server-13] Possible reasons are listed at http://wiki.ros.org/tf/Errors%20explained
[controller_server-9] [WARN] [1785623439.318919500] []: TF_OLD_DATA ignoring data from the past for frame base_link at time 5.508000 according to authority Authority undetectable
[controller_server-9] Possible reasons are listed at http://wiki.ros.org/tf/Errors%20explained
[smoother_server-10] [WARN] [1785623439.318927153] []: TF_OLD_DATA ignoring data from the past for frame base_link at time 5.508000 according to authority Authority undetectable
[smoother_server-10] Possible reasons are listed at http://wiki.ros.org/tf/Errors%20explained
[behavior_server-13] [WARN] [1785623439.318931267] []: TF_OLD_DATA ignoring data from the past for frame base_link at time 5.508000 according to authority Authority undetectable
[behavior_server-13] Possible reasons are listed at http://wiki.ros.org/tf/Errors%20explained
[amcl-7] [WARN] [1785623439.318931261] []: TF_OLD_DATA ignoring data from the past for frame base_link at time 5.508000 according to authority Authority undetectable
[amcl-7] Possible reasons are listed at http://wiki.ros.org/tf/Errors%20explained
[opennav_docking-18] [WARN] [1785623439.318929776] []: TF_OLD_DATA ignoring data from the past for frame base_link at time 5.508000 according to authority Authority undetectable
[opennav_docking-18] Possible reasons are listed at http://wiki.ros.org/tf/Errors%20explained
[collision_monitor-17] [WARN] [1785623439.318950667] []: TF_OLD_DATA ignoring data from the past for frame base_link at time 5.508000 according to authority Authority undetectable
[collision_monitor-17] Possible reasons are listed at http://wiki.ros.org/tf/Errors%20explained
[bt_navigator-14] [WARN] [1785623439.318963828] []: TF_OLD_DATA ignoring data from the past for frame base_link at time 5.508000 according to authority Authority undetectable
[bt_navigator-14] Possible reasons are listed at http://wiki.ros.org/tf/Errors%20explained
[planner_server-11] [WARN] [1785623439.318995975] []: TF_OLD_DATA ignoring data from the past for frame base_link at time 5.508000 according to authority Authority undetectable
[planner_server-11] Possible reasons are listed at http://wiki.ros.org/tf/Errors%20explained
[route_server-12] [WARN] [1785623439.319117631] []: TF_OLD_DATA ignoring data from the past for frame base_link at time 5.508000 according to authority Authority undetectable
[route_server-12] Possible reasons are listed at http://wiki.ros.org/tf/Errors%20explained
[amcl-7] [WARN] [1785623439.353891775] []: TF_OLD_DATA ignoring data from the past for frame base_link at time 22.392000 according to authority Authority undetectable
[amcl-7] Possible reasons are listed at http://wiki.ros.org/tf/Errors%20explained
[route_server-12] [WARN] [1785623439.353898849] []: TF_OLD_DATA ignoring data from the past for frame base_link at time 22.392000 according to authority Authority undetectable
[route_server-12] Possible reasons are listed at http://wiki.ros.org/tf/Errors%20explained
[bt_navigator-14] [WARN] [1785623439.353916177] []: TF_OLD_DATA ignoring data from the past for frame base_link at time 22.392000 according to authority Authority undetectable
[bt_navigator-14] Possible reasons are listed at http://wiki.ros.org/tf/Errors%20explained
[smoother_server-10] [WARN] [1785623439.353915611] []: TF_OLD_DATA ignoring data from the past for frame base_link at time 22.392000 according to authority Authority undetectable
[smoother_server-10] Possible reasons are listed at http://wiki.ros.org/tf/Errors%20explained
[planner_server-11] [WARN] [1785623439.353921967] []: TF_OLD_DATA ignoring data from the past for frame base_link at time 22.392000 according to authority Authority undetectable
[planner_server-11] Possible reasons are listed at http://wiki.ros.org/tf/Errors%20explained
[collision_monitor-17] [WARN] [1785623439.353964529] []: TF_OLD_DATA ignoring data from the past for frame base_link at time 22.392000 according to authority Authority undetectable
[collision_monitor-17] Possible reasons are listed at http://wiki.ros.org/tf/Errors%20explained
[controller_server-9] [WARN] [1785623439.353963528] []: TF_OLD_DATA ignoring data from the past for frame base_link at time 22.392000 according to authority Authority undetectable
[controller_server-9] Possible reasons are listed at http://wiki.ros.org/tf/Errors%20explained
[behavior_server-13] [WARN] [1785623439.353960788] []: TF_OLD_DATA ignoring data from the past for frame base_link at time 22.392000 according to authority Authority undetectable
[behavior_server-13] Possible reasons are listed at http://wiki.ros.org/tf/Errors%20explained
[opennav_docking-18] [WARN] [1785623439.353996735] []: TF_OLD_DATA ignoring data from the past for frame base_link at time 22.392000 according to authority Authority undetectable
[opennav_docking-18] Possible reasons are listed at http://wiki.ros.org/tf/Errors%20explained
[smoother_server-10] [WARN] [1785623439.355314125] []: TF_OLD_DATA ignoring data from the past for frame base_link at time 5.544000 according to authority Authority undetectable
[smoother_server-10] Possible reasons are listed at http://wiki.ros.org/tf/Errors%20explained
[planner_server-11] [WARN] [1785623439.355313176] []: TF_OLD_DATA ignoring data from the past for frame base_link at time 5.544000 according to authority Authority undetectable
[planner_server-11] Possible reasons are listed at http://wiki.ros.org/tf/Errors%20explained
[collision_monitor-17] [WARN] [1785623439.355311122] []: TF_OLD_DATA ignoring data from the past for frame base_link at time 5.544000 according to authority Authority undetectable
[collision_monitor-17] Possible reasons are listed at http://wiki.ros.org/tf/Errors%20explained
[opennav_docking-18] [WARN] [1785623439.355318800] []: TF_OLD_DATA ignoring data from the past for frame base_link at time 5.544000 according to authority Authority undetectable
[opennav_docking-18] Possible reasons are listed at http://wiki.ros.org/tf/Errors%20explained
[amcl-7] [WARN] [1785623439.355394560] []: TF_OLD_DATA ignoring data from the past for frame base_link at time 5.544000 according to authority Authority undetectable
[amcl-7] Possible reasons are listed at http://wiki.ros.org/tf/Errors%20explained
[route_server-12] [WARN] [1785623439.355403782] []: TF_OLD_DATA ignoring data from the past for frame base_link at time 5.544000 according to authority Authority undetectable
[route_server-12] Possible reasons are listed at http://wiki.ros.org/tf/Errors%20explained
[bt_navigator-14] [WARN] [1785623439.355419362] []: TF_OLD_DATA ignoring data from the past for frame base_link at time 5.544000 according to authority Authority undetectable
[bt_navigator-14] Possible reasons are listed at http://wiki.ros.org/tf/Errors%20explained
[behavior_server-13] [WARN] [1785623439.355471443] []: TF_OLD_DATA ignoring data from the past for frame base_link at time 5.544000 according to authority Authority undetectable
[behavior_server-13] Possible reasons are listed at http://wiki.ros.org/tf/Errors%20explained
[controller_server-9] [WARN] [1785623439.355688736] []: TF_OLD_DATA ignoring data from the past for frame base_link at time 5.544000 according to authority Authority undetectable
[controller_server-9] Possible reasons are listed at http://wiki.ros.org/tf/Errors%20explained
[controller_server-9] [WARN] [1785623439.390010069] []: TF_OLD_DATA ignoring data from the past for frame base_link at time 22.428000 according to authority Authority undetectable
[controller_server-9] Possible reasons are listed at http://wiki.ros.org/tf/Errors%20explained
[amcl-7] [WARN] [1785623439.390059320] []: TF_OLD_DATA ignoring data from the past for frame base_link at time 22.428000 according to authority Authority undetectable
[amcl-7] Possible reasons are listed at http://wiki.ros.org/tf/Errors%20explained
[route_server-12] [WARN] [1785623439.390119406] []: TF_OLD_DATA ignoring data from the past for frame base_link at time 22.428000 according to authority Authority undetectable
[route_server-12] Possible reasons are listed at http://wiki.ros.org/tf/Errors%20explained
[bt_navigator-14] [WARN] [1785623439.390158115] []: TF_OLD_DATA ignoring data from the past for frame base_link at time 22.428000 according to authority Authority undetectable
[bt_navigator-14] Possible reasons are listed at http://wiki.ros.org/tf/Errors%20explained
[opennav_docking-18] [WARN] [1785623439.390173976] []: TF_OLD_DATA ignoring data from the past for frame base_link at time 22.428000 according to authority Authority undetectable
[opennav_docking-18] Possible reasons are listed at http://wiki.ros.org/tf/Errors%20explained
[collision_monitor-17] [WARN] [1785623439.390177646] []: TF_OLD_DATA ignoring data from the past for frame base_link at time 22.428000 according to authority Authority undetectable
[collision_monitor-17] Possible reasons are listed at http://wiki.ros.org/tf/Errors%20explained
[behavior_server-13] [WARN] [1785623439.390177561] []: TF_OLD_DATA ignoring data from the past for frame base_link at time 22.428000 according to authority Authority undetectable
[behavior_server-13] Possible reasons are listed at http://wiki.ros.org/tf/Errors%20explained
[planner_server-11] [WARN] [1785623439.390649852] []: TF_OLD_DATA ignoring data from the past for frame base_link at time 22.428000 according to authority Authority undetectable
[planner_server-11] Possible reasons are listed at http://wiki.ros.org/tf/Errors%20explained
[smoother_server-10] [WARN] [1785623439.390800922] []: TF_OLD_DATA ignoring data from the past for frame base_link at time 22.428000 according to authority Authority undetectable
[smoother_server-10] Possible reasons are listed at http://wiki.ros.org/tf/Errors%20explained
[amcl-7] [WARN] [1785623439.391067645] []: TF_OLD_DATA ignoring data from the past for frame base_link at time 5.580000 according to authority Authority undetectable
[amcl-7] Possible reasons are listed at http://wiki.ros.org/tf/Errors%20explained
[controller_server-9] [WARN] [1785623439.391065067] []: TF_OLD_DATA ignoring data from the past for frame base_link at time 5.580000 according to authority Authority undetectable
[controller_server-9] Possible reasons are listed at http://wiki.ros.org/tf/Errors%20explained
[route_server-12] [WARN] [1785623439.391084548] []: TF_OLD_DATA ignoring data from the past for frame base_link at time 5.580000 according to authority Authority undetectable
[route_server-12] Possible reasons are listed at http://wiki.ros.org/tf/Errors%20explained
[smoother_server-10] [WARN] [1785623439.391107543] []: TF_OLD_DATA ignoring data from the past for frame base_link at time 5.580000 according to authority Authority undetectable
[smoother_server-10] Possible reasons are listed at http://wiki.ros.org/tf/Errors%20explained
[behavior_server-13] [WARN] [1785623439.391131166] []: TF_OLD_DATA ignoring data from the past for frame base_link at time 5.580000 according to authority Authority undetectable
[behavior_server-13] Possible reasons are listed at http://wiki.ros.org/tf/Errors%20explained
[planner_server-11] [WARN] [1785623439.391138301] []: TF_OLD_DATA ignoring data from the past for frame base_link at time 5.580000 according to authority Authority undetectable
[planner_server-11] Possible reasons are listed at http://wiki.ros.org/tf/Errors%20explained
[collision_monitor-17] [WARN] [1785623439.391155688] []: TF_OLD_DATA ignoring data from the past for frame base_link at time 5.580000 according to authority Authority undetectable
[collision_monitor-17] Possible reasons are listed at http://wiki.ros.org/tf/Errors%20explained
[bt_navigator-14] [WARN] [1785623439.391200261] []: TF_OLD_DATA ignoring data from the past for frame base_link at time 5.580000 according to authority Authority undetectable
[bt_navigator-14] Possible reasons are listed at http://wiki.ros.org/tf/Errors%20explained
[opennav_docking-18] [WARN] [1785623439.391214093] []: TF_OLD_DATA ignoring data from the past for frame base_link at time 5.580000 according to authority Authority undetectable
[opennav_docking-18] Possible reasons are listed at http://wiki.ros.org/tf/Errors%20explained
[amcl-7] [WARN] [1785623439.426197579] []: TF_OLD_DATA ignoring data from the past for frame base_link at time 22.464000 according to authority Authority undetectable
[amcl-7] Possible reasons are listed at http://wiki.ros.org/tf/Errors%20explained
[behavior_server-13] [WARN] [1785623439.426197481] []: TF_OLD_DATA ignoring data from the past for frame base_link at time 22.464000 according to authority Authority undetectable
[behavior_server-13] Possible reasons are listed at http://wiki.ros.org/tf/Errors%20explained
[smoother_server-10] [WARN] [1785623439.426245170] []: TF_OLD_DATA ignoring data from the past for frame base_link at time 22.464000 according to authority Authority undetectable
[smoother_server-10] Possible reasons are listed at http://wiki.ros.org/tf/Errors%20explained
[route_server-12] [WARN] [1785623439.426259755] []: TF_OLD_DATA ignoring data from the past for frame base_link at time 22.464000 according to authority Authority undetectable
[route_server-12] Possible reasons are listed at http://wiki.ros.org/tf/Errors%20explained
[controller_server-9] [WARN] [1785623439.426269816] []: TF_OLD_DATA ignoring data from the past for frame base_link at time 22.464000 according to authority Authority undetectable
[controller_server-9] Possible reasons are listed at http://wiki.ros.org/tf/Errors%20explained
[planner_server-11] [WARN] [1785623439.426285286] []: TF_OLD_DATA ignoring data from the past for frame base_link at time 22.464000 according to authority Authority undetectable
[planner_server-11] Possible reasons are listed at http://wiki.ros.org/tf/Errors%20explained
[bt_navigator-14] [WARN] [1785623439.426419650] []: TF_OLD_DATA ignoring data from the past for frame base_link at time 22.464000 according to authority Authority undetectable
[bt_navigator-14] Possible reasons are listed at http://wiki.ros.org/tf/Errors%20explained
[collision_monitor-17] [WARN] [1785623439.426752144] []: TF_OLD_DATA ignoring data from the past for frame base_link at time 22.464000 according to authority Authority undetectable
[collision_monitor-17] Possible reasons are listed at http://wiki.ros.org/tf/Errors%20explained
[bt_navigator-14] [WARN] [1785623439.426984328] []: TF_OLD_DATA ignoring data from the past for frame base_link at time 5.616000 according to authority Authority undetectable
[bt_navigator-14] Possible reasons are listed at http://wiki.ros.org/tf/Errors%20explained
[controller_server-9] [WARN] [1785623439.427001782] []: TF_OLD_DATA ignoring data from the past for frame base_link at time 5.616000 according to authority Authority undetectable
[controller_server-9] Possible reasons are listed at http://wiki.ros.org/tf/Errors%20explained
[smoother_server-10] [WARN] [1785623439.427004518] []: TF_OLD_DATA ignoring data from the past for frame base_link at time 5.616000 according to authority Authority undetectable
[smoother_server-10] Possible reasons are listed at http://wiki.ros.org/tf/Errors%20explained
[opennav_docking-18] [WARN] [1785623439.427003903] []: TF_OLD_DATA ignoring data from the past for frame base_link at time 22.464000 according to authority Authority undetectable
[opennav_docking-18] Possible reasons are listed at http://wiki.ros.org/tf/Errors%20explained
[opennav_docking-18] [WARN] [1785623439.427037797] []: TF_OLD_DATA ignoring data from the past for frame base_link at time 5.616000 according to authority Authority undetectable
[opennav_docking-18] Possible reasons are listed at http://wiki.ros.org/tf/Errors%20explained
[planner_server-11] [WARN] [1785623439.427021897] []: TF_OLD_DATA ignoring data from the past for frame base_link at time 5.616000 according to authority Authority undetectable
[planner_server-11] Possible reasons are listed at http://wiki.ros.org/tf/Errors%20explained
[behavior_server-13] [WARN] [1785623439.427020286] []: TF_OLD_DATA ignoring data from the past for frame base_link at time 5.616000 according to authority Authority undetectable
[behavior_server-13] Possible reasons are listed at http://wiki.ros.org/tf/Errors%20explained
[collision_monitor-17] [WARN] [1785623439.427080675] []: TF_OLD_DATA ignoring data from the past for frame base_link at time 5.616000 according to authority Authority undetectable
[collision_monitor-17] Possible reasons are listed at http://wiki.ros.org/tf/Errors%20explained
[route_server-12] [WARN] [1785623439.427071582] []: TF_OLD_DATA ignoring data from the past for frame base_link at time 5.616000 according to authority Authority undetectable
[route_server-12] Possible reasons are listed at http://wiki.ros.org/tf/Errors%20explained
[amcl-7] [WARN] [1785623439.427255066] []: TF_OLD_DATA ignoring data from the past for frame base_link at time 5.616000 according to authority Authority undetectable
[amcl-7] Possible reasons are listed at http://wiki.ros.org/tf/Errors%20explained
[amcl-7] [WARN] [1785623439.461978767] []: TF_OLD_DATA ignoring data from the past for frame base_link at time 22.500000 according to authority Authority undetectable
[amcl-7] Possible reasons are listed at http://wiki.ros.org/tf/Errors%20explained
[collision_monitor-17] [WARN] [1785623439.462003968] []: TF_OLD_DATA ignoring data from the past for frame base_link at time 22.500000 according to authority Authority undetectable
[collision_monitor-17] Possible reasons are listed at http://wiki.ros.org/tf/Errors%20explained
[route_server-12] [WARN] [1785623439.462001582] []: TF_OLD_DATA ignoring data from the past for frame base_link at time 22.500000 according to authority Authority undetectable
[route_server-12] Possible reasons are listed at http://wiki.ros.org/tf/Errors%20explained
[bt_navigator-14] [WARN] [1785623439.462001525] []: TF_OLD_DATA ignoring data from the past for frame base_link at time 22.500000 according to authority Authority undetectable
[bt_navigator-14] Possible reasons are listed at http://wiki.ros.org/tf/Errors%20explained
[controller_server-9] [WARN] [1785623439.462011124] []: TF_OLD_DATA ignoring data from the past for frame base_link at time 22.500000 according to authority Authority undetectable
[controller_server-9] Possible reasons are listed at http://wiki.ros.org/tf/Errors%20explained
[smoother_server-10] [WARN] [1785623439.462031830] []: TF_OLD_DATA ignoring data from the past for frame base_link at time 22.500000 according to authority Authority undetectable
[smoother_server-10] Possible reasons are listed at http://wiki.ros.org/tf/Errors%20explained
[opennav_docking-18] [WARN] [1785623439.462047644] []: TF_OLD_DATA ignoring data from the past for frame base_link at time 22.500000 according to authority Authority undetectable
[opennav_docking-18] Possible reasons are listed at http://wiki.ros.org/tf/Errors%20explained
[planner_server-11] [WARN] [1785623439.462056965] []: TF_OLD_DATA ignoring data from the past for frame base_link at time 22.500000 according to authority Authority undetectable
[planner_server-11] Possible reasons are listed at http://wiki.ros.org/tf/Errors%20explained
[behavior_server-13] [WARN] [1785623439.462077376] []: TF_OLD_DATA ignoring data from the past for frame base_link at time 22.500000 according to authority Authority undetectable
[behavior_server-13] Possible reasons are listed at http://wiki.ros.org/tf/Errors%20explained
[smoother_server-10] [WARN] [1785623439.462800726] []: TF_OLD_DATA ignoring data from the past for frame base_link at time 5.652000 according to authority Authority undetectable
[smoother_server-10] Possible reasons are listed at http://wiki.ros.org/tf/Errors%20explained
[route_server-12] [WARN] [1785623439.462809586] []: TF_OLD_DATA ignoring data from the past for frame base_link at time 5.652000 according to authority Authority undetectable
[route_server-12] Possible reasons are listed at http://wiki.ros.org/tf/Errors%20explained
[planner_server-11] [WARN] [1785623439.462809774] []: TF_OLD_DATA ignoring data from the past for frame base_link at time 5.652000 according to authority Authority undetectable
[planner_server-11] Possible reasons are listed at http://wiki.ros.org/tf/Errors%20explained
[amcl-7] [WARN] [1785623439.462822303] []: TF_OLD_DATA ignoring data from the past for frame base_link at time 5.652000 according to authority Authority undetectable
[amcl-7] Possible reasons are listed at http://wiki.ros.org/tf/Errors%20explained
[bt_navigator-14] [WARN] [1785623439.462820817] []: TF_OLD_DATA ignoring data from the past for frame base_link at time 5.652000 according to authority Authority undetectable
[bt_navigator-14] Possible reasons are listed at http://wiki.ros.org/tf/Errors%20explained
[controller_server-9] [WARN] [1785623439.462829892] []: TF_OLD_DATA ignoring data from the past for frame base_link at time 5.652000 according to authority Authority undetectable
[controller_server-9] Possible reasons are listed at http://wiki.ros.org/tf/Errors%20explained
[behavior_server-13] [WARN] [1785623439.462861340] []: TF_OLD_DATA ignoring data from the past for frame base_link at time 5.652000 according to authority Authority undetectable
[behavior_server-13] Possible reasons are listed at http://wiki.ros.org/tf/Errors%20explained
[opennav_docking-18] [WARN] [1785623439.462902550] []: TF_OLD_DATA ignoring data from the past for frame base_link at time 5.652000 according to authority Authority undetectable
[opennav_docking-18] Possible reasons are listed at http://wiki.ros.org/tf/Errors%20explained
[collision_monitor-17] [WARN] [1785623439.462945023] []: TF_OLD_DATA ignoring data from the past for frame base_link at time 5.652000 according to authority Authority undetectable
[collision_monitor-17] Possible reasons are listed at http://wiki.ros.org/tf/Errors%20explained
[bt_navigator-14] [WARN] [1785623439.497882230] []: TF_OLD_DATA ignoring data from the past for frame base_link at time 22.536000 according to authority Authority undetectable
[bt_navigator-14] Possible reasons are listed at http://wiki.ros.org/tf/Errors%20explained
[controller_server-9] [WARN] [1785623439.497892449] []: TF_OLD_DATA ignoring data from the past for frame base_link at time 22.536000 according to authority Authority undetectable
[controller_server-9] Possible reasons are listed at http://wiki.ros.org/tf/Errors%20explained
[behavior_server-13] [WARN] [1785623439.497893951] []: TF_OLD_DATA ignoring data from the past for frame base_link at time 22.536000 according to authority Authority undetectable
[behavior_server-13] Possible reasons are listed at http://wiki.ros.org/tf/Errors%20explained
[smoother_server-10] [WARN] [1785623439.497909891] []: TF_OLD_DATA ignoring data from the past for frame base_link at time 22.536000 according to authority Authority undetectable
[smoother_server-10] Possible reasons are listed at http://wiki.ros.org/tf/Errors%20explained
[collision_monitor-17] [WARN] [1785623439.497915289] []: TF_OLD_DATA ignoring data from the past for frame base_link at time 22.536000 according to authority Authority undetectable
[collision_monitor-17] Possible reasons are listed at http://wiki.ros.org/tf/Errors%20explained
[amcl-7] [WARN] [1785623439.497917645] []: TF_OLD_DATA ignoring data from the past for frame base_link at time 22.536000 according to authority Authority undetectable
[amcl-7] Possible reasons are listed at http://wiki.ros.org/tf/Errors%20explained
[opennav_docking-18] [WARN] [1785623439.497942813] []: TF_OLD_DATA ignoring data from the past for frame base_link at time 22.536000 according to authority Authority undetectable
[opennav_docking-18] Possible reasons are listed at http://wiki.ros.org/tf/Errors%20explained
[route_server-12] [WARN] [1785623439.497950499] []: TF_OLD_DATA ignoring data from the past for frame base_link at time 22.536000 according to authority Authority undetectable
[route_server-12] Possible reasons are listed at http://wiki.ros.org/tf/Errors%20explained
[planner_server-11] [WARN] [1785623439.497970463] []: TF_OLD_DATA ignoring data from the past for frame base_link at time 22.536000 according to authority Authority undetectable
[planner_server-11] Possible reasons are listed at http://wiki.ros.org/tf/Errors%20explained
[controller_server-9] [WARN] [1785623439.498736740] []: TF_OLD_DATA ignoring data from the past for frame base_link at time 5.688000 according to authority Authority undetectable
[controller_server-9] Possible reasons are listed at http://wiki.ros.org/tf/Errors%20explained
[smoother_server-10] [WARN] [1785623439.498748697] []: TF_OLD_DATA ignoring data from the past for frame base_link at time 5.688000 according to authority Authority undetectable
[smoother_server-10] Possible reasons are listed at http://wiki.ros.org/tf/Errors%20explained
[amcl-7] [WARN] [1785623439.498792322] []: TF_OLD_DATA ignoring data from the past for frame base_link at time 5.688000 according to authority Authority undetectable
[amcl-7] Possible reasons are listed at http://wiki.ros.org/tf/Errors%20explained
[planner_server-11] [WARN] [1785623439.498806366] []: TF_OLD_DATA ignoring data from the past for frame base_link at time 5.688000 according to authority Authority undetectable
[planner_server-11] Possible reasons are listed at http://wiki.ros.org/tf/Errors%20explained
[route_server-12] [WARN] [1785623439.498847328] []: TF_OLD_DATA ignoring data from the past for frame base_link at time 5.688000 according to authority Authority undetectable
[route_server-12] Possible reasons are listed at http://wiki.ros.org/tf/Errors%20explained
[collision_monitor-17] [WARN] [1785623439.498847936] []: TF_OLD_DATA ignoring data from the past for frame base_link at time 5.688000 according to authority Authority undetectable
[collision_monitor-17] Possible reasons are listed at http://wiki.ros.org/tf/Errors%20explained
[bt_navigator-14] [WARN] [1785623439.498858009] []: TF_OLD_DATA ignoring data from the past for frame base_link at time 5.688000 according to authority Authority undetectable
[bt_navigator-14] Possible reasons are listed at http://wiki.ros.org/tf/Errors%20explained
[behavior_server-13] [WARN] [1785623439.498912428] []: TF_OLD_DATA ignoring data from the past for frame base_link at time 5.688000 according to authority Authority undetectable
[behavior_server-13] Possible reasons are listed at http://wiki.ros.org/tf/Errors%20explained
[opennav_docking-18] [WARN] [1785623439.499273271] []: TF_OLD_DATA ignoring data from the past for frame base_link at time 5.688000 according to authority Authority undetectable
[opennav_docking-18] Possible reasons are listed at http://wiki.ros.org/tf/Errors%20explained
[smoother_server-10] [WARN] [1785623439.533865631] []: TF_OLD_DATA ignoring data from the past for frame base_link at time 22.572000 according to authority Authority undetectable
[smoother_server-10] Possible reasons are listed at http://wiki.ros.org/tf/Errors%20explained
[planner_server-11] [WARN] [1785623439.533874413] []: TF_OLD_DATA ignoring data from the past for frame base_link at time 22.572000 according to authority Authority undetectable
[planner_server-11] Possible reasons are listed at http://wiki.ros.org/tf/Errors%20explained
[route_server-12] [WARN] [1785623439.534005038] []: TF_OLD_DATA ignoring data from the past for frame base_link at time 22.572000 according to authority Authority undetectable
[route_server-12] Possible reasons are listed at http://wiki.ros.org/tf/Errors%20explained
[amcl-7] [WARN] [1785623439.534042505] []: TF_OLD_DATA ignoring data from the past for frame base_link at time 22.572000 according to authority Authority undetectable
[amcl-7] Possible reasons are listed at http://wiki.ros.org/tf/Errors%20explained
[collision_monitor-17] [WARN] [1785623439.534058493] []: TF_OLD_DATA ignoring data from the past for frame base_link at time 22.572000 according to authority Authority undetectable
[collision_monitor-17] Possible reasons are listed at http://wiki.ros.org/tf/Errors%20explained
[behavior_server-13] [WARN] [1785623439.534063138] []: TF_OLD_DATA ignoring data from the past for frame base_link at time 22.572000 according to authority Authority undetectable
[behavior_server-13] Possible reasons are listed at http://wiki.ros.org/tf/Errors%20explained
[controller_server-9] [WARN] [1785623439.534091765] []: TF_OLD_DATA ignoring data from the past for frame base_link at time 22.572000 according to authority Authority undetectable
[controller_server-9] Possible reasons are listed at http://wiki.ros.org/tf/Errors%20explained
[opennav_docking-18] [WARN] [1785623439.534117446] []: TF_OLD_DATA ignoring data from the past for frame base_link at time 22.572000 according to authority Authority undetectable
[opennav_docking-18] Possible reasons are listed at http://wiki.ros.org/tf/Errors%20explained
[bt_navigator-14] [WARN] [1785623439.534364747] []: TF_OLD_DATA ignoring data from the past for frame base_link at time 22.572000 according to authority Authority undetectable
[bt_navigator-14] Possible reasons are listed at http://wiki.ros.org/tf/Errors%20explained
[smoother_server-10] [WARN] [1785623439.535140003] []: TF_OLD_DATA ignoring data from the past for frame base_link at time 5.724000 according to authority Authority undetectable
[smoother_server-10] Possible reasons are listed at http://wiki.ros.org/tf/Errors%20explained
[route_server-12] [WARN] [1785623439.535140048] []: TF_OLD_DATA ignoring data from the past for frame base_link at time 5.724000 according to authority Authority undetectable
[route_server-12] Possible reasons are listed at http://wiki.ros.org/tf/Errors%20explained
[opennav_docking-18] [WARN] [1785623439.535145561] []: TF_OLD_DATA ignoring data from the past for frame base_link at time 5.724000 according to authority Authority undetectable
[opennav_docking-18] Possible reasons are listed at http://wiki.ros.org/tf/Errors%20explained
[bt_navigator-14] [WARN] [1785623439.535157683] []: TF_OLD_DATA ignoring data from the past for frame base_link at time 5.724000 according to authority Authority undetectable
[bt_navigator-14] Possible reasons are listed at http://wiki.ros.org/tf/Errors%20explained
[planner_server-11] [WARN] [1785623439.535179392] []: TF_OLD_DATA ignoring data from the past for frame base_link at time 5.724000 according to authority Authority undetectable
[planner_server-11] Possible reasons are listed at http://wiki.ros.org/tf/Errors%20explained
[controller_server-9] [WARN] [1785623439.535222255] []: TF_OLD_DATA ignoring data from the past for frame base_link at time 5.724000 according to authority Authority undetectable
[controller_server-9] Possible reasons are listed at http://wiki.ros.org/tf/Errors%20explained
[collision_monitor-17] [WARN] [1785623439.535231265] []: TF_OLD_DATA ignoring data from the past for frame base_link at time 5.724000 according to authority Authority undetectable
[collision_monitor-17] Possible reasons are listed at http://wiki.ros.org/tf/Errors%20explained
[behavior_server-13] [WARN] [1785623439.535298088] []: TF_OLD_DATA ignoring data from the past for frame base_link at time 5.724000 according to authority Authority undetectable
[behavior_server-13] Possible reasons are listed at http://wiki.ros.org/tf/Errors%20explained
[amcl-7] [WARN] [1785623439.535342864] []: TF_OLD_DATA ignoring data from the past for frame base_link at time 5.724000 according to authority Authority undetectable
[amcl-7] Possible reasons are listed at http://wiki.ros.org/tf/Errors%20explained
[planner_server-11] [WARN] [1785623439.570022723] []: TF_OLD_DATA ignoring data from the past for frame base_link at time 22.608000 according to authority Authority undetectable
[planner_server-11] Possible reasons are listed at http://wiki.ros.org/tf/Errors%20explained
[bt_navigator-14] [WARN] [1785623439.570057324] []: TF_OLD_DATA ignoring data from the past for frame base_link at time 22.608000 according to authority Authority undetectable
[bt_navigator-14] Possible reasons are listed at http://wiki.ros.org/tf/Errors%20explained
[amcl-7] [WARN] [1785623439.570128720] []: TF_OLD_DATA ignoring data from the past for frame base_link at time 22.608000 according to authority Authority undetectable
[amcl-7] Possible reasons are listed at http://wiki.ros.org/tf/Errors%20explained
[collision_monitor-17] [WARN] [1785623439.570126854] []: TF_OLD_DATA ignoring data from the past for frame base_link at time 22.608000 according to authority Authority undetectable
[collision_monitor-17] Possible reasons are listed at http://wiki.ros.org/tf/Errors%20explained
[controller_server-9] [WARN] [1785623439.570132106] []: TF_OLD_DATA ignoring data from the past for frame base_link at time 22.608000 according to authority Authority undetectable
[controller_server-9] Possible reasons are listed at http://wiki.ros.org/tf/Errors%20explained
[route_server-12] [WARN] [1785623439.570161333] []: TF_OLD_DATA ignoring data from the past for frame base_link at time 22.608000 according to authority Authority undetectable
[route_server-12] Possible reasons are listed at http://wiki.ros.org/tf/Errors%20explained
[opennav_docking-18] [WARN] [1785623439.570180876] []: TF_OLD_DATA ignoring data from the past for frame base_link at time 22.608000 according to authority Authority undetectable
[opennav_docking-18] Possible reasons are listed at http://wiki.ros.org/tf/Errors%20explained
[behavior_server-13] [WARN] [1785623439.570244626] []: TF_OLD_DATA ignoring data from the past for frame base_link at time 22.608000 according to authority Authority undetectable
[behavior_server-13] Possible reasons are listed at http://wiki.ros.org/tf/Errors%20explained
[smoother_server-10] [WARN] [1785623439.570803300] []: TF_OLD_DATA ignoring data from the past for frame base_link at time 22.608000 according to authority Authority undetectable
[smoother_server-10] Possible reasons are listed at http://wiki.ros.org/tf/Errors%20explained
[amcl-7] [WARN] [1785623439.571850503] []: TF_OLD_DATA ignoring data from the past for frame base_link at time 5.760000 according to authority Authority undetectable
[amcl-7] Possible reasons are listed at http://wiki.ros.org/tf/Errors%20explained
[smoother_server-10] [WARN] [1785623439.571913567] []: TF_OLD_DATA ignoring data from the past for frame base_link at time 5.760000 according to authority Authority undetectable
[smoother_server-10] Possible reasons are listed at http://wiki.ros.org/tf/Errors%20explained
[planner_server-11] [WARN] [1785623439.571939736] []: TF_OLD_DATA ignoring data from the past for frame base_link at time 5.760000 according to authority Authority undetectable
[planner_server-11] Possible reasons are listed at http://wiki.ros.org/tf/Errors%20explained
[behavior_server-13] [WARN] [1785623439.571955891] []: TF_OLD_DATA ignoring data from the past for frame base_link at time 5.760000 according to authority Authority undetectable
[behavior_server-13] Possible reasons are listed at http://wiki.ros.org/tf/Errors%20explained
[collision_monitor-17] [WARN] [1785623439.572019241] []: TF_OLD_DATA ignoring data from the past for frame base_link at time 5.760000 according to authority Authority undetectable
[collision_monitor-17] Possible reasons are listed at http://wiki.ros.org/tf/Errors%20explained
[route_server-12] [WARN] [1785623439.572072567] []: TF_OLD_DATA ignoring data from the past for frame base_link at time 5.760000 according to authority Authority undetectable
[route_server-12] Possible reasons are listed at http://wiki.ros.org/tf/Errors%20explained
[opennav_docking-18] [WARN] [1785623439.572116319] []: TF_OLD_DATA ignoring data from the past for frame base_link at time 5.760000 according to authority Authority undetectable
[opennav_docking-18] Possible reasons are listed at http://wiki.ros.org/tf/Errors%20explained
[bt_navigator-14] [WARN] [1785623439.572158828] []: TF_OLD_DATA ignoring data from the past for frame base_link at time 5.760000 according to authority Authority undetectable
[bt_navigator-14] Possible reasons are listed at http://wiki.ros.org/tf/Errors%20explained
[controller_server-9] [WARN] [1785623439.572749575] []: TF_OLD_DATA ignoring data from the past for frame base_link at time 5.760000 according to authority Authority undetectable
[controller_server-9] Possible reasons are listed at http://wiki.ros.org/tf/Errors%20explained
[amcl-7] [INFO] [1785623439.597105861] [amcl]: Message Filter dropping message: frame 'laser' at time 22.626 for reason 'the timestamp on the message is earlier than all the data in the transform cache'
[amcl-7] [WARN] [1785623439.606024113] []: TF_OLD_DATA ignoring data from the past for frame base_link at time 22.644000 according to authority Authority undetectable
[amcl-7] Possible reasons are listed at http://wiki.ros.org/tf/Errors%20explained
[smoother_server-10] [WARN] [1785623439.606024194] []: TF_OLD_DATA ignoring data from the past for frame base_link at time 22.644000 according to authority Authority undetectable
[smoother_server-10] Possible reasons are listed at http://wiki.ros.org/tf/Errors%20explained
[route_server-12] [WARN] [1785623439.606039651] []: TF_OLD_DATA ignoring data from the past for frame base_link at time 22.644000 according to authority Authority undetectable
[route_server-12] Possible reasons are listed at http://wiki.ros.org/tf/Errors%20explained
[bt_navigator-14] [WARN] [1785623439.606056285] []: TF_OLD_DATA ignoring data from the past for frame base_link at time 22.644000 according to authority Authority undetectable
[bt_navigator-14] Possible reasons are listed at http://wiki.ros.org/tf/Errors%20explained
[controller_server-9] [WARN] [1785623439.606060463] []: TF_OLD_DATA ignoring data from the past for frame base_link at time 22.644000 according to authority Authority undetectable
[controller_server-9] Possible reasons are listed at http://wiki.ros.org/tf/Errors%20explained
[opennav_docking-18] [WARN] [1785623439.606086321] []: TF_OLD_DATA ignoring data from the past for frame base_link at time 22.644000 according to authority Authority undetectable
[opennav_docking-18] Possible reasons are listed at http://wiki.ros.org/tf/Errors%20explained
[behavior_server-13] [WARN] [1785623439.606120080] []: TF_OLD_DATA ignoring data from the past for frame base_link at time 22.644000 according to authority Authority undetectable
[behavior_server-13] Possible reasons are listed at http://wiki.ros.org/tf/Errors%20explained
[collision_monitor-17] [WARN] [1785623439.606120927] []: TF_OLD_DATA ignoring data from the past for frame base_link at time 22.644000 according to authority Authority undetectable
[collision_monitor-17] Possible reasons are listed at http://wiki.ros.org/tf/Errors%20explained
[planner_server-11] [WARN] [1785623439.606128627] []: TF_OLD_DATA ignoring data from the past for frame base_link at time 22.644000 according to authority Authority undetectable
[planner_server-11] Possible reasons are listed at http://wiki.ros.org/tf/Errors%20explained
[controller_server-9] [WARN] [1785623439.606919805] []: TF_OLD_DATA ignoring data from the past for frame base_link at time 5.796000 according to authority Authority undetectable
[controller_server-9] Possible reasons are listed at http://wiki.ros.org/tf/Errors%20explained
[smoother_server-10] [WARN] [1785623439.606937774] []: TF_OLD_DATA ignoring data from the past for frame base_link at time 5.796000 according to authority Authority undetectable
[smoother_server-10] Possible reasons are listed at http://wiki.ros.org/tf/Errors%20explained
[planner_server-11] [WARN] [1785623439.606941670] []: TF_OLD_DATA ignoring data from the past for frame base_link at time 5.796000 according to authority Authority undetectable
[planner_server-11] Possible reasons are listed at http://wiki.ros.org/tf/Errors%20explained
[bt_navigator-14] [WARN] [1785623439.606951541] []: TF_OLD_DATA ignoring data from the past for frame base_link at time 5.796000 according to authority Authority undetectable
[bt_navigator-14] Possible reasons are listed at http://wiki.ros.org/tf/Errors%20explained
[amcl-7] [WARN] [1785623439.606964820] []: TF_OLD_DATA ignoring data from the past for frame base_link at time 5.796000 according to authority Authority undetectable
[amcl-7] Possible reasons are listed at http://wiki.ros.org/tf/Errors%20explained
[collision_monitor-17] [WARN] [1785623439.606970965] []: TF_OLD_DATA ignoring data from the past for frame base_link at time 5.796000 according to authority Authority undetectable
[collision_monitor-17] Possible reasons are listed at http://wiki.ros.org/tf/Errors%20explained
[route_server-12] [WARN] [1785623439.606987847] []: TF_OLD_DATA ignoring data from the past for frame base_link at time 5.796000 according to authority Authority undetectable
[route_server-12] Possible reasons are listed at http://wiki.ros.org/tf/Errors%20explained
[opennav_docking-18] [WARN] [1785623439.607021343] []: TF_OLD_DATA ignoring data from the past for frame base_link at time 5.796000 according to authority Authority undetectable
[opennav_docking-18] Possible reasons are listed at http://wiki.ros.org/tf/Errors%20explained
[behavior_server-13] [WARN] [1785623439.607069211] []: TF_OLD_DATA ignoring data from the past for frame base_link at time 5.796000 according to authority Authority undetectable
[behavior_server-13] Possible reasons are listed at http://wiki.ros.org/tf/Errors%20explained
[planner_server-11] [WARN] [1785623439.641982425] []: TF_OLD_DATA ignoring data from the past for frame base_link at time 22.680000 according to authority Authority undetectable
[planner_server-11] Possible reasons are listed at http://wiki.ros.org/tf/Errors%20explained
[controller_server-9] [WARN] [1785623439.641998105] []: TF_OLD_DATA ignoring data from the past for frame base_link at time 22.680000 according to authority Authority undetectable
[controller_server-9] Possible reasons are listed at http://wiki.ros.org/tf/Errors%20explained
[smoother_server-10] [WARN] [1785623439.642056540] []: TF_OLD_DATA ignoring data from the past for frame base_link at time 22.680000 according to authority Authority undetectable
[smoother_server-10] Possible reasons are listed at http://wiki.ros.org/tf/Errors%20explained
[amcl-7] [WARN] [1785623439.642064787] []: TF_OLD_DATA ignoring data from the past for frame base_link at time 22.680000 according to authority Authority undetectable
[amcl-7] Possible reasons are listed at http://wiki.ros.org/tf/Errors%20explained
[collision_monitor-17] [WARN] [1785623439.642093627] []: TF_OLD_DATA ignoring data from the past for frame base_link at time 22.680000 according to authority Authority undetectable
[collision_monitor-17] Possible reasons are listed at http://wiki.ros.org/tf/Errors%20explained
[route_server-12] [WARN] [1785623439.642103503] []: TF_OLD_DATA ignoring data from the past for frame base_link at time 22.680000 according to authority Authority undetectable
[route_server-12] Possible reasons are listed at http://wiki.ros.org/tf/Errors%20explained
[behavior_server-13] [WARN] [1785623439.642119883] []: TF_OLD_DATA ignoring data from the past for frame base_link at time 22.680000 according to authority Authority undetectable
[behavior_server-13] Possible reasons are listed at http://wiki.ros.org/tf/Errors%20explained
[bt_navigator-14] [WARN] [1785623439.642164712] []: TF_OLD_DATA ignoring data from the past for frame base_link at time 22.680000 according to authority Authority undetectable
[bt_navigator-14] Possible reasons are listed at http://wiki.ros.org/tf/Errors%20explained
[opennav_docking-18] [WARN] [1785623439.642173629] []: TF_OLD_DATA ignoring data from the past for frame base_link at time 22.680000 according to authority Authority undetectable
[opennav_docking-18] Possible reasons are listed at http://wiki.ros.org/tf/Errors%20explained
[route_server-12] [WARN] [1785623439.642999179] []: TF_OLD_DATA ignoring data from the past for frame base_link at time 5.832000 according to authority Authority undetectable
[route_server-12] Possible reasons are listed at http://wiki.ros.org/tf/Errors%20explained
[planner_server-11] [WARN] [1785623439.642999634] []: TF_OLD_DATA ignoring data from the past for frame base_link at time 5.832000 according to authority Authority undetectable
[planner_server-11] Possible reasons are listed at http://wiki.ros.org/tf/Errors%20explained
[collision_monitor-17] [WARN] [1785623439.643004762] []: TF_OLD_DATA ignoring data from the past for frame base_link at time 5.832000 according to authority Authority undetectable
[collision_monitor-17] Possible reasons are listed at http://wiki.ros.org/tf/Errors%20explained
[bt_navigator-14] [WARN] [1785623439.643014856] []: TF_OLD_DATA ignoring data from the past for frame base_link at time 5.832000 according to authority Authority undetectable
[bt_navigator-14] Possible reasons are listed at http://wiki.ros.org/tf/Errors%20explained
[amcl-7] [WARN] [1785623439.643030002] []: TF_OLD_DATA ignoring data from the past for frame base_link at time 5.832000 according to authority Authority undetectable
[amcl-7] Possible reasons are listed at http://wiki.ros.org/tf/Errors%20explained
[behavior_server-13] [WARN] [1785623439.643032257] []: TF_OLD_DATA ignoring data from the past for frame base_link at time 5.832000 according to authority Authority undetectable
[behavior_server-13] Possible reasons are listed at http://wiki.ros.org/tf/Errors%20explained
[controller_server-9] [WARN] [1785623439.643043879] []: TF_OLD_DATA ignoring data from the past for frame base_link at time 5.832000 according to authority Authority undetectable
[controller_server-9] Possible reasons are listed at http://wiki.ros.org/tf/Errors%20explained
[smoother_server-10] [WARN] [1785623439.643048317] []: TF_OLD_DATA ignoring data from the past for frame base_link at time 5.832000 according to authority Authority undetectable
[smoother_server-10] Possible reasons are listed at http://wiki.ros.org/tf/Errors%20explained
[opennav_docking-18] [WARN] [1785623439.643085463] []: TF_OLD_DATA ignoring data from the past for frame base_link at time 5.832000 according to authority Authority undetectable
[opennav_docking-18] Possible reasons are listed at http://wiki.ros.org/tf/Errors%20explained
[smoother_server-10] [INFO] [1785623439.670646339] [smoother_server]: Received a path to smooth.
[smoother_server-10] [WARN] [1785623439.677964744] []: TF_OLD_DATA ignoring data from the past for frame base_link at time 22.716000 according to authority Authority undetectable
[smoother_server-10] Possible reasons are listed at http://wiki.ros.org/tf/Errors%20explained
[amcl-7] [WARN] [1785623439.677964698] []: TF_OLD_DATA ignoring data from the past for frame base_link at time 22.716000 according to authority Authority undetectable
[amcl-7] Possible reasons are listed at http://wiki.ros.org/tf/Errors%20explained
[planner_server-11] [WARN] [1785623439.677970077] []: TF_OLD_DATA ignoring data from the past for frame base_link at time 22.716000 according to authority Authority undetectable
[planner_server-11] Possible reasons are listed at http://wiki.ros.org/tf/Errors%20explained
[bt_navigator-14] [WARN] [1785623439.677975892] []: TF_OLD_DATA ignoring data from the past for frame base_link at time 22.716000 according to authority Authority undetectable
[bt_navigator-14] Possible reasons are listed at http://wiki.ros.org/tf/Errors%20explained
[controller_server-9] [WARN] [1785623439.677984559] []: TF_OLD_DATA ignoring data from the past for frame base_link at time 22.716000 according to authority Authority undetectable
[controller_server-9] Possible reasons are listed at http://wiki.ros.org/tf/Errors%20explained
[opennav_docking-18] [WARN] [1785623439.678005147] []: TF_OLD_DATA ignoring data from the past for frame base_link at time 22.716000 according to authority Authority undetectable
[opennav_docking-18] Possible reasons are listed at http://wiki.ros.org/tf/Errors%20explained
[collision_monitor-17] [WARN] [1785623439.678007689] []: TF_OLD_DATA ignoring data from the past for frame base_link at time 22.716000 according to authority Authority undetectable
[collision_monitor-17] Possible reasons are listed at http://wiki.ros.org/tf/Errors%20explained
[behavior_server-13] [WARN] [1785623439.678028435] []: TF_OLD_DATA ignoring data from the past for frame base_link at time 22.716000 according to authority Authority undetectable
[behavior_server-13] Possible reasons are listed at http://wiki.ros.org/tf/Errors%20explained
[route_server-12] [WARN] [1785623439.678091903] []: TF_OLD_DATA ignoring data from the past for frame base_link at time 22.716000 according to authority Authority undetectable
[route_server-12] Possible reasons are listed at http://wiki.ros.org/tf/Errors%20explained
[planner_server-11] [WARN] [1785623439.678740218] []: TF_OLD_DATA ignoring data from the past for frame base_link at time 5.868000 according to authority Authority undetectable
[planner_server-11] Possible reasons are listed at http://wiki.ros.org/tf/Errors%20explained
[route_server-12] [WARN] [1785623439.678749657] []: TF_OLD_DATA ignoring data from the past for frame base_link at time 5.868000 according to authority Authority undetectable
[route_server-12] Possible reasons are listed at http://wiki.ros.org/tf/Errors%20explained
[amcl-7] [WARN] [1785623439.678746880] []: TF_OLD_DATA ignoring data from the past for frame base_link at time 5.868000 according to authority Authority undetectable
[amcl-7] Possible reasons are listed at http://wiki.ros.org/tf/Errors%20explained
[opennav_docking-18] [WARN] [1785623439.678751075] []: TF_OLD_DATA ignoring data from the past for frame base_link at time 5.868000 according to authority Authority undetectable
[opennav_docking-18] Possible reasons are listed at http://wiki.ros.org/tf/Errors%20explained
[smoother_server-10] [WARN] [1785623439.678746321] []: TF_OLD_DATA ignoring data from the past for frame base_link at time 5.868000 according to authority Authority undetectable
[smoother_server-10] Possible reasons are listed at http://wiki.ros.org/tf/Errors%20explained
[behavior_server-13] [WARN] [1785623439.678797792] []: TF_OLD_DATA ignoring data from the past for frame base_link at time 5.868000 according to authority Authority undetectable
[behavior_server-13] Possible reasons are listed at http://wiki.ros.org/tf/Errors%20explained
[bt_navigator-14] [WARN] [1785623439.678817107] []: TF_OLD_DATA ignoring data from the past for frame base_link at time 5.868000 according to authority Authority undetectable
[bt_navigator-14] Possible reasons are listed at http://wiki.ros.org/tf/Errors%20explained
[controller_server-9] [WARN] [1785623439.679206342] []: TF_OLD_DATA ignoring data from the past for frame base_link at time 5.868000 according to authority Authority undetectable
[controller_server-9] Possible reasons are listed at http://wiki.ros.org/tf/Errors%20explained
[collision_monitor-17] [WARN] [1785623439.679240431] []: TF_OLD_DATA ignoring data from the past for frame base_link at time 5.868000 according to authority Authority undetectable
[collision_monitor-17] Possible reasons are listed at http://wiki.ros.org/tf/Errors%20explained
[planner_server-11] [WARN] [1785623439.714015043] []: TF_OLD_DATA ignoring data from the past for frame base_link at time 22.752000 according to authority Authority undetectable
[planner_server-11] Possible reasons are listed at http://wiki.ros.org/tf/Errors%20explained
[smoother_server-10] [WARN] [1785623439.714028812] []: TF_OLD_DATA ignoring data from the past for frame base_link at time 22.752000 according to authority Authority undetectable
[smoother_server-10] Possible reasons are listed at http://wiki.ros.org/tf/Errors%20explained
[amcl-7] [WARN] [1785623439.714029079] []: TF_OLD_DATA ignoring data from the past for frame base_link at time 22.752000 according to authority Authority undetectable
[amcl-7] Possible reasons are listed at http://wiki.ros.org/tf/Errors%20explained
[controller_server-9] [WARN] [1785623439.714051246] []: TF_OLD_DATA ignoring data from the past for frame base_link at time 22.752000 according to authority Authority undetectable
[controller_server-9] Possible reasons are listed at http://wiki.ros.org/tf/Errors%20explained
[bt_navigator-14] [WARN] [1785623439.714059299] []: TF_OLD_DATA ignoring data from the past for frame base_link at time 22.752000 according to authority Authority undetectable
[bt_navigator-14] Possible reasons are listed at http://wiki.ros.org/tf/Errors%20explained
[opennav_docking-18] [WARN] [1785623439.714064793] []: TF_OLD_DATA ignoring data from the past for frame base_link at time 22.752000 according to authority Authority undetectable
[opennav_docking-18] Possible reasons are listed at http://wiki.ros.org/tf/Errors%20explained
[behavior_server-13] [WARN] [1785623439.714076975] []: TF_OLD_DATA ignoring data from the past for frame base_link at time 22.752000 according to authority Authority undetectable
[behavior_server-13] Possible reasons are listed at http://wiki.ros.org/tf/Errors%20explained
[collision_monitor-17] [WARN] [1785623439.714110860] []: TF_OLD_DATA ignoring data from the past for frame base_link at time 22.752000 according to authority Authority undetectable
[collision_monitor-17] Possible reasons are listed at http://wiki.ros.org/tf/Errors%20explained
[route_server-12] [WARN] [1785623439.714130343] []: TF_OLD_DATA ignoring data from the past for frame base_link at time 22.752000 according to authority Authority undetectable
[route_server-12] Possible reasons are listed at http://wiki.ros.org/tf/Errors%20explained
[amcl-7] [WARN] [1785623439.714797030] []: TF_OLD_DATA ignoring data from the past for frame base_link at time 5.904000 according to authority Authority undetectable
[amcl-7] Possible reasons are listed at http://wiki.ros.org/tf/Errors%20explained
[bt_navigator-14] [WARN] [1785623439.714808469] []: TF_OLD_DATA ignoring data from the past for frame base_link at time 5.904000 according to authority Authority undetectable
[bt_navigator-14] Possible reasons are listed at http://wiki.ros.org/tf/Errors%20explained
[route_server-12] [WARN] [1785623439.714812730] []: TF_OLD_DATA ignoring data from the past for frame base_link at time 5.904000 according to authority Authority undetectable
[route_server-12] Possible reasons are listed at http://wiki.ros.org/tf/Errors%20explained
[behavior_server-13] [WARN] [1785623439.714819065] []: TF_OLD_DATA ignoring data from the past for frame base_link at time 5.904000 according to authority Authority undetectable
[behavior_server-13] Possible reasons are listed at http://wiki.ros.org/tf/Errors%20explained
[collision_monitor-17] [WARN] [1785623439.714850511] []: TF_OLD_DATA ignoring data from the past for frame base_link at time 5.904000 according to authority Authority undetectable
[collision_monitor-17] Possible reasons are listed at http://wiki.ros.org/tf/Errors%20explained
[opennav_docking-18] [WARN] [1785623439.714860453] []: TF_OLD_DATA ignoring data from the past for frame base_link at time 5.904000 according to authority Authority undetectable
[opennav_docking-18] Possible reasons are listed at http://wiki.ros.org/tf/Errors%20explained
[controller_server-9] [WARN] [1785623439.715530327] []: TF_OLD_DATA ignoring data from the past for frame base_link at time 5.904000 according to authority Authority undetectable
[controller_server-9] Possible reasons are listed at http://wiki.ros.org/tf/Errors%20explained
[smoother_server-10] [WARN] [1785623439.715596848] []: TF_OLD_DATA ignoring data from the past for frame base_link at time 5.904000 according to authority Authority undetectable
[smoother_server-10] Possible reasons are listed at http://wiki.ros.org/tf/Errors%20explained
[planner_server-11] [WARN] [1785623439.716152316] []: TF_OLD_DATA ignoring data from the past for frame base_link at time 5.904000 according to authority Authority undetectable
[planner_server-11] Possible reasons are listed at http://wiki.ros.org/tf/Errors%20explained
[planner_server-11] [WARN] [1785623439.750053701] []: TF_OLD_DATA ignoring data from the past for frame base_link at time 22.788000 according to authority Authority undetectable
[planner_server-11] Possible reasons are listed at http://wiki.ros.org/tf/Errors%20explained
[behavior_server-13] [WARN] [1785623439.750065850] []: TF_OLD_DATA ignoring data from the past for frame base_link at time 22.788000 according to authority Authority undetectable
[behavior_server-13] Possible reasons are listed at http://wiki.ros.org/tf/Errors%20explained
[opennav_docking-18] [WARN] [1785623439.750071535] []: TF_OLD_DATA ignoring data from the past for frame base_link at time 22.788000 according to authority Authority undetectable
[opennav_docking-18] Possible reasons are listed at http://wiki.ros.org/tf/Errors%20explained
[controller_server-9] [WARN] [1785623439.750071558] []: TF_OLD_DATA ignoring data from the past for frame base_link at time 22.788000 according to authority Authority undetectable
[controller_server-9] Possible reasons are listed at http://wiki.ros.org/tf/Errors%20explained
[amcl-7] [WARN] [1785623439.750082444] []: TF_OLD_DATA ignoring data from the past for frame base_link at time 22.788000 according to authority Authority undetectable
[amcl-7] Possible reasons are listed at http://wiki.ros.org/tf/Errors%20explained
[bt_navigator-14] [WARN] [1785623439.750085660] []: TF_OLD_DATA ignoring data from the past for frame base_link at time 22.788000 according to authority Authority undetectable
[bt_navigator-14] Possible reasons are listed at http://wiki.ros.org/tf/Errors%20explained
[smoother_server-10] [WARN] [1785623439.750102895] []: TF_OLD_DATA ignoring data from the past for frame base_link at time 22.788000 according to authority Authority undetectable
[smoother_server-10] Possible reasons are listed at http://wiki.ros.org/tf/Errors%20explained
[route_server-12] [WARN] [1785623439.750124307] []: TF_OLD_DATA ignoring data from the past for frame base_link at time 22.788000 according to authority Authority undetectable
[route_server-12] Possible reasons are listed at http://wiki.ros.org/tf/Errors%20explained
[collision_monitor-17] [WARN] [1785623439.750156675] []: TF_OLD_DATA ignoring data from the past for frame base_link at time 22.788000 according to authority Authority undetectable
[collision_monitor-17] Possible reasons are listed at http://wiki.ros.org/tf/Errors%20explained
[collision_monitor-17] [WARN] [1785623439.751000021] []: TF_OLD_DATA ignoring data from the past for frame base_link at time 5.940000 according to authority Authority undetectable
[collision_monitor-17] Possible reasons are listed at http://wiki.ros.org/tf/Errors%20explained
[behavior_server-13] [WARN] [1785623439.751004289] []: TF_OLD_DATA ignoring data from the past for frame base_link at time 5.940000 according to authority Authority undetectable
[behavior_server-13] Possible reasons are listed at http://wiki.ros.org/tf/Errors%20explained
[bt_navigator-14] [WARN] [1785623439.751020118] []: TF_OLD_DATA ignoring data from the past for frame base_link at time 5.940000 according to authority Authority undetectable
[bt_navigator-14] Possible reasons are listed at http://wiki.ros.org/tf/Errors%20explained
[planner_server-11] [WARN] [1785623439.751019376] []: TF_OLD_DATA ignoring data from the past for frame base_link at time 5.940000 according to authority Authority undetectable
[planner_server-11] Possible reasons are listed at http://wiki.ros.org/tf/Errors%20explained
[controller_server-9] [WARN] [1785623439.751034822] []: TF_OLD_DATA ignoring data from the past for frame base_link at time 5.940000 according to authority Authority undetectable
[controller_server-9] Possible reasons are listed at http://wiki.ros.org/tf/Errors%20explained
[amcl-7] [WARN] [1785623439.751065345] []: TF_OLD_DATA ignoring data from the past for frame base_link at time 5.940000 according to authority Authority undetectable
[amcl-7] Possible reasons are listed at http://wiki.ros.org/tf/Errors%20explained
[route_server-12] [WARN] [1785623439.751079459] []: TF_OLD_DATA ignoring data from the past for frame base_link at time 5.940000 according to authority Authority undetectable
[route_server-12] Possible reasons are listed at http://wiki.ros.org/tf/Errors%20explained
[opennav_docking-18] [WARN] [1785623439.751254425] []: TF_OLD_DATA ignoring data from the past for frame base_link at time 5.940000 according to authority Authority undetectable
[opennav_docking-18] Possible reasons are listed at http://wiki.ros.org/tf/Errors%20explained
[smoother_server-10] [WARN] [1785623439.751487188] []: TF_OLD_DATA ignoring data from the past for frame base_link at time 5.940000 according to authority Authority undetectable
[smoother_server-10] Possible reasons are listed at http://wiki.ros.org/tf/Errors%20explained
[smoother_server-10] [INFO] [1785623439.763701222] [smoother_server]: PSTMO: 10 corners, 10 G2, 0 pivots, 0 pass-through, 400 evaluations, 0.092887 s
[amcl-7] [WARN] [1785623439.785902184] []: TF_OLD_DATA ignoring data from the past for frame base_link at time 22.824000 according to authority Authority undetectable
[amcl-7] Possible reasons are listed at http://wiki.ros.org/tf/Errors%20explained
[controller_server-9] [WARN] [1785623439.785919580] []: TF_OLD_DATA ignoring data from the past for frame base_link at time 22.824000 according to authority Authority undetectable
[controller_server-9] Possible reasons are listed at http://wiki.ros.org/tf/Errors%20explained
[collision_monitor-17] [WARN] [1785623439.785950847] []: TF_OLD_DATA ignoring data from the past for frame base_link at time 22.824000 according to authority Authority undetectable
[collision_monitor-17] Possible reasons are listed at http://wiki.ros.org/tf/Errors%20explained
[behavior_server-13] [WARN] [1785623439.785956253] []: TF_OLD_DATA ignoring data from the past for frame base_link at time 22.824000 according to authority Authority undetectable
[behavior_server-13] Possible reasons are listed at http://wiki.ros.org/tf/Errors%20explained
[smoother_server-10] [WARN] [1785623439.785964554] []: TF_OLD_DATA ignoring data from the past for frame base_link at time 22.824000 according to authority Authority undetectable
[smoother_server-10] Possible reasons are listed at http://wiki.ros.org/tf/Errors%20explained
[route_server-12] [WARN] [1785623439.786011859] []: TF_OLD_DATA ignoring data from the past for frame base_link at time 22.824000 according to authority Authority undetectable
[route_server-12] Possible reasons are listed at http://wiki.ros.org/tf/Errors%20explained
[opennav_docking-18] [WARN] [1785623439.786017276] []: TF_OLD_DATA ignoring data from the past for frame base_link at time 22.824000 according to authority Authority undetectable
[opennav_docking-18] Possible reasons are listed at http://wiki.ros.org/tf/Errors%20explained
[bt_navigator-14] [WARN] [1785623439.786022639] []: TF_OLD_DATA ignoring data from the past for frame base_link at time 22.824000 according to authority Authority undetectable
[bt_navigator-14] Possible reasons are listed at http://wiki.ros.org/tf/Errors%20explained
[planner_server-11] [WARN] [1785623439.786089986] []: TF_OLD_DATA ignoring data from the past for frame base_link at time 22.824000 according to authority Authority undetectable
[planner_server-11] Possible reasons are listed at http://wiki.ros.org/tf/Errors%20explained
[controller_server-9] [WARN] [1785623439.787384859] []: TF_OLD_DATA ignoring data from the past for frame base_link at time 5.976000 according to authority Authority undetectable
[controller_server-9] Possible reasons are listed at http://wiki.ros.org/tf/Errors%20explained
[amcl-7] [WARN] [1785623439.787406665] []: TF_OLD_DATA ignoring data from the past for frame base_link at time 5.976000 according to authority Authority undetectable
[amcl-7] Possible reasons are listed at http://wiki.ros.org/tf/Errors%20explained
[bt_navigator-14] [WARN] [1785623439.787419074] []: TF_OLD_DATA ignoring data from the past for frame base_link at time 5.976000 according to authority Authority undetectable
[bt_navigator-14] Possible reasons are listed at http://wiki.ros.org/tf/Errors%20explained
[opennav_docking-18] [WARN] [1785623439.787422475] []: TF_OLD_DATA ignoring data from the past for frame base_link at time 5.976000 according to authority Authority undetectable
[opennav_docking-18] Possible reasons are listed at http://wiki.ros.org/tf/Errors%20explained
[planner_server-11] [WARN] [1785623439.787445872] []: TF_OLD_DATA ignoring data from the past for frame base_link at time 5.976000 according to authority Authority undetectable
[planner_server-11] Possible reasons are listed at http://wiki.ros.org/tf/Errors%20explained
[collision_monitor-17] [WARN] [1785623439.787445951] []: TF_OLD_DATA ignoring data from the past for frame base_link at time 5.976000 according to authority Authority undetectable
[collision_monitor-17] Possible reasons are listed at http://wiki.ros.org/tf/Errors%20explained
[route_server-12] [WARN] [1785623439.787462602] []: TF_OLD_DATA ignoring data from the past for frame base_link at time 5.976000 according to authority Authority undetectable
[route_server-12] Possible reasons are listed at http://wiki.ros.org/tf/Errors%20explained
[behavior_server-13] [WARN] [1785623439.787479187] []: TF_OLD_DATA ignoring data from the past for frame base_link at time 5.976000 according to authority Authority undetectable
[behavior_server-13] Possible reasons are listed at http://wiki.ros.org/tf/Errors%20explained
[smoother_server-10] [WARN] [1785623439.787514614] []: TF_OLD_DATA ignoring data from the past for frame base_link at time 5.976000 according to authority Authority undetectable
[smoother_server-10] Possible reasons are listed at http://wiki.ros.org/tf/Errors%20explained
[smoother_server-10] [INFO] [1785623439.808386326] [smoother_server]: PSTMO: 4 corners, 4 G2, 0 pivots, 0 pass-through, 160 evaluations, 0.044499 s
[smoother_server-10] [INFO] [1785623439.809224838] [smoother_server]: PSTMO LOS selector chose LOS (no-LOS=0.628179, LOS=0.522144, reason=los_quality_improvement)
[planner_server-11] [WARN] [1785623439.822097426] []: TF_OLD_DATA ignoring data from the past for frame base_link at time 22.860000 according to authority Authority undetectable
[planner_server-11] Possible reasons are listed at http://wiki.ros.org/tf/Errors%20explained
[bt_navigator-14] [WARN] [1785623439.822101455] []: TF_OLD_DATA ignoring data from the past for frame base_link at time 22.860000 according to authority Authority undetectable
[bt_navigator-14] Possible reasons are listed at http://wiki.ros.org/tf/Errors%20explained
[behavior_server-13] [WARN] [1785623439.822108159] []: TF_OLD_DATA ignoring data from the past for frame base_link at time 22.860000 according to authority Authority undetectable
[behavior_server-13] Possible reasons are listed at http://wiki.ros.org/tf/Errors%20explained
[collision_monitor-17] [WARN] [1785623439.822112618] []: TF_OLD_DATA ignoring data from the past for frame base_link at time 22.860000 according to authority Authority undetectable
[collision_monitor-17] Possible reasons are listed at http://wiki.ros.org/tf/Errors%20explained
[opennav_docking-18] [WARN] [1785623439.822114415] []: TF_OLD_DATA ignoring data from the past for frame base_link at time 22.860000 according to authority Authority undetectable
[opennav_docking-18] Possible reasons are listed at http://wiki.ros.org/tf/Errors%20explained
[route_server-12] [WARN] [1785623439.822120570] []: TF_OLD_DATA ignoring data from the past for frame base_link at time 22.860000 according to authority Authority undetectable
[route_server-12] Possible reasons are listed at http://wiki.ros.org/tf/Errors%20explained
[smoother_server-10] [WARN] [1785623439.822135342] []: TF_OLD_DATA ignoring data from the past for frame base_link at time 22.860000 according to authority Authority undetectable
[smoother_server-10] Possible reasons are listed at http://wiki.ros.org/tf/Errors%20explained
[controller_server-9] [WARN] [1785623439.822634028] []: TF_OLD_DATA ignoring data from the past for frame base_link at time 22.860000 according to authority Authority undetectable
[controller_server-9] Possible reasons are listed at http://wiki.ros.org/tf/Errors%20explained
[amcl-7] [WARN] [1785623439.822678358] []: TF_OLD_DATA ignoring data from the past for frame base_link at time 22.860000 according to authority Authority undetectable
[amcl-7] Possible reasons are listed at http://wiki.ros.org/tf/Errors%20explained
[planner_server-11] [WARN] [1785623439.822992992] []: TF_OLD_DATA ignoring data from the past for frame base_link at time 6.012000 according to authority Authority undetectable
[planner_server-11] Possible reasons are listed at http://wiki.ros.org/tf/Errors%20explained
[amcl-7] [WARN] [1785623439.823000425] []: TF_OLD_DATA ignoring data from the past for frame base_link at time 6.012000 according to authority Authority undetectable
[amcl-7] Possible reasons are listed at http://wiki.ros.org/tf/Errors%20explained
[behavior_server-13] [WARN] [1785623439.823062006] []: TF_OLD_DATA ignoring data from the past for frame base_link at time 6.012000 according to authority Authority undetectable
[behavior_server-13] Possible reasons are listed at http://wiki.ros.org/tf/Errors%20explained
[smoother_server-10] [WARN] [1785623439.823088957] []: TF_OLD_DATA ignoring data from the past for frame base_link at time 6.012000 according to authority Authority undetectable
[smoother_server-10] Possible reasons are listed at http://wiki.ros.org/tf/Errors%20explained
[bt_navigator-14] [WARN] [1785623439.823104859] []: TF_OLD_DATA ignoring data from the past for frame base_link at time 6.012000 according to authority Authority undetectable
[bt_navigator-14] Possible reasons are listed at http://wiki.ros.org/tf/Errors%20explained
[controller_server-9] [WARN] [1785623439.823135605] []: TF_OLD_DATA ignoring data from the past for frame base_link at time 6.012000 according to authority Authority undetectable
[controller_server-9] Possible reasons are listed at http://wiki.ros.org/tf/Errors%20explained
[route_server-12] [WARN] [1785623439.823158872] []: TF_OLD_DATA ignoring data from the past for frame base_link at time 6.012000 according to authority Authority undetectable
[route_server-12] Possible reasons are listed at http://wiki.ros.org/tf/Errors%20explained
[opennav_docking-18] [WARN] [1785623439.823204329] []: TF_OLD_DATA ignoring data from the past for frame base_link at time 6.012000 according to authority Authority undetectable
[opennav_docking-18] Possible reasons are listed at http://wiki.ros.org/tf/Errors%20explained
[collision_monitor-17] [WARN] [1785623439.823205998] []: TF_OLD_DATA ignoring data from the past for frame base_link at time 6.012000 according to authority Authority undetectable
[collision_monitor-17] Possible reasons are listed at http://wiki.ros.org/tf/Errors%20explained
[amcl-7] [WARN] [1785623439.857874472] []: TF_OLD_DATA ignoring data from the past for frame base_link at time 22.896000 according to authority Authority undetectable
[amcl-7] Possible reasons are listed at http://wiki.ros.org/tf/Errors%20explained
[behavior_server-13] [WARN] [1785623439.857874311] []: TF_OLD_DATA ignoring data from the past for frame base_link at time 22.896000 according to authority Authority undetectable
[behavior_server-13] Possible reasons are listed at http://wiki.ros.org/tf/Errors%20explained
[opennav_docking-18] [WARN] [1785623439.857892750] []: TF_OLD_DATA ignoring data from the past for frame base_link at time 22.896000 according to authority Authority undetectable
[opennav_docking-18] Possible reasons are listed at http://wiki.ros.org/tf/Errors%20explained
[planner_server-11] [WARN] [1785623439.857900019] []: TF_OLD_DATA ignoring data from the past for frame base_link at time 22.896000 according to authority Authority undetectable
[planner_server-11] Possible reasons are listed at http://wiki.ros.org/tf/Errors%20explained
[collision_monitor-17] [WARN] [1785623439.857903465] []: TF_OLD_DATA ignoring data from the past for frame base_link at time 22.896000 according to authority Authority undetectable
[collision_monitor-17] Possible reasons are listed at http://wiki.ros.org/tf/Errors%20explained
[controller_server-9] [WARN] [1785623439.857911051] []: TF_OLD_DATA ignoring data from the past for frame base_link at time 22.896000 according to authority Authority undetectable
[controller_server-9] Possible reasons are listed at http://wiki.ros.org/tf/Errors%20explained
[smoother_server-10] [WARN] [1785623439.857910731] []: TF_OLD_DATA ignoring data from the past for frame base_link at time 22.896000 according to authority Authority undetectable
[smoother_server-10] Possible reasons are listed at http://wiki.ros.org/tf/Errors%20explained
[bt_navigator-14] [WARN] [1785623439.857917916] []: TF_OLD_DATA ignoring data from the past for frame base_link at time 22.896000 according to authority Authority undetectable
[bt_navigator-14] Possible reasons are listed at http://wiki.ros.org/tf/Errors%20explained
[route_server-12] [WARN] [1785623439.857981759] []: TF_OLD_DATA ignoring data from the past for frame base_link at time 22.896000 according to authority Authority undetectable
[route_server-12] Possible reasons are listed at http://wiki.ros.org/tf/Errors%20explained
[bt_navigator-14] [WARN] [1785623439.858974549] []: TF_OLD_DATA ignoring data from the past for frame base_link at time 6.048000 according to authority Authority undetectable
[bt_navigator-14] Possible reasons are listed at http://wiki.ros.org/tf/Errors%20explained
[planner_server-11] [WARN] [1785623439.858970793] []: TF_OLD_DATA ignoring data from the past for frame base_link at time 6.048000 according to authority Authority undetectable
[planner_server-11] Possible reasons are listed at http://wiki.ros.org/tf/Errors%20explained
[collision_monitor-17] [WARN] [1785623439.858979752] []: TF_OLD_DATA ignoring data from the past for frame base_link at time 6.048000 according to authority Authority undetectable
[collision_monitor-17] Possible reasons are listed at http://wiki.ros.org/tf/Errors%20explained
[opennav_docking-18] [WARN] [1785623439.858984525] []: TF_OLD_DATA ignoring data from the past for frame base_link at time 6.048000 according to authority Authority undetectable
[opennav_docking-18] Possible reasons are listed at http://wiki.ros.org/tf/Errors%20explained
[behavior_server-13] [WARN] [1785623439.858988668] []: TF_OLD_DATA ignoring data from the past for frame base_link at time 6.048000 according to authority Authority undetectable
[behavior_server-13] Possible reasons are listed at http://wiki.ros.org/tf/Errors%20explained
[smoother_server-10] [WARN] [1785623439.858995301] []: TF_OLD_DATA ignoring data from the past for frame base_link at time 6.048000 according to authority Authority undetectable
[smoother_server-10] Possible reasons are listed at http://wiki.ros.org/tf/Errors%20explained
[amcl-7] [WARN] [1785623439.858996756] []: TF_OLD_DATA ignoring data from the past for frame base_link at time 6.048000 according to authority Authority undetectable
[amcl-7] Possible reasons are listed at http://wiki.ros.org/tf/Errors%20explained
[controller_server-9] [WARN] [1785623439.859035802] []: TF_OLD_DATA ignoring data from the past for frame base_link at time 6.048000 according to authority Authority undetectable
[controller_server-9] Possible reasons are listed at http://wiki.ros.org/tf/Errors%20explained
[route_server-12] [WARN] [1785623439.859086030] []: TF_OLD_DATA ignoring data from the past for frame base_link at time 6.048000 according to authority Authority undetectable
[route_server-12] Possible reasons are listed at http://wiki.ros.org/tf/Errors%20explained
[amcl-7] [WARN] [1785623439.893882774] []: TF_OLD_DATA ignoring data from the past for frame base_link at time 22.932000 according to authority Authority undetectable
[amcl-7] Possible reasons are listed at http://wiki.ros.org/tf/Errors%20explained
[planner_server-11] [WARN] [1785623439.893882875] []: TF_OLD_DATA ignoring data from the past for frame base_link at time 22.932000 according to authority Authority undetectable
[planner_server-11] Possible reasons are listed at http://wiki.ros.org/tf/Errors%20explained
[controller_server-9] [WARN] [1785623439.893882898] []: TF_OLD_DATA ignoring data from the past for frame base_link at time 22.932000 according to authority Authority undetectable
[controller_server-9] Possible reasons are listed at http://wiki.ros.org/tf/Errors%20explained
[collision_monitor-17] [WARN] [1785623439.893898377] []: TF_OLD_DATA ignoring data from the past for frame base_link at time 22.932000 according to authority Authority undetectable
[collision_monitor-17] Possible reasons are listed at http://wiki.ros.org/tf/Errors%20explained
[route_server-12] [WARN] [1785623439.893899506] []: TF_OLD_DATA ignoring data from the past for frame base_link at time 22.932000 according to authority Authority undetectable
[route_server-12] Possible reasons are listed at http://wiki.ros.org/tf/Errors%20explained
[bt_navigator-14] [WARN] [1785623439.893905975] []: TF_OLD_DATA ignoring data from the past for frame base_link at time 22.932000 according to authority Authority undetectable
[bt_navigator-14] Possible reasons are listed at http://wiki.ros.org/tf/Errors%20explained
[smoother_server-10] [WARN] [1785623439.893941895] []: TF_OLD_DATA ignoring data from the past for frame base_link at time 22.932000 according to authority Authority undetectable
[smoother_server-10] Possible reasons are listed at http://wiki.ros.org/tf/Errors%20explained
[opennav_docking-18] [WARN] [1785623439.893978584] []: TF_OLD_DATA ignoring data from the past for frame base_link at time 22.932000 according to authority Authority undetectable
[opennav_docking-18] Possible reasons are listed at http://wiki.ros.org/tf/Errors%20explained
[behavior_server-13] [WARN] [1785623439.893993861] []: TF_OLD_DATA ignoring data from the past for frame base_link at time 22.932000 according to authority Authority undetectable
[behavior_server-13] Possible reasons are listed at http://wiki.ros.org/tf/Errors%20explained
[smoother_server-10] [WARN] [1785623439.894714933] []: TF_OLD_DATA ignoring data from the past for frame base_link at time 6.084000 according to authority Authority undetectable
[smoother_server-10] Possible reasons are listed at http://wiki.ros.org/tf/Errors%20explained
[amcl-7] [WARN] [1785623439.894719671] []: TF_OLD_DATA ignoring data from the past for frame base_link at time 6.084000 according to authority Authority undetectable
[amcl-7] Possible reasons are listed at http://wiki.ros.org/tf/Errors%20explained
[behavior_server-13] [WARN] [1785623439.894725620] []: TF_OLD_DATA ignoring data from the past for frame base_link at time 6.084000 according to authority Authority undetectable
[behavior_server-13] Possible reasons are listed at http://wiki.ros.org/tf/Errors%20explained
[opennav_docking-18] [WARN] [1785623439.894729348] []: TF_OLD_DATA ignoring data from the past for frame base_link at time 6.084000 according to authority Authority undetectable
[opennav_docking-18] Possible reasons are listed at http://wiki.ros.org/tf/Errors%20explained
[collision_monitor-17] [WARN] [1785623439.894738931] []: TF_OLD_DATA ignoring data from the past for frame base_link at time 6.084000 according to authority Authority undetectable
[collision_monitor-17] Possible reasons are listed at http://wiki.ros.org/tf/Errors%20explained
[planner_server-11] [WARN] [1785623439.894806875] []: TF_OLD_DATA ignoring data from the past for frame base_link at time 6.084000 according to authority Authority undetectable
[planner_server-11] Possible reasons are listed at http://wiki.ros.org/tf/Errors%20explained
[route_server-12] [WARN] [1785623439.894828123] []: TF_OLD_DATA ignoring data from the past for frame base_link at time 6.084000 according to authority Authority undetectable
[route_server-12] Possible reasons are listed at http://wiki.ros.org/tf/Errors%20explained
[bt_navigator-14] [WARN] [1785623439.894857632] []: TF_OLD_DATA ignoring data from the past for frame base_link at time 6.084000 according to authority Authority undetectable
[bt_navigator-14] Possible reasons are listed at http://wiki.ros.org/tf/Errors%20explained
[controller_server-9] [WARN] [1785623439.894867589] []: TF_OLD_DATA ignoring data from the past for frame base_link at time 6.084000 according to authority Authority undetectable
[controller_server-9] Possible reasons are listed at http://wiki.ros.org/tf/Errors%20explained
[collision_monitor-17] [WARN] [1785623439.929820413] []: TF_OLD_DATA ignoring data from the past for frame base_link at time 22.968000 according to authority Authority undetectable
[collision_monitor-17] Possible reasons are listed at http://wiki.ros.org/tf/Errors%20explained
[controller_server-9] [WARN] [1785623439.929820382] []: TF_OLD_DATA ignoring data from the past for frame base_link at time 22.968000 according to authority Authority undetectable
[controller_server-9] Possible reasons are listed at http://wiki.ros.org/tf/Errors%20explained
[smoother_server-10] [WARN] [1785623439.929827298] []: TF_OLD_DATA ignoring data from the past for frame base_link at time 22.968000 according to authority Authority undetectable
[smoother_server-10] Possible reasons are listed at http://wiki.ros.org/tf/Errors%20explained
[behavior_server-13] [WARN] [1785623439.929830255] []: TF_OLD_DATA ignoring data from the past for frame base_link at time 22.968000 according to authority Authority undetectable
[behavior_server-13] Possible reasons are listed at http://wiki.ros.org/tf/Errors%20explained
[bt_navigator-14] [WARN] [1785623439.929837137] []: TF_OLD_DATA ignoring data from the past for frame base_link at time 22.968000 according to authority Authority undetectable
[bt_navigator-14] Possible reasons are listed at http://wiki.ros.org/tf/Errors%20explained
[amcl-7] [WARN] [1785623439.929847708] []: TF_OLD_DATA ignoring data from the past for frame base_link at time 22.968000 according to authority Authority undetectable
[amcl-7] Possible reasons are listed at http://wiki.ros.org/tf/Errors%20explained
[opennav_docking-18] [WARN] [1785623439.929855103] []: TF_OLD_DATA ignoring data from the past for frame base_link at time 22.968000 according to authority Authority undetectable
[opennav_docking-18] Possible reasons are listed at http://wiki.ros.org/tf/Errors%20explained
[route_server-12] [WARN] [1785623439.929859124] []: TF_OLD_DATA ignoring data from the past for frame base_link at time 22.968000 according to authority Authority undetectable
[route_server-12] Possible reasons are listed at http://wiki.ros.org/tf/Errors%20explained
[planner_server-11] [WARN] [1785623439.929886909] []: TF_OLD_DATA ignoring data from the past for frame base_link at time 22.968000 according to authority Authority undetectable
[planner_server-11] Possible reasons are listed at http://wiki.ros.org/tf/Errors%20explained
[controller_server-9] [WARN] [1785623439.931128489] []: TF_OLD_DATA ignoring data from the past for frame base_link at time 6.120000 according to authority Authority undetectable
[controller_server-9] Possible reasons are listed at http://wiki.ros.org/tf/Errors%20explained
[behavior_server-13] [WARN] [1785623439.931142510] []: TF_OLD_DATA ignoring data from the past for frame base_link at time 6.120000 according to authority Authority undetectable
[behavior_server-13] Possible reasons are listed at http://wiki.ros.org/tf/Errors%20explained
[collision_monitor-17] [WARN] [1785623439.931140364] []: TF_OLD_DATA ignoring data from the past for frame base_link at time 6.120000 according to authority Authority undetectable
[collision_monitor-17] Possible reasons are listed at http://wiki.ros.org/tf/Errors%20explained
[route_server-12] [WARN] [1785623439.931166201] []: TF_OLD_DATA ignoring data from the past for frame base_link at time 6.120000 according to authority Authority undetectable
[route_server-12] Possible reasons are listed at http://wiki.ros.org/tf/Errors%20explained
[amcl-7] [WARN] [1785623439.931233729] []: TF_OLD_DATA ignoring data from the past for frame base_link at time 6.120000 according to authority Authority undetectable
[amcl-7] Possible reasons are listed at http://wiki.ros.org/tf/Errors%20explained
[bt_navigator-14] [WARN] [1785623439.931244500] []: TF_OLD_DATA ignoring data from the past for frame base_link at time 6.120000 according to authority Authority undetectable
[bt_navigator-14] Possible reasons are listed at http://wiki.ros.org/tf/Errors%20explained
[planner_server-11] [WARN] [1785623439.931982549] []: TF_OLD_DATA ignoring data from the past for frame base_link at time 6.120000 according to authority Authority undetectable
[planner_server-11] Possible reasons are listed at http://wiki.ros.org/tf/Errors%20explained
[smoother_server-10] [WARN] [1785623439.932813880] []: TF_OLD_DATA ignoring data from the past for frame base_link at time 6.120000 according to authority Authority undetectable
[smoother_server-10] Possible reasons are listed at http://wiki.ros.org/tf/Errors%20explained
[opennav_docking-18] [WARN] [1785623439.932927022] []: TF_OLD_DATA ignoring data from the past for frame base_link at time 6.120000 according to authority Authority undetectable
[opennav_docking-18] Possible reasons are listed at http://wiki.ros.org/tf/Errors%20explained
[batch_benchmark-5] [INFO] [1785623439.962587850] [planner_geometry_benchmark]: [5/5] SmacHybrid / office_long_diagonal / repetition 1
[amcl-7] [WARN] [1785623439.966122101] []: TF_OLD_DATA ignoring data from the past for frame base_link at time 23.004000 according to authority Authority undetectable
[amcl-7] Possible reasons are listed at http://wiki.ros.org/tf/Errors%20explained
[controller_server-9] [WARN] [1785623439.966133077] []: TF_OLD_DATA ignoring data from the past for frame base_link at time 23.004000 according to authority Authority undetectable
[controller_server-9] Possible reasons are listed at http://wiki.ros.org/tf/Errors%20explained
[bt_navigator-14] [WARN] [1785623439.966159570] []: TF_OLD_DATA ignoring data from the past for frame base_link at time 23.004000 according to authority Authority undetectable
[bt_navigator-14] Possible reasons are listed at http://wiki.ros.org/tf/Errors%20explained
[planner_server-11] [WARN] [1785623439.966173321] []: TF_OLD_DATA ignoring data from the past for frame base_link at time 23.004000 according to authority Authority undetectable
[planner_server-11] Possible reasons are listed at http://wiki.ros.org/tf/Errors%20explained
[opennav_docking-18] [WARN] [1785623439.966208389] []: TF_OLD_DATA ignoring data from the past for frame base_link at time 23.004000 according to authority Authority undetectable
[opennav_docking-18] Possible reasons are listed at http://wiki.ros.org/tf/Errors%20explained
[collision_monitor-17] [WARN] [1785623439.966251033] []: TF_OLD_DATA ignoring data from the past for frame base_link at time 23.004000 according to authority Authority undetectable
[collision_monitor-17] Possible reasons are listed at http://wiki.ros.org/tf/Errors%20explained
[route_server-12] [WARN] [1785623439.966410000] []: TF_OLD_DATA ignoring data from the past for frame base_link at time 23.004000 according to authority Authority undetectable
[route_server-12] Possible reasons are listed at http://wiki.ros.org/tf/Errors%20explained
[behavior_server-13] [WARN] [1785623439.966653752] []: TF_OLD_DATA ignoring data from the past for frame base_link at time 23.004000 according to authority Authority undetectable
[behavior_server-13] Possible reasons are listed at http://wiki.ros.org/tf/Errors%20explained
[smoother_server-10] [WARN] [1785623439.966677143] []: TF_OLD_DATA ignoring data from the past for frame base_link at time 23.004000 according to authority Authority undetectable
[smoother_server-10] Possible reasons are listed at http://wiki.ros.org/tf/Errors%20explained
[route_server-12] [WARN] [1785623439.967308696] []: TF_OLD_DATA ignoring data from the past for frame base_link at time 6.156000 according to authority Authority undetectable
[route_server-12] Possible reasons are listed at http://wiki.ros.org/tf/Errors%20explained
[behavior_server-13] [WARN] [1785623439.967315887] []: TF_OLD_DATA ignoring data from the past for frame base_link at time 6.156000 according to authority Authority undetectable
[behavior_server-13] Possible reasons are listed at http://wiki.ros.org/tf/Errors%20explained
[controller_server-9] [WARN] [1785623439.967331164] []: TF_OLD_DATA ignoring data from the past for frame base_link at time 6.156000 according to authority Authority undetectable
[controller_server-9] Possible reasons are listed at http://wiki.ros.org/tf/Errors%20explained
[opennav_docking-18] [WARN] [1785623439.967364190] []: TF_OLD_DATA ignoring data from the past for frame base_link at time 6.156000 according to authority Authority undetectable
[opennav_docking-18] Possible reasons are listed at http://wiki.ros.org/tf/Errors%20explained
[smoother_server-10] [WARN] [1785623439.967388442] []: TF_OLD_DATA ignoring data from the past for frame base_link at time 6.156000 according to authority Authority undetectable
[smoother_server-10] Possible reasons are listed at http://wiki.ros.org/tf/Errors%20explained
[collision_monitor-17] [WARN] [1785623439.967407674] []: TF_OLD_DATA ignoring data from the past for frame base_link at time 6.156000 according to authority Authority undetectable
[collision_monitor-17] Possible reasons are listed at http://wiki.ros.org/tf/Errors%20explained
[amcl-7] [WARN] [1785623439.967422832] []: TF_OLD_DATA ignoring data from the past for frame base_link at time 6.156000 according to authority Authority undetectable
[amcl-7] Possible reasons are listed at http://wiki.ros.org/tf/Errors%20explained
[bt_navigator-14] [WARN] [1785623439.967514416] []: TF_OLD_DATA ignoring data from the past for frame base_link at time 6.156000 according to authority Authority undetectable
[bt_navigator-14] Possible reasons are listed at http://wiki.ros.org/tf/Errors%20explained
[planner_server-11] [WARN] [1785623439.967613051] []: TF_OLD_DATA ignoring data from the past for frame base_link at time 6.156000 according to authority Authority undetectable
[planner_server-11] Possible reasons are listed at http://wiki.ros.org/tf/Errors%20explained
[planner_server-11] [WARN] [1785623440.003466811] []: TF_OLD_DATA ignoring data from the past for frame base_link at time 6.192000 according to authority Authority undetectable
[planner_server-11] Possible reasons are listed at http://wiki.ros.org/tf/Errors%20explained
[controller_server-9] [WARN] [1785623440.003466645] []: TF_OLD_DATA ignoring data from the past for frame base_link at time 6.192000 according to authority Authority undetectable
[controller_server-9] Possible reasons are listed at http://wiki.ros.org/tf/Errors%20explained
[controller_server-9] [WARN] [1785623440.003554302] []: TF_OLD_DATA ignoring data from the past for frame base_link at time 23.040000 according to authority Authority undetectable
[controller_server-9] Possible reasons are listed at http://wiki.ros.org/tf/Errors%20explained
[behavior_server-13] [WARN] [1785623440.003495401] []: TF_OLD_DATA ignoring data from the past for frame base_link at time 6.192000 according to authority Authority undetectable
[behavior_server-13] Possible reasons are listed at http://wiki.ros.org/tf/Errors%20explained
[behavior_server-13] [WARN] [1785623440.003614844] []: TF_OLD_DATA ignoring data from the past for frame base_link at time 23.040000 according to authority Authority undetectable
[behavior_server-13] Possible reasons are listed at http://wiki.ros.org/tf/Errors%20explained
[route_server-12] [WARN] [1785623440.003516020] []: TF_OLD_DATA ignoring data from the past for frame base_link at time 6.192000 according to authority Authority undetectable
[route_server-12] Possible reasons are listed at http://wiki.ros.org/tf/Errors%20explained
[route_server-12] [WARN] [1785623440.003560760] []: TF_OLD_DATA ignoring data from the past for frame base_link at time 23.040000 according to authority Authority undetectable
[route_server-12] Possible reasons are listed at http://wiki.ros.org/tf/Errors%20explained
[bt_navigator-14] [WARN] [1785623440.003637264] []: TF_OLD_DATA ignoring data from the past for frame base_link at time 6.192000 according to authority Authority undetectable
[bt_navigator-14] Possible reasons are listed at http://wiki.ros.org/tf/Errors%20explained
[bt_navigator-14] [WARN] [1785623440.003656738] []: TF_OLD_DATA ignoring data from the past for frame base_link at time 23.040000 according to authority Authority undetectable
[bt_navigator-14] Possible reasons are listed at http://wiki.ros.org/tf/Errors%20explained
[amcl-7] [WARN] [1785623440.003669375] []: TF_OLD_DATA ignoring data from the past for frame base_link at time 6.192000 according to authority Authority undetectable
[amcl-7] Possible reasons are listed at http://wiki.ros.org/tf/Errors%20explained
[amcl-7] [WARN] [1785623440.003825048] []: TF_OLD_DATA ignoring data from the past for frame base_link at time 23.040000 according to authority Authority undetectable
[amcl-7] Possible reasons are listed at http://wiki.ros.org/tf/Errors%20explained
[planner_server-11] [WARN] [1785623440.003832365] []: TF_OLD_DATA ignoring data from the past for frame base_link at time 23.040000 according to authority Authority undetectable
[planner_server-11] Possible reasons are listed at http://wiki.ros.org/tf/Errors%20explained
[opennav_docking-18] [WARN] [1785623440.004127085] []: TF_OLD_DATA ignoring data from the past for frame base_link at time 6.192000 according to authority Authority undetectable
[opennav_docking-18] Possible reasons are listed at http://wiki.ros.org/tf/Errors%20explained
[opennav_docking-18] [WARN] [1785623440.004180512] []: TF_OLD_DATA ignoring data from the past for frame base_link at time 23.040000 according to authority Authority undetectable
[opennav_docking-18] Possible reasons are listed at http://wiki.ros.org/tf/Errors%20explained
[smoother_server-10] [WARN] [1785623440.004261040] []: TF_OLD_DATA ignoring data from the past for frame base_link at time 6.192000 according to authority Authority undetectable
[smoother_server-10] Possible reasons are listed at http://wiki.ros.org/tf/Errors%20explained
[smoother_server-10] [WARN] [1785623440.004297993] []: TF_OLD_DATA ignoring data from the past for frame base_link at time 23.040000 according to authority Authority undetectable
[smoother_server-10] Possible reasons are listed at http://wiki.ros.org/tf/Errors%20explained
[collision_monitor-17] [WARN] [1785623440.005074412] []: TF_OLD_DATA ignoring data from the past for frame base_link at time 6.192000 according to authority Authority undetectable
[collision_monitor-17] Possible reasons are listed at http://wiki.ros.org/tf/Errors%20explained
[collision_monitor-17] [WARN] [1785623440.005114331] []: TF_OLD_DATA ignoring data from the past for frame base_link at time 23.040000 according to authority Authority undetectable
[collision_monitor-17] Possible reasons are listed at http://wiki.ros.org/tf/Errors%20explained
[route_server-12] [WARN] [1785623440.038081783] []: TF_OLD_DATA ignoring data from the past for frame base_link at time 23.076000 according to authority Authority undetectable
[route_server-12] Possible reasons are listed at http://wiki.ros.org/tf/Errors%20explained
[controller_server-9] [WARN] [1785623440.038086154] []: TF_OLD_DATA ignoring data from the past for frame base_link at time 23.076000 according to authority Authority undetectable
[controller_server-9] Possible reasons are listed at http://wiki.ros.org/tf/Errors%20explained
[amcl-7] [WARN] [1785623440.038093231] []: TF_OLD_DATA ignoring data from the past for frame base_link at time 23.076000 according to authority Authority undetectable
[amcl-7] Possible reasons are listed at http://wiki.ros.org/tf/Errors%20explained
[collision_monitor-17] [WARN] [1785623440.038102449] []: TF_OLD_DATA ignoring data from the past for frame base_link at time 23.076000 according to authority Authority undetectable
[collision_monitor-17] Possible reasons are listed at http://wiki.ros.org/tf/Errors%20explained
[opennav_docking-18] [WARN] [1785623440.038150774] []: TF_OLD_DATA ignoring data from the past for frame base_link at time 23.076000 according to authority Authority undetectable
[opennav_docking-18] Possible reasons are listed at http://wiki.ros.org/tf/Errors%20explained
[smoother_server-10] [WARN] [1785623440.038162265] []: TF_OLD_DATA ignoring data from the past for frame base_link at time 23.076000 according to authority Authority undetectable
[smoother_server-10] Possible reasons are listed at http://wiki.ros.org/tf/Errors%20explained
[planner_server-11] [WARN] [1785623440.038172910] []: TF_OLD_DATA ignoring data from the past for frame base_link at time 23.076000 according to authority Authority undetectable
[planner_server-11] Possible reasons are listed at http://wiki.ros.org/tf/Errors%20explained
[behavior_server-13] [WARN] [1785623440.038271396] []: TF_OLD_DATA ignoring data from the past for frame base_link at time 23.076000 according to authority Authority undetectable
[behavior_server-13] Possible reasons are listed at http://wiki.ros.org/tf/Errors%20explained
[bt_navigator-14] [WARN] [1785623440.038737836] []: TF_OLD_DATA ignoring data from the past for frame base_link at time 23.076000 according to authority Authority undetectable
[bt_navigator-14] Possible reasons are listed at http://wiki.ros.org/tf/Errors%20explained
[smoother_server-10] [WARN] [1785623440.039319630] []: TF_OLD_DATA ignoring data from the past for frame base_link at time 6.228000 according to authority Authority undetectable
[smoother_server-10] Possible reasons are listed at http://wiki.ros.org/tf/Errors%20explained
[controller_server-9] [WARN] [1785623440.039327149] []: TF_OLD_DATA ignoring data from the past for frame base_link at time 6.228000 according to authority Authority undetectable
[controller_server-9] Possible reasons are listed at http://wiki.ros.org/tf/Errors%20explained
[route_server-12] [WARN] [1785623440.039328088] []: TF_OLD_DATA ignoring data from the past for frame base_link at time 6.228000 according to authority Authority undetectable
[route_server-12] Possible reasons are listed at http://wiki.ros.org/tf/Errors%20explained
[amcl-7] [WARN] [1785623440.039330447] []: TF_OLD_DATA ignoring data from the past for frame base_link at time 6.228000 according to authority Authority undetectable
[amcl-7] Possible reasons are listed at http://wiki.ros.org/tf/Errors%20explained
[collision_monitor-17] [WARN] [1785623440.039337828] []: TF_OLD_DATA ignoring data from the past for frame base_link at time 6.228000 according to authority Authority undetectable
[collision_monitor-17] Possible reasons are listed at http://wiki.ros.org/tf/Errors%20explained
[opennav_docking-18] [WARN] [1785623440.039343280] []: TF_OLD_DATA ignoring data from the past for frame base_link at time 6.228000 according to authority Authority undetectable
[opennav_docking-18] Possible reasons are listed at http://wiki.ros.org/tf/Errors%20explained
[planner_server-11] [WARN] [1785623440.039349721] []: TF_OLD_DATA ignoring data from the past for frame base_link at time 6.228000 according to authority Authority undetectable
[planner_server-11] Possible reasons are listed at http://wiki.ros.org/tf/Errors%20explained
[behavior_server-13] [WARN] [1785623440.039389534] []: TF_OLD_DATA ignoring data from the past for frame base_link at time 6.228000 according to authority Authority undetectable
[behavior_server-13] Possible reasons are listed at http://wiki.ros.org/tf/Errors%20explained
[bt_navigator-14] [WARN] [1785623440.039405862] []: TF_OLD_DATA ignoring data from the past for frame base_link at time 6.228000 according to authority Authority undetectable
[bt_navigator-14] Possible reasons are listed at http://wiki.ros.org/tf/Errors%20explained
[controller_server-9] [WARN] [1785623440.074024627] []: TF_OLD_DATA ignoring data from the past for frame base_link at time 23.112000 according to authority Authority undetectable
[controller_server-9] Possible reasons are listed at http://wiki.ros.org/tf/Errors%20explained
[amcl-7] [WARN] [1785623440.074034258] []: TF_OLD_DATA ignoring data from the past for frame base_link at time 23.112000 according to authority Authority undetectable
[amcl-7] Possible reasons are listed at http://wiki.ros.org/tf/Errors%20explained
[smoother_server-10] [WARN] [1785623440.074055223] []: TF_OLD_DATA ignoring data from the past for frame base_link at time 23.112000 according to authority Authority undetectable
[smoother_server-10] Possible reasons are listed at http://wiki.ros.org/tf/Errors%20explained
[behavior_server-13] [WARN] [1785623440.074056629] []: TF_OLD_DATA ignoring data from the past for frame base_link at time 23.112000 according to authority Authority undetectable
[behavior_server-13] Possible reasons are listed at http://wiki.ros.org/tf/Errors%20explained
[planner_server-11] [WARN] [1785623440.074074487] []: TF_OLD_DATA ignoring data from the past for frame base_link at time 23.112000 according to authority Authority undetectable
[planner_server-11] Possible reasons are listed at http://wiki.ros.org/tf/Errors%20explained
[bt_navigator-14] [WARN] [1785623440.074077827] []: TF_OLD_DATA ignoring data from the past for frame base_link at time 23.112000 according to authority Authority undetectable
[bt_navigator-14] Possible reasons are listed at http://wiki.ros.org/tf/Errors%20explained
[opennav_docking-18] [WARN] [1785623440.074093920] []: TF_OLD_DATA ignoring data from the past for frame base_link at time 23.112000 according to authority Authority undetectable
[opennav_docking-18] Possible reasons are listed at http://wiki.ros.org/tf/Errors%20explained
[collision_monitor-17] [WARN] [1785623440.074116865] []: TF_OLD_DATA ignoring data from the past for frame base_link at time 23.112000 according to authority Authority undetectable
[collision_monitor-17] Possible reasons are listed at http://wiki.ros.org/tf/Errors%20explained
[route_server-12] [WARN] [1785623440.074176020] []: TF_OLD_DATA ignoring data from the past for frame base_link at time 23.112000 according to authority Authority undetectable
[route_server-12] Possible reasons are listed at http://wiki.ros.org/tf/Errors%20explained
[controller_server-9] [WARN] [1785623440.074807083] []: TF_OLD_DATA ignoring data from the past for frame base_link at time 6.264000 according to authority Authority undetectable
[controller_server-9] Possible reasons are listed at http://wiki.ros.org/tf/Errors%20explained
[smoother_server-10] [WARN] [1785623440.074814400] []: TF_OLD_DATA ignoring data from the past for frame base_link at time 6.264000 according to authority Authority undetectable
[smoother_server-10] Possible reasons are listed at http://wiki.ros.org/tf/Errors%20explained
[behavior_server-13] [WARN] [1785623440.074822135] []: TF_OLD_DATA ignoring data from the past for frame base_link at time 6.264000 according to authority Authority undetectable
[behavior_server-13] Possible reasons are listed at http://wiki.ros.org/tf/Errors%20explained
[amcl-7] [WARN] [1785623440.074825875] []: TF_OLD_DATA ignoring data from the past for frame base_link at time 6.264000 according to authority Authority undetectable
[amcl-7] Possible reasons are listed at http://wiki.ros.org/tf/Errors%20explained
[bt_navigator-14] [WARN] [1785623440.074832413] []: TF_OLD_DATA ignoring data from the past for frame base_link at time 6.264000 according to authority Authority undetectable
[bt_navigator-14] Possible reasons are listed at http://wiki.ros.org/tf/Errors%20explained
[route_server-12] [WARN] [1785623440.074830480] []: TF_OLD_DATA ignoring data from the past for frame base_link at time 6.264000 according to authority Authority undetectable
[route_server-12] Possible reasons are listed at http://wiki.ros.org/tf/Errors%20explained
[opennav_docking-18] [WARN] [1785623440.074842526] []: TF_OLD_DATA ignoring data from the past for frame base_link at time 6.264000 according to authority Authority undetectable
[opennav_docking-18] Possible reasons are listed at http://wiki.ros.org/tf/Errors%20explained
[collision_monitor-17] [WARN] [1785623440.074861885] []: TF_OLD_DATA ignoring data from the past for frame base_link at time 6.264000 according to authority Authority undetectable
[collision_monitor-17] Possible reasons are listed at http://wiki.ros.org/tf/Errors%20explained
[planner_server-11] [WARN] [1785623440.074887459] []: TF_OLD_DATA ignoring data from the past for frame base_link at time 6.264000 according to authority Authority undetectable
[planner_server-11] Possible reasons are listed at http://wiki.ros.org/tf/Errors%20explained
[bt_navigator-14] [WARN] [1785623440.109771021] []: TF_OLD_DATA ignoring data from the past for frame base_link at time 23.148000 according to authority Authority undetectable
[bt_navigator-14] Possible reasons are listed at http://wiki.ros.org/tf/Errors%20explained
[behavior_server-13] [WARN] [1785623440.109785010] []: TF_OLD_DATA ignoring data from the past for frame base_link at time 23.148000 according to authority Authority undetectable
[behavior_server-13] Possible reasons are listed at http://wiki.ros.org/tf/Errors%20explained
[amcl-7] [WARN] [1785623440.109784489] []: TF_OLD_DATA ignoring data from the past for frame base_link at time 23.148000 according to authority Authority undetectable
[amcl-7] Possible reasons are listed at http://wiki.ros.org/tf/Errors%20explained
[controller_server-9] [WARN] [1785623440.109795978] []: TF_OLD_DATA ignoring data from the past for frame base_link at time 23.148000 according to authority Authority undetectable
[controller_server-9] Possible reasons are listed at http://wiki.ros.org/tf/Errors%20explained
[smoother_server-10] [WARN] [1785623440.109839720] []: TF_OLD_DATA ignoring data from the past for frame base_link at time 23.148000 according to authority Authority undetectable
[smoother_server-10] Possible reasons are listed at http://wiki.ros.org/tf/Errors%20explained
[collision_monitor-17] [WARN] [1785623440.109843928] []: TF_OLD_DATA ignoring data from the past for frame base_link at time 23.148000 according to authority Authority undetectable
[collision_monitor-17] Possible reasons are listed at http://wiki.ros.org/tf/Errors%20explained
[planner_server-11] [WARN] [1785623440.109846290] []: TF_OLD_DATA ignoring data from the past for frame base_link at time 23.148000 according to authority Authority undetectable
[planner_server-11] Possible reasons are listed at http://wiki.ros.org/tf/Errors%20explained
[opennav_docking-18] [WARN] [1785623440.109850002] []: TF_OLD_DATA ignoring data from the past for frame base_link at time 23.148000 according to authority Authority undetectable
[opennav_docking-18] Possible reasons are listed at http://wiki.ros.org/tf/Errors%20explained
[route_server-12] [WARN] [1785623440.109876501] []: TF_OLD_DATA ignoring data from the past for frame base_link at time 23.148000 according to authority Authority undetectable
[route_server-12] Possible reasons are listed at http://wiki.ros.org/tf/Errors%20explained
[smoother_server-10] [WARN] [1785623440.110752898] []: TF_OLD_DATA ignoring data from the past for frame base_link at time 6.300000 according to authority Authority undetectable
[smoother_server-10] Possible reasons are listed at http://wiki.ros.org/tf/Errors%20explained
[controller_server-9] [WARN] [1785623440.110752786] []: TF_OLD_DATA ignoring data from the past for frame base_link at time 6.300000 according to authority Authority undetectable
[controller_server-9] Possible reasons are listed at http://wiki.ros.org/tf/Errors%20explained
[amcl-7] [WARN] [1785623440.110807069] []: TF_OLD_DATA ignoring data from the past for frame base_link at time 6.300000 according to authority Authority undetectable
[amcl-7] Possible reasons are listed at http://wiki.ros.org/tf/Errors%20explained
[bt_navigator-14] [WARN] [1785623440.110825892] []: TF_OLD_DATA ignoring data from the past for frame base_link at time 6.300000 according to authority Authority undetectable
[bt_navigator-14] Possible reasons are listed at http://wiki.ros.org/tf/Errors%20explained
[opennav_docking-18] [WARN] [1785623440.110818878] []: TF_OLD_DATA ignoring data from the past for frame base_link at time 6.300000 according to authority Authority undetectable
[opennav_docking-18] Possible reasons are listed at http://wiki.ros.org/tf/Errors%20explained
[planner_server-11] [WARN] [1785623440.110832321] []: TF_OLD_DATA ignoring data from the past for frame base_link at time 6.300000 according to authority Authority undetectable
[planner_server-11] Possible reasons are listed at http://wiki.ros.org/tf/Errors%20explained
[route_server-12] [WARN] [1785623440.110843351] []: TF_OLD_DATA ignoring data from the past for frame base_link at time 6.300000 according to authority Authority undetectable
[route_server-12] Possible reasons are listed at http://wiki.ros.org/tf/Errors%20explained
[behavior_server-13] [WARN] [1785623440.110870317] []: TF_OLD_DATA ignoring data from the past for frame base_link at time 6.300000 according to authority Authority undetectable
[behavior_server-13] Possible reasons are listed at http://wiki.ros.org/tf/Errors%20explained
[collision_monitor-17] [WARN] [1785623440.110940670] []: TF_OLD_DATA ignoring data from the past for frame base_link at time 6.300000 according to authority Authority undetectable
[collision_monitor-17] Possible reasons are listed at http://wiki.ros.org/tf/Errors%20explained
[smoother_server-10] [WARN] [1785623440.146076891] []: TF_OLD_DATA ignoring data from the past for frame base_link at time 23.184000 according to authority Authority undetectable
[smoother_server-10] Possible reasons are listed at http://wiki.ros.org/tf/Errors%20explained
[collision_monitor-17] [WARN] [1785623440.146105344] []: TF_OLD_DATA ignoring data from the past for frame base_link at time 23.184000 according to authority Authority undetectable
[collision_monitor-17] Possible reasons are listed at http://wiki.ros.org/tf/Errors%20explained
[behavior_server-13] [WARN] [1785623440.146105309] []: TF_OLD_DATA ignoring data from the past for frame base_link at time 23.184000 according to authority Authority undetectable
[behavior_server-13] Possible reasons are listed at http://wiki.ros.org/tf/Errors%20explained
[amcl-7] [WARN] [1785623440.146140164] []: TF_OLD_DATA ignoring data from the past for frame base_link at time 23.184000 according to authority Authority undetectable
[amcl-7] Possible reasons are listed at http://wiki.ros.org/tf/Errors%20explained
[opennav_docking-18] [WARN] [1785623440.146143511] []: TF_OLD_DATA ignoring data from the past for frame base_link at time 23.184000 according to authority Authority undetectable
[opennav_docking-18] Possible reasons are listed at http://wiki.ros.org/tf/Errors%20explained
[planner_server-11] [WARN] [1785623440.146162552] []: TF_OLD_DATA ignoring data from the past for frame base_link at time 23.184000 according to authority Authority undetectable
[planner_server-11] Possible reasons are listed at http://wiki.ros.org/tf/Errors%20explained
[route_server-12] [WARN] [1785623440.146201191] []: TF_OLD_DATA ignoring data from the past for frame base_link at time 23.184000 according to authority Authority undetectable
[route_server-12] Possible reasons are listed at http://wiki.ros.org/tf/Errors%20explained
[bt_navigator-14] [WARN] [1785623440.146232559] []: TF_OLD_DATA ignoring data from the past for frame base_link at time 23.184000 according to authority Authority undetectable
[bt_navigator-14] Possible reasons are listed at http://wiki.ros.org/tf/Errors%20explained
[controller_server-9] [WARN] [1785623440.146760832] []: TF_OLD_DATA ignoring data from the past for frame base_link at time 23.184000 according to authority Authority undetectable
[controller_server-9] Possible reasons are listed at http://wiki.ros.org/tf/Errors%20explained
[route_server-12] [WARN] [1785623440.147274288] []: TF_OLD_DATA ignoring data from the past for frame base_link at time 6.336000 according to authority Authority undetectable
[route_server-12] Possible reasons are listed at http://wiki.ros.org/tf/Errors%20explained
[opennav_docking-18] [WARN] [1785623440.147285674] []: TF_OLD_DATA ignoring data from the past for frame base_link at time 6.336000 according to authority Authority undetectable
[opennav_docking-18] Possible reasons are listed at http://wiki.ros.org/tf/Errors%20explained
[amcl-7] [WARN] [1785623440.147291751] []: TF_OLD_DATA ignoring data from the past for frame base_link at time 6.336000 according to authority Authority undetectable
[amcl-7] Possible reasons are listed at http://wiki.ros.org/tf/Errors%20explained
[bt_navigator-14] [WARN] [1785623440.147303598] []: TF_OLD_DATA ignoring data from the past for frame base_link at time 6.336000 according to authority Authority undetectable
[bt_navigator-14] Possible reasons are listed at http://wiki.ros.org/tf/Errors%20explained
[planner_server-11] [WARN] [1785623440.147363913] []: TF_OLD_DATA ignoring data from the past for frame base_link at time 6.336000 according to authority Authority undetectable
[planner_server-11] Possible reasons are listed at http://wiki.ros.org/tf/Errors%20explained
[collision_monitor-17] [WARN] [1785623440.147367340] []: TF_OLD_DATA ignoring data from the past for frame base_link at time 6.336000 according to authority Authority undetectable
[collision_monitor-17] Possible reasons are listed at http://wiki.ros.org/tf/Errors%20explained
[controller_server-9] [WARN] [1785623440.147471841] []: TF_OLD_DATA ignoring data from the past for frame base_link at time 6.336000 according to authority Authority undetectable
[controller_server-9] Possible reasons are listed at http://wiki.ros.org/tf/Errors%20explained
[behavior_server-13] [WARN] [1785623440.148320407] []: TF_OLD_DATA ignoring data from the past for frame base_link at time 6.336000 according to authority Authority undetectable
[behavior_server-13] Possible reasons are listed at http://wiki.ros.org/tf/Errors%20explained
[smoother_server-10] [WARN] [1785623440.148333120] []: TF_OLD_DATA ignoring data from the past for frame base_link at time 6.336000 according to authority Authority undetectable
[smoother_server-10] Possible reasons are listed at http://wiki.ros.org/tf/Errors%20explained
[smoother_server-10] [WARN] [1785623440.182192208] []: TF_OLD_DATA ignoring data from the past for frame base_link at time 23.220000 according to authority Authority undetectable
[smoother_server-10] Possible reasons are listed at http://wiki.ros.org/tf/Errors%20explained
[opennav_docking-18] [WARN] [1785623440.182272735] []: TF_OLD_DATA ignoring data from the past for frame base_link at time 23.220000 according to authority Authority undetectable
[opennav_docking-18] Possible reasons are listed at http://wiki.ros.org/tf/Errors%20explained
[route_server-12] [WARN] [1785623440.182406142] []: TF_OLD_DATA ignoring data from the past for frame base_link at time 23.220000 according to authority Authority undetectable
[route_server-12] Possible reasons are listed at http://wiki.ros.org/tf/Errors%20explained
[planner_server-11] [WARN] [1785623440.182411707] []: TF_OLD_DATA ignoring data from the past for frame base_link at time 23.220000 according to authority Authority undetectable
[planner_server-11] Possible reasons are listed at http://wiki.ros.org/tf/Errors%20explained
[controller_server-9] [WARN] [1785623440.182454890] []: TF_OLD_DATA ignoring data from the past for frame base_link at time 23.220000 according to authority Authority undetectable
[controller_server-9] Possible reasons are listed at http://wiki.ros.org/tf/Errors%20explained
[collision_monitor-17] [WARN] [1785623440.182474502] []: TF_OLD_DATA ignoring data from the past for frame base_link at time 23.220000 according to authority Authority undetectable
[collision_monitor-17] Possible reasons are listed at http://wiki.ros.org/tf/Errors%20explained
[amcl-7] [WARN] [1785623440.182518472] []: TF_OLD_DATA ignoring data from the past for frame base_link at time 23.220000 according to authority Authority undetectable
[amcl-7] Possible reasons are listed at http://wiki.ros.org/tf/Errors%20explained
[bt_navigator-14] [WARN] [1785623440.182582636] []: TF_OLD_DATA ignoring data from the past for frame base_link at time 23.220000 according to authority Authority undetectable
[bt_navigator-14] Possible reasons are listed at http://wiki.ros.org/tf/Errors%20explained
[behavior_server-13] [WARN] [1785623440.182760431] []: TF_OLD_DATA ignoring data from the past for frame base_link at time 23.220000 according to authority Authority undetectable
[behavior_server-13] Possible reasons are listed at http://wiki.ros.org/tf/Errors%20explained
[controller_server-9] [WARN] [1785623440.183460730] []: TF_OLD_DATA ignoring data from the past for frame base_link at time 6.372000 according to authority Authority undetectable
[controller_server-9] Possible reasons are listed at http://wiki.ros.org/tf/Errors%20explained
[smoother_server-10] [WARN] [1785623440.183473647] []: TF_OLD_DATA ignoring data from the past for frame base_link at time 6.372000 according to authority Authority undetectable
[smoother_server-10] Possible reasons are listed at http://wiki.ros.org/tf/Errors%20explained
[planner_server-11] [WARN] [1785623440.183481134] []: TF_OLD_DATA ignoring data from the past for frame base_link at time 6.372000 according to authority Authority undetectable
[planner_server-11] Possible reasons are listed at http://wiki.ros.org/tf/Errors%20explained
[route_server-12] [WARN] [1785623440.183490667] []: TF_OLD_DATA ignoring data from the past for frame base_link at time 6.372000 according to authority Authority undetectable
[route_server-12] Possible reasons are listed at http://wiki.ros.org/tf/Errors%20explained
[bt_navigator-14] [WARN] [1785623440.183577246] []: TF_OLD_DATA ignoring data from the past for frame base_link at time 6.372000 according to authority Authority undetectable
[bt_navigator-14] Possible reasons are listed at http://wiki.ros.org/tf/Errors%20explained
[collision_monitor-17] [WARN] [1785623440.183579896] []: TF_OLD_DATA ignoring data from the past for frame base_link at time 6.372000 according to authority Authority undetectable
[collision_monitor-17] Possible reasons are listed at http://wiki.ros.org/tf/Errors%20explained
[opennav_docking-18] [WARN] [1785623440.183631787] []: TF_OLD_DATA ignoring data from the past for frame base_link at time 6.372000 according to authority Authority undetectable
[opennav_docking-18] Possible reasons are listed at http://wiki.ros.org/tf/Errors%20explained
[behavior_server-13] [WARN] [1785623440.183987116] []: TF_OLD_DATA ignoring data from the past for frame base_link at time 6.372000 according to authority Authority undetectable
[behavior_server-13] Possible reasons are listed at http://wiki.ros.org/tf/Errors%20explained
[amcl-7] [WARN] [1785623440.184802804] []: TF_OLD_DATA ignoring data from the past for frame base_link at time 6.372000 according to authority Authority undetectable
[amcl-7] Possible reasons are listed at http://wiki.ros.org/tf/Errors%20explained
[controller_server-9] [WARN] [1785623440.217960528] []: TF_OLD_DATA ignoring data from the past for frame base_link at time 23.256000 according to authority Authority undetectable
[controller_server-9] Possible reasons are listed at http://wiki.ros.org/tf/Errors%20explained
[smoother_server-10] [WARN] [1785623440.217974663] []: TF_OLD_DATA ignoring data from the past for frame base_link at time 23.256000 according to authority Authority undetectable
[smoother_server-10] Possible reasons are listed at http://wiki.ros.org/tf/Errors%20explained
[planner_server-11] [WARN] [1785623440.217996425] []: TF_OLD_DATA ignoring data from the past for frame base_link at time 23.256000 according to authority Authority undetectable
[planner_server-11] Possible reasons are listed at http://wiki.ros.org/tf/Errors%20explained
[behavior_server-13] [WARN] [1785623440.217999520] []: TF_OLD_DATA ignoring data from the past for frame base_link at time 23.256000 according to authority Authority undetectable
[behavior_server-13] Possible reasons are listed at http://wiki.ros.org/tf/Errors%20explained
[collision_monitor-17] [WARN] [1785623440.218034124] []: TF_OLD_DATA ignoring data from the past for frame base_link at time 23.256000 according to authority Authority undetectable
[collision_monitor-17] Possible reasons are listed at http://wiki.ros.org/tf/Errors%20explained
[amcl-7] [WARN] [1785623440.218037842] []: TF_OLD_DATA ignoring data from the past for frame base_link at time 23.256000 according to authority Authority undetectable
[amcl-7] Possible reasons are listed at http://wiki.ros.org/tf/Errors%20explained
[opennav_docking-18] [WARN] [1785623440.218084205] []: TF_OLD_DATA ignoring data from the past for frame base_link at time 23.256000 according to authority Authority undetectable
[opennav_docking-18] Possible reasons are listed at http://wiki.ros.org/tf/Errors%20explained
[bt_navigator-14] [WARN] [1785623440.218097835] []: TF_OLD_DATA ignoring data from the past for frame base_link at time 23.256000 according to authority Authority undetectable
[bt_navigator-14] Possible reasons are listed at http://wiki.ros.org/tf/Errors%20explained
[route_server-12] [WARN] [1785623440.218439225] []: TF_OLD_DATA ignoring data from the past for frame base_link at time 23.256000 according to authority Authority undetectable
[route_server-12] Possible reasons are listed at http://wiki.ros.org/tf/Errors%20explained
[planner_server-11] [WARN] [1785623440.218914177] []: TF_OLD_DATA ignoring data from the past for frame base_link at time 6.408000 according to authority Authority undetectable
[planner_server-11] Possible reasons are listed at http://wiki.ros.org/tf/Errors%20explained
[smoother_server-10] [WARN] [1785623440.218914221] []: TF_OLD_DATA ignoring data from the past for frame base_link at time 6.408000 according to authority Authority undetectable
[smoother_server-10] Possible reasons are listed at http://wiki.ros.org/tf/Errors%20explained
[route_server-12] [WARN] [1785623440.218917549] []: TF_OLD_DATA ignoring data from the past for frame base_link at time 6.408000 according to authority Authority undetectable
[route_server-12] Possible reasons are listed at http://wiki.ros.org/tf/Errors%20explained
[behavior_server-13] [WARN] [1785623440.218932041] []: TF_OLD_DATA ignoring data from the past for frame base_link at time 6.408000 according to authority Authority undetectable
[behavior_server-13] Possible reasons are listed at http://wiki.ros.org/tf/Errors%20explained
[bt_navigator-14] [WARN] [1785623440.218940967] []: TF_OLD_DATA ignoring data from the past for frame base_link at time 6.408000 according to authority Authority undetectable
[bt_navigator-14] Possible reasons are listed at http://wiki.ros.org/tf/Errors%20explained
[amcl-7] [WARN] [1785623440.218942481] []: TF_OLD_DATA ignoring data from the past for frame base_link at time 6.408000 according to authority Authority undetectable
[amcl-7] Possible reasons are listed at http://wiki.ros.org/tf/Errors%20explained
[collision_monitor-17] [WARN] [1785623440.218954663] []: TF_OLD_DATA ignoring data from the past for frame base_link at time 6.408000 according to authority Authority undetectable
[collision_monitor-17] Possible reasons are listed at http://wiki.ros.org/tf/Errors%20explained
[opennav_docking-18] [WARN] [1785623440.219051931] []: TF_OLD_DATA ignoring data from the past for frame base_link at time 6.408000 according to authority Authority undetectable
[opennav_docking-18] Possible reasons are listed at http://wiki.ros.org/tf/Errors%20explained
[controller_server-9] [WARN] [1785623440.220244197] []: TF_OLD_DATA ignoring data from the past for frame base_link at time 6.408000 according to authority Authority undetectable
[controller_server-9] Possible reasons are listed at http://wiki.ros.org/tf/Errors%20explained
[amcl-7] [WARN] [1785623440.254031531] []: TF_OLD_DATA ignoring data from the past for frame base_link at time 23.292000 according to authority Authority undetectable
[amcl-7] Possible reasons are listed at http://wiki.ros.org/tf/Errors%20explained
[planner_server-11] [WARN] [1785623440.254063469] []: TF_OLD_DATA ignoring data from the past for frame base_link at time 23.292000 according to authority Authority undetectable
[planner_server-11] Possible reasons are listed at http://wiki.ros.org/tf/Errors%20explained
[behavior_server-13] [WARN] [1785623440.254083203] []: TF_OLD_DATA ignoring data from the past for frame base_link at time 23.292000 according to authority Authority undetectable
[behavior_server-13] Possible reasons are listed at http://wiki.ros.org/tf/Errors%20explained
[bt_navigator-14] [WARN] [1785623440.254108999] []: TF_OLD_DATA ignoring data from the past for frame base_link at time 23.292000 according to authority Authority undetectable
[bt_navigator-14] Possible reasons are listed at http://wiki.ros.org/tf/Errors%20explained
[collision_monitor-17] [WARN] [1785623440.254123616] []: TF_OLD_DATA ignoring data from the past for frame base_link at time 23.292000 according to authority Authority undetectable
[collision_monitor-17] Possible reasons are listed at http://wiki.ros.org/tf/Errors%20explained
[opennav_docking-18] [WARN] [1785623440.254074291] []: TF_OLD_DATA ignoring data from the past for frame base_link at time 23.292000 according to authority Authority undetectable
[opennav_docking-18] Possible reasons are listed at http://wiki.ros.org/tf/Errors%20explained
[controller_server-9] [WARN] [1785623440.254196417] []: TF_OLD_DATA ignoring data from the past for frame base_link at time 23.292000 according to authority Authority undetectable
[controller_server-9] Possible reasons are listed at http://wiki.ros.org/tf/Errors%20explained
[smoother_server-10] [WARN] [1785623440.254200534] []: TF_OLD_DATA ignoring data from the past for frame base_link at time 23.292000 according to authority Authority undetectable
[smoother_server-10] Possible reasons are listed at http://wiki.ros.org/tf/Errors%20explained
[route_server-12] [WARN] [1785623440.254202325] []: TF_OLD_DATA ignoring data from the past for frame base_link at time 23.292000 according to authority Authority undetectable
[route_server-12] Possible reasons are listed at http://wiki.ros.org/tf/Errors%20explained
[amcl-7] [WARN] [1785623440.254967944] []: TF_OLD_DATA ignoring data from the past for frame base_link at time 6.444000 according to authority Authority undetectable
[amcl-7] Possible reasons are listed at http://wiki.ros.org/tf/Errors%20explained
[planner_server-11] [WARN] [1785623440.255026107] []: TF_OLD_DATA ignoring data from the past for frame base_link at time 6.444000 according to authority Authority undetectable
[planner_server-11] Possible reasons are listed at http://wiki.ros.org/tf/Errors%20explained
[controller_server-9] [WARN] [1785623440.255062952] []: TF_OLD_DATA ignoring data from the past for frame base_link at time 6.444000 according to authority Authority undetectable
[controller_server-9] Possible reasons are listed at http://wiki.ros.org/tf/Errors%20explained
[behavior_server-13] [WARN] [1785623440.254986233] []: TF_OLD_DATA ignoring data from the past for frame base_link at time 6.444000 according to authority Authority undetectable
[behavior_server-13] Possible reasons are listed at http://wiki.ros.org/tf/Errors%20explained
[smoother_server-10] [WARN] [1785623440.255134389] []: TF_OLD_DATA ignoring data from the past for frame base_link at time 6.444000 according to authority Authority undetectable
[smoother_server-10] Possible reasons are listed at http://wiki.ros.org/tf/Errors%20explained
[collision_monitor-17] [WARN] [1785623440.255094493] []: TF_OLD_DATA ignoring data from the past for frame base_link at time 6.444000 according to authority Authority undetectable
[collision_monitor-17] Possible reasons are listed at http://wiki.ros.org/tf/Errors%20explained
[route_server-12] [WARN] [1785623440.255195926] []: TF_OLD_DATA ignoring data from the past for frame base_link at time 6.444000 according to authority Authority undetectable
[route_server-12] Possible reasons are listed at http://wiki.ros.org/tf/Errors%20explained
[bt_navigator-14] [WARN] [1785623440.255208199] []: TF_OLD_DATA ignoring data from the past for frame base_link at time 6.444000 according to authority Authority undetectable
[bt_navigator-14] Possible reasons are listed at http://wiki.ros.org/tf/Errors%20explained
[opennav_docking-18] [WARN] [1785623440.255347657] []: TF_OLD_DATA ignoring data from the past for frame base_link at time 6.444000 according to authority Authority undetectable
[opennav_docking-18] Possible reasons are listed at http://wiki.ros.org/tf/Errors%20explained
[amcl-7] [WARN] [1785623440.289919011] []: TF_OLD_DATA ignoring data from the past for frame base_link at time 23.328000 according to authority Authority undetectable
[amcl-7] Possible reasons are listed at http://wiki.ros.org/tf/Errors%20explained
[controller_server-9] [WARN] [1785623440.289916949] []: TF_OLD_DATA ignoring data from the past for frame base_link at time 23.328000 according to authority Authority undetectable
[controller_server-9] Possible reasons are listed at http://wiki.ros.org/tf/Errors%20explained
[smoother_server-10] [WARN] [1785623440.289930449] []: TF_OLD_DATA ignoring data from the past for frame base_link at time 23.328000 according to authority Authority undetectable
[smoother_server-10] Possible reasons are listed at http://wiki.ros.org/tf/Errors%20explained
[bt_navigator-14] [WARN] [1785623440.289916977] []: TF_OLD_DATA ignoring data from the past for frame base_link at time 23.328000 according to authority Authority undetectable
[bt_navigator-14] Possible reasons are listed at http://wiki.ros.org/tf/Errors%20explained
[route_server-12] [WARN] [1785623440.289943851] []: TF_OLD_DATA ignoring data from the past for frame base_link at time 23.328000 according to authority Authority undetectable
[route_server-12] Possible reasons are listed at http://wiki.ros.org/tf/Errors%20explained
[collision_monitor-17] [WARN] [1785623440.289993730] []: TF_OLD_DATA ignoring data from the past for frame base_link at time 23.328000 according to authority Authority undetectable
[collision_monitor-17] Possible reasons are listed at http://wiki.ros.org/tf/Errors%20explained
[opennav_docking-18] [WARN] [1785623440.290004398] []: TF_OLD_DATA ignoring data from the past for frame base_link at time 23.328000 according to authority Authority undetectable
[opennav_docking-18] Possible reasons are listed at http://wiki.ros.org/tf/Errors%20explained
[behavior_server-13] [WARN] [1785623440.290039520] []: TF_OLD_DATA ignoring data from the past for frame base_link at time 23.328000 according to authority Authority undetectable
[behavior_server-13] Possible reasons are listed at http://wiki.ros.org/tf/Errors%20explained
[planner_server-11] [WARN] [1785623440.290054766] []: TF_OLD_DATA ignoring data from the past for frame base_link at time 23.328000 according to authority Authority undetectable
[planner_server-11] Possible reasons are listed at http://wiki.ros.org/tf/Errors%20explained
[controller_server-9] [WARN] [1785623440.290827223] []: TF_OLD_DATA ignoring data from the past for frame base_link at time 6.480000 according to authority Authority undetectable
[controller_server-9] Possible reasons are listed at http://wiki.ros.org/tf/Errors%20explained
[amcl-7] [WARN] [1785623440.290832532] []: TF_OLD_DATA ignoring data from the past for frame base_link at time 6.480000 according to authority Authority undetectable
[amcl-7] Possible reasons are listed at http://wiki.ros.org/tf/Errors%20explained
[smoother_server-10] [WARN] [1785623440.290849171] []: TF_OLD_DATA ignoring data from the past for frame base_link at time 6.480000 according to authority Authority undetectable
[smoother_server-10] Possible reasons are listed at http://wiki.ros.org/tf/Errors%20explained
[bt_navigator-14] [WARN] [1785623440.290882788] []: TF_OLD_DATA ignoring data from the past for frame base_link at time 6.480000 according to authority Authority undetectable
[bt_navigator-14] Possible reasons are listed at http://wiki.ros.org/tf/Errors%20explained
[behavior_server-13] [WARN] [1785623440.290898715] []: TF_OLD_DATA ignoring data from the past for frame base_link at time 6.480000 according to authority Authority undetectable
[behavior_server-13] Possible reasons are listed at http://wiki.ros.org/tf/Errors%20explained
[collision_monitor-17] [WARN] [1785623440.290944420] []: TF_OLD_DATA ignoring data from the past for frame base_link at time 6.480000 according to authority Authority undetectable
[collision_monitor-17] Possible reasons are listed at http://wiki.ros.org/tf/Errors%20explained
[route_server-12] [WARN] [1785623440.290963483] []: TF_OLD_DATA ignoring data from the past for frame base_link at time 6.480000 according to authority Authority undetectable
[route_server-12] Possible reasons are listed at http://wiki.ros.org/tf/Errors%20explained
[opennav_docking-18] [WARN] [1785623440.290979976] []: TF_OLD_DATA ignoring data from the past for frame base_link at time 6.480000 according to authority Authority undetectable
[opennav_docking-18] Possible reasons are listed at http://wiki.ros.org/tf/Errors%20explained
[planner_server-11] [WARN] [1785623440.291070615] []: TF_OLD_DATA ignoring data from the past for frame base_link at time 6.480000 according to authority Authority undetectable
[planner_server-11] Possible reasons are listed at http://wiki.ros.org/tf/Errors%20explained
[amcl-7] [WARN] [1785623440.326235068] []: TF_OLD_DATA ignoring data from the past for frame base_link at time 23.364000 according to authority Authority undetectable
[amcl-7] Possible reasons are listed at http://wiki.ros.org/tf/Errors%20explained
[opennav_docking-18] [WARN] [1785623440.326246670] []: TF_OLD_DATA ignoring data from the past for frame base_link at time 23.364000 according to authority Authority undetectable
[opennav_docking-18] Possible reasons are listed at http://wiki.ros.org/tf/Errors%20explained
[smoother_server-10] [WARN] [1785623440.326263324] []: TF_OLD_DATA ignoring data from the past for frame base_link at time 23.364000 according to authority Authority undetectable
[smoother_server-10] Possible reasons are listed at http://wiki.ros.org/tf/Errors%20explained
[bt_navigator-14] [WARN] [1785623440.326264020] []: TF_OLD_DATA ignoring data from the past for frame base_link at time 23.364000 according to authority Authority undetectable
[bt_navigator-14] Possible reasons are listed at http://wiki.ros.org/tf/Errors%20explained
[controller_server-9] [WARN] [1785623440.326330325] []: TF_OLD_DATA ignoring data from the past for frame base_link at time 23.364000 according to authority Authority undetectable
[controller_server-9] Possible reasons are listed at http://wiki.ros.org/tf/Errors%20explained
[route_server-12] [WARN] [1785623440.326334917] []: TF_OLD_DATA ignoring data from the past for frame base_link at time 23.364000 according to authority Authority undetectable
[route_server-12] Possible reasons are listed at http://wiki.ros.org/tf/Errors%20explained
[planner_server-11] [WARN] [1785623440.326340881] []: TF_OLD_DATA ignoring data from the past for frame base_link at time 23.364000 according to authority Authority undetectable
[planner_server-11] Possible reasons are listed at http://wiki.ros.org/tf/Errors%20explained
[collision_monitor-17] [WARN] [1785623440.326377319] []: TF_OLD_DATA ignoring data from the past for frame base_link at time 23.364000 according to authority Authority undetectable
[collision_monitor-17] Possible reasons are listed at http://wiki.ros.org/tf/Errors%20explained
[behavior_server-13] [WARN] [1785623440.326423885] []: TF_OLD_DATA ignoring data from the past for frame base_link at time 23.364000 according to authority Authority undetectable
[behavior_server-13] Possible reasons are listed at http://wiki.ros.org/tf/Errors%20explained
[controller_server-9] [WARN] [1785623440.327538475] []: TF_OLD_DATA ignoring data from the past for frame base_link at time 6.516000 according to authority Authority undetectable
[controller_server-9] Possible reasons are listed at http://wiki.ros.org/tf/Errors%20explained
[route_server-12] [WARN] [1785623440.327546235] []: TF_OLD_DATA ignoring data from the past for frame base_link at time 6.516000 according to authority Authority undetectable
[route_server-12] Possible reasons are listed at http://wiki.ros.org/tf/Errors%20explained
[bt_navigator-14] [WARN] [1785623440.327547297] []: TF_OLD_DATA ignoring data from the past for frame base_link at time 6.516000 according to authority Authority undetectable
[bt_navigator-14] Possible reasons are listed at http://wiki.ros.org/tf/Errors%20explained
[behavior_server-13] [WARN] [1785623440.327562911] []: TF_OLD_DATA ignoring data from the past for frame base_link at time 6.516000 according to authority Authority undetectable
[behavior_server-13] Possible reasons are listed at http://wiki.ros.org/tf/Errors%20explained
[collision_monitor-17] [WARN] [1785623440.327596546] []: TF_OLD_DATA ignoring data from the past for frame base_link at time 6.516000 according to authority Authority undetectable
[collision_monitor-17] Possible reasons are listed at http://wiki.ros.org/tf/Errors%20explained
[smoother_server-10] [WARN] [1785623440.327618096] []: TF_OLD_DATA ignoring data from the past for frame base_link at time 6.516000 according to authority Authority undetectable
[smoother_server-10] Possible reasons are listed at http://wiki.ros.org/tf/Errors%20explained
[planner_server-11] [WARN] [1785623440.327621635] []: TF_OLD_DATA ignoring data from the past for frame base_link at time 6.516000 according to authority Authority undetectable
[planner_server-11] Possible reasons are listed at http://wiki.ros.org/tf/Errors%20explained
[amcl-7] [WARN] [1785623440.327626822] []: TF_OLD_DATA ignoring data from the past for frame base_link at time 6.516000 according to authority Authority undetectable
[amcl-7] Possible reasons are listed at http://wiki.ros.org/tf/Errors%20explained
[opennav_docking-18] [WARN] [1785623440.327654407] []: TF_OLD_DATA ignoring data from the past for frame base_link at time 6.516000 according to authority Authority undetectable
[opennav_docking-18] Possible reasons are listed at http://wiki.ros.org/tf/Errors%20explained
[amcl-7] [WARN] [1785623440.361956040] []: TF_OLD_DATA ignoring data from the past for frame base_link at time 23.400000 according to authority Authority undetectable
[amcl-7] Possible reasons are listed at http://wiki.ros.org/tf/Errors%20explained
[controller_server-9] [WARN] [1785623440.361956416] []: TF_OLD_DATA ignoring data from the past for frame base_link at time 23.400000 according to authority Authority undetectable
[controller_server-9] Possible reasons are listed at http://wiki.ros.org/tf/Errors%20explained
[bt_navigator-14] [WARN] [1785623440.361978987] []: TF_OLD_DATA ignoring data from the past for frame base_link at time 23.400000 according to authority Authority undetectable
[bt_navigator-14] Possible reasons are listed at http://wiki.ros.org/tf/Errors%20explained
[collision_monitor-17] [WARN] [1785623440.361984108] []: TF_OLD_DATA ignoring data from the past for frame base_link at time 23.400000 according to authority Authority undetectable
[collision_monitor-17] Possible reasons are listed at http://wiki.ros.org/tf/Errors%20explained
[route_server-12] [WARN] [1785623440.362001507] []: TF_OLD_DATA ignoring data from the past for frame base_link at time 23.400000 according to authority Authority undetectable
[route_server-12] Possible reasons are listed at http://wiki.ros.org/tf/Errors%20explained
[opennav_docking-18] [WARN] [1785623440.362018036] []: TF_OLD_DATA ignoring data from the past for frame base_link at time 23.400000 according to authority Authority undetectable
[opennav_docking-18] Possible reasons are listed at http://wiki.ros.org/tf/Errors%20explained
[planner_server-11] [WARN] [1785623440.362023286] []: TF_OLD_DATA ignoring data from the past for frame base_link at time 23.400000 according to authority Authority undetectable
[planner_server-11] Possible reasons are listed at http://wiki.ros.org/tf/Errors%20explained
[smoother_server-10] [WARN] [1785623440.362031996] []: TF_OLD_DATA ignoring data from the past for frame base_link at time 23.400000 according to authority Authority undetectable
[smoother_server-10] Possible reasons are listed at http://wiki.ros.org/tf/Errors%20explained
[behavior_server-13] [WARN] [1785623440.362093920] []: TF_OLD_DATA ignoring data from the past for frame base_link at time 23.400000 according to authority Authority undetectable
[behavior_server-13] Possible reasons are listed at http://wiki.ros.org/tf/Errors%20explained
[amcl-7] [WARN] [1785623440.362991577] []: TF_OLD_DATA ignoring data from the past for frame base_link at time 6.552000 according to authority Authority undetectable
[amcl-7] Possible reasons are listed at http://wiki.ros.org/tf/Errors%20explained
[smoother_server-10] [WARN] [1785623440.362996571] []: TF_OLD_DATA ignoring data from the past for frame base_link at time 6.552000 according to authority Authority undetectable
[smoother_server-10] Possible reasons are listed at http://wiki.ros.org/tf/Errors%20explained
[route_server-12] [WARN] [1785623440.363012876] []: TF_OLD_DATA ignoring data from the past for frame base_link at time 6.552000 according to authority Authority undetectable
[route_server-12] Possible reasons are listed at http://wiki.ros.org/tf/Errors%20explained
[bt_navigator-14] [WARN] [1785623440.363017381] []: TF_OLD_DATA ignoring data from the past for frame base_link at time 6.552000 according to authority Authority undetectable
[bt_navigator-14] Possible reasons are listed at http://wiki.ros.org/tf/Errors%20explained
[planner_server-11] [WARN] [1785623440.363036114] []: TF_OLD_DATA ignoring data from the past for frame base_link at time 6.552000 according to authority Authority undetectable
[planner_server-11] Possible reasons are listed at http://wiki.ros.org/tf/Errors%20explained
[collision_monitor-17] [WARN] [1785623440.363039392] []: TF_OLD_DATA ignoring data from the past for frame base_link at time 6.552000 according to authority Authority undetectable
[collision_monitor-17] Possible reasons are listed at http://wiki.ros.org/tf/Errors%20explained
[controller_server-9] [WARN] [1785623440.363046817] []: TF_OLD_DATA ignoring data from the past for frame base_link at time 6.552000 according to authority Authority undetectable
[controller_server-9] Possible reasons are listed at http://wiki.ros.org/tf/Errors%20explained
[opennav_docking-18] [WARN] [1785623440.363061319] []: TF_OLD_DATA ignoring data from the past for frame base_link at time 6.552000 according to authority Authority undetectable
[opennav_docking-18] Possible reasons are listed at http://wiki.ros.org/tf/Errors%20explained
[behavior_server-13] [WARN] [1785623440.363131817] []: TF_OLD_DATA ignoring data from the past for frame base_link at time 6.552000 according to authority Authority undetectable
[behavior_server-13] Possible reasons are listed at http://wiki.ros.org/tf/Errors%20explained
[smoother_server-10] [INFO] [1785623440.383370643] [smoother_server]: Received a path to smooth.
[planner_server-11] [WARN] [1785623440.398210660] []: TF_OLD_DATA ignoring data from the past for frame base_link at time 23.436000 according to authority Authority undetectable
[planner_server-11] Possible reasons are listed at http://wiki.ros.org/tf/Errors%20explained
[controller_server-9] [WARN] [1785623440.398210967] []: TF_OLD_DATA ignoring data from the past for frame base_link at time 23.436000 according to authority Authority undetectable
[controller_server-9] Possible reasons are listed at http://wiki.ros.org/tf/Errors%20explained
[bt_navigator-14] [WARN] [1785623440.398232784] []: TF_OLD_DATA ignoring data from the past for frame base_link at time 23.436000 according to authority Authority undetectable
[bt_navigator-14] Possible reasons are listed at http://wiki.ros.org/tf/Errors%20explained
[opennav_docking-18] [WARN] [1785623440.398267868] []: TF_OLD_DATA ignoring data from the past for frame base_link at time 23.436000 according to authority Authority undetectable
[opennav_docking-18] Possible reasons are listed at http://wiki.ros.org/tf/Errors%20explained
[behavior_server-13] [WARN] [1785623440.398271338] []: TF_OLD_DATA ignoring data from the past for frame base_link at time 23.436000 according to authority Authority undetectable
[behavior_server-13] Possible reasons are listed at http://wiki.ros.org/tf/Errors%20explained
[amcl-7] [WARN] [1785623440.398285101] []: TF_OLD_DATA ignoring data from the past for frame base_link at time 23.436000 according to authority Authority undetectable
[amcl-7] Possible reasons are listed at http://wiki.ros.org/tf/Errors%20explained
[smoother_server-10] [WARN] [1785623440.398361921] []: TF_OLD_DATA ignoring data from the past for frame base_link at time 23.436000 according to authority Authority undetectable
[smoother_server-10] Possible reasons are listed at http://wiki.ros.org/tf/Errors%20explained
[route_server-12] [WARN] [1785623440.398366365] []: TF_OLD_DATA ignoring data from the past for frame base_link at time 23.436000 according to authority Authority undetectable
[route_server-12] Possible reasons are listed at http://wiki.ros.org/tf/Errors%20explained
[collision_monitor-17] [WARN] [1785623440.398386525] []: TF_OLD_DATA ignoring data from the past for frame base_link at time 23.436000 according to authority Authority undetectable
[collision_monitor-17] Possible reasons are listed at http://wiki.ros.org/tf/Errors%20explained
[amcl-7] [WARN] [1785623440.399551204] []: TF_OLD_DATA ignoring data from the past for frame base_link at time 6.588000 according to authority Authority undetectable
[amcl-7] Possible reasons are listed at http://wiki.ros.org/tf/Errors%20explained
[controller_server-9] [WARN] [1785623440.399551372] []: TF_OLD_DATA ignoring data from the past for frame base_link at time 6.588000 according to authority Authority undetectable
[controller_server-9] Possible reasons are listed at http://wiki.ros.org/tf/Errors%20explained
[planner_server-11] [WARN] [1785623440.399573121] []: TF_OLD_DATA ignoring data from the past for frame base_link at time 6.588000 according to authority Authority undetectable
[planner_server-11] Possible reasons are listed at http://wiki.ros.org/tf/Errors%20explained
[opennav_docking-18] [WARN] [1785623440.399585799] []: TF_OLD_DATA ignoring data from the past for frame base_link at time 6.588000 according to authority Authority undetectable
[opennav_docking-18] Possible reasons are listed at http://wiki.ros.org/tf/Errors%20explained
[smoother_server-10] [WARN] [1785623440.399586557] []: TF_OLD_DATA ignoring data from the past for frame base_link at time 6.588000 according to authority Authority undetectable
[smoother_server-10] Possible reasons are listed at http://wiki.ros.org/tf/Errors%20explained
[bt_navigator-14] [WARN] [1785623440.399619688] []: TF_OLD_DATA ignoring data from the past for frame base_link at time 6.588000 according to authority Authority undetectable
[bt_navigator-14] Possible reasons are listed at http://wiki.ros.org/tf/Errors%20explained
[collision_monitor-17] [WARN] [1785623440.399625161] []: TF_OLD_DATA ignoring data from the past for frame base_link at time 6.588000 according to authority Authority undetectable
[collision_monitor-17] Possible reasons are listed at http://wiki.ros.org/tf/Errors%20explained
[behavior_server-13] [WARN] [1785623440.399651006] []: TF_OLD_DATA ignoring data from the past for frame base_link at time 6.588000 according to authority Authority undetectable
[behavior_server-13] Possible reasons are listed at http://wiki.ros.org/tf/Errors%20explained
[route_server-12] [WARN] [1785623440.399689183] []: TF_OLD_DATA ignoring data from the past for frame base_link at time 6.588000 according to authority Authority undetectable
[route_server-12] Possible reasons are listed at http://wiki.ros.org/tf/Errors%20explained
[amcl-7] [WARN] [1785623440.434002689] []: TF_OLD_DATA ignoring data from the past for frame base_link at time 23.472000 according to authority Authority undetectable
[amcl-7] Possible reasons are listed at http://wiki.ros.org/tf/Errors%20explained
[smoother_server-10] [WARN] [1785623440.434020153] []: TF_OLD_DATA ignoring data from the past for frame base_link at time 23.472000 according to authority Authority undetectable
[smoother_server-10] Possible reasons are listed at http://wiki.ros.org/tf/Errors%20explained
[behavior_server-13] [WARN] [1785623440.434076470] []: TF_OLD_DATA ignoring data from the past for frame base_link at time 23.472000 according to authority Authority undetectable
[behavior_server-13] Possible reasons are listed at http://wiki.ros.org/tf/Errors%20explained
[controller_server-9] [WARN] [1785623440.434118171] []: TF_OLD_DATA ignoring data from the past for frame base_link at time 23.472000 according to authority Authority undetectable
[controller_server-9] Possible reasons are listed at http://wiki.ros.org/tf/Errors%20explained
[route_server-12] [WARN] [1785623440.434120624] []: TF_OLD_DATA ignoring data from the past for frame base_link at time 23.472000 according to authority Authority undetectable
[route_server-12] Possible reasons are listed at http://wiki.ros.org/tf/Errors%20explained
[opennav_docking-18] [WARN] [1785623440.434127062] []: TF_OLD_DATA ignoring data from the past for frame base_link at time 23.472000 according to authority Authority undetectable
[opennav_docking-18] Possible reasons are listed at http://wiki.ros.org/tf/Errors%20explained
[collision_monitor-17] [WARN] [1785623440.434179038] []: TF_OLD_DATA ignoring data from the past for frame base_link at time 23.472000 according to authority Authority undetectable
[collision_monitor-17] Possible reasons are listed at http://wiki.ros.org/tf/Errors%20explained
[planner_server-11] [WARN] [1785623440.434020271] []: TF_OLD_DATA ignoring data from the past for frame base_link at time 23.472000 according to authority Authority undetectable
[planner_server-11] Possible reasons are listed at http://wiki.ros.org/tf/Errors%20explained
[bt_navigator-14] [WARN] [1785623440.434261864] []: TF_OLD_DATA ignoring data from the past for frame base_link at time 23.472000 according to authority Authority undetectable
[bt_navigator-14] Possible reasons are listed at http://wiki.ros.org/tf/Errors%20explained
[smoother_server-10] [WARN] [1785623440.435201711] []: TF_OLD_DATA ignoring data from the past for frame base_link at time 6.624000 according to authority Authority undetectable
[smoother_server-10] Possible reasons are listed at http://wiki.ros.org/tf/Errors%20explained
[collision_monitor-17] [WARN] [1785623440.435213796] []: TF_OLD_DATA ignoring data from the past for frame base_link at time 6.624000 according to authority Authority undetectable
[collision_monitor-17] Possible reasons are listed at http://wiki.ros.org/tf/Errors%20explained
[opennav_docking-18] [WARN] [1785623440.435233028] []: TF_OLD_DATA ignoring data from the past for frame base_link at time 6.624000 according to authority Authority undetectable
[opennav_docking-18] Possible reasons are listed at http://wiki.ros.org/tf/Errors%20explained
[planner_server-11] [WARN] [1785623440.435232336] []: TF_OLD_DATA ignoring data from the past for frame base_link at time 6.624000 according to authority Authority undetectable
[planner_server-11] Possible reasons are listed at http://wiki.ros.org/tf/Errors%20explained
[route_server-12] [WARN] [1785623440.435255637] []: TF_OLD_DATA ignoring data from the past for frame base_link at time 6.624000 according to authority Authority undetectable
[route_server-12] Possible reasons are listed at http://wiki.ros.org/tf/Errors%20explained
[amcl-7] [WARN] [1785623440.435257426] []: TF_OLD_DATA ignoring data from the past for frame base_link at time 6.624000 according to authority Authority undetectable
[amcl-7] Possible reasons are listed at http://wiki.ros.org/tf/Errors%20explained
[behavior_server-13] [WARN] [1785623440.435360302] []: TF_OLD_DATA ignoring data from the past for frame base_link at time 6.624000 according to authority Authority undetectable
[behavior_server-13] Possible reasons are listed at http://wiki.ros.org/tf/Errors%20explained
[bt_navigator-14] [WARN] [1785623440.435533706] []: TF_OLD_DATA ignoring data from the past for frame base_link at time 6.624000 according to authority Authority undetectable
[bt_navigator-14] Possible reasons are listed at http://wiki.ros.org/tf/Errors%20explained
[controller_server-9] [WARN] [1785623440.436242838] []: TF_OLD_DATA ignoring data from the past for frame base_link at time 6.624000 according to authority Authority undetectable
[controller_server-9] Possible reasons are listed at http://wiki.ros.org/tf/Errors%20explained
[controller_server-9] [WARN] [1785623440.469883928] []: TF_OLD_DATA ignoring data from the past for frame base_link at time 23.508000 according to authority Authority undetectable
[controller_server-9] Possible reasons are listed at http://wiki.ros.org/tf/Errors%20explained
[amcl-7] [WARN] [1785623440.469902696] []: TF_OLD_DATA ignoring data from the past for frame base_link at time 23.508000 according to authority Authority undetectable
[amcl-7] Possible reasons are listed at http://wiki.ros.org/tf/Errors%20explained
[planner_server-11] [WARN] [1785623440.469902617] []: TF_OLD_DATA ignoring data from the past for frame base_link at time 23.508000 according to authority Authority undetectable
[planner_server-11] Possible reasons are listed at http://wiki.ros.org/tf/Errors%20explained
[bt_navigator-14] [WARN] [1785623440.469923856] []: TF_OLD_DATA ignoring data from the past for frame base_link at time 23.508000 according to authority Authority undetectable
[bt_navigator-14] Possible reasons are listed at http://wiki.ros.org/tf/Errors%20explained
[collision_monitor-17] [WARN] [1785623440.469945007] []: TF_OLD_DATA ignoring data from the past for frame base_link at time 23.508000 according to authority Authority undetectable
[collision_monitor-17] Possible reasons are listed at http://wiki.ros.org/tf/Errors%20explained
[behavior_server-13] [WARN] [1785623440.469948019] []: TF_OLD_DATA ignoring data from the past for frame base_link at time 23.508000 according to authority Authority undetectable
[behavior_server-13] Possible reasons are listed at http://wiki.ros.org/tf/Errors%20explained
[opennav_docking-18] [WARN] [1785623440.469970620] []: TF_OLD_DATA ignoring data from the past for frame base_link at time 23.508000 according to authority Authority undetectable
[opennav_docking-18] Possible reasons are listed at http://wiki.ros.org/tf/Errors%20explained
[smoother_server-10] [WARN] [1785623440.469974692] []: TF_OLD_DATA ignoring data from the past for frame base_link at time 23.508000 according to authority Authority undetectable
[smoother_server-10] Possible reasons are listed at http://wiki.ros.org/tf/Errors%20explained
[route_server-12] [WARN] [1785623440.469998973] []: TF_OLD_DATA ignoring data from the past for frame base_link at time 23.508000 according to authority Authority undetectable
[route_server-12] Possible reasons are listed at http://wiki.ros.org/tf/Errors%20explained
[controller_server-9] [WARN] [1785623440.471806567] []: TF_OLD_DATA ignoring data from the past for frame base_link at time 6.660000 according to authority Authority undetectable
[controller_server-9] Possible reasons are listed at http://wiki.ros.org/tf/Errors%20explained
[smoother_server-10] [WARN] [1785623440.471820557] []: TF_OLD_DATA ignoring data from the past for frame base_link at time 6.660000 according to authority Authority undetectable
[smoother_server-10] Possible reasons are listed at http://wiki.ros.org/tf/Errors%20explained
[collision_monitor-17] [WARN] [1785623440.471818276] []: TF_OLD_DATA ignoring data from the past for frame base_link at time 6.660000 according to authority Authority undetectable
[collision_monitor-17] Possible reasons are listed at http://wiki.ros.org/tf/Errors%20explained
[route_server-12] [WARN] [1785623440.471857300] []: TF_OLD_DATA ignoring data from the past for frame base_link at time 6.660000 according to authority Authority undetectable
[route_server-12] Possible reasons are listed at http://wiki.ros.org/tf/Errors%20explained
[amcl-7] [WARN] [1785623440.471924590] []: TF_OLD_DATA ignoring data from the past for frame base_link at time 6.660000 according to authority Authority undetectable
[amcl-7] Possible reasons are listed at http://wiki.ros.org/tf/Errors%20explained
[planner_server-11] [WARN] [1785623440.471924775] []: TF_OLD_DATA ignoring data from the past for frame base_link at time 6.660000 according to authority Authority undetectable
[planner_server-11] Possible reasons are listed at http://wiki.ros.org/tf/Errors%20explained
[behavior_server-13] [WARN] [1785623440.471927422] []: TF_OLD_DATA ignoring data from the past for frame base_link at time 6.660000 according to authority Authority undetectable
[behavior_server-13] Possible reasons are listed at http://wiki.ros.org/tf/Errors%20explained
[bt_navigator-14] [WARN] [1785623440.471955558] []: TF_OLD_DATA ignoring data from the past for frame base_link at time 6.660000 according to authority Authority undetectable
[bt_navigator-14] Possible reasons are listed at http://wiki.ros.org/tf/Errors%20explained
[opennav_docking-18] [WARN] [1785623440.472030087] []: TF_OLD_DATA ignoring data from the past for frame base_link at time 6.660000 according to authority Authority undetectable
[opennav_docking-18] Possible reasons are listed at http://wiki.ros.org/tf/Errors%20explained
[smoother_server-10] [INFO] [1785623440.483910850] [smoother_server]: PSTMO: 10 corners, 10 G2, 0 pivots, 0 pass-through, 400 evaluations, 0.100356 s
[controller_server-9] [INFO] [1785623440.501640891] [local_costmap.local_costmap]: Message Filter dropping message: frame 'laser' at time 23.532 for reason 'the timestamp on the message is earlier than all the data in the transform cache'
[opennav_docking-18] [WARN] [1785623440.505978700] []: TF_OLD_DATA ignoring data from the past for frame base_link at time 23.544000 according to authority Authority undetectable
[opennav_docking-18] Possible reasons are listed at http://wiki.ros.org/tf/Errors%20explained
[behavior_server-13] [WARN] [1785623440.505978770] []: TF_OLD_DATA ignoring data from the past for frame base_link at time 23.544000 according to authority Authority undetectable
[behavior_server-13] Possible reasons are listed at http://wiki.ros.org/tf/Errors%20explained
[collision_monitor-17] [WARN] [1785623440.505980937] []: TF_OLD_DATA ignoring data from the past for frame base_link at time 23.544000 according to authority Authority undetectable
[collision_monitor-17] Possible reasons are listed at http://wiki.ros.org/tf/Errors%20explained
[route_server-12] [WARN] [1785623440.505999144] []: TF_OLD_DATA ignoring data from the past for frame base_link at time 23.544000 according to authority Authority undetectable
[route_server-12] Possible reasons are listed at http://wiki.ros.org/tf/Errors%20explained
[smoother_server-10] [WARN] [1785623440.506002898] []: TF_OLD_DATA ignoring data from the past for frame base_link at time 23.544000 according to authority Authority undetectable
[smoother_server-10] Possible reasons are listed at http://wiki.ros.org/tf/Errors%20explained
[bt_navigator-14] [WARN] [1785623440.506018147] []: TF_OLD_DATA ignoring data from the past for frame base_link at time 23.544000 according to authority Authority undetectable
[bt_navigator-14] Possible reasons are listed at http://wiki.ros.org/tf/Errors%20explained
[controller_server-9] [WARN] [1785623440.506040713] []: TF_OLD_DATA ignoring data from the past for frame base_link at time 23.544000 according to authority Authority undetectable
[controller_server-9] Possible reasons are listed at http://wiki.ros.org/tf/Errors%20explained
[amcl-7] [WARN] [1785623440.506085843] []: TF_OLD_DATA ignoring data from the past for frame base_link at time 23.544000 according to authority Authority undetectable
[amcl-7] Possible reasons are listed at http://wiki.ros.org/tf/Errors%20explained
[planner_server-11] [WARN] [1785623440.506109525] []: TF_OLD_DATA ignoring data from the past for frame base_link at time 23.544000 according to authority Authority undetectable
[planner_server-11] Possible reasons are listed at http://wiki.ros.org/tf/Errors%20explained
[smoother_server-10] [WARN] [1785623440.507158374] []: TF_OLD_DATA ignoring data from the past for frame base_link at time 6.696000 according to authority Authority undetectable
[smoother_server-10] Possible reasons are listed at http://wiki.ros.org/tf/Errors%20explained
[behavior_server-13] [WARN] [1785623440.507158500] []: TF_OLD_DATA ignoring data from the past for frame base_link at time 6.696000 according to authority Authority undetectable
[behavior_server-13] Possible reasons are listed at http://wiki.ros.org/tf/Errors%20explained
[bt_navigator-14] [WARN] [1785623440.507203410] []: TF_OLD_DATA ignoring data from the past for frame base_link at time 6.696000 according to authority Authority undetectable
[bt_navigator-14] Possible reasons are listed at http://wiki.ros.org/tf/Errors%20explained
[amcl-7] [WARN] [1785623440.507259776] []: TF_OLD_DATA ignoring data from the past for frame base_link at time 6.696000 according to authority Authority undetectable
[amcl-7] Possible reasons are listed at http://wiki.ros.org/tf/Errors%20explained
[planner_server-11] [WARN] [1785623440.507271725] []: TF_OLD_DATA ignoring data from the past for frame base_link at time 6.696000 according to authority Authority undetectable
[planner_server-11] Possible reasons are listed at http://wiki.ros.org/tf/Errors%20explained
[controller_server-9] [WARN] [1785623440.507276084] []: TF_OLD_DATA ignoring data from the past for frame base_link at time 6.696000 according to authority Authority undetectable
[controller_server-9] Possible reasons are listed at http://wiki.ros.org/tf/Errors%20explained
[opennav_docking-18] [WARN] [1785623440.507285684] []: TF_OLD_DATA ignoring data from the past for frame base_link at time 6.696000 according to authority Authority undetectable
[opennav_docking-18] Possible reasons are listed at http://wiki.ros.org/tf/Errors%20explained
[collision_monitor-17] [WARN] [1785623440.507291949] []: TF_OLD_DATA ignoring data from the past for frame base_link at time 6.696000 according to authority Authority undetectable
[collision_monitor-17] Possible reasons are listed at http://wiki.ros.org/tf/Errors%20explained
[route_server-12] [WARN] [1785623440.507363674] []: TF_OLD_DATA ignoring data from the past for frame base_link at time 6.696000 according to authority Authority undetectable
[route_server-12] Possible reasons are listed at http://wiki.ros.org/tf/Errors%20explained
[smoother_server-10] [INFO] [1785623440.529467937] [smoother_server]: PSTMO: 4 corners, 4 G2, 0 pivots, 0 pass-through, 160 evaluations, 0.045396 s
[smoother_server-10] [INFO] [1785623440.530215779] [smoother_server]: PSTMO LOS selector chose LOS (no-LOS=0.589900, LOS=0.501315, reason=los_quality_improvement)
[controller_server-9] [WARN] [1785623440.542256048] []: TF_OLD_DATA ignoring data from the past for frame base_link at time 23.580000 according to authority Authority undetectable
[controller_server-9] Possible reasons are listed at http://wiki.ros.org/tf/Errors%20explained
[bt_navigator-14] [WARN] [1785623440.542260634] []: TF_OLD_DATA ignoring data from the past for frame base_link at time 23.580000 according to authority Authority undetectable
[bt_navigator-14] Possible reasons are listed at http://wiki.ros.org/tf/Errors%20explained
[collision_monitor-17] [WARN] [1785623440.542284556] []: TF_OLD_DATA ignoring data from the past for frame base_link at time 23.580000 according to authority Authority undetectable
[collision_monitor-17] Possible reasons are listed at http://wiki.ros.org/tf/Errors%20explained
[behavior_server-13] [WARN] [1785623440.542288647] []: TF_OLD_DATA ignoring data from the past for frame base_link at time 23.580000 according to authority Authority undetectable
[behavior_server-13] Possible reasons are listed at http://wiki.ros.org/tf/Errors%20explained
[route_server-12] [WARN] [1785623440.542289789] []: TF_OLD_DATA ignoring data from the past for frame base_link at time 23.580000 according to authority Authority undetectable
[route_server-12] Possible reasons are listed at http://wiki.ros.org/tf/Errors%20explained
[planner_server-11] [WARN] [1785623440.542318062] []: TF_OLD_DATA ignoring data from the past for frame base_link at time 23.580000 according to authority Authority undetectable
[planner_server-11] Possible reasons are listed at http://wiki.ros.org/tf/Errors%20explained
[opennav_docking-18] [WARN] [1785623440.542347620] []: TF_OLD_DATA ignoring data from the past for frame base_link at time 23.580000 according to authority Authority undetectable
[opennav_docking-18] Possible reasons are listed at http://wiki.ros.org/tf/Errors%20explained
[amcl-7] [WARN] [1785623440.542359238] []: TF_OLD_DATA ignoring data from the past for frame base_link at time 23.580000 according to authority Authority undetectable
[amcl-7] Possible reasons are listed at http://wiki.ros.org/tf/Errors%20explained
[smoother_server-10] [WARN] [1785623440.542652452] []: TF_OLD_DATA ignoring data from the past for frame base_link at time 23.580000 according to authority Authority undetectable
[smoother_server-10] Possible reasons are listed at http://wiki.ros.org/tf/Errors%20explained
[smoother_server-10] [WARN] [1785623440.542888870] []: TF_OLD_DATA ignoring data from the past for frame base_link at time 6.732000 according to authority Authority undetectable
[smoother_server-10] Possible reasons are listed at http://wiki.ros.org/tf/Errors%20explained
[amcl-7] [WARN] [1785623440.542893530] []: TF_OLD_DATA ignoring data from the past for frame base_link at time 6.732000 according to authority Authority undetectable
[amcl-7] Possible reasons are listed at http://wiki.ros.org/tf/Errors%20explained
[behavior_server-13] [WARN] [1785623440.542906924] []: TF_OLD_DATA ignoring data from the past for frame base_link at time 6.732000 according to authority Authority undetectable
[behavior_server-13] Possible reasons are listed at http://wiki.ros.org/tf/Errors%20explained
[collision_monitor-17] [WARN] [1785623440.542917833] []: TF_OLD_DATA ignoring data from the past for frame base_link at time 6.732000 according to authority Authority undetectable
[collision_monitor-17] Possible reasons are listed at http://wiki.ros.org/tf/Errors%20explained
[opennav_docking-18] [WARN] [1785623440.542938912] []: TF_OLD_DATA ignoring data from the past for frame base_link at time 6.732000 according to authority Authority undetectable
[opennav_docking-18] Possible reasons are listed at http://wiki.ros.org/tf/Errors%20explained
[planner_server-11] [WARN] [1785623440.542943004] []: TF_OLD_DATA ignoring data from the past for frame base_link at time 6.732000 according to authority Authority undetectable
[planner_server-11] Possible reasons are listed at http://wiki.ros.org/tf/Errors%20explained
[bt_navigator-14] [WARN] [1785623440.542982108] []: TF_OLD_DATA ignoring data from the past for frame base_link at time 6.732000 according to authority Authority undetectable
[bt_navigator-14] Possible reasons are listed at http://wiki.ros.org/tf/Errors%20explained
[route_server-12] [WARN] [1785623440.543049989] []: TF_OLD_DATA ignoring data from the past for frame base_link at time 6.732000 according to authority Authority undetectable
[route_server-12] Possible reasons are listed at http://wiki.ros.org/tf/Errors%20explained
[controller_server-9] [WARN] [1785623440.543483426] []: TF_OLD_DATA ignoring data from the past for frame base_link at time 6.732000 according to authority Authority undetectable
[controller_server-9] Possible reasons are listed at http://wiki.ros.org/tf/Errors%20explained
[amcl-7] [WARN] [1785623440.578475658] []: TF_OLD_DATA ignoring data from the past for frame base_link at time 23.616000 according to authority Authority undetectable
[amcl-7] Possible reasons are listed at http://wiki.ros.org/tf/Errors%20explained
[planner_server-11] [WARN] [1785623440.578477913] []: TF_OLD_DATA ignoring data from the past for frame base_link at time 23.616000 according to authority Authority undetectable
[planner_server-11] Possible reasons are listed at http://wiki.ros.org/tf/Errors%20explained
[collision_monitor-17] [WARN] [1785623440.578479620] []: TF_OLD_DATA ignoring data from the past for frame base_link at time 23.616000 according to authority Authority undetectable
[collision_monitor-17] Possible reasons are listed at http://wiki.ros.org/tf/Errors%20explained
[route_server-12] [WARN] [1785623440.578493888] []: TF_OLD_DATA ignoring data from the past for frame base_link at time 23.616000 according to authority Authority undetectable
[route_server-12] Possible reasons are listed at http://wiki.ros.org/tf/Errors%20explained
[controller_server-9] [WARN] [1785623440.578422611] []: TF_OLD_DATA ignoring data from the past for frame base_link at time 23.616000 according to authority Authority undetectable
[controller_server-9] Possible reasons are listed at http://wiki.ros.org/tf/Errors%20explained
[bt_navigator-14] [WARN] [1785623440.578619012] []: TF_OLD_DATA ignoring data from the past for frame base_link at time 23.616000 according to authority Authority undetectable
[bt_navigator-14] Possible reasons are listed at http://wiki.ros.org/tf/Errors%20explained
[behavior_server-13] [WARN] [1785623440.578690207] []: TF_OLD_DATA ignoring data from the past for frame base_link at time 23.616000 according to authority Authority undetectable
[behavior_server-13] Possible reasons are listed at http://wiki.ros.org/tf/Errors%20explained
[opennav_docking-18] [WARN] [1785623440.578778801] []: TF_OLD_DATA ignoring data from the past for frame base_link at time 23.616000 according to authority Authority undetectable
[opennav_docking-18] Possible reasons are listed at http://wiki.ros.org/tf/Errors%20explained
[smoother_server-10] [WARN] [1785623440.578808578] []: TF_OLD_DATA ignoring data from the past for frame base_link at time 23.616000 according to authority Authority undetectable
[smoother_server-10] Possible reasons are listed at http://wiki.ros.org/tf/Errors%20explained
[controller_server-9] [WARN] [1785623440.580246358] []: TF_OLD_DATA ignoring data from the past for frame base_link at time 6.768000 according to authority Authority undetectable
[controller_server-9] Possible reasons are listed at http://wiki.ros.org/tf/Errors%20explained
[route_server-12] [WARN] [1785623440.580276378] []: TF_OLD_DATA ignoring data from the past for frame base_link at time 6.768000 according to authority Authority undetectable
[route_server-12] Possible reasons are listed at http://wiki.ros.org/tf/Errors%20explained
[planner_server-11] [WARN] [1785623440.580283121] []: TF_OLD_DATA ignoring data from the past for frame base_link at time 6.768000 according to authority Authority undetectable
[planner_server-11] Possible reasons are listed at http://wiki.ros.org/tf/Errors%20explained
[bt_navigator-14] [WARN] [1785623440.580289666] []: TF_OLD_DATA ignoring data from the past for frame base_link at time 6.768000 according to authority Authority undetectable
[bt_navigator-14] Possible reasons are listed at http://wiki.ros.org/tf/Errors%20explained
[smoother_server-10] [WARN] [1785623440.580294111] []: TF_OLD_DATA ignoring data from the past for frame base_link at time 6.768000 according to authority Authority undetectable
[smoother_server-10] Possible reasons are listed at http://wiki.ros.org/tf/Errors%20explained
[behavior_server-13] [WARN] [1785623440.580331289] []: TF_OLD_DATA ignoring data from the past for frame base_link at time 6.768000 according to authority Authority undetectable
[behavior_server-13] Possible reasons are listed at http://wiki.ros.org/tf/Errors%20explained
[opennav_docking-18] [WARN] [1785623440.580834544] []: TF_OLD_DATA ignoring data from the past for frame base_link at time 6.768000 according to authority Authority undetectable
[opennav_docking-18] Possible reasons are listed at http://wiki.ros.org/tf/Errors%20explained
[collision_monitor-17] [WARN] [1785623440.581111117] []: TF_OLD_DATA ignoring data from the past for frame base_link at time 6.768000 according to authority Authority undetectable
[collision_monitor-17] Possible reasons are listed at http://wiki.ros.org/tf/Errors%20explained
[amcl-7] [WARN] [1785623440.581159614] []: TF_OLD_DATA ignoring data from the past for frame base_link at time 6.768000 according to authority Authority undetectable
[amcl-7] Possible reasons are listed at http://wiki.ros.org/tf/Errors%20explained
[bt_navigator-14] [WARN] [1785623440.614040923] []: TF_OLD_DATA ignoring data from the past for frame base_link at time 23.652000 according to authority Authority undetectable
[bt_navigator-14] Possible reasons are listed at http://wiki.ros.org/tf/Errors%20explained
[controller_server-9] [WARN] [1785623440.614055942] []: TF_OLD_DATA ignoring data from the past for frame base_link at time 23.652000 according to authority Authority undetectable
[controller_server-9] Possible reasons are listed at http://wiki.ros.org/tf/Errors%20explained
[amcl-7] [WARN] [1785623440.614062440] []: TF_OLD_DATA ignoring data from the past for frame base_link at time 23.652000 according to authority Authority undetectable
[amcl-7] Possible reasons are listed at http://wiki.ros.org/tf/Errors%20explained
[route_server-12] [WARN] [1785623440.614063528] []: TF_OLD_DATA ignoring data from the past for frame base_link at time 23.652000 according to authority Authority undetectable
[route_server-12] Possible reasons are listed at http://wiki.ros.org/tf/Errors%20explained
[planner_server-11] [WARN] [1785623440.614077620] []: TF_OLD_DATA ignoring data from the past for frame base_link at time 23.652000 according to authority Authority undetectable
[planner_server-11] Possible reasons are listed at http://wiki.ros.org/tf/Errors%20explained
[collision_monitor-17] [WARN] [1785623440.614120619] []: TF_OLD_DATA ignoring data from the past for frame base_link at time 23.652000 according to authority Authority undetectable
[collision_monitor-17] Possible reasons are listed at http://wiki.ros.org/tf/Errors%20explained
[behavior_server-13] [WARN] [1785623440.614140006] []: TF_OLD_DATA ignoring data from the past for frame base_link at time 23.652000 according to authority Authority undetectable
[behavior_server-13] Possible reasons are listed at http://wiki.ros.org/tf/Errors%20explained
[opennav_docking-18] [WARN] [1785623440.614143214] []: TF_OLD_DATA ignoring data from the past for frame base_link at time 23.652000 according to authority Authority undetectable
[opennav_docking-18] Possible reasons are listed at http://wiki.ros.org/tf/Errors%20explained
[smoother_server-10] [WARN] [1785623440.614553243] []: TF_OLD_DATA ignoring data from the past for frame base_link at time 23.652000 according to authority Authority undetectable
[smoother_server-10] Possible reasons are listed at http://wiki.ros.org/tf/Errors%20explained
[behavior_server-13] [WARN] [1785623440.614882110] []: TF_OLD_DATA ignoring data from the past for frame base_link at time 6.804000 according to authority Authority undetectable
[behavior_server-13] Possible reasons are listed at http://wiki.ros.org/tf/Errors%20explained
[smoother_server-10] [WARN] [1785623440.614882518] []: TF_OLD_DATA ignoring data from the past for frame base_link at time 6.804000 according to authority Authority undetectable
[smoother_server-10] Possible reasons are listed at http://wiki.ros.org/tf/Errors%20explained
[planner_server-11] [WARN] [1785623440.614888730] []: TF_OLD_DATA ignoring data from the past for frame base_link at time 6.804000 according to authority Authority undetectable
[planner_server-11] Possible reasons are listed at http://wiki.ros.org/tf/Errors%20explained
[amcl-7] [WARN] [1785623440.614896482] []: TF_OLD_DATA ignoring data from the past for frame base_link at time 6.804000 according to authority Authority undetectable
[amcl-7] Possible reasons are listed at http://wiki.ros.org/tf/Errors%20explained
[opennav_docking-18] [WARN] [1785623440.614919996] []: TF_OLD_DATA ignoring data from the past for frame base_link at time 6.804000 according to authority Authority undetectable
[opennav_docking-18] Possible reasons are listed at http://wiki.ros.org/tf/Errors%20explained
[collision_monitor-17] [WARN] [1785623440.614936461] []: TF_OLD_DATA ignoring data from the past for frame base_link at time 6.804000 according to authority Authority undetectable
[collision_monitor-17] Possible reasons are listed at http://wiki.ros.org/tf/Errors%20explained
[bt_navigator-14] [WARN] [1785623440.614931594] []: TF_OLD_DATA ignoring data from the past for frame base_link at time 6.804000 according to authority Authority undetectable
[bt_navigator-14] Possible reasons are listed at http://wiki.ros.org/tf/Errors%20explained
[route_server-12] [WARN] [1785623440.614946527] []: TF_OLD_DATA ignoring data from the past for frame base_link at time 6.804000 according to authority Authority undetectable
[route_server-12] Possible reasons are listed at http://wiki.ros.org/tf/Errors%20explained
[controller_server-9] [WARN] [1785623440.614963457] []: TF_OLD_DATA ignoring data from the past for frame base_link at time 6.804000 according to authority Authority undetectable
[controller_server-9] Possible reasons are listed at http://wiki.ros.org/tf/Errors%20explained
[bt_navigator-14] [WARN] [1785623440.649915401] []: TF_OLD_DATA ignoring data from the past for frame base_link at time 23.688000 according to authority Authority undetectable
[bt_navigator-14] Possible reasons are listed at http://wiki.ros.org/tf/Errors%20explained
[amcl-7] [WARN] [1785623440.649921419] []: TF_OLD_DATA ignoring data from the past for frame base_link at time 23.688000 according to authority Authority undetectable
[amcl-7] Possible reasons are listed at http://wiki.ros.org/tf/Errors%20explained
[smoother_server-10] [WARN] [1785623440.649923183] []: TF_OLD_DATA ignoring data from the past for frame base_link at time 23.688000 according to authority Authority undetectable
[smoother_server-10] Possible reasons are listed at http://wiki.ros.org/tf/Errors%20explained
[collision_monitor-17] [WARN] [1785623440.649932124] []: TF_OLD_DATA ignoring data from the past for frame base_link at time 23.688000 according to authority Authority undetectable
[collision_monitor-17] Possible reasons are listed at http://wiki.ros.org/tf/Errors%20explained
[controller_server-9] [WARN] [1785623440.649929120] []: TF_OLD_DATA ignoring data from the past for frame base_link at time 23.688000 according to authority Authority undetectable
[controller_server-9] Possible reasons are listed at http://wiki.ros.org/tf/Errors%20explained
[route_server-12] [WARN] [1785623440.649938789] []: TF_OLD_DATA ignoring data from the past for frame base_link at time 23.688000 according to authority Authority undetectable
[route_server-12] Possible reasons are listed at http://wiki.ros.org/tf/Errors%20explained
[opennav_docking-18] [WARN] [1785623440.649944510] []: TF_OLD_DATA ignoring data from the past for frame base_link at time 23.688000 according to authority Authority undetectable
[opennav_docking-18] Possible reasons are listed at http://wiki.ros.org/tf/Errors%20explained
[planner_server-11] [WARN] [1785623440.649977749] []: TF_OLD_DATA ignoring data from the past for frame base_link at time 23.688000 according to authority Authority undetectable
[planner_server-11] Possible reasons are listed at http://wiki.ros.org/tf/Errors%20explained
[behavior_server-13] [WARN] [1785623440.650080866] []: TF_OLD_DATA ignoring data from the past for frame base_link at time 23.688000 according to authority Authority undetectable
[behavior_server-13] Possible reasons are listed at http://wiki.ros.org/tf/Errors%20explained
[controller_server-9] [WARN] [1785623440.651108677] []: TF_OLD_DATA ignoring data from the past for frame base_link at time 6.840000 according to authority Authority undetectable
[controller_server-9] Possible reasons are listed at http://wiki.ros.org/tf/Errors%20explained
[opennav_docking-18] [WARN] [1785623440.651123804] []: TF_OLD_DATA ignoring data from the past for frame base_link at time 6.840000 according to authority Authority undetectable
[opennav_docking-18] Possible reasons are listed at http://wiki.ros.org/tf/Errors%20explained
[smoother_server-10] [WARN] [1785623440.651149258] []: TF_OLD_DATA ignoring data from the past for frame base_link at time 6.840000 according to authority Authority undetectable
[smoother_server-10] Possible reasons are listed at http://wiki.ros.org/tf/Errors%20explained
[route_server-12] [WARN] [1785623440.651164430] []: TF_OLD_DATA ignoring data from the past for frame base_link at time 6.840000 according to authority Authority undetectable
[route_server-12] Possible reasons are listed at http://wiki.ros.org/tf/Errors%20explained
[collision_monitor-17] [WARN] [1785623440.651182409] []: TF_OLD_DATA ignoring data from the past for frame base_link at time 6.840000 according to authority Authority undetectable
[collision_monitor-17] Possible reasons are listed at http://wiki.ros.org/tf/Errors%20explained
[planner_server-11] [WARN] [1785623440.651236072] []: TF_OLD_DATA ignoring data from the past for frame base_link at time 6.840000 according to authority Authority undetectable
[planner_server-11] Possible reasons are listed at http://wiki.ros.org/tf/Errors%20explained
[behavior_server-13] [WARN] [1785623440.651252807] []: TF_OLD_DATA ignoring data from the past for frame base_link at time 6.840000 according to authority Authority undetectable
[behavior_server-13] Possible reasons are listed at http://wiki.ros.org/tf/Errors%20explained
[amcl-7] [WARN] [1785623440.651274838] []: TF_OLD_DATA ignoring data from the past for frame base_link at time 6.840000 according to authority Authority undetectable
[amcl-7] Possible reasons are listed at http://wiki.ros.org/tf/Errors%20explained
[bt_navigator-14] [WARN] [1785623440.651377443] []: TF_OLD_DATA ignoring data from the past for frame base_link at time 6.840000 according to authority Authority undetectable
[bt_navigator-14] Possible reasons are listed at http://wiki.ros.org/tf/Errors%20explained
[controller_server-9] [WARN] [1785623440.685955574] []: TF_OLD_DATA ignoring data from the past for frame base_link at time 23.724000 according to authority Authority undetectable
[controller_server-9] Possible reasons are listed at http://wiki.ros.org/tf/Errors%20explained
[amcl-7] [WARN] [1785623440.685986751] []: TF_OLD_DATA ignoring data from the past for frame base_link at time 23.724000 according to authority Authority undetectable
[amcl-7] Possible reasons are listed at http://wiki.ros.org/tf/Errors%20explained
[route_server-12] [WARN] [1785623440.686012619] []: TF_OLD_DATA ignoring data from the past for frame base_link at time 23.724000 according to authority Authority undetectable
[route_server-12] Possible reasons are listed at http://wiki.ros.org/tf/Errors%20explained
[planner_server-11] [WARN] [1785623440.686032220] []: TF_OLD_DATA ignoring data from the past for frame base_link at time 23.724000 according to authority Authority undetectable
[planner_server-11] Possible reasons are listed at http://wiki.ros.org/tf/Errors%20explained
[bt_navigator-14] [WARN] [1785623440.686067746] []: TF_OLD_DATA ignoring data from the past for frame base_link at time 23.724000 according to authority Authority undetectable
[bt_navigator-14] Possible reasons are listed at http://wiki.ros.org/tf/Errors%20explained
[opennav_docking-18] [WARN] [1785623440.686073512] []: TF_OLD_DATA ignoring data from the past for frame base_link at time 23.724000 according to authority Authority undetectable
[opennav_docking-18] Possible reasons are listed at http://wiki.ros.org/tf/Errors%20explained
[collision_monitor-17] [WARN] [1785623440.686167368] []: TF_OLD_DATA ignoring data from the past for frame base_link at time 23.724000 according to authority Authority undetectable
[collision_monitor-17] Possible reasons are listed at http://wiki.ros.org/tf/Errors%20explained
[smoother_server-10] [WARN] [1785623440.686183776] []: TF_OLD_DATA ignoring data from the past for frame base_link at time 23.724000 according to authority Authority undetectable
[smoother_server-10] Possible reasons are listed at http://wiki.ros.org/tf/Errors%20explained
[behavior_server-13] [WARN] [1785623440.686249538] []: TF_OLD_DATA ignoring data from the past for frame base_link at time 23.724000 according to authority Authority undetectable
[behavior_server-13] Possible reasons are listed at http://wiki.ros.org/tf/Errors%20explained
[route_server-12] [WARN] [1785623440.686900620] []: TF_OLD_DATA ignoring data from the past for frame base_link at time 6.876000 according to authority Authority undetectable
[route_server-12] Possible reasons are listed at http://wiki.ros.org/tf/Errors%20explained
[controller_server-9] [WARN] [1785623440.686901114] []: TF_OLD_DATA ignoring data from the past for frame base_link at time 6.876000 according to authority Authority undetectable
[controller_server-9] Possible reasons are listed at http://wiki.ros.org/tf/Errors%20explained
[smoother_server-10] [WARN] [1785623440.686917890] []: TF_OLD_DATA ignoring data from the past for frame base_link at time 6.876000 according to authority Authority undetectable
[smoother_server-10] Possible reasons are listed at http://wiki.ros.org/tf/Errors%20explained
[behavior_server-13] [WARN] [1785623440.686923079] []: TF_OLD_DATA ignoring data from the past for frame base_link at time 6.876000 according to authority Authority undetectable
[behavior_server-13] Possible reasons are listed at http://wiki.ros.org/tf/Errors%20explained
[collision_monitor-17] [WARN] [1785623440.686944627] []: TF_OLD_DATA ignoring data from the past for frame base_link at time 6.876000 according to authority Authority undetectable
[collision_monitor-17] Possible reasons are listed at http://wiki.ros.org/tf/Errors%20explained
[amcl-7] [WARN] [1785623440.686958229] []: TF_OLD_DATA ignoring data from the past for frame base_link at time 6.876000 according to authority Authority undetectable
[amcl-7] Possible reasons are listed at http://wiki.ros.org/tf/Errors%20explained
[planner_server-11] [WARN] [1785623440.686994072] []: TF_OLD_DATA ignoring data from the past for frame base_link at time 6.876000 according to authority Authority undetectable
[planner_server-11] Possible reasons are listed at http://wiki.ros.org/tf/Errors%20explained
[opennav_docking-18] [WARN] [1785623440.686996988] []: TF_OLD_DATA ignoring data from the past for frame base_link at time 6.876000 according to authority Authority undetectable
[opennav_docking-18] Possible reasons are listed at http://wiki.ros.org/tf/Errors%20explained
[bt_navigator-14] [WARN] [1785623440.687147814] []: TF_OLD_DATA ignoring data from the past for frame base_link at time 6.876000 according to authority Authority undetectable
[bt_navigator-14] Possible reasons are listed at http://wiki.ros.org/tf/Errors%20explained
[batch_benchmark-5] [INFO] [1785623440.707913995] [planner_geometry_benchmark]: Wrote 10 rows to /home/linh-pham/agv_nav2_research_ws_bao/results/pstmo_adaptive_los_joint_dq_full_20260802/office_maze.csv
[batch_benchmark-5] [INFO] [1785623440.708258463] [planner_geometry_benchmark]: Wrote aggregate summary to /home/linh-pham/agv_nav2_research_ws_bao/results/pstmo_adaptive_los_joint_dq_full_20260802/office_maze_summary.json
[route_server-12] [WARN] [1785623440.722585178] []: TF_OLD_DATA ignoring data from the past for frame base_link at time 23.760000 according to authority Authority undetectable
[route_server-12] Possible reasons are listed at http://wiki.ros.org/tf/Errors%20explained
[opennav_docking-18] [WARN] [1785623440.722584301] []: TF_OLD_DATA ignoring data from the past for frame base_link at time 23.760000 according to authority Authority undetectable
[opennav_docking-18] Possible reasons are listed at http://wiki.ros.org/tf/Errors%20explained
[planner_server-11] [WARN] [1785623440.722593965] []: TF_OLD_DATA ignoring data from the past for frame base_link at time 23.760000 according to authority Authority undetectable
[planner_server-11] Possible reasons are listed at http://wiki.ros.org/tf/Errors%20explained
[amcl-7] [WARN] [1785623440.722655255] []: TF_OLD_DATA ignoring data from the past for frame base_link at time 23.760000 according to authority Authority undetectable
[amcl-7] Possible reasons are listed at http://wiki.ros.org/tf/Errors%20explained
[behavior_server-13] [WARN] [1785623440.722697831] []: TF_OLD_DATA ignoring data from the past for frame base_link at time 23.760000 according to authority Authority undetectable
[behavior_server-13] Possible reasons are listed at http://wiki.ros.org/tf/Errors%20explained
[controller_server-9] [WARN] [1785623440.722915671] []: TF_OLD_DATA ignoring data from the past for frame base_link at time 23.760000 according to authority Authority undetectable
[controller_server-9] Possible reasons are listed at http://wiki.ros.org/tf/Errors%20explained
[collision_monitor-17] [WARN] [1785623440.723308124] []: TF_OLD_DATA ignoring data from the past for frame base_link at time 23.760000 according to authority Authority undetectable
[collision_monitor-17] Possible reasons are listed at http://wiki.ros.org/tf/Errors%20explained
[bt_navigator-14] [WARN] [1785623440.723497717] []: TF_OLD_DATA ignoring data from the past for frame base_link at time 23.760000 according to authority Authority undetectable
[bt_navigator-14] Possible reasons are listed at http://wiki.ros.org/tf/Errors%20explained
[smoother_server-10] [WARN] [1785623440.723575147] []: TF_OLD_DATA ignoring data from the past for frame base_link at time 23.760000 according to authority Authority undetectable
[smoother_server-10] Possible reasons are listed at http://wiki.ros.org/tf/Errors%20explained
[route_server-12] [WARN] [1785623440.724061120] []: TF_OLD_DATA ignoring data from the past for frame base_link at time 6.912000 according to authority Authority undetectable
[route_server-12] Possible reasons are listed at http://wiki.ros.org/tf/Errors%20explained
[bt_navigator-14] [WARN] [1785623440.724068861] []: TF_OLD_DATA ignoring data from the past for frame base_link at time 6.912000 according to authority Authority undetectable
[bt_navigator-14] Possible reasons are listed at http://wiki.ros.org/tf/Errors%20explained
[behavior_server-13] [WARN] [1785623440.724089069] []: TF_OLD_DATA ignoring data from the past for frame base_link at time 6.912000 according to authority Authority undetectable
[behavior_server-13] Possible reasons are listed at http://wiki.ros.org/tf/Errors%20explained
[collision_monitor-17] [WARN] [1785623440.724093852] []: TF_OLD_DATA ignoring data from the past for frame base_link at time 6.912000 according to authority Authority undetectable
[collision_monitor-17] Possible reasons are listed at http://wiki.ros.org/tf/Errors%20explained
[opennav_docking-18] [WARN] [1785623440.724127389] []: TF_OLD_DATA ignoring data from the past for frame base_link at time 6.912000 according to authority Authority undetectable
[opennav_docking-18] Possible reasons are listed at http://wiki.ros.org/tf/Errors%20explained
[amcl-7] [WARN] [1785623440.724150086] []: TF_OLD_DATA ignoring data from the past for frame base_link at time 6.912000 according to authority Authority undetectable
[amcl-7] Possible reasons are listed at http://wiki.ros.org/tf/Errors%20explained
[smoother_server-10] [WARN] [1785623440.724169224] []: TF_OLD_DATA ignoring data from the past for frame base_link at time 6.912000 according to authority Authority undetectable
[smoother_server-10] Possible reasons are listed at http://wiki.ros.org/tf/Errors%20explained
[controller_server-9] [WARN] [1785623440.724228410] []: TF_OLD_DATA ignoring data from the past for frame base_link at time 6.912000 according to authority Authority undetectable
[controller_server-9] Possible reasons are listed at http://wiki.ros.org/tf/Errors%20explained
[planner_server-11] [WARN] [1785623440.724231025] []: TF_OLD_DATA ignoring data from the past for frame base_link at time 6.912000 according to authority Authority undetectable
[planner_server-11] Possible reasons are listed at http://wiki.ros.org/tf/Errors%20explained
[amcl-7] [WARN] [1785623440.758139691] []: TF_OLD_DATA ignoring data from the past for frame base_link at time 23.796000 according to authority Authority undetectable
[amcl-7] Possible reasons are listed at http://wiki.ros.org/tf/Errors%20explained
[smoother_server-10] [WARN] [1785623440.758144449] []: TF_OLD_DATA ignoring data from the past for frame base_link at time 23.796000 according to authority Authority undetectable
[smoother_server-10] Possible reasons are listed at http://wiki.ros.org/tf/Errors%20explained
[bt_navigator-14] [WARN] [1785623440.758197120] []: TF_OLD_DATA ignoring data from the past for frame base_link at time 23.796000 according to authority Authority undetectable
[bt_navigator-14] Possible reasons are listed at http://wiki.ros.org/tf/Errors%20explained
[route_server-12] [WARN] [1785623440.758205997] []: TF_OLD_DATA ignoring data from the past for frame base_link at time 23.796000 according to authority Authority undetectable
[route_server-12] Possible reasons are listed at http://wiki.ros.org/tf/Errors%20explained
[collision_monitor-17] [WARN] [1785623440.758238478] []: TF_OLD_DATA ignoring data from the past for frame base_link at time 23.796000 according to authority Authority undetectable
[collision_monitor-17] Possible reasons are listed at http://wiki.ros.org/tf/Errors%20explained
[opennav_docking-18] [WARN] [1785623440.758254474] []: TF_OLD_DATA ignoring data from the past for frame base_link at time 23.796000 according to authority Authority undetectable
[opennav_docking-18] Possible reasons are listed at http://wiki.ros.org/tf/Errors%20explained
[controller_server-9] [WARN] [1785623440.758274239] []: TF_OLD_DATA ignoring data from the past for frame base_link at time 23.796000 according to authority Authority undetectable
[controller_server-9] Possible reasons are listed at http://wiki.ros.org/tf/Errors%20explained
[planner_server-11] [WARN] [1785623440.758680755] []: TF_OLD_DATA ignoring data from the past for frame base_link at time 23.796000 according to authority Authority undetectable
[planner_server-11] Possible reasons are listed at http://wiki.ros.org/tf/Errors%20explained
[behavior_server-13] [WARN] [1785623440.758694301] []: TF_OLD_DATA ignoring data from the past for frame base_link at time 23.796000 according to authority Authority undetectable
[behavior_server-13] Possible reasons are listed at http://wiki.ros.org/tf/Errors%20explained
[controller_server-9] [WARN] [1785623440.759009254] []: TF_OLD_DATA ignoring data from the past for frame base_link at time 6.948000 according to authority Authority undetectable
[controller_server-9] Possible reasons are listed at http://wiki.ros.org/tf/Errors%20explained
[amcl-7] [WARN] [1785623440.759013582] []: TF_OLD_DATA ignoring data from the past for frame base_link at time 6.948000 according to authority Authority undetectable
[amcl-7] Possible reasons are listed at http://wiki.ros.org/tf/Errors%20explained
[smoother_server-10] [WARN] [1785623440.759048630] []: TF_OLD_DATA ignoring data from the past for frame base_link at time 6.948000 according to authority Authority undetectable
[smoother_server-10] Possible reasons are listed at http://wiki.ros.org/tf/Errors%20explained
[collision_monitor-17] [WARN] [1785623440.759054760] []: TF_OLD_DATA ignoring data from the past for frame base_link at time 6.948000 according to authority Authority undetectable
[collision_monitor-17] Possible reasons are listed at http://wiki.ros.org/tf/Errors%20explained
[route_server-12] [WARN] [1785623440.759066753] []: TF_OLD_DATA ignoring data from the past for frame base_link at time 6.948000 according to authority Authority undetectable
[route_server-12] Possible reasons are listed at http://wiki.ros.org/tf/Errors%20explained
[behavior_server-13] [WARN] [1785623440.759074042] []: TF_OLD_DATA ignoring data from the past for frame base_link at time 6.948000 according to authority Authority undetectable
[behavior_server-13] Possible reasons are listed at http://wiki.ros.org/tf/Errors%20explained
[planner_server-11] [WARN] [1785623440.759077739] []: TF_OLD_DATA ignoring data from the past for frame base_link at time 6.948000 according to authority Authority undetectable
[planner_server-11] Possible reasons are listed at http://wiki.ros.org/tf/Errors%20explained
[opennav_docking-18] [WARN] [1785623440.759109193] []: TF_OLD_DATA ignoring data from the past for frame base_link at time 6.948000 according to authority Authority undetectable
[opennav_docking-18] Possible reasons are listed at http://wiki.ros.org/tf/Errors%20explained
[bt_navigator-14] [WARN] [1785623440.759173672] []: TF_OLD_DATA ignoring data from the past for frame base_link at time 6.948000 according to authority Authority undetectable
[bt_navigator-14] Possible reasons are listed at http://wiki.ros.org/tf/Errors%20explained
[bt_navigator-14] [WARN] [1785623440.794030135] []: TF_OLD_DATA ignoring data from the past for frame base_link at time 23.832000 according to authority Authority undetectable
[bt_navigator-14] Possible reasons are listed at http://wiki.ros.org/tf/Errors%20explained
[planner_server-11] [WARN] [1785623440.794029946] []: TF_OLD_DATA ignoring data from the past for frame base_link at time 23.832000 according to authority Authority undetectable
[planner_server-11] Possible reasons are listed at http://wiki.ros.org/tf/Errors%20explained
[collision_monitor-17] [WARN] [1785623440.794093081] []: TF_OLD_DATA ignoring data from the past for frame base_link at time 23.832000 according to authority Authority undetectable
[collision_monitor-17] Possible reasons are listed at http://wiki.ros.org/tf/Errors%20explained
[amcl-7] [WARN] [1785623440.794098924] []: TF_OLD_DATA ignoring data from the past for frame base_link at time 23.832000 according to authority Authority undetectable
[amcl-7] Possible reasons are listed at http://wiki.ros.org/tf/Errors%20explained
[smoother_server-10] [WARN] [1785623440.794101675] []: TF_OLD_DATA ignoring data from the past for frame base_link at time 23.832000 according to authority Authority undetectable
[smoother_server-10] Possible reasons are listed at http://wiki.ros.org/tf/Errors%20explained
[controller_server-9] [WARN] [1785623440.794235099] []: TF_OLD_DATA ignoring data from the past for frame base_link at time 23.832000 according to authority Authority undetectable
[controller_server-9] Possible reasons are listed at http://wiki.ros.org/tf/Errors%20explained
[route_server-12] [WARN] [1785623440.794234350] []: TF_OLD_DATA ignoring data from the past for frame base_link at time 23.832000 according to authority Authority undetectable
[route_server-12] Possible reasons are listed at http://wiki.ros.org/tf/Errors%20explained
[opennav_docking-18] [WARN] [1785623440.794255227] []: TF_OLD_DATA ignoring data from the past for frame base_link at time 23.832000 according to authority Authority undetectable
[opennav_docking-18] Possible reasons are listed at http://wiki.ros.org/tf/Errors%20explained
[behavior_server-13] [WARN] [1785623440.794271645] []: TF_OLD_DATA ignoring data from the past for frame base_link at time 23.832000 according to authority Authority undetectable
[behavior_server-13] Possible reasons are listed at http://wiki.ros.org/tf/Errors%20explained
[route_server-12] [WARN] [1785623440.795052702] []: TF_OLD_DATA ignoring data from the past for frame base_link at time 6.984000 according to authority Authority undetectable
[route_server-12] Possible reasons are listed at http://wiki.ros.org/tf/Errors%20explained
[amcl-7] [WARN] [1785623440.795052639] []: TF_OLD_DATA ignoring data from the past for frame base_link at time 6.984000 according to authority Authority undetectable
[amcl-7] Possible reasons are listed at http://wiki.ros.org/tf/Errors%20explained
[controller_server-9] [WARN] [1785623440.795054020] []: TF_OLD_DATA ignoring data from the past for frame base_link at time 6.984000 according to authority Authority undetectable
[controller_server-9] Possible reasons are listed at http://wiki.ros.org/tf/Errors%20explained
[planner_server-11] [WARN] [1785623440.795059116] []: TF_OLD_DATA ignoring data from the past for frame base_link at time 6.984000 according to authority Authority undetectable
[planner_server-11] Possible reasons are listed at http://wiki.ros.org/tf/Errors%20explained
[smoother_server-10] [WARN] [1785623440.795073240] []: TF_OLD_DATA ignoring data from the past for frame base_link at time 6.984000 according to authority Authority undetectable
[smoother_server-10] Possible reasons are listed at http://wiki.ros.org/tf/Errors%20explained
[collision_monitor-17] [WARN] [1785623440.795103787] []: TF_OLD_DATA ignoring data from the past for frame base_link at time 6.984000 according to authority Authority undetectable
[collision_monitor-17] Possible reasons are listed at http://wiki.ros.org/tf/Errors%20explained
[opennav_docking-18] [WARN] [1785623440.795119168] []: TF_OLD_DATA ignoring data from the past for frame base_link at time 6.984000 according to authority Authority undetectable
[opennav_docking-18] Possible reasons are listed at http://wiki.ros.org/tf/Errors%20explained
[behavior_server-13] [WARN] [1785623440.795126774] []: TF_OLD_DATA ignoring data from the past for frame base_link at time 6.984000 according to authority Authority undetectable
[behavior_server-13] Possible reasons are listed at http://wiki.ros.org/tf/Errors%20explained
[bt_navigator-14] [WARN] [1785623440.795133583] []: TF_OLD_DATA ignoring data from the past for frame base_link at time 6.984000 according to authority Authority undetectable
[bt_navigator-14] Possible reasons are listed at http://wiki.ros.org/tf/Errors%20explained
[opennav_docking-18] [WARN] [1785623440.830042461] []: TF_OLD_DATA ignoring data from the past for frame base_link at time 23.868000 according to authority Authority undetectable
[opennav_docking-18] Possible reasons are listed at http://wiki.ros.org/tf/Errors%20explained
[bt_navigator-14] [WARN] [1785623440.830042425] []: TF_OLD_DATA ignoring data from the past for frame base_link at time 23.868000 according to authority Authority undetectable
[bt_navigator-14] Possible reasons are listed at http://wiki.ros.org/tf/Errors%20explained
[collision_monitor-17] [WARN] [1785623440.830042688] []: TF_OLD_DATA ignoring data from the past for frame base_link at time 23.868000 according to authority Authority undetectable
[collision_monitor-17] Possible reasons are listed at http://wiki.ros.org/tf/Errors%20explained
[amcl-7] [WARN] [1785623440.830042645] []: TF_OLD_DATA ignoring data from the past for frame base_link at time 23.868000 according to authority Authority undetectable
[amcl-7] Possible reasons are listed at http://wiki.ros.org/tf/Errors%20explained
[route_server-12] [WARN] [1785623440.830048010] []: TF_OLD_DATA ignoring data from the past for frame base_link at time 23.868000 according to authority Authority undetectable
[route_server-12] Possible reasons are listed at http://wiki.ros.org/tf/Errors%20explained
[smoother_server-10] [WARN] [1785623440.830051952] []: TF_OLD_DATA ignoring data from the past for frame base_link at time 23.868000 according to authority Authority undetectable
[smoother_server-10] Possible reasons are listed at http://wiki.ros.org/tf/Errors%20explained
[behavior_server-13] [WARN] [1785623440.830060794] []: TF_OLD_DATA ignoring data from the past for frame base_link at time 23.868000 according to authority Authority undetectable
[behavior_server-13] Possible reasons are listed at http://wiki.ros.org/tf/Errors%20explained
[controller_server-9] [WARN] [1785623440.830069895] []: TF_OLD_DATA ignoring data from the past for frame base_link at time 23.868000 according to authority Authority undetectable
[controller_server-9] Possible reasons are listed at http://wiki.ros.org/tf/Errors%20explained
[planner_server-11] [WARN] [1785623440.830114136] []: TF_OLD_DATA ignoring data from the past for frame base_link at time 23.868000 according to authority Authority undetectable
[planner_server-11] Possible reasons are listed at http://wiki.ros.org/tf/Errors%20explained
[controller_server-9] [WARN] [1785623440.830827513] []: TF_OLD_DATA ignoring data from the past for frame base_link at time 7.020000 according to authority Authority undetectable
[controller_server-9] Possible reasons are listed at http://wiki.ros.org/tf/Errors%20explained
[route_server-12] [WARN] [1785623440.830827576] []: TF_OLD_DATA ignoring data from the past for frame base_link at time 7.020000 according to authority Authority undetectable
[route_server-12] Possible reasons are listed at http://wiki.ros.org/tf/Errors%20explained
[amcl-7] [WARN] [1785623440.830843005] []: TF_OLD_DATA ignoring data from the past for frame base_link at time 7.020000 according to authority Authority undetectable
[amcl-7] Possible reasons are listed at http://wiki.ros.org/tf/Errors%20explained
[smoother_server-10] [WARN] [1785623440.830851405] []: TF_OLD_DATA ignoring data from the past for frame base_link at time 7.020000 according to authority Authority undetectable
[smoother_server-10] Possible reasons are listed at http://wiki.ros.org/tf/Errors%20explained
[collision_monitor-17] [WARN] [1785623440.830855720] []: TF_OLD_DATA ignoring data from the past for frame base_link at time 7.020000 according to authority Authority undetectable
[collision_monitor-17] Possible reasons are listed at http://wiki.ros.org/tf/Errors%20explained
[planner_server-11] [WARN] [1785623440.830863677] []: TF_OLD_DATA ignoring data from the past for frame base_link at time 7.020000 according to authority Authority undetectable
[planner_server-11] Possible reasons are listed at http://wiki.ros.org/tf/Errors%20explained
[opennav_docking-18] [WARN] [1785623440.830863602] []: TF_OLD_DATA ignoring data from the past for frame base_link at time 7.020000 according to authority Authority undetectable
[opennav_docking-18] Possible reasons are listed at http://wiki.ros.org/tf/Errors%20explained
[bt_navigator-14] [WARN] [1785623440.830914389] []: TF_OLD_DATA ignoring data from the past for frame base_link at time 7.020000 according to authority Authority undetectable
[bt_navigator-14] Possible reasons are listed at http://wiki.ros.org/tf/Errors%20explained
[behavior_server-13] [WARN] [1785623440.830929008] []: TF_OLD_DATA ignoring data from the past for frame base_link at time 7.020000 according to authority Authority undetectable
[behavior_server-13] Possible reasons are listed at http://wiki.ros.org/tf/Errors%20explained
[amcl-7] [WARN] [1785623440.865926206] []: TF_OLD_DATA ignoring data from the past for frame base_link at time 23.904000 according to authority Authority undetectable
[amcl-7] Possible reasons are listed at http://wiki.ros.org/tf/Errors%20explained
[behavior_server-13] [WARN] [1785623440.865937634] []: TF_OLD_DATA ignoring data from the past for frame base_link at time 23.904000 according to authority Authority undetectable
[behavior_server-13] Possible reasons are listed at http://wiki.ros.org/tf/Errors%20explained
[collision_monitor-17] [WARN] [1785623440.865943128] []: TF_OLD_DATA ignoring data from the past for frame base_link at time 23.904000 according to authority Authority undetectable
[collision_monitor-17] Possible reasons are listed at http://wiki.ros.org/tf/Errors%20explained
[smoother_server-10] [WARN] [1785623440.865947442] []: TF_OLD_DATA ignoring data from the past for frame base_link at time 23.904000 according to authority Authority undetectable
[smoother_server-10] Possible reasons are listed at http://wiki.ros.org/tf/Errors%20explained
[opennav_docking-18] [WARN] [1785623440.865956601] []: TF_OLD_DATA ignoring data from the past for frame base_link at time 23.904000 according to authority Authority undetectable
[opennav_docking-18] Possible reasons are listed at http://wiki.ros.org/tf/Errors%20explained
[planner_server-11] [WARN] [1785623440.865957099] []: TF_OLD_DATA ignoring data from the past for frame base_link at time 23.904000 according to authority Authority undetectable
[planner_server-11] Possible reasons are listed at http://wiki.ros.org/tf/Errors%20explained
[route_server-12] [WARN] [1785623440.865973756] []: TF_OLD_DATA ignoring data from the past for frame base_link at time 23.904000 according to authority Authority undetectable
[route_server-12] Possible reasons are listed at http://wiki.ros.org/tf/Errors%20explained
[controller_server-9] [WARN] [1785623440.865896034] []: TF_OLD_DATA ignoring data from the past for frame base_link at time 23.904000 according to authority Authority undetectable
[controller_server-9] Possible reasons are listed at http://wiki.ros.org/tf/Errors%20explained
[bt_navigator-14] [WARN] [1785623440.865998863] []: TF_OLD_DATA ignoring data from the past for frame base_link at time 23.904000 according to authority Authority undetectable
[bt_navigator-14] Possible reasons are listed at http://wiki.ros.org/tf/Errors%20explained
[controller_server-9] [WARN] [1785623440.866925727] []: TF_OLD_DATA ignoring data from the past for frame base_link at time 7.056000 according to authority Authority undetectable
[controller_server-9] Possible reasons are listed at http://wiki.ros.org/tf/Errors%20explained
[amcl-7] [WARN] [1785623440.866958118] []: TF_OLD_DATA ignoring data from the past for frame base_link at time 7.056000 according to authority Authority undetectable
[amcl-7] Possible reasons are listed at http://wiki.ros.org/tf/Errors%20explained
[behavior_server-13] [WARN] [1785623440.867009437] []: TF_OLD_DATA ignoring data from the past for frame base_link at time 7.056000 according to authority Authority undetectable
[behavior_server-13] Possible reasons are listed at http://wiki.ros.org/tf/Errors%20explained
[collision_monitor-17] [WARN] [1785623440.867016232] []: TF_OLD_DATA ignoring data from the past for frame base_link at time 7.056000 according to authority Authority undetectable
[collision_monitor-17] Possible reasons are listed at http://wiki.ros.org/tf/Errors%20explained
[opennav_docking-18] [WARN] [1785623440.867090128] []: TF_OLD_DATA ignoring data from the past for frame base_link at time 7.056000 according to authority Authority undetectable
[opennav_docking-18] Possible reasons are listed at http://wiki.ros.org/tf/Errors%20explained
[bt_navigator-14] [WARN] [1785623440.867122533] []: TF_OLD_DATA ignoring data from the past for frame base_link at time 7.056000 according to authority Authority undetectable
[bt_navigator-14] Possible reasons are listed at http://wiki.ros.org/tf/Errors%20explained
[smoother_server-10] [WARN] [1785623440.867165604] []: TF_OLD_DATA ignoring data from the past for frame base_link at time 7.056000 according to authority Authority undetectable
[smoother_server-10] Possible reasons are listed at http://wiki.ros.org/tf/Errors%20explained
[planner_server-11] [WARN] [1785623440.867174481] []: TF_OLD_DATA ignoring data from the past for frame base_link at time 7.056000 according to authority Authority undetectable
[planner_server-11] Possible reasons are listed at http://wiki.ros.org/tf/Errors%20explained
[route_server-12] [WARN] [1785623440.867305140] []: TF_OLD_DATA ignoring data from the past for frame base_link at time 7.056000 according to authority Authority undetectable
[route_server-12] Possible reasons are listed at http://wiki.ros.org/tf/Errors%20explained
[amcl-7] [WARN] [1785623440.902154262] []: TF_OLD_DATA ignoring data from the past for frame base_link at time 23.940000 according to authority Authority undetectable
[amcl-7] Possible reasons are listed at http://wiki.ros.org/tf/Errors%20explained
[smoother_server-10] [WARN] [1785623440.902166943] []: TF_OLD_DATA ignoring data from the past for frame base_link at time 23.940000 according to authority Authority undetectable
[smoother_server-10] Possible reasons are listed at http://wiki.ros.org/tf/Errors%20explained
[controller_server-9] [WARN] [1785623440.902204041] []: TF_OLD_DATA ignoring data from the past for frame base_link at time 23.940000 according to authority Authority undetectable
[controller_server-9] Possible reasons are listed at http://wiki.ros.org/tf/Errors%20explained
[collision_monitor-17] [WARN] [1785623440.902205599] []: TF_OLD_DATA ignoring data from the past for frame base_link at time 23.940000 according to authority Authority undetectable
[collision_monitor-17] Possible reasons are listed at http://wiki.ros.org/tf/Errors%20explained
[bt_navigator-14] [WARN] [1785623440.902234444] []: TF_OLD_DATA ignoring data from the past for frame base_link at time 23.940000 according to authority Authority undetectable
[bt_navigator-14] Possible reasons are listed at http://wiki.ros.org/tf/Errors%20explained
[behavior_server-13] [WARN] [1785623440.902241142] []: TF_OLD_DATA ignoring data from the past for frame base_link at time 23.940000 according to authority Authority undetectable
[behavior_server-13] Possible reasons are listed at http://wiki.ros.org/tf/Errors%20explained
[opennav_docking-18] [WARN] [1785623440.902263043] []: TF_OLD_DATA ignoring data from the past for frame base_link at time 23.940000 according to authority Authority undetectable
[opennav_docking-18] Possible reasons are listed at http://wiki.ros.org/tf/Errors%20explained
[route_server-12] [WARN] [1785623440.902271882] []: TF_OLD_DATA ignoring data from the past for frame base_link at time 23.940000 according to authority Authority undetectable
[route_server-12] Possible reasons are listed at http://wiki.ros.org/tf/Errors%20explained
[planner_server-11] [WARN] [1785623440.902349316] []: TF_OLD_DATA ignoring data from the past for frame base_link at time 23.940000 according to authority Authority undetectable
[planner_server-11] Possible reasons are listed at http://wiki.ros.org/tf/Errors%20explained
[collision_monitor-17] [WARN] [1785623440.903965145] []: TF_OLD_DATA ignoring data from the past for frame base_link at time 7.092000 according to authority Authority undetectable
[collision_monitor-17] Possible reasons are listed at http://wiki.ros.org/tf/Errors%20explained
[planner_server-11] [WARN] [1785623440.903984368] []: TF_OLD_DATA ignoring data from the past for frame base_link at time 7.092000 according to authority Authority undetectable
[planner_server-11] Possible reasons are listed at http://wiki.ros.org/tf/Errors%20explained
[controller_server-9] [WARN] [1785623440.903997453] []: TF_OLD_DATA ignoring data from the past for frame base_link at time 7.092000 according to authority Authority undetectable
[controller_server-9] Possible reasons are listed at http://wiki.ros.org/tf/Errors%20explained
[smoother_server-10] [WARN] [1785623440.904007119] []: TF_OLD_DATA ignoring data from the past for frame base_link at time 7.092000 according to authority Authority undetectable
[smoother_server-10] Possible reasons are listed at http://wiki.ros.org/tf/Errors%20explained
[route_server-12] [WARN] [1785623440.904071109] []: TF_OLD_DATA ignoring data from the past for frame base_link at time 7.092000 according to authority Authority undetectable
[route_server-12] Possible reasons are listed at http://wiki.ros.org/tf/Errors%20explained
[behavior_server-13] [WARN] [1785623440.904109006] []: TF_OLD_DATA ignoring data from the past for frame base_link at time 7.092000 according to authority Authority undetectable
[behavior_server-13] Possible reasons are listed at http://wiki.ros.org/tf/Errors%20explained
[opennav_docking-18] [WARN] [1785623440.904127193] []: TF_OLD_DATA ignoring data from the past for frame base_link at time 7.092000 according to authority Authority undetectable
[opennav_docking-18] Possible reasons are listed at http://wiki.ros.org/tf/Errors%20explained
[amcl-7] [WARN] [1785623440.904136624] []: TF_OLD_DATA ignoring data from the past for frame base_link at time 7.092000 according to authority Authority undetectable
[amcl-7] Possible reasons are listed at http://wiki.ros.org/tf/Errors%20explained
[bt_navigator-14] [WARN] [1785623440.904151012] []: TF_OLD_DATA ignoring data from the past for frame base_link at time 7.092000 according to authority Authority undetectable
[bt_navigator-14] Possible reasons are listed at http://wiki.ros.org/tf/Errors%20explained
[collision_monitor-17] [WARN] [1785623440.939099112] []: TF_OLD_DATA ignoring data from the past for frame base_link at time 23.976000 according to authority Authority undetectable
[collision_monitor-17] Possible reasons are listed at http://wiki.ros.org/tf/Errors%20explained
[bt_navigator-14] [WARN] [1785623440.939222251] []: TF_OLD_DATA ignoring data from the past for frame base_link at time 23.976000 according to authority Authority undetectable
[bt_navigator-14] Possible reasons are listed at http://wiki.ros.org/tf/Errors%20explained
[opennav_docking-18] [WARN] [1785623440.939327365] []: TF_OLD_DATA ignoring data from the past for frame base_link at time 23.976000 according to authority Authority undetectable
[opennav_docking-18] Possible reasons are listed at http://wiki.ros.org/tf/Errors%20explained
[amcl-7] [WARN] [1785623440.939436282] []: TF_OLD_DATA ignoring data from the past for frame base_link at time 23.976000 according to authority Authority undetectable
[amcl-7] Possible reasons are listed at http://wiki.ros.org/tf/Errors%20explained
[planner_server-11] [WARN] [1785623440.939686831] []: TF_OLD_DATA ignoring data from the past for frame base_link at time 23.976000 according to authority Authority undetectable
[planner_server-11] Possible reasons are listed at http://wiki.ros.org/tf/Errors%20explained
[controller_server-9] [WARN] [1785623440.939756678] []: TF_OLD_DATA ignoring data from the past for frame base_link at time 23.976000 according to authority Authority undetectable
[controller_server-9] Possible reasons are listed at http://wiki.ros.org/tf/Errors%20explained
[INFO] [batch_benchmark-5]: process has finished cleanly [pid 158143]
[route_server-12] [WARN] [1785623440.939847401] []: TF_OLD_DATA ignoring data from the past for frame base_link at time 23.976000 according to authority Authority undetectable
[route_server-12] Possible reasons are listed at http://wiki.ros.org/tf/Errors%20explained
[behavior_server-13] [WARN] [1785623440.939967463] []: TF_OLD_DATA ignoring data from the past for frame base_link at time 23.976000 according to authority Authority undetectable
[behavior_server-13] Possible reasons are listed at http://wiki.ros.org/tf/Errors%20explained
[smoother_server-10] [WARN] [1785623440.940052499] []: TF_OLD_DATA ignoring data from the past for frame base_link at time 23.976000 according to authority Authority undetectable
[smoother_server-10] Possible reasons are listed at http://wiki.ros.org/tf/Errors%20explained
[behavior_server-13] [WARN] [1785623440.940536720] []: TF_OLD_DATA ignoring data from the past for frame base_link at time 7.128000 according to authority Authority undetectable
[behavior_server-13] Possible reasons are listed at http://wiki.ros.org/tf/Errors%20explained
[bt_navigator-14] [WARN] [1785623440.940555366] []: TF_OLD_DATA ignoring data from the past for frame base_link at time 7.128000 according to authority Authority undetectable
[bt_navigator-14] Possible reasons are listed at http://wiki.ros.org/tf/Errors%20explained
[route_server-12] [WARN] [1785623440.940599118] []: TF_OLD_DATA ignoring data from the past for frame base_link at time 7.128000 according to authority Authority undetectable
[route_server-12] Possible reasons are listed at http://wiki.ros.org/tf/Errors%20explained
[smoother_server-10] [WARN] [1785623440.940600767] []: TF_OLD_DATA ignoring data from the past for frame base_link at time 7.128000 according to authority Authority undetectable
[smoother_server-10] Possible reasons are listed at http://wiki.ros.org/tf/Errors%20explained
[controller_server-9] [WARN] [1785623440.940676381] []: TF_OLD_DATA ignoring data from the past for frame base_link at time 7.128000 according to authority Authority undetectable
[controller_server-9] Possible reasons are listed at http://wiki.ros.org/tf/Errors%20explained
[opennav_docking-18] [WARN] [1785623440.940738303] []: TF_OLD_DATA ignoring data from the past for frame base_link at time 7.128000 according to authority Authority undetectable
[opennav_docking-18] Possible reasons are listed at http://wiki.ros.org/tf/Errors%20explained
[collision_monitor-17] [WARN] [1785623440.940746059] []: TF_OLD_DATA ignoring data from the past for frame base_link at time 7.128000 according to authority Authority undetectable
[collision_monitor-17] Possible reasons are listed at http://wiki.ros.org/tf/Errors%20explained
[planner_server-11] [WARN] [1785623440.940805060] []: TF_OLD_DATA ignoring data from the past for frame base_link at time 7.128000 according to authority Authority undetectable
[planner_server-11] Possible reasons are listed at http://wiki.ros.org/tf/Errors%20explained
[amcl-7] [WARN] [1785623440.941080849] []: TF_OLD_DATA ignoring data from the past for frame base_link at time 7.128000 according to authority Authority undetectable
[amcl-7] Possible reasons are listed at http://wiki.ros.org/tf/Errors%20explained
[INFO] [lifecycle_manager-19]: sending signal 'SIGINT' to process[lifecycle_manager-19]
[INFO] [opennav_docking-18]: sending signal 'SIGINT' to process[opennav_docking-18]
[INFO] [collision_monitor-17]: sending signal 'SIGINT' to process[collision_monitor-17]
[INFO] [velocity_smoother-16]: sending signal 'SIGINT' to process[velocity_smoother-16]
[INFO] [waypoint_follower-15]: sending signal 'SIGINT' to process[waypoint_follower-15]
[INFO] [bt_navigator-14]: sending signal 'SIGINT' to process[bt_navigator-14]
[INFO] [behavior_server-13]: sending signal 'SIGINT' to process[behavior_server-13]
[INFO] [route_server-12]: sending signal 'SIGINT' to process[route_server-12]
[INFO] [planner_server-11]: sending signal 'SIGINT' to process[planner_server-11]
[INFO] [smoother_server-10]: sending signal 'SIGINT' to process[smoother_server-10]
[INFO] [controller_server-9]: sending signal 'SIGINT' to process[controller_server-9]
[INFO] [lifecycle_manager-8]: sending signal 'SIGINT' to process[lifecycle_manager-8]
[INFO] [amcl-7]: sending signal 'SIGINT' to process[amcl-7]
[INFO] [map_server-6]: sending signal 'SIGINT' to process[map_server-6]
[INFO] [robot_state_publisher-4]: sending signal 'SIGINT' to process[robot_state_publisher-4]
[INFO] [parameter_bridge-3]: sending signal 'SIGINT' to process[parameter_bridge-3]
[INFO] [gazebo-1]: sending signal 'SIGINT' to process[gazebo-1]
[lifecycle_manager-19] [INFO] [1785623440.959214883] [rclcpp]: signal_handler(SIGINT/SIGTERM)
[lifecycle_manager-19] [INFO] [1785623440.959327923] [lifecycle_manager_navigation]: Running Nav2 LifecycleManager rcl preshutdown (lifecycle_manager_navigation)
[lifecycle_manager-19] [INFO] [1785623440.959364816] [lifecycle_manager_navigation]: [34m[1mTerminating bond timer...[0m[0m
[opennav_docking-18] [INFO] [1785623440.962255709] [rclcpp]: signal_handler(SIGINT/SIGTERM)
[opennav_docking-18] [INFO] [1785623440.962358093] [docking_server]: Running Nav2 LifecycleNode rcl preshutdown (docking_server)
[opennav_docking-18] [INFO] [1785623440.962424924] [docking_server]: Deactivating docking_server
[collision_monitor-17] [INFO] [1785623440.966366363] [rclcpp]: signal_handler(SIGINT/SIGTERM)
[collision_monitor-17] [INFO] [1785623440.966487445] [collision_monitor]: Running Nav2 LifecycleNode rcl preshutdown (collision_monitor)
[collision_monitor-17] [INFO] [1785623440.966556516] [collision_monitor]: Deactivating
[collision_monitor-17] [INFO] [1785623440.966578654] [collision_monitor]: Destroying bond (collision_monitor) to lifecycle manager.
[velocity_smoother-16] [INFO] [1785623440.970403299] [rclcpp]: signal_handler(SIGINT/SIGTERM)
[velocity_smoother-16] [INFO] [1785623440.970553917] [velocity_smoother]: Running Nav2 LifecycleNode rcl preshutdown (velocity_smoother)
[velocity_smoother-16] [INFO] [1785623440.970624620] [velocity_smoother]: Deactivating
[velocity_smoother-16] [INFO] [1785623440.970648858] [velocity_smoother]: Destroying bond (velocity_smoother) to lifecycle manager.
[planner_server-11] [WARN] [1785623440.976204287] []: TF_OLD_DATA ignoring data from the past for frame base_link at time 7.164000 according to authority Authority undetectable
[planner_server-11] Possible reasons are listed at http://wiki.ros.org/tf/Errors%20explained
[planner_server-11] [WARN] [1785623440.976266407] []: TF_OLD_DATA ignoring data from the past for frame base_link at time 24.012000 according to authority Authority undetectable
[planner_server-11] Possible reasons are listed at http://wiki.ros.org/tf/Errors%20explained
[bt_navigator-14] [WARN] [1785623440.976314908] []: TF_OLD_DATA ignoring data from the past for frame base_link at time 7.164000 according to authority Authority undetectable
[bt_navigator-14] Possible reasons are listed at http://wiki.ros.org/tf/Errors%20explained
[bt_navigator-14] [WARN] [1785623440.976368395] []: TF_OLD_DATA ignoring data from the past for frame base_link at time 24.012000 according to authority Authority undetectable
[bt_navigator-14] Possible reasons are listed at http://wiki.ros.org/tf/Errors%20explained
[bt_navigator-14] [INFO] [1785623440.977201903] [rclcpp]: signal_handler(SIGINT/SIGTERM)
[bt_navigator-14] [INFO] [1785623440.977284515] [bt_navigator]: Running Nav2 LifecycleNode rcl preshutdown (bt_navigator)
[bt_navigator-14] [INFO] [1785623440.977334966] [bt_navigator]: Deactivating
[bt_navigator-14] [INFO] [1785623440.977360496] [bt_navigator]: Destroying bond (bt_navigator) to lifecycle manager.
[behavior_server-13] [WARN] [1785623440.976327997] []: TF_OLD_DATA ignoring data from the past for frame base_link at time 7.164000 according to authority Authority undetectable
[behavior_server-13] Possible reasons are listed at http://wiki.ros.org/tf/Errors%20explained
[behavior_server-13] [WARN] [1785623440.976377223] []: TF_OLD_DATA ignoring data from the past for frame base_link at time 24.012000 according to authority Authority undetectable
[behavior_server-13] Possible reasons are listed at http://wiki.ros.org/tf/Errors%20explained
[route_server-12] [WARN] [1785623440.976347794] []: TF_OLD_DATA ignoring data from the past for frame base_link at time 7.164000 according to authority Authority undetectable
[route_server-12] Possible reasons are listed at http://wiki.ros.org/tf/Errors%20explained
[route_server-12] [WARN] [1785623440.976380263] []: TF_OLD_DATA ignoring data from the past for frame base_link at time 24.012000 according to authority Authority undetectable
[route_server-12] Possible reasons are listed at http://wiki.ros.org/tf/Errors%20explained
[smoother_server-10] [WARN] [1785623440.976821753] []: TF_OLD_DATA ignoring data from the past for frame base_link at time 7.164000 according to authority Authority undetectable
[smoother_server-10] Possible reasons are listed at http://wiki.ros.org/tf/Errors%20explained
[smoother_server-10] [WARN] [1785623440.976862146] []: TF_OLD_DATA ignoring data from the past for frame base_link at time 24.012000 according to authority Authority undetectable
[smoother_server-10] Possible reasons are listed at http://wiki.ros.org/tf/Errors%20explained
[amcl-7] [WARN] [1785623440.976821615] []: TF_OLD_DATA ignoring data from the past for frame base_link at time 7.164000 according to authority Authority undetectable
[amcl-7] Possible reasons are listed at http://wiki.ros.org/tf/Errors%20explained
[amcl-7] [WARN] [1785623440.976856961] []: TF_OLD_DATA ignoring data from the past for frame base_link at time 24.012000 according to authority Authority undetectable
[amcl-7] Possible reasons are listed at http://wiki.ros.org/tf/Errors%20explained
[collision_monitor-17] [WARN] [1785623440.976907791] []: TF_OLD_DATA ignoring data from the past for frame base_link at time 7.164000 according to authority Authority undetectable
[collision_monitor-17] Possible reasons are listed at http://wiki.ros.org/tf/Errors%20explained
[collision_monitor-17] [WARN] [1785623440.976934340] []: TF_OLD_DATA ignoring data from the past for frame base_link at time 24.012000 according to authority Authority undetectable
[collision_monitor-17] Possible reasons are listed at http://wiki.ros.org/tf/Errors%20explained
[collision_monitor-17] [INFO] [1785623440.976947887] [collision_monitor]: Cleaning up
[collision_monitor-17] [INFO] [1785623440.976971552] [collision_monitor]: [FootprintApproach]: Destroying Polygon
[collision_monitor-17] [INFO] [1785623440.976983042] [collision_monitor]: [scan]: Destroying Scan
[controller_server-9] [WARN] [1785623440.977118704] []: TF_OLD_DATA ignoring data from the past for frame base_link at time 7.164000 according to authority Authority undetectable
[controller_server-9] Possible reasons are listed at http://wiki.ros.org/tf/Errors%20explained
[controller_server-9] [WARN] [1785623440.977155288] []: TF_OLD_DATA ignoring data from the past for frame base_link at time 24.012000 according to authority Authority undetectable
[controller_server-9] Possible reasons are listed at http://wiki.ros.org/tf/Errors%20explained
[waypoint_follower-15] [INFO] [1785623440.977456443] [rclcpp]: signal_handler(SIGINT/SIGTERM)
[waypoint_follower-15] [INFO] [1785623440.977531527] [waypoint_follower]: Running Nav2 LifecycleNode rcl preshutdown (waypoint_follower)
[waypoint_follower-15] [INFO] [1785623440.977576256] [waypoint_follower]: Deactivating
[waypoint_follower-15] [INFO] [1785623440.977596236] [waypoint_follower]: Destroying bond (waypoint_follower) to lifecycle manager.
[opennav_docking-18] [INFO] [1785623440.980587879] [docking_server]: Destroying bond (docking_server) to lifecycle manager.
[velocity_smoother-16] [INFO] [1785623440.981045136] [velocity_smoother]: Cleaning up
[velocity_smoother-16] [INFO] [1785623440.981084282] [velocity_smoother]: Destroying bond (velocity_smoother) to lifecycle manager.
[behavior_server-13] [INFO] [1785623440.981076300] [rclcpp]: signal_handler(SIGINT/SIGTERM)
[behavior_server-13] [INFO] [1785623440.981172403] [behavior_server]: Running Nav2 LifecycleNode rcl preshutdown (behavior_server)
[behavior_server-13] [INFO] [1785623440.981387044] [behavior_server]: Deactivating
[behavior_server-13] [INFO] [1785623440.981913938] [behavior_server]: Destroying bond (behavior_server) to lifecycle manager.
[collision_monitor-17] [INFO] [1785623440.983271215] [collision_monitor]: Destroying bond (collision_monitor) to lifecycle manager.
[route_server-12] [INFO] [1785623440.985760023] [rclcpp]: signal_handler(SIGINT/SIGTERM)
[route_server-12] [INFO] [1785623440.985862083] [route_server]: Running Nav2 LifecycleNode rcl preshutdown (route_server)
[route_server-12] [INFO] [1785623440.985927988] [route_server]: Deactivating
[route_server-12] [INFO] [1785623440.985946289] [route_server]: Destroying bond (route_server) to lifecycle manager.
[velocity_smoother-16] [INFO] [1785623440.986911985] [velocity_smoother]: Destroying
[waypoint_follower-15] [INFO] [1785623440.987871868] [waypoint_follower]: Cleaning up
[bt_navigator-14] [INFO] [1785623440.988226116] [bt_navigator]: Cleaning up
[planner_server-11] [INFO] [1785623440.988241411] [rclcpp]: signal_handler(SIGINT/SIGTERM)
[planner_server-11] [INFO] [1785623440.988308585] [planner_server]: Running Nav2 LifecycleNode rcl preshutdown (planner_server)
[planner_server-11] [INFO] [1785623440.988358453] [planner_server]: Deactivating
[planner_server-11] [INFO] [1785623440.988386789] [global_costmap.global_costmap]: Deactivating
[smoother_server-10] [INFO] [1785623440.990429249] [rclcpp]: signal_handler(SIGINT/SIGTERM)
[smoother_server-10] [INFO] [1785623440.990495592] [smoother_server]: Running Nav2 LifecycleNode rcl preshutdown (smoother_server)
[smoother_server-10] [INFO] [1785623440.990553915] [smoother_server]: Deactivating
[smoother_server-10] [INFO] [1785623440.990583460] [smoother_server]: Deactivating smoother: constrained of type nav2_constrained_smoother::ConstrainedSmoother
[smoother_server-10] [INFO] [1785623440.990593149] [smoother_server]: Destroying bond (smoother_server) to lifecycle manager.
[opennav_docking-18] [INFO] [1785623440.991656051] [docking_server]: Cleaning up docking_server
[behavior_server-13] [INFO] [1785623440.993008752] [behavior_server]: Cleaning up
[controller_server-9] [INFO] [1785623440.994144649] [rclcpp]: signal_handler(SIGINT/SIGTERM)
[controller_server-9] [INFO] [1785623440.994342248] [controller_server]: Running Nav2 LifecycleNode rcl preshutdown (controller_server)
[controller_server-9] [INFO] [1785623440.995436314] [controller_server]: Deactivating
[controller_server-9] [INFO] [1785623440.995460231] [controller_server]: Deactivating controller: FollowPath of type regulated_pure_pursuit_controller::RegulatedPurePursuitController
[controller_server-9] [INFO] [1785623440.995481902] [local_costmap.local_costmap]: Deactivating
[route_server-12] [INFO] [1785623440.997392689] [route_server]: Cleaning up
[collision_monitor-17] [INFO] [1785623440.997937899] [collision_monitor]: Destroying
[lifecycle_manager-8] [INFO] [1785623440.998226887] [rclcpp]: signal_handler(SIGINT/SIGTERM)
[lifecycle_manager-8] [INFO] [1785623440.998578339] [lifecycle_manager_localization]: Running Nav2 LifecycleManager rcl preshutdown (lifecycle_manager_localization)
[lifecycle_manager-8] [INFO] [1785623440.998608962] [lifecycle_manager_localization]: [34m[1mTerminating bond timer...[0m[0m
[smoother_server-10] [INFO] [1785623441.001466476] [smoother_server]: Cleaning up
[smoother_server-10] [INFO] [1785623441.001621396] [smoother_server]: Cleaning up smoother: constrained of type nav2_constrained_smoother::ConstrainedSmoother
[map_server-6] [INFO] [1785623441.003672899] [rclcpp]: signal_handler(SIGINT/SIGTERM)
[map_server-6] [INFO] [1785623441.003780200] [map_server]: Running Nav2 LifecycleNode rcl preshutdown (map_server)
[map_server-6] [INFO] [1785623441.003839791] [map_server]: Deactivating
[map_server-6] [INFO] [1785623441.003850139] [map_server]: Destroying bond (map_server) to lifecycle manager.
[behavior_server-13] [INFO] [1785623441.005099838] [behavior_server]: Destroying bond (behavior_server) to lifecycle manager.
[robot_state_publisher-4] [INFO] [1785623441.008335928] [rclcpp]: signal_handler(SIGINT/SIGTERM)
[parameter_bridge-3] [INFO] [1785623441.011722081] [rclcpp]: signal_handler(SIGINT/SIGTERM)
[map_server-6] [INFO] [1785623441.014156010] [map_server]: Cleaning up
[map_server-6] [INFO] [1785623441.014306613] [map_server]: Destroying bond (map_server) to lifecycle manager.
[waypoint_follower-15] [INFO] [1785623441.014593688] [waypoint_follower]: Destroying bond (waypoint_follower) to lifecycle manager.
[map_server-6] [INFO] [1785623441.022282541] [map_server]: Destroying
[waypoint_follower-15] [INFO] [1785623441.028082149] [waypoint_follower]: Destroying
[smoother_server-10] [INFO] [1785623441.033676655] [smoother_server]: Destroying bond (smoother_server) to lifecycle manager.
[amcl-7] [INFO] [1785623441.038795642] [rclcpp]: signal_handler(SIGINT/SIGTERM)
[amcl-7] [INFO] [1785623441.038882064] [amcl]: Running Nav2 LifecycleNode rcl preshutdown (amcl)
[amcl-7] [INFO] [1785623441.038944587] [amcl]: Deactivating
[amcl-7] [INFO] [1785623441.038962085] [amcl]: Destroying bond (amcl) to lifecycle manager.
[smoother_server-10] [INFO] [1785623441.040589945] [smoother_server]: Destroying
[amcl-7] [INFO] [1785623441.049221969] [amcl]: Cleaning up
[lifecycle_manager-8] [INFO] [1785623441.049248178] [lifecycle_manager_localization]: Destroying lifecycle_manager_localization
[amcl-7] [INFO] [1785623441.052167875] [amcl]: Destroying bond (amcl) to lifecycle manager.
[route_server-12] [INFO] [1785623441.054905067] [route_server]: Destroying bond (route_server) to lifecycle manager.
[opennav_docking-18] [INFO] [1785623441.055033837] [docking_server]: Destroying bond (docking_server) to lifecycle manager.
[behavior_server-13] [INFO] [1785623441.055964249] [behavior_server]: Destroying
[route_server-12] [INFO] [1785623441.057573220] [route_server]: Destroying
[amcl-7] [INFO] [1785623441.060697294] [amcl]: Destroying
[opennav_docking-18] [INFO] [1785623441.062153102] [docking_server]: Destroying
[bt_navigator-14] [INFO] [1785623441.098216224] [bt_navigator]: Completed Cleaning up
[bt_navigator-14] [INFO] [1785623441.098262162] [bt_navigator]: Destroying bond (bt_navigator) to lifecycle manager.
[bt_navigator-14] [INFO] [1785623441.102835592] [bt_navigator]: Destroying
[controller_server-9] [INFO] [1785623441.115754167] [controller_server]: Destroying bond (controller_server) to lifecycle manager.
[controller_server-9] [INFO] [1785623441.125923282] [controller_server]: Cleaning up
[controller_server-9] [INFO] [1785623441.125962683] [controller_server]: Cleaning up controller: FollowPath of type regulated_pure_pursuit_controller::RegulatedPurePursuitController
[controller_server-9] [INFO] [1785623441.126045541] [local_costmap.local_costmap]: Cleaning up
[lifecycle_manager-19] [INFO] [1785623441.130337608] [lifecycle_manager_navigation]: Destroying lifecycle_manager_navigation
[controller_server-9] [INFO] [1785623441.144236843] [controller_server]: Destroying bond (controller_server) to lifecycle manager.
[controller_server-9] [INFO] [1785623441.148914167] [local_costmap.local_costmap]: Destroying
[INFO] [velocity_smoother-16]: process has finished cleanly [pid 158364]
[INFO] [parameter_bridge-3]: process has finished cleanly [pid 158140]
[controller_server-9] [INFO] [1785623441.154650376] [controller_server]: Destroying
[INFO] [robot_state_publisher-4]: process has finished cleanly [pid 158142]
[INFO] [waypoint_follower-15]: process has finished cleanly [pid 158361]
[INFO] [collision_monitor-17]: process has finished cleanly [pid 158365]
[INFO] [lifecycle_manager-8]: process has finished cleanly [pid 158354]
[INFO] [smoother_server-10]: process has finished cleanly [pid 158356]
[INFO] [map_server-6]: process has finished cleanly [pid 158352]
[INFO] [amcl-7]: process has finished cleanly [pid 158353]
[INFO] [behavior_server-13]: process has finished cleanly [pid 158359]
[INFO] [route_server-12]: process has finished cleanly [pid 158358]
[INFO] [opennav_docking-18]: process has finished cleanly [pid 158366]
[INFO] [bt_navigator-14]: process has finished cleanly [pid 158360]
[planner_server-11] [INFO] [1785623441.246027999] [planner_server]: Deactivating plugin Smac2D of type SmacPlanner2D
[planner_server-11] [INFO] [1785623441.246083730] [planner_server]: Deactivating plugin ThetaStar of type nav2_theta_star_planner
[planner_server-11] [INFO] [1785623441.246096062] [planner_server]: Deactivating plugin SmacHybrid of type SmacPlannerHybrid
[planner_server-11] [INFO] [1785623441.246107593] [planner_server]: Deactivating plugin NavFnDijkstra of type NavfnPlanner
[planner_server-11] [INFO] [1785623441.246116731] [planner_server]: Deactivating plugin NavFnAStar of type NavfnPlanner
[planner_server-11] [INFO] [1785623441.246132324] [planner_server]: Destroying bond (planner_server) to lifecycle manager.
[INFO] [lifecycle_manager-19]: process has finished cleanly [pid 158367]
[planner_server-11] [INFO] [1785623441.256279791] [planner_server]: Cleaning up
[planner_server-11] [INFO] [1785623441.262202194] [global_costmap.global_costmap]: Cleaning up
[planner_server-11] [INFO] [1785623441.266531222] [planner_server]: Cleaning up plugin Smac2D of type SmacPlanner2D
[planner_server-11] [INFO] [1785623441.267830155] [planner_server]: CleaningUp plugin ThetaStar of type nav2_theta_star_planner
[planner_server-11] [INFO] [1785623441.268110966] [planner_server]: Cleaning up plugin SmacHybrid of type SmacPlannerHybrid
[planner_server-11] [INFO] [1785623441.268716732] [planner_server]: Cleaning up plugin NavFnDijkstra of type NavfnPlanner
[planner_server-11] [INFO] [1785623441.269088576] [planner_server]: Cleaning up plugin NavFnAStar of type NavfnPlanner
[planner_server-11] [INFO] [1785623441.269129751] [planner_server]: Destroying plugin Smac2D of type SmacPlanner2D
[planner_server-11] [INFO] [1785623441.269159148] [planner_server]: Destroying plugin SmacHybrid of type SmacPlannerHybrid
[planner_server-11] [INFO] [1785623441.269195545] [planner_server]: Destroying plugin NavFnDijkstra of type NavfnPlanner
[planner_server-11] [INFO] [1785623441.269212586] [planner_server]: Destroying plugin NavFnAStar of type NavfnPlanner
[INFO] [controller_server-9]: process has finished cleanly [pid 158355]
[planner_server-11] [INFO] [1785623441.276433196] [planner_server]: Destroying bond (planner_server) to lifecycle manager.
[planner_server-11] [INFO] [1785623441.278913239] [global_costmap.global_costmap]: Destroying
[planner_server-11] [INFO] [1785623441.286503727] [planner_server]: Destroying
[INFO] [planner_server-11]: process has finished cleanly [pid 158357]
[ERROR] [gazebo-1]: process[gazebo-1] failed to terminate '5' seconds after receiving 'SIGINT', escalating to 'SIGTERM'
[INFO] [gazebo-1]: sending signal 'SIGTERM' to process[gazebo-1]
[ERROR] [gazebo-1]: process has died [pid 158138, exit code -15, cmd 'ruby /opt/ros/jazzy/opt/gz_tools_vendor/bin/gz sim -r -s -v 3 --initial-sim-time 0.0 /home/linh-pham/agv_nav2_research_ws_bao/install/vacuum_robot_gazebo/share/vacuum_robot_gazebo/worlds/office_maze.sdf --force-version 8'].
