[INFO] [launch]: All log files can be found below /home/linh-pham/.ros/log/2026-08-02-05-30-46-336876-linh-pham-LOQ-15IAX9-158797
[INFO] [launch]: Default logging verbosity is set to INFO
[INFO] [gazebo-1]: process started with pid [158854]
[INFO] [create-2]: process started with pid [158855]
[INFO] [parameter_bridge-3]: process started with pid [158856]
[INFO] [robot_state_publisher-4]: process started with pid [158858]
[INFO] [batch_benchmark-5]: process started with pid [158859]
[robot_state_publisher-4] [INFO] [1785623447.016353153] [robot_state_publisher]: Robot initialized
[gazebo-1] [1;32m[Msg] [0m[1;32mGazebo Sim Server v[0m[1;32m8.11.0[0m[1;32m[0m
[gazebo-1] [1;32m[Msg] [0m[1;32mLoading SDF world file[[0m[1;32m/home/linh-pham/agv_nav2_research_ws_bao/install/vacuum_robot_gazebo/share/vacuum_robot_gazebo/worlds/open_arena.sdf[0m[1;32m].[0m
[gazebo-1] [1;32m[Msg] [0m[1;32mServing entity system service on [[0m[1;32m/[0m[1;32mentity/system/add[0m[1;32m][0m[1;32m[0m
[gazebo-1] [1;32m[Msg] [0m[1;32mCreate[0m[1;32m service on [[0m[1;32m/world/open_arena/create_multiple[0m[1;32m] (async)[0m[1;32m[0m
[gazebo-1] [1;32m[Msg] [0m[1;32mCreate[0m[1;32m service on [[0m[1;32m/world/open_arena/create_multiple/blocking[0m[1;32m] (blocking)[0m[1;32m[0m
[gazebo-1] [1;32m[Msg] [0m[1;32mRemove[0m[1;32m service on [[0m[1;32m/world/open_arena/remove[0m[1;32m] (async)[0m[1;32m[0m
[gazebo-1] [1;32m[Msg] [0m[1;32mRemove[0m[1;32m service on [[0m[1;32m/world/open_arena/remove/blocking[0m[1;32m] (blocking)[0m[1;32m[0m
[gazebo-1] [1;32m[Msg] [0m[1;32mPose[0m[1;32m service on [[0m[1;32m/world/open_arena/set_pose[0m[1;32m] (async)[0m[1;32m[0m
[gazebo-1] [1;32m[Msg] [0m[1;32mPose[0m[1;32m service on [[0m[1;32m/world/open_arena/set_pose/blocking[0m[1;32m] (blocking)[0m[1;32m[0m
[gazebo-1] [1;32m[Msg] [0m[1;32mPose[0m[1;32m service on [[0m[1;32m/world/open_arena/set_pose_vector[0m[1;32m] (async)[0m[1;32m[0m
[gazebo-1] [1;32m[Msg] [0m[1;32mPose[0m[1;32m service on [[0m[1;32m/world/open_arena/set_pose_vector/blocking[0m[1;32m] (blocking)[0m[1;32m[0m
[gazebo-1] [1;32m[Msg] [0m[1;32mLight configuration[0m[1;32m service on [[0m[1;32m/world/open_arena/light_config[0m[1;32m] (async)[0m[1;32m[0m
[gazebo-1] [1;32m[Msg] [0m[1;32mLight configuration[0m[1;32m service on [[0m[1;32m/world/open_arena/light_config/blocking[0m[1;32m] (blocking)[0m[1;32m[0m
[gazebo-1] [1;32m[Msg] [0m[1;32mPhysics[0m[1;32m service on [[0m[1;32m/world/open_arena/set_physics[0m[1;32m] (async)[0m[1;32m[0m
[gazebo-1] [1;32m[Msg] [0m[1;32mPhysics[0m[1;32m service on [[0m[1;32m/world/open_arena/set_physics/blocking[0m[1;32m] (blocking)[0m[1;32m[0m
[gazebo-1] [1;32m[Msg] [0m[1;32mSphericalCoordinates[0m[1;32m service on [[0m[1;32m/world/open_arena/set_spherical_coordinates[0m[1;32m] (async)[0m[1;32m[0m
[gazebo-1] [1;32m[Msg] [0m[1;32mSphericalCoordinates[0m[1;32m service on [[0m[1;32m/world/open_arena/set_spherical_coordinates/blocking[0m[1;32m] (blocking)[0m[1;32m[0m
[gazebo-1] [1;32m[Msg] [0m[1;32mEnable collision[0m[1;32m service on [[0m[1;32m/world/open_arena/enable_collision[0m[1;32m] (async)[0m[1;32m[0m
[gazebo-1] [1;32m[Msg] [0m[1;32mEnable collision[0m[1;32m service on [[0m[1;32m/world/open_arena/enable_collision/blocking[0m[1;32m] (blocking)[0m[1;32m[0m
[gazebo-1] [1;32m[Msg] [0m[1;32mDisable collision[0m[1;32m service on [[0m[1;32m/world/open_arena/disable_collision[0m[1;32m] (async)[0m[1;32m[0m
[gazebo-1] [1;32m[Msg] [0m[1;32mDisable collision[0m[1;32m service on [[0m[1;32m/world/open_arena/disable_collision/blocking[0m[1;32m] (blocking)[0m[1;32m[0m
[gazebo-1] [1;32m[Msg] [0m[1;32mMaterial[0m[1;32m service on [[0m[1;32m/world/open_arena/visual_config[0m[1;32m] (async)[0m[1;32m[0m
[gazebo-1] [1;32m[Msg] [0m[1;32mMaterial[0m[1;32m service on [[0m[1;32m/world/open_arena/visual_config/blocking[0m[1;32m] (blocking)[0m[1;32m[0m
[gazebo-1] [1;32m[Msg] [0m[1;32mMaterial[0m[1;32m service on [[0m[1;32m/world/open_arena/wheel_slip[0m[1;32m] (async)[0m[1;32m[0m
[gazebo-1] [1;32m[Msg] [0m[1;32mMaterial[0m[1;32m service on [[0m[1;32m/world/open_arena/wheel_slip/blocking[0m[1;32m] (blocking)[0m[1;32m[0m
[gazebo-1] [1;32m[Msg] [0m[1;32mLoaded level [[0m[1;32mdefault[0m[1;32m][0m[1;32m[0m
[gazebo-1] [1;32m[Msg] [0m[1;32mServing world controls on [[0m[1;32m/world/open_arena[0m[1;32m/control], [[0m[1;32m/world/open_arena[0m[1;32m/control/state] and [[0m[1;32m/world/open_arena[0m[1;32m/playback/control][0m[1;32m[0m
[gazebo-1] [1;32m[Msg] [0m[1;32mServing GUI information on [[0m[1;32m/world/open_arena[0m[1;32m/[0m[1;32mgui/info[0m[1;32m][0m[1;32m[0m
[create-2] [INFO] [1785623447.699166439] [spawn_vacuum_robot]: Entity creation successful.
[INFO] [create-2]: process has finished cleanly [pid 158855]
[parameter_bridge-3] [INFO] [1785623448.047018291] [ros_gz_bridge]: Creating GZ->ROS Bridge: [/clock (gz.msgs.Clock) -> /clock (rosgraph_msgs/msg/Clock)] (Lazy 0)
[parameter_bridge-3] [INFO] [1785623448.048273566] [ros_gz_bridge]: Creating GZ->ROS Bridge: [/joint_states (gz.msgs.Model) -> /joint_states (sensor_msgs/msg/JointState)] (Lazy 0)
[parameter_bridge-3] [INFO] [1785623448.052710199] [ros_gz_bridge]: Creating GZ->ROS Bridge: [/odom (gz.msgs.Odometry) -> /odom (nav_msgs/msg/Odometry)] (Lazy 0)
[parameter_bridge-3] [INFO] [1785623448.058883734] [ros_gz_bridge]: Creating GZ->ROS Bridge: [/tf (gz.msgs.Pose_V) -> /tf (tf2_msgs/msg/TFMessage)] (Lazy 0)
[parameter_bridge-3] [INFO] [1785623448.061327487] [ros_gz_bridge]: Creating GZ->ROS Bridge: [/scan (gz.msgs.LaserScan) -> /scan (sensor_msgs/msg/LaserScan)] (Lazy 0)
[parameter_bridge-3] [INFO] [1785623448.064027347] [ros_gz_bridge]: Creating GZ->ROS Bridge: [/imu/data (gz.msgs.IMU) -> /imu/data (sensor_msgs/msg/Imu)] (Lazy 0)
[parameter_bridge-3] [INFO] [1785623448.065665982] [ros_gz_bridge]: Creating ROS->GZ Bridge: [/cmd_vel (geometry_msgs/msg/Twist) -> /cmd_vel (gz.msgs.Twist)] (Lazy 0)
[parameter_bridge-3] [INFO] [1785623448.067100160] [ros_gz_bridge]: Creating GZ->ROS Bridge: [/ground_truth/odom (gz.msgs.Odometry) -> /ground_truth/odom (nav_msgs/msg/Odometry)] (Lazy 0)
[gazebo-1] [1;33m[Wrn] [SimulationRunner.cc:734] [0m[1;33mFound additional publishers on /stats,[0m[1;33m using namespaced stats topic only[0m[1;33m[0m
[gazebo-1] [1;33m[Wrn] [SimulationRunner.cc:768] [0m[1;33mFound additional publishers on /clock,[0m[1;33m using namespaced clock topic only[0m[1;33m[0m
[gazebo-1] [1;32m[Msg] [0m[1;32mWorld [[0m[1;32mopen_arena[0m[1;32m] initialized with [[0m[1;32mresearch_physics[0m[1;32m] physics profile.[0m[1;32m[0m
[gazebo-1] [1;32m[Msg] [0m[1;32mServing world SDF generation service on [[0m[1;32m/world/open_arena[0m[1;32m/[0m[1;32mgenerate_world_sdf[0m[1;32m][0m[1;32m[0m
[gazebo-1] [1;32m[Msg] [0m[1;32mServing world names on [[0m[1;32m/gazebo/worlds[0m[1;32m][0m[1;32m[0m
[gazebo-1] [1;32m[Msg] [0m[1;32mResource path add service on [[0m[1;32m/gazebo/resource_paths/add[0m[1;32m].[0m[1;32m[0m
[gazebo-1] [1;32m[Msg] [0m[1;32mResource path get service on [[0m[1;32m/gazebo/resource_paths/get[0m[1;32m].[0m[1;32m[0m
[gazebo-1] [1;32m[Msg] [0m[1;32mResource path resolve service on [[0m[1;32m/gazebo/resource_paths/resolve[0m[1;32m].[0m[1;32m[0m
[gazebo-1] [1;32m[Msg] [0m[1;32mResource paths published on [[0m[1;32m/gazebo/resource_paths[0m[1;32m].[0m[1;32m[0m
[gazebo-1] [1;32m[Msg] [0m[1;32mServer control service on [[0m[1;32m/server_control[0m[1;32m].[0m[1;32m[0m
[gazebo-1] [1;33mWarning [Utils.cc:132][0m [/sdf/model[@name="vacuum_robot"]/link[@name="base_link"]/sensor[@name="rplidar_a1m8"]/gz_frame_id:/home/linh-pham/agv_nav2_research_ws_bao/install/vacuum_robot_gazebo/share/vacuum_robot_gazebo/models/vacuum_robot/model.sdf:L107]: XML Element[gz_frame_id], child of element[sensor], not defined in SDF. Copying[gz_frame_id] as children of [sensor].
[gazebo-1] [1;33mWarning [Utils.cc:132][0m [/sdf/model[@name="vacuum_robot"]/link[@name="base_link"]/sensor[@name="bno055_imu"]/gz_frame_id:/home/linh-pham/agv_nav2_research_ws_bao/install/vacuum_robot_gazebo/share/vacuum_robot_gazebo/models/vacuum_robot/model.sdf:L128]: XML Element[gz_frame_id], child of element[sensor], not defined in SDF. Copying[gz_frame_id] as children of [sensor].
[gazebo-1] libEGL warning: pci id for fd 61: 10de:25ec, driver (null)
[gazebo-1] 
[gazebo-1] pci id for fd 62: 10de:25ec, driver (null)
[gazebo-1] pci id for fd 63: 10de:25ec, driver (null)
[gazebo-1] libEGL warning: egl: failed to create dri2 screen
[gazebo-1] libEGL warning: pci id for fd 61: 10de:25ec, driver (null)
[gazebo-1] 
[gazebo-1] pci id for fd 62: 10de:25ec, driver (null)
[gazebo-1] pci id for fd 63: 10de:25ec, driver (null)
[gazebo-1] libEGL warning: egl: failed to create dri2 screen
[gazebo-1] libEGL warning: pci id for fd 61: 10de:25ec, driver (null)
[gazebo-1] 
[INFO] [map_server-6]: process started with pid [159059]
[INFO] [amcl-7]: process started with pid [159060]
[INFO] [lifecycle_manager-8]: process started with pid [159061]
[INFO] [controller_server-9]: process started with pid [159062]
[INFO] [smoother_server-10]: process started with pid [159063]
[INFO] [planner_server-11]: process started with pid [159064]
[INFO] [route_server-12]: process started with pid [159065]
[INFO] [behavior_server-13]: process started with pid [159066]
[INFO] [bt_navigator-14]: process started with pid [159069]
[INFO] [waypoint_follower-15]: process started with pid [159070]
[INFO] [velocity_smoother-16]: process started with pid [159073]
[INFO] [collision_monitor-17]: process started with pid [159074]
[INFO] [opennav_docking-18]: process started with pid [159083]
[INFO] [lifecycle_manager-19]: process started with pid [159088]
[amcl-7] [INFO] [1785623450.225814575] [amcl]: 
[amcl-7] 	amcl lifecycle node launched. 
[amcl-7] 	Waiting on external lifecycle transitions to activate
[amcl-7] 	See https://design.ros2.org/articles/node_lifecycle.html for more information.
[amcl-7] [INFO] [1785623450.226360362] [amcl]: Creating
[smoother_server-10] [INFO] [1785623450.235322251] [smoother_server]: 
[smoother_server-10] 	smoother_server lifecycle node launched. 
[smoother_server-10] 	Waiting on external lifecycle transitions to activate
[smoother_server-10] 	See https://design.ros2.org/articles/node_lifecycle.html for more information.
[smoother_server-10] [INFO] [1785623450.237073290] [smoother_server]: Creating smoother server
[controller_server-9] [INFO] [1785623450.237624404] [controller_server]: 
[controller_server-9] 	controller_server lifecycle node launched. 
[controller_server-9] 	Waiting on external lifecycle transitions to activate
[controller_server-9] 	See https://design.ros2.org/articles/node_lifecycle.html for more information.
[controller_server-9] [INFO] [1785623450.244735884] [controller_server]: Creating controller server
[lifecycle_manager-8] [INFO] [1785623450.251880994] [lifecycle_manager_localization]: Creating
[bt_navigator-14] [INFO] [1785623450.258554132] [bt_navigator]: 
[bt_navigator-14] 	bt_navigator lifecycle node launched. 
[bt_navigator-14] 	Waiting on external lifecycle transitions to activate
[bt_navigator-14] 	See https://design.ros2.org/articles/node_lifecycle.html for more information.
[bt_navigator-14] [INFO] [1785623450.260430835] [bt_navigator]: Creating
[lifecycle_manager-8] [INFO] [1785623450.277369565] [lifecycle_manager_localization]: [34m[1mCreating and initializing lifecycle service clients[0m[0m
[controller_server-9] [INFO] [1785623450.289491168] [local_costmap.local_costmap]: 
[controller_server-9] 	local_costmap lifecycle node launched. 
[controller_server-9] 	Waiting on external lifecycle transitions to activate
[controller_server-9] 	See https://design.ros2.org/articles/node_lifecycle.html for more information.
[opennav_docking-18] [INFO] [1785623450.291548777] [docking_server]: 
[opennav_docking-18] 	docking_server lifecycle node launched. 
[opennav_docking-18] 	Waiting on external lifecycle transitions to activate
[opennav_docking-18] 	See https://design.ros2.org/articles/node_lifecycle.html for more information.
[opennav_docking-18] [INFO] [1785623450.291671318] [docking_server]: Creating docking_server
[controller_server-9] [INFO] [1785623450.294165879] [local_costmap.local_costmap]: Creating Costmap
[map_server-6] [INFO] [1785623450.310239281] [map_server]: 
[map_server-6] 	map_server lifecycle node launched. 
[map_server-6] 	Waiting on external lifecycle transitions to activate
[map_server-6] 	See https://design.ros2.org/articles/node_lifecycle.html for more information.
[map_server-6] [INFO] [1785623450.310408417] [map_server]: Creating
[behavior_server-13] [INFO] [1785623450.311195743] [behavior_server]: 
[behavior_server-13] 	behavior_server lifecycle node launched. 
[behavior_server-13] 	Waiting on external lifecycle transitions to activate
[behavior_server-13] 	See https://design.ros2.org/articles/node_lifecycle.html for more information.
[collision_monitor-17] [INFO] [1785623450.321079202] [collision_monitor]: 
[collision_monitor-17] 	collision_monitor lifecycle node launched. 
[collision_monitor-17] 	Waiting on external lifecycle transitions to activate
[collision_monitor-17] 	See https://design.ros2.org/articles/node_lifecycle.html for more information.
[planner_server-11] [INFO] [1785623450.327528381] [planner_server]: 
[planner_server-11] 	planner_server lifecycle node launched. 
[planner_server-11] 	Waiting on external lifecycle transitions to activate
[planner_server-11] 	See https://design.ros2.org/articles/node_lifecycle.html for more information.
[planner_server-11] [INFO] [1785623450.328899575] [planner_server]: Creating
[velocity_smoother-16] [INFO] [1785623450.333616036] [velocity_smoother]: 
[velocity_smoother-16] 	velocity_smoother lifecycle node launched. 
[velocity_smoother-16] 	Waiting on external lifecycle transitions to activate
[velocity_smoother-16] 	See https://design.ros2.org/articles/node_lifecycle.html for more information.
[lifecycle_manager-19] [INFO] [1785623450.337298673] [lifecycle_manager_navigation]: Creating
[lifecycle_manager-19] [INFO] [1785623450.343580502] [lifecycle_manager_navigation]: [34m[1mCreating and initializing lifecycle service clients[0m[0m
[waypoint_follower-15] [INFO] [1785623450.346727645] [waypoint_follower]: 
[waypoint_follower-15] 	waypoint_follower lifecycle node launched. 
[waypoint_follower-15] 	Waiting on external lifecycle transitions to activate
[waypoint_follower-15] 	See https://design.ros2.org/articles/node_lifecycle.html for more information.
[waypoint_follower-15] [INFO] [1785623450.347118226] [waypoint_follower]: Creating
[planner_server-11] [INFO] [1785623450.368903462] [global_costmap.global_costmap]: 
[planner_server-11] 	global_costmap lifecycle node launched. 
[planner_server-11] 	Waiting on external lifecycle transitions to activate
[planner_server-11] 	See https://design.ros2.org/articles/node_lifecycle.html for more information.
[planner_server-11] [INFO] [1785623450.370380623] [global_costmap.global_costmap]: Creating Costmap
[route_server-12] [INFO] [1785623450.385632382] [route_server]: 
[route_server-12] 	route_server lifecycle node launched. 
[route_server-12] 	Waiting on external lifecycle transitions to activate
[route_server-12] 	See https://design.ros2.org/articles/node_lifecycle.html for more information.
[lifecycle_manager-8] [INFO] [1785623450.423055398] [lifecycle_manager_localization]: [34m[1mStarting managed nodes bringup...[0m[0m
[lifecycle_manager-8] [INFO] [1785623450.423100085] [lifecycle_manager_localization]: [34m[1mConfiguring map_server[0m[0m
[map_server-6] [INFO] [1785623450.423499332] [map_server]: Configuring
[map_server-6] [INFO] [1785623450.423566118] [map_io]: Loading yaml file: /home/linh-pham/agv_nav2_research_ws_bao/install/vacuum_robot_gazebo/share/vacuum_robot_gazebo/maps/open_arena.yaml
[map_server-6] [INFO] [1785623450.423819062] [map_io]: resolution: 0.05
[map_server-6] [INFO] [1785623450.423827534] [map_io]: origin[0]: -6
[map_server-6] [INFO] [1785623450.423838735] [map_io]: origin[1]: -4
[map_server-6] [INFO] [1785623450.423842825] [map_io]: origin[2]: 0
[map_server-6] [INFO] [1785623450.423845910] [map_io]: free_thresh: 0.25
[map_server-6] [INFO] [1785623450.423849642] [map_io]: occupied_thresh: 0.65
[map_server-6] [INFO] [1785623450.423855485] [map_io]: mode: trinary
[map_server-6] [INFO] [1785623450.423860506] [map_io]: negate: 0
[map_server-6] [INFO] [1785623450.424041593] [map_io]: Loading image_file: /home/linh-pham/agv_nav2_research_ws_bao/install/vacuum_robot_gazebo/share/vacuum_robot_gazebo/maps/open_arena.pgm
[map_server-6] [INFO] [1785623450.425130843] [map_io]: Read map /home/linh-pham/agv_nav2_research_ws_bao/install/vacuum_robot_gazebo/share/vacuum_robot_gazebo/maps/open_arena.pgm: 240 X 160 map @ 0.05 m/cell
[lifecycle_manager-8] [INFO] [1785623450.434401659] [lifecycle_manager_localization]: [34m[1mConfiguring amcl[0m[0m
[lifecycle_manager-19] [INFO] [1785623450.520150339] [lifecycle_manager_navigation]: [34m[1mStarting managed nodes bringup...[0m[0m
[lifecycle_manager-19] [INFO] [1785623450.520198821] [lifecycle_manager_navigation]: [34m[1mConfiguring controller_server[0m[0m
[controller_server-9] [INFO] [1785623450.520573319] [controller_server]: Configuring controller interface
[controller_server-9] [INFO] [1785623450.520600216] [controller_server]: getting progress checker plugins..
[controller_server-9] [INFO] [1785623450.521481972] [controller_server]: getting goal checker plugins..
[controller_server-9] [INFO] [1785623450.521849571] [controller_server]: Controller frequency set to 20.0000Hz
[controller_server-9] [INFO] [1785623450.521903233] [local_costmap.local_costmap]: Configuring
[controller_server-9] [INFO] [1785623450.531273719] [local_costmap.local_costmap]: Using plugin "voxel_layer"
[controller_server-9] [INFO] [1785623450.535293191] [local_costmap.local_costmap]: Subscribed to Topics: scan
[controller_server-9] [INFO] [1785623450.546842995] [local_costmap.local_costmap]: Initialized plugin "voxel_layer"
[controller_server-9] [INFO] [1785623450.546876107] [local_costmap.local_costmap]: Using plugin "inflation_layer"
[controller_server-9] [INFO] [1785623450.547307886] [local_costmap.local_costmap]: Initialized plugin "inflation_layer"
[amcl-7] [INFO] [1785623450.557917753] [amcl]: Configuring
[amcl-7] [INFO] [1785623450.558020846] [amcl]: initTransforms
[controller_server-9] [INFO] [1785623450.565128605] [controller_server]: Created progress_checker : progress_checker of type nav2_controller::PoseProgressChecker
[controller_server-9] [INFO] [1785623450.566041689] [controller_server]: Controller Server has progress_checker  progress checkers available.
[controller_server-9] [INFO] [1785623450.566761818] [controller_server]: Created goal checker : general_goal_checker of type nav2_controller::SimpleGoalChecker
[controller_server-9] [INFO] [1785623450.567023775] [controller_server]: Controller Server has general_goal_checker  goal checkers available.
[controller_server-9] [INFO] [1785623450.568126081] [controller_server]: Created controller : FollowPath of type nav2_regulated_pure_pursuit_controller::RegulatedPurePursuitController
[amcl-7] [INFO] [1785623450.573925318] [amcl]: initPubSub
[controller_server-9] [INFO] [1785623450.579225338] [controller_server]: Controller Server has FollowPath  controllers available.
[amcl-7] [INFO] [1785623450.583576616] [amcl]: Subscribed to map topic.
[lifecycle_manager-8] [INFO] [1785623450.589701845] [lifecycle_manager_localization]: [34m[1mActivating map_server[0m[0m
[map_server-6] [INFO] [1785623450.589965022] [map_server]: Activating
[map_server-6] [INFO] [1785623450.590410860] [map_server]: Creating bond (map_server) to lifecycle manager.
[amcl-7] [INFO] [1785623450.590605590] [amcl]: Received a 240 X 160 map @ 0.050 m/pix
[lifecycle_manager-19] [INFO] [1785623450.593809429] [lifecycle_manager_navigation]: [34m[1mConfiguring smoother_server[0m[0m
[smoother_server-10] [INFO] [1785623450.594055261] [smoother_server]: Configuring smoother server
[smoother_server-10] [INFO] [1785623450.608826775] [smoother_server]: Created smoother : simple_smoother of type nav2_smoother::SimpleSmoother
[smoother_server-10] [INFO] [1785623450.609524551] [smoother_server]: Created smoother : savitzky_golay of type nav2_smoother::SavitzkyGolaySmoother
[smoother_server-10] [INFO] [1785623450.613606349] [smoother_server]: Created smoother : constrained of type nav2_constrained_smoother/ConstrainedSmoother
[smoother_server-10] [INFO] [1785623450.616407719] [smoother_server]: Created smoother : pstmo of type adaptive_pivot_g2_nav2/AdaptivePivotG2Smoother
[smoother_server-10] [INFO] [1785623450.624068038] [smoother_server]: Configured PSTMO smoother 'pstmo' with joint (d,q) shape search
[smoother_server-10] [INFO] [1785623450.624376363] [smoother_server]: Created smoother : adaptive_hybrid of type adaptive_pivot_g2_nav2/SafetyGatedHybridSmoother
[smoother_server-10] [INFO] [1785623450.630797960] [smoother_server]: Configured PSTMO smoother 'adaptive_hybrid.pivot' with joint (d,q) shape search
[smoother_server-10] [INFO] [1785623450.631873739] [smoother_server]: Configured safety-gated hybrid smoother as 'adaptive_hybrid'
[smoother_server-10] [INFO] [1785623450.631915693] [smoother_server]: Smoother Server has simple_smoother savitzky_golay constrained pstmo adaptive_hybrid  smoothers available.
[lifecycle_manager-19] [INFO] [1785623450.640586612] [lifecycle_manager_navigation]: [34m[1mConfiguring planner_server[0m[0m
[planner_server-11] [INFO] [1785623450.640813537] [planner_server]: Configuring
[planner_server-11] [INFO] [1785623450.640847568] [global_costmap.global_costmap]: Configuring
[planner_server-11] [INFO] [1785623450.651226190] [global_costmap.global_costmap]: Using plugin "static_layer"
[planner_server-11] [INFO] [1785623450.654486604] [global_costmap.global_costmap]: Subscribing to the map topic (/map) with transient local durability
[planner_server-11] [INFO] [1785623450.656272392] [global_costmap.global_costmap]: Initialized plugin "static_layer"
[planner_server-11] [INFO] [1785623450.656313973] [global_costmap.global_costmap]: Using plugin "inflation_layer"
[planner_server-11] [INFO] [1785623450.656815746] [global_costmap.global_costmap]: Initialized plugin "inflation_layer"
[planner_server-11] [WARN] [1785623450.673033536] []: TF_OLD_DATA ignoring data from the past for frame base_link at time 16.740000 according to authority Authority undetectable
[planner_server-11] Possible reasons are listed at http://wiki.ros.org/tf/Errors%20explained
[planner_server-11] [WARN] [1785623450.674639071] []: TF_OLD_DATA ignoring data from the past for frame base_link at time 1.008000 according to authority Authority undetectable
[planner_server-11] Possible reasons are listed at http://wiki.ros.org/tf/Errors%20explained
[planner_server-11] [INFO] [1785623450.682243863] [global_costmap.global_costmap]: StaticLayer: Resizing costmap to 240 X 160 at 0.050000 m/pix
[planner_server-11] [INFO] [1785623450.682733490] [planner_server]: Created global planner plugin NavFnAStar of type nav2_navfn_planner::NavfnPlanner
[planner_server-11] [INFO] [1785623450.682760193] [planner_server]: Configuring plugin NavFnAStar of type NavfnPlanner
[planner_server-11] [INFO] [1785623450.683578566] [planner_server]: Created global planner plugin NavFnDijkstra of type nav2_navfn_planner::NavfnPlanner
[planner_server-11] [INFO] [1785623450.683604798] [planner_server]: Configuring plugin NavFnDijkstra of type NavfnPlanner
[planner_server-11] [INFO] [1785623450.684668945] [planner_server]: Created global planner plugin ThetaStar of type nav2_theta_star_planner::ThetaStarPlanner
[planner_server-11] [INFO] [1785623450.689073595] [planner_server]: Created global planner plugin Smac2D of type nav2_smac_planner::SmacPlanner2D
[planner_server-11] [INFO] [1785623450.689116336] [planner_server]: Configuring Smac2D of type SmacPlanner2D
[planner_server-11] [ERROR] [1785623450.690019495] [planner_server]: Inflation layer either not found or inflation is not set sufficiently for optimized non-circular collision checking capabilities. It is HIGHLY recommended to set the inflation radius to be at MINIMUM half of the robot's largest cross-section. See github.com/ros-planning/navigation2/tree/main/nav2_smac_planner#potential-fields for full instructions. This will substantially impact run-time performance.
[planner_server-11] [INFO] [1785623450.691342299] [planner_server]: Configured plugin Smac2D of type SmacPlanner2D with tolerance 0.10, maximum iterations 1000000, max on approach iterations 1000, and not allowing unknown traversal.
[planner_server-11] [INFO] [1785623450.692759610] [planner_server]: Created global planner plugin SmacHybrid of type nav2_smac_planner::SmacPlannerHybrid
[planner_server-11] [INFO] [1785623450.692801411] [planner_server]: Configuring SmacHybrid of type SmacPlannerHybrid
[planner_server-11] [INFO] [1785623450.694584368] [planner_server]: Even sized heuristic lookup table size set 160.000000, increasing size by 1 to make odd
[lifecycle_manager-8] [INFO] [1785623450.698497698] [lifecycle_manager_localization]: Server map_server connected with bond.
[lifecycle_manager-8] [INFO] [1785623450.698538573] [lifecycle_manager_localization]: [34m[1mActivating amcl[0m[0m
[amcl-7] [INFO] [1785623450.698782470] [amcl]: Activating
[amcl-7] [INFO] [1785623450.698820764] [amcl]: initialPoseReceived
[amcl-7] [INFO] [1785623450.698899966] [amcl]: Setting pose (0.000000): -5.000 0.000 0.050
[planner_server-11] [WARN] [1785623450.699510219] []: TF_OLD_DATA ignoring data from the past for frame base_link at time 33.624000 according to authority Authority undetectable
[planner_server-11] Possible reasons are listed at http://wiki.ros.org/tf/Errors%20explained
[amcl-7] [INFO] [1785623450.699704105] [amcl]: Creating bond (amcl) to lifecycle manager.
[planner_server-11] [WARN] [1785623450.708538297] []: TF_OLD_DATA ignoring data from the past for frame base_link at time 16.776000 according to authority Authority undetectable
[planner_server-11] Possible reasons are listed at http://wiki.ros.org/tf/Errors%20explained
[planner_server-11] [WARN] [1785623450.710416112] []: TF_OLD_DATA ignoring data from the past for frame base_link at time 1.044000 according to authority Authority undetectable
[planner_server-11] Possible reasons are listed at http://wiki.ros.org/tf/Errors%20explained
[amcl-7] [WARN] [1785623450.718864870] []: TF_OLD_DATA ignoring data from the past for frame base_link at time 33.588000 according to authority Authority undetectable
[amcl-7] Possible reasons are listed at http://wiki.ros.org/tf/Errors%20explained
[amcl-7] [WARN] [1785623450.718892318] []: TF_OLD_DATA ignoring data from the past for frame base_link at time 16.740000 according to authority Authority undetectable
[amcl-7] Possible reasons are listed at http://wiki.ros.org/tf/Errors%20explained
[amcl-7] [WARN] [1785623450.718898726] []: TF_OLD_DATA ignoring data from the past for frame base_link at time 1.008000 according to authority Authority undetectable
[amcl-7] Possible reasons are listed at http://wiki.ros.org/tf/Errors%20explained
[amcl-7] [WARN] [1785623450.718907674] []: TF_OLD_DATA ignoring data from the past for frame base_link at time 33.624000 according to authority Authority undetectable
[amcl-7] Possible reasons are listed at http://wiki.ros.org/tf/Errors%20explained
[amcl-7] [WARN] [1785623450.718913413] []: TF_OLD_DATA ignoring data from the past for frame base_link at time 16.776000 according to authority Authority undetectable
[amcl-7] Possible reasons are listed at http://wiki.ros.org/tf/Errors%20explained
[amcl-7] [WARN] [1785623450.718919163] []: TF_OLD_DATA ignoring data from the past for frame base_link at time 1.044000 according to authority Authority undetectable
[amcl-7] Possible reasons are listed at http://wiki.ros.org/tf/Errors%20explained
[smoother_server-10] [WARN] [1785623450.718896709] []: TF_OLD_DATA ignoring data from the past for frame base_link at time 33.588000 according to authority Authority undetectable
[smoother_server-10] Possible reasons are listed at http://wiki.ros.org/tf/Errors%20explained
[smoother_server-10] [WARN] [1785623450.718918621] []: TF_OLD_DATA ignoring data from the past for frame base_link at time 16.740000 according to authority Authority undetectable
[smoother_server-10] Possible reasons are listed at http://wiki.ros.org/tf/Errors%20explained
[smoother_server-10] [WARN] [1785623450.718925608] []: TF_OLD_DATA ignoring data from the past for frame base_link at time 1.008000 according to authority Authority undetectable
[smoother_server-10] Possible reasons are listed at http://wiki.ros.org/tf/Errors%20explained
[smoother_server-10] [WARN] [1785623450.718935891] []: TF_OLD_DATA ignoring data from the past for frame base_link at time 33.624000 according to authority Authority undetectable
[smoother_server-10] Possible reasons are listed at http://wiki.ros.org/tf/Errors%20explained
[smoother_server-10] [WARN] [1785623450.718941668] []: TF_OLD_DATA ignoring data from the past for frame base_link at time 16.776000 according to authority Authority undetectable
[smoother_server-10] Possible reasons are listed at http://wiki.ros.org/tf/Errors%20explained
[smoother_server-10] [WARN] [1785623450.718946951] []: TF_OLD_DATA ignoring data from the past for frame base_link at time 1.044000 according to authority Authority undetectable
[smoother_server-10] Possible reasons are listed at http://wiki.ros.org/tf/Errors%20explained
[controller_server-9] [WARN] [1785623450.718864767] []: TF_OLD_DATA ignoring data from the past for frame base_link at time 33.588000 according to authority Authority undetectable
[controller_server-9] Possible reasons are listed at http://wiki.ros.org/tf/Errors%20explained
[controller_server-9] [WARN] [1785623450.718954745] []: TF_OLD_DATA ignoring data from the past for frame base_link at time 16.740000 according to authority Authority undetectable
[controller_server-9] Possible reasons are listed at http://wiki.ros.org/tf/Errors%20explained
[controller_server-9] [WARN] [1785623450.718963097] []: TF_OLD_DATA ignoring data from the past for frame base_link at time 1.008000 according to authority Authority undetectable
[controller_server-9] Possible reasons are listed at http://wiki.ros.org/tf/Errors%20explained
[controller_server-9] [WARN] [1785623450.718971200] []: TF_OLD_DATA ignoring data from the past for frame base_link at time 33.624000 according to authority Authority undetectable
[controller_server-9] Possible reasons are listed at http://wiki.ros.org/tf/Errors%20explained
[controller_server-9] [WARN] [1785623450.718976558] []: TF_OLD_DATA ignoring data from the past for frame base_link at time 16.776000 according to authority Authority undetectable
[controller_server-9] Possible reasons are listed at http://wiki.ros.org/tf/Errors%20explained
[controller_server-9] [WARN] [1785623450.718981520] []: TF_OLD_DATA ignoring data from the past for frame base_link at time 1.044000 according to authority Authority undetectable
[controller_server-9] Possible reasons are listed at http://wiki.ros.org/tf/Errors%20explained
[controller_server-9] [WARN] [1785623450.735703350] []: TF_OLD_DATA ignoring data from the past for frame base_link at time 33.660000 according to authority Authority undetectable
[controller_server-9] Possible reasons are listed at http://wiki.ros.org/tf/Errors%20explained
[planner_server-11] [WARN] [1785623450.735710430] []: TF_OLD_DATA ignoring data from the past for frame base_link at time 33.660000 according to authority Authority undetectable
[planner_server-11] Possible reasons are listed at http://wiki.ros.org/tf/Errors%20explained
[amcl-7] [WARN] [1785623450.735719486] []: TF_OLD_DATA ignoring data from the past for frame base_link at time 33.660000 according to authority Authority undetectable
[amcl-7] Possible reasons are listed at http://wiki.ros.org/tf/Errors%20explained
[smoother_server-10] [WARN] [1785623450.735775890] []: TF_OLD_DATA ignoring data from the past for frame base_link at time 33.660000 according to authority Authority undetectable
[smoother_server-10] Possible reasons are listed at http://wiki.ros.org/tf/Errors%20explained
[amcl-7] [WARN] [1785623450.744503042] []: TF_OLD_DATA ignoring data from the past for frame base_link at time 16.812000 according to authority Authority undetectable
[amcl-7] Possible reasons are listed at http://wiki.ros.org/tf/Errors%20explained
[smoother_server-10] [WARN] [1785623450.744503160] []: TF_OLD_DATA ignoring data from the past for frame base_link at time 16.812000 according to authority Authority undetectable
[smoother_server-10] Possible reasons are listed at http://wiki.ros.org/tf/Errors%20explained
[planner_server-11] [WARN] [1785623450.744538042] []: TF_OLD_DATA ignoring data from the past for frame base_link at time 16.812000 according to authority Authority undetectable
[planner_server-11] Possible reasons are listed at http://wiki.ros.org/tf/Errors%20explained
[controller_server-9] [WARN] [1785623450.744688885] []: TF_OLD_DATA ignoring data from the past for frame base_link at time 16.812000 according to authority Authority undetectable
[controller_server-9] Possible reasons are listed at http://wiki.ros.org/tf/Errors%20explained
[controller_server-9] [WARN] [1785623450.746416371] []: TF_OLD_DATA ignoring data from the past for frame base_link at time 1.080000 according to authority Authority undetectable
[controller_server-9] Possible reasons are listed at http://wiki.ros.org/tf/Errors%20explained
[planner_server-11] [WARN] [1785623450.746415844] []: TF_OLD_DATA ignoring data from the past for frame base_link at time 1.080000 according to authority Authority undetectable
[planner_server-11] Possible reasons are listed at http://wiki.ros.org/tf/Errors%20explained
[amcl-7] [WARN] [1785623450.746415793] []: TF_OLD_DATA ignoring data from the past for frame base_link at time 1.080000 according to authority Authority undetectable
[amcl-7] Possible reasons are listed at http://wiki.ros.org/tf/Errors%20explained
[smoother_server-10] [WARN] [1785623450.746421908] []: TF_OLD_DATA ignoring data from the past for frame base_link at time 1.080000 according to authority Authority undetectable
[smoother_server-10] Possible reasons are listed at http://wiki.ros.org/tf/Errors%20explained
[amcl-7] [INFO] [1785623450.759744362] [amcl]: Message Filter dropping message: frame 'laser' at time 33.669 for reason 'the timestamp on the message is earlier than all the data in the transform cache'
[amcl-7] [WARN] [1785623450.771774614] []: TF_OLD_DATA ignoring data from the past for frame base_link at time 33.696000 according to authority Authority undetectable
[amcl-7] Possible reasons are listed at http://wiki.ros.org/tf/Errors%20explained
[controller_server-9] [WARN] [1785623450.771775004] []: TF_OLD_DATA ignoring data from the past for frame base_link at time 33.696000 according to authority Authority undetectable
[controller_server-9] Possible reasons are listed at http://wiki.ros.org/tf/Errors%20explained
[smoother_server-10] [WARN] [1785623450.771821205] []: TF_OLD_DATA ignoring data from the past for frame base_link at time 33.696000 according to authority Authority undetectable
[smoother_server-10] Possible reasons are listed at http://wiki.ros.org/tf/Errors%20explained
[planner_server-11] [WARN] [1785623450.771826576] []: TF_OLD_DATA ignoring data from the past for frame base_link at time 33.696000 according to authority Authority undetectable
[planner_server-11] Possible reasons are listed at http://wiki.ros.org/tf/Errors%20explained
[controller_server-9] [WARN] [1785623450.780554499] []: TF_OLD_DATA ignoring data from the past for frame base_link at time 16.848000 according to authority Authority undetectable
[controller_server-9] Possible reasons are listed at http://wiki.ros.org/tf/Errors%20explained
[planner_server-11] [WARN] [1785623450.780578736] []: TF_OLD_DATA ignoring data from the past for frame base_link at time 16.848000 according to authority Authority undetectable
[planner_server-11] Possible reasons are listed at http://wiki.ros.org/tf/Errors%20explained
[amcl-7] [WARN] [1785623450.780577748] []: TF_OLD_DATA ignoring data from the past for frame base_link at time 16.848000 according to authority Authority undetectable
[amcl-7] Possible reasons are listed at http://wiki.ros.org/tf/Errors%20explained
[smoother_server-10] [WARN] [1785623450.780582168] []: TF_OLD_DATA ignoring data from the past for frame base_link at time 16.848000 according to authority Authority undetectable
[smoother_server-10] Possible reasons are listed at http://wiki.ros.org/tf/Errors%20explained
[controller_server-9] [WARN] [1785623450.782441047] []: TF_OLD_DATA ignoring data from the past for frame base_link at time 1.116000 according to authority Authority undetectable
[controller_server-9] Possible reasons are listed at http://wiki.ros.org/tf/Errors%20explained
[planner_server-11] [WARN] [1785623450.782445145] []: TF_OLD_DATA ignoring data from the past for frame base_link at time 1.116000 according to authority Authority undetectable
[planner_server-11] Possible reasons are listed at http://wiki.ros.org/tf/Errors%20explained
[amcl-7] [WARN] [1785623450.782445164] []: TF_OLD_DATA ignoring data from the past for frame base_link at time 1.116000 according to authority Authority undetectable
[amcl-7] Possible reasons are listed at http://wiki.ros.org/tf/Errors%20explained
[smoother_server-10] [WARN] [1785623450.782453191] []: TF_OLD_DATA ignoring data from the past for frame base_link at time 1.116000 according to authority Authority undetectable
[smoother_server-10] Possible reasons are listed at http://wiki.ros.org/tf/Errors%20explained
[lifecycle_manager-8] [INFO] [1785623450.804681101] [lifecycle_manager_localization]: Server amcl connected with bond.
[lifecycle_manager-8] [INFO] [1785623450.804716546] [lifecycle_manager_localization]: [34m[1mManaged nodes are active[0m[0m
[lifecycle_manager-8] [INFO] [1785623450.804724336] [lifecycle_manager_localization]: [34m[1mCreating bond timer...[0m[0m
[controller_server-9] [WARN] [1785623450.807534042] []: TF_OLD_DATA ignoring data from the past for frame base_link at time 33.732000 according to authority Authority undetectable
[controller_server-9] Possible reasons are listed at http://wiki.ros.org/tf/Errors%20explained
[amcl-7] [WARN] [1785623450.807545879] []: TF_OLD_DATA ignoring data from the past for frame base_link at time 33.732000 according to authority Authority undetectable
[amcl-7] Possible reasons are listed at http://wiki.ros.org/tf/Errors%20explained
[planner_server-11] [WARN] [1785623450.807549474] []: TF_OLD_DATA ignoring data from the past for frame base_link at time 33.732000 according to authority Authority undetectable
[planner_server-11] Possible reasons are listed at http://wiki.ros.org/tf/Errors%20explained
[smoother_server-10] [WARN] [1785623450.807563706] []: TF_OLD_DATA ignoring data from the past for frame base_link at time 33.732000 according to authority Authority undetectable
[smoother_server-10] Possible reasons are listed at http://wiki.ros.org/tf/Errors%20explained
[controller_server-9] [WARN] [1785623450.816367232] []: TF_OLD_DATA ignoring data from the past for frame base_link at time 16.884000 according to authority Authority undetectable
[controller_server-9] Possible reasons are listed at http://wiki.ros.org/tf/Errors%20explained
[amcl-7] [WARN] [1785623450.816373252] []: TF_OLD_DATA ignoring data from the past for frame base_link at time 16.884000 according to authority Authority undetectable
[amcl-7] Possible reasons are listed at http://wiki.ros.org/tf/Errors%20explained
[planner_server-11] [WARN] [1785623450.816377915] []: TF_OLD_DATA ignoring data from the past for frame base_link at time 16.884000 according to authority Authority undetectable
[planner_server-11] Possible reasons are listed at http://wiki.ros.org/tf/Errors%20explained
[smoother_server-10] [WARN] [1785623450.816390057] []: TF_OLD_DATA ignoring data from the past for frame base_link at time 16.884000 according to authority Authority undetectable
[smoother_server-10] Possible reasons are listed at http://wiki.ros.org/tf/Errors%20explained
[smoother_server-10] [WARN] [1785623450.818429949] []: TF_OLD_DATA ignoring data from the past for frame base_link at time 1.152000 according to authority Authority undetectable
[smoother_server-10] Possible reasons are listed at http://wiki.ros.org/tf/Errors%20explained
[controller_server-9] [WARN] [1785623450.818430015] []: TF_OLD_DATA ignoring data from the past for frame base_link at time 1.152000 according to authority Authority undetectable
[controller_server-9] Possible reasons are listed at http://wiki.ros.org/tf/Errors%20explained
[planner_server-11] [WARN] [1785623450.818440729] []: TF_OLD_DATA ignoring data from the past for frame base_link at time 1.152000 according to authority Authority undetectable
[planner_server-11] Possible reasons are listed at http://wiki.ros.org/tf/Errors%20explained
[amcl-7] [WARN] [1785623450.818495349] []: TF_OLD_DATA ignoring data from the past for frame base_link at time 1.152000 according to authority Authority undetectable
[amcl-7] Possible reasons are listed at http://wiki.ros.org/tf/Errors%20explained
[controller_server-9] [WARN] [1785623450.843458261] []: TF_OLD_DATA ignoring data from the past for frame base_link at time 33.768000 according to authority Authority undetectable
[controller_server-9] Possible reasons are listed at http://wiki.ros.org/tf/Errors%20explained
[amcl-7] [WARN] [1785623450.843470475] []: TF_OLD_DATA ignoring data from the past for frame base_link at time 33.768000 according to authority Authority undetectable
[amcl-7] Possible reasons are listed at http://wiki.ros.org/tf/Errors%20explained
[planner_server-11] [WARN] [1785623450.843471929] []: TF_OLD_DATA ignoring data from the past for frame base_link at time 33.768000 according to authority Authority undetectable
[planner_server-11] Possible reasons are listed at http://wiki.ros.org/tf/Errors%20explained
[smoother_server-10] [WARN] [1785623450.843479509] []: TF_OLD_DATA ignoring data from the past for frame base_link at time 33.768000 according to authority Authority undetectable
[smoother_server-10] Possible reasons are listed at http://wiki.ros.org/tf/Errors%20explained
[controller_server-9] [WARN] [1785623450.852306934] []: TF_OLD_DATA ignoring data from the past for frame base_link at time 16.920000 according to authority Authority undetectable
[controller_server-9] Possible reasons are listed at http://wiki.ros.org/tf/Errors%20explained
[planner_server-11] [WARN] [1785623450.852320781] []: TF_OLD_DATA ignoring data from the past for frame base_link at time 16.920000 according to authority Authority undetectable
[planner_server-11] Possible reasons are listed at http://wiki.ros.org/tf/Errors%20explained
[amcl-7] [WARN] [1785623450.852331811] []: TF_OLD_DATA ignoring data from the past for frame base_link at time 16.920000 according to authority Authority undetectable
[amcl-7] Possible reasons are listed at http://wiki.ros.org/tf/Errors%20explained
[smoother_server-10] [WARN] [1785623450.852340514] []: TF_OLD_DATA ignoring data from the past for frame base_link at time 16.920000 according to authority Authority undetectable
[smoother_server-10] Possible reasons are listed at http://wiki.ros.org/tf/Errors%20explained
[controller_server-9] [WARN] [1785623450.854506438] []: TF_OLD_DATA ignoring data from the past for frame base_link at time 1.188000 according to authority Authority undetectable
[controller_server-9] Possible reasons are listed at http://wiki.ros.org/tf/Errors%20explained
[planner_server-11] [WARN] [1785623450.854523005] []: TF_OLD_DATA ignoring data from the past for frame base_link at time 1.188000 according to authority Authority undetectable
[planner_server-11] Possible reasons are listed at http://wiki.ros.org/tf/Errors%20explained
[amcl-7] [WARN] [1785623450.854522595] []: TF_OLD_DATA ignoring data from the past for frame base_link at time 1.188000 according to authority Authority undetectable
[amcl-7] Possible reasons are listed at http://wiki.ros.org/tf/Errors%20explained
[smoother_server-10] [WARN] [1785623450.854527195] []: TF_OLD_DATA ignoring data from the past for frame base_link at time 1.188000 according to authority Authority undetectable
[smoother_server-10] Possible reasons are listed at http://wiki.ros.org/tf/Errors%20explained
[amcl-7] [INFO] [1785623450.857424868] [amcl]: createLaserObject
[controller_server-9] [WARN] [1785623450.879515516] []: TF_OLD_DATA ignoring data from the past for frame base_link at time 33.804000 according to authority Authority undetectable
[controller_server-9] Possible reasons are listed at http://wiki.ros.org/tf/Errors%20explained
[planner_server-11] [WARN] [1785623450.879528840] []: TF_OLD_DATA ignoring data from the past for frame base_link at time 33.804000 according to authority Authority undetectable
[planner_server-11] Possible reasons are listed at http://wiki.ros.org/tf/Errors%20explained
[smoother_server-10] [WARN] [1785623450.879534359] []: TF_OLD_DATA ignoring data from the past for frame base_link at time 33.804000 according to authority Authority undetectable
[smoother_server-10] Possible reasons are listed at http://wiki.ros.org/tf/Errors%20explained
[amcl-7] [WARN] [1785623450.884392834] []: TF_OLD_DATA ignoring data from the past for frame base_link at time 33.804000 according to authority Authority undetectable
[amcl-7] Possible reasons are listed at http://wiki.ros.org/tf/Errors%20explained
[controller_server-9] [WARN] [1785623450.888288645] []: TF_OLD_DATA ignoring data from the past for frame base_link at time 16.956000 according to authority Authority undetectable
[controller_server-9] Possible reasons are listed at http://wiki.ros.org/tf/Errors%20explained
[planner_server-11] [WARN] [1785623450.888293773] []: TF_OLD_DATA ignoring data from the past for frame base_link at time 16.956000 according to authority Authority undetectable
[planner_server-11] Possible reasons are listed at http://wiki.ros.org/tf/Errors%20explained
[smoother_server-10] [WARN] [1785623450.888301865] []: TF_OLD_DATA ignoring data from the past for frame base_link at time 16.956000 according to authority Authority undetectable
[smoother_server-10] Possible reasons are listed at http://wiki.ros.org/tf/Errors%20explained
[amcl-7] [WARN] [1785623450.888317891] []: TF_OLD_DATA ignoring data from the past for frame base_link at time 16.956000 according to authority Authority undetectable
[amcl-7] Possible reasons are listed at http://wiki.ros.org/tf/Errors%20explained
[planner_server-11] [WARN] [1785623450.890319688] []: TF_OLD_DATA ignoring data from the past for frame base_link at time 1.224000 according to authority Authority undetectable
[planner_server-11] Possible reasons are listed at http://wiki.ros.org/tf/Errors%20explained
[amcl-7] [WARN] [1785623450.890319603] []: TF_OLD_DATA ignoring data from the past for frame base_link at time 1.224000 according to authority Authority undetectable
[amcl-7] Possible reasons are listed at http://wiki.ros.org/tf/Errors%20explained
[controller_server-9] [WARN] [1785623450.890319558] []: TF_OLD_DATA ignoring data from the past for frame base_link at time 1.224000 according to authority Authority undetectable
[controller_server-9] Possible reasons are listed at http://wiki.ros.org/tf/Errors%20explained
[smoother_server-10] [WARN] [1785623450.890324626] []: TF_OLD_DATA ignoring data from the past for frame base_link at time 1.224000 according to authority Authority undetectable
[smoother_server-10] Possible reasons are listed at http://wiki.ros.org/tf/Errors%20explained
[controller_server-9] [WARN] [1785623450.915650045] []: TF_OLD_DATA ignoring data from the past for frame base_link at time 33.840000 according to authority Authority undetectable
[controller_server-9] Possible reasons are listed at http://wiki.ros.org/tf/Errors%20explained
[planner_server-11] [WARN] [1785623450.915665840] []: TF_OLD_DATA ignoring data from the past for frame base_link at time 33.840000 according to authority Authority undetectable
[planner_server-11] Possible reasons are listed at http://wiki.ros.org/tf/Errors%20explained
[smoother_server-10] [WARN] [1785623450.915666995] []: TF_OLD_DATA ignoring data from the past for frame base_link at time 33.840000 according to authority Authority undetectable
[smoother_server-10] Possible reasons are listed at http://wiki.ros.org/tf/Errors%20explained
[amcl-7] [WARN] [1785623450.915667062] []: TF_OLD_DATA ignoring data from the past for frame base_link at time 33.840000 according to authority Authority undetectable
[amcl-7] Possible reasons are listed at http://wiki.ros.org/tf/Errors%20explained
[planner_server-11] [INFO] [1785623450.917169886] [planner_server]: Configured plugin SmacHybrid of type SmacPlannerHybrid with maximum iterations 1000000, max on approach iterations 1000, and not allowing unknown traversal. Tolerance 0.10.Using motion model: Dubin.
[planner_server-11] [INFO] [1785623450.917228512] [planner_server]: Planner Server has NavFnAStar NavFnDijkstra ThetaStar Smac2D SmacHybrid  planners available.
[amcl-7] [WARN] [1785623450.924564026] []: TF_OLD_DATA ignoring data from the past for frame base_link at time 16.992000 according to authority Authority undetectable
[amcl-7] Possible reasons are listed at http://wiki.ros.org/tf/Errors%20explained
[smoother_server-10] [WARN] [1785623450.924674209] []: TF_OLD_DATA ignoring data from the past for frame base_link at time 16.992000 according to authority Authority undetectable
[smoother_server-10] Possible reasons are listed at http://wiki.ros.org/tf/Errors%20explained
[planner_server-11] [WARN] [1785623450.924723667] []: TF_OLD_DATA ignoring data from the past for frame base_link at time 16.992000 according to authority Authority undetectable
[planner_server-11] Possible reasons are listed at http://wiki.ros.org/tf/Errors%20explained
[controller_server-9] [WARN] [1785623450.924813404] []: TF_OLD_DATA ignoring data from the past for frame base_link at time 16.992000 according to authority Authority undetectable
[controller_server-9] Possible reasons are listed at http://wiki.ros.org/tf/Errors%20explained
[planner_server-11] [WARN] [1785623450.926870217] []: TF_OLD_DATA ignoring data from the past for frame base_link at time 1.260000 according to authority Authority undetectable
[planner_server-11] Possible reasons are listed at http://wiki.ros.org/tf/Errors%20explained
[smoother_server-10] [WARN] [1785623450.926870079] []: TF_OLD_DATA ignoring data from the past for frame base_link at time 1.260000 according to authority Authority undetectable
[smoother_server-10] Possible reasons are listed at http://wiki.ros.org/tf/Errors%20explained
[controller_server-9] [WARN] [1785623450.926907558] []: TF_OLD_DATA ignoring data from the past for frame base_link at time 1.260000 according to authority Authority undetectable
[controller_server-9] Possible reasons are listed at http://wiki.ros.org/tf/Errors%20explained
[amcl-7] [WARN] [1785623450.927332405] []: TF_OLD_DATA ignoring data from the past for frame base_link at time 1.260000 according to authority Authority undetectable
[amcl-7] Possible reasons are listed at http://wiki.ros.org/tf/Errors%20explained
[lifecycle_manager-19] [INFO] [1785623450.931417820] [lifecycle_manager_navigation]: [34m[1mConfiguring route_server[0m[0m
[controller_server-9] [WARN] [1785623450.951686385] []: TF_OLD_DATA ignoring data from the past for frame base_link at time 33.876000 according to authority Authority undetectable
[controller_server-9] Possible reasons are listed at http://wiki.ros.org/tf/Errors%20explained
[amcl-7] [WARN] [1785623450.951696350] []: TF_OLD_DATA ignoring data from the past for frame base_link at time 33.876000 according to authority Authority undetectable
[amcl-7] Possible reasons are listed at http://wiki.ros.org/tf/Errors%20explained
[smoother_server-10] [WARN] [1785623450.951700287] []: TF_OLD_DATA ignoring data from the past for frame base_link at time 33.876000 according to authority Authority undetectable
[smoother_server-10] Possible reasons are listed at http://wiki.ros.org/tf/Errors%20explained
[planner_server-11] [WARN] [1785623450.951700162] []: TF_OLD_DATA ignoring data from the past for frame base_link at time 33.876000 according to authority Authority undetectable
[planner_server-11] Possible reasons are listed at http://wiki.ros.org/tf/Errors%20explained
[controller_server-9] [WARN] [1785623450.960573667] []: TF_OLD_DATA ignoring data from the past for frame base_link at time 17.028000 according to authority Authority undetectable
[controller_server-9] Possible reasons are listed at http://wiki.ros.org/tf/Errors%20explained
[planner_server-11] [WARN] [1785623450.960590016] []: TF_OLD_DATA ignoring data from the past for frame base_link at time 17.028000 according to authority Authority undetectable
[planner_server-11] Possible reasons are listed at http://wiki.ros.org/tf/Errors%20explained
[smoother_server-10] [WARN] [1785623450.960590442] []: TF_OLD_DATA ignoring data from the past for frame base_link at time 17.028000 according to authority Authority undetectable
[smoother_server-10] Possible reasons are listed at http://wiki.ros.org/tf/Errors%20explained
[amcl-7] [WARN] [1785623450.960594693] []: TF_OLD_DATA ignoring data from the past for frame base_link at time 17.028000 according to authority Authority undetectable
[amcl-7] Possible reasons are listed at http://wiki.ros.org/tf/Errors%20explained
[controller_server-9] [WARN] [1785623450.962273952] []: TF_OLD_DATA ignoring data from the past for frame base_link at time 1.296000 according to authority Authority undetectable
[controller_server-9] Possible reasons are listed at http://wiki.ros.org/tf/Errors%20explained
[amcl-7] [WARN] [1785623450.962292551] []: TF_OLD_DATA ignoring data from the past for frame base_link at time 1.296000 according to authority Authority undetectable
[amcl-7] Possible reasons are listed at http://wiki.ros.org/tf/Errors%20explained
[planner_server-11] [WARN] [1785623450.962314335] []: TF_OLD_DATA ignoring data from the past for frame base_link at time 1.296000 according to authority Authority undetectable
[planner_server-11] Possible reasons are listed at http://wiki.ros.org/tf/Errors%20explained
[smoother_server-10] [WARN] [1785623450.962318395] []: TF_OLD_DATA ignoring data from the past for frame base_link at time 1.296000 according to authority Authority undetectable
[smoother_server-10] Possible reasons are listed at http://wiki.ros.org/tf/Errors%20explained
[controller_server-9] [WARN] [1785623450.987949092] []: TF_OLD_DATA ignoring data from the past for frame base_link at time 33.912000 according to authority Authority undetectable
[controller_server-9] Possible reasons are listed at http://wiki.ros.org/tf/Errors%20explained
[amcl-7] [WARN] [1785623450.987967588] []: TF_OLD_DATA ignoring data from the past for frame base_link at time 33.912000 according to authority Authority undetectable
[amcl-7] Possible reasons are listed at http://wiki.ros.org/tf/Errors%20explained
[planner_server-11] [WARN] [1785623450.987972214] []: TF_OLD_DATA ignoring data from the past for frame base_link at time 33.912000 according to authority Authority undetectable
[planner_server-11] Possible reasons are listed at http://wiki.ros.org/tf/Errors%20explained
[smoother_server-10] [WARN] [1785623450.987982161] []: TF_OLD_DATA ignoring data from the past for frame base_link at time 33.912000 according to authority Authority undetectable
[smoother_server-10] Possible reasons are listed at http://wiki.ros.org/tf/Errors%20explained
[controller_server-9] [WARN] [1785623450.996458900] []: TF_OLD_DATA ignoring data from the past for frame base_link at time 17.064000 according to authority Authority undetectable
[controller_server-9] Possible reasons are listed at http://wiki.ros.org/tf/Errors%20explained
[planner_server-11] [WARN] [1785623450.996467357] []: TF_OLD_DATA ignoring data from the past for frame base_link at time 17.064000 according to authority Authority undetectable
[planner_server-11] Possible reasons are listed at http://wiki.ros.org/tf/Errors%20explained
[amcl-7] [WARN] [1785623450.996468049] []: TF_OLD_DATA ignoring data from the past for frame base_link at time 17.064000 according to authority Authority undetectable
[amcl-7] Possible reasons are listed at http://wiki.ros.org/tf/Errors%20explained
[smoother_server-10] [WARN] [1785623450.996503480] []: TF_OLD_DATA ignoring data from the past for frame base_link at time 17.064000 according to authority Authority undetectable
[smoother_server-10] Possible reasons are listed at http://wiki.ros.org/tf/Errors%20explained
[amcl-7] [WARN] [1785623450.998390058] []: TF_OLD_DATA ignoring data from the past for frame base_link at time 1.332000 according to authority Authority undetectable
[amcl-7] Possible reasons are listed at http://wiki.ros.org/tf/Errors%20explained
[controller_server-9] [WARN] [1785623450.998389953] []: TF_OLD_DATA ignoring data from the past for frame base_link at time 1.332000 according to authority Authority undetectable
[controller_server-9] Possible reasons are listed at http://wiki.ros.org/tf/Errors%20explained
[smoother_server-10] [WARN] [1785623450.998406590] []: TF_OLD_DATA ignoring data from the past for frame base_link at time 1.332000 according to authority Authority undetectable
[smoother_server-10] Possible reasons are listed at http://wiki.ros.org/tf/Errors%20explained
[planner_server-11] [WARN] [1785623450.999302037] []: TF_OLD_DATA ignoring data from the past for frame base_link at time 1.332000 according to authority Authority undetectable
[planner_server-11] Possible reasons are listed at http://wiki.ros.org/tf/Errors%20explained
[smoother_server-10] [WARN] [1785623451.023790317] []: TF_OLD_DATA ignoring data from the past for frame base_link at time 33.948000 according to authority Authority undetectable
[smoother_server-10] Possible reasons are listed at http://wiki.ros.org/tf/Errors%20explained
[controller_server-9] [WARN] [1785623451.023790484] []: TF_OLD_DATA ignoring data from the past for frame base_link at time 33.948000 according to authority Authority undetectable
[controller_server-9] Possible reasons are listed at http://wiki.ros.org/tf/Errors%20explained
[planner_server-11] [WARN] [1785623451.023801531] []: TF_OLD_DATA ignoring data from the past for frame base_link at time 33.948000 according to authority Authority undetectable
[planner_server-11] Possible reasons are listed at http://wiki.ros.org/tf/Errors%20explained
[amcl-7] [WARN] [1785623451.023799505] []: TF_OLD_DATA ignoring data from the past for frame base_link at time 33.948000 according to authority Authority undetectable
[amcl-7] Possible reasons are listed at http://wiki.ros.org/tf/Errors%20explained
[amcl-7] [WARN] [1785623451.032280354] []: TF_OLD_DATA ignoring data from the past for frame base_link at time 17.100000 according to authority Authority undetectable
[amcl-7] Possible reasons are listed at http://wiki.ros.org/tf/Errors%20explained
[controller_server-9] [WARN] [1785623451.032280373] []: TF_OLD_DATA ignoring data from the past for frame base_link at time 17.100000 according to authority Authority undetectable
[controller_server-9] Possible reasons are listed at http://wiki.ros.org/tf/Errors%20explained
[planner_server-11] [WARN] [1785623451.032281295] []: TF_OLD_DATA ignoring data from the past for frame base_link at time 17.100000 according to authority Authority undetectable
[planner_server-11] Possible reasons are listed at http://wiki.ros.org/tf/Errors%20explained
[smoother_server-10] [WARN] [1785623451.032300755] []: TF_OLD_DATA ignoring data from the past for frame base_link at time 17.100000 according to authority Authority undetectable
[smoother_server-10] Possible reasons are listed at http://wiki.ros.org/tf/Errors%20explained
[amcl-7] [WARN] [1785623451.034464346] []: TF_OLD_DATA ignoring data from the past for frame base_link at time 1.368000 according to authority Authority undetectable
[amcl-7] Possible reasons are listed at http://wiki.ros.org/tf/Errors%20explained
[controller_server-9] [WARN] [1785623451.034464449] []: TF_OLD_DATA ignoring data from the past for frame base_link at time 1.368000 according to authority Authority undetectable
[controller_server-9] Possible reasons are listed at http://wiki.ros.org/tf/Errors%20explained
[smoother_server-10] [WARN] [1785623451.034469047] []: TF_OLD_DATA ignoring data from the past for frame base_link at time 1.368000 according to authority Authority undetectable
[smoother_server-10] Possible reasons are listed at http://wiki.ros.org/tf/Errors%20explained
[planner_server-11] [WARN] [1785623451.034907541] []: TF_OLD_DATA ignoring data from the past for frame base_link at time 1.368000 according to authority Authority undetectable
[planner_server-11] Possible reasons are listed at http://wiki.ros.org/tf/Errors%20explained
[controller_server-9] [WARN] [1785623451.059643194] []: TF_OLD_DATA ignoring data from the past for frame base_link at time 33.984000 according to authority Authority undetectable
[controller_server-9] Possible reasons are listed at http://wiki.ros.org/tf/Errors%20explained
[amcl-7] [WARN] [1785623451.059657087] []: TF_OLD_DATA ignoring data from the past for frame base_link at time 33.984000 according to authority Authority undetectable
[amcl-7] Possible reasons are listed at http://wiki.ros.org/tf/Errors%20explained
[smoother_server-10] [WARN] [1785623451.059654894] []: TF_OLD_DATA ignoring data from the past for frame base_link at time 33.984000 according to authority Authority undetectable
[smoother_server-10] Possible reasons are listed at http://wiki.ros.org/tf/Errors%20explained
[planner_server-11] [WARN] [1785623451.059677397] []: TF_OLD_DATA ignoring data from the past for frame base_link at time 33.984000 according to authority Authority undetectable
[planner_server-11] Possible reasons are listed at http://wiki.ros.org/tf/Errors%20explained
[controller_server-9] [WARN] [1785623451.069157834] []: TF_OLD_DATA ignoring data from the past for frame base_link at time 17.136000 according to authority Authority undetectable
[controller_server-9] Possible reasons are listed at http://wiki.ros.org/tf/Errors%20explained
[amcl-7] [WARN] [1785623451.069163875] []: TF_OLD_DATA ignoring data from the past for frame base_link at time 17.136000 according to authority Authority undetectable
[amcl-7] Possible reasons are listed at http://wiki.ros.org/tf/Errors%20explained
[planner_server-11] [WARN] [1785623451.069210922] []: TF_OLD_DATA ignoring data from the past for frame base_link at time 17.136000 according to authority Authority undetectable
[planner_server-11] Possible reasons are listed at http://wiki.ros.org/tf/Errors%20explained
[smoother_server-10] [WARN] [1785623451.069212307] []: TF_OLD_DATA ignoring data from the past for frame base_link at time 17.136000 according to authority Authority undetectable
[smoother_server-10] Possible reasons are listed at http://wiki.ros.org/tf/Errors%20explained
[smoother_server-10] [WARN] [1785623451.071209014] []: TF_OLD_DATA ignoring data from the past for frame base_link at time 1.404000 according to authority Authority undetectable
[smoother_server-10] Possible reasons are listed at http://wiki.ros.org/tf/Errors%20explained
[amcl-7] [WARN] [1785623451.071212031] []: TF_OLD_DATA ignoring data from the past for frame base_link at time 1.404000 according to authority Authority undetectable
[amcl-7] Possible reasons are listed at http://wiki.ros.org/tf/Errors%20explained
[controller_server-9] [WARN] [1785623451.071212384] []: TF_OLD_DATA ignoring data from the past for frame base_link at time 1.404000 according to authority Authority undetectable
[controller_server-9] Possible reasons are listed at http://wiki.ros.org/tf/Errors%20explained
[planner_server-11] [WARN] [1785623451.071416769] []: TF_OLD_DATA ignoring data from the past for frame base_link at time 1.404000 according to authority Authority undetectable
[planner_server-11] Possible reasons are listed at http://wiki.ros.org/tf/Errors%20explained
[controller_server-9] [WARN] [1785623451.096771781] []: TF_OLD_DATA ignoring data from the past for frame base_link at time 34.020000 according to authority Authority undetectable
[controller_server-9] Possible reasons are listed at http://wiki.ros.org/tf/Errors%20explained
[amcl-7] [WARN] [1785623451.096778757] []: TF_OLD_DATA ignoring data from the past for frame base_link at time 34.020000 according to authority Authority undetectable
[amcl-7] Possible reasons are listed at http://wiki.ros.org/tf/Errors%20explained
[smoother_server-10] [WARN] [1785623451.097363085] []: TF_OLD_DATA ignoring data from the past for frame base_link at time 34.020000 according to authority Authority undetectable
[smoother_server-10] Possible reasons are listed at http://wiki.ros.org/tf/Errors%20explained
[planner_server-11] [WARN] [1785623451.098020201] []: TF_OLD_DATA ignoring data from the past for frame base_link at time 34.020000 according to authority Authority undetectable
[planner_server-11] Possible reasons are listed at http://wiki.ros.org/tf/Errors%20explained
[amcl-7] [WARN] [1785623451.106135872] []: TF_OLD_DATA ignoring data from the past for frame base_link at time 17.172000 according to authority Authority undetectable
[amcl-7] Possible reasons are listed at http://wiki.ros.org/tf/Errors%20explained
[planner_server-11] [WARN] [1785623451.106152837] []: TF_OLD_DATA ignoring data from the past for frame base_link at time 17.172000 according to authority Authority undetectable
[planner_server-11] Possible reasons are listed at http://wiki.ros.org/tf/Errors%20explained
[controller_server-9] [WARN] [1785623451.106174176] []: TF_OLD_DATA ignoring data from the past for frame base_link at time 17.172000 according to authority Authority undetectable
[controller_server-9] Possible reasons are listed at http://wiki.ros.org/tf/Errors%20explained
[smoother_server-10] [WARN] [1785623451.106502006] []: TF_OLD_DATA ignoring data from the past for frame base_link at time 17.172000 according to authority Authority undetectable
[smoother_server-10] Possible reasons are listed at http://wiki.ros.org/tf/Errors%20explained
[planner_server-11] [WARN] [1785623451.107406742] []: TF_OLD_DATA ignoring data from the past for frame base_link at time 1.440000 according to authority Authority undetectable
[planner_server-11] Possible reasons are listed at http://wiki.ros.org/tf/Errors%20explained
[amcl-7] [WARN] [1785623451.107411324] []: TF_OLD_DATA ignoring data from the past for frame base_link at time 1.440000 according to authority Authority undetectable
[amcl-7] Possible reasons are listed at http://wiki.ros.org/tf/Errors%20explained
[controller_server-9] [WARN] [1785623451.107420054] []: TF_OLD_DATA ignoring data from the past for frame base_link at time 1.440000 according to authority Authority undetectable
[controller_server-9] Possible reasons are listed at http://wiki.ros.org/tf/Errors%20explained
[smoother_server-10] [WARN] [1785623451.107560716] []: TF_OLD_DATA ignoring data from the past for frame base_link at time 1.440000 according to authority Authority undetectable
[smoother_server-10] Possible reasons are listed at http://wiki.ros.org/tf/Errors%20explained
[controller_server-9] [WARN] [1785623451.132066547] []: TF_OLD_DATA ignoring data from the past for frame base_link at time 34.056000 according to authority Authority undetectable
[controller_server-9] Possible reasons are listed at http://wiki.ros.org/tf/Errors%20explained
[planner_server-11] [WARN] [1785623451.132093134] []: TF_OLD_DATA ignoring data from the past for frame base_link at time 34.056000 according to authority Authority undetectable
[planner_server-11] Possible reasons are listed at http://wiki.ros.org/tf/Errors%20explained
[amcl-7] [WARN] [1785623451.132103395] []: TF_OLD_DATA ignoring data from the past for frame base_link at time 34.056000 according to authority Authority undetectable
[amcl-7] Possible reasons are listed at http://wiki.ros.org/tf/Errors%20explained
[smoother_server-10] [WARN] [1785623451.132115493] []: TF_OLD_DATA ignoring data from the past for frame base_link at time 34.056000 according to authority Authority undetectable
[smoother_server-10] Possible reasons are listed at http://wiki.ros.org/tf/Errors%20explained
[controller_server-9] [WARN] [1785623451.140627883] []: TF_OLD_DATA ignoring data from the past for frame base_link at time 17.208000 according to authority Authority undetectable
[controller_server-9] Possible reasons are listed at http://wiki.ros.org/tf/Errors%20explained
[planner_server-11] [WARN] [1785623451.140637805] []: TF_OLD_DATA ignoring data from the past for frame base_link at time 17.208000 according to authority Authority undetectable
[planner_server-11] Possible reasons are listed at http://wiki.ros.org/tf/Errors%20explained
[smoother_server-10] [WARN] [1785623451.140642112] []: TF_OLD_DATA ignoring data from the past for frame base_link at time 17.208000 according to authority Authority undetectable
[smoother_server-10] Possible reasons are listed at http://wiki.ros.org/tf/Errors%20explained
[amcl-7] [WARN] [1785623451.140695838] []: TF_OLD_DATA ignoring data from the past for frame base_link at time 17.208000 according to authority Authority undetectable
[amcl-7] Possible reasons are listed at http://wiki.ros.org/tf/Errors%20explained
[controller_server-9] [WARN] [1785623451.142334166] []: TF_OLD_DATA ignoring data from the past for frame base_link at time 1.476000 according to authority Authority undetectable
[controller_server-9] Possible reasons are listed at http://wiki.ros.org/tf/Errors%20explained
[smoother_server-10] [WARN] [1785623451.142343170] []: TF_OLD_DATA ignoring data from the past for frame base_link at time 1.476000 according to authority Authority undetectable
[smoother_server-10] Possible reasons are listed at http://wiki.ros.org/tf/Errors%20explained
[planner_server-11] [WARN] [1785623451.142344033] []: TF_OLD_DATA ignoring data from the past for frame base_link at time 1.476000 according to authority Authority undetectable
[planner_server-11] Possible reasons are listed at http://wiki.ros.org/tf/Errors%20explained
[amcl-7] [WARN] [1785623451.142343079] []: TF_OLD_DATA ignoring data from the past for frame base_link at time 1.476000 according to authority Authority undetectable
[amcl-7] Possible reasons are listed at http://wiki.ros.org/tf/Errors%20explained
[planner_server-11] [WARN] [1785623451.167838673] []: TF_OLD_DATA ignoring data from the past for frame base_link at time 34.092000 according to authority Authority undetectable
[planner_server-11] Possible reasons are listed at http://wiki.ros.org/tf/Errors%20explained
[controller_server-9] [WARN] [1785623451.167839802] []: TF_OLD_DATA ignoring data from the past for frame base_link at time 34.092000 according to authority Authority undetectable
[controller_server-9] Possible reasons are listed at http://wiki.ros.org/tf/Errors%20explained
[amcl-7] [WARN] [1785623451.167843613] []: TF_OLD_DATA ignoring data from the past for frame base_link at time 34.092000 according to authority Authority undetectable
[amcl-7] Possible reasons are listed at http://wiki.ros.org/tf/Errors%20explained
[smoother_server-10] [WARN] [1785623451.167863506] []: TF_OLD_DATA ignoring data from the past for frame base_link at time 34.092000 according to authority Authority undetectable
[smoother_server-10] Possible reasons are listed at http://wiki.ros.org/tf/Errors%20explained
[planner_server-11] [WARN] [1785623451.176787504] []: TF_OLD_DATA ignoring data from the past for frame base_link at time 17.244000 according to authority Authority undetectable
[planner_server-11] Possible reasons are listed at http://wiki.ros.org/tf/Errors%20explained
[controller_server-9] [WARN] [1785623451.176787506] []: TF_OLD_DATA ignoring data from the past for frame base_link at time 17.244000 according to authority Authority undetectable
[controller_server-9] Possible reasons are listed at http://wiki.ros.org/tf/Errors%20explained
[smoother_server-10] [WARN] [1785623451.176797004] []: TF_OLD_DATA ignoring data from the past for frame base_link at time 17.244000 according to authority Authority undetectable
[smoother_server-10] Possible reasons are listed at http://wiki.ros.org/tf/Errors%20explained
[amcl-7] [WARN] [1785623451.176816082] []: TF_OLD_DATA ignoring data from the past for frame base_link at time 17.244000 according to authority Authority undetectable
[amcl-7] Possible reasons are listed at http://wiki.ros.org/tf/Errors%20explained
[smoother_server-10] [WARN] [1785623451.178642247] []: TF_OLD_DATA ignoring data from the past for frame base_link at time 1.512000 according to authority Authority undetectable
[smoother_server-10] Possible reasons are listed at http://wiki.ros.org/tf/Errors%20explained
[planner_server-11] [WARN] [1785623451.178642408] []: TF_OLD_DATA ignoring data from the past for frame base_link at time 1.512000 according to authority Authority undetectable
[planner_server-11] Possible reasons are listed at http://wiki.ros.org/tf/Errors%20explained
[controller_server-9] [WARN] [1785623451.178640935] []: TF_OLD_DATA ignoring data from the past for frame base_link at time 1.512000 according to authority Authority undetectable
[controller_server-9] Possible reasons are listed at http://wiki.ros.org/tf/Errors%20explained
[amcl-7] [WARN] [1785623451.178666713] []: TF_OLD_DATA ignoring data from the past for frame base_link at time 1.512000 according to authority Authority undetectable
[amcl-7] Possible reasons are listed at http://wiki.ros.org/tf/Errors%20explained
[controller_server-9] [WARN] [1785623451.204146105] []: TF_OLD_DATA ignoring data from the past for frame base_link at time 34.128000 according to authority Authority undetectable
[controller_server-9] Possible reasons are listed at http://wiki.ros.org/tf/Errors%20explained
[planner_server-11] [WARN] [1785623451.204159445] []: TF_OLD_DATA ignoring data from the past for frame base_link at time 34.128000 according to authority Authority undetectable
[planner_server-11] Possible reasons are listed at http://wiki.ros.org/tf/Errors%20explained
[smoother_server-10] [WARN] [1785623451.204165739] []: TF_OLD_DATA ignoring data from the past for frame base_link at time 34.128000 according to authority Authority undetectable
[smoother_server-10] Possible reasons are listed at http://wiki.ros.org/tf/Errors%20explained
[amcl-7] [WARN] [1785623451.204179946] []: TF_OLD_DATA ignoring data from the past for frame base_link at time 34.128000 according to authority Authority undetectable
[amcl-7] Possible reasons are listed at http://wiki.ros.org/tf/Errors%20explained
[smoother_server-10] [WARN] [1785623451.212629950] []: TF_OLD_DATA ignoring data from the past for frame base_link at time 17.280000 according to authority Authority undetectable
[smoother_server-10] Possible reasons are listed at http://wiki.ros.org/tf/Errors%20explained
[controller_server-9] [WARN] [1785623451.212629946] []: TF_OLD_DATA ignoring data from the past for frame base_link at time 17.280000 according to authority Authority undetectable
[controller_server-9] Possible reasons are listed at http://wiki.ros.org/tf/Errors%20explained
[planner_server-11] [WARN] [1785623451.212633287] []: TF_OLD_DATA ignoring data from the past for frame base_link at time 17.280000 according to authority Authority undetectable
[planner_server-11] Possible reasons are listed at http://wiki.ros.org/tf/Errors%20explained
[amcl-7] [WARN] [1785623451.212637683] []: TF_OLD_DATA ignoring data from the past for frame base_link at time 17.280000 according to authority Authority undetectable
[amcl-7] Possible reasons are listed at http://wiki.ros.org/tf/Errors%20explained
[planner_server-11] [WARN] [1785623451.214523176] []: TF_OLD_DATA ignoring data from the past for frame base_link at time 1.548000 according to authority Authority undetectable
[planner_server-11] Possible reasons are listed at http://wiki.ros.org/tf/Errors%20explained
[controller_server-9] [WARN] [1785623451.214523458] []: TF_OLD_DATA ignoring data from the past for frame base_link at time 1.548000 according to authority Authority undetectable
[controller_server-9] Possible reasons are listed at http://wiki.ros.org/tf/Errors%20explained
[smoother_server-10] [WARN] [1785623451.214601025] []: TF_OLD_DATA ignoring data from the past for frame base_link at time 1.548000 according to authority Authority undetectable
[smoother_server-10] Possible reasons are listed at http://wiki.ros.org/tf/Errors%20explained
[amcl-7] [WARN] [1785623451.214754265] []: TF_OLD_DATA ignoring data from the past for frame base_link at time 1.548000 according to authority Authority undetectable
[amcl-7] Possible reasons are listed at http://wiki.ros.org/tf/Errors%20explained
[planner_server-11] [WARN] [1785623451.239527515] []: TF_OLD_DATA ignoring data from the past for frame base_link at time 34.164000 according to authority Authority undetectable
[planner_server-11] Possible reasons are listed at http://wiki.ros.org/tf/Errors%20explained
[controller_server-9] [WARN] [1785623451.239527483] []: TF_OLD_DATA ignoring data from the past for frame base_link at time 34.164000 according to authority Authority undetectable
[controller_server-9] Possible reasons are listed at http://wiki.ros.org/tf/Errors%20explained
[smoother_server-10] [WARN] [1785623451.239538672] []: TF_OLD_DATA ignoring data from the past for frame base_link at time 34.164000 according to authority Authority undetectable
[smoother_server-10] Possible reasons are listed at http://wiki.ros.org/tf/Errors%20explained
[amcl-7] [WARN] [1785623451.239538653] []: TF_OLD_DATA ignoring data from the past for frame base_link at time 34.164000 according to authority Authority undetectable
[amcl-7] Possible reasons are listed at http://wiki.ros.org/tf/Errors%20explained
[planner_server-11] [WARN] [1785623451.248403673] []: TF_OLD_DATA ignoring data from the past for frame base_link at time 17.316000 according to authority Authority undetectable
[planner_server-11] Possible reasons are listed at http://wiki.ros.org/tf/Errors%20explained
[controller_server-9] [WARN] [1785623451.248420933] []: TF_OLD_DATA ignoring data from the past for frame base_link at time 17.316000 according to authority Authority undetectable
[controller_server-9] Possible reasons are listed at http://wiki.ros.org/tf/Errors%20explained
[amcl-7] [WARN] [1785623451.248431016] []: TF_OLD_DATA ignoring data from the past for frame base_link at time 17.316000 according to authority Authority undetectable
[amcl-7] Possible reasons are listed at http://wiki.ros.org/tf/Errors%20explained
[smoother_server-10] [WARN] [1785623451.248447601] []: TF_OLD_DATA ignoring data from the past for frame base_link at time 17.316000 according to authority Authority undetectable
[smoother_server-10] Possible reasons are listed at http://wiki.ros.org/tf/Errors%20explained
[controller_server-9] [WARN] [1785623451.250476948] []: TF_OLD_DATA ignoring data from the past for frame base_link at time 1.584000 according to authority Authority undetectable
[controller_server-9] Possible reasons are listed at http://wiki.ros.org/tf/Errors%20explained
[planner_server-11] [WARN] [1785623451.250487277] []: TF_OLD_DATA ignoring data from the past for frame base_link at time 1.584000 according to authority Authority undetectable
[planner_server-11] Possible reasons are listed at http://wiki.ros.org/tf/Errors%20explained
[amcl-7] [WARN] [1785623451.250490397] []: TF_OLD_DATA ignoring data from the past for frame base_link at time 1.584000 according to authority Authority undetectable
[amcl-7] Possible reasons are listed at http://wiki.ros.org/tf/Errors%20explained
[smoother_server-10] [WARN] [1785623451.250500802] []: TF_OLD_DATA ignoring data from the past for frame base_link at time 1.584000 according to authority Authority undetectable
[smoother_server-10] Possible reasons are listed at http://wiki.ros.org/tf/Errors%20explained
[controller_server-9] [WARN] [1785623451.275776597] []: TF_OLD_DATA ignoring data from the past for frame base_link at time 34.200000 according to authority Authority undetectable
[controller_server-9] Possible reasons are listed at http://wiki.ros.org/tf/Errors%20explained
[planner_server-11] [WARN] [1785623451.275783571] []: TF_OLD_DATA ignoring data from the past for frame base_link at time 34.200000 according to authority Authority undetectable
[planner_server-11] Possible reasons are listed at http://wiki.ros.org/tf/Errors%20explained
[smoother_server-10] [WARN] [1785623451.275784353] []: TF_OLD_DATA ignoring data from the past for frame base_link at time 34.200000 according to authority Authority undetectable
[smoother_server-10] Possible reasons are listed at http://wiki.ros.org/tf/Errors%20explained
[amcl-7] [WARN] [1785623451.275914457] []: TF_OLD_DATA ignoring data from the past for frame base_link at time 34.200000 according to authority Authority undetectable
[amcl-7] Possible reasons are listed at http://wiki.ros.org/tf/Errors%20explained
[controller_server-9] [WARN] [1785623451.284556616] []: TF_OLD_DATA ignoring data from the past for frame base_link at time 17.352000 according to authority Authority undetectable
[controller_server-9] Possible reasons are listed at http://wiki.ros.org/tf/Errors%20explained
[planner_server-11] [WARN] [1785623451.284569704] []: TF_OLD_DATA ignoring data from the past for frame base_link at time 17.352000 according to authority Authority undetectable
[planner_server-11] Possible reasons are listed at http://wiki.ros.org/tf/Errors%20explained
[smoother_server-10] [WARN] [1785623451.284585871] []: TF_OLD_DATA ignoring data from the past for frame base_link at time 17.352000 according to authority Authority undetectable
[smoother_server-10] Possible reasons are listed at http://wiki.ros.org/tf/Errors%20explained
[amcl-7] [WARN] [1785623451.284685915] []: TF_OLD_DATA ignoring data from the past for frame base_link at time 17.352000 according to authority Authority undetectable
[amcl-7] Possible reasons are listed at http://wiki.ros.org/tf/Errors%20explained
[controller_server-9] [WARN] [1785623451.286688745] []: TF_OLD_DATA ignoring data from the past for frame base_link at time 1.620000 according to authority Authority undetectable
[controller_server-9] Possible reasons are listed at http://wiki.ros.org/tf/Errors%20explained
[amcl-7] [WARN] [1785623451.286688882] []: TF_OLD_DATA ignoring data from the past for frame base_link at time 1.620000 according to authority Authority undetectable
[amcl-7] Possible reasons are listed at http://wiki.ros.org/tf/Errors%20explained
[planner_server-11] [WARN] [1785623451.286688922] []: TF_OLD_DATA ignoring data from the past for frame base_link at time 1.620000 according to authority Authority undetectable
[planner_server-11] Possible reasons are listed at http://wiki.ros.org/tf/Errors%20explained
[smoother_server-10] [WARN] [1785623451.286711853] []: TF_OLD_DATA ignoring data from the past for frame base_link at time 1.620000 according to authority Authority undetectable
[smoother_server-10] Possible reasons are listed at http://wiki.ros.org/tf/Errors%20explained
[smoother_server-10] [WARN] [1785623451.311671970] []: TF_OLD_DATA ignoring data from the past for frame base_link at time 34.236000 according to authority Authority undetectable
[smoother_server-10] Possible reasons are listed at http://wiki.ros.org/tf/Errors%20explained
[amcl-7] [WARN] [1785623451.311672056] []: TF_OLD_DATA ignoring data from the past for frame base_link at time 34.236000 according to authority Authority undetectable
[amcl-7] Possible reasons are listed at http://wiki.ros.org/tf/Errors%20explained
[planner_server-11] [WARN] [1785623451.311673941] []: TF_OLD_DATA ignoring data from the past for frame base_link at time 34.236000 according to authority Authority undetectable
[planner_server-11] Possible reasons are listed at http://wiki.ros.org/tf/Errors%20explained
[controller_server-9] [WARN] [1785623451.311771444] []: TF_OLD_DATA ignoring data from the past for frame base_link at time 34.236000 according to authority Authority undetectable
[controller_server-9] Possible reasons are listed at http://wiki.ros.org/tf/Errors%20explained
[controller_server-9] [WARN] [1785623451.320792367] []: TF_OLD_DATA ignoring data from the past for frame base_link at time 17.388000 according to authority Authority undetectable
[controller_server-9] Possible reasons are listed at http://wiki.ros.org/tf/Errors%20explained
[planner_server-11] [WARN] [1785623451.320803375] []: TF_OLD_DATA ignoring data from the past for frame base_link at time 17.388000 according to authority Authority undetectable
[planner_server-11] Possible reasons are listed at http://wiki.ros.org/tf/Errors%20explained
[amcl-7] [WARN] [1785623451.320813356] []: TF_OLD_DATA ignoring data from the past for frame base_link at time 17.388000 according to authority Authority undetectable
[amcl-7] Possible reasons are listed at http://wiki.ros.org/tf/Errors%20explained
[smoother_server-10] [WARN] [1785623451.320838878] []: TF_OLD_DATA ignoring data from the past for frame base_link at time 17.388000 according to authority Authority undetectable
[smoother_server-10] Possible reasons are listed at http://wiki.ros.org/tf/Errors%20explained
[smoother_server-10] [WARN] [1785623451.322406408] []: TF_OLD_DATA ignoring data from the past for frame base_link at time 1.656000 according to authority Authority undetectable
[smoother_server-10] Possible reasons are listed at http://wiki.ros.org/tf/Errors%20explained
[controller_server-9] [WARN] [1785623451.322403727] []: TF_OLD_DATA ignoring data from the past for frame base_link at time 1.656000 according to authority Authority undetectable
[controller_server-9] Possible reasons are listed at http://wiki.ros.org/tf/Errors%20explained
[planner_server-11] [WARN] [1785623451.322406818] []: TF_OLD_DATA ignoring data from the past for frame base_link at time 1.656000 according to authority Authority undetectable
[planner_server-11] Possible reasons are listed at http://wiki.ros.org/tf/Errors%20explained
[amcl-7] [WARN] [1785623451.322424351] []: TF_OLD_DATA ignoring data from the past for frame base_link at time 1.656000 according to authority Authority undetectable
[amcl-7] Possible reasons are listed at http://wiki.ros.org/tf/Errors%20explained
[planner_server-11] [WARN] [1785623451.347750300] []: TF_OLD_DATA ignoring data from the past for frame base_link at time 34.272000 according to authority Authority undetectable
[planner_server-11] Possible reasons are listed at http://wiki.ros.org/tf/Errors%20explained
[smoother_server-10] [WARN] [1785623451.347758677] []: TF_OLD_DATA ignoring data from the past for frame base_link at time 34.272000 according to authority Authority undetectable
[smoother_server-10] Possible reasons are listed at http://wiki.ros.org/tf/Errors%20explained
[controller_server-9] [WARN] [1785623451.347763248] []: TF_OLD_DATA ignoring data from the past for frame base_link at time 34.272000 according to authority Authority undetectable
[controller_server-9] Possible reasons are listed at http://wiki.ros.org/tf/Errors%20explained
[amcl-7] [WARN] [1785623451.347757992] []: TF_OLD_DATA ignoring data from the past for frame base_link at time 34.272000 according to authority Authority undetectable
[amcl-7] Possible reasons are listed at http://wiki.ros.org/tf/Errors%20explained
[planner_server-11] [WARN] [1785623451.356710147] []: TF_OLD_DATA ignoring data from the past for frame base_link at time 17.424000 according to authority Authority undetectable
[planner_server-11] Possible reasons are listed at http://wiki.ros.org/tf/Errors%20explained
[controller_server-9] [WARN] [1785623451.356710301] []: TF_OLD_DATA ignoring data from the past for frame base_link at time 17.424000 according to authority Authority undetectable
[controller_server-9] Possible reasons are listed at http://wiki.ros.org/tf/Errors%20explained
[amcl-7] [WARN] [1785623451.356731345] []: TF_OLD_DATA ignoring data from the past for frame base_link at time 17.424000 according to authority Authority undetectable
[amcl-7] Possible reasons are listed at http://wiki.ros.org/tf/Errors%20explained
[smoother_server-10] [WARN] [1785623451.356737820] []: TF_OLD_DATA ignoring data from the past for frame base_link at time 17.424000 according to authority Authority undetectable
[smoother_server-10] Possible reasons are listed at http://wiki.ros.org/tf/Errors%20explained
[smoother_server-10] [WARN] [1785623451.358493171] []: TF_OLD_DATA ignoring data from the past for frame base_link at time 1.692000 according to authority Authority undetectable
[smoother_server-10] Possible reasons are listed at http://wiki.ros.org/tf/Errors%20explained
[planner_server-11] [WARN] [1785623451.358490777] []: TF_OLD_DATA ignoring data from the past for frame base_link at time 1.692000 according to authority Authority undetectable
[planner_server-11] Possible reasons are listed at http://wiki.ros.org/tf/Errors%20explained
[controller_server-9] [WARN] [1785623451.358490487] []: TF_OLD_DATA ignoring data from the past for frame base_link at time 1.692000 according to authority Authority undetectable
[controller_server-9] Possible reasons are listed at http://wiki.ros.org/tf/Errors%20explained
[amcl-7] [WARN] [1785623451.358497579] []: TF_OLD_DATA ignoring data from the past for frame base_link at time 1.692000 according to authority Authority undetectable
[amcl-7] Possible reasons are listed at http://wiki.ros.org/tf/Errors%20explained
[planner_server-11] [WARN] [1785623451.383885331] []: TF_OLD_DATA ignoring data from the past for frame base_link at time 34.308000 according to authority Authority undetectable
[planner_server-11] Possible reasons are listed at http://wiki.ros.org/tf/Errors%20explained
[controller_server-9] [WARN] [1785623451.383885414] []: TF_OLD_DATA ignoring data from the past for frame base_link at time 34.308000 according to authority Authority undetectable
[controller_server-9] Possible reasons are listed at http://wiki.ros.org/tf/Errors%20explained
[amcl-7] [WARN] [1785623451.383894709] []: TF_OLD_DATA ignoring data from the past for frame base_link at time 34.308000 according to authority Authority undetectable
[amcl-7] Possible reasons are listed at http://wiki.ros.org/tf/Errors%20explained
[smoother_server-10] [WARN] [1785623451.383926325] []: TF_OLD_DATA ignoring data from the past for frame base_link at time 34.308000 according to authority Authority undetectable
[smoother_server-10] Possible reasons are listed at http://wiki.ros.org/tf/Errors%20explained
[controller_server-9] [WARN] [1785623451.392667387] []: TF_OLD_DATA ignoring data from the past for frame base_link at time 17.460000 according to authority Authority undetectable
[controller_server-9] Possible reasons are listed at http://wiki.ros.org/tf/Errors%20explained
[planner_server-11] [WARN] [1785623451.392672606] []: TF_OLD_DATA ignoring data from the past for frame base_link at time 17.460000 according to authority Authority undetectable
[planner_server-11] Possible reasons are listed at http://wiki.ros.org/tf/Errors%20explained
[smoother_server-10] [WARN] [1785623451.392688924] []: TF_OLD_DATA ignoring data from the past for frame base_link at time 17.460000 according to authority Authority undetectable
[smoother_server-10] Possible reasons are listed at http://wiki.ros.org/tf/Errors%20explained
[amcl-7] [WARN] [1785623451.392761105] []: TF_OLD_DATA ignoring data from the past for frame base_link at time 17.460000 according to authority Authority undetectable
[amcl-7] Possible reasons are listed at http://wiki.ros.org/tf/Errors%20explained
[amcl-7] [WARN] [1785623451.395392293] []: TF_OLD_DATA ignoring data from the past for frame base_link at time 1.728000 according to authority Authority undetectable
[amcl-7] Possible reasons are listed at http://wiki.ros.org/tf/Errors%20explained
[planner_server-11] [WARN] [1785623451.395661527] []: TF_OLD_DATA ignoring data from the past for frame base_link at time 1.728000 according to authority Authority undetectable
[planner_server-11] Possible reasons are listed at http://wiki.ros.org/tf/Errors%20explained
[controller_server-9] [WARN] [1785623451.395973629] []: TF_OLD_DATA ignoring data from the past for frame base_link at time 1.728000 according to authority Authority undetectable
[controller_server-9] Possible reasons are listed at http://wiki.ros.org/tf/Errors%20explained
[smoother_server-10] [WARN] [1785623451.396348013] []: TF_OLD_DATA ignoring data from the past for frame base_link at time 1.728000 according to authority Authority undetectable
[smoother_server-10] Possible reasons are listed at http://wiki.ros.org/tf/Errors%20explained
[controller_server-9] [WARN] [1785623451.419720263] []: TF_OLD_DATA ignoring data from the past for frame base_link at time 34.344000 according to authority Authority undetectable
[controller_server-9] Possible reasons are listed at http://wiki.ros.org/tf/Errors%20explained
[planner_server-11] [WARN] [1785623451.419720885] []: TF_OLD_DATA ignoring data from the past for frame base_link at time 34.344000 according to authority Authority undetectable
[planner_server-11] Possible reasons are listed at http://wiki.ros.org/tf/Errors%20explained
[amcl-7] [WARN] [1785623451.419723734] []: TF_OLD_DATA ignoring data from the past for frame base_link at time 34.344000 according to authority Authority undetectable
[amcl-7] Possible reasons are listed at http://wiki.ros.org/tf/Errors%20explained
[smoother_server-10] [WARN] [1785623451.419746130] []: TF_OLD_DATA ignoring data from the past for frame base_link at time 34.344000 according to authority Authority undetectable
[smoother_server-10] Possible reasons are listed at http://wiki.ros.org/tf/Errors%20explained
[controller_server-9] [WARN] [1785623451.428354882] []: TF_OLD_DATA ignoring data from the past for frame base_link at time 17.496000 according to authority Authority undetectable
[controller_server-9] Possible reasons are listed at http://wiki.ros.org/tf/Errors%20explained
[planner_server-11] [WARN] [1785623451.428360114] []: TF_OLD_DATA ignoring data from the past for frame base_link at time 17.496000 according to authority Authority undetectable
[planner_server-11] Possible reasons are listed at http://wiki.ros.org/tf/Errors%20explained
[smoother_server-10] [WARN] [1785623451.428390367] []: TF_OLD_DATA ignoring data from the past for frame base_link at time 17.496000 according to authority Authority undetectable
[smoother_server-10] Possible reasons are listed at http://wiki.ros.org/tf/Errors%20explained
[amcl-7] [WARN] [1785623451.428521375] []: TF_OLD_DATA ignoring data from the past for frame base_link at time 17.496000 according to authority Authority undetectable
[amcl-7] Possible reasons are listed at http://wiki.ros.org/tf/Errors%20explained
[smoother_server-10] [WARN] [1785623451.430533733] []: TF_OLD_DATA ignoring data from the past for frame base_link at time 1.764000 according to authority Authority undetectable
[smoother_server-10] Possible reasons are listed at http://wiki.ros.org/tf/Errors%20explained
[planner_server-11] [WARN] [1785623451.430533721] []: TF_OLD_DATA ignoring data from the past for frame base_link at time 1.764000 according to authority Authority undetectable
[planner_server-11] Possible reasons are listed at http://wiki.ros.org/tf/Errors%20explained
[amcl-7] [WARN] [1785623451.430538197] []: TF_OLD_DATA ignoring data from the past for frame base_link at time 1.764000 according to authority Authority undetectable
[amcl-7] Possible reasons are listed at http://wiki.ros.org/tf/Errors%20explained
[controller_server-9] [WARN] [1785623451.430556298] []: TF_OLD_DATA ignoring data from the past for frame base_link at time 1.764000 according to authority Authority undetectable
[controller_server-9] Possible reasons are listed at http://wiki.ros.org/tf/Errors%20explained
[planner_server-11] [WARN] [1785623451.455486259] []: TF_OLD_DATA ignoring data from the past for frame base_link at time 34.380000 according to authority Authority undetectable
[planner_server-11] Possible reasons are listed at http://wiki.ros.org/tf/Errors%20explained
[controller_server-9] [WARN] [1785623451.455495697] []: TF_OLD_DATA ignoring data from the past for frame base_link at time 34.380000 according to authority Authority undetectable
[controller_server-9] Possible reasons are listed at http://wiki.ros.org/tf/Errors%20explained
[smoother_server-10] [WARN] [1785623451.455503084] []: TF_OLD_DATA ignoring data from the past for frame base_link at time 34.380000 according to authority Authority undetectable
[smoother_server-10] Possible reasons are listed at http://wiki.ros.org/tf/Errors%20explained
[amcl-7] [WARN] [1785623451.455509584] []: TF_OLD_DATA ignoring data from the past for frame base_link at time 34.380000 according to authority Authority undetectable
[amcl-7] Possible reasons are listed at http://wiki.ros.org/tf/Errors%20explained
[controller_server-9] [WARN] [1785623451.464674171] []: TF_OLD_DATA ignoring data from the past for frame base_link at time 17.532000 according to authority Authority undetectable
[controller_server-9] Possible reasons are listed at http://wiki.ros.org/tf/Errors%20explained
[planner_server-11] [WARN] [1785623451.464675162] []: TF_OLD_DATA ignoring data from the past for frame base_link at time 17.532000 according to authority Authority undetectable
[planner_server-11] Possible reasons are listed at http://wiki.ros.org/tf/Errors%20explained
[amcl-7] [WARN] [1785623451.464701312] []: TF_OLD_DATA ignoring data from the past for frame base_link at time 17.532000 according to authority Authority undetectable
[amcl-7] Possible reasons are listed at http://wiki.ros.org/tf/Errors%20explained
[smoother_server-10] [WARN] [1785623451.464713875] []: TF_OLD_DATA ignoring data from the past for frame base_link at time 17.532000 according to authority Authority undetectable
[smoother_server-10] Possible reasons are listed at http://wiki.ros.org/tf/Errors%20explained
[planner_server-11] [WARN] [1785623451.466481651] []: TF_OLD_DATA ignoring data from the past for frame base_link at time 1.800000 according to authority Authority undetectable
[planner_server-11] Possible reasons are listed at http://wiki.ros.org/tf/Errors%20explained
[amcl-7] [WARN] [1785623451.466481619] []: TF_OLD_DATA ignoring data from the past for frame base_link at time 1.800000 according to authority Authority undetectable
[amcl-7] Possible reasons are listed at http://wiki.ros.org/tf/Errors%20explained
[smoother_server-10] [WARN] [1785623451.466563835] []: TF_OLD_DATA ignoring data from the past for frame base_link at time 1.800000 according to authority Authority undetectable
[smoother_server-10] Possible reasons are listed at http://wiki.ros.org/tf/Errors%20explained
[controller_server-9] [WARN] [1785623451.466572732] []: TF_OLD_DATA ignoring data from the past for frame base_link at time 1.800000 according to authority Authority undetectable
[controller_server-9] Possible reasons are listed at http://wiki.ros.org/tf/Errors%20explained
[route_server-12] [INFO] [1785623451.476774348] [route_server]: Configuring
[smoother_server-10] [WARN] [1785623451.492900295] []: TF_OLD_DATA ignoring data from the past for frame base_link at time 34.416000 according to authority Authority undetectable
[smoother_server-10] Possible reasons are listed at http://wiki.ros.org/tf/Errors%20explained
[amcl-7] [WARN] [1785623451.492900273] []: TF_OLD_DATA ignoring data from the past for frame base_link at time 34.416000 according to authority Authority undetectable
[amcl-7] Possible reasons are listed at http://wiki.ros.org/tf/Errors%20explained
[planner_server-11] [WARN] [1785623451.492919606] []: TF_OLD_DATA ignoring data from the past for frame base_link at time 34.416000 according to authority Authority undetectable
[planner_server-11] Possible reasons are listed at http://wiki.ros.org/tf/Errors%20explained
[controller_server-9] [WARN] [1785623451.493082764] []: TF_OLD_DATA ignoring data from the past for frame base_link at time 34.416000 according to authority Authority undetectable
[controller_server-9] Possible reasons are listed at http://wiki.ros.org/tf/Errors%20explained
[amcl-7] [WARN] [1785623451.500676565] []: TF_OLD_DATA ignoring data from the past for frame base_link at time 17.568000 according to authority Authority undetectable
[amcl-7] Possible reasons are listed at http://wiki.ros.org/tf/Errors%20explained
[planner_server-11] [WARN] [1785623451.500698625] []: TF_OLD_DATA ignoring data from the past for frame base_link at time 17.568000 according to authority Authority undetectable
[planner_server-11] Possible reasons are listed at http://wiki.ros.org/tf/Errors%20explained
[controller_server-9] [WARN] [1785623451.500699837] []: TF_OLD_DATA ignoring data from the past for frame base_link at time 17.568000 according to authority Authority undetectable
[controller_server-9] Possible reasons are listed at http://wiki.ros.org/tf/Errors%20explained
[route_server-12] [WARN] [1785623451.500749833] []: TF_OLD_DATA ignoring data from the past for frame base_link at time 17.568000 according to authority Authority undetectable
[route_server-12] Possible reasons are listed at http://wiki.ros.org/tf/Errors%20explained
[smoother_server-10] [WARN] [1785623451.500775497] []: TF_OLD_DATA ignoring data from the past for frame base_link at time 17.568000 according to authority Authority undetectable
[smoother_server-10] Possible reasons are listed at http://wiki.ros.org/tf/Errors%20explained
[controller_server-9] [WARN] [1785623451.503160345] []: TF_OLD_DATA ignoring data from the past for frame base_link at time 1.836000 according to authority Authority undetectable
[controller_server-9] Possible reasons are listed at http://wiki.ros.org/tf/Errors%20explained
[planner_server-11] [WARN] [1785623451.503179494] []: TF_OLD_DATA ignoring data from the past for frame base_link at time 1.836000 according to authority Authority undetectable
[planner_server-11] Possible reasons are listed at http://wiki.ros.org/tf/Errors%20explained
[smoother_server-10] [WARN] [1785623451.503239778] []: TF_OLD_DATA ignoring data from the past for frame base_link at time 1.836000 according to authority Authority undetectable
[smoother_server-10] Possible reasons are listed at http://wiki.ros.org/tf/Errors%20explained
[route_server-12] [WARN] [1785623451.503283530] []: TF_OLD_DATA ignoring data from the past for frame base_link at time 1.836000 according to authority Authority undetectable
[route_server-12] Possible reasons are listed at http://wiki.ros.org/tf/Errors%20explained
[amcl-7] [WARN] [1785623451.503343512] []: TF_OLD_DATA ignoring data from the past for frame base_link at time 1.836000 according to authority Authority undetectable
[amcl-7] Possible reasons are listed at http://wiki.ros.org/tf/Errors%20explained
[route_server-12] [INFO] [1785623451.516908627] [route_server]: Created GraphFileLoader GeoJsonGraphFileLoader of type nav2_route::GeoJsonGraphFileLoader
[route_server-12] [INFO] [1785623451.516946776] [route_server]: Configuring geojson graph file loader
[route_server-12] [INFO] [1785623451.516954075] [route_server]: No graph file provided to load yet.
[route_server-12] [INFO] [1785623451.519455448] [route_server]: Created edge cost function plugin DistanceScorer of type nav2_route::DistanceScorer
[route_server-12] [INFO] [1785623451.519496732] [route_server]: Configuring distance scorer.
[route_server-12] [INFO] [1785623451.519796550] [route_server]: Created edge cost function plugin CostmapScorer of type nav2_route::CostmapScorer
[route_server-12] [INFO] [1785623451.519813372] [route_server]: Configuring costmap scorer.
[route_server-12] [INFO] [1785623451.522632051] [route_server]: Created route operation ReroutingService of type nav2_route::ReroutingService
[route_server-12] [INFO] [1785623451.522673014] [route_server]: Configuring Rerouting service operation.
[route_server-12] [INFO] [1785623451.524848651] [route_server]: Created route operation CollisionMonitor of type nav2_route::CollisionMonitor
[route_server-12] [INFO] [1785623451.524953010] [route_server]: Using costmap topic: local_costmap/costmap_raw instead of server costmap topic: global_costmap/costmap_raw for CollisionMonitor.
[smoother_server-10] [WARN] [1785623451.527970030] []: TF_OLD_DATA ignoring data from the past for frame base_link at time 34.452000 according to authority Authority undetectable
[smoother_server-10] Possible reasons are listed at http://wiki.ros.org/tf/Errors%20explained
[planner_server-11] [WARN] [1785623451.528027871] []: TF_OLD_DATA ignoring data from the past for frame base_link at time 34.452000 according to authority Authority undetectable
[planner_server-11] Possible reasons are listed at http://wiki.ros.org/tf/Errors%20explained
[controller_server-9] [WARN] [1785623451.528032246] []: TF_OLD_DATA ignoring data from the past for frame base_link at time 34.452000 according to authority Authority undetectable
[controller_server-9] Possible reasons are listed at http://wiki.ros.org/tf/Errors%20explained
[route_server-12] [WARN] [1785623451.528261849] []: TF_OLD_DATA ignoring data from the past for frame base_link at time 34.452000 according to authority Authority undetectable
[route_server-12] Possible reasons are listed at http://wiki.ros.org/tf/Errors%20explained
[amcl-7] [WARN] [1785623451.528374167] []: TF_OLD_DATA ignoring data from the past for frame base_link at time 34.452000 according to authority Authority undetectable
[amcl-7] Possible reasons are listed at http://wiki.ros.org/tf/Errors%20explained
[lifecycle_manager-19] [INFO] [1785623451.530480405] [lifecycle_manager_navigation]: [34m[1mConfiguring behavior_server[0m[0m
[behavior_server-13] [INFO] [1785623451.530830265] [behavior_server]: Configuring
[planner_server-11] [WARN] [1785623451.536715736] []: TF_OLD_DATA ignoring data from the past for frame base_link at time 17.604000 according to authority Authority undetectable
[planner_server-11] Possible reasons are listed at http://wiki.ros.org/tf/Errors%20explained
[controller_server-9] [WARN] [1785623451.536742966] []: TF_OLD_DATA ignoring data from the past for frame base_link at time 17.604000 according to authority Authority undetectable
[controller_server-9] Possible reasons are listed at http://wiki.ros.org/tf/Errors%20explained
[amcl-7] [WARN] [1785623451.536742993] []: TF_OLD_DATA ignoring data from the past for frame base_link at time 17.604000 according to authority Authority undetectable
[amcl-7] Possible reasons are listed at http://wiki.ros.org/tf/Errors%20explained
[smoother_server-10] [WARN] [1785623451.536745636] []: TF_OLD_DATA ignoring data from the past for frame base_link at time 17.604000 according to authority Authority undetectable
[smoother_server-10] Possible reasons are listed at http://wiki.ros.org/tf/Errors%20explained
[route_server-12] [WARN] [1785623451.536790800] []: TF_OLD_DATA ignoring data from the past for frame base_link at time 17.604000 according to authority Authority undetectable
[route_server-12] Possible reasons are listed at http://wiki.ros.org/tf/Errors%20explained
[behavior_server-13] [INFO] [1785623451.537428949] [behavior_server]: Creating behavior plugin spin of type nav2_behaviors::Spin
[controller_server-9] [WARN] [1785623451.538456633] []: TF_OLD_DATA ignoring data from the past for frame base_link at time 1.872000 according to authority Authority undetectable
[controller_server-9] Possible reasons are listed at http://wiki.ros.org/tf/Errors%20explained
[planner_server-11] [WARN] [1785623451.538458150] []: TF_OLD_DATA ignoring data from the past for frame base_link at time 1.872000 according to authority Authority undetectable
[planner_server-11] Possible reasons are listed at http://wiki.ros.org/tf/Errors%20explained
[amcl-7] [WARN] [1785623451.538463830] []: TF_OLD_DATA ignoring data from the past for frame base_link at time 1.872000 according to authority Authority undetectable
[amcl-7] Possible reasons are listed at http://wiki.ros.org/tf/Errors%20explained
[smoother_server-10] [WARN] [1785623451.538485556] []: TF_OLD_DATA ignoring data from the past for frame base_link at time 1.872000 according to authority Authority undetectable
[smoother_server-10] Possible reasons are listed at http://wiki.ros.org/tf/Errors%20explained
[behavior_server-13] [WARN] [1785623451.538502925] []: TF_OLD_DATA ignoring data from the past for frame base_link at time 1.872000 according to authority Authority undetectable
[behavior_server-13] Possible reasons are listed at http://wiki.ros.org/tf/Errors%20explained
[route_server-12] [WARN] [1785623451.538727223] []: TF_OLD_DATA ignoring data from the past for frame base_link at time 1.872000 according to authority Authority undetectable
[route_server-12] Possible reasons are listed at http://wiki.ros.org/tf/Errors%20explained
[behavior_server-13] [INFO] [1785623451.538976112] [behavior_server]: Creating behavior plugin backup of type nav2_behaviors::BackUp
[behavior_server-13] [INFO] [1785623451.540044696] [behavior_server]: Creating behavior plugin drive_on_heading of type nav2_behaviors::DriveOnHeading
[behavior_server-13] [INFO] [1785623451.541008386] [behavior_server]: Creating behavior plugin assisted_teleop of type nav2_behaviors::AssistedTeleop
[behavior_server-13] [INFO] [1785623451.542958556] [behavior_server]: Creating behavior plugin wait of type nav2_behaviors::Wait
[behavior_server-13] [INFO] [1785623451.551923181] [behavior_server]: Configuring spin
[behavior_server-13] [INFO] [1785623451.563566425] [behavior_server]: Configuring backup
[amcl-7] [WARN] [1785623451.564265659] []: TF_OLD_DATA ignoring data from the past for frame base_link at time 34.488000 according to authority Authority undetectable
[amcl-7] Possible reasons are listed at http://wiki.ros.org/tf/Errors%20explained
[planner_server-11] [WARN] [1785623451.564265856] []: TF_OLD_DATA ignoring data from the past for frame base_link at time 34.488000 according to authority Authority undetectable
[planner_server-11] Possible reasons are listed at http://wiki.ros.org/tf/Errors%20explained
[behavior_server-13] [WARN] [1785623451.564308915] []: TF_OLD_DATA ignoring data from the past for frame base_link at time 34.488000 according to authority Authority undetectable
[behavior_server-13] Possible reasons are listed at http://wiki.ros.org/tf/Errors%20explained
[route_server-12] [WARN] [1785623451.564313407] []: TF_OLD_DATA ignoring data from the past for frame base_link at time 34.488000 according to authority Authority undetectable
[route_server-12] Possible reasons are listed at http://wiki.ros.org/tf/Errors%20explained
[controller_server-9] [WARN] [1785623451.564377222] []: TF_OLD_DATA ignoring data from the past for frame base_link at time 34.488000 according to authority Authority undetectable
[controller_server-9] Possible reasons are listed at http://wiki.ros.org/tf/Errors%20explained
[smoother_server-10] [WARN] [1785623451.564669039] []: TF_OLD_DATA ignoring data from the past for frame base_link at time 34.488000 according to authority Authority undetectable
[smoother_server-10] Possible reasons are listed at http://wiki.ros.org/tf/Errors%20explained
[behavior_server-13] [INFO] [1785623451.572598367] [behavior_server]: Configuring drive_on_heading
[controller_server-9] [WARN] [1785623451.572742451] []: TF_OLD_DATA ignoring data from the past for frame base_link at time 17.640000 according to authority Authority undetectable
[controller_server-9] Possible reasons are listed at http://wiki.ros.org/tf/Errors%20explained
[amcl-7] [WARN] [1785623451.572769336] []: TF_OLD_DATA ignoring data from the past for frame base_link at time 17.640000 according to authority Authority undetectable
[amcl-7] Possible reasons are listed at http://wiki.ros.org/tf/Errors%20explained
[planner_server-11] [WARN] [1785623451.572770154] []: TF_OLD_DATA ignoring data from the past for frame base_link at time 17.640000 according to authority Authority undetectable
[planner_server-11] Possible reasons are listed at http://wiki.ros.org/tf/Errors%20explained
[smoother_server-10] [WARN] [1785623451.572778734] []: TF_OLD_DATA ignoring data from the past for frame base_link at time 17.640000 according to authority Authority undetectable
[smoother_server-10] Possible reasons are listed at http://wiki.ros.org/tf/Errors%20explained
[route_server-12] [WARN] [1785623451.572778866] []: TF_OLD_DATA ignoring data from the past for frame base_link at time 17.640000 according to authority Authority undetectable
[route_server-12] Possible reasons are listed at http://wiki.ros.org/tf/Errors%20explained
[behavior_server-13] [WARN] [1785623451.572797017] []: TF_OLD_DATA ignoring data from the past for frame base_link at time 17.640000 according to authority Authority undetectable
[behavior_server-13] Possible reasons are listed at http://wiki.ros.org/tf/Errors%20explained
[smoother_server-10] [WARN] [1785623451.574577340] []: TF_OLD_DATA ignoring data from the past for frame base_link at time 1.908000 according to authority Authority undetectable
[smoother_server-10] Possible reasons are listed at http://wiki.ros.org/tf/Errors%20explained
[controller_server-9] [WARN] [1785623451.574580014] []: TF_OLD_DATA ignoring data from the past for frame base_link at time 1.908000 according to authority Authority undetectable
[controller_server-9] Possible reasons are listed at http://wiki.ros.org/tf/Errors%20explained
[route_server-12] [WARN] [1785623451.574588200] []: TF_OLD_DATA ignoring data from the past for frame base_link at time 1.908000 according to authority Authority undetectable
[route_server-12] Possible reasons are listed at http://wiki.ros.org/tf/Errors%20explained
[amcl-7] [WARN] [1785623451.574592847] []: TF_OLD_DATA ignoring data from the past for frame base_link at time 1.908000 according to authority Authority undetectable
[amcl-7] Possible reasons are listed at http://wiki.ros.org/tf/Errors%20explained
[planner_server-11] [WARN] [1785623451.574604590] []: TF_OLD_DATA ignoring data from the past for frame base_link at time 1.908000 according to authority Authority undetectable
[planner_server-11] Possible reasons are listed at http://wiki.ros.org/tf/Errors%20explained
[behavior_server-13] [WARN] [1785623451.575019931] []: TF_OLD_DATA ignoring data from the past for frame base_link at time 1.908000 according to authority Authority undetectable
[behavior_server-13] Possible reasons are listed at http://wiki.ros.org/tf/Errors%20explained
[behavior_server-13] [INFO] [1785623451.581218240] [behavior_server]: Configuring assisted_teleop
[behavior_server-13] [INFO] [1785623451.590052284] [behavior_server]: Configuring wait
[lifecycle_manager-19] [INFO] [1785623451.597646003] [lifecycle_manager_navigation]: [34m[1mConfiguring velocity_smoother[0m[0m
[velocity_smoother-16] [INFO] [1785623451.597951408] [velocity_smoother]: Configuring velocity smoother
[controller_server-9] [WARN] [1785623451.599877856] []: TF_OLD_DATA ignoring data from the past for frame base_link at time 34.524000 according to authority Authority undetectable
[controller_server-9] Possible reasons are listed at http://wiki.ros.org/tf/Errors%20explained
[planner_server-11] [WARN] [1785623451.599872614] []: TF_OLD_DATA ignoring data from the past for frame base_link at time 34.524000 according to authority Authority undetectable
[planner_server-11] Possible reasons are listed at http://wiki.ros.org/tf/Errors%20explained
[behavior_server-13] [WARN] [1785623451.599888043] []: TF_OLD_DATA ignoring data from the past for frame base_link at time 34.524000 according to authority Authority undetectable
[behavior_server-13] Possible reasons are listed at http://wiki.ros.org/tf/Errors%20explained
[smoother_server-10] [WARN] [1785623451.599907797] []: TF_OLD_DATA ignoring data from the past for frame base_link at time 34.524000 according to authority Authority undetectable
[smoother_server-10] Possible reasons are listed at http://wiki.ros.org/tf/Errors%20explained
[amcl-7] [WARN] [1785623451.599982050] []: TF_OLD_DATA ignoring data from the past for frame base_link at time 34.524000 according to authority Authority undetectable
[amcl-7] Possible reasons are listed at http://wiki.ros.org/tf/Errors%20explained
[route_server-12] [WARN] [1785623451.601310670] []: TF_OLD_DATA ignoring data from the past for frame base_link at time 34.524000 according to authority Authority undetectable
[route_server-12] Possible reasons are listed at http://wiki.ros.org/tf/Errors%20explained
[lifecycle_manager-19] [INFO] [1785623451.605662698] [lifecycle_manager_navigation]: [34m[1mConfiguring collision_monitor[0m[0m
[collision_monitor-17] [INFO] [1785623451.606215695] [collision_monitor]: Configuring
[smoother_server-10] [WARN] [1785623451.608451722] []: TF_OLD_DATA ignoring data from the past for frame base_link at time 17.676000 according to authority Authority undetectable
[smoother_server-10] Possible reasons are listed at http://wiki.ros.org/tf/Errors%20explained
[controller_server-9] [WARN] [1785623451.608451727] []: TF_OLD_DATA ignoring data from the past for frame base_link at time 17.676000 according to authority Authority undetectable
[controller_server-9] Possible reasons are listed at http://wiki.ros.org/tf/Errors%20explained
[planner_server-11] [WARN] [1785623451.608451604] []: TF_OLD_DATA ignoring data from the past for frame base_link at time 17.676000 according to authority Authority undetectable
[planner_server-11] Possible reasons are listed at http://wiki.ros.org/tf/Errors%20explained
[route_server-12] [WARN] [1785623451.608476034] []: TF_OLD_DATA ignoring data from the past for frame base_link at time 17.676000 according to authority Authority undetectable
[route_server-12] Possible reasons are listed at http://wiki.ros.org/tf/Errors%20explained
[amcl-7] [WARN] [1785623451.608593248] []: TF_OLD_DATA ignoring data from the past for frame base_link at time 17.676000 according to authority Authority undetectable
[amcl-7] Possible reasons are listed at http://wiki.ros.org/tf/Errors%20explained
[behavior_server-13] [WARN] [1785623451.608716568] []: TF_OLD_DATA ignoring data from the past for frame base_link at time 17.676000 according to authority Authority undetectable
[behavior_server-13] Possible reasons are listed at http://wiki.ros.org/tf/Errors%20explained
[smoother_server-10] [WARN] [1785623451.610705384] []: TF_OLD_DATA ignoring data from the past for frame base_link at time 1.944000 according to authority Authority undetectable
[smoother_server-10] Possible reasons are listed at http://wiki.ros.org/tf/Errors%20explained
[amcl-7] [WARN] [1785623451.610713140] []: TF_OLD_DATA ignoring data from the past for frame base_link at time 1.944000 according to authority Authority undetectable
[amcl-7] Possible reasons are listed at http://wiki.ros.org/tf/Errors%20explained
[controller_server-9] [WARN] [1785623451.610856969] []: TF_OLD_DATA ignoring data from the past for frame base_link at time 1.944000 according to authority Authority undetectable
[controller_server-9] Possible reasons are listed at http://wiki.ros.org/tf/Errors%20explained
[route_server-12] [WARN] [1785623451.611123118] []: TF_OLD_DATA ignoring data from the past for frame base_link at time 1.944000 according to authority Authority undetectable
[route_server-12] Possible reasons are listed at http://wiki.ros.org/tf/Errors%20explained
[planner_server-11] [WARN] [1785623451.611493512] []: TF_OLD_DATA ignoring data from the past for frame base_link at time 1.944000 according to authority Authority undetectable
[planner_server-11] Possible reasons are listed at http://wiki.ros.org/tf/Errors%20explained
[behavior_server-13] [WARN] [1785623451.611723554] []: TF_OLD_DATA ignoring data from the past for frame base_link at time 1.944000 according to authority Authority undetectable
[behavior_server-13] Possible reasons are listed at http://wiki.ros.org/tf/Errors%20explained
[collision_monitor-17] [INFO] [1785623451.615464448] [collision_monitor]: [scan]: Creating Scan
[collision_monitor-17] [INFO] [1785623451.619662719] [collision_monitor]: [FootprintApproach]: Creating Polygon
[collision_monitor-17] [INFO] [1785623451.619949841] [collision_monitor]: [FootprintApproach]: Polygon points are not defined. Using dynamic subscription instead.
[collision_monitor-17] [INFO] [1785623451.620666628] [collision_monitor]: [FootprintApproach]: Making footprint subscriber on /local_costmap/published_footprint topic
[planner_server-11] [WARN] [1785623451.635721606] []: TF_OLD_DATA ignoring data from the past for frame base_link at time 34.560000 according to authority Authority undetectable
[planner_server-11] Possible reasons are listed at http://wiki.ros.org/tf/Errors%20explained
[controller_server-9] [WARN] [1785623451.635719117] []: TF_OLD_DATA ignoring data from the past for frame base_link at time 34.560000 according to authority Authority undetectable
[controller_server-9] Possible reasons are listed at http://wiki.ros.org/tf/Errors%20explained
[route_server-12] [WARN] [1785623451.635731580] []: TF_OLD_DATA ignoring data from the past for frame base_link at time 34.560000 according to authority Authority undetectable
[route_server-12] Possible reasons are listed at http://wiki.ros.org/tf/Errors%20explained
[amcl-7] [WARN] [1785623451.635747061] []: TF_OLD_DATA ignoring data from the past for frame base_link at time 34.560000 according to authority Authority undetectable
[amcl-7] Possible reasons are listed at http://wiki.ros.org/tf/Errors%20explained
[smoother_server-10] [WARN] [1785623451.635841722] []: TF_OLD_DATA ignoring data from the past for frame base_link at time 34.560000 according to authority Authority undetectable
[smoother_server-10] Possible reasons are listed at http://wiki.ros.org/tf/Errors%20explained
[behavior_server-13] [WARN] [1785623451.635877563] []: TF_OLD_DATA ignoring data from the past for frame base_link at time 34.560000 according to authority Authority undetectable
[behavior_server-13] Possible reasons are listed at http://wiki.ros.org/tf/Errors%20explained
[collision_monitor-17] [WARN] [1785623451.635939553] []: TF_OLD_DATA ignoring data from the past for frame base_link at time 34.560000 according to authority Authority undetectable
[collision_monitor-17] Possible reasons are listed at http://wiki.ros.org/tf/Errors%20explained
[lifecycle_manager-19] [INFO] [1785623451.636310331] [lifecycle_manager_navigation]: [34m[1mConfiguring bt_navigator[0m[0m
[bt_navigator-14] [INFO] [1785623451.636533259] [bt_navigator]: Configuring
[bt_navigator-14] [INFO] [1785623451.644103407] [bt_navigator]: Creating navigator id navigate_to_pose of type nav2_bt_navigator::NavigateToPoseNavigator
[controller_server-9] [WARN] [1785623451.644871750] []: TF_OLD_DATA ignoring data from the past for frame base_link at time 17.712000 according to authority Authority undetectable
[controller_server-9] Possible reasons are listed at http://wiki.ros.org/tf/Errors%20explained
[amcl-7] [WARN] [1785623451.644896976] []: TF_OLD_DATA ignoring data from the past for frame base_link at time 17.712000 according to authority Authority undetectable
[amcl-7] Possible reasons are listed at http://wiki.ros.org/tf/Errors%20explained
[collision_monitor-17] [WARN] [1785623451.644957381] []: TF_OLD_DATA ignoring data from the past for frame base_link at time 17.712000 according to authority Authority undetectable
[collision_monitor-17] Possible reasons are listed at http://wiki.ros.org/tf/Errors%20explained
[route_server-12] [WARN] [1785623451.644961814] []: TF_OLD_DATA ignoring data from the past for frame base_link at time 17.712000 according to authority Authority undetectable
[route_server-12] Possible reasons are listed at http://wiki.ros.org/tf/Errors%20explained
[planner_server-11] [WARN] [1785623451.644967641] []: TF_OLD_DATA ignoring data from the past for frame base_link at time 17.712000 according to authority Authority undetectable
[planner_server-11] Possible reasons are listed at http://wiki.ros.org/tf/Errors%20explained
[behavior_server-13] [WARN] [1785623451.645026051] []: TF_OLD_DATA ignoring data from the past for frame base_link at time 17.712000 according to authority Authority undetectable
[behavior_server-13] Possible reasons are listed at http://wiki.ros.org/tf/Errors%20explained
[smoother_server-10] [WARN] [1785623451.644887736] []: TF_OLD_DATA ignoring data from the past for frame base_link at time 17.712000 according to authority Authority undetectable
[smoother_server-10] Possible reasons are listed at http://wiki.ros.org/tf/Errors%20explained
[route_server-12] [WARN] [1785623451.647097333] []: TF_OLD_DATA ignoring data from the past for frame base_link at time 1.980000 according to authority Authority undetectable
[route_server-12] Possible reasons are listed at http://wiki.ros.org/tf/Errors%20explained
[smoother_server-10] [WARN] [1785623451.647106487] []: TF_OLD_DATA ignoring data from the past for frame base_link at time 1.980000 according to authority Authority undetectable
[smoother_server-10] Possible reasons are listed at http://wiki.ros.org/tf/Errors%20explained
[bt_navigator-14] [WARN] [1785623451.647116358] []: TF_OLD_DATA ignoring data from the past for frame base_link at time 1.980000 according to authority Authority undetectable
[bt_navigator-14] Possible reasons are listed at http://wiki.ros.org/tf/Errors%20explained
[controller_server-9] [WARN] [1785623451.647140161] []: TF_OLD_DATA ignoring data from the past for frame base_link at time 1.980000 according to authority Authority undetectable
[controller_server-9] Possible reasons are listed at http://wiki.ros.org/tf/Errors%20explained
[amcl-7] [WARN] [1785623451.647206337] []: TF_OLD_DATA ignoring data from the past for frame base_link at time 1.980000 according to authority Authority undetectable
[amcl-7] Possible reasons are listed at http://wiki.ros.org/tf/Errors%20explained
[planner_server-11] [WARN] [1785623451.647231575] []: TF_OLD_DATA ignoring data from the past for frame base_link at time 1.980000 according to authority Authority undetectable
[planner_server-11] Possible reasons are listed at http://wiki.ros.org/tf/Errors%20explained
[collision_monitor-17] [WARN] [1785623451.647258872] []: TF_OLD_DATA ignoring data from the past for frame base_link at time 1.980000 according to authority Authority undetectable
[collision_monitor-17] Possible reasons are listed at http://wiki.ros.org/tf/Errors%20explained
[behavior_server-13] [WARN] [1785623451.647504524] []: TF_OLD_DATA ignoring data from the past for frame base_link at time 1.980000 according to authority Authority undetectable
[behavior_server-13] Possible reasons are listed at http://wiki.ros.org/tf/Errors%20explained
[collision_monitor-17] [WARN] [1785623451.673663499] []: TF_OLD_DATA ignoring data from the past for frame base_link at time 34.596000 according to authority Authority undetectable
[collision_monitor-17] Possible reasons are listed at http://wiki.ros.org/tf/Errors%20explained
[behavior_server-13] [WARN] [1785623451.673754563] []: TF_OLD_DATA ignoring data from the past for frame base_link at time 34.596000 according to authority Authority undetectable
[behavior_server-13] Possible reasons are listed at http://wiki.ros.org/tf/Errors%20explained
[bt_navigator-14] [WARN] [1785623451.673842619] []: TF_OLD_DATA ignoring data from the past for frame base_link at time 34.596000 according to authority Authority undetectable
[bt_navigator-14] Possible reasons are listed at http://wiki.ros.org/tf/Errors%20explained
[amcl-7] [WARN] [1785623451.673875488] []: TF_OLD_DATA ignoring data from the past for frame base_link at time 34.596000 according to authority Authority undetectable
[amcl-7] Possible reasons are listed at http://wiki.ros.org/tf/Errors%20explained
[controller_server-9] [WARN] [1785623451.673963994] []: TF_OLD_DATA ignoring data from the past for frame base_link at time 34.596000 according to authority Authority undetectable
[controller_server-9] Possible reasons are listed at http://wiki.ros.org/tf/Errors%20explained
[planner_server-11] [WARN] [1785623451.674679971] []: TF_OLD_DATA ignoring data from the past for frame base_link at time 34.596000 according to authority Authority undetectable
[planner_server-11] Possible reasons are listed at http://wiki.ros.org/tf/Errors%20explained
[route_server-12] [WARN] [1785623451.676655051] []: TF_OLD_DATA ignoring data from the past for frame base_link at time 34.596000 according to authority Authority undetectable
[route_server-12] Possible reasons are listed at http://wiki.ros.org/tf/Errors%20explained
[smoother_server-10] [WARN] [1785623451.676734739] []: TF_OLD_DATA ignoring data from the past for frame base_link at time 34.596000 according to authority Authority undetectable
[smoother_server-10] Possible reasons are listed at http://wiki.ros.org/tf/Errors%20explained
[smoother_server-10] [WARN] [1785623451.680773689] []: TF_OLD_DATA ignoring data from the past for frame base_link at time 17.748000 according to authority Authority undetectable
[smoother_server-10] Possible reasons are listed at http://wiki.ros.org/tf/Errors%20explained
[behavior_server-13] [WARN] [1785623451.680782297] []: TF_OLD_DATA ignoring data from the past for frame base_link at time 17.748000 according to authority Authority undetectable
[behavior_server-13] Possible reasons are listed at http://wiki.ros.org/tf/Errors%20explained
[route_server-12] [WARN] [1785623451.680798470] []: TF_OLD_DATA ignoring data from the past for frame base_link at time 17.748000 according to authority Authority undetectable
[route_server-12] Possible reasons are listed at http://wiki.ros.org/tf/Errors%20explained
[controller_server-9] [WARN] [1785623451.680825141] []: TF_OLD_DATA ignoring data from the past for frame base_link at time 17.748000 according to authority Authority undetectable
[controller_server-9] Possible reasons are listed at http://wiki.ros.org/tf/Errors%20explained
[amcl-7] [WARN] [1785623451.680846189] []: TF_OLD_DATA ignoring data from the past for frame base_link at time 17.748000 according to authority Authority undetectable
[amcl-7] Possible reasons are listed at http://wiki.ros.org/tf/Errors%20explained
[planner_server-11] [WARN] [1785623451.680863473] []: TF_OLD_DATA ignoring data from the past for frame base_link at time 17.748000 according to authority Authority undetectable
[planner_server-11] Possible reasons are listed at http://wiki.ros.org/tf/Errors%20explained
[collision_monitor-17] [WARN] [1785623451.680866378] []: TF_OLD_DATA ignoring data from the past for frame base_link at time 17.748000 according to authority Authority undetectable
[collision_monitor-17] Possible reasons are listed at http://wiki.ros.org/tf/Errors%20explained
[bt_navigator-14] [WARN] [1785623451.680942389] []: TF_OLD_DATA ignoring data from the past for frame base_link at time 17.748000 according to authority Authority undetectable
[bt_navigator-14] Possible reasons are listed at http://wiki.ros.org/tf/Errors%20explained
[smoother_server-10] [WARN] [1785623451.682557033] []: TF_OLD_DATA ignoring data from the past for frame base_link at time 2.016000 according to authority Authority undetectable
[smoother_server-10] Possible reasons are listed at http://wiki.ros.org/tf/Errors%20explained
[collision_monitor-17] [WARN] [1785623451.682558739] []: TF_OLD_DATA ignoring data from the past for frame base_link at time 2.016000 according to authority Authority undetectable
[collision_monitor-17] Possible reasons are listed at http://wiki.ros.org/tf/Errors%20explained
[planner_server-11] [WARN] [1785623451.682580962] []: TF_OLD_DATA ignoring data from the past for frame base_link at time 2.016000 according to authority Authority undetectable
[planner_server-11] Possible reasons are listed at http://wiki.ros.org/tf/Errors%20explained
[bt_navigator-14] [WARN] [1785623451.682580654] []: TF_OLD_DATA ignoring data from the past for frame base_link at time 2.016000 according to authority Authority undetectable
[bt_navigator-14] Possible reasons are listed at http://wiki.ros.org/tf/Errors%20explained
[behavior_server-13] [WARN] [1785623451.682584056] []: TF_OLD_DATA ignoring data from the past for frame base_link at time 2.016000 according to authority Authority undetectable
[behavior_server-13] Possible reasons are listed at http://wiki.ros.org/tf/Errors%20explained
[amcl-7] [WARN] [1785623451.682600179] []: TF_OLD_DATA ignoring data from the past for frame base_link at time 2.016000 according to authority Authority undetectable
[amcl-7] Possible reasons are listed at http://wiki.ros.org/tf/Errors%20explained
[controller_server-9] [WARN] [1785623451.682893420] []: TF_OLD_DATA ignoring data from the past for frame base_link at time 2.016000 according to authority Authority undetectable
[controller_server-9] Possible reasons are listed at http://wiki.ros.org/tf/Errors%20explained
[route_server-12] [WARN] [1785623451.683790710] []: TF_OLD_DATA ignoring data from the past for frame base_link at time 2.016000 according to authority Authority undetectable
[route_server-12] Possible reasons are listed at http://wiki.ros.org/tf/Errors%20explained
[planner_server-11] [WARN] [1785623451.707805138] []: TF_OLD_DATA ignoring data from the past for frame base_link at time 34.632000 according to authority Authority undetectable
[planner_server-11] Possible reasons are listed at http://wiki.ros.org/tf/Errors%20explained
[route_server-12] [WARN] [1785623451.707873186] []: TF_OLD_DATA ignoring data from the past for frame base_link at time 34.632000 according to authority Authority undetectable
[route_server-12] Possible reasons are listed at http://wiki.ros.org/tf/Errors%20explained
[amcl-7] [WARN] [1785623451.707883811] []: TF_OLD_DATA ignoring data from the past for frame base_link at time 34.632000 according to authority Authority undetectable
[amcl-7] Possible reasons are listed at http://wiki.ros.org/tf/Errors%20explained
[smoother_server-10] [WARN] [1785623451.707895800] []: TF_OLD_DATA ignoring data from the past for frame base_link at time 34.632000 according to authority Authority undetectable
[smoother_server-10] Possible reasons are listed at http://wiki.ros.org/tf/Errors%20explained
[behavior_server-13] [WARN] [1785623451.707945575] []: TF_OLD_DATA ignoring data from the past for frame base_link at time 34.632000 according to authority Authority undetectable
[behavior_server-13] Possible reasons are listed at http://wiki.ros.org/tf/Errors%20explained
[bt_navigator-14] [WARN] [1785623451.707980034] []: TF_OLD_DATA ignoring data from the past for frame base_link at time 34.632000 according to authority Authority undetectable
[bt_navigator-14] Possible reasons are listed at http://wiki.ros.org/tf/Errors%20explained
[controller_server-9] [WARN] [1785623451.708031522] []: TF_OLD_DATA ignoring data from the past for frame base_link at time 34.632000 according to authority Authority undetectable
[controller_server-9] Possible reasons are listed at http://wiki.ros.org/tf/Errors%20explained
[collision_monitor-17] [WARN] [1785623451.708293302] []: TF_OLD_DATA ignoring data from the past for frame base_link at time 34.632000 according to authority Authority undetectable
[collision_monitor-17] Possible reasons are listed at http://wiki.ros.org/tf/Errors%20explained
[planner_server-11] [WARN] [1785623451.716564141] []: TF_OLD_DATA ignoring data from the past for frame base_link at time 17.784000 according to authority Authority undetectable
[planner_server-11] Possible reasons are listed at http://wiki.ros.org/tf/Errors%20explained
[bt_navigator-14] [WARN] [1785623451.716594734] []: TF_OLD_DATA ignoring data from the past for frame base_link at time 17.784000 according to authority Authority undetectable
[bt_navigator-14] Possible reasons are listed at http://wiki.ros.org/tf/Errors%20explained
[amcl-7] [WARN] [1785623451.716604323] []: TF_OLD_DATA ignoring data from the past for frame base_link at time 17.784000 according to authority Authority undetectable
[amcl-7] Possible reasons are listed at http://wiki.ros.org/tf/Errors%20explained
[controller_server-9] [WARN] [1785623451.716624465] []: TF_OLD_DATA ignoring data from the past for frame base_link at time 17.784000 according to authority Authority undetectable
[controller_server-9] Possible reasons are listed at http://wiki.ros.org/tf/Errors%20explained
[smoother_server-10] [WARN] [1785623451.716652927] []: TF_OLD_DATA ignoring data from the past for frame base_link at time 17.784000 according to authority Authority undetectable
[smoother_server-10] Possible reasons are listed at http://wiki.ros.org/tf/Errors%20explained
[collision_monitor-17] [WARN] [1785623451.716656705] []: TF_OLD_DATA ignoring data from the past for frame base_link at time 17.784000 according to authority Authority undetectable
[collision_monitor-17] Possible reasons are listed at http://wiki.ros.org/tf/Errors%20explained
[behavior_server-13] [WARN] [1785623451.716672689] []: TF_OLD_DATA ignoring data from the past for frame base_link at time 17.784000 according to authority Authority undetectable
[behavior_server-13] Possible reasons are listed at http://wiki.ros.org/tf/Errors%20explained
[route_server-12] [WARN] [1785623451.717074930] []: TF_OLD_DATA ignoring data from the past for frame base_link at time 17.784000 according to authority Authority undetectable
[route_server-12] Possible reasons are listed at http://wiki.ros.org/tf/Errors%20explained
[amcl-7] [WARN] [1785623451.718491506] []: TF_OLD_DATA ignoring data from the past for frame base_link at time 2.052000 according to authority Authority undetectable
[amcl-7] Possible reasons are listed at http://wiki.ros.org/tf/Errors%20explained
[planner_server-11] [WARN] [1785623451.718491090] []: TF_OLD_DATA ignoring data from the past for frame base_link at time 2.052000 according to authority Authority undetectable
[planner_server-11] Possible reasons are listed at http://wiki.ros.org/tf/Errors%20explained
[behavior_server-13] [WARN] [1785623451.718507722] []: TF_OLD_DATA ignoring data from the past for frame base_link at time 2.052000 according to authority Authority undetectable
[behavior_server-13] Possible reasons are listed at http://wiki.ros.org/tf/Errors%20explained
[smoother_server-10] [WARN] [1785623451.718532738] []: TF_OLD_DATA ignoring data from the past for frame base_link at time 2.052000 according to authority Authority undetectable
[smoother_server-10] Possible reasons are listed at http://wiki.ros.org/tf/Errors%20explained
[controller_server-9] [WARN] [1785623451.718544360] []: TF_OLD_DATA ignoring data from the past for frame base_link at time 2.052000 according to authority Authority undetectable
[controller_server-9] Possible reasons are listed at http://wiki.ros.org/tf/Errors%20explained
[collision_monitor-17] [WARN] [1785623451.718553736] []: TF_OLD_DATA ignoring data from the past for frame base_link at time 2.052000 according to authority Authority undetectable
[collision_monitor-17] Possible reasons are listed at http://wiki.ros.org/tf/Errors%20explained
[bt_navigator-14] [WARN] [1785623451.718577515] []: TF_OLD_DATA ignoring data from the past for frame base_link at time 2.052000 according to authority Authority undetectable
[bt_navigator-14] Possible reasons are listed at http://wiki.ros.org/tf/Errors%20explained
[route_server-12] [WARN] [1785623451.718605229] []: TF_OLD_DATA ignoring data from the past for frame base_link at time 2.052000 according to authority Authority undetectable
[route_server-12] Possible reasons are listed at http://wiki.ros.org/tf/Errors%20explained
[bt_navigator-14] [INFO] [1785623451.731544072] [bt_navigator]: Creating navigator id navigate_through_poses of type nav2_bt_navigator::NavigateThroughPosesNavigator
[controller_server-9] [WARN] [1785623451.744045286] []: TF_OLD_DATA ignoring data from the past for frame base_link at time 34.668000 according to authority Authority undetectable
[controller_server-9] Possible reasons are listed at http://wiki.ros.org/tf/Errors%20explained
[bt_navigator-14] [WARN] [1785623451.744072380] []: TF_OLD_DATA ignoring data from the past for frame base_link at time 34.668000 according to authority Authority undetectable
[bt_navigator-14] Possible reasons are listed at http://wiki.ros.org/tf/Errors%20explained
[route_server-12] [WARN] [1785623451.744091171] []: TF_OLD_DATA ignoring data from the past for frame base_link at time 34.668000 according to authority Authority undetectable
[route_server-12] Possible reasons are listed at http://wiki.ros.org/tf/Errors%20explained
[behavior_server-13] [WARN] [1785623451.744155491] []: TF_OLD_DATA ignoring data from the past for frame base_link at time 34.668000 according to authority Authority undetectable
[behavior_server-13] Possible reasons are listed at http://wiki.ros.org/tf/Errors%20explained
[smoother_server-10] [WARN] [1785623451.744207006] []: TF_OLD_DATA ignoring data from the past for frame base_link at time 34.668000 according to authority Authority undetectable
[smoother_server-10] Possible reasons are listed at http://wiki.ros.org/tf/Errors%20explained
[collision_monitor-17] [WARN] [1785623451.744264455] []: TF_OLD_DATA ignoring data from the past for frame base_link at time 34.668000 according to authority Authority undetectable
[collision_monitor-17] Possible reasons are listed at http://wiki.ros.org/tf/Errors%20explained
[amcl-7] [WARN] [1785623451.744746931] []: TF_OLD_DATA ignoring data from the past for frame base_link at time 34.668000 according to authority Authority undetectable
[amcl-7] Possible reasons are listed at http://wiki.ros.org/tf/Errors%20explained
[planner_server-11] [WARN] [1785623451.744776244] []: TF_OLD_DATA ignoring data from the past for frame base_link at time 34.668000 according to authority Authority undetectable
[planner_server-11] Possible reasons are listed at http://wiki.ros.org/tf/Errors%20explained
[bt_navigator-14] [WARN] [1785623451.753274751] []: TF_OLD_DATA ignoring data from the past for frame base_link at time 17.820000 according to authority Authority undetectable
[bt_navigator-14] Possible reasons are listed at http://wiki.ros.org/tf/Errors%20explained
[route_server-12] [WARN] [1785623451.753274736] []: TF_OLD_DATA ignoring data from the past for frame base_link at time 17.820000 according to authority Authority undetectable
[route_server-12] Possible reasons are listed at http://wiki.ros.org/tf/Errors%20explained
[controller_server-9] [WARN] [1785623451.753273934] []: TF_OLD_DATA ignoring data from the past for frame base_link at time 17.820000 according to authority Authority undetectable
[controller_server-9] Possible reasons are listed at http://wiki.ros.org/tf/Errors%20explained
[behavior_server-13] [WARN] [1785623451.753321183] []: TF_OLD_DATA ignoring data from the past for frame base_link at time 17.820000 according to authority Authority undetectable
[behavior_server-13] Possible reasons are listed at http://wiki.ros.org/tf/Errors%20explained
[collision_monitor-17] [WARN] [1785623451.753344694] []: TF_OLD_DATA ignoring data from the past for frame base_link at time 17.820000 according to authority Authority undetectable
[collision_monitor-17] Possible reasons are listed at http://wiki.ros.org/tf/Errors%20explained
[planner_server-11] [WARN] [1785623451.753356243] []: TF_OLD_DATA ignoring data from the past for frame base_link at time 17.820000 according to authority Authority undetectable
[planner_server-11] Possible reasons are listed at http://wiki.ros.org/tf/Errors%20explained
[amcl-7] [WARN] [1785623451.753372673] []: TF_OLD_DATA ignoring data from the past for frame base_link at time 17.820000 according to authority Authority undetectable
[amcl-7] Possible reasons are listed at http://wiki.ros.org/tf/Errors%20explained
[smoother_server-10] [WARN] [1785623451.753406549] []: TF_OLD_DATA ignoring data from the past for frame base_link at time 17.820000 according to authority Authority undetectable
[smoother_server-10] Possible reasons are listed at http://wiki.ros.org/tf/Errors%20explained
[route_server-12] [WARN] [1785623451.755163953] []: TF_OLD_DATA ignoring data from the past for frame base_link at time 2.088000 according to authority Authority undetectable
[route_server-12] Possible reasons are listed at http://wiki.ros.org/tf/Errors%20explained
[amcl-7] [WARN] [1785623451.755180713] []: TF_OLD_DATA ignoring data from the past for frame base_link at time 2.088000 according to authority Authority undetectable
[amcl-7] Possible reasons are listed at http://wiki.ros.org/tf/Errors%20explained
[controller_server-9] [WARN] [1785623451.755209448] []: TF_OLD_DATA ignoring data from the past for frame base_link at time 2.088000 according to authority Authority undetectable
[controller_server-9] Possible reasons are listed at http://wiki.ros.org/tf/Errors%20explained
[smoother_server-10] [WARN] [1785623451.755253574] []: TF_OLD_DATA ignoring data from the past for frame base_link at time 2.088000 according to authority Authority undetectable
[smoother_server-10] Possible reasons are listed at http://wiki.ros.org/tf/Errors%20explained
[bt_navigator-14] [WARN] [1785623451.755564512] []: TF_OLD_DATA ignoring data from the past for frame base_link at time 2.088000 according to authority Authority undetectable
[bt_navigator-14] Possible reasons are listed at http://wiki.ros.org/tf/Errors%20explained
[collision_monitor-17] [WARN] [1785623451.755579003] []: TF_OLD_DATA ignoring data from the past for frame base_link at time 2.088000 according to authority Authority undetectable
[collision_monitor-17] Possible reasons are listed at http://wiki.ros.org/tf/Errors%20explained
[planner_server-11] [WARN] [1785623451.755771980] []: TF_OLD_DATA ignoring data from the past for frame base_link at time 2.088000 according to authority Authority undetectable
[planner_server-11] Possible reasons are listed at http://wiki.ros.org/tf/Errors%20explained
[behavior_server-13] [WARN] [1785623451.756149763] []: TF_OLD_DATA ignoring data from the past for frame base_link at time 2.088000 according to authority Authority undetectable
[behavior_server-13] Possible reasons are listed at http://wiki.ros.org/tf/Errors%20explained
[lifecycle_manager-19] [INFO] [1785623451.770068938] [lifecycle_manager_navigation]: [34m[1mConfiguring waypoint_follower[0m[0m
[waypoint_follower-15] [INFO] [1785623451.770487308] [waypoint_follower]: Configuring
[controller_server-9] [WARN] [1785623451.779721662] []: TF_OLD_DATA ignoring data from the past for frame base_link at time 34.704000 according to authority Authority undetectable
[controller_server-9] Possible reasons are listed at http://wiki.ros.org/tf/Errors%20explained
[planner_server-11] [WARN] [1785623451.779731506] []: TF_OLD_DATA ignoring data from the past for frame base_link at time 34.704000 according to authority Authority undetectable
[planner_server-11] Possible reasons are listed at http://wiki.ros.org/tf/Errors%20explained
[amcl-7] [WARN] [1785623451.779750900] []: TF_OLD_DATA ignoring data from the past for frame base_link at time 34.704000 according to authority Authority undetectable
[amcl-7] Possible reasons are listed at http://wiki.ros.org/tf/Errors%20explained
[collision_monitor-17] [WARN] [1785623451.779765906] []: TF_OLD_DATA ignoring data from the past for frame base_link at time 34.704000 according to authority Authority undetectable
[collision_monitor-17] Possible reasons are listed at http://wiki.ros.org/tf/Errors%20explained
[behavior_server-13] [WARN] [1785623451.779764578] []: TF_OLD_DATA ignoring data from the past for frame base_link at time 34.704000 according to authority Authority undetectable
[behavior_server-13] Possible reasons are listed at http://wiki.ros.org/tf/Errors%20explained
[smoother_server-10] [WARN] [1785623451.779780661] []: TF_OLD_DATA ignoring data from the past for frame base_link at time 34.704000 according to authority Authority undetectable
[smoother_server-10] Possible reasons are listed at http://wiki.ros.org/tf/Errors%20explained
[bt_navigator-14] [WARN] [1785623451.779855862] []: TF_OLD_DATA ignoring data from the past for frame base_link at time 34.704000 according to authority Authority undetectable
[bt_navigator-14] Possible reasons are listed at http://wiki.ros.org/tf/Errors%20explained
[route_server-12] [WARN] [1785623451.780061462] []: TF_OLD_DATA ignoring data from the past for frame base_link at time 34.704000 according to authority Authority undetectable
[route_server-12] Possible reasons are listed at http://wiki.ros.org/tf/Errors%20explained
[amcl-7] [WARN] [1785623451.789615363] []: TF_OLD_DATA ignoring data from the past for frame base_link at time 17.856000 according to authority Authority undetectable
[amcl-7] Possible reasons are listed at http://wiki.ros.org/tf/Errors%20explained
[route_server-12] [WARN] [1785623451.789636065] []: TF_OLD_DATA ignoring data from the past for frame base_link at time 17.856000 according to authority Authority undetectable
[route_server-12] Possible reasons are listed at http://wiki.ros.org/tf/Errors%20explained
[planner_server-11] [WARN] [1785623451.790284640] []: TF_OLD_DATA ignoring data from the past for frame base_link at time 17.856000 according to authority Authority undetectable
[planner_server-11] Possible reasons are listed at http://wiki.ros.org/tf/Errors%20explained
[smoother_server-10] [WARN] [1785623451.790296049] []: TF_OLD_DATA ignoring data from the past for frame base_link at time 17.856000 according to authority Authority undetectable
[smoother_server-10] Possible reasons are listed at http://wiki.ros.org/tf/Errors%20explained
[controller_server-9] [WARN] [1785623451.790313627] []: TF_OLD_DATA ignoring data from the past for frame base_link at time 17.856000 according to authority Authority undetectable
[controller_server-9] Possible reasons are listed at http://wiki.ros.org/tf/Errors%20explained
[bt_navigator-14] [WARN] [1785623451.790413469] []: TF_OLD_DATA ignoring data from the past for frame base_link at time 17.856000 according to authority Authority undetectable
[bt_navigator-14] Possible reasons are listed at http://wiki.ros.org/tf/Errors%20explained
[behavior_server-13] [WARN] [1785623451.790822001] []: TF_OLD_DATA ignoring data from the past for frame base_link at time 17.856000 according to authority Authority undetectable
[behavior_server-13] Possible reasons are listed at http://wiki.ros.org/tf/Errors%20explained
[collision_monitor-17] [WARN] [1785623451.791130223] []: TF_OLD_DATA ignoring data from the past for frame base_link at time 17.856000 according to authority Authority undetectable
[collision_monitor-17] Possible reasons are listed at http://wiki.ros.org/tf/Errors%20explained
[amcl-7] [WARN] [1785623451.792160109] []: TF_OLD_DATA ignoring data from the past for frame base_link at time 2.124000 according to authority Authority undetectable
[amcl-7] Possible reasons are listed at http://wiki.ros.org/tf/Errors%20explained
[behavior_server-13] [WARN] [1785623451.792178280] []: TF_OLD_DATA ignoring data from the past for frame base_link at time 2.124000 according to authority Authority undetectable
[behavior_server-13] Possible reasons are listed at http://wiki.ros.org/tf/Errors%20explained
[bt_navigator-14] [WARN] [1785623451.792174350] []: TF_OLD_DATA ignoring data from the past for frame base_link at time 2.124000 according to authority Authority undetectable
[bt_navigator-14] Possible reasons are listed at http://wiki.ros.org/tf/Errors%20explained
[collision_monitor-17] [WARN] [1785623451.792222180] []: TF_OLD_DATA ignoring data from the past for frame base_link at time 2.124000 according to authority Authority undetectable
[collision_monitor-17] Possible reasons are listed at http://wiki.ros.org/tf/Errors%20explained
[smoother_server-10] [WARN] [1785623451.792290329] []: TF_OLD_DATA ignoring data from the past for frame base_link at time 2.124000 according to authority Authority undetectable
[smoother_server-10] Possible reasons are listed at http://wiki.ros.org/tf/Errors%20explained
[controller_server-9] [WARN] [1785623451.792304235] []: TF_OLD_DATA ignoring data from the past for frame base_link at time 2.124000 according to authority Authority undetectable
[controller_server-9] Possible reasons are listed at http://wiki.ros.org/tf/Errors%20explained
[planner_server-11] [WARN] [1785623451.792364036] []: TF_OLD_DATA ignoring data from the past for frame base_link at time 2.124000 according to authority Authority undetectable
[planner_server-11] Possible reasons are listed at http://wiki.ros.org/tf/Errors%20explained
[route_server-12] [WARN] [1785623451.792770874] []: TF_OLD_DATA ignoring data from the past for frame base_link at time 2.124000 according to authority Authority undetectable
[route_server-12] Possible reasons are listed at http://wiki.ros.org/tf/Errors%20explained
[waypoint_follower-15] [INFO] [1785623451.802229531] [waypoint_follower]: Created waypoint_task_executor : wait_at_waypoint of type nav2_waypoint_follower::WaitAtWaypoint
[lifecycle_manager-19] [INFO] [1785623451.804118107] [lifecycle_manager_navigation]: [34m[1mConfiguring docking_server[0m[0m
[opennav_docking-18] [INFO] [1785623451.804418899] [docking_server]: Configuring docking_server
[opennav_docking-18] [INFO] [1785623451.804469185] [docking_server]: Controller frequency set to 50.0000Hz
[controller_server-9] [WARN] [1785623451.815825673] []: TF_OLD_DATA ignoring data from the past for frame base_link at time 34.740000 according to authority Authority undetectable
[controller_server-9] Possible reasons are listed at http://wiki.ros.org/tf/Errors%20explained
[planner_server-11] [WARN] [1785623451.815853983] []: TF_OLD_DATA ignoring data from the past for frame base_link at time 34.740000 according to authority Authority undetectable
[planner_server-11] Possible reasons are listed at http://wiki.ros.org/tf/Errors%20explained
[behavior_server-13] [WARN] [1785623451.815862515] []: TF_OLD_DATA ignoring data from the past for frame base_link at time 34.740000 according to authority Authority undetectable
[behavior_server-13] Possible reasons are listed at http://wiki.ros.org/tf/Errors%20explained
[bt_navigator-14] [WARN] [1785623451.815866206] []: TF_OLD_DATA ignoring data from the past for frame base_link at time 34.740000 according to authority Authority undetectable
[bt_navigator-14] Possible reasons are listed at http://wiki.ros.org/tf/Errors%20explained
[smoother_server-10] [WARN] [1785623451.815888043] []: TF_OLD_DATA ignoring data from the past for frame base_link at time 34.740000 according to authority Authority undetectable
[smoother_server-10] Possible reasons are listed at http://wiki.ros.org/tf/Errors%20explained
[route_server-12] [WARN] [1785623451.815889859] []: TF_OLD_DATA ignoring data from the past for frame base_link at time 34.740000 according to authority Authority undetectable
[route_server-12] Possible reasons are listed at http://wiki.ros.org/tf/Errors%20explained
[amcl-7] [WARN] [1785623451.815899825] []: TF_OLD_DATA ignoring data from the past for frame base_link at time 34.740000 according to authority Authority undetectable
[amcl-7] Possible reasons are listed at http://wiki.ros.org/tf/Errors%20explained
[collision_monitor-17] [WARN] [1785623451.815964351] []: TF_OLD_DATA ignoring data from the past for frame base_link at time 34.740000 according to authority Authority undetectable
[collision_monitor-17] Possible reasons are listed at http://wiki.ros.org/tf/Errors%20explained
[bt_navigator-14] [WARN] [1785623451.824736556] []: TF_OLD_DATA ignoring data from the past for frame base_link at time 17.892000 according to authority Authority undetectable
[bt_navigator-14] Possible reasons are listed at http://wiki.ros.org/tf/Errors%20explained
[planner_server-11] [WARN] [1785623451.824749144] []: TF_OLD_DATA ignoring data from the past for frame base_link at time 17.892000 according to authority Authority undetectable
[planner_server-11] Possible reasons are listed at http://wiki.ros.org/tf/Errors%20explained
[collision_monitor-17] [WARN] [1785623451.824771100] []: TF_OLD_DATA ignoring data from the past for frame base_link at time 17.892000 according to authority Authority undetectable
[collision_monitor-17] Possible reasons are listed at http://wiki.ros.org/tf/Errors%20explained
[route_server-12] [WARN] [1785623451.824772187] []: TF_OLD_DATA ignoring data from the past for frame base_link at time 17.892000 according to authority Authority undetectable
[route_server-12] Possible reasons are listed at http://wiki.ros.org/tf/Errors%20explained
[amcl-7] [WARN] [1785623451.824781354] []: TF_OLD_DATA ignoring data from the past for frame base_link at time 17.892000 according to authority Authority undetectable
[amcl-7] Possible reasons are listed at http://wiki.ros.org/tf/Errors%20explained
[smoother_server-10] [WARN] [1785623451.824837748] []: TF_OLD_DATA ignoring data from the past for frame base_link at time 17.892000 according to authority Authority undetectable
[smoother_server-10] Possible reasons are listed at http://wiki.ros.org/tf/Errors%20explained
[behavior_server-13] [WARN] [1785623451.824840547] []: TF_OLD_DATA ignoring data from the past for frame base_link at time 17.892000 according to authority Authority undetectable
[behavior_server-13] Possible reasons are listed at http://wiki.ros.org/tf/Errors%20explained
[controller_server-9] [WARN] [1785623451.824904411] []: TF_OLD_DATA ignoring data from the past for frame base_link at time 17.892000 according to authority Authority undetectable
[controller_server-9] Possible reasons are listed at http://wiki.ros.org/tf/Errors%20explained
[smoother_server-10] [WARN] [1785623451.826737816] []: TF_OLD_DATA ignoring data from the past for frame base_link at time 2.160000 according to authority Authority undetectable
[smoother_server-10] Possible reasons are listed at http://wiki.ros.org/tf/Errors%20explained
[controller_server-9] [WARN] [1785623451.826670937] []: TF_OLD_DATA ignoring data from the past for frame base_link at time 2.160000 according to authority Authority undetectable
[controller_server-9] Possible reasons are listed at http://wiki.ros.org/tf/Errors%20explained
[amcl-7] [WARN] [1785623451.826750103] []: TF_OLD_DATA ignoring data from the past for frame base_link at time 2.160000 according to authority Authority undetectable
[amcl-7] Possible reasons are listed at http://wiki.ros.org/tf/Errors%20explained
[planner_server-11] [WARN] [1785623451.826752292] []: TF_OLD_DATA ignoring data from the past for frame base_link at time 2.160000 according to authority Authority undetectable
[planner_server-11] Possible reasons are listed at http://wiki.ros.org/tf/Errors%20explained
[route_server-12] [WARN] [1785623451.826769855] []: TF_OLD_DATA ignoring data from the past for frame base_link at time 2.160000 according to authority Authority undetectable
[route_server-12] Possible reasons are listed at http://wiki.ros.org/tf/Errors%20explained
[behavior_server-13] [WARN] [1785623451.826820487] []: TF_OLD_DATA ignoring data from the past for frame base_link at time 2.160000 according to authority Authority undetectable
[behavior_server-13] Possible reasons are listed at http://wiki.ros.org/tf/Errors%20explained
[collision_monitor-17] [WARN] [1785623451.826822489] []: TF_OLD_DATA ignoring data from the past for frame base_link at time 2.160000 according to authority Authority undetectable
[collision_monitor-17] Possible reasons are listed at http://wiki.ros.org/tf/Errors%20explained
[bt_navigator-14] [WARN] [1785623451.827129289] []: TF_OLD_DATA ignoring data from the past for frame base_link at time 2.160000 according to authority Authority undetectable
[bt_navigator-14] Possible reasons are listed at http://wiki.ros.org/tf/Errors%20explained
[opennav_docking-18] [INFO] [1785623451.841764949] [docking_server]: Created charging dock plugin simple_charging_dock of type opennav_docking::SimpleChargingDock
[opennav_docking-18] [WARN] [1785623451.846613620] [docking_server]: Dock database filepath nor dock parameters set. Docking actions can only be executed specifying the dock pose via the action request. Or update the dock database via the reload_database service.
[opennav_docking-18] [INFO] [1785623451.846654951] [docking_server]: Docking Server has 1 dock types and 0 dock instances available.
[lifecycle_manager-19] [INFO] [1785623451.849351527] [lifecycle_manager_navigation]: [34m[1mActivating controller_server[0m[0m
[controller_server-9] [INFO] [1785623451.849687299] [controller_server]: Activating
[controller_server-9] [INFO] [1785623451.849728590] [local_costmap.local_costmap]: Activating
[controller_server-9] [INFO] [1785623451.849737759] [local_costmap.local_costmap]: Checking transform
[controller_server-9] [INFO] [1785623451.849893968] [local_costmap.local_costmap]: start
[controller_server-9] [WARN] [1785623451.851745685] []: TF_OLD_DATA ignoring data from the past for frame base_link at time 34.776000 according to authority Authority undetectable
[controller_server-9] Possible reasons are listed at http://wiki.ros.org/tf/Errors%20explained
[planner_server-11] [WARN] [1785623451.851760608] []: TF_OLD_DATA ignoring data from the past for frame base_link at time 34.776000 according to authority Authority undetectable
[planner_server-11] Possible reasons are listed at http://wiki.ros.org/tf/Errors%20explained
[route_server-12] [WARN] [1785623451.851771871] []: TF_OLD_DATA ignoring data from the past for frame base_link at time 34.776000 according to authority Authority undetectable
[route_server-12] Possible reasons are listed at http://wiki.ros.org/tf/Errors%20explained
[bt_navigator-14] [WARN] [1785623451.851829953] []: TF_OLD_DATA ignoring data from the past for frame base_link at time 34.776000 according to authority Authority undetectable
[bt_navigator-14] Possible reasons are listed at http://wiki.ros.org/tf/Errors%20explained
[amcl-7] [WARN] [1785623451.851830491] []: TF_OLD_DATA ignoring data from the past for frame base_link at time 34.776000 according to authority Authority undetectable
[amcl-7] Possible reasons are listed at http://wiki.ros.org/tf/Errors%20explained
[behavior_server-13] [WARN] [1785623451.851830000] []: TF_OLD_DATA ignoring data from the past for frame base_link at time 34.776000 according to authority Authority undetectable
[behavior_server-13] Possible reasons are listed at http://wiki.ros.org/tf/Errors%20explained
[collision_monitor-17] [WARN] [1785623451.851876999] []: TF_OLD_DATA ignoring data from the past for frame base_link at time 34.776000 according to authority Authority undetectable
[collision_monitor-17] Possible reasons are listed at http://wiki.ros.org/tf/Errors%20explained
[smoother_server-10] [WARN] [1785623451.851967104] []: TF_OLD_DATA ignoring data from the past for frame base_link at time 34.776000 according to authority Authority undetectable
[smoother_server-10] Possible reasons are listed at http://wiki.ros.org/tf/Errors%20explained
[controller_server-9] [INFO] [1785623451.855968969] [local_costmap.local_costmap]: Message Filter dropping message: frame 'laser' at time 2.175 for reason 'the timestamp on the message is earlier than all the data in the transform cache'
[controller_server-9] [WARN] [1785623451.860777789] []: TF_OLD_DATA ignoring data from the past for frame base_link at time 17.928000 according to authority Authority undetectable
[controller_server-9] Possible reasons are listed at http://wiki.ros.org/tf/Errors%20explained
[planner_server-11] [WARN] [1785623451.860816957] []: TF_OLD_DATA ignoring data from the past for frame base_link at time 17.928000 according to authority Authority undetectable
[planner_server-11] Possible reasons are listed at http://wiki.ros.org/tf/Errors%20explained
[smoother_server-10] [WARN] [1785623451.860829063] []: TF_OLD_DATA ignoring data from the past for frame base_link at time 17.928000 according to authority Authority undetectable
[smoother_server-10] Possible reasons are listed at http://wiki.ros.org/tf/Errors%20explained
[bt_navigator-14] [WARN] [1785623451.860839236] []: TF_OLD_DATA ignoring data from the past for frame base_link at time 17.928000 according to authority Authority undetectable
[bt_navigator-14] Possible reasons are listed at http://wiki.ros.org/tf/Errors%20explained
[amcl-7] [WARN] [1785623451.860840761] []: TF_OLD_DATA ignoring data from the past for frame base_link at time 17.928000 according to authority Authority undetectable
[amcl-7] Possible reasons are listed at http://wiki.ros.org/tf/Errors%20explained
[route_server-12] [WARN] [1785623451.860841883] []: TF_OLD_DATA ignoring data from the past for frame base_link at time 17.928000 according to authority Authority undetectable
[route_server-12] Possible reasons are listed at http://wiki.ros.org/tf/Errors%20explained
[behavior_server-13] [WARN] [1785623451.860889187] []: TF_OLD_DATA ignoring data from the past for frame base_link at time 17.928000 according to authority Authority undetectable
[behavior_server-13] Possible reasons are listed at http://wiki.ros.org/tf/Errors%20explained
[collision_monitor-17] [WARN] [1785623451.861279200] []: TF_OLD_DATA ignoring data from the past for frame base_link at time 17.928000 according to authority Authority undetectable
[collision_monitor-17] Possible reasons are listed at http://wiki.ros.org/tf/Errors%20explained
[smoother_server-10] [WARN] [1785623451.862783584] []: TF_OLD_DATA ignoring data from the past for frame base_link at time 2.196000 according to authority Authority undetectable
[smoother_server-10] Possible reasons are listed at http://wiki.ros.org/tf/Errors%20explained
[amcl-7] [WARN] [1785623451.862784580] []: TF_OLD_DATA ignoring data from the past for frame base_link at time 2.196000 according to authority Authority undetectable
[amcl-7] Possible reasons are listed at http://wiki.ros.org/tf/Errors%20explained
[planner_server-11] [WARN] [1785623451.862799599] []: TF_OLD_DATA ignoring data from the past for frame base_link at time 2.196000 according to authority Authority undetectable
[planner_server-11] Possible reasons are listed at http://wiki.ros.org/tf/Errors%20explained
[controller_server-9] [WARN] [1785623451.862813246] []: TF_OLD_DATA ignoring data from the past for frame base_link at time 2.196000 according to authority Authority undetectable
[controller_server-9] Possible reasons are listed at http://wiki.ros.org/tf/Errors%20explained
[behavior_server-13] [WARN] [1785623451.862873810] []: TF_OLD_DATA ignoring data from the past for frame base_link at time 2.196000 according to authority Authority undetectable
[behavior_server-13] Possible reasons are listed at http://wiki.ros.org/tf/Errors%20explained
[bt_navigator-14] [WARN] [1785623451.863341140] []: TF_OLD_DATA ignoring data from the past for frame base_link at time 2.196000 according to authority Authority undetectable
[bt_navigator-14] Possible reasons are listed at http://wiki.ros.org/tf/Errors%20explained
[collision_monitor-17] [WARN] [1785623451.863347127] []: TF_OLD_DATA ignoring data from the past for frame base_link at time 2.196000 according to authority Authority undetectable
[collision_monitor-17] Possible reasons are listed at http://wiki.ros.org/tf/Errors%20explained
[route_server-12] [WARN] [1785623451.863431572] []: TF_OLD_DATA ignoring data from the past for frame base_link at time 2.196000 according to authority Authority undetectable
[route_server-12] Possible reasons are listed at http://wiki.ros.org/tf/Errors%20explained
[amcl-7] [WARN] [1785623451.887751400] []: TF_OLD_DATA ignoring data from the past for frame base_link at time 34.812000 according to authority Authority undetectable
[amcl-7] Possible reasons are listed at http://wiki.ros.org/tf/Errors%20explained
[planner_server-11] [WARN] [1785623451.887750858] []: TF_OLD_DATA ignoring data from the past for frame base_link at time 34.812000 according to authority Authority undetectable
[planner_server-11] Possible reasons are listed at http://wiki.ros.org/tf/Errors%20explained
[bt_navigator-14] [WARN] [1785623451.887765058] []: TF_OLD_DATA ignoring data from the past for frame base_link at time 34.812000 according to authority Authority undetectable
[bt_navigator-14] Possible reasons are listed at http://wiki.ros.org/tf/Errors%20explained
[smoother_server-10] [WARN] [1785623451.887770789] []: TF_OLD_DATA ignoring data from the past for frame base_link at time 34.812000 according to authority Authority undetectable
[smoother_server-10] Possible reasons are listed at http://wiki.ros.org/tf/Errors%20explained
[behavior_server-13] [WARN] [1785623451.887782240] []: TF_OLD_DATA ignoring data from the past for frame base_link at time 34.812000 according to authority Authority undetectable
[behavior_server-13] Possible reasons are listed at http://wiki.ros.org/tf/Errors%20explained
[route_server-12] [WARN] [1785623451.887786197] []: TF_OLD_DATA ignoring data from the past for frame base_link at time 34.812000 according to authority Authority undetectable
[route_server-12] Possible reasons are listed at http://wiki.ros.org/tf/Errors%20explained
[controller_server-9] [WARN] [1785623451.887828780] []: TF_OLD_DATA ignoring data from the past for frame base_link at time 34.812000 according to authority Authority undetectable
[controller_server-9] Possible reasons are listed at http://wiki.ros.org/tf/Errors%20explained
[collision_monitor-17] [WARN] [1785623451.887863091] []: TF_OLD_DATA ignoring data from the past for frame base_link at time 34.812000 according to authority Authority undetectable
[collision_monitor-17] Possible reasons are listed at http://wiki.ros.org/tf/Errors%20explained
[planner_server-11] [WARN] [1785623451.896521803] []: TF_OLD_DATA ignoring data from the past for frame base_link at time 17.964000 according to authority Authority undetectable
[planner_server-11] Possible reasons are listed at http://wiki.ros.org/tf/Errors%20explained
[route_server-12] [WARN] [1785623451.896522648] []: TF_OLD_DATA ignoring data from the past for frame base_link at time 17.964000 according to authority Authority undetectable
[route_server-12] Possible reasons are listed at http://wiki.ros.org/tf/Errors%20explained
[smoother_server-10] [WARN] [1785623451.896541798] []: TF_OLD_DATA ignoring data from the past for frame base_link at time 17.964000 according to authority Authority undetectable
[smoother_server-10] Possible reasons are listed at http://wiki.ros.org/tf/Errors%20explained
[controller_server-9] [WARN] [1785623451.896574462] []: TF_OLD_DATA ignoring data from the past for frame base_link at time 17.964000 according to authority Authority undetectable
[controller_server-9] Possible reasons are listed at http://wiki.ros.org/tf/Errors%20explained
[amcl-7] [WARN] [1785623451.896574493] []: TF_OLD_DATA ignoring data from the past for frame base_link at time 17.964000 according to authority Authority undetectable
[amcl-7] Possible reasons are listed at http://wiki.ros.org/tf/Errors%20explained
[collision_monitor-17] [WARN] [1785623451.896581680] []: TF_OLD_DATA ignoring data from the past for frame base_link at time 17.964000 according to authority Authority undetectable
[collision_monitor-17] Possible reasons are listed at http://wiki.ros.org/tf/Errors%20explained
[bt_navigator-14] [WARN] [1785623451.896582951] []: TF_OLD_DATA ignoring data from the past for frame base_link at time 17.964000 according to authority Authority undetectable
[bt_navigator-14] Possible reasons are listed at http://wiki.ros.org/tf/Errors%20explained
[behavior_server-13] [WARN] [1785623451.896646550] []: TF_OLD_DATA ignoring data from the past for frame base_link at time 17.964000 according to authority Authority undetectable
[behavior_server-13] Possible reasons are listed at http://wiki.ros.org/tf/Errors%20explained
[controller_server-9] [WARN] [1785623451.898407237] []: TF_OLD_DATA ignoring data from the past for frame base_link at time 2.232000 according to authority Authority undetectable
[controller_server-9] Possible reasons are listed at http://wiki.ros.org/tf/Errors%20explained
[behavior_server-13] [WARN] [1785623451.898419303] []: TF_OLD_DATA ignoring data from the past for frame base_link at time 2.232000 according to authority Authority undetectable
[behavior_server-13] Possible reasons are listed at http://wiki.ros.org/tf/Errors%20explained
[amcl-7] [WARN] [1785623451.898417143] []: TF_OLD_DATA ignoring data from the past for frame base_link at time 2.232000 according to authority Authority undetectable
[amcl-7] Possible reasons are listed at http://wiki.ros.org/tf/Errors%20explained
[smoother_server-10] [WARN] [1785623451.898428103] []: TF_OLD_DATA ignoring data from the past for frame base_link at time 2.232000 according to authority Authority undetectable
[smoother_server-10] Possible reasons are listed at http://wiki.ros.org/tf/Errors%20explained
[collision_monitor-17] [WARN] [1785623451.898430830] []: TF_OLD_DATA ignoring data from the past for frame base_link at time 2.232000 according to authority Authority undetectable
[collision_monitor-17] Possible reasons are listed at http://wiki.ros.org/tf/Errors%20explained
[route_server-12] [WARN] [1785623451.898437385] []: TF_OLD_DATA ignoring data from the past for frame base_link at time 2.232000 according to authority Authority undetectable
[route_server-12] Possible reasons are listed at http://wiki.ros.org/tf/Errors%20explained
[planner_server-11] [WARN] [1785623451.898482705] []: TF_OLD_DATA ignoring data from the past for frame base_link at time 2.232000 according to authority Authority undetectable
[planner_server-11] Possible reasons are listed at http://wiki.ros.org/tf/Errors%20explained
[bt_navigator-14] [WARN] [1785623451.898526023] []: TF_OLD_DATA ignoring data from the past for frame base_link at time 2.232000 according to authority Authority undetectable
[bt_navigator-14] Possible reasons are listed at http://wiki.ros.org/tf/Errors%20explained
[amcl-7] [WARN] [1785623451.923587793] []: TF_OLD_DATA ignoring data from the past for frame base_link at time 34.848000 according to authority Authority undetectable
[amcl-7] Possible reasons are listed at http://wiki.ros.org/tf/Errors%20explained
[bt_navigator-14] [WARN] [1785623451.923601980] []: TF_OLD_DATA ignoring data from the past for frame base_link at time 34.848000 according to authority Authority undetectable
[bt_navigator-14] Possible reasons are listed at http://wiki.ros.org/tf/Errors%20explained
[controller_server-9] [WARN] [1785623451.923618639] []: TF_OLD_DATA ignoring data from the past for frame base_link at time 34.848000 according to authority Authority undetectable
[controller_server-9] Possible reasons are listed at http://wiki.ros.org/tf/Errors%20explained
[smoother_server-10] [WARN] [1785623451.923640989] []: TF_OLD_DATA ignoring data from the past for frame base_link at time 34.848000 according to authority Authority undetectable
[smoother_server-10] Possible reasons are listed at http://wiki.ros.org/tf/Errors%20explained
[behavior_server-13] [WARN] [1785623451.923653039] []: TF_OLD_DATA ignoring data from the past for frame base_link at time 34.848000 according to authority Authority undetectable
[behavior_server-13] Possible reasons are listed at http://wiki.ros.org/tf/Errors%20explained
[collision_monitor-17] [WARN] [1785623451.923675431] []: TF_OLD_DATA ignoring data from the past for frame base_link at time 34.848000 according to authority Authority undetectable
[collision_monitor-17] Possible reasons are listed at http://wiki.ros.org/tf/Errors%20explained
[route_server-12] [WARN] [1785623451.923716059] []: TF_OLD_DATA ignoring data from the past for frame base_link at time 34.848000 according to authority Authority undetectable
[route_server-12] Possible reasons are listed at http://wiki.ros.org/tf/Errors%20explained
[planner_server-11] [WARN] [1785623451.923743325] []: TF_OLD_DATA ignoring data from the past for frame base_link at time 34.848000 according to authority Authority undetectable
[planner_server-11] Possible reasons are listed at http://wiki.ros.org/tf/Errors%20explained
[controller_server-9] [WARN] [1785623451.932515497] []: TF_OLD_DATA ignoring data from the past for frame base_link at time 18.000000 according to authority Authority undetectable
[controller_server-9] Possible reasons are listed at http://wiki.ros.org/tf/Errors%20explained
[planner_server-11] [WARN] [1785623451.932536305] []: TF_OLD_DATA ignoring data from the past for frame base_link at time 18.000000 according to authority Authority undetectable
[planner_server-11] Possible reasons are listed at http://wiki.ros.org/tf/Errors%20explained
[route_server-12] [WARN] [1785623451.932553622] []: TF_OLD_DATA ignoring data from the past for frame base_link at time 18.000000 according to authority Authority undetectable
[route_server-12] Possible reasons are listed at http://wiki.ros.org/tf/Errors%20explained
[collision_monitor-17] [WARN] [1785623451.932559588] []: TF_OLD_DATA ignoring data from the past for frame base_link at time 18.000000 according to authority Authority undetectable
[collision_monitor-17] Possible reasons are listed at http://wiki.ros.org/tf/Errors%20explained
[bt_navigator-14] [WARN] [1785623451.932617788] []: TF_OLD_DATA ignoring data from the past for frame base_link at time 18.000000 according to authority Authority undetectable
[bt_navigator-14] Possible reasons are listed at http://wiki.ros.org/tf/Errors%20explained
[amcl-7] [WARN] [1785623451.932640295] []: TF_OLD_DATA ignoring data from the past for frame base_link at time 18.000000 according to authority Authority undetectable
[amcl-7] Possible reasons are listed at http://wiki.ros.org/tf/Errors%20explained
[smoother_server-10] [WARN] [1785623451.932643110] []: TF_OLD_DATA ignoring data from the past for frame base_link at time 18.000000 according to authority Authority undetectable
[smoother_server-10] Possible reasons are listed at http://wiki.ros.org/tf/Errors%20explained
[behavior_server-13] [WARN] [1785623451.932654139] []: TF_OLD_DATA ignoring data from the past for frame base_link at time 18.000000 according to authority Authority undetectable
[behavior_server-13] Possible reasons are listed at http://wiki.ros.org/tf/Errors%20explained
[controller_server-9] [WARN] [1785623451.934367861] []: TF_OLD_DATA ignoring data from the past for frame base_link at time 2.268000 according to authority Authority undetectable
[controller_server-9] Possible reasons are listed at http://wiki.ros.org/tf/Errors%20explained
[planner_server-11] [WARN] [1785623451.934367835] []: TF_OLD_DATA ignoring data from the past for frame base_link at time 2.268000 according to authority Authority undetectable
[planner_server-11] Possible reasons are listed at http://wiki.ros.org/tf/Errors%20explained
[bt_navigator-14] [WARN] [1785623451.934389197] []: TF_OLD_DATA ignoring data from the past for frame base_link at time 2.268000 according to authority Authority undetectable
[bt_navigator-14] Possible reasons are listed at http://wiki.ros.org/tf/Errors%20explained
[route_server-12] [WARN] [1785623451.934389579] []: TF_OLD_DATA ignoring data from the past for frame base_link at time 2.268000 according to authority Authority undetectable
[route_server-12] Possible reasons are listed at http://wiki.ros.org/tf/Errors%20explained
[collision_monitor-17] [WARN] [1785623451.934390235] []: TF_OLD_DATA ignoring data from the past for frame base_link at time 2.268000 according to authority Authority undetectable
[collision_monitor-17] Possible reasons are listed at http://wiki.ros.org/tf/Errors%20explained
[behavior_server-13] [WARN] [1785623451.934401583] []: TF_OLD_DATA ignoring data from the past for frame base_link at time 2.268000 according to authority Authority undetectable
[behavior_server-13] Possible reasons are listed at http://wiki.ros.org/tf/Errors%20explained
[amcl-7] [WARN] [1785623451.934403583] []: TF_OLD_DATA ignoring data from the past for frame base_link at time 2.268000 according to authority Authority undetectable
[amcl-7] Possible reasons are listed at http://wiki.ros.org/tf/Errors%20explained
[smoother_server-10] [WARN] [1785623451.934447208] []: TF_OLD_DATA ignoring data from the past for frame base_link at time 2.268000 according to authority Authority undetectable
[smoother_server-10] Possible reasons are listed at http://wiki.ros.org/tf/Errors%20explained
[bt_navigator-14] [WARN] [1785623451.959719808] []: TF_OLD_DATA ignoring data from the past for frame base_link at time 34.884000 according to authority Authority undetectable
[bt_navigator-14] Possible reasons are listed at http://wiki.ros.org/tf/Errors%20explained
[controller_server-9] [WARN] [1785623451.959719806] []: TF_OLD_DATA ignoring data from the past for frame base_link at time 34.884000 according to authority Authority undetectable
[controller_server-9] Possible reasons are listed at http://wiki.ros.org/tf/Errors%20explained
[amcl-7] [WARN] [1785623451.959728507] []: TF_OLD_DATA ignoring data from the past for frame base_link at time 34.884000 according to authority Authority undetectable
[amcl-7] Possible reasons are listed at http://wiki.ros.org/tf/Errors%20explained
[planner_server-11] [WARN] [1785623451.959729854] []: TF_OLD_DATA ignoring data from the past for frame base_link at time 34.884000 according to authority Authority undetectable
[planner_server-11] Possible reasons are listed at http://wiki.ros.org/tf/Errors%20explained
[behavior_server-13] [WARN] [1785623451.959752994] []: TF_OLD_DATA ignoring data from the past for frame base_link at time 34.884000 according to authority Authority undetectable
[behavior_server-13] Possible reasons are listed at http://wiki.ros.org/tf/Errors%20explained
[route_server-12] [WARN] [1785623451.959760442] []: TF_OLD_DATA ignoring data from the past for frame base_link at time 34.884000 according to authority Authority undetectable
[route_server-12] Possible reasons are listed at http://wiki.ros.org/tf/Errors%20explained
[collision_monitor-17] [WARN] [1785623451.959798239] []: TF_OLD_DATA ignoring data from the past for frame base_link at time 34.884000 according to authority Authority undetectable
[collision_monitor-17] Possible reasons are listed at http://wiki.ros.org/tf/Errors%20explained
[smoother_server-10] [WARN] [1785623451.959814696] []: TF_OLD_DATA ignoring data from the past for frame base_link at time 34.884000 according to authority Authority undetectable
[smoother_server-10] Possible reasons are listed at http://wiki.ros.org/tf/Errors%20explained
[controller_server-9] [WARN] [1785623451.968537104] []: TF_OLD_DATA ignoring data from the past for frame base_link at time 18.036000 according to authority Authority undetectable
[controller_server-9] Possible reasons are listed at http://wiki.ros.org/tf/Errors%20explained
[planner_server-11] [WARN] [1785623451.968537055] []: TF_OLD_DATA ignoring data from the past for frame base_link at time 18.036000 according to authority Authority undetectable
[planner_server-11] Possible reasons are listed at http://wiki.ros.org/tf/Errors%20explained
[amcl-7] [WARN] [1785623451.968551646] []: TF_OLD_DATA ignoring data from the past for frame base_link at time 18.036000 according to authority Authority undetectable
[amcl-7] Possible reasons are listed at http://wiki.ros.org/tf/Errors%20explained
[route_server-12] [WARN] [1785623451.968553388] []: TF_OLD_DATA ignoring data from the past for frame base_link at time 18.036000 according to authority Authority undetectable
[route_server-12] Possible reasons are listed at http://wiki.ros.org/tf/Errors%20explained
[collision_monitor-17] [WARN] [1785623451.968569328] []: TF_OLD_DATA ignoring data from the past for frame base_link at time 18.036000 according to authority Authority undetectable
[collision_monitor-17] Possible reasons are listed at http://wiki.ros.org/tf/Errors%20explained
[smoother_server-10] [WARN] [1785623451.968590649] []: TF_OLD_DATA ignoring data from the past for frame base_link at time 18.036000 according to authority Authority undetectable
[smoother_server-10] Possible reasons are listed at http://wiki.ros.org/tf/Errors%20explained
[bt_navigator-14] [WARN] [1785623451.968603030] []: TF_OLD_DATA ignoring data from the past for frame base_link at time 18.036000 according to authority Authority undetectable
[bt_navigator-14] Possible reasons are listed at http://wiki.ros.org/tf/Errors%20explained
[behavior_server-13] [WARN] [1785623451.968641599] []: TF_OLD_DATA ignoring data from the past for frame base_link at time 18.036000 according to authority Authority undetectable
[behavior_server-13] Possible reasons are listed at http://wiki.ros.org/tf/Errors%20explained
[amcl-7] [WARN] [1785623451.970513572] []: TF_OLD_DATA ignoring data from the past for frame base_link at time 2.304000 according to authority Authority undetectable
[amcl-7] Possible reasons are listed at http://wiki.ros.org/tf/Errors%20explained
[route_server-12] [WARN] [1785623451.970524853] []: TF_OLD_DATA ignoring data from the past for frame base_link at time 2.304000 according to authority Authority undetectable
[route_server-12] Possible reasons are listed at http://wiki.ros.org/tf/Errors%20explained
[collision_monitor-17] [WARN] [1785623451.970538139] []: TF_OLD_DATA ignoring data from the past for frame base_link at time 2.304000 according to authority Authority undetectable
[collision_monitor-17] Possible reasons are listed at http://wiki.ros.org/tf/Errors%20explained
[behavior_server-13] [WARN] [1785623451.970554050] []: TF_OLD_DATA ignoring data from the past for frame base_link at time 2.304000 according to authority Authority undetectable
[behavior_server-13] Possible reasons are listed at http://wiki.ros.org/tf/Errors%20explained
[smoother_server-10] [WARN] [1785623451.970554079] []: TF_OLD_DATA ignoring data from the past for frame base_link at time 2.304000 according to authority Authority undetectable
[smoother_server-10] Possible reasons are listed at http://wiki.ros.org/tf/Errors%20explained
[planner_server-11] [WARN] [1785623451.970575398] []: TF_OLD_DATA ignoring data from the past for frame base_link at time 2.304000 according to authority Authority undetectable
[planner_server-11] Possible reasons are listed at http://wiki.ros.org/tf/Errors%20explained
[bt_navigator-14] [WARN] [1785623451.970573834] []: TF_OLD_DATA ignoring data from the past for frame base_link at time 2.304000 according to authority Authority undetectable
[bt_navigator-14] Possible reasons are listed at http://wiki.ros.org/tf/Errors%20explained
[controller_server-9] [WARN] [1785623451.970505351] []: TF_OLD_DATA ignoring data from the past for frame base_link at time 2.304000 according to authority Authority undetectable
[controller_server-9] Possible reasons are listed at http://wiki.ros.org/tf/Errors%20explained
[planner_server-11] [WARN] [1785623451.995578586] []: TF_OLD_DATA ignoring data from the past for frame base_link at time 34.920000 according to authority Authority undetectable
[planner_server-11] Possible reasons are listed at http://wiki.ros.org/tf/Errors%20explained
[controller_server-9] [WARN] [1785623451.995594003] []: TF_OLD_DATA ignoring data from the past for frame base_link at time 34.920000 according to authority Authority undetectable
[controller_server-9] Possible reasons are listed at http://wiki.ros.org/tf/Errors%20explained
[amcl-7] [WARN] [1785623451.995593922] []: TF_OLD_DATA ignoring data from the past for frame base_link at time 34.920000 according to authority Authority undetectable
[amcl-7] Possible reasons are listed at http://wiki.ros.org/tf/Errors%20explained
[collision_monitor-17] [WARN] [1785623451.995594986] []: TF_OLD_DATA ignoring data from the past for frame base_link at time 34.920000 according to authority Authority undetectable
[collision_monitor-17] Possible reasons are listed at http://wiki.ros.org/tf/Errors%20explained
[smoother_server-10] [WARN] [1785623451.995600639] []: TF_OLD_DATA ignoring data from the past for frame base_link at time 34.920000 according to authority Authority undetectable
[smoother_server-10] Possible reasons are listed at http://wiki.ros.org/tf/Errors%20explained
[behavior_server-13] [WARN] [1785623451.995606797] []: TF_OLD_DATA ignoring data from the past for frame base_link at time 34.920000 according to authority Authority undetectable
[behavior_server-13] Possible reasons are listed at http://wiki.ros.org/tf/Errors%20explained
[bt_navigator-14] [WARN] [1785623451.995609444] []: TF_OLD_DATA ignoring data from the past for frame base_link at time 34.920000 according to authority Authority undetectable
[bt_navigator-14] Possible reasons are listed at http://wiki.ros.org/tf/Errors%20explained
[route_server-12] [WARN] [1785623451.995621966] []: TF_OLD_DATA ignoring data from the past for frame base_link at time 34.920000 according to authority Authority undetectable
[route_server-12] Possible reasons are listed at http://wiki.ros.org/tf/Errors%20explained
[controller_server-9] [WARN] [1785623452.004324860] []: TF_OLD_DATA ignoring data from the past for frame base_link at time 18.072000 according to authority Authority undetectable
[controller_server-9] Possible reasons are listed at http://wiki.ros.org/tf/Errors%20explained
[amcl-7] [WARN] [1785623452.004362751] []: TF_OLD_DATA ignoring data from the past for frame base_link at time 18.072000 according to authority Authority undetectable
[amcl-7] Possible reasons are listed at http://wiki.ros.org/tf/Errors%20explained
[bt_navigator-14] [WARN] [1785623452.004372496] []: TF_OLD_DATA ignoring data from the past for frame base_link at time 18.072000 according to authority Authority undetectable
[bt_navigator-14] Possible reasons are listed at http://wiki.ros.org/tf/Errors%20explained
[planner_server-11] [WARN] [1785623452.004373207] []: TF_OLD_DATA ignoring data from the past for frame base_link at time 18.072000 according to authority Authority undetectable
[planner_server-11] Possible reasons are listed at http://wiki.ros.org/tf/Errors%20explained
[smoother_server-10] [WARN] [1785623452.004382941] []: TF_OLD_DATA ignoring data from the past for frame base_link at time 18.072000 according to authority Authority undetectable
[smoother_server-10] Possible reasons are listed at http://wiki.ros.org/tf/Errors%20explained
[collision_monitor-17] [WARN] [1785623452.004395403] []: TF_OLD_DATA ignoring data from the past for frame base_link at time 18.072000 according to authority Authority undetectable
[collision_monitor-17] Possible reasons are listed at http://wiki.ros.org/tf/Errors%20explained
[route_server-12] [WARN] [1785623452.004401540] []: TF_OLD_DATA ignoring data from the past for frame base_link at time 18.072000 according to authority Authority undetectable
[route_server-12] Possible reasons are listed at http://wiki.ros.org/tf/Errors%20explained
[behavior_server-13] [WARN] [1785623452.004453337] []: TF_OLD_DATA ignoring data from the past for frame base_link at time 18.072000 according to authority Authority undetectable
[behavior_server-13] Possible reasons are listed at http://wiki.ros.org/tf/Errors%20explained
[controller_server-9] [WARN] [1785623452.006723233] []: TF_OLD_DATA ignoring data from the past for frame base_link at time 2.340000 according to authority Authority undetectable
[controller_server-9] Possible reasons are listed at http://wiki.ros.org/tf/Errors%20explained
[planner_server-11] [WARN] [1785623452.006767084] []: TF_OLD_DATA ignoring data from the past for frame base_link at time 2.340000 according to authority Authority undetectable
[planner_server-11] Possible reasons are listed at http://wiki.ros.org/tf/Errors%20explained
[bt_navigator-14] [WARN] [1785623452.006779297] []: TF_OLD_DATA ignoring data from the past for frame base_link at time 2.340000 according to authority Authority undetectable
[bt_navigator-14] Possible reasons are listed at http://wiki.ros.org/tf/Errors%20explained
[route_server-12] [WARN] [1785623452.006790151] []: TF_OLD_DATA ignoring data from the past for frame base_link at time 2.340000 according to authority Authority undetectable
[route_server-12] Possible reasons are listed at http://wiki.ros.org/tf/Errors%20explained
[smoother_server-10] [WARN] [1785623452.006793791] []: TF_OLD_DATA ignoring data from the past for frame base_link at time 2.340000 according to authority Authority undetectable
[smoother_server-10] Possible reasons are listed at http://wiki.ros.org/tf/Errors%20explained
[behavior_server-13] [WARN] [1785623452.006905643] []: TF_OLD_DATA ignoring data from the past for frame base_link at time 2.340000 according to authority Authority undetectable
[behavior_server-13] Possible reasons are listed at http://wiki.ros.org/tf/Errors%20explained
[amcl-7] [WARN] [1785623452.006993493] []: TF_OLD_DATA ignoring data from the past for frame base_link at time 2.340000 according to authority Authority undetectable
[amcl-7] Possible reasons are listed at http://wiki.ros.org/tf/Errors%20explained
[collision_monitor-17] [WARN] [1785623452.007053933] []: TF_OLD_DATA ignoring data from the past for frame base_link at time 2.340000 according to authority Authority undetectable
[collision_monitor-17] Possible reasons are listed at http://wiki.ros.org/tf/Errors%20explained
[controller_server-9] [WARN] [1785623452.031480135] []: TF_OLD_DATA ignoring data from the past for frame base_link at time 34.956000 according to authority Authority undetectable
[controller_server-9] Possible reasons are listed at http://wiki.ros.org/tf/Errors%20explained
[smoother_server-10] [WARN] [1785623452.031490652] []: TF_OLD_DATA ignoring data from the past for frame base_link at time 34.956000 according to authority Authority undetectable
[smoother_server-10] Possible reasons are listed at http://wiki.ros.org/tf/Errors%20explained
[planner_server-11] [WARN] [1785623452.031485756] []: TF_OLD_DATA ignoring data from the past for frame base_link at time 34.956000 according to authority Authority undetectable
[planner_server-11] Possible reasons are listed at http://wiki.ros.org/tf/Errors%20explained
[bt_navigator-14] [WARN] [1785623452.031490097] []: TF_OLD_DATA ignoring data from the past for frame base_link at time 34.956000 according to authority Authority undetectable
[bt_navigator-14] Possible reasons are listed at http://wiki.ros.org/tf/Errors%20explained
[route_server-12] [WARN] [1785623452.031506113] []: TF_OLD_DATA ignoring data from the past for frame base_link at time 34.956000 according to authority Authority undetectable
[route_server-12] Possible reasons are listed at http://wiki.ros.org/tf/Errors%20explained
[behavior_server-13] [WARN] [1785623452.031526702] []: TF_OLD_DATA ignoring data from the past for frame base_link at time 34.956000 according to authority Authority undetectable
[behavior_server-13] Possible reasons are listed at http://wiki.ros.org/tf/Errors%20explained
[amcl-7] [WARN] [1785623452.031549619] []: TF_OLD_DATA ignoring data from the past for frame base_link at time 34.956000 according to authority Authority undetectable
[amcl-7] Possible reasons are listed at http://wiki.ros.org/tf/Errors%20explained
[collision_monitor-17] [WARN] [1785623452.031556957] []: TF_OLD_DATA ignoring data from the past for frame base_link at time 34.956000 according to authority Authority undetectable
[collision_monitor-17] Possible reasons are listed at http://wiki.ros.org/tf/Errors%20explained
[planner_server-11] [WARN] [1785623452.040596995] []: TF_OLD_DATA ignoring data from the past for frame base_link at time 18.108000 according to authority Authority undetectable
[planner_server-11] Possible reasons are listed at http://wiki.ros.org/tf/Errors%20explained
[bt_navigator-14] [WARN] [1785623452.040638500] []: TF_OLD_DATA ignoring data from the past for frame base_link at time 18.108000 according to authority Authority undetectable
[bt_navigator-14] Possible reasons are listed at http://wiki.ros.org/tf/Errors%20explained
[amcl-7] [WARN] [1785623452.040638474] []: TF_OLD_DATA ignoring data from the past for frame base_link at time 18.108000 according to authority Authority undetectable
[amcl-7] Possible reasons are listed at http://wiki.ros.org/tf/Errors%20explained
[smoother_server-10] [WARN] [1785623452.040653171] []: TF_OLD_DATA ignoring data from the past for frame base_link at time 18.108000 according to authority Authority undetectable
[smoother_server-10] Possible reasons are listed at http://wiki.ros.org/tf/Errors%20explained
[controller_server-9] [WARN] [1785623452.040597167] []: TF_OLD_DATA ignoring data from the past for frame base_link at time 18.108000 according to authority Authority undetectable
[controller_server-9] Possible reasons are listed at http://wiki.ros.org/tf/Errors%20explained
[route_server-12] [WARN] [1785623452.040765967] []: TF_OLD_DATA ignoring data from the past for frame base_link at time 18.108000 according to authority Authority undetectable
[route_server-12] Possible reasons are listed at http://wiki.ros.org/tf/Errors%20explained
[behavior_server-13] [WARN] [1785623452.040794662] []: TF_OLD_DATA ignoring data from the past for frame base_link at time 18.108000 according to authority Authority undetectable
[behavior_server-13] Possible reasons are listed at http://wiki.ros.org/tf/Errors%20explained
[collision_monitor-17] [WARN] [1785623452.041069497] []: TF_OLD_DATA ignoring data from the past for frame base_link at time 18.108000 according to authority Authority undetectable
[collision_monitor-17] Possible reasons are listed at http://wiki.ros.org/tf/Errors%20explained
[controller_server-9] [WARN] [1785623452.042678431] []: TF_OLD_DATA ignoring data from the past for frame base_link at time 2.376000 according to authority Authority undetectable
[controller_server-9] Possible reasons are listed at http://wiki.ros.org/tf/Errors%20explained
[amcl-7] [WARN] [1785623452.042685966] []: TF_OLD_DATA ignoring data from the past for frame base_link at time 2.376000 according to authority Authority undetectable
[amcl-7] Possible reasons are listed at http://wiki.ros.org/tf/Errors%20explained
[smoother_server-10] [WARN] [1785623452.042685931] []: TF_OLD_DATA ignoring data from the past for frame base_link at time 2.376000 according to authority Authority undetectable
[smoother_server-10] Possible reasons are listed at http://wiki.ros.org/tf/Errors%20explained
[route_server-12] [WARN] [1785623452.042694564] []: TF_OLD_DATA ignoring data from the past for frame base_link at time 2.376000 according to authority Authority undetectable
[route_server-12] Possible reasons are listed at http://wiki.ros.org/tf/Errors%20explained
[behavior_server-13] [WARN] [1785623452.042713970] []: TF_OLD_DATA ignoring data from the past for frame base_link at time 2.376000 according to authority Authority undetectable
[behavior_server-13] Possible reasons are listed at http://wiki.ros.org/tf/Errors%20explained
[collision_monitor-17] [WARN] [1785623452.042727469] []: TF_OLD_DATA ignoring data from the past for frame base_link at time 2.376000 according to authority Authority undetectable
[collision_monitor-17] Possible reasons are listed at http://wiki.ros.org/tf/Errors%20explained
[bt_navigator-14] [WARN] [1785623452.042794626] []: TF_OLD_DATA ignoring data from the past for frame base_link at time 2.376000 according to authority Authority undetectable
[bt_navigator-14] Possible reasons are listed at http://wiki.ros.org/tf/Errors%20explained
[planner_server-11] [WARN] [1785623452.043305499] []: TF_OLD_DATA ignoring data from the past for frame base_link at time 2.376000 according to authority Authority undetectable
[planner_server-11] Possible reasons are listed at http://wiki.ros.org/tf/Errors%20explained
[controller_server-9] [INFO] [1785623452.051413176] [controller_server]: Activating controller: FollowPath of type regulated_pure_pursuit_controller::RegulatedPurePursuitController
[controller_server-9] [INFO] [1785623452.051459787] [controller_server]: Creating bond (controller_server) to lifecycle manager.
[controller_server-9] [WARN] [1785623452.067609532] []: TF_OLD_DATA ignoring data from the past for frame base_link at time 34.992000 according to authority Authority undetectable
[controller_server-9] Possible reasons are listed at http://wiki.ros.org/tf/Errors%20explained
[amcl-7] [WARN] [1785623452.067622747] []: TF_OLD_DATA ignoring data from the past for frame base_link at time 34.992000 according to authority Authority undetectable
[amcl-7] Possible reasons are listed at http://wiki.ros.org/tf/Errors%20explained
[smoother_server-10] [WARN] [1785623452.067630666] []: TF_OLD_DATA ignoring data from the past for frame base_link at time 34.992000 according to authority Authority undetectable
[smoother_server-10] Possible reasons are listed at http://wiki.ros.org/tf/Errors%20explained
[route_server-12] [WARN] [1785623452.067638411] []: TF_OLD_DATA ignoring data from the past for frame base_link at time 34.992000 according to authority Authority undetectable
[route_server-12] Possible reasons are listed at http://wiki.ros.org/tf/Errors%20explained
[planner_server-11] [WARN] [1785623452.067642391] []: TF_OLD_DATA ignoring data from the past for frame base_link at time 34.992000 according to authority Authority undetectable
[planner_server-11] Possible reasons are listed at http://wiki.ros.org/tf/Errors%20explained
[behavior_server-13] [WARN] [1785623452.067648849] []: TF_OLD_DATA ignoring data from the past for frame base_link at time 34.992000 according to authority Authority undetectable
[behavior_server-13] Possible reasons are listed at http://wiki.ros.org/tf/Errors%20explained
[collision_monitor-17] [WARN] [1785623452.067714018] []: TF_OLD_DATA ignoring data from the past for frame base_link at time 34.992000 according to authority Authority undetectable
[collision_monitor-17] Possible reasons are listed at http://wiki.ros.org/tf/Errors%20explained
[bt_navigator-14] [WARN] [1785623452.067746000] []: TF_OLD_DATA ignoring data from the past for frame base_link at time 34.992000 according to authority Authority undetectable
[bt_navigator-14] Possible reasons are listed at http://wiki.ros.org/tf/Errors%20explained
[controller_server-9] [WARN] [1785623452.076748456] []: TF_OLD_DATA ignoring data from the past for frame base_link at time 18.144000 according to authority Authority undetectable
[controller_server-9] Possible reasons are listed at http://wiki.ros.org/tf/Errors%20explained
[smoother_server-10] [WARN] [1785623452.076763898] []: TF_OLD_DATA ignoring data from the past for frame base_link at time 18.144000 according to authority Authority undetectable
[smoother_server-10] Possible reasons are listed at http://wiki.ros.org/tf/Errors%20explained
[route_server-12] [WARN] [1785623452.076779329] []: TF_OLD_DATA ignoring data from the past for frame base_link at time 18.144000 according to authority Authority undetectable
[route_server-12] Possible reasons are listed at http://wiki.ros.org/tf/Errors%20explained
[behavior_server-13] [WARN] [1785623452.076796373] []: TF_OLD_DATA ignoring data from the past for frame base_link at time 18.144000 according to authority Authority undetectable
[behavior_server-13] Possible reasons are listed at http://wiki.ros.org/tf/Errors%20explained
[amcl-7] [WARN] [1785623452.076801787] []: TF_OLD_DATA ignoring data from the past for frame base_link at time 18.144000 according to authority Authority undetectable
[amcl-7] Possible reasons are listed at http://wiki.ros.org/tf/Errors%20explained
[planner_server-11] [WARN] [1785623452.076826438] []: TF_OLD_DATA ignoring data from the past for frame base_link at time 18.144000 according to authority Authority undetectable
[planner_server-11] Possible reasons are listed at http://wiki.ros.org/tf/Errors%20explained
[bt_navigator-14] [WARN] [1785623452.076888155] []: TF_OLD_DATA ignoring data from the past for frame base_link at time 18.144000 according to authority Authority undetectable
[bt_navigator-14] Possible reasons are listed at http://wiki.ros.org/tf/Errors%20explained
[collision_monitor-17] [WARN] [1785623452.076893246] []: TF_OLD_DATA ignoring data from the past for frame base_link at time 18.144000 according to authority Authority undetectable
[collision_monitor-17] Possible reasons are listed at http://wiki.ros.org/tf/Errors%20explained
[controller_server-9] [WARN] [1785623452.079240203] []: TF_OLD_DATA ignoring data from the past for frame base_link at time 2.412000 according to authority Authority undetectable
[controller_server-9] Possible reasons are listed at http://wiki.ros.org/tf/Errors%20explained
[smoother_server-10] [WARN] [1785623452.079270702] []: TF_OLD_DATA ignoring data from the past for frame base_link at time 2.412000 according to authority Authority undetectable
[smoother_server-10] Possible reasons are listed at http://wiki.ros.org/tf/Errors%20explained
[collision_monitor-17] [WARN] [1785623452.079263749] []: TF_OLD_DATA ignoring data from the past for frame base_link at time 2.412000 according to authority Authority undetectable
[collision_monitor-17] Possible reasons are listed at http://wiki.ros.org/tf/Errors%20explained
[amcl-7] [WARN] [1785623452.079280447] []: TF_OLD_DATA ignoring data from the past for frame base_link at time 2.412000 according to authority Authority undetectable
[amcl-7] Possible reasons are listed at http://wiki.ros.org/tf/Errors%20explained
[planner_server-11] [WARN] [1785623452.079219936] []: TF_OLD_DATA ignoring data from the past for frame base_link at time 2.412000 according to authority Authority undetectable
[planner_server-11] Possible reasons are listed at http://wiki.ros.org/tf/Errors%20explained
[bt_navigator-14] [WARN] [1785623452.079326845] []: TF_OLD_DATA ignoring data from the past for frame base_link at time 2.412000 according to authority Authority undetectable
[bt_navigator-14] Possible reasons are listed at http://wiki.ros.org/tf/Errors%20explained
[behavior_server-13] [WARN] [1785623452.079513547] []: TF_OLD_DATA ignoring data from the past for frame base_link at time 2.412000 according to authority Authority undetectable
[behavior_server-13] Possible reasons are listed at http://wiki.ros.org/tf/Errors%20explained
[route_server-12] [WARN] [1785623452.079678673] []: TF_OLD_DATA ignoring data from the past for frame base_link at time 2.412000 according to authority Authority undetectable
[route_server-12] Possible reasons are listed at http://wiki.ros.org/tf/Errors%20explained
[bt_navigator-14] [WARN] [1785623452.103686622] []: TF_OLD_DATA ignoring data from the past for frame base_link at time 35.028000 according to authority Authority undetectable
[bt_navigator-14] Possible reasons are listed at http://wiki.ros.org/tf/Errors%20explained
[collision_monitor-17] [WARN] [1785623452.103732843] []: TF_OLD_DATA ignoring data from the past for frame base_link at time 35.028000 according to authority Authority undetectable
[collision_monitor-17] Possible reasons are listed at http://wiki.ros.org/tf/Errors%20explained
[route_server-12] [WARN] [1785623452.103736166] []: TF_OLD_DATA ignoring data from the past for frame base_link at time 35.028000 according to authority Authority undetectable
[route_server-12] Possible reasons are listed at http://wiki.ros.org/tf/Errors%20explained
[behavior_server-13] [WARN] [1785623452.103736998] []: TF_OLD_DATA ignoring data from the past for frame base_link at time 35.028000 according to authority Authority undetectable
[behavior_server-13] Possible reasons are listed at http://wiki.ros.org/tf/Errors%20explained
[amcl-7] [WARN] [1785623452.103743352] []: TF_OLD_DATA ignoring data from the past for frame base_link at time 35.028000 according to authority Authority undetectable
[amcl-7] Possible reasons are listed at http://wiki.ros.org/tf/Errors%20explained
[controller_server-9] [WARN] [1785623452.103760976] []: TF_OLD_DATA ignoring data from the past for frame base_link at time 35.028000 according to authority Authority undetectable
[controller_server-9] Possible reasons are listed at http://wiki.ros.org/tf/Errors%20explained
[smoother_server-10] [WARN] [1785623452.103798648] []: TF_OLD_DATA ignoring data from the past for frame base_link at time 35.028000 according to authority Authority undetectable
[smoother_server-10] Possible reasons are listed at http://wiki.ros.org/tf/Errors%20explained
[planner_server-11] [WARN] [1785623452.103798983] []: TF_OLD_DATA ignoring data from the past for frame base_link at time 35.028000 according to authority Authority undetectable
[planner_server-11] Possible reasons are listed at http://wiki.ros.org/tf/Errors%20explained
[planner_server-11] [WARN] [1785623452.112558955] []: TF_OLD_DATA ignoring data from the past for frame base_link at time 18.180000 according to authority Authority undetectable
[planner_server-11] Possible reasons are listed at http://wiki.ros.org/tf/Errors%20explained
[route_server-12] [WARN] [1785623452.112569236] []: TF_OLD_DATA ignoring data from the past for frame base_link at time 18.180000 according to authority Authority undetectable
[route_server-12] Possible reasons are listed at http://wiki.ros.org/tf/Errors%20explained
[smoother_server-10] [WARN] [1785623452.112584152] []: TF_OLD_DATA ignoring data from the past for frame base_link at time 18.180000 according to authority Authority undetectable
[smoother_server-10] Possible reasons are listed at http://wiki.ros.org/tf/Errors%20explained
[collision_monitor-17] [WARN] [1785623452.112614924] []: TF_OLD_DATA ignoring data from the past for frame base_link at time 18.180000 according to authority Authority undetectable
[collision_monitor-17] Possible reasons are listed at http://wiki.ros.org/tf/Errors%20explained
[amcl-7] [WARN] [1785623452.112615293] []: TF_OLD_DATA ignoring data from the past for frame base_link at time 18.180000 according to authority Authority undetectable
[amcl-7] Possible reasons are listed at http://wiki.ros.org/tf/Errors%20explained
[bt_navigator-14] [WARN] [1785623452.112614814] []: TF_OLD_DATA ignoring data from the past for frame base_link at time 18.180000 according to authority Authority undetectable
[bt_navigator-14] Possible reasons are listed at http://wiki.ros.org/tf/Errors%20explained
[behavior_server-13] [WARN] [1785623452.112672027] []: TF_OLD_DATA ignoring data from the past for frame base_link at time 18.180000 according to authority Authority undetectable
[behavior_server-13] Possible reasons are listed at http://wiki.ros.org/tf/Errors%20explained
[controller_server-9] [WARN] [1785623452.112703552] []: TF_OLD_DATA ignoring data from the past for frame base_link at time 18.180000 according to authority Authority undetectable
[controller_server-9] Possible reasons are listed at http://wiki.ros.org/tf/Errors%20explained
[controller_server-9] [WARN] [1785623452.114604365] []: TF_OLD_DATA ignoring data from the past for frame base_link at time 2.448000 according to authority Authority undetectable
[controller_server-9] Possible reasons are listed at http://wiki.ros.org/tf/Errors%20explained
[planner_server-11] [WARN] [1785623452.114622163] []: TF_OLD_DATA ignoring data from the past for frame base_link at time 2.448000 according to authority Authority undetectable
[planner_server-11] Possible reasons are listed at http://wiki.ros.org/tf/Errors%20explained
[smoother_server-10] [WARN] [1785623452.114652760] []: TF_OLD_DATA ignoring data from the past for frame base_link at time 2.448000 according to authority Authority undetectable
[smoother_server-10] Possible reasons are listed at http://wiki.ros.org/tf/Errors%20explained
[route_server-12] [WARN] [1785623452.114656664] []: TF_OLD_DATA ignoring data from the past for frame base_link at time 2.448000 according to authority Authority undetectable
[route_server-12] Possible reasons are listed at http://wiki.ros.org/tf/Errors%20explained
[collision_monitor-17] [WARN] [1785623452.114660303] []: TF_OLD_DATA ignoring data from the past for frame base_link at time 2.448000 according to authority Authority undetectable
[collision_monitor-17] Possible reasons are listed at http://wiki.ros.org/tf/Errors%20explained
[amcl-7] [WARN] [1785623452.114607587] []: TF_OLD_DATA ignoring data from the past for frame base_link at time 2.448000 according to authority Authority undetectable
[amcl-7] Possible reasons are listed at http://wiki.ros.org/tf/Errors%20explained
[bt_navigator-14] [WARN] [1785623452.114681364] []: TF_OLD_DATA ignoring data from the past for frame base_link at time 2.448000 according to authority Authority undetectable
[bt_navigator-14] Possible reasons are listed at http://wiki.ros.org/tf/Errors%20explained
[behavior_server-13] [WARN] [1785623452.114709924] []: TF_OLD_DATA ignoring data from the past for frame base_link at time 2.448000 according to authority Authority undetectable
[behavior_server-13] Possible reasons are listed at http://wiki.ros.org/tf/Errors%20explained
[controller_server-9] [WARN] [1785623452.139606825] []: TF_OLD_DATA ignoring data from the past for frame base_link at time 35.064000 according to authority Authority undetectable
[controller_server-9] Possible reasons are listed at http://wiki.ros.org/tf/Errors%20explained
[planner_server-11] [WARN] [1785623452.139606767] []: TF_OLD_DATA ignoring data from the past for frame base_link at time 35.064000 according to authority Authority undetectable
[planner_server-11] Possible reasons are listed at http://wiki.ros.org/tf/Errors%20explained
[route_server-12] [WARN] [1785623452.139643586] []: TF_OLD_DATA ignoring data from the past for frame base_link at time 35.064000 according to authority Authority undetectable
[route_server-12] Possible reasons are listed at http://wiki.ros.org/tf/Errors%20explained
[amcl-7] [WARN] [1785623452.139655459] []: TF_OLD_DATA ignoring data from the past for frame base_link at time 35.064000 according to authority Authority undetectable
[amcl-7] Possible reasons are listed at http://wiki.ros.org/tf/Errors%20explained
[smoother_server-10] [WARN] [1785623452.139658022] []: TF_OLD_DATA ignoring data from the past for frame base_link at time 35.064000 according to authority Authority undetectable
[smoother_server-10] Possible reasons are listed at http://wiki.ros.org/tf/Errors%20explained
[behavior_server-13] [WARN] [1785623452.139669333] []: TF_OLD_DATA ignoring data from the past for frame base_link at time 35.064000 according to authority Authority undetectable
[behavior_server-13] Possible reasons are listed at http://wiki.ros.org/tf/Errors%20explained
[bt_navigator-14] [WARN] [1785623452.139699908] []: TF_OLD_DATA ignoring data from the past for frame base_link at time 35.064000 according to authority Authority undetectable
[bt_navigator-14] Possible reasons are listed at http://wiki.ros.org/tf/Errors%20explained
[collision_monitor-17] [WARN] [1785623452.139841462] []: TF_OLD_DATA ignoring data from the past for frame base_link at time 35.064000 according to authority Authority undetectable
[collision_monitor-17] Possible reasons are listed at http://wiki.ros.org/tf/Errors%20explained
[controller_server-9] [WARN] [1785623452.148494748] []: TF_OLD_DATA ignoring data from the past for frame base_link at time 18.216000 according to authority Authority undetectable
[controller_server-9] Possible reasons are listed at http://wiki.ros.org/tf/Errors%20explained
[collision_monitor-17] [WARN] [1785623452.148510363] []: TF_OLD_DATA ignoring data from the past for frame base_link at time 18.216000 according to authority Authority undetectable
[collision_monitor-17] Possible reasons are listed at http://wiki.ros.org/tf/Errors%20explained
[bt_navigator-14] [WARN] [1785623452.148513712] []: TF_OLD_DATA ignoring data from the past for frame base_link at time 18.216000 according to authority Authority undetectable
[bt_navigator-14] Possible reasons are listed at http://wiki.ros.org/tf/Errors%20explained
[behavior_server-13] [WARN] [1785623452.148514024] []: TF_OLD_DATA ignoring data from the past for frame base_link at time 18.216000 according to authority Authority undetectable
[behavior_server-13] Possible reasons are listed at http://wiki.ros.org/tf/Errors%20explained
[planner_server-11] [WARN] [1785623452.148539422] []: TF_OLD_DATA ignoring data from the past for frame base_link at time 18.216000 according to authority Authority undetectable
[planner_server-11] Possible reasons are listed at http://wiki.ros.org/tf/Errors%20explained
[route_server-12] [WARN] [1785623452.148540301] []: TF_OLD_DATA ignoring data from the past for frame base_link at time 18.216000 according to authority Authority undetectable
[route_server-12] Possible reasons are listed at http://wiki.ros.org/tf/Errors%20explained
[smoother_server-10] [WARN] [1785623452.148592504] []: TF_OLD_DATA ignoring data from the past for frame base_link at time 18.216000 according to authority Authority undetectable
[smoother_server-10] Possible reasons are listed at http://wiki.ros.org/tf/Errors%20explained
[amcl-7] [WARN] [1785623452.148599009] []: TF_OLD_DATA ignoring data from the past for frame base_link at time 18.216000 according to authority Authority undetectable
[amcl-7] Possible reasons are listed at http://wiki.ros.org/tf/Errors%20explained
[controller_server-9] [WARN] [1785623452.150483317] []: TF_OLD_DATA ignoring data from the past for frame base_link at time 2.484000 according to authority Authority undetectable
[controller_server-9] Possible reasons are listed at http://wiki.ros.org/tf/Errors%20explained
[planner_server-11] [WARN] [1785623452.150491963] []: TF_OLD_DATA ignoring data from the past for frame base_link at time 2.484000 according to authority Authority undetectable
[planner_server-11] Possible reasons are listed at http://wiki.ros.org/tf/Errors%20explained
[behavior_server-13] [WARN] [1785623452.150495968] []: TF_OLD_DATA ignoring data from the past for frame base_link at time 2.484000 according to authority Authority undetectable
[behavior_server-13] Possible reasons are listed at http://wiki.ros.org/tf/Errors%20explained
[collision_monitor-17] [WARN] [1785623452.150499934] []: TF_OLD_DATA ignoring data from the past for frame base_link at time 2.484000 according to authority Authority undetectable
[collision_monitor-17] Possible reasons are listed at http://wiki.ros.org/tf/Errors%20explained
[bt_navigator-14] [WARN] [1785623452.150581163] []: TF_OLD_DATA ignoring data from the past for frame base_link at time 2.484000 according to authority Authority undetectable
[bt_navigator-14] Possible reasons are listed at http://wiki.ros.org/tf/Errors%20explained
[smoother_server-10] [WARN] [1785623452.150588528] []: TF_OLD_DATA ignoring data from the past for frame base_link at time 2.484000 according to authority Authority undetectable
[smoother_server-10] Possible reasons are listed at http://wiki.ros.org/tf/Errors%20explained
[route_server-12] [WARN] [1785623452.150732260] []: TF_OLD_DATA ignoring data from the past for frame base_link at time 2.484000 according to authority Authority undetectable
[route_server-12] Possible reasons are listed at http://wiki.ros.org/tf/Errors%20explained
[amcl-7] [WARN] [1785623452.150814893] []: TF_OLD_DATA ignoring data from the past for frame base_link at time 2.484000 according to authority Authority undetectable
[amcl-7] Possible reasons are listed at http://wiki.ros.org/tf/Errors%20explained
[lifecycle_manager-19] [INFO] [1785623452.157463023] [lifecycle_manager_navigation]: Server controller_server connected with bond.
[lifecycle_manager-19] [INFO] [1785623452.157511654] [lifecycle_manager_navigation]: [34m[1mActivating smoother_server[0m[0m
[smoother_server-10] [INFO] [1785623452.157836054] [smoother_server]: Activating
[smoother_server-10] [INFO] [1785623452.157881715] [smoother_server]: Activating smoother: constrained of type nav2_constrained_smoother::ConstrainedSmoother
[smoother_server-10] [INFO] [1785623452.157891925] [smoother_server]: Creating bond (smoother_server) to lifecycle manager.
[controller_server-9] [WARN] [1785623452.175740246] []: TF_OLD_DATA ignoring data from the past for frame base_link at time 35.100000 according to authority Authority undetectable
[controller_server-9] Possible reasons are listed at http://wiki.ros.org/tf/Errors%20explained
[smoother_server-10] [WARN] [1785623452.175761454] []: TF_OLD_DATA ignoring data from the past for frame base_link at time 35.100000 according to authority Authority undetectable
[smoother_server-10] Possible reasons are listed at http://wiki.ros.org/tf/Errors%20explained
[amcl-7] [WARN] [1785623452.175761366] []: TF_OLD_DATA ignoring data from the past for frame base_link at time 35.100000 according to authority Authority undetectable
[amcl-7] Possible reasons are listed at http://wiki.ros.org/tf/Errors%20explained
[planner_server-11] [WARN] [1785623452.175831764] []: TF_OLD_DATA ignoring data from the past for frame base_link at time 35.100000 according to authority Authority undetectable
[planner_server-11] Possible reasons are listed at http://wiki.ros.org/tf/Errors%20explained
[route_server-12] [WARN] [1785623452.175839790] []: TF_OLD_DATA ignoring data from the past for frame base_link at time 35.100000 according to authority Authority undetectable
[route_server-12] Possible reasons are listed at http://wiki.ros.org/tf/Errors%20explained
[bt_navigator-14] [WARN] [1785623452.175899832] []: TF_OLD_DATA ignoring data from the past for frame base_link at time 35.100000 according to authority Authority undetectable
[bt_navigator-14] Possible reasons are listed at http://wiki.ros.org/tf/Errors%20explained
[behavior_server-13] [WARN] [1785623452.175996936] []: TF_OLD_DATA ignoring data from the past for frame base_link at time 35.100000 according to authority Authority undetectable
[behavior_server-13] Possible reasons are listed at http://wiki.ros.org/tf/Errors%20explained
[collision_monitor-17] [WARN] [1785623452.176298907] []: TF_OLD_DATA ignoring data from the past for frame base_link at time 35.100000 according to authority Authority undetectable
[collision_monitor-17] Possible reasons are listed at http://wiki.ros.org/tf/Errors%20explained
[planner_server-11] [WARN] [1785623452.184641997] []: TF_OLD_DATA ignoring data from the past for frame base_link at time 18.252000 according to authority Authority undetectable
[planner_server-11] Possible reasons are listed at http://wiki.ros.org/tf/Errors%20explained
[route_server-12] [WARN] [1785623452.184672134] []: TF_OLD_DATA ignoring data from the past for frame base_link at time 18.252000 according to authority Authority undetectable
[route_server-12] Possible reasons are listed at http://wiki.ros.org/tf/Errors%20explained
[bt_navigator-14] [WARN] [1785623452.184681065] []: TF_OLD_DATA ignoring data from the past for frame base_link at time 18.252000 according to authority Authority undetectable
[bt_navigator-14] Possible reasons are listed at http://wiki.ros.org/tf/Errors%20explained
[amcl-7] [WARN] [1785623452.184686466] []: TF_OLD_DATA ignoring data from the past for frame base_link at time 18.252000 according to authority Authority undetectable
[amcl-7] Possible reasons are listed at http://wiki.ros.org/tf/Errors%20explained
[collision_monitor-17] [WARN] [1785623452.184724239] []: TF_OLD_DATA ignoring data from the past for frame base_link at time 18.252000 according to authority Authority undetectable
[collision_monitor-17] Possible reasons are listed at http://wiki.ros.org/tf/Errors%20explained
[smoother_server-10] [WARN] [1785623452.184725511] []: TF_OLD_DATA ignoring data from the past for frame base_link at time 18.252000 according to authority Authority undetectable
[smoother_server-10] Possible reasons are listed at http://wiki.ros.org/tf/Errors%20explained
[behavior_server-13] [WARN] [1785623452.184724885] []: TF_OLD_DATA ignoring data from the past for frame base_link at time 18.252000 according to authority Authority undetectable
[behavior_server-13] Possible reasons are listed at http://wiki.ros.org/tf/Errors%20explained
[controller_server-9] [WARN] [1785623452.184750579] []: TF_OLD_DATA ignoring data from the past for frame base_link at time 18.252000 according to authority Authority undetectable
[controller_server-9] Possible reasons are listed at http://wiki.ros.org/tf/Errors%20explained
[smoother_server-10] [WARN] [1785623452.186755697] []: TF_OLD_DATA ignoring data from the past for frame base_link at time 2.520000 according to authority Authority undetectable
[smoother_server-10] Possible reasons are listed at http://wiki.ros.org/tf/Errors%20explained
[collision_monitor-17] [WARN] [1785623452.186805784] []: TF_OLD_DATA ignoring data from the past for frame base_link at time 2.520000 according to authority Authority undetectable
[collision_monitor-17] Possible reasons are listed at http://wiki.ros.org/tf/Errors%20explained
[controller_server-9] [WARN] [1785623452.186814317] []: TF_OLD_DATA ignoring data from the past for frame base_link at time 2.520000 according to authority Authority undetectable
[controller_server-9] Possible reasons are listed at http://wiki.ros.org/tf/Errors%20explained
[behavior_server-13] [WARN] [1785623452.186829703] []: TF_OLD_DATA ignoring data from the past for frame base_link at time 2.520000 according to authority Authority undetectable
[behavior_server-13] Possible reasons are listed at http://wiki.ros.org/tf/Errors%20explained
[route_server-12] [WARN] [1785623452.186838602] []: TF_OLD_DATA ignoring data from the past for frame base_link at time 2.520000 according to authority Authority undetectable
[route_server-12] Possible reasons are listed at http://wiki.ros.org/tf/Errors%20explained
[planner_server-11] [WARN] [1785623452.186960393] []: TF_OLD_DATA ignoring data from the past for frame base_link at time 2.520000 according to authority Authority undetectable
[planner_server-11] Possible reasons are listed at http://wiki.ros.org/tf/Errors%20explained
[amcl-7] [WARN] [1785623452.187199073] []: TF_OLD_DATA ignoring data from the past for frame base_link at time 2.520000 according to authority Authority undetectable
[amcl-7] Possible reasons are listed at http://wiki.ros.org/tf/Errors%20explained
[bt_navigator-14] [WARN] [1785623452.187199253] []: TF_OLD_DATA ignoring data from the past for frame base_link at time 2.520000 according to authority Authority undetectable
[bt_navigator-14] Possible reasons are listed at http://wiki.ros.org/tf/Errors%20explained
[controller_server-9] [WARN] [1785623452.211566850] []: TF_OLD_DATA ignoring data from the past for frame base_link at time 35.136000 according to authority Authority undetectable
[controller_server-9] Possible reasons are listed at http://wiki.ros.org/tf/Errors%20explained
[amcl-7] [WARN] [1785623452.211576333] []: TF_OLD_DATA ignoring data from the past for frame base_link at time 35.136000 according to authority Authority undetectable
[amcl-7] Possible reasons are listed at http://wiki.ros.org/tf/Errors%20explained
[planner_server-11] [WARN] [1785623452.211597908] []: TF_OLD_DATA ignoring data from the past for frame base_link at time 35.136000 according to authority Authority undetectable
[planner_server-11] Possible reasons are listed at http://wiki.ros.org/tf/Errors%20explained
[bt_navigator-14] [WARN] [1785623452.211598808] []: TF_OLD_DATA ignoring data from the past for frame base_link at time 35.136000 according to authority Authority undetectable
[bt_navigator-14] Possible reasons are listed at http://wiki.ros.org/tf/Errors%20explained
[route_server-12] [WARN] [1785623452.211598624] []: TF_OLD_DATA ignoring data from the past for frame base_link at time 35.136000 according to authority Authority undetectable
[route_server-12] Possible reasons are listed at http://wiki.ros.org/tf/Errors%20explained
[smoother_server-10] [WARN] [1785623452.211605221] []: TF_OLD_DATA ignoring data from the past for frame base_link at time 35.136000 according to authority Authority undetectable
[smoother_server-10] Possible reasons are listed at http://wiki.ros.org/tf/Errors%20explained
[behavior_server-13] [WARN] [1785623452.211623022] []: TF_OLD_DATA ignoring data from the past for frame base_link at time 35.136000 according to authority Authority undetectable
[behavior_server-13] Possible reasons are listed at http://wiki.ros.org/tf/Errors%20explained
[collision_monitor-17] [WARN] [1785623452.211675910] []: TF_OLD_DATA ignoring data from the past for frame base_link at time 35.136000 according to authority Authority undetectable
[collision_monitor-17] Possible reasons are listed at http://wiki.ros.org/tf/Errors%20explained
[planner_server-11] [WARN] [1785623452.220639452] []: TF_OLD_DATA ignoring data from the past for frame base_link at time 18.288000 according to authority Authority undetectable
[planner_server-11] Possible reasons are listed at http://wiki.ros.org/tf/Errors%20explained
[controller_server-9] [WARN] [1785623452.220645323] []: TF_OLD_DATA ignoring data from the past for frame base_link at time 18.288000 according to authority Authority undetectable
[controller_server-9] Possible reasons are listed at http://wiki.ros.org/tf/Errors%20explained
[route_server-12] [WARN] [1785623452.220680983] []: TF_OLD_DATA ignoring data from the past for frame base_link at time 18.288000 according to authority Authority undetectable
[route_server-12] Possible reasons are listed at http://wiki.ros.org/tf/Errors%20explained
[collision_monitor-17] [WARN] [1785623452.220681868] []: TF_OLD_DATA ignoring data from the past for frame base_link at time 18.288000 according to authority Authority undetectable
[collision_monitor-17] Possible reasons are listed at http://wiki.ros.org/tf/Errors%20explained
[amcl-7] [WARN] [1785623452.220693078] []: TF_OLD_DATA ignoring data from the past for frame base_link at time 18.288000 according to authority Authority undetectable
[amcl-7] Possible reasons are listed at http://wiki.ros.org/tf/Errors%20explained
[bt_navigator-14] [WARN] [1785623452.220738432] []: TF_OLD_DATA ignoring data from the past for frame base_link at time 18.288000 according to authority Authority undetectable
[bt_navigator-14] Possible reasons are listed at http://wiki.ros.org/tf/Errors%20explained
[behavior_server-13] [WARN] [1785623452.220741533] []: TF_OLD_DATA ignoring data from the past for frame base_link at time 18.288000 according to authority Authority undetectable
[behavior_server-13] Possible reasons are listed at http://wiki.ros.org/tf/Errors%20explained
[smoother_server-10] [WARN] [1785623452.220747089] []: TF_OLD_DATA ignoring data from the past for frame base_link at time 18.288000 according to authority Authority undetectable
[smoother_server-10] Possible reasons are listed at http://wiki.ros.org/tf/Errors%20explained
[amcl-7] [WARN] [1785623452.223178965] []: TF_OLD_DATA ignoring data from the past for frame base_link at time 2.556000 according to authority Authority undetectable
[amcl-7] Possible reasons are listed at http://wiki.ros.org/tf/Errors%20explained
[planner_server-11] [WARN] [1785623452.223180149] []: TF_OLD_DATA ignoring data from the past for frame base_link at time 2.556000 according to authority Authority undetectable
[planner_server-11] Possible reasons are listed at http://wiki.ros.org/tf/Errors%20explained
[route_server-12] [WARN] [1785623452.223264828] []: TF_OLD_DATA ignoring data from the past for frame base_link at time 2.556000 according to authority Authority undetectable
[route_server-12] Possible reasons are listed at http://wiki.ros.org/tf/Errors%20explained
[collision_monitor-17] [WARN] [1785623452.223278705] []: TF_OLD_DATA ignoring data from the past for frame base_link at time 2.556000 according to authority Authority undetectable
[collision_monitor-17] Possible reasons are listed at http://wiki.ros.org/tf/Errors%20explained
[behavior_server-13] [WARN] [1785623452.223282874] []: TF_OLD_DATA ignoring data from the past for frame base_link at time 2.556000 according to authority Authority undetectable
[behavior_server-13] Possible reasons are listed at http://wiki.ros.org/tf/Errors%20explained
[smoother_server-10] [WARN] [1785623452.223287230] []: TF_OLD_DATA ignoring data from the past for frame base_link at time 2.556000 according to authority Authority undetectable
[smoother_server-10] Possible reasons are listed at http://wiki.ros.org/tf/Errors%20explained
[controller_server-9] [WARN] [1785623452.223349591] []: TF_OLD_DATA ignoring data from the past for frame base_link at time 2.556000 according to authority Authority undetectable
[controller_server-9] Possible reasons are listed at http://wiki.ros.org/tf/Errors%20explained
[bt_navigator-14] [WARN] [1785623452.223369078] []: TF_OLD_DATA ignoring data from the past for frame base_link at time 2.556000 according to authority Authority undetectable
[bt_navigator-14] Possible reasons are listed at http://wiki.ros.org/tf/Errors%20explained
[amcl-7] [WARN] [1785623452.247613673] []: TF_OLD_DATA ignoring data from the past for frame base_link at time 35.172000 according to authority Authority undetectable
[amcl-7] Possible reasons are listed at http://wiki.ros.org/tf/Errors%20explained
[route_server-12] [WARN] [1785623452.247613796] []: TF_OLD_DATA ignoring data from the past for frame base_link at time 35.172000 according to authority Authority undetectable
[route_server-12] Possible reasons are listed at http://wiki.ros.org/tf/Errors%20explained
[controller_server-9] [WARN] [1785623452.247614871] []: TF_OLD_DATA ignoring data from the past for frame base_link at time 35.172000 according to authority Authority undetectable
[controller_server-9] Possible reasons are listed at http://wiki.ros.org/tf/Errors%20explained
[planner_server-11] [WARN] [1785623452.247624683] []: TF_OLD_DATA ignoring data from the past for frame base_link at time 35.172000 according to authority Authority undetectable
[planner_server-11] Possible reasons are listed at http://wiki.ros.org/tf/Errors%20explained
[collision_monitor-17] [WARN] [1785623452.247636590] []: TF_OLD_DATA ignoring data from the past for frame base_link at time 35.172000 according to authority Authority undetectable
[collision_monitor-17] Possible reasons are listed at http://wiki.ros.org/tf/Errors%20explained
[behavior_server-13] [WARN] [1785623452.247676898] []: TF_OLD_DATA ignoring data from the past for frame base_link at time 35.172000 according to authority Authority undetectable
[behavior_server-13] Possible reasons are listed at http://wiki.ros.org/tf/Errors%20explained
[smoother_server-10] [WARN] [1785623452.247708102] []: TF_OLD_DATA ignoring data from the past for frame base_link at time 35.172000 according to authority Authority undetectable
[smoother_server-10] Possible reasons are listed at http://wiki.ros.org/tf/Errors%20explained
[bt_navigator-14] [WARN] [1785623452.247717260] []: TF_OLD_DATA ignoring data from the past for frame base_link at time 35.172000 according to authority Authority undetectable
[bt_navigator-14] Possible reasons are listed at http://wiki.ros.org/tf/Errors%20explained
[planner_server-11] [WARN] [1785623452.257017677] []: TF_OLD_DATA ignoring data from the past for frame base_link at time 18.324000 according to authority Authority undetectable
[planner_server-11] Possible reasons are listed at http://wiki.ros.org/tf/Errors%20explained
[smoother_server-10] [WARN] [1785623452.257033994] []: TF_OLD_DATA ignoring data from the past for frame base_link at time 18.324000 according to authority Authority undetectable
[smoother_server-10] Possible reasons are listed at http://wiki.ros.org/tf/Errors%20explained
[amcl-7] [WARN] [1785623452.257033815] []: TF_OLD_DATA ignoring data from the past for frame base_link at time 18.324000 according to authority Authority undetectable
[amcl-7] Possible reasons are listed at http://wiki.ros.org/tf/Errors%20explained
[controller_server-9] [WARN] [1785623452.257049469] []: TF_OLD_DATA ignoring data from the past for frame base_link at time 18.324000 according to authority Authority undetectable
[controller_server-9] Possible reasons are listed at http://wiki.ros.org/tf/Errors%20explained
[collision_monitor-17] [WARN] [1785623452.257061393] []: TF_OLD_DATA ignoring data from the past for frame base_link at time 18.324000 according to authority Authority undetectable
[collision_monitor-17] Possible reasons are listed at http://wiki.ros.org/tf/Errors%20explained
[route_server-12] [WARN] [1785623452.257066190] []: TF_OLD_DATA ignoring data from the past for frame base_link at time 18.324000 according to authority Authority undetectable
[route_server-12] Possible reasons are listed at http://wiki.ros.org/tf/Errors%20explained
[bt_navigator-14] [WARN] [1785623452.257112641] []: TF_OLD_DATA ignoring data from the past for frame base_link at time 18.324000 according to authority Authority undetectable
[bt_navigator-14] Possible reasons are listed at http://wiki.ros.org/tf/Errors%20explained
[behavior_server-13] [WARN] [1785623452.257143173] []: TF_OLD_DATA ignoring data from the past for frame base_link at time 18.324000 according to authority Authority undetectable
[behavior_server-13] Possible reasons are listed at http://wiki.ros.org/tf/Errors%20explained
[planner_server-11] [WARN] [1785623452.258631080] []: TF_OLD_DATA ignoring data from the past for frame base_link at time 2.592000 according to authority Authority undetectable
[planner_server-11] Possible reasons are listed at http://wiki.ros.org/tf/Errors%20explained
[bt_navigator-14] [WARN] [1785623452.258665218] []: TF_OLD_DATA ignoring data from the past for frame base_link at time 2.592000 according to authority Authority undetectable
[bt_navigator-14] Possible reasons are listed at http://wiki.ros.org/tf/Errors%20explained
[route_server-12] [WARN] [1785623452.258688510] []: TF_OLD_DATA ignoring data from the past for frame base_link at time 2.592000 according to authority Authority undetectable
[route_server-12] Possible reasons are listed at http://wiki.ros.org/tf/Errors%20explained
[behavior_server-13] [WARN] [1785623452.258722501] []: TF_OLD_DATA ignoring data from the past for frame base_link at time 2.592000 according to authority Authority undetectable
[behavior_server-13] Possible reasons are listed at http://wiki.ros.org/tf/Errors%20explained
[smoother_server-10] [WARN] [1785623452.258817084] []: TF_OLD_DATA ignoring data from the past for frame base_link at time 2.592000 according to authority Authority undetectable
[smoother_server-10] Possible reasons are listed at http://wiki.ros.org/tf/Errors%20explained
[collision_monitor-17] [WARN] [1785623452.258835695] []: TF_OLD_DATA ignoring data from the past for frame base_link at time 2.592000 according to authority Authority undetectable
[collision_monitor-17] Possible reasons are listed at http://wiki.ros.org/tf/Errors%20explained
[amcl-7] [WARN] [1785623452.258908677] []: TF_OLD_DATA ignoring data from the past for frame base_link at time 2.592000 according to authority Authority undetectable
[amcl-7] Possible reasons are listed at http://wiki.ros.org/tf/Errors%20explained
[controller_server-9] [WARN] [1785623452.260079730] []: TF_OLD_DATA ignoring data from the past for frame base_link at time 2.592000 according to authority Authority undetectable
[controller_server-9] Possible reasons are listed at http://wiki.ros.org/tf/Errors%20explained
[lifecycle_manager-19] [INFO] [1785623452.265022490] [lifecycle_manager_navigation]: Server smoother_server connected with bond.
[lifecycle_manager-19] [INFO] [1785623452.265060075] [lifecycle_manager_navigation]: [34m[1mActivating planner_server[0m[0m
[planner_server-11] [INFO] [1785623452.265423865] [planner_server]: Activating
[planner_server-11] [INFO] [1785623452.265478819] [global_costmap.global_costmap]: Activating
[planner_server-11] [INFO] [1785623452.265493160] [global_costmap.global_costmap]: Checking transform
[planner_server-11] [INFO] [1785623452.265666345] [global_costmap.global_costmap]: start
[amcl-7] [WARN] [1785623452.283918663] []: TF_OLD_DATA ignoring data from the past for frame base_link at time 35.208000 according to authority Authority undetectable
[amcl-7] Possible reasons are listed at http://wiki.ros.org/tf/Errors%20explained
[smoother_server-10] [WARN] [1785623452.283948950] []: TF_OLD_DATA ignoring data from the past for frame base_link at time 35.208000 according to authority Authority undetectable
[smoother_server-10] Possible reasons are listed at http://wiki.ros.org/tf/Errors%20explained
[route_server-12] [WARN] [1785623452.283961130] []: TF_OLD_DATA ignoring data from the past for frame base_link at time 35.208000 according to authority Authority undetectable
[route_server-12] Possible reasons are listed at http://wiki.ros.org/tf/Errors%20explained
[collision_monitor-17] [WARN] [1785623452.283969567] []: TF_OLD_DATA ignoring data from the past for frame base_link at time 35.208000 according to authority Authority undetectable
[collision_monitor-17] Possible reasons are listed at http://wiki.ros.org/tf/Errors%20explained
[behavior_server-13] [WARN] [1785623452.283975525] []: TF_OLD_DATA ignoring data from the past for frame base_link at time 35.208000 according to authority Authority undetectable
[behavior_server-13] Possible reasons are listed at http://wiki.ros.org/tf/Errors%20explained
[planner_server-11] [WARN] [1785623452.283980608] []: TF_OLD_DATA ignoring data from the past for frame base_link at time 35.208000 according to authority Authority undetectable
[planner_server-11] Possible reasons are listed at http://wiki.ros.org/tf/Errors%20explained
[controller_server-9] [WARN] [1785623452.283907905] []: TF_OLD_DATA ignoring data from the past for frame base_link at time 35.208000 according to authority Authority undetectable
[controller_server-9] Possible reasons are listed at http://wiki.ros.org/tf/Errors%20explained
[bt_navigator-14] [WARN] [1785623452.284019155] []: TF_OLD_DATA ignoring data from the past for frame base_link at time 35.208000 according to authority Authority undetectable
[bt_navigator-14] Possible reasons are listed at http://wiki.ros.org/tf/Errors%20explained
[controller_server-9] [WARN] [1785623452.292885544] []: TF_OLD_DATA ignoring data from the past for frame base_link at time 18.360000 according to authority Authority undetectable
[controller_server-9] Possible reasons are listed at http://wiki.ros.org/tf/Errors%20explained
[planner_server-11] [WARN] [1785623452.292912233] []: TF_OLD_DATA ignoring data from the past for frame base_link at time 18.360000 according to authority Authority undetectable
[planner_server-11] Possible reasons are listed at http://wiki.ros.org/tf/Errors%20explained
[amcl-7] [WARN] [1785623452.292912664] []: TF_OLD_DATA ignoring data from the past for frame base_link at time 18.360000 according to authority Authority undetectable
[amcl-7] Possible reasons are listed at http://wiki.ros.org/tf/Errors%20explained
[bt_navigator-14] [WARN] [1785623452.292923189] []: TF_OLD_DATA ignoring data from the past for frame base_link at time 18.360000 according to authority Authority undetectable
[bt_navigator-14] Possible reasons are listed at http://wiki.ros.org/tf/Errors%20explained
[behavior_server-13] [WARN] [1785623452.292939180] []: TF_OLD_DATA ignoring data from the past for frame base_link at time 18.360000 according to authority Authority undetectable
[behavior_server-13] Possible reasons are listed at http://wiki.ros.org/tf/Errors%20explained
[route_server-12] [WARN] [1785623452.292970993] []: TF_OLD_DATA ignoring data from the past for frame base_link at time 18.360000 according to authority Authority undetectable
[route_server-12] Possible reasons are listed at http://wiki.ros.org/tf/Errors%20explained
[smoother_server-10] [WARN] [1785623452.292991109] []: TF_OLD_DATA ignoring data from the past for frame base_link at time 18.360000 according to authority Authority undetectable
[smoother_server-10] Possible reasons are listed at http://wiki.ros.org/tf/Errors%20explained
[collision_monitor-17] [WARN] [1785623452.293031990] []: TF_OLD_DATA ignoring data from the past for frame base_link at time 18.360000 according to authority Authority undetectable
[collision_monitor-17] Possible reasons are listed at http://wiki.ros.org/tf/Errors%20explained
[planner_server-11] [WARN] [1785623452.294625839] []: TF_OLD_DATA ignoring data from the past for frame base_link at time 2.628000 according to authority Authority undetectable
[planner_server-11] Possible reasons are listed at http://wiki.ros.org/tf/Errors%20explained
[amcl-7] [WARN] [1785623452.294658713] []: TF_OLD_DATA ignoring data from the past for frame base_link at time 2.628000 according to authority Authority undetectable
[amcl-7] Possible reasons are listed at http://wiki.ros.org/tf/Errors%20explained
[bt_navigator-14] [WARN] [1785623452.294667127] []: TF_OLD_DATA ignoring data from the past for frame base_link at time 2.628000 according to authority Authority undetectable
[bt_navigator-14] Possible reasons are listed at http://wiki.ros.org/tf/Errors%20explained
[behavior_server-13] [WARN] [1785623452.294683231] []: TF_OLD_DATA ignoring data from the past for frame base_link at time 2.628000 according to authority Authority undetectable
[behavior_server-13] Possible reasons are listed at http://wiki.ros.org/tf/Errors%20explained
[route_server-12] [WARN] [1785623452.294689987] []: TF_OLD_DATA ignoring data from the past for frame base_link at time 2.628000 according to authority Authority undetectable
[route_server-12] Possible reasons are listed at http://wiki.ros.org/tf/Errors%20explained
[smoother_server-10] [WARN] [1785623452.294691812] []: TF_OLD_DATA ignoring data from the past for frame base_link at time 2.628000 according to authority Authority undetectable
[smoother_server-10] Possible reasons are listed at http://wiki.ros.org/tf/Errors%20explained
[controller_server-9] [WARN] [1785623452.294717163] []: TF_OLD_DATA ignoring data from the past for frame base_link at time 2.628000 according to authority Authority undetectable
[controller_server-9] Possible reasons are listed at http://wiki.ros.org/tf/Errors%20explained
[collision_monitor-17] [WARN] [1785623452.294803286] []: TF_OLD_DATA ignoring data from the past for frame base_link at time 2.628000 according to authority Authority undetectable
[collision_monitor-17] Possible reasons are listed at http://wiki.ros.org/tf/Errors%20explained
[planner_server-11] [INFO] [1785623452.315905518] [planner_server]: Activating plugin Smac2D of type SmacPlanner2D
[planner_server-11] [INFO] [1785623452.316003083] [planner_server]: Activating plugin ThetaStar of type nav2_theta_star_planner
[planner_server-11] [INFO] [1785623452.316040183] [planner_server]: Activating plugin SmacHybrid of type SmacPlannerHybrid
[planner_server-11] [INFO] [1785623452.317293606] [planner_server]: Activating plugin NavFnDijkstra of type NavfnPlanner
[planner_server-11] [INFO] [1785623452.317369328] [planner_server]: Activating plugin NavFnAStar of type NavfnPlanner
[planner_server-11] [INFO] [1785623452.319897972] [planner_server]: Creating bond (planner_server) to lifecycle manager.
[controller_server-9] [WARN] [1785623452.321982953] []: TF_OLD_DATA ignoring data from the past for frame base_link at time 35.244000 according to authority Authority undetectable
[controller_server-9] Possible reasons are listed at http://wiki.ros.org/tf/Errors%20explained
[bt_navigator-14] [WARN] [1785623452.321988930] []: TF_OLD_DATA ignoring data from the past for frame base_link at time 35.244000 according to authority Authority undetectable
[bt_navigator-14] Possible reasons are listed at http://wiki.ros.org/tf/Errors%20explained
[amcl-7] [WARN] [1785623452.322060009] []: TF_OLD_DATA ignoring data from the past for frame base_link at time 35.244000 according to authority Authority undetectable
[amcl-7] Possible reasons are listed at http://wiki.ros.org/tf/Errors%20explained
[planner_server-11] [WARN] [1785623452.322263667] []: TF_OLD_DATA ignoring data from the past for frame base_link at time 35.244000 according to authority Authority undetectable
[planner_server-11] Possible reasons are listed at http://wiki.ros.org/tf/Errors%20explained
[collision_monitor-17] [WARN] [1785623452.322307546] []: TF_OLD_DATA ignoring data from the past for frame base_link at time 35.244000 according to authority Authority undetectable
[collision_monitor-17] Possible reasons are listed at http://wiki.ros.org/tf/Errors%20explained
[behavior_server-13] [WARN] [1785623452.322556574] []: TF_OLD_DATA ignoring data from the past for frame base_link at time 35.244000 according to authority Authority undetectable
[behavior_server-13] Possible reasons are listed at http://wiki.ros.org/tf/Errors%20explained
[smoother_server-10] [WARN] [1785623452.322814107] []: TF_OLD_DATA ignoring data from the past for frame base_link at time 35.244000 according to authority Authority undetectable
[smoother_server-10] Possible reasons are listed at http://wiki.ros.org/tf/Errors%20explained
[route_server-12] [WARN] [1785623452.323392163] []: TF_OLD_DATA ignoring data from the past for frame base_link at time 35.244000 according to authority Authority undetectable
[route_server-12] Possible reasons are listed at http://wiki.ros.org/tf/Errors%20explained
[route_server-12] [WARN] [1785623452.333038756] []: TF_OLD_DATA ignoring data from the past for frame base_link at time 2.664000 according to authority Authority undetectable
[route_server-12] Possible reasons are listed at http://wiki.ros.org/tf/Errors%20explained
[smoother_server-10] [WARN] [1785623452.333103408] []: TF_OLD_DATA ignoring data from the past for frame base_link at time 2.664000 according to authority Authority undetectable
[smoother_server-10] Possible reasons are listed at http://wiki.ros.org/tf/Errors%20explained
[amcl-7] [WARN] [1785623452.333127078] []: TF_OLD_DATA ignoring data from the past for frame base_link at time 2.664000 according to authority Authority undetectable
[amcl-7] Possible reasons are listed at http://wiki.ros.org/tf/Errors%20explained
[behavior_server-13] [WARN] [1785623452.333168426] []: TF_OLD_DATA ignoring data from the past for frame base_link at time 2.664000 according to authority Authority undetectable
[behavior_server-13] Possible reasons are listed at http://wiki.ros.org/tf/Errors%20explained
[bt_navigator-14] [WARN] [1785623452.333411258] []: TF_OLD_DATA ignoring data from the past for frame base_link at time 2.664000 according to authority Authority undetectable
[bt_navigator-14] Possible reasons are listed at http://wiki.ros.org/tf/Errors%20explained
[behavior_server-13] [WARN] [1785623452.333787088] []: TF_OLD_DATA ignoring data from the past for frame base_link at time 18.396000 according to authority Authority undetectable
[behavior_server-13] Possible reasons are listed at http://wiki.ros.org/tf/Errors%20explained
[smoother_server-10] [WARN] [1785623452.333857262] []: TF_OLD_DATA ignoring data from the past for frame base_link at time 18.396000 according to authority Authority undetectable
[smoother_server-10] Possible reasons are listed at http://wiki.ros.org/tf/Errors%20explained
[controller_server-9] [WARN] [1785623452.334911693] []: TF_OLD_DATA ignoring data from the past for frame base_link at time 2.664000 according to authority Authority undetectable
[controller_server-9] Possible reasons are listed at http://wiki.ros.org/tf/Errors%20explained
[controller_server-9] [WARN] [1785623452.334995956] []: TF_OLD_DATA ignoring data from the past for frame base_link at time 18.396000 according to authority Authority undetectable
[controller_server-9] Possible reasons are listed at http://wiki.ros.org/tf/Errors%20explained
[collision_monitor-17] [WARN] [1785623452.335176893] []: TF_OLD_DATA ignoring data from the past for frame base_link at time 2.664000 according to authority Authority undetectable
[collision_monitor-17] Possible reasons are listed at http://wiki.ros.org/tf/Errors%20explained
[collision_monitor-17] [WARN] [1785623452.335271069] []: TF_OLD_DATA ignoring data from the past for frame base_link at time 18.396000 according to authority Authority undetectable
[collision_monitor-17] Possible reasons are listed at http://wiki.ros.org/tf/Errors%20explained
[bt_navigator-14] [WARN] [1785623452.335683778] []: TF_OLD_DATA ignoring data from the past for frame base_link at time 18.396000 according to authority Authority undetectable
[bt_navigator-14] Possible reasons are listed at http://wiki.ros.org/tf/Errors%20explained
[planner_server-11] [WARN] [1785623452.336058686] []: TF_OLD_DATA ignoring data from the past for frame base_link at time 2.664000 according to authority Authority undetectable
[planner_server-11] Possible reasons are listed at http://wiki.ros.org/tf/Errors%20explained
[planner_server-11] [WARN] [1785623452.336138508] []: TF_OLD_DATA ignoring data from the past for frame base_link at time 18.396000 according to authority Authority undetectable
[planner_server-11] Possible reasons are listed at http://wiki.ros.org/tf/Errors%20explained
[amcl-7] [WARN] [1785623452.336925775] []: TF_OLD_DATA ignoring data from the past for frame base_link at time 18.396000 according to authority Authority undetectable
[amcl-7] Possible reasons are listed at http://wiki.ros.org/tf/Errors%20explained
[route_server-12] [WARN] [1785623452.337275680] []: TF_OLD_DATA ignoring data from the past for frame base_link at time 18.396000 according to authority Authority undetectable
[route_server-12] Possible reasons are listed at http://wiki.ros.org/tf/Errors%20explained
[smoother_server-10] [WARN] [1785623452.355684757] []: TF_OLD_DATA ignoring data from the past for frame base_link at time 35.280000 according to authority Authority undetectable
[smoother_server-10] Possible reasons are listed at http://wiki.ros.org/tf/Errors%20explained
[bt_navigator-14] [WARN] [1785623452.355684648] []: TF_OLD_DATA ignoring data from the past for frame base_link at time 35.280000 according to authority Authority undetectable
[bt_navigator-14] Possible reasons are listed at http://wiki.ros.org/tf/Errors%20explained
[controller_server-9] [WARN] [1785623452.355697977] []: TF_OLD_DATA ignoring data from the past for frame base_link at time 35.280000 according to authority Authority undetectable
[controller_server-9] Possible reasons are listed at http://wiki.ros.org/tf/Errors%20explained
[planner_server-11] [WARN] [1785623452.355710980] []: TF_OLD_DATA ignoring data from the past for frame base_link at time 35.280000 according to authority Authority undetectable
[planner_server-11] Possible reasons are listed at http://wiki.ros.org/tf/Errors%20explained
[route_server-12] [WARN] [1785623452.355711974] []: TF_OLD_DATA ignoring data from the past for frame base_link at time 35.280000 according to authority Authority undetectable
[route_server-12] Possible reasons are listed at http://wiki.ros.org/tf/Errors%20explained
[behavior_server-13] [WARN] [1785623452.355745559] []: TF_OLD_DATA ignoring data from the past for frame base_link at time 35.280000 according to authority Authority undetectable
[behavior_server-13] Possible reasons are listed at http://wiki.ros.org/tf/Errors%20explained
[amcl-7] [WARN] [1785623452.355753392] []: TF_OLD_DATA ignoring data from the past for frame base_link at time 35.280000 according to authority Authority undetectable
[amcl-7] Possible reasons are listed at http://wiki.ros.org/tf/Errors%20explained
[collision_monitor-17] [WARN] [1785623452.355773926] []: TF_OLD_DATA ignoring data from the past for frame base_link at time 35.280000 according to authority Authority undetectable
[collision_monitor-17] Possible reasons are listed at http://wiki.ros.org/tf/Errors%20explained
[batch_benchmark-5] [INFO] [1785623452.362579053] [planner_geometry_benchmark]: [1/5] NavFnAStar / center_block_detour / repetition 1
[controller_server-9] [WARN] [1785623452.364578603] []: TF_OLD_DATA ignoring data from the past for frame base_link at time 18.432000 according to authority Authority undetectable
[controller_server-9] Possible reasons are listed at http://wiki.ros.org/tf/Errors%20explained
[amcl-7] [WARN] [1785623452.364583150] []: TF_OLD_DATA ignoring data from the past for frame base_link at time 18.432000 according to authority Authority undetectable
[amcl-7] Possible reasons are listed at http://wiki.ros.org/tf/Errors%20explained
[collision_monitor-17] [WARN] [1785623452.364592802] []: TF_OLD_DATA ignoring data from the past for frame base_link at time 18.432000 according to authority Authority undetectable
[collision_monitor-17] Possible reasons are listed at http://wiki.ros.org/tf/Errors%20explained
[planner_server-11] [WARN] [1785623452.364604683] []: TF_OLD_DATA ignoring data from the past for frame base_link at time 18.432000 according to authority Authority undetectable
[planner_server-11] Possible reasons are listed at http://wiki.ros.org/tf/Errors%20explained
[route_server-12] [WARN] [1785623452.364605045] []: TF_OLD_DATA ignoring data from the past for frame base_link at time 18.432000 according to authority Authority undetectable
[route_server-12] Possible reasons are listed at http://wiki.ros.org/tf/Errors%20explained
[bt_navigator-14] [WARN] [1785623452.364604351] []: TF_OLD_DATA ignoring data from the past for frame base_link at time 18.432000 according to authority Authority undetectable
[bt_navigator-14] Possible reasons are listed at http://wiki.ros.org/tf/Errors%20explained
[smoother_server-10] [WARN] [1785623452.364605847] []: TF_OLD_DATA ignoring data from the past for frame base_link at time 18.432000 according to authority Authority undetectable
[smoother_server-10] Possible reasons are listed at http://wiki.ros.org/tf/Errors%20explained
[behavior_server-13] [WARN] [1785623452.364630910] []: TF_OLD_DATA ignoring data from the past for frame base_link at time 18.432000 according to authority Authority undetectable
[behavior_server-13] Possible reasons are listed at http://wiki.ros.org/tf/Errors%20explained
[amcl-7] [WARN] [1785623452.366403552] []: TF_OLD_DATA ignoring data from the past for frame base_link at time 2.700000 according to authority Authority undetectable
[amcl-7] Possible reasons are listed at http://wiki.ros.org/tf/Errors%20explained
[planner_server-11] [WARN] [1785623452.366416475] []: TF_OLD_DATA ignoring data from the past for frame base_link at time 2.700000 according to authority Authority undetectable
[planner_server-11] Possible reasons are listed at http://wiki.ros.org/tf/Errors%20explained
[collision_monitor-17] [WARN] [1785623452.366432768] []: TF_OLD_DATA ignoring data from the past for frame base_link at time 2.700000 according to authority Authority undetectable
[collision_monitor-17] Possible reasons are listed at http://wiki.ros.org/tf/Errors%20explained
[smoother_server-10] [WARN] [1785623452.366435385] []: TF_OLD_DATA ignoring data from the past for frame base_link at time 2.700000 according to authority Authority undetectable
[smoother_server-10] Possible reasons are listed at http://wiki.ros.org/tf/Errors%20explained
[controller_server-9] [WARN] [1785623452.366462417] []: TF_OLD_DATA ignoring data from the past for frame base_link at time 2.700000 according to authority Authority undetectable
[controller_server-9] Possible reasons are listed at http://wiki.ros.org/tf/Errors%20explained
[behavior_server-13] [WARN] [1785623452.366486227] []: TF_OLD_DATA ignoring data from the past for frame base_link at time 2.700000 according to authority Authority undetectable
[behavior_server-13] Possible reasons are listed at http://wiki.ros.org/tf/Errors%20explained
[bt_navigator-14] [WARN] [1785623452.366540822] []: TF_OLD_DATA ignoring data from the past for frame base_link at time 2.700000 according to authority Authority undetectable
[bt_navigator-14] Possible reasons are listed at http://wiki.ros.org/tf/Errors%20explained
[route_server-12] [WARN] [1785623452.366580218] []: TF_OLD_DATA ignoring data from the past for frame base_link at time 2.700000 according to authority Authority undetectable
[route_server-12] Possible reasons are listed at http://wiki.ros.org/tf/Errors%20explained
[controller_server-9] [WARN] [1785623452.391599172] []: TF_OLD_DATA ignoring data from the past for frame base_link at time 35.316000 according to authority Authority undetectable
[controller_server-9] Possible reasons are listed at http://wiki.ros.org/tf/Errors%20explained
[amcl-7] [WARN] [1785623452.391622115] []: TF_OLD_DATA ignoring data from the past for frame base_link at time 35.316000 according to authority Authority undetectable
[amcl-7] Possible reasons are listed at http://wiki.ros.org/tf/Errors%20explained
[planner_server-11] [WARN] [1785623452.391621881] []: TF_OLD_DATA ignoring data from the past for frame base_link at time 35.316000 according to authority Authority undetectable
[planner_server-11] Possible reasons are listed at http://wiki.ros.org/tf/Errors%20explained
[smoother_server-10] [WARN] [1785623452.391627579] []: TF_OLD_DATA ignoring data from the past for frame base_link at time 35.316000 according to authority Authority undetectable
[smoother_server-10] Possible reasons are listed at http://wiki.ros.org/tf/Errors%20explained
[behavior_server-13] [WARN] [1785623452.391649385] []: TF_OLD_DATA ignoring data from the past for frame base_link at time 35.316000 according to authority Authority undetectable
[behavior_server-13] Possible reasons are listed at http://wiki.ros.org/tf/Errors%20explained
[route_server-12] [WARN] [1785623452.391658419] []: TF_OLD_DATA ignoring data from the past for frame base_link at time 35.316000 according to authority Authority undetectable
[route_server-12] Possible reasons are listed at http://wiki.ros.org/tf/Errors%20explained
[bt_navigator-14] [WARN] [1785623452.391659285] []: TF_OLD_DATA ignoring data from the past for frame base_link at time 35.316000 according to authority Authority undetectable
[bt_navigator-14] Possible reasons are listed at http://wiki.ros.org/tf/Errors%20explained
[collision_monitor-17] [WARN] [1785623452.391704163] []: TF_OLD_DATA ignoring data from the past for frame base_link at time 35.316000 according to authority Authority undetectable
[collision_monitor-17] Possible reasons are listed at http://wiki.ros.org/tf/Errors%20explained
[controller_server-9] [WARN] [1785623452.400662792] []: TF_OLD_DATA ignoring data from the past for frame base_link at time 18.468000 according to authority Authority undetectable
[controller_server-9] Possible reasons are listed at http://wiki.ros.org/tf/Errors%20explained
[planner_server-11] [WARN] [1785623452.400675293] []: TF_OLD_DATA ignoring data from the past for frame base_link at time 18.468000 according to authority Authority undetectable
[planner_server-11] Possible reasons are listed at http://wiki.ros.org/tf/Errors%20explained
[smoother_server-10] [WARN] [1785623452.400677209] []: TF_OLD_DATA ignoring data from the past for frame base_link at time 18.468000 according to authority Authority undetectable
[smoother_server-10] Possible reasons are listed at http://wiki.ros.org/tf/Errors%20explained
[amcl-7] [WARN] [1785623452.400678177] []: TF_OLD_DATA ignoring data from the past for frame base_link at time 18.468000 according to authority Authority undetectable
[amcl-7] Possible reasons are listed at http://wiki.ros.org/tf/Errors%20explained
[route_server-12] [WARN] [1785623452.400679645] []: TF_OLD_DATA ignoring data from the past for frame base_link at time 18.468000 according to authority Authority undetectable
[route_server-12] Possible reasons are listed at http://wiki.ros.org/tf/Errors%20explained
[collision_monitor-17] [WARN] [1785623452.400692719] []: TF_OLD_DATA ignoring data from the past for frame base_link at time 18.468000 according to authority Authority undetectable
[collision_monitor-17] Possible reasons are listed at http://wiki.ros.org/tf/Errors%20explained
[behavior_server-13] [WARN] [1785623452.400707476] []: TF_OLD_DATA ignoring data from the past for frame base_link at time 18.468000 according to authority Authority undetectable
[behavior_server-13] Possible reasons are listed at http://wiki.ros.org/tf/Errors%20explained
[bt_navigator-14] [WARN] [1785623452.400762255] []: TF_OLD_DATA ignoring data from the past for frame base_link at time 18.468000 according to authority Authority undetectable
[bt_navigator-14] Possible reasons are listed at http://wiki.ros.org/tf/Errors%20explained
[smoother_server-10] [WARN] [1785623452.402635961] []: TF_OLD_DATA ignoring data from the past for frame base_link at time 2.736000 according to authority Authority undetectable
[smoother_server-10] Possible reasons are listed at http://wiki.ros.org/tf/Errors%20explained
[planner_server-11] [WARN] [1785623452.402644790] []: TF_OLD_DATA ignoring data from the past for frame base_link at time 2.736000 according to authority Authority undetectable
[planner_server-11] Possible reasons are listed at http://wiki.ros.org/tf/Errors%20explained
[bt_navigator-14] [WARN] [1785623452.402649901] []: TF_OLD_DATA ignoring data from the past for frame base_link at time 2.736000 according to authority Authority undetectable
[bt_navigator-14] Possible reasons are listed at http://wiki.ros.org/tf/Errors%20explained
[route_server-12] [WARN] [1785623452.402648957] []: TF_OLD_DATA ignoring data from the past for frame base_link at time 2.736000 according to authority Authority undetectable
[route_server-12] Possible reasons are listed at http://wiki.ros.org/tf/Errors%20explained
[controller_server-9] [WARN] [1785623452.402661334] []: TF_OLD_DATA ignoring data from the past for frame base_link at time 2.736000 according to authority Authority undetectable
[controller_server-9] Possible reasons are listed at http://wiki.ros.org/tf/Errors%20explained
[amcl-7] [WARN] [1785623452.402711423] []: TF_OLD_DATA ignoring data from the past for frame base_link at time 2.736000 according to authority Authority undetectable
[amcl-7] Possible reasons are listed at http://wiki.ros.org/tf/Errors%20explained
[collision_monitor-17] [WARN] [1785623452.402743494] []: TF_OLD_DATA ignoring data from the past for frame base_link at time 2.736000 according to authority Authority undetectable
[collision_monitor-17] Possible reasons are listed at http://wiki.ros.org/tf/Errors%20explained
[behavior_server-13] [WARN] [1785623452.402781770] []: TF_OLD_DATA ignoring data from the past for frame base_link at time 2.736000 according to authority Authority undetectable
[behavior_server-13] Possible reasons are listed at http://wiki.ros.org/tf/Errors%20explained
[smoother_server-10] [WARN] [1785623452.427480921] []: TF_OLD_DATA ignoring data from the past for frame base_link at time 35.352000 according to authority Authority undetectable
[smoother_server-10] Possible reasons are listed at http://wiki.ros.org/tf/Errors%20explained
[bt_navigator-14] [WARN] [1785623452.427480886] []: TF_OLD_DATA ignoring data from the past for frame base_link at time 35.352000 according to authority Authority undetectable
[bt_navigator-14] Possible reasons are listed at http://wiki.ros.org/tf/Errors%20explained
[controller_server-9] [WARN] [1785623452.427480960] []: TF_OLD_DATA ignoring data from the past for frame base_link at time 35.352000 according to authority Authority undetectable
[controller_server-9] Possible reasons are listed at http://wiki.ros.org/tf/Errors%20explained
[amcl-7] [WARN] [1785623452.427484728] []: TF_OLD_DATA ignoring data from the past for frame base_link at time 35.352000 according to authority Authority undetectable
[amcl-7] Possible reasons are listed at http://wiki.ros.org/tf/Errors%20explained
[route_server-12] [WARN] [1785623452.427494612] []: TF_OLD_DATA ignoring data from the past for frame base_link at time 35.352000 according to authority Authority undetectable
[route_server-12] Possible reasons are listed at http://wiki.ros.org/tf/Errors%20explained
[planner_server-11] [WARN] [1785623452.427519839] []: TF_OLD_DATA ignoring data from the past for frame base_link at time 35.352000 according to authority Authority undetectable
[planner_server-11] Possible reasons are listed at http://wiki.ros.org/tf/Errors%20explained
[behavior_server-13] [WARN] [1785623452.427514982] []: TF_OLD_DATA ignoring data from the past for frame base_link at time 35.352000 according to authority Authority undetectable
[behavior_server-13] Possible reasons are listed at http://wiki.ros.org/tf/Errors%20explained
[collision_monitor-17] [WARN] [1785623452.427539330] []: TF_OLD_DATA ignoring data from the past for frame base_link at time 35.352000 according to authority Authority undetectable
[collision_monitor-17] Possible reasons are listed at http://wiki.ros.org/tf/Errors%20explained
[lifecycle_manager-19] [INFO] [1785623452.432140402] [lifecycle_manager_navigation]: Server planner_server connected with bond.
[lifecycle_manager-19] [INFO] [1785623452.432198669] [lifecycle_manager_navigation]: [34m[1mActivating route_server[0m[0m
[route_server-12] [INFO] [1785623452.432524846] [route_server]: Activating
[route_server-12] [INFO] [1785623452.432717622] [route_server]: Creating bond (route_server) to lifecycle manager.
[planner_server-11] [WARN] [1785623452.437151935] []: TF_OLD_DATA ignoring data from the past for frame base_link at time 18.504000 according to authority Authority undetectable
[planner_server-11] Possible reasons are listed at http://wiki.ros.org/tf/Errors%20explained
[controller_server-9] [WARN] [1785623452.437161415] []: TF_OLD_DATA ignoring data from the past for frame base_link at time 18.504000 according to authority Authority undetectable
[controller_server-9] Possible reasons are listed at http://wiki.ros.org/tf/Errors%20explained
[route_server-12] [WARN] [1785623452.437271294] []: TF_OLD_DATA ignoring data from the past for frame base_link at time 18.504000 according to authority Authority undetectable
[route_server-12] Possible reasons are listed at http://wiki.ros.org/tf/Errors%20explained
[collision_monitor-17] [WARN] [1785623452.437303634] []: TF_OLD_DATA ignoring data from the past for frame base_link at time 18.504000 according to authority Authority undetectable
[collision_monitor-17] Possible reasons are listed at http://wiki.ros.org/tf/Errors%20explained
[bt_navigator-14] [WARN] [1785623452.437383195] []: TF_OLD_DATA ignoring data from the past for frame base_link at time 18.504000 according to authority Authority undetectable
[bt_navigator-14] Possible reasons are listed at http://wiki.ros.org/tf/Errors%20explained
[smoother_server-10] [WARN] [1785623452.437526547] []: TF_OLD_DATA ignoring data from the past for frame base_link at time 18.504000 according to authority Authority undetectable
[smoother_server-10] Possible reasons are listed at http://wiki.ros.org/tf/Errors%20explained
[amcl-7] [WARN] [1785623452.438133367] []: TF_OLD_DATA ignoring data from the past for frame base_link at time 18.504000 according to authority Authority undetectable
[amcl-7] Possible reasons are listed at http://wiki.ros.org/tf/Errors%20explained
[controller_server-9] [WARN] [1785623452.438640066] []: TF_OLD_DATA ignoring data from the past for frame base_link at time 2.772000 according to authority Authority undetectable
[controller_server-9] Possible reasons are listed at http://wiki.ros.org/tf/Errors%20explained
[smoother_server-10] [WARN] [1785623452.438668828] []: TF_OLD_DATA ignoring data from the past for frame base_link at time 2.772000 according to authority Authority undetectable
[smoother_server-10] Possible reasons are listed at http://wiki.ros.org/tf/Errors%20explained
[collision_monitor-17] [WARN] [1785623452.438681928] []: TF_OLD_DATA ignoring data from the past for frame base_link at time 2.772000 according to authority Authority undetectable
[collision_monitor-17] Possible reasons are listed at http://wiki.ros.org/tf/Errors%20explained
[amcl-7] [WARN] [1785623452.438740842] []: TF_OLD_DATA ignoring data from the past for frame base_link at time 2.772000 according to authority Authority undetectable
[amcl-7] Possible reasons are listed at http://wiki.ros.org/tf/Errors%20explained
[planner_server-11] [WARN] [1785623452.438739039] []: TF_OLD_DATA ignoring data from the past for frame base_link at time 2.772000 according to authority Authority undetectable
[planner_server-11] Possible reasons are listed at http://wiki.ros.org/tf/Errors%20explained
[route_server-12] [WARN] [1785623452.438754182] []: TF_OLD_DATA ignoring data from the past for frame base_link at time 2.772000 according to authority Authority undetectable
[route_server-12] Possible reasons are listed at http://wiki.ros.org/tf/Errors%20explained
[bt_navigator-14] [WARN] [1785623452.438825172] []: TF_OLD_DATA ignoring data from the past for frame base_link at time 2.772000 according to authority Authority undetectable
[bt_navigator-14] Possible reasons are listed at http://wiki.ros.org/tf/Errors%20explained
[behavior_server-13] [WARN] [1785623452.439224915] []: TF_OLD_DATA ignoring data from the past for frame base_link at time 18.504000 according to authority Authority undetectable
[behavior_server-13] Possible reasons are listed at http://wiki.ros.org/tf/Errors%20explained
[behavior_server-13] [WARN] [1785623452.439260359] []: TF_OLD_DATA ignoring data from the past for frame base_link at time 2.772000 according to authority Authority undetectable
[behavior_server-13] Possible reasons are listed at http://wiki.ros.org/tf/Errors%20explained
[controller_server-9] [WARN] [1785623452.463642369] []: TF_OLD_DATA ignoring data from the past for frame base_link at time 35.388000 according to authority Authority undetectable
[controller_server-9] Possible reasons are listed at http://wiki.ros.org/tf/Errors%20explained
[smoother_server-10] [WARN] [1785623452.463672270] []: TF_OLD_DATA ignoring data from the past for frame base_link at time 35.388000 according to authority Authority undetectable
[smoother_server-10] Possible reasons are listed at http://wiki.ros.org/tf/Errors%20explained
[amcl-7] [WARN] [1785623452.463675015] []: TF_OLD_DATA ignoring data from the past for frame base_link at time 35.388000 according to authority Authority undetectable
[amcl-7] Possible reasons are listed at http://wiki.ros.org/tf/Errors%20explained
[planner_server-11] [WARN] [1785623452.463683771] []: TF_OLD_DATA ignoring data from the past for frame base_link at time 35.388000 according to authority Authority undetectable
[planner_server-11] Possible reasons are listed at http://wiki.ros.org/tf/Errors%20explained
[collision_monitor-17] [WARN] [1785623452.463695243] []: TF_OLD_DATA ignoring data from the past for frame base_link at time 35.388000 according to authority Authority undetectable
[collision_monitor-17] Possible reasons are listed at http://wiki.ros.org/tf/Errors%20explained
[route_server-12] [WARN] [1785623452.463737109] []: TF_OLD_DATA ignoring data from the past for frame base_link at time 35.388000 according to authority Authority undetectable
[route_server-12] Possible reasons are listed at http://wiki.ros.org/tf/Errors%20explained
[behavior_server-13] [WARN] [1785623452.463781903] []: TF_OLD_DATA ignoring data from the past for frame base_link at time 35.388000 according to authority Authority undetectable
[behavior_server-13] Possible reasons are listed at http://wiki.ros.org/tf/Errors%20explained
[bt_navigator-14] [WARN] [1785623452.463785926] []: TF_OLD_DATA ignoring data from the past for frame base_link at time 35.388000 according to authority Authority undetectable
[bt_navigator-14] Possible reasons are listed at http://wiki.ros.org/tf/Errors%20explained
[bt_navigator-14] [WARN] [1785623452.472660974] []: TF_OLD_DATA ignoring data from the past for frame base_link at time 18.540000 according to authority Authority undetectable
[bt_navigator-14] Possible reasons are listed at http://wiki.ros.org/tf/Errors%20explained
[amcl-7] [WARN] [1785623452.472662236] []: TF_OLD_DATA ignoring data from the past for frame base_link at time 18.540000 according to authority Authority undetectable
[amcl-7] Possible reasons are listed at http://wiki.ros.org/tf/Errors%20explained
[controller_server-9] [WARN] [1785623452.472691254] []: TF_OLD_DATA ignoring data from the past for frame base_link at time 18.540000 according to authority Authority undetectable
[controller_server-9] Possible reasons are listed at http://wiki.ros.org/tf/Errors%20explained
[route_server-12] [WARN] [1785623452.472723062] []: TF_OLD_DATA ignoring data from the past for frame base_link at time 18.540000 according to authority Authority undetectable
[route_server-12] Possible reasons are listed at http://wiki.ros.org/tf/Errors%20explained
[collision_monitor-17] [WARN] [1785623452.472734806] []: TF_OLD_DATA ignoring data from the past for frame base_link at time 18.540000 according to authority Authority undetectable
[collision_monitor-17] Possible reasons are listed at http://wiki.ros.org/tf/Errors%20explained
[planner_server-11] [WARN] [1785623452.472776393] []: TF_OLD_DATA ignoring data from the past for frame base_link at time 18.540000 according to authority Authority undetectable
[planner_server-11] Possible reasons are listed at http://wiki.ros.org/tf/Errors%20explained
[behavior_server-13] [WARN] [1785623452.472810972] []: TF_OLD_DATA ignoring data from the past for frame base_link at time 18.540000 according to authority Authority undetectable
[behavior_server-13] Possible reasons are listed at http://wiki.ros.org/tf/Errors%20explained
[smoother_server-10] [WARN] [1785623452.472835474] []: TF_OLD_DATA ignoring data from the past for frame base_link at time 18.540000 according to authority Authority undetectable
[smoother_server-10] Possible reasons are listed at http://wiki.ros.org/tf/Errors%20explained
[controller_server-9] [WARN] [1785623452.474460165] []: TF_OLD_DATA ignoring data from the past for frame base_link at time 2.808000 according to authority Authority undetectable
[controller_server-9] Possible reasons are listed at http://wiki.ros.org/tf/Errors%20explained
[smoother_server-10] [WARN] [1785623452.474473278] []: TF_OLD_DATA ignoring data from the past for frame base_link at time 2.808000 according to authority Authority undetectable
[smoother_server-10] Possible reasons are listed at http://wiki.ros.org/tf/Errors%20explained
[amcl-7] [WARN] [1785623452.474482211] []: TF_OLD_DATA ignoring data from the past for frame base_link at time 2.808000 according to authority Authority undetectable
[amcl-7] Possible reasons are listed at http://wiki.ros.org/tf/Errors%20explained
[planner_server-11] [WARN] [1785623452.474486962] []: TF_OLD_DATA ignoring data from the past for frame base_link at time 2.808000 according to authority Authority undetectable
[planner_server-11] Possible reasons are listed at http://wiki.ros.org/tf/Errors%20explained
[behavior_server-13] [WARN] [1785623452.474489001] []: TF_OLD_DATA ignoring data from the past for frame base_link at time 2.808000 according to authority Authority undetectable
[behavior_server-13] Possible reasons are listed at http://wiki.ros.org/tf/Errors%20explained
[bt_navigator-14] [WARN] [1785623452.474515409] []: TF_OLD_DATA ignoring data from the past for frame base_link at time 2.808000 according to authority Authority undetectable
[bt_navigator-14] Possible reasons are listed at http://wiki.ros.org/tf/Errors%20explained
[route_server-12] [WARN] [1785623452.474521410] []: TF_OLD_DATA ignoring data from the past for frame base_link at time 2.808000 according to authority Authority undetectable
[route_server-12] Possible reasons are listed at http://wiki.ros.org/tf/Errors%20explained
[collision_monitor-17] [WARN] [1785623452.474557141] []: TF_OLD_DATA ignoring data from the past for frame base_link at time 2.808000 according to authority Authority undetectable
[collision_monitor-17] Possible reasons are listed at http://wiki.ros.org/tf/Errors%20explained
[smoother_server-10] [INFO] [1785623452.498785851] [smoother_server]: Received a path to smooth.
[bt_navigator-14] [WARN] [1785623452.499881184] []: TF_OLD_DATA ignoring data from the past for frame base_link at time 35.424000 according to authority Authority undetectable
[bt_navigator-14] Possible reasons are listed at http://wiki.ros.org/tf/Errors%20explained
[amcl-7] [WARN] [1785623452.499899524] []: TF_OLD_DATA ignoring data from the past for frame base_link at time 35.424000 according to authority Authority undetectable
[amcl-7] Possible reasons are listed at http://wiki.ros.org/tf/Errors%20explained
[behavior_server-13] [WARN] [1785623452.499897546] []: TF_OLD_DATA ignoring data from the past for frame base_link at time 35.424000 according to authority Authority undetectable
[behavior_server-13] Possible reasons are listed at http://wiki.ros.org/tf/Errors%20explained
[collision_monitor-17] [WARN] [1785623452.499982126] []: TF_OLD_DATA ignoring data from the past for frame base_link at time 35.424000 according to authority Authority undetectable
[collision_monitor-17] Possible reasons are listed at http://wiki.ros.org/tf/Errors%20explained
[planner_server-11] [WARN] [1785623452.500063472] []: TF_OLD_DATA ignoring data from the past for frame base_link at time 35.424000 according to authority Authority undetectable
[planner_server-11] Possible reasons are listed at http://wiki.ros.org/tf/Errors%20explained
[controller_server-9] [WARN] [1785623452.500126492] []: TF_OLD_DATA ignoring data from the past for frame base_link at time 35.424000 according to authority Authority undetectable
[controller_server-9] Possible reasons are listed at http://wiki.ros.org/tf/Errors%20explained
[smoother_server-10] [WARN] [1785623452.500282955] []: TF_OLD_DATA ignoring data from the past for frame base_link at time 35.424000 according to authority Authority undetectable
[smoother_server-10] Possible reasons are listed at http://wiki.ros.org/tf/Errors%20explained
[route_server-12] [WARN] [1785623452.500339623] []: TF_OLD_DATA ignoring data from the past for frame base_link at time 35.424000 according to authority Authority undetectable
[route_server-12] Possible reasons are listed at http://wiki.ros.org/tf/Errors%20explained
[smoother_server-10] [WARN] [1785623452.508719424] []: TF_OLD_DATA ignoring data from the past for frame base_link at time 18.576000 according to authority Authority undetectable
[smoother_server-10] Possible reasons are listed at http://wiki.ros.org/tf/Errors%20explained
[planner_server-11] [WARN] [1785623452.508725610] []: TF_OLD_DATA ignoring data from the past for frame base_link at time 18.576000 according to authority Authority undetectable
[planner_server-11] Possible reasons are listed at http://wiki.ros.org/tf/Errors%20explained
[amcl-7] [WARN] [1785623452.508725222] []: TF_OLD_DATA ignoring data from the past for frame base_link at time 18.576000 according to authority Authority undetectable
[amcl-7] Possible reasons are listed at http://wiki.ros.org/tf/Errors%20explained
[controller_server-9] [WARN] [1785623452.508695166] []: TF_OLD_DATA ignoring data from the past for frame base_link at time 18.576000 according to authority Authority undetectable
[controller_server-9] Possible reasons are listed at http://wiki.ros.org/tf/Errors%20explained
[collision_monitor-17] [WARN] [1785623452.508762010] []: TF_OLD_DATA ignoring data from the past for frame base_link at time 18.576000 according to authority Authority undetectable
[collision_monitor-17] Possible reasons are listed at http://wiki.ros.org/tf/Errors%20explained
[behavior_server-13] [WARN] [1785623452.508799116] []: TF_OLD_DATA ignoring data from the past for frame base_link at time 18.576000 according to authority Authority undetectable
[behavior_server-13] Possible reasons are listed at http://wiki.ros.org/tf/Errors%20explained
[route_server-12] [WARN] [1785623452.508807869] []: TF_OLD_DATA ignoring data from the past for frame base_link at time 18.576000 according to authority Authority undetectable
[route_server-12] Possible reasons are listed at http://wiki.ros.org/tf/Errors%20explained
[bt_navigator-14] [WARN] [1785623452.508818000] []: TF_OLD_DATA ignoring data from the past for frame base_link at time 18.576000 according to authority Authority undetectable
[bt_navigator-14] Possible reasons are listed at http://wiki.ros.org/tf/Errors%20explained
[smoother_server-10] [WARN] [1785623452.510782788] []: TF_OLD_DATA ignoring data from the past for frame base_link at time 2.844000 according to authority Authority undetectable
[smoother_server-10] Possible reasons are listed at http://wiki.ros.org/tf/Errors%20explained
[controller_server-9] [WARN] [1785623452.510783000] []: TF_OLD_DATA ignoring data from the past for frame base_link at time 2.844000 according to authority Authority undetectable
[controller_server-9] Possible reasons are listed at http://wiki.ros.org/tf/Errors%20explained
[route_server-12] [WARN] [1785623452.510801264] []: TF_OLD_DATA ignoring data from the past for frame base_link at time 2.844000 according to authority Authority undetectable
[route_server-12] Possible reasons are listed at http://wiki.ros.org/tf/Errors%20explained
[planner_server-11] [WARN] [1785623452.510802121] []: TF_OLD_DATA ignoring data from the past for frame base_link at time 2.844000 according to authority Authority undetectable
[planner_server-11] Possible reasons are listed at http://wiki.ros.org/tf/Errors%20explained
[amcl-7] [WARN] [1785623452.510817012] []: TF_OLD_DATA ignoring data from the past for frame base_link at time 2.844000 according to authority Authority undetectable
[amcl-7] Possible reasons are listed at http://wiki.ros.org/tf/Errors%20explained
[behavior_server-13] [WARN] [1785623452.510827227] []: TF_OLD_DATA ignoring data from the past for frame base_link at time 2.844000 according to authority Authority undetectable
[behavior_server-13] Possible reasons are listed at http://wiki.ros.org/tf/Errors%20explained
[bt_navigator-14] [WARN] [1785623452.510859475] []: TF_OLD_DATA ignoring data from the past for frame base_link at time 2.844000 according to authority Authority undetectable
[bt_navigator-14] Possible reasons are listed at http://wiki.ros.org/tf/Errors%20explained
[collision_monitor-17] [WARN] [1785623452.510945829] []: TF_OLD_DATA ignoring data from the past for frame base_link at time 2.844000 according to authority Authority undetectable
[collision_monitor-17] Possible reasons are listed at http://wiki.ros.org/tf/Errors%20explained
[controller_server-9] [WARN] [1785623452.535763512] []: TF_OLD_DATA ignoring data from the past for frame base_link at time 35.460000 according to authority Authority undetectable
[controller_server-9] Possible reasons are listed at http://wiki.ros.org/tf/Errors%20explained
[smoother_server-10] [WARN] [1785623452.535789907] []: TF_OLD_DATA ignoring data from the past for frame base_link at time 35.460000 according to authority Authority undetectable
[smoother_server-10] Possible reasons are listed at http://wiki.ros.org/tf/Errors%20explained
[route_server-12] [WARN] [1785623452.535787773] []: TF_OLD_DATA ignoring data from the past for frame base_link at time 35.460000 according to authority Authority undetectable
[route_server-12] Possible reasons are listed at http://wiki.ros.org/tf/Errors%20explained
[bt_navigator-14] [WARN] [1785623452.535803092] []: TF_OLD_DATA ignoring data from the past for frame base_link at time 35.460000 according to authority Authority undetectable
[bt_navigator-14] Possible reasons are listed at http://wiki.ros.org/tf/Errors%20explained
[collision_monitor-17] [WARN] [1785623452.535820381] []: TF_OLD_DATA ignoring data from the past for frame base_link at time 35.460000 according to authority Authority undetectable
[collision_monitor-17] Possible reasons are listed at http://wiki.ros.org/tf/Errors%20explained
[amcl-7] [WARN] [1785623452.535833256] []: TF_OLD_DATA ignoring data from the past for frame base_link at time 35.460000 according to authority Authority undetectable
[amcl-7] Possible reasons are listed at http://wiki.ros.org/tf/Errors%20explained
[planner_server-11] [WARN] [1785623452.535842148] []: TF_OLD_DATA ignoring data from the past for frame base_link at time 35.460000 according to authority Authority undetectable
[planner_server-11] Possible reasons are listed at http://wiki.ros.org/tf/Errors%20explained
[behavior_server-13] [WARN] [1785623452.535895468] []: TF_OLD_DATA ignoring data from the past for frame base_link at time 35.460000 according to authority Authority undetectable
[behavior_server-13] Possible reasons are listed at http://wiki.ros.org/tf/Errors%20explained
[lifecycle_manager-19] [INFO] [1785623452.538509759] [lifecycle_manager_navigation]: Server route_server connected with bond.
[lifecycle_manager-19] [INFO] [1785623452.538552878] [lifecycle_manager_navigation]: [34m[1mActivating behavior_server[0m[0m
[behavior_server-13] [INFO] [1785623452.538923283] [behavior_server]: Activating
[behavior_server-13] [INFO] [1785623452.538942815] [behavior_server]: Activating spin
[behavior_server-13] [INFO] [1785623452.538968945] [behavior_server]: Activating backup
[behavior_server-13] [INFO] [1785623452.538974649] [behavior_server]: Activating drive_on_heading
[behavior_server-13] [INFO] [1785623452.538979973] [behavior_server]: Activating assisted_teleop
[behavior_server-13] [INFO] [1785623452.538991008] [behavior_server]: Activating wait
[behavior_server-13] [INFO] [1785623452.539000351] [behavior_server]: Creating bond (behavior_server) to lifecycle manager.
[behavior_server-13] [WARN] [1785623452.544520302] []: TF_OLD_DATA ignoring data from the past for frame base_link at time 18.612000 according to authority Authority undetectable
[behavior_server-13] Possible reasons are listed at http://wiki.ros.org/tf/Errors%20explained
[smoother_server-10] [WARN] [1785623452.544520275] []: TF_OLD_DATA ignoring data from the past for frame base_link at time 18.612000 according to authority Authority undetectable
[smoother_server-10] Possible reasons are listed at http://wiki.ros.org/tf/Errors%20explained
[smoother_server-10] [INFO] [1785623452.544589684] [smoother_server]: PSTMO: 4 corners, 4 G2, 0 pivots, 0 pass-through, 160 evaluations, 0.045431 s
[controller_server-9] [WARN] [1785623452.544521470] []: TF_OLD_DATA ignoring data from the past for frame base_link at time 18.612000 according to authority Authority undetectable
[controller_server-9] Possible reasons are listed at http://wiki.ros.org/tf/Errors%20explained
[collision_monitor-17] [WARN] [1785623452.544528721] []: TF_OLD_DATA ignoring data from the past for frame base_link at time 18.612000 according to authority Authority undetectable
[collision_monitor-17] Possible reasons are listed at http://wiki.ros.org/tf/Errors%20explained
[planner_server-11] [WARN] [1785623452.544551875] []: TF_OLD_DATA ignoring data from the past for frame base_link at time 18.612000 according to authority Authority undetectable
[planner_server-11] Possible reasons are listed at http://wiki.ros.org/tf/Errors%20explained
[route_server-12] [WARN] [1785623452.544641847] []: TF_OLD_DATA ignoring data from the past for frame base_link at time 18.612000 according to authority Authority undetectable
[route_server-12] Possible reasons are listed at http://wiki.ros.org/tf/Errors%20explained
[bt_navigator-14] [WARN] [1785623452.544660860] []: TF_OLD_DATA ignoring data from the past for frame base_link at time 18.612000 according to authority Authority undetectable
[bt_navigator-14] Possible reasons are listed at http://wiki.ros.org/tf/Errors%20explained
[amcl-7] [WARN] [1785623452.544680824] []: TF_OLD_DATA ignoring data from the past for frame base_link at time 18.612000 according to authority Authority undetectable
[amcl-7] Possible reasons are listed at http://wiki.ros.org/tf/Errors%20explained
[planner_server-11] [WARN] [1785623452.546631426] []: TF_OLD_DATA ignoring data from the past for frame base_link at time 2.880000 according to authority Authority undetectable
[planner_server-11] Possible reasons are listed at http://wiki.ros.org/tf/Errors%20explained
[smoother_server-10] [WARN] [1785623452.546635852] []: TF_OLD_DATA ignoring data from the past for frame base_link at time 2.880000 according to authority Authority undetectable
[smoother_server-10] Possible reasons are listed at http://wiki.ros.org/tf/Errors%20explained
[bt_navigator-14] [WARN] [1785623452.546652139] []: TF_OLD_DATA ignoring data from the past for frame base_link at time 2.880000 according to authority Authority undetectable
[bt_navigator-14] Possible reasons are listed at http://wiki.ros.org/tf/Errors%20explained
[behavior_server-13] [WARN] [1785623452.546658968] []: TF_OLD_DATA ignoring data from the past for frame base_link at time 2.880000 according to authority Authority undetectable
[behavior_server-13] Possible reasons are listed at http://wiki.ros.org/tf/Errors%20explained
[controller_server-9] [WARN] [1785623452.546703413] []: TF_OLD_DATA ignoring data from the past for frame base_link at time 2.880000 according to authority Authority undetectable
[controller_server-9] Possible reasons are listed at http://wiki.ros.org/tf/Errors%20explained
[amcl-7] [WARN] [1785623452.546732464] []: TF_OLD_DATA ignoring data from the past for frame base_link at time 2.880000 according to authority Authority undetectable
[amcl-7] Possible reasons are listed at http://wiki.ros.org/tf/Errors%20explained
[route_server-12] [WARN] [1785623452.546863991] []: TF_OLD_DATA ignoring data from the past for frame base_link at time 2.880000 according to authority Authority undetectable
[route_server-12] Possible reasons are listed at http://wiki.ros.org/tf/Errors%20explained
[collision_monitor-17] [WARN] [1785623452.546899324] []: TF_OLD_DATA ignoring data from the past for frame base_link at time 2.880000 according to authority Authority undetectable
[collision_monitor-17] Possible reasons are listed at http://wiki.ros.org/tf/Errors%20explained
[smoother_server-10] [INFO] [1785623452.569145339] [smoother_server]: PSTMO: 2 corners, 2 G2, 0 pivots, 0 pass-through, 80 evaluations, 0.024324 s
[smoother_server-10] [INFO] [1785623452.569672783] [smoother_server]: PSTMO LOS selector chose LOS (no-LOS=0.613805, LOS=0.533509, reason=los_quality_improvement)
[bt_navigator-14] [WARN] [1785623452.571611993] []: TF_OLD_DATA ignoring data from the past for frame base_link at time 35.496000 according to authority Authority undetectable
[bt_navigator-14] Possible reasons are listed at http://wiki.ros.org/tf/Errors%20explained
[controller_server-9] [WARN] [1785623452.571612247] []: TF_OLD_DATA ignoring data from the past for frame base_link at time 35.496000 according to authority Authority undetectable
[controller_server-9] Possible reasons are listed at http://wiki.ros.org/tf/Errors%20explained
[planner_server-11] [WARN] [1785623452.571619789] []: TF_OLD_DATA ignoring data from the past for frame base_link at time 35.496000 according to authority Authority undetectable
[planner_server-11] Possible reasons are listed at http://wiki.ros.org/tf/Errors%20explained
[route_server-12] [WARN] [1785623452.571629337] []: TF_OLD_DATA ignoring data from the past for frame base_link at time 35.496000 according to authority Authority undetectable
[route_server-12] Possible reasons are listed at http://wiki.ros.org/tf/Errors%20explained
[smoother_server-10] [WARN] [1785623452.571631963] []: TF_OLD_DATA ignoring data from the past for frame base_link at time 35.496000 according to authority Authority undetectable
[smoother_server-10] Possible reasons are listed at http://wiki.ros.org/tf/Errors%20explained
[amcl-7] [WARN] [1785623452.571670488] []: TF_OLD_DATA ignoring data from the past for frame base_link at time 35.496000 according to authority Authority undetectable
[amcl-7] Possible reasons are listed at http://wiki.ros.org/tf/Errors%20explained
[behavior_server-13] [WARN] [1785623452.571681439] []: TF_OLD_DATA ignoring data from the past for frame base_link at time 35.496000 according to authority Authority undetectable
[behavior_server-13] Possible reasons are listed at http://wiki.ros.org/tf/Errors%20explained
[collision_monitor-17] [WARN] [1785623452.571699473] []: TF_OLD_DATA ignoring data from the past for frame base_link at time 35.496000 according to authority Authority undetectable
[collision_monitor-17] Possible reasons are listed at http://wiki.ros.org/tf/Errors%20explained
[amcl-7] [WARN] [1785623452.580458271] []: TF_OLD_DATA ignoring data from the past for frame base_link at time 18.648000 according to authority Authority undetectable
[amcl-7] Possible reasons are listed at http://wiki.ros.org/tf/Errors%20explained
[controller_server-9] [WARN] [1785623452.580457416] []: TF_OLD_DATA ignoring data from the past for frame base_link at time 18.648000 according to authority Authority undetectable
[controller_server-9] Possible reasons are listed at http://wiki.ros.org/tf/Errors%20explained
[bt_navigator-14] [WARN] [1785623452.580474863] []: TF_OLD_DATA ignoring data from the past for frame base_link at time 18.648000 according to authority Authority undetectable
[bt_navigator-14] Possible reasons are listed at http://wiki.ros.org/tf/Errors%20explained
[route_server-12] [WARN] [1785623452.580476842] []: TF_OLD_DATA ignoring data from the past for frame base_link at time 18.648000 according to authority Authority undetectable
[route_server-12] Possible reasons are listed at http://wiki.ros.org/tf/Errors%20explained
[behavior_server-13] [WARN] [1785623452.580523117] []: TF_OLD_DATA ignoring data from the past for frame base_link at time 18.648000 according to authority Authority undetectable
[behavior_server-13] Possible reasons are listed at http://wiki.ros.org/tf/Errors%20explained
[smoother_server-10] [WARN] [1785623452.580538725] []: TF_OLD_DATA ignoring data from the past for frame base_link at time 18.648000 according to authority Authority undetectable
[smoother_server-10] Possible reasons are listed at http://wiki.ros.org/tf/Errors%20explained
[collision_monitor-17] [WARN] [1785623452.580817662] []: TF_OLD_DATA ignoring data from the past for frame base_link at time 18.648000 according to authority Authority undetectable
[collision_monitor-17] Possible reasons are listed at http://wiki.ros.org/tf/Errors%20explained
[planner_server-11] [WARN] [1785623452.581049964] []: TF_OLD_DATA ignoring data from the past for frame base_link at time 18.648000 according to authority Authority undetectable
[planner_server-11] Possible reasons are listed at http://wiki.ros.org/tf/Errors%20explained
[controller_server-9] [WARN] [1785623452.582460196] []: TF_OLD_DATA ignoring data from the past for frame base_link at time 2.916000 according to authority Authority undetectable
[controller_server-9] Possible reasons are listed at http://wiki.ros.org/tf/Errors%20explained
[amcl-7] [WARN] [1785623452.582473137] []: TF_OLD_DATA ignoring data from the past for frame base_link at time 2.916000 according to authority Authority undetectable
[amcl-7] Possible reasons are listed at http://wiki.ros.org/tf/Errors%20explained
[planner_server-11] [WARN] [1785623452.582489371] []: TF_OLD_DATA ignoring data from the past for frame base_link at time 2.916000 according to authority Authority undetectable
[planner_server-11] Possible reasons are listed at http://wiki.ros.org/tf/Errors%20explained
[collision_monitor-17] [WARN] [1785623452.582523900] []: TF_OLD_DATA ignoring data from the past for frame base_link at time 2.916000 according to authority Authority undetectable
[collision_monitor-17] Possible reasons are listed at http://wiki.ros.org/tf/Errors%20explained
[bt_navigator-14] [WARN] [1785623452.582530867] []: TF_OLD_DATA ignoring data from the past for frame base_link at time 2.916000 according to authority Authority undetectable
[bt_navigator-14] Possible reasons are listed at http://wiki.ros.org/tf/Errors%20explained
[smoother_server-10] [WARN] [1785623452.582552991] []: TF_OLD_DATA ignoring data from the past for frame base_link at time 2.916000 according to authority Authority undetectable
[smoother_server-10] Possible reasons are listed at http://wiki.ros.org/tf/Errors%20explained
[behavior_server-13] [WARN] [1785623452.582557349] []: TF_OLD_DATA ignoring data from the past for frame base_link at time 2.916000 according to authority Authority undetectable
[behavior_server-13] Possible reasons are listed at http://wiki.ros.org/tf/Errors%20explained
[route_server-12] [WARN] [1785623452.582593888] []: TF_OLD_DATA ignoring data from the past for frame base_link at time 2.916000 according to authority Authority undetectable
[route_server-12] Possible reasons are listed at http://wiki.ros.org/tf/Errors%20explained
[controller_server-9] [WARN] [1785623452.607711302] []: TF_OLD_DATA ignoring data from the past for frame base_link at time 35.532000 according to authority Authority undetectable
[controller_server-9] Possible reasons are listed at http://wiki.ros.org/tf/Errors%20explained
[behavior_server-13] [WARN] [1785623452.607742301] []: TF_OLD_DATA ignoring data from the past for frame base_link at time 35.532000 according to authority Authority undetectable
[behavior_server-13] Possible reasons are listed at http://wiki.ros.org/tf/Errors%20explained
[route_server-12] [WARN] [1785623452.607751157] []: TF_OLD_DATA ignoring data from the past for frame base_link at time 35.532000 according to authority Authority undetectable
[route_server-12] Possible reasons are listed at http://wiki.ros.org/tf/Errors%20explained
[bt_navigator-14] [WARN] [1785623452.607753555] []: TF_OLD_DATA ignoring data from the past for frame base_link at time 35.532000 according to authority Authority undetectable
[bt_navigator-14] Possible reasons are listed at http://wiki.ros.org/tf/Errors%20explained
[smoother_server-10] [WARN] [1785623452.607755042] []: TF_OLD_DATA ignoring data from the past for frame base_link at time 35.532000 according to authority Authority undetectable
[smoother_server-10] Possible reasons are listed at http://wiki.ros.org/tf/Errors%20explained
[planner_server-11] [WARN] [1785623452.607757388] []: TF_OLD_DATA ignoring data from the past for frame base_link at time 35.532000 according to authority Authority undetectable
[planner_server-11] Possible reasons are listed at http://wiki.ros.org/tf/Errors%20explained
[collision_monitor-17] [WARN] [1785623452.607754974] []: TF_OLD_DATA ignoring data from the past for frame base_link at time 35.532000 according to authority Authority undetectable
[collision_monitor-17] Possible reasons are listed at http://wiki.ros.org/tf/Errors%20explained
[amcl-7] [WARN] [1785623452.607841391] []: TF_OLD_DATA ignoring data from the past for frame base_link at time 35.532000 according to authority Authority undetectable
[amcl-7] Possible reasons are listed at http://wiki.ros.org/tf/Errors%20explained
[controller_server-9] [WARN] [1785623452.616482914] []: TF_OLD_DATA ignoring data from the past for frame base_link at time 18.684000 according to authority Authority undetectable
[controller_server-9] Possible reasons are listed at http://wiki.ros.org/tf/Errors%20explained
[amcl-7] [WARN] [1785623452.616483023] []: TF_OLD_DATA ignoring data from the past for frame base_link at time 18.684000 according to authority Authority undetectable
[amcl-7] Possible reasons are listed at http://wiki.ros.org/tf/Errors%20explained
[bt_navigator-14] [WARN] [1785623452.616483771] []: TF_OLD_DATA ignoring data from the past for frame base_link at time 18.684000 according to authority Authority undetectable
[bt_navigator-14] Possible reasons are listed at http://wiki.ros.org/tf/Errors%20explained
[planner_server-11] [WARN] [1785623452.616498468] []: TF_OLD_DATA ignoring data from the past for frame base_link at time 18.684000 according to authority Authority undetectable
[planner_server-11] Possible reasons are listed at http://wiki.ros.org/tf/Errors%20explained
[collision_monitor-17] [WARN] [1785623452.616545727] []: TF_OLD_DATA ignoring data from the past for frame base_link at time 18.684000 according to authority Authority undetectable
[collision_monitor-17] Possible reasons are listed at http://wiki.ros.org/tf/Errors%20explained
[route_server-12] [WARN] [1785623452.616604223] []: TF_OLD_DATA ignoring data from the past for frame base_link at time 18.684000 according to authority Authority undetectable
[route_server-12] Possible reasons are listed at http://wiki.ros.org/tf/Errors%20explained
[smoother_server-10] [WARN] [1785623452.616610538] []: TF_OLD_DATA ignoring data from the past for frame base_link at time 18.684000 according to authority Authority undetectable
[smoother_server-10] Possible reasons are listed at http://wiki.ros.org/tf/Errors%20explained
[behavior_server-13] [WARN] [1785623452.616634872] []: TF_OLD_DATA ignoring data from the past for frame base_link at time 18.684000 according to authority Authority undetectable
[behavior_server-13] Possible reasons are listed at http://wiki.ros.org/tf/Errors%20explained
[smoother_server-10] [WARN] [1785623452.618679794] []: TF_OLD_DATA ignoring data from the past for frame base_link at time 2.952000 according to authority Authority undetectable
[smoother_server-10] Possible reasons are listed at http://wiki.ros.org/tf/Errors%20explained
[amcl-7] [WARN] [1785623452.618679701] []: TF_OLD_DATA ignoring data from the past for frame base_link at time 2.952000 according to authority Authority undetectable
[amcl-7] Possible reasons are listed at http://wiki.ros.org/tf/Errors%20explained
[route_server-12] [WARN] [1785623452.618697949] []: TF_OLD_DATA ignoring data from the past for frame base_link at time 2.952000 according to authority Authority undetectable
[route_server-12] Possible reasons are listed at http://wiki.ros.org/tf/Errors%20explained
[collision_monitor-17] [WARN] [1785623452.618710103] []: TF_OLD_DATA ignoring data from the past for frame base_link at time 2.952000 according to authority Authority undetectable
[collision_monitor-17] Possible reasons are listed at http://wiki.ros.org/tf/Errors%20explained
[bt_navigator-14] [WARN] [1785623452.618716799] []: TF_OLD_DATA ignoring data from the past for frame base_link at time 2.952000 according to authority Authority undetectable
[bt_navigator-14] Possible reasons are listed at http://wiki.ros.org/tf/Errors%20explained
[behavior_server-13] [WARN] [1785623452.618734082] []: TF_OLD_DATA ignoring data from the past for frame base_link at time 2.952000 according to authority Authority undetectable
[behavior_server-13] Possible reasons are listed at http://wiki.ros.org/tf/Errors%20explained
[planner_server-11] [WARN] [1785623452.618742507] []: TF_OLD_DATA ignoring data from the past for frame base_link at time 2.952000 according to authority Authority undetectable
[planner_server-11] Possible reasons are listed at http://wiki.ros.org/tf/Errors%20explained
[controller_server-9] [WARN] [1785623452.618827435] []: TF_OLD_DATA ignoring data from the past for frame base_link at time 2.952000 according to authority Authority undetectable
[controller_server-9] Possible reasons are listed at http://wiki.ros.org/tf/Errors%20explained
[amcl-7] [WARN] [1785623452.643589348] []: TF_OLD_DATA ignoring data from the past for frame base_link at time 35.568000 according to authority Authority undetectable
[amcl-7] Possible reasons are listed at http://wiki.ros.org/tf/Errors%20explained
[planner_server-11] [WARN] [1785623452.643600514] []: TF_OLD_DATA ignoring data from the past for frame base_link at time 35.568000 according to authority Authority undetectable
[planner_server-11] Possible reasons are listed at http://wiki.ros.org/tf/Errors%20explained
[route_server-12] [WARN] [1785623452.643603052] []: TF_OLD_DATA ignoring data from the past for frame base_link at time 35.568000 according to authority Authority undetectable
[route_server-12] Possible reasons are listed at http://wiki.ros.org/tf/Errors%20explained
[behavior_server-13] [WARN] [1785623452.643614192] []: TF_OLD_DATA ignoring data from the past for frame base_link at time 35.568000 according to authority Authority undetectable
[behavior_server-13] Possible reasons are listed at http://wiki.ros.org/tf/Errors%20explained
[collision_monitor-17] [WARN] [1785623452.643635448] []: TF_OLD_DATA ignoring data from the past for frame base_link at time 35.568000 according to authority Authority undetectable
[collision_monitor-17] Possible reasons are listed at http://wiki.ros.org/tf/Errors%20explained
[bt_navigator-14] [WARN] [1785623452.643643167] []: TF_OLD_DATA ignoring data from the past for frame base_link at time 35.568000 according to authority Authority undetectable
[bt_navigator-14] Possible reasons are listed at http://wiki.ros.org/tf/Errors%20explained
[controller_server-9] [WARN] [1785623452.643664287] []: TF_OLD_DATA ignoring data from the past for frame base_link at time 35.568000 according to authority Authority undetectable
[controller_server-9] Possible reasons are listed at http://wiki.ros.org/tf/Errors%20explained
[smoother_server-10] [WARN] [1785623452.643675986] []: TF_OLD_DATA ignoring data from the past for frame base_link at time 35.568000 according to authority Authority undetectable
[smoother_server-10] Possible reasons are listed at http://wiki.ros.org/tf/Errors%20explained
[lifecycle_manager-19] [INFO] [1785623452.646707504] [lifecycle_manager_navigation]: Server behavior_server connected with bond.
[lifecycle_manager-19] [INFO] [1785623452.646756778] [lifecycle_manager_navigation]: [34m[1mActivating velocity_smoother[0m[0m
[velocity_smoother-16] [INFO] [1785623452.647143781] [velocity_smoother]: Activating
[velocity_smoother-16] [INFO] [1785623452.647215423] [velocity_smoother]: Creating bond (velocity_smoother) to lifecycle manager.
[controller_server-9] [WARN] [1785623452.652889695] []: TF_OLD_DATA ignoring data from the past for frame base_link at time 18.720000 according to authority Authority undetectable
[controller_server-9] Possible reasons are listed at http://wiki.ros.org/tf/Errors%20explained
[bt_navigator-14] [WARN] [1785623452.652923836] []: TF_OLD_DATA ignoring data from the past for frame base_link at time 18.720000 according to authority Authority undetectable
[bt_navigator-14] Possible reasons are listed at http://wiki.ros.org/tf/Errors%20explained
[route_server-12] [WARN] [1785623452.652946588] []: TF_OLD_DATA ignoring data from the past for frame base_link at time 18.720000 according to authority Authority undetectable
[route_server-12] Possible reasons are listed at http://wiki.ros.org/tf/Errors%20explained
[planner_server-11] [WARN] [1785623452.653020705] []: TF_OLD_DATA ignoring data from the past for frame base_link at time 18.720000 according to authority Authority undetectable
[planner_server-11] Possible reasons are listed at http://wiki.ros.org/tf/Errors%20explained
[collision_monitor-17] [WARN] [1785623452.653059718] []: TF_OLD_DATA ignoring data from the past for frame base_link at time 18.720000 according to authority Authority undetectable
[collision_monitor-17] Possible reasons are listed at http://wiki.ros.org/tf/Errors%20explained
[amcl-7] [WARN] [1785623452.653138930] []: TF_OLD_DATA ignoring data from the past for frame base_link at time 18.720000 according to authority Authority undetectable
[amcl-7] Possible reasons are listed at http://wiki.ros.org/tf/Errors%20explained
[behavior_server-13] [WARN] [1785623452.653161671] []: TF_OLD_DATA ignoring data from the past for frame base_link at time 18.720000 according to authority Authority undetectable
[behavior_server-13] Possible reasons are listed at http://wiki.ros.org/tf/Errors%20explained
[smoother_server-10] [WARN] [1785623452.653243826] []: TF_OLD_DATA ignoring data from the past for frame base_link at time 18.720000 according to authority Authority undetectable
[smoother_server-10] Possible reasons are listed at http://wiki.ros.org/tf/Errors%20explained
[controller_server-9] [WARN] [1785623452.655162929] []: TF_OLD_DATA ignoring data from the past for frame base_link at time 2.988000 according to authority Authority undetectable
[controller_server-9] Possible reasons are listed at http://wiki.ros.org/tf/Errors%20explained
[planner_server-11] [WARN] [1785623452.655248411] []: TF_OLD_DATA ignoring data from the past for frame base_link at time 2.988000 according to authority Authority undetectable
[planner_server-11] Possible reasons are listed at http://wiki.ros.org/tf/Errors%20explained
[behavior_server-13] [WARN] [1785623452.655265783] []: TF_OLD_DATA ignoring data from the past for frame base_link at time 2.988000 according to authority Authority undetectable
[behavior_server-13] Possible reasons are listed at http://wiki.ros.org/tf/Errors%20explained
[route_server-12] [WARN] [1785623452.655278134] []: TF_OLD_DATA ignoring data from the past for frame base_link at time 2.988000 according to authority Authority undetectable
[route_server-12] Possible reasons are listed at http://wiki.ros.org/tf/Errors%20explained
[bt_navigator-14] [WARN] [1785623452.655320327] []: TF_OLD_DATA ignoring data from the past for frame base_link at time 2.988000 according to authority Authority undetectable
[bt_navigator-14] Possible reasons are listed at http://wiki.ros.org/tf/Errors%20explained
[collision_monitor-17] [WARN] [1785623452.655322611] []: TF_OLD_DATA ignoring data from the past for frame base_link at time 2.988000 according to authority Authority undetectable
[collision_monitor-17] Possible reasons are listed at http://wiki.ros.org/tf/Errors%20explained
[smoother_server-10] [WARN] [1785623452.655338641] []: TF_OLD_DATA ignoring data from the past for frame base_link at time 2.988000 according to authority Authority undetectable
[smoother_server-10] Possible reasons are listed at http://wiki.ros.org/tf/Errors%20explained
[batch_benchmark-5] [INFO] [1785623452.655927783] [planner_geometry_benchmark]: [2/5] NavFnDijkstra / center_block_detour / repetition 1
[amcl-7] [WARN] [1785623452.656035645] []: TF_OLD_DATA ignoring data from the past for frame base_link at time 2.988000 according to authority Authority undetectable
[amcl-7] Possible reasons are listed at http://wiki.ros.org/tf/Errors%20explained
[controller_server-9] [WARN] [1785623452.679809608] []: TF_OLD_DATA ignoring data from the past for frame base_link at time 35.604000 according to authority Authority undetectable
[controller_server-9] Possible reasons are listed at http://wiki.ros.org/tf/Errors%20explained
[planner_server-11] [WARN] [1785623452.679851841] []: TF_OLD_DATA ignoring data from the past for frame base_link at time 35.604000 according to authority Authority undetectable
[planner_server-11] Possible reasons are listed at http://wiki.ros.org/tf/Errors%20explained
[smoother_server-10] [WARN] [1785623452.679890304] []: TF_OLD_DATA ignoring data from the past for frame base_link at time 35.604000 according to authority Authority undetectable
[smoother_server-10] Possible reasons are listed at http://wiki.ros.org/tf/Errors%20explained
[amcl-7] [WARN] [1785623452.679894473] []: TF_OLD_DATA ignoring data from the past for frame base_link at time 35.604000 according to authority Authority undetectable
[amcl-7] Possible reasons are listed at http://wiki.ros.org/tf/Errors%20explained
[route_server-12] [WARN] [1785623452.679902123] []: TF_OLD_DATA ignoring data from the past for frame base_link at time 35.604000 according to authority Authority undetectable
[route_server-12] Possible reasons are listed at http://wiki.ros.org/tf/Errors%20explained
[collision_monitor-17] [WARN] [1785623452.679905695] []: TF_OLD_DATA ignoring data from the past for frame base_link at time 35.604000 according to authority Authority undetectable
[collision_monitor-17] Possible reasons are listed at http://wiki.ros.org/tf/Errors%20explained
[bt_navigator-14] [WARN] [1785623452.679964575] []: TF_OLD_DATA ignoring data from the past for frame base_link at time 35.604000 according to authority Authority undetectable
[bt_navigator-14] Possible reasons are listed at http://wiki.ros.org/tf/Errors%20explained
[behavior_server-13] [WARN] [1785623452.680140119] []: TF_OLD_DATA ignoring data from the past for frame base_link at time 35.604000 according to authority Authority undetectable
[behavior_server-13] Possible reasons are listed at http://wiki.ros.org/tf/Errors%20explained
[planner_server-11] [WARN] [1785623452.688490343] []: TF_OLD_DATA ignoring data from the past for frame base_link at time 18.756000 according to authority Authority undetectable
[planner_server-11] Possible reasons are listed at http://wiki.ros.org/tf/Errors%20explained
[collision_monitor-17] [WARN] [1785623452.688509295] []: TF_OLD_DATA ignoring data from the past for frame base_link at time 18.756000 according to authority Authority undetectable
[collision_monitor-17] Possible reasons are listed at http://wiki.ros.org/tf/Errors%20explained
[bt_navigator-14] [WARN] [1785623452.688533300] []: TF_OLD_DATA ignoring data from the past for frame base_link at time 18.756000 according to authority Authority undetectable
[bt_navigator-14] Possible reasons are listed at http://wiki.ros.org/tf/Errors%20explained
[behavior_server-13] [WARN] [1785623452.688549171] []: TF_OLD_DATA ignoring data from the past for frame base_link at time 18.756000 according to authority Authority undetectable
[behavior_server-13] Possible reasons are listed at http://wiki.ros.org/tf/Errors%20explained
[amcl-7] [WARN] [1785623452.688552103] []: TF_OLD_DATA ignoring data from the past for frame base_link at time 18.756000 according to authority Authority undetectable
[amcl-7] Possible reasons are listed at http://wiki.ros.org/tf/Errors%20explained
[route_server-12] [WARN] [1785623452.688550862] []: TF_OLD_DATA ignoring data from the past for frame base_link at time 18.756000 according to authority Authority undetectable
[route_server-12] Possible reasons are listed at http://wiki.ros.org/tf/Errors%20explained
[controller_server-9] [WARN] [1785623452.688560040] []: TF_OLD_DATA ignoring data from the past for frame base_link at time 18.756000 according to authority Authority undetectable
[controller_server-9] Possible reasons are listed at http://wiki.ros.org/tf/Errors%20explained
[smoother_server-10] [WARN] [1785623452.688567602] []: TF_OLD_DATA ignoring data from the past for frame base_link at time 18.756000 according to authority Authority undetectable
[smoother_server-10] Possible reasons are listed at http://wiki.ros.org/tf/Errors%20explained
[controller_server-9] [WARN] [1785623452.690499782] []: TF_OLD_DATA ignoring data from the past for frame base_link at time 3.024000 according to authority Authority undetectable
[controller_server-9] Possible reasons are listed at http://wiki.ros.org/tf/Errors%20explained
[bt_navigator-14] [WARN] [1785623452.690514183] []: TF_OLD_DATA ignoring data from the past for frame base_link at time 3.024000 according to authority Authority undetectable
[bt_navigator-14] Possible reasons are listed at http://wiki.ros.org/tf/Errors%20explained
[amcl-7] [WARN] [1785623452.690526660] []: TF_OLD_DATA ignoring data from the past for frame base_link at time 3.024000 according to authority Authority undetectable
[amcl-7] Possible reasons are listed at http://wiki.ros.org/tf/Errors%20explained
[planner_server-11] [WARN] [1785623452.690536073] []: TF_OLD_DATA ignoring data from the past for frame base_link at time 3.024000 according to authority Authority undetectable
[planner_server-11] Possible reasons are listed at http://wiki.ros.org/tf/Errors%20explained
[collision_monitor-17] [WARN] [1785623452.690540131] []: TF_OLD_DATA ignoring data from the past for frame base_link at time 3.024000 according to authority Authority undetectable
[collision_monitor-17] Possible reasons are listed at http://wiki.ros.org/tf/Errors%20explained
[smoother_server-10] [WARN] [1785623452.690590145] []: TF_OLD_DATA ignoring data from the past for frame base_link at time 3.024000 according to authority Authority undetectable
[smoother_server-10] Possible reasons are listed at http://wiki.ros.org/tf/Errors%20explained
[route_server-12] [WARN] [1785623452.690589285] []: TF_OLD_DATA ignoring data from the past for frame base_link at time 3.024000 according to authority Authority undetectable
[route_server-12] Possible reasons are listed at http://wiki.ros.org/tf/Errors%20explained
[behavior_server-13] [WARN] [1785623452.690627675] []: TF_OLD_DATA ignoring data from the past for frame base_link at time 3.024000 according to authority Authority undetectable
[behavior_server-13] Possible reasons are listed at http://wiki.ros.org/tf/Errors%20explained
[controller_server-9] [WARN] [1785623452.715648018] []: TF_OLD_DATA ignoring data from the past for frame base_link at time 35.640000 according to authority Authority undetectable
[controller_server-9] Possible reasons are listed at http://wiki.ros.org/tf/Errors%20explained
[amcl-7] [WARN] [1785623452.715648169] []: TF_OLD_DATA ignoring data from the past for frame base_link at time 35.640000 according to authority Authority undetectable
[amcl-7] Possible reasons are listed at http://wiki.ros.org/tf/Errors%20explained
[route_server-12] [WARN] [1785623452.715659004] []: TF_OLD_DATA ignoring data from the past for frame base_link at time 35.640000 according to authority Authority undetectable
[route_server-12] Possible reasons are listed at http://wiki.ros.org/tf/Errors%20explained
[smoother_server-10] [WARN] [1785623452.715667187] []: TF_OLD_DATA ignoring data from the past for frame base_link at time 35.640000 according to authority Authority undetectable
[smoother_server-10] Possible reasons are listed at http://wiki.ros.org/tf/Errors%20explained
[behavior_server-13] [WARN] [1785623452.715704239] []: TF_OLD_DATA ignoring data from the past for frame base_link at time 35.640000 according to authority Authority undetectable
[behavior_server-13] Possible reasons are listed at http://wiki.ros.org/tf/Errors%20explained
[collision_monitor-17] [WARN] [1785623452.715740964] []: TF_OLD_DATA ignoring data from the past for frame base_link at time 35.640000 according to authority Authority undetectable
[collision_monitor-17] Possible reasons are listed at http://wiki.ros.org/tf/Errors%20explained
[planner_server-11] [WARN] [1785623452.715765424] []: TF_OLD_DATA ignoring data from the past for frame base_link at time 35.640000 according to authority Authority undetectable
[planner_server-11] Possible reasons are listed at http://wiki.ros.org/tf/Errors%20explained
[bt_navigator-14] [WARN] [1785623452.715916525] []: TF_OLD_DATA ignoring data from the past for frame base_link at time 35.640000 according to authority Authority undetectable
[bt_navigator-14] Possible reasons are listed at http://wiki.ros.org/tf/Errors%20explained
[bt_navigator-14] [WARN] [1785623452.724444228] []: TF_OLD_DATA ignoring data from the past for frame base_link at time 18.792000 according to authority Authority undetectable
[bt_navigator-14] Possible reasons are listed at http://wiki.ros.org/tf/Errors%20explained
[amcl-7] [WARN] [1785623452.724440295] []: TF_OLD_DATA ignoring data from the past for frame base_link at time 18.792000 according to authority Authority undetectable
[amcl-7] Possible reasons are listed at http://wiki.ros.org/tf/Errors%20explained
[planner_server-11] [WARN] [1785623452.724450572] []: TF_OLD_DATA ignoring data from the past for frame base_link at time 18.792000 according to authority Authority undetectable
[planner_server-11] Possible reasons are listed at http://wiki.ros.org/tf/Errors%20explained
[route_server-12] [WARN] [1785623452.724465845] []: TF_OLD_DATA ignoring data from the past for frame base_link at time 18.792000 according to authority Authority undetectable
[route_server-12] Possible reasons are listed at http://wiki.ros.org/tf/Errors%20explained
[controller_server-9] [WARN] [1785623452.724476262] []: TF_OLD_DATA ignoring data from the past for frame base_link at time 18.792000 according to authority Authority undetectable
[controller_server-9] Possible reasons are listed at http://wiki.ros.org/tf/Errors%20explained
[behavior_server-13] [WARN] [1785623452.724493297] []: TF_OLD_DATA ignoring data from the past for frame base_link at time 18.792000 according to authority Authority undetectable
[behavior_server-13] Possible reasons are listed at http://wiki.ros.org/tf/Errors%20explained
[smoother_server-10] [WARN] [1785623452.724442705] []: TF_OLD_DATA ignoring data from the past for frame base_link at time 18.792000 according to authority Authority undetectable
[smoother_server-10] Possible reasons are listed at http://wiki.ros.org/tf/Errors%20explained
[collision_monitor-17] [WARN] [1785623452.724561904] []: TF_OLD_DATA ignoring data from the past for frame base_link at time 18.792000 according to authority Authority undetectable
[collision_monitor-17] Possible reasons are listed at http://wiki.ros.org/tf/Errors%20explained
[controller_server-9] [WARN] [1785623452.726329027] []: TF_OLD_DATA ignoring data from the past for frame base_link at time 3.060000 according to authority Authority undetectable
[controller_server-9] Possible reasons are listed at http://wiki.ros.org/tf/Errors%20explained
[planner_server-11] [WARN] [1785623452.726329179] []: TF_OLD_DATA ignoring data from the past for frame base_link at time 3.060000 according to authority Authority undetectable
[planner_server-11] Possible reasons are listed at http://wiki.ros.org/tf/Errors%20explained
[smoother_server-10] [WARN] [1785623452.726335869] []: TF_OLD_DATA ignoring data from the past for frame base_link at time 3.060000 according to authority Authority undetectable
[smoother_server-10] Possible reasons are listed at http://wiki.ros.org/tf/Errors%20explained
[collision_monitor-17] [WARN] [1785623452.726355410] []: TF_OLD_DATA ignoring data from the past for frame base_link at time 3.060000 according to authority Authority undetectable
[collision_monitor-17] Possible reasons are listed at http://wiki.ros.org/tf/Errors%20explained
[route_server-12] [WARN] [1785623452.726376553] []: TF_OLD_DATA ignoring data from the past for frame base_link at time 3.060000 according to authority Authority undetectable
[route_server-12] Possible reasons are listed at http://wiki.ros.org/tf/Errors%20explained
[bt_navigator-14] [WARN] [1785623452.726377553] []: TF_OLD_DATA ignoring data from the past for frame base_link at time 3.060000 according to authority Authority undetectable
[bt_navigator-14] Possible reasons are listed at http://wiki.ros.org/tf/Errors%20explained
[behavior_server-13] [WARN] [1785623452.726650579] []: TF_OLD_DATA ignoring data from the past for frame base_link at time 3.060000 according to authority Authority undetectable
[behavior_server-13] Possible reasons are listed at http://wiki.ros.org/tf/Errors%20explained
[amcl-7] [WARN] [1785623452.726712663] []: TF_OLD_DATA ignoring data from the past for frame base_link at time 3.060000 according to authority Authority undetectable
[amcl-7] Possible reasons are listed at http://wiki.ros.org/tf/Errors%20explained
[smoother_server-10] [WARN] [1785623452.751698560] []: TF_OLD_DATA ignoring data from the past for frame base_link at time 35.676000 according to authority Authority undetectable
[smoother_server-10] Possible reasons are listed at http://wiki.ros.org/tf/Errors%20explained
[amcl-7] [WARN] [1785623452.751707824] []: TF_OLD_DATA ignoring data from the past for frame base_link at time 35.676000 according to authority Authority undetectable
[amcl-7] Possible reasons are listed at http://wiki.ros.org/tf/Errors%20explained
[collision_monitor-17] [WARN] [1785623452.751711495] []: TF_OLD_DATA ignoring data from the past for frame base_link at time 35.676000 according to authority Authority undetectable
[collision_monitor-17] Possible reasons are listed at http://wiki.ros.org/tf/Errors%20explained
[behavior_server-13] [WARN] [1785623452.751730628] []: TF_OLD_DATA ignoring data from the past for frame base_link at time 35.676000 according to authority Authority undetectable
[behavior_server-13] Possible reasons are listed at http://wiki.ros.org/tf/Errors%20explained
[route_server-12] [WARN] [1785623452.751732792] []: TF_OLD_DATA ignoring data from the past for frame base_link at time 35.676000 according to authority Authority undetectable
[route_server-12] Possible reasons are listed at http://wiki.ros.org/tf/Errors%20explained
[planner_server-11] [WARN] [1785623452.751733742] []: TF_OLD_DATA ignoring data from the past for frame base_link at time 35.676000 according to authority Authority undetectable
[planner_server-11] Possible reasons are listed at http://wiki.ros.org/tf/Errors%20explained
[bt_navigator-14] [WARN] [1785623452.751736879] []: TF_OLD_DATA ignoring data from the past for frame base_link at time 35.676000 according to authority Authority undetectable
[bt_navigator-14] Possible reasons are listed at http://wiki.ros.org/tf/Errors%20explained
[controller_server-9] [WARN] [1785623452.751740395] []: TF_OLD_DATA ignoring data from the past for frame base_link at time 35.676000 according to authority Authority undetectable
[controller_server-9] Possible reasons are listed at http://wiki.ros.org/tf/Errors%20explained
[lifecycle_manager-19] [INFO] [1785623452.754839524] [lifecycle_manager_navigation]: Server velocity_smoother connected with bond.
[lifecycle_manager-19] [INFO] [1785623452.754872104] [lifecycle_manager_navigation]: [34m[1mActivating collision_monitor[0m[0m
[collision_monitor-17] [INFO] [1785623452.755174685] [collision_monitor]: Activating
[collision_monitor-17] [INFO] [1785623452.755230843] [collision_monitor]: Creating bond (collision_monitor) to lifecycle manager.
[controller_server-9] [WARN] [1785623452.760977538] []: TF_OLD_DATA ignoring data from the past for frame base_link at time 18.828000 according to authority Authority undetectable
[controller_server-9] Possible reasons are listed at http://wiki.ros.org/tf/Errors%20explained
[smoother_server-10] [WARN] [1785623452.761009775] []: TF_OLD_DATA ignoring data from the past for frame base_link at time 18.828000 according to authority Authority undetectable
[smoother_server-10] Possible reasons are listed at http://wiki.ros.org/tf/Errors%20explained
[bt_navigator-14] [WARN] [1785623452.761011419] []: TF_OLD_DATA ignoring data from the past for frame base_link at time 18.828000 according to authority Authority undetectable
[bt_navigator-14] Possible reasons are listed at http://wiki.ros.org/tf/Errors%20explained
[amcl-7] [WARN] [1785623452.761015791] []: TF_OLD_DATA ignoring data from the past for frame base_link at time 18.828000 according to authority Authority undetectable
[amcl-7] Possible reasons are listed at http://wiki.ros.org/tf/Errors%20explained
[route_server-12] [WARN] [1785623452.761088168] []: TF_OLD_DATA ignoring data from the past for frame base_link at time 18.828000 according to authority Authority undetectable
[route_server-12] Possible reasons are listed at http://wiki.ros.org/tf/Errors%20explained
[planner_server-11] [WARN] [1785623452.761093466] []: TF_OLD_DATA ignoring data from the past for frame base_link at time 18.828000 according to authority Authority undetectable
[planner_server-11] Possible reasons are listed at http://wiki.ros.org/tf/Errors%20explained
[collision_monitor-17] [WARN] [1785623452.761126344] []: TF_OLD_DATA ignoring data from the past for frame base_link at time 18.828000 according to authority Authority undetectable
[collision_monitor-17] Possible reasons are listed at http://wiki.ros.org/tf/Errors%20explained
[behavior_server-13] [WARN] [1785623452.761226666] []: TF_OLD_DATA ignoring data from the past for frame base_link at time 18.828000 according to authority Authority undetectable
[behavior_server-13] Possible reasons are listed at http://wiki.ros.org/tf/Errors%20explained
[smoother_server-10] [WARN] [1785623452.762556547] []: TF_OLD_DATA ignoring data from the past for frame base_link at time 3.096000 according to authority Authority undetectable
[smoother_server-10] Possible reasons are listed at http://wiki.ros.org/tf/Errors%20explained
[planner_server-11] [WARN] [1785623452.762556602] []: TF_OLD_DATA ignoring data from the past for frame base_link at time 3.096000 according to authority Authority undetectable
[planner_server-11] Possible reasons are listed at http://wiki.ros.org/tf/Errors%20explained
[bt_navigator-14] [WARN] [1785623452.762613011] []: TF_OLD_DATA ignoring data from the past for frame base_link at time 3.096000 according to authority Authority undetectable
[bt_navigator-14] Possible reasons are listed at http://wiki.ros.org/tf/Errors%20explained
[collision_monitor-17] [WARN] [1785623452.762681624] []: TF_OLD_DATA ignoring data from the past for frame base_link at time 3.096000 according to authority Authority undetectable
[collision_monitor-17] Possible reasons are listed at http://wiki.ros.org/tf/Errors%20explained
[route_server-12] [WARN] [1785623452.762683884] []: TF_OLD_DATA ignoring data from the past for frame base_link at time 3.096000 according to authority Authority undetectable
[route_server-12] Possible reasons are listed at http://wiki.ros.org/tf/Errors%20explained
[amcl-7] [WARN] [1785623452.762704257] []: TF_OLD_DATA ignoring data from the past for frame base_link at time 3.096000 according to authority Authority undetectable
[amcl-7] Possible reasons are listed at http://wiki.ros.org/tf/Errors%20explained
[controller_server-9] [WARN] [1785623452.762780661] []: TF_OLD_DATA ignoring data from the past for frame base_link at time 3.096000 according to authority Authority undetectable
[controller_server-9] Possible reasons are listed at http://wiki.ros.org/tf/Errors%20explained
[behavior_server-13] [WARN] [1785623452.763944741] []: TF_OLD_DATA ignoring data from the past for frame base_link at time 3.096000 according to authority Authority undetectable
[behavior_server-13] Possible reasons are listed at http://wiki.ros.org/tf/Errors%20explained
[smoother_server-10] [WARN] [1785623452.787669916] []: TF_OLD_DATA ignoring data from the past for frame base_link at time 35.712000 according to authority Authority undetectable
[smoother_server-10] Possible reasons are listed at http://wiki.ros.org/tf/Errors%20explained
[amcl-7] [WARN] [1785623452.787670200] []: TF_OLD_DATA ignoring data from the past for frame base_link at time 35.712000 according to authority Authority undetectable
[amcl-7] Possible reasons are listed at http://wiki.ros.org/tf/Errors%20explained
[route_server-12] [WARN] [1785623452.787672792] []: TF_OLD_DATA ignoring data from the past for frame base_link at time 35.712000 according to authority Authority undetectable
[route_server-12] Possible reasons are listed at http://wiki.ros.org/tf/Errors%20explained
[bt_navigator-14] [WARN] [1785623452.787679472] []: TF_OLD_DATA ignoring data from the past for frame base_link at time 35.712000 according to authority Authority undetectable
[bt_navigator-14] Possible reasons are listed at http://wiki.ros.org/tf/Errors%20explained
[controller_server-9] [WARN] [1785623452.787708873] []: TF_OLD_DATA ignoring data from the past for frame base_link at time 35.712000 according to authority Authority undetectable
[controller_server-9] Possible reasons are listed at http://wiki.ros.org/tf/Errors%20explained
[collision_monitor-17] [WARN] [1785623452.787708566] []: TF_OLD_DATA ignoring data from the past for frame base_link at time 35.712000 according to authority Authority undetectable
[collision_monitor-17] Possible reasons are listed at http://wiki.ros.org/tf/Errors%20explained
[behavior_server-13] [WARN] [1785623452.787723184] []: TF_OLD_DATA ignoring data from the past for frame base_link at time 35.712000 according to authority Authority undetectable
[behavior_server-13] Possible reasons are listed at http://wiki.ros.org/tf/Errors%20explained
[planner_server-11] [WARN] [1785623452.787709493] []: TF_OLD_DATA ignoring data from the past for frame base_link at time 35.712000 according to authority Authority undetectable
[planner_server-11] Possible reasons are listed at http://wiki.ros.org/tf/Errors%20explained
[smoother_server-10] [INFO] [1785623452.788555792] [smoother_server]: Received a path to smooth.
[controller_server-9] [WARN] [1785623452.796422547] []: TF_OLD_DATA ignoring data from the past for frame base_link at time 18.864000 according to authority Authority undetectable
[controller_server-9] Possible reasons are listed at http://wiki.ros.org/tf/Errors%20explained
[smoother_server-10] [WARN] [1785623452.796438226] []: TF_OLD_DATA ignoring data from the past for frame base_link at time 18.864000 according to authority Authority undetectable
[smoother_server-10] Possible reasons are listed at http://wiki.ros.org/tf/Errors%20explained
[amcl-7] [WARN] [1785623452.796447554] []: TF_OLD_DATA ignoring data from the past for frame base_link at time 18.864000 according to authority Authority undetectable
[amcl-7] Possible reasons are listed at http://wiki.ros.org/tf/Errors%20explained
[bt_navigator-14] [WARN] [1785623452.796455256] []: TF_OLD_DATA ignoring data from the past for frame base_link at time 18.864000 according to authority Authority undetectable
[bt_navigator-14] Possible reasons are listed at http://wiki.ros.org/tf/Errors%20explained
[planner_server-11] [WARN] [1785623452.796463661] []: TF_OLD_DATA ignoring data from the past for frame base_link at time 18.864000 according to authority Authority undetectable
[planner_server-11] Possible reasons are listed at http://wiki.ros.org/tf/Errors%20explained
[route_server-12] [WARN] [1785623452.796463133] []: TF_OLD_DATA ignoring data from the past for frame base_link at time 18.864000 according to authority Authority undetectable
[route_server-12] Possible reasons are listed at http://wiki.ros.org/tf/Errors%20explained
[collision_monitor-17] [WARN] [1785623452.796488238] []: TF_OLD_DATA ignoring data from the past for frame base_link at time 18.864000 according to authority Authority undetectable
[collision_monitor-17] Possible reasons are listed at http://wiki.ros.org/tf/Errors%20explained
[behavior_server-13] [WARN] [1785623452.796552442] []: TF_OLD_DATA ignoring data from the past for frame base_link at time 18.864000 according to authority Authority undetectable
[behavior_server-13] Possible reasons are listed at http://wiki.ros.org/tf/Errors%20explained
[planner_server-11] [WARN] [1785623452.798727497] []: TF_OLD_DATA ignoring data from the past for frame base_link at time 3.132000 according to authority Authority undetectable
[planner_server-11] Possible reasons are listed at http://wiki.ros.org/tf/Errors%20explained
[smoother_server-10] [WARN] [1785623452.798731066] []: TF_OLD_DATA ignoring data from the past for frame base_link at time 3.132000 according to authority Authority undetectable
[smoother_server-10] Possible reasons are listed at http://wiki.ros.org/tf/Errors%20explained
[amcl-7] [WARN] [1785623452.798797050] []: TF_OLD_DATA ignoring data from the past for frame base_link at time 3.132000 according to authority Authority undetectable
[amcl-7] Possible reasons are listed at http://wiki.ros.org/tf/Errors%20explained
[bt_navigator-14] [WARN] [1785623452.798802268] []: TF_OLD_DATA ignoring data from the past for frame base_link at time 3.132000 according to authority Authority undetectable
[bt_navigator-14] Possible reasons are listed at http://wiki.ros.org/tf/Errors%20explained
[behavior_server-13] [WARN] [1785623452.798824891] []: TF_OLD_DATA ignoring data from the past for frame base_link at time 3.132000 according to authority Authority undetectable
[behavior_server-13] Possible reasons are listed at http://wiki.ros.org/tf/Errors%20explained
[controller_server-9] [WARN] [1785623452.798891804] []: TF_OLD_DATA ignoring data from the past for frame base_link at time 3.132000 according to authority Authority undetectable
[controller_server-9] Possible reasons are listed at http://wiki.ros.org/tf/Errors%20explained
[collision_monitor-17] [WARN] [1785623452.798954352] []: TF_OLD_DATA ignoring data from the past for frame base_link at time 3.132000 according to authority Authority undetectable
[collision_monitor-17] Possible reasons are listed at http://wiki.ros.org/tf/Errors%20explained
[route_server-12] [WARN] [1785623452.798983538] []: TF_OLD_DATA ignoring data from the past for frame base_link at time 3.132000 according to authority Authority undetectable
[route_server-12] Possible reasons are listed at http://wiki.ros.org/tf/Errors%20explained
[smoother_server-10] [INFO] [1785623452.823417038] [smoother_server]: PSTMO: 3 corners, 3 G2, 0 pivots, 0 pass-through, 120 evaluations, 0.034754 s
[controller_server-9] [WARN] [1785623452.823558948] []: TF_OLD_DATA ignoring data from the past for frame base_link at time 35.748000 according to authority Authority undetectable
[controller_server-9] Possible reasons are listed at http://wiki.ros.org/tf/Errors%20explained
[smoother_server-10] [WARN] [1785623452.823595233] []: TF_OLD_DATA ignoring data from the past for frame base_link at time 35.748000 according to authority Authority undetectable
[smoother_server-10] Possible reasons are listed at http://wiki.ros.org/tf/Errors%20explained
[behavior_server-13] [WARN] [1785623452.823605282] []: TF_OLD_DATA ignoring data from the past for frame base_link at time 35.748000 according to authority Authority undetectable
[behavior_server-13] Possible reasons are listed at http://wiki.ros.org/tf/Errors%20explained
[collision_monitor-17] [WARN] [1785623452.823617697] []: TF_OLD_DATA ignoring data from the past for frame base_link at time 35.748000 according to authority Authority undetectable
[collision_monitor-17] Possible reasons are listed at http://wiki.ros.org/tf/Errors%20explained
[bt_navigator-14] [WARN] [1785623452.823618887] []: TF_OLD_DATA ignoring data from the past for frame base_link at time 35.748000 according to authority Authority undetectable
[bt_navigator-14] Possible reasons are listed at http://wiki.ros.org/tf/Errors%20explained
[planner_server-11] [WARN] [1785623452.823625780] []: TF_OLD_DATA ignoring data from the past for frame base_link at time 35.748000 according to authority Authority undetectable
[planner_server-11] Possible reasons are listed at http://wiki.ros.org/tf/Errors%20explained
[amcl-7] [WARN] [1785623452.823627779] []: TF_OLD_DATA ignoring data from the past for frame base_link at time 35.748000 according to authority Authority undetectable
[amcl-7] Possible reasons are listed at http://wiki.ros.org/tf/Errors%20explained
[route_server-12] [WARN] [1785623452.823686087] []: TF_OLD_DATA ignoring data from the past for frame base_link at time 35.748000 according to authority Authority undetectable
[route_server-12] Possible reasons are listed at http://wiki.ros.org/tf/Errors%20explained
[amcl-7] [WARN] [1785623452.832827172] []: TF_OLD_DATA ignoring data from the past for frame base_link at time 18.900000 according to authority Authority undetectable
[amcl-7] Possible reasons are listed at http://wiki.ros.org/tf/Errors%20explained
[bt_navigator-14] [WARN] [1785623452.832828466] []: TF_OLD_DATA ignoring data from the past for frame base_link at time 18.900000 according to authority Authority undetectable
[bt_navigator-14] Possible reasons are listed at http://wiki.ros.org/tf/Errors%20explained
[controller_server-9] [WARN] [1785623452.832833771] []: TF_OLD_DATA ignoring data from the past for frame base_link at time 18.900000 according to authority Authority undetectable
[controller_server-9] Possible reasons are listed at http://wiki.ros.org/tf/Errors%20explained
[planner_server-11] [WARN] [1785623452.832859169] []: TF_OLD_DATA ignoring data from the past for frame base_link at time 18.900000 according to authority Authority undetectable
[planner_server-11] Possible reasons are listed at http://wiki.ros.org/tf/Errors%20explained
[collision_monitor-17] [WARN] [1785623452.832867850] []: TF_OLD_DATA ignoring data from the past for frame base_link at time 18.900000 according to authority Authority undetectable
[collision_monitor-17] Possible reasons are listed at http://wiki.ros.org/tf/Errors%20explained
[smoother_server-10] [WARN] [1785623452.832877728] []: TF_OLD_DATA ignoring data from the past for frame base_link at time 18.900000 according to authority Authority undetectable
[smoother_server-10] Possible reasons are listed at http://wiki.ros.org/tf/Errors%20explained
[behavior_server-13] [WARN] [1785623452.832900532] []: TF_OLD_DATA ignoring data from the past for frame base_link at time 18.900000 according to authority Authority undetectable
[behavior_server-13] Possible reasons are listed at http://wiki.ros.org/tf/Errors%20explained
[route_server-12] [WARN] [1785623452.832927182] []: TF_OLD_DATA ignoring data from the past for frame base_link at time 18.900000 according to authority Authority undetectable
[route_server-12] Possible reasons are listed at http://wiki.ros.org/tf/Errors%20explained
[amcl-7] [WARN] [1785623452.834604391] []: TF_OLD_DATA ignoring data from the past for frame base_link at time 3.168000 according to authority Authority undetectable
[amcl-7] Possible reasons are listed at http://wiki.ros.org/tf/Errors%20explained
[smoother_server-10] [WARN] [1785623452.834647732] []: TF_OLD_DATA ignoring data from the past for frame base_link at time 3.168000 according to authority Authority undetectable
[smoother_server-10] Possible reasons are listed at http://wiki.ros.org/tf/Errors%20explained
[bt_navigator-14] [WARN] [1785623452.834645625] []: TF_OLD_DATA ignoring data from the past for frame base_link at time 3.168000 according to authority Authority undetectable
[bt_navigator-14] Possible reasons are listed at http://wiki.ros.org/tf/Errors%20explained
[controller_server-9] [WARN] [1785623452.834656706] []: TF_OLD_DATA ignoring data from the past for frame base_link at time 3.168000 according to authority Authority undetectable
[controller_server-9] Possible reasons are listed at http://wiki.ros.org/tf/Errors%20explained
[planner_server-11] [WARN] [1785623452.834666959] []: TF_OLD_DATA ignoring data from the past for frame base_link at time 3.168000 according to authority Authority undetectable
[planner_server-11] Possible reasons are listed at http://wiki.ros.org/tf/Errors%20explained
[behavior_server-13] [WARN] [1785623452.834721610] []: TF_OLD_DATA ignoring data from the past for frame base_link at time 3.168000 according to authority Authority undetectable
[behavior_server-13] Possible reasons are listed at http://wiki.ros.org/tf/Errors%20explained
[route_server-12] [WARN] [1785623452.834724608] []: TF_OLD_DATA ignoring data from the past for frame base_link at time 3.168000 according to authority Authority undetectable
[route_server-12] Possible reasons are listed at http://wiki.ros.org/tf/Errors%20explained
[collision_monitor-17] [WARN] [1785623452.834736880] []: TF_OLD_DATA ignoring data from the past for frame base_link at time 3.168000 according to authority Authority undetectable
[collision_monitor-17] Possible reasons are listed at http://wiki.ros.org/tf/Errors%20explained
[smoother_server-10] [INFO] [1785623452.849868864] [smoother_server]: PSTMO: 2 corners, 2 G2, 0 pivots, 0 pass-through, 80 evaluations, 0.026328 s
[smoother_server-10] [INFO] [1785623452.850232853] [smoother_server]: PSTMO LOS selector chose LOS (no-LOS=0.599682, LOS=0.553709, reason=los_quality_improvement)
[controller_server-9] [WARN] [1785623452.859647800] []: TF_OLD_DATA ignoring data from the past for frame base_link at time 35.784000 according to authority Authority undetectable
[controller_server-9] Possible reasons are listed at http://wiki.ros.org/tf/Errors%20explained
[amcl-7] [WARN] [1785623452.859660718] []: TF_OLD_DATA ignoring data from the past for frame base_link at time 35.784000 according to authority Authority undetectable
[amcl-7] Possible reasons are listed at http://wiki.ros.org/tf/Errors%20explained
[route_server-12] [WARN] [1785623452.859667851] []: TF_OLD_DATA ignoring data from the past for frame base_link at time 35.784000 according to authority Authority undetectable
[route_server-12] Possible reasons are listed at http://wiki.ros.org/tf/Errors%20explained
[planner_server-11] [WARN] [1785623452.859677467] []: TF_OLD_DATA ignoring data from the past for frame base_link at time 35.784000 according to authority Authority undetectable
[planner_server-11] Possible reasons are listed at http://wiki.ros.org/tf/Errors%20explained
[behavior_server-13] [WARN] [1785623452.859680053] []: TF_OLD_DATA ignoring data from the past for frame base_link at time 35.784000 according to authority Authority undetectable
[behavior_server-13] Possible reasons are listed at http://wiki.ros.org/tf/Errors%20explained
[collision_monitor-17] [WARN] [1785623452.859704896] []: TF_OLD_DATA ignoring data from the past for frame base_link at time 35.784000 according to authority Authority undetectable
[collision_monitor-17] Possible reasons are listed at http://wiki.ros.org/tf/Errors%20explained
[smoother_server-10] [WARN] [1785623452.859709268] []: TF_OLD_DATA ignoring data from the past for frame base_link at time 35.784000 according to authority Authority undetectable
[smoother_server-10] Possible reasons are listed at http://wiki.ros.org/tf/Errors%20explained
[bt_navigator-14] [WARN] [1785623452.860021727] []: TF_OLD_DATA ignoring data from the past for frame base_link at time 35.784000 according to authority Authority undetectable
[bt_navigator-14] Possible reasons are listed at http://wiki.ros.org/tf/Errors%20explained
[lifecycle_manager-19] [INFO] [1785623452.867192529] [lifecycle_manager_navigation]: Server collision_monitor connected with bond.
[lifecycle_manager-19] [INFO] [1785623452.867240727] [lifecycle_manager_navigation]: [34m[1mActivating bt_navigator[0m[0m
[bt_navigator-14] [INFO] [1785623452.867608815] [bt_navigator]: Activating
[planner_server-11] [WARN] [1785623452.868778892] []: TF_OLD_DATA ignoring data from the past for frame base_link at time 18.936000 according to authority Authority undetectable
[planner_server-11] Possible reasons are listed at http://wiki.ros.org/tf/Errors%20explained
[amcl-7] [WARN] [1785623452.868818328] []: TF_OLD_DATA ignoring data from the past for frame base_link at time 18.936000 according to authority Authority undetectable
[amcl-7] Possible reasons are listed at http://wiki.ros.org/tf/Errors%20explained
[behavior_server-13] [WARN] [1785623452.868876033] []: TF_OLD_DATA ignoring data from the past for frame base_link at time 18.936000 according to authority Authority undetectable
[behavior_server-13] Possible reasons are listed at http://wiki.ros.org/tf/Errors%20explained
[collision_monitor-17] [WARN] [1785623452.868904743] []: TF_OLD_DATA ignoring data from the past for frame base_link at time 18.936000 according to authority Authority undetectable
[collision_monitor-17] Possible reasons are listed at http://wiki.ros.org/tf/Errors%20explained
[bt_navigator-14] [WARN] [1785623452.868926339] []: TF_OLD_DATA ignoring data from the past for frame base_link at time 18.936000 according to authority Authority undetectable
[bt_navigator-14] Possible reasons are listed at http://wiki.ros.org/tf/Errors%20explained
[controller_server-9] [WARN] [1785623452.868937259] []: TF_OLD_DATA ignoring data from the past for frame base_link at time 18.936000 according to authority Authority undetectable
[controller_server-9] Possible reasons are listed at http://wiki.ros.org/tf/Errors%20explained
[smoother_server-10] [WARN] [1785623452.868982416] []: TF_OLD_DATA ignoring data from the past for frame base_link at time 18.936000 according to authority Authority undetectable
[smoother_server-10] Possible reasons are listed at http://wiki.ros.org/tf/Errors%20explained
[route_server-12] [WARN] [1785623452.868984847] []: TF_OLD_DATA ignoring data from the past for frame base_link at time 18.936000 according to authority Authority undetectable
[route_server-12] Possible reasons are listed at http://wiki.ros.org/tf/Errors%20explained
[bt_navigator-14] [WARN] [1785623452.871173068] []: TF_OLD_DATA ignoring data from the past for frame base_link at time 3.204000 according to authority Authority undetectable
[bt_navigator-14] Possible reasons are listed at http://wiki.ros.org/tf/Errors%20explained
[route_server-12] [WARN] [1785623452.871215285] []: TF_OLD_DATA ignoring data from the past for frame base_link at time 3.204000 according to authority Authority undetectable
[route_server-12] Possible reasons are listed at http://wiki.ros.org/tf/Errors%20explained
[collision_monitor-17] [WARN] [1785623452.871217674] []: TF_OLD_DATA ignoring data from the past for frame base_link at time 3.204000 according to authority Authority undetectable
[collision_monitor-17] Possible reasons are listed at http://wiki.ros.org/tf/Errors%20explained
[amcl-7] [WARN] [1785623452.871222531] []: TF_OLD_DATA ignoring data from the past for frame base_link at time 3.204000 according to authority Authority undetectable
[amcl-7] Possible reasons are listed at http://wiki.ros.org/tf/Errors%20explained
[smoother_server-10] [WARN] [1785623452.871221832] []: TF_OLD_DATA ignoring data from the past for frame base_link at time 3.204000 according to authority Authority undetectable
[smoother_server-10] Possible reasons are listed at http://wiki.ros.org/tf/Errors%20explained
[behavior_server-13] [WARN] [1785623452.871243292] []: TF_OLD_DATA ignoring data from the past for frame base_link at time 3.204000 according to authority Authority undetectable
[behavior_server-13] Possible reasons are listed at http://wiki.ros.org/tf/Errors%20explained
[planner_server-11] [WARN] [1785623452.871290741] []: TF_OLD_DATA ignoring data from the past for frame base_link at time 3.204000 according to authority Authority undetectable
[planner_server-11] Possible reasons are listed at http://wiki.ros.org/tf/Errors%20explained
[controller_server-9] [WARN] [1785623452.871333981] []: TF_OLD_DATA ignoring data from the past for frame base_link at time 3.204000 according to authority Authority undetectable
[controller_server-9] Possible reasons are listed at http://wiki.ros.org/tf/Errors%20explained
[smoother_server-10] [WARN] [1785623452.896387272] []: TF_OLD_DATA ignoring data from the past for frame base_link at time 35.820000 according to authority Authority undetectable
[smoother_server-10] Possible reasons are listed at http://wiki.ros.org/tf/Errors%20explained
[amcl-7] [WARN] [1785623452.896387282] []: TF_OLD_DATA ignoring data from the past for frame base_link at time 35.820000 according to authority Authority undetectable
[amcl-7] Possible reasons are listed at http://wiki.ros.org/tf/Errors%20explained
[controller_server-9] [WARN] [1785623452.896424267] []: TF_OLD_DATA ignoring data from the past for frame base_link at time 35.820000 according to authority Authority undetectable
[controller_server-9] Possible reasons are listed at http://wiki.ros.org/tf/Errors%20explained
[behavior_server-13] [WARN] [1785623452.896465411] []: TF_OLD_DATA ignoring data from the past for frame base_link at time 35.820000 according to authority Authority undetectable
[behavior_server-13] Possible reasons are listed at http://wiki.ros.org/tf/Errors%20explained
[bt_navigator-14] [WARN] [1785623452.896577720] []: TF_OLD_DATA ignoring data from the past for frame base_link at time 35.820000 according to authority Authority undetectable
[bt_navigator-14] Possible reasons are listed at http://wiki.ros.org/tf/Errors%20explained
[route_server-12] [WARN] [1785623452.896650042] []: TF_OLD_DATA ignoring data from the past for frame base_link at time 35.820000 according to authority Authority undetectable
[route_server-12] Possible reasons are listed at http://wiki.ros.org/tf/Errors%20explained
[planner_server-11] [WARN] [1785623452.896725881] []: TF_OLD_DATA ignoring data from the past for frame base_link at time 35.820000 according to authority Authority undetectable
[planner_server-11] Possible reasons are listed at http://wiki.ros.org/tf/Errors%20explained
[collision_monitor-17] [WARN] [1785623452.896924339] []: TF_OLD_DATA ignoring data from the past for frame base_link at time 35.820000 according to authority Authority undetectable
[collision_monitor-17] Possible reasons are listed at http://wiki.ros.org/tf/Errors%20explained
[controller_server-9] [WARN] [1785623452.905212282] []: TF_OLD_DATA ignoring data from the past for frame base_link at time 18.972000 according to authority Authority undetectable
[controller_server-9] Possible reasons are listed at http://wiki.ros.org/tf/Errors%20explained
[amcl-7] [WARN] [1785623452.905212457] []: TF_OLD_DATA ignoring data from the past for frame base_link at time 18.972000 according to authority Authority undetectable
[amcl-7] Possible reasons are listed at http://wiki.ros.org/tf/Errors%20explained
[smoother_server-10] [WARN] [1785623452.905226102] []: TF_OLD_DATA ignoring data from the past for frame base_link at time 18.972000 according to authority Authority undetectable
[smoother_server-10] Possible reasons are listed at http://wiki.ros.org/tf/Errors%20explained
[planner_server-11] [WARN] [1785623452.905236433] []: TF_OLD_DATA ignoring data from the past for frame base_link at time 18.972000 according to authority Authority undetectable
[planner_server-11] Possible reasons are listed at http://wiki.ros.org/tf/Errors%20explained
[collision_monitor-17] [WARN] [1785623452.905274662] []: TF_OLD_DATA ignoring data from the past for frame base_link at time 18.972000 according to authority Authority undetectable
[collision_monitor-17] Possible reasons are listed at http://wiki.ros.org/tf/Errors%20explained
[behavior_server-13] [WARN] [1785623452.905332285] []: TF_OLD_DATA ignoring data from the past for frame base_link at time 18.972000 according to authority Authority undetectable
[behavior_server-13] Possible reasons are listed at http://wiki.ros.org/tf/Errors%20explained
[route_server-12] [WARN] [1785623452.905365464] []: TF_OLD_DATA ignoring data from the past for frame base_link at time 18.972000 according to authority Authority undetectable
[route_server-12] Possible reasons are listed at http://wiki.ros.org/tf/Errors%20explained
[bt_navigator-14] [WARN] [1785623452.905429909] []: TF_OLD_DATA ignoring data from the past for frame base_link at time 18.972000 according to authority Authority undetectable
[bt_navigator-14] Possible reasons are listed at http://wiki.ros.org/tf/Errors%20explained
[bt_navigator-14] [WARN] [1785623452.906740047] []: TF_OLD_DATA ignoring data from the past for frame base_link at time 3.240000 according to authority Authority undetectable
[bt_navigator-14] Possible reasons are listed at http://wiki.ros.org/tf/Errors%20explained
[route_server-12] [WARN] [1785623452.906752230] []: TF_OLD_DATA ignoring data from the past for frame base_link at time 3.240000 according to authority Authority undetectable
[route_server-12] Possible reasons are listed at http://wiki.ros.org/tf/Errors%20explained
[amcl-7] [WARN] [1785623452.906735459] []: TF_OLD_DATA ignoring data from the past for frame base_link at time 3.240000 according to authority Authority undetectable
[amcl-7] Possible reasons are listed at http://wiki.ros.org/tf/Errors%20explained
[behavior_server-13] [WARN] [1785623452.906764952] []: TF_OLD_DATA ignoring data from the past for frame base_link at time 3.240000 according to authority Authority undetectable
[behavior_server-13] Possible reasons are listed at http://wiki.ros.org/tf/Errors%20explained
[collision_monitor-17] [WARN] [1785623452.906808840] []: TF_OLD_DATA ignoring data from the past for frame base_link at time 3.240000 according to authority Authority undetectable
[collision_monitor-17] Possible reasons are listed at http://wiki.ros.org/tf/Errors%20explained
[smoother_server-10] [WARN] [1785623452.906821636] []: TF_OLD_DATA ignoring data from the past for frame base_link at time 3.240000 according to authority Authority undetectable
[smoother_server-10] Possible reasons are listed at http://wiki.ros.org/tf/Errors%20explained
[planner_server-11] [WARN] [1785623452.906873018] []: TF_OLD_DATA ignoring data from the past for frame base_link at time 3.240000 according to authority Authority undetectable
[planner_server-11] Possible reasons are listed at http://wiki.ros.org/tf/Errors%20explained
[controller_server-9] [WARN] [1785623452.907230392] []: TF_OLD_DATA ignoring data from the past for frame base_link at time 3.240000 according to authority Authority undetectable
[controller_server-9] Possible reasons are listed at http://wiki.ros.org/tf/Errors%20explained
[batch_benchmark-5] [INFO] [1785623452.932302014] [planner_geometry_benchmark]: [3/5] ThetaStar / center_block_detour / repetition 1
[controller_server-9] [WARN] [1785623452.932554402] []: TF_OLD_DATA ignoring data from the past for frame base_link at time 35.856000 according to authority Authority undetectable
[controller_server-9] Possible reasons are listed at http://wiki.ros.org/tf/Errors%20explained
[collision_monitor-17] [WARN] [1785623452.932555168] []: TF_OLD_DATA ignoring data from the past for frame base_link at time 35.856000 according to authority Authority undetectable
[collision_monitor-17] Possible reasons are listed at http://wiki.ros.org/tf/Errors%20explained
[amcl-7] [WARN] [1785623452.932686746] []: TF_OLD_DATA ignoring data from the past for frame base_link at time 35.856000 according to authority Authority undetectable
[amcl-7] Possible reasons are listed at http://wiki.ros.org/tf/Errors%20explained
[smoother_server-10] [WARN] [1785623452.932758795] []: TF_OLD_DATA ignoring data from the past for frame base_link at time 35.856000 according to authority Authority undetectable
[smoother_server-10] Possible reasons are listed at http://wiki.ros.org/tf/Errors%20explained
[bt_navigator-14] [WARN] [1785623452.932817461] []: TF_OLD_DATA ignoring data from the past for frame base_link at time 35.856000 according to authority Authority undetectable
[bt_navigator-14] Possible reasons are listed at http://wiki.ros.org/tf/Errors%20explained
[behavior_server-13] [WARN] [1785623452.932868797] []: TF_OLD_DATA ignoring data from the past for frame base_link at time 35.856000 according to authority Authority undetectable
[behavior_server-13] Possible reasons are listed at http://wiki.ros.org/tf/Errors%20explained
[planner_server-11] [WARN] [1785623452.933006580] []: TF_OLD_DATA ignoring data from the past for frame base_link at time 35.856000 according to authority Authority undetectable
[planner_server-11] Possible reasons are listed at http://wiki.ros.org/tf/Errors%20explained
[route_server-12] [WARN] [1785623452.935616049] []: TF_OLD_DATA ignoring data from the past for frame base_link at time 35.856000 according to authority Authority undetectable
[route_server-12] Possible reasons are listed at http://wiki.ros.org/tf/Errors%20explained
[controller_server-9] [WARN] [1785623452.944097307] []: TF_OLD_DATA ignoring data from the past for frame base_link at time 3.276000 according to authority Authority undetectable
[controller_server-9] Possible reasons are listed at http://wiki.ros.org/tf/Errors%20explained
[collision_monitor-17] [WARN] [1785623452.944110886] []: TF_OLD_DATA ignoring data from the past for frame base_link at time 3.276000 according to authority Authority undetectable
[collision_monitor-17] Possible reasons are listed at http://wiki.ros.org/tf/Errors%20explained
[smoother_server-10] [WARN] [1785623452.944630442] []: TF_OLD_DATA ignoring data from the past for frame base_link at time 3.276000 according to authority Authority undetectable
[smoother_server-10] Possible reasons are listed at http://wiki.ros.org/tf/Errors%20explained
[route_server-12] [WARN] [1785623452.944713348] []: TF_OLD_DATA ignoring data from the past for frame base_link at time 3.276000 according to authority Authority undetectable
[route_server-12] Possible reasons are listed at http://wiki.ros.org/tf/Errors%20explained
[route_server-12] [WARN] [1785623452.944750833] []: TF_OLD_DATA ignoring data from the past for frame base_link at time 19.008000 according to authority Authority undetectable
[route_server-12] Possible reasons are listed at http://wiki.ros.org/tf/Errors%20explained
[amcl-7] [WARN] [1785623452.944718657] []: TF_OLD_DATA ignoring data from the past for frame base_link at time 3.276000 according to authority Authority undetectable
[amcl-7] Possible reasons are listed at http://wiki.ros.org/tf/Errors%20explained
[bt_navigator-14] [WARN] [1785623452.945045292] []: TF_OLD_DATA ignoring data from the past for frame base_link at time 3.276000 according to authority Authority undetectable
[bt_navigator-14] Possible reasons are listed at http://wiki.ros.org/tf/Errors%20explained
[bt_navigator-14] [WARN] [1785623452.945080377] []: TF_OLD_DATA ignoring data from the past for frame base_link at time 19.008000 according to authority Authority undetectable
[bt_navigator-14] Possible reasons are listed at http://wiki.ros.org/tf/Errors%20explained
[collision_monitor-17] [WARN] [1785623452.945062721] []: TF_OLD_DATA ignoring data from the past for frame base_link at time 19.008000 according to authority Authority undetectable
[collision_monitor-17] Possible reasons are listed at http://wiki.ros.org/tf/Errors%20explained
[smoother_server-10] [WARN] [1785623452.945248874] []: TF_OLD_DATA ignoring data from the past for frame base_link at time 19.008000 according to authority Authority undetectable
[smoother_server-10] Possible reasons are listed at http://wiki.ros.org/tf/Errors%20explained
[planner_server-11] [WARN] [1785623452.945454732] []: TF_OLD_DATA ignoring data from the past for frame base_link at time 3.276000 according to authority Authority undetectable
[planner_server-11] Possible reasons are listed at http://wiki.ros.org/tf/Errors%20explained
[planner_server-11] [WARN] [1785623452.945524427] []: TF_OLD_DATA ignoring data from the past for frame base_link at time 19.008000 according to authority Authority undetectable
[planner_server-11] Possible reasons are listed at http://wiki.ros.org/tf/Errors%20explained
[amcl-7] [WARN] [1785623452.945583579] []: TF_OLD_DATA ignoring data from the past for frame base_link at time 19.008000 according to authority Authority undetectable
[amcl-7] Possible reasons are listed at http://wiki.ros.org/tf/Errors%20explained
[behavior_server-13] [WARN] [1785623452.946200166] []: TF_OLD_DATA ignoring data from the past for frame base_link at time 3.276000 according to authority Authority undetectable
[behavior_server-13] Possible reasons are listed at http://wiki.ros.org/tf/Errors%20explained
[behavior_server-13] [WARN] [1785623452.946286548] []: TF_OLD_DATA ignoring data from the past for frame base_link at time 19.008000 according to authority Authority undetectable
[behavior_server-13] Possible reasons are listed at http://wiki.ros.org/tf/Errors%20explained
[controller_server-9] [WARN] [1785623452.946593738] []: TF_OLD_DATA ignoring data from the past for frame base_link at time 19.008000 according to authority Authority undetectable
[controller_server-9] Possible reasons are listed at http://wiki.ros.org/tf/Errors%20explained
[bt_navigator-14] [INFO] [1785623452.959137610] [bt_navigator]: Creating bond (bt_navigator) to lifecycle manager.
[smoother_server-10] [WARN] [1785623452.968160925] []: TF_OLD_DATA ignoring data from the past for frame base_link at time 35.892000 according to authority Authority undetectable
[smoother_server-10] Possible reasons are listed at http://wiki.ros.org/tf/Errors%20explained
[planner_server-11] [WARN] [1785623452.968167981] []: TF_OLD_DATA ignoring data from the past for frame base_link at time 35.892000 according to authority Authority undetectable
[planner_server-11] Possible reasons are listed at http://wiki.ros.org/tf/Errors%20explained
[collision_monitor-17] [WARN] [1785623452.968257700] []: TF_OLD_DATA ignoring data from the past for frame base_link at time 35.892000 according to authority Authority undetectable
[collision_monitor-17] Possible reasons are listed at http://wiki.ros.org/tf/Errors%20explained
[route_server-12] [WARN] [1785623452.968293607] []: TF_OLD_DATA ignoring data from the past for frame base_link at time 35.892000 according to authority Authority undetectable
[route_server-12] Possible reasons are listed at http://wiki.ros.org/tf/Errors%20explained
[controller_server-9] [WARN] [1785623452.968315840] []: TF_OLD_DATA ignoring data from the past for frame base_link at time 35.892000 according to authority Authority undetectable
[controller_server-9] Possible reasons are listed at http://wiki.ros.org/tf/Errors%20explained
[amcl-7] [WARN] [1785623452.968324170] []: TF_OLD_DATA ignoring data from the past for frame base_link at time 35.892000 according to authority Authority undetectable
[amcl-7] Possible reasons are listed at http://wiki.ros.org/tf/Errors%20explained
[behavior_server-13] [WARN] [1785623452.968336732] []: TF_OLD_DATA ignoring data from the past for frame base_link at time 35.892000 according to authority Authority undetectable
[behavior_server-13] Possible reasons are listed at http://wiki.ros.org/tf/Errors%20explained
[bt_navigator-14] [WARN] [1785623452.968563801] []: TF_OLD_DATA ignoring data from the past for frame base_link at time 35.892000 according to authority Authority undetectable
[bt_navigator-14] Possible reasons are listed at http://wiki.ros.org/tf/Errors%20explained
[controller_server-9] [WARN] [1785623452.976506366] []: TF_OLD_DATA ignoring data from the past for frame base_link at time 19.044000 according to authority Authority undetectable
[controller_server-9] Possible reasons are listed at http://wiki.ros.org/tf/Errors%20explained
[collision_monitor-17] [WARN] [1785623452.976529112] []: TF_OLD_DATA ignoring data from the past for frame base_link at time 19.044000 according to authority Authority undetectable
[collision_monitor-17] Possible reasons are listed at http://wiki.ros.org/tf/Errors%20explained
[planner_server-11] [WARN] [1785623452.976531542] []: TF_OLD_DATA ignoring data from the past for frame base_link at time 19.044000 according to authority Authority undetectable
[planner_server-11] Possible reasons are listed at http://wiki.ros.org/tf/Errors%20explained
[amcl-7] [WARN] [1785623452.976551172] []: TF_OLD_DATA ignoring data from the past for frame base_link at time 19.044000 according to authority Authority undetectable
[amcl-7] Possible reasons are listed at http://wiki.ros.org/tf/Errors%20explained
[route_server-12] [WARN] [1785623452.976554705] []: TF_OLD_DATA ignoring data from the past for frame base_link at time 19.044000 according to authority Authority undetectable
[route_server-12] Possible reasons are listed at http://wiki.ros.org/tf/Errors%20explained
[behavior_server-13] [WARN] [1785623452.976603836] []: TF_OLD_DATA ignoring data from the past for frame base_link at time 19.044000 according to authority Authority undetectable
[behavior_server-13] Possible reasons are listed at http://wiki.ros.org/tf/Errors%20explained
[bt_navigator-14] [WARN] [1785623452.976612456] []: TF_OLD_DATA ignoring data from the past for frame base_link at time 19.044000 according to authority Authority undetectable
[bt_navigator-14] Possible reasons are listed at http://wiki.ros.org/tf/Errors%20explained
[smoother_server-10] [WARN] [1785623452.976769593] []: TF_OLD_DATA ignoring data from the past for frame base_link at time 19.044000 according to authority Authority undetectable
[smoother_server-10] Possible reasons are listed at http://wiki.ros.org/tf/Errors%20explained
[controller_server-9] [WARN] [1785623452.978642771] []: TF_OLD_DATA ignoring data from the past for frame base_link at time 3.312000 according to authority Authority undetectable
[controller_server-9] Possible reasons are listed at http://wiki.ros.org/tf/Errors%20explained
[smoother_server-10] [WARN] [1785623452.978640641] []: TF_OLD_DATA ignoring data from the past for frame base_link at time 3.312000 according to authority Authority undetectable
[smoother_server-10] Possible reasons are listed at http://wiki.ros.org/tf/Errors%20explained
[bt_navigator-14] [WARN] [1785623452.978703442] []: TF_OLD_DATA ignoring data from the past for frame base_link at time 3.312000 according to authority Authority undetectable
[bt_navigator-14] Possible reasons are listed at http://wiki.ros.org/tf/Errors%20explained
[amcl-7] [WARN] [1785623452.978702141] []: TF_OLD_DATA ignoring data from the past for frame base_link at time 3.312000 according to authority Authority undetectable
[amcl-7] Possible reasons are listed at http://wiki.ros.org/tf/Errors%20explained
[collision_monitor-17] [WARN] [1785623452.978701088] []: TF_OLD_DATA ignoring data from the past for frame base_link at time 3.312000 according to authority Authority undetectable
[collision_monitor-17] Possible reasons are listed at http://wiki.ros.org/tf/Errors%20explained
[planner_server-11] [WARN] [1785623452.978701770] []: TF_OLD_DATA ignoring data from the past for frame base_link at time 3.312000 according to authority Authority undetectable
[planner_server-11] Possible reasons are listed at http://wiki.ros.org/tf/Errors%20explained
[behavior_server-13] [WARN] [1785623452.979285679] []: TF_OLD_DATA ignoring data from the past for frame base_link at time 3.312000 according to authority Authority undetectable
[behavior_server-13] Possible reasons are listed at http://wiki.ros.org/tf/Errors%20explained
[route_server-12] [WARN] [1785623452.979285962] []: TF_OLD_DATA ignoring data from the past for frame base_link at time 3.312000 according to authority Authority undetectable
[route_server-12] Possible reasons are listed at http://wiki.ros.org/tf/Errors%20explained
[smoother_server-10] [WARN] [1785623453.003678862] []: TF_OLD_DATA ignoring data from the past for frame base_link at time 35.928000 according to authority Authority undetectable
[smoother_server-10] Possible reasons are listed at http://wiki.ros.org/tf/Errors%20explained
[controller_server-9] [WARN] [1785623453.003678650] []: TF_OLD_DATA ignoring data from the past for frame base_link at time 35.928000 according to authority Authority undetectable
[controller_server-9] Possible reasons are listed at http://wiki.ros.org/tf/Errors%20explained
[planner_server-11] [WARN] [1785623453.003691730] []: TF_OLD_DATA ignoring data from the past for frame base_link at time 35.928000 according to authority Authority undetectable
[planner_server-11] Possible reasons are listed at http://wiki.ros.org/tf/Errors%20explained
[behavior_server-13] [WARN] [1785623453.003697211] []: TF_OLD_DATA ignoring data from the past for frame base_link at time 35.928000 according to authority Authority undetectable
[behavior_server-13] Possible reasons are listed at http://wiki.ros.org/tf/Errors%20explained
[route_server-12] [WARN] [1785623453.003703064] []: TF_OLD_DATA ignoring data from the past for frame base_link at time 35.928000 according to authority Authority undetectable
[route_server-12] Possible reasons are listed at http://wiki.ros.org/tf/Errors%20explained
[collision_monitor-17] [WARN] [1785623453.003710735] []: TF_OLD_DATA ignoring data from the past for frame base_link at time 35.928000 according to authority Authority undetectable
[collision_monitor-17] Possible reasons are listed at http://wiki.ros.org/tf/Errors%20explained
[bt_navigator-14] [WARN] [1785623453.003744786] []: TF_OLD_DATA ignoring data from the past for frame base_link at time 35.928000 according to authority Authority undetectable
[bt_navigator-14] Possible reasons are listed at http://wiki.ros.org/tf/Errors%20explained
[amcl-7] [WARN] [1785623453.003811724] []: TF_OLD_DATA ignoring data from the past for frame base_link at time 35.928000 according to authority Authority undetectable
[amcl-7] Possible reasons are listed at http://wiki.ros.org/tf/Errors%20explained
[amcl-7] [WARN] [1785623453.012750165] []: TF_OLD_DATA ignoring data from the past for frame base_link at time 19.080000 according to authority Authority undetectable
[amcl-7] Possible reasons are listed at http://wiki.ros.org/tf/Errors%20explained
[route_server-12] [WARN] [1785623453.012750565] []: TF_OLD_DATA ignoring data from the past for frame base_link at time 19.080000 according to authority Authority undetectable
[route_server-12] Possible reasons are listed at http://wiki.ros.org/tf/Errors%20explained
[planner_server-11] [WARN] [1785623453.012751666] []: TF_OLD_DATA ignoring data from the past for frame base_link at time 19.080000 according to authority Authority undetectable
[planner_server-11] Possible reasons are listed at http://wiki.ros.org/tf/Errors%20explained
[controller_server-9] [WARN] [1785623453.012836772] []: TF_OLD_DATA ignoring data from the past for frame base_link at time 19.080000 according to authority Authority undetectable
[controller_server-9] Possible reasons are listed at http://wiki.ros.org/tf/Errors%20explained
[bt_navigator-14] [WARN] [1785623453.012845148] []: TF_OLD_DATA ignoring data from the past for frame base_link at time 19.080000 according to authority Authority undetectable
[bt_navigator-14] Possible reasons are listed at http://wiki.ros.org/tf/Errors%20explained
[smoother_server-10] [WARN] [1785623453.012868307] []: TF_OLD_DATA ignoring data from the past for frame base_link at time 19.080000 according to authority Authority undetectable
[smoother_server-10] Possible reasons are listed at http://wiki.ros.org/tf/Errors%20explained
[collision_monitor-17] [WARN] [1785623453.012964689] []: TF_OLD_DATA ignoring data from the past for frame base_link at time 19.080000 according to authority Authority undetectable
[collision_monitor-17] Possible reasons are listed at http://wiki.ros.org/tf/Errors%20explained
[behavior_server-13] [WARN] [1785623453.013534010] []: TF_OLD_DATA ignoring data from the past for frame base_link at time 19.080000 according to authority Authority undetectable
[behavior_server-13] Possible reasons are listed at http://wiki.ros.org/tf/Errors%20explained
[amcl-7] [WARN] [1785623453.015103593] []: TF_OLD_DATA ignoring data from the past for frame base_link at time 3.348000 according to authority Authority undetectable
[amcl-7] Possible reasons are listed at http://wiki.ros.org/tf/Errors%20explained
[bt_navigator-14] [WARN] [1785623453.015132107] []: TF_OLD_DATA ignoring data from the past for frame base_link at time 3.348000 according to authority Authority undetectable
[bt_navigator-14] Possible reasons are listed at http://wiki.ros.org/tf/Errors%20explained
[smoother_server-10] [WARN] [1785623453.015138145] []: TF_OLD_DATA ignoring data from the past for frame base_link at time 3.348000 according to authority Authority undetectable
[smoother_server-10] Possible reasons are listed at http://wiki.ros.org/tf/Errors%20explained
[behavior_server-13] [WARN] [1785623453.015158472] []: TF_OLD_DATA ignoring data from the past for frame base_link at time 3.348000 according to authority Authority undetectable
[behavior_server-13] Possible reasons are listed at http://wiki.ros.org/tf/Errors%20explained
[collision_monitor-17] [WARN] [1785623453.015160958] []: TF_OLD_DATA ignoring data from the past for frame base_link at time 3.348000 according to authority Authority undetectable
[collision_monitor-17] Possible reasons are listed at http://wiki.ros.org/tf/Errors%20explained
[route_server-12] [WARN] [1785623453.015163608] []: TF_OLD_DATA ignoring data from the past for frame base_link at time 3.348000 according to authority Authority undetectable
[route_server-12] Possible reasons are listed at http://wiki.ros.org/tf/Errors%20explained
[controller_server-9] [WARN] [1785623453.015226057] []: TF_OLD_DATA ignoring data from the past for frame base_link at time 3.348000 according to authority Authority undetectable
[controller_server-9] Possible reasons are listed at http://wiki.ros.org/tf/Errors%20explained
[planner_server-11] [WARN] [1785623453.015256650] []: TF_OLD_DATA ignoring data from the past for frame base_link at time 3.348000 according to authority Authority undetectable
[planner_server-11] Possible reasons are listed at http://wiki.ros.org/tf/Errors%20explained
[smoother_server-10] [WARN] [1785623453.039622409] []: TF_OLD_DATA ignoring data from the past for frame base_link at time 35.964000 according to authority Authority undetectable
[smoother_server-10] Possible reasons are listed at http://wiki.ros.org/tf/Errors%20explained
[route_server-12] [WARN] [1785623453.039638271] []: TF_OLD_DATA ignoring data from the past for frame base_link at time 35.964000 according to authority Authority undetectable
[route_server-12] Possible reasons are listed at http://wiki.ros.org/tf/Errors%20explained
[controller_server-9] [WARN] [1785623453.039638506] []: TF_OLD_DATA ignoring data from the past for frame base_link at time 35.964000 according to authority Authority undetectable
[controller_server-9] Possible reasons are listed at http://wiki.ros.org/tf/Errors%20explained
[amcl-7] [WARN] [1785623453.039638610] []: TF_OLD_DATA ignoring data from the past for frame base_link at time 35.964000 according to authority Authority undetectable
[amcl-7] Possible reasons are listed at http://wiki.ros.org/tf/Errors%20explained
[behavior_server-13] [WARN] [1785623453.039644130] []: TF_OLD_DATA ignoring data from the past for frame base_link at time 35.964000 according to authority Authority undetectable
[behavior_server-13] Possible reasons are listed at http://wiki.ros.org/tf/Errors%20explained
[bt_navigator-14] [WARN] [1785623453.039644778] []: TF_OLD_DATA ignoring data from the past for frame base_link at time 35.964000 according to authority Authority undetectable
[bt_navigator-14] Possible reasons are listed at http://wiki.ros.org/tf/Errors%20explained
[collision_monitor-17] [WARN] [1785623453.039670961] []: TF_OLD_DATA ignoring data from the past for frame base_link at time 35.964000 according to authority Authority undetectable
[collision_monitor-17] Possible reasons are listed at http://wiki.ros.org/tf/Errors%20explained
[planner_server-11] [WARN] [1785623453.039691980] []: TF_OLD_DATA ignoring data from the past for frame base_link at time 35.964000 according to authority Authority undetectable
[planner_server-11] Possible reasons are listed at http://wiki.ros.org/tf/Errors%20explained
[controller_server-9] [WARN] [1785623453.048771049] []: TF_OLD_DATA ignoring data from the past for frame base_link at time 19.116000 according to authority Authority undetectable
[controller_server-9] Possible reasons are listed at http://wiki.ros.org/tf/Errors%20explained
[amcl-7] [WARN] [1785623453.048786035] []: TF_OLD_DATA ignoring data from the past for frame base_link at time 19.116000 according to authority Authority undetectable
[amcl-7] Possible reasons are listed at http://wiki.ros.org/tf/Errors%20explained
[smoother_server-10] [WARN] [1785623453.048787563] []: TF_OLD_DATA ignoring data from the past for frame base_link at time 19.116000 according to authority Authority undetectable
[smoother_server-10] Possible reasons are listed at http://wiki.ros.org/tf/Errors%20explained
[planner_server-11] [WARN] [1785623453.048820024] []: TF_OLD_DATA ignoring data from the past for frame base_link at time 19.116000 according to authority Authority undetectable
[planner_server-11] Possible reasons are listed at http://wiki.ros.org/tf/Errors%20explained
[collision_monitor-17] [WARN] [1785623453.048845760] []: TF_OLD_DATA ignoring data from the past for frame base_link at time 19.116000 according to authority Authority undetectable
[collision_monitor-17] Possible reasons are listed at http://wiki.ros.org/tf/Errors%20explained
[bt_navigator-14] [WARN] [1785623453.048862718] []: TF_OLD_DATA ignoring data from the past for frame base_link at time 19.116000 according to authority Authority undetectable
[bt_navigator-14] Possible reasons are listed at http://wiki.ros.org/tf/Errors%20explained
[behavior_server-13] [WARN] [1785623453.048862676] []: TF_OLD_DATA ignoring data from the past for frame base_link at time 19.116000 according to authority Authority undetectable
[behavior_server-13] Possible reasons are listed at http://wiki.ros.org/tf/Errors%20explained
[route_server-12] [WARN] [1785623453.048884807] []: TF_OLD_DATA ignoring data from the past for frame base_link at time 19.116000 according to authority Authority undetectable
[route_server-12] Possible reasons are listed at http://wiki.ros.org/tf/Errors%20explained
[amcl-7] [WARN] [1785623453.050634975] []: TF_OLD_DATA ignoring data from the past for frame base_link at time 3.384000 according to authority Authority undetectable
[amcl-7] Possible reasons are listed at http://wiki.ros.org/tf/Errors%20explained
[controller_server-9] [WARN] [1785623453.050731212] []: TF_OLD_DATA ignoring data from the past for frame base_link at time 3.384000 according to authority Authority undetectable
[controller_server-9] Possible reasons are listed at http://wiki.ros.org/tf/Errors%20explained
[smoother_server-10] [WARN] [1785623453.050737945] []: TF_OLD_DATA ignoring data from the past for frame base_link at time 3.384000 according to authority Authority undetectable
[smoother_server-10] Possible reasons are listed at http://wiki.ros.org/tf/Errors%20explained
[planner_server-11] [WARN] [1785623453.050744976] []: TF_OLD_DATA ignoring data from the past for frame base_link at time 3.384000 according to authority Authority undetectable
[planner_server-11] Possible reasons are listed at http://wiki.ros.org/tf/Errors%20explained
[collision_monitor-17] [WARN] [1785623453.050806118] []: TF_OLD_DATA ignoring data from the past for frame base_link at time 3.384000 according to authority Authority undetectable
[collision_monitor-17] Possible reasons are listed at http://wiki.ros.org/tf/Errors%20explained
[behavior_server-13] [WARN] [1785623453.050814454] []: TF_OLD_DATA ignoring data from the past for frame base_link at time 3.384000 according to authority Authority undetectable
[behavior_server-13] Possible reasons are listed at http://wiki.ros.org/tf/Errors%20explained
[bt_navigator-14] [WARN] [1785623453.050849109] []: TF_OLD_DATA ignoring data from the past for frame base_link at time 3.384000 according to authority Authority undetectable
[bt_navigator-14] Possible reasons are listed at http://wiki.ros.org/tf/Errors%20explained
[route_server-12] [WARN] [1785623453.050862477] []: TF_OLD_DATA ignoring data from the past for frame base_link at time 3.384000 according to authority Authority undetectable
[route_server-12] Possible reasons are listed at http://wiki.ros.org/tf/Errors%20explained
[smoother_server-10] [INFO] [1785623453.055329492] [smoother_server]: Received a path to smooth.
[lifecycle_manager-19] [INFO] [1785623453.068036456] [lifecycle_manager_navigation]: Server bt_navigator connected with bond.
[lifecycle_manager-19] [INFO] [1785623453.068088618] [lifecycle_manager_navigation]: [34m[1mActivating waypoint_follower[0m[0m
[waypoint_follower-15] [INFO] [1785623453.068482437] [waypoint_follower]: Activating
[waypoint_follower-15] [INFO] [1785623453.068523436] [waypoint_follower]: Creating bond (waypoint_follower) to lifecycle manager.
[amcl-7] [WARN] [1785623453.075820884] []: TF_OLD_DATA ignoring data from the past for frame base_link at time 36.000000 according to authority Authority undetectable
[amcl-7] Possible reasons are listed at http://wiki.ros.org/tf/Errors%20explained
[controller_server-9] [WARN] [1785623453.075821022] []: TF_OLD_DATA ignoring data from the past for frame base_link at time 36.000000 according to authority Authority undetectable
[controller_server-9] Possible reasons are listed at http://wiki.ros.org/tf/Errors%20explained
[smoother_server-10] [WARN] [1785623453.075985576] []: TF_OLD_DATA ignoring data from the past for frame base_link at time 36.000000 according to authority Authority undetectable
[smoother_server-10] Possible reasons are listed at http://wiki.ros.org/tf/Errors%20explained
[bt_navigator-14] [WARN] [1785623453.075985696] []: TF_OLD_DATA ignoring data from the past for frame base_link at time 36.000000 according to authority Authority undetectable
[bt_navigator-14] Possible reasons are listed at http://wiki.ros.org/tf/Errors%20explained
[behavior_server-13] [WARN] [1785623453.076085147] []: TF_OLD_DATA ignoring data from the past for frame base_link at time 36.000000 according to authority Authority undetectable
[behavior_server-13] Possible reasons are listed at http://wiki.ros.org/tf/Errors%20explained
[route_server-12] [WARN] [1785623453.076164609] []: TF_OLD_DATA ignoring data from the past for frame base_link at time 36.000000 according to authority Authority undetectable
[route_server-12] Possible reasons are listed at http://wiki.ros.org/tf/Errors%20explained
[collision_monitor-17] [WARN] [1785623453.076215149] []: TF_OLD_DATA ignoring data from the past for frame base_link at time 36.000000 according to authority Authority undetectable
[collision_monitor-17] Possible reasons are listed at http://wiki.ros.org/tf/Errors%20explained
[planner_server-11] [WARN] [1785623453.076236674] []: TF_OLD_DATA ignoring data from the past for frame base_link at time 36.000000 according to authority Authority undetectable
[planner_server-11] Possible reasons are listed at http://wiki.ros.org/tf/Errors%20explained
[smoother_server-10] [WARN] [1785623453.084585987] []: TF_OLD_DATA ignoring data from the past for frame base_link at time 19.152000 according to authority Authority undetectable
[smoother_server-10] Possible reasons are listed at http://wiki.ros.org/tf/Errors%20explained
[amcl-7] [WARN] [1785623453.084586053] []: TF_OLD_DATA ignoring data from the past for frame base_link at time 19.152000 according to authority Authority undetectable
[amcl-7] Possible reasons are listed at http://wiki.ros.org/tf/Errors%20explained
[planner_server-11] [WARN] [1785623453.084587953] []: TF_OLD_DATA ignoring data from the past for frame base_link at time 19.152000 according to authority Authority undetectable
[planner_server-11] Possible reasons are listed at http://wiki.ros.org/tf/Errors%20explained
[controller_server-9] [WARN] [1785623453.084613860] []: TF_OLD_DATA ignoring data from the past for frame base_link at time 19.152000 according to authority Authority undetectable
[controller_server-9] Possible reasons are listed at http://wiki.ros.org/tf/Errors%20explained
[route_server-12] [WARN] [1785623453.084628962] []: TF_OLD_DATA ignoring data from the past for frame base_link at time 19.152000 according to authority Authority undetectable
[route_server-12] Possible reasons are listed at http://wiki.ros.org/tf/Errors%20explained
[bt_navigator-14] [WARN] [1785623453.084638122] []: TF_OLD_DATA ignoring data from the past for frame base_link at time 19.152000 according to authority Authority undetectable
[bt_navigator-14] Possible reasons are listed at http://wiki.ros.org/tf/Errors%20explained
[collision_monitor-17] [WARN] [1785623453.084684101] []: TF_OLD_DATA ignoring data from the past for frame base_link at time 19.152000 according to authority Authority undetectable
[collision_monitor-17] Possible reasons are listed at http://wiki.ros.org/tf/Errors%20explained
[behavior_server-13] [WARN] [1785623453.084688529] []: TF_OLD_DATA ignoring data from the past for frame base_link at time 19.152000 according to authority Authority undetectable
[behavior_server-13] Possible reasons are listed at http://wiki.ros.org/tf/Errors%20explained
[smoother_server-10] [WARN] [1785623453.086565762] []: TF_OLD_DATA ignoring data from the past for frame base_link at time 3.420000 according to authority Authority undetectable
[smoother_server-10] Possible reasons are listed at http://wiki.ros.org/tf/Errors%20explained
[behavior_server-13] [WARN] [1785623453.086565576] []: TF_OLD_DATA ignoring data from the past for frame base_link at time 3.420000 according to authority Authority undetectable
[behavior_server-13] Possible reasons are listed at http://wiki.ros.org/tf/Errors%20explained
[planner_server-11] [WARN] [1785623453.086565685] []: TF_OLD_DATA ignoring data from the past for frame base_link at time 3.420000 according to authority Authority undetectable
[planner_server-11] Possible reasons are listed at http://wiki.ros.org/tf/Errors%20explained
[bt_navigator-14] [WARN] [1785623453.086568359] []: TF_OLD_DATA ignoring data from the past for frame base_link at time 3.420000 according to authority Authority undetectable
[bt_navigator-14] Possible reasons are listed at http://wiki.ros.org/tf/Errors%20explained
[route_server-12] [WARN] [1785623453.086574132] []: TF_OLD_DATA ignoring data from the past for frame base_link at time 3.420000 according to authority Authority undetectable
[route_server-12] Possible reasons are listed at http://wiki.ros.org/tf/Errors%20explained
[amcl-7] [WARN] [1785623453.086592660] []: TF_OLD_DATA ignoring data from the past for frame base_link at time 3.420000 according to authority Authority undetectable
[amcl-7] Possible reasons are listed at http://wiki.ros.org/tf/Errors%20explained
[collision_monitor-17] [WARN] [1785623453.086605988] []: TF_OLD_DATA ignoring data from the past for frame base_link at time 3.420000 according to authority Authority undetectable
[collision_monitor-17] Possible reasons are listed at http://wiki.ros.org/tf/Errors%20explained
[controller_server-9] [WARN] [1785623453.086929469] []: TF_OLD_DATA ignoring data from the past for frame base_link at time 3.420000 according to authority Authority undetectable
[controller_server-9] Possible reasons are listed at http://wiki.ros.org/tf/Errors%20explained
[smoother_server-10] [INFO] [1785623453.089054121] [smoother_server]: PSTMO: 3 corners, 3 G2, 0 pivots, 0 pass-through, 120 evaluations, 0.033550 s
[smoother_server-10] [INFO] [1785623453.108815004] [smoother_server]: PSTMO: 2 corners, 2 G2, 0 pivots, 0 pass-through, 80 evaluations, 0.019623 s
[smoother_server-10] [INFO] [1785623453.109165942] [smoother_server]: PSTMO LOS selector chose LOS (no-LOS=0.572311, LOS=0.557237, reason=los_quality_improvement)
[amcl-7] [WARN] [1785623453.111576716] []: TF_OLD_DATA ignoring data from the past for frame base_link at time 36.036000 according to authority Authority undetectable
[amcl-7] Possible reasons are listed at http://wiki.ros.org/tf/Errors%20explained
[controller_server-9] [WARN] [1785623453.111582713] []: TF_OLD_DATA ignoring data from the past for frame base_link at time 36.036000 according to authority Authority undetectable
[controller_server-9] Possible reasons are listed at http://wiki.ros.org/tf/Errors%20explained
[bt_navigator-14] [WARN] [1785623453.111595078] []: TF_OLD_DATA ignoring data from the past for frame base_link at time 36.036000 according to authority Authority undetectable
[bt_navigator-14] Possible reasons are listed at http://wiki.ros.org/tf/Errors%20explained
[smoother_server-10] [WARN] [1785623453.111594879] []: TF_OLD_DATA ignoring data from the past for frame base_link at time 36.036000 according to authority Authority undetectable
[smoother_server-10] Possible reasons are listed at http://wiki.ros.org/tf/Errors%20explained
[route_server-12] [WARN] [1785623453.111597624] []: TF_OLD_DATA ignoring data from the past for frame base_link at time 36.036000 according to authority Authority undetectable
[route_server-12] Possible reasons are listed at http://wiki.ros.org/tf/Errors%20explained
[behavior_server-13] [WARN] [1785623453.111600232] []: TF_OLD_DATA ignoring data from the past for frame base_link at time 36.036000 according to authority Authority undetectable
[behavior_server-13] Possible reasons are listed at http://wiki.ros.org/tf/Errors%20explained
[collision_monitor-17] [WARN] [1785623453.111632844] []: TF_OLD_DATA ignoring data from the past for frame base_link at time 36.036000 according to authority Authority undetectable
[collision_monitor-17] Possible reasons are listed at http://wiki.ros.org/tf/Errors%20explained
[planner_server-11] [WARN] [1785623453.111694839] []: TF_OLD_DATA ignoring data from the past for frame base_link at time 36.036000 according to authority Authority undetectable
[planner_server-11] Possible reasons are listed at http://wiki.ros.org/tf/Errors%20explained
[controller_server-9] [WARN] [1785623453.120555843] []: TF_OLD_DATA ignoring data from the past for frame base_link at time 19.188000 according to authority Authority undetectable
[controller_server-9] Possible reasons are listed at http://wiki.ros.org/tf/Errors%20explained
[planner_server-11] [WARN] [1785623453.120581000] []: TF_OLD_DATA ignoring data from the past for frame base_link at time 19.188000 according to authority Authority undetectable
[planner_server-11] Possible reasons are listed at http://wiki.ros.org/tf/Errors%20explained
[smoother_server-10] [WARN] [1785623453.120586314] []: TF_OLD_DATA ignoring data from the past for frame base_link at time 19.188000 according to authority Authority undetectable
[smoother_server-10] Possible reasons are listed at http://wiki.ros.org/tf/Errors%20explained
[route_server-12] [WARN] [1785623453.120595794] []: TF_OLD_DATA ignoring data from the past for frame base_link at time 19.188000 according to authority Authority undetectable
[route_server-12] Possible reasons are listed at http://wiki.ros.org/tf/Errors%20explained
[behavior_server-13] [WARN] [1785623453.120599447] []: TF_OLD_DATA ignoring data from the past for frame base_link at time 19.188000 according to authority Authority undetectable
[behavior_server-13] Possible reasons are listed at http://wiki.ros.org/tf/Errors%20explained
[amcl-7] [WARN] [1785623453.120599429] []: TF_OLD_DATA ignoring data from the past for frame base_link at time 19.188000 according to authority Authority undetectable
[amcl-7] Possible reasons are listed at http://wiki.ros.org/tf/Errors%20explained
[collision_monitor-17] [WARN] [1785623453.120601155] []: TF_OLD_DATA ignoring data from the past for frame base_link at time 19.188000 according to authority Authority undetectable
[collision_monitor-17] Possible reasons are listed at http://wiki.ros.org/tf/Errors%20explained
[bt_navigator-14] [WARN] [1785623453.120683180] []: TF_OLD_DATA ignoring data from the past for frame base_link at time 19.188000 according to authority Authority undetectable
[bt_navigator-14] Possible reasons are listed at http://wiki.ros.org/tf/Errors%20explained
[route_server-12] [WARN] [1785623453.122679867] []: TF_OLD_DATA ignoring data from the past for frame base_link at time 3.456000 according to authority Authority undetectable
[route_server-12] Possible reasons are listed at http://wiki.ros.org/tf/Errors%20explained
[amcl-7] [WARN] [1785623453.122688775] []: TF_OLD_DATA ignoring data from the past for frame base_link at time 3.456000 according to authority Authority undetectable
[amcl-7] Possible reasons are listed at http://wiki.ros.org/tf/Errors%20explained
[controller_server-9] [WARN] [1785623453.122695968] []: TF_OLD_DATA ignoring data from the past for frame base_link at time 3.456000 according to authority Authority undetectable
[controller_server-9] Possible reasons are listed at http://wiki.ros.org/tf/Errors%20explained
[smoother_server-10] [WARN] [1785623453.122701182] []: TF_OLD_DATA ignoring data from the past for frame base_link at time 3.456000 according to authority Authority undetectable
[smoother_server-10] Possible reasons are listed at http://wiki.ros.org/tf/Errors%20explained
[collision_monitor-17] [WARN] [1785623453.122746316] []: TF_OLD_DATA ignoring data from the past for frame base_link at time 3.456000 according to authority Authority undetectable
[collision_monitor-17] Possible reasons are listed at http://wiki.ros.org/tf/Errors%20explained
[planner_server-11] [WARN] [1785623453.122754296] []: TF_OLD_DATA ignoring data from the past for frame base_link at time 3.456000 according to authority Authority undetectable
[planner_server-11] Possible reasons are listed at http://wiki.ros.org/tf/Errors%20explained
[bt_navigator-14] [WARN] [1785623453.122812569] []: TF_OLD_DATA ignoring data from the past for frame base_link at time 3.456000 according to authority Authority undetectable
[bt_navigator-14] Possible reasons are listed at http://wiki.ros.org/tf/Errors%20explained
[behavior_server-13] [WARN] [1785623453.122878992] []: TF_OLD_DATA ignoring data from the past for frame base_link at time 3.456000 according to authority Authority undetectable
[behavior_server-13] Possible reasons are listed at http://wiki.ros.org/tf/Errors%20explained
[amcl-7] [WARN] [1785623453.147712697] []: TF_OLD_DATA ignoring data from the past for frame base_link at time 36.072000 according to authority Authority undetectable
[amcl-7] Possible reasons are listed at http://wiki.ros.org/tf/Errors%20explained
[smoother_server-10] [WARN] [1785623453.147723253] []: TF_OLD_DATA ignoring data from the past for frame base_link at time 36.072000 according to authority Authority undetectable
[smoother_server-10] Possible reasons are listed at http://wiki.ros.org/tf/Errors%20explained
[planner_server-11] [WARN] [1785623453.147732923] []: TF_OLD_DATA ignoring data from the past for frame base_link at time 36.072000 according to authority Authority undetectable
[planner_server-11] Possible reasons are listed at http://wiki.ros.org/tf/Errors%20explained
[bt_navigator-14] [WARN] [1785623453.147730887] []: TF_OLD_DATA ignoring data from the past for frame base_link at time 36.072000 according to authority Authority undetectable
[bt_navigator-14] Possible reasons are listed at http://wiki.ros.org/tf/Errors%20explained
[controller_server-9] [WARN] [1785623453.147735001] []: TF_OLD_DATA ignoring data from the past for frame base_link at time 36.072000 according to authority Authority undetectable
[controller_server-9] Possible reasons are listed at http://wiki.ros.org/tf/Errors%20explained
[behavior_server-13] [WARN] [1785623453.147732348] []: TF_OLD_DATA ignoring data from the past for frame base_link at time 36.072000 according to authority Authority undetectable
[behavior_server-13] Possible reasons are listed at http://wiki.ros.org/tf/Errors%20explained
[collision_monitor-17] [WARN] [1785623453.147759610] []: TF_OLD_DATA ignoring data from the past for frame base_link at time 36.072000 according to authority Authority undetectable
[collision_monitor-17] Possible reasons are listed at http://wiki.ros.org/tf/Errors%20explained
[route_server-12] [WARN] [1785623453.147761216] []: TF_OLD_DATA ignoring data from the past for frame base_link at time 36.072000 according to authority Authority undetectable
[route_server-12] Possible reasons are listed at http://wiki.ros.org/tf/Errors%20explained
[controller_server-9] [WARN] [1785623453.156409645] []: TF_OLD_DATA ignoring data from the past for frame base_link at time 19.224000 according to authority Authority undetectable
[controller_server-9] Possible reasons are listed at http://wiki.ros.org/tf/Errors%20explained
[amcl-7] [WARN] [1785623453.156409784] []: TF_OLD_DATA ignoring data from the past for frame base_link at time 19.224000 according to authority Authority undetectable
[amcl-7] Possible reasons are listed at http://wiki.ros.org/tf/Errors%20explained
[planner_server-11] [WARN] [1785623453.156436804] []: TF_OLD_DATA ignoring data from the past for frame base_link at time 19.224000 according to authority Authority undetectable
[planner_server-11] Possible reasons are listed at http://wiki.ros.org/tf/Errors%20explained
[collision_monitor-17] [WARN] [1785623453.156440718] []: TF_OLD_DATA ignoring data from the past for frame base_link at time 19.224000 according to authority Authority undetectable
[collision_monitor-17] Possible reasons are listed at http://wiki.ros.org/tf/Errors%20explained
[smoother_server-10] [WARN] [1785623453.156447212] []: TF_OLD_DATA ignoring data from the past for frame base_link at time 19.224000 according to authority Authority undetectable
[smoother_server-10] Possible reasons are listed at http://wiki.ros.org/tf/Errors%20explained
[bt_navigator-14] [WARN] [1785623453.156452963] []: TF_OLD_DATA ignoring data from the past for frame base_link at time 19.224000 according to authority Authority undetectable
[bt_navigator-14] Possible reasons are listed at http://wiki.ros.org/tf/Errors%20explained
[behavior_server-13] [WARN] [1785623453.156510439] []: TF_OLD_DATA ignoring data from the past for frame base_link at time 19.224000 according to authority Authority undetectable
[behavior_server-13] Possible reasons are listed at http://wiki.ros.org/tf/Errors%20explained
[route_server-12] [WARN] [1785623453.156518665] []: TF_OLD_DATA ignoring data from the past for frame base_link at time 19.224000 according to authority Authority undetectable
[route_server-12] Possible reasons are listed at http://wiki.ros.org/tf/Errors%20explained
[route_server-12] [WARN] [1785623453.158701377] []: TF_OLD_DATA ignoring data from the past for frame base_link at time 3.492000 according to authority Authority undetectable
[route_server-12] Possible reasons are listed at http://wiki.ros.org/tf/Errors%20explained
[behavior_server-13] [WARN] [1785623453.158701134] []: TF_OLD_DATA ignoring data from the past for frame base_link at time 3.492000 according to authority Authority undetectable
[behavior_server-13] Possible reasons are listed at http://wiki.ros.org/tf/Errors%20explained
[amcl-7] [WARN] [1785623453.158707269] []: TF_OLD_DATA ignoring data from the past for frame base_link at time 3.492000 according to authority Authority undetectable
[amcl-7] Possible reasons are listed at http://wiki.ros.org/tf/Errors%20explained
[bt_navigator-14] [WARN] [1785623453.158737678] []: TF_OLD_DATA ignoring data from the past for frame base_link at time 3.492000 according to authority Authority undetectable
[bt_navigator-14] Possible reasons are listed at http://wiki.ros.org/tf/Errors%20explained
[controller_server-9] [WARN] [1785623453.158747495] []: TF_OLD_DATA ignoring data from the past for frame base_link at time 3.492000 according to authority Authority undetectable
[controller_server-9] Possible reasons are listed at http://wiki.ros.org/tf/Errors%20explained
[planner_server-11] [WARN] [1785623453.158775303] []: TF_OLD_DATA ignoring data from the past for frame base_link at time 3.492000 according to authority Authority undetectable
[planner_server-11] Possible reasons are listed at http://wiki.ros.org/tf/Errors%20explained
[collision_monitor-17] [WARN] [1785623453.159252219] []: TF_OLD_DATA ignoring data from the past for frame base_link at time 3.492000 according to authority Authority undetectable
[collision_monitor-17] Possible reasons are listed at http://wiki.ros.org/tf/Errors%20explained
[smoother_server-10] [WARN] [1785623453.159274623] []: TF_OLD_DATA ignoring data from the past for frame base_link at time 3.492000 according to authority Authority undetectable
[smoother_server-10] Possible reasons are listed at http://wiki.ros.org/tf/Errors%20explained
[batch_benchmark-5] [INFO] [1785623453.176613052] [planner_geometry_benchmark]: [4/5] Smac2D / center_block_detour / repetition 1
[lifecycle_manager-19] [INFO] [1785623453.177123718] [lifecycle_manager_navigation]: Server waypoint_follower connected with bond.
[lifecycle_manager-19] [INFO] [1785623453.177157445] [lifecycle_manager_navigation]: [34m[1mActivating docking_server[0m[0m
[opennav_docking-18] [INFO] [1785623453.177777401] [docking_server]: Activating docking_server
[smoother_server-10] [WARN] [1785623453.184204753] []: TF_OLD_DATA ignoring data from the past for frame base_link at time 36.108000 according to authority Authority undetectable
[smoother_server-10] Possible reasons are listed at http://wiki.ros.org/tf/Errors%20explained
[planner_server-11] [WARN] [1785623453.184200270] []: TF_OLD_DATA ignoring data from the past for frame base_link at time 36.108000 according to authority Authority undetectable
[planner_server-11] Possible reasons are listed at http://wiki.ros.org/tf/Errors%20explained
[amcl-7] [WARN] [1785623453.184400555] []: TF_OLD_DATA ignoring data from the past for frame base_link at time 36.108000 according to authority Authority undetectable
[amcl-7] Possible reasons are listed at http://wiki.ros.org/tf/Errors%20explained
[route_server-12] [WARN] [1785623453.184493116] []: TF_OLD_DATA ignoring data from the past for frame base_link at time 36.108000 according to authority Authority undetectable
[route_server-12] Possible reasons are listed at http://wiki.ros.org/tf/Errors%20explained
[controller_server-9] [WARN] [1785623453.184502096] []: TF_OLD_DATA ignoring data from the past for frame base_link at time 36.108000 according to authority Authority undetectable
[controller_server-9] Possible reasons are listed at http://wiki.ros.org/tf/Errors%20explained
[bt_navigator-14] [WARN] [1785623453.184579240] []: TF_OLD_DATA ignoring data from the past for frame base_link at time 36.108000 according to authority Authority undetectable
[bt_navigator-14] Possible reasons are listed at http://wiki.ros.org/tf/Errors%20explained
[collision_monitor-17] [WARN] [1785623453.184670741] []: TF_OLD_DATA ignoring data from the past for frame base_link at time 36.108000 according to authority Authority undetectable
[collision_monitor-17] Possible reasons are listed at http://wiki.ros.org/tf/Errors%20explained
[behavior_server-13] [WARN] [1785623453.184759238] []: TF_OLD_DATA ignoring data from the past for frame base_link at time 36.108000 according to authority Authority undetectable
[behavior_server-13] Possible reasons are listed at http://wiki.ros.org/tf/Errors%20explained
[opennav_docking-18] [INFO] [1785623453.192466968] [docking_server]: Creating bond (docking_server) to lifecycle manager.
[collision_monitor-17] [WARN] [1785623453.193698212] []: TF_OLD_DATA ignoring data from the past for frame base_link at time 19.260000 according to authority Authority undetectable
[collision_monitor-17] Possible reasons are listed at http://wiki.ros.org/tf/Errors%20explained
[amcl-7] [WARN] [1785623453.193715277] []: TF_OLD_DATA ignoring data from the past for frame base_link at time 19.260000 according to authority Authority undetectable
[amcl-7] Possible reasons are listed at http://wiki.ros.org/tf/Errors%20explained
[opennav_docking-18] [WARN] [1785623453.193764434] []: TF_OLD_DATA ignoring data from the past for frame base_link at time 19.260000 according to authority Authority undetectable
[opennav_docking-18] Possible reasons are listed at http://wiki.ros.org/tf/Errors%20explained
[smoother_server-10] [WARN] [1785623453.193811026] []: TF_OLD_DATA ignoring data from the past for frame base_link at time 19.260000 according to authority Authority undetectable
[smoother_server-10] Possible reasons are listed at http://wiki.ros.org/tf/Errors%20explained
[behavior_server-13] [WARN] [1785623453.193826035] []: TF_OLD_DATA ignoring data from the past for frame base_link at time 19.260000 according to authority Authority undetectable
[behavior_server-13] Possible reasons are listed at http://wiki.ros.org/tf/Errors%20explained
[planner_server-11] [WARN] [1785623453.193988692] []: TF_OLD_DATA ignoring data from the past for frame base_link at time 19.260000 according to authority Authority undetectable
[planner_server-11] Possible reasons are listed at http://wiki.ros.org/tf/Errors%20explained
[bt_navigator-14] [WARN] [1785623453.194226581] []: TF_OLD_DATA ignoring data from the past for frame base_link at time 19.260000 according to authority Authority undetectable
[bt_navigator-14] Possible reasons are listed at http://wiki.ros.org/tf/Errors%20explained
[controller_server-9] [WARN] [1785623453.194249562] []: TF_OLD_DATA ignoring data from the past for frame base_link at time 19.260000 according to authority Authority undetectable
[controller_server-9] Possible reasons are listed at http://wiki.ros.org/tf/Errors%20explained
[route_server-12] [WARN] [1785623453.194353482] []: TF_OLD_DATA ignoring data from the past for frame base_link at time 19.260000 according to authority Authority undetectable
[route_server-12] Possible reasons are listed at http://wiki.ros.org/tf/Errors%20explained
[amcl-7] [WARN] [1785623453.195270910] []: TF_OLD_DATA ignoring data from the past for frame base_link at time 3.528000 according to authority Authority undetectable
[amcl-7] Possible reasons are listed at http://wiki.ros.org/tf/Errors%20explained
[controller_server-9] [WARN] [1785623453.195276065] []: TF_OLD_DATA ignoring data from the past for frame base_link at time 3.528000 according to authority Authority undetectable
[controller_server-9] Possible reasons are listed at http://wiki.ros.org/tf/Errors%20explained
[planner_server-11] [WARN] [1785623453.195312977] []: TF_OLD_DATA ignoring data from the past for frame base_link at time 3.528000 according to authority Authority undetectable
[planner_server-11] Possible reasons are listed at http://wiki.ros.org/tf/Errors%20explained
[behavior_server-13] [WARN] [1785623453.195337590] []: TF_OLD_DATA ignoring data from the past for frame base_link at time 3.528000 according to authority Authority undetectable
[behavior_server-13] Possible reasons are listed at http://wiki.ros.org/tf/Errors%20explained
[route_server-12] [WARN] [1785623453.195406557] []: TF_OLD_DATA ignoring data from the past for frame base_link at time 3.528000 according to authority Authority undetectable
[route_server-12] Possible reasons are listed at http://wiki.ros.org/tf/Errors%20explained
[smoother_server-10] [WARN] [1785623453.195449203] []: TF_OLD_DATA ignoring data from the past for frame base_link at time 3.528000 according to authority Authority undetectable
[smoother_server-10] Possible reasons are listed at http://wiki.ros.org/tf/Errors%20explained
[bt_navigator-14] [WARN] [1785623453.195499260] []: TF_OLD_DATA ignoring data from the past for frame base_link at time 3.528000 according to authority Authority undetectable
[bt_navigator-14] Possible reasons are listed at http://wiki.ros.org/tf/Errors%20explained
[collision_monitor-17] [WARN] [1785623453.195754853] []: TF_OLD_DATA ignoring data from the past for frame base_link at time 3.528000 according to authority Authority undetectable
[collision_monitor-17] Possible reasons are listed at http://wiki.ros.org/tf/Errors%20explained
[opennav_docking-18] [WARN] [1785623453.196215435] []: TF_OLD_DATA ignoring data from the past for frame base_link at time 3.528000 according to authority Authority undetectable
[opennav_docking-18] Possible reasons are listed at http://wiki.ros.org/tf/Errors%20explained
[controller_server-9] [WARN] [1785623453.219431652] []: TF_OLD_DATA ignoring data from the past for frame base_link at time 36.144000 according to authority Authority undetectable
[controller_server-9] Possible reasons are listed at http://wiki.ros.org/tf/Errors%20explained
[planner_server-11] [WARN] [1785623453.219447003] []: TF_OLD_DATA ignoring data from the past for frame base_link at time 36.144000 according to authority Authority undetectable
[planner_server-11] Possible reasons are listed at http://wiki.ros.org/tf/Errors%20explained
[behavior_server-13] [WARN] [1785623453.219468502] []: TF_OLD_DATA ignoring data from the past for frame base_link at time 36.144000 according to authority Authority undetectable
[behavior_server-13] Possible reasons are listed at http://wiki.ros.org/tf/Errors%20explained
[smoother_server-10] [WARN] [1785623453.219474271] []: TF_OLD_DATA ignoring data from the past for frame base_link at time 36.144000 according to authority Authority undetectable
[smoother_server-10] Possible reasons are listed at http://wiki.ros.org/tf/Errors%20explained
[bt_navigator-14] [WARN] [1785623453.219474560] []: TF_OLD_DATA ignoring data from the past for frame base_link at time 36.144000 according to authority Authority undetectable
[bt_navigator-14] Possible reasons are listed at http://wiki.ros.org/tf/Errors%20explained
[amcl-7] [WARN] [1785623453.219490156] []: TF_OLD_DATA ignoring data from the past for frame base_link at time 36.144000 according to authority Authority undetectable
[amcl-7] Possible reasons are listed at http://wiki.ros.org/tf/Errors%20explained
[opennav_docking-18] [WARN] [1785623453.219512465] []: TF_OLD_DATA ignoring data from the past for frame base_link at time 36.144000 according to authority Authority undetectable
[opennav_docking-18] Possible reasons are listed at http://wiki.ros.org/tf/Errors%20explained
[collision_monitor-17] [WARN] [1785623453.219510670] []: TF_OLD_DATA ignoring data from the past for frame base_link at time 36.144000 according to authority Authority undetectable
[collision_monitor-17] Possible reasons are listed at http://wiki.ros.org/tf/Errors%20explained
[route_server-12] [WARN] [1785623453.219540097] []: TF_OLD_DATA ignoring data from the past for frame base_link at time 36.144000 according to authority Authority undetectable
[route_server-12] Possible reasons are listed at http://wiki.ros.org/tf/Errors%20explained
[behavior_server-13] [WARN] [1785623453.228932509] []: TF_OLD_DATA ignoring data from the past for frame base_link at time 19.296000 according to authority Authority undetectable
[behavior_server-13] Possible reasons are listed at http://wiki.ros.org/tf/Errors%20explained
[route_server-12] [WARN] [1785623453.228924169] []: TF_OLD_DATA ignoring data from the past for frame base_link at time 19.296000 according to authority Authority undetectable
[route_server-12] Possible reasons are listed at http://wiki.ros.org/tf/Errors%20explained
[smoother_server-10] [WARN] [1785623453.228929248] []: TF_OLD_DATA ignoring data from the past for frame base_link at time 19.296000 according to authority Authority undetectable
[smoother_server-10] Possible reasons are listed at http://wiki.ros.org/tf/Errors%20explained
[opennav_docking-18] [WARN] [1785623453.228982873] []: TF_OLD_DATA ignoring data from the past for frame base_link at time 19.296000 according to authority Authority undetectable
[opennav_docking-18] Possible reasons are listed at http://wiki.ros.org/tf/Errors%20explained
[amcl-7] [WARN] [1785623453.228980897] []: TF_OLD_DATA ignoring data from the past for frame base_link at time 19.296000 according to authority Authority undetectable
[amcl-7] Possible reasons are listed at http://wiki.ros.org/tf/Errors%20explained
[controller_server-9] [WARN] [1785623453.229034711] []: TF_OLD_DATA ignoring data from the past for frame base_link at time 19.296000 according to authority Authority undetectable
[controller_server-9] Possible reasons are listed at http://wiki.ros.org/tf/Errors%20explained
[collision_monitor-17] [WARN] [1785623453.229058491] []: TF_OLD_DATA ignoring data from the past for frame base_link at time 19.296000 according to authority Authority undetectable
[collision_monitor-17] Possible reasons are listed at http://wiki.ros.org/tf/Errors%20explained
[bt_navigator-14] [WARN] [1785623453.229095102] []: TF_OLD_DATA ignoring data from the past for frame base_link at time 19.296000 according to authority Authority undetectable
[bt_navigator-14] Possible reasons are listed at http://wiki.ros.org/tf/Errors%20explained
[planner_server-11] [WARN] [1785623453.229122236] []: TF_OLD_DATA ignoring data from the past for frame base_link at time 19.296000 according to authority Authority undetectable
[planner_server-11] Possible reasons are listed at http://wiki.ros.org/tf/Errors%20explained
[planner_server-11] [WARN] [1785623453.230820239] []: TF_OLD_DATA ignoring data from the past for frame base_link at time 3.564000 according to authority Authority undetectable
[planner_server-11] Possible reasons are listed at http://wiki.ros.org/tf/Errors%20explained
[smoother_server-10] [WARN] [1785623453.230834521] []: TF_OLD_DATA ignoring data from the past for frame base_link at time 3.564000 according to authority Authority undetectable
[smoother_server-10] Possible reasons are listed at http://wiki.ros.org/tf/Errors%20explained
[bt_navigator-14] [WARN] [1785623453.230846483] []: TF_OLD_DATA ignoring data from the past for frame base_link at time 3.564000 according to authority Authority undetectable
[bt_navigator-14] Possible reasons are listed at http://wiki.ros.org/tf/Errors%20explained
[opennav_docking-18] [WARN] [1785623453.230902864] []: TF_OLD_DATA ignoring data from the past for frame base_link at time 3.564000 according to authority Authority undetectable
[opennav_docking-18] Possible reasons are listed at http://wiki.ros.org/tf/Errors%20explained
[route_server-12] [WARN] [1785623453.230918353] []: TF_OLD_DATA ignoring data from the past for frame base_link at time 3.564000 according to authority Authority undetectable
[route_server-12] Possible reasons are listed at http://wiki.ros.org/tf/Errors%20explained
[controller_server-9] [WARN] [1785623453.230932339] []: TF_OLD_DATA ignoring data from the past for frame base_link at time 3.564000 according to authority Authority undetectable
[controller_server-9] Possible reasons are listed at http://wiki.ros.org/tf/Errors%20explained
[behavior_server-13] [WARN] [1785623453.230950303] []: TF_OLD_DATA ignoring data from the past for frame base_link at time 3.564000 according to authority Authority undetectable
[behavior_server-13] Possible reasons are listed at http://wiki.ros.org/tf/Errors%20explained
[collision_monitor-17] [WARN] [1785623453.230953719] []: TF_OLD_DATA ignoring data from the past for frame base_link at time 3.564000 according to authority Authority undetectable
[collision_monitor-17] Possible reasons are listed at http://wiki.ros.org/tf/Errors%20explained
[amcl-7] [WARN] [1785623453.231267941] []: TF_OLD_DATA ignoring data from the past for frame base_link at time 3.564000 according to authority Authority undetectable
[amcl-7] Possible reasons are listed at http://wiki.ros.org/tf/Errors%20explained
[amcl-7] [WARN] [1785623453.255695549] []: TF_OLD_DATA ignoring data from the past for frame base_link at time 36.180000 according to authority Authority undetectable
[amcl-7] Possible reasons are listed at http://wiki.ros.org/tf/Errors%20explained
[bt_navigator-14] [WARN] [1785623453.255695290] []: TF_OLD_DATA ignoring data from the past for frame base_link at time 36.180000 according to authority Authority undetectable
[bt_navigator-14] Possible reasons are listed at http://wiki.ros.org/tf/Errors%20explained
[opennav_docking-18] [WARN] [1785623453.255764295] []: TF_OLD_DATA ignoring data from the past for frame base_link at time 36.180000 according to authority Authority undetectable
[opennav_docking-18] Possible reasons are listed at http://wiki.ros.org/tf/Errors%20explained
[smoother_server-10] [WARN] [1785623453.255765375] []: TF_OLD_DATA ignoring data from the past for frame base_link at time 36.180000 according to authority Authority undetectable
[smoother_server-10] Possible reasons are listed at http://wiki.ros.org/tf/Errors%20explained
[collision_monitor-17] [WARN] [1785623453.255781634] []: TF_OLD_DATA ignoring data from the past for frame base_link at time 36.180000 according to authority Authority undetectable
[collision_monitor-17] Possible reasons are listed at http://wiki.ros.org/tf/Errors%20explained
[controller_server-9] [WARN] [1785623453.255798923] []: TF_OLD_DATA ignoring data from the past for frame base_link at time 36.180000 according to authority Authority undetectable
[controller_server-9] Possible reasons are listed at http://wiki.ros.org/tf/Errors%20explained
[route_server-12] [WARN] [1785623453.255799298] []: TF_OLD_DATA ignoring data from the past for frame base_link at time 36.180000 according to authority Authority undetectable
[route_server-12] Possible reasons are listed at http://wiki.ros.org/tf/Errors%20explained
[planner_server-11] [WARN] [1785623453.255838838] []: TF_OLD_DATA ignoring data from the past for frame base_link at time 36.180000 according to authority Authority undetectable
[planner_server-11] Possible reasons are listed at http://wiki.ros.org/tf/Errors%20explained
[behavior_server-13] [WARN] [1785623453.255878304] []: TF_OLD_DATA ignoring data from the past for frame base_link at time 36.180000 according to authority Authority undetectable
[behavior_server-13] Possible reasons are listed at http://wiki.ros.org/tf/Errors%20explained
[amcl-7] [WARN] [1785623453.264549331] []: TF_OLD_DATA ignoring data from the past for frame base_link at time 19.332000 according to authority Authority undetectable
[amcl-7] Possible reasons are listed at http://wiki.ros.org/tf/Errors%20explained
[planner_server-11] [WARN] [1785623453.264553672] []: TF_OLD_DATA ignoring data from the past for frame base_link at time 19.332000 according to authority Authority undetectable
[planner_server-11] Possible reasons are listed at http://wiki.ros.org/tf/Errors%20explained
[route_server-12] [WARN] [1785623453.264553604] []: TF_OLD_DATA ignoring data from the past for frame base_link at time 19.332000 according to authority Authority undetectable
[route_server-12] Possible reasons are listed at http://wiki.ros.org/tf/Errors%20explained
[collision_monitor-17] [WARN] [1785623453.264561438] []: TF_OLD_DATA ignoring data from the past for frame base_link at time 19.332000 according to authority Authority undetectable
[collision_monitor-17] Possible reasons are listed at http://wiki.ros.org/tf/Errors%20explained
[smoother_server-10] [WARN] [1785623453.264586874] []: TF_OLD_DATA ignoring data from the past for frame base_link at time 19.332000 according to authority Authority undetectable
[smoother_server-10] Possible reasons are listed at http://wiki.ros.org/tf/Errors%20explained
[behavior_server-13] [WARN] [1785623453.264612550] []: TF_OLD_DATA ignoring data from the past for frame base_link at time 19.332000 according to authority Authority undetectable
[behavior_server-13] Possible reasons are listed at http://wiki.ros.org/tf/Errors%20explained
[opennav_docking-18] [WARN] [1785623453.264624699] []: TF_OLD_DATA ignoring data from the past for frame base_link at time 19.332000 according to authority Authority undetectable
[opennav_docking-18] Possible reasons are listed at http://wiki.ros.org/tf/Errors%20explained
[bt_navigator-14] [WARN] [1785623453.264639668] []: TF_OLD_DATA ignoring data from the past for frame base_link at time 19.332000 according to authority Authority undetectable
[bt_navigator-14] Possible reasons are listed at http://wiki.ros.org/tf/Errors%20explained
[controller_server-9] [WARN] [1785623453.264653165] []: TF_OLD_DATA ignoring data from the past for frame base_link at time 19.332000 according to authority Authority undetectable
[controller_server-9] Possible reasons are listed at http://wiki.ros.org/tf/Errors%20explained
[collision_monitor-17] [WARN] [1785623453.266836051] []: TF_OLD_DATA ignoring data from the past for frame base_link at time 3.600000 according to authority Authority undetectable
[collision_monitor-17] Possible reasons are listed at http://wiki.ros.org/tf/Errors%20explained
[controller_server-9] [WARN] [1785623453.266839858] []: TF_OLD_DATA ignoring data from the past for frame base_link at time 3.600000 according to authority Authority undetectable
[controller_server-9] Possible reasons are listed at http://wiki.ros.org/tf/Errors%20explained
[planner_server-11] [WARN] [1785623453.266836092] []: TF_OLD_DATA ignoring data from the past for frame base_link at time 3.600000 according to authority Authority undetectable
[planner_server-11] Possible reasons are listed at http://wiki.ros.org/tf/Errors%20explained
[route_server-12] [WARN] [1785623453.266836234] []: TF_OLD_DATA ignoring data from the past for frame base_link at time 3.600000 according to authority Authority undetectable
[route_server-12] Possible reasons are listed at http://wiki.ros.org/tf/Errors%20explained
[behavior_server-13] [WARN] [1785623453.266845548] []: TF_OLD_DATA ignoring data from the past for frame base_link at time 3.600000 according to authority Authority undetectable
[behavior_server-13] Possible reasons are listed at http://wiki.ros.org/tf/Errors%20explained
[amcl-7] [WARN] [1785623453.266852445] []: TF_OLD_DATA ignoring data from the past for frame base_link at time 3.600000 according to authority Authority undetectable
[amcl-7] Possible reasons are listed at http://wiki.ros.org/tf/Errors%20explained
[bt_navigator-14] [WARN] [1785623453.266850998] []: TF_OLD_DATA ignoring data from the past for frame base_link at time 3.600000 according to authority Authority undetectable
[bt_navigator-14] Possible reasons are listed at http://wiki.ros.org/tf/Errors%20explained
[smoother_server-10] [WARN] [1785623453.266914040] []: TF_OLD_DATA ignoring data from the past for frame base_link at time 3.600000 according to authority Authority undetectable
[smoother_server-10] Possible reasons are listed at http://wiki.ros.org/tf/Errors%20explained
[opennav_docking-18] [WARN] [1785623453.267491318] []: TF_OLD_DATA ignoring data from the past for frame base_link at time 3.600000 according to authority Authority undetectable
[opennav_docking-18] Possible reasons are listed at http://wiki.ros.org/tf/Errors%20explained
[controller_server-9] [WARN] [1785623453.291632031] []: TF_OLD_DATA ignoring data from the past for frame base_link at time 36.216000 according to authority Authority undetectable
[controller_server-9] Possible reasons are listed at http://wiki.ros.org/tf/Errors%20explained
[amcl-7] [WARN] [1785623453.291648137] []: TF_OLD_DATA ignoring data from the past for frame base_link at time 36.216000 according to authority Authority undetectable
[amcl-7] Possible reasons are listed at http://wiki.ros.org/tf/Errors%20explained
[smoother_server-10] [WARN] [1785623453.291671555] []: TF_OLD_DATA ignoring data from the past for frame base_link at time 36.216000 according to authority Authority undetectable
[smoother_server-10] Possible reasons are listed at http://wiki.ros.org/tf/Errors%20explained
[bt_navigator-14] [WARN] [1785623453.291699471] []: TF_OLD_DATA ignoring data from the past for frame base_link at time 36.216000 according to authority Authority undetectable
[bt_navigator-14] Possible reasons are listed at http://wiki.ros.org/tf/Errors%20explained
[opennav_docking-18] [WARN] [1785623453.291716996] []: TF_OLD_DATA ignoring data from the past for frame base_link at time 36.216000 according to authority Authority undetectable
[opennav_docking-18] Possible reasons are listed at http://wiki.ros.org/tf/Errors%20explained
[planner_server-11] [WARN] [1785623453.291725230] []: TF_OLD_DATA ignoring data from the past for frame base_link at time 36.216000 according to authority Authority undetectable
[planner_server-11] Possible reasons are listed at http://wiki.ros.org/tf/Errors%20explained
[collision_monitor-17] [WARN] [1785623453.291748799] []: TF_OLD_DATA ignoring data from the past for frame base_link at time 36.216000 according to authority Authority undetectable
[collision_monitor-17] Possible reasons are listed at http://wiki.ros.org/tf/Errors%20explained
[route_server-12] [WARN] [1785623453.291794067] []: TF_OLD_DATA ignoring data from the past for frame base_link at time 36.216000 according to authority Authority undetectable
[route_server-12] Possible reasons are listed at http://wiki.ros.org/tf/Errors%20explained
[behavior_server-13] [WARN] [1785623453.291830333] []: TF_OLD_DATA ignoring data from the past for frame base_link at time 36.216000 according to authority Authority undetectable
[behavior_server-13] Possible reasons are listed at http://wiki.ros.org/tf/Errors%20explained
[amcl-7] [INFO] [1785623453.296691423] [amcl]: Message Filter dropping message: frame 'laser' at time 36.201 for reason 'the timestamp on the message is earlier than all the data in the transform cache'
[collision_monitor-17] [WARN] [1785623453.300653985] []: TF_OLD_DATA ignoring data from the past for frame base_link at time 19.368000 according to authority Authority undetectable
[collision_monitor-17] Possible reasons are listed at http://wiki.ros.org/tf/Errors%20explained
[opennav_docking-18] [WARN] [1785623453.300668691] []: TF_OLD_DATA ignoring data from the past for frame base_link at time 19.368000 according to authority Authority undetectable
[opennav_docking-18] Possible reasons are listed at http://wiki.ros.org/tf/Errors%20explained
[amcl-7] [WARN] [1785623453.300678016] []: TF_OLD_DATA ignoring data from the past for frame base_link at time 19.368000 according to authority Authority undetectable
[amcl-7] Possible reasons are listed at http://wiki.ros.org/tf/Errors%20explained
[bt_navigator-14] [WARN] [1785623453.300691948] []: TF_OLD_DATA ignoring data from the past for frame base_link at time 19.368000 according to authority Authority undetectable
[bt_navigator-14] Possible reasons are listed at http://wiki.ros.org/tf/Errors%20explained
[behavior_server-13] [WARN] [1785623453.300701171] []: TF_OLD_DATA ignoring data from the past for frame base_link at time 19.368000 according to authority Authority undetectable
[behavior_server-13] Possible reasons are listed at http://wiki.ros.org/tf/Errors%20explained
[planner_server-11] [WARN] [1785623453.300715419] []: TF_OLD_DATA ignoring data from the past for frame base_link at time 19.368000 according to authority Authority undetectable
[planner_server-11] Possible reasons are listed at http://wiki.ros.org/tf/Errors%20explained
[controller_server-9] [WARN] [1785623453.300755766] []: TF_OLD_DATA ignoring data from the past for frame base_link at time 19.368000 according to authority Authority undetectable
[controller_server-9] Possible reasons are listed at http://wiki.ros.org/tf/Errors%20explained
[smoother_server-10] [WARN] [1785623453.300815324] []: TF_OLD_DATA ignoring data from the past for frame base_link at time 19.368000 according to authority Authority undetectable
[smoother_server-10] Possible reasons are listed at http://wiki.ros.org/tf/Errors%20explained
[route_server-12] [WARN] [1785623453.300890612] []: TF_OLD_DATA ignoring data from the past for frame base_link at time 19.368000 according to authority Authority undetectable
[route_server-12] Possible reasons are listed at http://wiki.ros.org/tf/Errors%20explained
[controller_server-9] [WARN] [1785623453.302622616] []: TF_OLD_DATA ignoring data from the past for frame base_link at time 3.636000 according to authority Authority undetectable
[controller_server-9] Possible reasons are listed at http://wiki.ros.org/tf/Errors%20explained
[behavior_server-13] [WARN] [1785623453.302667901] []: TF_OLD_DATA ignoring data from the past for frame base_link at time 3.636000 according to authority Authority undetectable
[behavior_server-13] Possible reasons are listed at http://wiki.ros.org/tf/Errors%20explained
[amcl-7] [WARN] [1785623453.302706198] []: TF_OLD_DATA ignoring data from the past for frame base_link at time 3.636000 according to authority Authority undetectable
[amcl-7] Possible reasons are listed at http://wiki.ros.org/tf/Errors%20explained
[collision_monitor-17] [WARN] [1785623453.302716176] []: TF_OLD_DATA ignoring data from the past for frame base_link at time 3.636000 according to authority Authority undetectable
[collision_monitor-17] Possible reasons are listed at http://wiki.ros.org/tf/Errors%20explained
[planner_server-11] [WARN] [1785623453.302797228] []: TF_OLD_DATA ignoring data from the past for frame base_link at time 3.636000 according to authority Authority undetectable
[planner_server-11] Possible reasons are listed at http://wiki.ros.org/tf/Errors%20explained
[opennav_docking-18] [WARN] [1785623453.302810959] []: TF_OLD_DATA ignoring data from the past for frame base_link at time 3.636000 according to authority Authority undetectable
[opennav_docking-18] Possible reasons are listed at http://wiki.ros.org/tf/Errors%20explained
[route_server-12] [WARN] [1785623453.302907256] []: TF_OLD_DATA ignoring data from the past for frame base_link at time 3.636000 according to authority Authority undetectable
[route_server-12] Possible reasons are listed at http://wiki.ros.org/tf/Errors%20explained
[bt_navigator-14] [WARN] [1785623453.302960867] []: TF_OLD_DATA ignoring data from the past for frame base_link at time 3.636000 according to authority Authority undetectable
[bt_navigator-14] Possible reasons are listed at http://wiki.ros.org/tf/Errors%20explained
[smoother_server-10] [WARN] [1785623453.303304362] []: TF_OLD_DATA ignoring data from the past for frame base_link at time 3.636000 according to authority Authority undetectable
[smoother_server-10] Possible reasons are listed at http://wiki.ros.org/tf/Errors%20explained
[smoother_server-10] [INFO] [1785623453.303468142] [smoother_server]: Received a path to smooth.
[lifecycle_manager-19] [INFO] [1785623453.304625742] [lifecycle_manager_navigation]: Server docking_server connected with bond.
[lifecycle_manager-19] [INFO] [1785623453.304672639] [lifecycle_manager_navigation]: [34m[1mManaged nodes are active[0m[0m
[lifecycle_manager-19] [INFO] [1785623453.304681227] [lifecycle_manager_navigation]: [34m[1mCreating bond timer...[0m[0m
[controller_server-9] [WARN] [1785623453.327914846] []: TF_OLD_DATA ignoring data from the past for frame base_link at time 36.252000 according to authority Authority undetectable
[controller_server-9] Possible reasons are listed at http://wiki.ros.org/tf/Errors%20explained
[route_server-12] [WARN] [1785623453.327915029] []: TF_OLD_DATA ignoring data from the past for frame base_link at time 36.252000 according to authority Authority undetectable
[route_server-12] Possible reasons are listed at http://wiki.ros.org/tf/Errors%20explained
[planner_server-11] [WARN] [1785623453.327928951] []: TF_OLD_DATA ignoring data from the past for frame base_link at time 36.252000 according to authority Authority undetectable
[planner_server-11] Possible reasons are listed at http://wiki.ros.org/tf/Errors%20explained
[smoother_server-10] [WARN] [1785623453.327928956] []: TF_OLD_DATA ignoring data from the past for frame base_link at time 36.252000 according to authority Authority undetectable
[smoother_server-10] Possible reasons are listed at http://wiki.ros.org/tf/Errors%20explained
[behavior_server-13] [WARN] [1785623453.327959984] []: TF_OLD_DATA ignoring data from the past for frame base_link at time 36.252000 according to authority Authority undetectable
[behavior_server-13] Possible reasons are listed at http://wiki.ros.org/tf/Errors%20explained
[collision_monitor-17] [WARN] [1785623453.327931848] []: TF_OLD_DATA ignoring data from the past for frame base_link at time 36.252000 according to authority Authority undetectable
[collision_monitor-17] Possible reasons are listed at http://wiki.ros.org/tf/Errors%20explained
[opennav_docking-18] [WARN] [1785623453.327986673] []: TF_OLD_DATA ignoring data from the past for frame base_link at time 36.252000 according to authority Authority undetectable
[opennav_docking-18] Possible reasons are listed at http://wiki.ros.org/tf/Errors%20explained
[amcl-7] [WARN] [1785623453.327914859] []: TF_OLD_DATA ignoring data from the past for frame base_link at time 36.252000 according to authority Authority undetectable
[amcl-7] Possible reasons are listed at http://wiki.ros.org/tf/Errors%20explained
[bt_navigator-14] [WARN] [1785623453.327999701] []: TF_OLD_DATA ignoring data from the past for frame base_link at time 36.252000 according to authority Authority undetectable
[bt_navigator-14] Possible reasons are listed at http://wiki.ros.org/tf/Errors%20explained
[controller_server-9] [WARN] [1785623453.336404217] []: TF_OLD_DATA ignoring data from the past for frame base_link at time 19.404000 according to authority Authority undetectable
[controller_server-9] Possible reasons are listed at http://wiki.ros.org/tf/Errors%20explained
[smoother_server-10] [INFO] [1785623453.336412515] [smoother_server]: PSTMO: 3 corners, 3 G2, 0 pivots, 0 pass-through, 120 evaluations, 0.032814 s
[smoother_server-10] [WARN] [1785623453.336431247] []: TF_OLD_DATA ignoring data from the past for frame base_link at time 19.404000 according to authority Authority undetectable
[smoother_server-10] Possible reasons are listed at http://wiki.ros.org/tf/Errors%20explained
[planner_server-11] [WARN] [1785623453.336444317] []: TF_OLD_DATA ignoring data from the past for frame base_link at time 19.404000 according to authority Authority undetectable
[planner_server-11] Possible reasons are listed at http://wiki.ros.org/tf/Errors%20explained
[bt_navigator-14] [WARN] [1785623453.336447733] []: TF_OLD_DATA ignoring data from the past for frame base_link at time 19.404000 according to authority Authority undetectable
[bt_navigator-14] Possible reasons are listed at http://wiki.ros.org/tf/Errors%20explained
[opennav_docking-18] [WARN] [1785623453.336483838] []: TF_OLD_DATA ignoring data from the past for frame base_link at time 19.404000 according to authority Authority undetectable
[opennav_docking-18] Possible reasons are listed at http://wiki.ros.org/tf/Errors%20explained
[collision_monitor-17] [WARN] [1785623453.336493423] []: TF_OLD_DATA ignoring data from the past for frame base_link at time 19.404000 according to authority Authority undetectable
[collision_monitor-17] Possible reasons are listed at http://wiki.ros.org/tf/Errors%20explained
[behavior_server-13] [WARN] [1785623453.336499904] []: TF_OLD_DATA ignoring data from the past for frame base_link at time 19.404000 according to authority Authority undetectable
[behavior_server-13] Possible reasons are listed at http://wiki.ros.org/tf/Errors%20explained
[amcl-7] [WARN] [1785623453.336525634] []: TF_OLD_DATA ignoring data from the past for frame base_link at time 19.404000 according to authority Authority undetectable
[amcl-7] Possible reasons are listed at http://wiki.ros.org/tf/Errors%20explained
[route_server-12] [WARN] [1785623453.336570171] []: TF_OLD_DATA ignoring data from the past for frame base_link at time 19.404000 according to authority Authority undetectable
[route_server-12] Possible reasons are listed at http://wiki.ros.org/tf/Errors%20explained
[controller_server-9] [WARN] [1785623453.338532810] []: TF_OLD_DATA ignoring data from the past for frame base_link at time 3.672000 according to authority Authority undetectable
[controller_server-9] Possible reasons are listed at http://wiki.ros.org/tf/Errors%20explained
[amcl-7] [WARN] [1785623453.338532827] []: TF_OLD_DATA ignoring data from the past for frame base_link at time 3.672000 according to authority Authority undetectable
[amcl-7] Possible reasons are listed at http://wiki.ros.org/tf/Errors%20explained
[planner_server-11] [WARN] [1785623453.338573683] []: TF_OLD_DATA ignoring data from the past for frame base_link at time 3.672000 according to authority Authority undetectable
[planner_server-11] Possible reasons are listed at http://wiki.ros.org/tf/Errors%20explained
[smoother_server-10] [WARN] [1785623453.338586290] []: TF_OLD_DATA ignoring data from the past for frame base_link at time 3.672000 according to authority Authority undetectable
[smoother_server-10] Possible reasons are listed at http://wiki.ros.org/tf/Errors%20explained
[route_server-12] [WARN] [1785623453.338665545] []: TF_OLD_DATA ignoring data from the past for frame base_link at time 3.672000 according to authority Authority undetectable
[route_server-12] Possible reasons are listed at http://wiki.ros.org/tf/Errors%20explained
[behavior_server-13] [WARN] [1785623453.338701155] []: TF_OLD_DATA ignoring data from the past for frame base_link at time 3.672000 according to authority Authority undetectable
[behavior_server-13] Possible reasons are listed at http://wiki.ros.org/tf/Errors%20explained
[collision_monitor-17] [WARN] [1785623453.338738113] []: TF_OLD_DATA ignoring data from the past for frame base_link at time 3.672000 according to authority Authority undetectable
[collision_monitor-17] Possible reasons are listed at http://wiki.ros.org/tf/Errors%20explained
[bt_navigator-14] [WARN] [1785623453.338757475] []: TF_OLD_DATA ignoring data from the past for frame base_link at time 3.672000 according to authority Authority undetectable
[bt_navigator-14] Possible reasons are listed at http://wiki.ros.org/tf/Errors%20explained
[opennav_docking-18] [WARN] [1785623453.338867890] []: TF_OLD_DATA ignoring data from the past for frame base_link at time 3.672000 according to authority Authority undetectable
[opennav_docking-18] Possible reasons are listed at http://wiki.ros.org/tf/Errors%20explained
[smoother_server-10] [INFO] [1785623453.355140531] [smoother_server]: PSTMO: 2 corners, 0 G2, 2 pivots, 0 pass-through, 80 evaluations, 0.018612 s
[smoother_server-10] [INFO] [1785623453.355531667] [smoother_server]: PSTMO LOS selector chose no-LOS (no-LOS=0.504672, LOS=0.631897, reason=no_los_quality_not_worse)
[amcl-7] [WARN] [1785623453.363734760] []: TF_OLD_DATA ignoring data from the past for frame base_link at time 36.288000 according to authority Authority undetectable
[amcl-7] Possible reasons are listed at http://wiki.ros.org/tf/Errors%20explained
[controller_server-9] [WARN] [1785623453.363747604] []: TF_OLD_DATA ignoring data from the past for frame base_link at time 36.288000 according to authority Authority undetectable
[controller_server-9] Possible reasons are listed at http://wiki.ros.org/tf/Errors%20explained
[smoother_server-10] [WARN] [1785623453.363750311] []: TF_OLD_DATA ignoring data from the past for frame base_link at time 36.288000 according to authority Authority undetectable
[smoother_server-10] Possible reasons are listed at http://wiki.ros.org/tf/Errors%20explained
[behavior_server-13] [WARN] [1785623453.363765444] []: TF_OLD_DATA ignoring data from the past for frame base_link at time 36.288000 according to authority Authority undetectable
[behavior_server-13] Possible reasons are listed at http://wiki.ros.org/tf/Errors%20explained
[planner_server-11] [WARN] [1785623453.363813215] []: TF_OLD_DATA ignoring data from the past for frame base_link at time 36.288000 according to authority Authority undetectable
[planner_server-11] Possible reasons are listed at http://wiki.ros.org/tf/Errors%20explained
[bt_navigator-14] [WARN] [1785623453.363859576] []: TF_OLD_DATA ignoring data from the past for frame base_link at time 36.288000 according to authority Authority undetectable
[bt_navigator-14] Possible reasons are listed at http://wiki.ros.org/tf/Errors%20explained
[opennav_docking-18] [WARN] [1785623453.363863056] []: TF_OLD_DATA ignoring data from the past for frame base_link at time 36.288000 according to authority Authority undetectable
[opennav_docking-18] Possible reasons are listed at http://wiki.ros.org/tf/Errors%20explained
[route_server-12] [WARN] [1785623453.363890025] []: TF_OLD_DATA ignoring data from the past for frame base_link at time 36.288000 according to authority Authority undetectable
[route_server-12] Possible reasons are listed at http://wiki.ros.org/tf/Errors%20explained
[collision_monitor-17] [WARN] [1785623453.363992193] []: TF_OLD_DATA ignoring data from the past for frame base_link at time 36.288000 according to authority Authority undetectable
[collision_monitor-17] Possible reasons are listed at http://wiki.ros.org/tf/Errors%20explained
[smoother_server-10] [WARN] [1785623453.372704294] []: TF_OLD_DATA ignoring data from the past for frame base_link at time 19.440000 according to authority Authority undetectable
[smoother_server-10] Possible reasons are listed at http://wiki.ros.org/tf/Errors%20explained
[controller_server-9] [WARN] [1785623453.372716021] []: TF_OLD_DATA ignoring data from the past for frame base_link at time 19.440000 according to authority Authority undetectable
[controller_server-9] Possible reasons are listed at http://wiki.ros.org/tf/Errors%20explained
[bt_navigator-14] [WARN] [1785623453.372719707] []: TF_OLD_DATA ignoring data from the past for frame base_link at time 19.440000 according to authority Authority undetectable
[bt_navigator-14] Possible reasons are listed at http://wiki.ros.org/tf/Errors%20explained
[behavior_server-13] [WARN] [1785623453.372727923] []: TF_OLD_DATA ignoring data from the past for frame base_link at time 19.440000 according to authority Authority undetectable
[behavior_server-13] Possible reasons are listed at http://wiki.ros.org/tf/Errors%20explained
[route_server-12] [WARN] [1785623453.372712068] []: TF_OLD_DATA ignoring data from the past for frame base_link at time 19.440000 according to authority Authority undetectable
[route_server-12] Possible reasons are listed at http://wiki.ros.org/tf/Errors%20explained
[collision_monitor-17] [WARN] [1785623453.372763207] []: TF_OLD_DATA ignoring data from the past for frame base_link at time 19.440000 according to authority Authority undetectable
[collision_monitor-17] Possible reasons are listed at http://wiki.ros.org/tf/Errors%20explained
[planner_server-11] [WARN] [1785623453.372790291] []: TF_OLD_DATA ignoring data from the past for frame base_link at time 19.440000 according to authority Authority undetectable
[planner_server-11] Possible reasons are listed at http://wiki.ros.org/tf/Errors%20explained
[opennav_docking-18] [WARN] [1785623453.372729285] []: TF_OLD_DATA ignoring data from the past for frame base_link at time 19.440000 according to authority Authority undetectable
[opennav_docking-18] Possible reasons are listed at http://wiki.ros.org/tf/Errors%20explained
[amcl-7] [WARN] [1785623453.372838578] []: TF_OLD_DATA ignoring data from the past for frame base_link at time 19.440000 according to authority Authority undetectable
[amcl-7] Possible reasons are listed at http://wiki.ros.org/tf/Errors%20explained
[controller_server-9] [WARN] [1785623453.374764519] []: TF_OLD_DATA ignoring data from the past for frame base_link at time 3.708000 according to authority Authority undetectable
[controller_server-9] Possible reasons are listed at http://wiki.ros.org/tf/Errors%20explained
[collision_monitor-17] [WARN] [1785623453.374793921] []: TF_OLD_DATA ignoring data from the past for frame base_link at time 3.708000 according to authority Authority undetectable
[collision_monitor-17] Possible reasons are listed at http://wiki.ros.org/tf/Errors%20explained
[smoother_server-10] [WARN] [1785623453.374795635] []: TF_OLD_DATA ignoring data from the past for frame base_link at time 3.708000 according to authority Authority undetectable
[smoother_server-10] Possible reasons are listed at http://wiki.ros.org/tf/Errors%20explained
[amcl-7] [WARN] [1785623453.374856625] []: TF_OLD_DATA ignoring data from the past for frame base_link at time 3.708000 according to authority Authority undetectable
[amcl-7] Possible reasons are listed at http://wiki.ros.org/tf/Errors%20explained
[opennav_docking-18] [WARN] [1785623453.374857692] []: TF_OLD_DATA ignoring data from the past for frame base_link at time 3.708000 according to authority Authority undetectable
[opennav_docking-18] Possible reasons are listed at http://wiki.ros.org/tf/Errors%20explained
[planner_server-11] [WARN] [1785623453.374860682] []: TF_OLD_DATA ignoring data from the past for frame base_link at time 3.708000 according to authority Authority undetectable
[planner_server-11] Possible reasons are listed at http://wiki.ros.org/tf/Errors%20explained
[bt_navigator-14] [WARN] [1785623453.374902875] []: TF_OLD_DATA ignoring data from the past for frame base_link at time 3.708000 according to authority Authority undetectable
[bt_navigator-14] Possible reasons are listed at http://wiki.ros.org/tf/Errors%20explained
[route_server-12] [WARN] [1785623453.374912968] []: TF_OLD_DATA ignoring data from the past for frame base_link at time 3.708000 according to authority Authority undetectable
[route_server-12] Possible reasons are listed at http://wiki.ros.org/tf/Errors%20explained
[behavior_server-13] [WARN] [1785623453.374953303] []: TF_OLD_DATA ignoring data from the past for frame base_link at time 3.708000 according to authority Authority undetectable
[behavior_server-13] Possible reasons are listed at http://wiki.ros.org/tf/Errors%20explained
[amcl-7] [WARN] [1785623453.399813529] []: TF_OLD_DATA ignoring data from the past for frame base_link at time 36.324000 according to authority Authority undetectable
[amcl-7] Possible reasons are listed at http://wiki.ros.org/tf/Errors%20explained
[smoother_server-10] [WARN] [1785623453.399816675] []: TF_OLD_DATA ignoring data from the past for frame base_link at time 36.324000 according to authority Authority undetectable
[smoother_server-10] Possible reasons are listed at http://wiki.ros.org/tf/Errors%20explained
[collision_monitor-17] [WARN] [1785623453.399825198] []: TF_OLD_DATA ignoring data from the past for frame base_link at time 36.324000 according to authority Authority undetectable
[collision_monitor-17] Possible reasons are listed at http://wiki.ros.org/tf/Errors%20explained
[planner_server-11] [WARN] [1785623453.399826147] []: TF_OLD_DATA ignoring data from the past for frame base_link at time 36.324000 according to authority Authority undetectable
[planner_server-11] Possible reasons are listed at http://wiki.ros.org/tf/Errors%20explained
[controller_server-9] [WARN] [1785623453.399847717] []: TF_OLD_DATA ignoring data from the past for frame base_link at time 36.324000 according to authority Authority undetectable
[controller_server-9] Possible reasons are listed at http://wiki.ros.org/tf/Errors%20explained
[bt_navigator-14] [WARN] [1785623453.399868703] []: TF_OLD_DATA ignoring data from the past for frame base_link at time 36.324000 according to authority Authority undetectable
[bt_navigator-14] Possible reasons are listed at http://wiki.ros.org/tf/Errors%20explained
[opennav_docking-18] [WARN] [1785623453.399894080] []: TF_OLD_DATA ignoring data from the past for frame base_link at time 36.324000 according to authority Authority undetectable
[opennav_docking-18] Possible reasons are listed at http://wiki.ros.org/tf/Errors%20explained
[route_server-12] [WARN] [1785623453.399826141] []: TF_OLD_DATA ignoring data from the past for frame base_link at time 36.324000 according to authority Authority undetectable
[route_server-12] Possible reasons are listed at http://wiki.ros.org/tf/Errors%20explained
[behavior_server-13] [WARN] [1785623453.399899600] []: TF_OLD_DATA ignoring data from the past for frame base_link at time 36.324000 according to authority Authority undetectable
[behavior_server-13] Possible reasons are listed at http://wiki.ros.org/tf/Errors%20explained
[bt_navigator-14] [WARN] [1785623453.408723349] []: TF_OLD_DATA ignoring data from the past for frame base_link at time 19.476000 according to authority Authority undetectable
[bt_navigator-14] Possible reasons are listed at http://wiki.ros.org/tf/Errors%20explained
[route_server-12] [WARN] [1785623453.408734464] []: TF_OLD_DATA ignoring data from the past for frame base_link at time 19.476000 according to authority Authority undetectable
[route_server-12] Possible reasons are listed at http://wiki.ros.org/tf/Errors%20explained
[amcl-7] [WARN] [1785623453.408744097] []: TF_OLD_DATA ignoring data from the past for frame base_link at time 19.476000 according to authority Authority undetectable
[amcl-7] Possible reasons are listed at http://wiki.ros.org/tf/Errors%20explained
[smoother_server-10] [WARN] [1785623453.408777735] []: TF_OLD_DATA ignoring data from the past for frame base_link at time 19.476000 according to authority Authority undetectable
[smoother_server-10] Possible reasons are listed at http://wiki.ros.org/tf/Errors%20explained
[behavior_server-13] [WARN] [1785623453.408804748] []: TF_OLD_DATA ignoring data from the past for frame base_link at time 19.476000 according to authority Authority undetectable
[behavior_server-13] Possible reasons are listed at http://wiki.ros.org/tf/Errors%20explained
[controller_server-9] [WARN] [1785623453.408811885] []: TF_OLD_DATA ignoring data from the past for frame base_link at time 19.476000 according to authority Authority undetectable
[controller_server-9] Possible reasons are listed at http://wiki.ros.org/tf/Errors%20explained
[collision_monitor-17] [WARN] [1785623453.408831939] []: TF_OLD_DATA ignoring data from the past for frame base_link at time 19.476000 according to authority Authority undetectable
[collision_monitor-17] Possible reasons are listed at http://wiki.ros.org/tf/Errors%20explained
[planner_server-11] [WARN] [1785623453.408954508] []: TF_OLD_DATA ignoring data from the past for frame base_link at time 19.476000 according to authority Authority undetectable
[planner_server-11] Possible reasons are listed at http://wiki.ros.org/tf/Errors%20explained
[opennav_docking-18] [WARN] [1785623453.408975752] []: TF_OLD_DATA ignoring data from the past for frame base_link at time 19.476000 according to authority Authority undetectable
[opennav_docking-18] Possible reasons are listed at http://wiki.ros.org/tf/Errors%20explained
[controller_server-9] [WARN] [1785623453.410561541] []: TF_OLD_DATA ignoring data from the past for frame base_link at time 3.744000 according to authority Authority undetectable
[controller_server-9] Possible reasons are listed at http://wiki.ros.org/tf/Errors%20explained
[smoother_server-10] [WARN] [1785623453.410565556] []: TF_OLD_DATA ignoring data from the past for frame base_link at time 3.744000 according to authority Authority undetectable
[smoother_server-10] Possible reasons are listed at http://wiki.ros.org/tf/Errors%20explained
[behavior_server-13] [WARN] [1785623453.410604054] []: TF_OLD_DATA ignoring data from the past for frame base_link at time 3.744000 according to authority Authority undetectable
[behavior_server-13] Possible reasons are listed at http://wiki.ros.org/tf/Errors%20explained
[planner_server-11] [WARN] [1785623453.410603818] []: TF_OLD_DATA ignoring data from the past for frame base_link at time 3.744000 according to authority Authority undetectable
[planner_server-11] Possible reasons are listed at http://wiki.ros.org/tf/Errors%20explained
[bt_navigator-14] [WARN] [1785623453.410633938] []: TF_OLD_DATA ignoring data from the past for frame base_link at time 3.744000 according to authority Authority undetectable
[bt_navigator-14] Possible reasons are listed at http://wiki.ros.org/tf/Errors%20explained
[route_server-12] [WARN] [1785623453.410638008] []: TF_OLD_DATA ignoring data from the past for frame base_link at time 3.744000 according to authority Authority undetectable
[route_server-12] Possible reasons are listed at http://wiki.ros.org/tf/Errors%20explained
[collision_monitor-17] [WARN] [1785623453.410641516] []: TF_OLD_DATA ignoring data from the past for frame base_link at time 3.744000 according to authority Authority undetectable
[collision_monitor-17] Possible reasons are listed at http://wiki.ros.org/tf/Errors%20explained
[amcl-7] [WARN] [1785623453.410644696] []: TF_OLD_DATA ignoring data from the past for frame base_link at time 3.744000 according to authority Authority undetectable
[amcl-7] Possible reasons are listed at http://wiki.ros.org/tf/Errors%20explained
[opennav_docking-18] [WARN] [1785623453.410708395] []: TF_OLD_DATA ignoring data from the past for frame base_link at time 3.744000 according to authority Authority undetectable
[opennav_docking-18] Possible reasons are listed at http://wiki.ros.org/tf/Errors%20explained
[collision_monitor-17] [WARN] [1785623453.435779638] []: TF_OLD_DATA ignoring data from the past for frame base_link at time 36.360000 according to authority Authority undetectable
[collision_monitor-17] Possible reasons are listed at http://wiki.ros.org/tf/Errors%20explained
[planner_server-11] [WARN] [1785623453.435777259] []: TF_OLD_DATA ignoring data from the past for frame base_link at time 36.360000 according to authority Authority undetectable
[planner_server-11] Possible reasons are listed at http://wiki.ros.org/tf/Errors%20explained
[controller_server-9] [WARN] [1785623453.435776979] []: TF_OLD_DATA ignoring data from the past for frame base_link at time 36.360000 according to authority Authority undetectable
[controller_server-9] Possible reasons are listed at http://wiki.ros.org/tf/Errors%20explained
[amcl-7] [WARN] [1785623453.435787206] []: TF_OLD_DATA ignoring data from the past for frame base_link at time 36.360000 according to authority Authority undetectable
[amcl-7] Possible reasons are listed at http://wiki.ros.org/tf/Errors%20explained
[route_server-12] [WARN] [1785623453.435789385] []: TF_OLD_DATA ignoring data from the past for frame base_link at time 36.360000 according to authority Authority undetectable
[route_server-12] Possible reasons are listed at http://wiki.ros.org/tf/Errors%20explained
[bt_navigator-14] [WARN] [1785623453.435822616] []: TF_OLD_DATA ignoring data from the past for frame base_link at time 36.360000 according to authority Authority undetectable
[bt_navigator-14] Possible reasons are listed at http://wiki.ros.org/tf/Errors%20explained
[behavior_server-13] [WARN] [1785623453.435848232] []: TF_OLD_DATA ignoring data from the past for frame base_link at time 36.360000 according to authority Authority undetectable
[behavior_server-13] Possible reasons are listed at http://wiki.ros.org/tf/Errors%20explained
[smoother_server-10] [WARN] [1785623453.435860066] []: TF_OLD_DATA ignoring data from the past for frame base_link at time 36.360000 according to authority Authority undetectable
[smoother_server-10] Possible reasons are listed at http://wiki.ros.org/tf/Errors%20explained
[opennav_docking-18] [WARN] [1785623453.435887175] []: TF_OLD_DATA ignoring data from the past for frame base_link at time 36.360000 according to authority Authority undetectable
[opennav_docking-18] Possible reasons are listed at http://wiki.ros.org/tf/Errors%20explained
[controller_server-9] [WARN] [1785623453.444649852] []: TF_OLD_DATA ignoring data from the past for frame base_link at time 19.512000 according to authority Authority undetectable
[controller_server-9] Possible reasons are listed at http://wiki.ros.org/tf/Errors%20explained
[planner_server-11] [WARN] [1785623453.444660911] []: TF_OLD_DATA ignoring data from the past for frame base_link at time 19.512000 according to authority Authority undetectable
[planner_server-11] Possible reasons are listed at http://wiki.ros.org/tf/Errors%20explained
[bt_navigator-14] [WARN] [1785623453.444678333] []: TF_OLD_DATA ignoring data from the past for frame base_link at time 19.512000 according to authority Authority undetectable
[bt_navigator-14] Possible reasons are listed at http://wiki.ros.org/tf/Errors%20explained
[behavior_server-13] [WARN] [1785623453.444680057] []: TF_OLD_DATA ignoring data from the past for frame base_link at time 19.512000 according to authority Authority undetectable
[behavior_server-13] Possible reasons are listed at http://wiki.ros.org/tf/Errors%20explained
[amcl-7] [WARN] [1785623453.444736054] []: TF_OLD_DATA ignoring data from the past for frame base_link at time 19.512000 according to authority Authority undetectable
[amcl-7] Possible reasons are listed at http://wiki.ros.org/tf/Errors%20explained
[smoother_server-10] [WARN] [1785623453.444740307] []: TF_OLD_DATA ignoring data from the past for frame base_link at time 19.512000 according to authority Authority undetectable
[smoother_server-10] Possible reasons are listed at http://wiki.ros.org/tf/Errors%20explained
[opennav_docking-18] [WARN] [1785623453.444768035] []: TF_OLD_DATA ignoring data from the past for frame base_link at time 19.512000 according to authority Authority undetectable
[opennav_docking-18] Possible reasons are listed at http://wiki.ros.org/tf/Errors%20explained
[route_server-12] [WARN] [1785623453.444798682] []: TF_OLD_DATA ignoring data from the past for frame base_link at time 19.512000 according to authority Authority undetectable
[route_server-12] Possible reasons are listed at http://wiki.ros.org/tf/Errors%20explained
[collision_monitor-17] [WARN] [1785623453.444835114] []: TF_OLD_DATA ignoring data from the past for frame base_link at time 19.512000 according to authority Authority undetectable
[collision_monitor-17] Possible reasons are listed at http://wiki.ros.org/tf/Errors%20explained
[controller_server-9] [WARN] [1785623453.446391399] []: TF_OLD_DATA ignoring data from the past for frame base_link at time 3.780000 according to authority Authority undetectable
[controller_server-9] Possible reasons are listed at http://wiki.ros.org/tf/Errors%20explained
[amcl-7] [WARN] [1785623453.446396647] []: TF_OLD_DATA ignoring data from the past for frame base_link at time 3.780000 according to authority Authority undetectable
[amcl-7] Possible reasons are listed at http://wiki.ros.org/tf/Errors%20explained
[bt_navigator-14] [WARN] [1785623453.446427149] []: TF_OLD_DATA ignoring data from the past for frame base_link at time 3.780000 according to authority Authority undetectable
[bt_navigator-14] Possible reasons are listed at http://wiki.ros.org/tf/Errors%20explained
[collision_monitor-17] [WARN] [1785623453.446433131] []: TF_OLD_DATA ignoring data from the past for frame base_link at time 3.780000 according to authority Authority undetectable
[collision_monitor-17] Possible reasons are listed at http://wiki.ros.org/tf/Errors%20explained
[behavior_server-13] [WARN] [1785623453.446435148] []: TF_OLD_DATA ignoring data from the past for frame base_link at time 3.780000 according to authority Authority undetectable
[behavior_server-13] Possible reasons are listed at http://wiki.ros.org/tf/Errors%20explained
[planner_server-11] [WARN] [1785623453.446447529] []: TF_OLD_DATA ignoring data from the past for frame base_link at time 3.780000 according to authority Authority undetectable
[planner_server-11] Possible reasons are listed at http://wiki.ros.org/tf/Errors%20explained
[smoother_server-10] [WARN] [1785623453.446397137] []: TF_OLD_DATA ignoring data from the past for frame base_link at time 3.780000 according to authority Authority undetectable
[smoother_server-10] Possible reasons are listed at http://wiki.ros.org/tf/Errors%20explained
[route_server-12] [WARN] [1785623453.446465945] []: TF_OLD_DATA ignoring data from the past for frame base_link at time 3.780000 according to authority Authority undetectable
[route_server-12] Possible reasons are listed at http://wiki.ros.org/tf/Errors%20explained
[opennav_docking-18] [WARN] [1785623453.446482042] []: TF_OLD_DATA ignoring data from the past for frame base_link at time 3.780000 according to authority Authority undetectable
[opennav_docking-18] Possible reasons are listed at http://wiki.ros.org/tf/Errors%20explained
[controller_server-9] [WARN] [1785623453.471738004] []: TF_OLD_DATA ignoring data from the past for frame base_link at time 36.396000 according to authority Authority undetectable
[controller_server-9] Possible reasons are listed at http://wiki.ros.org/tf/Errors%20explained
[bt_navigator-14] [WARN] [1785623453.471776070] []: TF_OLD_DATA ignoring data from the past for frame base_link at time 36.396000 according to authority Authority undetectable
[bt_navigator-14] Possible reasons are listed at http://wiki.ros.org/tf/Errors%20explained
[route_server-12] [WARN] [1785623453.471783721] []: TF_OLD_DATA ignoring data from the past for frame base_link at time 36.396000 according to authority Authority undetectable
[route_server-12] Possible reasons are listed at http://wiki.ros.org/tf/Errors%20explained
[behavior_server-13] [WARN] [1785623453.471817917] []: TF_OLD_DATA ignoring data from the past for frame base_link at time 36.396000 according to authority Authority undetectable
[behavior_server-13] Possible reasons are listed at http://wiki.ros.org/tf/Errors%20explained
[amcl-7] [WARN] [1785623453.471819108] []: TF_OLD_DATA ignoring data from the past for frame base_link at time 36.396000 according to authority Authority undetectable
[amcl-7] Possible reasons are listed at http://wiki.ros.org/tf/Errors%20explained
[collision_monitor-17] [WARN] [1785623453.471828648] []: TF_OLD_DATA ignoring data from the past for frame base_link at time 36.396000 according to authority Authority undetectable
[collision_monitor-17] Possible reasons are listed at http://wiki.ros.org/tf/Errors%20explained
[planner_server-11] [WARN] [1785623453.471874683] []: TF_OLD_DATA ignoring data from the past for frame base_link at time 36.396000 according to authority Authority undetectable
[planner_server-11] Possible reasons are listed at http://wiki.ros.org/tf/Errors%20explained
[opennav_docking-18] [WARN] [1785623453.471894852] []: TF_OLD_DATA ignoring data from the past for frame base_link at time 36.396000 according to authority Authority undetectable
[opennav_docking-18] Possible reasons are listed at http://wiki.ros.org/tf/Errors%20explained
[smoother_server-10] [WARN] [1785623453.472201812] []: TF_OLD_DATA ignoring data from the past for frame base_link at time 36.396000 according to authority Authority undetectable
[smoother_server-10] Possible reasons are listed at http://wiki.ros.org/tf/Errors%20explained
[batch_benchmark-5] [INFO] [1785623453.479374971] [planner_geometry_benchmark]: [5/5] SmacHybrid / center_block_detour / repetition 1
[amcl-7] [WARN] [1785623453.480785612] []: TF_OLD_DATA ignoring data from the past for frame base_link at time 19.548000 according to authority Authority undetectable
[amcl-7] Possible reasons are listed at http://wiki.ros.org/tf/Errors%20explained
[controller_server-9] [WARN] [1785623453.480787734] []: TF_OLD_DATA ignoring data from the past for frame base_link at time 19.548000 according to authority Authority undetectable
[controller_server-9] Possible reasons are listed at http://wiki.ros.org/tf/Errors%20explained
[smoother_server-10] [WARN] [1785623453.480796561] []: TF_OLD_DATA ignoring data from the past for frame base_link at time 19.548000 according to authority Authority undetectable
[smoother_server-10] Possible reasons are listed at http://wiki.ros.org/tf/Errors%20explained
[bt_navigator-14] [WARN] [1785623453.480814275] []: TF_OLD_DATA ignoring data from the past for frame base_link at time 19.548000 according to authority Authority undetectable
[bt_navigator-14] Possible reasons are listed at http://wiki.ros.org/tf/Errors%20explained
[opennav_docking-18] [WARN] [1785623453.480820286] []: TF_OLD_DATA ignoring data from the past for frame base_link at time 19.548000 according to authority Authority undetectable
[opennav_docking-18] Possible reasons are listed at http://wiki.ros.org/tf/Errors%20explained
[collision_monitor-17] [WARN] [1785623453.480828415] []: TF_OLD_DATA ignoring data from the past for frame base_link at time 19.548000 according to authority Authority undetectable
[collision_monitor-17] Possible reasons are listed at http://wiki.ros.org/tf/Errors%20explained
[route_server-12] [WARN] [1785623453.480851166] []: TF_OLD_DATA ignoring data from the past for frame base_link at time 19.548000 according to authority Authority undetectable
[route_server-12] Possible reasons are listed at http://wiki.ros.org/tf/Errors%20explained
[behavior_server-13] [WARN] [1785623453.480890099] []: TF_OLD_DATA ignoring data from the past for frame base_link at time 19.548000 according to authority Authority undetectable
[behavior_server-13] Possible reasons are listed at http://wiki.ros.org/tf/Errors%20explained
[planner_server-11] [WARN] [1785623453.480900192] []: TF_OLD_DATA ignoring data from the past for frame base_link at time 19.548000 according to authority Authority undetectable
[planner_server-11] Possible reasons are listed at http://wiki.ros.org/tf/Errors%20explained
[route_server-12] [WARN] [1785623453.482430096] []: TF_OLD_DATA ignoring data from the past for frame base_link at time 3.816000 according to authority Authority undetectable
[route_server-12] Possible reasons are listed at http://wiki.ros.org/tf/Errors%20explained
[amcl-7] [WARN] [1785623453.482427334] []: TF_OLD_DATA ignoring data from the past for frame base_link at time 3.816000 according to authority Authority undetectable
[amcl-7] Possible reasons are listed at http://wiki.ros.org/tf/Errors%20explained
[bt_navigator-14] [WARN] [1785623453.482427673] []: TF_OLD_DATA ignoring data from the past for frame base_link at time 3.816000 according to authority Authority undetectable
[bt_navigator-14] Possible reasons are listed at http://wiki.ros.org/tf/Errors%20explained
[collision_monitor-17] [WARN] [1785623453.482455061] []: TF_OLD_DATA ignoring data from the past for frame base_link at time 3.816000 according to authority Authority undetectable
[collision_monitor-17] Possible reasons are listed at http://wiki.ros.org/tf/Errors%20explained
[controller_server-9] [WARN] [1785623453.482465144] []: TF_OLD_DATA ignoring data from the past for frame base_link at time 3.816000 according to authority Authority undetectable
[controller_server-9] Possible reasons are listed at http://wiki.ros.org/tf/Errors%20explained
[behavior_server-13] [WARN] [1785623453.482467967] []: TF_OLD_DATA ignoring data from the past for frame base_link at time 3.816000 according to authority Authority undetectable
[behavior_server-13] Possible reasons are listed at http://wiki.ros.org/tf/Errors%20explained
[planner_server-11] [WARN] [1785623453.482479065] []: TF_OLD_DATA ignoring data from the past for frame base_link at time 3.816000 according to authority Authority undetectable
[planner_server-11] Possible reasons are listed at http://wiki.ros.org/tf/Errors%20explained
[smoother_server-10] [WARN] [1785623453.482506500] []: TF_OLD_DATA ignoring data from the past for frame base_link at time 3.816000 according to authority Authority undetectable
[smoother_server-10] Possible reasons are listed at http://wiki.ros.org/tf/Errors%20explained
[opennav_docking-18] [WARN] [1785623453.482520900] []: TF_OLD_DATA ignoring data from the past for frame base_link at time 3.816000 according to authority Authority undetectable
[opennav_docking-18] Possible reasons are listed at http://wiki.ros.org/tf/Errors%20explained
[controller_server-9] [WARN] [1785623453.508428243] []: TF_OLD_DATA ignoring data from the past for frame base_link at time 36.432000 according to authority Authority undetectable
[controller_server-9] Possible reasons are listed at http://wiki.ros.org/tf/Errors%20explained
[amcl-7] [WARN] [1785623453.508469236] []: TF_OLD_DATA ignoring data from the past for frame base_link at time 36.432000 according to authority Authority undetectable
[amcl-7] Possible reasons are listed at http://wiki.ros.org/tf/Errors%20explained
[behavior_server-13] [WARN] [1785623453.508492507] []: TF_OLD_DATA ignoring data from the past for frame base_link at time 36.432000 according to authority Authority undetectable
[behavior_server-13] Possible reasons are listed at http://wiki.ros.org/tf/Errors%20explained
[route_server-12] [WARN] [1785623453.508502099] []: TF_OLD_DATA ignoring data from the past for frame base_link at time 36.432000 according to authority Authority undetectable
[route_server-12] Possible reasons are listed at http://wiki.ros.org/tf/Errors%20explained
[smoother_server-10] [WARN] [1785623453.508557280] []: TF_OLD_DATA ignoring data from the past for frame base_link at time 36.432000 according to authority Authority undetectable
[smoother_server-10] Possible reasons are listed at http://wiki.ros.org/tf/Errors%20explained
[collision_monitor-17] [WARN] [1785623453.508566320] []: TF_OLD_DATA ignoring data from the past for frame base_link at time 36.432000 according to authority Authority undetectable
[collision_monitor-17] Possible reasons are listed at http://wiki.ros.org/tf/Errors%20explained
[planner_server-11] [WARN] [1785623453.508625972] []: TF_OLD_DATA ignoring data from the past for frame base_link at time 36.432000 according to authority Authority undetectable
[planner_server-11] Possible reasons are listed at http://wiki.ros.org/tf/Errors%20explained
[opennav_docking-18] [WARN] [1785623453.508829174] []: TF_OLD_DATA ignoring data from the past for frame base_link at time 36.432000 according to authority Authority undetectable
[opennav_docking-18] Possible reasons are listed at http://wiki.ros.org/tf/Errors%20explained
[bt_navigator-14] [WARN] [1785623453.508891544] []: TF_OLD_DATA ignoring data from the past for frame base_link at time 36.432000 according to authority Authority undetectable
[bt_navigator-14] Possible reasons are listed at http://wiki.ros.org/tf/Errors%20explained
[amcl-7] [WARN] [1785623453.516527921] []: TF_OLD_DATA ignoring data from the past for frame base_link at time 19.584000 according to authority Authority undetectable
[amcl-7] Possible reasons are listed at http://wiki.ros.org/tf/Errors%20explained
[smoother_server-10] [WARN] [1785623453.516539101] []: TF_OLD_DATA ignoring data from the past for frame base_link at time 19.584000 according to authority Authority undetectable
[smoother_server-10] Possible reasons are listed at http://wiki.ros.org/tf/Errors%20explained
[route_server-12] [WARN] [1785623453.516549194] []: TF_OLD_DATA ignoring data from the past for frame base_link at time 19.584000 according to authority Authority undetectable
[route_server-12] Possible reasons are listed at http://wiki.ros.org/tf/Errors%20explained
[bt_navigator-14] [WARN] [1785623453.516551892] []: TF_OLD_DATA ignoring data from the past for frame base_link at time 19.584000 according to authority Authority undetectable
[bt_navigator-14] Possible reasons are listed at http://wiki.ros.org/tf/Errors%20explained
[controller_server-9] [WARN] [1785623453.516569722] []: TF_OLD_DATA ignoring data from the past for frame base_link at time 19.584000 according to authority Authority undetectable
[controller_server-9] Possible reasons are listed at http://wiki.ros.org/tf/Errors%20explained
[opennav_docking-18] [WARN] [1785623453.516588445] []: TF_OLD_DATA ignoring data from the past for frame base_link at time 19.584000 according to authority Authority undetectable
[opennav_docking-18] Possible reasons are listed at http://wiki.ros.org/tf/Errors%20explained
[planner_server-11] [WARN] [1785623453.516600851] []: TF_OLD_DATA ignoring data from the past for frame base_link at time 19.584000 according to authority Authority undetectable
[planner_server-11] Possible reasons are listed at http://wiki.ros.org/tf/Errors%20explained
[collision_monitor-17] [WARN] [1785623453.516614394] []: TF_OLD_DATA ignoring data from the past for frame base_link at time 19.584000 according to authority Authority undetectable
[collision_monitor-17] Possible reasons are listed at http://wiki.ros.org/tf/Errors%20explained
[behavior_server-13] [WARN] [1785623453.516615875] []: TF_OLD_DATA ignoring data from the past for frame base_link at time 19.584000 according to authority Authority undetectable
[behavior_server-13] Possible reasons are listed at http://wiki.ros.org/tf/Errors%20explained
[planner_server-11] [WARN] [1785623453.518330187] []: TF_OLD_DATA ignoring data from the past for frame base_link at time 3.852000 according to authority Authority undetectable
[planner_server-11] Possible reasons are listed at http://wiki.ros.org/tf/Errors%20explained
[controller_server-9] [WARN] [1785623453.518345847] []: TF_OLD_DATA ignoring data from the past for frame base_link at time 3.852000 according to authority Authority undetectable
[controller_server-9] Possible reasons are listed at http://wiki.ros.org/tf/Errors%20explained
[behavior_server-13] [WARN] [1785623453.518384104] []: TF_OLD_DATA ignoring data from the past for frame base_link at time 3.852000 according to authority Authority undetectable
[behavior_server-13] Possible reasons are listed at http://wiki.ros.org/tf/Errors%20explained
[route_server-12] [WARN] [1785623453.518386583] []: TF_OLD_DATA ignoring data from the past for frame base_link at time 3.852000 according to authority Authority undetectable
[route_server-12] Possible reasons are listed at http://wiki.ros.org/tf/Errors%20explained
[collision_monitor-17] [WARN] [1785623453.518408085] []: TF_OLD_DATA ignoring data from the past for frame base_link at time 3.852000 according to authority Authority undetectable
[collision_monitor-17] Possible reasons are listed at http://wiki.ros.org/tf/Errors%20explained
[bt_navigator-14] [WARN] [1785623453.518479698] []: TF_OLD_DATA ignoring data from the past for frame base_link at time 3.852000 according to authority Authority undetectable
[bt_navigator-14] Possible reasons are listed at http://wiki.ros.org/tf/Errors%20explained
[amcl-7] [WARN] [1785623453.518491343] []: TF_OLD_DATA ignoring data from the past for frame base_link at time 3.852000 according to authority Authority undetectable
[amcl-7] Possible reasons are listed at http://wiki.ros.org/tf/Errors%20explained
[opennav_docking-18] [WARN] [1785623453.518544773] []: TF_OLD_DATA ignoring data from the past for frame base_link at time 3.852000 according to authority Authority undetectable
[opennav_docking-18] Possible reasons are listed at http://wiki.ros.org/tf/Errors%20explained
[smoother_server-10] [WARN] [1785623453.518638356] []: TF_OLD_DATA ignoring data from the past for frame base_link at time 3.852000 according to authority Authority undetectable
[smoother_server-10] Possible reasons are listed at http://wiki.ros.org/tf/Errors%20explained
[controller_server-9] [WARN] [1785623453.543704349] []: TF_OLD_DATA ignoring data from the past for frame base_link at time 36.468000 according to authority Authority undetectable
[controller_server-9] Possible reasons are listed at http://wiki.ros.org/tf/Errors%20explained
[collision_monitor-17] [WARN] [1785623453.543700894] []: TF_OLD_DATA ignoring data from the past for frame base_link at time 36.468000 according to authority Authority undetectable
[collision_monitor-17] Possible reasons are listed at http://wiki.ros.org/tf/Errors%20explained
[amcl-7] [WARN] [1785623453.543699544] []: TF_OLD_DATA ignoring data from the past for frame base_link at time 36.468000 according to authority Authority undetectable
[amcl-7] Possible reasons are listed at http://wiki.ros.org/tf/Errors%20explained
[behavior_server-13] [WARN] [1785623453.543727060] []: TF_OLD_DATA ignoring data from the past for frame base_link at time 36.468000 according to authority Authority undetectable
[behavior_server-13] Possible reasons are listed at http://wiki.ros.org/tf/Errors%20explained
[route_server-12] [WARN] [1785623453.543743056] []: TF_OLD_DATA ignoring data from the past for frame base_link at time 36.468000 according to authority Authority undetectable
[route_server-12] Possible reasons are listed at http://wiki.ros.org/tf/Errors%20explained
[opennav_docking-18] [WARN] [1785623453.543803757] []: TF_OLD_DATA ignoring data from the past for frame base_link at time 36.468000 according to authority Authority undetectable
[opennav_docking-18] Possible reasons are listed at http://wiki.ros.org/tf/Errors%20explained
[bt_navigator-14] [WARN] [1785623453.543881586] []: TF_OLD_DATA ignoring data from the past for frame base_link at time 36.468000 according to authority Authority undetectable
[bt_navigator-14] Possible reasons are listed at http://wiki.ros.org/tf/Errors%20explained
[smoother_server-10] [WARN] [1785623453.543883824] []: TF_OLD_DATA ignoring data from the past for frame base_link at time 36.468000 according to authority Authority undetectable
[smoother_server-10] Possible reasons are listed at http://wiki.ros.org/tf/Errors%20explained
[planner_server-11] [WARN] [1785623453.543918245] []: TF_OLD_DATA ignoring data from the past for frame base_link at time 36.468000 according to authority Authority undetectable
[planner_server-11] Possible reasons are listed at http://wiki.ros.org/tf/Errors%20explained
[controller_server-9] [WARN] [1785623453.552489320] []: TF_OLD_DATA ignoring data from the past for frame base_link at time 19.620000 according to authority Authority undetectable
[controller_server-9] Possible reasons are listed at http://wiki.ros.org/tf/Errors%20explained
[bt_navigator-14] [WARN] [1785623453.552516742] []: TF_OLD_DATA ignoring data from the past for frame base_link at time 19.620000 according to authority Authority undetectable
[bt_navigator-14] Possible reasons are listed at http://wiki.ros.org/tf/Errors%20explained
[amcl-7] [WARN] [1785623453.552517711] []: TF_OLD_DATA ignoring data from the past for frame base_link at time 19.620000 according to authority Authority undetectable
[amcl-7] Possible reasons are listed at http://wiki.ros.org/tf/Errors%20explained
[opennav_docking-18] [WARN] [1785623453.552517646] []: TF_OLD_DATA ignoring data from the past for frame base_link at time 19.620000 according to authority Authority undetectable
[opennav_docking-18] Possible reasons are listed at http://wiki.ros.org/tf/Errors%20explained
[behavior_server-13] [WARN] [1785623453.552535242] []: TF_OLD_DATA ignoring data from the past for frame base_link at time 19.620000 according to authority Authority undetectable
[behavior_server-13] Possible reasons are listed at http://wiki.ros.org/tf/Errors%20explained
[route_server-12] [WARN] [1785623453.552543584] []: TF_OLD_DATA ignoring data from the past for frame base_link at time 19.620000 according to authority Authority undetectable
[route_server-12] Possible reasons are listed at http://wiki.ros.org/tf/Errors%20explained
[planner_server-11] [WARN] [1785623453.552564566] []: TF_OLD_DATA ignoring data from the past for frame base_link at time 19.620000 according to authority Authority undetectable
[planner_server-11] Possible reasons are listed at http://wiki.ros.org/tf/Errors%20explained
[collision_monitor-17] [WARN] [1785623453.552574815] []: TF_OLD_DATA ignoring data from the past for frame base_link at time 19.620000 according to authority Authority undetectable
[collision_monitor-17] Possible reasons are listed at http://wiki.ros.org/tf/Errors%20explained
[smoother_server-10] [WARN] [1785623453.552587205] []: TF_OLD_DATA ignoring data from the past for frame base_link at time 19.620000 according to authority Authority undetectable
[smoother_server-10] Possible reasons are listed at http://wiki.ros.org/tf/Errors%20explained
[controller_server-9] [WARN] [1785623453.554688725] []: TF_OLD_DATA ignoring data from the past for frame base_link at time 3.888000 according to authority Authority undetectable
[controller_server-9] Possible reasons are listed at http://wiki.ros.org/tf/Errors%20explained
[smoother_server-10] [WARN] [1785623453.554688731] []: TF_OLD_DATA ignoring data from the past for frame base_link at time 3.888000 according to authority Authority undetectable
[smoother_server-10] Possible reasons are listed at http://wiki.ros.org/tf/Errors%20explained
[bt_navigator-14] [WARN] [1785623453.554694271] []: TF_OLD_DATA ignoring data from the past for frame base_link at time 3.888000 according to authority Authority undetectable
[bt_navigator-14] Possible reasons are listed at http://wiki.ros.org/tf/Errors%20explained
[opennav_docking-18] [WARN] [1785623453.554699730] []: TF_OLD_DATA ignoring data from the past for frame base_link at time 3.888000 according to authority Authority undetectable
[opennav_docking-18] Possible reasons are listed at http://wiki.ros.org/tf/Errors%20explained
[behavior_server-13] [WARN] [1785623453.554786648] []: TF_OLD_DATA ignoring data from the past for frame base_link at time 3.888000 according to authority Authority undetectable
[behavior_server-13] Possible reasons are listed at http://wiki.ros.org/tf/Errors%20explained
[collision_monitor-17] [WARN] [1785623453.554846156] []: TF_OLD_DATA ignoring data from the past for frame base_link at time 3.888000 according to authority Authority undetectable
[collision_monitor-17] Possible reasons are listed at http://wiki.ros.org/tf/Errors%20explained
[route_server-12] [WARN] [1785623453.555022640] []: TF_OLD_DATA ignoring data from the past for frame base_link at time 3.888000 according to authority Authority undetectable
[route_server-12] Possible reasons are listed at http://wiki.ros.org/tf/Errors%20explained
[planner_server-11] [WARN] [1785623453.555093471] []: TF_OLD_DATA ignoring data from the past for frame base_link at time 3.888000 according to authority Authority undetectable
[planner_server-11] Possible reasons are listed at http://wiki.ros.org/tf/Errors%20explained
[amcl-7] [WARN] [1785623453.555237711] []: TF_OLD_DATA ignoring data from the past for frame base_link at time 3.888000 according to authority Authority undetectable
[amcl-7] Possible reasons are listed at http://wiki.ros.org/tf/Errors%20explained
[amcl-7] [WARN] [1785623453.579595895] []: TF_OLD_DATA ignoring data from the past for frame base_link at time 36.504000 according to authority Authority undetectable
[amcl-7] Possible reasons are listed at http://wiki.ros.org/tf/Errors%20explained
[controller_server-9] [WARN] [1785623453.579636612] []: TF_OLD_DATA ignoring data from the past for frame base_link at time 36.504000 according to authority Authority undetectable
[controller_server-9] Possible reasons are listed at http://wiki.ros.org/tf/Errors%20explained
[route_server-12] [WARN] [1785623453.579642661] []: TF_OLD_DATA ignoring data from the past for frame base_link at time 36.504000 according to authority Authority undetectable
[route_server-12] Possible reasons are listed at http://wiki.ros.org/tf/Errors%20explained
[bt_navigator-14] [WARN] [1785623453.579645586] []: TF_OLD_DATA ignoring data from the past for frame base_link at time 36.504000 according to authority Authority undetectable
[bt_navigator-14] Possible reasons are listed at http://wiki.ros.org/tf/Errors%20explained
[behavior_server-13] [WARN] [1785623453.579647651] []: TF_OLD_DATA ignoring data from the past for frame base_link at time 36.504000 according to authority Authority undetectable
[behavior_server-13] Possible reasons are listed at http://wiki.ros.org/tf/Errors%20explained
[smoother_server-10] [WARN] [1785623453.579647781] []: TF_OLD_DATA ignoring data from the past for frame base_link at time 36.504000 according to authority Authority undetectable
[smoother_server-10] Possible reasons are listed at http://wiki.ros.org/tf/Errors%20explained
[opennav_docking-18] [WARN] [1785623453.579648800] []: TF_OLD_DATA ignoring data from the past for frame base_link at time 36.504000 according to authority Authority undetectable
[opennav_docking-18] Possible reasons are listed at http://wiki.ros.org/tf/Errors%20explained
[collision_monitor-17] [WARN] [1785623453.579707800] []: TF_OLD_DATA ignoring data from the past for frame base_link at time 36.504000 according to authority Authority undetectable
[collision_monitor-17] Possible reasons are listed at http://wiki.ros.org/tf/Errors%20explained
[planner_server-11] [WARN] [1785623453.579778945] []: TF_OLD_DATA ignoring data from the past for frame base_link at time 36.504000 according to authority Authority undetectable
[planner_server-11] Possible reasons are listed at http://wiki.ros.org/tf/Errors%20explained
[smoother_server-10] [WARN] [1785623453.588481394] []: TF_OLD_DATA ignoring data from the past for frame base_link at time 19.656000 according to authority Authority undetectable
[smoother_server-10] Possible reasons are listed at http://wiki.ros.org/tf/Errors%20explained
[amcl-7] [WARN] [1785623453.588482763] []: TF_OLD_DATA ignoring data from the past for frame base_link at time 19.656000 according to authority Authority undetectable
[amcl-7] Possible reasons are listed at http://wiki.ros.org/tf/Errors%20explained
[planner_server-11] [WARN] [1785623453.588537770] []: TF_OLD_DATA ignoring data from the past for frame base_link at time 19.656000 according to authority Authority undetectable
[planner_server-11] Possible reasons are listed at http://wiki.ros.org/tf/Errors%20explained
[bt_navigator-14] [WARN] [1785623453.588562420] []: TF_OLD_DATA ignoring data from the past for frame base_link at time 19.656000 according to authority Authority undetectable
[bt_navigator-14] Possible reasons are listed at http://wiki.ros.org/tf/Errors%20explained
[controller_server-9] [WARN] [1785623453.588564961] []: TF_OLD_DATA ignoring data from the past for frame base_link at time 19.656000 according to authority Authority undetectable
[controller_server-9] Possible reasons are listed at http://wiki.ros.org/tf/Errors%20explained
[opennav_docking-18] [WARN] [1785623453.588571006] []: TF_OLD_DATA ignoring data from the past for frame base_link at time 19.656000 according to authority Authority undetectable
[opennav_docking-18] Possible reasons are listed at http://wiki.ros.org/tf/Errors%20explained
[collision_monitor-17] [WARN] [1785623453.588626104] []: TF_OLD_DATA ignoring data from the past for frame base_link at time 19.656000 according to authority Authority undetectable
[collision_monitor-17] Possible reasons are listed at http://wiki.ros.org/tf/Errors%20explained
[behavior_server-13] [WARN] [1785623453.588640679] []: TF_OLD_DATA ignoring data from the past for frame base_link at time 19.656000 according to authority Authority undetectable
[behavior_server-13] Possible reasons are listed at http://wiki.ros.org/tf/Errors%20explained
[route_server-12] [WARN] [1785623453.588700284] []: TF_OLD_DATA ignoring data from the past for frame base_link at time 19.656000 according to authority Authority undetectable
[route_server-12] Possible reasons are listed at http://wiki.ros.org/tf/Errors%20explained
[smoother_server-10] [INFO] [1785623453.590487117] [smoother_server]: Received a path to smooth.
[controller_server-9] [WARN] [1785623453.590609261] []: TF_OLD_DATA ignoring data from the past for frame base_link at time 3.924000 according to authority Authority undetectable
[controller_server-9] Possible reasons are listed at http://wiki.ros.org/tf/Errors%20explained
[route_server-12] [WARN] [1785623453.590649040] []: TF_OLD_DATA ignoring data from the past for frame base_link at time 3.924000 according to authority Authority undetectable
[route_server-12] Possible reasons are listed at http://wiki.ros.org/tf/Errors%20explained
[bt_navigator-14] [WARN] [1785623453.590670939] []: TF_OLD_DATA ignoring data from the past for frame base_link at time 3.924000 according to authority Authority undetectable
[bt_navigator-14] Possible reasons are listed at http://wiki.ros.org/tf/Errors%20explained
[collision_monitor-17] [WARN] [1785623453.590671550] []: TF_OLD_DATA ignoring data from the past for frame base_link at time 3.924000 according to authority Authority undetectable
[collision_monitor-17] Possible reasons are listed at http://wiki.ros.org/tf/Errors%20explained
[behavior_server-13] [WARN] [1785623453.590700711] []: TF_OLD_DATA ignoring data from the past for frame base_link at time 3.924000 according to authority Authority undetectable
[behavior_server-13] Possible reasons are listed at http://wiki.ros.org/tf/Errors%20explained
[opennav_docking-18] [WARN] [1785623453.590717074] []: TF_OLD_DATA ignoring data from the past for frame base_link at time 3.924000 according to authority Authority undetectable
[opennav_docking-18] Possible reasons are listed at http://wiki.ros.org/tf/Errors%20explained
[amcl-7] [WARN] [1785623453.590719115] []: TF_OLD_DATA ignoring data from the past for frame base_link at time 3.924000 according to authority Authority undetectable
[amcl-7] Possible reasons are listed at http://wiki.ros.org/tf/Errors%20explained
[smoother_server-10] [WARN] [1785623453.590735466] []: TF_OLD_DATA ignoring data from the past for frame base_link at time 3.924000 according to authority Authority undetectable
[smoother_server-10] Possible reasons are listed at http://wiki.ros.org/tf/Errors%20explained
[planner_server-11] [WARN] [1785623453.590835996] []: TF_OLD_DATA ignoring data from the past for frame base_link at time 3.924000 according to authority Authority undetectable
[planner_server-11] Possible reasons are listed at http://wiki.ros.org/tf/Errors%20explained
[planner_server-11] [WARN] [1785623453.615459066] []: TF_OLD_DATA ignoring data from the past for frame base_link at time 36.540000 according to authority Authority undetectable
[planner_server-11] Possible reasons are listed at http://wiki.ros.org/tf/Errors%20explained
[behavior_server-13] [WARN] [1785623453.615481511] []: TF_OLD_DATA ignoring data from the past for frame base_link at time 36.540000 according to authority Authority undetectable
[behavior_server-13] Possible reasons are listed at http://wiki.ros.org/tf/Errors%20explained
[route_server-12] [WARN] [1785623453.615494126] []: TF_OLD_DATA ignoring data from the past for frame base_link at time 36.540000 according to authority Authority undetectable
[route_server-12] Possible reasons are listed at http://wiki.ros.org/tf/Errors%20explained
[bt_navigator-14] [WARN] [1785623453.615502643] []: TF_OLD_DATA ignoring data from the past for frame base_link at time 36.540000 according to authority Authority undetectable
[bt_navigator-14] Possible reasons are listed at http://wiki.ros.org/tf/Errors%20explained
[controller_server-9] [WARN] [1785623453.615511640] []: TF_OLD_DATA ignoring data from the past for frame base_link at time 36.540000 according to authority Authority undetectable
[controller_server-9] Possible reasons are listed at http://wiki.ros.org/tf/Errors%20explained
[collision_monitor-17] [WARN] [1785623453.615530012] []: TF_OLD_DATA ignoring data from the past for frame base_link at time 36.540000 according to authority Authority undetectable
[collision_monitor-17] Possible reasons are listed at http://wiki.ros.org/tf/Errors%20explained
[smoother_server-10] [WARN] [1785623453.615540660] []: TF_OLD_DATA ignoring data from the past for frame base_link at time 36.540000 according to authority Authority undetectable
[smoother_server-10] Possible reasons are listed at http://wiki.ros.org/tf/Errors%20explained
[amcl-7] [WARN] [1785623453.615580713] []: TF_OLD_DATA ignoring data from the past for frame base_link at time 36.540000 according to authority Authority undetectable
[amcl-7] Possible reasons are listed at http://wiki.ros.org/tf/Errors%20explained
[opennav_docking-18] [WARN] [1785623453.615594277] []: TF_OLD_DATA ignoring data from the past for frame base_link at time 36.540000 according to authority Authority undetectable
[opennav_docking-18] Possible reasons are listed at http://wiki.ros.org/tf/Errors%20explained
[bt_navigator-14] [WARN] [1785623453.624604509] []: TF_OLD_DATA ignoring data from the past for frame base_link at time 19.692000 according to authority Authority undetectable
[bt_navigator-14] Possible reasons are listed at http://wiki.ros.org/tf/Errors%20explained
[controller_server-9] [WARN] [1785623453.624604303] []: TF_OLD_DATA ignoring data from the past for frame base_link at time 19.692000 according to authority Authority undetectable
[controller_server-9] Possible reasons are listed at http://wiki.ros.org/tf/Errors%20explained
[planner_server-11] [WARN] [1785623453.624611036] []: TF_OLD_DATA ignoring data from the past for frame base_link at time 19.692000 according to authority Authority undetectable
[planner_server-11] Possible reasons are listed at http://wiki.ros.org/tf/Errors%20explained
[smoother_server-10] [WARN] [1785623453.624656416] []: TF_OLD_DATA ignoring data from the past for frame base_link at time 19.692000 according to authority Authority undetectable
[smoother_server-10] Possible reasons are listed at http://wiki.ros.org/tf/Errors%20explained
[collision_monitor-17] [WARN] [1785623453.624688056] []: TF_OLD_DATA ignoring data from the past for frame base_link at time 19.692000 according to authority Authority undetectable
[collision_monitor-17] Possible reasons are listed at http://wiki.ros.org/tf/Errors%20explained
[opennav_docking-18] [WARN] [1785623453.624701798] []: TF_OLD_DATA ignoring data from the past for frame base_link at time 19.692000 according to authority Authority undetectable
[opennav_docking-18] Possible reasons are listed at http://wiki.ros.org/tf/Errors%20explained
[route_server-12] [WARN] [1785623453.624701829] []: TF_OLD_DATA ignoring data from the past for frame base_link at time 19.692000 according to authority Authority undetectable
[route_server-12] Possible reasons are listed at http://wiki.ros.org/tf/Errors%20explained
[amcl-7] [WARN] [1785623453.624723029] []: TF_OLD_DATA ignoring data from the past for frame base_link at time 19.692000 according to authority Authority undetectable
[amcl-7] Possible reasons are listed at http://wiki.ros.org/tf/Errors%20explained
[behavior_server-13] [WARN] [1785623453.624750890] []: TF_OLD_DATA ignoring data from the past for frame base_link at time 19.692000 according to authority Authority undetectable
[behavior_server-13] Possible reasons are listed at http://wiki.ros.org/tf/Errors%20explained
[behavior_server-13] [WARN] [1785623453.626612618] []: TF_OLD_DATA ignoring data from the past for frame base_link at time 3.960000 according to authority Authority undetectable
[behavior_server-13] Possible reasons are listed at http://wiki.ros.org/tf/Errors%20explained
[collision_monitor-17] [WARN] [1785623453.626616680] []: TF_OLD_DATA ignoring data from the past for frame base_link at time 3.960000 according to authority Authority undetectable
[collision_monitor-17] Possible reasons are listed at http://wiki.ros.org/tf/Errors%20explained
[controller_server-9] [WARN] [1785623453.626613290] []: TF_OLD_DATA ignoring data from the past for frame base_link at time 3.960000 according to authority Authority undetectable
[controller_server-9] Possible reasons are listed at http://wiki.ros.org/tf/Errors%20explained
[opennav_docking-18] [WARN] [1785623453.626612935] []: TF_OLD_DATA ignoring data from the past for frame base_link at time 3.960000 according to authority Authority undetectable
[opennav_docking-18] Possible reasons are listed at http://wiki.ros.org/tf/Errors%20explained
[amcl-7] [WARN] [1785623453.626614268] []: TF_OLD_DATA ignoring data from the past for frame base_link at time 3.960000 according to authority Authority undetectable
[amcl-7] Possible reasons are listed at http://wiki.ros.org/tf/Errors%20explained
[smoother_server-10] [WARN] [1785623453.626679144] []: TF_OLD_DATA ignoring data from the past for frame base_link at time 3.960000 according to authority Authority undetectable
[smoother_server-10] Possible reasons are listed at http://wiki.ros.org/tf/Errors%20explained
[route_server-12] [WARN] [1785623453.626681739] []: TF_OLD_DATA ignoring data from the past for frame base_link at time 3.960000 according to authority Authority undetectable
[route_server-12] Possible reasons are listed at http://wiki.ros.org/tf/Errors%20explained
[planner_server-11] [WARN] [1785623453.626694798] []: TF_OLD_DATA ignoring data from the past for frame base_link at time 3.960000 according to authority Authority undetectable
[planner_server-11] Possible reasons are listed at http://wiki.ros.org/tf/Errors%20explained
[bt_navigator-14] [WARN] [1785623453.626749208] []: TF_OLD_DATA ignoring data from the past for frame base_link at time 3.960000 according to authority Authority undetectable
[bt_navigator-14] Possible reasons are listed at http://wiki.ros.org/tf/Errors%20explained
[smoother_server-10] [INFO] [1785623453.634235662] [smoother_server]: PSTMO: 4 corners, 4 G2, 0 pivots, 0 pass-through, 160 evaluations, 0.043608 s
[smoother_server-10] [WARN] [1785623453.651856048] []: TF_OLD_DATA ignoring data from the past for frame base_link at time 36.576000 according to authority Authority undetectable
[smoother_server-10] Possible reasons are listed at http://wiki.ros.org/tf/Errors%20explained
[amcl-7] [WARN] [1785623453.651872490] []: TF_OLD_DATA ignoring data from the past for frame base_link at time 36.576000 according to authority Authority undetectable
[amcl-7] Possible reasons are listed at http://wiki.ros.org/tf/Errors%20explained
[behavior_server-13] [WARN] [1785623453.651895781] []: TF_OLD_DATA ignoring data from the past for frame base_link at time 36.576000 according to authority Authority undetectable
[behavior_server-13] Possible reasons are listed at http://wiki.ros.org/tf/Errors%20explained
[planner_server-11] [WARN] [1785623453.651920961] []: TF_OLD_DATA ignoring data from the past for frame base_link at time 36.576000 according to authority Authority undetectable
[planner_server-11] Possible reasons are listed at http://wiki.ros.org/tf/Errors%20explained
[opennav_docking-18] [WARN] [1785623453.652018454] []: TF_OLD_DATA ignoring data from the past for frame base_link at time 36.576000 according to authority Authority undetectable
[opennav_docking-18] Possible reasons are listed at http://wiki.ros.org/tf/Errors%20explained
[collision_monitor-17] [WARN] [1785623453.652073319] []: TF_OLD_DATA ignoring data from the past for frame base_link at time 36.576000 according to authority Authority undetectable
[collision_monitor-17] Possible reasons are listed at http://wiki.ros.org/tf/Errors%20explained
[bt_navigator-14] [WARN] [1785623453.652145812] []: TF_OLD_DATA ignoring data from the past for frame base_link at time 36.576000 according to authority Authority undetectable
[bt_navigator-14] Possible reasons are listed at http://wiki.ros.org/tf/Errors%20explained
[route_server-12] [WARN] [1785623453.652285837] []: TF_OLD_DATA ignoring data from the past for frame base_link at time 36.576000 according to authority Authority undetectable
[route_server-12] Possible reasons are listed at http://wiki.ros.org/tf/Errors%20explained
[controller_server-9] [WARN] [1785623453.652294021] []: TF_OLD_DATA ignoring data from the past for frame base_link at time 36.576000 according to authority Authority undetectable
[controller_server-9] Possible reasons are listed at http://wiki.ros.org/tf/Errors%20explained
[smoother_server-10] [INFO] [1785623453.658391878] [smoother_server]: PSTMO: 2 corners, 2 G2, 0 pivots, 0 pass-through, 80 evaluations, 0.024037 s
[smoother_server-10] [INFO] [1785623453.658817427] [smoother_server]: PSTMO LOS selector chose LOS (no-LOS=0.579365, LOS=0.569009, reason=los_quality_improvement)
[amcl-7] [WARN] [1785623453.660903732] []: TF_OLD_DATA ignoring data from the past for frame base_link at time 19.728000 according to authority Authority undetectable
[amcl-7] Possible reasons are listed at http://wiki.ros.org/tf/Errors%20explained
[smoother_server-10] [WARN] [1785623453.660913611] []: TF_OLD_DATA ignoring data from the past for frame base_link at time 19.728000 according to authority Authority undetectable
[smoother_server-10] Possible reasons are listed at http://wiki.ros.org/tf/Errors%20explained
[route_server-12] [WARN] [1785623453.660932308] []: TF_OLD_DATA ignoring data from the past for frame base_link at time 19.728000 according to authority Authority undetectable
[route_server-12] Possible reasons are listed at http://wiki.ros.org/tf/Errors%20explained
[planner_server-11] [WARN] [1785623453.660961645] []: TF_OLD_DATA ignoring data from the past for frame base_link at time 19.728000 according to authority Authority undetectable
[planner_server-11] Possible reasons are listed at http://wiki.ros.org/tf/Errors%20explained
[collision_monitor-17] [WARN] [1785623453.661002357] []: TF_OLD_DATA ignoring data from the past for frame base_link at time 19.728000 according to authority Authority undetectable
[collision_monitor-17] Possible reasons are listed at http://wiki.ros.org/tf/Errors%20explained
[behavior_server-13] [WARN] [1785623453.661009302] []: TF_OLD_DATA ignoring data from the past for frame base_link at time 19.728000 according to authority Authority undetectable
[behavior_server-13] Possible reasons are listed at http://wiki.ros.org/tf/Errors%20explained
[bt_navigator-14] [WARN] [1785623453.661053843] []: TF_OLD_DATA ignoring data from the past for frame base_link at time 19.728000 according to authority Authority undetectable
[bt_navigator-14] Possible reasons are listed at http://wiki.ros.org/tf/Errors%20explained
[controller_server-9] [WARN] [1785623453.661091892] []: TF_OLD_DATA ignoring data from the past for frame base_link at time 19.728000 according to authority Authority undetectable
[controller_server-9] Possible reasons are listed at http://wiki.ros.org/tf/Errors%20explained
[opennav_docking-18] [WARN] [1785623453.661199285] []: TF_OLD_DATA ignoring data from the past for frame base_link at time 19.728000 according to authority Authority undetectable
[opennav_docking-18] Possible reasons are listed at http://wiki.ros.org/tf/Errors%20explained
[controller_server-9] [WARN] [1785623453.662517347] []: TF_OLD_DATA ignoring data from the past for frame base_link at time 3.996000 according to authority Authority undetectable
[controller_server-9] Possible reasons are listed at http://wiki.ros.org/tf/Errors%20explained
[planner_server-11] [WARN] [1785623453.662545171] []: TF_OLD_DATA ignoring data from the past for frame base_link at time 3.996000 according to authority Authority undetectable
[planner_server-11] Possible reasons are listed at http://wiki.ros.org/tf/Errors%20explained
[route_server-12] [WARN] [1785623453.662552218] []: TF_OLD_DATA ignoring data from the past for frame base_link at time 3.996000 according to authority Authority undetectable
[route_server-12] Possible reasons are listed at http://wiki.ros.org/tf/Errors%20explained
[opennav_docking-18] [WARN] [1785623453.662564144] []: TF_OLD_DATA ignoring data from the past for frame base_link at time 3.996000 according to authority Authority undetectable
[opennav_docking-18] Possible reasons are listed at http://wiki.ros.org/tf/Errors%20explained
[behavior_server-13] [WARN] [1785623453.662584854] []: TF_OLD_DATA ignoring data from the past for frame base_link at time 3.996000 according to authority Authority undetectable
[behavior_server-13] Possible reasons are listed at http://wiki.ros.org/tf/Errors%20explained
[bt_navigator-14] [WARN] [1785623453.662598540] []: TF_OLD_DATA ignoring data from the past for frame base_link at time 3.996000 according to authority Authority undetectable
[bt_navigator-14] Possible reasons are listed at http://wiki.ros.org/tf/Errors%20explained
[smoother_server-10] [WARN] [1785623453.662688096] []: TF_OLD_DATA ignoring data from the past for frame base_link at time 3.996000 according to authority Authority undetectable
[smoother_server-10] Possible reasons are listed at http://wiki.ros.org/tf/Errors%20explained
[collision_monitor-17] [WARN] [1785623453.662701543] []: TF_OLD_DATA ignoring data from the past for frame base_link at time 3.996000 according to authority Authority undetectable
[collision_monitor-17] Possible reasons are listed at http://wiki.ros.org/tf/Errors%20explained
[amcl-7] [WARN] [1785623453.663595666] []: TF_OLD_DATA ignoring data from the past for frame base_link at time 3.996000 according to authority Authority undetectable
[amcl-7] Possible reasons are listed at http://wiki.ros.org/tf/Errors%20explained
[planner_server-11] [WARN] [1785623453.687708601] []: TF_OLD_DATA ignoring data from the past for frame base_link at time 36.612000 according to authority Authority undetectable
[planner_server-11] Possible reasons are listed at http://wiki.ros.org/tf/Errors%20explained
[route_server-12] [WARN] [1785623453.687708663] []: TF_OLD_DATA ignoring data from the past for frame base_link at time 36.612000 according to authority Authority undetectable
[route_server-12] Possible reasons are listed at http://wiki.ros.org/tf/Errors%20explained
[smoother_server-10] [WARN] [1785623453.687728867] []: TF_OLD_DATA ignoring data from the past for frame base_link at time 36.612000 according to authority Authority undetectable
[smoother_server-10] Possible reasons are listed at http://wiki.ros.org/tf/Errors%20explained
[bt_navigator-14] [WARN] [1785623453.687730224] []: TF_OLD_DATA ignoring data from the past for frame base_link at time 36.612000 according to authority Authority undetectable
[bt_navigator-14] Possible reasons are listed at http://wiki.ros.org/tf/Errors%20explained
[behavior_server-13] [WARN] [1785623453.687731549] []: TF_OLD_DATA ignoring data from the past for frame base_link at time 36.612000 according to authority Authority undetectable
[behavior_server-13] Possible reasons are listed at http://wiki.ros.org/tf/Errors%20explained
[amcl-7] [WARN] [1785623453.687708488] []: TF_OLD_DATA ignoring data from the past for frame base_link at time 36.612000 according to authority Authority undetectable
[amcl-7] Possible reasons are listed at http://wiki.ros.org/tf/Errors%20explained
[controller_server-9] [WARN] [1785623453.687800866] []: TF_OLD_DATA ignoring data from the past for frame base_link at time 36.612000 according to authority Authority undetectable
[controller_server-9] Possible reasons are listed at http://wiki.ros.org/tf/Errors%20explained
[opennav_docking-18] [WARN] [1785623453.687840264] []: TF_OLD_DATA ignoring data from the past for frame base_link at time 36.612000 according to authority Authority undetectable
[opennav_docking-18] Possible reasons are listed at http://wiki.ros.org/tf/Errors%20explained
[collision_monitor-17] [WARN] [1785623453.688055076] []: TF_OLD_DATA ignoring data from the past for frame base_link at time 36.612000 according to authority Authority undetectable
[collision_monitor-17] Possible reasons are listed at http://wiki.ros.org/tf/Errors%20explained
[controller_server-9] [WARN] [1785623453.696490961] []: TF_OLD_DATA ignoring data from the past for frame base_link at time 19.764000 according to authority Authority undetectable
[controller_server-9] Possible reasons are listed at http://wiki.ros.org/tf/Errors%20explained
[bt_navigator-14] [WARN] [1785623453.696498489] []: TF_OLD_DATA ignoring data from the past for frame base_link at time 19.764000 according to authority Authority undetectable
[bt_navigator-14] Possible reasons are listed at http://wiki.ros.org/tf/Errors%20explained
[route_server-12] [WARN] [1785623453.696535713] []: TF_OLD_DATA ignoring data from the past for frame base_link at time 19.764000 according to authority Authority undetectable
[route_server-12] Possible reasons are listed at http://wiki.ros.org/tf/Errors%20explained
[opennav_docking-18] [WARN] [1785623453.696568020] []: TF_OLD_DATA ignoring data from the past for frame base_link at time 19.764000 according to authority Authority undetectable
[opennav_docking-18] Possible reasons are listed at http://wiki.ros.org/tf/Errors%20explained
[collision_monitor-17] [WARN] [1785623453.696564516] []: TF_OLD_DATA ignoring data from the past for frame base_link at time 19.764000 according to authority Authority undetectable
[collision_monitor-17] Possible reasons are listed at http://wiki.ros.org/tf/Errors%20explained
[planner_server-11] [WARN] [1785623453.696572569] []: TF_OLD_DATA ignoring data from the past for frame base_link at time 19.764000 according to authority Authority undetectable
[planner_server-11] Possible reasons are listed at http://wiki.ros.org/tf/Errors%20explained
[smoother_server-10] [WARN] [1785623453.696571314] []: TF_OLD_DATA ignoring data from the past for frame base_link at time 19.764000 according to authority Authority undetectable
[smoother_server-10] Possible reasons are listed at http://wiki.ros.org/tf/Errors%20explained
[amcl-7] [WARN] [1785623453.696575677] []: TF_OLD_DATA ignoring data from the past for frame base_link at time 19.764000 according to authority Authority undetectable
[amcl-7] Possible reasons are listed at http://wiki.ros.org/tf/Errors%20explained
[behavior_server-13] [WARN] [1785623453.696641607] []: TF_OLD_DATA ignoring data from the past for frame base_link at time 19.764000 according to authority Authority undetectable
[behavior_server-13] Possible reasons are listed at http://wiki.ros.org/tf/Errors%20explained
[amcl-7] [WARN] [1785623453.698376203] []: TF_OLD_DATA ignoring data from the past for frame base_link at time 4.032000 according to authority Authority undetectable
[amcl-7] Possible reasons are listed at http://wiki.ros.org/tf/Errors%20explained
[controller_server-9] [WARN] [1785623453.698381348] []: TF_OLD_DATA ignoring data from the past for frame base_link at time 4.032000 according to authority Authority undetectable
[controller_server-9] Possible reasons are listed at http://wiki.ros.org/tf/Errors%20explained
[behavior_server-13] [WARN] [1785623453.698409739] []: TF_OLD_DATA ignoring data from the past for frame base_link at time 4.032000 according to authority Authority undetectable
[behavior_server-13] Possible reasons are listed at http://wiki.ros.org/tf/Errors%20explained
[route_server-12] [WARN] [1785623453.698410756] []: TF_OLD_DATA ignoring data from the past for frame base_link at time 4.032000 according to authority Authority undetectable
[route_server-12] Possible reasons are listed at http://wiki.ros.org/tf/Errors%20explained
[planner_server-11] [WARN] [1785623453.698412627] []: TF_OLD_DATA ignoring data from the past for frame base_link at time 4.032000 according to authority Authority undetectable
[planner_server-11] Possible reasons are listed at http://wiki.ros.org/tf/Errors%20explained
[bt_navigator-14] [WARN] [1785623453.698431608] []: TF_OLD_DATA ignoring data from the past for frame base_link at time 4.032000 according to authority Authority undetectable
[bt_navigator-14] Possible reasons are listed at http://wiki.ros.org/tf/Errors%20explained
[collision_monitor-17] [WARN] [1785623453.698431926] []: TF_OLD_DATA ignoring data from the past for frame base_link at time 4.032000 according to authority Authority undetectable
[collision_monitor-17] Possible reasons are listed at http://wiki.ros.org/tf/Errors%20explained
[smoother_server-10] [WARN] [1785623453.698440628] []: TF_OLD_DATA ignoring data from the past for frame base_link at time 4.032000 according to authority Authority undetectable
[smoother_server-10] Possible reasons are listed at http://wiki.ros.org/tf/Errors%20explained
[opennav_docking-18] [WARN] [1785623453.698488054] []: TF_OLD_DATA ignoring data from the past for frame base_link at time 4.032000 according to authority Authority undetectable
[opennav_docking-18] Possible reasons are listed at http://wiki.ros.org/tf/Errors%20explained
[controller_server-9] [WARN] [1785623453.723597502] []: TF_OLD_DATA ignoring data from the past for frame base_link at time 36.648000 according to authority Authority undetectable
[controller_server-9] Possible reasons are listed at http://wiki.ros.org/tf/Errors%20explained
[bt_navigator-14] [WARN] [1785623453.723615958] []: TF_OLD_DATA ignoring data from the past for frame base_link at time 36.648000 according to authority Authority undetectable
[bt_navigator-14] Possible reasons are listed at http://wiki.ros.org/tf/Errors%20explained
[behavior_server-13] [WARN] [1785623453.723636864] []: TF_OLD_DATA ignoring data from the past for frame base_link at time 36.648000 according to authority Authority undetectable
[behavior_server-13] Possible reasons are listed at http://wiki.ros.org/tf/Errors%20explained
[amcl-7] [WARN] [1785623453.723658763] []: TF_OLD_DATA ignoring data from the past for frame base_link at time 36.648000 according to authority Authority undetectable
[amcl-7] Possible reasons are listed at http://wiki.ros.org/tf/Errors%20explained
[planner_server-11] [WARN] [1785623453.723659814] []: TF_OLD_DATA ignoring data from the past for frame base_link at time 36.648000 according to authority Authority undetectable
[planner_server-11] Possible reasons are listed at http://wiki.ros.org/tf/Errors%20explained
[smoother_server-10] [WARN] [1785623453.723672836] []: TF_OLD_DATA ignoring data from the past for frame base_link at time 36.648000 according to authority Authority undetectable
[smoother_server-10] Possible reasons are listed at http://wiki.ros.org/tf/Errors%20explained
[route_server-12] [WARN] [1785623453.723674689] []: TF_OLD_DATA ignoring data from the past for frame base_link at time 36.648000 according to authority Authority undetectable
[route_server-12] Possible reasons are listed at http://wiki.ros.org/tf/Errors%20explained
[opennav_docking-18] [WARN] [1785623453.723681556] []: TF_OLD_DATA ignoring data from the past for frame base_link at time 36.648000 according to authority Authority undetectable
[opennav_docking-18] Possible reasons are listed at http://wiki.ros.org/tf/Errors%20explained
[collision_monitor-17] [WARN] [1785623453.723726725] []: TF_OLD_DATA ignoring data from the past for frame base_link at time 36.648000 according to authority Authority undetectable
[collision_monitor-17] Possible reasons are listed at http://wiki.ros.org/tf/Errors%20explained
[batch_benchmark-5] [INFO] [1785623453.729848302] [planner_geometry_benchmark]: Wrote 10 rows to /home/linh-pham/agv_nav2_research_ws_bao/results/pstmo_adaptive_los_joint_dq_full_20260802/open_arena.csv
[batch_benchmark-5] [INFO] [1785623453.730271057] [planner_geometry_benchmark]: Wrote aggregate summary to /home/linh-pham/agv_nav2_research_ws_bao/results/pstmo_adaptive_los_joint_dq_full_20260802/open_arena_summary.json
[controller_server-9] [WARN] [1785623453.732897749] []: TF_OLD_DATA ignoring data from the past for frame base_link at time 19.800000 according to authority Authority undetectable
[controller_server-9] Possible reasons are listed at http://wiki.ros.org/tf/Errors%20explained
[behavior_server-13] [WARN] [1785623453.732911069] []: TF_OLD_DATA ignoring data from the past for frame base_link at time 19.800000 according to authority Authority undetectable
[behavior_server-13] Possible reasons are listed at http://wiki.ros.org/tf/Errors%20explained
[opennav_docking-18] [WARN] [1785623453.732917932] []: TF_OLD_DATA ignoring data from the past for frame base_link at time 19.800000 according to authority Authority undetectable
[opennav_docking-18] Possible reasons are listed at http://wiki.ros.org/tf/Errors%20explained
[bt_navigator-14] [WARN] [1785623453.732964791] []: TF_OLD_DATA ignoring data from the past for frame base_link at time 19.800000 according to authority Authority undetectable
[bt_navigator-14] Possible reasons are listed at http://wiki.ros.org/tf/Errors%20explained
[planner_server-11] [WARN] [1785623453.732985404] []: TF_OLD_DATA ignoring data from the past for frame base_link at time 19.800000 according to authority Authority undetectable
[planner_server-11] Possible reasons are listed at http://wiki.ros.org/tf/Errors%20explained
[collision_monitor-17] [WARN] [1785623453.732992559] []: TF_OLD_DATA ignoring data from the past for frame base_link at time 19.800000 according to authority Authority undetectable
[collision_monitor-17] Possible reasons are listed at http://wiki.ros.org/tf/Errors%20explained
[smoother_server-10] [WARN] [1785623453.733039886] []: TF_OLD_DATA ignoring data from the past for frame base_link at time 19.800000 according to authority Authority undetectable
[smoother_server-10] Possible reasons are listed at http://wiki.ros.org/tf/Errors%20explained
[amcl-7] [WARN] [1785623453.733042962] []: TF_OLD_DATA ignoring data from the past for frame base_link at time 19.800000 according to authority Authority undetectable
[amcl-7] Possible reasons are listed at http://wiki.ros.org/tf/Errors%20explained
[route_server-12] [WARN] [1785623453.733102716] []: TF_OLD_DATA ignoring data from the past for frame base_link at time 19.800000 according to authority Authority undetectable
[route_server-12] Possible reasons are listed at http://wiki.ros.org/tf/Errors%20explained
[bt_navigator-14] [WARN] [1785623453.735551563] []: TF_OLD_DATA ignoring data from the past for frame base_link at time 4.068000 according to authority Authority undetectable
[bt_navigator-14] Possible reasons are listed at http://wiki.ros.org/tf/Errors%20explained
[smoother_server-10] [WARN] [1785623453.735615317] []: TF_OLD_DATA ignoring data from the past for frame base_link at time 4.068000 according to authority Authority undetectable
[smoother_server-10] Possible reasons are listed at http://wiki.ros.org/tf/Errors%20explained
[opennav_docking-18] [WARN] [1785623453.735652689] []: TF_OLD_DATA ignoring data from the past for frame base_link at time 4.068000 according to authority Authority undetectable
[opennav_docking-18] Possible reasons are listed at http://wiki.ros.org/tf/Errors%20explained
[behavior_server-13] [WARN] [1785623453.735745454] []: TF_OLD_DATA ignoring data from the past for frame base_link at time 4.068000 according to authority Authority undetectable
[behavior_server-13] Possible reasons are listed at http://wiki.ros.org/tf/Errors%20explained
[collision_monitor-17] [WARN] [1785623453.735826336] []: TF_OLD_DATA ignoring data from the past for frame base_link at time 4.068000 according to authority Authority undetectable
[collision_monitor-17] Possible reasons are listed at http://wiki.ros.org/tf/Errors%20explained
[route_server-12] [WARN] [1785623453.736002383] []: TF_OLD_DATA ignoring data from the past for frame base_link at time 4.068000 according to authority Authority undetectable
[route_server-12] Possible reasons are listed at http://wiki.ros.org/tf/Errors%20explained
[planner_server-11] [WARN] [1785623453.736089371] []: TF_OLD_DATA ignoring data from the past for frame base_link at time 4.068000 according to authority Authority undetectable
[planner_server-11] Possible reasons are listed at http://wiki.ros.org/tf/Errors%20explained
[amcl-7] [WARN] [1785623453.738089840] []: TF_OLD_DATA ignoring data from the past for frame base_link at time 4.068000 according to authority Authority undetectable
[amcl-7] Possible reasons are listed at http://wiki.ros.org/tf/Errors%20explained
[controller_server-9] [WARN] [1785623453.738483215] []: TF_OLD_DATA ignoring data from the past for frame base_link at time 4.068000 according to authority Authority undetectable
[controller_server-9] Possible reasons are listed at http://wiki.ros.org/tf/Errors%20explained
[controller_server-9] [WARN] [1785623453.759787049] []: TF_OLD_DATA ignoring data from the past for frame base_link at time 36.684000 according to authority Authority undetectable
[controller_server-9] Possible reasons are listed at http://wiki.ros.org/tf/Errors%20explained
[planner_server-11] [WARN] [1785623453.759784828] []: TF_OLD_DATA ignoring data from the past for frame base_link at time 36.684000 according to authority Authority undetectable
[planner_server-11] Possible reasons are listed at http://wiki.ros.org/tf/Errors%20explained
[bt_navigator-14] [WARN] [1785623453.759803251] []: TF_OLD_DATA ignoring data from the past for frame base_link at time 36.684000 according to authority Authority undetectable
[bt_navigator-14] Possible reasons are listed at http://wiki.ros.org/tf/Errors%20explained
[collision_monitor-17] [WARN] [1785623453.759816219] []: TF_OLD_DATA ignoring data from the past for frame base_link at time 36.684000 according to authority Authority undetectable
[collision_monitor-17] Possible reasons are listed at http://wiki.ros.org/tf/Errors%20explained
[opennav_docking-18] [WARN] [1785623453.759819464] []: TF_OLD_DATA ignoring data from the past for frame base_link at time 36.684000 according to authority Authority undetectable
[opennav_docking-18] Possible reasons are listed at http://wiki.ros.org/tf/Errors%20explained
[amcl-7] [WARN] [1785623453.759824008] []: TF_OLD_DATA ignoring data from the past for frame base_link at time 36.684000 according to authority Authority undetectable
[amcl-7] Possible reasons are listed at http://wiki.ros.org/tf/Errors%20explained
[behavior_server-13] [WARN] [1785623453.759825300] []: TF_OLD_DATA ignoring data from the past for frame base_link at time 36.684000 according to authority Authority undetectable
[behavior_server-13] Possible reasons are listed at http://wiki.ros.org/tf/Errors%20explained
[smoother_server-10] [WARN] [1785623453.759840562] []: TF_OLD_DATA ignoring data from the past for frame base_link at time 36.684000 according to authority Authority undetectable
[smoother_server-10] Possible reasons are listed at http://wiki.ros.org/tf/Errors%20explained
[route_server-12] [WARN] [1785623453.759864568] []: TF_OLD_DATA ignoring data from the past for frame base_link at time 36.684000 according to authority Authority undetectable
[route_server-12] Possible reasons are listed at http://wiki.ros.org/tf/Errors%20explained
[smoother_server-10] [WARN] [1785623453.768910484] []: TF_OLD_DATA ignoring data from the past for frame base_link at time 19.836000 according to authority Authority undetectable
[smoother_server-10] Possible reasons are listed at http://wiki.ros.org/tf/Errors%20explained
[behavior_server-13] [WARN] [1785623453.768947604] []: TF_OLD_DATA ignoring data from the past for frame base_link at time 19.836000 according to authority Authority undetectable
[behavior_server-13] Possible reasons are listed at http://wiki.ros.org/tf/Errors%20explained
[opennav_docking-18] [WARN] [1785623453.768968645] []: TF_OLD_DATA ignoring data from the past for frame base_link at time 19.836000 according to authority Authority undetectable
[opennav_docking-18] Possible reasons are listed at http://wiki.ros.org/tf/Errors%20explained
[collision_monitor-17] [WARN] [1785623453.769037319] []: TF_OLD_DATA ignoring data from the past for frame base_link at time 19.836000 according to authority Authority undetectable
[collision_monitor-17] Possible reasons are listed at http://wiki.ros.org/tf/Errors%20explained
[controller_server-9] [WARN] [1785623453.769041139] []: TF_OLD_DATA ignoring data from the past for frame base_link at time 19.836000 according to authority Authority undetectable
[controller_server-9] Possible reasons are listed at http://wiki.ros.org/tf/Errors%20explained
[amcl-7] [WARN] [1785623453.768913702] []: TF_OLD_DATA ignoring data from the past for frame base_link at time 19.836000 according to authority Authority undetectable
[amcl-7] Possible reasons are listed at http://wiki.ros.org/tf/Errors%20explained
[bt_navigator-14] [WARN] [1785623453.769088865] []: TF_OLD_DATA ignoring data from the past for frame base_link at time 19.836000 according to authority Authority undetectable
[bt_navigator-14] Possible reasons are listed at http://wiki.ros.org/tf/Errors%20explained
[planner_server-11] [WARN] [1785623453.769109883] []: TF_OLD_DATA ignoring data from the past for frame base_link at time 19.836000 according to authority Authority undetectable
[planner_server-11] Possible reasons are listed at http://wiki.ros.org/tf/Errors%20explained
[route_server-12] [WARN] [1785623453.769193638] []: TF_OLD_DATA ignoring data from the past for frame base_link at time 19.836000 according to authority Authority undetectable
[route_server-12] Possible reasons are listed at http://wiki.ros.org/tf/Errors%20explained
[amcl-7] [WARN] [1785623453.771785640] []: TF_OLD_DATA ignoring data from the past for frame base_link at time 4.104000 according to authority Authority undetectable
[amcl-7] Possible reasons are listed at http://wiki.ros.org/tf/Errors%20explained
[route_server-12] [WARN] [1785623453.771864556] []: TF_OLD_DATA ignoring data from the past for frame base_link at time 4.104000 according to authority Authority undetectable
[route_server-12] Possible reasons are listed at http://wiki.ros.org/tf/Errors%20explained
[planner_server-11] [WARN] [1785623453.771906240] []: TF_OLD_DATA ignoring data from the past for frame base_link at time 4.104000 according to authority Authority undetectable
[planner_server-11] Possible reasons are listed at http://wiki.ros.org/tf/Errors%20explained
[behavior_server-13] [WARN] [1785623453.771931590] []: TF_OLD_DATA ignoring data from the past for frame base_link at time 4.104000 according to authority Authority undetectable
[behavior_server-13] Possible reasons are listed at http://wiki.ros.org/tf/Errors%20explained
[opennav_docking-18] [WARN] [1785623453.772280131] []: TF_OLD_DATA ignoring data from the past for frame base_link at time 4.104000 according to authority Authority undetectable
[opennav_docking-18] Possible reasons are listed at http://wiki.ros.org/tf/Errors%20explained
[smoother_server-10] [WARN] [1785623453.772617188] []: TF_OLD_DATA ignoring data from the past for frame base_link at time 4.104000 according to authority Authority undetectable
[smoother_server-10] Possible reasons are listed at http://wiki.ros.org/tf/Errors%20explained
[collision_monitor-17] [WARN] [1785623453.772636035] []: TF_OLD_DATA ignoring data from the past for frame base_link at time 4.104000 according to authority Authority undetectable
[collision_monitor-17] Possible reasons are listed at http://wiki.ros.org/tf/Errors%20explained
[bt_navigator-14] [WARN] [1785623453.772691764] []: TF_OLD_DATA ignoring data from the past for frame base_link at time 4.104000 according to authority Authority undetectable
[bt_navigator-14] Possible reasons are listed at http://wiki.ros.org/tf/Errors%20explained
[controller_server-9] [WARN] [1785623453.773307392] []: TF_OLD_DATA ignoring data from the past for frame base_link at time 4.104000 according to authority Authority undetectable
[controller_server-9] Possible reasons are listed at http://wiki.ros.org/tf/Errors%20explained
[controller_server-9] [WARN] [1785623453.795588287] []: TF_OLD_DATA ignoring data from the past for frame base_link at time 36.720000 according to authority Authority undetectable
[controller_server-9] Possible reasons are listed at http://wiki.ros.org/tf/Errors%20explained
[smoother_server-10] [WARN] [1785623453.795588328] []: TF_OLD_DATA ignoring data from the past for frame base_link at time 36.720000 according to authority Authority undetectable
[smoother_server-10] Possible reasons are listed at http://wiki.ros.org/tf/Errors%20explained
[opennav_docking-18] [WARN] [1785623453.795608458] []: TF_OLD_DATA ignoring data from the past for frame base_link at time 36.720000 according to authority Authority undetectable
[opennav_docking-18] Possible reasons are listed at http://wiki.ros.org/tf/Errors%20explained
[amcl-7] [WARN] [1785623453.795605957] []: TF_OLD_DATA ignoring data from the past for frame base_link at time 36.720000 according to authority Authority undetectable
[amcl-7] Possible reasons are listed at http://wiki.ros.org/tf/Errors%20explained
[bt_navigator-14] [WARN] [1785623453.795612559] []: TF_OLD_DATA ignoring data from the past for frame base_link at time 36.720000 according to authority Authority undetectable
[bt_navigator-14] Possible reasons are listed at http://wiki.ros.org/tf/Errors%20explained
[collision_monitor-17] [WARN] [1785623453.795630927] []: TF_OLD_DATA ignoring data from the past for frame base_link at time 36.720000 according to authority Authority undetectable
[collision_monitor-17] Possible reasons are listed at http://wiki.ros.org/tf/Errors%20explained
[behavior_server-13] [WARN] [1785623453.795668927] []: TF_OLD_DATA ignoring data from the past for frame base_link at time 36.720000 according to authority Authority undetectable
[behavior_server-13] Possible reasons are listed at http://wiki.ros.org/tf/Errors%20explained
[route_server-12] [WARN] [1785623453.795691676] []: TF_OLD_DATA ignoring data from the past for frame base_link at time 36.720000 according to authority Authority undetectable
[route_server-12] Possible reasons are listed at http://wiki.ros.org/tf/Errors%20explained
[planner_server-11] [WARN] [1785623453.795588546] []: TF_OLD_DATA ignoring data from the past for frame base_link at time 36.720000 according to authority Authority undetectable
[planner_server-11] Possible reasons are listed at http://wiki.ros.org/tf/Errors%20explained
[opennav_docking-18] [WARN] [1785623453.804836186] []: TF_OLD_DATA ignoring data from the past for frame base_link at time 19.872000 according to authority Authority undetectable
[opennav_docking-18] Possible reasons are listed at http://wiki.ros.org/tf/Errors%20explained
[collision_monitor-17] [WARN] [1785623453.804846761] []: TF_OLD_DATA ignoring data from the past for frame base_link at time 19.872000 according to authority Authority undetectable
[collision_monitor-17] Possible reasons are listed at http://wiki.ros.org/tf/Errors%20explained
[controller_server-9] [WARN] [1785623453.804870363] []: TF_OLD_DATA ignoring data from the past for frame base_link at time 19.872000 according to authority Authority undetectable
[controller_server-9] Possible reasons are listed at http://wiki.ros.org/tf/Errors%20explained
[bt_navigator-14] [WARN] [1785623453.804897996] []: TF_OLD_DATA ignoring data from the past for frame base_link at time 19.872000 according to authority Authority undetectable
[bt_navigator-14] Possible reasons are listed at http://wiki.ros.org/tf/Errors%20explained
[amcl-7] [WARN] [1785623453.804935601] []: TF_OLD_DATA ignoring data from the past for frame base_link at time 19.872000 according to authority Authority undetectable
[amcl-7] Possible reasons are listed at http://wiki.ros.org/tf/Errors%20explained
[smoother_server-10] [WARN] [1785623453.805001832] []: TF_OLD_DATA ignoring data from the past for frame base_link at time 19.872000 according to authority Authority undetectable
[smoother_server-10] Possible reasons are listed at http://wiki.ros.org/tf/Errors%20explained
[route_server-12] [WARN] [1785623453.805024583] []: TF_OLD_DATA ignoring data from the past for frame base_link at time 19.872000 according to authority Authority undetectable
[route_server-12] Possible reasons are listed at http://wiki.ros.org/tf/Errors%20explained
[behavior_server-13] [WARN] [1785623453.805055881] []: TF_OLD_DATA ignoring data from the past for frame base_link at time 19.872000 according to authority Authority undetectable
[behavior_server-13] Possible reasons are listed at http://wiki.ros.org/tf/Errors%20explained
[planner_server-11] [WARN] [1785623453.805119719] []: TF_OLD_DATA ignoring data from the past for frame base_link at time 19.872000 according to authority Authority undetectable
[planner_server-11] Possible reasons are listed at http://wiki.ros.org/tf/Errors%20explained
[controller_server-9] [WARN] [1785623453.806637765] []: TF_OLD_DATA ignoring data from the past for frame base_link at time 4.140000 according to authority Authority undetectable
[controller_server-9] Possible reasons are listed at http://wiki.ros.org/tf/Errors%20explained
[bt_navigator-14] [WARN] [1785623453.806653059] []: TF_OLD_DATA ignoring data from the past for frame base_link at time 4.140000 according to authority Authority undetectable
[bt_navigator-14] Possible reasons are listed at http://wiki.ros.org/tf/Errors%20explained
[amcl-7] [WARN] [1785623453.806679413] []: TF_OLD_DATA ignoring data from the past for frame base_link at time 4.140000 according to authority Authority undetectable
[amcl-7] Possible reasons are listed at http://wiki.ros.org/tf/Errors%20explained
[route_server-12] [WARN] [1785623453.806692645] []: TF_OLD_DATA ignoring data from the past for frame base_link at time 4.140000 according to authority Authority undetectable
[route_server-12] Possible reasons are listed at http://wiki.ros.org/tf/Errors%20explained
[planner_server-11] [WARN] [1785623453.806701705] []: TF_OLD_DATA ignoring data from the past for frame base_link at time 4.140000 according to authority Authority undetectable
[planner_server-11] Possible reasons are listed at http://wiki.ros.org/tf/Errors%20explained
[opennav_docking-18] [WARN] [1785623453.806708399] []: TF_OLD_DATA ignoring data from the past for frame base_link at time 4.140000 according to authority Authority undetectable
[opennav_docking-18] Possible reasons are listed at http://wiki.ros.org/tf/Errors%20explained
[collision_monitor-17] [WARN] [1785623453.806743105] []: TF_OLD_DATA ignoring data from the past for frame base_link at time 4.140000 according to authority Authority undetectable
[collision_monitor-17] Possible reasons are listed at http://wiki.ros.org/tf/Errors%20explained
[behavior_server-13] [WARN] [1785623453.806792707] []: TF_OLD_DATA ignoring data from the past for frame base_link at time 4.140000 according to authority Authority undetectable
[behavior_server-13] Possible reasons are listed at http://wiki.ros.org/tf/Errors%20explained
[smoother_server-10] [WARN] [1785623453.806800407] []: TF_OLD_DATA ignoring data from the past for frame base_link at time 4.140000 according to authority Authority undetectable
[smoother_server-10] Possible reasons are listed at http://wiki.ros.org/tf/Errors%20explained
[amcl-7] [WARN] [1785623453.831747260] []: TF_OLD_DATA ignoring data from the past for frame base_link at time 36.756000 according to authority Authority undetectable
[amcl-7] Possible reasons are listed at http://wiki.ros.org/tf/Errors%20explained
[planner_server-11] [WARN] [1785623453.831809919] []: TF_OLD_DATA ignoring data from the past for frame base_link at time 36.756000 according to authority Authority undetectable
[planner_server-11] Possible reasons are listed at http://wiki.ros.org/tf/Errors%20explained
[controller_server-9] [WARN] [1785623453.831809703] []: TF_OLD_DATA ignoring data from the past for frame base_link at time 36.756000 according to authority Authority undetectable
[controller_server-9] Possible reasons are listed at http://wiki.ros.org/tf/Errors%20explained
[smoother_server-10] [WARN] [1785623453.831835500] []: TF_OLD_DATA ignoring data from the past for frame base_link at time 36.756000 according to authority Authority undetectable
[smoother_server-10] Possible reasons are listed at http://wiki.ros.org/tf/Errors%20explained
[bt_navigator-14] [WARN] [1785623453.831835002] []: TF_OLD_DATA ignoring data from the past for frame base_link at time 36.756000 according to authority Authority undetectable
[bt_navigator-14] Possible reasons are listed at http://wiki.ros.org/tf/Errors%20explained
[route_server-12] [WARN] [1785623453.831868891] []: TF_OLD_DATA ignoring data from the past for frame base_link at time 36.756000 according to authority Authority undetectable
[route_server-12] Possible reasons are listed at http://wiki.ros.org/tf/Errors%20explained
[behavior_server-13] [WARN] [1785623453.831932054] []: TF_OLD_DATA ignoring data from the past for frame base_link at time 36.756000 according to authority Authority undetectable
[behavior_server-13] Possible reasons are listed at http://wiki.ros.org/tf/Errors%20explained
[opennav_docking-18] [WARN] [1785623453.831939953] []: TF_OLD_DATA ignoring data from the past for frame base_link at time 36.756000 according to authority Authority undetectable
[opennav_docking-18] Possible reasons are listed at http://wiki.ros.org/tf/Errors%20explained
[collision_monitor-17] [WARN] [1785623453.832034254] []: TF_OLD_DATA ignoring data from the past for frame base_link at time 36.756000 according to authority Authority undetectable
[collision_monitor-17] Possible reasons are listed at http://wiki.ros.org/tf/Errors%20explained
[controller_server-9] [WARN] [1785623453.840770019] []: TF_OLD_DATA ignoring data from the past for frame base_link at time 19.908000 according to authority Authority undetectable
[controller_server-9] Possible reasons are listed at http://wiki.ros.org/tf/Errors%20explained
[amcl-7] [WARN] [1785623453.840770015] []: TF_OLD_DATA ignoring data from the past for frame base_link at time 19.908000 according to authority Authority undetectable
[amcl-7] Possible reasons are listed at http://wiki.ros.org/tf/Errors%20explained
[planner_server-11] [WARN] [1785623453.840784429] []: TF_OLD_DATA ignoring data from the past for frame base_link at time 19.908000 according to authority Authority undetectable
[planner_server-11] Possible reasons are listed at http://wiki.ros.org/tf/Errors%20explained
[smoother_server-10] [WARN] [1785623453.840831874] []: TF_OLD_DATA ignoring data from the past for frame base_link at time 19.908000 according to authority Authority undetectable
[smoother_server-10] Possible reasons are listed at http://wiki.ros.org/tf/Errors%20explained
[behavior_server-13] [WARN] [1785623453.840859532] []: TF_OLD_DATA ignoring data from the past for frame base_link at time 19.908000 according to authority Authority undetectable
[behavior_server-13] Possible reasons are listed at http://wiki.ros.org/tf/Errors%20explained
[opennav_docking-18] [WARN] [1785623453.840860242] []: TF_OLD_DATA ignoring data from the past for frame base_link at time 19.908000 according to authority Authority undetectable
[opennav_docking-18] Possible reasons are listed at http://wiki.ros.org/tf/Errors%20explained
[bt_navigator-14] [WARN] [1785623453.840881863] []: TF_OLD_DATA ignoring data from the past for frame base_link at time 19.908000 according to authority Authority undetectable
[bt_navigator-14] Possible reasons are listed at http://wiki.ros.org/tf/Errors%20explained
[collision_monitor-17] [WARN] [1785623453.840893987] []: TF_OLD_DATA ignoring data from the past for frame base_link at time 19.908000 according to authority Authority undetectable
[collision_monitor-17] Possible reasons are listed at http://wiki.ros.org/tf/Errors%20explained
[route_server-12] [WARN] [1785623453.840926660] []: TF_OLD_DATA ignoring data from the past for frame base_link at time 19.908000 according to authority Authority undetectable
[route_server-12] Possible reasons are listed at http://wiki.ros.org/tf/Errors%20explained
[behavior_server-13] [WARN] [1785623453.842675487] []: TF_OLD_DATA ignoring data from the past for frame base_link at time 4.176000 according to authority Authority undetectable
[behavior_server-13] Possible reasons are listed at http://wiki.ros.org/tf/Errors%20explained
[bt_navigator-14] [WARN] [1785623453.842703288] []: TF_OLD_DATA ignoring data from the past for frame base_link at time 4.176000 according to authority Authority undetectable
[bt_navigator-14] Possible reasons are listed at http://wiki.ros.org/tf/Errors%20explained
[smoother_server-10] [WARN] [1785623453.842711389] []: TF_OLD_DATA ignoring data from the past for frame base_link at time 4.176000 according to authority Authority undetectable
[smoother_server-10] Possible reasons are listed at http://wiki.ros.org/tf/Errors%20explained
[planner_server-11] [WARN] [1785623453.842724461] []: TF_OLD_DATA ignoring data from the past for frame base_link at time 4.176000 according to authority Authority undetectable
[planner_server-11] Possible reasons are listed at http://wiki.ros.org/tf/Errors%20explained
[amcl-7] [WARN] [1785623453.842801201] []: TF_OLD_DATA ignoring data from the past for frame base_link at time 4.176000 according to authority Authority undetectable
[amcl-7] Possible reasons are listed at http://wiki.ros.org/tf/Errors%20explained
[opennav_docking-18] [WARN] [1785623453.842813583] []: TF_OLD_DATA ignoring data from the past for frame base_link at time 4.176000 according to authority Authority undetectable
[opennav_docking-18] Possible reasons are listed at http://wiki.ros.org/tf/Errors%20explained
[collision_monitor-17] [WARN] [1785623453.842840874] []: TF_OLD_DATA ignoring data from the past for frame base_link at time 4.176000 according to authority Authority undetectable
[collision_monitor-17] Possible reasons are listed at http://wiki.ros.org/tf/Errors%20explained
[route_server-12] [WARN] [1785623453.842995627] []: TF_OLD_DATA ignoring data from the past for frame base_link at time 4.176000 according to authority Authority undetectable
[route_server-12] Possible reasons are listed at http://wiki.ros.org/tf/Errors%20explained
[controller_server-9] [WARN] [1785623453.843693742] []: TF_OLD_DATA ignoring data from the past for frame base_link at time 4.176000 according to authority Authority undetectable
[controller_server-9] Possible reasons are listed at http://wiki.ros.org/tf/Errors%20explained
[amcl-7] [WARN] [1785623453.867682091] []: TF_OLD_DATA ignoring data from the past for frame base_link at time 36.792000 according to authority Authority undetectable
[amcl-7] Possible reasons are listed at http://wiki.ros.org/tf/Errors%20explained
[bt_navigator-14] [WARN] [1785623453.867719582] []: TF_OLD_DATA ignoring data from the past for frame base_link at time 36.792000 according to authority Authority undetectable
[bt_navigator-14] Possible reasons are listed at http://wiki.ros.org/tf/Errors%20explained
[smoother_server-10] [WARN] [1785623453.867721830] []: TF_OLD_DATA ignoring data from the past for frame base_link at time 36.792000 according to authority Authority undetectable
[smoother_server-10] Possible reasons are listed at http://wiki.ros.org/tf/Errors%20explained
[behavior_server-13] [WARN] [1785623453.867725222] []: TF_OLD_DATA ignoring data from the past for frame base_link at time 36.792000 according to authority Authority undetectable
[behavior_server-13] Possible reasons are listed at http://wiki.ros.org/tf/Errors%20explained
[controller_server-9] [WARN] [1785623453.867733837] []: TF_OLD_DATA ignoring data from the past for frame base_link at time 36.792000 according to authority Authority undetectable
[controller_server-9] Possible reasons are listed at http://wiki.ros.org/tf/Errors%20explained
[collision_monitor-17] [WARN] [1785623453.867745975] []: TF_OLD_DATA ignoring data from the past for frame base_link at time 36.792000 according to authority Authority undetectable
[collision_monitor-17] Possible reasons are listed at http://wiki.ros.org/tf/Errors%20explained
[planner_server-11] [WARN] [1785623453.867774041] []: TF_OLD_DATA ignoring data from the past for frame base_link at time 36.792000 according to authority Authority undetectable
[planner_server-11] Possible reasons are listed at http://wiki.ros.org/tf/Errors%20explained
[route_server-12] [WARN] [1785623453.867801695] []: TF_OLD_DATA ignoring data from the past for frame base_link at time 36.792000 according to authority Authority undetectable
[route_server-12] Possible reasons are listed at http://wiki.ros.org/tf/Errors%20explained
[opennav_docking-18] [WARN] [1785623453.867863136] []: TF_OLD_DATA ignoring data from the past for frame base_link at time 36.792000 according to authority Authority undetectable
[opennav_docking-18] Possible reasons are listed at http://wiki.ros.org/tf/Errors%20explained
[smoother_server-10] [WARN] [1785623453.876719886] []: TF_OLD_DATA ignoring data from the past for frame base_link at time 19.944000 according to authority Authority undetectable
[smoother_server-10] Possible reasons are listed at http://wiki.ros.org/tf/Errors%20explained
[route_server-12] [WARN] [1785623453.876735514] []: TF_OLD_DATA ignoring data from the past for frame base_link at time 19.944000 according to authority Authority undetectable
[route_server-12] Possible reasons are listed at http://wiki.ros.org/tf/Errors%20explained
[collision_monitor-17] [WARN] [1785623453.876733890] []: TF_OLD_DATA ignoring data from the past for frame base_link at time 19.944000 according to authority Authority undetectable
[collision_monitor-17] Possible reasons are listed at http://wiki.ros.org/tf/Errors%20explained
[controller_server-9] [WARN] [1785623453.876742528] []: TF_OLD_DATA ignoring data from the past for frame base_link at time 19.944000 according to authority Authority undetectable
[controller_server-9] Possible reasons are listed at http://wiki.ros.org/tf/Errors%20explained
[behavior_server-13] [WARN] [1785623453.876753818] []: TF_OLD_DATA ignoring data from the past for frame base_link at time 19.944000 according to authority Authority undetectable
[behavior_server-13] Possible reasons are listed at http://wiki.ros.org/tf/Errors%20explained
[amcl-7] [WARN] [1785623453.876755810] []: TF_OLD_DATA ignoring data from the past for frame base_link at time 19.944000 according to authority Authority undetectable
[amcl-7] Possible reasons are listed at http://wiki.ros.org/tf/Errors%20explained
[bt_navigator-14] [WARN] [1785623453.876768920] []: TF_OLD_DATA ignoring data from the past for frame base_link at time 19.944000 according to authority Authority undetectable
[bt_navigator-14] Possible reasons are listed at http://wiki.ros.org/tf/Errors%20explained
[opennav_docking-18] [WARN] [1785623453.876802865] []: TF_OLD_DATA ignoring data from the past for frame base_link at time 19.944000 according to authority Authority undetectable
[opennav_docking-18] Possible reasons are listed at http://wiki.ros.org/tf/Errors%20explained
[planner_server-11] [WARN] [1785623453.876806596] []: TF_OLD_DATA ignoring data from the past for frame base_link at time 19.944000 according to authority Authority undetectable
[planner_server-11] Possible reasons are listed at http://wiki.ros.org/tf/Errors%20explained
[smoother_server-10] [WARN] [1785623453.878376165] []: TF_OLD_DATA ignoring data from the past for frame base_link at time 4.212000 according to authority Authority undetectable
[smoother_server-10] Possible reasons are listed at http://wiki.ros.org/tf/Errors%20explained
[planner_server-11] [WARN] [1785623453.878376219] []: TF_OLD_DATA ignoring data from the past for frame base_link at time 4.212000 according to authority Authority undetectable
[planner_server-11] Possible reasons are listed at http://wiki.ros.org/tf/Errors%20explained
[behavior_server-13] [WARN] [1785623453.878384630] []: TF_OLD_DATA ignoring data from the past for frame base_link at time 4.212000 according to authority Authority undetectable
[behavior_server-13] Possible reasons are listed at http://wiki.ros.org/tf/Errors%20explained
[controller_server-9] [WARN] [1785623453.878385282] []: TF_OLD_DATA ignoring data from the past for frame base_link at time 4.212000 according to authority Authority undetectable
[controller_server-9] Possible reasons are listed at http://wiki.ros.org/tf/Errors%20explained
[bt_navigator-14] [WARN] [1785623453.878392767] []: TF_OLD_DATA ignoring data from the past for frame base_link at time 4.212000 according to authority Authority undetectable
[bt_navigator-14] Possible reasons are listed at http://wiki.ros.org/tf/Errors%20explained
[route_server-12] [WARN] [1785623453.878446577] []: TF_OLD_DATA ignoring data from the past for frame base_link at time 4.212000 according to authority Authority undetectable
[route_server-12] Possible reasons are listed at http://wiki.ros.org/tf/Errors%20explained
[opennav_docking-18] [WARN] [1785623453.878450276] []: TF_OLD_DATA ignoring data from the past for frame base_link at time 4.212000 according to authority Authority undetectable
[opennav_docking-18] Possible reasons are listed at http://wiki.ros.org/tf/Errors%20explained
[amcl-7] [WARN] [1785623453.878450207] []: TF_OLD_DATA ignoring data from the past for frame base_link at time 4.212000 according to authority Authority undetectable
[amcl-7] Possible reasons are listed at http://wiki.ros.org/tf/Errors%20explained
[collision_monitor-17] [WARN] [1785623453.878536452] []: TF_OLD_DATA ignoring data from the past for frame base_link at time 4.212000 according to authority Authority undetectable
[collision_monitor-17] Possible reasons are listed at http://wiki.ros.org/tf/Errors%20explained
[controller_server-9] [WARN] [1785623453.903916928] []: TF_OLD_DATA ignoring data from the past for frame base_link at time 36.828000 according to authority Authority undetectable
[controller_server-9] Possible reasons are listed at http://wiki.ros.org/tf/Errors%20explained
[smoother_server-10] [WARN] [1785623453.903926342] []: TF_OLD_DATA ignoring data from the past for frame base_link at time 36.828000 according to authority Authority undetectable
[smoother_server-10] Possible reasons are listed at http://wiki.ros.org/tf/Errors%20explained
[planner_server-11] [WARN] [1785623453.903934407] []: TF_OLD_DATA ignoring data from the past for frame base_link at time 36.828000 according to authority Authority undetectable
[planner_server-11] Possible reasons are listed at http://wiki.ros.org/tf/Errors%20explained
[collision_monitor-17] [WARN] [1785623453.903950377] []: TF_OLD_DATA ignoring data from the past for frame base_link at time 36.828000 according to authority Authority undetectable
[collision_monitor-17] Possible reasons are listed at http://wiki.ros.org/tf/Errors%20explained
[opennav_docking-18] [WARN] [1785623453.903954593] []: TF_OLD_DATA ignoring data from the past for frame base_link at time 36.828000 according to authority Authority undetectable
[opennav_docking-18] Possible reasons are listed at http://wiki.ros.org/tf/Errors%20explained
[behavior_server-13] [WARN] [1785623453.903957477] []: TF_OLD_DATA ignoring data from the past for frame base_link at time 36.828000 according to authority Authority undetectable
[behavior_server-13] Possible reasons are listed at http://wiki.ros.org/tf/Errors%20explained
[route_server-12] [WARN] [1785623453.903960532] []: TF_OLD_DATA ignoring data from the past for frame base_link at time 36.828000 according to authority Authority undetectable
[route_server-12] Possible reasons are listed at http://wiki.ros.org/tf/Errors%20explained
[amcl-7] [WARN] [1785623453.904011896] []: TF_OLD_DATA ignoring data from the past for frame base_link at time 36.828000 according to authority Authority undetectable
[amcl-7] Possible reasons are listed at http://wiki.ros.org/tf/Errors%20explained
[bt_navigator-14] [WARN] [1785623453.904052030] []: TF_OLD_DATA ignoring data from the past for frame base_link at time 36.828000 according to authority Authority undetectable
[bt_navigator-14] Possible reasons are listed at http://wiki.ros.org/tf/Errors%20explained
[controller_server-9] [WARN] [1785623453.913793421] []: TF_OLD_DATA ignoring data from the past for frame base_link at time 19.980000 according to authority Authority undetectable
[controller_server-9] Possible reasons are listed at http://wiki.ros.org/tf/Errors%20explained
[smoother_server-10] [WARN] [1785623453.913864839] []: TF_OLD_DATA ignoring data from the past for frame base_link at time 19.980000 according to authority Authority undetectable
[smoother_server-10] Possible reasons are listed at http://wiki.ros.org/tf/Errors%20explained
[route_server-12] [WARN] [1785623453.913961031] []: TF_OLD_DATA ignoring data from the past for frame base_link at time 19.980000 according to authority Authority undetectable
[route_server-12] Possible reasons are listed at http://wiki.ros.org/tf/Errors%20explained
[collision_monitor-17] [WARN] [1785623453.913989176] []: TF_OLD_DATA ignoring data from the past for frame base_link at time 19.980000 according to authority Authority undetectable
[collision_monitor-17] Possible reasons are listed at http://wiki.ros.org/tf/Errors%20explained
[bt_navigator-14] [WARN] [1785623453.913989579] []: TF_OLD_DATA ignoring data from the past for frame base_link at time 19.980000 according to authority Authority undetectable
[bt_navigator-14] Possible reasons are listed at http://wiki.ros.org/tf/Errors%20explained
[behavior_server-13] [WARN] [1785623453.914147221] []: TF_OLD_DATA ignoring data from the past for frame base_link at time 19.980000 according to authority Authority undetectable
[behavior_server-13] Possible reasons are listed at http://wiki.ros.org/tf/Errors%20explained
[amcl-7] [WARN] [1785623453.914291925] []: TF_OLD_DATA ignoring data from the past for frame base_link at time 19.980000 according to authority Authority undetectable
[amcl-7] Possible reasons are listed at http://wiki.ros.org/tf/Errors%20explained
[planner_server-11] [WARN] [1785623453.914400187] []: TF_OLD_DATA ignoring data from the past for frame base_link at time 19.980000 according to authority Authority undetectable
[planner_server-11] Possible reasons are listed at http://wiki.ros.org/tf/Errors%20explained
[opennav_docking-18] [WARN] [1785623453.914404640] []: TF_OLD_DATA ignoring data from the past for frame base_link at time 19.980000 according to authority Authority undetectable
[opennav_docking-18] Possible reasons are listed at http://wiki.ros.org/tf/Errors%20explained
[planner_server-11] [WARN] [1785623453.916043691] []: TF_OLD_DATA ignoring data from the past for frame base_link at time 4.248000 according to authority Authority undetectable
[planner_server-11] Possible reasons are listed at http://wiki.ros.org/tf/Errors%20explained
[controller_server-9] [WARN] [1785623453.916144133] []: TF_OLD_DATA ignoring data from the past for frame base_link at time 4.248000 according to authority Authority undetectable
[controller_server-9] Possible reasons are listed at http://wiki.ros.org/tf/Errors%20explained
[smoother_server-10] [WARN] [1785623453.916167243] []: TF_OLD_DATA ignoring data from the past for frame base_link at time 4.248000 according to authority Authority undetectable
[smoother_server-10] Possible reasons are listed at http://wiki.ros.org/tf/Errors%20explained
[behavior_server-13] [WARN] [1785623453.916167394] []: TF_OLD_DATA ignoring data from the past for frame base_link at time 4.248000 according to authority Authority undetectable
[behavior_server-13] Possible reasons are listed at http://wiki.ros.org/tf/Errors%20explained
[amcl-7] [WARN] [1785623453.916375567] []: TF_OLD_DATA ignoring data from the past for frame base_link at time 4.248000 according to authority Authority undetectable
[amcl-7] Possible reasons are listed at http://wiki.ros.org/tf/Errors%20explained
[opennav_docking-18] [WARN] [1785623453.916382542] []: TF_OLD_DATA ignoring data from the past for frame base_link at time 4.248000 according to authority Authority undetectable
[opennav_docking-18] Possible reasons are listed at http://wiki.ros.org/tf/Errors%20explained
[bt_navigator-14] [WARN] [1785623453.916488313] []: TF_OLD_DATA ignoring data from the past for frame base_link at time 4.248000 according to authority Authority undetectable
[bt_navigator-14] Possible reasons are listed at http://wiki.ros.org/tf/Errors%20explained
[route_server-12] [WARN] [1785623453.916559218] []: TF_OLD_DATA ignoring data from the past for frame base_link at time 4.248000 according to authority Authority undetectable
[route_server-12] Possible reasons are listed at http://wiki.ros.org/tf/Errors%20explained
[collision_monitor-17] [WARN] [1785623453.916800575] []: TF_OLD_DATA ignoring data from the past for frame base_link at time 4.248000 according to authority Authority undetectable
[collision_monitor-17] Possible reasons are listed at http://wiki.ros.org/tf/Errors%20explained
[bt_navigator-14] [WARN] [1785623453.940648457] []: TF_OLD_DATA ignoring data from the past for frame base_link at time 36.864000 according to authority Authority undetectable
[bt_navigator-14] Possible reasons are listed at http://wiki.ros.org/tf/Errors%20explained
[controller_server-9] [WARN] [1785623453.940656859] []: TF_OLD_DATA ignoring data from the past for frame base_link at time 36.864000 according to authority Authority undetectable
[controller_server-9] Possible reasons are listed at http://wiki.ros.org/tf/Errors%20explained
[planner_server-11] [WARN] [1785623453.940656848] []: TF_OLD_DATA ignoring data from the past for frame base_link at time 36.864000 according to authority Authority undetectable
[planner_server-11] Possible reasons are listed at http://wiki.ros.org/tf/Errors%20explained
[collision_monitor-17] [WARN] [1785623453.940690977] []: TF_OLD_DATA ignoring data from the past for frame base_link at time 36.864000 according to authority Authority undetectable
[collision_monitor-17] Possible reasons are listed at http://wiki.ros.org/tf/Errors%20explained
[opennav_docking-18] [WARN] [1785623453.940719651] []: TF_OLD_DATA ignoring data from the past for frame base_link at time 36.864000 according to authority Authority undetectable
[opennav_docking-18] Possible reasons are listed at http://wiki.ros.org/tf/Errors%20explained
[route_server-12] [WARN] [1785623453.940724864] []: TF_OLD_DATA ignoring data from the past for frame base_link at time 36.864000 according to authority Authority undetectable
[route_server-12] Possible reasons are listed at http://wiki.ros.org/tf/Errors%20explained
[amcl-7] [WARN] [1785623453.940746905] []: TF_OLD_DATA ignoring data from the past for frame base_link at time 36.864000 according to authority Authority undetectable
[amcl-7] Possible reasons are listed at http://wiki.ros.org/tf/Errors%20explained
[smoother_server-10] [WARN] [1785623453.940805635] []: TF_OLD_DATA ignoring data from the past for frame base_link at time 36.864000 according to authority Authority undetectable
[smoother_server-10] Possible reasons are listed at http://wiki.ros.org/tf/Errors%20explained
[behavior_server-13] [WARN] [1785623453.940855078] []: TF_OLD_DATA ignoring data from the past for frame base_link at time 36.864000 according to authority Authority undetectable
[behavior_server-13] Possible reasons are listed at http://wiki.ros.org/tf/Errors%20explained
[amcl-7] [WARN] [1785623453.949110459] []: TF_OLD_DATA ignoring data from the past for frame base_link at time 20.016000 according to authority Authority undetectable
[amcl-7] Possible reasons are listed at http://wiki.ros.org/tf/Errors%20explained
[planner_server-11] [WARN] [1785623453.949116915] []: TF_OLD_DATA ignoring data from the past for frame base_link at time 20.016000 according to authority Authority undetectable
[planner_server-11] Possible reasons are listed at http://wiki.ros.org/tf/Errors%20explained
[behavior_server-13] [WARN] [1785623453.949130376] []: TF_OLD_DATA ignoring data from the past for frame base_link at time 20.016000 according to authority Authority undetectable
[behavior_server-13] Possible reasons are listed at http://wiki.ros.org/tf/Errors%20explained
[smoother_server-10] [WARN] [1785623453.949140906] []: TF_OLD_DATA ignoring data from the past for frame base_link at time 20.016000 according to authority Authority undetectable
[smoother_server-10] Possible reasons are listed at http://wiki.ros.org/tf/Errors%20explained
[collision_monitor-17] [WARN] [1785623453.949140858] []: TF_OLD_DATA ignoring data from the past for frame base_link at time 20.016000 according to authority Authority undetectable
[collision_monitor-17] Possible reasons are listed at http://wiki.ros.org/tf/Errors%20explained
[controller_server-9] [WARN] [1785623453.949145636] []: TF_OLD_DATA ignoring data from the past for frame base_link at time 20.016000 according to authority Authority undetectable
[controller_server-9] Possible reasons are listed at http://wiki.ros.org/tf/Errors%20explained
[opennav_docking-18] [WARN] [1785623453.949193861] []: TF_OLD_DATA ignoring data from the past for frame base_link at time 20.016000 according to authority Authority undetectable
[opennav_docking-18] Possible reasons are listed at http://wiki.ros.org/tf/Errors%20explained
[bt_navigator-14] [WARN] [1785623453.949196564] []: TF_OLD_DATA ignoring data from the past for frame base_link at time 20.016000 according to authority Authority undetectable
[bt_navigator-14] Possible reasons are listed at http://wiki.ros.org/tf/Errors%20explained
[route_server-12] [WARN] [1785623453.949230735] []: TF_OLD_DATA ignoring data from the past for frame base_link at time 20.016000 according to authority Authority undetectable
[route_server-12] Possible reasons are listed at http://wiki.ros.org/tf/Errors%20explained
[planner_server-11] [WARN] [1785623453.951591518] []: TF_OLD_DATA ignoring data from the past for frame base_link at time 4.284000 according to authority Authority undetectable
[planner_server-11] Possible reasons are listed at http://wiki.ros.org/tf/Errors%20explained
[collision_monitor-17] [WARN] [1785623453.951601059] []: TF_OLD_DATA ignoring data from the past for frame base_link at time 4.284000 according to authority Authority undetectable
[collision_monitor-17] Possible reasons are listed at http://wiki.ros.org/tf/Errors%20explained
[controller_server-9] [WARN] [1785623453.951801851] []: TF_OLD_DATA ignoring data from the past for frame base_link at time 4.284000 according to authority Authority undetectable
[controller_server-9] Possible reasons are listed at http://wiki.ros.org/tf/Errors%20explained
[amcl-7] [WARN] [1785623453.951823093] []: TF_OLD_DATA ignoring data from the past for frame base_link at time 4.284000 according to authority Authority undetectable
[amcl-7] Possible reasons are listed at http://wiki.ros.org/tf/Errors%20explained
[route_server-12] [WARN] [1785623453.951831534] []: TF_OLD_DATA ignoring data from the past for frame base_link at time 4.284000 according to authority Authority undetectable
[route_server-12] Possible reasons are listed at http://wiki.ros.org/tf/Errors%20explained
[bt_navigator-14] [WARN] [1785623453.951841374] []: TF_OLD_DATA ignoring data from the past for frame base_link at time 4.284000 according to authority Authority undetectable
[bt_navigator-14] Possible reasons are listed at http://wiki.ros.org/tf/Errors%20explained
[opennav_docking-18] [WARN] [1785623453.951888788] []: TF_OLD_DATA ignoring data from the past for frame base_link at time 4.284000 according to authority Authority undetectable
[opennav_docking-18] Possible reasons are listed at http://wiki.ros.org/tf/Errors%20explained
[smoother_server-10] [WARN] [1785623453.952132595] []: TF_OLD_DATA ignoring data from the past for frame base_link at time 4.284000 according to authority Authority undetectable
[smoother_server-10] Possible reasons are listed at http://wiki.ros.org/tf/Errors%20explained
[behavior_server-13] [WARN] [1785623453.952210214] []: TF_OLD_DATA ignoring data from the past for frame base_link at time 4.284000 according to authority Authority undetectable
[behavior_server-13] Possible reasons are listed at http://wiki.ros.org/tf/Errors%20explained
[controller_server-9] [WARN] [1785623453.975952193] []: TF_OLD_DATA ignoring data from the past for frame base_link at time 36.900000 according to authority Authority undetectable
[controller_server-9] Possible reasons are listed at http://wiki.ros.org/tf/Errors%20explained
[planner_server-11] [WARN] [1785623453.975977209] []: TF_OLD_DATA ignoring data from the past for frame base_link at time 36.900000 according to authority Authority undetectable
[planner_server-11] Possible reasons are listed at http://wiki.ros.org/tf/Errors%20explained
[INFO] [batch_benchmark-5]: process has finished cleanly [pid 158859]
[collision_monitor-17] [WARN] [1785623453.975996012] []: TF_OLD_DATA ignoring data from the past for frame base_link at time 36.900000 according to authority Authority undetectable
[collision_monitor-17] Possible reasons are listed at http://wiki.ros.org/tf/Errors%20explained
[behavior_server-13] [WARN] [1785623453.975997441] []: TF_OLD_DATA ignoring data from the past for frame base_link at time 36.900000 according to authority Authority undetectable
[behavior_server-13] Possible reasons are listed at http://wiki.ros.org/tf/Errors%20explained
[smoother_server-10] [WARN] [1785623453.976026453] []: TF_OLD_DATA ignoring data from the past for frame base_link at time 36.900000 according to authority Authority undetectable
[smoother_server-10] Possible reasons are listed at http://wiki.ros.org/tf/Errors%20explained
[amcl-7] [WARN] [1785623453.976035092] []: TF_OLD_DATA ignoring data from the past for frame base_link at time 36.900000 according to authority Authority undetectable
[amcl-7] Possible reasons are listed at http://wiki.ros.org/tf/Errors%20explained
[bt_navigator-14] [WARN] [1785623453.976064851] []: TF_OLD_DATA ignoring data from the past for frame base_link at time 36.900000 according to authority Authority undetectable
[bt_navigator-14] Possible reasons are listed at http://wiki.ros.org/tf/Errors%20explained
[opennav_docking-18] [WARN] [1785623453.976100928] []: TF_OLD_DATA ignoring data from the past for frame base_link at time 36.900000 according to authority Authority undetectable
[opennav_docking-18] Possible reasons are listed at http://wiki.ros.org/tf/Errors%20explained
[route_server-12] [WARN] [1785623453.976238325] []: TF_OLD_DATA ignoring data from the past for frame base_link at time 36.900000 according to authority Authority undetectable
[route_server-12] Possible reasons are listed at http://wiki.ros.org/tf/Errors%20explained
[INFO] [lifecycle_manager-19]: sending signal 'SIGINT' to process[lifecycle_manager-19]
[INFO] [opennav_docking-18]: sending signal 'SIGINT' to process[opennav_docking-18]
[INFO] [collision_monitor-17]: sending signal 'SIGINT' to process[collision_monitor-17]
[INFO] [velocity_smoother-16]: sending signal 'SIGINT' to process[velocity_smoother-16]
[INFO] [waypoint_follower-15]: sending signal 'SIGINT' to process[waypoint_follower-15]
[INFO] [bt_navigator-14]: sending signal 'SIGINT' to process[bt_navigator-14]
[INFO] [behavior_server-13]: sending signal 'SIGINT' to process[behavior_server-13]
[INFO] [route_server-12]: sending signal 'SIGINT' to process[route_server-12]
[INFO] [planner_server-11]: sending signal 'SIGINT' to process[planner_server-11]
[INFO] [smoother_server-10]: sending signal 'SIGINT' to process[smoother_server-10]
[INFO] [controller_server-9]: sending signal 'SIGINT' to process[controller_server-9]
[INFO] [lifecycle_manager-8]: sending signal 'SIGINT' to process[lifecycle_manager-8]
[INFO] [amcl-7]: sending signal 'SIGINT' to process[amcl-7]
[INFO] [map_server-6]: sending signal 'SIGINT' to process[map_server-6]
[INFO] [robot_state_publisher-4]: sending signal 'SIGINT' to process[robot_state_publisher-4]
[INFO] [parameter_bridge-3]: sending signal 'SIGINT' to process[parameter_bridge-3]
[INFO] [gazebo-1]: sending signal 'SIGINT' to process[gazebo-1]
[controller_server-9] [WARN] [1785623453.984593620] []: TF_OLD_DATA ignoring data from the past for frame base_link at time 20.052000 according to authority Authority undetectable
[controller_server-9] Possible reasons are listed at http://wiki.ros.org/tf/Errors%20explained
[controller_server-9] [WARN] [1785623453.986859837] []: TF_OLD_DATA ignoring data from the past for frame base_link at time 4.320000 according to authority Authority undetectable
[controller_server-9] Possible reasons are listed at http://wiki.ros.org/tf/Errors%20explained
[collision_monitor-17] [WARN] [1785623453.984637116] []: TF_OLD_DATA ignoring data from the past for frame base_link at time 20.052000 according to authority Authority undetectable
[collision_monitor-17] Possible reasons are listed at http://wiki.ros.org/tf/Errors%20explained
[collision_monitor-17] [WARN] [1785623453.986978795] []: TF_OLD_DATA ignoring data from the past for frame base_link at time 4.320000 according to authority Authority undetectable
[collision_monitor-17] Possible reasons are listed at http://wiki.ros.org/tf/Errors%20explained
[amcl-7] [WARN] [1785623453.984674245] []: TF_OLD_DATA ignoring data from the past for frame base_link at time 20.052000 according to authority Authority undetectable
[amcl-7] Possible reasons are listed at http://wiki.ros.org/tf/Errors%20explained
[amcl-7] [WARN] [1785623453.986896404] []: TF_OLD_DATA ignoring data from the past for frame base_link at time 4.320000 according to authority Authority undetectable
[amcl-7] Possible reasons are listed at http://wiki.ros.org/tf/Errors%20explained
[opennav_docking-18] [WARN] [1785623453.984695279] []: TF_OLD_DATA ignoring data from the past for frame base_link at time 20.052000 according to authority Authority undetectable
[opennav_docking-18] Possible reasons are listed at http://wiki.ros.org/tf/Errors%20explained
[opennav_docking-18] [WARN] [1785623453.987035979] []: TF_OLD_DATA ignoring data from the past for frame base_link at time 4.320000 according to authority Authority undetectable
[opennav_docking-18] Possible reasons are listed at http://wiki.ros.org/tf/Errors%20explained
[route_server-12] [WARN] [1785623453.984726309] []: TF_OLD_DATA ignoring data from the past for frame base_link at time 20.052000 according to authority Authority undetectable
[route_server-12] Possible reasons are listed at http://wiki.ros.org/tf/Errors%20explained
[route_server-12] [WARN] [1785623453.986941802] []: TF_OLD_DATA ignoring data from the past for frame base_link at time 4.320000 according to authority Authority undetectable
[route_server-12] Possible reasons are listed at http://wiki.ros.org/tf/Errors%20explained
[planner_server-11] [WARN] [1785623453.984738232] []: TF_OLD_DATA ignoring data from the past for frame base_link at time 20.052000 according to authority Authority undetectable
[planner_server-11] Possible reasons are listed at http://wiki.ros.org/tf/Errors%20explained
[planner_server-11] [WARN] [1785623453.986904767] []: TF_OLD_DATA ignoring data from the past for frame base_link at time 4.320000 according to authority Authority undetectable
[planner_server-11] Possible reasons are listed at http://wiki.ros.org/tf/Errors%20explained
[bt_navigator-14] [WARN] [1785623453.985008406] []: TF_OLD_DATA ignoring data from the past for frame base_link at time 20.052000 according to authority Authority undetectable
[bt_navigator-14] Possible reasons are listed at http://wiki.ros.org/tf/Errors%20explained
[bt_navigator-14] [WARN] [1785623453.986916713] []: TF_OLD_DATA ignoring data from the past for frame base_link at time 4.320000 according to authority Authority undetectable
[bt_navigator-14] Possible reasons are listed at http://wiki.ros.org/tf/Errors%20explained
[smoother_server-10] [WARN] [1785623453.985055532] []: TF_OLD_DATA ignoring data from the past for frame base_link at time 20.052000 according to authority Authority undetectable
[smoother_server-10] Possible reasons are listed at http://wiki.ros.org/tf/Errors%20explained
[smoother_server-10] [WARN] [1785623453.986876748] []: TF_OLD_DATA ignoring data from the past for frame base_link at time 4.320000 according to authority Authority undetectable
[smoother_server-10] Possible reasons are listed at http://wiki.ros.org/tf/Errors%20explained
[behavior_server-13] [WARN] [1785623453.985100342] []: TF_OLD_DATA ignoring data from the past for frame base_link at time 20.052000 according to authority Authority undetectable
[behavior_server-13] Possible reasons are listed at http://wiki.ros.org/tf/Errors%20explained
[behavior_server-13] [WARN] [1785623453.986896576] []: TF_OLD_DATA ignoring data from the past for frame base_link at time 4.320000 according to authority Authority undetectable
[behavior_server-13] Possible reasons are listed at http://wiki.ros.org/tf/Errors%20explained
[lifecycle_manager-19] [INFO] [1785623453.990742583] [rclcpp]: signal_handler(SIGINT/SIGTERM)
[lifecycle_manager-19] [INFO] [1785623453.990809709] [lifecycle_manager_navigation]: Running Nav2 LifecycleManager rcl preshutdown (lifecycle_manager_navigation)
[lifecycle_manager-19] [INFO] [1785623453.990834445] [lifecycle_manager_navigation]: [34m[1mTerminating bond timer...[0m[0m
[opennav_docking-18] [INFO] [1785623453.993264573] [rclcpp]: signal_handler(SIGINT/SIGTERM)
[opennav_docking-18] [INFO] [1785623453.993376696] [docking_server]: Running Nav2 LifecycleNode rcl preshutdown (docking_server)
[opennav_docking-18] [INFO] [1785623453.993441986] [docking_server]: Deactivating docking_server
[collision_monitor-17] [INFO] [1785623453.995635581] [rclcpp]: signal_handler(SIGINT/SIGTERM)
[collision_monitor-17] [INFO] [1785623453.995805030] [collision_monitor]: Running Nav2 LifecycleNode rcl preshutdown (collision_monitor)
[collision_monitor-17] [INFO] [1785623453.995970054] [collision_monitor]: Deactivating
[collision_monitor-17] [INFO] [1785623453.996004134] [collision_monitor]: Destroying bond (collision_monitor) to lifecycle manager.
[velocity_smoother-16] [INFO] [1785623453.999231251] [rclcpp]: signal_handler(SIGINT/SIGTERM)
[velocity_smoother-16] [INFO] [1785623453.999347056] [velocity_smoother]: Running Nav2 LifecycleNode rcl preshutdown (velocity_smoother)
[velocity_smoother-16] [INFO] [1785623453.999403516] [velocity_smoother]: Deactivating
[velocity_smoother-16] [INFO] [1785623453.999423377] [velocity_smoother]: Destroying bond (velocity_smoother) to lifecycle manager.
[waypoint_follower-15] [INFO] [1785623454.001709023] [rclcpp]: signal_handler(SIGINT/SIGTERM)
[waypoint_follower-15] [INFO] [1785623454.001808121] [waypoint_follower]: Running Nav2 LifecycleNode rcl preshutdown (waypoint_follower)
[waypoint_follower-15] [INFO] [1785623454.001857593] [waypoint_follower]: Deactivating
[waypoint_follower-15] [INFO] [1785623454.001884094] [waypoint_follower]: Destroying bond (waypoint_follower) to lifecycle manager.
[bt_navigator-14] [INFO] [1785623454.004239225] [rclcpp]: signal_handler(SIGINT/SIGTERM)
[bt_navigator-14] [INFO] [1785623454.004369239] [bt_navigator]: Running Nav2 LifecycleNode rcl preshutdown (bt_navigator)
[bt_navigator-14] [INFO] [1785623454.004432531] [bt_navigator]: Deactivating
[bt_navigator-14] [INFO] [1785623454.004465145] [bt_navigator]: Destroying bond (bt_navigator) to lifecycle manager.
[opennav_docking-18] [INFO] [1785623454.006224197] [docking_server]: Destroying bond (docking_server) to lifecycle manager.
[behavior_server-13] [INFO] [1785623454.006445103] [rclcpp]: signal_handler(SIGINT/SIGTERM)
[behavior_server-13] [INFO] [1785623454.006545810] [behavior_server]: Running Nav2 LifecycleNode rcl preshutdown (behavior_server)
[behavior_server-13] [INFO] [1785623454.006638610] [behavior_server]: Deactivating
[behavior_server-13] [INFO] [1785623454.006671649] [behavior_server]: Destroying bond (behavior_server) to lifecycle manager.
[collision_monitor-17] [INFO] [1785623454.007214711] [collision_monitor]: Cleaning up
[collision_monitor-17] [INFO] [1785623454.007255511] [collision_monitor]: [FootprintApproach]: Destroying Polygon
[collision_monitor-17] [INFO] [1785623454.007276427] [collision_monitor]: [scan]: Destroying Scan
[route_server-12] [INFO] [1785623454.008377247] [rclcpp]: signal_handler(SIGINT/SIGTERM)
[route_server-12] [INFO] [1785623454.008506472] [route_server]: Running Nav2 LifecycleNode rcl preshutdown (route_server)
[route_server-12] [INFO] [1785623454.008593550] [route_server]: Deactivating
[route_server-12] [INFO] [1785623454.008622889] [route_server]: Destroying bond (route_server) to lifecycle manager.
[velocity_smoother-16] [INFO] [1785623454.009714256] [velocity_smoother]: Cleaning up
[velocity_smoother-16] [INFO] [1785623454.009751109] [velocity_smoother]: Destroying bond (velocity_smoother) to lifecycle manager.
[waypoint_follower-15] [INFO] [1785623454.012274734] [waypoint_follower]: Cleaning up
[smoother_server-10] [INFO] [1785623454.013010058] [rclcpp]: signal_handler(SIGINT/SIGTERM)
[smoother_server-10] [INFO] [1785623454.013094973] [smoother_server]: Running Nav2 LifecycleNode rcl preshutdown (smoother_server)
[smoother_server-10] [INFO] [1785623454.013168108] [smoother_server]: Deactivating
[smoother_server-10] [INFO] [1785623454.013224513] [smoother_server]: Deactivating smoother: constrained of type nav2_constrained_smoother::ConstrainedSmoother
[smoother_server-10] [INFO] [1785623454.013236002] [smoother_server]: Destroying bond (smoother_server) to lifecycle manager.
[bt_navigator-14] [INFO] [1785623454.014914710] [bt_navigator]: Cleaning up
[controller_server-9] [INFO] [1785623454.015345639] [rclcpp]: signal_handler(SIGINT/SIGTERM)
[controller_server-9] [INFO] [1785623454.015454293] [controller_server]: Running Nav2 LifecycleNode rcl preshutdown (controller_server)
[controller_server-9] [INFO] [1785623454.015528304] [controller_server]: Deactivating
[controller_server-9] [INFO] [1785623454.015549077] [controller_server]: Deactivating controller: FollowPath of type regulated_pure_pursuit_controller::RegulatedPurePursuitController
[controller_server-9] [INFO] [1785623454.015574499] [local_costmap.local_costmap]: Deactivating
[collision_monitor-17] [INFO] [1785623454.016852599] [collision_monitor]: Destroying bond (collision_monitor) to lifecycle manager.
[lifecycle_manager-8] [INFO] [1785623454.017281322] [rclcpp]: signal_handler(SIGINT/SIGTERM)
[lifecycle_manager-8] [INFO] [1785623454.017376139] [lifecycle_manager_localization]: Running Nav2 LifecycleManager rcl preshutdown (lifecycle_manager_localization)
[lifecycle_manager-8] [INFO] [1785623454.017406485] [lifecycle_manager_localization]: [34m[1mTerminating bond timer...[0m[0m
[opennav_docking-18] [INFO] [1785623454.017799239] [docking_server]: Cleaning up docking_server
[velocity_smoother-16] [INFO] [1785623454.018354832] [velocity_smoother]: Destroying
[behavior_server-13] [INFO] [1785623454.018958096] [behavior_server]: Cleaning up
[route_server-12] [INFO] [1785623454.018990810] [route_server]: Cleaning up
[smoother_server-10] [INFO] [1785623454.023606227] [smoother_server]: Cleaning up
[smoother_server-10] [INFO] [1785623454.023790436] [smoother_server]: Cleaning up smoother: constrained of type nav2_constrained_smoother::ConstrainedSmoother
[smoother_server-10] [WARN] [1785623454.024964532] []: TF_OLD_DATA ignoring data from the past for frame base_link at time 20.088000 according to authority Authority undetectable
[smoother_server-10] Possible reasons are listed at http://wiki.ros.org/tf/Errors%20explained
[controller_server-9] [WARN] [1785623454.024442510] []: TF_OLD_DATA ignoring data from the past for frame base_link at time 20.088000 according to authority Authority undetectable
[controller_server-9] Possible reasons are listed at http://wiki.ros.org/tf/Errors%20explained
[planner_server-11] [WARN] [1785623454.024606432] []: TF_OLD_DATA ignoring data from the past for frame base_link at time 20.088000 according to authority Authority undetectable
[planner_server-11] Possible reasons are listed at http://wiki.ros.org/tf/Errors%20explained
[collision_monitor-17] [INFO] [1785623454.028619487] [collision_monitor]: Destroying
[robot_state_publisher-4] [INFO] [1785623454.029159923] [rclcpp]: signal_handler(SIGINT/SIGTERM)
[behavior_server-13] [INFO] [1785623454.030366726] [behavior_server]: Destroying bond (behavior_server) to lifecycle manager.
[parameter_bridge-3] [INFO] [1785623454.030837546] [rclcpp]: signal_handler(SIGINT/SIGTERM)
[amcl-7] [INFO] [1785623454.036949421] [rclcpp]: signal_handler(SIGINT/SIGTERM)
[amcl-7] [INFO] [1785623454.037019679] [amcl]: Running Nav2 LifecycleNode rcl preshutdown (amcl)
[amcl-7] [INFO] [1785623454.037070903] [amcl]: Deactivating
[amcl-7] [INFO] [1785623454.037088883] [amcl]: Destroying bond (amcl) to lifecycle manager.
[route_server-12] [WARN] [1785623454.037521582] []: TF_OLD_DATA ignoring data from the past for frame base_link at time 20.088000 according to authority Authority undetectable
[route_server-12] Possible reasons are listed at http://wiki.ros.org/tf/Errors%20explained
[planner_server-11] [INFO] [1785623454.038486988] [rclcpp]: signal_handler(SIGINT/SIGTERM)
[planner_server-11] [INFO] [1785623454.038539915] [planner_server]: Running Nav2 LifecycleNode rcl preshutdown (planner_server)
[planner_server-11] [INFO] [1785623454.038586909] [planner_server]: Deactivating
[planner_server-11] [INFO] [1785623454.038612237] [global_costmap.global_costmap]: Deactivating
[map_server-6] [INFO] [1785623454.038614382] [rclcpp]: signal_handler(SIGINT/SIGTERM)
[map_server-6] [INFO] [1785623454.038696859] [map_server]: Running Nav2 LifecycleNode rcl preshutdown (map_server)
[map_server-6] [INFO] [1785623454.038749296] [map_server]: Deactivating
[map_server-6] [INFO] [1785623454.038769481] [map_server]: Destroying bond (map_server) to lifecycle manager.
[amcl-7] [WARN] [1785623454.041041788] []: TF_OLD_DATA ignoring data from the past for frame base_link at time 20.088000 according to authority Authority undetectable
[amcl-7] Possible reasons are listed at http://wiki.ros.org/tf/Errors%20explained
[smoother_server-10] [INFO] [1785623454.041307247] [smoother_server]: Destroying bond (smoother_server) to lifecycle manager.
[waypoint_follower-15] [INFO] [1785623454.043922835] [waypoint_follower]: Destroying bond (waypoint_follower) to lifecycle manager.
[amcl-7] [INFO] [1785623454.047366593] [amcl]: Cleaning up
[waypoint_follower-15] [INFO] [1785623454.047733656] [waypoint_follower]: Destroying
[map_server-6] [INFO] [1785623454.048962134] [map_server]: Cleaning up
[map_server-6] [INFO] [1785623454.049020158] [map_server]: Destroying bond (map_server) to lifecycle manager.
[controller_server-9] [INFO] [1785623454.050422762] [controller_server]: Destroying bond (controller_server) to lifecycle manager.
[smoother_server-10] [INFO] [1785623454.060228176] [smoother_server]: Destroying
[opennav_docking-18] [INFO] [1785623454.060449231] [docking_server]: Destroying bond (docking_server) to lifecycle manager.
[controller_server-9] [INFO] [1785623454.060856469] [controller_server]: Cleaning up
[controller_server-9] [INFO] [1785623454.060890600] [controller_server]: Cleaning up controller: FollowPath of type regulated_pure_pursuit_controller::RegulatedPurePursuitController
[controller_server-9] [INFO] [1785623454.060954061] [local_costmap.local_costmap]: Cleaning up
[route_server-12] [INFO] [1785623454.068509142] [route_server]: Destroying bond (route_server) to lifecycle manager.
[lifecycle_manager-8] [INFO] [1785623454.071795064] [lifecycle_manager_localization]: Destroying lifecycle_manager_localization
[opennav_docking-18] [INFO] [1785623454.071804749] [docking_server]: Destroying
[amcl-7] [INFO] [1785623454.072929100] [amcl]: Destroying bond (amcl) to lifecycle manager.
[map_server-6] [INFO] [1785623454.073964737] [map_server]: Destroying
[route_server-12] [INFO] [1785623454.077994972] [route_server]: Destroying
[amcl-7] [INFO] [1785623454.089978908] [amcl]: Destroying
[behavior_server-13] [INFO] [1785623454.096263499] [behavior_server]: Destroying
[controller_server-9] [INFO] [1785623454.110078183] [controller_server]: Destroying bond (controller_server) to lifecycle manager.
[controller_server-9] [INFO] [1785623454.112528233] [local_costmap.local_costmap]: Destroying
[controller_server-9] [INFO] [1785623454.116859861] [controller_server]: Destroying
[bt_navigator-14] [INFO] [1785623454.129678280] [bt_navigator]: Completed Cleaning up
[bt_navigator-14] [INFO] [1785623454.129723606] [bt_navigator]: Destroying bond (bt_navigator) to lifecycle manager.
[bt_navigator-14] [INFO] [1785623454.134435870] [bt_navigator]: Destroying
[lifecycle_manager-19] [INFO] [1785623454.160304546] [lifecycle_manager_navigation]: Destroying lifecycle_manager_navigation
[INFO] [velocity_smoother-16]: process has finished cleanly [pid 159073]
[INFO] [robot_state_publisher-4]: process has finished cleanly [pid 158858]
[INFO] [collision_monitor-17]: process has finished cleanly [pid 159074]
[INFO] [parameter_bridge-3]: process has finished cleanly [pid 158856]
[INFO] [waypoint_follower-15]: process has finished cleanly [pid 159070]
[INFO] [opennav_docking-18]: process has finished cleanly [pid 159083]
[INFO] [smoother_server-10]: process has finished cleanly [pid 159063]
[INFO] [map_server-6]: process has finished cleanly [pid 159059]
[INFO] [lifecycle_manager-8]: process has finished cleanly [pid 159061]
[INFO] [route_server-12]: process has finished cleanly [pid 159065]
[INFO] [amcl-7]: process has finished cleanly [pid 159060]
[INFO] [behavior_server-13]: process has finished cleanly [pid 159066]
[INFO] [controller_server-9]: process has finished cleanly [pid 159062]
[INFO] [bt_navigator-14]: process has finished cleanly [pid 159069]
[planner_server-11] [INFO] [1785623454.265934192] [planner_server]: Deactivating plugin Smac2D of type SmacPlanner2D
[planner_server-11] [INFO] [1785623454.265982344] [planner_server]: Deactivating plugin ThetaStar of type nav2_theta_star_planner
[planner_server-11] [INFO] [1785623454.265990530] [planner_server]: Deactivating plugin SmacHybrid of type SmacPlannerHybrid
[planner_server-11] [INFO] [1785623454.265997747] [planner_server]: Deactivating plugin NavFnDijkstra of type NavfnPlanner
[planner_server-11] [INFO] [1785623454.266004867] [planner_server]: Deactivating plugin NavFnAStar of type NavfnPlanner
[planner_server-11] [INFO] [1785623454.266016425] [planner_server]: Destroying bond (planner_server) to lifecycle manager.
[planner_server-11] [INFO] [1785623454.276275002] [planner_server]: Cleaning up
[INFO] [lifecycle_manager-19]: process has finished cleanly [pid 159088]
[planner_server-11] [INFO] [1785623454.282451163] [global_costmap.global_costmap]: Cleaning up
[planner_server-11] [INFO] [1785623454.284527420] [planner_server]: Cleaning up plugin Smac2D of type SmacPlanner2D
[planner_server-11] [INFO] [1785623454.284794869] [planner_server]: CleaningUp plugin ThetaStar of type nav2_theta_star_planner
[planner_server-11] [INFO] [1785623454.284842318] [planner_server]: Cleaning up plugin SmacHybrid of type SmacPlannerHybrid
[planner_server-11] [INFO] [1785623454.285018274] [planner_server]: Cleaning up plugin NavFnDijkstra of type NavfnPlanner
[planner_server-11] [INFO] [1785623454.285242045] [planner_server]: Cleaning up plugin NavFnAStar of type NavfnPlanner
[planner_server-11] [INFO] [1785623454.285255948] [planner_server]: Destroying plugin Smac2D of type SmacPlanner2D
[planner_server-11] [INFO] [1785623454.285273816] [planner_server]: Destroying plugin SmacHybrid of type SmacPlannerHybrid
[planner_server-11] [INFO] [1785623454.285283344] [planner_server]: Destroying plugin NavFnDijkstra of type NavfnPlanner
[planner_server-11] [INFO] [1785623454.285286750] [planner_server]: Destroying plugin NavFnAStar of type NavfnPlanner
[planner_server-11] [INFO] [1785623454.289049458] [planner_server]: Destroying bond (planner_server) to lifecycle manager.
[planner_server-11] [INFO] [1785623454.291833138] [global_costmap.global_costmap]: Destroying
[planner_server-11] [INFO] [1785623454.294686260] [planner_server]: Destroying
[INFO] [planner_server-11]: process has finished cleanly [pid 159064]
[ERROR] [gazebo-1]: process[gazebo-1] failed to terminate '5' seconds after receiving 'SIGINT', escalating to 'SIGTERM'
[INFO] [gazebo-1]: sending signal 'SIGTERM' to process[gazebo-1]
[ERROR] [gazebo-1]: process has died [pid 158854, exit code -15, cmd 'ruby /opt/ros/jazzy/opt/gz_tools_vendor/bin/gz sim -r -s -v 3 --initial-sim-time 0.0 /home/linh-pham/agv_nav2_research_ws_bao/install/vacuum_robot_gazebo/share/vacuum_robot_gazebo/worlds/open_arena.sdf --force-version 8'].
