trial,t,v,w
reset,356.004,0.0,0.0
reset,356.055,0.0,0.0
reset,356.106,0.0,0.0
reset,356.157,0.0,0.0
reset,356.208,0.0,0.0
reset,356.259,0.0,0.0
reset,356.31,0.0,0.0
reset,356.361,0.0,0.0
reset,356.412,0.0,0.0
reset,356.463,0.0,0.0
reset,356.514,0.0,0.0
reset,356.565,0.0,0.0
reset,356.616,0.0,0.0
reset,356.667,0.0,0.0
reset,356.718,0.0,0.0
reset,356.769,0.0,0.0
reset,356.82,0.0,0.0
reset,356.871,0.0,0.0
reset,356.922,0.0,0.0
reset,356.973,0.0,0.0
reset,357.006,0.0,0.0
reset,357.177,0.0,0.0
reset,357.228,0.0,0.0
reset,357.279,0.0,0.0
reset,357.33,0.0,0.0
reset,357.381,0.0,0.0
reset,357.432,0.0,0.0
reset,357.483,0.0,0.0
reset,357.534,0.0,0.0
reset,357.585,0.0,0.0
reset,357.636,0.0,0.0
reset,357.687,0.0,0.0
reset,357.738,0.0,0.0
reset,357.789,0.0,0.0
reset,357.84,0.0,0.0
reset,357.891,0.0,0.0
reset,357.942,0.0,0.0
reset,357.993,0.0,0.0
reset,358.044,0.0,0.0
reset,358.095,0.0,0.0
reset,358.146,0.0,0.0
reset,358.197,0.0,0.0
reset,358.248,0.0,0.0
reset,358.299,0.0,0.0
reset,358.35,0.0,0.0
reset,358.401,0.0,0.0
reset,358.452,0.0,0.0
reset,358.503,0.0,0.0
forward_1,358.506,0.0,0.0
forward_1,358.557,0.0,0.0
forward_1,358.608,0.0,0.0
forward_1,358.659,0.0,0.0
forward_1,358.71,0.0,0.0
forward_1,358.761,0.0,0.0
forward_1,358.812,0.0,0.0
forward_1,358.863,0.0,0.0
forward_1,358.914,0.0,0.0
forward_1,358.965,0.0,0.0
forward_1,359.016,0.0,0.0
forward_1,359.067,0.0,0.0
forward_1,359.118,0.0,0.0
forward_1,359.169,0.0,0.0
forward_1,359.22,0.0,0.0
forward_1,359.271,0.0,0.0
forward_1,359.322,0.0,0.0
forward_1,359.373,0.0,0.0
forward_1,359.424,0.0,0.0
forward_1,359.475,0.0,0.0
forward_1,359.508,0.2,0.0
forward_1,359.559,0.2,0.0
forward_1,359.61,0.2,0.0
forward_1,359.661,0.2,0.0
forward_1,359.712,0.2,0.0
forward_1,359.763,0.2,0.0
forward_1,359.814,0.2,0.0
forward_1,359.865,0.2,0.0
forward_1,359.916,0.2,0.0
forward_1,359.967,0.2,0.0
forward_1,360.018,0.2,0.0
forward_1,360.069,0.2,0.0
forward_1,360.12,0.2,0.0
forward_1,360.171,0.2,0.0
forward_1,360.222,0.2,0.0
forward_1,360.273,0.2,0.0
forward_1,360.324,0.2,0.0
forward_1,360.375,0.2,0.0
forward_1,360.426,0.2,0.0
forward_1,360.477,0.2,0.0
forward_1,360.528,0.2,0.0
forward_1,360.579,0.2,0.0
forward_1,360.63,0.2,0.0
forward_1,360.681,0.2,0.0
forward_1,360.732,0.2,0.0
forward_1,360.783,0.2,0.0
forward_1,360.834,0.2,0.0
forward_1,360.885,0.2,0.0
forward_1,360.936,0.2,0.0
forward_1,360.987,0.2,0.0
forward_1,361.038,0.2,0.0
forward_1,361.089,0.2,0.0
forward_1,361.14,0.2,0.0
forward_1,361.191,0.2,0.0
forward_1,361.242,0.2,0.0
forward_1,361.293,0.2,0.0
forward_1,361.344,0.2,0.0
forward_1,361.395,0.2,0.0
forward_1,361.446,0.2,0.0
forward_1,361.497,0.2,0.0
forward_1,361.548,0.2,0.0
forward_1,361.599,0.2,0.0
forward_1,361.65,0.2,0.0
forward_1,361.701,0.2,0.0
forward_1,361.752,0.2,0.0
forward_1,361.803,0.2,0.0
forward_1,361.854,0.2,0.0
forward_1,361.905,0.2,0.0
forward_1,361.956,0.2,0.0
forward_1,362.007,0.2,0.0
forward_1,362.058,0.2,0.0
forward_1,362.109,0.2,0.0
forward_1,362.16,0.2,0.0
forward_1,362.211,0.2,0.0
forward_1,362.262,0.2,0.0
forward_1,362.313,0.2,0.0
forward_1,362.364,0.2,0.0
forward_1,362.415,0.2,0.0
forward_1,362.466,0.2,0.0
forward_1,362.517,0.2,0.0
forward_1,362.568,0.2,0.0
forward_1,362.619,0.2,0.0
forward_1,362.67,0.2,0.0
forward_1,362.721,0.2,0.0
forward_1,362.772,0.2,0.0
forward_1,362.823,0.2,0.0
forward_1,362.874,0.2,0.0
forward_1,362.925,0.2,0.0
forward_1,362.976,0.2,0.0
forward_1,363.027,0.2,0.0
forward_1,363.078,0.2,0.0
forward_1,363.129,0.2,0.0
forward_1,363.18,0.2,0.0
forward_1,363.231,0.2,0.0
forward_1,363.282,0.2,0.0
forward_1,363.333,0.2,0.0
forward_1,363.384,0.2,0.0
forward_1,363.435,0.2,0.0
forward_1,363.486,0.2,0.0
forward_1,363.537,0.2,0.0
forward_1,363.588,0.2,0.0
forward_1,363.639,0.2,0.0
forward_1,363.69,0.2,0.0
forward_1,363.741,0.2,0.0
forward_1,363.792,0.2,0.0
forward_1,363.843,0.2,0.0
forward_1,363.894,0.2,0.0
forward_1,363.945,0.2,0.0
forward_1,363.996,0.2,0.0
forward_1,364.047,0.2,0.0
forward_1,364.098,0.2,0.0
forward_1,364.149,0.2,0.0
forward_1,364.2,0.2,0.0
forward_1,364.251,0.2,0.0
forward_1,364.302,0.2,0.0
forward_1,364.353,0.2,0.0
forward_1,364.404,0.2,0.0
forward_1,364.455,0.2,0.0
forward_1,364.506,0.2,0.0
forward_1,364.509,0.0,0.0
forward_1,364.56,0.0,0.0
forward_1,364.611,0.0,0.0
forward_1,364.662,0.0,0.0
forward_1,364.713,0.0,0.0
forward_1,364.764,0.0,0.0
forward_1,364.815,0.0,0.0
forward_1,364.866,0.0,0.0
forward_1,364.917,0.0,0.0
forward_1,364.968,0.0,0.0
forward_1,365.019,0.0,0.0
forward_1,365.07,0.0,0.0
forward_1,365.121,0.0,0.0
forward_1,365.172,0.0,0.0
forward_1,365.223,0.0,0.0
forward_1,365.274,0.0,0.0
forward_1,365.325,0.0,0.0
forward_1,365.376,0.0,0.0
forward_1,365.427,0.0,0.0
forward_1,365.478,0.0,0.0
forward_1,365.529,0.0,0.0
forward_1,365.58,0.0,0.0
forward_1,365.631,0.0,0.0
forward_1,365.682,0.0,0.0
forward_1,365.733,0.0,0.0
forward_1,365.784,0.0,0.0
forward_1,365.835,0.0,0.0
forward_1,365.886,0.0,0.0
forward_1,365.937,0.0,0.0
forward_1,365.988,0.0,0.0
forward_1,366.039,0.0,0.0
forward_1,366.09,0.0,0.0
forward_1,366.141,0.0,0.0
forward_1,366.192,0.0,0.0
forward_1,366.243,0.0,0.0
forward_1,366.294,0.0,0.0
forward_1,366.345,0.0,0.0
forward_1,366.396,0.0,0.0
forward_1,366.447,0.0,0.0
forward_1,366.498,0.0,0.0
forward_1,366.549,0.0,0.0
forward_1,366.6,0.0,0.0
forward_1,366.651,0.0,0.0
forward_1,366.702,0.0,0.0
forward_1,366.753,0.0,0.0
forward_1,366.804,0.0,0.0
forward_1,366.855,0.0,0.0
forward_1,366.906,0.0,0.0
forward_1,366.957,0.0,0.0
forward_1,367.008,0.0,0.0
forward_1,367.059,0.0,0.0
forward_1,367.11,0.0,0.0
forward_1,367.161,0.0,0.0
forward_1,367.212,0.0,0.0
forward_1,367.263,0.0,0.0
forward_1,367.314,0.0,0.0
forward_1,367.365,0.0,0.0
forward_1,367.416,0.0,0.0
forward_1,367.467,0.0,0.0
reset,367.509,0.0,0.0
reset,367.56,0.0,0.0
reset,367.611,0.0,0.0
reset,367.662,0.0,0.0
reset,367.713,0.0,0.0
reset,367.764,0.0,0.0
reset,367.815,0.0,0.0
reset,367.866,0.0,0.0
reset,367.917,0.0,0.0
reset,367.968,0.0,0.0
reset,368.019,0.0,0.0
reset,368.07,0.0,0.0
reset,368.121,0.0,0.0
reset,368.172,0.0,0.0
reset,368.223,0.0,0.0
reset,368.274,0.0,0.0
reset,368.325,0.0,0.0
reset,368.376,0.0,0.0
reset,368.427,0.0,0.0
reset,368.478,0.0,0.0
reset,368.511,0.0,0.0
reset,368.685,0.0,0.0
reset,368.736,0.0,0.0
reset,368.787,0.0,0.0
reset,368.838,0.0,0.0
reset,368.889,0.0,0.0
reset,368.94,0.0,0.0
reset,368.991,0.0,0.0
reset,369.042,0.0,0.0
reset,369.093,0.0,0.0
reset,369.144,0.0,0.0
reset,369.195,0.0,0.0
reset,369.246,0.0,0.0
reset,369.297,0.0,0.0
reset,369.348,0.0,0.0
reset,369.399,0.0,0.0
reset,369.45,0.0,0.0
reset,369.501,0.0,0.0
reset,369.552,0.0,0.0
reset,369.603,0.0,0.0
reset,369.654,0.0,0.0
reset,369.705,0.0,0.0
reset,369.756,0.0,0.0
reset,369.807,0.0,0.0
reset,369.858,0.0,0.0
reset,369.909,0.0,0.0
reset,369.96,0.0,0.0
reset,370.011,0.0,0.0
reverse_1,370.011,0.0,0.0
reverse_1,370.062,0.0,0.0
reverse_1,370.113,0.0,0.0
reverse_1,370.164,0.0,0.0
reverse_1,370.215,0.0,0.0
reverse_1,370.266,0.0,0.0
reverse_1,370.317,0.0,0.0
reverse_1,370.368,0.0,0.0
reverse_1,370.419,0.0,0.0
reverse_1,370.47,0.0,0.0
reverse_1,370.521,0.0,0.0
reverse_1,370.572,0.0,0.0
reverse_1,370.623,0.0,0.0
reverse_1,370.674,0.0,0.0
reverse_1,370.725,0.0,0.0
reverse_1,370.776,0.0,0.0
reverse_1,370.827,0.0,0.0
reverse_1,370.878,0.0,0.0
reverse_1,370.929,0.0,0.0
reverse_1,370.98,0.0,0.0
reverse_1,371.013,-0.2,0.0
reverse_1,371.064,-0.2,0.0
reverse_1,371.115,-0.2,0.0
reverse_1,371.166,-0.2,0.0
reverse_1,371.217,-0.2,0.0
reverse_1,371.268,-0.2,0.0
reverse_1,371.319,-0.2,0.0
reverse_1,371.37,-0.2,0.0
reverse_1,371.421,-0.2,0.0
reverse_1,371.472,-0.2,0.0
reverse_1,371.523,-0.2,0.0
reverse_1,371.574,-0.2,0.0
reverse_1,371.625,-0.2,0.0
reverse_1,371.676,-0.2,0.0
reverse_1,371.727,-0.2,0.0
reverse_1,371.778,-0.2,0.0
reverse_1,371.829,-0.2,0.0
reverse_1,371.88,-0.2,0.0
reverse_1,371.931,-0.2,0.0
reverse_1,371.982,-0.2,0.0
reverse_1,372.033,-0.2,0.0
reverse_1,372.084,-0.2,0.0
reverse_1,372.135,-0.2,0.0
reverse_1,372.186,-0.2,0.0
reverse_1,372.237,-0.2,0.0
reverse_1,372.288,-0.2,0.0
reverse_1,372.339,-0.2,0.0
reverse_1,372.39,-0.2,0.0
reverse_1,372.441,-0.2,0.0
reverse_1,372.492,-0.2,0.0
reverse_1,372.543,-0.2,0.0
reverse_1,372.594,-0.2,0.0
reverse_1,372.645,-0.2,0.0
reverse_1,372.696,-0.2,0.0
reverse_1,372.747,-0.2,0.0
reverse_1,372.798,-0.2,0.0
reverse_1,372.849,-0.2,0.0
reverse_1,372.9,-0.2,0.0
reverse_1,372.951,-0.2,0.0
reverse_1,373.002,-0.2,0.0
reverse_1,373.053,-0.2,0.0
reverse_1,373.104,-0.2,0.0
reverse_1,373.155,-0.2,0.0
reverse_1,373.206,-0.2,0.0
reverse_1,373.257,-0.2,0.0
reverse_1,373.308,-0.2,0.0
reverse_1,373.359,-0.2,0.0
reverse_1,373.41,-0.2,0.0
reverse_1,373.461,-0.2,0.0
reverse_1,373.512,-0.2,0.0
reverse_1,373.563,-0.2,0.0
reverse_1,373.614,-0.2,0.0
reverse_1,373.665,-0.2,0.0
reverse_1,373.716,-0.2,0.0
reverse_1,373.767,-0.2,0.0
reverse_1,373.818,-0.2,0.0
reverse_1,373.869,-0.2,0.0
reverse_1,373.92,-0.2,0.0
reverse_1,373.971,-0.2,0.0
reverse_1,374.022,-0.2,0.0
reverse_1,374.073,-0.2,0.0
reverse_1,374.124,-0.2,0.0
reverse_1,374.175,-0.2,0.0
reverse_1,374.226,-0.2,0.0
reverse_1,374.277,-0.2,0.0
reverse_1,374.328,-0.2,0.0
reverse_1,374.379,-0.2,0.0
reverse_1,374.43,-0.2,0.0
reverse_1,374.481,-0.2,0.0
reverse_1,374.532,-0.2,0.0
reverse_1,374.583,-0.2,0.0
reverse_1,374.634,-0.2,0.0
reverse_1,374.685,-0.2,0.0
reverse_1,374.736,-0.2,0.0
reverse_1,374.787,-0.2,0.0
reverse_1,374.838,-0.2,0.0
reverse_1,374.889,-0.2,0.0
reverse_1,374.94,-0.2,0.0
reverse_1,374.991,-0.2,0.0
reverse_1,375.042,-0.2,0.0
reverse_1,375.093,-0.2,0.0
reverse_1,375.144,-0.2,0.0
reverse_1,375.195,-0.2,0.0
reverse_1,375.246,-0.2,0.0
reverse_1,375.297,-0.2,0.0
reverse_1,375.348,-0.2,0.0
reverse_1,375.399,-0.2,0.0
reverse_1,375.45,-0.2,0.0
reverse_1,375.501,-0.2,0.0
reverse_1,375.552,-0.2,0.0
reverse_1,375.603,-0.2,0.0
reverse_1,375.654,-0.2,0.0
reverse_1,375.705,-0.2,0.0
reverse_1,375.756,-0.2,0.0
reverse_1,375.807,-0.2,0.0
reverse_1,375.858,-0.2,0.0
reverse_1,375.909,-0.2,0.0
reverse_1,375.96,-0.2,0.0
reverse_1,376.011,-0.2,0.0
reverse_1,376.014,0.0,0.0
reverse_1,376.065,0.0,0.0
reverse_1,376.116,0.0,0.0
reverse_1,376.167,0.0,0.0
reverse_1,376.218,0.0,0.0
reverse_1,376.269,0.0,0.0
reverse_1,376.32,0.0,0.0
reverse_1,376.371,0.0,0.0
reverse_1,376.422,0.0,0.0
reverse_1,376.473,0.0,0.0
reverse_1,376.524,0.0,0.0
reverse_1,376.575,0.0,0.0
reverse_1,376.626,0.0,0.0
reverse_1,376.677,0.0,0.0
reverse_1,376.728,0.0,0.0
reverse_1,376.779,0.0,0.0
reverse_1,376.83,0.0,0.0
reverse_1,376.881,0.0,0.0
reverse_1,376.932,0.0,0.0
reverse_1,376.983,0.0,0.0
reverse_1,377.034,0.0,0.0
reverse_1,377.085,0.0,0.0
reverse_1,377.136,0.0,0.0
reverse_1,377.187,0.0,0.0
reverse_1,377.238,0.0,0.0
reverse_1,377.289,0.0,0.0
reverse_1,377.34,0.0,0.0
reverse_1,377.391,0.0,0.0
reverse_1,377.442,0.0,0.0
reverse_1,377.493,0.0,0.0
reverse_1,377.544,0.0,0.0
reverse_1,377.595,0.0,0.0
reverse_1,377.646,0.0,0.0
reverse_1,377.697,0.0,0.0
reverse_1,377.748,0.0,0.0
reverse_1,377.799,0.0,0.0
reverse_1,377.85,0.0,0.0
reverse_1,377.901,0.0,0.0
reverse_1,377.952,0.0,0.0
reverse_1,378.003,0.0,0.0
reverse_1,378.054,0.0,0.0
reverse_1,378.105,0.0,0.0
reverse_1,378.156,0.0,0.0
reverse_1,378.207,0.0,0.0
reverse_1,378.258,0.0,0.0
reverse_1,378.309,0.0,0.0
reverse_1,378.36,0.0,0.0
reverse_1,378.411,0.0,0.0
reverse_1,378.462,0.0,0.0
reverse_1,378.513,0.0,0.0
reverse_1,378.564,0.0,0.0
reverse_1,378.615,0.0,0.0
reverse_1,378.666,0.0,0.0
reverse_1,378.717,0.0,0.0
reverse_1,378.768,0.0,0.0
reverse_1,378.819,0.0,0.0
reverse_1,378.87,0.0,0.0
reverse_1,378.921,0.0,0.0
reverse_1,378.972,0.0,0.0
reset,379.014,0.0,0.0
reset,379.065,0.0,0.0
reset,379.116,0.0,0.0
reset,379.167,0.0,0.0
reset,379.218,0.0,0.0
reset,379.269,0.0,0.0
reset,379.32,0.0,0.0
reset,379.371,0.0,0.0
reset,379.422,0.0,0.0
reset,379.473,0.0,0.0
reset,379.524,0.0,0.0
reset,379.575,0.0,0.0
reset,379.626,0.0,0.0
reset,379.677,0.0,0.0
reset,379.728,0.0,0.0
reset,379.779,0.0,0.0
reset,379.83,0.0,0.0
reset,379.881,0.0,0.0
reset,379.932,0.0,0.0
reset,379.983,0.0,0.0
reset,380.016,0.0,0.0
reset,380.205,0.0,0.0
reset,380.256,0.0,0.0
reset,380.307,0.0,0.0
reset,380.358,0.0,0.0
reset,380.409,0.0,0.0
reset,380.46,0.0,0.0
reset,380.511,0.0,0.0
reset,380.562,0.0,0.0
reset,380.613,0.0,0.0
reset,380.664,0.0,0.0
reset,380.715,0.0,0.0
reset,380.766,0.0,0.0
reset,380.817,0.0,0.0
reset,380.868,0.0,0.0
reset,380.919,0.0,0.0
reset,380.97,0.0,0.0
reset,381.021,0.0,0.0
reset,381.072,0.0,0.0
reset,381.123,0.0,0.0
reset,381.174,0.0,0.0
reset,381.225,0.0,0.0
reset,381.276,0.0,0.0
reset,381.327,0.0,0.0
reset,381.378,0.0,0.0
reset,381.429,0.0,0.0
reset,381.48,0.0,0.0
pivot_ccw_1,381.516,0.0,0.0
pivot_ccw_1,381.567,0.0,0.0
pivot_ccw_1,381.618,0.0,0.0
pivot_ccw_1,381.669,0.0,0.0
pivot_ccw_1,381.72,0.0,0.0
pivot_ccw_1,381.771,0.0,0.0
pivot_ccw_1,381.822,0.0,0.0
pivot_ccw_1,381.873,0.0,0.0
pivot_ccw_1,381.924,0.0,0.0
pivot_ccw_1,381.975,0.0,0.0
pivot_ccw_1,382.026,0.0,0.0
pivot_ccw_1,382.077,0.0,0.0
pivot_ccw_1,382.128,0.0,0.0
pivot_ccw_1,382.179,0.0,0.0
pivot_ccw_1,382.23,0.0,0.0
pivot_ccw_1,382.281,0.0,0.0
pivot_ccw_1,382.332,0.0,0.0
pivot_ccw_1,382.383,0.0,0.0
pivot_ccw_1,382.434,0.0,0.0
pivot_ccw_1,382.485,0.0,0.0
pivot_ccw_1,382.518,0.0,0.5
pivot_ccw_1,382.569,0.0,0.5
pivot_ccw_1,382.62,0.0,0.5
pivot_ccw_1,382.671,0.0,0.5
pivot_ccw_1,382.722,0.0,0.5
pivot_ccw_1,382.773,0.0,0.5
pivot_ccw_1,382.824,0.0,0.5
pivot_ccw_1,382.875,0.0,0.5
pivot_ccw_1,382.926,0.0,0.5
pivot_ccw_1,382.977,0.0,0.5
pivot_ccw_1,383.028,0.0,0.5
pivot_ccw_1,383.079,0.0,0.5
pivot_ccw_1,383.13,0.0,0.5
pivot_ccw_1,383.181,0.0,0.5
pivot_ccw_1,383.232,0.0,0.5
pivot_ccw_1,383.283,0.0,0.5
pivot_ccw_1,383.334,0.0,0.5
pivot_ccw_1,383.385,0.0,0.5
pivot_ccw_1,383.436,0.0,0.5
pivot_ccw_1,383.487,0.0,0.5
pivot_ccw_1,383.538,0.0,0.5
pivot_ccw_1,383.589,0.0,0.5
pivot_ccw_1,383.64,0.0,0.5
pivot_ccw_1,383.691,0.0,0.5
pivot_ccw_1,383.742,0.0,0.5
pivot_ccw_1,383.793,0.0,0.5
pivot_ccw_1,383.844,0.0,0.5
pivot_ccw_1,383.895,0.0,0.5
pivot_ccw_1,383.946,0.0,0.5
pivot_ccw_1,383.997,0.0,0.5
pivot_ccw_1,384.048,0.0,0.5
pivot_ccw_1,384.099,0.0,0.5
pivot_ccw_1,384.15,0.0,0.5
pivot_ccw_1,384.201,0.0,0.5
pivot_ccw_1,384.252,0.0,0.5
pivot_ccw_1,384.303,0.0,0.5
pivot_ccw_1,384.354,0.0,0.5
pivot_ccw_1,384.405,0.0,0.5
pivot_ccw_1,384.456,0.0,0.5
pivot_ccw_1,384.507,0.0,0.5
pivot_ccw_1,384.558,0.0,0.5
pivot_ccw_1,384.609,0.0,0.5
pivot_ccw_1,384.66,0.0,0.5
pivot_ccw_1,384.711,0.0,0.5
pivot_ccw_1,384.762,0.0,0.5
pivot_ccw_1,384.813,0.0,0.5
pivot_ccw_1,384.864,0.0,0.5
pivot_ccw_1,384.915,0.0,0.5
pivot_ccw_1,384.966,0.0,0.5
pivot_ccw_1,385.017,0.0,0.5
pivot_ccw_1,385.068,0.0,0.5
pivot_ccw_1,385.119,0.0,0.5
pivot_ccw_1,385.17,0.0,0.5
pivot_ccw_1,385.221,0.0,0.5
pivot_ccw_1,385.272,0.0,0.5
pivot_ccw_1,385.323,0.0,0.5
pivot_ccw_1,385.374,0.0,0.5
pivot_ccw_1,385.425,0.0,0.5
pivot_ccw_1,385.476,0.0,0.5
pivot_ccw_1,385.527,0.0,0.5
pivot_ccw_1,385.578,0.0,0.5
pivot_ccw_1,385.629,0.0,0.5
pivot_ccw_1,385.68,0.0,0.5
pivot_ccw_1,385.731,0.0,0.5
pivot_ccw_1,385.782,0.0,0.5
pivot_ccw_1,385.833,0.0,0.5
pivot_ccw_1,385.884,0.0,0.5
pivot_ccw_1,385.935,0.0,0.5
pivot_ccw_1,385.986,0.0,0.5
pivot_ccw_1,386.037,0.0,0.5
pivot_ccw_1,386.088,0.0,0.5
pivot_ccw_1,386.139,0.0,0.5
pivot_ccw_1,386.19,0.0,0.5
pivot_ccw_1,386.241,0.0,0.5
pivot_ccw_1,386.292,0.0,0.5
pivot_ccw_1,386.343,0.0,0.5
pivot_ccw_1,386.394,0.0,0.5
pivot_ccw_1,386.445,0.0,0.5
pivot_ccw_1,386.496,0.0,0.5
pivot_ccw_1,386.547,0.0,0.5
pivot_ccw_1,386.598,0.0,0.5
pivot_ccw_1,386.649,0.0,0.5
pivot_ccw_1,386.7,0.0,0.5
pivot_ccw_1,386.751,0.0,0.5
pivot_ccw_1,386.802,0.0,0.5
pivot_ccw_1,386.853,0.0,0.5
pivot_ccw_1,386.904,0.0,0.5
pivot_ccw_1,386.955,0.0,0.5
pivot_ccw_1,387.006,0.0,0.5
pivot_ccw_1,387.057,0.0,0.5
pivot_ccw_1,387.108,0.0,0.5
pivot_ccw_1,387.159,0.0,0.5
pivot_ccw_1,387.21,0.0,0.5
pivot_ccw_1,387.261,0.0,0.5
pivot_ccw_1,387.312,0.0,0.5
pivot_ccw_1,387.363,0.0,0.5
pivot_ccw_1,387.414,0.0,0.5
pivot_ccw_1,387.465,0.0,0.5
pivot_ccw_1,387.516,0.0,0.5
pivot_ccw_1,387.519,0.0,0.0
pivot_ccw_1,387.57,0.0,0.0
pivot_ccw_1,387.621,0.0,0.0
pivot_ccw_1,387.672,0.0,0.0
pivot_ccw_1,387.723,0.0,0.0
pivot_ccw_1,387.774,0.0,0.0
pivot_ccw_1,387.825,0.0,0.0
pivot_ccw_1,387.876,0.0,0.0
pivot_ccw_1,387.927,0.0,0.0
pivot_ccw_1,387.978,0.0,0.0
pivot_ccw_1,388.029,0.0,0.0
pivot_ccw_1,388.08,0.0,0.0
pivot_ccw_1,388.131,0.0,0.0
pivot_ccw_1,388.182,0.0,0.0
pivot_ccw_1,388.233,0.0,0.0
pivot_ccw_1,388.284,0.0,0.0
pivot_ccw_1,388.335,0.0,0.0
pivot_ccw_1,388.386,0.0,0.0
pivot_ccw_1,388.437,0.0,0.0
pivot_ccw_1,388.488,0.0,0.0
pivot_ccw_1,388.539,0.0,0.0
pivot_ccw_1,388.59,0.0,0.0
pivot_ccw_1,388.641,0.0,0.0
pivot_ccw_1,388.692,0.0,0.0
pivot_ccw_1,388.743,0.0,0.0
pivot_ccw_1,388.794,0.0,0.0
pivot_ccw_1,388.845,0.0,0.0
pivot_ccw_1,388.896,0.0,0.0
pivot_ccw_1,388.947,0.0,0.0
pivot_ccw_1,388.998,0.0,0.0
pivot_ccw_1,389.049,0.0,0.0
pivot_ccw_1,389.1,0.0,0.0
pivot_ccw_1,389.151,0.0,0.0
pivot_ccw_1,389.202,0.0,0.0
pivot_ccw_1,389.253,0.0,0.0
pivot_ccw_1,389.304,0.0,0.0
pivot_ccw_1,389.355,0.0,0.0
pivot_ccw_1,389.406,0.0,0.0
pivot_ccw_1,389.457,0.0,0.0
pivot_ccw_1,389.508,0.0,0.0
pivot_ccw_1,389.559,0.0,0.0
pivot_ccw_1,389.61,0.0,0.0
pivot_ccw_1,389.661,0.0,0.0
pivot_ccw_1,389.712,0.0,0.0
pivot_ccw_1,389.763,0.0,0.0
pivot_ccw_1,389.814,0.0,0.0
pivot_ccw_1,389.865,0.0,0.0
pivot_ccw_1,389.916,0.0,0.0
pivot_ccw_1,389.967,0.0,0.0
pivot_ccw_1,390.018,0.0,0.0
pivot_ccw_1,390.069,0.0,0.0
pivot_ccw_1,390.12,0.0,0.0
pivot_ccw_1,390.171,0.0,0.0
pivot_ccw_1,390.222,0.0,0.0
pivot_ccw_1,390.273,0.0,0.0
pivot_ccw_1,390.324,0.0,0.0
pivot_ccw_1,390.375,0.0,0.0
pivot_ccw_1,390.426,0.0,0.0
pivot_ccw_1,390.477,0.0,0.0
reset,390.519,0.0,0.0
reset,390.57,0.0,0.0
reset,390.621,0.0,0.0
reset,390.672,0.0,0.0
reset,390.723,0.0,0.0
reset,390.774,0.0,0.0
reset,390.825,0.0,0.0
reset,390.876,0.0,0.0
reset,390.927,0.0,0.0
reset,390.978,0.0,0.0
reset,391.029,0.0,0.0
reset,391.08,0.0,0.0
reset,391.131,0.0,0.0
reset,391.182,0.0,0.0
reset,391.233,0.0,0.0
reset,391.284,0.0,0.0
reset,391.335,0.0,0.0
reset,391.386,0.0,0.0
reset,391.437,0.0,0.0
reset,391.488,0.0,0.0
reset,391.521,0.0,0.0
reset,391.689,0.0,0.0
reset,391.74,0.0,0.0
reset,391.791,0.0,0.0
reset,391.842,0.0,0.0
reset,391.893,0.0,0.0
reset,391.944,0.0,0.0
reset,391.995,0.0,0.0
reset,392.046,0.0,0.0
reset,392.097,0.0,0.0
reset,392.148,0.0,0.0
reset,392.199,0.0,0.0
reset,392.25,0.0,0.0
reset,392.301,0.0,0.0
reset,392.352,0.0,0.0
reset,392.403,0.0,0.0
reset,392.454,0.0,0.0
reset,392.505,0.0,0.0
reset,392.556,0.0,0.0
reset,392.607,0.0,0.0
reset,392.658,0.0,0.0
reset,392.709,0.0,0.0
reset,392.76,0.0,0.0
reset,392.811,0.0,0.0
reset,392.862,0.0,0.0
reset,392.913,0.0,0.0
reset,392.964,0.0,0.0
reset,393.015,0.0,0.0
pivot_cw_1,393.021,0.0,0.0
pivot_cw_1,393.072,0.0,0.0
pivot_cw_1,393.123,0.0,0.0
pivot_cw_1,393.174,0.0,0.0
pivot_cw_1,393.225,0.0,0.0
pivot_cw_1,393.276,0.0,0.0
pivot_cw_1,393.327,0.0,0.0
pivot_cw_1,393.378,0.0,0.0
pivot_cw_1,393.429,0.0,0.0
pivot_cw_1,393.48,0.0,0.0
pivot_cw_1,393.531,0.0,0.0
pivot_cw_1,393.582,0.0,0.0
pivot_cw_1,393.633,0.0,0.0
pivot_cw_1,393.684,0.0,0.0
pivot_cw_1,393.735,0.0,0.0
pivot_cw_1,393.786,0.0,0.0
pivot_cw_1,393.837,0.0,0.0
pivot_cw_1,393.888,0.0,0.0
pivot_cw_1,393.939,0.0,0.0
pivot_cw_1,393.99,0.0,0.0
pivot_cw_1,394.023,0.0,-0.5
pivot_cw_1,394.074,0.0,-0.5
pivot_cw_1,394.125,0.0,-0.5
pivot_cw_1,394.176,0.0,-0.5
pivot_cw_1,394.227,0.0,-0.5
pivot_cw_1,394.278,0.0,-0.5
pivot_cw_1,394.329,0.0,-0.5
pivot_cw_1,394.38,0.0,-0.5
pivot_cw_1,394.431,0.0,-0.5
pivot_cw_1,394.482,0.0,-0.5
pivot_cw_1,394.533,0.0,-0.5
pivot_cw_1,394.584,0.0,-0.5
pivot_cw_1,394.635,0.0,-0.5
pivot_cw_1,394.686,0.0,-0.5
pivot_cw_1,394.737,0.0,-0.5
pivot_cw_1,394.788,0.0,-0.5
pivot_cw_1,394.839,0.0,-0.5
pivot_cw_1,394.89,0.0,-0.5
pivot_cw_1,394.941,0.0,-0.5
pivot_cw_1,394.992,0.0,-0.5
pivot_cw_1,395.043,0.0,-0.5
pivot_cw_1,395.094,0.0,-0.5
pivot_cw_1,395.145,0.0,-0.5
pivot_cw_1,395.196,0.0,-0.5
pivot_cw_1,395.247,0.0,-0.5
pivot_cw_1,395.298,0.0,-0.5
pivot_cw_1,395.349,0.0,-0.5
pivot_cw_1,395.4,0.0,-0.5
pivot_cw_1,395.451,0.0,-0.5
pivot_cw_1,395.502,0.0,-0.5
pivot_cw_1,395.553,0.0,-0.5
pivot_cw_1,395.604,0.0,-0.5
pivot_cw_1,395.655,0.0,-0.5
pivot_cw_1,395.706,0.0,-0.5
pivot_cw_1,395.757,0.0,-0.5
pivot_cw_1,395.808,0.0,-0.5
pivot_cw_1,395.859,0.0,-0.5
pivot_cw_1,395.91,0.0,-0.5
pivot_cw_1,395.961,0.0,-0.5
pivot_cw_1,396.012,0.0,-0.5
pivot_cw_1,396.063,0.0,-0.5
pivot_cw_1,396.114,0.0,-0.5
pivot_cw_1,396.165,0.0,-0.5
pivot_cw_1,396.216,0.0,-0.5
pivot_cw_1,396.267,0.0,-0.5
pivot_cw_1,396.318,0.0,-0.5
pivot_cw_1,396.369,0.0,-0.5
pivot_cw_1,396.42,0.0,-0.5
pivot_cw_1,396.471,0.0,-0.5
pivot_cw_1,396.522,0.0,-0.5
pivot_cw_1,396.573,0.0,-0.5
pivot_cw_1,396.624,0.0,-0.5
pivot_cw_1,396.675,0.0,-0.5
pivot_cw_1,396.726,0.0,-0.5
pivot_cw_1,396.777,0.0,-0.5
pivot_cw_1,396.828,0.0,-0.5
pivot_cw_1,396.879,0.0,-0.5
pivot_cw_1,396.93,0.0,-0.5
pivot_cw_1,396.981,0.0,-0.5
pivot_cw_1,397.032,0.0,-0.5
pivot_cw_1,397.083,0.0,-0.5
pivot_cw_1,397.134,0.0,-0.5
pivot_cw_1,397.185,0.0,-0.5
pivot_cw_1,397.236,0.0,-0.5
pivot_cw_1,397.287,0.0,-0.5
pivot_cw_1,397.338,0.0,-0.5
pivot_cw_1,397.389,0.0,-0.5
pivot_cw_1,397.44,0.0,-0.5
pivot_cw_1,397.491,0.0,-0.5
pivot_cw_1,397.542,0.0,-0.5
pivot_cw_1,397.593,0.0,-0.5
pivot_cw_1,397.644,0.0,-0.5
pivot_cw_1,397.695,0.0,-0.5
pivot_cw_1,397.746,0.0,-0.5
pivot_cw_1,397.797,0.0,-0.5
pivot_cw_1,397.848,0.0,-0.5
pivot_cw_1,397.899,0.0,-0.5
pivot_cw_1,397.95,0.0,-0.5
pivot_cw_1,398.001,0.0,-0.5
pivot_cw_1,398.052,0.0,-0.5
pivot_cw_1,398.103,0.0,-0.5
pivot_cw_1,398.154,0.0,-0.5
pivot_cw_1,398.205,0.0,-0.5
pivot_cw_1,398.256,0.0,-0.5
pivot_cw_1,398.307,0.0,-0.5
pivot_cw_1,398.358,0.0,-0.5
pivot_cw_1,398.409,0.0,-0.5
pivot_cw_1,398.46,0.0,-0.5
pivot_cw_1,398.511,0.0,-0.5
pivot_cw_1,398.562,0.0,-0.5
pivot_cw_1,398.613,0.0,-0.5
pivot_cw_1,398.664,0.0,-0.5
pivot_cw_1,398.715,0.0,-0.5
pivot_cw_1,398.766,0.0,-0.5
pivot_cw_1,398.817,0.0,-0.5
pivot_cw_1,398.868,0.0,-0.5
pivot_cw_1,398.919,0.0,-0.5
pivot_cw_1,398.97,0.0,-0.5
pivot_cw_1,399.021,0.0,-0.5
pivot_cw_1,399.024,0.0,0.0
pivot_cw_1,399.075,0.0,0.0
pivot_cw_1,399.126,0.0,0.0
pivot_cw_1,399.177,0.0,0.0
pivot_cw_1,399.228,0.0,0.0
pivot_cw_1,399.279,0.0,0.0
pivot_cw_1,399.33,0.0,0.0
pivot_cw_1,399.381,0.0,0.0
pivot_cw_1,399.432,0.0,0.0
pivot_cw_1,399.483,0.0,0.0
pivot_cw_1,399.534,0.0,0.0
pivot_cw_1,399.585,0.0,0.0
pivot_cw_1,399.636,0.0,0.0
pivot_cw_1,399.687,0.0,0.0
pivot_cw_1,399.738,0.0,0.0
pivot_cw_1,399.789,0.0,0.0
pivot_cw_1,399.84,0.0,0.0
pivot_cw_1,399.891,0.0,0.0
pivot_cw_1,399.942,0.0,0.0
pivot_cw_1,399.993,0.0,0.0
pivot_cw_1,400.044,0.0,0.0
pivot_cw_1,400.095,0.0,0.0
pivot_cw_1,400.146,0.0,0.0
pivot_cw_1,400.197,0.0,0.0
pivot_cw_1,400.248,0.0,0.0
pivot_cw_1,400.299,0.0,0.0
pivot_cw_1,400.35,0.0,0.0
pivot_cw_1,400.401,0.0,0.0
pivot_cw_1,400.452,0.0,0.0
pivot_cw_1,400.503,0.0,0.0
pivot_cw_1,400.554,0.0,0.0
pivot_cw_1,400.605,0.0,0.0
pivot_cw_1,400.656,0.0,0.0
pivot_cw_1,400.707,0.0,0.0
pivot_cw_1,400.758,0.0,0.0
pivot_cw_1,400.809,0.0,0.0
pivot_cw_1,400.86,0.0,0.0
pivot_cw_1,400.911,0.0,0.0
pivot_cw_1,400.962,0.0,0.0
pivot_cw_1,401.013,0.0,0.0
pivot_cw_1,401.064,0.0,0.0
pivot_cw_1,401.115,0.0,0.0
pivot_cw_1,401.166,0.0,0.0
pivot_cw_1,401.217,0.0,0.0
pivot_cw_1,401.268,0.0,0.0
pivot_cw_1,401.319,0.0,0.0
pivot_cw_1,401.37,0.0,0.0
pivot_cw_1,401.421,0.0,0.0
pivot_cw_1,401.472,0.0,0.0
pivot_cw_1,401.523,0.0,0.0
pivot_cw_1,401.574,0.0,0.0
pivot_cw_1,401.625,0.0,0.0
pivot_cw_1,401.676,0.0,0.0
pivot_cw_1,401.727,0.0,0.0
pivot_cw_1,401.778,0.0,0.0
pivot_cw_1,401.829,0.0,0.0
pivot_cw_1,401.88,0.0,0.0
pivot_cw_1,401.931,0.0,0.0
pivot_cw_1,401.982,0.0,0.0
reset,402.024,0.0,0.0
reset,402.075,0.0,0.0
reset,402.126,0.0,0.0
reset,402.177,0.0,0.0
reset,402.228,0.0,0.0
reset,402.279,0.0,0.0
reset,402.33,0.0,0.0
reset,402.381,0.0,0.0
reset,402.432,0.0,0.0
reset,402.483,0.0,0.0
reset,402.534,0.0,0.0
reset,402.585,0.0,0.0
reset,402.636,0.0,0.0
reset,402.687,0.0,0.0
reset,402.738,0.0,0.0
reset,402.789,0.0,0.0
reset,402.84,0.0,0.0
reset,402.891,0.0,0.0
reset,402.942,0.0,0.0
reset,402.993,0.0,0.0
reset,403.026,0.0,0.0
reset,403.2,0.0,0.0
reset,403.251,0.0,0.0
reset,403.302,0.0,0.0
reset,403.353,0.0,0.0
reset,403.404,0.0,0.0
reset,403.455,0.0,0.0
reset,403.506,0.0,0.0
reset,403.557,0.0,0.0
reset,403.608,0.0,0.0
reset,403.659,0.0,0.0
reset,403.71,0.0,0.0
reset,403.761,0.0,0.0
reset,403.812,0.0,0.0
reset,403.863,0.0,0.0
reset,403.914,0.0,0.0
reset,403.965,0.0,0.0
reset,404.016,0.0,0.0
reset,404.067,0.0,0.0
reset,404.118,0.0,0.0
reset,404.169,0.0,0.0
reset,404.22,0.0,0.0
reset,404.271,0.0,0.0
reset,404.322,0.0,0.0
reset,404.373,0.0,0.0
reset,404.424,0.0,0.0
reset,404.475,0.0,0.0
reset,404.526,0.0,0.0
arc_left_1,404.526,0.0,0.0
arc_left_1,404.577,0.0,0.0
arc_left_1,404.628,0.0,0.0
arc_left_1,404.679,0.0,0.0
arc_left_1,404.73,0.0,0.0
arc_left_1,404.781,0.0,0.0
arc_left_1,404.832,0.0,0.0
arc_left_1,404.883,0.0,0.0
arc_left_1,404.934,0.0,0.0
arc_left_1,404.985,0.0,0.0
arc_left_1,405.036,0.0,0.0
arc_left_1,405.087,0.0,0.0
arc_left_1,405.138,0.0,0.0
arc_left_1,405.189,0.0,0.0
arc_left_1,405.24,0.0,0.0
arc_left_1,405.291,0.0,0.0
arc_left_1,405.342,0.0,0.0
arc_left_1,405.393,0.0,0.0
arc_left_1,405.444,0.0,0.0
arc_left_1,405.495,0.0,0.0
arc_left_1,405.528,0.15,0.3
arc_left_1,405.579,0.15,0.3
arc_left_1,405.63,0.15,0.3
arc_left_1,405.681,0.15,0.3
arc_left_1,405.732,0.15,0.3
arc_left_1,405.783,0.15,0.3
arc_left_1,405.834,0.15,0.3
arc_left_1,405.885,0.15,0.3
arc_left_1,405.936,0.15,0.3
arc_left_1,405.987,0.15,0.3
arc_left_1,406.038,0.15,0.3
arc_left_1,406.089,0.15,0.3
arc_left_1,406.14,0.15,0.3
arc_left_1,406.191,0.15,0.3
arc_left_1,406.242,0.15,0.3
arc_left_1,406.293,0.15,0.3
arc_left_1,406.344,0.15,0.3
arc_left_1,406.395,0.15,0.3
arc_left_1,406.446,0.15,0.3
arc_left_1,406.497,0.15,0.3
arc_left_1,406.548,0.15,0.3
arc_left_1,406.599,0.15,0.3
arc_left_1,406.65,0.15,0.3
arc_left_1,406.701,0.15,0.3
arc_left_1,406.752,0.15,0.3
arc_left_1,406.803,0.15,0.3
arc_left_1,406.854,0.15,0.3
arc_left_1,406.905,0.15,0.3
arc_left_1,406.956,0.15,0.3
arc_left_1,407.007,0.15,0.3
arc_left_1,407.058,0.15,0.3
arc_left_1,407.109,0.15,0.3
arc_left_1,407.16,0.15,0.3
arc_left_1,407.211,0.15,0.3
arc_left_1,407.262,0.15,0.3
arc_left_1,407.313,0.15,0.3
arc_left_1,407.364,0.15,0.3
arc_left_1,407.415,0.15,0.3
arc_left_1,407.466,0.15,0.3
arc_left_1,407.517,0.15,0.3
arc_left_1,407.568,0.15,0.3
arc_left_1,407.619,0.15,0.3
arc_left_1,407.67,0.15,0.3
arc_left_1,407.721,0.15,0.3
arc_left_1,407.772,0.15,0.3
arc_left_1,407.823,0.15,0.3
arc_left_1,407.874,0.15,0.3
arc_left_1,407.925,0.15,0.3
arc_left_1,407.976,0.15,0.3
arc_left_1,408.027,0.15,0.3
arc_left_1,408.078,0.15,0.3
arc_left_1,408.129,0.15,0.3
arc_left_1,408.18,0.15,0.3
arc_left_1,408.231,0.15,0.3
arc_left_1,408.282,0.15,0.3
arc_left_1,408.333,0.15,0.3
arc_left_1,408.384,0.15,0.3
arc_left_1,408.435,0.15,0.3
arc_left_1,408.486,0.15,0.3
arc_left_1,408.537,0.15,0.3
arc_left_1,408.588,0.15,0.3
arc_left_1,408.639,0.15,0.3
arc_left_1,408.69,0.15,0.3
arc_left_1,408.741,0.15,0.3
arc_left_1,408.792,0.15,0.3
arc_left_1,408.843,0.15,0.3
arc_left_1,408.894,0.15,0.3
arc_left_1,408.945,0.15,0.3
arc_left_1,408.996,0.15,0.3
arc_left_1,409.047,0.15,0.3
arc_left_1,409.098,0.15,0.3
arc_left_1,409.149,0.15,0.3
arc_left_1,409.2,0.15,0.3
arc_left_1,409.251,0.15,0.3
arc_left_1,409.302,0.15,0.3
arc_left_1,409.353,0.15,0.3
arc_left_1,409.404,0.15,0.3
arc_left_1,409.455,0.15,0.3
arc_left_1,409.506,0.15,0.3
arc_left_1,409.557,0.15,0.3
arc_left_1,409.608,0.15,0.3
arc_left_1,409.659,0.15,0.3
arc_left_1,409.71,0.15,0.3
arc_left_1,409.761,0.15,0.3
arc_left_1,409.812,0.15,0.3
arc_left_1,409.863,0.15,0.3
arc_left_1,409.914,0.15,0.3
arc_left_1,409.965,0.15,0.3
arc_left_1,410.016,0.15,0.3
arc_left_1,410.067,0.15,0.3
arc_left_1,410.118,0.15,0.3
arc_left_1,410.169,0.15,0.3
arc_left_1,410.22,0.15,0.3
arc_left_1,410.271,0.15,0.3
arc_left_1,410.322,0.15,0.3
arc_left_1,410.373,0.15,0.3
arc_left_1,410.424,0.15,0.3
arc_left_1,410.475,0.15,0.3
arc_left_1,410.526,0.15,0.3
arc_left_1,410.577,0.15,0.3
arc_left_1,410.628,0.15,0.3
arc_left_1,410.679,0.15,0.3
arc_left_1,410.73,0.15,0.3
arc_left_1,410.781,0.15,0.3
arc_left_1,410.832,0.15,0.3
arc_left_1,410.883,0.15,0.3
arc_left_1,410.934,0.15,0.3
arc_left_1,410.985,0.15,0.3
arc_left_1,411.036,0.15,0.3
arc_left_1,411.087,0.15,0.3
arc_left_1,411.138,0.15,0.3
arc_left_1,411.189,0.15,0.3
arc_left_1,411.24,0.15,0.3
arc_left_1,411.291,0.15,0.3
arc_left_1,411.342,0.15,0.3
arc_left_1,411.393,0.15,0.3
arc_left_1,411.444,0.15,0.3
arc_left_1,411.495,0.15,0.3
arc_left_1,411.528,0.0,0.0
arc_left_1,411.579,0.0,0.0
arc_left_1,411.63,0.0,0.0
arc_left_1,411.681,0.0,0.0
arc_left_1,411.732,0.0,0.0
arc_left_1,411.783,0.0,0.0
arc_left_1,411.834,0.0,0.0
arc_left_1,411.885,0.0,0.0
arc_left_1,411.936,0.0,0.0
arc_left_1,411.987,0.0,0.0
arc_left_1,412.038,0.0,0.0
arc_left_1,412.089,0.0,0.0
arc_left_1,412.14,0.0,0.0
arc_left_1,412.191,0.0,0.0
arc_left_1,412.242,0.0,0.0
arc_left_1,412.293,0.0,0.0
arc_left_1,412.344,0.0,0.0
arc_left_1,412.395,0.0,0.0
arc_left_1,412.446,0.0,0.0
arc_left_1,412.497,0.0,0.0
arc_left_1,412.548,0.0,0.0
arc_left_1,412.599,0.0,0.0
arc_left_1,412.65,0.0,0.0
arc_left_1,412.701,0.0,0.0
arc_left_1,412.752,0.0,0.0
arc_left_1,412.803,0.0,0.0
arc_left_1,412.854,0.0,0.0
arc_left_1,412.905,0.0,0.0
arc_left_1,412.956,0.0,0.0
arc_left_1,413.007,0.0,0.0
arc_left_1,413.058,0.0,0.0
arc_left_1,413.109,0.0,0.0
arc_left_1,413.16,0.0,0.0
arc_left_1,413.211,0.0,0.0
arc_left_1,413.262,0.0,0.0
arc_left_1,413.313,0.0,0.0
arc_left_1,413.364,0.0,0.0
arc_left_1,413.415,0.0,0.0
arc_left_1,413.466,0.0,0.0
arc_left_1,413.517,0.0,0.0
arc_left_1,413.568,0.0,0.0
arc_left_1,413.619,0.0,0.0
arc_left_1,413.67,0.0,0.0
arc_left_1,413.721,0.0,0.0
arc_left_1,413.772,0.0,0.0
arc_left_1,413.823,0.0,0.0
arc_left_1,413.874,0.0,0.0
arc_left_1,413.925,0.0,0.0
arc_left_1,413.976,0.0,0.0
arc_left_1,414.027,0.0,0.0
arc_left_1,414.078,0.0,0.0
arc_left_1,414.129,0.0,0.0
arc_left_1,414.18,0.0,0.0
arc_left_1,414.231,0.0,0.0
arc_left_1,414.282,0.0,0.0
arc_left_1,414.333,0.0,0.0
arc_left_1,414.384,0.0,0.0
arc_left_1,414.435,0.0,0.0
arc_left_1,414.486,0.0,0.0
reset,414.528,0.0,0.0
reset,414.579,0.0,0.0
reset,414.63,0.0,0.0
reset,414.681,0.0,0.0
reset,414.732,0.0,0.0
reset,414.783,0.0,0.0
reset,414.834,0.0,0.0
reset,414.885,0.0,0.0
reset,414.936,0.0,0.0
reset,414.987,0.0,0.0
reset,415.038,0.0,0.0
reset,415.089,0.0,0.0
reset,415.14,0.0,0.0
reset,415.191,0.0,0.0
reset,415.242,0.0,0.0
reset,415.293,0.0,0.0
reset,415.344,0.0,0.0
reset,415.395,0.0,0.0
reset,415.446,0.0,0.0
reset,415.497,0.0,0.0
reset,415.53,0.0,0.0
reset,415.713,0.0,0.0
reset,415.764,0.0,0.0
reset,415.815,0.0,0.0
reset,415.866,0.0,0.0
reset,415.917,0.0,0.0
reset,415.968,0.0,0.0
reset,416.019,0.0,0.0
reset,416.07,0.0,0.0
reset,416.121,0.0,0.0
reset,416.172,0.0,0.0
reset,416.223,0.0,0.0
reset,416.274,0.0,0.0
reset,416.325,0.0,0.0
reset,416.376,0.0,0.0
reset,416.427,0.0,0.0
reset,416.478,0.0,0.0
reset,416.529,0.0,0.0
reset,416.58,0.0,0.0
reset,416.631,0.0,0.0
reset,416.682,0.0,0.0
reset,416.733,0.0,0.0
reset,416.784,0.0,0.0
reset,416.835,0.0,0.0
reset,416.886,0.0,0.0
reset,416.937,0.0,0.0
reset,416.988,0.0,0.0
arc_right_1,417.03,0.0,0.0
arc_right_1,417.081,0.0,0.0
arc_right_1,417.132,0.0,0.0
arc_right_1,417.183,0.0,0.0
arc_right_1,417.234,0.0,0.0
arc_right_1,417.285,0.0,0.0
arc_right_1,417.336,0.0,0.0
arc_right_1,417.387,0.0,0.0
arc_right_1,417.438,0.0,0.0
arc_right_1,417.489,0.0,0.0
arc_right_1,417.54,0.0,0.0
arc_right_1,417.591,0.0,0.0
arc_right_1,417.642,0.0,0.0
arc_right_1,417.693,0.0,0.0
arc_right_1,417.744,0.0,0.0
arc_right_1,417.795,0.0,0.0
arc_right_1,417.846,0.0,0.0
arc_right_1,417.897,0.0,0.0
arc_right_1,417.948,0.0,0.0
arc_right_1,417.999,0.0,0.0
arc_right_1,418.032,0.15,-0.3
arc_right_1,418.083,0.15,-0.3
arc_right_1,418.134,0.15,-0.3
arc_right_1,418.185,0.15,-0.3
arc_right_1,418.236,0.15,-0.3
arc_right_1,418.287,0.15,-0.3
arc_right_1,418.338,0.15,-0.3
arc_right_1,418.389,0.15,-0.3
arc_right_1,418.44,0.15,-0.3
arc_right_1,418.491,0.15,-0.3
arc_right_1,418.542,0.15,-0.3
arc_right_1,418.593,0.15,-0.3
arc_right_1,418.644,0.15,-0.3
arc_right_1,418.695,0.15,-0.3
arc_right_1,418.746,0.15,-0.3
arc_right_1,418.797,0.15,-0.3
arc_right_1,418.848,0.15,-0.3
arc_right_1,418.899,0.15,-0.3
arc_right_1,418.95,0.15,-0.3
arc_right_1,419.001,0.15,-0.3
arc_right_1,419.052,0.15,-0.3
arc_right_1,419.103,0.15,-0.3
arc_right_1,419.154,0.15,-0.3
arc_right_1,419.205,0.15,-0.3
arc_right_1,419.256,0.15,-0.3
arc_right_1,419.307,0.15,-0.3
arc_right_1,419.358,0.15,-0.3
arc_right_1,419.409,0.15,-0.3
arc_right_1,419.46,0.15,-0.3
arc_right_1,419.511,0.15,-0.3
arc_right_1,419.562,0.15,-0.3
arc_right_1,419.613,0.15,-0.3
arc_right_1,419.664,0.15,-0.3
arc_right_1,419.715,0.15,-0.3
arc_right_1,419.766,0.15,-0.3
arc_right_1,419.817,0.15,-0.3
arc_right_1,419.868,0.15,-0.3
arc_right_1,419.919,0.15,-0.3
arc_right_1,419.97,0.15,-0.3
arc_right_1,420.021,0.15,-0.3
arc_right_1,420.072,0.15,-0.3
arc_right_1,420.123,0.15,-0.3
arc_right_1,420.174,0.15,-0.3
arc_right_1,420.225,0.15,-0.3
arc_right_1,420.276,0.15,-0.3
arc_right_1,420.327,0.15,-0.3
arc_right_1,420.378,0.15,-0.3
arc_right_1,420.429,0.15,-0.3
arc_right_1,420.48,0.15,-0.3
arc_right_1,420.531,0.15,-0.3
arc_right_1,420.582,0.15,-0.3
arc_right_1,420.633,0.15,-0.3
arc_right_1,420.684,0.15,-0.3
arc_right_1,420.735,0.15,-0.3
arc_right_1,420.786,0.15,-0.3
arc_right_1,420.837,0.15,-0.3
arc_right_1,420.888,0.15,-0.3
arc_right_1,420.939,0.15,-0.3
arc_right_1,420.99,0.15,-0.3
arc_right_1,421.041,0.15,-0.3
arc_right_1,421.092,0.15,-0.3
arc_right_1,421.143,0.15,-0.3
arc_right_1,421.194,0.15,-0.3
arc_right_1,421.245,0.15,-0.3
arc_right_1,421.296,0.15,-0.3
arc_right_1,421.347,0.15,-0.3
arc_right_1,421.398,0.15,-0.3
arc_right_1,421.449,0.15,-0.3
arc_right_1,421.5,0.15,-0.3
arc_right_1,421.551,0.15,-0.3
arc_right_1,421.602,0.15,-0.3
arc_right_1,421.653,0.15,-0.3
arc_right_1,421.704,0.15,-0.3
arc_right_1,421.755,0.15,-0.3
arc_right_1,421.806,0.15,-0.3
arc_right_1,421.857,0.15,-0.3
arc_right_1,421.908,0.15,-0.3
arc_right_1,421.959,0.15,-0.3
arc_right_1,422.01,0.15,-0.3
arc_right_1,422.061,0.15,-0.3
arc_right_1,422.112,0.15,-0.3
arc_right_1,422.163,0.15,-0.3
arc_right_1,422.214,0.15,-0.3
arc_right_1,422.265,0.15,-0.3
arc_right_1,422.316,0.15,-0.3
arc_right_1,422.367,0.15,-0.3
arc_right_1,422.418,0.15,-0.3
arc_right_1,422.469,0.15,-0.3
arc_right_1,422.52,0.15,-0.3
arc_right_1,422.571,0.15,-0.3
arc_right_1,422.622,0.15,-0.3
arc_right_1,422.673,0.15,-0.3
arc_right_1,422.724,0.15,-0.3
arc_right_1,422.775,0.15,-0.3
arc_right_1,422.826,0.15,-0.3
arc_right_1,422.877,0.15,-0.3
arc_right_1,422.928,0.15,-0.3
arc_right_1,422.979,0.15,-0.3
arc_right_1,423.03,0.15,-0.3
arc_right_1,423.081,0.15,-0.3
arc_right_1,423.132,0.15,-0.3
arc_right_1,423.183,0.15,-0.3
arc_right_1,423.234,0.15,-0.3
arc_right_1,423.285,0.15,-0.3
arc_right_1,423.336,0.15,-0.3
arc_right_1,423.387,0.15,-0.3
arc_right_1,423.438,0.15,-0.3
arc_right_1,423.489,0.15,-0.3
arc_right_1,423.54,0.15,-0.3
arc_right_1,423.591,0.15,-0.3
arc_right_1,423.642,0.15,-0.3
arc_right_1,423.693,0.15,-0.3
arc_right_1,423.744,0.15,-0.3
arc_right_1,423.795,0.15,-0.3
arc_right_1,423.846,0.15,-0.3
arc_right_1,423.897,0.15,-0.3
arc_right_1,423.948,0.15,-0.3
arc_right_1,423.999,0.15,-0.3
arc_right_1,424.032,0.0,0.0
arc_right_1,424.083,0.0,0.0
arc_right_1,424.134,0.0,0.0
arc_right_1,424.185,0.0,0.0
arc_right_1,424.236,0.0,0.0
arc_right_1,424.287,0.0,0.0
arc_right_1,424.338,0.0,0.0
arc_right_1,424.389,0.0,0.0
arc_right_1,424.44,0.0,0.0
arc_right_1,424.491,0.0,0.0
arc_right_1,424.542,0.0,0.0
arc_right_1,424.593,0.0,0.0
arc_right_1,424.644,0.0,0.0
arc_right_1,424.695,0.0,0.0
arc_right_1,424.746,0.0,0.0
arc_right_1,424.797,0.0,0.0
arc_right_1,424.848,0.0,0.0
arc_right_1,424.899,0.0,0.0
arc_right_1,424.95,0.0,0.0
arc_right_1,425.001,0.0,0.0
arc_right_1,425.052,0.0,0.0
arc_right_1,425.103,0.0,0.0
arc_right_1,425.154,0.0,0.0
arc_right_1,425.205,0.0,0.0
arc_right_1,425.256,0.0,0.0
arc_right_1,425.307,0.0,0.0
arc_right_1,425.358,0.0,0.0
arc_right_1,425.409,0.0,0.0
arc_right_1,425.46,0.0,0.0
arc_right_1,425.511,0.0,0.0
arc_right_1,425.562,0.0,0.0
arc_right_1,425.613,0.0,0.0
arc_right_1,425.664,0.0,0.0
arc_right_1,425.715,0.0,0.0
arc_right_1,425.766,0.0,0.0
arc_right_1,425.817,0.0,0.0
arc_right_1,425.868,0.0,0.0
arc_right_1,425.919,0.0,0.0
arc_right_1,425.97,0.0,0.0
arc_right_1,426.021,0.0,0.0
arc_right_1,426.072,0.0,0.0
arc_right_1,426.123,0.0,0.0
arc_right_1,426.174,0.0,0.0
arc_right_1,426.225,0.0,0.0
arc_right_1,426.276,0.0,0.0
arc_right_1,426.327,0.0,0.0
arc_right_1,426.378,0.0,0.0
arc_right_1,426.429,0.0,0.0
arc_right_1,426.48,0.0,0.0
arc_right_1,426.531,0.0,0.0
arc_right_1,426.582,0.0,0.0
arc_right_1,426.633,0.0,0.0
arc_right_1,426.684,0.0,0.0
arc_right_1,426.735,0.0,0.0
arc_right_1,426.786,0.0,0.0
arc_right_1,426.837,0.0,0.0
arc_right_1,426.888,0.0,0.0
arc_right_1,426.939,0.0,0.0
arc_right_1,426.99,0.0,0.0
reset,427.032,0.0,0.0
reset,427.083,0.0,0.0
reset,427.134,0.0,0.0
reset,427.185,0.0,0.0
reset,427.236,0.0,0.0
reset,427.287,0.0,0.0
reset,427.338,0.0,0.0
reset,427.389,0.0,0.0
reset,427.44,0.0,0.0
reset,427.491,0.0,0.0
reset,427.542,0.0,0.0
reset,427.593,0.0,0.0
reset,427.644,0.0,0.0
reset,427.695,0.0,0.0
reset,427.746,0.0,0.0
reset,427.797,0.0,0.0
reset,427.848,0.0,0.0
reset,427.899,0.0,0.0
reset,427.95,0.0,0.0
reset,428.001,0.0,0.0
reset,428.034,0.0,0.0
reset,428.214,0.0,0.0
reset,428.265,0.0,0.0
reset,428.316,0.0,0.0
reset,428.367,0.0,0.0
reset,428.418,0.0,0.0
reset,428.469,0.0,0.0
reset,428.52,0.0,0.0
reset,428.571,0.0,0.0
reset,428.622,0.0,0.0
reset,428.673,0.0,0.0
reset,428.724,0.0,0.0
reset,428.775,0.0,0.0
reset,428.826,0.0,0.0
reset,428.877,0.0,0.0
reset,428.928,0.0,0.0
reset,428.979,0.0,0.0
reset,429.03,0.0,0.0
reset,429.081,0.0,0.0
reset,429.132,0.0,0.0
reset,429.183,0.0,0.0
reset,429.234,0.0,0.0
reset,429.285,0.0,0.0
reset,429.336,0.0,0.0
reset,429.387,0.0,0.0
reset,429.438,0.0,0.0
reset,429.489,0.0,0.0
brake_1,429.534,0.0,0.0
brake_1,429.585,0.0,0.0
brake_1,429.636,0.0,0.0
brake_1,429.687,0.0,0.0
brake_1,429.738,0.0,0.0
brake_1,429.789,0.0,0.0
brake_1,429.84,0.0,0.0
brake_1,429.891,0.0,0.0
brake_1,429.942,0.0,0.0
brake_1,429.993,0.0,0.0
brake_1,430.044,0.0,0.0
brake_1,430.095,0.0,0.0
brake_1,430.146,0.0,0.0
brake_1,430.197,0.0,0.0
brake_1,430.248,0.0,0.0
brake_1,430.299,0.0,0.0
brake_1,430.35,0.0,0.0
brake_1,430.401,0.0,0.0
brake_1,430.452,0.0,0.0
brake_1,430.503,0.0,0.0
brake_1,430.536,0.3,0.0
brake_1,430.587,0.3,0.0
brake_1,430.638,0.3,0.0
brake_1,430.689,0.3,0.0
brake_1,430.74,0.3,0.0
brake_1,430.791,0.3,0.0
brake_1,430.842,0.3,0.0
brake_1,430.893,0.3,0.0
brake_1,430.944,0.3,0.0
brake_1,430.995,0.3,0.0
brake_1,431.046,0.3,0.0
brake_1,431.097,0.3,0.0
brake_1,431.148,0.3,0.0
brake_1,431.199,0.3,0.0
brake_1,431.25,0.3,0.0
brake_1,431.301,0.3,0.0
brake_1,431.352,0.3,0.0
brake_1,431.403,0.3,0.0
brake_1,431.454,0.3,0.0
brake_1,431.505,0.3,0.0
brake_1,431.556,0.3,0.0
brake_1,431.607,0.3,0.0
brake_1,431.658,0.3,0.0
brake_1,431.709,0.3,0.0
brake_1,431.76,0.3,0.0
brake_1,431.811,0.3,0.0
brake_1,431.862,0.3,0.0
brake_1,431.913,0.3,0.0
brake_1,431.964,0.3,0.0
brake_1,432.015,0.3,0.0
brake_1,432.066,0.3,0.0
brake_1,432.117,0.3,0.0
brake_1,432.168,0.3,0.0
brake_1,432.219,0.3,0.0
brake_1,432.27,0.3,0.0
brake_1,432.321,0.3,0.0
brake_1,432.372,0.3,0.0
brake_1,432.423,0.3,0.0
brake_1,432.474,0.3,0.0
brake_1,432.525,0.3,0.0
brake_1,432.576,0.3,0.0
brake_1,432.627,0.3,0.0
brake_1,432.678,0.3,0.0
brake_1,432.729,0.3,0.0
brake_1,432.78,0.3,0.0
brake_1,432.831,0.3,0.0
brake_1,432.882,0.3,0.0
brake_1,432.933,0.3,0.0
brake_1,432.984,0.3,0.0
brake_1,433.035,0.3,0.0
brake_1,433.086,0.3,0.0
brake_1,433.137,0.3,0.0
brake_1,433.188,0.3,0.0
brake_1,433.239,0.3,0.0
brake_1,433.29,0.3,0.0
brake_1,433.341,0.3,0.0
brake_1,433.392,0.3,0.0
brake_1,433.443,0.3,0.0
brake_1,433.494,0.3,0.0
brake_1,433.545,0.3,0.0
brake_1,433.596,0.3,0.0
brake_1,433.647,0.3,0.0
brake_1,433.698,0.3,0.0
brake_1,433.749,0.3,0.0
brake_1,433.8,0.3,0.0
brake_1,433.851,0.3,0.0
brake_1,433.902,0.3,0.0
brake_1,433.953,0.3,0.0
brake_1,434.004,0.3,0.0
brake_1,434.055,0.3,0.0
brake_1,434.106,0.3,0.0
brake_1,434.157,0.3,0.0
brake_1,434.208,0.3,0.0
brake_1,434.259,0.3,0.0
brake_1,434.31,0.3,0.0
brake_1,434.361,0.3,0.0
brake_1,434.412,0.3,0.0
brake_1,434.463,0.3,0.0
brake_1,434.514,0.3,0.0
brake_1,434.538,0.0,0.0
brake_1,434.589,0.0,0.0
brake_1,434.64,0.0,0.0
brake_1,434.691,0.0,0.0
brake_1,434.742,0.0,0.0
brake_1,434.793,0.0,0.0
brake_1,434.844,0.0,0.0
brake_1,434.895,0.0,0.0
brake_1,434.946,0.0,0.0
brake_1,434.997,0.0,0.0
brake_1,435.048,0.0,0.0
brake_1,435.099,0.0,0.0
brake_1,435.15,0.0,0.0
brake_1,435.201,0.0,0.0
brake_1,435.252,0.0,0.0
brake_1,435.303,0.0,0.0
brake_1,435.354,0.0,0.0
brake_1,435.405,0.0,0.0
brake_1,435.456,0.0,0.0
brake_1,435.507,0.0,0.0
brake_1,435.558,0.0,0.0
brake_1,435.609,0.0,0.0
brake_1,435.66,0.0,0.0
brake_1,435.711,0.0,0.0
brake_1,435.762,0.0,0.0
brake_1,435.813,0.0,0.0
brake_1,435.864,0.0,0.0
brake_1,435.915,0.0,0.0
brake_1,435.966,0.0,0.0
brake_1,436.017,0.0,0.0
brake_1,436.068,0.0,0.0
brake_1,436.119,0.0,0.0
brake_1,436.17,0.0,0.0
brake_1,436.221,0.0,0.0
brake_1,436.272,0.0,0.0
brake_1,436.323,0.0,0.0
brake_1,436.374,0.0,0.0
brake_1,436.425,0.0,0.0
brake_1,436.476,0.0,0.0
brake_1,436.527,0.0,0.0
brake_1,436.578,0.0,0.0
brake_1,436.629,0.0,0.0
brake_1,436.68,0.0,0.0
brake_1,436.731,0.0,0.0
brake_1,436.782,0.0,0.0
brake_1,436.833,0.0,0.0
brake_1,436.884,0.0,0.0
brake_1,436.935,0.0,0.0
brake_1,436.986,0.0,0.0
brake_1,437.037,0.0,0.0
brake_1,437.088,0.0,0.0
brake_1,437.139,0.0,0.0
brake_1,437.19,0.0,0.0
brake_1,437.241,0.0,0.0
brake_1,437.292,0.0,0.0
brake_1,437.343,0.0,0.0
brake_1,437.394,0.0,0.0
brake_1,437.445,0.0,0.0
brake_1,437.496,0.0,0.0
reset,437.538,0.0,0.0
reset,437.589,0.0,0.0
reset,437.64,0.0,0.0
reset,437.691,0.0,0.0
reset,437.742,0.0,0.0
reset,437.793,0.0,0.0
reset,437.844,0.0,0.0
reset,437.895,0.0,0.0
reset,437.946,0.0,0.0
reset,437.997,0.0,0.0
reset,438.048,0.0,0.0
reset,438.099,0.0,0.0
reset,438.15,0.0,0.0
reset,438.201,0.0,0.0
reset,438.252,0.0,0.0
reset,438.303,0.0,0.0
reset,438.354,0.0,0.0
reset,438.405,0.0,0.0
reset,438.456,0.0,0.0
reset,438.507,0.0,0.0
reset,438.54,0.0,0.0
reset,438.72,0.0,0.0
reset,438.771,0.0,0.0
reset,438.822,0.0,0.0
reset,438.873,0.0,0.0
reset,438.924,0.0,0.0
reset,438.975,0.0,0.0
reset,439.026,0.0,0.0
reset,439.077,0.0,0.0
reset,439.128,0.0,0.0
reset,439.179,0.0,0.0
reset,439.23,0.0,0.0
reset,439.281,0.0,0.0
reset,439.332,0.0,0.0
reset,439.383,0.0,0.0
reset,439.434,0.0,0.0
reset,439.485,0.0,0.0
reset,439.536,0.0,0.0
reset,439.587,0.0,0.0
reset,439.638,0.0,0.0
reset,439.689,0.0,0.0
reset,439.74,0.0,0.0
reset,439.791,0.0,0.0
reset,439.842,0.0,0.0
reset,439.893,0.0,0.0
reset,439.944,0.0,0.0
reset,439.995,0.0,0.0
forward_2,440.04,0.0,0.0
forward_2,440.091,0.0,0.0
forward_2,440.142,0.0,0.0
forward_2,440.193,0.0,0.0
forward_2,440.244,0.0,0.0
forward_2,440.295,0.0,0.0
forward_2,440.346,0.0,0.0
forward_2,440.397,0.0,0.0
forward_2,440.448,0.0,0.0
forward_2,440.499,0.0,0.0
forward_2,440.55,0.0,0.0
forward_2,440.601,0.0,0.0
forward_2,440.652,0.0,0.0
forward_2,440.703,0.0,0.0
forward_2,440.754,0.0,0.0
forward_2,440.805,0.0,0.0
forward_2,440.856,0.0,0.0
forward_2,440.907,0.0,0.0
forward_2,440.958,0.0,0.0
forward_2,441.009,0.0,0.0
forward_2,441.042,0.2,0.0
forward_2,441.093,0.2,0.0
forward_2,441.144,0.2,0.0
forward_2,441.195,0.2,0.0
forward_2,441.246,0.2,0.0
forward_2,441.297,0.2,0.0
forward_2,441.348,0.2,0.0
forward_2,441.399,0.2,0.0
forward_2,441.45,0.2,0.0
forward_2,441.501,0.2,0.0
forward_2,441.552,0.2,0.0
forward_2,441.603,0.2,0.0
forward_2,441.654,0.2,0.0
forward_2,441.705,0.2,0.0
forward_2,441.756,0.2,0.0
forward_2,441.807,0.2,0.0
forward_2,441.858,0.2,0.0
forward_2,441.909,0.2,0.0
forward_2,441.96,0.2,0.0
forward_2,442.011,0.2,0.0
forward_2,442.062,0.2,0.0
forward_2,442.113,0.2,0.0
forward_2,442.164,0.2,0.0
forward_2,442.215,0.2,0.0
forward_2,442.266,0.2,0.0
forward_2,442.317,0.2,0.0
forward_2,442.368,0.2,0.0
forward_2,442.419,0.2,0.0
forward_2,442.47,0.2,0.0
forward_2,442.521,0.2,0.0
forward_2,442.572,0.2,0.0
forward_2,442.623,0.2,0.0
forward_2,442.674,0.2,0.0
forward_2,442.725,0.2,0.0
forward_2,442.776,0.2,0.0
forward_2,442.827,0.2,0.0
forward_2,442.878,0.2,0.0
forward_2,442.929,0.2,0.0
forward_2,442.98,0.2,0.0
forward_2,443.031,0.2,0.0
forward_2,443.082,0.2,0.0
forward_2,443.133,0.2,0.0
forward_2,443.184,0.2,0.0
forward_2,443.235,0.2,0.0
forward_2,443.286,0.2,0.0
forward_2,443.337,0.2,0.0
forward_2,443.388,0.2,0.0
forward_2,443.439,0.2,0.0
forward_2,443.49,0.2,0.0
forward_2,443.541,0.2,0.0
forward_2,443.592,0.2,0.0
forward_2,443.643,0.2,0.0
forward_2,443.694,0.2,0.0
forward_2,443.745,0.2,0.0
forward_2,443.796,0.2,0.0
forward_2,443.847,0.2,0.0
forward_2,443.898,0.2,0.0
forward_2,443.949,0.2,0.0
forward_2,444.0,0.2,0.0
forward_2,444.051,0.2,0.0
forward_2,444.102,0.2,0.0
forward_2,444.153,0.2,0.0
forward_2,444.204,0.2,0.0
forward_2,444.255,0.2,0.0
forward_2,444.306,0.2,0.0
forward_2,444.357,0.2,0.0
forward_2,444.408,0.2,0.0
forward_2,444.459,0.2,0.0
forward_2,444.51,0.2,0.0
forward_2,444.561,0.2,0.0
forward_2,444.612,0.2,0.0
forward_2,444.663,0.2,0.0
forward_2,444.714,0.2,0.0
forward_2,444.765,0.2,0.0
forward_2,444.816,0.2,0.0
forward_2,444.867,0.2,0.0
forward_2,444.918,0.2,0.0
forward_2,444.969,0.2,0.0
forward_2,445.02,0.2,0.0
forward_2,445.071,0.2,0.0
forward_2,445.122,0.2,0.0
forward_2,445.173,0.2,0.0
forward_2,445.224,0.2,0.0
forward_2,445.275,0.2,0.0
forward_2,445.326,0.2,0.0
forward_2,445.377,0.2,0.0
forward_2,445.428,0.2,0.0
forward_2,445.479,0.2,0.0
forward_2,445.53,0.2,0.0
forward_2,445.581,0.2,0.0
forward_2,445.632,0.2,0.0
forward_2,445.683,0.2,0.0
forward_2,445.734,0.2,0.0
forward_2,445.785,0.2,0.0
forward_2,445.836,0.2,0.0
forward_2,445.887,0.2,0.0
forward_2,445.938,0.2,0.0
forward_2,445.989,0.2,0.0
forward_2,446.04,0.2,0.0
forward_2,446.043,0.0,0.0
forward_2,446.094,0.0,0.0
forward_2,446.145,0.0,0.0
forward_2,446.196,0.0,0.0
forward_2,446.247,0.0,0.0
forward_2,446.298,0.0,0.0
forward_2,446.349,0.0,0.0
forward_2,446.4,0.0,0.0
forward_2,446.451,0.0,0.0
forward_2,446.502,0.0,0.0
forward_2,446.553,0.0,0.0
forward_2,446.604,0.0,0.0
forward_2,446.655,0.0,0.0
forward_2,446.706,0.0,0.0
forward_2,446.757,0.0,0.0
forward_2,446.808,0.0,0.0
forward_2,446.859,0.0,0.0
forward_2,446.91,0.0,0.0
forward_2,446.961,0.0,0.0
forward_2,447.012,0.0,0.0
forward_2,447.063,0.0,0.0
forward_2,447.114,0.0,0.0
forward_2,447.165,0.0,0.0
forward_2,447.216,0.0,0.0
forward_2,447.267,0.0,0.0
forward_2,447.318,0.0,0.0
forward_2,447.369,0.0,0.0
forward_2,447.42,0.0,0.0
forward_2,447.471,0.0,0.0
forward_2,447.522,0.0,0.0
forward_2,447.573,0.0,0.0
forward_2,447.624,0.0,0.0
forward_2,447.675,0.0,0.0
forward_2,447.726,0.0,0.0
forward_2,447.777,0.0,0.0
forward_2,447.828,0.0,0.0
forward_2,447.879,0.0,0.0
forward_2,447.93,0.0,0.0
forward_2,447.981,0.0,0.0
forward_2,448.032,0.0,0.0
forward_2,448.083,0.0,0.0
forward_2,448.134,0.0,0.0
forward_2,448.185,0.0,0.0
forward_2,448.236,0.0,0.0
forward_2,448.287,0.0,0.0
forward_2,448.338,0.0,0.0
forward_2,448.389,0.0,0.0
forward_2,448.44,0.0,0.0
forward_2,448.491,0.0,0.0
forward_2,448.542,0.0,0.0
forward_2,448.593,0.0,0.0
forward_2,448.644,0.0,0.0
forward_2,448.695,0.0,0.0
forward_2,448.746,0.0,0.0
forward_2,448.797,0.0,0.0
forward_2,448.848,0.0,0.0
forward_2,448.899,0.0,0.0
forward_2,448.95,0.0,0.0
forward_2,449.001,0.0,0.0
reset,449.043,0.0,0.0
reset,449.094,0.0,0.0
reset,449.145,0.0,0.0
reset,449.196,0.0,0.0
reset,449.247,0.0,0.0
reset,449.298,0.0,0.0
reset,449.349,0.0,0.0
reset,449.4,0.0,0.0
reset,449.451,0.0,0.0
reset,449.502,0.0,0.0
reset,449.553,0.0,0.0
reset,449.604,0.0,0.0
reset,449.655,0.0,0.0
reset,449.706,0.0,0.0
reset,449.757,0.0,0.0
reset,449.808,0.0,0.0
reset,449.859,0.0,0.0
reset,449.91,0.0,0.0
reset,449.961,0.0,0.0
reset,450.012,0.0,0.0
reset,450.045,0.0,0.0
reset,450.216,0.0,0.0
reset,450.267,0.0,0.0
reset,450.318,0.0,0.0
reset,450.369,0.0,0.0
reset,450.42,0.0,0.0
reset,450.471,0.0,0.0
reset,450.522,0.0,0.0
reset,450.573,0.0,0.0
reset,450.624,0.0,0.0
reset,450.675,0.0,0.0
reset,450.726,0.0,0.0
reset,450.777,0.0,0.0
reset,450.828,0.0,0.0
reset,450.879,0.0,0.0
reset,450.93,0.0,0.0
reset,450.981,0.0,0.0
reset,451.032,0.0,0.0
reset,451.083,0.0,0.0
reset,451.134,0.0,0.0
reset,451.185,0.0,0.0
reset,451.236,0.0,0.0
reset,451.287,0.0,0.0
reset,451.338,0.0,0.0
reset,451.389,0.0,0.0
reset,451.44,0.0,0.0
reset,451.491,0.0,0.0
reset,451.542,0.0,0.0
reverse_2,451.545,0.0,0.0
reverse_2,451.596,0.0,0.0
reverse_2,451.647,0.0,0.0
reverse_2,451.698,0.0,0.0
reverse_2,451.749,0.0,0.0
reverse_2,451.8,0.0,0.0
reverse_2,451.851,0.0,0.0
reverse_2,451.902,0.0,0.0
reverse_2,451.953,0.0,0.0
reverse_2,452.004,0.0,0.0
reverse_2,452.055,0.0,0.0
reverse_2,452.106,0.0,0.0
reverse_2,452.157,0.0,0.0
reverse_2,452.208,0.0,0.0
reverse_2,452.259,0.0,0.0
reverse_2,452.31,0.0,0.0
reverse_2,452.361,0.0,0.0
reverse_2,452.412,0.0,0.0
reverse_2,452.463,0.0,0.0
reverse_2,452.514,0.0,0.0
reverse_2,452.547,-0.2,0.0
reverse_2,452.598,-0.2,0.0
reverse_2,452.649,-0.2,0.0
reverse_2,452.7,-0.2,0.0
reverse_2,452.751,-0.2,0.0
reverse_2,452.802,-0.2,0.0
reverse_2,452.853,-0.2,0.0
reverse_2,452.904,-0.2,0.0
reverse_2,452.955,-0.2,0.0
reverse_2,453.006,-0.2,0.0
reverse_2,453.057,-0.2,0.0
reverse_2,453.108,-0.2,0.0
reverse_2,453.159,-0.2,0.0
reverse_2,453.21,-0.2,0.0
reverse_2,453.261,-0.2,0.0
reverse_2,453.312,-0.2,0.0
reverse_2,453.363,-0.2,0.0
reverse_2,453.414,-0.2,0.0
reverse_2,453.465,-0.2,0.0
reverse_2,453.516,-0.2,0.0
reverse_2,453.567,-0.2,0.0
reverse_2,453.618,-0.2,0.0
reverse_2,453.669,-0.2,0.0
reverse_2,453.72,-0.2,0.0
reverse_2,453.771,-0.2,0.0
reverse_2,453.822,-0.2,0.0
reverse_2,453.873,-0.2,0.0
reverse_2,453.924,-0.2,0.0
reverse_2,453.975,-0.2,0.0
reverse_2,454.026,-0.2,0.0
reverse_2,454.077,-0.2,0.0
reverse_2,454.128,-0.2,0.0
reverse_2,454.179,-0.2,0.0
reverse_2,454.23,-0.2,0.0
reverse_2,454.281,-0.2,0.0
reverse_2,454.332,-0.2,0.0
reverse_2,454.383,-0.2,0.0
reverse_2,454.434,-0.2,0.0
reverse_2,454.485,-0.2,0.0
reverse_2,454.536,-0.2,0.0
reverse_2,454.587,-0.2,0.0
reverse_2,454.638,-0.2,0.0
reverse_2,454.689,-0.2,0.0
reverse_2,454.74,-0.2,0.0
reverse_2,454.791,-0.2,0.0
reverse_2,454.842,-0.2,0.0
reverse_2,454.893,-0.2,0.0
reverse_2,454.944,-0.2,0.0
reverse_2,454.995,-0.2,0.0
reverse_2,455.046,-0.2,0.0
reverse_2,455.097,-0.2,0.0
reverse_2,455.148,-0.2,0.0
reverse_2,455.199,-0.2,0.0
reverse_2,455.25,-0.2,0.0
reverse_2,455.301,-0.2,0.0
reverse_2,455.352,-0.2,0.0
reverse_2,455.403,-0.2,0.0
reverse_2,455.454,-0.2,0.0
reverse_2,455.505,-0.2,0.0
reverse_2,455.556,-0.2,0.0
reverse_2,455.607,-0.2,0.0
reverse_2,455.658,-0.2,0.0
reverse_2,455.709,-0.2,0.0
reverse_2,455.76,-0.2,0.0
reverse_2,455.811,-0.2,0.0
reverse_2,455.862,-0.2,0.0
reverse_2,455.913,-0.2,0.0
reverse_2,455.964,-0.2,0.0
reverse_2,456.015,-0.2,0.0
reverse_2,456.066,-0.2,0.0
reverse_2,456.117,-0.2,0.0
reverse_2,456.168,-0.2,0.0
reverse_2,456.219,-0.2,0.0
reverse_2,456.27,-0.2,0.0
reverse_2,456.321,-0.2,0.0
reverse_2,456.372,-0.2,0.0
reverse_2,456.423,-0.2,0.0
reverse_2,456.474,-0.2,0.0
reverse_2,456.525,-0.2,0.0
reverse_2,456.576,-0.2,0.0
reverse_2,456.627,-0.2,0.0
reverse_2,456.678,-0.2,0.0
reverse_2,456.729,-0.2,0.0
reverse_2,456.78,-0.2,0.0
reverse_2,456.831,-0.2,0.0
reverse_2,456.882,-0.2,0.0
reverse_2,456.933,-0.2,0.0
reverse_2,456.984,-0.2,0.0
reverse_2,457.035,-0.2,0.0
reverse_2,457.086,-0.2,0.0
reverse_2,457.137,-0.2,0.0
reverse_2,457.188,-0.2,0.0
reverse_2,457.239,-0.2,0.0
reverse_2,457.29,-0.2,0.0
reverse_2,457.341,-0.2,0.0
reverse_2,457.392,-0.2,0.0
reverse_2,457.443,-0.2,0.0
reverse_2,457.494,-0.2,0.0
reverse_2,457.545,-0.2,0.0
reverse_2,457.548,0.0,0.0
reverse_2,457.599,0.0,0.0
reverse_2,457.65,0.0,0.0
reverse_2,457.701,0.0,0.0
reverse_2,457.752,0.0,0.0
reverse_2,457.803,0.0,0.0
reverse_2,457.854,0.0,0.0
reverse_2,457.905,0.0,0.0
reverse_2,457.956,0.0,0.0
reverse_2,458.007,0.0,0.0
reverse_2,458.058,0.0,0.0
reverse_2,458.109,0.0,0.0
reverse_2,458.16,0.0,0.0
reverse_2,458.211,0.0,0.0
reverse_2,458.262,0.0,0.0
reverse_2,458.313,0.0,0.0
reverse_2,458.364,0.0,0.0
reverse_2,458.415,0.0,0.0
reverse_2,458.466,0.0,0.0
reverse_2,458.517,0.0,0.0
reverse_2,458.568,0.0,0.0
reverse_2,458.619,0.0,0.0
reverse_2,458.67,0.0,0.0
reverse_2,458.721,0.0,0.0
reverse_2,458.772,0.0,0.0
reverse_2,458.823,0.0,0.0
reverse_2,458.874,0.0,0.0
reverse_2,458.925,0.0,0.0
reverse_2,458.976,0.0,0.0
reverse_2,459.027,0.0,0.0
reverse_2,459.078,0.0,0.0
reverse_2,459.129,0.0,0.0
reverse_2,459.18,0.0,0.0
reverse_2,459.231,0.0,0.0
reverse_2,459.282,0.0,0.0
reverse_2,459.333,0.0,0.0
reverse_2,459.384,0.0,0.0
reverse_2,459.435,0.0,0.0
reverse_2,459.486,0.0,0.0
reverse_2,459.537,0.0,0.0
reverse_2,459.588,0.0,0.0
reverse_2,459.639,0.0,0.0
reverse_2,459.69,0.0,0.0
reverse_2,459.741,0.0,0.0
reverse_2,459.792,0.0,0.0
reverse_2,459.843,0.0,0.0
reverse_2,459.894,0.0,0.0
reverse_2,459.945,0.0,0.0
reverse_2,459.996,0.0,0.0
reverse_2,460.047,0.0,0.0
reverse_2,460.098,0.0,0.0
reverse_2,460.149,0.0,0.0
reverse_2,460.2,0.0,0.0
reverse_2,460.251,0.0,0.0
reverse_2,460.302,0.0,0.0
reverse_2,460.353,0.0,0.0
reverse_2,460.404,0.0,0.0
reverse_2,460.455,0.0,0.0
reverse_2,460.506,0.0,0.0
reset,460.548,0.0,0.0
reset,460.599,0.0,0.0
reset,460.65,0.0,0.0
reset,460.701,0.0,0.0
reset,460.752,0.0,0.0
reset,460.803,0.0,0.0
reset,460.854,0.0,0.0
reset,460.905,0.0,0.0
reset,460.956,0.0,0.0
reset,461.007,0.0,0.0
reset,461.058,0.0,0.0
reset,461.109,0.0,0.0
reset,461.16,0.0,0.0
reset,461.211,0.0,0.0
reset,461.262,0.0,0.0
reset,461.313,0.0,0.0
reset,461.364,0.0,0.0
reset,461.415,0.0,0.0
reset,461.466,0.0,0.0
reset,461.517,0.0,0.0
reset,461.55,0.0,0.0
reset,461.721,0.0,0.0
reset,461.772,0.0,0.0
reset,461.823,0.0,0.0
reset,461.874,0.0,0.0
reset,461.925,0.0,0.0
reset,461.976,0.0,0.0
reset,462.027,0.0,0.0
reset,462.078,0.0,0.0
reset,462.129,0.0,0.0
reset,462.18,0.0,0.0
reset,462.231,0.0,0.0
reset,462.282,0.0,0.0
reset,462.333,0.0,0.0
reset,462.384,0.0,0.0
reset,462.435,0.0,0.0
reset,462.486,0.0,0.0
reset,462.537,0.0,0.0
reset,462.588,0.0,0.0
reset,462.639,0.0,0.0
reset,462.69,0.0,0.0
reset,462.741,0.0,0.0
reset,462.792,0.0,0.0
reset,462.843,0.0,0.0
reset,462.894,0.0,0.0
reset,462.945,0.0,0.0
reset,462.996,0.0,0.0
reset,463.047,0.0,0.0
pivot_ccw_2,463.05,0.0,0.0
pivot_ccw_2,463.101,0.0,0.0
pivot_ccw_2,463.152,0.0,0.0
pivot_ccw_2,463.203,0.0,0.0
pivot_ccw_2,463.254,0.0,0.0
pivot_ccw_2,463.305,0.0,0.0
pivot_ccw_2,463.356,0.0,0.0
pivot_ccw_2,463.407,0.0,0.0
pivot_ccw_2,463.458,0.0,0.0
pivot_ccw_2,463.509,0.0,0.0
pivot_ccw_2,463.56,0.0,0.0
pivot_ccw_2,463.611,0.0,0.0
pivot_ccw_2,463.662,0.0,0.0
pivot_ccw_2,463.713,0.0,0.0
pivot_ccw_2,463.764,0.0,0.0
pivot_ccw_2,463.815,0.0,0.0
pivot_ccw_2,463.866,0.0,0.0
pivot_ccw_2,463.917,0.0,0.0
pivot_ccw_2,463.968,0.0,0.0
pivot_ccw_2,464.019,0.0,0.0
pivot_ccw_2,464.052,0.0,0.5
pivot_ccw_2,464.103,0.0,0.5
pivot_ccw_2,464.154,0.0,0.5
pivot_ccw_2,464.205,0.0,0.5
pivot_ccw_2,464.256,0.0,0.5
pivot_ccw_2,464.307,0.0,0.5
pivot_ccw_2,464.358,0.0,0.5
pivot_ccw_2,464.409,0.0,0.5
pivot_ccw_2,464.46,0.0,0.5
pivot_ccw_2,464.511,0.0,0.5
pivot_ccw_2,464.562,0.0,0.5
pivot_ccw_2,464.613,0.0,0.5
pivot_ccw_2,464.664,0.0,0.5
pivot_ccw_2,464.715,0.0,0.5
pivot_ccw_2,464.766,0.0,0.5
pivot_ccw_2,464.817,0.0,0.5
pivot_ccw_2,464.868,0.0,0.5
pivot_ccw_2,464.919,0.0,0.5
pivot_ccw_2,464.97,0.0,0.5
pivot_ccw_2,465.021,0.0,0.5
pivot_ccw_2,465.072,0.0,0.5
pivot_ccw_2,465.123,0.0,0.5
pivot_ccw_2,465.174,0.0,0.5
pivot_ccw_2,465.225,0.0,0.5
pivot_ccw_2,465.276,0.0,0.5
pivot_ccw_2,465.327,0.0,0.5
pivot_ccw_2,465.378,0.0,0.5
pivot_ccw_2,465.429,0.0,0.5
pivot_ccw_2,465.48,0.0,0.5
pivot_ccw_2,465.531,0.0,0.5
pivot_ccw_2,465.582,0.0,0.5
pivot_ccw_2,465.633,0.0,0.5
pivot_ccw_2,465.684,0.0,0.5
pivot_ccw_2,465.735,0.0,0.5
pivot_ccw_2,465.786,0.0,0.5
pivot_ccw_2,465.837,0.0,0.5
pivot_ccw_2,465.888,0.0,0.5
pivot_ccw_2,465.939,0.0,0.5
pivot_ccw_2,465.99,0.0,0.5
pivot_ccw_2,466.041,0.0,0.5
pivot_ccw_2,466.092,0.0,0.5
pivot_ccw_2,466.143,0.0,0.5
pivot_ccw_2,466.194,0.0,0.5
pivot_ccw_2,466.245,0.0,0.5
pivot_ccw_2,466.296,0.0,0.5
pivot_ccw_2,466.347,0.0,0.5
pivot_ccw_2,466.398,0.0,0.5
pivot_ccw_2,466.449,0.0,0.5
pivot_ccw_2,466.5,0.0,0.5
pivot_ccw_2,466.551,0.0,0.5
pivot_ccw_2,466.602,0.0,0.5
pivot_ccw_2,466.653,0.0,0.5
pivot_ccw_2,466.704,0.0,0.5
pivot_ccw_2,466.755,0.0,0.5
pivot_ccw_2,466.806,0.0,0.5
pivot_ccw_2,466.857,0.0,0.5
pivot_ccw_2,466.908,0.0,0.5
pivot_ccw_2,466.959,0.0,0.5
pivot_ccw_2,467.01,0.0,0.5
pivot_ccw_2,467.061,0.0,0.5
pivot_ccw_2,467.112,0.0,0.5
pivot_ccw_2,467.163,0.0,0.5
pivot_ccw_2,467.214,0.0,0.5
pivot_ccw_2,467.265,0.0,0.5
pivot_ccw_2,467.316,0.0,0.5
pivot_ccw_2,467.367,0.0,0.5
pivot_ccw_2,467.418,0.0,0.5
pivot_ccw_2,467.469,0.0,0.5
pivot_ccw_2,467.52,0.0,0.5
pivot_ccw_2,467.571,0.0,0.5
pivot_ccw_2,467.622,0.0,0.5
pivot_ccw_2,467.673,0.0,0.5
pivot_ccw_2,467.724,0.0,0.5
pivot_ccw_2,467.775,0.0,0.5
pivot_ccw_2,467.826,0.0,0.5
pivot_ccw_2,467.877,0.0,0.5
pivot_ccw_2,467.928,0.0,0.5
pivot_ccw_2,467.979,0.0,0.5
pivot_ccw_2,468.03,0.0,0.5
pivot_ccw_2,468.081,0.0,0.5
pivot_ccw_2,468.132,0.0,0.5
pivot_ccw_2,468.183,0.0,0.5
pivot_ccw_2,468.234,0.0,0.5
pivot_ccw_2,468.285,0.0,0.5
pivot_ccw_2,468.336,0.0,0.5
pivot_ccw_2,468.387,0.0,0.5
pivot_ccw_2,468.438,0.0,0.5
pivot_ccw_2,468.489,0.0,0.5
pivot_ccw_2,468.54,0.0,0.5
pivot_ccw_2,468.591,0.0,0.5
pivot_ccw_2,468.642,0.0,0.5
pivot_ccw_2,468.693,0.0,0.5
pivot_ccw_2,468.744,0.0,0.5
pivot_ccw_2,468.795,0.0,0.5
pivot_ccw_2,468.846,0.0,0.5
pivot_ccw_2,468.897,0.0,0.5
pivot_ccw_2,468.948,0.0,0.5
pivot_ccw_2,468.999,0.0,0.5
pivot_ccw_2,469.05,0.0,0.5
pivot_ccw_2,469.053,0.0,0.0
pivot_ccw_2,469.104,0.0,0.0
pivot_ccw_2,469.155,0.0,0.0
pivot_ccw_2,469.206,0.0,0.0
pivot_ccw_2,469.257,0.0,0.0
pivot_ccw_2,469.308,0.0,0.0
pivot_ccw_2,469.359,0.0,0.0
pivot_ccw_2,469.41,0.0,0.0
pivot_ccw_2,469.461,0.0,0.0
pivot_ccw_2,469.512,0.0,0.0
pivot_ccw_2,469.563,0.0,0.0
pivot_ccw_2,469.614,0.0,0.0
pivot_ccw_2,469.665,0.0,0.0
pivot_ccw_2,469.716,0.0,0.0
pivot_ccw_2,469.767,0.0,0.0
pivot_ccw_2,469.818,0.0,0.0
pivot_ccw_2,469.869,0.0,0.0
pivot_ccw_2,469.92,0.0,0.0
pivot_ccw_2,469.971,0.0,0.0
pivot_ccw_2,470.022,0.0,0.0
pivot_ccw_2,470.073,0.0,0.0
pivot_ccw_2,470.124,0.0,0.0
pivot_ccw_2,470.175,0.0,0.0
pivot_ccw_2,470.226,0.0,0.0
pivot_ccw_2,470.277,0.0,0.0
pivot_ccw_2,470.328,0.0,0.0
pivot_ccw_2,470.379,0.0,0.0
pivot_ccw_2,470.43,0.0,0.0
pivot_ccw_2,470.481,0.0,0.0
pivot_ccw_2,470.532,0.0,0.0
pivot_ccw_2,470.583,0.0,0.0
pivot_ccw_2,470.634,0.0,0.0
pivot_ccw_2,470.685,0.0,0.0
pivot_ccw_2,470.736,0.0,0.0
pivot_ccw_2,470.787,0.0,0.0
pivot_ccw_2,470.838,0.0,0.0
pivot_ccw_2,470.889,0.0,0.0
pivot_ccw_2,470.94,0.0,0.0
pivot_ccw_2,470.991,0.0,0.0
pivot_ccw_2,471.042,0.0,0.0
pivot_ccw_2,471.093,0.0,0.0
pivot_ccw_2,471.144,0.0,0.0
pivot_ccw_2,471.195,0.0,0.0
pivot_ccw_2,471.246,0.0,0.0
pivot_ccw_2,471.297,0.0,0.0
pivot_ccw_2,471.348,0.0,0.0
pivot_ccw_2,471.399,0.0,0.0
pivot_ccw_2,471.45,0.0,0.0
pivot_ccw_2,471.501,0.0,0.0
pivot_ccw_2,471.552,0.0,0.0
pivot_ccw_2,471.603,0.0,0.0
pivot_ccw_2,471.654,0.0,0.0
pivot_ccw_2,471.705,0.0,0.0
pivot_ccw_2,471.756,0.0,0.0
pivot_ccw_2,471.807,0.0,0.0
pivot_ccw_2,471.858,0.0,0.0
pivot_ccw_2,471.909,0.0,0.0
pivot_ccw_2,471.96,0.0,0.0
pivot_ccw_2,472.011,0.0,0.0
reset,472.053,0.0,0.0
reset,472.104,0.0,0.0
reset,472.155,0.0,0.0
reset,472.206,0.0,0.0
reset,472.257,0.0,0.0
reset,472.308,0.0,0.0
reset,472.359,0.0,0.0
reset,472.41,0.0,0.0
reset,472.461,0.0,0.0
reset,472.512,0.0,0.0
reset,472.563,0.0,0.0
reset,472.614,0.0,0.0
reset,472.665,0.0,0.0
reset,472.716,0.0,0.0
reset,472.767,0.0,0.0
reset,472.818,0.0,0.0
reset,472.869,0.0,0.0
reset,472.92,0.0,0.0
reset,472.971,0.0,0.0
reset,473.022,0.0,0.0
reset,473.055,0.0,0.0
reset,473.232,0.0,0.0
reset,473.283,0.0,0.0
reset,473.334,0.0,0.0
reset,473.385,0.0,0.0
reset,473.436,0.0,0.0
reset,473.487,0.0,0.0
reset,473.538,0.0,0.0
reset,473.589,0.0,0.0
reset,473.64,0.0,0.0
reset,473.691,0.0,0.0
reset,473.742,0.0,0.0
reset,473.793,0.0,0.0
reset,473.844,0.0,0.0
reset,473.895,0.0,0.0
reset,473.946,0.0,0.0
reset,473.997,0.0,0.0
reset,474.048,0.0,0.0
reset,474.099,0.0,0.0
reset,474.15,0.0,0.0
reset,474.201,0.0,0.0
reset,474.252,0.0,0.0
reset,474.303,0.0,0.0
reset,474.354,0.0,0.0
reset,474.405,0.0,0.0
reset,474.456,0.0,0.0
reset,474.507,0.0,0.0
pivot_cw_2,474.555,0.0,0.0
pivot_cw_2,474.606,0.0,0.0
pivot_cw_2,474.657,0.0,0.0
pivot_cw_2,474.708,0.0,0.0
pivot_cw_2,474.759,0.0,0.0
pivot_cw_2,474.81,0.0,0.0
pivot_cw_2,474.861,0.0,0.0
pivot_cw_2,474.912,0.0,0.0
pivot_cw_2,474.963,0.0,0.0
pivot_cw_2,475.014,0.0,0.0
pivot_cw_2,475.065,0.0,0.0
pivot_cw_2,475.116,0.0,0.0
pivot_cw_2,475.167,0.0,0.0
pivot_cw_2,475.218,0.0,0.0
pivot_cw_2,475.269,0.0,0.0
pivot_cw_2,475.32,0.0,0.0
pivot_cw_2,475.371,0.0,0.0
pivot_cw_2,475.422,0.0,0.0
pivot_cw_2,475.473,0.0,0.0
pivot_cw_2,475.524,0.0,0.0
pivot_cw_2,475.557,0.0,-0.5
pivot_cw_2,475.608,0.0,-0.5
pivot_cw_2,475.659,0.0,-0.5
pivot_cw_2,475.71,0.0,-0.5
pivot_cw_2,475.761,0.0,-0.5
pivot_cw_2,475.812,0.0,-0.5
pivot_cw_2,475.863,0.0,-0.5
pivot_cw_2,475.914,0.0,-0.5
pivot_cw_2,475.965,0.0,-0.5
pivot_cw_2,476.016,0.0,-0.5
pivot_cw_2,476.067,0.0,-0.5
pivot_cw_2,476.118,0.0,-0.5
pivot_cw_2,476.169,0.0,-0.5
pivot_cw_2,476.22,0.0,-0.5
pivot_cw_2,476.271,0.0,-0.5
pivot_cw_2,476.322,0.0,-0.5
pivot_cw_2,476.373,0.0,-0.5
pivot_cw_2,476.424,0.0,-0.5
pivot_cw_2,476.475,0.0,-0.5
pivot_cw_2,476.526,0.0,-0.5
pivot_cw_2,476.577,0.0,-0.5
pivot_cw_2,476.628,0.0,-0.5
pivot_cw_2,476.679,0.0,-0.5
pivot_cw_2,476.73,0.0,-0.5
pivot_cw_2,476.781,0.0,-0.5
pivot_cw_2,476.832,0.0,-0.5
pivot_cw_2,476.883,0.0,-0.5
pivot_cw_2,476.934,0.0,-0.5
pivot_cw_2,476.985,0.0,-0.5
pivot_cw_2,477.036,0.0,-0.5
pivot_cw_2,477.087,0.0,-0.5
pivot_cw_2,477.138,0.0,-0.5
pivot_cw_2,477.189,0.0,-0.5
pivot_cw_2,477.24,0.0,-0.5
pivot_cw_2,477.291,0.0,-0.5
pivot_cw_2,477.342,0.0,-0.5
pivot_cw_2,477.393,0.0,-0.5
pivot_cw_2,477.444,0.0,-0.5
pivot_cw_2,477.495,0.0,-0.5
pivot_cw_2,477.546,0.0,-0.5
pivot_cw_2,477.597,0.0,-0.5
pivot_cw_2,477.648,0.0,-0.5
pivot_cw_2,477.699,0.0,-0.5
pivot_cw_2,477.75,0.0,-0.5
pivot_cw_2,477.801,0.0,-0.5
pivot_cw_2,477.852,0.0,-0.5
pivot_cw_2,477.903,0.0,-0.5
pivot_cw_2,477.954,0.0,-0.5
pivot_cw_2,478.005,0.0,-0.5
pivot_cw_2,478.056,0.0,-0.5
pivot_cw_2,478.107,0.0,-0.5
pivot_cw_2,478.158,0.0,-0.5
pivot_cw_2,478.209,0.0,-0.5
pivot_cw_2,478.26,0.0,-0.5
pivot_cw_2,478.311,0.0,-0.5
pivot_cw_2,478.362,0.0,-0.5
pivot_cw_2,478.413,0.0,-0.5
pivot_cw_2,478.464,0.0,-0.5
pivot_cw_2,478.515,0.0,-0.5
pivot_cw_2,478.566,0.0,-0.5
pivot_cw_2,478.617,0.0,-0.5
pivot_cw_2,478.668,0.0,-0.5
pivot_cw_2,478.719,0.0,-0.5
pivot_cw_2,478.77,0.0,-0.5
pivot_cw_2,478.821,0.0,-0.5
pivot_cw_2,478.872,0.0,-0.5
pivot_cw_2,478.923,0.0,-0.5
pivot_cw_2,478.974,0.0,-0.5
pivot_cw_2,479.025,0.0,-0.5
pivot_cw_2,479.076,0.0,-0.5
pivot_cw_2,479.127,0.0,-0.5
pivot_cw_2,479.178,0.0,-0.5
pivot_cw_2,479.229,0.0,-0.5
pivot_cw_2,479.28,0.0,-0.5
pivot_cw_2,479.331,0.0,-0.5
pivot_cw_2,479.382,0.0,-0.5
pivot_cw_2,479.433,0.0,-0.5
pivot_cw_2,479.484,0.0,-0.5
pivot_cw_2,479.535,0.0,-0.5
pivot_cw_2,479.586,0.0,-0.5
pivot_cw_2,479.637,0.0,-0.5
pivot_cw_2,479.688,0.0,-0.5
pivot_cw_2,479.739,0.0,-0.5
pivot_cw_2,479.79,0.0,-0.5
pivot_cw_2,479.841,0.0,-0.5
pivot_cw_2,479.892,0.0,-0.5
pivot_cw_2,479.943,0.0,-0.5
pivot_cw_2,479.994,0.0,-0.5
pivot_cw_2,480.045,0.0,-0.5
pivot_cw_2,480.096,0.0,-0.5
pivot_cw_2,480.147,0.0,-0.5
pivot_cw_2,480.198,0.0,-0.5
pivot_cw_2,480.249,0.0,-0.5
pivot_cw_2,480.3,0.0,-0.5
pivot_cw_2,480.351,0.0,-0.5
pivot_cw_2,480.402,0.0,-0.5
pivot_cw_2,480.453,0.0,-0.5
pivot_cw_2,480.504,0.0,-0.5
pivot_cw_2,480.555,0.0,-0.5
pivot_cw_2,480.558,0.0,0.0
pivot_cw_2,480.609,0.0,0.0
pivot_cw_2,480.66,0.0,0.0
pivot_cw_2,480.711,0.0,0.0
pivot_cw_2,480.762,0.0,0.0
pivot_cw_2,480.813,0.0,0.0
pivot_cw_2,480.864,0.0,0.0
pivot_cw_2,480.915,0.0,0.0
pivot_cw_2,480.966,0.0,0.0
pivot_cw_2,481.017,0.0,0.0
pivot_cw_2,481.068,0.0,0.0
pivot_cw_2,481.119,0.0,0.0
pivot_cw_2,481.17,0.0,0.0
pivot_cw_2,481.221,0.0,0.0
pivot_cw_2,481.272,0.0,0.0
pivot_cw_2,481.323,0.0,0.0
pivot_cw_2,481.374,0.0,0.0
pivot_cw_2,481.425,0.0,0.0
pivot_cw_2,481.476,0.0,0.0
pivot_cw_2,481.527,0.0,0.0
pivot_cw_2,481.578,0.0,0.0
pivot_cw_2,481.629,0.0,0.0
pivot_cw_2,481.68,0.0,0.0
pivot_cw_2,481.731,0.0,0.0
pivot_cw_2,481.782,0.0,0.0
pivot_cw_2,481.833,0.0,0.0
pivot_cw_2,481.884,0.0,0.0
pivot_cw_2,481.935,0.0,0.0
pivot_cw_2,481.986,0.0,0.0
pivot_cw_2,482.037,0.0,0.0
pivot_cw_2,482.088,0.0,0.0
pivot_cw_2,482.139,0.0,0.0
pivot_cw_2,482.19,0.0,0.0
pivot_cw_2,482.241,0.0,0.0
pivot_cw_2,482.292,0.0,0.0
pivot_cw_2,482.343,0.0,0.0
pivot_cw_2,482.394,0.0,0.0
pivot_cw_2,482.445,0.0,0.0
pivot_cw_2,482.496,0.0,0.0
pivot_cw_2,482.547,0.0,0.0
pivot_cw_2,482.598,0.0,0.0
pivot_cw_2,482.649,0.0,0.0
pivot_cw_2,482.7,0.0,0.0
pivot_cw_2,482.751,0.0,0.0
pivot_cw_2,482.802,0.0,0.0
pivot_cw_2,482.853,0.0,0.0
pivot_cw_2,482.904,0.0,0.0
pivot_cw_2,482.955,0.0,0.0
pivot_cw_2,483.006,0.0,0.0
pivot_cw_2,483.057,0.0,0.0
pivot_cw_2,483.108,0.0,0.0
pivot_cw_2,483.159,0.0,0.0
pivot_cw_2,483.21,0.0,0.0
pivot_cw_2,483.261,0.0,0.0
pivot_cw_2,483.312,0.0,0.0
pivot_cw_2,483.363,0.0,0.0
pivot_cw_2,483.414,0.0,0.0
pivot_cw_2,483.465,0.0,0.0
pivot_cw_2,483.516,0.0,0.0
reset,483.558,0.0,0.0
reset,483.609,0.0,0.0
reset,483.66,0.0,0.0
reset,483.711,0.0,0.0
reset,483.762,0.0,0.0
reset,483.813,0.0,0.0
reset,483.864,0.0,0.0
reset,483.915,0.0,0.0
reset,483.966,0.0,0.0
reset,484.017,0.0,0.0
reset,484.068,0.0,0.0
reset,484.119,0.0,0.0
reset,484.17,0.0,0.0
reset,484.221,0.0,0.0
reset,484.272,0.0,0.0
reset,484.323,0.0,0.0
reset,484.374,0.0,0.0
reset,484.425,0.0,0.0
reset,484.476,0.0,0.0
reset,484.527,0.0,0.0
reset,484.56,0.0,0.0
reset,484.728,0.0,0.0
reset,484.779,0.0,0.0
reset,484.83,0.0,0.0
reset,484.881,0.0,0.0
reset,484.932,0.0,0.0
reset,484.983,0.0,0.0
reset,485.034,0.0,0.0
reset,485.085,0.0,0.0
reset,485.136,0.0,0.0
reset,485.187,0.0,0.0
reset,485.238,0.0,0.0
reset,485.289,0.0,0.0
reset,485.34,0.0,0.0
reset,485.391,0.0,0.0
reset,485.442,0.0,0.0
reset,485.493,0.0,0.0
reset,485.544,0.0,0.0
reset,485.595,0.0,0.0
reset,485.646,0.0,0.0
reset,485.697,0.0,0.0
reset,485.748,0.0,0.0
reset,485.799,0.0,0.0
reset,485.85,0.0,0.0
reset,485.901,0.0,0.0
reset,485.952,0.0,0.0
reset,486.003,0.0,0.0
reset,486.054,0.0,0.0
arc_left_2,486.06,0.0,0.0
arc_left_2,486.111,0.0,0.0
arc_left_2,486.162,0.0,0.0
arc_left_2,486.213,0.0,0.0
arc_left_2,486.264,0.0,0.0
arc_left_2,486.315,0.0,0.0
arc_left_2,486.366,0.0,0.0
arc_left_2,486.417,0.0,0.0
arc_left_2,486.468,0.0,0.0
arc_left_2,486.519,0.0,0.0
arc_left_2,486.57,0.0,0.0
arc_left_2,486.621,0.0,0.0
arc_left_2,486.672,0.0,0.0
arc_left_2,486.723,0.0,0.0
arc_left_2,486.774,0.0,0.0
arc_left_2,486.825,0.0,0.0
arc_left_2,486.876,0.0,0.0
arc_left_2,486.927,0.0,0.0
arc_left_2,486.978,0.0,0.0
arc_left_2,487.029,0.0,0.0
arc_left_2,487.062,0.15,0.3
arc_left_2,487.113,0.15,0.3
arc_left_2,487.164,0.15,0.3
arc_left_2,487.215,0.15,0.3
arc_left_2,487.266,0.15,0.3
arc_left_2,487.317,0.15,0.3
arc_left_2,487.368,0.15,0.3
arc_left_2,487.419,0.15,0.3
arc_left_2,487.47,0.15,0.3
arc_left_2,487.521,0.15,0.3
arc_left_2,487.572,0.15,0.3
arc_left_2,487.623,0.15,0.3
arc_left_2,487.674,0.15,0.3
arc_left_2,487.725,0.15,0.3
arc_left_2,487.776,0.15,0.3
arc_left_2,487.827,0.15,0.3
arc_left_2,487.878,0.15,0.3
arc_left_2,487.929,0.15,0.3
arc_left_2,487.98,0.15,0.3
arc_left_2,488.031,0.15,0.3
arc_left_2,488.082,0.15,0.3
arc_left_2,488.133,0.15,0.3
arc_left_2,488.184,0.15,0.3
arc_left_2,488.235,0.15,0.3
arc_left_2,488.286,0.15,0.3
arc_left_2,488.337,0.15,0.3
arc_left_2,488.388,0.15,0.3
arc_left_2,488.439,0.15,0.3
arc_left_2,488.49,0.15,0.3
arc_left_2,488.541,0.15,0.3
arc_left_2,488.592,0.15,0.3
arc_left_2,488.643,0.15,0.3
arc_left_2,488.694,0.15,0.3
arc_left_2,488.745,0.15,0.3
arc_left_2,488.796,0.15,0.3
arc_left_2,488.847,0.15,0.3
arc_left_2,488.898,0.15,0.3
arc_left_2,488.949,0.15,0.3
arc_left_2,489.0,0.15,0.3
arc_left_2,489.051,0.15,0.3
arc_left_2,489.102,0.15,0.3
arc_left_2,489.153,0.15,0.3
arc_left_2,489.204,0.15,0.3
arc_left_2,489.255,0.15,0.3
arc_left_2,489.306,0.15,0.3
arc_left_2,489.357,0.15,0.3
arc_left_2,489.408,0.15,0.3
arc_left_2,489.459,0.15,0.3
arc_left_2,489.51,0.15,0.3
arc_left_2,489.561,0.15,0.3
arc_left_2,489.612,0.15,0.3
arc_left_2,489.663,0.15,0.3
arc_left_2,489.714,0.15,0.3
arc_left_2,489.765,0.15,0.3
arc_left_2,489.816,0.15,0.3
arc_left_2,489.867,0.15,0.3
arc_left_2,489.918,0.15,0.3
arc_left_2,489.969,0.15,0.3
arc_left_2,490.02,0.15,0.3
arc_left_2,490.071,0.15,0.3
arc_left_2,490.122,0.15,0.3
arc_left_2,490.173,0.15,0.3
arc_left_2,490.224,0.15,0.3
arc_left_2,490.275,0.15,0.3
arc_left_2,490.326,0.15,0.3
arc_left_2,490.377,0.15,0.3
arc_left_2,490.428,0.15,0.3
arc_left_2,490.479,0.15,0.3
arc_left_2,490.53,0.15,0.3
arc_left_2,490.581,0.15,0.3
arc_left_2,490.632,0.15,0.3
arc_left_2,490.683,0.15,0.3
arc_left_2,490.734,0.15,0.3
arc_left_2,490.785,0.15,0.3
arc_left_2,490.836,0.15,0.3
arc_left_2,490.887,0.15,0.3
arc_left_2,490.938,0.15,0.3
arc_left_2,490.989,0.15,0.3
arc_left_2,491.04,0.15,0.3
arc_left_2,491.091,0.15,0.3
arc_left_2,491.142,0.15,0.3
arc_left_2,491.193,0.15,0.3
arc_left_2,491.244,0.15,0.3
arc_left_2,491.295,0.15,0.3
arc_left_2,491.346,0.15,0.3
arc_left_2,491.397,0.15,0.3
arc_left_2,491.448,0.15,0.3
arc_left_2,491.499,0.15,0.3
arc_left_2,491.55,0.15,0.3
arc_left_2,491.601,0.15,0.3
arc_left_2,491.652,0.15,0.3
arc_left_2,491.703,0.15,0.3
arc_left_2,491.754,0.15,0.3
arc_left_2,491.805,0.15,0.3
arc_left_2,491.856,0.15,0.3
arc_left_2,491.907,0.15,0.3
arc_left_2,491.958,0.15,0.3
arc_left_2,492.009,0.15,0.3
arc_left_2,492.06,0.15,0.3
arc_left_2,492.111,0.15,0.3
arc_left_2,492.162,0.15,0.3
arc_left_2,492.213,0.15,0.3
arc_left_2,492.264,0.15,0.3
arc_left_2,492.315,0.15,0.3
arc_left_2,492.366,0.15,0.3
arc_left_2,492.417,0.15,0.3
arc_left_2,492.468,0.15,0.3
arc_left_2,492.519,0.15,0.3
arc_left_2,492.57,0.15,0.3
arc_left_2,492.621,0.15,0.3
arc_left_2,492.672,0.15,0.3
arc_left_2,492.723,0.15,0.3
arc_left_2,492.774,0.15,0.3
arc_left_2,492.825,0.15,0.3
arc_left_2,492.876,0.15,0.3
arc_left_2,492.927,0.15,0.3
arc_left_2,492.978,0.15,0.3
arc_left_2,493.029,0.15,0.3
arc_left_2,493.062,0.0,0.0
arc_left_2,493.113,0.0,0.0
arc_left_2,493.164,0.0,0.0
arc_left_2,493.215,0.0,0.0
arc_left_2,493.266,0.0,0.0
arc_left_2,493.317,0.0,0.0
arc_left_2,493.368,0.0,0.0
arc_left_2,493.419,0.0,0.0
arc_left_2,493.47,0.0,0.0
arc_left_2,493.521,0.0,0.0
arc_left_2,493.572,0.0,0.0
arc_left_2,493.623,0.0,0.0
arc_left_2,493.674,0.0,0.0
arc_left_2,493.725,0.0,0.0
arc_left_2,493.776,0.0,0.0
arc_left_2,493.827,0.0,0.0
arc_left_2,493.878,0.0,0.0
arc_left_2,493.929,0.0,0.0
arc_left_2,493.98,0.0,0.0
arc_left_2,494.031,0.0,0.0
arc_left_2,494.082,0.0,0.0
arc_left_2,494.133,0.0,0.0
arc_left_2,494.184,0.0,0.0
arc_left_2,494.235,0.0,0.0
arc_left_2,494.286,0.0,0.0
arc_left_2,494.337,0.0,0.0
arc_left_2,494.388,0.0,0.0
arc_left_2,494.439,0.0,0.0
arc_left_2,494.49,0.0,0.0
arc_left_2,494.541,0.0,0.0
arc_left_2,494.592,0.0,0.0
arc_left_2,494.643,0.0,0.0
arc_left_2,494.694,0.0,0.0
arc_left_2,494.745,0.0,0.0
arc_left_2,494.796,0.0,0.0
arc_left_2,494.847,0.0,0.0
arc_left_2,494.898,0.0,0.0
arc_left_2,494.949,0.0,0.0
arc_left_2,495.0,0.0,0.0
arc_left_2,495.051,0.0,0.0
arc_left_2,495.102,0.0,0.0
arc_left_2,495.153,0.0,0.0
arc_left_2,495.204,0.0,0.0
arc_left_2,495.255,0.0,0.0
arc_left_2,495.306,0.0,0.0
arc_left_2,495.357,0.0,0.0
arc_left_2,495.408,0.0,0.0
arc_left_2,495.459,0.0,0.0
arc_left_2,495.51,0.0,0.0
arc_left_2,495.561,0.0,0.0
arc_left_2,495.612,0.0,0.0
arc_left_2,495.663,0.0,0.0
arc_left_2,495.714,0.0,0.0
arc_left_2,495.765,0.0,0.0
arc_left_2,495.816,0.0,0.0
arc_left_2,495.867,0.0,0.0
arc_left_2,495.918,0.0,0.0
arc_left_2,495.969,0.0,0.0
arc_left_2,496.02,0.0,0.0
reset,496.062,0.0,0.0
reset,496.113,0.0,0.0
reset,496.164,0.0,0.0
reset,496.215,0.0,0.0
reset,496.266,0.0,0.0
reset,496.317,0.0,0.0
reset,496.368,0.0,0.0
reset,496.419,0.0,0.0
reset,496.47,0.0,0.0
reset,496.521,0.0,0.0
reset,496.572,0.0,0.0
reset,496.623,0.0,0.0
reset,496.674,0.0,0.0
reset,496.725,0.0,0.0
reset,496.776,0.0,0.0
reset,496.827,0.0,0.0
reset,496.878,0.0,0.0
reset,496.929,0.0,0.0
reset,496.98,0.0,0.0
reset,497.031,0.0,0.0
reset,497.064,0.0,0.0
reset,497.235,0.0,0.0
reset,497.286,0.0,0.0
reset,497.337,0.0,0.0
reset,497.388,0.0,0.0
reset,497.439,0.0,0.0
reset,497.49,0.0,0.0
reset,497.541,0.0,0.0
reset,497.592,0.0,0.0
reset,497.643,0.0,0.0
reset,497.694,0.0,0.0
reset,497.745,0.0,0.0
reset,497.796,0.0,0.0
reset,497.847,0.0,0.0
reset,497.898,0.0,0.0
reset,497.949,0.0,0.0
reset,498.0,0.0,0.0
reset,498.051,0.0,0.0
reset,498.102,0.0,0.0
reset,498.153,0.0,0.0
reset,498.204,0.0,0.0
reset,498.255,0.0,0.0
reset,498.306,0.0,0.0
reset,498.357,0.0,0.0
reset,498.408,0.0,0.0
reset,498.459,0.0,0.0
reset,498.51,0.0,0.0
reset,498.561,0.0,0.0
arc_right_2,498.564,0.0,0.0
arc_right_2,498.615,0.0,0.0
arc_right_2,498.666,0.0,0.0
arc_right_2,498.717,0.0,0.0
arc_right_2,498.768,0.0,0.0
arc_right_2,498.819,0.0,0.0
arc_right_2,498.87,0.0,0.0
arc_right_2,498.921,0.0,0.0
arc_right_2,498.972,0.0,0.0
arc_right_2,499.023,0.0,0.0
arc_right_2,499.074,0.0,0.0
arc_right_2,499.125,0.0,0.0
arc_right_2,499.176,0.0,0.0
arc_right_2,499.227,0.0,0.0
arc_right_2,499.278,0.0,0.0
arc_right_2,499.329,0.0,0.0
arc_right_2,499.38,0.0,0.0
arc_right_2,499.431,0.0,0.0
arc_right_2,499.482,0.0,0.0
arc_right_2,499.533,0.0,0.0
arc_right_2,499.566,0.15,-0.3
arc_right_2,499.617,0.15,-0.3
arc_right_2,499.668,0.15,-0.3
arc_right_2,499.719,0.15,-0.3
arc_right_2,499.77,0.15,-0.3
arc_right_2,499.821,0.15,-0.3
arc_right_2,499.872,0.15,-0.3
arc_right_2,499.923,0.15,-0.3
arc_right_2,499.974,0.15,-0.3
arc_right_2,500.025,0.15,-0.3
arc_right_2,500.076,0.15,-0.3
arc_right_2,500.127,0.15,-0.3
arc_right_2,500.178,0.15,-0.3
arc_right_2,500.229,0.15,-0.3
arc_right_2,500.28,0.15,-0.3
arc_right_2,500.331,0.15,-0.3
arc_right_2,500.382,0.15,-0.3
arc_right_2,500.433,0.15,-0.3
arc_right_2,500.484,0.15,-0.3
arc_right_2,500.535,0.15,-0.3
arc_right_2,500.586,0.15,-0.3
arc_right_2,500.637,0.15,-0.3
arc_right_2,500.688,0.15,-0.3
arc_right_2,500.739,0.15,-0.3
arc_right_2,500.79,0.15,-0.3
arc_right_2,500.841,0.15,-0.3
arc_right_2,500.892,0.15,-0.3
arc_right_2,500.943,0.15,-0.3
arc_right_2,500.994,0.15,-0.3
arc_right_2,501.045,0.15,-0.3
arc_right_2,501.096,0.15,-0.3
arc_right_2,501.147,0.15,-0.3
arc_right_2,501.198,0.15,-0.3
arc_right_2,501.249,0.15,-0.3
arc_right_2,501.3,0.15,-0.3
arc_right_2,501.351,0.15,-0.3
arc_right_2,501.402,0.15,-0.3
arc_right_2,501.453,0.15,-0.3
arc_right_2,501.504,0.15,-0.3
arc_right_2,501.555,0.15,-0.3
arc_right_2,501.606,0.15,-0.3
arc_right_2,501.657,0.15,-0.3
arc_right_2,501.708,0.15,-0.3
arc_right_2,501.759,0.15,-0.3
arc_right_2,501.81,0.15,-0.3
arc_right_2,501.861,0.15,-0.3
arc_right_2,501.912,0.15,-0.3
arc_right_2,501.963,0.15,-0.3
arc_right_2,502.014,0.15,-0.3
arc_right_2,502.065,0.15,-0.3
arc_right_2,502.116,0.15,-0.3
arc_right_2,502.167,0.15,-0.3
arc_right_2,502.218,0.15,-0.3
arc_right_2,502.269,0.15,-0.3
arc_right_2,502.32,0.15,-0.3
arc_right_2,502.371,0.15,-0.3
arc_right_2,502.422,0.15,-0.3
arc_right_2,502.473,0.15,-0.3
arc_right_2,502.524,0.15,-0.3
arc_right_2,502.575,0.15,-0.3
arc_right_2,502.626,0.15,-0.3
arc_right_2,502.677,0.15,-0.3
arc_right_2,502.728,0.15,-0.3
arc_right_2,502.779,0.15,-0.3
arc_right_2,502.83,0.15,-0.3
arc_right_2,502.881,0.15,-0.3
arc_right_2,502.932,0.15,-0.3
arc_right_2,502.983,0.15,-0.3
arc_right_2,503.034,0.15,-0.3
arc_right_2,503.085,0.15,-0.3
arc_right_2,503.136,0.15,-0.3
arc_right_2,503.187,0.15,-0.3
arc_right_2,503.238,0.15,-0.3
arc_right_2,503.289,0.15,-0.3
arc_right_2,503.34,0.15,-0.3
arc_right_2,503.391,0.15,-0.3
arc_right_2,503.442,0.15,-0.3
arc_right_2,503.493,0.15,-0.3
arc_right_2,503.544,0.15,-0.3
arc_right_2,503.595,0.15,-0.3
arc_right_2,503.646,0.15,-0.3
arc_right_2,503.697,0.15,-0.3
arc_right_2,503.748,0.15,-0.3
arc_right_2,503.799,0.15,-0.3
arc_right_2,503.85,0.15,-0.3
arc_right_2,503.901,0.15,-0.3
arc_right_2,503.952,0.15,-0.3
arc_right_2,504.003,0.15,-0.3
arc_right_2,504.054,0.15,-0.3
arc_right_2,504.105,0.15,-0.3
arc_right_2,504.156,0.15,-0.3
arc_right_2,504.207,0.15,-0.3
arc_right_2,504.258,0.15,-0.3
arc_right_2,504.309,0.15,-0.3
arc_right_2,504.36,0.15,-0.3
arc_right_2,504.411,0.15,-0.3
arc_right_2,504.462,0.15,-0.3
arc_right_2,504.513,0.15,-0.3
arc_right_2,504.564,0.15,-0.3
arc_right_2,504.615,0.15,-0.3
arc_right_2,504.666,0.15,-0.3
arc_right_2,504.717,0.15,-0.3
arc_right_2,504.768,0.15,-0.3
arc_right_2,504.819,0.15,-0.3
arc_right_2,504.87,0.15,-0.3
arc_right_2,504.921,0.15,-0.3
arc_right_2,504.972,0.15,-0.3
arc_right_2,505.023,0.15,-0.3
arc_right_2,505.074,0.15,-0.3
arc_right_2,505.125,0.15,-0.3
arc_right_2,505.176,0.15,-0.3
arc_right_2,505.227,0.15,-0.3
arc_right_2,505.278,0.15,-0.3
arc_right_2,505.329,0.15,-0.3
arc_right_2,505.38,0.15,-0.3
arc_right_2,505.431,0.15,-0.3
arc_right_2,505.482,0.15,-0.3
arc_right_2,505.533,0.15,-0.3
arc_right_2,505.566,0.0,0.0
arc_right_2,505.617,0.0,0.0
arc_right_2,505.668,0.0,0.0
arc_right_2,505.719,0.0,0.0
arc_right_2,505.77,0.0,0.0
arc_right_2,505.821,0.0,0.0
arc_right_2,505.872,0.0,0.0
arc_right_2,505.923,0.0,0.0
arc_right_2,505.974,0.0,0.0
arc_right_2,506.025,0.0,0.0
arc_right_2,506.076,0.0,0.0
arc_right_2,506.127,0.0,0.0
arc_right_2,506.178,0.0,0.0
arc_right_2,506.229,0.0,0.0
arc_right_2,506.28,0.0,0.0
arc_right_2,506.331,0.0,0.0
arc_right_2,506.382,0.0,0.0
arc_right_2,506.433,0.0,0.0
arc_right_2,506.484,0.0,0.0
arc_right_2,506.535,0.0,0.0
arc_right_2,506.586,0.0,0.0
arc_right_2,506.637,0.0,0.0
arc_right_2,506.688,0.0,0.0
arc_right_2,506.739,0.0,0.0
arc_right_2,506.79,0.0,0.0
arc_right_2,506.841,0.0,0.0
arc_right_2,506.892,0.0,0.0
arc_right_2,506.943,0.0,0.0
arc_right_2,506.994,0.0,0.0
arc_right_2,507.045,0.0,0.0
arc_right_2,507.096,0.0,0.0
arc_right_2,507.147,0.0,0.0
arc_right_2,507.198,0.0,0.0
arc_right_2,507.249,0.0,0.0
arc_right_2,507.3,0.0,0.0
arc_right_2,507.351,0.0,0.0
arc_right_2,507.402,0.0,0.0
arc_right_2,507.453,0.0,0.0
arc_right_2,507.504,0.0,0.0
arc_right_2,507.555,0.0,0.0
arc_right_2,507.606,0.0,0.0
arc_right_2,507.657,0.0,0.0
arc_right_2,507.708,0.0,0.0
arc_right_2,507.759,0.0,0.0
arc_right_2,507.81,0.0,0.0
arc_right_2,507.861,0.0,0.0
arc_right_2,507.912,0.0,0.0
arc_right_2,507.963,0.0,0.0
arc_right_2,508.014,0.0,0.0
arc_right_2,508.065,0.0,0.0
arc_right_2,508.116,0.0,0.0
arc_right_2,508.167,0.0,0.0
arc_right_2,508.218,0.0,0.0
arc_right_2,508.269,0.0,0.0
arc_right_2,508.32,0.0,0.0
arc_right_2,508.371,0.0,0.0
arc_right_2,508.422,0.0,0.0
arc_right_2,508.473,0.0,0.0
arc_right_2,508.524,0.0,0.0
reset,508.566,0.0,0.0
reset,508.617,0.0,0.0
reset,508.668,0.0,0.0
reset,508.719,0.0,0.0
reset,508.77,0.0,0.0
reset,508.821,0.0,0.0
reset,508.872,0.0,0.0
reset,508.923,0.0,0.0
reset,508.974,0.0,0.0
reset,509.025,0.0,0.0
reset,509.076,0.0,0.0
reset,509.127,0.0,0.0
reset,509.178,0.0,0.0
reset,509.229,0.0,0.0
reset,509.28,0.0,0.0
reset,509.331,0.0,0.0
reset,509.382,0.0,0.0
reset,509.433,0.0,0.0
reset,509.484,0.0,0.0
reset,509.535,0.0,0.0
reset,509.568,0.0,0.0
reset,509.739,0.0,0.0
reset,509.79,0.0,0.0
reset,509.841,0.0,0.0
reset,509.892,0.0,0.0
reset,509.943,0.0,0.0
reset,509.994,0.0,0.0
reset,510.045,0.0,0.0
reset,510.096,0.0,0.0
reset,510.147,0.0,0.0
reset,510.198,0.0,0.0
reset,510.249,0.0,0.0
reset,510.3,0.0,0.0
reset,510.351,0.0,0.0
reset,510.402,0.0,0.0
reset,510.453,0.0,0.0
reset,510.504,0.0,0.0
reset,510.555,0.0,0.0
reset,510.606,0.0,0.0
reset,510.657,0.0,0.0
reset,510.708,0.0,0.0
reset,510.759,0.0,0.0
reset,510.81,0.0,0.0
reset,510.861,0.0,0.0
reset,510.912,0.0,0.0
reset,510.963,0.0,0.0
reset,511.014,0.0,0.0
reset,511.065,0.0,0.0
brake_2,511.068,0.0,0.0
brake_2,511.119,0.0,0.0
brake_2,511.17,0.0,0.0
brake_2,511.221,0.0,0.0
brake_2,511.272,0.0,0.0
brake_2,511.323,0.0,0.0
brake_2,511.374,0.0,0.0
brake_2,511.425,0.0,0.0
brake_2,511.476,0.0,0.0
brake_2,511.527,0.0,0.0
brake_2,511.578,0.0,0.0
brake_2,511.629,0.0,0.0
brake_2,511.68,0.0,0.0
brake_2,511.731,0.0,0.0
brake_2,511.782,0.0,0.0
brake_2,511.833,0.0,0.0
brake_2,511.884,0.0,0.0
brake_2,511.935,0.0,0.0
brake_2,511.986,0.0,0.0
brake_2,512.037,0.0,0.0
brake_2,512.07,0.3,0.0
brake_2,512.121,0.3,0.0
brake_2,512.172,0.3,0.0
brake_2,512.223,0.3,0.0
brake_2,512.274,0.3,0.0
brake_2,512.325,0.3,0.0
brake_2,512.376,0.3,0.0
brake_2,512.427,0.3,0.0
brake_2,512.478,0.3,0.0
brake_2,512.529,0.3,0.0
brake_2,512.58,0.3,0.0
brake_2,512.631,0.3,0.0
brake_2,512.682,0.3,0.0
brake_2,512.733,0.3,0.0
brake_2,512.784,0.3,0.0
brake_2,512.835,0.3,0.0
brake_2,512.886,0.3,0.0
brake_2,512.937,0.3,0.0
brake_2,512.988,0.3,0.0
brake_2,513.039,0.3,0.0
brake_2,513.09,0.3,0.0
brake_2,513.141,0.3,0.0
brake_2,513.192,0.3,0.0
brake_2,513.243,0.3,0.0
brake_2,513.294,0.3,0.0
brake_2,513.345,0.3,0.0
brake_2,513.396,0.3,0.0
brake_2,513.447,0.3,0.0
brake_2,513.498,0.3,0.0
brake_2,513.549,0.3,0.0
brake_2,513.6,0.3,0.0
brake_2,513.651,0.3,0.0
brake_2,513.702,0.3,0.0
brake_2,513.753,0.3,0.0
brake_2,513.804,0.3,0.0
brake_2,513.855,0.3,0.0
brake_2,513.906,0.3,0.0
brake_2,513.957,0.3,0.0
brake_2,514.008,0.3,0.0
brake_2,514.059,0.3,0.0
brake_2,514.11,0.3,0.0
brake_2,514.161,0.3,0.0
brake_2,514.212,0.3,0.0
brake_2,514.263,0.3,0.0
brake_2,514.314,0.3,0.0
brake_2,514.365,0.3,0.0
brake_2,514.416,0.3,0.0
brake_2,514.467,0.3,0.0
brake_2,514.518,0.3,0.0
brake_2,514.569,0.3,0.0
brake_2,514.62,0.3,0.0
brake_2,514.671,0.3,0.0
brake_2,514.722,0.3,0.0
brake_2,514.773,0.3,0.0
brake_2,514.824,0.3,0.0
brake_2,514.875,0.3,0.0
brake_2,514.926,0.3,0.0
brake_2,514.977,0.3,0.0
brake_2,515.028,0.3,0.0
brake_2,515.079,0.3,0.0
brake_2,515.13,0.3,0.0
brake_2,515.181,0.3,0.0
brake_2,515.232,0.3,0.0
brake_2,515.283,0.3,0.0
brake_2,515.334,0.3,0.0
brake_2,515.385,0.3,0.0
brake_2,515.436,0.3,0.0
brake_2,515.487,0.3,0.0
brake_2,515.538,0.3,0.0
brake_2,515.589,0.3,0.0
brake_2,515.64,0.3,0.0
brake_2,515.691,0.3,0.0
brake_2,515.742,0.3,0.0
brake_2,515.793,0.3,0.0
brake_2,515.844,0.3,0.0
brake_2,515.895,0.3,0.0
brake_2,515.946,0.3,0.0
brake_2,515.997,0.3,0.0
brake_2,516.048,0.3,0.0
brake_2,516.072,0.0,0.0
brake_2,516.123,0.0,0.0
brake_2,516.174,0.0,0.0
brake_2,516.225,0.0,0.0
brake_2,516.276,0.0,0.0
brake_2,516.327,0.0,0.0
brake_2,516.378,0.0,0.0
brake_2,516.429,0.0,0.0
brake_2,516.48,0.0,0.0
brake_2,516.531,0.0,0.0
brake_2,516.582,0.0,0.0
brake_2,516.633,0.0,0.0
brake_2,516.684,0.0,0.0
brake_2,516.735,0.0,0.0
brake_2,516.786,0.0,0.0
brake_2,516.837,0.0,0.0
brake_2,516.888,0.0,0.0
brake_2,516.939,0.0,0.0
brake_2,516.99,0.0,0.0
brake_2,517.041,0.0,0.0
brake_2,517.092,0.0,0.0
brake_2,517.143,0.0,0.0
brake_2,517.194,0.0,0.0
brake_2,517.245,0.0,0.0
brake_2,517.296,0.0,0.0
brake_2,517.347,0.0,0.0
brake_2,517.398,0.0,0.0
brake_2,517.449,0.0,0.0
brake_2,517.5,0.0,0.0
brake_2,517.551,0.0,0.0
brake_2,517.602,0.0,0.0
brake_2,517.653,0.0,0.0
brake_2,517.704,0.0,0.0
brake_2,517.755,0.0,0.0
brake_2,517.806,0.0,0.0
brake_2,517.857,0.0,0.0
brake_2,517.908,0.0,0.0
brake_2,517.959,0.0,0.0
brake_2,518.01,0.0,0.0
brake_2,518.061,0.0,0.0
brake_2,518.112,0.0,0.0
brake_2,518.163,0.0,0.0
brake_2,518.214,0.0,0.0
brake_2,518.265,0.0,0.0
brake_2,518.316,0.0,0.0
brake_2,518.367,0.0,0.0
brake_2,518.418,0.0,0.0
brake_2,518.469,0.0,0.0
brake_2,518.52,0.0,0.0
brake_2,518.571,0.0,0.0
brake_2,518.622,0.0,0.0
brake_2,518.673,0.0,0.0
brake_2,518.724,0.0,0.0
brake_2,518.775,0.0,0.0
brake_2,518.826,0.0,0.0
brake_2,518.877,0.0,0.0
brake_2,518.928,0.0,0.0
brake_2,518.979,0.0,0.0
brake_2,519.03,0.0,0.0
reset,519.072,0.0,0.0
reset,519.123,0.0,0.0
reset,519.174,0.0,0.0
reset,519.225,0.0,0.0
reset,519.276,0.0,0.0
reset,519.327,0.0,0.0
reset,519.378,0.0,0.0
reset,519.429,0.0,0.0
reset,519.48,0.0,0.0
reset,519.531,0.0,0.0
reset,519.582,0.0,0.0
reset,519.633,0.0,0.0
reset,519.684,0.0,0.0
reset,519.735,0.0,0.0
reset,519.786,0.0,0.0
reset,519.837,0.0,0.0
reset,519.888,0.0,0.0
reset,519.939,0.0,0.0
reset,519.99,0.0,0.0
reset,520.041,0.0,0.0
reset,520.074,0.0,0.0
reset,520.254,0.0,0.0
reset,520.305,0.0,0.0
reset,520.356,0.0,0.0
reset,520.407,0.0,0.0
reset,520.458,0.0,0.0
reset,520.509,0.0,0.0
reset,520.56,0.0,0.0
reset,520.611,0.0,0.0
reset,520.662,0.0,0.0
reset,520.713,0.0,0.0
reset,520.764,0.0,0.0
reset,520.815,0.0,0.0
reset,520.866,0.0,0.0
reset,520.917,0.0,0.0
reset,520.968,0.0,0.0
reset,521.019,0.0,0.0
reset,521.07,0.0,0.0
reset,521.121,0.0,0.0
reset,521.172,0.0,0.0
reset,521.223,0.0,0.0
reset,521.274,0.0,0.0
reset,521.325,0.0,0.0
reset,521.376,0.0,0.0
reset,521.427,0.0,0.0
reset,521.478,0.0,0.0
reset,521.529,0.0,0.0
forward_3,521.574,0.0,0.0
forward_3,521.625,0.0,0.0
forward_3,521.676,0.0,0.0
forward_3,521.727,0.0,0.0
forward_3,521.778,0.0,0.0
forward_3,521.829,0.0,0.0
forward_3,521.88,0.0,0.0
forward_3,521.931,0.0,0.0
forward_3,521.982,0.0,0.0
forward_3,522.033,0.0,0.0
forward_3,522.084,0.0,0.0
forward_3,522.135,0.0,0.0
forward_3,522.186,0.0,0.0
forward_3,522.237,0.0,0.0
forward_3,522.288,0.0,0.0
forward_3,522.339,0.0,0.0
forward_3,522.39,0.0,0.0
forward_3,522.441,0.0,0.0
forward_3,522.492,0.0,0.0
forward_3,522.543,0.0,0.0
forward_3,522.576,0.2,0.0
forward_3,522.627,0.2,0.0
forward_3,522.678,0.2,0.0
forward_3,522.729,0.2,0.0
forward_3,522.78,0.2,0.0
forward_3,522.831,0.2,0.0
forward_3,522.882,0.2,0.0
forward_3,522.933,0.2,0.0
forward_3,522.984,0.2,0.0
forward_3,523.035,0.2,0.0
forward_3,523.086,0.2,0.0
forward_3,523.137,0.2,0.0
forward_3,523.188,0.2,0.0
forward_3,523.239,0.2,0.0
forward_3,523.29,0.2,0.0
forward_3,523.341,0.2,0.0
forward_3,523.392,0.2,0.0
forward_3,523.443,0.2,0.0
forward_3,523.494,0.2,0.0
forward_3,523.545,0.2,0.0
forward_3,523.596,0.2,0.0
forward_3,523.647,0.2,0.0
forward_3,523.698,0.2,0.0
forward_3,523.749,0.2,0.0
forward_3,523.8,0.2,0.0
forward_3,523.851,0.2,0.0
forward_3,523.902,0.2,0.0
forward_3,523.953,0.2,0.0
forward_3,524.004,0.2,0.0
forward_3,524.055,0.2,0.0
forward_3,524.106,0.2,0.0
forward_3,524.157,0.2,0.0
forward_3,524.208,0.2,0.0
forward_3,524.259,0.2,0.0
forward_3,524.31,0.2,0.0
forward_3,524.361,0.2,0.0
forward_3,524.412,0.2,0.0
forward_3,524.463,0.2,0.0
forward_3,524.514,0.2,0.0
forward_3,524.565,0.2,0.0
forward_3,524.616,0.2,0.0
forward_3,524.667,0.2,0.0
forward_3,524.718,0.2,0.0
forward_3,524.769,0.2,0.0
forward_3,524.82,0.2,0.0
forward_3,524.871,0.2,0.0
forward_3,524.922,0.2,0.0
forward_3,524.973,0.2,0.0
forward_3,525.024,0.2,0.0
forward_3,525.075,0.2,0.0
forward_3,525.126,0.2,0.0
forward_3,525.177,0.2,0.0
forward_3,525.228,0.2,0.0
forward_3,525.279,0.2,0.0
forward_3,525.33,0.2,0.0
forward_3,525.381,0.2,0.0
forward_3,525.432,0.2,0.0
forward_3,525.483,0.2,0.0
forward_3,525.534,0.2,0.0
forward_3,525.585,0.2,0.0
forward_3,525.636,0.2,0.0
forward_3,525.687,0.2,0.0
forward_3,525.738,0.2,0.0
forward_3,525.789,0.2,0.0
forward_3,525.84,0.2,0.0
forward_3,525.891,0.2,0.0
forward_3,525.942,0.2,0.0
forward_3,525.993,0.2,0.0
forward_3,526.044,0.2,0.0
forward_3,526.095,0.2,0.0
forward_3,526.146,0.2,0.0
forward_3,526.197,0.2,0.0
forward_3,526.248,0.2,0.0
forward_3,526.299,0.2,0.0
forward_3,526.35,0.2,0.0
forward_3,526.401,0.2,0.0
forward_3,526.452,0.2,0.0
forward_3,526.503,0.2,0.0
forward_3,526.554,0.2,0.0
forward_3,526.605,0.2,0.0
forward_3,526.656,0.2,0.0
forward_3,526.707,0.2,0.0
forward_3,526.758,0.2,0.0
forward_3,526.809,0.2,0.0
forward_3,526.86,0.2,0.0
forward_3,526.911,0.2,0.0
forward_3,526.962,0.2,0.0
forward_3,527.013,0.2,0.0
forward_3,527.064,0.2,0.0
forward_3,527.115,0.2,0.0
forward_3,527.166,0.2,0.0
forward_3,527.217,0.2,0.0
forward_3,527.268,0.2,0.0
forward_3,527.319,0.2,0.0
forward_3,527.37,0.2,0.0
forward_3,527.421,0.2,0.0
forward_3,527.472,0.2,0.0
forward_3,527.523,0.2,0.0
forward_3,527.574,0.2,0.0
forward_3,527.577,0.0,0.0
forward_3,527.628,0.0,0.0
forward_3,527.679,0.0,0.0
forward_3,527.73,0.0,0.0
forward_3,527.781,0.0,0.0
forward_3,527.832,0.0,0.0
forward_3,527.883,0.0,0.0
forward_3,527.934,0.0,0.0
forward_3,527.985,0.0,0.0
forward_3,528.036,0.0,0.0
forward_3,528.087,0.0,0.0
forward_3,528.138,0.0,0.0
forward_3,528.189,0.0,0.0
forward_3,528.24,0.0,0.0
forward_3,528.291,0.0,0.0
forward_3,528.342,0.0,0.0
forward_3,528.393,0.0,0.0
forward_3,528.444,0.0,0.0
forward_3,528.495,0.0,0.0
forward_3,528.546,0.0,0.0
forward_3,528.597,0.0,0.0
forward_3,528.648,0.0,0.0
forward_3,528.699,0.0,0.0
forward_3,528.75,0.0,0.0
forward_3,528.801,0.0,0.0
forward_3,528.852,0.0,0.0
forward_3,528.903,0.0,0.0
forward_3,528.954,0.0,0.0
forward_3,529.005,0.0,0.0
forward_3,529.056,0.0,0.0
forward_3,529.107,0.0,0.0
forward_3,529.158,0.0,0.0
forward_3,529.209,0.0,0.0
forward_3,529.26,0.0,0.0
forward_3,529.311,0.0,0.0
forward_3,529.362,0.0,0.0
forward_3,529.413,0.0,0.0
forward_3,529.464,0.0,0.0
forward_3,529.515,0.0,0.0
forward_3,529.566,0.0,0.0
forward_3,529.617,0.0,0.0
forward_3,529.668,0.0,0.0
forward_3,529.719,0.0,0.0
forward_3,529.77,0.0,0.0
forward_3,529.821,0.0,0.0
forward_3,529.872,0.0,0.0
forward_3,529.923,0.0,0.0
forward_3,529.974,0.0,0.0
forward_3,530.025,0.0,0.0
forward_3,530.076,0.0,0.0
forward_3,530.127,0.0,0.0
forward_3,530.178,0.0,0.0
forward_3,530.229,0.0,0.0
forward_3,530.28,0.0,0.0
forward_3,530.331,0.0,0.0
forward_3,530.382,0.0,0.0
forward_3,530.433,0.0,0.0
forward_3,530.484,0.0,0.0
forward_3,530.535,0.0,0.0
reset,530.577,0.0,0.0
reset,530.628,0.0,0.0
reset,530.679,0.0,0.0
reset,530.73,0.0,0.0
reset,530.781,0.0,0.0
reset,530.832,0.0,0.0
reset,530.883,0.0,0.0
reset,530.934,0.0,0.0
reset,530.985,0.0,0.0
reset,531.036,0.0,0.0
reset,531.087,0.0,0.0
reset,531.138,0.0,0.0
reset,531.189,0.0,0.0
reset,531.24,0.0,0.0
reset,531.291,0.0,0.0
reset,531.342,0.0,0.0
reset,531.393,0.0,0.0
reset,531.444,0.0,0.0
reset,531.495,0.0,0.0
reset,531.546,0.0,0.0
reset,531.579,0.0,0.0
reset,531.774,0.0,0.0
reset,531.825,0.0,0.0
reset,531.876,0.0,0.0
reset,531.927,0.0,0.0
reset,531.978,0.0,0.0
reset,532.029,0.0,0.0
reset,532.08,0.0,0.0
reset,532.131,0.0,0.0
reset,532.182,0.0,0.0
reset,532.233,0.0,0.0
reset,532.284,0.0,0.0
reset,532.335,0.0,0.0
reset,532.386,0.0,0.0
reset,532.437,0.0,0.0
reset,532.488,0.0,0.0
reset,532.539,0.0,0.0
reset,532.59,0.0,0.0
reset,532.641,0.0,0.0
reset,532.692,0.0,0.0
reset,532.743,0.0,0.0
reset,532.794,0.0,0.0
reset,532.845,0.0,0.0
reset,532.896,0.0,0.0
reset,532.947,0.0,0.0
reset,532.998,0.0,0.0
reset,533.049,0.0,0.0
reverse_3,533.079,0.0,0.0
reverse_3,533.13,0.0,0.0
reverse_3,533.181,0.0,0.0
reverse_3,533.232,0.0,0.0
reverse_3,533.283,0.0,0.0
reverse_3,533.334,0.0,0.0
reverse_3,533.385,0.0,0.0
reverse_3,533.436,0.0,0.0
reverse_3,533.487,0.0,0.0
reverse_3,533.538,0.0,0.0
reverse_3,533.589,0.0,0.0
reverse_3,533.64,0.0,0.0
reverse_3,533.691,0.0,0.0
reverse_3,533.742,0.0,0.0
reverse_3,533.793,0.0,0.0
reverse_3,533.844,0.0,0.0
reverse_3,533.895,0.0,0.0
reverse_3,533.946,0.0,0.0
reverse_3,533.997,0.0,0.0
reverse_3,534.048,0.0,0.0
reverse_3,534.081,-0.2,0.0
reverse_3,534.132,-0.2,0.0
reverse_3,534.183,-0.2,0.0
reverse_3,534.234,-0.2,0.0
reverse_3,534.285,-0.2,0.0
reverse_3,534.336,-0.2,0.0
reverse_3,534.387,-0.2,0.0
reverse_3,534.438,-0.2,0.0
reverse_3,534.489,-0.2,0.0
reverse_3,534.54,-0.2,0.0
reverse_3,534.591,-0.2,0.0
reverse_3,534.642,-0.2,0.0
reverse_3,534.693,-0.2,0.0
reverse_3,534.744,-0.2,0.0
reverse_3,534.795,-0.2,0.0
reverse_3,534.846,-0.2,0.0
reverse_3,534.897,-0.2,0.0
reverse_3,534.948,-0.2,0.0
reverse_3,534.999,-0.2,0.0
reverse_3,535.05,-0.2,0.0
reverse_3,535.101,-0.2,0.0
reverse_3,535.152,-0.2,0.0
reverse_3,535.203,-0.2,0.0
reverse_3,535.254,-0.2,0.0
reverse_3,535.305,-0.2,0.0
reverse_3,535.356,-0.2,0.0
reverse_3,535.407,-0.2,0.0
reverse_3,535.458,-0.2,0.0
reverse_3,535.509,-0.2,0.0
reverse_3,535.56,-0.2,0.0
reverse_3,535.611,-0.2,0.0
reverse_3,535.662,-0.2,0.0
reverse_3,535.713,-0.2,0.0
reverse_3,535.764,-0.2,0.0
reverse_3,535.815,-0.2,0.0
reverse_3,535.866,-0.2,0.0
reverse_3,535.917,-0.2,0.0
reverse_3,535.968,-0.2,0.0
reverse_3,536.019,-0.2,0.0
reverse_3,536.07,-0.2,0.0
reverse_3,536.121,-0.2,0.0
reverse_3,536.172,-0.2,0.0
reverse_3,536.223,-0.2,0.0
reverse_3,536.274,-0.2,0.0
reverse_3,536.325,-0.2,0.0
reverse_3,536.376,-0.2,0.0
reverse_3,536.427,-0.2,0.0
reverse_3,536.478,-0.2,0.0
reverse_3,536.529,-0.2,0.0
reverse_3,536.58,-0.2,0.0
reverse_3,536.631,-0.2,0.0
reverse_3,536.682,-0.2,0.0
reverse_3,536.733,-0.2,0.0
reverse_3,536.784,-0.2,0.0
reverse_3,536.835,-0.2,0.0
reverse_3,536.886,-0.2,0.0
reverse_3,536.937,-0.2,0.0
reverse_3,536.988,-0.2,0.0
reverse_3,537.039,-0.2,0.0
reverse_3,537.09,-0.2,0.0
reverse_3,537.141,-0.2,0.0
reverse_3,537.192,-0.2,0.0
reverse_3,537.243,-0.2,0.0
reverse_3,537.294,-0.2,0.0
reverse_3,537.345,-0.2,0.0
reverse_3,537.396,-0.2,0.0
reverse_3,537.447,-0.2,0.0
reverse_3,537.498,-0.2,0.0
reverse_3,537.549,-0.2,0.0
reverse_3,537.6,-0.2,0.0
reverse_3,537.651,-0.2,0.0
reverse_3,537.702,-0.2,0.0
reverse_3,537.753,-0.2,0.0
reverse_3,537.804,-0.2,0.0
reverse_3,537.855,-0.2,0.0
reverse_3,537.906,-0.2,0.0
reverse_3,537.957,-0.2,0.0
reverse_3,538.008,-0.2,0.0
reverse_3,538.059,-0.2,0.0
reverse_3,538.11,-0.2,0.0
reverse_3,538.161,-0.2,0.0
reverse_3,538.212,-0.2,0.0
reverse_3,538.263,-0.2,0.0
reverse_3,538.314,-0.2,0.0
reverse_3,538.365,-0.2,0.0
reverse_3,538.416,-0.2,0.0
reverse_3,538.467,-0.2,0.0
reverse_3,538.518,-0.2,0.0
reverse_3,538.569,-0.2,0.0
reverse_3,538.62,-0.2,0.0
reverse_3,538.671,-0.2,0.0
reverse_3,538.722,-0.2,0.0
reverse_3,538.773,-0.2,0.0
reverse_3,538.824,-0.2,0.0
reverse_3,538.875,-0.2,0.0
reverse_3,538.926,-0.2,0.0
reverse_3,538.977,-0.2,0.0
reverse_3,539.028,-0.2,0.0
reverse_3,539.079,-0.2,0.0
reverse_3,539.082,0.0,0.0
reverse_3,539.133,0.0,0.0
reverse_3,539.184,0.0,0.0
reverse_3,539.235,0.0,0.0
reverse_3,539.286,0.0,0.0
reverse_3,539.337,0.0,0.0
reverse_3,539.388,0.0,0.0
reverse_3,539.439,0.0,0.0
reverse_3,539.49,0.0,0.0
reverse_3,539.541,0.0,0.0
reverse_3,539.592,0.0,0.0
reverse_3,539.643,0.0,0.0
reverse_3,539.694,0.0,0.0
reverse_3,539.745,0.0,0.0
reverse_3,539.796,0.0,0.0
reverse_3,539.847,0.0,0.0
reverse_3,539.898,0.0,0.0
reverse_3,539.949,0.0,0.0
reverse_3,540.0,0.0,0.0
reverse_3,540.051,0.0,0.0
reverse_3,540.102,0.0,0.0
reverse_3,540.153,0.0,0.0
reverse_3,540.204,0.0,0.0
reverse_3,540.255,0.0,0.0
reverse_3,540.306,0.0,0.0
reverse_3,540.357,0.0,0.0
reverse_3,540.408,0.0,0.0
reverse_3,540.459,0.0,0.0
reverse_3,540.51,0.0,0.0
reverse_3,540.561,0.0,0.0
reverse_3,540.612,0.0,0.0
reverse_3,540.663,0.0,0.0
reverse_3,540.714,0.0,0.0
reverse_3,540.765,0.0,0.0
reverse_3,540.816,0.0,0.0
reverse_3,540.867,0.0,0.0
reverse_3,540.918,0.0,0.0
reverse_3,540.969,0.0,0.0
reverse_3,541.02,0.0,0.0
reverse_3,541.071,0.0,0.0
reverse_3,541.122,0.0,0.0
reverse_3,541.173,0.0,0.0
reverse_3,541.224,0.0,0.0
reverse_3,541.275,0.0,0.0
reverse_3,541.326,0.0,0.0
reverse_3,541.377,0.0,0.0
reverse_3,541.428,0.0,0.0
reverse_3,541.479,0.0,0.0
reverse_3,541.53,0.0,0.0
reverse_3,541.581,0.0,0.0
reverse_3,541.632,0.0,0.0
reverse_3,541.683,0.0,0.0
reverse_3,541.734,0.0,0.0
reverse_3,541.785,0.0,0.0
reverse_3,541.836,0.0,0.0
reverse_3,541.887,0.0,0.0
reverse_3,541.938,0.0,0.0
reverse_3,541.989,0.0,0.0
reverse_3,542.04,0.0,0.0
reset,542.082,0.0,0.0
reset,542.133,0.0,0.0
reset,542.184,0.0,0.0
reset,542.235,0.0,0.0
reset,542.286,0.0,0.0
reset,542.337,0.0,0.0
reset,542.388,0.0,0.0
reset,542.439,0.0,0.0
reset,542.49,0.0,0.0
reset,542.541,0.0,0.0
reset,542.592,0.0,0.0
reset,542.643,0.0,0.0
reset,542.694,0.0,0.0
reset,542.745,0.0,0.0
reset,542.796,0.0,0.0
reset,542.847,0.0,0.0
reset,542.898,0.0,0.0
reset,542.949,0.0,0.0
reset,543.0,0.0,0.0
reset,543.051,0.0,0.0
reset,543.084,0.0,0.0
reset,543.267,0.0,0.0
reset,543.318,0.0,0.0
reset,543.369,0.0,0.0
reset,543.42,0.0,0.0
reset,543.471,0.0,0.0
reset,543.522,0.0,0.0
reset,543.573,0.0,0.0
reset,543.624,0.0,0.0
reset,543.675,0.0,0.0
reset,543.726,0.0,0.0
reset,543.777,0.0,0.0
reset,543.828,0.0,0.0
reset,543.879,0.0,0.0
reset,543.93,0.0,0.0
reset,543.981,0.0,0.0
reset,544.032,0.0,0.0
reset,544.083,0.0,0.0
reset,544.134,0.0,0.0
reset,544.185,0.0,0.0
reset,544.236,0.0,0.0
reset,544.287,0.0,0.0
reset,544.338,0.0,0.0
reset,544.389,0.0,0.0
reset,544.44,0.0,0.0
reset,544.491,0.0,0.0
reset,544.542,0.0,0.0
pivot_ccw_3,544.584,0.0,0.0
pivot_ccw_3,544.635,0.0,0.0
pivot_ccw_3,544.686,0.0,0.0
pivot_ccw_3,544.737,0.0,0.0
pivot_ccw_3,544.788,0.0,0.0
pivot_ccw_3,544.839,0.0,0.0
pivot_ccw_3,544.89,0.0,0.0
pivot_ccw_3,544.941,0.0,0.0
pivot_ccw_3,544.992,0.0,0.0
pivot_ccw_3,545.043,0.0,0.0
pivot_ccw_3,545.094,0.0,0.0
pivot_ccw_3,545.145,0.0,0.0
pivot_ccw_3,545.196,0.0,0.0
pivot_ccw_3,545.247,0.0,0.0
pivot_ccw_3,545.298,0.0,0.0
pivot_ccw_3,545.349,0.0,0.0
pivot_ccw_3,545.4,0.0,0.0
pivot_ccw_3,545.451,0.0,0.0
pivot_ccw_3,545.502,0.0,0.0
pivot_ccw_3,545.553,0.0,0.0
pivot_ccw_3,545.586,0.0,0.5
pivot_ccw_3,545.637,0.0,0.5
pivot_ccw_3,545.688,0.0,0.5
pivot_ccw_3,545.739,0.0,0.5
pivot_ccw_3,545.79,0.0,0.5
pivot_ccw_3,545.841,0.0,0.5
pivot_ccw_3,545.892,0.0,0.5
pivot_ccw_3,545.943,0.0,0.5
pivot_ccw_3,545.994,0.0,0.5
pivot_ccw_3,546.045,0.0,0.5
pivot_ccw_3,546.096,0.0,0.5
pivot_ccw_3,546.147,0.0,0.5
pivot_ccw_3,546.198,0.0,0.5
pivot_ccw_3,546.249,0.0,0.5
pivot_ccw_3,546.3,0.0,0.5
pivot_ccw_3,546.351,0.0,0.5
pivot_ccw_3,546.402,0.0,0.5
pivot_ccw_3,546.453,0.0,0.5
pivot_ccw_3,546.504,0.0,0.5
pivot_ccw_3,546.555,0.0,0.5
pivot_ccw_3,546.606,0.0,0.5
pivot_ccw_3,546.657,0.0,0.5
pivot_ccw_3,546.708,0.0,0.5
pivot_ccw_3,546.759,0.0,0.5
pivot_ccw_3,546.81,0.0,0.5
pivot_ccw_3,546.861,0.0,0.5
pivot_ccw_3,546.912,0.0,0.5
pivot_ccw_3,546.963,0.0,0.5
pivot_ccw_3,547.014,0.0,0.5
pivot_ccw_3,547.065,0.0,0.5
pivot_ccw_3,547.116,0.0,0.5
pivot_ccw_3,547.167,0.0,0.5
pivot_ccw_3,547.218,0.0,0.5
pivot_ccw_3,547.269,0.0,0.5
pivot_ccw_3,547.32,0.0,0.5
pivot_ccw_3,547.371,0.0,0.5
pivot_ccw_3,547.422,0.0,0.5
pivot_ccw_3,547.473,0.0,0.5
pivot_ccw_3,547.524,0.0,0.5
pivot_ccw_3,547.575,0.0,0.5
pivot_ccw_3,547.626,0.0,0.5
pivot_ccw_3,547.677,0.0,0.5
pivot_ccw_3,547.728,0.0,0.5
pivot_ccw_3,547.779,0.0,0.5
pivot_ccw_3,547.83,0.0,0.5
pivot_ccw_3,547.881,0.0,0.5
pivot_ccw_3,547.932,0.0,0.5
pivot_ccw_3,547.983,0.0,0.5
pivot_ccw_3,548.034,0.0,0.5
pivot_ccw_3,548.085,0.0,0.5
pivot_ccw_3,548.136,0.0,0.5
pivot_ccw_3,548.187,0.0,0.5
pivot_ccw_3,548.238,0.0,0.5
pivot_ccw_3,548.289,0.0,0.5
pivot_ccw_3,548.34,0.0,0.5
pivot_ccw_3,548.391,0.0,0.5
pivot_ccw_3,548.442,0.0,0.5
pivot_ccw_3,548.493,0.0,0.5
pivot_ccw_3,548.544,0.0,0.5
pivot_ccw_3,548.595,0.0,0.5
pivot_ccw_3,548.646,0.0,0.5
pivot_ccw_3,548.697,0.0,0.5
pivot_ccw_3,548.748,0.0,0.5
pivot_ccw_3,548.799,0.0,0.5
pivot_ccw_3,548.85,0.0,0.5
pivot_ccw_3,548.901,0.0,0.5
pivot_ccw_3,548.952,0.0,0.5
pivot_ccw_3,549.003,0.0,0.5
pivot_ccw_3,549.054,0.0,0.5
pivot_ccw_3,549.105,0.0,0.5
pivot_ccw_3,549.156,0.0,0.5
pivot_ccw_3,549.207,0.0,0.5
pivot_ccw_3,549.258,0.0,0.5
pivot_ccw_3,549.309,0.0,0.5
pivot_ccw_3,549.36,0.0,0.5
pivot_ccw_3,549.411,0.0,0.5
pivot_ccw_3,549.462,0.0,0.5
pivot_ccw_3,549.513,0.0,0.5
pivot_ccw_3,549.564,0.0,0.5
pivot_ccw_3,549.615,0.0,0.5
pivot_ccw_3,549.666,0.0,0.5
pivot_ccw_3,549.717,0.0,0.5
pivot_ccw_3,549.768,0.0,0.5
pivot_ccw_3,549.819,0.0,0.5
pivot_ccw_3,549.87,0.0,0.5
pivot_ccw_3,549.921,0.0,0.5
pivot_ccw_3,549.972,0.0,0.5
pivot_ccw_3,550.023,0.0,0.5
pivot_ccw_3,550.074,0.0,0.5
pivot_ccw_3,550.125,0.0,0.5
pivot_ccw_3,550.176,0.0,0.5
pivot_ccw_3,550.227,0.0,0.5
pivot_ccw_3,550.278,0.0,0.5
pivot_ccw_3,550.329,0.0,0.5
pivot_ccw_3,550.38,0.0,0.5
pivot_ccw_3,550.431,0.0,0.5
pivot_ccw_3,550.482,0.0,0.5
pivot_ccw_3,550.533,0.0,0.5
pivot_ccw_3,550.584,0.0,0.5
pivot_ccw_3,550.587,0.0,0.0
pivot_ccw_3,550.638,0.0,0.0
pivot_ccw_3,550.689,0.0,0.0
pivot_ccw_3,550.74,0.0,0.0
pivot_ccw_3,550.791,0.0,0.0
pivot_ccw_3,550.842,0.0,0.0
pivot_ccw_3,550.893,0.0,0.0
pivot_ccw_3,550.944,0.0,0.0
pivot_ccw_3,550.995,0.0,0.0
pivot_ccw_3,551.046,0.0,0.0
pivot_ccw_3,551.097,0.0,0.0
pivot_ccw_3,551.148,0.0,0.0
pivot_ccw_3,551.199,0.0,0.0
pivot_ccw_3,551.25,0.0,0.0
pivot_ccw_3,551.301,0.0,0.0
pivot_ccw_3,551.352,0.0,0.0
pivot_ccw_3,551.403,0.0,0.0
pivot_ccw_3,551.454,0.0,0.0
pivot_ccw_3,551.505,0.0,0.0
pivot_ccw_3,551.556,0.0,0.0
pivot_ccw_3,551.607,0.0,0.0
pivot_ccw_3,551.658,0.0,0.0
pivot_ccw_3,551.709,0.0,0.0
pivot_ccw_3,551.76,0.0,0.0
pivot_ccw_3,551.811,0.0,0.0
pivot_ccw_3,551.862,0.0,0.0
pivot_ccw_3,551.913,0.0,0.0
pivot_ccw_3,551.964,0.0,0.0
pivot_ccw_3,552.015,0.0,0.0
pivot_ccw_3,552.066,0.0,0.0
pivot_ccw_3,552.117,0.0,0.0
pivot_ccw_3,552.168,0.0,0.0
pivot_ccw_3,552.219,0.0,0.0
pivot_ccw_3,552.27,0.0,0.0
pivot_ccw_3,552.321,0.0,0.0
pivot_ccw_3,552.372,0.0,0.0
pivot_ccw_3,552.423,0.0,0.0
pivot_ccw_3,552.474,0.0,0.0
pivot_ccw_3,552.525,0.0,0.0
pivot_ccw_3,552.576,0.0,0.0
pivot_ccw_3,552.627,0.0,0.0
pivot_ccw_3,552.678,0.0,0.0
pivot_ccw_3,552.729,0.0,0.0
pivot_ccw_3,552.78,0.0,0.0
pivot_ccw_3,552.831,0.0,0.0
pivot_ccw_3,552.882,0.0,0.0
pivot_ccw_3,552.933,0.0,0.0
pivot_ccw_3,552.984,0.0,0.0
pivot_ccw_3,553.035,0.0,0.0
pivot_ccw_3,553.086,0.0,0.0
pivot_ccw_3,553.137,0.0,0.0
pivot_ccw_3,553.188,0.0,0.0
pivot_ccw_3,553.239,0.0,0.0
pivot_ccw_3,553.29,0.0,0.0
pivot_ccw_3,553.341,0.0,0.0
pivot_ccw_3,553.392,0.0,0.0
pivot_ccw_3,553.443,0.0,0.0
pivot_ccw_3,553.494,0.0,0.0
pivot_ccw_3,553.545,0.0,0.0
reset,553.587,0.0,0.0
reset,553.638,0.0,0.0
reset,553.689,0.0,0.0
reset,553.74,0.0,0.0
reset,553.791,0.0,0.0
reset,553.842,0.0,0.0
reset,553.893,0.0,0.0
reset,553.944,0.0,0.0
reset,553.995,0.0,0.0
reset,554.046,0.0,0.0
reset,554.097,0.0,0.0
reset,554.148,0.0,0.0
reset,554.199,0.0,0.0
reset,554.25,0.0,0.0
reset,554.301,0.0,0.0
reset,554.352,0.0,0.0
reset,554.403,0.0,0.0
reset,554.454,0.0,0.0
reset,554.505,0.0,0.0
reset,554.556,0.0,0.0
reset,554.589,0.0,0.0
reset,554.79,0.0,0.0
reset,554.841,0.0,0.0
reset,554.892,0.0,0.0
reset,554.943,0.0,0.0
reset,554.994,0.0,0.0
reset,555.045,0.0,0.0
reset,555.096,0.0,0.0
reset,555.147,0.0,0.0
reset,555.198,0.0,0.0
reset,555.249,0.0,0.0
reset,555.3,0.0,0.0
reset,555.351,0.0,0.0
reset,555.402,0.0,0.0
reset,555.453,0.0,0.0
reset,555.504,0.0,0.0
reset,555.555,0.0,0.0
reset,555.606,0.0,0.0
reset,555.657,0.0,0.0
reset,555.708,0.0,0.0
reset,555.759,0.0,0.0
reset,555.81,0.0,0.0
reset,555.861,0.0,0.0
reset,555.912,0.0,0.0
reset,555.963,0.0,0.0
reset,556.014,0.0,0.0
reset,556.065,0.0,0.0
pivot_cw_3,556.089,0.0,0.0
pivot_cw_3,556.14,0.0,0.0
pivot_cw_3,556.191,0.0,0.0
pivot_cw_3,556.242,0.0,0.0
pivot_cw_3,556.293,0.0,0.0
pivot_cw_3,556.344,0.0,0.0
pivot_cw_3,556.395,0.0,0.0
pivot_cw_3,556.446,0.0,0.0
pivot_cw_3,556.497,0.0,0.0
pivot_cw_3,556.548,0.0,0.0
pivot_cw_3,556.599,0.0,0.0
pivot_cw_3,556.65,0.0,0.0
pivot_cw_3,556.701,0.0,0.0
pivot_cw_3,556.752,0.0,0.0
pivot_cw_3,556.803,0.0,0.0
pivot_cw_3,556.854,0.0,0.0
pivot_cw_3,556.905,0.0,0.0
pivot_cw_3,556.956,0.0,0.0
pivot_cw_3,557.007,0.0,0.0
pivot_cw_3,557.058,0.0,0.0
pivot_cw_3,557.091,0.0,-0.5
pivot_cw_3,557.142,0.0,-0.5
pivot_cw_3,557.193,0.0,-0.5
pivot_cw_3,557.244,0.0,-0.5
pivot_cw_3,557.295,0.0,-0.5
pivot_cw_3,557.346,0.0,-0.5
pivot_cw_3,557.397,0.0,-0.5
pivot_cw_3,557.448,0.0,-0.5
pivot_cw_3,557.499,0.0,-0.5
pivot_cw_3,557.55,0.0,-0.5
pivot_cw_3,557.601,0.0,-0.5
pivot_cw_3,557.652,0.0,-0.5
pivot_cw_3,557.703,0.0,-0.5
pivot_cw_3,557.754,0.0,-0.5
pivot_cw_3,557.805,0.0,-0.5
pivot_cw_3,557.856,0.0,-0.5
pivot_cw_3,557.907,0.0,-0.5
pivot_cw_3,557.958,0.0,-0.5
pivot_cw_3,558.009,0.0,-0.5
pivot_cw_3,558.06,0.0,-0.5
pivot_cw_3,558.111,0.0,-0.5
pivot_cw_3,558.162,0.0,-0.5
pivot_cw_3,558.213,0.0,-0.5
pivot_cw_3,558.264,0.0,-0.5
pivot_cw_3,558.315,0.0,-0.5
pivot_cw_3,558.366,0.0,-0.5
pivot_cw_3,558.417,0.0,-0.5
pivot_cw_3,558.468,0.0,-0.5
pivot_cw_3,558.519,0.0,-0.5
pivot_cw_3,558.57,0.0,-0.5
pivot_cw_3,558.621,0.0,-0.5
pivot_cw_3,558.672,0.0,-0.5
pivot_cw_3,558.723,0.0,-0.5
pivot_cw_3,558.774,0.0,-0.5
pivot_cw_3,558.825,0.0,-0.5
pivot_cw_3,558.876,0.0,-0.5
pivot_cw_3,558.927,0.0,-0.5
pivot_cw_3,558.978,0.0,-0.5
pivot_cw_3,559.029,0.0,-0.5
pivot_cw_3,559.08,0.0,-0.5
pivot_cw_3,559.131,0.0,-0.5
pivot_cw_3,559.182,0.0,-0.5
pivot_cw_3,559.233,0.0,-0.5
pivot_cw_3,559.284,0.0,-0.5
pivot_cw_3,559.335,0.0,-0.5
pivot_cw_3,559.386,0.0,-0.5
pivot_cw_3,559.437,0.0,-0.5
pivot_cw_3,559.488,0.0,-0.5
pivot_cw_3,559.539,0.0,-0.5
pivot_cw_3,559.59,0.0,-0.5
pivot_cw_3,559.641,0.0,-0.5
pivot_cw_3,559.692,0.0,-0.5
pivot_cw_3,559.743,0.0,-0.5
pivot_cw_3,559.794,0.0,-0.5
pivot_cw_3,559.845,0.0,-0.5
pivot_cw_3,559.896,0.0,-0.5
pivot_cw_3,559.947,0.0,-0.5
pivot_cw_3,559.998,0.0,-0.5
pivot_cw_3,560.049,0.0,-0.5
pivot_cw_3,560.1,0.0,-0.5
pivot_cw_3,560.151,0.0,-0.5
pivot_cw_3,560.202,0.0,-0.5
pivot_cw_3,560.253,0.0,-0.5
pivot_cw_3,560.304,0.0,-0.5
pivot_cw_3,560.355,0.0,-0.5
pivot_cw_3,560.406,0.0,-0.5
pivot_cw_3,560.457,0.0,-0.5
pivot_cw_3,560.508,0.0,-0.5
pivot_cw_3,560.559,0.0,-0.5
pivot_cw_3,560.61,0.0,-0.5
pivot_cw_3,560.661,0.0,-0.5
pivot_cw_3,560.712,0.0,-0.5
pivot_cw_3,560.763,0.0,-0.5
pivot_cw_3,560.814,0.0,-0.5
pivot_cw_3,560.865,0.0,-0.5
pivot_cw_3,560.916,0.0,-0.5
pivot_cw_3,560.967,0.0,-0.5
pivot_cw_3,561.018,0.0,-0.5
pivot_cw_3,561.069,0.0,-0.5
pivot_cw_3,561.12,0.0,-0.5
pivot_cw_3,561.171,0.0,-0.5
pivot_cw_3,561.222,0.0,-0.5
pivot_cw_3,561.273,0.0,-0.5
pivot_cw_3,561.324,0.0,-0.5
pivot_cw_3,561.375,0.0,-0.5
pivot_cw_3,561.426,0.0,-0.5
pivot_cw_3,561.477,0.0,-0.5
pivot_cw_3,561.528,0.0,-0.5
pivot_cw_3,561.579,0.0,-0.5
pivot_cw_3,561.63,0.0,-0.5
pivot_cw_3,561.681,0.0,-0.5
pivot_cw_3,561.732,0.0,-0.5
pivot_cw_3,561.783,0.0,-0.5
pivot_cw_3,561.834,0.0,-0.5
pivot_cw_3,561.885,0.0,-0.5
pivot_cw_3,561.936,0.0,-0.5
pivot_cw_3,561.987,0.0,-0.5
pivot_cw_3,562.038,0.0,-0.5
pivot_cw_3,562.089,0.0,-0.5
pivot_cw_3,562.092,0.0,0.0
pivot_cw_3,562.143,0.0,0.0
pivot_cw_3,562.194,0.0,0.0
pivot_cw_3,562.245,0.0,0.0
pivot_cw_3,562.296,0.0,0.0
pivot_cw_3,562.347,0.0,0.0
pivot_cw_3,562.398,0.0,0.0
pivot_cw_3,562.449,0.0,0.0
pivot_cw_3,562.5,0.0,0.0
pivot_cw_3,562.551,0.0,0.0
pivot_cw_3,562.602,0.0,0.0
pivot_cw_3,562.653,0.0,0.0
pivot_cw_3,562.704,0.0,0.0
pivot_cw_3,562.755,0.0,0.0
pivot_cw_3,562.806,0.0,0.0
pivot_cw_3,562.857,0.0,0.0
pivot_cw_3,562.908,0.0,0.0
pivot_cw_3,562.959,0.0,0.0
pivot_cw_3,563.01,0.0,0.0
pivot_cw_3,563.061,0.0,0.0
pivot_cw_3,563.112,0.0,0.0
pivot_cw_3,563.163,0.0,0.0
pivot_cw_3,563.214,0.0,0.0
pivot_cw_3,563.265,0.0,0.0
pivot_cw_3,563.316,0.0,0.0
pivot_cw_3,563.367,0.0,0.0
pivot_cw_3,563.418,0.0,0.0
pivot_cw_3,563.469,0.0,0.0
pivot_cw_3,563.52,0.0,0.0
pivot_cw_3,563.571,0.0,0.0
pivot_cw_3,563.622,0.0,0.0
pivot_cw_3,563.673,0.0,0.0
pivot_cw_3,563.724,0.0,0.0
pivot_cw_3,563.775,0.0,0.0
pivot_cw_3,563.826,0.0,0.0
pivot_cw_3,563.877,0.0,0.0
pivot_cw_3,563.928,0.0,0.0
pivot_cw_3,563.979,0.0,0.0
pivot_cw_3,564.03,0.0,0.0
pivot_cw_3,564.081,0.0,0.0
pivot_cw_3,564.132,0.0,0.0
pivot_cw_3,564.183,0.0,0.0
pivot_cw_3,564.234,0.0,0.0
pivot_cw_3,564.285,0.0,0.0
pivot_cw_3,564.336,0.0,0.0
pivot_cw_3,564.387,0.0,0.0
pivot_cw_3,564.438,0.0,0.0
pivot_cw_3,564.489,0.0,0.0
pivot_cw_3,564.54,0.0,0.0
pivot_cw_3,564.591,0.0,0.0
pivot_cw_3,564.642,0.0,0.0
pivot_cw_3,564.693,0.0,0.0
pivot_cw_3,564.744,0.0,0.0
pivot_cw_3,564.795,0.0,0.0
pivot_cw_3,564.846,0.0,0.0
pivot_cw_3,564.897,0.0,0.0
pivot_cw_3,564.948,0.0,0.0
pivot_cw_3,564.999,0.0,0.0
pivot_cw_3,565.05,0.0,0.0
reset,565.092,0.0,0.0
reset,565.143,0.0,0.0
reset,565.194,0.0,0.0
reset,565.245,0.0,0.0
reset,565.296,0.0,0.0
reset,565.347,0.0,0.0
reset,565.398,0.0,0.0
reset,565.449,0.0,0.0
reset,565.5,0.0,0.0
reset,565.551,0.0,0.0
reset,565.602,0.0,0.0
reset,565.653,0.0,0.0
reset,565.704,0.0,0.0
reset,565.755,0.0,0.0
reset,565.806,0.0,0.0
reset,565.857,0.0,0.0
reset,565.908,0.0,0.0
reset,565.959,0.0,0.0
reset,566.01,0.0,0.0
reset,566.061,0.0,0.0
reset,566.094,0.0,0.0
reset,566.286,0.0,0.0
reset,566.337,0.0,0.0
reset,566.388,0.0,0.0
reset,566.439,0.0,0.0
reset,566.49,0.0,0.0
reset,566.541,0.0,0.0
reset,566.592,0.0,0.0
reset,566.643,0.0,0.0
reset,566.694,0.0,0.0
reset,566.745,0.0,0.0
reset,566.796,0.0,0.0
reset,566.847,0.0,0.0
reset,566.898,0.0,0.0
reset,566.949,0.0,0.0
reset,567.0,0.0,0.0
reset,567.051,0.0,0.0
reset,567.102,0.0,0.0
reset,567.153,0.0,0.0
reset,567.204,0.0,0.0
reset,567.255,0.0,0.0
reset,567.306,0.0,0.0
reset,567.357,0.0,0.0
reset,567.408,0.0,0.0
reset,567.459,0.0,0.0
reset,567.51,0.0,0.0
reset,567.561,0.0,0.0
arc_left_3,567.594,0.0,0.0
arc_left_3,567.645,0.0,0.0
arc_left_3,567.696,0.0,0.0
arc_left_3,567.747,0.0,0.0
arc_left_3,567.798,0.0,0.0
arc_left_3,567.849,0.0,0.0
arc_left_3,567.9,0.0,0.0
arc_left_3,567.951,0.0,0.0
arc_left_3,568.002,0.0,0.0
arc_left_3,568.053,0.0,0.0
arc_left_3,568.104,0.0,0.0
arc_left_3,568.155,0.0,0.0
arc_left_3,568.206,0.0,0.0
arc_left_3,568.257,0.0,0.0
arc_left_3,568.308,0.0,0.0
arc_left_3,568.359,0.0,0.0
arc_left_3,568.41,0.0,0.0
arc_left_3,568.461,0.0,0.0
arc_left_3,568.512,0.0,0.0
arc_left_3,568.563,0.0,0.0
arc_left_3,568.596,0.15,0.3
arc_left_3,568.647,0.15,0.3
arc_left_3,568.698,0.15,0.3
arc_left_3,568.749,0.15,0.3
arc_left_3,568.8,0.15,0.3
arc_left_3,568.851,0.15,0.3
arc_left_3,568.902,0.15,0.3
arc_left_3,568.953,0.15,0.3
arc_left_3,569.004,0.15,0.3
arc_left_3,569.055,0.15,0.3
arc_left_3,569.106,0.15,0.3
arc_left_3,569.157,0.15,0.3
arc_left_3,569.208,0.15,0.3
arc_left_3,569.259,0.15,0.3
arc_left_3,569.31,0.15,0.3
arc_left_3,569.361,0.15,0.3
arc_left_3,569.412,0.15,0.3
arc_left_3,569.463,0.15,0.3
arc_left_3,569.514,0.15,0.3
arc_left_3,569.565,0.15,0.3
arc_left_3,569.616,0.15,0.3
arc_left_3,569.667,0.15,0.3
arc_left_3,569.718,0.15,0.3
arc_left_3,569.769,0.15,0.3
arc_left_3,569.82,0.15,0.3
arc_left_3,569.871,0.15,0.3
arc_left_3,569.922,0.15,0.3
arc_left_3,569.973,0.15,0.3
arc_left_3,570.024,0.15,0.3
arc_left_3,570.075,0.15,0.3
arc_left_3,570.126,0.15,0.3
arc_left_3,570.177,0.15,0.3
arc_left_3,570.228,0.15,0.3
arc_left_3,570.279,0.15,0.3
arc_left_3,570.33,0.15,0.3
arc_left_3,570.381,0.15,0.3
arc_left_3,570.432,0.15,0.3
arc_left_3,570.483,0.15,0.3
arc_left_3,570.534,0.15,0.3
arc_left_3,570.585,0.15,0.3
arc_left_3,570.636,0.15,0.3
arc_left_3,570.687,0.15,0.3
arc_left_3,570.738,0.15,0.3
arc_left_3,570.789,0.15,0.3
arc_left_3,570.84,0.15,0.3
arc_left_3,570.891,0.15,0.3
arc_left_3,570.942,0.15,0.3
arc_left_3,570.993,0.15,0.3
arc_left_3,571.044,0.15,0.3
arc_left_3,571.095,0.15,0.3
arc_left_3,571.146,0.15,0.3
arc_left_3,571.197,0.15,0.3
arc_left_3,571.248,0.15,0.3
arc_left_3,571.299,0.15,0.3
arc_left_3,571.35,0.15,0.3
arc_left_3,571.401,0.15,0.3
arc_left_3,571.452,0.15,0.3
arc_left_3,571.503,0.15,0.3
arc_left_3,571.554,0.15,0.3
arc_left_3,571.605,0.15,0.3
arc_left_3,571.656,0.15,0.3
arc_left_3,571.707,0.15,0.3
arc_left_3,571.758,0.15,0.3
arc_left_3,571.809,0.15,0.3
arc_left_3,571.86,0.15,0.3
arc_left_3,571.911,0.15,0.3
arc_left_3,571.962,0.15,0.3
arc_left_3,572.013,0.15,0.3
arc_left_3,572.064,0.15,0.3
arc_left_3,572.115,0.15,0.3
arc_left_3,572.166,0.15,0.3
arc_left_3,572.217,0.15,0.3
arc_left_3,572.268,0.15,0.3
arc_left_3,572.319,0.15,0.3
arc_left_3,572.37,0.15,0.3
arc_left_3,572.421,0.15,0.3
arc_left_3,572.472,0.15,0.3
arc_left_3,572.523,0.15,0.3
arc_left_3,572.574,0.15,0.3
arc_left_3,572.625,0.15,0.3
arc_left_3,572.676,0.15,0.3
arc_left_3,572.727,0.15,0.3
arc_left_3,572.778,0.15,0.3
arc_left_3,572.829,0.15,0.3
arc_left_3,572.88,0.15,0.3
arc_left_3,572.931,0.15,0.3
arc_left_3,572.982,0.15,0.3
arc_left_3,573.033,0.15,0.3
arc_left_3,573.084,0.15,0.3
arc_left_3,573.135,0.15,0.3
arc_left_3,573.186,0.15,0.3
arc_left_3,573.237,0.15,0.3
arc_left_3,573.288,0.15,0.3
arc_left_3,573.339,0.15,0.3
arc_left_3,573.39,0.15,0.3
arc_left_3,573.441,0.15,0.3
arc_left_3,573.492,0.15,0.3
arc_left_3,573.543,0.15,0.3
arc_left_3,573.594,0.15,0.3
arc_left_3,573.645,0.15,0.3
arc_left_3,573.696,0.15,0.3
arc_left_3,573.747,0.15,0.3
arc_left_3,573.798,0.15,0.3
arc_left_3,573.849,0.15,0.3
arc_left_3,573.9,0.15,0.3
arc_left_3,573.951,0.15,0.3
arc_left_3,574.002,0.15,0.3
arc_left_3,574.053,0.15,0.3
arc_left_3,574.104,0.15,0.3
arc_left_3,574.155,0.15,0.3
arc_left_3,574.206,0.15,0.3
arc_left_3,574.257,0.15,0.3
arc_left_3,574.308,0.15,0.3
arc_left_3,574.359,0.15,0.3
arc_left_3,574.41,0.15,0.3
arc_left_3,574.461,0.15,0.3
arc_left_3,574.512,0.15,0.3
arc_left_3,574.563,0.15,0.3
arc_left_3,574.596,0.0,0.0
arc_left_3,574.647,0.0,0.0
arc_left_3,574.698,0.0,0.0
arc_left_3,574.749,0.0,0.0
arc_left_3,574.8,0.0,0.0
arc_left_3,574.851,0.0,0.0
arc_left_3,574.902,0.0,0.0
arc_left_3,574.953,0.0,0.0
arc_left_3,575.004,0.0,0.0
arc_left_3,575.055,0.0,0.0
arc_left_3,575.106,0.0,0.0
arc_left_3,575.157,0.0,0.0
arc_left_3,575.208,0.0,0.0
arc_left_3,575.259,0.0,0.0
arc_left_3,575.31,0.0,0.0
arc_left_3,575.361,0.0,0.0
arc_left_3,575.412,0.0,0.0
arc_left_3,575.463,0.0,0.0
arc_left_3,575.514,0.0,0.0
arc_left_3,575.565,0.0,0.0
arc_left_3,575.616,0.0,0.0
arc_left_3,575.667,0.0,0.0
arc_left_3,575.718,0.0,0.0
arc_left_3,575.769,0.0,0.0
arc_left_3,575.82,0.0,0.0
arc_left_3,575.871,0.0,0.0
arc_left_3,575.922,0.0,0.0
arc_left_3,575.973,0.0,0.0
arc_left_3,576.024,0.0,0.0
arc_left_3,576.075,0.0,0.0
arc_left_3,576.126,0.0,0.0
arc_left_3,576.177,0.0,0.0
arc_left_3,576.228,0.0,0.0
arc_left_3,576.279,0.0,0.0
arc_left_3,576.33,0.0,0.0
arc_left_3,576.381,0.0,0.0
arc_left_3,576.432,0.0,0.0
arc_left_3,576.483,0.0,0.0
arc_left_3,576.534,0.0,0.0
arc_left_3,576.585,0.0,0.0
arc_left_3,576.636,0.0,0.0
arc_left_3,576.687,0.0,0.0
arc_left_3,576.738,0.0,0.0
arc_left_3,576.789,0.0,0.0
arc_left_3,576.84,0.0,0.0
arc_left_3,576.891,0.0,0.0
arc_left_3,576.942,0.0,0.0
arc_left_3,576.993,0.0,0.0
arc_left_3,577.044,0.0,0.0
arc_left_3,577.095,0.0,0.0
arc_left_3,577.146,0.0,0.0
arc_left_3,577.197,0.0,0.0
arc_left_3,577.248,0.0,0.0
arc_left_3,577.299,0.0,0.0
arc_left_3,577.35,0.0,0.0
arc_left_3,577.401,0.0,0.0
arc_left_3,577.452,0.0,0.0
arc_left_3,577.503,0.0,0.0
arc_left_3,577.554,0.0,0.0
reset,577.596,0.0,0.0
reset,577.647,0.0,0.0
reset,577.698,0.0,0.0
reset,577.749,0.0,0.0
reset,577.8,0.0,0.0
reset,577.851,0.0,0.0
reset,577.902,0.0,0.0
reset,577.953,0.0,0.0
reset,578.004,0.0,0.0
reset,578.055,0.0,0.0
reset,578.106,0.0,0.0
reset,578.157,0.0,0.0
reset,578.208,0.0,0.0
reset,578.259,0.0,0.0
reset,578.31,0.0,0.0
reset,578.361,0.0,0.0
reset,578.412,0.0,0.0
reset,578.463,0.0,0.0
reset,578.514,0.0,0.0
reset,578.565,0.0,0.0
reset,578.598,0.0,0.0
reset,578.787,0.0,0.0
reset,578.838,0.0,0.0
reset,578.889,0.0,0.0
reset,578.94,0.0,0.0
reset,578.991,0.0,0.0
reset,579.042,0.0,0.0
reset,579.093,0.0,0.0
reset,579.144,0.0,0.0
reset,579.195,0.0,0.0
reset,579.246,0.0,0.0
reset,579.297,0.0,0.0
reset,579.348,0.0,0.0
reset,579.399,0.0,0.0
reset,579.45,0.0,0.0
reset,579.501,0.0,0.0
reset,579.552,0.0,0.0
reset,579.603,0.0,0.0
reset,579.654,0.0,0.0
reset,579.705,0.0,0.0
reset,579.756,0.0,0.0
reset,579.807,0.0,0.0
reset,579.858,0.0,0.0
reset,579.909,0.0,0.0
reset,579.96,0.0,0.0
reset,580.011,0.0,0.0
reset,580.062,0.0,0.0
arc_right_3,580.098,0.0,0.0
arc_right_3,580.149,0.0,0.0
arc_right_3,580.2,0.0,0.0
arc_right_3,580.251,0.0,0.0
arc_right_3,580.302,0.0,0.0
arc_right_3,580.353,0.0,0.0
arc_right_3,580.404,0.0,0.0
arc_right_3,580.455,0.0,0.0
arc_right_3,580.506,0.0,0.0
arc_right_3,580.557,0.0,0.0
arc_right_3,580.608,0.0,0.0
arc_right_3,580.659,0.0,0.0
arc_right_3,580.71,0.0,0.0
arc_right_3,580.761,0.0,0.0
arc_right_3,580.812,0.0,0.0
arc_right_3,580.863,0.0,0.0
arc_right_3,580.914,0.0,0.0
arc_right_3,580.965,0.0,0.0
arc_right_3,581.016,0.0,0.0
arc_right_3,581.067,0.0,0.0
arc_right_3,581.1,0.15,-0.3
arc_right_3,581.151,0.15,-0.3
arc_right_3,581.202,0.15,-0.3
arc_right_3,581.253,0.15,-0.3
arc_right_3,581.304,0.15,-0.3
arc_right_3,581.355,0.15,-0.3
arc_right_3,581.406,0.15,-0.3
arc_right_3,581.457,0.15,-0.3
arc_right_3,581.508,0.15,-0.3
arc_right_3,581.559,0.15,-0.3
arc_right_3,581.61,0.15,-0.3
arc_right_3,581.661,0.15,-0.3
arc_right_3,581.712,0.15,-0.3
arc_right_3,581.763,0.15,-0.3
arc_right_3,581.814,0.15,-0.3
arc_right_3,581.865,0.15,-0.3
arc_right_3,581.916,0.15,-0.3
arc_right_3,581.967,0.15,-0.3
arc_right_3,582.018,0.15,-0.3
arc_right_3,582.069,0.15,-0.3
arc_right_3,582.12,0.15,-0.3
arc_right_3,582.171,0.15,-0.3
arc_right_3,582.222,0.15,-0.3
arc_right_3,582.273,0.15,-0.3
arc_right_3,582.324,0.15,-0.3
arc_right_3,582.375,0.15,-0.3
arc_right_3,582.426,0.15,-0.3
arc_right_3,582.477,0.15,-0.3
arc_right_3,582.528,0.15,-0.3
arc_right_3,582.579,0.15,-0.3
arc_right_3,582.63,0.15,-0.3
arc_right_3,582.681,0.15,-0.3
arc_right_3,582.732,0.15,-0.3
arc_right_3,582.783,0.15,-0.3
arc_right_3,582.834,0.15,-0.3
arc_right_3,582.885,0.15,-0.3
arc_right_3,582.936,0.15,-0.3
arc_right_3,582.987,0.15,-0.3
arc_right_3,583.038,0.15,-0.3
arc_right_3,583.089,0.15,-0.3
arc_right_3,583.14,0.15,-0.3
arc_right_3,583.191,0.15,-0.3
arc_right_3,583.242,0.15,-0.3
arc_right_3,583.293,0.15,-0.3
arc_right_3,583.344,0.15,-0.3
arc_right_3,583.395,0.15,-0.3
arc_right_3,583.446,0.15,-0.3
arc_right_3,583.497,0.15,-0.3
arc_right_3,583.548,0.15,-0.3
arc_right_3,583.599,0.15,-0.3
arc_right_3,583.65,0.15,-0.3
arc_right_3,583.701,0.15,-0.3
arc_right_3,583.752,0.15,-0.3
arc_right_3,583.803,0.15,-0.3
arc_right_3,583.854,0.15,-0.3
arc_right_3,583.905,0.15,-0.3
arc_right_3,583.956,0.15,-0.3
arc_right_3,584.007,0.15,-0.3
arc_right_3,584.058,0.15,-0.3
arc_right_3,584.109,0.15,-0.3
arc_right_3,584.16,0.15,-0.3
arc_right_3,584.211,0.15,-0.3
arc_right_3,584.262,0.15,-0.3
arc_right_3,584.313,0.15,-0.3
arc_right_3,584.364,0.15,-0.3
arc_right_3,584.415,0.15,-0.3
arc_right_3,584.466,0.15,-0.3
arc_right_3,584.517,0.15,-0.3
arc_right_3,584.568,0.15,-0.3
arc_right_3,584.619,0.15,-0.3
arc_right_3,584.67,0.15,-0.3
arc_right_3,584.721,0.15,-0.3
arc_right_3,584.772,0.15,-0.3
arc_right_3,584.823,0.15,-0.3
arc_right_3,584.874,0.15,-0.3
arc_right_3,584.925,0.15,-0.3
arc_right_3,584.976,0.15,-0.3
arc_right_3,585.027,0.15,-0.3
arc_right_3,585.078,0.15,-0.3
arc_right_3,585.129,0.15,-0.3
arc_right_3,585.18,0.15,-0.3
arc_right_3,585.231,0.15,-0.3
arc_right_3,585.282,0.15,-0.3
arc_right_3,585.333,0.15,-0.3
arc_right_3,585.384,0.15,-0.3
arc_right_3,585.435,0.15,-0.3
arc_right_3,585.486,0.15,-0.3
arc_right_3,585.537,0.15,-0.3
arc_right_3,585.588,0.15,-0.3
arc_right_3,585.639,0.15,-0.3
arc_right_3,585.69,0.15,-0.3
arc_right_3,585.741,0.15,-0.3
arc_right_3,585.792,0.15,-0.3
arc_right_3,585.843,0.15,-0.3
arc_right_3,585.894,0.15,-0.3
arc_right_3,585.945,0.15,-0.3
arc_right_3,585.996,0.15,-0.3
arc_right_3,586.047,0.15,-0.3
arc_right_3,586.098,0.15,-0.3
arc_right_3,586.149,0.15,-0.3
arc_right_3,586.2,0.15,-0.3
arc_right_3,586.251,0.15,-0.3
arc_right_3,586.302,0.15,-0.3
arc_right_3,586.353,0.15,-0.3
arc_right_3,586.404,0.15,-0.3
arc_right_3,586.455,0.15,-0.3
arc_right_3,586.506,0.15,-0.3
arc_right_3,586.557,0.15,-0.3
arc_right_3,586.608,0.15,-0.3
arc_right_3,586.659,0.15,-0.3
arc_right_3,586.71,0.15,-0.3
arc_right_3,586.761,0.15,-0.3
arc_right_3,586.812,0.15,-0.3
arc_right_3,586.863,0.15,-0.3
arc_right_3,586.914,0.15,-0.3
arc_right_3,586.965,0.15,-0.3
arc_right_3,587.016,0.15,-0.3
arc_right_3,587.067,0.15,-0.3
arc_right_3,587.1,0.0,0.0
arc_right_3,587.151,0.0,0.0
arc_right_3,587.202,0.0,0.0
arc_right_3,587.253,0.0,0.0
arc_right_3,587.304,0.0,0.0
arc_right_3,587.355,0.0,0.0
arc_right_3,587.406,0.0,0.0
arc_right_3,587.457,0.0,0.0
arc_right_3,587.508,0.0,0.0
arc_right_3,587.559,0.0,0.0
arc_right_3,587.61,0.0,0.0
arc_right_3,587.661,0.0,0.0
arc_right_3,587.712,0.0,0.0
arc_right_3,587.763,0.0,0.0
arc_right_3,587.814,0.0,0.0
arc_right_3,587.865,0.0,0.0
arc_right_3,587.916,0.0,0.0
arc_right_3,587.967,0.0,0.0
arc_right_3,588.018,0.0,0.0
arc_right_3,588.069,0.0,0.0
arc_right_3,588.12,0.0,0.0
arc_right_3,588.171,0.0,0.0
arc_right_3,588.222,0.0,0.0
arc_right_3,588.273,0.0,0.0
arc_right_3,588.324,0.0,0.0
arc_right_3,588.375,0.0,0.0
arc_right_3,588.426,0.0,0.0
arc_right_3,588.477,0.0,0.0
arc_right_3,588.528,0.0,0.0
arc_right_3,588.579,0.0,0.0
arc_right_3,588.63,0.0,0.0
arc_right_3,588.681,0.0,0.0
arc_right_3,588.732,0.0,0.0
arc_right_3,588.783,0.0,0.0
arc_right_3,588.834,0.0,0.0
arc_right_3,588.885,0.0,0.0
arc_right_3,588.936,0.0,0.0
arc_right_3,588.987,0.0,0.0
arc_right_3,589.038,0.0,0.0
arc_right_3,589.089,0.0,0.0
arc_right_3,589.14,0.0,0.0
arc_right_3,589.191,0.0,0.0
arc_right_3,589.242,0.0,0.0
arc_right_3,589.293,0.0,0.0
arc_right_3,589.344,0.0,0.0
arc_right_3,589.395,0.0,0.0
arc_right_3,589.446,0.0,0.0
arc_right_3,589.497,0.0,0.0
arc_right_3,589.548,0.0,0.0
arc_right_3,589.599,0.0,0.0
arc_right_3,589.65,0.0,0.0
arc_right_3,589.701,0.0,0.0
arc_right_3,589.752,0.0,0.0
arc_right_3,589.803,0.0,0.0
arc_right_3,589.854,0.0,0.0
arc_right_3,589.905,0.0,0.0
arc_right_3,589.956,0.0,0.0
arc_right_3,590.007,0.0,0.0
arc_right_3,590.058,0.0,0.0
reset,590.1,0.0,0.0
reset,590.151,0.0,0.0
reset,590.202,0.0,0.0
reset,590.253,0.0,0.0
reset,590.304,0.0,0.0
reset,590.355,0.0,0.0
reset,590.406,0.0,0.0
reset,590.457,0.0,0.0
reset,590.508,0.0,0.0
reset,590.559,0.0,0.0
reset,590.61,0.0,0.0
reset,590.661,0.0,0.0
reset,590.712,0.0,0.0
reset,590.763,0.0,0.0
reset,590.814,0.0,0.0
reset,590.865,0.0,0.0
reset,590.916,0.0,0.0
reset,590.967,0.0,0.0
reset,591.018,0.0,0.0
reset,591.069,0.0,0.0
reset,591.102,0.0,0.0
reset,591.294,0.0,0.0
reset,591.345,0.0,0.0
reset,591.396,0.0,0.0
reset,591.447,0.0,0.0
reset,591.498,0.0,0.0
reset,591.549,0.0,0.0
reset,591.6,0.0,0.0
reset,591.651,0.0,0.0
reset,591.702,0.0,0.0
reset,591.753,0.0,0.0
reset,591.804,0.0,0.0
reset,591.855,0.0,0.0
reset,591.906,0.0,0.0
reset,591.957,0.0,0.0
reset,592.008,0.0,0.0
reset,592.059,0.0,0.0
reset,592.11,0.0,0.0
reset,592.161,0.0,0.0
reset,592.212,0.0,0.0
reset,592.263,0.0,0.0
reset,592.314,0.0,0.0
reset,592.365,0.0,0.0
reset,592.416,0.0,0.0
reset,592.467,0.0,0.0
reset,592.518,0.0,0.0
reset,592.569,0.0,0.0
brake_3,592.602,0.0,0.0
brake_3,592.653,0.0,0.0
brake_3,592.704,0.0,0.0
brake_3,592.755,0.0,0.0
brake_3,592.806,0.0,0.0
brake_3,592.857,0.0,0.0
brake_3,592.908,0.0,0.0
brake_3,592.959,0.0,0.0
brake_3,593.01,0.0,0.0
brake_3,593.061,0.0,0.0
brake_3,593.112,0.0,0.0
brake_3,593.163,0.0,0.0
brake_3,593.214,0.0,0.0
brake_3,593.265,0.0,0.0
brake_3,593.316,0.0,0.0
brake_3,593.367,0.0,0.0
brake_3,593.418,0.0,0.0
brake_3,593.469,0.0,0.0
brake_3,593.52,0.0,0.0
brake_3,593.571,0.0,0.0
brake_3,593.604,0.3,0.0
brake_3,593.655,0.3,0.0
brake_3,593.706,0.3,0.0
brake_3,593.757,0.3,0.0
brake_3,593.808,0.3,0.0
brake_3,593.859,0.3,0.0
brake_3,593.91,0.3,0.0
brake_3,593.961,0.3,0.0
brake_3,594.012,0.3,0.0
brake_3,594.063,0.3,0.0
brake_3,594.114,0.3,0.0
brake_3,594.165,0.3,0.0
brake_3,594.216,0.3,0.0
brake_3,594.267,0.3,0.0
brake_3,594.318,0.3,0.0
brake_3,594.369,0.3,0.0
brake_3,594.42,0.3,0.0
brake_3,594.471,0.3,0.0
brake_3,594.522,0.3,0.0
brake_3,594.573,0.3,0.0
brake_3,594.624,0.3,0.0
brake_3,594.675,0.3,0.0
brake_3,594.726,0.3,0.0
brake_3,594.777,0.3,0.0
brake_3,594.828,0.3,0.0
brake_3,594.879,0.3,0.0
brake_3,594.93,0.3,0.0
brake_3,594.981,0.3,0.0
brake_3,595.032,0.3,0.0
brake_3,595.083,0.3,0.0
brake_3,595.134,0.3,0.0
brake_3,595.185,0.3,0.0
brake_3,595.236,0.3,0.0
brake_3,595.287,0.3,0.0
brake_3,595.338,0.3,0.0
brake_3,595.389,0.3,0.0
brake_3,595.44,0.3,0.0
brake_3,595.491,0.3,0.0
brake_3,595.542,0.3,0.0
brake_3,595.593,0.3,0.0
brake_3,595.644,0.3,0.0
brake_3,595.695,0.3,0.0
brake_3,595.746,0.3,0.0
brake_3,595.797,0.3,0.0
brake_3,595.848,0.3,0.0
brake_3,595.899,0.3,0.0
brake_3,595.95,0.3,0.0
brake_3,596.001,0.3,0.0
brake_3,596.052,0.3,0.0
brake_3,596.103,0.3,0.0
brake_3,596.154,0.3,0.0
brake_3,596.205,0.3,0.0
brake_3,596.256,0.3,0.0
brake_3,596.307,0.3,0.0
brake_3,596.358,0.3,0.0
brake_3,596.409,0.3,0.0
brake_3,596.46,0.3,0.0
brake_3,596.511,0.3,0.0
brake_3,596.562,0.3,0.0
brake_3,596.613,0.3,0.0
brake_3,596.664,0.3,0.0
brake_3,596.715,0.3,0.0
brake_3,596.766,0.3,0.0
brake_3,596.817,0.3,0.0
brake_3,596.868,0.3,0.0
brake_3,596.919,0.3,0.0
brake_3,596.97,0.3,0.0
brake_3,597.021,0.3,0.0
brake_3,597.072,0.3,0.0
brake_3,597.123,0.3,0.0
brake_3,597.174,0.3,0.0
brake_3,597.225,0.3,0.0
brake_3,597.276,0.3,0.0
brake_3,597.327,0.3,0.0
brake_3,597.378,0.3,0.0
brake_3,597.429,0.3,0.0
brake_3,597.48,0.3,0.0
brake_3,597.531,0.3,0.0
brake_3,597.582,0.3,0.0
brake_3,597.606,0.0,0.0
brake_3,597.657,0.0,0.0
brake_3,597.708,0.0,0.0
brake_3,597.759,0.0,0.0
brake_3,597.81,0.0,0.0
brake_3,597.861,0.0,0.0
brake_3,597.912,0.0,0.0
brake_3,597.963,0.0,0.0
brake_3,598.014,0.0,0.0
brake_3,598.065,0.0,0.0
brake_3,598.116,0.0,0.0
brake_3,598.167,0.0,0.0
brake_3,598.218,0.0,0.0
brake_3,598.269,0.0,0.0
brake_3,598.32,0.0,0.0
brake_3,598.371,0.0,0.0
brake_3,598.422,0.0,0.0
brake_3,598.473,0.0,0.0
brake_3,598.524,0.0,0.0
brake_3,598.575,0.0,0.0
brake_3,598.626,0.0,0.0
brake_3,598.677,0.0,0.0
brake_3,598.728,0.0,0.0
brake_3,598.779,0.0,0.0
brake_3,598.83,0.0,0.0
brake_3,598.881,0.0,0.0
brake_3,598.932,0.0,0.0
brake_3,598.983,0.0,0.0
brake_3,599.034,0.0,0.0
brake_3,599.085,0.0,0.0
brake_3,599.136,0.0,0.0
brake_3,599.187,0.0,0.0
brake_3,599.238,0.0,0.0
brake_3,599.289,0.0,0.0
brake_3,599.34,0.0,0.0
brake_3,599.391,0.0,0.0
brake_3,599.442,0.0,0.0
brake_3,599.493,0.0,0.0
brake_3,599.544,0.0,0.0
brake_3,599.595,0.0,0.0
brake_3,599.646,0.0,0.0
brake_3,599.697,0.0,0.0
brake_3,599.748,0.0,0.0
brake_3,599.799,0.0,0.0
brake_3,599.85,0.0,0.0
brake_3,599.901,0.0,0.0
brake_3,599.952,0.0,0.0
brake_3,600.003,0.0,0.0
brake_3,600.054,0.0,0.0
brake_3,600.105,0.0,0.0
brake_3,600.156,0.0,0.0
brake_3,600.207,0.0,0.0
brake_3,600.258,0.0,0.0
brake_3,600.309,0.0,0.0
brake_3,600.36,0.0,0.0
brake_3,600.411,0.0,0.0
brake_3,600.462,0.0,0.0
brake_3,600.513,0.0,0.0
brake_3,600.564,0.0,0.0
brake_3,600.606,0.0,0.0
