trial,t,x,y,z,yaw,vx,vy,wz
reset,356.004,0.025036958744263507,0.0020531337312210047,0.0,0.1701324440504928,-5.529431079676073e-15,0.0,3.9022096539704106e-14
reset,356.04,0.0250369587442633,0.0020531337312209735,0.0,0.1701324440504941,-5.529431079676073e-15,0.0,3.9022096539704106e-14
reset,356.076,0.02503695874426309,0.0020531337312209423,0.0,0.17013244405049543,-5.529431079676073e-15,0.0,3.9022096539704106e-14
reset,356.112,0.025036958744262882,0.002053133731220911,0.0,0.17013244405049677,-5.529431079676073e-15,0.0,3.9022096539704106e-14
reset,356.148,0.025036958744262674,0.00205313373122088,0.0,0.17013244405049807,-5.529431079676073e-15,0.0,3.9022096539704106e-14
reset,356.184,0.025036958744262466,0.0020531337312208486,0.0,0.17013244405049943,-5.529431079676073e-15,0.0,3.9022096539704106e-14
reset,356.22,0.025036958744262258,0.0020531337312208174,0.0,0.17013244405050074,-5.529431079676073e-15,0.0,3.9022096539704106e-14
reset,356.256,0.02503695874426205,0.002053133731220786,0.0,0.1701324440505021,-5.529431079676073e-15,0.0,3.9022096539704106e-14
reset,356.292,0.02503695874426184,0.002053133731220755,0.0,0.17013244405050343,-5.529431079676073e-15,0.0,3.9022096539704106e-14
reset,356.328,0.025036958744261633,0.0020531337312207237,0.0,0.17013244405050476,-5.529431079676073e-15,0.0,3.9022096539704106e-14
reset,356.364,0.025036958744261425,0.0020531337312206925,0.0,0.17013244405050607,-5.529431079676073e-15,0.0,3.9022096539704106e-14
reset,356.4,0.025036958744261217,0.0020531337312206612,0.0,0.17013244405050743,-5.529431079676073e-15,0.0,3.9022096539704106e-14
reset,356.436,0.02503695874426101,0.00205313373122063,0.0,0.17013244405050873,-5.529431079676073e-15,0.0,3.9022096539704106e-14
reset,356.472,0.0250369587442608,0.0020531337312205988,0.0,0.1701324440505101,-5.529431079676073e-15,0.0,3.9022096539704106e-14
reset,356.508,0.025036958744260592,0.0020531337312205676,0.0,0.17013244405051142,-5.529431079676073e-15,0.0,3.9022096539704106e-14
reset,356.544,0.025036958744260384,0.0020531337312205363,0.0,0.17013244405051273,-5.529431079676073e-15,0.0,3.9022096539704106e-14
reset,356.58,0.025036958744260176,0.002053133731220505,0.0,0.17013244405051406,-5.529431079676073e-15,0.0,3.9022096539704106e-14
reset,356.616,0.025036958744259968,0.002053133731220474,0.0,0.17013244405051542,-5.529431079676073e-15,0.0,3.9022096539704106e-14
reset,356.652,0.02503695874425976,0.0020531337312204427,0.0,0.17013244405051675,-5.529431079676073e-15,0.0,3.9022096539704106e-14
reset,356.688,0.02503695874425955,0.0020531337312204114,0.0,0.1701324440505181,-5.529431079676073e-15,0.0,3.9022096539704106e-14
reset,356.724,0.025036958744259343,0.00205313373122038,0.0,0.17013244405051942,-5.529431079676073e-15,0.0,3.9022096539704106e-14
reset,356.76,0.025036958744259135,0.002053133731220349,0.0,0.17013244405052075,-5.529431079676073e-15,0.0,3.9022096539704106e-14
reset,356.796,0.025036958744258927,0.0020531337312203178,0.0,0.17013244405052208,-5.529431079676073e-15,0.0,3.9022096539704106e-14
reset,356.832,0.02503695874425872,0.0020531337312202865,0.0,0.1701324440505234,-5.529431079676073e-15,0.0,3.9022096539704106e-14
reset,356.868,0.02503695874425851,0.0020531337312202553,0.0,0.17013244405052474,-5.529431079676073e-15,0.0,3.9022096539704106e-14
reset,356.904,0.025036958744258302,0.002053133731220224,0.0,0.1701324440505261,-5.529431079676073e-15,0.0,3.9022096539704106e-14
reset,356.94,0.025036958744258094,0.002053133731220193,0.0,0.1701324440505274,-5.529431079676073e-15,0.0,3.9022096539704106e-14
reset,356.976,0.025036958744257886,0.0020531337312201616,0.0,0.17013244405052874,-5.529431079676073e-15,0.0,3.9022096539704106e-14
reset,357.048,0.02503695874425747,0.002053133731220099,0.0,0.17013244405053143,-5.529431079676073e-15,0.0,3.9022096539704106e-14
reset,357.084,0.02503695874425726,0.002053133731220068,0.0,0.17013244405053274,-5.529431079676073e-15,0.0,3.9022096539704106e-14
reset,357.12,0.025036958744257053,0.0020531337312200367,0.0,0.1701324440505341,-5.529431079676073e-15,0.0,3.9022096539704106e-14
reset,357.156,0.025036958744256845,0.0020531337312200055,0.0,0.17013244405053543,-5.529431079676073e-15,0.0,3.9022096539704106e-14
reset,357.192,0.025036958744256637,0.0020531337312199743,0.0,0.17013244405053674,-5.529431079676073e-15,0.0,3.9022096539704106e-14
reset,357.228,0.02503695874425649,0.00205313373121995,0.0,0.1701324440505383,-3.816391647148975e-15,0.0,4.3255866491070706e-14
reset,357.264,0.02503695874425638,0.0020531337312199296,0.0,0.17013244405054007,-3.494745002644943e-15,0.0,4.588284423197888e-14
reset,357.3,0.025036958744256273,0.002053133731219908,0.0,0.1701324440505419,-3.4296928722958122e-15,0.0,4.7056057591996135e-14
reset,357.336,0.025036958744256106,0.002053133731219877,0.0,0.17013244405054326,-5.269222558279552e-15,0.0,3.718576258489451e-14
reset,357.372,0.0250369587442559,0.002053133731219846,0.0,0.17013244405054456,-5.319818659662208e-15,0.0,3.754282752055193e-14
reset,357.408,0.025036958744255693,0.0020531337312198147,0.0,0.1701324440505459,-5.3704147610448656e-15,0.0,3.7899892456209345e-14
reset,357.444,0.025036958744255485,0.0020531337312197835,0.0,0.17013244405054725,-5.406554833461049e-15,0.0,3.8154938838821796e-14
reset,357.48,0.025036958744255277,0.0020531337312197522,0.0,0.17013244405054856,-5.431852884152377e-15,0.0,3.833347130665051e-14
reset,357.516,0.02503695874425507,0.002053133731219721,0.0,0.17013244405054992,-5.4535369276020865e-15,0.0,3.848649913621797e-14
reset,357.552,0.02503695874425486,0.00205313373121969,0.0,0.17013244405055122,-5.478834978293416e-15,0.0,3.8665031604046685e-14
reset,357.588,0.025036958744254652,0.0020531337312196586,0.0,0.17013244405055256,-5.478834978293415e-15,0.0,3.8665031604046685e-14
reset,357.624,0.025036958744254444,0.0020531337312196273,0.0,0.1701324440505539,-5.5077470362263625e-15,0.0,3.8869068710136645e-14
reset,357.66,0.025036958744254236,0.002053133731219596,0.0,0.17013244405055525,-5.504133028984745e-15,0.0,3.88435640718754e-14
reset,357.696,0.025036958744254028,0.002053133731219565,0.0,0.17013244405055655,-5.504133028984745e-15,0.0,3.88435640718754e-14
reset,357.732,0.02503695874425382,0.0020531337312195337,0.0,0.17013244405055788,-5.5185890579512176e-15,0.0,3.8945582624920376e-14
reset,357.768,0.02503695874425361,0.0020531337312195024,0.0,0.17013244405055922,-5.529431079676073e-15,0.0,3.9022096539704106e-14
reset,357.804,0.025036958744253403,0.002053133731219471,0.0,0.17013244405056052,-5.529431079676073e-15,0.0,3.9022096539704106e-14
reset,357.84,0.025036958744253195,0.00205313373121944,0.0,0.17013244405056188,-5.529431079676073e-15,0.0,3.9022096539704106e-14
reset,357.876,0.025036958744252987,0.0020531337312194088,0.0,0.17013244405056321,-5.529431079676073e-15,0.0,3.9022096539704106e-14
reset,357.912,0.02503695874425278,0.0020531337312193775,0.0,0.17013244405056455,-5.529431079676073e-15,0.0,3.9022096539704106e-14
reset,357.948,0.02503695874425257,0.0020531337312193463,0.0,0.17013244405056593,-5.529431079676073e-15,0.0,3.9022096539704106e-14
reset,357.984,0.025036958744252363,0.002053133731219315,0.0,0.1701324440505672,-5.529431079676073e-15,0.0,3.9022096539704106e-14
reset,358.02,0.025036958744252154,0.002053133731219284,0.0,0.17013244405056857,-5.529431079676073e-15,0.0,3.9022096539704106e-14
reset,358.056,0.025036958744251946,0.0020531337312192526,0.0,0.1701324440505699,-5.529431079676073e-15,0.0,3.9022096539704106e-14
reset,358.092,0.025036958744251738,0.0020531337312192214,0.0,0.17013244405057124,-5.529431079676073e-15,0.0,3.9022096539704106e-14
reset,358.128,0.02503695874425153,0.00205313373121919,0.0,0.17013244405057257,-5.529431079676073e-15,0.0,3.9022096539704106e-14
reset,358.164,0.025036958744251322,0.002053133731219159,0.0,0.17013244405057393,-5.529431079676073e-15,0.0,3.9022096539704106e-14
reset,358.2,0.025036958744251114,0.0020531337312191277,0.0,0.17013244405057518,-5.529431079676073e-15,0.0,3.9022096539704106e-14
reset,358.236,0.025036958744250905,0.0020531337312190965,0.0,0.17013244405057656,-5.529431079676073e-15,0.0,3.9022096539704106e-14
reset,358.272,0.025036958744250697,0.0020531337312190653,0.0,0.17013244405057787,-5.529431079676073e-15,0.0,3.9022096539704106e-14
reset,358.308,0.02503695874425049,0.002053133731219034,0.0,0.17013244405057923,-5.529431079676073e-15,0.0,3.9022096539704106e-14
reset,358.344,0.02503695874425028,0.002053133731219003,0.0,0.17013244405058053,-5.529431079676073e-15,0.0,3.9022096539704106e-14
reset,358.38,0.025036958744250073,0.0020531337312189716,0.0,0.1701324440505819,-5.529431079676073e-15,0.0,3.9022096539704106e-14
reset,358.416,0.025036958744249865,0.0020531337312189404,0.0,0.17013244405058317,-5.529431079676073e-15,0.0,3.9022096539704106e-14
reset,358.452,0.025036958744249656,0.002053133731218909,0.0,0.17013244405058456,-5.529431079676073e-15,0.0,3.9022096539704106e-14
reset,358.488,0.02503695874424945,0.002053133731218878,0.0,0.17013244405058586,-5.529431079676073e-15,0.0,3.9022096539704106e-14
forward_1,358.524,0.02503695874424924,0.0020531337312188467,0.0,0.17013244405058722,-5.529431079676073e-15,0.0,3.9022096539704106e-14
forward_1,358.56,0.025036958744249032,0.0020531337312188155,0.0,0.17013244405058853,-5.529431079676073e-15,0.0,3.9022096539704106e-14
forward_1,358.596,0.025036958744248824,0.0020531337312187843,0.0,0.17013244405058983,-5.529431079676073e-15,0.0,3.9022096539704106e-14
forward_1,358.632,0.025036958744248616,0.002053133731218753,0.0,0.1701324440505912,-5.529431079676073e-15,0.0,3.9022096539704106e-14
forward_1,358.668,0.025036958744248407,0.002053133731218722,0.0,0.1701324440505925,-5.529431079676073e-15,0.0,3.9022096539704106e-14
forward_1,358.704,0.0250369587442482,0.0020531337312186906,0.0,0.17013244405059386,-5.529431079676073e-15,0.0,3.9022096539704106e-14
forward_1,358.74,0.02503695874424799,0.0020531337312186594,0.0,0.1701324440505952,-5.529431079676073e-15,0.0,3.9022096539704106e-14
forward_1,358.776,0.025036958744247783,0.002053133731218628,0.0,0.17013244405059652,-5.529431079676073e-15,0.0,3.9022096539704106e-14
forward_1,358.812,0.025036958744247575,0.002053133731218597,0.0,0.17013244405059783,-5.529431079676073e-15,0.0,3.9022096539704106e-14
forward_1,358.848,0.025036958744247367,0.0020531337312185657,0.0,0.17013244405059919,-5.529431079676073e-15,0.0,3.9022096539704106e-14
forward_1,358.884,0.02503695874424716,0.0020531337312185345,0.0,0.1701324440506005,-5.529431079676073e-15,0.0,3.9022096539704106e-14
forward_1,358.92,0.02503695874424695,0.0020531337312185032,0.0,0.17013244405060185,-5.529431079676073e-15,0.0,3.9022096539704106e-14
forward_1,358.956,0.025036958744246742,0.002053133731218472,0.0,0.17013244405060318,-5.529431079676073e-15,0.0,3.9022096539704106e-14
forward_1,358.992,0.025036958744246534,0.002053133731218441,0.0,0.17013244405060451,-5.529431079676073e-15,0.0,3.9022096539704106e-14
forward_1,359.028,0.025036958744246326,0.0020531337312184096,0.0,0.17013244405060582,-5.529431079676073e-15,0.0,3.9022096539704106e-14
forward_1,359.064,0.025036958744246118,0.0020531337312183783,0.0,0.17013244405060718,-5.529431079676073e-15,0.0,3.9022096539704106e-14
forward_1,359.1,0.02503695874424591,0.002053133731218347,0.0,0.17013244405060848,-5.529431079676073e-15,0.0,3.9022096539704106e-14
forward_1,359.136,0.0250369587442457,0.002053133731218316,0.0,0.17013244405060987,-5.529431079676073e-15,0.0,3.9022096539704106e-14
forward_1,359.172,0.025036958744245493,0.0020531337312182847,0.0,0.17013244405061118,-5.529431079676073e-15,0.0,3.9022096539704106e-14
forward_1,359.208,0.025036958744245285,0.0020531337312182534,0.0,0.1701324440506125,-5.529431079676073e-15,0.0,3.9022096539704106e-14
forward_1,359.244,0.025036958744245077,0.002053133731218222,0.0,0.17013244405061384,-5.529431079676073e-15,0.0,3.9022096539704106e-14
forward_1,359.28,0.02503695874424487,0.002053133731218191,0.0,0.17013244405061517,-5.529431079676073e-15,0.0,3.9022096539704106e-14
forward_1,359.316,0.02503695874424466,0.0020531337312181598,0.0,0.1701324440506165,-5.529431079676073e-15,0.0,3.9022096539704106e-14
forward_1,359.352,0.025036958744244452,0.0020531337312181285,0.0,0.17013244405061786,-5.529431079676073e-15,0.0,3.9022096539704106e-14
forward_1,359.388,0.025036958744244244,0.0020531337312180973,0.0,0.17013244405061917,-5.529431079676073e-15,0.0,3.9022096539704106e-14
forward_1,359.424,0.025036958744244036,0.002053133731218066,0.0,0.1701324440506205,-5.529431079676073e-15,0.0,3.9022096539704106e-14
forward_1,359.46,0.025036958744243828,0.002053133731218035,0.0,0.17013244405062183,-5.529431079676073e-15,0.0,3.9022096539704106e-14
forward_1,359.496,0.02503695874424362,0.0020531337312180036,0.0,0.17013244405062317,-5.529431079676073e-15,0.0,3.9022096539704106e-14
forward_1,359.532,0.025123885342999662,0.0020680671273430808,0.0,0.17013244405062433,0.002939999979427252,0.0,3.244189986830303e-14
forward_1,359.568,0.025626817809605625,0.0021544674910460963,0.0,0.1701324440506254,0.015224999967427297,0.0,3.014648242479102e-14
forward_1,359.604,0.026576801358527673,0.0023176681781933305,0.0,0.17013244405062655,0.027824999963787306,0.0,3.147272361437574e-14
forward_1,359.64,0.0279738359897658,0.0025576691887847845,0.0,0.17013244405062775,0.04042499996014724,0.0,3.330905756918534e-14
forward_1,359.676,0.029817921703320007,0.0028744705228204593,0.0,0.170132444050629,0.05302499995650689,0.0,3.387015961093272e-14
forward_1,359.712,0.032109058499190296,0.0032680721803003566,0.0,0.17013244405063027,0.06562499995286675,0.0,3.63186048840122e-14
forward_1,359.748,0.03484724637737665,0.003738474161224476,0.0,0.17013244405063171,0.07822499994922635,0.0,3.897108726318163e-14
forward_1,359.784,0.03803248533787907,0.004285676465592818,0.0,0.17013244405063319,0.09082499994558572,0.0,4.305182938498074e-14
forward_1,359.82,0.041664775380697565,0.0049096790934053825,0.0,0.17013244405063474,0.10342499994194554,0.0,4.5704311764150175e-14
forward_1,359.856,0.045744116505832134,0.005610482044662175,0.0,0.17013244405063638,0.11602499993830495,0.0,4.652046018851e-14
forward_1,359.892,0.050270508713282765,0.006388085319363196,0.0,0.17013244405063815,0.12862499993466453,0.0,4.9376979673769376e-14
forward_1,359.928,0.05524395200304948,0.007242488917508449,0.0,0.17013244405064004,0.1412249999310242,0.0,5.1417350734668945e-14
forward_1,359.964,0.060664446375132255,0.008173692839097933,0.0,0.1701324440506419,0.15382499992738358,0.0,5.2233499159028776e-14
forward_1,360.0,0.06653199182953107,0.009181697084131649,0.0,0.17013244405064373,0.16642499992374354,0.0,5.549809285646807e-14
forward_1,360.036,0.07284658836624601,0.010266501652609606,0.0,0.17013244405064556,0.1790249999201034,0.0,5.30496475833886e-14
forward_1,360.072,0.079608235985277,0.011428106544531804,0.0,0.17013244405064734,0.1916249999164638,0.0,4.97850538859493e-14
forward_1,360.108,0.08669053631580206,0.012644797382848395,0.0,0.17013244405064926,0.1999499999365893,0.0,5.549809285646807e-14
forward_1,360.144,0.0937865852413923,0.01386385013592077,0.0,0.1701324440506511,0.19999999994047718,0.0,5.3865796007748414e-14
forward_1,360.18,0.10088263416698255,0.01508290288899316,0.0,0.17013244405065284,0.1999999999404786,0.0,4.4072014915430525e-14
forward_1,360.216,0.10797868309257287,0.016301955642065578,0.0,0.17013244405065425,0.19999999994047973,0.0,3.5910530671832286e-14
forward_1,360.252,0.11507473201816322,0.017521008395138014,0.0,0.17013244405065525,0.1999999999404823,0.0,2.4484452730794738e-14
forward_1,360.288,0.12217078094375357,0.018740061148210457,0.0,0.1701324440506561,0.19999999994048223,0.0,2.4484452730794738e-14
forward_1,360.324,0.12926682986934404,0.01995911390128292,0.0,0.17013244405065617,0.19999999994048506,0.0,-1.6322968487196493e-15
forward_1,360.36,0.13636287879493453,0.021178166654355388,0.0,0.17013244405065622,0.19999999994048506,0.0,-1.6322968487196493e-15
forward_1,360.396,0.1434589277205251,0.02239721940742787,0.0,0.17013244405065558,0.19999999994048853,0.0,-1.9587562184635793e-14
forward_1,360.432,0.15055497664611564,0.023616272160500322,0.0,0.17013244405065392,0.1999999999404848,0.0,-4.570431176415019e-14
forward_1,360.468,0.1576510255717062,0.02483532491357279,0.0,0.17013244405065175,0.19999999994048806,0.0,-6.202728025134668e-14
forward_1,360.504,0.16474707449729678,0.026054377666645225,0.0,0.17013244405064934,0.19999999994048803,0.0,-6.855646764622529e-14
forward_1,360.54,0.17184312342288735,0.02727343041971766,0.0,0.170132444050647,0.1999999999404885,0.0,-6.529187394878598e-14
forward_1,360.576,0.17893917234847814,0.028492483172790087,0.0,0.17013244405064357,0.19999999994049128,0.0,-9.140862352830035e-14
forward_1,360.612,0.18603522127406893,0.029711535925862495,0.0,0.17013244405064035,0.19999999994049172,0.0,-8.814402983086105e-14
forward_1,360.648,0.1931312701996597,0.030930588678934876,0.0,0.17013244405063707,0.19999999994049128,0.0,-9.140862352830035e-14
forward_1,360.684,0.2002273191252505,0.032149641432007235,0.0,0.17013244405063388,0.19999999994049172,0.0,-8.814402983086105e-14
forward_1,360.72,0.20732336805084128,0.03336869418507958,0.0,0.1701324440506305,0.19999999994049128,0.0,-9.140862352830035e-14
forward_1,360.756,0.21441941697643208,0.034587746938151906,0.0,0.17013244405062727,0.19999999994049128,0.0,-8.487943613342176e-14
forward_1,360.792,0.2215154659020229,0.035806799691224175,0.0,0.17013244405062394,0.19999999994049172,0.0,-8.814402983086105e-14
forward_1,360.828,0.2286115148276136,0.03702585244429643,0.0,0.1701324440506207,0.19999999994049172,0.0,-8.814402983086106e-14
forward_1,360.864,0.23570756375320415,0.038244905197368645,0.0,0.17013244405061898,0.19999999994048528,0.0,-4.243971806671088e-14
forward_1,360.9,0.24280361267879466,0.039463957950440845,0.0,0.17013244405061737,0.19999999994048528,0.0,-4.243971806671088e-14
forward_1,360.936,0.24989966160438515,0.040683010703513045,0.0,0.1701324440506156,0.19999999994048437,0.0,-4.8968905461589476e-14
forward_1,360.972,0.2569957105299757,0.041902063456585203,0.0,0.17013244405061395,0.19999999994048573,0.0,-4.5704311764150175e-14
forward_1,361.008,0.2640917594555661,0.04312111620965735,0.0,0.17013244405061337,0.19999999994048118,0.0,-1.3058374789757194e-14
forward_1,361.044,0.27118780838115636,0.044340168962729486,0.0,0.17013244405061345,0.19999999994047885,0.0,3.2645936974392985e-15
forward_1,361.08,0.27828385730674665,0.045559221715801596,0.0,0.17013244405061326,0.19999999994047835,0.0,-6.529187394878597e-15
forward_1,361.116,0.2853799062323369,0.0467782744688737,0.0,0.17013244405061326,0.1999999999404793,0.0,0.0
forward_1,361.152,0.2924759551579271,0.0479973272219458,0.0,0.1701324440506138,0.1999999999404765,0.0,1.9587562184635793e-14
forward_1,361.188,0.2995720040835173,0.0492163799750179,0.0,0.1701324440506156,0.1999999999404728,0.0,4.5704311764150175e-14
forward_1,361.224,0.3066680530091075,0.05043543272809002,0.0,0.17013244405061712,0.1999999999404728,0.0,4.570431176415019e-14
forward_1,361.26,0.3137641019346977,0.051654485481162145,0.0,0.17013244405061873,0.1999999999404737,0.0,5.2233499159028776e-14
forward_1,361.296,0.32086015086028785,0.052873538234234276,0.0,0.17013244405062042,0.1999999999404728,0.0,4.5704311764150175e-14
forward_1,361.332,0.32795619978587803,0.05409259098730641,0.0,0.17013244405062197,0.1999999999404728,0.0,4.5704311764150175e-14
forward_1,361.368,0.33505224871146816,0.055311643740378544,0.0,0.17013244405062355,0.1999999999404728,0.0,4.5704311764150175e-14
forward_1,361.404,0.34214829763705834,0.056530696493450716,0.0,0.17013244405062508,0.1999999999404728,0.0,4.5704311764150175e-14
forward_1,361.44,0.3492443465626485,0.057749749246522895,0.0,0.17013244405062664,0.1999999999404728,0.0,4.5704311764150175e-14
forward_1,361.476,0.3563403954882387,0.05896880199959509,0.0,0.17013244405062838,0.1999999999404728,0.0,4.5704311764150175e-14
forward_1,361.512,0.3634364444138291,0.06018785475266731,0.0,0.1701324440506288,0.19999999994047649,0.0,6.529187394878597e-15
forward_1,361.548,0.3705324933394197,0.06140690750573954,0.0,0.1701324440506288,0.19999999994047926,0.0,0.0
forward_1,361.584,0.3776285422650102,0.06262596025881177,0.0,0.1701324440506288,0.19999999994047926,0.0,0.0
forward_1,361.62,0.38472459119060076,0.06384501301188396,0.0,0.1701324440506288,0.19999999994047926,0.0,0.0
forward_1,361.656,0.3918206401161913,0.06506406576495613,0.0,0.1701324440506288,0.1999999999404774,0.0,0.0
forward_1,361.692,0.39891668904178185,0.06628311851802832,0.0,0.1701324440506288,0.19999999994047926,0.0,0.0
forward_1,361.728,0.40601273796737236,0.06750217127110052,0.0,0.1701324440506288,0.1999999999404793,0.0,0.0
forward_1,361.764,0.4131087868929631,0.06872122402417276,0.0,0.1701324440506265,0.1999999999404904,0.0,-7.835024873854319e-14
forward_1,361.8,0.420204835818554,0.06994027677724503,0.0,0.17013244405062333,0.19999999994049128,0.0,-8.487943613342176e-14
forward_1,361.836,0.4273008847441448,0.07115932953031728,0.0,0.17013244405062006,0.19999999994049128,0.0,-8.487943613342177e-14
forward_1,361.872,0.4343969336697357,0.07237838228338955,0.0,0.17013244405061692,0.19999999994049128,0.0,-8.487943613342176e-14
forward_1,361.908,0.44149298259532654,0.07359743503646181,0.0,0.1701324440506138,0.19999999994049128,0.0,-8.487943613342176e-14
forward_1,361.944,0.44858903152091745,0.07481648778953397,0.0,0.17013244405061076,0.19999999994049128,0.0,-8.487943613342176e-14
forward_1,361.98,0.4556850804465083,0.07603554054260614,0.0,0.1701324440506072,0.19999999994049128,0.0,-9.793781092317895e-14
forward_1,362.016,0.4627811293720992,0.07725459329567827,0.0,0.1701324440506041,0.19999999994049222,0.0,-9.140862352830038e-14
forward_1,362.052,0.4698771782976901,0.07847364604875037,0.0,0.1701324440506008,0.19999999994049128,0.0,-9.793781092317895e-14
forward_1,362.088,0.47697322722328106,0.07969269880182252,0.0,0.17013244405059771,0.19999999994049128,0.0,-9.793781092317895e-14
forward_1,362.124,0.484069276148872,0.08091175155489459,0.0,0.17013244405059458,0.1999999999404913,0.0,-9.793781092317895e-14
forward_1,362.16,0.491165325074463,0.08213080430796667,0.0,0.17013244405059144,0.1999999999404904,0.0,-9.140862352830035e-14
forward_1,362.196,0.49826137400005394,0.08334985706103867,0.0,0.17013244405058836,0.19999999994049036,0.0,-9.140862352830035e-14
forward_1,362.232,0.5053574229256449,0.08456890981411065,0.0,0.17013244405058522,0.19999999994049222,0.0,-7.835024873854316e-14
forward_1,362.268,0.5124534718512355,0.08578796256718263,0.0,0.1701324440505837,0.19999999994048484,0.0,-2.6116749579514388e-14
forward_1,362.304,0.5195495207768258,0.08700701532025458,0.0,0.1701324440505837,0.19999999994048018,0.0,6.529187394878597e-15
forward_1,362.34,0.526645569702416,0.08822606807332652,0.0,0.1701324440505837,0.19999999994048112,0.0,0.0
forward_1,362.376,0.5337416186280062,0.08944512082639845,0.0,0.17013244405058328,0.19999999994047926,0.0,-1.3058374789757194e-14
forward_1,362.412,0.5408376675535964,0.09066417357947039,0.0,0.17013244405058328,0.19999999994047926,0.0,-1.3058374789757194e-14
forward_1,362.448,0.5479337164791865,0.09188322633254233,0.0,0.1701324440505837,0.1999999999404774,0.0,0.0
forward_1,362.484,0.5550297654047768,0.09310227908561426,0.0,0.1701324440505837,0.1999999999404774,0.0,0.0
forward_1,362.52,0.562125814330367,0.0943213318386862,0.0,0.1701324440505837,0.1999999999404774,0.0,0.0
forward_1,362.556,0.5692218632559572,0.09554038459175813,0.0,0.1701324440505837,0.19999999994047926,0.0,1.3058374789757194e-14
forward_1,362.592,0.5763179121815475,0.09675943734483007,0.0,0.1701324440505837,0.19999999994047926,0.0,1.3058374789757194e-14
forward_1,362.628,0.5834139611071374,0.097978490097902,0.0,0.17013244405058522,0.19999999994047374,0.0,5.2233499159028776e-14
forward_1,362.664,0.5905100100327272,0.09919754285097386,0.0,0.17013244405058797,0.19999999994046447,0.0,9.140862352830035e-14
forward_1,362.7,0.597606058958317,0.10041659560404574,0.0,0.17013244405059108,0.1999999999404663,0.0,7.835024873854316e-14
forward_1,362.736,0.604702107883907,0.10163564835711772,0.0,0.17013244405059227,0.19999999994047557,0.0,1.3058374789757194e-14
forward_1,362.772,0.6117981568094969,0.1028547011101897,0.0,0.17013244405059227,0.1999999999404774,0.0,0.0
forward_1,362.808,0.6188942057350871,0.10407375386326172,0.0,0.17013244405059227,0.19999999994047926,0.0,-1.3058374789757194e-14
forward_1,362.844,0.6259902546606771,0.10529280661633371,0.0,0.17013244405059227,0.1999999999404793,0.0,-1.3058374789757194e-14
forward_1,362.88,0.6330863035862674,0.10651185936940573,0.0,0.17013244405059227,0.19999999994048112,0.0,0.0
forward_1,362.916,0.6401823525118574,0.10773091212247772,0.0,0.17013244405059227,0.19999999994048115,0.0,0.0
forward_1,362.952,0.6472784014374475,0.10894996487554973,0.0,0.1701324440505926,0.19999999994047926,0.0,1.3058374789757194e-14
forward_1,362.988,0.6543744503630375,0.11016901762862172,0.0,0.17013244405059227,0.19999999994047743,0.0,0.0
forward_1,363.024,0.6614704992886277,0.11138807038169372,0.0,0.17013244405059227,0.1999999999404774,0.0,0.0
forward_1,363.06,0.6685665482142178,0.11260712313476573,0.0,0.17013244405059227,0.19999999994047743,0.0,0.0
forward_1,363.096,0.6756625971398083,0.11382617588783778,0.0,0.17013244405059028,0.19999999994048667,0.0,-6.529187394878597e-14
forward_1,363.132,0.682758646065399,0.11504522864090976,0.0,0.17013244405058722,0.19999999994049036,0.0,-9.140862352830035e-14
forward_1,363.168,0.6898546949909898,0.11626428139398173,0.0,0.1701324440505841,0.19999999994049222,0.0,-7.835024873854316e-14
forward_1,363.204,0.6969507439165804,0.11748333414705366,0.0,0.17013244405058214,0.19999999994048667,0.0,-3.917512436927159e-14
forward_1,363.24,0.7040467928421706,0.11870238690012551,0.0,0.17013244405058214,0.19999999994047926,0.0,1.3058374789757194e-14
forward_1,363.276,0.7111428417677609,0.11992143965319736,0.0,0.17013244405058214,0.19999999994048112,0.0,0.0
forward_1,363.312,0.718238890693351,0.1211404924062692,0.0,0.17013244405058178,0.19999999994047926,0.0,-1.3058374789757194e-14
forward_1,363.348,0.7253349396189412,0.12235954515934105,0.0,0.17013244405058178,0.19999999994047926,0.0,-1.3058374789757194e-14
forward_1,363.384,0.7324309885445315,0.12357859791241291,0.0,0.17013244405058178,0.19999999994047926,0.0,-1.3058374789757194e-14
forward_1,363.42,0.7395270374701216,0.12479765066548475,0.0,0.17013244405058214,0.1999999999404774,0.0,0.0
forward_1,363.456,0.7466230863957118,0.12601670341855667,0.0,0.17013244405058214,0.1999999999404774,0.0,0.0
forward_1,363.492,0.7537191353213021,0.1272357561716286,0.0,0.17013244405058214,0.19999999994047926,0.0,1.3058374789757194e-14
forward_1,363.528,0.7608151842468923,0.12845480892470054,0.0,0.17013244405058214,0.19999999994047926,0.0,1.3058374789757194e-14
forward_1,363.564,0.7679112331724826,0.12967386167777248,0.0,0.17013244405058214,0.19999999994047926,0.0,1.3058374789757194e-14
forward_1,363.6,0.7750072820980727,0.1308929144308444,0.0,0.17013244405058178,0.1999999999404793,0.0,-1.3058374789757194e-14
forward_1,363.636,0.7821033310236629,0.13211196718391632,0.0,0.17013244405058178,0.19999999994047926,0.0,-1.3058374789757194e-14
forward_1,363.672,0.7891993799492532,0.13333101993698826,0.0,0.17013244405058178,0.19999999994047926,0.0,-1.3058374789757194e-14
forward_1,363.708,0.7962954288748434,0.1345500726900602,0.0,0.17013244405058178,0.19999999994047926,0.0,-1.3058374789757194e-14
forward_1,363.744,0.8033914778004335,0.1357691254431321,0.0,0.17013244405058214,0.1999999999404774,0.0,0.0
forward_1,363.78,0.8104875267260238,0.13698817819620404,0.0,0.17013244405058214,0.1999999999404774,0.0,0.0
forward_1,363.816,0.817583575651614,0.13820723094927598,0.0,0.17013244405058214,0.19999999994047926,0.0,1.3058374789757194e-14
forward_1,363.852,0.8246796245772042,0.13942628370234791,0.0,0.17013244405058214,0.19999999994047926,0.0,1.3058374789757194e-14
forward_1,363.888,0.8317756735027945,0.14064533645541985,0.0,0.17013244405058214,0.19999999994047926,0.0,1.3058374789757194e-14
forward_1,363.924,0.8388717224283846,0.14186438920849176,0.0,0.17013244405058178,0.19999999994047926,0.0,-1.3058374789757194e-14
forward_1,363.96,0.8459677713539748,0.1430834419615637,0.0,0.17013244405058178,0.19999999994047926,0.0,-1.3058374789757194e-14
forward_1,363.996,0.8530638202795651,0.14430249471463563,0.0,0.17013244405058178,0.19999999994047926,0.0,-1.3058374789757194e-14
forward_1,364.032,0.8601598692051552,0.14552154746770754,0.0,0.17013244405058214,0.1999999999404774,0.0,0.0
forward_1,364.068,0.8672559181307454,0.14674060022077948,0.0,0.17013244405058214,0.1999999999404774,0.0,0.0
forward_1,364.104,0.8743519670563357,0.1479596529738514,0.0,0.17013244405058214,0.19999999994047926,0.0,1.3058374789757194e-14
forward_1,364.14,0.8814480159819259,0.14917870572692335,0.0,0.17013244405058214,0.19999999994047926,0.0,1.3058374789757194e-14
forward_1,364.176,0.8885440649075161,0.15039775847999529,0.0,0.17013244405058214,0.19999999994047926,0.0,1.3058374789757194e-14
forward_1,364.212,0.8956401138331064,0.15161681123306722,0.0,0.17013244405058214,0.19999999994048112,0.0,0.0
forward_1,364.248,0.9027361627586965,0.15283586398613913,0.0,0.17013244405058178,0.19999999994047926,0.0,-1.3058374789757194e-14
forward_1,364.284,0.9098322116842867,0.15405491673921107,0.0,0.17013244405058178,0.19999999994047926,0.0,-1.3058374789757194e-14
forward_1,364.32,0.916928260609877,0.155273969492283,0.0,0.17013244405058178,0.19999999994047926,0.0,-1.3058374789757194e-14
forward_1,364.356,0.9240243095354671,0.1564930222453549,0.0,0.17013244405058214,0.1999999999404774,0.0,0.0
forward_1,364.392,0.9311203584610573,0.15771207499842685,0.0,0.17013244405058214,0.1999999999404774,0.0,0.0
forward_1,364.428,0.9382164073866476,0.15893112775149879,0.0,0.17013244405058214,0.19999999994047926,0.0,1.3058374789757194e-14
forward_1,364.464,0.9453124563122378,0.16015018050457072,0.0,0.17013244405058214,0.19999999994047926,0.0,1.3058374789757194e-14
forward_1,364.5,0.952408505237828,0.16136923325764266,0.0,0.17013244405058214,0.19999999994047926,0.0,1.3058374789757194e-14
forward_1,364.536,0.959360859173478,0.16256360019260274,0.0,0.170132444050581,0.19513999996907946,0.0,-3.917512436927159e-14
forward_1,364.572,0.9657623823116764,0.16366333815767392,0.0,0.17013244405057942,0.1790749999805219,0.0,-5.223349915902879e-14
forward_1,364.608,0.9715891254868971,0.16466433284974544,0.0,0.17013244405057787,0.16287499998520377,0.0,-5.2233499159028776e-14
forward_1,364.644,0.9768410886991398,0.16556658426881724,0.0,0.17013244405057673,0.14667499998988384,0.0,-1.305837478975719e-14
forward_1,364.68,0.9815182719484047,0.1663700924148893,0.0,0.1701324440505736,0.13047499999456202,0.0,-6.529187394878597e-14
forward_1,364.716,0.9856206752346917,0.16707485728796168,0.0,0.17013244405057207,0.11427499999923652,0.0,-3.917512436927159e-14
forward_1,364.752,0.989148298558001,0.1676808788880344,0.0,0.1701324440505697,0.09807500000391842,0.0,-6.529187394878597e-14
forward_1,364.788,0.9921011419183323,0.16818815721510744,0.0,0.17013244405056815,0.0818750000085966,0.0,-6.529187394878597e-14
forward_1,364.824,0.994479205315686,0.16859669226918084,0.0,0.170132444050567,0.0656750000132859,0.0,-3.917512436927159e-14
forward_1,364.86,0.9962824887500616,0.1689064840502545,0.0,0.17013244405056507,0.04947500001795853,0.0,-5.223349915902879e-14
forward_1,364.896,0.9975109922214596,0.16911753255832843,0.0,0.1701324440505631,0.03327500002263858,0.0,-6.529187394878597e-14
forward_1,364.932,0.9981647157298796,0.16922983779340273,0.0,0.17013244405056155,0.01707500002731862,0.0,-2.6116749579514385e-14
forward_1,364.968,0.9982812092005151,0.16924985057623193,0.0,0.17013244405056,0.0021450000190603724,0.0,-2.6116749579514388e-14
forward_1,365.004,0.9982812092005151,0.16924985057623193,0.0,0.17013244405056,0.0,0.0,0.0
forward_1,365.04,0.9982812092005151,0.16924985057623193,0.0,0.17013244405056,0.0,0.0,0.0
forward_1,365.076,0.9982812092005151,0.16924985057623193,0.0,0.17013244405056,0.0,0.0,0.0
forward_1,365.112,0.9982812092005151,0.16924985057623193,0.0,0.17013244405056,0.0,0.0,0.0
forward_1,365.148,0.9982812092005151,0.16924985057623193,0.0,0.17013244405056,0.0,0.0,0.0
forward_1,365.184,0.9982812092005151,0.16924985057623193,0.0,0.17013244405056,0.0,0.0,0.0
forward_1,365.22,0.9982812092005151,0.16924985057623193,0.0,0.17013244405056,0.0,0.0,0.0
forward_1,365.256,0.9982812092005151,0.16924985057623193,0.0,0.17013244405056,0.0,0.0,0.0
forward_1,365.292,0.9982812092005151,0.16924985057623193,0.0,0.17013244405056,0.0,0.0,0.0
forward_1,365.328,0.9982812092005151,0.16924985057623193,0.0,0.17013244405056,0.0,0.0,0.0
forward_1,365.364,0.9982812092005151,0.16924985057623193,0.0,0.17013244405056,0.0,0.0,0.0
forward_1,365.4,0.9982812092005151,0.16924985057623193,0.0,0.17013244405056,0.0,0.0,0.0
forward_1,365.436,0.9982812092005151,0.16924985057623193,0.0,0.17013244405056,0.0,0.0,0.0
forward_1,365.472,0.9982812092005151,0.16924985057623193,0.0,0.17013244405056,0.0,0.0,0.0
forward_1,365.508,0.9982812092005151,0.16924985057623193,0.0,0.17013244405056,0.0,0.0,0.0
forward_1,365.544,0.9982812092005151,0.16924985057623193,0.0,0.17013244405056,0.0,0.0,0.0
forward_1,365.58,0.9982812092005151,0.16924985057623193,0.0,0.17013244405056,0.0,0.0,0.0
forward_1,365.616,0.9982812092005151,0.16924985057623193,0.0,0.17013244405056,0.0,0.0,0.0
forward_1,365.652,0.9982812092005151,0.16924985057623193,0.0,0.17013244405056,0.0,0.0,0.0
forward_1,365.688,0.9982812092005151,0.16924985057623193,0.0,0.17013244405056,0.0,0.0,0.0
forward_1,365.724,0.9982812092005151,0.16924985057623193,0.0,0.17013244405056,0.0,0.0,0.0
forward_1,365.76,0.9982812092005151,0.16924985057623193,0.0,0.17013244405056,0.0,0.0,0.0
forward_1,365.796,0.9982812092005151,0.16924985057623193,0.0,0.17013244405056,0.0,0.0,0.0
forward_1,365.832,0.9982812092005151,0.16924985057623193,0.0,0.17013244405056,0.0,0.0,0.0
forward_1,365.868,0.9982812092005151,0.16924985057623193,0.0,0.17013244405056,0.0,0.0,0.0
forward_1,365.904,0.9982812092005151,0.16924985057623193,0.0,0.17013244405056,0.0,0.0,0.0
forward_1,365.94,0.9982812092005151,0.16924985057623193,0.0,0.17013244405056,0.0,0.0,0.0
forward_1,365.976,0.9982812092005151,0.16924985057623193,0.0,0.17013244405056,0.0,0.0,0.0
forward_1,366.012,0.9982812092005151,0.16924985057623193,0.0,0.17013244405056,0.0,0.0,0.0
forward_1,366.048,0.9982812092005151,0.16924985057623193,0.0,0.17013244405056,0.0,0.0,0.0
forward_1,366.084,0.9982812092005151,0.16924985057623193,0.0,0.17013244405056,0.0,0.0,0.0
forward_1,366.12,0.9982812092005151,0.16924985057623193,0.0,0.17013244405056,0.0,0.0,0.0
forward_1,366.156,0.9982812092005151,0.16924985057623193,0.0,0.17013244405056,0.0,0.0,0.0
forward_1,366.192,0.9982812092005151,0.16924985057623193,0.0,0.17013244405056,0.0,0.0,0.0
forward_1,366.228,0.9982812092005151,0.16924985057623193,0.0,0.17013244405056,0.0,0.0,0.0
forward_1,366.264,0.9982812092005151,0.16924985057623193,0.0,0.17013244405056,0.0,0.0,0.0
forward_1,366.3,0.9982812092005151,0.16924985057623193,0.0,0.17013244405056,0.0,0.0,0.0
forward_1,366.336,0.9982812092005151,0.16924985057623193,0.0,0.17013244405056,0.0,0.0,0.0
forward_1,366.372,0.9982812092005151,0.16924985057623193,0.0,0.17013244405056,0.0,0.0,0.0
forward_1,366.408,0.9982812092005151,0.16924985057623193,0.0,0.17013244405056,0.0,0.0,0.0
forward_1,366.444,0.9982812092005151,0.16924985057623193,0.0,0.17013244405056,0.0,0.0,0.0
forward_1,366.48,0.9982812092005151,0.16924985057623193,0.0,0.17013244405056,0.0,0.0,0.0
forward_1,366.516,0.9982812092005151,0.16924985057623193,0.0,0.17013244405056,0.0,0.0,0.0
forward_1,366.552,0.9982812092005151,0.16924985057623193,0.0,0.17013244405056,0.0,0.0,0.0
forward_1,366.588,0.9982812092005151,0.16924985057623193,0.0,0.17013244405056,0.0,0.0,0.0
forward_1,366.624,0.9982812092005151,0.16924985057623193,0.0,0.17013244405056,0.0,0.0,0.0
forward_1,366.66,0.9982812092005151,0.16924985057623193,0.0,0.17013244405056,0.0,0.0,0.0
forward_1,366.696,0.9982812092005151,0.16924985057623193,0.0,0.17013244405056,0.0,0.0,0.0
forward_1,366.732,0.9982812092005151,0.16924985057623193,0.0,0.17013244405056,0.0,0.0,0.0
forward_1,366.768,0.9982812092005151,0.16924985057623193,0.0,0.17013244405056,0.0,0.0,0.0
forward_1,366.804,0.9982812092005151,0.16924985057623193,0.0,0.17013244405056,0.0,0.0,0.0
forward_1,366.84,0.9982812092005151,0.16924985057623193,0.0,0.17013244405056,0.0,0.0,0.0
forward_1,366.876,0.9982812092005151,0.16924985057623193,0.0,0.17013244405056,0.0,0.0,0.0
forward_1,366.912,0.9982812092005151,0.16924985057623193,0.0,0.17013244405056,0.0,0.0,0.0
forward_1,366.948,0.9982812092005151,0.16924985057623193,0.0,0.17013244405056,0.0,0.0,0.0
forward_1,366.984,0.9982812092005151,0.16924985057623193,0.0,0.17013244405056,0.0,0.0,0.0
forward_1,367.02,0.9982812092005151,0.16924985057623193,0.0,0.17013244405056,0.0,0.0,0.0
forward_1,367.056,0.9982812092005151,0.16924985057623193,0.0,0.17013244405056,0.0,0.0,0.0
forward_1,367.092,0.9982812092005151,0.16924985057623193,0.0,0.17013244405056,0.0,0.0,0.0
forward_1,367.128,0.9982812092005151,0.16924985057623193,0.0,0.17013244405056,0.0,0.0,0.0
forward_1,367.164,0.9982812092005151,0.16924985057623193,0.0,0.17013244405056,0.0,0.0,0.0
forward_1,367.2,0.9982812092005151,0.16924985057623193,0.0,0.17013244405056,0.0,0.0,0.0
forward_1,367.236,0.9982812092005151,0.16924985057623193,0.0,0.17013244405056,0.0,0.0,0.0
forward_1,367.272,0.9982812092005151,0.16924985057623193,0.0,0.17013244405056,0.0,0.0,0.0
forward_1,367.308,0.9982812092005151,0.16924985057623193,0.0,0.17013244405056,0.0,0.0,0.0
forward_1,367.344,0.9982812092005151,0.16924985057623193,0.0,0.17013244405056,0.0,0.0,0.0
forward_1,367.38,0.9982812092005151,0.16924985057623193,0.0,0.17013244405056,0.0,0.0,0.0
forward_1,367.416,0.9982812092005151,0.16924985057623193,0.0,0.17013244405056,0.0,0.0,0.0
forward_1,367.452,0.9982812092005151,0.16924985057623193,0.0,0.17013244405056,0.0,0.0,0.0
forward_1,367.488,0.9982812092005151,0.16924985057623193,0.0,0.17013244405056,0.0,0.0,0.0
reset,367.524,0.9982812092005151,0.16924985057623193,0.0,0.17013244405056,0.0,0.0,0.0
reset,367.56,0.9982812092005151,0.16924985057623193,0.0,0.17013244405056,0.0,0.0,0.0
reset,367.596,0.9982812092005151,0.16924985057623193,0.0,0.17013244405056,0.0,0.0,0.0
reset,367.632,0.9982812092005151,0.16924985057623193,0.0,0.17013244405056,0.0,0.0,0.0
reset,367.668,0.9982812092005151,0.16924985057623193,0.0,0.17013244405056,0.0,0.0,0.0
reset,367.704,0.9982812092005151,0.16924985057623193,0.0,0.17013244405056,0.0,0.0,0.0
reset,367.74,0.9982812092005151,0.16924985057623193,0.0,0.17013244405056,0.0,0.0,0.0
reset,367.776,0.9982812092005151,0.16924985057623193,0.0,0.17013244405056,0.0,0.0,0.0
reset,367.812,0.9982812092005151,0.16924985057623193,0.0,0.17013244405056,0.0,0.0,0.0
reset,367.848,0.9982812092005151,0.16924985057623193,0.0,0.17013244405056,0.0,0.0,0.0
reset,367.884,0.9982812092005151,0.16924985057623193,0.0,0.17013244405056,0.0,0.0,0.0
reset,367.92,0.9982812092005151,0.16924985057623193,0.0,0.17013244405056,0.0,0.0,0.0
reset,367.956,0.9982812092005151,0.16924985057623193,0.0,0.17013244405056,0.0,0.0,0.0
reset,367.992,0.9982812092005151,0.16924985057623193,0.0,0.17013244405056,0.0,0.0,0.0
reset,368.028,0.9982812092005151,0.16924985057623193,0.0,0.17013244405056,0.0,0.0,0.0
reset,368.064,0.9982812092005151,0.16924985057623193,0.0,0.17013244405056,0.0,0.0,0.0
reset,368.1,0.9982812092005151,0.16924985057623193,0.0,0.17013244405056,0.0,0.0,0.0
reset,368.136,0.9982812092005151,0.16924985057623193,0.0,0.17013244405056,0.0,0.0,0.0
reset,368.172,0.9982812092005151,0.16924985057623193,0.0,0.17013244405056,0.0,0.0,0.0
reset,368.208,0.9982812092005151,0.16924985057623193,0.0,0.17013244405056,0.0,0.0,0.0
reset,368.244,0.9982812092005151,0.16924985057623193,0.0,0.17013244405056,0.0,0.0,0.0
reset,368.28,0.9982812092005151,0.16924985057623193,0.0,0.17013244405056,0.0,0.0,0.0
reset,368.316,0.9982812092005151,0.16924985057623193,0.0,0.17013244405056,0.0,0.0,0.0
reset,368.352,0.9982812092005151,0.16924985057623193,0.0,0.17013244405056,0.0,0.0,0.0
reset,368.388,0.9982812092005151,0.16924985057623193,0.0,0.17013244405056,0.0,0.0,0.0
reset,368.424,0.9982812092005151,0.16924985057623193,0.0,0.17013244405056,0.0,0.0,0.0
reset,368.46,0.9982812092005151,0.16924985057623193,0.0,0.17013244405056,0.0,0.0,0.0
reset,368.496,0.9982812092005151,0.16924985057623193,0.0,0.17013244405056,0.0,0.0,0.0
reset,368.568,0.9982812092005151,0.16924985057623193,0.0,0.17013244405056,0.0,0.0,0.0
reset,368.604,0.9982812092005151,0.16924985057623193,0.0,0.17013244405056,0.0,0.0,0.0
reset,368.64,0.9982812092005151,0.16924985057623193,0.0,0.17013244405056,0.0,0.0,0.0
reset,368.676,0.9982812092005151,0.16924985057623193,0.0,0.17013244405056,0.0,0.0,0.0
reset,368.712,0.9982812092005151,0.16924985057623193,0.0,0.17013244405056,0.0,0.0,0.0
reset,368.748,0.9982812092005153,0.16924985057623196,0.0,0.17013244405055844,7.401486830834376e-15,0.0,-5.2233499159028776e-14
reset,368.784,0.9982812092005153,0.16924985057623196,0.0,0.17013244405055844,0.0,0.0,0.0
reset,368.82,0.9982812092005153,0.16924985057623196,0.0,0.17013244405055844,0.0,0.0,0.0
reset,368.856,0.9982812092005153,0.16924985057623196,0.0,0.17013244405055844,0.0,0.0,0.0
reset,368.892,0.9982812092005153,0.16924985057623196,0.0,0.17013244405055844,0.0,0.0,0.0
reset,368.928,0.9982812092005153,0.16924985057623196,0.0,0.17013244405055844,0.0,0.0,0.0
reset,368.964,0.9982812092005153,0.16924985057623196,0.0,0.17013244405055844,0.0,0.0,0.0
reset,369.0,0.9982812092005153,0.16924985057623196,0.0,0.17013244405055844,0.0,0.0,0.0
reset,369.036,0.9982812092005153,0.16924985057623196,0.0,0.17013244405055844,0.0,0.0,0.0
reset,369.072,0.9982812092005153,0.16924985057623196,0.0,0.17013244405055844,0.0,0.0,0.0
reset,369.108,0.9982812092005153,0.16924985057623196,0.0,0.17013244405055844,0.0,0.0,0.0
reset,369.144,0.9982812092005153,0.16924985057623196,0.0,0.17013244405055844,0.0,0.0,0.0
reset,369.18,0.9982812092005153,0.16924985057623196,0.0,0.17013244405055844,0.0,0.0,0.0
reset,369.216,0.9982812092005153,0.16924985057623196,0.0,0.17013244405055844,0.0,0.0,0.0
reset,369.252,0.9982812092005153,0.16924985057623196,0.0,0.17013244405055844,0.0,0.0,0.0
reset,369.288,0.9982812092005153,0.16924985057623196,0.0,0.17013244405055844,0.0,0.0,0.0
reset,369.324,0.9982812092005153,0.16924985057623196,0.0,0.17013244405055844,0.0,0.0,0.0
reset,369.36,0.9982812092005153,0.16924985057623196,0.0,0.17013244405055844,0.0,0.0,0.0
reset,369.396,0.9982812092005153,0.16924985057623196,0.0,0.17013244405055844,0.0,0.0,0.0
reset,369.432,0.9982812092005153,0.16924985057623196,0.0,0.17013244405055844,0.0,0.0,0.0
reset,369.468,0.9982812092005153,0.16924985057623196,0.0,0.17013244405055844,0.0,0.0,0.0
reset,369.504,0.9982812092005153,0.16924985057623196,0.0,0.17013244405055844,0.0,0.0,0.0
reset,369.54,0.9982812092005153,0.16924985057623196,0.0,0.17013244405055844,0.0,0.0,0.0
reset,369.576,0.9982812092005153,0.16924985057623196,0.0,0.17013244405055844,0.0,0.0,0.0
reset,369.612,0.9982812092005153,0.16924985057623196,0.0,0.17013244405055844,0.0,0.0,0.0
reset,369.648,0.9982812092005153,0.16924985057623196,0.0,0.17013244405055844,0.0,0.0,0.0
reset,369.684,0.9982812092005153,0.16924985057623196,0.0,0.17013244405055844,0.0,0.0,0.0
reset,369.72,0.9982812092005153,0.16924985057623196,0.0,0.17013244405055844,0.0,0.0,0.0
reset,369.756,0.9982812092005153,0.16924985057623196,0.0,0.17013244405055844,0.0,0.0,0.0
reset,369.792,0.9982812092005153,0.16924985057623196,0.0,0.17013244405055844,0.0,0.0,0.0
reset,369.828,0.9982812092005153,0.16924985057623196,0.0,0.17013244405055844,0.0,0.0,0.0
reset,369.864,0.9982812092005153,0.16924985057623196,0.0,0.17013244405055844,0.0,0.0,0.0
reset,369.9,0.9982812092005153,0.16924985057623196,0.0,0.17013244405055844,0.0,0.0,0.0
reset,369.936,0.9982812092005153,0.16924985057623196,0.0,0.17013244405055844,0.0,0.0,0.0
reset,369.972,0.9982812092005153,0.16924985057623196,0.0,0.17013244405055844,0.0,0.0,0.0
reset,370.008,0.9982812092005153,0.16924985057623196,0.0,0.17013244405055844,0.0,0.0,0.0
reverse_1,370.044,0.9982812092005153,0.16924985057623196,0.0,0.17013244405055844,0.0,0.0,0.0
reverse_1,370.08,0.9982812092005153,0.16924985057623196,0.0,0.17013244405055844,0.0,0.0,0.0
reverse_1,370.116,0.9982812092005153,0.16924985057623196,0.0,0.17013244405055844,0.0,0.0,0.0
reverse_1,370.152,0.9982812092005153,0.16924985057623196,0.0,0.17013244405055844,0.0,0.0,0.0
reverse_1,370.188,0.9982812092005153,0.16924985057623196,0.0,0.17013244405055844,0.0,0.0,0.0
reverse_1,370.224,0.9982812092005153,0.16924985057623196,0.0,0.17013244405055844,0.0,0.0,0.0
reverse_1,370.26,0.9982812092005153,0.16924985057623196,0.0,0.17013244405055844,0.0,0.0,0.0
reverse_1,370.296,0.9982812092005153,0.16924985057623196,0.0,0.17013244405055844,0.0,0.0,0.0
reverse_1,370.332,0.9982812092005153,0.16924985057623196,0.0,0.17013244405055844,0.0,0.0,0.0
reverse_1,370.368,0.9982812092005153,0.16924985057623196,0.0,0.17013244405055844,0.0,0.0,0.0
reverse_1,370.404,0.9982812092005153,0.16924985057623196,0.0,0.17013244405055844,0.0,0.0,0.0
reverse_1,370.44,0.9982812092005153,0.16924985057623196,0.0,0.17013244405055844,0.0,0.0,0.0
reverse_1,370.476,0.9982812092005153,0.16924985057623196,0.0,0.17013244405055844,0.0,0.0,0.0
reverse_1,370.512,0.9982812092005153,0.16924985057623196,0.0,0.17013244405055844,0.0,0.0,0.0
reverse_1,370.548,0.9982812092005153,0.16924985057623196,0.0,0.17013244405055844,0.0,0.0,0.0
reverse_1,370.584,0.9982812092005153,0.16924985057623196,0.0,0.17013244405055844,0.0,0.0,0.0
reverse_1,370.62,0.9982812092005153,0.16924985057623196,0.0,0.17013244405055844,0.0,0.0,0.0
reverse_1,370.656,0.9982812092005153,0.16924985057623196,0.0,0.17013244405055844,0.0,0.0,0.0
reverse_1,370.692,0.9982812092005153,0.16924985057623196,0.0,0.17013244405055844,0.0,0.0,0.0
reverse_1,370.728,0.9982812092005153,0.16924985057623196,0.0,0.17013244405055844,0.0,0.0,0.0
reverse_1,370.764,0.9982812092005153,0.16924985057623196,0.0,0.17013244405055844,0.0,0.0,0.0
reverse_1,370.8,0.9982812092005153,0.16924985057623196,0.0,0.17013244405055844,0.0,0.0,0.0
reverse_1,370.836,0.9982812092005153,0.16924985057623196,0.0,0.17013244405055844,0.0,0.0,0.0
reverse_1,370.872,0.9982812092005153,0.16924985057623196,0.0,0.17013244405055844,0.0,0.0,0.0
reverse_1,370.908,0.9982812092005153,0.16924985057623196,0.0,0.17013244405055844,0.0,0.0,0.0
reverse_1,370.944,0.9982812092005153,0.16924985057623196,0.0,0.17013244405055844,0.0,0.0,0.0
reverse_1,370.98,0.9982812092005153,0.16924985057623196,0.0,0.17013244405055844,0.0,0.0,0.0
reverse_1,371.016,0.9982812092005153,0.16924985057623196,0.0,0.17013244405055844,0.0,0.0,0.0
reverse_1,371.052,0.9979698700551701,0.16919636463690826,0.0,0.1701324440505573,-0.010124999961343601,0.0,-5.2233499159028776e-14
reverse_1,371.088,0.9970837509468469,0.16904413542458488,0.0,0.1701324440505565,-0.026324999956663563,0.0,-1.3058374789757199e-14
reverse_1,371.124,0.9956228518755459,0.1687931629392618,0.0,0.17013244405055378,-0.042524999951987226,0.0,-5.2233499159028776e-14
reverse_1,371.16,0.9935871728412673,0.16844344718093907,0.0,0.17013244405055303,-0.05872499994730347,0.0,-3.917512436927159e-14
reverse_1,371.196,0.9909767138440106,0.1679949881496167,0.0,0.17013244405055183,-0.07492499994262714,0.0,-2.6116749579514388e-14
reverse_1,371.232,0.9877914748837759,0.16744778584529463,0.0,0.17013244405054953,-0.0911249999379471,0.0,-3.9175124369271574e-14
reverse_1,371.268,0.9840314559605636,0.16680184026797293,0.0,0.17013244405054762,-0.10732499993326705,0.0,-5.2233499159028776e-14
reverse_1,371.304,0.9796966570743734,0.16605715141765157,0.0,0.17013244405054528,-0.12352499992858701,0.0,-6.529187394878597e-14
reverse_1,371.34,0.9747870782252053,0.1652137192943306,0.0,0.17013244405054406,-0.13972499992390883,0.0,-6.529187394878596e-14
reverse_1,371.376,0.9693027194130595,0.16427154389800996,0.0,0.17013244405054176,-0.1559249999192251,0.0,-5.2233499159028776e-14
reverse_1,371.412,0.9632435806379359,0.1632306252286896,0.0,0.17013244405054137,-0.17212499991454502,0.0,-1.3058374789757199e-14
reverse_1,371.448,0.9566096618998344,0.16209096328636963,0.0,0.17013244405053943,-0.18832499990986684,0.0,-3.917512436927159e-14
reverse_1,371.484,0.9495399274894271,0.16087643118732903,0.0,0.17013244405053862,-0.1998249999332291,0.0,0.0
reverse_1,371.52,0.9424438785638369,0.15965737843425745,0.0,0.17013244405053862,-0.19999999994047743,0.0,0.0
reverse_1,371.556,0.9353478296382469,0.1584383256811859,0.0,0.17013244405053862,-0.1999999999404774,0.0,0.0
reverse_1,371.592,0.9282517807126568,0.15721927292811433,0.0,0.17013244405053862,-0.1999999999404793,0.0,-1.3058374789757194e-14
reverse_1,371.628,0.9211557317870668,0.15600022017504278,0.0,0.17013244405053862,-0.1999999999404811,0.0,0.0
reverse_1,371.664,0.9140596828614767,0.1547811674219712,0.0,0.17013244405053862,-0.19999999994048115,0.0,0.0
reverse_1,371.7,0.9069636339358867,0.15356211466889969,0.0,0.17013244405053862,-0.19999999994048112,0.0,0.0
reverse_1,371.736,0.8998675850102966,0.1523430619158281,0.0,0.170132444050539,-0.19999999994047926,0.0,1.3058374789757194e-14
reverse_1,371.772,0.8927715360847067,0.1511240091627566,0.0,0.17013244405053862,-0.1999999999404774,0.0,0.0
reverse_1,371.808,0.8856754871591166,0.14990495640968501,0.0,0.17013244405053862,-0.1999999999404774,0.0,0.0
reverse_1,371.844,0.8785794382335266,0.14868590365661347,0.0,0.17013244405053862,-0.1999999999404774,0.0,0.0
reverse_1,371.88,0.8714833893079365,0.1474668509035419,0.0,0.17013244405053862,-0.1999999999404774,0.0,0.0
reverse_1,371.916,0.8643873403823464,0.14624779815047034,0.0,0.17013244405053862,-0.1999999999404793,0.0,-1.3058374789757194e-14
reverse_1,371.952,0.8572912914567563,0.14502874539739877,0.0,0.17013244405053862,-0.1999999999404811,0.0,0.0
reverse_1,371.988,0.8501952425311663,0.14380969264432722,0.0,0.17013244405053862,-0.19999999994048115,0.0,0.0
reverse_1,372.024,0.8430991936055764,0.1425906398912557,0.0,0.170132444050539,-0.19999999994047926,0.0,1.3058374789757194e-14
reverse_1,372.06,0.8360031446799863,0.14137158713818412,0.0,0.17013244405053862,-0.1999999999404774,0.0,0.0
reverse_1,372.096,0.8289070957543964,0.1401525343851126,0.0,0.17013244405053862,-0.1999999999404774,0.0,0.0
reverse_1,372.132,0.8218110468288061,0.138933481632041,0.0,0.17013244405053862,-0.1999999999404774,0.0,0.0
reverse_1,372.168,0.8147149979032162,0.13771442887896948,0.0,0.17013244405053862,-0.1999999999404774,0.0,0.0
reverse_1,372.204,0.807618948977626,0.13649537612589788,0.0,0.17013244405053862,-0.19999999994047926,0.0,-1.3058374789757194e-14
reverse_1,372.24,0.8005229000520361,0.13527632337282636,0.0,0.17013244405053862,-0.19999999994048112,0.0,0.0
reverse_1,372.276,0.793426851126446,0.13405727061975478,0.0,0.17013244405053862,-0.1999999999404811,0.0,0.0
reverse_1,372.312,0.786330802200856,0.13283821786668326,0.0,0.17013244405053862,-0.19999999994048112,0.0,0.0
reverse_1,372.348,0.779234753275266,0.1316191651136117,0.0,0.170132444050539,-0.19999999994047926,0.0,1.3058374789757194e-14
reverse_1,372.384,0.772138704349676,0.13040011236054017,0.0,0.17013244405053862,-0.19999999994047743,0.0,0.0
reverse_1,372.42,0.765042655424086,0.12918105960746862,0.0,0.17013244405053862,-0.1999999999404774,0.0,0.0
reverse_1,372.456,0.7579466064984959,0.12796200685439704,0.0,0.17013244405053862,-0.19999999994047743,0.0,0.0
reverse_1,372.492,0.7508505575729059,0.1267429541013255,0.0,0.17013244405053862,-0.1999999999404774,0.0,0.0
reverse_1,372.528,0.7437545086473157,0.12552390134825392,0.0,0.17013244405053862,-0.1999999999404793,0.0,-1.3058374789757194e-14
reverse_1,372.564,0.7366584597217258,0.12430484859518233,0.0,0.17013244405053862,-0.19999999994048112,0.0,0.0
reverse_1,372.6,0.7295624107961357,0.12308579584211071,0.0,0.17013244405053862,-0.19999999994048115,0.0,0.0
reverse_1,372.636,0.7224663618705458,0.12186674308903907,0.0,0.17013244405053862,-0.19999999994048112,0.0,0.0
reverse_1,372.672,0.7153703129449557,0.12064769033596746,0.0,0.170132444050539,-0.19999999994047926,0.0,1.3058374789757194e-14
reverse_1,372.708,0.7082742640193658,0.11942863758289583,0.0,0.17013244405053862,-0.1999999999404774,0.0,0.0
reverse_1,372.744,0.7011782150937756,0.11820958482982422,0.0,0.17013244405053862,-0.1999999999404774,0.0,0.0
reverse_1,372.78,0.6940821661681856,0.11699053207675258,0.0,0.17013244405053862,-0.1999999999404774,0.0,0.0
reverse_1,372.816,0.6869861172425955,0.11577147932368097,0.0,0.17013244405053862,-0.1999999999404774,0.0,0.0
reverse_1,372.852,0.6798900683170055,0.11455242657060934,0.0,0.17013244405053862,-0.1999999999404793,0.0,-1.3058374789757194e-14
reverse_1,372.888,0.6727940193914155,0.1133333738175377,0.0,0.17013244405053862,-0.1999999999404811,0.0,0.0
reverse_1,372.924,0.6656979704658255,0.11211432106446607,0.0,0.17013244405053862,-0.19999999994048115,0.0,0.0
reverse_1,372.96,0.6586019215402356,0.11089526831139444,0.0,0.170132444050539,-0.19999999994047926,0.0,1.3058374789757194e-14
reverse_1,372.996,0.6515058726146454,0.10967621555832284,0.0,0.17013244405053862,-0.1999999999404774,0.0,0.0
reverse_1,373.032,0.6444098236890555,0.1084571628052512,0.0,0.17013244405053862,-0.1999999999404774,0.0,0.0
reverse_1,373.068,0.6373137747634651,0.10723811005217958,0.0,0.17013244405053984,-0.19999999994048295,0.0,3.917512436927159e-14
reverse_1,373.104,0.6302177258378742,0.10601905729910795,0.0,0.1701324440505429,-0.19999999994049036,0.0,9.140862352830035e-14
reverse_1,373.14,0.6231216769122833,0.10480000454603619,0.0,0.170132444050546,-0.19999999994049222,0.0,7.835024873854316e-14
reverse_1,373.176,0.6160256279866924,0.10358095179296442,0.0,0.17013244405054914,-0.19999999994049222,0.0,7.835024873854316e-14
reverse_1,373.212,0.6089295790611015,0.10236189903989264,0.0,0.17013244405055225,-0.19999999994049222,0.0,7.835024873854316e-14
reverse_1,373.248,0.6018335301355106,0.10114284628682084,0.0,0.17013244405055533,-0.19999999994049222,0.0,7.835024873854316e-14
reverse_1,373.284,0.5947374812099196,0.09992379353374906,0.0,0.17013244405055883,-0.19999999994049036,0.0,9.140862352830035e-14
reverse_1,373.32,0.5876414322843289,0.09870474078067724,0.0,0.17013244405056194,-0.1999999999404904,0.0,9.140862352830035e-14
reverse_1,373.356,0.580545383358738,0.09748568802760545,0.0,0.17013244405056507,-0.19999999994049036,0.0,9.140862352830035e-14
reverse_1,373.392,0.5734493344331472,0.0962666352745336,0.0,0.17013244405056815,-0.19999999994049036,0.0,9.140862352830035e-14
reverse_1,373.428,0.5663532855075563,0.09504758252146166,0.0,0.1701324440505713,-0.19999999994049034,0.0,9.140862352830035e-14
reverse_1,373.464,0.5592572365819655,0.09382852976838973,0.0,0.17013244405057437,-0.19999999994049222,0.0,7.835024873854316e-14
reverse_1,373.5,0.5521611876563747,0.09260947701531777,0.0,0.17013244405057748,-0.19999999994049222,0.0,7.835024873854316e-14
reverse_1,373.536,0.5450651387307838,0.09139042426224579,0.0,0.170132444050581,-0.19999999994049406,0.0,9.140862352830035e-14
reverse_1,373.572,0.537969089805193,0.09017137150917384,0.0,0.1701324440505837,-0.1999999999404922,0.0,7.835024873854316e-14
reverse_1,373.608,0.5308730408796029,0.0889523187561019,0.0,0.1701324440505841,-0.19999999994047926,0.0,1.3058374789757194e-14
reverse_1,373.644,0.5237769919540126,0.08773326600302997,0.0,0.1701324440505841,-0.19999999994047926,0.0,1.3058374789757194e-14
reverse_1,373.68,0.5166809430284224,0.08651421324995803,0.0,0.1701324440505839,-0.19999999994047835,0.0,6.529187394878597e-15
reverse_1,373.716,0.5095848941028319,0.08529516049688608,0.0,0.1701324440505839,-0.19999999994047835,0.0,6.529187394878597e-15
reverse_1,373.752,0.5024888451772415,0.08407610774381413,0.0,0.1701324440505839,-0.19999999994047835,0.0,6.529187394878597e-15
reverse_1,373.788,0.495392796251651,0.08285705499074218,0.0,0.1701324440505837,-0.1999999999404793,0.0,-1.3058374789757194e-14
reverse_1,373.824,0.4882967473260606,0.08163800223767022,0.0,0.1701324440505837,-0.1999999999404802,0.0,-6.529187394878597e-15
reverse_1,373.86,0.4812006984004702,0.08041894948459827,0.0,0.1701324440505837,-0.19999999994048018,0.0,-6.529187394878597e-15
reverse_1,373.896,0.47410464947487985,0.0791998967315263,0.0,0.1701324440505841,-0.19999999994047837,0.0,6.529187394878597e-15
reverse_1,373.932,0.46700860054928944,0.07798084397845437,0.0,0.17013244405058348,-0.1999999999404774,0.0,-1.3058374789757194e-14
reverse_1,373.968,0.4599125516236995,0.07676179122538257,0.0,0.1701324440505806,-0.1999999999404663,0.0,-7.835024873854317e-14
reverse_1,374.004,0.4528165026981095,0.0755427384723108,0.0,0.1701324440505773,-0.1999999999404663,0.0,-9.140862352830035e-14
reverse_1,374.04,0.44572045377251945,0.07432368571923897,0.0,0.17013244405057512,-0.1999999999404719,0.0,-5.2233499159028776e-14
reverse_1,374.076,0.43862440484692894,0.07310463296616711,0.0,0.17013244405057512,-0.19999999994047926,0.0,0.0
reverse_1,374.112,0.4315283559213384,0.07188558021309525,0.0,0.17013244405057495,-0.19999999994047835,0.0,-6.529187394878597e-15
reverse_1,374.148,0.42443230699574797,0.07066652746002339,0.0,0.17013244405057512,-0.19999999994047832,0.0,6.529187394878597e-15
reverse_1,374.184,0.4173362580701574,0.06944747470695153,0.0,0.17013244405057512,-0.19999999994047926,0.0,0.0
reverse_1,374.22,0.410240209144567,0.06822842195387964,0.0,0.17013244405057512,-0.19999999994047926,0.0,0.0
reverse_1,374.256,0.4031441602189764,0.06700936920080779,0.0,0.17013244405057512,-0.19999999994047926,0.0,0.0
reverse_1,374.292,0.396048111293386,0.06579031644773592,0.0,0.17013244405057512,-0.1999999999404774,0.0,0.0
reverse_1,374.328,0.38895206236779545,0.06457126369466407,0.0,0.17013244405057512,-0.19999999994047926,0.0,0.0
reverse_1,374.364,0.38185601344220504,0.06335221094159217,0.0,0.17013244405057512,-0.1999999999404793,0.0,0.0
reverse_1,374.4,0.3747599645166144,0.062133158188520304,0.0,0.17013244405057593,-0.19999999994048295,0.0,2.6116749579514388e-14
reverse_1,374.436,0.3676639155910235,0.06091410543544835,0.0,0.17013244405057926,-0.19999999994049128,0.0,9.793781092317895e-14
reverse_1,374.472,0.36056786666543267,0.05969505268237638,0.0,0.17013244405058234,-0.1999999999404922,0.0,9.140862352830038e-14
reverse_1,374.508,0.35347181773984176,0.0584759999293044,0.0,0.17013244405058542,-0.19999999994049128,0.0,8.487943613342176e-14
reverse_1,374.544,0.3463757688142509,0.05725694717623238,0.0,0.17013244405058855,-0.19999999994049128,0.0,8.487943613342176e-14
reverse_1,374.58,0.33927971988866,0.05603789442316033,0.0,0.17013244405059166,-0.19999999994049128,0.0,8.487943613342176e-14
reverse_1,374.616,0.3321836709630691,0.05481884167008829,0.0,0.17013244405059502,-0.19999999994049036,0.0,9.140862352830038e-14
reverse_1,374.652,0.3250876220374782,0.05359978891701621,0.0,0.17013244405059805,-0.19999999994049128,0.0,8.487943613342176e-14
reverse_1,374.688,0.31799157311188736,0.0523807361639441,0.0,0.17013244405060118,-0.19999999994049128,0.0,8.487943613342176e-14
reverse_1,374.724,0.31089552418629646,0.05116168341087196,0.0,0.1701324440506045,-0.19999999994049222,0.0,9.140862352830035e-14
reverse_1,374.76,0.30379947526070566,0.04994263065779982,0.0,0.17013244405060782,-0.19999999994049128,0.0,9.793781092317895e-14
reverse_1,374.796,0.29670342633511476,0.048723577904727644,0.0,0.1701324440506109,-0.19999999994049222,0.0,9.140862352830038e-14
reverse_1,374.832,0.2896073774095241,0.047504525151655465,0.0,0.17013244405061345,-0.19999999994048948,0.0,7.182106134366459e-14
reverse_1,374.868,0.28251132848393345,0.046285472398583306,0.0,0.17013244405061498,-0.19999999994048576,0.0,4.5704311764150175e-14
reverse_1,374.904,0.27541527955834294,0.04506641964551113,0.0,0.17013244405061673,-0.19999999994048484,0.0,5.2233499159028776e-14
reverse_1,374.94,0.2683192306327523,0.043847366892438934,0.0,0.17013244405061834,-0.19999999994048573,0.0,4.5704311764150175e-14
reverse_1,374.976,0.26122318170716174,0.042628314139366734,0.0,0.17013244405061995,-0.19999999994048573,0.0,4.5704311764150175e-14
reverse_1,375.012,0.2541271327815715,0.041409261386294555,0.0,0.17013244405061986,-0.1999999999404793,0.0,0.0
reverse_1,375.048,0.2470310838559812,0.04019020863322237,0.0,0.17013244405061986,-0.1999999999404793,0.0,0.0
reverse_1,375.084,0.23993503493039084,0.03897115588015019,0.0,0.17013244405061997,-0.1999999999404779,0.0,3.2645936974392985e-15
reverse_1,375.12,0.23283898600480044,0.037752103127078,0.0,0.17013244405061997,-0.1999999999404793,0.0,0.0
reverse_1,375.156,0.22574293707921028,0.03653305037400585,0.0,0.17013244405061867,-0.19999999994047327,0.0,-4.243971806671088e-14
reverse_1,375.192,0.21864688815362018,0.03531399762093375,0.0,0.17013244405061695,-0.19999999994047235,0.0,-4.243971806671088e-14
reverse_1,375.228,0.21155083922803009,0.034094944867861646,0.0,0.1701324440506152,-0.19999999994047282,0.0,-4.570431176415019e-14
reverse_1,375.264,0.20445479030244,0.03287589211478954,0.0,0.17013244405061362,-0.19999999994047235,0.0,-4.243971806671088e-14
reverse_1,375.3,0.1973587413768499,0.03165683936171744,0.0,0.17013244405061193,-0.19999999994047282,0.0,-4.570431176415019e-14
reverse_1,375.336,0.1902626924512598,0.03043778660864538,0.0,0.17013244405061023,-0.19999999994047235,0.0,-4.2439718066710894e-14
reverse_1,375.372,0.1831666435256697,0.029218733855573324,0.0,0.17013244405060846,-0.19999999994047282,0.0,-4.570431176415019e-14
reverse_1,375.408,0.17607059460007957,0.027999681102501277,0.0,0.17013244405060682,-0.19999999994047282,0.0,-4.5704311764150175e-14
reverse_1,375.444,0.16897454567448947,0.026780628349429236,0.0,0.17013244405060518,-0.19999999994047282,0.0,-4.570431176415019e-14
reverse_1,375.48,0.16187849674889926,0.025561575596357206,0.0,0.17013244405060407,-0.19999999994047607,0.0,-2.2852155882075088e-14
reverse_1,375.516,0.15478244782330902,0.02434252284328518,0.0,0.17013244405060318,-0.1999999999404756,0.0,-1.958756218463579e-14
reverse_1,375.552,0.14768639889771878,0.02312347009021314,0.0,0.17013244405060254,-0.19999999994047699,0.0,-1.6322968487196493e-14
reverse_1,375.588,0.14059034997212844,0.021904417337141085,0.0,0.1701324440506021,-0.1999999999404804,0.0,-1.1426077941037544e-14
reverse_1,375.624,0.13349430104653795,0.02068536458406902,0.0,0.17013244405060135,-0.19999999994048248,0.0,-1.6322968487196496e-14
reverse_1,375.66,0.12639825212094738,0.01946631183099693,0.0,0.17013244405060127,-0.19999999994048528,0.0,-3.2645936974392985e-15
reverse_1,375.696,0.1193022031953568,0.018247259077924842,0.0,0.1701324440506016,-0.19999999994048598,0.0,8.161484243598247e-15
reverse_1,375.732,0.11220615426976611,0.01702820632485274,0.0,0.17013244405060238,-0.19999999994048828,0.0,2.4484452730794738e-14
reverse_1,375.768,0.1051101053441754,0.015809153571780626,0.0,0.17013244405060332,-0.19999999994048945,0.0,2.6116749579514388e-14
reverse_1,375.804,0.09801405641858463,0.014590100818708495,0.0,0.1701324440506048,-0.19999999994049106,0.0,4.080742121799124e-14
reverse_1,375.84,0.09091800749299384,0.013371048065636345,0.0,0.1701324440506064,-0.19999999994049153,0.0,4.733660861286982e-14
reverse_1,375.876,0.08382195856740297,0.012151995312564176,0.0,0.17013244405060832,-0.19999999994049314,0.0,5.549809285646807e-14
reverse_1,375.912,0.07672590964181213,0.010932942559491995,0.0,0.17013244405061043,-0.19999999994049347,0.0,5.794653812954755e-14
reverse_1,375.948,0.06962986071622122,0.009713889806419787,0.0,0.17013244405061273,-0.19999999994049467,0.0,6.61080223731458e-14
reverse_1,375.984,0.06253381179063032,0.008494837053347564,0.0,0.17013244405061514,-0.19999999994049464,0.0,6.61080223731458e-14
reverse_1,376.02,0.055440867386366256,0.007276317635841376,0.0,0.17013244405061753,-0.19989499994316748,0.0,6.774031922186545e-14
reverse_1,376.056,0.048624225386285205,0.006105265084760658,0.0,0.1701324440506194,-0.19107499996950256,0.0,5.30496475833886e-14
reverse_1,376.092,0.042254634468520284,0.005011012857124149,0.0,0.17013244405062122,-0.17847499997314173,0.0,5.0193128098129214e-14
reverse_1,376.128,0.03633209463307148,0.003993560952931852,0.0,0.17013244405062283,-0.16587499997678093,0.0,4.448008912761044e-14
reverse_1,376.164,0.03085660587993879,0.003052909372183769,0.0,0.17013244405062433,-0.15327499998041988,0.0,3.988925424058643e-14
reverse_1,376.2,0.02582816820912222,0.002189058114879903,0.0,0.17013244405062555,-0.140674999984059,0.0,3.353859931353654e-14
reverse_1,376.236,0.02124678162062178,0.0014020071810202568,0.0,0.17013244405062664,-0.12807499998769778,0.0,2.958538038304364e-14
reverse_1,376.272,0.017112446114437442,0.0006917565706048297,0.0,0.17013244405062744,-0.11547499999133717,0.0,2.1831970351625306e-14
reverse_1,376.308,0.013425161690569232,5.830628363362549e-05,0.0,0.17013244405062808,-0.10287499999497615,0.0,1.7649209676781207e-14
reverse_1,376.344,0.010184928349017134,-0.0004983436798933567,0.0,0.17013244405062855,-0.09027499999861557,0.0,1.16301150471275e-14
reverse_1,376.38,0.007391746089781145,-0.0009781933199761155,0.0,0.17013244405062886,-0.07767500000225483,0.0,7.753410031418336e-15
reverse_1,376.416,0.005045614912861267,-0.0013812426366146503,0.0,0.17013244405062897,-0.06507500000589415,0.0,4.4888163339790366e-15
reverse_1,376.452,0.003146534818257493,-0.001707491629808962,0.0,0.17013244405062897,-0.05247500000953361,0.0,1.224222636539737e-15
reverse_1,376.488,0.0016945058059698224,-0.00195694029955905,0.0,0.17013244405062894,-0.03987500001317306,0.0,-2.0403710608995616e-15
reverse_1,376.524,0.0006895278759982463,-0.0021295886458649166,0.0,0.17013244405062883,-0.027275000016812868,0.0,-3.6726679096192115e-15
reverse_1,376.56,0.00013160102834276644,-0.0022254366687265606,0.0,0.17013244405062872,-0.014675000020452609,0.0,-4.896890546158948e-15
reverse_1,376.596,6.533165339009093e-06,-0.002246922473618035,0.0,0.17013244405062866,-0.0025550000176312437,0.0,-2.8565194852593867e-15
reverse_1,376.632,6.533165338981741e-06,-0.0022469224736180403,0.0,0.17013244405062877,-7.517135062566164e-16,0.0,5.304964758338861e-15
reverse_1,376.668,6.533165338952678e-06,-0.0022469224736180455,0.0,0.1701324440506289,-8.0953762212251e-16,0.0,5.7130389705187735e-15
reverse_1,376.704,6.533165338925326e-06,-0.0022469224736180507,0.0,0.17013244405062902,-8.0953762212251e-16,0.0,5.7130389705187735e-15
reverse_1,376.74,6.533165338897973e-06,-0.002246922473618056,0.0,0.17013244405062913,-7.517135062566164e-16,0.0,5.304964758338861e-15
reverse_1,376.776,6.533165338868911e-06,-0.002246922473618061,0.0,0.17013244405062922,-8.0953762212251e-16,0.0,5.7130389705187735e-15
reverse_1,376.812,6.533165338841558e-06,-0.0022469224736180664,0.0,0.17013244405062933,-8.0953762212251e-16,0.0,5.7130389705187735e-15
reverse_1,376.848,6.533165338814206e-06,-0.0022469224736180716,0.0,0.17013244405062944,-7.517135062566164e-16,0.0,5.304964758338861e-15
reverse_1,376.884,6.5331653387851435e-06,-0.0022469224736180768,0.0,0.1701324440506296,-8.0953762212251e-16,0.0,5.7130389705187735e-15
reverse_1,376.92,6.533165338757791e-06,-0.002246922473618082,0.0,0.17013244405062972,-8.0953762212251e-16,0.0,5.7130389705187735e-15
reverse_1,376.956,6.533165338730439e-06,-0.002246922473618087,0.0,0.17013244405062983,-7.517135062566164e-16,0.0,5.304964758338861e-15
reverse_1,376.992,6.533165338703086e-06,-0.0022469224736180924,0.0,0.17013244405062994,-7.517135062566164e-16,0.0,5.304964758338861e-15
reverse_1,377.028,6.533165338674024e-06,-0.0022469224736180976,0.0,0.17013244405063008,-8.0953762212251e-16,0.0,5.7130389705187735e-15
reverse_1,377.064,6.533165338646671e-06,-0.002246922473618103,0.0,0.1701324440506302,-7.517135062566164e-16,0.0,5.304964758338861e-15
reverse_1,377.1,6.533165338619319e-06,-0.002246922473618108,0.0,0.1701324440506303,-7.517135062566164e-16,0.0,5.304964758338861e-15
reverse_1,377.136,6.533165338590256e-06,-0.002246922473618113,0.0,0.17013244405063044,-8.0953762212251e-16,0.0,5.7130389705187735e-15
reverse_1,377.172,6.533165338562904e-06,-0.0022469224736181184,0.0,0.17013244405063055,-8.095376221225099e-16,0.0,5.713038970518772e-15
reverse_1,377.208,6.533165338535552e-06,-0.0022469224736181236,0.0,0.17013244405063066,-7.517135062566164e-16,0.0,5.304964758338861e-15
reverse_1,377.244,6.533165338506489e-06,-0.002246922473618129,0.0,0.1701324440506308,-8.0953762212251e-16,0.0,5.7130389705187735e-15
reverse_1,377.28,6.533165338479137e-06,-0.002246922473618134,0.0,0.1701324440506309,-8.095376221225099e-16,0.0,5.713038970518772e-15
reverse_1,377.316,6.533165338451784e-06,-0.0022469224736181392,0.0,0.17013244405063102,-7.517135062566164e-16,0.0,5.304964758338861e-15
reverse_1,377.352,6.533165338422722e-06,-0.0022469224736181444,0.0,0.17013244405063116,-8.0953762212251e-16,0.0,5.7130389705187735e-15
reverse_1,377.388,6.533165338395369e-06,-0.0022469224736181496,0.0,0.1701324440506313,-8.0953762212251e-16,0.0,5.7130389705187735e-15
reverse_1,377.424,6.533165338368017e-06,-0.002246922473618155,0.0,0.1701324440506314,-7.517135062566164e-16,0.0,5.304964758338861e-15
reverse_1,377.46,6.5331653383389544e-06,-0.00224692247361816,0.0,0.17013244405063158,-8.0953762212251e-16,0.0,5.7130389705187735e-15
reverse_1,377.496,6.533165338311602e-06,-0.0022469224736181652,0.0,0.1701324440506317,-8.0953762212251e-16,0.0,5.7130389705187735e-15
reverse_1,377.532,6.53316533828425e-06,-0.0022469224736181704,0.0,0.1701324440506318,-7.517135062566164e-16,0.0,5.304964758338861e-15
reverse_1,377.568,6.533165338255187e-06,-0.0022469224736181756,0.0,0.17013244405063188,-8.0953762212251e-16,0.0,5.7130389705187735e-15
reverse_1,377.604,6.533165338227835e-06,-0.002246922473618181,0.0,0.170132444050632,-8.0953762212251e-16,0.0,5.7130389705187735e-15
reverse_1,377.64,6.533165338200482e-06,-0.002246922473618186,0.0,0.1701324440506321,-7.517135062566164e-16,0.0,5.304964758338861e-15
reverse_1,377.676,6.53316533817142e-06,-0.0022469224736181913,0.0,0.17013244405063224,-8.0953762212251e-16,0.0,5.7130389705187735e-15
reverse_1,377.712,6.533165338144067e-06,-0.0022469224736181965,0.0,0.17013244405063235,-8.0953762212251e-16,0.0,5.7130389705187735e-15
reverse_1,377.748,6.533165338116715e-06,-0.0022469224736182017,0.0,0.17013244405063246,-7.517135062566164e-16,0.0,5.304964758338861e-15
reverse_1,377.784,6.5331653380876525e-06,-0.002246922473618207,0.0,0.1701324440506326,-8.0953762212251e-16,0.0,5.7130389705187735e-15
reverse_1,377.82,6.5331653380603e-06,-0.002246922473618212,0.0,0.17013244405063271,-8.0953762212251e-16,0.0,5.7130389705187735e-15
reverse_1,377.856,6.533165338032948e-06,-0.0022469224736182173,0.0,0.17013244405063283,-7.517135062566164e-16,0.0,5.304964758338861e-15
reverse_1,377.892,6.533165338005595e-06,-0.0022469224736182225,0.0,0.17013244405063294,-7.517135062566164e-16,0.0,5.304964758338861e-15
reverse_1,377.928,6.533165337976533e-06,-0.0022469224736182277,0.0,0.17013244405063307,-8.0953762212251e-16,0.0,5.7130389705187735e-15
reverse_1,377.964,6.53316533794918e-06,-0.002246922473618233,0.0,0.17013244405063319,-7.517135062566164e-16,0.0,5.304964758338861e-15
reverse_1,378.0,6.533165337921828e-06,-0.002246922473618238,0.0,0.1701324440506333,-7.517135062566164e-16,0.0,5.304964758338861e-15
reverse_1,378.036,6.5331653378927654e-06,-0.0022469224736182433,0.0,0.17013244405063344,-8.0953762212251e-16,0.0,5.7130389705187735e-15
reverse_1,378.072,6.533165337865413e-06,-0.0022469224736182485,0.0,0.17013244405063357,-8.095376221225099e-16,0.0,5.713038970518772e-15
reverse_1,378.108,6.533165337838061e-06,-0.0022469224736182537,0.0,0.17013244405063369,-7.517135062566164e-16,0.0,5.304964758338861e-15
reverse_1,378.144,6.533165337808998e-06,-0.002246922473618259,0.0,0.17013244405063382,-8.0953762212251e-16,0.0,5.7130389705187735e-15
reverse_1,378.18,6.533165337781646e-06,-0.002246922473618264,0.0,0.17013244405063396,-8.095376221225099e-16,0.0,5.713038970518772e-15
reverse_1,378.216,6.533165337754293e-06,-0.0022469224736182693,0.0,0.17013244405063407,-7.517135062566164e-16,0.0,5.304964758338861e-15
reverse_1,378.252,6.533165337725231e-06,-0.0022469224736182745,0.0,0.1701324440506342,-8.0953762212251e-16,0.0,5.7130389705187735e-15
reverse_1,378.288,6.533165337697878e-06,-0.0022469224736182797,0.0,0.17013244405063432,-8.0953762212251e-16,0.0,5.7130389705187735e-15
reverse_1,378.324,6.533165337670526e-06,-0.002246922473618285,0.0,0.17013244405063443,-7.517135062566164e-16,0.0,5.304964758338861e-15
reverse_1,378.36,6.5331653376414635e-06,-0.00224692247361829,0.0,0.17013244405063452,-8.0953762212251e-16,0.0,5.7130389705187735e-15
reverse_1,378.396,6.533165337614111e-06,-0.0022469224736182953,0.0,0.17013244405063463,-8.0953762212251e-16,0.0,5.7130389705187735e-15
reverse_1,378.432,6.533165337586759e-06,-0.0022469224736183005,0.0,0.17013244405063474,-7.517135062566164e-16,0.0,5.304964758338861e-15
reverse_1,378.468,6.533165337557696e-06,-0.0022469224736183058,0.0,0.17013244405063488,-8.0953762212251e-16,0.0,5.7130389705187735e-15
reverse_1,378.504,6.533165337530344e-06,-0.002246922473618311,0.0,0.170132444050635,-8.0953762212251e-16,0.0,5.7130389705187735e-15
reverse_1,378.54,6.533165337502991e-06,-0.002246922473618316,0.0,0.1701324440506351,-7.517135062566164e-16,0.0,5.304964758338861e-15
reverse_1,378.576,6.533165337473929e-06,-0.0022469224736183214,0.0,0.17013244405063524,-8.0953762212251e-16,0.0,5.7130389705187735e-15
reverse_1,378.612,6.5331653374465764e-06,-0.0022469224736183266,0.0,0.17013244405063535,-8.0953762212251e-16,0.0,5.7130389705187735e-15
reverse_1,378.648,6.533165337419224e-06,-0.0022469224736183318,0.0,0.1701324440506355,-7.517135062566164e-16,0.0,5.304964758338861e-15
reverse_1,378.684,6.5331653373901615e-06,-0.002246922473618337,0.0,0.1701324440506356,-8.0953762212251e-16,0.0,5.7130389705187735e-15
reverse_1,378.72,6.533165337362809e-06,-0.002246922473618342,0.0,0.1701324440506357,-8.0953762212251e-16,0.0,5.7130389705187735e-15
reverse_1,378.756,6.533165337335457e-06,-0.0022469224736183474,0.0,0.17013244405063582,-7.517135062566164e-16,0.0,5.304964758338861e-15
reverse_1,378.792,6.533165337308104e-06,-0.0022469224736183526,0.0,0.17013244405063593,-7.517135062566164e-16,0.0,5.304964758338861e-15
reverse_1,378.828,6.533165337279042e-06,-0.002246922473618358,0.0,0.17013244405063607,-8.0953762212251e-16,0.0,5.7130389705187735e-15
reverse_1,378.864,6.533165337251689e-06,-0.002246922473618363,0.0,0.17013244405063618,-7.517135062566164e-16,0.0,5.304964758338861e-15
reverse_1,378.9,6.533165337224337e-06,-0.002246922473618368,0.0,0.1701324440506363,-7.517135062566164e-16,0.0,5.304964758338861e-15
reverse_1,378.936,6.5331653371952745e-06,-0.0022469224736183734,0.0,0.17013244405063646,-8.0953762212251e-16,0.0,5.7130389705187735e-15
reverse_1,378.972,6.533165337167922e-06,-0.0022469224736183786,0.0,0.17013244405063657,-8.095376221225099e-16,0.0,5.713038970518772e-15
reverse_1,379.008,6.53316533714057e-06,-0.002246922473618384,0.0,0.17013244405063668,-7.517135062566164e-16,0.0,5.304964758338861e-15
reset,379.044,6.533165337111507e-06,-0.002246922473618389,0.0,0.17013244405063685,-8.0953762212251e-16,0.0,5.7130389705187735e-15
reset,379.08,6.533165337084155e-06,-0.0022469224736183942,0.0,0.17013244405063693,-8.095376221225099e-16,0.0,5.713038970518772e-15
reset,379.116,6.533165337056802e-06,-0.0022469224736183994,0.0,0.17013244405063704,-7.517135062566164e-16,0.0,5.304964758338861e-15
reset,379.152,6.53316533702774e-06,-0.0022469224736184046,0.0,0.17013244405063713,-8.0953762212251e-16,0.0,5.7130389705187735e-15
reset,379.188,6.5331653370003874e-06,-0.00224692247361841,0.0,0.17013244405063724,-8.0953762212251e-16,0.0,5.7130389705187735e-15
reset,379.224,6.533165336973035e-06,-0.002246922473618415,0.0,0.17013244405063735,-7.517135062566164e-16,0.0,5.304964758338861e-15
reset,379.26,6.5331653369439725e-06,-0.0022469224736184202,0.0,0.17013244405063752,-8.0953762212251e-16,0.0,5.7130389705187735e-15
reset,379.296,6.53316533691662e-06,-0.0022469224736184254,0.0,0.17013244405063763,-8.0953762212251e-16,0.0,5.7130389705187735e-15
reset,379.332,6.533165336889268e-06,-0.0022469224736184307,0.0,0.17013244405063774,-7.517135062566164e-16,0.0,5.304964758338861e-15
reset,379.368,6.533165336860205e-06,-0.002246922473618436,0.0,0.17013244405063788,-8.0953762212251e-16,0.0,5.7130389705187735e-15
reset,379.404,6.533165336832853e-06,-0.002246922473618441,0.0,0.170132444050638,-8.0953762212251e-16,0.0,5.7130389705187735e-15
reset,379.44,6.5331653368055e-06,-0.0022469224736184463,0.0,0.1701324440506381,-7.517135062566164e-16,0.0,5.304964758338861e-15
reset,379.476,6.533165336776438e-06,-0.0022469224736184515,0.0,0.17013244405063824,-8.0953762212251e-16,0.0,5.7130389705187735e-15
reset,379.512,6.5331653367490855e-06,-0.0022469224736184567,0.0,0.17013244405063835,-8.0953762212251e-16,0.0,5.7130389705187735e-15
reset,379.548,6.533165336721733e-06,-0.002246922473618462,0.0,0.17013244405063846,-7.517135062566164e-16,0.0,5.304964758338861e-15
reset,379.584,6.5331653366926705e-06,-0.002246922473618467,0.0,0.1701324440506386,-8.0953762212251e-16,0.0,5.7130389705187735e-15
reset,379.62,6.533165336665318e-06,-0.0022469224736184723,0.0,0.17013244405063874,-8.0953762212251e-16,0.0,5.7130389705187735e-15
reset,379.656,6.533165336637966e-06,-0.0022469224736184775,0.0,0.17013244405063885,-7.517135062566164e-16,0.0,5.304964758338861e-15
reset,379.692,6.533165336610613e-06,-0.0022469224736184827,0.0,0.17013244405063893,-7.517135062566164e-16,0.0,5.304964758338861e-15
reset,379.728,6.533165336581551e-06,-0.002246922473618488,0.0,0.1701324440506391,-8.0953762212251e-16,0.0,5.7130389705187735e-15
reset,379.764,6.5331653365541984e-06,-0.002246922473618493,0.0,0.1701324440506392,-7.517135062566164e-16,0.0,5.304964758338861e-15
reset,379.8,6.533165336526846e-06,-0.0022469224736184983,0.0,0.17013244405063932,-7.517135062566164e-16,0.0,5.304964758338861e-15
reset,379.836,6.5331653364977835e-06,-0.0022469224736185035,0.0,0.1701324440506395,-8.0953762212251e-16,0.0,5.7130389705187735e-15
reset,379.872,6.533165336470431e-06,-0.0022469224736185087,0.0,0.1701324440506396,-8.095376221225099e-16,0.0,5.713038970518772e-15
reset,379.908,6.533165336443079e-06,-0.002246922473618514,0.0,0.1701324440506397,-7.517135062566164e-16,0.0,5.304964758338861e-15
reset,379.944,6.533165336414016e-06,-0.002246922473618519,0.0,0.1701324440506398,-8.0953762212251e-16,0.0,5.7130389705187735e-15
reset,379.98,6.533165336386664e-06,-0.0022469224736185243,0.0,0.1701324440506399,-8.095376221225099e-16,0.0,5.713038970518772e-15
reset,380.088,6.5331653363028965e-06,-0.00224692247361854,0.0,0.17013244405064026,-8.0953762212251e-16,0.0,5.7130389705187735e-15
reset,380.124,6.533165336275544e-06,-0.002246922473618545,0.0,0.17013244405064037,-7.517135062566164e-16,0.0,5.304964758338861e-15
reset,380.16,6.5331653362464815e-06,-0.0022469224736185503,0.0,0.1701324440506405,-8.0953762212251e-16,0.0,5.7130389705187735e-15
reset,380.196,6.533165336219129e-06,-0.0022469224736185556,0.0,0.17013244405064062,-8.0953762212251e-16,0.0,5.7130389705187735e-15
reset,380.232,6.533165336195195e-06,-0.00224692247361856,0.0,0.17013244405064076,-6.360652745248292e-16,0.0,4.488816333979036e-15
reset,380.268,6.533165336227678e-06,-0.0022469224736185543,0.0,0.17013244405064093,1.0986582014519777e-15,0.0,7.753410031418336e-15
reset,380.304,6.533165336256741e-06,-0.002246922473618549,0.0,0.17013244405064107,8.0953762212251e-16,0.0,5.7130389705187735e-15
reset,380.34,6.533165336284093e-06,-0.002246922473618544,0.0,0.17013244405064118,8.095376221225099e-16,0.0,5.713038970518772e-15
reset,380.376,6.5331653363114456e-06,-0.0022469224736185386,0.0,0.1701324440506413,7.517135062566164e-16,0.0,5.304964758338861e-15
reset,380.412,6.533165336318284e-06,-0.0022469224736185373,0.0,0.17013244405064135,5.782411586589356e-17,0.0,4.080742121799123e-16
reset,380.448,6.53316533629606e-06,-0.0022469224736185417,0.0,0.17013244405064143,-7.517135062566164e-16,0.0,5.304964758338861e-15
reset,380.484,6.533165336268708e-06,-0.002246922473618547,0.0,0.17013244405064154,-7.517135062566164e-16,0.0,5.304964758338861e-15
reset,380.52,6.533165336239645e-06,-0.002246922473618552,0.0,0.1701324440506417,-8.0953762212251e-16,0.0,5.7130389705187735e-15
reset,380.556,6.533165336212293e-06,-0.0022469224736185573,0.0,0.17013244405064182,-7.517135062566164e-16,0.0,5.304964758338861e-15
reset,380.592,6.53316533618494e-06,-0.0022469224736185625,0.0,0.17013244405064193,-7.517135062566164e-16,0.0,5.304964758338861e-15
reset,380.628,6.533165336155878e-06,-0.0022469224736185677,0.0,0.17013244405064207,-8.0953762212251e-16,0.0,5.7130389705187735e-15
reset,380.664,6.533165336128525e-06,-0.002246922473618573,0.0,0.17013244405064218,-8.095376221225099e-16,0.0,5.713038970518772e-15
reset,380.7,6.533165336101173e-06,-0.002246922473618578,0.0,0.1701324440506423,-7.517135062566164e-16,0.0,5.304964758338861e-15
reset,380.736,6.5331653360721105e-06,-0.0022469224736185833,0.0,0.17013244405064237,-8.0953762212251e-16,0.0,5.7130389705187735e-15
reset,380.772,6.533165336044758e-06,-0.0022469224736185885,0.0,0.17013244405064248,-8.095376221225099e-16,0.0,5.713038970518772e-15
reset,380.808,6.533165336017406e-06,-0.0022469224736185937,0.0,0.1701324440506426,-7.517135062566164e-16,0.0,5.304964758338861e-15
reset,380.844,6.533165335988343e-06,-0.002246922473618599,0.0,0.17013244405064276,-8.0953762212251e-16,0.0,5.7130389705187735e-15
reset,380.88,6.533165335960991e-06,-0.002246922473618604,0.0,0.17013244405064287,-8.0953762212251e-16,0.0,5.7130389705187735e-15
reset,380.916,6.533165335933638e-06,-0.0022469224736186093,0.0,0.17013244405064296,-7.517135062566164e-16,0.0,5.304964758338861e-15
reset,380.952,6.533165335904576e-06,-0.0022469224736186145,0.0,0.1701324440506431,-8.0953762212251e-16,0.0,5.7130389705187735e-15
reset,380.988,6.5331653358772234e-06,-0.0022469224736186197,0.0,0.17013244405064318,-8.0953762212251e-16,0.0,5.7130389705187735e-15
reset,381.024,6.533165335849871e-06,-0.002246922473618625,0.0,0.17013244405064332,-7.517135062566164e-16,0.0,5.304964758338861e-15
reset,381.06,6.5331653358208085e-06,-0.00224692247361863,0.0,0.17013244405064346,-8.0953762212251e-16,0.0,5.7130389705187735e-15
reset,381.096,6.533165335793456e-06,-0.0022469224736186354,0.0,0.17013244405064357,-8.0953762212251e-16,0.0,5.7130389705187735e-15
reset,381.132,6.533165335766104e-06,-0.0022469224736186406,0.0,0.17013244405064368,-7.517135062566164e-16,0.0,5.304964758338861e-15
reset,381.168,6.533165335737041e-06,-0.0022469224736186458,0.0,0.17013244405064382,-8.0953762212251e-16,0.0,5.7130389705187735e-15
reset,381.204,6.533165335709689e-06,-0.002246922473618651,0.0,0.17013244405064393,-8.0953762212251e-16,0.0,5.7130389705187735e-15
reset,381.24,6.533165335682336e-06,-0.002246922473618656,0.0,0.17013244405064404,-7.517135062566164e-16,0.0,5.304964758338861e-15
reset,381.276,6.533165335653274e-06,-0.0022469224736186614,0.0,0.17013244405064418,-8.0953762212251e-16,0.0,5.7130389705187735e-15
reset,381.312,6.5331653356259215e-06,-0.0022469224736186666,0.0,0.17013244405064432,-8.0953762212251e-16,0.0,5.7130389705187735e-15
reset,381.348,6.533165335598569e-06,-0.0022469224736186718,0.0,0.17013244405064443,-7.517135062566164e-16,0.0,5.304964758338861e-15
reset,381.384,6.533165335571217e-06,-0.002246922473618677,0.0,0.17013244405064454,-7.517135062566164e-16,0.0,5.304964758338861e-15
reset,381.42,6.533165335542154e-06,-0.002246922473618682,0.0,0.1701324440506447,-8.0953762212251e-16,0.0,5.7130389705187735e-15
reset,381.456,6.533165335514802e-06,-0.0022469224736186874,0.0,0.17013244405064482,-7.517135062566164e-16,0.0,5.304964758338861e-15
reset,381.492,6.533165335487449e-06,-0.0022469224736186926,0.0,0.1701324440506449,-7.517135062566164e-16,0.0,5.304964758338861e-15
pivot_ccw_1,381.528,6.533165335458387e-06,-0.002246922473618698,0.0,0.17013244405064498,-8.0953762212251e-16,0.0,5.7130389705187735e-15
pivot_ccw_1,381.564,6.5331653354310344e-06,-0.002246922473618703,0.0,0.1701324440506451,-8.095376221225099e-16,0.0,5.713038970518772e-15
pivot_ccw_1,381.6,6.533165335403682e-06,-0.002246922473618708,0.0,0.1701324440506452,-7.517135062566164e-16,0.0,5.304964758338861e-15
pivot_ccw_1,381.636,6.5331653353746195e-06,-0.0022469224736187134,0.0,0.17013244405064537,-8.0953762212251e-16,0.0,5.7130389705187735e-15
pivot_ccw_1,381.672,6.533165335347267e-06,-0.0022469224736187186,0.0,0.17013244405064548,-8.095376221225099e-16,0.0,5.713038970518772e-15
pivot_ccw_1,381.708,6.533165335319915e-06,-0.002246922473618724,0.0,0.1701324440506456,-7.517135062566164e-16,0.0,5.304964758338861e-15
pivot_ccw_1,381.744,6.533165335290852e-06,-0.002246922473618729,0.0,0.17013244405064573,-8.0953762212251e-16,0.0,5.7130389705187735e-15
pivot_ccw_1,381.78,6.5331653352635e-06,-0.0022469224736187342,0.0,0.17013244405064584,-8.0953762212251e-16,0.0,5.7130389705187735e-15
pivot_ccw_1,381.816,6.533165335236147e-06,-0.0022469224736187394,0.0,0.17013244405064595,-7.517135062566164e-16,0.0,5.304964758338861e-15
pivot_ccw_1,381.852,6.533165335207085e-06,-0.0022469224736187446,0.0,0.1701324440506461,-8.0953762212251e-16,0.0,5.7130389705187735e-15
pivot_ccw_1,381.888,6.5331653351797325e-06,-0.00224692247361875,0.0,0.1701324440506462,-8.0953762212251e-16,0.0,5.7130389705187735e-15
pivot_ccw_1,381.924,6.53316533515238e-06,-0.002246922473618755,0.0,0.17013244405064631,-7.517135062566164e-16,0.0,5.304964758338861e-15
pivot_ccw_1,381.96,6.5331653351233175e-06,-0.0022469224736187603,0.0,0.17013244405064645,-8.0953762212251e-16,0.0,5.7130389705187735e-15
pivot_ccw_1,381.996,6.533165335095965e-06,-0.0022469224736187655,0.0,0.1701324440506466,-8.0953762212251e-16,0.0,5.7130389705187735e-15
pivot_ccw_1,382.032,6.533165335068613e-06,-0.0022469224736187707,0.0,0.1701324440506467,-7.517135062566164e-16,0.0,5.304964758338861e-15
pivot_ccw_1,382.068,6.53316533503955e-06,-0.002246922473618776,0.0,0.17013244405064684,-8.0953762212251e-16,0.0,5.7130389705187735e-15
pivot_ccw_1,382.104,6.533165335012198e-06,-0.002246922473618781,0.0,0.17013244405064695,-8.0953762212251e-16,0.0,5.7130389705187735e-15
pivot_ccw_1,382.14,6.5331653349848454e-06,-0.0022469224736187863,0.0,0.17013244405064706,-7.517135062566164e-16,0.0,5.304964758338861e-15
pivot_ccw_1,382.176,6.533165334955783e-06,-0.0022469224736187915,0.0,0.1701324440506472,-8.0953762212251e-16,0.0,5.7130389705187735e-15
pivot_ccw_1,382.212,6.5331653349284305e-06,-0.0022469224736187967,0.0,0.17013244405064734,-8.0953762212251e-16,0.0,5.7130389705187735e-15
pivot_ccw_1,382.248,6.533165334901078e-06,-0.002246922473618802,0.0,0.17013244405064745,-7.517135062566164e-16,0.0,5.304964758338861e-15
pivot_ccw_1,382.284,6.533165334873726e-06,-0.002246922473618807,0.0,0.17013244405064756,-7.517135062566164e-16,0.0,5.304964758338861e-15
pivot_ccw_1,382.32,6.533165334844663e-06,-0.0022469224736188123,0.0,0.17013244405064765,-8.0953762212251e-16,0.0,5.7130389705187735e-15
pivot_ccw_1,382.356,6.533165334817311e-06,-0.0022469224736188175,0.0,0.17013244405064776,-7.517135062566164e-16,0.0,5.304964758338861e-15
pivot_ccw_1,382.392,6.533165334789958e-06,-0.0022469224736188227,0.0,0.17013244405064787,-7.517135062566164e-16,0.0,5.304964758338861e-15
pivot_ccw_1,382.428,6.533165334760896e-06,-0.002246922473618828,0.0,0.170132444050648,-8.0953762212251e-16,0.0,5.7130389705187735e-15
pivot_ccw_1,382.464,6.5331653347335435e-06,-0.002246922473618833,0.0,0.17013244405064812,-8.095376221225099e-16,0.0,5.713038970518772e-15
pivot_ccw_1,382.5,6.533165334706191e-06,-0.0022469224736188383,0.0,0.17013244405064823,-7.517135062566164e-16,0.0,5.304964758338861e-15
pivot_ccw_1,382.536,6.533165334068488e-06,-0.002246922473618948,0.0,0.17029444403360816,-2.1394922870380622e-14,0.0,0.0053999994319974196
pivot_ccw_1,382.572,6.5331653325881056e-06,-0.002246922473619204,0.0,0.1717848439923957,-4.174901165517516e-14,0.0,0.04499999885416459
pivot_ccw_1,382.608,6.5331653310997645e-06,-0.002246922473619464,0.0,0.17483044395073277,-4.198030811863873e-14,0.0,0.08819999884165465
pivot_ccw_1,382.644,6.533165329576571e-06,-0.0022469224736197365,0.0,0.1794312439086199,-4.307896632009071e-14,0.0,0.13139999882915654
pivot_ccw_1,382.68,6.533165327981516e-06,-0.002246922473620031,0.0,0.18558724386605738,-4.5218458607128774e-14,0.0,0.17459999881666657
pivot_ccw_1,382.716,6.533165326282916e-06,-0.0022469224736203566,0.0,0.1932984438230454,-4.8340960863887026e-14,0.0,0.21779999880418194
pivot_ccw_1,382.752,6.533165324439177e-06,-0.0022469224736207257,0.0,0.20256484377958403,-5.273559366969495e-14,0.0,0.26099999879169977
pivot_ccw_1,382.788,6.5331653224125455e-06,-0.002246922473621154,0.0,0.21338644373567342,-5.805541232935715e-14,0.0,0.3041999987792216
pivot_ccw_1,382.824,6.5331653201793854e-06,-0.002246922473621653,0.0,0.22576324369131384,-6.418476861114186e-14,0.0,0.34739999876674765
pivot_ccw_1,382.86,6.533165317684607e-06,-0.0022469224736222444,0.0,0.2396952436465052,-7.170190367370802e-14,0.0,0.3905999987542784
pivot_ccw_1,382.896,6.533165314909534e-06,-0.0022469224736229453,0.0,0.255182443601248,-8.037552105359205e-14,0.0,0.4337999987418151
pivot_ccw_1,382.932,6.533165311817995e-06,-0.0022469224736237805,0.0,0.27222484355554233,-8.974302782386682e-14,0.0,0.47699999872935817
pivot_ccw_1,382.968,6.533165309514442e-06,-0.002246922473624444,0.0,0.2902152435347535,-6.117791458611539e-14,0.0,0.4999999995531896
pivot_ccw_1,383.004,6.533165307346279e-06,-0.0022469224736251132,0.0,0.30821524351867685,-6.314393452555578e-14,0.0,0.49999999955343677
pivot_ccw_1,383.04,6.53316530518718e-06,-0.002246922473625822,0.0,0.3262152435026027,-6.302828629382398e-14,0.0,0.49999999955350133
pivot_ccw_1,383.076,6.533165303087035e-06,-0.0022469224736265535,0.0,0.34421524348653104,-6.164050751304255e-14,0.0,0.49999999955356494
pivot_ccw_1,383.112,6.5331653010459725e-06,-0.0022469224736273055,0.0,0.3622152434704614,-6.025272873226109e-14,0.0,0.49999999955363184
pivot_ccw_1,383.148,6.533165299083449e-06,-0.002246922473628069,0.0,0.3802152434543944,-5.840235702455251e-14,0.0,0.499999999553702
pivot_ccw_1,383.184,6.53316529721523e-06,-0.002246922473628835,0.0,0.39821524343833015,-5.585809592645319e-14,0.0,0.4999999995537772
pivot_ccw_1,383.22,6.533165295431187e-06,-0.0022469224736296044,0.0,0.41621524342226884,-5.377642775528102e-14,0.0,0.49999999955385876
pivot_ccw_1,383.256,6.533165293743445e-06,-0.002246922473630368,0.0,0.43421524340621065,-5.12321666571817e-14,0.0,0.49999999955394686
pivot_ccw_1,383.292,6.53316529213554e-06,-0.0022469224736311306,0.0,0.45221524339015595,-4.926614671774132e-14,0.0,0.4999999995540424
pivot_ccw_1,383.328,6.533165290619312e-06,-0.0022469224736318834,0.0,0.4702152433741047,-4.6721885619642e-14,0.0,0.499999999554142
pivot_ccw_1,383.364,6.5331652891846025e-06,-0.0022469224736326285,0.0,0.4882152433580574,-4.464021744846984e-14,0.0,0.4999999995542481
pivot_ccw_1,383.4,6.5331652878428185e-06,-0.0022469224736333566,0.0,0.5062152433420144,-4.232725281383409e-14,0.0,0.49999999955436564
pivot_ccw_1,383.436,6.533165286574772e-06,-0.002246922473634075,0.0,0.5242152433259756,-4.024558464266192e-14,0.0,0.49999999955448143
pivot_ccw_1,383.472,6.533165285379643e-06,-0.0022469224736347804,0.0,0.5422152433099412,-3.8395212934953335e-14,0.0,0.49999999955460883
pivot_ccw_1,383.508,6.533165284268333e-06,-0.002246922473635464,0.0,0.5602152432939117,-3.608224830031758e-14,0.0,0.49999999955474267
pivot_ccw_1,383.544,6.533165283227921e-06,-0.00224692247363613,0.0,0.5782152432778869,-3.4000580129145425e-14,0.0,0.4999999995548814
pivot_ccw_1,383.58,6.533165282257424e-06,-0.0022469224736367762,0.0,0.5962152432618674,-3.2381504884900395e-14,0.0,0.4999999995550267
pivot_ccw_1,383.616,6.533165281350091e-06,-0.0022469224736374038,0.0,0.6142152432458532,-3.0299836713728226e-14,0.0,0.4999999995551784
pivot_ccw_1,383.652,6.5331652805161715e-06,-0.0022469224736380027,0.0,0.6322152432298448,-2.8449465006019636e-14,0.0,0.49999999955533847
pivot_ccw_1,383.688,6.5331652797432345e-06,-0.0022469224736385803,0.0,0.6502152432138424,-2.683038976177462e-14,0.0,0.4999999995555001
pivot_ccw_1,383.724,6.533165279035617e-06,-0.002246922473639129,0.0,0.668215243197846,-2.474872159060245e-14,0.0,0.49999999955567154
pivot_ccw_1,383.76,6.533165278386705e-06,-0.0022469224736396507,0.0,0.6862152431818561,-2.3129646346357426e-14,0.0,0.49999999955584595
pivot_ccw_1,383.796,6.5331652778005085e-06,-0.0022469224736401385,0.0,0.7042152431658725,-2.1279274638648833e-14,0.0,0.4999999995560289
pivot_ccw_1,383.832,6.533165277825192e-06,-0.0022469224736401247,0.0,0.7222152431498946,4.625929269271494e-15,0.0,0.499999999556179
pivot_ccw_1,383.868,6.5331652749223905e-06,-0.002246922473642728,0.0,0.7402152431339158,-1.0801544843748918e-13,0.0,0.49999999955614144
pivot_ccw_1,383.904,6.5331652721584195e-06,-0.0022469224736453,0.0,0.7582152431179345,-1.0477729794899915e-13,0.0,0.49999999955606966
pivot_ccw_1,383.94,6.533165269516057e-06,-0.0022469224736478472,0.0,0.7762152431019509,-1.0200174038743626e-13,0.0,0.4999999995560011
pivot_ccw_1,383.976,6.533165266988699e-06,-0.0022469224736503734,0.0,0.7942152430859647,-9.899488636240979e-14,0.0,0.4999999995559408
pivot_ccw_1,384.012,6.533165264569938e-06,-0.00224692247365288,0.0,0.812215243069977,-9.668192172777404e-14,0.0,0.4999999995558917
pivot_ccw_1,384.048,6.533165262281604e-06,-0.002246922473655338,0.0,0.8302152430539874,-9.321247477582044e-14,0.0,0.49999999955584445
pivot_ccw_1,384.084,6.533165260075108e-06,-0.0022469224736577967,0.0,0.8482152430379964,-9.182469599503899e-14,0.0,0.4999999995558021
pivot_ccw_1,384.12,6.533165257976634e-06,-0.00224692247366022,0.0,0.8662152430220047,-8.858654550654896e-14,0.0,0.4999999995557694
pivot_ccw_1,384.156,6.533165255993313e-06,-0.002246922473662596,0.0,0.8842152430060116,-8.53483950180589e-14,0.0,0.4999999995557466
pivot_ccw_1,384.192,6.5331652541227215e-06,-0.002246922473664921,0.0,0.9022152429900181,-8.280413391995958e-14,0.0,0.49999999955572527
pivot_ccw_1,384.228,6.5331652523452635e-06,-0.002246922473667213,0.0,0.9202152429740243,-8.049116928532384e-14,0.0,0.4999999995557155
pivot_ccw_1,384.264,6.533165250650997e-06,-0.0022469224736694814,0.0,0.9382152429580294,-7.864079757761525e-14,0.0,0.4999999995557024
pivot_ccw_1,384.3,6.533165249021997e-06,-0.002246922473671745,0.0,0.9562152429420344,-7.72530187968338e-14,0.0,0.4999999995556861
pivot_ccw_1,384.336,6.533165247513062e-06,-0.002246922473673924,0.0,0.9742152429260392,-7.355227538141663e-14,0.0,0.4999999995556926
pivot_ccw_1,384.372,6.533165246074473e-06,-0.0022469224736760833,0.0,0.9922152429100447,-7.216449660063518e-14,0.0,0.4999999995557024
pivot_ccw_1,384.408,6.533165244719739e-06,-0.0022469224736781984,0.0,1.0102152428940503,-6.938893903907228e-14,0.0,0.49999999955572194
pivot_ccw_1,384.444,6.533165243446858e-06,-0.002246922473680266,0.0,1.028215242878056,-6.707597440443655e-14,0.0,0.4999999995557318
pivot_ccw_1,384.48,6.533165242267878e-06,-0.0022469224736822615,0.0,1.0462152428620628,-6.38378239159465e-14,0.0,0.49999999955575464
pivot_ccw_1,384.516,6.53316524113885e-06,-0.002246922473684254,0.0,1.0642152428460716,-6.337523098901934e-14,0.0,0.4999999995558035
pivot_ccw_1,384.552,6.533165240098795e-06,-0.002246922473686168,0.0,1.0822152428300815,-6.059967342745645e-14,0.0,0.4999999995558297
pivot_ccw_1,384.588,6.533165239125413e-06,-0.00224692247368804,0.0,1.1002152428140937,-5.874930171974786e-14,0.0,0.49999999955588204
pivot_ccw_1,384.624,6.53316523822301e-06,-0.0022469224736898536,0.0,1.1182152427981065,-5.643633708511211e-14,0.0,0.49999999955592445
pivot_ccw_1,384.66,6.533165237389103e-06,-0.0022469224736916082,0.0,1.1362152427821213,-5.366077952354924e-14,0.0,0.4999999995559832
pivot_ccw_1,384.696,6.533165236621253e-06,-0.002246922473693302,0.0,1.1542152427661385,-5.134781488891349e-14,0.0,0.49999999955604524
pivot_ccw_1,384.732,6.533165235911584e-06,-0.0022469224736949454,0.0,1.1722152427501586,-4.94974431812049e-14,0.0,0.49999999955611046
pivot_ccw_1,384.768,6.533165235263141e-06,-0.0022469224736965244,0.0,1.190215242734181,-4.718447854656915e-14,0.0,0.49999999955617913
pivot_ccw_1,384.804,6.53316523371817e-06,-0.00224692247370054,0.0,1.2082152427182051,-1.3368935588194592e-13,0.0,0.4999999995562411
pivot_ccw_1,384.84,6.533165231916151e-06,-0.002246922473705422,0.0,1.226215242702227,-1.4432899320127033e-13,0.0,0.49999999955614643
pivot_ccw_1,384.876,6.533165230206662e-06,-0.002246922473710322,0.0,1.2442152426862427,-1.438664002743432e-13,0.0,0.4999999995559733
pivot_ccw_1,384.912,6.533165228594324e-06,-0.0022469224737152265,0.0,1.2622152426702524,-1.429412144204889e-13,0.0,0.4999999995558036
pivot_ccw_1,384.948,6.533165227082914e-06,-0.002246922473720119,0.0,1.2802152426542552,-1.4155343563970746e-13,0.0,0.4999999995556371
pivot_ccw_1,384.984,6.533165225675178e-06,-0.0022469224737249843,0.0,1.2982152426382527,-1.4016565685892601e-13,0.0,0.4999999995554706
pivot_ccw_1,385.02,6.533165224366127e-06,-0.0022469224737298346,0.0,1.3162152426222455,-1.3970306393199886e-13,0.0,0.4999999995553107
pivot_ccw_1,385.056,6.533165223154919e-06,-0.002246922473734667,0.0,1.3342152426062315,-1.3877787807814457e-13,0.0,0.4999999995551671
pivot_ccw_1,385.092,6.533165222043435e-06,-0.002246922473739466,0.0,1.3522152425902123,-1.3739009929736312e-13,0.0,0.4999999995550202
pivot_ccw_1,385.128,6.533165221029862e-06,-0.0022469224737442306,0.0,1.3702152425741883,-1.350771346627274e-13,0.0,0.4999999995548798
pivot_ccw_1,385.164,6.53316522011031e-06,-0.0022469224737489716,0.0,1.38821524255816,-1.3461454173580023e-13,0.0,0.49999999955475244
pivot_ccw_1,385.2,6.533165219288235e-06,-0.0022469224737536593,0.0,1.406215242542126,-1.323015771011645e-13,0.0,0.4999999995546185
pivot_ccw_1,385.236,6.533165218555022e-06,-0.002246922473758335,0.0,1.4242152425260888,-1.313763912473102e-13,0.0,0.499999999554501
pivot_ccw_1,385.272,6.533165217919513e-06,-0.002246922473762926,0.0,1.4422152425100467,-1.2952601953960158e-13,0.0,0.49999999955438346
pivot_ccw_1,385.308,6.533165217371392e-06,-0.002246922473767487,0.0,1.4602152424940014,-1.2860083368574732e-13,0.0,0.49999999955427243
pivot_ccw_1,385.344,6.533165216909721e-06,-0.0022469224737720157,0.0,1.478215242477952,-1.2628786905111156e-13,0.0,0.4999999995541714
pivot_ccw_1,385.38,6.5331652165378765e-06,-0.0022469224737764553,0.0,1.4962152424618984,-1.2443749734340298e-13,0.0,0.49999999955406693
pivot_ccw_1,385.416,6.5331652162487105e-06,-0.002246922473780859,0.0,1.514215242445842,-1.2304971856262153e-13,0.0,0.4999999995539787
pivot_ccw_1,385.452,6.533165216042226e-06,-0.0022469224737851974,0.0,1.5322152424297826,-1.211993468549129e-13,0.0,0.4999999995539004
pivot_ccw_1,385.488,6.5331652159160595e-06,-0.0022469224737894566,0.0,1.5502152424137208,-1.1842378929335001e-13,0.0,0.49999999955382857
pivot_ccw_1,385.524,6.533165215866616e-06,-0.0022469224737936893,0.0,1.568215242397655,-1.1703601051256857e-13,0.0,0.4999999995537469
pivot_ccw_1,385.56,6.53316521589349e-06,-0.002246922473797839,0.0,1.5862152423815883,-1.1564823173178712e-13,0.0,0.4999999995536849
pivot_ccw_1,385.596,6.5331652159931505e-06,-0.002246922473801919,0.0,1.6042152423655192,-1.133352670971514e-13,0.0,0.499999999553636
pivot_ccw_1,385.632,6.533165216162454e-06,-0.002246922473805898,0.0,1.6222152423494478,-1.1055970953558851e-13,0.0,0.49999999955356406
pivot_ccw_1,385.668,6.533165216400761e-06,-0.002246922473809846,0.0,1.6402152423333738,-1.0963452368173421e-13,0.0,0.4999999995535185
pivot_ccw_1,385.704,6.533165216702969e-06,-0.002246922473813693,0.0,1.6582152423172996,-1.0685896612017132e-13,0.0,0.49999999955349883
pivot_ccw_1,385.74,6.533165217055464e-06,-0.0022469224738173397,0.0,1.6762152423012235,-1.0084525807011839e-13,0.0,0.4999999995534563
pivot_ccw_1,385.776,6.533165217480538e-06,-0.0022469224738210346,0.0,1.6942152422851469,-1.0362081563168127e-13,0.0,0.4999999995534302
pivot_ccw_1,385.812,6.533165217969152e-06,-0.0022469224738247075,0.0,1.7122152422690686,-1.0177044392397268e-13,0.0,0.49999999955337804
pivot_ccw_1,385.848,6.5331652185140035e-06,-0.0022469224738283023,0.0,1.7302152422529897,-1.0084525807011839e-13,0.0,0.499999999553365
pivot_ccw_1,385.884,6.533165219095209e-06,-0.0022469224738317223,0.0,1.748215242236912,-9.575673587391975e-14,0.0,0.4999999995534009
pivot_ccw_1,385.92,6.533165219725443e-06,-0.0022469224738350634,0.0,1.7662152422208348,-9.483155002006545e-14,0.0,0.49999999955341395
pivot_ccw_1,385.956,6.533165220384345e-06,-0.0022469224738382435,0.0,1.784215242204756,-8.974302782386681e-14,0.0,0.4999999995533716
pivot_ccw_1,385.992,6.533165221082351e-06,-0.002246922473841329,0.0,1.802215242188677,-8.789265611615822e-14,0.0,0.4999999995533715
pivot_ccw_1,386.028,6.533165221795735e-06,-0.0022469224738442405,0.0,1.820215242172599,-8.234154099303245e-14,0.0,0.49999999955341057
pivot_ccw_1,386.064,6.533165222576237e-06,-0.0022469224738471917,0.0,1.838215242156523,-8.511709855459533e-14,0.0,0.4999999995534433
pivot_ccw_1,386.1,6.533165223401423e-06,-0.0022469224738501025,0.0,1.8562152421404485,-8.326672684688674e-14,0.0,0.49999999955349567
pivot_ccw_1,386.136,6.533165224255078e-06,-0.002246922473852918,0.0,1.8742152421243747,-8.141635513917814e-14,0.0,0.49999999955349556
pivot_ccw_1,386.172,6.533165225091103e-06,-0.002246922473855506,0.0,1.8922152421083027,-7.586524001605236e-14,0.0,0.4999999995535479
pivot_ccw_1,386.208,6.533165225964714e-06,-0.002246922473858053,0.0,1.910215242092233,-7.494005416219808e-14,0.0,0.4999999995536066
pivot_ccw_1,386.244,6.533165226855063e-06,-0.0022469224738605057,0.0,1.9282152420761653,-7.216449660063518e-14,0.0,0.4999999995536653
pivot_ccw_1,386.28,6.53316522776014e-06,-0.002246922473862863,0.0,1.9462152420600987,-7.031412489292659e-14,0.0,0.49999999955371754
pivot_ccw_1,386.316,6.533165228665413e-06,-0.002246922473865102,0.0,1.964215242044034,-6.661338147750938e-14,0.0,0.4999999995537829
pivot_ccw_1,386.352,6.533165229578509e-06,-0.0022469224738672472,0.0,1.9822152420279724,-6.56881956236551e-14,0.0,0.4999999995538677
pivot_ccw_1,386.388,6.533165230484641e-06,-0.0022469224738692743,0.0,2.000215242011914,-6.19874522082379e-14,0.0,0.49999999955394603
pivot_ccw_1,386.424,6.5331652314034725e-06,-0.0022469224738712345,0.0,2.0182152419958586,-5.921189464667501e-14,0.0,0.49999999955403096
pivot_ccw_1,386.46,6.533165232295845e-06,-0.0022469224738730542,0.0,2.0362152419798063,-5.458596537740353e-14,0.0,0.49999999955412894
pivot_ccw_1,386.496,6.5331652332083015e-06,-0.0022469224738748323,0.0,2.054215241963758,-5.458596537740353e-14,0.0,0.49999999955422025
pivot_ccw_1,386.532,6.533165234100124e-06,-0.002246922473876495,0.0,2.072215241947714,-5.181040781584064e-14,0.0,0.49999999955433133
pivot_ccw_1,386.568,6.533165234981115e-06,-0.0022469224738780698,0.0,2.090215241931675,-4.903485025427774e-14,0.0,0.49999999955445534
pivot_ccw_1,386.604,6.533165235862782e-06,-0.0022469224738795803,0.0,2.10821524191564,-4.810966440042345e-14,0.0,0.49999999955456637
pivot_ccw_1,386.64,6.533165236685129e-06,-0.0022469224738809325,0.0,2.126215241899608,-4.4408920985006255e-14,0.0,0.49999999955469693
pivot_ccw_1,386.676,6.533165237486688e-06,-0.0022469224738821984,0.0,2.1442152418835816,-4.163336342344337e-14,0.0,0.4999999995548211
pivot_ccw_1,386.712,6.533165238295489e-06,-0.0022469224738834274,0.0,2.1622152418675604,-3.978299171573478e-14,0.0,0.4999999995549646
pivot_ccw_1,386.748,6.533165239063961e-06,-0.00224692247388455,0.0,2.1802152418515433,-3.793262000802618e-14,0.0,0.4999999995551083
pivot_ccw_1,386.784,6.533165239788075e-06,-0.0022469224738855677,0.0,2.1982152418355323,-3.608224830031759e-14,0.0,0.499999999555265
pivot_ccw_1,386.82,6.5331652404971275e-06,-0.002246922473886527,0.0,2.2162152418195262,-3.33066907387547e-14,0.0,0.4999999995554152
pivot_ccw_1,386.856,6.533165241189657e-06,-0.0022469224738874295,0.0,2.2342152418035277,-3.14563190310461e-14,0.0,0.49999999955558494
pivot_ccw_1,386.892,6.533165241829334e-06,-0.002246922473888233,0.0,2.2522152417875336,-2.8680761469483215e-14,0.0,0.49999999955574814
pivot_ccw_1,386.928,6.533165242412569e-06,-0.0022469224738889395,0.0,2.270215241771547,-2.590520390792032e-14,0.0,0.49999999955593744
pivot_ccw_1,386.964,6.533165242990503e-06,-0.0022469224738896135,0.0,2.2882152417555677,-2.4980018054066022e-14,0.0,0.49999999955611385
pivot_ccw_1,387.0,6.533165245151486e-06,-0.0022469224738920373,0.0,2.306215241739592,-1.0362081563168127e-13,0.0,0.4999999995562117
pivot_ccw_1,387.036,6.533165247821912e-06,-0.0022469224738949365,0.0,2.3242152417236137,-1.0917193075480705e-13,0.0,0.4999999995561334
pivot_ccw_1,387.072,6.533165250448094e-06,-0.002246922473897687,0.0,2.3422152417076325,-1.0639637319324416e-13,0.0,0.4999999995560615
pivot_ccw_1,387.108,6.5331652530261365e-06,-0.00224692247390029,0.0,2.3602152416916495,-1.0362081563168127e-13,0.0,0.4999999995559897
pivot_ccw_1,387.144,6.533165255590467e-06,-0.0022469224739027883,0.0,2.378215241675664,-9.89948863624098e-14,0.0,0.49999999955593094
pivot_ccw_1,387.18,6.533165258057852e-06,-0.002246922473905107,0.0,2.3962152416596774,-9.43689570931383e-14,0.0,0.49999999955589824
pivot_ccw_1,387.216,6.533165260443079e-06,-0.0022469224739072695,0.0,2.4142152416436873,-8.881784197001251e-14,0.0,0.49999999955584606
pivot_ccw_1,387.252,6.533165262825217e-06,-0.002246922473909352,0.0,2.4322152416276976,-8.789265611615822e-14,0.0,0.4999999995558526
pivot_ccw_1,387.288,6.533165265075108e-06,-0.0022469224739112485,0.0,2.4502152416117036,-8.234154099303244e-14,0.0,0.49999999955572205
pivot_ccw_1,387.324,6.5331652675522366e-06,-0.0022469224739132612,0.0,2.4682152415957064,-8.881784197001252e-14,0.0,0.4999999995556763
pivot_ccw_1,387.36,6.5331652700434325e-06,-0.002246922473915212,0.0,2.4862152415797096,-8.789265611615822e-14,0.0,0.4999999995556828
pivot_ccw_1,387.396,6.533165272569261e-06,-0.002246922473917118,0.0,2.5042152415637124,-8.789265611615822e-14,0.0,0.4999999995556698
pivot_ccw_1,387.432,6.533165274633902e-06,-0.00224692247391862,0.0,2.5222152415477153,-6.753856733136368e-14,0.0,0.4999999995556436
pivot_ccw_1,387.468,6.533165276498748e-06,-0.0022469224739199247,0.0,2.540215241531718,-6.291263806209221e-14,0.0,0.4999999995556763
pivot_ccw_1,387.504,6.5331652783868925e-06,-0.0022469224739211954,0.0,2.558215241515721,-6.29126380620922e-14,0.0,0.4999999995556763
pivot_ccw_1,387.54,6.533165276885895e-06,-0.002246922473920245,0.0,2.5759884415042933,7.216449660063518e-14,0.0,0.49243999970795505
pivot_ccw_1,387.576,6.533165271939231e-06,-0.002246922473917162,0.0,2.592368441497771,1.6098233857064767e-13,0.0,0.4513999998198742
pivot_ccw_1,387.612,6.5331652669450605e-06,-0.0022469224739141576,0.0,2.607193241491698,1.6190752442450199e-13,0.0,0.4081999998323581
pivot_ccw_1,387.648,6.533165284193247e-06,-0.00224692247392414,0.0,2.620462841497363,-6.975901338061401e-13,0.0,0.36500000022113194
pivot_ccw_1,387.684,6.5331652838788745e-06,-0.002246922473923963,0.0,2.632177241528749,1.2027416100105864e-14,0.0,0.3218000008728624
pivot_ccw_1,387.72,6.533165283198259e-06,-0.0022469224739235885,0.0,2.6423364415605852,2.220446049250313e-14,0.0,0.2786000008853985
pivot_ccw_1,387.756,6.533165282074462e-06,-0.002246922473922983,0.0,2.650940441592873,3.608224830031759e-14,0.0,0.23540000089792149
pivot_ccw_1,387.792,6.533165280529017e-06,-0.002246922473922165,0.0,2.6579892416256103,4.903485025427774e-14,0.0,0.19220000091043796
pivot_ccw_1,387.828,6.533165278658634e-06,-0.0022469224739211893,0.0,2.6634828416587997,5.828670879282072e-14,0.0,0.14900000092296753
pivot_ccw_1,387.864,6.533165276561667e-06,-0.0022469224739201086,0.0,2.6674212416924385,6.56881956236551e-14,0.0,0.10580000093545787
pivot_ccw_1,387.9,6.5331652741895105e-06,-0.002246922473918895,0.0,2.669804441726527,7.308968245448948e-14,0.0,0.06260000094796128
pivot_ccw_1,387.936,6.533165268253746e-06,-0.002246922473915872,0.0,2.670632441761071,2.0724163126336256e-13,0.0,0.019400000960627935
pivot_ccw_1,387.972,6.533165265780354e-06,-0.0022469224739146126,0.0,2.6706324417641536,1.2027416100105862e-14,0.0,-8.487943613342177e-14
pivot_ccw_1,388.008,6.5331652653598764e-06,-0.0022469224739143988,0.0,2.6706324417641514,1.295260195396016e-14,0.0,-9.140862352830038e-14
pivot_ccw_1,388.044,6.5331652649641325e-06,-0.0022469224739141975,0.0,2.6706324417641496,1.295260195396016e-14,0.0,-9.140862352830038e-14
pivot_ccw_1,388.08,6.5331652645683885e-06,-0.0022469224739139963,0.0,2.670632441764148,1.2027416100105862e-14,0.0,-8.487943613342177e-14
pivot_ccw_1,388.116,6.5331652641726446e-06,-0.002246922473913795,0.0,2.670632441764146,1.2027416100105862e-14,0.0,-8.487943613342177e-14
pivot_ccw_1,388.152,6.533165263752167e-06,-0.0022469224739135813,0.0,2.670632441764144,1.295260195396016e-14,0.0,-9.140862352830038e-14
pivot_ccw_1,388.188,6.533165263356423e-06,-0.00224692247391338,0.0,2.670632441764142,1.2027416100105862e-14,0.0,-8.487943613342177e-14
pivot_ccw_1,388.224,6.533165262960679e-06,-0.002246922473913179,0.0,2.6706324417641403,1.2027416100105862e-14,0.0,-8.487943613342177e-14
pivot_ccw_1,388.26,6.533165262540202e-06,-0.002246922473912965,0.0,2.670632441764138,1.295260195396016e-14,0.0,-9.140862352830038e-14
pivot_ccw_1,388.296,6.533165262144458e-06,-0.002246922473912764,0.0,2.6706324417641363,1.2952601953960159e-14,0.0,-9.140862352830035e-14
pivot_ccw_1,388.332,6.533165261748714e-06,-0.0022469224739125626,0.0,2.6706324417641345,1.2027416100105862e-14,0.0,-8.487943613342177e-14
pivot_ccw_1,388.368,6.533165261328237e-06,-0.0022469224739123488,0.0,2.6706324417641323,1.295260195396016e-14,0.0,-9.140862352830038e-14
pivot_ccw_1,388.404,6.533165260932493e-06,-0.0022469224739121475,0.0,2.6706324417641305,1.2952601953960159e-14,0.0,-9.140862352830035e-14
pivot_ccw_1,388.44,6.533165260536749e-06,-0.0022469224739119463,0.0,2.6706324417641287,1.2027416100105862e-14,0.0,-8.487943613342177e-14
pivot_ccw_1,388.476,6.5331652601162715e-06,-0.0022469224739117325,0.0,2.6706324417641265,1.295260195396016e-14,0.0,-9.140862352830038e-14
pivot_ccw_1,388.512,6.5331652597205276e-06,-0.0022469224739115313,0.0,2.6706324417641247,1.295260195396016e-14,0.0,-9.140862352830038e-14
pivot_ccw_1,388.548,6.533165259324784e-06,-0.00224692247391133,0.0,2.670632441764123,1.2027416100105862e-14,0.0,-8.487943613342177e-14
pivot_ccw_1,388.584,6.533165258904306e-06,-0.0022469224739111162,0.0,2.6706324417641207,1.295260195396016e-14,0.0,-9.140862352830038e-14
pivot_ccw_1,388.62,6.533165258508562e-06,-0.002246922473910915,0.0,2.670632441764119,1.295260195396016e-14,0.0,-9.140862352830038e-14
pivot_ccw_1,388.656,6.533165258112818e-06,-0.0022469224739107138,0.0,2.670632441764117,1.2027416100105862e-14,0.0,-8.487943613342177e-14
pivot_ccw_1,388.692,6.533165257692341e-06,-0.0022469224739105,0.0,2.670632441764115,1.295260195396016e-14,0.0,-9.140862352830038e-14
pivot_ccw_1,388.728,6.533165257296597e-06,-0.0022469224739102987,0.0,2.670632441764113,1.295260195396016e-14,0.0,-9.140862352830038e-14
pivot_ccw_1,388.764,6.533165256900853e-06,-0.0022469224739100975,0.0,2.6706324417641114,1.2027416100105862e-14,0.0,-8.487943613342177e-14
pivot_ccw_1,388.8,6.533165256480376e-06,-0.0022469224739098837,0.0,2.670632441764109,1.295260195396016e-14,0.0,-9.140862352830038e-14
pivot_ccw_1,388.836,6.533165256084632e-06,-0.0022469224739096825,0.0,2.6706324417641074,1.295260195396016e-14,0.0,-9.140862352830038e-14
pivot_ccw_1,388.872,6.533165255688888e-06,-0.0022469224739094813,0.0,2.6706324417641056,1.2027416100105862e-14,0.0,-8.487943613342177e-14
pivot_ccw_1,388.908,6.533165255268411e-06,-0.0022469224739092675,0.0,2.6706324417641034,1.295260195396016e-14,0.0,-9.140862352830038e-14
pivot_ccw_1,388.944,6.533165254872667e-06,-0.0022469224739090662,0.0,2.6706324417641016,1.295260195396016e-14,0.0,-9.140862352830038e-14
pivot_ccw_1,388.98,6.533165254476923e-06,-0.002246922473908865,0.0,2.6706324417641,1.2027416100105862e-14,0.0,-8.487943613342177e-14
pivot_ccw_1,389.016,6.533165254081179e-06,-0.0022469224739086638,0.0,2.670632441764098,1.2027416100105862e-14,0.0,-8.487943613342177e-14
pivot_ccw_1,389.052,6.533165253660701e-06,-0.00224692247390845,0.0,2.670632441764096,1.295260195396016e-14,0.0,-9.140862352830038e-14
pivot_ccw_1,389.088,6.5331652532649574e-06,-0.0022469224739082487,0.0,2.670632441764094,1.2027416100105862e-14,0.0,-8.487943613342177e-14
pivot_ccw_1,389.124,6.5331652528692135e-06,-0.0022469224739080475,0.0,2.6706324417640923,1.2027416100105862e-14,0.0,-8.487943613342177e-14
pivot_ccw_1,389.16,6.533165252448736e-06,-0.0022469224739078337,0.0,2.67063244176409,1.295260195396016e-14,0.0,-9.140862352830038e-14
pivot_ccw_1,389.196,6.533165252052992e-06,-0.0022469224739076325,0.0,2.6706324417640883,1.2952601953960159e-14,0.0,-9.140862352830035e-14
pivot_ccw_1,389.232,6.533165251657248e-06,-0.0022469224739074312,0.0,2.6706324417640865,1.2027416100105862e-14,0.0,-8.487943613342177e-14
pivot_ccw_1,389.268,6.533165251236771e-06,-0.0022469224739072174,0.0,2.6706324417640843,1.295260195396016e-14,0.0,-9.140862352830038e-14
pivot_ccw_1,389.304,6.533165250841027e-06,-0.002246922473907016,0.0,2.6706324417640825,1.2952601953960159e-14,0.0,-9.140862352830035e-14
pivot_ccw_1,389.34,6.533165250445283e-06,-0.002246922473906815,0.0,2.6706324417640808,1.2027416100105862e-14,0.0,-8.487943613342177e-14
pivot_ccw_1,389.376,6.533165250024806e-06,-0.002246922473906601,0.0,2.6706324417640785,1.295260195396016e-14,0.0,-9.140862352830038e-14
pivot_ccw_1,389.412,6.533165249629062e-06,-0.0022469224739064,0.0,2.6706324417640768,1.295260195396016e-14,0.0,-9.140862352830038e-14
pivot_ccw_1,389.448,6.533165249233318e-06,-0.0022469224739061987,0.0,2.670632441764075,1.2027416100105862e-14,0.0,-8.487943613342177e-14
pivot_ccw_1,389.484,6.5331652488128405e-06,-0.002246922473905985,0.0,2.6706324417640728,1.295260195396016e-14,0.0,-9.140862352830038e-14
pivot_ccw_1,389.52,6.5331652484170965e-06,-0.0022469224739057837,0.0,2.670632441764071,1.295260195396016e-14,0.0,-9.140862352830038e-14
pivot_ccw_1,389.556,6.5331652480213526e-06,-0.0022469224739055825,0.0,2.670632441764069,1.2027416100105862e-14,0.0,-8.487943613342177e-14
pivot_ccw_1,389.592,6.533165247600875e-06,-0.0022469224739053687,0.0,2.670632441764067,1.295260195396016e-14,0.0,-9.140862352830038e-14
pivot_ccw_1,389.628,6.533165247205131e-06,-0.0022469224739051674,0.0,2.6706324417640652,1.295260195396016e-14,0.0,-9.140862352830038e-14
pivot_ccw_1,389.664,6.533165246809387e-06,-0.002246922473904966,0.0,2.6706324417640634,1.2027416100105862e-14,0.0,-8.487943613342177e-14
pivot_ccw_1,389.7,6.53316524638891e-06,-0.0022469224739047524,0.0,2.6706324417640612,1.295260195396016e-14,0.0,-9.140862352830038e-14
pivot_ccw_1,389.736,6.533165245993166e-06,-0.002246922473904551,0.0,2.6706324417640595,1.295260195396016e-14,0.0,-9.140862352830038e-14
pivot_ccw_1,389.772,6.533165245597422e-06,-0.00224692247390435,0.0,2.6706324417640577,1.2027416100105862e-14,0.0,-8.487943613342177e-14
pivot_ccw_1,389.808,6.533165245176945e-06,-0.002246922473904136,0.0,2.6706324417640555,1.295260195396016e-14,0.0,-9.140862352830038e-14
pivot_ccw_1,389.844,6.533165244781201e-06,-0.002246922473903935,0.0,2.6706324417640537,1.295260195396016e-14,0.0,-9.140862352830038e-14
pivot_ccw_1,389.88,6.533165244385457e-06,-0.0022469224739037337,0.0,2.670632441764052,1.2027416100105862e-14,0.0,-8.487943613342177e-14
pivot_ccw_1,389.916,6.533165243989713e-06,-0.0022469224739035325,0.0,2.67063244176405,1.2027416100105862e-14,0.0,-8.487943613342177e-14
pivot_ccw_1,389.952,6.5331652435692356e-06,-0.0022469224739033187,0.0,2.670632441764048,1.295260195396016e-14,0.0,-9.140862352830038e-14
pivot_ccw_1,389.988,6.533165243173492e-06,-0.0022469224739031174,0.0,2.670632441764046,1.2027416100105862e-14,0.0,-8.487943613342177e-14
pivot_ccw_1,390.024,6.533165242777748e-06,-0.002246922473902916,0.0,2.6706324417640444,1.2027416100105862e-14,0.0,-8.487943613342177e-14
pivot_ccw_1,390.06,6.53316524235727e-06,-0.0022469224739027024,0.0,2.670632441764042,1.295260195396016e-14,0.0,-9.140862352830038e-14
pivot_ccw_1,390.096,6.533165241961526e-06,-0.002246922473902501,0.0,2.6706324417640404,1.2952601953960159e-14,0.0,-9.140862352830035e-14
pivot_ccw_1,390.132,6.5331652415657824e-06,-0.0022469224739023,0.0,2.6706324417640386,1.2027416100105862e-14,0.0,-8.487943613342177e-14
pivot_ccw_1,390.168,6.533165241145305e-06,-0.002246922473902086,0.0,2.6706324417640364,1.295260195396016e-14,0.0,-9.140862352830038e-14
pivot_ccw_1,390.204,6.533165240749561e-06,-0.002246922473901885,0.0,2.6706324417640346,1.2952601953960159e-14,0.0,-9.140862352830035e-14
pivot_ccw_1,390.24,6.533165240353817e-06,-0.0022469224739016837,0.0,2.670632441764033,1.2027416100105862e-14,0.0,-8.487943613342177e-14
pivot_ccw_1,390.276,6.53316523993334e-06,-0.00224692247390147,0.0,2.6706324417640306,1.295260195396016e-14,0.0,-9.140862352830038e-14
pivot_ccw_1,390.312,6.533165239537596e-06,-0.0022469224739012686,0.0,2.670632441764029,1.295260195396016e-14,0.0,-9.140862352830038e-14
pivot_ccw_1,390.348,6.533165239141852e-06,-0.0022469224739010674,0.0,2.670632441764027,1.2027416100105862e-14,0.0,-8.487943613342177e-14
pivot_ccw_1,390.384,6.533165238721375e-06,-0.0022469224739008536,0.0,2.670632441764025,1.295260195396016e-14,0.0,-9.140862352830038e-14
pivot_ccw_1,390.42,6.533165238325631e-06,-0.0022469224739006524,0.0,2.670632441764023,1.295260195396016e-14,0.0,-9.140862352830038e-14
pivot_ccw_1,390.456,6.533165237929887e-06,-0.002246922473900451,0.0,2.6706324417640213,1.2027416100105862e-14,0.0,-8.487943613342177e-14
pivot_ccw_1,390.492,6.533165237509409e-06,-0.0022469224739002373,0.0,2.670632441764019,1.295260195396016e-14,0.0,-9.140862352830038e-14
reset,390.528,6.5331652371136654e-06,-0.002246922473900036,0.0,2.6706324417640173,1.295260195396016e-14,0.0,-9.140862352830038e-14
reset,390.564,6.5331652367179215e-06,-0.002246922473899835,0.0,2.6706324417640155,1.2027416100105862e-14,0.0,-8.487943613342177e-14
reset,390.6,6.533165236297444e-06,-0.002246922473899621,0.0,2.6706324417640133,1.295260195396016e-14,0.0,-9.140862352830038e-14
reset,390.636,6.5331652359017e-06,-0.00224692247389942,0.0,2.6706324417640115,1.295260195396016e-14,0.0,-9.140862352830038e-14
reset,390.672,6.533165235505956e-06,-0.0022469224738992186,0.0,2.6706324417640097,1.2027416100105862e-14,0.0,-8.487943613342177e-14
reset,390.708,6.533165235085479e-06,-0.002246922473899005,0.0,2.6706324417640075,1.295260195396016e-14,0.0,-9.140862352830038e-14
reset,390.744,6.533165234689735e-06,-0.0022469224738988036,0.0,2.6706324417640057,1.295260195396016e-14,0.0,-9.140862352830038e-14
reset,390.78,6.533165234293991e-06,-0.0022469224738986024,0.0,2.670632441764004,1.2027416100105862e-14,0.0,-8.487943613342177e-14
reset,390.816,6.533165233898247e-06,-0.002246922473898401,0.0,2.670632441764002,1.2027416100105862e-14,0.0,-8.487943613342177e-14
reset,390.852,6.53316523347777e-06,-0.0022469224738981873,0.0,2.670632441764,1.295260195396016e-14,0.0,-9.140862352830038e-14
reset,390.888,6.533165233082026e-06,-0.002246922473897986,0.0,2.670632441763998,1.2027416100105862e-14,0.0,-8.487943613342177e-14
reset,390.924,6.533165232686282e-06,-0.002246922473897785,0.0,2.6706324417639964,1.2027416100105862e-14,0.0,-8.487943613342177e-14
reset,390.96,6.5331652322658045e-06,-0.002246922473897571,0.0,2.670632441763994,1.295260195396016e-14,0.0,-9.140862352830038e-14
reset,390.996,6.5331652318700606e-06,-0.00224692247389737,0.0,2.6706324417639924,1.2952601953960159e-14,0.0,-9.140862352830035e-14
reset,391.032,6.533165231474317e-06,-0.0022469224738971686,0.0,2.6706324417639906,1.2027416100105862e-14,0.0,-8.487943613342177e-14
reset,391.068,6.533165231053839e-06,-0.002246922473896955,0.0,2.6706324417639884,1.295260195396016e-14,0.0,-9.140862352830038e-14
reset,391.104,6.533165230658095e-06,-0.0022469224738967536,0.0,2.6706324417639866,1.2952601953960159e-14,0.0,-9.140862352830035e-14
reset,391.14,6.533165230262351e-06,-0.0022469224738965524,0.0,2.670632441763985,1.2027416100105862e-14,0.0,-8.487943613342177e-14
reset,391.176,6.533165229841874e-06,-0.0022469224738963386,0.0,2.6706324417639826,1.295260195396016e-14,0.0,-9.140862352830038e-14
reset,391.212,6.53316522944613e-06,-0.0022469224738961373,0.0,2.670632441763981,1.295260195396016e-14,0.0,-9.140862352830038e-14
reset,391.248,6.533165229050386e-06,-0.002246922473895936,0.0,2.670632441763979,1.2027416100105862e-14,0.0,-8.487943613342177e-14
reset,391.284,6.533165228629909e-06,-0.0022469224738957223,0.0,2.670632441763977,1.295260195396016e-14,0.0,-9.140862352830038e-14
reset,391.32,6.533165228234165e-06,-0.002246922473895521,0.0,2.670632441763975,1.295260195396016e-14,0.0,-9.140862352830038e-14
reset,391.356,6.533165227838421e-06,-0.00224692247389532,0.0,2.6706324417639733,1.2027416100105862e-14,0.0,-8.487943613342177e-14
reset,391.392,6.5331652274179436e-06,-0.002246922473895106,0.0,2.670632441763971,1.295260195396016e-14,0.0,-9.140862352830038e-14
reset,391.428,6.5331652270222e-06,-0.002246922473894905,0.0,2.6706324417639693,1.295260195396016e-14,0.0,-9.140862352830038e-14
reset,391.464,6.533165226626456e-06,-0.0022469224738947036,0.0,2.6706324417639675,1.2027416100105862e-14,0.0,-8.487943613342177e-14
reset,391.5,6.533165226205978e-06,-0.0022469224738944898,0.0,2.6706324417639653,1.295260195396016e-14,0.0,-9.140862352830038e-14
reset,391.572,6.53316522541449e-06,-0.0022469224738940873,0.0,2.6706324417639618,1.2027416100105862e-14,0.0,-8.487943613342177e-14
reset,391.608,6.533165224994013e-06,-0.0022469224738938735,0.0,2.6706324417639595,1.295260195396016e-14,0.0,-9.140862352830038e-14
reset,391.644,6.533165224598269e-06,-0.0022469224738936723,0.0,2.6706324417639578,1.295260195396016e-14,0.0,-9.140862352830038e-14
reset,391.68,6.533165224202525e-06,-0.002246922473893471,0.0,2.670632441763956,1.2027416100105862e-14,0.0,-8.487943613342177e-14
reset,391.716,6.53316522385625e-06,-0.002246922473893295,0.0,2.670632441763954,1.0177044392397267e-14,0.0,-7.182106134366457e-14
reset,391.752,6.5331652234605065e-06,-0.0022469224738930938,0.0,2.6706324417639515,1.4802973661668752e-14,0.0,-1.0446699831805758e-13
reset,391.788,6.533165223064763e-06,-0.0022469224738928925,0.0,2.6706324417639498,1.2027416100105862e-14,0.0,-8.487943613342177e-14
reset,391.824,6.533165222644285e-06,-0.0022469224738926787,0.0,2.6706324417639475,1.295260195396016e-14,0.0,-9.140862352830038e-14
reset,391.86,6.533165222248541e-06,-0.0022469224738924775,0.0,2.6706324417639458,1.2952601953960159e-14,0.0,-9.140862352830035e-14
reset,391.896,6.533165221852797e-06,-0.0022469224738922763,0.0,2.670632441763944,1.2027416100105862e-14,0.0,-8.487943613342177e-14
reset,391.932,6.53316522143232e-06,-0.0022469224738920625,0.0,2.6706324417639418,1.295260195396016e-14,0.0,-9.140862352830038e-14
reset,391.968,6.533165221036576e-06,-0.0022469224738918612,0.0,2.67063244176394,1.295260195396016e-14,0.0,-9.140862352830038e-14
reset,392.004,6.533165220640832e-06,-0.00224692247389166,0.0,2.670632441763938,1.2027416100105862e-14,0.0,-8.487943613342177e-14
reset,392.04,6.533165220220355e-06,-0.002246922473891446,0.0,2.670632441763936,1.295260195396016e-14,0.0,-9.140862352830038e-14
reset,392.076,6.533165219824611e-06,-0.002246922473891245,0.0,2.670632441763934,1.295260195396016e-14,0.0,-9.140862352830038e-14
reset,392.112,6.533165219428867e-06,-0.0022469224738910437,0.0,2.6706324417639324,1.2027416100105862e-14,0.0,-8.487943613342177e-14
reset,392.148,6.5331652190083896e-06,-0.00224692247389083,0.0,2.67063244176393,1.295260195396016e-14,0.0,-9.140862352830038e-14
reset,392.184,6.533165218612646e-06,-0.0022469224738906287,0.0,2.6706324417639284,1.295260195396016e-14,0.0,-9.140862352830038e-14
reset,392.22,6.533165218216902e-06,-0.0022469224738904275,0.0,2.6706324417639267,1.2027416100105862e-14,0.0,-8.487943613342177e-14
reset,392.256,6.533165217796424e-06,-0.0022469224738902137,0.0,2.6706324417639244,1.295260195396016e-14,0.0,-9.140862352830038e-14
reset,392.292,6.53316521740068e-06,-0.0022469224738900125,0.0,2.6706324417639227,1.295260195396016e-14,0.0,-9.140862352830038e-14
reset,392.328,6.533165217004936e-06,-0.0022469224738898112,0.0,2.670632441763921,1.2027416100105862e-14,0.0,-8.487943613342177e-14
reset,392.364,6.533165216584459e-06,-0.0022469224738895974,0.0,2.6706324417639187,1.295260195396016e-14,0.0,-9.140862352830038e-14
reset,392.4,6.533165216188715e-06,-0.002246922473889396,0.0,2.670632441763917,1.295260195396016e-14,0.0,-9.140862352830038e-14
reset,392.436,6.533165215792971e-06,-0.002246922473889195,0.0,2.670632441763915,1.2027416100105862e-14,0.0,-8.487943613342177e-14
reset,392.472,6.533165215397227e-06,-0.0022469224738889937,0.0,2.6706324417639133,1.2027416100105862e-14,0.0,-8.487943613342177e-14
reset,392.508,6.53316521497675e-06,-0.00224692247388878,0.0,2.670632441763911,1.295260195396016e-14,0.0,-9.140862352830038e-14
reset,392.544,6.533165214581006e-06,-0.0022469224738885787,0.0,2.6706324417639093,1.2027416100105862e-14,0.0,-8.487943613342177e-14
reset,392.58,6.533165214185262e-06,-0.0022469224738883775,0.0,2.6706324417639076,1.2027416100105862e-14,0.0,-8.487943613342177e-14
reset,392.616,6.533165213764785e-06,-0.0022469224738881637,0.0,2.6706324417639054,1.295260195396016e-14,0.0,-9.140862352830038e-14
reset,392.652,6.533165213369041e-06,-0.0022469224738879624,0.0,2.6706324417639036,1.2952601953960159e-14,0.0,-9.140862352830035e-14
reset,392.688,6.533165212973297e-06,-0.0022469224738877612,0.0,2.670632441763902,1.2027416100105862e-14,0.0,-8.487943613342177e-14
reset,392.724,6.5331652125528194e-06,-0.0022469224738875474,0.0,2.6706324417638996,1.295260195396016e-14,0.0,-9.140862352830038e-14
reset,392.76,6.5331652121570755e-06,-0.002246922473887346,0.0,2.670632441763898,1.2952601953960159e-14,0.0,-9.140862352830035e-14
reset,392.796,6.5331652117613315e-06,-0.002246922473887145,0.0,2.670632441763896,1.2027416100105862e-14,0.0,-8.487943613342177e-14
reset,392.832,6.533165211340854e-06,-0.002246922473886931,0.0,2.670632441763894,1.295260195396016e-14,0.0,-9.140862352830038e-14
reset,392.868,6.53316521094511e-06,-0.00224692247388673,0.0,2.670632441763892,1.295260195396016e-14,0.0,-9.140862352830038e-14
reset,392.904,6.533165210549366e-06,-0.0022469224738865287,0.0,2.6706324417638903,1.2027416100105862e-14,0.0,-8.487943613342177e-14
reset,392.94,6.533165210128889e-06,-0.002246922473886315,0.0,2.670632441763888,1.295260195396016e-14,0.0,-9.140862352830038e-14
reset,392.976,6.533165209733145e-06,-0.0022469224738861137,0.0,2.6706324417638863,1.295260195396016e-14,0.0,-9.140862352830038e-14
reset,393.012,6.533165209337401e-06,-0.0022469224738859124,0.0,2.6706324417638845,1.2027416100105862e-14,0.0,-8.487943613342177e-14
pivot_cw_1,393.048,6.533165208916924e-06,-0.0022469224738856986,0.0,2.6706324417638823,1.295260195396016e-14,0.0,-9.140862352830038e-14
pivot_cw_1,393.084,6.53316520852118e-06,-0.0022469224738854974,0.0,2.6706324417638805,1.295260195396016e-14,0.0,-9.140862352830038e-14
pivot_cw_1,393.12,6.533165208125436e-06,-0.002246922473885296,0.0,2.6706324417638787,1.2027416100105862e-14,0.0,-8.487943613342177e-14
pivot_cw_1,393.156,6.5331652077049585e-06,-0.0022469224738850824,0.0,2.6706324417638765,1.295260195396016e-14,0.0,-9.140862352830038e-14
pivot_cw_1,393.192,6.5331652073092145e-06,-0.002246922473884881,0.0,2.6706324417638747,1.295260195396016e-14,0.0,-9.140862352830038e-14
pivot_cw_1,393.228,6.533165206913471e-06,-0.00224692247388468,0.0,2.670632441763873,1.2027416100105862e-14,0.0,-8.487943613342177e-14
pivot_cw_1,393.264,6.533165206492993e-06,-0.002246922473884466,0.0,2.6706324417638707,1.295260195396016e-14,0.0,-9.140862352830038e-14
pivot_cw_1,393.3,6.533165206097249e-06,-0.002246922473884265,0.0,2.670632441763869,1.295260195396016e-14,0.0,-9.140862352830038e-14
pivot_cw_1,393.336,6.533165205701505e-06,-0.0022469224738840637,0.0,2.670632441763867,1.2027416100105862e-14,0.0,-8.487943613342177e-14
pivot_cw_1,393.372,6.533165205305761e-06,-0.0022469224738838624,0.0,2.6706324417638654,1.2027416100105862e-14,0.0,-8.487943613342177e-14
pivot_cw_1,393.408,6.533165204885284e-06,-0.0022469224738836486,0.0,2.670632441763863,1.295260195396016e-14,0.0,-9.140862352830038e-14
pivot_cw_1,393.444,6.53316520448954e-06,-0.0022469224738834474,0.0,2.6706324417638614,1.2027416100105862e-14,0.0,-8.487943613342177e-14
pivot_cw_1,393.48,6.533165204093796e-06,-0.002246922473883246,0.0,2.6706324417638596,1.2027416100105862e-14,0.0,-8.487943613342177e-14
pivot_cw_1,393.516,6.533165203673319e-06,-0.0022469224738830324,0.0,2.6706324417638574,1.295260195396016e-14,0.0,-9.140862352830038e-14
pivot_cw_1,393.552,6.533165203277575e-06,-0.002246922473882831,0.0,2.6706324417638556,1.2952601953960159e-14,0.0,-9.140862352830035e-14
pivot_cw_1,393.588,6.533165202881831e-06,-0.00224692247388263,0.0,2.670632441763854,1.2027416100105862e-14,0.0,-8.487943613342177e-14
pivot_cw_1,393.624,6.533165202461354e-06,-0.002246922473882416,0.0,2.6706324417638516,1.295260195396016e-14,0.0,-9.140862352830038e-14
pivot_cw_1,393.66,6.53316520206561e-06,-0.002246922473882215,0.0,2.67063244176385,1.2952601953960159e-14,0.0,-9.140862352830035e-14
pivot_cw_1,393.696,6.533165201669866e-06,-0.0022469224738820136,0.0,2.670632441763848,1.2027416100105862e-14,0.0,-8.487943613342177e-14
pivot_cw_1,393.732,6.533165201249388e-06,-0.0022469224738818,0.0,2.670632441763846,1.295260195396016e-14,0.0,-9.140862352830038e-14
pivot_cw_1,393.768,6.533165200853644e-06,-0.0022469224738815986,0.0,2.670632441763844,1.295260195396016e-14,0.0,-9.140862352830038e-14
pivot_cw_1,393.804,6.5331652004579005e-06,-0.0022469224738813974,0.0,2.6706324417638423,1.2027416100105862e-14,0.0,-8.487943613342177e-14
pivot_cw_1,393.84,6.533165200037423e-06,-0.0022469224738811836,0.0,2.67063244176384,1.295260195396016e-14,0.0,-9.140862352830038e-14
pivot_cw_1,393.876,6.533165199641679e-06,-0.0022469224738809824,0.0,2.6706324417638383,1.295260195396016e-14,0.0,-9.140862352830038e-14
pivot_cw_1,393.912,6.533165199245935e-06,-0.002246922473880781,0.0,2.6706324417638365,1.2027416100105862e-14,0.0,-8.487943613342177e-14
pivot_cw_1,393.948,6.533165198825458e-06,-0.0022469224738805673,0.0,2.6706324417638343,1.295260195396016e-14,0.0,-9.140862352830038e-14
pivot_cw_1,393.984,6.533165198429714e-06,-0.002246922473880366,0.0,2.6706324417638325,1.295260195396016e-14,0.0,-9.140862352830038e-14
pivot_cw_1,394.02,6.53316519803397e-06,-0.002246922473880165,0.0,2.6706324417638307,1.2027416100105862e-14,0.0,-8.487943613342177e-14
pivot_cw_1,394.056,6.53316519659955e-06,-0.0022469224738794354,0.0,2.670038441797986,5.088522196198634e-14,0.0,-0.019799998861480823
pivot_cw_1,394.092,6.533165194993121e-06,-0.002246922473878614,0.0,2.667900041839385,5.088522196198634e-14,0.0,-0.06299999884900354
pivot_cw_1,394.128,6.533165193438445e-06,-0.0022469224738778143,0.0,2.6642064418812343,4.903485025427775e-14,0.0,-0.10619999883648705
pivot_cw_1,394.164,6.533165191936536e-06,-0.002246922473877033,0.0,2.658957641923533,4.718447854656914e-14,0.0,-0.14939999882400973
pivot_cw_1,394.2,6.53316519048844e-06,-0.0022469224738762682,0.0,2.6521536419662803,4.4408920985006255e-14,0.0,-0.19259999881152595
pivot_cw_1,394.236,6.533165189144044e-06,-0.0022469224738755453,0.0,2.6437944420094777,4.163336342344337e-14,0.0,-0.23579999879902905
pivot_cw_1,394.272,6.533165188000906e-06,-0.0022469224738749173,0.0,2.6338800420531236,3.6082248300317594e-14,0.0,-0.27899999878655174
pivot_cw_1,394.308,6.53316518708205e-06,-0.0022469224738743995,0.0,2.622410442097219,2.9605947323337504e-14,0.0,-0.322199998774081
pivot_cw_1,394.344,6.533165186337641e-06,-0.002246922473873968,0.0,2.6093856421417643,2.3129646346357426e-14,0.0,-0.3653999987616103
pivot_cw_1,394.38,6.533165185837375e-06,-0.0022469224738736688,0.0,2.594805642186758,1.572815951552305e-14,0.0,-0.40859999874914604
pivot_cw_1,394.416,6.533165185648312e-06,-0.0022469224738735517,0.0,2.578670442232199,6.47630097698008e-15,0.0,-0.45179999873670773
pivot_cw_1,394.452,6.5331651860668784e-06,-0.002246922473873825,0.0,2.561049642270323,-1.665334536937735e-14,0.0,-0.49267999898314574
pivot_cw_1,394.488,6.533165187566371e-06,-0.002246922473874829,0.0,2.5430496422863995,-5.088522196198634e-14,0.0,-0.4999999995534498
pivot_cw_1,394.524,6.533165188796995e-06,-0.0022469224738756845,0.0,2.5250496423024726,-4.070817756958907e-14,0.0,-0.49999999955356084
pivot_cw_1,394.56,6.533165190281996e-06,-0.002246922473876756,0.0,2.507049642318542,-5.088522196198634e-14,0.0,-0.4999999995536327
pivot_cw_1,394.596,6.53316519163682e-06,-0.0022469224738777722,0.0,2.489049642334611,-4.625929269271486e-14,0.0,-0.4999999995536653
pivot_cw_1,394.632,6.533165192840674e-06,-0.002246922473878711,0.0,2.4710496423506765,-4.348373513115196e-14,0.0,-0.4999999995537633
pivot_cw_1,394.668,6.533165194158024e-06,-0.0022469224738797746,0.0,2.4530496423667376,-4.718447854656915e-14,0.0,-0.4999999995538286
pivot_cw_1,394.704,6.533165195221743e-06,-0.0022469224738806658,0.0,2.435049642382797,-3.7932620008026184e-14,0.0,-0.49999999955389385
pivot_cw_1,394.74,6.533165196394634e-06,-0.002246922473881686,0.0,2.417049642398854,-4.4408920985006255e-14,0.0,-0.49999999955399177
pivot_cw_1,394.776,6.533165197404673e-06,-0.002246922473882597,0.0,2.3990496424149077,-3.8857805861880485e-14,0.0,-0.4999999995540832
pivot_cw_1,394.812,6.533165198378204e-06,-0.0022469224738835064,0.0,2.3810496424309577,-3.700743415417189e-14,0.0,-0.4999999995541876
pivot_cw_1,394.848,6.533165199295485e-06,-0.0022469224738843946,0.0,2.3630496424470033,-3.515706244646329e-14,0.0,-0.49999999955427904
pivot_cw_1,394.884,6.533165200196306e-06,-0.002246922473885299,0.0,2.3450496424630445,-3.5157062446463286e-14,0.0,-0.49999999955439656
pivot_cw_1,394.92,6.533165201003581e-06,-0.0022469224738861397,0.0,2.327049642479081,-3.2381504884900395e-14,0.0,-0.4999999995545076
pivot_cw_1,394.956,6.533165201776834e-06,-0.0022469224738869745,0.0,2.309049642495115,-3.2381504884900395e-14,0.0,-0.49999999955462504
pivot_cw_1,394.992,6.533165202461053e-06,-0.0022469224738877404,0.0,2.2910496425111435,-2.9605947323337504e-14,0.0,-0.49999999955477537
pivot_cw_1,395.028,6.533165203131597e-06,-0.0022469224738885184,0.0,2.2730496425271673,-2.7755575615628914e-14,0.0,-0.4999999995548928
pivot_cw_1,395.064,6.5331652037524326e-06,-0.0022469224738892665,0.0,2.2550496425431863,-2.683038976177462e-14,0.0,-0.49999999955503
pivot_cw_1,395.1,6.533165204325085e-06,-0.0022469224738899812,0.0,2.2370496425592012,-2.4980018054066016e-14,0.0,-0.49999999955518665
pivot_cw_1,395.136,6.533165204850898e-06,-0.0022469224738906625,0.0,2.2190496425752104,-2.4054832200211724e-14,0.0,-0.49999999955533675
pivot_cw_1,395.172,6.533165205364433e-06,-0.0022469224738913525,0.0,2.2010496425912125,-2.312964634635743e-14,0.0,-0.49999999955548696
pivot_cw_1,395.208,6.5331652058330496e-06,-0.0022469224738920074,0.0,2.1830496426072097,-2.2204460492503134e-14,0.0,-0.4999999995556502
pivot_cw_1,395.244,6.53316520625818e-06,-0.0022469224738926254,0.0,2.1650496426232015,-2.1279274638648836e-14,0.0,-0.4999999995558264
pivot_cw_1,395.28,6.533165206641539e-06,-0.0022469224738932035,0.0,2.1470496426391863,-1.9428902930940243e-14,0.0,-0.49999999955600927
pivot_cw_1,395.316,6.53316520699953e-06,-0.0022469224738937655,0.0,2.129049642655164,-1.8503717077085944e-14,0.0,-0.49999999955618557
pivot_cw_1,395.352,6.533165207795198e-06,-0.002246922473895101,0.0,2.1110496426711394,-1.1749860343949575e-13,0.0,-0.49999999955625735
pivot_cw_1,395.388,6.533165209876254e-06,-0.0022469224738986423,0.0,2.093049642687116,-1.1379786002407855e-13,0.0,-0.499999999556179
pivot_cw_1,395.424,6.533165211839112e-06,-0.0022469224739021234,0.0,2.075049642703096,-1.1009711660866135e-13,0.0,-0.4999999995561007
pivot_cw_1,395.46,6.533165213725267e-06,-0.002246922473905616,0.0,2.057049642719078,-1.1102230246251565e-13,0.0,-0.4999999995560289
pivot_cw_1,395.496,6.53316521548446e-06,-0.002246922473909019,0.0,2.0390496427350624,-1.0639637319324417e-13,0.0,-0.4999999995559833
pivot_cw_1,395.532,6.533165217144902e-06,-0.002246922473912378,0.0,2.0210496427510494,-1.0547118733938987e-13,0.0,-0.4999999995559114
pivot_cw_1,395.568,6.533165218709904e-06,-0.0022469224739156907,0.0,2.003049642767039,-1.0084525807011839e-13,0.0,-0.4999999995558526
pivot_cw_1,395.604,6.533165220169541e-06,-0.0022469224739189294,0.0,1.9850496427830278,-9.806970050855549e-14,0.0,-0.49999999955583296
pivot_cw_1,395.64,6.533165221547841e-06,-0.002246922473922143,0.0,1.9670496427990187,-9.714451465470122e-14,0.0,-0.49999999955578733
pivot_cw_1,395.676,6.533165222858762e-06,-0.002246922473925355,0.0,1.949049642815012,-9.529414294699261e-14,0.0,-0.49999999955573504
pivot_cw_1,395.712,6.533165224090959e-06,-0.0022469224739285385,0.0,1.9310496428310056,-9.43689570931383e-14,0.0,-0.4999999995557155
pivot_cw_1,395.748,6.533165225237491e-06,-0.0022469224739316653,0.0,1.9130496428469994,-9.159339953157541e-14,0.0,-0.4999999995557089
pivot_cw_1,395.784,6.5331652262815455e-06,-0.002246922473934682,0.0,1.895049642862995,-8.881784197001251e-14,0.0,-0.4999999995556763
pivot_cw_1,395.82,6.533165227254208e-06,-0.002246922473937664,0.0,1.8770496428789907,-8.696747026230392e-14,0.0,-0.4999999995556763
pivot_cw_1,395.856,6.533165228165214e-06,-0.002246922473940636,0.0,1.8590496428949859,-8.511709855459534e-14,0.0,-0.49999999955568936
pivot_cw_1,395.892,6.533165228976075e-06,-0.0022469224739434645,0.0,1.8410496429109795,-8.234154099303245e-14,0.0,-0.49999999955572205
pivot_cw_1,395.928,6.533165229735862e-06,-0.0022469224739463064,0.0,1.8230496429269731,-8.234154099303245e-14,0.0,-0.49999999955572205
pivot_cw_1,395.964,6.533165230431482e-06,-0.002246922473949108,0.0,1.805049642942967,-7.956598343146955e-14,0.0,-0.49999999955572855
pivot_cw_1,396.0,6.533165231038923e-06,-0.002246922473951758,0.0,1.7870496429589586,-7.586524001605236e-14,0.0,-0.4999999995557677
pivot_cw_1,396.036,6.5331652315874895e-06,-0.0022469224739543655,0.0,1.7690496429749498,-7.401486830834378e-14,0.0,-0.4999999995557808
pivot_cw_1,396.072,6.53316523205476e-06,-0.002246922473956805,0.0,1.7510496429909412,-6.892634611214514e-14,0.0,-0.49999999955581015
pivot_cw_1,396.108,6.5331652324525905e-06,-0.002246922473959102,0.0,1.733049643006931,-6.38378239159465e-14,0.0,-0.49999999955584606
pivot_cw_1,396.144,6.533165232804217e-06,-0.0022469224739613794,0.0,1.7150496430229192,-6.38378239159465e-14,0.0,-0.4999999995558918
pivot_cw_1,396.18,6.533165233105565e-06,-0.002246922473963593,0.0,1.697049643038906,-6.19874522082379e-14,0.0,-0.499999999555944
pivot_cw_1,396.216,6.533165233348734e-06,-0.00224692247396566,0.0,1.6790496430548907,-5.82867087928207e-14,0.0,-0.49999999955599633
pivot_cw_1,396.252,6.533165233552317e-06,-0.0022469224739677033,0.0,1.661049643070872,-5.643633708511212e-14,0.0,-0.49999999955607455
pivot_cw_1,396.288,6.53316523370734e-06,-0.002246922473969613,0.0,1.643049643086851,-5.3198186596622086e-14,0.0,-0.49999999955613667
pivot_cw_1,396.324,6.533165234072786e-06,-0.0022469224739754706,0.0,1.6250496431028292,-1.8549976369778656e-13,0.0,-0.4999999995561627
pivot_cw_1,396.36,6.53316523430396e-06,-0.0022469224739805724,0.0,1.6070496431188128,-1.420160285666346e-13,0.0,-0.4999999995559995
pivot_cw_1,396.396,6.533165234441367e-06,-0.0022469224739856087,0.0,1.5890496431348027,-1.3970306393199888e-13,0.0,-0.4999999995558199
pivot_cw_1,396.432,6.533165234487458e-06,-0.002246922473990591,0.0,1.5710496431507992,-1.383152851512174e-13,0.0,-0.49999999955564034
pivot_cw_1,396.468,6.5331652344445935e-06,-0.0022469224739955036,0.0,1.5530496431668015,-1.3646491344350883e-13,0.0,-0.4999999995554772
pivot_cw_1,396.504,6.53316523431507e-06,-0.0022469224740003604,0.0,1.5350496431828096,-1.341519488088731e-13,0.0,-0.4999999995553172
pivot_cw_1,396.54,6.533165234100596e-06,-0.002246922474005157,0.0,1.5170496431988236,-1.3183898417423734e-13,0.0,-0.4999999995551507
pivot_cw_1,396.576,6.533165233807618e-06,-0.0022469224740098246,0.0,1.4990496432148424,-1.2952601953960158e-13,0.0,-0.49999999955501034
pivot_cw_1,396.612,6.53316523343166e-06,-0.0022469224740144724,0.0,1.4810496432308673,-1.2906342661267445e-13,0.0,-0.49999999955486346
pivot_cw_1,396.648,6.53316523298293e-06,-0.0022469224740190017,0.0,1.4630496432468965,-1.267504619780387e-13,0.0,-0.4999999995547296
pivot_cw_1,396.684,6.533165232464173e-06,-0.0022469224740234257,0.0,1.4450496432629312,-1.239749044164758e-13,0.0,-0.49999999955459246
pivot_cw_1,396.72,6.53316523187153e-06,-0.0022469224740277985,0.0,1.4270496432789699,-1.216619397818401e-13,0.0,-0.4999999995544716
pivot_cw_1,396.756,6.533165231216999e-06,-0.0022469224740320507,0.0,1.4090496432950135,-1.1934897514720433e-13,0.0,-0.4999999995543443
pivot_cw_1,396.792,6.5331652304905946e-06,-0.002246922474036264,0.0,1.3910496433110604,-1.1842378929335004e-13,0.0,-0.49999999955423996
pivot_cw_1,396.828,6.533165229719617e-06,-0.002246922474040299,0.0,1.3730496433271118,-1.1472304587793286e-13,0.0,-0.49999999955412894
pivot_cw_1,396.864,6.533165228887739e-06,-0.0022469224740442654,0.0,1.3550496433431665,-1.124100812432971e-13,0.0,-0.4999999995540277
pivot_cw_1,396.9,6.533165228003354e-06,-0.002246922474048135,0.0,1.3370496433592236,-1.0963452368173418e-13,0.0,-0.4999999995539494
pivot_cw_1,396.936,6.5331652270696055e-06,-0.002246922474051907,0.0,1.3190496433752839,-1.0685896612017132e-13,0.0,-0.49999999955385793
pivot_cw_1,396.972,6.533165226078641e-06,-0.0022469224740556213,0.0,1.301049643391348,-1.0685896612017132e-13,0.0,-0.49999999955376656
pivot_cw_1,397.008,6.533165225058769e-06,-0.0022469224740591836,0.0,1.2830496434074148,-1.0315822270475412e-13,0.0,-0.4999999995537078
pivot_cw_1,397.044,6.533165223999651e-06,-0.002246922474062647,0.0,1.265049643423484,-1.0084525807011839e-13,0.0,-0.4999999995536327
pivot_cw_1,397.08,6.533165222912571e-06,-0.002246922474065986,0.0,1.2470496434395542,-9.668192172777405e-14,0.0,-0.4999999995535706
pivot_cw_1,397.116,6.533165221779816e-06,-0.0022469224740692653,0.0,1.2290496434556284,-9.529414294699261e-14,0.0,-0.4999999995535087
pivot_cw_1,397.152,6.5331652206358465e-06,-0.002246922474072394,0.0,1.2110496434717035,-9.205599245850257e-14,0.0,-0.49999999955348573
pivot_cw_1,397.188,6.533165219485258e-06,-0.002246922474075371,0.0,1.1930496434877802,-8.881784197001252e-14,0.0,-0.4999999995534433
pivot_cw_1,397.224,6.533165218297269e-06,-0.002246922474078289,0.0,1.1750496435038573,-8.743006318923109e-14,0.0,-0.49999999955340735
pivot_cw_1,397.26,6.5331652171061145e-06,-0.0022469224740810697,0.0,1.1570496435199356,-8.419191270074103e-14,0.0,-0.49999999955338464
pivot_cw_1,397.296,6.53316521589926e-06,-0.002246922474083753,0.0,1.1390496435360138,-8.141635513917814e-14,0.0,-0.4999999995533716
pivot_cw_1,397.332,6.533165214679734e-06,-0.002246922474086339,0.0,1.1210496435520936,-7.864079757761525e-14,0.0,-0.4999999995533454
pivot_cw_1,397.368,6.533165213438411e-06,-0.0022469224740888525,0.0,1.1030496435681736,-7.771561172376095e-14,0.0,-0.4999999995533388
pivot_cw_1,397.404,6.5331652122029965e-06,-0.0022469224740912443,0.0,1.0850496435842534,-7.494005416219807e-14,0.0,-0.49999999955332575
pivot_cw_1,397.44,6.533165210964335e-06,-0.002246922474093541,0.0,1.067049643600333,-7.216449660063518e-14,0.0,-0.4999999995533454
pivot_cw_1,397.476,6.533165209718793e-06,-0.002246922474095754,0.0,1.0490496436164118,-7.031412489292657e-14,0.0,-0.4999999995533585
pivot_cw_1,397.512,6.533165208468678e-06,-0.002246922474097885,0.0,1.03104964363249,-6.800116025829084e-14,0.0,-0.4999999995533749
pivot_cw_1,397.548,6.533165207245417e-06,-0.0022469224740998854,0.0,1.0130496436485674,-6.476300976980079e-14,0.0,-0.4999999995533975
pivot_cw_1,397.584,6.533165206060844e-06,-0.0022469224741017463,0.0,0.9950496436646443,-6.152485928131077e-14,0.0,-0.4999999995534269
pivot_cw_1,397.62,6.533165204850712e-06,-0.0022469224741035747,0.0,0.9770496436807192,-6.059967342745647e-14,0.0,-0.49999999955347274
pivot_cw_1,397.656,6.533165203678473e-06,-0.002246922474105278,0.0,0.9590496436967925,-5.736152293896643e-14,0.0,-0.4999999995535152
pivot_cw_1,397.692,6.533165202524281e-06,-0.0022469224741068932,0.0,0.9410496437128638,-5.504855830433068e-14,0.0,-0.4999999995535642
pivot_cw_1,397.728,6.533165201390913e-06,-0.002246922474108419,0.0,0.9230496437289336,-5.273559366969492e-14,0.0,-0.49999999955362623
pivot_cw_1,397.764,6.533165200289554e-06,-0.0022469224741098483,0.0,0.9050496437450012,-4.9497443181204894e-14,0.0,-0.4999999995536946
pivot_cw_1,397.8,6.5331651991973325e-06,-0.002246922474111214,0.0,0.8870496437610654,-4.76470714734963e-14,0.0,-0.49999999955376656
pivot_cw_1,397.836,6.533165198151606e-06,-0.0022469224741124743,0.0,0.8690496437771272,-4.533410683886056e-14,0.0,-0.499999999553845
pivot_cw_1,397.872,6.53316519712858e-06,-0.002246922474113663,0.0,0.8510496437931858,-4.3483735131151967e-14,0.0,-0.4999999995539265
pivot_cw_1,397.908,6.533165196149019e-06,-0.00224692247411476,0.0,0.8330496438092415,-4.093947403305265e-14,0.0,-0.4999999995540163
pivot_cw_1,397.944,6.53316519519702e-06,-0.002246922474115789,0.0,0.8150496438252937,-3.8395212934953335e-14,0.0,-0.4999999995541159
pivot_cw_1,397.98,6.5331651942747e-06,-0.002246922474116751,0.0,0.797049643841342,-3.6776137690708304e-14,0.0,-0.4999999995542187
pivot_cw_1,398.016,6.533165193398806e-06,-0.0022469224741176316,0.0,0.7790496438573868,-3.4463173056072563e-14,0.0,-0.4999999995543264
pivot_cw_1,398.052,6.533165192552082e-06,-0.0022469224741184534,0.0,0.7610496438734272,-3.261280134836398e-14,0.0,-0.4999999995544407
pivot_cw_1,398.088,6.5331651917464e-06,-0.002246922474119207,0.0,0.7430496438894635,-3.0531133177191805e-14,0.0,-0.49999999955455987
pivot_cw_1,398.124,6.533165190989112e-06,-0.002246922474119891,0.0,0.7250496439054948,-2.8449465006019636e-14,0.0,-0.49999999955469204
pivot_cw_1,398.16,6.533165190271972e-06,-0.0022469224741205143,0.0,0.7070496439215218,-2.6599093298311043e-14,0.0,-0.4999999995548226
pivot_cw_1,398.196,6.533165189591537e-06,-0.0022469224741210854,0.0,0.6890496439375435,-2.474872159060245e-14,0.0,-0.4999999995549631
pivot_cw_1,398.232,6.5331651889602956e-06,-0.002246922474121596,0.0,0.6710496439535601,-2.2667053419430278e-14,0.0,-0.4999999995551083
pivot_cw_1,398.268,6.533165188369244e-06,-0.002246922474122056,0.0,0.653049643969571,-2.0816681711721688e-14,0.0,-0.4999999995552617
pivot_cw_1,398.304,6.533165187819987e-06,-0.002246922474122469,0.0,0.6350496439855765,-1.8735013540549517e-14,0.0,-0.4999999995554168
pivot_cw_1,398.34,6.5331651873195995e-06,-0.002246922474122831,0.0,0.6170496440015761,-1.71159382963045e-14,0.0,-0.49999999955558494
pivot_cw_1,398.376,6.533165186858317e-06,-0.002246922474123152,0.0,0.5990496440175695,-1.5728159515523053e-14,0.0,-0.49999999955575136
pivot_cw_1,398.412,6.533165186437505e-06,-0.002246922474123434,0.0,0.5810496440335571,-1.4109084271278032e-14,0.0,-0.4999999995559195
pivot_cw_1,398.448,6.533165186046662e-06,-0.002246922474123685,0.0,0.563049644049538,-1.2721305490496586e-14,0.0,-0.4999999995560991
pivot_cw_1,398.484,6.533165185194639e-06,-0.002246922474124207,0.0,0.545049644065512,-3.099372610411895e-14,0.0,-0.4999999995562835
pivot_cw_1,398.52,6.533165181824226e-06,-0.0022469224741262107,0.0,0.5270496440814858,-1.0847804136441634e-13,0.0,-0.4999999995562786
pivot_cw_1,398.556,6.533165178526783e-06,-0.0022469224741280902,0.0,0.5090496440974623,-1.0547118733938987e-13,0.0,-0.49999999955620195
pivot_cw_1,398.592,6.533165175275222e-06,-0.0022469224741298666,0.0,0.49104964411344126,-1.024643333143634e-13,0.0,-0.4999999995561316
pivot_cw_1,398.628,6.533165172084428e-06,-0.0022469224741315367,0.0,0.47304964412942285,-9.992007221626409e-14,0.0,-0.4999999995560648
pivot_cw_1,398.664,6.5331651689447605e-06,-0.0022469224741331084,0.0,0.45504964414540633,-9.737581111816478e-14,0.0,-0.4999999995560109
pivot_cw_1,398.7,6.533165165855546e-06,-0.002246922474134586,0.0,0.4370496441613916,-9.494719825179725e-14,0.0,-0.49999999955595786
pivot_cw_1,398.736,6.533165162831771e-06,-0.0022469224741359655,0.0,0.4190496441773788,-9.228728892196614e-14,0.0,-0.49999999955591135
pivot_cw_1,398.772,6.533165159853674e-06,-0.00224692247413726,0.0,0.40104964419336714,-8.99743242873304e-14,0.0,-0.4999999995558689
pivot_cw_1,398.808,6.533165156932884e-06,-0.0022469224741384674,0.0,0.3830496442093569,-8.777700788442644e-14,0.0,-0.4999999995558338
pivot_cw_1,398.844,6.533165154078069e-06,-0.0022469224741395884,0.0,0.3650496442253478,-8.488580209113176e-14,0.0,-0.49999999955581026
pivot_cw_1,398.88,6.533165151294558e-06,-0.002246922474140623,0.0,0.34704964424133933,-8.234154099303244e-14,0.0,-0.49999999955578567
pivot_cw_1,398.916,6.533165148545255e-06,-0.0022469224741415894,0.0,0.32904964425733196,-8.08381139805192e-14,0.0,-0.49999999955576363
pivot_cw_1,398.952,6.5331651458909606e-06,-0.0022469224741424685,0.0,0.3110496442733247,-7.748431526029739e-14,0.0,-0.4999999995557579
pivot_cw_1,398.988,6.533165143277587e-06,-0.0022469224741432834,0.0,0.29304964428931785,-7.586524001605237e-14,0.0,-0.49999999955574986
pivot_cw_1,399.024,6.5331651407332186e-06,-0.0022469224741440263,0.0,0.2750496443053111,-7.343662714968483e-14,0.0,-0.4999999995557475
pivot_cw_1,399.06,6.533165135889456e-06,-0.002246922474145346,0.0,0.25776244431284273,-1.454854755185882e-13,0.0,-0.47659999981267304
pivot_cw_1,399.096,6.533165130796378e-06,-0.002246922474146645,0.0,0.24203044431917467,-1.4617936490897893e-13,0.0,-0.433399999825152
pivot_cw_1,399.132,6.5331651256743195e-06,-0.00224692247414787,0.0,0.2278536443250574,-1.4629501314071072e-13,0.0,-0.3901999998376317
pivot_cw_1,399.168,6.53316512974206e-06,-0.0022469224741469354,0.0,0.2152320443039697,1.6849947363321388e-13,0.0,-0.3470000007341512
pivot_cw_1,399.204,6.533165126747373e-06,-0.0022469224741475734,0.0,0.20416564427239448,-8.390279212141158e-14,0.0,-0.30380000087813414
pivot_cw_1,399.24,6.533165124235982e-06,-0.002246922474148081,0.0,0.19465444424036785,-6.996718019773122e-14,0.0,-0.2606000008906722
pivot_cw_1,399.276,6.533165122178423e-06,-0.0022469224741484784,0.0,0.18669844420789042,-5.718805059136875e-14,0.0,-0.2174000009031948
pivot_cw_1,399.312,6.533165120510346e-06,-0.002246922474148789,0.0,0.18029764417496247,-4.625929269271486e-14,0.0,-0.17420000091570925
pivot_cw_1,399.348,6.533165119178602e-06,-0.0022469224741490284,0.0,0.17545204414158422,-3.68339618065742e-14,0.0,-0.13100000092821545
pivot_cw_1,399.384,6.533165118097052e-06,-0.002246922474149218,0.0,0.17216164410775597,-3.001071613439877e-14,0.0,-0.08780000094071483
pivot_cw_1,399.42,6.533165117191087e-06,-0.002246922474149374,0.0,0.17042644407347798,-2.5211314517529597e-14,0.0,-0.04460000095320804
pivot_cw_1,399.456,6.533165122682574e-06,-0.00224692247414843,0.0,0.1701324440501851,1.9047263766225342e-13,0.0,-0.005200000584539526
pivot_cw_1,399.492,6.533165122655221e-06,-0.002246922474148435,0.0,0.1701324440501852,-7.517135062566164e-16,0.0,5.304964758338861e-15
pivot_cw_1,399.528,6.533165122626159e-06,-0.0022469224741484403,0.0,0.17013244405018535,-8.0953762212251e-16,0.0,5.7130389705187735e-15
pivot_cw_1,399.564,6.5331651225988064e-06,-0.0022469224741484455,0.0,0.17013244405018546,-8.0953762212251e-16,0.0,5.7130389705187735e-15
pivot_cw_1,399.6,6.533165122571454e-06,-0.0022469224741484507,0.0,0.1701324440501856,-7.517135062566164e-16,0.0,5.304964758338861e-15
pivot_cw_1,399.636,6.5331651225423915e-06,-0.002246922474148456,0.0,0.17013244405018574,-8.0953762212251e-16,0.0,5.7130389705187735e-15
pivot_cw_1,399.672,6.533165122515039e-06,-0.002246922474148461,0.0,0.17013244405018585,-8.0953762212251e-16,0.0,5.7130389705187735e-15
pivot_cw_1,399.708,6.533165122487687e-06,-0.0022469224741484663,0.0,0.17013244405018596,-7.517135062566164e-16,0.0,5.304964758338861e-15
pivot_cw_1,399.744,6.533165122460334e-06,-0.0022469224741484715,0.0,0.17013244405018607,-7.517135062566164e-16,0.0,5.304964758338861e-15
pivot_cw_1,399.78,6.533165122431272e-06,-0.0022469224741484767,0.0,0.1701324440501862,-8.0953762212251e-16,0.0,5.7130389705187735e-15
pivot_cw_1,399.816,6.533165122403919e-06,-0.002246922474148482,0.0,0.17013244405018632,-7.517135062566164e-16,0.0,5.304964758338861e-15
pivot_cw_1,399.852,6.533165122376567e-06,-0.002246922474148487,0.0,0.17013244405018643,-7.517135062566164e-16,0.0,5.304964758338861e-15
pivot_cw_1,399.888,6.5331651223475045e-06,-0.0022469224741484923,0.0,0.17013244405018657,-8.0953762212251e-16,0.0,5.7130389705187735e-15
pivot_cw_1,399.924,6.533165122320152e-06,-0.0022469224741484975,0.0,0.17013244405018668,-8.095376221225099e-16,0.0,5.713038970518772e-15
pivot_cw_1,399.96,6.5331651222928e-06,-0.0022469224741485027,0.0,0.1701324440501868,-7.517135062566164e-16,0.0,5.304964758338861e-15
pivot_cw_1,399.996,6.533165122263737e-06,-0.002246922474148508,0.0,0.170132444050187,-8.0953762212251e-16,0.0,5.7130389705187735e-15
pivot_cw_1,400.032,6.533165122236385e-06,-0.002246922474148513,0.0,0.17013244405018707,-8.095376221225099e-16,0.0,5.713038970518772e-15
pivot_cw_1,400.068,6.533165122209032e-06,-0.0022469224741485183,0.0,0.17013244405018718,-7.517135062566164e-16,0.0,5.304964758338861e-15
pivot_cw_1,400.104,6.53316512217997e-06,-0.0022469224741485236,0.0,0.17013244405018726,-8.0953762212251e-16,0.0,5.7130389705187735e-15
pivot_cw_1,400.14,6.5331651221526174e-06,-0.0022469224741485288,0.0,0.17013244405018738,-8.0953762212251e-16,0.0,5.7130389705187735e-15
pivot_cw_1,400.176,6.533165122125265e-06,-0.002246922474148534,0.0,0.1701324440501875,-7.517135062566164e-16,0.0,5.304964758338861e-15
pivot_cw_1,400.212,6.5331651220962025e-06,-0.002246922474148539,0.0,0.17013244405018765,-8.0953762212251e-16,0.0,5.7130389705187735e-15
pivot_cw_1,400.248,6.53316512206885e-06,-0.0022469224741485444,0.0,0.17013244405018776,-8.0953762212251e-16,0.0,5.7130389705187735e-15
pivot_cw_1,400.284,6.533165122041498e-06,-0.0022469224741485496,0.0,0.17013244405018788,-7.517135062566164e-16,0.0,5.304964758338861e-15
pivot_cw_1,400.32,6.533165122012435e-06,-0.0022469224741485548,0.0,0.17013244405018801,-8.0953762212251e-16,0.0,5.7130389705187735e-15
pivot_cw_1,400.356,6.533165121985083e-06,-0.00224692247414856,0.0,0.17013244405018813,-8.0953762212251e-16,0.0,5.7130389705187735e-15
pivot_cw_1,400.392,6.53316512195773e-06,-0.002246922474148565,0.0,0.17013244405018824,-7.517135062566164e-16,0.0,5.304964758338861e-15
pivot_cw_1,400.428,6.533165121928668e-06,-0.0022469224741485704,0.0,0.17013244405018838,-8.0953762212251e-16,0.0,5.7130389705187735e-15
pivot_cw_1,400.464,6.5331651219013155e-06,-0.0022469224741485756,0.0,0.17013244405018849,-8.0953762212251e-16,0.0,5.7130389705187735e-15
pivot_cw_1,400.5,6.533165121873963e-06,-0.002246922474148581,0.0,0.1701324440501886,-7.517135062566164e-16,0.0,5.304964758338861e-15
pivot_cw_1,400.536,6.5331651218449005e-06,-0.002246922474148586,0.0,0.17013244405018874,-8.0953762212251e-16,0.0,5.7130389705187735e-15
pivot_cw_1,400.572,6.533165121817548e-06,-0.002246922474148591,0.0,0.17013244405018885,-8.0953762212251e-16,0.0,5.7130389705187735e-15
pivot_cw_1,400.608,6.533165121790196e-06,-0.0022469224741485964,0.0,0.17013244405018899,-7.517135062566164e-16,0.0,5.304964758338861e-15
pivot_cw_1,400.644,6.533165121762843e-06,-0.0022469224741486016,0.0,0.17013244405018907,-7.517135062566164e-16,0.0,5.304964758338861e-15
pivot_cw_1,400.68,6.533165121733781e-06,-0.002246922474148607,0.0,0.1701324440501892,-8.0953762212251e-16,0.0,5.7130389705187735e-15
pivot_cw_1,400.716,6.533165121706428e-06,-0.002246922474148612,0.0,0.17013244405018932,-7.517135062566164e-16,0.0,5.304964758338861e-15
pivot_cw_1,400.752,6.533165121679076e-06,-0.0022469224741486172,0.0,0.17013244405018943,-7.517135062566164e-16,0.0,5.304964758338861e-15
pivot_cw_1,400.788,6.5331651216500135e-06,-0.0022469224741486224,0.0,0.17013244405018962,-8.0953762212251e-16,0.0,5.7130389705187735e-15
pivot_cw_1,400.824,6.533165121622661e-06,-0.0022469224741486276,0.0,0.17013244405018974,-8.095376221225099e-16,0.0,5.713038970518772e-15
pivot_cw_1,400.86,6.533165121595309e-06,-0.002246922474148633,0.0,0.17013244405018985,-7.517135062566164e-16,0.0,5.304964758338861e-15
pivot_cw_1,400.896,6.533165121566246e-06,-0.002246922474148638,0.0,0.17013244405018993,-8.0953762212251e-16,0.0,5.7130389705187735e-15
pivot_cw_1,400.932,6.533165121538894e-06,-0.0022469224741486432,0.0,0.17013244405019004,-8.095376221225099e-16,0.0,5.713038970518772e-15
pivot_cw_1,400.968,6.533165121511541e-06,-0.0022469224741486485,0.0,0.17013244405019015,-7.517135062566164e-16,0.0,5.304964758338861e-15
pivot_cw_1,401.004,6.533165121482479e-06,-0.0022469224741486537,0.0,0.17013244405019026,-8.0953762212251e-16,0.0,5.7130389705187735e-15
pivot_cw_1,401.04,6.5331651214551265e-06,-0.002246922474148659,0.0,0.17013244405019037,-8.0953762212251e-16,0.0,5.7130389705187735e-15
pivot_cw_1,401.076,6.533165121427774e-06,-0.002246922474148664,0.0,0.17013244405019048,-7.517135062566164e-16,0.0,5.304964758338861e-15
pivot_cw_1,401.112,6.5331651213987115e-06,-0.0022469224741486693,0.0,0.17013244405019062,-8.0953762212251e-16,0.0,5.7130389705187735e-15
pivot_cw_1,401.148,6.533165121371359e-06,-0.0022469224741486745,0.0,0.17013244405019073,-8.0953762212251e-16,0.0,5.7130389705187735e-15
pivot_cw_1,401.184,6.533165121344007e-06,-0.0022469224741486797,0.0,0.17013244405019087,-7.517135062566164e-16,0.0,5.304964758338861e-15
pivot_cw_1,401.22,6.533165121314944e-06,-0.002246922474148685,0.0,0.170132444050191,-8.0953762212251e-16,0.0,5.7130389705187735e-15
pivot_cw_1,401.256,6.533165121287592e-06,-0.00224692247414869,0.0,0.1701324440501911,-8.0953762212251e-16,0.0,5.7130389705187735e-15
pivot_cw_1,401.292,6.533165121260239e-06,-0.0022469224741486953,0.0,0.1701324440501912,-7.517135062566164e-16,0.0,5.304964758338861e-15
pivot_cw_1,401.328,6.533165121231177e-06,-0.0022469224741487005,0.0,0.17013244405019134,-8.0953762212251e-16,0.0,5.7130389705187735e-15
pivot_cw_1,401.364,6.5331651212038245e-06,-0.0022469224741487057,0.0,0.17013244405019146,-8.0953762212251e-16,0.0,5.7130389705187735e-15
pivot_cw_1,401.4,6.533165121176472e-06,-0.002246922474148711,0.0,0.1701324440501916,-7.517135062566164e-16,0.0,5.304964758338861e-15
pivot_cw_1,401.436,6.5331651211474095e-06,-0.002246922474148716,0.0,0.17013244405019173,-8.0953762212251e-16,0.0,5.7130389705187735e-15
pivot_cw_1,401.472,6.533165121120057e-06,-0.0022469224741487213,0.0,0.17013244405019184,-8.0953762212251e-16,0.0,5.7130389705187735e-15
pivot_cw_1,401.508,6.533165121092705e-06,-0.0022469224741487265,0.0,0.17013244405019196,-7.517135062566164e-16,0.0,5.304964758338861e-15
pivot_cw_1,401.544,6.533165121065352e-06,-0.0022469224741487317,0.0,0.17013244405019207,-7.517135062566164e-16,0.0,5.304964758338861e-15
pivot_cw_1,401.58,6.53316512103629e-06,-0.002246922474148737,0.0,0.17013244405019223,-8.0953762212251e-16,0.0,5.7130389705187735e-15
pivot_cw_1,401.616,6.5331651210089374e-06,-0.002246922474148742,0.0,0.17013244405019234,-7.517135062566164e-16,0.0,5.304964758338861e-15
pivot_cw_1,401.652,6.533165120981585e-06,-0.0022469224741487473,0.0,0.17013244405019246,-7.517135062566164e-16,0.0,5.304964758338861e-15
pivot_cw_1,401.688,6.5331651209525225e-06,-0.0022469224741487525,0.0,0.17013244405019254,-8.0953762212251e-16,0.0,5.7130389705187735e-15
pivot_cw_1,401.724,6.53316512092517e-06,-0.0022469224741487577,0.0,0.17013244405019265,-8.095376221225099e-16,0.0,5.713038970518772e-15
pivot_cw_1,401.76,6.533165120897818e-06,-0.002246922474148763,0.0,0.17013244405019276,-7.517135062566164e-16,0.0,5.304964758338861e-15
pivot_cw_1,401.796,6.533165120868755e-06,-0.002246922474148768,0.0,0.17013244405019293,-8.0953762212251e-16,0.0,5.7130389705187735e-15
pivot_cw_1,401.832,6.533165120841403e-06,-0.0022469224741487734,0.0,0.17013244405019304,-8.095376221225099e-16,0.0,5.713038970518772e-15
pivot_cw_1,401.868,6.53316512081405e-06,-0.0022469224741487786,0.0,0.17013244405019312,-7.517135062566164e-16,0.0,5.304964758338861e-15
pivot_cw_1,401.904,6.533165120784988e-06,-0.0022469224741487838,0.0,0.17013244405019326,-8.0953762212251e-16,0.0,5.7130389705187735e-15
pivot_cw_1,401.94,6.5331651207576355e-06,-0.002246922474148789,0.0,0.17013244405019337,-8.0953762212251e-16,0.0,5.7130389705187735e-15
pivot_cw_1,401.976,6.533165120730283e-06,-0.002246922474148794,0.0,0.1701324440501935,-7.517135062566164e-16,0.0,5.304964758338861e-15
pivot_cw_1,402.012,6.5331651207012205e-06,-0.0022469224741487994,0.0,0.17013244405019365,-8.0953762212251e-16,0.0,5.7130389705187735e-15
reset,402.048,6.533165120673868e-06,-0.0022469224741488046,0.0,0.17013244405019376,-8.0953762212251e-16,0.0,5.7130389705187735e-15
reset,402.084,6.533165120646516e-06,-0.0022469224741488098,0.0,0.17013244405019387,-7.517135062566164e-16,0.0,5.304964758338861e-15
reset,402.12,6.533165120617453e-06,-0.002246922474148815,0.0,0.170132444050194,-8.0953762212251e-16,0.0,5.7130389705187735e-15
reset,402.156,6.533165120590101e-06,-0.00224692247414882,0.0,0.17013244405019412,-8.0953762212251e-16,0.0,5.7130389705187735e-15
reset,402.192,6.5331651205627484e-06,-0.0022469224741488254,0.0,0.17013244405019423,-7.517135062566164e-16,0.0,5.304964758338861e-15
reset,402.228,6.533165120533686e-06,-0.0022469224741488306,0.0,0.17013244405019437,-8.0953762212251e-16,0.0,5.7130389705187735e-15
reset,402.264,6.5331651205063335e-06,-0.002246922474148836,0.0,0.17013244405019448,-8.0953762212251e-16,0.0,5.7130389705187735e-15
reset,402.3,6.533165120478981e-06,-0.002246922474148841,0.0,0.1701324440501946,-7.517135062566164e-16,0.0,5.304964758338861e-15
reset,402.336,6.5331651204499186e-06,-0.002246922474148846,0.0,0.17013244405019473,-8.0953762212251e-16,0.0,5.7130389705187735e-15
reset,402.372,6.533165120422566e-06,-0.0022469224741488514,0.0,0.1701324440501949,-8.0953762212251e-16,0.0,5.7130389705187735e-15
reset,402.408,6.533165120395214e-06,-0.0022469224741488566,0.0,0.170132444050195,-7.517135062566164e-16,0.0,5.304964758338861e-15
reset,402.444,6.533165120367861e-06,-0.002246922474148862,0.0,0.1701324440501951,-7.517135062566164e-16,0.0,5.304964758338861e-15
reset,402.48,6.533165120338799e-06,-0.002246922474148867,0.0,0.17013244405019518,-8.0953762212251e-16,0.0,5.7130389705187735e-15
reset,402.516,6.5331651203114465e-06,-0.0022469224741488722,0.0,0.1701324440501953,-7.517135062566164e-16,0.0,5.304964758338861e-15
reset,402.552,6.533165120284094e-06,-0.0022469224741488774,0.0,0.17013244405019542,-7.517135062566164e-16,0.0,5.304964758338861e-15
reset,402.588,6.5331651202550315e-06,-0.0022469224741488826,0.0,0.17013244405019556,-8.0953762212251e-16,0.0,5.7130389705187735e-15
reset,402.624,6.533165120227679e-06,-0.002246922474148888,0.0,0.17013244405019567,-8.095376221225099e-16,0.0,5.713038970518772e-15
reset,402.66,6.533165120200327e-06,-0.002246922474148893,0.0,0.17013244405019579,-7.517135062566164e-16,0.0,5.304964758338861e-15
reset,402.696,6.533165120171264e-06,-0.0022469224741488983,0.0,0.17013244405019592,-8.0953762212251e-16,0.0,5.7130389705187735e-15
reset,402.732,6.533165120143912e-06,-0.0022469224741489035,0.0,0.17013244405019604,-8.095376221225099e-16,0.0,5.713038970518772e-15
reset,402.768,6.5331651201165594e-06,-0.0022469224741489087,0.0,0.17013244405019615,-7.517135062566164e-16,0.0,5.304964758338861e-15
reset,402.804,6.533165120087497e-06,-0.002246922474148914,0.0,0.17013244405019629,-8.0953762212251e-16,0.0,5.7130389705187735e-15
reset,402.84,6.5331651200601445e-06,-0.002246922474148919,0.0,0.1701324440501964,-8.0953762212251e-16,0.0,5.7130389705187735e-15
reset,402.876,6.533165120032792e-06,-0.0022469224741489243,0.0,0.1701324440501965,-7.517135062566164e-16,0.0,5.304964758338861e-15
reset,402.912,6.5331651200037296e-06,-0.0022469224741489295,0.0,0.17013244405019665,-8.0953762212251e-16,0.0,5.7130389705187735e-15
reset,402.948,6.533165119976377e-06,-0.0022469224741489347,0.0,0.17013244405019678,-8.0953762212251e-16,0.0,5.7130389705187735e-15
reset,402.984,6.533165119949025e-06,-0.00224692247414894,0.0,0.1701324440501969,-7.517135062566164e-16,0.0,5.304964758338861e-15
reset,403.02,6.533165119919962e-06,-0.002246922474148945,0.0,0.17013244405019703,-8.0953762212251e-16,0.0,5.7130389705187735e-15
reset,403.056,6.53316511989261e-06,-0.0022469224741489503,0.0,0.17013244405019712,-8.0953762212251e-16,0.0,5.7130389705187735e-15
reset,403.092,6.5331651198652575e-06,-0.0022469224741489555,0.0,0.17013244405019723,-7.517135062566164e-16,0.0,5.304964758338861e-15
reset,403.128,6.533165119836195e-06,-0.0022469224741489607,0.0,0.17013244405019742,-8.0953762212251e-16,0.0,5.7130389705187735e-15
reset,403.164,6.5331651198088425e-06,-0.002246922474148966,0.0,0.17013244405019753,-8.0953762212251e-16,0.0,5.7130389705187735e-15
reset,403.2,6.53316511978149e-06,-0.002246922474148971,0.0,0.17013244405019765,-7.517135062566164e-16,0.0,5.304964758338861e-15
reset,403.236,6.5331651197643945e-06,-0.002246922474148974,0.0,0.17013244405019773,-4.0476881106125496e-16,0.0,2.856519485259386e-15
reset,403.272,6.5331651198037154e-06,-0.002246922474148967,0.0,0.1701324440501979,1.329954664915552e-15,0.0,9.385706880137986e-15
reset,403.308,6.533165119832778e-06,-0.002246922474148962,0.0,0.170132444050198,8.0953762212251e-16,0.0,5.7130389705187735e-15
reset,403.344,6.53316511986013e-06,-0.002246922474148957,0.0,0.17013244405019812,8.0953762212251e-16,0.0,5.7130389705187735e-15
reset,403.38,6.533165119887483e-06,-0.0022469224741489516,0.0,0.17013244405019823,7.517135062566164e-16,0.0,5.304964758338861e-15
reset,403.416,6.5331651198857735e-06,-0.002246922474148952,0.0,0.17013244405019823,-5.782411586589356e-17,0.0,4.080742121799123e-16
reset,403.452,6.533165119858421e-06,-0.0022469224741489572,0.0,0.17013244405019834,-7.517135062566164e-16,0.0,5.304964758338861e-15
reset,403.488,6.5331651198293585e-06,-0.0022469224741489624,0.0,0.17013244405019848,-8.0953762212251e-16,0.0,5.7130389705187735e-15
reset,403.524,6.533165119802006e-06,-0.0022469224741489676,0.0,0.1701324440501986,-8.095376221225099e-16,0.0,5.713038970518772e-15
reset,403.56,6.533165119774654e-06,-0.002246922474148973,0.0,0.17013244405019873,-7.517135062566164e-16,0.0,5.304964758338861e-15
reset,403.596,6.533165119745591e-06,-0.002246922474148978,0.0,0.17013244405019887,-8.0953762212251e-16,0.0,5.7130389705187735e-15
reset,403.632,6.533165119718239e-06,-0.0022469224741489833,0.0,0.17013244405019898,-8.0953762212251e-16,0.0,5.7130389705187735e-15
reset,403.668,6.533165119690886e-06,-0.0022469224741489885,0.0,0.1701324440501991,-7.517135062566164e-16,0.0,5.304964758338861e-15
reset,403.704,6.533165119661824e-06,-0.0022469224741489937,0.0,0.1701324440501992,-8.0953762212251e-16,0.0,5.7130389705187735e-15
reset,403.74,6.5331651196344715e-06,-0.002246922474148999,0.0,0.1701324440501993,-8.0953762212251e-16,0.0,5.7130389705187735e-15
reset,403.776,6.533165119607119e-06,-0.002246922474149004,0.0,0.17013244405019945,-7.517135062566164e-16,0.0,5.304964758338861e-15
reset,403.812,6.5331651195780565e-06,-0.0022469224741490093,0.0,0.1701324440501996,-8.0953762212251e-16,0.0,5.7130389705187735e-15
reset,403.848,6.533165119550704e-06,-0.0022469224741490145,0.0,0.1701324440501997,-8.0953762212251e-16,0.0,5.7130389705187735e-15
reset,403.884,6.533165119523352e-06,-0.0022469224741490197,0.0,0.1701324440501998,-7.517135062566164e-16,0.0,5.304964758338861e-15
reset,403.92,6.533165119494289e-06,-0.002246922474149025,0.0,0.17013244405019995,-8.0953762212251e-16,0.0,5.7130389705187735e-15
reset,403.956,6.533165119466937e-06,-0.00224692247414903,0.0,0.1701324440502001,-8.0953762212251e-16,0.0,5.7130389705187735e-15
reset,403.992,6.5331651194395844e-06,-0.0022469224741490353,0.0,0.1701324440502002,-7.517135062566164e-16,0.0,5.304964758338861e-15
reset,404.028,6.533165119410522e-06,-0.0022469224741490405,0.0,0.17013244405020034,-8.0953762212251e-16,0.0,5.7130389705187735e-15
reset,404.064,6.5331651193831695e-06,-0.0022469224741490457,0.0,0.1701324440502004,-8.0953762212251e-16,0.0,5.7130389705187735e-15
reset,404.1,6.533165119355817e-06,-0.002246922474149051,0.0,0.1701324440502005,-7.517135062566164e-16,0.0,5.304964758338861e-15
reset,404.136,6.533165119328465e-06,-0.002246922474149056,0.0,0.17013244405020062,-7.517135062566164e-16,0.0,5.304964758338861e-15
reset,404.172,6.533165119299402e-06,-0.0022469224741490613,0.0,0.17013244405020078,-8.0953762212251e-16,0.0,5.7130389705187735e-15
reset,404.208,6.53316511927205e-06,-0.0022469224741490665,0.0,0.1701324440502009,-7.517135062566164e-16,0.0,5.304964758338861e-15
reset,404.244,6.533165119244697e-06,-0.0022469224741490717,0.0,0.170132444050201,-7.517135062566164e-16,0.0,5.304964758338861e-15
reset,404.28,6.533165119215635e-06,-0.002246922474149077,0.0,0.17013244405020111,-8.0953762212251e-16,0.0,5.7130389705187735e-15
reset,404.316,6.5331651191882825e-06,-0.002246922474149082,0.0,0.17013244405020123,-8.095376221225099e-16,0.0,5.713038970518772e-15
reset,404.352,6.53316511916093e-06,-0.0022469224741490873,0.0,0.17013244405020136,-7.517135062566164e-16,0.0,5.304964758338861e-15
reset,404.388,6.5331651191318675e-06,-0.0022469224741490925,0.0,0.1701324440502015,-8.0953762212251e-16,0.0,5.7130389705187735e-15
reset,404.424,6.533165119104515e-06,-0.0022469224741490977,0.0,0.17013244405020161,-8.095376221225099e-16,0.0,5.713038970518772e-15
reset,404.46,6.533165119077163e-06,-0.002246922474149103,0.0,0.17013244405020173,-7.517135062566164e-16,0.0,5.304964758338861e-15
reset,404.496,6.5331651190481e-06,-0.002246922474149108,0.0,0.17013244405020186,-8.0953762212251e-16,0.0,5.7130389705187735e-15
arc_left_1,404.532,6.533165119020748e-06,-0.0022469224741491134,0.0,0.17013244405020198,-8.0953762212251e-16,0.0,5.7130389705187735e-15
arc_left_1,404.568,6.5331651189933954e-06,-0.0022469224741491186,0.0,0.1701324440502021,-7.517135062566164e-16,0.0,5.304964758338861e-15
arc_left_1,404.604,6.533165118964333e-06,-0.0022469224741491238,0.0,0.17013244405020223,-8.0953762212251e-16,0.0,5.7130389705187735e-15
arc_left_1,404.64,6.5331651189369805e-06,-0.002246922474149129,0.0,0.17013244405020234,-8.0953762212251e-16,0.0,5.7130389705187735e-15
arc_left_1,404.676,6.533165118909628e-06,-0.002246922474149134,0.0,0.17013244405020245,-7.517135062566164e-16,0.0,5.304964758338861e-15
arc_left_1,404.712,6.5331651188805656e-06,-0.0022469224741491394,0.0,0.1701324440502026,-8.0953762212251e-16,0.0,5.7130389705187735e-15
arc_left_1,404.748,6.533165118853213e-06,-0.0022469224741491446,0.0,0.17013244405020275,-8.0953762212251e-16,0.0,5.7130389705187735e-15
arc_left_1,404.784,6.533165118825861e-06,-0.00224692247414915,0.0,0.17013244405020286,-7.517135062566164e-16,0.0,5.304964758338861e-15
arc_left_1,404.82,6.533165118796798e-06,-0.002246922474149155,0.0,0.170132444050203,-8.0953762212251e-16,0.0,5.7130389705187735e-15
arc_left_1,404.856,6.533165118769446e-06,-0.00224692247414916,0.0,0.17013244405020306,-8.0953762212251e-16,0.0,5.7130389705187735e-15
arc_left_1,404.892,6.5331651187420935e-06,-0.0022469224741491654,0.0,0.17013244405020314,-7.517135062566164e-16,0.0,5.304964758338861e-15
arc_left_1,404.928,6.533165118713031e-06,-0.0022469224741491706,0.0,0.1701324440502033,-8.0953762212251e-16,0.0,5.7130389705187735e-15
arc_left_1,404.964,6.5331651186856785e-06,-0.002246922474149176,0.0,0.17013244405020342,-8.0953762212251e-16,0.0,5.7130389705187735e-15
arc_left_1,405.0,6.533165118658326e-06,-0.002246922474149181,0.0,0.17013244405020353,-7.517135062566164e-16,0.0,5.304964758338861e-15
arc_left_1,405.036,6.533165118630974e-06,-0.002246922474149186,0.0,0.17013244405020364,-7.517135062566164e-16,0.0,5.304964758338861e-15
arc_left_1,405.072,6.533165118601911e-06,-0.0022469224741491914,0.0,0.17013244405020378,-8.0953762212251e-16,0.0,5.7130389705187735e-15
arc_left_1,405.108,6.533165118574559e-06,-0.0022469224741491966,0.0,0.1701324440502039,-7.517135062566164e-16,0.0,5.304964758338861e-15
arc_left_1,405.144,6.5331651185472064e-06,-0.002246922474149202,0.0,0.170132444050204,-7.517135062566164e-16,0.0,5.304964758338861e-15
arc_left_1,405.18,6.533165118518144e-06,-0.002246922474149207,0.0,0.17013244405020414,-8.0953762212251e-16,0.0,5.7130389705187735e-15
arc_left_1,405.216,6.5331651184907915e-06,-0.0022469224741492122,0.0,0.17013244405020425,-8.095376221225099e-16,0.0,5.713038970518772e-15
arc_left_1,405.252,6.533165118463439e-06,-0.0022469224741492174,0.0,0.17013244405020436,-7.517135062566164e-16,0.0,5.304964758338861e-15
arc_left_1,405.288,6.5331651184343766e-06,-0.0022469224741492226,0.0,0.1701324440502045,-8.0953762212251e-16,0.0,5.7130389705187735e-15
arc_left_1,405.324,6.533165118407024e-06,-0.002246922474149228,0.0,0.17013244405020464,-8.095376221225099e-16,0.0,5.713038970518772e-15
arc_left_1,405.36,6.533165118379672e-06,-0.002246922474149233,0.0,0.17013244405020475,-7.517135062566164e-16,0.0,5.304964758338861e-15
arc_left_1,405.396,6.533165118350609e-06,-0.0022469224741492383,0.0,0.1701324440502049,-8.0953762212251e-16,0.0,5.7130389705187735e-15
arc_left_1,405.432,6.533165118323257e-06,-0.0022469224741492435,0.0,0.170132444050205,-8.0953762212251e-16,0.0,5.7130389705187735e-15
arc_left_1,405.468,6.5331651182959045e-06,-0.0022469224741492487,0.0,0.1701324440502051,-7.517135062566164e-16,0.0,5.304964758338861e-15
arc_left_1,405.504,6.533165118266842e-06,-0.002246922474149254,0.0,0.17013244405020525,-8.0953762212251e-16,0.0,5.7130389705187735e-15
arc_left_1,405.54,2.516018960446412e-05,-0.0022437218571988186,0.0,0.17019724404005482,0.0006299999913562948,0.0,0.0021599996616548964
arc_left_1,405.576,0.0003790341560094166,-0.002182680815205782,0.0,0.17142844399917698,0.011024999968609235,0.0,0.03779999886345984
arc_left_1,405.612,0.0011796274872654313,-0.0020429268221191688,0.0,0.1742148439578488,0.023624999964968734,0.0,0.0809999988509548
arc_left_1,405.648,0.002426124420625896,-0.0018207542372516753,0.0,0.17855533506789303,0.03621976250128718,0.0,0.12416303723253334
arc_left_1,405.684,0.0041132186650019,-0.0015111573599711858,0.0,0.18441944900587656,0.048678409931849145,0.0,0.16636548914709254
arc_left_1,405.72,0.00623093209985132,-0.001108078641137758,0.0,0.191746094915972,0.060893319950608614,0.0,0.20684784641460632
arc_left_1,405.756,0.008768886410834655,-0.0006038641541834378,0.0,0.20047428205187998,0.07286870655931552,0.0,0.24563984792941226
arc_left_1,405.792,0.011728159984596339,1.3068530779785545e-05,0.0,0.21053524685183878,0.0850086647498525,0.0,0.28247325798635925
arc_left_1,405.828,0.015179292900996606,0.0007704880356335949,0.0,0.22132810471019715,0.09922499994312184,0.0,0.299999999618469
arc_left_1,405.864,0.01906502095914871,0.0016673210386084808,0.0,0.23212810469647033,0.11182499993947519,0.0,0.29999999961870977
arc_left_1,405.9,0.023381698736501658,0.002712798735882655,0.0,0.24292810468274706,0.12442499993583031,0.0,0.2999999996188061
arc_left_1,405.936,0.028126517375356156,0.003916321616913457,0.0,0.25372810466902673,0.13702499993218598,0.0,0.2999999996188872
arc_left_1,405.972,0.0332639269415334,0.005278468163207731,0.0,0.264528104655316,0.1484999999398171,0.0,0.29999999961918716
arc_left_1,406.008,0.038468368027675,0.006718436749404849,0.0,0.27532810464161994,0.149999999954863,0.0,0.2999999996195596
arc_left_1,406.044,0.04365695423537485,0.008214528228433165,0.0,0.28612810462792565,0.14999999995486346,0.0,0.2999999996196019
arc_left_1,406.08,0.04882908037382158,0.009766568097879113,0.0,0.296928104614232,0.14999999995486502,0.0,0.29999999961963003
arc_left_1,406.116,0.053984143172087905,0.011374375329572478,0.0,0.3077281046005394,0.14999999995486774,0.0,0.2999999996196536
arc_left_1,406.152,0.0591215413494951,0.013037762390700994,0.0,0.3185281045868475,0.1499999999548707,0.0,0.2999999996196718
arc_left_1,406.188,0.06424067568574568,0.014756535265684335,0.0,0.32932810457315637,0.149999999954874,0.0,0.2999999996196875
arc_left_1,406.224,0.0693409490908159,0.016530493478803327,0.0,0.3401281045594655,0.1499999999548781,0.0,0.2999999996197047
arc_left_1,406.26,0.07442176667459978,0.0183594301175839,0.0,0.35092810454577555,0.14999999995488217,0.0,0.2999999996197214
arc_left_1,406.296,0.07948253581629604,0.020243131856930482,0.0,0.36172810453208615,0.1499999999548866,0.0,0.29999999961973894
arc_left_1,406.332,0.08452266623353112,0.022181378984008376,0.0,0.37252810451839713,0.1499999999548914,0.0,0.2999999996197573
arc_left_1,406.368,0.08954157005120891,0.024173945423870778,0.0,0.38332810450470917,0.1499999999548966,0.0,0.2999999996197793
arc_left_1,406.404,0.09453866187007963,0.026220598765827812,0.0,0.39412810449102187,0.14999999995490204,0.0,0.29999999961979973
arc_left_1,406.44,0.09951335883502052,0.02832110029055465,0.0,0.40492810447733535,0.1499999999549069,0.0,0.29999999961981766
arc_left_1,406.476,0.10446508070301896,0.03047520499793545,0.0,0.41572810446364966,0.1499999999549136,0.0,0.29999999961984214
arc_left_1,406.512,0.10939324991085163,0.03268266163563997,0.0,0.42652810444996464,0.1499999999549194,0.0,0.2999999996198601
arc_left_1,406.548,0.11429729164244684,0.03494321272842757,0.0,0.437328104436378,0.14999999995478097,0.0,0.29999999962313534
arc_left_1,406.584,0.11917663389593769,0.037256594608182966,0.0,0.44812810442289047,0.1499999999546782,0.0,0.29999999962534957
arc_left_1,406.62,0.12403070755038087,0.03962253744466885,0.0,0.4589281044094026,0.14999999995466812,0.0,0.29999999962533563
arc_left_1,406.656,0.12885894643213017,0.04204076527699602,0.0,0.46972810439591517,0.149999999954666,0.0,0.29999999962535034
arc_left_1,406.692,0.13366078738087758,0.04451099604581232,0.0,0.48052810438242655,0.14999999995466093,0.0,0.29999999962531443
arc_left_1,406.728,0.13843567031534054,0.04703294162620226,0.0,0.4913281043689371,0.14999999995466068,0.0,0.2999999996252965
arc_left_1,406.764,0.14318303829858847,0.049606307861293365,0.0,0.5021281043554466,0.14999999995465768,0.0,0.29999999962525903
arc_left_1,406.8,0.14790233760300323,0.052230794596566196,0.0,0.5129281043419547,0.149999999954657,0.0,0.29999999962523116
arc_left_1,406.836,0.1525930177748659,0.054906095714864114,0.0,0.523728104328462,0.1499999999546556,0.0,0.29999999962520174
arc_left_1,406.872,0.15725453169856068,0.05763189917209867,0.0,0.5345281043149677,0.14999999995465446,0.0,0.29999999962516427
arc_left_1,406.908,0.1618863356603864,0.06040788703364371,0.0,0.5453281043015653,0.14999999995452215,0.0,0.29999999962822643
arc_left_1,406.944,0.16648788941197706,0.06323373551142168,0.0,0.5561281042883488,0.14999999995430635,0.0,0.29999999963287693
arc_left_1,406.98,0.1710586562333281,0.06610911500167505,0.0,0.5669281042751341,0.14999999995429408,0.0,0.29999999963292423
arc_left_1,407.016,0.17559810299538084,0.06903369012340081,0.0,0.5777281042619196,0.14999999995428323,0.0,0.2999999996329356
arc_left_1,407.052,0.18010570022221292,0.0720071197574734,0.0,0.5885281042487052,0.14999999995427188,0.0,0.29999999963292423
arc_left_1,407.088,0.18458092215279545,0.0750290570864322,0.0,0.5993281042354903,0.14999999995426355,0.0,0.2999999996329176
arc_left_1,407.124,0.18902324680231744,0.07809914963493413,0.0,0.6101281042222749,0.1499999999542557,0.0,0.2999999996329079
arc_left_1,407.16,0.19343215602306968,0.0812170393108659,0.0,0.6209281042090598,0.1499999999542485,0.0,0.29999999963290624
arc_left_1,407.196,0.19780713556488008,0.08438236244711131,0.0,0.631728104195843,0.14999999995423954,0.0,0.2999999996328785
arc_left_1,407.232,0.20214767513509652,0.08759474984396932,0.0,0.6425281041826256,0.14999999995423213,0.0,0.2999999996328524
arc_left_1,407.268,0.20645326845810588,0.09085382681221708,0.0,0.6533281041694079,0.1499999999542275,0.0,0.29999999963284585
arc_left_1,407.304,0.21072341333438546,0.09415921321681282,0.0,0.6641281041561903,0.1499999999542206,0.0,0.2999999996328426
arc_left_1,407.34,0.21495761169907937,0.09751052352123458,0.0,0.6749281041429711,0.14999999995421173,0.0,0.2999999996328132
arc_left_1,407.376,0.21915536968009208,0.10090736683244907,0.0,0.6857281041297522,0.1499999999542076,0.0,0.29999999963280344
arc_left_1,407.412,0.22331619765569308,0.10434934694650444,0.0,0.6965281041165321,0.14999999995419602,0.0,0.2999999996327545
arc_left_1,407.448,0.2274396103116258,0.10783606239474351,0.0,0.7073281041033117,0.1499999999541942,0.0,0.29999999963276747
arc_left_1,407.484,0.23152512669771402,0.11136710649063047,0.0,0.7181281040900919,0.14999999995419142,0.0,0.299999999632774
arc_left_1,407.52,0.2355722702839594,0.11494206737718606,0.0,0.7289281040768707,0.14999999995417984,0.0,0.29999999963272506
arc_left_1,407.556,0.23958056901612373,0.11856052807502666,0.0,0.7397281040636483,0.14999999995417662,0.0,0.29999999963270874
arc_left_1,407.592,0.24354955537078846,0.12222206653100001,0.0,0.7505281040504265,0.14999999995417382,0.0,0.29999999963272833
arc_left_1,407.628,0.24747876640988611,0.12592625566741278,0.0,0.7613281040372053,0.1499999999541683,0.0,0.2999999996327413
arc_left_1,407.664,0.25136774383469657,0.12967266343184441,0.0,0.7721281040239812,0.1499999999541572,0.0,0.29999999963266305
arc_left_1,407.7,0.2552160340393035,0.13346085284754222,0.0,0.7829281040107572,0.1499999999541581,0.0,0.29999999963266955
arc_left_1,407.736,0.25902318816350167,0.13729038206438854,0.0,0.7937281039975329,0.1499999999541572,0.0,0.2999999996326631
arc_left_1,407.772,0.26278876214515134,0.14116080441043838,0.0,0.8045281039843097,0.14999999995415486,0.0,0.29999999963267937
arc_left_1,407.808,0.26651231677197296,0.14507166844401786,0.0,0.8153281039710835,0.14999999995413824,0.0,0.2999999996326141
arc_left_1,407.844,0.2701934177327781,0.14902251800638167,0.0,0.8261281039578577,0.1499999999541387,0.0,0.2999999996326239
arc_left_1,407.88,0.27383163566812496,0.15301289227491718,0.0,0.8369281039446318,0.14999999995413868,0.0,0.2999999996326239
arc_left_1,407.916,0.27742654622039953,0.1570423258168948,0.0,0.8477281039314062,0.14999999995413868,0.0,0.2999999996326239
arc_left_1,407.952,0.2809777300833116,0.16111034864375579,0.0,0.85852810391818,0.1499999999541387,0.0,0.2999999996326239
arc_left_1,407.988,0.2844847730508027,0.1652164862659308,0.0,0.8693281039049526,0.14999999995412616,0.0,0.29999999963255536
arc_left_1,408.024,0.2879472660653577,0.1693602597481835,0.0,0.8801281038917251,0.14999999995411922,0.0,0.2999999996325781
arc_left_1,408.06,0.29136480526571823,0.17354118576547456,0.0,0.8909281038784975,0.1499999999541206,0.0,0.2999999996325814
arc_left_1,408.096,0.2947369920339876,0.17775877665933473,0.0,0.9017281038652697,0.1499999999541206,0.0,0.2999999996325814
arc_left_1,408.132,0.2980634330421253,0.18201254049474475,0.0,0.9125281038520424,0.1499999999541206,0.0,0.2999999996325814
arc_left_1,408.168,0.3013437402978243,0.1863019811175149,0.0,0.9233281038388145,0.1499999999541206,0.0,0.2999999996325814
arc_left_1,408.204,0.3045775311897663,0.19062659821215508,0.0,0.9341281038255871,0.14999999995411878,0.0,0.29999999963256835
arc_left_1,408.24,0.307764428532249,0.19498588736023179,0.0,0.9449281038123594,0.14999999995412017,0.0,0.29999999963258467
arc_left_1,408.276,0.31090406060918024,0.19937934009920222,0.0,0.9557281037991314,0.14999999995411878,0.0,0.2999999996325683
arc_left_1,408.312,0.31399606121743506,0.20380644398172118,0.0,0.9665281037859038,0.1499999999541206,0.0,0.2999999996325814
arc_left_1,408.348,0.3170400697095687,0.20826668263541223,0.0,0.9773281037726761,0.14999999995411878,0.0,0.2999999996325683
arc_left_1,408.384,0.32003573103588284,0.21275953582309684,0.0,0.9881281037594483,0.14999999995411833,0.0,0.29999999963257157
arc_left_1,408.42,0.3229826957858373,0.21728447950347402,0.0,0.9989281037462178,0.1499999999541072,0.0,0.29999999963249324
arc_left_1,408.456,0.3258806202288058,0.22184098589224457,0.0,1.0097281037329862,0.14999999995411092,0.0,0.299999999632441
arc_left_1,408.492,0.32872916635416777,0.22642852352367046,0.0,1.0205281037197542,0.14999999995411367,0.0,0.2999999996324475
arc_left_1,408.528,0.3315280019107331,0.23104655731256457,0.0,1.0313281037065245,0.14999999995412477,0.0,0.2999999996325259
arc_left_1,408.564,0.3342768004454967,0.23569454861670286,0.0,1.0421281036932954,0.14999999995412666,0.0,0.2999999996325389
arc_left_1,408.6,0.33697524134171436,0.24037195529965044,0.0,1.0529281036800653,0.14999999995412572,0.0,0.29999999963251933
arc_left_1,408.636,0.33962300985630034,0.24507823179399627,0.0,1.063728103666834,0.14999999995413313,0.0,0.29999999963249324
arc_left_1,408.672,0.34221979715653766,0.24981282916498693,0.0,1.0745281036536027,0.14999999995413127,0.0,0.29999999963248014
arc_left_1,408.708,0.3447653003561003,0.2545751951745542,0.0,1.0853281036403715,0.14999999995413313,0.0,0.29999999963249324
arc_left_1,408.744,0.3472592225503819,0.25936477434572736,0.0,1.0961281036271382,0.14999999995413776,0.0,0.29999999963243446
arc_left_1,408.78,0.3497012728511259,0.2641810080274232,0.0,1.1069281036139051,0.14999999995413865,0.0,0.29999999963245405
arc_left_1,408.816,0.35209116642035476,0.2690233344596075,0.0,1.1177281036006719,0.1499999999541433,0.0,0.2999999996323953
arc_left_1,408.852,0.3544286245035923,0.27389118883881647,0.0,1.1285281035874388,0.1499999999541461,0.0,0.2999999996324018
arc_left_1,408.888,0.3567133744623788,0.2787840033840353,0.0,1.1393281035742042,0.14999999995414975,0.0,0.2999999996323496
arc_left_1,408.924,0.3589451498060699,0.28370120740292404,0.0,1.1501281035609705,0.1499999999541516,0.0,0.2999999996323627
arc_left_1,408.96,0.36112369022292024,0.28864222735838185,0.0,1.1609281035477363,0.14999999995416918,0.0,0.2999999996323953
arc_left_1,408.996,0.3632487416104461,0.2936064869354445,0.0,1.1717281035345015,0.149999999954172,0.0,0.2999999996323757
arc_left_1,409.032,0.3653200561050639,0.29859340710850507,0.0,1.1825281035212674,0.14999999995417568,0.0,0.2999999996323496
arc_left_1,409.068,0.3673373921109996,0.30360240620884926,0.0,1.1933281035080316,0.149999999954184,0.0,0.29999999963231694
arc_left_1,409.104,0.3693005143284691,0.3086328999925022,0.0,1.2041281034947946,0.14999999995418584,0.0,0.2999999996322778
arc_left_1,409.14,0.3712091937811232,0.3136843017083739,0.0,1.2149281034815567,0.14999999995418956,0.0,0.29999999963225166
arc_left_1,409.176,0.37306320784275515,0.3187560221666966,0.0,1.225728103468317,0.14999999995419788,0.0,0.299999999632219
arc_left_1,409.212,0.3748623402632672,0.32384746980774726,0.0,1.2365281034550752,0.14999999995420066,0.0,0.29999999963217333
arc_left_1,409.248,0.3766063811938944,0.32895805077084783,0.0,1.2473281034418386,0.14999999995422564,0.0,0.29999999963231044
arc_left_1,409.284,0.3782951272116801,0.33408716896362983,0.0,1.2581281034286014,0.14999999995423952,0.0,0.29999999963226476
arc_left_1,409.32,0.3799283813432037,0.3392342261315633,0.0,1.2689281034153632,0.14999999995423952,0.0,0.29999999963226476
arc_left_1,409.356,0.38150595308755575,0.3443986219277373,0.0,1.2797281034021222,0.14999999995425156,0.0,0.2999999996321799
arc_left_1,409.392,0.3830276584385568,0.3495797539828823,0.0,1.2905281033888807,0.14999999995425245,0.0,0.29999999963217333
arc_left_1,409.428,0.3844933199062203,0.3547770179756315,0.0,1.3013281033756365,0.1499999999542645,0.0,0.29999999963208845
arc_left_1,409.464,0.38590276653745487,0.3599898077030061,0.0,1.3121281033623915,0.1499999999542645,0.0,0.29999999963208845
arc_left_1,409.5,0.387255833936004,0.3652175151511246,0.0,1.3229281033491471,0.14999999995429314,0.0,0.2999999996321211
arc_left_1,409.536,0.3885523642816205,0.37045953056611836,0.0,1.3337281033359056,0.1499999999543024,0.0,0.2999999996321864
arc_left_1,409.572,0.38979220634847506,0.3757152425252535,0.0,1.3445281033226606,0.1499999999543135,0.0,0.29999999963208196
arc_left_1,409.608,0.3909752155227952,0.3809840380082472,0.0,1.3553281033094153,0.1499999999543172,0.0,0.29999999963208196
arc_left_1,409.644,0.3921012538197322,0.3862653024687693,0.0,1.3661281032961667,0.1499999999543274,0.0,0.2999999996320101
arc_left_1,409.68,0.39317018989945607,0.391558419906122,0.0,1.3769281032829166,0.14999999995433205,0.0,0.29999999963195134
arc_left_1,409.716,0.394181899082475,0.3968627729370911,0.0,1.3877281032696707,0.14999999995436533,0.0,0.2999999996320819
arc_left_1,409.752,0.3951362633641769,0.4021777428679537,0.0,1.3985281032564238,0.1499999999543737,0.0,0.2999999996320232
arc_left_1,409.788,0.3960331714285942,0.4075027097666438,0.0,1.4093281032431748,0.14999999995437735,0.0,0.299999999631997
arc_left_1,409.824,0.3968725186613889,0.412837052535069,0.0,1.4201281032297377,0.14999999995463825,0.0,0.2999999996256898
arc_left_1,409.86,0.3976542071620518,0.41818014898153233,0.0,1.4309281032162409,0.14999999995465493,0.0,0.29999999962507606
arc_left_1,409.896,0.39837814575532204,0.4235313758933209,0.0,1.4417281032027442,0.14999999995465493,0.0,0.29999999962507606
arc_left_1,409.932,0.39904425000182314,0.4288901091093963,0.0,1.4525281031892474,0.14999999995465493,0.0,0.29999999962507606
arc_left_1,409.968,0.39965244220791113,0.4342557235931931,0.0,1.4633281031757508,0.14999999995465307,0.0,0.299999999625063
arc_left_1,410.004,0.40020265143473693,0.4396275935055227,0.0,1.474128103162255,0.1499999999546549,0.0,0.29999999962507606
arc_left_1,410.04,0.4006948135065202,0.4450050922775704,0.0,1.4849281031487576,0.14999999995465588,0.0,0.2999999996250696
arc_left_1,410.076,0.40112887101803507,0.45038759268397927,0.0,1.4957281031352645,0.14999999995469193,0.0,0.29999999962515445
arc_left_1,410.112,0.4015047733413055,0.455774466916004,0.0,1.506528103121771,0.1499999999546938,0.0,0.2999999996251675
arc_left_1,410.148,0.40182247663151105,0.46116508665474615,0.0,1.5173281031081869,0.14999999995479923,0.0,0.29999999962215107
arc_left_1,410.184,0.4020819438321012,0.4665588231444327,0.0,1.5281281030945073,0.1499999999548677,0.0,0.2999999996199964
arc_left_1,410.22,0.40228314467911547,0.4719550472657528,0.0,1.5389281030808284,0.1499999999548668,0.0,0.2999999996200029
arc_left_1,410.256,0.4024260557047156,0.47735312960924475,0.0,1.5497281030671493,0.1499999999548668,0.0,0.29999999962000296
arc_left_1,410.292,0.4025106602399212,0.4827524405487047,0.0,1.560528103053466,0.14999999995485014,0.0,0.29999999961988544
arc_left_1,410.328,0.40253694841655574,0.4881523503146278,0.0,1.5713281030397792,0.14999999995484367,0.0,0.2999999996198267
arc_left_1,410.364,0.40250491716839576,0.4935522290676633,0.0,1.5821281030260927,0.14999999995484276,0.0,0.29999999961983315
arc_left_1,410.4,0.4024145702315299,0.49895144697207705,0.0,1.5929281030124067,0.14999999995484276,0.0,0.29999999961983315
arc_left_1,410.436,0.40226591814392243,0.5043493742692154,0.0,1.6037281029987198,0.14999999995484273,0.0,0.29999999961983315
arc_left_1,410.472,0.4020589782441841,0.5097453813509603,0.0,1.6145281029850336,0.14999999995484364,0.0,0.2999999996198267
arc_left_1,410.508,0.4017937746695504,0.5151388388331644,0.0,1.625328102971347,0.1499999999548446,0.0,0.29999999961984625
arc_left_1,410.544,0.4014703383530652,0.5205291176290637,0.0,1.6361281029576604,0.14999999995484276,0.0,0.29999999961983315
arc_left_1,410.58,0.401088707019974,0.5259155890226523,0.0,1.6469281029439742,0.14999999995484273,0.0,0.2999999996198332
arc_left_1,410.616,0.4006489251833227,0.5312976247420149,0.0,1.6577281029302882,0.1499999999548446,0.0,0.29999999961984625
arc_left_1,410.652,0.40015104413876573,0.5366745970326084,0.0,1.6685281029165973,0.14999999995482052,0.0,0.2999999996196765
arc_left_1,410.688,0.3995951219585839,0.5420458787304824,0.0,1.6793281029029048,0.1499999999548159,0.0,0.29999999961965695
arc_left_1,410.724,0.3989812234849095,0.5474108433354317,0.0,1.6901281028892112,0.14999999995482333,0.0,0.29999999961963075
arc_left_1,410.76,0.3983094203221643,0.5527688650840689,0.0,1.7009281028755157,0.14999999995483257,0.0,0.2999999996195654
arc_left_1,410.796,0.39757979082870765,0.5581193190228128,0.0,1.7117281028618208,0.14999999995483254,0.0,0.2999999996195656
arc_left_1,410.832,0.396792420107696,0.5634615810807835,0.0,1.7225281028481254,0.1499999999548307,0.0,0.2999999996195785
arc_left_1,410.868,0.3959473999971577,0.5687950281425931,0.0,1.7333281028344294,0.1499999999548307,0.0,0.2999999996195785
arc_left_1,410.904,0.39504482905927985,0.5741190381210249,0.0,1.7441281028207336,0.14999999995483254,0.0,0.29999999961956547
arc_left_1,410.94,0.3940848125689133,0.5794329900295919,0.0,1.7549281028070378,0.1499999999548307,0.0,0.2999999996195786
arc_left_1,410.976,0.3930674625012927,0.5847362640549705,0.0,1.7657281027933422,0.149999999954827,0.0,0.2999999996195525
arc_left_1,411.012,0.3919928975189762,0.5900282416292919,0.0,1.776528102779647,0.14999999995483254,0.0,0.29999999961956547
arc_left_1,411.048,0.39086124295800473,0.5953083055022931,0.0,1.7873281027659513,0.14999999995483254,0.0,0.29999999961956547
arc_left_1,411.084,0.38967263081328296,0.6005758398133119,0.0,1.7981281027522555,0.1499999999548307,0.0,0.2999999996195785
arc_left_1,411.12,0.38842719972318357,0.6058302301631199,0.0,1.8089281027385602,0.1499999999548307,0.0,0.2999999996195785
arc_left_1,411.156,0.38712509495337655,0.6110708636855854,0.0,1.8197281027248644,0.14999999995483254,0.0,0.2999999996195655
arc_left_1,411.192,0.38576646837988526,0.6162971291191576,0.0,1.830528102711174,0.1499999999548529,0.0,0.2999999996197353
arc_left_1,411.228,0.38435147847137285,0.6215084168781628,0.0,1.8413281026974844,0.14999999995485663,0.0,0.2999999996197614
arc_left_1,411.264,0.38288029027065756,0.6267041191239064,0.0,1.8521281026837952,0.14999999995485475,0.0,0.29999999961972224
arc_left_1,411.3,0.38135307537546276,0.6318836298355711,0.0,1.8629281026701054,0.14999999995486402,0.0,0.2999999996197092
arc_left_1,411.336,0.3797700119184018,0.6370463448809012,0.0,1.873728102656413,0.1499999999548714,0.0,0.29999999961965684
arc_left_1,411.372,0.3781312845462012,0.6421916620866677,0.0,1.884528102642721,0.14999999995486585,0.0,0.2999999996196439
arc_left_1,411.408,0.3764370843981633,0.6473189813089071,0.0,1.8953281026290285,0.1499999999548677,0.0,0.2999999996196308
arc_left_1,411.444,0.37468760908387205,0.6524277045029199,0.0,1.9061281026153374,0.14999999995486957,0.0,0.29999999961967
arc_left_1,411.48,0.37288306266014415,0.6575172357930259,0.0,1.916928102601645,0.14999999995486585,0.0,0.2999999996196439
arc_left_1,411.516,0.371023655607228,0.6625869815420673,0.0,1.9277281025879527,0.14999999995486585,0.0,0.2999999996196439
arc_left_1,411.552,0.36915043549623255,0.667530556031113,0.0,1.9382257025764953,0.14621999997208218,0.0,0.2899199996941051
arc_left_1,411.588,0.3674261705261863,0.6719499840272406,0.0,1.9472761025785819,0.1304250000000451,0.0,0.247800000123433
arc_left_1,411.624,0.365881845496349,0.6758134544319343,0.0,1.9547713025974482,0.11422500000224564,0.0,0.20460000059791555
arc_left_1,411.66,0.36453167751707544,0.6791263859104341,0.0,1.9607113026308074,0.09802500000398542,0.0,0.1614000009276722
arc_left_1,411.696,0.36338728595780123,0.6818933673045536,0.0,1.9650961026646112,0.08182500000868584,0.0,0.11820000094000586
arc_left_1,411.732,0.3624577249240257,0.6841180730341356,0.0,1.9679257026990742,0.06562500001317713,0.0,0.07500000095950857
arc_left_1,411.768,0.36174950899005287,0.6858031985879026,0.0,1.9692001027343664,0.04942500001765549,0.0,0.03180000098140096
arc_left_1,411.804,0.361266551629093,0.6869503822169954,0.0,1.969279302747423,0.033225000022305926,0.0,0.0006000002376717612
arc_left_1,411.84,0.36100987598656,0.6875600541499203,0.0,1.9692793027474766,0.01702500002697486,0.0,1.4625379764528054e-12
arc_left_1,411.876,0.3609644775733748,0.6876678872814366,0.0,1.9692793027474946,0.0021150000186894355,0.0,3.264593697439298e-13
arc_left_1,411.912,0.3609644775733778,0.6876678872814295,0.0,1.9692793027474924,0.0,0.0,0.0
arc_left_1,411.948,0.3609644775733778,0.6876678872814295,0.0,1.9692793027474924,0.0,0.0,0.0
arc_left_1,411.984,0.3609644775733778,0.6876678872814295,0.0,1.9692793027474924,0.0,0.0,0.0
arc_left_1,412.02,0.3609644775733778,0.6876678872814295,0.0,1.9692793027474924,0.0,0.0,0.0
arc_left_1,412.056,0.3609644775733778,0.6876678872814295,0.0,1.9692793027474924,0.0,0.0,0.0
arc_left_1,412.092,0.3609644775733778,0.6876678872814295,0.0,1.9692793027474924,0.0,0.0,0.0
arc_left_1,412.128,0.3609644775733778,0.6876678872814295,0.0,1.9692793027474924,0.0,0.0,0.0
arc_left_1,412.164,0.3609644775733778,0.6876678872814295,0.0,1.9692793027474924,0.0,0.0,0.0
arc_left_1,412.2,0.3609644775733778,0.6876678872814295,0.0,1.9692793027474924,0.0,0.0,0.0
arc_left_1,412.236,0.3609644775733778,0.6876678872814295,0.0,1.9692793027474924,0.0,0.0,0.0
arc_left_1,412.272,0.3609644775733778,0.6876678872814295,0.0,1.9692793027474924,0.0,0.0,0.0
arc_left_1,412.308,0.3609644775733778,0.6876678872814295,0.0,1.9692793027474924,0.0,0.0,0.0
arc_left_1,412.344,0.3609644775733778,0.6876678872814295,0.0,1.9692793027474924,0.0,0.0,0.0
arc_left_1,412.38,0.3609644775733778,0.6876678872814295,0.0,1.9692793027474924,0.0,0.0,0.0
arc_left_1,412.416,0.3609644775733778,0.6876678872814295,0.0,1.9692793027474924,0.0,0.0,0.0
arc_left_1,412.452,0.3609644775733778,0.6876678872814295,0.0,1.9692793027474924,0.0,0.0,0.0
arc_left_1,412.488,0.3609644775733778,0.6876678872814295,0.0,1.9692793027474924,0.0,0.0,0.0
arc_left_1,412.524,0.3609644775733778,0.6876678872814295,0.0,1.9692793027474924,0.0,0.0,0.0
arc_left_1,412.56,0.3609644775733778,0.6876678872814295,0.0,1.9692793027474924,0.0,0.0,0.0
arc_left_1,412.596,0.3609644775733778,0.6876678872814295,0.0,1.9692793027474924,0.0,0.0,0.0
arc_left_1,412.632,0.3609644775733778,0.6876678872814295,0.0,1.9692793027474924,0.0,0.0,0.0
arc_left_1,412.668,0.3609644775733778,0.6876678872814295,0.0,1.9692793027474924,0.0,0.0,0.0
arc_left_1,412.704,0.3609644775733778,0.6876678872814295,0.0,1.9692793027474924,0.0,0.0,0.0
arc_left_1,412.74,0.3609644775733778,0.6876678872814295,0.0,1.9692793027474924,0.0,0.0,0.0
arc_left_1,412.776,0.3609644775733778,0.6876678872814295,0.0,1.9692793027474924,0.0,0.0,0.0
arc_left_1,412.812,0.3609644775733778,0.6876678872814295,0.0,1.9692793027474924,0.0,0.0,0.0
arc_left_1,412.848,0.3609644775733778,0.6876678872814295,0.0,1.9692793027474924,0.0,0.0,0.0
arc_left_1,412.884,0.3609644775733778,0.6876678872814295,0.0,1.9692793027474924,0.0,0.0,0.0
arc_left_1,412.92,0.3609644775733778,0.6876678872814295,0.0,1.9692793027474924,0.0,0.0,0.0
arc_left_1,412.956,0.3609644775733778,0.6876678872814295,0.0,1.9692793027474924,0.0,0.0,0.0
arc_left_1,412.992,0.3609644775733778,0.6876678872814295,0.0,1.9692793027474924,0.0,0.0,0.0
arc_left_1,413.028,0.3609644775733778,0.6876678872814295,0.0,1.9692793027474924,0.0,0.0,0.0
arc_left_1,413.064,0.3609644775733778,0.6876678872814295,0.0,1.9692793027474924,0.0,0.0,0.0
arc_left_1,413.1,0.3609644775733778,0.6876678872814295,0.0,1.9692793027474924,0.0,0.0,0.0
arc_left_1,413.136,0.3609644775733778,0.6876678872814295,0.0,1.9692793027474924,0.0,0.0,0.0
arc_left_1,413.172,0.3609644775733778,0.6876678872814295,0.0,1.9692793027474924,0.0,0.0,0.0
arc_left_1,413.208,0.3609644775733778,0.6876678872814295,0.0,1.9692793027474924,0.0,0.0,0.0
arc_left_1,413.244,0.3609644775733778,0.6876678872814295,0.0,1.9692793027474924,0.0,0.0,0.0
arc_left_1,413.28,0.3609644775733778,0.6876678872814295,0.0,1.9692793027474924,0.0,0.0,0.0
arc_left_1,413.316,0.3609644775733778,0.6876678872814295,0.0,1.9692793027474924,0.0,0.0,0.0
arc_left_1,413.352,0.3609644775733778,0.6876678872814295,0.0,1.9692793027474924,0.0,0.0,0.0
arc_left_1,413.388,0.3609644775733778,0.6876678872814295,0.0,1.9692793027474924,0.0,0.0,0.0
arc_left_1,413.424,0.3609644775733778,0.6876678872814295,0.0,1.9692793027474924,0.0,0.0,0.0
arc_left_1,413.46,0.3609644775733778,0.6876678872814295,0.0,1.9692793027474924,0.0,0.0,0.0
arc_left_1,413.496,0.3609644775733778,0.6876678872814295,0.0,1.9692793027474924,0.0,0.0,0.0
arc_left_1,413.532,0.3609644775733778,0.6876678872814295,0.0,1.9692793027474924,0.0,0.0,0.0
arc_left_1,413.568,0.3609644775733778,0.6876678872814295,0.0,1.9692793027474924,0.0,0.0,0.0
arc_left_1,413.604,0.3609644775733778,0.6876678872814295,0.0,1.9692793027474924,0.0,0.0,0.0
arc_left_1,413.64,0.3609644775733778,0.6876678872814295,0.0,1.9692793027474924,0.0,0.0,0.0
arc_left_1,413.676,0.3609644775733778,0.6876678872814295,0.0,1.9692793027474924,0.0,0.0,0.0
arc_left_1,413.712,0.3609644775733778,0.6876678872814295,0.0,1.9692793027474924,0.0,0.0,0.0
arc_left_1,413.748,0.3609644775733778,0.6876678872814295,0.0,1.9692793027474924,0.0,0.0,0.0
arc_left_1,413.784,0.3609644775733778,0.6876678872814295,0.0,1.9692793027474924,0.0,0.0,0.0
arc_left_1,413.82,0.3609644775733778,0.6876678872814295,0.0,1.9692793027474924,0.0,0.0,0.0
arc_left_1,413.856,0.3609644775733778,0.6876678872814295,0.0,1.9692793027474924,0.0,0.0,0.0
arc_left_1,413.892,0.3609644775733778,0.6876678872814295,0.0,1.9692793027474924,0.0,0.0,0.0
arc_left_1,413.928,0.3609644775733778,0.6876678872814295,0.0,1.9692793027474924,0.0,0.0,0.0
arc_left_1,413.964,0.3609644775733778,0.6876678872814295,0.0,1.9692793027474924,0.0,0.0,0.0
arc_left_1,414.0,0.3609644775733778,0.6876678872814295,0.0,1.9692793027474924,0.0,0.0,0.0
arc_left_1,414.036,0.3609644775733778,0.6876678872814295,0.0,1.9692793027474924,0.0,0.0,0.0
arc_left_1,414.072,0.3609644775733778,0.6876678872814295,0.0,1.9692793027474924,0.0,0.0,0.0
arc_left_1,414.108,0.3609644775733778,0.6876678872814295,0.0,1.9692793027474924,0.0,0.0,0.0
arc_left_1,414.144,0.3609644775733778,0.6876678872814295,0.0,1.9692793027474924,0.0,0.0,0.0
arc_left_1,414.18,0.3609644775733778,0.6876678872814295,0.0,1.9692793027474924,0.0,0.0,0.0
arc_left_1,414.216,0.3609644775733778,0.6876678872814295,0.0,1.9692793027474924,0.0,0.0,0.0
arc_left_1,414.252,0.3609644775733778,0.6876678872814295,0.0,1.9692793027474924,0.0,0.0,0.0
arc_left_1,414.288,0.3609644775733778,0.6876678872814295,0.0,1.9692793027474924,0.0,0.0,0.0
arc_left_1,414.324,0.3609644775733778,0.6876678872814295,0.0,1.9692793027474924,0.0,0.0,0.0
arc_left_1,414.36,0.3609644775733778,0.6876678872814295,0.0,1.9692793027474924,0.0,0.0,0.0
arc_left_1,414.396,0.3609644775733778,0.6876678872814295,0.0,1.9692793027474924,0.0,0.0,0.0
arc_left_1,414.432,0.3609644775733778,0.6876678872814295,0.0,1.9692793027474924,0.0,0.0,0.0
arc_left_1,414.468,0.3609644775733778,0.6876678872814295,0.0,1.9692793027474924,0.0,0.0,0.0
arc_left_1,414.504,0.3609644775733778,0.6876678872814295,0.0,1.9692793027474924,0.0,0.0,0.0
reset,414.54,0.3609644775733778,0.6876678872814295,0.0,1.9692793027474924,0.0,0.0,0.0
reset,414.576,0.3609644775733778,0.6876678872814295,0.0,1.9692793027474924,0.0,0.0,0.0
reset,414.612,0.3609644775733778,0.6876678872814295,0.0,1.9692793027474924,0.0,0.0,0.0
reset,414.648,0.3609644775733778,0.6876678872814295,0.0,1.9692793027474924,0.0,0.0,0.0
reset,414.684,0.3609644775733778,0.6876678872814295,0.0,1.9692793027474924,0.0,0.0,0.0
reset,414.72,0.3609644775733778,0.6876678872814295,0.0,1.9692793027474924,0.0,0.0,0.0
reset,414.756,0.3609644775733778,0.6876678872814295,0.0,1.9692793027474924,0.0,0.0,0.0
reset,414.792,0.3609644775733778,0.6876678872814295,0.0,1.9692793027474924,0.0,0.0,0.0
reset,414.828,0.3609644775733778,0.6876678872814295,0.0,1.9692793027474924,0.0,0.0,0.0
reset,414.864,0.3609644775733778,0.6876678872814295,0.0,1.9692793027474924,0.0,0.0,0.0
reset,414.9,0.3609644775733778,0.6876678872814295,0.0,1.9692793027474924,0.0,0.0,0.0
reset,414.936,0.3609644775733778,0.6876678872814295,0.0,1.9692793027474924,0.0,0.0,0.0
reset,414.972,0.3609644775733778,0.6876678872814295,0.0,1.9692793027474924,0.0,0.0,0.0
reset,415.008,0.3609644775733778,0.6876678872814295,0.0,1.9692793027474924,0.0,0.0,0.0
reset,415.044,0.3609644775733778,0.6876678872814295,0.0,1.9692793027474924,0.0,0.0,0.0
reset,415.08,0.3609644775733778,0.6876678872814295,0.0,1.9692793027474924,0.0,0.0,0.0
reset,415.116,0.3609644775733778,0.6876678872814295,0.0,1.9692793027474924,0.0,0.0,0.0
reset,415.152,0.3609644775733778,0.6876678872814295,0.0,1.9692793027474924,0.0,0.0,0.0
reset,415.188,0.3609644775733778,0.6876678872814295,0.0,1.9692793027474924,0.0,0.0,0.0
reset,415.224,0.3609644775733778,0.6876678872814295,0.0,1.9692793027474924,0.0,0.0,0.0
reset,415.26,0.3609644775733778,0.6876678872814295,0.0,1.9692793027474924,0.0,0.0,0.0
reset,415.296,0.3609644775733778,0.6876678872814295,0.0,1.9692793027474924,0.0,0.0,0.0
reset,415.332,0.3609644775733778,0.6876678872814295,0.0,1.9692793027474924,0.0,0.0,0.0
reset,415.368,0.3609644775733778,0.6876678872814295,0.0,1.9692793027474924,0.0,0.0,0.0
reset,415.404,0.3609644775733778,0.6876678872814295,0.0,1.9692793027474924,0.0,0.0,0.0
reset,415.44,0.3609644775733778,0.6876678872814295,0.0,1.9692793027474924,0.0,0.0,0.0
reset,415.476,0.3609644775733778,0.6876678872814295,0.0,1.9692793027474924,0.0,0.0,0.0
reset,415.512,0.3609644775733778,0.6876678872814295,0.0,1.9692793027474924,0.0,0.0,0.0
reset,415.584,0.3609644775733778,0.6876678872814295,0.0,1.9692793027474924,0.0,0.0,0.0
reset,415.62,0.3609644775733778,0.6876678872814295,0.0,1.9692793027474924,0.0,0.0,0.0
reset,415.656,0.3609644775733778,0.6876678872814295,0.0,1.9692793027474924,0.0,0.0,0.0
reset,415.692,0.3609644775733778,0.6876678872814295,0.0,1.9692793027474924,0.0,0.0,0.0
reset,415.728,0.3609644775733778,0.6876678872814295,0.0,1.9692793027474924,0.0,0.0,0.0
reset,415.764,0.36096447757337785,0.6876678872814294,0.0,1.9692793027474933,-3.700743415417188e-15,0.0,2.6116749579514388e-14
reset,415.8,0.36096447757337785,0.6876678872814294,0.0,1.9692793027474933,0.0,0.0,0.0
reset,415.836,0.36096447757337785,0.6876678872814294,0.0,1.9692793027474933,0.0,0.0,0.0
reset,415.872,0.36096447757337785,0.6876678872814294,0.0,1.9692793027474933,0.0,0.0,0.0
reset,415.908,0.36096447757337785,0.6876678872814294,0.0,1.9692793027474933,0.0,0.0,0.0
reset,415.944,0.36096447757337785,0.6876678872814294,0.0,1.9692793027474933,0.0,0.0,0.0
reset,415.98,0.36096447757337785,0.6876678872814294,0.0,1.9692793027474933,0.0,0.0,0.0
reset,416.016,0.36096447757337785,0.6876678872814294,0.0,1.9692793027474933,0.0,0.0,0.0
reset,416.052,0.36096447757337785,0.6876678872814294,0.0,1.9692793027474933,0.0,0.0,0.0
reset,416.088,0.36096447757337785,0.6876678872814294,0.0,1.9692793027474933,0.0,0.0,0.0
reset,416.124,0.36096447757337785,0.6876678872814294,0.0,1.9692793027474933,0.0,0.0,0.0
reset,416.16,0.36096447757337785,0.6876678872814294,0.0,1.9692793027474933,0.0,0.0,0.0
reset,416.196,0.36096447757337785,0.6876678872814294,0.0,1.9692793027474933,0.0,0.0,0.0
reset,416.232,0.36096447757337785,0.6876678872814294,0.0,1.9692793027474933,0.0,0.0,0.0
reset,416.268,0.36096447757337785,0.6876678872814294,0.0,1.9692793027474933,0.0,0.0,0.0
reset,416.304,0.36096447757337785,0.6876678872814294,0.0,1.9692793027474933,0.0,0.0,0.0
reset,416.34,0.36096447757337785,0.6876678872814294,0.0,1.9692793027474933,0.0,0.0,0.0
reset,416.376,0.36096447757337785,0.6876678872814294,0.0,1.9692793027474933,0.0,0.0,0.0
reset,416.412,0.36096447757337785,0.6876678872814294,0.0,1.9692793027474933,0.0,0.0,0.0
reset,416.448,0.36096447757337785,0.6876678872814294,0.0,1.9692793027474933,0.0,0.0,0.0
reset,416.484,0.36096447757337785,0.6876678872814294,0.0,1.9692793027474933,0.0,0.0,0.0
reset,416.52,0.36096447757337785,0.6876678872814294,0.0,1.9692793027474933,0.0,0.0,0.0
reset,416.556,0.36096447757337785,0.6876678872814294,0.0,1.9692793027474933,0.0,0.0,0.0
reset,416.592,0.36096447757337785,0.6876678872814294,0.0,1.9692793027474933,0.0,0.0,0.0
reset,416.628,0.36096447757337785,0.6876678872814294,0.0,1.9692793027474933,0.0,0.0,0.0
reset,416.664,0.36096447757337785,0.6876678872814294,0.0,1.9692793027474933,0.0,0.0,0.0
reset,416.7,0.36096447757337785,0.6876678872814294,0.0,1.9692793027474933,0.0,0.0,0.0
reset,416.736,0.36096447757337785,0.6876678872814294,0.0,1.9692793027474933,0.0,0.0,0.0
reset,416.772,0.36096447757337785,0.6876678872814294,0.0,1.9692793027474933,0.0,0.0,0.0
reset,416.808,0.36096447757337785,0.6876678872814294,0.0,1.9692793027474933,0.0,0.0,0.0
reset,416.844,0.36096447757337785,0.6876678872814294,0.0,1.9692793027474933,0.0,0.0,0.0
reset,416.88,0.36096447757337785,0.6876678872814294,0.0,1.9692793027474933,0.0,0.0,0.0
reset,416.916,0.36096447757337785,0.6876678872814294,0.0,1.9692793027474933,0.0,0.0,0.0
reset,416.952,0.36096447757337785,0.6876678872814294,0.0,1.9692793027474933,0.0,0.0,0.0
reset,416.988,0.36096447757337785,0.6876678872814294,0.0,1.9692793027474933,0.0,0.0,0.0
reset,417.024,0.36096447757337785,0.6876678872814294,0.0,1.9692793027474933,0.0,0.0,0.0
arc_right_1,417.06,0.36096447757337785,0.6876678872814294,0.0,1.9692793027474933,0.0,0.0,0.0
arc_right_1,417.096,0.36096447757337785,0.6876678872814294,0.0,1.9692793027474933,0.0,0.0,0.0
arc_right_1,417.132,0.36096447757337785,0.6876678872814294,0.0,1.9692793027474933,0.0,0.0,0.0
arc_right_1,417.168,0.36096447757337785,0.6876678872814294,0.0,1.9692793027474933,0.0,0.0,0.0
arc_right_1,417.204,0.36096447757337785,0.6876678872814294,0.0,1.9692793027474933,0.0,0.0,0.0
arc_right_1,417.24,0.36096447757337785,0.6876678872814294,0.0,1.9692793027474933,0.0,0.0,0.0
arc_right_1,417.276,0.36096447757337785,0.6876678872814294,0.0,1.9692793027474933,0.0,0.0,0.0
arc_right_1,417.312,0.36096447757337785,0.6876678872814294,0.0,1.9692793027474933,0.0,0.0,0.0
arc_right_1,417.348,0.36096447757337785,0.6876678872814294,0.0,1.9692793027474933,0.0,0.0,0.0
arc_right_1,417.384,0.36096447757337785,0.6876678872814294,0.0,1.9692793027474933,0.0,0.0,0.0
arc_right_1,417.42,0.36096447757337785,0.6876678872814294,0.0,1.9692793027474933,0.0,0.0,0.0
arc_right_1,417.456,0.36096447757337785,0.6876678872814294,0.0,1.9692793027474933,0.0,0.0,0.0
arc_right_1,417.492,0.36096447757337785,0.6876678872814294,0.0,1.9692793027474933,0.0,0.0,0.0
arc_right_1,417.528,0.36096447757337785,0.6876678872814294,0.0,1.9692793027474933,0.0,0.0,0.0
arc_right_1,417.564,0.36096447757337785,0.6876678872814294,0.0,1.9692793027474933,0.0,0.0,0.0
arc_right_1,417.6,0.36096447757337785,0.6876678872814294,0.0,1.9692793027474933,0.0,0.0,0.0
arc_right_1,417.636,0.36096447757337785,0.6876678872814294,0.0,1.9692793027474933,0.0,0.0,0.0
arc_right_1,417.672,0.36096447757337785,0.6876678872814294,0.0,1.9692793027474933,0.0,0.0,0.0
arc_right_1,417.708,0.36096447757337785,0.6876678872814294,0.0,1.9692793027474933,0.0,0.0,0.0
arc_right_1,417.744,0.36096447757337785,0.6876678872814294,0.0,1.9692793027474933,0.0,0.0,0.0
arc_right_1,417.78,0.36096447757337785,0.6876678872814294,0.0,1.9692793027474933,0.0,0.0,0.0
arc_right_1,417.816,0.36096447757337785,0.6876678872814294,0.0,1.9692793027474933,0.0,0.0,0.0
arc_right_1,417.852,0.36096447757337785,0.6876678872814294,0.0,1.9692793027474933,0.0,0.0,0.0
arc_right_1,417.888,0.36096447757337785,0.6876678872814294,0.0,1.9692793027474933,0.0,0.0,0.0
arc_right_1,417.924,0.36096447757337785,0.6876678872814294,0.0,1.9692793027474933,0.0,0.0,0.0
arc_right_1,417.96,0.36096447757337785,0.6876678872814294,0.0,1.9692793027474933,0.0,0.0,0.0
arc_right_1,417.996,0.36096447757337785,0.6876678872814294,0.0,1.9692793027474933,0.0,0.0,0.0
arc_right_1,418.032,0.36096447757337785,0.6876678872814294,0.0,1.9692793027474933,0.0,0.0,0.0
arc_right_1,418.068,0.36088387638327224,0.6878595271935365,0.0,1.9685665027848112,0.006824999969891795,0.0,-0.023399998868673267
arc_right_1,418.104,0.3606283271755118,0.6884696719822955,0.0,1.966298502825952,0.019424999966249912,0.0,-0.06659999885618291
arc_right_1,418.14,0.36020067923988924,0.6894995077048156,0.0,1.9624753095766236,0.03202496827337716,0.0,-0.10979977520762432
arc_right_1,418.176,0.35960649246220616,0.69094916450428,0.0,1.957110979430365,0.04455940558242648,0.0,-0.15253708864216678
arc_right_1,418.212,0.35885539124318494,0.6928140351671453,0.0,1.950261002922908,0.05686507069329235,0.0,-0.19365991938997285
arc_right_1,418.248,0.3579589563868852,0.6950892562765195,0.0,1.9419870431180595,0.06892857452063066,0.0,-0.2330737784817917
arc_right_1,418.284,0.35693015556907837,0.6977706101841418,0.0,1.9323491129131323,0.08075639587463528,0.0,-0.2708243879376013
arc_right_1,418.32,0.3557561440839508,0.70092682951121,0.0,1.9216591256994118,0.09482514532729118,0.0,-0.2985895928019081
arc_right_1,418.356,0.3544573018054879,0.7045369725406886,0.0,1.910859125713102,0.10762499994069197,0.0,-0.2999999996197353
arc_right_1,418.392,0.3530485395503374,0.7085893649490425,0.0,1.900059125726788,0.12022499993704454,0.0,-0.2999999996198528
arc_right_1,418.428,0.3515392756012636,0.7130867520726956,0.0,1.8892591257404707,0.13282499993340635,0.0,-0.2999999996199311
arc_right_1,418.464,0.3499391106448781,0.71803129840744,0.0,1.8784591257541499,0.14540999993014797,0.0,-0.29999999962000945
arc_right_1,418.5,0.34833164007129497,0.7231864661935957,0.0,1.8676591257678419,0.1499999999548677,0.0,-0.29999999961968304
arc_right_1,418.536,0.34677993797417256,0.7283586936779726,0.0,1.8568591257815346,0.14999999995486585,0.0,-0.29999999961966994
arc_right_1,418.572,0.3452841853422839,0.7335473775778221,0.0,1.8460591257952261,0.1499999999548733,0.0,-0.29999999961967
arc_right_1,418.608,0.3438445566385197,0.7387519126909381,0.0,1.8352591258089181,0.14999999995486957,0.0,-0.2999999996196438
arc_right_1,418.644,0.3424612197795396,0.7439716919662472,0.0,1.824459125822607,0.1499999999548825,0.0,-0.2999999996197875
arc_right_1,418.68,0.34113433611618565,0.7492061065746143,0.0,1.8136591258362935,0.14999999995489546,0.0,-0.2999999996198267
arc_right_1,418.716,0.3398640604146639,0.7544545459798554,0.0,1.8028591258499802,0.1499999999548955,0.0,-0.2999999996198267
arc_right_1,418.752,0.33865054083849166,0.7597163980099497,0.0,1.792059125863667,0.14999999995489546,0.0,-0.2999999996198267
arc_right_1,418.788,0.3374939189312161,0.7649910489284442,0.0,1.781259125877353,0.14999999995489177,0.0,-0.2999999996198528
arc_right_1,418.824,0.3363943295999049,0.7702778835060369,0.0,1.7704591258910394,0.14999999995489546,0.0,-0.2999999996198267
arc_right_1,418.86,0.33535190109941065,0.7755762850923381,0.0,1.7596591259047265,0.1499999999548936,0.0,-0.2999999996198136
arc_right_1,418.896,0.3343667550174115,0.7808856356877956,0.0,1.7488591259184123,0.1499999999548899,0.0,-0.29999999961983975
arc_right_1,418.932,0.3334390062602288,0.7862053160157788,0.0,1.7380591259320988,0.1499999999549417,0.0,-0.29999999961983975
arc_right_1,418.968,0.33256876303942606,0.7915347055948049,0.0,1.7272591259457848,0.14999999995494356,0.0,-0.2999999996198528
arc_right_1,419.004,0.33175612685918554,0.796873182810917,0.0,1.716459125959471,0.14999999995494173,0.0,-0.29999999961983975
arc_right_1,419.04,0.3310011925044701,0.8022201249901852,0.0,1.7056591259731255,0.14999999995489174,0.0,-0.29999999962089746
arc_right_1,419.076,0.330304048029968,0.8075749084713315,0.0,1.6948591259866181,0.14999999995468824,0.0,-0.29999999962520674
arc_right_1,419.112,0.3296647747498197,0.8129369086784897,0.0,1.6840591260001072,0.1499999999546679,0.0,-0.29999999962532425
arc_right_1,419.148,0.32908344722813565,0.8183055001940369,0.0,1.673259126013595,0.14999999995466973,0.0,-0.2999999996253373
arc_right_1,419.184,0.3285601332702984,0.8236800568315472,0.0,1.6624591260270842,0.1499999999546679,0.0,-0.29999999962532425
arc_right_1,419.22,0.32809489391505486,0.8290599517088293,0.0,1.6516591260405717,0.14999999995466604,0.0,-0.2999999996253634
arc_right_1,419.256,0.3276877834273956,0.8344445573210456,0.0,1.6408591260540633,0.14999999995465121,0.0,-0.29999999962520674
arc_right_1,419.292,0.3273388492922263,0.8398332456139036,0.0,1.630059126067556,0.1499999999546401,0.0,-0.29999999962518065
arc_right_1,419.328,0.32704813220882895,0.8452253880569124,0.0,1.6192591260810498,0.1499999999546438,0.0,-0.2999999996251545
arc_right_1,419.364,0.3268156660861143,0.8506203557166915,0.0,1.6084591260945424,0.1499999999546401,0.0,-0.29999999962518065
arc_right_1,419.4,0.3266414780386672,0.8560175193303314,0.0,1.5976591261080308,0.14999999995463642,0.0,-0.2999999996253112
arc_right_1,419.436,0.3265255883835851,0.8614162493787766,0.0,1.586859126121249,0.14999999995431076,0.0,-0.2999999996328328
arc_right_1,419.472,0.3264680106381063,0.8668159161602874,0.0,1.5760591261344634,0.14999999995429042,0.0,-0.29999999963295026
arc_right_1,419.508,0.32646875151803373,0.8722158898638553,0.0,1.5652591261476765,0.14999999995429042,0.0,-0.29999999963295026
arc_right_1,419.544,0.326527810936952,0.8776155406426708,0.0,1.5544591261608938,0.14999999995426821,0.0,-0.29999999963279356
arc_right_1,419.58,0.32664518200623727,0.8830142386875894,0.0,1.543659126174108,0.14999999995424412,0.0,-0.2999999996329373
arc_right_1,419.616,0.3268208510358614,0.8884113543005945,0.0,1.5328591261873208,0.14999999995424046,0.0,-0.29999999963296337
arc_right_1,419.652,0.3270547975359878,0.8938062579682416,0.0,1.5220591262005336,0.14999999995424043,0.0,-0.29999999963296337
arc_right_1,419.688,0.3273469942193621,0.8991983204350845,0.0,1.5112591262137456,0.14999999995423674,0.0,-0.2999999996329895
arc_right_1,419.724,0.32769740700449457,0.9045869127770721,0.0,1.5004591262269587,0.14999999995424046,0.0,-0.29999999963296337
arc_right_1,419.76,0.32810599501963517,0.9099714064749046,0.0,1.4896591262401713,0.1499999999542404,0.0,-0.2999999996329633
arc_right_1,419.796,0.328572710607541,0.9153511734873417,0.0,1.4788591262533883,0.14999999995421454,0.0,-0.29999999963283275
arc_right_1,419.832,0.32909749933103544,0.9207255863244611,0.0,1.4680591262666058,0.14999999995420527,0.0,-0.2999999996328719
arc_right_1,419.868,0.3296802999793568,0.9260940181208435,0.0,1.457259126279819,0.1499999999541905,0.0,-0.2999999996329764
arc_right_1,419.904,0.33032104457529826,0.9314558427086929,0.0,1.446459126293031,0.14999999995418864,0.0,-0.29999999963296337
arc_right_1,419.94,0.33101965838313685,0.9368104346908696,0.0,1.4356591263062437,0.1499999999541905,0.0,-0.2999999996329764
arc_right_1,419.976,0.3317760599173503,0.942157169513837,0.0,1.4248591263194557,0.1499999999541868,0.0,-0.29999999963300256
arc_right_1,420.012,0.3325901609521217,0.9474954235405085,0.0,1.4140591263326687,0.1499999999541886,0.0,-0.2999999996329633
arc_right_1,420.048,0.33346186653162907,0.9528245741229885,0.0,1.4032591263458791,0.1499999999541794,0.0,-0.2999999996330548
arc_right_1,420.084,0.33439107498112225,0.9581439996751951,0.0,1.3924591263590866,0.149999999954159,0.0,-0.2999999996331201
arc_right_1,420.12,0.33537767791878154,0.9634530797453646,0.0,1.3816591263723006,0.14999999995413865,0.0,-0.2999999996329764
arc_right_1,420.156,0.33642156026835895,0.9687511950884191,0.0,1.3708591263855137,0.14999999995413865,0.0,-0.2999999996329764
arc_right_1,420.192,0.3375226002726012,0.9740377277381931,0.0,1.360059126398727,0.14999999995413865,0.0,-0.2999999996329764
arc_right_1,420.228,0.3386806695074509,0.9793120610795135,0.0,1.3492591264119411,0.14999999995413865,0.0,-0.2999999996329764
arc_right_1,420.264,0.3398956328970256,0.9845735799201203,0.0,1.3384591264251542,0.14999999995413865,0.0,-0.2999999996329764
arc_right_1,420.3,0.3411673487293734,0.9898216705624232,0.0,1.3276591264383684,0.14999999995413865,0.0,-0.2999999996329764
arc_right_1,420.336,0.3424956686730017,0.9950557208750803,0.0,1.3168591264515823,0.14999999995413496,0.0,-0.29999999963295026
arc_right_1,420.372,0.3438804377941786,1.0002751203643987,0.0,1.306059126464801,0.14999999995411645,0.0,-0.29999999963281965
arc_right_1,420.408,0.34532149457500416,1.0054792602455414,0.0,1.2952591264780213,0.14999999995411276,0.0,-0.2999999996327936
arc_right_1,420.444,0.34681867093224966,1.0106675335135342,0.0,1.2844591264912402,0.14999999995411276,0.0,-0.2999999996327936
arc_right_1,420.48,0.34837179223696274,1.0158393350140669,0.0,1.2736591265044597,0.14999999995411278,0.0,-0.2999999996327936
arc_right_1,420.516,0.3499806773348355,1.020994061514077,0.0,1.262859126517679,0.14999999995411278,0.0,-0.2999999996327936
arc_right_1,420.552,0.3516451385673348,1.026131111772111,0.0,1.2520591265308978,0.14999999995411276,0.0,-0.2999999996327936
arc_right_1,420.588,0.35336498179359005,1.031249886608453,0.0,1.2412591265441173,0.14999999995411278,0.0,-0.2999999996327936
arc_right_1,420.624,0.3551400064130373,1.0363497889750097,0.0,1.2304591265573424,0.14999999995408686,0.0,-0.29999999963261076
arc_right_1,420.66,0.3569700053888179,1.041430224024953,0.0,1.2196591265705683,0.14999999995409058,0.0,-0.2999999996326369
arc_right_1,420.696,0.35885476527192695,1.0464905991821005,0.0,1.2088591265837942,0.14999999995408686,0.0,-0.29999999963261076
arc_right_1,420.732,0.3607940662261088,1.0515303242100325,0.0,1.1980591265970195,0.14999999995408686,0.0,-0.29999999963261076
arc_right_1,420.768,0.36278768205349954,1.0565488112809363,0.0,1.1872591266102452,0.14999999995409055,0.0,-0.2999999996326369
arc_right_1,420.804,0.3648353802210096,1.061545475044171,0.0,1.1764591266234712,0.1499999999540869,0.0,-0.2999999996326108
arc_right_1,420.84,0.3669369218874472,1.0665197326945428,0.0,1.1656591266366974,0.14999999995408683,0.0,-0.29999999963261076
arc_right_1,420.876,0.36909206193137534,1.0714710040402793,0.0,1.1548591266499224,0.14999999995409058,0.0,-0.2999999996326369
arc_right_1,420.912,0.37130054897970327,1.0763987115707054,0.0,1.1440591266631475,0.14999999995409055,0.0,-0.2999999996326369
arc_right_1,420.948,0.37356212543700623,1.0813022805236037,0.0,1.1332591266763743,0.1499999999540869,0.0,-0.29999999963261076
arc_right_1,420.984,0.37587652751557094,1.086181138952251,0.0,1.1224591266895994,0.14999999995409058,0.0,-0.2999999996326369
arc_right_1,421.02,0.37824348526616364,1.091034717792135,0.0,1.1116591267028297,0.14999999995411278,0.0,-0.2999999996324802
arc_right_1,421.056,0.3806627226095169,1.0958624509273234,0.0,1.100859126716069,0.149999999954135,0.0,-0.29999999963227125
arc_right_1,421.092,0.3831339573685298,1.1006637752564974,0.0,1.0900591267293076,0.14999999995413865,0.0,-0.29999999963224516
arc_right_1,421.128,0.3856569013011825,1.105438130758632,0.0,1.0792591267425458,0.14999999995414237,0.0,-0.29999999963227125
arc_right_1,421.164,0.388231260134156,1.110184960558316,0.0,1.0684591267557813,0.14999999995414978,0.0,-0.2999999996323757
arc_right_1,421.2,0.3908567335971554,1.1149037109907047,0.0,1.0576591267690134,0.14999999995416458,0.0,-0.29999999963242796
arc_right_1,421.236,0.39353301545793334,1.119593831666098,0.0,1.0468591267822454,0.1499999999541646,0.0,-0.29999999963242796
arc_right_1,421.272,0.3962597935580082,1.124254775534139,0.0,1.036059126795477,0.14999999995416086,0.0,-0.2999999996324541
arc_right_1,421.308,0.39903674984907506,1.1288859989476214,0.0,1.025259126808709,0.14999999995416088,0.0,-0.29999999963245405
arc_right_1,421.344,0.40186356043010074,1.1334869617258971,0.0,1.0144591268219414,0.1499999999541683,0.0,-0.29999999963245405
arc_right_1,421.38,0.4047398955851049,1.138057127217886,0.0,1.0036591268351742,0.1499999999541646,0.0,-0.29999999963242796
arc_right_1,421.416,0.4076654198216171,1.1425959623646675,0.0,0.9928591268484053,0.14999999995416088,0.0,-0.29999999963245405
arc_right_1,421.452,0.410639791909808,1.1471029377616577,0.0,0.982059126861637,0.1499999999541646,0.0,-0.29999999963242796
arc_right_1,421.488,0.41366266492229004,1.151577527720357,0.0,0.9712591268748687,0.1499999999541646,0.0,-0.29999999963242796
arc_right_1,421.524,0.4167336862745832,1.1560192103296665,0.0,0.9604591268880993,0.14999999995416088,0.0,-0.2999999996324541
arc_right_1,421.56,0.41985249776623995,1.160427467516765,0.0,0.9496591269013247,0.14999999995418678,0.0,-0.2999999996326369
arc_right_1,421.596,0.4230187356226244,1.164801785107532,0.0,0.9388591269145509,0.1499999999541942,0.0,-0.29999999963258467
arc_right_1,421.632,0.42623203053734426,1.1691416528865262,0.0,0.9280591269277886,0.14999999995423857,0.0,-0.29999999963227125
arc_right_1,421.668,0.42949200771532386,1.173446564656489,0.0,0.9172591269410265,0.14999999995423857,0.0,-0.29999999963227125
arc_right_1,421.704,0.43279828691652195,1.1777160182973947,0.0,0.9064591269542642,0.14999999995423857,0.0,-0.29999999963227125
arc_right_1,421.74,0.4361504825002818,1.181949515825011,0.0,0.8956591269675023,0.14999999995423857,0.0,-0.29999999963227125
arc_right_1,421.776,0.4395482034703122,1.1861465634489878,0.0,0.8848591269807409,0.1499999999542423,0.0,-0.29999999963224516
arc_right_1,421.812,0.44299105352029206,1.19030667163045,0.0,0.8740591269939786,0.1499999999542423,0.0,-0.29999999963224516
arc_right_1,421.848,0.44647863108009594,1.1944293551390965,0.0,0.8632591270072164,0.1499999999542423,0.0,-0.29999999963224516
arc_right_1,421.884,0.45001052936263225,1.1985141331097984,0.0,0.8524591270204542,0.1499999999542423,0.0,-0.29999999963224516
arc_right_1,421.92,0.4535863364112903,1.2025605290986856,0.0,0.841659127033692,0.1499999999542423,0.0,-0.29999999963224516
arc_right_1,421.956,0.4572056351479914,1.2065680711387181,0.0,0.83085912704693,0.1499999999542386,0.0,-0.29999999963227125
arc_right_1,421.992,0.460868003421836,1.2105362917947384,0.0,0.820059127060178,0.14999999995428673,0.0,-0.29999999963193175
arc_right_1,422.028,0.4645730140583418,1.2144647282179888,0.0,0.8092591270734248,0.14999999995431262,0.0,-0.2999999996320623
arc_right_1,422.064,0.4683202349092689,1.218352922200099,0.0,0.7984591270866688,0.1499999999543163,0.0,-0.29999999963208845
arc_right_1,422.1,0.47210922890302665,1.2222004202265324,0.0,0.7876591270999131,0.14999999995431262,0.0,-0.29999999963211454
arc_right_1,422.136,0.4759395540956525,1.2260067735294824,0.0,0.7768591271131581,0.14999999995431262,0.0,-0.2999999996320623
arc_right_1,422.172,0.4798107637223596,1.2297715381402166,0.0,0.7660591271264021,0.1499999999543163,0.0,-0.29999999963208845
arc_right_1,422.208,0.483722406249647,1.233494274940859,0.0,0.755259127139647,0.14999999995431632,0.0,-0.29999999963208845
arc_right_1,422.244,0.48767402542796634,1.2371745497156115,0.0,0.7444591271528912,0.14999999995431632,0.0,-0.29999999963208845
arc_right_1,422.28,0.49166516034493857,1.2408119332013983,0.0,0.7336591271661447,0.1499999999543533,0.0,-0.2999999996317751
arc_right_1,422.316,0.49569534547911553,1.2444060011379376,0.0,0.7228591271795032,0.14999999995449026,0.0,-0.29999999962835383
arc_right_1,422.352,0.49976411075427357,1.2479563343172224,0.0,0.712059127193004,0.14999999995461977,0.0,-0.2999999996249848
arc_right_1,422.388,0.5038709815942408,1.2514625186324122,0.0,0.701259127206504,0.14999999995461608,0.0,-0.2999999996250109
arc_right_1,422.424,0.5080154789782598,1.2549241451261455,0.0,0.690459127220005,0.14999999995461977,0.0,-0.2999999996249848
arc_right_1,422.46,0.5121971194968569,1.258340810038234,0.0,0.6796591272334963,0.14999999995465677,0.0,-0.2999999996252981
arc_right_1,422.496,0.5164154154082233,1.2617121148527568,0.0,0.6688591272469847,0.1499999999546679,0.0,-0.29999999962532425
arc_right_1,422.532,0.5206698746951075,1.2650376663445433,0.0,0.6580591272604732,0.1499999999546679,0.0,-0.29999999962532425
arc_right_1,422.568,0.5249600011222026,1.2683170766250385,0.0,0.6472591272739608,0.14999999995466787,0.0,-0.29999999962532425
arc_right_1,422.604,0.5292852942940277,1.2715499631875462,0.0,0.6364591272874484,0.14999999995467156,0.0,-0.29999999962535034
arc_right_1,422.64,0.5336452497132927,1.2747359489518444,0.0,0.6256591273009666,0.1499999999547086,0.0,-0.2999999996243057
arc_right_1,422.676,0.5380393588397457,1.2778746623081698,0.0,0.6148591273146328,0.1499999999548677,0.0,-0.29999999962036206
arc_right_1,422.712,0.5424671091494759,1.2809657371605534,0.0,0.6040591273282996,0.14999999995486774,0.0,-0.2999999996203621
arc_right_1,422.748,0.5469279841947089,1.2840088129695293,0.0,0.5932591273419666,0.1499999999548677,0.0,-0.29999999962036206
arc_right_1,422.784,0.5514214636640365,1.2870035347941855,0.0,0.5824591273556404,0.1499999999548307,0.0,-0.29999999962010093
arc_right_1,422.82,0.5559470234431104,1.289949553333565,0.0,0.5716591273693198,0.1499999999548196,0.0,-0.29999999962002255
arc_right_1,422.856,0.5605041356757698,1.2928465249674064,0.0,0.5608591273829991,0.1499999999548196,0.0,-0.29999999962002255
arc_right_1,422.892,0.5650922688256124,1.295694111796224,0.0,0.5500591273966787,0.1499999999548159,0.0,-0.2999999996199964
arc_right_1,422.928,0.5697108877379904,1.298491981680718,0.0,0.5392591274103586,0.14999999995481592,0.0,-0.2999999996199964
arc_right_1,422.964,0.5743594537024315,1.3012398082805197,0.0,0.5284591274240373,0.1499999999548196,0.0,-0.29999999962002255
arc_right_1,423.0,0.5790374245154736,1.3039372710922492,0.0,0.5176591274377175,0.14999999995481592,0.0,-0.2999999996199964
arc_right_1,423.036,0.5837442545439055,1.3065840554869035,0.0,0.5068591274513968,0.1499999999548159,0.0,-0.2999999996199964
arc_right_1,423.072,0.5884793947884108,1.3091798527465535,0.0,0.49605912746507536,0.1499999999548196,0.0,-0.29999999962002255
arc_right_1,423.108,0.5932422929476008,1.3117243601003492,0.0,0.4852591274787555,0.1499999999548159,0.0,-0.2999999996199964
arc_right_1,423.144,0.5980323934824355,1.314217280759839,0.0,0.4744591274924348,0.14999999995481592,0.0,-0.2999999996199964
arc_right_1,423.18,0.6028491376810228,1.3166583239535847,0.0,0.46365912750612576,0.14999999995487143,0.0,-0.29999999961965684
arc_right_1,423.216,0.6076919637237795,1.3190472049610762,0.0,0.4528591275198177,0.14999999995486774,0.0,-0.29999999961968304
arc_right_1,423.252,0.6125603067489684,1.321383645145941,0.0,0.4420591275335102,0.14999999995486774,0.0,-0.2999999996196308
arc_right_1,423.288,0.6174535989185794,1.3236673719884462,0.0,0.43125912754720197,0.14999999995487143,0.0,-0.29999999961965684
arc_right_1,423.324,0.6223712694845631,1.3258981191172825,0.0,0.4204591275608938,0.14999999995486774,0.0,-0.29999999961968304
arc_right_1,423.36,0.6273127448554018,1.328075626340635,0.0,0.4096591275745864,0.14999999995486404,0.0,-0.29999999961965684
arc_right_1,423.396,0.6322774486630119,1.3301996396765299,0.0,0.39885912758827813,0.1499999999548714,0.0,-0.29999999961965684
arc_right_1,423.432,0.6372648018299713,1.3322699113824605,0.0,0.38805912760197075,0.14999999995487143,0.0,-0.2999999996196569
arc_right_1,423.468,0.6422742226370622,1.3342861999842832,0.0,0.3772591276156625,0.14999999995486402,0.0,-0.29999999961965684
arc_right_1,423.504,0.6473051267911232,1.3362482703043812,0.0,0.36645912762935434,0.14999999995487143,0.0,-0.29999999961965684
arc_right_1,423.54,0.6523569274931985,1.338155893489098,0.0,0.35565912764304697,0.1499999999548714,0.0,-0.29999999961965684
arc_right_1,423.576,0.657429035506983,1.3400088470354286,0.0,0.3448591276567387,0.14999999995486402,0.0,-0.29999999961965684
arc_right_1,423.612,0.66252085922755,1.3418069148169722,0.0,0.33405912767043044,0.14999999995486774,0.0,-0.299999999619683
arc_right_1,423.648,0.6676318047503553,1.3435498871091431,0.0,0.323259127684123,0.1499999999548714,0.0,-0.29999999961965684
arc_right_1,423.684,0.672761275940509,1.3452375606136286,0.0,0.3124591276978156,0.14999999995486774,0.0,-0.2999999996196308
arc_right_1,423.72,0.6779086745023083,1.3468697384821056,0.0,0.3016591277115066,0.14999999995486768,0.0,-0.299999999619683
arc_right_1,423.756,0.6830734000490224,1.3484462303391975,0.0,0.2908591277251993,0.1499999999548714,0.0,-0.29999999961965684
arc_right_1,423.792,0.6882548501729202,1.3499668523046824,0.0,0.2800591277388918,0.14999999995486774,0.0,-0.2999999996196308
arc_right_1,423.828,0.6934524205155357,1.351431427014939,0.0,0.26925912775258354,0.1499999999548714,0.0,-0.29999999961965684
arc_right_1,423.864,0.6986655048381578,1.3528397836436339,0.0,0.25845912776627544,0.14999999995486774,0.0,-0.29999999961968304
arc_right_1,423.9,0.7038934950925433,1.3541917579216465,0.0,0.24765912777996796,0.1499999999548677,0.0,-0.2999999996196307
arc_right_1,423.936,0.7091357814918372,1.355487192156231,0.0,0.23685912779366008,0.1499999999548714,0.0,-0.29999999961965695
arc_right_1,423.972,0.7143917525816991,1.356725935249407,0.0,0.22605912780735213,0.14999999995486774,0.0,-0.299999999619683
arc_right_1,424.008,0.7196607953116216,1.3579078427155844,0.0,0.215259127821045,0.14999999995486402,0.0,-0.29999999961965684
arc_right_1,424.044,0.7249184996791282,1.359027850440747,0.0,0.20452392783381654,0.14918999996199983,0.0,-0.2978399996503418
arc_right_1,424.08,0.729758633836999,1.3600075044830904,0.0,0.1949551278367979,0.13582499999122608,0.0,-0.2621999999557526
arc_right_1,424.116,0.7340346000799659,1.360833886424029,0.0,0.18694152782725887,0.11962500000349448,0.0,-0.2190000002875724
arc_right_1,424.152,0.7377430529542579,1.3615227676662665,0.0,0.1804831277941074,0.1034250000023329,0.0,-0.17580000092190257
arc_right_1,424.188,0.7408813806157285,1.3620872911419046,0.0,0.17557992776051032,0.087225000007037,0.0,-0.13260000093431457
arc_right_1,424.224,0.7434476092425789,1.3625379512197353,0.0,0.17223192772634213,0.07102500001161527,0.0,-0.08940000095085304
arc_right_1,424.26,0.7454403279489433,1.3628825790334473,0.0,0.17043912769137096,0.054825000016052915,0.0,-0.04620000097371175
arc_right_1,424.296,0.7468586366165959,1.3631263192944547,0.0,0.17010792766657332,0.03862500002072,0.0,-0.006120000630216695
arc_right_1,424.332,0.7477021829863006,1.3632712135100087,0.0,0.1701079276665702,0.022425000025427796,0.0,-5.2233499159028776e-14
arc_right_1,424.368,0.7479709469723815,1.3633173785441204,0.0,0.17010792766658114,0.006225000030416853,0.0,3.656344941132014e-13
arc_right_1,424.404,0.7479709469723701,1.3633173785441184,0.0,0.17010792766658894,-5.070018479121548e-13,0.0,1.828172470566007e-13
arc_right_1,424.44,0.7479709469723701,1.3633173785441184,0.0,0.17010792766658894,0.0,0.0,0.0
arc_right_1,424.476,0.7479709469723701,1.3633173785441184,0.0,0.17010792766658894,0.0,0.0,0.0
arc_right_1,424.512,0.7479709469723701,1.3633173785441184,0.0,0.17010792766658894,0.0,0.0,0.0
arc_right_1,424.548,0.7479709469723701,1.3633173785441184,0.0,0.17010792766658894,0.0,0.0,0.0
arc_right_1,424.584,0.7479709469723701,1.3633173785441184,0.0,0.17010792766658894,0.0,0.0,0.0
arc_right_1,424.62,0.7479709469723701,1.3633173785441184,0.0,0.17010792766658894,0.0,0.0,0.0
arc_right_1,424.656,0.7479709469723701,1.3633173785441184,0.0,0.17010792766658894,0.0,0.0,0.0
arc_right_1,424.692,0.7479709469723701,1.3633173785441184,0.0,0.17010792766658894,0.0,0.0,0.0
arc_right_1,424.728,0.7479709469723701,1.3633173785441184,0.0,0.17010792766658894,0.0,0.0,0.0
arc_right_1,424.764,0.7479709469723701,1.3633173785441184,0.0,0.17010792766658894,0.0,0.0,0.0
arc_right_1,424.8,0.7479709469723701,1.3633173785441184,0.0,0.17010792766658894,0.0,0.0,0.0
arc_right_1,424.836,0.7479709469723701,1.3633173785441184,0.0,0.17010792766658894,0.0,0.0,0.0
arc_right_1,424.872,0.7479709469723701,1.3633173785441184,0.0,0.17010792766658894,0.0,0.0,0.0
arc_right_1,424.908,0.7479709469723701,1.3633173785441184,0.0,0.17010792766658894,0.0,0.0,0.0
arc_right_1,424.944,0.7479709469723701,1.3633173785441184,0.0,0.17010792766658894,0.0,0.0,0.0
arc_right_1,424.98,0.7479709469723701,1.3633173785441184,0.0,0.17010792766658894,0.0,0.0,0.0
arc_right_1,425.016,0.7479709469723701,1.3633173785441184,0.0,0.17010792766658894,0.0,0.0,0.0
arc_right_1,425.052,0.7479709469723701,1.3633173785441184,0.0,0.17010792766658894,0.0,0.0,0.0
arc_right_1,425.088,0.7479709469723701,1.3633173785441184,0.0,0.17010792766658894,0.0,0.0,0.0
arc_right_1,425.124,0.7479709469723701,1.3633173785441184,0.0,0.17010792766658894,0.0,0.0,0.0
arc_right_1,425.16,0.7479709469723701,1.3633173785441184,0.0,0.17010792766658894,0.0,0.0,0.0
arc_right_1,425.196,0.7479709469723701,1.3633173785441184,0.0,0.17010792766658894,0.0,0.0,0.0
arc_right_1,425.232,0.7479709469723701,1.3633173785441184,0.0,0.17010792766658894,0.0,0.0,0.0
arc_right_1,425.268,0.7479709469723701,1.3633173785441184,0.0,0.17010792766658894,0.0,0.0,0.0
arc_right_1,425.304,0.7479709469723701,1.3633173785441184,0.0,0.17010792766658894,0.0,0.0,0.0
arc_right_1,425.34,0.7479709469723701,1.3633173785441184,0.0,0.17010792766658894,0.0,0.0,0.0
arc_right_1,425.376,0.7479709469723701,1.3633173785441184,0.0,0.17010792766658894,0.0,0.0,0.0
arc_right_1,425.412,0.7479709469723701,1.3633173785441184,0.0,0.17010792766658894,0.0,0.0,0.0
arc_right_1,425.448,0.7479709469723701,1.3633173785441184,0.0,0.17010792766658894,0.0,0.0,0.0
arc_right_1,425.484,0.7479709469723701,1.3633173785441184,0.0,0.17010792766658894,0.0,0.0,0.0
arc_right_1,425.52,0.7479709469723701,1.3633173785441184,0.0,0.17010792766658894,0.0,0.0,0.0
arc_right_1,425.556,0.7479709469723701,1.3633173785441184,0.0,0.17010792766658894,0.0,0.0,0.0
arc_right_1,425.592,0.7479709469723701,1.3633173785441184,0.0,0.17010792766658894,0.0,0.0,0.0
arc_right_1,425.628,0.7479709469723701,1.3633173785441184,0.0,0.17010792766658894,0.0,0.0,0.0
arc_right_1,425.664,0.7479709469723701,1.3633173785441184,0.0,0.17010792766658894,0.0,0.0,0.0
arc_right_1,425.7,0.7479709469723701,1.3633173785441184,0.0,0.17010792766658894,0.0,0.0,0.0
arc_right_1,425.736,0.7479709469723701,1.3633173785441184,0.0,0.17010792766658894,0.0,0.0,0.0
arc_right_1,425.772,0.7479709469723701,1.3633173785441184,0.0,0.17010792766658894,0.0,0.0,0.0
arc_right_1,425.808,0.7479709469723701,1.3633173785441184,0.0,0.17010792766658894,0.0,0.0,0.0
arc_right_1,425.844,0.7479709469723701,1.3633173785441184,0.0,0.17010792766658894,0.0,0.0,0.0
arc_right_1,425.88,0.7479709469723701,1.3633173785441184,0.0,0.17010792766658894,0.0,0.0,0.0
arc_right_1,425.916,0.7479709469723701,1.3633173785441184,0.0,0.17010792766658894,0.0,0.0,0.0
arc_right_1,425.952,0.7479709469723701,1.3633173785441184,0.0,0.17010792766658894,0.0,0.0,0.0
arc_right_1,425.988,0.7479709469723701,1.3633173785441184,0.0,0.17010792766658894,0.0,0.0,0.0
arc_right_1,426.024,0.7479709469723701,1.3633173785441184,0.0,0.17010792766658894,0.0,0.0,0.0
arc_right_1,426.06,0.7479709469723701,1.3633173785441184,0.0,0.17010792766658894,0.0,0.0,0.0
arc_right_1,426.096,0.7479709469723701,1.3633173785441184,0.0,0.17010792766658894,0.0,0.0,0.0
arc_right_1,426.132,0.7479709469723701,1.3633173785441184,0.0,0.17010792766658894,0.0,0.0,0.0
arc_right_1,426.168,0.7479709469723701,1.3633173785441184,0.0,0.17010792766658894,0.0,0.0,0.0
arc_right_1,426.204,0.7479709469723701,1.3633173785441184,0.0,0.17010792766658894,0.0,0.0,0.0
arc_right_1,426.24,0.7479709469723701,1.3633173785441184,0.0,0.17010792766658894,0.0,0.0,0.0
arc_right_1,426.276,0.7479709469723701,1.3633173785441184,0.0,0.17010792766658894,0.0,0.0,0.0
arc_right_1,426.312,0.7479709469723701,1.3633173785441184,0.0,0.17010792766658894,0.0,0.0,0.0
arc_right_1,426.348,0.7479709469723701,1.3633173785441184,0.0,0.17010792766658894,0.0,0.0,0.0
arc_right_1,426.384,0.7479709469723701,1.3633173785441184,0.0,0.17010792766658894,0.0,0.0,0.0
arc_right_1,426.42,0.7479709469723701,1.3633173785441184,0.0,0.17010792766658894,0.0,0.0,0.0
arc_right_1,426.456,0.7479709469723701,1.3633173785441184,0.0,0.17010792766658894,0.0,0.0,0.0
arc_right_1,426.492,0.7479709469723701,1.3633173785441184,0.0,0.17010792766658894,0.0,0.0,0.0
arc_right_1,426.528,0.7479709469723701,1.3633173785441184,0.0,0.17010792766658894,0.0,0.0,0.0
arc_right_1,426.564,0.7479709469723701,1.3633173785441184,0.0,0.17010792766658894,0.0,0.0,0.0
arc_right_1,426.6,0.7479709469723701,1.3633173785441184,0.0,0.17010792766658894,0.0,0.0,0.0
arc_right_1,426.636,0.7479709469723701,1.3633173785441184,0.0,0.17010792766658894,0.0,0.0,0.0
arc_right_1,426.672,0.7479709469723701,1.3633173785441184,0.0,0.17010792766658894,0.0,0.0,0.0
arc_right_1,426.708,0.7479709469723701,1.3633173785441184,0.0,0.17010792766658894,0.0,0.0,0.0
arc_right_1,426.744,0.7479709469723701,1.3633173785441184,0.0,0.17010792766658894,0.0,0.0,0.0
arc_right_1,426.78,0.7479709469723701,1.3633173785441184,0.0,0.17010792766658894,0.0,0.0,0.0
arc_right_1,426.816,0.7479709469723701,1.3633173785441184,0.0,0.17010792766658894,0.0,0.0,0.0
arc_right_1,426.852,0.7479709469723701,1.3633173785441184,0.0,0.17010792766658894,0.0,0.0,0.0
arc_right_1,426.888,0.7479709469723701,1.3633173785441184,0.0,0.17010792766658894,0.0,0.0,0.0
arc_right_1,426.924,0.7479709469723701,1.3633173785441184,0.0,0.17010792766658894,0.0,0.0,0.0
arc_right_1,426.96,0.7479709469723701,1.3633173785441184,0.0,0.17010792766658894,0.0,0.0,0.0
arc_right_1,426.996,0.7479709469723701,1.3633173785441184,0.0,0.17010792766658894,0.0,0.0,0.0
reset,427.032,0.7479709469723701,1.3633173785441184,0.0,0.17010792766658894,0.0,0.0,0.0
reset,427.068,0.7479709469723701,1.3633173785441184,0.0,0.17010792766658894,0.0,0.0,0.0
reset,427.104,0.7479709469723701,1.3633173785441184,0.0,0.17010792766658894,0.0,0.0,0.0
reset,427.14,0.7479709469723701,1.3633173785441184,0.0,0.17010792766658894,0.0,0.0,0.0
reset,427.176,0.7479709469723701,1.3633173785441184,0.0,0.17010792766658894,0.0,0.0,0.0
reset,427.212,0.7479709469723701,1.3633173785441184,0.0,0.17010792766658894,0.0,0.0,0.0
reset,427.248,0.7479709469723701,1.3633173785441184,0.0,0.17010792766658894,0.0,0.0,0.0
reset,427.284,0.7479709469723701,1.3633173785441184,0.0,0.17010792766658894,0.0,0.0,0.0
reset,427.32,0.7479709469723701,1.3633173785441184,0.0,0.17010792766658894,0.0,0.0,0.0
reset,427.356,0.7479709469723701,1.3633173785441184,0.0,0.17010792766658894,0.0,0.0,0.0
reset,427.392,0.7479709469723701,1.3633173785441184,0.0,0.17010792766658894,0.0,0.0,0.0
reset,427.428,0.7479709469723701,1.3633173785441184,0.0,0.17010792766658894,0.0,0.0,0.0
reset,427.464,0.7479709469723701,1.3633173785441184,0.0,0.17010792766658894,0.0,0.0,0.0
reset,427.5,0.7479709469723701,1.3633173785441184,0.0,0.17010792766658894,0.0,0.0,0.0
reset,427.536,0.7479709469723701,1.3633173785441184,0.0,0.17010792766658894,0.0,0.0,0.0
reset,427.572,0.7479709469723701,1.3633173785441184,0.0,0.17010792766658894,0.0,0.0,0.0
reset,427.608,0.7479709469723701,1.3633173785441184,0.0,0.17010792766658894,0.0,0.0,0.0
reset,427.644,0.7479709469723701,1.3633173785441184,0.0,0.17010792766658894,0.0,0.0,0.0
reset,427.68,0.7479709469723701,1.3633173785441184,0.0,0.17010792766658894,0.0,0.0,0.0
reset,427.716,0.7479709469723701,1.3633173785441184,0.0,0.17010792766658894,0.0,0.0,0.0
reset,427.752,0.7479709469723701,1.3633173785441184,0.0,0.17010792766658894,0.0,0.0,0.0
reset,427.788,0.7479709469723701,1.3633173785441184,0.0,0.17010792766658894,0.0,0.0,0.0
reset,427.824,0.7479709469723701,1.3633173785441184,0.0,0.17010792766658894,0.0,0.0,0.0
reset,427.86,0.7479709469723701,1.3633173785441184,0.0,0.17010792766658894,0.0,0.0,0.0
reset,427.896,0.7479709469723701,1.3633173785441184,0.0,0.17010792766658894,0.0,0.0,0.0
reset,427.932,0.7479709469723701,1.3633173785441184,0.0,0.17010792766658894,0.0,0.0,0.0
reset,427.968,0.7479709469723701,1.3633173785441184,0.0,0.17010792766658894,0.0,0.0,0.0
reset,428.004,0.7479709469723701,1.3633173785441184,0.0,0.17010792766658894,0.0,0.0,0.0
reset,428.076,0.7479709469723701,1.3633173785441184,0.0,0.17010792766658894,0.0,0.0,0.0
reset,428.112,0.7479709469723701,1.3633173785441184,0.0,0.17010792766658894,0.0,0.0,0.0
reset,428.148,0.7479709469723701,1.3633173785441184,0.0,0.17010792766658894,0.0,0.0,0.0
reset,428.184,0.7479709469723701,1.3633173785441184,0.0,0.17010792766658894,0.0,0.0,0.0
reset,428.22,0.7479709469723701,1.3633173785441184,0.0,0.17010792766658894,0.0,0.0,0.0
reset,428.256,0.7479709469723701,1.3633173785441184,0.0,0.17010792766658894,0.0,0.0,0.0
reset,428.292,0.7479709469723703,1.3633173785441184,0.0,0.17010792766658733,0.0,0.0,0.0
reset,428.328,0.7479709469723703,1.3633173785441184,0.0,0.17010792766658733,0.0,0.0,0.0
reset,428.364,0.7479709469723703,1.3633173785441184,0.0,0.17010792766658733,0.0,0.0,0.0
reset,428.4,0.7479709469723703,1.3633173785441184,0.0,0.17010792766658733,0.0,0.0,0.0
reset,428.436,0.7479709469723703,1.3633173785441184,0.0,0.17010792766658733,0.0,0.0,0.0
reset,428.472,0.7479709469723703,1.3633173785441184,0.0,0.17010792766658733,0.0,0.0,0.0
reset,428.508,0.7479709469723703,1.3633173785441184,0.0,0.17010792766658733,0.0,0.0,0.0
reset,428.544,0.7479709469723703,1.3633173785441184,0.0,0.17010792766658733,0.0,0.0,0.0
reset,428.58,0.7479709469723703,1.3633173785441184,0.0,0.17010792766658733,0.0,0.0,0.0
reset,428.616,0.7479709469723703,1.3633173785441184,0.0,0.17010792766658733,0.0,0.0,0.0
reset,428.652,0.7479709469723703,1.3633173785441184,0.0,0.17010792766658733,0.0,0.0,0.0
reset,428.688,0.7479709469723703,1.3633173785441184,0.0,0.17010792766658733,0.0,0.0,0.0
reset,428.724,0.7479709469723703,1.3633173785441184,0.0,0.17010792766658733,0.0,0.0,0.0
reset,428.76,0.7479709469723703,1.3633173785441184,0.0,0.17010792766658733,0.0,0.0,0.0
reset,428.796,0.7479709469723703,1.3633173785441184,0.0,0.17010792766658733,0.0,0.0,0.0
reset,428.832,0.7479709469723703,1.3633173785441184,0.0,0.17010792766658733,0.0,0.0,0.0
reset,428.868,0.7479709469723703,1.3633173785441184,0.0,0.17010792766658733,0.0,0.0,0.0
reset,428.904,0.7479709469723703,1.3633173785441184,0.0,0.17010792766658733,0.0,0.0,0.0
reset,428.94,0.7479709469723703,1.3633173785441184,0.0,0.17010792766658733,0.0,0.0,0.0
reset,428.976,0.7479709469723703,1.3633173785441184,0.0,0.17010792766658733,0.0,0.0,0.0
reset,429.012,0.7479709469723703,1.3633173785441184,0.0,0.17010792766658733,0.0,0.0,0.0
reset,429.048,0.7479709469723703,1.3633173785441184,0.0,0.17010792766658733,0.0,0.0,0.0
reset,429.084,0.7479709469723703,1.3633173785441184,0.0,0.17010792766658733,0.0,0.0,0.0
reset,429.12,0.7479709469723703,1.3633173785441184,0.0,0.17010792766658733,0.0,0.0,0.0
reset,429.156,0.7479709469723703,1.3633173785441184,0.0,0.17010792766658733,0.0,0.0,0.0
reset,429.192,0.7479709469723703,1.3633173785441184,0.0,0.17010792766658733,0.0,0.0,0.0
reset,429.228,0.7479709469723703,1.3633173785441184,0.0,0.17010792766658733,0.0,0.0,0.0
reset,429.264,0.7479709469723703,1.3633173785441184,0.0,0.17010792766658733,0.0,0.0,0.0
reset,429.3,0.7479709469723703,1.3633173785441184,0.0,0.17010792766658733,0.0,0.0,0.0
reset,429.336,0.7479709469723703,1.3633173785441184,0.0,0.17010792766658733,0.0,0.0,0.0
reset,429.372,0.7479709469723703,1.3633173785441184,0.0,0.17010792766658733,0.0,0.0,0.0
reset,429.408,0.7479709469723703,1.3633173785441184,0.0,0.17010792766658733,0.0,0.0,0.0
reset,429.444,0.7479709469723703,1.3633173785441184,0.0,0.17010792766658733,0.0,0.0,0.0
reset,429.48,0.7479709469723703,1.3633173785441184,0.0,0.17010792766658733,0.0,0.0,0.0
reset,429.516,0.7479709469723703,1.3633173785441184,0.0,0.17010792766658733,0.0,0.0,0.0
brake_1,429.552,0.7479709469723703,1.3633173785441184,0.0,0.17010792766658733,0.0,0.0,0.0
brake_1,429.588,0.7479709469723703,1.3633173785441184,0.0,0.17010792766658733,0.0,0.0,0.0
brake_1,429.624,0.7479709469723703,1.3633173785441184,0.0,0.17010792766658733,0.0,0.0,0.0
brake_1,429.66,0.7479709469723703,1.3633173785441184,0.0,0.17010792766658733,0.0,0.0,0.0
brake_1,429.696,0.7479709469723703,1.3633173785441184,0.0,0.17010792766658733,0.0,0.0,0.0
brake_1,429.732,0.7479709469723703,1.3633173785441184,0.0,0.17010792766658733,0.0,0.0,0.0
brake_1,429.768,0.7479709469723703,1.3633173785441184,0.0,0.17010792766658733,0.0,0.0,0.0
brake_1,429.804,0.7479709469723703,1.3633173785441184,0.0,0.17010792766658733,0.0,0.0,0.0
brake_1,429.84,0.7479709469723703,1.3633173785441184,0.0,0.17010792766658733,0.0,0.0,0.0
brake_1,429.876,0.7479709469723703,1.3633173785441184,0.0,0.17010792766658733,0.0,0.0,0.0
brake_1,429.912,0.7479709469723703,1.3633173785441184,0.0,0.17010792766658733,0.0,0.0,0.0
brake_1,429.948,0.7479709469723703,1.3633173785441184,0.0,0.17010792766658733,0.0,0.0,0.0
brake_1,429.984,0.7479709469723703,1.3633173785441184,0.0,0.17010792766658733,0.0,0.0,0.0
brake_1,430.02,0.7479709469723703,1.3633173785441184,0.0,0.17010792766658733,0.0,0.0,0.0
brake_1,430.056,0.7479709469723703,1.3633173785441184,0.0,0.17010792766658733,0.0,0.0,0.0
brake_1,430.092,0.7479709469723703,1.3633173785441184,0.0,0.17010792766658733,0.0,0.0,0.0
brake_1,430.128,0.7479709469723703,1.3633173785441184,0.0,0.17010792766658733,0.0,0.0,0.0
brake_1,430.164,0.7479709469723703,1.3633173785441184,0.0,0.17010792766658733,0.0,0.0,0.0
brake_1,430.2,0.7479709469723703,1.3633173785441184,0.0,0.17010792766658733,0.0,0.0,0.0
brake_1,430.236,0.7479709469723703,1.3633173785441184,0.0,0.17010792766658733,0.0,0.0,0.0
brake_1,430.272,0.7479709469723703,1.3633173785441184,0.0,0.17010792766658733,0.0,0.0,0.0
brake_1,430.308,0.7479709469723703,1.3633173785441184,0.0,0.17010792766658733,0.0,0.0,0.0
brake_1,430.344,0.7479709469723703,1.3633173785441184,0.0,0.17010792766658733,0.0,0.0,0.0
brake_1,430.38,0.7479709469723703,1.3633173785441184,0.0,0.17010792766658733,0.0,0.0,0.0
brake_1,430.416,0.7479709469723703,1.3633173785441184,0.0,0.17010792766658733,0.0,0.0,0.0
brake_1,430.452,0.7479709469723703,1.3633173785441184,0.0,0.17010792766658733,0.0,0.0,0.0
brake_1,430.488,0.7479709469723703,1.3633173785441184,0.0,0.17010792766658733,0.0,0.0,0.0
brake_1,430.524,0.7479709469723703,1.3633173785441184,0.0,0.17010792766658733,0.0,0.0,0.0
brake_1,430.56,0.7480578739372133,1.3633323098091128,0.0,0.1701079276665866,0.0029399999794343934,0.0,-2.6116749579514388e-14
brake_1,430.596,0.7485608085218932,1.3634186978427045,0.0,0.17010792766658195,0.015224999967444756,0.0,-1.5670049747708635e-13
brake_1,430.632,0.749510796071621,1.3635818752396416,0.0,0.17010792766658117,0.02782499996380657,0.0,-2.6116749579514388e-14
brake_1,430.668,0.7509078365863967,1.3638218419999235,0.0,0.17010792766657884,0.04042499996016468,0.0,-2.6116749579514388e-14
brake_1,430.704,0.7527519300662202,1.3641385981235503,0.0,0.17010792766657495,0.0530249999565191,0.0,-1.0446699831805755e-13
brake_1,430.74,0.7550430765110919,1.3645321436105224,0.0,0.17010792766657257,0.06562499995288093,0.0,-7.835024873854317e-14
brake_1,430.776,0.7577812759210115,1.3650024784608394,0.0,0.17010792766656951,0.07822499994924274,0.0,-1.0446699831805755e-13
brake_1,430.812,0.7609665282959792,1.3655496026745018,0.0,0.17010792766656718,0.09082499994560456,0.0,-2.6116749579514388e-14
brake_1,430.848,0.7645988336359946,1.366173516251509,0.0,0.17010792766656405,0.10342499994195527,0.0,-7.835024873854317e-14
brake_1,430.884,0.7686781919410579,1.3668742191918617,0.0,0.17010792766656097,0.11602499993831708,0.0,-1.0446699831805755e-13
brake_1,430.92,0.7732046032111695,1.3676517114955593,0.0,0.17010792766655786,0.12862499993468263,0.0,-1.0446699831805755e-13
brake_1,430.956,0.7781780674463289,1.368505993162602,0.0,0.1701079276665555,0.14122499993104443,0.0,-7.835024873854317e-14
brake_1,430.992,0.7835985846465363,1.36943706419299,0.0,0.1701079276665532,0.15382499992739887,0.0,-5.2233499159028776e-14
brake_1,431.028,0.7894661548117916,1.370444924586723,0.0,0.1701079276665501,0.16642499992375695,0.0,-1.0446699831805755e-13
brake_1,431.064,0.7957807779420949,1.371529574343801,0.0,0.1701079276665485,0.17902499992011875,0.0,-7.835024873854317e-14
brake_1,431.1,0.8025424540374463,1.372691013464224,0.0,0.1701079276665462,0.191624999916488,0.0,-5.2233499159028776e-14
brake_1,431.136,0.8097511830978453,1.373929241947992,0.0,0.17010792766654467,0.2042249999128387,0.0,-5.2233499159028776e-14
brake_1,431.172,0.8174069651232925,1.3752442597951053,0.0,0.17010792766654387,0.21682499990918944,0.0,0.0
brake_1,431.208,0.8255098001137874,1.3766360670055635,0.0,0.17010792766654156,0.22942499990555124,0.0,-7.835024873854317e-14
brake_1,431.244,0.8340596880693304,1.378104663579367,0.0,0.17010792766654156,0.24202499990192045,0.0,0.0
brake_1,431.28,0.8430566289899212,1.3796500495165154,0.0,0.17010792766654156,0.2546249998982749,0.0,-2.6116749579514388e-14
brake_1,431.316,0.8525006228755597,1.3812722248170088,0.0,0.17010792766654156,0.26722499989463305,0.0,-2.6116749579514388e-14
brake_1,431.352,0.8623916697262461,1.3829711894808476,0.0,0.17010792766654306,0.27982499989098,0.0,0.0
brake_1,431.388,0.8727297695419804,1.3847469435080313,0.0,0.17010792766654467,0.29242499988733817,0.0,5.223349915902879e-14
brake_1,431.424,0.8833663481733977,1.3865739666241605,0.0,0.17010792766654467,0.29999999990966886,0.0,0.0
brake_1,431.46,0.8940104663887625,1.3884022847990334,0.0,0.17010792766654542,0.2999999999115488,0.0,0.0
brake_1,431.496,0.9046545846041274,1.3902306029739062,0.0,0.17010792766654542,0.2999999999115488,0.0,0.0
brake_1,431.532,0.9152987028194923,1.392058921148779,0.0,0.17010792766654542,0.29999999991154885,0.0,0.0
brake_1,431.568,0.9259428210348571,1.3938872393236519,0.0,0.17010792766654467,0.2999999999115488,0.0,0.0
brake_1,431.604,0.9365869392502221,1.3957155574985247,0.0,0.17010792766654467,0.2999999999115488,0.0,0.0
brake_1,431.64,0.9472310574655868,1.3975438756733976,0.0,0.17010792766654467,0.2999999999115488,0.0,0.0
brake_1,431.676,0.9578751756809518,1.3993721938482704,0.0,0.17010792766654542,0.29999999991154874,0.0,0.0
brake_1,431.712,0.9685192938963173,1.4012005120231432,0.0,0.17010792766653995,0.299999999911571,0.0,-1.5670049747708635e-13
brake_1,431.748,0.9791634121116841,1.403028830198016,0.0,0.17010792766652835,0.29999999991160065,0.0,-3.656344941132014e-13
brake_1,431.784,0.9898075303270507,1.4048571483728889,0.0,0.1701079276665151,0.29999999991160065,0.0,-3.656344941132014e-13
brake_1,431.82,1.000451648542417,1.4066854665477617,0.0,0.1701079276665027,0.29999999991159315,0.0,-3.1340099495417265e-13
brake_1,431.856,1.011095766757784,1.4085137847226346,0.0,0.17010792766649022,0.29999999991160065,0.0,-3.656344941132014e-13
brake_1,431.892,1.0217398849731507,1.4103421028975074,0.0,0.17010792766647626,0.29999999991160065,0.0,-3.656344941132014e-13
brake_1,431.928,1.0323840031885174,1.41217042107238,0.0,0.17010792766646535,0.29999999991160065,0.0,-3.656344941132014e-13
brake_1,431.964,1.0430281214038841,1.4139987392472526,0.0,0.17010792766645133,0.29999999991160065,0.0,-3.656344941132014e-13
brake_1,432.0,1.0536722396192508,1.4158270574221252,0.0,0.17010792766644048,0.2999999999116006,0.0,-3.656344941132014e-13
brake_1,432.036,1.0643163578346175,1.4176553755969978,0.0,0.17010792766642654,0.29999999991160065,0.0,-3.656344941132014e-13
brake_1,432.072,1.074960476049984,1.4194836937718682,0.0,0.17010792766641408,0.29999999991159315,0.0,-3.1340099495417265e-13
brake_1,432.108,1.085604594265351,1.421312011946739,0.0,0.17010792766640162,0.29999999991160065,0.0,-3.656344941132014e-13
brake_1,432.144,1.0962487124807159,1.4231403301216092,0.0,0.1701079276664001,0.2999999999115488,0.0,0.0
brake_1,432.18,1.1068928306960808,1.4249686482964794,0.0,0.17010792766640162,0.2999999999115488,0.0,0.0
brake_1,432.216,1.1175369489114457,1.4267969664713496,0.0,0.1701079276664001,0.2999999999115488,0.0,0.0
brake_1,432.252,1.1281810671268104,1.4286252846462197,0.0,0.1701079276664001,0.29999999991154874,0.0,0.0
brake_1,432.288,1.1388251853421756,1.43045360282109,0.0,0.1701079276664001,0.2999999999115488,0.0,0.0
brake_1,432.324,1.1494693035575403,1.43228192099596,0.0,0.1701079276664001,0.2999999999115488,0.0,0.0
brake_1,432.36,1.1601134217729052,1.4341102391708302,0.0,0.17010792766640162,0.2999999999115488,0.0,0.0
brake_1,432.396,1.1707575399882701,1.4359385573457004,0.0,0.1701079276664001,0.2999999999115488,0.0,0.0
brake_1,432.432,1.1814016582036349,1.4377668755205706,0.0,0.1701079276664001,0.29999999991154874,0.0,0.0
brake_1,432.468,1.192045776419,1.4395951936954408,0.0,0.1701079276664001,0.2999999999115488,0.0,0.0
brake_1,432.504,1.2026898946343647,1.441423511870311,0.0,0.1701079276664001,0.2999999999115488,0.0,0.0
brake_1,432.54,1.2133340128497296,1.443251830045181,0.0,0.17010792766640162,0.2999999999115488,0.0,0.0
brake_1,432.576,1.2239781310650946,1.4450801482200513,0.0,0.1701079276664001,0.2999999999115488,0.0,0.0
brake_1,432.612,1.2346222492804604,1.4469084663949214,0.0,0.17010792766639235,0.2999999999115858,0.0,-2.611674957951439e-13
brake_1,432.648,1.2452663674958273,1.448736784569792,0.0,0.17010792766637983,0.29999999991160065,0.0,-3.656344941132014e-13
brake_1,432.684,1.2559104857111938,1.4505651027446622,0.0,0.17010792766636743,0.2999999999116006,0.0,-3.656344941132014e-13
brake_1,432.72,1.2665546039265607,1.4523934209195324,0.0,0.170107927666355,0.29999999991160065,0.0,-3.656344941132014e-13
brake_1,432.756,1.2771987221419272,1.4542217390944026,0.0,0.17010792766634256,0.2999999999116006,0.0,-3.656344941132014e-13
brake_1,432.792,1.287842840357294,1.4560500572692727,0.0,0.17010792766632857,0.2999999999116006,0.0,-3.656344941132014e-13
brake_1,432.828,1.2984869585726606,1.457878375444143,0.0,0.17010792766631766,0.2999999999115932,0.0,-3.1340099495417265e-13
brake_1,432.864,1.3091310767880273,1.459706693619013,0.0,0.1701079276663037,0.29999999991160065,0.0,-3.656344941132014e-13
brake_1,432.9,1.319775195003394,1.4615350117938832,0.0,0.17010792766629285,0.2999999999115932,0.0,-3.1340099495417265e-13
brake_1,432.936,1.3304193132187607,1.4633633299687534,0.0,0.17010792766627883,0.29999999991160065,0.0,-3.656344941132014e-13
brake_1,432.972,1.3410634314341274,1.4651916481436236,0.0,0.1701079276662649,0.2999999999116006,0.0,-3.656344941132014e-13
brake_1,433.008,1.3517075496494937,1.4670199663184937,0.0,0.1701079276662571,0.29999999991158577,0.0,-2.611674957951439e-13
brake_1,433.044,1.3623516678648586,1.468848284493364,0.0,0.17010792766625552,0.2999999999115488,0.0,0.0
brake_1,433.08,1.3729957860802235,1.470676602668234,0.0,0.1701079276662571,0.2999999999115488,0.0,0.0
brake_1,433.116,1.3836399042955883,1.4725049208431042,0.0,0.1701079276662571,0.2999999999115488,0.0,0.0
brake_1,433.152,1.3942840225109532,1.4743332390179744,0.0,0.17010792766625552,0.2999999999115488,0.0,0.0
brake_1,433.188,1.404928140726318,1.4761615571928446,0.0,0.1701079276662571,0.2999999999115488,0.0,0.0
brake_1,433.224,1.415572258941683,1.4779898753677148,0.0,0.17010792766625552,0.2999999999115488,0.0,0.0
brake_1,433.26,1.426216377157048,1.479818193542585,0.0,0.1701079276662571,0.2999999999115488,0.0,0.0
brake_1,433.296,1.4368604953724127,1.481646511717455,0.0,0.1701079276662571,0.2999999999115488,0.0,0.0
brake_1,433.332,1.4475046135877776,1.4834748298923253,0.0,0.17010792766625552,0.2999999999115488,0.0,0.0
brake_1,433.368,1.4581487318031425,1.4853031480671954,0.0,0.1701079276662571,0.2999999999115488,0.0,0.0
brake_1,433.404,1.4687928500185075,1.4871314662420656,0.0,0.17010792766625552,0.2999999999115488,0.0,0.0
brake_1,433.44,1.4794369682338724,1.4889597844169358,0.0,0.1701079276662571,0.2999999999115488,0.0,0.0
brake_1,433.476,1.490081086449237,1.490788102591806,0.0,0.1701079276662571,0.2999999999115488,0.0,0.0
brake_1,433.512,1.5007252046646036,1.492616420766676,0.0,0.17010792766624463,0.2999999999116006,0.0,-3.656344941132014e-13
brake_1,433.548,1.5113693228799703,1.4944447389415463,0.0,0.1701079276662338,0.29999999991160065,0.0,-3.656344941132014e-13
brake_1,433.584,1.522013441095337,1.4962730571164164,0.0,0.1701079276662198,0.29999999991160065,0.0,-3.656344941132014e-13
brake_1,433.62,1.5326575593107037,1.4981013752912864,0.0,0.1701079276662089,0.2999999999116006,0.0,-3.656344941132014e-13
brake_1,433.656,1.5433016775260704,1.4999296934661563,0.0,0.17010792766619487,0.29999999991160065,0.0,-3.656344941132014e-13
brake_1,433.692,1.5539457957414369,1.5017580116410263,0.0,0.17010792766618243,0.29999999991159315,0.0,-3.1340099495417265e-13
brake_1,433.728,1.5645899139568038,1.5035863298158954,0.0,0.17010792766617006,0.29999999991160065,0.0,-3.656344941132014e-13
brake_1,433.764,1.5752340321721705,1.505414647990763,0.0,0.17010792766615604,0.29999999991160065,0.0,-3.656344941132014e-13
brake_1,433.8,1.5858781503875372,1.5072429661656312,0.0,0.1701079276661452,0.29999999991160065,0.0,-3.656344941132014e-13
brake_1,433.836,1.596522268602904,1.509071284340499,0.0,0.17010792766613123,0.29999999991160065,0.0,-3.656344941132014e-13
brake_1,433.872,1.6071663868182704,1.5108996025153665,0.0,0.1701079276661187,0.2999999999116006,0.0,-3.656344941132014e-13
brake_1,433.908,1.6178105050336364,1.512727920690234,0.0,0.17010792766611255,0.299999999911571,0.0,-1.5670049747708635e-13
brake_1,433.944,1.6284546232490011,1.5145562388651015,0.0,0.17010792766611255,0.2999999999115488,0.0,0.0
brake_1,433.98,1.639098741464366,1.516384557039969,0.0,0.17010792766611407,0.2999999999115488,0.0,0.0
brake_1,434.016,1.6497428596797312,1.5182128752148365,0.0,0.17010792766611407,0.29999999991155624,0.0,5.2233499159028776e-14
brake_1,434.052,1.660386977895096,1.520041193389704,0.0,0.17010792766611407,0.2999999999115488,0.0,0.0
brake_1,434.088,1.6710310961104609,1.5218695115645715,0.0,0.17010792766611255,0.2999999999115488,0.0,0.0
brake_1,434.124,1.6816752143258258,1.523697829739439,0.0,0.17010792766611407,0.2999999999115488,0.0,0.0
brake_1,434.16,1.6923193325411905,1.5255261479143065,0.0,0.17010792766611407,0.29999999991154874,0.0,0.0
brake_1,434.196,1.7029634507565559,1.527354466089174,0.0,0.17010792766611255,0.2999999999115488,0.0,0.0
brake_1,434.232,1.7136075689719206,1.5291827842640415,0.0,0.17010792766611255,0.2999999999115488,0.0,0.0
brake_1,434.268,1.7242516871872853,1.531011102438909,0.0,0.17010792766611255,0.29999999991154874,0.0,0.0
brake_1,434.304,1.7348958054026504,1.5328394206137765,0.0,0.17010792766611255,0.2999999999115488,0.0,0.0
brake_1,434.34,1.7455399236180151,1.534667738788644,0.0,0.17010792766611255,0.2999999999115488,0.0,0.0
brake_1,434.376,1.7561840418333803,1.5364960569635115,0.0,0.17010792766611255,0.2999999999115488,0.0,0.0
brake_1,434.412,1.766828160048745,1.538324375138379,0.0,0.17010792766611255,0.2999999999115488,0.0,0.0
brake_1,434.448,1.77747227826411,1.5401526933132466,0.0,0.17010792766611407,0.2999999999115488,0.0,0.0
brake_1,434.484,1.7881163964794748,1.541981011488114,0.0,0.17010792766611255,0.2999999999115488,0.0,0.0
brake_1,434.52,1.7987605146948396,1.5438093296629816,0.0,0.17010792766611255,0.29999999991154874,0.0,0.0
brake_1,434.556,1.8093447597457462,1.545627363548202,0.0,0.17010792766611094,0.2979749999291477,0.0,-5.2233499159028776e-14
brake_1,434.592,1.8194380448446705,1.5473610662577273,0.0,0.17010792766611094,0.2831249999504607,0.0,5.2233499159028776e-14
brake_1,434.628,1.8289565475599618,1.5489960397858094,0.0,0.17010792766611094,0.2669249999551463,0.0,0.0
brake_1,434.664,1.8379002678916199,1.5505322841324478,0.0,0.17010792766610627,0.25072499995981706,0.0,-5.2233499159028776e-14
brake_1,434.7,1.8462692058396448,1.5519697992976427,0.0,0.17010792766610627,0.23452499996450277,0.0,0.0
brake_1,434.736,1.8540633614040367,1.5533085852813941,0.0,0.17010792766610627,0.2183249999691809,0.0,0.0
brake_1,434.772,1.8612827345847955,1.554548642083702,0.0,0.17010792766610472,0.20212499997386651,0.0,-5.2233499159028776e-14
brake_1,434.808,1.8679273253819206,1.5556899697045667,0.0,0.17010792766610472,0.1859249999785373,0.0,0.0
brake_1,434.844,1.873997133795413,1.5567325681439879,0.0,0.17010792766610316,0.16972499998322288,0.0,-5.2233499159028776e-14
brake_1,434.88,1.879492159825272,1.5576764374019654,0.0,0.17010792766610316,0.15352499998789365,0.0,0.0
brake_1,434.916,1.8844124034714973,1.5585215774784993,0.0,0.17010792766610316,0.13732499999256445,0.0,-5.2233499159028776e-14
brake_1,434.952,1.8887578647340906,1.5592679883735903,0.0,0.17010792766610472,0.12112499999726485,0.0,0.0
brake_1,434.988,1.89252854361305,1.5599156700872374,0.0,0.17010792766610794,0.10492500000192824,0.0,1.0446699831805758e-13
brake_1,435.024,1.895724440108376,1.5604646226194412,0.0,0.17010792766610944,0.08872500000659904,0.0,5.2233499159028776e-14
brake_1,435.06,1.898345554220069,1.5609148459702016,0.0,0.17010792766610944,0.07252500001129203,0.0,5.2233499159028776e-14
brake_1,435.096,1.900391885948129,1.5612663401395186,0.0,0.17010792766611257,0.05632500001597022,0.0,1.5670049747708635e-13
brake_1,435.132,1.9018634352925554,1.5615191051273918,0.0,0.17010792766611574,0.04012500002064101,0.0,1.0446699831805755e-13
brake_1,435.168,1.902760202253349,1.5616731409338218,0.0,0.17010792766611413,0.023925000025326604,0.0,-5.2233499159028776e-14
brake_1,435.204,1.90308218683051,1.5617284475588082,0.0,0.17010792766611574,0.007725000030004796,0.0,5.2233499159028776e-14
brake_1,435.24,1.9030830738404736,1.5617285999186754,0.0,0.17010792766611724,0.0,0.0,0.0
brake_1,435.276,1.9030830738404736,1.5617285999186754,0.0,0.17010792766611724,0.0,0.0,0.0
brake_1,435.312,1.9030830738404736,1.5617285999186754,0.0,0.17010792766611724,0.0,0.0,0.0
brake_1,435.348,1.9030830738404736,1.5617285999186754,0.0,0.17010792766611724,0.0,0.0,0.0
brake_1,435.384,1.9030830738404736,1.5617285999186754,0.0,0.17010792766611724,0.0,0.0,0.0
brake_1,435.42,1.9030830738404736,1.5617285999186754,0.0,0.17010792766611724,0.0,0.0,0.0
brake_1,435.456,1.9030830738404736,1.5617285999186754,0.0,0.17010792766611724,0.0,0.0,0.0
brake_1,435.492,1.9030830738404736,1.5617285999186754,0.0,0.17010792766611724,0.0,0.0,0.0
brake_1,435.528,1.9030830738404736,1.5617285999186754,0.0,0.17010792766611724,0.0,0.0,0.0
brake_1,435.564,1.9030830738404736,1.5617285999186754,0.0,0.17010792766611724,0.0,0.0,0.0
brake_1,435.6,1.9030830738404736,1.5617285999186754,0.0,0.17010792766611724,0.0,0.0,0.0
brake_1,435.636,1.9030830738404736,1.5617285999186754,0.0,0.17010792766611724,0.0,0.0,0.0
brake_1,435.672,1.9030830738404736,1.5617285999186754,0.0,0.17010792766611724,0.0,0.0,0.0
brake_1,435.708,1.9030830738404736,1.5617285999186754,0.0,0.17010792766611724,0.0,0.0,0.0
brake_1,435.744,1.9030830738404736,1.5617285999186754,0.0,0.17010792766611724,0.0,0.0,0.0
brake_1,435.78,1.9030830738404736,1.5617285999186754,0.0,0.17010792766611724,0.0,0.0,0.0
brake_1,435.816,1.9030830738404736,1.5617285999186754,0.0,0.17010792766611724,0.0,0.0,0.0
brake_1,435.852,1.9030830738404736,1.5617285999186754,0.0,0.17010792766611724,0.0,0.0,0.0
brake_1,435.888,1.9030830738404736,1.5617285999186754,0.0,0.17010792766611724,0.0,0.0,0.0
brake_1,435.924,1.9030830738404736,1.5617285999186754,0.0,0.17010792766611724,0.0,0.0,0.0
brake_1,435.96,1.9030830738404736,1.5617285999186754,0.0,0.17010792766611724,0.0,0.0,0.0
brake_1,435.996,1.9030830738404736,1.5617285999186754,0.0,0.17010792766611724,0.0,0.0,0.0
brake_1,436.032,1.9030830738404736,1.5617285999186754,0.0,0.17010792766611724,0.0,0.0,0.0
brake_1,436.068,1.9030830738404736,1.5617285999186754,0.0,0.17010792766611724,0.0,0.0,0.0
brake_1,436.104,1.9030830738404736,1.5617285999186754,0.0,0.17010792766611724,0.0,0.0,0.0
brake_1,436.14,1.9030830738404736,1.5617285999186754,0.0,0.17010792766611724,0.0,0.0,0.0
brake_1,436.176,1.9030830738404736,1.5617285999186754,0.0,0.17010792766611724,0.0,0.0,0.0
brake_1,436.212,1.9030830738404736,1.5617285999186754,0.0,0.17010792766611724,0.0,0.0,0.0
brake_1,436.248,1.9030830738404736,1.5617285999186754,0.0,0.17010792766611724,0.0,0.0,0.0
brake_1,436.284,1.9030830738404736,1.5617285999186754,0.0,0.17010792766611724,0.0,0.0,0.0
brake_1,436.32,1.9030830738404736,1.5617285999186754,0.0,0.17010792766611724,0.0,0.0,0.0
brake_1,436.356,1.9030830738404736,1.5617285999186754,0.0,0.17010792766611724,0.0,0.0,0.0
brake_1,436.392,1.9030830738404736,1.5617285999186754,0.0,0.17010792766611724,0.0,0.0,0.0
brake_1,436.428,1.9030830738404736,1.5617285999186754,0.0,0.17010792766611724,0.0,0.0,0.0
brake_1,436.464,1.9030830738404736,1.5617285999186754,0.0,0.17010792766611724,0.0,0.0,0.0
brake_1,436.5,1.9030830738404736,1.5617285999186754,0.0,0.17010792766611724,0.0,0.0,0.0
brake_1,436.536,1.9030830738404736,1.5617285999186754,0.0,0.17010792766611724,0.0,0.0,0.0
brake_1,436.572,1.9030830738404736,1.5617285999186754,0.0,0.17010792766611724,0.0,0.0,0.0
brake_1,436.608,1.9030830738404736,1.5617285999186754,0.0,0.17010792766611724,0.0,0.0,0.0
brake_1,436.644,1.9030830738404736,1.5617285999186754,0.0,0.17010792766611724,0.0,0.0,0.0
brake_1,436.68,1.9030830738404736,1.5617285999186754,0.0,0.17010792766611724,0.0,0.0,0.0
brake_1,436.716,1.9030830738404736,1.5617285999186754,0.0,0.17010792766611724,0.0,0.0,0.0
brake_1,436.752,1.9030830738404736,1.5617285999186754,0.0,0.17010792766611724,0.0,0.0,0.0
brake_1,436.788,1.9030830738404736,1.5617285999186754,0.0,0.17010792766611724,0.0,0.0,0.0
brake_1,436.824,1.9030830738404736,1.5617285999186754,0.0,0.17010792766611724,0.0,0.0,0.0
brake_1,436.86,1.9030830738404736,1.5617285999186754,0.0,0.17010792766611724,0.0,0.0,0.0
brake_1,436.896,1.9030830738404736,1.5617285999186754,0.0,0.17010792766611724,0.0,0.0,0.0
brake_1,436.932,1.9030830738404736,1.5617285999186754,0.0,0.17010792766611724,0.0,0.0,0.0
brake_1,436.968,1.9030830738404736,1.5617285999186754,0.0,0.17010792766611724,0.0,0.0,0.0
brake_1,437.004,1.9030830738404736,1.5617285999186754,0.0,0.17010792766611724,0.0,0.0,0.0
brake_1,437.04,1.9030830738404736,1.5617285999186754,0.0,0.17010792766611724,0.0,0.0,0.0
brake_1,437.076,1.9030830738404736,1.5617285999186754,0.0,0.17010792766611724,0.0,0.0,0.0
brake_1,437.112,1.9030830738404736,1.5617285999186754,0.0,0.17010792766611724,0.0,0.0,0.0
brake_1,437.148,1.9030830738404736,1.5617285999186754,0.0,0.17010792766611724,0.0,0.0,0.0
brake_1,437.184,1.9030830738404736,1.5617285999186754,0.0,0.17010792766611724,0.0,0.0,0.0
brake_1,437.22,1.9030830738404736,1.5617285999186754,0.0,0.17010792766611724,0.0,0.0,0.0
brake_1,437.256,1.9030830738404736,1.5617285999186754,0.0,0.17010792766611724,0.0,0.0,0.0
brake_1,437.292,1.9030830738404736,1.5617285999186754,0.0,0.17010792766611724,0.0,0.0,0.0
brake_1,437.328,1.9030830738404736,1.5617285999186754,0.0,0.17010792766611724,0.0,0.0,0.0
brake_1,437.364,1.9030830738404736,1.5617285999186754,0.0,0.17010792766611724,0.0,0.0,0.0
brake_1,437.4,1.9030830738404736,1.5617285999186754,0.0,0.17010792766611724,0.0,0.0,0.0
brake_1,437.436,1.9030830738404736,1.5617285999186754,0.0,0.17010792766611724,0.0,0.0,0.0
brake_1,437.472,1.9030830738404736,1.5617285999186754,0.0,0.17010792766611724,0.0,0.0,0.0
brake_1,437.508,1.9030830738404736,1.5617285999186754,0.0,0.17010792766611724,0.0,0.0,0.0
reset,437.544,1.9030830738404736,1.5617285999186754,0.0,0.17010792766611724,0.0,0.0,0.0
reset,437.58,1.9030830738404736,1.5617285999186754,0.0,0.17010792766611724,0.0,0.0,0.0
reset,437.616,1.9030830738404736,1.5617285999186754,0.0,0.17010792766611724,0.0,0.0,0.0
reset,437.652,1.9030830738404736,1.5617285999186754,0.0,0.17010792766611724,0.0,0.0,0.0
reset,437.688,1.9030830738404736,1.5617285999186754,0.0,0.17010792766611724,0.0,0.0,0.0
reset,437.724,1.9030830738404736,1.5617285999186754,0.0,0.17010792766611724,0.0,0.0,0.0
reset,437.76,1.9030830738404736,1.5617285999186754,0.0,0.17010792766611724,0.0,0.0,0.0
reset,437.796,1.9030830738404736,1.5617285999186754,0.0,0.17010792766611724,0.0,0.0,0.0
reset,437.832,1.9030830738404736,1.5617285999186754,0.0,0.17010792766611724,0.0,0.0,0.0
reset,437.868,1.9030830738404736,1.5617285999186754,0.0,0.17010792766611724,0.0,0.0,0.0
reset,437.904,1.9030830738404736,1.5617285999186754,0.0,0.17010792766611724,0.0,0.0,0.0
reset,437.94,1.9030830738404736,1.5617285999186754,0.0,0.17010792766611724,0.0,0.0,0.0
reset,437.976,1.9030830738404736,1.5617285999186754,0.0,0.17010792766611724,0.0,0.0,0.0
reset,438.012,1.9030830738404736,1.5617285999186754,0.0,0.17010792766611724,0.0,0.0,0.0
reset,438.048,1.9030830738404736,1.5617285999186754,0.0,0.17010792766611724,0.0,0.0,0.0
reset,438.084,1.9030830738404736,1.5617285999186754,0.0,0.17010792766611724,0.0,0.0,0.0
reset,438.12,1.9030830738404736,1.5617285999186754,0.0,0.17010792766611724,0.0,0.0,0.0
reset,438.156,1.9030830738404736,1.5617285999186754,0.0,0.17010792766611724,0.0,0.0,0.0
reset,438.192,1.9030830738404736,1.5617285999186754,0.0,0.17010792766611724,0.0,0.0,0.0
reset,438.228,1.9030830738404736,1.5617285999186754,0.0,0.17010792766611724,0.0,0.0,0.0
reset,438.264,1.9030830738404736,1.5617285999186754,0.0,0.17010792766611724,0.0,0.0,0.0
reset,438.3,1.9030830738404736,1.5617285999186754,0.0,0.17010792766611724,0.0,0.0,0.0
reset,438.336,1.9030830738404736,1.5617285999186754,0.0,0.17010792766611724,0.0,0.0,0.0
reset,438.372,1.9030830738404736,1.5617285999186754,0.0,0.17010792766611724,0.0,0.0,0.0
reset,438.408,1.9030830738404736,1.5617285999186754,0.0,0.17010792766611724,0.0,0.0,0.0
reset,438.444,1.9030830738404736,1.5617285999186754,0.0,0.17010792766611724,0.0,0.0,0.0
reset,438.48,1.9030830738404736,1.5617285999186754,0.0,0.17010792766611724,0.0,0.0,0.0
reset,438.516,1.9030830738404736,1.5617285999186754,0.0,0.17010792766611724,0.0,0.0,0.0
reset,438.588,1.9030830738404736,1.5617285999186754,0.0,0.17010792766611724,0.0,0.0,0.0
reset,438.624,1.9030830738404736,1.5617285999186754,0.0,0.17010792766611724,0.0,0.0,0.0
reset,438.66,1.9030830738404736,1.5617285999186754,0.0,0.17010792766611724,0.0,0.0,0.0
reset,438.696,1.9030830738404736,1.5617285999186754,0.0,0.17010792766611724,0.0,0.0,0.0
reset,438.732,1.9030830738404736,1.5617285999186754,0.0,0.17010792766611724,0.0,0.0,0.0
reset,438.768,1.9030830738404736,1.5617285999186754,0.0,0.17010792766611724,0.0,0.0,0.0
reset,438.804,1.9030830738404736,1.5617285999186754,0.0,0.17010792766611724,0.0,0.0,0.0
reset,438.84,1.9030830738404736,1.5617285999186754,0.0,0.17010792766611724,0.0,0.0,0.0
reset,438.876,1.9030830738404736,1.5617285999186754,0.0,0.17010792766611724,0.0,0.0,0.0
reset,438.912,1.9030830738404736,1.5617285999186754,0.0,0.17010792766611724,0.0,0.0,0.0
reset,438.948,1.9030830738404736,1.5617285999186754,0.0,0.17010792766611724,0.0,0.0,0.0
reset,438.984,1.9030830738404736,1.5617285999186754,0.0,0.17010792766611724,0.0,0.0,0.0
reset,439.02,1.9030830738404736,1.5617285999186754,0.0,0.17010792766611724,0.0,0.0,0.0
reset,439.056,1.9030830738404736,1.5617285999186754,0.0,0.17010792766611724,0.0,0.0,0.0
reset,439.092,1.9030830738404736,1.5617285999186754,0.0,0.17010792766611724,0.0,0.0,0.0
reset,439.128,1.9030830738404736,1.5617285999186754,0.0,0.17010792766611724,0.0,0.0,0.0
reset,439.164,1.9030830738404736,1.5617285999186754,0.0,0.17010792766611724,0.0,0.0,0.0
reset,439.2,1.9030830738404736,1.5617285999186754,0.0,0.17010792766611724,0.0,0.0,0.0
reset,439.236,1.9030830738404736,1.5617285999186754,0.0,0.17010792766611724,0.0,0.0,0.0
reset,439.272,1.9030830738404736,1.5617285999186754,0.0,0.17010792766611724,0.0,0.0,0.0
reset,439.308,1.9030830738404736,1.5617285999186754,0.0,0.17010792766611724,0.0,0.0,0.0
reset,439.344,1.9030830738404736,1.5617285999186754,0.0,0.17010792766611724,0.0,0.0,0.0
reset,439.38,1.9030830738404736,1.5617285999186754,0.0,0.17010792766611724,0.0,0.0,0.0
reset,439.416,1.9030830738404736,1.5617285999186754,0.0,0.17010792766611724,0.0,0.0,0.0
reset,439.452,1.9030830738404736,1.5617285999186754,0.0,0.17010792766611724,0.0,0.0,0.0
reset,439.488,1.9030830738404736,1.5617285999186754,0.0,0.17010792766611724,0.0,0.0,0.0
reset,439.524,1.9030830738404736,1.5617285999186754,0.0,0.17010792766611724,0.0,0.0,0.0
reset,439.56,1.9030830738404736,1.5617285999186754,0.0,0.17010792766611724,0.0,0.0,0.0
reset,439.596,1.9030830738404736,1.5617285999186754,0.0,0.17010792766611724,0.0,0.0,0.0
reset,439.632,1.9030830738404736,1.5617285999186754,0.0,0.17010792766611724,0.0,0.0,0.0
reset,439.668,1.9030830738404736,1.5617285999186754,0.0,0.17010792766611724,0.0,0.0,0.0
reset,439.704,1.9030830738404736,1.5617285999186754,0.0,0.17010792766611724,0.0,0.0,0.0
reset,439.74,1.9030830738404736,1.5617285999186754,0.0,0.17010792766611724,0.0,0.0,0.0
reset,439.776,1.9030830738404736,1.5617285999186754,0.0,0.17010792766611724,0.0,0.0,0.0
reset,439.812,1.9030830738404736,1.5617285999186754,0.0,0.17010792766611724,0.0,0.0,0.0
reset,439.848,1.9030830738404736,1.5617285999186754,0.0,0.17010792766611724,0.0,0.0,0.0
reset,439.884,1.9030830738404736,1.5617285999186754,0.0,0.17010792766611724,0.0,0.0,0.0
reset,439.92,1.9030830738404736,1.5617285999186754,0.0,0.17010792766611724,0.0,0.0,0.0
reset,439.956,1.9030830738404736,1.5617285999186754,0.0,0.17010792766611724,0.0,0.0,0.0
reset,439.992,1.9030830738404736,1.5617285999186754,0.0,0.17010792766611724,0.0,0.0,0.0
reset,440.028,1.9030830738404736,1.5617285999186754,0.0,0.17010792766611724,0.0,0.0,0.0
forward_2,440.064,1.9030830738404736,1.5617285999186754,0.0,0.17010792766611724,0.0,0.0,0.0
forward_2,440.1,1.9030830738404736,1.5617285999186754,0.0,0.17010792766611724,0.0,0.0,0.0
forward_2,440.136,1.9030830738404736,1.5617285999186754,0.0,0.17010792766611724,0.0,0.0,0.0
forward_2,440.172,1.9030830738404736,1.5617285999186754,0.0,0.17010792766611724,0.0,0.0,0.0
forward_2,440.208,1.9030830738404736,1.5617285999186754,0.0,0.17010792766611724,0.0,0.0,0.0
forward_2,440.244,1.9030830738404736,1.5617285999186754,0.0,0.17010792766611724,0.0,0.0,0.0
forward_2,440.28,1.9030830738404736,1.5617285999186754,0.0,0.17010792766611724,0.0,0.0,0.0
forward_2,440.316,1.9030830738404736,1.5617285999186754,0.0,0.17010792766611724,0.0,0.0,0.0
forward_2,440.352,1.9030830738404736,1.5617285999186754,0.0,0.17010792766611724,0.0,0.0,0.0
forward_2,440.388,1.9030830738404736,1.5617285999186754,0.0,0.17010792766611724,0.0,0.0,0.0
forward_2,440.424,1.9030830738404736,1.5617285999186754,0.0,0.17010792766611724,0.0,0.0,0.0
forward_2,440.46,1.9030830738404736,1.5617285999186754,0.0,0.17010792766611724,0.0,0.0,0.0
forward_2,440.496,1.9030830738404736,1.5617285999186754,0.0,0.17010792766611724,0.0,0.0,0.0
forward_2,440.532,1.9030830738404736,1.5617285999186754,0.0,0.17010792766611724,0.0,0.0,0.0
forward_2,440.568,1.9030830738404736,1.5617285999186754,0.0,0.17010792766611724,0.0,0.0,0.0
forward_2,440.604,1.9030830738404736,1.5617285999186754,0.0,0.17010792766611724,0.0,0.0,0.0
forward_2,440.64,1.9030830738404736,1.5617285999186754,0.0,0.17010792766611724,0.0,0.0,0.0
forward_2,440.676,1.9030830738404736,1.5617285999186754,0.0,0.17010792766611724,0.0,0.0,0.0
forward_2,440.712,1.9030830738404736,1.5617285999186754,0.0,0.17010792766611724,0.0,0.0,0.0
forward_2,440.748,1.9030830738404736,1.5617285999186754,0.0,0.17010792766611724,0.0,0.0,0.0
forward_2,440.784,1.9030830738404736,1.5617285999186754,0.0,0.17010792766611724,0.0,0.0,0.0
forward_2,440.82,1.9030830738404736,1.5617285999186754,0.0,0.17010792766611724,0.0,0.0,0.0
forward_2,440.856,1.9030830738404736,1.5617285999186754,0.0,0.17010792766611724,0.0,0.0,0.0
forward_2,440.892,1.9030830738404736,1.5617285999186754,0.0,0.17010792766611724,0.0,0.0,0.0
forward_2,440.928,1.9030830738404736,1.5617285999186754,0.0,0.17010792766611724,0.0,0.0,0.0
forward_2,440.964,1.9030830738404736,1.5617285999186754,0.0,0.17010792766611724,0.0,0.0,0.0
forward_2,441.0,1.9030830738404736,1.5617285999186754,0.0,0.17010792766611724,0.0,0.0,0.0
forward_2,441.036,1.9030830738404736,1.5617285999186754,0.0,0.17010792766611724,0.0,0.0,0.0
forward_2,441.072,1.9032227778913011,1.561752596594592,0.0,0.17010792766611876,0.004724999973274949,0.0,5.2233499159028776e-14
forward_2,441.108,1.9038002213034888,1.5618517828554075,0.0,0.17010792766611876,0.017324999966827903,0.0,0.0
forward_2,441.144,1.9048247176807238,1.5620277584795679,0.0,0.17010792766611876,0.029924999963186018,0.0,0.0
forward_2,441.18,1.9062962670230075,1.5622805234670734,0.0,0.17010792766611876,0.04252499995954414,0.0,0.0
forward_2,441.216,1.9082148693303387,1.5626100778179235,0.0,0.1701079276661235,0.05512499995589485,0.0,1.5670049747708635e-13
forward_2,441.252,1.9105805246027179,1.5630164215321185,0.0,0.1701079276661235,0.06772499995224557,0.0,0.0
forward_2,441.288,1.9133932328401457,1.5634995546096586,0.0,0.1701079276661235,0.08032499994863328,0.0,0.0
forward_2,441.324,1.916652994042621,1.5640594770505434,0.0,0.1701079276661235,0.0929249999449914,0.0,0.0
forward_2,441.36,1.920359808210144,1.564696188854773,0.0,0.17010792766612814,0.10552499994133471,0.0,1.0446699831805755e-13
forward_2,441.396,1.9245136753427154,1.5654096900223475,0.0,0.17010792766612967,0.11812499993770023,0.0,5.2233499159028776e-14
forward_2,441.432,1.9291145954403348,1.5661999805532671,0.0,0.17010792766612967,0.13072499993406575,0.0,0.0
forward_2,441.468,1.934162568503002,1.5670670604475316,0.0,0.17010792766612967,0.14332499993042386,0.0,0.0
forward_2,441.504,1.9396575945307168,1.568010929705141,0.0,0.17010792766613436,0.1559249999267672,0.0,1.0446699831805755e-13
forward_2,441.54,1.94559967352348,1.5690315883260955,0.0,0.17010792766613908,0.1685249999231327,0.0,1.5670049747708635e-13
forward_2,441.576,1.951988805481291,1.570129036310395,0.0,0.17010792766613908,0.18112499991949085,0.0,5.2233499159028776e-14
forward_2,441.612,1.9588249904041504,1.5713032736580395,0.0,0.17010792766613908,0.19372499991587117,0.0,0.0
forward_2,441.648,1.965919590864505,1.5725218985081815,0.0,0.17010792766613747,0.1999999999404256,0.0,0.0
forward_2,441.684,1.9730156696747267,1.5737407772914234,0.0,0.17010792766613747,0.19999999994043302,0.0,-5.2233499159028776e-14
forward_2,441.72,1.9801117484849482,1.574959656074665,0.0,0.17010792766613908,0.19999999994043302,0.0,5.2233499159028776e-14
forward_2,441.756,1.9872078272951696,1.5761785348579067,0.0,0.17010792766613747,0.1999999999404256,0.0,0.0
forward_2,441.792,1.994303906105391,1.5773974136411484,0.0,0.17010792766613908,0.19999999994042564,0.0,0.0
forward_2,441.828,2.001399984915613,1.5786162924243903,0.0,0.17010792766613908,0.19999999994043302,0.0,5.2233499159028776e-14
forward_2,441.864,2.0084960637258362,1.579835171207632,0.0,0.17010792766613747,0.1999999999404256,0.0,0.0
forward_2,441.9,2.0155921425360592,1.5810540499908736,0.0,0.17010792766613908,0.1999999999404256,0.0,0.0
forward_2,441.936,2.0226882213462822,1.5822729287741153,0.0,0.17010792766613747,0.19999999994042564,0.0,0.0
forward_2,441.972,2.0297843001565052,1.5834918075573572,0.0,0.17010792766613747,0.19999999994043302,0.0,-5.2233499159028776e-14
forward_2,442.008,2.0368803789667282,1.5847106863405989,0.0,0.17010792766613908,0.1999999999404256,0.0,0.0
forward_2,442.044,2.0439764577769512,1.5859295651238405,0.0,0.17010792766613747,0.19999999994042564,0.0,0.0
forward_2,442.08,2.0510725365871743,1.5871484439070824,0.0,0.17010792766613747,0.19999999994043302,0.0,-5.2233499159028776e-14
forward_2,442.116,2.0581686153973973,1.588367322690324,0.0,0.17010792766613908,0.19999999994043302,0.0,5.2233499159028776e-14
forward_2,442.152,2.0652646942076203,1.5895862014735658,0.0,0.17010792766613747,0.1999999999404256,0.0,0.0
forward_2,442.188,2.0723607730178433,1.5908050802568077,0.0,0.17010792766613747,0.19999999994043302,0.0,-5.2233499159028776e-14
forward_2,442.224,2.0794568518280663,1.5920239590400493,0.0,0.17010792766613908,0.19999999994043302,0.0,5.2233499159028776e-14
forward_2,442.26,2.0865529306382893,1.593242837823291,0.0,0.17010792766613747,0.1999999999404256,0.0,0.0
forward_2,442.296,2.0936490094485123,1.5944617166065327,0.0,0.17010792766613908,0.19999999994042564,0.0,0.0
forward_2,442.332,2.1007450882587353,1.5956805953897746,0.0,0.17010792766613908,0.19999999994043302,0.0,5.2233499159028776e-14
forward_2,442.368,2.1078411670689583,1.5968994741730163,0.0,0.17010792766613747,0.1999999999404256,0.0,0.0
forward_2,442.404,2.1149372458791813,1.598118352956258,0.0,0.17010792766613908,0.1999999999404256,0.0,0.0
forward_2,442.44,2.1220333246894043,1.5993372317394996,0.0,0.17010792766613747,0.19999999994042564,0.0,0.0
forward_2,442.476,2.1291294034996273,1.6005561105227415,0.0,0.17010792766613747,0.19999999994043302,0.0,-5.2233499159028776e-14
forward_2,442.512,2.1362254823098503,1.6017749893059832,0.0,0.17010792766613908,0.1999999999404256,0.0,0.0
forward_2,442.548,2.1433215611200733,1.6029938680892248,0.0,0.17010792766613747,0.1999999999404256,0.0,0.0
forward_2,442.584,2.1504176399302963,1.6042127468724667,0.0,0.17010792766613747,0.19999999994043302,0.0,-5.2233499159028776e-14
forward_2,442.62,2.1575137187405193,1.6054316256557084,0.0,0.17010792766613908,0.19999999994043302,0.0,5.2233499159028776e-14
forward_2,442.656,2.1646097975507423,1.60665050443895,0.0,0.17010792766613747,0.1999999999404256,0.0,0.0
forward_2,442.692,2.1717058763609653,1.6078693832221918,0.0,0.17010792766613908,0.19999999994042564,0.0,0.0
forward_2,442.728,2.1788019551711884,1.6090882620054336,0.0,0.17010792766613908,0.19999999994043302,0.0,5.2233499159028776e-14
forward_2,442.764,2.1858980339814114,1.6103071407886753,0.0,0.17010792766613747,0.1999999999404256,0.0,0.0
forward_2,442.8,2.1929941127916344,1.611526019571917,0.0,0.17010792766613908,0.19999999994042564,0.0,0.0
forward_2,442.836,2.2000901916018574,1.6127448983551587,0.0,0.17010792766613747,0.19999999994042564,0.0,0.0
forward_2,442.872,2.2071862704120804,1.6139637771384006,0.0,0.17010792766613747,0.19999999994043302,0.0,-5.2233499159028776e-14
forward_2,442.908,2.2142823492223034,1.6151826559216422,0.0,0.17010792766613908,0.1999999999404256,0.0,0.0
forward_2,442.944,2.2213784280325264,1.616401534704884,0.0,0.17010792766613747,0.19999999994042564,0.0,0.0
forward_2,442.98,2.2284745068427494,1.6176204134881258,0.0,0.17010792766613747,0.19999999994043302,0.0,-5.2233499159028776e-14
forward_2,443.016,2.2355705856529724,1.6188392922713675,0.0,0.17010792766613908,0.19999999994043302,0.0,5.2233499159028776e-14
forward_2,443.052,2.2426666644631954,1.6200581710546091,0.0,0.17010792766613747,0.1999999999404256,0.0,0.0
forward_2,443.088,2.2497627432734184,1.621277049837851,0.0,0.17010792766613747,0.19999999994043302,0.0,-5.2233499159028776e-14
forward_2,443.124,2.2568588220836414,1.6224959286210927,0.0,0.17010792766613908,0.19999999994043302,0.0,5.2233499159028776e-14
forward_2,443.16,2.2639549008938644,1.6237148074043344,0.0,0.17010792766613747,0.1999999999404256,0.0,0.0
forward_2,443.196,2.2710509797040874,1.624933686187576,0.0,0.17010792766613908,0.19999999994042564,0.0,0.0
forward_2,443.232,2.2781470585143104,1.626152564970818,0.0,0.17010792766613908,0.19999999994043302,0.0,5.2233499159028776e-14
forward_2,443.268,2.2852431373245334,1.6273714437540596,0.0,0.17010792766613747,0.1999999999404256,0.0,0.0
forward_2,443.304,2.2923392161347564,1.6285903225373013,0.0,0.17010792766613908,0.1999999999404256,0.0,0.0
forward_2,443.34,2.2994352949449794,1.629809201320543,0.0,0.17010792766613747,0.19999999994042564,0.0,0.0
forward_2,443.376,2.3065313737552025,1.6310280801037849,0.0,0.17010792766613747,0.19999999994043302,0.0,-5.2233499159028776e-14
forward_2,443.412,2.3136274525654255,1.6322469588870265,0.0,0.17010792766613908,0.1999999999404256,0.0,0.0
forward_2,443.448,2.3207235313756485,1.6334658376702682,0.0,0.17010792766613747,0.19999999994042564,0.0,0.0
forward_2,443.484,2.3278196101858715,1.63468471645351,0.0,0.17010792766613747,0.19999999994043302,0.0,-5.2233499159028776e-14
forward_2,443.52,2.3349156889960945,1.6359035952367518,0.0,0.17010792766613908,0.19999999994043302,0.0,5.2233499159028776e-14
forward_2,443.556,2.3420117678063175,1.6371224740199934,0.0,0.17010792766613747,0.1999999999404256,0.0,0.0
forward_2,443.592,2.3491078466165405,1.6383413528032353,0.0,0.17010792766613747,0.19999999994043302,0.0,-5.2233499159028776e-14
forward_2,443.628,2.3562039254267635,1.639560231586477,0.0,0.17010792766613908,0.19999999994043302,0.0,5.2233499159028776e-14
forward_2,443.664,2.3633000042369865,1.6407791103697187,0.0,0.17010792766613747,0.1999999999404256,0.0,0.0
forward_2,443.7,2.3703960830472095,1.6419979891529604,0.0,0.17010792766613908,0.19999999994042564,0.0,0.0
forward_2,443.736,2.3774921618574325,1.6432168679362023,0.0,0.17010792766613908,0.19999999994043302,0.0,5.2233499159028776e-14
forward_2,443.772,2.3845882406676555,1.644435746719444,0.0,0.17010792766613747,0.1999999999404256,0.0,0.0
forward_2,443.808,2.3916843194778785,1.6456546255026856,0.0,0.17010792766613908,0.1999999999404256,0.0,0.0
forward_2,443.844,2.3987803982881015,1.6468735042859273,0.0,0.17010792766613747,0.19999999994042564,0.0,0.0
forward_2,443.88,2.4058764770983245,1.6480923830691692,0.0,0.17010792766613747,0.19999999994043302,0.0,-5.2233499159028776e-14
forward_2,443.916,2.4129725559085475,1.6493112618524108,0.0,0.17010792766613908,0.1999999999404256,0.0,0.0
forward_2,443.952,2.4200686347187705,1.6505301406356525,0.0,0.17010792766613747,0.1999999999404256,0.0,0.0
forward_2,443.988,2.4271647135289935,1.6517490194188944,0.0,0.17010792766613747,0.19999999994043302,0.0,-5.2233499159028776e-14
forward_2,444.024,2.4342607923392166,1.652967898202136,0.0,0.17010792766613908,0.19999999994043302,0.0,5.2233499159028776e-14
forward_2,444.06,2.4413568711494396,1.6541867769853777,0.0,0.17010792766613747,0.1999999999404256,0.0,0.0
forward_2,444.096,2.4484529499596626,1.6554056557686194,0.0,0.17010792766613908,0.19999999994042564,0.0,0.0
forward_2,444.132,2.4555490287698856,1.6566245345518613,0.0,0.17010792766613908,0.19999999994043302,0.0,5.2233499159028776e-14
forward_2,444.168,2.4626451075801086,1.657843413335103,0.0,0.17010792766613747,0.1999999999404256,0.0,0.0
forward_2,444.204,2.4697411863903316,1.6590622921183447,0.0,0.17010792766613908,0.19999999994042564,0.0,0.0
forward_2,444.24,2.4768372652005546,1.6602811709015863,0.0,0.17010792766613747,0.19999999994042564,0.0,0.0
forward_2,444.276,2.4839333440107776,1.6615000496848282,0.0,0.17010792766613747,0.19999999994043302,0.0,-5.2233499159028776e-14
forward_2,444.312,2.4910294228210006,1.66271892846807,0.0,0.17010792766613908,0.1999999999404256,0.0,0.0
forward_2,444.348,2.4981255016312236,1.6639378072513116,0.0,0.17010792766613747,0.19999999994042564,0.0,0.0
forward_2,444.384,2.5052215804414466,1.6651566860345535,0.0,0.17010792766613747,0.19999999994043302,0.0,-5.2233499159028776e-14
forward_2,444.42,2.5123176592516696,1.6663755648177951,0.0,0.17010792766613908,0.1999999999404256,0.0,0.0
forward_2,444.456,2.5194137380618926,1.6675944436010368,0.0,0.17010792766613747,0.1999999999404256,0.0,0.0
forward_2,444.492,2.5265098168721156,1.6688133223842787,0.0,0.17010792766613747,0.19999999994043302,0.0,-5.2233499159028776e-14
forward_2,444.528,2.5336058956823386,1.6700322011675204,0.0,0.17010792766613908,0.19999999994043302,0.0,5.2233499159028776e-14
forward_2,444.564,2.5407019744925616,1.671251079950762,0.0,0.17010792766613747,0.1999999999404256,0.0,0.0
forward_2,444.6,2.5477980533027846,1.6724699587340037,0.0,0.17010792766613908,0.19999999994042564,0.0,0.0
forward_2,444.636,2.5548941321130076,1.6736888375172456,0.0,0.17010792766613908,0.19999999994043302,0.0,5.2233499159028776e-14
forward_2,444.672,2.5619902109232306,1.6749077163004873,0.0,0.17010792766613747,0.1999999999404256,0.0,0.0
forward_2,444.708,2.5690862897334537,1.676126595083729,0.0,0.17010792766613908,0.19999999994042564,0.0,0.0
forward_2,444.744,2.5761823685436767,1.6773454738669706,0.0,0.17010792766613747,0.19999999994042564,0.0,0.0
forward_2,444.78,2.5832784473538997,1.6785643526502125,0.0,0.17010792766613747,0.19999999994043302,0.0,-5.2233499159028776e-14
forward_2,444.816,2.5903745261641227,1.6797832314334542,0.0,0.17010792766613908,0.1999999999404256,0.0,0.0
forward_2,444.852,2.5974706049743457,1.6810021102166959,0.0,0.17010792766613747,0.19999999994042564,0.0,0.0
forward_2,444.888,2.6045666837845687,1.6822209889999378,0.0,0.17010792766613747,0.19999999994043302,0.0,-5.2233499159028776e-14
forward_2,444.924,2.6116627625947917,1.6834398677831794,0.0,0.17010792766613908,0.19999999994043302,0.0,5.2233499159028776e-14
forward_2,444.96,2.6187588414050147,1.6846587465664211,0.0,0.17010792766613747,0.1999999999404256,0.0,0.0
forward_2,444.996,2.6258549202152377,1.685877625349663,0.0,0.17010792766613747,0.19999999994043302,0.0,-5.2233499159028776e-14
forward_2,445.032,2.6329509990254607,1.6870965041329047,0.0,0.17010792766613908,0.19999999994043302,0.0,5.2233499159028776e-14
forward_2,445.068,2.6400470778356837,1.6883153829161464,0.0,0.17010792766613747,0.1999999999404256,0.0,0.0
forward_2,445.104,2.6471431566459067,1.689534261699388,0.0,0.17010792766613908,0.19999999994042564,0.0,0.0
forward_2,445.14,2.6542392354561297,1.69075314048263,0.0,0.17010792766613908,0.19999999994043302,0.0,5.2233499159028776e-14
forward_2,445.176,2.6613353142663527,1.6919720192658716,0.0,0.17010792766613747,0.1999999999404256,0.0,0.0
forward_2,445.212,2.6684313930765757,1.6931908980491133,0.0,0.17010792766613908,0.1999999999404256,0.0,0.0
forward_2,445.248,2.6755274718867987,1.694409776832355,0.0,0.17010792766613747,0.19999999994042564,0.0,0.0
forward_2,445.284,2.6826235506970217,1.6956286556155968,0.0,0.17010792766613747,0.19999999994043302,0.0,-5.2233499159028776e-14
forward_2,445.32,2.6897196295072447,1.6968475343988385,0.0,0.17010792766613908,0.1999999999404256,0.0,0.0
forward_2,445.356,2.6968157083174678,1.6980664131820802,0.0,0.17010792766613747,0.1999999999404256,0.0,0.0
forward_2,445.392,2.7039117871276908,1.699285291965322,0.0,0.17010792766613747,0.19999999994043302,0.0,-5.2233499159028776e-14
forward_2,445.428,2.7110078659379138,1.7005041707485637,0.0,0.17010792766613908,0.19999999994043302,0.0,5.2233499159028776e-14
forward_2,445.464,2.7181039447481368,1.7017230495318054,0.0,0.17010792766613747,0.1999999999404256,0.0,0.0
forward_2,445.5,2.7252000235583598,1.702941928315047,0.0,0.17010792766613908,0.19999999994042564,0.0,0.0
forward_2,445.536,2.732296102368583,1.704160807098289,0.0,0.17010792766613908,0.19999999994043302,0.0,5.2233499159028776e-14
forward_2,445.572,2.739392181178806,1.7053796858815307,0.0,0.17010792766613747,0.1999999999404256,0.0,0.0
forward_2,445.608,2.746488259989029,1.7065985646647723,0.0,0.17010792766613908,0.19999999994042564,0.0,0.0
forward_2,445.644,2.753584338799252,1.7078174434480142,0.0,0.17010792766613908,0.19999999994043302,0.0,5.2233499159028776e-14
forward_2,445.68,2.760680417609475,1.709036322231256,0.0,0.17010792766613747,0.19999999994043302,0.0,-5.2233499159028776e-14
forward_2,445.716,2.767776496419698,1.7102552010144976,0.0,0.17010792766613908,0.1999999999404256,0.0,0.0
forward_2,445.752,2.774872575229921,1.7114740797977392,0.0,0.17010792766613747,0.19999999994042564,0.0,0.0
forward_2,445.788,2.781968654040144,1.7126929585809811,0.0,0.17010792766613747,0.19999999994043302,0.0,-5.2233499159028776e-14
forward_2,445.824,2.789064732850367,1.7139118373642228,0.0,0.17010792766613908,0.1999999999404256,0.0,0.0
forward_2,445.86,2.79616081166059,1.7151307161474645,0.0,0.17010792766613747,0.1999999999404256,0.0,0.0
forward_2,445.896,2.803256890470813,1.7163495949307064,0.0,0.17010792766613747,0.19999999994043302,0.0,-5.2233499159028776e-14
forward_2,445.932,2.810352969281036,1.717568473713948,0.0,0.17010792766613908,0.19999999994043302,0.0,5.2233499159028776e-14
forward_2,445.968,2.817449048091259,1.7187873524971897,0.0,0.17010792766613747,0.1999999999404256,0.0,0.0
forward_2,446.004,2.824545126901482,1.7200062312804314,0.0,0.17010792766613908,0.19999999994042564,0.0,0.0
forward_2,446.04,2.831641205711705,1.7212251100636733,0.0,0.17010792766613908,0.19999999994043302,0.0,5.2233499159028776e-14
forward_2,446.076,2.8385177495847396,1.7224062797847308,0.0,0.1701079276661359,0.19257499997660243,0.0,-5.2233499159028776e-14
forward_2,446.112,2.8448235026186737,1.7234894059436952,0.0,0.1701079276661359,0.17637499998128803,0.0,0.0
forward_2,446.148,2.8505544732689745,1.724473802921216,0.0,0.17010792766613747,0.16017499998598844,0.0,5.2233499159028776e-14
forward_2,446.184,2.8557106615356433,1.725359470717294,0.0,0.17010792766613125,0.1439749999906592,0.0,-2.089339966361151e-13
forward_2,446.22,2.8602920674186785,1.726146409331928,0.0,0.17010792766612962,0.12777499999533742,0.0,-1.0446699831805755e-13
forward_2,446.256,2.8642986909180803,1.7268346187651185,0.0,0.17010792766612962,0.1115750000000304,0.0,0.0
forward_2,446.292,2.867730532033849,1.7274240990168654,0.0,0.17010792766612962,0.09537500000470858,0.0,0.0
forward_2,446.328,2.8705875907659855,1.7279148500871688,0.0,0.1701079276661249,0.07917500000937197,0.0,-1.0446699831805755e-13
forward_2,446.364,2.872869867114488,1.7283068719760288,0.0,0.1701079276661249,0.06297500001405756,0.0,-5.2233499159028776e-14
forward_2,446.4,2.8745773610793566,1.7286001646834457,0.0,0.17010792766612645,0.046775000018750575,0.0,5.2233499159028776e-14
forward_2,446.436,2.8757100726605933,1.728794728209419,0.0,0.17010792766611865,0.030575000023428757,0.0,-1.5670049747708635e-13
forward_2,446.472,2.8762680018581963,1.7288905625539486,0.0,0.17010792766611865,0.014375000028084745,0.0,0.0
forward_2,446.508,2.876331423063145,1.728901456283174,0.0,0.17010792766612023,0.0008900000129615412,0.0,0.0
forward_2,446.544,2.876331423063145,1.728901456283174,0.0,0.17010792766612023,0.0,0.0,0.0
forward_2,446.58,2.876331423063145,1.728901456283174,0.0,0.17010792766612023,0.0,0.0,0.0
forward_2,446.616,2.876331423063145,1.728901456283174,0.0,0.17010792766612023,0.0,0.0,0.0
forward_2,446.652,2.876331423063145,1.728901456283174,0.0,0.17010792766612023,0.0,0.0,0.0
forward_2,446.688,2.876331423063145,1.728901456283174,0.0,0.17010792766612023,0.0,0.0,0.0
forward_2,446.724,2.876331423063145,1.728901456283174,0.0,0.17010792766612023,0.0,0.0,0.0
forward_2,446.76,2.876331423063145,1.728901456283174,0.0,0.17010792766612023,0.0,0.0,0.0
forward_2,446.796,2.876331423063145,1.728901456283174,0.0,0.17010792766612023,0.0,0.0,0.0
forward_2,446.832,2.876331423063145,1.728901456283174,0.0,0.17010792766612023,0.0,0.0,0.0
forward_2,446.868,2.876331423063145,1.728901456283174,0.0,0.17010792766612023,0.0,0.0,0.0
forward_2,446.904,2.876331423063145,1.728901456283174,0.0,0.17010792766612023,0.0,0.0,0.0
forward_2,446.94,2.876331423063145,1.728901456283174,0.0,0.17010792766612023,0.0,0.0,0.0
forward_2,446.976,2.876331423063145,1.728901456283174,0.0,0.17010792766612023,0.0,0.0,0.0
forward_2,447.012,2.876331423063145,1.728901456283174,0.0,0.17010792766612023,0.0,0.0,0.0
forward_2,447.048,2.876331423063145,1.728901456283174,0.0,0.17010792766612023,0.0,0.0,0.0
forward_2,447.084,2.876331423063145,1.728901456283174,0.0,0.17010792766612023,0.0,0.0,0.0
forward_2,447.12,2.876331423063145,1.728901456283174,0.0,0.17010792766612023,0.0,0.0,0.0
forward_2,447.156,2.876331423063145,1.728901456283174,0.0,0.17010792766612023,0.0,0.0,0.0
forward_2,447.192,2.876331423063145,1.728901456283174,0.0,0.17010792766612023,0.0,0.0,0.0
forward_2,447.228,2.876331423063145,1.728901456283174,0.0,0.17010792766612023,0.0,0.0,0.0
forward_2,447.264,2.876331423063145,1.728901456283174,0.0,0.17010792766612023,0.0,0.0,0.0
forward_2,447.3,2.876331423063145,1.728901456283174,0.0,0.17010792766612023,0.0,0.0,0.0
forward_2,447.336,2.876331423063145,1.728901456283174,0.0,0.17010792766612023,0.0,0.0,0.0
forward_2,447.372,2.876331423063145,1.728901456283174,0.0,0.17010792766612023,0.0,0.0,0.0
forward_2,447.408,2.876331423063145,1.728901456283174,0.0,0.17010792766612023,0.0,0.0,0.0
forward_2,447.444,2.876331423063145,1.728901456283174,0.0,0.17010792766612023,0.0,0.0,0.0
forward_2,447.48,2.876331423063145,1.728901456283174,0.0,0.17010792766612023,0.0,0.0,0.0
forward_2,447.516,2.876331423063145,1.728901456283174,0.0,0.17010792766612023,0.0,0.0,0.0
forward_2,447.552,2.876331423063145,1.728901456283174,0.0,0.17010792766612023,0.0,0.0,0.0
forward_2,447.588,2.876331423063145,1.728901456283174,0.0,0.17010792766612023,0.0,0.0,0.0
forward_2,447.624,2.876331423063145,1.728901456283174,0.0,0.17010792766612023,0.0,0.0,0.0
forward_2,447.66,2.876331423063145,1.728901456283174,0.0,0.17010792766612023,0.0,0.0,0.0
forward_2,447.696,2.876331423063145,1.728901456283174,0.0,0.17010792766612023,0.0,0.0,0.0
forward_2,447.732,2.876331423063145,1.728901456283174,0.0,0.17010792766612023,0.0,0.0,0.0
forward_2,447.768,2.876331423063145,1.728901456283174,0.0,0.17010792766612023,0.0,0.0,0.0
forward_2,447.804,2.876331423063145,1.728901456283174,0.0,0.17010792766612023,0.0,0.0,0.0
forward_2,447.84,2.876331423063145,1.728901456283174,0.0,0.17010792766612023,0.0,0.0,0.0
forward_2,447.876,2.876331423063145,1.728901456283174,0.0,0.17010792766612023,0.0,0.0,0.0
forward_2,447.912,2.876331423063145,1.728901456283174,0.0,0.17010792766612023,0.0,0.0,0.0
forward_2,447.948,2.876331423063145,1.728901456283174,0.0,0.17010792766612023,0.0,0.0,0.0
forward_2,447.984,2.876331423063145,1.728901456283174,0.0,0.17010792766612023,0.0,0.0,0.0
forward_2,448.02,2.876331423063145,1.728901456283174,0.0,0.17010792766612023,0.0,0.0,0.0
forward_2,448.056,2.876331423063145,1.728901456283174,0.0,0.17010792766612023,0.0,0.0,0.0
forward_2,448.092,2.876331423063145,1.728901456283174,0.0,0.17010792766612023,0.0,0.0,0.0
forward_2,448.128,2.876331423063145,1.728901456283174,0.0,0.17010792766612023,0.0,0.0,0.0
forward_2,448.164,2.876331423063145,1.728901456283174,0.0,0.17010792766612023,0.0,0.0,0.0
forward_2,448.2,2.876331423063145,1.728901456283174,0.0,0.17010792766612023,0.0,0.0,0.0
forward_2,448.236,2.876331423063145,1.728901456283174,0.0,0.17010792766612023,0.0,0.0,0.0
forward_2,448.272,2.876331423063145,1.728901456283174,0.0,0.17010792766612023,0.0,0.0,0.0
forward_2,448.308,2.876331423063145,1.728901456283174,0.0,0.17010792766612023,0.0,0.0,0.0
forward_2,448.344,2.876331423063145,1.728901456283174,0.0,0.17010792766612023,0.0,0.0,0.0
forward_2,448.38,2.876331423063145,1.728901456283174,0.0,0.17010792766612023,0.0,0.0,0.0
forward_2,448.416,2.876331423063145,1.728901456283174,0.0,0.17010792766612023,0.0,0.0,0.0
forward_2,448.452,2.876331423063145,1.728901456283174,0.0,0.17010792766612023,0.0,0.0,0.0
forward_2,448.488,2.876331423063145,1.728901456283174,0.0,0.17010792766612023,0.0,0.0,0.0
forward_2,448.524,2.876331423063145,1.728901456283174,0.0,0.17010792766612023,0.0,0.0,0.0
forward_2,448.56,2.876331423063145,1.728901456283174,0.0,0.17010792766612023,0.0,0.0,0.0
forward_2,448.596,2.876331423063145,1.728901456283174,0.0,0.17010792766612023,0.0,0.0,0.0
forward_2,448.632,2.876331423063145,1.728901456283174,0.0,0.17010792766612023,0.0,0.0,0.0
forward_2,448.668,2.876331423063145,1.728901456283174,0.0,0.17010792766612023,0.0,0.0,0.0
forward_2,448.704,2.876331423063145,1.728901456283174,0.0,0.17010792766612023,0.0,0.0,0.0
forward_2,448.74,2.876331423063145,1.728901456283174,0.0,0.17010792766612023,0.0,0.0,0.0
forward_2,448.776,2.876331423063145,1.728901456283174,0.0,0.17010792766612023,0.0,0.0,0.0
forward_2,448.812,2.876331423063145,1.728901456283174,0.0,0.17010792766612023,0.0,0.0,0.0
forward_2,448.848,2.876331423063145,1.728901456283174,0.0,0.17010792766612023,0.0,0.0,0.0
forward_2,448.884,2.876331423063145,1.728901456283174,0.0,0.17010792766612023,0.0,0.0,0.0
forward_2,448.92,2.876331423063145,1.728901456283174,0.0,0.17010792766612023,0.0,0.0,0.0
forward_2,448.956,2.876331423063145,1.728901456283174,0.0,0.17010792766612023,0.0,0.0,0.0
forward_2,448.992,2.876331423063145,1.728901456283174,0.0,0.17010792766612023,0.0,0.0,0.0
forward_2,449.028,2.876331423063145,1.728901456283174,0.0,0.17010792766612023,0.0,0.0,0.0
reset,449.064,2.876331423063145,1.728901456283174,0.0,0.17010792766612023,0.0,0.0,0.0
reset,449.1,2.876331423063145,1.728901456283174,0.0,0.17010792766612023,0.0,0.0,0.0
reset,449.136,2.876331423063145,1.728901456283174,0.0,0.17010792766612023,0.0,0.0,0.0
reset,449.172,2.876331423063145,1.728901456283174,0.0,0.17010792766612023,0.0,0.0,0.0
reset,449.208,2.876331423063145,1.728901456283174,0.0,0.17010792766612023,0.0,0.0,0.0
reset,449.244,2.876331423063145,1.728901456283174,0.0,0.17010792766612023,0.0,0.0,0.0
reset,449.28,2.876331423063145,1.728901456283174,0.0,0.17010792766612023,0.0,0.0,0.0
reset,449.316,2.876331423063145,1.728901456283174,0.0,0.17010792766612023,0.0,0.0,0.0
reset,449.352,2.876331423063145,1.728901456283174,0.0,0.17010792766612023,0.0,0.0,0.0
reset,449.388,2.876331423063145,1.728901456283174,0.0,0.17010792766612023,0.0,0.0,0.0
reset,449.424,2.876331423063145,1.728901456283174,0.0,0.17010792766612023,0.0,0.0,0.0
reset,449.46,2.876331423063145,1.728901456283174,0.0,0.17010792766612023,0.0,0.0,0.0
reset,449.496,2.876331423063145,1.728901456283174,0.0,0.17010792766612023,0.0,0.0,0.0
reset,449.532,2.876331423063145,1.728901456283174,0.0,0.17010792766612023,0.0,0.0,0.0
reset,449.568,2.876331423063145,1.728901456283174,0.0,0.17010792766612023,0.0,0.0,0.0
reset,449.604,2.876331423063145,1.728901456283174,0.0,0.17010792766612023,0.0,0.0,0.0
reset,449.64,2.876331423063145,1.728901456283174,0.0,0.17010792766612023,0.0,0.0,0.0
reset,449.676,2.876331423063145,1.728901456283174,0.0,0.17010792766612023,0.0,0.0,0.0
reset,449.712,2.876331423063145,1.728901456283174,0.0,0.17010792766612023,0.0,0.0,0.0
reset,449.748,2.876331423063145,1.728901456283174,0.0,0.17010792766612023,0.0,0.0,0.0
reset,449.784,2.876331423063145,1.728901456283174,0.0,0.17010792766612023,0.0,0.0,0.0
reset,449.82,2.876331423063145,1.728901456283174,0.0,0.17010792766612023,0.0,0.0,0.0
reset,449.856,2.876331423063145,1.728901456283174,0.0,0.17010792766612023,0.0,0.0,0.0
reset,449.892,2.876331423063145,1.728901456283174,0.0,0.17010792766612023,0.0,0.0,0.0
reset,449.928,2.876331423063145,1.728901456283174,0.0,0.17010792766612023,0.0,0.0,0.0
reset,449.964,2.876331423063145,1.728901456283174,0.0,0.17010792766612023,0.0,0.0,0.0
reset,450.0,2.876331423063145,1.728901456283174,0.0,0.17010792766612023,0.0,0.0,0.0
reset,450.036,2.876331423063145,1.728901456283174,0.0,0.17010792766612023,0.0,0.0,0.0
reset,450.072,2.876331423063145,1.728901456283174,0.0,0.17010792766612023,0.0,0.0,0.0
reset,450.108,2.876331423063145,1.728901456283174,0.0,0.17010792766612023,0.0,0.0,0.0
reset,450.144,2.876331423063145,1.728901456283174,0.0,0.17010792766612023,0.0,0.0,0.0
reset,450.18,2.876331423063145,1.728901456283174,0.0,0.17010792766612023,0.0,0.0,0.0
reset,450.216,2.876331423063145,1.728901456283174,0.0,0.17010792766612023,0.0,0.0,0.0
reset,450.252,2.876331423063145,1.728901456283174,0.0,0.17010792766612023,0.0,0.0,0.0
reset,450.288,2.8763314230631454,1.728901456283174,0.0,0.17010792766611707,1.4802973661668752e-14,0.0,-1.0446699831805755e-13
reset,450.324,2.8763314230631454,1.728901456283174,0.0,0.17010792766611707,0.0,0.0,0.0
reset,450.36,2.8763314230631454,1.728901456283174,0.0,0.17010792766611707,0.0,0.0,0.0
reset,450.396,2.8763314230631454,1.728901456283174,0.0,0.17010792766611707,0.0,0.0,0.0
reset,450.432,2.8763314230631454,1.728901456283174,0.0,0.17010792766611707,0.0,0.0,0.0
reset,450.468,2.8763314230631454,1.728901456283174,0.0,0.17010792766611707,0.0,0.0,0.0
reset,450.504,2.8763314230631454,1.728901456283174,0.0,0.17010792766611707,0.0,0.0,0.0
reset,450.54,2.8763314230631454,1.728901456283174,0.0,0.17010792766611707,0.0,0.0,0.0
reset,450.576,2.8763314230631454,1.728901456283174,0.0,0.17010792766611707,0.0,0.0,0.0
reset,450.612,2.8763314230631454,1.728901456283174,0.0,0.17010792766611707,0.0,0.0,0.0
reset,450.648,2.8763314230631454,1.728901456283174,0.0,0.17010792766611707,0.0,0.0,0.0
reset,450.684,2.8763314230631454,1.728901456283174,0.0,0.17010792766611707,0.0,0.0,0.0
reset,450.72,2.8763314230631454,1.728901456283174,0.0,0.17010792766611707,0.0,0.0,0.0
reset,450.756,2.8763314230631454,1.728901456283174,0.0,0.17010792766611707,0.0,0.0,0.0
reset,450.792,2.8763314230631454,1.728901456283174,0.0,0.17010792766611707,0.0,0.0,0.0
reset,450.828,2.8763314230631454,1.728901456283174,0.0,0.17010792766611707,0.0,0.0,0.0
reset,450.864,2.8763314230631454,1.728901456283174,0.0,0.17010792766611707,0.0,0.0,0.0
reset,450.9,2.8763314230631454,1.728901456283174,0.0,0.17010792766611707,0.0,0.0,0.0
reset,450.936,2.8763314230631454,1.728901456283174,0.0,0.17010792766611707,0.0,0.0,0.0
reset,450.972,2.8763314230631454,1.728901456283174,0.0,0.17010792766611707,0.0,0.0,0.0
reset,451.008,2.8763314230631454,1.728901456283174,0.0,0.17010792766611707,0.0,0.0,0.0
reset,451.044,2.8763314230631454,1.728901456283174,0.0,0.17010792766611707,0.0,0.0,0.0
reset,451.08,2.8763314230631454,1.728901456283174,0.0,0.17010792766611707,0.0,0.0,0.0
reset,451.116,2.8763314230631454,1.728901456283174,0.0,0.17010792766611707,0.0,0.0,0.0
reset,451.152,2.8763314230631454,1.728901456283174,0.0,0.17010792766611707,0.0,0.0,0.0
reset,451.188,2.8763314230631454,1.728901456283174,0.0,0.17010792766611707,0.0,0.0,0.0
reset,451.224,2.8763314230631454,1.728901456283174,0.0,0.17010792766611707,0.0,0.0,0.0
reset,451.26,2.8763314230631454,1.728901456283174,0.0,0.17010792766611707,0.0,0.0,0.0
reset,451.296,2.8763314230631454,1.728901456283174,0.0,0.17010792766611707,0.0,0.0,0.0
reset,451.332,2.8763314230631454,1.728901456283174,0.0,0.17010792766611707,0.0,0.0,0.0
reset,451.368,2.8763314230631454,1.728901456283174,0.0,0.17010792766611707,0.0,0.0,0.0
reset,451.404,2.8763314230631454,1.728901456283174,0.0,0.17010792766611707,0.0,0.0,0.0
reset,451.44,2.8763314230631454,1.728901456283174,0.0,0.17010792766611707,0.0,0.0,0.0
reset,451.476,2.8763314230631454,1.728901456283174,0.0,0.17010792766611707,0.0,0.0,0.0
reset,451.512,2.8763314230631454,1.728901456283174,0.0,0.17010792766611707,0.0,0.0,0.0
reverse_2,451.548,2.8763314230631454,1.728901456283174,0.0,0.17010792766611707,0.0,0.0,0.0
reverse_2,451.584,2.8763314230631454,1.728901456283174,0.0,0.17010792766611707,0.0,0.0,0.0
reverse_2,451.62,2.8763314230631454,1.728901456283174,0.0,0.17010792766611707,0.0,0.0,0.0
reverse_2,451.656,2.8763314230631454,1.728901456283174,0.0,0.17010792766611707,0.0,0.0,0.0
reverse_2,451.692,2.8763314230631454,1.728901456283174,0.0,0.17010792766611707,0.0,0.0,0.0
reverse_2,451.728,2.8763314230631454,1.728901456283174,0.0,0.17010792766611707,0.0,0.0,0.0
reverse_2,451.764,2.8763314230631454,1.728901456283174,0.0,0.17010792766611707,0.0,0.0,0.0
reverse_2,451.8,2.8763314230631454,1.728901456283174,0.0,0.17010792766611707,0.0,0.0,0.0
reverse_2,451.836,2.8763314230631454,1.728901456283174,0.0,0.17010792766611707,0.0,0.0,0.0
reverse_2,451.872,2.8763314230631454,1.728901456283174,0.0,0.17010792766611707,0.0,0.0,0.0
reverse_2,451.908,2.8763314230631454,1.728901456283174,0.0,0.17010792766611707,0.0,0.0,0.0
reverse_2,451.944,2.8763314230631454,1.728901456283174,0.0,0.17010792766611707,0.0,0.0,0.0
reverse_2,451.98,2.8763314230631454,1.728901456283174,0.0,0.17010792766611707,0.0,0.0,0.0
reverse_2,452.016,2.8763314230631454,1.728901456283174,0.0,0.17010792766611707,0.0,0.0,0.0
reverse_2,452.052,2.8763314230631454,1.728901456283174,0.0,0.17010792766611707,0.0,0.0,0.0
reverse_2,452.088,2.8763314230631454,1.728901456283174,0.0,0.17010792766611707,0.0,0.0,0.0
reverse_2,452.124,2.8763314230631454,1.728901456283174,0.0,0.17010792766611707,0.0,0.0,0.0
reverse_2,452.16,2.8763314230631454,1.728901456283174,0.0,0.17010792766611707,0.0,0.0,0.0
reverse_2,452.196,2.8763314230631454,1.728901456283174,0.0,0.17010792766611707,0.0,0.0,0.0
reverse_2,452.232,2.8763314230631454,1.728901456283174,0.0,0.17010792766611707,0.0,0.0,0.0
reverse_2,452.268,2.8763314230631454,1.728901456283174,0.0,0.17010792766611707,0.0,0.0,0.0
reverse_2,452.304,2.8763314230631454,1.728901456283174,0.0,0.17010792766611707,0.0,0.0,0.0
reverse_2,452.34,2.8763314230631454,1.728901456283174,0.0,0.17010792766611707,0.0,0.0,0.0
reverse_2,452.376,2.8763314230631454,1.728901456283174,0.0,0.17010792766611707,0.0,0.0,0.0
reverse_2,452.412,2.8763314230631454,1.728901456283174,0.0,0.17010792766611707,0.0,0.0,0.0
reverse_2,452.448,2.8763314230631454,1.728901456283174,0.0,0.17010792766611707,0.0,0.0,0.0
reverse_2,452.484,2.8763314230631454,1.728901456283174,0.0,0.17010792766611707,0.0,0.0,0.0
reverse_2,452.52,2.8763314230631454,1.728901456283174,0.0,0.17010792766611707,0.0,0.0,0.0
reverse_2,452.556,2.8763194484303645,1.7288993994252635,0.0,0.17010792766611557,-0.0004049999927350593,0.0,-5.2233499159028776e-14
reverse_2,452.592,2.8759123109098916,1.7288294662552923,0.0,0.17010792766611707,-0.012824999960566371,0.0,5.2233499159028776e-14
reverse_2,452.628,2.874930391005786,1.7286608039038776,0.0,0.17010792766611557,-0.029024999955873376,0.0,-5.2233499159028776e-14
reverse_2,452.664,2.8733736887180465,1.7283934123710194,0.0,0.17010792766611238,-0.04522499995120999,0.0,-1.5670049747708635e-13
reverse_2,452.7,2.871242204046675,1.7280272916567179,0.0,0.17010792766611074,-0.06142499994653179,0.0,-5.2233499159028776e-14
reverse_2,452.736,2.8685359369916696,1.7275624417609725,0.0,0.17010792766611074,-0.07762499994184621,0.0,0.0
reverse_2,452.772,2.8652548875530317,1.726998862683784,0.0,0.17010792766610922,-0.09382499993716062,0.0,-5.2233499159028776e-14
reverse_2,452.808,2.8613990557307605,1.7263365544251519,0.0,0.17010792766610294,-0.11002499993248242,0.0,-1.5670049747708635e-13
reverse_2,452.844,2.856968441524856,1.7255755169850764,0.0,0.17010792766610455,-0.12622499992781164,0.0,0.0
reverse_2,452.88,2.8519630449353186,1.7247157503635575,0.0,0.17010792766610455,-0.14242499992311863,0.0,0.0
reverse_2,452.916,2.8463828659621484,1.723757254560595,0.0,0.1701079276660983,-0.15862499991844045,0.0,-1.0446699831805755e-13
reverse_2,452.952,2.840227904605345,1.722700029576189,0.0,0.17010792766609675,-0.17482499991376962,0.0,-5.2233499159028776e-14
reverse_2,452.988,2.833498160864908,1.72154407541034,0.0,0.1701079276660983,-0.19102499990907668,0.0,5.2233499159028776e-14
reverse_2,453.024,2.826407256279033,1.7203260853929156,0.0,0.1701079276660983,-0.19999999993992232,0.0,0.0
reverse_2,453.06,2.81931117746881,1.719107206609675,0.0,0.1701079276660983,-0.1999999999404256,0.0,0.0
reverse_2,453.096,2.812215098658587,1.7178883278264345,0.0,0.17010792766609675,-0.1999999999404256,0.0,0.0
reverse_2,453.132,2.805119019848364,1.716669449043194,0.0,0.1701079276660983,-0.19999999994042564,0.0,0.0
reverse_2,453.168,2.798022941038141,1.7154505702599534,0.0,0.1701079276660983,-0.19999999994043302,0.0,5.2233499159028776e-14
reverse_2,453.204,2.790926862227918,1.7142316914767128,0.0,0.17010792766609675,-0.19999999994043302,0.0,-5.2233499159028776e-14
reverse_2,453.24,2.783830783417695,1.7130128126934723,0.0,0.1701079276660983,-0.1999999999404256,0.0,0.0
reverse_2,453.276,2.776734704607472,1.7117939339102317,0.0,0.1701079276660983,-0.19999999994043302,0.0,5.2233499159028776e-14
reverse_2,453.312,2.769638625797249,1.7105750551269912,0.0,0.17010792766609675,-0.19999999994043302,0.0,-5.2233499159028776e-14
reverse_2,453.348,2.762542546987026,1.7093561763437506,0.0,0.1701079276660983,-0.1999999999404256,0.0,0.0
reverse_2,453.384,2.755446468176803,1.70813729756051,0.0,0.1701079276660983,-0.19999999994043302,0.0,5.2233499159028776e-14
reverse_2,453.42,2.74835038936658,1.7069184187772695,0.0,0.17010792766609675,-0.19999999994043302,0.0,-5.2233499159028776e-14
reverse_2,453.456,2.741254310556357,1.705699539994029,0.0,0.1701079276660983,-0.1999999999404256,0.0,0.0
reverse_2,453.492,2.734158231746134,1.7044806612107883,0.0,0.17010792766609675,-0.19999999994042564,0.0,0.0
reverse_2,453.528,2.727062152935911,1.7032617824275478,0.0,0.1701079276660983,-0.19999999994042564,0.0,0.0
reverse_2,453.564,2.719966074125688,1.7020429036443072,0.0,0.1701079276660983,-0.1999999999404256,0.0,0.0
reverse_2,453.6,2.712869995315465,1.7008240248610667,0.0,0.17010792766609675,-0.1999999999404256,0.0,0.0
reverse_2,453.636,2.705773916505242,1.699605146077826,0.0,0.1701079276660983,-0.19999999994042564,0.0,0.0
reverse_2,453.672,2.698677837695019,1.6983862672945855,0.0,0.1701079276660983,-0.19999999994043302,0.0,5.2233499159028776e-14
reverse_2,453.708,2.691581758884796,1.697167388511345,0.0,0.17010792766609675,-0.19999999994043302,0.0,-5.2233499159028776e-14
reverse_2,453.744,2.684485680074573,1.6959485097281044,0.0,0.1701079276660983,-0.1999999999404256,0.0,0.0
reverse_2,453.78,2.67738960126435,1.6947296309448638,0.0,0.1701079276660983,-0.19999999994043302,0.0,5.2233499159028776e-14
reverse_2,453.816,2.670293522454127,1.6935107521616233,0.0,0.17010792766609675,-0.19999999994043302,0.0,-5.2233499159028776e-14
reverse_2,453.852,2.663197443643904,1.6922918733783827,0.0,0.1701079276660983,-0.1999999999404256,0.0,0.0
reverse_2,453.888,2.656101364833681,1.6910729945951422,0.0,0.17010792766609675,-0.19999999994042564,0.0,0.0
reverse_2,453.924,2.649005286023458,1.6898541158119016,0.0,0.17010792766609675,-0.19999999994043302,0.0,-5.2233499159028776e-14
reverse_2,453.96,2.641909207213235,1.688635237028661,0.0,0.1701079276660983,-0.1999999999404256,0.0,0.0
reverse_2,453.996,2.634813128403012,1.6874163582454205,0.0,0.17010792766609675,-0.19999999994042564,0.0,0.0
reverse_2,454.032,2.627717049592789,1.68619747946218,0.0,0.1701079276660983,-0.19999999994042564,0.0,0.0
reverse_2,454.068,2.620620970782566,1.6849786006789393,0.0,0.1701079276660983,-0.19999999994043302,0.0,5.2233499159028776e-14
reverse_2,454.104,2.613524891972343,1.6837597218956988,0.0,0.17010792766609675,-0.1999999999404256,0.0,0.0
reverse_2,454.14,2.60642881316212,1.6825408431124582,0.0,0.1701079276660983,-0.1999999999404256,0.0,0.0
reverse_2,454.176,2.599332734351897,1.6813219643292177,0.0,0.1701079276660983,-0.19999999994043302,0.0,5.2233499159028776e-14
reverse_2,454.212,2.592236655541674,1.680103085545977,0.0,0.17010792766609675,-0.19999999994043302,0.0,-5.2233499159028776e-14
reverse_2,454.248,2.585140576731451,1.6788842067627365,0.0,0.1701079276660983,-0.1999999999404256,0.0,0.0
reverse_2,454.284,2.578044497921228,1.677665327979496,0.0,0.1701079276660983,-0.19999999994043302,0.0,5.2233499159028776e-14
reverse_2,454.32,2.570948419111005,1.6764464491962554,0.0,0.17010792766609675,-0.19999999994043302,0.0,-5.2233499159028776e-14
reverse_2,454.356,2.563852340300782,1.6752275704130148,0.0,0.1701079276660983,-0.1999999999404256,0.0,0.0
reverse_2,454.392,2.556756261490559,1.6740086916297743,0.0,0.17010792766609675,-0.19999999994042564,0.0,0.0
reverse_2,454.428,2.549660182680336,1.6727898128465337,0.0,0.1701079276660983,-0.19999999994042564,0.0,0.0
reverse_2,454.464,2.542564103870113,1.6715709340632932,0.0,0.1701079276660983,-0.1999999999404256,0.0,0.0
reverse_2,454.5,2.53546802505989,1.6703520552800526,0.0,0.17010792766609675,-0.19999999994042564,0.0,0.0
reverse_2,454.536,2.528371946249667,1.669133176496812,0.0,0.1701079276660983,-0.19999999994042564,0.0,0.0
reverse_2,454.572,2.521275867439444,1.6679142977135715,0.0,0.1701079276660983,-0.19999999994043302,0.0,5.2233499159028776e-14
reverse_2,454.608,2.514179788629221,1.666695418930331,0.0,0.17010792766609675,-0.19999999994043302,0.0,-5.2233499159028776e-14
reverse_2,454.644,2.507083709818998,1.6654765401470903,0.0,0.1701079276660983,-0.1999999999404256,0.0,0.0
reverse_2,454.68,2.499987631008775,1.6642576613638498,0.0,0.1701079276660983,-0.19999999994043302,0.0,5.2233499159028776e-14
reverse_2,454.716,2.492891552198552,1.6630387825806092,0.0,0.17010792766609675,-0.19999999994043302,0.0,-5.2233499159028776e-14
reverse_2,454.752,2.485795473388329,1.6618199037973687,0.0,0.1701079276660983,-0.1999999999404256,0.0,0.0
reverse_2,454.788,2.478699394578106,1.660601025014128,0.0,0.1701079276660983,-0.19999999994043302,0.0,5.2233499159028776e-14
reverse_2,454.824,2.471603315767883,1.6593821462308875,0.0,0.17010792766609675,-0.19999999994043302,0.0,-5.2233499159028776e-14
reverse_2,454.86,2.46450723695766,1.658163267447647,0.0,0.1701079276660983,-0.1999999999404256,0.0,0.0
reverse_2,454.896,2.457411158147437,1.6569443886644064,0.0,0.17010792766609675,-0.19999999994042564,0.0,0.0
reverse_2,454.932,2.450315079337214,1.6557255098811658,0.0,0.1701079276660983,-0.19999999994042564,0.0,0.0
reverse_2,454.968,2.443219000526991,1.6545066310979253,0.0,0.1701079276660983,-0.1999999999404256,0.0,0.0
reverse_2,455.004,2.436122921716768,1.6532877523146847,0.0,0.17010792766609675,-0.1999999999404256,0.0,0.0
reverse_2,455.04,2.429026842906545,1.6520688735314442,0.0,0.1701079276660983,-0.19999999994042564,0.0,0.0
reverse_2,455.076,2.421930764096322,1.6508499947482036,0.0,0.1701079276660983,-0.19999999994043302,0.0,5.2233499159028776e-14
reverse_2,455.112,2.414834685286099,1.649631115964963,0.0,0.17010792766609675,-0.19999999994043302,0.0,-5.2233499159028776e-14
reverse_2,455.148,2.407738606475876,1.6484122371817225,0.0,0.1701079276660983,-0.1999999999404256,0.0,0.0
reverse_2,455.184,2.400642527665653,1.647193358398482,0.0,0.1701079276660983,-0.19999999994043302,0.0,5.2233499159028776e-14
reverse_2,455.22,2.39354644885543,1.6459744796152413,0.0,0.17010792766609675,-0.19999999994043302,0.0,-5.2233499159028776e-14
reverse_2,455.256,2.386450370045207,1.6447556008320008,0.0,0.1701079276660983,-0.1999999999404256,0.0,0.0
reverse_2,455.292,2.379354291234984,1.6435367220487602,0.0,0.17010792766609675,-0.19999999994042564,0.0,0.0
reverse_2,455.328,2.372258212424761,1.6423178432655197,0.0,0.17010792766609675,-0.19999999994043302,0.0,-5.2233499159028776e-14
reverse_2,455.364,2.365162133614538,1.641098964482279,0.0,0.1701079276660983,-0.1999999999404256,0.0,0.0
reverse_2,455.4,2.358066054804315,1.6398800856990385,0.0,0.17010792766609675,-0.19999999994042564,0.0,0.0
reverse_2,455.436,2.350969975994092,1.638661206915798,0.0,0.1701079276660983,-0.19999999994042564,0.0,0.0
reverse_2,455.472,2.343873897183869,1.6374423281325574,0.0,0.1701079276660983,-0.19999999994043302,0.0,5.2233499159028776e-14
reverse_2,455.508,2.336777818373646,1.6362234493493168,0.0,0.17010792766609675,-0.1999999999404256,0.0,0.0
reverse_2,455.544,2.329681739563423,1.6350045705660763,0.0,0.1701079276660983,-0.1999999999404256,0.0,0.0
reverse_2,455.58,2.3225856607532,1.6337856917828357,0.0,0.1701079276660983,-0.19999999994043302,0.0,5.2233499159028776e-14
reverse_2,455.616,2.315489581942977,1.6325668129995952,0.0,0.17010792766609675,-0.19999999994043302,0.0,-5.2233499159028776e-14
reverse_2,455.652,2.308393503132754,1.6313479342163546,0.0,0.1701079276660983,-0.1999999999404256,0.0,0.0
reverse_2,455.688,2.301297424322531,1.630129055433114,0.0,0.1701079276660983,-0.19999999994043302,0.0,5.2233499159028776e-14
reverse_2,455.724,2.294201345512308,1.6289101766498735,0.0,0.17010792766609675,-0.19999999994043302,0.0,-5.2233499159028776e-14
reverse_2,455.76,2.287105266702085,1.627691297866633,0.0,0.1701079276660983,-0.1999999999404256,0.0,0.0
reverse_2,455.796,2.280009187891862,1.6264724190833924,0.0,0.17010792766609675,-0.19999999994042564,0.0,0.0
reverse_2,455.832,2.272913109081639,1.6252535403001518,0.0,0.1701079276660983,-0.19999999994042564,0.0,0.0
reverse_2,455.868,2.265817030271416,1.6240346615169112,0.0,0.1701079276660983,-0.1999999999404256,0.0,0.0
reverse_2,455.904,2.258720951461193,1.6228157827336707,0.0,0.17010792766609675,-0.19999999994042564,0.0,0.0
reverse_2,455.94,2.2516248726509698,1.62159690395043,0.0,0.1701079276660983,-0.19999999994042564,0.0,0.0
reverse_2,455.976,2.2445287938407468,1.6203780251671895,0.0,0.1701079276660983,-0.19999999994043302,0.0,5.2233499159028776e-14
reverse_2,456.012,2.2374327150305238,1.619159146383949,0.0,0.17010792766609675,-0.1999999999404256,0.0,0.0
reverse_2,456.048,2.2303366362203008,1.6179402676007084,0.0,0.1701079276660983,-0.1999999999404256,0.0,0.0
reverse_2,456.084,2.2232405574100778,1.6167213888174679,0.0,0.1701079276660983,-0.19999999994043302,0.0,5.2233499159028776e-14
reverse_2,456.12,2.2161444785998548,1.6155025100342273,0.0,0.17010792766609675,-0.19999999994043302,0.0,-5.2233499159028776e-14
reverse_2,456.156,2.2090483997896317,1.6142836312509867,0.0,0.1701079276660983,-0.1999999999404256,0.0,0.0
reverse_2,456.192,2.2019523209794087,1.6130647524677462,0.0,0.1701079276660983,-0.19999999994043302,0.0,5.2233499159028776e-14
reverse_2,456.228,2.1948562421691857,1.6118458736845056,0.0,0.17010792766609675,-0.19999999994043302,0.0,-5.2233499159028776e-14
reverse_2,456.264,2.1877601633589627,1.610626994901265,0.0,0.1701079276660983,-0.1999999999404256,0.0,0.0
reverse_2,456.3,2.1806640845487397,1.6094081161180245,0.0,0.17010792766609675,-0.19999999994042564,0.0,0.0
reverse_2,456.336,2.1735680057385167,1.608189237334784,0.0,0.1701079276660983,-0.19999999994042564,0.0,0.0
reverse_2,456.372,2.1664719269282937,1.6069703585515434,0.0,0.1701079276660983,-0.1999999999404256,0.0,0.0
reverse_2,456.408,2.1593758481180707,1.6057514797683028,0.0,0.17010792766609675,-0.1999999999404256,0.0,0.0
reverse_2,456.444,2.1522797693078477,1.6045326009850622,0.0,0.1701079276660983,-0.19999999994042564,0.0,0.0
reverse_2,456.48,2.1451836904976247,1.6033137222018217,0.0,0.1701079276660983,-0.19999999994043302,0.0,5.2233499159028776e-14
reverse_2,456.516,2.1380876116874017,1.602094843418581,0.0,0.17010792766609675,-0.19999999994043302,0.0,-5.2233499159028776e-14
reverse_2,456.552,2.1309915328771787,1.6008759646353405,0.0,0.1701079276660983,-0.1999999999404256,0.0,0.0
reverse_2,456.588,2.1238954540669557,1.5996570858521,0.0,0.1701079276660983,-0.19999999994043302,0.0,5.2233499159028776e-14
reverse_2,456.624,2.1167993752567327,1.5984382070688594,0.0,0.17010792766609675,-0.19999999994043302,0.0,-5.2233499159028776e-14
reverse_2,456.66,2.1097032964465097,1.5972193282856189,0.0,0.1701079276660983,-0.1999999999404256,0.0,0.0
reverse_2,456.696,2.1026072176362867,1.5960004495023783,0.0,0.17010792766609675,-0.19999999994042564,0.0,0.0
reverse_2,456.732,2.0955111388260637,1.5947815707191377,0.0,0.17010792766609675,-0.19999999994043302,0.0,-5.2233499159028776e-14
reverse_2,456.768,2.0884150600158407,1.5935626919358972,0.0,0.1701079276660983,-0.1999999999404256,0.0,0.0
reverse_2,456.804,2.0813189812056176,1.5923438131526566,0.0,0.17010792766609675,-0.19999999994042564,0.0,0.0
reverse_2,456.84,2.0742229023953946,1.591124934369416,0.0,0.1701079276660983,-0.19999999994042564,0.0,0.0
reverse_2,456.876,2.0671268235851716,1.5899060555861755,0.0,0.1701079276660983,-0.19999999994043302,0.0,5.2233499159028776e-14
reverse_2,456.912,2.0600307447749486,1.588687176802935,0.0,0.17010792766609675,-0.1999999999404256,0.0,0.0
reverse_2,456.948,2.0529346659647256,1.5874682980196944,0.0,0.1701079276660983,-0.1999999999404256,0.0,0.0
reverse_2,456.984,2.0458385871545026,1.5862494192364538,0.0,0.1701079276660983,-0.19999999994043302,0.0,5.2233499159028776e-14
reverse_2,457.02,2.0387425083442796,1.5850305404532132,0.0,0.17010792766609675,-0.19999999994043302,0.0,-5.2233499159028776e-14
reverse_2,457.056,2.0316464295340566,1.5838116616699727,0.0,0.1701079276660983,-0.1999999999404256,0.0,0.0
reverse_2,457.092,2.0245503507238336,1.582592782886732,0.0,0.1701079276660983,-0.19999999994043302,0.0,5.2233499159028776e-14
reverse_2,457.128,2.0174542719136106,1.5813739041034915,0.0,0.17010792766609675,-0.19999999994043302,0.0,-5.2233499159028776e-14
reverse_2,457.164,2.0103581931033876,1.580155025320251,0.0,0.1701079276660983,-0.1999999999404256,0.0,0.0
reverse_2,457.2,2.0032621142931646,1.5789361465370104,0.0,0.17010792766609675,-0.19999999994042564,0.0,0.0
reverse_2,457.236,1.9961660354829422,1.5777172677537699,0.0,0.17010792766609675,-0.19999999994043302,0.0,-5.2233499159028776e-14
reverse_2,457.272,1.9890699566727208,1.5764983889705293,0.0,0.1701079276660983,-0.1999999999404256,0.0,0.0
reverse_2,457.308,1.9819738778624993,1.5752795101872887,0.0,0.17010792766609675,-0.19999999994042564,0.0,0.0
reverse_2,457.344,1.974877799052278,1.5740606314040482,0.0,0.1701079276660983,-0.19999999994042564,0.0,0.0
reverse_2,457.38,1.9677817202420562,1.5728417526208076,0.0,0.1701079276660983,-0.19999999994043302,0.0,5.2233499159028776e-14
reverse_2,457.416,1.9606856414318348,1.571622873837567,0.0,0.17010792766609675,-0.1999999999404256,0.0,0.0
reverse_2,457.452,1.9535895626216133,1.5704039950543265,0.0,0.1701079276660983,-0.1999999999404256,0.0,0.0
reverse_2,457.488,1.9464934838113916,1.569185116271086,0.0,0.1701079276660983,-0.19999999994043302,0.0,5.2233499159028776e-14
reverse_2,457.524,1.9393974050011702,1.5679662374878454,0.0,0.17010792766609675,-0.19999999994043302,0.0,-5.2233499159028776e-14
reverse_2,457.56,1.9323199533975908,1.5667505582613703,0.0,0.17010792766609675,-0.19936999994855467,0.0,-5.2233499159028776e-14
reverse_2,457.596,1.9255777915170915,1.5655924710572822,0.0,0.17010792766610294,-0.1889749999701114,0.0,1.0446699831805755e-13
reverse_2,457.632,1.9192826826016405,1.5645111732165387,0.0,0.17010792766610608,-0.17637499997375333,0.0,1.0446699831805755e-13
reverse_2,457.668,1.9134346266512376,1.5635066647391402,0.0,0.17010792766610608,-0.1637749999773804,0.0,0.0
reverse_2,457.704,1.9080336236658821,1.5625789456250865,0.0,0.17010792766610608,-0.1511749999810371,0.0,0.0
reverse_2,457.74,1.9030796736455753,1.5617280158743778,0.0,0.17010792766610608,-0.13857499998467895,0.0,0.0
reverse_2,457.776,1.898572776590317,1.560953875487014,0.0,0.17010792766610608,-0.12597499998829126,0.0,0.0
reverse_2,457.812,1.894512932500106,1.560256524462995,0.0,0.17010792766610772,-0.11337499999194792,0.0,0.0
reverse_2,457.848,1.890900141374943,1.559635962802321,0.0,0.17010792766610922,-0.1007749999955824,0.0,5.2233499159028776e-14
reverse_2,457.884,1.887734403214828,1.5590921905049917,0.0,0.17010792766610772,-0.08817499999922429,0.0,-5.2233499159028776e-14
reverse_2,457.92,1.8850157180197613,1.5586252075710076,0.0,0.17010792766610922,-0.07557500000286618,0.0,5.2233499159028776e-14
reverse_2,457.956,1.8827440857897428,1.5582350140003682,0.0,0.17010792766610772,-0.06297500000648584,0.0,0.0
reverse_2,457.992,1.8809195065247721,1.5579216097930741,0.0,0.17010792766610922,-0.05037500001012772,0.0,0.0
reverse_2,458.028,1.879541980224849,1.5576849949491252,0.0,0.17010792766610608,-0.03777500001378442,0.0,0.0
reverse_2,458.064,1.878611506889974,1.5575251694685206,0.0,0.17010792766610608,-0.025175000017426306,0.0,0.0
reverse_2,458.1,1.8781280865201473,1.557442133351261,0.0,0.17010792766610608,-0.012575000021053384,0.0,0.0
reverse_2,458.136,1.8780525428472694,1.5574291573707875,0.0,0.17010792766610608,-0.0013000000130454954,0.0,0.0
reverse_2,458.172,1.8780525428472694,1.5574291573707875,0.0,0.17010792766610608,0.0,0.0,0.0
reverse_2,458.208,1.8780525428472694,1.5574291573707875,0.0,0.17010792766610608,0.0,0.0,0.0
reverse_2,458.244,1.8780525428472694,1.5574291573707875,0.0,0.17010792766610608,0.0,0.0,0.0
reverse_2,458.28,1.8780525428472694,1.5574291573707875,0.0,0.17010792766610608,0.0,0.0,0.0
reverse_2,458.316,1.8780525428472694,1.5574291573707875,0.0,0.17010792766610608,0.0,0.0,0.0
reverse_2,458.352,1.8780525428472694,1.5574291573707875,0.0,0.17010792766610608,0.0,0.0,0.0
reverse_2,458.388,1.8780525428472694,1.5574291573707875,0.0,0.17010792766610608,0.0,0.0,0.0
reverse_2,458.424,1.8780525428472694,1.5574291573707875,0.0,0.17010792766610608,0.0,0.0,0.0
reverse_2,458.46,1.8780525428472694,1.5574291573707875,0.0,0.17010792766610608,0.0,0.0,0.0
reverse_2,458.496,1.8780525428472694,1.5574291573707875,0.0,0.17010792766610608,0.0,0.0,0.0
reverse_2,458.532,1.8780525428472694,1.5574291573707875,0.0,0.17010792766610608,0.0,0.0,0.0
reverse_2,458.568,1.8780525428472694,1.5574291573707875,0.0,0.17010792766610608,0.0,0.0,0.0
reverse_2,458.604,1.8780525428472694,1.5574291573707875,0.0,0.17010792766610608,0.0,0.0,0.0
reverse_2,458.64,1.8780525428472694,1.5574291573707875,0.0,0.17010792766610608,0.0,0.0,0.0
reverse_2,458.676,1.8780525428472694,1.5574291573707875,0.0,0.17010792766610608,0.0,0.0,0.0
reverse_2,458.712,1.8780525428472694,1.5574291573707875,0.0,0.17010792766610608,0.0,0.0,0.0
reverse_2,458.748,1.8780525428472694,1.5574291573707875,0.0,0.17010792766610608,0.0,0.0,0.0
reverse_2,458.784,1.8780525428472694,1.5574291573707875,0.0,0.17010792766610608,0.0,0.0,0.0
reverse_2,458.82,1.8780525428472694,1.5574291573707875,0.0,0.17010792766610608,0.0,0.0,0.0
reverse_2,458.856,1.8780525428472694,1.5574291573707875,0.0,0.17010792766610608,0.0,0.0,0.0
reverse_2,458.892,1.8780525428472694,1.5574291573707875,0.0,0.17010792766610608,0.0,0.0,0.0
reverse_2,458.928,1.8780525428472694,1.5574291573707875,0.0,0.17010792766610608,0.0,0.0,0.0
reverse_2,458.964,1.8780525428472694,1.5574291573707875,0.0,0.17010792766610608,0.0,0.0,0.0
reverse_2,459.0,1.8780525428472694,1.5574291573707875,0.0,0.17010792766610608,0.0,0.0,0.0
reverse_2,459.036,1.8780525428472694,1.5574291573707875,0.0,0.17010792766610608,0.0,0.0,0.0
reverse_2,459.072,1.8780525428472694,1.5574291573707875,0.0,0.17010792766610608,0.0,0.0,0.0
reverse_2,459.108,1.8780525428472694,1.5574291573707875,0.0,0.17010792766610608,0.0,0.0,0.0
reverse_2,459.144,1.8780525428472694,1.5574291573707875,0.0,0.17010792766610608,0.0,0.0,0.0
reverse_2,459.18,1.8780525428472694,1.5574291573707875,0.0,0.17010792766610608,0.0,0.0,0.0
reverse_2,459.216,1.8780525428472694,1.5574291573707875,0.0,0.17010792766610608,0.0,0.0,0.0
reverse_2,459.252,1.8780525428472694,1.5574291573707875,0.0,0.17010792766610608,0.0,0.0,0.0
reverse_2,459.288,1.8780525428472694,1.5574291573707875,0.0,0.17010792766610608,0.0,0.0,0.0
reverse_2,459.324,1.8780525428472694,1.5574291573707875,0.0,0.17010792766610608,0.0,0.0,0.0
reverse_2,459.36,1.8780525428472694,1.5574291573707875,0.0,0.17010792766610608,0.0,0.0,0.0
reverse_2,459.396,1.8780525428472694,1.5574291573707875,0.0,0.17010792766610608,0.0,0.0,0.0
reverse_2,459.432,1.8780525428472694,1.5574291573707875,0.0,0.17010792766610608,0.0,0.0,0.0
reverse_2,459.468,1.8780525428472694,1.5574291573707875,0.0,0.17010792766610608,0.0,0.0,0.0
reverse_2,459.504,1.8780525428472694,1.5574291573707875,0.0,0.17010792766610608,0.0,0.0,0.0
reverse_2,459.54,1.8780525428472694,1.5574291573707875,0.0,0.17010792766610608,0.0,0.0,0.0
reverse_2,459.576,1.8780525428472694,1.5574291573707875,0.0,0.17010792766610608,0.0,0.0,0.0
reverse_2,459.612,1.8780525428472694,1.5574291573707875,0.0,0.17010792766610608,0.0,0.0,0.0
reverse_2,459.648,1.8780525428472694,1.5574291573707875,0.0,0.17010792766610608,0.0,0.0,0.0
reverse_2,459.684,1.8780525428472694,1.5574291573707875,0.0,0.17010792766610608,0.0,0.0,0.0
reverse_2,459.72,1.8780525428472694,1.5574291573707875,0.0,0.17010792766610608,0.0,0.0,0.0
reverse_2,459.756,1.8780525428472694,1.5574291573707875,0.0,0.17010792766610608,0.0,0.0,0.0
reverse_2,459.792,1.8780525428472694,1.5574291573707875,0.0,0.17010792766610608,0.0,0.0,0.0
reverse_2,459.828,1.8780525428472694,1.5574291573707875,0.0,0.17010792766610608,0.0,0.0,0.0
reverse_2,459.864,1.8780525428472694,1.5574291573707875,0.0,0.17010792766610608,0.0,0.0,0.0
reverse_2,459.9,1.8780525428472694,1.5574291573707875,0.0,0.17010792766610608,0.0,0.0,0.0
reverse_2,459.936,1.8780525428472694,1.5574291573707875,0.0,0.17010792766610608,0.0,0.0,0.0
reverse_2,459.972,1.8780525428472694,1.5574291573707875,0.0,0.17010792766610608,0.0,0.0,0.0
reverse_2,460.008,1.8780525428472694,1.5574291573707875,0.0,0.17010792766610608,0.0,0.0,0.0
reverse_2,460.044,1.8780525428472694,1.5574291573707875,0.0,0.17010792766610608,0.0,0.0,0.0
reverse_2,460.08,1.8780525428472694,1.5574291573707875,0.0,0.17010792766610608,0.0,0.0,0.0
reverse_2,460.116,1.8780525428472694,1.5574291573707875,0.0,0.17010792766610608,0.0,0.0,0.0
reverse_2,460.152,1.8780525428472694,1.5574291573707875,0.0,0.17010792766610608,0.0,0.0,0.0
reverse_2,460.188,1.8780525428472694,1.5574291573707875,0.0,0.17010792766610608,0.0,0.0,0.0
reverse_2,460.224,1.8780525428472694,1.5574291573707875,0.0,0.17010792766610608,0.0,0.0,0.0
reverse_2,460.26,1.8780525428472694,1.5574291573707875,0.0,0.17010792766610608,0.0,0.0,0.0
reverse_2,460.296,1.8780525428472694,1.5574291573707875,0.0,0.17010792766610608,0.0,0.0,0.0
reverse_2,460.332,1.8780525428472694,1.5574291573707875,0.0,0.17010792766610608,0.0,0.0,0.0
reverse_2,460.368,1.8780525428472694,1.5574291573707875,0.0,0.17010792766610608,0.0,0.0,0.0
reverse_2,460.404,1.8780525428472694,1.5574291573707875,0.0,0.17010792766610608,0.0,0.0,0.0
reverse_2,460.44,1.8780525428472694,1.5574291573707875,0.0,0.17010792766610608,0.0,0.0,0.0
reverse_2,460.476,1.8780525428472694,1.5574291573707875,0.0,0.17010792766610608,0.0,0.0,0.0
reverse_2,460.512,1.8780525428472694,1.5574291573707875,0.0,0.17010792766610608,0.0,0.0,0.0
reset,460.548,1.8780525428472694,1.5574291573707875,0.0,0.17010792766610608,0.0,0.0,0.0
reset,460.584,1.8780525428472694,1.5574291573707875,0.0,0.17010792766610608,0.0,0.0,0.0
reset,460.62,1.8780525428472694,1.5574291573707875,0.0,0.17010792766610608,0.0,0.0,0.0
reset,460.656,1.8780525428472694,1.5574291573707875,0.0,0.17010792766610608,0.0,0.0,0.0
reset,460.692,1.8780525428472694,1.5574291573707875,0.0,0.17010792766610608,0.0,0.0,0.0
reset,460.728,1.8780525428472694,1.5574291573707875,0.0,0.17010792766610608,0.0,0.0,0.0
reset,460.764,1.8780525428472694,1.5574291573707875,0.0,0.17010792766610608,0.0,0.0,0.0
reset,460.8,1.8780525428472694,1.5574291573707875,0.0,0.17010792766610608,0.0,0.0,0.0
reset,460.836,1.8780525428472694,1.5574291573707875,0.0,0.17010792766610608,0.0,0.0,0.0
reset,460.872,1.8780525428472694,1.5574291573707875,0.0,0.17010792766610608,0.0,0.0,0.0
reset,460.908,1.8780525428472694,1.5574291573707875,0.0,0.17010792766610608,0.0,0.0,0.0
reset,460.944,1.8780525428472694,1.5574291573707875,0.0,0.17010792766610608,0.0,0.0,0.0
reset,460.98,1.8780525428472694,1.5574291573707875,0.0,0.17010792766610608,0.0,0.0,0.0
reset,461.016,1.8780525428472694,1.5574291573707875,0.0,0.17010792766610608,0.0,0.0,0.0
reset,461.052,1.8780525428472694,1.5574291573707875,0.0,0.17010792766610608,0.0,0.0,0.0
reset,461.088,1.8780525428472694,1.5574291573707875,0.0,0.17010792766610608,0.0,0.0,0.0
reset,461.124,1.8780525428472694,1.5574291573707875,0.0,0.17010792766610608,0.0,0.0,0.0
reset,461.16,1.8780525428472694,1.5574291573707875,0.0,0.17010792766610608,0.0,0.0,0.0
reset,461.196,1.8780525428472694,1.5574291573707875,0.0,0.17010792766610608,0.0,0.0,0.0
reset,461.232,1.8780525428472694,1.5574291573707875,0.0,0.17010792766610608,0.0,0.0,0.0
reset,461.268,1.8780525428472694,1.5574291573707875,0.0,0.17010792766610608,0.0,0.0,0.0
reset,461.304,1.8780525428472694,1.5574291573707875,0.0,0.17010792766610608,0.0,0.0,0.0
reset,461.34,1.8780525428472694,1.5574291573707875,0.0,0.17010792766610608,0.0,0.0,0.0
reset,461.376,1.8780525428472694,1.5574291573707875,0.0,0.17010792766610608,0.0,0.0,0.0
reset,461.412,1.8780525428472694,1.5574291573707875,0.0,0.17010792766610608,0.0,0.0,0.0
reset,461.448,1.8780525428472694,1.5574291573707875,0.0,0.17010792766610608,0.0,0.0,0.0
reset,461.484,1.8780525428472694,1.5574291573707875,0.0,0.17010792766610608,0.0,0.0,0.0
reset,461.52,1.8780525428472694,1.5574291573707875,0.0,0.17010792766610608,0.0,0.0,0.0
reset,461.592,1.8780525428472694,1.5574291573707875,0.0,0.17010792766610608,0.0,0.0,0.0
reset,461.628,1.8780525428472694,1.5574291573707875,0.0,0.17010792766610608,0.0,0.0,0.0
reset,461.664,1.8780525428472694,1.5574291573707875,0.0,0.17010792766610608,0.0,0.0,0.0
reset,461.7,1.8780525428472694,1.5574291573707875,0.0,0.17010792766610608,0.0,0.0,0.0
reset,461.736,1.8780525428472694,1.5574291573707875,0.0,0.17010792766610608,0.0,0.0,0.0
reset,461.772,1.8780525428472694,1.5574291573707875,0.0,0.17010792766610608,0.0,0.0,0.0
reset,461.808,1.8780525428472694,1.5574291573707875,0.0,0.17010792766610608,0.0,0.0,0.0
reset,461.844,1.8780525428472694,1.5574291573707875,0.0,0.17010792766610608,0.0,0.0,0.0
reset,461.88,1.8780525428472694,1.5574291573707875,0.0,0.17010792766610608,0.0,0.0,0.0
reset,461.916,1.8780525428472694,1.5574291573707875,0.0,0.17010792766610608,0.0,0.0,0.0
reset,461.952,1.8780525428472694,1.5574291573707875,0.0,0.17010792766610608,0.0,0.0,0.0
reset,461.988,1.8780525428472694,1.5574291573707875,0.0,0.17010792766610608,0.0,0.0,0.0
reset,462.024,1.8780525428472694,1.5574291573707875,0.0,0.17010792766610608,0.0,0.0,0.0
reset,462.06,1.8780525428472694,1.5574291573707875,0.0,0.17010792766610608,0.0,0.0,0.0
reset,462.096,1.8780525428472694,1.5574291573707875,0.0,0.17010792766610608,0.0,0.0,0.0
reset,462.132,1.8780525428472694,1.5574291573707875,0.0,0.17010792766610608,0.0,0.0,0.0
reset,462.168,1.8780525428472694,1.5574291573707875,0.0,0.17010792766610608,0.0,0.0,0.0
reset,462.204,1.8780525428472694,1.5574291573707875,0.0,0.17010792766610608,0.0,0.0,0.0
reset,462.24,1.8780525428472694,1.5574291573707875,0.0,0.17010792766610608,0.0,0.0,0.0
reset,462.276,1.8780525428472694,1.5574291573707875,0.0,0.17010792766610608,0.0,0.0,0.0
reset,462.312,1.8780525428472694,1.5574291573707875,0.0,0.17010792766610608,0.0,0.0,0.0
reset,462.348,1.8780525428472694,1.5574291573707875,0.0,0.17010792766610608,0.0,0.0,0.0
reset,462.384,1.8780525428472694,1.5574291573707875,0.0,0.17010792766610608,0.0,0.0,0.0
reset,462.42,1.8780525428472694,1.5574291573707875,0.0,0.17010792766610608,0.0,0.0,0.0
reset,462.456,1.8780525428472694,1.5574291573707875,0.0,0.17010792766610608,0.0,0.0,0.0
reset,462.492,1.8780525428472694,1.5574291573707875,0.0,0.17010792766610608,0.0,0.0,0.0
reset,462.528,1.8780525428472694,1.5574291573707875,0.0,0.17010792766610608,0.0,0.0,0.0
reset,462.564,1.8780525428472694,1.5574291573707875,0.0,0.17010792766610608,0.0,0.0,0.0
reset,462.6,1.8780525428472694,1.5574291573707875,0.0,0.17010792766610608,0.0,0.0,0.0
reset,462.636,1.8780525428472694,1.5574291573707875,0.0,0.17010792766610608,0.0,0.0,0.0
reset,462.672,1.8780525428472694,1.5574291573707875,0.0,0.17010792766610608,0.0,0.0,0.0
reset,462.708,1.8780525428472694,1.5574291573707875,0.0,0.17010792766610608,0.0,0.0,0.0
reset,462.744,1.8780525428472694,1.5574291573707875,0.0,0.17010792766610608,0.0,0.0,0.0
reset,462.78,1.8780525428472694,1.5574291573707875,0.0,0.17010792766610608,0.0,0.0,0.0
reset,462.816,1.8780525428472694,1.5574291573707875,0.0,0.17010792766610608,0.0,0.0,0.0
reset,462.852,1.8780525428472694,1.5574291573707875,0.0,0.17010792766610608,0.0,0.0,0.0
reset,462.888,1.8780525428472694,1.5574291573707875,0.0,0.17010792766610608,0.0,0.0,0.0
reset,462.924,1.8780525428472694,1.5574291573707875,0.0,0.17010792766610608,0.0,0.0,0.0
reset,462.96,1.8780525428472694,1.5574291573707875,0.0,0.17010792766610608,0.0,0.0,0.0
reset,462.996,1.8780525428472694,1.5574291573707875,0.0,0.17010792766610608,0.0,0.0,0.0
reset,463.032,1.8780525428472694,1.5574291573707875,0.0,0.17010792766610608,0.0,0.0,0.0
pivot_ccw_2,463.068,1.8780525428472694,1.5574291573707875,0.0,0.17010792766610608,0.0,0.0,0.0
pivot_ccw_2,463.104,1.8780525428472694,1.5574291573707875,0.0,0.17010792766610608,0.0,0.0,0.0
pivot_ccw_2,463.14,1.8780525428472694,1.5574291573707875,0.0,0.17010792766610608,0.0,0.0,0.0
pivot_ccw_2,463.176,1.8780525428472694,1.5574291573707875,0.0,0.17010792766610608,0.0,0.0,0.0
pivot_ccw_2,463.212,1.8780525428472694,1.5574291573707875,0.0,0.17010792766610608,0.0,0.0,0.0
pivot_ccw_2,463.248,1.8780525428472694,1.5574291573707875,0.0,0.17010792766610608,0.0,0.0,0.0
pivot_ccw_2,463.284,1.8780525428472694,1.5574291573707875,0.0,0.17010792766610608,0.0,0.0,0.0
pivot_ccw_2,463.32,1.8780525428472694,1.5574291573707875,0.0,0.17010792766610608,0.0,0.0,0.0
pivot_ccw_2,463.356,1.8780525428472694,1.5574291573707875,0.0,0.17010792766610608,0.0,0.0,0.0
pivot_ccw_2,463.392,1.8780525428472694,1.5574291573707875,0.0,0.17010792766610608,0.0,0.0,0.0
pivot_ccw_2,463.428,1.8780525428472694,1.5574291573707875,0.0,0.17010792766610608,0.0,0.0,0.0
pivot_ccw_2,463.464,1.8780525428472694,1.5574291573707875,0.0,0.17010792766610608,0.0,0.0,0.0
pivot_ccw_2,463.5,1.8780525428472694,1.5574291573707875,0.0,0.17010792766610608,0.0,0.0,0.0
pivot_ccw_2,463.536,1.8780525428472694,1.5574291573707875,0.0,0.17010792766610608,0.0,0.0,0.0
pivot_ccw_2,463.572,1.8780525428472694,1.5574291573707875,0.0,0.17010792766610608,0.0,0.0,0.0
pivot_ccw_2,463.608,1.8780525428472694,1.5574291573707875,0.0,0.17010792766610608,0.0,0.0,0.0
pivot_ccw_2,463.644,1.8780525428472694,1.5574291573707875,0.0,0.17010792766610608,0.0,0.0,0.0
pivot_ccw_2,463.68,1.8780525428472694,1.5574291573707875,0.0,0.17010792766610608,0.0,0.0,0.0
pivot_ccw_2,463.716,1.8780525428472694,1.5574291573707875,0.0,0.17010792766610608,0.0,0.0,0.0
pivot_ccw_2,463.752,1.8780525428472694,1.5574291573707875,0.0,0.17010792766610608,0.0,0.0,0.0
pivot_ccw_2,463.788,1.8780525428472694,1.5574291573707875,0.0,0.17010792766610608,0.0,0.0,0.0
pivot_ccw_2,463.824,1.8780525428472694,1.5574291573707875,0.0,0.17010792766610608,0.0,0.0,0.0
pivot_ccw_2,463.86,1.8780525428472694,1.5574291573707875,0.0,0.17010792766610608,0.0,0.0,0.0
pivot_ccw_2,463.896,1.8780525428472694,1.5574291573707875,0.0,0.17010792766610608,0.0,0.0,0.0
pivot_ccw_2,463.932,1.8780525428472694,1.5574291573707875,0.0,0.17010792766610608,0.0,0.0,0.0
pivot_ccw_2,463.968,1.8780525428472694,1.5574291573707875,0.0,0.17010792766610608,0.0,0.0,0.0
pivot_ccw_2,464.004,1.8780525428472694,1.5574291573707875,0.0,0.17010792766610608,0.0,0.0,0.0
pivot_ccw_2,464.04,1.8780525428472694,1.5574291573707875,0.0,0.17010792766610608,0.0,0.0,0.0
pivot_ccw_2,464.076,1.878052542847268,1.5574291573707875,0.0,0.17041032764222683,-4.4408920985006255e-14,0.0,0.010079999204024364
pivot_ccw_2,464.112,1.878052542847267,1.5574291573707875,0.0,0.17215992760094043,-3.700743415417188e-14,0.0,0.05219999885213265
pivot_ccw_2,464.148,1.8780525428472652,1.5574291573707875,0.0,0.17546472755919973,-5.1810407815840634e-14,0.0,0.09539999883943336
pivot_ccw_2,464.184,1.878052542847264,1.5574291573707875,0.0,0.18032472751701403,-3.700743415417188e-14,0.0,0.13859999882715193
pivot_ccw_2,464.22,1.8780525428472623,1.5574291573707875,0.0,0.18673992747437396,-4.4408920985006255e-14,0.0,0.18179999881450487
pivot_ccw_2,464.256,1.878052542847261,1.5574291573707875,0.0,0.1947103274312875,-2.960594732333751e-14,0.0,0.22499999880211896
pivot_ccw_2,464.292,1.8780525428472585,1.5574291573707875,0.0,0.20423592738775284,-6.661338147750938e-14,0.0,0.26819999878968087
pivot_ccw_2,464.328,1.8780525428472568,1.5574291573707875,0.0,0.21531672734376692,-4.440892098500626e-14,0.0,0.31139999877713825
pivot_ccw_2,464.364,1.8780525428472543,1.5574291573707875,0.0,0.22795272729932983,-6.661338147750939e-14,0.0,0.35459999876459564
pivot_ccw_2,464.4,1.8780525428472516,1.5574291573707875,0.0,0.24214392725445097,-8.141635513917814e-14,0.0,0.3977999987523143
pivot_ccw_2,464.436,1.8780525428472494,1.5574291573707872,0.0,0.25789032720911614,-5.921189464667501e-14,0.0,0.4409999987396671
pivot_ccw_2,464.472,1.8780525428472465,1.5574291573707861,0.0,0.2751907271636101,-8.141635513917814e-14,0.0,0.4841599987364555
pivot_ccw_2,464.508,1.8780525428472452,1.5574291573707857,0.0,0.2931907271475277,-2.220446049250313e-14,0.0,0.4999999995534564
pivot_ccw_2,464.544,1.8780525428472454,1.5574291573707857,0.0,0.31119072713145945,0.0,0.0,0.4999999995536131
pivot_ccw_2,464.58,1.8780525428472452,1.5574291573707857,0.0,0.3291907271153912,-7.401486830834376e-15,0.0,0.4999999995536653
pivot_ccw_2,464.616,1.8780525428472452,1.5574291573707857,0.0,0.3471907270993214,0.0,0.0,0.4999999995536131
pivot_ccw_2,464.652,1.8780525428472452,1.5574291573707857,0.0,0.3651907270832516,0.0,0.0,0.4999999995536131
pivot_ccw_2,464.688,1.8780525428472454,1.5574291573707857,0.0,0.38319072706718343,7.401486830834376e-15,0.0,0.4999999995536653
pivot_ccw_2,464.724,1.8780525428472452,1.5574291573707857,0.0,0.40119072705111514,-7.401486830834376e-15,0.0,0.4999999995536653
pivot_ccw_2,464.76,1.8780525428472452,1.5574291573707857,0.0,0.4191907270350453,0.0,0.0,0.4999999995536131
pivot_ccw_2,464.796,1.8780525428472452,1.5574291573707857,0.0,0.43719072701897566,0.0,0.0,0.4999999995536131
pivot_ccw_2,464.832,1.8780525428472417,1.5574291573707846,0.0,0.4551907270029338,-9.62193288008469e-14,0.0,0.49999999955439656
pivot_ccw_2,464.868,1.878052542847238,1.5574291573707837,0.0,0.4731907269868889,-1.0362081563168128e-13,0.0,0.4999999995543443
pivot_ccw_2,464.904,1.8780525428472343,1.5574291573707824,0.0,0.4911907269708455,-1.0362081563168128e-13,0.0,0.4999999995543443
pivot_ccw_2,464.94,1.8780525428472308,1.5574291573707815,0.0,0.5091907269548007,-1.0362081563168128e-13,0.0,0.4999999995543443
pivot_ccw_2,464.976,1.8780525428472272,1.5574291573707801,0.0,0.5271907269387596,-9.62193288008469e-14,0.0,0.49999999955439656
pivot_ccw_2,465.012,1.8780525428472257,1.557429157370779,0.0,0.5451907269227292,-2.9605947323337504e-14,0.0,0.49999999955476226
pivot_ccw_2,465.048,1.8780525428472257,1.557429157370779,0.0,0.5631907269067129,0.0,0.0,0.4999999995550756
pivot_ccw_2,465.084,1.8780525428472257,1.557429157370779,0.0,0.5811907268906935,0.0,0.0,0.4999999995549712
pivot_ccw_2,465.12,1.8780525428472257,1.557429157370779,0.0,0.5991907268746772,0.0,0.0,0.4999999995550756
pivot_ccw_2,465.156,1.8780525428472257,1.557429157370779,0.0,0.6171907268586609,0.0,0.0,0.4999999995550756
pivot_ccw_2,465.192,1.8780525428472257,1.557429157370779,0.0,0.6351907268426417,0.0,0.0,0.4999999995550756
pivot_ccw_2,465.228,1.8780525428472254,1.5574291573707788,0.0,0.6531907268266268,-7.401486830834376e-15,0.0,0.49999999955512786
pivot_ccw_2,465.264,1.878052542847222,1.557429157370776,0.0,0.671190726810634,-9.62193288008469e-14,0.0,0.49999999955575464
pivot_ccw_2,465.3,1.8780525428472192,1.5574291573707735,0.0,0.689190726794647,-8.141635513917815e-14,0.0,0.49999999955596364
pivot_ccw_2,465.336,1.878052542847219,1.5574291573707733,0.0,0.7071907267786791,-7.401486830834376e-15,0.0,0.499999999556486
pivot_ccw_2,465.372,1.8780525428472188,1.5574291573707733,0.0,0.7251907267626955,5.048709793414476e-30,0.0,0.49999999955591135
pivot_ccw_2,465.408,1.8780525428472161,1.5574291573707706,0.0,0.7431907267467023,-1.0362081563168128e-13,0.0,0.4999999995557024
pivot_ccw_2,465.444,1.8780525428472135,1.557429157370768,0.0,0.7611907267307111,-9.62193288008469e-14,0.0,0.49999999955575464
pivot_ccw_2,465.48,1.8780525428472108,1.5574291573707653,0.0,0.7791907267147196,-1.0362081563168128e-13,0.0,0.4999999995558069
pivot_ccw_2,465.516,1.8780525428472081,1.5574291573707626,0.0,0.7971907266987267,-1.0362081563168128e-13,0.0,0.4999999995558069
pivot_ccw_2,465.552,1.8780525428472055,1.55742915737076,0.0,0.8151907266827352,-1.0362081563168128e-13,0.0,0.4999999995558069
pivot_ccw_2,465.588,1.8780525428472028,1.5574291573707573,0.0,0.8331907266667407,-9.62193288008469e-14,0.0,0.49999999955575464
pivot_ccw_2,465.624,1.8780525428472001,1.5574291573707546,0.0,0.8511907266507495,-9.62193288008469e-14,0.0,0.49999999955575464
pivot_ccw_2,465.66,1.8780525428471975,1.5574291573707508,0.0,0.8691907266347563,-1.0362081563168127e-13,0.0,0.4999999995557024
pivot_ccw_2,465.696,1.8780525428471948,1.5574291573707473,0.0,0.8871907266187649,-9.62193288008469e-14,0.0,0.49999999955575464
pivot_ccw_2,465.732,1.8780525428471921,1.5574291573707435,0.0,0.9051907266027719,-1.0362081563168128e-13,0.0,0.4999999995557024
pivot_ccw_2,465.768,1.8780525428471895,1.55742915737074,0.0,0.9231907265867805,-1.0362081563168127e-13,0.0,0.4999999995558069
pivot_ccw_2,465.804,1.8780525428471868,1.5574291573707364,0.0,0.9411907265707891,-1.0362081563168128e-13,0.0,0.4999999995558069
pivot_ccw_2,465.84,1.8780525428471841,1.5574291573707326,0.0,0.9591907265547961,-1.0362081563168128e-13,0.0,0.4999999995558069
pivot_ccw_2,465.876,1.8780525428471815,1.557429157370729,0.0,0.9771907265388047,-1.0362081563168128e-13,0.0,0.4999999995558069
pivot_ccw_2,465.912,1.8780525428471788,1.5574291573707255,0.0,0.9951907265228102,-9.62193288008469e-14,0.0,0.49999999955575464
pivot_ccw_2,465.948,1.8780525428471762,1.557429157370722,0.0,1.013190726506819,-9.62193288008469e-14,0.0,0.49999999955575464
pivot_ccw_2,465.984,1.8780525428471735,1.5574291573707182,0.0,1.031190726490826,-1.0362081563168128e-13,0.0,0.4999999995557024
pivot_ccw_2,466.02,1.878052542847171,1.5574291573707146,0.0,1.0491907264748346,-9.62193288008469e-14,0.0,0.49999999955575464
pivot_ccw_2,466.056,1.8780525428471702,1.557429157370711,0.0,1.067190726458843,-9.62193288008469e-14,0.0,0.49999999955575464
pivot_ccw_2,466.092,1.878052542847169,1.5574291573707073,0.0,1.08519072644285,-1.0362081563168127e-13,0.0,0.4999999995558069
pivot_ccw_2,466.128,1.8780525428471682,1.5574291573707038,0.0,1.1031907264268586,-1.0362081563168128e-13,0.0,0.4999999995558069
pivot_ccw_2,466.164,1.878052542847167,1.5574291573707,0.0,1.1211907264108658,-1.0362081563168128e-13,0.0,0.4999999995558069
pivot_ccw_2,466.2,1.8780525428471664,1.5574291573706966,0.0,1.1391907263948724,-9.62193288008469e-14,0.0,0.49999999955575464
pivot_ccw_2,466.236,1.8780525428471653,1.5574291573706929,0.0,1.1571907263788797,-1.0362081563168127e-13,0.0,0.4999999995557024
pivot_ccw_2,466.272,1.8780525428471648,1.557429157370691,0.0,1.1751907263629007,-3.700743415417188e-14,0.0,0.49999999955617247
pivot_ccw_2,466.308,1.8780525428471648,1.557429157370691,0.0,1.193190726346934,0.0,0.0,0.49999999955643376
pivot_ccw_2,466.344,1.8780525428471633,1.557429157370687,0.0,1.2111907263309662,-1.3322676295501878e-13,0.0,0.49999999955643376
pivot_ccw_2,466.38,1.8780525428471615,1.557429157370682,0.0,1.2291907263149855,-1.258252761241844e-13,0.0,0.4999999995559635
pivot_ccw_2,466.416,1.8780525428471604,1.5574291573706782,0.0,1.2471907262989925,-1.0362081563168128e-13,0.0,0.4999999995557024
pivot_ccw_2,466.452,1.8780525428471595,1.5574291573706747,0.0,1.265190726283001,-9.62193288008469e-14,0.0,0.49999999955575464
pivot_ccw_2,466.488,1.8780525428471586,1.5574291573706711,0.0,1.2831907262670097,-1.0362081563168128e-13,0.0,0.4999999995558069
pivot_ccw_2,466.524,1.8780525428471575,1.5574291573706673,0.0,1.3011907262510167,-1.0362081563168128e-13,0.0,0.4999999995558069
pivot_ccw_2,466.56,1.8780525428471555,1.5574291573706613,0.0,1.3191907262350082,-1.850371707708594e-13,0.0,0.49999999955523233
pivot_ccw_2,466.596,1.878052542847154,1.5574291573706542,0.0,1.3371907262189888,-1.9984014443252818e-13,0.0,0.4999999995550234
pivot_ccw_2,466.632,1.878052542847152,1.557429157370647,0.0,1.3551907262029708,-1.9984014443252818e-13,0.0,0.49999999955502333
pivot_ccw_2,466.668,1.8780525428471504,1.5574291573706398,0.0,1.3731907261869547,-1.924386576016938e-13,0.0,0.4999999995550756
pivot_ccw_2,466.704,1.8780525428471504,1.557429157370636,0.0,1.391190726170912,-1.0362081563168127e-13,0.0,0.4999999995543443
pivot_ccw_2,466.74,1.8780525428471504,1.5574291573706325,0.0,1.4091907261548677,-9.62193288008469e-14,0.0,0.4999999995542921
pivot_ccw_2,466.776,1.8780525428471504,1.5574291573706287,0.0,1.427190726138825,-1.0362081563168128e-13,0.0,0.4999999995543443
pivot_ccw_2,466.812,1.8780525428471504,1.5574291573706252,0.0,1.4451907261227808,-9.62193288008469e-14,0.0,0.4999999995542921
pivot_ccw_2,466.848,1.8780525428471504,1.5574291573706216,0.0,1.4631907261067396,-1.0362081563168127e-13,0.0,0.4999999995543443
pivot_ccw_2,466.884,1.8780525428471504,1.5574291573706178,0.0,1.481190726090697,-1.0362081563168127e-13,0.0,0.4999999995543443
pivot_ccw_2,466.92,1.8780525428471504,1.5574291573706143,0.0,1.4991907260746529,-1.0362081563168128e-13,0.0,0.4999999995543443
pivot_ccw_2,466.956,1.8780525428471504,1.5574291573706105,0.0,1.51719072605861,-1.0362081563168128e-13,0.0,0.4999999995543443
pivot_ccw_2,466.992,1.8780525428471504,1.5574291573706072,0.0,1.5351907260425672,-9.62193288008469e-14,0.0,0.49999999955439656
pivot_ccw_2,467.028,1.8780525428471504,1.5574291573706052,0.0,1.5531907260265123,-5.1810407815840634e-14,0.0,0.49999999955397867
pivot_ccw_2,467.064,1.8780525428471504,1.5574291573706014,0.0,1.5711907260104414,-1.1842378929335001e-13,0.0,0.4999999995535086
pivot_ccw_2,467.1,1.8780525428471504,1.557429157370596,0.0,1.5891907259943598,-1.4802973661668756e-13,0.0,0.4999999995532997
pivot_ccw_2,467.136,1.8780525428471504,1.5574291573705903,0.0,1.6071907259782785,-1.5543122344752192e-13,0.0,0.4999999995532475
pivot_ccw_2,467.172,1.8780525428471504,1.557429157370585,0.0,1.6251907259621965,-1.5543122344752194e-13,0.0,0.4999999995532475
pivot_ccw_2,467.208,1.8780525428471504,1.5574291573705794,0.0,1.6431907259461167,-1.5543122344752192e-13,0.0,0.4999999995532475
pivot_ccw_2,467.244,1.8780525428471504,1.557429157370574,0.0,1.6611907259300351,-1.5543122344752192e-13,0.0,0.4999999995532475
pivot_ccw_2,467.28,1.8780525428471504,1.5574291573705688,0.0,1.6791907259139536,-1.5543122344752194e-13,0.0,0.4999999995532475
pivot_ccw_2,467.316,1.8780525428471504,1.5574291573705632,0.0,1.6971907258978738,-1.4802973661668756e-13,0.0,0.4999999995532997
pivot_ccw_2,467.352,1.8780525428471504,1.5574291573705579,0.0,1.7151907258817922,-1.4802973661668756e-13,0.0,0.4999999995532997
pivot_ccw_2,467.388,1.8780525428471504,1.5574291573705523,0.0,1.733190725865712,-1.4802973661668753e-13,0.0,0.4999999995532997
pivot_ccw_2,467.424,1.8780525428471506,1.557429157370547,0.0,1.7511907258496304,-1.4802973661668756e-13,0.0,0.4999999995532997
pivot_ccw_2,467.46,1.878052542847151,1.5574291573705417,0.0,1.7691907258335489,-1.4802973661668756e-13,0.0,0.4999999995532997
pivot_ccw_2,467.496,1.8780525428471515,1.557429157370536,0.0,1.7871907258174689,-1.4802973661668756e-13,0.0,0.4999999995532997
pivot_ccw_2,467.532,1.878052542847152,1.5574291573705308,0.0,1.8051907258013875,-1.4802973661668756e-13,0.0,0.4999999995532997
pivot_ccw_2,467.568,1.8780525428471524,1.5574291573705252,0.0,1.8231907257853075,-1.4802973661668756e-13,0.0,0.4999999995532997
pivot_ccw_2,467.604,1.8780525428471548,1.5574291573705197,0.0,1.8411907257692242,-1.5543122344752192e-13,0.0,0.4999999995532475
pivot_ccw_2,467.64,1.878052542847157,1.5574291573705143,0.0,1.8591907257531426,-1.5543122344752194e-13,0.0,0.4999999995532475
pivot_ccw_2,467.676,1.8780525428471575,1.5574291573705121,0.0,1.8771907257370861,-5.1810407815840634e-14,0.0,0.4999999995539787
pivot_ccw_2,467.712,1.8780525428471577,1.5574291573705104,0.0,1.8951907257210292,-5.1810407815840634e-14,0.0,0.4999999995539787
pivot_ccw_2,467.748,1.878052542847158,1.5574291573705086,0.0,1.9131907257049758,-5.1810407815840634e-14,0.0,0.49999999955397867
pivot_ccw_2,467.784,1.8780525428471582,1.5574291573705068,0.0,1.931190725688919,-5.1810407815840634e-14,0.0,0.4999999995539787
pivot_ccw_2,467.82,1.8780525428471584,1.557429157370505,0.0,1.949190725672862,-5.1810407815840634e-14,0.0,0.4999999995539787
pivot_ccw_2,467.856,1.8780525428471586,1.557429157370503,0.0,1.967190725656807,-5.1810407815840634e-14,0.0,0.4999999995539787
pivot_ccw_2,467.892,1.8780525428471588,1.5574291573705015,0.0,1.985190725640752,-4.4408920985006255e-14,0.0,0.49999999955403096
pivot_ccw_2,467.928,1.878052542847159,1.5574291573704995,0.0,2.0031907256246964,-5.1810407815840634e-14,0.0,0.49999999955397867
pivot_ccw_2,467.964,1.8780525428471593,1.5574291573704977,0.0,2.0211907256086383,-5.181040781584064e-14,0.0,0.4999999995539787
pivot_ccw_2,468.0,1.8780525428471595,1.557429157370496,0.0,2.0391907255925803,-5.1810407815840634e-14,0.0,0.4999999995539787
pivot_ccw_2,468.036,1.8780525428471597,1.5574291573704941,0.0,2.0571907255765254,-4.440892098500626e-14,0.0,0.49999999955403096
pivot_ccw_2,468.072,1.8780525428471602,1.5574291573704915,0.0,2.075190725560473,-8.141635513917815e-14,0.0,0.4999999995541876
pivot_ccw_2,468.108,1.8780525428471615,1.5574291573704877,0.0,2.0931907255444293,-1.0362081563168128e-13,0.0,0.4999999995543443
pivot_ccw_2,468.144,1.878052542847164,1.5574291573704842,0.0,2.1111907255283833,-9.62193288008469e-14,0.0,0.4999999995542921
pivot_ccw_2,468.18,1.8780525428471644,1.5574291573704835,0.0,2.1291907255123617,0.0,0.0,0.49999999955507557
pivot_ccw_2,468.216,1.8780525428471644,1.5574291573704835,0.0,2.147190725496345,0.0,0.0,0.4999999995550756
pivot_ccw_2,468.252,1.8780525428471644,1.5574291573704835,0.0,2.1651907254803247,-7.401486830834376e-15,0.0,0.4999999995550234
pivot_ccw_2,468.288,1.8780525428471648,1.557429157370483,0.0,2.1831907254643106,-1.4802973661668752e-14,0.0,0.4999999995551801
pivot_ccw_2,468.324,1.8780525428471664,1.5574291573704813,0.0,2.2011907254483023,-5.1810407815840634e-14,0.0,0.49999999955533675
pivot_ccw_2,468.36,1.878052542847168,1.5574291573704795,0.0,2.219190725432297,-4.4408920985006255e-14,0.0,0.4999999995553891
pivot_ccw_2,468.396,1.8780525428471695,1.5574291573704777,0.0,2.237190725416292,-5.1810407815840634e-14,0.0,0.4999999995554413
pivot_ccw_2,468.432,1.8780525428471713,1.5574291573704757,0.0,2.255190725400285,-5.1810407815840634e-14,0.0,0.4999999995554412
pivot_ccw_2,468.468,1.8780525428471717,1.557429157370475,0.0,2.2731907253842984,-1.4802973661668755e-14,0.0,0.49999999955601576
pivot_ccw_2,468.504,1.8780525428471717,1.557429157370475,0.0,2.2911907253683332,7.401486830834376e-15,0.0,0.499999999556486
pivot_ccw_2,468.54,1.8780525428471746,1.5574291573704722,0.0,2.3091907253523556,-1.5543122344752194e-13,0.0,0.49999999955617264
pivot_ccw_2,468.576,1.8780525428471775,1.5574291573704693,0.0,2.327190725336375,-1.5543122344752192e-13,0.0,0.49999999955617264
pivot_ccw_2,468.612,1.8780525428471802,1.5574291573704666,0.0,2.3451907253203816,-1.0362081563168128e-13,0.0,0.4999999995558069
pivot_ccw_2,468.648,1.8780525428471828,1.557429157370464,0.0,2.3631907253043853,-1.0362081563168127e-13,0.0,0.4999999995557024
pivot_ccw_2,468.684,1.8780525428471855,1.5574291573704613,0.0,2.381190725288392,-9.62193288008469e-14,0.0,0.49999999955575464
pivot_ccw_2,468.72,1.8780525428471881,1.5574291573704586,0.0,2.3991907252723976,-1.0362081563168128e-13,0.0,0.4999999995557024
pivot_ccw_2,468.756,1.8780525428471908,1.557429157370456,0.0,2.4171907252564044,-9.62193288008469e-14,0.0,0.49999999955575464
pivot_ccw_2,468.792,1.8780525428471944,1.5574291573704533,0.0,2.4351907252404112,-9.621932880084691e-14,0.0,0.49999999955575464
pivot_ccw_2,468.828,1.8780525428471981,1.5574291573704506,0.0,2.4531907252244167,-1.0362081563168127e-13,0.0,0.4999999995558069
pivot_ccw_2,468.864,1.8780525428472017,1.557429157370448,0.0,2.4711907252084235,-1.0362081563168128e-13,0.0,0.4999999995558069
pivot_ccw_2,468.9,1.8780525428472055,1.5574291573704453,0.0,2.489190725192429,-1.0362081563168128e-13,0.0,0.4999999995558069
pivot_ccw_2,468.936,1.878052542847209,1.5574291573704426,0.0,2.507190725176436,-1.0362081563168128e-13,0.0,0.4999999995558069
pivot_ccw_2,468.972,1.8780525428472126,1.55742915737044,0.0,2.5251907251604395,-1.0362081563168127e-13,0.0,0.4999999995557024
pivot_ccw_2,469.008,1.8780525428472161,1.5574291573704373,0.0,2.5431907251444463,-9.62193288008469e-14,0.0,0.49999999955575464
pivot_ccw_2,469.044,1.87805254284722,1.5574291573704346,0.0,2.561190725128452,-1.0362081563168128e-13,0.0,0.4999999995557024
pivot_ccw_2,469.08,1.8780525428472172,1.5574291573704362,0.0,2.578801925118575,1.1102230246251565e-13,0.0,0.4870399997596083
pivot_ccw_2,469.116,1.8780525428472115,1.5574291573704397,0.0,2.594922725112128,1.7023419710919069e-13,0.0,0.4441999998220473
pivot_ccw_2,469.152,1.8780525428472057,1.5574291573704433,0.0,2.60948832510613,1.7023419710919069e-13,0.0,0.40099999983443324
pivot_ccw_2,469.188,1.8780525428472237,1.5574291573704329,0.0,2.6224987251179637,-7.401486830834376e-13,0.0,0.3578000004263498
pivot_ccw_2,469.224,1.8780525428472234,1.5574291573704329,0.0,2.633953925149422,0.0,0.0,0.3146000008748854
pivot_ccw_2,469.26,1.8780525428472221,1.5574291573704329,0.0,2.643853925181335,3.700743415417188e-14,0.0,0.2714000008875324
pivot_ccw_2,469.296,1.878052542847221,1.5574291573704333,0.0,2.6521987252136965,3.700743415417188e-14,0.0,0.22820000090002276
pivot_ccw_2,469.332,1.8780525428472192,1.5574291573704333,0.0,2.658988325246509,5.1810407815840634e-14,0.0,0.18500000091251317
pivot_ccw_2,469.368,1.878052542847217,1.5574291573704337,0.0,2.664222725279775,5.921189464667501e-14,0.0,0.14180000092505574
pivot_ccw_2,469.404,1.8780525428472148,1.5574291573704342,0.0,2.667901925313491,6.66133814775094e-14,0.0,0.09860000093759837
pivot_ccw_2,469.44,1.8780525428472121,1.557429157370435,0.0,2.670025925347652,6.661338147750939e-14,0.0,0.05540000094998424
pivot_ccw_2,469.476,1.8780525428472044,1.5574291573704384,0.0,2.6706079253795596,2.7385501274087193e-13,0.0,0.012640000872266372
pivot_ccw_2,469.512,1.8780525428472044,1.5574291573704384,0.0,2.6706079253795596,0.0,0.0,0.0
pivot_ccw_2,469.548,1.8780525428472044,1.5574291573704384,0.0,2.6706079253795596,0.0,0.0,0.0
pivot_ccw_2,469.584,1.8780525428472044,1.5574291573704384,0.0,2.6706079253795596,0.0,0.0,0.0
pivot_ccw_2,469.62,1.8780525428472044,1.5574291573704384,0.0,2.6706079253795596,0.0,0.0,0.0
pivot_ccw_2,469.656,1.8780525428472044,1.5574291573704384,0.0,2.6706079253795596,0.0,0.0,0.0
pivot_ccw_2,469.692,1.8780525428472044,1.5574291573704384,0.0,2.6706079253795596,0.0,0.0,0.0
pivot_ccw_2,469.728,1.8780525428472044,1.5574291573704384,0.0,2.6706079253795596,0.0,0.0,0.0
pivot_ccw_2,469.764,1.8780525428472044,1.5574291573704384,0.0,2.6706079253795596,0.0,0.0,0.0
pivot_ccw_2,469.8,1.8780525428472044,1.5574291573704384,0.0,2.6706079253795596,0.0,0.0,0.0
pivot_ccw_2,469.836,1.8780525428472044,1.5574291573704384,0.0,2.6706079253795596,0.0,0.0,0.0
pivot_ccw_2,469.872,1.8780525428472044,1.5574291573704384,0.0,2.6706079253795596,0.0,0.0,0.0
pivot_ccw_2,469.908,1.8780525428472044,1.5574291573704384,0.0,2.6706079253795596,0.0,0.0,0.0
pivot_ccw_2,469.944,1.8780525428472044,1.5574291573704384,0.0,2.6706079253795596,0.0,0.0,0.0
pivot_ccw_2,469.98,1.8780525428472044,1.5574291573704384,0.0,2.6706079253795596,0.0,0.0,0.0
pivot_ccw_2,470.016,1.8780525428472044,1.5574291573704384,0.0,2.6706079253795596,0.0,0.0,0.0
pivot_ccw_2,470.052,1.8780525428472044,1.5574291573704384,0.0,2.6706079253795596,0.0,0.0,0.0
pivot_ccw_2,470.088,1.8780525428472044,1.5574291573704384,0.0,2.6706079253795596,0.0,0.0,0.0
pivot_ccw_2,470.124,1.8780525428472044,1.5574291573704384,0.0,2.6706079253795596,0.0,0.0,0.0
pivot_ccw_2,470.16,1.8780525428472044,1.5574291573704384,0.0,2.6706079253795596,0.0,0.0,0.0
pivot_ccw_2,470.196,1.8780525428472044,1.5574291573704384,0.0,2.6706079253795596,0.0,0.0,0.0
pivot_ccw_2,470.232,1.8780525428472044,1.5574291573704384,0.0,2.6706079253795596,0.0,0.0,0.0
pivot_ccw_2,470.268,1.8780525428472044,1.5574291573704384,0.0,2.6706079253795596,0.0,0.0,0.0
pivot_ccw_2,470.304,1.8780525428472044,1.5574291573704384,0.0,2.6706079253795596,0.0,0.0,0.0
pivot_ccw_2,470.34,1.8780525428472044,1.5574291573704384,0.0,2.6706079253795596,0.0,0.0,0.0
pivot_ccw_2,470.376,1.8780525428472044,1.5574291573704384,0.0,2.6706079253795596,0.0,0.0,0.0
pivot_ccw_2,470.412,1.8780525428472044,1.5574291573704384,0.0,2.6706079253795596,0.0,0.0,0.0
pivot_ccw_2,470.448,1.8780525428472044,1.5574291573704384,0.0,2.6706079253795596,0.0,0.0,0.0
pivot_ccw_2,470.484,1.8780525428472044,1.5574291573704384,0.0,2.6706079253795596,0.0,0.0,0.0
pivot_ccw_2,470.52,1.8780525428472044,1.5574291573704384,0.0,2.6706079253795596,0.0,0.0,0.0
pivot_ccw_2,470.556,1.8780525428472044,1.5574291573704384,0.0,2.6706079253795596,0.0,0.0,0.0
pivot_ccw_2,470.592,1.8780525428472044,1.5574291573704384,0.0,2.6706079253795596,0.0,0.0,0.0
pivot_ccw_2,470.628,1.8780525428472044,1.5574291573704384,0.0,2.6706079253795596,0.0,0.0,0.0
pivot_ccw_2,470.664,1.8780525428472044,1.5574291573704384,0.0,2.6706079253795596,0.0,0.0,0.0
pivot_ccw_2,470.7,1.8780525428472044,1.5574291573704384,0.0,2.6706079253795596,0.0,0.0,0.0
pivot_ccw_2,470.736,1.8780525428472044,1.5574291573704384,0.0,2.6706079253795596,0.0,0.0,0.0
pivot_ccw_2,470.772,1.8780525428472044,1.5574291573704384,0.0,2.6706079253795596,0.0,0.0,0.0
pivot_ccw_2,470.808,1.8780525428472044,1.5574291573704384,0.0,2.6706079253795596,0.0,0.0,0.0
pivot_ccw_2,470.844,1.8780525428472044,1.5574291573704384,0.0,2.6706079253795596,0.0,0.0,0.0
pivot_ccw_2,470.88,1.8780525428472044,1.5574291573704384,0.0,2.6706079253795596,0.0,0.0,0.0
pivot_ccw_2,470.916,1.8780525428472044,1.5574291573704384,0.0,2.6706079253795596,0.0,0.0,0.0
pivot_ccw_2,470.952,1.8780525428472044,1.5574291573704384,0.0,2.6706079253795596,0.0,0.0,0.0
pivot_ccw_2,470.988,1.8780525428472044,1.5574291573704384,0.0,2.6706079253795596,0.0,0.0,0.0
pivot_ccw_2,471.024,1.8780525428472044,1.5574291573704384,0.0,2.6706079253795596,0.0,0.0,0.0
pivot_ccw_2,471.06,1.8780525428472044,1.5574291573704384,0.0,2.6706079253795596,0.0,0.0,0.0
pivot_ccw_2,471.096,1.8780525428472044,1.5574291573704384,0.0,2.6706079253795596,0.0,0.0,0.0
pivot_ccw_2,471.132,1.8780525428472044,1.5574291573704384,0.0,2.6706079253795596,0.0,0.0,0.0
pivot_ccw_2,471.168,1.8780525428472044,1.5574291573704384,0.0,2.6706079253795596,0.0,0.0,0.0
pivot_ccw_2,471.204,1.8780525428472044,1.5574291573704384,0.0,2.6706079253795596,0.0,0.0,0.0
pivot_ccw_2,471.24,1.8780525428472044,1.5574291573704384,0.0,2.6706079253795596,0.0,0.0,0.0
pivot_ccw_2,471.276,1.8780525428472044,1.5574291573704384,0.0,2.6706079253795596,0.0,0.0,0.0
pivot_ccw_2,471.312,1.8780525428472044,1.5574291573704384,0.0,2.6706079253795596,0.0,0.0,0.0
pivot_ccw_2,471.348,1.8780525428472044,1.5574291573704384,0.0,2.6706079253795596,0.0,0.0,0.0
pivot_ccw_2,471.384,1.8780525428472044,1.5574291573704384,0.0,2.6706079253795596,0.0,0.0,0.0
pivot_ccw_2,471.42,1.8780525428472044,1.5574291573704384,0.0,2.6706079253795596,0.0,0.0,0.0
pivot_ccw_2,471.456,1.8780525428472044,1.5574291573704384,0.0,2.6706079253795596,0.0,0.0,0.0
pivot_ccw_2,471.492,1.8780525428472044,1.5574291573704384,0.0,2.6706079253795596,0.0,0.0,0.0
pivot_ccw_2,471.528,1.8780525428472044,1.5574291573704384,0.0,2.6706079253795596,0.0,0.0,0.0
pivot_ccw_2,471.564,1.8780525428472044,1.5574291573704384,0.0,2.6706079253795596,0.0,0.0,0.0
pivot_ccw_2,471.6,1.8780525428472044,1.5574291573704384,0.0,2.6706079253795596,0.0,0.0,0.0
pivot_ccw_2,471.636,1.8780525428472044,1.5574291573704384,0.0,2.6706079253795596,0.0,0.0,0.0
pivot_ccw_2,471.672,1.8780525428472044,1.5574291573704384,0.0,2.6706079253795596,0.0,0.0,0.0
pivot_ccw_2,471.708,1.8780525428472044,1.5574291573704384,0.0,2.6706079253795596,0.0,0.0,0.0
pivot_ccw_2,471.744,1.8780525428472044,1.5574291573704384,0.0,2.6706079253795596,0.0,0.0,0.0
pivot_ccw_2,471.78,1.8780525428472044,1.5574291573704384,0.0,2.6706079253795596,0.0,0.0,0.0
pivot_ccw_2,471.816,1.8780525428472044,1.5574291573704384,0.0,2.6706079253795596,0.0,0.0,0.0
pivot_ccw_2,471.852,1.8780525428472044,1.5574291573704384,0.0,2.6706079253795596,0.0,0.0,0.0
pivot_ccw_2,471.888,1.8780525428472044,1.5574291573704384,0.0,2.6706079253795596,0.0,0.0,0.0
pivot_ccw_2,471.924,1.8780525428472044,1.5574291573704384,0.0,2.6706079253795596,0.0,0.0,0.0
pivot_ccw_2,471.96,1.8780525428472044,1.5574291573704384,0.0,2.6706079253795596,0.0,0.0,0.0
pivot_ccw_2,471.996,1.8780525428472044,1.5574291573704384,0.0,2.6706079253795596,0.0,0.0,0.0
pivot_ccw_2,472.032,1.8780525428472044,1.5574291573704384,0.0,2.6706079253795596,0.0,0.0,0.0
reset,472.068,1.8780525428472044,1.5574291573704384,0.0,2.6706079253795596,0.0,0.0,0.0
reset,472.104,1.8780525428472044,1.5574291573704384,0.0,2.6706079253795596,0.0,0.0,0.0
reset,472.14,1.8780525428472044,1.5574291573704384,0.0,2.6706079253795596,0.0,0.0,0.0
reset,472.176,1.8780525428472044,1.5574291573704384,0.0,2.6706079253795596,0.0,0.0,0.0
reset,472.212,1.8780525428472044,1.5574291573704384,0.0,2.6706079253795596,0.0,0.0,0.0
reset,472.248,1.8780525428472044,1.5574291573704384,0.0,2.6706079253795596,0.0,0.0,0.0
reset,472.284,1.8780525428472044,1.5574291573704384,0.0,2.6706079253795596,0.0,0.0,0.0
reset,472.32,1.8780525428472044,1.5574291573704384,0.0,2.6706079253795596,0.0,0.0,0.0
reset,472.356,1.8780525428472044,1.5574291573704384,0.0,2.6706079253795596,0.0,0.0,0.0
reset,472.392,1.8780525428472044,1.5574291573704384,0.0,2.6706079253795596,0.0,0.0,0.0
reset,472.428,1.8780525428472044,1.5574291573704384,0.0,2.6706079253795596,0.0,0.0,0.0
reset,472.464,1.8780525428472044,1.5574291573704384,0.0,2.6706079253795596,0.0,0.0,0.0
reset,472.5,1.8780525428472044,1.5574291573704384,0.0,2.6706079253795596,0.0,0.0,0.0
reset,472.536,1.8780525428472044,1.5574291573704384,0.0,2.6706079253795596,0.0,0.0,0.0
reset,472.572,1.8780525428472044,1.5574291573704384,0.0,2.6706079253795596,0.0,0.0,0.0
reset,472.608,1.8780525428472044,1.5574291573704384,0.0,2.6706079253795596,0.0,0.0,0.0
reset,472.644,1.8780525428472044,1.5574291573704384,0.0,2.6706079253795596,0.0,0.0,0.0
reset,472.68,1.8780525428472044,1.5574291573704384,0.0,2.6706079253795596,0.0,0.0,0.0
reset,472.716,1.8780525428472044,1.5574291573704384,0.0,2.6706079253795596,0.0,0.0,0.0
reset,472.752,1.8780525428472044,1.5574291573704384,0.0,2.6706079253795596,0.0,0.0,0.0
reset,472.788,1.8780525428472044,1.5574291573704384,0.0,2.6706079253795596,0.0,0.0,0.0
reset,472.824,1.8780525428472044,1.5574291573704384,0.0,2.6706079253795596,0.0,0.0,0.0
reset,472.86,1.8780525428472044,1.5574291573704384,0.0,2.6706079253795596,0.0,0.0,0.0
reset,472.896,1.8780525428472044,1.5574291573704384,0.0,2.6706079253795596,0.0,0.0,0.0
reset,472.932,1.8780525428472044,1.5574291573704384,0.0,2.6706079253795596,0.0,0.0,0.0
reset,472.968,1.8780525428472044,1.5574291573704384,0.0,2.6706079253795596,0.0,0.0,0.0
reset,473.004,1.8780525428472044,1.5574291573704384,0.0,2.6706079253795596,0.0,0.0,0.0
reset,473.04,1.8780525428472044,1.5574291573704384,0.0,2.6706079253795596,0.0,0.0,0.0
reset,473.112,1.8780525428472044,1.5574291573704384,0.0,2.6706079253795596,0.0,0.0,0.0
reset,473.148,1.8780525428472044,1.5574291573704384,0.0,2.6706079253795596,0.0,0.0,0.0
reset,473.184,1.8780525428472044,1.5574291573704384,0.0,2.6706079253795596,0.0,0.0,0.0
reset,473.22,1.8780525428472044,1.5574291573704384,0.0,2.6706079253795596,0.0,0.0,0.0
reset,473.256,1.8780525428472044,1.5574291573704384,0.0,2.6706079253795596,0.0,0.0,0.0
reset,473.292,1.8780525428472041,1.5574291573704384,0.0,2.670607925379558,7.401486830834376e-15,0.0,-5.2233499159028776e-14
reset,473.328,1.8780525428472041,1.5574291573704384,0.0,2.670607925379558,0.0,0.0,0.0
reset,473.364,1.8780525428472041,1.5574291573704384,0.0,2.670607925379558,0.0,0.0,0.0
reset,473.4,1.8780525428472041,1.5574291573704384,0.0,2.670607925379558,0.0,0.0,0.0
reset,473.436,1.8780525428472041,1.5574291573704384,0.0,2.670607925379558,0.0,0.0,0.0
reset,473.472,1.8780525428472041,1.5574291573704384,0.0,2.670607925379558,0.0,0.0,0.0
reset,473.508,1.8780525428472041,1.5574291573704384,0.0,2.670607925379558,0.0,0.0,0.0
reset,473.544,1.8780525428472041,1.5574291573704384,0.0,2.670607925379558,0.0,0.0,0.0
reset,473.58,1.8780525428472041,1.5574291573704384,0.0,2.670607925379558,0.0,0.0,0.0
reset,473.616,1.8780525428472041,1.5574291573704384,0.0,2.670607925379558,0.0,0.0,0.0
reset,473.652,1.8780525428472041,1.5574291573704384,0.0,2.670607925379558,0.0,0.0,0.0
reset,473.688,1.8780525428472041,1.5574291573704384,0.0,2.670607925379558,0.0,0.0,0.0
reset,473.724,1.8780525428472041,1.5574291573704384,0.0,2.670607925379558,0.0,0.0,0.0
reset,473.76,1.8780525428472041,1.5574291573704384,0.0,2.670607925379558,0.0,0.0,0.0
reset,473.796,1.8780525428472041,1.5574291573704384,0.0,2.670607925379558,0.0,0.0,0.0
reset,473.832,1.8780525428472041,1.5574291573704384,0.0,2.670607925379558,0.0,0.0,0.0
reset,473.868,1.8780525428472041,1.5574291573704384,0.0,2.670607925379558,0.0,0.0,0.0
reset,473.904,1.8780525428472041,1.5574291573704384,0.0,2.670607925379558,0.0,0.0,0.0
reset,473.94,1.8780525428472041,1.5574291573704384,0.0,2.670607925379558,0.0,0.0,0.0
reset,473.976,1.8780525428472041,1.5574291573704384,0.0,2.670607925379558,0.0,0.0,0.0
reset,474.012,1.8780525428472041,1.5574291573704384,0.0,2.670607925379558,0.0,0.0,0.0
reset,474.048,1.8780525428472041,1.5574291573704384,0.0,2.670607925379558,0.0,0.0,0.0
reset,474.084,1.8780525428472041,1.5574291573704384,0.0,2.670607925379558,0.0,0.0,0.0
reset,474.12,1.8780525428472041,1.5574291573704384,0.0,2.670607925379558,0.0,0.0,0.0
reset,474.156,1.8780525428472041,1.5574291573704384,0.0,2.670607925379558,0.0,0.0,0.0
reset,474.192,1.8780525428472041,1.5574291573704384,0.0,2.670607925379558,0.0,0.0,0.0
reset,474.228,1.8780525428472041,1.5574291573704384,0.0,2.670607925379558,0.0,0.0,0.0
reset,474.264,1.8780525428472041,1.5574291573704384,0.0,2.670607925379558,0.0,0.0,0.0
reset,474.3,1.8780525428472041,1.5574291573704384,0.0,2.670607925379558,0.0,0.0,0.0
reset,474.336,1.8780525428472041,1.5574291573704384,0.0,2.670607925379558,0.0,0.0,0.0
reset,474.372,1.8780525428472041,1.5574291573704384,0.0,2.670607925379558,0.0,0.0,0.0
reset,474.408,1.8780525428472041,1.5574291573704384,0.0,2.670607925379558,0.0,0.0,0.0
reset,474.444,1.8780525428472041,1.5574291573704384,0.0,2.670607925379558,0.0,0.0,0.0
reset,474.48,1.8780525428472041,1.5574291573704384,0.0,2.670607925379558,0.0,0.0,0.0
reset,474.516,1.8780525428472041,1.5574291573704384,0.0,2.670607925379558,0.0,0.0,0.0
reset,474.552,1.8780525428472041,1.5574291573704384,0.0,2.670607925379558,0.0,0.0,0.0
pivot_cw_2,474.588,1.8780525428472041,1.5574291573704384,0.0,2.670607925379558,0.0,0.0,0.0
pivot_cw_2,474.624,1.8780525428472041,1.5574291573704384,0.0,2.670607925379558,0.0,0.0,0.0
pivot_cw_2,474.66,1.8780525428472041,1.5574291573704384,0.0,2.670607925379558,0.0,0.0,0.0
pivot_cw_2,474.696,1.8780525428472041,1.5574291573704384,0.0,2.670607925379558,0.0,0.0,0.0
pivot_cw_2,474.732,1.8780525428472041,1.5574291573704384,0.0,2.670607925379558,0.0,0.0,0.0
pivot_cw_2,474.768,1.8780525428472041,1.5574291573704384,0.0,2.670607925379558,0.0,0.0,0.0
pivot_cw_2,474.804,1.8780525428472041,1.5574291573704384,0.0,2.670607925379558,0.0,0.0,0.0
pivot_cw_2,474.84,1.8780525428472041,1.5574291573704384,0.0,2.670607925379558,0.0,0.0,0.0
pivot_cw_2,474.876,1.8780525428472041,1.5574291573704384,0.0,2.670607925379558,0.0,0.0,0.0
pivot_cw_2,474.912,1.8780525428472041,1.5574291573704384,0.0,2.670607925379558,0.0,0.0,0.0
pivot_cw_2,474.948,1.8780525428472041,1.5574291573704384,0.0,2.670607925379558,0.0,0.0,0.0
pivot_cw_2,474.984,1.8780525428472041,1.5574291573704384,0.0,2.670607925379558,0.0,0.0,0.0
pivot_cw_2,475.02,1.8780525428472041,1.5574291573704384,0.0,2.670607925379558,0.0,0.0,0.0
pivot_cw_2,475.056,1.8780525428472041,1.5574291573704384,0.0,2.670607925379558,0.0,0.0,0.0
pivot_cw_2,475.092,1.8780525428472041,1.5574291573704384,0.0,2.670607925379558,0.0,0.0,0.0
pivot_cw_2,475.128,1.8780525428472041,1.5574291573704384,0.0,2.670607925379558,0.0,0.0,0.0
pivot_cw_2,475.164,1.8780525428472041,1.5574291573704384,0.0,2.670607925379558,0.0,0.0,0.0
pivot_cw_2,475.2,1.8780525428472041,1.5574291573704384,0.0,2.670607925379558,0.0,0.0,0.0
pivot_cw_2,475.236,1.8780525428472041,1.5574291573704384,0.0,2.670607925379558,0.0,0.0,0.0
pivot_cw_2,475.272,1.8780525428472041,1.5574291573704384,0.0,2.670607925379558,0.0,0.0,0.0
pivot_cw_2,475.308,1.8780525428472041,1.5574291573704384,0.0,2.670607925379558,0.0,0.0,0.0
pivot_cw_2,475.344,1.8780525428472041,1.5574291573704384,0.0,2.670607925379558,0.0,0.0,0.0
pivot_cw_2,475.38,1.8780525428472041,1.5574291573704384,0.0,2.670607925379558,0.0,0.0,0.0
pivot_cw_2,475.416,1.8780525428472041,1.5574291573704384,0.0,2.670607925379558,0.0,0.0,0.0
pivot_cw_2,475.452,1.8780525428472041,1.5574291573704384,0.0,2.670607925379558,0.0,0.0,0.0
pivot_cw_2,475.488,1.8780525428472041,1.5574291573704384,0.0,2.670607925379558,0.0,0.0,0.0
pivot_cw_2,475.524,1.8780525428472041,1.5574291573704384,0.0,2.670607925379558,0.0,0.0,0.0
pivot_cw_2,475.56,1.8780525428472041,1.5574291573704384,0.0,2.670607925379558,0.0,0.0,0.0
pivot_cw_2,475.596,1.878052542847202,1.5574291573704393,0.0,2.6697655254205843,5.921189464667501e-14,0.0,-0.026999998859392572
pivot_cw_2,475.632,1.8780525428472004,1.5574291573704397,0.0,2.6673679254620564,5.1810407815840634e-14,0.0,-0.07019999884695445
pivot_cw_2,475.668,1.8780525428471988,1.5574291573704402,0.0,2.663415125503982,4.4408920985006255e-14,0.0,-0.11339999883441185
pivot_cw_2,475.704,1.8780525428471972,1.5574291573704404,0.0,2.6579071255463527,4.4408920985006255e-14,0.0,-0.15659999882202597
pivot_cw_2,475.74,1.8780525428471952,1.5574291573704406,0.0,2.6508439255891774,4.4408920985006255e-14,0.0,-0.19979999880943117
pivot_cw_2,475.776,1.8780525428471941,1.5574291573704406,0.0,2.6422255256324485,2.9605947323337504e-14,0.0,-0.2429999987970452
pivot_cw_2,475.812,1.8780525428471926,1.557429157370441,0.0,2.632051925676172,5.1810407815840634e-14,0.0,-0.28619999878439817
pivot_cw_2,475.848,1.8780525428471915,1.557429157370441,0.0,2.6203231257203417,2.9605947323337504e-14,0.0,-0.32939999877206455
pivot_cw_2,475.884,1.878052542847191,1.5574291573704415,0.0,2.60703912576496,1.4802973661668752e-14,0.0,-0.37259999875957417
pivot_cw_2,475.92,1.8780525428471904,1.5574291573704422,0.0,2.592199925810029,2.9605947323337504e-14,0.0,-0.4157999987469794
pivot_cw_2,475.956,1.8780525428471901,1.5574291573704424,0.0,2.5758055258555452,7.401486830834376e-15,0.0,-0.4589999987346457
pivot_cw_2,475.992,1.878052542847191,1.5574291573704415,0.0,2.558025125888733,-2.9605947323337504e-14,0.0,-0.4965599991481179
pivot_cw_2,476.028,1.8780525428471928,1.5574291573704402,0.0,2.5400251259048154,-5.1810407815840634e-14,0.0,-0.4999999995532475
pivot_cw_2,476.064,1.8780525428471946,1.5574291573704386,0.0,2.5220251259208983,-5.1810407815840634e-14,0.0,-0.4999999995532475
pivot_cw_2,476.1,1.878052542847195,1.5574291573704382,0.0,2.504025125936973,-7.401486830834376e-15,0.0,-0.49999999955356084
pivot_cw_2,476.136,1.8780525428471952,1.557429157370438,0.0,2.4860251259530415,-7.401486830834376e-15,0.0,-0.4999999995536653
pivot_cw_2,476.172,1.8780525428471952,1.557429157370438,0.0,2.4680251259691133,0.0,0.0,-0.4999999995536131
pivot_cw_2,476.208,1.878052542847195,1.5574291573704382,0.0,2.450025125985182,0.0,0.0,-0.4999999995536131
pivot_cw_2,476.244,1.878052542847195,1.5574291573704382,0.0,2.4320251260012538,0.0,0.0,-0.4999999995536131
pivot_cw_2,476.28,1.8780525428471952,1.557429157370438,0.0,2.4140251260173224,-7.401486830834376e-15,0.0,-0.4999999995536653
pivot_cw_2,476.316,1.8780525428471968,1.5574291573704364,0.0,2.3960251260333743,-8.881784197001251e-14,0.0,-0.49999999955423985
pivot_cw_2,476.352,1.8780525428471995,1.5574291573704337,0.0,2.378025126049417,-9.62193288008469e-14,0.0,-0.49999999955439656
pivot_cw_2,476.388,1.878052542847201,1.5574291573704322,0.0,2.3600251260654495,-5.1810407815840634e-14,0.0,-0.49999999955470986
pivot_cw_2,476.424,1.878052542847203,1.5574291573704302,0.0,2.3420251260814817,-5.1810407815840634e-14,0.0,-0.49999999955471
pivot_cw_2,476.46,1.8780525428472046,1.5574291573704286,0.0,2.324025126097514,-5.1810407815840634e-14,0.0,-0.49999999955470986
pivot_cw_2,476.496,1.8780525428472066,1.5574291573704266,0.0,2.3060251261135463,-5.1810407815840634e-14,0.0,-0.49999999955471
pivot_cw_2,476.532,1.8780525428472084,1.5574291573704249,0.0,2.2880251261295803,-4.4408920985006255e-14,0.0,-0.49999999955465774
pivot_cw_2,476.568,1.878052542847209,1.5574291573704242,0.0,2.2700251261456024,-1.4802973661668752e-14,0.0,-0.4999999995549711
pivot_cw_2,476.604,1.878052542847209,1.5574291573704242,0.0,2.252025126161619,0.0,0.0,-0.4999999995550756
pivot_cw_2,476.64,1.878052542847209,1.5574291573704242,0.0,2.2340251261776394,-7.401486830834376e-15,0.0,-0.4999999995550234
pivot_cw_2,476.676,1.878052542847209,1.5574291573704242,0.0,2.216025126193656,0.0,0.0,-0.4999999995550756
pivot_cw_2,476.712,1.8780525428472086,1.5574291573704246,0.0,2.1980251262096733,7.401486830834376e-15,0.0,-0.49999999955512786
pivot_cw_2,476.748,1.8780525428472097,1.5574291573704235,0.0,2.1800251262256576,-4.4408920985006255e-14,0.0,-0.4999999995561204
pivot_cw_2,476.784,1.8780525428472112,1.5574291573704215,0.0,2.162025126241639,-5.1810407815840634e-14,0.0,-0.4999999995560681
pivot_cw_2,476.82,1.8780525428472128,1.5574291573704198,0.0,2.144025126257618,-4.4408920985006255e-14,0.0,-0.49999999955612023
pivot_cw_2,476.856,1.8780525428472126,1.5574291573704202,0.0,2.126025126273594,4.440892098500627e-14,0.0,-0.49999999955622487
pivot_cw_2,476.892,1.8780525428472143,1.5574291573704184,0.0,2.108025126289577,-5.1810407815840634e-14,0.0,-0.4999999995560681
pivot_cw_2,476.928,1.8780525428472163,1.5574291573704149,0.0,2.0900251263055702,-9.62193288008469e-14,0.0,-0.49999999955575464
pivot_cw_2,476.964,1.8780525428472175,1.557429157370411,0.0,2.0720251263215648,-1.0362081563168127e-13,0.0,-0.4999999995557024
pivot_cw_2,477.0,1.8780525428472183,1.5574291573704075,0.0,2.054025126337558,-9.62193288008469e-14,0.0,-0.49999999955575464
pivot_cw_2,477.036,1.8780525428472195,1.5574291573704038,0.0,2.0360251263535525,-1.0362081563168128e-13,0.0,-0.4999999995557024
pivot_cw_2,477.072,1.8780525428472203,1.5574291573704002,0.0,2.0180251263695457,-1.0362081563168127e-13,0.0,-0.4999999995558069
pivot_cw_2,477.108,1.8780525428472212,1.5574291573703967,0.0,2.000025126385539,-1.0362081563168128e-13,0.0,-0.4999999995558069
pivot_cw_2,477.144,1.8780525428472223,1.557429157370393,0.0,1.9820251264015318,-1.0362081563168128e-13,0.0,-0.4999999995558069
pivot_cw_2,477.18,1.878052542847223,1.5574291573703896,0.0,1.9640251264175246,-9.621932880084691e-14,0.0,-0.49999999955575464
pivot_cw_2,477.216,1.8780525428472241,1.5574291573703858,0.0,1.9460251264335175,-9.62193288008469e-14,0.0,-0.49999999955575464
pivot_cw_2,477.252,1.878052542847225,1.5574291573703822,0.0,1.9280251264495094,-9.62193288008469e-14,0.0,-0.49999999955575464
pivot_cw_2,477.288,1.8780525428472261,1.5574291573703785,0.0,1.9100251264655022,-1.0362081563168128e-13,0.0,-0.4999999995557024
pivot_cw_2,477.324,1.878052542847227,1.557429157370375,0.0,1.8920251264814936,-9.62193288008469e-14,0.0,-0.49999999955575464
pivot_cw_2,477.36,1.878052542847228,1.5574291573703714,0.0,1.874025126497485,-1.0362081563168128e-13,0.0,-0.4999999995558069
pivot_cw_2,477.396,1.878052542847229,1.5574291573703676,0.0,1.8560251265134782,-1.0362081563168127e-13,0.0,-0.4999999995558069
pivot_cw_2,477.432,1.8780525428472299,1.557429157370364,0.0,1.8380251265294696,-1.0362081563168128e-13,0.0,-0.4999999995558069
pivot_cw_2,477.468,1.8780525428472308,1.5574291573703603,0.0,1.8200251265454623,-1.0362081563168128e-13,0.0,-0.4999999995558069
pivot_cw_2,477.504,1.8780525428472308,1.557429157370357,0.0,1.8020251265614555,-9.621932880084691e-14,0.0,-0.49999999955575464
pivot_cw_2,477.54,1.8780525428472308,1.5574291573703531,0.0,1.7840251265774483,-1.0362081563168127e-13,0.0,-0.4999999995557024
pivot_cw_2,477.576,1.8780525428472308,1.5574291573703496,0.0,1.7660251265934397,-9.62193288008469e-14,0.0,-0.49999999955575464
pivot_cw_2,477.612,1.8780525428472308,1.5574291573703458,0.0,1.7480251266094327,-1.0362081563168128e-13,0.0,-0.4999999995557024
pivot_cw_2,477.648,1.8780525428472308,1.5574291573703427,0.0,1.730025126625421,-8.141635513917814e-14,0.0,-0.4999999995558591
pivot_cw_2,477.684,1.8780525428472308,1.557429157370341,0.0,1.7120251266414002,-5.1810407815840634e-14,0.0,-0.49999999955617264
pivot_cw_2,477.72,1.8780525428472308,1.557429157370339,0.0,1.6940251266573807,-5.921189464667501e-14,0.0,-0.4999999995561204
pivot_cw_2,477.756,1.8780525428472308,1.5574291573703372,0.0,1.6760251266733595,-5.921189464667501e-14,0.0,-0.4999999995561204
pivot_cw_2,477.792,1.8780525428472308,1.5574291573703356,0.0,1.65802512668934,-4.4408920985006255e-14,0.0,-0.49999999955612023
pivot_cw_2,477.828,1.8780525428472308,1.5574291573703338,0.0,1.6400251267053192,-4.4408920985006255e-14,0.0,-0.49999999955612023
pivot_cw_2,477.864,1.878052542847231,1.5574291573703278,0.0,1.6220251267213057,-1.850371707708594e-13,0.0,-0.4999999995558591
pivot_cw_2,477.9,1.878052542847231,1.5574291573703243,0.0,1.6040251267372971,-1.0362081563168127e-13,0.0,-0.4999999995558069
pivot_cw_2,477.936,1.878052542847231,1.5574291573703207,0.0,1.5860251267532885,-1.0362081563168128e-13,0.0,-0.4999999995558069
pivot_cw_2,477.972,1.878052542847231,1.5574291573703156,0.0,1.5680251267692908,-1.4802973661668753e-13,0.0,-0.49999999955549346
pivot_cw_2,478.008,1.878052542847231,1.55742915737031,0.0,1.5500251267852962,-1.5543122344752192e-13,0.0,-0.4999999995554412
pivot_cw_2,478.044,1.878052542847231,1.557429157370305,0.0,1.5320251268013019,-1.4802973661668756e-13,0.0,-0.4999999995553891
pivot_cw_2,478.08,1.878052542847231,1.5574291573702994,0.0,1.514025126817307,-1.4802973661668756e-13,0.0,-0.499999999555389
pivot_cw_2,478.116,1.878052542847231,1.557429157370294,0.0,1.496025126833311,-1.4802973661668756e-13,0.0,-0.4999999995553891
pivot_cw_2,478.152,1.878052542847231,1.5574291573702888,0.0,1.4780251268493427,-1.3322676295501878e-13,0.0,-0.4999999995545532
pivot_cw_2,478.188,1.878052542847231,1.5574291573702852,0.0,1.4600251268653872,-1.0362081563168127e-13,0.0,-0.4999999995543443
pivot_cw_2,478.224,1.878052542847231,1.5574291573702814,0.0,1.44202512688143,-1.0362081563168128e-13,0.0,-0.4999999995543443
pivot_cw_2,478.26,1.878052542847231,1.557429157370278,0.0,1.4240251268974724,-9.62193288008469e-14,0.0,-0.49999999955439656
pivot_cw_2,478.296,1.878052542847231,1.5574291573702743,0.0,1.406025126913515,-1.0362081563168127e-13,0.0,-0.4999999995543443
pivot_cw_2,478.332,1.878052542847231,1.5574291573702708,0.0,1.3880251269295596,-9.62193288008469e-14,0.0,-0.4999999995542921
pivot_cw_2,478.368,1.878052542847231,1.557429157370267,0.0,1.370025126945602,-1.0362081563168128e-13,0.0,-0.4999999995543443
pivot_cw_2,478.404,1.878052542847231,1.5574291573702637,0.0,1.3520251269616448,-8.881784197001252e-14,0.0,-0.4999999995543443
pivot_cw_2,478.44,1.878052542847231,1.5574291573702599,0.0,1.3340251269776875,-1.0362081563168127e-13,0.0,-0.4999999995543443
pivot_cw_2,478.476,1.8780525428472308,1.5574291573702561,0.0,1.31602512699373,-1.0362081563168128e-13,0.0,-0.4999999995543443
pivot_cw_2,478.512,1.8780525428472294,1.5574291573702526,0.0,1.2980251270097742,-1.0362081563168128e-13,0.0,-0.4999999995543443
pivot_cw_2,478.548,1.8780525428472286,1.557429157370249,0.0,1.2800251270258156,-9.62193288008469e-14,0.0,-0.49999999955439656
pivot_cw_2,478.584,1.878052542847227,1.5574291573702443,0.0,1.2620251270418958,-1.4062824978585314e-13,0.0,-0.49999999955314306
pivot_cw_2,478.62,1.8780525428472257,1.5574291573702408,0.0,1.2440251270579896,-9.62193288008469e-14,0.0,-0.49999999955293406
pivot_cw_2,478.656,1.8780525428472248,1.5574291573702372,0.0,1.2260251270740838,-9.62193288008469e-14,0.0,-0.49999999955293406
pivot_cw_2,478.692,1.8780525428472234,1.5574291573702337,0.0,1.2080251270901776,-9.62193288008469e-14,0.0,-0.49999999955293406
pivot_cw_2,478.728,1.8780525428472223,1.55742915737023,0.0,1.19002512710627,-1.0362081563168128e-13,0.0,-0.4999999995529863
pivot_cw_2,478.764,1.878052542847221,1.5574291573702264,0.0,1.1720251271223643,-9.62193288008469e-14,0.0,-0.49999999955293406
pivot_cw_2,478.8,1.8780525428472201,1.5574291573702228,0.0,1.154025127138458,-9.62193288008469e-14,0.0,-0.49999999955293406
pivot_cw_2,478.836,1.8780525428472188,1.5574291573702193,0.0,1.1360251271545523,-9.62193288008469e-14,0.0,-0.49999999955293406
pivot_cw_2,478.872,1.8780525428472177,1.5574291573702155,0.0,1.1180251271706445,-1.0362081563168127e-13,0.0,-0.4999999995529863
pivot_cw_2,478.908,1.8780525428472163,1.5574291573702117,0.0,1.10002512718674,-1.0362081563168128e-13,0.0,-0.4999999995528818
pivot_cw_2,478.944,1.8780525428472152,1.5574291573702082,0.0,1.0820251272028338,-1.0362081563168127e-13,0.0,-0.4999999995528818
pivot_cw_2,478.98,1.8780525428472141,1.5574291573702046,0.0,1.064025127218928,-1.0362081563168127e-13,0.0,-0.4999999995528818
pivot_cw_2,479.016,1.8780525428472128,1.5574291573702008,0.0,1.0460251272350205,-1.1102230246251565e-13,0.0,-0.49999999955293406
pivot_cw_2,479.052,1.8780525428472103,1.5574291573701973,0.0,1.0280251272511147,-1.0362081563168128e-13,0.0,-0.4999999995528818
pivot_cw_2,479.088,1.8780525428472097,1.5574291573701962,0.0,1.0100251272671914,-1.4802973661668755e-14,0.0,-0.4999999995535086
pivot_cw_2,479.124,1.8780525428472097,1.5574291573701962,0.0,0.992025127283261,0.0,0.0,-0.4999999995536131
pivot_cw_2,479.16,1.8780525428472095,1.557429157370196,0.0,0.9740251272993294,-7.401486830834376e-15,0.0,-0.4999999995536653
pivot_cw_2,479.196,1.8780525428472097,1.5574291573701962,0.0,0.9560251273153979,7.401486830834376e-15,0.0,-0.4999999995536653
pivot_cw_2,479.232,1.8780525428472097,1.5574291573701962,0.0,0.9380251273314678,0.0,0.0,-0.4999999995536131
pivot_cw_2,479.268,1.8780525428472097,1.5574291573701962,0.0,0.9200251273475379,0.0,0.0,-0.4999999995536131
pivot_cw_2,479.304,1.8780525428472095,1.557429157370196,0.0,0.9020251273636063,-7.401486830834376e-15,0.0,-0.4999999995536653
pivot_cw_2,479.34,1.8780525428472097,1.5574291573701962,0.0,0.884025127379675,7.401486830834376e-15,0.0,-0.4999999995536653
pivot_cw_2,479.376,1.8780525428472097,1.5574291573701962,0.0,0.8660251273957449,0.0,0.0,-0.4999999995536131
pivot_cw_2,479.412,1.8780525428472097,1.5574291573701962,0.0,0.8480251274118152,0.0,0.0,-0.4999999995536131
pivot_cw_2,479.448,1.8780525428472095,1.557429157370196,0.0,0.8300251274278816,-1.4802973661668752e-14,0.0,-0.49999999955371754
pivot_cw_2,479.484,1.878052542847207,1.5574291573701935,0.0,0.8120251274439244,-8.881784197001252e-14,0.0,-0.4999999995543443
pivot_cw_2,479.52,1.8780525428472046,1.557429157370191,0.0,0.7940251274599671,-1.0362081563168127e-13,0.0,-0.4999999995543443
pivot_cw_2,479.556,1.878052542847202,1.5574291573701884,0.0,0.7760251274760099,-1.0362081563168128e-13,0.0,-0.4999999995543443
pivot_cw_2,479.592,1.8780525428471997,1.5574291573701862,0.0,0.7580251274920543,-1.0362081563168128e-13,0.0,-0.4999999995543443
pivot_cw_2,479.628,1.8780525428471986,1.557429157370185,0.0,0.7400251275080815,-2.9605947323337504e-14,0.0,-0.4999999995548666
pivot_cw_2,479.664,1.8780525428471988,1.5574291573701853,0.0,0.7220251275240994,0.0,0.0,-0.4999999995550756
pivot_cw_2,479.7,1.8780525428471986,1.557429157370185,0.0,0.704025127540117,0.0,0.0,-0.4999999995550756
pivot_cw_2,479.736,1.8780525428471988,1.5574291573701853,0.0,0.6860251275561349,7.401486830834376e-15,0.0,-0.4999999995550234
pivot_cw_2,479.772,1.8780525428471986,1.557429157370185,0.0,0.6680251275721527,0.0,0.0,-0.4999999995550756
pivot_cw_2,479.808,1.8780525428471988,1.5574291573701853,0.0,0.6500251275881707,7.401486830834376e-15,0.0,-0.4999999995550234
pivot_cw_2,479.844,1.8780525428471986,1.557429157370185,0.0,0.6320251276041884,-7.401486830834376e-15,0.0,-0.4999999995550234
pivot_cw_2,479.88,1.8780525428471981,1.5574291573701846,0.0,0.6140251276202014,-1.4802973661668752e-14,0.0,-0.4999999995551801
pivot_cw_2,479.916,1.8780525428471948,1.5574291573701817,0.0,0.5960251276361931,-9.62193288008469e-14,0.0,-0.49999999955575464
pivot_cw_2,479.952,1.8780525428471944,1.5574291573701815,0.0,0.5780251276521626,0.0,0.0,-0.49999999955643376
pivot_cw_2,479.988,1.8780525428471944,1.5574291573701815,0.0,0.5600251276681292,0.0,0.0,-0.49999999955643376
pivot_cw_2,480.024,1.878052542847193,1.5574291573701806,0.0,0.542025127684105,-4.440892098500626e-14,0.0,-0.49999999955622476
pivot_cw_2,480.06,1.8780525428471895,1.557429157370178,0.0,0.5240251277000967,-1.0362081563168128e-13,0.0,-0.4999999995558069
pivot_cw_2,480.096,1.878052542847186,1.5574291573701773,0.0,0.5060251277160879,-1.0362081563168128e-13,0.0,-0.4999999995558069
pivot_cw_2,480.132,1.8780525428471824,1.5574291573701764,0.0,0.48802512773208245,-9.62193288008469e-14,0.0,-0.49999999955575464
pivot_cw_2,480.168,1.8780525428471788,1.5574291573701757,0.0,0.4700251277480739,-9.62193288008469e-14,0.0,-0.49999999955575464
pivot_cw_2,480.204,1.878052542847175,1.5574291573701746,0.0,0.452025127764067,-9.62193288008469e-14,0.0,-0.49999999955575464
pivot_cw_2,480.24,1.8780525428471715,1.557429157370174,0.0,0.43402512778005836,-9.621932880084691e-14,0.0,-0.49999999955575464
pivot_cw_2,480.276,1.8780525428471677,1.5574291573701728,0.0,0.4160251277960514,-1.0362081563168128e-13,0.0,-0.4999999995557024
pivot_cw_2,480.312,1.8780525428471642,1.5574291573701722,0.0,0.39802512781204286,-1.0362081563168128e-13,0.0,-0.4999999995558069
pivot_cw_2,480.348,1.8780525428471604,1.557429157370171,0.0,0.380025127828036,-1.1102230246251568e-13,0.0,-0.49999999955575464
pivot_cw_2,480.384,1.8780525428471568,1.5574291573701704,0.0,0.36202512784402735,-1.0362081563168128e-13,0.0,-0.4999999995558069
pivot_cw_2,480.42,1.8780525428471533,1.5574291573701695,0.0,0.3440251278600188,-1.0362081563168128e-13,0.0,-0.4999999995558069
pivot_cw_2,480.456,1.8780525428471497,1.5574291573701688,0.0,0.3260251278760135,-9.62193288008469e-14,0.0,-0.49999999955575464
pivot_cw_2,480.492,1.8780525428471462,1.557429157370168,0.0,0.30802512789200487,-9.621932880084691e-14,0.0,-0.49999999955575464
pivot_cw_2,480.528,1.8780525428471424,1.557429157370167,0.0,0.2900251279079979,-9.62193288008469e-14,0.0,-0.49999999955575464
pivot_cw_2,480.564,1.8780525428471389,1.5574291573701662,0.0,0.27203592792323456,-9.62193288008469e-14,0.0,-0.49963999958091776
pivot_cw_2,480.6,1.878052542847134,1.5574291573701646,0.0,0.25500792792994176,-1.2582527612418442e-13,0.0,-0.46939999981473524
pivot_cw_2,480.636,1.8780525428471282,1.5574291573701635,0.0,0.23953512793619938,-1.628327102783563e-13,0.0,-0.42619999982727774
pivot_cw_2,480.672,1.8780525428471235,1.5574291573701626,0.0,0.22561752794200585,-1.2582527612418442e-13,0.0,-0.3829999998397159
pivot_cw_2,480.708,1.8780525428471282,1.5574291573701644,0.0,0.2132551279147517,-8.141635513917814e-14,0.0,-0.339800000867521
pivot_cw_2,480.744,1.8780525428471249,1.5574291573701642,0.0,0.20244792788310062,-9.62193288008469e-14,0.0,-0.29660000088022026
pivot_cw_2,480.78,1.8780525428471226,1.5574291573701642,0.0,0.19319592785099518,-5.921189464667501e-14,0.0,-0.25340000089286735
pivot_cw_2,480.816,1.8780525428471209,1.5574291573701642,0.0,0.18549912781844632,-3.700743415417189e-14,0.0,-0.21020000090520102
pivot_cw_2,480.852,1.8780525428471189,1.5574291573701642,0.0,0.17935752778544,-5.181040781584064e-14,0.0,-0.16700000091790035
pivot_cw_2,480.888,1.8780525428471178,1.5574291573701642,0.0,0.17477112775198717,-3.700743415417188e-14,0.0,-0.1238000009302862
pivot_cw_2,480.924,1.878052542847117,1.5574291573701642,0.0,0.1717399277180847,-2.220446049250313e-14,0.0,-0.08060000094277656
pivot_cw_2,480.96,1.878052542847116,1.5574291573701642,0.0,0.17026392768373258,-2.9605947323337504e-14,0.0,-0.03740000095531915
pivot_cw_2,480.996,1.8780525428471215,1.5574291573701653,0.0,0.17010792766619773,1.9984014443252818e-13,0.0,-0.0020400003921930325
pivot_cw_2,481.032,1.8780525428471215,1.5574291573701653,0.0,0.17010792766619773,0.0,0.0,0.0
pivot_cw_2,481.068,1.8780525428471215,1.5574291573701653,0.0,0.17010792766619773,0.0,0.0,0.0
pivot_cw_2,481.104,1.8780525428471215,1.5574291573701653,0.0,0.17010792766619773,0.0,0.0,0.0
pivot_cw_2,481.14,1.8780525428471215,1.5574291573701653,0.0,0.17010792766619773,0.0,0.0,0.0
pivot_cw_2,481.176,1.8780525428471215,1.5574291573701653,0.0,0.17010792766619773,0.0,0.0,0.0
pivot_cw_2,481.212,1.8780525428471215,1.5574291573701653,0.0,0.17010792766619773,0.0,0.0,0.0
pivot_cw_2,481.248,1.8780525428471215,1.5574291573701653,0.0,0.17010792766619773,0.0,0.0,0.0
pivot_cw_2,481.284,1.8780525428471215,1.5574291573701653,0.0,0.17010792766619773,0.0,0.0,0.0
pivot_cw_2,481.32,1.8780525428471215,1.5574291573701653,0.0,0.17010792766619773,0.0,0.0,0.0
pivot_cw_2,481.356,1.8780525428471215,1.5574291573701653,0.0,0.17010792766619773,0.0,0.0,0.0
pivot_cw_2,481.392,1.8780525428471215,1.5574291573701653,0.0,0.17010792766619773,0.0,0.0,0.0
pivot_cw_2,481.428,1.8780525428471215,1.5574291573701653,0.0,0.17010792766619773,0.0,0.0,0.0
pivot_cw_2,481.464,1.8780525428471215,1.5574291573701653,0.0,0.17010792766619773,0.0,0.0,0.0
pivot_cw_2,481.5,1.8780525428471215,1.5574291573701653,0.0,0.17010792766619773,0.0,0.0,0.0
pivot_cw_2,481.536,1.8780525428471215,1.5574291573701653,0.0,0.17010792766619773,0.0,0.0,0.0
pivot_cw_2,481.572,1.8780525428471215,1.5574291573701653,0.0,0.17010792766619773,0.0,0.0,0.0
pivot_cw_2,481.608,1.8780525428471215,1.5574291573701653,0.0,0.17010792766619773,0.0,0.0,0.0
pivot_cw_2,481.644,1.8780525428471215,1.5574291573701653,0.0,0.17010792766619773,0.0,0.0,0.0
pivot_cw_2,481.68,1.8780525428471215,1.5574291573701653,0.0,0.17010792766619773,0.0,0.0,0.0
pivot_cw_2,481.716,1.8780525428471215,1.5574291573701653,0.0,0.17010792766619773,0.0,0.0,0.0
pivot_cw_2,481.752,1.8780525428471215,1.5574291573701653,0.0,0.17010792766619773,0.0,0.0,0.0
pivot_cw_2,481.788,1.8780525428471215,1.5574291573701653,0.0,0.17010792766619773,0.0,0.0,0.0
pivot_cw_2,481.824,1.8780525428471215,1.5574291573701653,0.0,0.17010792766619773,0.0,0.0,0.0
pivot_cw_2,481.86,1.8780525428471215,1.5574291573701653,0.0,0.17010792766619773,0.0,0.0,0.0
pivot_cw_2,481.896,1.8780525428471215,1.5574291573701653,0.0,0.17010792766619773,0.0,0.0,0.0
pivot_cw_2,481.932,1.8780525428471215,1.5574291573701653,0.0,0.17010792766619773,0.0,0.0,0.0
pivot_cw_2,481.968,1.8780525428471215,1.5574291573701653,0.0,0.17010792766619773,0.0,0.0,0.0
pivot_cw_2,482.004,1.8780525428471215,1.5574291573701653,0.0,0.17010792766619773,0.0,0.0,0.0
pivot_cw_2,482.04,1.8780525428471215,1.5574291573701653,0.0,0.17010792766619773,0.0,0.0,0.0
pivot_cw_2,482.076,1.8780525428471215,1.5574291573701653,0.0,0.17010792766619773,0.0,0.0,0.0
pivot_cw_2,482.112,1.8780525428471215,1.5574291573701653,0.0,0.17010792766619773,0.0,0.0,0.0
pivot_cw_2,482.148,1.8780525428471215,1.5574291573701653,0.0,0.17010792766619773,0.0,0.0,0.0
pivot_cw_2,482.184,1.8780525428471215,1.5574291573701653,0.0,0.17010792766619773,0.0,0.0,0.0
pivot_cw_2,482.22,1.8780525428471215,1.5574291573701653,0.0,0.17010792766619773,0.0,0.0,0.0
pivot_cw_2,482.256,1.8780525428471215,1.5574291573701653,0.0,0.17010792766619773,0.0,0.0,0.0
pivot_cw_2,482.292,1.8780525428471215,1.5574291573701653,0.0,0.17010792766619773,0.0,0.0,0.0
pivot_cw_2,482.328,1.8780525428471215,1.5574291573701653,0.0,0.17010792766619773,0.0,0.0,0.0
pivot_cw_2,482.364,1.8780525428471215,1.5574291573701653,0.0,0.17010792766619773,0.0,0.0,0.0
pivot_cw_2,482.4,1.8780525428471215,1.5574291573701653,0.0,0.17010792766619773,0.0,0.0,0.0
pivot_cw_2,482.436,1.8780525428471215,1.5574291573701653,0.0,0.17010792766619773,0.0,0.0,0.0
pivot_cw_2,482.472,1.8780525428471215,1.5574291573701653,0.0,0.17010792766619773,0.0,0.0,0.0
pivot_cw_2,482.508,1.8780525428471215,1.5574291573701653,0.0,0.17010792766619773,0.0,0.0,0.0
pivot_cw_2,482.544,1.8780525428471215,1.5574291573701653,0.0,0.17010792766619773,0.0,0.0,0.0
pivot_cw_2,482.58,1.8780525428471215,1.5574291573701653,0.0,0.17010792766619773,0.0,0.0,0.0
pivot_cw_2,482.616,1.8780525428471215,1.5574291573701653,0.0,0.17010792766619773,0.0,0.0,0.0
pivot_cw_2,482.652,1.8780525428471215,1.5574291573701653,0.0,0.17010792766619773,0.0,0.0,0.0
pivot_cw_2,482.688,1.8780525428471215,1.5574291573701653,0.0,0.17010792766619773,0.0,0.0,0.0
pivot_cw_2,482.724,1.8780525428471215,1.5574291573701653,0.0,0.17010792766619773,0.0,0.0,0.0
pivot_cw_2,482.76,1.8780525428471215,1.5574291573701653,0.0,0.17010792766619773,0.0,0.0,0.0
pivot_cw_2,482.796,1.8780525428471215,1.5574291573701653,0.0,0.17010792766619773,0.0,0.0,0.0
pivot_cw_2,482.832,1.8780525428471215,1.5574291573701653,0.0,0.17010792766619773,0.0,0.0,0.0
pivot_cw_2,482.868,1.8780525428471215,1.5574291573701653,0.0,0.17010792766619773,0.0,0.0,0.0
pivot_cw_2,482.904,1.8780525428471215,1.5574291573701653,0.0,0.17010792766619773,0.0,0.0,0.0
pivot_cw_2,482.94,1.8780525428471215,1.5574291573701653,0.0,0.17010792766619773,0.0,0.0,0.0
pivot_cw_2,482.976,1.8780525428471215,1.5574291573701653,0.0,0.17010792766619773,0.0,0.0,0.0
pivot_cw_2,483.012,1.8780525428471215,1.5574291573701653,0.0,0.17010792766619773,0.0,0.0,0.0
pivot_cw_2,483.048,1.8780525428471215,1.5574291573701653,0.0,0.17010792766619773,0.0,0.0,0.0
pivot_cw_2,483.084,1.8780525428471215,1.5574291573701653,0.0,0.17010792766619773,0.0,0.0,0.0
pivot_cw_2,483.12,1.8780525428471215,1.5574291573701653,0.0,0.17010792766619773,0.0,0.0,0.0
pivot_cw_2,483.156,1.8780525428471215,1.5574291573701653,0.0,0.17010792766619773,0.0,0.0,0.0
pivot_cw_2,483.192,1.8780525428471215,1.5574291573701653,0.0,0.17010792766619773,0.0,0.0,0.0
pivot_cw_2,483.228,1.8780525428471215,1.5574291573701653,0.0,0.17010792766619773,0.0,0.0,0.0
pivot_cw_2,483.264,1.8780525428471215,1.5574291573701653,0.0,0.17010792766619773,0.0,0.0,0.0
pivot_cw_2,483.3,1.8780525428471215,1.5574291573701653,0.0,0.17010792766619773,0.0,0.0,0.0
pivot_cw_2,483.336,1.8780525428471215,1.5574291573701653,0.0,0.17010792766619773,0.0,0.0,0.0
pivot_cw_2,483.372,1.8780525428471215,1.5574291573701653,0.0,0.17010792766619773,0.0,0.0,0.0
pivot_cw_2,483.408,1.8780525428471215,1.5574291573701653,0.0,0.17010792766619773,0.0,0.0,0.0
pivot_cw_2,483.444,1.8780525428471215,1.5574291573701653,0.0,0.17010792766619773,0.0,0.0,0.0
pivot_cw_2,483.48,1.8780525428471215,1.5574291573701653,0.0,0.17010792766619773,0.0,0.0,0.0
pivot_cw_2,483.516,1.8780525428471215,1.5574291573701653,0.0,0.17010792766619773,0.0,0.0,0.0
pivot_cw_2,483.552,1.8780525428471215,1.5574291573701653,0.0,0.17010792766619773,0.0,0.0,0.0
reset,483.588,1.8780525428471215,1.5574291573701653,0.0,0.17010792766619773,0.0,0.0,0.0
reset,483.624,1.8780525428471215,1.5574291573701653,0.0,0.17010792766619773,0.0,0.0,0.0
reset,483.66,1.8780525428471215,1.5574291573701653,0.0,0.17010792766619773,0.0,0.0,0.0
reset,483.696,1.8780525428471215,1.5574291573701653,0.0,0.17010792766619773,0.0,0.0,0.0
reset,483.732,1.8780525428471215,1.5574291573701653,0.0,0.17010792766619773,0.0,0.0,0.0
reset,483.768,1.8780525428471215,1.5574291573701653,0.0,0.17010792766619773,0.0,0.0,0.0
reset,483.804,1.8780525428471215,1.5574291573701653,0.0,0.17010792766619773,0.0,0.0,0.0
reset,483.84,1.8780525428471215,1.5574291573701653,0.0,0.17010792766619773,0.0,0.0,0.0
reset,483.876,1.8780525428471215,1.5574291573701653,0.0,0.17010792766619773,0.0,0.0,0.0
reset,483.912,1.8780525428471215,1.5574291573701653,0.0,0.17010792766619773,0.0,0.0,0.0
reset,483.948,1.8780525428471215,1.5574291573701653,0.0,0.17010792766619773,0.0,0.0,0.0
reset,483.984,1.8780525428471215,1.5574291573701653,0.0,0.17010792766619773,0.0,0.0,0.0
reset,484.02,1.8780525428471215,1.5574291573701653,0.0,0.17010792766619773,0.0,0.0,0.0
reset,484.056,1.8780525428471215,1.5574291573701653,0.0,0.17010792766619773,0.0,0.0,0.0
reset,484.092,1.8780525428471215,1.5574291573701653,0.0,0.17010792766619773,0.0,0.0,0.0
reset,484.128,1.8780525428471215,1.5574291573701653,0.0,0.17010792766619773,0.0,0.0,0.0
reset,484.164,1.8780525428471215,1.5574291573701653,0.0,0.17010792766619773,0.0,0.0,0.0
reset,484.2,1.8780525428471215,1.5574291573701653,0.0,0.17010792766619773,0.0,0.0,0.0
reset,484.236,1.8780525428471215,1.5574291573701653,0.0,0.17010792766619773,0.0,0.0,0.0
reset,484.272,1.8780525428471215,1.5574291573701653,0.0,0.17010792766619773,0.0,0.0,0.0
reset,484.308,1.8780525428471215,1.5574291573701653,0.0,0.17010792766619773,0.0,0.0,0.0
reset,484.344,1.8780525428471215,1.5574291573701653,0.0,0.17010792766619773,0.0,0.0,0.0
reset,484.38,1.8780525428471215,1.5574291573701653,0.0,0.17010792766619773,0.0,0.0,0.0
reset,484.416,1.8780525428471215,1.5574291573701653,0.0,0.17010792766619773,0.0,0.0,0.0
reset,484.452,1.8780525428471215,1.5574291573701653,0.0,0.17010792766619773,0.0,0.0,0.0
reset,484.488,1.8780525428471215,1.5574291573701653,0.0,0.17010792766619773,0.0,0.0,0.0
reset,484.524,1.8780525428471215,1.5574291573701653,0.0,0.17010792766619773,0.0,0.0,0.0
reset,484.596,1.8780525428471215,1.5574291573701653,0.0,0.17010792766619773,0.0,0.0,0.0
reset,484.632,1.8780525428471215,1.5574291573701653,0.0,0.17010792766619773,0.0,0.0,0.0
reset,484.668,1.8780525428471215,1.5574291573701653,0.0,0.17010792766619773,0.0,0.0,0.0
reset,484.704,1.8780525428471215,1.5574291573701653,0.0,0.17010792766619773,0.0,0.0,0.0
reset,484.74,1.8780525428471215,1.5574291573701653,0.0,0.17010792766619773,0.0,0.0,0.0
reset,484.776,1.8780525428471215,1.5574291573701653,0.0,0.17010792766619773,0.0,0.0,0.0
reset,484.812,1.8780525428471215,1.5574291573701653,0.0,0.17010792766619773,0.0,0.0,0.0
reset,484.848,1.8780525428471215,1.5574291573701653,0.0,0.17010792766619773,0.0,0.0,0.0
reset,484.884,1.8780525428471215,1.5574291573701653,0.0,0.17010792766619773,0.0,0.0,0.0
reset,484.92,1.8780525428471215,1.5574291573701653,0.0,0.17010792766619773,0.0,0.0,0.0
reset,484.956,1.8780525428471215,1.5574291573701653,0.0,0.17010792766619773,0.0,0.0,0.0
reset,484.992,1.8780525428471215,1.5574291573701653,0.0,0.17010792766619773,0.0,0.0,0.0
reset,485.028,1.8780525428471215,1.5574291573701653,0.0,0.17010792766619773,0.0,0.0,0.0
reset,485.064,1.8780525428471215,1.5574291573701653,0.0,0.17010792766619773,0.0,0.0,0.0
reset,485.1,1.8780525428471215,1.5574291573701653,0.0,0.17010792766619773,0.0,0.0,0.0
reset,485.136,1.8780525428471215,1.5574291573701653,0.0,0.17010792766619773,0.0,0.0,0.0
reset,485.172,1.8780525428471215,1.5574291573701653,0.0,0.17010792766619773,0.0,0.0,0.0
reset,485.208,1.8780525428471215,1.5574291573701653,0.0,0.17010792766619773,0.0,0.0,0.0
reset,485.244,1.8780525428471215,1.5574291573701653,0.0,0.17010792766619773,0.0,0.0,0.0
reset,485.28,1.8780525428471215,1.5574291573701653,0.0,0.17010792766619773,0.0,0.0,0.0
reset,485.316,1.8780525428471215,1.5574291573701653,0.0,0.17010792766619773,0.0,0.0,0.0
reset,485.352,1.8780525428471215,1.5574291573701653,0.0,0.17010792766619773,0.0,0.0,0.0
reset,485.388,1.8780525428471215,1.5574291573701653,0.0,0.17010792766619773,0.0,0.0,0.0
reset,485.424,1.8780525428471215,1.5574291573701653,0.0,0.17010792766619773,0.0,0.0,0.0
reset,485.46,1.8780525428471215,1.5574291573701653,0.0,0.17010792766619773,0.0,0.0,0.0
reset,485.496,1.8780525428471215,1.5574291573701653,0.0,0.17010792766619773,0.0,0.0,0.0
reset,485.532,1.8780525428471215,1.5574291573701653,0.0,0.17010792766619773,0.0,0.0,0.0
reset,485.568,1.8780525428471215,1.5574291573701653,0.0,0.17010792766619773,0.0,0.0,0.0
reset,485.604,1.8780525428471215,1.5574291573701653,0.0,0.17010792766619773,0.0,0.0,0.0
reset,485.64,1.8780525428471215,1.5574291573701653,0.0,0.17010792766619773,0.0,0.0,0.0
reset,485.676,1.8780525428471215,1.5574291573701653,0.0,0.17010792766619773,0.0,0.0,0.0
reset,485.712,1.8780525428471215,1.5574291573701653,0.0,0.17010792766619773,0.0,0.0,0.0
reset,485.748,1.8780525428471215,1.5574291573701653,0.0,0.17010792766619773,0.0,0.0,0.0
reset,485.784,1.8780525428471215,1.5574291573701653,0.0,0.17010792766619773,0.0,0.0,0.0
reset,485.82,1.8780525428471215,1.5574291573701653,0.0,0.17010792766619773,0.0,0.0,0.0
reset,485.856,1.8780525428471215,1.5574291573701653,0.0,0.17010792766619773,0.0,0.0,0.0
reset,485.892,1.8780525428471215,1.5574291573701653,0.0,0.17010792766619773,0.0,0.0,0.0
reset,485.928,1.8780525428471215,1.5574291573701653,0.0,0.17010792766619773,0.0,0.0,0.0
reset,485.964,1.8780525428471215,1.5574291573701653,0.0,0.17010792766619773,0.0,0.0,0.0
reset,486.0,1.8780525428471215,1.5574291573701653,0.0,0.17010792766619773,0.0,0.0,0.0
reset,486.036,1.8780525428471215,1.5574291573701653,0.0,0.17010792766619773,0.0,0.0,0.0
arc_left_2,486.072,1.8780525428471215,1.5574291573701653,0.0,0.17010792766619773,0.0,0.0,0.0
arc_left_2,486.108,1.8780525428471215,1.5574291573701653,0.0,0.17010792766619773,0.0,0.0,0.0
arc_left_2,486.144,1.8780525428471215,1.5574291573701653,0.0,0.17010792766619773,0.0,0.0,0.0
arc_left_2,486.18,1.8780525428471215,1.5574291573701653,0.0,0.17010792766619773,0.0,0.0,0.0
arc_left_2,486.216,1.8780525428471215,1.5574291573701653,0.0,0.17010792766619773,0.0,0.0,0.0
arc_left_2,486.252,1.8780525428471215,1.5574291573701653,0.0,0.17010792766619773,0.0,0.0,0.0
arc_left_2,486.288,1.8780525428471215,1.5574291573701653,0.0,0.17010792766619773,0.0,0.0,0.0
arc_left_2,486.324,1.8780525428471215,1.5574291573701653,0.0,0.17010792766619773,0.0,0.0,0.0
arc_left_2,486.36,1.8780525428471215,1.5574291573701653,0.0,0.17010792766619773,0.0,0.0,0.0
arc_left_2,486.396,1.8780525428471215,1.5574291573701653,0.0,0.17010792766619773,0.0,0.0,0.0
arc_left_2,486.432,1.8780525428471215,1.5574291573701653,0.0,0.17010792766619773,0.0,0.0,0.0
arc_left_2,486.468,1.8780525428471215,1.5574291573701653,0.0,0.17010792766619773,0.0,0.0,0.0
arc_left_2,486.504,1.8780525428471215,1.5574291573701653,0.0,0.17010792766619773,0.0,0.0,0.0
arc_left_2,486.54,1.8780525428471215,1.5574291573701653,0.0,0.17010792766619773,0.0,0.0,0.0
arc_left_2,486.576,1.8780525428471215,1.5574291573701653,0.0,0.17010792766619773,0.0,0.0,0.0
arc_left_2,486.612,1.8780525428471215,1.5574291573701653,0.0,0.17010792766619773,0.0,0.0,0.0
arc_left_2,486.648,1.8780525428471215,1.5574291573701653,0.0,0.17010792766619773,0.0,0.0,0.0
arc_left_2,486.684,1.8780525428471215,1.5574291573701653,0.0,0.17010792766619773,0.0,0.0,0.0
arc_left_2,486.72,1.8780525428471215,1.5574291573701653,0.0,0.17010792766619773,0.0,0.0,0.0
arc_left_2,486.756,1.8780525428471215,1.5574291573701653,0.0,0.17010792766619773,0.0,0.0,0.0
arc_left_2,486.792,1.8780525428471215,1.5574291573701653,0.0,0.17010792766619773,0.0,0.0,0.0
arc_left_2,486.828,1.8780525428471215,1.5574291573701653,0.0,0.17010792766619773,0.0,0.0,0.0
arc_left_2,486.864,1.8780525428471215,1.5574291573701653,0.0,0.17010792766619773,0.0,0.0,0.0
arc_left_2,486.9,1.8780525428471215,1.5574291573701653,0.0,0.17010792766619773,0.0,0.0,0.0
arc_left_2,486.936,1.8780525428471215,1.5574291573701653,0.0,0.17010792766619773,0.0,0.0,0.0
arc_left_2,486.972,1.8780525428471215,1.5574291573701653,0.0,0.17010792766619773,0.0,0.0,0.0
arc_left_2,487.008,1.8780525428471215,1.5574291573701653,0.0,0.17010792766619773,0.0,0.0,0.0
arc_left_2,487.044,1.8780525428471215,1.5574291573701653,0.0,0.17010792766619773,0.0,0.0,0.0
arc_left_2,487.08,1.8780991102157834,1.5574371600340826,0.0,0.1702699276492645,0.001574999985439381,0.0,0.005399999435557459
arc_left_2,487.116,1.8785274689963471,1.557511138471096,0.0,0.17176032760831159,0.013124999968002388,0.0,0.0449999988614226
arc_left_2,487.152,1.879402465484028,1.5576642966388594,0.0,0.17480592756691063,0.02572499996437531,0.0,0.08819999884893223
arc_left_2,487.188,1.8807229890892463,1.5579006448068449,0.0,0.17940396771744505,0.03831196446852184,0.0,0.13130800524922523
arc_left_2,487.224,1.8824825736583446,1.5582253143617704,0.0,0.18551614159884258,0.0507311329095946,0.0,0.17323184750109244
arc_left_2,487.26,1.8846710632433636,1.558644622351367,0.0,0.19308056626147693,0.0629056666944535,0.0,0.21342926310381172
arc_left_2,487.296,1.8872780464717687,1.55916647751213,0.0,0.20203652527614085,0.07484175405694238,0.0,0.2519439234311745
arc_left_2,487.332,1.8903183707652407,1.559805643133774,0.0,0.2123035768341225,0.08741416455173566,0.0,0.2881092199365179
arc_left_2,487.368,1.8938429580751526,1.560585730173659,0.0,0.22310357682038814,0.1013249999425166,0.0,0.29999999961855994
arc_left_2,487.404,1.8978007222378213,1.561506585609069,0.0,0.23390357680666013,0.11392499993887473,0.0,0.29999999961855994
arc_left_2,487.44,1.9021889822869937,1.5625776448820514,0.0,0.2447035767929352,0.12652499993522542,0.0,0.2999999996187167
arc_left_2,487.476,1.907004904112525,1.5638083013901383,0.0,0.2555035767792165,0.13912499993158356,0.0,0.2999999996189256
arc_left_2,487.512,1.9121786075123655,1.5651898008722795,0.0,0.2663035767655008,0.14941499994485238,0.0,0.29999999961903
arc_left_2,487.548,1.9173804837728052,1.5666390075240126,0.0,0.2771035767517835,0.149999999954864,0.0,0.29999999961897783
arc_left_2,487.584,1.9225664055352143,1.5681443088302391,0.0,0.28790357673806466,0.1499999999548714,0.0,0.2999999996189256
arc_left_2,487.62,1.927735767919559,1.5697055292143216,0.0,0.2987035767243474,0.14999999995486402,0.0,0.29999999961897783
arc_left_2,487.656,1.9328879679772746,1.5713224865772852,0.0,0.30950357671063483,0.14999999995490104,0.0,0.29999999961913454
arc_left_2,487.692,1.9380224047615902,1.572994992319057,0.0,0.32030357669694315,0.14999999995496766,0.0,0.2999999996197091
arc_left_2,487.728,1.94313847939762,1.5747228513604639,0.0,0.3311035766832498,0.14999999995496766,0.0,0.29999999961960466
arc_left_2,487.764,1.9482355951522197,1.5765058621659862,0.0,0.34190357666955945,0.14999999995496766,0.0,0.29999999961970913
arc_left_2,487.8,1.9533131575035878,1.578343816767266,0.0,0.35270357665586616,0.14999999995497504,0.0,0.29999999961965684
arc_left_2,487.836,1.95837057421061,1.580236500787363,0.0,0.36350357664217287,0.14999999995496766,0.0,0.2999999996196046
arc_left_2,487.872,1.963407255381937,1.5821836934657587,0.0,0.3743035766284825,0.14999999995497504,0.0,0.29999999961965684
arc_left_2,487.908,1.9684226135447882,1.584185167684108,0.0,0.3851035766147892,0.14999999995497504,0.0,0.29999999961965684
arc_left_2,487.944,1.9734160637134752,1.5862406899927277,0.0,0.39590357660109743,0.14999999995496766,0.0,0.2999999996196046
arc_left_2,487.98,1.9783870234576342,1.588350020637827,0.0,0.4067035765874056,0.14999999995497504,0.0,0.29999999961965684
arc_left_2,488.016,1.983334912970156,1.5905129135894707,0.0,0.41750357657371373,0.14999999995496766,0.0,0.2999999996197091
arc_left_2,488.052,1.9882591551348203,1.5927291165702782,0.0,0.42830357656002044,0.14999999995496766,0.0,0.2999999996196046
arc_left_2,488.088,1.9931591755936007,1.5949983710848452,0.0,0.4391035765464648,0.14999999995480479,0.0,0.2999999996242012
arc_left_2,488.124,1.9980344028136687,1.5973204124498996,0.0,0.44990357653297636,0.14999999995476782,0.0,0.29999999962529805
arc_left_2,488.16,2.0028842681540504,1.5996949698251706,0.0,0.4607035765195053,0.14999999995470117,0.0,0.29999999962587276
arc_left_2,488.196,2.0077082059319507,1.6021217662449774,0.0,0.47150357650602,0.14999999995456054,0.0,0.2999999996252981
arc_left_2,488.232,2.012505653488741,1.6046005186505397,0.0,0.48230357649253314,0.14999999995456054,0.0,0.2999999996252981
arc_left_2,488.268,2.01727605125558,1.6071309379229881,0.0,0.49310357647904474,0.14999999995456798,0.0,0.29999999962535034
arc_left_2,488.304,2.0220188428186834,1.6097127289170896,0.0,0.5039035764655377,0.14999999995466418,0.0,0.2999999996246713
arc_left_2,488.34,2.02673347498422,1.6123455904956696,0.0,0.5147035764520244,0.14999999995467156,0.0,0.2999999996246191
arc_left_2,488.376,2.0314193978428405,1.6150292155647386,0.0,0.5255035764385111,0.14999999995467156,0.0,0.2999999996246191
arc_left_2,488.412,2.036076064833816,1.6177632911093118,0.0,0.5363035764249995,0.14999999995466415,0.0,0.2999999996246713
arc_left_2,488.448,2.040702932808784,1.6205474982299146,0.0,0.5471035764116381,0.14999999995443475,0.0,0.29999999962973795
arc_left_2,488.484,2.0452994620951106,1.623381512179787,0.0,0.5579035763984308,0.14999999995426452,0.0,0.2999999996331332
arc_left_2,488.52,2.0498651165588364,1.626265002402759,0.0,0.5687035763852247,0.1499999999542645,0.0,0.2999999996331332
arc_left_2,488.556,2.0543993636672044,1.629197632571802,0.0,0.5795035763720172,0.14999999995426452,0.0,0.2999999996331331
arc_left_2,488.592,2.058901674550773,1.6321790606282582,0.0,0.5903035763588128,0.1499999999542719,0.0,0.29999999963318535
arc_left_2,488.628,2.063371524065107,1.6352089388217395,0.0,0.601103576345607,0.1499999999542645,0.0,0.2999999996331331
arc_left_2,488.664,2.067808390852027,1.6382869137506904,0.0,0.6119035763323993,0.1499999999542645,0.0,0.2999999996331332
arc_left_2,488.7,2.072211757400423,1.6414126264036049,0.0,0.6227035763191934,0.1499999999542645,0.0,0.2999999996331331
arc_left_2,488.736,2.0765811101066145,1.6445857122009042,0.0,0.633503576305989,0.1499999999542645,0.0,0.2999999996332376
arc_left_2,488.772,2.0809159393342562,1.647805801037459,0.0,0.6443035762927816,0.1499999999542645,0.0,0.2999999996331331
arc_left_2,488.808,2.085215739473783,1.6510725173257592,0.0,0.6551035762795755,0.1499999999542645,0.0,0.2999999996331332
arc_left_2,488.844,2.0894800090013828,1.6543854800397217,0.0,0.6659035762663695,0.14999999995425708,0.0,0.29999999963318535
arc_left_2,488.88,2.093708250537493,1.6577443027591312,0.0,0.6767035762531496,0.14999999995420527,0.0,0.2999999996327153
arc_left_2,488.916,2.0978999709048147,1.6611485937147143,0.0,0.6875035762399186,0.14999999995416086,0.0,0.2999999996324018
arc_left_2,488.952,2.1020546811858396,1.6645979558338357,0.0,0.6983035762266864,0.14999999995416086,0.0,0.29999999963240187
arc_left_2,488.988,2.106171896779872,1.6680919867868091,0.0,0.7091035762134555,0.14999999995416086,0.0,0.2999999996324018
arc_left_2,489.024,2.1102511374595534,1.6716302790338278,0.0,0.7199035762002247,0.14999999995416086,0.0,0.2999999996324018
arc_left_2,489.06,2.114291927426878,1.675212419872496,0.0,0.7307035761869926,0.1499999999541683,0.0,0.29999999963245405
arc_left_2,489.096,2.118293795368686,1.678837991485968,0.0,0.7415035761737616,0.14999999995416827,0.0,0.29999999963245405
arc_left_2,489.132,2.1222562745116385,1.6825065709916824,0.0,0.7523035761605308,0.14999999995416086,0.0,0.2999999996325063
arc_left_2,489.168,2.126178902676662,1.6862177304906865,0.0,0.7631035761472985,0.14999999995416827,0.0,0.29999999963245405
arc_left_2,489.204,2.1300612223328566,1.6899710371175438,0.0,0.7739035761340675,0.14999999995416827,0.0,0.29999999963245405
arc_left_2,489.24,2.133902780650859,1.6937660530908263,0.0,0.7847035761208366,0.14999999995416086,0.0,0.2999999996325063
arc_left_2,489.276,2.1377031295556645,1.6976023357641752,0.0,0.7955035761076042,0.14999999995416827,0.0,0.29999999963245405
arc_left_2,489.312,2.1414618257788853,1.7014794376779285,0.0,0.8063035760943734,0.14999999995416827,0.0,0.29999999963245405
arc_left_2,489.348,2.1451784309104567,1.7053969066113164,0.0,0.8171035760811395,0.14999999995416086,0.0,0.29999999963240187
arc_left_2,489.384,2.148852511449771,1.7093542856352053,0.0,0.8279035760679087,0.14999999995416086,0.0,0.29999999963240187
arc_left_2,489.42,2.152483638856241,1.7133511131653933,0.0,0.8387035760546778,0.14999999995416086,0.0,0.29999999963240187
arc_left_2,489.456,2.156071389599284,1.7173869230164496,0.0,0.8495035760414456,0.14999999995416086,0.0,0.29999999963240187
arc_left_2,489.492,2.15961534520772,1.7214612444560902,0.0,0.8603035760282146,0.14999999995416086,0.0,0.2999999996324018
arc_left_2,489.528,2.1631150923185873,1.7255736022600825,0.0,0.8711035760149838,0.14999999995416086,0.0,0.2999999996325063
arc_left_2,489.564,2.1665702227253516,1.7297235167676763,0.0,0.8819035760017515,0.14999999995416827,0.0,0.29999999963245405
arc_left_2,489.6,2.169980333425521,1.7339105039375489,0.0,0.8927035759885206,0.14999999995416827,0.0,0.29999999963245405
arc_left_2,489.636,2.1733450266676497,1.738134075404265,0.0,0.9035035759752897,0.14999999995416086,0.0,0.2999999996325063
arc_left_2,489.672,2.1766639099977345,1.7423937385352384,0.0,0.9143035759620575,0.14999999995416827,0.0,0.29999999963245405
arc_left_2,489.708,2.1799365963049864,1.7466889964881922,0.0,0.9251035759488268,0.14999999995416827,0.0,0.29999999963245405
arc_left_2,489.744,2.1831627038669854,1.7510193482691097,0.0,0.9359035759355957,0.14999999995416086,0.0,0.2999999996325063
arc_left_2,489.78,2.1863418563942045,1.7553842887906697,0.0,0.9467035759223619,0.14999999995416086,0.0,0.2999999996324018
arc_left_2,489.816,2.189473683073899,1.75978330893116,0.0,0.9575035759091312,0.14999999995416086,0.0,0.2999999996324018
arc_left_2,489.852,2.1925578186133556,1.76421589559386,0.0,0.9683035758958985,0.14999999995416086,0.0,0.29999999963240187
arc_left_2,489.888,2.195593903282502,1.7686815317668871,0.0,0.9791035758826678,0.14999999995416086,0.0,0.29999999963240187
arc_left_2,489.924,2.1985815829558666,1.7731796965835034,0.0,0.9899035758694369,0.14999999995416086,0.0,0.29999999963240187
arc_left_2,489.96,2.2015205091538803,1.7777098653828656,0.0,1.0007035758562044,0.1499999999541683,0.0,0.29999999963245405
arc_left_2,489.996,2.2044103390835237,1.7822715097712216,0.0,1.0115035758429722,0.1499999999541683,0.0,0.29999999963245405
arc_left_2,490.032,2.2072507356783113,1.7868640976835424,0.0,1.02230357582974,0.14999999995416086,0.0,0.2999999996325063
arc_left_2,490.068,2.2100413676376047,1.791487093445583,0.0,1.0331035758165064,0.14999999995416827,0.0,0.29999999963245405
arc_left_2,490.104,2.212781909465257,1.7961399578363604,0.0,1.0439035758032742,0.14999999995416827,0.0,0.29999999963245405
arc_left_2,490.14,2.215472041507578,1.800822148151048,0.0,1.054703575790042,0.14999999995416086,0.0,0.2999999996325063
arc_left_2,490.176,2.2181114499906154,1.805533118264278,0.0,1.0655035757768083,0.14999999995416827,0.0,0.29999999963245405
arc_left_2,490.212,2.2206998270567593,1.810272318693838,0.0,1.0763035757635762,0.14999999995416827,0.0,0.29999999963245405
arc_left_2,490.248,2.2232368708006423,1.8150391966647648,0.0,1.087103575750341,0.14999999995416086,0.0,0.29999999963240187
arc_left_2,490.284,2.225722285304359,1.8198331961738168,0.0,1.0979035757371087,0.14999999995416086,0.0,0.29999999963240187
arc_left_2,490.32,2.2281557806719805,1.824653758054328,0.0,1.108703575723877,0.14999999995416086,0.0,0.29999999963240187
arc_left_2,490.356,2.230537073063367,1.829500320041428,0.0,1.1195035757106429,0.14999999995416086,0.0,0.29999999963240187
arc_left_2,490.392,2.2328658847272744,1.834372316837622,0.0,1.1303035756974107,0.14999999995416086,0.0,0.2999999996324018
arc_left_2,490.428,2.2351419440337517,1.8392691801787293,0.0,1.1411035756841785,0.14999999995416086,0.0,0.2999999996325063
arc_left_2,490.464,2.2373649855058217,1.8441903389001626,0.0,1.1519035756709448,0.14999999995416827,0.0,0.29999999963245405
arc_left_2,490.5,2.2395347498504488,1.8491352190035488,0.0,1.1627035756577127,0.14999999995416827,0.0,0.29999999963245405
arc_left_2,490.536,2.2416509839887797,1.8541032437236808,0.0,1.1735035756444805,0.14999999995416086,0.0,0.2999999996325063
arc_left_2,490.572,2.2437134410856636,1.859093833595789,0.0,1.1843035756312468,0.14999999995416827,0.0,0.29999999963245405
arc_left_2,490.608,2.2457218805784445,1.8641064065231299,0.0,1.1951035756180144,0.14999999995416827,0.0,0.29999999963245405
arc_left_2,490.644,2.2476760682050183,1.8691403778448816,0.0,1.2059035756047825,0.14999999995416086,0.0,0.2999999996325063
arc_left_2,490.68,2.2495757760311554,1.874195160404339,0.0,1.2167035755915487,0.14999999995416827,0.0,0.29999999963245405
arc_left_2,490.716,2.2514207824770893,1.8792701646173948,0.0,1.227503575578315,0.14999999995416086,0.0,0.2999999996324018
arc_left_2,490.752,2.253210872343361,1.8843647985413143,0.0,1.2383035755650815,0.14999999995416086,0.0,0.29999999963240187
arc_left_2,490.788,2.254945836835918,1.889478467943773,0.0,1.2491035755518494,0.14999999995416086,0.0,0.29999999963240187
arc_left_2,490.824,2.256625473590469,1.8946105763721717,0.0,1.259903575538617,0.14999999995416086,0.0,0.29999999963240187
arc_left_2,490.86,2.2582495866960897,1.899760525223206,0.0,1.2707035755253586,0.1499999999542571,0.0,0.29999999963172286
arc_left_2,490.896,2.2598179867180677,1.9049277138126786,0.0,1.2815035755120998,0.14999999995427188,0.0,0.29999999963172286
arc_left_2,490.932,2.2613304907200034,1.9101115394455723,0.0,1.2923035754988428,0.1499999999542645,0.0,0.2999999996317751
arc_left_2,490.968,2.2627869222851458,1.9153113974863438,0.0,1.3031035754855842,0.1499999999542645,0.0,0.2999999996317751
arc_left_2,491.004,2.2641871115369674,1.9205266814294484,0.0,1.3139035754723256,0.14999999995427188,0.0,0.29999999963172286
arc_left_2,491.04,2.2655308951589817,1.9257567829700808,0.0,1.3247035754590684,0.1499999999542645,0.0,0.2999999996317751
arc_left_2,491.076,2.2668181164137917,1.9310010920751282,0.0,1.3355035754458102,0.1499999999542645,0.0,0.2999999996317751
arc_left_2,491.112,2.2680486251613696,1.936258997054324,0.0,1.3463035754325514,0.14999999995427188,0.0,0.29999999963172286
arc_left_2,491.148,2.269222277876571,1.941529884631596,0.0,1.35710357541931,0.14999999995433852,0.0,0.2999999996322974
arc_left_2,491.184,2.270338937665875,1.9468131400165944,0.0,1.3679035754060778,0.14999999995436814,0.0,0.2999999996325063
arc_left_2,491.22,2.271398474283348,1.9521081469764006,0.0,1.3787035753928438,0.14999999995436814,0.0,0.29999999963240187
arc_left_2,491.256,2.272400764145842,1.9574142879074066,0.0,1.389503575379612,0.14999999995436072,0.0,0.29999999963245405
arc_left_2,491.292,2.273345690347403,1.9627309439073517,0.0,1.4003035753663782,0.14999999995436072,0.0,0.29999999963245405
arc_left_2,491.328,2.2742331426729105,1.9680574948475107,0.0,1.411103575353146,0.14999999995437552,0.0,0.29999999963245405
arc_left_2,491.364,2.275063017610934,1.9733933194450306,0.0,1.4219035753396552,0.14999999995466415,0.0,0.2999999996246713
arc_left_2,491.4,2.275835218365801,1.9787377953353735,0.0,1.4327035753261408,0.14999999995466415,0.0,0.2999999996246713
arc_left_2,491.436,2.2765496548688913,1.9840902991449307,0.0,1.4435035753126266,0.14999999995467156,0.0,0.2999999996246191
arc_left_2,491.472,2.277206243789142,1.9894502065637278,0.0,1.4543035752991125,0.14999999995467156,0.0,0.2999999996246191
arc_left_2,491.508,2.2778049085427647,1.9948168924182423,0.0,1.4651035752855974,0.1499999999546716,0.0,0.2999999996246191
arc_left_2,491.544,2.2783455793021825,2.0001897307443213,0.0,1.4759035752720833,0.1499999999546716,0.0,0.2999999996246191
arc_left_2,491.58,2.2788281930041703,2.0055680948601955,0.0,1.4867035752585689,0.1499999999546716,0.0,0.2999999996246191
arc_left_2,491.616,2.2792526933572135,2.0109513574395743,0.0,1.4975035752450545,0.1499999999546716,0.0,0.2999999996246191
arc_left_2,491.652,2.279619030848072,2.016338890584815,0.0,1.5083035752315401,0.1499999999546716,0.0,0.2999999996246191
arc_left_2,491.688,2.2799271627475575,2.021730065900166,0.0,1.519103575217926,0.1499999999548196,0.0,0.2999999996212762
arc_left_2,491.724,2.280177053115515,2.0271242545650496,0.0,1.5299035752042591,0.149999999954864,0.0,0.29999999962033597
arc_left_2,491.76,2.2803686728050145,2.032520827407415,0.0,1.5407035751905922,0.14999999995486402,0.0,0.29999999962033597
arc_left_2,491.796,2.280501999465753,2.0379191549771254,0.0,1.5515035751769266,0.1499999999548714,0.0,0.2999999996203882
arc_left_2,491.832,2.2805770175466615,2.043318607619374,0.0,1.5623035751632601,0.14999999995486402,0.0,0.29999999962033597
arc_left_2,491.868,2.280593718297714,2.04871855554813,0.0,1.5731035751495914,0.149999999954864,0.0,0.29999999962033597
arc_left_2,491.904,2.2805520997709547,2.054118368919589,0.0,1.583903575135926,0.14999999995487143,0.0,0.2999999996203882
arc_left_2,491.94,2.2804521668207207,2.059517417905642,0.0,1.5947035751222594,0.149999999954864,0.0,0.29999999962033597
arc_left_2,491.976,2.2802939311030785,2.0649150727673384,0.0,1.6055035751085784,0.1499999999547974,0.0,0.2999999996198658
arc_left_2,492.012,2.2800774110744637,2.070310703928336,0.0,1.6163035750948864,0.14999999995476782,0.0,0.29999999961965684
arc_left_2,492.048,2.2798026319895257,2.075703682048336,0.0,1.627103575081193,0.14999999995476782,0.0,0.29999999961965684
arc_left_2,492.084,2.279469625898187,2.0810933780964866,0.0,1.6379035750675013,0.14999999995476782,0.0,0.29999999961965684
arc_left_2,492.12,2.2790784316418984,2.0864791634247526,0.0,1.6487035750538095,0.14999999995476782,0.0,0.29999999961965684
arc_left_2,492.156,2.278629094849116,2.0918604098412406,0.0,1.6595035750401177,0.14999999995476782,0.0,0.29999999961965684
arc_left_2,492.192,2.2781216679299723,2.0972364896834716,0.0,1.6703035750264257,0.14999999995476782,0.0,0.29999999961965684
arc_left_2,492.228,2.277556210070168,2.1026067758915903,0.0,1.6811035750127328,0.14999999995476782,0.0,0.29999999961965684
arc_left_2,492.264,2.2769327872240686,2.107970642081501,0.0,1.6919035749990408,0.14999999995476782,0.0,0.29999999961965684
arc_left_2,492.3,2.2762514721070066,2.1133274626179364,0.0,1.702703574985349,0.14999999995476782,0.0,0.29999999961965684
arc_left_2,492.336,2.2755123441868035,2.1186766126874237,0.0,1.7135035749716572,0.14999999995476782,0.0,0.29999999961965684
arc_left_2,492.372,2.2747154896745028,2.124017468371164,0.0,1.7243035749579654,0.14999999995476782,0.0,0.29999999961965684
arc_left_2,492.408,2.2738610015143106,2.1293494067178074,0.0,1.735103574944272,0.14999999995476782,0.0,0.29999999961965684
arc_left_2,492.444,2.2729489793727575,2.1346718058161125,0.0,1.7459035749305805,0.14999999995476782,0.0,0.29999999961965684
arc_left_2,492.48,2.2719795296270715,2.1399840448674836,0.0,1.7567035749168882,0.14999999995476782,0.0,0.29999999961965684
arc_left_2,492.516,2.2709527653527712,2.1452855042583807,0.0,1.7675035749031964,0.14999999995476782,0.0,0.29999999961965684
arc_left_2,492.552,2.2698688063104786,2.1505755656325944,0.0,1.7783035748895049,0.14999999995476782,0.0,0.29999999961965684
arc_left_2,492.588,2.268727778931946,2.1558536119633644,0.0,1.7891035748758117,0.14999999995476782,0.0,0.29999999961965684
arc_left_2,492.624,2.2675298163053124,2.161119027625352,0.0,1.7999035748621197,0.14999999995476782,0.0,0.29999999961965684
arc_left_2,492.66,2.2662750581595805,2.1663711984664458,0.0,1.810703574848428,0.14999999995476782,0.0,0.29999999961965684
arc_left_2,492.696,2.264963650848318,2.171609511879394,0.0,1.8215035748347361,0.14999999995476782,0.0,0.29999999961965684
arc_left_2,492.732,2.263595747332586,2.1768333568732623,0.0,1.8323035748210443,0.14999999995476782,0.0,0.29999999961965684
arc_left_2,492.768,2.2621715071631,2.1820421241446937,0.0,1.843103574807351,0.14999999995476782,0.0,0.29999999961965684
arc_left_2,492.804,2.260691096461617,2.1872352061489813,0.0,1.8539035747936594,0.14999999995476782,0.0,0.29999999961965684
arc_left_2,492.84,2.259154687901564,2.1924119971709284,0.0,1.8647035747799674,0.14999999995476782,0.0,0.29999999961965684
arc_left_2,492.876,2.2575624606878915,2.197571893395501,0.0,1.8755035747662758,0.14999999995476782,0.0,0.29999999961965684
arc_left_2,492.912,2.2559146005361765,2.2027142929782557,0.0,1.8863035747525871,0.1499999999547826,0.0,0.2999999996197614
arc_left_2,492.948,2.254211299650958,2.207838596115539,0.0,1.8971035747389184,0.1499999999548566,0.0,0.2999999996202837
arc_left_2,492.984,2.2524527567033203,2.2129442051144412,0.0,1.9079035747252546,0.14999999995487143,0.0,0.2999999996203882
arc_left_2,493.02,2.2506391768077174,2.2180305244625207,0.0,1.9187035747115693,0.14999999995496022,0.0,0.2999999996197613
arc_left_2,493.056,2.2487707714980525,2.2230969608972555,0.0,1.9295035746978757,0.14999999995497504,0.0,0.29999999961965684
arc_left_2,493.092,2.2469136996736783,2.2279730205371493,0.0,1.9398175746870816,0.14392499997735914,0.0,0.2837999997163109
arc_left_2,493.128,2.245218432151894,2.232299422016983,0.0,1.9486087746917145,0.12772500000243583,0.0,0.24060000015063904
arc_left_2,493.164,2.243705642435717,2.236070817965328,0.0,1.955844774715178,0.1115250000016221,0.0,0.19740000075075623
arc_left_2,493.2,2.242389112292122,2.239292495142624,0.0,1.9615255747486104,0.095325000004746,0.0,0.15420000092966252
arc_left_2,493.236,2.241280031572406,2.241968895041104,0.0,1.9656511747824896,0.07912500000945381,0.0,0.11100000094215287
arc_left_2,493.272,2.240387029619273,2.244103532655322,0.0,1.9682215748171303,0.06292500001390257,0.0,0.06780000096357518
arc_left_2,493.308,2.239716199802503,2.245698935292766,0.0,1.9692367748524964,0.04672500001844752,0.0,0.02460000098348269
arc_left_2,493.344,2.2392709734403455,2.2467565409557113,0.0,1.9692547748596356,0.0305250000230739,0.0,4.0010860355816036e-11
arc_left_2,493.38,2.239052026159077,2.2472766338119756,0.0,1.9692547748596874,0.01432500002775949,0.0,1.410304477293777e-12
arc_left_2,493.416,2.239027407684696,2.247335113152681,0.0,1.9692547748596918,0.0008700000124021535,0.0,-1.0446699831805758e-13
arc_left_2,493.452,2.239027407684696,2.247335113152681,0.0,1.9692547748596918,0.0,0.0,0.0
arc_left_2,493.488,2.239027407684696,2.247335113152681,0.0,1.9692547748596918,0.0,0.0,0.0
arc_left_2,493.524,2.239027407684696,2.247335113152681,0.0,1.9692547748596918,0.0,0.0,0.0
arc_left_2,493.56,2.239027407684696,2.247335113152681,0.0,1.9692547748596918,0.0,0.0,0.0
arc_left_2,493.596,2.239027407684696,2.247335113152681,0.0,1.9692547748596918,0.0,0.0,0.0
arc_left_2,493.632,2.239027407684696,2.247335113152681,0.0,1.9692547748596918,0.0,0.0,0.0
arc_left_2,493.668,2.239027407684696,2.247335113152681,0.0,1.9692547748596918,0.0,0.0,0.0
arc_left_2,493.704,2.239027407684696,2.247335113152681,0.0,1.9692547748596918,0.0,0.0,0.0
arc_left_2,493.74,2.239027407684696,2.247335113152681,0.0,1.9692547748596918,0.0,0.0,0.0
arc_left_2,493.776,2.239027407684696,2.247335113152681,0.0,1.9692547748596918,0.0,0.0,0.0
arc_left_2,493.812,2.239027407684696,2.247335113152681,0.0,1.9692547748596918,0.0,0.0,0.0
arc_left_2,493.848,2.239027407684696,2.247335113152681,0.0,1.9692547748596918,0.0,0.0,0.0
arc_left_2,493.884,2.239027407684696,2.247335113152681,0.0,1.9692547748596918,0.0,0.0,0.0
arc_left_2,493.92,2.239027407684696,2.247335113152681,0.0,1.9692547748596918,0.0,0.0,0.0
arc_left_2,493.956,2.239027407684696,2.247335113152681,0.0,1.9692547748596918,0.0,0.0,0.0
arc_left_2,493.992,2.239027407684696,2.247335113152681,0.0,1.9692547748596918,0.0,0.0,0.0
arc_left_2,494.028,2.239027407684696,2.247335113152681,0.0,1.9692547748596918,0.0,0.0,0.0
arc_left_2,494.064,2.239027407684696,2.247335113152681,0.0,1.9692547748596918,0.0,0.0,0.0
arc_left_2,494.1,2.239027407684696,2.247335113152681,0.0,1.9692547748596918,0.0,0.0,0.0
arc_left_2,494.136,2.239027407684696,2.247335113152681,0.0,1.9692547748596918,0.0,0.0,0.0
arc_left_2,494.172,2.239027407684696,2.247335113152681,0.0,1.9692547748596918,0.0,0.0,0.0
arc_left_2,494.208,2.239027407684696,2.247335113152681,0.0,1.9692547748596918,0.0,0.0,0.0
arc_left_2,494.244,2.239027407684696,2.247335113152681,0.0,1.9692547748596918,0.0,0.0,0.0
arc_left_2,494.28,2.239027407684696,2.247335113152681,0.0,1.9692547748596918,0.0,0.0,0.0
arc_left_2,494.316,2.239027407684696,2.247335113152681,0.0,1.9692547748596918,0.0,0.0,0.0
arc_left_2,494.352,2.239027407684696,2.247335113152681,0.0,1.9692547748596918,0.0,0.0,0.0
arc_left_2,494.388,2.239027407684696,2.247335113152681,0.0,1.9692547748596918,0.0,0.0,0.0
arc_left_2,494.424,2.239027407684696,2.247335113152681,0.0,1.9692547748596918,0.0,0.0,0.0
arc_left_2,494.46,2.239027407684696,2.247335113152681,0.0,1.9692547748596918,0.0,0.0,0.0
arc_left_2,494.496,2.239027407684696,2.247335113152681,0.0,1.9692547748596918,0.0,0.0,0.0
arc_left_2,494.532,2.239027407684696,2.247335113152681,0.0,1.9692547748596918,0.0,0.0,0.0
arc_left_2,494.568,2.239027407684696,2.247335113152681,0.0,1.9692547748596918,0.0,0.0,0.0
arc_left_2,494.604,2.239027407684696,2.247335113152681,0.0,1.9692547748596918,0.0,0.0,0.0
arc_left_2,494.64,2.239027407684696,2.247335113152681,0.0,1.9692547748596918,0.0,0.0,0.0
arc_left_2,494.676,2.239027407684696,2.247335113152681,0.0,1.9692547748596918,0.0,0.0,0.0
arc_left_2,494.712,2.239027407684696,2.247335113152681,0.0,1.9692547748596918,0.0,0.0,0.0
arc_left_2,494.748,2.239027407684696,2.247335113152681,0.0,1.9692547748596918,0.0,0.0,0.0
arc_left_2,494.784,2.239027407684696,2.247335113152681,0.0,1.9692547748596918,0.0,0.0,0.0
arc_left_2,494.82,2.239027407684696,2.247335113152681,0.0,1.9692547748596918,0.0,0.0,0.0
arc_left_2,494.856,2.239027407684696,2.247335113152681,0.0,1.9692547748596918,0.0,0.0,0.0
arc_left_2,494.892,2.239027407684696,2.247335113152681,0.0,1.9692547748596918,0.0,0.0,0.0
arc_left_2,494.928,2.239027407684696,2.247335113152681,0.0,1.9692547748596918,0.0,0.0,0.0
arc_left_2,494.964,2.239027407684696,2.247335113152681,0.0,1.9692547748596918,0.0,0.0,0.0
arc_left_2,495.0,2.239027407684696,2.247335113152681,0.0,1.9692547748596918,0.0,0.0,0.0
arc_left_2,495.036,2.239027407684696,2.247335113152681,0.0,1.9692547748596918,0.0,0.0,0.0
arc_left_2,495.072,2.239027407684696,2.247335113152681,0.0,1.9692547748596918,0.0,0.0,0.0
arc_left_2,495.108,2.239027407684696,2.247335113152681,0.0,1.9692547748596918,0.0,0.0,0.0
arc_left_2,495.144,2.239027407684696,2.247335113152681,0.0,1.9692547748596918,0.0,0.0,0.0
arc_left_2,495.18,2.239027407684696,2.247335113152681,0.0,1.9692547748596918,0.0,0.0,0.0
arc_left_2,495.216,2.239027407684696,2.247335113152681,0.0,1.9692547748596918,0.0,0.0,0.0
arc_left_2,495.252,2.239027407684696,2.247335113152681,0.0,1.9692547748596918,0.0,0.0,0.0
arc_left_2,495.288,2.239027407684696,2.247335113152681,0.0,1.9692547748596918,0.0,0.0,0.0
arc_left_2,495.324,2.239027407684696,2.247335113152681,0.0,1.9692547748596918,0.0,0.0,0.0
arc_left_2,495.36,2.239027407684696,2.247335113152681,0.0,1.9692547748596918,0.0,0.0,0.0
arc_left_2,495.396,2.239027407684696,2.247335113152681,0.0,1.9692547748596918,0.0,0.0,0.0
arc_left_2,495.432,2.239027407684696,2.247335113152681,0.0,1.9692547748596918,0.0,0.0,0.0
arc_left_2,495.468,2.239027407684696,2.247335113152681,0.0,1.9692547748596918,0.0,0.0,0.0
arc_left_2,495.504,2.239027407684696,2.247335113152681,0.0,1.9692547748596918,0.0,0.0,0.0
arc_left_2,495.54,2.239027407684696,2.247335113152681,0.0,1.9692547748596918,0.0,0.0,0.0
arc_left_2,495.576,2.239027407684696,2.247335113152681,0.0,1.9692547748596918,0.0,0.0,0.0
arc_left_2,495.612,2.239027407684696,2.247335113152681,0.0,1.9692547748596918,0.0,0.0,0.0
arc_left_2,495.648,2.239027407684696,2.247335113152681,0.0,1.9692547748596918,0.0,0.0,0.0
arc_left_2,495.684,2.239027407684696,2.247335113152681,0.0,1.9692547748596918,0.0,0.0,0.0
arc_left_2,495.72,2.239027407684696,2.247335113152681,0.0,1.9692547748596918,0.0,0.0,0.0
arc_left_2,495.756,2.239027407684696,2.247335113152681,0.0,1.9692547748596918,0.0,0.0,0.0
arc_left_2,495.792,2.239027407684696,2.247335113152681,0.0,1.9692547748596918,0.0,0.0,0.0
arc_left_2,495.828,2.239027407684696,2.247335113152681,0.0,1.9692547748596918,0.0,0.0,0.0
arc_left_2,495.864,2.239027407684696,2.247335113152681,0.0,1.9692547748596918,0.0,0.0,0.0
arc_left_2,495.9,2.239027407684696,2.247335113152681,0.0,1.9692547748596918,0.0,0.0,0.0
arc_left_2,495.936,2.239027407684696,2.247335113152681,0.0,1.9692547748596918,0.0,0.0,0.0
arc_left_2,495.972,2.239027407684696,2.247335113152681,0.0,1.9692547748596918,0.0,0.0,0.0
arc_left_2,496.008,2.239027407684696,2.247335113152681,0.0,1.9692547748596918,0.0,0.0,0.0
arc_left_2,496.044,2.239027407684696,2.247335113152681,0.0,1.9692547748596918,0.0,0.0,0.0
reset,496.08,2.239027407684696,2.247335113152681,0.0,1.9692547748596918,0.0,0.0,0.0
reset,496.116,2.239027407684696,2.247335113152681,0.0,1.9692547748596918,0.0,0.0,0.0
reset,496.152,2.239027407684696,2.247335113152681,0.0,1.9692547748596918,0.0,0.0,0.0
reset,496.188,2.239027407684696,2.247335113152681,0.0,1.9692547748596918,0.0,0.0,0.0
reset,496.224,2.239027407684696,2.247335113152681,0.0,1.9692547748596918,0.0,0.0,0.0
reset,496.26,2.239027407684696,2.247335113152681,0.0,1.9692547748596918,0.0,0.0,0.0
reset,496.296,2.239027407684696,2.247335113152681,0.0,1.9692547748596918,0.0,0.0,0.0
reset,496.332,2.239027407684696,2.247335113152681,0.0,1.9692547748596918,0.0,0.0,0.0
reset,496.368,2.239027407684696,2.247335113152681,0.0,1.9692547748596918,0.0,0.0,0.0
reset,496.404,2.239027407684696,2.247335113152681,0.0,1.9692547748596918,0.0,0.0,0.0
reset,496.44,2.239027407684696,2.247335113152681,0.0,1.9692547748596918,0.0,0.0,0.0
reset,496.476,2.239027407684696,2.247335113152681,0.0,1.9692547748596918,0.0,0.0,0.0
reset,496.512,2.239027407684696,2.247335113152681,0.0,1.9692547748596918,0.0,0.0,0.0
reset,496.548,2.239027407684696,2.247335113152681,0.0,1.9692547748596918,0.0,0.0,0.0
reset,496.584,2.239027407684696,2.247335113152681,0.0,1.9692547748596918,0.0,0.0,0.0
reset,496.62,2.239027407684696,2.247335113152681,0.0,1.9692547748596918,0.0,0.0,0.0
reset,496.656,2.239027407684696,2.247335113152681,0.0,1.9692547748596918,0.0,0.0,0.0
reset,496.692,2.239027407684696,2.247335113152681,0.0,1.9692547748596918,0.0,0.0,0.0
reset,496.728,2.239027407684696,2.247335113152681,0.0,1.9692547748596918,0.0,0.0,0.0
reset,496.764,2.239027407684696,2.247335113152681,0.0,1.9692547748596918,0.0,0.0,0.0
reset,496.8,2.239027407684696,2.247335113152681,0.0,1.9692547748596918,0.0,0.0,0.0
reset,496.836,2.239027407684696,2.247335113152681,0.0,1.9692547748596918,0.0,0.0,0.0
reset,496.872,2.239027407684696,2.247335113152681,0.0,1.9692547748596918,0.0,0.0,0.0
reset,496.908,2.239027407684696,2.247335113152681,0.0,1.9692547748596918,0.0,0.0,0.0
reset,496.944,2.239027407684696,2.247335113152681,0.0,1.9692547748596918,0.0,0.0,0.0
reset,496.98,2.239027407684696,2.247335113152681,0.0,1.9692547748596918,0.0,0.0,0.0
reset,497.016,2.239027407684696,2.247335113152681,0.0,1.9692547748596918,0.0,0.0,0.0
reset,497.052,2.239027407684696,2.247335113152681,0.0,1.9692547748596918,0.0,0.0,0.0
reset,497.088,2.239027407684696,2.247335113152681,0.0,1.9692547748596918,0.0,0.0,0.0
reset,497.124,2.239027407684696,2.247335113152681,0.0,1.9692547748596918,0.0,0.0,0.0
reset,497.16,2.239027407684696,2.247335113152681,0.0,1.9692547748596918,0.0,0.0,0.0
reset,497.196,2.239027407684696,2.247335113152681,0.0,1.9692547748596918,0.0,0.0,0.0
reset,497.232,2.239027407684696,2.247335113152681,0.0,1.9692547748596918,0.0,0.0,0.0
reset,497.268,2.239027407684696,2.247335113152681,0.0,1.9692547748596918,0.0,0.0,0.0
reset,497.304,2.239027407684696,2.247335113152681,0.0,1.9692547748596918,0.0,0.0,0.0
reset,497.34,2.239027407684696,2.247335113152681,0.0,1.9692547748596918,0.0,0.0,0.0
reset,497.376,2.239027407684696,2.247335113152681,0.0,1.9692547748596918,0.0,0.0,0.0
reset,497.412,2.239027407684696,2.247335113152681,0.0,1.9692547748596918,0.0,0.0,0.0
reset,497.448,2.239027407684696,2.247335113152681,0.0,1.9692547748596918,0.0,0.0,0.0
reset,497.484,2.239027407684696,2.247335113152681,0.0,1.9692547748596918,0.0,0.0,0.0
reset,497.52,2.239027407684696,2.247335113152681,0.0,1.9692547748596918,0.0,0.0,0.0
reset,497.556,2.239027407684696,2.247335113152681,0.0,1.9692547748596918,0.0,0.0,0.0
reset,497.592,2.239027407684696,2.247335113152681,0.0,1.9692547748596918,0.0,0.0,0.0
reset,497.628,2.239027407684696,2.247335113152681,0.0,1.9692547748596918,0.0,0.0,0.0
reset,497.664,2.239027407684696,2.247335113152681,0.0,1.9692547748596918,0.0,0.0,0.0
reset,497.7,2.239027407684696,2.247335113152681,0.0,1.9692547748596918,0.0,0.0,0.0
reset,497.736,2.239027407684696,2.247335113152681,0.0,1.9692547748596918,0.0,0.0,0.0
reset,497.772,2.239027407684696,2.247335113152681,0.0,1.9692547748596918,0.0,0.0,0.0
reset,497.808,2.239027407684696,2.247335113152681,0.0,1.9692547748596918,0.0,0.0,0.0
reset,497.844,2.239027407684696,2.247335113152681,0.0,1.9692547748596918,0.0,0.0,0.0
reset,497.88,2.239027407684696,2.247335113152681,0.0,1.9692547748596918,0.0,0.0,0.0
reset,497.916,2.239027407684696,2.247335113152681,0.0,1.9692547748596918,0.0,0.0,0.0
reset,497.952,2.239027407684696,2.247335113152681,0.0,1.9692547748596918,0.0,0.0,0.0
reset,497.988,2.239027407684696,2.247335113152681,0.0,1.9692547748596918,0.0,0.0,0.0
reset,498.024,2.239027407684696,2.247335113152681,0.0,1.9692547748596918,0.0,0.0,0.0
reset,498.06,2.239027407684696,2.247335113152681,0.0,1.9692547748596918,0.0,0.0,0.0
reset,498.096,2.239027407684696,2.247335113152681,0.0,1.9692547748596918,0.0,0.0,0.0
reset,498.132,2.239027407684696,2.247335113152681,0.0,1.9692547748596918,0.0,0.0,0.0
reset,498.168,2.239027407684696,2.247335113152681,0.0,1.9692547748596918,0.0,0.0,0.0
reset,498.204,2.239027407684696,2.247335113152681,0.0,1.9692547748596918,0.0,0.0,0.0
reset,498.24,2.239027407684696,2.247335113152681,0.0,1.9692547748596918,0.0,0.0,0.0
reset,498.276,2.239027407684696,2.247335113152681,0.0,1.9692547748596918,0.0,0.0,0.0
reset,498.312,2.239027407684696,2.247335113152681,0.0,1.9692547748596918,0.0,0.0,0.0
reset,498.348,2.239027407684696,2.247335113152681,0.0,1.9692547748596918,0.0,0.0,0.0
reset,498.384,2.239027407684696,2.247335113152681,0.0,1.9692547748596918,0.0,0.0,0.0
reset,498.42,2.239027407684696,2.247335113152681,0.0,1.9692547748596918,0.0,0.0,0.0
reset,498.456,2.239027407684696,2.247335113152681,0.0,1.9692547748596918,0.0,0.0,0.0
reset,498.492,2.239027407684696,2.247335113152681,0.0,1.9692547748596918,0.0,0.0,0.0
reset,498.528,2.239027407684696,2.247335113152681,0.0,1.9692547748596918,0.0,0.0,0.0
arc_right_2,498.564,2.239027407684696,2.247335113152681,0.0,1.9692547748596918,0.0,0.0,0.0
arc_right_2,498.6,2.239027407684696,2.247335113152681,0.0,1.9692547748596918,0.0,0.0,0.0
arc_right_2,498.636,2.239027407684696,2.247335113152681,0.0,1.9692547748596918,0.0,0.0,0.0
arc_right_2,498.672,2.239027407684696,2.247335113152681,0.0,1.9692547748596918,0.0,0.0,0.0
arc_right_2,498.708,2.239027407684696,2.247335113152681,0.0,1.9692547748596918,0.0,0.0,0.0
arc_right_2,498.744,2.239027407684696,2.247335113152681,0.0,1.9692547748596918,0.0,0.0,0.0
arc_right_2,498.78,2.239027407684696,2.247335113152681,0.0,1.9692547748596918,0.0,0.0,0.0
arc_right_2,498.816,2.239027407684696,2.247335113152681,0.0,1.9692547748596918,0.0,0.0,0.0
arc_right_2,498.852,2.239027407684696,2.247335113152681,0.0,1.9692547748596918,0.0,0.0,0.0
arc_right_2,498.888,2.239027407684696,2.247335113152681,0.0,1.9692547748596918,0.0,0.0,0.0
arc_right_2,498.924,2.239027407684696,2.247335113152681,0.0,1.9692547748596918,0.0,0.0,0.0
arc_right_2,498.96,2.239027407684696,2.247335113152681,0.0,1.9692547748596918,0.0,0.0,0.0
arc_right_2,498.996,2.239027407684696,2.247335113152681,0.0,1.9692547748596918,0.0,0.0,0.0
arc_right_2,499.032,2.239027407684696,2.247335113152681,0.0,1.9692547748596918,0.0,0.0,0.0
arc_right_2,499.068,2.239027407684696,2.247335113152681,0.0,1.9692547748596918,0.0,0.0,0.0
arc_right_2,499.104,2.239027407684696,2.247335113152681,0.0,1.9692547748596918,0.0,0.0,0.0
arc_right_2,499.14,2.239027407684696,2.247335113152681,0.0,1.9692547748596918,0.0,0.0,0.0
arc_right_2,499.176,2.239027407684696,2.247335113152681,0.0,1.9692547748596918,0.0,0.0,0.0
arc_right_2,499.212,2.239027407684696,2.247335113152681,0.0,1.9692547748596918,0.0,0.0,0.0
arc_right_2,499.248,2.239027407684696,2.247335113152681,0.0,1.9692547748596918,0.0,0.0,0.0
arc_right_2,499.284,2.239027407684696,2.247335113152681,0.0,1.9692547748596918,0.0,0.0,0.0
arc_right_2,499.32,2.239027407684696,2.247335113152681,0.0,1.9692547748596918,0.0,0.0,0.0
arc_right_2,499.356,2.239027407684696,2.247335113152681,0.0,1.9692547748596918,0.0,0.0,0.0
arc_right_2,499.392,2.239027407684696,2.247335113152681,0.0,1.9692547748596918,0.0,0.0,0.0
arc_right_2,499.428,2.239027407684696,2.247335113152681,0.0,1.9692547748596918,0.0,0.0,0.0
arc_right_2,499.464,2.239027407684696,2.247335113152681,0.0,1.9692547748596918,0.0,0.0,0.0
arc_right_2,499.5,2.239027407684696,2.247335113152681,0.0,1.9692547748596918,0.0,0.0,0.0
arc_right_2,499.536,2.239027407684696,2.247335113152681,0.0,1.9692547748596918,0.0,0.0,0.0
arc_right_2,499.572,2.2390261855066536,2.2473380163888574,0.0,1.96924397486307,0.00010499999715622248,0.0,-0.00035999988739801483
arc_right_2,499.608,2.238916317896403,2.247599361660996,0.0,1.968271974903834,0.008924999969265695,0.0,-0.030599998866735183
arc_right_2,499.644,2.2386318514593966,2.2482793579589577,0.0,1.96574477494505,0.021524999965638614,0.0,-0.07379999885414036
arc_right_2,499.68,2.23817597187844,2.2493793007733616,0.0,1.961662565036919,0.03412410229140702,0.0,-0.11699366383479545
arc_right_2,499.716,2.237554929522672,2.250898541992879,0.0,1.956046289452131,0.04662737778294475,0.0,-0.1595110632473234
arc_right_2,499.752,2.2367788120005536,2.2528321372903575,0.0,1.9489547821710447,0.058892142481766406,0.0,-0.2003452531195724
arc_right_2,499.788,2.235859440384091,2.2551753393047473,0.0,1.9404494285614629,0.0709158360543934,0.0,-0.23947816475390288
arc_right_2,499.824,2.2348088658619534,2.257927033957569,0.0,1.9305924782750934,0.08281209552198908,0.0,-0.2768717531616857
arc_right_2,499.86,2.2336109810464873,2.2611652589377287,0.0,1.9198348142892288,0.09709538146212005,0.0,-0.29979097706979363
arc_right_2,499.896,2.232293256294722,2.264848945154213,0.0,1.9090348143029174,0.10972499994005662,0.0,-0.29999999961976137
arc_right_2,499.932,2.230867188760604,2.26897535146838,0.0,1.8982348143165997,0.12232499993645914,0.0,-0.2999999996199703
arc_right_2,499.968,2.2293422046006035,2.273547197696293,0.0,1.887434814330284,0.13492499993280244,0.0,-0.2999999996199703
arc_right_2,500.004,2.227731035837758,2.2785567553715955,0.0,1.8766348143439677,0.14716499993492338,0.0,-0.2999999996198136
arc_right_2,500.04,2.2261329725652916,2.283714847104548,0.0,1.865834814357686,0.1499999999548714,0.0,-0.2999999996189256
arc_right_2,500.076,2.224590708798668,2.2888898967683238,0.0,1.8550348143713857,0.14999999995496022,0.0,-0.29999999961955237
arc_right_2,500.112,2.2231044244257854,2.2940813007509977,0.0,1.8442348143850773,0.14999999995497504,0.0,-0.29999999961965684
arc_right_2,500.148,2.221674292805168,2.2992884535330944,0.0,1.8334348143987675,0.149999999954975,0.0,-0.29999999961965684
arc_right_2,500.184,2.220300480745744,2.3045107477582194,0.0,1.822634814412461,0.14999999995496766,0.0,-0.29999999961960466
arc_right_2,500.22,2.218983148487396,2.3097475743038967,0.0,1.8118348144261527,0.14999999995497504,0.0,-0.29999999961965684
arc_right_2,500.256,2.217722449682264,2.314998322352617,0.0,1.801034814439846,0.14999999995497507,0.0,-0.29999999961965684
arc_right_2,500.292,2.216518531376827,2.320262379463082,0.0,1.7902348144535363,0.14999999995495283,0.0,-0.2999999996197091
arc_right_2,500.328,2.2153715339947517,2.325539131641639,0.0,1.7794348144672283,0.14999999995497504,0.0,-0.2999999996196569
arc_right_2,500.364,2.214281591320511,2.330827963413899,0.0,1.7686348144809216,0.14999999995497507,0.0,-0.29999999961965684
arc_right_2,500.4,2.2132488304837827,2.3361282578965215,0.0,1.7578348144946148,0.14999999995496763,0.0,-0.2999999996196046
arc_right_2,500.436,2.21227337194462,2.3414393968691685,0.0,1.7470348145083034,0.14999999995496024,0.0,-0.29999999961976137
arc_right_2,500.472,2.2113553294794,2.3467607608466134,0.0,1.7362348145219968,0.149999999954975,0.0,-0.29999999961965684
arc_right_2,500.508,2.210494810167555,2.3520917291509966,0.0,1.7254348145356901,0.14999999995496766,0.0,-0.2999999996196046
arc_right_2,500.544,2.209691914379082,2.357431679984221,0.0,1.7146348145493822,0.149999999954975,0.0,-0.29999999961965684
arc_right_2,500.58,2.208946735762835,2.3627799905004734,0.0,1.7038348145630062,0.14999999995488625,0.0,-0.2999999996219552
arc_right_2,500.616,2.208259361235605,2.3681360368788797,0.0,1.6930348145764937,0.14999999995476782,0.0,-0.2999999996252981
arc_right_2,500.652,2.2076298709719757,2.373499194396268,0.0,1.6822348145899797,0.1499999999547752,0.0,-0.29999999962535034
arc_right_2,500.688,2.2070583383949782,2.3788688375000273,0.0,1.6714348146034745,0.14999999995473076,0.0,-0.299999999625037
arc_right_2,500.724,2.206544830167524,2.3842443398810715,0.0,1.660634814616989,0.1499999999546716,0.0,-0.2999999996246191
arc_right_2,500.76,2.2060894061846303,2.3896250745469025,0.0,1.6498348146305033,0.1499999999546716,0.0,-0.2999999996246191
arc_right_2,500.796,2.2056921195664336,2.3950104138947315,0.0,1.6390348146440197,0.14999999995466418,0.0,-0.29999999962456686
arc_right_2,500.832,2.2053530166519946,2.400399729784684,0.0,1.628234814657534,0.14999999995466418,0.0,-0.29999999962456686
arc_right_2,500.868,2.205072136993893,2.405792393613066,0.0,1.6174348146710484,0.14999999995466418,0.0,-0.29999999962456686
arc_right_2,500.904,2.2048495133536137,2.4111877763856837,0.0,1.6066348146845595,0.14999999995464935,0.0,-0.2999999996246713
arc_right_2,500.94,2.204685171697726,2.4165852487912063,0.0,1.5958348146980157,0.14999999995456798,0.0,-0.29999999962660395
arc_right_2,500.976,2.2045791311948544,2.421984181274565,0.0,1.585034814711225,0.14999999995427188,0.0,-0.2999999996330809
arc_right_2,501.012,2.204531404213444,2.4273839441104084,0.0,1.5742348147244336,0.14999999995427188,0.0,-0.2999999996330809
arc_right_2,501.048,2.2045419963203154,2.4327839074765234,0.0,1.5634348147376393,0.1499999999542571,0.0,-0.29999999963318535
arc_right_2,501.084,2.2046109062800174,2.438183441527307,0.0,1.5526348147508466,0.1499999999542645,0.0,-0.29999999963323754
arc_right_2,501.12,2.20473812605497,2.4435819164672306,0.0,1.5418348147640555,0.14999999995427188,0.0,-0.2999999996330809
arc_right_2,501.156,2.204923640806404,2.4489787026242977,0.0,1.5310348147772612,0.14999999995425708,0.0,-0.29999999963318535
arc_right_2,501.192,2.2051674288960883,2.4543731705234926,0.0,1.52023481479047,0.1499999999542571,0.0,-0.29999999963318535
arc_right_2,501.228,2.205469461888857,2.4597646909601965,0.0,1.509434814803679,0.14999999995427188,0.0,-0.2999999996330808
arc_right_2,501.264,2.2058297045559243,2.4651526350735797,0.0,1.4986348148168829,0.14999999995425708,0.0,-0.29999999963318535
arc_right_2,501.3,2.2062481148789934,2.470536374419951,0.0,1.487834814830092,0.1499999999542571,0.0,-0.29999999963318535
arc_right_2,501.336,2.2067246440551593,2.475915281046058,0.0,1.477034814843301,0.14999999995427188,0.0,-0.2999999996330808
arc_right_2,501.372,2.2072592365026,2.4812887275623314,0.0,1.4662348148565068,0.1499999999542571,0.0,-0.29999999963318535
arc_right_2,501.408,2.2078518298670566,2.4866560872160646,0.0,1.4554348148697138,0.1499999999542571,0.0,-0.29999999963318535
arc_right_2,501.444,2.208502355029113,2.4920167339645127,0.0,1.4446348148829227,0.14999999995427188,0.0,-0.2999999996330809
arc_right_2,501.48,2.2092107361122504,2.4973700425479155,0.0,1.4338348148961488,0.14999999995416086,0.0,-0.29999999963250634
arc_right_2,501.516,2.209976890491703,2.5027153885624336,0.0,1.4230348149093823,0.14999999995416088,0.0,-0.2999999996325063
arc_right_2,501.552,2.210800728804094,2.50805214853297,0.0,1.4122348149226176,0.14999999995416827,0.0,-0.29999999963234963
arc_right_2,501.588,2.211682154957856,2.5133796999858933,0.0,1.4014348149358484,0.1499999999541535,0.0,-0.29999999963245405
arc_right_2,501.624,2.212621066144442,2.5186974215216438,0.0,1.3906348149490821,0.14999999995415347,0.0,-0.29999999963245405
arc_right_2,501.66,2.2136173528503154,2.524004692887212,0.0,1.3798348149623156,0.1499999999541683,0.0,-0.2999999996323496
arc_right_2,501.696,2.2146708988697252,2.529300895048484,0.0,1.3690348149755462,0.1499999999541535,0.0,-0.29999999963245405
arc_right_2,501.732,2.215781581318259,2.534585410262446,0.0,1.3582348149887802,0.14999999995416086,0.0,-0.29999999963250634
arc_right_2,501.768,2.2169492706471745,2.5398576221492375,0.0,1.3474348150020137,0.14999999995417568,0.0,-0.2999999996324018
arc_right_2,501.804,2.2181738306585137,2.5451169157640403,0.0,1.3366348150152476,0.14999999995417568,0.0,-0.29999999963240187
arc_right_2,501.84,2.2194551185209836,2.5503626776688133,0.0,1.325834815028478,0.14999999995416088,0.0,-0.2999999996325063
arc_right_2,501.876,2.2207929847866223,2.5555942960038363,0.0,1.3150348150417117,0.14999999995417565,0.0,-0.29999999963240187
arc_right_2,501.912,2.2221872734082253,2.5608111605590786,0.0,1.3042348150549452,0.14999999995417568,0.0,-0.29999999963240187
arc_right_2,501.948,2.2236378217575505,2.566012662845375,0.0,1.293434815068176,0.14999999995416086,0.0,-0.29999999963250634
arc_right_2,501.984,2.2251444606442816,2.571198196165398,0.0,1.2826348150814113,0.14999999995415345,0.0,-0.2999999996324541
arc_right_2,502.02,2.2267070143357683,2.5763671556844203,0.0,1.2718348150946448,0.1499999999541683,0.0,-0.2999999996323496
arc_right_2,502.056,2.22832530057752,2.581518938500867,0.0,1.2610348151078759,0.14999999995415347,0.0,-0.29999999963245405
arc_right_2,502.092,2.229999130614464,2.586652943716633,0.0,1.2502348151211093,0.14999999995415347,0.0,-0.2999999996324541
arc_right_2,502.128,2.231728309212963,2.5917685725071693,0.0,1.2394348151343428,0.14999999995416827,0.0,-0.2999999996323496
arc_right_2,502.164,2.2335126346835867,2.596865228191337,0.0,1.2286348151475737,0.14999999995416088,0.0,-0.2999999996325063
arc_right_2,502.2,2.2353518989046357,2.6019423163009967,0.0,1.2178348151608076,0.14999999995416086,0.0,-0.29999999963250634
arc_right_2,502.236,2.2372458873464165,2.606999244650349,0.0,1.207034815174041,0.14999999995417568,0.0,-0.2999999996324018
arc_right_2,502.272,2.2391943790962654,2.6120354234050054,0.0,1.1962348151872717,0.14999999995416088,0.0,-0.2999999996325063
arc_right_2,502.308,2.2411971468843137,2.617050265150788,0.0,1.1854348152005054,0.14999999995416086,0.0,-0.29999999963250634
arc_right_2,502.344,2.243253957109999,2.62204318496224,0.0,1.1746348152137394,0.14999999995417568,0.0,-0.2999999996324018
arc_right_2,502.38,2.2453645698693085,2.627013600470858,0.0,1.1638348152269697,0.14999999995416086,0.0,-0.29999999963250634
arc_right_2,502.416,2.247528738982763,2.631960931933015,0.0,1.1530348152402037,0.14999999995416086,0.0,-0.29999999963250634
arc_right_2,502.452,2.2497462120241316,2.636884602297579,0.0,1.1422348152534374,0.14999999995417565,0.0,-0.29999999963240187
arc_right_2,502.488,2.252016730349873,2.6417840372732204,0.0,1.1314348152666678,0.14999999995416086,0.0,-0.29999999963250634
arc_right_2,502.524,2.254340029129305,2.646658665395402,0.0,1.1206348152799017,0.14999999995416086,0.0,-0.29999999963250634
arc_right_2,502.56,2.256715837375493,2.651507918093027,0.0,1.1098348152931352,0.14999999995417565,0.0,-0.29999999963240187
arc_right_2,502.596,2.2591438779768565,2.6563312297547594,0.0,1.0990348153063658,0.14999999995416086,0.0,-0.29999999963250634
arc_right_2,502.632,2.261623867729494,2.6611280377949966,0.0,1.0882348153195995,0.14999999995416086,0.0,-0.29999999963250634
arc_right_2,502.668,2.2641555173702135,2.665897782719489,0.0,1.0774348153328364,0.14999999995416086,0.0,-0.2999999996322974
arc_right_2,502.704,2.266738531610271,2.6706399081905974,0.0,1.0666348153460703,0.14999999995416086,0.0,-0.2999999996322974
arc_right_2,502.74,2.269372609169814,2.6753538610921845,0.0,1.0558348153593007,0.1499999999541461,0.0,-0.2999999996324018
arc_right_2,502.776,2.272057442813024,2.68003909159413,0.0,1.0450348153725344,0.14999999995416086,0.0,-0.2999999996322974
arc_right_2,502.812,2.2747927193839503,2.68469505321646,0.0,1.0342348153857683,0.14999999995416086,0.0,-0.2999999996322974
arc_right_2,502.848,2.277578119843035,2.6893212028930926,0.0,1.023434815398999,0.14999999995416086,0.0,-0.2999999996325063
arc_right_2,502.884,2.280413319304328,2.693917001035175,0.0,1.0126348154122327,0.14999999995416086,0.0,-0.29999999963250634
arc_right_2,502.92,2.283297987073378,2.6984819115940244,0.0,1.0018348154254662,0.14999999995417568,0.0,-0.29999999963240187
arc_right_2,502.956,2.2862317866858075,2.7030154021236488,0.0,0.9910348154386956,0.14999999995416086,0.0,-0.2999999996325063
arc_right_2,502.992,2.289214375946557,2.707516943842854,0.0,0.980234815451928,0.14999999995416086,0.0,-0.29999999963250634
arc_right_2,503.028,2.2922454069697986,2.711986011696919,0.0,0.9694348154651604,0.14999999995417568,0.0,-0.29999999963240187
arc_right_2,503.064,2.295324526219509,2.7164220844188365,0.0,0.9586348154783898,0.14999999995416088,0.0,-0.2999999996325063
arc_right_2,503.1,2.2984513745507127,2.720824644590116,0.0,0.9478348154916221,0.14999999995416086,0.0,-0.29999999963250634
arc_right_2,503.136,2.3016255872513653,2.7251931787011308,0.0,0.9370348155048545,0.14999999995417568,0.0,-0.2999999996324018
arc_right_2,503.172,2.3048467940848965,2.7295271772110166,0.0,0.9262348155180838,0.14999999995416088,0.0,-0.2999999996325063
arc_right_2,503.208,2.3081146193333946,2.7338261346071033,0.0,0.9154348155313161,0.14999999995416086,0.0,-0.29999999963250634
arc_right_2,503.244,2.311428681841428,2.7380895494638735,0.0,0.9046348155445484,0.14999999995417568,0.0,-0.2999999996324018
arc_right_2,503.28,2.3147885950605045,2.742316924501453,0.0,0.8938348155577779,0.14999999995416086,0.0,-0.29999999963250634
arc_right_2,503.316,2.3181939670941576,2.746507766643613,0.0,0.8830348155710102,0.14999999995416086,0.0,-0.29999999963250634
arc_right_2,503.352,2.3216444007436547,2.7506615870752795,0.0,0.8722348155842645,0.14999999995427932,0.0,-0.29999999963167057
arc_right_2,503.388,2.325139493554328,2.7547779012995464,0.0,0.8614348155975191,0.1499999999542645,0.0,-0.29999999963177504
arc_right_2,503.424,2.3286788378625136,2.75885622919419,0.0,0.8506348156107766,0.1499999999542645,0.0,-0.29999999963177504
arc_right_2,503.46,2.332262020843107,2.7628960950676706,0.0,0.8398348156240342,0.1499999999542645,0.0,-0.29999999963177504
arc_right_2,503.496,2.335888624557707,2.7668970277146143,0.0,0.8290348156372918,0.1499999999542645,0.0,-0.29999999963177504
arc_right_2,503.532,2.33955822600337,2.770858560470772,0.0,0.8182348156505495,0.1499999999542645,0.0,-0.29999999963177504
arc_right_2,503.568,2.343270397161945,2.774780231267458,0.0,0.8074348156638069,0.14999999995427932,0.0,-0.29999999963167057
arc_right_2,503.604,2.347024705049997,2.778661582685435,0.0,0.7966348156770645,0.14999999995424967,0.0,-0.29999999963167057
arc_right_2,503.64,2.3508207117693116,2.782502162008277,0.0,0.7858348156903221,0.14999999995424967,0.0,-0.29999999963167057
arc_right_2,503.676,2.3546579745579703,2.7863015212751683,0.0,0.7750348157035671,0.1499999999543089,0.0,-0.29999999963208845
arc_right_2,503.712,2.358536045841995,2.790059217333152,0.0,0.7642348157167997,0.1499999999543681,0.0,-0.29999999963250634
arc_right_2,503.748,2.3624544732875457,2.793774811888821,0.0,0.7534348157300323,0.1499999999543681,0.0,-0.29999999963250634
arc_right_2,503.784,2.3664127998536904,2.7974478715594384,0.0,0.7426348157432647,0.14999999995436814,0.0,-0.2999999996322974
arc_right_2,503.82,2.3704105638457054,2.8010779679234896,0.0,0.731834815756494,0.1499999999543533,0.0,-0.2999999996324018
arc_right_2,503.856,2.374447298968939,2.804664677570657,0.0,0.7210348157698928,0.14999999995457536,0.0,-0.2999999996268651
arc_right_2,503.892,2.3785225343831815,2.8082075821511947,0.0,0.7102348157834047,0.149999999954679,0.0,-0.2999999996246713
arc_right_2,503.928,2.382635794757591,2.8117062684247247,0.0,0.6994348157969192,0.14999999995466418,0.0,-0.29999999962456686
arc_right_2,503.964,2.3867866003261433,2.81516032830845,0.0,0.6886348158104312,0.14999999995467897,0.0,-0.2999999996246713
arc_right_2,504.0,2.390974466943583,2.8185693589247407,0.0,0.6778348158239429,0.14999999995464935,0.0,-0.2999999996246713
arc_right_2,504.036,2.3951989061418972,2.8219329626481335,0.0,0.6670348158374547,0.14999999995466415,0.0,-0.29999999962477575
arc_right_2,504.072,2.3994594251872887,2.825250747151704,0.0,0.6562348158509694,0.14999999995464935,0.0,-0.2999999996246713
arc_right_2,504.108,2.4037555271376476,2.8285223254528304,0.0,0.6454348158644811,0.14999999995466415,0.0,-0.29999999962477575
arc_right_2,504.144,2.4080867109005135,2.831747315958329,0.0,0.6346348158779959,0.14999999995464935,0.0,-0.2999999996246713
arc_right_2,504.18,2.4124524712915276,2.834925342508967,0.0,0.6238348158915578,0.14999999995476782,0.0,-0.29999999962299995
arc_right_2,504.216,2.4168522990933488,2.838056034423332,0.0,0.6130348159052262,0.14999999995487143,0.0,-0.2999999996203882
arc_right_2,504.252,2.4212856811150494,2.841139026541068,0.0,0.6022348159188917,0.1499999999548714,0.0,-0.2999999996203882
arc_right_2,504.288,2.425752100251977,2.8441739592654702,0.0,0.5914348159325601,0.14999999995485663,0.0,-0.2999999996202837
arc_right_2,504.324,2.430251035546069,2.847160478605426,0.0,0.5806348159462255,0.14999999995487143,0.0,-0.2999999996203882
arc_right_2,504.36,2.4347819622466136,2.8500982362167084,0.0,0.5698348159598908,0.1499999999548714,0.0,-0.29999999962038815
arc_right_2,504.396,2.4393443518714597,2.8529868894426,0.0,0.5590348159735593,0.14999999995487143,0.0,-0.2999999996203882
arc_right_2,504.432,2.443937672268654,2.855826101353865,0.0,0.5482348159872247,0.14999999995487143,0.0,-0.29999999962038815
arc_right_2,504.468,2.4485613876785157,2.858615540788045,0.0,0.5374348160008932,0.1499999999548714,0.0,-0.2999999996203882
arc_right_2,504.504,2.4532149587961234,2.8613548823880888,0.0,0.5266348160145616,0.14999999995485663,0.0,-0.2999999996202837
arc_right_2,504.54,2.457897842834218,2.8640438066402973,0.0,0.515834816028224,0.14999999995487143,0.0,-0.2999999996203882
arc_right_2,504.576,2.462609493586516,2.8666819999115956,0.0,0.5050348160418924,0.14999999995487143,0.0,-0.2999999996203882
arc_right_2,504.612,2.4673493614914177,2.869269154486113,0.0,0.4942348160555578,0.1499999999548714,0.0,-0.2999999996203882
arc_right_2,504.648,2.472116893696103,2.871804968601072,0.0,0.483434816069245,0.14999999995478258,0.0,-0.29999999961976137
arc_right_2,504.684,2.4769115341210224,2.87428914648199,0.0,0.4726348160829382,0.14999999995476782,0.0,-0.29999999961965684
arc_right_2,504.72,2.4817327235247553,2.8767213983771787,0.0,0.4618348160966284,0.14999999995476782,0.0,-0.29999999961965684
arc_right_2,504.756,2.4865798995692385,2.8791014405915343,0.0,0.45103481611032176,0.14999999995476782,0.0,-0.29999999961965684
arc_right_2,504.792,2.4914524968853526,2.881428995519631,0.0,0.4402348161240121,0.14999999995476782,0.0,-0.29999999961965684
arc_right_2,504.828,2.496349947138875,2.8837037916781028,0.0,0.4294348161377054,0.14999999995476782,0.0,-0.29999999961965684
arc_right_2,504.864,2.5012716790967597,2.8859255637373047,0.0,0.41863481615139875,0.14999999995476782,0.0,-0.29999999961965684
arc_right_2,504.9,2.5062171186937734,2.888094052552264,0.0,0.407834816165089,0.14999999995476782,0.0,-0.29999999961965684
arc_right_2,504.936,2.5111856890994497,2.890209005192905,0.0,0.39703481617878233,0.14999999995476782,0.0,-0.29999999961965684
arc_right_2,504.972,2.516176810785371,2.8922701749735475,0.0,0.38623481619247263,0.14999999995476782,0.0,-0.29999999961965684
arc_right_2,505.008,2.521189901592765,2.8942773214816877,0.0,0.375434816206166,0.14999999995476782,0.0,-0.29999999961965684
arc_right_2,505.044,2.5262243768004042,2.896230210606033,0.0,0.36463481621985927,0.14999999995476782,0.0,-0.29999999961965684
arc_right_2,505.08,2.5312796491928093,2.89812861456381,0.0,0.3538348162335495,0.14999999995476782,0.0,-0.29999999961965684
arc_right_2,505.116,2.536355129128741,2.899972311927334,0.0,0.34303481624724286,0.14999999995476782,0.0,-0.29999999961965684
arc_right_2,505.152,2.541450224609976,2.9017610876498368,0.0,0.3322348162609331,0.14999999995476782,0.0,-0.29999999961965684
arc_right_2,505.188,2.546564341350356,2.9034947330905445,0.0,0.3214348162746265,0.14999999995476782,0.0,-0.29999999961965684
arc_right_2,505.224,2.551696882845104,2.90517304603902,0.0,0.31063481628831985,0.14999999995476782,0.0,-0.29999999961965684
arc_right_2,505.26,2.556847250440399,2.9067958307387447,0.0,0.2998348163020101,0.14999999995476782,0.0,-0.29999999961965684
arc_right_2,505.296,2.5620148434032055,2.90836289790995,0.0,0.2890348163157035,0.14999999995476782,0.0,-0.29999999961965684
arc_right_2,505.332,2.5671990589913407,2.909874064771699,0.0,0.2782348163293936,0.14999999995476782,0.0,-0.29999999961965684
arc_right_2,505.368,2.5723992925237815,2.9113291550632043,0.0,0.26743481634310906,0.14999999995487143,0.0,-0.29999999961892565
arc_right_2,505.404,2.577614937451182,2.912727999064382,0.0,0.25663481635682756,0.14999999995487143,0.0,-0.29999999961892565
arc_right_2,505.44,2.582845385426636,2.9140704336156564,0.0,0.24583481637052107,0.14999999995496022,0.0,-0.29999999961976137
arc_right_2,505.476,2.588090026376621,2.915356302136982,0.0,0.23503481638421475,0.14999999995497504,0.0,-0.29999999961965684
arc_right_2,505.512,2.5933482485721644,2.916585454646113,0.0,0.2242348163979084,0.149999999954975,0.0,-0.29999999961965684
arc_right_2,505.548,2.598619438700189,2.9177577477760948,0.0,0.21343481641160197,0.149999999954975,0.0,-0.29999999961965684
arc_right_2,505.584,2.6038434691219727,2.9188608466980663,0.0,0.20279681642374403,0.14797499996700064,0.0,-0.294599999671271
arc_right_2,505.62,2.6085898652572004,2.919813633961771,0.0,0.19348721642416122,0.1331249999956263,0.0,-0.25500000004075496
arc_right_2,505.656,2.6127714766310812,2.9206159729166483,0.0,0.18573281641003825,0.11692500000288024,0.0,-0.21180000043998218
arc_right_2,505.692,2.6163850879326866,2.9212831986192724,0.0,0.17953361637681198,0.10072500000311753,0.0,-0.16860000092403654
arc_right_2,505.728,2.619428200050457,2.921828013872917,0.0,0.17488961634314232,0.08452500000781053,0.0,-0.12540000093642242
arc_right_2,505.764,2.6218989378877007,2.9222604701046304,0.0,0.17180081630885688,0.06832500001235549,0.0,-0.08220000095424061
arc_right_2,505.8,2.623795978709485,2.9225879535161514,0.0,0.17026721627375202,0.05212500001681164,0.0,-0.03900000097769999
arc_right_2,505.836,2.6251185079593586,2.922815136240875,0.0,0.17008361625484705,0.03592500002150463,0.0,-0.0026400004334276622
arc_right_2,505.872,2.625866260387446,2.922943557413976,0.0,0.17008361625484394,0.019725000026212434,0.0,-1.0446699831805755e-13
arc_right_2,505.908,2.626050315701087,2.9229751676079454,0.0,0.17008361625485963,0.003900000024836814,0.0,5.223349915902877e-13
arc_right_2,505.944,2.6260503157010713,2.9229751676079423,0.0,0.170083616254869,-2.516505522483688e-13,0.0,1.0446699831805755e-13
arc_right_2,505.98,2.6260503157010713,2.9229751676079423,0.0,0.170083616254869,0.0,0.0,0.0
arc_right_2,506.016,2.6260503157010713,2.9229751676079423,0.0,0.170083616254869,0.0,0.0,0.0
arc_right_2,506.052,2.6260503157010713,2.9229751676079423,0.0,0.170083616254869,0.0,0.0,0.0
arc_right_2,506.088,2.6260503157010713,2.9229751676079423,0.0,0.170083616254869,0.0,0.0,0.0
arc_right_2,506.124,2.6260503157010713,2.9229751676079423,0.0,0.170083616254869,0.0,0.0,0.0
arc_right_2,506.16,2.6260503157010713,2.9229751676079423,0.0,0.170083616254869,0.0,0.0,0.0
arc_right_2,506.196,2.6260503157010713,2.9229751676079423,0.0,0.170083616254869,0.0,0.0,0.0
arc_right_2,506.232,2.6260503157010713,2.9229751676079423,0.0,0.170083616254869,0.0,0.0,0.0
arc_right_2,506.268,2.6260503157010713,2.9229751676079423,0.0,0.170083616254869,0.0,0.0,0.0
arc_right_2,506.304,2.6260503157010713,2.9229751676079423,0.0,0.170083616254869,0.0,0.0,0.0
arc_right_2,506.34,2.6260503157010713,2.9229751676079423,0.0,0.170083616254869,0.0,0.0,0.0
arc_right_2,506.376,2.6260503157010713,2.9229751676079423,0.0,0.170083616254869,0.0,0.0,0.0
arc_right_2,506.412,2.6260503157010713,2.9229751676079423,0.0,0.170083616254869,0.0,0.0,0.0
arc_right_2,506.448,2.6260503157010713,2.9229751676079423,0.0,0.170083616254869,0.0,0.0,0.0
arc_right_2,506.484,2.6260503157010713,2.9229751676079423,0.0,0.170083616254869,0.0,0.0,0.0
arc_right_2,506.52,2.6260503157010713,2.9229751676079423,0.0,0.170083616254869,0.0,0.0,0.0
arc_right_2,506.556,2.6260503157010713,2.9229751676079423,0.0,0.170083616254869,0.0,0.0,0.0
arc_right_2,506.592,2.6260503157010713,2.9229751676079423,0.0,0.170083616254869,0.0,0.0,0.0
arc_right_2,506.628,2.6260503157010713,2.9229751676079423,0.0,0.170083616254869,0.0,0.0,0.0
arc_right_2,506.664,2.6260503157010713,2.9229751676079423,0.0,0.170083616254869,0.0,0.0,0.0
arc_right_2,506.7,2.6260503157010713,2.9229751676079423,0.0,0.170083616254869,0.0,0.0,0.0
arc_right_2,506.736,2.6260503157010713,2.9229751676079423,0.0,0.170083616254869,0.0,0.0,0.0
arc_right_2,506.772,2.6260503157010713,2.9229751676079423,0.0,0.170083616254869,0.0,0.0,0.0
arc_right_2,506.808,2.6260503157010713,2.9229751676079423,0.0,0.170083616254869,0.0,0.0,0.0
arc_right_2,506.844,2.6260503157010713,2.9229751676079423,0.0,0.170083616254869,0.0,0.0,0.0
arc_right_2,506.88,2.6260503157010713,2.9229751676079423,0.0,0.170083616254869,0.0,0.0,0.0
arc_right_2,506.916,2.6260503157010713,2.9229751676079423,0.0,0.170083616254869,0.0,0.0,0.0
arc_right_2,506.952,2.6260503157010713,2.9229751676079423,0.0,0.170083616254869,0.0,0.0,0.0
arc_right_2,506.988,2.6260503157010713,2.9229751676079423,0.0,0.170083616254869,0.0,0.0,0.0
arc_right_2,507.024,2.6260503157010713,2.9229751676079423,0.0,0.170083616254869,0.0,0.0,0.0
arc_right_2,507.06,2.6260503157010713,2.9229751676079423,0.0,0.170083616254869,0.0,0.0,0.0
arc_right_2,507.096,2.6260503157010713,2.9229751676079423,0.0,0.170083616254869,0.0,0.0,0.0
arc_right_2,507.132,2.6260503157010713,2.9229751676079423,0.0,0.170083616254869,0.0,0.0,0.0
arc_right_2,507.168,2.6260503157010713,2.9229751676079423,0.0,0.170083616254869,0.0,0.0,0.0
arc_right_2,507.204,2.6260503157010713,2.9229751676079423,0.0,0.170083616254869,0.0,0.0,0.0
arc_right_2,507.24,2.6260503157010713,2.9229751676079423,0.0,0.170083616254869,0.0,0.0,0.0
arc_right_2,507.276,2.6260503157010713,2.9229751676079423,0.0,0.170083616254869,0.0,0.0,0.0
arc_right_2,507.312,2.6260503157010713,2.9229751676079423,0.0,0.170083616254869,0.0,0.0,0.0
arc_right_2,507.348,2.6260503157010713,2.9229751676079423,0.0,0.170083616254869,0.0,0.0,0.0
arc_right_2,507.384,2.6260503157010713,2.9229751676079423,0.0,0.170083616254869,0.0,0.0,0.0
arc_right_2,507.42,2.6260503157010713,2.9229751676079423,0.0,0.170083616254869,0.0,0.0,0.0
arc_right_2,507.456,2.6260503157010713,2.9229751676079423,0.0,0.170083616254869,0.0,0.0,0.0
arc_right_2,507.492,2.6260503157010713,2.9229751676079423,0.0,0.170083616254869,0.0,0.0,0.0
arc_right_2,507.528,2.6260503157010713,2.9229751676079423,0.0,0.170083616254869,0.0,0.0,0.0
arc_right_2,507.564,2.6260503157010713,2.9229751676079423,0.0,0.170083616254869,0.0,0.0,0.0
arc_right_2,507.6,2.6260503157010713,2.9229751676079423,0.0,0.170083616254869,0.0,0.0,0.0
arc_right_2,507.636,2.6260503157010713,2.9229751676079423,0.0,0.170083616254869,0.0,0.0,0.0
arc_right_2,507.672,2.6260503157010713,2.9229751676079423,0.0,0.170083616254869,0.0,0.0,0.0
arc_right_2,507.708,2.6260503157010713,2.9229751676079423,0.0,0.170083616254869,0.0,0.0,0.0
arc_right_2,507.744,2.6260503157010713,2.9229751676079423,0.0,0.170083616254869,0.0,0.0,0.0
arc_right_2,507.78,2.6260503157010713,2.9229751676079423,0.0,0.170083616254869,0.0,0.0,0.0
arc_right_2,507.816,2.6260503157010713,2.9229751676079423,0.0,0.170083616254869,0.0,0.0,0.0
arc_right_2,507.852,2.6260503157010713,2.9229751676079423,0.0,0.170083616254869,0.0,0.0,0.0
arc_right_2,507.888,2.6260503157010713,2.9229751676079423,0.0,0.170083616254869,0.0,0.0,0.0
arc_right_2,507.924,2.6260503157010713,2.9229751676079423,0.0,0.170083616254869,0.0,0.0,0.0
arc_right_2,507.96,2.6260503157010713,2.9229751676079423,0.0,0.170083616254869,0.0,0.0,0.0
arc_right_2,507.996,2.6260503157010713,2.9229751676079423,0.0,0.170083616254869,0.0,0.0,0.0
arc_right_2,508.032,2.6260503157010713,2.9229751676079423,0.0,0.170083616254869,0.0,0.0,0.0
arc_right_2,508.068,2.6260503157010713,2.9229751676079423,0.0,0.170083616254869,0.0,0.0,0.0
arc_right_2,508.104,2.6260503157010713,2.9229751676079423,0.0,0.170083616254869,0.0,0.0,0.0
arc_right_2,508.14,2.6260503157010713,2.9229751676079423,0.0,0.170083616254869,0.0,0.0,0.0
arc_right_2,508.176,2.6260503157010713,2.9229751676079423,0.0,0.170083616254869,0.0,0.0,0.0
arc_right_2,508.212,2.6260503157010713,2.9229751676079423,0.0,0.170083616254869,0.0,0.0,0.0
arc_right_2,508.248,2.6260503157010713,2.9229751676079423,0.0,0.170083616254869,0.0,0.0,0.0
arc_right_2,508.284,2.6260503157010713,2.9229751676079423,0.0,0.170083616254869,0.0,0.0,0.0
arc_right_2,508.32,2.6260503157010713,2.9229751676079423,0.0,0.170083616254869,0.0,0.0,0.0
arc_right_2,508.356,2.6260503157010713,2.9229751676079423,0.0,0.170083616254869,0.0,0.0,0.0
arc_right_2,508.392,2.6260503157010713,2.9229751676079423,0.0,0.170083616254869,0.0,0.0,0.0
arc_right_2,508.428,2.6260503157010713,2.9229751676079423,0.0,0.170083616254869,0.0,0.0,0.0
arc_right_2,508.464,2.6260503157010713,2.9229751676079423,0.0,0.170083616254869,0.0,0.0,0.0
arc_right_2,508.5,2.6260503157010713,2.9229751676079423,0.0,0.170083616254869,0.0,0.0,0.0
arc_right_2,508.536,2.6260503157010713,2.9229751676079423,0.0,0.170083616254869,0.0,0.0,0.0
reset,508.572,2.6260503157010713,2.9229751676079423,0.0,0.170083616254869,0.0,0.0,0.0
reset,508.608,2.6260503157010713,2.9229751676079423,0.0,0.170083616254869,0.0,0.0,0.0
reset,508.644,2.6260503157010713,2.9229751676079423,0.0,0.170083616254869,0.0,0.0,0.0
reset,508.68,2.6260503157010713,2.9229751676079423,0.0,0.170083616254869,0.0,0.0,0.0
reset,508.716,2.6260503157010713,2.9229751676079423,0.0,0.170083616254869,0.0,0.0,0.0
reset,508.752,2.6260503157010713,2.9229751676079423,0.0,0.170083616254869,0.0,0.0,0.0
reset,508.788,2.6260503157010713,2.9229751676079423,0.0,0.170083616254869,0.0,0.0,0.0
reset,508.824,2.6260503157010713,2.9229751676079423,0.0,0.170083616254869,0.0,0.0,0.0
reset,508.86,2.6260503157010713,2.9229751676079423,0.0,0.170083616254869,0.0,0.0,0.0
reset,508.896,2.6260503157010713,2.9229751676079423,0.0,0.170083616254869,0.0,0.0,0.0
reset,508.932,2.6260503157010713,2.9229751676079423,0.0,0.170083616254869,0.0,0.0,0.0
reset,508.968,2.6260503157010713,2.9229751676079423,0.0,0.170083616254869,0.0,0.0,0.0
reset,509.004,2.6260503157010713,2.9229751676079423,0.0,0.170083616254869,0.0,0.0,0.0
reset,509.04,2.6260503157010713,2.9229751676079423,0.0,0.170083616254869,0.0,0.0,0.0
reset,509.076,2.6260503157010713,2.9229751676079423,0.0,0.170083616254869,0.0,0.0,0.0
reset,509.112,2.6260503157010713,2.9229751676079423,0.0,0.170083616254869,0.0,0.0,0.0
reset,509.148,2.6260503157010713,2.9229751676079423,0.0,0.170083616254869,0.0,0.0,0.0
reset,509.184,2.6260503157010713,2.9229751676079423,0.0,0.170083616254869,0.0,0.0,0.0
reset,509.22,2.6260503157010713,2.9229751676079423,0.0,0.170083616254869,0.0,0.0,0.0
reset,509.256,2.6260503157010713,2.9229751676079423,0.0,0.170083616254869,0.0,0.0,0.0
reset,509.292,2.6260503157010713,2.9229751676079423,0.0,0.170083616254869,0.0,0.0,0.0
reset,509.328,2.6260503157010713,2.9229751676079423,0.0,0.170083616254869,0.0,0.0,0.0
reset,509.364,2.6260503157010713,2.9229751676079423,0.0,0.170083616254869,0.0,0.0,0.0
reset,509.4,2.6260503157010713,2.9229751676079423,0.0,0.170083616254869,0.0,0.0,0.0
reset,509.436,2.6260503157010713,2.9229751676079423,0.0,0.170083616254869,0.0,0.0,0.0
reset,509.472,2.6260503157010713,2.9229751676079423,0.0,0.170083616254869,0.0,0.0,0.0
reset,509.508,2.6260503157010713,2.9229751676079423,0.0,0.170083616254869,0.0,0.0,0.0
reset,509.544,2.6260503157010713,2.9229751676079423,0.0,0.170083616254869,0.0,0.0,0.0
reset,509.616,2.6260503157010713,2.9229751676079423,0.0,0.170083616254869,0.0,0.0,0.0
reset,509.652,2.6260503157010713,2.9229751676079423,0.0,0.170083616254869,0.0,0.0,0.0
reset,509.688,2.6260503157010713,2.9229751676079423,0.0,0.170083616254869,0.0,0.0,0.0
reset,509.724,2.6260503157010713,2.9229751676079423,0.0,0.170083616254869,0.0,0.0,0.0
reset,509.76,2.6260503157010713,2.9229751676079423,0.0,0.170083616254869,0.0,0.0,0.0
reset,509.796,2.6260503157010713,2.9229751676079423,0.0,0.170083616254869,0.0,0.0,0.0
reset,509.832,2.6260503157010713,2.9229751676079423,0.0,0.170083616254869,0.0,0.0,0.0
reset,509.868,2.6260503157010713,2.9229751676079423,0.0,0.170083616254869,0.0,0.0,0.0
reset,509.904,2.6260503157010713,2.9229751676079423,0.0,0.170083616254869,0.0,0.0,0.0
reset,509.94,2.6260503157010713,2.9229751676079423,0.0,0.170083616254869,0.0,0.0,0.0
reset,509.976,2.6260503157010713,2.9229751676079423,0.0,0.170083616254869,0.0,0.0,0.0
reset,510.012,2.6260503157010713,2.9229751676079423,0.0,0.170083616254869,0.0,0.0,0.0
reset,510.048,2.6260503157010713,2.9229751676079423,0.0,0.170083616254869,0.0,0.0,0.0
reset,510.084,2.6260503157010713,2.9229751676079423,0.0,0.170083616254869,0.0,0.0,0.0
reset,510.12,2.6260503157010713,2.9229751676079423,0.0,0.170083616254869,0.0,0.0,0.0
reset,510.156,2.6260503157010713,2.9229751676079423,0.0,0.170083616254869,0.0,0.0,0.0
reset,510.192,2.6260503157010713,2.9229751676079423,0.0,0.170083616254869,0.0,0.0,0.0
reset,510.228,2.6260503157010713,2.9229751676079423,0.0,0.170083616254869,0.0,0.0,0.0
reset,510.264,2.6260503157010713,2.9229751676079423,0.0,0.170083616254869,0.0,0.0,0.0
reset,510.3,2.6260503157010713,2.9229751676079423,0.0,0.170083616254869,0.0,0.0,0.0
reset,510.336,2.6260503157010713,2.9229751676079423,0.0,0.170083616254869,0.0,0.0,0.0
reset,510.372,2.6260503157010713,2.9229751676079423,0.0,0.170083616254869,0.0,0.0,0.0
reset,510.408,2.6260503157010713,2.9229751676079423,0.0,0.170083616254869,0.0,0.0,0.0
reset,510.444,2.6260503157010713,2.9229751676079423,0.0,0.170083616254869,0.0,0.0,0.0
reset,510.48,2.6260503157010713,2.9229751676079423,0.0,0.170083616254869,0.0,0.0,0.0
reset,510.516,2.6260503157010713,2.9229751676079423,0.0,0.170083616254869,0.0,0.0,0.0
reset,510.552,2.6260503157010713,2.9229751676079423,0.0,0.170083616254869,0.0,0.0,0.0
reset,510.588,2.6260503157010713,2.9229751676079423,0.0,0.170083616254869,0.0,0.0,0.0
reset,510.624,2.6260503157010713,2.9229751676079423,0.0,0.170083616254869,0.0,0.0,0.0
reset,510.66,2.6260503157010713,2.9229751676079423,0.0,0.170083616254869,0.0,0.0,0.0
reset,510.696,2.6260503157010713,2.9229751676079423,0.0,0.170083616254869,0.0,0.0,0.0
reset,510.732,2.6260503157010713,2.9229751676079423,0.0,0.170083616254869,0.0,0.0,0.0
reset,510.768,2.6260503157010713,2.9229751676079423,0.0,0.170083616254869,0.0,0.0,0.0
reset,510.804,2.6260503157010713,2.9229751676079423,0.0,0.170083616254869,0.0,0.0,0.0
reset,510.84,2.6260503157010713,2.9229751676079423,0.0,0.170083616254869,0.0,0.0,0.0
reset,510.876,2.6260503157010713,2.9229751676079423,0.0,0.170083616254869,0.0,0.0,0.0
reset,510.912,2.6260503157010713,2.9229751676079423,0.0,0.170083616254869,0.0,0.0,0.0
reset,510.948,2.6260503157010713,2.9229751676079423,0.0,0.170083616254869,0.0,0.0,0.0
reset,510.984,2.6260503157010713,2.9229751676079423,0.0,0.170083616254869,0.0,0.0,0.0
reset,511.02,2.6260503157010713,2.9229751676079423,0.0,0.170083616254869,0.0,0.0,0.0
reset,511.056,2.6260503157010713,2.9229751676079423,0.0,0.170083616254869,0.0,0.0,0.0
brake_2,511.092,2.6260503157010713,2.9229751676079423,0.0,0.170083616254869,0.0,0.0,0.0
brake_2,511.128,2.6260503157010713,2.9229751676079423,0.0,0.170083616254869,0.0,0.0,0.0
brake_2,511.164,2.6260503157010713,2.9229751676079423,0.0,0.170083616254869,0.0,0.0,0.0
brake_2,511.2,2.6260503157010713,2.9229751676079423,0.0,0.170083616254869,0.0,0.0,0.0
brake_2,511.236,2.6260503157010713,2.9229751676079423,0.0,0.170083616254869,0.0,0.0,0.0
brake_2,511.272,2.6260503157010713,2.9229751676079423,0.0,0.170083616254869,0.0,0.0,0.0
brake_2,511.308,2.6260503157010713,2.9229751676079423,0.0,0.170083616254869,0.0,0.0,0.0
brake_2,511.344,2.6260503157010713,2.9229751676079423,0.0,0.170083616254869,0.0,0.0,0.0
brake_2,511.38,2.6260503157010713,2.9229751676079423,0.0,0.170083616254869,0.0,0.0,0.0
brake_2,511.416,2.6260503157010713,2.9229751676079423,0.0,0.170083616254869,0.0,0.0,0.0
brake_2,511.452,2.6260503157010713,2.9229751676079423,0.0,0.170083616254869,0.0,0.0,0.0
brake_2,511.488,2.6260503157010713,2.9229751676079423,0.0,0.170083616254869,0.0,0.0,0.0
brake_2,511.524,2.6260503157010713,2.9229751676079423,0.0,0.170083616254869,0.0,0.0,0.0
brake_2,511.56,2.6260503157010713,2.9229751676079423,0.0,0.170083616254869,0.0,0.0,0.0
brake_2,511.596,2.6260503157010713,2.9229751676079423,0.0,0.170083616254869,0.0,0.0,0.0
brake_2,511.632,2.6260503157010713,2.9229751676079423,0.0,0.170083616254869,0.0,0.0,0.0
brake_2,511.668,2.6260503157010713,2.9229751676079423,0.0,0.170083616254869,0.0,0.0,0.0
brake_2,511.704,2.6260503157010713,2.9229751676079423,0.0,0.170083616254869,0.0,0.0,0.0
brake_2,511.74,2.6260503157010713,2.9229751676079423,0.0,0.170083616254869,0.0,0.0,0.0
brake_2,511.776,2.6260503157010713,2.9229751676079423,0.0,0.170083616254869,0.0,0.0,0.0
brake_2,511.812,2.6260503157010713,2.9229751676079423,0.0,0.170083616254869,0.0,0.0,0.0
brake_2,511.848,2.6260503157010713,2.9229751676079423,0.0,0.170083616254869,0.0,0.0,0.0
brake_2,511.884,2.6260503157010713,2.9229751676079423,0.0,0.170083616254869,0.0,0.0,0.0
brake_2,511.92,2.6260503157010713,2.9229751676079423,0.0,0.170083616254869,0.0,0.0,0.0
brake_2,511.956,2.6260503157010713,2.9229751676079423,0.0,0.170083616254869,0.0,0.0,0.0
brake_2,511.992,2.6260503157010713,2.9229751676079423,0.0,0.170083616254869,0.0,0.0,0.0
brake_2,512.028,2.6260503157010713,2.9229751676079423,0.0,0.170083616254869,0.0,0.0,0.0
brake_2,512.064,2.6260503157010713,2.9229751676079423,0.0,0.170083616254869,0.0,0.0,0.0
brake_2,512.1,2.6261900203352515,2.922999160887449,0.0,0.17008361625486276,0.0047249999732971535,0.0,-2.089339966361151e-13
brake_2,512.136,2.626767466158627,2.9230983331097704,0.0,0.17008361625486276,0.017324999966842707,0.0,-1.0446699831805755e-13
brake_2,512.172,2.6277919668137755,2.9232742838269257,0.0,0.17008361625485963,0.029924999963200825,0.0,0.0
brake_2,512.208,2.6292635223006977,2.923527013038915,0.0,0.17008361625485646,0.04252499995954414,0.0,0.0
brake_2,512.244,2.631182132619394,2.9238565207457388,0.0,0.17008361625485646,0.05512499995591706,0.0,0.0
brake_2,512.28,2.6335477977698636,2.9242628069473957,0.0,0.17008361625485022,0.06772499995227518,0.0,-1.0446699831805755e-13
brake_2,512.316,2.6363605177521072,2.924745871643886,0.0,0.17008361625484705,0.08032499994864808,0.0,-1.0446699831805755e-13
brake_2,512.352,2.639620292566125,2.925305714835211,0.0,0.17008361625484078,0.09292499994500622,0.0,-2.089339966361151e-13
brake_2,512.388,2.6433271222119155,2.925942336521369,0.0,0.17008361625484078,0.10552499994134953,0.0,0.0
brake_2,512.424,2.6474810066894805,2.926655736702361,0.0,0.17008361625483764,0.11812499993770761,0.0,-1.0446699831805755e-13
brake_2,512.46,2.6520819459988187,2.927445915378186,0.0,0.17008361625483454,0.13072499993406578,0.0,-2.089339966361151e-13
brake_2,512.496,2.6571299401399306,2.928312872548845,0.0,0.17008361625483454,0.14332499993043868,0.0,0.0
brake_2,512.532,2.6626249891128158,2.929256608214339,0.0,0.17008361625482823,0.15592499992679681,0.0,-1.0446699831805755e-13
brake_2,512.568,2.6685670929174754,2.9302771223746653,0.0,0.17008361625482823,0.1685249999231549,0.0,0.0
brake_2,512.604,2.6749562515539083,2.9313744150298255,0.0,0.1700836162548251,0.18112499991951303,0.0,-1.0446699831805755e-13
brake_2,512.64,2.6817924650221143,2.9325484861798192,0.0,0.17008361625482196,0.19372499991587117,0.0,0.0
brake_2,512.676,2.689075733322095,2.933799335824647,0.0,0.17008361625481885,0.20632499991222927,0.0,-1.0446699831805755e-13
brake_2,512.712,2.6968060564538483,2.9351269639643083,0.0,0.17008361625481885,0.21892499990858738,0.0,0.0
brake_2,512.748,2.704983434417376,2.936531370598803,0.0,0.17008361625481885,0.2315249999049603,0.0,0.0
brake_2,512.784,2.7136078672126773,2.9380125557281316,0.0,0.17008361625481885,0.2441249999013036,0.0,0.0
brake_2,512.82,2.7226793548397517,2.939570519352294,0.0,0.1700836162548157,0.25672499989766173,0.0,-1.0446699831805755e-13
brake_2,512.856,2.7321978972986,2.9412052614712896,0.0,0.17008361625481885,0.26932499989401987,0.0,0.0
brake_2,512.892,2.7421634945892217,2.9429167820851188,0.0,0.17008361625481885,0.281924999890378,0.0,1.0446699831805755e-13
brake_2,512.928,2.752576146711617,2.944705081193782,0.0,0.17008361625482196,0.29452499988672126,0.0,1.0446699831805755e-13
brake_2,512.964,2.7632203093727763,2.9465331405945654,0.0,0.17008361625482196,0.2999999999115488,0.0,0.0
brake_2,513.0,2.7738644720339907,2.9483611999953587,0.0,0.17008361625482196,0.2999999999115488,0.0,0.0
brake_2,513.036,2.784508634695205,2.950189259396152,0.0,0.17008361625482196,0.2999999999115488,0.0,0.0
brake_2,513.072,2.7951527973564194,2.9520173187969454,0.0,0.17008361625482196,0.2999999999115488,0.0,0.0
brake_2,513.108,2.805796960017634,2.9538453781977387,0.0,0.17008361625482196,0.2999999999115488,0.0,0.0
brake_2,513.144,2.816441122678849,2.955673437598532,0.0,0.17008361625482196,0.2999999999115488,0.0,0.0
brake_2,513.18,2.8270852853400634,2.9575014969993254,0.0,0.17008361625482196,0.2999999999115488,0.0,0.0
brake_2,513.216,2.837729448001278,2.9593295564001187,0.0,0.17008361625482196,0.2999999999115488,0.0,0.0
brake_2,513.252,2.848373610662492,2.961157615800912,0.0,0.17008361625482196,0.2999999999115488,0.0,0.0
brake_2,513.288,2.8590177733237065,2.9629856752017054,0.0,0.17008361625482196,0.2999999999115488,0.0,0.0
brake_2,513.324,2.869661935984922,2.9648137346024988,0.0,0.17008361625482196,0.2999999999115488,0.0,0.0
brake_2,513.36,2.880306098646136,2.966641794003292,0.0,0.17008361625482196,0.2999999999115488,0.0,0.0
brake_2,513.396,2.8909502613073506,2.9684698534040854,0.0,0.17008361625482196,0.2999999999115488,0.0,0.0
brake_2,513.432,2.901594423968565,2.9702979128048788,0.0,0.17008361625482196,0.2999999999115488,0.0,0.0
brake_2,513.468,2.9122385866297793,2.972125972205672,0.0,0.17008361625482196,0.2999999999115488,0.0,0.0
brake_2,513.504,2.9228827492909946,2.9739540316064654,0.0,0.17008361625482196,0.2999999999115488,0.0,0.0
brake_2,513.54,2.933526911952209,2.9757820910072588,0.0,0.17008361625482196,0.2999999999115488,0.0,0.0
brake_2,513.576,2.9441710746134233,2.977610150408052,0.0,0.17008361625482196,0.2999999999115488,0.0,0.0
brake_2,513.612,2.9548152372746377,2.9794382098088454,0.0,0.17008361625482196,0.2999999999115488,0.0,0.0
brake_2,513.648,2.965459399935852,2.9812662692096388,0.0,0.17008361625482196,0.2999999999115488,0.0,0.0
brake_2,513.684,2.9761035625970673,2.983094328610432,0.0,0.17008361625482196,0.2999999999115488,0.0,0.0
brake_2,513.72,2.9867477252582817,2.9849223880112254,0.0,0.17008361625482196,0.2999999999115488,0.0,0.0
brake_2,513.756,2.997391887919496,2.986750447412019,0.0,0.17008361625482196,0.2999999999115488,0.0,0.0
brake_2,513.792,3.0080360505807104,2.988578506812812,0.0,0.17008361625482196,0.2999999999115488,0.0,0.0
brake_2,513.828,3.018680213241925,2.9904065662136055,0.0,0.17008361625482196,0.2999999999115488,0.0,0.0
brake_2,513.864,3.02932437590314,2.992234625614399,0.0,0.17008361625482196,0.2999999999115488,0.0,0.0
brake_2,513.9,3.0399685385643544,2.994062685015192,0.0,0.17008361625482196,0.2999999999115488,0.0,0.0
brake_2,513.936,3.050612701225569,2.9958907444159855,0.0,0.17008361625482196,0.2999999999115488,0.0,0.0
brake_2,513.972,3.061256863886783,2.997718803816779,0.0,0.17008361625482196,0.2999999999115488,0.0,0.0
brake_2,514.008,3.071901026547998,2.999546863217572,0.0,0.1700836162548251,0.29999999991156356,0.0,1.0446699831805755e-13
brake_2,514.044,3.082545189209213,3.0013749226183655,0.0,0.17008361625482196,0.2999999999115488,0.0,0.0
brake_2,514.08,3.093189351870427,3.003202982019159,0.0,0.17008361625482196,0.29999999991154885,0.0,0.0
brake_2,514.116,3.1038335145316416,3.005031041419952,0.0,0.17008361625482196,0.29999999991154874,0.0,0.0
brake_2,514.152,3.114477677192856,3.0068591008207455,0.0,0.17008361625482196,0.2999999999115488,0.0,0.0
brake_2,514.188,3.1251218398540708,3.008687160221539,0.0,0.1700836162548251,0.2999999999115488,0.0,0.0
brake_2,514.224,3.1357660025152856,3.010515219622332,0.0,0.17008361625482196,0.2999999999115488,0.0,0.0
brake_2,514.26,3.1464101651765,3.0123432790231255,0.0,0.17008361625482196,0.29999999991154885,0.0,0.0
brake_2,514.296,3.1570543278377143,3.014171338423919,0.0,0.17008361625482196,0.29999999991154874,0.0,0.0
brake_2,514.332,3.1676984904989287,3.015999397824712,0.0,0.17008361625482196,0.2999999999115488,0.0,0.0
brake_2,514.368,3.1783426531601435,3.0178274572255055,0.0,0.1700836162548251,0.2999999999115488,0.0,0.0
brake_2,514.404,3.1889868158213583,3.019655516626299,0.0,0.17008361625482196,0.2999999999115488,0.0,0.0
brake_2,514.44,3.1996309784825727,3.021483576027092,0.0,0.17008361625482196,0.29999999991154885,0.0,0.0
brake_2,514.476,3.210275141143787,3.0233116354278855,0.0,0.17008361625482196,0.29999999991154874,0.0,0.0
brake_2,514.512,3.2209193038050015,3.025139694828679,0.0,0.17008361625482196,0.2999999999115488,0.0,0.0
brake_2,514.548,3.2315634664662163,3.026967754229472,0.0,0.1700836162548251,0.2999999999115488,0.0,0.0
brake_2,514.584,3.242207629127431,3.0287958136302655,0.0,0.17008361625482196,0.2999999999115488,0.0,0.0
brake_2,514.62,3.2528517917886455,3.030623873031059,0.0,0.17008361625482196,0.29999999991154885,0.0,0.0
brake_2,514.656,3.26349595444986,3.032451932431852,0.0,0.17008361625482196,0.29999999991154874,0.0,0.0
brake_2,514.692,3.274140117111074,3.0342799918326455,0.0,0.17008361625482196,0.2999999999115488,0.0,0.0
brake_2,514.728,3.284784279772289,3.036108051233439,0.0,0.1700836162548251,0.2999999999115488,0.0,0.0
brake_2,514.764,3.295428442433504,3.037936110634232,0.0,0.17008361625482196,0.2999999999115488,0.0,0.0
brake_2,514.8,3.3060726050947182,3.0397641700350255,0.0,0.17008361625482196,0.29999999991154885,0.0,0.0
brake_2,514.836,3.316716767755933,3.041592229435819,0.0,0.1700836162548251,0.29999999991156356,0.0,1.0446699831805755e-13
brake_2,514.872,3.3273609304171474,3.043420288836612,0.0,0.1700836162548251,0.29999999991154874,0.0,0.0
brake_2,514.908,3.338005093078362,3.0452483482374055,0.0,0.1700836162548251,0.2999999999115488,0.0,0.0
brake_2,514.944,3.3486492557395766,3.047076407638199,0.0,0.17008361625482196,0.2999999999115488,0.0,0.0
brake_2,514.98,3.3592934184007914,3.048904467038992,0.0,0.1700836162548251,0.2999999999115488,0.0,0.0
brake_2,515.016,3.3699375810620062,3.0507325264397855,0.0,0.17008361625482196,0.2999999999115636,0.0,-1.0446699831805755e-13
brake_2,515.052,3.3805817437232206,3.052560585840579,0.0,0.17008361625482196,0.2999999999115488,0.0,0.0
brake_2,515.088,3.391225906384435,3.054388645241372,0.0,0.17008361625482196,0.2999999999115488,0.0,0.0
brake_2,515.124,3.4018700690456494,3.0562167046421655,0.0,0.17008361625482196,0.2999999999115488,0.0,0.0
brake_2,515.16,3.4125142317068646,3.058044764042959,0.0,0.17008361625482196,0.2999999999115488,0.0,0.0
brake_2,515.196,3.423158394368079,3.059872823443752,0.0,0.17008361625482196,0.2999999999115488,0.0,0.0
brake_2,515.232,3.4338025570292934,3.0617008828445456,0.0,0.17008361625482196,0.2999999999115488,0.0,0.0
brake_2,515.268,3.4444467196905078,3.063528942245339,0.0,0.17008361625482196,0.2999999999115488,0.0,0.0
brake_2,515.304,3.455090882351722,3.0653570016461322,0.0,0.17008361625482196,0.2999999999115488,0.0,0.0
brake_2,515.34,3.4657350450129374,3.0671850610469256,0.0,0.17008361625482196,0.2999999999115488,0.0,0.0
brake_2,515.376,3.4763792076741518,3.069013120447719,0.0,0.17008361625482196,0.2999999999115488,0.0,0.0
brake_2,515.412,3.487023370335366,3.0708411798485122,0.0,0.17008361625482196,0.2999999999115488,0.0,0.0
brake_2,515.448,3.4976675329965805,3.0726692392493056,0.0,0.17008361625482196,0.2999999999115488,0.0,0.0
brake_2,515.484,3.508311695657795,3.074497298650099,0.0,0.17008361625482196,0.2999999999115488,0.0,0.0
brake_2,515.52,3.51895585831901,3.0763253580508922,0.0,0.17008361625482196,0.2999999999115488,0.0,0.0
brake_2,515.556,3.5296000209802245,3.0781534174516856,0.0,0.17008361625482196,0.2999999999115488,0.0,0.0
brake_2,515.592,3.540244183641439,3.079981476852479,0.0,0.17008361625482196,0.2999999999115488,0.0,0.0
brake_2,515.628,3.5508883463026533,3.0818095362532723,0.0,0.17008361625482196,0.2999999999115488,0.0,0.0
brake_2,515.664,3.5615325089638676,3.0836375956540656,0.0,0.17008361625482196,0.2999999999115488,0.0,0.0
brake_2,515.7,3.572176671625083,3.085465655054859,0.0,0.17008361625482196,0.2999999999115488,0.0,0.0
brake_2,515.736,3.5828208342862973,3.0872937144556523,0.0,0.17008361625482196,0.2999999999115488,0.0,0.0
brake_2,515.772,3.5934649969475116,3.0891217738564456,0.0,0.17008361625482196,0.2999999999115488,0.0,0.0
brake_2,515.808,3.604109159608726,3.090949833257239,0.0,0.17008361625482196,0.2999999999115488,0.0,0.0
brake_2,515.844,3.6147533222699404,3.0927778926580323,0.0,0.17008361625482196,0.2999999999115488,0.0,0.0
brake_2,515.88,3.6253974849311557,3.0946059520588256,0.0,0.17008361625482196,0.2999999999115488,0.0,0.0
brake_2,515.916,3.63604164759237,3.096434011459619,0.0,0.17008361625482196,0.2999999999115488,0.0,0.0
brake_2,515.952,3.6466858102535844,3.0982620708604123,0.0,0.17008361625482196,0.2999999999115488,0.0,0.0
brake_2,515.988,3.6573299729147988,3.1000901302612056,0.0,0.17008361625482196,0.2999999999115488,0.0,0.0
brake_2,516.024,3.667974135576013,3.101918189661999,0.0,0.17008361625482196,0.2999999999115488,0.0,0.0
brake_2,516.06,3.6786182982372284,3.1037462490627923,0.0,0.17008361625482196,0.2999999999115488,0.0,0.0
brake_2,516.096,3.689150697191203,3.1055551138399973,0.0,0.17008361625482196,0.296219999936446,0.0,0.0
brake_2,516.132,3.699148226971954,3.1072721186323977,0.0,0.17008361625481255,0.2804249999512454,0.0,-3.134009949541727e-13
brake_2,516.168,3.7085709719689937,3.108890408217154,0.0,0.1700836162548094,0.26422499995589394,0.0,0.0
brake_2,516.204,3.717418932182325,3.1104099825942675,0.0,0.1700836162548094,0.24802499996058694,0.0,0.0
brake_2,516.24,3.725692107611947,3.1118308417637377,0.0,0.1700836162548094,0.23182499996525033,0.0,0.0
brake_2,516.276,3.733390498257861,3.1131529857255646,0.0,0.17008361625480625,0.21562499996995813,0.0,-1.0446699831805755e-13
brake_2,516.312,3.740514104120067,3.114376414479749,0.0,0.1700836162548094,0.19942499997466595,0.0,0.0
brake_2,516.348,3.7470629251985628,3.1155011280262896,0.0,0.1700836162548094,0.1832249999793589,0.0,0.0
brake_2,516.384,3.7530369614933483,3.116527126365187,0.0,0.1700836162548094,0.16702499998396309,0.0,0.0
brake_2,516.42,3.758436213004425,3.1174544094964403,0.0,0.1700836162548094,0.1508249999886561,0.0,0.0
brake_2,516.456,3.763260679731793,3.1182829774200505,0.0,0.1700836162548094,0.1346249999933491,0.0,0.0
brake_2,516.492,3.767510361675452,3.119012830136017,0.0,0.1700836162548094,0.11842499999804208,0.0,0.0
brake_2,516.528,3.7711852588354033,3.119643967644341,0.0,0.1700836162548094,0.10222500000273509,0.0,0.0
brake_2,516.564,3.7742853712116458,3.1201763899450214,0.0,0.17008361625481255,0.08602500000741328,0.0,1.0446699831805755e-13
brake_2,516.6,3.7768106988041765,3.120610097038058,0.0,0.17008361625481885,0.06982500001204706,0.0,1.0446699831805755e-13
brake_2,516.636,3.778761241612999,3.1209450889234516,0.0,0.17008361625481885,0.053625000016725245,0.0,0.0
brake_2,516.672,3.7801369996381124,3.1211813656012013,0.0,0.17008361625481885,0.037425000021418235,0.0,0.0
brake_2,516.708,3.780937972879518,3.121318927071308,0.0,0.17008361625481885,0.02122500002611124,0.0,0.0
brake_2,516.744,3.7811672658845787,3.1213583065177493,0.0,0.17008361625481885,0.005130000028123287,0.0,0.0
brake_2,516.78,3.7811672658845787,3.1213583065177493,0.0,0.17008361625481885,0.0,0.0,0.0
brake_2,516.816,3.7811672658845787,3.1213583065177493,0.0,0.17008361625481885,0.0,0.0,0.0
brake_2,516.852,3.7811672658845787,3.1213583065177493,0.0,0.17008361625481885,0.0,0.0,0.0
brake_2,516.888,3.7811672658845787,3.1213583065177493,0.0,0.17008361625481885,0.0,0.0,0.0
brake_2,516.924,3.7811672658845787,3.1213583065177493,0.0,0.17008361625481885,0.0,0.0,0.0
brake_2,516.96,3.7811672658845787,3.1213583065177493,0.0,0.17008361625481885,0.0,0.0,0.0
brake_2,516.996,3.7811672658845787,3.1213583065177493,0.0,0.17008361625481885,0.0,0.0,0.0
brake_2,517.032,3.7811672658845787,3.1213583065177493,0.0,0.17008361625481885,0.0,0.0,0.0
brake_2,517.068,3.7811672658845787,3.1213583065177493,0.0,0.17008361625481885,0.0,0.0,0.0
brake_2,517.104,3.7811672658845787,3.1213583065177493,0.0,0.17008361625481885,0.0,0.0,0.0
brake_2,517.14,3.7811672658845787,3.1213583065177493,0.0,0.17008361625481885,0.0,0.0,0.0
brake_2,517.176,3.7811672658845787,3.1213583065177493,0.0,0.17008361625481885,0.0,0.0,0.0
brake_2,517.212,3.7811672658845787,3.1213583065177493,0.0,0.17008361625481885,0.0,0.0,0.0
brake_2,517.248,3.7811672658845787,3.1213583065177493,0.0,0.17008361625481885,0.0,0.0,0.0
brake_2,517.284,3.7811672658845787,3.1213583065177493,0.0,0.17008361625481885,0.0,0.0,0.0
brake_2,517.32,3.7811672658845787,3.1213583065177493,0.0,0.17008361625481885,0.0,0.0,0.0
brake_2,517.356,3.7811672658845787,3.1213583065177493,0.0,0.17008361625481885,0.0,0.0,0.0
brake_2,517.392,3.7811672658845787,3.1213583065177493,0.0,0.17008361625481885,0.0,0.0,0.0
brake_2,517.428,3.7811672658845787,3.1213583065177493,0.0,0.17008361625481885,0.0,0.0,0.0
brake_2,517.464,3.7811672658845787,3.1213583065177493,0.0,0.17008361625481885,0.0,0.0,0.0
brake_2,517.5,3.7811672658845787,3.1213583065177493,0.0,0.17008361625481885,0.0,0.0,0.0
brake_2,517.536,3.7811672658845787,3.1213583065177493,0.0,0.17008361625481885,0.0,0.0,0.0
brake_2,517.572,3.7811672658845787,3.1213583065177493,0.0,0.17008361625481885,0.0,0.0,0.0
brake_2,517.608,3.7811672658845787,3.1213583065177493,0.0,0.17008361625481885,0.0,0.0,0.0
brake_2,517.644,3.7811672658845787,3.1213583065177493,0.0,0.17008361625481885,0.0,0.0,0.0
brake_2,517.68,3.7811672658845787,3.1213583065177493,0.0,0.17008361625481885,0.0,0.0,0.0
brake_2,517.716,3.7811672658845787,3.1213583065177493,0.0,0.17008361625481885,0.0,0.0,0.0
brake_2,517.752,3.7811672658845787,3.1213583065177493,0.0,0.17008361625481885,0.0,0.0,0.0
brake_2,517.788,3.7811672658845787,3.1213583065177493,0.0,0.17008361625481885,0.0,0.0,0.0
brake_2,517.824,3.7811672658845787,3.1213583065177493,0.0,0.17008361625481885,0.0,0.0,0.0
brake_2,517.86,3.7811672658845787,3.1213583065177493,0.0,0.17008361625481885,0.0,0.0,0.0
brake_2,517.896,3.7811672658845787,3.1213583065177493,0.0,0.17008361625481885,0.0,0.0,0.0
brake_2,517.932,3.7811672658845787,3.1213583065177493,0.0,0.17008361625481885,0.0,0.0,0.0
brake_2,517.968,3.7811672658845787,3.1213583065177493,0.0,0.17008361625481885,0.0,0.0,0.0
brake_2,518.004,3.7811672658845787,3.1213583065177493,0.0,0.17008361625481885,0.0,0.0,0.0
brake_2,518.04,3.7811672658845787,3.1213583065177493,0.0,0.17008361625481885,0.0,0.0,0.0
brake_2,518.076,3.7811672658845787,3.1213583065177493,0.0,0.17008361625481885,0.0,0.0,0.0
brake_2,518.112,3.7811672658845787,3.1213583065177493,0.0,0.17008361625481885,0.0,0.0,0.0
brake_2,518.148,3.7811672658845787,3.1213583065177493,0.0,0.17008361625481885,0.0,0.0,0.0
brake_2,518.184,3.7811672658845787,3.1213583065177493,0.0,0.17008361625481885,0.0,0.0,0.0
brake_2,518.22,3.7811672658845787,3.1213583065177493,0.0,0.17008361625481885,0.0,0.0,0.0
brake_2,518.256,3.7811672658845787,3.1213583065177493,0.0,0.17008361625481885,0.0,0.0,0.0
brake_2,518.292,3.7811672658845787,3.1213583065177493,0.0,0.17008361625481885,0.0,0.0,0.0
brake_2,518.328,3.7811672658845787,3.1213583065177493,0.0,0.17008361625481885,0.0,0.0,0.0
brake_2,518.364,3.7811672658845787,3.1213583065177493,0.0,0.17008361625481885,0.0,0.0,0.0
brake_2,518.4,3.7811672658845787,3.1213583065177493,0.0,0.17008361625481885,0.0,0.0,0.0
brake_2,518.436,3.7811672658845787,3.1213583065177493,0.0,0.17008361625481885,0.0,0.0,0.0
brake_2,518.472,3.7811672658845787,3.1213583065177493,0.0,0.17008361625481885,0.0,0.0,0.0
brake_2,518.508,3.7811672658845787,3.1213583065177493,0.0,0.17008361625481885,0.0,0.0,0.0
brake_2,518.544,3.7811672658845787,3.1213583065177493,0.0,0.17008361625481885,0.0,0.0,0.0
brake_2,518.58,3.7811672658845787,3.1213583065177493,0.0,0.17008361625481885,0.0,0.0,0.0
brake_2,518.616,3.7811672658845787,3.1213583065177493,0.0,0.17008361625481885,0.0,0.0,0.0
brake_2,518.652,3.7811672658845787,3.1213583065177493,0.0,0.17008361625481885,0.0,0.0,0.0
brake_2,518.688,3.7811672658845787,3.1213583065177493,0.0,0.17008361625481885,0.0,0.0,0.0
brake_2,518.724,3.7811672658845787,3.1213583065177493,0.0,0.17008361625481885,0.0,0.0,0.0
brake_2,518.76,3.7811672658845787,3.1213583065177493,0.0,0.17008361625481885,0.0,0.0,0.0
brake_2,518.796,3.7811672658845787,3.1213583065177493,0.0,0.17008361625481885,0.0,0.0,0.0
brake_2,518.832,3.7811672658845787,3.1213583065177493,0.0,0.17008361625481885,0.0,0.0,0.0
brake_2,518.868,3.7811672658845787,3.1213583065177493,0.0,0.17008361625481885,0.0,0.0,0.0
brake_2,518.904,3.7811672658845787,3.1213583065177493,0.0,0.17008361625481885,0.0,0.0,0.0
brake_2,518.94,3.7811672658845787,3.1213583065177493,0.0,0.17008361625481885,0.0,0.0,0.0
brake_2,518.976,3.7811672658845787,3.1213583065177493,0.0,0.17008361625481885,0.0,0.0,0.0
brake_2,519.012,3.7811672658845787,3.1213583065177493,0.0,0.17008361625481885,0.0,0.0,0.0
brake_2,519.048,3.7811672658845787,3.1213583065177493,0.0,0.17008361625481885,0.0,0.0,0.0
reset,519.084,3.7811672658845787,3.1213583065177493,0.0,0.17008361625481885,0.0,0.0,0.0
reset,519.12,3.7811672658845787,3.1213583065177493,0.0,0.17008361625481885,0.0,0.0,0.0
reset,519.156,3.7811672658845787,3.1213583065177493,0.0,0.17008361625481885,0.0,0.0,0.0
reset,519.192,3.7811672658845787,3.1213583065177493,0.0,0.17008361625481885,0.0,0.0,0.0
reset,519.228,3.7811672658845787,3.1213583065177493,0.0,0.17008361625481885,0.0,0.0,0.0
reset,519.264,3.7811672658845787,3.1213583065177493,0.0,0.17008361625481885,0.0,0.0,0.0
reset,519.3,3.7811672658845787,3.1213583065177493,0.0,0.17008361625481885,0.0,0.0,0.0
reset,519.336,3.7811672658845787,3.1213583065177493,0.0,0.17008361625481885,0.0,0.0,0.0
reset,519.372,3.7811672658845787,3.1213583065177493,0.0,0.17008361625481885,0.0,0.0,0.0
reset,519.408,3.7811672658845787,3.1213583065177493,0.0,0.17008361625481885,0.0,0.0,0.0
reset,519.444,3.7811672658845787,3.1213583065177493,0.0,0.17008361625481885,0.0,0.0,0.0
reset,519.48,3.7811672658845787,3.1213583065177493,0.0,0.17008361625481885,0.0,0.0,0.0
reset,519.516,3.7811672658845787,3.1213583065177493,0.0,0.17008361625481885,0.0,0.0,0.0
reset,519.552,3.7811672658845787,3.1213583065177493,0.0,0.17008361625481885,0.0,0.0,0.0
reset,519.588,3.7811672658845787,3.1213583065177493,0.0,0.17008361625481885,0.0,0.0,0.0
reset,519.624,3.7811672658845787,3.1213583065177493,0.0,0.17008361625481885,0.0,0.0,0.0
reset,519.66,3.7811672658845787,3.1213583065177493,0.0,0.17008361625481885,0.0,0.0,0.0
reset,519.696,3.7811672658845787,3.1213583065177493,0.0,0.17008361625481885,0.0,0.0,0.0
reset,519.732,3.7811672658845787,3.1213583065177493,0.0,0.17008361625481885,0.0,0.0,0.0
reset,519.768,3.7811672658845787,3.1213583065177493,0.0,0.17008361625481885,0.0,0.0,0.0
reset,519.804,3.7811672658845787,3.1213583065177493,0.0,0.17008361625481885,0.0,0.0,0.0
reset,519.84,3.7811672658845787,3.1213583065177493,0.0,0.17008361625481885,0.0,0.0,0.0
reset,519.876,3.7811672658845787,3.1213583065177493,0.0,0.17008361625481885,0.0,0.0,0.0
reset,519.912,3.7811672658845787,3.1213583065177493,0.0,0.17008361625481885,0.0,0.0,0.0
reset,519.948,3.7811672658845787,3.1213583065177493,0.0,0.17008361625481885,0.0,0.0,0.0
reset,519.984,3.7811672658845787,3.1213583065177493,0.0,0.17008361625481885,0.0,0.0,0.0
reset,520.02,3.7811672658845787,3.1213583065177493,0.0,0.17008361625481885,0.0,0.0,0.0
reset,520.056,3.7811672658845787,3.1213583065177493,0.0,0.17008361625481885,0.0,0.0,0.0
reset,520.128,3.7811672658845787,3.1213583065177493,0.0,0.17008361625481885,0.0,0.0,0.0
reset,520.164,3.7811672658845787,3.1213583065177493,0.0,0.17008361625481885,0.0,0.0,0.0
reset,520.2,3.7811672658845787,3.1213583065177493,0.0,0.17008361625481885,0.0,0.0,0.0
reset,520.236,3.7811672658845787,3.1213583065177493,0.0,0.17008361625481885,0.0,0.0,0.0
reset,520.272,3.7811672658845787,3.1213583065177493,0.0,0.17008361625481885,0.0,0.0,0.0
reset,520.308,3.7811672658845787,3.1213583065177493,0.0,0.17008361625481885,0.0,0.0,0.0
reset,520.344,3.7811672658845787,3.1213583065177493,0.0,0.17008361625481885,0.0,0.0,0.0
reset,520.38,3.7811672658845787,3.1213583065177493,0.0,0.17008361625481885,0.0,0.0,0.0
reset,520.416,3.7811672658845787,3.1213583065177493,0.0,0.17008361625481885,0.0,0.0,0.0
reset,520.452,3.7811672658845787,3.1213583065177493,0.0,0.17008361625481885,0.0,0.0,0.0
reset,520.488,3.7811672658845787,3.1213583065177493,0.0,0.17008361625481885,0.0,0.0,0.0
reset,520.524,3.7811672658845787,3.1213583065177493,0.0,0.17008361625481885,0.0,0.0,0.0
reset,520.56,3.7811672658845787,3.1213583065177493,0.0,0.17008361625481885,0.0,0.0,0.0
reset,520.596,3.7811672658845787,3.1213583065177493,0.0,0.17008361625481885,0.0,0.0,0.0
reset,520.632,3.7811672658845787,3.1213583065177493,0.0,0.17008361625481885,0.0,0.0,0.0
reset,520.668,3.7811672658845787,3.1213583065177493,0.0,0.17008361625481885,0.0,0.0,0.0
reset,520.704,3.7811672658845787,3.1213583065177493,0.0,0.17008361625481885,0.0,0.0,0.0
reset,520.74,3.7811672658845787,3.1213583065177493,0.0,0.17008361625481885,0.0,0.0,0.0
reset,520.776,3.7811672658845787,3.1213583065177493,0.0,0.17008361625481885,0.0,0.0,0.0
reset,520.812,3.7811672658845787,3.1213583065177493,0.0,0.17008361625481885,0.0,0.0,0.0
reset,520.848,3.7811672658845787,3.1213583065177493,0.0,0.17008361625481885,0.0,0.0,0.0
reset,520.884,3.7811672658845787,3.1213583065177493,0.0,0.17008361625481885,0.0,0.0,0.0
reset,520.92,3.7811672658845787,3.1213583065177493,0.0,0.17008361625481885,0.0,0.0,0.0
reset,520.956,3.7811672658845787,3.1213583065177493,0.0,0.17008361625481885,0.0,0.0,0.0
reset,520.992,3.7811672658845787,3.1213583065177493,0.0,0.17008361625481885,0.0,0.0,0.0
reset,521.028,3.7811672658845787,3.1213583065177493,0.0,0.17008361625481885,0.0,0.0,0.0
reset,521.064,3.7811672658845787,3.1213583065177493,0.0,0.17008361625481885,0.0,0.0,0.0
reset,521.1,3.7811672658845787,3.1213583065177493,0.0,0.17008361625481885,0.0,0.0,0.0
reset,521.136,3.7811672658845787,3.1213583065177493,0.0,0.17008361625481885,0.0,0.0,0.0
reset,521.172,3.7811672658845787,3.1213583065177493,0.0,0.17008361625481885,0.0,0.0,0.0
reset,521.208,3.7811672658845787,3.1213583065177493,0.0,0.17008361625481885,0.0,0.0,0.0
reset,521.244,3.7811672658845787,3.1213583065177493,0.0,0.17008361625481885,0.0,0.0,0.0
reset,521.28,3.7811672658845787,3.1213583065177493,0.0,0.17008361625481885,0.0,0.0,0.0
reset,521.316,3.7811672658845787,3.1213583065177493,0.0,0.17008361625481885,0.0,0.0,0.0
reset,521.352,3.7811672658845787,3.1213583065177493,0.0,0.17008361625481885,0.0,0.0,0.0
reset,521.388,3.7811672658845787,3.1213583065177493,0.0,0.17008361625481885,0.0,0.0,0.0
reset,521.424,3.7811672658845787,3.1213583065177493,0.0,0.17008361625481885,0.0,0.0,0.0
reset,521.46,3.7811672658845787,3.1213583065177493,0.0,0.17008361625481885,0.0,0.0,0.0
reset,521.496,3.7811672658845787,3.1213583065177493,0.0,0.17008361625481885,0.0,0.0,0.0
reset,521.532,3.7811672658845787,3.1213583065177493,0.0,0.17008361625481885,0.0,0.0,0.0
reset,521.568,3.7811672658845787,3.1213583065177493,0.0,0.17008361625481885,0.0,0.0,0.0
forward_3,521.604,3.7811672658845787,3.1213583065177493,0.0,0.17008361625481885,0.0,0.0,0.0
forward_3,521.64,3.7811672658845787,3.1213583065177493,0.0,0.17008361625481885,0.0,0.0,0.0
forward_3,521.676,3.7811672658845787,3.1213583065177493,0.0,0.17008361625481885,0.0,0.0,0.0
forward_3,521.712,3.7811672658845787,3.1213583065177493,0.0,0.17008361625481885,0.0,0.0,0.0
forward_3,521.748,3.7811672658845787,3.1213583065177493,0.0,0.17008361625481885,0.0,0.0,0.0
forward_3,521.784,3.7811672658845787,3.1213583065177493,0.0,0.17008361625481885,0.0,0.0,0.0
forward_3,521.82,3.7811672658845787,3.1213583065177493,0.0,0.17008361625481885,0.0,0.0,0.0
forward_3,521.856,3.7811672658845787,3.1213583065177493,0.0,0.17008361625481885,0.0,0.0,0.0
forward_3,521.892,3.7811672658845787,3.1213583065177493,0.0,0.17008361625481885,0.0,0.0,0.0
forward_3,521.928,3.7811672658845787,3.1213583065177493,0.0,0.17008361625481885,0.0,0.0,0.0
forward_3,521.964,3.7811672658845787,3.1213583065177493,0.0,0.17008361625481885,0.0,0.0,0.0
forward_3,522.0,3.7811672658845787,3.1213583065177493,0.0,0.17008361625481885,0.0,0.0,0.0
forward_3,522.036,3.7811672658845787,3.1213583065177493,0.0,0.17008361625481885,0.0,0.0,0.0
forward_3,522.072,3.7811672658845787,3.1213583065177493,0.0,0.17008361625481885,0.0,0.0,0.0
forward_3,522.108,3.7811672658845787,3.1213583065177493,0.0,0.17008361625481885,0.0,0.0,0.0
forward_3,522.144,3.7811672658845787,3.1213583065177493,0.0,0.17008361625481885,0.0,0.0,0.0
forward_3,522.18,3.7811672658845787,3.1213583065177493,0.0,0.17008361625481885,0.0,0.0,0.0
forward_3,522.216,3.7811672658845787,3.1213583065177493,0.0,0.17008361625481885,0.0,0.0,0.0
forward_3,522.252,3.7811672658845787,3.1213583065177493,0.0,0.17008361625481885,0.0,0.0,0.0
forward_3,522.288,3.7811672658845787,3.1213583065177493,0.0,0.17008361625481885,0.0,0.0,0.0
forward_3,522.324,3.7811672658845787,3.1213583065177493,0.0,0.17008361625481885,0.0,0.0,0.0
forward_3,522.36,3.7811672658845787,3.1213583065177493,0.0,0.17008361625481885,0.0,0.0,0.0
forward_3,522.396,3.7811672658845787,3.1213583065177493,0.0,0.17008361625481885,0.0,0.0,0.0
forward_3,522.432,3.7811672658845787,3.1213583065177493,0.0,0.17008361625481885,0.0,0.0,0.0
forward_3,522.468,3.7811672658845787,3.1213583065177493,0.0,0.17008361625481885,0.0,0.0,0.0
forward_3,522.504,3.7811672658845787,3.1213583065177493,0.0,0.17008361625481885,0.0,0.0,0.0
forward_3,522.54,3.7811672658845787,3.1213583065177493,0.0,0.17008361625481885,0.0,0.0,0.0
forward_3,522.576,3.7811672658845787,3.1213583065177493,0.0,0.17008361625481885,0.0,0.0,0.0
forward_3,522.612,3.7813721660148922,3.1213934966610575,0.0,0.17008361625481885,0.006824999969830732,0.0,0.0
forward_3,522.648,3.7820241209768954,3.121505465299185,0.0,0.17008361625481885,0.019424999966203654,0.0,0.0
forward_3,522.684,3.783123130770673,3.1216942124321463,0.0,0.17008361625481885,0.03202499996259138,0.0,1.0446699831805755e-13
forward_3,522.72,3.784669195396225,3.121959738059941,0.0,0.1700836162548157,0.044624999958964295,0.0,-1.0446699831805755e-13
forward_3,522.756,3.7866623148535496,3.12230204218257,0.0,0.1700836162548157,0.05722499995530761,0.0,-1.0446699831805755e-13
forward_3,522.792,3.7891024891426492,3.1227211248000324,0.0,0.1700836162548157,0.06982499995168054,0.0,-1.0446699831805755e-13
forward_3,522.828,3.7919897182635207,3.1232169859123275,0.0,0.17008361625482823,0.08242499994800903,0.0,4.178679932722302e-13
forward_3,522.864,3.7953240022161667,3.123789625519457,0.0,0.17008361625482823,0.09502499994435235,0.0,0.0
forward_3,522.9,3.7991053410005846,3.12443904362142,0.0,0.17008361625482823,0.10762499994072527,0.0,0.0
forward_3,522.936,3.8033337346167775,3.1251652402182173,0.0,0.17008361625482823,0.12022499993706859,0.0,0.0
forward_3,522.972,3.808009183064744,3.1259682153098485,0.0,0.1700836162548251,0.1328249999334415,0.0,0.0
forward_3,523.008,3.8131316863444846,3.1268479688963136,0.0,0.17008361625482823,0.1454249999298292,0.0,1.0446699831805755e-13
forward_3,523.044,3.8187012444559993,3.127804500977612,0.0,0.17008361625482823,0.15802499992620217,0.0,1.0446699831805755e-13
forward_3,523.08,3.8247178573992873,3.1288378115537445,0.0,0.1700836162548251,0.17062499992254548,0.0,-1.0446699831805755e-13
forward_3,523.116,3.8311815251743484,3.1299479006247104,0.0,0.17008361625483764,0.18322499991890356,0.0,2.089339966361151e-13
forward_3,523.152,3.838090621589706,3.1311344889036645,0.0,0.17008361625484394,0.1957699999166322,0.0,3.134009949541727e-13
forward_3,523.188,3.8451867300305,3.1323531951708583,0.0,0.17008361625484394,0.19999999994064765,0.0,0.0
forward_3,523.224,3.852282838471293,3.133571901438052,0.0,0.17008361625484394,0.19999999994061807,0.0,0.0
forward_3,523.26,3.859378946912087,3.134790607705246,0.0,0.17008361625484394,0.19999999994064768,0.0,0.0
forward_3,523.296,3.86647505535288,3.1360093139724396,0.0,0.17008361625484394,0.19999999994061807,0.0,0.0
forward_3,523.332,3.873571163793674,3.1372280202396334,0.0,0.17008361625484394,0.19999999994064768,0.0,0.0
forward_3,523.368,3.880667272234467,3.138446726506827,0.0,0.17008361625484394,0.19999999994061807,0.0,0.0
forward_3,523.404,3.8877633806752607,3.139665432774021,0.0,0.17008361625484394,0.19999999994064765,0.0,0.0
forward_3,523.44,3.8948594891160537,3.1408841390412148,0.0,0.17008361625484394,0.19999999994061807,0.0,0.0
forward_3,523.476,3.901955597556847,3.1421028453084086,0.0,0.17008361625484078,0.19999999994063286,0.0,-1.0446699831805755e-13
forward_3,523.512,3.9090517059976406,3.1433215515756023,0.0,0.17008361625484394,0.19999999994061807,0.0,0.0
forward_3,523.548,3.916147814438434,3.144540257842796,0.0,0.17008361625484078,0.19999999994063286,0.0,-1.0446699831805755e-13
forward_3,523.584,3.9232439228792275,3.14575896410999,0.0,0.17008361625484394,0.19999999994061807,0.0,0.0
forward_3,523.62,3.930340031320021,3.1469776703771837,0.0,0.17008361625484078,0.19999999994063286,0.0,-1.0446699831805755e-13
forward_3,523.656,3.9374361397608144,3.1481963766443775,0.0,0.17008361625484394,0.19999999994063286,0.0,1.0446699831805755e-13
forward_3,523.692,3.944532248201608,3.1494150829115712,0.0,0.17008361625484078,0.19999999994063286,0.0,-1.0446699831805755e-13
forward_3,523.728,3.9516283566424013,3.150633789178765,0.0,0.17008361625484394,0.19999999994063286,0.0,1.0446699831805755e-13
forward_3,523.764,3.9587244650831943,3.151852495445959,0.0,0.17008361625484394,0.19999999994061807,0.0,0.0
forward_3,523.8,3.965820573523988,3.1530712017131526,0.0,0.17008361625484394,0.19999999994063286,0.0,1.0446699831805755e-13
forward_3,523.836,3.972916681964781,3.1542899079803464,0.0,0.17008361625484394,0.19999999994061807,0.0,0.0
forward_3,523.872,3.980012790405575,3.15550861424754,0.0,0.17008361625484394,0.1999999999406329,0.0,1.0446699831805755e-13
forward_3,523.908,3.987108898846368,3.156727320514734,0.0,0.17008361625484394,0.19999999994061807,0.0,0.0
forward_3,523.944,3.994205007287162,3.1579460267819277,0.0,0.17008361625484394,0.19999999994064768,0.0,0.0
forward_3,523.98,4.001301115727956,3.1591647330491215,0.0,0.17008361625484394,0.19999999994061807,0.0,0.0
forward_3,524.016,4.008397224168754,3.1603834393163153,0.0,0.17008361625484394,0.19999999994064768,0.0,0.0
forward_3,524.052,4.0154933326095525,3.161602145583509,0.0,0.17008361625484394,0.19999999994061807,0.0,0.0
forward_3,524.088,4.022589441050351,3.162820851850703,0.0,0.17008361625484394,0.19999999994064765,0.0,0.0
forward_3,524.124,4.029685549491149,3.1640395581178966,0.0,0.17008361625484394,0.19999999994061807,0.0,0.0
forward_3,524.16,4.0367816579319475,3.1652582643850904,0.0,0.17008361625484394,0.19999999994064768,0.0,0.0
forward_3,524.196,4.043877766372746,3.166476970652284,0.0,0.17008361625484394,0.19999999994061807,0.0,0.0
forward_3,524.232,4.050973874813544,3.167695676919478,0.0,0.17008361625484394,0.19999999994064768,0.0,0.0
forward_3,524.268,4.0580699832543425,3.1689143831866717,0.0,0.17008361625484394,0.19999999994061807,0.0,0.0
forward_3,524.304,4.065166091695141,3.1701330894538655,0.0,0.17008361625484394,0.19999999994064765,0.0,0.0
forward_3,524.34,4.072262200135939,3.1713517957210593,0.0,0.17008361625484394,0.19999999994061807,0.0,0.0
forward_3,524.376,4.0793583085767375,3.172570501988253,0.0,0.17008361625484394,0.19999999994064765,0.0,0.0
forward_3,524.412,4.086454417017536,3.173789208255447,0.0,0.17008361625484394,0.19999999994061807,0.0,0.0
forward_3,524.448,4.093550525458334,3.1750079145226406,0.0,0.17008361625484078,0.19999999994063286,0.0,-1.0446699831805755e-13
forward_3,524.484,4.1006466338991325,3.1762266207898344,0.0,0.17008361625484394,0.19999999994061807,0.0,0.0
forward_3,524.52,4.107742742339931,3.177445327057028,0.0,0.17008361625484078,0.19999999994063286,0.0,-1.0446699831805755e-13
forward_3,524.556,4.114838850780729,3.178664033324222,0.0,0.17008361625484394,0.19999999994061807,0.0,0.0
forward_3,524.592,4.1219349592215275,3.1798827395914158,0.0,0.17008361625484078,0.19999999994063286,0.0,-1.0446699831805755e-13
forward_3,524.628,4.129031067662326,3.1811014458586095,0.0,0.17008361625484394,0.19999999994063286,0.0,1.0446699831805755e-13
forward_3,524.664,4.136127176103124,3.1823201521258033,0.0,0.17008361625484078,0.19999999994063286,0.0,-1.0446699831805755e-13
forward_3,524.7,4.1432232845439225,3.183538858392997,0.0,0.17008361625484394,0.19999999994063286,0.0,1.0446699831805755e-13
forward_3,524.736,4.150319392984721,3.184757564660191,0.0,0.17008361625484394,0.19999999994061807,0.0,0.0
forward_3,524.772,4.157415501425519,3.1859762709273847,0.0,0.17008361625484394,0.19999999994063286,0.0,1.0446699831805755e-13
forward_3,524.808,4.1645116098663175,3.1871949771945784,0.0,0.17008361625484394,0.19999999994061807,0.0,0.0
forward_3,524.844,4.171607718307116,3.1884136834617722,0.0,0.17008361625484394,0.1999999999406329,0.0,1.0446699831805755e-13
forward_3,524.88,4.178703826747914,3.189632389728966,0.0,0.17008361625484394,0.19999999994061807,0.0,0.0
forward_3,524.916,4.1857999351887125,3.19085109599616,0.0,0.17008361625484394,0.19999999994064768,0.0,0.0
forward_3,524.952,4.192896043629511,3.1920698022633536,0.0,0.17008361625484394,0.19999999994061807,0.0,0.0
forward_3,524.988,4.199992152070309,3.1932885085305474,0.0,0.17008361625484394,0.19999999994064768,0.0,0.0
forward_3,525.024,4.2070882605111075,3.194507214797741,0.0,0.17008361625484394,0.19999999994061807,0.0,0.0
forward_3,525.06,4.214184368951906,3.195725921064935,0.0,0.17008361625484394,0.19999999994064765,0.0,0.0
forward_3,525.096,4.221280477392704,3.1969446273321287,0.0,0.17008361625484394,0.19999999994061807,0.0,0.0
forward_3,525.132,4.2283765858335025,3.1981633335993225,0.0,0.17008361625484394,0.19999999994064768,0.0,0.0
forward_3,525.168,4.235472694274301,3.1993820398665163,0.0,0.17008361625484394,0.19999999994061807,0.0,0.0
forward_3,525.204,4.242568802715099,3.20060074613371,0.0,0.17008361625484394,0.19999999994064768,0.0,0.0
forward_3,525.24,4.2496649111558975,3.201819452400904,0.0,0.17008361625484394,0.19999999994061807,0.0,0.0
forward_3,525.276,4.256761019596696,3.2030381586680976,0.0,0.17008361625484394,0.19999999994064765,0.0,0.0
forward_3,525.312,4.263857128037494,3.2042568649352914,0.0,0.17008361625484394,0.19999999994061807,0.0,0.0
forward_3,525.348,4.2709532364782925,3.205475571202485,0.0,0.17008361625484078,0.19999999994063286,0.0,-1.0446699831805755e-13
forward_3,525.384,4.278049344919091,3.206694277469679,0.0,0.17008361625484394,0.19999999994061807,0.0,0.0
forward_3,525.42,4.285145453359889,3.2079129837368727,0.0,0.17008361625484078,0.19999999994063286,0.0,-1.0446699831805755e-13
forward_3,525.456,4.2922415618006875,3.2091316900040665,0.0,0.17008361625484394,0.19999999994061807,0.0,0.0
forward_3,525.492,4.299337670241486,3.2103503962712603,0.0,0.17008361625484078,0.19999999994063286,0.0,-1.0446699831805755e-13
forward_3,525.528,4.306433778682284,3.211569102538454,0.0,0.17008361625484394,0.19999999994063286,0.0,1.0446699831805755e-13
forward_3,525.564,4.3135298871230825,3.212787808805648,0.0,0.17008361625484078,0.19999999994063286,0.0,-1.0446699831805755e-13
forward_3,525.6,4.320625995563881,3.2140065150728416,0.0,0.17008361625484394,0.19999999994063286,0.0,1.0446699831805755e-13
forward_3,525.636,4.327722104004679,3.2152252213400354,0.0,0.17008361625484394,0.19999999994061807,0.0,0.0
forward_3,525.672,4.3348182124454775,3.216443927607229,0.0,0.17008361625484394,0.19999999994063286,0.0,1.0446699831805755e-13
forward_3,525.708,4.341914320886276,3.217662633874423,0.0,0.17008361625484394,0.19999999994061807,0.0,0.0
forward_3,525.744,4.349010429327074,3.2188813401416168,0.0,0.17008361625484394,0.1999999999406329,0.0,1.0446699831805755e-13
forward_3,525.78,4.3561065377678725,3.2201000464088105,0.0,0.17008361625484394,0.19999999994061807,0.0,0.0
forward_3,525.816,4.363202646208671,3.2213187526760043,0.0,0.17008361625484394,0.19999999994064768,0.0,0.0
forward_3,525.852,4.370298754649469,3.222537458943198,0.0,0.17008361625484394,0.19999999994061807,0.0,0.0
forward_3,525.888,4.3773948630902675,3.223756165210392,0.0,0.17008361625484394,0.19999999994064768,0.0,0.0
forward_3,525.924,4.384490971531066,3.2249748714775857,0.0,0.17008361625484394,0.19999999994061807,0.0,0.0
forward_3,525.96,4.391587079971864,3.2261935777447794,0.0,0.17008361625484394,0.19999999994064765,0.0,0.0
forward_3,525.996,4.3986831884126625,3.227412284011973,0.0,0.17008361625484394,0.19999999994061807,0.0,0.0
forward_3,526.032,4.405779296853461,3.228630990279167,0.0,0.17008361625484394,0.19999999994064768,0.0,0.0
forward_3,526.068,4.412875405294259,3.229849696546361,0.0,0.17008361625484394,0.19999999994061807,0.0,0.0
forward_3,526.104,4.4199715137350575,3.2310684028135546,0.0,0.17008361625484394,0.19999999994064768,0.0,0.0
forward_3,526.14,4.427067622175856,3.2322871090807483,0.0,0.17008361625484394,0.19999999994061807,0.0,0.0
forward_3,526.176,4.434163730616654,3.233505815347942,0.0,0.17008361625484394,0.19999999994064765,0.0,0.0
forward_3,526.212,4.4412598390574525,3.234724521615136,0.0,0.17008361625484394,0.19999999994061807,0.0,0.0
forward_3,526.248,4.448355947498251,3.2359432278823297,0.0,0.17008361625484078,0.19999999994063286,0.0,-1.0446699831805755e-13
forward_3,526.284,4.455452055939049,3.2371619341495235,0.0,0.17008361625484394,0.19999999994061807,0.0,0.0
forward_3,526.32,4.4625481643798475,3.2383806404167172,0.0,0.17008361625484078,0.19999999994063286,0.0,-1.0446699831805755e-13
forward_3,526.356,4.469644272820646,3.239599346683911,0.0,0.17008361625484394,0.19999999994061807,0.0,0.0
forward_3,526.392,4.476740381261444,3.240818052951105,0.0,0.17008361625484078,0.19999999994063286,0.0,-1.0446699831805755e-13
forward_3,526.428,4.4838364897022425,3.2420367592182986,0.0,0.17008361625484394,0.19999999994063286,0.0,1.0446699831805755e-13
forward_3,526.464,4.490932598143041,3.2432554654854924,0.0,0.17008361625484078,0.19999999994063286,0.0,-1.0446699831805755e-13
forward_3,526.5,4.498028706583839,3.244474171752686,0.0,0.17008361625484394,0.19999999994063286,0.0,1.0446699831805755e-13
forward_3,526.536,4.5051248150246375,3.24569287801988,0.0,0.17008361625484394,0.19999999994061807,0.0,0.0
forward_3,526.572,4.512220923465436,3.2469115842870737,0.0,0.17008361625484394,0.19999999994063286,0.0,1.0446699831805755e-13
forward_3,526.608,4.519317031906234,3.2481302905542675,0.0,0.17008361625484394,0.19999999994061807,0.0,0.0
forward_3,526.644,4.5264131403470325,3.2493489968214613,0.0,0.17008361625484394,0.1999999999406329,0.0,1.0446699831805755e-13
forward_3,526.68,4.533509248787831,3.250567703088655,0.0,0.17008361625484394,0.19999999994061807,0.0,0.0
forward_3,526.716,4.540605357228629,3.251786409355849,0.0,0.17008361625484394,0.19999999994064768,0.0,0.0
forward_3,526.752,4.5477014656694275,3.2530051156230426,0.0,0.17008361625484394,0.19999999994061807,0.0,0.0
forward_3,526.788,4.554797574110226,3.2542238218902364,0.0,0.17008361625484394,0.19999999994064768,0.0,0.0
forward_3,526.824,4.561893682551024,3.25544252815743,0.0,0.17008361625484394,0.19999999994061807,0.0,0.0
forward_3,526.86,4.5689897909918225,3.256661234424624,0.0,0.17008361625484394,0.19999999994064768,0.0,0.0
forward_3,526.896,4.576085899432621,3.2578799406918177,0.0,0.17008361625484394,0.19999999994061807,0.0,0.0
forward_3,526.932,4.583182007873419,3.2590986469590115,0.0,0.17008361625484394,0.19999999994064768,0.0,0.0
forward_3,526.968,4.5902781163142174,3.2603173532262053,0.0,0.17008361625484394,0.19999999994061807,0.0,0.0
forward_3,527.004,4.597374224755016,3.261536059493399,0.0,0.17008361625484394,0.19999999994064768,0.0,0.0
forward_3,527.04,4.604470333195814,3.262754765760593,0.0,0.17008361625484394,0.19999999994061807,0.0,0.0
forward_3,527.076,4.6115664416366124,3.2639734720277866,0.0,0.17008361625484394,0.19999999994064768,0.0,0.0
forward_3,527.112,4.618662550077411,3.2651921782949804,0.0,0.17008361625484394,0.19999999994061807,0.0,0.0
forward_3,527.148,4.625758658518209,3.266410884562174,0.0,0.17008361625484394,0.19999999994064765,0.0,0.0
forward_3,527.184,4.632854766959007,3.267629590829368,0.0,0.17008361625484394,0.19999999994061807,0.0,0.0
forward_3,527.22,4.639950875399806,3.2688482970965618,0.0,0.17008361625484078,0.19999999994063286,0.0,-1.0446699831805755e-13
forward_3,527.256,4.647046983840604,3.2700670033637556,0.0,0.17008361625484394,0.19999999994061807,0.0,0.0
forward_3,527.292,4.654143092281402,3.2712857096309493,0.0,0.17008361625484078,0.19999999994063286,0.0,-1.0446699831805755e-13
forward_3,527.328,4.661239200722201,3.272504415898143,0.0,0.17008361625484394,0.19999999994061807,0.0,0.0
forward_3,527.364,4.668335309162999,3.273723122165337,0.0,0.17008361625484078,0.19999999994063286,0.0,-1.0446699831805755e-13
forward_3,527.4,4.675431417603797,3.2749418284325307,0.0,0.17008361625484394,0.19999999994063286,0.0,1.0446699831805755e-13
forward_3,527.436,4.682527526044596,3.2761605346997245,0.0,0.17008361625484078,0.19999999994063286,0.0,-1.0446699831805755e-13
forward_3,527.472,4.689623634485394,3.2773792409669182,0.0,0.17008361625484394,0.19999999994063286,0.0,1.0446699831805755e-13
forward_3,527.508,4.696719742926192,3.278597947234112,0.0,0.17008361625484394,0.19999999994061807,0.0,0.0
forward_3,527.544,4.703815851366991,3.279816653501306,0.0,0.17008361625484394,0.19999999994063286,0.0,1.0446699831805755e-13
forward_3,527.58,4.710911959807789,3.2810353597684996,0.0,0.17008361625484394,0.19999999994061807,0.0,0.0
forward_3,527.616,4.717696726491943,3.2822005952984252,0.0,0.17008361625484394,0.18987499997738705,0.0,1.0446699831805755e-13
forward_3,527.652,4.723906708392387,3.283267115620707,0.0,0.17008361625484078,0.17367499998208005,0.0,-1.0446699831805755e-13
forward_3,527.688,4.729541905509125,3.2842349207353454,0.0,0.17008361625484394,0.15747499998678788,0.0,0.0
forward_3,527.724,4.7346023178421515,3.2851040106423404,0.0,0.17008361625484394,0.14127499999145124,0.0,0.0
forward_3,527.76,4.7390879453914705,3.2858743853416925,0.0,0.17008361625484394,0.12507499999615906,0.0,1.0446699831805755e-13
forward_3,527.796,4.74299878815708,3.286546044833402,0.0,0.17008361625483137,0.10887500000079284,0.0,-3.134009949541727e-13
forward_3,527.832,4.746334846138979,3.287118989117466,0.0,0.17008361625483137,0.09267500000547102,0.0,0.0
forward_3,527.868,4.74909611933717,3.2875932181938876,0.0,0.17008361625483137,0.07647500001014922,0.0,1.0446699831805755e-13
forward_3,527.904,4.751282607751651,3.287968732062665,0.0,0.17008361625483137,0.060275000014827405,0.0,0.0
forward_3,527.94,4.752894311382424,3.2882455307238003,0.0,0.17008361625483137,0.044075000019535196,0.0,1.0446699831805755e-13
forward_3,527.976,4.753931230229488,3.288423614177293,0.0,0.17008361625483137,0.027875000024228193,0.0,1.0446699831805755e-13
forward_3,528.012,4.754393364292843,3.2885029824231413,0.0,0.17008361625482823,0.011675000028891585,0.0,-1.0446699831805755e-13
forward_3,528.048,4.754419679028702,3.288507501792283,0.0,0.17008361625482196,0.00017500000669320076,0.0,0.0
forward_3,528.084,4.754419679028702,3.288507501792283,0.0,0.17008361625482196,0.0,0.0,0.0
forward_3,528.12,4.754419679028702,3.288507501792283,0.0,0.17008361625482196,0.0,0.0,0.0
forward_3,528.156,4.754419679028702,3.288507501792283,0.0,0.17008361625482196,0.0,0.0,0.0
forward_3,528.192,4.754419679028702,3.288507501792283,0.0,0.17008361625482196,0.0,0.0,0.0
forward_3,528.228,4.754419679028702,3.288507501792283,0.0,0.17008361625482196,0.0,0.0,0.0
forward_3,528.264,4.754419679028702,3.288507501792283,0.0,0.17008361625482196,0.0,0.0,0.0
forward_3,528.3,4.754419679028702,3.288507501792283,0.0,0.17008361625482196,0.0,0.0,0.0
forward_3,528.336,4.754419679028702,3.288507501792283,0.0,0.17008361625482196,0.0,0.0,0.0
forward_3,528.372,4.754419679028702,3.288507501792283,0.0,0.17008361625482196,0.0,0.0,0.0
forward_3,528.408,4.754419679028702,3.288507501792283,0.0,0.17008361625482196,0.0,0.0,0.0
forward_3,528.444,4.754419679028702,3.288507501792283,0.0,0.17008361625482196,0.0,0.0,0.0
forward_3,528.48,4.754419679028702,3.288507501792283,0.0,0.17008361625482196,0.0,0.0,0.0
forward_3,528.516,4.754419679028702,3.288507501792283,0.0,0.17008361625482196,0.0,0.0,0.0
forward_3,528.552,4.754419679028702,3.288507501792283,0.0,0.17008361625482196,0.0,0.0,0.0
forward_3,528.588,4.754419679028702,3.288507501792283,0.0,0.17008361625482196,0.0,0.0,0.0
forward_3,528.624,4.754419679028702,3.288507501792283,0.0,0.17008361625482196,0.0,0.0,0.0
forward_3,528.66,4.754419679028702,3.288507501792283,0.0,0.17008361625482196,0.0,0.0,0.0
forward_3,528.696,4.754419679028702,3.288507501792283,0.0,0.17008361625482196,0.0,0.0,0.0
forward_3,528.732,4.754419679028702,3.288507501792283,0.0,0.17008361625482196,0.0,0.0,0.0
forward_3,528.768,4.754419679028702,3.288507501792283,0.0,0.17008361625482196,0.0,0.0,0.0
forward_3,528.804,4.754419679028702,3.288507501792283,0.0,0.17008361625482196,0.0,0.0,0.0
forward_3,528.84,4.754419679028702,3.288507501792283,0.0,0.17008361625482196,0.0,0.0,0.0
forward_3,528.876,4.754419679028702,3.288507501792283,0.0,0.17008361625482196,0.0,0.0,0.0
forward_3,528.912,4.754419679028702,3.288507501792283,0.0,0.17008361625482196,0.0,0.0,0.0
forward_3,528.948,4.754419679028702,3.288507501792283,0.0,0.17008361625482196,0.0,0.0,0.0
forward_3,528.984,4.754419679028702,3.288507501792283,0.0,0.17008361625482196,0.0,0.0,0.0
forward_3,529.02,4.754419679028702,3.288507501792283,0.0,0.17008361625482196,0.0,0.0,0.0
forward_3,529.056,4.754419679028702,3.288507501792283,0.0,0.17008361625482196,0.0,0.0,0.0
forward_3,529.092,4.754419679028702,3.288507501792283,0.0,0.17008361625482196,0.0,0.0,0.0
forward_3,529.128,4.754419679028702,3.288507501792283,0.0,0.17008361625482196,0.0,0.0,0.0
forward_3,529.164,4.754419679028702,3.288507501792283,0.0,0.17008361625482196,0.0,0.0,0.0
forward_3,529.2,4.754419679028702,3.288507501792283,0.0,0.17008361625482196,0.0,0.0,0.0
forward_3,529.236,4.754419679028702,3.288507501792283,0.0,0.17008361625482196,0.0,0.0,0.0
forward_3,529.272,4.754419679028702,3.288507501792283,0.0,0.17008361625482196,0.0,0.0,0.0
forward_3,529.308,4.754419679028702,3.288507501792283,0.0,0.17008361625482196,0.0,0.0,0.0
forward_3,529.344,4.754419679028702,3.288507501792283,0.0,0.17008361625482196,0.0,0.0,0.0
forward_3,529.38,4.754419679028702,3.288507501792283,0.0,0.17008361625482196,0.0,0.0,0.0
forward_3,529.416,4.754419679028702,3.288507501792283,0.0,0.17008361625482196,0.0,0.0,0.0
forward_3,529.452,4.754419679028702,3.288507501792283,0.0,0.17008361625482196,0.0,0.0,0.0
forward_3,529.488,4.754419679028702,3.288507501792283,0.0,0.17008361625482196,0.0,0.0,0.0
forward_3,529.524,4.754419679028702,3.288507501792283,0.0,0.17008361625482196,0.0,0.0,0.0
forward_3,529.56,4.754419679028702,3.288507501792283,0.0,0.17008361625482196,0.0,0.0,0.0
forward_3,529.596,4.754419679028702,3.288507501792283,0.0,0.17008361625482196,0.0,0.0,0.0
forward_3,529.632,4.754419679028702,3.288507501792283,0.0,0.17008361625482196,0.0,0.0,0.0
forward_3,529.668,4.754419679028702,3.288507501792283,0.0,0.17008361625482196,0.0,0.0,0.0
forward_3,529.704,4.754419679028702,3.288507501792283,0.0,0.17008361625482196,0.0,0.0,0.0
forward_3,529.74,4.754419679028702,3.288507501792283,0.0,0.17008361625482196,0.0,0.0,0.0
forward_3,529.776,4.754419679028702,3.288507501792283,0.0,0.17008361625482196,0.0,0.0,0.0
forward_3,529.812,4.754419679028702,3.288507501792283,0.0,0.17008361625482196,0.0,0.0,0.0
forward_3,529.848,4.754419679028702,3.288507501792283,0.0,0.17008361625482196,0.0,0.0,0.0
forward_3,529.884,4.754419679028702,3.288507501792283,0.0,0.17008361625482196,0.0,0.0,0.0
forward_3,529.92,4.754419679028702,3.288507501792283,0.0,0.17008361625482196,0.0,0.0,0.0
forward_3,529.956,4.754419679028702,3.288507501792283,0.0,0.17008361625482196,0.0,0.0,0.0
forward_3,529.992,4.754419679028702,3.288507501792283,0.0,0.17008361625482196,0.0,0.0,0.0
forward_3,530.028,4.754419679028702,3.288507501792283,0.0,0.17008361625482196,0.0,0.0,0.0
forward_3,530.064,4.754419679028702,3.288507501792283,0.0,0.17008361625482196,0.0,0.0,0.0
forward_3,530.1,4.754419679028702,3.288507501792283,0.0,0.17008361625482196,0.0,0.0,0.0
forward_3,530.136,4.754419679028702,3.288507501792283,0.0,0.17008361625482196,0.0,0.0,0.0
forward_3,530.172,4.754419679028702,3.288507501792283,0.0,0.17008361625482196,0.0,0.0,0.0
forward_3,530.208,4.754419679028702,3.288507501792283,0.0,0.17008361625482196,0.0,0.0,0.0
forward_3,530.244,4.754419679028702,3.288507501792283,0.0,0.17008361625482196,0.0,0.0,0.0
forward_3,530.28,4.754419679028702,3.288507501792283,0.0,0.17008361625482196,0.0,0.0,0.0
forward_3,530.316,4.754419679028702,3.288507501792283,0.0,0.17008361625482196,0.0,0.0,0.0
forward_3,530.352,4.754419679028702,3.288507501792283,0.0,0.17008361625482196,0.0,0.0,0.0
forward_3,530.388,4.754419679028702,3.288507501792283,0.0,0.17008361625482196,0.0,0.0,0.0
forward_3,530.424,4.754419679028702,3.288507501792283,0.0,0.17008361625482196,0.0,0.0,0.0
forward_3,530.46,4.754419679028702,3.288507501792283,0.0,0.17008361625482196,0.0,0.0,0.0
forward_3,530.496,4.754419679028702,3.288507501792283,0.0,0.17008361625482196,0.0,0.0,0.0
forward_3,530.532,4.754419679028702,3.288507501792283,0.0,0.17008361625482196,0.0,0.0,0.0
forward_3,530.568,4.754419679028702,3.288507501792283,0.0,0.17008361625482196,0.0,0.0,0.0
reset,530.604,4.754419679028702,3.288507501792283,0.0,0.17008361625482196,0.0,0.0,0.0
reset,530.64,4.754419679028702,3.288507501792283,0.0,0.17008361625482196,0.0,0.0,0.0
reset,530.676,4.754419679028702,3.288507501792283,0.0,0.17008361625482196,0.0,0.0,0.0
reset,530.712,4.754419679028702,3.288507501792283,0.0,0.17008361625482196,0.0,0.0,0.0
reset,530.748,4.754419679028702,3.288507501792283,0.0,0.17008361625482196,0.0,0.0,0.0
reset,530.784,4.754419679028702,3.288507501792283,0.0,0.17008361625482196,0.0,0.0,0.0
reset,530.82,4.754419679028702,3.288507501792283,0.0,0.17008361625482196,0.0,0.0,0.0
reset,530.856,4.754419679028702,3.288507501792283,0.0,0.17008361625482196,0.0,0.0,0.0
reset,530.892,4.754419679028702,3.288507501792283,0.0,0.17008361625482196,0.0,0.0,0.0
reset,530.928,4.754419679028702,3.288507501792283,0.0,0.17008361625482196,0.0,0.0,0.0
reset,530.964,4.754419679028702,3.288507501792283,0.0,0.17008361625482196,0.0,0.0,0.0
reset,531.0,4.754419679028702,3.288507501792283,0.0,0.17008361625482196,0.0,0.0,0.0
reset,531.036,4.754419679028702,3.288507501792283,0.0,0.17008361625482196,0.0,0.0,0.0
reset,531.072,4.754419679028702,3.288507501792283,0.0,0.17008361625482196,0.0,0.0,0.0
reset,531.108,4.754419679028702,3.288507501792283,0.0,0.17008361625482196,0.0,0.0,0.0
reset,531.144,4.754419679028702,3.288507501792283,0.0,0.17008361625482196,0.0,0.0,0.0
reset,531.18,4.754419679028702,3.288507501792283,0.0,0.17008361625482196,0.0,0.0,0.0
reset,531.216,4.754419679028702,3.288507501792283,0.0,0.17008361625482196,0.0,0.0,0.0
reset,531.252,4.754419679028702,3.288507501792283,0.0,0.17008361625482196,0.0,0.0,0.0
reset,531.288,4.754419679028702,3.288507501792283,0.0,0.17008361625482196,0.0,0.0,0.0
reset,531.324,4.754419679028702,3.288507501792283,0.0,0.17008361625482196,0.0,0.0,0.0
reset,531.36,4.754419679028702,3.288507501792283,0.0,0.17008361625482196,0.0,0.0,0.0
reset,531.396,4.754419679028702,3.288507501792283,0.0,0.17008361625482196,0.0,0.0,0.0
reset,531.432,4.754419679028702,3.288507501792283,0.0,0.17008361625482196,0.0,0.0,0.0
reset,531.468,4.754419679028702,3.288507501792283,0.0,0.17008361625482196,0.0,0.0,0.0
reset,531.504,4.754419679028702,3.288507501792283,0.0,0.17008361625482196,0.0,0.0,0.0
reset,531.54,4.754419679028702,3.288507501792283,0.0,0.17008361625482196,0.0,0.0,0.0
reset,531.576,4.754419679028702,3.288507501792283,0.0,0.17008361625482196,0.0,0.0,0.0
reset,531.648,4.754419679028702,3.288507501792283,0.0,0.17008361625482196,0.0,0.0,0.0
reset,531.684,4.754419679028702,3.288507501792283,0.0,0.17008361625482196,0.0,0.0,0.0
reset,531.72,4.754419679028702,3.288507501792283,0.0,0.17008361625482196,0.0,0.0,0.0
reset,531.756,4.754419679028702,3.288507501792283,0.0,0.17008361625482196,0.0,0.0,0.0
reset,531.792,4.754419679028702,3.288507501792283,0.0,0.17008361625482196,0.0,0.0,0.0
reset,531.828,4.754419679028702,3.288507501792283,0.0,0.17008361625482196,0.0,0.0,0.0
reset,531.864,4.754419679028702,3.288507501792283,0.0,0.17008361625482196,0.0,0.0,0.0
reset,531.9,4.754419679028702,3.288507501792283,0.0,0.17008361625482196,0.0,0.0,0.0
reset,531.936,4.754419679028702,3.288507501792283,0.0,0.17008361625482196,0.0,0.0,0.0
reset,531.972,4.754419679028702,3.288507501792283,0.0,0.17008361625482196,0.0,0.0,0.0
reset,532.008,4.754419679028702,3.288507501792283,0.0,0.17008361625482196,0.0,0.0,0.0
reset,532.044,4.754419679028702,3.288507501792283,0.0,0.17008361625482196,0.0,0.0,0.0
reset,532.08,4.754419679028702,3.288507501792283,0.0,0.17008361625482196,0.0,0.0,0.0
reset,532.116,4.754419679028702,3.288507501792283,0.0,0.17008361625482196,0.0,0.0,0.0
reset,532.152,4.754419679028702,3.288507501792283,0.0,0.17008361625482196,0.0,0.0,0.0
reset,532.188,4.754419679028702,3.288507501792283,0.0,0.17008361625482196,0.0,0.0,0.0
reset,532.224,4.754419679028702,3.288507501792283,0.0,0.17008361625482196,0.0,0.0,0.0
reset,532.26,4.754419679028702,3.288507501792283,0.0,0.17008361625482196,0.0,0.0,0.0
reset,532.296,4.754419679028702,3.288507501792283,0.0,0.17008361625482196,0.0,0.0,0.0
reset,532.332,4.754419679028702,3.288507501792283,0.0,0.17008361625482196,0.0,0.0,0.0
reset,532.368,4.754419679028702,3.288507501792283,0.0,0.17008361625482196,0.0,0.0,0.0
reset,532.404,4.754419679028702,3.288507501792283,0.0,0.17008361625482196,0.0,0.0,0.0
reset,532.44,4.754419679028702,3.288507501792283,0.0,0.17008361625482196,0.0,0.0,0.0
reset,532.476,4.754419679028702,3.288507501792283,0.0,0.17008361625482196,0.0,0.0,0.0
reset,532.512,4.754419679028702,3.288507501792283,0.0,0.17008361625482196,0.0,0.0,0.0
reset,532.548,4.754419679028702,3.288507501792283,0.0,0.17008361625482196,0.0,0.0,0.0
reset,532.584,4.754419679028702,3.288507501792283,0.0,0.17008361625482196,0.0,0.0,0.0
reset,532.62,4.754419679028702,3.288507501792283,0.0,0.17008361625482196,0.0,0.0,0.0
reset,532.656,4.754419679028702,3.288507501792283,0.0,0.17008361625482196,0.0,0.0,0.0
reset,532.692,4.754419679028702,3.288507501792283,0.0,0.17008361625482196,0.0,0.0,0.0
reset,532.728,4.754419679028702,3.288507501792283,0.0,0.17008361625482196,0.0,0.0,0.0
reset,532.764,4.754419679028702,3.288507501792283,0.0,0.17008361625482196,0.0,0.0,0.0
reset,532.8,4.754419679028702,3.288507501792283,0.0,0.17008361625482196,0.0,0.0,0.0
reset,532.836,4.754419679028702,3.288507501792283,0.0,0.17008361625482196,0.0,0.0,0.0
reset,532.872,4.754419679028702,3.288507501792283,0.0,0.17008361625482196,0.0,0.0,0.0
reset,532.908,4.754419679028702,3.288507501792283,0.0,0.17008361625482196,0.0,0.0,0.0
reset,532.944,4.754419679028702,3.288507501792283,0.0,0.17008361625482196,0.0,0.0,0.0
reset,532.98,4.754419679028702,3.288507501792283,0.0,0.17008361625482196,0.0,0.0,0.0
reset,533.016,4.754419679028702,3.288507501792283,0.0,0.17008361625482196,0.0,0.0,0.0
reset,533.052,4.754419679028702,3.288507501792283,0.0,0.17008361625482196,0.0,0.0,0.0
reverse_3,533.088,4.754419679028702,3.288507501792283,0.0,0.17008361625482196,0.0,0.0,0.0
reverse_3,533.124,4.754419679028702,3.288507501792283,0.0,0.17008361625482196,0.0,0.0,0.0
reverse_3,533.16,4.754419679028702,3.288507501792283,0.0,0.17008361625482196,0.0,0.0,0.0
reverse_3,533.196,4.754419679028702,3.288507501792283,0.0,0.17008361625482196,0.0,0.0,0.0
reverse_3,533.232,4.754419679028702,3.288507501792283,0.0,0.17008361625482196,0.0,0.0,0.0
reverse_3,533.268,4.754419679028702,3.288507501792283,0.0,0.17008361625482196,0.0,0.0,0.0
reverse_3,533.304,4.754419679028702,3.288507501792283,0.0,0.17008361625482196,0.0,0.0,0.0
reverse_3,533.34,4.754419679028702,3.288507501792283,0.0,0.17008361625482196,0.0,0.0,0.0
reverse_3,533.376,4.754419679028702,3.288507501792283,0.0,0.17008361625482196,0.0,0.0,0.0
reverse_3,533.412,4.754419679028702,3.288507501792283,0.0,0.17008361625482196,0.0,0.0,0.0
reverse_3,533.448,4.754419679028702,3.288507501792283,0.0,0.17008361625482196,0.0,0.0,0.0
reverse_3,533.484,4.754419679028702,3.288507501792283,0.0,0.17008361625482196,0.0,0.0,0.0
reverse_3,533.52,4.754419679028702,3.288507501792283,0.0,0.17008361625482196,0.0,0.0,0.0
reverse_3,533.556,4.754419679028702,3.288507501792283,0.0,0.17008361625482196,0.0,0.0,0.0
reverse_3,533.592,4.754419679028702,3.288507501792283,0.0,0.17008361625482196,0.0,0.0,0.0
reverse_3,533.628,4.754419679028702,3.288507501792283,0.0,0.17008361625482196,0.0,0.0,0.0
reverse_3,533.664,4.754419679028702,3.288507501792283,0.0,0.17008361625482196,0.0,0.0,0.0
reverse_3,533.7,4.754419679028702,3.288507501792283,0.0,0.17008361625482196,0.0,0.0,0.0
reverse_3,533.736,4.754419679028702,3.288507501792283,0.0,0.17008361625482196,0.0,0.0,0.0
reverse_3,533.772,4.754419679028702,3.288507501792283,0.0,0.17008361625482196,0.0,0.0,0.0
reverse_3,533.808,4.754419679028702,3.288507501792283,0.0,0.17008361625482196,0.0,0.0,0.0
reverse_3,533.844,4.754419679028702,3.288507501792283,0.0,0.17008361625482196,0.0,0.0,0.0
reverse_3,533.88,4.754419679028702,3.288507501792283,0.0,0.17008361625482196,0.0,0.0,0.0
reverse_3,533.916,4.754419679028702,3.288507501792283,0.0,0.17008361625482196,0.0,0.0,0.0
reverse_3,533.952,4.754419679028702,3.288507501792283,0.0,0.17008361625482196,0.0,0.0,0.0
reverse_3,533.988,4.754419679028702,3.288507501792283,0.0,0.17008361625482196,0.0,0.0,0.0
reverse_3,534.024,4.754419679028702,3.288507501792283,0.0,0.17008361625482196,0.0,0.0,0.0
reverse_3,534.06,4.754419679028702,3.288507501792283,0.0,0.17008361625482196,0.0,0.0,0.0
reverse_3,534.096,4.754395729663031,3.288503388658685,0.0,0.17008361625482196,-0.0008099999890376353,0.0,0.0
reverse_3,534.132,4.75394069171053,3.2884252391195186,0.0,0.17008361625481885,-0.014174999960140747,0.0,-1.0446699831805755e-13
reverse_3,534.168,4.752910868974318,3.2882483743727087,0.0,0.1700836162548094,-0.030374999955506958,0.0,-1.0446699831805755e-13
reverse_3,534.204,4.751306261454397,3.287972794418256,0.0,0.1700836162548094,-0.04657499995085838,0.0,0.0
reverse_3,534.24,4.7491268691507695,3.2875984992561595,0.0,0.1700836162548094,-0.06277499994615057,0.0,1.0446699831805755e-13
reverse_3,534.276,4.746372692063431,3.2871254888864194,0.0,0.1700836162548094,-0.07897499994147239,0.0,0.0
reverse_3,534.312,4.743043730192385,3.2865537633090365,0.0,0.1700836162548094,-0.09517499993677939,0.0,0.0
reverse_3,534.348,4.73913998353763,3.2858833225240103,0.0,0.1700836162548094,-0.1113749999320568,0.0,0.0
reverse_3,534.384,4.734661452099165,3.2851141665313404,0.0,0.17008361625480625,-0.12757499992740823,0.0,-1.0446699831805755e-13
reverse_3,534.42,4.7296081358769895,3.284246295331027,0.0,0.17008361625480317,-0.14377499992277443,0.0,1.0446699831805755e-13
reverse_3,534.456,4.723980034871106,3.2832797089230707,0.0,0.1700836162548,-0.15997499991806663,0.0,0.0
reverse_3,534.492,4.717777149081512,3.282214407307471,0.0,0.1700836162548,-0.17617499991338842,0.0,-1.0446699831805755e-13
reverse_3,534.528,4.710999478508211,3.281050390484228,0.0,0.1700836162548,-0.19237499990869544,0.0,-1.0446699831805755e-13
reverse_3,534.564,4.7039039614099005,3.2798317857759103,0.0,0.1700836162548,-0.19999999994061807,0.0,0.0
reverse_3,534.6,4.696807852969102,3.2786130795087165,0.0,0.1700836162548,-0.19999999994064765,0.0,0.0
reverse_3,534.636,4.689711744528304,3.2773943732415227,0.0,0.1700836162548,-0.19999999994061807,0.0,0.0
reverse_3,534.672,4.6826156360875055,3.276175666974329,0.0,0.1700836162548,-0.19999999994064765,0.0,0.0
reverse_3,534.708,4.675519527646707,3.274956960707135,0.0,0.1700836162548,-0.19999999994061807,0.0,0.0
reverse_3,534.744,4.668423419205909,3.2737382544399414,0.0,0.1700836162548,-0.19999999994064768,0.0,0.0
reverse_3,534.78,4.6613273107651105,3.2725195481727476,0.0,0.1700836162548,-0.19999999994061807,0.0,0.0
reverse_3,534.816,4.654231202324312,3.271300841905554,0.0,0.17008361625480317,-0.1999999999406329,0.0,1.0446699831805755e-13
reverse_3,534.852,4.647135093883514,3.27008213563836,0.0,0.1700836162548,-0.19999999994061807,0.0,0.0
reverse_3,534.888,4.6400389854427155,3.2688634293711663,0.0,0.17008361625480317,-0.19999999994063286,0.0,1.0446699831805755e-13
reverse_3,534.924,4.632942877001917,3.2676447231039725,0.0,0.1700836162548,-0.19999999994061807,0.0,0.0
reverse_3,534.96,4.625846768561119,3.2664260168367787,0.0,0.17008361625480317,-0.19999999994063286,0.0,1.0446699831805755e-13
reverse_3,534.996,4.6187506601203205,3.265207310569585,0.0,0.1700836162548,-0.19999999994063286,0.0,-1.0446699831805755e-13
reverse_3,535.032,4.611654551679522,3.263988604302391,0.0,0.17008361625480317,-0.19999999994063286,0.0,1.0446699831805755e-13
reverse_3,535.068,4.604558443238724,3.2627698980351973,0.0,0.1700836162548,-0.19999999994063286,0.0,-1.0446699831805755e-13
reverse_3,535.104,4.5974623347979255,3.2615511917680036,0.0,0.17008361625480317,-0.19999999994063286,0.0,1.0446699831805755e-13
reverse_3,535.14,4.590366226357127,3.26033248550081,0.0,0.1700836162548,-0.19999999994063286,0.0,-1.0446699831805755e-13
reverse_3,535.176,4.583270117916329,3.259113779233616,0.0,0.17008361625480317,-0.19999999994063286,0.0,1.0446699831805755e-13
reverse_3,535.212,4.5761740094755305,3.2578950729664222,0.0,0.1700836162548,-0.1999999999406329,0.0,-1.0446699831805755e-13
reverse_3,535.248,4.569077901034732,3.2566763666992284,0.0,0.17008361625480317,-0.19999999994063286,0.0,1.0446699831805755e-13
reverse_3,535.284,4.561981792593934,3.2554576604320347,0.0,0.1700836162548,-0.1999999999406329,0.0,-1.0446699831805755e-13
reverse_3,535.32,4.5548856841531355,3.254238954164841,0.0,0.1700836162548,-0.19999999994061807,0.0,0.0
reverse_3,535.356,4.547789575712337,3.253020247897647,0.0,0.1700836162548,-0.19999999994063286,0.0,-1.0446699831805755e-13
reverse_3,535.392,4.540693467271539,3.2518015416304533,0.0,0.1700836162548,-0.19999999994061807,0.0,0.0
reverse_3,535.428,4.5335973588307406,3.2505828353632595,0.0,0.1700836162548,-0.19999999994063286,0.0,-1.0446699831805755e-13
reverse_3,535.464,4.526501250389942,3.2493641290960658,0.0,0.1700836162548,-0.19999999994061807,0.0,0.0
reverse_3,535.5,4.519405141949144,3.248145422828872,0.0,0.1700836162548,-0.19999999994064765,0.0,0.0
reverse_3,535.536,4.512309033508346,3.246926716561678,0.0,0.1700836162548,-0.19999999994061807,0.0,0.0
reverse_3,535.572,4.505212925067547,3.2457080102944844,0.0,0.1700836162548,-0.19999999994064765,0.0,0.0
reverse_3,535.608,4.498116816626749,3.2444893040272906,0.0,0.1700836162548,-0.19999999994061807,0.0,0.0
reverse_3,535.644,4.491020708185951,3.243270597760097,0.0,0.1700836162548,-0.19999999994064765,0.0,0.0
reverse_3,535.68,4.483924599745152,3.242051891492903,0.0,0.1700836162548,-0.19999999994061807,0.0,0.0
reverse_3,535.716,4.476828491304354,3.2408331852257093,0.0,0.1700836162548,-0.19999999994064768,0.0,0.0
reverse_3,535.752,4.469732382863556,3.2396144789585155,0.0,0.1700836162548,-0.19999999994061807,0.0,0.0
reverse_3,535.788,4.462636274422757,3.2383957726913217,0.0,0.17008361625480317,-0.1999999999406329,0.0,1.0446699831805755e-13
reverse_3,535.824,4.455540165981959,3.237177066424128,0.0,0.1700836162548,-0.19999999994061807,0.0,0.0
reverse_3,535.86,4.448444057541161,3.235958360156934,0.0,0.17008361625480317,-0.19999999994063286,0.0,1.0446699831805755e-13
reverse_3,535.896,4.441347949100362,3.2347396538897404,0.0,0.1700836162548,-0.19999999994061807,0.0,0.0
reverse_3,535.932,4.434251840659564,3.2335209476225466,0.0,0.17008361625480317,-0.19999999994063286,0.0,1.0446699831805755e-13
reverse_3,535.968,4.427155732218766,3.232302241355353,0.0,0.1700836162548,-0.19999999994063286,0.0,-1.0446699831805755e-13
reverse_3,536.004,4.420059623777967,3.231083535088159,0.0,0.17008361625480317,-0.19999999994063286,0.0,1.0446699831805755e-13
reverse_3,536.04,4.412963515337169,3.2298648288209653,0.0,0.1700836162548,-0.19999999994063286,0.0,-1.0446699831805755e-13
reverse_3,536.076,4.405867406896371,3.2286461225537715,0.0,0.17008361625480317,-0.19999999994063286,0.0,1.0446699831805755e-13
reverse_3,536.112,4.398771298455572,3.2274274162865777,0.0,0.1700836162548,-0.19999999994063286,0.0,-1.0446699831805755e-13
reverse_3,536.148,4.391675190014774,3.226208710019384,0.0,0.17008361625480317,-0.19999999994063286,0.0,1.0446699831805755e-13
reverse_3,536.184,4.384579081573976,3.22499000375219,0.0,0.1700836162548,-0.1999999999406329,0.0,-1.0446699831805755e-13
reverse_3,536.22,4.377482973133177,3.2237712974849964,0.0,0.1700836162548,-0.19999999994061807,0.0,0.0
reverse_3,536.256,4.370386864692379,3.2225525912178026,0.0,0.1700836162548,-0.1999999999406329,0.0,-1.0446699831805755e-13
reverse_3,536.292,4.363290756251581,3.221333884950609,0.0,0.1700836162548,-0.19999999994061807,0.0,0.0
reverse_3,536.328,4.356194647810782,3.220115178683415,0.0,0.1700836162548,-0.19999999994063286,0.0,-1.0446699831805755e-13
reverse_3,536.364,4.349098539369984,3.2188964724162212,0.0,0.1700836162548,-0.19999999994061807,0.0,0.0
reverse_3,536.4,4.342002430929186,3.2176777661490275,0.0,0.1700836162548,-0.19999999994064765,0.0,0.0
reverse_3,536.436,4.334906322488387,3.2164590598818337,0.0,0.1700836162548,-0.19999999994061807,0.0,0.0
reverse_3,536.472,4.327810214047589,3.21524035361464,0.0,0.1700836162548,-0.19999999994064765,0.0,0.0
reverse_3,536.508,4.320714105606791,3.214021647347446,0.0,0.1700836162548,-0.19999999994061807,0.0,0.0
reverse_3,536.544,4.313617997165992,3.2128029410802523,0.0,0.1700836162548,-0.19999999994064765,0.0,0.0
reverse_3,536.58,4.306521888725194,3.2115842348130585,0.0,0.1700836162548,-0.19999999994061807,0.0,0.0
reverse_3,536.616,4.299425780284396,3.2103655285458648,0.0,0.1700836162548,-0.19999999994064768,0.0,0.0
reverse_3,536.652,4.292329671843597,3.209146822278671,0.0,0.1700836162548,-0.19999999994061807,0.0,0.0
reverse_3,536.688,4.285233563402799,3.207928116011477,0.0,0.17008361625480317,-0.1999999999406329,0.0,1.0446699831805755e-13
reverse_3,536.724,4.278137454962001,3.2067094097442834,0.0,0.1700836162548,-0.19999999994061807,0.0,0.0
reverse_3,536.76,4.271041346521202,3.2054907034770896,0.0,0.17008361625480317,-0.19999999994063286,0.0,1.0446699831805755e-13
reverse_3,536.796,4.263945238080404,3.204271997209896,0.0,0.1700836162548,-0.19999999994061807,0.0,0.0
reverse_3,536.832,4.256849129639606,3.203053290942702,0.0,0.17008361625480317,-0.19999999994063286,0.0,1.0446699831805755e-13
reverse_3,536.868,4.249753021198807,3.2018345846755083,0.0,0.1700836162548,-0.19999999994063286,0.0,-1.0446699831805755e-13
reverse_3,536.904,4.242656912758009,3.2006158784083145,0.0,0.17008361625480317,-0.19999999994063286,0.0,1.0446699831805755e-13
reverse_3,536.94,4.235560804317211,3.1993971721411207,0.0,0.1700836162548,-0.19999999994063286,0.0,-1.0446699831805755e-13
reverse_3,536.976,4.228464695876412,3.198178465873927,0.0,0.17008361625480317,-0.19999999994063286,0.0,1.0446699831805755e-13
reverse_3,537.012,4.221368587435614,3.196959759606733,0.0,0.1700836162548,-0.19999999994063286,0.0,-1.0446699831805755e-13
reverse_3,537.048,4.214272478994816,3.1957410533395394,0.0,0.17008361625480317,-0.19999999994063286,0.0,1.0446699831805755e-13
reverse_3,537.084,4.207176370554017,3.1945223470723456,0.0,0.1700836162548,-0.1999999999406329,0.0,-1.0446699831805755e-13
reverse_3,537.12,4.200080262113219,3.193303640805152,0.0,0.1700836162548,-0.19999999994061807,0.0,0.0
reverse_3,537.156,4.192984153672421,3.192084934537958,0.0,0.1700836162548,-0.1999999999406329,0.0,-1.0446699831805755e-13
reverse_3,537.192,4.185888045231622,3.1908662282707643,0.0,0.1700836162548,-0.19999999994061807,0.0,0.0
reverse_3,537.228,4.178791936790824,3.1896475220035705,0.0,0.1700836162548,-0.19999999994063286,0.0,-1.0446699831805755e-13
reverse_3,537.264,4.171695828350026,3.1884288157363767,0.0,0.1700836162548,-0.19999999994061807,0.0,0.0
reverse_3,537.3,4.164599719909227,3.187210109469183,0.0,0.1700836162548,-0.19999999994064765,0.0,0.0
reverse_3,537.336,4.157503611468429,3.185991403201989,0.0,0.1700836162548,-0.19999999994061807,0.0,0.0
reverse_3,537.372,4.150407503027631,3.1847726969347954,0.0,0.1700836162548,-0.19999999994064765,0.0,0.0
reverse_3,537.408,4.143311394586832,3.1835539906676016,0.0,0.1700836162548,-0.19999999994061807,0.0,0.0
reverse_3,537.444,4.136215286146034,3.182335284400408,0.0,0.1700836162548,-0.19999999994064765,0.0,0.0
reverse_3,537.48,4.129119177705236,3.181116578133214,0.0,0.1700836162548,-0.19999999994061807,0.0,0.0
reverse_3,537.516,4.122023069264437,3.1798978718660202,0.0,0.1700836162548,-0.19999999994064768,0.0,0.0
reverse_3,537.552,4.114926960823639,3.1786791655988265,0.0,0.1700836162548,-0.19999999994061807,0.0,0.0
reverse_3,537.588,4.107830852382841,3.1774604593316327,0.0,0.17008361625480317,-0.1999999999406329,0.0,1.0446699831805755e-13
reverse_3,537.624,4.100734743942042,3.176241753064439,0.0,0.1700836162548,-0.19999999994061807,0.0,0.0
reverse_3,537.66,4.093638635501244,3.175023046797245,0.0,0.17008361625480317,-0.19999999994063286,0.0,1.0446699831805755e-13
reverse_3,537.696,4.086542527060446,3.1738043405300513,0.0,0.1700836162548,-0.19999999994061807,0.0,0.0
reverse_3,537.732,4.079446418619647,3.1725856342628576,0.0,0.17008361625480317,-0.19999999994063286,0.0,1.0446699831805755e-13
reverse_3,537.768,4.072350310178849,3.1713669279956638,0.0,0.1700836162548,-0.19999999994063286,0.0,-1.0446699831805755e-13
reverse_3,537.804,4.065254201738051,3.17014822172847,0.0,0.17008361625480317,-0.19999999994063286,0.0,1.0446699831805755e-13
reverse_3,537.84,4.058158093297252,3.168929515461276,0.0,0.1700836162548,-0.19999999994063286,0.0,-1.0446699831805755e-13
reverse_3,537.876,4.051061984856454,3.1677108091940824,0.0,0.17008361625480317,-0.19999999994063286,0.0,1.0446699831805755e-13
reverse_3,537.912,4.043965876415656,3.1664921029268887,0.0,0.1700836162548,-0.19999999994063286,0.0,-1.0446699831805755e-13
reverse_3,537.948,4.036869767974857,3.165273396659695,0.0,0.17008361625480317,-0.19999999994063286,0.0,1.0446699831805755e-13
reverse_3,537.984,4.029773659534059,3.164054690392501,0.0,0.1700836162548,-0.19999999994063286,0.0,-1.0446699831805755e-13
reverse_3,538.02,4.022677551093261,3.1628359841253073,0.0,0.17008361625480317,-0.19999999994063286,0.0,1.0446699831805755e-13
reverse_3,538.056,4.015581442652462,3.1616172778581135,0.0,0.1700836162548,-0.1999999999406329,0.0,-1.0446699831805755e-13
reverse_3,538.092,4.008485334211664,3.1603985715909197,0.0,0.1700836162548,-0.19999999994061807,0.0,0.0
reverse_3,538.128,4.001389225770866,3.159179865323726,0.0,0.1700836162548,-0.1999999999406329,0.0,-1.0446699831805755e-13
reverse_3,538.164,3.9942931173300718,3.157961159056532,0.0,0.1700836162548,-0.19999999994061807,0.0,0.0
reverse_3,538.2,3.987197008889278,3.1567424527893384,0.0,0.1700836162548,-0.19999999994063286,0.0,-1.0446699831805755e-13
reverse_3,538.236,3.980100900448485,3.1555237465221446,0.0,0.1700836162548,-0.19999999994061807,0.0,0.0
reverse_3,538.272,3.973004792007691,3.154305040254951,0.0,0.1700836162548,-0.19999999994064765,0.0,0.0
reverse_3,538.308,3.965908683566898,3.153086333987757,0.0,0.1700836162548,-0.19999999994061807,0.0,0.0
reverse_3,538.344,3.958812575126104,3.1518676277205633,0.0,0.1700836162548,-0.19999999994064765,0.0,0.0
reverse_3,538.38,3.951716466685311,3.1506489214533695,0.0,0.1700836162548,-0.19999999994061807,0.0,0.0
reverse_3,538.416,3.944620358244517,3.1494302151861757,0.0,0.1700836162548,-0.19999999994064765,0.0,0.0
reverse_3,538.452,3.937524249803724,3.148211508918982,0.0,0.1700836162548,-0.19999999994061807,0.0,0.0
reverse_3,538.488,3.9304281413629303,3.146992802651788,0.0,0.1700836162548,-0.19999999994064768,0.0,0.0
reverse_3,538.524,3.9233320329221373,3.1457740963845944,0.0,0.1700836162548,-0.19999999994061807,0.0,0.0
reverse_3,538.56,3.916235924481344,3.1445553901174006,0.0,0.17008361625480317,-0.1999999999406329,0.0,1.0446699831805755e-13
reverse_3,538.596,3.9091398160405504,3.143336683850207,0.0,0.1700836162548,-0.19999999994061807,0.0,0.0
reverse_3,538.632,3.902043707599757,3.142117977583013,0.0,0.17008361625480317,-0.19999999994063286,0.0,1.0446699831805755e-13
reverse_3,538.668,3.8949475991589635,3.1408992713158193,0.0,0.1700836162548,-0.19999999994061807,0.0,0.0
reverse_3,538.704,3.88785149071817,3.1396805650486255,0.0,0.17008361625480317,-0.19999999994063286,0.0,1.0446699831805755e-13
reverse_3,538.74,3.8807553822773766,3.1384618587814317,0.0,0.1700836162548,-0.19999999994063286,0.0,-1.0446699831805755e-13
reverse_3,538.776,3.873659273836583,3.137243152514238,0.0,0.17008361625480317,-0.19999999994063286,0.0,1.0446699831805755e-13
reverse_3,538.812,3.8665631653957897,3.136024446247044,0.0,0.1700836162548,-0.19999999994063286,0.0,-1.0446699831805755e-13
reverse_3,538.848,3.8594670569549963,3.1348057399798503,0.0,0.17008361625480317,-0.19999999994063286,0.0,1.0446699831805755e-13
reverse_3,538.884,3.852370948514203,3.1335870337126566,0.0,0.1700836162548,-0.19999999994063286,0.0,-1.0446699831805755e-13
reverse_3,538.92,3.8452748400734094,3.132368327445463,0.0,0.17008361625480317,-0.19999999994063286,0.0,1.0446699831805755e-13
reverse_3,538.956,3.838178731632616,3.131149621178269,0.0,0.1700836162548,-0.1999999999406329,0.0,-1.0446699831805755e-13
reverse_3,538.992,3.831082623191823,3.1299309149110752,0.0,0.1700836162548,-0.19999999994061807,0.0,0.0
reverse_3,539.028,3.823986514751029,3.1287122086438814,0.0,0.1700836162548,-0.1999999999406329,0.0,-1.0446699831805755e-13
reverse_3,539.064,3.816890406310236,3.1274935023766877,0.0,0.1700836162548,-0.19999999994061807,0.0,0.0
reverse_3,539.1,3.809840866080696,3.126282793869306,0.0,0.1700836162548,-0.1984249999542313,0.0,-1.0446699831805755e-13
reverse_3,539.136,3.803173185186084,3.125137666992836,0.0,0.1700836162548,-0.18687499997072085,0.0,-1.0446699831805755e-13
reverse_3,539.172,3.7969525591232465,3.1240693186112,0.0,0.1700836162548,-0.17427499997433316,0.0,0.0
reverse_3,539.208,3.791178987892183,3.123077748724398,0.0,0.17008361625480317,-0.16167499997797502,0.0,1.0446699831805755e-13
reverse_3,539.244,3.785852471492892,3.1221629573324288,0.0,0.1700836162548094,-0.14907499998163173,0.0,3.134009949541727e-13
reverse_3,539.28,3.7809730099253738,3.1213249444352935,0.0,0.1700836162548094,-0.1364749999853032,0.0,0.0
reverse_3,539.316,3.776540603189631,3.1205637100329935,0.0,0.1700836162548094,-0.12387499998890068,0.0,0.0
reverse_3,539.352,3.77255525128566,3.1198792541255265,0.0,0.1700836162548094,-0.11127499999258697,0.0,0.0
reverse_3,539.388,3.7690169542134644,3.119271576712892,0.0,0.17008361625480625,-0.09867499999619926,0.0,-1.0446699831805755e-13
reverse_3,539.424,3.7659257119730416,3.118740677795092,0.0,0.1700836162548094,-0.08607499999984114,0.0,0.0
reverse_3,539.46,3.763281524564393,3.1182865573721257,0.0,0.1700836162548094,-0.07347500000346821,0.0,0.0
reverse_3,539.496,3.761084391987518,3.1179092154439934,0.0,0.1700836162548094,-0.0608750000071249,0.0,0.0
reverse_3,539.532,3.7593343142424174,3.1176086520106945,0.0,0.1700836162548094,-0.048275000010722394,0.0,0.0
reverse_3,539.568,3.758031291329091,3.1173848670722286,0.0,0.1700836162548094,-0.03567500001434946,0.0,0.0
reverse_3,539.604,3.7571753232475373,3.117237860628597,0.0,0.1700836162548094,-0.023075000018006143,0.0,0.0
reverse_3,539.64,3.756766409997758,3.1171676326797986,0.0,0.17008361625480317,-0.010475000021648029,0.0,-1.0446699831805755e-13
reverse_3,539.676,3.756727972743305,3.1171610313541165,0.0,0.17008361625480317,-0.000465000008379827,0.0,1.0446699831805755e-13
reverse_3,539.712,3.756727972743305,3.1171610313541165,0.0,0.17008361625480317,0.0,0.0,0.0
reverse_3,539.748,3.756727972743305,3.1171610313541165,0.0,0.17008361625480317,0.0,0.0,0.0
reverse_3,539.784,3.756727972743305,3.1171610313541165,0.0,0.17008361625480317,0.0,0.0,0.0
reverse_3,539.82,3.756727972743305,3.1171610313541165,0.0,0.17008361625480317,0.0,0.0,0.0
reverse_3,539.856,3.756727972743305,3.1171610313541165,0.0,0.17008361625480317,0.0,0.0,0.0
reverse_3,539.892,3.756727972743305,3.1171610313541165,0.0,0.17008361625480317,0.0,0.0,0.0
reverse_3,539.928,3.756727972743305,3.1171610313541165,0.0,0.17008361625480317,0.0,0.0,0.0
reverse_3,539.964,3.756727972743305,3.1171610313541165,0.0,0.17008361625480317,0.0,0.0,0.0
reverse_3,540.0,3.756727972743305,3.1171610313541165,0.0,0.17008361625480317,0.0,0.0,0.0
reverse_3,540.036,3.756727972743305,3.1171610313541165,0.0,0.17008361625480317,0.0,0.0,0.0
reverse_3,540.072,3.756727972743305,3.1171610313541165,0.0,0.17008361625480317,0.0,0.0,0.0
reverse_3,540.108,3.756727972743305,3.1171610313541165,0.0,0.17008361625480317,0.0,0.0,0.0
reverse_3,540.144,3.756727972743305,3.1171610313541165,0.0,0.17008361625480317,0.0,0.0,0.0
reverse_3,540.18,3.756727972743305,3.1171610313541165,0.0,0.17008361625480317,0.0,0.0,0.0
reverse_3,540.216,3.756727972743305,3.1171610313541165,0.0,0.17008361625480317,0.0,0.0,0.0
reverse_3,540.252,3.756727972743305,3.1171610313541165,0.0,0.17008361625480317,0.0,0.0,0.0
reverse_3,540.288,3.756727972743305,3.1171610313541165,0.0,0.17008361625480317,0.0,0.0,0.0
reverse_3,540.324,3.756727972743305,3.1171610313541165,0.0,0.17008361625480317,0.0,0.0,0.0
reverse_3,540.36,3.756727972743305,3.1171610313541165,0.0,0.17008361625480317,0.0,0.0,0.0
reverse_3,540.396,3.756727972743305,3.1171610313541165,0.0,0.17008361625480317,0.0,0.0,0.0
reverse_3,540.432,3.756727972743305,3.1171610313541165,0.0,0.17008361625480317,0.0,0.0,0.0
reverse_3,540.468,3.756727972743305,3.1171610313541165,0.0,0.17008361625480317,0.0,0.0,0.0
reverse_3,540.504,3.756727972743305,3.1171610313541165,0.0,0.17008361625480317,0.0,0.0,0.0
reverse_3,540.54,3.756727972743305,3.1171610313541165,0.0,0.17008361625480317,0.0,0.0,0.0
reverse_3,540.576,3.756727972743305,3.1171610313541165,0.0,0.17008361625480317,0.0,0.0,0.0
reverse_3,540.612,3.756727972743305,3.1171610313541165,0.0,0.17008361625480317,0.0,0.0,0.0
reverse_3,540.648,3.756727972743305,3.1171610313541165,0.0,0.17008361625480317,0.0,0.0,0.0
reverse_3,540.684,3.756727972743305,3.1171610313541165,0.0,0.17008361625480317,0.0,0.0,0.0
reverse_3,540.72,3.756727972743305,3.1171610313541165,0.0,0.17008361625480317,0.0,0.0,0.0
reverse_3,540.756,3.756727972743305,3.1171610313541165,0.0,0.17008361625480317,0.0,0.0,0.0
reverse_3,540.792,3.756727972743305,3.1171610313541165,0.0,0.17008361625480317,0.0,0.0,0.0
reverse_3,540.828,3.756727972743305,3.1171610313541165,0.0,0.17008361625480317,0.0,0.0,0.0
reverse_3,540.864,3.756727972743305,3.1171610313541165,0.0,0.17008361625480317,0.0,0.0,0.0
reverse_3,540.9,3.756727972743305,3.1171610313541165,0.0,0.17008361625480317,0.0,0.0,0.0
reverse_3,540.936,3.756727972743305,3.1171610313541165,0.0,0.17008361625480317,0.0,0.0,0.0
reverse_3,540.972,3.756727972743305,3.1171610313541165,0.0,0.17008361625480317,0.0,0.0,0.0
reverse_3,541.008,3.756727972743305,3.1171610313541165,0.0,0.17008361625480317,0.0,0.0,0.0
reverse_3,541.044,3.756727972743305,3.1171610313541165,0.0,0.17008361625480317,0.0,0.0,0.0
reverse_3,541.08,3.756727972743305,3.1171610313541165,0.0,0.17008361625480317,0.0,0.0,0.0
reverse_3,541.116,3.756727972743305,3.1171610313541165,0.0,0.17008361625480317,0.0,0.0,0.0
reverse_3,541.152,3.756727972743305,3.1171610313541165,0.0,0.17008361625480317,0.0,0.0,0.0
reverse_3,541.188,3.756727972743305,3.1171610313541165,0.0,0.17008361625480317,0.0,0.0,0.0
reverse_3,541.224,3.756727972743305,3.1171610313541165,0.0,0.17008361625480317,0.0,0.0,0.0
reverse_3,541.26,3.756727972743305,3.1171610313541165,0.0,0.17008361625480317,0.0,0.0,0.0
reverse_3,541.296,3.756727972743305,3.1171610313541165,0.0,0.17008361625480317,0.0,0.0,0.0
reverse_3,541.332,3.756727972743305,3.1171610313541165,0.0,0.17008361625480317,0.0,0.0,0.0
reverse_3,541.368,3.756727972743305,3.1171610313541165,0.0,0.17008361625480317,0.0,0.0,0.0
reverse_3,541.404,3.756727972743305,3.1171610313541165,0.0,0.17008361625480317,0.0,0.0,0.0
reverse_3,541.44,3.756727972743305,3.1171610313541165,0.0,0.17008361625480317,0.0,0.0,0.0
reverse_3,541.476,3.756727972743305,3.1171610313541165,0.0,0.17008361625480317,0.0,0.0,0.0
reverse_3,541.512,3.756727972743305,3.1171610313541165,0.0,0.17008361625480317,0.0,0.0,0.0
reverse_3,541.548,3.756727972743305,3.1171610313541165,0.0,0.17008361625480317,0.0,0.0,0.0
reverse_3,541.584,3.756727972743305,3.1171610313541165,0.0,0.17008361625480317,0.0,0.0,0.0
reverse_3,541.62,3.756727972743305,3.1171610313541165,0.0,0.17008361625480317,0.0,0.0,0.0
reverse_3,541.656,3.756727972743305,3.1171610313541165,0.0,0.17008361625480317,0.0,0.0,0.0
reverse_3,541.692,3.756727972743305,3.1171610313541165,0.0,0.17008361625480317,0.0,0.0,0.0
reverse_3,541.728,3.756727972743305,3.1171610313541165,0.0,0.17008361625480317,0.0,0.0,0.0
reverse_3,541.764,3.756727972743305,3.1171610313541165,0.0,0.17008361625480317,0.0,0.0,0.0
reverse_3,541.8,3.756727972743305,3.1171610313541165,0.0,0.17008361625480317,0.0,0.0,0.0
reverse_3,541.836,3.756727972743305,3.1171610313541165,0.0,0.17008361625480317,0.0,0.0,0.0
reverse_3,541.872,3.756727972743305,3.1171610313541165,0.0,0.17008361625480317,0.0,0.0,0.0
reverse_3,541.908,3.756727972743305,3.1171610313541165,0.0,0.17008361625480317,0.0,0.0,0.0
reverse_3,541.944,3.756727972743305,3.1171610313541165,0.0,0.17008361625480317,0.0,0.0,0.0
reverse_3,541.98,3.756727972743305,3.1171610313541165,0.0,0.17008361625480317,0.0,0.0,0.0
reverse_3,542.016,3.756727972743305,3.1171610313541165,0.0,0.17008361625480317,0.0,0.0,0.0
reverse_3,542.052,3.756727972743305,3.1171610313541165,0.0,0.17008361625480317,0.0,0.0,0.0
reset,542.088,3.756727972743305,3.1171610313541165,0.0,0.17008361625480317,0.0,0.0,0.0
reset,542.124,3.756727972743305,3.1171610313541165,0.0,0.17008361625480317,0.0,0.0,0.0
reset,542.16,3.756727972743305,3.1171610313541165,0.0,0.17008361625480317,0.0,0.0,0.0
reset,542.196,3.756727972743305,3.1171610313541165,0.0,0.17008361625480317,0.0,0.0,0.0
reset,542.232,3.756727972743305,3.1171610313541165,0.0,0.17008361625480317,0.0,0.0,0.0
reset,542.268,3.756727972743305,3.1171610313541165,0.0,0.17008361625480317,0.0,0.0,0.0
reset,542.304,3.756727972743305,3.1171610313541165,0.0,0.17008361625480317,0.0,0.0,0.0
reset,542.34,3.756727972743305,3.1171610313541165,0.0,0.17008361625480317,0.0,0.0,0.0
reset,542.376,3.756727972743305,3.1171610313541165,0.0,0.17008361625480317,0.0,0.0,0.0
reset,542.412,3.756727972743305,3.1171610313541165,0.0,0.17008361625480317,0.0,0.0,0.0
reset,542.448,3.756727972743305,3.1171610313541165,0.0,0.17008361625480317,0.0,0.0,0.0
reset,542.484,3.756727972743305,3.1171610313541165,0.0,0.17008361625480317,0.0,0.0,0.0
reset,542.52,3.756727972743305,3.1171610313541165,0.0,0.17008361625480317,0.0,0.0,0.0
reset,542.556,3.756727972743305,3.1171610313541165,0.0,0.17008361625480317,0.0,0.0,0.0
reset,542.592,3.756727972743305,3.1171610313541165,0.0,0.17008361625480317,0.0,0.0,0.0
reset,542.628,3.756727972743305,3.1171610313541165,0.0,0.17008361625480317,0.0,0.0,0.0
reset,542.664,3.756727972743305,3.1171610313541165,0.0,0.17008361625480317,0.0,0.0,0.0
reset,542.7,3.756727972743305,3.1171610313541165,0.0,0.17008361625480317,0.0,0.0,0.0
reset,542.736,3.756727972743305,3.1171610313541165,0.0,0.17008361625480317,0.0,0.0,0.0
reset,542.772,3.756727972743305,3.1171610313541165,0.0,0.17008361625480317,0.0,0.0,0.0
reset,542.808,3.756727972743305,3.1171610313541165,0.0,0.17008361625480317,0.0,0.0,0.0
reset,542.844,3.756727972743305,3.1171610313541165,0.0,0.17008361625480317,0.0,0.0,0.0
reset,542.88,3.756727972743305,3.1171610313541165,0.0,0.17008361625480317,0.0,0.0,0.0
reset,542.916,3.756727972743305,3.1171610313541165,0.0,0.17008361625480317,0.0,0.0,0.0
reset,542.952,3.756727972743305,3.1171610313541165,0.0,0.17008361625480317,0.0,0.0,0.0
reset,542.988,3.756727972743305,3.1171610313541165,0.0,0.17008361625480317,0.0,0.0,0.0
reset,543.024,3.756727972743305,3.1171610313541165,0.0,0.17008361625480317,0.0,0.0,0.0
reset,543.06,3.756727972743305,3.1171610313541165,0.0,0.17008361625480317,0.0,0.0,0.0
reset,543.132,3.756727972743305,3.1171610313541165,0.0,0.17008361625480317,0.0,0.0,0.0
reset,543.168,3.756727972743305,3.1171610313541165,0.0,0.17008361625480317,0.0,0.0,0.0
reset,543.204,3.756727972743305,3.1171610313541165,0.0,0.17008361625480317,0.0,0.0,0.0
reset,543.24,3.756727972743305,3.1171610313541165,0.0,0.17008361625480317,0.0,0.0,0.0
reset,543.276,3.756727972743305,3.1171610313541165,0.0,0.17008361625480317,0.0,0.0,0.0
reset,543.312,3.756727972743305,3.1171610313541165,0.0,0.17008361625480317,0.0,0.0,0.0
reset,543.348,3.756727972743305,3.1171610313541165,0.0,0.17008361625480317,0.0,0.0,0.0
reset,543.384,3.756727972743305,3.1171610313541165,0.0,0.17008361625480317,0.0,0.0,0.0
reset,543.42,3.756727972743305,3.1171610313541165,0.0,0.17008361625480317,0.0,0.0,0.0
reset,543.456,3.756727972743305,3.1171610313541165,0.0,0.17008361625480317,0.0,0.0,0.0
reset,543.492,3.756727972743305,3.1171610313541165,0.0,0.17008361625480317,0.0,0.0,0.0
reset,543.528,3.756727972743305,3.1171610313541165,0.0,0.17008361625480317,0.0,0.0,0.0
reset,543.564,3.756727972743305,3.1171610313541165,0.0,0.17008361625480317,0.0,0.0,0.0
reset,543.6,3.756727972743305,3.1171610313541165,0.0,0.17008361625480317,0.0,0.0,0.0
reset,543.636,3.756727972743305,3.1171610313541165,0.0,0.17008361625480317,0.0,0.0,0.0
reset,543.672,3.756727972743305,3.1171610313541165,0.0,0.17008361625480317,0.0,0.0,0.0
reset,543.708,3.756727972743305,3.1171610313541165,0.0,0.17008361625480317,0.0,0.0,0.0
reset,543.744,3.756727972743305,3.1171610313541165,0.0,0.17008361625480317,0.0,0.0,0.0
reset,543.78,3.756727972743305,3.1171610313541165,0.0,0.17008361625480317,0.0,0.0,0.0
reset,543.816,3.756727972743305,3.1171610313541165,0.0,0.17008361625480317,0.0,0.0,0.0
reset,543.852,3.756727972743305,3.1171610313541165,0.0,0.17008361625480317,0.0,0.0,0.0
reset,543.888,3.756727972743305,3.1171610313541165,0.0,0.17008361625480317,0.0,0.0,0.0
reset,543.924,3.756727972743305,3.1171610313541165,0.0,0.17008361625480317,0.0,0.0,0.0
reset,543.96,3.756727972743305,3.1171610313541165,0.0,0.17008361625480317,0.0,0.0,0.0
reset,543.996,3.756727972743305,3.1171610313541165,0.0,0.17008361625480317,0.0,0.0,0.0
reset,544.032,3.756727972743305,3.1171610313541165,0.0,0.17008361625480317,0.0,0.0,0.0
reset,544.068,3.756727972743305,3.1171610313541165,0.0,0.17008361625480317,0.0,0.0,0.0
reset,544.104,3.756727972743305,3.1171610313541165,0.0,0.17008361625480317,0.0,0.0,0.0
reset,544.14,3.756727972743305,3.1171610313541165,0.0,0.17008361625480317,0.0,0.0,0.0
reset,544.176,3.756727972743305,3.1171610313541165,0.0,0.17008361625480317,0.0,0.0,0.0
reset,544.212,3.756727972743305,3.1171610313541165,0.0,0.17008361625480317,0.0,0.0,0.0
reset,544.248,3.756727972743305,3.1171610313541165,0.0,0.17008361625480317,0.0,0.0,0.0
reset,544.284,3.756727972743305,3.1171610313541165,0.0,0.17008361625480317,0.0,0.0,0.0
reset,544.32,3.756727972743305,3.1171610313541165,0.0,0.17008361625480317,0.0,0.0,0.0
reset,544.356,3.756727972743305,3.1171610313541165,0.0,0.17008361625480317,0.0,0.0,0.0
reset,544.392,3.756727972743305,3.1171610313541165,0.0,0.17008361625480317,0.0,0.0,0.0
reset,544.428,3.756727972743305,3.1171610313541165,0.0,0.17008361625480317,0.0,0.0,0.0
reset,544.464,3.756727972743305,3.1171610313541165,0.0,0.17008361625480317,0.0,0.0,0.0
reset,544.5,3.756727972743305,3.1171610313541165,0.0,0.17008361625480317,0.0,0.0,0.0
reset,544.536,3.756727972743305,3.1171610313541165,0.0,0.17008361625480317,0.0,0.0,0.0
reset,544.572,3.756727972743305,3.1171610313541165,0.0,0.17008361625480317,0.0,0.0,0.0
pivot_ccw_3,544.608,3.756727972743305,3.1171610313541165,0.0,0.17008361625480317,0.0,0.0,0.0
pivot_ccw_3,544.644,3.756727972743305,3.1171610313541165,0.0,0.17008361625480317,0.0,0.0,0.0
pivot_ccw_3,544.68,3.756727972743305,3.1171610313541165,0.0,0.17008361625480317,0.0,0.0,0.0
pivot_ccw_3,544.716,3.756727972743305,3.1171610313541165,0.0,0.17008361625480317,0.0,0.0,0.0
pivot_ccw_3,544.752,3.756727972743305,3.1171610313541165,0.0,0.17008361625480317,0.0,0.0,0.0
pivot_ccw_3,544.788,3.756727972743305,3.1171610313541165,0.0,0.17008361625480317,0.0,0.0,0.0
pivot_ccw_3,544.824,3.756727972743305,3.1171610313541165,0.0,0.17008361625480317,0.0,0.0,0.0
pivot_ccw_3,544.86,3.756727972743305,3.1171610313541165,0.0,0.17008361625480317,0.0,0.0,0.0
pivot_ccw_3,544.896,3.756727972743305,3.1171610313541165,0.0,0.17008361625480317,0.0,0.0,0.0
pivot_ccw_3,544.932,3.756727972743305,3.1171610313541165,0.0,0.17008361625480317,0.0,0.0,0.0
pivot_ccw_3,544.968,3.756727972743305,3.1171610313541165,0.0,0.17008361625480317,0.0,0.0,0.0
pivot_ccw_3,545.004,3.756727972743305,3.1171610313541165,0.0,0.17008361625480317,0.0,0.0,0.0
pivot_ccw_3,545.04,3.756727972743305,3.1171610313541165,0.0,0.17008361625480317,0.0,0.0,0.0
pivot_ccw_3,545.076,3.756727972743305,3.1171610313541165,0.0,0.17008361625480317,0.0,0.0,0.0
pivot_ccw_3,545.112,3.756727972743305,3.1171610313541165,0.0,0.17008361625480317,0.0,0.0,0.0
pivot_ccw_3,545.148,3.756727972743305,3.1171610313541165,0.0,0.17008361625480317,0.0,0.0,0.0
pivot_ccw_3,545.184,3.756727972743305,3.1171610313541165,0.0,0.17008361625480317,0.0,0.0,0.0
pivot_ccw_3,545.22,3.756727972743305,3.1171610313541165,0.0,0.17008361625480317,0.0,0.0,0.0
pivot_ccw_3,545.256,3.756727972743305,3.1171610313541165,0.0,0.17008361625480317,0.0,0.0,0.0
pivot_ccw_3,545.292,3.756727972743305,3.1171610313541165,0.0,0.17008361625480317,0.0,0.0,0.0
pivot_ccw_3,545.328,3.756727972743305,3.1171610313541165,0.0,0.17008361625480317,0.0,0.0,0.0
pivot_ccw_3,545.364,3.756727972743305,3.1171610313541165,0.0,0.17008361625480317,0.0,0.0,0.0
pivot_ccw_3,545.4,3.756727972743305,3.1171610313541165,0.0,0.17008361625480317,0.0,0.0,0.0
pivot_ccw_3,545.436,3.756727972743305,3.1171610313541165,0.0,0.17008361625480317,0.0,0.0,0.0
pivot_ccw_3,545.472,3.756727972743305,3.1171610313541165,0.0,0.17008361625480317,0.0,0.0,0.0
pivot_ccw_3,545.508,3.756727972743305,3.1171610313541165,0.0,0.17008361625480317,0.0,0.0,0.0
pivot_ccw_3,545.544,3.756727972743305,3.1171610313541165,0.0,0.17008361625480317,0.0,0.0,0.0
pivot_ccw_3,545.58,3.756727972743305,3.1171610313541165,0.0,0.17008361625480317,0.0,0.0,0.0
pivot_ccw_3,545.616,3.7567279727433047,3.1171610313541165,0.0,0.17056961622407663,-1.4802973661668752e-14,0.0,0.016199998975783503
pivot_ccw_3,545.652,3.756727972743303,3.1171610313541165,0.0,0.17257841618271375,-5.921189464667501e-14,0.0,0.059399998850050914
pivot_ccw_3,545.688,3.7567279727433007,3.1171610313541165,0.0,0.17614241614089804,-7.401486830834377e-14,0.0,0.10259999883735163
pivot_ccw_3,545.724,3.7567279727433,3.1171610313541165,0.0,0.18126161609862962,-2.9605947323337504e-14,0.0,0.14579999882465233
pivot_ccw_3,545.76,3.7567279727432985,3.1171610313541165,0.0,0.18793601605592086,-2.9605947323337504e-14,0.0,0.18899999881247537
pivot_ccw_3,545.796,3.7567279727432967,3.1171610313541165,0.0,0.19616561601275942,-4.440892098500626e-14,0.0,0.23219999879998504
pivot_ccw_3,545.832,3.756727972743296,3.1171610313541165,0.0,0.2059504159691483,0.0,0.0,0.2753999987874947
pivot_ccw_3,545.868,3.756727972743293,3.1171610313541165,0.0,0.21729041592508744,-2.960594732333751e-14,0.0,0.3185999987751088
pivot_ccw_3,545.904,3.756727972743291,3.1171610313541165,0.0,0.23018561588058017,-2.960594732333751e-14,0.0,0.3617999987625139
pivot_ccw_3,545.94,3.7567279727432883,3.1171610313541165,0.0,0.24463601583562003,-5.921189464667501e-14,0.0,0.40499999875012804
pivot_ccw_3,545.976,3.756727972743285,3.117161031354116,0.0,0.26064161579021344,-8.881784197001251e-14,0.0,0.4481999987377422
pivot_ccw_3,546.012,3.756727972743282,3.1171610313541156,0.0,0.2781664157496272,-8.881784197001251e-14,0.0,0.490199998900816
pivot_ccw_3,546.048,3.756727972743282,3.1171610313541156,0.0,0.29616641573355745,-1.4802973661668752e-14,0.0,0.4999999995536131
pivot_ccw_3,546.084,3.756727972743282,3.1171610313541156,0.0,0.3141664157174876,-1.4802973661668752e-14,0.0,0.4999999995536131
pivot_ccw_3,546.12,3.756727972743282,3.1171610313541156,0.0,0.33216641570141775,0.0,0.0,0.4999999995535086
pivot_ccw_3,546.156,3.7567279727432825,3.1171610313541156,0.0,0.3501664156853512,1.4802973661668752e-14,0.0,0.4999999995536131
pivot_ccw_3,546.192,3.7567279727432825,3.1171610313541156,0.0,0.3681664156692813,1.4802973661668752e-14,0.0,0.4999999995536131
pivot_ccw_3,546.228,3.7567279727432825,3.1171610313541156,0.0,0.3861664156532116,1.4802973661668752e-14,0.0,0.4999999995536131
pivot_ccw_3,546.264,3.756727972743282,3.1171610313541156,0.0,0.4041664156371449,0.0,0.0,0.4999999995537176
pivot_ccw_3,546.3,3.756727972743282,3.1171610313541156,0.0,0.4221664156210751,0.0,0.0,0.49999999955371754
pivot_ccw_3,546.336,3.756727972743282,3.1171610313541156,0.0,0.44016641560500536,-1.4802973661668752e-14,0.0,0.4999999995536131
pivot_ccw_3,546.372,3.756727972743282,3.1171610313541156,0.0,0.45816641558893545,-1.4802973661668752e-14,0.0,0.4999999995536131
pivot_ccw_3,546.408,3.756727972743282,3.1171610313541156,0.0,0.47616641557286565,-1.4802973661668752e-14,0.0,0.4999999995536131
pivot_ccw_3,546.444,3.7567279727432825,3.1171610313541156,0.0,0.49416641555679897,1.4802973661668752e-14,0.0,0.4999999995536131
pivot_ccw_3,546.48,3.7567279727432825,3.1171610313541156,0.0,0.5121664155407292,1.4802973661668752e-14,0.0,0.4999999995536131
pivot_ccw_3,546.516,3.7567279727432825,3.1171610313541156,0.0,0.5301664155246594,1.4802973661668752e-14,0.0,0.4999999995536131
pivot_ccw_3,546.552,3.756727972743282,3.117161031354115,0.0,0.5481664155085929,0.0,0.0,0.49999999955371754
pivot_ccw_3,546.588,3.7567279727432803,3.1171610313541143,0.0,0.5661664154925354,-5.921189464667501e-14,0.0,0.49999999955413543
pivot_ccw_3,546.624,3.756727972743273,3.1171610313541085,0.0,0.5841664154765162,-2.0724163126336256e-13,0.0,0.4999999995549712
pivot_ccw_3,546.66,3.756727972743266,3.1171610313541027,0.0,0.6021664154604999,-2.2204460492503136e-13,0.0,0.4999999995550756
pivot_ccw_3,546.696,3.756727972743261,3.1171610313540983,0.0,0.620166415444493,-1.4802973661668756e-13,0.0,0.4999999995553891
pivot_ccw_3,546.732,3.756727972743261,3.1171610313540983,0.0,0.6381664154285296,-1.4802973661668752e-14,0.0,0.4999999995565382
pivot_ccw_3,546.768,3.756727972743261,3.1171610313540983,0.0,0.6561664154125598,0.0,0.0,0.49999999955643376
pivot_ccw_3,546.804,3.7567279727432616,3.1171610313540987,0.0,0.6741664153965933,0.0,0.0,0.49999999955643376
pivot_ccw_3,546.84,3.756727972743261,3.1171610313540983,0.0,0.6921664153806268,0.0,0.0,0.49999999955643376
pivot_ccw_3,546.876,3.7567279727432616,3.1171610313540987,0.0,0.7101664153646603,1.4802973661668752e-14,0.0,0.4999999995565382
pivot_ccw_3,546.912,3.7567279727432634,3.1171610313541,0.0,0.7281664153486938,8.881784197001252e-14,0.0,0.49999999955643376
pivot_ccw_3,546.948,3.7567279727432634,3.1171610313541,0.0,0.7461664153327242,0.0,0.0,0.49999999955643376
pivot_ccw_3,546.984,3.7567279727432634,3.1171610313541,0.0,0.7641664153167605,0.0,0.0,0.49999999955643376
pivot_ccw_3,547.02,3.7567279727432634,3.1171610313541,0.0,0.782166415300791,0.0,0.0,0.49999999955643376
pivot_ccw_3,547.056,3.7567279727432634,3.1171610313541,0.0,0.8001664152848275,1.4802973661668752e-14,0.0,0.4999999995565382
pivot_ccw_3,547.092,3.7567279727432634,3.1171610313541,0.0,0.818166415268858,0.0,0.0,0.49999999955643376
pivot_ccw_3,547.128,3.756727972743263,3.1171610313540996,0.0,0.8361664152528913,-1.4802973661668752e-14,0.0,0.4999999995565382
pivot_ccw_3,547.164,3.7567279727432634,3.1171610313541,0.0,0.8541664152369247,0.0,0.0,0.49999999955643376
pivot_ccw_3,547.2,3.756727972743263,3.1171610313540996,0.0,0.8721664152209582,-1.4802973661668752e-14,0.0,0.4999999995565382
pivot_ccw_3,547.236,3.7567279727432634,3.1171610313541,0.0,0.8901664152049916,0.0,0.0,0.49999999955643376
pivot_ccw_3,547.272,3.7567279727432634,3.1171610313541,0.0,0.9081664151890222,0.0,0.0,0.49999999955643376
pivot_ccw_3,547.308,3.7567279727432634,3.1171610313541,0.0,0.9261664151730585,1.4802973661668752e-14,0.0,0.4999999995565382
pivot_ccw_3,547.344,3.7567279727432634,3.1171610313541,0.0,0.9441664151570891,0.0,0.0,0.49999999955643376
pivot_ccw_3,547.38,3.7567279727432634,3.1171610313541,0.0,0.9621664151411254,1.4802973661668752e-14,0.0,0.4999999995565382
pivot_ccw_3,547.416,3.7567279727432634,3.1171610313541,0.0,0.9801664151251559,0.0,0.0,0.49999999955643376
pivot_ccw_3,547.452,3.756727972743263,3.1171610313540996,0.0,0.9981664151091892,-1.4802973661668752e-14,0.0,0.4999999995565382
pivot_ccw_3,547.488,3.7567279727432634,3.1171610313541,0.0,1.0161664150932226,0.0,0.0,0.49999999955643376
pivot_ccw_3,547.524,3.7567279727432634,3.1171610313541,0.0,1.034166415077253,0.0,0.0,0.49999999955643376
pivot_ccw_3,547.56,3.756727972743263,3.1171610313541,0.0,1.0521664150612893,0.0,0.0,0.49999999955643376
pivot_ccw_3,547.596,3.756727972743263,3.1171610313541,0.0,1.0701664150453198,0.0,0.0,0.49999999955643376
pivot_ccw_3,547.632,3.756727972743263,3.1171610313541,0.0,1.0881664150293564,1.4802973661668752e-14,0.0,0.4999999995565382
pivot_ccw_3,547.668,3.756727972743263,3.1171610313541,0.0,1.1061664150133868,0.0,0.0,0.49999999955643376
pivot_ccw_3,547.704,3.756727972743263,3.1171610313541,0.0,1.1241664149974235,0.0,0.0,0.49999999955664265
pivot_ccw_3,547.74,3.756727972743263,3.1171610313541,0.0,1.1421664149814537,0.0,0.0,0.49999999955643376
pivot_ccw_3,547.776,3.756727972743263,3.1171610313540996,0.0,1.160166414965487,-1.4802973661668752e-14,0.0,0.4999999995565382
pivot_ccw_3,547.812,3.756727972743263,3.1171610313541,0.0,1.178166414949521,0.0,0.0,0.49999999955643376
pivot_ccw_3,547.848,3.756727972743263,3.1171610313541,0.0,1.196166414933551,0.0,0.0,0.49999999955643376
pivot_ccw_3,547.884,3.756727972743262,3.1171610313540974,0.0,1.2141664149175875,-8.881784197001252e-14,0.0,0.49999999955643376
pivot_ccw_3,547.92,3.7567279727432616,3.117161031354095,0.0,1.2321664149016023,-7.401486830834377e-14,0.0,0.49999999955591135
pivot_ccw_3,547.956,3.75672797274326,3.117161031354088,0.0,1.2501664148855829,-2.0724163126336256e-13,0.0,0.4999999995549712
pivot_ccw_3,547.992,3.7567279727432576,3.1171610313540805,0.0,1.2681664148695668,-2.0724163126336254e-13,0.0,0.4999999995549712
pivot_ccw_3,548.028,3.756727972743256,3.1171610313540734,0.0,1.2861664148535472,-2.0724163126336256e-13,0.0,0.4999999995549712
pivot_ccw_3,548.064,3.7567279727432537,3.117161031354066,0.0,1.304166414837531,-2.0724163126336256e-13,0.0,0.4999999995549712
pivot_ccw_3,548.1,3.7567279727432523,3.117161031354059,0.0,1.3221664148215146,-1.9243865760169382e-13,0.0,0.4999999995550756
pivot_ccw_3,548.136,3.7567279727432523,3.1171610313540516,0.0,1.3401664148054984,-1.924386576016938e-13,0.0,0.4999999995550756
pivot_ccw_3,548.172,3.7567279727432523,3.1171610313540445,0.0,1.358166414789479,-1.924386576016938e-13,0.0,0.4999999995550756
pivot_ccw_3,548.208,3.7567279727432523,3.117161031354037,0.0,1.376166414773463,-2.0724163126336256e-13,0.0,0.49999999955518015
pivot_ccw_3,548.244,3.7567279727432523,3.11716103135403,0.0,1.3941664147574433,-1.924386576016938e-13,0.0,0.4999999995550756
pivot_ccw_3,548.28,3.7567279727432523,3.117161031354023,0.0,1.412166414741424,-2.0724163126336256e-13,0.0,0.4999999995549712
pivot_ccw_3,548.316,3.7567279727432523,3.1171610313540152,0.0,1.4301664147254076,-2.0724163126336256e-13,0.0,0.4999999995549712
pivot_ccw_3,548.352,3.7567279727432523,3.117161031354008,0.0,1.4481664147093882,-2.0724163126336256e-13,0.0,0.4999999995549712
pivot_ccw_3,548.388,3.7567279727432523,3.117161031354001,0.0,1.4661664146933748,-1.924386576016938e-13,0.0,0.4999999995550756
pivot_ccw_3,548.424,3.7567279727432523,3.117161031353998,0.0,1.4841664146773277,-5.921189464667501e-14,0.0,0.49999999955413543
pivot_ccw_3,548.46,3.7567279727432523,3.117161031353998,0.0,1.5021664146612586,0.0,0.0,0.49999999955371754
pivot_ccw_3,548.496,3.7567279727432523,3.117161031353998,0.0,1.5201664146451896,0.0,0.0,0.49999999955371754
pivot_ccw_3,548.532,3.7567279727432523,3.117161031353998,0.0,1.5381664146291203,0.0,0.0,0.49999999955371754
pivot_ccw_3,548.568,3.7567279727432523,3.117161031353998,0.0,1.556166414613051,0.0,0.0,0.4999999995535086
pivot_ccw_3,548.604,3.7567279727432523,3.117161031353998,0.0,1.574166414596982,0.0,0.0,0.4999999995535086
pivot_ccw_3,548.64,3.7567279727432523,3.117161031353998,0.0,1.592166414580913,0.0,0.0,0.4999999995535086
pivot_ccw_3,548.676,3.7567279727432523,3.117161031353998,0.0,1.61016641456485,0.0,0.0,0.49999999955371754
pivot_ccw_3,548.712,3.7567279727432523,3.117161031353998,0.0,1.6281664145487809,0.0,0.0,0.49999999955371754
pivot_ccw_3,548.748,3.7567279727432523,3.117161031353998,0.0,1.6461664145327117,0.0,0.0,0.49999999955371754
pivot_ccw_3,548.784,3.7567279727432523,3.117161031353998,0.0,1.6641664145166424,0.0,0.0,0.49999999955371754
pivot_ccw_3,548.82,3.7567279727432523,3.117161031353998,0.0,1.6821664145005735,0.0,0.0,0.49999999955371754
pivot_ccw_3,548.856,3.7567279727432523,3.117161031353998,0.0,1.7001664144845046,0.0,0.0,0.4999999995535086
pivot_ccw_3,548.892,3.7567279727432523,3.117161031353998,0.0,1.7181664144684352,0.0,0.0,0.4999999995535086
pivot_ccw_3,548.928,3.7567279727432523,3.117161031353998,0.0,1.7361664144523663,0.0,0.0,0.4999999995535086
pivot_ccw_3,548.964,3.7567279727432523,3.1171610313539975,0.0,1.7541664144363,-1.4802973661668752e-14,0.0,0.4999999995536131
pivot_ccw_3,549.0,3.7567279727432523,3.117161031353998,0.0,1.7721664144202338,0.0,0.0,0.49999999955371754
pivot_ccw_3,549.036,3.7567279727432523,3.117161031353998,0.0,1.790166414404165,0.0,0.0,0.49999999955371754
pivot_ccw_3,549.072,3.7567279727432523,3.117161031353998,0.0,1.8081664143880956,0.0,0.0,0.49999999955371754
pivot_ccw_3,549.108,3.7567279727432523,3.117161031353998,0.0,1.8261664143720266,0.0,0.0,0.49999999955371754
pivot_ccw_3,549.144,3.7567279727432523,3.117161031353998,0.0,1.8441664143559575,1.4802973661668752e-14,0.0,0.4999999995536131
pivot_ccw_3,549.18,3.7567279727432523,3.117161031353998,0.0,1.8621664143398884,0.0,0.0,0.4999999995535086
pivot_ccw_3,549.216,3.7567279727432523,3.117161031353998,0.0,1.8801664143238195,0.0,0.0,0.4999999995535086
pivot_ccw_3,549.252,3.7567279727432523,3.117161031353998,0.0,1.8981664143077501,0.0,0.0,0.4999999995535086
pivot_ccw_3,549.288,3.7567279727432523,3.117161031353998,0.0,1.9161664142916872,0.0,0.0,0.49999999955371754
pivot_ccw_3,549.324,3.7567279727432523,3.117161031353998,0.0,1.934166414275618,0.0,0.0,0.49999999955371754
pivot_ccw_3,549.36,3.7567279727432523,3.117161031353998,0.0,1.952166414259549,0.0,0.0,0.49999999955371754
pivot_ccw_3,549.396,3.7567279727432523,3.117161031353998,0.0,1.97016641424348,0.0,0.0,0.49999999955371754
pivot_ccw_3,549.432,3.7567279727432523,3.117161031353998,0.0,1.9881664142274107,0.0,0.0,0.49999999955371754
pivot_ccw_3,549.468,3.7567279727432523,3.117161031353998,0.0,2.0061664142113416,0.0,0.0,0.4999999995535086
pivot_ccw_3,549.504,3.7567279727432523,3.117161031353998,0.0,2.0241664141952724,0.0,0.0,0.4999999995535086
pivot_ccw_3,549.54,3.7567279727432523,3.117161031353998,0.0,2.0421664141792033,0.0,0.0,0.4999999995535086
pivot_ccw_3,549.576,3.7567279727432523,3.117161031353998,0.0,2.0601664141631404,0.0,0.0,0.49999999955371754
pivot_ccw_3,549.612,3.7567279727432523,3.117161031353998,0.0,2.0781664141470713,0.0,0.0,0.49999999955371754
pivot_ccw_3,549.648,3.7567279727432523,3.117161031353998,0.0,2.096166414131002,0.0,0.0,0.49999999955371754
pivot_ccw_3,549.684,3.7567279727432523,3.117161031353998,0.0,2.1141664141149334,0.0,0.0,0.49999999955371754
pivot_ccw_3,549.72,3.7567279727432537,3.1171610313539966,0.0,2.132166414098873,-4.440892098500626e-14,0.0,0.49999999955403096
pivot_ccw_3,549.756,3.7567279727432594,3.1171610313539895,0.0,2.150166414082854,-2.0724163126336256e-13,0.0,0.4999999995549712
pivot_ccw_3,549.792,3.7567279727432656,3.1171610313539824,0.0,2.1681664140668375,-2.220446049250313e-13,0.0,0.4999999995550756
pivot_ccw_3,549.828,3.7567279727432714,3.1171610313539757,0.0,2.186166414050818,-2.0724163126336256e-13,0.0,0.4999999995549712
pivot_ccw_3,549.864,3.7567279727432745,3.1171610313539726,0.0,2.20416641403483,-8.881784197001251e-14,0.0,0.4999999995560159
pivot_ccw_3,549.9,3.7567279727432745,3.1171610313539726,0.0,2.22216641401886,0.0,0.0,0.49999999955643376
pivot_ccw_3,549.936,3.756727972743274,3.117161031353973,0.0,2.2401664140028936,1.4802973661668752e-14,0.0,0.4999999995565382
pivot_ccw_3,549.972,3.7567279727432745,3.1171610313539726,0.0,2.258166413986927,0.0,0.0,0.49999999955643376
pivot_ccw_3,550.008,3.7567279727432745,3.1171610313539726,0.0,2.2761664139709574,0.0,0.0,0.49999999955643376
pivot_ccw_3,550.044,3.7567279727432745,3.1171610313539726,0.0,2.294166413954994,0.0,0.0,0.49999999955643376
pivot_ccw_3,550.08,3.7567279727432745,3.1171610313539726,0.0,2.3121664139390243,0.0,0.0,0.49999999955643376
pivot_ccw_3,550.116,3.7567279727432745,3.1171610313539726,0.0,2.330166413923061,-1.4802973661668752e-14,0.0,0.4999999995565382
pivot_ccw_3,550.152,3.7567279727432745,3.1171610313539726,0.0,2.3481664139070912,0.0,0.0,0.49999999955643376
pivot_ccw_3,550.188,3.756727972743274,3.117161031353973,0.0,2.3661664138911247,1.4802973661668752e-14,0.0,0.4999999995565382
pivot_ccw_3,550.224,3.7567279727432745,3.1171610313539726,0.0,2.384166413875158,0.0,0.0,0.49999999955643376
pivot_ccw_3,550.26,3.756727972743274,3.117161031353973,0.0,2.4021664138591916,1.4802973661668752e-14,0.0,0.4999999995565382
pivot_ccw_3,550.296,3.7567279727432745,3.1171610313539726,0.0,2.420166413843225,0.0,0.0,0.49999999955643376
pivot_ccw_3,550.332,3.7567279727432745,3.1171610313539726,0.0,2.4381664138272554,0.0,0.0,0.49999999955643376
pivot_ccw_3,550.368,3.7567279727432745,3.1171610313539726,0.0,2.456166413811292,-1.4802973661668752e-14,0.0,0.4999999995565382
pivot_ccw_3,550.404,3.7567279727432745,3.1171610313539726,0.0,2.4741664137953223,0.0,0.0,0.49999999955643376
pivot_ccw_3,550.44,3.7567279727432745,3.1171610313539726,0.0,2.492166413779359,-1.4802973661668752e-14,0.0,0.4999999995565382
pivot_ccw_3,550.476,3.7567279727432745,3.1171610313539726,0.0,2.5101664137633892,0.0,0.0,0.49999999955643376
pivot_ccw_3,550.512,3.756727972743274,3.117161031353973,0.0,2.5281664137474227,1.4802973661668752e-14,0.0,0.4999999995565382
pivot_ccw_3,550.548,3.7567279727432745,3.1171610313539726,0.0,2.546166413731456,0.0,0.0,0.49999999955643376
pivot_ccw_3,550.584,3.7567279727432745,3.1171610313539726,0.0,2.5641664137154865,0.0,0.0,0.49999999955643376
pivot_ccw_3,550.62,3.756727972743269,3.1171610313539766,0.0,2.5815724137071823,1.7763568394002507e-13,0.0,0.48019999981174327
pivot_ccw_3,550.656,3.756727972743263,3.1171610313539806,0.0,2.5974340137008043,1.7763568394002502e-13,0.0,0.4369999998239201
pivot_ccw_3,550.692,3.7567279727432576,3.1171610313539846,0.0,2.611740413694882,1.7763568394002505e-13,0.0,0.3937999998365149
pivot_ccw_3,550.728,3.7567279727432767,3.117161031353974,0.0,2.624491613712883,-7.697546304067752e-13,0.0,0.35060000063135865
pivot_ccw_3,550.764,3.7567279727432763,3.1171610313539744,0.0,2.635687613744412,2.960594732333751e-14,0.0,0.3074000008769149
pivot_ccw_3,550.8,3.756727972743276,3.1171610313539744,0.0,2.6453284137764035,0.0,0.0,0.2642000008895097
pivot_ccw_3,550.836,3.7567279727432745,3.1171610313539744,0.0,2.653414013808838,2.960594732333751e-14,0.0,0.22100000090189562
pivot_ccw_3,550.872,3.756727972743272,3.117161031353975,0.0,2.6599444138417256,8.881784197001251e-14,0.0,0.17780000091449044
pivot_ccw_3,550.908,3.756727972743269,3.1171610313539753,0.0,2.6649196138750697,8.881784197001252e-14,0.0,0.13460000092729418
pivot_ccw_3,550.944,3.756727972743267,3.117161031353976,0.0,2.668339613908853,8.881784197001252e-14,0.0,0.09140000093947116
pivot_ccw_3,550.98,3.7567279727432648,3.1171610313539766,0.0,2.6702044139430994,7.401486830834377e-14,0.0,0.048200000952379383
pivot_ccw_3,551.016,3.7567279727432568,3.11716103135398,0.0,2.6705836139692596,2.664535259100375e-13,0.0,0.007320000680457889
pivot_ccw_3,551.052,3.7567279727432568,3.11716103135398,0.0,2.6705836139692596,0.0,0.0,0.0
pivot_ccw_3,551.088,3.7567279727432568,3.11716103135398,0.0,2.6705836139692596,0.0,0.0,0.0
pivot_ccw_3,551.124,3.7567279727432568,3.11716103135398,0.0,2.6705836139692596,0.0,0.0,0.0
pivot_ccw_3,551.16,3.7567279727432568,3.11716103135398,0.0,2.6705836139692596,0.0,0.0,0.0
pivot_ccw_3,551.196,3.7567279727432568,3.11716103135398,0.0,2.6705836139692596,0.0,0.0,0.0
pivot_ccw_3,551.232,3.7567279727432568,3.11716103135398,0.0,2.6705836139692596,0.0,0.0,0.0
pivot_ccw_3,551.268,3.7567279727432568,3.11716103135398,0.0,2.6705836139692596,0.0,0.0,0.0
pivot_ccw_3,551.304,3.7567279727432568,3.11716103135398,0.0,2.6705836139692596,0.0,0.0,0.0
pivot_ccw_3,551.34,3.7567279727432568,3.11716103135398,0.0,2.6705836139692596,0.0,0.0,0.0
pivot_ccw_3,551.376,3.7567279727432568,3.11716103135398,0.0,2.6705836139692596,0.0,0.0,0.0
pivot_ccw_3,551.412,3.7567279727432568,3.11716103135398,0.0,2.6705836139692596,0.0,0.0,0.0
pivot_ccw_3,551.448,3.7567279727432568,3.11716103135398,0.0,2.6705836139692596,0.0,0.0,0.0
pivot_ccw_3,551.484,3.7567279727432568,3.11716103135398,0.0,2.6705836139692596,0.0,0.0,0.0
pivot_ccw_3,551.52,3.7567279727432568,3.11716103135398,0.0,2.6705836139692596,0.0,0.0,0.0
pivot_ccw_3,551.556,3.7567279727432568,3.11716103135398,0.0,2.6705836139692596,0.0,0.0,0.0
pivot_ccw_3,551.592,3.7567279727432568,3.11716103135398,0.0,2.6705836139692596,0.0,0.0,0.0
pivot_ccw_3,551.628,3.7567279727432568,3.11716103135398,0.0,2.6705836139692596,0.0,0.0,0.0
pivot_ccw_3,551.664,3.7567279727432568,3.11716103135398,0.0,2.6705836139692596,0.0,0.0,0.0
pivot_ccw_3,551.7,3.7567279727432568,3.11716103135398,0.0,2.6705836139692596,0.0,0.0,0.0
pivot_ccw_3,551.736,3.7567279727432568,3.11716103135398,0.0,2.6705836139692596,0.0,0.0,0.0
pivot_ccw_3,551.772,3.7567279727432568,3.11716103135398,0.0,2.6705836139692596,0.0,0.0,0.0
pivot_ccw_3,551.808,3.7567279727432568,3.11716103135398,0.0,2.6705836139692596,0.0,0.0,0.0
pivot_ccw_3,551.844,3.7567279727432568,3.11716103135398,0.0,2.6705836139692596,0.0,0.0,0.0
pivot_ccw_3,551.88,3.7567279727432568,3.11716103135398,0.0,2.6705836139692596,0.0,0.0,0.0
pivot_ccw_3,551.916,3.7567279727432568,3.11716103135398,0.0,2.6705836139692596,0.0,0.0,0.0
pivot_ccw_3,551.952,3.7567279727432568,3.11716103135398,0.0,2.6705836139692596,0.0,0.0,0.0
pivot_ccw_3,551.988,3.7567279727432568,3.11716103135398,0.0,2.6705836139692596,0.0,0.0,0.0
pivot_ccw_3,552.024,3.7567279727432568,3.11716103135398,0.0,2.6705836139692596,0.0,0.0,0.0
pivot_ccw_3,552.06,3.7567279727432568,3.11716103135398,0.0,2.6705836139692596,0.0,0.0,0.0
pivot_ccw_3,552.096,3.7567279727432568,3.11716103135398,0.0,2.6705836139692596,0.0,0.0,0.0
pivot_ccw_3,552.132,3.7567279727432568,3.11716103135398,0.0,2.6705836139692596,0.0,0.0,0.0
pivot_ccw_3,552.168,3.7567279727432568,3.11716103135398,0.0,2.6705836139692596,0.0,0.0,0.0
pivot_ccw_3,552.204,3.7567279727432568,3.11716103135398,0.0,2.6705836139692596,0.0,0.0,0.0
pivot_ccw_3,552.24,3.7567279727432568,3.11716103135398,0.0,2.6705836139692596,0.0,0.0,0.0
pivot_ccw_3,552.276,3.7567279727432568,3.11716103135398,0.0,2.6705836139692596,0.0,0.0,0.0
pivot_ccw_3,552.312,3.7567279727432568,3.11716103135398,0.0,2.6705836139692596,0.0,0.0,0.0
pivot_ccw_3,552.348,3.7567279727432568,3.11716103135398,0.0,2.6705836139692596,0.0,0.0,0.0
pivot_ccw_3,552.384,3.7567279727432568,3.11716103135398,0.0,2.6705836139692596,0.0,0.0,0.0
pivot_ccw_3,552.42,3.7567279727432568,3.11716103135398,0.0,2.6705836139692596,0.0,0.0,0.0
pivot_ccw_3,552.456,3.7567279727432568,3.11716103135398,0.0,2.6705836139692596,0.0,0.0,0.0
pivot_ccw_3,552.492,3.7567279727432568,3.11716103135398,0.0,2.6705836139692596,0.0,0.0,0.0
pivot_ccw_3,552.528,3.7567279727432568,3.11716103135398,0.0,2.6705836139692596,0.0,0.0,0.0
pivot_ccw_3,552.564,3.7567279727432568,3.11716103135398,0.0,2.6705836139692596,0.0,0.0,0.0
pivot_ccw_3,552.6,3.7567279727432568,3.11716103135398,0.0,2.6705836139692596,0.0,0.0,0.0
pivot_ccw_3,552.636,3.7567279727432568,3.11716103135398,0.0,2.6705836139692596,0.0,0.0,0.0
pivot_ccw_3,552.672,3.7567279727432568,3.11716103135398,0.0,2.6705836139692596,0.0,0.0,0.0
pivot_ccw_3,552.708,3.7567279727432568,3.11716103135398,0.0,2.6705836139692596,0.0,0.0,0.0
pivot_ccw_3,552.744,3.7567279727432568,3.11716103135398,0.0,2.6705836139692596,0.0,0.0,0.0
pivot_ccw_3,552.78,3.7567279727432568,3.11716103135398,0.0,2.6705836139692596,0.0,0.0,0.0
pivot_ccw_3,552.816,3.7567279727432568,3.11716103135398,0.0,2.6705836139692596,0.0,0.0,0.0
pivot_ccw_3,552.852,3.7567279727432568,3.11716103135398,0.0,2.6705836139692596,0.0,0.0,0.0
pivot_ccw_3,552.888,3.7567279727432568,3.11716103135398,0.0,2.6705836139692596,0.0,0.0,0.0
pivot_ccw_3,552.924,3.7567279727432568,3.11716103135398,0.0,2.6705836139692596,0.0,0.0,0.0
pivot_ccw_3,552.96,3.7567279727432568,3.11716103135398,0.0,2.6705836139692596,0.0,0.0,0.0
pivot_ccw_3,552.996,3.7567279727432568,3.11716103135398,0.0,2.6705836139692596,0.0,0.0,0.0
pivot_ccw_3,553.032,3.7567279727432568,3.11716103135398,0.0,2.6705836139692596,0.0,0.0,0.0
pivot_ccw_3,553.068,3.7567279727432568,3.11716103135398,0.0,2.6705836139692596,0.0,0.0,0.0
pivot_ccw_3,553.104,3.7567279727432568,3.11716103135398,0.0,2.6705836139692596,0.0,0.0,0.0
pivot_ccw_3,553.14,3.7567279727432568,3.11716103135398,0.0,2.6705836139692596,0.0,0.0,0.0
pivot_ccw_3,553.176,3.7567279727432568,3.11716103135398,0.0,2.6705836139692596,0.0,0.0,0.0
pivot_ccw_3,553.212,3.7567279727432568,3.11716103135398,0.0,2.6705836139692596,0.0,0.0,0.0
pivot_ccw_3,553.248,3.7567279727432568,3.11716103135398,0.0,2.6705836139692596,0.0,0.0,0.0
pivot_ccw_3,553.284,3.7567279727432568,3.11716103135398,0.0,2.6705836139692596,0.0,0.0,0.0
pivot_ccw_3,553.32,3.7567279727432568,3.11716103135398,0.0,2.6705836139692596,0.0,0.0,0.0
pivot_ccw_3,553.356,3.7567279727432568,3.11716103135398,0.0,2.6705836139692596,0.0,0.0,0.0
pivot_ccw_3,553.392,3.7567279727432568,3.11716103135398,0.0,2.6705836139692596,0.0,0.0,0.0
pivot_ccw_3,553.428,3.7567279727432568,3.11716103135398,0.0,2.6705836139692596,0.0,0.0,0.0
pivot_ccw_3,553.464,3.7567279727432568,3.11716103135398,0.0,2.6705836139692596,0.0,0.0,0.0
pivot_ccw_3,553.5,3.7567279727432568,3.11716103135398,0.0,2.6705836139692596,0.0,0.0,0.0
pivot_ccw_3,553.536,3.7567279727432568,3.11716103135398,0.0,2.6705836139692596,0.0,0.0,0.0
pivot_ccw_3,553.572,3.7567279727432568,3.11716103135398,0.0,2.6705836139692596,0.0,0.0,0.0
reset,553.608,3.7567279727432568,3.11716103135398,0.0,2.6705836139692596,0.0,0.0,0.0
reset,553.644,3.7567279727432568,3.11716103135398,0.0,2.6705836139692596,0.0,0.0,0.0
reset,553.68,3.7567279727432568,3.11716103135398,0.0,2.6705836139692596,0.0,0.0,0.0
reset,553.716,3.7567279727432568,3.11716103135398,0.0,2.6705836139692596,0.0,0.0,0.0
reset,553.752,3.7567279727432568,3.11716103135398,0.0,2.6705836139692596,0.0,0.0,0.0
reset,553.788,3.7567279727432568,3.11716103135398,0.0,2.6705836139692596,0.0,0.0,0.0
reset,553.824,3.7567279727432568,3.11716103135398,0.0,2.6705836139692596,0.0,0.0,0.0
reset,553.86,3.7567279727432568,3.11716103135398,0.0,2.6705836139692596,0.0,0.0,0.0
reset,553.896,3.7567279727432568,3.11716103135398,0.0,2.6705836139692596,0.0,0.0,0.0
reset,553.932,3.7567279727432568,3.11716103135398,0.0,2.6705836139692596,0.0,0.0,0.0
reset,553.968,3.7567279727432568,3.11716103135398,0.0,2.6705836139692596,0.0,0.0,0.0
reset,554.004,3.7567279727432568,3.11716103135398,0.0,2.6705836139692596,0.0,0.0,0.0
reset,554.04,3.7567279727432568,3.11716103135398,0.0,2.6705836139692596,0.0,0.0,0.0
reset,554.076,3.7567279727432568,3.11716103135398,0.0,2.6705836139692596,0.0,0.0,0.0
reset,554.112,3.7567279727432568,3.11716103135398,0.0,2.6705836139692596,0.0,0.0,0.0
reset,554.148,3.7567279727432568,3.11716103135398,0.0,2.6705836139692596,0.0,0.0,0.0
reset,554.184,3.7567279727432568,3.11716103135398,0.0,2.6705836139692596,0.0,0.0,0.0
reset,554.22,3.7567279727432568,3.11716103135398,0.0,2.6705836139692596,0.0,0.0,0.0
reset,554.256,3.7567279727432568,3.11716103135398,0.0,2.6705836139692596,0.0,0.0,0.0
reset,554.292,3.7567279727432568,3.11716103135398,0.0,2.6705836139692596,0.0,0.0,0.0
reset,554.328,3.7567279727432568,3.11716103135398,0.0,2.6705836139692596,0.0,0.0,0.0
reset,554.364,3.7567279727432568,3.11716103135398,0.0,2.6705836139692596,0.0,0.0,0.0
reset,554.4,3.7567279727432568,3.11716103135398,0.0,2.6705836139692596,0.0,0.0,0.0
reset,554.436,3.7567279727432568,3.11716103135398,0.0,2.6705836139692596,0.0,0.0,0.0
reset,554.472,3.7567279727432568,3.11716103135398,0.0,2.6705836139692596,0.0,0.0,0.0
reset,554.508,3.7567279727432568,3.11716103135398,0.0,2.6705836139692596,0.0,0.0,0.0
reset,554.544,3.7567279727432568,3.11716103135398,0.0,2.6705836139692596,0.0,0.0,0.0
reset,554.58,3.7567279727432568,3.11716103135398,0.0,2.6705836139692596,0.0,0.0,0.0
reset,554.652,3.7567279727432568,3.11716103135398,0.0,2.6705836139692596,0.0,0.0,0.0
reset,554.688,3.7567279727432568,3.11716103135398,0.0,2.6705836139692596,0.0,0.0,0.0
reset,554.724,3.7567279727432568,3.11716103135398,0.0,2.6705836139692596,0.0,0.0,0.0
reset,554.76,3.7567279727432568,3.11716103135398,0.0,2.6705836139692596,0.0,0.0,0.0
reset,554.796,3.7567279727432568,3.11716103135398,0.0,2.6705836139692596,0.0,0.0,0.0
reset,554.832,3.7567279727432568,3.11716103135398,0.0,2.6705836139692596,0.0,0.0,0.0
reset,554.868,3.7567279727432568,3.11716103135398,0.0,2.6705836139692596,0.0,0.0,0.0
reset,554.904,3.7567279727432568,3.11716103135398,0.0,2.6705836139692596,0.0,0.0,0.0
reset,554.94,3.7567279727432568,3.11716103135398,0.0,2.6705836139692596,0.0,0.0,0.0
reset,554.976,3.7567279727432568,3.11716103135398,0.0,2.6705836139692596,0.0,0.0,0.0
reset,555.012,3.7567279727432568,3.11716103135398,0.0,2.6705836139692596,0.0,0.0,0.0
reset,555.048,3.7567279727432568,3.11716103135398,0.0,2.6705836139692596,0.0,0.0,0.0
reset,555.084,3.7567279727432568,3.11716103135398,0.0,2.6705836139692596,0.0,0.0,0.0
reset,555.12,3.7567279727432568,3.11716103135398,0.0,2.6705836139692596,0.0,0.0,0.0
reset,555.156,3.7567279727432568,3.11716103135398,0.0,2.6705836139692596,0.0,0.0,0.0
reset,555.192,3.7567279727432568,3.11716103135398,0.0,2.6705836139692596,0.0,0.0,0.0
reset,555.228,3.7567279727432568,3.11716103135398,0.0,2.6705836139692596,0.0,0.0,0.0
reset,555.264,3.7567279727432568,3.11716103135398,0.0,2.6705836139692596,0.0,0.0,0.0
reset,555.3,3.7567279727432568,3.11716103135398,0.0,2.6705836139692596,0.0,0.0,0.0
reset,555.336,3.7567279727432568,3.11716103135398,0.0,2.6705836139692596,0.0,0.0,0.0
reset,555.372,3.7567279727432568,3.11716103135398,0.0,2.6705836139692596,0.0,0.0,0.0
reset,555.408,3.7567279727432568,3.11716103135398,0.0,2.6705836139692596,0.0,0.0,0.0
reset,555.444,3.7567279727432568,3.11716103135398,0.0,2.6705836139692596,0.0,0.0,0.0
reset,555.48,3.7567279727432568,3.11716103135398,0.0,2.6705836139692596,0.0,0.0,0.0
reset,555.516,3.7567279727432568,3.11716103135398,0.0,2.6705836139692596,0.0,0.0,0.0
reset,555.552,3.7567279727432568,3.11716103135398,0.0,2.6705836139692596,0.0,0.0,0.0
reset,555.588,3.7567279727432568,3.11716103135398,0.0,2.6705836139692596,0.0,0.0,0.0
reset,555.624,3.7567279727432568,3.11716103135398,0.0,2.6705836139692596,0.0,0.0,0.0
reset,555.66,3.7567279727432568,3.11716103135398,0.0,2.6705836139692596,0.0,0.0,0.0
reset,555.696,3.7567279727432568,3.11716103135398,0.0,2.6705836139692596,0.0,0.0,0.0
reset,555.732,3.7567279727432568,3.11716103135398,0.0,2.6705836139692596,0.0,0.0,0.0
reset,555.768,3.7567279727432568,3.11716103135398,0.0,2.6705836139692596,0.0,0.0,0.0
reset,555.804,3.7567279727432568,3.11716103135398,0.0,2.6705836139692596,0.0,0.0,0.0
reset,555.84,3.7567279727432568,3.11716103135398,0.0,2.6705836139692596,0.0,0.0,0.0
reset,555.876,3.7567279727432568,3.11716103135398,0.0,2.6705836139692596,0.0,0.0,0.0
reset,555.912,3.7567279727432568,3.11716103135398,0.0,2.6705836139692596,0.0,0.0,0.0
reset,555.948,3.7567279727432568,3.11716103135398,0.0,2.6705836139692596,0.0,0.0,0.0
reset,555.984,3.7567279727432568,3.11716103135398,0.0,2.6705836139692596,0.0,0.0,0.0
reset,556.02,3.7567279727432568,3.11716103135398,0.0,2.6705836139692596,0.0,0.0,0.0
reset,556.056,3.7567279727432568,3.11716103135398,0.0,2.6705836139692596,0.0,0.0,0.0
pivot_cw_3,556.092,3.7567279727432568,3.11716103135398,0.0,2.6705836139692596,0.0,0.0,0.0
pivot_cw_3,556.128,3.7567279727432568,3.11716103135398,0.0,2.6705836139692596,0.0,0.0,0.0
pivot_cw_3,556.164,3.7567279727432568,3.11716103135398,0.0,2.6705836139692596,0.0,0.0,0.0
pivot_cw_3,556.2,3.7567279727432568,3.11716103135398,0.0,2.6705836139692596,0.0,0.0,0.0
pivot_cw_3,556.236,3.7567279727432568,3.11716103135398,0.0,2.6705836139692596,0.0,0.0,0.0
pivot_cw_3,556.272,3.7567279727432568,3.11716103135398,0.0,2.6705836139692596,0.0,0.0,0.0
pivot_cw_3,556.308,3.7567279727432568,3.11716103135398,0.0,2.6705836139692596,0.0,0.0,0.0
pivot_cw_3,556.344,3.7567279727432568,3.11716103135398,0.0,2.6705836139692596,0.0,0.0,0.0
pivot_cw_3,556.38,3.7567279727432568,3.11716103135398,0.0,2.6705836139692596,0.0,0.0,0.0
pivot_cw_3,556.416,3.7567279727432568,3.11716103135398,0.0,2.6705836139692596,0.0,0.0,0.0
pivot_cw_3,556.452,3.7567279727432568,3.11716103135398,0.0,2.6705836139692596,0.0,0.0,0.0
pivot_cw_3,556.488,3.7567279727432568,3.11716103135398,0.0,2.6705836139692596,0.0,0.0,0.0
pivot_cw_3,556.524,3.7567279727432568,3.11716103135398,0.0,2.6705836139692596,0.0,0.0,0.0
pivot_cw_3,556.56,3.7567279727432568,3.11716103135398,0.0,2.6705836139692596,0.0,0.0,0.0
pivot_cw_3,556.596,3.7567279727432568,3.11716103135398,0.0,2.6705836139692596,0.0,0.0,0.0
pivot_cw_3,556.632,3.7567279727432568,3.11716103135398,0.0,2.6705836139692596,0.0,0.0,0.0
pivot_cw_3,556.668,3.7567279727432568,3.11716103135398,0.0,2.6705836139692596,0.0,0.0,0.0
pivot_cw_3,556.704,3.7567279727432568,3.11716103135398,0.0,2.6705836139692596,0.0,0.0,0.0
pivot_cw_3,556.74,3.7567279727432568,3.11716103135398,0.0,2.6705836139692596,0.0,0.0,0.0
pivot_cw_3,556.776,3.7567279727432568,3.11716103135398,0.0,2.6705836139692596,0.0,0.0,0.0
pivot_cw_3,556.812,3.7567279727432568,3.11716103135398,0.0,2.6705836139692596,0.0,0.0,0.0
pivot_cw_3,556.848,3.7567279727432568,3.11716103135398,0.0,2.6705836139692596,0.0,0.0,0.0
pivot_cw_3,556.884,3.7567279727432568,3.11716103135398,0.0,2.6705836139692596,0.0,0.0,0.0
pivot_cw_3,556.92,3.7567279727432568,3.11716103135398,0.0,2.6705836139692596,0.0,0.0,0.0
pivot_cw_3,556.956,3.7567279727432568,3.11716103135398,0.0,2.6705836139692596,0.0,0.0,0.0
pivot_cw_3,556.992,3.7567279727432568,3.11716103135398,0.0,2.6705836139692596,0.0,0.0,0.0
pivot_cw_3,557.028,3.7567279727432568,3.11716103135398,0.0,2.6705836139692596,0.0,0.0,0.0
pivot_cw_3,557.064,3.7567279727432568,3.11716103135398,0.0,2.6705836139692596,0.0,0.0,0.0
pivot_cw_3,557.1,3.7567279727432568,3.11716103135398,0.0,2.6705512139760685,0.0,0.0,-0.0010799997730335299
pivot_cw_3,557.136,3.756727972743255,3.1171610313539806,0.0,2.6694496140171644,7.401486830834377e-14,0.0,-0.03419999885736308
pivot_cw_3,557.172,3.7567279727432537,3.117161031353981,0.0,2.666792814058719,4.440892098500626e-14,0.0,-0.07739999884455931
pivot_cw_3,557.208,3.756727972743252,3.117161031353982,0.0,2.6625808141007137,5.921189464667502e-14,0.0,-0.1205999988322779
pivot_cw_3,557.244,3.7567279727432505,3.1171610313539824,0.0,2.656813614143168,2.9605947323337504e-14,0.0,-0.16379999881968305
pivot_cw_3,557.28,3.7567279727432497,3.117161031353983,0.0,2.6494912141860625,1.4802973661668752e-14,0.0,-0.20699999880740166
pivot_cw_3,557.316,3.756727972743248,3.1171610313539833,0.0,2.6406136142294065,1.4802973661668752e-14,0.0,-0.25019999879501575
pivot_cw_3,557.352,3.7567279727432465,3.1171610313539833,0.0,2.6301808142732033,2.9605947323337504e-14,0.0,-0.2933999987825254
pivot_cw_3,557.388,3.756727972743246,3.1171610313539833,0.0,2.6181928143174495,1.4802973661668752e-14,0.0,-0.33659999877003505
pivot_cw_3,557.424,3.7567279727432448,3.1171610313539846,0.0,2.6046496143621396,2.9605947323337504e-14,0.0,-0.3797999987577536
pivot_cw_3,557.46,3.7567279727432448,3.1171610313539846,0.0,2.5895512144072828,0.0,0.0,-0.4229999987451588
pivot_cw_3,557.496,3.7567279727432448,3.1171610313539846,0.0,2.5728976144528817,0.0,0.0,-0.46619999873256396
pivot_cw_3,557.532,3.7567279727432448,3.1171610313539846,0.0,2.555000814481119,0.0,0.0,-0.49899999931344097
pivot_cw_3,557.568,3.7567279727432448,3.1171610313539846,0.0,2.5370008144971883,0.0,0.0,-0.49999999955371754
pivot_cw_3,557.604,3.7567279727432448,3.1171610313539846,0.0,2.5190008145132574,0.0,0.0,-0.49999999955371754
pivot_cw_3,557.64,3.7567279727432448,3.1171610313539846,0.0,2.5010008145293265,0.0,0.0,-0.4999999995535086
pivot_cw_3,557.676,3.7567279727432448,3.1171610313539846,0.0,2.4830008145453957,0.0,0.0,-0.4999999995535086
pivot_cw_3,557.712,3.7567279727432448,3.1171610313539846,0.0,2.465000814561465,0.0,0.0,-0.4999999995535086
pivot_cw_3,557.748,3.7567279727432448,3.1171610313539846,0.0,2.4470008145775277,0.0,0.0,-0.49999999955371754
pivot_cw_3,557.784,3.7567279727432448,3.1171610313539846,0.0,2.429000814593597,0.0,0.0,-0.49999999955371754
pivot_cw_3,557.82,3.7567279727432448,3.1171610313539846,0.0,2.411000814609666,0.0,0.0,-0.49999999955371754
pivot_cw_3,557.856,3.7567279727432448,3.1171610313539846,0.0,2.393000814625735,0.0,0.0,-0.49999999955371754
pivot_cw_3,557.892,3.7567279727432448,3.1171610313539846,0.0,2.3750008146418042,0.0,0.0,-0.49999999955371754
pivot_cw_3,557.928,3.7567279727432448,3.1171610313539846,0.0,2.3570008146578734,0.0,0.0,-0.4999999995535086
pivot_cw_3,557.964,3.7567279727432448,3.1171610313539846,0.0,2.3390008146739425,0.0,0.0,-0.4999999995535086
pivot_cw_3,558.0,3.7567279727432448,3.1171610313539846,0.0,2.3210008146900116,0.0,0.0,-0.4999999995535086
pivot_cw_3,558.036,3.7567279727432448,3.1171610313539846,0.0,2.3030008147060808,0.0,0.0,-0.4999999995535086
pivot_cw_3,558.072,3.756727972743245,3.117161031353984,0.0,2.2850008147221406,-1.4802973661668752e-14,0.0,-0.49999999955382196
pivot_cw_3,558.108,3.756727972743251,3.1171610313539775,0.0,2.26700081473816,-1.924386576016938e-13,0.0,-0.4999999995550756
pivot_cw_3,558.144,3.756727972743257,3.117161031353971,0.0,2.2490008147541762,-1.924386576016938e-13,0.0,-0.4999999995550756
pivot_cw_3,558.18,3.75672797274326,3.1171610313539677,0.0,2.2310008147701677,-5.921189464667501e-14,0.0,-0.49999999955601576
pivot_cw_3,558.216,3.75672797274326,3.1171610313539677,0.0,2.213000814786131,0.0,0.0,-0.49999999955643376
pivot_cw_3,558.252,3.75672797274326,3.1171610313539677,0.0,2.1950008148021007,0.0,0.0,-0.49999999955643376
pivot_cw_3,558.288,3.75672797274326,3.1171610313539677,0.0,2.177000814818064,-1.4802973661668752e-14,0.0,-0.4999999995565382
pivot_cw_3,558.324,3.75672797274326,3.1171610313539677,0.0,2.159000814834034,0.0,0.0,-0.49999999955643376
pivot_cw_3,558.36,3.75672797274326,3.1171610313539677,0.0,2.1410008148499973,0.0,0.0,-0.49999999955664265
pivot_cw_3,558.396,3.7567279727432585,3.11716103135397,0.0,2.123000814865967,8.881784197001252e-14,0.0,-0.49999999955643376
pivot_cw_3,558.432,3.756727972743259,3.1171610313539695,0.0,2.1050008148819335,-1.4802973661668752e-14,0.0,-0.4999999995565382
pivot_cw_3,558.468,3.756727972743259,3.11716103135397,0.0,2.0870008148979,0.0,0.0,-0.49999999955643376
pivot_cw_3,558.504,3.756727972743259,3.1171610313539695,0.0,2.0690008149138666,-1.4802973661668752e-14,0.0,-0.4999999995565382
pivot_cw_3,558.54,3.756727972743259,3.11716103135397,0.0,2.051000814929833,1.4802973661668752e-14,0.0,-0.4999999995565382
pivot_cw_3,558.576,3.756727972743259,3.11716103135397,0.0,2.0330008149458028,0.0,0.0,-0.49999999955643376
pivot_cw_3,558.612,3.756727972743259,3.1171610313539695,0.0,2.0150008149617693,0.0,0.0,-0.49999999955643376
pivot_cw_3,558.648,3.756727972743259,3.11716103135397,0.0,1.997000814977736,0.0,0.0,-0.49999999955643376
pivot_cw_3,558.684,3.756727972743259,3.1171610313539695,0.0,1.9790008149937024,0.0,0.0,-0.49999999955643376
pivot_cw_3,558.72,3.756727972743259,3.11716103135397,0.0,1.961000815009669,0.0,0.0,-0.49999999955643376
pivot_cw_3,558.756,3.756727972743259,3.1171610313539695,0.0,1.9430008150256357,-1.4802973661668752e-14,0.0,-0.4999999995565382
pivot_cw_3,558.792,3.756727972743259,3.11716103135397,0.0,1.9250008150416023,1.4802973661668752e-14,0.0,-0.4999999995565382
pivot_cw_3,558.828,3.756727972743259,3.1171610313539695,0.0,1.9070008150575686,-1.4802973661668752e-14,0.0,-0.4999999995565382
pivot_cw_3,558.864,3.756727972743259,3.11716103135397,0.0,1.889000815073535,1.4802973661668752e-14,0.0,-0.4999999995565382
pivot_cw_3,558.9,3.756727972743259,3.11716103135397,0.0,1.8710008150895048,0.0,0.0,-0.49999999955643376
pivot_cw_3,558.936,3.756727972743259,3.1171610313539695,0.0,1.8530008151054713,0.0,0.0,-0.49999999955643376
pivot_cw_3,558.972,3.756727972743259,3.11716103135397,0.0,1.835000815121438,0.0,0.0,-0.49999999955643376
pivot_cw_3,559.008,3.756727972743259,3.1171610313539695,0.0,1.8170008151374044,0.0,0.0,-0.49999999955643376
pivot_cw_3,559.044,3.756727972743259,3.11716103135397,0.0,1.799000815153371,0.0,0.0,-0.49999999955643376
pivot_cw_3,559.08,3.756727972743259,3.1171610313539695,0.0,1.7810008151693377,-1.4802973661668752e-14,0.0,-0.4999999995565382
pivot_cw_3,559.116,3.756727972743259,3.11716103135397,0.0,1.763000815185304,1.4802973661668752e-14,0.0,-0.4999999995565382
pivot_cw_3,559.152,3.756727972743259,3.11716103135397,0.0,1.7450008152012737,0.0,0.0,-0.49999999955643376
pivot_cw_3,559.188,3.756727972743259,3.11716103135397,0.0,1.7270008152172376,1.4802973661668752e-14,0.0,-0.4999999995565382
pivot_cw_3,559.224,3.756727972743259,3.11716103135397,0.0,1.7090008152332068,0.0,0.0,-0.49999999955643376
pivot_cw_3,559.26,3.756727972743259,3.1171610313539695,0.0,1.6910008152491736,0.0,0.0,-0.49999999955643376
pivot_cw_3,559.296,3.756727972743259,3.11716103135397,0.0,1.6730008152651399,0.0,0.0,-0.49999999955643376
pivot_cw_3,559.332,3.756727972743259,3.1171610313539695,0.0,1.6550008152811069,-1.4802973661668752e-14,0.0,-0.4999999995565382
pivot_cw_3,559.368,3.756727972743259,3.11716103135397,0.0,1.637000815297073,0.0,0.0,-0.49999999955643376
pivot_cw_3,559.404,3.756727972743259,3.1171610313539673,0.0,1.6190008153130429,0.0,0.0,-0.49999999955643376
pivot_cw_3,559.44,3.756727972743259,3.11716103135396,0.0,1.601000815329056,-1.924386576016938e-13,0.0,-0.4999999995550756
pivot_cw_3,559.476,3.756727972743259,3.117161031353953,0.0,1.5830008153450752,-1.924386576016938e-13,0.0,-0.4999999995550756
pivot_cw_3,559.512,3.756727972743259,3.1171610313539455,0.0,1.5650008153610917,-2.0724163126336256e-13,0.0,-0.49999999955518015
pivot_cw_3,559.548,3.756727972743259,3.1171610313539384,0.0,1.5470008153771109,-1.924386576016938e-13,0.0,-0.4999999995550756
pivot_cw_3,559.584,3.756727972743259,3.1171610313539313,0.0,1.5290008153931303,-1.9243865760169382e-13,0.0,-0.4999999995550756
pivot_cw_3,559.62,3.756727972743259,3.1171610313539238,0.0,1.5110008154091465,-2.0724163126336254e-13,0.0,-0.4999999995549712
pivot_cw_3,559.656,3.756727972743259,3.1171610313539166,0.0,1.493000815425166,-2.0724163126336256e-13,0.0,-0.4999999995549712
pivot_cw_3,559.692,3.756727972743259,3.117161031353909,0.0,1.4750008154411824,-2.0724163126336256e-13,0.0,-0.4999999995549712
pivot_cw_3,559.728,3.756727972743259,3.1171610313539024,0.0,1.4570008154571985,-1.9243865760169382e-13,0.0,-0.4999999995550756
pivot_cw_3,559.764,3.756727972743259,3.117161031353895,0.0,1.4390008154732148,-2.0724163126336254e-13,0.0,-0.4999999995551801
pivot_cw_3,559.8,3.756727972743259,3.117161031353888,0.0,1.4210008154892342,-1.924386576016938e-13,0.0,-0.4999999995550756
pivot_cw_3,559.836,3.756727972743259,3.1171610313538802,0.0,1.4030008155052505,-2.0724163126336256e-13,0.0,-0.49999999955518015
pivot_cw_3,559.872,3.756727972743259,3.117161031353878,0.0,1.385000815521304,-2.960594732333751e-14,0.0,-0.49999999955392643
pivot_cw_3,559.908,3.756727972743259,3.117161031353878,0.0,1.3670008155373732,0.0,0.0,-0.4999999995535086
pivot_cw_3,559.944,3.756727972743259,3.117161031353878,0.0,1.3490008155534423,0.0,0.0,-0.4999999995535086
pivot_cw_3,559.98,3.756727972743259,3.117161031353878,0.0,1.3310008155695117,0.0,0.0,-0.4999999995535086
pivot_cw_3,560.016,3.756727972743259,3.1171610313538776,0.0,1.3130008155855777,-1.4802973661668752e-14,0.0,-0.4999999995536131
pivot_cw_3,560.052,3.756727972743259,3.117161031353878,0.0,1.2950008156016435,0.0,0.0,-0.49999999955371754
pivot_cw_3,560.088,3.756727972743259,3.117161031353878,0.0,1.2770008156177126,0.0,0.0,-0.4999999995537176
pivot_cw_3,560.124,3.756727972743259,3.117161031353878,0.0,1.2590008156337817,0.0,0.0,-0.49999999955371754
pivot_cw_3,560.16,3.756727972743259,3.117161031353878,0.0,1.2410008156498509,0.0,0.0,-0.49999999955371754
pivot_cw_3,560.196,3.756727972743259,3.117161031353878,0.0,1.22300081566592,0.0,0.0,-0.4999999995535086
pivot_cw_3,560.232,3.756727972743259,3.117161031353878,0.0,1.2050008156819894,0.0,0.0,-0.4999999995535086
pivot_cw_3,560.268,3.756727972743259,3.117161031353878,0.0,1.1870008156980585,0.0,0.0,-0.4999999995535086
pivot_cw_3,560.304,3.756727972743259,3.1171610313538776,0.0,1.1690008157141243,-1.4802973661668752e-14,0.0,-0.4999999995536131
pivot_cw_3,560.34,3.756727972743259,3.117161031353878,0.0,1.1510008157301905,0.0,0.0,-0.49999999955371754
pivot_cw_3,560.376,3.756727972743259,3.117161031353878,0.0,1.1330008157462594,0.0,0.0,-0.49999999955371754
pivot_cw_3,560.412,3.756727972743259,3.117161031353878,0.0,1.1150008157623286,0.0,0.0,-0.49999999955371754
pivot_cw_3,560.448,3.756727972743259,3.117161031353878,0.0,1.0970008157783977,0.0,0.0,-0.49999999955371754
pivot_cw_3,560.484,3.756727972743259,3.117161031353878,0.0,1.0790008157944668,1.4802973661668752e-14,0.0,-0.4999999995536131
pivot_cw_3,560.52,3.756727972743259,3.117161031353878,0.0,1.0610008158105362,0.0,0.0,-0.4999999995535086
pivot_cw_3,560.556,3.756727972743259,3.117161031353878,0.0,1.043000815826605,0.0,0.0,-0.4999999995535086
pivot_cw_3,560.592,3.7567279727432585,3.1171610313538776,0.0,1.025000815842671,-1.4802973661668752e-14,0.0,-0.4999999995536131
pivot_cw_3,560.628,3.756727972743259,3.117161031353878,0.0,1.0070008158587371,0.0,0.0,-0.49999999955371754
pivot_cw_3,560.664,3.756727972743259,3.117161031353878,0.0,0.9890008158748065,0.0,0.0,-0.49999999955371754
pivot_cw_3,560.7,3.756727972743259,3.117161031353878,0.0,0.9710008158908762,0.0,0.0,-0.49999999955371754
pivot_cw_3,560.736,3.756727972743259,3.117161031353878,0.0,0.9530008159069456,0.0,0.0,-0.49999999955371754
pivot_cw_3,560.772,3.756727972743259,3.117161031353878,0.0,0.9350008159230155,1.4802973661668752e-14,0.0,-0.4999999995536131
pivot_cw_3,560.808,3.756727972743259,3.117161031353878,0.0,0.9170008159390849,0.0,0.0,-0.4999999995535086
pivot_cw_3,560.844,3.756727972743259,3.117161031353878,0.0,0.8990008159551546,0.0,0.0,-0.4999999995535086
pivot_cw_3,560.88,3.756727972743259,3.117161031353878,0.0,0.8810008159712238,0.0,0.0,-0.4999999995535086
pivot_cw_3,560.916,3.756727972743259,3.117161031353878,0.0,0.8630008159872873,0.0,0.0,-0.49999999955371754
pivot_cw_3,560.952,3.756727972743259,3.117161031353878,0.0,0.8450008160033567,0.0,0.0,-0.49999999955371754
pivot_cw_3,560.988,3.756727972743259,3.117161031353878,0.0,0.8270008160194263,0.0,0.0,-0.4999999995537176
pivot_cw_3,561.024,3.756727972743259,3.117161031353878,0.0,0.809000816035496,0.0,0.0,-0.49999999955371754
pivot_cw_3,561.06,3.756727972743259,3.117161031353878,0.0,0.7910008160515656,0.0,0.0,-0.49999999955371754
pivot_cw_3,561.096,3.756727972743259,3.117161031353878,0.0,0.773000816067635,0.0,0.0,-0.4999999995535086
pivot_cw_3,561.132,3.756727972743259,3.117161031353878,0.0,0.7550008160837047,0.0,0.0,-0.4999999995535086
pivot_cw_3,561.168,3.756727972743259,3.117161031353878,0.0,0.7370008160997742,0.0,0.0,-0.4999999995535086
pivot_cw_3,561.204,3.7567279727432585,3.1171610313538776,0.0,0.7190008161158407,-1.4802973661668752e-14,0.0,-0.4999999995536131
pivot_cw_3,561.24,3.7567279727432568,3.1171610313538762,0.0,0.7010008161318914,-7.401486830834377e-14,0.0,-0.49999999955423985
pivot_cw_3,561.276,3.756727972743249,3.117161031353871,0.0,0.6830008161479076,-2.0724163126336256e-13,0.0,-0.49999999955518015
pivot_cw_3,561.312,3.7567279727432425,3.117161031353866,0.0,0.6650008161639239,-1.7763568394002505e-13,0.0,-0.49999999955518015
pivot_cw_3,561.348,3.756727972743243,3.1171610313538665,0.0,0.6470008161798907,1.4802973661668752e-14,0.0,-0.4999999995565382
pivot_cw_3,561.384,3.7567279727432425,3.117161031353866,0.0,0.629000816195857,0.0,0.0,-0.49999999955643376
pivot_cw_3,561.42,3.756727972743243,3.1171610313538665,0.0,0.6110008162118236,1.4802973661668752e-14,0.0,-0.4999999995565382
pivot_cw_3,561.456,3.7567279727432425,3.117161031353866,0.0,0.5930008162277901,0.0,0.0,-0.49999999955643376
pivot_cw_3,561.492,3.7567279727432425,3.117161031353866,0.0,0.5750008162437598,0.0,0.0,-0.49999999955643376
pivot_cw_3,561.528,3.7567279727432425,3.117161031353866,0.0,0.5570008162597232,-1.4802973661668752e-14,0.0,-0.4999999995565382
pivot_cw_3,561.564,3.7567279727432425,3.117161031353866,0.0,0.5390008162756927,0.0,0.0,-0.49999999955643376
pivot_cw_3,561.6,3.7567279727432425,3.117161031353866,0.0,0.5210008162916564,-1.4802973661668752e-14,0.0,-0.4999999995565382
pivot_cw_3,561.636,3.7567279727432425,3.117161031353866,0.0,0.5030008163076259,0.0,0.0,-0.49999999955643376
pivot_cw_3,561.672,3.756727972743243,3.117161031353866,0.0,0.4850008163235925,1.4802973661668752e-14,0.0,-0.4999999995565382
pivot_cw_3,561.708,3.7567279727432425,3.117161031353866,0.0,0.46700081633955903,0.0,0.0,-0.49999999955643376
pivot_cw_3,561.744,3.7567279727432425,3.117161031353866,0.0,0.4490008163555287,0.0,0.0,-0.49999999955643376
pivot_cw_3,561.78,3.7567279727432425,3.117161031353866,0.0,0.4310008163714921,0.0,0.0,-0.49999999955643376
pivot_cw_3,561.816,3.7567279727432425,3.117161031353866,0.0,0.4130008163874618,0.0,0.0,-0.49999999955643376
pivot_cw_3,561.852,3.7567279727432425,3.117161031353866,0.0,0.39500081640342527,-1.4802973661668752e-14,0.0,-0.4999999995565382
pivot_cw_3,561.888,3.7567279727432425,3.117161031353866,0.0,0.37700081641939487,0.0,0.0,-0.49999999955643376
pivot_cw_3,561.924,3.756727972743243,3.117161031353866,0.0,0.3590008164353614,1.4802973661668752e-14,0.0,-0.4999999995565382
pivot_cw_3,561.96,3.7567279727432425,3.117161031353866,0.0,0.341000816451328,0.0,0.0,-0.49999999955643376
pivot_cw_3,561.996,3.756727972743243,3.117161031353866,0.0,0.3230008164672945,1.4802973661668752e-14,0.0,-0.4999999995565382
pivot_cw_3,562.032,3.7567279727432425,3.117161031353866,0.0,0.30500081648326105,0.0,0.0,-0.49999999955643376
pivot_cw_3,562.068,3.7567279727432425,3.117161031353866,0.0,0.28700081649923076,0.0,0.0,-0.49999999955643376
pivot_cw_3,562.104,3.756727972743241,3.117161031353865,0.0,0.26906561651293065,-5.921189464667501e-14,0.0,-0.49783999963198716
pivot_cw_3,562.14,3.7567279727432354,3.1171610313538634,0.0,0.2522968165195599,-1.6283271027835628e-13,0.0,-0.4621999998168169
pivot_cw_3,562.176,3.7567279727432306,3.1171610313538634,0.0,0.23708321652573944,-1.4802973661668753e-13,0.0,-0.41899999982930713
pivot_cw_3,562.212,3.756727972743233,3.117161031353865,0.0,0.22342481652931948,1.0362081563168128e-13,0.0,-0.3757999999134619
pivot_cw_3,562.248,3.756727972743229,3.117161031353865,0.0,0.21132161649804468,-1.0362081563168128e-13,0.0,-0.3326000008698117
pivot_cw_3,562.284,3.7567279727432257,3.117161031353865,0.0,0.20077361646632017,-8.881784197001252e-14,0.0,-0.289400000882302
pivot_cw_3,562.32,3.7567279727432235,3.117161031353865,0.0,0.1917808164341398,-7.401486830834378e-14,0.0,-0.24620000089479244
pivot_cw_3,562.356,3.756727972743221,3.117161031353865,0.0,0.1843432164015129,-8.881784197001251e-14,0.0,-0.2030000009072827
pivot_cw_3,562.392,3.7567279727432195,3.117161031353865,0.0,0.17846081636843322,-4.440892098500626e-14,0.0,-0.15980000091998203
pivot_cw_3,562.428,3.7567279727432177,3.117161031353865,0.0,0.17413361633490074,-7.401486830834377e-14,0.0,-0.11660000093257686
pivot_cw_3,562.464,3.756727972743217,3.117161031353865,0.0,0.17136161630092486,-4.440892098500626e-14,0.0,-0.07340000094496277
pivot_cw_3,562.5,3.7567279727432163,3.117161031353865,0.0,0.17014481626649627,-1.4802973661668752e-14,0.0,-0.030200000957557583
pivot_cw_3,562.536,3.7567279727432217,3.1171610313538665,0.0,0.170083616254732,1.3322676295501878e-13,0.0,-0.0003200001993698009
pivot_cw_3,562.572,3.7567279727432217,3.1171610313538665,0.0,0.170083616254732,0.0,0.0,0.0
pivot_cw_3,562.608,3.7567279727432217,3.1171610313538665,0.0,0.170083616254732,0.0,0.0,0.0
pivot_cw_3,562.644,3.7567279727432217,3.1171610313538665,0.0,0.170083616254732,0.0,0.0,0.0
pivot_cw_3,562.68,3.7567279727432217,3.1171610313538665,0.0,0.170083616254732,0.0,0.0,0.0
pivot_cw_3,562.716,3.7567279727432217,3.1171610313538665,0.0,0.170083616254732,0.0,0.0,0.0
pivot_cw_3,562.752,3.7567279727432217,3.1171610313538665,0.0,0.170083616254732,0.0,0.0,0.0
pivot_cw_3,562.788,3.7567279727432217,3.1171610313538665,0.0,0.170083616254732,0.0,0.0,0.0
pivot_cw_3,562.824,3.7567279727432217,3.1171610313538665,0.0,0.170083616254732,0.0,0.0,0.0
pivot_cw_3,562.86,3.7567279727432217,3.1171610313538665,0.0,0.170083616254732,0.0,0.0,0.0
pivot_cw_3,562.896,3.7567279727432217,3.1171610313538665,0.0,0.170083616254732,0.0,0.0,0.0
pivot_cw_3,562.932,3.7567279727432217,3.1171610313538665,0.0,0.170083616254732,0.0,0.0,0.0
pivot_cw_3,562.968,3.7567279727432217,3.1171610313538665,0.0,0.170083616254732,0.0,0.0,0.0
pivot_cw_3,563.004,3.7567279727432217,3.1171610313538665,0.0,0.170083616254732,0.0,0.0,0.0
pivot_cw_3,563.04,3.7567279727432217,3.1171610313538665,0.0,0.170083616254732,0.0,0.0,0.0
pivot_cw_3,563.076,3.7567279727432217,3.1171610313538665,0.0,0.170083616254732,0.0,0.0,0.0
pivot_cw_3,563.112,3.7567279727432217,3.1171610313538665,0.0,0.170083616254732,0.0,0.0,0.0
pivot_cw_3,563.148,3.7567279727432217,3.1171610313538665,0.0,0.170083616254732,0.0,0.0,0.0
pivot_cw_3,563.184,3.7567279727432217,3.1171610313538665,0.0,0.170083616254732,0.0,0.0,0.0
pivot_cw_3,563.22,3.7567279727432217,3.1171610313538665,0.0,0.170083616254732,0.0,0.0,0.0
pivot_cw_3,563.256,3.7567279727432217,3.1171610313538665,0.0,0.170083616254732,0.0,0.0,0.0
pivot_cw_3,563.292,3.7567279727432217,3.1171610313538665,0.0,0.170083616254732,0.0,0.0,0.0
pivot_cw_3,563.328,3.7567279727432217,3.1171610313538665,0.0,0.170083616254732,0.0,0.0,0.0
pivot_cw_3,563.364,3.7567279727432217,3.1171610313538665,0.0,0.170083616254732,0.0,0.0,0.0
pivot_cw_3,563.4,3.7567279727432217,3.1171610313538665,0.0,0.170083616254732,0.0,0.0,0.0
pivot_cw_3,563.436,3.7567279727432217,3.1171610313538665,0.0,0.170083616254732,0.0,0.0,0.0
pivot_cw_3,563.472,3.7567279727432217,3.1171610313538665,0.0,0.170083616254732,0.0,0.0,0.0
pivot_cw_3,563.508,3.7567279727432217,3.1171610313538665,0.0,0.170083616254732,0.0,0.0,0.0
pivot_cw_3,563.544,3.7567279727432217,3.1171610313538665,0.0,0.170083616254732,0.0,0.0,0.0
pivot_cw_3,563.58,3.7567279727432217,3.1171610313538665,0.0,0.170083616254732,0.0,0.0,0.0
pivot_cw_3,563.616,3.7567279727432217,3.1171610313538665,0.0,0.170083616254732,0.0,0.0,0.0
pivot_cw_3,563.652,3.7567279727432217,3.1171610313538665,0.0,0.170083616254732,0.0,0.0,0.0
pivot_cw_3,563.688,3.7567279727432217,3.1171610313538665,0.0,0.170083616254732,0.0,0.0,0.0
pivot_cw_3,563.724,3.7567279727432217,3.1171610313538665,0.0,0.170083616254732,0.0,0.0,0.0
pivot_cw_3,563.76,3.7567279727432217,3.1171610313538665,0.0,0.170083616254732,0.0,0.0,0.0
pivot_cw_3,563.796,3.7567279727432217,3.1171610313538665,0.0,0.170083616254732,0.0,0.0,0.0
pivot_cw_3,563.832,3.7567279727432217,3.1171610313538665,0.0,0.170083616254732,0.0,0.0,0.0
pivot_cw_3,563.868,3.7567279727432217,3.1171610313538665,0.0,0.170083616254732,0.0,0.0,0.0
pivot_cw_3,563.904,3.7567279727432217,3.1171610313538665,0.0,0.170083616254732,0.0,0.0,0.0
pivot_cw_3,563.94,3.7567279727432217,3.1171610313538665,0.0,0.170083616254732,0.0,0.0,0.0
pivot_cw_3,563.976,3.7567279727432217,3.1171610313538665,0.0,0.170083616254732,0.0,0.0,0.0
pivot_cw_3,564.012,3.7567279727432217,3.1171610313538665,0.0,0.170083616254732,0.0,0.0,0.0
pivot_cw_3,564.048,3.7567279727432217,3.1171610313538665,0.0,0.170083616254732,0.0,0.0,0.0
pivot_cw_3,564.084,3.7567279727432217,3.1171610313538665,0.0,0.170083616254732,0.0,0.0,0.0
pivot_cw_3,564.12,3.7567279727432217,3.1171610313538665,0.0,0.170083616254732,0.0,0.0,0.0
pivot_cw_3,564.156,3.7567279727432217,3.1171610313538665,0.0,0.170083616254732,0.0,0.0,0.0
pivot_cw_3,564.192,3.7567279727432217,3.1171610313538665,0.0,0.170083616254732,0.0,0.0,0.0
pivot_cw_3,564.228,3.7567279727432217,3.1171610313538665,0.0,0.170083616254732,0.0,0.0,0.0
pivot_cw_3,564.264,3.7567279727432217,3.1171610313538665,0.0,0.170083616254732,0.0,0.0,0.0
pivot_cw_3,564.3,3.7567279727432217,3.1171610313538665,0.0,0.170083616254732,0.0,0.0,0.0
pivot_cw_3,564.336,3.7567279727432217,3.1171610313538665,0.0,0.170083616254732,0.0,0.0,0.0
pivot_cw_3,564.372,3.7567279727432217,3.1171610313538665,0.0,0.170083616254732,0.0,0.0,0.0
pivot_cw_3,564.408,3.7567279727432217,3.1171610313538665,0.0,0.170083616254732,0.0,0.0,0.0
pivot_cw_3,564.444,3.7567279727432217,3.1171610313538665,0.0,0.170083616254732,0.0,0.0,0.0
pivot_cw_3,564.48,3.7567279727432217,3.1171610313538665,0.0,0.170083616254732,0.0,0.0,0.0
pivot_cw_3,564.516,3.7567279727432217,3.1171610313538665,0.0,0.170083616254732,0.0,0.0,0.0
pivot_cw_3,564.552,3.7567279727432217,3.1171610313538665,0.0,0.170083616254732,0.0,0.0,0.0
pivot_cw_3,564.588,3.7567279727432217,3.1171610313538665,0.0,0.170083616254732,0.0,0.0,0.0
pivot_cw_3,564.624,3.7567279727432217,3.1171610313538665,0.0,0.170083616254732,0.0,0.0,0.0
pivot_cw_3,564.66,3.7567279727432217,3.1171610313538665,0.0,0.170083616254732,0.0,0.0,0.0
pivot_cw_3,564.696,3.7567279727432217,3.1171610313538665,0.0,0.170083616254732,0.0,0.0,0.0
pivot_cw_3,564.732,3.7567279727432217,3.1171610313538665,0.0,0.170083616254732,0.0,0.0,0.0
pivot_cw_3,564.768,3.7567279727432217,3.1171610313538665,0.0,0.170083616254732,0.0,0.0,0.0
pivot_cw_3,564.804,3.7567279727432217,3.1171610313538665,0.0,0.170083616254732,0.0,0.0,0.0
pivot_cw_3,564.84,3.7567279727432217,3.1171610313538665,0.0,0.170083616254732,0.0,0.0,0.0
pivot_cw_3,564.876,3.7567279727432217,3.1171610313538665,0.0,0.170083616254732,0.0,0.0,0.0
pivot_cw_3,564.912,3.7567279727432217,3.1171610313538665,0.0,0.170083616254732,0.0,0.0,0.0
pivot_cw_3,564.948,3.7567279727432217,3.1171610313538665,0.0,0.170083616254732,0.0,0.0,0.0
pivot_cw_3,564.984,3.7567279727432217,3.1171610313538665,0.0,0.170083616254732,0.0,0.0,0.0
pivot_cw_3,565.02,3.7567279727432217,3.1171610313538665,0.0,0.170083616254732,0.0,0.0,0.0
pivot_cw_3,565.056,3.7567279727432217,3.1171610313538665,0.0,0.170083616254732,0.0,0.0,0.0
reset,565.092,3.7567279727432217,3.1171610313538665,0.0,0.170083616254732,0.0,0.0,0.0
reset,565.128,3.7567279727432217,3.1171610313538665,0.0,0.170083616254732,0.0,0.0,0.0
reset,565.164,3.7567279727432217,3.1171610313538665,0.0,0.170083616254732,0.0,0.0,0.0
reset,565.2,3.7567279727432217,3.1171610313538665,0.0,0.170083616254732,0.0,0.0,0.0
reset,565.236,3.7567279727432217,3.1171610313538665,0.0,0.170083616254732,0.0,0.0,0.0
reset,565.272,3.7567279727432217,3.1171610313538665,0.0,0.170083616254732,0.0,0.0,0.0
reset,565.308,3.7567279727432217,3.1171610313538665,0.0,0.170083616254732,0.0,0.0,0.0
reset,565.344,3.7567279727432217,3.1171610313538665,0.0,0.170083616254732,0.0,0.0,0.0
reset,565.38,3.7567279727432217,3.1171610313538665,0.0,0.170083616254732,0.0,0.0,0.0
reset,565.416,3.7567279727432217,3.1171610313538665,0.0,0.170083616254732,0.0,0.0,0.0
reset,565.452,3.7567279727432217,3.1171610313538665,0.0,0.170083616254732,0.0,0.0,0.0
reset,565.488,3.7567279727432217,3.1171610313538665,0.0,0.170083616254732,0.0,0.0,0.0
reset,565.524,3.7567279727432217,3.1171610313538665,0.0,0.170083616254732,0.0,0.0,0.0
reset,565.56,3.7567279727432217,3.1171610313538665,0.0,0.170083616254732,0.0,0.0,0.0
reset,565.596,3.7567279727432217,3.1171610313538665,0.0,0.170083616254732,0.0,0.0,0.0
reset,565.632,3.7567279727432217,3.1171610313538665,0.0,0.170083616254732,0.0,0.0,0.0
reset,565.668,3.7567279727432217,3.1171610313538665,0.0,0.170083616254732,0.0,0.0,0.0
reset,565.704,3.7567279727432217,3.1171610313538665,0.0,0.170083616254732,0.0,0.0,0.0
reset,565.74,3.7567279727432217,3.1171610313538665,0.0,0.170083616254732,0.0,0.0,0.0
reset,565.776,3.7567279727432217,3.1171610313538665,0.0,0.170083616254732,0.0,0.0,0.0
reset,565.812,3.7567279727432217,3.1171610313538665,0.0,0.170083616254732,0.0,0.0,0.0
reset,565.848,3.7567279727432217,3.1171610313538665,0.0,0.170083616254732,0.0,0.0,0.0
reset,565.884,3.7567279727432217,3.1171610313538665,0.0,0.170083616254732,0.0,0.0,0.0
reset,565.92,3.7567279727432217,3.1171610313538665,0.0,0.170083616254732,0.0,0.0,0.0
reset,565.956,3.7567279727432217,3.1171610313538665,0.0,0.170083616254732,0.0,0.0,0.0
reset,565.992,3.7567279727432217,3.1171610313538665,0.0,0.170083616254732,0.0,0.0,0.0
reset,566.028,3.7567279727432217,3.1171610313538665,0.0,0.170083616254732,0.0,0.0,0.0
reset,566.064,3.7567279727432217,3.1171610313538665,0.0,0.170083616254732,0.0,0.0,0.0
reset,566.136,3.7567279727432217,3.1171610313538665,0.0,0.170083616254732,0.0,0.0,0.0
reset,566.172,3.7567279727432217,3.1171610313538665,0.0,0.170083616254732,0.0,0.0,0.0
reset,566.208,3.7567279727432217,3.1171610313538665,0.0,0.170083616254732,0.0,0.0,0.0
reset,566.244,3.7567279727432217,3.1171610313538665,0.0,0.170083616254732,0.0,0.0,0.0
reset,566.28,3.7567279727432217,3.1171610313538665,0.0,0.170083616254732,0.0,0.0,0.0
reset,566.316,3.7567279727432217,3.1171610313538665,0.0,0.170083616254732,0.0,0.0,0.0
reset,566.352,3.7567279727432217,3.1171610313538665,0.0,0.170083616254732,0.0,0.0,0.0
reset,566.388,3.7567279727432217,3.1171610313538665,0.0,0.170083616254732,0.0,0.0,0.0
reset,566.424,3.7567279727432217,3.1171610313538665,0.0,0.170083616254732,0.0,0.0,0.0
reset,566.46,3.7567279727432217,3.1171610313538665,0.0,0.170083616254732,0.0,0.0,0.0
reset,566.496,3.7567279727432217,3.1171610313538665,0.0,0.170083616254732,0.0,0.0,0.0
reset,566.532,3.7567279727432217,3.1171610313538665,0.0,0.170083616254732,0.0,0.0,0.0
reset,566.568,3.7567279727432217,3.1171610313538665,0.0,0.170083616254732,0.0,0.0,0.0
reset,566.604,3.7567279727432217,3.1171610313538665,0.0,0.170083616254732,0.0,0.0,0.0
reset,566.64,3.7567279727432217,3.1171610313538665,0.0,0.170083616254732,0.0,0.0,0.0
reset,566.676,3.7567279727432217,3.1171610313538665,0.0,0.170083616254732,0.0,0.0,0.0
reset,566.712,3.7567279727432217,3.1171610313538665,0.0,0.170083616254732,0.0,0.0,0.0
reset,566.748,3.7567279727432217,3.1171610313538665,0.0,0.170083616254732,0.0,0.0,0.0
reset,566.784,3.7567279727432217,3.1171610313538665,0.0,0.170083616254732,0.0,0.0,0.0
reset,566.82,3.7567279727432217,3.1171610313538665,0.0,0.170083616254732,0.0,0.0,0.0
reset,566.856,3.7567279727432217,3.1171610313538665,0.0,0.170083616254732,0.0,0.0,0.0
reset,566.892,3.7567279727432217,3.1171610313538665,0.0,0.170083616254732,0.0,0.0,0.0
reset,566.928,3.7567279727432217,3.1171610313538665,0.0,0.170083616254732,0.0,0.0,0.0
reset,566.964,3.7567279727432217,3.1171610313538665,0.0,0.170083616254732,0.0,0.0,0.0
reset,567.0,3.7567279727432217,3.1171610313538665,0.0,0.170083616254732,0.0,0.0,0.0
reset,567.036,3.7567279727432217,3.1171610313538665,0.0,0.170083616254732,0.0,0.0,0.0
reset,567.072,3.7567279727432217,3.1171610313538665,0.0,0.170083616254732,0.0,0.0,0.0
reset,567.108,3.7567279727432217,3.1171610313538665,0.0,0.170083616254732,0.0,0.0,0.0
reset,567.144,3.7567279727432217,3.1171610313538665,0.0,0.170083616254732,0.0,0.0,0.0
reset,567.18,3.7567279727432217,3.1171610313538665,0.0,0.170083616254732,0.0,0.0,0.0
reset,567.216,3.7567279727432217,3.1171610313538665,0.0,0.170083616254732,0.0,0.0,0.0
reset,567.252,3.7567279727432217,3.1171610313538665,0.0,0.170083616254732,0.0,0.0,0.0
reset,567.288,3.7567279727432217,3.1171610313538665,0.0,0.170083616254732,0.0,0.0,0.0
reset,567.324,3.7567279727432217,3.1171610313538665,0.0,0.170083616254732,0.0,0.0,0.0
reset,567.36,3.7567279727432217,3.1171610313538665,0.0,0.170083616254732,0.0,0.0,0.0
reset,567.396,3.7567279727432217,3.1171610313538665,0.0,0.170083616254732,0.0,0.0,0.0
reset,567.432,3.7567279727432217,3.1171610313538665,0.0,0.170083616254732,0.0,0.0,0.0
reset,567.468,3.7567279727432217,3.1171610313538665,0.0,0.170083616254732,0.0,0.0,0.0
reset,567.504,3.7567279727432217,3.1171610313538665,0.0,0.170083616254732,0.0,0.0,0.0
reset,567.54,3.7567279727432217,3.1171610313538665,0.0,0.170083616254732,0.0,0.0,0.0
reset,567.576,3.7567279727432217,3.1171610313538665,0.0,0.170083616254732,0.0,0.0,0.0
arc_left_3,567.612,3.7567279727432217,3.1171610313538665,0.0,0.170083616254732,0.0,0.0,0.0
arc_left_3,567.648,3.7567279727432217,3.1171610313538665,0.0,0.170083616254732,0.0,0.0,0.0
arc_left_3,567.684,3.7567279727432217,3.1171610313538665,0.0,0.170083616254732,0.0,0.0,0.0
arc_left_3,567.72,3.7567279727432217,3.1171610313538665,0.0,0.170083616254732,0.0,0.0,0.0
arc_left_3,567.756,3.7567279727432217,3.1171610313538665,0.0,0.170083616254732,0.0,0.0,0.0
arc_left_3,567.792,3.7567279727432217,3.1171610313538665,0.0,0.170083616254732,0.0,0.0,0.0
arc_left_3,567.828,3.7567279727432217,3.1171610313538665,0.0,0.170083616254732,0.0,0.0,0.0
arc_left_3,567.864,3.7567279727432217,3.1171610313538665,0.0,0.170083616254732,0.0,0.0,0.0
arc_left_3,567.9,3.7567279727432217,3.1171610313538665,0.0,0.170083616254732,0.0,0.0,0.0
arc_left_3,567.936,3.7567279727432217,3.1171610313538665,0.0,0.170083616254732,0.0,0.0,0.0
arc_left_3,567.972,3.7567279727432217,3.1171610313538665,0.0,0.170083616254732,0.0,0.0,0.0
arc_left_3,568.008,3.7567279727432217,3.1171610313538665,0.0,0.170083616254732,0.0,0.0,0.0
arc_left_3,568.044,3.7567279727432217,3.1171610313538665,0.0,0.170083616254732,0.0,0.0,0.0
arc_left_3,568.08,3.7567279727432217,3.1171610313538665,0.0,0.170083616254732,0.0,0.0,0.0
arc_left_3,568.116,3.7567279727432217,3.1171610313538665,0.0,0.170083616254732,0.0,0.0,0.0
arc_left_3,568.152,3.7567279727432217,3.1171610313538665,0.0,0.170083616254732,0.0,0.0,0.0
arc_left_3,568.188,3.7567279727432217,3.1171610313538665,0.0,0.170083616254732,0.0,0.0,0.0
arc_left_3,568.224,3.7567279727432217,3.1171610313538665,0.0,0.170083616254732,0.0,0.0,0.0
arc_left_3,568.26,3.7567279727432217,3.1171610313538665,0.0,0.170083616254732,0.0,0.0,0.0
arc_left_3,568.296,3.7567279727432217,3.1171610313538665,0.0,0.170083616254732,0.0,0.0,0.0
arc_left_3,568.332,3.7567279727432217,3.1171610313538665,0.0,0.170083616254732,0.0,0.0,0.0
arc_left_3,568.368,3.7567279727432217,3.1171610313538665,0.0,0.170083616254732,0.0,0.0,0.0
arc_left_3,568.404,3.7567279727432217,3.1171610313538665,0.0,0.170083616254732,0.0,0.0,0.0
arc_left_3,568.44,3.7567279727432217,3.1171610313538665,0.0,0.170083616254732,0.0,0.0,0.0
arc_left_3,568.476,3.7567279727432217,3.1171610313538665,0.0,0.170083616254732,0.0,0.0,0.0
arc_left_3,568.512,3.7567279727432217,3.1171610313538665,0.0,0.170083616254732,0.0,0.0,0.0
arc_left_3,568.548,3.7567279727432217,3.1171610313538665,0.0,0.170083616254732,0.0,0.0,0.0
arc_left_3,568.584,3.7567279727432217,3.1171610313538665,0.0,0.170083616254732,0.0,0.0,0.0
arc_left_3,568.62,3.756814897812426,3.1171759736487226,0.0,0.1703860162310063,0.0029399999794084883,0.0,0.010079999209143247
arc_left_3,568.656,3.75731773240298,3.117262941441201,0.0,0.1721356161899785,0.015224999967407744,0.0,0.05219999885928863
arc_left_3,568.692,3.758267112581906,3.117429613687698,0.0,0.1754404161485041,0.027824999963751058,0.0,0.09539999884690273
arc_left_3,568.728,3.75966147454706,3.1176802756665314,0.0,0.18029487442173997,0.04039882473387084,0.0,0.13841527600640646
arc_left_3,568.764,3.7614932660932285,3.118020190278211,0.0,0.1866533752243176,0.05277705002815954,0.0,0.1800501757970568
arc_left_3,568.8,3.7637522433926898,3.1184559446237516,0.0,0.19445389199734586,0.06491138965643017,0.0,0.21996393468426262
arc_left_3,568.836,3.766427961021855,3.1189956972425046,0.0,0.20363598123492319,0.07680835439867195,0.0,0.25820250030254477
arc_left_3,568.872,3.769551100214183,3.1196578455772137,0.0,0.21407925464732555,0.0898839225725497,0.0,0.29275866271502415
arc_left_3,568.908,3.77314808285489,3.1204606495732765,0.0,0.22487925463359115,0.10342499994191456,0.0,0.29999999961861223
arc_left_3,568.944,3.777177809642249,3.121405786839208,0.0,0.23567925461986616,0.11602499993827267,0.0,0.2999999996187167
arc_left_3,568.98,3.7816375742748485,3.1225026860289793,0.0,0.24647925460614117,0.12862499993460116,0.0,0.2999999996188211
arc_left_3,569.016,3.7865245174045232,3.1237607333875808,0.0,0.2572792545924225,0.14122499993097412,0.0,0.2999999996188211
arc_left_3,569.052,3.7917222920224614,3.1251584552303644,0.0,0.26807925457872295,0.14990999994991167,0.0,0.29999999961976137
arc_left_3,569.088,3.7969215867593142,3.1266168964488084,0.0,0.27887925456502954,0.14999999995476782,0.0,0.29999999961965684
arc_left_3,569.124,3.8021048274173057,3.128131403903279,0.0,0.2896792545513393,0.14999999995476782,0.0,0.29999999961965684
arc_left_3,569.16,3.807271409429127,3.1297018009433435,0.0,0.30047925453764596,0.14999999995476782,0.0,0.29999999961965684
arc_left_3,569.196,3.8124207301705098,3.1313279043996727,0.0,0.31127925452395583,0.14999999995476782,0.0,0.29999999961965684
arc_left_3,569.232,3.817552189030523,3.133009524605402,0.0,0.3220792545102623,0.14999999995476782,0.0,0.29999999961965684
arc_left_3,569.268,3.8226651874816238,3.134746465418258,0.0,0.33287925449656913,0.14999999995476782,0.0,0.29999999961965684
arc_left_3,569.304,3.8277591291494693,3.1365385242434356,0.0,0.3436792544828788,0.14999999995476782,0.0,0.29999999961965684
arc_left_3,569.34,3.832833419882483,3.1383854920572243,0.0,0.3544792544691855,0.14999999995476782,0.0,0.29999999961965684
arc_left_3,569.376,3.8378874678211465,3.140287153431393,0.0,0.36527925445549525,0.14999999995476782,0.0,0.29999999961965684
arc_left_3,569.412,3.8429206834670406,3.142243286558316,0.0,0.37607925444180185,0.14999999995476782,0.0,0.29999999961965684
arc_left_3,569.448,3.8479324797516004,3.1442536632768423,0.0,0.38687925442810855,0.14999999995476782,0.0,0.29999999961965684
arc_left_3,569.484,3.8529222721045895,3.1463180490989133,0.0,0.39767925441441826,0.14999999995476782,0.0,0.29999999961965684
arc_left_3,569.52,3.8578894785222873,3.148436203236907,0.0,0.4084792544007249,0.14999999995476782,0.0,0.29999999961965684
arc_left_3,569.556,3.8628335196353696,3.150607878631726,0.0,0.41927925438703467,0.14999999995476782,0.0,0.29999999961965684
arc_left_3,569.592,3.8677538187764893,3.152832821981616,0.0,0.43007925437334127,0.14999999995476782,0.0,0.29999999961965684
arc_left_3,569.628,3.8726498020475324,3.1551107737717086,0.0,0.44087925435982017,0.149999999954753,0.0,0.29999999962540264
arc_left_3,569.664,3.8775208983865626,3.15744146830429,0.0,0.45167925434633005,0.149999999954753,0.0,0.29999999962540264
arc_left_3,569.7,3.8823665396344267,3.159824633729793,0.0,0.46247925433284326,0.149999999954753,0.0,0.29999999962540264
arc_left_3,569.736,3.8871861606010247,3.162259992078505,0.0,0.47327925431935647,0.14999999995478258,0.0,0.29999999962540264
arc_left_3,569.772,3.891979199131233,3.16474725929299,0.0,0.4840792543058665,0.14999999995476782,0.0,0.2999999996252981
arc_left_3,569.808,3.896745096170473,3.1672861452612207,0.0,0.49487925429237956,0.14999999995476782,0.0,0.2999999996252981
arc_left_3,569.844,3.901483295829919,3.1698763538504173,0.0,0.5056792542788927,0.14999999995478258,0.0,0.29999999962540264
arc_left_3,569.88,3.906193245451335,3.172517582941587,0.0,0.5164792542654028,0.14999999995476782,0.0,0.2999999996252981
arc_left_3,569.916,3.910874395671539,3.175209524464764,0.0,0.5272792542519159,0.14999999995476782,0.0,0.2999999996252981
arc_left_3,569.952,3.915526200486476,3.1779518644349416,0.0,0.5380792542384261,0.1499999999547678,0.0,0.2999999996252981
arc_left_3,569.988,3.9201481173149024,3.1807442829886914,0.0,0.548879254225146,0.14999999995444213,0.0,0.29999999963219287
arc_left_3,570.024,3.924739607061681,3.1835864544214814,0.0,0.5596792542119541,0.1499999999543089,0.0,0.29999999963355095
arc_left_3,570.06,3.9293001341806573,3.18647804722566,0.0,0.5704792541987217,0.14999999995416086,0.0,0.2999999996322974
arc_left_3,570.096,3.9338291667371212,3.1894187241291245,0.0,0.5812792541854894,0.14999999995416086,0.0,0.2999999996322974
arc_left_3,570.132,3.938326176469854,3.1924081421346555,0.0,0.59207925417226,0.1499999999541461,0.0,0.2999999996324018
arc_left_3,570.168,3.94279063885274,3.195445952559926,0.0,0.6028792541590279,0.14999999995417568,0.0,0.29999999963240187
arc_left_3,570.204,3.947222033155949,3.198531801078174,0.0,0.6136792541457953,0.14999999995417568,0.0,0.29999999963240187
arc_left_3,570.24,3.951619842506674,3.2016653277595277,0.0,0.624479254132566,0.14999999995416086,0.0,0.2999999996325063
arc_left_3,570.276,3.9559835539494212,3.2048461671129886,0.0,0.6352792541193338,0.14999999995416086,0.0,0.29999999963250634
arc_left_3,570.312,3.9603126585058352,3.2080739481290608,0.0,0.6460792541061013,0.14999999995417568,0.0,0.29999999963240187
arc_left_3,570.348,3.9646066512340705,3.2113482943230274,0.0,0.6568792540928718,0.14999999995416086,0.0,0.29999999963250634
arc_left_3,570.384,3.968865031287685,3.2146688237788617,0.0,0.6676792540796397,0.14999999995416086,0.0,0.29999999963250634
arc_left_3,570.42,3.973087301974058,3.2180351491937733,0.0,0.6784792540664073,0.14999999995417568,0.0,0.29999999963240187
arc_left_3,570.456,3.977272970812324,3.221446877923384,0.0,0.6892792540531779,0.14999999995416088,0.0,0.2999999996325063
arc_left_3,570.492,3.9814215495908174,3.224903612027523,0.0,0.7000792540399455,0.14999999995416086,0.0,0.29999999963250634
arc_left_3,570.528,3.9855325544240143,3.228404948316644,0.0,0.7108792540267133,0.14999999995417568,0.0,0.2999999996324018
arc_left_3,570.564,3.9896055058089717,3.2319504783988546,0.0,0.7216792540134841,0.14999999995416086,0.0,0.29999999963250634
arc_left_3,570.6,3.9936399286812603,3.2355397887275448,0.0,0.7324792540002517,0.14999999995416086,0.0,0.29999999963250634
arc_left_3,570.636,3.9976353524703705,3.2391724606496286,0.0,0.7432792539870192,0.14999999995417568,0.0,0.2999999996324018
arc_left_3,570.672,4.001591311154601,3.2428480704543725,0.0,0.7540792539737899,0.14999999995416086,0.0,0.29999999963250634
arc_left_3,570.708,4.00550734331542,3.2465661894228184,0.0,0.7648792539605574,0.14999999995416088,0.0,0.2999999996325063
arc_left_3,570.744,4.009382992191275,3.2503263838777845,0.0,0.7756792539473252,0.14999999995417565,0.0,0.29999999963240187
arc_left_3,570.78,4.0132178057308785,3.2541282152344544,0.0,0.7864792539340958,0.14999999995416088,0.0,0.2999999996325063
arc_left_3,570.816,4.017011336645926,3.2579712400515306,0.0,0.7972792539208634,0.14999999995416086,0.0,0.29999999963250634
arc_left_3,570.852,4.020763142463275,3.261855010082956,0.0,0.8080792539076311,0.14999999995417568,0.0,0.2999999996324018
arc_left_3,570.888,4.024472785576547,3.265779072330199,0.0,0.8188792538944017,0.14999999995416086,0.0,0.29999999963250634
arc_left_3,570.924,4.028139833297179,3.269742969095087,0.0,0.8296792538811663,0.1499999999541461,0.0,0.2999999996324018
arc_left_3,570.96,4.031763857904883,3.2737462380332,0.0,0.8404792538679341,0.14999999995416086,0.0,0.2999999996322974
arc_left_3,570.996,4.035344436697536,3.277788412207786,0.0,0.8512792538547014,0.14999999995416086,0.0,0.2999999996322974
arc_left_3,571.032,4.038881152040491,3.2818690201442338,0.0,0.8620792538414722,0.1499999999541461,0.0,0.2999999996324018
arc_left_3,571.068,4.04237359141528,3.2859875858850622,0.0,0.8728792538282398,0.14999999995416086,0.0,0.2999999996322974
arc_left_3,571.104,4.045821347467731,3.290143629045433,0.0,0.8836792538150074,0.14999999995417568,0.0,0.29999999963240187
arc_left_3,571.14,4.049224018055492,3.2943366648691845,0.0,0.8944792538017781,0.14999999995416086,0.0,0.2999999996325063
arc_left_3,571.176,4.052581206294927,3.2985662042853745,0.0,0.9052792537885459,0.14999999995416086,0.0,0.29999999963250634
arc_left_3,571.212,4.055892520607401,3.3028317539653202,0.0,0.9160792537753134,0.14999999995417568,0.0,0.29999999963240187
arc_left_3,571.248,4.05915757476497,3.307132816380145,0.0,0.9268792537620842,0.14999999995416086,0.0,0.29999999963250634
arc_left_3,571.284,4.062375987935419,3.3114688898588063,0.0,0.9376792537488516,0.14999999995416086,0.0,0.29999999963250634
arc_left_3,571.32,4.065547384726687,3.3158394686466113,0.0,0.9484792537356195,0.14999999995417568,0.0,0.29999999963240187
arc_left_3,571.356,4.068671395230651,3.3202440429642053,0.0,0.9592792537223902,0.14999999995416088,0.0,0.2999999996325063
arc_left_3,571.392,4.071747655066265,3.324682099067036,0.0,0.9700792537091577,0.14999999995416086,0.0,0.29999999963250634
arc_left_3,571.428,4.074775805422071,3.3291531193052726,0.0,0.9808792536959254,0.14999999995417568,0.0,0.2999999996324018
arc_left_3,571.464,4.077755493098046,3.333656582184183,0.0,0.991679253682696,0.14999999995416086,0.0,0.29999999963250634
arc_left_3,571.5,4.080686370546799,3.3381919624249665,0.0,1.0024792536694636,0.14999999995416086,0.0,0.29999999963250634
arc_left_3,571.536,4.083568095914105,3.3427587310260125,0.0,1.0132792536562296,0.14999999995417568,0.0,0.2999999996324018
arc_left_3,571.572,4.086400333078787,3.3473563553246106,0.0,1.024079253642999,0.14999999995416086,0.0,0.29999999963250634
arc_left_3,571.608,4.089182751691913,3.3519842990590787,0.0,1.0348792536297653,0.14999999995416088,0.0,0.2999999996325063
arc_left_3,571.644,4.091915027215333,3.356642022431306,0.0,1.0456792536165318,0.14999999995417565,0.0,0.29999999963240187
arc_left_3,571.68,4.094596840959528,3.361328982169721,0.0,1.056479253603301,0.14999999995416088,0.0,0.2999999996325063
arc_left_3,571.716,4.097227880120785,3.366044631592654,0.0,1.0672792535900673,0.14999999995416086,0.0,0.29999999963250634
arc_left_3,571.752,4.0998078378176785,3.3707884206721057,0.0,1.0780792535768338,0.14999999995417568,0.0,0.2999999996324018
arc_left_3,571.788,4.102336413126868,3.3755597960978947,0.0,1.0888792535636032,0.14999999995416086,0.0,0.29999999963250634
arc_left_3,571.824,4.104813311118199,3.380358201342204,0.0,1.0996792535503663,0.1499999999541461,0.0,0.2999999996324018
arc_left_3,571.86,4.107238242889097,3.3851830767244873,0.0,1.1104792535371326,0.14999999995416086,0.0,0.2999999996322974
arc_left_3,571.896,4.109610925598272,3.3900338594767514,0.0,1.1212792535238987,0.14999999995416086,0.0,0.2999999996322974
arc_left_3,571.932,4.111931082498699,3.3949099838091965,0.0,1.1320792535106683,0.1499999999541461,0.0,0.2999999996324018
arc_left_3,571.968,4.114198442969913,3.3998108809762115,0.0,1.1428792534974346,0.14999999995416086,0.0,0.2999999996322974
arc_left_3,572.004,4.116412742549558,3.404735979342708,0.0,1.1536792534842006,0.14999999995417568,0.0,0.29999999963240187
arc_left_3,572.04,4.118573722964242,3.4096847044507954,0.0,1.16447925347097,0.14999999995416086,0.0,0.2999999996325063
arc_left_3,572.076,4.12068113215966,3.414656479086792,0.0,1.1752792534577365,0.14999999995416086,0.0,0.29999999963250634
arc_left_3,572.112,4.1227347243299945,3.4196507233485427,0.0,1.1860792534445026,0.14999999995417568,0.0,0.29999999963240187
arc_left_3,572.148,4.124734259946584,3.4246668547130574,0.0,1.196879253431272,0.14999999995416086,0.0,0.29999999963250634
arc_left_3,572.184,4.126679505785859,3.4297042881044644,0.0,1.2076792534180385,0.14999999995416086,0.0,0.29999999963250634
arc_left_3,572.22,4.128570234956553,3.434762435962244,0.0,1.2184792534048046,0.14999999995417568,0.0,0.29999999963240187
arc_left_3,572.256,4.130406226926158,3.439840708309767,0.0,1.2292792533915742,0.14999999995416086,0.0,0.29999999963250634
arc_left_3,572.292,4.132187267546656,3.444938512823106,0.0,1.2400792533783402,0.14999999995416086,0.0,0.29999999963250634
arc_left_3,572.328,4.1339131490794845,3.450055254900123,0.0,1.2508792533651067,0.14999999995417568,0.0,0.29999999963240187
arc_left_3,572.364,4.13558367021978,3.4551903377298254,0.0,1.261679253351876,0.14999999995416086,0.0,0.29999999963250634
arc_left_3,572.4,4.137198636119852,3.4603431623619754,0.0,1.272479253338642,0.14999999995416086,0.0,0.29999999963250634
arc_left_3,572.436,4.138757858411908,3.4655131277769495,0.0,1.2832792533254083,0.14999999995417568,0.0,0.2999999996324018
arc_left_3,572.472,4.1402611552300295,3.4706996309558455,0.0,1.2940792533121779,0.14999999995416088,0.0,0.2999999996325063
arc_left_3,572.508,4.141708351231381,3.475902066950815,0.0,1.3048792532989444,0.14999999995416088,0.0,0.2999999996325063
arc_left_3,572.544,4.143099277616661,3.481119828955622,0.0,1.3156792532857102,0.14999999995417568,0.0,0.2999999996324018
arc_left_3,572.58,4.144433772149791,3.4863523083764236,0.0,1.3264792532724798,0.14999999995416088,0.0,0.2999999996325063
arc_left_3,572.616,4.145711679176846,3.4915988949027548,0.0,1.3372792532592461,0.14999999995416088,0.0,0.2999999996325063
arc_left_3,572.652,4.146932849644196,3.496858976578713,0.0,1.3480792532460093,0.1499999999541905,0.0,0.2999999996322974
arc_left_3,572.688,4.148097141115907,3.5021319398743427,0.0,1.3588792532327256,0.14999999995436814,0.0,0.2999999996310438
arc_left_3,572.724,4.149204417790339,3.5074171697571783,0.0,1.3696792532194393,0.1499999999543533,0.0,0.2999999996309394
arc_left_3,572.76,4.150254550515997,3.5127140497639986,0.0,1.3804792532061558,0.1499999999543533,0.0,0.2999999996309394
arc_left_3,572.796,4.151247416806591,3.518021962072728,0.0,1.3912792531928724,0.1499999999543533,0.0,0.2999999996309394
arc_left_3,572.832,4.1521829008553235,3.523340287574494,0.0,1.4020792531795891,0.1499999999543533,0.0,0.2999999996309394
arc_left_3,572.868,4.1530608935483935,3.5286684059458406,0.0,1.41287925316629,0.14999999995439772,0.0,0.299999999630417
arc_left_3,572.904,4.153881292477732,3.534005695721097,0.0,1.4236792531528035,0.14999999995478258,0.0,0.29999999962540264
arc_left_3,572.94,4.154644001952939,3.539351534364822,0.0,1.434479253139314,0.14999999995476782,0.0,0.2999999996252981
arc_left_3,572.976,4.155348933012445,3.54470529834446,0.0,1.4452792531258274,0.14999999995476782,0.0,0.2999999996252981
arc_left_3,573.012,4.155996003433891,3.5500663632030496,0.0,1.456079253112341,0.14999999995478258,0.0,0.29999999962540264
arc_left_3,573.048,4.156585137743716,3.555434103632067,0.0,1.4668792530988513,0.14999999995476782,0.0,0.2999999996252981
arc_left_3,573.084,4.157116267225961,3.5608078935443555,0.0,1.4776792530853649,0.14999999995476782,0.0,0.2999999996252981
arc_left_3,573.12,4.157589329930287,3.5661871061471526,0.0,1.4884792530718751,0.1499999999547678,0.0,0.2999999996252981
arc_left_3,573.156,4.158004270679196,3.5715711140152013,0.0,1.4992792530583885,0.14999999995476782,0.0,0.2999999996252981
arc_left_3,573.192,4.158361041074471,3.5769592891639292,0.0,1.5100792530449023,0.14999999995476782,0.0,0.2999999996252981
arc_left_3,573.228,4.158659599502817,3.5823510031226977,0.0,1.5208792530312496,0.1499999999547974,0.0,0.2999999996198658
arc_left_3,573.264,4.158899911140718,3.5877456270081045,0.0,1.5316792530175563,0.14999999995476782,0.0,0.29999999961965684
arc_left_3,573.3,4.159081947958499,3.5931425315973375,0.0,1.542479253003866,0.14999999995476782,0.0,0.29999999961965684
arc_left_3,573.336,4.15920568872359,3.598541087401567,0.0,1.5532792529901724,0.14999999995476782,0.0,0.29999999961965684
arc_left_3,573.372,4.159271119003007,3.603940664739364,0.0,1.5640792529764824,0.14999999995476782,0.0,0.29999999961965684
arc_left_3,573.408,4.15927823116504,3.6093406338101524,0.0,1.574879252962789,0.14999999995476782,0.0,0.29999999961965684
arc_left_3,573.444,4.159227024380132,3.6147403647676626,0.0,1.585679252949096,0.14999999995476782,0.0,0.29999999961965684
arc_left_3,573.48,4.159117504620986,3.6201392277933993,0.0,1.5964792529354055,0.14999999995476782,0.0,0.29999999961965684
arc_left_3,573.516,4.15894968466186,3.625536593170103,0.0,1.6072792529217121,0.14999999995476782,0.0,0.29999999961965684
arc_left_3,573.552,4.158723584077087,3.6309318313551957,0.0,1.618079252908022,0.14999999995476782,0.0,0.29999999961965684
arc_left_3,573.588,4.1584392292387795,3.636324313054214,0.0,1.6288792528943286,0.14999999995476782,0.0,0.29999999961965684
arc_left_3,573.624,4.158096653313767,3.6417134092942085,0.0,1.6396792528806352,0.14999999995476782,0.0,0.29999999961965684
arc_left_3,573.66,4.157695896259716,3.647098491497105,0.0,1.650479252866945,0.14999999995476782,0.0,0.29999999961965684
arc_left_3,573.696,4.157237004820472,3.6524789315530213,0.0,1.6612792528532516,0.14999999995476782,0.0,0.29999999961965684
arc_left_3,573.732,4.1567200325206155,3.6578541018935313,0.0,1.6720792528395614,0.14999999995476782,0.0,0.29999999961965684
arc_left_3,573.768,4.156145039659206,3.6632233755648627,0.0,1.682879252825868,0.14999999995476782,0.0,0.29999999961965684
arc_left_3,573.804,4.155512093302761,3.668586126301022,0.0,1.693679252812175,0.14999999995476782,0.0,0.29999999961965684
arc_left_3,573.84,4.154821267277426,3.673941728596845,0.0,1.7044792527984847,0.14999999995476782,0.0,0.29999999961965684
arc_left_3,573.876,4.154072642160362,3.679289557780955,0.0,1.7152792527847913,0.14999999995476782,0.0,0.29999999961965684
arc_left_3,573.912,4.153266305270358,3.6846289900886195,0.0,1.7260792527711006,0.14999999995476782,0.0,0.29999999961965684
arc_left_3,573.948,4.152402350657632,3.6899594027345106,0.0,1.7368792527574073,0.14999999995476782,0.0,0.29999999961965684
arc_left_3,573.984,4.151480879092872,3.6952801739853403,0.0,1.7476792527437142,0.14999999995476782,0.0,0.29999999961965684
arc_left_3,574.02,4.150501998055474,3.700590683232384,0.0,1.758479252730024,0.14999999995476782,0.0,0.29999999961965684
arc_left_3,574.056,4.149465821721015,3.705890311063867,0.0,1.7692792527163304,0.14999999995476782,0.0,0.29999999961965684
arc_left_3,574.092,4.1483724709479235,3.711178439337207,0.0,1.7800792527026403,0.14999999995476782,0.0,0.29999999961965684
arc_left_3,574.128,4.1472220732633955,3.7164544512511206,0.0,1.7908792526889472,0.14999999995476782,0.0,0.29999999961965684
arc_left_3,574.164,4.146014762848513,3.7217177314175602,0.0,1.8016792526752534,0.14999999995476782,0.0,0.29999999961965684
arc_left_3,574.2,4.144750680522597,3.7269676659334965,0.0,1.8124792526615636,0.14999999995476782,0.0,0.29999999961965684
arc_left_3,574.236,4.143429973726771,3.732203642452521,0.0,1.82327925264787,0.14999999995476782,0.0,0.29999999961965684
arc_left_3,574.272,4.142052796506779,3.7374250502562703,0.0,1.8340792526341798,0.14999999995476782,0.0,0.29999999961965684
arc_left_3,574.308,4.140619309495011,3.7426312803256594,0.0,1.8448792526204867,0.14999999995476782,0.0,0.29999999961965684
arc_left_3,574.344,4.139129679891769,3.7478217254119177,0.0,1.8556792526067933,0.14999999995476782,0.0,0.29999999961965684
arc_left_3,574.38,4.137584081445757,3.752995780107414,0.0,1.866479252593103,0.14999999995476782,0.0,0.29999999961965684
arc_left_3,574.416,4.135982694433825,3.758152840916279,0.0,1.8772792525794095,0.14999999995476782,0.0,0.29999999961965684
arc_left_3,574.452,4.134325705639942,3.7632923063247876,0.0,1.8880792525657193,0.14999999995476782,0.0,0.29999999961965684
arc_left_3,574.488,4.132613308333397,3.768413576871523,0.0,1.8988792525520262,0.14999999995476782,0.0,0.29999999961965684
arc_left_3,574.524,4.130845702246273,3.7735160552172955,0.0,1.9096792525383328,0.14999999995476782,0.0,0.29999999961965684
arc_left_3,574.56,4.129023093550139,3.7785991462148174,0.0,1.9204792525246426,0.14999999995476782,0.0,0.29999999961965684
arc_left_3,574.596,4.127145694832006,3.7836622569781198,0.0,1.9312792525109492,0.14999999995476782,0.0,0.29999999961965684
arc_left_3,574.632,4.125310902491274,3.7884557862476615,0.0,1.9413664525025598,0.14122499998241445,0.0,0.27659999978613947
arc_left_3,574.668,4.123645082754749,3.792689327224843,0.0,1.9498984525080085,0.12502500000324265,0.0,0.23340000015245957
arc_left_3,574.704,4.122164205823553,3.7963687939411965,0.0,1.9568752525360802,0.10882500000093387,0.0,0.19020000090394948
arc_left_3,574.74,4.120881619155585,3.7994993384552473,0.0,1.9622968525695876,0.09262500000555283,0.0,0.14700000093169202
arc_left_3,574.776,4.119808083950195,3.8020852526772675,0.0,1.9661632526035795,0.07642500001023103,0.0,0.10380000094564493
arc_left_3,574.812,4.118951805461729,3.8041298904998992,0.0,1.968474452638353,0.06022500001462797,0.0,0.06060000096764175
arc_left_3,574.848,4.118318456320549,3.805635609921553,0.0,1.9692304526737863,0.04402500001924696,0.0,0.01740000098514655
arc_left_3,574.884,4.11791096554764,3.806603639550112,0.0,1.9692304526749922,0.02782500002383633,0.0,1.462537976452806e-12
arc_left_3,574.92,4.117729742144531,3.807034151442065,0.0,1.9692304526750422,0.011625000028544127,0.0,1.3580709781347482e-12
arc_left_3,574.956,4.117719615981231,3.807058207020136,0.0,1.9692304526750513,0.00016500000611744764,0.0,3.134009949541727e-13
arc_left_3,574.992,4.117719615981231,3.807058207020136,0.0,1.9692304526750513,0.0,0.0,0.0
arc_left_3,575.028,4.117719615981231,3.807058207020136,0.0,1.9692304526750513,0.0,0.0,0.0
arc_left_3,575.064,4.117719615981231,3.807058207020136,0.0,1.9692304526750513,0.0,0.0,0.0
arc_left_3,575.1,4.117719615981231,3.807058207020136,0.0,1.9692304526750513,0.0,0.0,0.0
arc_left_3,575.136,4.117719615981231,3.807058207020136,0.0,1.9692304526750513,0.0,0.0,0.0
arc_left_3,575.172,4.117719615981231,3.807058207020136,0.0,1.9692304526750513,0.0,0.0,0.0
arc_left_3,575.208,4.117719615981231,3.807058207020136,0.0,1.9692304526750513,0.0,0.0,0.0
arc_left_3,575.244,4.117719615981231,3.807058207020136,0.0,1.9692304526750513,0.0,0.0,0.0
arc_left_3,575.28,4.117719615981231,3.807058207020136,0.0,1.9692304526750513,0.0,0.0,0.0
arc_left_3,575.316,4.117719615981231,3.807058207020136,0.0,1.9692304526750513,0.0,0.0,0.0
arc_left_3,575.352,4.117719615981231,3.807058207020136,0.0,1.9692304526750513,0.0,0.0,0.0
arc_left_3,575.388,4.117719615981231,3.807058207020136,0.0,1.9692304526750513,0.0,0.0,0.0
arc_left_3,575.424,4.117719615981231,3.807058207020136,0.0,1.9692304526750513,0.0,0.0,0.0
arc_left_3,575.46,4.117719615981231,3.807058207020136,0.0,1.9692304526750513,0.0,0.0,0.0
arc_left_3,575.496,4.117719615981231,3.807058207020136,0.0,1.9692304526750513,0.0,0.0,0.0
arc_left_3,575.532,4.117719615981231,3.807058207020136,0.0,1.9692304526750513,0.0,0.0,0.0
arc_left_3,575.568,4.117719615981231,3.807058207020136,0.0,1.9692304526750513,0.0,0.0,0.0
arc_left_3,575.604,4.117719615981231,3.807058207020136,0.0,1.9692304526750513,0.0,0.0,0.0
arc_left_3,575.64,4.117719615981231,3.807058207020136,0.0,1.9692304526750513,0.0,0.0,0.0
arc_left_3,575.676,4.117719615981231,3.807058207020136,0.0,1.9692304526750513,0.0,0.0,0.0
arc_left_3,575.712,4.117719615981231,3.807058207020136,0.0,1.9692304526750513,0.0,0.0,0.0
arc_left_3,575.748,4.117719615981231,3.807058207020136,0.0,1.9692304526750513,0.0,0.0,0.0
arc_left_3,575.784,4.117719615981231,3.807058207020136,0.0,1.9692304526750513,0.0,0.0,0.0
arc_left_3,575.82,4.117719615981231,3.807058207020136,0.0,1.9692304526750513,0.0,0.0,0.0
arc_left_3,575.856,4.117719615981231,3.807058207020136,0.0,1.9692304526750513,0.0,0.0,0.0
arc_left_3,575.892,4.117719615981231,3.807058207020136,0.0,1.9692304526750513,0.0,0.0,0.0
arc_left_3,575.928,4.117719615981231,3.807058207020136,0.0,1.9692304526750513,0.0,0.0,0.0
arc_left_3,575.964,4.117719615981231,3.807058207020136,0.0,1.9692304526750513,0.0,0.0,0.0
arc_left_3,576.0,4.117719615981231,3.807058207020136,0.0,1.9692304526750513,0.0,0.0,0.0
arc_left_3,576.036,4.117719615981231,3.807058207020136,0.0,1.9692304526750513,0.0,0.0,0.0
arc_left_3,576.072,4.117719615981231,3.807058207020136,0.0,1.9692304526750513,0.0,0.0,0.0
arc_left_3,576.108,4.117719615981231,3.807058207020136,0.0,1.9692304526750513,0.0,0.0,0.0
arc_left_3,576.144,4.117719615981231,3.807058207020136,0.0,1.9692304526750513,0.0,0.0,0.0
arc_left_3,576.18,4.117719615981231,3.807058207020136,0.0,1.9692304526750513,0.0,0.0,0.0
arc_left_3,576.216,4.117719615981231,3.807058207020136,0.0,1.9692304526750513,0.0,0.0,0.0
arc_left_3,576.252,4.117719615981231,3.807058207020136,0.0,1.9692304526750513,0.0,0.0,0.0
arc_left_3,576.288,4.117719615981231,3.807058207020136,0.0,1.9692304526750513,0.0,0.0,0.0
arc_left_3,576.324,4.117719615981231,3.807058207020136,0.0,1.9692304526750513,0.0,0.0,0.0
arc_left_3,576.36,4.117719615981231,3.807058207020136,0.0,1.9692304526750513,0.0,0.0,0.0
arc_left_3,576.396,4.117719615981231,3.807058207020136,0.0,1.9692304526750513,0.0,0.0,0.0
arc_left_3,576.432,4.117719615981231,3.807058207020136,0.0,1.9692304526750513,0.0,0.0,0.0
arc_left_3,576.468,4.117719615981231,3.807058207020136,0.0,1.9692304526750513,0.0,0.0,0.0
arc_left_3,576.504,4.117719615981231,3.807058207020136,0.0,1.9692304526750513,0.0,0.0,0.0
arc_left_3,576.54,4.117719615981231,3.807058207020136,0.0,1.9692304526750513,0.0,0.0,0.0
arc_left_3,576.576,4.117719615981231,3.807058207020136,0.0,1.9692304526750513,0.0,0.0,0.0
arc_left_3,576.612,4.117719615981231,3.807058207020136,0.0,1.9692304526750513,0.0,0.0,0.0
arc_left_3,576.648,4.117719615981231,3.807058207020136,0.0,1.9692304526750513,0.0,0.0,0.0
arc_left_3,576.684,4.117719615981231,3.807058207020136,0.0,1.9692304526750513,0.0,0.0,0.0
arc_left_3,576.72,4.117719615981231,3.807058207020136,0.0,1.9692304526750513,0.0,0.0,0.0
arc_left_3,576.756,4.117719615981231,3.807058207020136,0.0,1.9692304526750513,0.0,0.0,0.0
arc_left_3,576.792,4.117719615981231,3.807058207020136,0.0,1.9692304526750513,0.0,0.0,0.0
arc_left_3,576.828,4.117719615981231,3.807058207020136,0.0,1.9692304526750513,0.0,0.0,0.0
arc_left_3,576.864,4.117719615981231,3.807058207020136,0.0,1.9692304526750513,0.0,0.0,0.0
arc_left_3,576.9,4.117719615981231,3.807058207020136,0.0,1.9692304526750513,0.0,0.0,0.0
arc_left_3,576.936,4.117719615981231,3.807058207020136,0.0,1.9692304526750513,0.0,0.0,0.0
arc_left_3,576.972,4.117719615981231,3.807058207020136,0.0,1.9692304526750513,0.0,0.0,0.0
arc_left_3,577.008,4.117719615981231,3.807058207020136,0.0,1.9692304526750513,0.0,0.0,0.0
arc_left_3,577.044,4.117719615981231,3.807058207020136,0.0,1.9692304526750513,0.0,0.0,0.0
arc_left_3,577.08,4.117719615981231,3.807058207020136,0.0,1.9692304526750513,0.0,0.0,0.0
arc_left_3,577.116,4.117719615981231,3.807058207020136,0.0,1.9692304526750513,0.0,0.0,0.0
arc_left_3,577.152,4.117719615981231,3.807058207020136,0.0,1.9692304526750513,0.0,0.0,0.0
arc_left_3,577.188,4.117719615981231,3.807058207020136,0.0,1.9692304526750513,0.0,0.0,0.0
arc_left_3,577.224,4.117719615981231,3.807058207020136,0.0,1.9692304526750513,0.0,0.0,0.0
arc_left_3,577.26,4.117719615981231,3.807058207020136,0.0,1.9692304526750513,0.0,0.0,0.0
arc_left_3,577.296,4.117719615981231,3.807058207020136,0.0,1.9692304526750513,0.0,0.0,0.0
arc_left_3,577.332,4.117719615981231,3.807058207020136,0.0,1.9692304526750513,0.0,0.0,0.0
arc_left_3,577.368,4.117719615981231,3.807058207020136,0.0,1.9692304526750513,0.0,0.0,0.0
arc_left_3,577.404,4.117719615981231,3.807058207020136,0.0,1.9692304526750513,0.0,0.0,0.0
arc_left_3,577.44,4.117719615981231,3.807058207020136,0.0,1.9692304526750513,0.0,0.0,0.0
arc_left_3,577.476,4.117719615981231,3.807058207020136,0.0,1.9692304526750513,0.0,0.0,0.0
arc_left_3,577.512,4.117719615981231,3.807058207020136,0.0,1.9692304526750513,0.0,0.0,0.0
arc_left_3,577.548,4.117719615981231,3.807058207020136,0.0,1.9692304526750513,0.0,0.0,0.0
arc_left_3,577.584,4.117719615981231,3.807058207020136,0.0,1.9692304526750513,0.0,0.0,0.0
reset,577.62,4.117719615981231,3.807058207020136,0.0,1.9692304526750513,0.0,0.0,0.0
reset,577.656,4.117719615981231,3.807058207020136,0.0,1.9692304526750513,0.0,0.0,0.0
reset,577.692,4.117719615981231,3.807058207020136,0.0,1.9692304526750513,0.0,0.0,0.0
reset,577.728,4.117719615981231,3.807058207020136,0.0,1.9692304526750513,0.0,0.0,0.0
reset,577.764,4.117719615981231,3.807058207020136,0.0,1.9692304526750513,0.0,0.0,0.0
reset,577.8,4.117719615981231,3.807058207020136,0.0,1.9692304526750513,0.0,0.0,0.0
reset,577.836,4.117719615981231,3.807058207020136,0.0,1.9692304526750513,0.0,0.0,0.0
reset,577.872,4.117719615981231,3.807058207020136,0.0,1.9692304526750513,0.0,0.0,0.0
reset,577.908,4.117719615981231,3.807058207020136,0.0,1.9692304526750513,0.0,0.0,0.0
reset,577.944,4.117719615981231,3.807058207020136,0.0,1.9692304526750513,0.0,0.0,0.0
reset,577.98,4.117719615981231,3.807058207020136,0.0,1.9692304526750513,0.0,0.0,0.0
reset,578.016,4.117719615981231,3.807058207020136,0.0,1.9692304526750513,0.0,0.0,0.0
reset,578.052,4.117719615981231,3.807058207020136,0.0,1.9692304526750513,0.0,0.0,0.0
reset,578.088,4.117719615981231,3.807058207020136,0.0,1.9692304526750513,0.0,0.0,0.0
reset,578.124,4.117719615981231,3.807058207020136,0.0,1.9692304526750513,0.0,0.0,0.0
reset,578.16,4.117719615981231,3.807058207020136,0.0,1.9692304526750513,0.0,0.0,0.0
reset,578.196,4.117719615981231,3.807058207020136,0.0,1.9692304526750513,0.0,0.0,0.0
reset,578.232,4.117719615981231,3.807058207020136,0.0,1.9692304526750513,0.0,0.0,0.0
reset,578.268,4.117719615981231,3.807058207020136,0.0,1.9692304526750513,0.0,0.0,0.0
reset,578.304,4.117719615981231,3.807058207020136,0.0,1.9692304526750513,0.0,0.0,0.0
reset,578.34,4.117719615981231,3.807058207020136,0.0,1.9692304526750513,0.0,0.0,0.0
reset,578.376,4.117719615981231,3.807058207020136,0.0,1.9692304526750513,0.0,0.0,0.0
reset,578.412,4.117719615981231,3.807058207020136,0.0,1.9692304526750513,0.0,0.0,0.0
reset,578.448,4.117719615981231,3.807058207020136,0.0,1.9692304526750513,0.0,0.0,0.0
reset,578.484,4.117719615981231,3.807058207020136,0.0,1.9692304526750513,0.0,0.0,0.0
reset,578.52,4.117719615981231,3.807058207020136,0.0,1.9692304526750513,0.0,0.0,0.0
reset,578.556,4.117719615981231,3.807058207020136,0.0,1.9692304526750513,0.0,0.0,0.0
reset,578.592,4.117719615981231,3.807058207020136,0.0,1.9692304526750513,0.0,0.0,0.0
reset,578.664,4.117719615981231,3.807058207020136,0.0,1.9692304526750513,0.0,0.0,0.0
reset,578.7,4.117719615981231,3.807058207020136,0.0,1.9692304526750513,0.0,0.0,0.0
reset,578.736,4.117719615981231,3.807058207020136,0.0,1.9692304526750513,0.0,0.0,0.0
reset,578.772,4.117719615981231,3.807058207020136,0.0,1.9692304526750513,0.0,0.0,0.0
reset,578.808,4.117719615981231,3.807058207020136,0.0,1.9692304526750513,0.0,0.0,0.0
reset,578.844,4.117719615981231,3.807058207020136,0.0,1.9692304526750513,0.0,0.0,0.0
reset,578.88,4.117719615981231,3.807058207020136,0.0,1.9692304526750513,0.0,0.0,0.0
reset,578.916,4.117719615981231,3.807058207020136,0.0,1.9692304526750513,0.0,0.0,0.0
reset,578.952,4.117719615981231,3.807058207020136,0.0,1.9692304526750513,0.0,0.0,0.0
reset,578.988,4.117719615981231,3.807058207020136,0.0,1.9692304526750513,0.0,0.0,0.0
reset,579.024,4.117719615981231,3.807058207020136,0.0,1.9692304526750513,0.0,0.0,0.0
reset,579.06,4.117719615981231,3.807058207020136,0.0,1.9692304526750513,0.0,0.0,0.0
reset,579.096,4.117719615981231,3.807058207020136,0.0,1.9692304526750513,0.0,0.0,0.0
reset,579.132,4.117719615981231,3.807058207020136,0.0,1.9692304526750513,0.0,0.0,0.0
reset,579.168,4.117719615981231,3.807058207020136,0.0,1.9692304526750513,0.0,0.0,0.0
reset,579.204,4.117719615981231,3.807058207020136,0.0,1.9692304526750513,0.0,0.0,0.0
reset,579.24,4.117719615981231,3.807058207020136,0.0,1.9692304526750513,0.0,0.0,0.0
reset,579.276,4.117719615981231,3.807058207020136,0.0,1.9692304526750513,0.0,0.0,0.0
reset,579.312,4.117719615981231,3.807058207020136,0.0,1.9692304526750513,0.0,0.0,0.0
reset,579.348,4.117719615981231,3.807058207020136,0.0,1.9692304526750513,0.0,0.0,0.0
reset,579.384,4.117719615981231,3.807058207020136,0.0,1.9692304526750513,0.0,0.0,0.0
reset,579.42,4.117719615981231,3.807058207020136,0.0,1.9692304526750513,0.0,0.0,0.0
reset,579.456,4.117719615981231,3.807058207020136,0.0,1.9692304526750513,0.0,0.0,0.0
reset,579.492,4.117719615981231,3.807058207020136,0.0,1.9692304526750513,0.0,0.0,0.0
reset,579.528,4.117719615981231,3.807058207020136,0.0,1.9692304526750513,0.0,0.0,0.0
reset,579.564,4.117719615981231,3.807058207020136,0.0,1.9692304526750513,0.0,0.0,0.0
reset,579.6,4.117719615981231,3.807058207020136,0.0,1.9692304526750513,0.0,0.0,0.0
reset,579.636,4.117719615981231,3.807058207020136,0.0,1.9692304526750513,0.0,0.0,0.0
reset,579.672,4.117719615981231,3.807058207020136,0.0,1.9692304526750513,0.0,0.0,0.0
reset,579.708,4.117719615981231,3.807058207020136,0.0,1.9692304526750513,0.0,0.0,0.0
reset,579.744,4.117719615981231,3.807058207020136,0.0,1.9692304526750513,0.0,0.0,0.0
reset,579.78,4.117719615981231,3.807058207020136,0.0,1.9692304526750513,0.0,0.0,0.0
reset,579.816,4.117719615981231,3.807058207020136,0.0,1.9692304526750513,0.0,0.0,0.0
reset,579.852,4.117719615981231,3.807058207020136,0.0,1.9692304526750513,0.0,0.0,0.0
reset,579.888,4.117719615981231,3.807058207020136,0.0,1.9692304526750513,0.0,0.0,0.0
reset,579.924,4.117719615981231,3.807058207020136,0.0,1.9692304526750513,0.0,0.0,0.0
reset,579.96,4.117719615981231,3.807058207020136,0.0,1.9692304526750513,0.0,0.0,0.0
reset,579.996,4.117719615981231,3.807058207020136,0.0,1.9692304526750513,0.0,0.0,0.0
reset,580.032,4.117719615981231,3.807058207020136,0.0,1.9692304526750513,0.0,0.0,0.0
reset,580.068,4.117719615981231,3.807058207020136,0.0,1.9692304526750513,0.0,0.0,0.0
arc_right_3,580.104,4.117719615981231,3.807058207020136,0.0,1.9692304526750513,0.0,0.0,0.0
arc_right_3,580.14,4.117719615981231,3.807058207020136,0.0,1.9692304526750513,0.0,0.0,0.0
arc_right_3,580.176,4.117719615981231,3.807058207020136,0.0,1.9692304526750513,0.0,0.0,0.0
arc_right_3,580.212,4.117719615981231,3.807058207020136,0.0,1.9692304526750513,0.0,0.0,0.0
arc_right_3,580.248,4.117719615981231,3.807058207020136,0.0,1.9692304526750513,0.0,0.0,0.0
arc_right_3,580.284,4.117719615981231,3.807058207020136,0.0,1.9692304526750513,0.0,0.0,0.0
arc_right_3,580.32,4.117719615981231,3.807058207020136,0.0,1.9692304526750513,0.0,0.0,0.0
arc_right_3,580.356,4.117719615981231,3.807058207020136,0.0,1.9692304526750513,0.0,0.0,0.0
arc_right_3,580.392,4.117719615981231,3.807058207020136,0.0,1.9692304526750513,0.0,0.0,0.0
arc_right_3,580.428,4.117719615981231,3.807058207020136,0.0,1.9692304526750513,0.0,0.0,0.0
arc_right_3,580.464,4.117719615981231,3.807058207020136,0.0,1.9692304526750513,0.0,0.0,0.0
arc_right_3,580.5,4.117719615981231,3.807058207020136,0.0,1.9692304526750513,0.0,0.0,0.0
arc_right_3,580.536,4.117719615981231,3.807058207020136,0.0,1.9692304526750513,0.0,0.0,0.0
arc_right_3,580.572,4.117719615981231,3.807058207020136,0.0,1.9692304526750513,0.0,0.0,0.0
arc_right_3,580.608,4.117719615981231,3.807058207020136,0.0,1.9692304526750513,0.0,0.0,0.0
arc_right_3,580.644,4.117719615981231,3.807058207020136,0.0,1.9692304526750513,0.0,0.0,0.0
arc_right_3,580.68,4.117719615981231,3.807058207020136,0.0,1.9692304526750513,0.0,0.0,0.0
arc_right_3,580.716,4.117719615981231,3.807058207020136,0.0,1.9692304526750513,0.0,0.0,0.0
arc_right_3,580.752,4.117719615981231,3.807058207020136,0.0,1.9692304526750513,0.0,0.0,0.0
arc_right_3,580.788,4.117719615981231,3.807058207020136,0.0,1.9692304526750513,0.0,0.0,0.0
arc_right_3,580.824,4.117719615981231,3.807058207020136,0.0,1.9692304526750513,0.0,0.0,0.0
arc_right_3,580.86,4.117719615981231,3.807058207020136,0.0,1.9692304526750513,0.0,0.0,0.0
arc_right_3,580.896,4.117719615981231,3.807058207020136,0.0,1.9692304526750513,0.0,0.0,0.0
arc_right_3,580.932,4.117719615981231,3.807058207020136,0.0,1.9692304526750513,0.0,0.0,0.0
arc_right_3,580.968,4.117719615981231,3.807058207020136,0.0,1.9692304526750513,0.0,0.0,0.0
arc_right_3,581.004,4.117719615981231,3.807058207020136,0.0,1.9692304526750513,0.0,0.0,0.0
arc_right_3,581.04,4.117719615981231,3.807058207020136,0.0,1.9692304526750513,0.0,0.0,0.0
arc_right_3,581.076,4.117719615981231,3.807058207020136,0.0,1.9692304526750513,0.0,0.0,0.0
arc_right_3,581.112,4.11771228380689,3.807075626813751,0.0,1.9691656526851968,0.0006299999914046357,0.0,-0.002159999661816494
arc_right_3,581.148,4.117573187003459,3.807406693079298,0.0,1.9679344527260372,0.011024999968671048,0.0,-0.03779999886449676
arc_right_3,581.184,4.117259894793729,3.808156578971925,0.0,1.965148052767327,0.02362499996504397,0.0,-0.08099999885211087
arc_right_3,581.22,4.116775955024651,3.809326626475871,0.0,1.9608073008105726,0.03622099456722279,0.0,-0.12417173212265216
arc_right_3,581.256,4.116128347297599,3.8109153004555614,0.0,1.9549408345820831,0.048688459950281995,0.0,-0.16643641376500054
arc_right_3,581.292,4.115327545016267,3.812917490002026,0.0,1.9476095004126925,0.06091252407919671,0.0,-0.20698337308018155
arc_right_3,581.328,4.114385605749713,3.815328560239149,0.0,1.9388744075479662,0.0728966010881275,0.0,-0.24583670416619707
arc_right_3,581.364,4.113311729984055,3.8181556532299616,0.0,1.9288043887707362,0.08504501215697384,0.0,-0.28272976756332613
arc_right_3,581.4,4.112091849263356,3.8214717894998844,0.0,1.9180106660405976,0.09922499994316307,0.0,-0.29999999961965684
arc_right_3,581.436,4.11075550551852,3.8252290993583817,0.0,1.9072106660542847,0.11182499993947678,0.0,-0.29999999961986584
arc_right_3,581.472,4.109312397462438,3.829429595732321,0.0,1.8964106660679687,0.12442499993586449,0.0,-0.29999999961976137
arc_right_3,581.508,4.10777195906307,3.834075972899377,0.0,1.8856106660816467,0.137024999932193,0.0,-0.2999999996200748
arc_right_3,581.544,4.1061538180385355,3.8391385848624786,0.0,1.8748106660953336,0.14849999993979957,0.0,-0.2999999996197613
arc_right_3,581.58,4.104565166543644,3.8442995831163143,0.0,1.8640106661090239,0.14999999995476782,0.0,-0.29999999961965684
arc_right_3,581.616,4.103032345395523,3.8494774374862435,0.0,1.8532106661227172,0.14999999995476782,0.0,-0.29999999961965684
arc_right_3,581.652,4.101555533380692,3.854671544033203,0.0,1.8424106661364075,0.14999999995476782,0.0,-0.29999999961965684
arc_right_3,581.688,4.100134902752829,3.859881296922497,0.0,1.8316106661501008,0.14999999995476782,0.0,-0.29999999961965684
arc_right_3,581.724,4.0987706192126785,3.865106088494455,0.0,1.8208106661637942,0.14999999995476782,0.0,-0.29999999961965684
arc_right_3,581.76,4.097462841888727,3.8703453093353124,0.0,1.8100106661774846,0.14999999995476782,0.0,-0.29999999961965684
arc_right_3,581.796,4.09621172331864,3.8755983483482934,0.0,1.7992106661911778,0.14999999995476782,0.0,-0.29999999961965684
arc_right_3,581.832,4.095017409431468,3.880864592824884,0.0,1.7884106662048682,0.14999999995476782,0.0,-0.29999999961965684
arc_right_3,581.868,4.093880039530627,3.8861434285163017,0.0,1.7776106662185613,0.14999999995476782,0.0,-0.29999999961965684
arc_right_3,581.904,4.092799746277654,3.891434239705136,0.0,1.7668106662322547,0.14999999995476782,0.0,-0.29999999961965684
arc_right_3,581.94,4.091776655676728,3.896736409277171,0.0,1.756010666245945,0.14999999995476782,0.0,-0.29999999961965684
arc_right_3,581.976,4.090810887059977,3.902049318793361,0.0,1.7452106662596383,0.14999999995476782,0.0,-0.29999999961965684
arc_right_3,582.012,4.089902553073555,3.907372348561963,0.0,1.7344106662733287,0.14999999995476782,0.0,-0.29999999961965684
arc_right_3,582.048,4.089051759664512,3.9127048777108238,0.0,1.723610666287022,0.14999999995476782,0.0,-0.29999999961965684
arc_right_3,582.084,4.088258606068423,3.918046284259789,0.0,1.7128106663007152,0.14999999995476782,0.0,-0.29999999961965684
arc_right_3,582.12,4.087523184797825,3.92339594519326,0.0,1.7020106663142804,0.14999999995484178,0.0,-0.2999999996235222
arc_right_3,582.156,4.0868455816314215,3.9287532365328457,0.0,1.6912106663277666,0.14999999995476782,0.0,-0.2999999996252981
arc_right_3,582.192,4.086225875604079,3.9341175334101623,0.0,1.6804106663412528,0.14999999995476782,0.0,-0.29999999962529816
arc_right_3,582.228,4.085664138997604,3.939488210139707,0.0,1.6696106663547425,0.14999999995476782,0.0,-0.2999999996252981
arc_right_3,582.264,4.08516043733232,3.944864640291835,0.0,1.6588106663682287,0.14999999995476782,0.0,-0.29999999962529816
arc_right_3,582.3,4.084714829359415,3.9502461967658298,0.0,1.6480106663817153,0.1499999999547826,0.0,-0.2999999996254026
arc_right_3,582.336,4.084327367054098,3.955632251863049,0.0,1.6372106663952046,0.14999999995476782,0.0,-0.29999999962529816
arc_right_3,582.372,4.083998095609536,3.961022177360133,0.0,1.6264106664086913,0.14999999995476782,0.0,-0.2999999996252981
arc_right_3,582.408,4.0837270534315735,3.966415344582283,0.0,1.6156106664221739,0.14999999995476782,0.0,-0.29999999962550705
arc_right_3,582.444,4.0835142721342645,3.9718111244765923,0.0,1.6048106664356638,0.149999999954753,0.0,-0.2999999996254026
arc_right_3,582.48,4.083359776536177,3.9772088876854044,0.0,1.5940106664490563,0.14999999995451616,0.0,-0.2999999996285366
arc_right_3,582.516,4.083263584657505,3.9826080046197334,0.0,1.5832106664622903,0.14999999995416086,0.0,-0.29999999963250634
arc_right_3,582.552,4.0832257077179595,3.988007845532717,0.0,1.572410666475524,0.14999999995417568,0.0,-0.2999999996324018
arc_right_3,582.588,4.083246150135463,3.993407780593034,0.0,1.5616106664887546,0.14999999995416086,0.0,-0.29999999963250634
arc_right_3,582.624,4.083324909525637,3.9988071799583844,0.0,1.5508106665019885,0.14999999995416086,0.0,-0.29999999963250634
arc_right_3,582.66,4.083461976702075,4.004205413848948,0.0,1.5400106665152253,0.14999999995416086,0.0,-0.2999999996322974
arc_right_3,582.696,4.0836573356774135,4.009601852620844,0.0,1.5292106665284557,0.1499999999541461,0.0,-0.2999999996324018
arc_right_3,582.732,4.0839109636652084,4.014995866839577,0.0,1.5184106665416894,0.1499999999541461,0.0,-0.2999999996324018
arc_right_3,582.768,4.084222831082576,4.020386827353443,0.0,1.5076106665549234,0.14999999995416086,0.0,-0.2999999996322974
arc_right_3,582.804,4.084592901553655,4.0257741053669225,0.0,1.4968106665681538,0.1499999999541461,0.0,-0.2999999996324018
arc_right_3,582.84,4.085021131913843,4.0311570725140164,0.0,1.4860106665813875,0.14999999995416086,0.0,-0.2999999996325063
arc_right_3,582.876,4.0855074722148395,4.03653510093154,0.0,1.4752106665946214,0.14999999995417568,0.0,-0.29999999963240187
arc_right_3,582.912,4.086051865730461,4.041907563332361,0.0,1.4644106666078516,0.14999999995416088,0.0,-0.29999999963250634
arc_right_3,582.948,4.086654248963266,4.047273833078555,0.0,1.4536106666210855,0.14999999995416086,0.0,-0.2999999996325063
arc_right_3,582.984,4.087314551651962,4.052633284254505,0.0,1.4428106666343192,0.14999999995417568,0.0,-0.29999999963240187
arc_right_3,583.02,4.088032696779586,4.057985291739902,0.0,1.4320106666475527,0.14999999995417568,0.0,-0.29999999963240187
arc_right_3,583.056,4.088808600582506,4.063329231282664,0.0,1.4212106666607836,0.14999999995416088,0.0,-0.2999999996325063
arc_right_3,583.092,4.089642172560184,4.068664479571742,0.0,1.4104106666740173,0.14999999995417568,0.0,-0.29999999963240187
arc_right_3,583.128,4.09053331548573,4.073990414309826,0.0,1.3996106666872512,0.14999999995417568,0.0,-0.2999999996324018
arc_right_3,583.164,4.091481925417241,4.079306414285928,0.0,1.3888106667004814,0.14999999995416086,0.0,-0.29999999963250634
arc_right_3,583.2,4.092487891709932,4.084611859447841,0.0,1.3780106667137153,0.14999999995416086,0.0,-0.29999999963250634
arc_right_3,583.236,4.093551097029035,4.0899061309744535,0.0,1.367210666726949,0.14999999995417568,0.0,-0.29999999963240187
arc_right_3,583.272,4.094671417363488,4.095188611347943,0.0,1.3564106667401796,0.14999999995416086,0.0,-0.29999999963250634
arc_right_3,583.308,4.0958487220403965,4.100458684425786,0.0,1.3456106667534136,0.14999999995416086,0.0,-0.29999999963250634
arc_right_3,583.344,4.09708287374028,4.105715735512637,0.0,1.334810666766647,0.14999999995417565,0.0,-0.29999999963240187
arc_right_3,583.38,4.098373728513082,4.110959151432017,0.0,1.3240106667798777,0.14999999995416088,0.0,-0.2999999996325063
arc_right_3,583.416,4.099721135794967,4.116188320597841,0.0,1.3132106667931114,0.14999999995416086,0.0,-0.29999999963250634
arc_right_3,583.452,4.101124938425875,4.121402633085747,0.0,1.302410666806345,0.14999999995417568,0.0,-0.2999999996324018
arc_right_3,583.488,4.102584972667864,4.126601480704239,0.0,1.2916106668195755,0.14999999995416086,0.0,-0.29999999963250634
arc_right_3,583.524,4.104101068224192,4.131784257065625,0.0,1.2808106668328094,0.14999999995416086,0.0,-0.29999999963250634
arc_right_3,583.56,4.105673048259191,4.136950357656749,0.0,1.2700106668460465,0.14999999995416086,0.0,-0.2999999996322974
arc_right_3,583.596,4.107300729418895,4.1420991799095,0.0,1.2592106668592769,0.1499999999541461,0.0,-0.2999999996324018
arc_right_3,583.632,4.1089839218524205,4.147230123271087,0.0,1.2484106668725106,0.1499999999541461,0.0,-0.2999999996324018
arc_right_3,583.668,4.110722429234107,4.152342589274094,0.0,1.2376106668857445,0.14999999995416086,0.0,-0.2999999996322974
arc_right_3,583.704,4.112516048786431,4.157435981606285,0.0,1.2268106668989749,0.1499999999541461,0.0,-0.2999999996324018
arc_right_3,583.74,4.1143645713036365,4.162509706180152,0.0,1.2160106669122086,0.14999999995416086,0.0,-0.2999999996325063
arc_right_3,583.776,4.116267781176155,4.167563171202217,0.0,1.2052106669254423,0.14999999995417568,0.0,-0.29999999963240187
arc_right_3,583.812,4.118225456415746,4.172595787242049,0.0,1.194410666938673,0.14999999995416088,0.0,-0.29999999963250634
arc_right_3,583.848,4.120237368681388,4.17760696730102,0.0,1.1836106669519069,0.14999999995416086,0.0,-0.2999999996325063
arc_right_3,583.884,4.122303283305918,4.182596126880771,0.0,1.1728106669651406,0.14999999995417568,0.0,-0.29999999963240187
arc_right_3,583.92,4.124422959323396,4.1875626840513895,0.0,1.162010666978374,0.14999999995417568,0.0,-0.29999999963240187
arc_right_3,583.956,4.126596149497215,4.192506059519276,0.0,1.1512106669916047,0.14999999995416088,0.0,-0.2999999996325063
arc_right_3,583.992,4.128822600348936,4.197425676694722,0.0,1.1404106670048384,0.14999999995417568,0.0,-0.29999999963240187
arc_right_3,584.028,4.131102052187859,4.202320961759161,0.0,1.1296106670180721,0.14999999995417568,0.0,-0.2999999996324018
arc_right_3,584.064,4.133434239141305,4.207191343732092,0.0,1.118810667031303,0.14999999995416086,0.0,-0.29999999963250634
arc_right_3,584.1,4.135818889185634,4.212036254537685,0.0,1.1080106670445362,0.14999999995416086,0.0,-0.29999999963250634
arc_right_3,584.136,4.138255724177967,4.216855129071042,0.0,1.0972106670577702,0.14999999995417568,0.0,-0.29999999963240187
arc_right_3,584.172,4.140744459888635,4.221647405264095,0.0,1.0864106670710008,0.14999999995416086,0.0,-0.29999999963250634
arc_right_3,584.208,4.143284806034327,4.226412524151189,0.0,1.0756106670842347,0.14999999995416086,0.0,-0.29999999963250634
arc_right_3,584.244,4.145876466311949,4.23114992993426,0.0,1.0648106670974682,0.14999999995417565,0.0,-0.29999999963240187
arc_right_3,584.28,4.148519138433185,4.235859070047668,0.0,1.0540106671106988,0.14999999995416088,0.0,-0.2999999996325063
arc_right_3,584.316,4.151212514159758,4.240539395222652,0.0,1.0432106671239325,0.14999999995416086,0.0,-0.29999999963250634
arc_right_3,584.352,4.153956279339374,4.2451903595513905,0.0,1.0324106671371662,0.14999999995417568,0.0,-0.2999999996324018
arc_right_3,584.388,4.156750113942376,4.249811420550679,0.0,1.0216106671503968,0.14999999995416086,0.0,-0.29999999963250634
arc_right_3,584.424,4.159593692099063,4.2544020392252015,0.0,1.0108106671636305,0.14999999995416086,0.0,-0.29999999963250634
arc_right_3,584.46,4.162486682137705,4.258961680130404,0.0,1.0000106671768676,0.14999999995416086,0.0,-0.2999999996322974
arc_right_3,584.496,4.165428746623224,4.263489811434942,0.0,0.9892106671900965,0.1499999999541461,0.0,-0.2999999996324018
arc_right_3,584.532,4.168419542396556,4.267985904982712,0.0,0.9784106672033291,0.1499999999541461,0.0,-0.2999999996324018
arc_right_3,584.568,4.171458720614673,4.272449436354464,0.0,0.9676106672165614,0.14999999995416086,0.0,-0.2999999996322974
arc_right_3,584.604,4.174545926791274,4.2768798849289595,0.0,0.9568106672297907,0.1499999999541461,0.0,-0.2999999996324018
arc_right_3,584.64,4.17768080083813,4.2812767339437015,0.0,0.9460106672430233,0.14999999995416086,0.0,-0.2999999996325063
arc_right_3,584.676,4.180862977107088,4.285639470555206,0.0,0.9352106672562555,0.14999999995417568,0.0,-0.29999999963240187
arc_right_3,584.712,4.1840920844327165,4.2899675858988235,0.0,0.9244106672694848,0.14999999995416088,0.0,-0.29999999963250634
arc_right_3,584.748,4.187367746175601,4.294260575148088,0.0,0.9136106672827171,0.14999999995416086,0.0,-0.2999999996325063
arc_right_3,584.784,4.190689580266269,4.2985179375736005,0.0,0.9028106672959495,0.14999999995417568,0.0,-0.29999999963240187
arc_right_3,584.82,4.194057199249757,4.3027391766014365,0.0,0.8920106673091819,0.14999999995417568,0.0,-0.29999999963240187
arc_right_3,584.856,4.19747021033081,4.306923799871065,0.0,0.8812106673224112,0.14999999995416088,0.0,-0.2999999996325063
arc_right_3,584.892,4.200928215419683,4.311071319292768,0.0,0.8704106673356437,0.14999999995417568,0.0,-0.29999999963240187
arc_right_3,584.928,4.204430811178583,4.315181251104589,0.0,0.8596106673488759,0.14999999995417568,0.0,-0.29999999963240187
arc_right_3,584.964,4.207977589068717,4.319253115928738,0.0,0.8488106673621052,0.14999999995416086,0.0,-0.29999999963250634
arc_right_3,585.0,4.211568135397928,4.323286438827524,0.0,0.8380106673753377,0.14999999995416086,0.0,-0.29999999963250634
arc_right_3,585.036,4.215202031368969,4.327280749358735,0.0,0.8272106673885701,0.14999999995417568,0.0,-0.29999999963240187
arc_right_3,585.072,4.218878853128333,4.331235581630519,0.0,0.8164106674017992,0.14999999995416086,0.0,-0.29999999963250634
arc_right_3,585.108,4.222598171815699,4.335150474355728,0.0,0.8056106674150316,0.14999999995416086,0.0,-0.29999999963250634
arc_right_3,585.144,4.226359553613955,4.339024970905712,0.0,0.7948106674282639,0.14999999995417568,0.0,-0.2999999996324018
arc_right_3,585.18,4.230162559799791,4.342858619363585,0.0,0.7840106674414934,0.14999999995416088,0.0,-0.2999999996325063
arc_right_3,585.216,4.234006746794884,4.346650972576947,0.0,0.7732106674547734,0.14999999995436814,0.0,-0.2999999996310438
arc_right_3,585.252,4.237891666217617,4.350401588210016,0.0,0.7624106674680569,0.14999999995436814,0.0,-0.2999999996310438
arc_right_3,585.288,4.241816864935397,4.354110028795237,0.0,0.7516106674813401,0.14999999995436814,0.0,-0.2999999996310438
arc_right_3,585.324,4.245781885117493,4.357775861784303,0.0,0.7408106674946233,0.14999999995436814,0.0,-0.2999999996310438
arc_right_3,585.36,4.249786264288451,4.361398659598613,0.0,0.7300106675079069,0.14999999995436814,0.0,-0.2999999996310438
arc_right_3,585.396,4.253829535382031,4.364977999679145,0.0,0.7192106675213467,0.1499999999547234,0.0,-0.2999999996258204
arc_right_3,585.432,4.257911226795671,4.368513464535726,0.0,0.7084106675348335,0.14999999995476782,0.0,-0.2999999996252981
arc_right_3,585.468,4.2620308624455125,4.372004641795745,0.0,0.6976106675483204,0.1499999999547826,0.0,-0.29999999962540264
arc_right_3,585.504,4.266187961821925,4.375451124252243,0.0,0.6868106675618103,0.14999999995476782,0.0,-0.2999999996252981
arc_right_3,585.54,4.2703820400455506,4.378852509911415,0.0,0.6760106675752972,0.14999999995476782,0.0,-0.2999999996252981
arc_right_3,585.576,4.274612607923862,4.382208402039496,0.0,0.6652106675887841,0.149999999954753,0.0,-0.29999999962540264
arc_right_3,585.612,4.27887917200822,4.385518409209033,0.0,0.6544106676022708,0.149999999954753,0.0,-0.29999999962540264
arc_right_3,585.648,4.283181234651428,4.388782145344544,0.0,0.6436106676157576,0.149999999954753,0.0,-0.29999999962540264
arc_right_3,585.684,4.287518294065777,4.391999229767546,0.0,0.6328106676292478,0.149999999954753,0.0,-0.29999999962540264
arc_right_3,585.72,4.291889844381574,4.395169287240964,0.0,0.6220106676428349,0.1499999999547826,0.0,-0.2999999996220596
arc_right_3,585.756,4.2962953757061495,4.398291948012885,0.0,0.6112106676565249,0.14999999995476782,0.0,-0.29999999961965684
arc_right_3,585.792,4.300734374183325,4.401366847859698,0.0,0.6004106676702183,0.14999999995476782,0.0,-0.29999999961965684
arc_right_3,585.828,4.305206322053351,4.4043936281285765,0.0,0.5896106676839085,0.14999999995476782,0.0,-0.29999999961965684
arc_right_3,585.864,4.309710697713301,4.4073719357793,0.0,0.578810667697602,0.14999999995476782,0.0,-0.29999999961965684
arc_right_3,585.9,4.314246975777906,4.41030142342544,0.0,0.5680106677112952,0.14999999995476782,0.0,-0.29999999961965684
arc_right_3,585.936,4.318814627140838,4.413181749374881,0.0,0.5572106677249854,0.14999999995476782,0.0,-0.29999999961965684
arc_right_3,585.972,4.32341311903642,4.4160125776696715,0.0,0.5464106677386787,0.14999999995476782,0.0,-0.29999999961965684
arc_right_3,586.008,4.328041915101772,4.418793578125208,0.0,0.5356106677523692,0.14999999995476782,0.0,-0.29999999961965684
arc_right_3,586.044,4.3327004754393705,4.4215244263687525,0.0,0.5248106677660623,0.14999999995476782,0.0,-0.29999999961965684
arc_right_3,586.08,4.33738825668002,4.42420480387726,0.0,0.5140106677797557,0.14999999995476782,0.0,-0.29999999961965684
arc_right_3,586.116,4.342104712046235,4.426834398014542,0.0,0.5032106677934459,0.14999999995476782,0.0,-0.29999999961965684
arc_right_3,586.152,4.346849291416008,4.429412902067716,0.0,0.49241066780713927,0.14999999995476782,0.0,-0.29999999961965684
arc_right_3,586.188,4.351621441386983,4.431940015282997,0.0,0.4816106678208295,0.14999999995476782,0.0,-0.29999999961965684
arc_right_3,586.224,4.356420605340999,4.434415442900763,0.0,0.4708106678345229,0.14999999995476782,0.0,-0.29999999961965684
arc_right_3,586.26,4.361246223509013,4.436838896189943,0.0,0.4600106678482162,0.14999999995476782,0.0,-0.29999999961965684
arc_right_3,586.296,4.366097733036396,4.439210092481696,0.0,0.44921066786190644,0.14999999995476782,0.0,-0.29999999961965684
arc_right_3,586.332,4.370974568048579,4.441528755202374,0.0,0.43841066787559974,0.14999999995476782,0.0,-0.29999999961965684
arc_right_3,586.368,4.3758761597170555,4.443794613905789,0.0,0.42761066788929003,0.14999999995476782,0.0,-0.29999999961965684
arc_right_3,586.404,4.380801936325732,4.44600740430475,0.0,0.4168106679029834,0.14999999995476782,0.0,-0.29999999961965684
arc_right_3,586.44,4.385751323337613,4.448166868301895,0.0,0.4060106679166767,0.14999999995476782,0.0,-0.29999999961965684
arc_right_3,586.476,4.390723743461807,4.450272754019791,0.0,0.39521066793036697,0.14999999995476782,0.0,-0.29999999961965684
arc_right_3,586.512,4.395718616720871,4.452324815830317,0.0,0.38441066794406037,0.14999999995476782,0.0,-0.29999999961965684
arc_right_3,586.548,4.400735360518452,4.454322814383307,0.0,0.37361066795775066,0.14999999995476782,0.0,-0.29999999961965684
arc_right_3,586.584,4.405773389707242,4.456266516634479,0.0,0.36281066797144396,0.14999999995476782,0.0,-0.29999999961965684
arc_right_3,586.62,4.410832116657232,4.458155695872606,0.0,0.35201066798513725,0.14999999995476782,0.0,-0.29999999961965684
arc_right_3,586.656,4.4159109513242445,4.459990131745965,0.0,0.34121066799882754,0.14999999995476782,0.0,-0.29999999961965684
arc_right_3,586.692,4.421009301318768,4.461769610288035,0.0,0.33041066801252084,0.14999999995476782,0.0,-0.29999999961965684
arc_right_3,586.728,4.426126571975035,4.463493923942455,0.0,0.31961066802621113,0.14999999995476782,0.0,-0.29999999961965684
arc_right_3,586.764,4.431262166420403,4.465162871587238,0.0,0.3088106680399044,0.14999999995476782,0.0,-0.29999999961965684
arc_right_3,586.8,4.436415485644959,4.466776258558225,0.0,0.29801066805359777,0.14999999995476782,0.0,-0.29999999961965684
arc_right_3,586.836,4.44158592857139,4.468333896671786,0.0,0.287210668067288,0.14999999995476782,0.0,-0.29999999961965684
arc_right_3,586.872,4.446772892125102,4.4698356042467795,0.0,0.2764106680809813,0.14999999995476782,0.0,-0.29999999961965684
arc_right_3,586.908,4.451975771304545,4.471281206125738,0.0,0.2656106680946716,0.14999999995476782,0.0,-0.29999999961965684
arc_right_3,586.944,4.457193959251791,4.472670533695295,0.0,0.254810668108365,0.14999999995476782,0.0,-0.29999999961965684
arc_right_3,586.98,4.462426847323315,4.4740034249058604,0.0,0.24401066812205846,0.14999999995476782,0.0,-0.29999999961965684
arc_right_3,587.016,4.46767382516099,4.475279724290514,0.0,0.233210668135749,0.14999999995476782,0.0,-0.29999999961965684
arc_right_3,587.052,4.472934280763268,4.476499282983144,0.0,0.22241066814944258,0.14999999995476782,0.0,-0.29999999961965684
arc_right_3,587.088,4.478207600556576,4.477661958735805,0.0,0.21161066816313312,0.14999999995476782,0.0,-0.29999999961965684
arc_right_3,587.124,4.483382034527353,4.478745063252931,0.0,0.20111306817463787,0.14621999997202667,0.0,-0.2899199996926164
arc_right_3,587.16,4.488034579162201,4.479671487518921,0.0,0.1920626681724855,0.13042499999992666,0.0,-0.24780000012614906
arc_right_3,587.196,4.492121745322931,4.480450214775601,0.0,0.1845674681537933,0.11422500000223638,0.0,-0.20460000059181732
arc_right_3,587.232,4.495640444692088,4.481096143024688,0.0,0.17862746812049207,0.09802500000390957,0.0,-0.16140000092617052
arc_right_3,587.268,4.498588288306148,4.481621534405819,0.0,0.17424266808674432,0.08182500000858775,0.0,-0.11820000093845191
arc_right_3,587.304,4.5009634977797095,4.482035997016254,0.0,0.17141306805235262,0.06562500001313273,0.0,-0.07500000095752371
arc_right_3,587.34,4.502764837089863,4.482346471863497,0.0,0.17013866801710703,0.04942500001750005,0.0,-0.03180000098014736
arc_right_3,587.376,4.503991579737906,4.482557138820634,0.0,0.1700594680041011,0.03322500002232627,0.0,-0.0006000002363267486
arc_right_3,587.412,4.504643537405697,4.482669091715523,0.0,0.17005946800409166,0.017025000026989662,0.0,-3.134009949541727e-13
arc_right_3,587.448,4.504758849646819,4.4826888929079125,0.0,0.17005946800409796,0.002115000018706089,0.0,2.089339966361151e-13
arc_right_3,587.484,4.504758849646812,4.482688892907911,0.0,0.17005946800409796,0.0,0.0,0.0
arc_right_3,587.52,4.504758849646812,4.482688892907911,0.0,0.17005946800409796,0.0,0.0,0.0
arc_right_3,587.556,4.504758849646812,4.482688892907911,0.0,0.17005946800409796,0.0,0.0,0.0
arc_right_3,587.592,4.504758849646812,4.482688892907911,0.0,0.17005946800409796,0.0,0.0,0.0
arc_right_3,587.628,4.504758849646812,4.482688892907911,0.0,0.17005946800409796,0.0,0.0,0.0
arc_right_3,587.664,4.504758849646812,4.482688892907911,0.0,0.17005946800409796,0.0,0.0,0.0
arc_right_3,587.7,4.504758849646812,4.482688892907911,0.0,0.17005946800409796,0.0,0.0,0.0
arc_right_3,587.736,4.504758849646812,4.482688892907911,0.0,0.17005946800409796,0.0,0.0,0.0
arc_right_3,587.772,4.504758849646812,4.482688892907911,0.0,0.17005946800409796,0.0,0.0,0.0
arc_right_3,587.808,4.504758849646812,4.482688892907911,0.0,0.17005946800409796,0.0,0.0,0.0
arc_right_3,587.844,4.504758849646812,4.482688892907911,0.0,0.17005946800409796,0.0,0.0,0.0
arc_right_3,587.88,4.504758849646812,4.482688892907911,0.0,0.17005946800409796,0.0,0.0,0.0
arc_right_3,587.916,4.504758849646812,4.482688892907911,0.0,0.17005946800409796,0.0,0.0,0.0
arc_right_3,587.952,4.504758849646812,4.482688892907911,0.0,0.17005946800409796,0.0,0.0,0.0
arc_right_3,587.988,4.504758849646812,4.482688892907911,0.0,0.17005946800409796,0.0,0.0,0.0
arc_right_3,588.024,4.504758849646812,4.482688892907911,0.0,0.17005946800409796,0.0,0.0,0.0
arc_right_3,588.06,4.504758849646812,4.482688892907911,0.0,0.17005946800409796,0.0,0.0,0.0
arc_right_3,588.096,4.504758849646812,4.482688892907911,0.0,0.17005946800409796,0.0,0.0,0.0
arc_right_3,588.132,4.504758849646812,4.482688892907911,0.0,0.17005946800409796,0.0,0.0,0.0
arc_right_3,588.168,4.504758849646812,4.482688892907911,0.0,0.17005946800409796,0.0,0.0,0.0
arc_right_3,588.204,4.504758849646812,4.482688892907911,0.0,0.17005946800409796,0.0,0.0,0.0
arc_right_3,588.24,4.504758849646812,4.482688892907911,0.0,0.17005946800409796,0.0,0.0,0.0
arc_right_3,588.276,4.504758849646812,4.482688892907911,0.0,0.17005946800409796,0.0,0.0,0.0
arc_right_3,588.312,4.504758849646812,4.482688892907911,0.0,0.17005946800409796,0.0,0.0,0.0
arc_right_3,588.348,4.504758849646812,4.482688892907911,0.0,0.17005946800409796,0.0,0.0,0.0
arc_right_3,588.384,4.504758849646812,4.482688892907911,0.0,0.17005946800409796,0.0,0.0,0.0
arc_right_3,588.42,4.504758849646812,4.482688892907911,0.0,0.17005946800409796,0.0,0.0,0.0
arc_right_3,588.456,4.504758849646812,4.482688892907911,0.0,0.17005946800409796,0.0,0.0,0.0
arc_right_3,588.492,4.504758849646812,4.482688892907911,0.0,0.17005946800409796,0.0,0.0,0.0
arc_right_3,588.528,4.504758849646812,4.482688892907911,0.0,0.17005946800409796,0.0,0.0,0.0
arc_right_3,588.564,4.504758849646812,4.482688892907911,0.0,0.17005946800409796,0.0,0.0,0.0
arc_right_3,588.6,4.504758849646812,4.482688892907911,0.0,0.17005946800409796,0.0,0.0,0.0
arc_right_3,588.636,4.504758849646812,4.482688892907911,0.0,0.17005946800409796,0.0,0.0,0.0
arc_right_3,588.672,4.504758849646812,4.482688892907911,0.0,0.17005946800409796,0.0,0.0,0.0
arc_right_3,588.708,4.504758849646812,4.482688892907911,0.0,0.17005946800409796,0.0,0.0,0.0
arc_right_3,588.744,4.504758849646812,4.482688892907911,0.0,0.17005946800409796,0.0,0.0,0.0
arc_right_3,588.78,4.504758849646812,4.482688892907911,0.0,0.17005946800409796,0.0,0.0,0.0
arc_right_3,588.816,4.504758849646812,4.482688892907911,0.0,0.17005946800409796,0.0,0.0,0.0
arc_right_3,588.852,4.504758849646812,4.482688892907911,0.0,0.17005946800409796,0.0,0.0,0.0
arc_right_3,588.888,4.504758849646812,4.482688892907911,0.0,0.17005946800409796,0.0,0.0,0.0
arc_right_3,588.924,4.504758849646812,4.482688892907911,0.0,0.17005946800409796,0.0,0.0,0.0
arc_right_3,588.96,4.504758849646812,4.482688892907911,0.0,0.17005946800409796,0.0,0.0,0.0
arc_right_3,588.996,4.504758849646812,4.482688892907911,0.0,0.17005946800409796,0.0,0.0,0.0
arc_right_3,589.032,4.504758849646812,4.482688892907911,0.0,0.17005946800409796,0.0,0.0,0.0
arc_right_3,589.068,4.504758849646812,4.482688892907911,0.0,0.17005946800409796,0.0,0.0,0.0
arc_right_3,589.104,4.504758849646812,4.482688892907911,0.0,0.17005946800409796,0.0,0.0,0.0
arc_right_3,589.14,4.504758849646812,4.482688892907911,0.0,0.17005946800409796,0.0,0.0,0.0
arc_right_3,589.176,4.504758849646812,4.482688892907911,0.0,0.17005946800409796,0.0,0.0,0.0
arc_right_3,589.212,4.504758849646812,4.482688892907911,0.0,0.17005946800409796,0.0,0.0,0.0
arc_right_3,589.248,4.504758849646812,4.482688892907911,0.0,0.17005946800409796,0.0,0.0,0.0
arc_right_3,589.284,4.504758849646812,4.482688892907911,0.0,0.17005946800409796,0.0,0.0,0.0
arc_right_3,589.32,4.504758849646812,4.482688892907911,0.0,0.17005946800409796,0.0,0.0,0.0
arc_right_3,589.356,4.504758849646812,4.482688892907911,0.0,0.17005946800409796,0.0,0.0,0.0
arc_right_3,589.392,4.504758849646812,4.482688892907911,0.0,0.17005946800409796,0.0,0.0,0.0
arc_right_3,589.428,4.504758849646812,4.482688892907911,0.0,0.17005946800409796,0.0,0.0,0.0
arc_right_3,589.464,4.504758849646812,4.482688892907911,0.0,0.17005946800409796,0.0,0.0,0.0
arc_right_3,589.5,4.504758849646812,4.482688892907911,0.0,0.17005946800409796,0.0,0.0,0.0
arc_right_3,589.536,4.504758849646812,4.482688892907911,0.0,0.17005946800409796,0.0,0.0,0.0
arc_right_3,589.572,4.504758849646812,4.482688892907911,0.0,0.17005946800409796,0.0,0.0,0.0
arc_right_3,589.608,4.504758849646812,4.482688892907911,0.0,0.17005946800409796,0.0,0.0,0.0
arc_right_3,589.644,4.504758849646812,4.482688892907911,0.0,0.17005946800409796,0.0,0.0,0.0
arc_right_3,589.68,4.504758849646812,4.482688892907911,0.0,0.17005946800409796,0.0,0.0,0.0
arc_right_3,589.716,4.504758849646812,4.482688892907911,0.0,0.17005946800409796,0.0,0.0,0.0
arc_right_3,589.752,4.504758849646812,4.482688892907911,0.0,0.17005946800409796,0.0,0.0,0.0
arc_right_3,589.788,4.504758849646812,4.482688892907911,0.0,0.17005946800409796,0.0,0.0,0.0
arc_right_3,589.824,4.504758849646812,4.482688892907911,0.0,0.17005946800409796,0.0,0.0,0.0
arc_right_3,589.86,4.504758849646812,4.482688892907911,0.0,0.17005946800409796,0.0,0.0,0.0
arc_right_3,589.896,4.504758849646812,4.482688892907911,0.0,0.17005946800409796,0.0,0.0,0.0
arc_right_3,589.932,4.504758849646812,4.482688892907911,0.0,0.17005946800409796,0.0,0.0,0.0
arc_right_3,589.968,4.504758849646812,4.482688892907911,0.0,0.17005946800409796,0.0,0.0,0.0
arc_right_3,590.004,4.504758849646812,4.482688892907911,0.0,0.17005946800409796,0.0,0.0,0.0
arc_right_3,590.04,4.504758849646812,4.482688892907911,0.0,0.17005946800409796,0.0,0.0,0.0
arc_right_3,590.076,4.504758849646812,4.482688892907911,0.0,0.17005946800409796,0.0,0.0,0.0
reset,590.112,4.504758849646812,4.482688892907911,0.0,0.17005946800409796,0.0,0.0,0.0
reset,590.148,4.504758849646812,4.482688892907911,0.0,0.17005946800409796,0.0,0.0,0.0
reset,590.184,4.504758849646812,4.482688892907911,0.0,0.17005946800409796,0.0,0.0,0.0
reset,590.22,4.504758849646812,4.482688892907911,0.0,0.17005946800409796,0.0,0.0,0.0
reset,590.256,4.504758849646812,4.482688892907911,0.0,0.17005946800409796,0.0,0.0,0.0
reset,590.292,4.504758849646812,4.482688892907911,0.0,0.17005946800409796,0.0,0.0,0.0
reset,590.328,4.504758849646812,4.482688892907911,0.0,0.17005946800409796,0.0,0.0,0.0
reset,590.364,4.504758849646812,4.482688892907911,0.0,0.17005946800409796,0.0,0.0,0.0
reset,590.4,4.504758849646812,4.482688892907911,0.0,0.17005946800409796,0.0,0.0,0.0
reset,590.436,4.504758849646812,4.482688892907911,0.0,0.17005946800409796,0.0,0.0,0.0
reset,590.472,4.504758849646812,4.482688892907911,0.0,0.17005946800409796,0.0,0.0,0.0
reset,590.508,4.504758849646812,4.482688892907911,0.0,0.17005946800409796,0.0,0.0,0.0
reset,590.544,4.504758849646812,4.482688892907911,0.0,0.17005946800409796,0.0,0.0,0.0
reset,590.58,4.504758849646812,4.482688892907911,0.0,0.17005946800409796,0.0,0.0,0.0
reset,590.616,4.504758849646812,4.482688892907911,0.0,0.17005946800409796,0.0,0.0,0.0
reset,590.652,4.504758849646812,4.482688892907911,0.0,0.17005946800409796,0.0,0.0,0.0
reset,590.688,4.504758849646812,4.482688892907911,0.0,0.17005946800409796,0.0,0.0,0.0
reset,590.724,4.504758849646812,4.482688892907911,0.0,0.17005946800409796,0.0,0.0,0.0
reset,590.76,4.504758849646812,4.482688892907911,0.0,0.17005946800409796,0.0,0.0,0.0
reset,590.796,4.504758849646812,4.482688892907911,0.0,0.17005946800409796,0.0,0.0,0.0
reset,590.832,4.504758849646812,4.482688892907911,0.0,0.17005946800409796,0.0,0.0,0.0
reset,590.868,4.504758849646812,4.482688892907911,0.0,0.17005946800409796,0.0,0.0,0.0
reset,590.904,4.504758849646812,4.482688892907911,0.0,0.17005946800409796,0.0,0.0,0.0
reset,590.94,4.504758849646812,4.482688892907911,0.0,0.17005946800409796,0.0,0.0,0.0
reset,590.976,4.504758849646812,4.482688892907911,0.0,0.17005946800409796,0.0,0.0,0.0
reset,591.012,4.504758849646812,4.482688892907911,0.0,0.17005946800409796,0.0,0.0,0.0
reset,591.048,4.504758849646812,4.482688892907911,0.0,0.17005946800409796,0.0,0.0,0.0
reset,591.084,4.504758849646812,4.482688892907911,0.0,0.17005946800409796,0.0,0.0,0.0
reset,591.156,4.504758849646812,4.482688892907911,0.0,0.17005946800409796,0.0,0.0,0.0
reset,591.192,4.504758849646812,4.482688892907911,0.0,0.17005946800409796,0.0,0.0,0.0
reset,591.228,4.504758849646812,4.482688892907911,0.0,0.17005946800409796,0.0,0.0,0.0
reset,591.264,4.504758849646812,4.482688892907911,0.0,0.17005946800409796,0.0,0.0,0.0
reset,591.3,4.504758849646812,4.482688892907911,0.0,0.17005946800409796,0.0,0.0,0.0
reset,591.336,4.504758849646812,4.482688892907911,0.0,0.17005946800409796,0.0,0.0,0.0
reset,591.372,4.504758849646812,4.482688892907911,0.0,0.17005946800409796,0.0,0.0,0.0
reset,591.408,4.504758849646812,4.482688892907911,0.0,0.17005946800409796,0.0,0.0,0.0
reset,591.444,4.504758849646812,4.482688892907911,0.0,0.17005946800409796,0.0,0.0,0.0
reset,591.48,4.504758849646812,4.482688892907911,0.0,0.17005946800409796,0.0,0.0,0.0
reset,591.516,4.504758849646812,4.482688892907911,0.0,0.17005946800409796,0.0,0.0,0.0
reset,591.552,4.504758849646812,4.482688892907911,0.0,0.17005946800409796,0.0,0.0,0.0
reset,591.588,4.504758849646812,4.482688892907911,0.0,0.17005946800409796,0.0,0.0,0.0
reset,591.624,4.504758849646812,4.482688892907911,0.0,0.17005946800409796,0.0,0.0,0.0
reset,591.66,4.504758849646812,4.482688892907911,0.0,0.17005946800409796,0.0,0.0,0.0
reset,591.696,4.504758849646812,4.482688892907911,0.0,0.17005946800409796,0.0,0.0,0.0
reset,591.732,4.504758849646812,4.482688892907911,0.0,0.17005946800409796,0.0,0.0,0.0
reset,591.768,4.504758849646812,4.482688892907911,0.0,0.17005946800409796,0.0,0.0,0.0
reset,591.804,4.504758849646812,4.482688892907911,0.0,0.17005946800409796,0.0,0.0,0.0
reset,591.84,4.504758849646812,4.482688892907911,0.0,0.17005946800409796,0.0,0.0,0.0
reset,591.876,4.504758849646812,4.482688892907911,0.0,0.17005946800409796,0.0,0.0,0.0
reset,591.912,4.504758849646812,4.482688892907911,0.0,0.17005946800409796,0.0,0.0,0.0
reset,591.948,4.504758849646812,4.482688892907911,0.0,0.17005946800409796,0.0,0.0,0.0
reset,591.984,4.504758849646812,4.482688892907911,0.0,0.17005946800409796,0.0,0.0,0.0
reset,592.02,4.504758849646812,4.482688892907911,0.0,0.17005946800409796,0.0,0.0,0.0
reset,592.056,4.504758849646812,4.482688892907911,0.0,0.17005946800409796,0.0,0.0,0.0
reset,592.092,4.504758849646812,4.482688892907911,0.0,0.17005946800409796,0.0,0.0,0.0
reset,592.128,4.504758849646812,4.482688892907911,0.0,0.17005946800409796,0.0,0.0,0.0
reset,592.164,4.504758849646812,4.482688892907911,0.0,0.17005946800409796,0.0,0.0,0.0
reset,592.2,4.504758849646812,4.482688892907911,0.0,0.17005946800409796,0.0,0.0,0.0
reset,592.236,4.504758849646812,4.482688892907911,0.0,0.17005946800409796,0.0,0.0,0.0
reset,592.272,4.504758849646812,4.482688892907911,0.0,0.17005946800409796,0.0,0.0,0.0
reset,592.308,4.504758849646812,4.482688892907911,0.0,0.17005946800409796,0.0,0.0,0.0
reset,592.344,4.504758849646812,4.482688892907911,0.0,0.17005946800409796,0.0,0.0,0.0
reset,592.38,4.504758849646812,4.482688892907911,0.0,0.17005946800409796,0.0,0.0,0.0
reset,592.416,4.504758849646812,4.482688892907911,0.0,0.17005946800409796,0.0,0.0,0.0
reset,592.452,4.504758849646812,4.482688892907911,0.0,0.17005946800409796,0.0,0.0,0.0
reset,592.488,4.504758849646812,4.482688892907911,0.0,0.17005946800409796,0.0,0.0,0.0
reset,592.524,4.504758849646812,4.482688892907911,0.0,0.17005946800409796,0.0,0.0,0.0
reset,592.56,4.504758849646812,4.482688892907911,0.0,0.17005946800409796,0.0,0.0,0.0
reset,592.596,4.504758849646812,4.482688892907911,0.0,0.17005946800409796,0.0,0.0,0.0
brake_3,592.632,4.504758849646812,4.482688892907911,0.0,0.17005946800409796,0.0,0.0,0.0
brake_3,592.668,4.504758849646812,4.482688892907911,0.0,0.17005946800409796,0.0,0.0,0.0
brake_3,592.704,4.504758849646812,4.482688892907911,0.0,0.17005946800409796,0.0,0.0,0.0
brake_3,592.74,4.504758849646812,4.482688892907911,0.0,0.17005946800409796,0.0,0.0,0.0
brake_3,592.776,4.504758849646812,4.482688892907911,0.0,0.17005946800409796,0.0,0.0,0.0
brake_3,592.812,4.504758849646812,4.482688892907911,0.0,0.17005946800409796,0.0,0.0,0.0
brake_3,592.848,4.504758849646812,4.482688892907911,0.0,0.17005946800409796,0.0,0.0,0.0
brake_3,592.884,4.504758849646812,4.482688892907911,0.0,0.17005946800409796,0.0,0.0,0.0
brake_3,592.92,4.504758849646812,4.482688892907911,0.0,0.17005946800409796,0.0,0.0,0.0
brake_3,592.956,4.504758849646812,4.482688892907911,0.0,0.17005946800409796,0.0,0.0,0.0
brake_3,592.992,4.504758849646812,4.482688892907911,0.0,0.17005946800409796,0.0,0.0,0.0
brake_3,593.028,4.504758849646812,4.482688892907911,0.0,0.17005946800409796,0.0,0.0,0.0
brake_3,593.064,4.504758849646812,4.482688892907911,0.0,0.17005946800409796,0.0,0.0,0.0
brake_3,593.1,4.504758849646812,4.482688892907911,0.0,0.17005946800409796,0.0,0.0,0.0
brake_3,593.136,4.504758849646812,4.482688892907911,0.0,0.17005946800409796,0.0,0.0,0.0
brake_3,593.172,4.504758849646812,4.482688892907911,0.0,0.17005946800409796,0.0,0.0,0.0
brake_3,593.208,4.504758849646812,4.482688892907911,0.0,0.17005946800409796,0.0,0.0,0.0
brake_3,593.244,4.504758849646812,4.482688892907911,0.0,0.17005946800409796,0.0,0.0,0.0
brake_3,593.28,4.504758849646812,4.482688892907911,0.0,0.17005946800409796,0.0,0.0,0.0
brake_3,593.316,4.504758849646812,4.482688892907911,0.0,0.17005946800409796,0.0,0.0,0.0
brake_3,593.352,4.504758849646812,4.482688892907911,0.0,0.17005946800409796,0.0,0.0,0.0
brake_3,593.388,4.504758849646812,4.482688892907911,0.0,0.17005946800409796,0.0,0.0,0.0
brake_3,593.424,4.504758849646812,4.482688892907911,0.0,0.17005946800409796,0.0,0.0,0.0
brake_3,593.46,4.504758849646812,4.482688892907911,0.0,0.17005946800409796,0.0,0.0,0.0
brake_3,593.496,4.504758849646812,4.482688892907911,0.0,0.17005946800409796,0.0,0.0,0.0
brake_3,593.532,4.504758849646812,4.482688892907911,0.0,0.17005946800409796,0.0,0.0,0.0
brake_3,593.568,4.504758849646812,4.482688892907911,0.0,0.17005946800409796,0.0,0.0,0.0
brake_3,593.604,4.504758849646812,4.482688892907911,0.0,0.17005946800409796,0.0,0.0,0.0
brake_3,593.64,4.504963750626847,4.482724078103229,0.0,0.17005946800409477,0.0068249999698455355,0.0,-1.0446699831805755e-13
brake_3,593.676,4.505615708292506,4.482836030997752,0.0,0.17005946800409477,0.01942499996620365,0.0,0.0
brake_3,593.712,4.506714722643875,4.483024751591494,0.0,0.17005946800409477,0.03202499996257657,0.0,0.0
brake_3,593.748,4.508260793680956,4.483290239884456,0.0,0.17005946800409477,0.0446249999589643,0.0,1.0446699831805755e-13
brake_3,593.784,4.510253921403746,4.483632495876637,0.0,0.17005946800409477,0.05722499995530761,0.0,1.0446699831805755e-13
brake_3,593.82,4.512694105812245,4.484051519568036,0.0,0.17005946800409477,0.06982499995168054,0.0,1.0446699831805755e-13
brake_3,593.856,4.515581346906454,4.484547310958655,0.0,0.1700594680040885,0.08242499994803866,0.0,-2.089339966361151e-13
brake_3,593.892,4.5189156446863725,4.485119870048495,0.0,0.17005946800408542,0.09502499994438196,0.0,-2.0893399663611516e-13
brake_3,593.928,4.522696999152,4.485769196837552,0.0,0.17005946800407595,0.10762499994075489,0.0,-2.089339966361151e-13
brake_3,593.964,4.526925410303339,4.486495291325829,0.0,0.17005946800406974,0.120224999937113,0.0,-3.134009949541727e-13
brake_3,594.0,4.531600878140386,4.487298153513324,0.0,0.1700594680040634,0.1328249999334563,0.0,-1.0446699831805755e-13
brake_3,594.036,4.536723402663143,4.488177783400039,0.0,0.1700594680040666,0.1454249999298292,0.0,1.0446699831805755e-13
brake_3,594.072,4.542292983871611,4.489134180985973,0.0,0.1700594680040666,0.15802499992620214,0.0,1.0446699831805755e-13
brake_3,594.108,4.548309621765786,4.490167346271125,0.0,0.1700594680040634,0.1706249999225307,0.0,0.0
brake_3,594.144,4.554773316345673,4.491277279255498,0.0,0.1700594680040634,0.18322499991890356,0.0,0.0
brake_3,594.18,4.56168406761127,4.492463979939089,0.0,0.1700594680040634,0.19582499991527652,0.0,0.0
brake_3,594.216,4.569041875562576,4.4937274483218985,0.0,0.1700594680040634,0.20842499991164942,0.0,0.0
brake_3,594.252,4.576846740199589,4.495067684403928,0.0,0.17005946800405405,0.22102499990797794,0.0,-1.0446699831805755e-13
brake_3,594.288,4.585098661522314,4.496484688185176,0.0,0.1700594680040509,0.23362499990433605,0.0,-2.089339966361151e-13
brake_3,594.324,4.593797639530749,4.497978459665644,0.0,0.1700594680040509,0.2462249999006793,0.0,0.0
brake_3,594.36,4.602943674224893,4.499548998845331,0.0,0.1700594680040509,0.25882499989705227,0.0,0.0
brake_3,594.396,4.612536765604746,4.501196305724237,0.0,0.1700594680040509,0.27142499989345487,0.0,0.0
brake_3,594.432,4.6225769136703105,4.502920380302363,0.0,0.1700594680040509,0.2840249998897982,0.0,0.0
brake_3,594.468,4.6330592398269,4.5047203848369755,0.0,0.1700594680040509,0.29645999988957195,0.0,0.0
brake_3,594.504,4.643703446629447,4.506548187199325,0.0,0.1700594680040509,0.2999999999115488,0.0,0.0
brake_3,594.54,4.654347653431994,4.508375989561674,0.0,0.17005946800404773,0.2999999999115488,0.0,0.0
brake_3,594.576,4.664991860234542,4.510203791924024,0.0,0.1700594680040509,0.2999999999115488,0.0,0.0
brake_3,594.612,4.675636067037089,4.512031594286373,0.0,0.1700594680040509,0.29999999991154885,0.0,0.0
brake_3,594.648,4.686280273839636,4.513859396648723,0.0,0.1700594680040509,0.29999999991154874,0.0,0.0
brake_3,594.684,4.696924480642183,4.515687199011072,0.0,0.1700594680040509,0.2999999999115488,0.0,0.0
brake_3,594.72,4.707568687444731,4.517515001373422,0.0,0.17005946800404773,0.2999999999115488,0.0,0.0
brake_3,594.756,4.718212894247278,4.519342803735771,0.0,0.1700594680040509,0.2999999999115488,0.0,0.0
brake_3,594.792,4.728857101049825,4.521170606098121,0.0,0.1700594680040509,0.29999999991154885,0.0,0.0
brake_3,594.828,4.739501307852373,4.52299840846047,0.0,0.1700594680040509,0.29999999991154874,0.0,0.0
brake_3,594.864,4.750145514654919,4.52482621082282,0.0,0.1700594680040509,0.2999999999115488,0.0,0.0
brake_3,594.9,4.760789721457467,4.526654013185169,0.0,0.17005946800404773,0.2999999999115488,0.0,0.0
brake_3,594.936,4.771433928260015,4.528481815547519,0.0,0.1700594680040509,0.2999999999115488,0.0,0.0
brake_3,594.972,4.782078135062561,4.530309617909868,0.0,0.1700594680040509,0.29999999991154885,0.0,0.0
brake_3,595.008,4.792722341865109,4.5321374202722176,0.0,0.1700594680040509,0.29999999991154874,0.0,0.0
brake_3,595.044,4.803366548667656,4.533965222634567,0.0,0.1700594680040509,0.2999999999115488,0.0,0.0
brake_3,595.08,4.814010755470203,4.5357930249969165,0.0,0.17005946800404773,0.2999999999115488,0.0,0.0
brake_3,595.116,4.824654962272751,4.537620827359266,0.0,0.1700594680040509,0.2999999999115488,0.0,0.0
brake_3,595.152,4.835299169075298,4.5394486297216154,0.0,0.17005946800404773,0.2999999999115488,0.0,0.0
brake_3,595.188,4.845943375877845,4.541276432083965,0.0,0.1700594680040509,0.2999999999115488,0.0,0.0
brake_3,595.224,4.856587582680393,4.543104234446314,0.0,0.17005946800405405,0.2999999999115488,0.0,0.0
brake_3,595.26,4.86723178948294,4.544932036808664,0.0,0.17005946800404773,0.2999999999115488,0.0,0.0
brake_3,595.296,4.8778759962854865,4.546759839171013,0.0,0.17005946800405405,0.29999999991153403,0.0,1.0446699831805755e-13
brake_3,595.332,4.8885202030880315,4.548587641533363,0.0,0.17005946800404773,0.2999999999115488,0.0,0.0
brake_3,595.368,4.899164409890577,4.550415443895712,0.0,0.17005946800404773,0.2999999999115488,0.0,0.0
brake_3,595.404,4.909808616693122,4.552243246258062,0.0,0.17005946800405405,0.2999999999115488,0.0,0.0
brake_3,595.44,4.920452823495667,4.554071048620411,0.0,0.17005946800404773,0.2999999999115488,0.0,0.0
brake_3,595.476,4.931097030298212,4.555898850982761,0.0,0.17005946800405405,0.2999999999115488,0.0,0.0
brake_3,595.512,4.941741237100757,4.55772665334511,0.0,0.17005946800404773,0.2999999999115488,0.0,0.0
brake_3,595.548,4.952385443903303,4.55955445570746,0.0,0.17005946800404773,0.2999999999115488,0.0,0.0
brake_3,595.584,4.963029650705848,4.561382258069809,0.0,0.17005946800405405,0.2999999999115488,0.0,0.0
brake_3,595.62,4.973673857508393,4.563210060432159,0.0,0.17005946800404773,0.2999999999115488,0.0,0.0
brake_3,595.656,4.984318064310938,4.565037862794508,0.0,0.17005946800405405,0.2999999999115488,0.0,0.0
brake_3,595.692,4.994962271113483,4.5668656651568575,0.0,0.17005946800404773,0.2999999999115488,0.0,0.0
brake_3,595.728,5.005606477916029,4.568693467519207,0.0,0.17005946800404773,0.2999999999115488,0.0,0.0
brake_3,595.764,5.016250684718574,4.5705212698815565,0.0,0.17005946800405405,0.2999999999115488,0.0,0.0
brake_3,595.8,5.026894891521119,4.572349072243906,0.0,0.17005946800404773,0.2999999999115488,0.0,0.0
brake_3,595.836,5.037539098323664,4.574176874606255,0.0,0.17005946800405405,0.2999999999115488,0.0,0.0
brake_3,595.872,5.048183305126209,4.576004676968605,0.0,0.17005946800404773,0.2999999999115488,0.0,0.0
brake_3,595.908,5.0588275119287545,4.577832479330954,0.0,0.17005946800404773,0.2999999999115488,0.0,0.0
brake_3,595.944,5.069471718731299,4.579660281693304,0.0,0.17005946800405405,0.2999999999115488,0.0,0.0
brake_3,595.98,5.080115925533844,4.581488084055653,0.0,0.17005946800404773,0.2999999999115488,0.0,0.0
brake_3,596.016,5.090760132336389,4.583315886418003,0.0,0.17005946800405405,0.2999999999115488,0.0,0.0
brake_3,596.052,5.101404339138934,4.585143688780352,0.0,0.17005946800404773,0.2999999999115488,0.0,0.0
brake_3,596.088,5.11204854594148,4.586971491142702,0.0,0.17005946800404773,0.2999999999115488,0.0,0.0
brake_3,596.124,5.122692752744025,4.588799293505051,0.0,0.17005946800405405,0.2999999999115488,0.0,0.0
brake_3,596.16,5.13333695954657,4.590627095867401,0.0,0.17005946800404773,0.2999999999115488,0.0,0.0
brake_3,596.196,5.143981166349115,4.59245489822975,0.0,0.17005946800405405,0.2999999999115488,0.0,0.0
brake_3,596.232,5.15462537315166,4.5942827005921,0.0,0.17005946800404773,0.2999999999115488,0.0,0.0
brake_3,596.268,5.165269579954206,4.596110502954449,0.0,0.17005946800404773,0.2999999999115488,0.0,0.0
brake_3,596.304,5.175913786756751,4.597938305316799,0.0,0.17005946800405405,0.2999999999115488,0.0,0.0
brake_3,596.34,5.186557993559296,4.599766107679148,0.0,0.17005946800404773,0.2999999999115488,0.0,0.0
brake_3,596.376,5.197202200361841,4.6015939100414975,0.0,0.17005946800405405,0.2999999999115488,0.0,0.0
brake_3,596.412,5.207846407164386,4.603421712403847,0.0,0.17005946800404773,0.2999999999115488,0.0,0.0
brake_3,596.448,5.218490613966932,4.6052495147661965,0.0,0.17005946800404773,0.2999999999115488,0.0,0.0
brake_3,596.484,5.2291348207694766,4.607077317128546,0.0,0.17005946800405405,0.2999999999115488,0.0,0.0
brake_3,596.52,5.2397790275720215,4.608905119490895,0.0,0.17005946800404773,0.2999999999115488,0.0,0.0
brake_3,596.556,5.2504232343745665,4.610732921853245,0.0,0.17005946800405405,0.2999999999115488,0.0,0.0
brake_3,596.592,5.2610674411771114,4.612560724215594,0.0,0.17005946800404773,0.2999999999115488,0.0,0.0
brake_3,596.628,5.271711647979657,4.614388526577944,0.0,0.17005946800404773,0.2999999999115488,0.0,0.0
brake_3,596.664,5.282355854782202,4.616216328940293,0.0,0.17005946800405405,0.2999999999115488,0.0,0.0
brake_3,596.7,5.293000061584747,4.618044131302643,0.0,0.17005946800404773,0.2999999999115488,0.0,0.0
brake_3,596.736,5.303644268387292,4.619871933664992,0.0,0.17005946800405405,0.2999999999115488,0.0,0.0
brake_3,596.772,5.314288475189837,4.621699736027342,0.0,0.17005946800404773,0.2999999999115488,0.0,0.0
brake_3,596.808,5.324932681992383,4.623527538389691,0.0,0.17005946800404773,0.2999999999115488,0.0,0.0
brake_3,596.844,5.335576888794928,4.625355340752041,0.0,0.17005946800405405,0.2999999999115488,0.0,0.0
brake_3,596.88,5.346221095597473,4.62718314311439,0.0,0.17005946800404773,0.2999999999115488,0.0,0.0
brake_3,596.916,5.356865302400018,4.62901094547674,0.0,0.17005946800405405,0.2999999999115488,0.0,0.0
brake_3,596.952,5.367509509202563,4.630838747839089,0.0,0.17005946800404773,0.2999999999115488,0.0,0.0
brake_3,596.988,5.378153716005109,4.632666550201439,0.0,0.17005946800404773,0.2999999999115488,0.0,0.0
brake_3,597.024,5.388797922807654,4.634494352563788,0.0,0.17005946800405405,0.2999999999115488,0.0,0.0
brake_3,597.06,5.399442129610199,4.6363221549261375,0.0,0.17005946800404773,0.2999999999115488,0.0,0.0
brake_3,597.096,5.410086336412744,4.638149957288487,0.0,0.17005946800405405,0.2999999999115488,0.0,0.0
brake_3,597.132,5.420730543215289,4.6399777596508365,0.0,0.17005946800404773,0.2999999999115488,0.0,0.0
brake_3,597.168,5.431374750017834,4.641805562013186,0.0,0.17005946800404773,0.2999999999115488,0.0,0.0
brake_3,597.204,5.442018956820379,4.643633364375535,0.0,0.17005946800405405,0.2999999999115488,0.0,0.0
brake_3,597.24,5.452663163622924,4.645461166737885,0.0,0.17005946800404773,0.2999999999115488,0.0,0.0
brake_3,597.276,5.463307370425469,4.647288969100234,0.0,0.17005946800405405,0.2999999999115488,0.0,0.0
brake_3,597.312,5.473951577228014,4.649116771462584,0.0,0.17005946800404773,0.2999999999115488,0.0,0.0
brake_3,597.348,5.48459578403056,4.650944573824933,0.0,0.17005946800404773,0.2999999999115488,0.0,0.0
brake_3,597.384,5.495239990833105,4.652772376187283,0.0,0.17005946800405405,0.2999999999115488,0.0,0.0
brake_3,597.42,5.50588419763565,4.654600178549632,0.0,0.17005946800404773,0.2999999999115488,0.0,0.0
brake_3,597.456,5.516528404438195,4.656427980911982,0.0,0.17005946800405405,0.2999999999115488,0.0,0.0
brake_3,597.492,5.52717261124074,4.658255783274331,0.0,0.17005946800404773,0.2999999999115488,0.0,0.0
brake_3,597.528,5.537816818043286,4.660083585636681,0.0,0.17005946800404773,0.2999999999115488,0.0,0.0
brake_3,597.564,5.548461024845831,4.66191138799903,0.0,0.17005946800405405,0.2999999999115488,0.0,0.0
brake_3,597.6,5.559105231648376,4.66373919036138,0.0,0.17005946800404773,0.2999999999115488,0.0,0.0
brake_3,597.636,5.569605741659893,4.665542317391974,0.0,0.17005946800405405,0.29513999994019713,0.0,0.0
brake_3,597.672,5.579555413969778,4.667250855650389,0.0,0.17005946800404143,0.27907499995161916,0.0,-2.089339966361151e-13
brake_3,597.708,5.588930299112321,4.668860692581235,0.0,0.17005946800404143,0.26287499995628255,0.0,2.089339966361151e-13
brake_3,597.744,5.597730397087525,4.670371828184513,0.0,0.17005946800404143,0.24667499996097558,0.0,0.0
brake_3,597.78,5.6059557078953866,4.671784262460223,0.0,0.1700594680040352,0.23047499996569817,0.0,0.0
brake_3,597.816,5.613606231535908,4.673097995408366,0.0,0.1700594680040352,0.21427499997036156,0.0,0.0
brake_3,597.852,5.620681968009087,4.6743130270289415,0.0,0.1700594680040352,0.19807499997502492,0.0,0.0
brake_3,597.888,5.627182917314928,4.67542935732195,0.0,0.1700594680040352,0.18187499997974754,0.0,0.0
brake_3,597.924,5.633109079453425,4.676446986287391,0.0,0.1700594680040352,0.1656749999843517,0.0,0.0
brake_3,597.96,5.638460454424581,4.6773659139252635,0.0,0.17005946800404143,0.14947499998904473,0.0,2.089339966361151e-13
brake_3,597.996,5.643237042228397,4.67818614023557,0.0,0.17005946800404143,0.13327499999373768,0.0,0.0
brake_3,598.032,5.647438842864871,4.6789076652183095,0.0,0.17005946800404143,0.1170749999984307,0.0,2.089339966361151e-13
brake_3,598.068,5.651065856334007,4.679530488873482,0.0,0.1700594680040352,0.10087500000312369,0.0,0.0
brake_3,598.104,5.6541180826358,4.680054611201085,0.0,0.17005946800404143,0.08467500000781669,0.0,2.089339966361151e-13
brake_3,598.14,5.656595521770252,4.680480032201121,0.0,0.17005946800404143,0.06847500001248008,0.0,2.089339966361151e-13
brake_3,598.176,5.65849817373736,4.680806751873588,0.0,0.17005946800404143,0.05227500001711386,0.0,0.0
brake_3,598.212,5.659826038537131,4.681034770218489,0.0,0.17005946800404143,0.03607500002183646,0.0,0.0
brake_3,598.248,5.66057911616956,4.681164087235824,0.0,0.17005946800404143,0.019875000026499855,0.0,0.0
brake_3,598.284,5.66076760733266,4.681196454569489,0.0,0.17005946800404773,0.00402000002521774,0.0,2.089339966361151e-13
brake_3,598.32,5.66076760733266,4.681196454569489,0.0,0.17005946800404773,0.0,0.0,0.0
brake_3,598.356,5.66076760733266,4.681196454569489,0.0,0.17005946800404773,0.0,0.0,0.0
brake_3,598.392,5.66076760733266,4.681196454569489,0.0,0.17005946800404773,0.0,0.0,0.0
brake_3,598.428,5.66076760733266,4.681196454569489,0.0,0.17005946800404773,0.0,0.0,0.0
brake_3,598.464,5.66076760733266,4.681196454569489,0.0,0.17005946800404773,0.0,0.0,0.0
brake_3,598.5,5.66076760733266,4.681196454569489,0.0,0.17005946800404773,0.0,0.0,0.0
brake_3,598.536,5.66076760733266,4.681196454569489,0.0,0.17005946800404773,0.0,0.0,0.0
brake_3,598.572,5.66076760733266,4.681196454569489,0.0,0.17005946800404773,0.0,0.0,0.0
brake_3,598.608,5.66076760733266,4.681196454569489,0.0,0.17005946800404773,0.0,0.0,0.0
brake_3,598.644,5.66076760733266,4.681196454569489,0.0,0.17005946800404773,0.0,0.0,0.0
brake_3,598.68,5.66076760733266,4.681196454569489,0.0,0.17005946800404773,0.0,0.0,0.0
brake_3,598.716,5.66076760733266,4.681196454569489,0.0,0.17005946800404773,0.0,0.0,0.0
brake_3,598.752,5.66076760733266,4.681196454569489,0.0,0.17005946800404773,0.0,0.0,0.0
brake_3,598.788,5.66076760733266,4.681196454569489,0.0,0.17005946800404773,0.0,0.0,0.0
brake_3,598.824,5.66076760733266,4.681196454569489,0.0,0.17005946800404773,0.0,0.0,0.0
brake_3,598.86,5.66076760733266,4.681196454569489,0.0,0.17005946800404773,0.0,0.0,0.0
brake_3,598.896,5.66076760733266,4.681196454569489,0.0,0.17005946800404773,0.0,0.0,0.0
brake_3,598.932,5.66076760733266,4.681196454569489,0.0,0.17005946800404773,0.0,0.0,0.0
brake_3,598.968,5.66076760733266,4.681196454569489,0.0,0.17005946800404773,0.0,0.0,0.0
brake_3,599.004,5.66076760733266,4.681196454569489,0.0,0.17005946800404773,0.0,0.0,0.0
brake_3,599.04,5.66076760733266,4.681196454569489,0.0,0.17005946800404773,0.0,0.0,0.0
brake_3,599.076,5.66076760733266,4.681196454569489,0.0,0.17005946800404773,0.0,0.0,0.0
brake_3,599.112,5.66076760733266,4.681196454569489,0.0,0.17005946800404773,0.0,0.0,0.0
brake_3,599.148,5.66076760733266,4.681196454569489,0.0,0.17005946800404773,0.0,0.0,0.0
brake_3,599.184,5.66076760733266,4.681196454569489,0.0,0.17005946800404773,0.0,0.0,0.0
brake_3,599.22,5.66076760733266,4.681196454569489,0.0,0.17005946800404773,0.0,0.0,0.0
brake_3,599.256,5.66076760733266,4.681196454569489,0.0,0.17005946800404773,0.0,0.0,0.0
brake_3,599.292,5.66076760733266,4.681196454569489,0.0,0.17005946800404773,0.0,0.0,0.0
brake_3,599.328,5.66076760733266,4.681196454569489,0.0,0.17005946800404773,0.0,0.0,0.0
brake_3,599.364,5.66076760733266,4.681196454569489,0.0,0.17005946800404773,0.0,0.0,0.0
brake_3,599.4,5.66076760733266,4.681196454569489,0.0,0.17005946800404773,0.0,0.0,0.0
brake_3,599.436,5.66076760733266,4.681196454569489,0.0,0.17005946800404773,0.0,0.0,0.0
brake_3,599.472,5.66076760733266,4.681196454569489,0.0,0.17005946800404773,0.0,0.0,0.0
brake_3,599.508,5.66076760733266,4.681196454569489,0.0,0.17005946800404773,0.0,0.0,0.0
brake_3,599.544,5.66076760733266,4.681196454569489,0.0,0.17005946800404773,0.0,0.0,0.0
brake_3,599.58,5.66076760733266,4.681196454569489,0.0,0.17005946800404773,0.0,0.0,0.0
brake_3,599.616,5.66076760733266,4.681196454569489,0.0,0.17005946800404773,0.0,0.0,0.0
brake_3,599.652,5.66076760733266,4.681196454569489,0.0,0.17005946800404773,0.0,0.0,0.0
brake_3,599.688,5.66076760733266,4.681196454569489,0.0,0.17005946800404773,0.0,0.0,0.0
brake_3,599.724,5.66076760733266,4.681196454569489,0.0,0.17005946800404773,0.0,0.0,0.0
brake_3,599.76,5.66076760733266,4.681196454569489,0.0,0.17005946800404773,0.0,0.0,0.0
brake_3,599.796,5.66076760733266,4.681196454569489,0.0,0.17005946800404773,0.0,0.0,0.0
brake_3,599.832,5.66076760733266,4.681196454569489,0.0,0.17005946800404773,0.0,0.0,0.0
brake_3,599.868,5.66076760733266,4.681196454569489,0.0,0.17005946800404773,0.0,0.0,0.0
brake_3,599.904,5.66076760733266,4.681196454569489,0.0,0.17005946800404773,0.0,0.0,0.0
brake_3,599.94,5.66076760733266,4.681196454569489,0.0,0.17005946800404773,0.0,0.0,0.0
brake_3,599.976,5.66076760733266,4.681196454569489,0.0,0.17005946800404773,0.0,0.0,0.0
brake_3,600.012,5.66076760733266,4.681196454569489,0.0,0.17005946800404773,0.0,0.0,0.0
brake_3,600.048,5.66076760733266,4.681196454569489,0.0,0.17005946800404773,0.0,0.0,0.0
brake_3,600.084,5.66076760733266,4.681196454569489,0.0,0.17005946800404773,0.0,0.0,0.0
brake_3,600.12,5.66076760733266,4.681196454569489,0.0,0.17005946800404773,0.0,0.0,0.0
brake_3,600.156,5.66076760733266,4.681196454569489,0.0,0.17005946800404773,0.0,0.0,0.0
brake_3,600.192,5.66076760733266,4.681196454569489,0.0,0.17005946800404773,0.0,0.0,0.0
brake_3,600.228,5.66076760733266,4.681196454569489,0.0,0.17005946800404773,0.0,0.0,0.0
brake_3,600.264,5.66076760733266,4.681196454569489,0.0,0.17005946800404773,0.0,0.0,0.0
brake_3,600.3,5.66076760733266,4.681196454569489,0.0,0.17005946800404773,0.0,0.0,0.0
brake_3,600.336,5.66076760733266,4.681196454569489,0.0,0.17005946800404773,0.0,0.0,0.0
brake_3,600.372,5.66076760733266,4.681196454569489,0.0,0.17005946800404773,0.0,0.0,0.0
brake_3,600.408,5.66076760733266,4.681196454569489,0.0,0.17005946800404773,0.0,0.0,0.0
brake_3,600.444,5.66076760733266,4.681196454569489,0.0,0.17005946800404773,0.0,0.0,0.0
brake_3,600.48,5.66076760733266,4.681196454569489,0.0,0.17005946800404773,0.0,0.0,0.0
brake_3,600.516,5.66076760733266,4.681196454569489,0.0,0.17005946800404773,0.0,0.0,0.0
brake_3,600.552,5.66076760733266,4.681196454569489,0.0,0.17005946800404773,0.0,0.0,0.0
brake_3,600.588,5.66076760733266,4.681196454569489,0.0,0.17005946800404773,0.0,0.0,0.0
