trial,t,n,finite,min,max,angle_min,angle_max,angle_increment
reset,356.028,1440,1440,1.8800052404403687,9.169234275817871,-3.1415927410125732,3.1415927410125732,0.004366355482488871
reset,356.211,1440,1440,1.8759260177612305,9.161089897155762,-3.1415927410125732,3.1415927410125732,0.004366355482488871
reset,356.391,1440,1440,1.871350884437561,9.176408767700195,-3.1415927410125732,3.1415927410125732,0.004366355482488871
reset,356.571,1440,1440,1.879584550857544,9.168157577514648,-3.1415927410125732,3.1415927410125732,0.004366355482488871
reset,356.754,1440,1440,1.877082347869873,9.171539306640625,-3.1415927410125732,3.1415927410125732,0.004366355482488871
reset,356.934,1440,1440,1.8850998878479004,9.180534362792969,-3.1415927410125732,3.1415927410125732,0.004366355482488871
reset,357.114,1440,1440,1.8758474588394165,9.177786827087402,-3.1415927410125732,3.1415927410125732,0.004366355482488871
reset,357.297,1440,1440,1.8914930820465088,9.155468940734863,-3.1415927410125732,3.1415927410125732,0.004366355482488871
reset,357.477,1440,1440,1.8848663568496704,9.168929100036621,-3.1415927410125732,3.1415927410125732,0.004366355482488871
reset,357.657,1440,1440,1.883542776107788,9.171843528747559,-3.1415927410125732,3.1415927410125732,0.004366355482488871
reset,357.84,1440,1440,1.8827664852142334,9.186075210571289,-3.1415927410125732,3.1415927410125732,0.004366355482488871
reset,358.02,1440,1440,1.8819934129714966,9.165051460266113,-3.1415927410125732,3.1415927410125732,0.004366355482488871
reset,358.2,1440,1440,1.874652624130249,9.162281036376953,-3.1415927410125732,3.1415927410125732,0.004366355482488871
reset,358.383,1440,1440,1.8786768913269043,9.169685363769531,-3.1415927410125732,3.1415927410125732,0.004366355482488871
forward_1,358.563,1440,1440,1.8825013637542725,9.16434383392334,-3.1415927410125732,3.1415927410125732,0.004366355482488871
forward_1,358.743,1440,1440,1.8811708688735962,9.188791275024414,-3.1415927410125732,3.1415927410125732,0.004366355482488871
forward_1,358.926,1440,1440,1.8663877248764038,9.18625545501709,-3.1415927410125732,3.1415927410125732,0.004366355482488871
forward_1,359.106,1440,1440,1.8771418333053589,9.178556442260742,-3.1415927410125732,3.1415927410125732,0.004366355482488871
forward_1,359.286,1440,1440,1.8792190551757812,9.17426586151123,-3.1415927410125732,3.1415927410125732,0.004366355482488871
forward_1,359.469,1440,1440,1.8853188753128052,9.180672645568848,-3.1415927410125732,3.1415927410125732,0.004366355482488871
forward_1,359.649,1440,1440,1.8853625059127808,9.14819622039795,-3.1415927410125732,3.1415927410125732,0.004366355482488871
forward_1,359.829,1440,1440,1.8845007419586182,9.160887718200684,-3.1415927410125732,3.1415927410125732,0.004366355482488871
forward_1,360.012,1440,1440,1.8817659616470337,9.132917404174805,-3.1415927410125732,3.1415927410125732,0.004366355482488871
forward_1,360.192,1440,1440,1.8841419219970703,9.114851951599121,-3.1415927410125732,3.1415927410125732,0.004366355482488871
forward_1,360.372,1440,1440,1.8805656433105469,9.075963020324707,-3.1415927410125732,3.1415927410125732,0.004366355482488871
forward_1,360.555,1440,1440,1.887237787246704,9.053321838378906,-3.1415927410125732,3.1415927410125732,0.004366355482488871
forward_1,360.735,1440,1440,1.8839725255966187,8.984954833984375,-3.1415927410125732,3.1415927410125732,0.004366355482488871
forward_1,360.915,1440,1440,1.8809562921524048,8.994929313659668,-3.1415927410125732,3.1415927410125732,0.004366355482488871
forward_1,361.098,1440,1440,1.8762328624725342,8.944469451904297,-3.1415927410125732,3.1415927410125732,0.004366355482488871
forward_1,361.278,1440,1440,1.881560206413269,8.93504810333252,-3.1415927410125732,3.1415927410125732,0.004366355482488871
forward_1,361.458,1440,1440,1.8452880382537842,8.884318351745605,-3.1415927410125732,3.1415927410125732,0.004366355482488871
forward_1,361.641,1440,1440,1.815149188041687,8.847542762756348,-3.1415927410125732,3.1415927410125732,0.004366355482488871
forward_1,361.821,1440,1440,1.779128074645996,8.830936431884766,-3.1415927410125732,3.1415927410125732,0.004366355482488871
forward_1,362.001,1440,1440,1.7543296813964844,8.791707038879395,-3.1415927410125732,3.1415927410125732,0.004366355482488871
forward_1,362.184,1440,1440,1.7230676412582397,8.755548477172852,-3.1415927410125732,3.1415927410125732,0.004366355482488871
forward_1,362.364,1440,1440,1.691771149635315,8.74140739440918,-3.1415927410125732,3.1415927410125732,0.004366355482488871
forward_1,362.544,1440,1440,1.6583154201507568,8.7401704788208,-3.1415927410125732,3.1415927410125732,0.004366355482488871
forward_1,362.727,1440,1440,1.6206458806991577,8.680520057678223,-3.1415927410125732,3.1415927410125732,0.004366355482488871
forward_1,362.907,1440,1440,1.5906763076782227,8.6820707321167,-3.1415927410125732,3.1415927410125732,0.004366355482488871
forward_1,363.087,1440,1440,1.5556894540786743,8.639369010925293,-3.1415927410125732,3.1415927410125732,0.004366355482488871
forward_1,363.27,1440,1440,1.5367941856384277,8.604830741882324,-3.1415927410125732,3.1415927410125732,0.004366355482488871
forward_1,363.45,1440,1440,1.4948387145996094,8.583185195922852,-3.1415927410125732,3.1415927410125732,0.004366355482488871
forward_1,363.63,1440,1440,1.4589803218841553,8.551047325134277,-3.1415927410125732,3.1415927410125732,0.004366355482488871
forward_1,363.813,1440,1440,1.4411945343017578,8.512838363647461,-3.1415927410125732,3.1415927410125732,0.004366355482488871
forward_1,363.993,1440,1440,1.4117554426193237,8.505728721618652,-3.1415927410125732,3.1415927410125732,0.004366355482488871
forward_1,364.173,1440,1440,1.3685654401779175,8.477959632873535,-3.1415927410125732,3.1415927410125732,0.004366355482488871
forward_1,364.356,1440,1440,1.345308780670166,8.436785697937012,-3.1415927410125732,3.1415927410125732,0.004366355482488871
forward_1,364.536,1440,1440,1.3236041069030762,8.434256553649902,-3.1415927410125732,3.1415927410125732,0.004366355482488871
forward_1,364.716,1440,1440,1.2916303873062134,8.410751342773438,-3.1415927410125732,3.1415927410125732,0.004366355482488871
forward_1,364.899,1440,1440,1.2804468870162964,8.416756629943848,-3.1415927410125732,3.1415927410125732,0.004366355482488871
forward_1,365.079,1440,1440,1.285931944847107,8.407367706298828,-3.1415927410125732,3.1415927410125732,0.004366355482488871
forward_1,365.259,1440,1440,1.2909451723098755,8.422792434692383,-3.1415927410125732,3.1415927410125732,0.004366355482488871
forward_1,365.442,1440,1440,1.289514183998108,8.40552043914795,-3.1415927410125732,3.1415927410125732,0.004366355482488871
forward_1,365.622,1440,1440,1.2832568883895874,8.414318084716797,-3.1415927410125732,3.1415927410125732,0.004366355482488871
forward_1,365.802,1440,1440,1.2789814472198486,8.416109085083008,-3.1415927410125732,3.1415927410125732,0.004366355482488871
forward_1,365.985,1440,1440,1.2856805324554443,8.427824020385742,-3.1415927410125732,3.1415927410125732,0.004366355482488871
forward_1,366.165,1440,1440,1.2815160751342773,8.406962394714355,-3.1415927410125732,3.1415927410125732,0.004366355482488871
forward_1,366.345,1440,1440,1.2865104675292969,8.413677215576172,-3.1415927410125732,3.1415927410125732,0.004366355482488871
forward_1,366.528,1440,1440,1.2772064208984375,8.398494720458984,-3.1415927410125732,3.1415927410125732,0.004366355482488871
forward_1,366.708,1440,1440,1.2894076108932495,8.432106018066406,-3.1415927410125732,3.1415927410125732,0.004366355482488871
forward_1,366.888,1440,1440,1.2759965658187866,8.407388687133789,-3.1415927410125732,3.1415927410125732,0.004366355482488871
forward_1,367.071,1440,1440,1.2752958536148071,8.413043022155762,-3.1415927410125732,3.1415927410125732,0.004366355482488871
forward_1,367.251,1440,1440,1.293615460395813,8.40865421295166,-3.1415927410125732,3.1415927410125732,0.004366355482488871
forward_1,367.431,1440,1440,1.2915890216827393,8.421231269836426,-3.1415927410125732,3.1415927410125732,0.004366355482488871
reset,367.614,1440,1440,1.271270513534546,8.408751487731934,-3.1415927410125732,3.1415927410125732,0.004366355482488871
reset,367.794,1440,1440,1.2868826389312744,8.391185760498047,-3.1415927410125732,3.1415927410125732,0.004366355482488871
reset,367.974,1440,1440,1.2878419160842896,8.426645278930664,-3.1415927410125732,3.1415927410125732,0.004366355482488871
reset,368.157,1440,1440,1.2896630764007568,8.421699523925781,-3.1415927410125732,3.1415927410125732,0.004366355482488871
reset,368.337,1440,1440,1.265716552734375,8.408750534057617,-3.1415927410125732,3.1415927410125732,0.004366355482488871
reset,368.517,1440,1440,1.285940408706665,8.41629695892334,-3.1415927410125732,3.1415927410125732,0.004366355482488871
reset,368.7,1440,1440,1.2822034358978271,8.422243118286133,-3.1415927410125732,3.1415927410125732,0.004366355482488871
reset,368.88,1440,1440,1.8825366497039795,9.194306373596191,-3.1415927410125732,3.1415927410125732,0.004366355482488871
reset,369.06,1440,1440,1.8771594762802124,9.176008224487305,-3.1415927410125732,3.1415927410125732,0.004366355482488871
reset,369.243,1440,1440,1.8769804239273071,9.163734436035156,-3.1415927410125732,3.1415927410125732,0.004366355482488871
reset,369.423,1440,1440,1.8773376941680908,9.160493850708008,-3.1415927410125732,3.1415927410125732,0.004366355482488871
reset,369.603,1440,1440,1.879469394683838,9.161825180053711,-3.1415927410125732,3.1415927410125732,0.004366355482488871
reset,369.786,1440,1440,1.880088210105896,9.174745559692383,-3.1415927410125732,3.1415927410125732,0.004366355482488871
reverse_1,369.966,1440,1440,1.8874123096466064,9.16203498840332,-3.1415927410125732,3.1415927410125732,0.004366355482488871
reverse_1,370.146,1440,1440,1.8821892738342285,9.178459167480469,-3.1415927410125732,3.1415927410125732,0.004366355482488871
reverse_1,370.329,1440,1440,1.8836618661880493,9.165953636169434,-3.1415927410125732,3.1415927410125732,0.004366355482488871
reverse_1,370.509,1440,1440,1.8811174631118774,9.158463478088379,-3.1415927410125732,3.1415927410125732,0.004366355482488871
reverse_1,370.689,1440,1440,1.8791117668151855,9.181665420532227,-3.1415927410125732,3.1415927410125732,0.004366355482488871
reverse_1,370.872,1440,1440,1.878049373626709,9.184793472290039,-3.1415927410125732,3.1415927410125732,0.004366355482488871
reverse_1,371.052,1440,1440,1.884655475616455,9.171448707580566,-3.1415927410125732,3.1415927410125732,0.004366355482488871
reverse_1,371.232,1440,1440,1.8800028562545776,9.196003913879395,-3.1415927410125732,3.1415927410125732,0.004366355482488871
reverse_1,371.415,1440,1440,1.8734816312789917,9.19787883758545,-3.1415927410125732,3.1415927410125732,0.004366355482488871
reverse_1,371.595,1440,1440,1.8748210668563843,9.2401704788208,-3.1415927410125732,3.1415927410125732,0.004366355482488871
reverse_1,371.775,1440,1440,1.8798232078552246,9.25698471069336,-3.1415927410125732,3.1415927410125732,0.004366355482488871
reverse_1,371.958,1440,1440,1.8776112794876099,9.295390129089355,-3.1415927410125732,3.1415927410125732,0.004366355482488871
reverse_1,372.138,1440,1440,1.8786438703536987,9.331524848937988,-3.1415927410125732,3.1415927410125732,0.004366355482488871
reverse_1,372.318,1440,1440,1.8831241130828857,9.361091613769531,-3.1415927410125732,3.1415927410125732,0.004366355482488871
reverse_1,372.501,1440,1440,1.8810335397720337,9.388164520263672,-3.1415927410125732,3.1415927410125732,0.004366355482488871
reverse_1,372.681,1440,1440,1.8871515989303589,9.433317184448242,-3.1415927410125732,3.1415927410125732,0.004366355482488871
reverse_1,372.861,1440,1440,1.8845016956329346,9.466423988342285,-3.1415927410125732,3.1415927410125732,0.004366355482488871
reverse_1,373.044,1440,1440,1.8834054470062256,9.499655723571777,-3.1415927410125732,3.1415927410125732,0.004366355482488871
reverse_1,373.224,1440,1440,1.885270118713379,9.539790153503418,-3.1415927410125732,3.1415927410125732,0.004366355482488871
reverse_1,373.404,1440,1440,1.8853991031646729,9.549247741699219,-3.1415927410125732,3.1415927410125732,0.004366355482488871
reverse_1,373.587,1440,1440,1.8808504343032837,9.595245361328125,-3.1415927410125732,3.1415927410125732,0.004366355482488871
reverse_1,373.767,1440,1440,1.8743380308151245,9.6057710647583,-3.1415927410125732,3.1415927410125732,0.004366355482488871
reverse_1,373.947,1440,1440,1.8797383308410645,9.642815589904785,-3.1415927410125732,3.1415927410125732,0.004366355482488871
reverse_1,374.13,1440,1440,1.8808355331420898,9.691879272460938,-3.1415927410125732,3.1415927410125732,0.004366355482488871
reverse_1,374.31,1440,1440,1.8857457637786865,9.718988418579102,-3.1415927410125732,3.1415927410125732,0.004366355482488871
reverse_1,374.49,1440,1440,1.8833316564559937,9.751925468444824,-3.1415927410125732,3.1415927410125732,0.004366355482488871
reverse_1,374.673,1440,1440,1.8843090534210205,9.805305480957031,-3.1415927410125732,3.1415927410125732,0.004366355482488871
reverse_1,374.853,1440,1440,1.8726532459259033,9.820209503173828,-3.1415927410125732,3.1415927410125732,0.004366355482488871
reverse_1,375.033,1440,1440,1.8770594596862793,9.84579086303711,-3.1415927410125732,3.1415927410125732,0.004366355482488871
reverse_1,375.216,1440,1440,1.8835159540176392,9.896744728088379,-3.1415927410125732,3.1415927410125732,0.004366355482488871
reverse_1,375.396,1440,1440,1.8765995502471924,9.925436973571777,-3.1415927410125732,3.1415927410125732,0.004366355482488871
reverse_1,375.576,1440,1440,1.874061942100525,9.960182189941406,-3.1415927410125732,3.1415927410125732,0.004366355482488871
reverse_1,375.759,1440,1440,1.8848649263381958,10.00306510925293,-3.1415927410125732,3.1415927410125732,0.004366355482488871
reverse_1,375.939,1440,1440,1.8800281286239624,10.024106979370117,-3.1415927410125732,3.1415927410125732,0.004366355482488871
reverse_1,376.119,1440,1440,1.8777432441711426,10.063949584960938,-3.1415927410125732,3.1415927410125732,0.004366355482488871
reverse_1,376.302,1440,1440,1.8825582265853882,10.066971778869629,-3.1415927410125732,3.1415927410125732,0.004366355482488871
reverse_1,376.482,1440,1440,1.8685920238494873,10.082966804504395,-3.1415927410125732,3.1415927410125732,0.004366355482488871
reverse_1,376.662,1440,1440,1.8641644716262817,10.08981704711914,-3.1415927410125732,3.1415927410125732,0.004366355482488871
reverse_1,376.845,1440,1440,1.8606829643249512,10.090353012084961,-3.1415927410125732,3.1415927410125732,0.004366355482488871
reverse_1,377.025,1440,1440,1.8629443645477295,10.105748176574707,-3.1415927410125732,3.1415927410125732,0.004366355482488871
reverse_1,377.205,1440,1440,1.8695359230041504,10.102108001708984,-3.1415927410125732,3.1415927410125732,0.004366355482488871
reverse_1,377.388,1440,1440,1.8668309450149536,10.096051216125488,-3.1415927410125732,3.1415927410125732,0.004366355482488871
reverse_1,377.568,1440,1440,1.871532678604126,10.089678764343262,-3.1415927410125732,3.1415927410125732,0.004366355482488871
reverse_1,377.748,1440,1440,1.863817811012268,10.107157707214355,-3.1415927410125732,3.1415927410125732,0.004366355482488871
reverse_1,377.931,1440,1440,1.871648907661438,10.087189674377441,-3.1415927410125732,3.1415927410125732,0.004366355482488871
reverse_1,378.111,1440,1440,1.8695013523101807,10.096883773803711,-3.1415927410125732,3.1415927410125732,0.004366355482488871
reverse_1,378.291,1440,1440,1.871206283569336,10.1051664352417,-3.1415927410125732,3.1415927410125732,0.004366355482488871
reverse_1,378.474,1440,1440,1.870308756828308,10.093822479248047,-3.1415927410125732,3.1415927410125732,0.004366355482488871
reverse_1,378.654,1440,1440,1.8624638319015503,10.103107452392578,-3.1415927410125732,3.1415927410125732,0.004366355482488871
reverse_1,378.834,1440,1440,1.868186354637146,10.097888946533203,-3.1415927410125732,3.1415927410125732,0.004366355482488871
reset,379.017,1440,1440,1.8647819757461548,10.097013473510742,-3.1415927410125732,3.1415927410125732,0.004366355482488871
reset,379.197,1440,1440,1.8640140295028687,10.097902297973633,-3.1415927410125732,3.1415927410125732,0.004366355482488871
reset,379.377,1440,1440,1.8694405555725098,10.085402488708496,-3.1415927410125732,3.1415927410125732,0.004366355482488871
reset,379.56,1440,1440,1.8605893850326538,10.089548110961914,-3.1415927410125732,3.1415927410125732,0.004366355482488871
reset,379.74,1440,1440,1.8713990449905396,10.096833229064941,-3.1415927410125732,3.1415927410125732,0.004366355482488871
reset,379.92,1440,1440,1.8664201498031616,10.09048843383789,-3.1415927410125732,3.1415927410125732,0.004366355482488871
reset,380.103,1440,1440,1.8691049814224243,10.093206405639648,-3.1415927410125732,3.1415927410125732,0.004366355482488871
reset,380.283,1440,1440,1.8846288919448853,9.175320625305176,-3.1415927410125732,3.1415927410125732,0.004366355482488871
reset,380.463,1440,1440,1.8783873319625854,9.181574821472168,-3.1415927410125732,3.1415927410125732,0.004366355482488871
reset,380.646,1440,1440,1.873957872390747,9.175071716308594,-3.1415927410125732,3.1415927410125732,0.004366355482488871
reset,380.826,1440,1440,1.879716396331787,9.17016887664795,-3.1415927410125732,3.1415927410125732,0.004366355482488871
reset,381.006,1440,1440,1.884792685508728,9.18143081665039,-3.1415927410125732,3.1415927410125732,0.004366355482488871
reset,381.189,1440,1440,1.8793208599090576,9.157428741455078,-3.1415927410125732,3.1415927410125732,0.004366355482488871
reset,381.369,1440,1440,1.8745856285095215,9.173710823059082,-3.1415927410125732,3.1415927410125732,0.004366355482488871
pivot_ccw_1,381.549,1440,1440,1.8800227642059326,9.183696746826172,-3.1415927410125732,3.1415927410125732,0.004366355482488871
pivot_ccw_1,381.732,1440,1440,1.8728684186935425,9.168094635009766,-3.1415927410125732,3.1415927410125732,0.004366355482488871
pivot_ccw_1,381.912,1440,1440,1.8828999996185303,9.164921760559082,-3.1415927410125732,3.1415927410125732,0.004366355482488871
pivot_ccw_1,382.092,1440,1440,1.8862035274505615,9.184869766235352,-3.1415927410125732,3.1415927410125732,0.004366355482488871
pivot_ccw_1,382.275,1440,1440,1.8762397766113281,9.17784595489502,-3.1415927410125732,3.1415927410125732,0.004366355482488871
pivot_ccw_1,382.455,1440,1440,1.888257622718811,9.166852951049805,-3.1415927410125732,3.1415927410125732,0.004366355482488871
pivot_ccw_1,382.635,1440,1440,1.8817857503890991,9.172571182250977,-3.1415927410125732,3.1415927410125732,0.004366355482488871
pivot_ccw_1,382.818,1440,1440,1.8829184770584106,9.180282592773438,-3.1415927410125732,3.1415927410125732,0.004366355482488871
pivot_ccw_1,382.998,1440,1440,1.8772335052490234,9.165209770202637,-3.1415927410125732,3.1415927410125732,0.004366355482488871
pivot_ccw_1,383.178,1440,1440,1.8836270570755005,9.166339874267578,-3.1415927410125732,3.1415927410125732,0.004366355482488871
pivot_ccw_1,383.361,1440,1440,1.8704404830932617,9.185083389282227,-3.1415927410125732,3.1415927410125732,0.004366355482488871
pivot_ccw_1,383.541,1440,1440,1.876921534538269,9.169825553894043,-3.1415927410125732,3.1415927410125732,0.004366355482488871
pivot_ccw_1,383.721,1440,1440,1.8799480199813843,9.179695129394531,-3.1415927410125732,3.1415927410125732,0.004366355482488871
pivot_ccw_1,383.904,1440,1440,1.8737083673477173,9.164610862731934,-3.1415927410125732,3.1415927410125732,0.004366355482488871
pivot_ccw_1,384.084,1440,1440,1.8797657489776611,9.177700996398926,-3.1415927410125732,3.1415927410125732,0.004366355482488871
pivot_ccw_1,384.264,1440,1440,1.875319480895996,9.187191009521484,-3.1415927410125732,3.1415927410125732,0.004366355482488871
pivot_ccw_1,384.447,1440,1440,1.8613299131393433,9.168931007385254,-3.1415927410125732,3.1415927410125732,0.004366355482488871
pivot_ccw_1,384.627,1440,1440,1.8881056308746338,9.166596412658691,-3.1415927410125732,3.1415927410125732,0.004366355482488871
pivot_ccw_1,384.807,1440,1440,1.8758493661880493,9.158832550048828,-3.1415927410125732,3.1415927410125732,0.004366355482488871
pivot_ccw_1,384.99,1440,1440,1.8765112161636353,9.166027069091797,-3.1415927410125732,3.1415927410125732,0.004366355482488871
pivot_ccw_1,385.17,1440,1440,1.8781440258026123,9.162562370300293,-3.1415927410125732,3.1415927410125732,0.004366355482488871
pivot_ccw_1,385.35,1440,1440,1.8820221424102783,9.182920455932617,-3.1415927410125732,3.1415927410125732,0.004366355482488871
pivot_ccw_1,385.533,1440,1440,1.8777046203613281,9.17758846282959,-3.1415927410125732,3.1415927410125732,0.004366355482488871
pivot_ccw_1,385.713,1440,1440,1.8793697357177734,9.183804512023926,-3.1415927410125732,3.1415927410125732,0.004366355482488871
pivot_ccw_1,385.893,1440,1440,1.8823691606521606,9.175647735595703,-3.1415927410125732,3.1415927410125732,0.004366355482488871
pivot_ccw_1,386.076,1440,1440,1.8831034898757935,9.16771411895752,-3.1415927410125732,3.1415927410125732,0.004366355482488871
pivot_ccw_1,386.256,1440,1440,1.8814033269882202,9.160185813903809,-3.1415927410125732,3.1415927410125732,0.004366355482488871
pivot_ccw_1,386.436,1440,1440,1.8870182037353516,9.161164283752441,-3.1415927410125732,3.1415927410125732,0.004366355482488871
pivot_ccw_1,386.619,1440,1440,1.8714499473571777,9.168060302734375,-3.1415927410125732,3.1415927410125732,0.004366355482488871
pivot_ccw_1,386.799,1440,1440,1.8758111000061035,9.170358657836914,-3.1415927410125732,3.1415927410125732,0.004366355482488871
pivot_ccw_1,386.979,1440,1440,1.8769949674606323,9.16278076171875,-3.1415927410125732,3.1415927410125732,0.004366355482488871
pivot_ccw_1,387.162,1440,1440,1.8820013999938965,9.179727554321289,-3.1415927410125732,3.1415927410125732,0.004366355482488871
pivot_ccw_1,387.342,1440,1440,1.888485074043274,9.159159660339355,-3.1415927410125732,3.1415927410125732,0.004366355482488871
pivot_ccw_1,387.522,1440,1440,1.8772354125976562,9.171395301818848,-3.1415927410125732,3.1415927410125732,0.004366355482488871
pivot_ccw_1,387.705,1440,1440,1.883771300315857,9.178577423095703,-3.1415927410125732,3.1415927410125732,0.004366355482488871
pivot_ccw_1,387.885,1440,1440,1.8845669031143188,9.171660423278809,-3.1415927410125732,3.1415927410125732,0.004366355482488871
pivot_ccw_1,388.065,1440,1440,1.8715115785598755,9.183940887451172,-3.1415927410125732,3.1415927410125732,0.004366355482488871
pivot_ccw_1,388.248,1440,1440,1.8773272037506104,9.177842140197754,-3.1415927410125732,3.1415927410125732,0.004366355482488871
pivot_ccw_1,388.428,1440,1440,1.8847216367721558,9.171631813049316,-3.1415927410125732,3.1415927410125732,0.004366355482488871
pivot_ccw_1,388.608,1440,1440,1.8767410516738892,9.168975830078125,-3.1415927410125732,3.1415927410125732,0.004366355482488871
pivot_ccw_1,388.791,1440,1440,1.8721752166748047,9.189306259155273,-3.1415927410125732,3.1415927410125732,0.004366355482488871
pivot_ccw_1,388.971,1440,1440,1.876320242881775,9.177513122558594,-3.1415927410125732,3.1415927410125732,0.004366355482488871
pivot_ccw_1,389.151,1440,1440,1.874380111694336,9.185489654541016,-3.1415927410125732,3.1415927410125732,0.004366355482488871
pivot_ccw_1,389.334,1440,1440,1.8837231397628784,9.1743803024292,-3.1415927410125732,3.1415927410125732,0.004366355482488871
pivot_ccw_1,389.514,1440,1440,1.8869984149932861,9.182464599609375,-3.1415927410125732,3.1415927410125732,0.004366355482488871
pivot_ccw_1,389.694,1440,1440,1.8772021532058716,9.188348770141602,-3.1415927410125732,3.1415927410125732,0.004366355482488871
pivot_ccw_1,389.877,1440,1440,1.8828048706054688,9.187590599060059,-3.1415927410125732,3.1415927410125732,0.004366355482488871
pivot_ccw_1,390.057,1440,1440,1.8864320516586304,9.16015338897705,-3.1415927410125732,3.1415927410125732,0.004366355482488871
pivot_ccw_1,390.237,1440,1440,1.889151930809021,9.16598129272461,-3.1415927410125732,3.1415927410125732,0.004366355482488871
pivot_ccw_1,390.42,1440,1440,1.8809226751327515,9.180691719055176,-3.1415927410125732,3.1415927410125732,0.004366355482488871
reset,390.6,1440,1440,1.8836350440979004,9.173951148986816,-3.1415927410125732,3.1415927410125732,0.004366355482488871
reset,390.78,1440,1440,1.8737362623214722,9.17513370513916,-3.1415927410125732,3.1415927410125732,0.004366355482488871
reset,390.963,1440,1440,1.8867311477661133,9.184203147888184,-3.1415927410125732,3.1415927410125732,0.004366355482488871
reset,391.143,1440,1440,1.8771909475326538,9.180062294006348,-3.1415927410125732,3.1415927410125732,0.004366355482488871
reset,391.323,1440,1440,1.8796629905700684,9.188385009765625,-3.1415927410125732,3.1415927410125732,0.004366355482488871
reset,391.506,1440,1440,1.882870078086853,9.1748628616333,-3.1415927410125732,3.1415927410125732,0.004366355482488871
reset,391.686,1440,1440,1.879867672920227,9.179434776306152,-3.1415927410125732,3.1415927410125732,0.004366355482488871
reset,391.866,1440,1440,1.8737114667892456,9.169002532958984,-3.1415927410125732,3.1415927410125732,0.004366355482488871
reset,392.049,1440,1440,1.8721896409988403,9.168831825256348,-3.1415927410125732,3.1415927410125732,0.004366355482488871
reset,392.229,1440,1440,1.8738831281661987,9.169403076171875,-3.1415927410125732,3.1415927410125732,0.004366355482488871
reset,392.409,1440,1440,1.8796167373657227,9.190659523010254,-3.1415927410125732,3.1415927410125732,0.004366355482488871
reset,392.592,1440,1440,1.8740531206130981,9.166582107543945,-3.1415927410125732,3.1415927410125732,0.004366355482488871
reset,392.772,1440,1440,1.8850926160812378,9.170099258422852,-3.1415927410125732,3.1415927410125732,0.004366355482488871
reset,392.952,1440,1440,1.8803095817565918,9.1717529296875,-3.1415927410125732,3.1415927410125732,0.004366355482488871
pivot_cw_1,393.135,1440,1440,1.8851648569107056,9.174294471740723,-3.1415927410125732,3.1415927410125732,0.004366355482488871
pivot_cw_1,393.315,1440,1440,1.88246488571167,9.171481132507324,-3.1415927410125732,3.1415927410125732,0.004366355482488871
pivot_cw_1,393.495,1440,1440,1.8724828958511353,9.165229797363281,-3.1415927410125732,3.1415927410125732,0.004366355482488871
pivot_cw_1,393.678,1440,1440,1.8834600448608398,9.178268432617188,-3.1415927410125732,3.1415927410125732,0.004366355482488871
pivot_cw_1,393.858,1440,1440,1.8788236379623413,9.167476654052734,-3.1415927410125732,3.1415927410125732,0.004366355482488871
pivot_cw_1,394.038,1440,1440,1.8804861307144165,9.179924964904785,-3.1415927410125732,3.1415927410125732,0.004366355482488871
pivot_cw_1,394.221,1440,1440,1.883065938949585,9.166915893554688,-3.1415927410125732,3.1415927410125732,0.004366355482488871
pivot_cw_1,394.401,1440,1440,1.8812909126281738,9.168188095092773,-3.1415927410125732,3.1415927410125732,0.004366355482488871
pivot_cw_1,394.581,1440,1440,1.8810797929763794,9.180002212524414,-3.1415927410125732,3.1415927410125732,0.004366355482488871
pivot_cw_1,394.764,1440,1440,1.8753788471221924,9.158388137817383,-3.1415927410125732,3.1415927410125732,0.004366355482488871
pivot_cw_1,394.944,1440,1440,1.8826006650924683,9.167119026184082,-3.1415927410125732,3.1415927410125732,0.004366355482488871
pivot_cw_1,395.124,1440,1440,1.8720353841781616,9.174223899841309,-3.1415927410125732,3.1415927410125732,0.004366355482488871
pivot_cw_1,395.307,1440,1440,1.8828517198562622,9.175212860107422,-3.1415927410125732,3.1415927410125732,0.004366355482488871
pivot_cw_1,395.487,1440,1440,1.8827396631240845,9.176605224609375,-3.1415927410125732,3.1415927410125732,0.004366355482488871
pivot_cw_1,395.667,1440,1440,1.8824877738952637,9.167388916015625,-3.1415927410125732,3.1415927410125732,0.004366355482488871
pivot_cw_1,395.85,1440,1440,1.8765199184417725,9.166893005371094,-3.1415927410125732,3.1415927410125732,0.004366355482488871
pivot_cw_1,396.03,1440,1440,1.8783780336380005,9.185744285583496,-3.1415927410125732,3.1415927410125732,0.004366355482488871
pivot_cw_1,396.21,1440,1440,1.8771038055419922,9.182244300842285,-3.1415927410125732,3.1415927410125732,0.004366355482488871
pivot_cw_1,396.393,1440,1440,1.8816324472427368,9.16748046875,-3.1415927410125732,3.1415927410125732,0.004366355482488871
pivot_cw_1,396.573,1440,1440,1.8812429904937744,9.166457176208496,-3.1415927410125732,3.1415927410125732,0.004366355482488871
pivot_cw_1,396.753,1440,1440,1.8770051002502441,9.180898666381836,-3.1415927410125732,3.1415927410125732,0.004366355482488871
pivot_cw_1,396.936,1440,1440,1.8822063207626343,9.172675132751465,-3.1415927410125732,3.1415927410125732,0.004366355482488871
pivot_cw_1,397.116,1440,1440,1.868679404258728,9.168816566467285,-3.1415927410125732,3.1415927410125732,0.004366355482488871
pivot_cw_1,397.296,1440,1440,1.8799070119857788,9.154995918273926,-3.1415927410125732,3.1415927410125732,0.004366355482488871
pivot_cw_1,397.479,1440,1440,1.8832957744598389,9.172897338867188,-3.1415927410125732,3.1415927410125732,0.004366355482488871
pivot_cw_1,397.659,1440,1440,1.8810830116271973,9.178504943847656,-3.1415927410125732,3.1415927410125732,0.004366355482488871
pivot_cw_1,397.839,1440,1440,1.8738822937011719,9.17067813873291,-3.1415927410125732,3.1415927410125732,0.004366355482488871
pivot_cw_1,398.022,1440,1440,1.8814458847045898,9.177767753601074,-3.1415927410125732,3.1415927410125732,0.004366355482488871
pivot_cw_1,398.202,1440,1440,1.8791347742080688,9.166630744934082,-3.1415927410125732,3.1415927410125732,0.004366355482488871
pivot_cw_1,398.382,1440,1440,1.8831489086151123,9.175880432128906,-3.1415927410125732,3.1415927410125732,0.004366355482488871
pivot_cw_1,398.565,1440,1440,1.8873990774154663,9.171394348144531,-3.1415927410125732,3.1415927410125732,0.004366355482488871
pivot_cw_1,398.745,1440,1440,1.8778839111328125,9.173263549804688,-3.1415927410125732,3.1415927410125732,0.004366355482488871
pivot_cw_1,398.925,1440,1440,1.8818145990371704,9.16973876953125,-3.1415927410125732,3.1415927410125732,0.004366355482488871
pivot_cw_1,399.108,1440,1440,1.872604489326477,9.16274642944336,-3.1415927410125732,3.1415927410125732,0.004366355482488871
pivot_cw_1,399.288,1440,1440,1.880120038986206,9.17734146118164,-3.1415927410125732,3.1415927410125732,0.004366355482488871
pivot_cw_1,399.468,1440,1440,1.8769254684448242,9.164320945739746,-3.1415927410125732,3.1415927410125732,0.004366355482488871
pivot_cw_1,399.651,1440,1440,1.8890177011489868,9.154486656188965,-3.1415927410125732,3.1415927410125732,0.004366355482488871
pivot_cw_1,399.831,1440,1440,1.884261131286621,9.161443710327148,-3.1415927410125732,3.1415927410125732,0.004366355482488871
pivot_cw_1,400.011,1440,1440,1.8802679777145386,9.177277565002441,-3.1415927410125732,3.1415927410125732,0.004366355482488871
pivot_cw_1,400.194,1440,1440,1.8826303482055664,9.16003704071045,-3.1415927410125732,3.1415927410125732,0.004366355482488871
pivot_cw_1,400.374,1440,1440,1.8798651695251465,9.153302192687988,-3.1415927410125732,3.1415927410125732,0.004366355482488871
pivot_cw_1,400.554,1440,1440,1.880537748336792,9.170624732971191,-3.1415927410125732,3.1415927410125732,0.004366355482488871
pivot_cw_1,400.737,1440,1440,1.8742356300354004,9.154335021972656,-3.1415927410125732,3.1415927410125732,0.004366355482488871
pivot_cw_1,400.917,1440,1440,1.8768657445907593,9.16958999633789,-3.1415927410125732,3.1415927410125732,0.004366355482488871
pivot_cw_1,401.097,1440,1440,1.8854910135269165,9.16352653503418,-3.1415927410125732,3.1415927410125732,0.004366355482488871
pivot_cw_1,401.28,1440,1440,1.8872630596160889,9.146145820617676,-3.1415927410125732,3.1415927410125732,0.004366355482488871
pivot_cw_1,401.46,1440,1440,1.877164602279663,9.154269218444824,-3.1415927410125732,3.1415927410125732,0.004366355482488871
pivot_cw_1,401.64,1440,1440,1.8762558698654175,9.151707649230957,-3.1415927410125732,3.1415927410125732,0.004366355482488871
pivot_cw_1,401.823,1440,1440,1.886156439781189,9.168086051940918,-3.1415927410125732,3.1415927410125732,0.004366355482488871
reset,402.003,1440,1440,1.8786684274673462,9.137001991271973,-3.1415927410125732,3.1415927410125732,0.004366355482488871
reset,402.183,1440,1440,1.872712254524231,9.188944816589355,-3.1415927410125732,3.1415927410125732,0.004366355482488871
reset,402.366,1440,1440,1.8778663873672485,9.156761169433594,-3.1415927410125732,3.1415927410125732,0.004366355482488871
reset,402.546,1440,1440,1.8798741102218628,9.167784690856934,-3.1415927410125732,3.1415927410125732,0.004366355482488871
reset,402.726,1440,1440,1.8758552074432373,9.170588493347168,-3.1415927410125732,3.1415927410125732,0.004366355482488871
reset,402.909,1440,1440,1.8803530931472778,9.175138473510742,-3.1415927410125732,3.1415927410125732,0.004366355482488871
reset,403.089,1440,1440,1.8786461353302002,9.164464950561523,-3.1415927410125732,3.1415927410125732,0.004366355482488871
reset,403.269,1440,1440,1.8723607063293457,9.189146995544434,-3.1415927410125732,3.1415927410125732,0.004366355482488871
reset,403.452,1440,1440,1.8819857835769653,9.172995567321777,-3.1415927410125732,3.1415927410125732,0.004366355482488871
reset,403.632,1440,1440,1.876224398612976,9.18479061126709,-3.1415927410125732,3.1415927410125732,0.004366355482488871
reset,403.812,1440,1440,1.8807873725891113,9.164474487304688,-3.1415927410125732,3.1415927410125732,0.004366355482488871
reset,403.995,1440,1440,1.883567214012146,9.174788475036621,-3.1415927410125732,3.1415927410125732,0.004366355482488871
reset,404.175,1440,1440,1.886218547821045,9.168176651000977,-3.1415927410125732,3.1415927410125732,0.004366355482488871
reset,404.355,1440,1440,1.880971908569336,9.179195404052734,-3.1415927410125732,3.1415927410125732,0.004366355482488871
arc_left_1,404.538,1440,1440,1.885606050491333,9.16806697845459,-3.1415927410125732,3.1415927410125732,0.004366355482488871
arc_left_1,404.718,1440,1440,1.8785508871078491,9.189300537109375,-3.1415927410125732,3.1415927410125732,0.004366355482488871
arc_left_1,404.898,1440,1440,1.8804261684417725,9.167054176330566,-3.1415927410125732,3.1415927410125732,0.004366355482488871
arc_left_1,405.081,1440,1440,1.8835772275924683,9.169282913208008,-3.1415927410125732,3.1415927410125732,0.004366355482488871
arc_left_1,405.261,1440,1440,1.8860902786254883,9.183409690856934,-3.1415927410125732,3.1415927410125732,0.004366355482488871
arc_left_1,405.441,1440,1440,1.879104495048523,9.167730331420898,-3.1415927410125732,3.1415927410125732,0.004366355482488871
arc_left_1,405.624,1440,1440,1.8811581134796143,9.173408508300781,-3.1415927410125732,3.1415927410125732,0.004366355482488871
arc_left_1,405.804,1440,1440,1.8777941465377808,9.16896915435791,-3.1415927410125732,3.1415927410125732,0.004366355482488871
arc_left_1,405.984,1440,1440,1.8776987791061401,9.13464069366455,-3.1415927410125732,3.1415927410125732,0.004366355482488871
arc_left_1,406.167,1440,1440,1.8842190504074097,9.105193138122559,-3.1415927410125732,3.1415927410125732,0.004366355482488871
arc_left_1,406.347,1440,1440,1.8934259414672852,9.096071243286133,-3.1415927410125732,3.1415927410125732,0.004366355482488871
arc_left_1,406.527,1440,1440,1.8949016332626343,9.050869941711426,-3.1415927410125732,3.1415927410125732,0.004366355482488871
arc_left_1,406.71,1440,1440,1.8968931436538696,9.024870872497559,-3.1415927410125732,3.1415927410125732,0.004366355482488871
arc_left_1,406.89,1440,1440,1.9108563661575317,8.99485969543457,-3.1415927410125732,3.1415927410125732,0.004366355482488871
arc_left_1,407.07,1440,1440,1.9158754348754883,8.970934867858887,-3.1415927410125732,3.1415927410125732,0.004366355482488871
arc_left_1,407.253,1440,1440,1.9264315366744995,8.947203636169434,-3.1415927410125732,3.1415927410125732,0.004366355482488871
arc_left_1,407.433,1440,1440,1.8945858478546143,8.927020072937012,-3.1415927410125732,3.1415927410125732,0.004366355482488871
arc_left_1,407.613,1440,1440,1.8712074756622314,8.897073745727539,-3.1415927410125732,3.1415927410125732,0.004366355482488871
arc_left_1,407.796,1440,1440,1.8420653343200684,8.859177589416504,-3.1415927410125732,3.1415927410125732,0.004366355482488871
arc_left_1,407.976,1440,1440,1.8150802850723267,8.815767288208008,-3.1415927410125732,3.1415927410125732,0.004366355482488871
arc_left_1,408.156,1440,1440,1.7960342168807983,8.808809280395508,-3.1415927410125732,3.1415927410125732,0.004366355482488871
arc_left_1,408.339,1440,1440,1.7620868682861328,8.781785011291504,-3.1415927410125732,3.1415927410125732,0.004366355482488871
arc_left_1,408.519,1440,1440,1.743392825126648,8.765886306762695,-3.1415927410125732,3.1415927410125732,0.004366355482488871
arc_left_1,408.699,1440,1440,1.7203705310821533,8.75087833404541,-3.1415927410125732,3.1415927410125732,0.004366355482488871
arc_left_1,408.882,1440,1440,1.695737600326538,8.74161434173584,-3.1415927410125732,3.1415927410125732,0.004366355482488871
arc_left_1,409.062,1440,1440,1.6673378944396973,8.742269515991211,-3.1415927410125732,3.1415927410125732,0.004366355482488871
arc_left_1,409.242,1440,1440,1.6583536863327026,8.741402626037598,-3.1415927410125732,3.1415927410125732,0.004366355482488871
arc_left_1,409.425,1440,1440,1.6228961944580078,8.712465286254883,-3.1415927410125732,3.1415927410125732,0.004366355482488871
arc_left_1,409.605,1440,1440,1.6150404214859009,8.723823547363281,-3.1415927410125732,3.1415927410125732,0.004366355482488871
arc_left_1,409.785,1440,1440,1.5947375297546387,8.726362228393555,-3.1415927410125732,3.1415927410125732,0.004366355482488871
arc_left_1,409.968,1440,1440,1.5879449844360352,8.712201118469238,-3.1415927410125732,3.1415927410125732,0.004366355482488871
arc_left_1,410.148,1440,1440,1.562684178352356,8.737451553344727,-3.1415927410125732,3.1415927410125732,0.004366355482488871
arc_left_1,410.328,1440,1440,1.5542385578155518,8.705889701843262,-3.1415927410125732,3.1415927410125732,0.004366355482488871
arc_left_1,410.511,1440,1440,1.5385810136795044,8.720739364624023,-3.1415927410125732,3.1415927410125732,0.004366355482488871
arc_left_1,410.691,1440,1440,1.5326985120773315,8.733979225158691,-3.1415927410125732,3.1415927410125732,0.004366355482488871
arc_left_1,410.871,1440,1440,1.5287384986877441,8.735523223876953,-3.1415927410125732,3.1415927410125732,0.004366355482488871
arc_left_1,411.054,1440,1440,1.5063694715499878,8.726591110229492,-3.1415927410125732,3.1415927410125732,0.004366355482488871
arc_left_1,411.234,1440,1440,1.5198813676834106,8.744546890258789,-3.1415927410125732,3.1415927410125732,0.004366355482488871
arc_left_1,411.414,1440,1440,1.508737325668335,8.755249977111816,-3.1415927410125732,3.1415927410125732,0.004366355482488871
arc_left_1,411.597,1440,1440,1.5065057277679443,8.76325511932373,-3.1415927410125732,3.1415927410125732,0.004366355482488871
arc_left_1,411.777,1440,1440,1.5228757858276367,8.77411937713623,-3.1415927410125732,3.1415927410125732,0.004366355482488871
arc_left_1,411.957,1440,1440,1.5097466707229614,8.78381061553955,-3.1415927410125732,3.1415927410125732,0.004366355482488871
arc_left_1,412.14,1440,1440,1.5111994743347168,8.767157554626465,-3.1415927410125732,3.1415927410125732,0.004366355482488871
arc_left_1,412.32,1440,1440,1.5095129013061523,8.785900115966797,-3.1415927410125732,3.1415927410125732,0.004366355482488871
arc_left_1,412.5,1440,1440,1.512021780014038,8.770927429199219,-3.1415927410125732,3.1415927410125732,0.004366355482488871
arc_left_1,412.683,1440,1440,1.5229758024215698,8.781765937805176,-3.1415927410125732,3.1415927410125732,0.004366355482488871
arc_left_1,412.863,1440,1440,1.5154407024383545,8.776238441467285,-3.1415927410125732,3.1415927410125732,0.004366355482488871
arc_left_1,413.043,1440,1440,1.5082701444625854,8.770101547241211,-3.1415927410125732,3.1415927410125732,0.004366355482488871
arc_left_1,413.226,1440,1440,1.4897714853286743,8.781720161437988,-3.1415927410125732,3.1415927410125732,0.004366355482488871
arc_left_1,413.406,1440,1440,1.5083110332489014,8.767763137817383,-3.1415927410125732,3.1415927410125732,0.004366355482488871
arc_left_1,413.586,1440,1440,1.5086860656738281,8.771620750427246,-3.1415927410125732,3.1415927410125732,0.004366355482488871
arc_left_1,413.769,1440,1440,1.5255948305130005,8.776954650878906,-3.1415927410125732,3.1415927410125732,0.004366355482488871
arc_left_1,413.949,1440,1440,1.5041152238845825,8.775548934936523,-3.1415927410125732,3.1415927410125732,0.004366355482488871
arc_left_1,414.129,1440,1440,1.5161421298980713,8.794326782226562,-3.1415927410125732,3.1415927410125732,0.004366355482488871
arc_left_1,414.312,1440,1440,1.5181316137313843,8.774367332458496,-3.1415927410125732,3.1415927410125732,0.004366355482488871
arc_left_1,414.492,1440,1440,1.517543077468872,8.785256385803223,-3.1415927410125732,3.1415927410125732,0.004366355482488871
reset,414.672,1440,1440,1.5111984014511108,8.778063774108887,-3.1415927410125732,3.1415927410125732,0.004366355482488871
reset,414.855,1440,1440,1.5100198984146118,8.770872116088867,-3.1415927410125732,3.1415927410125732,0.004366355482488871
reset,415.035,1440,1440,1.5030709505081177,8.776183128356934,-3.1415927410125732,3.1415927410125732,0.004366355482488871
reset,415.215,1440,1440,1.5169976949691772,8.763355255126953,-3.1415927410125732,3.1415927410125732,0.004366355482488871
reset,415.398,1440,1440,1.5088576078414917,8.78033447265625,-3.1415927410125732,3.1415927410125732,0.004366355482488871
reset,415.578,1440,1440,1.5085481405258179,8.769674301147461,-3.1415927410125732,3.1415927410125732,0.004366355482488871
reset,415.758,1440,1440,1.8755966424942017,9.151338577270508,-3.1415927410125732,3.1415927410125732,0.004366355482488871
reset,415.941,1440,1440,1.8865607976913452,9.167218208312988,-3.1415927410125732,3.1415927410125732,0.004366355482488871
reset,416.121,1440,1440,1.875717043876648,9.169200897216797,-3.1415927410125732,3.1415927410125732,0.004366355482488871
reset,416.301,1440,1440,1.8866380453109741,9.184749603271484,-3.1415927410125732,3.1415927410125732,0.004366355482488871
reset,416.484,1440,1440,1.8841214179992676,9.172904014587402,-3.1415927410125732,3.1415927410125732,0.004366355482488871
reset,416.664,1440,1440,1.8786941766738892,9.17418098449707,-3.1415927410125732,3.1415927410125732,0.004366355482488871
reset,416.844,1440,1440,1.8864941596984863,9.176063537597656,-3.1415927410125732,3.1415927410125732,0.004366355482488871
arc_right_1,417.027,1440,1440,1.8786745071411133,9.184002876281738,-3.1415927410125732,3.1415927410125732,0.004366355482488871
arc_right_1,417.207,1440,1440,1.8710715770721436,9.1622896194458,-3.1415927410125732,3.1415927410125732,0.004366355482488871
arc_right_1,417.387,1440,1440,1.8734885454177856,9.185049057006836,-3.1415927410125732,3.1415927410125732,0.004366355482488871
arc_right_1,417.57,1440,1440,1.8769079446792603,9.159140586853027,-3.1415927410125732,3.1415927410125732,0.004366355482488871
arc_right_1,417.75,1440,1440,1.8783777952194214,9.167279243469238,-3.1415927410125732,3.1415927410125732,0.004366355482488871
arc_right_1,417.93,1440,1440,1.8779933452606201,9.16423511505127,-3.1415927410125732,3.1415927410125732,0.004366355482488871
arc_right_1,418.113,1440,1440,1.8750146627426147,9.156858444213867,-3.1415927410125732,3.1415927410125732,0.004366355482488871
arc_right_1,418.293,1440,1440,1.8860504627227783,9.1597261428833,-3.1415927410125732,3.1415927410125732,0.004366355482488871
arc_right_1,418.473,1440,1440,1.8786468505859375,9.155766487121582,-3.1415927410125732,3.1415927410125732,0.004366355482488871
arc_right_1,418.656,1440,1440,1.8686614036560059,9.113150596618652,-3.1415927410125732,3.1415927410125732,0.004366355482488871
arc_right_1,418.836,1440,1440,1.879613995552063,9.09356689453125,-3.1415927410125732,3.1415927410125732,0.004366355482488871
arc_right_1,419.016,1440,1440,1.87673819065094,9.086847305297852,-3.1415927410125732,3.1415927410125732,0.004366355482488871
arc_right_1,419.199,1440,1440,1.8568098545074463,9.061619758605957,-3.1415927410125732,3.1415927410125732,0.004366355482488871
arc_right_1,419.379,1440,1440,1.8571672439575195,9.04716968536377,-3.1415927410125732,3.1415927410125732,0.004366355482488871
arc_right_1,419.559,1440,1440,1.83565092086792,9.038162231445312,-3.1415927410125732,3.1415927410125732,0.004366355482488871
arc_right_1,419.742,1440,1440,1.8288192749023438,9.026921272277832,-3.1415927410125732,3.1415927410125732,0.004366355482488871
arc_right_1,419.922,1440,1440,1.8178846836090088,9.0128755569458,-3.1415927410125732,3.1415927410125732,0.004366355482488871
arc_right_1,420.102,1440,1440,1.8038678169250488,9.014579772949219,-3.1415927410125732,3.1415927410125732,0.004366355482488871
arc_right_1,420.285,1440,1440,1.783745527267456,9.018112182617188,-3.1415927410125732,3.1415927410125732,0.004366355482488871
arc_right_1,420.465,1440,1440,1.7806472778320312,9.011850357055664,-3.1415927410125732,3.1415927410125732,0.004366355482488871
arc_right_1,420.645,1440,1440,1.7572520971298218,9.019469261169434,-3.1415927410125732,3.1415927410125732,0.004366355482488871
arc_right_1,420.828,1440,1440,1.7372469902038574,8.998852729797363,-3.1415927410125732,3.1415927410125732,0.004366355482488871
arc_right_1,421.008,1440,1440,1.7183349132537842,9.008474349975586,-3.1415927410125732,3.1415927410125732,0.004366355482488871
arc_right_1,421.188,1440,1440,1.699187994003296,9.013656616210938,-3.1415927410125732,3.1415927410125732,0.004366355482488871
arc_right_1,421.371,1440,1440,1.6760891675949097,9.0335111618042,-3.1415927410125732,3.1415927410125732,0.004366355482488871
arc_right_1,421.551,1440,1440,1.6506004333496094,9.04281997680664,-3.1415927410125732,3.1415927410125732,0.004366355482488871
arc_right_1,421.731,1440,1440,1.631545901298523,9.065516471862793,-3.1415927410125732,3.1415927410125732,0.004366355482488871
arc_right_1,421.914,1440,1440,1.6039631366729736,9.076053619384766,-3.1415927410125732,3.1415927410125732,0.004366355482488871
arc_right_1,422.094,1440,1440,1.5835530757904053,9.094537734985352,-3.1415927410125732,3.1415927410125732,0.004366355482488871
arc_right_1,422.274,1440,1440,1.543177604675293,9.091462135314941,-3.1415927410125732,3.1415927410125732,0.004366355482488871
arc_right_1,422.457,1440,1440,1.5335140228271484,9.146310806274414,-3.1415927410125732,3.1415927410125732,0.004366355482488871
arc_right_1,422.637,1440,1440,1.5090017318725586,9.172101020812988,-3.1415927410125732,3.1415927410125732,0.004366355482488871
arc_right_1,422.817,1440,1440,1.4810242652893066,9.19959545135498,-3.1415927410125732,3.1415927410125732,0.004366355482488871
arc_right_1,423.0,1440,1440,1.4529763460159302,9.221640586853027,-3.1415927410125732,3.1415927410125732,0.004366355482488871
arc_right_1,423.18,1440,1440,1.428558111190796,9.254525184631348,-3.1415927410125732,3.1415927410125732,0.004366355482488871
arc_right_1,423.36,1440,1440,1.3893060684204102,9.28369426727295,-3.1415927410125732,3.1415927410125732,0.004366355482488871
arc_right_1,423.543,1440,1440,1.3753337860107422,9.348044395446777,-3.1415927410125732,3.1415927410125732,0.004366355482488871
arc_right_1,423.723,1440,1440,1.344526767730713,9.37941837310791,-3.1415927410125732,3.1415927410125732,0.004366355482488871
arc_right_1,423.903,1440,1440,1.3111597299575806,9.402444839477539,-3.1415927410125732,3.1415927410125732,0.004366355482488871
arc_right_1,424.086,1440,1440,1.2810293436050415,9.451050758361816,-3.1415927410125732,3.1415927410125732,0.004366355482488871
arc_right_1,424.266,1440,1440,1.2653263807296753,9.461687088012695,-3.1415927410125732,3.1415927410125732,0.004366355482488871
arc_right_1,424.446,1440,1440,1.267627239227295,9.448673248291016,-3.1415927410125732,3.1415927410125732,0.004366355482488871
arc_right_1,424.629,1440,1440,1.2619189023971558,9.44679069519043,-3.1415927410125732,3.1415927410125732,0.004366355482488871
arc_right_1,424.809,1440,1440,1.2591878175735474,9.463784217834473,-3.1415927410125732,3.1415927410125732,0.004366355482488871
arc_right_1,424.989,1440,1440,1.2670663595199585,9.47064208984375,-3.1415927410125732,3.1415927410125732,0.004366355482488871
arc_right_1,425.172,1440,1440,1.2662338018417358,9.46275520324707,-3.1415927410125732,3.1415927410125732,0.004366355482488871
arc_right_1,425.352,1440,1440,1.2726125717163086,9.468526840209961,-3.1415927410125732,3.1415927410125732,0.004366355482488871
arc_right_1,425.532,1440,1440,1.276134729385376,9.45488166809082,-3.1415927410125732,3.1415927410125732,0.004366355482488871
arc_right_1,425.715,1440,1440,1.2674754858016968,9.464444160461426,-3.1415927410125732,3.1415927410125732,0.004366355482488871
arc_right_1,425.895,1440,1440,1.2726272344589233,9.474893569946289,-3.1415927410125732,3.1415927410125732,0.004366355482488871
arc_right_1,426.075,1440,1440,1.2690626382827759,9.462178230285645,-3.1415927410125732,3.1415927410125732,0.004366355482488871
arc_right_1,426.258,1440,1440,1.266327977180481,9.450681686401367,-3.1415927410125732,3.1415927410125732,0.004366355482488871
arc_right_1,426.438,1440,1440,1.2682275772094727,9.4550142288208,-3.1415927410125732,3.1415927410125732,0.004366355482488871
arc_right_1,426.618,1440,1440,1.2587850093841553,9.469687461853027,-3.1415927410125732,3.1415927410125732,0.004366355482488871
arc_right_1,426.801,1440,1440,1.2716307640075684,9.459458351135254,-3.1415927410125732,3.1415927410125732,0.004366355482488871
arc_right_1,426.981,1440,1440,1.2736914157867432,9.4656343460083,-3.1415927410125732,3.1415927410125732,0.004366355482488871
reset,427.161,1440,1440,1.2708351612091064,9.468790054321289,-3.1415927410125732,3.1415927410125732,0.004366355482488871
reset,427.344,1440,1440,1.2711405754089355,9.468015670776367,-3.1415927410125732,3.1415927410125732,0.004366355482488871
reset,427.524,1440,1440,1.2738540172576904,9.450667381286621,-3.1415927410125732,3.1415927410125732,0.004366355482488871
reset,427.704,1440,1440,1.27030611038208,9.458441734313965,-3.1415927410125732,3.1415927410125732,0.004366355482488871
reset,427.887,1440,1440,1.2765424251556396,9.458820343017578,-3.1415927410125732,3.1415927410125732,0.004366355482488871
reset,428.067,1440,1440,1.262519121170044,9.45247745513916,-3.1415927410125732,3.1415927410125732,0.004366355482488871
reset,428.247,1440,1440,1.884718656539917,9.173480987548828,-3.1415927410125732,3.1415927410125732,0.004366355482488871
reset,428.43,1440,1440,1.8841251134872437,9.174332618713379,-3.1415927410125732,3.1415927410125732,0.004366355482488871
reset,428.61,1440,1440,1.8841599225997925,9.17852783203125,-3.1415927410125732,3.1415927410125732,0.004366355482488871
reset,428.79,1440,1440,1.8822245597839355,9.181076049804688,-3.1415927410125732,3.1415927410125732,0.004366355482488871
reset,428.973,1440,1440,1.884827733039856,9.179651260375977,-3.1415927410125732,3.1415927410125732,0.004366355482488871
reset,429.153,1440,1440,1.8750519752502441,9.182435035705566,-3.1415927410125732,3.1415927410125732,0.004366355482488871
reset,429.333,1440,1440,1.8841978311538696,9.173624038696289,-3.1415927410125732,3.1415927410125732,0.004366355482488871
brake_1,429.516,1440,1440,1.881095051765442,9.175554275512695,-3.1415927410125732,3.1415927410125732,0.004366355482488871
brake_1,429.696,1440,1440,1.8832745552062988,9.153715133666992,-3.1415927410125732,3.1415927410125732,0.004366355482488871
brake_1,429.876,1440,1440,1.8788139820098877,9.182889938354492,-3.1415927410125732,3.1415927410125732,0.004366355482488871
brake_1,430.059,1440,1440,1.8784027099609375,9.163016319274902,-3.1415927410125732,3.1415927410125732,0.004366355482488871
brake_1,430.239,1440,1440,1.8831722736358643,9.172054290771484,-3.1415927410125732,3.1415927410125732,0.004366355482488871
brake_1,430.419,1440,1440,1.8814626932144165,9.176505088806152,-3.1415927410125732,3.1415927410125732,0.004366355482488871
brake_1,430.602,1440,1440,1.8806543350219727,9.177577018737793,-3.1415927410125732,3.1415927410125732,0.004366355482488871
brake_1,430.782,1440,1440,1.885850429534912,9.151204109191895,-3.1415927410125732,3.1415927410125732,0.004366355482488871
brake_1,430.962,1440,1440,1.8802410364151,9.13071060180664,-3.1415927410125732,3.1415927410125732,0.004366355482488871
brake_1,431.145,1440,1440,1.8779717683792114,9.121859550476074,-3.1415927410125732,3.1415927410125732,0.004366355482488871
brake_1,431.325,1440,1440,1.8762764930725098,9.072668075561523,-3.1415927410125732,3.1415927410125732,0.004366355482488871
brake_1,431.505,1440,1440,1.879084587097168,9.02613639831543,-3.1415927410125732,3.1415927410125732,0.004366355482488871
brake_1,431.688,1440,1440,1.8828011751174927,9.001054763793945,-3.1415927410125732,3.1415927410125732,0.004366355482488871
brake_1,431.868,1440,1440,1.8815546035766602,8.954141616821289,-3.1415927410125732,3.1415927410125732,0.004366355482488871
brake_1,432.048,1440,1440,1.8600409030914307,8.880078315734863,-3.1415927410125732,3.1415927410125732,0.004366355482488871
brake_1,432.231,1440,1440,1.8133212327957153,8.860499382019043,-3.1415927410125732,3.1415927410125732,0.004366355482488871
brake_1,432.411,1440,1440,1.7450581789016724,8.804017066955566,-3.1415927410125732,3.1415927410125732,0.004366355482488871
brake_1,432.591,1440,1440,1.7007352113723755,8.784114837646484,-3.1415927410125732,3.1415927410125732,0.004366355482488871
brake_1,432.774,1440,1440,1.6566065549850464,8.719602584838867,-3.1415927410125732,3.1415927410125732,0.004366355482488871
brake_1,432.954,1440,1440,1.612432599067688,8.682981491088867,-3.1415927410125732,3.1415927410125732,0.004366355482488871
brake_1,433.134,1440,1440,1.567870855331421,8.628402709960938,-3.1415927410125732,3.1415927410125732,0.004366355482488871
brake_1,433.317,1440,1440,1.5116775035858154,8.601469993591309,-3.1415927410125732,3.1415927410125732,0.004366355482488871
brake_1,433.497,1440,1440,1.4603019952774048,8.569181442260742,-3.1415927410125732,3.1415927410125732,0.004366355482488871
brake_1,433.677,1440,1440,1.4328820705413818,8.514169692993164,-3.1415927410125732,3.1415927410125732,0.004366355482488871
brake_1,433.86,1440,1440,1.380838394165039,8.489232063293457,-3.1415927410125732,3.1415927410125732,0.004366355482488871
brake_1,434.04,1440,1440,1.3255761861801147,8.441805839538574,-3.1415927410125732,3.1415927410125732,0.004366355482488871
brake_1,434.22,1440,1440,1.290490746498108,8.427242279052734,-3.1415927410125732,3.1415927410125732,0.004366355482488871
brake_1,434.403,1440,1440,1.25340735912323,8.388927459716797,-3.1415927410125732,3.1415927410125732,0.004366355482488871
brake_1,434.583,1440,1440,1.2210731506347656,8.338764190673828,-3.1415927410125732,3.1415927410125732,0.004366355482488871
brake_1,434.763,1440,1440,1.1827648878097534,8.319808006286621,-3.1415927410125732,3.1415927410125732,0.004366355482488871
brake_1,434.946,1440,1440,1.1533734798431396,8.295281410217285,-3.1415927410125732,3.1415927410125732,0.004366355482488871
brake_1,435.126,1440,1440,1.1477986574172974,8.307626724243164,-3.1415927410125732,3.1415927410125732,0.004366355482488871
brake_1,435.306,1440,1440,1.1440913677215576,8.300531387329102,-3.1415927410125732,3.1415927410125732,0.004366355482488871
brake_1,435.489,1440,1440,1.1420477628707886,8.298050880432129,-3.1415927410125732,3.1415927410125732,0.004366355482488871
brake_1,435.669,1440,1440,1.142930269241333,8.302494049072266,-3.1415927410125732,3.1415927410125732,0.004366355482488871
brake_1,435.849,1440,1440,1.1479804515838623,8.296287536621094,-3.1415927410125732,3.1415927410125732,0.004366355482488871
brake_1,436.032,1440,1440,1.1361111402511597,8.305800437927246,-3.1415927410125732,3.1415927410125732,0.004366355482488871
brake_1,436.212,1440,1440,1.1420358419418335,8.302482604980469,-3.1415927410125732,3.1415927410125732,0.004366355482488871
brake_1,436.392,1440,1440,1.1415010690689087,8.29927921295166,-3.1415927410125732,3.1415927410125732,0.004366355482488871
brake_1,436.575,1440,1440,1.15278160572052,8.295987129211426,-3.1415927410125732,3.1415927410125732,0.004366355482488871
brake_1,436.755,1440,1440,1.1466718912124634,8.303788185119629,-3.1415927410125732,3.1415927410125732,0.004366355482488871
brake_1,436.935,1440,1440,1.1557873487472534,8.29687213897705,-3.1415927410125732,3.1415927410125732,0.004366355482488871
brake_1,437.118,1440,1440,1.1390800476074219,8.299335479736328,-3.1415927410125732,3.1415927410125732,0.004366355482488871
brake_1,437.298,1440,1440,1.1426790952682495,8.292932510375977,-3.1415927410125732,3.1415927410125732,0.004366355482488871
brake_1,437.478,1440,1440,1.1456276178359985,8.317511558532715,-3.1415927410125732,3.1415927410125732,0.004366355482488871
reset,437.661,1440,1440,1.1378101110458374,8.309757232666016,-3.1415927410125732,3.1415927410125732,0.004366355482488871
reset,437.841,1440,1440,1.1479382514953613,8.299200057983398,-3.1415927410125732,3.1415927410125732,0.004366355482488871
reset,438.021,1440,1440,1.1492853164672852,8.290159225463867,-3.1415927410125732,3.1415927410125732,0.004366355482488871
reset,438.204,1440,1440,1.1285440921783447,8.308349609375,-3.1415927410125732,3.1415927410125732,0.004366355482488871
reset,438.384,1440,1440,1.1494866609573364,8.300570487976074,-3.1415927410125732,3.1415927410125732,0.004366355482488871
reset,438.564,1440,1440,1.147439956665039,8.309553146362305,-3.1415927410125732,3.1415927410125732,0.004366355482488871
reset,438.747,1440,1440,1.8756072521209717,9.183621406555176,-3.1415927410125732,3.1415927410125732,0.004366355482488871
reset,438.927,1440,1440,1.884318470954895,9.175311088562012,-3.1415927410125732,3.1415927410125732,0.004366355482488871
reset,439.107,1440,1440,1.8781181573867798,9.16015911102295,-3.1415927410125732,3.1415927410125732,0.004366355482488871
reset,439.29,1440,1440,1.8768450021743774,9.170979499816895,-3.1415927410125732,3.1415927410125732,0.004366355482488871
reset,439.47,1440,1440,1.8755704164505005,9.180289268493652,-3.1415927410125732,3.1415927410125732,0.004366355482488871
reset,439.65,1440,1440,1.8787795305252075,9.17784595489502,-3.1415927410125732,3.1415927410125732,0.004366355482488871
reset,439.833,1440,1440,1.8849602937698364,9.182594299316406,-3.1415927410125732,3.1415927410125732,0.004366355482488871
forward_2,440.013,1440,1440,1.8887437582015991,9.172670364379883,-3.1415927410125732,3.1415927410125732,0.004366355482488871
forward_2,440.193,1440,1440,1.8824377059936523,9.193192481994629,-3.1415927410125732,3.1415927410125732,0.004366355482488871
forward_2,440.376,1440,1440,1.8745349645614624,9.178454399108887,-3.1415927410125732,3.1415927410125732,0.004366355482488871
forward_2,440.556,1440,1440,1.875213623046875,9.171408653259277,-3.1415927410125732,3.1415927410125732,0.004366355482488871
forward_2,440.736,1440,1440,1.878097414970398,9.187695503234863,-3.1415927410125732,3.1415927410125732,0.004366355482488871
forward_2,440.919,1440,1440,1.883373737335205,9.165633201599121,-3.1415927410125732,3.1415927410125732,0.004366355482488871
forward_2,441.099,1440,1440,1.8804645538330078,9.157508850097656,-3.1415927410125732,3.1415927410125732,0.004366355482488871
forward_2,441.279,1440,1440,1.8851737976074219,9.159433364868164,-3.1415927410125732,3.1415927410125732,0.004366355482488871
forward_2,441.462,1440,1440,1.885758638381958,9.160107612609863,-3.1415927410125732,3.1415927410125732,0.004366355482488871
forward_2,441.642,1440,1440,1.8842406272888184,9.122274398803711,-3.1415927410125732,3.1415927410125732,0.004366355482488871
forward_2,441.822,1440,1440,1.8761963844299316,9.089581489562988,-3.1415927410125732,3.1415927410125732,0.004366355482488871
forward_2,442.005,1440,1440,1.8770471811294556,9.06685733795166,-3.1415927410125732,3.1415927410125732,0.004366355482488871
forward_2,442.185,1440,1440,1.879860281944275,9.017073631286621,-3.1415927410125732,3.1415927410125732,0.004366355482488871
forward_2,442.365,1440,1440,1.8824268579483032,8.976436614990234,-3.1415927410125732,3.1415927410125732,0.004366355482488871
forward_2,442.548,1440,1440,1.877357840538025,8.953332901000977,-3.1415927410125732,3.1415927410125732,0.004366355482488871
forward_2,442.728,1440,1440,1.8836873769760132,8.932951927185059,-3.1415927410125732,3.1415927410125732,0.004366355482488871
forward_2,442.908,1440,1440,1.8581222295761108,8.90606689453125,-3.1415927410125732,3.1415927410125732,0.004366355482488871
forward_2,443.091,1440,1440,1.824560284614563,8.887215614318848,-3.1415927410125732,3.1415927410125732,0.004366355482488871
forward_2,443.271,1440,1440,1.7936608791351318,8.85198974609375,-3.1415927410125732,3.1415927410125732,0.004366355482488871
forward_2,443.451,1440,1440,1.7462973594665527,8.812883377075195,-3.1415927410125732,3.1415927410125732,0.004366355482488871
forward_2,443.634,1440,1440,1.7251503467559814,8.798735618591309,-3.1415927410125732,3.1415927410125732,0.004366355482488871
forward_2,443.814,1440,1440,1.6776670217514038,8.764519691467285,-3.1415927410125732,3.1415927410125732,0.004366355482488871
forward_2,443.994,1440,1440,1.655600905418396,8.729193687438965,-3.1415927410125732,3.1415927410125732,0.004366355482488871
forward_2,444.177,1440,1440,1.6356689929962158,8.70920181274414,-3.1415927410125732,3.1415927410125732,0.004366355482488871
forward_2,444.357,1440,1440,1.5988885164260864,8.68217945098877,-3.1415927410125732,3.1415927410125732,0.004366355482488871
forward_2,444.537,1440,1440,1.5578893423080444,8.638628959655762,-3.1415927410125732,3.1415927410125732,0.004366355482488871
forward_2,444.72,1440,1440,1.5475044250488281,8.620640754699707,-3.1415927410125732,3.1415927410125732,0.004366355482488871
forward_2,444.9,1440,1440,1.518943190574646,8.601774215698242,-3.1415927410125732,3.1415927410125732,0.004366355482488871
forward_2,445.08,1440,1440,1.4896163940429688,8.569551467895508,-3.1415927410125732,3.1415927410125732,0.004366355482488871
forward_2,445.263,1440,1440,1.4457368850708008,8.52911376953125,-3.1415927410125732,3.1415927410125732,0.004366355482488871
forward_2,445.443,1440,1440,1.4169107675552368,8.517956733703613,-3.1415927410125732,3.1415927410125732,0.004366355482488871
forward_2,445.623,1440,1440,1.4020497798919678,8.498771667480469,-3.1415927410125732,3.1415927410125732,0.004366355482488871
forward_2,445.806,1440,1440,1.3484314680099487,8.476682662963867,-3.1415927410125732,3.1415927410125732,0.004366355482488871
forward_2,445.986,1440,1440,1.3279920816421509,8.44494342803955,-3.1415927410125732,3.1415927410125732,0.004366355482488871
forward_2,446.166,1440,1440,1.3111499547958374,8.428064346313477,-3.1415927410125732,3.1415927410125732,0.004366355482488871
forward_2,446.349,1440,1440,1.283678650856018,8.414363861083984,-3.1415927410125732,3.1415927410125732,0.004366355482488871
forward_2,446.529,1440,1440,1.2808040380477905,8.429868698120117,-3.1415927410125732,3.1415927410125732,0.004366355482488871
forward_2,446.709,1440,1440,1.288448452949524,8.405608177185059,-3.1415927410125732,3.1415927410125732,0.004366355482488871
forward_2,446.892,1440,1440,1.2844643592834473,8.411044120788574,-3.1415927410125732,3.1415927410125732,0.004366355482488871
forward_2,447.072,1440,1440,1.278347134590149,8.416748046875,-3.1415927410125732,3.1415927410125732,0.004366355482488871
forward_2,447.252,1440,1440,1.2834720611572266,8.413911819458008,-3.1415927410125732,3.1415927410125732,0.004366355482488871
forward_2,447.435,1440,1440,1.2849669456481934,8.417457580566406,-3.1415927410125732,3.1415927410125732,0.004366355482488871
forward_2,447.615,1440,1440,1.2926371097564697,8.408190727233887,-3.1415927410125732,3.1415927410125732,0.004366355482488871
forward_2,447.795,1440,1440,1.2894973754882812,8.412656784057617,-3.1415927410125732,3.1415927410125732,0.004366355482488871
forward_2,447.978,1440,1440,1.2963683605194092,8.419312477111816,-3.1415927410125732,3.1415927410125732,0.004366355482488871
forward_2,448.158,1440,1440,1.2779024839401245,8.41644287109375,-3.1415927410125732,3.1415927410125732,0.004366355482488871
forward_2,448.338,1440,1440,1.2826652526855469,8.404913902282715,-3.1415927410125732,3.1415927410125732,0.004366355482488871
forward_2,448.521,1440,1440,1.2854750156402588,8.393589973449707,-3.1415927410125732,3.1415927410125732,0.004366355482488871
forward_2,448.701,1440,1440,1.2779420614242554,8.421090126037598,-3.1415927410125732,3.1415927410125732,0.004366355482488871
forward_2,448.881,1440,1440,1.2876267433166504,8.415846824645996,-3.1415927410125732,3.1415927410125732,0.004366355482488871
reset,449.064,1440,1440,1.2937284708023071,8.42873477935791,-3.1415927410125732,3.1415927410125732,0.004366355482488871
reset,449.244,1440,1440,1.2804139852523804,8.407670021057129,-3.1415927410125732,3.1415927410125732,0.004366355482488871
reset,449.424,1440,1440,1.272972583770752,8.401403427124023,-3.1415927410125732,3.1415927410125732,0.004366355482488871
reset,449.607,1440,1440,1.2770518064498901,8.409811019897461,-3.1415927410125732,3.1415927410125732,0.004366355482488871
reset,449.787,1440,1440,1.2801038026809692,8.420354843139648,-3.1415927410125732,3.1415927410125732,0.004366355482488871
reset,449.967,1440,1440,1.2890750169754028,8.42574405670166,-3.1415927410125732,3.1415927410125732,0.004366355482488871
reset,450.15,1440,1440,1.2898012399673462,8.425729751586914,-3.1415927410125732,3.1415927410125732,0.004366355482488871
reset,450.33,1440,1440,1.8860576152801514,9.157369613647461,-3.1415927410125732,3.1415927410125732,0.004366355482488871
reset,450.51,1440,1440,1.8813931941986084,9.166400909423828,-3.1415927410125732,3.1415927410125732,0.004366355482488871
reset,450.693,1440,1440,1.879868984222412,9.170199394226074,-3.1415927410125732,3.1415927410125732,0.004366355482488871
reset,450.873,1440,1440,1.884775161743164,9.163515090942383,-3.1415927410125732,3.1415927410125732,0.004366355482488871
reset,451.053,1440,1440,1.877408742904663,9.174571990966797,-3.1415927410125732,3.1415927410125732,0.004366355482488871
reset,451.236,1440,1440,1.8806238174438477,9.165329933166504,-3.1415927410125732,3.1415927410125732,0.004366355482488871
reset,451.416,1440,1440,1.87841796875,9.17064380645752,-3.1415927410125732,3.1415927410125732,0.004366355482488871
reverse_2,451.596,1440,1440,1.8808962106704712,9.175162315368652,-3.1415927410125732,3.1415927410125732,0.004366355482488871
reverse_2,451.779,1440,1440,1.8833013772964478,9.170331954956055,-3.1415927410125732,3.1415927410125732,0.004366355482488871
reverse_2,451.959,1440,1440,1.882676124572754,9.1520357131958,-3.1415927410125732,3.1415927410125732,0.004366355482488871
reverse_2,452.139,1440,1440,1.8812958002090454,9.157539367675781,-3.1415927410125732,3.1415927410125732,0.004366355482488871
reverse_2,452.322,1440,1440,1.8754466772079468,9.173344612121582,-3.1415927410125732,3.1415927410125732,0.004366355482488871
reverse_2,452.502,1440,1440,1.879052996635437,9.162917137145996,-3.1415927410125732,3.1415927410125732,0.004366355482488871
reverse_2,452.682,1440,1440,1.8828374147415161,9.181429862976074,-3.1415927410125732,3.1415927410125732,0.004366355482488871
reverse_2,452.865,1440,1440,1.875182032585144,9.193743705749512,-3.1415927410125732,3.1415927410125732,0.004366355482488871
reverse_2,453.045,1440,1440,1.8894346952438354,9.205151557922363,-3.1415927410125732,3.1415927410125732,0.004366355482488871
reverse_2,453.225,1440,1440,1.8792705535888672,9.236093521118164,-3.1415927410125732,3.1415927410125732,0.004366355482488871
reverse_2,453.408,1440,1440,1.8849838972091675,9.277907371520996,-3.1415927410125732,3.1415927410125732,0.004366355482488871
reverse_2,453.588,1440,1440,1.8863394260406494,9.305497169494629,-3.1415927410125732,3.1415927410125732,0.004366355482488871
reverse_2,453.768,1440,1440,1.8864414691925049,9.34068775177002,-3.1415927410125732,3.1415927410125732,0.004366355482488871
reverse_2,453.951,1440,1440,1.8879154920578003,9.388903617858887,-3.1415927410125732,3.1415927410125732,0.004366355482488871
reverse_2,454.131,1440,1440,1.8863030672073364,9.408363342285156,-3.1415927410125732,3.1415927410125732,0.004366355482488871
reverse_2,454.311,1440,1440,1.8767354488372803,9.455294609069824,-3.1415927410125732,3.1415927410125732,0.004366355482488871
reverse_2,454.494,1440,1440,1.8806394338607788,9.481257438659668,-3.1415927410125732,3.1415927410125732,0.004366355482488871
reverse_2,454.674,1440,1440,1.8802061080932617,9.50517463684082,-3.1415927410125732,3.1415927410125732,0.004366355482488871
reverse_2,454.854,1440,1440,1.8827768564224243,9.533756256103516,-3.1415927410125732,3.1415927410125732,0.004366355482488871
reverse_2,455.037,1440,1440,1.8889096975326538,9.560179710388184,-3.1415927410125732,3.1415927410125732,0.004366355482488871
reverse_2,455.217,1440,1440,1.8810529708862305,9.611907958984375,-3.1415927410125732,3.1415927410125732,0.004366355482488871
reverse_2,455.397,1440,1440,1.880964994430542,9.626823425292969,-3.1415927410125732,3.1415927410125732,0.004366355482488871
reverse_2,455.58,1440,1440,1.883263349533081,9.665319442749023,-3.1415927410125732,3.1415927410125732,0.004366355482488871
reverse_2,455.76,1440,1440,1.878258228302002,9.70948314666748,-3.1415927410125732,3.1415927410125732,0.004366355482488871
reverse_2,455.94,1440,1440,1.874659538269043,9.728343963623047,-3.1415927410125732,3.1415927410125732,0.004366355482488871
reverse_2,456.123,1440,1440,1.879538893699646,9.77685546875,-3.1415927410125732,3.1415927410125732,0.004366355482488871
reverse_2,456.303,1440,1440,1.8823490142822266,9.7974214553833,-3.1415927410125732,3.1415927410125732,0.004366355482488871
reverse_2,456.483,1440,1440,1.8822699785232544,9.828208923339844,-3.1415927410125732,3.1415927410125732,0.004366355482488871
reverse_2,456.666,1440,1440,1.8788185119628906,9.869062423706055,-3.1415927410125732,3.1415927410125732,0.004366355482488871
reverse_2,456.846,1440,1440,1.878523349761963,9.900074005126953,-3.1415927410125732,3.1415927410125732,0.004366355482488871
reverse_2,457.026,1440,1440,1.8778966665267944,9.94554615020752,-3.1415927410125732,3.1415927410125732,0.004366355482488871
reverse_2,457.209,1440,1440,1.8817631006240845,9.969520568847656,-3.1415927410125732,3.1415927410125732,0.004366355482488871
reverse_2,457.389,1440,1440,1.8774845600128174,10.010578155517578,-3.1415927410125732,3.1415927410125732,0.004366355482488871
reverse_2,457.569,1440,1440,1.8807916641235352,10.04604721069336,-3.1415927410125732,3.1415927410125732,0.004366355482488871
reverse_2,457.752,1440,1440,1.8693416118621826,10.072183609008789,-3.1415927410125732,3.1415927410125732,0.004366355482488871
reverse_2,457.932,1440,1440,1.8637703657150269,10.07596206665039,-3.1415927410125732,3.1415927410125732,0.004366355482488871
reverse_2,458.112,1440,1440,1.8687503337860107,10.087469100952148,-3.1415927410125732,3.1415927410125732,0.004366355482488871
reverse_2,458.295,1440,1440,1.8732526302337646,10.094367980957031,-3.1415927410125732,3.1415927410125732,0.004366355482488871
reverse_2,458.475,1440,1440,1.8694970607757568,10.09473991394043,-3.1415927410125732,3.1415927410125732,0.004366355482488871
reverse_2,458.655,1440,1440,1.8664816617965698,10.09546184539795,-3.1415927410125732,3.1415927410125732,0.004366355482488871
reverse_2,458.838,1440,1440,1.8603496551513672,10.092147827148438,-3.1415927410125732,3.1415927410125732,0.004366355482488871
reverse_2,459.018,1440,1440,1.8721345663070679,10.091780662536621,-3.1415927410125732,3.1415927410125732,0.004366355482488871
reverse_2,459.198,1440,1440,1.8683222532272339,10.091385841369629,-3.1415927410125732,3.1415927410125732,0.004366355482488871
reverse_2,459.381,1440,1440,1.8673923015594482,10.103574752807617,-3.1415927410125732,3.1415927410125732,0.004366355482488871
reverse_2,459.561,1440,1440,1.8673163652420044,10.083765983581543,-3.1415927410125732,3.1415927410125732,0.004366355482488871
reverse_2,459.741,1440,1440,1.8676882982254028,10.084946632385254,-3.1415927410125732,3.1415927410125732,0.004366355482488871
reverse_2,459.924,1440,1440,1.8539202213287354,10.09561538696289,-3.1415927410125732,3.1415927410125732,0.004366355482488871
reverse_2,460.104,1440,1440,1.8667569160461426,10.092707633972168,-3.1415927410125732,3.1415927410125732,0.004366355482488871
reverse_2,460.284,1440,1440,1.8615169525146484,10.10028076171875,-3.1415927410125732,3.1415927410125732,0.004366355482488871
reverse_2,460.467,1440,1440,1.8641425371170044,10.084070205688477,-3.1415927410125732,3.1415927410125732,0.004366355482488871
reset,460.647,1440,1440,1.862956166267395,10.10460090637207,-3.1415927410125732,3.1415927410125732,0.004366355482488871
reset,460.827,1440,1440,1.8632508516311646,10.076860427856445,-3.1415927410125732,3.1415927410125732,0.004366355482488871
reset,461.01,1440,1440,1.8764028549194336,10.099108695983887,-3.1415927410125732,3.1415927410125732,0.004366355482488871
reset,461.19,1440,1440,1.863684892654419,10.090225219726562,-3.1415927410125732,3.1415927410125732,0.004366355482488871
reset,461.37,1440,1440,1.8736974000930786,10.111994743347168,-3.1415927410125732,3.1415927410125732,0.004366355482488871
reset,461.553,1440,1440,1.8712507486343384,10.110658645629883,-3.1415927410125732,3.1415927410125732,0.004366355482488871
reset,461.733,1440,1440,1.8694325685501099,10.098871231079102,-3.1415927410125732,3.1415927410125732,0.004366355482488871
reset,461.913,1440,1440,1.8844760656356812,9.183523178100586,-3.1415927410125732,3.1415927410125732,0.004366355482488871
reset,462.096,1440,1440,1.8768986463546753,9.168885231018066,-3.1415927410125732,3.1415927410125732,0.004366355482488871
reset,462.276,1440,1440,1.8673397302627563,9.167314529418945,-3.1415927410125732,3.1415927410125732,0.004366355482488871
reset,462.456,1440,1440,1.8786094188690186,9.195588111877441,-3.1415927410125732,3.1415927410125732,0.004366355482488871
reset,462.639,1440,1440,1.866824746131897,9.177139282226562,-3.1415927410125732,3.1415927410125732,0.004366355482488871
reset,462.819,1440,1440,1.8716310262680054,9.159568786621094,-3.1415927410125732,3.1415927410125732,0.004366355482488871
reset,462.999,1440,1440,1.8793696165084839,9.16531753540039,-3.1415927410125732,3.1415927410125732,0.004366355482488871
pivot_ccw_2,463.182,1440,1440,1.8850518465042114,9.156071662902832,-3.1415927410125732,3.1415927410125732,0.004366355482488871
pivot_ccw_2,463.362,1440,1440,1.8736286163330078,9.18065071105957,-3.1415927410125732,3.1415927410125732,0.004366355482488871
pivot_ccw_2,463.542,1440,1440,1.8798707723617554,9.173345565795898,-3.1415927410125732,3.1415927410125732,0.004366355482488871
pivot_ccw_2,463.725,1440,1440,1.8781213760375977,9.170693397521973,-3.1415927410125732,3.1415927410125732,0.004366355482488871
pivot_ccw_2,463.905,1440,1440,1.885819435119629,9.174760818481445,-3.1415927410125732,3.1415927410125732,0.004366355482488871
pivot_ccw_2,464.085,1440,1440,1.8863836526870728,9.181388854980469,-3.1415927410125732,3.1415927410125732,0.004366355482488871
pivot_ccw_2,464.268,1440,1440,1.8813270330429077,9.188323020935059,-3.1415927410125732,3.1415927410125732,0.004366355482488871
pivot_ccw_2,464.448,1440,1440,1.8784717321395874,9.168355941772461,-3.1415927410125732,3.1415927410125732,0.004366355482488871
pivot_ccw_2,464.628,1440,1440,1.8803621530532837,9.173929214477539,-3.1415927410125732,3.1415927410125732,0.004366355482488871
pivot_ccw_2,464.811,1440,1440,1.8724133968353271,9.172823905944824,-3.1415927410125732,3.1415927410125732,0.004366355482488871
pivot_ccw_2,464.991,1440,1440,1.8855397701263428,9.174979209899902,-3.1415927410125732,3.1415927410125732,0.004366355482488871
pivot_ccw_2,465.171,1440,1440,1.8782762289047241,9.172725677490234,-3.1415927410125732,3.1415927410125732,0.004366355482488871
pivot_ccw_2,465.354,1440,1440,1.8821146488189697,9.16661548614502,-3.1415927410125732,3.1415927410125732,0.004366355482488871
pivot_ccw_2,465.534,1440,1440,1.8830292224884033,9.169987678527832,-3.1415927410125732,3.1415927410125732,0.004366355482488871
pivot_ccw_2,465.714,1440,1440,1.886764645576477,9.140732765197754,-3.1415927410125732,3.1415927410125732,0.004366355482488871
pivot_ccw_2,465.897,1440,1440,1.8831596374511719,9.16876220703125,-3.1415927410125732,3.1415927410125732,0.004366355482488871
pivot_ccw_2,466.077,1440,1440,1.8842549324035645,9.162662506103516,-3.1415927410125732,3.1415927410125732,0.004366355482488871
pivot_ccw_2,466.257,1440,1440,1.8777118921279907,9.172465324401855,-3.1415927410125732,3.1415927410125732,0.004366355482488871
pivot_ccw_2,466.44,1440,1440,1.8824825286865234,9.190139770507812,-3.1415927410125732,3.1415927410125732,0.004366355482488871
pivot_ccw_2,466.62,1440,1440,1.87453293800354,9.178313255310059,-3.1415927410125732,3.1415927410125732,0.004366355482488871
pivot_ccw_2,466.8,1440,1440,1.877177357673645,9.172629356384277,-3.1415927410125732,3.1415927410125732,0.004366355482488871
pivot_ccw_2,466.983,1440,1440,1.8901876211166382,9.182440757751465,-3.1415927410125732,3.1415927410125732,0.004366355482488871
pivot_ccw_2,467.163,1440,1440,1.88191819190979,9.172592163085938,-3.1415927410125732,3.1415927410125732,0.004366355482488871
pivot_ccw_2,467.343,1440,1440,1.8841124773025513,9.160857200622559,-3.1415927410125732,3.1415927410125732,0.004366355482488871
pivot_ccw_2,467.526,1440,1440,1.881058931350708,9.170256614685059,-3.1415927410125732,3.1415927410125732,0.004366355482488871
pivot_ccw_2,467.706,1440,1440,1.8786721229553223,9.162960052490234,-3.1415927410125732,3.1415927410125732,0.004366355482488871
pivot_ccw_2,467.886,1440,1440,1.8814588785171509,9.169943809509277,-3.1415927410125732,3.1415927410125732,0.004366355482488871
pivot_ccw_2,468.069,1440,1440,1.8804597854614258,9.167230606079102,-3.1415927410125732,3.1415927410125732,0.004366355482488871
pivot_ccw_2,468.249,1440,1440,1.8802603483200073,9.165997505187988,-3.1415927410125732,3.1415927410125732,0.004366355482488871
pivot_ccw_2,468.429,1440,1440,1.872877597808838,9.177774429321289,-3.1415927410125732,3.1415927410125732,0.004366355482488871
pivot_ccw_2,468.612,1440,1440,1.8811891078948975,9.175309181213379,-3.1415927410125732,3.1415927410125732,0.004366355482488871
pivot_ccw_2,468.792,1440,1440,1.8837499618530273,9.171334266662598,-3.1415927410125732,3.1415927410125732,0.004366355482488871
pivot_ccw_2,468.972,1440,1440,1.8753191232681274,9.163222312927246,-3.1415927410125732,3.1415927410125732,0.004366355482488871
pivot_ccw_2,469.155,1440,1440,1.8751907348632812,9.164862632751465,-3.1415927410125732,3.1415927410125732,0.004366355482488871
pivot_ccw_2,469.335,1440,1440,1.8700131177902222,9.175347328186035,-3.1415927410125732,3.1415927410125732,0.004366355482488871
pivot_ccw_2,469.515,1440,1440,1.88668692111969,9.167559623718262,-3.1415927410125732,3.1415927410125732,0.004366355482488871
pivot_ccw_2,469.698,1440,1440,1.8716602325439453,9.189910888671875,-3.1415927410125732,3.1415927410125732,0.004366355482488871
pivot_ccw_2,469.878,1440,1440,1.8814719915390015,9.186517715454102,-3.1415927410125732,3.1415927410125732,0.004366355482488871
pivot_ccw_2,470.058,1440,1440,1.8809263706207275,9.17812728881836,-3.1415927410125732,3.1415927410125732,0.004366355482488871
pivot_ccw_2,470.241,1440,1440,1.8873604536056519,9.169918060302734,-3.1415927410125732,3.1415927410125732,0.004366355482488871
pivot_ccw_2,470.421,1440,1440,1.8865760564804077,9.176936149597168,-3.1415927410125732,3.1415927410125732,0.004366355482488871
pivot_ccw_2,470.601,1440,1440,1.883309245109558,9.178162574768066,-3.1415927410125732,3.1415927410125732,0.004366355482488871
pivot_ccw_2,470.784,1440,1440,1.8796194791793823,9.191217422485352,-3.1415927410125732,3.1415927410125732,0.004366355482488871
pivot_ccw_2,470.964,1440,1440,1.8859949111938477,9.171201705932617,-3.1415927410125732,3.1415927410125732,0.004366355482488871
pivot_ccw_2,471.144,1440,1440,1.877421259880066,9.187708854675293,-3.1415927410125732,3.1415927410125732,0.004366355482488871
pivot_ccw_2,471.327,1440,1440,1.8794821500778198,9.177061080932617,-3.1415927410125732,3.1415927410125732,0.004366355482488871
pivot_ccw_2,471.507,1440,1440,1.8851006031036377,9.171144485473633,-3.1415927410125732,3.1415927410125732,0.004366355482488871
pivot_ccw_2,471.687,1440,1440,1.8797919750213623,9.165534973144531,-3.1415927410125732,3.1415927410125732,0.004366355482488871
pivot_ccw_2,471.87,1440,1440,1.884247064590454,9.187202453613281,-3.1415927410125732,3.1415927410125732,0.004366355482488871
reset,472.05,1440,1440,1.8823235034942627,9.169050216674805,-3.1415927410125732,3.1415927410125732,0.004366355482488871
reset,472.23,1440,1440,1.8769878149032593,9.172615051269531,-3.1415927410125732,3.1415927410125732,0.004366355482488871
reset,472.413,1440,1440,1.8851218223571777,9.182269096374512,-3.1415927410125732,3.1415927410125732,0.004366355482488871
reset,472.593,1440,1440,1.8796788454055786,9.158767700195312,-3.1415927410125732,3.1415927410125732,0.004366355482488871
reset,472.773,1440,1440,1.8808815479278564,9.19948673248291,-3.1415927410125732,3.1415927410125732,0.004366355482488871
reset,472.956,1440,1440,1.8784403800964355,9.170252799987793,-3.1415927410125732,3.1415927410125732,0.004366355482488871
reset,473.136,1440,1440,1.8838642835617065,9.17663860321045,-3.1415927410125732,3.1415927410125732,0.004366355482488871
reset,473.316,1440,1440,1.8800559043884277,9.165352821350098,-3.1415927410125732,3.1415927410125732,0.004366355482488871
reset,473.499,1440,1440,1.8782658576965332,9.168754577636719,-3.1415927410125732,3.1415927410125732,0.004366355482488871
reset,473.679,1440,1440,1.8678373098373413,9.166971206665039,-3.1415927410125732,3.1415927410125732,0.004366355482488871
reset,473.859,1440,1440,1.8846383094787598,9.178738594055176,-3.1415927410125732,3.1415927410125732,0.004366355482488871
reset,474.042,1440,1440,1.8906558752059937,9.177424430847168,-3.1415927410125732,3.1415927410125732,0.004366355482488871
reset,474.222,1440,1440,1.88100004196167,9.168277740478516,-3.1415927410125732,3.1415927410125732,0.004366355482488871
reset,474.402,1440,1440,1.8858312368392944,9.170974731445312,-3.1415927410125732,3.1415927410125732,0.004366355482488871
pivot_cw_2,474.585,1440,1440,1.8727612495422363,9.164859771728516,-3.1415927410125732,3.1415927410125732,0.004366355482488871
pivot_cw_2,474.765,1440,1440,1.8750351667404175,9.156702995300293,-3.1415927410125732,3.1415927410125732,0.004366355482488871
pivot_cw_2,474.945,1440,1440,1.8790810108184814,9.18023681640625,-3.1415927410125732,3.1415927410125732,0.004366355482488871
pivot_cw_2,475.128,1440,1440,1.8809384107589722,9.169543266296387,-3.1415927410125732,3.1415927410125732,0.004366355482488871
pivot_cw_2,475.308,1440,1440,1.8806227445602417,9.175228118896484,-3.1415927410125732,3.1415927410125732,0.004366355482488871
pivot_cw_2,475.488,1440,1440,1.8733550310134888,9.169756889343262,-3.1415927410125732,3.1415927410125732,0.004366355482488871
pivot_cw_2,475.671,1440,1440,1.881700038909912,9.173274993896484,-3.1415927410125732,3.1415927410125732,0.004366355482488871
pivot_cw_2,475.851,1440,1440,1.8829281330108643,9.184209823608398,-3.1415927410125732,3.1415927410125732,0.004366355482488871
pivot_cw_2,476.031,1440,1440,1.8798304796218872,9.163359642028809,-3.1415927410125732,3.1415927410125732,0.004366355482488871
pivot_cw_2,476.214,1440,1440,1.8784656524658203,9.164563179016113,-3.1415927410125732,3.1415927410125732,0.004366355482488871
pivot_cw_2,476.394,1440,1440,1.8813875913619995,9.165839195251465,-3.1415927410125732,3.1415927410125732,0.004366355482488871
pivot_cw_2,476.574,1440,1440,1.8842138051986694,9.16146183013916,-3.1415927410125732,3.1415927410125732,0.004366355482488871
pivot_cw_2,476.757,1440,1440,1.8797733783721924,9.1739501953125,-3.1415927410125732,3.1415927410125732,0.004366355482488871
pivot_cw_2,476.937,1440,1440,1.8747098445892334,9.165934562683105,-3.1415927410125732,3.1415927410125732,0.004366355482488871
pivot_cw_2,477.117,1440,1440,1.879847764968872,9.178871154785156,-3.1415927410125732,3.1415927410125732,0.004366355482488871
pivot_cw_2,477.3,1440,1440,1.8694933652877808,9.169690132141113,-3.1415927410125732,3.1415927410125732,0.004366355482488871
pivot_cw_2,477.48,1440,1440,1.8756473064422607,9.157820701599121,-3.1415927410125732,3.1415927410125732,0.004366355482488871
pivot_cw_2,477.66,1440,1440,1.8787930011749268,9.16784954071045,-3.1415927410125732,3.1415927410125732,0.004366355482488871
pivot_cw_2,477.843,1440,1440,1.8802486658096313,9.182792663574219,-3.1415927410125732,3.1415927410125732,0.004366355482488871
pivot_cw_2,478.023,1440,1440,1.8812041282653809,9.173460006713867,-3.1415927410125732,3.1415927410125732,0.004366355482488871
pivot_cw_2,478.203,1440,1440,1.88181734085083,9.175320625305176,-3.1415927410125732,3.1415927410125732,0.004366355482488871
pivot_cw_2,478.386,1440,1440,1.8779665231704712,9.167888641357422,-3.1415927410125732,3.1415927410125732,0.004366355482488871
pivot_cw_2,478.566,1440,1440,1.8783323764801025,9.172076225280762,-3.1415927410125732,3.1415927410125732,0.004366355482488871
pivot_cw_2,478.746,1440,1440,1.8825600147247314,9.172736167907715,-3.1415927410125732,3.1415927410125732,0.004366355482488871
pivot_cw_2,478.929,1440,1440,1.8874808549880981,9.172855377197266,-3.1415927410125732,3.1415927410125732,0.004366355482488871
pivot_cw_2,479.109,1440,1440,1.8826175928115845,9.171661376953125,-3.1415927410125732,3.1415927410125732,0.004366355482488871
pivot_cw_2,479.289,1440,1440,1.880915641784668,9.16525650024414,-3.1415927410125732,3.1415927410125732,0.004366355482488871
pivot_cw_2,479.472,1440,1440,1.8810663223266602,9.1616849899292,-3.1415927410125732,3.1415927410125732,0.004366355482488871
pivot_cw_2,479.652,1440,1440,1.8836352825164795,9.168740272521973,-3.1415927410125732,3.1415927410125732,0.004366355482488871
pivot_cw_2,479.832,1440,1440,1.8855286836624146,9.16641902923584,-3.1415927410125732,3.1415927410125732,0.004366355482488871
pivot_cw_2,480.015,1440,1440,1.879518747329712,9.15299129486084,-3.1415927410125732,3.1415927410125732,0.004366355482488871
pivot_cw_2,480.195,1440,1440,1.8807398080825806,9.181903839111328,-3.1415927410125732,3.1415927410125732,0.004366355482488871
pivot_cw_2,480.375,1440,1440,1.8795455694198608,9.15553092956543,-3.1415927410125732,3.1415927410125732,0.004366355482488871
pivot_cw_2,480.558,1440,1440,1.8707501888275146,9.162179946899414,-3.1415927410125732,3.1415927410125732,0.004366355482488871
pivot_cw_2,480.738,1440,1440,1.879549264907837,9.172924995422363,-3.1415927410125732,3.1415927410125732,0.004366355482488871
pivot_cw_2,480.918,1440,1440,1.8836770057678223,9.190528869628906,-3.1415927410125732,3.1415927410125732,0.004366355482488871
pivot_cw_2,481.101,1440,1440,1.8744869232177734,9.165006637573242,-3.1415927410125732,3.1415927410125732,0.004366355482488871
pivot_cw_2,481.281,1440,1440,1.884587049484253,9.164106369018555,-3.1415927410125732,3.1415927410125732,0.004366355482488871
pivot_cw_2,481.461,1440,1440,1.8781259059906006,9.160253524780273,-3.1415927410125732,3.1415927410125732,0.004366355482488871
pivot_cw_2,481.644,1440,1440,1.87847900390625,9.159673690795898,-3.1415927410125732,3.1415927410125732,0.004366355482488871
pivot_cw_2,481.824,1440,1440,1.8848772048950195,9.166975975036621,-3.1415927410125732,3.1415927410125732,0.004366355482488871
pivot_cw_2,482.004,1440,1440,1.8743788003921509,9.154909133911133,-3.1415927410125732,3.1415927410125732,0.004366355482488871
pivot_cw_2,482.187,1440,1440,1.8793854713439941,9.162430763244629,-3.1415927410125732,3.1415927410125732,0.004366355482488871
pivot_cw_2,482.367,1440,1440,1.8888400793075562,9.18030834197998,-3.1415927410125732,3.1415927410125732,0.004366355482488871
pivot_cw_2,482.547,1440,1440,1.8803986310958862,9.157633781433105,-3.1415927410125732,3.1415927410125732,0.004366355482488871
pivot_cw_2,482.73,1440,1440,1.8811672925949097,9.165445327758789,-3.1415927410125732,3.1415927410125732,0.004366355482488871
pivot_cw_2,482.91,1440,1440,1.880480408668518,9.155760765075684,-3.1415927410125732,3.1415927410125732,0.004366355482488871
pivot_cw_2,483.09,1440,1440,1.8848789930343628,9.14913272857666,-3.1415927410125732,3.1415927410125732,0.004366355482488871
pivot_cw_2,483.273,1440,1440,1.8845627307891846,9.162057876586914,-3.1415927410125732,3.1415927410125732,0.004366355482488871
pivot_cw_2,483.453,1440,1440,1.8803423643112183,9.176803588867188,-3.1415927410125732,3.1415927410125732,0.004366355482488871
reset,483.633,1440,1440,1.8811005353927612,9.149356842041016,-3.1415927410125732,3.1415927410125732,0.004366355482488871
reset,483.816,1440,1440,1.8787635564804077,9.159252166748047,-3.1415927410125732,3.1415927410125732,0.004366355482488871
reset,483.996,1440,1440,1.8845713138580322,9.170597076416016,-3.1415927410125732,3.1415927410125732,0.004366355482488871
reset,484.176,1440,1440,1.8834254741668701,9.163119316101074,-3.1415927410125732,3.1415927410125732,0.004366355482488871
reset,484.359,1440,1440,1.882117748260498,9.16086483001709,-3.1415927410125732,3.1415927410125732,0.004366355482488871
reset,484.539,1440,1440,1.8811246156692505,9.151981353759766,-3.1415927410125732,3.1415927410125732,0.004366355482488871
reset,484.719,1440,1440,1.871828317642212,9.17144775390625,-3.1415927410125732,3.1415927410125732,0.004366355482488871
reset,484.902,1440,1440,1.8832056522369385,9.175543785095215,-3.1415927410125732,3.1415927410125732,0.004366355482488871
reset,485.082,1440,1440,1.879579782485962,9.154997825622559,-3.1415927410125732,3.1415927410125732,0.004366355482488871
reset,485.262,1440,1440,1.879229187965393,9.170427322387695,-3.1415927410125732,3.1415927410125732,0.004366355482488871
reset,485.445,1440,1440,1.8823964595794678,9.164843559265137,-3.1415927410125732,3.1415927410125732,0.004366355482488871
reset,485.625,1440,1440,1.889056921005249,9.1886625289917,-3.1415927410125732,3.1415927410125732,0.004366355482488871
reset,485.805,1440,1440,1.8768280744552612,9.166043281555176,-3.1415927410125732,3.1415927410125732,0.004366355482488871
reset,485.988,1440,1440,1.8812851905822754,9.19226360321045,-3.1415927410125732,3.1415927410125732,0.004366355482488871
arc_left_2,486.168,1440,1440,1.8850805759429932,9.176173210144043,-3.1415927410125732,3.1415927410125732,0.004366355482488871
arc_left_2,486.348,1440,1440,1.8753174543380737,9.163878440856934,-3.1415927410125732,3.1415927410125732,0.004366355482488871
arc_left_2,486.531,1440,1440,1.8827459812164307,9.184093475341797,-3.1415927410125732,3.1415927410125732,0.004366355482488871
arc_left_2,486.711,1440,1440,1.8782016038894653,9.180683135986328,-3.1415927410125732,3.1415927410125732,0.004366355482488871
arc_left_2,486.891,1440,1440,1.8736331462860107,9.16752815246582,-3.1415927410125732,3.1415927410125732,0.004366355482488871
arc_left_2,487.074,1440,1440,1.8741523027420044,9.163585662841797,-3.1415927410125732,3.1415927410125732,0.004366355482488871
arc_left_2,487.254,1440,1440,1.8845270872116089,9.16325855255127,-3.1415927410125732,3.1415927410125732,0.004366355482488871
arc_left_2,487.434,1440,1440,1.8816946744918823,9.15377426147461,-3.1415927410125732,3.1415927410125732,0.004366355482488871
arc_left_2,487.617,1440,1440,1.8821773529052734,9.128610610961914,-3.1415927410125732,3.1415927410125732,0.004366355482488871
arc_left_2,487.797,1440,1440,1.8945636749267578,9.098564147949219,-3.1415927410125732,3.1415927410125732,0.004366355482488871
arc_left_2,487.977,1440,1440,1.8934825658798218,9.069775581359863,-3.1415927410125732,3.1415927410125732,0.004366355482488871
arc_left_2,488.16,1440,1440,1.900450348854065,9.054853439331055,-3.1415927410125732,3.1415927410125732,0.004366355482488871
arc_left_2,488.34,1440,1440,1.906904935836792,9.033390045166016,-3.1415927410125732,3.1415927410125732,0.004366355482488871
arc_left_2,488.52,1440,1440,1.9089813232421875,8.984772682189941,-3.1415927410125732,3.1415927410125732,0.004366355482488871
arc_left_2,488.703,1440,1440,1.9321177005767822,8.978060722351074,-3.1415927410125732,3.1415927410125732,0.004366355482488871
arc_left_2,488.883,1440,1440,1.915410041809082,8.953991889953613,-3.1415927410125732,3.1415927410125732,0.004366355482488871
arc_left_2,489.063,1440,1440,1.8806546926498413,8.887181282043457,-3.1415927410125732,3.1415927410125732,0.004366355482488871
arc_left_2,489.246,1440,1440,1.8649122714996338,8.876242637634277,-3.1415927410125732,3.1415927410125732,0.004366355482488871
arc_left_2,489.426,1440,1440,1.8225725889205933,8.827492713928223,-3.1415927410125732,3.1415927410125732,0.004366355482488871
arc_left_2,489.606,1440,1440,1.8178424835205078,8.820279121398926,-3.1415927410125732,3.1415927410125732,0.004366355482488871
arc_left_2,489.789,1440,1440,1.779183030128479,8.793571472167969,-3.1415927410125732,3.1415927410125732,0.004366355482488871
arc_left_2,489.969,1440,1440,1.7525393962860107,8.776565551757812,-3.1415927410125732,3.1415927410125732,0.004366355482488871
arc_left_2,490.149,1440,1440,1.718653917312622,8.775619506835938,-3.1415927410125732,3.1415927410125732,0.004366355482488871
arc_left_2,490.332,1440,1440,1.7151645421981812,8.751741409301758,-3.1415927410125732,3.1415927410125732,0.004366355482488871
arc_left_2,490.512,1440,1440,1.6855405569076538,8.75764274597168,-3.1415927410125732,3.1415927410125732,0.004366355482488871
arc_left_2,490.692,1440,1440,1.6595643758773804,8.739413261413574,-3.1415927410125732,3.1415927410125732,0.004366355482488871
arc_left_2,490.875,1440,1440,1.6483060121536255,8.739130973815918,-3.1415927410125732,3.1415927410125732,0.004366355482488871
arc_left_2,491.055,1440,1440,1.6197248697280884,8.719165802001953,-3.1415927410125732,3.1415927410125732,0.004366355482488871
arc_left_2,491.235,1440,1440,1.61055326461792,8.714591026306152,-3.1415927410125732,3.1415927410125732,0.004366355482488871
arc_left_2,491.418,1440,1440,1.5882630348205566,8.720391273498535,-3.1415927410125732,3.1415927410125732,0.004366355482488871
arc_left_2,491.598,1440,1440,1.5731990337371826,8.713043212890625,-3.1415927410125732,3.1415927410125732,0.004366355482488871
arc_left_2,491.778,1440,1440,1.5652992725372314,8.723065376281738,-3.1415927410125732,3.1415927410125732,0.004366355482488871
arc_left_2,491.961,1440,1440,1.5567612648010254,8.723118782043457,-3.1415927410125732,3.1415927410125732,0.004366355482488871
arc_left_2,492.141,1440,1440,1.5187097787857056,8.710814476013184,-3.1415927410125732,3.1415927410125732,0.004366355482488871
arc_left_2,492.321,1440,1440,1.5379626750946045,8.7481689453125,-3.1415927410125732,3.1415927410125732,0.004366355482488871
arc_left_2,492.504,1440,1440,1.5191665887832642,8.73343276977539,-3.1415927410125732,3.1415927410125732,0.004366355482488871
arc_left_2,492.684,1440,1440,1.5099176168441772,8.732556343078613,-3.1415927410125732,3.1415927410125732,0.004366355482488871
arc_left_2,492.864,1440,1440,1.510725736618042,8.761216163635254,-3.1415927410125732,3.1415927410125732,0.004366355482488871
arc_left_2,493.047,1440,1440,1.519906759262085,8.75965690612793,-3.1415927410125732,3.1415927410125732,0.004366355482488871
arc_left_2,493.227,1440,1440,1.5191142559051514,8.766731262207031,-3.1415927410125732,3.1415927410125732,0.004366355482488871
arc_left_2,493.407,1440,1440,1.4928220510482788,8.768919944763184,-3.1415927410125732,3.1415927410125732,0.004366355482488871
arc_left_2,493.59,1440,1440,1.5134762525558472,8.772706985473633,-3.1415927410125732,3.1415927410125732,0.004366355482488871
arc_left_2,493.77,1440,1440,1.5082173347473145,8.767570495605469,-3.1415927410125732,3.1415927410125732,0.004366355482488871
arc_left_2,493.95,1440,1440,1.5120799541473389,8.763250350952148,-3.1415927410125732,3.1415927410125732,0.004366355482488871
arc_left_2,494.133,1440,1440,1.5198758840560913,8.769783973693848,-3.1415927410125732,3.1415927410125732,0.004366355482488871
arc_left_2,494.313,1440,1440,1.5144752264022827,8.76953411102295,-3.1415927410125732,3.1415927410125732,0.004366355482488871
arc_left_2,494.493,1440,1440,1.510949969291687,8.766124725341797,-3.1415927410125732,3.1415927410125732,0.004366355482488871
arc_left_2,494.676,1440,1440,1.5128424167633057,8.762335777282715,-3.1415927410125732,3.1415927410125732,0.004366355482488871
arc_left_2,494.856,1440,1440,1.5207953453063965,8.772778511047363,-3.1415927410125732,3.1415927410125732,0.004366355482488871
arc_left_2,495.036,1440,1440,1.5205789804458618,8.779630661010742,-3.1415927410125732,3.1415927410125732,0.004366355482488871
arc_left_2,495.219,1440,1440,1.5221068859100342,8.768589973449707,-3.1415927410125732,3.1415927410125732,0.004366355482488871
arc_left_2,495.399,1440,1440,1.505711317062378,8.777164459228516,-3.1415927410125732,3.1415927410125732,0.004366355482488871
arc_left_2,495.579,1440,1440,1.513838291168213,8.784353256225586,-3.1415927410125732,3.1415927410125732,0.004366355482488871
arc_left_2,495.762,1440,1440,1.5148048400878906,8.785482406616211,-3.1415927410125732,3.1415927410125732,0.004366355482488871
arc_left_2,495.942,1440,1440,1.5050067901611328,8.773308753967285,-3.1415927410125732,3.1415927410125732,0.004366355482488871
reset,496.122,1440,1440,1.5079083442687988,8.766626358032227,-3.1415927410125732,3.1415927410125732,0.004366355482488871
reset,496.305,1440,1440,1.5149670839309692,8.768631935119629,-3.1415927410125732,3.1415927410125732,0.004366355482488871
reset,496.485,1440,1440,1.507263422012329,8.78865909576416,-3.1415927410125732,3.1415927410125732,0.004366355482488871
reset,496.665,1440,1440,1.5106688737869263,8.770148277282715,-3.1415927410125732,3.1415927410125732,0.004366355482488871
reset,496.848,1440,1440,1.5194181203842163,8.775733947753906,-3.1415927410125732,3.1415927410125732,0.004366355482488871
reset,497.028,1440,1440,1.5023062229156494,8.78347110748291,-3.1415927410125732,3.1415927410125732,0.004366355482488871
reset,497.208,1440,1440,1.511254906654358,8.777493476867676,-3.1415927410125732,3.1415927410125732,0.004366355482488871
reset,497.391,1440,1440,1.8815492391586304,9.164392471313477,-3.1415927410125732,3.1415927410125732,0.004366355482488871
reset,497.571,1440,1440,1.8782415390014648,9.178180694580078,-3.1415927410125732,3.1415927410125732,0.004366355482488871
reset,497.751,1440,1440,1.8747719526290894,9.174408912658691,-3.1415927410125732,3.1415927410125732,0.004366355482488871
reset,497.934,1440,1440,1.8864729404449463,9.172188758850098,-3.1415927410125732,3.1415927410125732,0.004366355482488871
reset,498.114,1440,1440,1.8767802715301514,9.171683311462402,-3.1415927410125732,3.1415927410125732,0.004366355482488871
reset,498.294,1440,1440,1.8866127729415894,9.169774055480957,-3.1415927410125732,3.1415927410125732,0.004366355482488871
reset,498.477,1440,1440,1.8676631450653076,9.162208557128906,-3.1415927410125732,3.1415927410125732,0.004366355482488871
arc_right_2,498.657,1440,1440,1.875474214553833,9.17518424987793,-3.1415927410125732,3.1415927410125732,0.004366355482488871
arc_right_2,498.837,1440,1440,1.881595253944397,9.188231468200684,-3.1415927410125732,3.1415927410125732,0.004366355482488871
arc_right_2,499.02,1440,1440,1.8795616626739502,9.16754150390625,-3.1415927410125732,3.1415927410125732,0.004366355482488871
arc_right_2,499.2,1440,1440,1.868343710899353,9.171146392822266,-3.1415927410125732,3.1415927410125732,0.004366355482488871
arc_right_2,499.38,1440,1440,1.8780534267425537,9.179627418518066,-3.1415927410125732,3.1415927410125732,0.004366355482488871
arc_right_2,499.563,1440,1440,1.8834822177886963,9.169681549072266,-3.1415927410125732,3.1415927410125732,0.004366355482488871
arc_right_2,499.743,1440,1440,1.8813982009887695,9.160392761230469,-3.1415927410125732,3.1415927410125732,0.004366355482488871
arc_right_2,499.923,1440,1440,1.8781484365463257,9.142029762268066,-3.1415927410125732,3.1415927410125732,0.004366355482488871
arc_right_2,500.106,1440,1440,1.8848963975906372,9.122217178344727,-3.1415927410125732,3.1415927410125732,0.004366355482488871
arc_right_2,500.286,1440,1440,1.8756043910980225,9.103096008300781,-3.1415927410125732,3.1415927410125732,0.004366355482488871
arc_right_2,500.466,1440,1440,1.8660645484924316,9.089234352111816,-3.1415927410125732,3.1415927410125732,0.004366355482488871
arc_right_2,500.649,1440,1440,1.8580377101898193,9.07332706451416,-3.1415927410125732,3.1415927410125732,0.004366355482488871
arc_right_2,500.829,1440,1440,1.8624262809753418,9.066606521606445,-3.1415927410125732,3.1415927410125732,0.004366355482488871
arc_right_2,501.009,1440,1440,1.8483266830444336,9.02966022491455,-3.1415927410125732,3.1415927410125732,0.004366355482488871
arc_right_2,501.192,1440,1440,1.8375251293182373,9.022977828979492,-3.1415927410125732,3.1415927410125732,0.004366355482488871
arc_right_2,501.372,1440,1440,1.8300974369049072,9.019731521606445,-3.1415927410125732,3.1415927410125732,0.004366355482488871
arc_right_2,501.552,1440,1440,1.8146313428878784,9.010296821594238,-3.1415927410125732,3.1415927410125732,0.004366355482488871
arc_right_2,501.735,1440,1440,1.7964409589767456,9.004095077514648,-3.1415927410125732,3.1415927410125732,0.004366355482488871
arc_right_2,501.915,1440,1440,1.7830071449279785,8.994709968566895,-3.1415927410125732,3.1415927410125732,0.004366355482488871
arc_right_2,502.095,1440,1440,1.758375883102417,8.98440933227539,-3.1415927410125732,3.1415927410125732,0.004366355482488871
arc_right_2,502.278,1440,1440,1.7513303756713867,8.99245834350586,-3.1415927410125732,3.1415927410125732,0.004366355482488871
arc_right_2,502.458,1440,1440,1.716526746749878,8.994412422180176,-3.1415927410125732,3.1415927410125732,0.004366355482488871
arc_right_2,502.638,1440,1440,1.7060009241104126,9.020883560180664,-3.1415927410125732,3.1415927410125732,0.004366355482488871
arc_right_2,502.821,1440,1440,1.6805485486984253,9.020598411560059,-3.1415927410125732,3.1415927410125732,0.004366355482488871
arc_right_2,503.001,1440,1440,1.6605193614959717,9.01284122467041,-3.1415927410125732,3.1415927410125732,0.004366355482488871
arc_right_2,503.181,1440,1440,1.6333359479904175,9.053617477416992,-3.1415927410125732,3.1415927410125732,0.004366355482488871
arc_right_2,503.364,1440,1440,1.6023733615875244,9.050278663635254,-3.1415927410125732,3.1415927410125732,0.004366355482488871
arc_right_2,503.544,1440,1440,1.5820636749267578,9.078644752502441,-3.1415927410125732,3.1415927410125732,0.004366355482488871
arc_right_2,503.724,1440,1440,1.5644903182983398,9.134420394897461,-3.1415927410125732,3.1415927410125732,0.004366355482488871
arc_right_2,503.907,1440,1440,1.5390325784683228,9.106168746948242,-3.1415927410125732,3.1415927410125732,0.004366355482488871
arc_right_2,504.087,1440,1440,1.512885332107544,9.158698081970215,-3.1415927410125732,3.1415927410125732,0.004366355482488871
arc_right_2,504.267,1440,1440,1.4955130815505981,9.165860176086426,-3.1415927410125732,3.1415927410125732,0.004366355482488871
arc_right_2,504.45,1440,1440,1.4668023586273193,9.20842170715332,-3.1415927410125732,3.1415927410125732,0.004366355482488871
arc_right_2,504.63,1440,1440,1.4423424005508423,9.232172966003418,-3.1415927410125732,3.1415927410125732,0.004366355482488871
arc_right_2,504.81,1440,1440,1.4123502969741821,9.25861644744873,-3.1415927410125732,3.1415927410125732,0.004366355482488871
arc_right_2,504.993,1440,1440,1.3788952827453613,9.311016082763672,-3.1415927410125732,3.1415927410125732,0.004366355482488871
arc_right_2,505.173,1440,1440,1.3511383533477783,9.33297061920166,-3.1415927410125732,3.1415927410125732,0.004366355482488871
arc_right_2,505.353,1440,1440,1.3268938064575195,9.388399124145508,-3.1415927410125732,3.1415927410125732,0.004366355482488871
arc_right_2,505.536,1440,1440,1.3093172311782837,9.439413070678711,-3.1415927410125732,3.1415927410125732,0.004366355482488871
arc_right_2,505.716,1440,1440,1.2785929441452026,9.44111442565918,-3.1415927410125732,3.1415927410125732,0.004366355482488871
arc_right_2,505.896,1440,1440,1.2727006673812866,9.478569984436035,-3.1415927410125732,3.1415927410125732,0.004366355482488871
arc_right_2,506.079,1440,1440,1.2701258659362793,9.455018997192383,-3.1415927410125732,3.1415927410125732,0.004366355482488871
arc_right_2,506.259,1440,1440,1.2740254402160645,9.457934379577637,-3.1415927410125732,3.1415927410125732,0.004366355482488871
arc_right_2,506.439,1440,1440,1.2802236080169678,9.455633163452148,-3.1415927410125732,3.1415927410125732,0.004366355482488871
arc_right_2,506.622,1440,1440,1.2743957042694092,9.45668888092041,-3.1415927410125732,3.1415927410125732,0.004366355482488871
arc_right_2,506.802,1440,1440,1.2689297199249268,9.462392807006836,-3.1415927410125732,3.1415927410125732,0.004366355482488871
arc_right_2,506.982,1440,1440,1.2680113315582275,9.457212448120117,-3.1415927410125732,3.1415927410125732,0.004366355482488871
arc_right_2,507.165,1440,1440,1.2703194618225098,9.474051475524902,-3.1415927410125732,3.1415927410125732,0.004366355482488871
arc_right_2,507.345,1440,1440,1.2748947143554688,9.46345329284668,-3.1415927410125732,3.1415927410125732,0.004366355482488871
arc_right_2,507.525,1440,1440,1.2706964015960693,9.480674743652344,-3.1415927410125732,3.1415927410125732,0.004366355482488871
arc_right_2,507.708,1440,1440,1.263407826423645,9.474696159362793,-3.1415927410125732,3.1415927410125732,0.004366355482488871
arc_right_2,507.888,1440,1440,1.2718801498413086,9.477560997009277,-3.1415927410125732,3.1415927410125732,0.004366355482488871
arc_right_2,508.068,1440,1440,1.2772358655929565,9.456581115722656,-3.1415927410125732,3.1415927410125732,0.004366355482488871
arc_right_2,508.251,1440,1440,1.2657238245010376,9.456603050231934,-3.1415927410125732,3.1415927410125732,0.004366355482488871
arc_right_2,508.431,1440,1440,1.262467861175537,9.462146759033203,-3.1415927410125732,3.1415927410125732,0.004366355482488871
reset,508.611,1440,1440,1.2708708047866821,9.461901664733887,-3.1415927410125732,3.1415927410125732,0.004366355482488871
reset,508.794,1440,1440,1.2613511085510254,9.46023941040039,-3.1415927410125732,3.1415927410125732,0.004366355482488871
reset,508.974,1440,1440,1.2689987421035767,9.449956893920898,-3.1415927410125732,3.1415927410125732,0.004366355482488871
reset,509.154,1440,1440,1.262455701828003,9.469152450561523,-3.1415927410125732,3.1415927410125732,0.004366355482488871
reset,509.337,1440,1440,1.2632800340652466,9.457243919372559,-3.1415927410125732,3.1415927410125732,0.004366355482488871
reset,509.517,1440,1440,1.265276312828064,9.452363967895508,-3.1415927410125732,3.1415927410125732,0.004366355482488871
reset,509.697,1440,1440,1.2684314250946045,9.454376220703125,-3.1415927410125732,3.1415927410125732,0.004366355482488871
reset,509.88,1440,1440,1.8772083520889282,9.169576644897461,-3.1415927410125732,3.1415927410125732,0.004366355482488871
reset,510.06,1440,1440,1.8794540166854858,9.165794372558594,-3.1415927410125732,3.1415927410125732,0.004366355482488871
reset,510.24,1440,1440,1.8799563646316528,9.168533325195312,-3.1415927410125732,3.1415927410125732,0.004366355482488871
reset,510.423,1440,1440,1.8794351816177368,9.177412033081055,-3.1415927410125732,3.1415927410125732,0.004366355482488871
reset,510.603,1440,1440,1.8828665018081665,9.181209564208984,-3.1415927410125732,3.1415927410125732,0.004366355482488871
reset,510.783,1440,1440,1.8723104000091553,9.182622909545898,-3.1415927410125732,3.1415927410125732,0.004366355482488871
reset,510.966,1440,1440,1.8763256072998047,9.173471450805664,-3.1415927410125732,3.1415927410125732,0.004366355482488871
brake_2,511.146,1440,1440,1.8817987442016602,9.168606758117676,-3.1415927410125732,3.1415927410125732,0.004366355482488871
brake_2,511.326,1440,1440,1.8772413730621338,9.183881759643555,-3.1415927410125732,3.1415927410125732,0.004366355482488871
brake_2,511.509,1440,1440,1.8823463916778564,9.182479858398438,-3.1415927410125732,3.1415927410125732,0.004366355482488871
brake_2,511.689,1440,1440,1.8837742805480957,9.184148788452148,-3.1415927410125732,3.1415927410125732,0.004366355482488871
brake_2,511.869,1440,1440,1.8765000104904175,9.176088333129883,-3.1415927410125732,3.1415927410125732,0.004366355482488871
brake_2,512.052,1440,1440,1.8838653564453125,9.183816909790039,-3.1415927410125732,3.1415927410125732,0.004366355482488871
brake_2,512.232,1440,1440,1.8868387937545776,9.181865692138672,-3.1415927410125732,3.1415927410125732,0.004366355482488871
brake_2,512.412,1440,1440,1.875525951385498,9.148582458496094,-3.1415927410125732,3.1415927410125732,0.004366355482488871
brake_2,512.595,1440,1440,1.884275197982788,9.136770248413086,-3.1415927410125732,3.1415927410125732,0.004366355482488871
brake_2,512.775,1440,1440,1.8764386177062988,9.115239143371582,-3.1415927410125732,3.1415927410125732,0.004366355482488871
brake_2,512.955,1440,1440,1.882837176322937,9.07145881652832,-3.1415927410125732,3.1415927410125732,0.004366355482488871
brake_2,513.138,1440,1440,1.8854717016220093,9.007950782775879,-3.1415927410125732,3.1415927410125732,0.004366355482488871
brake_2,513.318,1440,1440,1.8814421892166138,8.954178810119629,-3.1415927410125732,3.1415927410125732,0.004366355482488871
brake_2,513.498,1440,1440,1.8799718618392944,8.912657737731934,-3.1415927410125732,3.1415927410125732,0.004366355482488871
brake_2,513.681,1440,1440,1.8136084079742432,8.871356010437012,-3.1415927410125732,3.1415927410125732,0.004366355482488871
brake_2,513.861,1440,1440,1.776858925819397,8.827434539794922,-3.1415927410125732,3.1415927410125732,0.004366355482488871
brake_2,514.041,1440,1440,1.7237461805343628,8.783541679382324,-3.1415927410125732,3.1415927410125732,0.004366355482488871
brake_2,514.224,1440,1440,1.6781034469604492,8.74184513092041,-3.1415927410125732,3.1415927410125732,0.004366355482488871
brake_2,514.404,1440,1440,1.630395531654358,8.700501441955566,-3.1415927410125732,3.1415927410125732,0.004366355482488871
brake_2,514.584,1440,1440,1.590305209159851,8.652108192443848,-3.1415927410125732,3.1415927410125732,0.004366355482488871
brake_2,514.767,1440,1440,1.5396045446395874,8.61258602142334,-3.1415927410125732,3.1415927410125732,0.004366355482488871
brake_2,514.947,1440,1440,1.4855595827102661,8.579568862915039,-3.1415927410125732,3.1415927410125732,0.004366355482488871
brake_2,515.127,1440,1440,1.4453624486923218,8.548551559448242,-3.1415927410125732,3.1415927410125732,0.004366355482488871
brake_2,515.31,1440,1440,1.3885443210601807,8.504059791564941,-3.1415927410125732,3.1415927410125732,0.004366355482488871
brake_2,515.49,1440,1440,1.3512078523635864,8.472382545471191,-3.1415927410125732,3.1415927410125732,0.004366355482488871
brake_2,515.67,1440,1440,1.3155032396316528,8.43081283569336,-3.1415927410125732,3.1415927410125732,0.004366355482488871
brake_2,515.853,1440,1440,1.26386296749115,8.396073341369629,-3.1415927410125732,3.1415927410125732,0.004366355482488871
brake_2,516.033,1440,1440,1.240689754486084,8.37179183959961,-3.1415927410125732,3.1415927410125732,0.004366355482488871
brake_2,516.213,1440,1440,1.1837583780288696,8.3403959274292,-3.1415927410125732,3.1415927410125732,0.004366355482488871
brake_2,516.396,1440,1440,1.17157781124115,8.322229385375977,-3.1415927410125732,3.1415927410125732,0.004366355482488871
brake_2,516.576,1440,1440,1.14559006690979,8.309175491333008,-3.1415927410125732,3.1415927410125732,0.004366355482488871
brake_2,516.756,1440,1440,1.134132981300354,8.302632331848145,-3.1415927410125732,3.1415927410125732,0.004366355482488871
brake_2,516.939,1440,1440,1.1465939283370972,8.29528522491455,-3.1415927410125732,3.1415927410125732,0.004366355482488871
brake_2,517.119,1440,1440,1.1390721797943115,8.288949966430664,-3.1415927410125732,3.1415927410125732,0.004366355482488871
brake_2,517.299,1440,1440,1.1465802192687988,8.29750919342041,-3.1415927410125732,3.1415927410125732,0.004366355482488871
brake_2,517.482,1440,1440,1.140505313873291,8.281429290771484,-3.1415927410125732,3.1415927410125732,0.004366355482488871
brake_2,517.662,1440,1440,1.1464108228683472,8.308844566345215,-3.1415927410125732,3.1415927410125732,0.004366355482488871
brake_2,517.842,1440,1440,1.1466866731643677,8.3062744140625,-3.1415927410125732,3.1415927410125732,0.004366355482488871
brake_2,518.025,1440,1440,1.132352590560913,8.299457550048828,-3.1415927410125732,3.1415927410125732,0.004366355482488871
brake_2,518.205,1440,1440,1.1328380107879639,8.305394172668457,-3.1415927410125732,3.1415927410125732,0.004366355482488871
brake_2,518.385,1440,1440,1.150601863861084,8.305489540100098,-3.1415927410125732,3.1415927410125732,0.004366355482488871
brake_2,518.568,1440,1440,1.1418206691741943,8.295613288879395,-3.1415927410125732,3.1415927410125732,0.004366355482488871
brake_2,518.748,1440,1440,1.1348429918289185,8.301151275634766,-3.1415927410125732,3.1415927410125732,0.004366355482488871
brake_2,518.928,1440,1440,1.143052339553833,8.306964874267578,-3.1415927410125732,3.1415927410125732,0.004366355482488871
reset,519.111,1440,1440,1.151394248008728,8.30257511138916,-3.1415927410125732,3.1415927410125732,0.004366355482488871
reset,519.291,1440,1440,1.1473411321640015,8.314313888549805,-3.1415927410125732,3.1415927410125732,0.004366355482488871
reset,519.471,1440,1440,1.1387437582015991,8.304088592529297,-3.1415927410125732,3.1415927410125732,0.004366355482488871
reset,519.654,1440,1440,1.1437379121780396,8.300793647766113,-3.1415927410125732,3.1415927410125732,0.004366355482488871
reset,519.834,1440,1440,1.1464414596557617,8.292808532714844,-3.1415927410125732,3.1415927410125732,0.004366355482488871
reset,520.014,1440,1440,1.153198003768921,8.298640251159668,-3.1415927410125732,3.1415927410125732,0.004366355482488871
reset,520.197,1440,1440,1.1443113088607788,8.303597450256348,-3.1415927410125732,3.1415927410125732,0.004366355482488871
reset,520.377,1440,1440,1.8829177618026733,9.153972625732422,-3.1415927410125732,3.1415927410125732,0.004366355482488871
reset,520.557,1440,1440,1.8803527355194092,9.174452781677246,-3.1415927410125732,3.1415927410125732,0.004366355482488871
reset,520.74,1440,1440,1.881507158279419,9.174043655395508,-3.1415927410125732,3.1415927410125732,0.004366355482488871
reset,520.92,1440,1440,1.8863078355789185,9.181548118591309,-3.1415927410125732,3.1415927410125732,0.004366355482488871
reset,521.1,1440,1440,1.878523826599121,9.171558380126953,-3.1415927410125732,3.1415927410125732,0.004366355482488871
reset,521.283,1440,1440,1.879441261291504,9.170028686523438,-3.1415927410125732,3.1415927410125732,0.004366355482488871
reset,521.463,1440,1440,1.882312536239624,9.175970077514648,-3.1415927410125732,3.1415927410125732,0.004366355482488871
forward_3,521.643,1440,1440,1.8766396045684814,9.176520347595215,-3.1415927410125732,3.1415927410125732,0.004366355482488871
forward_3,521.826,1440,1440,1.8830668926239014,9.180061340332031,-3.1415927410125732,3.1415927410125732,0.004366355482488871
forward_3,522.006,1440,1440,1.875340461730957,9.180001258850098,-3.1415927410125732,3.1415927410125732,0.004366355482488871
forward_3,522.186,1440,1440,1.8830918073654175,9.169183731079102,-3.1415927410125732,3.1415927410125732,0.004366355482488871
forward_3,522.369,1440,1440,1.8795084953308105,9.164728164672852,-3.1415927410125732,3.1415927410125732,0.004366355482488871
forward_3,522.549,1440,1440,1.8804500102996826,9.170488357543945,-3.1415927410125732,3.1415927410125732,0.004366355482488871
forward_3,522.729,1440,1440,1.8899757862091064,9.155416488647461,-3.1415927410125732,3.1415927410125732,0.004366355482488871
forward_3,522.912,1440,1440,1.8788983821868896,9.148367881774902,-3.1415927410125732,3.1415927410125732,0.004366355482488871
forward_3,523.092,1440,1440,1.884727120399475,9.143325805664062,-3.1415927410125732,3.1415927410125732,0.004366355482488871
forward_3,523.272,1440,1440,1.8730155229568481,9.109006881713867,-3.1415927410125732,3.1415927410125732,0.004366355482488871
forward_3,523.455,1440,1440,1.881672978401184,9.062398910522461,-3.1415927410125732,3.1415927410125732,0.004366355482488871
forward_3,523.635,1440,1440,1.8790509700775146,9.046960830688477,-3.1415927410125732,3.1415927410125732,0.004366355482488871
forward_3,523.815,1440,1440,1.8808001279830933,8.989784240722656,-3.1415927410125732,3.1415927410125732,0.004366355482488871
forward_3,523.998,1440,1440,1.8806023597717285,8.980963706970215,-3.1415927410125732,3.1415927410125732,0.004366355482488871
forward_3,524.178,1440,1440,1.8794951438903809,8.962794303894043,-3.1415927410125732,3.1415927410125732,0.004366355482488871
forward_3,524.358,1440,1440,1.868483543395996,8.928841590881348,-3.1415927410125732,3.1415927410125732,0.004366355482488871
forward_3,524.541,1440,1440,1.8472723960876465,8.8839693069458,-3.1415927410125732,3.1415927410125732,0.004366355482488871
forward_3,524.721,1440,1440,1.8063005208969116,8.855026245117188,-3.1415927410125732,3.1415927410125732,0.004366355482488871
forward_3,524.901,1440,1440,1.7810206413269043,8.840901374816895,-3.1415927410125732,3.1415927410125732,0.004366355482488871
forward_3,525.084,1440,1440,1.7517387866973877,8.794511795043945,-3.1415927410125732,3.1415927410125732,0.004366355482488871
forward_3,525.264,1440,1440,1.7053323984146118,8.751241683959961,-3.1415927410125732,3.1415927410125732,0.004366355482488871
forward_3,525.444,1440,1440,1.6691755056381226,8.746136665344238,-3.1415927410125732,3.1415927410125732,0.004366355482488871
forward_3,525.627,1440,1440,1.6509984731674194,8.706707954406738,-3.1415927410125732,3.1415927410125732,0.004366355482488871
forward_3,525.807,1440,1440,1.6107439994812012,8.675935745239258,-3.1415927410125732,3.1415927410125732,0.004366355482488871
forward_3,525.987,1440,1440,1.5937477350234985,8.656600952148438,-3.1415927410125732,3.1415927410125732,0.004366355482488871
forward_3,526.17,1440,1440,1.5527307987213135,8.633380889892578,-3.1415927410125732,3.1415927410125732,0.004366355482488871
forward_3,526.35,1440,1440,1.5307217836380005,8.624408721923828,-3.1415927410125732,3.1415927410125732,0.004366355482488871
forward_3,526.53,1440,1440,1.4827927350997925,8.574250221252441,-3.1415927410125732,3.1415927410125732,0.004366355482488871
forward_3,526.713,1440,1440,1.4655842781066895,8.557533264160156,-3.1415927410125732,3.1415927410125732,0.004366355482488871
forward_3,526.893,1440,1440,1.4330904483795166,8.529853820800781,-3.1415927410125732,3.1415927410125732,0.004366355482488871
forward_3,527.073,1440,1440,1.3971503973007202,8.507472038269043,-3.1415927410125732,3.1415927410125732,0.004366355482488871
forward_3,527.256,1440,1440,1.3758093118667603,8.486268997192383,-3.1415927410125732,3.1415927410125732,0.004366355482488871
forward_3,527.436,1440,1440,1.3393192291259766,8.438868522644043,-3.1415927410125732,3.1415927410125732,0.004366355482488871
forward_3,527.616,1440,1440,1.3250542879104614,8.44179630279541,-3.1415927410125732,3.1415927410125732,0.004366355482488871
forward_3,527.799,1440,1440,1.297349214553833,8.41775894165039,-3.1415927410125732,3.1415927410125732,0.004366355482488871
forward_3,527.979,1440,1440,1.286920428276062,8.414674758911133,-3.1415927410125732,3.1415927410125732,0.004366355482488871
forward_3,528.159,1440,1440,1.269152045249939,8.411941528320312,-3.1415927410125732,3.1415927410125732,0.004366355482488871
forward_3,528.342,1440,1440,1.2852424383163452,8.416778564453125,-3.1415927410125732,3.1415927410125732,0.004366355482488871
forward_3,528.522,1440,1440,1.2808138132095337,8.417023658752441,-3.1415927410125732,3.1415927410125732,0.004366355482488871
forward_3,528.702,1440,1440,1.2762951850891113,8.417372703552246,-3.1415927410125732,3.1415927410125732,0.004366355482488871
forward_3,528.885,1440,1440,1.2864727973937988,8.422307968139648,-3.1415927410125732,3.1415927410125732,0.004366355482488871
forward_3,529.065,1440,1440,1.2896153926849365,8.413249015808105,-3.1415927410125732,3.1415927410125732,0.004366355482488871
forward_3,529.245,1440,1440,1.2796307802200317,8.39521312713623,-3.1415927410125732,3.1415927410125732,0.004366355482488871
forward_3,529.428,1440,1440,1.2873014211654663,8.40656566619873,-3.1415927410125732,3.1415927410125732,0.004366355482488871
forward_3,529.608,1440,1440,1.2859832048416138,8.40625,-3.1415927410125732,3.1415927410125732,0.004366355482488871
forward_3,529.788,1440,1440,1.2884479761123657,8.402589797973633,-3.1415927410125732,3.1415927410125732,0.004366355482488871
forward_3,529.971,1440,1440,1.2887037992477417,8.411535263061523,-3.1415927410125732,3.1415927410125732,0.004366355482488871
forward_3,530.151,1440,1440,1.2978312969207764,8.40696907043457,-3.1415927410125732,3.1415927410125732,0.004366355482488871
forward_3,530.331,1440,1440,1.2741140127182007,8.424851417541504,-3.1415927410125732,3.1415927410125732,0.004366355482488871
forward_3,530.514,1440,1440,1.2687000036239624,8.413336753845215,-3.1415927410125732,3.1415927410125732,0.004366355482488871
reset,530.694,1440,1440,1.2830886840820312,8.40332317352295,-3.1415927410125732,3.1415927410125732,0.004366355482488871
reset,530.874,1440,1440,1.279588222503662,8.407233238220215,-3.1415927410125732,3.1415927410125732,0.004366355482488871
reset,531.057,1440,1440,1.2892130613327026,8.413860321044922,-3.1415927410125732,3.1415927410125732,0.004366355482488871
reset,531.237,1440,1440,1.2946488857269287,8.401617050170898,-3.1415927410125732,3.1415927410125732,0.004366355482488871
reset,531.417,1440,1440,1.2797119617462158,8.433621406555176,-3.1415927410125732,3.1415927410125732,0.004366355482488871
reset,531.6,1440,1440,1.280497670173645,8.420202255249023,-3.1415927410125732,3.1415927410125732,0.004366355482488871
reset,531.78,1440,1440,1.282017707824707,8.427695274353027,-3.1415927410125732,3.1415927410125732,0.004366355482488871
reset,531.96,1440,1440,1.8656429052352905,9.167647361755371,-3.1415927410125732,3.1415927410125732,0.004366355482488871
reset,532.143,1440,1440,1.8859418630599976,9.168768882751465,-3.1415927410125732,3.1415927410125732,0.004366355482488871
reset,532.323,1440,1440,1.8790937662124634,9.16505241394043,-3.1415927410125732,3.1415927410125732,0.004366355482488871
reset,532.503,1440,1440,1.885665774345398,9.173759460449219,-3.1415927410125732,3.1415927410125732,0.004366355482488871
reset,532.686,1440,1440,1.8745949268341064,9.16470718383789,-3.1415927410125732,3.1415927410125732,0.004366355482488871
reset,532.866,1440,1440,1.8831393718719482,9.167475700378418,-3.1415927410125732,3.1415927410125732,0.004366355482488871
reverse_3,533.046,1440,1440,1.8860265016555786,9.170597076416016,-3.1415927410125732,3.1415927410125732,0.004366355482488871
reverse_3,533.229,1440,1440,1.8770772218704224,9.168023109436035,-3.1415927410125732,3.1415927410125732,0.004366355482488871
reverse_3,533.409,1440,1440,1.8804413080215454,9.166399002075195,-3.1415927410125732,3.1415927410125732,0.004366355482488871
reverse_3,533.589,1440,1440,1.876897931098938,9.165560722351074,-3.1415927410125732,3.1415927410125732,0.004366355482488871
reverse_3,533.772,1440,1440,1.8762094974517822,9.165361404418945,-3.1415927410125732,3.1415927410125732,0.004366355482488871
reverse_3,533.952,1440,1440,1.8818355798721313,9.16805648803711,-3.1415927410125732,3.1415927410125732,0.004366355482488871
reverse_3,534.132,1440,1440,1.8829693794250488,9.165949821472168,-3.1415927410125732,3.1415927410125732,0.004366355482488871
reverse_3,534.315,1440,1440,1.8771579265594482,9.185690879821777,-3.1415927410125732,3.1415927410125732,0.004366355482488871
reverse_3,534.495,1440,1440,1.8834102153778076,9.207663536071777,-3.1415927410125732,3.1415927410125732,0.004366355482488871
reverse_3,534.675,1440,1440,1.8833593130111694,9.237652778625488,-3.1415927410125732,3.1415927410125732,0.004366355482488871
reverse_3,534.858,1440,1440,1.8711705207824707,9.265178680419922,-3.1415927410125732,3.1415927410125732,0.004366355482488871
reverse_3,535.038,1440,1440,1.8811547756195068,9.310731887817383,-3.1415927410125732,3.1415927410125732,0.004366355482488871
reverse_3,535.218,1440,1440,1.8673831224441528,9.327265739440918,-3.1415927410125732,3.1415927410125732,0.004366355482488871
reverse_3,535.401,1440,1440,1.882502555847168,9.367555618286133,-3.1415927410125732,3.1415927410125732,0.004366355482488871
reverse_3,535.581,1440,1440,1.8871726989746094,9.393522262573242,-3.1415927410125732,3.1415927410125732,0.004366355482488871
reverse_3,535.761,1440,1440,1.8867484331130981,9.41569995880127,-3.1415927410125732,3.1415927410125732,0.004366355482488871
reverse_3,535.944,1440,1440,1.8734859228134155,9.454768180847168,-3.1415927410125732,3.1415927410125732,0.004366355482488871
reverse_3,536.124,1440,1440,1.8862316608428955,9.487201690673828,-3.1415927410125732,3.1415927410125732,0.004366355482488871
reverse_3,536.304,1440,1440,1.8876997232437134,9.533873558044434,-3.1415927410125732,3.1415927410125732,0.004366355482488871
reverse_3,536.487,1440,1440,1.8697924613952637,9.546634674072266,-3.1415927410125732,3.1415927410125732,0.004366355482488871
reverse_3,536.667,1440,1440,1.8833096027374268,9.592691421508789,-3.1415927410125732,3.1415927410125732,0.004366355482488871
reverse_3,536.847,1440,1440,1.8867276906967163,9.61741828918457,-3.1415927410125732,3.1415927410125732,0.004366355482488871
reverse_3,537.03,1440,1440,1.87995445728302,9.655447006225586,-3.1415927410125732,3.1415927410125732,0.004366355482488871
reverse_3,537.21,1440,1440,1.8751850128173828,9.681918144226074,-3.1415927410125732,3.1415927410125732,0.004366355482488871
reverse_3,537.39,1440,1440,1.8831884860992432,9.732952117919922,-3.1415927410125732,3.1415927410125732,0.004366355482488871
reverse_3,537.573,1440,1440,1.8780263662338257,9.764398574829102,-3.1415927410125732,3.1415927410125732,0.004366355482488871
reverse_3,537.753,1440,1440,1.8875123262405396,9.784266471862793,-3.1415927410125732,3.1415927410125732,0.004366355482488871
reverse_3,537.933,1440,1440,1.8880815505981445,9.822654724121094,-3.1415927410125732,3.1415927410125732,0.004366355482488871
reverse_3,538.116,1440,1440,1.8818145990371704,9.855250358581543,-3.1415927410125732,3.1415927410125732,0.004366355482488871
reverse_3,538.296,1440,1440,1.8838144540786743,9.886407852172852,-3.1415927410125732,3.1415927410125732,0.004366355482488871
reverse_3,538.476,1440,1440,1.8774230480194092,9.950074195861816,-3.1415927410125732,3.1415927410125732,0.004366355482488871
reverse_3,538.659,1440,1440,1.8783645629882812,9.950525283813477,-3.1415927410125732,3.1415927410125732,0.004366355482488871
reverse_3,538.839,1440,1440,1.8885211944580078,9.983423233032227,-3.1415927410125732,3.1415927410125732,0.004366355482488871
reverse_3,539.019,1440,1440,1.8868565559387207,10.023284912109375,-3.1415927410125732,3.1415927410125732,0.004366355482488871
reverse_3,539.202,1440,1440,1.8757675886154175,10.059797286987305,-3.1415927410125732,3.1415927410125732,0.004366355482488871
reverse_3,539.382,1440,1440,1.8801347017288208,10.074772834777832,-3.1415927410125732,3.1415927410125732,0.004366355482488871
reverse_3,539.562,1440,1440,1.87032151222229,10.110820770263672,-3.1415927410125732,3.1415927410125732,0.004366355482488871
reverse_3,539.745,1440,1440,1.8700900077819824,10.093789100646973,-3.1415927410125732,3.1415927410125732,0.004366355482488871
reverse_3,539.925,1440,1440,1.8661125898361206,10.097155570983887,-3.1415927410125732,3.1415927410125732,0.004366355482488871
reverse_3,540.105,1440,1440,1.8621745109558105,10.093621253967285,-3.1415927410125732,3.1415927410125732,0.004366355482488871
reverse_3,540.288,1440,1440,1.8663718700408936,10.07950496673584,-3.1415927410125732,3.1415927410125732,0.004366355482488871
reverse_3,540.468,1440,1440,1.8672709465026855,10.103166580200195,-3.1415927410125732,3.1415927410125732,0.004366355482488871
reverse_3,540.648,1440,1440,1.8723704814910889,10.096525192260742,-3.1415927410125732,3.1415927410125732,0.004366355482488871
reverse_3,540.831,1440,1440,1.8725037574768066,10.090693473815918,-3.1415927410125732,3.1415927410125732,0.004366355482488871
reverse_3,541.011,1440,1440,1.8712495565414429,10.080353736877441,-3.1415927410125732,3.1415927410125732,0.004366355482488871
reverse_3,541.191,1440,1440,1.8712317943572998,10.093170166015625,-3.1415927410125732,3.1415927410125732,0.004366355482488871
reverse_3,541.374,1440,1440,1.8664789199829102,10.096659660339355,-3.1415927410125732,3.1415927410125732,0.004366355482488871
reverse_3,541.554,1440,1440,1.862697958946228,10.093863487243652,-3.1415927410125732,3.1415927410125732,0.004366355482488871
reverse_3,541.734,1440,1440,1.8559683561325073,10.097587585449219,-3.1415927410125732,3.1415927410125732,0.004366355482488871
reverse_3,541.917,1440,1440,1.8663421869277954,10.093358993530273,-3.1415927410125732,3.1415927410125732,0.004366355482488871
reset,542.097,1440,1440,1.870015025138855,10.088796615600586,-3.1415927410125732,3.1415927410125732,0.004366355482488871
reset,542.277,1440,1440,1.8709428310394287,10.110950469970703,-3.1415927410125732,3.1415927410125732,0.004366355482488871
reset,542.46,1440,1440,1.8699365854263306,10.10461711883545,-3.1415927410125732,3.1415927410125732,0.004366355482488871
reset,542.64,1440,1440,1.8664402961730957,10.087718963623047,-3.1415927410125732,3.1415927410125732,0.004366355482488871
reset,542.82,1440,1440,1.8614096641540527,10.090110778808594,-3.1415927410125732,3.1415927410125732,0.004366355482488871
reset,543.003,1440,1440,1.8707326650619507,10.08653450012207,-3.1415927410125732,3.1415927410125732,0.004366355482488871
reset,543.183,1440,1440,1.8720510005950928,10.095572471618652,-3.1415927410125732,3.1415927410125732,0.004366355482488871
reset,543.363,1440,1440,1.8839746713638306,9.17513370513916,-3.1415927410125732,3.1415927410125732,0.004366355482488871
reset,543.546,1440,1440,1.885640025138855,9.171269416809082,-3.1415927410125732,3.1415927410125732,0.004366355482488871
reset,543.726,1440,1440,1.8828988075256348,9.167496681213379,-3.1415927410125732,3.1415927410125732,0.004366355482488871
reset,543.906,1440,1440,1.8813238143920898,9.16760540008545,-3.1415927410125732,3.1415927410125732,0.004366355482488871
reset,544.089,1440,1440,1.885885238647461,9.15988540649414,-3.1415927410125732,3.1415927410125732,0.004366355482488871
reset,544.269,1440,1440,1.872457504272461,9.163957595825195,-3.1415927410125732,3.1415927410125732,0.004366355482488871
reset,544.449,1440,1440,1.876746416091919,9.178808212280273,-3.1415927410125732,3.1415927410125732,0.004366355482488871
pivot_ccw_3,544.632,1440,1440,1.8725169897079468,9.170235633850098,-3.1415927410125732,3.1415927410125732,0.004366355482488871
pivot_ccw_3,544.812,1440,1440,1.878489375114441,9.167801856994629,-3.1415927410125732,3.1415927410125732,0.004366355482488871
pivot_ccw_3,544.992,1440,1440,1.8836058378219604,9.178142547607422,-3.1415927410125732,3.1415927410125732,0.004366355482488871
pivot_ccw_3,545.175,1440,1440,1.879380226135254,9.187637329101562,-3.1415927410125732,3.1415927410125732,0.004366355482488871
pivot_ccw_3,545.355,1440,1440,1.883825659751892,9.17382526397705,-3.1415927410125732,3.1415927410125732,0.004366355482488871
pivot_ccw_3,545.535,1440,1440,1.881773591041565,9.172414779663086,-3.1415927410125732,3.1415927410125732,0.004366355482488871
pivot_ccw_3,545.718,1440,1440,1.8805068731307983,9.172696113586426,-3.1415927410125732,3.1415927410125732,0.004366355482488871
pivot_ccw_3,545.898,1440,1440,1.8830147981643677,9.178794860839844,-3.1415927410125732,3.1415927410125732,0.004366355482488871
pivot_ccw_3,546.078,1440,1440,1.8865044116973877,9.174190521240234,-3.1415927410125732,3.1415927410125732,0.004366355482488871
pivot_ccw_3,546.261,1440,1440,1.8774466514587402,9.173624038696289,-3.1415927410125732,3.1415927410125732,0.004366355482488871
pivot_ccw_3,546.441,1440,1440,1.8797188997268677,9.182726860046387,-3.1415927410125732,3.1415927410125732,0.004366355482488871
pivot_ccw_3,546.621,1440,1440,1.8819260597229004,9.163336753845215,-3.1415927410125732,3.1415927410125732,0.004366355482488871
pivot_ccw_3,546.804,1440,1440,1.8874791860580444,9.177401542663574,-3.1415927410125732,3.1415927410125732,0.004366355482488871
pivot_ccw_3,546.984,1440,1440,1.8872603178024292,9.16507339477539,-3.1415927410125732,3.1415927410125732,0.004366355482488871
pivot_ccw_3,547.164,1440,1440,1.8834244012832642,9.16384220123291,-3.1415927410125732,3.1415927410125732,0.004366355482488871
pivot_ccw_3,547.347,1440,1440,1.8783354759216309,9.168761253356934,-3.1415927410125732,3.1415927410125732,0.004366355482488871
pivot_ccw_3,547.527,1440,1440,1.8787206411361694,9.19625473022461,-3.1415927410125732,3.1415927410125732,0.004366355482488871
pivot_ccw_3,547.707,1440,1440,1.8775397539138794,9.171921730041504,-3.1415927410125732,3.1415927410125732,0.004366355482488871
pivot_ccw_3,547.89,1440,1440,1.8803144693374634,9.144262313842773,-3.1415927410125732,3.1415927410125732,0.004366355482488871
pivot_ccw_3,548.07,1440,1440,1.8817391395568848,9.157929420471191,-3.1415927410125732,3.1415927410125732,0.004366355482488871
pivot_ccw_3,548.25,1440,1440,1.8816174268722534,9.172143936157227,-3.1415927410125732,3.1415927410125732,0.004366355482488871
pivot_ccw_3,548.433,1440,1440,1.8885174989700317,9.167864799499512,-3.1415927410125732,3.1415927410125732,0.004366355482488871
pivot_ccw_3,548.613,1440,1440,1.885784387588501,9.171507835388184,-3.1415927410125732,3.1415927410125732,0.004366355482488871
pivot_ccw_3,548.793,1440,1440,1.8816421031951904,9.16292953491211,-3.1415927410125732,3.1415927410125732,0.004366355482488871
pivot_ccw_3,548.976,1440,1440,1.8785452842712402,9.173792839050293,-3.1415927410125732,3.1415927410125732,0.004366355482488871
pivot_ccw_3,549.156,1440,1440,1.882178783416748,9.1764497756958,-3.1415927410125732,3.1415927410125732,0.004366355482488871
pivot_ccw_3,549.336,1440,1440,1.8768035173416138,9.177868843078613,-3.1415927410125732,3.1415927410125732,0.004366355482488871
pivot_ccw_3,549.519,1440,1440,1.8759616613388062,9.16895866394043,-3.1415927410125732,3.1415927410125732,0.004366355482488871
pivot_ccw_3,549.699,1440,1440,1.8786059617996216,9.163583755493164,-3.1415927410125732,3.1415927410125732,0.004366355482488871
pivot_ccw_3,549.879,1440,1440,1.8831074237823486,9.182191848754883,-3.1415927410125732,3.1415927410125732,0.004366355482488871
pivot_ccw_3,550.062,1440,1440,1.8828297853469849,9.166751861572266,-3.1415927410125732,3.1415927410125732,0.004366355482488871
pivot_ccw_3,550.242,1440,1440,1.8791053295135498,9.170783996582031,-3.1415927410125732,3.1415927410125732,0.004366355482488871
pivot_ccw_3,550.422,1440,1440,1.8748283386230469,9.180292129516602,-3.1415927410125732,3.1415927410125732,0.004366355482488871
pivot_ccw_3,550.605,1440,1440,1.8843988180160522,9.165701866149902,-3.1415927410125732,3.1415927410125732,0.004366355482488871
pivot_ccw_3,550.785,1440,1440,1.8854013681411743,9.170589447021484,-3.1415927410125732,3.1415927410125732,0.004366355482488871
pivot_ccw_3,550.965,1440,1440,1.883849859237671,9.18259048461914,-3.1415927410125732,3.1415927410125732,0.004366355482488871
pivot_ccw_3,551.148,1440,1440,1.8815100193023682,9.168668746948242,-3.1415927410125732,3.1415927410125732,0.004366355482488871
pivot_ccw_3,551.328,1440,1440,1.8857303857803345,9.171680450439453,-3.1415927410125732,3.1415927410125732,0.004366355482488871
pivot_ccw_3,551.508,1440,1440,1.8811229467391968,9.168538093566895,-3.1415927410125732,3.1415927410125732,0.004366355482488871
pivot_ccw_3,551.691,1440,1440,1.8847981691360474,9.189778327941895,-3.1415927410125732,3.1415927410125732,0.004366355482488871
pivot_ccw_3,551.871,1440,1440,1.8841861486434937,9.16814136505127,-3.1415927410125732,3.1415927410125732,0.004366355482488871
pivot_ccw_3,552.051,1440,1440,1.8810869455337524,9.176982879638672,-3.1415927410125732,3.1415927410125732,0.004366355482488871
pivot_ccw_3,552.234,1440,1440,1.8848694562911987,9.183028221130371,-3.1415927410125732,3.1415927410125732,0.004366355482488871
pivot_ccw_3,552.414,1440,1440,1.874551773071289,9.156087875366211,-3.1415927410125732,3.1415927410125732,0.004366355482488871
pivot_ccw_3,552.594,1440,1440,1.8779171705245972,9.167332649230957,-3.1415927410125732,3.1415927410125732,0.004366355482488871
pivot_ccw_3,552.777,1440,1440,1.8821877241134644,9.164033889770508,-3.1415927410125732,3.1415927410125732,0.004366355482488871
pivot_ccw_3,552.957,1440,1440,1.8755154609680176,9.183111190795898,-3.1415927410125732,3.1415927410125732,0.004366355482488871
pivot_ccw_3,553.137,1440,1440,1.8825923204421997,9.181683540344238,-3.1415927410125732,3.1415927410125732,0.004366355482488871
pivot_ccw_3,553.32,1440,1440,1.8825570344924927,9.176813125610352,-3.1415927410125732,3.1415927410125732,0.004366355482488871
pivot_ccw_3,553.5,1440,1440,1.8782861232757568,9.176149368286133,-3.1415927410125732,3.1415927410125732,0.004366355482488871
reset,553.68,1440,1440,1.884995937347412,9.183917045593262,-3.1415927410125732,3.1415927410125732,0.004366355482488871
reset,553.863,1440,1440,1.8738112449645996,9.167463302612305,-3.1415927410125732,3.1415927410125732,0.004366355482488871
reset,554.043,1440,1440,1.8903210163116455,9.203423500061035,-3.1415927410125732,3.1415927410125732,0.004366355482488871
reset,554.223,1440,1440,1.8847105503082275,9.175122261047363,-3.1415927410125732,3.1415927410125732,0.004366355482488871
reset,554.406,1440,1440,1.877681016921997,9.164726257324219,-3.1415927410125732,3.1415927410125732,0.004366355482488871
reset,554.586,1440,1440,1.8893119096755981,9.16565990447998,-3.1415927410125732,3.1415927410125732,0.004366355482488871
reset,554.766,1440,1440,1.8876430988311768,9.174607276916504,-3.1415927410125732,3.1415927410125732,0.004366355482488871
reset,554.949,1440,1440,1.882441759109497,9.187881469726562,-3.1415927410125732,3.1415927410125732,0.004366355482488871
reset,555.129,1440,1440,1.8735905885696411,9.169053077697754,-3.1415927410125732,3.1415927410125732,0.004366355482488871
reset,555.309,1440,1440,1.8804843425750732,9.158212661743164,-3.1415927410125732,3.1415927410125732,0.004366355482488871
reset,555.492,1440,1440,1.8740867376327515,9.170331001281738,-3.1415927410125732,3.1415927410125732,0.004366355482488871
reset,555.672,1440,1440,1.8794476985931396,9.190445899963379,-3.1415927410125732,3.1415927410125732,0.004366355482488871
reset,555.852,1440,1440,1.880584716796875,9.17251205444336,-3.1415927410125732,3.1415927410125732,0.004366355482488871
reset,556.035,1440,1440,1.8841488361358643,9.18406867980957,-3.1415927410125732,3.1415927410125732,0.004366355482488871
pivot_cw_3,556.215,1440,1440,1.8793741464614868,9.164402961730957,-3.1415927410125732,3.1415927410125732,0.004366355482488871
pivot_cw_3,556.395,1440,1440,1.884700059890747,9.172389030456543,-3.1415927410125732,3.1415927410125732,0.004366355482488871
pivot_cw_3,556.578,1440,1440,1.8824483156204224,9.171364784240723,-3.1415927410125732,3.1415927410125732,0.004366355482488871
pivot_cw_3,556.758,1440,1440,1.8843010663986206,9.178655624389648,-3.1415927410125732,3.1415927410125732,0.004366355482488871
pivot_cw_3,556.938,1440,1440,1.8808481693267822,9.155183792114258,-3.1415927410125732,3.1415927410125732,0.004366355482488871
pivot_cw_3,557.121,1440,1440,1.8767074346542358,9.168789863586426,-3.1415927410125732,3.1415927410125732,0.004366355482488871
pivot_cw_3,557.301,1440,1440,1.8851481676101685,9.171552658081055,-3.1415927410125732,3.1415927410125732,0.004366355482488871
pivot_cw_3,557.481,1440,1440,1.8840851783752441,9.17750072479248,-3.1415927410125732,3.1415927410125732,0.004366355482488871
pivot_cw_3,557.664,1440,1440,1.878427505493164,9.16187858581543,-3.1415927410125732,3.1415927410125732,0.004366355482488871
pivot_cw_3,557.844,1440,1440,1.8843705654144287,9.16828727722168,-3.1415927410125732,3.1415927410125732,0.004366355482488871
pivot_cw_3,558.024,1440,1440,1.8788001537322998,9.19357967376709,-3.1415927410125732,3.1415927410125732,0.004366355482488871
pivot_cw_3,558.207,1440,1440,1.8775373697280884,9.176931381225586,-3.1415927410125732,3.1415927410125732,0.004366355482488871
pivot_cw_3,558.387,1440,1440,1.8827496767044067,9.180124282836914,-3.1415927410125732,3.1415927410125732,0.004366355482488871
pivot_cw_3,558.567,1440,1440,1.880202293395996,9.162030220031738,-3.1415927410125732,3.1415927410125732,0.004366355482488871
pivot_cw_3,558.75,1440,1440,1.8811992406845093,9.173948287963867,-3.1415927410125732,3.1415927410125732,0.004366355482488871
pivot_cw_3,558.93,1440,1440,1.880413293838501,9.167916297912598,-3.1415927410125732,3.1415927410125732,0.004366355482488871
pivot_cw_3,559.11,1440,1440,1.8825938701629639,9.160670280456543,-3.1415927410125732,3.1415927410125732,0.004366355482488871
pivot_cw_3,559.293,1440,1440,1.883423924446106,9.172245979309082,-3.1415927410125732,3.1415927410125732,0.004366355482488871
pivot_cw_3,559.473,1440,1440,1.875184178352356,9.169282913208008,-3.1415927410125732,3.1415927410125732,0.004366355482488871
pivot_cw_3,559.653,1440,1440,1.8808684349060059,9.167502403259277,-3.1415927410125732,3.1415927410125732,0.004366355482488871
pivot_cw_3,559.836,1440,1440,1.88162362575531,9.18486213684082,-3.1415927410125732,3.1415927410125732,0.004366355482488871
pivot_cw_3,560.016,1440,1440,1.877371907234192,9.169519424438477,-3.1415927410125732,3.1415927410125732,0.004366355482488871
pivot_cw_3,560.196,1440,1440,1.8802950382232666,9.169696807861328,-3.1415927410125732,3.1415927410125732,0.004366355482488871
pivot_cw_3,560.379,1440,1440,1.8791472911834717,9.172098159790039,-3.1415927410125732,3.1415927410125732,0.004366355482488871
pivot_cw_3,560.559,1440,1440,1.883872389793396,9.173552513122559,-3.1415927410125732,3.1415927410125732,0.004366355482488871
pivot_cw_3,560.739,1440,1440,1.8807978630065918,9.194784164428711,-3.1415927410125732,3.1415927410125732,0.004366355482488871
pivot_cw_3,560.922,1440,1440,1.8766343593597412,9.169886589050293,-3.1415927410125732,3.1415927410125732,0.004366355482488871
pivot_cw_3,561.102,1440,1440,1.874599814414978,9.165104866027832,-3.1415927410125732,3.1415927410125732,0.004366355482488871
pivot_cw_3,561.282,1440,1440,1.8799737691879272,9.182853698730469,-3.1415927410125732,3.1415927410125732,0.004366355482488871
pivot_cw_3,561.465,1440,1440,1.8758649826049805,9.173924446105957,-3.1415927410125732,3.1415927410125732,0.004366355482488871
pivot_cw_3,561.645,1440,1440,1.8769291639328003,9.180468559265137,-3.1415927410125732,3.1415927410125732,0.004366355482488871
pivot_cw_3,561.825,1440,1440,1.8890061378479004,9.168477058410645,-3.1415927410125732,3.1415927410125732,0.004366355482488871
pivot_cw_3,562.008,1440,1440,1.8763092756271362,9.168444633483887,-3.1415927410125732,3.1415927410125732,0.004366355482488871
pivot_cw_3,562.188,1440,1440,1.8824050426483154,9.173134803771973,-3.1415927410125732,3.1415927410125732,0.004366355482488871
pivot_cw_3,562.368,1440,1440,1.878725290298462,9.168230056762695,-3.1415927410125732,3.1415927410125732,0.004366355482488871
pivot_cw_3,562.551,1440,1440,1.886547327041626,9.169893264770508,-3.1415927410125732,3.1415927410125732,0.004366355482488871
pivot_cw_3,562.731,1440,1440,1.88379967212677,9.144737243652344,-3.1415927410125732,3.1415927410125732,0.004366355482488871
pivot_cw_3,562.911,1440,1440,1.8711729049682617,9.163253784179688,-3.1415927410125732,3.1415927410125732,0.004366355482488871
pivot_cw_3,563.094,1440,1440,1.8811283111572266,9.171987533569336,-3.1415927410125732,3.1415927410125732,0.004366355482488871
pivot_cw_3,563.274,1440,1440,1.887798547744751,9.158936500549316,-3.1415927410125732,3.1415927410125732,0.004366355482488871
pivot_cw_3,563.454,1440,1440,1.8801500797271729,9.173338890075684,-3.1415927410125732,3.1415927410125732,0.004366355482488871
pivot_cw_3,563.637,1440,1440,1.880861759185791,9.173145294189453,-3.1415927410125732,3.1415927410125732,0.004366355482488871
pivot_cw_3,563.817,1440,1440,1.8802449703216553,9.164958000183105,-3.1415927410125732,3.1415927410125732,0.004366355482488871
pivot_cw_3,563.997,1440,1440,1.8765901327133179,9.172613143920898,-3.1415927410125732,3.1415927410125732,0.004366355482488871
pivot_cw_3,564.18,1440,1440,1.882307767868042,9.157510757446289,-3.1415927410125732,3.1415927410125732,0.004366355482488871
pivot_cw_3,564.36,1440,1440,1.8780138492584229,9.157492637634277,-3.1415927410125732,3.1415927410125732,0.004366355482488871
pivot_cw_3,564.54,1440,1440,1.8788379430770874,9.160269737243652,-3.1415927410125732,3.1415927410125732,0.004366355482488871
pivot_cw_3,564.723,1440,1440,1.8799114227294922,9.170930862426758,-3.1415927410125732,3.1415927410125732,0.004366355482488871
pivot_cw_3,564.903,1440,1440,1.8785725831985474,9.17243766784668,-3.1415927410125732,3.1415927410125732,0.004366355482488871
reset,565.083,1440,1440,1.884011149406433,9.166136741638184,-3.1415927410125732,3.1415927410125732,0.004366355482488871
reset,565.266,1440,1440,1.8652032613754272,9.170476913452148,-3.1415927410125732,3.1415927410125732,0.004366355482488871
reset,565.446,1440,1440,1.878340482711792,9.168717384338379,-3.1415927410125732,3.1415927410125732,0.004366355482488871
reset,565.626,1440,1440,1.8818374872207642,9.168240547180176,-3.1415927410125732,3.1415927410125732,0.004366355482488871
reset,565.809,1440,1440,1.8800891637802124,9.162081718444824,-3.1415927410125732,3.1415927410125732,0.004366355482488871
reset,565.989,1440,1440,1.8785687685012817,9.163636207580566,-3.1415927410125732,3.1415927410125732,0.004366355482488871
reset,566.169,1440,1440,1.8850486278533936,9.158258438110352,-3.1415927410125732,3.1415927410125732,0.004366355482488871
reset,566.352,1440,1440,1.8788336515426636,9.177627563476562,-3.1415927410125732,3.1415927410125732,0.004366355482488871
reset,566.532,1440,1440,1.88255774974823,9.184205055236816,-3.1415927410125732,3.1415927410125732,0.004366355482488871
reset,566.712,1440,1440,1.8786228895187378,9.186391830444336,-3.1415927410125732,3.1415927410125732,0.004366355482488871
reset,566.895,1440,1440,1.87908136844635,9.176224708557129,-3.1415927410125732,3.1415927410125732,0.004366355482488871
reset,567.075,1440,1440,1.8841819763183594,9.18055534362793,-3.1415927410125732,3.1415927410125732,0.004366355482488871
reset,567.255,1440,1440,1.872955083847046,9.176311492919922,-3.1415927410125732,3.1415927410125732,0.004366355482488871
reset,567.438,1440,1440,1.8802011013031006,9.16372013092041,-3.1415927410125732,3.1415927410125732,0.004366355482488871
arc_left_3,567.618,1440,1440,1.8874098062515259,9.18292236328125,-3.1415927410125732,3.1415927410125732,0.004366355482488871
arc_left_3,567.798,1440,1440,1.8803224563598633,9.171024322509766,-3.1415927410125732,3.1415927410125732,0.004366355482488871
arc_left_3,567.981,1440,1440,1.8772987127304077,9.169075012207031,-3.1415927410125732,3.1415927410125732,0.004366355482488871
arc_left_3,568.161,1440,1440,1.8893507719039917,9.188115119934082,-3.1415927410125732,3.1415927410125732,0.004366355482488871
arc_left_3,568.341,1440,1440,1.8843069076538086,9.159356117248535,-3.1415927410125732,3.1415927410125732,0.004366355482488871
arc_left_3,568.524,1440,1440,1.8791239261627197,9.164334297180176,-3.1415927410125732,3.1415927410125732,0.004366355482488871
arc_left_3,568.704,1440,1440,1.8784765005111694,9.158127784729004,-3.1415927410125732,3.1415927410125732,0.004366355482488871
arc_left_3,568.884,1440,1440,1.8839421272277832,9.178183555603027,-3.1415927410125732,3.1415927410125732,0.004366355482488871
arc_left_3,569.067,1440,1440,1.8827300071716309,9.1385498046875,-3.1415927410125732,3.1415927410125732,0.004366355482488871
arc_left_3,569.247,1440,1440,1.8896629810333252,9.11216926574707,-3.1415927410125732,3.1415927410125732,0.004366355482488871
arc_left_3,569.427,1440,1440,1.8814966678619385,9.083152770996094,-3.1415927410125732,3.1415927410125732,0.004366355482488871
arc_left_3,569.61,1440,1440,1.8949663639068604,9.050301551818848,-3.1415927410125732,3.1415927410125732,0.004366355482488871
arc_left_3,569.79,1440,1440,1.885288953781128,9.041250228881836,-3.1415927410125732,3.1415927410125732,0.004366355482488871
arc_left_3,569.97,1440,1440,1.909042477607727,9.010287284851074,-3.1415927410125732,3.1415927410125732,0.004366355482488871
arc_left_3,570.153,1440,1440,1.9207202196121216,8.977472305297852,-3.1415927410125732,3.1415927410125732,0.004366355482488871
arc_left_3,570.333,1440,1440,1.92536199092865,8.944694519042969,-3.1415927410125732,3.1415927410125732,0.004366355482488871
arc_left_3,570.513,1440,1440,1.8931900262832642,8.925806045532227,-3.1415927410125732,3.1415927410125732,0.004366355482488871
arc_left_3,570.696,1440,1440,1.8728992938995361,8.888472557067871,-3.1415927410125732,3.1415927410125732,0.004366355482488871
arc_left_3,570.876,1440,1440,1.845687985420227,8.866010665893555,-3.1415927410125732,3.1415927410125732,0.004366355482488871
arc_left_3,571.056,1440,1440,1.8151192665100098,8.831855773925781,-3.1415927410125732,3.1415927410125732,0.004366355482488871
arc_left_3,571.239,1440,1440,1.7816208600997925,8.817597389221191,-3.1415927410125732,3.1415927410125732,0.004366355482488871
arc_left_3,571.419,1440,1440,1.7521103620529175,8.784658432006836,-3.1415927410125732,3.1415927410125732,0.004366355482488871
arc_left_3,571.599,1440,1440,1.7487958669662476,8.781586647033691,-3.1415927410125732,3.1415927410125732,0.004366355482488871
arc_left_3,571.782,1440,1440,1.7009016275405884,8.762338638305664,-3.1415927410125732,3.1415927410125732,0.004366355482488871
arc_left_3,571.962,1440,1440,1.6955387592315674,8.753430366516113,-3.1415927410125732,3.1415927410125732,0.004366355482488871
arc_left_3,572.142,1440,1440,1.6623809337615967,8.7426176071167,-3.1415927410125732,3.1415927410125732,0.004366355482488871
arc_left_3,572.325,1440,1440,1.6361970901489258,8.738433837890625,-3.1415927410125732,3.1415927410125732,0.004366355482488871
arc_left_3,572.505,1440,1440,1.6371656656265259,8.723648071289062,-3.1415927410125732,3.1415927410125732,0.004366355482488871
arc_left_3,572.685,1440,1440,1.615098476409912,8.727424621582031,-3.1415927410125732,3.1415927410125732,0.004366355482488871
arc_left_3,572.868,1440,1440,1.593326210975647,8.719535827636719,-3.1415927410125732,3.1415927410125732,0.004366355482488871
arc_left_3,573.048,1440,1440,1.5756512880325317,8.709303855895996,-3.1415927410125732,3.1415927410125732,0.004366355482488871
arc_left_3,573.228,1440,1440,1.5719281435012817,8.727248191833496,-3.1415927410125732,3.1415927410125732,0.004366355482488871
arc_left_3,573.411,1440,1440,1.5605541467666626,8.716667175292969,-3.1415927410125732,3.1415927410125732,0.004366355482488871
arc_left_3,573.591,1440,1440,1.5427473783493042,8.739972114562988,-3.1415927410125732,3.1415927410125732,0.004366355482488871
arc_left_3,573.771,1440,1440,1.5280144214630127,8.71845817565918,-3.1415927410125732,3.1415927410125732,0.004366355482488871
arc_left_3,573.954,1440,1440,1.5289307832717896,8.728604316711426,-3.1415927410125732,3.1415927410125732,0.004366355482488871
arc_left_3,574.134,1440,1440,1.5079418420791626,8.733026504516602,-3.1415927410125732,3.1415927410125732,0.004366355482488871
arc_left_3,574.314,1440,1440,1.511123776435852,8.733691215515137,-3.1415927410125732,3.1415927410125732,0.004366355482488871
arc_left_3,574.497,1440,1440,1.5079641342163086,8.761544227600098,-3.1415927410125732,3.1415927410125732,0.004366355482488871
arc_left_3,574.677,1440,1440,1.510110855102539,8.757054328918457,-3.1415927410125732,3.1415927410125732,0.004366355482488871
arc_left_3,574.857,1440,1440,1.5176059007644653,8.77353572845459,-3.1415927410125732,3.1415927410125732,0.004366355482488871
arc_left_3,575.04,1440,1440,1.5089168548583984,8.774216651916504,-3.1415927410125732,3.1415927410125732,0.004366355482488871
arc_left_3,575.22,1440,1440,1.511420726776123,8.778974533081055,-3.1415927410125732,3.1415927410125732,0.004366355482488871
arc_left_3,575.4,1440,1440,1.5191973447799683,8.776192665100098,-3.1415927410125732,3.1415927410125732,0.004366355482488871
arc_left_3,575.583,1440,1440,1.5113366842269897,8.77184772491455,-3.1415927410125732,3.1415927410125732,0.004366355482488871
arc_left_3,575.763,1440,1440,1.514280915260315,8.779465675354004,-3.1415927410125732,3.1415927410125732,0.004366355482488871
arc_left_3,575.943,1440,1440,1.515962839126587,8.774591445922852,-3.1415927410125732,3.1415927410125732,0.004366355482488871
arc_left_3,576.126,1440,1440,1.5129629373550415,8.770918846130371,-3.1415927410125732,3.1415927410125732,0.004366355482488871
arc_left_3,576.306,1440,1440,1.5175446271896362,8.776744842529297,-3.1415927410125732,3.1415927410125732,0.004366355482488871
arc_left_3,576.486,1440,1440,1.522254467010498,8.772932052612305,-3.1415927410125732,3.1415927410125732,0.004366355482488871
arc_left_3,576.669,1440,1440,1.5170267820358276,8.774540901184082,-3.1415927410125732,3.1415927410125732,0.004366355482488871
arc_left_3,576.849,1440,1440,1.5087471008300781,8.776847839355469,-3.1415927410125732,3.1415927410125732,0.004366355482488871
arc_left_3,577.029,1440,1440,1.5106414556503296,8.771398544311523,-3.1415927410125732,3.1415927410125732,0.004366355482488871
arc_left_3,577.212,1440,1440,1.5152770280838013,8.780861854553223,-3.1415927410125732,3.1415927410125732,0.004366355482488871
arc_left_3,577.392,1440,1440,1.5198960304260254,8.782779693603516,-3.1415927410125732,3.1415927410125732,0.004366355482488871
reset,577.572,1440,1440,1.5063300132751465,8.780509948730469,-3.1415927410125732,3.1415927410125732,0.004366355482488871
reset,577.755,1440,1440,1.5072484016418457,8.784270286560059,-3.1415927410125732,3.1415927410125732,0.004366355482488871
reset,577.935,1440,1440,1.5205713510513306,8.78155517578125,-3.1415927410125732,3.1415927410125732,0.004366355482488871
reset,578.115,1440,1440,1.5255248546600342,8.767535209655762,-3.1415927410125732,3.1415927410125732,0.004366355482488871
reset,578.298,1440,1440,1.5162676572799683,8.773040771484375,-3.1415927410125732,3.1415927410125732,0.004366355482488871
reset,578.478,1440,1440,1.5139093399047852,8.778874397277832,-3.1415927410125732,3.1415927410125732,0.004366355482488871
reset,578.658,1440,1440,1.5119562149047852,8.78027629852295,-3.1415927410125732,3.1415927410125732,0.004366355482488871
reset,578.841,1440,1440,1.869956374168396,9.168669700622559,-3.1415927410125732,3.1415927410125732,0.004366355482488871
reset,579.021,1440,1440,1.8848371505737305,9.177227973937988,-3.1415927410125732,3.1415927410125732,0.004366355482488871
reset,579.201,1440,1440,1.882632851600647,9.162633895874023,-3.1415927410125732,3.1415927410125732,0.004366355482488871
reset,579.384,1440,1440,1.8857667446136475,9.17795181274414,-3.1415927410125732,3.1415927410125732,0.004366355482488871
reset,579.564,1440,1440,1.8890938758850098,9.171162605285645,-3.1415927410125732,3.1415927410125732,0.004366355482488871
reset,579.744,1440,1440,1.8768140077590942,9.16558837890625,-3.1415927410125732,3.1415927410125732,0.004366355482488871
reset,579.927,1440,1440,1.8771841526031494,9.166053771972656,-3.1415927410125732,3.1415927410125732,0.004366355482488871
arc_right_3,580.107,1440,1440,1.8767569065093994,9.175457954406738,-3.1415927410125732,3.1415927410125732,0.004366355482488871
arc_right_3,580.287,1440,1440,1.885683536529541,9.167204856872559,-3.1415927410125732,3.1415927410125732,0.004366355482488871
arc_right_3,580.47,1440,1440,1.8700282573699951,9.171381950378418,-3.1415927410125732,3.1415927410125732,0.004366355482488871
arc_right_3,580.65,1440,1440,1.8782191276550293,9.17684555053711,-3.1415927410125732,3.1415927410125732,0.004366355482488871
arc_right_3,580.83,1440,1440,1.8833872079849243,9.176697731018066,-3.1415927410125732,3.1415927410125732,0.004366355482488871
arc_right_3,581.013,1440,1440,1.8826475143432617,9.174912452697754,-3.1415927410125732,3.1415927410125732,0.004366355482488871
arc_right_3,581.193,1440,1440,1.885046124458313,9.16653823852539,-3.1415927410125732,3.1415927410125732,0.004366355482488871
arc_right_3,581.373,1440,1440,1.886189579963684,9.161373138427734,-3.1415927410125732,3.1415927410125732,0.004366355482488871
arc_right_3,581.556,1440,1440,1.8819658756256104,9.138055801391602,-3.1415927410125732,3.1415927410125732,0.004366355482488871
arc_right_3,581.736,1440,1440,1.881127119064331,9.12026309967041,-3.1415927410125732,3.1415927410125732,0.004366355482488871
arc_right_3,581.916,1440,1440,1.8767679929733276,9.112096786499023,-3.1415927410125732,3.1415927410125732,0.004366355482488871
arc_right_3,582.099,1440,1440,1.87191641330719,9.090243339538574,-3.1415927410125732,3.1415927410125732,0.004366355482488871
arc_right_3,582.279,1440,1440,1.8612362146377563,9.063272476196289,-3.1415927410125732,3.1415927410125732,0.004366355482488871
arc_right_3,582.459,1440,1440,1.8486661911010742,9.03830623626709,-3.1415927410125732,3.1415927410125732,0.004366355482488871
arc_right_3,582.642,1440,1440,1.8445831537246704,9.035231590270996,-3.1415927410125732,3.1415927410125732,0.004366355482488871
arc_right_3,582.822,1440,1440,1.8293321132659912,9.01221752166748,-3.1415927410125732,3.1415927410125732,0.004366355482488871
arc_right_3,583.002,1440,1440,1.8095767498016357,9.034728050231934,-3.1415927410125732,3.1415927410125732,0.004366355482488871
arc_right_3,583.185,1440,1440,1.8043603897094727,9.004791259765625,-3.1415927410125732,3.1415927410125732,0.004366355482488871
arc_right_3,583.365,1440,1440,1.7953345775604248,8.992067337036133,-3.1415927410125732,3.1415927410125732,0.004366355482488871
arc_right_3,583.545,1440,1440,1.7720261812210083,8.989771842956543,-3.1415927410125732,3.1415927410125732,0.004366355482488871
arc_right_3,583.728,1440,1440,1.7515071630477905,8.996846199035645,-3.1415927410125732,3.1415927410125732,0.004366355482488871
arc_right_3,583.908,1440,1440,1.7293460369110107,9.004911422729492,-3.1415927410125732,3.1415927410125732,0.004366355482488871
arc_right_3,584.088,1440,1440,1.7066094875335693,9.005032539367676,-3.1415927410125732,3.1415927410125732,0.004366355482488871
arc_right_3,584.271,1440,1440,1.6878533363342285,9.022194862365723,-3.1415927410125732,3.1415927410125732,0.004366355482488871
arc_right_3,584.451,1440,1440,1.678249478340149,9.025941848754883,-3.1415927410125732,3.1415927410125732,0.004366355482488871
arc_right_3,584.631,1440,1440,1.6542072296142578,9.048200607299805,-3.1415927410125732,3.1415927410125732,0.004366355482488871
arc_right_3,584.814,1440,1440,1.6239382028579712,9.054067611694336,-3.1415927410125732,3.1415927410125732,0.004366355482488871
arc_right_3,584.994,1440,1440,1.6061493158340454,9.068876266479492,-3.1415927410125732,3.1415927410125732,0.004366355482488871
arc_right_3,585.174,1440,1440,1.5822992324829102,9.097383499145508,-3.1415927410125732,3.1415927410125732,0.004366355482488871
arc_right_3,585.357,1440,1440,1.5509363412857056,9.122745513916016,-3.1415927410125732,3.1415927410125732,0.004366355482488871
arc_right_3,585.537,1440,1440,1.5292550325393677,9.12643051147461,-3.1415927410125732,3.1415927410125732,0.004366355482488871
arc_right_3,585.717,1440,1440,1.4993350505828857,9.151172637939453,-3.1415927410125732,3.1415927410125732,0.004366355482488871
arc_right_3,585.9,1440,1440,1.4775856733322144,9.205842971801758,-3.1415927410125732,3.1415927410125732,0.004366355482488871
arc_right_3,586.08,1440,1440,1.449874758720398,9.216170310974121,-3.1415927410125732,3.1415927410125732,0.004366355482488871
arc_right_3,586.26,1440,1440,1.4118614196777344,9.242687225341797,-3.1415927410125732,3.1415927410125732,0.004366355482488871
arc_right_3,586.443,1440,1440,1.3958959579467773,9.286846160888672,-3.1415927410125732,3.1415927410125732,0.004366355482488871
arc_right_3,586.623,1440,1440,1.360037922859192,9.31610107421875,-3.1415927410125732,3.1415927410125732,0.004366355482488871
arc_right_3,586.803,1440,1440,1.3445638418197632,9.354509353637695,-3.1415927410125732,3.1415927410125732,0.004366355482488871
arc_right_3,586.986,1440,1440,1.3139106035232544,9.422577857971191,-3.1415927410125732,3.1415927410125732,0.004366355482488871
arc_right_3,587.166,1440,1440,1.2842509746551514,9.425606727600098,-3.1415927410125732,3.1415927410125732,0.004366355482488871
arc_right_3,587.346,1440,1440,1.266032099723816,9.449723243713379,-3.1415927410125732,3.1415927410125732,0.004366355482488871
arc_right_3,587.529,1440,1440,1.2772248983383179,9.476730346679688,-3.1415927410125732,3.1415927410125732,0.004366355482488871
arc_right_3,587.709,1440,1440,1.2744989395141602,9.483336448669434,-3.1415927410125732,3.1415927410125732,0.004366355482488871
arc_right_3,587.889,1440,1440,1.2652314901351929,9.454258918762207,-3.1415927410125732,3.1415927410125732,0.004366355482488871
arc_right_3,588.072,1440,1440,1.2744653224945068,9.465904235839844,-3.1415927410125732,3.1415927410125732,0.004366355482488871
arc_right_3,588.252,1440,1440,1.2574084997177124,9.453445434570312,-3.1415927410125732,3.1415927410125732,0.004366355482488871
arc_right_3,588.432,1440,1440,1.263298511505127,9.47262191772461,-3.1415927410125732,3.1415927410125732,0.004366355482488871
arc_right_3,588.615,1440,1440,1.2636531591415405,9.475351333618164,-3.1415927410125732,3.1415927410125732,0.004366355482488871
arc_right_3,588.795,1440,1440,1.2723286151885986,9.456993103027344,-3.1415927410125732,3.1415927410125732,0.004366355482488871
arc_right_3,588.975,1440,1440,1.2618368864059448,9.461535453796387,-3.1415927410125732,3.1415927410125732,0.004366355482488871
arc_right_3,589.158,1440,1440,1.272706389427185,9.469965934753418,-3.1415927410125732,3.1415927410125732,0.004366355482488871
arc_right_3,589.338,1440,1440,1.2674216032028198,9.464471817016602,-3.1415927410125732,3.1415927410125732,0.004366355482488871
arc_right_3,589.518,1440,1440,1.2694522142410278,9.474799156188965,-3.1415927410125732,3.1415927410125732,0.004366355482488871
arc_right_3,589.701,1440,1440,1.2746078968048096,9.477876663208008,-3.1415927410125732,3.1415927410125732,0.004366355482488871
arc_right_3,589.881,1440,1440,1.2704781293869019,9.463624954223633,-3.1415927410125732,3.1415927410125732,0.004366355482488871
arc_right_3,590.061,1440,1440,1.2516309022903442,9.465737342834473,-3.1415927410125732,3.1415927410125732,0.004366355482488871
reset,590.244,1440,1440,1.2674161195755005,9.459708213806152,-3.1415927410125732,3.1415927410125732,0.004366355482488871
reset,590.424,1440,1440,1.2733969688415527,9.468927383422852,-3.1415927410125732,3.1415927410125732,0.004366355482488871
reset,590.604,1440,1440,1.2747708559036255,9.467302322387695,-3.1415927410125732,3.1415927410125732,0.004366355482488871
reset,590.787,1440,1440,1.2702983617782593,9.458701133728027,-3.1415927410125732,3.1415927410125732,0.004366355482488871
reset,590.967,1440,1440,1.2701808214187622,9.446764945983887,-3.1415927410125732,3.1415927410125732,0.004366355482488871
reset,591.147,1440,1440,1.2741625308990479,9.45669937133789,-3.1415927410125732,3.1415927410125732,0.004366355482488871
reset,591.33,1440,1440,1.8765195608139038,9.178567886352539,-3.1415927410125732,3.1415927410125732,0.004366355482488871
reset,591.51,1440,1440,1.8761835098266602,9.166733741760254,-3.1415927410125732,3.1415927410125732,0.004366355482488871
reset,591.69,1440,1440,1.8792613744735718,9.179174423217773,-3.1415927410125732,3.1415927410125732,0.004366355482488871
reset,591.873,1440,1440,1.8753784894943237,9.182470321655273,-3.1415927410125732,3.1415927410125732,0.004366355482488871
reset,592.053,1440,1440,1.8774832487106323,9.174214363098145,-3.1415927410125732,3.1415927410125732,0.004366355482488871
reset,592.233,1440,1440,1.8788964748382568,9.182677268981934,-3.1415927410125732,3.1415927410125732,0.004366355482488871
reset,592.416,1440,1440,1.879568338394165,9.172843933105469,-3.1415927410125732,3.1415927410125732,0.004366355482488871
brake_3,592.596,1440,1440,1.8799446821212769,9.172629356384277,-3.1415927410125732,3.1415927410125732,0.004366355482488871
brake_3,592.776,1440,1440,1.878545880317688,9.169477462768555,-3.1415927410125732,3.1415927410125732,0.004366355482488871
brake_3,592.959,1440,1440,1.8685493469238281,9.171339988708496,-3.1415927410125732,3.1415927410125732,0.004366355482488871
brake_3,593.139,1440,1440,1.8736547231674194,9.172101974487305,-3.1415927410125732,3.1415927410125732,0.004366355482488871
brake_3,593.319,1440,1440,1.8833024501800537,9.183072090148926,-3.1415927410125732,3.1415927410125732,0.004366355482488871
brake_3,593.502,1440,1440,1.8807780742645264,9.1718168258667,-3.1415927410125732,3.1415927410125732,0.004366355482488871
brake_3,593.682,1440,1440,1.8744207620620728,9.173356056213379,-3.1415927410125732,3.1415927410125732,0.004366355482488871
brake_3,593.862,1440,1440,1.879216194152832,9.170286178588867,-3.1415927410125732,3.1415927410125732,0.004366355482488871
brake_3,594.045,1440,1440,1.8675215244293213,9.159899711608887,-3.1415927410125732,3.1415927410125732,0.004366355482488871
brake_3,594.225,1440,1440,1.879929542541504,9.114750862121582,-3.1415927410125732,3.1415927410125732,0.004366355482488871
brake_3,594.405,1440,1440,1.8794832229614258,9.059797286987305,-3.1415927410125732,3.1415927410125732,0.004366355482488871
brake_3,594.588,1440,1440,1.8760193586349487,9.024698257446289,-3.1415927410125732,3.1415927410125732,0.004366355482488871
brake_3,594.768,1440,1440,1.8754267692565918,8.977031707763672,-3.1415927410125732,3.1415927410125732,0.004366355482488871
brake_3,594.948,1440,1440,1.8794094324111938,8.936331748962402,-3.1415927410125732,3.1415927410125732,0.004366355482488871
brake_3,595.131,1440,1440,1.8426225185394287,8.893226623535156,-3.1415927410125732,3.1415927410125732,0.004366355482488871
brake_3,595.311,1440,1440,1.8009889125823975,8.87043571472168,-3.1415927410125732,3.1415927410125732,0.004366355482488871
brake_3,595.491,1440,1440,1.7482050657272339,8.800459861755371,-3.1415927410125732,3.1415927410125732,0.004366355482488871
brake_3,595.674,1440,1440,1.6908774375915527,8.764745712280273,-3.1415927410125732,3.1415927410125732,0.004366355482488871
brake_3,595.854,1440,1440,1.6461987495422363,8.742023468017578,-3.1415927410125732,3.1415927410125732,0.004366355482488871
brake_3,596.034,1440,1440,1.6049076318740845,8.676467895507812,-3.1415927410125732,3.1415927410125732,0.004366355482488871
brake_3,596.217,1440,1440,1.5586892366409302,8.618422508239746,-3.1415927410125732,3.1415927410125732,0.004366355482488871
brake_3,596.397,1440,1440,1.5089111328125,8.607177734375,-3.1415927410125732,3.1415927410125732,0.004366355482488871
brake_3,596.577,1440,1440,1.473068356513977,8.550387382507324,-3.1415927410125732,3.1415927410125732,0.004366355482488871
brake_3,596.76,1440,1440,1.4219653606414795,8.543905258178711,-3.1415927410125732,3.1415927410125732,0.004366355482488871
brake_3,596.94,1440,1440,1.3802183866500854,8.501656532287598,-3.1415927410125732,3.1415927410125732,0.004366355482488871
brake_3,597.12,1440,1440,1.331302285194397,8.423312187194824,-3.1415927410125732,3.1415927410125732,0.004366355482488871
brake_3,597.303,1440,1440,1.288273811340332,8.411561012268066,-3.1415927410125732,3.1415927410125732,0.004366355482488871
brake_3,597.483,1440,1440,1.2488982677459717,8.376614570617676,-3.1415927410125732,3.1415927410125732,0.004366355482488871
brake_3,597.663,1440,1440,1.2017545700073242,8.347257614135742,-3.1415927410125732,3.1415927410125732,0.004366355482488871
brake_3,597.846,1440,1440,1.1707366704940796,8.322834014892578,-3.1415927410125732,3.1415927410125732,0.004366355482488871
brake_3,598.026,1440,1440,1.1547619104385376,8.298137664794922,-3.1415927410125732,3.1415927410125732,0.004366355482488871
brake_3,598.206,1440,1440,1.136298418045044,8.295798301696777,-3.1415927410125732,3.1415927410125732,0.004366355482488871
brake_3,598.389,1440,1440,1.1393624544143677,8.301501274108887,-3.1415927410125732,3.1415927410125732,0.004366355482488871
brake_3,598.569,1440,1440,1.1402413845062256,8.30497932434082,-3.1415927410125732,3.1415927410125732,0.004366355482488871
brake_3,598.749,1440,1440,1.143275499343872,8.310087203979492,-3.1415927410125732,3.1415927410125732,0.004366355482488871
brake_3,598.932,1440,1440,1.1392338275909424,8.30333423614502,-3.1415927410125732,3.1415927410125732,0.004366355482488871
brake_3,599.112,1440,1440,1.1382806301116943,8.322381019592285,-3.1415927410125732,3.1415927410125732,0.004366355482488871
brake_3,599.292,1440,1440,1.1458407640457153,8.292428016662598,-3.1415927410125732,3.1415927410125732,0.004366355482488871
brake_3,599.475,1440,1440,1.139805793762207,8.322593688964844,-3.1415927410125732,3.1415927410125732,0.004366355482488871
brake_3,599.655,1440,1440,1.1497550010681152,8.299307823181152,-3.1415927410125732,3.1415927410125732,0.004366355482488871
brake_3,599.835,1440,1440,1.1455912590026855,8.292616844177246,-3.1415927410125732,3.1415927410125732,0.004366355482488871
brake_3,600.018,1440,1440,1.1376111507415771,8.296635627746582,-3.1415927410125732,3.1415927410125732,0.004366355482488871
brake_3,600.198,1440,1440,1.1521862745285034,8.31746768951416,-3.1415927410125732,3.1415927410125732,0.004366355482488871
brake_3,600.378,1440,1440,1.1444354057312012,8.30782699584961,-3.1415927410125732,3.1415927410125732,0.004366355482488871
brake_3,600.561,1440,1440,1.1523581743240356,8.301316261291504,-3.1415927410125732,3.1415927410125732,0.004366355482488871
