algorithm_time_s,curvature_energy_1pm,deviation_max_m,deviation_rmse_m,error,footprint_clearance_mean_m,footprint_clearance_min_m,footprint_clearance_p05_m,footprint_collision_sample_count,footprint_pose_sample_count,max_abs_curvature_1pm,method,metric_spacing_m,native_point_count,output_path_sha256,path_length_m,pivot_marker_count,pivot_max_angle_rad,pivot_total_angle_rad,planner,planner_output_path_sha256,point_count,pstmo_compatible_edges,pstmo_competitive_candidates,pstmo_conditioned_polyline,pstmo_conditioning_input_points,pstmo_conditioning_max_deviation,pstmo_conditioning_observed_deviation,pstmo_conditioning_oscillation_deviation,pstmo_conditioning_oscillation_shortcuts,pstmo_conditioning_output_points,pstmo_conditioning_safety_rejections,pstmo_conditioning_shortcuts,pstmo_corner_search,pstmo_corners,pstmo_dp_states,pstmo_evaluations,pstmo_fallback,pstmo_g2_transitions,pstmo_los_accepted_shortcuts,pstmo_los_attempted_shortcuts,pstmo_los_enabled,pstmo_los_fallback_reason,pstmo_los_fallback_to_input,pstmo_los_footprint_padding_m,pstmo_los_output_points,pstmo_los_safety_rejections,pstmo_max_footprint_cost,pstmo_mean_transition_score,pstmo_output_points,pstmo_pass_through_corners,pstmo_pivots,pstmo_raw_input_points,pstmo_rejections,pstmo_runtime_s,pstmo_search_mode,pstmo_segment_margin,pstmo_selected_stitch_rejection,pstmo_valid_candidates,raw_path_sha256,removed_duplicate_pose_count,repetition,scenario,success,translation_curvature_energy_1pm,translation_max_abs_curvature_1pm,translation_path_length_m,translation_segment_count,wall_time_s
0.0,3.5527062672720243e-12,0.0,0.0,,0.7140896970626842,0.6447181959844944,0.7146446715897079,0,292,5.9604644775392505e-06,raw,0.05,290,97bdb67431b3bafa9c027a82917f96fead749c25386b455238b1c5500ca7e583,7.299999999999982,0,0.0,0,NavFnAStar,be14d93aff78ca16b2f92bbb5d5e98f259e4565841c31705a5b127bd8f5ca41b,147,,,,,,,,,,,,,,,,,,,,,,,,,,,,,,,,,,,,,,97bdb67431b3bafa9c027a82917f96fead749c25386b455238b1c5500ca7e583,0,1,straight_lower_aisle,True,3.5527062672720243e-12,5.9604644775392505e-06,7.299999999999982,1,0.012234030999934475
0.003,1.4113742147561476e-13,9.34419164266842e-09,1.1809736325765338e-09,,0.714108961247787,0.6447181959844944,0.7146446715897079,0,290,8.819499797141405e-07,simple,0.05,290,626d795e27fc2010df1bc1a76fe076535b1f8f00fb2e3c83bcec17071ecc658d,7.29999999999998,0,0.0,0,NavFnAStar,be14d93aff78ca16b2f92bbb5d5e98f259e4565841c31705a5b127bd8f5ca41b,147,,,,,,,,,,,,,,,,,,,,,,,,,,,,,,,,,,,,,,97bdb67431b3bafa9c027a82917f96fead749c25386b455238b1c5500ca7e583,0,1,straight_lower_aisle,True,1.4113742147561476e-13,8.819499797141405e-07,7.29999999999998,1,0.014426468000237946
0.0,6.110223735845328e-13,6.724382384248884e-09,7.194618300216031e-10,,0.714108961247787,0.6447181959844944,0.7146446715897079,0,290,2.2776561081627703e-06,savitzky_golay,0.05,290,e21a78cf4e05866b7ce062089fdf1927d1673f6235e159f8e9c6fc963f8a221d,7.299999999999982,0,0.0,0,NavFnAStar,be14d93aff78ca16b2f92bbb5d5e98f259e4565841c31705a5b127bd8f5ca41b,147,,,,,,,,,,,,,,,,,,,,,,,,,,,,,,,,,,,,,,97bdb67431b3bafa9c027a82917f96fead749c25386b455238b1c5500ca7e583,0,1,straight_lower_aisle,True,6.110223735845328e-13,2.2776561081627703e-06,7.299999999999982,1,0.014553104000242456
0.0,3.5527062672720243e-12,0.0,0.0,,0.7140896970626842,0.6447181959844944,0.7146446715897079,0,292,5.9604644775392505e-06,constrained,0.05,290,97bdb67431b3bafa9c027a82917f96fead749c25386b455238b1c5500ca7e583,7.299999999999982,0,0.0,0,NavFnAStar,be14d93aff78ca16b2f92bbb5d5e98f259e4565841c31705a5b127bd8f5ca41b,147,,,,,,,,,,,,,,,,,,,,,,,,,,,,,,,,,,,,,,97bdb67431b3bafa9c027a82917f96fead749c25386b455238b1c5500ca7e583,0,1,straight_lower_aisle,True,3.5527062672720243e-12,5.9604644775392505e-06,7.299999999999982,1,0.017164339999908407
0.003,0.0,1.4901161193847656e-08,1.4799445487614569e-08,,0.714068680596835,0.6447181959844944,0.7146446715897079,0,213,0.0,pstmo,0.05,147,b3f31d0e1fafdb122818c92767140806d63b73aa6e5e829530608822ee7a7e16,7.299999999999982,0,0.0,0,NavFnAStar,be14d93aff78ca16b2f92bbb5d5e98f259e4565841c31705a5b127bd8f5ca41b,147,0,0,"[[-2.5, -3], [4.8, -3]]",2,0.075,0,0.15,0,2,0,0,[],0,0,0,none,0,1,1,True,,False,0.1,2,0,252,0,147,0,0,290,{},0.00208834,adaptive,0.05,,0,97bdb67431b3bafa9c027a82917f96fead749c25386b455238b1c5500ca7e583,0,1,straight_lower_aisle,True,0.0,0.0,7.299999999999982,1,0.010529845999826648
0.003,55.30444522208146,2.220446049250313e-16,7.550332863779065e-17,,0.3746114629560661,0.17677669793081488,0.18825146149581692,0,164,15.758011771131763,raw,0.05,152,5bd36a9aa6a4cc442ff1c02e67b50f482c0784935f9106a4af7a03009d162d9b,3.9125796800172,0,0.0,0,NavFnAStar,97e56cd4716e1d600345f3bd85c3915b960d64981f97b119b1e1d94d70d4b5e0,80,,,,,,,,,,,,,,,,,,,,,,,,,,,,,,,,,,,,,,5bd36a9aa6a4cc442ff1c02e67b50f482c0784935f9106a4af7a03009d162d9b,0,1,crate_detour,True,55.30444522208146,15.758011771131763,3.9125796800172,1,0.005986711000332434
0.0,5.638470286416478,0.016824124488634823,0.004329851276029452,,0.3716842550135479,0.23390290478282266,0.23390290478282266,0,166,4.462993463270959,simple,0.05,152,629647ca405acb3191054cf33e9988880cc7b9834ebaa43c02723b9d1aa10764,3.8727835879660706,0,0.0,0,NavFnAStar,97e56cd4716e1d600345f3bd85c3915b960d64981f97b119b1e1d94d70d4b5e0,79,,,,,,,,,,,,,,,,,,,,,,,,,,,,,,,,,,,,,,5bd36a9aa6a4cc442ff1c02e67b50f482c0784935f9106a4af7a03009d162d9b,0,1,crate_detour,True,5.638470286416478,4.462993463270959,3.8727835879660706,1,0.012921577999804867
0.0,19.710661320336822,0.004900274786084134,0.0012914484659341838,,0.36188844486388366,0.2146446641391273,0.23390290478282266,0,190,7.6073814324796345,savitzky_golay,0.05,152,eae5dab483e7e5e4372db8906f5e38bf1fc7da8aca3f6f963953a51bae6952d7,3.895913492283607,0,0.0,0,NavFnAStar,97e56cd4716e1d600345f3bd85c3915b960d64981f97b119b1e1d94d70d4b5e0,79,,,,,,,,,,,,,,,,,,,,,,,,,,,,,,,,,,,,,,5bd36a9aa6a4cc442ff1c02e67b50f482c0784935f9106a4af7a03009d162d9b,0,1,crate_detour,True,19.710661320336822,7.6073814324796345,3.895913492283607,1,0.007698835000155668
0.024,16.51134046812076,0.011659575087602039,0.002846992025394717,,0.36356011532455673,0.21959563989254183,0.23390290478282266,0,184,6.2146343193315206,constrained,0.05,152,1d650f4b65d89818d0df02834bd2e4fed3521e36528149b3bda14e39b1fa1d85,3.899816998388585,0,0.0,0,NavFnAStar,97e56cd4716e1d600345f3bd85c3915b960d64981f97b119b1e1d94d70d4b5e0,80,,,,,,,,,,,,,,,,,,,,,,,,,,,,,,,,,,,,,,5bd36a9aa6a4cc442ff1c02e67b50f482c0784935f9106a4af7a03009d162d9b,0,1,crate_detour,True,16.51134046812076,6.2146343193315206,3.899816998388585,1,0.03157322500010196
0.027000000000000003,1.8084430553555062,0.18191660990976372,0.09467838055912317,,0.26743059775311,0.10606601875848895,0.10606601875848895,0,190,1.5954025789030812,pstmo,0.05,181,1ead1451fa6e4180730edad20e32a3f5c81cb4333cccde71f861935e2b7562fa,3.668160576009576,0,0.0,0,NavFnAStar,97e56cd4716e1d600345f3bd85c3915b960d64981f97b119b1e1d94d70d4b5e0,75,36,25,"[[-5, -1.8], [-3.99876, -0.801899], [-2.67136, -1.07775], [-2, -1.8]]",4,0.075,0,0.15,0,4,0,0,"[{'index': 0, 'x': -3.99876, 'y': -0.801899, 'turn_angle': -0.988723, 'incoming_length': 1.41375, 'outgoing_length': 1.35576, 'pivot_safe': True, 'pass_through': False, 'radius_min': 0.1, 'radius_max': 1.5, 'trim_min': 0.0539003, 'trim_max': 0.808505, 'evaluations': 20, 'safe_feasible': 13, 'states': 6, 'selected_radius': 0.7825, 'selected_trim': 0.42177, 'selected_score': 0.643106}, {'index': 1, 'x': -2.67136, 'y': -1.07775, 'turn_angle': -0.617005, 'incoming_length': 1.35576, 'outgoing_length': 0.986094, 'pivot_safe': True, 'pass_through': False, 'radius_min': 0.1, 'radius_max': 1.5, 'trim_min': 0.0318677, 'trim_max': 0.478016, 'evaluations': 20, 'safe_feasible': 18, 'states': 6, 'selected_radius': 1.5, 'selected_trim': 0.478016, 'selected_score': 0.409632}]",2,12,40,none,2,3,128,True,,False,0.1,4,125,252,0.526369,181,0,0,152,"{'swept_footprint': 4, 'transition requires a reversing inner wheel': 5}",0.0267814,adaptive,0.05,,31,5bd36a9aa6a4cc442ff1c02e67b50f482c0784935f9106a4af7a03009d162d9b,0,1,crate_detour,True,1.8084430553555062,1.5954025789030812,3.668160576009576,1,0.03844496000010622
0.0,19.27383976580101,8.326672684688674e-17,2.818291265950134e-17,,0.40230410411270057,0.06464466190395313,0.11464466264901119,0,145,11.665268671948981,raw,0.05,138,966c36915e890a0a009d53a452d8053e46caf9b7176703e669973b1e2919d203,3.472559701395602,0,0.0,0,NavFnAStar,dc6c76ce8a5307a7d102a708c0c3716ed26dfbee9bbb6f4bdd250b592c255651,71,,,,,,,,,,,,,,,,,,,,,,,,,,,,,,,,,,,,,,966c36915e890a0a009d53a452d8053e46caf9b7176703e669973b1e2919d203,0,1,vertical_rack_detour,True,19.27383976580101,11.665268671948981,3.472559701395602,1,0.006931056999746943
0.0,4.377581357353009,0.016696085103498133,0.003584391567688421,,0.36733570593216974,0.11464466264901119,0.11464466264901119,0,150,5.545299679726047,simple,0.05,138,dc495c8180484d13a4d3e10a6195b945643f93bbcf46474dca5655fd5b287dd4,3.451128911837101,0,0.0,0,NavFnAStar,dc6c76ce8a5307a7d102a708c0c3716ed26dfbee9bbb6f4bdd250b592c255651,71,,,,,,,,,,,,,,,,,,,,,,,,,,,,,,,,,,,,,,966c36915e890a0a009d53a452d8053e46caf9b7176703e669973b1e2919d203,0,1,vertical_rack_detour,True,4.377581357353009,5.545299679726047,3.451128911837101,1,0.007286649999969086
0.0,13.575324573883105,0.0033496959508691783,0.000898678016254291,,0.355923059968789,0.11464466264901119,0.11464466264901119,0,165,9.954278932952054,savitzky_golay,0.05,138,d50af2129e40d2f6fd5139048c7d682dbab9c373e3b2565b2676a9d98f5de539,3.4685814944197015,0,0.0,0,NavFnAStar,dc6c76ce8a5307a7d102a708c0c3716ed26dfbee9bbb6f4bdd250b592c255651,71,,,,,,,,,,,,,,,,,,,,,,,,,,,,,,,,,,,,,,966c36915e890a0a009d53a452d8053e46caf9b7176703e669973b1e2919d203,0,1,vertical_rack_detour,True,13.575324573883105,9.954278932952054,3.4685814944197015,1,0.0074202750001859386
0.024,11.801240251571505,0.045878169718126874,0.01751241680120576,,0.3805974972257813,0.16464466339406925,0.16464466339406925,0,170,6.4998835805570385,constrained,0.05,138,9514dd93306736099e81885a186e99e175afc09064eb53f366fef572771c3944,3.484104852632648,0,0.0,0,NavFnAStar,dc6c76ce8a5307a7d102a708c0c3716ed26dfbee9bbb6f4bdd250b592c255651,71,,,,,,,,,,,,,,,,,,,,,,,,,,,,,,,,,,,,,,966c36915e890a0a009d53a452d8053e46caf9b7176703e669973b1e2919d203,0,1,vertical_rack_detour,True,11.801240251571505,6.4998835805570385,3.484104852632648,1,0.030559342999822547
0.030000000000000002,2.507378810346828,0.04934197054995968,0.023807638739101435,,0.2597009101092618,0.06464466190395313,0.06464466190395313,0,165,3.94817094995238,pstmo,0.05,158,89f7621116443d52f8157a29db372758c729e9a9695f92c7b0d208132e940026,3.430678509217225,0,0.0,0,NavFnAStar,dc6c76ce8a5307a7d102a708c0c3716ed26dfbee9bbb6f4bdd250b592c255651,70,48,47,"[[-2.5, 2.8], [-1.59996, 3.43123], [-0.712733, 3.53232], [-0.438453, 3.52193], [0.5, 2.8]]",138,0.075,0.0474488,0.15,0,5,0,4,"[{'index': 0, 'x': -1.59996, 'y': 3.43123, 'turn_angle': -0.498182, 'incoming_length': 1.09933, 'outgoing_length': 0.892971, 'pivot_safe': True, 'pass_through': False, 'radius_min': 0.1, 'radius_max': 1.5, 'trim_min': 0.0254374, 'trim_max': 0.381561, 'evaluations': 20, 'safe_feasible': 18, 'states': 6, 'selected_radius': 1.5, 'selected_trim': 0.381561, 'selected_score': 0.376574}, {'index': 1, 'x': -0.712733, 'y': 3.53232, 'turn_angle': -0.151297, 'incoming_length': 0.892971, 'outgoing_length': 0.274476, 'pivot_safe': True, 'pass_through': False, 'radius_min': 0.1, 'radius_max': 1.5, 'trim_min': 0.00757933, 'trim_max': 0.11369, 'evaluations': 20, 'safe_feasible': 17, 'states': 6, 'selected_radius': 1.5, 'selected_trim': 0.11369, 'selected_score': 0.2515}, {'index': 2, 'x': -0.438453, 'y': 3.52193, 'turn_angle': -0.617871, 'incoming_length': 0.274476, 'outgoing_length': 1.18401, 'pivot_safe': True, 'pass_through': False, 'radius_min': 0.1, 'radius_max': 0.860011, 'trim_min': 0.0319154, 'trim_max': 0.274476, 'evaluations': 20, 'safe_feasible': 18, 'states': 6, 'selected_radius': 0.290003, 'selected_trim': 0.0925557, 'selected_score': 0.72918}]",3,18,60,none,3,2,176,True,no footprint-safe outgoing edge at input index 93,True,0.1,138,175,252,0.452418,158,0,0,138,"{'angular acceleration iteration did not converge': 3, 'transition requires a reversing inner wheel': 4}",0.0282929,adaptive,0.05,,53,966c36915e890a0a009d53a452d8053e46caf9b7176703e669973b1e2919d203,0,1,vertical_rack_detour,True,2.507378810346828,3.94817094995238,3.430678509217225,1,0.03770520799980659
0.0,101.88180969477395,4.440892098500626e-16,6.081947308129688e-17,,0.5578373964482307,0.16464466339406925,0.2146446641391273,0,257,21.852384788014387,raw,0.05,249,110018d45fe02a89642cd2bbcd3478847ce51a939788f8ddb4e5753b9c4cb546,6.2071322731296785,0,0.0,0,NavFnAStar,21cc4cb48fb433bf5f1bb579c9f7d7f4a485f0047a020c6f4d7fd226f3f7d849,126,,,,,,,,,,,,,,,,,,,,,,,,,,,,,,,,,,,,,,110018d45fe02a89642cd2bbcd3478847ce51a939788f8ddb4e5753b9c4cb546,0,1,horizontal_rack_detour,True,101.88180969477395,21.852384788014387,6.2071322731296785,1,0.008725358999981836
0.0,7.475682737098761,0.015481704159544297,0.003930934717807075,,0.5328060995089287,0.25619225950049973,0.25619225950049973,0,262,4.808837607788368,simple,0.05,249,e4ced970c999f5f283e6cd835f272898de2043694f3f5c64151134f56a5b238b,6.1405855614787646,0,0.0,0,NavFnAStar,21cc4cb48fb433bf5f1bb579c9f7d7f4a485f0047a020c6f4d7fd226f3f7d849,124,,,,,,,,,,,,,,,,,,,,,,,,,,,,,,,,,,,,,,110018d45fe02a89642cd2bbcd3478847ce51a939788f8ddb4e5753b9c4cb546,0,1,horizontal_rack_detour,True,7.475682737098761,4.808837607788368,6.1405855614787646,1,0.01327698800014332
0.0,33.617012028063776,0.007370318709810966,0.0017661835885734215,,0.5002314444754844,0.2146446641391273,0.23390290478282266,0,303,10.1017837173372,savitzky_golay,0.05,249,620a227a0b0a0e87ee05d278ad0281244b7f8cabd33777ec44e87e2ee12839ac,6.174361187721303,0,0.0,0,NavFnAStar,21cc4cb48fb433bf5f1bb579c9f7d7f4a485f0047a020c6f4d7fd226f3f7d849,125,,,,,,,,,,,,,,,,,,,,,,,,,,,,,,,,,,,,,,110018d45fe02a89642cd2bbcd3478847ce51a939788f8ddb4e5753b9c4cb546,0,1,horizontal_rack_detour,True,33.617012028063776,10.1017837173372,6.174361187721303,1,0.01094837099981305
0.048,58.10072171015414,0.006101857510911363,0.0014321696889673559,,0.4895846075511589,0.16464466339406925,0.23390290478282266,0,322,15.756740775683122,constrained,0.05,249,d571d0e51d143e13f88f7fc2d9966576aa486864fb550ef3ddcc997fc5880a64,6.193260321456981,0,0.0,0,NavFnAStar,21cc4cb48fb433bf5f1bb579c9f7d7f4a485f0047a020c6f4d7fd226f3f7d849,126,,,,,,,,,,,,,,,,,,,,,,,,,,,,,,,,,,,,,,110018d45fe02a89642cd2bbcd3478847ce51a939788f8ddb4e5753b9c4cb546,0,1,horizontal_rack_detour,True,58.10072171015414,15.756740775683122,6.193260321456981,1,0.0694191980001051
0.012,0.9608354162155036,0.21768013610175488,0.0899094309587908,,0.4206182160756492,0.07644806095482698,0.10606601875848895,0,169,1.0860005810959283,pstmo,0.05,161,34db419a81aca4517e9824a8da59c8a4512502b980aff1ee64853c356dc1bf64,5.941346999521092,0,0.0,0,NavFnAStar,21cc4cb48fb433bf5f1bb579c9f7d7f4a485f0047a020c6f4d7fd226f3f7d849,120,0,11,"[[0, -2.8], [4.31815, -1.7077], [4.8, -0.2]]",3,0.075,0,0.15,0,3,0,0,"[{'index': 0, 'x': 4.31815, 'y': -1.7077, 'turn_angle': 1.0137, 'incoming_length': 4.45416, 'outgoing_length': 1.58283, 'pivot_safe': True, 'pass_through': False, 'radius_min': 0.1, 'radius_max': 1.5, 'trim_min': 0.0555231, 'trim_max': 0.832846, 'evaluations': 20, 'safe_feasible': 13, 'states': 6, 'selected_radius': 1.15, 'selected_trim': 0.638516, 'selected_score': 0.55804}]",1,6,20,none,1,2,66,True,,False,0.1,3,64,252,0.55804,161,0,0,249,"{'swept_footprint': 4, 'transition requires a reversing inner wheel': 3}",0.0106919,adaptive,0.05,,13,110018d45fe02a89642cd2bbcd3478847ce51a939788f8ddb4e5753b9c4cb546,0,1,horizontal_rack_detour,True,0.9608354162155036,1.0860005810959283,5.941346999521092,1,0.019578132999868103
0.0,56.016077021466664,4.440892098500626e-16,5.792856797921824e-17,,0.29235103655850236,0.16464466339406925,0.18825146149581692,0,207,13.69253074365483,raw,0.05,178,9c162655360648ef10b073fc3b77face318ab04ce0e84c64ca1ad6e5231cc380,4.898626334341756,0,0.0,0,NavFnAStar,f331278ef43395ecaca1280fe38872eca72707a9417dfaa7b4a19cb5a26da4e0,100,,,,,,,,,,,,,,,,,,,,,,,,,,,,,,,,,,,,,,9c162655360648ef10b073fc3b77face318ab04ce0e84c64ca1ad6e5231cc380,0,1,right_rack_detour,True,56.016077021466664,13.69253074365483,4.898626334341756,1,0.006394288000137749
0.0,5.491401666978242,0.018611756488338554,0.004292243428364904,,0.32301133695904144,0.23390290478282266,0.25619225950049973,0,183,5.439496132471713,simple,0.05,178,cf8d40d3f2584548ba6afa9da25f442b7917f63391ee40a7336429442828362c,4.854328467164485,0,0.0,0,NavFnAStar,f331278ef43395ecaca1280fe38872eca72707a9417dfaa7b4a19cb5a26da4e0,99,,,,,,,,,,,,,,,,,,,,,,,,,,,,,,,,,,,,,,9c162655360648ef10b073fc3b77face318ab04ce0e84c64ca1ad6e5231cc380,0,1,right_rack_detour,True,5.491401666978242,5.439496132471713,4.854328467164485,1,0.009005207999962295
0.0,25.41726359042169,0.0067962963835702436,0.0018544216318914584,,0.3139411414730576,0.2146446641391273,0.23390290478282266,0,222,9.263647665857823,savitzky_golay,0.05,178,0cd65843c5cd38b4b587446c603cde791915af9cd1be8a113a637266b2752625,4.880819966368201,0,0.0,0,NavFnAStar,f331278ef43395ecaca1280fe38872eca72707a9417dfaa7b4a19cb5a26da4e0,99,,,,,,,,,,,,,,,,,,,,,,,,,,,,,,,,,,,,,,9c162655360648ef10b073fc3b77face318ab04ce0e84c64ca1ad6e5231cc380,0,1,right_rack_detour,True,25.41726359042169,9.263647665857823,4.880819966368201,1,0.010720993000177259
0.039,33.51513946965975,0.021453624620008327,0.00911515776639367,,0.3152152046548254,0.2146446641391273,0.23390290478282266,0,226,10.294511747213274,constrained,0.05,178,e98628bcaf6d6bfe080e2c4057b4cfbc0ec31de0b09a7469136c2770f9394f40,4.896611158046956,0,0.0,0,NavFnAStar,f331278ef43395ecaca1280fe38872eca72707a9417dfaa7b4a19cb5a26da4e0,100,,,,,,,,,,,,,,,,,,,,,,,,,,,,,,,,,,,,,,9c162655360648ef10b073fc3b77face318ab04ce0e84c64ca1ad6e5231cc380,0,1,right_rack_detour,True,33.51513946965975,10.294511747213274,4.896611158046956,1,0.05101198000011209
0.009000000000000001,2.10687967516025,0.21334202233140523,0.09487958051495614,,0.24000177039878398,0.10606601875848895,0.10606601875848895,0,139,1.8792796444839588,pstmo,0.05,134,d4bb9e148e67a6eef6dd00d0037842764637f7759e473454715e7b8daa6b1be2,4.617987494750419,0,0.0,0,NavFnAStar,f331278ef43395ecaca1280fe38872eca72707a9417dfaa7b4a19cb5a26da4e0,94,0,11,"[[3.2, 0], [4.98736, 0.234436], [5.2, 3.2]]",3,0.075,0,0.15,0,3,0,0,"[{'index': 0, 'x': 4.98736, 'y': 0.234436, 'turn_angle': 1.3688, 'incoming_length': 1.80267, 'outgoing_length': 2.97318, 'pivot_safe': True, 'pass_through': False, 'radius_min': 0.1, 'radius_max': 1.5, 'trim_min': 0.0815964, 'trim_max': 1.22395, 'evaluations': 20, 'safe_feasible': 11, 'states': 6, 'selected_radius': 0.73, 'selected_trim': 0.595654, 'selected_score': 0.727735}]",1,6,20,none,1,2,103,True,,False,0.1,3,101,252,0.727735,134,0,0,178,"{'swept_footprint': 7, 'transition requires a reversing inner wheel': 2}",0.0081498,adaptive,0.05,,11,9c162655360648ef10b073fc3b77face318ab04ce0e84c64ca1ad6e5231cc380,0,1,right_rack_detour,True,2.10687967516025,1.8792796444839588,4.617987494750419,1,0.01732396500028699
0.003,187.99313722646693,1.942890293094024e-16,3.082491838848355e-17,,0.4195760177342491,0.11464466264901119,0.2146446641391273,0,560,26.75763841470649,raw,0.05,506,1b214351fd842357e09b921401a5e7cb9c09ca9bca38af42f480eae797814eb4,13.789726252560094,0,0.0,0,NavFnAStar,ab19cbe7e87b9902fe6687156dac71a8f7467abc5ad5c7030b744466cbf14ab7,279,,,,,,,,,,,,,,,,,,,,,,,,,,,,,,,,,,,,,,1b214351fd842357e09b921401a5e7cb9c09ca9bca38af42f480eae797814eb4,0,1,long_southwest_to_northeast,True,187.99313722646693,26.75763841470649,13.789726252560094,1,0.016008578999844758
0.003,34.53297222542249,0.02626037391121816,0.004424994276528415,,0.39878170681533665,0.11464466264901119,0.17964538882206538,0,586,11.078910005852649,simple,0.05,506,717121954807bfa88c8ae6d1a33333c1d21c030c5b2677b2b11135cb2c782bac,13.673109651612716,0,0.0,0,NavFnAStar,ab19cbe7e87b9902fe6687156dac71a8f7467abc5ad5c7030b744466cbf14ab7,275,,,,,,,,,,,,,,,,,,,,,,,,,,,,,,,,,,,,,,1b214351fd842357e09b921401a5e7cb9c09ca9bca38af42f480eae797814eb4,0,1,long_southwest_to_northeast,True,34.53297222542249,11.078910005852649,13.673109651612716,1,0.020600388999810093
0.0,112.79915211863154,0.016995399406947165,0.0016269346213593603,,0.3790888721878914,0.11464466264901119,0.16464466339406925,0,684,25.764841319553753,savitzky_golay,0.05,506,007884dba94f7a935670d7af23e543633a9314b528a9782a2a247715d3805730,13.75147766481031,0,0.0,0,NavFnAStar,ab19cbe7e87b9902fe6687156dac71a8f7467abc5ad5c7030b744466cbf14ab7,277,,,,,,,,,,,,,,,,,,,,,,,,,,,,,,,,,,,,,,1b214351fd842357e09b921401a5e7cb9c09ca9bca38af42f480eae797814eb4,0,1,long_southwest_to_northeast,True,112.79915211863154,25.764841319553753,13.75147766481031,1,0.019076135999966937
0.07200000000000001,125.60082333226575,0.020279997573909192,0.007716417039105293,,0.385627946495039,0.11464466264901119,0.1842352942480662,0,674,19.113635572695923,constrained,0.05,506,6e0f190714f12ba4af36b87d6d6cac9beaa60e2df339522f57e1d27dbde57c14,13.785180241828185,0,0.0,0,NavFnAStar,ab19cbe7e87b9902fe6687156dac71a8f7467abc5ad5c7030b744466cbf14ab7,278,,,,,,,,,,,,,,,,,,,,,,,,,,,,,,,,,,,,,,1b214351fd842357e09b921401a5e7cb9c09ca9bca38af42f480eae797814eb4,0,1,long_southwest_to_northeast,True,125.60082333226575,19.113635572695923,13.785180241828185,1,0.10000764899996284
0.162,5.413147999747982,0.06679933708386551,0.035987267339203786,,0.34332851222455335,0.11464466264901119,0.2146446641391273,0,536,3.6637440391164957,pstmo,0.05,524,9e30b4295cb66c7c2c2a366e59f8f8e644257952c6df92e3c36d646c2e1e37cc,13.590149494795762,0,0.0,0,NavFnAStar,ab19cbe7e87b9902fe6687156dac71a8f7467abc5ad5c7030b744466cbf14ab7,273,160,107,"[[-5, -3], [-2.84155, -2.75919], [0.46142, -0.487789], [2.9778, -0.463543], [3.94506, -0.0877147], [4.71675, -0.00355982], [4.99472, 0.245967], [5.05574, 0.50086], [5, 3]]",506,0.075,0.0668759,0.15,0,9,0,8,"[{'index': 0, 'x': -2.84155, 'y': -2.75919, 'turn_angle': 0.491307, 'incoming_length': 2.17184, 'outgoing_length': 4.0086, 'pivot_safe': True, 'pass_through': False, 'radius_min': 0.1, 'radius_max': 1.5, 'trim_min': 0.0250717, 'trim_max': 0.376076, 'evaluations': 20, 'safe_feasible': 17, 'states': 6, 'selected_radius': 1.5, 'selected_trim': 0.376076, 'selected_score': 0.306689}, {'index': 1, 'x': 0.46142, 'y': -0.487789, 'turn_angle': -0.592778, 'incoming_length': 4.0086, 'outgoing_length': 2.51649, 'pivot_safe': True, 'pass_through': False, 'radius_min': 0.1, 'radius_max': 1.5, 'trim_min': 0.0305384, 'trim_max': 0.458076, 'evaluations': 20, 'safe_feasible': 18, 'states': 6, 'selected_radius': 1.4125, 'selected_trim': 0.431355, 'selected_score': 0.369919}, {'index': 2, 'x': 2.9778, 'y': -0.463543, 'turn_angle': 0.36096, 'incoming_length': 2.51649, 'outgoing_length': 1.03771, 'pivot_safe': True, 'pass_through': False, 'radius_min': 0.1, 'radius_max': 1.5, 'trim_min': 0.0182465, 'trim_max': 0.273698, 'evaluations': 20, 'safe_feasible': 18, 'states': 6, 'selected_radius': 1.5, 'selected_trim': 0.273698, 'selected_score': 0.288533}, {'index': 3, 'x': 3.94506, 'y': -0.0877147, 'turn_angle': -0.261971, 'incoming_length': 1.03771, 'outgoing_length': 0.776263, 'pivot_safe': True, 'pass_through': False, 'radius_min': 0.1, 'radius_max': 1.5, 'trim_min': 0.013174, 'trim_max': 0.19761, 'evaluations': 20, 'safe_feasible': 17, 'states': 6, 'selected_radius': 1.5, 'selected_trim': 0.19761, 'selected_score': 0.196971}, {'index': 4, 'x': 4.71675, 'y': -0.00355982, 'turn_angle': 0.62291, 'incoming_length': 0.776263, 'outgoing_length': 0.373537, 'pivot_safe': True, 'pass_through': False, 'radius_min': 0.1, 'radius_max': 1.1603, 'trim_min': 0.0321932, 'trim_max': 0.373537, 'evaluations': 20, 'safe_feasible': 18, 'states': 6, 'selected_radius': 0.312059, 'selected_trim': 0.100462, 'selected_score': 0.661354}, {'index': 5, 'x': 4.99472, 'y': 0.245967, 'turn_angle': 0.604299, 'incoming_length': 0.373537, 'outgoing_length': 0.262094, 'pivot_safe': True, 'pass_through': False, 'radius_min': 0.1, 'radius_max': 0.840873, 'trim_min': 0.0311693, 'trim_max': 0.262094, 'evaluations': 20, 'safe_feasible': 16, 'states': 6, 'selected_radius': 0.322262, 'selected_trim': 0.100447, 'selected_score': 0.681911}, {'index': 6, 'x': 5.05574, 'y': 0.50086, 'turn_angle': 0.257262, 'incoming_length': 0.262094, 'outgoing_length': 2.49976, 'pivot_safe': True, 'pass_through': False, 'radius_min': 0.1, 'radius_max': 1.5, 'trim_min': 0.0129345, 'trim_max': 0.194018, 'evaluations': 20, 'safe_feasible': 17, 'states': 6, 'selected_radius': 0.52, 'selected_trim': 0.0672594, 'selected_score': 0.416333}]",7,42,140,none,7,4,698,True,unsafe_goal_rotation,True,0.1,506,694,252,0.417387,524,0,0,506,"{'angular acceleration iteration did not converge': 9, 'transition requires a reversing inner wheel': 10}",0.162036,adaptive,0.05,,121,1b214351fd842357e09b921401a5e7cb9c09ca9bca38af42f480eae797814eb4,0,1,long_southwest_to_northeast,True,5.413147999747982,3.6637440391164957,13.590149494795762,1,0.19429176399989956
0.003,114.07780436669192,2.0816681711721685e-16,3.050967027197653e-17,,0.43224846398698447,0.11464466264901119,0.2146446641391273,0,600,22.591775025486942,raw,0.05,540,51339275e29067f62950c03f11f9fb2ee36671153454cb6293e5d8eec2f7498b,13.803602150060671,0,0.0,0,NavFnAStar,9ab5a12616d2fcfe13be7a0fecac429b73c24365334ad2b02febe3564f8b6f08,278,,,,,,,,,,,,,,,,,,,,,,,,,,,,,,,,,,,,,,51339275e29067f62950c03f11f9fb2ee36671153454cb6293e5d8eec2f7498b,0,1,long_northeast_to_southwest,True,114.07780436669192,22.591775025486942,13.803602150060671,1,0.019714395999926637
0.003,10.194408623858612,0.02329954716279675,0.004034825730585999,,0.41032370047852496,0.11464466264901119,0.16464466339406925,0,583,4.6315186893577165,simple,0.05,540,82693ee20075537f49e845b37c7bf5be5b5a79283925c2c14c55a71d2dc5a674,13.710610735256008,0,0.0,0,NavFnAStar,9ab5a12616d2fcfe13be7a0fecac429b73c24365334ad2b02febe3564f8b6f08,276,,,,,,,,,,,,,,,,,,,,,,,,,,,,,,,,,,,,,,51339275e29067f62950c03f11f9fb2ee36671153454cb6293e5d8eec2f7498b,0,1,long_northeast_to_southwest,True,10.194408623858612,4.6315186893577165,13.710610735256008,1,0.023974724999789032
0.0,28.721230805648265,0.015350890518986658,0.001851295708870498,,0.4102698466611412,0.11464466264901119,0.16464466339406925,0,611,8.142447845134436,savitzky_golay,0.05,540,f7d3da24a92306b1e2eb1450a4b3a800a4634a539b3de6da5a816840f1d69632,13.757706426506367,0,0.0,0,NavFnAStar,9ab5a12616d2fcfe13be7a0fecac429b73c24365334ad2b02febe3564f8b6f08,277,,,,,,,,,,,,,,,,,,,,,,,,,,,,,,,,,,,,,,51339275e29067f62950c03f11f9fb2ee36671153454cb6293e5d8eec2f7498b,0,1,long_northeast_to_southwest,True,28.721230805648265,8.142447845134436,13.757706426506367,1,0.022417612000026566
0.096,64.72904106143558,0.016581685535546196,0.0017856960204213229,,0.40807934436207294,0.11464466264901119,0.18964466376659828,0,631,17.40388407322782,constrained,0.05,540,daec77e79f45e6832e85e6a6b660a837754ced8620d592ec52dae67ea2cc3e2a,13.789815753548348,0,0.0,0,NavFnAStar,9ab5a12616d2fcfe13be7a0fecac429b73c24365334ad2b02febe3564f8b6f08,278,,,,,,,,,,,,,,,,,,,,,,,,,,,,,,,,,,,,,,51339275e29067f62950c03f11f9fb2ee36671153454cb6293e5d8eec2f7498b,0,1,long_northeast_to_southwest,True,64.72904106143558,17.40388407322782,13.789815753548348,1,0.12263480000001437
0.10800000000000001,7.257581182684714,0.07253051578365853,0.02864356959838926,,0.4163501610733012,0.11464466264901119,0.16464466339406925,0,518,4.667916443645663,pstmo,0.05,486,e3764857915dd9cc144d201e39fcf3331d3d108dc517b55124551f7e91add31d,13.665229150256273,0,0.0,0,NavFnAStar,9ab5a12616d2fcfe13be7a0fecac429b73c24365334ad2b02febe3564f8b6f08,275,208,147,"[[5, 3], [5.09148, 0.550611], [5.0185, 0.261411], [4.80486, 0.0541894], [4.47823, -0.0678939], [2.54107, -0.126564], [0.421816, -0.46897], [-2.04655, -1.88764], [-2.95, -2.75], [-3.22562, -2.86768], [-4.8, -2.85], [-5, -3]]",540,0.075,0.0725421,0.15,0,12,0,11,"[{'index': 0, 'x': 5.09148, 'y': 0.550611, 'turn_angle': -0.284502, 'incoming_length': 2.4511, 'outgoing_length': 0.298265, 'pivot_safe': True, 'pass_through': False, 'radius_min': 0.1, 'radius_max': 1.5, 'trim_min': 0.0143218, 'trim_max': 0.214828, 'evaluations': 20, 'safe_feasible': 17, 'states': 6, 'selected_radius': 0.485, 'selected_trim': 0.0694609, 'selected_score': 0.432956}, {'index': 1, 'x': 5.0185, 'y': 0.261411, 'turn_angle': -0.553494, 'incoming_length': 0.298265, 'outgoing_length': 0.297634, 'pivot_safe': True, 'pass_through': False, 'radius_min': 0.1, 'radius_max': 1.04787, 'trim_min': 0.0284036, 'trim_max': 0.297634, 'evaluations': 20, 'safe_feasible': 17, 'states': 6, 'selected_radius': 0.242181, 'selected_trim': 0.0687881, 'selected_score': 0.684192}, {'index': 2, 'x': 4.80486, 'y': 0.0541894, 'turn_angle': -0.412441, 'incoming_length': 0.297634, 'outgoing_length': 0.348699, 'pivot_safe': True, 'pass_through': False, 'radius_min': 0.1, 'radius_max': 1.42276, 'trim_min': 0.0209194, 'trim_max': 0.297634, 'evaluations': 20, 'safe_feasible': 18, 'states': 6, 'selected_radius': 0.430691, 'selected_trim': 0.090098, 'selected_score': 0.529128}, {'index': 3, 'x': 4.47823, 'y': -0.0678939, 'turn_angle': -0.327412, 'incoming_length': 0.348699, 'outgoing_length': 1.93804, 'pivot_safe': True, 'pass_through': False, 'radius_min': 0.1, 'radius_max': 1.5, 'trim_min': 0.0165184, 'trim_max': 0.247776, 'evaluations': 20, 'safe_feasible': 17, 'states': 6, 'selected_radius': 0.485, 'selected_trim': 0.0801144, 'selected_score': 0.457878}, {'index': 4, 'x': 2.54107, 'y': -0.126564, 'turn_angle': 0.129907, 'incoming_length': 1.93804, 'outgoing_length': 2.14674, 'pivot_safe': True, 'pass_through': False, 'radius_min': 0.1, 'radius_max': 1.5, 'trim_min': 0.00650449, 'trim_max': 0.0975673, 'evaluations': 11, 'safe_feasible': 9, 'states': 6, 'selected_radius': 1.5, 'selected_trim': 0.0975673, 'selected_score': 0.0908939}, {'index': 5, 'x': 0.421816, 'y': -0.46897, 'turn_angle': 0.361455, 'incoming_length': 2.14674, 'outgoing_length': 2.84701, 'pivot_safe': True, 'pass_through': False, 'radius_min': 0.1, 'radius_max': 1.5, 'trim_min': 0.0182721, 'trim_max': 0.274082, 'evaluations': 20, 'safe_feasible': 18, 'states': 6, 'selected_radius': 1.5, 'selected_trim': 0.274082, 'selected_score': 0.265487}, {'index': 6, 'x': -2.04655, 'y': -1.88764, 'turn_angle': 0.240493, 'incoming_length': 2.84701, 'outgoing_length': 1.24895, 'pivot_safe': True, 'pass_through': False, 'radius_min': 0.1, 'radius_max': 1.5, 'trim_min': 0.0120829, 'trim_max': 0.181244, 'evaluations': 20, 'safe_feasible': 17, 'states': 6, 'selected_radius': 1.5, 'selected_trim': 0.181244, 'selected_score': 0.13928}, {'index': 7, 'x': -2.95, 'y': -2.75, 'turn_angle': -0.358616, 'incoming_length': 1.24895, 'outgoing_length': 0.299693, 'pivot_safe': True, 'pass_through': False, 'radius_min': 0.1, 'radius_max': 1.5, 'trim_min': 0.0181255, 'trim_max': 0.271882, 'evaluations': 20, 'safe_feasible': 18, 'states': 6, 'selected_radius': 0.415, 'selected_trim': 0.0752207, 'selected_score': 0.518665}, {'index': 8, 'x': -3.22562, 'y': -2.86768, 'turn_angle': -0.414743, 'incoming_length': 0.299693, 'outgoing_length': 1.57448, 'pivot_safe': True, 'pass_through': False, 'radius_min': 0.1, 'radius_max': 1.42442, 'trim_min': 0.0210396, 'trim_max': 0.299693, 'evaluations': 20, 'safe_feasible': 18, 'states': 6, 'selected_radius': 0.431105, 'selected_trim': 0.0907029, 'selected_score': 0.534968}, {'index': 9, 'x': -4.8, 'y': -2.85, 'turn_angle': 0.654728, 'incoming_length': 1.57448, 'outgoing_length': 0.25, 'pivot_safe': True, 'pass_through': False, 'radius_min': 0.1, 'radius_max': 0.736199, 'trim_min': 0.0339582, 'trim_max': 0.25, 'evaluations': 20, 'safe_feasible': 16, 'states': 6, 'selected_radius': 0.736199, 'selected_trim': 0.25, 'selected_score': 0.426834}]",10,60,191,none,10,4,698,True,unsafe_start_rotation,True,0.1,540,694,252,0.408028,486,0,0,540,"{'angular acceleration iteration did not converge': 11, 'transition requires a reversing inner wheel': 15}",0.107247,adaptive,0.05,,165,51339275e29067f62950c03f11f9fb2ee36671153454cb6293e5d8eec2f7498b,0,1,long_northeast_to_southwest,True,7.257581182684714,4.667916443645663,13.665229150256273,1,0.1292561149998619
0.0,343.51031229968027,4.440892098500626e-16,8.706809460739853e-17,,0.7747730758366509,0.2146446641391273,0.26464466488418537,0,502,23.01063305769614,raw,0.05,463,0a26e439679e3bfb6ee744c70ccacf69630142b76e03a8bcf4bffa144ad9139d,12.72738016923652,0,0.0,0,NavFnAStar,8f774092ca8cd19f4f43ddc68834b323868822944e65714ea8cb91b866e0e97f,258,,,,,,,,,,,,,,,,,,,,,,,,,,,,,,,,,,,,,,0a26e439679e3bfb6ee744c70ccacf69630142b76e03a8bcf4bffa144ad9139d,0,1,crossing_northwest_to_southeast,True,343.51031229968027,23.01063305769614,12.72738016923652,1,0.02128738200008229
0.003,24.502442568587146,0.030235620352614363,0.008295552785758319,,0.7306665918559307,0.2808724311428359,0.3146446656292434,0,501,4.573281191491638,simple,0.05,463,03853a834c660d76d5b9164a2a3df02e2b9296b1656bb40acd25e9d6b12507e4,12.372512244415951,0,0.0,0,NavFnAStar,8f774092ca8cd19f4f43ddc68834b323868822944e65714ea8cb91b866e0e97f,249,,,,,,,,,,,,,,,,,,,,,,,,,,,,,,,,,,,,,,0a26e439679e3bfb6ee744c70ccacf69630142b76e03a8bcf4bffa144ad9139d,0,1,crossing_northwest_to_southeast,True,24.502442568587146,4.573281191491638,12.372512244415951,1,0.02277374699997381
0.0,135.7606211077402,0.018243374523646688,0.0034283862299116087,,0.7146765382525029,0.23390290478282266,0.3146446656292434,0,650,12.963198595839069,savitzky_golay,0.05,463,f057edf54e2355fc8b2462aa6e2f4d3fe34d398cc64e06a03c7ddad8e0f62865,12.566306565943213,0,0.0,0,NavFnAStar,8f774092ca8cd19f4f43ddc68834b323868822944e65714ea8cb91b866e0e97f,253,,,,,,,,,,,,,,,,,,,,,,,,,,,,,,,,,,,,,,0a26e439679e3bfb6ee744c70ccacf69630142b76e03a8bcf4bffa144ad9139d,0,1,crossing_northwest_to_southeast,True,135.7606211077402,12.963198595839069,12.566306565943213,1,0.017455935000270983
0.057,247.6478040518576,0.012480309971011364,0.003464958525475991,,0.7051709982520805,0.2146446641391273,0.3109972147311343,0,696,19.8767972961346,constrained,0.05,463,6e05426a6fddcacc7dc785460b68a0c76096a4c9e10247129d3fd2237b176ff3,12.683819097428525,0,0.0,0,NavFnAStar,8f774092ca8cd19f4f43ddc68834b323868822944e65714ea8cb91b866e0e97f,256,,,,,,,,,,,,,,,,,,,,,,,,,,,,,,,,,,,,,,0a26e439679e3bfb6ee744c70ccacf69630142b76e03a8bcf4bffa144ad9139d,0,1,crossing_northwest_to_southeast,True,247.6478040518576,19.8767972961346,12.683819097428525,1,0.07360746199992718
0.054000000000000006,0.38521663449119753,0.24359363086807986,0.1287660698329506,,0.6633863617115916,0.10606601875848895,0.12275854577833645,0,318,0.7782390534474802,pstmo,0.05,315,9410d1d4def4362c40177f67ee8bff1acea3b2c29a428ee499c357c43aa70f1f,12.028170619898967,0,0.0,0,NavFnAStar,8f774092ca8cd19f4f43ddc68834b323868822944e65714ea8cb91b866e0e97f,242,36,33,"[[-5, 3], [-1.14684, -0.962674], [1.15001, -2.05233], [5, -3]]",4,0.075,0,0.15,0,4,0,0,"[{'index': 0, 'x': -1.14684, 'y': -0.962674, 'turn_angle': 0.356439, 'incoming_length': 5.52717, 'outgoing_length': 2.54222, 'pivot_safe': True, 'pass_through': False, 'radius_min': 0.1, 'radius_max': 1.5, 'trim_min': 0.018013, 'trim_max': 0.270196, 'evaluations': 20, 'safe_feasible': 18, 'states': 6, 'selected_radius': 1.5, 'selected_trim': 0.270196, 'selected_score': 0.331635}, {'index': 1, 'x': 1.15001, 'y': -2.05233, 'turn_angle': 0.20162, 'incoming_length': 2.54222, 'outgoing_length': 3.96491, 'pivot_safe': True, 'pass_through': False, 'radius_min': 0.1, 'radius_max': 1.5, 'trim_min': 0.0101153, 'trim_max': 0.151729, 'evaluations': 20, 'safe_feasible': 17, 'states': 6, 'selected_radius': 1.5, 'selected_trim': 0.151729, 'selected_score': 0.27374}]",2,12,40,none,2,3,372,True,,False,0.1,4,369,252,0.302688,315,0,0,463,"{'angular acceleration iteration did not converge': 3, 'transition requires a reversing inner wheel': 2}",0.0551155,adaptive,0.05,,35,0a26e439679e3bfb6ee744c70ccacf69630142b76e03a8bcf4bffa144ad9139d,0,1,crossing_northwest_to_southeast,True,0.38521663449119753,0.7782390534474802,12.028170619898967,1,0.08402787400018497
0.0,69.04278262080267,2.220446049250313e-16,4.2509590785128816e-17,,0.5961185668181611,0.16464466339406925,0.2146446641391273,0,298,21.43575752623448,raw,0.05,267,1ba65e01799e1725e0f8384feb491800be4459cea585490d3c7ff8a69f9c915f,6.842517568690707,0,0.0,0,NavFnAStar,81d62284b89644fb950571c12145e38b825a8f873f6082f31bd563173a08e7b3,139,,,,,,,,,,,,,,,,,,,,,,,,,,,,,,,,,,,,,,1ba65e01799e1725e0f8384feb491800be4459cea585490d3c7ff8a69f9c915f,0,1,central_south_to_north,True,69.04278262080267,21.43575752623448,6.842517568690707,1,0.008717866000097274
0.003,14.766762398809243,0.020280290024244196,0.003890497595699404,,0.5706447846116968,0.16464466339406925,0.2146446641391273,0,291,12.309003912010478,simple,0.05,267,7cbc0afbdf67d706e4b87f102205b6d378a1e512c97c2625ab436fcd55be0509,6.800551549688613,0,0.0,0,NavFnAStar,81d62284b89644fb950571c12145e38b825a8f873f6082f31bd563173a08e7b3,138,,,,,,,,,,,,,,,,,,,,,,,,,,,,,,,,,,,,,,1ba65e01799e1725e0f8384feb491800be4459cea585490d3c7ff8a69f9c915f,0,1,central_south_to_north,True,14.766762398809243,12.309003912010478,6.800551549688613,1,0.014150122000046395
0.0,31.194720114377574,0.006034618150288024,0.0013877093995372943,,0.5452653507201896,0.1449222268733815,0.2146446641391273,0,324,11.037806857830196,savitzky_golay,0.05,267,94f6613f1f3e0b6048a1ffa7d44d0d958e59b3f3fbcd63c9b924ba53202d4874,6.8249496701727335,0,0.0,0,NavFnAStar,81d62284b89644fb950571c12145e38b825a8f873f6082f31bd563173a08e7b3,138,,,,,,,,,,,,,,,,,,,,,,,,,,,,,,,,,,,,,,1ba65e01799e1725e0f8384feb491800be4459cea585490d3c7ff8a69f9c915f,0,1,central_south_to_north,True,31.194720114377574,11.037806857830196,6.8249496701727335,1,0.011388151000119251
0.033,43.222091477979305,0.01555565853756724,0.00392959025549685,,0.5609857995657206,0.16464466339406925,0.2146446641391273,0,327,12.837090864271268,constrained,0.05,267,6ef7c244c00a6c4096e8d2ed3cf582c23a337841d476663c39914bde9bf0413c,6.844875941182896,0,0.0,0,NavFnAStar,81d62284b89644fb950571c12145e38b825a8f873f6082f31bd563173a08e7b3,139,,,,,,,,,,,,,,,,,,,,,,,,,,,,,,,,,,,,,,1ba65e01799e1725e0f8384feb491800be4459cea585490d3c7ff8a69f9c915f,0,1,central_south_to_north,True,43.222091477979305,12.837090864271268,6.844875941182896,1,0.046299951000037254
0.012,0.30799181789460306,0.15096189160293463,0.04830559809826174,,0.47347488235374435,0.10606601875848895,0.11775078767238221,0,195,0.7790431067983483,pstmo,0.05,191,e1bcdaa3f5f79fae0e83bf60ef81e598e6edafef3bb2fe70448da685b05a4fdf,6.729260361359437,0,0.0,0,NavFnAStar,81d62284b89644fb950571c12145e38b825a8f873f6082f31bd563173a08e7b3,136,0,17,"[[-2, -3], [-0.25, -0.25], [0.2, 3.2]]",3,0.075,0,0.15,0,3,0,0,"[{'index': 0, 'x': -0.25, 'y': -0.25, 'turn_angle': 0.437027, 'incoming_length': 3.2596, 'outgoing_length': 3.47922, 'pivot_safe': True, 'pass_through': False, 'radius_min': 0.1, 'radius_max': 1.5, 'trim_min': 0.0222059, 'trim_max': 0.333088, 'evaluations': 20, 'safe_feasible': 17, 'states': 6, 'selected_radius': 1.5, 'selected_trim': 0.333088, 'selected_score': 0.357996}]",1,6,20,none,1,2,135,True,,False,0.1,3,133,252,0.357996,191,0,0,267,"{'angular acceleration iteration did not converge': 2, 'transition requires a reversing inner wheel': 1}",0.0124374,adaptive,0.05,,17,1ba65e01799e1725e0f8384feb491800be4459cea585490d3c7ff8a69f9c915f,0,1,central_south_to_north,True,0.30799181789460306,0.7790431067983483,6.729260361359437,1,0.024998179000249365
0.0,50.5184938428738,8.881784197001252e-16,9.237982391546177e-17,,0.45052464156403593,0.18825146149581692,0.23390290478282266,0,308,16.14672844010133,raw,0.05,266,25becdda4b3f283cdc99c57dda08ce17c1794d76e25c7f222f00963818e55525,6.650303984841523,0,0.0,0,NavFnAStar,21b17e8f8f2827796c6bf5d94690fcc16a3809dbb403ef5b59510735985223d5,135,,,,,,,,,,,,,,,,,,,,,,,,,,,,,,,,,,,,,,25becdda4b3f283cdc99c57dda08ce17c1794d76e25c7f222f00963818e55525,0,1,right_south_to_north,True,50.5184938428738,16.14672844010133,6.650303984841523,1,0.00870053700009521
0.0,2.8418129884662062,0.0201504056271114,0.002969862341650382,,0.4714833737398506,0.2808724311428359,0.30005486203680687,0,332,2.872127484356355,simple,0.05,266,0bcce97d938a018a0571a1f88f905b2a0ebe8c5251b5d2d92e78a2950cc2b652,6.620856662674552,0,0.0,0,NavFnAStar,21b17e8f8f2827796c6bf5d94690fcc16a3809dbb403ef5b59510735985223d5,134,,,,,,,,,,,,,,,,,,,,,,,,,,,,,,,,,,,,,,25becdda4b3f283cdc99c57dda08ce17c1794d76e25c7f222f00963818e55525,0,1,right_south_to_north,True,2.8418129884662062,2.872127484356355,6.620856662674552,1,0.01709508800013282
0.0,9.96072764087706,0.009117098945145086,0.002046154475857043,,0.46793000409093904,0.28480087705617874,0.30005486203680687,0,343,5.913609975726081,savitzky_golay,0.05,266,05e91ea8afbf2b1b896d405836dcfdd0e0337d088c42ed1d64ae82044fd9b66f,6.633833702746059,0,0.0,0,NavFnAStar,21b17e8f8f2827796c6bf5d94690fcc16a3809dbb403ef5b59510735985223d5,134,,,,,,,,,,,,,,,,,,,,,,,,,,,,,,,,,,,,,,25becdda4b3f283cdc99c57dda08ce17c1794d76e25c7f222f00963818e55525,0,1,right_south_to_north,True,9.96072764087706,5.913609975726081,6.633833702746059,1,0.027041605000249547
0.057,20.9893372881666,0.009669642896160856,0.001951254667256831,,0.44526988045418525,0.25619225950049973,0.30005486203680687,0,296,9.975559400487418,constrained,0.05,266,6d2a68c3311218cb7f740acc3d92b8b399c86bd50fbc2b0843709006ef9271c4,6.646246732344972,0,0.0,0,NavFnAStar,21b17e8f8f2827796c6bf5d94690fcc16a3809dbb403ef5b59510735985223d5,135,,,,,,,,,,,,,,,,,,,,,,,,,,,,,,,,,,,,,,25becdda4b3f283cdc99c57dda08ce17c1794d76e25c7f222f00963818e55525,0,1,right_south_to_north,True,20.9893372881666,9.975559400487418,6.646246732344972,1,0.07255788700013
0.012,1.1059674792164456,0.2069365037766336,0.11377629626295069,,0.39495451478143373,0.11464466264901119,0.11464466264901119,0,138,4.689123139537894,pstmo,0.05,134,47f41ede3ee487e6fabc8f623eaab73c76d399aa058c99346294eac00d38d7b9,6.497387387317804,1,0.25080122874214883,0.25080122874214883,NavFnAStar,21b17e8f8f2827796c6bf5d94690fcc16a3809dbb403ef5b59510735985223d5,131,6,15,"[[5, -3], [3.9439, -0.169172], [3.46138, 1.06524], [3.2, 3.2]]",4,0.075,0,0.15,0,4,1,0,"[{'index': 0, 'x': 3.9439, 'y': -0.169172, 'turn_angle': 0.0155545, 'incoming_length': 3.02141, 'outgoing_length': 1.32536, 'pivot_safe': True, 'pass_through': True, 'radius_min': 0, 'radius_max': 0, 'trim_min': 0, 'trim_max': 0, 'evaluations': 0, 'safe_feasible': 0, 'states': 1, 'selected_radius': 0, 'selected_trim': 0, 'selected_score': 0}, {'index': 1, 'x': 3.46138, 'y': 1.06524, 'turn_angle': -0.250801, 'incoming_length': 1.32536, 'outgoing_length': 2.15071, 'pivot_safe': True, 'pass_through': False, 'radius_min': 0.1, 'radius_max': 1.5, 'trim_min': 0.0126062, 'trim_max': 0.189093, 'evaluations': 20, 'safe_feasible': 17, 'states': 6, 'selected_radius': 0, 'selected_trim': 0, 'selected_score': 0}]",2,7,20,all_pivot,0,3,231,True,,False,0.1,4,228,252,0,134,1,1,266,"{'angular acceleration iteration did not converge': 2, 'transition requires a reversing inner wheel': 1}",0.0115175,adaptive,0.05,unsafe_sweep_73_74,17,25becdda4b3f283cdc99c57dda08ce17c1794d76e25c7f222f00963818e55525,0,1,right_south_to_north,True,0.0024692802769152662,0.1778697131782244,6.497481806198641,2,0.020081718000255933
0.0,1.8417256062530388e-10,0.0,0.0,,0.5146446686094758,0.5146446686094757,0.5146446686094757,0,112,4.2915344167251866e-05,raw,0.05,110,9aca3ad3ef670763426d7b93e1aa2f71e9e4cdb2e3ebb0276bc32a5d485d69aa,2.799999999999998,0,0.0,0,NavFnAStar,1d42386cca9a7372817d3620841662533ccd7594b83a2a609ffe355668937b9c,57,,,,,,,,,,,,,,,,,,,,,,,,,,,,,,,,,,,,,,9aca3ad3ef670763426d7b93e1aa2f71e9e4cdb2e3ebb0276bc32a5d485d69aa,0,1,upper_open_short,True,1.8417256062530388e-10,4.2915344167251866e-05,2.799999999999998,1,0.005075782999938383
0.0,7.316560680596474e-12,6.727821144636437e-08,1.3655081035113582e-08,,0.5146446686094759,0.5146446686094757,0.5146446686094757,0,110,6.350041914516763e-06,simple,0.05,110,4398ce4d567cf7700ae846ba246f7208bc4313984dabe5a23da4dded0807ee82,2.7999999999999967,0,0.0,0,NavFnAStar,1d42386cca9a7372817d3620841662533ccd7594b83a2a609ffe355668937b9c,57,,,,,,,,,,,,,,,,,,,,,,,,,,,,,,,,,,,,,,9aca3ad3ef670763426d7b93e1aa2f71e9e4cdb2e3ebb0276bc32a5d485d69aa,0,1,upper_open_short,True,7.316560680596474e-12,6.350041914516763e-06,2.7999999999999967,1,0.00648747800005367
0.0,3.167537552449738e-11,4.841560441448678e-08,8.318825948443569e-09,,0.5146446686094759,0.5146446686094757,0.5146446686094757,0,110,1.639911619833124e-05,savitzky_golay,0.05,110,3cf139e056f4b8ec1c7ec6dc1ce18c55cb3a1a596b1a503a02b3be96ec02bf79,2.7999999999999936,0,0.0,0,NavFnAStar,1d42386cca9a7372817d3620841662533ccd7594b83a2a609ffe355668937b9c,57,,,,,,,,,,,,,,,,,,,,,,,,,,,,,,,,,,,,,,9aca3ad3ef670763426d7b93e1aa2f71e9e4cdb2e3ebb0276bc32a5d485d69aa,0,1,upper_open_short,True,3.167537552449738e-11,1.639911619833124e-05,2.7999999999999936,1,0.006643876999987697
0.003,2.3019708612363223e-10,5.363875832387066e-08,7.104627099280691e-09,,0.5146446686094758,0.5146446686094757,0.5146446686094757,0,112,4.291531006121256e-05,constrained,0.05,110,5c8e5922b0eacde4aabc1a861c4dcbfd721f7a00b2ef41cf457440adc0384878,2.7999999999999403,0,0.0,0,NavFnAStar,1d42386cca9a7372817d3620841662533ccd7594b83a2a609ffe355668937b9c,57,,,,,,,,,,,,,,,,,,,,,,,,,,,,,,,,,,,,,,9aca3ad3ef670763426d7b93e1aa2f71e9e4cdb2e3ebb0276bc32a5d485d69aa,0,1,upper_open_short,True,2.3019708612363223e-10,4.291531006121256e-05,2.7999999999999403,1,0.006993508000050497
0.0,0.0,1.0728836041806744e-07,1.0538930071729336e-07,,0.5146446686094759,0.5146446686094757,0.5146446686094757,0,75,0.0,pstmo,0.05,57,a1b9cbae5704f2a20ffd8e5a71e80a7e7604fc3eb2104e2de1bc881050b894d8,2.799999999999998,0,0.0,0,NavFnAStar,1d42386cca9a7372817d3620841662533ccd7594b83a2a609ffe355668937b9c,57,0,0,"[[-5, 3.2], [-2.2, 3.2]]",2,0.075,0,0.15,0,2,0,0,[],0,0,0,none,0,1,1,True,,False,0.1,2,0,252,0,57,0,0,110,{},0.000461797,adaptive,0.05,,0,9aca3ad3ef670763426d7b93e1aa2f71e9e4cdb2e3ebb0276bc32a5d485d69aa,0,1,upper_open_short,True,0.0,0.0,2.799999999999998,1,0.00474091900014173
0.0,45.44221061527057,4.440892098500626e-16,8.292516836764085e-17,,0.4291142598122478,0.16464466339406925,0.18825146149581692,0,191,10.710951044805608,raw,0.05,182,4d96504468a8722e25b5fafb64052d0a20aa44ba80d8b1cec6cf6d246ce64662,4.617014289107271,0,0.0,0,NavFnAStar,6bedc2ae54aff188ced79543ca83b8f2d048fb3b8e5cf12da84c7f9653b3236f,95,,,,,,,,,,,,,,,,,,,,,,,,,,,,,,,,,,,,,,4d96504468a8722e25b5fafb64052d0a20aa44ba80d8b1cec6cf6d246ce64662,0,1,lower_left_diagonal,True,45.44221061527057,10.710951044805608,4.617014289107271,1,0.006483675999788829
0.003,4.483166086552803,0.015089415621732261,0.003959982258244368,,0.41809821199727504,0.23390290478282266,0.25619225950049973,0,185,3.76817016947778,simple,0.05,182,c4fbbcf76e122e8244b465f0b5a18ae9a25a7c3b0792c53c03624e0d6c46044b,4.582846015488058,0,0.0,0,NavFnAStar,6bedc2ae54aff188ced79543ca83b8f2d048fb3b8e5cf12da84c7f9653b3236f,93,,,,,,,,,,,,,,,,,,,,,,,,,,,,,,,,,,,,,,4d96504468a8722e25b5fafb64052d0a20aa44ba80d8b1cec6cf6d246ce64662,0,1,lower_left_diagonal,True,4.483166086552803,3.76817016947778,4.582846015488058,1,0.009109061999879486
0.0,16.539711802607638,0.007027837712120452,0.0018839354985056946,,0.4051601773085894,0.2146446641391273,0.23390290478282266,0,210,7.9978315770211825,savitzky_golay,0.05,182,a3561c0c8c2b3ed1cadf7a4d6259115b06401aef0973cb3eeaffc1bc4691150b,4.602346036860217,0,0.0,0,NavFnAStar,6bedc2ae54aff188ced79543ca83b8f2d048fb3b8e5cf12da84c7f9653b3236f,94,,,,,,,,,,,,,,,,,,,,,,,,,,,,,,,,,,,,,,4d96504468a8722e25b5fafb64052d0a20aa44ba80d8b1cec6cf6d246ce64662,0,1,lower_left_diagonal,True,16.539711802607638,7.9978315770211825,4.602346036860217,1,0.008681179000177508
0.021,24.630605720851754,0.006541417360888807,0.001808910791693114,,0.3988580948468859,0.2146446641391273,0.23390290478282266,0,225,8.171254334168392,constrained,0.05,182,efc6a2c1ea653bc1eb2d4cf4eec272a0166a64b7451685ab1e515f43eb44396a,4.609639973893631,0,0.0,0,NavFnAStar,6bedc2ae54aff188ced79543ca83b8f2d048fb3b8e5cf12da84c7f9653b3236f,94,,,,,,,,,,,,,,,,,,,,,,,,,,,,,,,,,,,,,,4d96504468a8722e25b5fafb64052d0a20aa44ba80d8b1cec6cf6d246ce64662,0,1,lower_left_diagonal,True,24.630605720851754,8.171254334168392,4.609639973893631,1,0.03252836599995135
0.006,1.196470953663422,0.21720040127156817,0.10598018638621132,,0.3283641318386356,0.10606601875848895,0.10606601875848895,0,132,1.3345853978006117,pstmo,0.05,125,cca6be33a55a425a940091888d60d6d0f61ad5a5655ab80e6e54c6a6455ff871,4.405815055847941,0,0.0,0,NavFnAStar,6bedc2ae54aff188ced79543ca83b8f2d048fb3b8e5cf12da84c7f9653b3236f,90,0,9,"[[-5, -3], [-2.70356, -2.52475], [-2, -0.5]]",3,0.075,0,0.15,0,3,0,0,"[{'index': 0, 'x': -2.70356, 'y': -2.52475, 'turn_angle': 1.0323, 'incoming_length': 2.3451, 'outgoing_length': 2.1435, 'pivot_safe': True, 'pass_through': False, 'radius_min': 0.1, 'radius_max': 1.5, 'trim_min': 0.0567459, 'trim_max': 0.851189, 'evaluations': 20, 'safe_feasible': 11, 'states': 6, 'selected_radius': 0.94, 'selected_trim': 0.533411, 'selected_score': 0.608492}]",1,6,20,none,1,2,85,True,,False,0.1,3,83,252,0.608492,125,0,0,182,"{'swept_footprint': 6, 'transition requires a reversing inner wheel': 3}",0.00600464,adaptive,0.05,,11,4d96504468a8722e25b5fafb64052d0a20aa44ba80d8b1cec6cf6d246ce64662,0,1,lower_left_diagonal,True,1.196470953663422,1.3345853978006117,4.405815055847941,1,0.013868154999727267
0.003,3.5527062672720243e-12,0.0,0.0,,0.7140896970626842,0.6447181959844944,0.7146446715897079,0,292,5.9604644775392505e-06,raw,0.05,290,97bdb67431b3bafa9c027a82917f96fead749c25386b455238b1c5500ca7e583,7.299999999999982,0,0.0,0,NavFnDijkstra,be14d93aff78ca16b2f92bbb5d5e98f259e4565841c31705a5b127bd8f5ca41b,147,,,,,,,,,,,,,,,,,,,,,,,,,,,,,,,,,,,,,,97bdb67431b3bafa9c027a82917f96fead749c25386b455238b1c5500ca7e583,0,1,straight_lower_aisle,True,3.5527062672720243e-12,5.9604644775392505e-06,7.299999999999982,1,0.01362606800012145
0.003,1.4113742147561476e-13,9.34419164266842e-09,1.1809736325765338e-09,,0.714108961247787,0.6447181959844944,0.7146446715897079,0,290,8.819499797141405e-07,simple,0.05,290,626d795e27fc2010df1bc1a76fe076535b1f8f00fb2e3c83bcec17071ecc658d,7.29999999999998,0,0.0,0,NavFnDijkstra,be14d93aff78ca16b2f92bbb5d5e98f259e4565841c31705a5b127bd8f5ca41b,147,,,,,,,,,,,,,,,,,,,,,,,,,,,,,,,,,,,,,,97bdb67431b3bafa9c027a82917f96fead749c25386b455238b1c5500ca7e583,0,1,straight_lower_aisle,True,1.4113742147561476e-13,8.819499797141405e-07,7.29999999999998,1,0.014081453000017063
0.0,6.110223735845328e-13,6.724382384248884e-09,7.194618300216031e-10,,0.714108961247787,0.6447181959844944,0.7146446715897079,0,290,2.2776561081627703e-06,savitzky_golay,0.05,290,e21a78cf4e05866b7ce062089fdf1927d1673f6235e159f8e9c6fc963f8a221d,7.299999999999982,0,0.0,0,NavFnDijkstra,be14d93aff78ca16b2f92bbb5d5e98f259e4565841c31705a5b127bd8f5ca41b,147,,,,,,,,,,,,,,,,,,,,,,,,,,,,,,,,,,,,,,97bdb67431b3bafa9c027a82917f96fead749c25386b455238b1c5500ca7e583,0,1,straight_lower_aisle,True,6.110223735845328e-13,2.2776561081627703e-06,7.299999999999982,1,0.014540375999786193
0.0,3.5527062672720243e-12,0.0,0.0,,0.7140896970626842,0.6447181959844944,0.7146446715897079,0,292,5.9604644775392505e-06,constrained,0.05,290,97bdb67431b3bafa9c027a82917f96fead749c25386b455238b1c5500ca7e583,7.299999999999982,0,0.0,0,NavFnDijkstra,be14d93aff78ca16b2f92bbb5d5e98f259e4565841c31705a5b127bd8f5ca41b,147,,,,,,,,,,,,,,,,,,,,,,,,,,,,,,,,,,,,,,97bdb67431b3bafa9c027a82917f96fead749c25386b455238b1c5500ca7e583,0,1,straight_lower_aisle,True,3.5527062672720243e-12,5.9604644775392505e-06,7.299999999999982,1,0.018533455999659054
0.003,0.0,1.4901161193847656e-08,1.4799445487614569e-08,,0.714068680596835,0.6447181959844944,0.7146446715897079,0,213,0.0,pstmo,0.05,147,b3f31d0e1fafdb122818c92767140806d63b73aa6e5e829530608822ee7a7e16,7.299999999999982,0,0.0,0,NavFnDijkstra,be14d93aff78ca16b2f92bbb5d5e98f259e4565841c31705a5b127bd8f5ca41b,147,0,0,"[[-2.5, -3], [4.8, -3]]",2,0.075,0,0.15,0,2,0,0,[],0,0,0,none,0,1,1,True,,False,0.1,2,0,252,0,147,0,0,290,{},0.00133092,adaptive,0.05,,0,97bdb67431b3bafa9c027a82917f96fead749c25386b455238b1c5500ca7e583,0,1,straight_lower_aisle,True,0.0,0.0,7.299999999999982,1,0.01150498199967842
0.0,25.67730054556068,2.220446049250313e-16,1.1172276557816554e-16,,0.38743457422829003,0.17677669793081488,0.18825146149581692,0,165,10.656290948655329,raw,0.05,155,7e35ce94ab6d0ba90dc8159de8c3f1cf1abd083bb3c752a1b0ea6dd332c907ee,3.8837434928996584,0,0.0,0,NavFnDijkstra,d4ab89b862a92baa6ca51409a0900c96e9b8e510a290f238d958531aa7f6ce70,79,,,,,,,,,,,,,,,,,,,,,,,,,,,,,,,,,,,,,,7e35ce94ab6d0ba90dc8159de8c3f1cf1abd083bb3c752a1b0ea6dd332c907ee,0,1,crate_detour,True,25.67730054556068,10.656290948655329,3.8837434928996584,1,0.006222901999990427
0.0,3.7610660167253545,0.013998841708531294,0.003308554736083142,,0.39602269176725824,0.25619225950049973,0.25619225950049973,0,170,3.5578537941333757,simple,0.05,155,7695778bf49abf952fe664468897029bb198589d3bb6d9b44f582c95354147ea,3.861566090717134,0,0.0,0,NavFnDijkstra,d4ab89b862a92baa6ca51409a0900c96e9b8e510a290f238d958531aa7f6ce70,79,,,,,,,,,,,,,,,,,,,,,,,,,,,,,,,,,,,,,,7e35ce94ab6d0ba90dc8159de8c3f1cf1abd083bb3c752a1b0ea6dd332c907ee,0,1,crate_detour,True,3.7610660167253545,3.5578537941333757,3.861566090717134,1,0.009806656999899133
0.0,11.451849784248768,0.003662929307976109,0.0009315819584886032,,0.39292407662056766,0.23390290478282266,0.25619225950049973,0,184,7.492689069417322,savitzky_golay,0.05,155,5897abe97e429b47779a564c276b587c22ad91f30cf334809c61a69e5a6211d7,3.8761304538213572,0,0.0,0,NavFnDijkstra,d4ab89b862a92baa6ca51409a0900c96e9b8e510a290f238d958531aa7f6ce70,79,,,,,,,,,,,,,,,,,,,,,,,,,,,,,,,,,,,,,,7e35ce94ab6d0ba90dc8159de8c3f1cf1abd083bb3c752a1b0ea6dd332c907ee,0,1,crate_detour,True,11.451849784248768,7.492689069417322,3.8761304538213572,1,0.008413603999997576
0.021,19.954665880844782,0.011230147528730522,0.002532591882447465,,0.4078805540302548,0.23390290478282266,0.25619225950049973,0,194,12.825640133184283,constrained,0.05,155,521542a515191261ea132a6cecc9738db884631747c5f0f64cd593510ebcc398,3.8869401665913177,0,0.0,0,NavFnDijkstra,d4ab89b862a92baa6ca51409a0900c96e9b8e510a290f238d958531aa7f6ce70,79,,,,,,,,,,,,,,,,,,,,,,,,,,,,,,,,,,,,,,7e35ce94ab6d0ba90dc8159de8c3f1cf1abd083bb3c752a1b0ea6dd332c907ee,0,1,crate_detour,True,19.954665880844782,12.825640133184283,3.8869401665913177,1,0.03053658799990444
0.030000000000000002,15.763518693509694,0.17245829182205014,0.09416438551751373,,0.3229785245824541,0.10606601875848895,0.10606601875848895,0,106,14.547604330920661,pstmo,0.05,79,1fa3a564c5863b94f3d2179e9c1018b87bfcc409d7aa8fa2a768aeea1c7fb259,3.7408556002990867,2,0.9837628702182076,1.6148848018358315,NavFnDijkstra,d4ab89b862a92baa6ca51409a0900c96e9b8e510a290f238d958531aa7f6ce70,76,36,25,"[[-5, -1.8], [-4.02408, -0.817005], [-2.65798, -1.08647], [-2, -1.8]]",4,0.075,0,0.15,0,4,0,0,"[{'index': 0, 'x': -4.02408, 'y': -0.817005, 'turn_angle': -0.983763, 'incoming_length': 1.38517, 'outgoing_length': 1.39242, 'pivot_safe': True, 'pass_through': False, 'radius_min': 0.1, 'radius_max': 1.5, 'trim_min': 0.0535807, 'trim_max': 0.803711, 'evaluations': 20, 'safe_feasible': 12, 'states': 6, 'selected_radius': 0, 'selected_trim': 0, 'selected_score': 0}, {'index': 1, 'x': -2.65798, 'y': -1.08647, 'turn_angle': -0.631122, 'incoming_length': 1.39242, 'outgoing_length': 0.970597, 'pivot_safe': True, 'pass_through': False, 'radius_min': 0.1, 'radius_max': 1.5, 'trim_min': 0.032647, 'trim_max': 0.489705, 'evaluations': 20, 'safe_feasible': 18, 'states': 6, 'selected_radius': 0, 'selected_trim': 0, 'selected_score': 0}]",2,12,40,all_pivot,0,3,135,True,,False,0.1,4,132,252,0,79,0,2,155,"{'swept_footprint': 5, 'transition requires a reversing inner wheel': 5}",0.0292252,adaptive,0.05,unsafe_sweep_69_70,30,7e35ce94ab6d0ba90dc8159de8c3f1cf1abd083bb3c752a1b0ea6dd332c907ee,0,1,crate_detour,True,1.2129738715739518e-25,4.406197628981137e-13,3.7481898869053216,3,0.036069125999802054
0.003,13.303126250213822,4.440892098500626e-16,6.027990498707694e-17,,0.39953231901103703,0.06464466190395313,0.1073528153420673,0,144,8.521157643939432,raw,0.05,137,51cbb92f74b9870e3ec307587defaf9c118d079d91bf1c88c454e75a03045853,3.4467308893043374,0,0.0,0,NavFnDijkstra,53abfbf4af4eba12121bf756a95bc73f0c9a5cd535a152c8368a9514da6c282d,71,,,,,,,,,,,,,,,,,,,,,,,,,,,,,,,,,,,,,,51cbb92f74b9870e3ec307587defaf9c118d079d91bf1c88c454e75a03045853,0,1,vertical_rack_detour,True,13.303126250213822,8.521157643939432,3.4467308893043374,1,0.007832906999738043
0.0,1.9675115404993435,0.008833353674817503,0.0026804971913460102,,0.3706951873310005,0.11464466264901119,0.11464466264901119,0,145,2.1871153273022306,simple,0.05,137,395777aa6dc834004112c4d7cb1ad0ce841ec9d31b013a63d495771bce9e8343,3.4350163784762073,0,0.0,0,NavFnDijkstra,53abfbf4af4eba12121bf756a95bc73f0c9a5cd535a152c8368a9514da6c282d,70,,,,,,,,,,,,,,,,,,,,,,,,,,,,,,,,,,,,,,51cbb92f74b9870e3ec307587defaf9c118d079d91bf1c88c454e75a03045853,0,1,vertical_rack_detour,True,1.9675115404993435,2.1871153273022306,3.4350163784762073,1,0.007893102999787516
0.0,6.871533891946445,0.00416525141322265,0.0008285010024298116,,0.3591605836975171,0.11464466264901119,0.11464466264901119,0,157,4.9788325387052135,savitzky_golay,0.05,137,4583cb6c79054d723d08779aa82849797b75491536d915da17f1df7c71a63848,3.4436294277501074,0,0.0,0,NavFnDijkstra,53abfbf4af4eba12121bf756a95bc73f0c9a5cd535a152c8368a9514da6c282d,70,,,,,,,,,,,,,,,,,,,,,,,,,,,,,,,,,,,,,,51cbb92f74b9870e3ec307587defaf9c118d079d91bf1c88c454e75a03045853,0,1,vertical_rack_detour,True,6.871533891946445,4.9788325387052135,3.4436294277501074,1,0.007319039999856614
0.018000000000000002,15.243993304253808,0.04393437610239773,0.020873286023702798,,0.37712910955520484,0.16464466339406925,0.16464466339406925,0,168,7.383271313404708,constrained,0.05,137,b97ba3d10d38aed0fe9776c2ce8f6f85a1211cacc7339459935b80a0a217914b,3.4850280849960824,0,0.0,0,NavFnDijkstra,53abfbf4af4eba12121bf756a95bc73f0c9a5cd535a152c8368a9514da6c282d,71,,,,,,,,,,,,,,,,,,,,,,,,,,,,,,,,,,,,,,51cbb92f74b9870e3ec307587defaf9c118d079d91bf1c88c454e75a03045853,0,1,vertical_rack_detour,True,15.243993304253808,7.383271313404708,3.4850280849960824,1,0.02477179800007434
0.033,2.18313063713815,0.06541565729712835,0.03174794276983589,,0.2787620714526312,0.10606601875848895,0.11464466264901119,0,135,2.2931649057920027,pstmo,0.05,128,aea5d6f72d89d59978ce601c8938ca965291793244188068216c1a6f18814f6d,3.400745077851451,0,0.0,0,NavFnDijkstra,53abfbf4af4eba12121bf756a95bc73f0c9a5cd535a152c8368a9514da6c282d,70,36,14,"[[-2.5, 2.8], [-1.46423, 3.48321], [-0.470774, 3.48018], [0.5, 2.8]]",4,0.075,0,0.15,0,4,0,0,"[{'index': 0, 'x': -1.46423, 'y': 3.48321, 'turn_angle': -0.586152, 'incoming_length': 1.2408, 'outgoing_length': 0.993459, 'pivot_safe': True, 'pass_through': False, 'radius_min': 0.1, 'radius_max': 1.5, 'trim_min': 0.0301766, 'trim_max': 0.452649, 'evaluations': 20, 'safe_feasible': 10, 'states': 6, 'selected_radius': 0.6425, 'selected_trim': 0.193884, 'selected_score': 0.588131}, {'index': 1, 'x': -0.470774, 'y': 3.48018, 'turn_angle': -0.608115, 'incoming_length': 0.993459, 'outgoing_length': 1.18535, 'pivot_safe': True, 'pass_through': False, 'radius_min': 0.1, 'radius_max': 1.5, 'trim_min': 0.0313788, 'trim_max': 0.470681, 'evaluations': 20, 'safe_feasible': 13, 'states': 6, 'selected_radius': 0.5025, 'selected_trim': 0.157678, 'selected_score': 0.653234}]",2,12,40,none,2,3,135,True,,False,0.1,4,132,252,0.620682,128,0,0,137,"{'angular acceleration iteration did not converge': 3, 'swept_footprint': 12, 'transition requires a reversing inner wheel': 4}",0.0336863,adaptive,0.05,,21,51cbb92f74b9870e3ec307587defaf9c118d079d91bf1c88c454e75a03045853,0,1,vertical_rack_detour,True,2.18313063713815,2.2931649057920027,3.400745077851451,1,0.0874871180003538
0.003,50.335913737907035,4.440892098500626e-16,7.6890960088166e-17,,0.5418044048013058,0.16464466339406925,0.2146446641391273,0,254,11.468798749202104,raw,0.05,246,2396d18f4e4f0a1bc64decc2f55b7b3a6abbae5f978f4b8743f6c95918f88914,6.168173023509013,0,0.0,0,NavFnDijkstra,8e0cb3b13aceb5b623ef824723b12671a151886c5c21cf5bca94b57c9b282df8,125,,,,,,,,,,,,,,,,,,,,,,,,,,,,,,,,,,,,,,2396d18f4e4f0a1bc64decc2f55b7b3a6abbae5f978f4b8743f6c95918f88914,0,1,horizontal_rack_detour,True,50.335913737907035,11.468798749202104,6.168173023509013,1,0.010081313000227965
0.0,5.686660515668138,0.016505062608239918,0.003642997647800779,,0.5135169316594805,0.23390290478282266,0.25619225950049973,0,257,4.817745771729946,simple,0.05,246,c99c247aa929e98d201bc306d10ef0f0d662361b7e8f54437587b7f5df1acc13,6.127630994139597,0,0.0,0,NavFnDijkstra,8e0cb3b13aceb5b623ef824723b12671a151886c5c21cf5bca94b57c9b282df8,124,,,,,,,,,,,,,,,,,,,,,,,,,,,,,,,,,,,,,,2396d18f4e4f0a1bc64decc2f55b7b3a6abbae5f978f4b8743f6c95918f88914,0,1,horizontal_rack_detour,True,5.686660515668138,4.817745771729946,6.127630994139597,1,0.01231825700006084
0.0,21.162947772189945,0.00765500515389271,0.0014448328329115195,,0.5019088414590731,0.2146446641391273,0.23390290478282266,0,285,10.368166723072521,savitzky_golay,0.05,246,4db015502200fa00739e464e17d9a6e92b614fccf901d8b87f12d08249159a8f,6.152622773685963,0,0.0,0,NavFnDijkstra,8e0cb3b13aceb5b623ef824723b12671a151886c5c21cf5bca94b57c9b282df8,125,,,,,,,,,,,,,,,,,,,,,,,,,,,,,,,,,,,,,,2396d18f4e4f0a1bc64decc2f55b7b3a6abbae5f978f4b8743f6c95918f88914,0,1,horizontal_rack_detour,True,21.162947772189945,10.368166723072521,6.152622773685963,1,0.011616304999733984
0.036000000000000004,22.34511652591595,0.011789442579062727,0.002122606094693071,,0.5054874853229578,0.2146446641391273,0.25619225950049973,0,285,8.179056967205478,constrained,0.05,246,797fd8593dfecd0a7e8309910e78934e0a0ff5543effeecc3fced65d673f1ab6,6.162113507038861,0,0.0,0,NavFnDijkstra,8e0cb3b13aceb5b623ef824723b12671a151886c5c21cf5bca94b57c9b282df8,125,,,,,,,,,,,,,,,,,,,,,,,,,,,,,,,,,,,,,,2396d18f4e4f0a1bc64decc2f55b7b3a6abbae5f978f4b8743f6c95918f88914,0,1,horizontal_rack_detour,True,22.34511652591595,8.179056967205478,6.162113507038861,1,0.05010413600030006
0.009000000000000001,0.9040211280476921,0.219278619858244,0.08550098288817078,,0.41744932584566574,0.07644806095482698,0.10606601875848895,0,172,1.0289321508262295,pstmo,0.05,164,93a91204883f70db61ac83cf3b79dc2ac6516e8d4e1e9eca8b5a3aa74b4e8fbb,5.937080223341942,0,0.0,0,NavFnDijkstra,8e0cb3b13aceb5b623ef824723b12671a151886c5c21cf5bca94b57c9b282df8,120,0,10,"[[0, -2.8], [4.308, -1.7184], [4.8, -0.2]]",3,0.075,0,0.15,0,3,0,0,"[{'index': 0, 'x': 4.308, 'y': -1.7184, 'turn_angle': 1.01146, 'incoming_length': 4.4417, 'outgoing_length': 1.59612, 'pivot_safe': True, 'pass_through': False, 'radius_min': 0.1, 'radius_max': 1.5, 'trim_min': 0.0553768, 'trim_max': 0.830651, 'evaluations': 20, 'safe_feasible': 12, 'states': 6, 'selected_radius': 1.22, 'selected_trim': 0.675596, 'selected_score': 0.544232}]",1,6,20,none,1,2,65,True,,False,0.1,3,63,252,0.544232,164,0,0,246,"{'swept_footprint': 5, 'transition requires a reversing inner wheel': 3}",0.00876879,adaptive,0.05,,12,2396d18f4e4f0a1bc64decc2f55b7b3a6abbae5f978f4b8743f6c95918f88914,0,1,horizontal_rack_detour,True,0.9040211280476921,1.0289321508262295,5.937080223341942,1,0.018898197999988042
0.003,51.71133305083015,2.203098814490545e-16,4.893598841679305e-17,,0.3029630802502348,0.16464466339406925,0.19616942228881007,0,207,13.601380731224321,raw,0.05,196,05ccb7418bb1973201fbe6acd1b59214260efa6d1b87c0b914a24c7ccd5a30df,4.906259673356992,0,0.0,0,NavFnDijkstra,48e9e737c58bcc0461d9040e3337894859333310999f28504d495a7a1c88f283,100,,,,,,,,,,,,,,,,,,,,,,,,,,,,,,,,,,,,,,05ccb7418bb1973201fbe6acd1b59214260efa6d1b87c0b914a24c7ccd5a30df,0,1,right_rack_detour,True,51.71133305083015,13.601380731224321,4.906259673356992,1,0.007874646999880497
0.0,4.7338183930969855,0.023248559825398106,0.004142117235020085,,0.3268792821519342,0.25619225950049973,0.26464466488418537,0,199,3.4585954748603247,simple,0.05,196,76be70b0db614ab417f914a803173af9748fb692184eed61e8025253346a8c41,4.865627142000618,0,0.0,0,NavFnDijkstra,48e9e737c58bcc0461d9040e3337894859333310999f28504d495a7a1c88f283,99,,,,,,,,,,,,,,,,,,,,,,,,,,,,,,,,,,,,,,05ccb7418bb1973201fbe6acd1b59214260efa6d1b87c0b914a24c7ccd5a30df,0,1,right_rack_detour,True,4.7338183930969855,3.4585954748603247,4.865627142000618,1,0.009324494999873423
0.0,17.593308834445555,0.0065255478188520925,0.001610725587535625,,0.32338768363072695,0.2146446641391273,0.25619225950049973,0,224,8.230933661321261,savitzky_golay,0.05,196,165b6420c31125e2ded7692371fc37b09f0b566756b4f4556756982734915001,4.886827100727014,0,0.0,0,NavFnDijkstra,48e9e737c58bcc0461d9040e3337894859333310999f28504d495a7a1c88f283,99,,,,,,,,,,,,,,,,,,,,,,,,,,,,,,,,,,,,,,05ccb7418bb1973201fbe6acd1b59214260efa6d1b87c0b914a24c7ccd5a30df,0,1,right_rack_detour,True,17.593308834445555,8.230933661321261,4.886827100727014,1,0.010314694000044256
0.027000000000000003,23.89388203514713,0.011244590288973223,0.0031966377539203155,,0.32143345262828465,0.2146446641391273,0.25619225950049973,0,228,10.737263846508421,constrained,0.05,196,58cb032c0b1af13d064ca5c4a3682ee616e5027d2cf97907f71a0d4617abd5db,4.898551089001014,0,0.0,0,NavFnDijkstra,48e9e737c58bcc0461d9040e3337894859333310999f28504d495a7a1c88f283,100,,,,,,,,,,,,,,,,,,,,,,,,,,,,,,,,,,,,,,05ccb7418bb1973201fbe6acd1b59214260efa6d1b87c0b914a24c7ccd5a30df,0,1,right_rack_detour,True,23.89388203514713,10.737263846508421,4.898551089001014,1,0.0385812839999744
0.015000000000000001,2.0386709058684995,0.21518361389151971,0.09738725690243306,,0.23981979385808763,0.10606601875848895,0.10606601875848895,0,140,1.8156192092360903,pstmo,0.05,135,07f34d881b09d644c1cb58e5288384681800cd843b3e3b65d590e18d56c77141,4.61663813188879,0,0.0,0,NavFnDijkstra,48e9e737c58bcc0461d9040e3337894859333310999f28504d495a7a1c88f283,94,0,13,"[[3.2, 0], [4.9922, 0.233476], [5.2, 3.2]]",3,0.075,0,0.15,0,3,0,0,"[{'index': 0, 'x': 4.9922, 'y': 0.233476, 'turn_angle': 1.37132, 'incoming_length': 1.80735, 'outgoing_length': 2.97379, 'pivot_safe': True, 'pass_through': False, 'radius_min': 0.1, 'radius_max': 1.5, 'trim_min': 0.0818066, 'trim_max': 1.2271, 'evaluations': 20, 'safe_feasible': 13, 'states': 6, 'selected_radius': 0.75625, 'selected_trim': 0.618662, 'selected_score': 0.720407}]",1,6,20,none,1,2,121,True,,False,0.1,3,119,252,0.720407,135,0,0,196,"{'swept_footprint': 5, 'transition requires a reversing inner wheel': 2}",0.0146995,adaptive,0.05,,13,05ccb7418bb1973201fbe6acd1b59214260efa6d1b87c0b914a24c7ccd5a30df,0,1,right_rack_detour,True,2.0386709058684995,1.8156192092360903,4.61663813188879,1,0.029928478999863728
0.003,47.546104057244676,4.440892098500626e-16,3.938666137540956e-17,,0.483043730171609,0.11464466264901119,0.2146446641391273,0,553,11.001618754440644,raw,0.05,547,0c058c7f6ca197b189458948b4068e8e947b2286ce279d021d45b9f87aca2c65,13.696073432711408,0,0.0,0,NavFnDijkstra,0bd1d06be354f54ace06d9b52597806f5e32078fbc643be551840ff2b6930a89,276,,,,,,,,,,,,,,,,,,,,,,,,,,,,,,,,,,,,,,0c058c7f6ca197b189458948b4068e8e947b2286ce279d021d45b9f87aca2c65,0,1,long_southwest_to_northeast,True,47.546104057244676,11.001618754440644,13.696073432711408,1,0.017511098999875685
0.003,7.037750717246856,0.015840972947899136,0.0025777927903883353,,0.46781779989191263,0.11464466264901119,0.25619225950049973,0,571,3.5856263062338765,simple,0.05,547,4e5e6eea8e53ff1d19b2b9e190a6fe801c6806b39c7a9559b6f1f516a0685d22,13.652532314060114,0,0.0,0,NavFnDijkstra,0bd1d06be354f54ace06d9b52597806f5e32078fbc643be551840ff2b6930a89,275,,,,,,,,,,,,,,,,,,,,,,,,,,,,,,,,,,,,,,0c058c7f6ca197b189458948b4068e8e947b2286ce279d021d45b9f87aca2c65,0,1,long_southwest_to_northeast,True,7.037750717246856,3.5856263062338765,13.652532314060114,1,0.0286521250000078
0.0,19.757606731887073,0.005753931249018779,0.0008081535842109587,,0.46096702897311126,0.11464466264901119,0.21959563989254183,0,591,7.038911994929646,savitzky_golay,0.05,547,355a8cd32ec1483298dda24d6856f783c7622960f27e05dcf780306c0df21799,13.681474870833224,0,0.0,0,NavFnDijkstra,0bd1d06be354f54ace06d9b52597806f5e32078fbc643be551840ff2b6930a89,275,,,,,,,,,,,,,,,,,,,,,,,,,,,,,,,,,,,,,,0c058c7f6ca197b189458948b4068e8e947b2286ce279d021d45b9f87aca2c65,0,1,long_southwest_to_northeast,True,19.757606731887073,7.038911994929646,13.681474870833224,1,0.021547464999912336
0.132,20.385174499208503,0.011000753073400883,0.001452029522038023,,0.46351619191575233,0.11464466264901119,0.2474873771031409,0,586,6.285486586551886,constrained,0.05,547,a5f825967aaca35843ed8f5b7b192da80c3dbcbb0b619d86062442c7783b2791,13.688813559240732,0,0.0,0,NavFnDijkstra,0bd1d06be354f54ace06d9b52597806f5e32078fbc643be551840ff2b6930a89,275,,,,,,,,,,,,,,,,,,,,,,,,,,,,,,,,,,,,,,0c058c7f6ca197b189458948b4068e8e947b2286ce279d021d45b9f87aca2c65,0,1,long_southwest_to_northeast,True,20.385174499208503,6.285486586551886,13.688813559240732,1,0.17225414999984423
0.084,4.2071471717497255,0.07387578006285048,0.02459468878798038,,0.3759914087418864,0.11464466264901119,0.2146446641391273,0,574,3.592050393387878,pstmo,0.05,557,22b9e39ef7a4776b5ae83d012c022c46a70d137c0b2d25a14048fa33639948f4,13.57098817249571,0,0.0,0,NavFnDijkstra,0bd1d06be354f54ace06d9b52597806f5e32078fbc643be551840ff2b6930a89,273,176,106,"[[-5, -3], [-2.83656, -2.7563], [0.434007, -0.506335], [1.9814, -0.150939], [4.40473, -0.0827236], [4.78368, 0.0279687], [5.08059, 0.536651], [5.09388, 2.8115], [5, 3]]",547,0.075,0.0747578,0.15,0,9,0,8,"[{'index': 0, 'x': -2.83656, 'y': -2.7563, 'turn_angle': 0.490416, 'incoming_length': 2.17713, 'outgoing_length': 3.96975, 'pivot_safe': True, 'pass_through': False, 'radius_min': 0.1, 'radius_max': 1.5, 'trim_min': 0.0250244, 'trim_max': 0.375365, 'evaluations': 20, 'safe_feasible': 17, 'states': 6, 'selected_radius': 1.5, 'selected_trim': 0.375365, 'selected_score': 0.309996}, {'index': 1, 'x': 0.434007, 'y': -0.506335, 'turn_angle': -0.376829, 'incoming_length': 3.96975, 'outgoing_length': 1.58768, 'pivot_safe': True, 'pass_through': False, 'radius_min': 0.1, 'radius_max': 1.5, 'trim_min': 0.0190676, 'trim_max': 0.286014, 'evaluations': 20, 'safe_feasible': 18, 'states': 6, 'selected_radius': 1.5, 'selected_trim': 0.286014, 'selected_score': 0.28435}, {'index': 2, 'x': 1.9814, 'y': -0.150939, 'turn_angle': -0.197617, 'incoming_length': 1.58768, 'outgoing_length': 2.42428, 'pivot_safe': True, 'pass_through': False, 'radius_min': 0.1, 'radius_max': 1.5, 'trim_min': 0.00991314, 'trim_max': 0.148697, 'evaluations': 20, 'safe_feasible': 17, 'states': 6, 'selected_radius': 1.5, 'selected_trim': 0.148697, 'selected_score': 0.122098}, {'index': 3, 'x': 4.40473, 'y': -0.0827236, 'turn_angle': 0.256052, 'incoming_length': 2.42428, 'outgoing_length': 0.394789, 'pivot_safe': True, 'pass_through': False, 'radius_min': 0.1, 'radius_max': 1.5, 'trim_min': 0.012873, 'trim_max': 0.193095, 'evaluations': 20, 'safe_feasible': 17, 'states': 6, 'selected_radius': 1.5, 'selected_trim': 0.193095, 'selected_score': 0.220901}, {'index': 4, 'x': 4.78368, 'y': 0.0279687, 'turn_angle': 0.758267, 'incoming_length': 0.394789, 'outgoing_length': 0.588993, 'pivot_safe': True, 'pass_through': False, 'radius_min': 0.1, 'radius_max': 0.990914, 'trim_min': 0.0398408, 'trim_max': 0.394789, 'evaluations': 20, 'safe_feasible': 18, 'states': 6, 'selected_radius': 0.322729, 'selected_trim': 0.128578, 'selected_score': 0.713815}, {'index': 5, 'x': 5.08059, 'y': 0.536651, 'turn_angle': 0.522492, 'incoming_length': 0.588993, 'outgoing_length': 2.27489, 'pivot_safe': True, 'pass_through': False, 'radius_min': 0.1, 'radius_max': 1.5, 'trim_min': 0.0267356, 'trim_max': 0.401034, 'evaluations': 20, 'safe_feasible': 18, 'states': 6, 'selected_radius': 1.5, 'selected_trim': 0.401034, 'selected_score': 0.365196}, {'index': 6, 'x': 5.09388, 'y': 2.8115, 'turn_angle': 0.467922, 'incoming_length': 2.27489, 'outgoing_length': 0.210586, 'pivot_safe': True, 'pass_through': False, 'radius_min': 0.1, 'radius_max': 0.883608, 'trim_min': 0.0238325, 'trim_max': 0.210586, 'evaluations': 20, 'safe_feasible': 17, 'states': 6, 'selected_radius': 0.883608, 'selected_trim': 0.210586, 'selected_score': 0.471681}]",7,42,140,none,7,4,826,True,unsafe_goal_rotation,True,0.1,547,822,252,0.355434,557,0,0,547,"{'angular acceleration iteration did not converge': 8, 'transition requires a reversing inner wheel': 10}",0.082393,adaptive,0.05,,122,0c058c7f6ca197b189458948b4068e8e947b2286ce279d021d45b9f87aca2c65,0,1,long_southwest_to_northeast,True,4.2071471717497255,3.592050393387878,13.57098817249571,1,0.10280038299970329
0.003,28.69881053416289,4.440892098500626e-16,5.434381912293129e-17,,0.4689308443485755,0.11464466264901119,0.2146446641391273,0,599,13.089293064902696,raw,0.05,547,8ab9eacfcd6c3f73aeae720f212afd86681805a459e256bd17f6981931eb6367,13.713276069673748,0,0.0,0,NavFnDijkstra,12439aef3623d61e8bf3d1a4035080113e5c75fe4c4959b68306f79b367892f1,276,,,,,,,,,,,,,,,,,,,,,,,,,,,,,,,,,,,,,,8ab9eacfcd6c3f73aeae720f212afd86681805a459e256bd17f6981931eb6367,0,1,long_northeast_to_southwest,True,28.69881053416289,13.089293064902696,13.713276069673748,1,0.020450259999961418
0.003,7.346922335877752,0.020526419785675227,0.002738047133804898,,0.4464350910164584,0.11464466264901119,0.16464466339406925,0,583,4.325141676594956,simple,0.05,547,b451870e5bb8db2292a6b1a64d587c11d961e7add607d3182870c767524b6fb5,13.67328261665784,0,0.0,0,NavFnDijkstra,12439aef3623d61e8bf3d1a4035080113e5c75fe4c4959b68306f79b367892f1,275,,,,,,,,,,,,,,,,,,,,,,,,,,,,,,,,,,,,,,8ab9eacfcd6c3f73aeae720f212afd86681805a459e256bd17f6981931eb6367,0,1,long_northeast_to_southwest,True,7.346922335877752,4.325141676594956,13.67328261665784,1,0.02671972000007372
0.0,16.05302950564761,0.009873239424901453,0.0008380013297774906,,0.4481339163379631,0.11464466264901119,0.16464466339406925,0,593,8.31913166498802,savitzky_golay,0.05,547,b7e737f6fe2e7dc80ae27e2fa70ba682c2c99bc36a5c8a600cfc051f748e978c,13.70142790477844,0,0.0,0,NavFnDijkstra,12439aef3623d61e8bf3d1a4035080113e5c75fe4c4959b68306f79b367892f1,276,,,,,,,,,,,,,,,,,,,,,,,,,,,,,,,,,,,,,,8ab9eacfcd6c3f73aeae720f212afd86681805a459e256bd17f6981931eb6367,0,1,long_northeast_to_southwest,True,16.05302950564761,8.31913166498802,13.70142790477844,1,0.021524079000300844
0.08700000000000001,24.272534385654367,0.01669802123994493,0.002478693538802751,,0.4507752915133108,0.11464466264901119,0.19464466384110415,0,593,11.051708055380507,constrained,0.05,547,ddac3f86b2c49116459ef297bb3a78d9fc6c070d20872c00931fdf65e31b9ba9,13.730685765664159,0,0.0,0,NavFnDijkstra,12439aef3623d61e8bf3d1a4035080113e5c75fe4c4959b68306f79b367892f1,276,,,,,,,,,,,,,,,,,,,,,,,,,,,,,,,,,,,,,,8ab9eacfcd6c3f73aeae720f212afd86681805a459e256bd17f6981931eb6367,0,1,long_northeast_to_southwest,True,24.272534385654367,11.051708055380507,13.730685765664159,1,0.12958521900009146
0.096,5.310175155502822,0.07219076461493411,0.03150864267879763,,0.3791886216352885,0.11464466264901119,0.16464466339406925,0,491,3.8175516930664743,pstmo,0.05,457,c0eeeb78b98d7c6070a171b618b3618e92b222378dad1da391d48bf2aeb4b49a,13.591484945299722,0,0.0,0,NavFnDijkstra,12439aef3623d61e8bf3d1a4035080113e5c75fe4c4959b68306f79b367892f1,273,157,103,"[[5, 3], [5.09244, 0.563989], [5.01452, 0.250665], [4.79884, 0.0457062], [2.76171, -0.0159694], [0.485381, -0.449571], [-2.89508, -2.76375], [-4.26014, -2.83698], [-5, -3]]",547,0.075,0.0722434,0.15,0,9,0,8,"[{'index': 0, 'x': 5.09244, 'y': 0.563989, 'turn_angle': -0.281669, 'incoming_length': 2.43776, 'outgoing_length': 0.322867, 'pivot_safe': True, 'pass_through': False, 'radius_min': 0.1, 'radius_max': 1.5, 'trim_min': 0.0141773, 'trim_max': 0.212659, 'evaluations': 20, 'safe_feasible': 17, 'states': 6, 'selected_radius': 0.52, 'selected_trim': 0.0737219, 'selected_score': 0.417278}, {'index': 1, 'x': 5.01452, 'y': 0.250665, 'turn_angle': -0.567121, 'incoming_length': 0.322867, 'outgoing_length': 0.297528, 'pivot_safe': True, 'pass_through': False, 'radius_min': 0.1, 'radius_max': 1.02098, 'trim_min': 0.0291413, 'trim_max': 0.297528, 'evaluations': 20, 'safe_feasible': 17, 'states': 6, 'selected_radius': 0.35327, 'selected_trim': 0.102948, 'selected_score': 0.64402}, {'index': 2, 'x': 4.79884, 'y': 0.0457062, 'turn_angle': -0.729668, 'incoming_length': 0.297528, 'outgoing_length': 2.03807, 'pivot_safe': True, 'pass_through': False, 'radius_min': 0.1, 'radius_max': 0.779008, 'trim_min': 0.0381932, 'trim_max': 0.297528, 'evaluations': 20, 'safe_feasible': 17, 'states': 6, 'selected_radius': 0.303702, 'selected_trim': 0.115994, 'selected_score': 0.698466}, {'index': 3, 'x': 2.76171, 'y': -0.0159694, 'turn_angle': 0.157962, 'incoming_length': 2.03807, 'outgoing_length': 2.31726, 'pivot_safe': True, 'pass_through': False, 'radius_min': 0.1, 'radius_max': 1.5, 'trim_min': 0.00791454, 'trim_max': 0.118718, 'evaluations': 20, 'safe_feasible': 17, 'states': 6, 'selected_radius': 1.5, 'selected_trim': 0.118718, 'selected_score': 0.104669}, {'index': 4, 'x': 0.485381, 'y': -0.449571, 'turn_angle': 0.412071, 'incoming_length': 2.31726, 'outgoing_length': 4.0967, 'pivot_safe': True, 'pass_through': False, 'radius_min': 0.1, 'radius_max': 1.5, 'trim_min': 0.0209001, 'trim_max': 0.313502, 'evaluations': 20, 'safe_feasible': 17, 'states': 6, 'selected_radius': 1.5, 'selected_trim': 0.313502, 'selected_score': 0.282218}, {'index': 5, 'x': -2.89508, 'y': -2.76375, 'turn_angle': -0.546711, 'incoming_length': 4.0967, 'outgoing_length': 1.36703, 'pivot_safe': True, 'pass_through': False, 'radius_min': 0.1, 'radius_max': 1.5, 'trim_min': 0.0280374, 'trim_max': 0.420561, 'evaluations': 20, 'safe_feasible': 18, 'states': 6, 'selected_radius': 1.5, 'selected_trim': 0.420561, 'selected_score': 0.336366}, {'index': 6, 'x': -4.26014, 'y': -2.83698, 'turn_angle': 0.163292, 'incoming_length': 1.36703, 'outgoing_length': 0.757603, 'pivot_safe': True, 'pass_through': False, 'radius_min': 0.1, 'radius_max': 1.5, 'trim_min': 0.00818281, 'trim_max': 0.122742, 'evaluations': 20, 'safe_feasible': 17, 'states': 6, 'selected_radius': 1.5, 'selected_trim': 0.122742, 'selected_score': 0.170657}]",7,42,140,none,7,4,723,True,unsafe_start_rotation,True,0.1,547,719,252,0.379096,457,0,0,547,"{'angular acceleration iteration did not converge': 10, 'transition requires a reversing inner wheel': 10}",0.0985497,adaptive,0.05,,120,8ab9eacfcd6c3f73aeae720f212afd86681805a459e256bd17f6981931eb6367,0,1,long_northeast_to_southwest,True,5.310175155502822,3.8175516930664743,13.591484945299722,1,0.13481786700003795
0.0,14.145949582758217,4.440892098500626e-16,9.540380474663976e-17,,0.8737988257919874,0.2474873771031409,0.3146446656292434,0,500,9.851095225476755,raw,0.05,486,53f6522be67c34b5d56608cc817b42dc0a0ab876413867a1fc24b5bdc65c1fe6,12.17131704228011,0,0.0,0,NavFnDijkstra,86502849550a06d978a6792bff811d36b65ad4fdcaad81d18d9a6030b73abc34,245,,,,,,,,,,,,,,,,,,,,,,,,,,,,,,,,,,,,,,53f6522be67c34b5d56608cc817b42dc0a0ab876413867a1fc24b5bdc65c1fe6,0,1,crossing_northwest_to_southeast,True,14.145949582758217,9.851095225476755,12.17131704228011,1,0.016919681999752356
0.003,2.735093907060194,0.013893514999834758,0.0018895416527131097,,0.83912941819427,0.3146446656292434,0.34543332138122557,0,488,2.21560840766101,simple,0.05,486,d53b30e0b9fd37389efc2e256bf879695d9b4219bae5403067c28163d28ccebc,12.154777767479931,0,0.0,0,NavFnDijkstra,86502849550a06d978a6792bff811d36b65ad4fdcaad81d18d9a6030b73abc34,245,,,,,,,,,,,,,,,,,,,,,,,,,,,,,,,,,,,,,,53f6522be67c34b5d56608cc817b42dc0a0ab876413867a1fc24b5bdc65c1fe6,0,1,crossing_northwest_to_southeast,True,2.735093907060194,2.21560840766101,12.154777767479931,1,0.023733401000299637
0.0,7.406916177568606,0.010004005465170614,0.0007677358297896348,,0.8345334592268461,0.3146446656292434,0.34543332138122557,0,496,4.78443566539984,savitzky_golay,0.05,486,ba436ef82fbeabf4551ada5125fe5046b845836b21e1d72762ef5a730f1c5e60,12.166391986035654,0,0.0,0,NavFnDijkstra,86502849550a06d978a6792bff811d36b65ad4fdcaad81d18d9a6030b73abc34,245,,,,,,,,,,,,,,,,,,,,,,,,,,,,,,,,,,,,,,53f6522be67c34b5d56608cc817b42dc0a0ab876413867a1fc24b5bdc65c1fe6,0,1,crossing_northwest_to_southeast,True,7.406916177568606,4.78443566539984,12.166391986035654,1,0.018236994000289997
0.10500000000000001,10.169155615618427,0.01193602709249533,0.0016034179807850489,,0.8363904801496475,0.3146446656292434,0.34543332138122557,0,496,6.308879203448389,constrained,0.05,486,e0230e329eda52a1bf4977865596cb34139f42e4fdaa0ea394fbd95745e5fc7d,12.176281355623933,0,0.0,0,NavFnDijkstra,86502849550a06d978a6792bff811d36b65ad4fdcaad81d18d9a6030b73abc34,245,,,,,,,,,,,,,,,,,,,,,,,,,,,,,,,,,,,,,,53f6522be67c34b5d56608cc817b42dc0a0ab876413867a1fc24b5bdc65c1fe6,0,1,crossing_northwest_to_southeast,True,10.169155615618427,6.308879203448389,12.176281355623933,1,0.13502586599997812
0.027000000000000003,2.551027113603276,0.24258230766680952,0.10967094754022853,,0.768959784057791,0.10606601875848895,0.10606601875848895,0,255,6.3958105663226625,pstmo,0.05,246,3a54dc4143133003111fe18dedeb2b1bf6d4ec553bacb2247f0bf7633c3ecba1,12.060364885946877,2,0.4587853581933359,0.5589561264172715,NavFnDijkstra,86502849550a06d978a6792bff811d36b65ad4fdcaad81d18d9a6030b73abc34,243,36,25,"[[-5, 3], [-0.866183, -1.25786], [1.86939, -2.22983], [5, -3]]",4,0.075,0,0.15,0,4,0,0,"[{'index': 0, 'x': -0.866183, 'y': -1.25786, 'turn_angle': 0.458785, 'incoming_length': 5.93446, 'outgoing_length': 2.90311, 'pivot_safe': True, 'pass_through': False, 'radius_min': 0.1, 'radius_max': 1.5, 'trim_min': 0.0233503, 'trim_max': 0.350254, 'evaluations': 20, 'safe_feasible': 17, 'states': 6, 'selected_radius': 0, 'selected_trim': 0, 'selected_score': 0}, {'index': 1, 'x': 1.86939, 'y': -2.22983, 'turn_angle': 0.100171, 'incoming_length': 2.90311, 'outgoing_length': 3.22396, 'pivot_safe': True, 'pass_through': False, 'radius_min': 0.1, 'radius_max': 1.5, 'trim_min': 0.00501273, 'trim_max': 0.075191, 'evaluations': 11, 'safe_feasible': 9, 'states': 6, 'selected_radius': 0, 'selected_trim': 0, 'selected_score': 0}]",2,12,31,all_pivot,0,3,377,True,,False,0.1,4,374,252,0,246,0,2,486,"{'angular acceleration iteration did not converge': 3, 'transition requires a reversing inner wheel': 2}",0.0261637,adaptive,0.05,unsafe_sweep_205_206,26,53f6522be67c34b5d56608cc817b42dc0a0ab876413867a1fc24b5bdc65c1fe6,0,1,crossing_northwest_to_southeast,True,2.565454332476299e-25,1.6517493721703362e-12,12.061531695150581,3,0.0379315149998547
0.003,28.51045470608686,2.220446049250313e-16,4.00501542289421e-17,,0.6154861435551544,0.17079994476667312,0.2146446641391273,0,295,11.466952828984562,raw,0.05,272,19b3e711eef6c4cfefef9e2e9e2e4e006496e6d8b2a37a6a337198b9325cf35e,6.822310579791261,0,0.0,0,NavFnDijkstra,df16743f67abae5da5c8af64a99fcb50b4b76e458148d665063ef892d3cb03e1,138,,,,,,,,,,,,,,,,,,,,,,,,,,,,,,,,,,,,,,19b3e711eef6c4cfefef9e2e9e2e4e006496e6d8b2a37a6a337198b9325cf35e,0,1,central_south_to_north,True,28.51045470608686,11.466952828984562,6.822310579791261,1,0.02303053399964483
0.0,2.836515515341456,0.015620376333298469,0.0027955220351926504,,0.6006836134196419,0.25619225950049973,0.26464466488418537,0,277,2.4985544782004316,simple,0.05,272,e35b75c5cd3ca37dbd822c515c1d66dba9e357bc28dcdc0f4731e0b93027728f,6.797791916411721,0,0.0,0,NavFnDijkstra,df16743f67abae5da5c8af64a99fcb50b4b76e458148d665063ef892d3cb03e1,137,,,,,,,,,,,,,,,,,,,,,,,,,,,,,,,,,,,,,,19b3e711eef6c4cfefef9e2e9e2e4e006496e6d8b2a37a6a337198b9325cf35e,0,1,central_south_to_north,True,2.836515515341456,2.4985544782004316,6.797791916411721,1,0.012133988999721623
0.0,10.747373211658058,0.012156666059732467,0.0012995417625978796,,0.5870501571348052,0.2146446641391273,0.26464466488418537,0,297,6.325904232322074,savitzky_golay,0.05,272,3315082c8546a81f5b5d451a8556f2b5d3c9534d2036688284dc9dbe146bbf74,6.81179445619959,0,0.0,0,NavFnDijkstra,df16743f67abae5da5c8af64a99fcb50b4b76e458148d665063ef892d3cb03e1,138,,,,,,,,,,,,,,,,,,,,,,,,,,,,,,,,,,,,,,19b3e711eef6c4cfefef9e2e9e2e4e006496e6d8b2a37a6a337198b9325cf35e,0,1,central_south_to_north,True,10.747373211658058,6.325904232322074,6.81179445619959,1,0.011342709000018658
0.036000000000000004,19.216383326798407,0.013555899810722423,0.002279443083949105,,0.592010249497739,0.2146446641391273,0.26464466488418537,0,302,9.959511193492784,constrained,0.05,272,c6927f62a8e535ed712c2471e80c8b551d1b97f68066ba82dc470e894de3890c,6.826277720574022,0,0.0,0,NavFnDijkstra,df16743f67abae5da5c8af64a99fcb50b4b76e458148d665063ef892d3cb03e1,138,,,,,,,,,,,,,,,,,,,,,,,,,,,,,,,,,,,,,,19b3e711eef6c4cfefef9e2e9e2e4e006496e6d8b2a37a6a337198b9325cf35e,0,1,central_south_to_north,True,19.216383326798407,9.959511193492784,6.826277720574022,1,0.0514416290002373
0.015000000000000001,0.3128078795146976,0.17037880954846873,0.06537318493786291,,0.48419554481721655,0.10606601875848895,0.10606601875848895,0,195,0.781098677063742,pstmo,0.05,191,04d588287146598f2fa9c19bbbac13f2844161451cd210fcab8142945fcc919c,6.733864165262856,0,0.0,0,NavFnDijkstra,df16743f67abae5da5c8af64a99fcb50b4b76e458148d665063ef892d3cb03e1,136,0,17,"[[-2, -3], [-0.21667, -0.191592], [0.2, 3.2]]",3,0.075,0,0.15,0,3,0,0,"[{'index': 0, 'x': -0.21667, 'y': -0.191592, 'turn_angle': 0.443514, 'incoming_length': 3.32677, 'outgoing_length': 3.41709, 'pivot_safe': True, 'pass_through': False, 'radius_min': 0.1, 'radius_max': 1.5, 'trim_min': 0.0225465, 'trim_max': 0.338198, 'evaluations': 20, 'safe_feasible': 17, 'states': 6, 'selected_radius': 1.5, 'selected_trim': 0.338198, 'selected_score': 0.360021}]",1,6,20,none,1,2,138,True,,False,0.1,3,136,252,0.360021,191,0,0,272,"{'angular acceleration iteration did not converge': 2, 'transition requires a reversing inner wheel': 1}",0.0142992,adaptive,0.05,,17,19b3e711eef6c4cfefef9e2e9e2e4e006496e6d8b2a37a6a337198b9325cf35e,0,1,central_south_to_north,True,0.3128078795146976,0.781098677063742,6.733864165262856,1,0.025186737999774778
0.0,15.864476707035545,8.881784197001252e-16,1.1098518483668046e-16,,0.4527209406562548,0.18825146149581692,0.23729902286290222,0,306,8.690951973185573,raw,0.05,264,e6afe1270d7c848d3858d0ee0bd332ef43cb952c472c50e8dc9a5869df44b8a0,6.640272489601479,0,0.0,0,NavFnDijkstra,0b32db3abf5f8a3ef9364cad064db0a465add72ecfd3938e4bd1c79ed7febeb6,134,,,,,,,,,,,,,,,,,,,,,,,,,,,,,,,,,,,,,,e6afe1270d7c848d3858d0ee0bd332ef43cb952c472c50e8dc9a5869df44b8a0,0,1,right_south_to_north,True,15.864476707035545,8.690951973185573,6.640272489601479,1,0.014005233999796474
0.0,2.405269175603238,0.020711506884670328,0.0026476115420455202,,0.47259542430246293,0.2808724311428359,0.30005486203680687,0,330,2.715124845851824,simple,0.05,264,34c15f22287d78acc5b689b6cdc1cccb3ddfb224fdab510d5647049b6744d018,6.623034681362579,0,0.0,0,NavFnDijkstra,0b32db3abf5f8a3ef9364cad064db0a465add72ecfd3938e4bd1c79ed7febeb6,134,,,,,,,,,,,,,,,,,,,,,,,,,,,,,,,,,,,,,,e6afe1270d7c848d3858d0ee0bd332ef43cb952c472c50e8dc9a5869df44b8a0,0,1,right_south_to_north,True,2.405269175603238,2.715124845851824,6.623034681362579,1,0.011397637999834842
0.0,6.789274955445525,0.007680884560536218,0.0010062202135657542,,0.4714207947547054,0.2808724311428359,0.30005486203680687,0,338,4.815874514246922,savitzky_golay,0.05,264,9ff740c3b6eec64c4d41ef91f22899e608166482be0a4e1f55c02aac4c2ee11a,6.633686818278227,0,0.0,0,NavFnDijkstra,0b32db3abf5f8a3ef9364cad064db0a465add72ecfd3938e4bd1c79ed7febeb6,134,,,,,,,,,,,,,,,,,,,,,,,,,,,,,,,,,,,,,,e6afe1270d7c848d3858d0ee0bd332ef43cb952c472c50e8dc9a5869df44b8a0,0,1,right_south_to_north,True,6.789274955445525,4.815874514246922,6.633686818278227,1,0.010864033999951062
0.060000000000000005,10.730298212082781,0.014633178491994083,0.0019326888761312978,,0.4573923791492054,0.28480087705617874,0.30005486203680687,0,277,10.071875979791713,constrained,0.05,264,16f5b955dbe0766fd2c1707ccb4bd33b8418fb5d867cc9db8c2ee8b01f24039a,6.644712901235325,0,0.0,0,NavFnDijkstra,0b32db3abf5f8a3ef9364cad064db0a465add72ecfd3938e4bd1c79ed7febeb6,134,,,,,,,,,,,,,,,,,,,,,,,,,,,,,,,,,,,,,,e6afe1270d7c848d3858d0ee0bd332ef43cb952c472c50e8dc9a5869df44b8a0,0,1,right_south_to_north,True,10.730298212082781,10.071875979791713,6.644712901235325,1,0.07594266599971888
0.018000000000000002,15.864476707035545,8.881784197001252e-16,1.1098518483668046e-16,,0.4527209406562548,0.18825146149581692,0.23729902286290222,0,306,8.690951973185573,pstmo,0.05,264,e6afe1270d7c848d3858d0ee0bd332ef43cb952c472c50e8dc9a5869df44b8a0,6.640272489601479,0,0.0,0,NavFnDijkstra,0b32db3abf5f8a3ef9364cad064db0a465add72ecfd3938e4bd1c79ed7febeb6,134,6,15,"[[5, -3], [3.9495, -0.185416], [3.45876, 1.08645], [3.2, 3.2]]",4,0.075,0,0.15,0,4,1,0,"[{'index': 0, 'x': 3.9495, 'y': -0.185416, 'turn_angle': 0.011025, 'incoming_length': 3.00423, 'outgoing_length': 1.36326, 'pivot_safe': True, 'pass_through': True, 'radius_min': 0, 'radius_max': 0, 'trim_min': 0, 'trim_max': 0, 'evaluations': 0, 'safe_feasible': 0, 'states': 1, 'selected_radius': 0, 'selected_trim': 0, 'selected_score': 0}, {'index': 1, 'x': 3.45876, 'y': 1.08645, 'turn_angle': -0.246423, 'incoming_length': 1.36326, 'outgoing_length': 2.12933, 'pivot_safe': True, 'pass_through': False, 'radius_min': 0.1, 'radius_max': 1.5, 'trim_min': 0.0123839, 'trim_max': 0.185759, 'evaluations': 20, 'safe_feasible': 17, 'states': 6, 'selected_radius': 0, 'selected_trim': 0, 'selected_score': 0}]",2,7,20,raw_input,0,3,229,True,,False,0.1,4,226,252,0,264,1,1,264,"{'angular acceleration iteration did not converge': 2, 'transition requires a reversing inner wheel': 1}",0.0171403,adaptive,0.05,unsafe_sweep_41_42;raw_input_fallback,17,e6afe1270d7c848d3858d0ee0bd332ef43cb952c472c50e8dc9a5869df44b8a0,0,1,right_south_to_north,True,15.864476707035545,8.690951973185573,6.640272489601479,1,0.032942120999905455
0.0,1.8417256062530388e-10,0.0,0.0,,0.5146446686094758,0.5146446686094757,0.5146446686094757,0,112,4.2915344167251866e-05,raw,0.05,110,9aca3ad3ef670763426d7b93e1aa2f71e9e4cdb2e3ebb0276bc32a5d485d69aa,2.799999999999998,0,0.0,0,NavFnDijkstra,1d42386cca9a7372817d3620841662533ccd7594b83a2a609ffe355668937b9c,57,,,,,,,,,,,,,,,,,,,,,,,,,,,,,,,,,,,,,,9aca3ad3ef670763426d7b93e1aa2f71e9e4cdb2e3ebb0276bc32a5d485d69aa,0,1,upper_open_short,True,1.8417256062530388e-10,4.2915344167251866e-05,2.799999999999998,1,0.004954122000071948
0.0,7.316560680596474e-12,6.727821144636437e-08,1.3655081035113582e-08,,0.5146446686094759,0.5146446686094757,0.5146446686094757,0,110,6.350041914516763e-06,simple,0.05,110,4398ce4d567cf7700ae846ba246f7208bc4313984dabe5a23da4dded0807ee82,2.7999999999999967,0,0.0,0,NavFnDijkstra,1d42386cca9a7372817d3620841662533ccd7594b83a2a609ffe355668937b9c,57,,,,,,,,,,,,,,,,,,,,,,,,,,,,,,,,,,,,,,9aca3ad3ef670763426d7b93e1aa2f71e9e4cdb2e3ebb0276bc32a5d485d69aa,0,1,upper_open_short,True,7.316560680596474e-12,6.350041914516763e-06,2.7999999999999967,1,0.007114946999990934
0.0,3.167537552449738e-11,4.841560441448678e-08,8.318825948443569e-09,,0.5146446686094759,0.5146446686094757,0.5146446686094757,0,110,1.639911619833124e-05,savitzky_golay,0.05,110,3cf139e056f4b8ec1c7ec6dc1ce18c55cb3a1a596b1a503a02b3be96ec02bf79,2.7999999999999936,0,0.0,0,NavFnDijkstra,1d42386cca9a7372817d3620841662533ccd7594b83a2a609ffe355668937b9c,57,,,,,,,,,,,,,,,,,,,,,,,,,,,,,,,,,,,,,,9aca3ad3ef670763426d7b93e1aa2f71e9e4cdb2e3ebb0276bc32a5d485d69aa,0,1,upper_open_short,True,3.167537552449738e-11,1.639911619833124e-05,2.7999999999999936,1,0.01140557799999442
0.0,2.3019708612363223e-10,5.363875832387066e-08,7.104627099280691e-09,,0.5146446686094758,0.5146446686094757,0.5146446686094757,0,112,4.291531006121256e-05,constrained,0.05,110,5c8e5922b0eacde4aabc1a861c4dcbfd721f7a00b2ef41cf457440adc0384878,2.7999999999999403,0,0.0,0,NavFnDijkstra,1d42386cca9a7372817d3620841662533ccd7594b83a2a609ffe355668937b9c,57,,,,,,,,,,,,,,,,,,,,,,,,,,,,,,,,,,,,,,9aca3ad3ef670763426d7b93e1aa2f71e9e4cdb2e3ebb0276bc32a5d485d69aa,0,1,upper_open_short,True,2.3019708612363223e-10,4.291531006121256e-05,2.7999999999999403,1,0.006843862000096124
0.003,0.0,1.0728836041806744e-07,1.0538930071729336e-07,,0.5146446686094759,0.5146446686094757,0.5146446686094757,0,75,0.0,pstmo,0.05,57,a1b9cbae5704f2a20ffd8e5a71e80a7e7604fc3eb2104e2de1bc881050b894d8,2.799999999999998,0,0.0,0,NavFnDijkstra,1d42386cca9a7372817d3620841662533ccd7594b83a2a609ffe355668937b9c,57,0,0,"[[-5, 3.2], [-2.2, 3.2]]",2,0.075,0,0.15,0,2,0,0,[],0,0,0,none,0,1,1,True,,False,0.1,2,0,252,0,57,0,0,110,{},0.000607412,adaptive,0.05,,0,9aca3ad3ef670763426d7b93e1aa2f71e9e4cdb2e3ebb0276bc32a5d485d69aa,0,1,upper_open_short,True,0.0,0.0,2.799999999999998,1,0.011387181999907625
0.003,40.33958545042524,1.1102230246251565e-16,1.145107615684086e-17,,0.4460433015490947,0.16464466339406925,0.20144806281747213,0,191,11.188063060003893,raw,0.05,184,47b605bd3c3765b687d374607c75f17709d99ce1f3037f23f75285bb22d5107f,4.605420970545901,0,0.0,0,NavFnDijkstra,4e4d3b20213fd9eb197dcfb89165a4251605367101bfe05717c478e12ea3dc51,94,,,,,,,,,,,,,,,,,,,,,,,,,,,,,,,,,,,,,,47b605bd3c3765b687d374607c75f17709d99ce1f3037f23f75285bb22d5107f,0,1,lower_left_diagonal,True,40.33958545042524,11.188063060003893,4.605420970545901,1,0.007610299000134546
0.003,4.255078390350622,0.016216391429740056,0.0037419169753919557,,0.438677314729006,0.25619225950049973,0.25619225950049973,0,189,4.256145439270524,simple,0.05,184,589277865bda89d06f9d7567e3961de7b9f39a28fd11fce02a6a8d88989e35df,4.573405671800137,0,0.0,0,NavFnDijkstra,4e4d3b20213fd9eb197dcfb89165a4251605367101bfe05717c478e12ea3dc51,93,,,,,,,,,,,,,,,,,,,,,,,,,,,,,,,,,,,,,,47b605bd3c3765b687d374607c75f17709d99ce1f3037f23f75285bb22d5107f,0,1,lower_left_diagonal,True,4.255078390350622,4.256145439270524,4.573405671800137,1,0.009456755999963207
0.0,16.210702484966212,0.006028357809397587,0.001471908599483256,,0.42292472799774605,0.2146446641391273,0.23390290478282266,0,210,8.38317544901524,savitzky_golay,0.05,184,a317f17a037878e2e7d6d9cbefac18e61e400d0a44a364d95127b3d77240128a,4.592346497877076,0,0.0,0,NavFnDijkstra,4e4d3b20213fd9eb197dcfb89165a4251605367101bfe05717c478e12ea3dc51,93,,,,,,,,,,,,,,,,,,,,,,,,,,,,,,,,,,,,,,47b605bd3c3765b687d374607c75f17709d99ce1f3037f23f75285bb22d5107f,0,1,lower_left_diagonal,True,16.210702484966212,8.38317544901524,4.592346497877076,1,0.010925826999937271
0.033,27.785120610253678,0.0036637871232453817,0.0009723693370304275,,0.41579563774736034,0.2146446641391273,0.23390290478282266,0,227,8.75386743910857,constrained,0.05,184,1225ab2e153d3dd2bfd0276ceab1a9a9e8dab091af973e30f7680a4ba2901629,4.602517356582731,0,0.0,0,NavFnDijkstra,4e4d3b20213fd9eb197dcfb89165a4251605367101bfe05717c478e12ea3dc51,94,,,,,,,,,,,,,,,,,,,,,,,,,,,,,,,,,,,,,,47b605bd3c3765b687d374607c75f17709d99ce1f3037f23f75285bb22d5107f,0,1,lower_left_diagonal,True,27.785120610253678,8.75386743910857,4.602517356582731,1,0.04552456700002949
0.009000000000000001,1.1592920088924823,0.22208287873936383,0.1052169754416502,,0.3261691455464546,0.10606601875848895,0.10606601875848895,0,132,1.2882644553716514,pstmo,0.05,125,27b3f39b64c2a74975ecb43c214e2643ce0f58b0267fa123a8af08077ad78f4e,4.407175400007147,0,0.0,0,NavFnDijkstra,4e4d3b20213fd9eb197dcfb89165a4251605367101bfe05717c478e12ea3dc51,90,0,10,"[[-5, -3], [-2.6987, -2.52799], [-2, -0.5]]",3,0.075,0,0.15,0,3,0,0,"[{'index': 0, 'x': -2.6987, 'y': -2.52799, 'turn_angle': 1.03671, 'incoming_length': 2.3492, 'outgoing_length': 2.14498, 'pivot_safe': True, 'pass_through': False, 'radius_min': 0.1, 'radius_max': 1.5, 'trim_min': 0.0570376, 'trim_max': 0.855565, 'evaluations': 20, 'safe_feasible': 12, 'states': 6, 'selected_radius': 0.975, 'selected_trim': 0.556117, 'selected_score': 0.600833}]",1,6,20,none,1,2,87,True,,False,0.1,3,85,252,0.600833,125,0,0,184,"{'swept_footprint': 5, 'transition requires a reversing inner wheel': 3}",0.00738591,adaptive,0.05,,12,47b605bd3c3765b687d374607c75f17709d99ce1f3037f23f75285bb22d5107f,0,1,lower_left_diagonal,True,1.1592920088924823,1.2882644553716514,4.407175400007147,1,0.015261677999660606
0.003,7.581551186832329,0.0,0.0,,0.7144051973581833,0.6447181959844944,0.7146446715897079,0,292,11.462941430740113,raw,0.05,147,8c815705b561d7702ed1bb8503c527f5e5ba6f4809b1095eb53c217227b39a94,7.310746974780691,0,0.0,0,ThetaStar,add2ed7455133f04c01841cf099b6b1df721535004bdbce80ec899711a5b8c65,148,,,,,,,,,,,,,,,,,,,,,,,,,,,,,,,,,,,,,,8c815705b561d7702ed1bb8503c527f5e5ba6f4809b1095eb53c217227b39a94,0,1,straight_lower_aisle,True,7.581551186832329,11.462941430740113,7.310746974780691,1,0.007837893999749213
0.0,0.15112250524210452,0.016646678378870572,0.0023511625814075622,,0.7119881436310753,0.6447181959844944,0.6870881353033998,0,267,0.8574916231116105,simple,0.05,147,b768c029d427746d125fe858bcfe8de15cd0fbb63b0f39074e1e3c1131f01430,7.302480409387985,0,0.0,0,ThetaStar,add2ed7455133f04c01841cf099b6b1df721535004bdbce80ec899711a5b8c65,148,,,,,,,,,,,,,,,,,,,,,,,,,,,,,,,,,,,,,,8c815705b561d7702ed1bb8503c527f5e5ba6f4809b1095eb53c217227b39a94,0,1,straight_lower_aisle,True,0.15112250524210452,0.8574916231116105,7.302480409387985,1,0.007496653999623959
0.0,0.9898606847270042,0.009651679743130526,0.0010915704533874268,,0.712190370672909,0.6447181959844944,0.7146446715897079,0,289,3.1402266400154506,savitzky_golay,0.05,147,f0578ce6469357d1b2c323474ae36e03a36d53f8afe205ae5bc690f840503eec,7.305240668299745,0,0.0,0,ThetaStar,add2ed7455133f04c01841cf099b6b1df721535004bdbce80ec899711a5b8c65,148,,,,,,,,,,,,,,,,,,,,,,,,,,,,,,,,,,,,,,8c815705b561d7702ed1bb8503c527f5e5ba6f4809b1095eb53c217227b39a94,0,1,straight_lower_aisle,True,0.9898606847270042,3.1402266400154506,7.305240668299745,1,0.007290746999842668
0.018000000000000002,5.747797641849669,0.019905813415459495,0.0031309340550793184,,0.7052279853930038,0.6146446700995918,0.6646446708446498,0,262,8.057495847598556,constrained,0.05,147,6fcc90b96171991be7ad35b05a187d76ba602c9a5b27a11c318985085d92b1fd,7.31897657946377,0,0.0,0,ThetaStar,add2ed7455133f04c01841cf099b6b1df721535004bdbce80ec899711a5b8c65,148,,,,,,,,,,,,,,,,,,,,,,,,,,,,,,,,,,,,,,8c815705b561d7702ed1bb8503c527f5e5ba6f4809b1095eb53c217227b39a94,0,1,straight_lower_aisle,True,5.747797641849669,8.057495847598556,7.31897657946377,1,0.030612996999934694
0.0,0.0,0.024999985471367836,0.02477791095651695,,0.714068680596835,0.6447181959844944,0.7146446715897079,0,213,0.0,pstmo,0.05,147,b3f31d0e1fafdb122818c92767140806d63b73aa6e5e829530608822ee7a7e16,7.299999999999982,0,0.0,0,ThetaStar,add2ed7455133f04c01841cf099b6b1df721535004bdbce80ec899711a5b8c65,147,0,0,"[[-2.5, -3], [4.8, -3]]",2,0.075,0,0.15,0,2,0,0,[],0,0,0,none,0,1,1,True,,False,0.1,2,0,252,0,147,0,0,147,{},0.000942358,adaptive,0.05,,0,8c815705b561d7702ed1bb8503c527f5e5ba6f4809b1095eb53c217227b39a94,0,1,straight_lower_aisle,True,0.0,0.0,7.299999999999982,1,0.008421977999660157
0.0,17.892135057026696,4.440892098500626e-16,1.3063958923854638e-16,,0.37137890262915213,0.10606601875848895,0.14788059235148465,0,144,9.72546091805424,raw,0.05,68,6e8bd315ba76e0555cecd70678b48dfad933c215d597bc3257f85636c6dcda09,3.8399700793057234,0,0.0,0,ThetaStar,ea9dca7a3ff310994678f42ba1f3459213181f17bbe29fd9a831eda656e2f44c,78,,,,,,,,,,,,,,,,,,,,,,,,,,,,,,,,,,,,,,6e8bd315ba76e0555cecd70678b48dfad933c215d597bc3257f85636c6dcda09,0,1,crate_detour,True,17.892135057026696,9.72546091805424,3.8399700793057234,1,0.006803129999752855
0.0,2.122724759616703,0.038073131839034983,0.01136075869206471,,0.3965177019678073,0.17677669793081488,0.18825146149581692,0,165,2.3262045682003443,simple,0.05,68,6570153d67a7668d5978c437a3fa2b8154d5984d4bbe01d74775c8371d88a7ee,3.788703655978172,0,0.0,0,ThetaStar,ea9dca7a3ff310994678f42ba1f3459213181f17bbe29fd9a831eda656e2f44c,77,,,,,,,,,,,,,,,,,,,,,,,,,,,,,,,,,,,,,,6e8bd315ba76e0555cecd70678b48dfad933c215d597bc3257f85636c6dcda09,0,1,crate_detour,True,2.122724759616703,2.3262045682003443,3.788703655978172,1,0.0058464869998715585
0.0,4.687849181421205,0.01427827219998165,0.0035624311952426884,,0.4154217777662966,0.2146446641391273,0.2146446641391273,0,154,3.9236063605525673,savitzky_golay,0.05,68,dfb23c795ffc1f5fc6500940267c42e3a9fd68f7e66511ca325cde8fc5ea1eb9,3.824084374560956,0,0.0,0,ThetaStar,ea9dca7a3ff310994678f42ba1f3459213181f17bbe29fd9a831eda656e2f44c,78,,,,,,,,,,,,,,,,,,,,,,,,,,,,,,,,,,,,,,6e8bd315ba76e0555cecd70678b48dfad933c215d597bc3257f85636c6dcda09,0,1,crate_detour,True,4.687849181421205,3.9236063605525673,3.824084374560956,1,0.005919044999700418
0.015000000000000001,6.733603288734969,0.03644803152647442,0.01480832204130937,,0.4300329293214727,0.23390290478282266,0.23390290478282266,0,149,4.073005861264252,constrained,0.05,68,67f8722b095f9d6a9515cef04452bdae60adfc917e9de594442658eea4488cc1,3.863308804222817,0,0.0,0,ThetaStar,ea9dca7a3ff310994678f42ba1f3459213181f17bbe29fd9a831eda656e2f44c,79,,,,,,,,,,,,,,,,,,,,,,,,,,,,,,,,,,,,,,6e8bd315ba76e0555cecd70678b48dfad933c215d597bc3257f85636c6dcda09,0,1,crate_detour,True,6.733603288734969,4.073005861264252,3.863308804222817,1,0.02074723699979586
0.027000000000000003,1.9271338079181233,0.15428834216687026,0.0846945785066465,,0.28775690711633795,0.10606601875848895,0.10606601875848895,0,214,1.7903742935796123,pstmo,0.05,187,2b17e7544ba9e51bbb1822d33bb7b647382fe0027aff706e12b3380022f5ebbb,3.6480001522325,0,0.0,0,ThetaStar,ea9dca7a3ff310994678f42ba1f3459213181f17bbe29fd9a831eda656e2f44c,74,36,24,"[[-5, -1.8], [-4.08097, -2.72351], [-2.725, -2.575], [-2, -1.8]]",4,0.075,0,0.15,0,4,0,0,"[{'index': 0, 'x': -4.08097, 'y': -2.72351, 'turn_angle': 0.896915, 'incoming_length': 1.30287, 'outgoing_length': 1.36408, 'pivot_safe': True, 'pass_through': False, 'radius_min': 0.1, 'radius_max': 1.5, 'trim_min': 0.0481154, 'trim_max': 0.721731, 'evaluations': 20, 'safe_feasible': 12, 'states': 6, 'selected_radius': 0.6775, 'selected_trim': 0.325982, 'selected_score': 0.657362}, {'index': 1, 'x': -2.725, 'y': -2.575, 'turn_angle': 0.709633, 'incoming_length': 1.36408, 'outgoing_length': 1.06125, 'pivot_safe': True, 'pass_through': False, 'radius_min': 0.1, 'radius_max': 1.5, 'trim_min': 0.0370496, 'trim_max': 0.555745, 'evaluations': 20, 'safe_feasible': 18, 'states': 6, 'selected_radius': 1.5, 'selected_trim': 0.555745, 'selected_score': 0.433036}]",2,12,40,none,2,3,60,True,,False,0.1,4,57,252,0.545199,187,0,0,68,"{'swept_footprint': 6, 'transition requires a reversing inner wheel': 4}",0.0280917,adaptive,0.05,,30,6e8bd315ba76e0555cecd70678b48dfad933c215d597bc3257f85636c6dcda09,0,1,crate_detour,True,1.9271338079181233,1.7903742935796123,3.6480001522325,1,0.0473516639999616
0.003,15.707595041580166,4.440892098500626e-16,8.231766071832613e-17,,0.3930359220227102,0.07644806095482698,0.11464466264901119,0,132,10.352246437025977,raw,0.05,64,03966f3b2cc315e4c19b86ece66088093733c62778bb49607ebb50297f9056fc,3.50328643786419,0,0.0,0,ThetaStar,a299e1e7dd5588157e5a2ac2fc4890eb31b101a5da017be804e3ae85f391b60d,72,,,,,,,,,,,,,,,,,,,,,,,,,,,,,,,,,,,,,,03966f3b2cc315e4c19b86ece66088093733c62778bb49607ebb50297f9056fc,0,1,vertical_rack_detour,True,15.707595041580166,10.352246437025977,3.50328643786419,1,0.004495214000144188
0.0,2.8694413796525344,0.039124798069478786,0.013328868779025314,,0.3518954095285342,0.11464466264901119,0.11464466264901119,0,112,2.379412177571,simple,0.05,64,a1c39b8e377b573b73cc92d705cb301ea9f65a80a0cd954ac6a8b608c8089aac,3.4439407382303027,0,0.0,0,ThetaStar,a299e1e7dd5588157e5a2ac2fc4890eb31b101a5da017be804e3ae85f391b60d,70,,,,,,,,,,,,,,,,,,,,,,,,,,,,,,,,,,,,,,03966f3b2cc315e4c19b86ece66088093733c62778bb49607ebb50297f9056fc,0,1,vertical_rack_detour,True,2.8694413796525344,2.379412177571,3.4439407382303027,1,0.0058830369998759124
0.0,6.272910982857726,0.014180125978726643,0.003007324685901753,,0.35902904130592306,0.11464466264901119,0.11464466264901119,0,122,4.189634115958859,savitzky_golay,0.05,64,aeeff9f99a95a3084b42dc903dc6990387a0ab1d72a073cef5af1108ba0339ca,3.4915725046076465,0,0.0,0,ThetaStar,a299e1e7dd5588157e5a2ac2fc4890eb31b101a5da017be804e3ae85f391b60d,71,,,,,,,,,,,,,,,,,,,,,,,,,,,,,,,,,,,,,,03966f3b2cc315e4c19b86ece66088093733c62778bb49607ebb50297f9056fc,0,1,vertical_rack_detour,True,6.272910982857726,4.189634115958859,3.4915725046076465,1,0.005130007999923691
0.009000000000000001,9.788012067158169,0.057770006697998436,0.019769860909874915,,0.39251356286005384,0.11464466264901119,0.16464466339406925,0,127,4.76143460992432,constrained,0.05,64,d2799d1cb1d8ac71a43e5801abf60e2b0592422927f9556a0812eb902283825f,3.544911562585485,0,0.0,0,ThetaStar,a299e1e7dd5588157e5a2ac2fc4890eb31b101a5da017be804e3ae85f391b60d,72,,,,,,,,,,,,,,,,,,,,,,,,,,,,,,,,,,,,,,03966f3b2cc315e4c19b86ece66088093733c62778bb49607ebb50297f9056fc,0,1,vertical_rack_detour,True,9.788012067158169,4.76143460992432,3.544911562585485,1,0.01713728800041281
0.036000000000000004,3.724790585906101,0.09297059585095191,0.025800801626581184,,0.27429631270932414,0.07644806095482698,0.07644806095482698,0,236,3.0793527756818144,pstmo,0.05,232,ade03a8375682036eb85cc5be7efb9eb4e6b5d1223dd2846f9ce5d676968d1ad,3.4291077397128737,0,0.0,0,ThetaStar,a299e1e7dd5588157e5a2ac2fc4890eb31b101a5da017be804e3ae85f391b60d,70,56,64,"[[-2.5, 2.8], [-1.925, 3.075], [-1.425, 3.525], [-0.475, 3.525], [0.125, 2.925], [0.5, 2.8]]",64,0.075,0.0297318,0.15,0,6,0,5,"[{'index': 0, 'x': -1.925, 'y': 3.075, 'turn_angle': 0.286709, 'incoming_length': 0.637378, 'outgoing_length': 0.672681, 'pivot_safe': True, 'pass_through': False, 'radius_min': 0.1, 'radius_max': 1.5, 'trim_min': 0.0144345, 'trim_max': 0.216517, 'evaluations': 20, 'safe_feasible': 17, 'states': 6, 'selected_radius': 1.5, 'selected_trim': 0.216517, 'selected_score': 0.288396}, {'index': 1, 'x': -1.425, 'y': 3.525, 'turn_angle': -0.732815, 'incoming_length': 0.672681, 'outgoing_length': 0.95, 'pivot_safe': True, 'pass_through': False, 'radius_min': 0.1, 'radius_max': 1.5, 'trim_min': 0.0383736, 'trim_max': 0.575604, 'evaluations': 20, 'safe_feasible': 18, 'states': 6, 'selected_radius': 0.38, 'selected_trim': 0.14582, 'selected_score': 0.74886}, {'index': 2, 'x': -0.475, 'y': 3.525, 'turn_angle': -0.785398, 'incoming_length': 0.95, 'outgoing_length': 0.848528, 'pivot_safe': True, 'pass_through': False, 'radius_min': 0.1, 'radius_max': 1.5, 'trim_min': 0.0414214, 'trim_max': 0.62132, 'evaluations': 20, 'safe_feasible': 18, 'states': 6, 'selected_radius': 1.5, 'selected_trim': 0.62132, 'selected_score': 0.450888}, {'index': 3, 'x': 0.125, 'y': 2.925, 'turn_angle': 0.463647, 'incoming_length': 0.848528, 'outgoing_length': 0.395285, 'pivot_safe': True, 'pass_through': False, 'radius_min': 0.1, 'radius_max': 1.5, 'trim_min': 0.0236068, 'trim_max': 0.354102, 'evaluations': 20, 'safe_feasible': 17, 'states': 6, 'selected_radius': 0.45, 'selected_trim': 0.106231, 'selected_score': 0.47155}]",4,24,80,none,4,3,110,True,no footprint-safe outgoing edge at input index 44,True,0.1,64,108,252,0.489923,232,0,0,64,"{'angular acceleration iteration did not converge': 4, 'transition requires a reversing inner wheel': 6}",0.0535897,adaptive,0.05,,70,03966f3b2cc315e4c19b86ece66088093733c62778bb49607ebb50297f9056fc,0,1,vertical_rack_detour,True,3.724790585906101,3.0793527756818144,3.4291077397128737,1,0.06247819999998683
0.0,14.370888412685954,2.220446049250313e-16,6.557491284735163e-17,,0.50929183356971,0.1449222268733815,0.2146446641391273,0,245,9.011218585182943,raw,0.05,120,2b112b8e003b03819a7cbc4ad39805db8701b33606056db324bf36983bb8aa74,6.093401600965562,0,0.0,0,ThetaStar,65aaa283caed754a8bb3966a6b85ab75445919f82ba672dca47878e621bb4791,123,,,,,,,,,,,,,,,,,,,,,,,,,,,,,,,,,,,,,,2b112b8e003b03819a7cbc4ad39805db8701b33606056db324bf36983bb8aa74,0,1,horizontal_rack_detour,True,14.370888412685954,9.011218585182943,6.093401600965562,1,0.006957521999993332
0.0,1.9147809634075574,0.031969558946354594,0.008132975026325638,,0.4563528622810603,0.2146446641391273,0.2146446641391273,0,217,1.7911393394523483,simple,0.05,120,a3ddf333851b1199be8e45f3bd35302a6bd33c4b1c36ae64442c05083da2967a,6.055998515982162,0,0.0,0,ThetaStar,65aaa283caed754a8bb3966a6b85ab75445919f82ba672dca47878e621bb4791,123,,,,,,,,,,,,,,,,,,,,,,,,,,,,,,,,,,,,,,2b112b8e003b03819a7cbc4ad39805db8701b33606056db324bf36983bb8aa74,0,1,horizontal_rack_detour,True,1.9147809634075574,1.7911393394523483,6.055998515982162,1,0.007651442000224051
0.0,3.251520010065955,0.007136455530760773,0.001691788151467867,,0.478935101260157,0.2146446641391273,0.2400159173269659,0,210,2.3162990709830087,savitzky_golay,0.05,120,7e7210443a57f6d88185fa4153c8159a9c2bb1d873ae9d39ce2de52feba76612,6.085216894379604,0,0.0,0,ThetaStar,65aaa283caed754a8bb3966a6b85ab75445919f82ba672dca47878e621bb4791,123,,,,,,,,,,,,,,,,,,,,,,,,,,,,,,,,,,,,,,2b112b8e003b03819a7cbc4ad39805db8701b33606056db324bf36983bb8aa74,0,1,horizontal_rack_detour,True,3.251520010065955,2.3162990709830087,6.085216894379604,1,0.00741329400034374
0.015000000000000001,6.813273767652694,0.026190893295086976,0.00830624961727188,,0.49151089604195486,0.23390290478282266,0.2474873771031409,0,211,7.315021993147425,constrained,0.05,120,6648624f110477844aa5fcc987437a243bfa7e127f1fb1fc07a18922349a5f3f,6.101747043039799,0,0.0,0,ThetaStar,65aaa283caed754a8bb3966a6b85ab75445919f82ba672dca47878e621bb4791,124,,,,,,,,,,,,,,,,,,,,,,,,,,,,,,,,,,,,,,2b112b8e003b03819a7cbc4ad39805db8701b33606056db324bf36983bb8aa74,0,1,horizontal_rack_detour,True,6.813273767652694,7.315021993147425,6.101747043039799,1,0.024467469999763125
0.009000000000000001,0.9690496826175939,0.16798836732680145,0.08457694710655049,,0.4191575815929947,0.07644806095482698,0.10606601875848895,0,168,1.1152088542834182,pstmo,0.05,160,3965dae1b3552cb1f5c950456b0af27bfcfac1dea27409f806d5a561bebbaa82,5.93400178259284,0,0.0,0,ThetaStar,65aaa283caed754a8bb3966a6b85ab75445919f82ba672dca47878e621bb4791,120,0,11,"[[0, -2.8], [4.275, -1.725], [4.8, -0.2]]",3,0.075,0,0.15,0,3,0,0,"[{'index': 0, 'x': 4.275, 'y': -1.725, 'turn_angle': 0.992888, 'incoming_length': 4.40809, 'outgoing_length': 1.61284, 'pivot_safe': True, 'pass_through': False, 'radius_min': 0.1, 'radius_max': 1.5, 'trim_min': 0.0541694, 'trim_max': 0.812541, 'evaluations': 20, 'safe_feasible': 13, 'states': 6, 'selected_radius': 1.115, 'selected_trim': 0.603989, 'selected_score': 0.560767}]",1,6,20,none,1,2,33,True,,False,0.1,3,31,252,0.560767,160,0,0,120,"{'swept_footprint': 4, 'transition requires a reversing inner wheel': 3}",0.0092702,adaptive,0.05,,13,2b112b8e003b03819a7cbc4ad39805db8701b33606056db324bf36983bb8aa74,0,1,horizontal_rack_detour,True,0.9690496826175939,1.1152088542834182,5.93400178259284,1,0.017661926000073436
0.003,15.138454117209694,1.942890293094024e-16,4.4456212318286984e-17,,0.3111627923273631,0.1449222268733815,0.2146446641391273,0,198,10.643174189081309,raw,0.05,95,2b199e2775cab0fd2ecd97c64c5383a8a153edd9c1e6d9006a81a0012a0ea1b4,4.811310605378713,0,0.0,0,ThetaStar,c822244724d7cdacecb1bb00cfdbec119fa871ae56f86dc726b5492033d970fe,98,,,,,,,,,,,,,,,,,,,,,,,,,,,,,,,,,,,,,,2b199e2775cab0fd2ecd97c64c5383a8a153edd9c1e6d9006a81a0012a0ea1b4,0,1,right_rack_detour,True,15.138454117209694,10.643174189081309,4.811310605378713,1,0.006647705000432325
0.0,2.2226678461159337,0.0337336403707412,0.009833681099658178,,0.32450350054271027,0.2146446641391273,0.2146446641391273,0,160,1.9205399580144304,simple,0.05,95,11457eac28a8bc420c2089db892fccc71856dee5876901eb0588a254fb92364b,4.767313936957852,0,0.0,0,ThetaStar,c822244724d7cdacecb1bb00cfdbec119fa871ae56f86dc726b5492033d970fe,97,,,,,,,,,,,,,,,,,,,,,,,,,,,,,,,,,,,,,,2b199e2775cab0fd2ecd97c64c5383a8a153edd9c1e6d9006a81a0012a0ea1b4,0,1,right_rack_detour,True,2.2226678461159337,1.9205399580144304,4.767313936957852,1,0.006634149000092293
0.0,3.725376464066836,0.008682781838791422,0.0019684286626655226,,0.33753844097695745,0.21959563989254183,0.23390290478282266,0,166,3.0229443018161426,savitzky_golay,0.05,95,859f91beacd50ce90eab47ff39abb3ee5e205eefe3b7a5f0935a94b6aa11b52a,4.801326778261302,0,0.0,0,ThetaStar,c822244724d7cdacecb1bb00cfdbec119fa871ae56f86dc726b5492033d970fe,98,,,,,,,,,,,,,,,,,,,,,,,,,,,,,,,,,,,,,,2b199e2775cab0fd2ecd97c64c5383a8a153edd9c1e6d9006a81a0012a0ea1b4,0,1,right_rack_detour,True,3.725376464066836,3.0229443018161426,4.801326778261302,1,0.009212832999764942
0.015000000000000001,7.675810332656499,0.03376854943521757,0.011222023406464571,,0.35815489036789505,0.2474873771031409,0.25619225950049973,0,166,7.86240465309228,constrained,0.05,95,81e34f599cc165328cdb1c0373c0402a29bffae4648e89d4b9d85454afdc6fe7,4.830425051909706,0,0.0,0,ThetaStar,c822244724d7cdacecb1bb00cfdbec119fa871ae56f86dc726b5492033d970fe,98,,,,,,,,,,,,,,,,,,,,,,,,,,,,,,,,,,,,,,2b199e2775cab0fd2ecd97c64c5383a8a153edd9c1e6d9006a81a0012a0ea1b4,0,1,right_rack_detour,True,7.675810332656499,7.86240465309228,4.830425051909706,1,0.022303583999928378
0.009000000000000001,2.415040733581558,0.15038187475685483,0.08479280630022343,,0.22854379556254556,0.10606601875848895,0.10606601875848895,0,131,2.173295108698152,pstmo,0.05,126,6fc97864d2b0f69433ac75e342cb6d00190ba90fae132644d9f8170fb8f89a1f,4.598333683536698,0,0.0,0,ThetaStar,c822244724d7cdacecb1bb00cfdbec119fa871ae56f86dc726b5492033d970fe,93,0,12,"[[3.2, 0], [4.925, 0.225], [5.2, 3.2]]",3,0.075,0,0.15,0,3,0,0,"[{'index': 0, 'x': 4.925, 'y': 0.225, 'turn_angle': 1.34892, 'incoming_length': 1.73961, 'outgoing_length': 2.98768, 'pivot_safe': True, 'pass_through': False, 'radius_min': 0.1, 'radius_max': 1.5, 'trim_min': 0.0799538, 'trim_max': 1.19931, 'evaluations': 20, 'safe_feasible': 12, 'states': 6, 'selected_radius': 0.625, 'selected_trim': 0.499711, 'selected_score': 0.758251}]",1,6,20,none,1,2,61,True,,False,0.1,3,59,252,0.758251,126,0,0,95,"{'swept_footprint': 6, 'transition requires a reversing inner wheel': 2}",0.00862672,adaptive,0.05,,12,2b199e2775cab0fd2ecd97c64c5383a8a153edd9c1e6d9006a81a0012a0ea1b4,0,1,right_rack_detour,True,2.415040733581558,2.173295108698152,4.598333683536698,1,0.016586750999977085
0.015000000000000001,33.22709624600781,4.440892098500626e-16,4.472745824252729e-17,,0.4851606737033618,0.11464466264901119,0.2146446641391273,0,523,12.321443108700024,raw,0.05,260,8abde2fc1a57bea443d03f2ad793c0b1be5826111d904a8456cbca79c870f4f8,13.625297209699655,0,0.0,0,ThetaStar,e5d1348111c868021774536b83d52d389c6f2015862241d82f8105e9bcd04f2f,274,,,,,,,,,,,,,,,,,,,,,,,,,,,,,,,,,,,,,,8abde2fc1a57bea443d03f2ad793c0b1be5826111d904a8456cbca79c870f4f8,0,1,long_southwest_to_northeast,True,33.22709624600781,12.321443108700024,13.625297209699655,1,0.025215085000127146
0.0,4.008083624151217,0.03895970546247881,0.008304558042565462,,0.46773720469800706,0.11464466264901119,0.2146446641391273,0,516,2.127261845932396,simple,0.05,260,0186d26602bf400d7247f41e59b1238872943a1f10c3b536ac66bc47ac55cb39,13.53816305509256,0,0.0,0,ThetaStar,e5d1348111c868021774536b83d52d389c6f2015862241d82f8105e9bcd04f2f,272,,,,,,,,,,,,,,,,,,,,,,,,,,,,,,,,,,,,,,8abde2fc1a57bea443d03f2ad793c0b1be5826111d904a8456cbca79c870f4f8,0,1,long_southwest_to_northeast,True,4.008083624151217,2.127261845932396,13.53816305509256,1,0.012202260999856662
0.0,7.530579332014174,0.014030092066983357,0.0018857598802682106,,0.47403278899518214,0.11464466264901119,0.23318754153830867,0,480,2.8766970694901954,savitzky_golay,0.05,260,da08f359a8d45be035b71f20c27fe1fb774587e7a7d5a3b9ca3707ab3fa380e8,13.60354014588358,0,0.0,0,ThetaStar,e5d1348111c868021774536b83d52d389c6f2015862241d82f8105e9bcd04f2f,274,,,,,,,,,,,,,,,,,,,,,,,,,,,,,,,,,,,,,,8abde2fc1a57bea443d03f2ad793c0b1be5826111d904a8456cbca79c870f4f8,0,1,long_southwest_to_northeast,True,7.530579332014174,2.8766970694901954,13.60354014588358,1,0.012684235000051558
0.030000000000000002,12.432553859633712,0.03392442435180312,0.007220302683344033,,0.46592869758996336,0.11464466264901119,0.22716252055752933,0,434,7.05800844598416,constrained,0.05,260,b039c307f46d0b6c1e49684f2b741841c034895e01640d7edee730c363c76bb1,13.636423961545303,0,0.0,0,ThetaStar,e5d1348111c868021774536b83d52d389c6f2015862241d82f8105e9bcd04f2f,274,,,,,,,,,,,,,,,,,,,,,,,,,,,,,,,,,,,,,,8abde2fc1a57bea443d03f2ad793c0b1be5826111d904a8456cbca79c870f4f8,0,1,long_southwest_to_northeast,True,12.432553859633712,7.05800844598416,13.636423961545303,1,0.04553130100021008
0.057,6.45023621059934,0.07171286014770928,0.027616928360923707,,0.40729131652656403,0.11464466264901119,0.2146446641391273,0,519,4.601346141153702,pstmo,0.05,505,76123959a9040bc27724e0756a5dc95a5b755c9321a30e5e10f40aa074b9fc95,13.519884207346614,0,0.0,0,ThetaStar,e5d1348111c868021774536b83d52d389c6f2015862241d82f8105e9bcd04f2f,272,184,108,"[[-5, -3], [-4.275, -2.775], [-2.825, -2.675], [-0.225, -1.225], [0.525, -0.475], [1.925, -0.0249999], [4.825, 0.125], [5.075, 0.525], [5, 3]]",260,0.075,0.0722422,0.15,0,9,0,8,"[{'index': 0, 'x': -4.275, 'y': -2.775, 'turn_angle': -0.232064, 'incoming_length': 0.759111, 'outgoing_length': 1.45344, 'pivot_safe': True, 'pass_through': False, 'radius_min': 0.1, 'radius_max': 1.5, 'trim_min': 0.0116555, 'trim_max': 0.174833, 'evaluations': 20, 'safe_feasible': 17, 'states': 6, 'selected_radius': 1.5, 'selected_trim': 0.174833, 'selected_score': 0.218119}, {'index': 1, 'x': -2.825, 'y': -2.675, 'turn_angle': 0.439873, 'incoming_length': 1.45344, 'outgoing_length': 2.977, 'pivot_safe': True, 'pass_through': False, 'radius_min': 0.1, 'radius_max': 1.5, 'trim_min': 0.0223553, 'trim_max': 0.335329, 'evaluations': 20, 'safe_feasible': 17, 'states': 6, 'selected_radius': 1.5, 'selected_trim': 0.335329, 'selected_score': 0.3446}, {'index': 2, 'x': -0.225, 'y': -1.225, 'turn_angle': 0.276668, 'incoming_length': 2.977, 'outgoing_length': 1.06066, 'pivot_safe': True, 'pass_through': False, 'radius_min': 0.1, 'radius_max': 1.5, 'trim_min': 0.0139223, 'trim_max': 0.208835, 'evaluations': 20, 'safe_feasible': 17, 'states': 6, 'selected_radius': 1.5, 'selected_trim': 0.208835, 'selected_score': 0.153104}, {'index': 3, 'x': 0.525, 'y': -0.475, 'turn_angle': -0.4744, 'incoming_length': 1.06066, 'outgoing_length': 1.47054, 'pivot_safe': True, 'pass_through': False, 'radius_min': 0.1, 'radius_max': 1.5, 'trim_min': 0.0241751, 'trim_max': 0.362626, 'evaluations': 20, 'safe_feasible': 17, 'states': 6, 'selected_radius': 1.465, 'selected_trim': 0.354165, 'selected_score': 0.328918}, {'index': 4, 'x': 1.925, 'y': -0.0249999, 'turn_angle': -0.25932, 'incoming_length': 1.47054, 'outgoing_length': 2.90388, 'pivot_safe': True, 'pass_through': False, 'radius_min': 0.1, 'radius_max': 1.5, 'trim_min': 0.0130392, 'trim_max': 0.195587, 'evaluations': 20, 'safe_feasible': 17, 'states': 6, 'selected_radius': 1.5, 'selected_trim': 0.195587, 'selected_score': 0.146556}, {'index': 5, 'x': 4.825, 'y': 0.125, 'turn_angle': 0.960519, 'incoming_length': 2.90388, 'outgoing_length': 0.471699, 'pivot_safe': True, 'pass_through': False, 'radius_min': 0.1, 'radius_max': 0.905476, 'trim_min': 0.0520941, 'trim_max': 0.471699, 'evaluations': 20, 'safe_feasible': 17, 'states': 6, 'selected_radius': 0.261095, 'selected_trim': 0.136015, 'selected_score': 0.796795}, {'index': 6, 'x': 5.075, 'y': 0.525, 'turn_angle': 0.588893, 'incoming_length': 0.471699, 'outgoing_length': 2.47614, 'pivot_safe': True, 'pass_through': False, 'radius_min': 0.1, 'radius_max': 1.5, 'trim_min': 0.0303262, 'trim_max': 0.454893, 'evaluations': 20, 'safe_feasible': 18, 'states': 6, 'selected_radius': 0.38, 'selected_trim': 0.115239, 'selected_score': 0.671274}]",7,42,140,none,7,4,396,True,unsafe_goal_rotation,True,0.1,260,392,252,0.379909,505,0,0,260,"{'angular acceleration iteration did not converge': 10, 'transition requires a reversing inner wheel': 10}",0.0566698,adaptive,0.05,,120,8abde2fc1a57bea443d03f2ad793c0b1be5826111d904a8456cbca79c870f4f8,0,1,long_southwest_to_northeast,True,6.45023621059934,4.601346141153702,13.519884207346614,1,0.07652733500026443
0.009000000000000001,49.974455757328656,4.440892098500626e-16,4.641839154307316e-17,,0.40515083171814353,0.11464466264901119,0.17677669793081488,0,563,18.98878338460319,raw,0.05,257,af89df585b65da2b7dc6c5af7e1ebc88917df29c8a3e758e65add538b0195a43,13.629348877699188,0,0.0,0,ThetaStar,149b2348562b3e89c9475941455e2e6656ad0e54293dc39855ce2083e2f796dc,274,,,,,,,,,,,,,,,,,,,,,,,,,,,,,,,,,,,,,,af89df585b65da2b7dc6c5af7e1ebc88917df29c8a3e758e65add538b0195a43,0,1,long_northeast_to_southwest,True,49.974455757328656,18.98878338460319,13.629348877699188,1,0.015562543999749323
0.003,3.3953080203497032,0.03357609633226455,0.007867516315823235,,0.3788642246517115,0.11464466264901119,0.16464466339406925,0,505,1.9285897099515767,simple,0.05,257,9e5d4c3a5d8cc0388b061c653f6bd267d31bebdd1b4fa69e26e7b05af85de233,13.539967980752362,0,0.0,0,ThetaStar,149b2348562b3e89c9475941455e2e6656ad0e54293dc39855ce2083e2f796dc,272,,,,,,,,,,,,,,,,,,,,,,,,,,,,,,,,,,,,,,af89df585b65da2b7dc6c5af7e1ebc88917df29c8a3e758e65add538b0195a43,0,1,long_northeast_to_southwest,True,3.3953080203497032,1.9285897099515767,13.539967980752362,1,0.032672603000264644
0.0,7.183015139700325,0.01563937204052923,0.0020894788972318544,,0.38484318476364215,0.11464466264901119,0.16464466339406925,0,484,3.3875796639940092,savitzky_golay,0.05,257,621fd3146a50a7f64e583d702a70e1977c3c2c85203256f6d55121700a9a2078,13.597135598489535,0,0.0,0,ThetaStar,149b2348562b3e89c9475941455e2e6656ad0e54293dc39855ce2083e2f796dc,273,,,,,,,,,,,,,,,,,,,,,,,,,,,,,,,,,,,,,,af89df585b65da2b7dc6c5af7e1ebc88917df29c8a3e758e65add538b0195a43,0,1,long_northeast_to_southwest,True,7.183015139700325,3.3875796639940092,13.597135598489535,1,0.012693797999872913
0.045000000000000005,15.854529134778312,0.027511135389444455,0.005177510753737895,,0.38500075194282457,0.11464466264901119,0.16464466339406925,0,467,8.422712550651038,constrained,0.05,257,bb0d338d10a27e256ffc1f6d7b05ccfa881ad166bbdf6a9f0d0b85ba43732976,13.637389567010223,0,0.0,0,ThetaStar,149b2348562b3e89c9475941455e2e6656ad0e54293dc39855ce2083e2f796dc,274,,,,,,,,,,,,,,,,,,,,,,,,,,,,,,,,,,,,,,af89df585b65da2b7dc6c5af7e1ebc88917df29c8a3e758e65add538b0195a43,0,1,long_northeast_to_southwest,True,15.854529134778312,8.422712550651038,13.637389567010223,1,0.06619015500018577
0.060000000000000005,4.982057431309198,0.06894232621988206,0.023975933802170345,,0.3671855464604491,0.11464466264901119,0.16464466339406925,0,524,3.575896995676962,pstmo,0.05,488,51f2063897b2ccad6b488fd889ecb6aef425b7b48dee9a5302a56c2d17199513,13.520352664122797,0,0.0,0,ThetaStar,149b2348562b3e89c9475941455e2e6656ad0e54293dc39855ce2083e2f796dc,272,220,111,"[[5, 3], [5.075, 0.525], [4.825, 0.125], [3.575, -0.225], [2.175, -0.425], [0.475, -0.475], [-1.775, -1.625], [-2.875, -2.675], [-3.875, -2.925], [-5, -3]]",257,0.075,0.0711796,0.15,0,10,0,9,"[{'index': 0, 'x': 5.075, 'y': 0.525, 'turn_angle': -0.588893, 'incoming_length': 2.47614, 'outgoing_length': 0.471699, 'pivot_safe': True, 'pass_through': False, 'radius_min': 0.1, 'radius_max': 1.5, 'trim_min': 0.0303262, 'trim_max': 0.454893, 'evaluations': 20, 'safe_feasible': 18, 'states': 6, 'selected_radius': 0.38, 'selected_trim': 0.115239, 'selected_score': 0.671274}, {'index': 1, 'x': 4.825, 'y': 0.125, 'turn_angle': -0.739188, 'incoming_length': 0.471699, 'outgoing_length': 1.29808, 'pivot_safe': True, 'pass_through': False, 'radius_min': 0.1, 'radius_max': 1.21761, 'trim_min': 0.0387396, 'trim_max': 0.471699, 'evaluations': 20, 'safe_feasible': 15, 'states': 6, 'selected_radius': 0.323523, 'selected_trim': 0.125332, 'selected_score': 0.720063}, {'index': 2, 'x': 3.575, 'y': -0.225, 'turn_angle': -0.131112, 'incoming_length': 1.29808, 'outgoing_length': 1.41421, 'pivot_safe': True, 'pass_through': False, 'radius_min': 0.1, 'radius_max': 1.5, 'trim_min': 0.00656499, 'trim_max': 0.0984748, 'evaluations': 11, 'safe_feasible': 9, 'states': 6, 'selected_radius': 1.5, 'selected_trim': 0.0984748, 'selected_score': 0.0915618}, {'index': 3, 'x': 2.175, 'y': -0.425, 'turn_angle': -0.112494, 'incoming_length': 1.41421, 'outgoing_length': 1.70074, 'pivot_safe': True, 'pass_through': False, 'radius_min': 0.1, 'radius_max': 1.5, 'trim_min': 0.00563063, 'trim_max': 0.0844594, 'evaluations': 11, 'safe_feasible': 9, 'states': 6, 'selected_radius': 1.5, 'selected_trim': 0.0844594, 'selected_score': 0.164096}, {'index': 4, 'x': 0.475, 'y': -0.475, 'turn_angle': 0.443094, 'incoming_length': 1.70074, 'outgoing_length': 2.52686, 'pivot_safe': True, 'pass_through': False, 'radius_min': 0.1, 'radius_max': 1.5, 'trim_min': 0.0225244, 'trim_max': 0.337866, 'evaluations': 20, 'safe_feasible': 17, 'states': 6, 'selected_radius': 1.5, 'selected_trim': 0.337866, 'selected_score': 0.315247}, {'index': 5, 'x': -1.775, 'y': -1.625, 'turn_angle': 0.28965, 'incoming_length': 2.52686, 'outgoing_length': 1.52069, 'pivot_safe': True, 'pass_through': False, 'radius_min': 0.1, 'radius_max': 1.5, 'trim_min': 0.0145846, 'trim_max': 0.218769, 'evaluations': 20, 'safe_feasible': 17, 'states': 6, 'selected_radius': 1.5, 'selected_trim': 0.218769, 'selected_score': 0.157934}, {'index': 6, 'x': -2.875, 'y': -2.675, 'turn_angle': -0.517168, 'incoming_length': 1.52069, 'outgoing_length': 1.03078, 'pivot_safe': True, 'pass_through': False, 'radius_min': 0.1, 'radius_max': 1.5, 'trim_min': 0.0264506, 'trim_max': 0.396759, 'evaluations': 20, 'safe_feasible': 18, 'states': 6, 'selected_radius': 1.5, 'selected_trim': 0.396759, 'selected_score': 0.363664}, {'index': 7, 'x': -3.875, 'y': -2.925, 'turn_angle': -0.17841, 'incoming_length': 1.03078, 'outgoing_length': 1.1275, 'pivot_safe': True, 'pass_through': False, 'radius_min': 0.1, 'radius_max': 1.5, 'trim_min': 0.00894426, 'trim_max': 0.134164, 'evaluations': 20, 'safe_feasible': 17, 'states': 6, 'selected_radius': 1.5, 'selected_trim': 0.134164, 'selected_score': 0.163279}]",8,48,142,none,8,4,340,True,unsafe_start_rotation,True,0.1,257,336,252,0.33089,488,0,0,257,"{'angular acceleration iteration did not converge': 11, 'transition requires a reversing inner wheel': 11}",0.0605096,adaptive,0.05,,120,af89df585b65da2b7dc6c5af7e1ebc88917df29c8a3e758e65add538b0195a43,0,1,long_northeast_to_southwest,True,4.982057431309198,3.575896995676962,13.520352664122797,1,0.08038555399980396
0.006,11.764796149828454,4.440892098500626e-16,8.936117220504572e-17,,0.7975501570493762,0.12275854577833645,0.2146446641391273,0,439,7.417176129316747,raw,0.05,214,f676b1c8c52883f315133b70bb965a03d55bc27010cbf3812e528c73734553df,12.129999846136814,0,0.0,0,ThetaStar,b44b951f1f0f1074e0aaa7cc3f66a29c15d57fed8b98fe1f14aefdc8d6bd7c20,244,,,,,,,,,,,,,,,,,,,,,,,,,,,,,,,,,,,,,,f676b1c8c52883f315133b70bb965a03d55bc27010cbf3812e528c73734553df,0,1,crossing_northwest_to_southeast,True,11.764796149828454,7.417176129316747,12.129999846136814,1,0.011367092000000412
0.0,0.6130710633543597,0.02363388671118008,0.00459041492891721,,0.7534087350299227,0.2146446641391273,0.2146446641391273,0,436,0.7198048230160876,simple,0.05,214,806f1fef457fa86c9f9d4931fecb2dbdd12e16117f73b959d788dca9daae948d,12.103627771559644,0,0.0,0,ThetaStar,b44b951f1f0f1074e0aaa7cc3f66a29c15d57fed8b98fe1f14aefdc8d6bd7c20,244,,,,,,,,,,,,,,,,,,,,,,,,,,,,,,,,,,,,,,f676b1c8c52883f315133b70bb965a03d55bc27010cbf3812e528c73734553df,0,1,crossing_northwest_to_southeast,True,0.6130710633543597,0.7198048230160876,12.103627771559644,1,0.010250364000057743
0.0,2.600989379681507,0.010657245236966923,0.0016766838684621162,,0.7756329423980709,0.2146446641391273,0.2163775056528224,0,388,3.3635725191498054,savitzky_golay,0.05,214,402050b87f8ceb59f9c6cc936392e688031d4000fbaced743d188f14ea14c99e,12.117324570127723,0,0.0,0,ThetaStar,b44b951f1f0f1074e0aaa7cc3f66a29c15d57fed8b98fe1f14aefdc8d6bd7c20,244,,,,,,,,,,,,,,,,,,,,,,,,,,,,,,,,,,,,,,f676b1c8c52883f315133b70bb965a03d55bc27010cbf3812e528c73734553df,0,1,crossing_northwest_to_southeast,True,2.600989379681507,3.3635725191498054,12.117324570127723,1,0.02690750100009609
0.030000000000000002,6.860012944679745,0.02608474808876089,0.006650626812441969,,0.7832548380095886,0.23390290478282266,0.2474873771031409,0,365,5.684634724070137,constrained,0.05,214,d9d8ec0abbbe7ec52066f1178a532177fb0e78345c49198d1983b2ed27084fa0,12.149724198304211,0,0.0,0,ThetaStar,b44b951f1f0f1074e0aaa7cc3f66a29c15d57fed8b98fe1f14aefdc8d6bd7c20,245,,,,,,,,,,,,,,,,,,,,,,,,,,,,,,,,,,,,,,f676b1c8c52883f315133b70bb965a03d55bc27010cbf3812e528c73734553df,0,1,crossing_northwest_to_southeast,True,6.860012944679745,5.684634724070137,12.149724198304211,1,0.042806133999874874
0.024,0.4171140297841452,0.16966313372650807,0.11274879760528433,,0.6841648448894436,0.10606601875848895,0.10606601875848895,0,300,0.8811839044363775,pstmo,0.05,297,a6b7e989386fc6ce3fea1acb662f52eb4a200ac30ae4e7d360042daecd36af32,12.030516040819228,0,0.0,0,ThetaStar,b44b951f1f0f1074e0aaa7cc3f66a29c15d57fed8b98fe1f14aefdc8d6bd7c20,242,36,33,"[[-5, 3], [-1.20667, -0.909164], [1.37882, -2.1596], [5, -3]]",4,0.075,0,0.15,0,4,0,0,"[{'index': 0, 'x': -1.20667, 'y': -0.909164, 'turn_angle': 0.349963, 'incoming_length': 5.4471, 'outgoing_length': 2.87199, 'pivot_safe': True, 'pass_through': False, 'radius_min': 0.1, 'radius_max': 1.5, 'trim_min': 0.0176789, 'trim_max': 0.265184, 'evaluations': 20, 'safe_feasible': 18, 'states': 6, 'selected_radius': 1.5, 'selected_trim': 0.265184, 'selected_score': 0.329399}, {'index': 1, 'x': 1.37882, 'y': -2.1596, 'turn_angle': 0.222432, 'incoming_length': 2.87199, 'outgoing_length': 3.71742, 'pivot_safe': True, 'pass_through': False, 'radius_min': 0.1, 'radius_max': 1.5, 'trim_min': 0.0111677, 'trim_max': 0.167516, 'evaluations': 20, 'safe_feasible': 17, 'states': 6, 'selected_radius': 1.29, 'selected_trim': 0.144063, 'selected_score': 0.255631}]",2,12,40,none,2,3,205,True,,False,0.1,4,202,252,0.292515,297,0,0,214,"{'angular acceleration iteration did not converge': 3, 'transition requires a reversing inner wheel': 2}",0.023923,adaptive,0.05,,35,f676b1c8c52883f315133b70bb965a03d55bc27010cbf3812e528c73734553df,0,1,crossing_northwest_to_southeast,True,0.4171140297841452,0.8811839044363775,12.030516040819228,1,0.041008526000041456
0.0,10.453835065976639,2.220446049250313e-16,2.6687860688527112e-17,,0.6592771964955385,0.1449222268733815,0.2146446641391273,0,274,6.581884706421239,raw,0.05,127,9710188037d692103db671820c8e652909a6d86839d6bd224d9fd5075ea11e9e,6.8390628552341495,0,0.0,0,ThetaStar,5589fb3e223a928f4fb9989c8e0410f5ce39bfe2cfe513957fa0c32ff5f7c8f6,138,,,,,,,,,,,,,,,,,,,,,,,,,,,,,,,,,,,,,,9710188037d692103db671820c8e652909a6d86839d6bd224d9fd5075ea11e9e,0,1,central_south_to_north,True,10.453835065976639,6.581884706421239,6.8390628552341495,1,0.007652089000202977
0.0,0.7857932448533146,0.03458756214397887,0.006250713465182414,,0.6498984452818252,0.2146446641391273,0.23390290478282266,0,251,1.462464110628133,simple,0.05,127,aa5127803f82237633bdeccf8f55cdea4be1ded308d6a960f0ef9ab47b8b11e7,6.814778796898366,0,0.0,0,ThetaStar,5589fb3e223a928f4fb9989c8e0410f5ce39bfe2cfe513957fa0c32ff5f7c8f6,138,,,,,,,,,,,,,,,,,,,,,,,,,,,,,,,,,,,,,,9710188037d692103db671820c8e652909a6d86839d6bd224d9fd5075ea11e9e,0,1,central_south_to_north,True,0.7857932448533146,1.462464110628133,6.814778796898366,1,0.007287857999926928
0.0,2.3409335736266077,0.009418174501773291,0.0018457149174608844,,0.6586539887610715,0.2474873771031409,0.2474873771031409,0,219,2.8341753287474885,savitzky_golay,0.05,127,514f5218cc87431f6760b7090d4d90fe25b04974c5980a30387fd44ba921f515,6.830756652714009,0,0.0,0,ThetaStar,5589fb3e223a928f4fb9989c8e0410f5ce39bfe2cfe513957fa0c32ff5f7c8f6,138,,,,,,,,,,,,,,,,,,,,,,,,,,,,,,,,,,,,,,9710188037d692103db671820c8e652909a6d86839d6bd224d9fd5075ea11e9e,0,1,central_south_to_north,True,2.3409335736266077,2.8341753287474885,6.830756652714009,1,0.007352121000167244
0.015000000000000001,4.781617855481995,0.011420480965558115,0.0035979143783089794,,0.6421152196599756,0.2474873771031409,0.25619225950049973,0,223,4.886556922743251,constrained,0.05,127,a865cfaac80d0e001915cc010a72dbcd89bccaf09648de586da4d2e22e260034,6.842154900100622,0,0.0,0,ThetaStar,5589fb3e223a928f4fb9989c8e0410f5ce39bfe2cfe513957fa0c32ff5f7c8f6,138,,,,,,,,,,,,,,,,,,,,,,,,,,,,,,,,,,,,,,9710188037d692103db671820c8e652909a6d86839d6bd224d9fd5075ea11e9e,0,1,central_south_to_north,True,4.781617855481995,4.886556922743251,6.842154900100622,1,0.023440172000391613
0.009000000000000001,0.3235604233297471,0.14891425698794647,0.08660446833286947,,0.5048137870283155,0.10606601875848895,0.11942004037436696,0,197,0.7812823190634414,pstmo,0.05,193,420186494616c43011260241df5b903eba8e97dc8d71345b5a91beaa942dbd2f,6.744189448448217,0,0.0,0,ThetaStar,5589fb3e223a928f4fb9989c8e0410f5ce39bfe2cfe513957fa0c32ff5f7c8f6,136,0,17,"[[-2, -3], [-0.153732, -0.0899287], [0.2, 3.2]]",3,0.075,0,0.15,0,3,0,0,"[{'index': 0, 'x': -0.153732, 'y': -0.0899287, 'turn_angle': 0.458251, 'incoming_length': 3.44633, 'outgoing_length': 3.30889, 'pivot_safe': True, 'pass_through': False, 'radius_min': 0.1, 'radius_max': 1.5, 'trim_min': 0.0233221, 'trim_max': 0.349832, 'evaluations': 20, 'safe_feasible': 17, 'states': 6, 'selected_radius': 1.5, 'selected_trim': 0.349832, 'selected_score': 0.364581}]",1,6,20,none,1,2,67,True,,False,0.1,3,65,252,0.364581,193,0,0,127,"{'angular acceleration iteration did not converge': 2, 'transition requires a reversing inner wheel': 1}",0.00987878,adaptive,0.05,,17,9710188037d692103db671820c8e652909a6d86839d6bd224d9fd5075ea11e9e,0,1,central_south_to_north,True,0.3235604233297471,0.7812823190634414,6.744189448448217,1,0.020483314000102837
0.0,25.461238812558143,2.220446049250313e-16,4.911868238631271e-17,,0.439617419305936,0.12275854577833645,0.18825146149581692,0,293,13.815961441157327,raw,0.05,127,5ba7cbe061d56b4bd47f7869b61f2d2a88368031e183f5ad3e2b824ee5f343b0,6.607850753512892,0,0.0,0,ThetaStar,5947e6176039f34fe93c4e279c1b28d548cf2c869d971f5bf1e3390372e035d4,134,,,,,,,,,,,,,,,,,,,,,,,,,,,,,,,,,,,,,,5ba7cbe061d56b4bd47f7869b61f2d2a88368031e183f5ad3e2b824ee5f343b0,0,1,right_south_to_north,True,25.461238812558143,13.815961441157327,6.607850753512892,1,0.005552174000058585
0.0,1.7594433320623175,0.031038607586005552,0.008398475963204198,,0.4377589075552009,0.2146446641391273,0.2146446641391273,0,293,1.812747337489505,simple,0.05,127,ac44ea0ef1cec2073b00a33077cb64e28b66ed531fa76a70164205bdd25bfafa,6.555458011465031,0,0.0,0,ThetaStar,5947e6176039f34fe93c4e279c1b28d548cf2c869d971f5bf1e3390372e035d4,133,,,,,,,,,,,,,,,,,,,,,,,,,,,,,,,,,,,,,,5ba7cbe061d56b4bd47f7869b61f2d2a88368031e183f5ad3e2b824ee5f343b0,0,1,right_south_to_north,True,1.7594433320623175,1.812747337489505,6.555458011465031,1,0.007725481999841577
0.0,5.035141664571181,0.013774445102073882,0.002466670257346493,,0.453653255252973,0.2146446641391273,0.23390290478282266,0,274,3.274112980463106,savitzky_golay,0.05,127,2ef3fbbb1153990c80fa3e6e7c372c77edf35780e2f731dcf9c97470aa97cd68,6.588081744852367,0,0.0,0,ThetaStar,5947e6176039f34fe93c4e279c1b28d548cf2c869d971f5bf1e3390372e035d4,133,,,,,,,,,,,,,,,,,,,,,,,,,,,,,,,,,,,,,,5ba7cbe061d56b4bd47f7869b61f2d2a88368031e183f5ad3e2b824ee5f343b0,0,1,right_south_to_north,True,5.035141664571181,3.274112980463106,6.588081744852367,1,0.007055172000036691
0.018000000000000002,14.113699627285007,0.01701775297416756,0.004239161017832957,,0.43479399736817853,0.2146446641391273,0.23390290478282266,0,222,8.352603856573415,constrained,0.05,127,09e8d3b078be57401db619aa58d0fd885215a9e47bc066ba5082d187e6786615,6.618730579353252,0,0.0,0,ThetaStar,5947e6176039f34fe93c4e279c1b28d548cf2c869d971f5bf1e3390372e035d4,134,,,,,,,,,,,,,,,,,,,,,,,,,,,,,,,,,,,,,,5ba7cbe061d56b4bd47f7869b61f2d2a88368031e183f5ad3e2b824ee5f343b0,0,1,right_south_to_north,True,14.113699627285007,8.352603856573415,6.618730579353252,1,0.023524309000094945
0.009000000000000001,25.461238812558143,2.220446049250313e-16,4.911868238631271e-17,,0.439617419305936,0.12275854577833645,0.18825146149581692,0,293,13.815961441157327,pstmo,0.05,127,5ba7cbe061d56b4bd47f7869b61f2d2a88368031e183f5ad3e2b824ee5f343b0,6.607850753512892,0,0.0,0,ThetaStar,5947e6176039f34fe93c4e279c1b28d548cf2c869d971f5bf1e3390372e035d4,134,6,15,"[[5, -3], [4.075, -0.475], [3.49722, 0.969472], [3.2, 3.2]]",4,0.075,0,0.15,0,4,1,0,"[{'index': 0, 'x': 4.075, 'y': -0.475, 'turn_angle': 0.0293483, 'incoming_length': 2.6891, 'outgoing_length': 1.55574, 'pivot_safe': True, 'pass_through': True, 'radius_min': 0, 'radius_max': 0, 'trim_min': 0, 'trim_max': 0, 'evaluations': 0, 'safe_feasible': 0, 'states': 1, 'selected_radius': 0, 'selected_trim': 0, 'selected_score': 0}, {'index': 1, 'x': 3.49722, 'y': 0.969472, 'turn_angle': -0.248032, 'incoming_length': 1.55574, 'outgoing_length': 2.25024, 'pivot_safe': True, 'pass_through': False, 'radius_min': 0.1, 'radius_max': 1.5, 'trim_min': 0.0124656, 'trim_max': 0.186984, 'evaluations': 20, 'safe_feasible': 17, 'states': 6, 'selected_radius': 0, 'selected_trim': 0, 'selected_score': 0}]",2,7,20,raw_input,0,3,121,True,,False,0.1,4,118,252,0,127,1,1,127,"{'angular acceleration iteration did not converge': 2, 'transition requires a reversing inner wheel': 1}",0.0092321,adaptive,0.05,unsafe_sweep_73_74;raw_input_fallback,17,5ba7cbe061d56b4bd47f7869b61f2d2a88368031e183f5ad3e2b824ee5f343b0,0,1,right_south_to_north,True,25.461238812558143,13.815961441157327,6.607850753512892,1,0.017496168999969086
0.0,7.581484035997754,0.0,0.0,,0.5633053836202913,0.5146446686094757,0.5646446693545337,0,112,11.462896465235135,raw,0.05,57,6c1919c9ec7009d00577a38cf330af8de0e49616e1b42860e25d1dfaeb7a3a6e,2.8107468841859466,0,0.0,0,ThetaStar,8e8937e9c159df347bfeb35a8ef5ba9f07427b0a573b34c67b41c67bdab7e75a,58,,,,,,,,,,,,,,,,,,,,,,,,,,,,,,,,,,,,,,6c1919c9ec7009d00577a38cf330af8de0e49616e1b42860e25d1dfaeb7a3a6e,0,1,upper_open_short,True,7.581484035997754,11.462896465235135,2.8107468841859466,1,0.003452775999903679
0.0,0.15112140490129092,0.0166466144703854,0.0037557603655417387,,0.5532810328215662,0.5146446686094757,0.5146446686094757,0,88,0.8574888226331695,simple,0.05,57,2edd53619e61480ac01d06ce17d02f7b5d58dd3bb456b8a6ab413b600fd007c3,2.802480390866099,0,0.0,0,ThetaStar,8e8937e9c159df347bfeb35a8ef5ba9f07427b0a573b34c67b41c67bdab7e75a,58,,,,,,,,,,,,,,,,,,,,,,,,,,,,,,,,,,,,,,6c1919c9ec7009d00577a38cf330af8de0e49616e1b42860e25d1dfaeb7a3a6e,0,1,upper_open_short,True,0.15112140490129092,0.8574888226331695,2.802480390866099,1,0.005083180000383436
0.0,0.9898538593047213,0.00965163604420649,0.0017436802217700377,,0.5568465041007176,0.4646446678644176,0.5146446686094757,0,109,3.1402183504895778,savitzky_golay,0.05,57,d72eb61a02407a60330a60ab153124e307234e5be7c9d716b8c2a6fd22ee8650,2.8052406292486367,0,0.0,0,ThetaStar,8e8937e9c159df347bfeb35a8ef5ba9f07427b0a573b34c67b41c67bdab7e75a,58,,,,,,,,,,,,,,,,,,,,,,,,,,,,,,,,,,,,,,6c1919c9ec7009d00577a38cf330af8de0e49616e1b42860e25d1dfaeb7a3a6e,0,1,upper_open_short,True,0.9898538593047213,3.1402183504895778,2.8052406292486367,1,0.004307435000100668
0.009000000000000001,5.724014832631348,0.020249025719358826,0.005101041505874525,,0.5398971942382931,0.4646446678644176,0.4646446678644176,0,99,8.008457403149206,constrained,0.05,57,5b90feb66effb36a286b1698946e5e3ce9dcdc4781de07cf2b1b369a556ba4ec,2.8191256212582223,0,0.0,0,ThetaStar,8e8937e9c159df347bfeb35a8ef5ba9f07427b0a573b34c67b41c67bdab7e75a,58,,,,,,,,,,,,,,,,,,,,,,,,,,,,,,,,,,,,,,6c1919c9ec7009d00577a38cf330af8de0e49616e1b42860e25d1dfaeb7a3a6e,0,1,upper_open_short,True,5.724014832631348,8.008457403149206,2.8191256212582223,1,0.015367977000096289
0.0,0.0,0.024999893084168612,0.024423065649644093,,0.5146446686094759,0.5146446686094757,0.5146446686094757,0,75,0.0,pstmo,0.05,57,a1b9cbae5704f2a20ffd8e5a71e80a7e7604fc3eb2104e2de1bc881050b894d8,2.799999999999998,0,0.0,0,ThetaStar,8e8937e9c159df347bfeb35a8ef5ba9f07427b0a573b34c67b41c67bdab7e75a,57,0,0,"[[-5, 3.2], [-2.2, 3.2]]",2,0.075,0,0.15,0,2,0,0,[],0,0,0,none,0,1,1,True,,False,0.1,2,0,252,0,57,0,0,57,{},0.000591527,adaptive,0.05,,0,6c1919c9ec7009d00577a38cf330af8de0e49616e1b42860e25d1dfaeb7a3a6e,0,1,upper_open_short,True,0.0,0.0,2.799999999999998,1,0.006075686999793106
0.003,13.126093412718816,4.440892098500626e-16,6.712869648208185e-17,,0.4172105298861683,0.1449222268733815,0.2146446641391273,0,180,11.68881206015846,raw,0.05,88,afca76601c5a42470af345ecd2ed233d5391b840f6762d0e59208d5e4b3a3f8f,4.544460201548347,0,0.0,0,ThetaStar,03c013c9c406e0b379af4e678b55a6003f06ff28122680f57659004b4cd16d66,93,,,,,,,,,,,,,,,,,,,,,,,,,,,,,,,,,,,,,,afca76601c5a42470af345ecd2ed233d5391b840f6762d0e59208d5e4b3a3f8f,0,1,lower_left_diagonal,True,13.126093412718816,11.68881206015846,4.544460201548347,1,0.011785272999986773
0.0,1.8832948249453283,0.04246187787944684,0.009649948152021288,,0.40124756838758396,0.2146446641391273,0.21959563989254183,0,176,2.251606602570469,simple,0.05,88,8081dc7c6d3a068117166d5baff7b0631a29e31c70230113a8815ae88cc76371,4.504172542971455,0,0.0,0,ThetaStar,03c013c9c406e0b379af4e678b55a6003f06ff28122680f57659004b4cd16d66,92,,,,,,,,,,,,,,,,,,,,,,,,,,,,,,,,,,,,,,afca76601c5a42470af345ecd2ed233d5391b840f6762d0e59208d5e4b3a3f8f,0,1,lower_left_diagonal,True,1.8832948249453283,2.251606602570469,4.504172542971455,1,0.012376207999750477
0.0,3.651311763166355,0.015130116991806802,0.0024626221231566696,,0.4038864221418333,0.2474873771031409,0.2474873771031409,0,155,3.889189165911473,savitzky_golay,0.05,88,dc8c006bb6ae4594903568b69f3d2f3a7e398cf4f9dcf49dae6e17b2ac1081e0,4.535299333846885,0,0.0,0,ThetaStar,03c013c9c406e0b379af4e678b55a6003f06ff28122680f57659004b4cd16d66,92,,,,,,,,,,,,,,,,,,,,,,,,,,,,,,,,,,,,,,afca76601c5a42470af345ecd2ed233d5391b840f6762d0e59208d5e4b3a3f8f,0,1,lower_left_diagonal,True,3.651311763166355,3.889189165911473,4.535299333846885,1,0.006105996000314917
0.012,6.33946149329329,0.01648794528111565,0.005586102544173122,,0.4220240984665008,0.2474873771031409,0.25619225950049973,0,155,7.204596769276844,constrained,0.05,88,e9ccc569a1027052994030d2f2e4883d05feadee1439baaef4df0f7282571385,4.548245486760649,0,0.0,0,ThetaStar,03c013c9c406e0b379af4e678b55a6003f06ff28122680f57659004b4cd16d66,93,,,,,,,,,,,,,,,,,,,,,,,,,,,,,,,,,,,,,,afca76601c5a42470af345ecd2ed233d5391b840f6762d0e59208d5e4b3a3f8f,0,1,lower_left_diagonal,True,6.33946149329329,7.204596769276844,4.548245486760649,1,0.01811914300014905
0.012,1.3023447454669188,0.16119567924922196,0.05668480451829376,,0.32857789413570404,0.10606601875848895,0.10606601875848895,0,127,1.477386612256543,pstmo,0.05,120,024e79c78c11b329427cc86441636f2313ea942bba77fb45c03e8a366d5fd69e,4.402318019184577,0,0.0,0,ThetaStar,03c013c9c406e0b379af4e678b55a6003f06ff28122680f57659004b4cd16d66,90,0,11,"[[-5, -3], [-2.725, -2.525], [-2, -0.5]]",3,0.075,0,0.15,0,3,0,0,"[{'index': 0, 'x': -2.725, 'y': -2.525, 'turn_angle': 1.02116, 'incoming_length': 2.32406, 'outgoing_length': 2.15087, 'pivot_safe': True, 'pass_through': False, 'radius_min': 0.1, 'radius_max': 1.5, 'trim_min': 0.0560118, 'trim_max': 0.840177, 'evaluations': 20, 'safe_feasible': 13, 'states': 6, 'selected_radius': 0.8525, 'selected_trim': 0.477501, 'selected_score': 0.629298}]",1,6,20,none,1,2,43,True,,False,0.1,3,41,252,0.629298,120,0,0,88,"{'swept_footprint': 4, 'transition requires a reversing inner wheel': 3}",0.0118763,adaptive,0.05,,13,afca76601c5a42470af345ecd2ed233d5391b840f6762d0e59208d5e4b3a3f8f,0,1,lower_left_diagonal,True,1.3023447454669188,1.477386612256543,4.402318019184577,1,0.02053446600029929
0.0,3.5527062672720243e-12,6.938893903907228e-18,5.723103233284416e-19,,0.7140896970626842,0.6447181959844944,0.7146446715897079,0,292,5.9604644775392505e-06,raw,0.05,147,7fa4bbe30fd1781a04b6f4a895100a9b563e43f533cc95b54518815601a2ca37,7.299999999999982,0,0.0,0,Smac2D,8a8523c4985a426ecf82ee9025748e40c60054dc259297fd866a1e88b0720812,147,,,,,,,,,,,,,,,,,,,,,,,,,,,,,,,,,,,,,,7fa4bbe30fd1781a04b6f4a895100a9b563e43f533cc95b54518815601a2ca37,0,1,straight_lower_aisle,True,3.5527062672720243e-12,5.9604644775392505e-06,7.299999999999982,1,0.0066078990003006766
0.0,5.0913057014469394e-14,1.0475122547148885e-08,1.5830043832807047e-09,,0.714074063977416,0.6447181959844944,0.7146446715897079,0,284,4.0636649600855916e-07,simple,0.05,147,47a11d03b9a9ce26b90a5514df246761ad7b10dd952b353261c851cc38804fd4,7.299999999999982,0,0.0,0,Smac2D,8a8523c4985a426ecf82ee9025748e40c60054dc259297fd866a1e88b0720812,147,,,,,,,,,,,,,,,,,,,,,,,,,,,,,,,,,,,,,,7fa4bbe30fd1781a04b6f4a895100a9b563e43f533cc95b54518815601a2ca37,0,1,straight_lower_aisle,True,5.0913057014469394e-14,4.0636649600855916e-07,7.299999999999982,1,0.008684112000082678
0.0,3.227410135460104e-13,7.049678618642474e-09,8.785110773566894e-10,,0.714211151867157,0.6447181959844944,0.7146446715897079,0,283,1.2568483143127647e-06,savitzky_golay,0.05,147,6497581aff7f8ebc14c76dd5e28a17e45c70e73dd0866c458fee33c591adf1c9,7.299999999999984,0,0.0,0,Smac2D,8a8523c4985a426ecf82ee9025748e40c60054dc259297fd866a1e88b0720812,147,,,,,,,,,,,,,,,,,,,,,,,,,,,,,,,,,,,,,,7fa4bbe30fd1781a04b6f4a895100a9b563e43f533cc95b54518815601a2ca37,0,1,straight_lower_aisle,True,3.227410135460104e-13,1.2568483143127647e-06,7.299999999999984,1,0.008126273000016226
0.0,3.5527062672720243e-12,6.938893903907228e-18,5.723103233284416e-19,,0.7140896970626842,0.6447181959844944,0.7146446715897079,0,292,5.9604644775392505e-06,constrained,0.05,147,7fa4bbe30fd1781a04b6f4a895100a9b563e43f533cc95b54518815601a2ca37,7.299999999999982,0,0.0,0,Smac2D,8a8523c4985a426ecf82ee9025748e40c60054dc259297fd866a1e88b0720812,147,,,,,,,,,,,,,,,,,,,,,,,,,,,,,,,,,,,,,,7fa4bbe30fd1781a04b6f4a895100a9b563e43f533cc95b54518815601a2ca37,0,1,straight_lower_aisle,True,3.5527062672720243e-12,5.9604644775392505e-06,7.299999999999982,1,0.007891749999998865
0.003,0.0,1.4901161193847656e-08,1.4799445487614569e-08,,0.714068680596835,0.6447181959844944,0.7146446715897079,0,213,0.0,pstmo,0.05,147,b3f31d0e1fafdb122818c92767140806d63b73aa6e5e829530608822ee7a7e16,7.299999999999982,0,0.0,0,Smac2D,8a8523c4985a426ecf82ee9025748e40c60054dc259297fd866a1e88b0720812,147,0,0,"[[-2.5, -3], [4.8, -3]]",2,0.075,0,0.15,0,2,0,0,[],0,0,0,none,0,1,1,True,,False,0.1,2,0,252,0,147,0,0,147,{},0.000857571,adaptive,0.05,,0,7fa4bbe30fd1781a04b6f4a895100a9b563e43f533cc95b54518815601a2ca37,0,1,straight_lower_aisle,True,0.0,0.0,7.299999999999982,1,0.008535174999906303
0.0,2.18192085256004,2.220446049250313e-16,7.157145667461331e-17,,0.3434433126448143,0.17677669793081488,0.18825146149581692,0,133,1.7976321904456112,raw,0.05,65,7eb4321cacc2b957391a209c7e6637f8e845b2aa891bdaaf6db53b83e6e8e3b5,3.764760177843896,0,0.0,0,Smac2D,637695bbf6b8e0cb90aae2fba047db1b3bb3a0d8cd6c47ae4f777c1e4ec7cfbf,77,,,,,,,,,,,,,,,,,,,,,,,,,,,,,,,,,,,,,,7eb4321cacc2b957391a209c7e6637f8e845b2aa891bdaaf6db53b83e6e8e3b5,0,1,crate_detour,True,2.18192085256004,1.7976321904456112,3.764760177843896,1,0.004568535000089469
0.0,1.5660427010771383,0.02021897115507968,0.009319393314279738,,0.33727045801381084,0.17079994476667312,0.17079994476667312,0,133,1.4592997448483116,simple,0.05,65,296d1e2c3490ea4032e4c57cd4a3fe461e80d571b3910287165db23696933115,3.7406578050076043,0,0.0,0,Smac2D,637695bbf6b8e0cb90aae2fba047db1b3bb3a0d8cd6c47ae4f777c1e4ec7cfbf,76,,,,,,,,,,,,,,,,,,,,,,,,,,,,,,,,,,,,,,7eb4321cacc2b957391a209c7e6637f8e845b2aa891bdaaf6db53b83e6e8e3b5,0,1,crate_detour,True,1.5660427010771383,1.4592997448483116,3.7406578050076043,1,0.008512236000115081
0.0,2.0203854949196276,0.002038450338851594,0.0005745154535306145,,0.3453670992547734,0.17677669793081488,0.18825146149581692,0,133,1.716538978476772,savitzky_golay,0.05,65,fcd9ee68d3ff11f8196c94e4671b533eb698dfbb3290f4bb1ae1ed271dddb7ed,3.764030017825682,0,0.0,0,Smac2D,637695bbf6b8e0cb90aae2fba047db1b3bb3a0d8cd6c47ae4f777c1e4ec7cfbf,77,,,,,,,,,,,,,,,,,,,,,,,,,,,,,,,,,,,,,,7eb4321cacc2b957391a209c7e6637f8e845b2aa891bdaaf6db53b83e6e8e3b5,0,1,crate_detour,True,2.0203854949196276,1.716538978476772,3.764030017825682,1,0.005836375999933807
0.018000000000000002,2.757069036624372,0.05677419782282919,0.026814320815785976,,0.36843199763433837,0.23390290478282266,0.2474873771031409,0,127,2.553805653208319,constrained,0.05,65,0f679a1d9cda9710594aed312a3744223472db7b59617125ad8682a5228c659c,3.8331450382547914,0,0.0,0,Smac2D,637695bbf6b8e0cb90aae2fba047db1b3bb3a0d8cd6c47ae4f777c1e4ec7cfbf,78,,,,,,,,,,,,,,,,,,,,,,,,,,,,,,,,,,,,,,7eb4321cacc2b957391a209c7e6637f8e845b2aa891bdaaf6db53b83e6e8e3b5,0,1,crate_detour,True,2.757069036624372,2.553805653208319,3.8331450382547914,1,0.0251715479998893
0.021,1.5197482689705453,0.11653136988237892,0.07523871076052319,,0.2235901909595676,0.10606601875848895,0.10606601875848895,0,191,1.3351714065260354,pstmo,0.05,183,178544a660afe019d76c55e5359c2d64c1cb97572620fc2f013261960f47e18d,3.6168157836245696,0,0.0,0,Smac2D,637695bbf6b8e0cb90aae2fba047db1b3bb3a0d8cd6c47ae4f777c1e4ec7cfbf,74,36,26,"[[-5, -1.8], [-4.09985, -0.878039], [-2.85, -1.01948], [-2, -1.8]]",4,0.075,0,0.15,0,4,0,0,"[{'index': 0, 'x': -4.09985, 'y': -0.878039, 'turn_angle': -0.910056, 'incoming_length': 1.28852, 'outgoing_length': 1.25783, 'pivot_safe': True, 'pass_through': False, 'radius_min': 0.1, 'radius_max': 1.5, 'trim_min': 0.0489272, 'trim_max': 0.733907, 'evaluations': 20, 'safe_feasible': 15, 'states': 6, 'selected_radius': 0.9225, 'selected_trim': 0.451353, 'selected_score': 0.586951}, {'index': 1, 'x': -2.85, 'y': -1.01948, 'turn_angle': -0.630119, 'incoming_length': 1.25783, 'outgoing_length': 1.154, 'pivot_safe': True, 'pass_through': False, 'radius_min': 0.1, 'radius_max': 1.5, 'trim_min': 0.0325915, 'trim_max': 0.488873, 'evaluations': 20, 'safe_feasible': 17, 'states': 6, 'selected_radius': 1.4825, 'selected_trim': 0.483169, 'selected_score': 0.415302}]",2,12,40,none,2,3,62,True,,False,0.1,4,59,252,0.501127,183,0,0,65,"{'swept_footprint': 4, 'transition requires a reversing inner wheel': 4}",0.0205454,adaptive,0.05,,32,7eb4321cacc2b957391a209c7e6637f8e845b2aa891bdaaf6db53b83e6e8e3b5,0,1,crate_detour,True,1.5197482689705453,1.3351714065260354,3.6168157836245696,1,0.03292921499996737
0.0,3.1316715135304363,4.440892098500626e-16,6.983974185369977e-17,,0.3647774511129433,0.11464466264901119,0.11464466264901119,0,128,2.204719135215529,raw,0.05,61,6d288ab22cd6de2a79829e73e14b689bad93a0c76d4c6fa797cf53a6dda7027b,3.4383089436659593,0,0.0,0,Smac2D,051b82ba75070d22b2226315ae66c1055d853938029178911cfdb6490360848a,70,,,,,,,,,,,,,,,,,,,,,,,,,,,,,,,,,,,,,,6d288ab22cd6de2a79829e73e14b689bad93a0c76d4c6fa797cf53a6dda7027b,0,1,vertical_rack_detour,True,3.1316715135304363,2.204719135215529,3.4383089436659593,1,0.00517244800039407
0.0,1.8859823501800874,0.020569053153424464,0.01103537080481732,,0.35163966256237317,0.10606601875848895,0.10606601875848895,0,126,1.4608705717413029,simple,0.05,61,8f96864c54e14b96962c7f6a6c8b403bdcb1b9706c38909929c3b356fc668632,3.406449888645014,0,0.0,0,Smac2D,051b82ba75070d22b2226315ae66c1055d853938029178911cfdb6490360848a,70,,,,,,,,,,,,,,,,,,,,,,,,,,,,,,,,,,,,,,6d288ab22cd6de2a79829e73e14b689bad93a0c76d4c6fa797cf53a6dda7027b,0,1,vertical_rack_detour,True,1.8859823501800874,1.4608705717413029,3.406449888645014,1,0.007566925999981322
0.0,3.0364492082522783,0.001733387366044061,0.000455092293429769,,0.35278063776785684,0.11464466264901119,0.11464466264901119,0,125,2.2113952722098613,savitzky_golay,0.05,61,0767f8a5f171bc82fed3bfb663b9a0a09cc7c753fba3b7d07373a4d17c795088,3.4372739655980027,0,0.0,0,Smac2D,051b82ba75070d22b2226315ae66c1055d853938029178911cfdb6490360848a,70,,,,,,,,,,,,,,,,,,,,,,,,,,,,,,,,,,,,,,6d288ab22cd6de2a79829e73e14b689bad93a0c76d4c6fa797cf53a6dda7027b,0,1,vertical_rack_detour,True,3.0364492082522783,2.2113952722098613,3.4372739655980027,1,0.005596137999873463
0.009000000000000001,4.548602047305266,0.05792444352424492,0.03192177219151879,,0.3950274688579366,0.16464466339406925,0.16464466339406925,0,121,2.7472135301997724,constrained,0.05,61,a33afeae7d97f794fbaa3593301f350e742bc3c75030974119166bcb87911fc6,3.5108567967363697,0,0.0,0,Smac2D,051b82ba75070d22b2226315ae66c1055d853938029178911cfdb6490360848a,72,,,,,,,,,,,,,,,,,,,,,,,,,,,,,,,,,,,,,,6d288ab22cd6de2a79829e73e14b689bad93a0c76d4c6fa797cf53a6dda7027b,0,1,vertical_rack_detour,True,4.548602047305266,2.7472135301997724,3.5108567967363697,1,0.012579235999965022
0.018000000000000002,2.236895053456499,0.06487950205760047,0.030352058347828653,,0.29071228599876914,0.10606601875848895,0.10606601875848895,0,116,2.5386465167657275,pstmo,0.05,110,acba27e20a2b83aae1c28662d79953c519d02dec96df53ba86da5d05251ed136,3.3836459595170267,0,0.0,0,Smac2D,051b82ba75070d22b2226315ae66c1055d853938029178911cfdb6490360848a,69,36,15,"[[-2.5, 2.8], [-1.45, 3.48411], [-0.6, 3.48412], [0.5, 2.8]]",4,0.075,0,0.15,0,4,0,0,"[{'index': 0, 'x': -1.45, 'y': 3.48411, 'turn_angle': -0.577438, 'incoming_length': 1.2532, 'outgoing_length': 0.85, 'pivot_safe': True, 'pass_through': False, 'radius_min': 0.1, 'radius_max': 1.5, 'trim_min': 0.0297018, 'trim_max': 0.445527, 'evaluations': 20, 'safe_feasible': 11, 'states': 6, 'selected_radius': 0.59, 'selected_trim': 0.175241, 'selected_score': 0.605429}, {'index': 1, 'x': -0.6, 'y': 3.48412, 'turn_angle': -0.556404, 'incoming_length': 0.85, 'outgoing_length': 1.29539, 'pivot_safe': True, 'pass_through': False, 'radius_min': 0.1, 'radius_max': 1.5, 'trim_min': 0.0285609, 'trim_max': 0.428413, 'evaluations': 20, 'safe_feasible': 9, 'states': 6, 'selected_radius': 0.45, 'selected_trim': 0.128524, 'selected_score': 0.661486}]",2,12,40,none,2,3,64,True,,False,0.1,4,61,252,0.633458,110,0,0,61,"{'angular acceleration iteration did not converge': 1, 'swept_footprint': 15, 'transition requires a reversing inner wheel': 4}",0.0173425,adaptive,0.05,,20,6d288ab22cd6de2a79829e73e14b689bad93a0c76d4c6fa797cf53a6dda7027b,0,1,vertical_rack_detour,True,2.236895053456499,2.5386465167657275,3.3836459595170267,1,0.02470988799996121
0.006,3.8038892827176367,8.881784197001252e-16,1.0324109164343819e-16,,0.3976475869444368,0.2146446641391273,0.2146446641391273,0,231,2.3025192333154716,raw,0.05,117,a06451cc3a26b7d7dfce7ecc9eab8e8957ba91cd570f9ea6c72f33310c7a930a,6.200810444653382,0,0.0,0,Smac2D,a9d17c8140f1653690c508d0376e53ad7e8e673638e7b854c2f302993ca45111,126,,,,,,,,,,,,,,,,,,,,,,,,,,,,,,,,,,,,,,a06451cc3a26b7d7dfce7ecc9eab8e8957ba91cd570f9ea6c72f33310c7a930a,0,1,horizontal_rack_detour,True,3.8038892827176367,2.3025192333154716,6.200810444653382,1,0.020285585999772593
0.0,2.5791767448340512,0.023168847625991786,0.008668137231459826,,0.39411567198312786,0.17677669793081488,0.2146446641391273,0,224,1.7716161806524757,simple,0.05,117,9e50f97d2df896a6ba5b739267a68546a036e073d7d7ffed12d23a589e56f836,6.16247399303519,0,0.0,0,Smac2D,a9d17c8140f1653690c508d0376e53ad7e8e673638e7b854c2f302993ca45111,125,,,,,,,,,,,,,,,,,,,,,,,,,,,,,,,,,,,,,,a06451cc3a26b7d7dfce7ecc9eab8e8957ba91cd570f9ea6c72f33310c7a930a,0,1,horizontal_rack_detour,True,2.5791767448340512,1.7716161806524757,6.16247399303519,1,0.008141893999891181
0.0,3.5338089546278786,0.002014402994034024,0.0005359690905916954,,0.3943276358060399,0.2146446641391273,0.2146446641391273,0,231,2.178045580519613,savitzky_golay,0.05,117,e9f75d699a9b341803958166125eafd0c3de145a3aa6a9b9dabd094a196001fc,6.199512294516165,0,0.0,0,Smac2D,a9d17c8140f1653690c508d0376e53ad7e8e673638e7b854c2f302993ca45111,126,,,,,,,,,,,,,,,,,,,,,,,,,,,,,,,,,,,,,,a06451cc3a26b7d7dfce7ecc9eab8e8957ba91cd570f9ea6c72f33310c7a930a,0,1,horizontal_rack_detour,True,3.5338089546278786,2.178045580519613,6.199512294516165,1,0.008993739999823447
0.012,4.045071705164504,0.02670092596707362,0.008244946799368979,,0.407822445750498,0.23390290478282266,0.23390290478282266,0,213,2.3539772324970034,constrained,0.05,117,ccc70026e2d91d082a6ffb494f3e77de25f4106c8d787991dd457a51df5f8dae,6.22474566670427,0,0.0,0,Smac2D,a9d17c8140f1653690c508d0376e53ad7e8e673638e7b854c2f302993ca45111,126,,,,,,,,,,,,,,,,,,,,,,,,,,,,,,,,,,,,,,a06451cc3a26b7d7dfce7ecc9eab8e8957ba91cd570f9ea6c72f33310c7a930a,0,1,horizontal_rack_detour,True,4.045071705164504,2.3539772324970034,6.22474566670427,1,0.021566376999999193
0.009000000000000001,1.0545478288985615,0.4752646677994109,0.20781958124233263,,0.4222198455658153,0.10606601875848895,0.10606601875848895,0,161,1.2546841450578945,pstmo,0.05,153,024151799e1971a6838ba3e9249a166e828cacfd1f04c66c502490aa60142117,5.927005867989604,0,0.0,0,Smac2D,a9d17c8140f1653690c508d0376e53ad7e8e673638e7b854c2f302993ca45111,120,0,10,"[[0, -2.8], [4.21779, -1.74354], [4.8, -0.2]]",3,0.075,0,0.15,0,3,0,0,"[{'index': 0, 'x': 4.21779, 'y': -1.74354, 'turn_angle': 0.964678, 'incoming_length': 4.34809, 'outgoing_length': 1.64969, 'pivot_safe': True, 'pass_through': False, 'radius_min': 0.1, 'radius_max': 1.5, 'trim_min': 0.0523587, 'trim_max': 0.785381, 'evaluations': 20, 'safe_feasible': 12, 'states': 6, 'selected_radius': 0.9925, 'selected_trim': 0.519661, 'selected_score': 0.581663}]",1,6,20,none,1,2,33,True,,False,0.1,3,31,252,0.581663,153,0,0,117,"{'swept_footprint': 5, 'transition requires a reversing inner wheel': 3}",0.00834053,adaptive,0.05,,12,a06451cc3a26b7d7dfce7ecc9eab8e8957ba91cd570f9ea6c72f33310c7a930a,0,1,horizontal_rack_detour,True,1.0545478288985615,1.2546841450578945,5.927005867989604,1,0.016349849000107497
0.003,2.675763963148807,1.8041124150158794e-16,4.370048034693995e-17,,0.3059985779376819,0.2146446641391273,0.2146446641391273,0,175,2.2339253274753204,raw,0.05,95,fcbb341c1396507010d360d232a6e1efc128a7e33d80fbd6f00464e91dd073fd,4.778787725839372,0,0.0,0,Smac2D,37e9ac6d3930170f7a074c526666fa5b3f62808b9c41202bb46110c8b3d21826,97,,,,,,,,,,,,,,,,,,,,,,,,,,,,,,,,,,,,,,fcbb341c1396507010d360d232a6e1efc128a7e33d80fbd6f00464e91dd073fd,0,1,right_rack_detour,True,2.675763963148807,2.2339253274753204,4.778787725839372,1,0.008341048000147566
0.0,2.2129662336506164,0.0232020992770573,0.008710466415718973,,0.2997638507930297,0.17677669793081488,0.18825146149581692,0,170,1.667267242406011,simple,0.05,95,a44338f4266256297225108919bd474adc5cb84f425577e50b781c14c66e0685,4.749054823920785,0,0.0,0,Smac2D,37e9ac6d3930170f7a074c526666fa5b3f62808b9c41202bb46110c8b3d21826,96,,,,,,,,,,,,,,,,,,,,,,,,,,,,,,,,,,,,,,fcbb341c1396507010d360d232a6e1efc128a7e33d80fbd6f00464e91dd073fd,0,1,right_rack_detour,True,2.2129662336506164,1.667267242406011,4.749054823920785,1,0.008815330999823345
0.0,2.581540141159907,0.0008254305013005376,0.00029142312888871125,,0.30003504725924346,0.2146446641391273,0.2146446641391273,0,169,1.9969389683100207,savitzky_golay,0.05,95,564d3a65de1373fabc4a03a77820f5596070e31c9ab95054aa28e510d6ca8462,4.778321286163326,0,0.0,0,Smac2D,37e9ac6d3930170f7a074c526666fa5b3f62808b9c41202bb46110c8b3d21826,97,,,,,,,,,,,,,,,,,,,,,,,,,,,,,,,,,,,,,,fcbb341c1396507010d360d232a6e1efc128a7e33d80fbd6f00464e91dd073fd,0,1,right_rack_detour,True,2.581540141159907,1.9969389683100207,4.778321286163326,1,0.007276782000189996
0.012,2.7387726736615643,0.03476904282408604,0.013941096972212798,,0.309723859407043,0.23390290478282266,0.2474873771031409,0,156,2.0701128137622216,constrained,0.05,95,1d6f524f76160c26efa70771b4721ed354f5ee01669360d8faf23548feeb2412,4.81130716773758,0,0.0,0,Smac2D,37e9ac6d3930170f7a074c526666fa5b3f62808b9c41202bb46110c8b3d21826,98,,,,,,,,,,,,,,,,,,,,,,,,,,,,,,,,,,,,,,fcbb341c1396507010d360d232a6e1efc128a7e33d80fbd6f00464e91dd073fd,0,1,right_rack_detour,True,2.7387726736615643,2.0701128137622216,4.81130716773758,1,0.018744986000001518
0.018000000000000002,3.245026184243075,0.14494316701098234,0.07808751780091704,,0.22601566125547495,0.10606601875848895,0.10606601875848895,0,123,2.9548272559583664,pstmo,0.05,118,cca5f9b5bd27510b0c1903690e963e3a48e6496a327ac781eadc83eeacabe6dd,4.606739733728517,0,0.0,0,Smac2D,37e9ac6d3930170f7a074c526666fa5b3f62808b9c41202bb46110c8b3d21826,94,0,11,"[[3.2, 0], [4.88051, 0.211378], [5.2, 3.2]]",3,0.075,0,0.15,0,3,0,0,"[{'index': 0, 'x': 4.88051, 'y': 0.211378, 'turn_angle': 1.33917, 'incoming_length': 1.69375, 'outgoing_length': 3.00565, 'pivot_safe': True, 'pass_through': False, 'radius_min': 0.1, 'radius_max': 1.5, 'trim_min': 0.0791583, 'trim_max': 1.18737, 'evaluations': 20, 'safe_feasible': 11, 'states': 6, 'selected_radius': 0.45875, 'selected_trim': 0.363139, 'selected_score': 0.816186}]",1,6,20,none,1,2,62,True,,False,0.1,3,60,252,0.816186,118,0,0,95,"{'swept_footprint': 7, 'transition requires a reversing inner wheel': 2}",0.0184469,adaptive,0.05,,11,fcbb341c1396507010d360d232a6e1efc128a7e33d80fbd6f00464e91dd073fd,0,1,right_rack_detour,True,3.245026184243075,2.9548272559583664,4.606739733728517,1,0.02806548999978986
0.021,7.033825047304747,4.440892098500626e-16,4.49067330191103e-17,,0.43943003956502286,0.11464466264901119,0.2146446641391273,0,502,2.4148339067113476,raw,0.05,255,5ca9a11e74fdbe1a8c89f9fdacef7bbfd2b6cd9e8711fece272bc3d5108ce6c0,13.820870302045451,0,0.0,0,Smac2D,829d3ee9dc31bbe64f323e579cfd68f9cdf6ec509f385b91b2fe4753b9d7d9a2,278,,,,,,,,,,,,,,,,,,,,,,,,,,,,,,,,,,,,,,5ca9a11e74fdbe1a8c89f9fdacef7bbfd2b6cd9e8711fece272bc3d5108ce6c0,0,1,long_southwest_to_northeast,True,7.033825047304747,2.4148339067113476,13.820870302045451,1,0.031144019999828743
0.0,4.631305412053301,0.02319014036394712,0.008135824838824747,,0.43817225086382955,0.11464466264901119,0.2146446641391273,0,489,1.6656398429492034,simple,0.05,255,7f44d0abb1a7a7e5a271721cd54db97341a5ac2ad95c72d23d5b944dd7669693,13.749458083767648,0,0.0,0,Smac2D,829d3ee9dc31bbe64f323e579cfd68f9cdf6ec509f385b91b2fe4753b9d7d9a2,277,,,,,,,,,,,,,,,,,,,,,,,,,,,,,,,,,,,,,,5ca9a11e74fdbe1a8c89f9fdacef7bbfd2b6cd9e8711fece272bc3d5108ce6c0,0,1,long_southwest_to_northeast,True,4.631305412053301,1.6656398429492034,13.749458083767648,1,0.012278252999749384
0.0,6.59032513062368,0.0019007587946677379,0.00041277310904858035,,0.4402135508492764,0.11464466264901119,0.2146446641391273,0,498,2.283567229041702,savitzky_golay,0.05,255,ef33c1f04a92f6f4618d09a6021e1e64a599933b4fb77dac0477c273b92cb09f,13.818697365882429,0,0.0,0,Smac2D,829d3ee9dc31bbe64f323e579cfd68f9cdf6ec509f385b91b2fe4753b9d7d9a2,278,,,,,,,,,,,,,,,,,,,,,,,,,,,,,,,,,,,,,,5ca9a11e74fdbe1a8c89f9fdacef7bbfd2b6cd9e8711fece272bc3d5108ce6c0,0,1,long_southwest_to_northeast,True,6.59032513062368,2.283567229041702,13.818697365882429,1,0.01310431999991124
0.015000000000000001,7.825599518695388,0.02327009599885168,0.009936497732398939,,0.43385850190639524,0.11464466264901119,0.2310141686862684,0,458,2.643424097345272,constrained,0.05,255,dddeac9d3216b074b4f0199767ff29fc85b0f06af4c3a6e2e638493bd452cbec,13.856739725446163,0,0.0,0,Smac2D,829d3ee9dc31bbe64f323e579cfd68f9cdf6ec509f385b91b2fe4753b9d7d9a2,279,,,,,,,,,,,,,,,,,,,,,,,,,,,,,,,,,,,,,,5ca9a11e74fdbe1a8c89f9fdacef7bbfd2b6cd9e8711fece272bc3d5108ce6c0,0,1,long_southwest_to_northeast,True,7.825599518695388,2.643424097345272,13.856739725446163,1,0.04167602000006809
0.10800000000000001,4.955917873265106,0.08325906555782205,0.029415555106909082,,0.3717837226539434,0.11464466264901119,0.16464466339406925,0,661,3.264174136929142,pstmo,0.05,647,8e04dbc13c69de024c0db2ad68dadac1a36acd4f40cc1e2306aab2a8f9a77e1c,13.671210061195747,0,0.0,0,Smac2D,829d3ee9dc31bbe64f323e579cfd68f9cdf6ec509f385b91b2fe4753b9d7d9a2,275,222,139,"[[-5, -3], [-4.35, -2.81741], [-2.95, -2.69896], [-1.2, -1.02108], [-0.5, -0.767807], [0.35, -0.0353579], [4.29999, 0.00207782], [4.74641, 0.101042], [4.94896, 0.303587], [5.04351, 0.650039], [5, 3]]",255,0.075,0.0647067,0.15,0,11,0,10,"[{'index': 0, 'x': -4.35, 'y': -2.81741, 'turn_angle': -0.189434, 'incoming_length': 0.675157, 'outgoing_length': 1.405, 'pivot_safe': True, 'pass_through': False, 'radius_min': 0.1, 'radius_max': 1.5, 'trim_min': 0.00950011, 'trim_max': 0.142502, 'evaluations': 20, 'safe_feasible': 17, 'states': 6, 'selected_radius': 1.5, 'selected_trim': 0.142502, 'selected_score': 0.182358}, {'index': 1, 'x': -2.95, 'y': -2.69896, 'turn_angle': 0.67995, 'incoming_length': 1.405, 'outgoing_length': 2.42441, 'pivot_safe': True, 'pass_through': False, 'radius_min': 0.1, 'radius_max': 1.5, 'trim_min': 0.0353709, 'trim_max': 0.530563, 'evaluations': 20, 'safe_feasible': 18, 'states': 6, 'selected_radius': 1.5, 'selected_trim': 0.530563, 'selected_score': 0.425144}, {'index': 2, 'x': -1.2, 'y': -1.02108, 'turn_angle': -0.417193, 'incoming_length': 2.42441, 'outgoing_length': 0.744411, 'pivot_safe': True, 'pass_through': False, 'radius_min': 0.1, 'radius_max': 1.5, 'trim_min': 0.0211676, 'trim_max': 0.317514, 'evaluations': 20, 'safe_feasible': 17, 'states': 6, 'selected_radius': 1.5, 'selected_trim': 0.317514, 'selected_score': 0.283861}, {'index': 3, 'x': -0.5, 'y': -0.767807, 'turn_angle': 0.364083, 'incoming_length': 0.744411, 'outgoing_length': 1.12204, 'pivot_safe': True, 'pass_through': False, 'radius_min': 0.1, 'radius_max': 1.5, 'trim_min': 0.0184079, 'trim_max': 0.276119, 'evaluations': 20, 'safe_feasible': 18, 'states': 6, 'selected_radius': 1.5, 'selected_trim': 0.276119, 'selected_score': 0.304473}, {'index': 4, 'x': 0.35, 'y': -0.0353579, 'turn_angle': -0.701773, 'incoming_length': 1.12204, 'outgoing_length': 3.95017, 'pivot_safe': True, 'pass_through': False, 'radius_min': 0.1, 'radius_max': 1.5, 'trim_min': 0.0366034, 'trim_max': 0.54905, 'evaluations': 20, 'safe_feasible': 18, 'states': 6, 'selected_radius': 1.465, 'selected_trim': 0.536239, 'selected_score': 0.335192}, {'index': 5, 'x': 4.29999, 'y': 0.00207782, 'turn_angle': 0.208677, 'incoming_length': 3.95017, 'outgoing_length': 0.457261, 'pivot_safe': True, 'pass_through': False, 'radius_min': 0.1, 'radius_max': 1.5, 'trim_min': 0.0104719, 'trim_max': 0.157078, 'evaluations': 20, 'safe_feasible': 17, 'states': 6, 'selected_radius': 1.5, 'selected_trim': 0.157078, 'selected_score': 0.231974}, {'index': 6, 'x': 4.74641, 'y': 0.101042, 'turn_angle': 0.567244, 'incoming_length': 0.457261, 'outgoing_length': 0.286442, 'pivot_safe': True, 'pass_through': False, 'radius_min': 0.1, 'radius_max': 0.982716, 'trim_min': 0.029148, 'trim_max': 0.286442, 'evaluations': 20, 'safe_feasible': 18, 'states': 6, 'selected_radius': 0.364815, 'selected_trim': 0.106336, 'selected_score': 0.654231}, {'index': 7, 'x': 4.94896, 'y': 0.303587, 'turn_angle': 0.518972, 'incoming_length': 0.286442, 'outgoing_length': 0.359123, 'pivot_safe': True, 'pass_through': False, 'radius_min': 0.1, 'radius_max': 1.07899, 'trim_min': 0.0265471, 'trim_max': 0.286442, 'evaluations': 20, 'safe_feasible': 18, 'states': 6, 'selected_radius': 0.344749, 'selected_trim': 0.0915208, 'selected_score': 0.670936}, {'index': 8, 'x': 5.04351, 'y': 0.650039, 'turn_angle': 0.284939, 'incoming_length': 0.359123, 'outgoing_length': 2.35036, 'pivot_safe': True, 'pass_through': False, 'radius_min': 0.1, 'radius_max': 1.5, 'trim_min': 0.0143442, 'trim_max': 0.215162, 'evaluations': 20, 'safe_feasible': 17, 'states': 6, 'selected_radius': 1.5, 'selected_trim': 0.215162, 'selected_score': 0.287741}]",9,54,180,none,9,5,404,True,unsafe_goal_rotation,True,0.1,255,399,252,0.375101,647,0,0,255,"{'angular acceleration iteration did not converge': 9, 'transition requires a reversing inner wheel': 13}",0.106684,adaptive,0.05,,158,5ca9a11e74fdbe1a8c89f9fdacef7bbfd2b6cd9e8711fece272bc3d5108ce6c0,0,1,long_southwest_to_northeast,True,4.955917873265106,3.264174136929142,13.671210061195747,1,0.13730348299986872
0.006,4.436384613704956,4.440892098500626e-16,3.893659172009676e-17,,0.4113973635274264,0.11464466264901119,0.16464466339406925,0,519,2.098610560546915,raw,0.05,255,22212d3095d09513f35e79ec8206d03da25956c2e281a3fbbf990949b0f4412f,13.614059744769586,0,0.0,0,Smac2D,a1fe1c2d846e37312a20892e89db4e8fbcac919a24320d2c683b98cdeecf2132,274,,,,,,,,,,,,,,,,,,,,,,,,,,,,,,,,,,,,,,22212d3095d09513f35e79ec8206d03da25956c2e281a3fbbf990949b0f4412f,0,1,long_northeast_to_southwest,True,4.436384613704956,2.098610560546915,13.614059744769586,1,0.015546739000001253
0.003,3.4091522829735674,0.023187938801702015,0.006684763582289463,,0.4104451535359261,0.11464466264901119,0.16464466339406925,0,506,1.665519061858494,simple,0.05,255,a39e936906d75018a7a0b316a3dd14b085adede19839f1fe21969e4e6562ce18,13.565947925855385,0,0.0,0,Smac2D,a1fe1c2d846e37312a20892e89db4e8fbcac919a24320d2c683b98cdeecf2132,273,,,,,,,,,,,,,,,,,,,,,,,,,,,,,,,,,,,,,,22212d3095d09513f35e79ec8206d03da25956c2e281a3fbbf990949b0f4412f,0,1,long_northeast_to_southwest,True,3.4091522829735674,1.665519061858494,13.565947925855385,1,0.014271808000103192
0.0,4.23899575536629,0.0018058615853006332,0.0002797560876097036,,0.41211782422680937,0.11464466264901119,0.16464466339406925,0,517,1.9714478032742462,savitzky_golay,0.05,255,0763253ca28f9efc61fb733a134ba92ab5029710a28ff64dde50b8e9dd88e5af,13.613061799433115,0,0.0,0,Smac2D,a1fe1c2d846e37312a20892e89db4e8fbcac919a24320d2c683b98cdeecf2132,274,,,,,,,,,,,,,,,,,,,,,,,,,,,,,,,,,,,,,,22212d3095d09513f35e79ec8206d03da25956c2e281a3fbbf990949b0f4412f,0,1,long_northeast_to_southwest,True,4.23899575536629,1.9714478032742462,13.613061799433115,1,0.011578008000014961
0.07200000000000001,5.270283820310659,0.02371246942289588,0.010104053136888237,,0.41267312359395913,0.11464466264901119,0.16464466339406925,0,484,2.6943327796619387,constrained,0.05,255,1cc27c29da1241070edd4f932ef25384e26f7f55c514d6483c475e9b4d9a33d8,13.645320155253955,0,0.0,0,Smac2D,a1fe1c2d846e37312a20892e89db4e8fbcac919a24320d2c683b98cdeecf2132,274,,,,,,,,,,,,,,,,,,,,,,,,,,,,,,,,,,,,,,22212d3095d09513f35e79ec8206d03da25956c2e281a3fbbf990949b0f4412f,0,1,long_northeast_to_southwest,True,5.270283820310659,2.6943327796619387,13.645320155253955,1,0.08942105300002368
0.117,4.191259835708739,0.07751706749269065,0.025010530037852304,,0.38738060163456056,0.11464466264901119,0.16464466339406925,0,609,3.251966831203769,pstmo,0.05,577,ce36885e594ff308188d45fe0849246f3ab3916f4e0f4144f4bf4c8524eb1270,13.518841960075136,0,0.0,0,Smac2D,a1fe1c2d846e37312a20892e89db4e8fbcac919a24320d2c683b98cdeecf2132,272,184,122,"[[5, 3], [5.04351, 0.650039], [4.94896, 0.303587], [4.74641, 0.101042], [4.34998, 0.00371667], [1.55, -0.0342486], [-1.6, -1.47043], [-3, -2.72354], [-4.5, -2.81334], [-5, -3]]",255,0.075,0.0519184,0.15,0,10,0,9,"[{'index': 0, 'x': 5.04351, 'y': 0.650039, 'turn_angle': -0.284939, 'incoming_length': 2.35036, 'outgoing_length': 0.359123, 'pivot_safe': True, 'pass_through': False, 'radius_min': 0.1, 'radius_max': 1.5, 'trim_min': 0.0143442, 'trim_max': 0.215162, 'evaluations': 20, 'safe_feasible': 17, 'states': 6, 'selected_radius': 1.5, 'selected_trim': 0.215162, 'selected_score': 0.287741}, {'index': 1, 'x': 4.94896, 'y': 0.303587, 'turn_angle': -0.518972, 'incoming_length': 0.359123, 'outgoing_length': 0.286442, 'pivot_safe': True, 'pass_through': False, 'radius_min': 0.1, 'radius_max': 1.07899, 'trim_min': 0.0265471, 'trim_max': 0.286442, 'evaluations': 20, 'safe_feasible': 18, 'states': 6, 'selected_radius': 0.344749, 'selected_trim': 0.0915208, 'selected_score': 0.666769}, {'index': 2, 'x': 4.74641, 'y': 0.101042, 'turn_angle': -0.544657, 'incoming_length': 0.286442, 'outgoing_length': 0.408205, 'pivot_safe': True, 'pass_through': False, 'radius_min': 0.1, 'radius_max': 1.02569, 'trim_min': 0.0279267, 'trim_max': 0.286442, 'evaluations': 20, 'safe_feasible': 14, 'states': 6, 'selected_radius': 0.447135, 'selected_trim': 0.12487, 'selected_score': 0.628797}, {'index': 3, 'x': 4.34998, 'y': 0.00371667, 'turn_angle': -0.227183, 'incoming_length': 0.408205, 'outgoing_length': 2.80024, 'pivot_safe': True, 'pass_through': False, 'radius_min': 0.1, 'radius_max': 1.5, 'trim_min': 0.0114083, 'trim_max': 0.171124, 'evaluations': 20, 'safe_feasible': 17, 'states': 6, 'selected_radius': 1.5, 'selected_trim': 0.171124, 'selected_score': 0.239402}, {'index': 4, 'x': 1.55, 'y': -0.0342486, 'turn_angle': 0.414216, 'incoming_length': 2.80024, 'outgoing_length': 3.46195, 'pivot_safe': True, 'pass_through': False, 'radius_min': 0.1, 'radius_max': 1.5, 'trim_min': 0.0210121, 'trim_max': 0.315181, 'evaluations': 20, 'safe_feasible': 17, 'states': 6, 'selected_radius': 1.5, 'selected_trim': 0.315181, 'selected_score': 0.200764}, {'index': 5, 'x': -1.6, 'y': -1.47043, 'turn_angle': 0.302315, 'incoming_length': 3.46195, 'outgoing_length': 1.87891, 'pivot_safe': True, 'pass_through': False, 'radius_min': 0.1, 'radius_max': 1.5, 'trim_min': 0.015232, 'trim_max': 0.228479, 'evaluations': 20, 'safe_feasible': 17, 'states': 6, 'selected_radius': 1.5, 'selected_trim': 0.228479, 'selected_score': 0.162557}, {'index': 6, 'x': -3, 'y': -2.72354, 'turn_angle': -0.670297, 'incoming_length': 1.87891, 'outgoing_length': 1.50269, 'pivot_safe': True, 'pass_through': False, 'radius_min': 0.1, 'radius_max': 1.5, 'trim_min': 0.0348288, 'trim_max': 0.522431, 'evaluations': 20, 'safe_feasible': 18, 'states': 6, 'selected_radius': 1.5, 'selected_trim': 0.522431, 'selected_score': 0.422731}, {'index': 7, 'x': -4.5, 'y': -2.81334, 'turn_angle': 0.297511, 'incoming_length': 1.50269, 'outgoing_length': 0.533707, 'pivot_safe': True, 'pass_through': False, 'radius_min': 0.1, 'radius_max': 1.5, 'trim_min': 0.0149863, 'trim_max': 0.224794, 'evaluations': 20, 'safe_feasible': 17, 'states': 6, 'selected_radius': 1.5, 'selected_trim': 0.224794, 'selected_score': 0.224499}]",8,48,160,none,8,4,336,True,unsafe_start_rotation,True,0.1,255,332,252,0.354158,577,0,0,255,"{'angular acceleration iteration did not converge': 14, 'transition requires a reversing inner wheel': 11}",0.118741,adaptive,0.05,,135,22212d3095d09513f35e79ec8206d03da25956c2e281a3fbbf990949b0f4412f,0,1,long_northeast_to_southwest,True,4.191259835708739,3.251966831203769,13.518841960075136,1,0.1470869209997545
0.006,4.9468238273401415,4.440892098500626e-16,1.3058220381210708e-16,,0.6611800152402914,0.2474873771031409,0.25619225950049973,0,415,2.2906088601651575,raw,0.05,208,75bb96b4279add57b402175226a300b84901af34daab381eb81da5800b032ca1,12.314951987678715,0,0.0,0,Smac2D,23ca6202183feaf968ab5f804f618afa7fe96092e5ae5805282bcd8f39904191,248,,,,,,,,,,,,,,,,,,,,,,,,,,,,,,,,,,,,,,75bb96b4279add57b402175226a300b84901af34daab381eb81da5800b032ca1,0,1,crossing_northwest_to_southeast,True,4.9468238273401415,2.2906088601651575,12.314951987678715,1,0.016272951000246394
0.0,3.3981485000404743,0.022864583133281026,0.007475062133382623,,0.6594407528918055,0.2146446641391273,0.23390290478282266,0,415,1.6301792381439288,simple,0.05,208,fc27d3f9bb40a68a8ddeaf099f49186ac62229776c436acfebe185ea2dd07bbf,12.262327369581444,0,0.0,0,Smac2D,23ca6202183feaf968ab5f804f618afa7fe96092e5ae5805282bcd8f39904191,247,,,,,,,,,,,,,,,,,,,,,,,,,,,,,,,,,,,,,,75bb96b4279add57b402175226a300b84901af34daab381eb81da5800b032ca1,0,1,crossing_northwest_to_southeast,True,3.3981485000404743,1.6301792381439288,12.262327369581444,1,0.010825567000210867
0.0,4.751168080082372,0.0013601452331816269,0.0002921057086031068,,0.6607983150468175,0.2474873771031409,0.25619225950049973,0,415,2.1219892032513923,savitzky_golay,0.05,208,46348a8b0ba5cbee1addd20b7dc2095edf1bc8b71f98a6a4921224fe74ae1bea,12.313706579808775,0,0.0,0,Smac2D,23ca6202183feaf968ab5f804f618afa7fe96092e5ae5805282bcd8f39904191,248,,,,,,,,,,,,,,,,,,,,,,,,,,,,,,,,,,,,,,75bb96b4279add57b402175226a300b84901af34daab381eb81da5800b032ca1,0,1,crossing_northwest_to_southeast,True,4.751168080082372,2.1219892032513923,12.313706579808775,1,0.02919413200015697
0.063,4.797968027741484,0.005118695827978559,0.0012767955157632078,,0.6780560820238382,0.2474873771031409,0.25619225950049973,0,396,2.0384268715537037,constrained,0.05,208,78a0fb5e9a7cb47ae6bbf803c88ab2acc9c67f1b3602755800c88ba4a4873ad9,12.316857848318072,0,0.0,0,Smac2D,23ca6202183feaf968ab5f804f618afa7fe96092e5ae5805282bcd8f39904191,248,,,,,,,,,,,,,,,,,,,,,,,,,,,,,,,,,,,,,,75bb96b4279add57b402175226a300b84901af34daab381eb81da5800b032ca1,0,1,crossing_northwest_to_southeast,True,4.797968027741484,2.0384268715537037,12.316857848318072,1,0.07952304599984927
0.036000000000000004,2.912254970278785,0.40765461436435035,0.15658319863593204,,0.7509787984135855,0.10606601875848895,0.10606601875848895,0,255,6.652964378055891,pstmo,0.05,245,8cbabbf87f555f8f59d7e47302b8300dc46c4ed9bc7940a19e2852e83302c93a,12.029026448400915,2,0.35042383250456843,0.5545756870096248,Smac2D,23ca6202183feaf968ab5f804f618afa7fe96092e5ae5805282bcd8f39904191,242,36,33,"[[-5, 3], [-1.24985, -0.882035], [1.05, -1.99939], [5, -3]]",4,0.075,0,0.15,0,4,0,0,"[{'index': 0, 'x': -1.24985, 'y': -0.882035, 'turn_angle': 0.350424, 'incoming_length': 5.39758, 'outgoing_length': 2.55691, 'pivot_safe': True, 'pass_through': False, 'radius_min': 0.1, 'radius_max': 1.5, 'trim_min': 0.0177027, 'trim_max': 0.265541, 'evaluations': 20, 'safe_feasible': 18, 'states': 6, 'selected_radius': 0, 'selected_trim': 0, 'selected_score': 0}, {'index': 1, 'x': 1.05, 'y': -1.99939, 'turn_angle': 0.204152, 'incoming_length': 2.55691, 'outgoing_length': 4.07477, 'pivot_safe': True, 'pass_through': False, 'radius_min': 0.1, 'radius_max': 1.5, 'trim_min': 0.0102432, 'trim_max': 0.153648, 'evaluations': 20, 'safe_feasible': 17, 'states': 6, 'selected_radius': 0, 'selected_trim': 0, 'selected_score': 0}]",2,12,40,all_pivot,0,3,207,True,,False,0.1,4,204,252,0,245,0,2,208,"{'angular acceleration iteration did not converge': 3, 'transition requires a reversing inner wheel': 2}",0.0335939,adaptive,0.05,unsafe_sweep_195_196,35,75bb96b4279add57b402175226a300b84901af34daab381eb81da5800b032ca1,0,1,crossing_northwest_to_southeast,True,3.1982050451040736e-25,7.598088824778364e-13,12.029251709645969,3,0.04879762900009155
0.003,3.5856290210810835,2.220446049250313e-16,4.756885248378663e-17,,0.5069292251886064,0.2146446641391273,0.2146446641391273,0,249,2.439936257577969,raw,0.05,125,c6358bbf25fb85c83a2898db06d5fb6bb005f536407475b1409d8f4721bb0812,6.917291151922547,0,0.0,0,Smac2D,e2107c86c60c10859f91be39629dda1f17797ae7b1f4be3245f249763287567c,140,,,,,,,,,,,,,,,,,,,,,,,,,,,,,,,,,,,,,,c6358bbf25fb85c83a2898db06d5fb6bb005f536407475b1409d8f4721bb0812,0,1,central_south_to_north,True,3.5856290210810835,2.439936257577969,6.917291151922547,1,0.007705906999945
0.0,2.244199281260969,0.02303427361200703,0.008206926975584023,,0.5047498400056507,0.18825146149581692,0.2146446641391273,0,249,1.513145600950351,simple,0.05,125,40fbc3ae8b124c5f0f0a88ce49316c34a625369542eedbfb72d99a02ee6b259b,6.880940061279377,0,0.0,0,Smac2D,e2107c86c60c10859f91be39629dda1f17797ae7b1f4be3245f249763287567c,139,,,,,,,,,,,,,,,,,,,,,,,,,,,,,,,,,,,,,,c6358bbf25fb85c83a2898db06d5fb6bb005f536407475b1409d8f4721bb0812,0,1,central_south_to_north,True,2.244199281260969,1.513145600950351,6.880940061279377,1,0.007935073000226112
0.0,3.4524090647364254,0.0013165143865557084,0.00032816321231279096,,0.5068981145296513,0.2146446641391273,0.2146446641391273,0,248,2.30703527719492,savitzky_golay,0.05,125,cda486eef22e6639ea736b5629eaa14bfeab9ca723b9c92ed5cec19926975d71,6.916327802000025,0,0.0,0,Smac2D,e2107c86c60c10859f91be39629dda1f17797ae7b1f4be3245f249763287567c,140,,,,,,,,,,,,,,,,,,,,,,,,,,,,,,,,,,,,,,c6358bbf25fb85c83a2898db06d5fb6bb005f536407475b1409d8f4721bb0812,0,1,central_south_to_north,True,3.4524090647364254,2.30703527719492,6.916327802000025,1,0.007049948999792832
0.015000000000000001,3.8852441689312798,0.02706006438933091,0.01468193744950599,,0.5418571651695744,0.23390290478282266,0.2474873771031409,0,226,2.076305963187551,constrained,0.05,125,b20844c1f69921b3b3e6f5f50a2a49d94bd3ce66d57fdb62922ccae95c2755b8,6.936523472485035,0,0.0,0,Smac2D,e2107c86c60c10859f91be39629dda1f17797ae7b1f4be3245f249763287567c,140,,,,,,,,,,,,,,,,,,,,,,,,,,,,,,,,,,,,,,c6358bbf25fb85c83a2898db06d5fb6bb005f536407475b1409d8f4721bb0812,0,1,central_south_to_north,True,3.8852441689312798,2.076305963187551,6.936523472485035,1,0.026818869000180712
0.012,0.3053887091493016,0.3096968406722564,0.16783913136887355,,0.4704285237229372,0.10606601875848895,0.10606601875848895,0,195,0.7776329027678971,pstmo,0.05,191,f1f948cc6d3c417caa1ed8bb5f68d8e9a308746786b4da6a7482ea9738fe0ce5,6.726856281735551,0,0.0,0,Smac2D,e2107c86c60c10859f91be39629dda1f17797ae7b1f4be3245f249763287567c,136,0,17,"[[-2, -3], [-0.256489, -0.25], [0.2, 3.2]]",3,0.075,0,0.15,0,3,0,0,"[{'index': 0, 'x': -0.256489, 'y': -0.25, 'turn_angle': 0.433496, 'incoming_length': 3.25612, 'outgoing_length': 3.48007, 'pivot_safe': True, 'pass_through': False, 'radius_min': 0.1, 'radius_max': 1.5, 'trim_min': 0.0220207, 'trim_max': 0.330311, 'evaluations': 20, 'safe_feasible': 17, 'states': 6, 'selected_radius': 1.5, 'selected_trim': 0.330311, 'selected_score': 0.356888}]",1,6,20,none,1,2,71,True,,False,0.1,3,69,252,0.356888,191,0,0,125,"{'angular acceleration iteration did not converge': 2, 'transition requires a reversing inner wheel': 1}",0.0116989,adaptive,0.05,,17,c6358bbf25fb85c83a2898db06d5fb6bb005f536407475b1409d8f4721bb0812,0,1,central_south_to_north,True,0.3053887091493016,0.7776329027678971,6.726856281735551,1,0.021766787000160548
0.003,4.6715151449852845,2.220446049250313e-16,6.113713616278736e-17,,0.41250399703736873,0.2474873771031409,0.2667137281724723,0,251,2.355247814663014,raw,0.05,125,996092c1cec724b8539a261546831896d11af506553fbb6810b83e9fc82d9b27,6.751114786974993,0,0.0,0,Smac2D,800a38bff27e512e419b1247e4978187d20021ff6923411a8b10ff0134041c6f,137,,,,,,,,,,,,,,,,,,,,,,,,,,,,,,,,,,,,,,996092c1cec724b8539a261546831896d11af506553fbb6810b83e9fc82d9b27,0,1,right_south_to_north,True,4.6715151449852845,2.355247814663014,6.751114786974993,1,0.007634387000052811
0.003,3.1676563577016754,0.023100948535036955,0.009766176663279254,,0.41079716881414635,0.23390290478282266,0.2474873771031409,0,251,1.5965811016346392,simple,0.05,125,f99a385056c23a14a3e191c564f8f2b897e3ce4f0aaf96871c37c031ba67e50d,6.702019787473397,0,0.0,0,Smac2D,800a38bff27e512e419b1247e4978187d20021ff6923411a8b10ff0134041c6f,136,,,,,,,,,,,,,,,,,,,,,,,,,,,,,,,,,,,,,,996092c1cec724b8539a261546831896d11af506553fbb6810b83e9fc82d9b27,0,1,right_south_to_north,True,3.1676563577016754,1.5965811016346392,6.702019787473397,1,0.007206270000096993
0.0,4.513330101253601,0.0012920959977683508,0.00036371893729625517,,0.4073930488822361,0.2474873771031409,0.2587279811156054,0,247,2.2197631707241365,savitzky_golay,0.05,125,4e45b219cb45afbe739c9109481bab4b0e2481f6fd08f98ffadcd5f4686a0964,6.749976713960194,0,0.0,0,Smac2D,800a38bff27e512e419b1247e4978187d20021ff6923411a8b10ff0134041c6f,137,,,,,,,,,,,,,,,,,,,,,,,,,,,,,,,,,,,,,,996092c1cec724b8539a261546831896d11af506553fbb6810b83e9fc82d9b27,0,1,right_south_to_north,True,4.513330101253601,2.2197631707241365,6.749976713960194,1,0.007021839999652002
0.018000000000000002,4.35818951440563,0.004806296063813735,0.0020997175367862327,,0.4146365803809588,0.2474873771031409,0.26878279146075923,0,228,1.9951845876824703,constrained,0.05,125,fd5906c41a59b4ca183e185c635fad232316fcc57a41dc92c2f3b2b0b22c3d5e,6.753238504913984,0,0.0,0,Smac2D,800a38bff27e512e419b1247e4978187d20021ff6923411a8b10ff0134041c6f,137,,,,,,,,,,,,,,,,,,,,,,,,,,,,,,,,,,,,,,996092c1cec724b8539a261546831896d11af506553fbb6810b83e9fc82d9b27,0,1,right_south_to_north,True,4.35818951440563,1.9951845876824703,6.753238504913984,1,0.026019545000053768
0.012,0.21880836898225514,0.27045183912719095,0.13207563124433602,,0.3657746376735232,0.11464466264901119,0.11464466264901119,0,168,0.8166548432137519,pstmo,0.05,166,ca20ade1bb9d5069d89cbca3e1b7ae19f14bfc016ff1a975aee0dbc37b96c618,6.4963862363844775,0,0.0,0,Smac2D,800a38bff27e512e419b1247e4978187d20021ff6923411a8b10ff0134041c6f,131,6,15,"[[5, -3], [3.90097, -0.0499999], [3.50033, 0.9], [3.2, 3.2]]",4,0.075,0,0.15,0,4,1,0,"[{'index': 0, 'x': 3.90097, 'y': -0.0499999, 'turn_angle': 0.0424695, 'incoming_length': 3.14808, 'outgoing_length': 1.03102, 'pivot_safe': True, 'pass_through': True, 'radius_min': 0, 'radius_max': 0, 'trim_min': 0, 'trim_max': 0, 'evaluations': 0, 'safe_feasible': 0, 'states': 1, 'selected_radius': 0, 'selected_trim': 0, 'selected_score': 0}, {'index': 1, 'x': 3.50033, 'y': 0.9, 'turn_angle': -0.269252, 'incoming_length': 1.03102, 'outgoing_length': 2.31952, 'pivot_safe': True, 'pass_through': False, 'radius_min': 0.1, 'radius_max': 1.5, 'trim_min': 0.0135445, 'trim_max': 0.203168, 'evaluations': 20, 'safe_feasible': 17, 'states': 6, 'selected_radius': 1.5, 'selected_trim': 0.203168, 'selected_score': 0.300319}]",2,7,20,none,1,3,114,True,,False,0.1,4,111,252,0.300319,166,1,0,125,"{'angular acceleration iteration did not converge': 2, 'transition requires a reversing inner wheel': 1}",0.0109619,adaptive,0.05,,17,996092c1cec724b8539a261546831896d11af506553fbb6810b83e9fc82d9b27,0,1,right_south_to_north,True,0.21880836898225514,0.8166548432137519,6.4963862363844775,1,0.019699747000231582
0.0,1.8417256062530388e-10,0.0,0.0,,0.5146446686094758,0.5146446686094757,0.5146446686094757,0,112,4.2915344167251866e-05,raw,0.05,57,249db374a9bca562c415627d6ff9b4ec0ae83d79d67d9719f874a22e94f23efd,2.799999999999998,0,0.0,0,Smac2D,f13dd174acadd16ea1fbb3f5e9d131f6787687d657458b2aec46c0fbbda8a6f2,57,,,,,,,,,,,,,,,,,,,,,,,,,,,,,,,,,,,,,,249db374a9bca562c415627d6ff9b4ec0ae83d79d67d9719f874a22e94f23efd,0,1,upper_open_short,True,1.8417256062530388e-10,4.2915344167251866e-05,2.799999999999998,1,0.003658054999959859
0.0,2.6393318253233925e-12,7.542089752732295e-08,1.8303579079475815e-08,,0.5146446686094759,0.5146446686094757,0.5146446686094757,0,105,2.925839659440536e-06,simple,0.05,57,e0638a1733ebe65ff17aaae18d477719b0114f876f1361722d0ce4506915cdc8,2.799999999999999,0,0.0,0,Smac2D,f13dd174acadd16ea1fbb3f5e9d131f6787687d657458b2aec46c0fbbda8a6f2,57,,,,,,,,,,,,,,,,,,,,,,,,,,,,,,,,,,,,,,249db374a9bca562c415627d6ff9b4ec0ae83d79d67d9719f874a22e94f23efd,0,1,upper_open_short,True,2.6393318253233925e-12,2.925839659440536e-06,2.799999999999999,1,0.004502060000049823
0.0,1.6730883221449083e-11,5.075772735452233e-08,1.0157841150569501e-08,,0.5146446686094759,0.5146446686094757,0.5146446686094757,0,103,9.049290383704208e-06,savitzky_golay,0.05,57,95dea8063da5a9325243f38b5e296c9088fa14e0f87512c96e2deb2740e91718,2.799999999999996,0,0.0,0,Smac2D,f13dd174acadd16ea1fbb3f5e9d131f6787687d657458b2aec46c0fbbda8a6f2,57,,,,,,,,,,,,,,,,,,,,,,,,,,,,,,,,,,,,,,249db374a9bca562c415627d6ff9b4ec0ae83d79d67d9719f874a22e94f23efd,0,1,upper_open_short,True,1.6730883221449083e-11,9.049290383704208e-06,2.799999999999996,1,0.004638098000214086
0.003,1.8417256062530388e-10,0.0,0.0,,0.5146446686094758,0.5146446686094757,0.5146446686094757,0,112,4.2915344167251866e-05,constrained,0.05,57,249db374a9bca562c415627d6ff9b4ec0ae83d79d67d9719f874a22e94f23efd,2.799999999999998,0,0.0,0,Smac2D,f13dd174acadd16ea1fbb3f5e9d131f6787687d657458b2aec46c0fbbda8a6f2,57,,,,,,,,,,,,,,,,,,,,,,,,,,,,,,,,,,,,,,249db374a9bca562c415627d6ff9b4ec0ae83d79d67d9719f874a22e94f23efd,0,1,upper_open_short,True,1.8417256062530388e-10,4.2915344167251866e-05,2.799999999999998,1,0.005013459000110743
0.003,0.0,1.0728836041806744e-07,1.0538930071729336e-07,,0.5146446686094759,0.5146446686094757,0.5146446686094757,0,75,0.0,pstmo,0.05,57,a1b9cbae5704f2a20ffd8e5a71e80a7e7604fc3eb2104e2de1bc881050b894d8,2.799999999999998,0,0.0,0,Smac2D,f13dd174acadd16ea1fbb3f5e9d131f6787687d657458b2aec46c0fbbda8a6f2,57,0,0,"[[-5, 3.2], [-2.2, 3.2]]",2,0.075,0,0.15,0,2,0,0,[],0,0,0,none,0,1,1,True,,False,0.1,2,0,252,0,57,0,0,57,{},0.000456288,adaptive,0.05,,0,249db374a9bca562c415627d6ff9b4ec0ae83d79d67d9719f874a22e94f23efd,0,1,upper_open_short,True,0.0,0.0,2.799999999999998,1,0.005129341999690951
0.0,3.3377814842907765,4.440892098500626e-16,8.34676118839486e-17,,0.3906620615410496,0.2146446641391273,0.2146446641391273,0,171,1.9823505468039173,raw,0.05,87,96c5596bf3743553ab28ba4f152755896532c820b0c3d035c0b75ee41c6445b8,4.5246497453112156,0,0.0,0,Smac2D,f361af1bc209f2f1cf65e180d1ff7df5057f0f8586258360e1e5be6e8e298411,92,,,,,,,,,,,,,,,,,,,,,,,,,,,,,,,,,,,,,,96c5596bf3743553ab28ba4f152755896532c820b0c3d035c0b75ee41c6445b8,0,1,lower_left_diagonal,True,3.3377814842907765,1.9823505468039173,4.5246497453112156,1,0.005533024999749614
0.0,2.1663245939900806,0.02318611527303447,0.00909748647871819,,0.3852721760624752,0.17677669793081488,0.18825146149581692,0,170,1.7275054143797468,simple,0.05,87,f42e340d3bfb126f014589cb97285bf4ad0764b973ac81326cd6236100e18efd,4.49321212410294,0,0.0,0,Smac2D,f361af1bc209f2f1cf65e180d1ff7df5057f0f8586258360e1e5be6e8e298411,91,,,,,,,,,,,,,,,,,,,,,,,,,,,,,,,,,,,,,,96c5596bf3743553ab28ba4f152755896532c820b0c3d035c0b75ee41c6445b8,0,1,lower_left_diagonal,True,2.1663245939900806,1.7275054143797468,4.49321212410294,1,0.006179795000207378
0.0,3.0586596338761516,0.001900758794769088,0.0005472938838152675,,0.38812218539484356,0.2146446641391273,0.2146446641391273,0,170,1.9189561384941443,savitzky_golay,0.05,87,6db841856aad206950caef0b1df8bfa221036d41eb9ca2e758265b0081a4243e,4.523451720224292,0,0.0,0,Smac2D,f361af1bc209f2f1cf65e180d1ff7df5057f0f8586258360e1e5be6e8e298411,92,,,,,,,,,,,,,,,,,,,,,,,,,,,,,,,,,,,,,,96c5596bf3743553ab28ba4f152755896532c820b0c3d035c0b75ee41c6445b8,0,1,lower_left_diagonal,True,3.0586596338761516,1.9189561384941443,4.523451720224292,1,0.006622676000006322
0.015000000000000001,3.5954446759022693,0.03095759823211614,0.009973514617411151,,0.3994091384578264,0.23390290478282266,0.2474873771031409,0,164,2.4004918692405637,constrained,0.05,87,c0ac59d6d826c0e11dc70e1fcfcdf7dd76a7fd95f2936fcd7b47459212b2f2ae,4.551824479224251,0,0.0,0,Smac2D,f361af1bc209f2f1cf65e180d1ff7df5057f0f8586258360e1e5be6e8e298411,93,,,,,,,,,,,,,,,,,,,,,,,,,,,,,,,,,,,,,,96c5596bf3743553ab28ba4f152755896532c820b0c3d035c0b75ee41c6445b8,0,1,lower_left_diagonal,True,3.5954446759022693,2.4004918692405637,4.551824479224251,1,0.02064771599998494
0.009000000000000001,1.2763906845867157,0.14980022176980795,0.06901020871414436,,0.3166930594951552,0.10606601875848895,0.10606601875848895,0,125,1.4658821806736713,pstmo,0.05,119,a42b0075b51d9069e0f8e48fa14640ec1115f2edba961a28cf6208fd6802de1c,4.383894444380259,0,0.0,0,Smac2D,f361af1bc209f2f1cf65e180d1ff7df5057f0f8586258360e1e5be6e8e298411,89,0,11,"[[-5, -3], [-2.78222, -2.54354], [-2, -0.5]]",3,0.075,0,0.15,0,3,0,0,"[{'index': 0, 'x': -2.78222, 'y': -2.54354, 'turn_angle': 1.00224, 'incoming_length': 2.26426, 'outgoing_length': 2.18813, 'pivot_safe': True, 'pass_through': False, 'radius_min': 0.1, 'radius_max': 1.5, 'trim_min': 0.0547757, 'trim_max': 0.821635, 'evaluations': 20, 'safe_feasible': 13, 'states': 6, 'selected_radius': 0.8525, 'selected_trim': 0.466963, 'selected_score': 0.625392}]",1,6,20,none,1,2,43,True,,False,0.1,3,41,252,0.625392,119,0,0,87,"{'swept_footprint': 4, 'transition requires a reversing inner wheel': 3}",0.00897193,adaptive,0.05,,13,96c5596bf3743553ab28ba4f152755896532c820b0c3d035c0b75ee41c6445b8,0,1,lower_left_diagonal,True,1.2763906845867157,1.4658821806736713,4.383894444380259,1,0.01912404000040624
0.0,8.048455297804886e-13,1.3877787807814457e-17,1.716930969985325e-18,,0.7139583430764057,0.6447181959844944,0.7146446715897079,0,169,2.6986937129436474e-06,raw,0.05,85,5188a4d26eafceb0746b8d89cbc2d9508a446b6a5066479c6d7ed2b2ffab6a04,7.299999999999981,0,0.0,0,SmacHybrid,fa33210a50ea0ab0d25b86a2b0ce04a1a4745633813cab07d508eeea9b3d8007,147,,,,,,,,,,,,,,,,,,,,,,,,,,,,,,,,,,,,,,5188a4d26eafceb0746b8d89cbc2d9508a446b6a5066479c6d7ed2b2ffab6a04,0,1,straight_lower_aisle,True,8.048455297804886e-13,2.6986937129436474e-06,7.299999999999981,1,0.006356816999868897
0.0,1.3066576450988816e-14,1.0133892835995084e-08,1.8900353529137846e-09,,0.7139583430764057,0.6447181959844944,0.7146446715897079,0,169,2.530873288719714e-07,simple,0.05,85,6ce85df468275b2071da511d1bf96a5e98ee3ba2680ed9779b8fb9363bda6027,7.299999999999981,0,0.0,0,SmacHybrid,fa33210a50ea0ab0d25b86a2b0ce04a1a4745633813cab07d508eeea9b3d8007,147,,,,,,,,,,,,,,,,,,,,,,,,,,,,,,,,,,,,,,5188a4d26eafceb0746b8d89cbc2d9508a446b6a5066479c6d7ed2b2ffab6a04,0,1,straight_lower_aisle,True,1.3066576450988816e-14,2.530873288719714e-07,7.299999999999981,1,0.010511836999739899
0.0,8.331369625577856e-14,6.570505473035837e-09,9.41475290260627e-10,,0.7139623803029546,0.6447181959844944,0.7146446715897079,0,170,6.318286338569078e-07,savitzky_golay,0.05,85,424fdf1c986e0672ae3bd8f52041ede65b9c250ef45ba525c89342760df742ea,7.299999999999984,0,0.0,0,SmacHybrid,fa33210a50ea0ab0d25b86a2b0ce04a1a4745633813cab07d508eeea9b3d8007,147,,,,,,,,,,,,,,,,,,,,,,,,,,,,,,,,,,,,,,5188a4d26eafceb0746b8d89cbc2d9508a446b6a5066479c6d7ed2b2ffab6a04,0,1,straight_lower_aisle,True,8.331369625577856e-14,6.318286338569078e-07,7.299999999999984,1,0.018974313999933656
0.0,8.048455297804886e-13,1.3877787807814457e-17,1.716930969985325e-18,,0.7139583430764057,0.6447181959844944,0.7146446715897079,0,169,2.6986937129436474e-06,constrained,0.05,85,5188a4d26eafceb0746b8d89cbc2d9508a446b6a5066479c6d7ed2b2ffab6a04,7.299999999999981,0,0.0,0,SmacHybrid,fa33210a50ea0ab0d25b86a2b0ce04a1a4745633813cab07d508eeea9b3d8007,147,,,,,,,,,,,,,,,,,,,,,,,,,,,,,,,,,,,,,,5188a4d26eafceb0746b8d89cbc2d9508a446b6a5066479c6d7ed2b2ffab6a04,0,1,straight_lower_aisle,True,8.048455297804886e-13,2.6986937129436474e-06,7.299999999999981,1,0.005973494000045321
0.003,0.0,1.4901161193847656e-08,1.4736721535964148e-08,,0.714068680596835,0.6447181959844944,0.7146446715897079,0,213,0.0,pstmo,0.05,147,b3f31d0e1fafdb122818c92767140806d63b73aa6e5e829530608822ee7a7e16,7.299999999999982,0,0.0,0,SmacHybrid,fa33210a50ea0ab0d25b86a2b0ce04a1a4745633813cab07d508eeea9b3d8007,147,0,0,"[[-2.5, -3], [4.8, -3]]",2,0.075,0,0.15,0,2,0,0,[],0,0,0,none,0,1,1,True,,False,0.1,2,0,252,0,147,0,0,85,{},0.00110053,adaptive,0.05,,0,5188a4d26eafceb0746b8d89cbc2d9508a446b6a5066479c6d7ed2b2ffab6a04,0,1,straight_lower_aisle,True,0.0,0.0,7.299999999999982,1,0.00847239599988825
0.003,7.268729567721509,2.220446049250313e-16,1.1311067923562556e-16,,0.33249513686429016,0.17677669793081488,0.17677669793081488,0,103,4.858027746377904,raw,0.05,48,4a2bd0792e1540b92f10febbf5d43f087fdbdf4e886044d5418d8d4c60a70abf,3.870741184902853,0,0.0,0,SmacHybrid,4fa140eb1f447c621f0d035edaff00812d0b7fd5dd85bf78c90a62964c2233d3,79,,,,,,,,,,,,,,,,,,,,,,,,,,,,,,,,,,,,,,4a2bd0792e1540b92f10febbf5d43f087fdbdf4e886044d5418d8d4c60a70abf,0,1,crate_detour,True,7.268729567721509,4.858027746377904,3.870741184902853,1,0.006406364000213216
0.003,2.6514773570431194,0.06274058050382753,0.024834716137188444,,0.33528823141082054,0.17677669793081488,0.17677669793081488,0,98,1.9911966555226823,simple,0.05,48,a772d7c35b8fdc18de6dc6d514c8834f359d791b53d1d315c0250d4119d406cb,3.7770021663990394,0,0.0,0,SmacHybrid,4fa140eb1f447c621f0d035edaff00812d0b7fd5dd85bf78c90a62964c2233d3,77,,,,,,,,,,,,,,,,,,,,,,,,,,,,,,,,,,,,,,4a2bd0792e1540b92f10febbf5d43f087fdbdf4e886044d5418d8d4c60a70abf,0,1,crate_detour,True,2.6514773570431194,1.9911966555226823,3.7770021663990394,1,0.005836817000272276
0.0,5.368534202033801,0.00857707590114475,0.0029863063387755968,,0.3373981475118957,0.17677669793081488,0.17677669793081488,0,100,3.915364287696458,savitzky_golay,0.05,48,6188a9ee09ce2075f7f70e0ca07fedac71a6de43e14c7886780e31d052db2765,3.8609276322622614,0,0.0,0,SmacHybrid,4fa140eb1f447c621f0d035edaff00812d0b7fd5dd85bf78c90a62964c2233d3,79,,,,,,,,,,,,,,,,,,,,,,,,,,,,,,,,,,,,,,4a2bd0792e1540b92f10febbf5d43f087fdbdf4e886044d5418d8d4c60a70abf,0,1,crate_detour,True,5.368534202033801,3.915364287696458,3.8609276322622614,1,0.0051081199999316595
0.009000000000000001,5.114432355466839,0.044772034103985184,0.015657307412428594,,0.3456877800393527,0.2146446641391273,0.23390290478282266,0,95,3.0292418527575946,constrained,0.05,48,30b652418908a95b53b05703f5ebf74eb204af31b880a93d7b30de90c72f0d09,3.888723879152488,0,0.0,0,SmacHybrid,4fa140eb1f447c621f0d035edaff00812d0b7fd5dd85bf78c90a62964c2233d3,79,,,,,,,,,,,,,,,,,,,,,,,,,,,,,,,,,,,,,,4a2bd0792e1540b92f10febbf5d43f087fdbdf4e886044d5418d8d4c60a70abf,0,1,crate_detour,True,5.114432355466839,3.0292418527575946,3.888723879152488,1,0.013371782999911375
0.015000000000000001,1.401799559704163,0.16065618679890512,0.0950798427787282,,0.22409562510996123,0.10606601875848895,0.10606601875848895,0,195,1.1783387989964038,pstmo,0.05,187,8e95632f48b42731163eb417e1258ccaf40cb5eca35b9c7510d2f14e9ea65aa5,3.627554091249057,0,0.0,0,SmacHybrid,4fa140eb1f447c621f0d035edaff00812d0b7fd5dd85bf78c90a62964c2233d3,74,36,26,"[[-5, -1.8], [-4.08641, -0.853646], [-2.86466, -1.00548], [-2, -1.8]]",4,0.075,0,0.15,0,4,0,0,"[{'index': 0, 'x': -4.08641, 'y': -0.853646, 'turn_angle': -0.926653, 'incoming_length': 1.31538, 'outgoing_length': 1.23115, 'pivot_safe': True, 'pass_through': False, 'radius_min': 0.1, 'radius_max': 1.5, 'trim_min': 0.0499599, 'trim_max': 0.749398, 'evaluations': 20, 'safe_feasible': 13, 'states': 6, 'selected_radius': 1.045, 'selected_trim': 0.52208, 'selected_score': 0.561523}, {'index': 1, 'x': -2.86466, 'y': -1.00548, 'turn_angle': -0.619507, 'incoming_length': 1.23115, 'outgoing_length': 1.17426, 'pivot_safe': True, 'pass_through': False, 'radius_min': 0.1, 'radius_max': 1.5, 'trim_min': 0.0320056, 'trim_max': 0.480084, 'evaluations': 20, 'safe_feasible': 18, 'states': 6, 'selected_radius': 1.5, 'selected_trim': 0.480084, 'selected_score': 0.410292}]",2,12,40,none,2,3,52,True,,False,0.1,4,49,252,0.485908,187,0,0,48,"{'swept_footprint': 4, 'transition requires a reversing inner wheel': 5}",0.015806,adaptive,0.05,,31,4a2bd0792e1540b92f10febbf5d43f087fdbdf4e886044d5418d8d4c60a70abf,0,1,crate_detour,True,1.401799559704163,1.1783387989964038,3.627554091249057,1,0.025802431000101933
0.003,7.193108950990048,2.220446049250313e-16,4.351564381879578e-17,,0.3607764967274811,0.11464466264901119,0.11464466264901119,0,97,4.07654129554506,raw,0.05,44,67404e8a032844b4078ab33c9863088908ca6c2097e181770375afff1cfa5af4,3.5813510976075422,0,0.0,0,SmacHybrid,12dfdf4e49b371d9edef9fabd3136c6889c781dd6899f594ce1adc15cdfaba77,73,,,,,,,,,,,,,,,,,,,,,,,,,,,,,,,,,,,,,,67404e8a032844b4078ab33c9863088908ca6c2097e181770375afff1cfa5af4,0,1,vertical_rack_detour,True,7.193108950990048,4.07654129554506,3.5813510976075422,1,0.007929748000151449
0.0,2.4263111536056523,0.05047257616902902,0.023341808073609367,,0.37871591908292523,0.11464466264901119,0.11464466264901119,0,90,2.4892146239303434,simple,0.05,44,428050d4846f66b6201ee0d3d6741055feb7da2024a989dcdd8a2f3408e89244,3.497064561071645,0,0.0,0,SmacHybrid,12dfdf4e49b371d9edef9fabd3136c6889c781dd6899f594ce1adc15cdfaba77,71,,,,,,,,,,,,,,,,,,,,,,,,,,,,,,,,,,,,,,67404e8a032844b4078ab33c9863088908ca6c2097e181770375afff1cfa5af4,0,1,vertical_rack_detour,True,2.4263111536056523,2.4892146239303434,3.497064561071645,1,0.004921527999613318
0.0,5.386144548417143,0.008039219734702577,0.0031612658590749886,,0.36260831325149606,0.11464466264901119,0.11464466264901119,0,92,3.7253195103594883,savitzky_golay,0.05,44,c391c96ce9259f7ad4bcadea38615c3a07ca596b35b74422372aab64029d7649,3.571221702499971,0,0.0,0,SmacHybrid,12dfdf4e49b371d9edef9fabd3136c6889c781dd6899f594ce1adc15cdfaba77,73,,,,,,,,,,,,,,,,,,,,,,,,,,,,,,,,,,,,,,67404e8a032844b4078ab33c9863088908ca6c2097e181770375afff1cfa5af4,0,1,vertical_rack_detour,True,5.386144548417143,3.7253195103594883,3.571221702499971,1,0.004925749999983964
0.006,6.246224103772086,0.04647534709337054,0.017968186556442996,,0.36464466637430154,0.11464466264901119,0.11464466264901119,0,94,3.9730951370550365,constrained,0.05,44,718da3feaab6d626d5fc84731b3ae136f4da8b6faf610b8b9013567a70d7bfb2,3.5849579942308982,0,0.0,0,SmacHybrid,12dfdf4e49b371d9edef9fabd3136c6889c781dd6899f594ce1adc15cdfaba77,73,,,,,,,,,,,,,,,,,,,,,,,,,,,,,,,,,,,,,,67404e8a032844b4078ab33c9863088908ca6c2097e181770375afff1cfa5af4,0,1,vertical_rack_detour,True,6.246224103772086,3.9730951370550365,3.5849579942308982,1,0.012063886000305502
0.066,3.901451908618797,0.06342508337248792,0.02238792588047026,,0.36383152378673383,0.11464466264901119,0.11464466264901119,0,229,4.196580058158762,pstmo,0.05,224,e96a75e24ba1cda9252bfb700417556975c45abd8ed0586b62064119730b2050,3.516930314077865,0,0.0,0,SmacHybrid,12dfdf4e49b371d9edef9fabd3136c6889c781dd6899f594ce1adc15cdfaba77,72,76,53,"[[-2.5, 2.8], [-1.74084, 3.44779], [-0.46837, 3.57109], [-0.202291, 3.48128], [0.242762, 2.91266], [0.5, 2.8]]",44,0.075,0.029401,0.15,0,6,0,5,"[{'index': 0, 'x': -1.74084, 'y': 3.44779, 'turn_angle': -0.609809, 'incoming_length': 0.997977, 'outgoing_length': 1.27843, 'pivot_safe': True, 'pass_through': False, 'radius_min': 0.1, 'radius_max': 1.5, 'trim_min': 0.0314718, 'trim_max': 0.472077, 'evaluations': 20, 'safe_feasible': 18, 'states': 6, 'selected_radius': 1.5, 'selected_trim': 0.472077, 'selected_score': 0.407733}, {'index': 1, 'x': -0.46837, 'y': 3.57109, 'turn_angle': -0.422141, 'incoming_length': 1.27843, 'outgoing_length': 0.280828, 'pivot_safe': True, 'pass_through': False, 'radius_min': 0.1, 'radius_max': 1.31068, 'trim_min': 0.0214262, 'trim_max': 0.280828, 'evaluations': 20, 'safe_feasible': 18, 'states': 6, 'selected_radius': 0.40267, 'selected_trim': 0.0862768, 'selected_score': 0.616859}, {'index': 2, 'x': -0.202291, 'y': 3.48128, 'turn_angle': -0.581151, 'incoming_length': 0.280828, 'outgoing_length': 0.722076, 'pivot_safe': True, 'pass_through': False, 'radius_min': 0.1, 'radius_max': 0.939101, 'trim_min': 0.029904, 'trim_max': 0.280828, 'evaluations': 20, 'safe_feasible': 15, 'states': 6, 'selected_radius': 0.26782, 'selected_trim': 0.0800889, 'selected_score': 0.741918}, {'index': 3, 'x': 0.242762, 'y': 2.91266, 'turn_angle': 0.493884, 'incoming_length': 0.722076, 'outgoing_length': 0.280828, 'pivot_safe': True, 'pass_through': False, 'radius_min': 0.1, 'radius_max': 1.11401, 'trim_min': 0.0252087, 'trim_max': 0.280828, 'evaluations': 20, 'safe_feasible': 18, 'states': 6, 'selected_radius': 1.11401, 'selected_trim': 0.280828, 'selected_score': 0.281476}]",4,24,80,none,4,2,58,True,no footprint-safe outgoing edge at input index 29,True,0.1,44,57,252,0.511996,224,0,0,44,"{'angular acceleration iteration did not converge': 3, 'transition requires a reversing inner wheel': 8}",0.0665414,adaptive,0.05,,69,67404e8a032844b4078ab33c9863088908ca6c2097e181770375afff1cfa5af4,0,1,vertical_rack_detour,True,3.901451908618797,4.196580058158762,3.516930314077865,1,0.08204356700025528
0.003,9.369183960720836,4.440892098500626e-16,8.253392456252797e-17,,0.5201252541696874,0.25619225950049973,0.26464466488418537,0,167,4.1977017719388465,raw,0.05,74,ed2d992f3fa706690ab73e6a57ddd184ff5a8c7ff1a04fee9860433efa2c4490,6.322006926729419,0,0.0,0,SmacHybrid,2feeefa9686e2bc43b0e1420aac59d9f5e3eb15be690f6215c9a7db97f18d9da,128,,,,,,,,,,,,,,,,,,,,,,,,,,,,,,,,,,,,,,ed2d992f3fa706690ab73e6a57ddd184ff5a8c7ff1a04fee9860433efa2c4490,0,1,horizontal_rack_detour,True,9.369183960720836,4.1977017719388465,6.322006926729419,1,0.00675002800016955
0.003,3.3054327793877087,0.05329241492044273,0.020642067823308474,,0.5122987399299341,0.21959563989254183,0.23390290478282266,0,151,2.608403489799748,simple,0.05,74,4feb1c0e96e8502ee088adccc6fb43f138c644453b89d07a34707caa72faef67,6.210440230630089,0,0.0,0,SmacHybrid,2feeefa9686e2bc43b0e1420aac59d9f5e3eb15be690f6215c9a7db97f18d9da,126,,,,,,,,,,,,,,,,,,,,,,,,,,,,,,,,,,,,,,ed2d992f3fa706690ab73e6a57ddd184ff5a8c7ff1a04fee9860433efa2c4490,0,1,horizontal_rack_detour,True,3.3054327793877087,2.608403489799748,6.210440230630089,1,0.006251545999930386
0.0,6.89845689210369,0.00829915758465051,0.002629315411857681,,0.5227458474122162,0.25619225950049973,0.26464466488418537,0,154,4.500376863121133,savitzky_golay,0.05,74,273b6f8c4f2ed7daad07e66c0d59a7f6c15e92e86cb7167e98f26e6abf5c93df,6.3096303263720435,0,0.0,0,SmacHybrid,2feeefa9686e2bc43b0e1420aac59d9f5e3eb15be690f6215c9a7db97f18d9da,128,,,,,,,,,,,,,,,,,,,,,,,,,,,,,,,,,,,,,,ed2d992f3fa706690ab73e6a57ddd184ff5a8c7ff1a04fee9860433efa2c4490,0,1,horizontal_rack_detour,True,6.89845689210369,4.500376863121133,6.3096303263720435,1,0.006164033000004565
0.009000000000000001,6.94096861226354,0.010750307598074596,0.004353267689259908,,0.518019896282971,0.26464466488418537,0.26464466488418537,0,153,4.07228875187214,constrained,0.05,74,dd0773e1fa11547dd3bbf9f874409d19833a5e90152645bd930a8fc881990480,6.3235165599411305,0,0.0,0,SmacHybrid,2feeefa9686e2bc43b0e1420aac59d9f5e3eb15be690f6215c9a7db97f18d9da,128,,,,,,,,,,,,,,,,,,,,,,,,,,,,,,,,,,,,,,ed2d992f3fa706690ab73e6a57ddd184ff5a8c7ff1a04fee9860433efa2c4490,0,1,horizontal_rack_detour,True,6.94096861226354,4.07228875187214,6.3235165599411305,1,0.015377125999748387
0.021,0.9244678214990488,0.23131343303901827,0.10840080475172212,,0.43008601743734554,0.10606601875848895,0.10606601875848895,0,179,1.0022129951275154,pstmo,0.05,170,6c371ba77869bb4ee323a67ab7097922bc1767cf8295c8803115bf24c6a0294a,5.969568903447294,0,0.0,0,SmacHybrid,2feeefa9686e2bc43b0e1420aac59d9f5e3eb15be690f6215c9a7db97f18d9da,121,0,12,"[[0, -2.8], [4.42973, -1.68675], [4.8, -0.2]]",3,0.075,0,0.15,0,3,0,0,"[{'index': 0, 'x': 4.42973, 'y': -1.68675, 'turn_angle': 1.0805, 'incoming_length': 4.56747, 'outgoing_length': 1.53216, 'pivot_safe': True, 'pass_through': False, 'radius_min': 0.1, 'radius_max': 1.5, 'trim_min': 0.0599769, 'trim_max': 0.899654, 'evaluations': 20, 'safe_feasible': 14, 'states': 6, 'selected_radius': 1.28125, 'selected_trim': 0.768454, 'selected_score': 0.547157}]",1,6,20,none,1,2,24,True,,False,0.1,3,22,252,0.547157,170,0,0,74,"{'swept_footprint': 3, 'transition requires a reversing inner wheel': 3}",0.0192765,adaptive,0.05,,14,ed2d992f3fa706690ab73e6a57ddd184ff5a8c7ff1a04fee9860433efa2c4490,0,1,horizontal_rack_detour,True,0.9244678214990488,1.0022129951275154,5.969568903447294,1,0.034398881000015535
0.006,5.0803321795319,1.700029006457271e-16,5.635342061505802e-17,,0.38106607105920204,0.2474873771031409,0.2474873771031409,0,131,3.9664617195578984,raw,0.05,59,324fa703cfe2a5a28a0d8992da4fcb415054cada1eac572f9841520a79bb9629,4.921163348066441,0,0.0,0,SmacHybrid,8e2487292f8301b271f0629f3cb78a0d310d36d046324e967e8c2e4520daa7fc,100,,,,,,,,,,,,,,,,,,,,,,,,,,,,,,,,,,,,,,324fa703cfe2a5a28a0d8992da4fcb415054cada1eac572f9841520a79bb9629,0,1,right_rack_detour,True,5.0803321795319,3.9664617195578984,4.921163348066441,1,0.009310585000093852
0.0,1.7767473645730056,0.042545920942019644,0.02026985752944922,,0.37422559686214335,0.2146446641391273,0.2146446641391273,0,120,1.692368245466896,simple,0.05,59,2b015c6ae15f8cbe2c36b4059204103cee5a4b4b51da5c0d1a138f503c51e105,4.855991406244341,0,0.0,0,SmacHybrid,8e2487292f8301b271f0629f3cb78a0d310d36d046324e967e8c2e4520daa7fc,99,,,,,,,,,,,,,,,,,,,,,,,,,,,,,,,,,,,,,,324fa703cfe2a5a28a0d8992da4fcb415054cada1eac572f9841520a79bb9629,0,1,right_rack_detour,True,1.7767473645730056,1.692368245466896,4.855991406244341,1,0.005384024000250065
0.0,2.822966828864744,0.008432449324126453,0.0026887447604706477,,0.3808587158360002,0.2474873771031409,0.2474873771031409,0,119,2.2926702242301356,savitzky_golay,0.05,59,a56a23e335eb41187887364881aee9a514d0a901706de44190f419278452c251,4.913863699625825,0,0.0,0,SmacHybrid,8e2487292f8301b271f0629f3cb78a0d310d36d046324e967e8c2e4520daa7fc,100,,,,,,,,,,,,,,,,,,,,,,,,,,,,,,,,,,,,,,324fa703cfe2a5a28a0d8992da4fcb415054cada1eac572f9841520a79bb9629,0,1,right_rack_detour,True,2.822966828864744,2.2926702242301356,4.913863699625825,1,0.005935758999839891
0.0,3.7132969760419923,0.006833062032810735,0.0022968993293692288,,0.38023055064542166,0.2474873771031409,0.25619225950049973,0,119,3.8120928570765753,constrained,0.05,59,1488d67d46aee3d08925d146e015e968ec3486e12d129872e17c19e6842c56e6,4.922183721877065,0,0.0,0,SmacHybrid,8e2487292f8301b271f0629f3cb78a0d310d36d046324e967e8c2e4520daa7fc,100,,,,,,,,,,,,,,,,,,,,,,,,,,,,,,,,,,,,,,324fa703cfe2a5a28a0d8992da4fcb415054cada1eac572f9841520a79bb9629,0,1,right_rack_detour,True,3.7132969760419923,3.8120928570765753,4.922183721877065,1,0.010796740999921894
0.009000000000000001,2.2204479343846835,0.279070875586121,0.16110443277779188,,0.2298000640504256,0.10606601875848895,0.10606601875848895,0,136,2.0064401550035664,pstmo,0.05,131,068ca64608d1c76f7a6db357bf05bac9ef10e67d2ad35297a1aa60df2f07b2fe,4.601842588969456,0,0.0,0,SmacHybrid,8e2487292f8301b271f0629f3cb78a0d310d36d046324e967e8c2e4520daa7fc,94,0,12,"[[3.2, 0], [4.94128, 0.21948], [5.2, 3.2]]",3,0.075,0,0.15,0,3,0,0,"[{'index': 0, 'x': 4.94128, 'y': 0.21948, 'turn_angle': 1.35882, 'incoming_length': 1.75506, 'outgoing_length': 2.99173, 'pivot_safe': True, 'pass_through': False, 'radius_min': 0.1, 'radius_max': 1.5, 'trim_min': 0.080769, 'trim_max': 1.21154, 'evaluations': 20, 'safe_feasible': 12, 'states': 6, 'selected_radius': 0.68625, 'selected_trim': 0.554277, 'selected_score': 0.739604}]",1,6,20,none,1,2,40,True,,False,0.1,3,38,252,0.739604,131,0,0,59,"{'swept_footprint': 6, 'transition requires a reversing inner wheel': 2}",0.00844647,adaptive,0.05,,12,324fa703cfe2a5a28a0d8992da4fcb415054cada1eac572f9841520a79bb9629,0,1,right_rack_detour,True,2.2204479343846835,2.0064401550035664,4.601842588969456,1,0.01632024399987131
0.036000000000000004,13.033157022926998,8.881784197001252e-16,7.17972282988283e-17,,0.45037524804789275,0.014644661158895074,0.06464466190395313,0,343,4.47046994565294,raw,0.05,156,9fb78e84e7ebebd3eee9296b8d98e0904b8ad92bc72441ec45b5bab147fa77a4,13.776532581197573,0,0.0,0,SmacHybrid,a94ba1a7f96361595ffdd597962b3e1fdb94128a1152640fe1b2b75c9ec35f74,277,,,,,,,,,,,,,,,,,,,,,,,,,,,,,,,,,,,,,,9fb78e84e7ebebd3eee9296b8d98e0904b8ad92bc72441ec45b5bab147fa77a4,0,1,long_southwest_to_northeast,True,13.033157022926998,4.47046994565294,13.776532581197573,1,0.04742416899989621
0.0,4.372023235730285,0.059227694576585506,0.017610545241931674,,0.45837012608934974,0.06464466190395313,0.06464466190395313,0,315,2.7195416980171765,simple,0.05,156,963999118fe46a01e50466cab53a9189d0c77b8f683e02dae2b264a474aabf81,13.61832235848747,0,0.0,0,SmacHybrid,a94ba1a7f96361595ffdd597962b3e1fdb94128a1152640fe1b2b75c9ec35f74,274,,,,,,,,,,,,,,,,,,,,,,,,,,,,,,,,,,,,,,9fb78e84e7ebebd3eee9296b8d98e0904b8ad92bc72441ec45b5bab147fa77a4,0,1,long_southwest_to_northeast,True,4.372023235730285,2.7195416980171765,13.61832235848747,1,0.00926011199999266
,,,,"smoothing failed: status=6, code=503, message=''",,,,,,,savitzky_golay,,,,,,,,SmacHybrid,a94ba1a7f96361595ffdd597962b3e1fdb94128a1152640fe1b2b75c9ec35f74,,,,,,,,,,,,,,,,,,,,,,,,,,,,,,,,,,,,,,,9fb78e84e7ebebd3eee9296b8d98e0904b8ad92bc72441ec45b5bab147fa77a4,0,1,long_southwest_to_northeast,False,,,,,
0.036000000000000004,13.515160896528688,0.12017699970473994,0.02316041571699557,,0.46792747359315556,0.06464466190395313,0.11464466264901119,0,319,8.428193439294848,constrained,0.05,156,feef21153ea8790530aefcff88a29e188003508699ea67f629a3f0787b00fb30,13.731556808542866,0,0.0,0,SmacHybrid,a94ba1a7f96361595ffdd597962b3e1fdb94128a1152640fe1b2b75c9ec35f74,276,,,,,,,,,,,,,,,,,,,,,,,,,,,,,,,,,,,,,,9fb78e84e7ebebd3eee9296b8d98e0904b8ad92bc72441ec45b5bab147fa77a4,0,1,long_southwest_to_northeast,True,13.515160896528688,8.428193439294848,13.731556808542866,1,0.05321630799971899
,,,,"smoothing failed: status=6, code=504, message=''",,,,,,,pstmo,,,,,,,,SmacHybrid,a94ba1a7f96361595ffdd597962b3e1fdb94128a1152640fe1b2b75c9ec35f74,,,,,,,,,,,,,,,,,,,,,,,,,,,,,,,,,,,,,,,9fb78e84e7ebebd3eee9296b8d98e0904b8ad92bc72441ec45b5bab147fa77a4,0,1,long_southwest_to_northeast,False,,,,,
0.015000000000000001,13.498026426625204,4.440892098500626e-16,6.328086361406078e-17,,0.6580508690847194,0.035355339586162986,0.06464466190395313,0,317,5.040210471596419,raw,0.05,147,add23530f5eeb9e9fffbc6a113eb856da366cf41f2fcb2b82c2e596ff9fe8e05,12.94746697675788,0,0.0,0,SmacHybrid,51ab0a8b4b460358678282142d52f4c63b0cb9153e1a90c01f0bd5974918c93b,261,,,,,,,,,,,,,,,,,,,,,,,,,,,,,,,,,,,,,,add23530f5eeb9e9fffbc6a113eb856da366cf41f2fcb2b82c2e596ff9fe8e05,0,1,long_northeast_to_southwest,True,13.498026426625204,5.040210471596419,12.94746697675788,1,0.02192398899978798
,,,,"smoothing failed: status=6, code=503, message=''",,,,,,,simple,,,,,,,,SmacHybrid,51ab0a8b4b460358678282142d52f4c63b0cb9153e1a90c01f0bd5974918c93b,,,,,,,,,,,,,,,,,,,,,,,,,,,,,,,,,,,,,,,add23530f5eeb9e9fffbc6a113eb856da366cf41f2fcb2b82c2e596ff9fe8e05,0,1,long_northeast_to_southwest,False,,,,,
0.0,7.267022547966332,0.00785026156125887,0.002614290168569444,,0.6637095903918083,0.035355339586162986,0.06464466190395313,0,301,4.238158481031208,savitzky_golay,0.05,147,3239fc14a8c86f7399c25608fa8abde3318816b0d245bb3a3f175fa685eb2a83,12.928754687142016,0,0.0,0,SmacHybrid,51ab0a8b4b460358678282142d52f4c63b0cb9153e1a90c01f0bd5974918c93b,260,,,,,,,,,,,,,,,,,,,,,,,,,,,,,,,,,,,,,,add23530f5eeb9e9fffbc6a113eb856da366cf41f2fcb2b82c2e596ff9fe8e05,0,1,long_northeast_to_southwest,True,7.267022547966332,4.238158481031208,12.928754687142016,1,0.008671808000144665
0.024,8.814699264678051,0.0733165820862348,0.020206292105925634,,0.6612196197958933,0.06464466190395313,0.11464466264901119,0,307,4.5395962482726935,constrained,0.05,147,4ea19f791f97325235b53725639867dfdb8f35d6e1c041521795482d97884477,13.04318439905251,0,0.0,0,SmacHybrid,51ab0a8b4b460358678282142d52f4c63b0cb9153e1a90c01f0bd5974918c93b,262,,,,,,,,,,,,,,,,,,,,,,,,,,,,,,,,,,,,,,add23530f5eeb9e9fffbc6a113eb856da366cf41f2fcb2b82c2e596ff9fe8e05,0,1,long_northeast_to_southwest,True,8.814699264678051,4.5395962482726935,13.04318439905251,1,0.03348219000008612
0.10200000000000001,7.290957861237921,0.07078174539530693,0.027037199635050194,,0.5956244786758286,0.014644661158895074,0.035355339586162986,0,511,4.079286542490894,pstmo,0.05,505,93c8f288a0a491ff7a00215124877d5852f84e05efcf6e7c976d5217734fbd0c,12.835473580016814,0,0.0,0,SmacHybrid,51ab0a8b4b460358678282142d52f4c63b0cb9153e1a90c01f0bd5974918c93b,258,300,156,"[[5, 3], [4.83408, 3.42163], [4.59647, 3.54532], [3.69224, 3.47003], [3.36293, 3.3164], [2.32284, 1.94127], [1.55572, 1.2976], [0.466188, 0.0672917], [-0.734902, -1.04976], [-2.35596, -2.07304], [-2.87091, -2.70501], [-3.73191, -2.91778], [-5, -3]]",147,0.075,0.0665427,0.15,0,13,0,12,"[{'index': 0, 'x': 4.83408, 'y': 3.42163, 'turn_angle': 0.715924, 'incoming_length': 0.453098, 'outgoing_length': 0.267879, 'pivot_safe': True, 'pass_through': False, 'radius_min': 0.1, 'radius_max': 0.716104, 'trim_min': 0.0374078, 'trim_max': 0.267879, 'evaluations': 20, 'safe_feasible': 16, 'states': 6, 'selected_radius': 0.284831, 'selected_trim': 0.106549, 'selected_score': 0.766483}, {'index': 1, 'x': 4.59647, 'y': 3.54532, 'turn_angle': 0.563039, 'incoming_length': 0.267879, 'outgoing_length': 0.907355, 'pivot_safe': True, 'pass_through': False, 'radius_min': 0.1, 'radius_max': 0.926274, 'trim_min': 0.02892, 'trim_max': 0.267879, 'evaluations': 20, 'safe_feasible': 15, 'states': 6, 'selected_radius': 0.347882, 'selected_trim': 0.100608, 'selected_score': 0.706415}, {'index': 2, 'x': 3.69224, 'y': 3.47003, 'turn_angle': 0.353423, 'incoming_length': 0.907355, 'outgoing_length': 0.363391, 'pivot_safe': True, 'pass_through': False, 'radius_min': 0.1, 'radius_max': 1.5, 'trim_min': 0.0178574, 'trim_max': 0.267862, 'evaluations': 20, 'safe_feasible': 18, 'states': 6, 'selected_radius': 0.415, 'selected_trim': 0.0741084, 'selected_score': 0.576101}, {'index': 3, 'x': 3.36293, 'y': 3.3164, 'turn_angle': 0.486741, 'incoming_length': 0.363391, 'outgoing_length': 1.72416, 'pivot_safe': True, 'pass_through': False, 'radius_min': 0.1, 'radius_max': 1.46356, 'trim_min': 0.0248292, 'trim_max': 0.363391, 'evaluations': 20, 'safe_feasible': 18, 'states': 6, 'selected_radius': 0.372712, 'selected_trim': 0.0925415, 'selected_score': 0.593959}, {'index': 4, 'x': 2.32284, 'y': 1.94127, 'turn_angle': -0.225122, 'incoming_length': 1.72416, 'outgoing_length': 1.0014, 'pivot_safe': True, 'pass_through': False, 'radius_min': 0.1, 'radius_max': 1.5, 'trim_min': 0.0113039, 'trim_max': 0.169558, 'evaluations': 20, 'safe_feasible': 17, 'states': 6, 'selected_radius': 1.5, 'selected_trim': 0.169558, 'selected_score': 0.133218}, {'index': 5, 'x': 1.55572, 'y': 1.2976, 'turn_angle': 0.147891, 'incoming_length': 1.0014, 'outgoing_length': 1.64339, 'pivot_safe': True, 'pass_through': False, 'radius_min': 0.1, 'radius_max': 1.5, 'trim_min': 0.00740805, 'trim_max': 0.111121, 'evaluations': 20, 'safe_feasible': 17, 'states': 6, 'selected_radius': 1.5, 'selected_trim': 0.111121, 'selected_score': 0.0996836}, {'index': 6, 'x': 0.466188, 'y': 0.0672917, 'turn_angle': -0.0968475, 'incoming_length': 1.64339, 'outgoing_length': 1.64025, 'pivot_safe': True, 'pass_through': False, 'radius_min': 0.1, 'radius_max': 1.5, 'trim_min': 0.00484616, 'trim_max': 0.0726925, 'evaluations': 11, 'safe_feasible': 9, 'states': 6, 'selected_radius': 1.5, 'selected_trim': 0.0726925, 'selected_score': 0.0725294}, {'index': 7, 'x': -0.734902, 'y': -1.04976, 'turn_angle': -0.186085, 'incoming_length': 1.64025, 'outgoing_length': 1.91701, 'pivot_safe': True, 'pass_through': False, 'radius_min': 0.1, 'radius_max': 1.5, 'trim_min': 0.00933121, 'trim_max': 0.139968, 'evaluations': 20, 'safe_feasible': 17, 'states': 6, 'selected_radius': 1.5, 'selected_trim': 0.139968, 'selected_score': 0.192869}, {'index': 8, 'x': -2.35596, 'y': -2.07304, 'turn_angle': 0.323997, 'incoming_length': 1.91701, 'outgoing_length': 0.815205, 'pivot_safe': True, 'pass_through': False, 'radius_min': 0.1, 'radius_max': 1.5, 'trim_min': 0.0163431, 'trim_max': 0.245146, 'evaluations': 20, 'safe_feasible': 17, 'states': 6, 'selected_radius': 1.5, 'selected_trim': 0.245146, 'selected_score': 0.234024}, {'index': 9, 'x': -2.87091, 'y': -2.70501, 'turn_angle': -0.644799, 'incoming_length': 0.815205, 'outgoing_length': 0.886899, 'pivot_safe': True, 'pass_through': False, 'radius_min': 0.1, 'radius_max': 1.5, 'trim_min': 0.0334055, 'trim_max': 0.501082, 'evaluations': 20, 'safe_feasible': 18, 'states': 6, 'selected_radius': 1.4475, 'selected_trim': 0.483544, 'selected_score': 0.393976}, {'index': 10, 'x': -3.73191, 'y': -2.91778, 'turn_angle': -0.177528, 'incoming_length': 0.886899, 'outgoing_length': 1.27075, 'pivot_safe': True, 'pass_through': False, 'radius_min': 0.1, 'radius_max': 1.5, 'trim_min': 0.00889978, 'trim_max': 0.133497, 'evaluations': 20, 'safe_feasible': 17, 'states': 6, 'selected_radius': 1.5, 'selected_trim': 0.133497, 'selected_score': 0.162833}]",11,66,211,none,11,1,427,True,no footprint-safe outgoing edge at input index 4,True,0.1,147,427,252,0.357463,505,0,0,147,"{'angular acceleration iteration did not converge': 16, 'transition requires a reversing inner wheel': 16}",0.102003,adaptive,0.05,,179,add23530f5eeb9e9fffbc6a113eb856da366cf41f2fcb2b82c2e596ff9fe8e05,0,1,long_northeast_to_southwest,True,7.290957861237921,4.079286542490894,12.835473580016814,1,0.1218945799996618
0.015000000000000001,5.8814012486255,4.440892098500626e-16,7.96826893791775e-17,,0.8823748829587121,0.2474873771031409,0.325199793332926,0,285,4.120053218094275,raw,0.05,139,d75ec9a01769751f19b75b4468227c10fd41fdf83ae0d64bdeb598528ba640d8,12.285682928955605,0,0.0,0,SmacHybrid,95028042318577262416f2bddb09d7cb20a52c867f9e57127f46121c7729618e,247,,,,,,,,,,,,,,,,,,,,,,,,,,,,,,,,,,,,,,d75ec9a01769751f19b75b4468227c10fd41fdf83ae0d64bdeb598528ba640d8,0,1,crossing_northwest_to_southeast,True,5.8814012486255,4.120053218094275,12.285682928955605,1,0.018540761999702227
0.0,0.6841066379336024,0.03313188046662731,0.009456054272410792,,0.881290186662847,0.28480087705617874,0.3284776419535154,0,280,0.904550694222352,simple,0.05,139,2d2f6bd0c9e008dd4ea8ff7592fb5ae093afb2e5cfa872e0bbe32d09420baecd,12.24474308484132,0,0.0,0,SmacHybrid,95028042318577262416f2bddb09d7cb20a52c867f9e57127f46121c7729618e,246,,,,,,,,,,,,,,,,,,,,,,,,,,,,,,,,,,,,,,d75ec9a01769751f19b75b4468227c10fd41fdf83ae0d64bdeb598528ba640d8,0,1,crossing_northwest_to_southeast,True,0.6841066379336024,0.904550694222352,12.24474308484132,1,0.008427072999893426
0.0,2.1754783158620983,0.00844338068038364,0.0022069569431227747,,0.8832173912884165,0.28480087705617874,0.3283051236050633,0,279,1.9221487376359296,savitzky_golay,0.05,139,b986c42312795486d1a08f3369caea29f1c2ecc42aa317477a963fb91fa8ab9f,12.27454614527822,0,0.0,0,SmacHybrid,95028042318577262416f2bddb09d7cb20a52c867f9e57127f46121c7729618e,247,,,,,,,,,,,,,,,,,,,,,,,,,,,,,,,,,,,,,,d75ec9a01769751f19b75b4468227c10fd41fdf83ae0d64bdeb598528ba640d8,0,1,crossing_northwest_to_southeast,True,2.1754783158620983,1.9221487376359296,12.27454614527822,1,0.00838575599982505
0.036000000000000004,2.69986083283501,0.013554581157852833,0.004706246055270567,,0.8850122582725076,0.28480087705617874,0.32813260525661125,0,278,2.138666772851242,constrained,0.05,139,393165cbbb6897e65792e2fbc740224563093fd95abb9a40844a6565cd377dc6,12.286092874837404,0,0.0,0,SmacHybrid,95028042318577262416f2bddb09d7cb20a52c867f9e57127f46121c7729618e,247,,,,,,,,,,,,,,,,,,,,,,,,,,,,,,,,,,,,,,d75ec9a01769751f19b75b4468227c10fd41fdf83ae0d64bdeb598528ba640d8,0,1,crossing_northwest_to_southeast,True,2.69986083283501,2.138666772851242,12.286092874837404,1,0.04799457599983725
0.021,5.041142659204491,0.5195355305648989,0.2574515563004529,,0.7672246921466108,0.10606601875848895,0.11464466264901119,0,259,9.221273465104668,pstmo,0.05,247,a6b433cead4da2859961014ebd7d5a8a44770ae1cb2ff1d8c33353598cb8c7bf,12.084403935052807,2,0.4945719170295061,0.7153513535898653,SmacHybrid,95028042318577262416f2bddb09d7cb20a52c867f9e57127f46121c7729618e,243,36,32,"[[-5, 3], [-0.783366, -1.34302], [4.27316, -2.93821], [5, -3]]",4,0.075,0,0.15,0,4,0,0,"[{'index': 0, 'x': -0.783366, 'y': -1.34302, 'turn_angle': 0.494572, 'incoming_length': 6.05325, 'outgoing_length': 5.30218, 'pivot_safe': True, 'pass_through': False, 'radius_min': 0.1, 'radius_max': 1.5, 'trim_min': 0.0252453, 'trim_max': 0.378679, 'evaluations': 20, 'safe_feasible': 17, 'states': 6, 'selected_radius': 0, 'selected_trim': 0, 'selected_score': 0}, {'index': 1, 'x': 4.27316, 'y': -2.93821, 'turn_angle': 0.220779, 'incoming_length': 5.30218, 'outgoing_length': 0.729464, 'pivot_safe': True, 'pass_through': False, 'radius_min': 0.1, 'radius_max': 1.5, 'trim_min': 0.011084, 'trim_max': 0.16626, 'evaluations': 20, 'safe_feasible': 17, 'states': 6, 'selected_radius': 0, 'selected_trim': 0, 'selected_score': 0}]",2,12,40,all_pivot,0,3,84,True,,False,0.1,4,81,252,0,247,0,2,139,"{'angular acceleration iteration did not converge': 4, 'transition requires a reversing inner wheel': 2}",0.0194042,adaptive,0.05,unsafe_sweep_208_209,34,d75ec9a01769751f19b75b4468227c10fd41fdf83ae0d64bdeb598528ba640d8,0,1,crossing_northwest_to_southeast,True,5.202650929522144e-25,2.4451697123125386e-12,12.084886533981505,3,0.03124241300020003
0.003,1.8857929883773887,2.220446049250313e-16,3.150235966270065e-17,,0.6051437919713966,0.2474873771031409,0.25619225950049973,0,161,3.0484800808046133,raw,0.05,80,f89fc41a99b59248dc5c44aeaeaae58f78032e78f3a92194a0c9d809fd9069bd,6.790192241934211,0,0.0,0,SmacHybrid,5b190fc6831641d0e66d50815cd86cabef95cd2386fa135e63bea5b38e91e4e3,137,,,,,,,,,,,,,,,,,,,,,,,,,,,,,,,,,,,,,,f89fc41a99b59248dc5c44aeaeaae58f78032e78f3a92194a0c9d809fd9069bd,0,1,central_south_to_north,True,1.8857929883773887,3.0484800808046133,6.790192241934211,1,0.009063181999863446
0.003,0.44318677854299376,0.03783158000212495,0.009353157089308669,,0.6092083722719848,0.21959563989254183,0.23390290478282266,0,160,1.318327127284936,simple,0.05,80,067c0dfc684f63dfb820d2ac3ff469c14d81175b874d75909d588e58d0bd2dc8,6.770607515562765,0,0.0,0,SmacHybrid,5b190fc6831641d0e66d50815cd86cabef95cd2386fa135e63bea5b38e91e4e3,137,,,,,,,,,,,,,,,,,,,,,,,,,,,,,,,,,,,,,,f89fc41a99b59248dc5c44aeaeaae58f78032e78f3a92194a0c9d809fd9069bd,0,1,central_south_to_north,True,0.44318677854299376,1.318327127284936,6.770607515562765,1,0.010815502000241395
0.0,0.9350513848559565,0.006111432401380647,0.0014430963332442111,,0.6132190877752998,0.2474873771031409,0.2642220446150011,0,160,2.1523822382939977,savitzky_golay,0.05,80,5c8ecb9344ad257a8c9fa83cc4a08c2d81108d98ba6134e853d40c881d7123df,6.787392300924724,0,0.0,0,SmacHybrid,5b190fc6831641d0e66d50815cd86cabef95cd2386fa135e63bea5b38e91e4e3,137,,,,,,,,,,,,,,,,,,,,,,,,,,,,,,,,,,,,,,f89fc41a99b59248dc5c44aeaeaae58f78032e78f3a92194a0c9d809fd9069bd,0,1,central_south_to_north,True,0.9350513848559565,2.1523822382939977,6.787392300924724,1,0.007819682999979705
0.015000000000000001,1.0379268592440194,0.010990224797025105,0.003153360961711705,,0.6133108146018061,0.25619225950049973,0.2637994243458168,0,159,1.6523963447218328,constrained,0.05,80,33e3d39165993a0862cc838d613499c6c7122a066f95883422cc6369e6240a80,6.790930556771992,0,0.0,0,SmacHybrid,5b190fc6831641d0e66d50815cd86cabef95cd2386fa135e63bea5b38e91e4e3,137,,,,,,,,,,,,,,,,,,,,,,,,,,,,,,,,,,,,,,f89fc41a99b59248dc5c44aeaeaae58f78032e78f3a92194a0c9d809fd9069bd,0,1,central_south_to_north,True,1.0379268592440194,1.6523963447218328,6.790930556771992,1,0.01973582099981286
0.012,0.31764421125513326,0.13946733573924766,0.07079928470510109,,0.4891529204125011,0.10606601875848895,0.12275854577833645,0,197,0.778108803048796,pstmo,0.05,193,d571672b9a342ca86a817e31e901511dcd993f51296fbe134cfc129f0b402b4c,6.738546274398206,0,0.0,0,SmacHybrid,5b190fc6831641d0e66d50815cd86cabef95cd2386fa135e63bea5b38e91e4e3,136,0,17,"[[-2, -3], [-0.201041, -0.182364], [0.2, 3.2]]",3,0.075,0,0.15,0,3,0,0,"[{'index': 0, 'x': -0.201041, 'y': -0.182364, 'turn_angle': 0.450205, 'incoming_length': 3.34295, 'outgoing_length': 3.40606, 'pivot_safe': True, 'pass_through': False, 'radius_min': 0.1, 'radius_max': 1.5, 'trim_min': 0.0228983, 'trim_max': 0.343475, 'evaluations': 20, 'safe_feasible': 17, 'states': 6, 'selected_radius': 1.5, 'selected_trim': 0.343475, 'selected_score': 0.362104}]",1,6,20,none,1,2,44,True,,False,0.1,3,42,252,0.362104,193,0,0,80,"{'angular acceleration iteration did not converge': 2, 'transition requires a reversing inner wheel': 1}",0.0111497,adaptive,0.05,,17,f89fc41a99b59248dc5c44aeaeaae58f78032e78f3a92194a0c9d809fd9069bd,0,1,central_south_to_north,True,0.31764421125513326,0.778108803048796,6.738546274398206,1,0.021133906999693863
0.003,4.011933167445638,2.220446049250313e-16,6.41865180058936e-17,,0.4865697936037033,0.2146446641391273,0.2146446641391273,0,161,3.217967915540445,raw,0.05,78,2ddcdb9c9c39ad9ac1ba2ee0282880c063c20c06cb702340177d25a8ba2e3c9e,6.613457657740871,0,0.0,0,SmacHybrid,c91e97435e65b8c7b6c2befa9dcee04b7845310d7d3113b4503d245ca4879997,134,,,,,,,,,,,,,,,,,,,,,,,,,,,,,,,,,,,,,,2ddcdb9c9c39ad9ac1ba2ee0282880c063c20c06cb702340177d25a8ba2e3c9e,0,1,right_south_to_north,True,4.011933167445638,3.217967915540445,6.613457657740871,1,0.007308492999982263
0.0,0.581193834036218,0.0332412191882082,0.011463230399893781,,0.4767301794014728,0.18825146149581692,0.2146446641391273,0,156,1.0015372368931164,simple,0.05,78,95cc8383a11779096271b554f29c443c75c7e383c2a1a464e57805d364cf08ba,6.582646488699488,0,0.0,0,SmacHybrid,c91e97435e65b8c7b6c2befa9dcee04b7845310d7d3113b4503d245ca4879997,133,,,,,,,,,,,,,,,,,,,,,,,,,,,,,,,,,,,,,,2ddcdb9c9c39ad9ac1ba2ee0282880c063c20c06cb702340177d25a8ba2e3c9e,0,1,right_south_to_north,True,0.581193834036218,1.0015372368931164,6.582646488699488,1,0.006330554999749438
0.0,1.7685657927773408,0.005875469937391604,0.0020990056129996768,,0.48305866316238355,0.2146446641391273,0.2146446641391273,0,156,1.8582903296966555,savitzky_golay,0.05,78,dc204394a9029b065859de8156d4ce1401b7e8ab081f4a969286e3eb0bfdd4ba,6.607051603110313,0,0.0,0,SmacHybrid,c91e97435e65b8c7b6c2befa9dcee04b7845310d7d3113b4503d245ca4879997,134,,,,,,,,,,,,,,,,,,,,,,,,,,,,,,,,,,,,,,2ddcdb9c9c39ad9ac1ba2ee0282880c063c20c06cb702340177d25a8ba2e3c9e,0,1,right_south_to_north,True,1.7685657927773408,1.8582903296966555,6.607051603110313,1,0.006407557000329689
0.012,2.592249615606291,0.008771877400299001,0.0022443666475357336,,0.48259038471052107,0.2146446641391273,0.21959563989254183,0,155,2.091958588423883,constrained,0.05,78,310f095feeecbf274342a57c6cb8a01a482956b1bc9cf27846d3d12f59b3508d,6.613489855853722,0,0.0,0,SmacHybrid,c91e97435e65b8c7b6c2befa9dcee04b7845310d7d3113b4503d245ca4879997,134,,,,,,,,,,,,,,,,,,,,,,,,,,,,,,,,,,,,,,2ddcdb9c9c39ad9ac1ba2ee0282880c063c20c06cb702340177d25a8ba2e3c9e,0,1,right_south_to_north,True,2.592249615606291,2.091958588423883,6.613489855853722,1,0.017000835000089864
0.012,0.25023894350490883,0.2185703966915755,0.09964079703421312,,0.43855927189253174,0.11464466264901119,0.11464466264901119,0,179,0.7712853273844085,pstmo,0.05,176,e45a5772eca1261035958e7bfb3bc202ebe12ce1ad4cdd659977602d9bd580cc,6.519147368302739,0,0.0,0,SmacHybrid,c91e97435e65b8c7b6c2befa9dcee04b7845310d7d3113b4503d245ca4879997,132,6,18,"[[5, -3], [3.98733, -0.285926], [3.26166, 1.52609], [3.2, 3.2]]",4,0.075,0,0.15,0,4,1,0,"[{'index': 0, 'x': 3.98733, 'y': -0.285926, 'turn_angle': 0.0237943, 'incoming_length': 2.89684, 'outgoing_length': 1.95193, 'pivot_safe': True, 'pass_through': True, 'radius_min': 0, 'radius_max': 0, 'trim_min': 0, 'trim_max': 0, 'evaluations': 0, 'safe_feasible': 0, 'states': 1, 'selected_radius': 0, 'selected_trim': 0, 'selected_score': 0}, {'index': 1, 'x': 3.26166, 'y': 1.52609, 'turn_angle': -0.344098, 'incoming_length': 1.95193, 'outgoing_length': 1.67504, 'pivot_safe': True, 'pass_through': False, 'radius_min': 0.1, 'radius_max': 1.5, 'trim_min': 0.0173767, 'trim_max': 0.26065, 'evaluations': 20, 'safe_feasible': 18, 'states': 6, 'selected_radius': 1.5, 'selected_trim': 0.26065, 'selected_score': 0.259517}]",2,7,20,none,1,3,71,True,,False,0.1,4,68,252,0.259517,176,1,0,78,"{'angular acceleration iteration did not converge': 1, 'transition requires a reversing inner wheel': 1}",0.0130022,adaptive,0.05,,18,2ddcdb9c9c39ad9ac1ba2ee0282880c063c20c06cb702340177d25a8ba2e3c9e,0,1,right_south_to_north,True,0.25023894350490883,0.7712853273844085,6.519147368302739,1,0.020950861000073928
0.003,4.119572191248394e-11,0.0,0.0,,0.5146446686094759,0.5146446686094757,0.5146446686094757,0,69,1.9430536291059137e-05,raw,0.05,35,c65580c22aa942fe96dbc2bf440b1d3b4af1841da395ea70421a1134201153eb,2.7999999999999794,0,0.0,0,SmacHybrid,fb5e7bfdeb5aa383328471496105b03e8f73cbe5f2dacc1215f915c2b865d4a1,57,,,,,,,,,,,,,,,,,,,,,,,,,,,,,,,,,,,,,,c65580c22aa942fe96dbc2bf440b1d3b4af1841da395ea70421a1134201153eb,0,1,upper_open_short,True,4.119572191248394e-11,1.9430536291059137e-05,2.7999999999999794,1,0.003965993000292656
0.0,6.724953890311664e-13,7.296373416565416e-08,2.189962448803331e-08,,0.5146446686094759,0.5146446686094757,0.5146446686094757,0,69,1.8616484354084665e-06,simple,0.05,35,7c294f64237fed5189c22ea8e972e7974f479e81bf7f48cc63502b3146def048,2.7999999999999985,0,0.0,0,SmacHybrid,fb5e7bfdeb5aa383328471496105b03e8f73cbe5f2dacc1215f915c2b865d4a1,57,,,,,,,,,,,,,,,,,,,,,,,,,,,,,,,,,,,,,,c65580c22aa942fe96dbc2bf440b1d3b4af1841da395ea70421a1134201153eb,0,1,upper_open_short,True,6.724953890311664e-13,1.8616484354084665e-06,2.7999999999999985,1,0.005155699000169989
0.0,4.2026856424163145e-12,4.73075489892949e-08,1.0911810925926897e-08,,0.5146446686094759,0.5146446686094757,0.5146446686094757,0,70,4.426573418926116e-06,savitzky_golay,0.05,35,825ecfb0b950b170f1e607923aa35f09265109605bb712c3fe582aff91dbfa2d,2.7999999999999967,0,0.0,0,SmacHybrid,fb5e7bfdeb5aa383328471496105b03e8f73cbe5f2dacc1215f915c2b865d4a1,57,,,,,,,,,,,,,,,,,,,,,,,,,,,,,,,,,,,,,,c65580c22aa942fe96dbc2bf440b1d3b4af1841da395ea70421a1134201153eb,0,1,upper_open_short,True,4.2026856424163145e-12,4.426573418926116e-06,2.7999999999999967,1,0.005709152999770595
0.0,4.119572191248394e-11,0.0,0.0,,0.5146446686094759,0.5146446686094757,0.5146446686094757,0,69,1.9430536291059137e-05,constrained,0.05,35,c65580c22aa942fe96dbc2bf440b1d3b4af1841da395ea70421a1134201153eb,2.7999999999999794,0,0.0,0,SmacHybrid,fb5e7bfdeb5aa383328471496105b03e8f73cbe5f2dacc1215f915c2b865d4a1,57,,,,,,,,,,,,,,,,,,,,,,,,,,,,,,,,,,,,,,c65580c22aa942fe96dbc2bf440b1d3b4af1841da395ea70421a1134201153eb,0,1,upper_open_short,True,4.119572191248394e-11,1.9430536291059137e-05,2.7999999999999794,1,0.005068661999757751
0.0,0.0,1.0728836041806744e-07,1.0419866111082686e-07,,0.5146446686094759,0.5146446686094757,0.5146446686094757,0,75,0.0,pstmo,0.05,57,a1b9cbae5704f2a20ffd8e5a71e80a7e7604fc3eb2104e2de1bc881050b894d8,2.799999999999998,0,0.0,0,SmacHybrid,fb5e7bfdeb5aa383328471496105b03e8f73cbe5f2dacc1215f915c2b865d4a1,57,0,0,"[[-5, 3.2], [-2.2, 3.2]]",2,0.075,0,0.15,0,2,0,0,[],0,0,0,none,0,1,1,True,,False,0.1,2,0,252,0,57,0,0,35,{},0.000436545,adaptive,0.05,,0,c65580c22aa942fe96dbc2bf440b1d3b4af1841da395ea70421a1134201153eb,0,1,upper_open_short,True,0.0,0.0,2.799999999999998,1,0.005612534999727359
0.003,4.995680699264864,4.440892098500626e-16,4.991408376245742e-17,,0.4911094843595594,0.2474873771031409,0.2474873771031409,0,124,3.4302539800883625,raw,0.05,56,57478dc275b32d211a9f6c085410e875a1826515caad9a7d65512c86b66c200c,4.633588115546325,0,0.0,0,SmacHybrid,86a5c6a32e56c182c375b37330549743a1d5e441e60796274cc39a3fbc81987a,94,,,,,,,,,,,,,,,,,,,,,,,,,,,,,,,,,,,,,,57478dc275b32d211a9f6c085410e875a1826515caad9a7d65512c86b66c200c,0,1,lower_left_diagonal,True,4.995680699264864,3.4302539800883625,4.633588115546325,1,0.005062496999926225
0.003,1.4290505542465666,0.0407647146916522,0.01776259736633114,,0.488740462977639,0.2146446641391273,0.2146446641391273,0,114,1.6308847463670009,simple,0.05,56,5fd045fcda3175cd31fdcbef0ef60811ade4c6226aab0be67d5ce070b3ef7d54,4.579652841915391,0,0.0,0,SmacHybrid,86a5c6a32e56c182c375b37330549743a1d5e441e60796274cc39a3fbc81987a,93,,,,,,,,,,,,,,,,,,,,,,,,,,,,,,,,,,,,,,57478dc275b32d211a9f6c085410e875a1826515caad9a7d65512c86b66c200c,0,1,lower_left_diagonal,True,1.4290505542465666,1.6308847463670009,4.579652841915391,1,0.0055718370003887685
0.0,2.9508682596291265,0.008372416294525134,0.0025920251758071054,,0.5074271746444787,0.2474873771031409,0.2474873771031409,0,114,2.61190319351339,savitzky_golay,0.05,56,b391cac5e9ebffb5269ef9478d9ff7d88c012e3c30d33cef3c528d228f687027,4.62595334010087,0,0.0,0,SmacHybrid,86a5c6a32e56c182c375b37330549743a1d5e441e60796274cc39a3fbc81987a,94,,,,,,,,,,,,,,,,,,,,,,,,,,,,,,,,,,,,,,57478dc275b32d211a9f6c085410e875a1826515caad9a7d65512c86b66c200c,0,1,lower_left_diagonal,True,2.9508682596291265,2.61190319351339,4.62595334010087,1,0.005782219000138866
0.009000000000000001,3.2538340605844414,0.017054335053995315,0.0056701721337162475,,0.5064866050527185,0.2474873771031409,0.25619225950049973,0,113,3.3964274079783565,constrained,0.05,56,20c520222bff0b137db5b79cbe5195543efab14e34f2f1167d09fc5928b87a5a,4.637183519027737,0,0.0,0,SmacHybrid,86a5c6a32e56c182c375b37330549743a1d5e441e60796274cc39a3fbc81987a,94,,,,,,,,,,,,,,,,,,,,,,,,,,,,,,,,,,,,,,57478dc275b32d211a9f6c085410e875a1826515caad9a7d65512c86b66c200c,0,1,lower_left_diagonal,True,3.2538340605844414,3.3964274079783565,4.637183519027737,1,0.011651788000108354
0.009000000000000001,0.9860372347928285,0.24153591355073467,0.13158774621604075,,0.3196186245794098,0.07644806095482698,0.10606601875848895,0,139,1.0982428858198392,pstmo,0.05,132,6a46fa063a03dd738dd6f519a65e9d3e181f7f97bb344cd8115954d7717cac1b,4.393512212359886,0,0.0,0,SmacHybrid,86a5c6a32e56c182c375b37330549743a1d5e441e60796274cc39a3fbc81987a,89,0,11,"[[-5, -3], [-2.70981, -2.5409], [-2, -0.5]]",3,0.075,0,0.15,0,3,0,0,"[{'index': 0, 'x': -2.70981, 'y': -2.5409, 'turn_angle': 1.03825, 'incoming_length': 2.33575, 'outgoing_length': 2.16081, 'pivot_safe': True, 'pass_through': False, 'radius_min': 0.1, 'radius_max': 1.5, 'trim_min': 0.0571399, 'trim_max': 0.857099, 'evaluations': 20, 'safe_feasible': 13, 'states': 6, 'selected_radius': 1.15, 'selected_trim': 0.657109, 'selected_score': 0.563068}]",1,6,20,none,1,2,31,True,,False,0.1,3,29,252,0.563068,132,0,0,56,"{'swept_footprint': 4, 'transition requires a reversing inner wheel': 3}",0.0102039,adaptive,0.05,,13,57478dc275b32d211a9f6c085410e875a1826515caad9a7d65512c86b66c200c,0,1,lower_left_diagonal,True,0.9860372347928285,1.0982428858198392,4.393512212359886,1,0.022800009999627946
