algorithm_time_s,curvature_energy_1pm,deviation_max_m,deviation_rmse_m,error,footprint_clearance_mean_m,footprint_clearance_min_m,footprint_clearance_p05_m,footprint_collision_sample_count,footprint_pose_sample_count,max_abs_curvature_1pm,method,metric_spacing_m,native_point_count,output_path_sha256,path_length_m,pivot_marker_count,pivot_max_angle_rad,pivot_total_angle_rad,planner,planner_output_path_sha256,point_count,pstmo_compatible_edges,pstmo_competitive_candidates,pstmo_conditioned_polyline,pstmo_conditioning_input_points,pstmo_conditioning_max_deviation,pstmo_conditioning_observed_deviation,pstmo_conditioning_oscillation_deviation,pstmo_conditioning_oscillation_shortcuts,pstmo_conditioning_output_points,pstmo_conditioning_safety_rejections,pstmo_conditioning_shortcuts,pstmo_corner_search,pstmo_corners,pstmo_dp_states,pstmo_evaluations,pstmo_fallback,pstmo_g2_transitions,pstmo_los_accepted_shortcuts,pstmo_los_attempted_shortcuts,pstmo_los_enabled,pstmo_los_fallback_reason,pstmo_los_fallback_to_input,pstmo_los_footprint_padding_m,pstmo_los_output_points,pstmo_los_safety_rejections,pstmo_max_footprint_cost,pstmo_mean_transition_score,pstmo_output_points,pstmo_pass_through_corners,pstmo_pivots,pstmo_raw_input_points,pstmo_rejections,pstmo_runtime_s,pstmo_search_mode,pstmo_segment_margin,pstmo_selected_stitch_rejection,pstmo_valid_candidates,raw_path_sha256,removed_duplicate_pose_count,repetition,scenario,success,translation_curvature_energy_1pm,translation_max_abs_curvature_1pm,translation_path_length_m,translation_segment_count,wall_time_s
0.003,7.993601965654422e-12,3.469446951953614e-18,3.031269876292146e-19,,0.8690815339592559,0.3646446663743015,0.41464466711935954,0,293,8.940696716308851e-06,raw,0.05,258,0c6915c77e8d303cdcda3dc1561edf33dc6afdaea32f04cf97067543dfdc9b25,6.499999999999985,0,0.0,0,NavFnAStar,30db1901b9797e1c31c57dbced13ff6cf0b96f37e004ca76385699d896de1f29,131,,,,,,,,,,,,,,,,,,,,,,,,,,,,,,,,,,,,,,0c6915c77e8d303cdcda3dc1561edf33dc6afdaea32f04cf97067543dfdc9b25,0,1,west_service_lane,True,7.993601965654422e-12,8.940696716308851e-06,6.499999999999985,1,0.00589797600014208
0.0,3.17559309991584e-13,1.4016289462404075e-08,1.876526436696101e-09,,0.9644508768624981,0.41464466711935954,0.6146446700995918,0,258,1.3229250583890322e-06,simple,0.05,258,d959aa60a3aef6d692a4fc2c2149d998f7eb3ab6671ab9c9a661c8f964f0f870,6.499999999999981,0,0.0,0,NavFnAStar,30db1901b9797e1c31c57dbced13ff6cf0b96f37e004ca76385699d896de1f29,131,,,,,,,,,,,,,,,,,,,,,,,,,,,,,,,,,,,,,,0c6915c77e8d303cdcda3dc1561edf33dc6afdaea32f04cf97067543dfdc9b25,0,1,west_service_lane,True,3.17559309991584e-13,1.3229250583890322e-06,6.499999999999981,1,0.008568898000248737
0.0,1.3748003273504367e-12,1.0086577795220819e-08,1.1432004832048083e-09,,0.9648384737674985,0.41464466711935954,0.6146446700995918,0,258,3.416482385887357e-06,savitzky_golay,0.05,258,be3463db3ecbf72ab70455be10a8aa010dd3895458e14aa450df9d4ffff2e2a0,6.499999999999982,0,0.0,0,NavFnAStar,30db1901b9797e1c31c57dbced13ff6cf0b96f37e004ca76385699d896de1f29,131,,,,,,,,,,,,,,,,,,,,,,,,,,,,,,,,,,,,,,0c6915c77e8d303cdcda3dc1561edf33dc6afdaea32f04cf97067543dfdc9b25,0,1,west_service_lane,True,1.3748003273504367e-12,3.416482385887357e-06,6.499999999999982,1,0.007317383000099653
0.003,7.993601965654422e-12,3.469446951953614e-18,3.031269876292146e-19,,0.9613754444970521,0.41464466711935954,0.612144670062339,0,260,8.940696716308851e-06,constrained,0.05,258,0c6915c77e8d303cdcda3dc1561edf33dc6afdaea32f04cf97067543dfdc9b25,6.499999999999985,0,0.0,0,NavFnAStar,30db1901b9797e1c31c57dbced13ff6cf0b96f37e004ca76385699d896de1f29,131,,,,,,,,,,,,,,,,,,,,,,,,,,,,,,,,,,,,,,0c6915c77e8d303cdcda3dc1561edf33dc6afdaea32f04cf97067543dfdc9b25,0,1,west_service_lane,True,7.993601965654422e-12,8.940696716308851e-06,6.499999999999985,1,0.008178455000233953
0.0,0.0,2.2351741790771484e-08,2.2180461510844732e-08,,0.9592774435966023,0.41464466711935954,0.5646446693545337,0,177,0.0,pstmo,0.05,131,d6627654f26decc48294c54c3b82bdc42f1be71865d1b8d70d06b012dc82c109,6.499999999999985,0,0.0,0,NavFnAStar,30db1901b9797e1c31c57dbced13ff6cf0b96f37e004ca76385699d896de1f29,131,0,0,"[[-4.5, -3.25], [-4.5, 3.25]]",2,0.075,0,0.15,0,2,0,0,[],0,0,0,none,0,1,1,True,,False,0.1,2,0,252,0,131,0,0,258,{},0.00113963,adaptive,0.05,,0,0c6915c77e8d303cdcda3dc1561edf33dc6afdaea32f04cf97067543dfdc9b25,0,1,west_service_lane,True,0.0,0.0,6.499999999999985,1,0.007288281000001007
0.003,5.684336295668853e-11,3.469446951953614e-18,3.5226896578006256e-19,,0.4610891122558803,0.41464466711935954,0.41464466711935954,0,225,2.384185791016065e-05,raw,0.05,190,7d5f5bc37c97e4540b87cf511b404d2e4202bce6fbcba22a62e1b0eb764fbd04,4.79999999999999,0,0.0,0,NavFnAStar,3704564af346cb328a33a5c90094abf98683c7475ec6a7f285e41789f8030bad,97,,,,,,,,,,,,,,,,,,,,,,,,,,,,,,,,,,,,,,7d5f5bc37c97e4540b87cf511b404d2e4202bce6fbcba22a62e1b0eb764fbd04,0,1,picking_aisle_a,True,5.684336295668853e-11,2.384185791016065e-05,4.79999999999999,1,0.007120306000160781
0.0,2.258198094964774e-12,3.737677878312695e-08,5.815315090541498e-09,,0.5146446686094759,0.5146446686094757,0.5146446686094757,0,190,3.527800718217233e-06,simple,0.05,190,999131decef561dceba3106eb0169c0350574c8e4461f59e10a56165f6a03e1f,4.799999999999989,0,0.0,0,NavFnAStar,3704564af346cb328a33a5c90094abf98683c7475ec6a7f285e41789f8030bad,97,,,,,,,,,,,,,,,,,,,,,,,,,,,,,,,,,,,,,,7d5f5bc37c97e4540b87cf511b404d2e4202bce6fbcba22a62e1b0eb764fbd04,0,1,picking_aisle_a,True,2.258198094964774e-12,3.527800718217233e-06,4.799999999999989,1,0.006597483999939868
0.0,9.776353532580388e-12,2.689754685647472e-08,3.5427532869189027e-09,,0.5146446686094759,0.5146446686094757,0.5146446686094757,0,190,9.110620613484197e-06,savitzky_golay,0.05,190,875ff916ce891359f07d73330b83dae944b32a30bdce307dd5199b0081618a2f,4.799999999999989,0,0.0,0,NavFnAStar,3704564af346cb328a33a5c90094abf98683c7475ec6a7f285e41789f8030bad,97,,,,,,,,,,,,,,,,,,,,,,,,,,,,,,,,,,,,,,7d5f5bc37c97e4540b87cf511b404d2e4202bce6fbcba22a62e1b0eb764fbd04,0,1,picking_aisle_a,True,9.776353532580388e-12,9.110620613484197e-06,4.799999999999989,1,0.0071308819997284445
0.0,5.684336295668853e-11,3.469446951953614e-18,3.5226896578006256e-19,,0.5146446686094758,0.5146446686094757,0.5146446686094757,0,192,2.384185791016065e-05,constrained,0.05,190,7d5f5bc37c97e4540b87cf511b404d2e4202bce6fbcba22a62e1b0eb764fbd04,4.79999999999999,0,0.0,0,NavFnAStar,3704564af346cb328a33a5c90094abf98683c7475ec6a7f285e41789f8030bad,97,,,,,,,,,,,,,,,,,,,,,,,,,,,,,,,,,,,,,,7d5f5bc37c97e4540b87cf511b404d2e4202bce6fbcba22a62e1b0eb764fbd04,0,1,picking_aisle_a,True,5.684336295668853e-11,2.384185791016065e-05,4.79999999999999,1,0.008242001999860804
0.0,0.0,5.960464477539063e-08,5.898696308804984e-08,,0.5146446686094758,0.5146446686094757,0.5146446686094757,0,138,0.0,pstmo,0.05,97,2d38511830226d4f9ac2570ccfe95e1266a60a906d90bcc59e620d3d985665c0,4.799999999999991,0,0.0,0,NavFnAStar,3704564af346cb328a33a5c90094abf98683c7475ec6a7f285e41789f8030bad,97,0,0,"[[-2, -2.4], [-2, 2.4]]",2,0.075,0,0.15,0,2,0,0,[],0,0,0,none,0,1,1,True,,False,0.1,2,0,252,0,97,0,0,190,{},0.000396229,adaptive,0.05,,0,7d5f5bc37c97e4540b87cf511b404d2e4202bce6fbcba22a62e1b0eb764fbd04,0,1,picking_aisle_a,True,0.0,0.0,4.799999999999991,1,0.004876082000009774
0.0,1.2789756665182654e-10,3.469446951953614e-18,3.522689672564047e-19,,0.4610891122558803,0.41464466711935954,0.41464466711935954,0,225,3.57627868651279e-05,raw,0.05,190,73bf5a31dad76d8dede9193314db08587b8ebb9dd9707111b89e0f544199988a,4.79999999999999,0,0.0,0,NavFnAStar,5824115a57effd5359a8e4392dcc7471551e20e48b2550409aa7c49a0da8a75c,97,,,,,,,,,,,,,,,,,,,,,,,,,,,,,,,,,,,,,,73bf5a31dad76d8dede9193314db08587b8ebb9dd9707111b89e0f544199988a,0,1,picking_aisle_b,True,1.2789756665182654e-10,3.57627868651279e-05,4.79999999999999,1,0.004782286000136082
0.0,5.080945616147602e-12,5.606516836810999e-08,8.722972760477192e-09,,0.5146446686094759,0.5146446686094757,0.5146446686094757,0,190,5.291700977313688e-06,simple,0.05,190,1da78340c8a5bfeb56053d52ccc90238cb6d5271e654fc7466847c34d8fb61d7,4.799999999999989,0,0.0,0,NavFnAStar,5824115a57effd5359a8e4392dcc7471551e20e48b2550409aa7c49a0da8a75c,97,,,,,,,,,,,,,,,,,,,,,,,,,,,,,,,,,,,,,,73bf5a31dad76d8dede9193314db08587b8ebb9dd9707111b89e0f544199988a,0,1,picking_aisle_b,True,5.080945616147602e-12,5.291700977313688e-06,4.799999999999989,1,0.005991888000153267
0.0,2.1996795050429857e-11,4.0346320879819706e-08,5.314129997406805e-09,,0.5146446686094759,0.5146446686094757,0.5146446686094757,0,190,1.366593095112735e-05,savitzky_golay,0.05,190,279df8dc112612dc96b54698b7fbdd0d68dcf2e6b4abe326a99d442b2d47622a,4.799999999999986,0,0.0,0,NavFnAStar,5824115a57effd5359a8e4392dcc7471551e20e48b2550409aa7c49a0da8a75c,97,,,,,,,,,,,,,,,,,,,,,,,,,,,,,,,,,,,,,,73bf5a31dad76d8dede9193314db08587b8ebb9dd9707111b89e0f544199988a,0,1,picking_aisle_b,True,2.1996795050429857e-11,1.366593095112735e-05,4.799999999999986,1,0.006145626000034099
0.0,1.598589332027413e-10,4.469893095030125e-08,4.538488812604791e-09,,0.5146446686094758,0.5146446686094757,0.5146446686094757,0,192,3.576274263474837e-05,constrained,0.05,190,3e34d0775aadf6bb13406c6a369354646a6c2e25264f738f179d55c0e2fd93bc,4.799999999999951,0,0.0,0,NavFnAStar,5824115a57effd5359a8e4392dcc7471551e20e48b2550409aa7c49a0da8a75c,97,,,,,,,,,,,,,,,,,,,,,,,,,,,,,,,,,,,,,,73bf5a31dad76d8dede9193314db08587b8ebb9dd9707111b89e0f544199988a,0,1,picking_aisle_b,True,1.598589332027413e-10,3.576274263474837e-05,4.799999999999951,1,0.006359217999943212
0.0,0.0,8.940696716308594e-08,8.848044463207284e-08,,0.5146446686094758,0.5146446686094757,0.5146446686094757,0,138,0.0,pstmo,0.05,97,c5766c08352f36bd0d56972c26c2a18038a6ccb26cf00d7524851fa21bdaa0c2,4.799999999999991,0,0.0,0,NavFnAStar,5824115a57effd5359a8e4392dcc7471551e20e48b2550409aa7c49a0da8a75c,97,0,0,"[[0, -2.4], [0, 2.4]]",2,0.075,0,0.15,0,2,0,0,[],0,0,0,none,0,1,1,True,,False,0.1,2,0,252,0,97,0,0,190,{},0.000430774,adaptive,0.05,,0,73bf5a31dad76d8dede9193314db08587b8ebb9dd9707111b89e0f544199988a,0,1,picking_aisle_b,True,0.0,0.0,4.799999999999991,1,0.0048268959999404615
0.0,2.273734518269965e-10,3.469446951953614e-18,3.5226896578006256e-19,,0.4610891122558803,0.41464466711935954,0.41464466711935954,0,225,4.768371582034672e-05,raw,0.05,190,b25ee60f81c0e14f3ed6f97db6292424af3111ff98e6e89d865b5cdb0b0287bd,4.79999999999999,0,0.0,0,NavFnAStar,1c7d3eb64de23f420f284bb120988618a3bd124deacfc4553d92f14b55330d13,97,,,,,,,,,,,,,,,,,,,,,,,,,,,,,,,,,,,,,,b25ee60f81c0e14f3ed6f97db6292424af3111ff98e6e89d865b5cdb0b0287bd,0,1,picking_aisle_c,True,2.273734518269965e-10,4.768371582034672e-05,4.79999999999999,1,0.005647575000239158
0.0,9.03279237986167e-12,7.47535575662539e-08,1.1630630181091619e-08,,0.5146446686094759,0.5146446686094757,0.5146446686094757,0,190,7.055601436435634e-06,simple,0.05,190,6367bb5e84e179c20b5db15be333d54853f285eaf639b1d886ac0b18d52d5091,4.799999999999988,0,0.0,0,NavFnAStar,1c7d3eb64de23f420f284bb120988618a3bd124deacfc4553d92f14b55330d13,97,,,,,,,,,,,,,,,,,,,,,,,,,,,,,,,,,,,,,,b25ee60f81c0e14f3ed6f97db6292424af3111ff98e6e89d865b5cdb0b0287bd,0,1,picking_aisle_c,True,9.03279237986167e-12,7.055601436435634e-06,4.799999999999988,1,0.006781138999940595
0.0,3.9105413298532465e-11,5.379509504521707e-08,7.085506708071124e-09,,0.5146446686094759,0.5146446686094757,0.5146446686094757,0,190,1.8221241226970596e-05,savitzky_golay,0.05,190,733db2ccae823dede21e4004d2e9e5968fb7f199fa8b2b6e115ba4f2fc97df0b,4.799999999999982,0,0.0,0,NavFnAStar,1c7d3eb64de23f420f284bb120988618a3bd124deacfc4553d92f14b55330d13,97,,,,,,,,,,,,,,,,,,,,,,,,,,,,,,,,,,,,,,b25ee60f81c0e14f3ed6f97db6292424af3111ff98e6e89d865b5cdb0b0287bd,0,1,picking_aisle_c,True,3.9105413298532465e-11,1.8221241226970596e-05,4.799999999999982,1,0.008918220999930782
0.0,2.841936570223899e-10,5.9598574075891975e-08,6.0513183635504985e-09,,0.5146446686094758,0.5146446686094757,0.5146446686094757,0,192,4.768365684531638e-05,constrained,0.05,190,901d19bd53e66a7c01a0e0367c1f2663a07ad576bdb8f310328077dcdb27f713,4.79999999999992,0,0.0,0,NavFnAStar,1c7d3eb64de23f420f284bb120988618a3bd124deacfc4553d92f14b55330d13,97,,,,,,,,,,,,,,,,,,,,,,,,,,,,,,,,,,,,,,b25ee60f81c0e14f3ed6f97db6292424af3111ff98e6e89d865b5cdb0b0287bd,0,1,picking_aisle_c,True,2.841936570223899e-10,4.768365684531638e-05,4.79999999999992,1,0.007941529000163428
0.0,0.0,1.1920928955078125e-07,1.1797392617610234e-07,,0.5146446686094758,0.5146446686094757,0.5146446686094757,0,138,0.0,pstmo,0.05,97,7ba4731630d837b1cd032290fcb39c706a2828781f61723e1ddaac2afa8db092,4.799999999999991,0,0.0,0,NavFnAStar,1c7d3eb64de23f420f284bb120988618a3bd124deacfc4553d92f14b55330d13,97,0,0,"[[2, -2.4], [2, 2.4]]",2,0.075,0,0.15,0,2,0,0,[],0,0,0,none,0,1,1,True,,False,0.1,2,0,252,0,97,0,0,190,{},0.000391671,adaptive,0.05,,0,b25ee60f81c0e14f3ed6f97db6292424af3111ff98e6e89d865b5cdb0b0287bd,0,1,picking_aisle_c,True,0.0,0.0,4.799999999999991,1,0.004441739999947458
0.0,3.9168649631800603e-10,0.0,0.0,,0.8690815339592559,0.3646446663743015,0.41464466711935954,0,293,6.258487701423671e-05,raw,0.05,258,0ee9e00bcbb9b4f6d731f1933a464eb51ed1aa138093ba4f1db70b45823f172f,6.499999999999985,0,0.0,0,NavFnAStar,3305b61e94a5c4bc1aba11baa849f19215aefdac8e2a0e376387c0372b1a3b32,131,,,,,,,,,,,,,,,,,,,,,,,,,,,,,,,,,,,,,,0ee9e00bcbb9b4f6d731f1933a464eb51ed1aa138093ba4f1db70b45823f172f,0,1,east_service_lane,True,3.9168649631800603e-10,6.258487701423671e-05,6.499999999999985,1,0.005766191000020626
0.0,1.5560412642743093e-11,9.811404666541206e-08,1.3135687534954843e-08,,0.9644508768624981,0.41464466711935954,0.6146446700995918,0,258,9.26048748795288e-06,simple,0.05,258,f8f5193e71b5c789db04553f55efd21341032122a2e11ee9c5c81b1262b0f4ee,6.499999999999981,0,0.0,0,NavFnAStar,3305b61e94a5c4bc1aba11baa849f19215aefdac8e2a0e376387c0372b1a3b32,131,,,,,,,,,,,,,,,,,,,,,,,,,,,,,,,,,,,,,,0ee9e00bcbb9b4f6d731f1933a464eb51ed1aa138093ba4f1db70b45823f172f,0,1,east_service_lane,True,1.5560412642743093e-11,9.26048748795288e-06,6.499999999999981,1,0.009039163000124972
0.003,6.736519876193135e-11,7.060610141031095e-08,8.002404038068811e-09,,0.9648384737674985,0.41464466711935954,0.6146446700995918,0,258,2.3915351476950203e-05,savitzky_golay,0.05,258,35390957924c68611fd3e640841726088ff8033c2bc431dad60126b43fa9f591,6.499999999999973,0,0.0,0,NavFnAStar,3305b61e94a5c4bc1aba11baa849f19215aefdac8e2a0e376387c0372b1a3b32,131,,,,,,,,,,,,,,,,,,,,,,,,,,,,,,,,,,,,,,0ee9e00bcbb9b4f6d731f1933a464eb51ed1aa138093ba4f1db70b45823f172f,0,1,east_service_lane,True,6.736519876193135e-11,2.3915351476950203e-05,6.499999999999973,1,0.0072645569998712745
0.024,4.891849979306405e-10,7.661135903447303e-08,6.69768445694745e-09,,0.9613754444970521,0.41464466711935954,0.612144670062339,0,260,6.218092636351529e-05,constrained,0.05,258,5104524d710d60ffc26d5f10f4aaf14f2184038022701956dcf08132f972ce9f,6.499999999999876,0,0.0,0,NavFnAStar,3305b61e94a5c4bc1aba11baa849f19215aefdac8e2a0e376387c0372b1a3b32,131,,,,,,,,,,,,,,,,,,,,,,,,,,,,,,,,,,,,,,0ee9e00bcbb9b4f6d731f1933a464eb51ed1aa138093ba4f1db70b45823f172f,0,1,east_service_lane,True,4.891849979306405e-10,6.218092636351529e-05,6.499999999999876,1,0.029375012000400602
0.0,0.0,1.564621925354004e-07,1.5526323057591887e-07,,0.9592774435966023,0.41464466711935954,0.5646446693545337,0,177,0.0,pstmo,0.05,131,a4e7a5ad6a5abc3335b01229c7abedac138c39805a5922638cd4f342d56a7f0f,6.499999999999985,0,0.0,0,NavFnAStar,3305b61e94a5c4bc1aba11baa849f19215aefdac8e2a0e376387c0372b1a3b32,131,0,0,"[[4.5, 3.25], [4.5, -3.25]]",2,0.075,0,0.15,0,2,0,0,[],0,0,0,none,0,1,1,True,,False,0.1,2,0,252,0,131,0,0,258,{},0.000542987,adaptive,0.05,,0,0ee9e00bcbb9b4f6d731f1933a464eb51ed1aa138093ba4f1db70b45823f172f,0,1,east_service_lane,True,0.0,0.0,6.499999999999985,1,0.010434490000079677
0.0,1.740828605704957e-12,6.217248937900877e-15,4.385309963850972e-16,,0.4146446671193597,0.41464466711935954,0.41464466711935954,0,400,4.172325063222949e-06,raw,0.05,398,18c4d8a45d64d7b34e5750a94a7e45a736c7ba074e42fb1839913cd3cfed84af,10.000000000000009,0,0.0,0,NavFnAStar,b9d57148dee594da43a11fa191ce4699663c209d65bbe223df8f20f92b238d0d,201,,,,,,,,,,,,,,,,,,,,,,,,,,,,,,,,,,,,,,18c4d8a45d64d7b34e5750a94a7e45a736c7ba074e42fb1839913cd3cfed84af,0,1,south_transfer_corridor,True,1.740828605704957e-12,4.172325063222949e-06,10.000000000000009,1,0.0077470070000345
0.003,6.915737701590429e-14,6.540934016641131e-09,7.069667520773612e-10,,0.41464466711935977,0.41464466711935954,0.41464466711935954,0,398,6.173651811991496e-07,simple,0.05,398,6d8c50b09ee2a5c0cc47bd054f2d768ca0cc235db1d137dba9ccb36a28eda836,10.000000000000007,0,0.0,0,NavFnAStar,b9d57148dee594da43a11fa191ce4699663c209d65bbe223df8f20f92b238d0d,201,,,,,,,,,,,,,,,,,,,,,,,,,,,,,,,,,,,,,,18c4d8a45d64d7b34e5750a94a7e45a736c7ba074e42fb1839913cd3cfed84af,0,1,south_transfer_corridor,True,6.915737701590429e-14,6.173651811991496e-07,10.000000000000007,1,0.014111806000073557
0.0,2.9940109852703285e-13,4.707067180476088e-09,4.306918200143833e-10,,0.41464466711935977,0.41464466711935954,0.41464466711935954,0,398,1.594358778334031e-06,savitzky_golay,0.05,398,fd31eb1f6930a5744c1ae55674ff1434084f4ed4b03e68ebf746cd67b17381ba,10.00000000000001,0,0.0,0,NavFnAStar,b9d57148dee594da43a11fa191ce4699663c209d65bbe223df8f20f92b238d0d,201,,,,,,,,,,,,,,,,,,,,,,,,,,,,,,,,,,,,,,18c4d8a45d64d7b34e5750a94a7e45a736c7ba074e42fb1839913cd3cfed84af,0,1,south_transfer_corridor,True,2.9940109852703285e-13,1.594358778334031e-06,10.00000000000001,1,0.011083622999649378
0.0,1.740828605704957e-12,6.217248937900877e-15,4.385309963850972e-16,,0.4146446671193597,0.41464466711935954,0.41464466711935954,0,400,4.172325063222949e-06,constrained,0.05,398,18c4d8a45d64d7b34e5750a94a7e45a736c7ba074e42fb1839913cd3cfed84af,10.000000000000009,0,0.0,0,NavFnAStar,b9d57148dee594da43a11fa191ce4699663c209d65bbe223df8f20f92b238d0d,201,,,,,,,,,,,,,,,,,,,,,,,,,,,,,,,,,,,,,,18c4d8a45d64d7b34e5750a94a7e45a736c7ba074e42fb1839913cd3cfed84af,0,1,south_transfer_corridor,True,1.740828605704957e-12,4.172325063222949e-06,10.000000000000009,1,0.012410649000230478
0.0,0.0,1.0430812658057675e-08,1.037878831488907e-08,,0.4146446671193596,0.41464466711935954,0.41464466711935954,0,278,0.0,pstmo,0.05,201,f38889d924e3e8c0561f6546f1272eb5fcf40b858c8f4176b95005055c16818a,10.000000000000007,0,0.0,0,NavFnAStar,b9d57148dee594da43a11fa191ce4699663c209d65bbe223df8f20f92b238d0d,201,0,0,"[[-5, -3.3], [5, -3.3]]",2,0.075,0,0.15,0,2,0,0,[],0,0,0,none,0,1,1,True,,False,0.1,2,0,252,0,201,0,0,398,{},0.000681094,adaptive,0.05,,0,18c4d8a45d64d7b34e5750a94a7e45a736c7ba074e42fb1839913cd3cfed84af,0,1,south_transfer_corridor,True,0.0,0.0,10.000000000000007,1,0.00896164999994653
0.0,1.8932399353257351e-10,0.0,0.0,,0.4146446671193597,0.41464466711935954,0.41464466711935954,0,400,4.3511390757113675e-05,raw,0.05,398,e36e43602df6d79b2e44fdddcf4add2f4dd42ce9776748534e6bd26f5f5f086e,10.000000000000009,0,0.0,0,NavFnAStar,f90b58c6e2269de285af9860d848d43471cd3bf3632040929445dc3607e8ae5e,201,,,,,,,,,,,,,,,,,,,,,,,,,,,,,,,,,,,,,,e36e43602df6d79b2e44fdddcf4add2f4dd42ce9776748534e6bd26f5f5f086e,0,1,north_transfer_corridor,True,1.8932399353257351e-10,4.3511390757113675e-05,10.000000000000009,1,0.03967774299962912
0.0,7.52121601981426e-12,6.821260312150912e-08,7.372654691569632e-09,,0.41464466711935977,0.41464466711935954,0.41464466711935954,0,398,6.438236965778755e-06,simple,0.05,398,0daded06a56561e7ae7ae12477bd0ffc4af89273151a7d4587a3dd9c8d77b306,10.000000000000007,0,0.0,0,NavFnAStar,f90b58c6e2269de285af9860d848d43471cd3bf3632040929445dc3607e8ae5e,201,,,,,,,,,,,,,,,,,,,,,,,,,,,,,,,,,,,,,,e36e43602df6d79b2e44fdddcf4add2f4dd42ce9776748534e6bd26f5f5f086e,0,1,north_transfer_corridor,True,7.52121601981426e-12,6.438236965778755e-06,10.000000000000007,1,0.013743172999966191
0.0,3.256139064653082e-11,4.908799011715814e-08,4.491500629039549e-09,,0.41464466711935977,0.41464466711935954,0.41464466711935954,0,398,1.6626881382821704e-05,savitzky_golay,0.05,398,818e4db0f9cdf7c45fbe8af95149ab9726ccb52d2fab356e40b608a35b4fa8b4,10.000000000000002,0,0.0,0,NavFnAStar,f90b58c6e2269de285af9860d848d43471cd3bf3632040929445dc3607e8ae5e,201,,,,,,,,,,,,,,,,,,,,,,,,,,,,,,,,,,,,,,e36e43602df6d79b2e44fdddcf4add2f4dd42ce9776748534e6bd26f5f5f086e,0,1,north_transfer_corridor,True,3.256139064653082e-11,1.6626881382821704e-05,10.000000000000002,1,0.010767665000003035
0.003,2.3663545143229194e-10,5.438362471466007e-08,3.835925126719147e-09,,0.4146446671193597,0.41464466711935954,0.41464466711935954,0,400,4.351135629580528e-05,constrained,0.05,398,ec31a80c366532a29296ced52cdd85061ae5925f9c1e629023fa2949d53cd64f,9.999999999999948,0,0.0,0,NavFnAStar,f90b58c6e2269de285af9860d848d43471cd3bf3632040929445dc3607e8ae5e,201,,,,,,,,,,,,,,,,,,,,,,,,,,,,,,,,,,,,,,e36e43602df6d79b2e44fdddcf4add2f4dd42ce9776748534e6bd26f5f5f086e,0,1,north_transfer_corridor,True,2.3663545143229194e-10,4.351135629580528e-05,9.999999999999948,1,0.013188125999931799
0.0,0.0,1.0877847689272357e-07,1.0823593729495915e-07,,0.4146446671193596,0.41464466711935954,0.41464466711935954,0,278,0.0,pstmo,0.05,201,c9af42ae4e6f15be7c8745cf21976fca93b3b1587d06fd780a66ae303cbafb08,10.000000000000007,0,0.0,0,NavFnAStar,f90b58c6e2269de285af9860d848d43471cd3bf3632040929445dc3607e8ae5e,201,0,0,"[[-5, 3.3], [5, 3.3]]",2,0.075,0,0.15,0,2,0,0,[],0,0,0,none,0,1,1,True,,False,0.1,2,0,252,0,201,0,0,398,{},0.0007134,adaptive,0.05,,0,e36e43602df6d79b2e44fdddcf4add2f4dd42ce9776748534e6bd26f5f5f086e,0,1,north_transfer_corridor,True,0.0,0.0,10.000000000000007,1,0.007097865999639907
0.003,125.5648674190683,4.440892098500626e-16,5.584491901795352e-17,,0.4665304849038798,0.16464466339406925,0.2146446641391273,0,587,22.23731861949807,raw,0.05,562,134306531b367fe08089404922ce0b0abd8921557ac62b9f3ba1b50f686746d7,14.06990166378934,0,0.0,0,NavFnAStar,33b71f8f63ccef4f45175e8b2bf554feea80b54b759d965fdc9c7aa3d9334369,285,,,,,,,,,,,,,,,,,,,,,,,,,,,,,,,,,,,,,,134306531b367fe08089404922ce0b0abd8921557ac62b9f3ba1b50f686746d7,0,1,diagonal_replenishment,True,125.5648674190683,22.23731861949807,14.06990166378934,1,0.011626354999862087
0.0,9.470421535904643,0.017335030538338504,0.0033701444237636156,,0.47823220589852933,0.2146446641391273,0.26464466488418537,0,600,3.940126707731602,simple,0.05,562,36e3e5a22612523c90abdcd312060cdff0d79151b6e623717a69cfcc9db63b5e,13.989374099699102,0,0.0,0,NavFnAStar,33b71f8f63ccef4f45175e8b2bf554feea80b54b759d965fdc9c7aa3d9334369,281,,,,,,,,,,,,,,,,,,,,,,,,,,,,,,,,,,,,,,134306531b367fe08089404922ce0b0abd8921557ac62b9f3ba1b50f686746d7,0,1,diagonal_replenishment,True,9.470421535904643,3.940126707731602,13.989374099699102,1,0.017690979999770207
0.0,39.98932182437377,0.00830489395154483,0.001566232750434054,,0.46980680561609484,0.17079994476667312,0.2474873771031409,0,646,9.50323614830735,savitzky_golay,0.05,562,3ee440872c0203f084b5b7f694f0a4dee6066715f16421a10382dc72d9855f79,14.030465544918158,0,0.0,0,NavFnAStar,33b71f8f63ccef4f45175e8b2bf554feea80b54b759d965fdc9c7aa3d9334369,282,,,,,,,,,,,,,,,,,,,,,,,,,,,,,,,,,,,,,,134306531b367fe08089404922ce0b0abd8921557ac62b9f3ba1b50f686746d7,0,1,diagonal_replenishment,True,39.98932182437377,9.50323614830735,14.030465544918158,1,0.014734374999989086
0.042,74.53037481941458,0.007647271380089027,0.001608468442920974,,0.47743178815778975,0.2146446641391273,0.25619225950049973,0,690,14.181624246871458,constrained,0.05,562,7f0f71bbe0f0426784ebdb7a14a6205ab990eff47f5ea6b55d6dc37b69055e92,14.059594416691787,0,0.0,0,NavFnAStar,33b71f8f63ccef4f45175e8b2bf554feea80b54b759d965fdc9c7aa3d9334369,283,,,,,,,,,,,,,,,,,,,,,,,,,,,,,,,,,,,,,,134306531b367fe08089404922ce0b0abd8921557ac62b9f3ba1b50f686746d7,0,1,diagonal_replenishment,True,74.53037481941458,14.181624246871458,14.059594416691787,1,0.05829581199986933
0.027000000000000003,3.5410946695031953,0.2498823316242773,0.11289822527422536,,0.4080618497334777,0.10606601875848895,0.11464466264901119,0,401,2.83942234815696,pstmo,0.05,368,ced48f819d243e7f0a1be6048c3519744871c9ba26d4f111a5690efe48372888,13.694447154066328,0,0.0,0,NavFnAStar,33b71f8f63ccef4f45175e8b2bf554feea80b54b759d965fdc9c7aa3d9334369,275,36,29,"[[-4.5, -2.4], [-2.89267, -3.25368], [3.65249, -2.98051], [4.5, 2.4]]",4,0.075,0,0.15,0,4,0,0,"[{'index': 0, 'x': -2.89267, 'y': -3.25368, 'turn_angle': 0.529943, 'incoming_length': 1.81996, 'outgoing_length': 6.55086, 'pivot_safe': True, 'pass_through': False, 'radius_min': 0.1, 'radius_max': 1.5, 'trim_min': 0.0271352, 'trim_max': 0.407028, 'evaluations': 20, 'safe_feasible': 18, 'states': 6, 'selected_radius': 1.5, 'selected_trim': 0.407028, 'selected_score': 0.385784}, {'index': 1, 'x': 3.65249, 'y': -2.98051, 'turn_angle': 1.37285, 'incoming_length': 6.55086, 'outgoing_length': 5.44685, 'pivot_safe': True, 'pass_through': False, 'radius_min': 0.1, 'radius_max': 1.5, 'trim_min': 0.0819346, 'trim_max': 1.22902, 'evaluations': 20, 'safe_feasible': 11, 'states': 6, 'selected_radius': 0.485, 'selected_trim': 0.397383, 'selected_score': 0.810676}]",2,12,40,none,2,3,706,True,,False,0.1,4,703,252,0.59823,368,0,0,562,"{'angular acceleration iteration did not converge': 1, 'swept_footprint': 7, 'transition requires a reversing inner wheel': 3}",0.0265917,adaptive,0.05,,29,134306531b367fe08089404922ce0b0abd8921557ac62b9f3ba1b50f686746d7,0,1,diagonal_replenishment,True,3.5410946695031953,2.83942234815696,13.694447154066328,1,0.039233567000337644
0.0,7.993601965654422e-12,3.469446951953614e-18,3.031269876292146e-19,,0.8690815339592559,0.3646446663743015,0.41464466711935954,0,293,8.940696716308851e-06,raw,0.05,259,b7a9a29c5720efdc700cdc8d8aa666a2b59a3bf9197b4374e6bf382beda6ea63,6.499999999999985,0,0.0,0,NavFnDijkstra,f5dc52a30588d86a00ac9c8893e47d29bef8525d63c0764edfbccfbe7683c292,131,,,,,,,,,,,,,,,,,,,,,,,,,,,,,,,,,,,,,,b7a9a29c5720efdc700cdc8d8aa666a2b59a3bf9197b4374e6bf382beda6ea63,0,1,west_service_lane,True,7.993601965654422e-12,8.940696716308851e-06,6.499999999999985,1,0.007497033000163356
0.0,3.9223723553073976e-13,1.2642139779474246e-08,1.7358357160193664e-09,,0.9629072235516566,0.41464466711935954,0.6146446700995918,0,259,1.3229271900172628e-06,simple,0.05,259,f10e66dfdc7f9ec83eb15ff8b84d4e13e5baf7027997f6640189d7ea15089261,6.499999999999982,0,0.0,0,NavFnDijkstra,f5dc52a30588d86a00ac9c8893e47d29bef8525d63c0764edfbccfbe7683c292,131,,,,,,,,,,,,,,,,,,,,,,,,,,,,,,,,,,,,,,b7a9a29c5720efdc700cdc8d8aa666a2b59a3bf9197b4374e6bf382beda6ea63,0,1,west_service_lane,True,3.9223723553073976e-13,1.3229271900172628e-06,6.499999999999982,1,0.037842149999960384
0.0,1.7468076139693857e-12,7.889075170909e-09,9.863919296166041e-10,,0.9629072235516566,0.41464466711935954,0.6146446700995918,0,259,3.416482385887357e-06,savitzky_golay,0.05,259,b9e7ee1341eae79e15c25a7549de525e70c5b8067dc2ab4ad119089f111c3d47,6.499999999999983,0,0.0,0,NavFnDijkstra,f5dc52a30588d86a00ac9c8893e47d29bef8525d63c0764edfbccfbe7683c292,131,,,,,,,,,,,,,,,,,,,,,,,,,,,,,,,,,,,,,,b7a9a29c5720efdc700cdc8d8aa666a2b59a3bf9197b4374e6bf382beda6ea63,0,1,west_service_lane,True,1.7468076139693857e-12,3.416482385887357e-06,6.499999999999983,1,0.009235829999852285
0.003,7.993601965654422e-12,3.469446951953614e-18,3.031269876292146e-19,,0.9613754444970521,0.41464466711935954,0.612144670062339,0,260,8.940696716308851e-06,constrained,0.05,259,b7a9a29c5720efdc700cdc8d8aa666a2b59a3bf9197b4374e6bf382beda6ea63,6.499999999999985,0,0.0,0,NavFnDijkstra,f5dc52a30588d86a00ac9c8893e47d29bef8525d63c0764edfbccfbe7683c292,131,,,,,,,,,,,,,,,,,,,,,,,,,,,,,,,,,,,,,,b7a9a29c5720efdc700cdc8d8aa666a2b59a3bf9197b4374e6bf382beda6ea63,0,1,west_service_lane,True,7.993601965654422e-12,8.940696716308851e-06,6.499999999999985,1,0.0084983500000817
0.0,0.0,2.2351741790771484e-08,2.2180461510844732e-08,,0.9592774435966023,0.41464466711935954,0.5646446693545337,0,177,0.0,pstmo,0.05,131,d6627654f26decc48294c54c3b82bdc42f1be71865d1b8d70d06b012dc82c109,6.499999999999985,0,0.0,0,NavFnDijkstra,f5dc52a30588d86a00ac9c8893e47d29bef8525d63c0764edfbccfbe7683c292,131,0,0,"[[-4.5, -3.25], [-4.5, 3.25]]",2,0.075,0,0.15,0,2,0,0,[],0,0,0,none,0,1,1,True,,False,0.1,2,0,252,0,131,0,0,259,{},0.000466397,adaptive,0.05,,0,b7a9a29c5720efdc700cdc8d8aa666a2b59a3bf9197b4374e6bf382beda6ea63,0,1,west_service_lane,True,0.0,0.0,6.499999999999985,1,0.006772599000214541
0.0,5.684336295668853e-11,3.469446951953614e-18,3.5226896578006256e-19,,0.4610891122558803,0.41464466711935954,0.41464466711935954,0,225,2.384185791016065e-05,raw,0.05,191,5874478cf6ef98f2fe10adb19001540e2b28470f1004392bd701d14db7e7c0fc,4.79999999999999,0,0.0,0,NavFnDijkstra,169c1749c4239ab8e90a49794a6cab0c2e33a334d899289ca6007cfdd09fbcfc,97,,,,,,,,,,,,,,,,,,,,,,,,,,,,,,,,,,,,,,5874478cf6ef98f2fe10adb19001540e2b28470f1004392bd701d14db7e7c0fc,0,1,picking_aisle_a,True,5.684336295668853e-11,2.384185791016065e-05,4.79999999999999,1,0.004918961999919702
0.0,2.7892408034155394e-12,3.37123693405772e-08,5.379317458845009e-09,,0.5146446686094759,0.5146446686094757,0.5146446686094757,0,191,3.5278041821131323e-06,simple,0.05,191,f814b82673f502db2b48e54a396fbe650dbc3556e2a0e7e50a6a0c148a0bd479,4.799999999999988,0,0.0,0,NavFnDijkstra,169c1749c4239ab8e90a49794a6cab0c2e33a334d899289ca6007cfdd09fbcfc,97,,,,,,,,,,,,,,,,,,,,,,,,,,,,,,,,,,,,,,5874478cf6ef98f2fe10adb19001540e2b28470f1004392bd701d14db7e7c0fc,0,1,picking_aisle_a,True,2.7892408034155394e-12,3.5278041821131323e-06,4.799999999999988,1,0.007835067000087292
0.0,1.2421739019153942e-11,2.1037524833304168e-08,3.0568068224533534e-09,,0.5146446686094759,0.5146446686094757,0.5146446686094757,0,191,9.110620613484197e-06,savitzky_golay,0.05,191,3c51b8335c17c0936d8445ac81a9d005b9505d2d0f661a594850e092c11e8458,4.7999999999999865,0,0.0,0,NavFnDijkstra,169c1749c4239ab8e90a49794a6cab0c2e33a334d899289ca6007cfdd09fbcfc,97,,,,,,,,,,,,,,,,,,,,,,,,,,,,,,,,,,,,,,5874478cf6ef98f2fe10adb19001540e2b28470f1004392bd701d14db7e7c0fc,0,1,picking_aisle_a,True,1.2421739019153942e-11,9.110620613484197e-06,4.7999999999999865,1,0.006304228999852057
0.0,5.684336295668853e-11,3.469446951953614e-18,3.5226896578006256e-19,,0.5146446686094758,0.5146446686094757,0.5146446686094757,0,192,2.384185791016065e-05,constrained,0.05,191,5874478cf6ef98f2fe10adb19001540e2b28470f1004392bd701d14db7e7c0fc,4.79999999999999,0,0.0,0,NavFnDijkstra,169c1749c4239ab8e90a49794a6cab0c2e33a334d899289ca6007cfdd09fbcfc,97,,,,,,,,,,,,,,,,,,,,,,,,,,,,,,,,,,,,,,5874478cf6ef98f2fe10adb19001540e2b28470f1004392bd701d14db7e7c0fc,0,1,picking_aisle_a,True,5.684336295668853e-11,2.384185791016065e-05,4.79999999999999,1,0.008012705000055576
0.0,0.0,5.960464477539063e-08,5.898696308804984e-08,,0.5146446686094758,0.5146446686094757,0.5146446686094757,0,138,0.0,pstmo,0.05,97,2d38511830226d4f9ac2570ccfe95e1266a60a906d90bcc59e620d3d985665c0,4.799999999999991,0,0.0,0,NavFnDijkstra,169c1749c4239ab8e90a49794a6cab0c2e33a334d899289ca6007cfdd09fbcfc,97,0,0,"[[-2, -2.4], [-2, 2.4]]",2,0.075,0,0.15,0,2,0,0,[],0,0,0,none,0,1,1,True,,False,0.1,2,0,252,0,97,0,0,191,{},0.00047639,adaptive,0.05,,0,5874478cf6ef98f2fe10adb19001540e2b28470f1004392bd701d14db7e7c0fc,0,1,picking_aisle_a,True,0.0,0.0,4.799999999999991,1,0.005536290000236477
0.0,1.2789756665182654e-10,3.469446951953614e-18,3.522689672564047e-19,,0.4610891122558803,0.41464466711935954,0.41464466711935954,0,225,3.57627868651279e-05,raw,0.05,191,1e8129928351373e09f8f808a41edf63973407e305dd73c2174bf9ba635329d7,4.79999999999999,0,0.0,0,NavFnDijkstra,863deccc63e522f288dfd736688e9103be6823034e729f7a9a7c01cf2b99ae9d,97,,,,,,,,,,,,,,,,,,,,,,,,,,,,,,,,,,,,,,1e8129928351373e09f8f808a41edf63973407e305dd73c2174bf9ba635329d7,0,1,picking_aisle_b,True,1.2789756665182654e-10,3.57627868651279e-05,4.79999999999999,1,0.005574808999881498
0.003,6.275791695975725e-12,5.0568554456270554e-08,8.068976315584343e-09,,0.5146446686094759,0.5146446686094757,0.5146446686094757,0,191,5.291706429989127e-06,simple,0.05,191,52d94146875ee49d2f4d3166809d9d4a850bbba2f4d018ae637985793ae7b70b,4.799999999999988,0,0.0,0,NavFnDijkstra,863deccc63e522f288dfd736688e9103be6823034e729f7a9a7c01cf2b99ae9d,97,,,,,,,,,,,,,,,,,,,,,,,,,,,,,,,,,,,,,,1e8129928351373e09f8f808a41edf63973407e305dd73c2174bf9ba635329d7,0,1,picking_aisle_b,True,6.275791695975725e-12,5.291706429989127e-06,4.799999999999988,1,0.006980170999668189
0.0,2.79489129555398e-11,3.15562876803498e-08,4.585210289686915e-09,,0.5146446686094759,0.5146446686094757,0.5146446686094757,0,191,1.366593095112735e-05,savitzky_golay,0.05,191,57e9a7490c7a41e79b1af197a5eee3bf3875e0b3f255473ce4c3848808d4e76c,4.799999999999986,0,0.0,0,NavFnDijkstra,863deccc63e522f288dfd736688e9103be6823034e729f7a9a7c01cf2b99ae9d,97,,,,,,,,,,,,,,,,,,,,,,,,,,,,,,,,,,,,,,1e8129928351373e09f8f808a41edf63973407e305dd73c2174bf9ba635329d7,0,1,picking_aisle_b,True,2.79489129555398e-11,1.366593095112735e-05,4.799999999999986,1,0.008472793999771966
0.003,1.2789777627249457e-10,8.459081074850302e-14,8.89136209573169e-15,,0.5146446686094758,0.5146446686094757,0.5146446686094757,0,192,3.576285453775553e-05,constrained,0.05,191,e8b52f069506ac5e8c5d2fb6cb7c1177397474ecd0d30bcc457351c4026ed58e,4.799999999999951,0,0.0,0,NavFnDijkstra,863deccc63e522f288dfd736688e9103be6823034e729f7a9a7c01cf2b99ae9d,97,,,,,,,,,,,,,,,,,,,,,,,,,,,,,,,,,,,,,,1e8129928351373e09f8f808a41edf63973407e305dd73c2174bf9ba635329d7,0,1,picking_aisle_b,True,1.2789777627249457e-10,3.576285453775553e-05,4.799999999999951,1,0.007878446999711741
0.003,0.0,8.940696716308594e-08,8.848044463207284e-08,,0.5146446686094758,0.5146446686094757,0.5146446686094757,0,138,0.0,pstmo,0.05,97,c5766c08352f36bd0d56972c26c2a18038a6ccb26cf00d7524851fa21bdaa0c2,4.799999999999991,0,0.0,0,NavFnDijkstra,863deccc63e522f288dfd736688e9103be6823034e729f7a9a7c01cf2b99ae9d,97,0,0,"[[0, -2.4], [0, 2.4]]",2,0.075,0,0.15,0,2,0,0,[],0,0,0,none,0,1,1,True,,False,0.1,2,0,252,0,97,0,0,191,{},0.000452985,adaptive,0.05,,0,1e8129928351373e09f8f808a41edf63973407e305dd73c2174bf9ba635329d7,0,1,picking_aisle_b,True,0.0,0.0,4.799999999999991,1,0.005850257000020065
0.0,2.273734518269965e-10,3.469446951953614e-18,3.5226896578006256e-19,,0.4610891122558803,0.41464466711935954,0.41464466711935954,0,225,4.768371582034672e-05,raw,0.05,191,3b4377163f9a9ea14baccacd1110f64e231050b3c3101fabd64e7712d39406ab,4.79999999999999,0,0.0,0,NavFnDijkstra,de4bc0dba1e7bea88ce2702cf78b3c2e937e61363de6642791d8640e767ffbb5,97,,,,,,,,,,,,,,,,,,,,,,,,,,,,,,,,,,,,,,3b4377163f9a9ea14baccacd1110f64e231050b3c3101fabd64e7712d39406ab,0,1,picking_aisle_c,True,2.273734518269965e-10,4.768371582034672e-05,4.79999999999999,1,0.00456822900014231
0.003,1.1156963213665542e-11,6.74247386811544e-08,1.075863491769934e-08,,0.5146446686094759,0.5146446686094757,0.5146446686094757,0,191,7.055608364227107e-06,simple,0.05,191,cb47b5378eab7dfe36882c732949d74cd851423e7a340fccda4732c0f7d33c12,4.799999999999988,0,0.0,0,NavFnDijkstra,de4bc0dba1e7bea88ce2702cf78b3c2e937e61363de6642791d8640e767ffbb5,97,,,,,,,,,,,,,,,,,,,,,,,,,,,,,,,,,,,,,,3b4377163f9a9ea14baccacd1110f64e231050b3c3101fabd64e7712d39406ab,0,1,picking_aisle_c,True,1.1156963213665542e-11,7.055608364227107e-06,4.799999999999988,1,0.00737080099997911
0.0,4.9686955915320667e-11,4.207505055487706e-08,6.113613749658611e-09,,0.5146446686094759,0.5146446686094757,0.5146446686094757,0,191,1.8221241226970596e-05,savitzky_golay,0.05,191,d40b10fc481a4ac863fa4617d443c5f7fc5a43493839a9645792defa03f14ba1,4.799999999999983,0,0.0,0,NavFnDijkstra,de4bc0dba1e7bea88ce2702cf78b3c2e937e61363de6642791d8640e767ffbb5,97,,,,,,,,,,,,,,,,,,,,,,,,,,,,,,,,,,,,,,3b4377163f9a9ea14baccacd1110f64e231050b3c3101fabd64e7712d39406ab,0,1,picking_aisle_c,True,4.9686955915320667e-11,1.8221241226970596e-05,4.799999999999983,1,0.006379820999882213
0.003,2.2737382452224006e-10,1.127986593019159e-13,1.1856296234483053e-14,,0.5146446686094758,0.5146446686094757,0.5146446686094757,0,192,4.76838060592911e-05,constrained,0.05,191,9818ba9fe8fa5a307e89e7582b65a5153b92434d8dd3238bb3f3ed0e9d990e96,4.799999999999919,0,0.0,0,NavFnDijkstra,de4bc0dba1e7bea88ce2702cf78b3c2e937e61363de6642791d8640e767ffbb5,97,,,,,,,,,,,,,,,,,,,,,,,,,,,,,,,,,,,,,,3b4377163f9a9ea14baccacd1110f64e231050b3c3101fabd64e7712d39406ab,0,1,picking_aisle_c,True,2.2737382452224006e-10,4.76838060592911e-05,4.799999999999919,1,0.007575461000215
0.0,0.0,1.1920928955078125e-07,1.1797392617610234e-07,,0.5146446686094758,0.5146446686094757,0.5146446686094757,0,138,0.0,pstmo,0.05,97,7ba4731630d837b1cd032290fcb39c706a2828781f61723e1ddaac2afa8db092,4.799999999999991,0,0.0,0,NavFnDijkstra,de4bc0dba1e7bea88ce2702cf78b3c2e937e61363de6642791d8640e767ffbb5,97,0,0,"[[2, -2.4], [2, 2.4]]",2,0.075,0,0.15,0,2,0,0,[],0,0,0,none,0,1,1,True,,False,0.1,2,0,252,0,97,0,0,191,{},0.000456744,adaptive,0.05,,0,3b4377163f9a9ea14baccacd1110f64e231050b3c3101fabd64e7712d39406ab,0,1,picking_aisle_c,True,0.0,0.0,4.799999999999991,1,0.006095971999911853
0.0,3.9168649631800603e-10,0.0,0.0,,0.8690815339592559,0.3646446663743015,0.41464466711935954,0,293,6.258487701423671e-05,raw,0.05,259,5208a5b2da4bf8b1babf9c7f1b45a8f1b40697f86a092e83f1695c8ba2ea5062,6.499999999999985,0,0.0,0,NavFnDijkstra,ec80aec39c3916280e7fe952bf9c26bcdb202c1ded76f3af3cc9de7a2b098070,131,,,,,,,,,,,,,,,,,,,,,,,,,,,,,,,,,,,,,,5208a5b2da4bf8b1babf9c7f1b45a8f1b40697f86a092e83f1695c8ba2ea5062,0,1,east_service_lane,True,3.9168649631800603e-10,6.258487701423671e-05,6.499999999999985,1,0.007024693999937881
0.0,1.921961839709649e-11,8.849498822670697e-08,1.2150852167375188e-08,,0.9629072235516566,0.41464466711935954,0.6146446700995918,0,259,9.26048748795288e-06,simple,0.05,259,8bdd3ca1e12f1e1b9ee425a118d3df5a62b493ba7c9fe9c3c0655a29d1f05d61,6.4999999999999805,0,0.0,0,NavFnDijkstra,ec80aec39c3916280e7fe952bf9c26bcdb202c1ded76f3af3cc9de7a2b098070,131,,,,,,,,,,,,,,,,,,,,,,,,,,,,,,,,,,,,,,5208a5b2da4bf8b1babf9c7f1b45a8f1b40697f86a092e83f1695c8ba2ea5062,0,1,east_service_lane,True,1.921961839709649e-11,9.26048748795288e-06,6.4999999999999805,1,0.03829315699977087
0.0,8.559355960140833e-11,5.522353152569811e-08,6.904744071813142e-09,,0.9629072235516566,0.41464466711935954,0.6146446700995918,0,259,2.3915375990674265e-05,savitzky_golay,0.05,259,a5045920bb084300b3db4abbcf4f2c0de7097418d143339765708e2bf3dc16c2,6.499999999999973,0,0.0,0,NavFnDijkstra,ec80aec39c3916280e7fe952bf9c26bcdb202c1ded76f3af3cc9de7a2b098070,131,,,,,,,,,,,,,,,,,,,,,,,,,,,,,,,,,,,,,,5208a5b2da4bf8b1babf9c7f1b45a8f1b40697f86a092e83f1695c8ba2ea5062,0,1,east_service_lane,True,8.559355960140833e-11,2.3915375990674265e-05,6.499999999999973,1,0.010331667999707861
0.0,3.916872878717274e-10,1.6786572132332367e-13,1.4765523355119713e-14,,0.9613754444970521,0.41464466711935954,0.612144670062339,0,260,6.258501130685213e-05,constrained,0.05,259,a27fefb8311b1194011ea3f36607673b1ba64a54a729591e3412346951bb0ad2,6.499999999999863,0,0.0,0,NavFnDijkstra,ec80aec39c3916280e7fe952bf9c26bcdb202c1ded76f3af3cc9de7a2b098070,131,,,,,,,,,,,,,,,,,,,,,,,,,,,,,,,,,,,,,,5208a5b2da4bf8b1babf9c7f1b45a8f1b40697f86a092e83f1695c8ba2ea5062,0,1,east_service_lane,True,3.916872878717274e-10,6.258501130685213e-05,6.499999999999863,1,0.008042629000101442
0.0,0.0,1.564621925354004e-07,1.5526323057591887e-07,,0.9592774435966023,0.41464466711935954,0.5646446693545337,0,177,0.0,pstmo,0.05,131,a4e7a5ad6a5abc3335b01229c7abedac138c39805a5922638cd4f342d56a7f0f,6.499999999999985,0,0.0,0,NavFnDijkstra,ec80aec39c3916280e7fe952bf9c26bcdb202c1ded76f3af3cc9de7a2b098070,131,0,0,"[[4.5, 3.25], [4.5, -3.25]]",2,0.075,0,0.15,0,2,0,0,[],0,0,0,none,0,1,1,True,,False,0.1,2,0,252,0,131,0,0,259,{},0.0006294,adaptive,0.05,,0,5208a5b2da4bf8b1babf9c7f1b45a8f1b40697f86a092e83f1695c8ba2ea5062,0,1,east_service_lane,True,0.0,0.0,6.499999999999985,1,0.009697012999822618
0.0,1.740828605704957e-12,6.217248937900877e-15,4.385309963850972e-16,,0.4146446671193597,0.41464466711935954,0.41464466711935954,0,400,4.172325063222949e-06,raw,0.05,398,18c4d8a45d64d7b34e5750a94a7e45a736c7ba074e42fb1839913cd3cfed84af,10.000000000000009,0,0.0,0,NavFnDijkstra,b9d57148dee594da43a11fa191ce4699663c209d65bbe223df8f20f92b238d0d,201,,,,,,,,,,,,,,,,,,,,,,,,,,,,,,,,,,,,,,18c4d8a45d64d7b34e5750a94a7e45a736c7ba074e42fb1839913cd3cfed84af,0,1,south_transfer_corridor,True,1.740828605704957e-12,4.172325063222949e-06,10.000000000000009,1,0.009464015000048676
0.0,6.915737701590429e-14,6.540934016641131e-09,7.069667520773612e-10,,0.41464466711935977,0.41464466711935954,0.41464466711935954,0,398,6.173651811991496e-07,simple,0.05,398,6d8c50b09ee2a5c0cc47bd054f2d768ca0cc235db1d137dba9ccb36a28eda836,10.000000000000007,0,0.0,0,NavFnDijkstra,b9d57148dee594da43a11fa191ce4699663c209d65bbe223df8f20f92b238d0d,201,,,,,,,,,,,,,,,,,,,,,,,,,,,,,,,,,,,,,,18c4d8a45d64d7b34e5750a94a7e45a736c7ba074e42fb1839913cd3cfed84af,0,1,south_transfer_corridor,True,6.915737701590429e-14,6.173651811991496e-07,10.000000000000007,1,0.012124975999995513
0.0,2.9940109852703285e-13,4.707067180476088e-09,4.306918200143833e-10,,0.41464466711935977,0.41464466711935954,0.41464466711935954,0,398,1.594358778334031e-06,savitzky_golay,0.05,398,fd31eb1f6930a5744c1ae55674ff1434084f4ed4b03e68ebf746cd67b17381ba,10.00000000000001,0,0.0,0,NavFnDijkstra,b9d57148dee594da43a11fa191ce4699663c209d65bbe223df8f20f92b238d0d,201,,,,,,,,,,,,,,,,,,,,,,,,,,,,,,,,,,,,,,18c4d8a45d64d7b34e5750a94a7e45a736c7ba074e42fb1839913cd3cfed84af,0,1,south_transfer_corridor,True,2.9940109852703285e-13,1.594358778334031e-06,10.00000000000001,1,0.012057714000093256
0.0,1.740828605704957e-12,6.217248937900877e-15,4.385309963850972e-16,,0.4146446671193597,0.41464466711935954,0.41464466711935954,0,400,4.172325063222949e-06,constrained,0.05,398,18c4d8a45d64d7b34e5750a94a7e45a736c7ba074e42fb1839913cd3cfed84af,10.000000000000009,0,0.0,0,NavFnDijkstra,b9d57148dee594da43a11fa191ce4699663c209d65bbe223df8f20f92b238d0d,201,,,,,,,,,,,,,,,,,,,,,,,,,,,,,,,,,,,,,,18c4d8a45d64d7b34e5750a94a7e45a736c7ba074e42fb1839913cd3cfed84af,0,1,south_transfer_corridor,True,1.740828605704957e-12,4.172325063222949e-06,10.000000000000009,1,0.010805088999859436
0.0,0.0,1.0430812658057675e-08,1.037878831488907e-08,,0.4146446671193596,0.41464466711935954,0.41464466711935954,0,278,0.0,pstmo,0.05,201,f38889d924e3e8c0561f6546f1272eb5fcf40b858c8f4176b95005055c16818a,10.000000000000007,0,0.0,0,NavFnDijkstra,b9d57148dee594da43a11fa191ce4699663c209d65bbe223df8f20f92b238d0d,201,0,0,"[[-5, -3.3], [5, -3.3]]",2,0.075,0,0.15,0,2,0,0,[],0,0,0,none,0,1,1,True,,False,0.1,2,0,252,0,201,0,0,398,{},0.000641657,adaptive,0.05,,0,18c4d8a45d64d7b34e5750a94a7e45a736c7ba074e42fb1839913cd3cfed84af,0,1,south_transfer_corridor,True,0.0,0.0,10.000000000000007,1,0.008298239999930956
0.003,1.8932399353257351e-10,0.0,0.0,,0.4146446671193597,0.41464466711935954,0.41464466711935954,0,400,4.3511390757113675e-05,raw,0.05,398,e36e43602df6d79b2e44fdddcf4add2f4dd42ce9776748534e6bd26f5f5f086e,10.000000000000009,0,0.0,0,NavFnDijkstra,f90b58c6e2269de285af9860d848d43471cd3bf3632040929445dc3607e8ae5e,201,,,,,,,,,,,,,,,,,,,,,,,,,,,,,,,,,,,,,,e36e43602df6d79b2e44fdddcf4add2f4dd42ce9776748534e6bd26f5f5f086e,0,1,north_transfer_corridor,True,1.8932399353257351e-10,4.3511390757113675e-05,10.000000000000009,1,0.008997414000077697
0.003,7.52121601981426e-12,6.821260312150912e-08,7.372654691569632e-09,,0.41464466711935977,0.41464466711935954,0.41464466711935954,0,398,6.438236965778755e-06,simple,0.05,398,0daded06a56561e7ae7ae12477bd0ffc4af89273151a7d4587a3dd9c8d77b306,10.000000000000007,0,0.0,0,NavFnDijkstra,f90b58c6e2269de285af9860d848d43471cd3bf3632040929445dc3607e8ae5e,201,,,,,,,,,,,,,,,,,,,,,,,,,,,,,,,,,,,,,,e36e43602df6d79b2e44fdddcf4add2f4dd42ce9776748534e6bd26f5f5f086e,0,1,north_transfer_corridor,True,7.52121601981426e-12,6.438236965778755e-06,10.000000000000007,1,0.011180823000358941
0.0,3.256139064653082e-11,4.908799011715814e-08,4.491500629039549e-09,,0.41464466711935977,0.41464466711935954,0.41464466711935954,0,398,1.6626881382821704e-05,savitzky_golay,0.05,398,818e4db0f9cdf7c45fbe8af95149ab9726ccb52d2fab356e40b608a35b4fa8b4,10.000000000000002,0,0.0,0,NavFnDijkstra,f90b58c6e2269de285af9860d848d43471cd3bf3632040929445dc3607e8ae5e,201,,,,,,,,,,,,,,,,,,,,,,,,,,,,,,,,,,,,,,e36e43602df6d79b2e44fdddcf4add2f4dd42ce9776748534e6bd26f5f5f086e,0,1,north_transfer_corridor,True,3.256139064653082e-11,1.6626881382821704e-05,10.000000000000002,1,0.012207528999624628
0.003,2.3663545143229194e-10,5.438362471466007e-08,3.835925126719147e-09,,0.4146446671193597,0.41464466711935954,0.41464466711935954,0,400,4.351135629580528e-05,constrained,0.05,398,ec31a80c366532a29296ced52cdd85061ae5925f9c1e629023fa2949d53cd64f,9.999999999999948,0,0.0,0,NavFnDijkstra,f90b58c6e2269de285af9860d848d43471cd3bf3632040929445dc3607e8ae5e,201,,,,,,,,,,,,,,,,,,,,,,,,,,,,,,,,,,,,,,e36e43602df6d79b2e44fdddcf4add2f4dd42ce9776748534e6bd26f5f5f086e,0,1,north_transfer_corridor,True,2.3663545143229194e-10,4.351135629580528e-05,9.999999999999948,1,0.01511170799994943
0.003,0.0,1.0877847689272357e-07,1.0823593729495915e-07,,0.4146446671193596,0.41464466711935954,0.41464466711935954,0,278,0.0,pstmo,0.05,201,c9af42ae4e6f15be7c8745cf21976fca93b3b1587d06fd780a66ae303cbafb08,10.000000000000007,0,0.0,0,NavFnDijkstra,f90b58c6e2269de285af9860d848d43471cd3bf3632040929445dc3607e8ae5e,201,0,0,"[[-5, 3.3], [5, 3.3]]",2,0.075,0,0.15,0,2,0,0,[],0,0,0,none,0,1,1,True,,False,0.1,2,0,252,0,201,0,0,398,{},0.000879443,adaptive,0.05,,0,e36e43602df6d79b2e44fdddcf4add2f4dd42ce9776748534e6bd26f5f5f086e,0,1,north_transfer_corridor,True,0.0,0.0,10.000000000000007,1,0.011784724999870377
0.003,30.538653349676423,4.440892098500626e-16,3.6213987092314623e-17,,0.4149689556968361,0.17677669793081488,0.2574601203080526,0,584,11.406812986899268,raw,0.05,562,45e158d3c9c4c0daa18501579c5eab1a4e6bdc513246b39b292e5af8592a6738,14.033639667604042,0,0.0,0,NavFnDijkstra,e08a798f018378e424bc515c80525af78d37f614097831eef05d0610d61ad326,282,,,,,,,,,,,,,,,,,,,,,,,,,,,,,,,,,,,,,,45e158d3c9c4c0daa18501579c5eab1a4e6bdc513246b39b292e5af8592a6738,0,1,diagonal_replenishment,True,30.538653349676423,11.406812986899268,14.033639667604042,1,0.013574207000146998
0.006,5.343491370990852,0.01151259445683737,0.002080897912183252,,0.41349718816001513,0.25619225950049973,0.26464466488418537,0,572,2.8976593827199184,simple,0.05,562,8880d54d572b91b83f0ea00f02b8c25acf7843a681d704707ed503d11efebe69,14.005651897153939,0,0.0,0,NavFnDijkstra,e08a798f018378e424bc515c80525af78d37f614097831eef05d0610d61ad326,282,,,,,,,,,,,,,,,,,,,,,,,,,,,,,,,,,,,,,,45e158d3c9c4c0daa18501579c5eab1a4e6bdc513246b39b292e5af8592a6738,0,1,diagonal_replenishment,True,5.343491370990852,2.8976593827199184,14.005651897153939,1,0.019485276000068552
0.0,14.52098526774704,0.0031102694208615294,0.0006091210298849664,,0.45561398039671525,0.2474873771031409,0.26464466488418537,0,643,5.6189936296378455,savitzky_golay,0.05,562,a999be5f8f9cc0abfa7b61129ce4d1348b0aae1268ac241248d40334ea2bb5f1,14.025872046934593,0,0.0,0,NavFnDijkstra,e08a798f018378e424bc515c80525af78d37f614097831eef05d0610d61ad326,282,,,,,,,,,,,,,,,,,,,,,,,,,,,,,,,,,,,,,,45e158d3c9c4c0daa18501579c5eab1a4e6bdc513246b39b292e5af8592a6738,0,1,diagonal_replenishment,True,14.52098526774704,5.6189936296378455,14.025872046934593,1,0.0149529939999411
0.042,18.372707213105365,0.005171021624459267,0.0010559180075217236,,0.41036250484179043,0.2474873771031409,0.26464466488418537,0,593,5.834172348155382,constrained,0.05,562,09dfcc5451790ebef17f86d6f0907cb2c7b2f3912c8392d37c5e358bd19ba077,14.033599651234573,0,0.0,0,NavFnDijkstra,e08a798f018378e424bc515c80525af78d37f614097831eef05d0610d61ad326,282,,,,,,,,,,,,,,,,,,,,,,,,,,,,,,,,,,,,,,45e158d3c9c4c0daa18501579c5eab1a4e6bdc513246b39b292e5af8592a6738,0,1,diagonal_replenishment,True,18.372707213105365,5.834172348155382,14.033599651234573,1,0.060335104999921896
0.021,2.9680659455231506,0.29447424453643545,0.14271987989291937,,0.3349697148641896,0.10606601875848895,0.11464466264901119,0,406,2.2075504652437417,pstmo,0.05,392,3e8cffba9762feff2f4e6713128da99cf6ab3f4862162bc23fb61396d2d9eb78,13.631073858305252,0,0.0,0,NavFnDijkstra,e08a798f018378e424bc515c80525af78d37f614097831eef05d0610d61ad326,274,36,28,"[[-4.5, -2.4], [-3.54899, 3.08499], [3.72456, 2.98493], [4.5, 2.4]]",4,0.075,0,0.15,0,4,0,0,"[{'index': 0, 'x': -3.54899, 'y': 3.08499, 'turn_angle': -1.41288, 'incoming_length': 5.56682, 'outgoing_length': 7.27424, 'pivot_safe': True, 'pass_through': False, 'radius_min': 0.1, 'radius_max': 1.5, 'trim_min': 0.0853354, 'trim_max': 1.28003, 'evaluations': 20, 'safe_feasible': 13, 'states': 6, 'selected_radius': 0.63375, 'selected_trim': 0.540813, 'selected_score': 0.765178}, {'index': 1, 'x': 3.72456, 'y': 2.98493, 'turn_angle': -0.6325, 'incoming_length': 7.27424, 'outgoing_length': 0.971313, 'pivot_safe': True, 'pass_through': False, 'radius_min': 0.1, 'radius_max': 1.5, 'trim_min': 0.0327233, 'trim_max': 0.490849, 'evaluations': 20, 'safe_feasible': 18, 'states': 6, 'selected_radius': 1.5, 'selected_trim': 0.490849, 'selected_score': 0.413682}]",2,12,40,none,2,3,375,True,,False,0.1,4,372,252,0.58943,392,0,0,562,"{'swept_footprint': 5, 'transition requires a reversing inner wheel': 4}",0.0182502,adaptive,0.05,,31,45e158d3c9c4c0daa18501579c5eab1a4e6bdc513246b39b292e5af8592a6738,0,1,diagonal_replenishment,True,2.9680659455231506,2.2075504652437417,13.631073858305252,1,0.03204703300025358
0.003,7.581546682948188,0.0,0.0,,0.9064535481680195,0.3646446663743015,0.41464466711935954,0,293,11.462941425010355,raw,0.05,131,980078f85124c8acf311057b35c91131d3874b299df409f05ea4369732c2c8a3,6.510746966778206,0,0.0,0,ThetaStar,97970c4c82abea5ebd8e927e39544be4b818548cb3fb209c7b292db3539aedcf,132,,,,,,,,,,,,,,,,,,,,,,,,,,,,,,,,,,,,,,980078f85124c8acf311057b35c91131d3874b299df409f05ea4369732c2c8a3,0,1,west_service_lane,True,7.581546682948188,11.462941425010355,6.510746966778206,1,0.004940179999721295
0.0,0.15112245494877175,0.016646671511632682,0.002489581676346194,,0.877435371689897,0.3646446663743015,0.3646446663743015,0,301,0.8574917006644758,simple,0.05,131,aa9a10ed540251fe25454733f65aa9f82131cdfb74a597c66e580cd9d1d7395a,6.502480407939899,0,0.0,0,ThetaStar,97970c4c82abea5ebd8e927e39544be4b818548cb3fb209c7b292db3539aedcf,132,,,,,,,,,,,,,,,,,,,,,,,,,,,,,,,,,,,,,,980078f85124c8acf311057b35c91131d3874b299df409f05ea4369732c2c8a3,0,1,west_service_lane,True,0.15112245494877175,0.8574917006644758,6.502480407939899,1,0.006475961999967694
0.0,0.9898606279170976,0.00965167179854376,0.0011558338084159162,,0.8842371506058612,0.3646446663743015,0.3646446663743015,0,319,3.1402281282309548,savitzky_golay,0.05,131,f9f23ec6a3b934ed6fdae0a704eb887338e27eee71e5118cb635ca19b290a747,6.505240665525715,0,0.0,0,ThetaStar,97970c4c82abea5ebd8e927e39544be4b818548cb3fb209c7b292db3539aedcf,132,,,,,,,,,,,,,,,,,,,,,,,,,,,,,,,,,,,,,,980078f85124c8acf311057b35c91131d3874b299df409f05ea4369732c2c8a3,0,1,west_service_lane,True,0.9898606279170976,3.1402281282309548,6.505240665525715,1,0.005140724999819213
0.012,5.74316803904179,0.020034013675310547,0.003341781364532457,,0.9617557863830616,0.3646446663743015,0.41464466711935954,0,225,8.039184335479149,constrained,0.05,131,d793d624bca369bcd044b36d9fd1667c858a4d73eb0f688d70c899d3385aa1af,6.519046398804573,0,0.0,0,ThetaStar,97970c4c82abea5ebd8e927e39544be4b818548cb3fb209c7b292db3539aedcf,132,,,,,,,,,,,,,,,,,,,,,,,,,,,,,,,,,,,,,,980078f85124c8acf311057b35c91131d3874b299df409f05ea4369732c2c8a3,0,1,west_service_lane,True,5.74316803904179,8.039184335479149,6.519046398804573,1,0.019286885999918013
0.0,0.0,0.02499997802078724,0.024750643384184336,,0.9592774435966023,0.41464466711935954,0.5646446693545337,0,177,0.0,pstmo,0.05,131,d6627654f26decc48294c54c3b82bdc42f1be71865d1b8d70d06b012dc82c109,6.499999999999985,0,0.0,0,ThetaStar,97970c4c82abea5ebd8e927e39544be4b818548cb3fb209c7b292db3539aedcf,131,0,0,"[[-4.5, -3.25], [-4.5, 3.25]]",2,0.075,0,0.15,0,2,0,0,[],0,0,0,none,0,1,1,True,,False,0.1,2,0,252,0,131,0,0,131,{},0.000524169,adaptive,0.05,,0,980078f85124c8acf311057b35c91131d3874b299df409f05ea4369732c2c8a3,0,1,west_service_lane,True,0.0,0.0,6.499999999999985,1,0.005505678999725205
0.0,7.581518745053964,0.0,0.0,,0.45975577890267877,0.41464466711935954,0.41464466711935954,0,225,11.462920653987743,raw,0.05,97,ede5b56dfdd4f49dbf35c57e2824231a5e26554c87358d2b5783e2ad85a2f2d1,4.810746930574588,0,0.0,0,ThetaStar,66904590dda62fd3e246e9aaee7c6ffb507296df4f9fbeb5362ed4e515682f57,98,,,,,,,,,,,,,,,,,,,,,,,,,,,,,,,,,,,,,,ede5b56dfdd4f49dbf35c57e2824231a5e26554c87358d2b5783e2ad85a2f2d1,0,1,picking_aisle_a,True,7.581518745053964,11.462920653987743,4.810746930574588,1,0.003545753000253171
0.0,0.15112198105038865,0.016646646991291814,0.002889346800773031,,0.48846441070863,0.41464466711935954,0.41464466711935954,0,233,0.8574903502277749,simple,0.05,97,44bd237c6c4b96b7da5fdd050dc583384e463915a4e595d979baeaa5213e3051,4.802480400423472,0,0.0,0,ThetaStar,66904590dda62fd3e246e9aaee7c6ffb507296df4f9fbeb5362ed4e515682f57,98,,,,,,,,,,,,,,,,,,,,,,,,,,,,,,,,,,,,,,ede5b56dfdd4f49dbf35c57e2824231a5e26554c87358d2b5783e2ad85a2f2d1,0,1,picking_aisle_a,True,0.15112198105038865,0.8574903502277749,4.802480400423472,1,0.006170130000100471
0.0,0.9898574979629473,0.009651657401037905,0.0013414320877700454,,0.4903418794027145,0.41464466711935954,0.41464466711935954,0,251,3.1402232131834733,savitzky_golay,0.05,97,add50715723bb1cdee0ba8f0085642cd04fe7ec94863bee8eb4304a53239e724,4.8052406494528315,0,0.0,0,ThetaStar,66904590dda62fd3e246e9aaee7c6ffb507296df4f9fbeb5362ed4e515682f57,98,,,,,,,,,,,,,,,,,,,,,,,,,,,,,,,,,,,,,,ede5b56dfdd4f49dbf35c57e2824231a5e26554c87358d2b5783e2ad85a2f2d1,0,1,picking_aisle_a,True,0.9898574979629473,3.1402232131834733,4.8052406494528315,1,0.005341545000192127
0.009000000000000001,5.7438601067257755,0.01998437922851304,0.0038661875979471095,,0.5005342389513613,0.41464466711935954,0.4646446678644176,0,163,8.046253290939084,constrained,0.05,97,07995d9811a4a71535ad51816d93af10e730b855113c9a6c52527106c8673158,4.8190160487836105,0,0.0,0,ThetaStar,66904590dda62fd3e246e9aaee7c6ffb507296df4f9fbeb5362ed4e515682f57,98,,,,,,,,,,,,,,,,,,,,,,,,,,,,,,,,,,,,,,ede5b56dfdd4f49dbf35c57e2824231a5e26554c87358d2b5783e2ad85a2f2d1,0,1,picking_aisle_a,True,5.7438601067257755,8.046253290939084,4.8190160487836105,1,0.013028742000187776
0.0,0.0,0.024999940767884254,0.02466261436896821,,0.5146446686094758,0.5146446686094757,0.5146446686094757,0,138,0.0,pstmo,0.05,97,2d38511830226d4f9ac2570ccfe95e1266a60a906d90bcc59e620d3d985665c0,4.799999999999991,0,0.0,0,ThetaStar,66904590dda62fd3e246e9aaee7c6ffb507296df4f9fbeb5362ed4e515682f57,97,0,0,"[[-2, -2.4], [-2, 2.4]]",2,0.075,0,0.15,0,2,0,0,[],0,0,0,none,0,1,1,True,,False,0.1,2,0,252,0,97,0,0,97,{},0.000408604,adaptive,0.05,,0,ede5b56dfdd4f49dbf35c57e2824231a5e26554c87358d2b5783e2ad85a2f2d1,0,1,picking_aisle_a,True,0.0,0.0,4.799999999999991,1,0.0047142560001702805
0.0,7.581498057700117,4.163336342344337e-17,4.209253915526319e-18,,0.45975577890267877,0.41464466711935954,0.41464466711935954,0,225,11.462905003254328,raw,0.05,97,27e69ea380e9e39304d9b581740b8fceeebe2a4bd21d5f65d6f952ced4bbfc14,4.810746902736495,0,0.0,0,ThetaStar,0ae2a6cdc44b02bccf1f11054c2c2f63826e584f074716eaeb2b810d232d323e,98,,,,,,,,,,,,,,,,,,,,,,,,,,,,,,,,,,,,,,27e69ea380e9e39304d9b581740b8fceeebe2a4bd21d5f65d6f952ced4bbfc14,0,1,picking_aisle_b,True,7.581498057700117,11.462905003254328,4.810746902736495,1,0.003163897999911569
0.003,0.1511216279718422,0.01664662691784352,0.0028893433696661553,,0.48846441070863,0.41464466711935954,0.41464466711935954,0,233,0.8574893508359944,simple,0.05,97,5cc55e21b7ee8c54dc49bfc1a4f73b7d6a63c669dc5c86f6c2c33d6e5fcbd3b1,4.80248039452852,0,0.0,0,ThetaStar,0ae2a6cdc44b02bccf1f11054c2c2f63826e584f074716eaeb2b810d232d323e,98,,,,,,,,,,,,,,,,,,,,,,,,,,,,,,,,,,,,,,27e69ea380e9e39304d9b581740b8fceeebe2a4bd21d5f65d6f952ced4bbfc14,0,1,picking_aisle_b,True,0.1511216279718422,0.8574893508359944,4.80248039452852,1,0.004912938999950711
0.0,0.9898552548427528,0.009651644703497497,0.0013414304279322116,,0.4903418794027145,0.41464466711935954,0.41464466711935954,0,251,3.1402198566344763,savitzky_golay,0.05,97,59534dbdb457207c3272a92b85c3a4ed58c44e5cf333f21449a6cd20b4fb4e40,4.805240637076884,0,0.0,0,ThetaStar,0ae2a6cdc44b02bccf1f11054c2c2f63826e584f074716eaeb2b810d232d323e,98,,,,,,,,,,,,,,,,,,,,,,,,,,,,,,,,,,,,,,27e69ea380e9e39304d9b581740b8fceeebe2a4bd21d5f65d6f952ced4bbfc14,0,1,picking_aisle_b,True,0.9898552548427528,3.1402198566344763,4.805240637076884,1,0.005713059999834513
0.009000000000000001,5.6712452502762645,0.021094436618805806,0.00411219417108389,,0.4998298535739031,0.41464466711935954,0.41714466715661247,0,162,7.887493271655753,constrained,0.05,97,f5f9fd65ac7a418e9f660cb0323374c174d13ab6a128dcf5766a717e3e4f6797,4.8195081392056185,0,0.0,0,ThetaStar,0ae2a6cdc44b02bccf1f11054c2c2f63826e584f074716eaeb2b810d232d323e,98,,,,,,,,,,,,,,,,,,,,,,,,,,,,,,,,,,,,,,27e69ea380e9e39304d9b581740b8fceeebe2a4bd21d5f65d6f952ced4bbfc14,0,1,picking_aisle_b,True,5.6712452502762645,7.887493271655753,4.8195081392056185,1,0.013926194000305259
0.0,0.0,0.024999910965561867,0.024662584981228877,,0.5146446686094758,0.5146446686094757,0.5146446686094757,0,138,0.0,pstmo,0.05,97,c5766c08352f36bd0d56972c26c2a18038a6ccb26cf00d7524851fa21bdaa0c2,4.799999999999991,0,0.0,0,ThetaStar,0ae2a6cdc44b02bccf1f11054c2c2f63826e584f074716eaeb2b810d232d323e,97,0,0,"[[0, -2.4], [0, 2.4]]",2,0.075,0,0.15,0,2,0,0,[],0,0,0,none,0,1,1,True,,False,0.1,2,0,252,0,97,0,0,97,{},0.000376625,adaptive,0.05,,0,27e69ea380e9e39304d9b581740b8fceeebe2a4bd21d5f65d6f952ced4bbfc14,0,1,picking_aisle_b,True,0.0,0.0,4.799999999999991,1,0.005257065000023431
0.0,7.581477370378803,0.0,0.0,,0.45975577890267877,0.41464466711935954,0.41464466711935954,0,225,11.46288935252171,raw,0.05,97,a5ad1d9ca6994916f32db53e26a77b6691fb46e293437e4910c16cc1650956e2,4.810746874898446,0,0.0,0,ThetaStar,b7ed9e59f925bcd054f1702028070088d23dac68db6a74226f76285bff31b78e,98,,,,,,,,,,,,,,,,,,,,,,,,,,,,,,,,,,,,,,a5ad1d9ca6994916f32db53e26a77b6691fb46e293437e4910c16cc1650956e2,0,1,picking_aisle_c,True,7.581477370378803,11.46288935252171,4.810746874898446,1,0.0031077849998837337
0.0,0.15112127489366728,0.016646606844396228,0.0028893399385593104,,0.48846441070863,0.41464466711935954,0.41464466711935954,0,233,0.8574883514439026,simple,0.05,97,9a997a69dabc34289397b9ff7de0fd979221ed7b6ce6185e7ffd5430a106a8ae,4.802480388633575,0,0.0,0,ThetaStar,b7ed9e59f925bcd054f1702028070088d23dac68db6a74226f76285bff31b78e,98,,,,,,,,,,,,,,,,,,,,,,,,,,,,,,,,,,,,,,a5ad1d9ca6994916f32db53e26a77b6691fb46e293437e4910c16cc1650956e2,0,1,picking_aisle_c,True,0.15112127489366728,0.8574883514439026,4.802480388633575,1,0.004700993999904313
0.0,0.9898530117247091,0.009651632005960975,0.0013414287680945868,,0.4903418794027145,0.41464466711935954,0.41464466711935954,0,251,3.1402165000840956,savitzky_golay,0.05,97,b2a0172a73ab95b267bafd9ac24184693ef2776062b4f2799e3bb482457a2258,4.805240624700952,0,0.0,0,ThetaStar,b7ed9e59f925bcd054f1702028070088d23dac68db6a74226f76285bff31b78e,98,,,,,,,,,,,,,,,,,,,,,,,,,,,,,,,,,,,,,,a5ad1d9ca6994916f32db53e26a77b6691fb46e293437e4910c16cc1650956e2,0,1,picking_aisle_c,True,0.9898530117247091,3.1402165000840956,4.805240624700952,1,0.005161625999789976
0.006,5.718017653407756,0.02034083262880504,0.003945460732263375,,0.499957168390615,0.41464466711935954,0.46214466782716473,0,160,7.995842714061971,constrained,0.05,97,bbc5746c627b51e02e5d47672873922b63c0c03334d90290acd3838f63ac2a7c,4.81916552338156,0,0.0,0,ThetaStar,b7ed9e59f925bcd054f1702028070088d23dac68db6a74226f76285bff31b78e,98,,,,,,,,,,,,,,,,,,,,,,,,,,,,,,,,,,,,,,a5ad1d9ca6994916f32db53e26a77b6691fb46e293437e4910c16cc1650956e2,0,1,picking_aisle_c,True,5.718017653407756,7.995842714061971,4.81916552338156,1,0.012984780999886425
0.0,0.0,0.02499988116323948,0.024662555593489507,,0.5146446686094758,0.5146446686094757,0.5146446686094757,0,138,0.0,pstmo,0.05,97,7ba4731630d837b1cd032290fcb39c706a2828781f61723e1ddaac2afa8db092,4.799999999999991,0,0.0,0,ThetaStar,b7ed9e59f925bcd054f1702028070088d23dac68db6a74226f76285bff31b78e,97,0,0,"[[2, -2.4], [2, 2.4]]",2,0.075,0,0.15,0,2,0,0,[],0,0,0,none,0,1,1,True,,False,0.1,2,0,252,0,97,0,0,97,{},0.000395795,adaptive,0.05,,0,a5ad1d9ca6994916f32db53e26a77b6691fb46e293437e4910c16cc1650956e2,0,1,picking_aisle_c,True,0.0,0.0,4.799999999999991,1,0.008036440000068978
0.0,9.990577005640084,3.469446951953614e-18,3.019765964293629e-19,,0.8690815339592559,0.3646446663743015,0.41464466711935954,0,293,14.90249216997494,raw,0.05,131,faf1082f422da3fdef9f02232cf71873f663fca0f125ab61a1c65200e6c5ca38,6.510081854689416,0,0.0,0,ThetaStar,5540b0b6b47dcfc8fc795700bbb5f4e1b70f36c720dc08f1c77d226c62567590,132,,,,,,,,,,,,,,,,,,,,,,,,,,,,,,,,,,,,,,faf1082f422da3fdef9f02232cf71873f663fca0f125ab61a1c65200e6c5ca38,0,1,east_service_lane,True,9.990577005640084,14.90249216997494,6.510081854689416,1,0.004602457999681064
0.0,0.15102523551603703,0.016301827854599438,0.0024682403591221595,,0.8443788927920015,0.3646446663743015,0.3646446663743015,0,301,0.8497850977021056,simple,0.05,131,7b78e716ba919ce8b6d7c5c307a6688954997c92b320f57361a876620f778925,6.50247651366809,0,0.0,0,ThetaStar,5540b0b6b47dcfc8fc795700bbb5f4e1b70f36c720dc08f1c77d226c62567590,132,,,,,,,,,,,,,,,,,,,,,,,,,,,,,,,,,,,,,,faf1082f422da3fdef9f02232cf71873f663fca0f125ab61a1c65200e6c5ca38,0,1,east_service_lane,True,0.15102523551603703,0.8497850977021056,6.50247651366809,1,0.0058364750002510846
0.0,1.0917522998640574,0.008535265652581892,0.0011122605814946564,,0.8526949881122268,0.3646446663743015,0.3646446663743015,0,318,2.975872400485089,savitzky_golay,0.05,131,117396adcf4eba71ea008c3774140ebaece0308c4a25a111a5ca25b2827ff90f,6.505212444729867,0,0.0,0,ThetaStar,5540b0b6b47dcfc8fc795700bbb5f4e1b70f36c720dc08f1c77d226c62567590,132,,,,,,,,,,,,,,,,,,,,,,,,,,,,,,,,,,,,,,faf1082f422da3fdef9f02232cf71873f663fca0f125ab61a1c65200e6c5ca38,0,1,east_service_lane,True,1.0917522998640574,2.975872400485089,6.505212444729867,1,0.0051728549997278606
0.012,6.684566493490573,0.028883082892129153,0.00496419693458341,,0.9153259773716467,0.3646446663743015,0.41464466711935954,0,222,6.6473731585625675,constrained,0.05,131,062c9f2f35aa04262df6462e93d0727a355af99b189861e52b584daaee0c92bc,6.525131663275968,0,0.0,0,ThetaStar,5540b0b6b47dcfc8fc795700bbb5f4e1b70f36c720dc08f1c77d226c62567590,132,,,,,,,,,,,,,,,,,,,,,,,,,,,,,,,,,,,,,,faf1082f422da3fdef9f02232cf71873f663fca0f125ab61a1c65200e6c5ca38,0,1,east_service_lane,True,6.684566493490573,6.6473731585625675,6.525131663275968,1,0.018437365999943722
0.003,0.0,0.024999843910336494,0.024750510652632104,,0.9592774435966023,0.41464466711935954,0.5646446693545337,0,177,0.0,pstmo,0.05,131,a4e7a5ad6a5abc3335b01229c7abedac138c39805a5922638cd4f342d56a7f0f,6.499999999999985,0,0.0,0,ThetaStar,5540b0b6b47dcfc8fc795700bbb5f4e1b70f36c720dc08f1c77d226c62567590,131,0,0,"[[4.5, 3.25], [4.5, -3.25]]",2,0.075,0,0.15,0,2,0,0,[],0,0,0,none,0,1,1,True,,False,0.1,2,0,252,0,131,0,0,131,{},0.000472059,adaptive,0.05,,0,faf1082f422da3fdef9f02232cf71873f663fca0f125ab61a1c65200e6c5ca38,0,1,east_service_lane,True,0.0,0.0,6.499999999999985,1,0.007577537000088341
0.003,7.5815581923291955,4.440892098500626e-16,3.124600776917194e-17,,0.4146446671193597,0.41464466711935954,0.41464466711935954,0,400,11.46294733012747,raw,0.05,201,2496313eb1b50d0e35d803e104c98f6aba346d1ed612fc4878076448010b8bd4,10.01074698105018,0,0.0,0,ThetaStar,eb31ca31ccfdbfe1c79da8603c8d0e581d307dc6721a93e35fda326283897178,202,,,,,,,,,,,,,,,,,,,,,,,,,,,,,,,,,,,,,,2496313eb1b50d0e35d803e104c98f6aba346d1ed612fc4878076448010b8bd4,0,1,south_transfer_corridor,True,7.5815581923291955,11.46294733012747,10.01074698105018,1,0.006399263000275823
0.003,0.15112262935716186,0.016646679709091394,0.0020125092119973637,,0.41304466709551785,0.3646446663743015,0.41464466711935954,0,375,0.857492070657642,simple,0.05,201,69c433b75788583bb20019554248b8df83369db46c5d9613a4790e73cd1a858d,10.002480410541603,0,0.0,0,ThetaStar,eb31ca31ccfdbfe1c79da8603c8d0e581d307dc6721a93e35fda326283897178,202,,,,,,,,,,,,,,,,,,,,,,,,,,,,,,,,,,,,,,2496313eb1b50d0e35d803e104c98f6aba346d1ed612fc4878076448010b8bd4,0,1,south_transfer_corridor,True,0.15112262935716186,0.857492070657642,10.002480410541603,1,0.006955526000183454
0.0,0.9898617790477308,0.009651677311217188,0.000934344219903459,,0.41313333208424463,0.3646446663743015,0.41464466711935954,0,397,3.1402292592725805,savitzky_golay,0.05,201,f8153b2b5b56dbbf3477a2647e0111f8d770bf4c31e2ced3a66e8bec94f9065e,10.005240671334136,0,0.0,0,ThetaStar,eb31ca31ccfdbfe1c79da8603c8d0e581d307dc6721a93e35fda326283897178,202,,,,,,,,,,,,,,,,,,,,,,,,,,,,,,,,,,,,,,2496313eb1b50d0e35d803e104c98f6aba346d1ed612fc4878076448010b8bd4,0,1,south_transfer_corridor,True,0.9898617790477308,3.1402292592725805,10.005240671334136,1,0.007567964999907417
0.015000000000000001,5.662528718966678,0.02120772518348879,0.0028842751102756184,,0.4082910758644628,0.3146446656292434,0.3646446663743015,0,362,7.871147990409271,constrained,0.05,201,f6f59bf16fbeb21c1b7bfec3ddf669c09d092c4ff6d329547f53e68b1034ffab,10.019560613052029,0,0.0,0,ThetaStar,eb31ca31ccfdbfe1c79da8603c8d0e581d307dc6721a93e35fda326283897178,202,,,,,,,,,,,,,,,,,,,,,,,,,,,,,,,,,,,,,,2496313eb1b50d0e35d803e104c98f6aba346d1ed612fc4878076448010b8bd4,0,1,south_transfer_corridor,True,5.662528718966678,7.871147990409271,10.019560613052029,1,0.050000066999928094
0.0,0.0,0.024999989941716372,0.024837772272015432,,0.4146446671193596,0.41464466711935954,0.41464466711935954,0,278,0.0,pstmo,0.05,201,f38889d924e3e8c0561f6546f1272eb5fcf40b858c8f4176b95005055c16818a,10.000000000000007,0,0.0,0,ThetaStar,eb31ca31ccfdbfe1c79da8603c8d0e581d307dc6721a93e35fda326283897178,201,0,0,"[[-5, -3.3], [5, -3.3]]",2,0.075,0,0.15,0,2,0,0,[],0,0,0,none,0,1,1,True,,False,0.1,2,0,252,0,201,0,0,201,{},0.00071145,adaptive,0.05,,0,2496313eb1b50d0e35d803e104c98f6aba346d1ed612fc4878076448010b8bd4,0,1,south_transfer_corridor,True,0.0,0.0,10.000000000000007,1,0.006699818000015512
0.0,7.581489923944341,0.0,0.0,,0.43899090823761,0.41464466711935954,0.41464466711935954,0,400,11.462895682698127,raw,0.05,201,40e90012d61553249b3c87524088aee8e2da335cc05aa04ea6b24754a04fecd9,10.010746889184357,0,0.0,0,ThetaStar,9977b9a797f59fafee8e9ffee250a63ac6a46ff8ae9f2a877c2bc4f60e23e29d,202,,,,,,,,,,,,,,,,,,,,,,,,,,,,,,,,,,,,,,40e90012d61553249b3c87524088aee8e2da335cc05aa04ea6b24754a04fecd9,0,1,north_transfer_corridor,True,7.581489923944341,11.462895682698127,10.010746889184357,1,0.006105372000092757
0.0,0.15112146419675432,0.016646613466713145,0.0020125013254752903,,0.4350341431887744,0.41464466711935954,0.41464466711935954,0,375,0.8574887726638337,simple,0.05,201,28ccabf95aa14d85af6400c432ac4bb146aaf3085b35e1ef55adf7fc76608378,10.002480391088246,0,0.0,0,ThetaStar,9977b9a797f59fafee8e9ffee250a63ac6a46ff8ae9f2a877c2bc4f60e23e29d,202,,,,,,,,,,,,,,,,,,,,,,,,,,,,,,,,,,,,,,40e90012d61553249b3c87524088aee8e2da335cc05aa04ea6b24754a04fecd9,0,1,north_transfer_corridor,True,0.15112146419675432,0.8574887726638337,10.002480391088246,1,0.008335828999861405
0.0,0.9898543767430541,0.009651635409329895,0.000934340404706242,,0.43703382690433235,0.3646446663743015,0.41464466711935954,0,397,3.140218182661695,savitzky_golay,0.05,201,038c2612392d00349b7904de0ac6eddf2bc3c8c25fb7dc9cb20a067e6fd461ad,10.005240630493475,0,0.0,0,ThetaStar,9977b9a797f59fafee8e9ffee250a63ac6a46ff8ae9f2a877c2bc4f60e23e29d,202,,,,,,,,,,,,,,,,,,,,,,,,,,,,,,,,,,,,,,40e90012d61553249b3c87524088aee8e2da335cc05aa04ea6b24754a04fecd9,0,1,north_transfer_corridor,True,0.9898543767430541,3.140218182661695,10.005240630493475,1,0.008220790999985184
0.018000000000000002,5.723547472312138,0.020280969418394967,0.002738967775876668,,0.4333254899380354,0.3646446663743015,0.41464466711935954,0,367,8.003902917043167,constrained,0.05,201,c745f48398bb42174d8afddcb4e4f311c33bf56a43cdc75ef6e145ec120958cd,10.019145308023024,0,0.0,0,ThetaStar,9977b9a797f59fafee8e9ffee250a63ac6a46ff8ae9f2a877c2bc4f60e23e29d,202,,,,,,,,,,,,,,,,,,,,,,,,,,,,,,,,,,,,,,40e90012d61553249b3c87524088aee8e2da335cc05aa04ea6b24754a04fecd9,0,1,north_transfer_corridor,True,5.723547472312138,8.003902917043167,10.019145308023024,1,0.027842823999890243
0.0,0.0,0.024999891594052137,0.024837674582200146,,0.4146446671193596,0.41464466711935954,0.41464466711935954,0,278,0.0,pstmo,0.05,201,c9af42ae4e6f15be7c8745cf21976fca93b3b1587d06fd780a66ae303cbafb08,10.000000000000007,0,0.0,0,ThetaStar,9977b9a797f59fafee8e9ffee250a63ac6a46ff8ae9f2a877c2bc4f60e23e29d,201,0,0,"[[-5, 3.3], [5, 3.3]]",2,0.075,0,0.15,0,2,0,0,[],0,0,0,none,0,1,1,True,,False,0.1,2,0,252,0,201,0,0,201,{},0.00076127,adaptive,0.05,,0,40e90012d61553249b3c87524088aee8e2da335cc05aa04ea6b24754a04fecd9,0,1,north_transfer_corridor,True,0.0,0.0,10.000000000000007,1,0.008495694999965053
0.006,25.664991235682187,1.1102230246251565e-16,1.2523007787387207e-17,,0.4974294375926615,0.1449222268733815,0.2146446641391273,0,567,13.67248242051459,raw,0.05,274,bac2baf3e8cd6fa90387db89eb0aef3c58edea49773f2bb98b53896210f49714,13.919838025877462,0,0.0,0,ThetaStar,0238b7b9a58238d8c6423beb5c45346ec7219c5557f945a806f5e702abc7ec2b,280,,,,,,,,,,,,,,,,,,,,,,,,,,,,,,,,,,,,,,bac2baf3e8cd6fa90387db89eb0aef3c58edea49773f2bb98b53896210f49714,0,1,diagonal_replenishment,True,25.664991235682187,13.67248242051459,13.919838025877462,1,0.01576619399975243
0.003,3.1291023711104704,0.04056620549601523,0.007009357582394697,,0.514358647716672,0.2146446641391273,0.2146446641391273,0,559,2.47582357363355,simple,0.05,274,f819f5c948f6895d90627897a0acfee88ea88a52a66f5eabaf7ec248b5eafb4b,13.849808286301492,0,0.0,0,ThetaStar,0238b7b9a58238d8c6423beb5c45346ec7219c5557f945a806f5e702abc7ec2b,279,,,,,,,,,,,,,,,,,,,,,,,,,,,,,,,,,,,,,,bac2baf3e8cd6fa90387db89eb0aef3c58edea49773f2bb98b53896210f49714,0,1,diagonal_replenishment,True,3.1291023711104704,2.47582357363355,13.849808286301492,1,0.0105037739999716
0.0,6.3195435017247785,0.015902784840213666,0.0020220607247531373,,0.5069902945236556,0.2146446641391273,0.25619225950049973,0,536,4.2866202053048434,savitzky_golay,0.05,274,783ce307ac01ba2cff8750fd4c679207783a7290417902979898a8e614a45656,13.899876011434687,0,0.0,0,ThetaStar,0238b7b9a58238d8c6423beb5c45346ec7219c5557f945a806f5e702abc7ec2b,280,,,,,,,,,,,,,,,,,,,,,,,,,,,,,,,,,,,,,,bac2baf3e8cd6fa90387db89eb0aef3c58edea49773f2bb98b53896210f49714,0,1,diagonal_replenishment,True,6.3195435017247785,4.2866202053048434,13.899876011434687,1,0.010266331999901013
0.021,10.638549892367925,0.03938057048088409,0.010339794659391978,,0.5277656564663041,0.21959563989254183,0.25314555066142413,0,474,5.57318628498266,constrained,0.05,274,35236e5f14d1c76a5255a5def8fe06e051c2a01bdb7e6080b19c759cb57b9f2c,13.945987780392752,0,0.0,0,ThetaStar,0238b7b9a58238d8c6423beb5c45346ec7219c5557f945a806f5e702abc7ec2b,280,,,,,,,,,,,,,,,,,,,,,,,,,,,,,,,,,,,,,,bac2baf3e8cd6fa90387db89eb0aef3c58edea49773f2bb98b53896210f49714,0,1,diagonal_replenishment,True,10.638549892367925,5.57318628498266,13.945987780392752,1,0.029430022000269673
0.021,3.0326366190724765,0.2932112530160577,0.13454592486015982,,0.379402874220785,0.10606601875848895,0.11464466264901119,0,404,2.3717417933171347,pstmo,0.05,371,2467ee9f3b09ee336bb3345b2b3e9aebbc7aa705a78b1c7a5cdb16f900f8a23d,13.631676501712034,0,0.0,0,ThetaStar,0238b7b9a58238d8c6423beb5c45346ec7219c5557f945a806f5e702abc7ec2b,274,36,31,"[[-4.5, -2.4], [-3.075, -3.17462], [3.575, -3.025], [4.5, 2.4]]",4,0.075,0,0.15,0,4,0,0,"[{'index': 0, 'x': -3.075, 'y': -3.17462, 'turn_angle': 0.520408, 'incoming_length': 1.62193, 'outgoing_length': 6.65168, 'pivot_safe': True, 'pass_through': False, 'radius_min': 0.1, 'radius_max': 1.5, 'trim_min': 0.026624, 'trim_max': 0.39936, 'evaluations': 20, 'safe_feasible': 18, 'states': 6, 'selected_radius': 1.5, 'selected_trim': 0.39936, 'selected_score': 0.383051}, {'index': 1, 'x': 3.575, 'y': -3.025, 'turn_angle': 1.37942, 'incoming_length': 6.65168, 'outgoing_length': 5.50329, 'pivot_safe': True, 'pass_through': False, 'radius_min': 0.1, 'radius_max': 1.5, 'trim_min': 0.0824847, 'trim_max': 1.23727, 'evaluations': 20, 'safe_feasible': 13, 'states': 6, 'selected_radius': 0.58125, 'selected_trim': 0.479442, 'selected_score': 0.778081}]",2,12,40,none,2,3,352,True,,False,0.1,4,349,252,0.580566,371,0,0,274,"{'angular acceleration iteration did not converge': 1, 'swept_footprint': 5, 'transition requires a reversing inner wheel': 3}",0.0189045,adaptive,0.05,,31,bac2baf3e8cd6fa90387db89eb0aef3c58edea49773f2bb98b53896210f49714,0,1,diagonal_replenishment,True,3.0326366190724765,2.3717417933171347,13.631676501712034,1,0.03046324899969477
0.0,7.993601965654422e-12,6.938893903907228e-18,6.062539752584292e-19,,0.9613754444970521,0.41464466711935954,0.612144670062339,0,260,8.940696716308851e-06,raw,0.05,131,c4ce6c5facc883c4a003d6a13c13110481e9a160ffd47d6190a65f772eb3ad41,6.499999999999985,0,0.0,0,Smac2D,defca20d3edb695adb0658b2ab655b0f07a87651bcf0830000779dcda3cefb59,131,,,,,,,,,,,,,,,,,,,,,,,,,,,,,,,,,,,,,,c4ce6c5facc883c4a003d6a13c13110481e9a160ffd47d6190a65f772eb3ad41,0,1,west_service_lane,True,7.993601965654422e-12,8.940696716308851e-06,6.499999999999985,1,0.004452158999811218
0.0,1.1457983629064587e-13,1.571206542649861e-08,2.5150323368198746e-09,,0.9700018182519687,0.41464466711935954,0.6146446700995918,0,252,6.096509963526809e-07,simple,0.05,131,56cd7c14cb5a4342f9cfaa79ed9884d1ce2439bd67331f43e6cb7a87ad6a91ac,6.499999999999983,0,0.0,0,Smac2D,defca20d3edb695adb0658b2ab655b0f07a87651bcf0830000779dcda3cefb59,131,,,,,,,,,,,,,,,,,,,,,,,,,,,,,,,,,,,,,,c4ce6c5facc883c4a003d6a13c13110481e9a160ffd47d6190a65f772eb3ad41,0,1,west_service_lane,True,1.1457983629064587e-13,6.096509963526809e-07,6.499999999999983,1,0.0056581230001029326
0.0,7.261673318404424e-13,1.0574526143615222e-08,1.3959242325570993e-09,,0.9712183805922371,0.41464466711935954,0.6146446700995918,0,251,1.8852713168372265e-06,savitzky_golay,0.05,131,7011221692a276225103bd5b5fda615edfc37f12ee83db154bb10c7106df99ad,6.499999999999983,0,0.0,0,Smac2D,defca20d3edb695adb0658b2ab655b0f07a87651bcf0830000779dcda3cefb59,131,,,,,,,,,,,,,,,,,,,,,,,,,,,,,,,,,,,,,,c4ce6c5facc883c4a003d6a13c13110481e9a160ffd47d6190a65f772eb3ad41,0,1,west_service_lane,True,7.261673318404424e-13,1.8852713168372265e-06,6.499999999999983,1,0.005837315000007948
0.0,7.993601965654422e-12,6.938893903907228e-18,6.062539752584292e-19,,0.9613754444970521,0.41464466711935954,0.612144670062339,0,260,8.940696716308851e-06,constrained,0.05,131,c4ce6c5facc883c4a003d6a13c13110481e9a160ffd47d6190a65f772eb3ad41,6.499999999999985,0,0.0,0,Smac2D,defca20d3edb695adb0658b2ab655b0f07a87651bcf0830000779dcda3cefb59,131,,,,,,,,,,,,,,,,,,,,,,,,,,,,,,,,,,,,,,c4ce6c5facc883c4a003d6a13c13110481e9a160ffd47d6190a65f772eb3ad41,0,1,west_service_lane,True,7.993601965654422e-12,8.940696716308851e-06,6.499999999999985,1,0.005179780000162282
0.0,0.0,2.2351741790771484e-08,2.2180461510844732e-08,,0.9592774435966023,0.41464466711935954,0.5646446693545337,0,177,0.0,pstmo,0.05,131,d6627654f26decc48294c54c3b82bdc42f1be71865d1b8d70d06b012dc82c109,6.499999999999985,0,0.0,0,Smac2D,defca20d3edb695adb0658b2ab655b0f07a87651bcf0830000779dcda3cefb59,131,0,0,"[[-4.5, -3.25], [-4.5, 3.25]]",2,0.075,0,0.15,0,2,0,0,[],0,0,0,none,0,1,1,True,,False,0.1,2,0,252,0,131,0,0,131,{},0.000520202,adaptive,0.05,,0,c4ce6c5facc883c4a003d6a13c13110481e9a160ffd47d6190a65f772eb3ad41,0,1,west_service_lane,True,0.0,0.0,6.499999999999985,1,0.005577233000167325
0.0,5.684336295668853e-11,6.938893903907228e-18,7.045379315601251e-19,,0.5146446686094758,0.5146446686094757,0.5146446686094757,0,192,2.384185791016065e-05,raw,0.05,97,28686049d27b44602c277fe777d9face8a12c7323f1b07db46eec5d699b8dc6b,4.79999999999999,0,0.0,0,Smac2D,f13c876f7944f54f52f64a1583f264b21b720cf29fef3a3d843e591b46cdc122,97,,,,,,,,,,,,,,,,,,,,,,,,,,,,,,,,,,,,,,28686049d27b44602c277fe777d9face8a12c7323f1b07db46eec5d699b8dc6b,0,1,picking_aisle_a,True,5.684336295668853e-11,2.384185791016065e-05,4.79999999999999,1,0.0033201489995917655
0.0,8.146571824953795e-13,4.1900017455631655e-08,7.794713917676042e-09,,0.5146446686094758,0.5146446686094757,0.5146446686094757,0,185,1.6255373047613695e-06,simple,0.05,97,c2841e29c1bc9379355ac2e13f800ba05db8be9d0c1f1b6b1eb0511037660958,4.799999999999989,0,0.0,0,Smac2D,f13c876f7944f54f52f64a1583f264b21b720cf29fef3a3d843e591b46cdc122,97,,,,,,,,,,,,,,,,,,,,,,,,,,,,,,,,,,,,,,28686049d27b44602c277fe777d9face8a12c7323f1b07db46eec5d699b8dc6b,0,1,picking_aisle_a,True,8.146571824953795e-13,1.6255373047613695e-06,4.799999999999989,1,0.005274344000099518
0.0,5.16385437085849e-12,2.8198728463380007e-08,4.3259384244268416e-09,,0.5146446686094759,0.5146446686094757,0.5146446686094757,0,183,5.027387128820379e-06,savitzky_golay,0.05,97,17a55b38b329cd96b227ec5d2d2e3cec2c58454983069ef7d5621bfdfa6454c7,4.79999999999999,0,0.0,0,Smac2D,f13c876f7944f54f52f64a1583f264b21b720cf29fef3a3d843e591b46cdc122,97,,,,,,,,,,,,,,,,,,,,,,,,,,,,,,,,,,,,,,28686049d27b44602c277fe777d9face8a12c7323f1b07db46eec5d699b8dc6b,0,1,picking_aisle_a,True,5.16385437085849e-12,5.027387128820379e-06,4.79999999999999,1,0.0057864039999913075
0.003,5.684336295668853e-11,6.938893903907228e-18,7.045379315601251e-19,,0.5146446686094758,0.5146446686094757,0.5146446686094757,0,192,2.384185791016065e-05,constrained,0.05,97,28686049d27b44602c277fe777d9face8a12c7323f1b07db46eec5d699b8dc6b,4.79999999999999,0,0.0,0,Smac2D,f13c876f7944f54f52f64a1583f264b21b720cf29fef3a3d843e591b46cdc122,97,,,,,,,,,,,,,,,,,,,,,,,,,,,,,,,,,,,,,,28686049d27b44602c277fe777d9face8a12c7323f1b07db46eec5d699b8dc6b,0,1,picking_aisle_a,True,5.684336295668853e-11,2.384185791016065e-05,4.79999999999999,1,0.006114458000411105
0.0,0.0,5.960464477539063e-08,5.898696308804984e-08,,0.5146446686094758,0.5146446686094757,0.5146446686094757,0,138,0.0,pstmo,0.05,97,2d38511830226d4f9ac2570ccfe95e1266a60a906d90bcc59e620d3d985665c0,4.799999999999991,0,0.0,0,Smac2D,f13c876f7944f54f52f64a1583f264b21b720cf29fef3a3d843e591b46cdc122,97,0,0,"[[-2, -2.4], [-2, 2.4]]",2,0.075,0,0.15,0,2,0,0,[],0,0,0,none,0,1,1,True,,False,0.1,2,0,252,0,97,0,0,97,{},0.000476839,adaptive,0.05,,0,28686049d27b44602c277fe777d9face8a12c7323f1b07db46eec5d699b8dc6b,0,1,picking_aisle_a,True,0.0,0.0,4.799999999999991,1,0.005289051000090694
0.0,1.2789756665182654e-10,6.938893903907228e-18,7.045379322982962e-19,,0.5146446686094758,0.5146446686094757,0.5146446686094757,0,192,3.57627868651279e-05,raw,0.05,97,1af8b6bb62674f63e9eb027632c24e38e4b79c10e4c5f9629ea3903ed804392b,4.79999999999999,0,0.0,0,Smac2D,fdeb52a8b681f492f2847c0a0af77f945d5e5cdffc026793f835b41e57e3fc72,97,,,,,,,,,,,,,,,,,,,,,,,,,,,,,,,,,,,,,,1af8b6bb62674f63e9eb027632c24e38e4b79c10e4c5f9629ea3903ed804392b,0,1,picking_aisle_b,True,1.2789756665182654e-10,3.57627868651279e-05,4.79999999999999,1,0.003676774999803456
0.0,1.832752266966278e-12,6.28512039231636e-08,1.1692862692099338e-08,,0.5146446686094758,0.5146446686094757,0.5146446686094757,0,185,2.4380473513937324e-06,simple,0.05,97,a0ce5fd0e36cd3e098746b3ac624d6d481c38ed7945c3c94ea3dee7491d3ee3d,4.79999999999999,0,0.0,0,Smac2D,fdeb52a8b681f492f2847c0a0af77f945d5e5cdffc026793f835b41e57e3fc72,97,,,,,,,,,,,,,,,,,,,,,,,,,,,,,,,,,,,,,,1af8b6bb62674f63e9eb027632c24e38e4b79c10e4c5f9629ea3903ed804392b,0,1,picking_aisle_b,True,1.832752266966278e-12,2.4380473513937324e-06,4.79999999999999,1,0.005605333999938011
0.0,1.1618672093601653e-11,4.229809328521988e-08,6.488907703983342e-09,,0.5146446686094759,0.5146446686094757,0.5146446686094757,0,183,7.541080472515008e-06,savitzky_golay,0.05,97,2cba27d1adc0d1c72b7a846b4e5f2f5db0bd94737d1edd7972628be7a7381468,4.799999999999989,0,0.0,0,Smac2D,fdeb52a8b681f492f2847c0a0af77f945d5e5cdffc026793f835b41e57e3fc72,97,,,,,,,,,,,,,,,,,,,,,,,,,,,,,,,,,,,,,,1af8b6bb62674f63e9eb027632c24e38e4b79c10e4c5f9629ea3903ed804392b,0,1,picking_aisle_b,True,1.1618672093601653e-11,7.541080472515008e-06,4.799999999999989,1,0.005030773999806115
0.0,1.2789756665182654e-10,6.938893903907228e-18,7.045379322982962e-19,,0.5146446686094758,0.5146446686094757,0.5146446686094757,0,192,3.57627868651279e-05,constrained,0.05,97,1af8b6bb62674f63e9eb027632c24e38e4b79c10e4c5f9629ea3903ed804392b,4.79999999999999,0,0.0,0,Smac2D,fdeb52a8b681f492f2847c0a0af77f945d5e5cdffc026793f835b41e57e3fc72,97,,,,,,,,,,,,,,,,,,,,,,,,,,,,,,,,,,,,,,1af8b6bb62674f63e9eb027632c24e38e4b79c10e4c5f9629ea3903ed804392b,0,1,picking_aisle_b,True,1.2789756665182654e-10,3.57627868651279e-05,4.79999999999999,1,0.0068187420001777355
0.0,0.0,8.940696716308594e-08,8.848044463207284e-08,,0.5146446686094758,0.5146446686094757,0.5146446686094757,0,138,0.0,pstmo,0.05,97,c5766c08352f36bd0d56972c26c2a18038a6ccb26cf00d7524851fa21bdaa0c2,4.799999999999991,0,0.0,0,Smac2D,fdeb52a8b681f492f2847c0a0af77f945d5e5cdffc026793f835b41e57e3fc72,97,0,0,"[[0, -2.4], [0, 2.4]]",2,0.075,0,0.15,0,2,0,0,[],0,0,0,none,0,1,1,True,,False,0.1,2,0,252,0,97,0,0,97,{},0.000435032,adaptive,0.05,,0,1af8b6bb62674f63e9eb027632c24e38e4b79c10e4c5f9629ea3903ed804392b,0,1,picking_aisle_b,True,0.0,0.0,4.799999999999991,1,0.0052010770000379125
0.0,2.273734518269965e-10,6.938893903907228e-18,7.045379315601251e-19,,0.5146446686094758,0.5146446686094757,0.5146446686094757,0,192,4.768371582034672e-05,raw,0.05,97,98fdf4d6b92a02bcbeef03c7fa945dd2253f8cda4368529c35c5842c58965eb5,4.79999999999999,0,0.0,0,Smac2D,c59fe7654603786bcfffcd7d2c7930f0d37cc40c0263ceb29489855fcf313215,97,,,,,,,,,,,,,,,,,,,,,,,,,,,,,,,,,,,,,,98fdf4d6b92a02bcbeef03c7fa945dd2253f8cda4368529c35c5842c58965eb5,0,1,picking_aisle_c,True,2.273734518269965e-10,4.768371582034672e-05,4.79999999999999,1,0.004170028999851638
0.0,3.2580989027661915e-12,8.380253513351477e-08,1.5590873157147782e-08,,0.5146446686094758,0.5146446686094757,0.5146446686094757,0,185,3.2506749292341187e-06,simple,0.05,97,e2dfe4e3ef594a7ed09e9d45de03066f89722f7dcbde90f72809807c698e9814,4.799999999999989,0,0.0,0,Smac2D,c59fe7654603786bcfffcd7d2c7930f0d37cc40c0263ceb29489855fcf313215,97,,,,,,,,,,,,,,,,,,,,,,,,,,,,,,,,,,,,,,98fdf4d6b92a02bcbeef03c7fa945dd2253f8cda4368529c35c5842c58965eb5,0,1,picking_aisle_c,True,3.2580989027661915e-12,3.2506749292341187e-06,4.799999999999989,1,0.005709495000246534
0.0,2.0655416823687257e-11,5.6397458259027644e-08,8.65187697386706e-09,,0.5146446686094759,0.5146446686094757,0.5146446686094757,0,183,1.0054773724738329e-05,savitzky_golay,0.05,97,7a1beb14f138ab3875f229791537596a9cc4e1da7bfee1eeee67cf4ddb729519,4.799999999999987,0,0.0,0,Smac2D,c59fe7654603786bcfffcd7d2c7930f0d37cc40c0263ceb29489855fcf313215,97,,,,,,,,,,,,,,,,,,,,,,,,,,,,,,,,,,,,,,98fdf4d6b92a02bcbeef03c7fa945dd2253f8cda4368529c35c5842c58965eb5,0,1,picking_aisle_c,True,2.0655416823687257e-11,1.0054773724738329e-05,4.799999999999987,1,0.005170552999970823
0.006,2.2623424989347358e-10,4.943192477568914e-08,7.222973551687434e-09,,0.5146446686094759,0.5146446686094757,0.5146446686094757,0,187,3.623220408144334e-05,constrained,0.05,97,ce07ea6d0ebd8053363c437fcdc29108efb9484f15dae81b8eba80c187dbbe99,4.79999999999999,0,0.0,0,Smac2D,c59fe7654603786bcfffcd7d2c7930f0d37cc40c0263ceb29489855fcf313215,97,,,,,,,,,,,,,,,,,,,,,,,,,,,,,,,,,,,,,,98fdf4d6b92a02bcbeef03c7fa945dd2253f8cda4368529c35c5842c58965eb5,0,1,picking_aisle_c,True,2.2623424989347358e-10,3.623220408144334e-05,4.79999999999999,1,0.012647093999930803
0.0,0.0,1.1920928955078125e-07,1.1797392617610234e-07,,0.5146446686094758,0.5146446686094757,0.5146446686094757,0,138,0.0,pstmo,0.05,97,7ba4731630d837b1cd032290fcb39c706a2828781f61723e1ddaac2afa8db092,4.799999999999991,0,0.0,0,Smac2D,c59fe7654603786bcfffcd7d2c7930f0d37cc40c0263ceb29489855fcf313215,97,0,0,"[[2, -2.4], [2, 2.4]]",2,0.075,0,0.15,0,2,0,0,[],0,0,0,none,0,1,1,True,,False,0.1,2,0,252,0,97,0,0,97,{},0.000435371,adaptive,0.05,,0,98fdf4d6b92a02bcbeef03c7fa945dd2253f8cda4368529c35c5842c58965eb5,0,1,picking_aisle_c,True,0.0,0.0,4.799999999999991,1,0.004988272999980836
0.0,3.9168649631800603e-10,0.0,0.0,,0.9613754444970521,0.41464466711935954,0.612144670062339,0,260,6.258487701423671e-05,raw,0.05,131,0b813e15660900b1e3a66e6780787df65773608f1434dc31736f5b14e67bf29d,6.499999999999985,0,0.0,0,Smac2D,11093ce79f0bf08136edd8bee934ac1e88761a858214d38e427f1f0d59deb98c,131,,,,,,,,,,,,,,,,,,,,,,,,,,,,,,,,,,,,,,0b813e15660900b1e3a66e6780787df65773608f1434dc31736f5b14e67bf29d,0,1,east_service_lane,True,3.9168649631800603e-10,6.258487701423671e-05,6.499999999999985,1,0.004130054000142991
0.0,5.612585619891234e-12,1.0999081467897854e-07,1.7608404080459773e-08,,0.9700018182519687,0.41464466711935954,0.6146446700995918,0,252,4.266517095175851e-06,simple,0.05,131,04005427d970664e27c1e1b5bcb662a51e5d9090ebc2257da3269bf9bcd7f35b,6.499999999999986,0,0.0,0,Smac2D,11093ce79f0bf08136edd8bee934ac1e88761a858214d38e427f1f0d59deb98c,131,,,,,,,,,,,,,,,,,,,,,,,,,,,,,,,,,,,,,,0b813e15660900b1e3a66e6780787df65773608f1434dc31736f5b14e67bf29d,0,1,east_service_lane,True,5.612585619891234e-12,4.266517095175851e-06,6.499999999999986,1,0.007664508000289061
0.0,3.5582189512346784e-11,7.402168744655375e-08,9.771470517024518e-09,,0.9712183805922371,0.41464466711935954,0.6146446700995918,0,251,1.3196893178258827e-05,savitzky_golay,0.05,131,ae88cf0604a7693c86f0584bc9afe1e7732e2851dfc805095739aa1133437860,6.499999999999981,0,0.0,0,Smac2D,11093ce79f0bf08136edd8bee934ac1e88761a858214d38e427f1f0d59deb98c,131,,,,,,,,,,,,,,,,,,,,,,,,,,,,,,,,,,,,,,0b813e15660900b1e3a66e6780787df65773608f1434dc31736f5b14e67bf29d,0,1,east_service_lane,True,3.5582189512346784e-11,1.3196893178258827e-05,6.499999999999981,1,0.005951278999873466
0.009000000000000001,4.87128030407492e-10,6.961221732382228e-08,8.607457257948329e-09,,0.9650337803791621,0.41464466711935954,0.6046446699505802,0,257,5.48477579798146e-05,constrained,0.05,131,b184d9cf1971b72d45717ca2269fc9dfb2362bf2a3642596265dd732d0a9f36c,6.499999999999985,0,0.0,0,Smac2D,11093ce79f0bf08136edd8bee934ac1e88761a858214d38e427f1f0d59deb98c,131,,,,,,,,,,,,,,,,,,,,,,,,,,,,,,,,,,,,,,0b813e15660900b1e3a66e6780787df65773608f1434dc31736f5b14e67bf29d,0,1,east_service_lane,True,4.87128030407492e-10,5.48477579798146e-05,6.499999999999985,1,0.015501782999763236
0.0,0.0,1.564621925354004e-07,1.5526323057591887e-07,,0.9592774435966023,0.41464466711935954,0.5646446693545337,0,177,0.0,pstmo,0.05,131,a4e7a5ad6a5abc3335b01229c7abedac138c39805a5922638cd4f342d56a7f0f,6.499999999999985,0,0.0,0,Smac2D,11093ce79f0bf08136edd8bee934ac1e88761a858214d38e427f1f0d59deb98c,131,0,0,"[[4.5, 3.25], [4.5, -3.25]]",2,0.075,0,0.15,0,2,0,0,[],0,0,0,none,0,1,1,True,,False,0.1,2,0,252,0,131,0,0,131,{},0.000570577,adaptive,0.05,,0,0b813e15660900b1e3a66e6780787df65773608f1434dc31736f5b14e67bf29d,0,1,east_service_lane,True,0.0,0.0,6.499999999999985,1,0.006598336000024574
0.0,1.740828605704957e-12,6.217248937900877e-15,4.38531201225352e-16,,0.4146446671193597,0.41464466711935954,0.41464466711935954,0,400,4.172325063222949e-06,raw,0.05,201,042448c05628710acb3de38a2692d45da14c5c2d9f2a4492084b9f39e4a2f13f,10.000000000000009,0,0.0,0,Smac2D,15b396c9e2c91dbb8e3b3ad08cb273763db0ab2e011019486d7df2c0d0c1d9c5,201,,,,,,,,,,,,,,,,,,,,,,,,,,,,,,,,,,,,,,042448c05628710acb3de38a2692d45da14c5c2d9f2a4492084b9f39e4a2f13f,0,1,south_transfer_corridor,True,1.740828605704957e-12,4.172325063222949e-06,10.000000000000009,1,0.005452224000237038
0.0,2.494889333255406e-14,7.332501716916795e-09,9.47602124204726e-10,,0.41464466711935966,0.41464466711935954,0.41464466711935954,0,392,2.8446933697523586e-07,simple,0.05,201,9910df52740db06c13761fced69d7468ea214f5842309da4137c522c8f428a99,10.0,0,0.0,0,Smac2D,15b396c9e2c91dbb8e3b3ad08cb273763db0ab2e011019486d7df2c0d0c1d9c5,201,,,,,,,,,,,,,,,,,,,,,,,,,,,,,,,,,,,,,,042448c05628710acb3de38a2692d45da14c5c2d9f2a4492084b9f39e4a2f13f,0,1,south_transfer_corridor,True,2.494889333255406e-14,2.8446933697523586e-07,10.0,1,0.008467561000088608
0.0,1.5814312691584212e-13,4.934778363718886e-09,5.259035865256832e-10,,0.41464466711935977,0.41464466711935954,0.41464466711935954,0,391,8.797938377824364e-07,savitzky_golay,0.05,201,d913a6867dcd7954ceb36b85139d1906627080176c7fca7f147b54c010dec0d3,10.000000000000009,0,0.0,0,Smac2D,15b396c9e2c91dbb8e3b3ad08cb273763db0ab2e011019486d7df2c0d0c1d9c5,201,,,,,,,,,,,,,,,,,,,,,,,,,,,,,,,,,,,,,,042448c05628710acb3de38a2692d45da14c5c2d9f2a4492084b9f39e4a2f13f,0,1,south_transfer_corridor,True,1.5814312691584212e-13,8.797938377824364e-07,10.000000000000009,1,0.007823896999980207
0.0,1.740828605704957e-12,6.217248937900877e-15,4.38531201225352e-16,,0.4146446671193597,0.41464466711935954,0.41464466711935954,0,400,4.172325063222949e-06,constrained,0.05,201,042448c05628710acb3de38a2692d45da14c5c2d9f2a4492084b9f39e4a2f13f,10.000000000000009,0,0.0,0,Smac2D,15b396c9e2c91dbb8e3b3ad08cb273763db0ab2e011019486d7df2c0d0c1d9c5,201,,,,,,,,,,,,,,,,,,,,,,,,,,,,,,,,,,,,,,042448c05628710acb3de38a2692d45da14c5c2d9f2a4492084b9f39e4a2f13f,0,1,south_transfer_corridor,True,1.740828605704957e-12,4.172325063222949e-06,10.000000000000009,1,0.009710562000236678
0.0,0.0,1.0430812658057675e-08,1.037878831488907e-08,,0.4146446671193596,0.41464466711935954,0.41464466711935954,0,278,0.0,pstmo,0.05,201,f38889d924e3e8c0561f6546f1272eb5fcf40b858c8f4176b95005055c16818a,10.000000000000007,0,0.0,0,Smac2D,15b396c9e2c91dbb8e3b3ad08cb273763db0ab2e011019486d7df2c0d0c1d9c5,201,0,0,"[[-5, -3.3], [5, -3.3]]",2,0.075,0,0.15,0,2,0,0,[],0,0,0,none,0,1,1,True,,False,0.1,2,0,252,0,201,0,0,201,{},0.000765054,adaptive,0.05,,0,042448c05628710acb3de38a2692d45da14c5c2d9f2a4492084b9f39e4a2f13f,0,1,south_transfer_corridor,True,0.0,0.0,10.000000000000007,1,0.008206461000099807
0.0,1.8932399353257351e-10,6.938893903907228e-18,4.894318394028917e-19,,0.4146446671193597,0.41464466711935954,0.41464466711935954,0,400,4.3511390757113675e-05,raw,0.05,201,2d1f4475cc9e0d3072d05269348df2248b1479adef9191c80109d9fa123d5b51,10.000000000000009,0,0.0,0,Smac2D,aa0000b4215bb1b6766c884f2bfaca2341a97c3bd7d4ffab0f134dc787b72639,201,,,,,,,,,,,,,,,,,,,,,,,,,,,,,,,,,,,,,,2d1f4475cc9e0d3072d05269348df2248b1479adef9191c80109d9fa123d5b51,0,1,north_transfer_corridor,True,1.8932399353257351e-10,4.3511390757113675e-05,10.000000000000009,1,0.005746302999796171
0.0,2.7126649435527446e-12,7.647074484751215e-08,9.883499207453609e-09,,0.41464466711935966,0.41464466711935954,0.41464466711935954,0,392,2.966036127816248e-06,simple,0.05,201,d8df9f5e7e0a0437994680a978c568111fc41e10fa5bb68dfa11b02043a2a330,10.000000000000007,0,0.0,0,Smac2D,aa0000b4215bb1b6766c884f2bfaca2341a97c3bd7d4ffab0f134dc787b72639,201,,,,,,,,,,,,,,,,,,,,,,,,,,,,,,,,,,,,,,2d1f4475cc9e0d3072d05269348df2248b1479adef9191c80109d9fa123d5b51,0,1,north_transfer_corridor,True,2.7126649435527446e-12,2.966036127816248e-06,10.000000000000007,1,0.009705281000151444
0.0,1.7198873572847556e-11,5.1462689665393137e-08,5.484423329290945e-09,,0.41464466711935977,0.41464466711935954,0.41464466711935954,0,391,9.174992143815724e-06,savitzky_golay,0.05,201,c826b1c9bbe0346110bfb6df9d93708a8b37ec907667d60902fac3640544359d,10.000000000000005,0,0.0,0,Smac2D,aa0000b4215bb1b6766c884f2bfaca2341a97c3bd7d4ffab0f134dc787b72639,201,,,,,,,,,,,,,,,,,,,,,,,,,,,,,,,,,,,,,,2d1f4475cc9e0d3072d05269348df2248b1479adef9191c80109d9fa123d5b51,0,1,north_transfer_corridor,True,1.7198873572847556e-11,9.174992143815724e-06,10.000000000000005,1,0.009466556000006676
0.012,2.1164705660635321e-10,4.682634546782083e-08,4.696654373406279e-09,,0.41464466711935966,0.41464466711935954,0.41464466711935954,0,396,3.5807436837842644e-05,constrained,0.05,201,05e650b09a99e7e66eeea58c6f2436614a68ffd09f15c3608a61b245d1f9b33a,10.000000000000005,0,0.0,0,Smac2D,aa0000b4215bb1b6766c884f2bfaca2341a97c3bd7d4ffab0f134dc787b72639,201,,,,,,,,,,,,,,,,,,,,,,,,,,,,,,,,,,,,,,2d1f4475cc9e0d3072d05269348df2248b1479adef9191c80109d9fa123d5b51,0,1,north_transfer_corridor,True,2.1164705660635321e-10,3.5807436837842644e-05,10.000000000000005,1,0.018180045999997674
0.003,0.0,1.0877847689272357e-07,1.0823593729495915e-07,,0.4146446671193596,0.41464466711935954,0.41464466711935954,0,278,0.0,pstmo,0.05,201,c9af42ae4e6f15be7c8745cf21976fca93b3b1587d06fd780a66ae303cbafb08,10.000000000000007,0,0.0,0,Smac2D,aa0000b4215bb1b6766c884f2bfaca2341a97c3bd7d4ffab0f134dc787b72639,201,0,0,"[[-5, 3.3], [5, 3.3]]",2,0.075,0,0.15,0,2,0,0,[],0,0,0,none,0,1,1,True,,False,0.1,2,0,252,0,201,0,0,201,{},0.000835898,adaptive,0.05,,0,2d1f4475cc9e0d3072d05269348df2248b1479adef9191c80109d9fa123d5b51,0,1,north_transfer_corridor,True,0.0,0.0,10.000000000000007,1,0.010036944999683328
0.009000000000000001,4.535312068225989,4.440892098500626e-16,4.9569171808876124e-17,,0.35803324055731967,0.17677669793081488,0.2146446641391273,0,533,2.377645564495028,raw,0.05,271,d489d69865e2c0426b7430c605526db78d4c2fa515530729db14c024922d190e,13.977148192216665,0,0.0,0,Smac2D,b5307669a5c902bf44f6ea0746c08a3e6bfa52fa297959f91765384a9eee4401,281,,,,,,,,,,,,,,,,,,,,,,,,,,,,,,,,,,,,,,d489d69865e2c0426b7430c605526db78d4c2fa515530729db14c024922d190e,0,1,diagonal_replenishment,True,4.535312068225989,2.377645564495028,13.977148192216665,1,0.016340844000296784
0.0,3.2809163348521246,0.023249520715547697,0.006525102874435283,,0.35619589779529137,0.17079994476667312,0.18825146149581692,0,521,1.67040629066461,simple,0.05,271,309ea3a20283a8f105a5ddc15fdf83019762eb6937bccb68998dd63d1866e84e,13.929690319544433,0,0.0,0,Smac2D,b5307669a5c902bf44f6ea0746c08a3e6bfa52fa297959f91765384a9eee4401,280,,,,,,,,,,,,,,,,,,,,,,,,,,,,,,,,,,,,,,d489d69865e2c0426b7430c605526db78d4c2fa515530729db14c024922d190e,0,1,diagonal_replenishment,True,3.2809163348521246,1.67040629066461,13.929690319544433,1,0.0098616690002018
0.0,4.248408350606412,0.002014086249880003,0.00038213975704484205,,0.35784148726188514,0.17677669793081488,0.2146446641391273,0,535,2.1243175602513955,savitzky_golay,0.05,271,faa0ce5cdd41a522091293038bebd1709133dbb289b5cb0c4cf6677e7a6e3be7,13.975767301071652,0,0.0,0,Smac2D,b5307669a5c902bf44f6ea0746c08a3e6bfa52fa297959f91765384a9eee4401,281,,,,,,,,,,,,,,,,,,,,,,,,,,,,,,,,,,,,,,d489d69865e2c0426b7430c605526db78d4c2fa515530729db14c024922d190e,0,1,diagonal_replenishment,True,4.248408350606412,2.1243175602513955,13.975767301071652,1,0.008335032000104547
0.021,5.689174315866741,0.05260161253770412,0.014564175063624769,,0.36797706496754934,0.23390290478282266,0.2474873771031409,0,459,2.518546556808574,constrained,0.05,271,aa721c7ab9c62207aeaaa327961a494660d485c6e247790be02f54fb78227706,14.050870488374027,0,0.0,0,Smac2D,b5307669a5c902bf44f6ea0746c08a3e6bfa52fa297959f91765384a9eee4401,283,,,,,,,,,,,,,,,,,,,,,,,,,,,,,,,,,,,,,,d489d69865e2c0426b7430c605526db78d4c2fa515530729db14c024922d190e,0,1,diagonal_replenishment,True,5.689174315866741,2.518546556808574,14.050870488374027,1,0.02895945499994923
0.015000000000000001,4.589737188250524,0.4851665765223381,0.18959602101595058,,0.3264352647325164,0.10606601875848895,0.11464466264901119,0,342,3.3469177100194294,pstmo,0.05,330,be7aee1b4ffabbddf3262e1c947b1982bfafcbd7432500a228377a03d9469e4c,13.60311420310366,0,0.0,0,Smac2D,b5307669a5c902bf44f6ea0746c08a3e6bfa52fa297959f91765384a9eee4401,274,36,20,"[[-4.5, -2.4], [-3.54354, 3.01776], [3.55, 2.98143], [4.5, 2.4]]",4,0.075,0,0.15,0,4,0,0,"[{'index': 0, 'x': -3.54354, 'y': 3.01776, 'turn_angle': -1.40118, 'incoming_length': 5.50154, 'outgoing_length': 7.09363, 'pivot_safe': True, 'pass_through': False, 'radius_min': 0.1, 'radius_max': 1.5, 'trim_min': 0.0843294, 'trim_max': 1.26494, 'evaluations': 20, 'safe_feasible': 10, 'states': 6, 'selected_radius': 0.415, 'selected_trim': 0.349967, 'selected_score': 0.829019}, {'index': 1, 'x': 3.55, 'y': 2.98143, 'turn_angle': -0.544102, 'incoming_length': 7.09363, 'outgoing_length': 1.11381, 'pivot_safe': True, 'pass_through': False, 'radius_min': 0.1, 'radius_max': 1.5, 'trim_min': 0.0278967, 'trim_max': 0.418451, 'evaluations': 20, 'safe_feasible': 12, 'states': 6, 'selected_radius': 0.695, 'selected_trim': 0.193882, 'selected_score': 0.555121}]",2,12,40,none,2,3,183,True,,False,0.1,4,180,252,0.69207,330,0,0,271,"{'angular acceleration iteration did not converge': 1, 'swept_footprint': 13, 'transition requires a reversing inner wheel': 4}",0.0142615,adaptive,0.05,,22,d489d69865e2c0426b7430c605526db78d4c2fa515530729db14c024922d190e,0,1,diagonal_replenishment,True,4.589737188250524,3.3469177100194294,13.60311420310366,1,0.02635809999992489
0.003,0.2278517210838971,0.0,0.0,,0.9513996420050491,0.41464466711935954,0.5646446693545337,0,151,1.2118229995251928,raw,0.05,76,e219033659e965d15e85583c4271d4f6ad0f1afb6e61789e6bde4deeee12652a,6.5009455575989445,0,0.0,0,SmacHybrid,76ca4123aaf21c4de604ece2db0b04ff66fbefa82b77131e0033c73beffb6552,132,,,,,,,,,,,,,,,,,,,,,,,,,,,,,,,,,,,,,,e219033659e965d15e85583c4271d4f6ad0f1afb6e61789e6bde4deeee12652a,0,1,west_service_lane,True,0.2278517210838971,1.2118229995251928,6.5009455575989445,1,0.004595822999817756
0.003,0.006458917111231728,0.005773883000673052,0.0012793998142969969,,0.9520618936705465,0.41464466711935954,0.5646446693545337,0,151,0.16776511846475486,simple,0.05,76,fdc2ba182435967b23a060d21c37d6d193cad3a283a110a0cfeee547ae1f07fa,6.500244057686334,0,0.0,0,SmacHybrid,76ca4123aaf21c4de604ece2db0b04ff66fbefa82b77131e0033c73beffb6552,132,,,,,,,,,,,,,,,,,,,,,,,,,,,,,,,,,,,,,,e219033659e965d15e85583c4271d4f6ad0f1afb6e61789e6bde4deeee12652a,0,1,west_service_lane,True,0.006458917111231728,0.16776511846475486,6.500244057686334,1,0.00619670900005076
0.0,0.03862865136851439,0.0033672036054719356,0.0005715967270136755,,0.9488552013955063,0.41464466711935954,0.5646446693545337,0,152,0.5369323125817053,savitzky_golay,0.05,76,23c6da5dbcab1101456f23c2e8fae2a3920a5c33f0fd11d6d374a438da4aab5e,6.50054881724673,0,0.0,0,SmacHybrid,76ca4123aaf21c4de604ece2db0b04ff66fbefa82b77131e0033c73beffb6552,132,,,,,,,,,,,,,,,,,,,,,,,,,,,,,,,,,,,,,,e219033659e965d15e85583c4271d4f6ad0f1afb6e61789e6bde4deeee12652a,0,1,west_service_lane,True,0.03862865136851439,0.5369323125817053,6.50054881724673,1,0.005429238000033365
0.006,0.12477098022030092,0.0016630181708539027,0.0003470657999297,,0.9517307678377978,0.41464466711935954,0.5646446693545337,0,151,0.924556507911283,constrained,0.05,76,9a2613b066cf1e005d982c40fce430d97b7eaaac3834e123b558700f94c7ea23,6.5009075722983765,0,0.0,0,SmacHybrid,76ca4123aaf21c4de604ece2db0b04ff66fbefa82b77131e0033c73beffb6552,132,,,,,,,,,,,,,,,,,,,,,,,,,,,,,,,,,,,,,,e219033659e965d15e85583c4271d4f6ad0f1afb6e61789e6bde4deeee12652a,0,1,west_service_lane,True,0.12477098022030092,0.924556507911283,6.5009075722983765,1,0.011759515999983705
0.0,0.0,0.018323352220208894,0.004995944567199142,,0.9592774435966023,0.41464466711935954,0.5646446693545337,0,177,0.0,pstmo,0.05,131,d6627654f26decc48294c54c3b82bdc42f1be71865d1b8d70d06b012dc82c109,6.499999999999985,0,0.0,0,SmacHybrid,76ca4123aaf21c4de604ece2db0b04ff66fbefa82b77131e0033c73beffb6552,131,0,0,"[[-4.5, -3.25], [-4.5, 3.25]]",2,0.075,0,0.15,0,2,0,0,[],0,0,0,none,0,1,1,True,,False,0.1,2,0,252,0,131,0,0,76,{},0.000514718,adaptive,0.05,,0,e219033659e965d15e85583c4271d4f6ad0f1afb6e61789e6bde4deeee12652a,0,1,west_service_lane,True,0.0,0.0,6.499999999999985,1,0.0064803609998307365
0.0,1.2350131230193591e-11,1.3877787807814457e-17,1.452442154538291e-18,,0.5146446686094759,0.5146446686094757,0.5146446686094757,0,111,1.0794743676712805e-05,raw,0.05,56,831fa2d051b76bbfbc0ecf9575c45a3543f9525dfb3c2750c4abfbed3eec28ee,4.799999999999985,0,0.0,0,SmacHybrid,053f90b34da9b22cc0ce5b4add6836371861181b766a378f8d478a152c3e23fd,97,,,,,,,,,,,,,,,,,,,,,,,,,,,,,,,,,,,,,,831fa2d051b76bbfbc0ecf9575c45a3543f9525dfb3c2750c4abfbed3eec28ee,0,1,picking_aisle_a,True,1.2350131230193591e-11,1.0794743676712805e-05,4.799999999999985,1,0.004018332000214286
0.0,2.0422799343234468e-13,4.053553936955723e-08,9.381530148248487e-09,,0.5146446686094759,0.5146446686094757,0.5146446686094757,0,111,1.0671247885341219e-06,simple,0.05,56,0b3568d6efee63826a153ac8b927e3c6e51aa4b3fe7f6302583bb60c2cb1fe8a,4.799999999999988,0,0.0,0,SmacHybrid,053f90b34da9b22cc0ce5b4add6836371861181b766a378f8d478a152c3e23fd,97,,,,,,,,,,,,,,,,,,,,,,,,,,,,,,,,,,,,,,831fa2d051b76bbfbc0ecf9575c45a3543f9525dfb3c2750c4abfbed3eec28ee,0,1,picking_aisle_a,True,2.0422799343234468e-13,1.0671247885341219e-06,4.799999999999988,1,0.004826729000342311
0.0,1.2200861302530257e-12,2.628197193210724e-08,4.679012718461292e-09,,0.5146446686094758,0.5146446686094757,0.5146446686094757,0,112,2.28118137712865e-06,savitzky_golay,0.05,56,7f1bfe58449934af790f1bf5432a3189d50706f33a1e534a8fe88596794138eb,4.79999999999999,0,0.0,0,SmacHybrid,053f90b34da9b22cc0ce5b4add6836371861181b766a378f8d478a152c3e23fd,97,,,,,,,,,,,,,,,,,,,,,,,,,,,,,,,,,,,,,,831fa2d051b76bbfbc0ecf9575c45a3543f9525dfb3c2750c4abfbed3eec28ee,0,1,picking_aisle_a,True,1.2200861302530257e-12,2.28118137712865e-06,4.79999999999999,1,0.004296115999750327
0.0,1.2350131230193591e-11,1.3877787807814457e-17,1.452442154538291e-18,,0.5146446686094759,0.5146446686094757,0.5146446686094757,0,111,1.0794743676712805e-05,constrained,0.05,56,831fa2d051b76bbfbc0ecf9575c45a3543f9525dfb3c2750c4abfbed3eec28ee,4.799999999999985,0,0.0,0,SmacHybrid,053f90b34da9b22cc0ce5b4add6836371861181b766a378f8d478a152c3e23fd,97,,,,,,,,,,,,,,,,,,,,,,,,,,,,,,,,,,,,,,831fa2d051b76bbfbc0ecf9575c45a3543f9525dfb3c2750c4abfbed3eec28ee,0,1,picking_aisle_a,True,1.2350131230193591e-11,1.0794743676712805e-05,4.799999999999985,1,0.0038791659999333206
0.0,0.0,5.960464477539063e-08,5.859467933210985e-08,,0.5146446686094758,0.5146446686094757,0.5146446686094757,0,138,0.0,pstmo,0.05,97,2d38511830226d4f9ac2570ccfe95e1266a60a906d90bcc59e620d3d985665c0,4.799999999999991,0,0.0,0,SmacHybrid,053f90b34da9b22cc0ce5b4add6836371861181b766a378f8d478a152c3e23fd,97,0,0,"[[-2, -2.4], [-2, 2.4]]",2,0.075,0,0.15,0,2,0,0,[],0,0,0,none,0,1,1,True,,False,0.1,2,0,252,0,97,0,0,56,{},0.000502348,adaptive,0.05,,0,831fa2d051b76bbfbc0ecf9575c45a3543f9525dfb3c2750c4abfbed3eec28ee,0,1,picking_aisle_a,True,0.0,0.0,4.799999999999991,1,0.0055222830001184775
0.003,2.7787795284446373e-11,1.3877787807814457e-17,1.4524421549019514e-18,,0.5146446686094759,0.5146446686094757,0.5146446686094757,0,111,1.6192115504468498e-05,raw,0.05,56,30479d5d577b284434e7208c77136c1e3e1ae46fe42e077466cf1d7e0dfc71d8,4.7999999999999785,0,0.0,0,SmacHybrid,7098aab4e6e8ee24e36e9533416b9e53307878e24abb4fef44be6a97b2ee4111,97,,,,,,,,,,,,,,,,,,,,,,,,,,,,,,,,,,,,,,30479d5d577b284434e7208c77136c1e3e1ae46fe42e077466cf1d7e0dfc71d8,0,1,picking_aisle_b,True,2.7787795284446373e-11,1.6192115504468498e-05,4.7999999999999785,1,0.004019595999579906
0.0,4.59512992276222e-13,6.080330945766241e-08,1.4072295450379308e-08,,0.5146446686094759,0.5146446686094757,0.5146446686094757,0,111,1.6006872355285906e-06,simple,0.05,56,12802bc6b559b7e4985801e6942b1be165879bdfb50655c811af4412645a0808,4.799999999999988,0,0.0,0,SmacHybrid,7098aab4e6e8ee24e36e9533416b9e53307878e24abb4fef44be6a97b2ee4111,97,,,,,,,,,,,,,,,,,,,,,,,,,,,,,,,,,,,,,,30479d5d577b284434e7208c77136c1e3e1ae46fe42e077466cf1d7e0dfc71d8,0,1,picking_aisle_b,True,4.59512992276222e-13,1.6006872355285906e-06,4.799999999999988,1,0.005819763000090461
0.0,2.7451937069222097e-12,3.942295845142751e-08,7.018519170604287e-09,,0.5146446686094758,0.5146446686094757,0.5146446686094757,0,112,3.4217721017656487e-06,savitzky_golay,0.05,56,c897043309ffa119f4e63da5c16f15df50175fb99017011759434e2a96795e8b,4.79999999999999,0,0.0,0,SmacHybrid,7098aab4e6e8ee24e36e9533416b9e53307878e24abb4fef44be6a97b2ee4111,97,,,,,,,,,,,,,,,,,,,,,,,,,,,,,,,,,,,,,,30479d5d577b284434e7208c77136c1e3e1ae46fe42e077466cf1d7e0dfc71d8,0,1,picking_aisle_b,True,2.7451937069222097e-12,3.4217721017656487e-06,4.79999999999999,1,0.003999854000085179
0.0,2.7787795284446373e-11,1.3877787807814457e-17,1.4524421549019514e-18,,0.5146446686094759,0.5146446686094757,0.5146446686094757,0,111,1.6192115504468498e-05,constrained,0.05,56,30479d5d577b284434e7208c77136c1e3e1ae46fe42e077466cf1d7e0dfc71d8,4.7999999999999785,0,0.0,0,SmacHybrid,7098aab4e6e8ee24e36e9533416b9e53307878e24abb4fef44be6a97b2ee4111,97,,,,,,,,,,,,,,,,,,,,,,,,,,,,,,,,,,,,,,30479d5d577b284434e7208c77136c1e3e1ae46fe42e077466cf1d7e0dfc71d8,0,1,picking_aisle_b,True,2.7787795284446373e-11,1.6192115504468498e-05,4.7999999999999785,1,0.006233218000033958
0.0,0.0,8.940696716308594e-08,8.789201899871886e-08,,0.5146446686094758,0.5146446686094757,0.5146446686094757,0,138,0.0,pstmo,0.05,97,c5766c08352f36bd0d56972c26c2a18038a6ccb26cf00d7524851fa21bdaa0c2,4.799999999999991,0,0.0,0,SmacHybrid,7098aab4e6e8ee24e36e9533416b9e53307878e24abb4fef44be6a97b2ee4111,97,0,0,"[[0, -2.4], [0, 2.4]]",2,0.075,0,0.15,0,2,0,0,[],0,0,0,none,0,1,1,True,,False,0.1,2,0,252,0,97,0,0,56,{},0.000454485,adaptive,0.05,,0,30479d5d577b284434e7208c77136c1e3e1ae46fe42e077466cf1d7e0dfc71d8,0,1,picking_aisle_b,True,0.0,0.0,4.799999999999991,1,0.005481409000367421
0.003,4.94005249208033e-11,1.3877787807814457e-17,1.452442154538291e-18,,0.5146446686094759,0.5146446686094757,0.5146446686094757,0,111,2.158948735343107e-05,raw,0.05,56,aa2ebc1d4920b30e3ccc78092e0722656fd412b8087e59d6ef6a18d67bac2b77,4.799999999999969,0,0.0,0,SmacHybrid,fc525c1a165c673647f38796f6a3106372f2f1a7da4e7d7b915ded7bfbcd1726,97,,,,,,,,,,,,,,,,,,,,,,,,,,,,,,,,,,,,,,aa2ebc1d4920b30e3ccc78092e0722656fd412b8087e59d6ef6a18d67bac2b77,0,1,picking_aisle_c,True,4.94005249208033e-11,2.158948735343107e-05,4.799999999999969,1,0.003916922999906092
0.0,8.169119737294303e-13,8.107107873911445e-08,1.8763060296499317e-08,,0.5146446686094759,0.5146446686094757,0.5146446686094757,0,111,2.1342495770683246e-06,simple,0.05,56,663b4987f504c290a531bf739ac3fe19c853c825dbed09405687fbc25bacc816,4.799999999999989,0,0.0,0,SmacHybrid,fc525c1a165c673647f38796f6a3106372f2f1a7da4e7d7b915ded7bfbcd1726,97,,,,,,,,,,,,,,,,,,,,,,,,,,,,,,,,,,,,,,aa2ebc1d4920b30e3ccc78092e0722656fd412b8087e59d6ef6a18d67bac2b77,0,1,picking_aisle_c,True,8.169119737294303e-13,2.1342495770683246e-06,4.799999999999989,1,0.004908365000119375
0.0,4.880344312576022e-12,5.25639447523929e-08,9.358025588607334e-09,,0.5146446686094758,0.5146446686094757,0.5146446686094757,0,112,4.562362576622318e-06,savitzky_golay,0.05,56,699e9d97c475b9aca500b9b833955e58b6d366563ff27e763a268a5aee318fb7,4.799999999999987,0,0.0,0,SmacHybrid,fc525c1a165c673647f38796f6a3106372f2f1a7da4e7d7b915ded7bfbcd1726,97,,,,,,,,,,,,,,,,,,,,,,,,,,,,,,,,,,,,,,aa2ebc1d4920b30e3ccc78092e0722656fd412b8087e59d6ef6a18d67bac2b77,0,1,picking_aisle_c,True,4.880344312576022e-12,4.562362576622318e-06,4.799999999999987,1,0.0032032320000325853
0.006,5.95310738195598e-11,4.907138517751264e-08,8.108670940438658e-09,,0.5146446686094759,0.5146446686094757,0.5146446686094757,0,111,2.380824479786326e-05,constrained,0.05,56,19692fc5c97902d72e9eb3087bf633201b0d1001f5fbdb97c19b0dd84171c38d,4.799999999999974,0,0.0,0,SmacHybrid,fc525c1a165c673647f38796f6a3106372f2f1a7da4e7d7b915ded7bfbcd1726,97,,,,,,,,,,,,,,,,,,,,,,,,,,,,,,,,,,,,,,aa2ebc1d4920b30e3ccc78092e0722656fd412b8087e59d6ef6a18d67bac2b77,0,1,picking_aisle_c,True,5.95310738195598e-11,2.380824479786326e-05,4.799999999999974,1,0.01014671399980216
0.003,0.0,1.1920928955078125e-07,1.1718935866422045e-07,,0.5146446686094758,0.5146446686094757,0.5146446686094757,0,138,0.0,pstmo,0.05,97,7ba4731630d837b1cd032290fcb39c706a2828781f61723e1ddaac2afa8db092,4.799999999999991,0,0.0,0,SmacHybrid,fc525c1a165c673647f38796f6a3106372f2f1a7da4e7d7b915ded7bfbcd1726,97,0,0,"[[2, -2.4], [2, 2.4]]",2,0.075,0,0.15,0,2,0,0,[],0,0,0,none,0,1,1,True,,False,0.1,2,0,252,0,97,0,0,56,{},0.000412659,adaptive,0.05,,0,aa2ebc1d4920b30e3ccc78092e0722656fd412b8087e59d6ef6a18d67bac2b77,0,1,picking_aisle_c,True,0.0,0.0,4.799999999999991,1,0.004952196999965963
0.0,9.019964184730393e-11,0.0,0.0,,0.9507373903395516,0.41464466711935954,0.5646446693545337,0,151,2.833608121479069e-05,raw,0.05,76,77e65625589090d80a7f2dae9cc131460b6be1e3eb6c5139a4a3fb9a4aa156d2,6.499999999999945,0,0.0,0,SmacHybrid,f8d74a5d43eb922f90dfa35e612267ad5ce2bc4875fbaac3a1f93bde8dda2d13,131,,,,,,,,,,,,,,,,,,,,,,,,,,,,,,,,,,,,,,77e65625589090d80a7f2dae9cc131460b6be1e3eb6c5139a4a3fb9a4aa156d2,0,1,east_service_lane,True,9.019964184730393e-11,2.833608121479069e-05,6.499999999999945,1,0.0054685459999745945
0.003,1.459718074665977e-12,1.0640568781639104e-07,2.0970357178626073e-08,,0.9523930195032952,0.41464466711935954,0.5646446693545337,0,151,2.5884553167545513e-06,simple,0.05,76,c987840f12e4b965deb724cb97d0b45daaadeb3ae6b21fd324588d8f4652e1ed,6.499999999999986,0,0.0,0,SmacHybrid,f8d74a5d43eb922f90dfa35e612267ad5ce2bc4875fbaac3a1f93bde8dda2d13,131,,,,,,,,,,,,,,,,,,,,,,,,,,,,,,,,,,,,,,77e65625589090d80a7f2dae9cc131460b6be1e3eb6c5139a4a3fb9a4aa156d2,0,1,east_service_lane,True,1.459718074665977e-12,2.5884553167545513e-06,6.499999999999986,1,0.0058052419999512495
0.0,9.51814397596567e-12,6.899001370186397e-08,1.0443609479452128e-08,,0.9491841487688291,0.41464466711935954,0.5646446693545337,0,152,6.849296596559598e-06,savitzky_golay,0.05,76,42e3c7bd1b2e6a451b42bb9388696facdf4317c16f01442c9b9299ae1c10e8d6,6.499999999999982,0,0.0,0,SmacHybrid,f8d74a5d43eb922f90dfa35e612267ad5ce2bc4875fbaac3a1f93bde8dda2d13,131,,,,,,,,,,,,,,,,,,,,,,,,,,,,,,,,,,,,,,77e65625589090d80a7f2dae9cc131460b6be1e3eb6c5139a4a3fb9a4aa156d2,0,1,east_service_lane,True,9.51814397596567e-12,6.849296596559598e-06,6.499999999999982,1,0.005091915999855701
0.009000000000000001,1.2927724149420947e-10,6.364903715194714e-08,9.06055303431824e-09,,0.9523930195032952,0.41464466711935954,0.5646446693545337,0,151,3.339332685926144e-05,constrained,0.05,76,1286649598953d9199380f4a59082af0d7c641f98f821d4d417031d7cc4e8200,6.499999999999941,0,0.0,0,SmacHybrid,f8d74a5d43eb922f90dfa35e612267ad5ce2bc4875fbaac3a1f93bde8dda2d13,131,,,,,,,,,,,,,,,,,,,,,,,,,,,,,,,,,,,,,,77e65625589090d80a7f2dae9cc131460b6be1e3eb6c5139a4a3fb9a4aa156d2,0,1,east_service_lane,True,1.2927724149420947e-10,3.339332685926144e-05,6.499999999999941,1,0.01318443699983618
0.0,0.0,1.564621925354004e-07,1.545301446195191e-07,,0.9592774435966023,0.41464466711935954,0.5646446693545337,0,177,0.0,pstmo,0.05,131,a4e7a5ad6a5abc3335b01229c7abedac138c39805a5922638cd4f342d56a7f0f,6.499999999999985,0,0.0,0,SmacHybrid,f8d74a5d43eb922f90dfa35e612267ad5ce2bc4875fbaac3a1f93bde8dda2d13,131,0,0,"[[4.5, 3.25], [4.5, -3.25]]",2,0.075,0,0.15,0,2,0,0,[],0,0,0,none,0,1,1,True,,False,0.1,2,0,252,0,131,0,0,76,{},0.00054432,adaptive,0.05,,0,77e65625589090d80a7f2dae9cc131460b6be1e3eb6c5139a4a3fb9a4aa156d2,0,1,east_service_lane,True,0.0,0.0,6.499999999999985,1,0.00743827299993427
0.0,3.969746834801971e-13,6.217248937900877e-15,4.3853202058541455e-16,,0.4146446671193597,0.41464466711935954,0.41464466711935954,0,227,1.8890798259008105e-06,raw,0.05,114,8766c39fe251794d87c3b3e04439819307a774389fb51ed94d8efd5038a9ea0a,10.000000000000007,0,0.0,0,SmacHybrid,baf03640f9b7f01da638d287bda485b994442dc92c2bf3762bc5838a42519e34,201,,,,,,,,,,,,,,,,,,,,,,,,,,,,,,,,,,,,,,8766c39fe251794d87c3b3e04439819307a774389fb51ed94d8efd5038a9ea0a,0,1,south_transfer_corridor,True,3.969746834801971e-13,1.8890798259008105e-06,10.000000000000007,1,0.005687986999873829
0.0,6.433812091645346e-15,7.093718945583305e-09,1.1302799821589735e-09,,0.4146446671193597,0.41464466711935954,0.41464466711935954,0,227,1.7528343221328607e-07,simple,0.05,114,3fc8272886da1f9152eaa4107675ef05dc1604507af3d29be535e431971c388e,10.000000000000004,0,0.0,0,SmacHybrid,baf03640f9b7f01da638d287bda485b994442dc92c2bf3762bc5838a42519e34,201,,,,,,,,,,,,,,,,,,,,,,,,,,,,,,,,,,,,,,8766c39fe251794d87c3b3e04439819307a774389fb51ed94d8efd5038a9ea0a,0,1,south_transfer_corridor,True,6.433812091645346e-15,1.7528343221328607e-07,10.000000000000004,1,0.005376294000143389
0.0,4.141052265846223e-14,4.599344460842758e-09,5.629594473269613e-10,,0.4146446671193597,0.41464466711935954,0.41464466711935954,0,228,4.4815813282636027e-07,savitzky_golay,0.05,114,66ed8bf7f71caa482a884744ec50738bcc325a62a88c65d6cc58df0d27b483ca,10.000000000000005,0,0.0,0,SmacHybrid,baf03640f9b7f01da638d287bda485b994442dc92c2bf3762bc5838a42519e34,201,,,,,,,,,,,,,,,,,,,,,,,,,,,,,,,,,,,,,,8766c39fe251794d87c3b3e04439819307a774389fb51ed94d8efd5038a9ea0a,0,1,south_transfer_corridor,True,4.141052265846223e-14,4.4815813282636027e-07,10.000000000000005,1,0.007825479000075575
0.0,3.969746834801971e-13,6.217248937900877e-15,4.3853202058541455e-16,,0.4146446671193597,0.41464466711935954,0.41464466711935954,0,227,1.8890798259008105e-06,constrained,0.05,114,8766c39fe251794d87c3b3e04439819307a774389fb51ed94d8efd5038a9ea0a,10.000000000000007,0,0.0,0,SmacHybrid,baf03640f9b7f01da638d287bda485b994442dc92c2bf3762bc5838a42519e34,201,,,,,,,,,,,,,,,,,,,,,,,,,,,,,,,,,,,,,,8766c39fe251794d87c3b3e04439819307a774389fb51ed94d8efd5038a9ea0a,0,1,south_transfer_corridor,True,3.969746834801971e-13,1.8890798259008105e-06,10.000000000000007,1,0.006126304999725107
0.0,0.0,1.0430812658057675e-08,1.0346874882608582e-08,,0.4146446671193596,0.41464466711935954,0.41464466711935954,0,278,0.0,pstmo,0.05,201,f38889d924e3e8c0561f6546f1272eb5fcf40b858c8f4176b95005055c16818a,10.000000000000007,0,0.0,0,SmacHybrid,baf03640f9b7f01da638d287bda485b994442dc92c2bf3762bc5838a42519e34,201,0,0,"[[-5, -3.3], [5, -3.3]]",2,0.075,0,0.15,0,2,0,0,[],0,0,0,none,0,1,1,True,,False,0.1,2,0,252,0,201,0,0,114,{},0.000767036,adaptive,0.05,,0,8766c39fe251794d87c3b3e04439819307a774389fb51ed94d8efd5038a9ea0a,0,1,south_transfer_corridor,True,0.0,0.0,10.000000000000007,1,0.008818619000066974
0.003,4.317302586759588e-11,1.3877787807814457e-17,1.4682955182086752e-18,,0.4146446671193597,0.41464466711935954,0.41464466711935954,0,227,1.9700404862992847e-05,raw,0.05,114,b78174a8bf861ab683f85cfeb2fff0173b289b8aa7eb6bb962cf5e551b2089a6,9.99999999999999,0,0.0,0,SmacHybrid,6d4ce96c784ec72c5aeb9f181237797e0cfad3cbebb5b8f4d27c98e8c17a18ee,201,,,,,,,,,,,,,,,,,,,,,,,,,,,,,,,,,,,,,,b78174a8bf861ab683f85cfeb2fff0173b289b8aa7eb6bb962cf5e551b2089a6,0,1,north_transfer_corridor,True,4.317302586759588e-11,1.9700404862992847e-05,9.99999999999999,1,0.038014753999959794
0.0,6.997099618408671e-13,7.397735890535273e-08,1.1787207982671648e-08,,0.4146446671193597,0.41464466711935954,0.41464466711935954,0,227,1.8279566305066455e-06,simple,0.05,114,09186193cc2c782788396d84233d1725772dd672a8a2099729a43c8558eee7db,10.000000000000002,0,0.0,0,SmacHybrid,6d4ce96c784ec72c5aeb9f181237797e0cfad3cbebb5b8f4d27c98e8c17a18ee,201,,,,,,,,,,,,,,,,,,,,,,,,,,,,,,,,,,,,,,b78174a8bf861ab683f85cfeb2fff0173b289b8aa7eb6bb962cf5e551b2089a6,0,1,north_transfer_corridor,True,6.997099618408671e-13,1.8279566305066455e-06,10.000000000000002,1,0.006433465000100114
0.0,4.503605720573447e-12,4.796459807110409e-08,5.870863405374274e-09,,0.4146446671193597,0.41464466711935954,0.41464466711935954,0,228,4.673646181175795e-06,savitzky_golay,0.05,114,58ab6457993487f379856a33e3496f81a06d7585c081c9f3028317c289048ad5,10.000000000000002,0,0.0,0,SmacHybrid,6d4ce96c784ec72c5aeb9f181237797e0cfad3cbebb5b8f4d27c98e8c17a18ee,201,,,,,,,,,,,,,,,,,,,,,,,,,,,,,,,,,,,,,,b78174a8bf861ab683f85cfeb2fff0173b289b8aa7eb6bb962cf5e551b2089a6,0,1,north_transfer_corridor,True,4.503605720573447e-12,4.673646181175795e-06,10.000000000000002,1,0.005183554999803164
0.003,5.531954928977203e-11,4.3432843988000513e-08,5.029396737137606e-09,,0.4146446671193597,0.41464466711935954,0.41464466711935954,0,227,2.187408334464237e-05,constrained,0.05,114,565c60c6c3936e86b5ed0b943cb92e17887cb2089fd61573b3ce641f431d0589,9.999999999999991,0,0.0,0,SmacHybrid,6d4ce96c784ec72c5aeb9f181237797e0cfad3cbebb5b8f4d27c98e8c17a18ee,201,,,,,,,,,,,,,,,,,,,,,,,,,,,,,,,,,,,,,,b78174a8bf861ab683f85cfeb2fff0173b289b8aa7eb6bb962cf5e551b2089a6,0,1,north_transfer_corridor,True,5.531954928977203e-11,2.187408334464237e-05,9.999999999999991,1,0.009713952999845787
0.003,0.0,1.0877847689272357e-07,1.0790312579138013e-07,,0.4146446671193596,0.41464466711935954,0.41464466711935954,0,278,0.0,pstmo,0.05,201,c9af42ae4e6f15be7c8745cf21976fca93b3b1587d06fd780a66ae303cbafb08,10.000000000000007,0,0.0,0,SmacHybrid,6d4ce96c784ec72c5aeb9f181237797e0cfad3cbebb5b8f4d27c98e8c17a18ee,201,0,0,"[[-5, 3.3], [5, 3.3]]",2,0.075,0,0.15,0,2,0,0,[],0,0,0,none,0,1,1,True,,False,0.1,2,0,252,0,201,0,0,114,{},0.000820571,adaptive,0.05,,0,b78174a8bf861ab683f85cfeb2fff0173b289b8aa7eb6bb962cf5e551b2089a6,0,1,north_transfer_corridor,True,0.0,0.0,10.000000000000007,1,0.007774540999889723
0.009000000000000001,9.499945297408113,4.440892098500626e-16,4.716307709341703e-17,,0.47836007011193754,0.21959563989254183,0.25619225950049973,0,334,3.503879151970223,raw,0.05,159,33a5bf1367e88c77660c8c17611ac74f8d0136b7d3aa56780f90b76cce50bda0,14.104165262679045,0,0.0,0,SmacHybrid,4a199fd54cfad7d95b11b9cfec2e8470f4c92d6662a34104c92ed7a00fe9769d,284,,,,,,,,,,,,,,,,,,,,,,,,,,,,,,,,,,,,,,33a5bf1367e88c77660c8c17611ac74f8d0136b7d3aa56780f90b76cce50bda0,0,1,diagonal_replenishment,True,9.499945297408113,3.503879151970223,14.104165262679045,1,0.013035875000241504
0.0,4.260011533169516,0.0520244565205398,0.01576485823296182,,0.47636503041853195,0.18825146149581692,0.2146446641391273,0,320,2.9069632147334463,simple,0.05,159,b33172173896dc3ade91d270241033d970f4025595354811c2b7ea85e9f10ba4,13.969242353794632,0,0.0,0,SmacHybrid,4a199fd54cfad7d95b11b9cfec2e8470f4c92d6662a34104c92ed7a00fe9769d,281,,,,,,,,,,,,,,,,,,,,,,,,,,,,,,,,,,,,,,33a5bf1367e88c77660c8c17611ac74f8d0136b7d3aa56780f90b76cce50bda0,0,1,diagonal_replenishment,True,4.260011533169516,2.9069632147334463,13.969242353794632,1,0.007250438000028225
0.0,7.2822864442156465,0.008214917037514672,0.0015536545460213067,,0.48006538652763375,0.21959563989254183,0.25619225950049973,0,323,3.6833521445638797,savitzky_golay,0.05,159,eb1eeb958d64b441acf370572d7f7c18bde12bee9eda8de6b28bf1ab47f737aa,14.093628483561194,0,0.0,0,SmacHybrid,4a199fd54cfad7d95b11b9cfec2e8470f4c92d6662a34104c92ed7a00fe9769d,283,,,,,,,,,,,,,,,,,,,,,,,,,,,,,,,,,,,,,,33a5bf1367e88c77660c8c17611ac74f8d0136b7d3aa56780f90b76cce50bda0,0,1,diagonal_replenishment,True,7.2822864442156465,3.6833521445638797,14.093628483561194,1,0.008259264000116673
0.015000000000000001,7.78806069575909,0.0210702318433853,0.007194654504635234,,0.4842026080123851,0.21959563989254183,0.26464466488418537,0,322,4.17437544782063,constrained,0.05,159,7a77f16ccf15a3e30839028eac44e9ec8011020a8560fe548c8291ab415dc5c3,14.112801331248095,0,0.0,0,SmacHybrid,4a199fd54cfad7d95b11b9cfec2e8470f4c92d6662a34104c92ed7a00fe9769d,284,,,,,,,,,,,,,,,,,,,,,,,,,,,,,,,,,,,,,,33a5bf1367e88c77660c8c17611ac74f8d0136b7d3aa56780f90b76cce50bda0,0,1,diagonal_replenishment,True,7.78806069575909,4.17437544782063,14.112801331248095,1,0.019287831999918126
0.012,3.01628745837538,0.42663961558445307,0.16024052533949587,,0.3349959066268005,0.10606601875848895,0.10649495095301507,0,402,2.261449242532517,pstmo,0.05,389,1f7fabe3351309e5959c6dd9bdb268372f9594428864bf3375a0287acca2bf53,13.619159007840238,0,0.0,0,SmacHybrid,4a199fd54cfad7d95b11b9cfec2e8470f4c92d6662a34104c92ed7a00fe9769d,274,36,28,"[[-4.5, -2.4], [-3.58156, 3.03218], [3.64539, 3.02131], [4.5, 2.4]]",4,0.075,0,0.15,0,4,0,0,"[{'index': 0, 'x': -3.58156, 'y': 3.03218, 'turn_angle': -1.40481, 'incoming_length': 5.50928, 'outgoing_length': 7.22696, 'pivot_safe': True, 'pass_through': False, 'radius_min': 0.1, 'radius_max': 1.5, 'trim_min': 0.0846409, 'trim_max': 1.26961, 'evaluations': 20, 'safe_feasible': 13, 'states': 6, 'selected_radius': 0.61625, 'selected_trim': 0.521599, 'selected_score': 0.769894}, {'index': 1, 'x': 3.64539, 'y': 3.02131, 'turn_angle': -0.627123, 'incoming_length': 7.22696, 'outgoing_length': 1.05659, 'pivot_safe': True, 'pass_through': False, 'radius_min': 0.1, 'radius_max': 1.5, 'trim_min': 0.0324259, 'trim_max': 0.486389, 'evaluations': 20, 'safe_feasible': 18, 'states': 6, 'selected_radius': 1.5, 'selected_trim': 0.486389, 'selected_score': 0.412283}]",2,12,40,none,2,3,115,True,,False,0.1,4,112,252,0.591089,389,0,0,159,"{'swept_footprint': 5, 'transition requires a reversing inner wheel': 4}",0.0124739,adaptive,0.05,,31,33a5bf1367e88c77660c8c17611ac74f8d0136b7d3aa56780f90b76cce50bda0,0,1,diagonal_replenishment,True,3.01628745837538,2.261449242532517,13.619159007840238,1,0.02276402000006783
