=== infrastructure attempt 1 ===
[INFO] [launch]: All log files can be found below /home/linh-pham/.ros/log/2026-10-03-11-20-02-003643-linh-pham-LOQ-15IAX9-99540
[INFO] [launch]: Default logging verbosity is set to INFO
[INFO] [gazebo-1]: process started with pid [99555]
[INFO] [create-2]: process started with pid [99556]
[INFO] [parameter_bridge-3]: process started with pid [99558]
[INFO] [robot_state_publisher-4]: process started with pid [99559]
[INFO] [execution_trial-5]: process started with pid [99560]
[robot_state_publisher-4] [INFO] [1791001202.518737779] [robot_state_publisher]: Robot initialized
[gazebo-1] [1;32m[Msg] [0m[1;32mGazebo Sim Server v[0m[1;32m8.15.0[0m[1;32m[0m
[gazebo-1] [1;32m[Msg] [0m[1;32mLoading SDF world file[[0m[1;32m/home/linh-pham/agv_nav2_research_ws_bao/install/vacuum_robot_gazebo/share/vacuum_robot_gazebo/worlds/warehouse_cross_aisles.sdf[0m[1;32m].[0m
[gazebo-1] [1;32m[Msg] [0m[1;32mServing entity system service on [[0m[1;32m/[0m[1;32mentity/system/add[0m[1;32m][0m[1;32m[0m
[gazebo-1] [1;32m[Msg] [0m[1;32mCreate[0m[1;32m service on [[0m[1;32m/world/warehouse_cross_aisles/create_multiple[0m[1;32m] (async)[0m[1;32m[0m
[gazebo-1] [1;32m[Msg] [0m[1;32mCreate[0m[1;32m service on [[0m[1;32m/world/warehouse_cross_aisles/create_multiple/blocking[0m[1;32m] (blocking)[0m[1;32m[0m
[gazebo-1] [1;32m[Msg] [0m[1;32mRemove[0m[1;32m service on [[0m[1;32m/world/warehouse_cross_aisles/remove[0m[1;32m] (async)[0m[1;32m[0m
[gazebo-1] [1;32m[Msg] [0m[1;32mRemove[0m[1;32m service on [[0m[1;32m/world/warehouse_cross_aisles/remove/blocking[0m[1;32m] (blocking)[0m[1;32m[0m
[gazebo-1] [1;32m[Msg] [0m[1;32mPose[0m[1;32m service on [[0m[1;32m/world/warehouse_cross_aisles/set_pose[0m[1;32m] (async)[0m[1;32m[0m
[gazebo-1] [1;32m[Msg] [0m[1;32mPose[0m[1;32m service on [[0m[1;32m/world/warehouse_cross_aisles/set_pose/blocking[0m[1;32m] (blocking)[0m[1;32m[0m
[gazebo-1] [1;32m[Msg] [0m[1;32mPose[0m[1;32m service on [[0m[1;32m/world/warehouse_cross_aisles/set_pose_vector[0m[1;32m] (async)[0m[1;32m[0m
[gazebo-1] [1;32m[Msg] [0m[1;32mPose[0m[1;32m service on [[0m[1;32m/world/warehouse_cross_aisles/set_pose_vector/blocking[0m[1;32m] (blocking)[0m[1;32m[0m
[gazebo-1] [1;32m[Msg] [0m[1;32mLight configuration[0m[1;32m service on [[0m[1;32m/world/warehouse_cross_aisles/light_config[0m[1;32m] (async)[0m[1;32m[0m
[gazebo-1] [1;32m[Msg] [0m[1;32mLight configuration[0m[1;32m service on [[0m[1;32m/world/warehouse_cross_aisles/light_config/blocking[0m[1;32m] (blocking)[0m[1;32m[0m
[gazebo-1] [1;32m[Msg] [0m[1;32mPhysics[0m[1;32m service on [[0m[1;32m/world/warehouse_cross_aisles/set_physics[0m[1;32m] (async)[0m[1;32m[0m
[gazebo-1] [1;32m[Msg] [0m[1;32mPhysics[0m[1;32m service on [[0m[1;32m/world/warehouse_cross_aisles/set_physics/blocking[0m[1;32m] (blocking)[0m[1;32m[0m
[gazebo-1] [1;32m[Msg] [0m[1;32mSphericalCoordinates[0m[1;32m service on [[0m[1;32m/world/warehouse_cross_aisles/set_spherical_coordinates[0m[1;32m] (async)[0m[1;32m[0m
[gazebo-1] [1;32m[Msg] [0m[1;32mSphericalCoordinates[0m[1;32m service on [[0m[1;32m/world/warehouse_cross_aisles/set_spherical_coordinates/blocking[0m[1;32m] (blocking)[0m[1;32m[0m
[gazebo-1] [1;32m[Msg] [0m[1;32mEnable collision[0m[1;32m service on [[0m[1;32m/world/warehouse_cross_aisles/enable_collision[0m[1;32m] (async)[0m[1;32m[0m
[gazebo-1] [1;32m[Msg] [0m[1;32mEnable collision[0m[1;32m service on [[0m[1;32m/world/warehouse_cross_aisles/enable_collision/blocking[0m[1;32m] (blocking)[0m[1;32m[0m
[gazebo-1] [1;32m[Msg] [0m[1;32mDisable collision[0m[1;32m service on [[0m[1;32m/world/warehouse_cross_aisles/disable_collision[0m[1;32m] (async)[0m[1;32m[0m
[gazebo-1] [1;32m[Msg] [0m[1;32mDisable collision[0m[1;32m service on [[0m[1;32m/world/warehouse_cross_aisles/disable_collision/blocking[0m[1;32m] (blocking)[0m[1;32m[0m
[gazebo-1] [1;32m[Msg] [0m[1;32mMaterial[0m[1;32m service on [[0m[1;32m/world/warehouse_cross_aisles/visual_config[0m[1;32m] (async)[0m[1;32m[0m
[gazebo-1] [1;32m[Msg] [0m[1;32mMaterial[0m[1;32m service on [[0m[1;32m/world/warehouse_cross_aisles/visual_config/blocking[0m[1;32m] (blocking)[0m[1;32m[0m
[gazebo-1] [1;32m[Msg] [0m[1;32mMaterial[0m[1;32m service on [[0m[1;32m/world/warehouse_cross_aisles/wheel_slip[0m[1;32m] (async)[0m[1;32m[0m
[gazebo-1] [1;32m[Msg] [0m[1;32mMaterial[0m[1;32m service on [[0m[1;32m/world/warehouse_cross_aisles/wheel_slip/blocking[0m[1;32m] (blocking)[0m[1;32m[0m
[gazebo-1] [1;32m[Msg] [0m[1;32mLoaded level [[0m[1;32mdefault[0m[1;32m][0m[1;32m[0m
[create-2] [INFO] [1791001202.963627932] [spawn_vacuum_robot]: Entity creation successful.
[INFO] [create-2]: process has finished cleanly [pid 99556]
[parameter_bridge-3] [INFO] [1791001203.534845182] [ros_gz_bridge]: Creating GZ->ROS Bridge: [/clock (gz.msgs.Clock) -> /clock (rosgraph_msgs/msg/Clock)] (Lazy 0)
[parameter_bridge-3] [INFO] [1791001203.536164328] [ros_gz_bridge]: Creating GZ->ROS Bridge: [/joint_states (gz.msgs.Model) -> /joint_states (sensor_msgs/msg/JointState)] (Lazy 0)
[parameter_bridge-3] [INFO] [1791001203.540095764] [ros_gz_bridge]: Creating GZ->ROS Bridge: [/odom (gz.msgs.Odometry) -> /odom (nav_msgs/msg/Odometry)] (Lazy 0)
[parameter_bridge-3] [INFO] [1791001203.541318930] [ros_gz_bridge]: Creating GZ->ROS Bridge: [/tf (gz.msgs.Pose_V) -> /tf (tf2_msgs/msg/TFMessage)] (Lazy 0)
[parameter_bridge-3] [INFO] [1791001203.542424791] [ros_gz_bridge]: Creating GZ->ROS Bridge: [/scan (gz.msgs.LaserScan) -> /scan (sensor_msgs/msg/LaserScan)] (Lazy 0)
[parameter_bridge-3] [INFO] [1791001203.542802598] [ros_gz_bridge]: Creating GZ->ROS Bridge: [/imu/data (gz.msgs.IMU) -> /imu/data (sensor_msgs/msg/Imu)] (Lazy 0)
[parameter_bridge-3] [INFO] [1791001203.543222176] [ros_gz_bridge]: Creating ROS->GZ Bridge: [/cmd_vel (geometry_msgs/msg/Twist) -> /cmd_vel (gz.msgs.Twist)] (Lazy 0)
[parameter_bridge-3] [INFO] [1791001203.543848108] [ros_gz_bridge]: Creating GZ->ROS Bridge: [/ground_truth/odom (gz.msgs.Odometry) -> /ground_truth/odom (nav_msgs/msg/Odometry)] (Lazy 0)
[gazebo-1] [1;32m[Msg] [0m[1;32mServing world controls on [[0m[1;32m/world/warehouse_cross_aisles[0m[1;32m/control], [[0m[1;32m/world/warehouse_cross_aisles[0m[1;32m/control/state] and [[0m[1;32m/world/warehouse_cross_aisles[0m[1;32m/playback/control][0m[1;32m[0m
[gazebo-1] [1;32m[Msg] [0m[1;32mServing GUI information on [[0m[1;32m/world/warehouse_cross_aisles[0m[1;32m/[0m[1;32mgui/info[0m[1;32m][0m[1;32m[0m
[gazebo-1] [1;32m[Msg] [0m[1;32mWorld [[0m[1;32mwarehouse_cross_aisles[0m[1;32m] initialized with [[0m[1;32mresearch_physics[0m[1;32m] physics profile.[0m[1;32m[0m
[gazebo-1] [1;32m[Msg] [0m[1;32mServing world SDF generation service on [[0m[1;32m/world/warehouse_cross_aisles[0m[1;32m/[0m[1;32mgenerate_world_sdf[0m[1;32m][0m[1;32m[0m
[gazebo-1] [1;32m[Msg] [0m[1;32mServing world names on [[0m[1;32m/gazebo/worlds[0m[1;32m][0m[1;32m[0m
[gazebo-1] [1;32m[Msg] [0m[1;32mResource path add service on [[0m[1;32m/gazebo/resource_paths/add[0m[1;32m].[0m[1;32m[0m
[gazebo-1] [1;32m[Msg] [0m[1;32mResource path get service on [[0m[1;32m/gazebo/resource_paths/get[0m[1;32m].[0m[1;32m[0m
[gazebo-1] [1;32m[Msg] [0m[1;32mResource path resolve service on [[0m[1;32m/gazebo/resource_paths/resolve[0m[1;32m].[0m[1;32m[0m
[gazebo-1] [1;32m[Msg] [0m[1;32mResource paths published on [[0m[1;32m/gazebo/resource_paths[0m[1;32m].[0m[1;32m[0m
[gazebo-1] [1;32m[Msg] [0m[1;32mServer control service on [[0m[1;32m/server_control[0m[1;32m].[0m[1;32m[0m
[gazebo-1] [1;32m[Msg] [0m[1;32mFound no publishers on /stats, adding root stats topic[0m[1;32m[0m
[gazebo-1] [1;32m[Msg] [0m[1;32mFound no publishers on /clock, adding root clock topic[0m[1;32m[0m
[gazebo-1] [1;33mWarning [Utils.cc:132][0m [/sdf/model[@name="vacuum_robot"]/link[@name="base_link"]/sensor[@name="rplidar_a1m8"]/gz_frame_id:/home/linh-pham/agv_nav2_research_ws_bao/install/vacuum_robot_gazebo/share/vacuum_robot_gazebo/models/vacuum_robot/model.sdf:L107]: XML Element[gz_frame_id], child of element[sensor], not defined in SDF. Copying[gz_frame_id] as children of [sensor].
[gazebo-1] [1;33mWarning [Utils.cc:132][0m [/sdf/model[@name="vacuum_robot"]/link[@name="base_link"]/sensor[@name="bno055_imu"]/gz_frame_id:/home/linh-pham/agv_nav2_research_ws_bao/install/vacuum_robot_gazebo/share/vacuum_robot_gazebo/models/vacuum_robot/model.sdf:L128]: XML Element[gz_frame_id], child of element[sensor], not defined in SDF. Copying[gz_frame_id] as children of [sensor].
[gazebo-1] libEGL warning: pci id for fd 55: 10de:25ec, driver (null)
[gazebo-1] 
[gazebo-1] pci id for fd 56: 10de:25ec, driver (null)
[gazebo-1] pci id for fd 57: 10de:25ec, driver (null)
[gazebo-1] libEGL warning: egl: failed to create dri2 screen
[gazebo-1] libEGL warning: pci id for fd 55: 10de:25ec, driver (null)
[gazebo-1] 
[gazebo-1] pci id for fd 56: 10de:25ec, driver (null)
[gazebo-1] pci id for fd 57: 10de:25ec, driver (null)
[gazebo-1] libEGL warning: egl: failed to create dri2 screen
[gazebo-1] libEGL warning: pci id for fd 55: 10de:25ec, driver (null)
[gazebo-1] 
[INFO] [map_server-6]: process started with pid [99724]
[INFO] [amcl-7]: process started with pid [99725]
[INFO] [lifecycle_manager-8]: process started with pid [99726]
[INFO] [controller_server-9]: process started with pid [99727]
[INFO] [smoother_server-10]: process started with pid [99728]
[INFO] [planner_server-11]: process started with pid [99729]
[INFO] [route_server-12]: process started with pid [99730]
[INFO] [behavior_server-13]: process started with pid [99731]
[INFO] [bt_navigator-14]: process started with pid [99732]
[INFO] [waypoint_follower-15]: process started with pid [99733]
[INFO] [velocity_smoother-16]: process started with pid [99734]
[INFO] [collision_monitor-17]: process started with pid [99735]
[INFO] [opennav_docking-18]: process started with pid [99738]
[INFO] [lifecycle_manager-19]: process started with pid [99739]
[lifecycle_manager-8] [INFO] [1791001205.421499010] [lifecycle_manager_localization]: Creating
[lifecycle_manager-8] [INFO] [1791001205.429299236] [lifecycle_manager_localization]: [34m[1mCreating and initializing lifecycle service clients[0m[0m
[smoother_server-10] [INFO] [1791001205.449264188] [smoother_server]: 
[smoother_server-10] 	smoother_server lifecycle node launched. 
[smoother_server-10] 	Waiting on external lifecycle transitions to activate
[smoother_server-10] 	See https://design.ros2.org/articles/node_lifecycle.html for more information.
[smoother_server-10] [INFO] [1791001205.451904320] [smoother_server]: Creating smoother server
[planner_server-11] [INFO] [1791001205.466430426] [planner_server]: 
[planner_server-11] 	planner_server lifecycle node launched. 
[planner_server-11] 	Waiting on external lifecycle transitions to activate
[planner_server-11] 	See https://design.ros2.org/articles/node_lifecycle.html for more information.
[planner_server-11] [INFO] [1791001205.467859396] [planner_server]: Creating
[collision_monitor-17] [INFO] [1791001205.467909750] [collision_monitor]: 
[collision_monitor-17] 	collision_monitor lifecycle node launched. 
[collision_monitor-17] 	Waiting on external lifecycle transitions to activate
[collision_monitor-17] 	See https://design.ros2.org/articles/node_lifecycle.html for more information.
[bt_navigator-14] [INFO] [1791001205.474056789] [bt_navigator]: 
[bt_navigator-14] 	bt_navigator lifecycle node launched. 
[bt_navigator-14] 	Waiting on external lifecycle transitions to activate
[bt_navigator-14] 	See https://design.ros2.org/articles/node_lifecycle.html for more information.
[bt_navigator-14] [INFO] [1791001205.475311497] [bt_navigator]: Creating
[behavior_server-13] [INFO] [1791001205.488126207] [behavior_server]: 
[behavior_server-13] 	behavior_server lifecycle node launched. 
[behavior_server-13] 	Waiting on external lifecycle transitions to activate
[behavior_server-13] 	See https://design.ros2.org/articles/node_lifecycle.html for more information.
[amcl-7] [INFO] [1791001205.494639139] [amcl]: 
[amcl-7] 	amcl lifecycle node launched. 
[amcl-7] 	Waiting on external lifecycle transitions to activate
[amcl-7] 	See https://design.ros2.org/articles/node_lifecycle.html for more information.
[amcl-7] [INFO] [1791001205.495071424] [amcl]: Creating
[controller_server-9] [INFO] [1791001205.498231053] [controller_server]: 
[controller_server-9] 	controller_server lifecycle node launched. 
[controller_server-9] 	Waiting on external lifecycle transitions to activate
[controller_server-9] 	See https://design.ros2.org/articles/node_lifecycle.html for more information.
[velocity_smoother-16] [INFO] [1791001205.500095841] [velocity_smoother]: 
[velocity_smoother-16] 	velocity_smoother lifecycle node launched. 
[velocity_smoother-16] 	Waiting on external lifecycle transitions to activate
[velocity_smoother-16] 	See https://design.ros2.org/articles/node_lifecycle.html for more information.
[planner_server-11] [INFO] [1791001205.501425296] [global_costmap.global_costmap]: 
[planner_server-11] 	global_costmap lifecycle node launched. 
[planner_server-11] 	Waiting on external lifecycle transitions to activate
[planner_server-11] 	See https://design.ros2.org/articles/node_lifecycle.html for more information.
[lifecycle_manager-19] [INFO] [1791001205.502313710] [lifecycle_manager_navigation]: Creating
[planner_server-11] [INFO] [1791001205.502674319] [global_costmap.global_costmap]: Creating Costmap
[controller_server-9] [INFO] [1791001205.503048693] [controller_server]: Creating controller server
[waypoint_follower-15] [INFO] [1791001205.503967640] [waypoint_follower]: 
[waypoint_follower-15] 	waypoint_follower lifecycle node launched. 
[waypoint_follower-15] 	Waiting on external lifecycle transitions to activate
[waypoint_follower-15] 	See https://design.ros2.org/articles/node_lifecycle.html for more information.
[waypoint_follower-15] [INFO] [1791001205.504510295] [waypoint_follower]: Creating
[opennav_docking-18] [INFO] [1791001205.505062216] [docking_server]: 
[opennav_docking-18] 	docking_server lifecycle node launched. 
[opennav_docking-18] 	Waiting on external lifecycle transitions to activate
[opennav_docking-18] 	See https://design.ros2.org/articles/node_lifecycle.html for more information.
[opennav_docking-18] [INFO] [1791001205.505768251] [docking_server]: Creating docking_server
[lifecycle_manager-19] [INFO] [1791001205.508245920] [lifecycle_manager_navigation]: [34m[1mCreating and initializing lifecycle service clients[0m[0m
[map_server-6] [INFO] [1791001205.509425864] [map_server]: 
[map_server-6] 	map_server lifecycle node launched. 
[map_server-6] 	Waiting on external lifecycle transitions to activate
[map_server-6] 	See https://design.ros2.org/articles/node_lifecycle.html for more information.
[map_server-6] [INFO] [1791001205.509566949] [map_server]: Creating
[route_server-12] [INFO] [1791001205.888896180] [route_server]: 
[route_server-12] 	route_server lifecycle node launched. 
[route_server-12] 	Waiting on external lifecycle transitions to activate
[route_server-12] 	See https://design.ros2.org/articles/node_lifecycle.html for more information.
[lifecycle_manager-8] [INFO] [1791001205.925755685] [lifecycle_manager_localization]: [34m[1mStarting managed nodes bringup...[0m[0m
[lifecycle_manager-8] [INFO] [1791001205.925809677] [lifecycle_manager_localization]: [34m[1mConfiguring map_server[0m[0m
[map_server-6] [INFO] [1791001205.926108072] [map_server]: Configuring
[map_server-6] [INFO] [1791001205.926180557] [map_io]: Loading yaml file: /home/linh-pham/agv_nav2_research_ws_bao/install/vacuum_robot_gazebo/share/vacuum_robot_gazebo/maps/warehouse_cross_aisles.yaml
[map_server-6] [INFO] [1791001205.926443401] [map_io]: resolution: 0.05
[map_server-6] [INFO] [1791001205.926454293] [map_io]: origin[0]: -6
[map_server-6] [INFO] [1791001205.926458521] [map_io]: origin[1]: -4
[map_server-6] [INFO] [1791001205.926461321] [map_io]: origin[2]: 0
[map_server-6] [INFO] [1791001205.926464578] [map_io]: free_thresh: 0.25
[map_server-6] [INFO] [1791001205.926467691] [map_io]: occupied_thresh: 0.65
[map_server-6] [INFO] [1791001205.926471887] [map_io]: mode: trinary
[map_server-6] [INFO] [1791001205.926476385] [map_io]: negate: 0
[map_server-6] [INFO] [1791001205.926628974] [map_io]: Loading image_file: /home/linh-pham/agv_nav2_research_ws_bao/install/vacuum_robot_gazebo/share/vacuum_robot_gazebo/maps/warehouse_cross_aisles.pgm
[map_server-6] [INFO] [1791001205.927376190] [map_io]: Read map /home/linh-pham/agv_nav2_research_ws_bao/install/vacuum_robot_gazebo/share/vacuum_robot_gazebo/maps/warehouse_cross_aisles.pgm: 240 X 160 map @ 0.05 m/cell
[controller_server-9] [INFO] [1791001205.929152028] [local_costmap.local_costmap]: 
[controller_server-9] 	local_costmap lifecycle node launched. 
[controller_server-9] 	Waiting on external lifecycle transitions to activate
[controller_server-9] 	See https://design.ros2.org/articles/node_lifecycle.html for more information.
[controller_server-9] [INFO] [1791001205.929820004] [local_costmap.local_costmap]: Creating Costmap
[map_server-6] [WARN] [1791001206.036256255] [map_server.rclcpp]: failed to send response to /map_server/change_state (timeout): client will not receive response, at ./src/rmw_response.cpp:153, at ./src/rcl/service.c:400
[lifecycle_manager-19] [INFO] [1791001206.165739670] [lifecycle_manager_navigation]: [34m[1mStarting managed nodes bringup...[0m[0m
[lifecycle_manager-19] [INFO] [1791001206.165829551] [lifecycle_manager_navigation]: [34m[1mConfiguring controller_server[0m[0m
[controller_server-9] [INFO] [1791001206.166507107] [controller_server]: Configuring controller interface
[controller_server-9] [INFO] [1791001206.166553727] [controller_server]: getting progress checker plugins..
[controller_server-9] [INFO] [1791001206.167150703] [controller_server]: getting goal checker plugins..
[controller_server-9] [INFO] [1791001206.167399883] [controller_server]: Controller frequency set to 20.0000Hz
[controller_server-9] [INFO] [1791001206.167466982] [local_costmap.local_costmap]: Configuring
[controller_server-9] [INFO] [1791001206.185462459] [local_costmap.local_costmap]: Using plugin "voxel_layer"
[controller_server-9] [INFO] [1791001206.188873651] [local_costmap.local_costmap]: Subscribed to Topics: scan
[controller_server-9] [INFO] [1791001206.201542189] [local_costmap.local_costmap]: Initialized plugin "voxel_layer"
[controller_server-9] [INFO] [1791001206.201570388] [local_costmap.local_costmap]: Using plugin "inflation_layer"
[controller_server-9] [INFO] [1791001206.201947085] [local_costmap.local_costmap]: Initialized plugin "inflation_layer"
[controller_server-9] [INFO] [1791001206.218111879] [controller_server]: Created progress_checker : progress_checker of type nav2_controller::PoseProgressChecker
[controller_server-9] [INFO] [1791001206.218466143] [controller_server]: Controller Server has progress_checker  progress checkers available.
[controller_server-9] [INFO] [1791001206.219021400] [controller_server]: Created goal checker : general_goal_checker of type nav2_controller::SimpleGoalChecker
[controller_server-9] [INFO] [1791001206.219363857] [controller_server]: Controller Server has general_goal_checker  goal checkers available.
[controller_server-9] [INFO] [1791001206.220505924] [controller_server]: Created controller : FollowPath of type nav2_regulated_pure_pursuit_controller::RegulatedPurePursuitController
[controller_server-9] [INFO] [1791001206.226493380] [controller_server]: Controller Server has FollowPath  controllers available.
[lifecycle_manager-19] [INFO] [1791001206.236104479] [lifecycle_manager_navigation]: [34m[1mConfiguring smoother_server[0m[0m
[smoother_server-10] [INFO] [1791001206.236315927] [smoother_server]: Configuring smoother server
[smoother_server-10] [INFO] [1791001206.249644674] [smoother_server]: Created smoother : simple_smoother of type nav2_smoother::SimpleSmoother
[smoother_server-10] [INFO] [1791001206.250642273] [smoother_server]: Created smoother : savitzky_golay of type nav2_smoother::SavitzkyGolaySmoother
[smoother_server-10] [INFO] [1791001206.256828788] [smoother_server]: Created smoother : constrained of type nav2_constrained_smoother/ConstrainedSmoother
[smoother_server-10] [INFO] [1791001206.260430130] [smoother_server]: Created smoother : pstmo of type adaptive_pivot_g2_nav2/AdaptivePivotG2Smoother
[smoother_server-10] [INFO] [1791001206.263988309] [smoother_server]: Configured PSTMO smoother 'pstmo' with hierarchical_alpha_two_trim search and condition_only preprocessing
[smoother_server-10] [INFO] [1791001206.264290720] [smoother_server]: Created smoother : adaptive_hybrid of type adaptive_pivot_g2_nav2/SafetyGatedHybridSmoother
[smoother_server-10] [INFO] [1791001206.271276938] [smoother_server]: Configured PSTMO smoother 'adaptive_hybrid.pivot' with legacy_joint_d_q search and condition_only preprocessing
[smoother_server-10] [INFO] [1791001206.272203392] [smoother_server]: Configured safety-gated hybrid smoother as 'adaptive_hybrid'
[smoother_server-10] [INFO] [1791001206.272260793] [smoother_server]: Smoother Server has simple_smoother savitzky_golay constrained pstmo adaptive_hybrid  smoothers available.
[lifecycle_manager-19] [INFO] [1791001206.282525521] [lifecycle_manager_navigation]: [34m[1mConfiguring planner_server[0m[0m
[planner_server-11] [INFO] [1791001206.282860043] [planner_server]: Configuring
[planner_server-11] [INFO] [1791001206.282901459] [global_costmap.global_costmap]: Configuring
[planner_server-11] [INFO] [1791001206.293351003] [global_costmap.global_costmap]: Using plugin "static_layer"
[planner_server-11] [INFO] [1791001206.296679747] [global_costmap.global_costmap]: Subscribing to the map topic (/map) with transient local durability
[planner_server-11] [INFO] [1791001206.298547384] [global_costmap.global_costmap]: Initialized plugin "static_layer"
[planner_server-11] [INFO] [1791001206.298572775] [global_costmap.global_costmap]: Using plugin "inflation_layer"
[planner_server-11] [INFO] [1791001206.299375980] [global_costmap.global_costmap]: Initialized plugin "inflation_layer"
[planner_server-11] [INFO] [1791001206.320782800] [planner_server]: Created global planner plugin NavFnAStar of type nav2_navfn_planner::NavfnPlanner
[planner_server-11] [INFO] [1791001206.320814710] [planner_server]: Configuring plugin NavFnAStar of type NavfnPlanner
[planner_server-11] [INFO] [1791001206.321240536] [planner_server]: Created global planner plugin NavFnDijkstra of type nav2_navfn_planner::NavfnPlanner
[planner_server-11] [INFO] [1791001206.321259672] [planner_server]: Configuring plugin NavFnDijkstra of type NavfnPlanner
[planner_server-11] [INFO] [1791001206.323444251] [planner_server]: Created global planner plugin ThetaStar of type nav2_theta_star_planner::ThetaStarPlanner
[planner_server-11] [INFO] [1791001206.329993534] [planner_server]: Created global planner plugin Smac2D of type nav2_smac_planner::SmacPlanner2D
[planner_server-11] [INFO] [1791001206.330056087] [planner_server]: Configuring Smac2D of type SmacPlanner2D
[planner_server-11] [INFO] [1791001206.333681152] [planner_server]: Configured plugin Smac2D of type SmacPlanner2D with tolerance 0.10, maximum iterations 1000000, max on approach iterations 1000, and not allowing unknown traversal.
[planner_server-11] [INFO] [1791001206.335625430] [planner_server]: Created global planner plugin SmacHybrid of type nav2_smac_planner::SmacPlannerHybrid
[planner_server-11] [INFO] [1791001206.335662072] [planner_server]: Configuring SmacHybrid of type SmacPlannerHybrid
[planner_server-11] [INFO] [1791001206.338110403] [planner_server]: Even sized heuristic lookup table size set 160.000000, increasing size by 1 to make odd
[planner_server-11] [INFO] [1791001206.569283753] [planner_server]: Configured plugin SmacHybrid of type SmacPlannerHybrid with maximum iterations 1000000, max on approach iterations 1000, and not allowing unknown traversal. Tolerance 0.10.Using motion model: Dubin.
[planner_server-11] [INFO] [1791001206.569321199] [planner_server]: Planner Server has NavFnAStar NavFnDijkstra ThetaStar Smac2D SmacHybrid  planners available.
[lifecycle_manager-19] [INFO] [1791001206.579224691] [lifecycle_manager_navigation]: [34m[1mConfiguring route_server[0m[0m
[route_server-12] [INFO] [1791001206.874343880] [route_server]: Configuring
[route_server-12] [INFO] [1791001206.939983201] [route_server]: Created GraphFileLoader GeoJsonGraphFileLoader of type nav2_route::GeoJsonGraphFileLoader
[route_server-12] [INFO] [1791001206.940043437] [route_server]: Configuring geojson graph file loader
[route_server-12] [INFO] [1791001206.940053194] [route_server]: No graph file provided to load yet.
[route_server-12] [INFO] [1791001206.941863066] [route_server]: Created edge cost function plugin DistanceScorer of type nav2_route::DistanceScorer
[route_server-12] [INFO] [1791001206.941903562] [route_server]: Configuring distance scorer.
[route_server-12] [INFO] [1791001206.942113958] [route_server]: Created edge cost function plugin CostmapScorer of type nav2_route::CostmapScorer
[route_server-12] [INFO] [1791001206.942124337] [route_server]: Configuring costmap scorer.
[route_server-12] [INFO] [1791001206.944138542] [route_server]: Created route operation ReroutingService of type nav2_route::ReroutingService
[route_server-12] [INFO] [1791001206.944183156] [route_server]: Configuring Rerouting service operation.
[route_server-12] [INFO] [1791001206.945586426] [route_server]: Created route operation CollisionMonitor of type nav2_route::CollisionMonitor
[route_server-12] [INFO] [1791001206.945703304] [route_server]: Using costmap topic: local_costmap/costmap_raw instead of server costmap topic: global_costmap/costmap_raw for CollisionMonitor.
[lifecycle_manager-19] [INFO] [1791001206.949599041] [lifecycle_manager_navigation]: [34m[1mConfiguring behavior_server[0m[0m
[behavior_server-13] [INFO] [1791001206.949896947] [behavior_server]: Configuring
[behavior_server-13] [INFO] [1791001206.953973685] [behavior_server]: Creating behavior plugin spin of type nav2_behaviors::Spin
[behavior_server-13] [INFO] [1791001206.954850334] [behavior_server]: Creating behavior plugin backup of type nav2_behaviors::BackUp
[behavior_server-13] [INFO] [1791001206.955714612] [behavior_server]: Creating behavior plugin drive_on_heading of type nav2_behaviors::DriveOnHeading
[behavior_server-13] [INFO] [1791001206.957084320] [behavior_server]: Creating behavior plugin assisted_teleop of type nav2_behaviors::AssistedTeleop
[behavior_server-13] [INFO] [1791001206.958959511] [behavior_server]: Creating behavior plugin wait of type nav2_behaviors::Wait
[behavior_server-13] [INFO] [1791001206.965474235] [behavior_server]: Configuring spin
[behavior_server-13] [INFO] [1791001206.973502620] [behavior_server]: Configuring backup
[behavior_server-13] [INFO] [1791001206.979642607] [behavior_server]: Configuring drive_on_heading
[behavior_server-13] [INFO] [1791001206.983682825] [behavior_server]: Configuring assisted_teleop
[behavior_server-13] [INFO] [1791001206.991526602] [behavior_server]: Configuring wait
[lifecycle_manager-19] [INFO] [1791001206.997414645] [lifecycle_manager_navigation]: [34m[1mConfiguring velocity_smoother[0m[0m
[velocity_smoother-16] [INFO] [1791001206.997751555] [velocity_smoother]: Configuring velocity smoother
[lifecycle_manager-19] [INFO] [1791001207.004170446] [lifecycle_manager_navigation]: [34m[1mConfiguring collision_monitor[0m[0m
[collision_monitor-17] [INFO] [1791001207.004374659] [collision_monitor]: Configuring
[collision_monitor-17] [INFO] [1791001207.009665922] [collision_monitor]: [scan]: Creating Scan
[collision_monitor-17] [INFO] [1791001207.011973120] [collision_monitor]: [FootprintApproach]: Creating Polygon
[collision_monitor-17] [INFO] [1791001207.012136049] [collision_monitor]: [FootprintApproach]: Polygon points are not defined. Using dynamic subscription instead.
[collision_monitor-17] [INFO] [1791001207.012395573] [collision_monitor]: [FootprintApproach]: Making footprint subscriber on /local_costmap/published_footprint topic
[lifecycle_manager-19] [INFO] [1791001207.023662210] [lifecycle_manager_navigation]: [34m[1mConfiguring bt_navigator[0m[0m
[bt_navigator-14] [INFO] [1791001207.023855524] [bt_navigator]: Configuring
[bt_navigator-14] [INFO] [1791001207.031327922] [bt_navigator]: Creating navigator id navigate_to_pose of type nav2_bt_navigator::NavigateToPoseNavigator
[bt_navigator-14] [INFO] [1791001207.091323678] [bt_navigator]: Creating navigator id navigate_through_poses of type nav2_bt_navigator::NavigateThroughPosesNavigator
[lifecycle_manager-19] [INFO] [1791001207.113608397] [lifecycle_manager_navigation]: [34m[1mConfiguring waypoint_follower[0m[0m
[waypoint_follower-15] [INFO] [1791001207.113882611] [waypoint_follower]: Configuring
[waypoint_follower-15] [INFO] [1791001207.137215027] [waypoint_follower]: Created waypoint_task_executor : wait_at_waypoint of type nav2_waypoint_follower::WaitAtWaypoint
[lifecycle_manager-19] [INFO] [1791001207.138115210] [lifecycle_manager_navigation]: [34m[1mConfiguring docking_server[0m[0m
[opennav_docking-18] [INFO] [1791001207.138509694] [docking_server]: Configuring docking_server
[opennav_docking-18] [INFO] [1791001207.138548875] [docking_server]: Controller frequency set to 50.0000Hz
[opennav_docking-18] [INFO] [1791001207.169973560] [docking_server]: Created charging dock plugin simple_charging_dock of type opennav_docking::SimpleChargingDock
[opennav_docking-18] [WARN] [1791001207.174428377] [docking_server]: Dock database filepath nor dock parameters set. Docking actions can only be executed specifying the dock pose via the action request. Or update the dock database via the reload_database service.
[opennav_docking-18] [INFO] [1791001207.174478560] [docking_server]: Docking Server has 1 dock types and 0 dock instances available.
[lifecycle_manager-19] [INFO] [1791001207.176277852] [lifecycle_manager_navigation]: [34m[1mActivating controller_server[0m[0m
[controller_server-9] [INFO] [1791001207.176446718] [controller_server]: Activating
[controller_server-9] [INFO] [1791001207.176475188] [local_costmap.local_costmap]: Activating
[controller_server-9] [INFO] [1791001207.176480485] [local_costmap.local_costmap]: Checking transform
[controller_server-9] [INFO] [1791001207.176598222] [local_costmap.local_costmap]: start
[controller_server-9] [INFO] [1791001207.427737895] [controller_server]: Activating controller: FollowPath of type regulated_pure_pursuit_controller::RegulatedPurePursuitController
[controller_server-9] [INFO] [1791001207.427800534] [controller_server]: Creating bond (controller_server) to lifecycle manager.
[lifecycle_manager-19] [INFO] [1791001207.541165296] [lifecycle_manager_navigation]: Server controller_server connected with bond.
[lifecycle_manager-19] [INFO] [1791001207.541238627] [lifecycle_manager_navigation]: [34m[1mActivating smoother_server[0m[0m
[smoother_server-10] [INFO] [1791001207.541649573] [smoother_server]: Activating
[smoother_server-10] [INFO] [1791001207.541711830] [smoother_server]: Activating smoother: constrained of type nav2_constrained_smoother::ConstrainedSmoother
[smoother_server-10] [INFO] [1791001207.541726973] [smoother_server]: Creating bond (smoother_server) to lifecycle manager.
[lifecycle_manager-19] [INFO] [1791001207.651794136] [lifecycle_manager_navigation]: Server smoother_server connected with bond.
[lifecycle_manager-19] [INFO] [1791001207.651875437] [lifecycle_manager_navigation]: [34m[1mActivating planner_server[0m[0m
[planner_server-11] [INFO] [1791001207.652290546] [planner_server]: Activating
[planner_server-11] [INFO] [1791001207.652361595] [global_costmap.global_costmap]: Activating
[planner_server-11] [INFO] [1791001207.652383096] [global_costmap.global_costmap]: Checking transform
[planner_server-11] [INFO] [1791001207.652458757] [global_costmap.global_costmap]: Timed out waiting for transform from base_link to map to become available, tf error: Invalid frame ID "map" passed to canTransform argument target_frame - frame does not exist
[planner_server-11] [INFO] [1791001208.152515300] [global_costmap.global_costmap]: Timed out waiting for transform from base_link to map to become available, tf error: Invalid frame ID "map" passed to canTransform argument target_frame - frame does not exist
[planner_server-11] [INFO] [1791001208.652577826] [global_costmap.global_costmap]: Timed out waiting for transform from base_link to map to become available, tf error: Invalid frame ID "map" passed to canTransform argument target_frame - frame does not exist
[planner_server-11] [INFO] [1791001209.152551983] [global_costmap.global_costmap]: Timed out waiting for transform from base_link to map to become available, tf error: Invalid frame ID "map" passed to canTransform argument target_frame - frame does not exist
[planner_server-11] [INFO] [1791001209.652521854] [global_costmap.global_costmap]: Timed out waiting for transform from base_link to map to become available, tf error: Invalid frame ID "map" passed to canTransform argument target_frame - frame does not exist
[planner_server-11] [INFO] [1791001210.152532537] [global_costmap.global_costmap]: Timed out waiting for transform from base_link to map to become available, tf error: Invalid frame ID "map" passed to canTransform argument target_frame - frame does not exist
[planner_server-11] [INFO] [1791001210.652516436] [global_costmap.global_costmap]: Timed out waiting for transform from base_link to map to become available, tf error: Invalid frame ID "map" passed to canTransform argument target_frame - frame does not exist
[planner_server-11] [INFO] [1791001211.152534793] [global_costmap.global_costmap]: Timed out waiting for transform from base_link to map to become available, tf error: Invalid frame ID "map" passed to canTransform argument target_frame - frame does not exist
[planner_server-11] [INFO] [1791001211.652524372] [global_costmap.global_costmap]: Timed out waiting for transform from base_link to map to become available, tf error: Invalid frame ID "map" passed to canTransform argument target_frame - frame does not exist
[planner_server-11] [INFO] [1791001212.152533195] [global_costmap.global_costmap]: Timed out waiting for transform from base_link to map to become available, tf error: Invalid frame ID "map" passed to canTransform argument target_frame - frame does not exist
[planner_server-11] [INFO] [1791001212.652541559] [global_costmap.global_costmap]: Timed out waiting for transform from base_link to map to become available, tf error: Invalid frame ID "map" passed to canTransform argument target_frame - frame does not exist
[planner_server-11] [INFO] [1791001213.152513295] [global_costmap.global_costmap]: Timed out waiting for transform from base_link to map to become available, tf error: Invalid frame ID "map" passed to canTransform argument target_frame - frame does not exist
[planner_server-11] [INFO] [1791001213.652508312] [global_costmap.global_costmap]: Timed out waiting for transform from base_link to map to become available, tf error: Invalid frame ID "map" passed to canTransform argument target_frame - frame does not exist
[planner_server-11] [INFO] [1791001214.152520084] [global_costmap.global_costmap]: Timed out waiting for transform from base_link to map to become available, tf error: Invalid frame ID "map" passed to canTransform argument target_frame - frame does not exist
[planner_server-11] [INFO] [1791001214.652527747] [global_costmap.global_costmap]: Timed out waiting for transform from base_link to map to become available, tf error: Invalid frame ID "map" passed to canTransform argument target_frame - frame does not exist
[planner_server-11] [INFO] [1791001215.152520487] [global_costmap.global_costmap]: Timed out waiting for transform from base_link to map to become available, tf error: Invalid frame ID "map" passed to canTransform argument target_frame - frame does not exist
[planner_server-11] [INFO] [1791001215.652499766] [global_costmap.global_costmap]: Timed out waiting for transform from base_link to map to become available, tf error: Invalid frame ID "map" passed to canTransform argument target_frame - frame does not exist
[planner_server-11] [INFO] [1791001216.152527639] [global_costmap.global_costmap]: Timed out waiting for transform from base_link to map to become available, tf error: Invalid frame ID "map" passed to canTransform argument target_frame - frame does not exist
[planner_server-11] [INFO] [1791001216.652487909] [global_costmap.global_costmap]: Timed out waiting for transform from base_link to map to become available, tf error: Invalid frame ID "map" passed to canTransform argument target_frame - frame does not exist
[planner_server-11] [INFO] [1791001217.152516341] [global_costmap.global_costmap]: Timed out waiting for transform from base_link to map to become available, tf error: Invalid frame ID "map" passed to canTransform argument target_frame - frame does not exist
[planner_server-11] [INFO] [1791001217.652514225] [global_costmap.global_costmap]: Timed out waiting for transform from base_link to map to become available, tf error: Invalid frame ID "map" passed to canTransform argument target_frame - frame does not exist
[planner_server-11] [INFO] [1791001218.152521339] [global_costmap.global_costmap]: Timed out waiting for transform from base_link to map to become available, tf error: Invalid frame ID "map" passed to canTransform argument target_frame - frame does not exist
[planner_server-11] [ERROR] [1791001218.152644582] [global_costmap.global_costmap]: Failed to activate global_costmap because transform from base_link to map did not become available before timeout
[lifecycle_manager-19] [ERROR] [1791001218.153916469] [lifecycle_manager_navigation]: Failed to change state for node: planner_server
[lifecycle_manager-19] [ERROR] [1791001218.154049819] [lifecycle_manager_navigation]: Failed to bring up all requested nodes. Aborting bringup.
[execution_trial-5] [ERROR] [1791001266.895184110] [execution_trial]: Execution trial failed: Nav2 did not reach the fully active state
[execution_trial-5] Traceback (most recent call last):
[execution_trial-5]   File "/home/linh-pham/agv_nav2_research_ws_bao/install/adaptive_pivot_g2_benchmark/lib/adaptive_pivot_g2_benchmark/execution_trial", line 33, in <module>
[execution_trial-5]     sys.exit(load_entry_point('adaptive-pivot-g2-benchmark', 'console_scripts', 'execution_trial')())
[execution_trial-5]              ^^^^^^^^^^^^^^^^^^^^^^^^^^^^^^^^^^^^^^^^^^^^^^^^^^^^^^^^^^^^^^^^^^^^^^^^^^^^^^^^^^^^^^^
[execution_trial-5]   File "/home/linh-pham/agv_nav2_research_ws_bao/build/adaptive_pivot_g2_benchmark/adaptive_pivot_g2_benchmark/execution_trial.py", line 1166, in main
[execution_trial-5]     node.run()
[execution_trial-5]   File "/home/linh-pham/agv_nav2_research_ws_bao/build/adaptive_pivot_g2_benchmark/adaptive_pivot_g2_benchmark/execution_trial.py", line 680, in run
[execution_trial-5]     self._wait_for_system()
[execution_trial-5]   File "/home/linh-pham/agv_nav2_research_ws_bao/build/adaptive_pivot_g2_benchmark/adaptive_pivot_g2_benchmark/execution_trial.py", line 426, in _wait_for_system
[execution_trial-5]     raise RuntimeError('Nav2 did not reach the fully active state')
[execution_trial-5] RuntimeError: Nav2 did not reach the fully active state
[ERROR] [execution_trial-5]: process has died [pid 99560, exit code 1, cmd '/home/linh-pham/agv_nav2_research_ws_bao/install/adaptive_pivot_g2_benchmark/lib/adaptive_pivot_g2_benchmark/execution_trial --ros-args -r __node:=execution_trial --params-file /tmp/launch_params_e8gvk4wm'].
[INFO] [lifecycle_manager-19]: sending signal 'SIGINT' to process[lifecycle_manager-19]
[INFO] [opennav_docking-18]: sending signal 'SIGINT' to process[opennav_docking-18]
[INFO] [collision_monitor-17]: sending signal 'SIGINT' to process[collision_monitor-17]
[INFO] [velocity_smoother-16]: sending signal 'SIGINT' to process[velocity_smoother-16]
[INFO] [waypoint_follower-15]: sending signal 'SIGINT' to process[waypoint_follower-15]
[INFO] [bt_navigator-14]: sending signal 'SIGINT' to process[bt_navigator-14]
[INFO] [behavior_server-13]: sending signal 'SIGINT' to process[behavior_server-13]
[INFO] [route_server-12]: sending signal 'SIGINT' to process[route_server-12]
[INFO] [planner_server-11]: sending signal 'SIGINT' to process[planner_server-11]
[INFO] [smoother_server-10]: sending signal 'SIGINT' to process[smoother_server-10]
[INFO] [controller_server-9]: sending signal 'SIGINT' to process[controller_server-9]
[INFO] [lifecycle_manager-8]: sending signal 'SIGINT' to process[lifecycle_manager-8]
[INFO] [amcl-7]: sending signal 'SIGINT' to process[amcl-7]
[INFO] [map_server-6]: sending signal 'SIGINT' to process[map_server-6]
[INFO] [robot_state_publisher-4]: sending signal 'SIGINT' to process[robot_state_publisher-4]
[INFO] [parameter_bridge-3]: sending signal 'SIGINT' to process[parameter_bridge-3]
[INFO] [gazebo-1]: sending signal 'SIGINT' to process[gazebo-1]
[lifecycle_manager-19] [INFO] [1791001267.179573988] [rclcpp]: signal_handler(SIGINT/SIGTERM)
[lifecycle_manager-19] [INFO] [1791001267.179700069] [lifecycle_manager_navigation]: Running Nav2 LifecycleManager rcl preshutdown (lifecycle_manager_navigation)
[opennav_docking-18] [INFO] [1791001267.185119274] [rclcpp]: signal_handler(SIGINT/SIGTERM)
[opennav_docking-18] [INFO] [1791001267.185283210] [docking_server]: Running Nav2 LifecycleNode rcl preshutdown (docking_server)
[opennav_docking-18] [INFO] [1791001267.185387521] [docking_server]: Cleaning up docking_server
[collision_monitor-17] [INFO] [1791001267.192141381] [rclcpp]: signal_handler(SIGINT/SIGTERM)
[collision_monitor-17] [INFO] [1791001267.192361778] [collision_monitor]: Running Nav2 LifecycleNode rcl preshutdown (collision_monitor)
[collision_monitor-17] [INFO] [1791001267.192482416] [collision_monitor]: Cleaning up
[collision_monitor-17] [INFO] [1791001267.192529819] [collision_monitor]: [FootprintApproach]: Destroying Polygon
[collision_monitor-17] [INFO] [1791001267.192555371] [collision_monitor]: [scan]: Destroying Scan
[velocity_smoother-16] [INFO] [1791001267.199634454] [rclcpp]: signal_handler(SIGINT/SIGTERM)
[velocity_smoother-16] [INFO] [1791001267.199919795] [velocity_smoother]: Running Nav2 LifecycleNode rcl preshutdown (velocity_smoother)
[velocity_smoother-16] [INFO] [1791001267.200059156] [velocity_smoother]: Cleaning up
[velocity_smoother-16] [INFO] [1791001267.200113866] [velocity_smoother]: Destroying bond (velocity_smoother) to lifecycle manager.
[collision_monitor-17] [INFO] [1791001267.203985122] [collision_monitor]: Destroying bond (collision_monitor) to lifecycle manager.
[velocity_smoother-16] [INFO] [1791001267.207294029] [velocity_smoother]: Destroying
[waypoint_follower-15] [INFO] [1791001267.208784403] [rclcpp]: signal_handler(SIGINT/SIGTERM)
[waypoint_follower-15] [INFO] [1791001267.209045926] [waypoint_follower]: Running Nav2 LifecycleNode rcl preshutdown (waypoint_follower)
[waypoint_follower-15] [INFO] [1791001267.209165220] [waypoint_follower]: Cleaning up
[bt_navigator-14] [INFO] [1791001267.215140986] [rclcpp]: signal_handler(SIGINT/SIGTERM)
[bt_navigator-14] [INFO] [1791001267.215364741] [bt_navigator]: Running Nav2 LifecycleNode rcl preshutdown (bt_navigator)
[bt_navigator-14] [INFO] [1791001267.215484676] [bt_navigator]: Cleaning up
[opennav_docking-18] [INFO] [1791001267.217288122] [docking_server]: Destroying bond (docking_server) to lifecycle manager.
[behavior_server-13] [INFO] [1791001267.221403068] [rclcpp]: signal_handler(SIGINT/SIGTERM)
[behavior_server-13] [INFO] [1791001267.221554463] [behavior_server]: Running Nav2 LifecycleNode rcl preshutdown (behavior_server)
[behavior_server-13] [INFO] [1791001267.221629427] [behavior_server]: Cleaning up
[waypoint_follower-15] [INFO] [1791001267.227473401] [waypoint_follower]: Destroying bond (waypoint_follower) to lifecycle manager.
[route_server-12] [INFO] [1791001267.227898611] [rclcpp]: signal_handler(SIGINT/SIGTERM)
[route_server-12] [INFO] [1791001267.228047497] [route_server]: Running Nav2 LifecycleNode rcl preshutdown (route_server)
[route_server-12] [INFO] [1791001267.228119118] [route_server]: Cleaning up
[planner_server-11] [INFO] [1791001267.233148974] [rclcpp]: signal_handler(SIGINT/SIGTERM)
[planner_server-11] [INFO] [1791001267.233253675] [planner_server]: Running Nav2 LifecycleNode rcl preshutdown (planner_server)
[planner_server-11] [INFO] [1791001267.233318118] [planner_server]: Cleaning up
[behavior_server-13] [INFO] [1791001267.233772614] [behavior_server]: Destroying bond (behavior_server) to lifecycle manager.
[smoother_server-10] [INFO] [1791001267.238204633] [rclcpp]: signal_handler(SIGINT/SIGTERM)
[smoother_server-10] [INFO] [1791001267.238313188] [smoother_server]: Running Nav2 LifecycleNode rcl preshutdown (smoother_server)
[smoother_server-10] [INFO] [1791001267.238391748] [smoother_server]: Deactivating
[smoother_server-10] [INFO] [1791001267.238424547] [smoother_server]: Deactivating smoother: constrained of type nav2_constrained_smoother::ConstrainedSmoother
[smoother_server-10] [INFO] [1791001267.238441001] [smoother_server]: Destroying bond (smoother_server) to lifecycle manager.
[controller_server-9] [INFO] [1791001267.240213081] [rclcpp]: signal_handler(SIGINT/SIGTERM)
[controller_server-9] [INFO] [1791001267.240370260] [controller_server]: Running Nav2 LifecycleNode rcl preshutdown (controller_server)
[controller_server-9] [INFO] [1791001267.240449764] [controller_server]: Deactivating
[controller_server-9] [INFO] [1791001267.240477284] [controller_server]: Deactivating controller: FollowPath of type regulated_pure_pursuit_controller::RegulatedPurePursuitController
[controller_server-9] [INFO] [1791001267.240508322] [local_costmap.local_costmap]: Deactivating
[lifecycle_manager-8] [INFO] [1791001267.243002719] [rclcpp]: signal_handler(SIGINT/SIGTERM)
[lifecycle_manager-8] [INFO] [1791001267.243108395] [lifecycle_manager_localization]: Running Nav2 LifecycleManager rcl preshutdown (lifecycle_manager_localization)
[amcl-7] [INFO] [1791001267.247270761] [rclcpp]: signal_handler(SIGINT/SIGTERM)
[amcl-7] [INFO] [1791001267.247388576] [amcl]: Running Nav2 LifecycleNode rcl preshutdown (amcl)
[amcl-7] [INFO] [1791001267.247422949] [amcl]: Destroying bond (amcl) to lifecycle manager.
[amcl-7] [INFO] [1791001267.249838771] [amcl]: Destroying
[smoother_server-10] [INFO] [1791001267.250368433] [smoother_server]: Cleaning up
[map_server-6] [INFO] [1791001267.250957958] [rclcpp]: signal_handler(SIGINT/SIGTERM)
[map_server-6] [INFO] [1791001267.251085635] [map_server]: Running Nav2 LifecycleNode rcl preshutdown (map_server)
[map_server-6] [INFO] [1791001267.251139116] [map_server]: Cleaning up
[map_server-6] [INFO] [1791001267.251164220] [map_server]: Destroying bond (map_server) to lifecycle manager.
[map_server-6] [INFO] [1791001267.255755244] [map_server]: Destroying
[collision_monitor-17] [INFO] [1791001267.251266455] [collision_monitor]: Destroying
[robot_state_publisher-4] [INFO] [1791001267.253254767] [rclcpp]: signal_handler(SIGINT/SIGTERM)
[smoother_server-10] [INFO] [1791001267.253326798] [smoother_server]: Cleaning up smoother: constrained of type nav2_constrained_smoother::ConstrainedSmoother
[opennav_docking-18] [INFO] [1791001267.253940724] [docking_server]: Destroying
[parameter_bridge-3] [INFO] [1791001267.255632415] [rclcpp]: signal_handler(SIGINT/SIGTERM)
[planner_server-11] [INFO] [1791001267.256604103] [global_costmap.global_costmap]: Cleaning up
[waypoint_follower-15] [INFO] [1791001267.261357547] [waypoint_follower]: Destroying
[lifecycle_manager-19] [INFO] [1791001267.264230192] [lifecycle_manager_navigation]: Destroying lifecycle_manager_navigation
[planner_server-11] [INFO] [1791001267.264238244] [planner_server]: Cleaning up plugin Smac2D of type SmacPlanner2D
[planner_server-11] [INFO] [1791001267.264391737] [planner_server]: CleaningUp plugin ThetaStar of type nav2_theta_star_planner
[planner_server-11] [INFO] [1791001267.264404781] [planner_server]: Cleaning up plugin SmacHybrid of type SmacPlannerHybrid
[planner_server-11] [INFO] [1791001267.264504373] [planner_server]: Cleaning up plugin NavFnDijkstra of type NavfnPlanner
[planner_server-11] [INFO] [1791001267.264609124] [planner_server]: Cleaning up plugin NavFnAStar of type NavfnPlanner
[planner_server-11] [INFO] [1791001267.264626447] [planner_server]: Destroying plugin Smac2D of type SmacPlanner2D
[planner_server-11] [INFO] [1791001267.264640291] [planner_server]: Destroying plugin SmacHybrid of type SmacPlannerHybrid
[planner_server-11] [INFO] [1791001267.264649395] [planner_server]: Destroying plugin NavFnDijkstra of type NavfnPlanner
[planner_server-11] [INFO] [1791001267.264653575] [planner_server]: Destroying plugin NavFnAStar of type NavfnPlanner
[route_server-12] [INFO] [1791001267.270880615] [route_server]: Destroying bond (route_server) to lifecycle manager.
[behavior_server-13] [INFO] [1791001267.273265026] [behavior_server]: Destroying
[smoother_server-10] [INFO] [1791001267.275167748] [smoother_server]: Destroying bond (smoother_server) to lifecycle manager.
[route_server-12] [INFO] [1791001267.283527506] [route_server]: Destroying
[smoother_server-10] [INFO] [1791001267.283747838] [smoother_server]: Destroying
[planner_server-11] [INFO] [1791001267.289389544] [planner_server]: Destroying bond (planner_server) to lifecycle manager.
[planner_server-11] [INFO] [1791001267.293347727] [global_costmap.global_costmap]: Destroying
[bt_navigator-14] [INFO] [1791001267.294762809] [bt_navigator]: Completed Cleaning up
[bt_navigator-14] [INFO] [1791001267.294822771] [bt_navigator]: Destroying bond (bt_navigator) to lifecycle manager.
[planner_server-11] [INFO] [1791001267.298694533] [planner_server]: Destroying
[bt_navigator-14] [INFO] [1791001267.299176803] [bt_navigator]: Destroying
[INFO] [velocity_smoother-16]: process has finished cleanly [pid 99734]
[controller_server-9] [INFO] [1791001267.376996711] [controller_server]: Destroying bond (controller_server) to lifecycle manager.
[INFO] [robot_state_publisher-4]: process has finished cleanly [pid 99559]
[INFO] [parameter_bridge-3]: process has finished cleanly [pid 99558]
[INFO] [collision_monitor-17]: process has finished cleanly [pid 99735]
[controller_server-9] [INFO] [1791001267.387397010] [controller_server]: Cleaning up
[controller_server-9] [INFO] [1791001267.387467870] [controller_server]: Cleaning up controller: FollowPath of type regulated_pure_pursuit_controller::RegulatedPurePursuitController
[controller_server-9] [INFO] [1791001267.387601940] [local_costmap.local_costmap]: Cleaning up
[INFO] [opennav_docking-18]: process has finished cleanly [pid 99738]
[INFO] [lifecycle_manager-19]: process has finished cleanly [pid 99739]
[INFO] [map_server-6]: process has finished cleanly [pid 99724]
[INFO] [amcl-7]: process has finished cleanly [pid 99725]
[INFO] [waypoint_follower-15]: process has finished cleanly [pid 99733]
[INFO] [behavior_server-13]: process has finished cleanly [pid 99731]
[INFO] [route_server-12]: process has finished cleanly [pid 99730]
[INFO] [smoother_server-10]: process has finished cleanly [pid 99728]
[INFO] [planner_server-11]: process has finished cleanly [pid 99729]
[INFO] [bt_navigator-14]: process has finished cleanly [pid 99732]
[controller_server-9] [INFO] [1791001267.415871489] [controller_server]: Destroying bond (controller_server) to lifecycle manager.
[controller_server-9] [INFO] [1791001267.419505459] [local_costmap.local_costmap]: Destroying
[controller_server-9] [INFO] [1791001267.422637202] [controller_server]: Destroying
[INFO] [controller_server-9]: process has finished cleanly [pid 99727]
[ERROR] [lifecycle_manager-8]: process[lifecycle_manager-8] failed to terminate '5' seconds after receiving 'SIGINT', escalating to 'SIGTERM'
[ERROR] [gazebo-1]: process[gazebo-1] failed to terminate '5' seconds after receiving 'SIGINT', escalating to 'SIGTERM'
[INFO] [lifecycle_manager-8]: sending signal 'SIGTERM' to process[lifecycle_manager-8]
[INFO] [gazebo-1]: sending signal 'SIGTERM' to process[gazebo-1]
[ERROR] [gazebo-1]: process has died [pid 99555, exit code -15, cmd 'ruby /opt/ros/jazzy/opt/gz_tools_vendor/bin/gz sim -r -s -v 3 --initial-sim-time 0.0 /home/linh-pham/agv_nav2_research_ws_bao/install/vacuum_robot_gazebo/share/vacuum_robot_gazebo/worlds/warehouse_cross_aisles.sdf --force-version 8'].
[ERROR] [lifecycle_manager-8]: process[lifecycle_manager-8] failed to terminate '10.0' seconds after receiving 'SIGTERM', escalating to 'SIGKILL'
[INFO] [lifecycle_manager-8]: sending signal 'SIGKILL' to process[lifecycle_manager-8]
[ERROR] [lifecycle_manager-8]: process has died [pid 99726, exit code -9, cmd '/opt/ros/jazzy/lib/nav2_lifecycle_manager/lifecycle_manager --ros-args --log-level info --ros-args -r __node:=lifecycle_manager_localization -p use_sim_time:=True --params-file /tmp/launch_params_brv1ouqi --params-file /tmp/launch_params_nr7_5b5k'].
=== infrastructure attempt 2 ===
[INFO] [launch]: All log files can be found below /home/linh-pham/.ros/log/2026-10-03-11-21-18-654828-linh-pham-LOQ-15IAX9-100478
[INFO] [launch]: Default logging verbosity is set to INFO
[INFO] [gazebo-1]: process started with pid [100481]
[INFO] [create-2]: process started with pid [100482]
[INFO] [parameter_bridge-3]: process started with pid [100484]
[INFO] [robot_state_publisher-4]: process started with pid [100485]
[INFO] [execution_trial-5]: process started with pid [100486]
[robot_state_publisher-4] [INFO] [1791001279.185270690] [robot_state_publisher]: Robot initialized
[gazebo-1] [1;32m[Msg] [0m[1;32mGazebo Sim Server v[0m[1;32m8.15.0[0m[1;32m[0m
[gazebo-1] [1;32m[Msg] [0m[1;32mLoading SDF world file[[0m[1;32m/home/linh-pham/agv_nav2_research_ws_bao/install/vacuum_robot_gazebo/share/vacuum_robot_gazebo/worlds/warehouse_cross_aisles.sdf[0m[1;32m].[0m
[gazebo-1] [1;32m[Msg] [0m[1;32mServing entity system service on [[0m[1;32m/[0m[1;32mentity/system/add[0m[1;32m][0m[1;32m[0m
[gazebo-1] [1;32m[Msg] [0m[1;32mCreate[0m[1;32m service on [[0m[1;32m/world/warehouse_cross_aisles/create_multiple[0m[1;32m] (async)[0m[1;32m[0m
[gazebo-1] [1;32m[Msg] [0m[1;32mCreate[0m[1;32m service on [[0m[1;32m/world/warehouse_cross_aisles/create_multiple/blocking[0m[1;32m] (blocking)[0m[1;32m[0m
[gazebo-1] [1;32m[Msg] [0m[1;32mRemove[0m[1;32m service on [[0m[1;32m/world/warehouse_cross_aisles/remove[0m[1;32m] (async)[0m[1;32m[0m
[gazebo-1] [1;32m[Msg] [0m[1;32mRemove[0m[1;32m service on [[0m[1;32m/world/warehouse_cross_aisles/remove/blocking[0m[1;32m] (blocking)[0m[1;32m[0m
[gazebo-1] [1;32m[Msg] [0m[1;32mPose[0m[1;32m service on [[0m[1;32m/world/warehouse_cross_aisles/set_pose[0m[1;32m] (async)[0m[1;32m[0m
[gazebo-1] [1;32m[Msg] [0m[1;32mPose[0m[1;32m service on [[0m[1;32m/world/warehouse_cross_aisles/set_pose/blocking[0m[1;32m] (blocking)[0m[1;32m[0m
[gazebo-1] [1;32m[Msg] [0m[1;32mPose[0m[1;32m service on [[0m[1;32m/world/warehouse_cross_aisles/set_pose_vector[0m[1;32m] (async)[0m[1;32m[0m
[gazebo-1] [1;32m[Msg] [0m[1;32mPose[0m[1;32m service on [[0m[1;32m/world/warehouse_cross_aisles/set_pose_vector/blocking[0m[1;32m] (blocking)[0m[1;32m[0m
[gazebo-1] [1;32m[Msg] [0m[1;32mLight configuration[0m[1;32m service on [[0m[1;32m/world/warehouse_cross_aisles/light_config[0m[1;32m] (async)[0m[1;32m[0m
[gazebo-1] [1;32m[Msg] [0m[1;32mLight configuration[0m[1;32m service on [[0m[1;32m/world/warehouse_cross_aisles/light_config/blocking[0m[1;32m] (blocking)[0m[1;32m[0m
[gazebo-1] [1;32m[Msg] [0m[1;32mPhysics[0m[1;32m service on [[0m[1;32m/world/warehouse_cross_aisles/set_physics[0m[1;32m] (async)[0m[1;32m[0m
[gazebo-1] [1;32m[Msg] [0m[1;32mPhysics[0m[1;32m service on [[0m[1;32m/world/warehouse_cross_aisles/set_physics/blocking[0m[1;32m] (blocking)[0m[1;32m[0m
[gazebo-1] [1;32m[Msg] [0m[1;32mSphericalCoordinates[0m[1;32m service on [[0m[1;32m/world/warehouse_cross_aisles/set_spherical_coordinates[0m[1;32m] (async)[0m[1;32m[0m
[gazebo-1] [1;32m[Msg] [0m[1;32mSphericalCoordinates[0m[1;32m service on [[0m[1;32m/world/warehouse_cross_aisles/set_spherical_coordinates/blocking[0m[1;32m] (blocking)[0m[1;32m[0m
[gazebo-1] [1;32m[Msg] [0m[1;32mEnable collision[0m[1;32m service on [[0m[1;32m/world/warehouse_cross_aisles/enable_collision[0m[1;32m] (async)[0m[1;32m[0m
[gazebo-1] [1;32m[Msg] [0m[1;32mEnable collision[0m[1;32m service on [[0m[1;32m/world/warehouse_cross_aisles/enable_collision/blocking[0m[1;32m] (blocking)[0m[1;32m[0m
[gazebo-1] [1;32m[Msg] [0m[1;32mDisable collision[0m[1;32m service on [[0m[1;32m/world/warehouse_cross_aisles/disable_collision[0m[1;32m] (async)[0m[1;32m[0m
[gazebo-1] [1;32m[Msg] [0m[1;32mDisable collision[0m[1;32m service on [[0m[1;32m/world/warehouse_cross_aisles/disable_collision/blocking[0m[1;32m] (blocking)[0m[1;32m[0m
[gazebo-1] [1;32m[Msg] [0m[1;32mMaterial[0m[1;32m service on [[0m[1;32m/world/warehouse_cross_aisles/visual_config[0m[1;32m] (async)[0m[1;32m[0m
[gazebo-1] [1;32m[Msg] [0m[1;32mMaterial[0m[1;32m service on [[0m[1;32m/world/warehouse_cross_aisles/visual_config/blocking[0m[1;32m] (blocking)[0m[1;32m[0m
[gazebo-1] [1;32m[Msg] [0m[1;32mMaterial[0m[1;32m service on [[0m[1;32m/world/warehouse_cross_aisles/wheel_slip[0m[1;32m] (async)[0m[1;32m[0m
[gazebo-1] [1;32m[Msg] [0m[1;32mMaterial[0m[1;32m service on [[0m[1;32m/world/warehouse_cross_aisles/wheel_slip/blocking[0m[1;32m] (blocking)[0m[1;32m[0m
[gazebo-1] [1;32m[Msg] [0m[1;32mLoaded level [[0m[1;32mdefault[0m[1;32m][0m[1;32m[0m
[create-2] [INFO] [1791001279.607653718] [spawn_vacuum_robot]: Entity creation successful.
[INFO] [create-2]: process has finished cleanly [pid 100482]
[parameter_bridge-3] [INFO] [1791001280.188155014] [ros_gz_bridge]: Creating GZ->ROS Bridge: [/clock (gz.msgs.Clock) -> /clock (rosgraph_msgs/msg/Clock)] (Lazy 0)
[parameter_bridge-3] [INFO] [1791001280.190179278] [ros_gz_bridge]: Creating GZ->ROS Bridge: [/joint_states (gz.msgs.Model) -> /joint_states (sensor_msgs/msg/JointState)] (Lazy 0)
[parameter_bridge-3] [INFO] [1791001280.197239918] [ros_gz_bridge]: Creating GZ->ROS Bridge: [/odom (gz.msgs.Odometry) -> /odom (nav_msgs/msg/Odometry)] (Lazy 0)
[parameter_bridge-3] [INFO] [1791001280.200915218] [ros_gz_bridge]: Creating GZ->ROS Bridge: [/tf (gz.msgs.Pose_V) -> /tf (tf2_msgs/msg/TFMessage)] (Lazy 0)
[parameter_bridge-3] [INFO] [1791001280.203473191] [ros_gz_bridge]: Creating GZ->ROS Bridge: [/scan (gz.msgs.LaserScan) -> /scan (sensor_msgs/msg/LaserScan)] (Lazy 0)
[parameter_bridge-3] [INFO] [1791001280.204362172] [ros_gz_bridge]: Creating GZ->ROS Bridge: [/imu/data (gz.msgs.IMU) -> /imu/data (sensor_msgs/msg/Imu)] (Lazy 0)
[parameter_bridge-3] [INFO] [1791001280.205003962] [ros_gz_bridge]: Creating ROS->GZ Bridge: [/cmd_vel (geometry_msgs/msg/Twist) -> /cmd_vel (gz.msgs.Twist)] (Lazy 0)
[parameter_bridge-3] [INFO] [1791001280.205899985] [ros_gz_bridge]: Creating GZ->ROS Bridge: [/ground_truth/odom (gz.msgs.Odometry) -> /ground_truth/odom (nav_msgs/msg/Odometry)] (Lazy 0)
[gazebo-1] [1;32m[Msg] [0m[1;32mServing world controls on [[0m[1;32m/world/warehouse_cross_aisles[0m[1;32m/control], [[0m[1;32m/world/warehouse_cross_aisles[0m[1;32m/control/state] and [[0m[1;32m/world/warehouse_cross_aisles[0m[1;32m/playback/control][0m[1;32m[0m
[gazebo-1] [1;32m[Msg] [0m[1;32mServing GUI information on [[0m[1;32m/world/warehouse_cross_aisles[0m[1;32m/[0m[1;32mgui/info[0m[1;32m][0m[1;32m[0m
[gazebo-1] [1;32m[Msg] [0m[1;32mWorld [[0m[1;32mwarehouse_cross_aisles[0m[1;32m] initialized with [[0m[1;32mresearch_physics[0m[1;32m] physics profile.[0m[1;32m[0m
[gazebo-1] [1;32m[Msg] [0m[1;32mServing world SDF generation service on [[0m[1;32m/world/warehouse_cross_aisles[0m[1;32m/[0m[1;32mgenerate_world_sdf[0m[1;32m][0m[1;32m[0m
[gazebo-1] [1;32m[Msg] [0m[1;32mServing world names on [[0m[1;32m/gazebo/worlds[0m[1;32m][0m[1;32m[0m
[gazebo-1] [1;32m[Msg] [0m[1;32mResource path add service on [[0m[1;32m/gazebo/resource_paths/add[0m[1;32m].[0m[1;32m[0m
[gazebo-1] [1;32m[Msg] [0m[1;32mResource path get service on [[0m[1;32m/gazebo/resource_paths/get[0m[1;32m].[0m[1;32m[0m
[gazebo-1] [1;32m[Msg] [0m[1;32mResource path resolve service on [[0m[1;32m/gazebo/resource_paths/resolve[0m[1;32m].[0m[1;32m[0m
[gazebo-1] [1;32m[Msg] [0m[1;32mResource paths published on [[0m[1;32m/gazebo/resource_paths[0m[1;32m].[0m[1;32m[0m
[gazebo-1] [1;32m[Msg] [0m[1;32mServer control service on [[0m[1;32m/server_control[0m[1;32m].[0m[1;32m[0m
[gazebo-1] [1;32m[Msg] [0m[1;32mFound no publishers on /stats, adding root stats topic[0m[1;32m[0m
[gazebo-1] [1;32m[Msg] [0m[1;32mFound no publishers on /clock, adding root clock topic[0m[1;32m[0m
[gazebo-1] [1;33mWarning [Utils.cc:132][0m [/sdf/model[@name="vacuum_robot"]/link[@name="base_link"]/sensor[@name="rplidar_a1m8"]/gz_frame_id:/home/linh-pham/agv_nav2_research_ws_bao/install/vacuum_robot_gazebo/share/vacuum_robot_gazebo/models/vacuum_robot/model.sdf:L107]: XML Element[gz_frame_id], child of element[sensor], not defined in SDF. Copying[gz_frame_id] as children of [sensor].
[gazebo-1] [1;33mWarning [Utils.cc:132][0m [/sdf/model[@name="vacuum_robot"]/link[@name="base_link"]/sensor[@name="bno055_imu"]/gz_frame_id:/home/linh-pham/agv_nav2_research_ws_bao/install/vacuum_robot_gazebo/share/vacuum_robot_gazebo/models/vacuum_robot/model.sdf:L128]: XML Element[gz_frame_id], child of element[sensor], not defined in SDF. Copying[gz_frame_id] as children of [sensor].
[gazebo-1] libEGL warning: pci id for fd 55: 10de:25ec, driver (null)
[gazebo-1] 
[gazebo-1] pci id for fd 56: 10de:25ec, driver (null)
[gazebo-1] pci id for fd 57: 10de:25ec, driver (null)
[gazebo-1] libEGL warning: egl: failed to create dri2 screen
[gazebo-1] libEGL warning: pci id for fd 55: 10de:25ec, driver (null)
[gazebo-1] 
[gazebo-1] pci id for fd 56: 10de:25ec, driver (null)
[gazebo-1] pci id for fd 57: 10de:25ec, driver (null)
[gazebo-1] libEGL warning: egl: failed to create dri2 screen
[gazebo-1] libEGL warning: pci id for fd 55: 10de:25ec, driver (null)
[gazebo-1] 
[INFO] [map_server-6]: process started with pid [100657]
[INFO] [amcl-7]: process started with pid [100658]
[INFO] [lifecycle_manager-8]: process started with pid [100659]
[INFO] [controller_server-9]: process started with pid [100660]
[INFO] [smoother_server-10]: process started with pid [100661]
[INFO] [planner_server-11]: process started with pid [100662]
[INFO] [route_server-12]: process started with pid [100663]
[INFO] [behavior_server-13]: process started with pid [100664]
[INFO] [bt_navigator-14]: process started with pid [100665]
[INFO] [waypoint_follower-15]: process started with pid [100666]
[INFO] [velocity_smoother-16]: process started with pid [100667]
[INFO] [collision_monitor-17]: process started with pid [100670]
[INFO] [opennav_docking-18]: process started with pid [100671]
[INFO] [lifecycle_manager-19]: process started with pid [100674]
[lifecycle_manager-8] [INFO] [1791001282.129643454] [lifecycle_manager_localization]: Creating
[lifecycle_manager-8] [INFO] [1791001282.134763494] [lifecycle_manager_localization]: [34m[1mCreating and initializing lifecycle service clients[0m[0m
[map_server-6] [INFO] [1791001282.156776689] [map_server]: 
[map_server-6] 	map_server lifecycle node launched. 
[map_server-6] 	Waiting on external lifecycle transitions to activate
[map_server-6] 	See https://design.ros2.org/articles/node_lifecycle.html for more information.
[map_server-6] [INFO] [1791001282.157182922] [map_server]: Creating
[controller_server-9] [INFO] [1791001282.173174735] [controller_server]: 
[controller_server-9] 	controller_server lifecycle node launched. 
[controller_server-9] 	Waiting on external lifecycle transitions to activate
[controller_server-9] 	See https://design.ros2.org/articles/node_lifecycle.html for more information.
[lifecycle_manager-19] [INFO] [1791001282.173194788] [lifecycle_manager_navigation]: Creating
[controller_server-9] [INFO] [1791001282.178450746] [controller_server]: Creating controller server
[smoother_server-10] [INFO] [1791001282.181933709] [smoother_server]: 
[smoother_server-10] 	smoother_server lifecycle node launched. 
[smoother_server-10] 	Waiting on external lifecycle transitions to activate
[smoother_server-10] 	See https://design.ros2.org/articles/node_lifecycle.html for more information.
[smoother_server-10] [INFO] [1791001282.182963817] [smoother_server]: Creating smoother server
[lifecycle_manager-19] [INFO] [1791001282.188818650] [lifecycle_manager_navigation]: [34m[1mCreating and initializing lifecycle service clients[0m[0m
[controller_server-9] [INFO] [1791001282.190746001] [local_costmap.local_costmap]: 
[controller_server-9] 	local_costmap lifecycle node launched. 
[controller_server-9] 	Waiting on external lifecycle transitions to activate
[controller_server-9] 	See https://design.ros2.org/articles/node_lifecycle.html for more information.
[controller_server-9] [INFO] [1791001282.191219505] [local_costmap.local_costmap]: Creating Costmap
[planner_server-11] [INFO] [1791001282.192140660] [planner_server]: 
[planner_server-11] 	planner_server lifecycle node launched. 
[planner_server-11] 	Waiting on external lifecycle transitions to activate
[planner_server-11] 	See https://design.ros2.org/articles/node_lifecycle.html for more information.
[bt_navigator-14] [INFO] [1791001282.193102567] [bt_navigator]: 
[bt_navigator-14] 	bt_navigator lifecycle node launched. 
[bt_navigator-14] 	Waiting on external lifecycle transitions to activate
[bt_navigator-14] 	See https://design.ros2.org/articles/node_lifecycle.html for more information.
[planner_server-11] [INFO] [1791001282.193594158] [planner_server]: Creating
[bt_navigator-14] [INFO] [1791001282.194347272] [bt_navigator]: Creating
[waypoint_follower-15] [INFO] [1791001282.199326071] [waypoint_follower]: 
[waypoint_follower-15] 	waypoint_follower lifecycle node launched. 
[waypoint_follower-15] 	Waiting on external lifecycle transitions to activate
[waypoint_follower-15] 	See https://design.ros2.org/articles/node_lifecycle.html for more information.
[waypoint_follower-15] [INFO] [1791001282.200652558] [waypoint_follower]: Creating
[velocity_smoother-16] [INFO] [1791001282.201593741] [velocity_smoother]: 
[velocity_smoother-16] 	velocity_smoother lifecycle node launched. 
[velocity_smoother-16] 	Waiting on external lifecycle transitions to activate
[velocity_smoother-16] 	See https://design.ros2.org/articles/node_lifecycle.html for more information.
[opennav_docking-18] [INFO] [1791001282.201776539] [docking_server]: 
[opennav_docking-18] 	docking_server lifecycle node launched. 
[opennav_docking-18] 	Waiting on external lifecycle transitions to activate
[opennav_docking-18] 	See https://design.ros2.org/articles/node_lifecycle.html for more information.
[opennav_docking-18] [INFO] [1791001282.201858217] [docking_server]: Creating docking_server
[planner_server-11] [INFO] [1791001282.204328521] [global_costmap.global_costmap]: 
[planner_server-11] 	global_costmap lifecycle node launched. 
[planner_server-11] 	Waiting on external lifecycle transitions to activate
[planner_server-11] 	See https://design.ros2.org/articles/node_lifecycle.html for more information.
[planner_server-11] [INFO] [1791001282.204674476] [global_costmap.global_costmap]: Creating Costmap
[amcl-7] [INFO] [1791001282.206368896] [amcl]: 
[amcl-7] 	amcl lifecycle node launched. 
[amcl-7] 	Waiting on external lifecycle transitions to activate
[amcl-7] 	See https://design.ros2.org/articles/node_lifecycle.html for more information.
[amcl-7] [INFO] [1791001282.206938968] [amcl]: Creating
[collision_monitor-17] [INFO] [1791001282.220021446] [collision_monitor]: 
[collision_monitor-17] 	collision_monitor lifecycle node launched. 
[collision_monitor-17] 	Waiting on external lifecycle transitions to activate
[collision_monitor-17] 	See https://design.ros2.org/articles/node_lifecycle.html for more information.
[behavior_server-13] [INFO] [1791001282.235672180] [behavior_server]: 
[behavior_server-13] 	behavior_server lifecycle node launched. 
[behavior_server-13] 	Waiting on external lifecycle transitions to activate
[behavior_server-13] 	See https://design.ros2.org/articles/node_lifecycle.html for more information.
[route_server-12] [INFO] [1791001282.238302846] [route_server]: 
[route_server-12] 	route_server lifecycle node launched. 
[route_server-12] 	Waiting on external lifecycle transitions to activate
[route_server-12] 	See https://design.ros2.org/articles/node_lifecycle.html for more information.
[lifecycle_manager-8] [INFO] [1791001282.275981537] [lifecycle_manager_localization]: [34m[1mStarting managed nodes bringup...[0m[0m
[lifecycle_manager-8] [INFO] [1791001282.276060541] [lifecycle_manager_localization]: [34m[1mConfiguring map_server[0m[0m
[lifecycle_manager-19] [INFO] [1791001282.452266718] [lifecycle_manager_navigation]: [34m[1mStarting managed nodes bringup...[0m[0m
[lifecycle_manager-19] [INFO] [1791001282.452317400] [lifecycle_manager_navigation]: [34m[1mConfiguring controller_server[0m[0m
[controller_server-9] [INFO] [1791001282.452661062] [controller_server]: Configuring controller interface
[controller_server-9] [INFO] [1791001282.452684565] [controller_server]: getting progress checker plugins..
[controller_server-9] [INFO] [1791001282.452902582] [controller_server]: getting goal checker plugins..
[controller_server-9] [INFO] [1791001282.452998917] [controller_server]: Controller frequency set to 20.0000Hz
[controller_server-9] [INFO] [1791001282.453047540] [local_costmap.local_costmap]: Configuring
[controller_server-9] [INFO] [1791001282.463961414] [local_costmap.local_costmap]: Using plugin "voxel_layer"
[controller_server-9] [INFO] [1791001282.467402029] [local_costmap.local_costmap]: Subscribed to Topics: scan
[map_server-6] [INFO] [1791001282.473497023] [map_server]: Configuring
[map_server-6] [INFO] [1791001282.473574130] [map_io]: Loading yaml file: /home/linh-pham/agv_nav2_research_ws_bao/install/vacuum_robot_gazebo/share/vacuum_robot_gazebo/maps/warehouse_cross_aisles.yaml
[map_server-6] [INFO] [1791001282.473828778] [map_io]: resolution: 0.05
[map_server-6] [INFO] [1791001282.473835794] [map_io]: origin[0]: -6
[map_server-6] [INFO] [1791001282.473840151] [map_io]: origin[1]: -4
[map_server-6] [INFO] [1791001282.473843073] [map_io]: origin[2]: 0
[map_server-6] [INFO] [1791001282.473846210] [map_io]: free_thresh: 0.25
[map_server-6] [INFO] [1791001282.473849248] [map_io]: occupied_thresh: 0.65
[map_server-6] [INFO] [1791001282.473853195] [map_io]: mode: trinary
[map_server-6] [INFO] [1791001282.473857180] [map_io]: negate: 0
[map_server-6] [INFO] [1791001282.474020803] [map_io]: Loading image_file: /home/linh-pham/agv_nav2_research_ws_bao/install/vacuum_robot_gazebo/share/vacuum_robot_gazebo/maps/warehouse_cross_aisles.pgm
[map_server-6] [INFO] [1791001282.474971721] [map_io]: Read map /home/linh-pham/agv_nav2_research_ws_bao/install/vacuum_robot_gazebo/share/vacuum_robot_gazebo/maps/warehouse_cross_aisles.pgm: 240 X 160 map @ 0.05 m/cell
[controller_server-9] [INFO] [1791001282.479930063] [local_costmap.local_costmap]: Initialized plugin "voxel_layer"
[controller_server-9] [INFO] [1791001282.479965563] [local_costmap.local_costmap]: Using plugin "inflation_layer"
[controller_server-9] [INFO] [1791001282.480786684] [local_costmap.local_costmap]: Initialized plugin "inflation_layer"
[lifecycle_manager-8] [INFO] [1791001282.484361095] [lifecycle_manager_localization]: [34m[1mConfiguring amcl[0m[0m
[amcl-7] [INFO] [1791001282.485202020] [amcl]: Configuring
[amcl-7] [INFO] [1791001282.485318152] [amcl]: initTransforms
[amcl-7] [INFO] [1791001282.495655365] [amcl]: initPubSub
[controller_server-9] [INFO] [1791001282.499986863] [controller_server]: Created progress_checker : progress_checker of type nav2_controller::PoseProgressChecker
[controller_server-9] [INFO] [1791001282.500321564] [controller_server]: Controller Server has progress_checker  progress checkers available.
[controller_server-9] [INFO] [1791001282.500735807] [controller_server]: Created goal checker : general_goal_checker of type nav2_controller::SimpleGoalChecker
[controller_server-9] [INFO] [1791001282.501210910] [controller_server]: Controller Server has general_goal_checker  goal checkers available.
[controller_server-9] [INFO] [1791001282.503426726] [controller_server]: Created controller : FollowPath of type nav2_regulated_pure_pursuit_controller::RegulatedPurePursuitController
[amcl-7] [INFO] [1791001282.505072299] [amcl]: Subscribed to map topic.
[controller_server-9] [INFO] [1791001282.509093196] [controller_server]: Controller Server has FollowPath  controllers available.
[lifecycle_manager-8] [INFO] [1791001282.509611902] [lifecycle_manager_localization]: [34m[1mActivating map_server[0m[0m
[map_server-6] [INFO] [1791001282.509828256] [map_server]: Activating
[map_server-6] [INFO] [1791001282.510071012] [map_server]: Creating bond (map_server) to lifecycle manager.
[amcl-7] [INFO] [1791001282.510212717] [amcl]: Received a 240 X 160 map @ 0.050 m/pix
[lifecycle_manager-19] [INFO] [1791001282.517880773] [lifecycle_manager_navigation]: [34m[1mConfiguring smoother_server[0m[0m
[smoother_server-10] [INFO] [1791001282.518183438] [smoother_server]: Configuring smoother server
[smoother_server-10] [INFO] [1791001282.531135064] [smoother_server]: Created smoother : simple_smoother of type nav2_smoother::SimpleSmoother
[smoother_server-10] [INFO] [1791001282.532309935] [smoother_server]: Created smoother : savitzky_golay of type nav2_smoother::SavitzkyGolaySmoother
[smoother_server-10] [INFO] [1791001282.536044886] [smoother_server]: Created smoother : constrained of type nav2_constrained_smoother/ConstrainedSmoother
[smoother_server-10] [INFO] [1791001282.538683933] [smoother_server]: Created smoother : pstmo of type adaptive_pivot_g2_nav2/AdaptivePivotG2Smoother
[smoother_server-10] [INFO] [1791001282.542194559] [smoother_server]: Configured PSTMO smoother 'pstmo' with hierarchical_alpha_two_trim search and condition_only preprocessing
[smoother_server-10] [INFO] [1791001282.542372682] [smoother_server]: Created smoother : adaptive_hybrid of type adaptive_pivot_g2_nav2/SafetyGatedHybridSmoother
[smoother_server-10] [INFO] [1791001282.545857888] [smoother_server]: Configured PSTMO smoother 'adaptive_hybrid.pivot' with legacy_joint_d_q search and condition_only preprocessing
[smoother_server-10] [INFO] [1791001282.546510357] [smoother_server]: Configured safety-gated hybrid smoother as 'adaptive_hybrid'
[smoother_server-10] [INFO] [1791001282.546552823] [smoother_server]: Smoother Server has simple_smoother savitzky_golay constrained pstmo adaptive_hybrid  smoothers available.
[lifecycle_manager-19] [INFO] [1791001282.552770503] [lifecycle_manager_navigation]: [34m[1mConfiguring planner_server[0m[0m
[planner_server-11] [INFO] [1791001282.553008859] [planner_server]: Configuring
[planner_server-11] [INFO] [1791001282.553046192] [global_costmap.global_costmap]: Configuring
[planner_server-11] [INFO] [1791001282.561634178] [global_costmap.global_costmap]: Using plugin "static_layer"
[planner_server-11] [INFO] [1791001282.564446144] [global_costmap.global_costmap]: Subscribing to the map topic (/map) with transient local durability
[planner_server-11] [INFO] [1791001282.566060259] [global_costmap.global_costmap]: Initialized plugin "static_layer"
[planner_server-11] [INFO] [1791001282.566090552] [global_costmap.global_costmap]: Using plugin "inflation_layer"
[planner_server-11] [INFO] [1791001282.566699894] [global_costmap.global_costmap]: Initialized plugin "inflation_layer"
[planner_server-11] [INFO] [1791001282.584035726] [global_costmap.global_costmap]: StaticLayer: Resizing costmap to 240 X 160 at 0.050000 m/pix
[planner_server-11] [INFO] [1791001282.584734577] [planner_server]: Created global planner plugin NavFnAStar of type nav2_navfn_planner::NavfnPlanner
[planner_server-11] [INFO] [1791001282.584767189] [planner_server]: Configuring plugin NavFnAStar of type NavfnPlanner
[planner_server-11] [INFO] [1791001282.585338937] [planner_server]: Created global planner plugin NavFnDijkstra of type nav2_navfn_planner::NavfnPlanner
[planner_server-11] [INFO] [1791001282.585456897] [planner_server]: Configuring plugin NavFnDijkstra of type NavfnPlanner
[planner_server-11] [INFO] [1791001282.586658146] [planner_server]: Created global planner plugin ThetaStar of type nav2_theta_star_planner::ThetaStarPlanner
[planner_server-11] [INFO] [1791001282.591412532] [planner_server]: Created global planner plugin Smac2D of type nav2_smac_planner::SmacPlanner2D
[planner_server-11] [INFO] [1791001282.591455215] [planner_server]: Configuring Smac2D of type SmacPlanner2D
[planner_server-11] [INFO] [1791001282.593533991] [planner_server]: Configured plugin Smac2D of type SmacPlanner2D with tolerance 0.10, maximum iterations 1000000, max on approach iterations 1000, and not allowing unknown traversal.
[planner_server-11] [INFO] [1791001282.594838276] [planner_server]: Created global planner plugin SmacHybrid of type nav2_smac_planner::SmacPlannerHybrid
[planner_server-11] [INFO] [1791001282.594866477] [planner_server]: Configuring SmacHybrid of type SmacPlannerHybrid
[planner_server-11] [INFO] [1791001282.596271198] [planner_server]: Even sized heuristic lookup table size set 160.000000, increasing size by 1 to make odd
[lifecycle_manager-8] [INFO] [1791001282.614752603] [lifecycle_manager_localization]: Server map_server connected with bond.
[lifecycle_manager-8] [INFO] [1791001282.614799310] [lifecycle_manager_localization]: [34m[1mActivating amcl[0m[0m
[amcl-7] [INFO] [1791001282.615068489] [amcl]: Activating
[amcl-7] [INFO] [1791001282.615099940] [amcl]: initialPoseReceived
[amcl-7] [INFO] [1791001282.615179941] [amcl]: Setting pose (0.000000): -4.700 -2.800 1.302
[amcl-7] [INFO] [1791001282.615655561] [amcl]: Creating bond (amcl) to lifecycle manager.
[lifecycle_manager-8] [INFO] [1791001282.719371447] [lifecycle_manager_localization]: Server amcl connected with bond.
[lifecycle_manager-8] [INFO] [1791001282.719408022] [lifecycle_manager_localization]: [34m[1mManaged nodes are active[0m[0m
[lifecycle_manager-8] [INFO] [1791001282.719415919] [lifecycle_manager_localization]: [34m[1mCreating bond timer...[0m[0m
[planner_server-11] [INFO] [1791001282.801932034] [planner_server]: Configured plugin SmacHybrid of type SmacPlannerHybrid with maximum iterations 1000000, max on approach iterations 1000, and not allowing unknown traversal. Tolerance 0.10.Using motion model: Dubin.
[planner_server-11] [INFO] [1791001282.801993936] [planner_server]: Planner Server has NavFnAStar NavFnDijkstra ThetaStar Smac2D SmacHybrid  planners available.
[lifecycle_manager-19] [INFO] [1791001282.813708859] [lifecycle_manager_navigation]: [34m[1mConfiguring route_server[0m[0m
[route_server-12] [INFO] [1791001282.813924414] [route_server]: Configuring
[route_server-12] [INFO] [1791001282.843369627] [route_server]: Created GraphFileLoader GeoJsonGraphFileLoader of type nav2_route::GeoJsonGraphFileLoader
[route_server-12] [INFO] [1791001282.843410740] [route_server]: Configuring geojson graph file loader
[route_server-12] [INFO] [1791001282.843420013] [route_server]: No graph file provided to load yet.
[route_server-12] [INFO] [1791001282.845520391] [route_server]: Created edge cost function plugin DistanceScorer of type nav2_route::DistanceScorer
[route_server-12] [INFO] [1791001282.845545004] [route_server]: Configuring distance scorer.
[route_server-12] [INFO] [1791001282.845733256] [route_server]: Created edge cost function plugin CostmapScorer of type nav2_route::CostmapScorer
[route_server-12] [INFO] [1791001282.845745434] [route_server]: Configuring costmap scorer.
[route_server-12] [INFO] [1791001282.848166838] [route_server]: Created route operation ReroutingService of type nav2_route::ReroutingService
[route_server-12] [INFO] [1791001282.848193132] [route_server]: Configuring Rerouting service operation.
[route_server-12] [INFO] [1791001282.849990652] [route_server]: Created route operation CollisionMonitor of type nav2_route::CollisionMonitor
[route_server-12] [INFO] [1791001282.850140656] [route_server]: Using costmap topic: local_costmap/costmap_raw instead of server costmap topic: global_costmap/costmap_raw for CollisionMonitor.
[lifecycle_manager-19] [INFO] [1791001282.853329120] [lifecycle_manager_navigation]: [34m[1mConfiguring behavior_server[0m[0m
[behavior_server-13] [INFO] [1791001282.853597863] [behavior_server]: Configuring
[behavior_server-13] [INFO] [1791001282.857875068] [behavior_server]: Creating behavior plugin spin of type nav2_behaviors::Spin
[behavior_server-13] [INFO] [1791001282.859393342] [behavior_server]: Creating behavior plugin backup of type nav2_behaviors::BackUp
[behavior_server-13] [INFO] [1791001282.861388666] [behavior_server]: Creating behavior plugin drive_on_heading of type nav2_behaviors::DriveOnHeading
[behavior_server-13] [INFO] [1791001282.862353379] [behavior_server]: Creating behavior plugin assisted_teleop of type nav2_behaviors::AssistedTeleop
[behavior_server-13] [INFO] [1791001282.863738235] [behavior_server]: Creating behavior plugin wait of type nav2_behaviors::Wait
[behavior_server-13] [INFO] [1791001282.870886574] [behavior_server]: Configuring spin
[behavior_server-13] [INFO] [1791001282.879714932] [behavior_server]: Configuring backup
[behavior_server-13] [INFO] [1791001282.884852629] [behavior_server]: Configuring drive_on_heading
[behavior_server-13] [INFO] [1791001282.890664245] [behavior_server]: Configuring assisted_teleop
[behavior_server-13] [INFO] [1791001282.898596576] [behavior_server]: Configuring wait
[lifecycle_manager-19] [INFO] [1791001282.904283237] [lifecycle_manager_navigation]: [34m[1mConfiguring velocity_smoother[0m[0m
[velocity_smoother-16] [INFO] [1791001282.904603850] [velocity_smoother]: Configuring velocity smoother
[lifecycle_manager-19] [INFO] [1791001282.912725459] [lifecycle_manager_navigation]: [34m[1mConfiguring collision_monitor[0m[0m
[collision_monitor-17] [INFO] [1791001282.913129370] [collision_monitor]: Configuring
[collision_monitor-17] [INFO] [1791001282.918371602] [collision_monitor]: [scan]: Creating Scan
[collision_monitor-17] [INFO] [1791001282.920943526] [collision_monitor]: [FootprintApproach]: Creating Polygon
[collision_monitor-17] [INFO] [1791001282.921133802] [collision_monitor]: [FootprintApproach]: Polygon points are not defined. Using dynamic subscription instead.
[collision_monitor-17] [INFO] [1791001282.922223249] [collision_monitor]: [FootprintApproach]: Making footprint subscriber on /local_costmap/published_footprint topic
[lifecycle_manager-19] [INFO] [1791001282.934190470] [lifecycle_manager_navigation]: [34m[1mConfiguring bt_navigator[0m[0m
[bt_navigator-14] [INFO] [1791001282.934445411] [bt_navigator]: Configuring
[bt_navigator-14] [INFO] [1791001282.940747153] [bt_navigator]: Creating navigator id navigate_to_pose of type nav2_bt_navigator::NavigateToPoseNavigator
[bt_navigator-14] [INFO] [1791001282.996879563] [bt_navigator]: Creating navigator id navigate_through_poses of type nav2_bt_navigator::NavigateThroughPosesNavigator
[lifecycle_manager-19] [INFO] [1791001283.016544503] [lifecycle_manager_navigation]: [34m[1mConfiguring waypoint_follower[0m[0m
[waypoint_follower-15] [INFO] [1791001283.016748545] [waypoint_follower]: Configuring
[waypoint_follower-15] [INFO] [1791001283.040318679] [waypoint_follower]: Created waypoint_task_executor : wait_at_waypoint of type nav2_waypoint_follower::WaitAtWaypoint
[lifecycle_manager-19] [INFO] [1791001283.041239341] [lifecycle_manager_navigation]: [34m[1mConfiguring docking_server[0m[0m
[opennav_docking-18] [INFO] [1791001283.041599385] [docking_server]: Configuring docking_server
[opennav_docking-18] [INFO] [1791001283.041650060] [docking_server]: Controller frequency set to 50.0000Hz
[opennav_docking-18] [INFO] [1791001283.074014872] [docking_server]: Created charging dock plugin simple_charging_dock of type opennav_docking::SimpleChargingDock
[opennav_docking-18] [WARN] [1791001283.080274461] [docking_server]: Dock database filepath nor dock parameters set. Docking actions can only be executed specifying the dock pose via the action request. Or update the dock database via the reload_database service.
[opennav_docking-18] [INFO] [1791001283.080325911] [docking_server]: Docking Server has 1 dock types and 0 dock instances available.
[lifecycle_manager-19] [INFO] [1791001283.082686744] [lifecycle_manager_navigation]: [34m[1mActivating controller_server[0m[0m
[controller_server-9] [INFO] [1791001283.082918641] [controller_server]: Activating
[controller_server-9] [INFO] [1791001283.082950295] [local_costmap.local_costmap]: Activating
[controller_server-9] [INFO] [1791001283.082956617] [local_costmap.local_costmap]: Checking transform
[controller_server-9] [INFO] [1791001283.083089737] [local_costmap.local_costmap]: start
[controller_server-9] [INFO] [1791001283.334175398] [controller_server]: Activating controller: FollowPath of type regulated_pure_pursuit_controller::RegulatedPurePursuitController
[controller_server-9] [INFO] [1791001283.334251210] [controller_server]: Creating bond (controller_server) to lifecycle manager.
[lifecycle_manager-19] [INFO] [1791001283.448522234] [lifecycle_manager_navigation]: Server controller_server connected with bond.
[lifecycle_manager-19] [INFO] [1791001283.448610754] [lifecycle_manager_navigation]: [34m[1mActivating smoother_server[0m[0m
[smoother_server-10] [INFO] [1791001283.450254005] [smoother_server]: Activating
[smoother_server-10] [INFO] [1791001283.450372398] [smoother_server]: Activating smoother: constrained of type nav2_constrained_smoother::ConstrainedSmoother
[smoother_server-10] [INFO] [1791001283.450403407] [smoother_server]: Creating bond (smoother_server) to lifecycle manager.
[lifecycle_manager-19] [INFO] [1791001283.569713692] [lifecycle_manager_navigation]: Server smoother_server connected with bond.
[lifecycle_manager-19] [INFO] [1791001283.569755315] [lifecycle_manager_navigation]: [34m[1mActivating planner_server[0m[0m
[planner_server-11] [INFO] [1791001283.570146681] [planner_server]: Activating
[planner_server-11] [INFO] [1791001283.570181621] [global_costmap.global_costmap]: Activating
[planner_server-11] [INFO] [1791001283.570188474] [global_costmap.global_costmap]: Checking transform
[planner_server-11] [INFO] [1791001283.570226948] [global_costmap.global_costmap]: Timed out waiting for transform from base_link to map to become available, tf error: Invalid frame ID "map" passed to canTransform argument target_frame - frame does not exist
[amcl-7] [INFO] [1791001283.581707973] [amcl]: createLaserObject
[planner_server-11] [INFO] [1791001284.070361452] [global_costmap.global_costmap]: Timed out waiting for transform from base_link to map to become available, tf error: Lookup would require extrapolation into the past.  Requested time 2.232000 but the earliest data is at time 2.449000, when looking up transform from frame [base_link] to frame [map]
[planner_server-11] [INFO] [1791001284.570478837] [global_costmap.global_costmap]: start
[planner_server-11] [INFO] [1791001284.620710660] [planner_server]: Activating plugin Smac2D of type SmacPlanner2D
[planner_server-11] [INFO] [1791001284.620851292] [planner_server]: Activating plugin ThetaStar of type nav2_theta_star_planner
[planner_server-11] [INFO] [1791001284.620873179] [planner_server]: Activating plugin SmacHybrid of type SmacPlannerHybrid
[planner_server-11] [INFO] [1791001284.623411279] [planner_server]: Activating plugin NavFnDijkstra of type NavfnPlanner
[planner_server-11] [INFO] [1791001284.623483794] [planner_server]: Activating plugin NavFnAStar of type NavfnPlanner
[planner_server-11] [INFO] [1791001284.627762440] [planner_server]: Creating bond (planner_server) to lifecycle manager.
[lifecycle_manager-19] [INFO] [1791001284.741970539] [lifecycle_manager_navigation]: Server planner_server connected with bond.
[lifecycle_manager-19] [INFO] [1791001284.742021343] [lifecycle_manager_navigation]: [34m[1mActivating route_server[0m[0m
[route_server-12] [INFO] [1791001284.742620917] [route_server]: Activating
[route_server-12] [INFO] [1791001284.743049359] [route_server]: Creating bond (route_server) to lifecycle manager.
[lifecycle_manager-19] [INFO] [1791001284.860234480] [lifecycle_manager_navigation]: Server route_server connected with bond.
[lifecycle_manager-19] [INFO] [1791001284.860320706] [lifecycle_manager_navigation]: [34m[1mActivating behavior_server[0m[0m
[behavior_server-13] [INFO] [1791001284.860942800] [behavior_server]: Activating
[behavior_server-13] [INFO] [1791001284.860995183] [behavior_server]: Activating spin
[behavior_server-13] [INFO] [1791001284.861014047] [behavior_server]: Activating backup
[behavior_server-13] [INFO] [1791001284.861054501] [behavior_server]: Activating drive_on_heading
[behavior_server-13] [INFO] [1791001284.861069626] [behavior_server]: Activating assisted_teleop
[behavior_server-13] [INFO] [1791001284.861083447] [behavior_server]: Activating wait
[behavior_server-13] [INFO] [1791001284.861107681] [behavior_server]: Creating bond (behavior_server) to lifecycle manager.
[lifecycle_manager-19] [INFO] [1791001284.977725909] [lifecycle_manager_navigation]: Server behavior_server connected with bond.
[lifecycle_manager-19] [INFO] [1791001284.977823356] [lifecycle_manager_navigation]: [34m[1mActivating velocity_smoother[0m[0m
[velocity_smoother-16] [INFO] [1791001284.978611942] [velocity_smoother]: Activating
[velocity_smoother-16] [INFO] [1791001284.978715609] [velocity_smoother]: Creating bond (velocity_smoother) to lifecycle manager.
[lifecycle_manager-19] [INFO] [1791001285.096675177] [lifecycle_manager_navigation]: Server velocity_smoother connected with bond.
[lifecycle_manager-19] [INFO] [1791001285.096735202] [lifecycle_manager_navigation]: [34m[1mActivating collision_monitor[0m[0m
[collision_monitor-17] [INFO] [1791001285.097182616] [collision_monitor]: Activating
[collision_monitor-17] [INFO] [1791001285.097235010] [collision_monitor]: Creating bond (collision_monitor) to lifecycle manager.
[lifecycle_manager-19] [INFO] [1791001285.211326752] [lifecycle_manager_navigation]: Server collision_monitor connected with bond.
[lifecycle_manager-19] [INFO] [1791001285.211404692] [lifecycle_manager_navigation]: [34m[1mActivating bt_navigator[0m[0m
[bt_navigator-14] [INFO] [1791001285.213184877] [bt_navigator]: Activating
[bt_navigator-14] [INFO] [1791001285.333347612] [bt_navigator]: Creating bond (bt_navigator) to lifecycle manager.
[lifecycle_manager-19] [INFO] [1791001285.441354973] [lifecycle_manager_navigation]: Server bt_navigator connected with bond.
[lifecycle_manager-19] [INFO] [1791001285.441477315] [lifecycle_manager_navigation]: [34m[1mActivating waypoint_follower[0m[0m
[waypoint_follower-15] [INFO] [1791001285.441994296] [waypoint_follower]: Activating
[waypoint_follower-15] [INFO] [1791001285.442099943] [waypoint_follower]: Creating bond (waypoint_follower) to lifecycle manager.
[lifecycle_manager-19] [INFO] [1791001285.561046803] [lifecycle_manager_navigation]: Server waypoint_follower connected with bond.
[lifecycle_manager-19] [INFO] [1791001285.561107053] [lifecycle_manager_navigation]: [34m[1mActivating docking_server[0m[0m
[opennav_docking-18] [INFO] [1791001285.561758270] [docking_server]: Activating docking_server
[opennav_docking-18] [INFO] [1791001285.596421430] [docking_server]: Creating bond (docking_server) to lifecycle manager.
[lifecycle_manager-19] [INFO] [1791001285.707468565] [lifecycle_manager_navigation]: Server docking_server connected with bond.
[lifecycle_manager-19] [INFO] [1791001285.707550036] [lifecycle_manager_navigation]: [34m[1mManaged nodes are active[0m[0m
[lifecycle_manager-19] [INFO] [1791001285.707560805] [lifecycle_manager_navigation]: [34m[1mCreating bond timer...[0m[0m
[amcl-7] [INFO] [1791001285.709857111] [amcl]: initialPoseReceived
[amcl-7] [WARN] [1791001285.710434779] [amcl]: Failed to transform initial pose in time (Lookup would require extrapolation into the future.  Requested time 3.903000 but the latest data is at time 3.888000, when looking up transform from frame [base_link] to frame [odom])
[amcl-7] [INFO] [1791001285.710466117] [amcl]: Setting pose (3.903000): -4.700 -2.800 1.302
[amcl-7] [INFO] [1791001285.711758909] [amcl]: initialPoseReceived
[amcl-7] [WARN] [1791001285.711831743] [amcl]: Failed to transform initial pose in time (Lookup would require extrapolation into the future.  Requested time 3.903000 but the latest data is at time 3.888000, when looking up transform from frame [base_link] to frame [odom])
[amcl-7] [INFO] [1791001285.711844472] [amcl]: Setting pose (3.903000): -4.700 -2.800 1.302
[planner_server-11] [INFO] [1791001287.712952513] [global_costmap.global_costmap]: Received request to clear entirely the global_costmap
[controller_server-9] [INFO] [1791001287.714845777] [local_costmap.local_costmap]: Received request to clear entirely the local_costmap
[planner_server-11] [WARN] [1791001288.595503441] [planner_server]: Planner loop missed its desired rate of 5.0000 Hz. Current loop rate is 2.6667 Hz
[smoother_server-10] [INFO] [1791001288.623686514] [smoother_server]: Received a path to smooth.
[smoother_server-10] [INFO] [1791001288.773881536] [smoother_server]: PSTMO: 8 corners, 8 G2, 0 pivots, 0 pass-through, 208 evaluations, 0.149940 s
[controller_server-9] [INFO] [1791001288.881416910] [controller_server]: Received a goal, begin computing control effort.
[parameter_bridge-3] [INFO] [1791001288.899938355] [ros_gz_bridge]: Passing message from ROS geometry_msgs/msg/Twist to Gazebo gz.msgs.Twist (showing msg only once per type)
[controller_server-9] [INFO] [1791001340.381759275] [controller_server]: Reached the goal!
[execution_trial-5] [INFO] [1791001342.513379508] [execution_trial]: Execution trial finished: method=pstmo, success=True, time=52.977s, output=/home/linh-pham/agv_nav2_research_ws_bao/docs/warehouse_cross_aisles_5_routes/execution/wide_diagonal_transfer/wide_diagonal_transfer_smachybrid_pstmo.json
[INFO] [execution_trial-5]: process has finished cleanly [pid 100486]
[INFO] [lifecycle_manager-19]: sending signal 'SIGINT' to process[lifecycle_manager-19]
[INFO] [opennav_docking-18]: sending signal 'SIGINT' to process[opennav_docking-18]
[INFO] [collision_monitor-17]: sending signal 'SIGINT' to process[collision_monitor-17]
[INFO] [velocity_smoother-16]: sending signal 'SIGINT' to process[velocity_smoother-16]
[INFO] [waypoint_follower-15]: sending signal 'SIGINT' to process[waypoint_follower-15]
[INFO] [bt_navigator-14]: sending signal 'SIGINT' to process[bt_navigator-14]
[INFO] [behavior_server-13]: sending signal 'SIGINT' to process[behavior_server-13]
[INFO] [route_server-12]: sending signal 'SIGINT' to process[route_server-12]
[INFO] [planner_server-11]: sending signal 'SIGINT' to process[planner_server-11]
[INFO] [smoother_server-10]: sending signal 'SIGINT' to process[smoother_server-10]
[INFO] [controller_server-9]: sending signal 'SIGINT' to process[controller_server-9]
[INFO] [lifecycle_manager-8]: sending signal 'SIGINT' to process[lifecycle_manager-8]
[INFO] [amcl-7]: sending signal 'SIGINT' to process[amcl-7]
[INFO] [map_server-6]: sending signal 'SIGINT' to process[map_server-6]
[INFO] [robot_state_publisher-4]: sending signal 'SIGINT' to process[robot_state_publisher-4]
[INFO] [parameter_bridge-3]: sending signal 'SIGINT' to process[parameter_bridge-3]
[INFO] [gazebo-1]: sending signal 'SIGINT' to process[gazebo-1]
[lifecycle_manager-19] [INFO] [1791001342.774325704] [rclcpp]: signal_handler(SIGINT/SIGTERM)
[lifecycle_manager-19] [INFO] [1791001342.774429080] [lifecycle_manager_navigation]: Running Nav2 LifecycleManager rcl preshutdown (lifecycle_manager_navigation)
[lifecycle_manager-19] [INFO] [1791001342.774455799] [lifecycle_manager_navigation]: [34m[1mTerminating bond timer...[0m[0m
[opennav_docking-18] [INFO] [1791001342.776593945] [rclcpp]: signal_handler(SIGINT/SIGTERM)
[opennav_docking-18] [INFO] [1791001342.776762328] [docking_server]: Running Nav2 LifecycleNode rcl preshutdown (docking_server)
[opennav_docking-18] [INFO] [1791001342.776825959] [docking_server]: Deactivating docking_server
[collision_monitor-17] [INFO] [1791001342.781134914] [rclcpp]: signal_handler(SIGINT/SIGTERM)
[collision_monitor-17] [INFO] [1791001342.781258776] [collision_monitor]: Running Nav2 LifecycleNode rcl preshutdown (collision_monitor)
[collision_monitor-17] [INFO] [1791001342.781316567] [collision_monitor]: Deactivating
[collision_monitor-17] [INFO] [1791001342.781332205] [collision_monitor]: Destroying bond (collision_monitor) to lifecycle manager.
[velocity_smoother-16] [INFO] [1791001342.785323206] [rclcpp]: signal_handler(SIGINT/SIGTERM)
[velocity_smoother-16] [INFO] [1791001342.785469225] [velocity_smoother]: Running Nav2 LifecycleNode rcl preshutdown (velocity_smoother)
[velocity_smoother-16] [INFO] [1791001342.785541587] [velocity_smoother]: Deactivating
[velocity_smoother-16] [INFO] [1791001342.785568624] [velocity_smoother]: Destroying bond (velocity_smoother) to lifecycle manager.
[waypoint_follower-15] [INFO] [1791001342.788577361] [rclcpp]: signal_handler(SIGINT/SIGTERM)
[waypoint_follower-15] [INFO] [1791001342.788795240] [waypoint_follower]: Running Nav2 LifecycleNode rcl preshutdown (waypoint_follower)
[waypoint_follower-15] [INFO] [1791001342.789123833] [waypoint_follower]: Deactivating
[waypoint_follower-15] [INFO] [1791001342.789199004] [waypoint_follower]: Destroying bond (waypoint_follower) to lifecycle manager.
[collision_monitor-17] [INFO] [1791001342.791760487] [collision_monitor]: Cleaning up
[collision_monitor-17] [INFO] [1791001342.791826774] [collision_monitor]: [FootprintApproach]: Destroying Polygon
[collision_monitor-17] [INFO] [1791001342.791844113] [collision_monitor]: [scan]: Destroying Scan
[bt_navigator-14] [INFO] [1791001342.792020963] [rclcpp]: signal_handler(SIGINT/SIGTERM)
[bt_navigator-14] [INFO] [1791001342.792175859] [bt_navigator]: Running Nav2 LifecycleNode rcl preshutdown (bt_navigator)
[bt_navigator-14] [INFO] [1791001342.792550127] [bt_navigator]: Deactivating
[bt_navigator-14] [INFO] [1791001342.792590413] [bt_navigator]: Destroying bond (bt_navigator) to lifecycle manager.
[opennav_docking-18] [INFO] [1791001342.792390697] [docking_server]: Destroying bond (docking_server) to lifecycle manager.
[behavior_server-13] [INFO] [1791001342.794739126] [rclcpp]: signal_handler(SIGINT/SIGTERM)
[behavior_server-13] [INFO] [1791001342.794829703] [behavior_server]: Running Nav2 LifecycleNode rcl preshutdown (behavior_server)
[behavior_server-13] [INFO] [1791001342.794885499] [behavior_server]: Deactivating
[behavior_server-13] [INFO] [1791001342.794912098] [behavior_server]: Destroying bond (behavior_server) to lifecycle manager.
[velocity_smoother-16] [INFO] [1791001342.796548011] [velocity_smoother]: Cleaning up
[velocity_smoother-16] [INFO] [1791001342.796589495] [velocity_smoother]: Destroying bond (velocity_smoother) to lifecycle manager.
[collision_monitor-17] [INFO] [1791001342.796752392] [collision_monitor]: Destroying bond (collision_monitor) to lifecycle manager.
[route_server-12] [INFO] [1791001342.797666337] [rclcpp]: signal_handler(SIGINT/SIGTERM)
[route_server-12] [INFO] [1791001342.797795349] [route_server]: Running Nav2 LifecycleNode rcl preshutdown (route_server)
[route_server-12] [INFO] [1791001342.798015640] [route_server]: Deactivating
[route_server-12] [INFO] [1791001342.798049618] [route_server]: Destroying bond (route_server) to lifecycle manager.
[waypoint_follower-15] [INFO] [1791001342.799713169] [waypoint_follower]: Cleaning up
[planner_server-11] [INFO] [1791001342.800291101] [rclcpp]: signal_handler(SIGINT/SIGTERM)
[planner_server-11] [INFO] [1791001342.800363108] [planner_server]: Running Nav2 LifecycleNode rcl preshutdown (planner_server)
[planner_server-11] [INFO] [1791001342.800413440] [planner_server]: Deactivating
[planner_server-11] [INFO] [1791001342.800438311] [global_costmap.global_costmap]: Deactivating
[smoother_server-10] [INFO] [1791001342.802926961] [rclcpp]: signal_handler(SIGINT/SIGTERM)
[smoother_server-10] [INFO] [1791001342.802998458] [smoother_server]: Running Nav2 LifecycleNode rcl preshutdown (smoother_server)
[smoother_server-10] [INFO] [1791001342.803066188] [smoother_server]: Deactivating
[smoother_server-10] [INFO] [1791001342.803098001] [smoother_server]: Deactivating smoother: constrained of type nav2_constrained_smoother::ConstrainedSmoother
[smoother_server-10] [INFO] [1791001342.803110572] [smoother_server]: Destroying bond (smoother_server) to lifecycle manager.
[bt_navigator-14] [INFO] [1791001342.803109043] [bt_navigator]: Cleaning up
[opennav_docking-18] [INFO] [1791001342.803320405] [docking_server]: Cleaning up docking_server
[behavior_server-13] [INFO] [1791001342.805494994] [behavior_server]: Cleaning up
[controller_server-9] [INFO] [1791001342.806155937] [rclcpp]: signal_handler(SIGINT/SIGTERM)
[controller_server-9] [INFO] [1791001342.806324690] [controller_server]: Running Nav2 LifecycleNode rcl preshutdown (controller_server)
[controller_server-9] [INFO] [1791001342.806402818] [controller_server]: Deactivating
[controller_server-9] [INFO] [1791001342.806458672] [controller_server]: Deactivating controller: FollowPath of type regulated_pure_pursuit_controller::RegulatedPurePursuitController
[controller_server-9] [INFO] [1791001342.806478918] [local_costmap.local_costmap]: Deactivating
[velocity_smoother-16] [INFO] [1791001342.807322208] [velocity_smoother]: Destroying
[lifecycle_manager-8] [INFO] [1791001342.808270764] [rclcpp]: signal_handler(SIGINT/SIGTERM)
[lifecycle_manager-8] [INFO] [1791001342.808380170] [lifecycle_manager_localization]: Running Nav2 LifecycleManager rcl preshutdown (lifecycle_manager_localization)
[lifecycle_manager-8] [INFO] [1791001342.808409686] [lifecycle_manager_localization]: [34m[1mTerminating bond timer...[0m[0m
[route_server-12] [INFO] [1791001342.809986223] [route_server]: Cleaning up
[amcl-7] [INFO] [1791001342.810428213] [rclcpp]: signal_handler(SIGINT/SIGTERM)
[amcl-7] [INFO] [1791001342.810582843] [amcl]: Running Nav2 LifecycleNode rcl preshutdown (amcl)
[amcl-7] [INFO] [1791001342.810677146] [amcl]: Deactivating
[amcl-7] [INFO] [1791001342.810697126] [amcl]: Destroying bond (amcl) to lifecycle manager.
[collision_monitor-17] [INFO] [1791001342.813236571] [collision_monitor]: Destroying
[map_server-6] [INFO] [1791001342.814942279] [rclcpp]: signal_handler(SIGINT/SIGTERM)
[map_server-6] [INFO] [1791001342.815048877] [map_server]: Running Nav2 LifecycleNode rcl preshutdown (map_server)
[map_server-6] [INFO] [1791001342.815103443] [map_server]: Deactivating
[map_server-6] [INFO] [1791001342.815116340] [map_server]: Destroying bond (map_server) to lifecycle manager.
[robot_state_publisher-4] [INFO] [1791001342.815960201] [rclcpp]: signal_handler(SIGINT/SIGTERM)
[smoother_server-10] [INFO] [1791001342.816139786] [smoother_server]: Cleaning up
[smoother_server-10] [INFO] [1791001342.816309142] [smoother_server]: Cleaning up smoother: constrained of type nav2_constrained_smoother::ConstrainedSmoother
[parameter_bridge-3] [INFO] [1791001342.817395451] [rclcpp]: signal_handler(SIGINT/SIGTERM)
[opennav_docking-18] [INFO] [1791001342.818208189] [docking_server]: Destroying bond (docking_server) to lifecycle manager.
[behavior_server-13] [INFO] [1791001342.821477564] [behavior_server]: Destroying bond (behavior_server) to lifecycle manager.
[amcl-7] [INFO] [1791001342.823780797] [amcl]: Cleaning up
[map_server-6] [INFO] [1791001342.828253720] [map_server]: Cleaning up
[map_server-6] [INFO] [1791001342.828316008] [map_server]: Destroying bond (map_server) to lifecycle manager.
[route_server-12] [INFO] [1791001342.832919967] [route_server]: Destroying bond (route_server) to lifecycle manager.
[opennav_docking-18] [INFO] [1791001342.833641802] [docking_server]: Destroying
[waypoint_follower-15] [INFO] [1791001342.838309352] [waypoint_follower]: Destroying bond (waypoint_follower) to lifecycle manager.
[amcl-7] [INFO] [1791001342.840698246] [amcl]: Destroying bond (amcl) to lifecycle manager.
[map_server-6] [INFO] [1791001342.844459127] [map_server]: Destroying
[waypoint_follower-15] [INFO] [1791001342.845992266] [waypoint_follower]: Destroying
[lifecycle_manager-8] [INFO] [1791001342.848748743] [lifecycle_manager_localization]: Destroying lifecycle_manager_localization
[smoother_server-10] [INFO] [1791001342.849391979] [smoother_server]: Destroying bond (smoother_server) to lifecycle manager.
[route_server-12] [INFO] [1791001342.855413658] [route_server]: Destroying
[amcl-7] [INFO] [1791001342.857015887] [amcl]: Destroying
[smoother_server-10] [INFO] [1791001342.857506636] [smoother_server]: Destroying
[behavior_server-13] [INFO] [1791001342.874338556] [behavior_server]: Destroying
[controller_server-9] [INFO] [1791001342.883278850] [controller_server]: Destroying bond (controller_server) to lifecycle manager.
[controller_server-9] [INFO] [1791001342.893516703] [controller_server]: Cleaning up
[controller_server-9] [INFO] [1791001342.893548247] [controller_server]: Cleaning up controller: FollowPath of type regulated_pure_pursuit_controller::RegulatedPurePursuitController
[controller_server-9] [INFO] [1791001342.893601572] [local_costmap.local_costmap]: Cleaning up
[bt_navigator-14] [INFO] [1791001342.896622999] [bt_navigator]: Completed Cleaning up
[bt_navigator-14] [INFO] [1791001342.896663346] [bt_navigator]: Destroying bond (bt_navigator) to lifecycle manager.
[controller_server-9] [INFO] [1791001342.901572774] [controller_server]: Destroying bond (controller_server) to lifecycle manager.
[bt_navigator-14] [INFO] [1791001342.901905952] [bt_navigator]: Destroying
[controller_server-9] [INFO] [1791001342.904686885] [local_costmap.local_costmap]: Destroying
[controller_server-9] [INFO] [1791001342.907754123] [controller_server]: Destroying
[lifecycle_manager-19] [INFO] [1791001342.928064568] [lifecycle_manager_navigation]: Destroying lifecycle_manager_navigation
[INFO] [collision_monitor-17]: process has finished cleanly [pid 100670]
[INFO] [parameter_bridge-3]: process has finished cleanly [pid 100484]
[INFO] [velocity_smoother-16]: process has finished cleanly [pid 100667]
[INFO] [robot_state_publisher-4]: process has finished cleanly [pid 100485]
[INFO] [map_server-6]: process has finished cleanly [pid 100657]
[INFO] [lifecycle_manager-8]: process has finished cleanly [pid 100659]
[INFO] [smoother_server-10]: process has finished cleanly [pid 100661]
[INFO] [opennav_docking-18]: process has finished cleanly [pid 100671]
[INFO] [waypoint_follower-15]: process has finished cleanly [pid 100666]
[INFO] [amcl-7]: process has finished cleanly [pid 100658]
[INFO] [route_server-12]: process has finished cleanly [pid 100663]
[INFO] [behavior_server-13]: process has finished cleanly [pid 100664]
[INFO] [bt_navigator-14]: process has finished cleanly [pid 100665]
[INFO] [controller_server-9]: process has finished cleanly [pid 100660]
[INFO] [lifecycle_manager-19]: process has finished cleanly [pid 100674]
[planner_server-11] [INFO] [1791001343.571100545] [planner_server]: Deactivating plugin Smac2D of type SmacPlanner2D
[planner_server-11] [INFO] [1791001343.571179100] [planner_server]: Deactivating plugin ThetaStar of type nav2_theta_star_planner
[planner_server-11] [INFO] [1791001343.571196202] [planner_server]: Deactivating plugin SmacHybrid of type SmacPlannerHybrid
[planner_server-11] [INFO] [1791001343.571211529] [planner_server]: Deactivating plugin NavFnDijkstra of type NavfnPlanner
[planner_server-11] [INFO] [1791001343.571224305] [planner_server]: Deactivating plugin NavFnAStar of type NavfnPlanner
[planner_server-11] [INFO] [1791001343.571245700] [planner_server]: Destroying bond (planner_server) to lifecycle manager.
[planner_server-11] [INFO] [1791001343.581509797] [planner_server]: Cleaning up
[planner_server-11] [INFO] [1791001343.592067397] [global_costmap.global_costmap]: Cleaning up
[planner_server-11] [INFO] [1791001343.596142994] [planner_server]: Cleaning up plugin Smac2D of type SmacPlanner2D
[planner_server-11] [INFO] [1791001343.596457748] [planner_server]: CleaningUp plugin ThetaStar of type nav2_theta_star_planner
[planner_server-11] [INFO] [1791001343.596500232] [planner_server]: Cleaning up plugin SmacHybrid of type SmacPlannerHybrid
[planner_server-11] [INFO] [1791001343.597778638] [planner_server]: Cleaning up plugin NavFnDijkstra of type NavfnPlanner
[planner_server-11] [INFO] [1791001343.598380006] [planner_server]: Cleaning up plugin NavFnAStar of type NavfnPlanner
[planner_server-11] [INFO] [1791001343.598451466] [planner_server]: Destroying plugin Smac2D of type SmacPlanner2D
[planner_server-11] [INFO] [1791001343.598471450] [planner_server]: Destroying plugin SmacHybrid of type SmacPlannerHybrid
[planner_server-11] [INFO] [1791001343.598490811] [planner_server]: Destroying plugin NavFnDijkstra of type NavfnPlanner
[planner_server-11] [INFO] [1791001343.598496742] [planner_server]: Destroying plugin NavFnAStar of type NavfnPlanner
[planner_server-11] [INFO] [1791001343.606595708] [planner_server]: Destroying bond (planner_server) to lifecycle manager.
[planner_server-11] [INFO] [1791001343.610345293] [global_costmap.global_costmap]: Destroying
[planner_server-11] [INFO] [1791001343.614842456] [planner_server]: Destroying
[INFO] [planner_server-11]: process has finished cleanly [pid 100662]
[ERROR] [gazebo-1]: process[gazebo-1] failed to terminate '5' seconds after receiving 'SIGINT', escalating to 'SIGTERM'
[INFO] [gazebo-1]: sending signal 'SIGTERM' to process[gazebo-1]
[ERROR] [gazebo-1]: process has died [pid 100481, exit code -15, cmd 'ruby /opt/ros/jazzy/opt/gz_tools_vendor/bin/gz sim -r -s -v 3 --initial-sim-time 0.0 /home/linh-pham/agv_nav2_research_ws_bao/install/vacuum_robot_gazebo/share/vacuum_robot_gazebo/worlds/warehouse_cross_aisles.sdf --force-version 8'].
