=== infrastructure attempt 1 ===
[INFO] [launch]: All log files can be found below /home/linh-pham/.ros/log/2026-10-03-11-00-05-689339-linh-pham-LOQ-15IAX9-67491
[INFO] [launch]: Default logging verbosity is set to INFO
[INFO] [gazebo-1]: process started with pid [67502]
[INFO] [create-2]: process started with pid [67503]
[INFO] [parameter_bridge-3]: process started with pid [67505]
[INFO] [robot_state_publisher-4]: process started with pid [67506]
[INFO] [execution_trial-5]: process started with pid [67507]
[robot_state_publisher-4] [INFO] [1791000006.441957787] [robot_state_publisher]: Robot initialized
[gazebo-1] [1;32m[Msg] [0m[1;32mGazebo Sim Server v[0m[1;32m8.15.0[0m[1;32m[0m
[gazebo-1] [1;32m[Msg] [0m[1;32mLoading SDF world file[[0m[1;32m/home/linh-pham/agv_nav2_research_ws_bao/install/vacuum_robot_gazebo/share/vacuum_robot_gazebo/worlds/warehouse_cross_aisles.sdf[0m[1;32m].[0m
[gazebo-1] [1;32m[Msg] [0m[1;32mServing entity system service on [[0m[1;32m/[0m[1;32mentity/system/add[0m[1;32m][0m[1;32m[0m
[gazebo-1] [1;32m[Msg] [0m[1;32mCreate[0m[1;32m service on [[0m[1;32m/world/warehouse_cross_aisles/create_multiple[0m[1;32m] (async)[0m[1;32m[0m
[gazebo-1] [1;32m[Msg] [0m[1;32mCreate[0m[1;32m service on [[0m[1;32m/world/warehouse_cross_aisles/create_multiple/blocking[0m[1;32m] (blocking)[0m[1;32m[0m
[gazebo-1] [1;32m[Msg] [0m[1;32mRemove[0m[1;32m service on [[0m[1;32m/world/warehouse_cross_aisles/remove[0m[1;32m] (async)[0m[1;32m[0m
[gazebo-1] [1;32m[Msg] [0m[1;32mRemove[0m[1;32m service on [[0m[1;32m/world/warehouse_cross_aisles/remove/blocking[0m[1;32m] (blocking)[0m[1;32m[0m
[gazebo-1] [1;32m[Msg] [0m[1;32mPose[0m[1;32m service on [[0m[1;32m/world/warehouse_cross_aisles/set_pose[0m[1;32m] (async)[0m[1;32m[0m
[gazebo-1] [1;32m[Msg] [0m[1;32mPose[0m[1;32m service on [[0m[1;32m/world/warehouse_cross_aisles/set_pose/blocking[0m[1;32m] (blocking)[0m[1;32m[0m
[gazebo-1] [1;32m[Msg] [0m[1;32mPose[0m[1;32m service on [[0m[1;32m/world/warehouse_cross_aisles/set_pose_vector[0m[1;32m] (async)[0m[1;32m[0m
[gazebo-1] [1;32m[Msg] [0m[1;32mPose[0m[1;32m service on [[0m[1;32m/world/warehouse_cross_aisles/set_pose_vector/blocking[0m[1;32m] (blocking)[0m[1;32m[0m
[gazebo-1] [1;32m[Msg] [0m[1;32mLight configuration[0m[1;32m service on [[0m[1;32m/world/warehouse_cross_aisles/light_config[0m[1;32m] (async)[0m[1;32m[0m
[gazebo-1] [1;32m[Msg] [0m[1;32mLight configuration[0m[1;32m service on [[0m[1;32m/world/warehouse_cross_aisles/light_config/blocking[0m[1;32m] (blocking)[0m[1;32m[0m
[gazebo-1] [1;32m[Msg] [0m[1;32mPhysics[0m[1;32m service on [[0m[1;32m/world/warehouse_cross_aisles/set_physics[0m[1;32m] (async)[0m[1;32m[0m
[gazebo-1] [1;32m[Msg] [0m[1;32mPhysics[0m[1;32m service on [[0m[1;32m/world/warehouse_cross_aisles/set_physics/blocking[0m[1;32m] (blocking)[0m[1;32m[0m
[gazebo-1] [1;32m[Msg] [0m[1;32mSphericalCoordinates[0m[1;32m service on [[0m[1;32m/world/warehouse_cross_aisles/set_spherical_coordinates[0m[1;32m] (async)[0m[1;32m[0m
[gazebo-1] [1;32m[Msg] [0m[1;32mSphericalCoordinates[0m[1;32m service on [[0m[1;32m/world/warehouse_cross_aisles/set_spherical_coordinates/blocking[0m[1;32m] (blocking)[0m[1;32m[0m
[gazebo-1] [1;32m[Msg] [0m[1;32mEnable collision[0m[1;32m service on [[0m[1;32m/world/warehouse_cross_aisles/enable_collision[0m[1;32m] (async)[0m[1;32m[0m
[gazebo-1] [1;32m[Msg] [0m[1;32mEnable collision[0m[1;32m service on [[0m[1;32m/world/warehouse_cross_aisles/enable_collision/blocking[0m[1;32m] (blocking)[0m[1;32m[0m
[gazebo-1] [1;32m[Msg] [0m[1;32mDisable collision[0m[1;32m service on [[0m[1;32m/world/warehouse_cross_aisles/disable_collision[0m[1;32m] (async)[0m[1;32m[0m
[gazebo-1] [1;32m[Msg] [0m[1;32mDisable collision[0m[1;32m service on [[0m[1;32m/world/warehouse_cross_aisles/disable_collision/blocking[0m[1;32m] (blocking)[0m[1;32m[0m
[gazebo-1] [1;32m[Msg] [0m[1;32mMaterial[0m[1;32m service on [[0m[1;32m/world/warehouse_cross_aisles/visual_config[0m[1;32m] (async)[0m[1;32m[0m
[gazebo-1] [1;32m[Msg] [0m[1;32mMaterial[0m[1;32m service on [[0m[1;32m/world/warehouse_cross_aisles/visual_config/blocking[0m[1;32m] (blocking)[0m[1;32m[0m
[gazebo-1] [1;32m[Msg] [0m[1;32mMaterial[0m[1;32m service on [[0m[1;32m/world/warehouse_cross_aisles/wheel_slip[0m[1;32m] (async)[0m[1;32m[0m
[gazebo-1] [1;32m[Msg] [0m[1;32mMaterial[0m[1;32m service on [[0m[1;32m/world/warehouse_cross_aisles/wheel_slip/blocking[0m[1;32m] (blocking)[0m[1;32m[0m
[gazebo-1] [1;32m[Msg] [0m[1;32mLoaded level [[0m[1;32mdefault[0m[1;32m][0m[1;32m[0m
[create-2] [INFO] [1791000007.109198851] [spawn_vacuum_robot]: Entity creation successful.
[INFO] [create-2]: process has finished cleanly [pid 67503]
[parameter_bridge-3] [INFO] [1791000007.501908089] [ros_gz_bridge]: Creating GZ->ROS Bridge: [/clock (gz.msgs.Clock) -> /clock (rosgraph_msgs/msg/Clock)] (Lazy 0)
[parameter_bridge-3] [INFO] [1791000007.505195312] [ros_gz_bridge]: Creating GZ->ROS Bridge: [/joint_states (gz.msgs.Model) -> /joint_states (sensor_msgs/msg/JointState)] (Lazy 0)
[parameter_bridge-3] [INFO] [1791000007.511706207] [ros_gz_bridge]: Creating GZ->ROS Bridge: [/odom (gz.msgs.Odometry) -> /odom (nav_msgs/msg/Odometry)] (Lazy 0)
[parameter_bridge-3] [INFO] [1791000007.517353584] [ros_gz_bridge]: Creating GZ->ROS Bridge: [/tf (gz.msgs.Pose_V) -> /tf (tf2_msgs/msg/TFMessage)] (Lazy 0)
[parameter_bridge-3] [INFO] [1791000007.522227345] [ros_gz_bridge]: Creating GZ->ROS Bridge: [/scan (gz.msgs.LaserScan) -> /scan (sensor_msgs/msg/LaserScan)] (Lazy 0)
[parameter_bridge-3] [INFO] [1791000007.524295995] [ros_gz_bridge]: Creating GZ->ROS Bridge: [/imu/data (gz.msgs.IMU) -> /imu/data (sensor_msgs/msg/Imu)] (Lazy 0)
[parameter_bridge-3] [INFO] [1791000007.525302893] [ros_gz_bridge]: Creating ROS->GZ Bridge: [/cmd_vel (geometry_msgs/msg/Twist) -> /cmd_vel (gz.msgs.Twist)] (Lazy 0)
[parameter_bridge-3] [INFO] [1791000007.527374788] [ros_gz_bridge]: Creating GZ->ROS Bridge: [/ground_truth/odom (gz.msgs.Odometry) -> /ground_truth/odom (nav_msgs/msg/Odometry)] (Lazy 0)
[gazebo-1] [1;32m[Msg] [0m[1;32mServing world controls on [[0m[1;32m/world/warehouse_cross_aisles[0m[1;32m/control], [[0m[1;32m/world/warehouse_cross_aisles[0m[1;32m/control/state] and [[0m[1;32m/world/warehouse_cross_aisles[0m[1;32m/playback/control][0m[1;32m[0m
[gazebo-1] [1;32m[Msg] [0m[1;32mServing GUI information on [[0m[1;32m/world/warehouse_cross_aisles[0m[1;32m/[0m[1;32mgui/info[0m[1;32m][0m[1;32m[0m
[gazebo-1] [1;32m[Msg] [0m[1;32mWorld [[0m[1;32mwarehouse_cross_aisles[0m[1;32m] initialized with [[0m[1;32mresearch_physics[0m[1;32m] physics profile.[0m[1;32m[0m
[gazebo-1] [1;32m[Msg] [0m[1;32mServing world SDF generation service on [[0m[1;32m/world/warehouse_cross_aisles[0m[1;32m/[0m[1;32mgenerate_world_sdf[0m[1;32m][0m[1;32m[0m
[gazebo-1] [1;32m[Msg] [0m[1;32mServing world names on [[0m[1;32m/gazebo/worlds[0m[1;32m][0m[1;32m[0m
[gazebo-1] [1;32m[Msg] [0m[1;32mResource path add service on [[0m[1;32m/gazebo/resource_paths/add[0m[1;32m].[0m[1;32m[0m
[gazebo-1] [1;32m[Msg] [0m[1;32mResource path get service on [[0m[1;32m/gazebo/resource_paths/get[0m[1;32m].[0m[1;32m[0m
[gazebo-1] [1;32m[Msg] [0m[1;32mResource path resolve service on [[0m[1;32m/gazebo/resource_paths/resolve[0m[1;32m].[0m[1;32m[0m
[gazebo-1] [1;32m[Msg] [0m[1;32mResource paths published on [[0m[1;32m/gazebo/resource_paths[0m[1;32m].[0m[1;32m[0m
[gazebo-1] [1;32m[Msg] [0m[1;32mServer control service on [[0m[1;32m/server_control[0m[1;32m].[0m[1;32m[0m
[gazebo-1] [1;32m[Msg] [0m[1;32mFound no publishers on /stats, adding root stats topic[0m[1;32m[0m
[gazebo-1] [1;32m[Msg] [0m[1;32mFound no publishers on /clock, adding root clock topic[0m[1;32m[0m
[gazebo-1] [1;33mWarning [Utils.cc:132][0m [/sdf/model[@name="vacuum_robot"]/link[@name="base_link"]/sensor[@name="rplidar_a1m8"]/gz_frame_id:/home/linh-pham/agv_nav2_research_ws_bao/install/vacuum_robot_gazebo/share/vacuum_robot_gazebo/models/vacuum_robot/model.sdf:L107]: XML Element[gz_frame_id], child of element[sensor], not defined in SDF. Copying[gz_frame_id] as children of [sensor].
[gazebo-1] [1;33mWarning [Utils.cc:132][0m [/sdf/model[@name="vacuum_robot"]/link[@name="base_link"]/sensor[@name="bno055_imu"]/gz_frame_id:/home/linh-pham/agv_nav2_research_ws_bao/install/vacuum_robot_gazebo/share/vacuum_robot_gazebo/models/vacuum_robot/model.sdf:L128]: XML Element[gz_frame_id], child of element[sensor], not defined in SDF. Copying[gz_frame_id] as children of [sensor].
[gazebo-1] libEGL warning: pci id for fd 64: 10de:25ec, driver (null)
[gazebo-1] 
[gazebo-1] pci id for fd 65: 10de:25ec, driver (null)
[gazebo-1] pci id for fd 66: 10de:25ec, driver (null)
[gazebo-1] libEGL warning: egl: failed to create dri2 screen
[gazebo-1] libEGL warning: pci id for fd 64: 10de:25ec, driver (null)
[gazebo-1] 
[gazebo-1] pci id for fd 65: 10de:25ec, driver (null)
[gazebo-1] pci id for fd 66: 10de:25ec, driver (null)
[gazebo-1] libEGL warning: egl: failed to create dri2 screen
[gazebo-1] libEGL warning: pci id for fd 64: 10de:25ec, driver (null)
[gazebo-1] 
[INFO] [map_server-6]: process started with pid [67678]
[INFO] [amcl-7]: process started with pid [67679]
[INFO] [lifecycle_manager-8]: process started with pid [67682]
[INFO] [controller_server-9]: process started with pid [67683]
[INFO] [smoother_server-10]: process started with pid [67684]
[INFO] [planner_server-11]: process started with pid [67685]
[INFO] [route_server-12]: process started with pid [67686]
[INFO] [behavior_server-13]: process started with pid [67687]
[INFO] [bt_navigator-14]: process started with pid [67688]
[INFO] [waypoint_follower-15]: process started with pid [67689]
[INFO] [velocity_smoother-16]: process started with pid [67690]
[INFO] [collision_monitor-17]: process started with pid [67691]
[INFO] [opennav_docking-18]: process started with pid [67692]
[INFO] [lifecycle_manager-19]: process started with pid [67695]
[behavior_server-13] [INFO] [1791000009.909754026] [behavior_server]: 
[behavior_server-13] 	behavior_server lifecycle node launched. 
[behavior_server-13] 	Waiting on external lifecycle transitions to activate
[behavior_server-13] 	See https://design.ros2.org/articles/node_lifecycle.html for more information.
[amcl-7] [INFO] [1791000009.916857743] [amcl]: 
[amcl-7] 	amcl lifecycle node launched. 
[amcl-7] 	Waiting on external lifecycle transitions to activate
[amcl-7] 	See https://design.ros2.org/articles/node_lifecycle.html for more information.
[amcl-7] [INFO] [1791000009.917854985] [amcl]: Creating
[map_server-6] [INFO] [1791000009.942985226] [map_server]: 
[map_server-6] 	map_server lifecycle node launched. 
[map_server-6] 	Waiting on external lifecycle transitions to activate
[map_server-6] 	See https://design.ros2.org/articles/node_lifecycle.html for more information.
[map_server-6] [INFO] [1791000009.945285310] [map_server]: Creating
[smoother_server-10] [INFO] [1791000010.099954993] [smoother_server]: 
[smoother_server-10] 	smoother_server lifecycle node launched. 
[smoother_server-10] 	Waiting on external lifecycle transitions to activate
[smoother_server-10] 	See https://design.ros2.org/articles/node_lifecycle.html for more information.
[smoother_server-10] [INFO] [1791000010.101435745] [smoother_server]: Creating smoother server
[velocity_smoother-16] [INFO] [1791000010.161223986] [velocity_smoother]: 
[velocity_smoother-16] 	velocity_smoother lifecycle node launched. 
[velocity_smoother-16] 	Waiting on external lifecycle transitions to activate
[velocity_smoother-16] 	See https://design.ros2.org/articles/node_lifecycle.html for more information.
[lifecycle_manager-19] [INFO] [1791000010.177641542] [lifecycle_manager_navigation]: Creating
[lifecycle_manager-19] [INFO] [1791000010.208205714] [lifecycle_manager_navigation]: [34m[1mCreating and initializing lifecycle service clients[0m[0m
[opennav_docking-18] [INFO] [1791000010.220816740] [docking_server]: 
[opennav_docking-18] 	docking_server lifecycle node launched. 
[opennav_docking-18] 	Waiting on external lifecycle transitions to activate
[opennav_docking-18] 	See https://design.ros2.org/articles/node_lifecycle.html for more information.
[opennav_docking-18] [INFO] [1791000010.220998939] [docking_server]: Creating docking_server
[planner_server-11] [INFO] [1791000010.231559982] [planner_server]: 
[planner_server-11] 	planner_server lifecycle node launched. 
[planner_server-11] 	Waiting on external lifecycle transitions to activate
[planner_server-11] 	See https://design.ros2.org/articles/node_lifecycle.html for more information.
[lifecycle_manager-8] [INFO] [1791000010.241094240] [lifecycle_manager_localization]: Creating
[planner_server-11] [INFO] [1791000010.247524950] [planner_server]: Creating
[lifecycle_manager-8] [INFO] [1791000010.277258744] [lifecycle_manager_localization]: [34m[1mCreating and initializing lifecycle service clients[0m[0m
[waypoint_follower-15] [INFO] [1791000010.323266369] [waypoint_follower]: 
[waypoint_follower-15] 	waypoint_follower lifecycle node launched. 
[waypoint_follower-15] 	Waiting on external lifecycle transitions to activate
[waypoint_follower-15] 	See https://design.ros2.org/articles/node_lifecycle.html for more information.
[waypoint_follower-15] [INFO] [1791000010.325750230] [waypoint_follower]: Creating
[collision_monitor-17] [INFO] [1791000010.331790108] [collision_monitor]: 
[collision_monitor-17] 	collision_monitor lifecycle node launched. 
[collision_monitor-17] 	Waiting on external lifecycle transitions to activate
[collision_monitor-17] 	See https://design.ros2.org/articles/node_lifecycle.html for more information.
[lifecycle_manager-8] [INFO] [1791000010.335008138] [lifecycle_manager_localization]: [34m[1mStarting managed nodes bringup...[0m[0m
[lifecycle_manager-8] [INFO] [1791000010.335068861] [lifecycle_manager_localization]: [34m[1mConfiguring map_server[0m[0m
[bt_navigator-14] [INFO] [1791000010.338532836] [bt_navigator]: 
[bt_navigator-14] 	bt_navigator lifecycle node launched. 
[bt_navigator-14] 	Waiting on external lifecycle transitions to activate
[bt_navigator-14] 	See https://design.ros2.org/articles/node_lifecycle.html for more information.
[bt_navigator-14] [INFO] [1791000010.340398279] [bt_navigator]: Creating
[planner_server-11] [INFO] [1791000010.350685192] [global_costmap.global_costmap]: 
[planner_server-11] 	global_costmap lifecycle node launched. 
[planner_server-11] 	Waiting on external lifecycle transitions to activate
[planner_server-11] 	See https://design.ros2.org/articles/node_lifecycle.html for more information.
[planner_server-11] [INFO] [1791000010.351134942] [global_costmap.global_costmap]: Creating Costmap
[controller_server-9] [INFO] [1791000010.393938871] [controller_server]: 
[controller_server-9] 	controller_server lifecycle node launched. 
[controller_server-9] 	Waiting on external lifecycle transitions to activate
[controller_server-9] 	See https://design.ros2.org/articles/node_lifecycle.html for more information.
[controller_server-9] [INFO] [1791000010.397624556] [controller_server]: Creating controller server
[route_server-12] [INFO] [1791000010.413489220] [route_server]: 
[route_server-12] 	route_server lifecycle node launched. 
[route_server-12] 	Waiting on external lifecycle transitions to activate
[route_server-12] 	See https://design.ros2.org/articles/node_lifecycle.html for more information.
[controller_server-9] [INFO] [1791000010.483322000] [local_costmap.local_costmap]: 
[controller_server-9] 	local_costmap lifecycle node launched. 
[controller_server-9] 	Waiting on external lifecycle transitions to activate
[controller_server-9] 	See https://design.ros2.org/articles/node_lifecycle.html for more information.
[controller_server-9] [INFO] [1791000010.483941128] [local_costmap.local_costmap]: Creating Costmap
[lifecycle_manager-19] [INFO] [1791000010.485448804] [lifecycle_manager_navigation]: [34m[1mStarting managed nodes bringup...[0m[0m
[lifecycle_manager-19] [INFO] [1791000010.485491211] [lifecycle_manager_navigation]: [34m[1mConfiguring controller_server[0m[0m
[controller_server-9] [INFO] [1791000010.486079717] [controller_server]: Configuring controller interface
[controller_server-9] [INFO] [1791000010.486107342] [controller_server]: getting progress checker plugins..
[controller_server-9] [INFO] [1791000010.486353663] [controller_server]: getting goal checker plugins..
[controller_server-9] [INFO] [1791000010.486481872] [controller_server]: Controller frequency set to 20.0000Hz
[controller_server-9] [INFO] [1791000010.486514196] [local_costmap.local_costmap]: Configuring
[controller_server-9] [INFO] [1791000010.509572003] [local_costmap.local_costmap]: Using plugin "voxel_layer"
[controller_server-9] [INFO] [1791000010.518239858] [local_costmap.local_costmap]: Subscribed to Topics: scan
[controller_server-9] [INFO] [1791000010.558872834] [local_costmap.local_costmap]: Initialized plugin "voxel_layer"
[controller_server-9] [INFO] [1791000010.558918997] [local_costmap.local_costmap]: Using plugin "inflation_layer"
[controller_server-9] [INFO] [1791000010.561183585] [local_costmap.local_costmap]: Initialized plugin "inflation_layer"
[map_server-6] [INFO] [1791000010.601796637] [map_server]: Configuring
[map_server-6] [INFO] [1791000010.602551165] [map_io]: Loading yaml file: /home/linh-pham/agv_nav2_research_ws_bao/install/vacuum_robot_gazebo/share/vacuum_robot_gazebo/maps/warehouse_cross_aisles.yaml
[map_server-6] [INFO] [1791000010.603149049] [map_io]: resolution: 0.05
[map_server-6] [INFO] [1791000010.603168118] [map_io]: origin[0]: -6
[map_server-6] [INFO] [1791000010.603172890] [map_io]: origin[1]: -4
[map_server-6] [INFO] [1791000010.603176937] [map_io]: origin[2]: 0
[map_server-6] [INFO] [1791000010.603180667] [map_io]: free_thresh: 0.25
[map_server-6] [INFO] [1791000010.603183969] [map_io]: occupied_thresh: 0.65
[map_server-6] [INFO] [1791000010.603188853] [map_io]: mode: trinary
[map_server-6] [INFO] [1791000010.603192649] [map_io]: negate: 0
[map_server-6] [INFO] [1791000010.605057509] [map_io]: Loading image_file: /home/linh-pham/agv_nav2_research_ws_bao/install/vacuum_robot_gazebo/share/vacuum_robot_gazebo/maps/warehouse_cross_aisles.pgm
[map_server-6] [INFO] [1791000010.606127027] [map_io]: Read map /home/linh-pham/agv_nav2_research_ws_bao/install/vacuum_robot_gazebo/share/vacuum_robot_gazebo/maps/warehouse_cross_aisles.pgm: 240 X 160 map @ 0.05 m/cell
[controller_server-9] [INFO] [1791000010.640375177] [controller_server]: Created progress_checker : progress_checker of type nav2_controller::PoseProgressChecker
[controller_server-9] [INFO] [1791000010.640826731] [controller_server]: Controller Server has progress_checker  progress checkers available.
[controller_server-9] [INFO] [1791000010.641865332] [controller_server]: Created goal checker : general_goal_checker of type nav2_controller::SimpleGoalChecker
[controller_server-9] [INFO] [1791000010.644778227] [controller_server]: Controller Server has general_goal_checker  goal checkers available.
[controller_server-9] [INFO] [1791000010.646671840] [controller_server]: Created controller : FollowPath of type nav2_regulated_pure_pursuit_controller::RegulatedPurePursuitController
[controller_server-9] [INFO] [1791000010.661351361] [controller_server]: Controller Server has FollowPath  controllers available.
[lifecycle_manager-19] [INFO] [1791000010.695760668] [lifecycle_manager_navigation]: [34m[1mConfiguring smoother_server[0m[0m
[smoother_server-10] [INFO] [1791000010.696349535] [smoother_server]: Configuring smoother server
[map_server-6] [WARN] [1791000010.725479006] [map_server.rclcpp]: failed to send response to /map_server/change_state (timeout): client will not receive response, at ./src/rmw_response.cpp:153, at ./src/rcl/service.c:400
[smoother_server-10] [INFO] [1791000010.737499107] [smoother_server]: Created smoother : simple_smoother of type nav2_smoother::SimpleSmoother
[smoother_server-10] [INFO] [1791000010.744101232] [smoother_server]: Created smoother : savitzky_golay of type nav2_smoother::SavitzkyGolaySmoother
[smoother_server-10] [INFO] [1791000010.755161145] [smoother_server]: Created smoother : constrained of type nav2_constrained_smoother/ConstrainedSmoother
[smoother_server-10] [INFO] [1791000010.761519706] [smoother_server]: Created smoother : pstmo of type adaptive_pivot_g2_nav2/AdaptivePivotG2Smoother
[smoother_server-10] [INFO] [1791000010.766968311] [smoother_server]: Configured PSTMO smoother 'pstmo' with hierarchical_alpha_two_trim search and condition_only preprocessing
[smoother_server-10] [INFO] [1791000010.767182017] [smoother_server]: Created smoother : adaptive_hybrid of type adaptive_pivot_g2_nav2/SafetyGatedHybridSmoother
[smoother_server-10] [INFO] [1791000010.781301275] [smoother_server]: Configured PSTMO smoother 'adaptive_hybrid.pivot' with legacy_joint_d_q search and condition_only preprocessing
[smoother_server-10] [INFO] [1791000010.784881168] [smoother_server]: Configured safety-gated hybrid smoother as 'adaptive_hybrid'
[smoother_server-10] [INFO] [1791000010.784928808] [smoother_server]: Smoother Server has simple_smoother savitzky_golay constrained pstmo adaptive_hybrid  smoothers available.
[lifecycle_manager-19] [INFO] [1791000010.816941425] [lifecycle_manager_navigation]: [34m[1mConfiguring planner_server[0m[0m
[planner_server-11] [INFO] [1791000010.817854648] [planner_server]: Configuring
[planner_server-11] [INFO] [1791000010.819404043] [global_costmap.global_costmap]: Configuring
[planner_server-11] [INFO] [1791000010.867406964] [global_costmap.global_costmap]: Using plugin "static_layer"
[planner_server-11] [INFO] [1791000010.882364449] [global_costmap.global_costmap]: Subscribing to the map topic (/map) with transient local durability
[planner_server-11] [INFO] [1791000010.892306223] [global_costmap.global_costmap]: Initialized plugin "static_layer"
[planner_server-11] [INFO] [1791000010.892369581] [global_costmap.global_costmap]: Using plugin "inflation_layer"
[planner_server-11] [INFO] [1791000010.892882205] [global_costmap.global_costmap]: Initialized plugin "inflation_layer"
[planner_server-11] [INFO] [1791000011.018793313] [planner_server]: Created global planner plugin NavFnAStar of type nav2_navfn_planner::NavfnPlanner
[planner_server-11] [INFO] [1791000011.018852195] [planner_server]: Configuring plugin NavFnAStar of type NavfnPlanner
[planner_server-11] [INFO] [1791000011.024419763] [planner_server]: Created global planner plugin NavFnDijkstra of type nav2_navfn_planner::NavfnPlanner
[planner_server-11] [INFO] [1791000011.024473344] [planner_server]: Configuring plugin NavFnDijkstra of type NavfnPlanner
[planner_server-11] [INFO] [1791000011.025699511] [planner_server]: Created global planner plugin ThetaStar of type nav2_theta_star_planner::ThetaStarPlanner
[planner_server-11] [INFO] [1791000011.042448845] [planner_server]: Created global planner plugin Smac2D of type nav2_smac_planner::SmacPlanner2D
[planner_server-11] [INFO] [1791000011.042513028] [planner_server]: Configuring Smac2D of type SmacPlanner2D
[planner_server-11] [ERROR] [1791000011.046695547] [planner_server]: Inflation layer either not found or inflation is not set sufficiently for optimized non-circular collision checking capabilities. It is HIGHLY recommended to set the inflation radius to be at MINIMUM half of the robot's largest cross-section. See github.com/ros-planning/navigation2/tree/main/nav2_smac_planner#potential-fields for full instructions. This will substantially impact run-time performance.
[planner_server-11] [INFO] [1791000011.052497257] [planner_server]: Configured plugin Smac2D of type SmacPlanner2D with tolerance 0.10, maximum iterations 1000000, max on approach iterations 1000, and not allowing unknown traversal.
[planner_server-11] [INFO] [1791000011.055006911] [planner_server]: Created global planner plugin SmacHybrid of type nav2_smac_planner::SmacPlannerHybrid
[planner_server-11] [INFO] [1791000011.055077363] [planner_server]: Configuring SmacHybrid of type SmacPlannerHybrid
[planner_server-11] [INFO] [1791000011.061712170] [planner_server]: Even sized heuristic lookup table size set 160.000000, increasing size by 1 to make odd
[planner_server-11] [INFO] [1791000011.374978088] [planner_server]: Configured plugin SmacHybrid of type SmacPlannerHybrid with maximum iterations 1000000, max on approach iterations 1000, and not allowing unknown traversal. Tolerance 0.10.Using motion model: Dubin.
[planner_server-11] [INFO] [1791000011.375042075] [planner_server]: Planner Server has NavFnAStar NavFnDijkstra ThetaStar Smac2D SmacHybrid  planners available.
[lifecycle_manager-19] [INFO] [1791000011.401092532] [lifecycle_manager_navigation]: [34m[1mConfiguring route_server[0m[0m
[route_server-12] [INFO] [1791000011.402100656] [route_server]: Configuring
[route_server-12] [INFO] [1791000011.537935279] [route_server]: Created GraphFileLoader GeoJsonGraphFileLoader of type nav2_route::GeoJsonGraphFileLoader
[route_server-12] [INFO] [1791000011.537982945] [route_server]: Configuring geojson graph file loader
[route_server-12] [INFO] [1791000011.537992764] [route_server]: No graph file provided to load yet.
[route_server-12] [INFO] [1791000011.543882450] [route_server]: Created edge cost function plugin DistanceScorer of type nav2_route::DistanceScorer
[route_server-12] [INFO] [1791000011.543936697] [route_server]: Configuring distance scorer.
[route_server-12] [INFO] [1791000011.544183105] [route_server]: Created edge cost function plugin CostmapScorer of type nav2_route::CostmapScorer
[route_server-12] [INFO] [1791000011.544197260] [route_server]: Configuring costmap scorer.
[route_server-12] [INFO] [1791000011.550251023] [route_server]: Created route operation ReroutingService of type nav2_route::ReroutingService
[route_server-12] [INFO] [1791000011.550313131] [route_server]: Configuring Rerouting service operation.
[route_server-12] [INFO] [1791000011.559234512] [route_server]: Created route operation CollisionMonitor of type nav2_route::CollisionMonitor
[route_server-12] [INFO] [1791000011.560740658] [route_server]: Using costmap topic: local_costmap/costmap_raw instead of server costmap topic: global_costmap/costmap_raw for CollisionMonitor.
[lifecycle_manager-19] [INFO] [1791000011.588109150] [lifecycle_manager_navigation]: [34m[1mConfiguring behavior_server[0m[0m
[behavior_server-13] [INFO] [1791000011.588981196] [behavior_server]: Configuring
[behavior_server-13] [INFO] [1791000011.610915362] [behavior_server]: Creating behavior plugin spin of type nav2_behaviors::Spin
[behavior_server-13] [INFO] [1791000011.613411738] [behavior_server]: Creating behavior plugin backup of type nav2_behaviors::BackUp
[behavior_server-13] [INFO] [1791000011.614627317] [behavior_server]: Creating behavior plugin drive_on_heading of type nav2_behaviors::DriveOnHeading
[behavior_server-13] [INFO] [1791000011.623072191] [behavior_server]: Creating behavior plugin assisted_teleop of type nav2_behaviors::AssistedTeleop
[behavior_server-13] [INFO] [1791000011.629434065] [behavior_server]: Creating behavior plugin wait of type nav2_behaviors::Wait
[behavior_server-13] [INFO] [1791000011.650181199] [behavior_server]: Configuring spin
[behavior_server-13] [INFO] [1791000011.692315558] [behavior_server]: Configuring backup
[behavior_server-13] [INFO] [1791000011.720892022] [behavior_server]: Configuring drive_on_heading
[behavior_server-13] [INFO] [1791000011.765148948] [behavior_server]: Configuring assisted_teleop
[behavior_server-13] [INFO] [1791000011.799016687] [behavior_server]: Configuring wait
[lifecycle_manager-19] [INFO] [1791000011.825643244] [lifecycle_manager_navigation]: [34m[1mConfiguring velocity_smoother[0m[0m
[velocity_smoother-16] [INFO] [1791000011.826759190] [velocity_smoother]: Configuring velocity smoother
[lifecycle_manager-19] [INFO] [1791000011.848088655] [lifecycle_manager_navigation]: [34m[1mConfiguring collision_monitor[0m[0m
[collision_monitor-17] [INFO] [1791000011.849286218] [collision_monitor]: Configuring
[collision_monitor-17] [INFO] [1791000011.879654262] [collision_monitor]: [scan]: Creating Scan
[collision_monitor-17] [INFO] [1791000011.890451734] [collision_monitor]: [FootprintApproach]: Creating Polygon
[collision_monitor-17] [INFO] [1791000011.892078942] [collision_monitor]: [FootprintApproach]: Polygon points are not defined. Using dynamic subscription instead.
[collision_monitor-17] [INFO] [1791000011.899354578] [collision_monitor]: [FootprintApproach]: Making footprint subscriber on /local_costmap/published_footprint topic
[lifecycle_manager-19] [INFO] [1791000011.948087903] [lifecycle_manager_navigation]: [34m[1mConfiguring bt_navigator[0m[0m
[bt_navigator-14] [INFO] [1791000011.948544225] [bt_navigator]: Configuring
[bt_navigator-14] [INFO] [1791000011.981412146] [bt_navigator]: Creating navigator id navigate_to_pose of type nav2_bt_navigator::NavigateToPoseNavigator
[bt_navigator-14] [INFO] [1791000012.126882381] [bt_navigator]: Creating navigator id navigate_through_poses of type nav2_bt_navigator::NavigateThroughPosesNavigator
[lifecycle_manager-19] [INFO] [1791000012.182974966] [lifecycle_manager_navigation]: [34m[1mConfiguring waypoint_follower[0m[0m
[waypoint_follower-15] [INFO] [1791000012.183699209] [waypoint_follower]: Configuring
[waypoint_follower-15] [INFO] [1791000012.266348911] [waypoint_follower]: Created waypoint_task_executor : wait_at_waypoint of type nav2_waypoint_follower::WaitAtWaypoint
[lifecycle_manager-19] [INFO] [1791000012.273886012] [lifecycle_manager_navigation]: [34m[1mConfiguring docking_server[0m[0m
[opennav_docking-18] [INFO] [1791000012.274452258] [docking_server]: Configuring docking_server
[opennav_docking-18] [INFO] [1791000012.274514531] [docking_server]: Controller frequency set to 50.0000Hz
[opennav_docking-18] [INFO] [1791000012.365447156] [docking_server]: Created charging dock plugin simple_charging_dock of type opennav_docking::SimpleChargingDock
[opennav_docking-18] [WARN] [1791000012.381858067] [docking_server]: Dock database filepath nor dock parameters set. Docking actions can only be executed specifying the dock pose via the action request. Or update the dock database via the reload_database service.
[opennav_docking-18] [INFO] [1791000012.381911645] [docking_server]: Docking Server has 1 dock types and 0 dock instances available.
[lifecycle_manager-19] [INFO] [1791000012.392972010] [lifecycle_manager_navigation]: [34m[1mActivating controller_server[0m[0m
[controller_server-9] [INFO] [1791000012.399201750] [controller_server]: Activating
[controller_server-9] [INFO] [1791000012.399254989] [local_costmap.local_costmap]: Activating
[controller_server-9] [INFO] [1791000012.399264223] [local_costmap.local_costmap]: Checking transform
[controller_server-9] [INFO] [1791000012.399420164] [local_costmap.local_costmap]: start
[controller_server-9] [INFO] [1791000012.605573757] [controller_server]: Activating controller: FollowPath of type regulated_pure_pursuit_controller::RegulatedPurePursuitController
[controller_server-9] [INFO] [1791000012.605655703] [controller_server]: Creating bond (controller_server) to lifecycle manager.
[lifecycle_manager-19] [INFO] [1791000012.718145159] [lifecycle_manager_navigation]: Server controller_server connected with bond.
[lifecycle_manager-19] [INFO] [1791000012.718208651] [lifecycle_manager_navigation]: [34m[1mActivating smoother_server[0m[0m
[smoother_server-10] [INFO] [1791000012.720671154] [smoother_server]: Activating
[smoother_server-10] [INFO] [1791000012.720752874] [smoother_server]: Activating smoother: constrained of type nav2_constrained_smoother::ConstrainedSmoother
[smoother_server-10] [INFO] [1791000012.720773693] [smoother_server]: Creating bond (smoother_server) to lifecycle manager.
[lifecycle_manager-19] [INFO] [1791000012.840083925] [lifecycle_manager_navigation]: Server smoother_server connected with bond.
[lifecycle_manager-19] [INFO] [1791000012.840155168] [lifecycle_manager_navigation]: [34m[1mActivating planner_server[0m[0m
[planner_server-11] [INFO] [1791000012.842753196] [planner_server]: Activating
[planner_server-11] [INFO] [1791000012.842802437] [global_costmap.global_costmap]: Activating
[planner_server-11] [INFO] [1791000012.842811308] [global_costmap.global_costmap]: Checking transform
[planner_server-11] [INFO] [1791000012.842856325] [global_costmap.global_costmap]: Timed out waiting for transform from base_link to map to become available, tf error: Invalid frame ID "map" passed to canTransform argument target_frame - frame does not exist
[planner_server-11] [INFO] [1791000013.342915932] [global_costmap.global_costmap]: Timed out waiting for transform from base_link to map to become available, tf error: Invalid frame ID "map" passed to canTransform argument target_frame - frame does not exist
[planner_server-11] [INFO] [1791000013.842981642] [global_costmap.global_costmap]: Timed out waiting for transform from base_link to map to become available, tf error: Invalid frame ID "map" passed to canTransform argument target_frame - frame does not exist
[planner_server-11] [INFO] [1791000014.343304631] [global_costmap.global_costmap]: Timed out waiting for transform from base_link to map to become available, tf error: Invalid frame ID "map" passed to canTransform argument target_frame - frame does not exist
[planner_server-11] [INFO] [1791000014.844649187] [global_costmap.global_costmap]: Timed out waiting for transform from base_link to map to become available, tf error: Invalid frame ID "map" passed to canTransform argument target_frame - frame does not exist
[planner_server-11] [INFO] [1791000015.342899564] [global_costmap.global_costmap]: Timed out waiting for transform from base_link to map to become available, tf error: Invalid frame ID "map" passed to canTransform argument target_frame - frame does not exist
[planner_server-11] [INFO] [1791000015.843034896] [global_costmap.global_costmap]: Timed out waiting for transform from base_link to map to become available, tf error: Invalid frame ID "map" passed to canTransform argument target_frame - frame does not exist
[planner_server-11] [INFO] [1791000016.342899852] [global_costmap.global_costmap]: Timed out waiting for transform from base_link to map to become available, tf error: Invalid frame ID "map" passed to canTransform argument target_frame - frame does not exist
[planner_server-11] [INFO] [1791000016.842903860] [global_costmap.global_costmap]: Timed out waiting for transform from base_link to map to become available, tf error: Invalid frame ID "map" passed to canTransform argument target_frame - frame does not exist
[planner_server-11] [INFO] [1791000017.343244623] [global_costmap.global_costmap]: Timed out waiting for transform from base_link to map to become available, tf error: Invalid frame ID "map" passed to canTransform argument target_frame - frame does not exist
[planner_server-11] [INFO] [1791000017.842906814] [global_costmap.global_costmap]: Timed out waiting for transform from base_link to map to become available, tf error: Invalid frame ID "map" passed to canTransform argument target_frame - frame does not exist
[planner_server-11] [INFO] [1791000018.343087582] [global_costmap.global_costmap]: Timed out waiting for transform from base_link to map to become available, tf error: Invalid frame ID "map" passed to canTransform argument target_frame - frame does not exist
[planner_server-11] [INFO] [1791000018.843402899] [global_costmap.global_costmap]: Timed out waiting for transform from base_link to map to become available, tf error: Invalid frame ID "map" passed to canTransform argument target_frame - frame does not exist
[planner_server-11] [INFO] [1791000019.342937980] [global_costmap.global_costmap]: Timed out waiting for transform from base_link to map to become available, tf error: Invalid frame ID "map" passed to canTransform argument target_frame - frame does not exist
[planner_server-11] [INFO] [1791000019.842909876] [global_costmap.global_costmap]: Timed out waiting for transform from base_link to map to become available, tf error: Invalid frame ID "map" passed to canTransform argument target_frame - frame does not exist
[planner_server-11] [INFO] [1791000020.342931769] [global_costmap.global_costmap]: Timed out waiting for transform from base_link to map to become available, tf error: Invalid frame ID "map" passed to canTransform argument target_frame - frame does not exist
[planner_server-11] [INFO] [1791000020.842906099] [global_costmap.global_costmap]: Timed out waiting for transform from base_link to map to become available, tf error: Invalid frame ID "map" passed to canTransform argument target_frame - frame does not exist
[planner_server-11] [INFO] [1791000021.343148631] [global_costmap.global_costmap]: Timed out waiting for transform from base_link to map to become available, tf error: Invalid frame ID "map" passed to canTransform argument target_frame - frame does not exist
[planner_server-11] [INFO] [1791000021.843474722] [global_costmap.global_costmap]: Timed out waiting for transform from base_link to map to become available, tf error: Invalid frame ID "map" passed to canTransform argument target_frame - frame does not exist
[planner_server-11] [INFO] [1791000022.342969983] [global_costmap.global_costmap]: Timed out waiting for transform from base_link to map to become available, tf error: Invalid frame ID "map" passed to canTransform argument target_frame - frame does not exist
[planner_server-11] [INFO] [1791000022.842901236] [global_costmap.global_costmap]: Timed out waiting for transform from base_link to map to become available, tf error: Invalid frame ID "map" passed to canTransform argument target_frame - frame does not exist
[planner_server-11] [INFO] [1791000023.342969912] [global_costmap.global_costmap]: Timed out waiting for transform from base_link to map to become available, tf error: Invalid frame ID "map" passed to canTransform argument target_frame - frame does not exist
[planner_server-11] [ERROR] [1791000023.343039059] [global_costmap.global_costmap]: Failed to activate global_costmap because transform from base_link to map did not become available before timeout
[lifecycle_manager-19] [ERROR] [1791000023.346781507] [lifecycle_manager_navigation]: Failed to change state for node: planner_server
[lifecycle_manager-19] [ERROR] [1791000023.346862812] [lifecycle_manager_navigation]: Failed to bring up all requested nodes. Aborting bringup.
[execution_trial-5] [ERROR] [1791000071.245860302] [execution_trial]: Execution trial failed: Nav2 did not reach the fully active state
[execution_trial-5] Traceback (most recent call last):
[execution_trial-5]   File "/home/linh-pham/agv_nav2_research_ws_bao/install/adaptive_pivot_g2_benchmark/lib/adaptive_pivot_g2_benchmark/execution_trial", line 33, in <module>
[execution_trial-5]     sys.exit(load_entry_point('adaptive-pivot-g2-benchmark', 'console_scripts', 'execution_trial')())
[execution_trial-5]              ^^^^^^^^^^^^^^^^^^^^^^^^^^^^^^^^^^^^^^^^^^^^^^^^^^^^^^^^^^^^^^^^^^^^^^^^^^^^^^^^^^^^^^^
[execution_trial-5]   File "/home/linh-pham/agv_nav2_research_ws_bao/build/adaptive_pivot_g2_benchmark/adaptive_pivot_g2_benchmark/execution_trial.py", line 1166, in main
[execution_trial-5]     node.run()
[execution_trial-5]   File "/home/linh-pham/agv_nav2_research_ws_bao/build/adaptive_pivot_g2_benchmark/adaptive_pivot_g2_benchmark/execution_trial.py", line 680, in run
[execution_trial-5]     self._wait_for_system()
[execution_trial-5]   File "/home/linh-pham/agv_nav2_research_ws_bao/build/adaptive_pivot_g2_benchmark/adaptive_pivot_g2_benchmark/execution_trial.py", line 426, in _wait_for_system
[execution_trial-5]     raise RuntimeError('Nav2 did not reach the fully active state')
[execution_trial-5] RuntimeError: Nav2 did not reach the fully active state
[ERROR] [execution_trial-5]: process has died [pid 67507, exit code 1, cmd '/home/linh-pham/agv_nav2_research_ws_bao/install/adaptive_pivot_g2_benchmark/lib/adaptive_pivot_g2_benchmark/execution_trial --ros-args -r __node:=execution_trial --params-file /tmp/launch_params_cbywuj_h'].
[INFO] [lifecycle_manager-19]: sending signal 'SIGINT' to process[lifecycle_manager-19]
[INFO] [opennav_docking-18]: sending signal 'SIGINT' to process[opennav_docking-18]
[INFO] [collision_monitor-17]: sending signal 'SIGINT' to process[collision_monitor-17]
[INFO] [velocity_smoother-16]: sending signal 'SIGINT' to process[velocity_smoother-16]
[INFO] [waypoint_follower-15]: sending signal 'SIGINT' to process[waypoint_follower-15]
[INFO] [bt_navigator-14]: sending signal 'SIGINT' to process[bt_navigator-14]
[INFO] [behavior_server-13]: sending signal 'SIGINT' to process[behavior_server-13]
[INFO] [route_server-12]: sending signal 'SIGINT' to process[route_server-12]
[INFO] [planner_server-11]: sending signal 'SIGINT' to process[planner_server-11]
[INFO] [smoother_server-10]: sending signal 'SIGINT' to process[smoother_server-10]
[INFO] [controller_server-9]: sending signal 'SIGINT' to process[controller_server-9]
[INFO] [lifecycle_manager-8]: sending signal 'SIGINT' to process[lifecycle_manager-8]
[INFO] [amcl-7]: sending signal 'SIGINT' to process[amcl-7]
[INFO] [map_server-6]: sending signal 'SIGINT' to process[map_server-6]
[INFO] [robot_state_publisher-4]: sending signal 'SIGINT' to process[robot_state_publisher-4]
[INFO] [parameter_bridge-3]: sending signal 'SIGINT' to process[parameter_bridge-3]
[INFO] [gazebo-1]: sending signal 'SIGINT' to process[gazebo-1]
[lifecycle_manager-19] [INFO] [1791000071.679745956] [rclcpp]: signal_handler(SIGINT/SIGTERM)
[lifecycle_manager-19] [INFO] [1791000071.679876315] [lifecycle_manager_navigation]: Running Nav2 LifecycleManager rcl preshutdown (lifecycle_manager_navigation)
[collision_monitor-17] [INFO] [1791000071.688540313] [rclcpp]: signal_handler(SIGINT/SIGTERM)
[collision_monitor-17] [INFO] [1791000071.688653420] [collision_monitor]: Running Nav2 LifecycleNode rcl preshutdown (collision_monitor)
[collision_monitor-17] [INFO] [1791000071.688719455] [collision_monitor]: Cleaning up
[collision_monitor-17] [INFO] [1791000071.688740295] [collision_monitor]: [FootprintApproach]: Destroying Polygon
[collision_monitor-17] [INFO] [1791000071.688751843] [collision_monitor]: [scan]: Destroying Scan
[opennav_docking-18] [INFO] [1791000071.689485376] [rclcpp]: signal_handler(SIGINT/SIGTERM)
[opennav_docking-18] [INFO] [1791000071.689640959] [docking_server]: Running Nav2 LifecycleNode rcl preshutdown (docking_server)
[opennav_docking-18] [INFO] [1791000071.689710932] [docking_server]: Cleaning up docking_server
[velocity_smoother-16] [INFO] [1791000071.689565106] [rclcpp]: signal_handler(SIGINT/SIGTERM)
[velocity_smoother-16] [INFO] [1791000071.689660936] [velocity_smoother]: Running Nav2 LifecycleNode rcl preshutdown (velocity_smoother)
[velocity_smoother-16] [INFO] [1791000071.689718800] [velocity_smoother]: Cleaning up
[velocity_smoother-16] [INFO] [1791000071.689740349] [velocity_smoother]: Destroying bond (velocity_smoother) to lifecycle manager.
[waypoint_follower-15] [INFO] [1791000071.692250933] [rclcpp]: signal_handler(SIGINT/SIGTERM)
[waypoint_follower-15] [INFO] [1791000071.692366187] [waypoint_follower]: Running Nav2 LifecycleNode rcl preshutdown (waypoint_follower)
[waypoint_follower-15] [INFO] [1791000071.692422170] [waypoint_follower]: Cleaning up
[bt_navigator-14] [INFO] [1791000071.695662530] [rclcpp]: signal_handler(SIGINT/SIGTERM)
[bt_navigator-14] [INFO] [1791000071.695788481] [bt_navigator]: Running Nav2 LifecycleNode rcl preshutdown (bt_navigator)
[bt_navigator-14] [INFO] [1791000071.695845136] [bt_navigator]: Cleaning up
[behavior_server-13] [INFO] [1791000071.696641554] [rclcpp]: signal_handler(SIGINT/SIGTERM)
[behavior_server-13] [INFO] [1791000071.696749242] [behavior_server]: Running Nav2 LifecycleNode rcl preshutdown (behavior_server)
[behavior_server-13] [INFO] [1791000071.697167542] [behavior_server]: Cleaning up
[route_server-12] [INFO] [1791000071.698710194] [rclcpp]: signal_handler(SIGINT/SIGTERM)
[route_server-12] [INFO] [1791000071.698860997] [route_server]: Running Nav2 LifecycleNode rcl preshutdown (route_server)
[route_server-12] [INFO] [1791000071.698924441] [route_server]: Cleaning up
[collision_monitor-17] [INFO] [1791000071.699830548] [collision_monitor]: Destroying bond (collision_monitor) to lifecycle manager.
[planner_server-11] [INFO] [1791000071.702530432] [rclcpp]: signal_handler(SIGINT/SIGTERM)
[planner_server-11] [INFO] [1791000071.702704358] [planner_server]: Running Nav2 LifecycleNode rcl preshutdown (planner_server)
[planner_server-11] [INFO] [1791000071.702762791] [planner_server]: Cleaning up
[velocity_smoother-16] [INFO] [1791000071.710072605] [velocity_smoother]: Destroying
[smoother_server-10] [INFO] [1791000071.710445439] [rclcpp]: signal_handler(SIGINT/SIGTERM)
[smoother_server-10] [INFO] [1791000071.710603736] [smoother_server]: Running Nav2 LifecycleNode rcl preshutdown (smoother_server)
[smoother_server-10] [INFO] [1791000071.710667770] [smoother_server]: Deactivating
[smoother_server-10] [INFO] [1791000071.710695853] [smoother_server]: Deactivating smoother: constrained of type nav2_constrained_smoother::ConstrainedSmoother
[smoother_server-10] [INFO] [1791000071.710708683] [smoother_server]: Destroying bond (smoother_server) to lifecycle manager.
[controller_server-9] [INFO] [1791000071.714442905] [rclcpp]: signal_handler(SIGINT/SIGTERM)
[controller_server-9] [INFO] [1791000071.714553612] [controller_server]: Running Nav2 LifecycleNode rcl preshutdown (controller_server)
[controller_server-9] [INFO] [1791000071.714617833] [controller_server]: Deactivating
[controller_server-9] [INFO] [1791000071.714634078] [controller_server]: Deactivating controller: FollowPath of type regulated_pure_pursuit_controller::RegulatedPurePursuitController
[controller_server-9] [INFO] [1791000071.714653673] [local_costmap.local_costmap]: Deactivating
[lifecycle_manager-8] [INFO] [1791000071.716314203] [rclcpp]: signal_handler(SIGINT/SIGTERM)
[lifecycle_manager-8] [INFO] [1791000071.716462417] [lifecycle_manager_localization]: Running Nav2 LifecycleManager rcl preshutdown (lifecycle_manager_localization)
[amcl-7] [INFO] [1791000071.718736740] [rclcpp]: signal_handler(SIGINT/SIGTERM)
[amcl-7] [INFO] [1791000071.718876471] [amcl]: Running Nav2 LifecycleNode rcl preshutdown (amcl)
[map_server-6] [INFO] [1791000071.720505382] [rclcpp]: signal_handler(SIGINT/SIGTERM)
[map_server-6] [INFO] [1791000071.720657253] [map_server]: Running Nav2 LifecycleNode rcl preshutdown (map_server)
[map_server-6] [INFO] [1791000071.720746956] [map_server]: Cleaning up
[map_server-6] [INFO] [1791000071.720787246] [map_server]: Destroying bond (map_server) to lifecycle manager.
[amcl-7] [INFO] [1791000071.720840540] [amcl]: Destroying bond (amcl) to lifecycle manager.
[smoother_server-10] [INFO] [1791000071.721352254] [smoother_server]: Cleaning up
[smoother_server-10] [INFO] [1791000071.721506107] [smoother_server]: Cleaning up smoother: constrained of type nav2_constrained_smoother::ConstrainedSmoother
[robot_state_publisher-4] [INFO] [1791000071.722885453] [rclcpp]: signal_handler(SIGINT/SIGTERM)
[parameter_bridge-3] [INFO] [1791000071.724923295] [rclcpp]: signal_handler(SIGINT/SIGTERM)
[waypoint_follower-15] [INFO] [1791000071.726407095] [waypoint_follower]: Destroying bond (waypoint_follower) to lifecycle manager.
[amcl-7] [INFO] [1791000071.726726466] [amcl]: Destroying
[map_server-6] [INFO] [1791000071.744784212] [map_server]: Destroying
[opennav_docking-18] [INFO] [1791000071.756437711] [docking_server]: Destroying bond (docking_server) to lifecycle manager.
[route_server-12] [INFO] [1791000071.759744262] [route_server]: Destroying bond (route_server) to lifecycle manager.
[behavior_server-13] [INFO] [1791000071.765127895] [behavior_server]: Destroying bond (behavior_server) to lifecycle manager.
[collision_monitor-17] [INFO] [1791000071.776739658] [collision_monitor]: Destroying
[opennav_docking-18] [INFO] [1791000071.793626220] [docking_server]: Destroying
[waypoint_follower-15] [INFO] [1791000071.796413315] [waypoint_follower]: Destroying
[smoother_server-10] [INFO] [1791000071.800180595] [smoother_server]: Destroying bond (smoother_server) to lifecycle manager.
[controller_server-9] [INFO] [1791000071.804294824] [controller_server]: Destroying bond (controller_server) to lifecycle manager.
[planner_server-11] [INFO] [1791000071.813830464] [global_costmap.global_costmap]: Cleaning up
[controller_server-9] [INFO] [1791000071.814622574] [controller_server]: Cleaning up
[controller_server-9] [INFO] [1791000071.814656245] [controller_server]: Cleaning up controller: FollowPath of type regulated_pure_pursuit_controller::RegulatedPurePursuitController
[controller_server-9] [INFO] [1791000071.814724719] [local_costmap.local_costmap]: Cleaning up
[route_server-12] [INFO] [1791000071.830875331] [route_server]: Destroying
[planner_server-11] [INFO] [1791000071.833585021] [planner_server]: Cleaning up plugin Smac2D of type SmacPlanner2D
[planner_server-11] [INFO] [1791000071.833766963] [planner_server]: CleaningUp plugin ThetaStar of type nav2_theta_star_planner
[planner_server-11] [INFO] [1791000071.833780049] [planner_server]: Cleaning up plugin SmacHybrid of type SmacPlannerHybrid
[planner_server-11] [INFO] [1791000071.833900185] [planner_server]: Cleaning up plugin NavFnDijkstra of type NavfnPlanner
[planner_server-11] [INFO] [1791000071.834004261] [planner_server]: Cleaning up plugin NavFnAStar of type NavfnPlanner
[planner_server-11] [INFO] [1791000071.834024735] [planner_server]: Destroying plugin Smac2D of type SmacPlanner2D
[planner_server-11] [INFO] [1791000071.834320261] [planner_server]: Destroying plugin SmacHybrid of type SmacPlannerHybrid
[planner_server-11] [INFO] [1791000071.834335474] [planner_server]: Destroying plugin NavFnDijkstra of type NavfnPlanner
[planner_server-11] [INFO] [1791000071.834341276] [planner_server]: Destroying plugin NavFnAStar of type NavfnPlanner
[smoother_server-10] [INFO] [1791000071.834095772] [smoother_server]: Destroying
[lifecycle_manager-19] [INFO] [1791000071.839448817] [lifecycle_manager_navigation]: Destroying lifecycle_manager_navigation
[INFO] [parameter_bridge-3]: process has finished cleanly [pid 67505]
[behavior_server-13] [INFO] [1791000071.894567436] [behavior_server]: Destroying
[planner_server-11] [INFO] [1791000071.895609710] [planner_server]: Destroying bond (planner_server) to lifecycle manager.
[bt_navigator-14] [INFO] [1791000071.904483473] [bt_navigator]: Completed Cleaning up
[bt_navigator-14] [INFO] [1791000071.904576974] [bt_navigator]: Destroying bond (bt_navigator) to lifecycle manager.
[planner_server-11] [INFO] [1791000071.905795285] [global_costmap.global_costmap]: Destroying
[controller_server-9] [INFO] [1791000071.910135591] [controller_server]: Destroying bond (controller_server) to lifecycle manager.
[INFO] [robot_state_publisher-4]: process has finished cleanly [pid 67506]
[controller_server-9] [INFO] [1791000071.939902860] [local_costmap.local_costmap]: Destroying
[planner_server-11] [INFO] [1791000071.942182037] [planner_server]: Destroying
[bt_navigator-14] [INFO] [1791000071.947567288] [bt_navigator]: Destroying
[controller_server-9] [INFO] [1791000071.955447314] [controller_server]: Destroying
[INFO] [map_server-6]: process has finished cleanly [pid 67678]
[INFO] [amcl-7]: process has finished cleanly [pid 67679]
[INFO] [velocity_smoother-16]: process has finished cleanly [pid 67690]
[INFO] [collision_monitor-17]: process has finished cleanly [pid 67691]
[INFO] [opennav_docking-18]: process has finished cleanly [pid 67692]
[INFO] [route_server-12]: process has finished cleanly [pid 67686]
[INFO] [lifecycle_manager-19]: process has finished cleanly [pid 67695]
[INFO] [waypoint_follower-15]: process has finished cleanly [pid 67689]
[INFO] [smoother_server-10]: process has finished cleanly [pid 67684]
[INFO] [behavior_server-13]: process has finished cleanly [pid 67687]
[INFO] [bt_navigator-14]: process has finished cleanly [pid 67688]
[INFO] [controller_server-9]: process has finished cleanly [pid 67683]
[INFO] [planner_server-11]: process has finished cleanly [pid 67685]
[ERROR] [lifecycle_manager-8]: process[lifecycle_manager-8] failed to terminate '5' seconds after receiving 'SIGINT', escalating to 'SIGTERM'
[ERROR] [gazebo-1]: process[gazebo-1] failed to terminate '5' seconds after receiving 'SIGINT', escalating to 'SIGTERM'
[INFO] [lifecycle_manager-8]: sending signal 'SIGTERM' to process[lifecycle_manager-8]
[INFO] [gazebo-1]: sending signal 'SIGTERM' to process[gazebo-1]
[ERROR] [gazebo-1]: process has died [pid 67502, exit code -15, cmd 'ruby /opt/ros/jazzy/opt/gz_tools_vendor/bin/gz sim -r -s -v 3 --initial-sim-time 0.0 /home/linh-pham/agv_nav2_research_ws_bao/install/vacuum_robot_gazebo/share/vacuum_robot_gazebo/worlds/warehouse_cross_aisles.sdf --force-version 8'].
[ERROR] [lifecycle_manager-8]: process[lifecycle_manager-8] failed to terminate '10.0' seconds after receiving 'SIGTERM', escalating to 'SIGKILL'
[INFO] [lifecycle_manager-8]: sending signal 'SIGKILL' to process[lifecycle_manager-8]
[ERROR] [lifecycle_manager-8]: process has died [pid 67682, exit code -9, cmd '/opt/ros/jazzy/lib/nav2_lifecycle_manager/lifecycle_manager --ros-args --log-level info --ros-args -r __node:=lifecycle_manager_localization -p use_sim_time:=True --params-file /tmp/launch_params_3nz691g4 --params-file /tmp/launch_params_a19jtj5r'].
=== infrastructure attempt 2 ===
[INFO] [launch]: All log files can be found below /home/linh-pham/.ros/log/2026-10-03-11-01-23-596138-linh-pham-LOQ-15IAX9-69786
[INFO] [launch]: Default logging verbosity is set to INFO
[INFO] [gazebo-1]: process started with pid [69803]
[INFO] [create-2]: process started with pid [69805]
[INFO] [parameter_bridge-3]: process started with pid [69806]
[INFO] [robot_state_publisher-4]: process started with pid [69807]
[INFO] [execution_trial-5]: process started with pid [69808]
[robot_state_publisher-4] [INFO] [1791000084.309204974] [robot_state_publisher]: Robot initialized
[gazebo-1] [1;32m[Msg] [0m[1;32mGazebo Sim Server v[0m[1;32m8.15.0[0m[1;32m[0m
[gazebo-1] [1;32m[Msg] [0m[1;32mLoading SDF world file[[0m[1;32m/home/linh-pham/agv_nav2_research_ws_bao/install/vacuum_robot_gazebo/share/vacuum_robot_gazebo/worlds/warehouse_cross_aisles.sdf[0m[1;32m].[0m
[gazebo-1] [1;32m[Msg] [0m[1;32mServing entity system service on [[0m[1;32m/[0m[1;32mentity/system/add[0m[1;32m][0m[1;32m[0m
[gazebo-1] [1;32m[Msg] [0m[1;32mCreate[0m[1;32m service on [[0m[1;32m/world/warehouse_cross_aisles/create_multiple[0m[1;32m] (async)[0m[1;32m[0m
[gazebo-1] [1;32m[Msg] [0m[1;32mCreate[0m[1;32m service on [[0m[1;32m/world/warehouse_cross_aisles/create_multiple/blocking[0m[1;32m] (blocking)[0m[1;32m[0m
[gazebo-1] [1;32m[Msg] [0m[1;32mRemove[0m[1;32m service on [[0m[1;32m/world/warehouse_cross_aisles/remove[0m[1;32m] (async)[0m[1;32m[0m
[gazebo-1] [1;32m[Msg] [0m[1;32mRemove[0m[1;32m service on [[0m[1;32m/world/warehouse_cross_aisles/remove/blocking[0m[1;32m] (blocking)[0m[1;32m[0m
[gazebo-1] [1;32m[Msg] [0m[1;32mPose[0m[1;32m service on [[0m[1;32m/world/warehouse_cross_aisles/set_pose[0m[1;32m] (async)[0m[1;32m[0m
[gazebo-1] [1;32m[Msg] [0m[1;32mPose[0m[1;32m service on [[0m[1;32m/world/warehouse_cross_aisles/set_pose/blocking[0m[1;32m] (blocking)[0m[1;32m[0m
[gazebo-1] [1;32m[Msg] [0m[1;32mPose[0m[1;32m service on [[0m[1;32m/world/warehouse_cross_aisles/set_pose_vector[0m[1;32m] (async)[0m[1;32m[0m
[gazebo-1] [1;32m[Msg] [0m[1;32mPose[0m[1;32m service on [[0m[1;32m/world/warehouse_cross_aisles/set_pose_vector/blocking[0m[1;32m] (blocking)[0m[1;32m[0m
[gazebo-1] [1;32m[Msg] [0m[1;32mLight configuration[0m[1;32m service on [[0m[1;32m/world/warehouse_cross_aisles/light_config[0m[1;32m] (async)[0m[1;32m[0m
[gazebo-1] [1;32m[Msg] [0m[1;32mLight configuration[0m[1;32m service on [[0m[1;32m/world/warehouse_cross_aisles/light_config/blocking[0m[1;32m] (blocking)[0m[1;32m[0m
[gazebo-1] [1;32m[Msg] [0m[1;32mPhysics[0m[1;32m service on [[0m[1;32m/world/warehouse_cross_aisles/set_physics[0m[1;32m] (async)[0m[1;32m[0m
[gazebo-1] [1;32m[Msg] [0m[1;32mPhysics[0m[1;32m service on [[0m[1;32m/world/warehouse_cross_aisles/set_physics/blocking[0m[1;32m] (blocking)[0m[1;32m[0m
[gazebo-1] [1;32m[Msg] [0m[1;32mSphericalCoordinates[0m[1;32m service on [[0m[1;32m/world/warehouse_cross_aisles/set_spherical_coordinates[0m[1;32m] (async)[0m[1;32m[0m
[gazebo-1] [1;32m[Msg] [0m[1;32mSphericalCoordinates[0m[1;32m service on [[0m[1;32m/world/warehouse_cross_aisles/set_spherical_coordinates/blocking[0m[1;32m] (blocking)[0m[1;32m[0m
[gazebo-1] [1;32m[Msg] [0m[1;32mEnable collision[0m[1;32m service on [[0m[1;32m/world/warehouse_cross_aisles/enable_collision[0m[1;32m] (async)[0m[1;32m[0m
[gazebo-1] [1;32m[Msg] [0m[1;32mEnable collision[0m[1;32m service on [[0m[1;32m/world/warehouse_cross_aisles/enable_collision/blocking[0m[1;32m] (blocking)[0m[1;32m[0m
[gazebo-1] [1;32m[Msg] [0m[1;32mDisable collision[0m[1;32m service on [[0m[1;32m/world/warehouse_cross_aisles/disable_collision[0m[1;32m] (async)[0m[1;32m[0m
[gazebo-1] [1;32m[Msg] [0m[1;32mDisable collision[0m[1;32m service on [[0m[1;32m/world/warehouse_cross_aisles/disable_collision/blocking[0m[1;32m] (blocking)[0m[1;32m[0m
[gazebo-1] [1;32m[Msg] [0m[1;32mMaterial[0m[1;32m service on [[0m[1;32m/world/warehouse_cross_aisles/visual_config[0m[1;32m] (async)[0m[1;32m[0m
[gazebo-1] [1;32m[Msg] [0m[1;32mMaterial[0m[1;32m service on [[0m[1;32m/world/warehouse_cross_aisles/visual_config/blocking[0m[1;32m] (blocking)[0m[1;32m[0m
[gazebo-1] [1;32m[Msg] [0m[1;32mMaterial[0m[1;32m service on [[0m[1;32m/world/warehouse_cross_aisles/wheel_slip[0m[1;32m] (async)[0m[1;32m[0m
[gazebo-1] [1;32m[Msg] [0m[1;32mMaterial[0m[1;32m service on [[0m[1;32m/world/warehouse_cross_aisles/wheel_slip/blocking[0m[1;32m] (blocking)[0m[1;32m[0m
[gazebo-1] [1;32m[Msg] [0m[1;32mLoaded level [[0m[1;32mdefault[0m[1;32m][0m[1;32m[0m
[create-2] [INFO] [1791000084.851953870] [spawn_vacuum_robot]: Entity creation successful.
[INFO] [create-2]: process has finished cleanly [pid 69805]
[parameter_bridge-3] [INFO] [1791000085.338862139] [ros_gz_bridge]: Creating GZ->ROS Bridge: [/clock (gz.msgs.Clock) -> /clock (rosgraph_msgs/msg/Clock)] (Lazy 0)
[parameter_bridge-3] [INFO] [1791000085.340106275] [ros_gz_bridge]: Creating GZ->ROS Bridge: [/joint_states (gz.msgs.Model) -> /joint_states (sensor_msgs/msg/JointState)] (Lazy 0)
[parameter_bridge-3] [INFO] [1791000085.345158507] [ros_gz_bridge]: Creating GZ->ROS Bridge: [/odom (gz.msgs.Odometry) -> /odom (nav_msgs/msg/Odometry)] (Lazy 0)
[parameter_bridge-3] [INFO] [1791000085.350767361] [ros_gz_bridge]: Creating GZ->ROS Bridge: [/tf (gz.msgs.Pose_V) -> /tf (tf2_msgs/msg/TFMessage)] (Lazy 0)
[parameter_bridge-3] [INFO] [1791000085.354830416] [ros_gz_bridge]: Creating GZ->ROS Bridge: [/scan (gz.msgs.LaserScan) -> /scan (sensor_msgs/msg/LaserScan)] (Lazy 0)
[parameter_bridge-3] [INFO] [1791000085.357557652] [ros_gz_bridge]: Creating GZ->ROS Bridge: [/imu/data (gz.msgs.IMU) -> /imu/data (sensor_msgs/msg/Imu)] (Lazy 0)
[parameter_bridge-3] [INFO] [1791000085.359940581] [ros_gz_bridge]: Creating ROS->GZ Bridge: [/cmd_vel (geometry_msgs/msg/Twist) -> /cmd_vel (gz.msgs.Twist)] (Lazy 0)
[parameter_bridge-3] [INFO] [1791000085.361926067] [ros_gz_bridge]: Creating GZ->ROS Bridge: [/ground_truth/odom (gz.msgs.Odometry) -> /ground_truth/odom (nav_msgs/msg/Odometry)] (Lazy 0)
[gazebo-1] [1;32m[Msg] [0m[1;32mServing world controls on [[0m[1;32m/world/warehouse_cross_aisles[0m[1;32m/control], [[0m[1;32m/world/warehouse_cross_aisles[0m[1;32m/control/state] and [[0m[1;32m/world/warehouse_cross_aisles[0m[1;32m/playback/control][0m[1;32m[0m
[gazebo-1] [1;32m[Msg] [0m[1;32mServing GUI information on [[0m[1;32m/world/warehouse_cross_aisles[0m[1;32m/[0m[1;32mgui/info[0m[1;32m][0m[1;32m[0m
[gazebo-1] [1;32m[Msg] [0m[1;32mWorld [[0m[1;32mwarehouse_cross_aisles[0m[1;32m] initialized with [[0m[1;32mresearch_physics[0m[1;32m] physics profile.[0m[1;32m[0m
[gazebo-1] [1;32m[Msg] [0m[1;32mServing world SDF generation service on [[0m[1;32m/world/warehouse_cross_aisles[0m[1;32m/[0m[1;32mgenerate_world_sdf[0m[1;32m][0m[1;32m[0m
[gazebo-1] [1;32m[Msg] [0m[1;32mServing world names on [[0m[1;32m/gazebo/worlds[0m[1;32m][0m[1;32m[0m
[gazebo-1] [1;32m[Msg] [0m[1;32mResource path add service on [[0m[1;32m/gazebo/resource_paths/add[0m[1;32m].[0m[1;32m[0m
[gazebo-1] [1;32m[Msg] [0m[1;32mResource path get service on [[0m[1;32m/gazebo/resource_paths/get[0m[1;32m].[0m[1;32m[0m
[gazebo-1] [1;32m[Msg] [0m[1;32mResource path resolve service on [[0m[1;32m/gazebo/resource_paths/resolve[0m[1;32m].[0m[1;32m[0m
[gazebo-1] [1;32m[Msg] [0m[1;32mResource paths published on [[0m[1;32m/gazebo/resource_paths[0m[1;32m].[0m[1;32m[0m
[gazebo-1] [1;32m[Msg] [0m[1;32mServer control service on [[0m[1;32m/server_control[0m[1;32m].[0m[1;32m[0m
[gazebo-1] [1;32m[Msg] [0m[1;32mFound no publishers on /stats, adding root stats topic[0m[1;32m[0m
[gazebo-1] [1;32m[Msg] [0m[1;32mFound no publishers on /clock, adding root clock topic[0m[1;32m[0m
[gazebo-1] [1;33mWarning [Utils.cc:132][0m [/sdf/model[@name="vacuum_robot"]/link[@name="base_link"]/sensor[@name="rplidar_a1m8"]/gz_frame_id:/home/linh-pham/agv_nav2_research_ws_bao/install/vacuum_robot_gazebo/share/vacuum_robot_gazebo/models/vacuum_robot/model.sdf:L107]: XML Element[gz_frame_id], child of element[sensor], not defined in SDF. Copying[gz_frame_id] as children of [sensor].
[gazebo-1] [1;33mWarning [Utils.cc:132][0m [/sdf/model[@name="vacuum_robot"]/link[@name="base_link"]/sensor[@name="bno055_imu"]/gz_frame_id:/home/linh-pham/agv_nav2_research_ws_bao/install/vacuum_robot_gazebo/share/vacuum_robot_gazebo/models/vacuum_robot/model.sdf:L128]: XML Element[gz_frame_id], child of element[sensor], not defined in SDF. Copying[gz_frame_id] as children of [sensor].
[gazebo-1] libEGL warning: pci id for fd 64: 10de:25ec, driver (null)
[gazebo-1] 
[gazebo-1] pci id for fd 65: 10de:25ec, driver (null)
[gazebo-1] pci id for fd 66: 10de:25ec, driver (null)
[gazebo-1] libEGL warning: egl: failed to create dri2 screen
[gazebo-1] libEGL warning: pci id for fd 64: 10de:25ec, driver (null)
[gazebo-1] 
[gazebo-1] pci id for fd 65: 10de:25ec, driver (null)
[gazebo-1] pci id for fd 66: 10de:25ec, driver (null)
[gazebo-1] libEGL warning: egl: failed to create dri2 screen
[gazebo-1] libEGL warning: pci id for fd 64: 10de:25ec, driver (null)
[gazebo-1] 
[INFO] [map_server-6]: process started with pid [69973]
[INFO] [amcl-7]: process started with pid [69974]
[INFO] [lifecycle_manager-8]: process started with pid [69975]
[INFO] [controller_server-9]: process started with pid [69976]
[INFO] [smoother_server-10]: process started with pid [69977]
[INFO] [planner_server-11]: process started with pid [69980]
[INFO] [route_server-12]: process started with pid [69981]
[INFO] [behavior_server-13]: process started with pid [69982]
[INFO] [bt_navigator-14]: process started with pid [69983]
[INFO] [waypoint_follower-15]: process started with pid [69986]
[INFO] [velocity_smoother-16]: process started with pid [69989]
[INFO] [collision_monitor-17]: process started with pid [69990]
[INFO] [opennav_docking-18]: process started with pid [69991]
[INFO] [lifecycle_manager-19]: process started with pid [69992]
[map_server-6] [INFO] [1791000087.659670362] [map_server]: 
[map_server-6] 	map_server lifecycle node launched. 
[map_server-6] 	Waiting on external lifecycle transitions to activate
[map_server-6] 	See https://design.ros2.org/articles/node_lifecycle.html for more information.
[map_server-6] [INFO] [1791000087.659863694] [map_server]: Creating
[lifecycle_manager-8] [INFO] [1791000087.661349392] [lifecycle_manager_localization]: Creating
[lifecycle_manager-8] [INFO] [1791000087.667303768] [lifecycle_manager_localization]: [34m[1mCreating and initializing lifecycle service clients[0m[0m
[lifecycle_manager-8] [INFO] [1791000087.685374637] [lifecycle_manager_localization]: [34m[1mStarting managed nodes bringup...[0m[0m
[lifecycle_manager-8] [INFO] [1791000087.685442305] [lifecycle_manager_localization]: [34m[1mConfiguring map_server[0m[0m
[velocity_smoother-16] [INFO] [1791000087.689248015] [velocity_smoother]: 
[velocity_smoother-16] 	velocity_smoother lifecycle node launched. 
[velocity_smoother-16] 	Waiting on external lifecycle transitions to activate
[velocity_smoother-16] 	See https://design.ros2.org/articles/node_lifecycle.html for more information.
[smoother_server-10] [INFO] [1791000087.693309001] [smoother_server]: 
[smoother_server-10] 	smoother_server lifecycle node launched. 
[smoother_server-10] 	Waiting on external lifecycle transitions to activate
[smoother_server-10] 	See https://design.ros2.org/articles/node_lifecycle.html for more information.
[smoother_server-10] [INFO] [1791000087.694511818] [smoother_server]: Creating smoother server
[amcl-7] [INFO] [1791000087.697406290] [amcl]: 
[amcl-7] 	amcl lifecycle node launched. 
[amcl-7] 	Waiting on external lifecycle transitions to activate
[amcl-7] 	See https://design.ros2.org/articles/node_lifecycle.html for more information.
[amcl-7] [INFO] [1791000087.697863883] [amcl]: Creating
[lifecycle_manager-19] [INFO] [1791000087.741616860] [lifecycle_manager_navigation]: Creating
[lifecycle_manager-19] [INFO] [1791000087.755882498] [lifecycle_manager_navigation]: [34m[1mCreating and initializing lifecycle service clients[0m[0m
[controller_server-9] [INFO] [1791000087.770453849] [controller_server]: 
[controller_server-9] 	controller_server lifecycle node launched. 
[controller_server-9] 	Waiting on external lifecycle transitions to activate
[controller_server-9] 	See https://design.ros2.org/articles/node_lifecycle.html for more information.
[controller_server-9] [INFO] [1791000087.776582705] [controller_server]: Creating controller server
[collision_monitor-17] [INFO] [1791000087.789495179] [collision_monitor]: 
[collision_monitor-17] 	collision_monitor lifecycle node launched. 
[collision_monitor-17] 	Waiting on external lifecycle transitions to activate
[collision_monitor-17] 	See https://design.ros2.org/articles/node_lifecycle.html for more information.
[planner_server-11] [INFO] [1791000087.823083063] [planner_server]: 
[planner_server-11] 	planner_server lifecycle node launched. 
[planner_server-11] 	Waiting on external lifecycle transitions to activate
[planner_server-11] 	See https://design.ros2.org/articles/node_lifecycle.html for more information.
[map_server-6] [INFO] [1791000087.824062514] [map_server]: Configuring
[map_server-6] [INFO] [1791000087.824161852] [map_io]: Loading yaml file: /home/linh-pham/agv_nav2_research_ws_bao/install/vacuum_robot_gazebo/share/vacuum_robot_gazebo/maps/warehouse_cross_aisles.yaml
[map_server-6] [INFO] [1791000087.824449319] [map_io]: resolution: 0.05
[map_server-6] [INFO] [1791000087.824471765] [map_io]: origin[0]: -6
[map_server-6] [INFO] [1791000087.824477785] [map_io]: origin[1]: -4
[map_server-6] [INFO] [1791000087.824481813] [map_io]: origin[2]: 0
[map_server-6] [INFO] [1791000087.824484954] [map_io]: free_thresh: 0.25
[map_server-6] [INFO] [1791000087.824495043] [map_io]: occupied_thresh: 0.65
[map_server-6] [INFO] [1791000087.824500153] [map_io]: mode: trinary
[map_server-6] [INFO] [1791000087.824503570] [map_io]: negate: 0
[map_server-6] [INFO] [1791000087.824653280] [map_io]: Loading image_file: /home/linh-pham/agv_nav2_research_ws_bao/install/vacuum_robot_gazebo/share/vacuum_robot_gazebo/maps/warehouse_cross_aisles.pgm
[map_server-6] [INFO] [1791000087.825515715] [map_io]: Read map /home/linh-pham/agv_nav2_research_ws_bao/install/vacuum_robot_gazebo/share/vacuum_robot_gazebo/maps/warehouse_cross_aisles.pgm: 240 X 160 map @ 0.05 m/cell
[planner_server-11] [INFO] [1791000087.826679094] [planner_server]: Creating
[lifecycle_manager-8] [INFO] [1791000087.870284276] [lifecycle_manager_localization]: [34m[1mConfiguring amcl[0m[0m
[amcl-7] [INFO] [1791000087.871948386] [amcl]: Configuring
[amcl-7] [INFO] [1791000087.872047651] [amcl]: initTransforms
[waypoint_follower-15] [INFO] [1791000087.872053489] [waypoint_follower]: 
[waypoint_follower-15] 	waypoint_follower lifecycle node launched. 
[waypoint_follower-15] 	Waiting on external lifecycle transitions to activate
[waypoint_follower-15] 	See https://design.ros2.org/articles/node_lifecycle.html for more information.
[waypoint_follower-15] [INFO] [1791000087.872511107] [waypoint_follower]: Creating
[controller_server-9] [INFO] [1791000087.896442660] [local_costmap.local_costmap]: 
[controller_server-9] 	local_costmap lifecycle node launched. 
[controller_server-9] 	Waiting on external lifecycle transitions to activate
[controller_server-9] 	See https://design.ros2.org/articles/node_lifecycle.html for more information.
[controller_server-9] [INFO] [1791000087.896963399] [local_costmap.local_costmap]: Creating Costmap
[amcl-7] [INFO] [1791000087.916838401] [amcl]: initPubSub
[bt_navigator-14] [INFO] [1791000087.931786744] [bt_navigator]: 
[bt_navigator-14] 	bt_navigator lifecycle node launched. 
[bt_navigator-14] 	Waiting on external lifecycle transitions to activate
[bt_navigator-14] 	See https://design.ros2.org/articles/node_lifecycle.html for more information.
[bt_navigator-14] [INFO] [1791000087.935519053] [bt_navigator]: Creating
[behavior_server-13] [INFO] [1791000087.951825129] [behavior_server]: 
[behavior_server-13] 	behavior_server lifecycle node launched. 
[behavior_server-13] 	Waiting on external lifecycle transitions to activate
[behavior_server-13] 	See https://design.ros2.org/articles/node_lifecycle.html for more information.
[amcl-7] [INFO] [1791000087.952705982] [amcl]: Subscribed to map topic.
[lifecycle_manager-8] [INFO] [1791000087.977175381] [lifecycle_manager_localization]: [34m[1mActivating map_server[0m[0m
[map_server-6] [INFO] [1791000087.977495878] [map_server]: Activating
[planner_server-11] [INFO] [1791000087.981663889] [global_costmap.global_costmap]: 
[planner_server-11] 	global_costmap lifecycle node launched. 
[planner_server-11] 	Waiting on external lifecycle transitions to activate
[planner_server-11] 	See https://design.ros2.org/articles/node_lifecycle.html for more information.
[planner_server-11] [INFO] [1791000087.982170497] [global_costmap.global_costmap]: Creating Costmap
[map_server-6] [INFO] [1791000087.983357983] [map_server]: Creating bond (map_server) to lifecycle manager.
[amcl-7] [INFO] [1791000087.984933942] [amcl]: Received a 240 X 160 map @ 0.050 m/pix
[route_server-12] [INFO] [1791000088.068561596] [route_server]: 
[route_server-12] 	route_server lifecycle node launched. 
[route_server-12] 	Waiting on external lifecycle transitions to activate
[route_server-12] 	See https://design.ros2.org/articles/node_lifecycle.html for more information.
[opennav_docking-18] [INFO] [1791000088.074356088] [docking_server]: 
[opennav_docking-18] 	docking_server lifecycle node launched. 
[opennav_docking-18] 	Waiting on external lifecycle transitions to activate
[opennav_docking-18] 	See https://design.ros2.org/articles/node_lifecycle.html for more information.
[opennav_docking-18] [INFO] [1791000088.074517064] [docking_server]: Creating docking_server
[lifecycle_manager-8] [INFO] [1791000088.116041777] [lifecycle_manager_localization]: Server map_server connected with bond.
[lifecycle_manager-8] [INFO] [1791000088.116088501] [lifecycle_manager_localization]: [34m[1mActivating amcl[0m[0m
[amcl-7] [INFO] [1791000088.117658788] [amcl]: Activating
[amcl-7] [INFO] [1791000088.117734814] [amcl]: initialPoseReceived
[amcl-7] [INFO] [1791000088.117857990] [amcl]: Setting pose (0.672000): -5.000 0.000 0.000
[amcl-7] [INFO] [1791000088.118931153] [amcl]: Creating bond (amcl) to lifecycle manager.
[lifecycle_manager-19] [INFO] [1791000088.168827171] [lifecycle_manager_navigation]: [34m[1mStarting managed nodes bringup...[0m[0m
[lifecycle_manager-19] [INFO] [1791000088.168876535] [lifecycle_manager_navigation]: [34m[1mConfiguring controller_server[0m[0m
[controller_server-9] [INFO] [1791000088.170734174] [controller_server]: Configuring controller interface
[controller_server-9] [INFO] [1791000088.170773300] [controller_server]: getting progress checker plugins..
[controller_server-9] [INFO] [1791000088.172082265] [controller_server]: getting goal checker plugins..
[controller_server-9] [INFO] [1791000088.174100222] [controller_server]: Controller frequency set to 20.0000Hz
[controller_server-9] [INFO] [1791000088.174194965] [local_costmap.local_costmap]: Configuring
[controller_server-9] [INFO] [1791000088.207829506] [local_costmap.local_costmap]: Using plugin "voxel_layer"
[controller_server-9] [INFO] [1791000088.217928720] [local_costmap.local_costmap]: Subscribed to Topics: scan
[amcl-7] [INFO] [1791000088.221361500] [amcl]: createLaserObject
[lifecycle_manager-8] [INFO] [1791000088.229563300] [lifecycle_manager_localization]: Server amcl connected with bond.
[lifecycle_manager-8] [INFO] [1791000088.229604453] [lifecycle_manager_localization]: [34m[1mManaged nodes are active[0m[0m
[lifecycle_manager-8] [INFO] [1791000088.229647700] [lifecycle_manager_localization]: [34m[1mCreating bond timer...[0m[0m
[controller_server-9] [INFO] [1791000088.271749255] [local_costmap.local_costmap]: Initialized plugin "voxel_layer"
[controller_server-9] [INFO] [1791000088.271804126] [local_costmap.local_costmap]: Using plugin "inflation_layer"
[controller_server-9] [INFO] [1791000088.273959527] [local_costmap.local_costmap]: Initialized plugin "inflation_layer"
[controller_server-9] [INFO] [1791000088.371292830] [controller_server]: Created progress_checker : progress_checker of type nav2_controller::PoseProgressChecker
[controller_server-9] [INFO] [1791000088.371697474] [controller_server]: Controller Server has progress_checker  progress checkers available.
[controller_server-9] [INFO] [1791000088.384245149] [controller_server]: Created goal checker : general_goal_checker of type nav2_controller::SimpleGoalChecker
[controller_server-9] [INFO] [1791000088.388990138] [controller_server]: Controller Server has general_goal_checker  goal checkers available.
[controller_server-9] [INFO] [1791000088.391188673] [controller_server]: Created controller : FollowPath of type nav2_regulated_pure_pursuit_controller::RegulatedPurePursuitController
[controller_server-9] [INFO] [1791000088.422162519] [controller_server]: Controller Server has FollowPath  controllers available.
[lifecycle_manager-19] [INFO] [1791000088.455561968] [lifecycle_manager_navigation]: [34m[1mConfiguring smoother_server[0m[0m
[smoother_server-10] [INFO] [1791000088.456336283] [smoother_server]: Configuring smoother server
[smoother_server-10] [INFO] [1791000088.486795468] [smoother_server]: Created smoother : simple_smoother of type nav2_smoother::SimpleSmoother
[smoother_server-10] [INFO] [1791000088.489772029] [smoother_server]: Created smoother : savitzky_golay of type nav2_smoother::SavitzkyGolaySmoother
[smoother_server-10] [INFO] [1791000088.496677285] [smoother_server]: Created smoother : constrained of type nav2_constrained_smoother/ConstrainedSmoother
[smoother_server-10] [INFO] [1791000088.501139283] [smoother_server]: Created smoother : pstmo of type adaptive_pivot_g2_nav2/AdaptivePivotG2Smoother
[smoother_server-10] [INFO] [1791000088.509881894] [smoother_server]: Configured PSTMO smoother 'pstmo' with hierarchical_alpha_two_trim search and condition_only preprocessing
[smoother_server-10] [INFO] [1791000088.510253823] [smoother_server]: Created smoother : adaptive_hybrid of type adaptive_pivot_g2_nav2/SafetyGatedHybridSmoother
[smoother_server-10] [INFO] [1791000088.519682286] [smoother_server]: Configured PSTMO smoother 'adaptive_hybrid.pivot' with legacy_joint_d_q search and condition_only preprocessing
[smoother_server-10] [INFO] [1791000088.522538067] [smoother_server]: Configured safety-gated hybrid smoother as 'adaptive_hybrid'
[smoother_server-10] [INFO] [1791000088.522589010] [smoother_server]: Smoother Server has simple_smoother savitzky_golay constrained pstmo adaptive_hybrid  smoothers available.
[lifecycle_manager-19] [INFO] [1791000088.553802661] [lifecycle_manager_navigation]: [34m[1mConfiguring planner_server[0m[0m
[planner_server-11] [INFO] [1791000088.554188939] [planner_server]: Configuring
[planner_server-11] [INFO] [1791000088.554235076] [global_costmap.global_costmap]: Configuring
[planner_server-11] [INFO] [1791000088.585136704] [global_costmap.global_costmap]: Using plugin "static_layer"
[planner_server-11] [INFO] [1791000088.598425946] [global_costmap.global_costmap]: Subscribing to the map topic (/map) with transient local durability
[planner_server-11] [INFO] [1791000088.608246572] [global_costmap.global_costmap]: Initialized plugin "static_layer"
[planner_server-11] [INFO] [1791000088.608291042] [global_costmap.global_costmap]: Using plugin "inflation_layer"
[planner_server-11] [INFO] [1791000088.611687603] [global_costmap.global_costmap]: Initialized plugin "inflation_layer"
[planner_server-11] [INFO] [1791000088.689860804] [global_costmap.global_costmap]: StaticLayer: Resizing costmap to 240 X 160 at 0.050000 m/pix
[planner_server-11] [INFO] [1791000088.690202394] [planner_server]: Created global planner plugin NavFnAStar of type nav2_navfn_planner::NavfnPlanner
[planner_server-11] [INFO] [1791000088.690246855] [planner_server]: Configuring plugin NavFnAStar of type NavfnPlanner
[planner_server-11] [INFO] [1791000088.695322269] [planner_server]: Created global planner plugin NavFnDijkstra of type nav2_navfn_planner::NavfnPlanner
[planner_server-11] [INFO] [1791000088.695375779] [planner_server]: Configuring plugin NavFnDijkstra of type NavfnPlanner
[planner_server-11] [INFO] [1791000088.699008919] [planner_server]: Created global planner plugin ThetaStar of type nav2_theta_star_planner::ThetaStarPlanner
[planner_server-11] [INFO] [1791000088.711673660] [planner_server]: Created global planner plugin Smac2D of type nav2_smac_planner::SmacPlanner2D
[planner_server-11] [INFO] [1791000088.711714939] [planner_server]: Configuring Smac2D of type SmacPlanner2D
[planner_server-11] [ERROR] [1791000088.712758230] [planner_server]: Inflation layer either not found or inflation is not set sufficiently for optimized non-circular collision checking capabilities. It is HIGHLY recommended to set the inflation radius to be at MINIMUM half of the robot's largest cross-section. See github.com/ros-planning/navigation2/tree/main/nav2_smac_planner#potential-fields for full instructions. This will substantially impact run-time performance.
[planner_server-11] [INFO] [1791000088.717184607] [planner_server]: Configured plugin Smac2D of type SmacPlanner2D with tolerance 0.10, maximum iterations 1000000, max on approach iterations 1000, and not allowing unknown traversal.
[planner_server-11] [INFO] [1791000088.719468419] [planner_server]: Created global planner plugin SmacHybrid of type nav2_smac_planner::SmacPlannerHybrid
[planner_server-11] [INFO] [1791000088.719526804] [planner_server]: Configuring SmacHybrid of type SmacPlannerHybrid
[planner_server-11] [INFO] [1791000088.723823208] [planner_server]: Even sized heuristic lookup table size set 160.000000, increasing size by 1 to make odd
[planner_server-11] [INFO] [1791000089.064286829] [planner_server]: Configured plugin SmacHybrid of type SmacPlannerHybrid with maximum iterations 1000000, max on approach iterations 1000, and not allowing unknown traversal. Tolerance 0.10.Using motion model: Dubin.
[planner_server-11] [INFO] [1791000089.064338320] [planner_server]: Planner Server has NavFnAStar NavFnDijkstra ThetaStar Smac2D SmacHybrid  planners available.
[lifecycle_manager-19] [INFO] [1791000089.097005053] [lifecycle_manager_navigation]: [34m[1mConfiguring route_server[0m[0m
[route_server-12] [INFO] [1791000089.099582375] [route_server]: Configuring
[route_server-12] [INFO] [1791000089.208690260] [route_server]: Created GraphFileLoader GeoJsonGraphFileLoader of type nav2_route::GeoJsonGraphFileLoader
[route_server-12] [INFO] [1791000089.208753525] [route_server]: Configuring geojson graph file loader
[route_server-12] [INFO] [1791000089.208765896] [route_server]: No graph file provided to load yet.
[route_server-12] [INFO] [1791000089.214851253] [route_server]: Created edge cost function plugin DistanceScorer of type nav2_route::DistanceScorer
[route_server-12] [INFO] [1791000089.215325103] [route_server]: Configuring distance scorer.
[route_server-12] [INFO] [1791000089.216359676] [route_server]: Created edge cost function plugin CostmapScorer of type nav2_route::CostmapScorer
[route_server-12] [INFO] [1791000089.216396354] [route_server]: Configuring costmap scorer.
[route_server-12] [INFO] [1791000089.220184105] [route_server]: Created route operation ReroutingService of type nav2_route::ReroutingService
[route_server-12] [INFO] [1791000089.220228841] [route_server]: Configuring Rerouting service operation.
[route_server-12] [INFO] [1791000089.223626823] [route_server]: Created route operation CollisionMonitor of type nav2_route::CollisionMonitor
[route_server-12] [INFO] [1791000089.224602543] [route_server]: Using costmap topic: local_costmap/costmap_raw instead of server costmap topic: global_costmap/costmap_raw for CollisionMonitor.
[lifecycle_manager-19] [INFO] [1791000089.238121887] [lifecycle_manager_navigation]: [34m[1mConfiguring behavior_server[0m[0m
[behavior_server-13] [INFO] [1791000089.239188621] [behavior_server]: Configuring
[behavior_server-13] [INFO] [1791000089.261980134] [behavior_server]: Creating behavior plugin spin of type nav2_behaviors::Spin
[behavior_server-13] [INFO] [1791000089.265820812] [behavior_server]: Creating behavior plugin backup of type nav2_behaviors::BackUp
[behavior_server-13] [INFO] [1791000089.271163672] [behavior_server]: Creating behavior plugin drive_on_heading of type nav2_behaviors::DriveOnHeading
[behavior_server-13] [INFO] [1791000089.274238823] [behavior_server]: Creating behavior plugin assisted_teleop of type nav2_behaviors::AssistedTeleop
[behavior_server-13] [INFO] [1791000089.279645668] [behavior_server]: Creating behavior plugin wait of type nav2_behaviors::Wait
[behavior_server-13] [INFO] [1791000089.304755208] [behavior_server]: Configuring spin
[behavior_server-13] [INFO] [1791000089.319526747] [behavior_server]: Configuring backup
[behavior_server-13] [INFO] [1791000089.352722200] [behavior_server]: Configuring drive_on_heading
[behavior_server-13] [INFO] [1791000089.380498185] [behavior_server]: Configuring assisted_teleop
[behavior_server-13] [INFO] [1791000089.416800454] [behavior_server]: Configuring wait
[lifecycle_manager-19] [INFO] [1791000089.448743040] [lifecycle_manager_navigation]: [34m[1mConfiguring velocity_smoother[0m[0m
[velocity_smoother-16] [INFO] [1791000089.449176322] [velocity_smoother]: Configuring velocity smoother
[lifecycle_manager-19] [INFO] [1791000089.464209823] [lifecycle_manager_navigation]: [34m[1mConfiguring collision_monitor[0m[0m
[collision_monitor-17] [INFO] [1791000089.470076471] [collision_monitor]: Configuring
[collision_monitor-17] [INFO] [1791000089.485631945] [collision_monitor]: [scan]: Creating Scan
[collision_monitor-17] [INFO] [1791000089.490967391] [collision_monitor]: [FootprintApproach]: Creating Polygon
[collision_monitor-17] [INFO] [1791000089.492308175] [collision_monitor]: [FootprintApproach]: Polygon points are not defined. Using dynamic subscription instead.
[collision_monitor-17] [INFO] [1791000089.492713566] [collision_monitor]: [FootprintApproach]: Making footprint subscriber on /local_costmap/published_footprint topic
[lifecycle_manager-19] [INFO] [1791000089.518876274] [lifecycle_manager_navigation]: [34m[1mConfiguring bt_navigator[0m[0m
[bt_navigator-14] [INFO] [1791000089.519602719] [bt_navigator]: Configuring
[bt_navigator-14] [INFO] [1791000089.530554446] [bt_navigator]: Creating navigator id navigate_to_pose of type nav2_bt_navigator::NavigateToPoseNavigator
[bt_navigator-14] [INFO] [1791000089.680056777] [bt_navigator]: Creating navigator id navigate_through_poses of type nav2_bt_navigator::NavigateThroughPosesNavigator
[lifecycle_manager-19] [INFO] [1791000089.778085291] [lifecycle_manager_navigation]: [34m[1mConfiguring waypoint_follower[0m[0m
[waypoint_follower-15] [INFO] [1791000089.779011746] [waypoint_follower]: Configuring
[waypoint_follower-15] [INFO] [1791000089.867333756] [waypoint_follower]: Created waypoint_task_executor : wait_at_waypoint of type nav2_waypoint_follower::WaitAtWaypoint
[lifecycle_manager-19] [INFO] [1791000089.871864959] [lifecycle_manager_navigation]: [34m[1mConfiguring docking_server[0m[0m
[opennav_docking-18] [INFO] [1791000089.873125529] [docking_server]: Configuring docking_server
[opennav_docking-18] [INFO] [1791000089.873182990] [docking_server]: Controller frequency set to 50.0000Hz
[opennav_docking-18] [INFO] [1791000089.935898736] [docking_server]: Created charging dock plugin simple_charging_dock of type opennav_docking::SimpleChargingDock
[opennav_docking-18] [WARN] [1791000089.949658237] [docking_server]: Dock database filepath nor dock parameters set. Docking actions can only be executed specifying the dock pose via the action request. Or update the dock database via the reload_database service.
[opennav_docking-18] [INFO] [1791000089.949699552] [docking_server]: Docking Server has 1 dock types and 0 dock instances available.
[lifecycle_manager-19] [INFO] [1791000089.956960432] [lifecycle_manager_navigation]: [34m[1mActivating controller_server[0m[0m
[controller_server-9] [INFO] [1791000089.957749415] [controller_server]: Activating
[controller_server-9] [INFO] [1791000089.957832512] [local_costmap.local_costmap]: Activating
[controller_server-9] [INFO] [1791000089.957840060] [local_costmap.local_costmap]: Checking transform
[controller_server-9] [INFO] [1791000089.957976944] [local_costmap.local_costmap]: start
[controller_server-9] [INFO] [1791000090.209023601] [controller_server]: Activating controller: FollowPath of type regulated_pure_pursuit_controller::RegulatedPurePursuitController
[controller_server-9] [INFO] [1791000090.209067006] [controller_server]: Creating bond (controller_server) to lifecycle manager.
[lifecycle_manager-19] [INFO] [1791000090.320730319] [lifecycle_manager_navigation]: Server controller_server connected with bond.
[lifecycle_manager-19] [INFO] [1791000090.320794176] [lifecycle_manager_navigation]: [34m[1mActivating smoother_server[0m[0m
[smoother_server-10] [INFO] [1791000090.321424633] [smoother_server]: Activating
[smoother_server-10] [INFO] [1791000090.321482645] [smoother_server]: Activating smoother: constrained of type nav2_constrained_smoother::ConstrainedSmoother
[smoother_server-10] [INFO] [1791000090.321496525] [smoother_server]: Creating bond (smoother_server) to lifecycle manager.
[lifecycle_manager-19] [INFO] [1791000090.434357575] [lifecycle_manager_navigation]: Server smoother_server connected with bond.
[lifecycle_manager-19] [INFO] [1791000090.434418719] [lifecycle_manager_navigation]: [34m[1mActivating planner_server[0m[0m
[planner_server-11] [INFO] [1791000090.434809755] [planner_server]: Activating
[planner_server-11] [INFO] [1791000090.434851510] [global_costmap.global_costmap]: Activating
[planner_server-11] [INFO] [1791000090.434860595] [global_costmap.global_costmap]: Checking transform
[planner_server-11] [INFO] [1791000090.435040355] [global_costmap.global_costmap]: start
[planner_server-11] [INFO] [1791000090.485457990] [planner_server]: Activating plugin Smac2D of type SmacPlanner2D
[planner_server-11] [INFO] [1791000090.485714005] [planner_server]: Activating plugin ThetaStar of type nav2_theta_star_planner
[planner_server-11] [INFO] [1791000090.485779980] [planner_server]: Activating plugin SmacHybrid of type SmacPlannerHybrid
[planner_server-11] [INFO] [1791000090.487706078] [planner_server]: Activating plugin NavFnDijkstra of type NavfnPlanner
[planner_server-11] [INFO] [1791000090.487753786] [planner_server]: Activating plugin NavFnAStar of type NavfnPlanner
[planner_server-11] [INFO] [1791000090.492990071] [planner_server]: Creating bond (planner_server) to lifecycle manager.
[lifecycle_manager-19] [INFO] [1791000090.613008498] [lifecycle_manager_navigation]: Server planner_server connected with bond.
[lifecycle_manager-19] [INFO] [1791000090.613069992] [lifecycle_manager_navigation]: [34m[1mActivating route_server[0m[0m
[route_server-12] [INFO] [1791000090.614153148] [route_server]: Activating
[route_server-12] [INFO] [1791000090.614584707] [route_server]: Creating bond (route_server) to lifecycle manager.
[lifecycle_manager-19] [INFO] [1791000090.724096539] [lifecycle_manager_navigation]: Server route_server connected with bond.
[lifecycle_manager-19] [INFO] [1791000090.724175517] [lifecycle_manager_navigation]: [34m[1mActivating behavior_server[0m[0m
[behavior_server-13] [INFO] [1791000090.725938084] [behavior_server]: Activating
[behavior_server-13] [INFO] [1791000090.725970646] [behavior_server]: Activating spin
[behavior_server-13] [INFO] [1791000090.725980816] [behavior_server]: Activating backup
[behavior_server-13] [INFO] [1791000090.725988826] [behavior_server]: Activating drive_on_heading
[behavior_server-13] [INFO] [1791000090.725995977] [behavior_server]: Activating assisted_teleop
[behavior_server-13] [INFO] [1791000090.726013805] [behavior_server]: Activating wait
[behavior_server-13] [INFO] [1791000090.726040250] [behavior_server]: Creating bond (behavior_server) to lifecycle manager.
[lifecycle_manager-19] [INFO] [1791000090.836133291] [lifecycle_manager_navigation]: Server behavior_server connected with bond.
[lifecycle_manager-19] [INFO] [1791000090.836203759] [lifecycle_manager_navigation]: [34m[1mActivating velocity_smoother[0m[0m
[velocity_smoother-16] [INFO] [1791000090.838377416] [velocity_smoother]: Activating
[velocity_smoother-16] [INFO] [1791000090.838469772] [velocity_smoother]: Creating bond (velocity_smoother) to lifecycle manager.
[lifecycle_manager-19] [INFO] [1791000090.967835733] [lifecycle_manager_navigation]: Server velocity_smoother connected with bond.
[lifecycle_manager-19] [INFO] [1791000090.967884099] [lifecycle_manager_navigation]: [34m[1mActivating collision_monitor[0m[0m
[collision_monitor-17] [INFO] [1791000090.969054077] [collision_monitor]: Activating
[collision_monitor-17] [INFO] [1791000090.969105203] [collision_monitor]: Creating bond (collision_monitor) to lifecycle manager.
[lifecycle_manager-19] [INFO] [1791000091.093800563] [lifecycle_manager_navigation]: Server collision_monitor connected with bond.
[lifecycle_manager-19] [INFO] [1791000091.093860199] [lifecycle_manager_navigation]: [34m[1mActivating bt_navigator[0m[0m
[bt_navigator-14] [INFO] [1791000091.095932585] [bt_navigator]: Activating
[bt_navigator-14] [INFO] [1791000091.283300106] [bt_navigator]: Creating bond (bt_navigator) to lifecycle manager.
[lifecycle_manager-19] [INFO] [1791000091.400867255] [lifecycle_manager_navigation]: Server bt_navigator connected with bond.
[lifecycle_manager-19] [INFO] [1791000091.400923359] [lifecycle_manager_navigation]: [34m[1mActivating waypoint_follower[0m[0m
[waypoint_follower-15] [INFO] [1791000091.401430287] [waypoint_follower]: Activating
[waypoint_follower-15] [INFO] [1791000091.401476888] [waypoint_follower]: Creating bond (waypoint_follower) to lifecycle manager.
[lifecycle_manager-19] [INFO] [1791000091.508590204] [lifecycle_manager_navigation]: Server waypoint_follower connected with bond.
[lifecycle_manager-19] [INFO] [1791000091.508662021] [lifecycle_manager_navigation]: [34m[1mActivating docking_server[0m[0m
[opennav_docking-18] [INFO] [1791000091.510126743] [docking_server]: Activating docking_server
[opennav_docking-18] [INFO] [1791000091.538128515] [docking_server]: Creating bond (docking_server) to lifecycle manager.
[lifecycle_manager-19] [INFO] [1791000091.648563642] [lifecycle_manager_navigation]: Server docking_server connected with bond.
[lifecycle_manager-19] [INFO] [1791000091.648611810] [lifecycle_manager_navigation]: [34m[1mManaged nodes are active[0m[0m
[lifecycle_manager-19] [INFO] [1791000091.648619712] [lifecycle_manager_navigation]: [34m[1mCreating bond timer...[0m[0m
[amcl-7] [INFO] [1791000091.653230575] [amcl]: initialPoseReceived
[amcl-7] [WARN] [1791000091.653332343] [amcl]: Failed to transform initial pose in time (Lookup would require extrapolation into the future.  Requested time 4.035000 but the latest data is at time 4.032000, when looking up transform from frame [base_link] to frame [odom])
[amcl-7] [INFO] [1791000091.653346079] [amcl]: Setting pose (4.035000): -5.000 0.000 0.000
[amcl-7] [INFO] [1791000091.654445072] [amcl]: initialPoseReceived
[amcl-7] [WARN] [1791000091.654542067] [amcl]: Failed to transform initial pose in time (Lookup would require extrapolation into the future.  Requested time 4.035000 but the latest data is at time 4.032000, when looking up transform from frame [base_link] to frame [odom])
[amcl-7] [INFO] [1791000091.654556120] [amcl]: Setting pose (4.035000): -5.000 0.000 0.000
[planner_server-11] [INFO] [1791000093.658581011] [global_costmap.global_costmap]: Received request to clear entirely the global_costmap
[controller_server-9] [INFO] [1791000093.663830917] [local_costmap.local_costmap]: Received request to clear entirely the local_costmap
[planner_server-11] [WARN] [1791000094.450250558] [planner_server]: Planner loop missed its desired rate of 5.0000 Hz. Current loop rate is 3.6232 Hz
[smoother_server-10] [INFO] [1791000094.506378642] [smoother_server]: Received a path to smooth.
[smoother_server-10] [INFO] [1791000094.567730970] [smoother_server]: PSTMO: 3 corners, 3 G2, 0 pivots, 0 pass-through, 65 evaluations, 0.060989 s
[controller_server-9] [INFO] [1791000094.620504113] [controller_server]: Received a goal, begin computing control effort.
[parameter_bridge-3] [INFO] [1791000094.653268395] [ros_gz_bridge]: Passing message from ROS geometry_msgs/msg/Twist to Gazebo gz.msgs.Twist (showing msg only once per type)
[controller_server-9] [INFO] [1791000135.271144019] [controller_server]: Reached the goal!
[execution_trial-5] [INFO] [1791000136.498393890] [execution_trial]: Execution trial finished: method=pstmo, success=True, time=39.132s, output=/home/linh-pham/agv_nav2_research_ws_bao/docs/warehouse_cross_aisles_5_routes/execution/cross_to_picking_turn/cross_to_picking_turn_thetastar_pstmo.json
[INFO] [execution_trial-5]: process has finished cleanly [pid 69808]
[INFO] [lifecycle_manager-19]: sending signal 'SIGINT' to process[lifecycle_manager-19]
[INFO] [opennav_docking-18]: sending signal 'SIGINT' to process[opennav_docking-18]
[INFO] [collision_monitor-17]: sending signal 'SIGINT' to process[collision_monitor-17]
[INFO] [velocity_smoother-16]: sending signal 'SIGINT' to process[velocity_smoother-16]
[INFO] [waypoint_follower-15]: sending signal 'SIGINT' to process[waypoint_follower-15]
[INFO] [bt_navigator-14]: sending signal 'SIGINT' to process[bt_navigator-14]
[INFO] [behavior_server-13]: sending signal 'SIGINT' to process[behavior_server-13]
[INFO] [route_server-12]: sending signal 'SIGINT' to process[route_server-12]
[INFO] [planner_server-11]: sending signal 'SIGINT' to process[planner_server-11]
[INFO] [smoother_server-10]: sending signal 'SIGINT' to process[smoother_server-10]
[INFO] [controller_server-9]: sending signal 'SIGINT' to process[controller_server-9]
[INFO] [lifecycle_manager-8]: sending signal 'SIGINT' to process[lifecycle_manager-8]
[INFO] [amcl-7]: sending signal 'SIGINT' to process[amcl-7]
[INFO] [map_server-6]: sending signal 'SIGINT' to process[map_server-6]
[INFO] [robot_state_publisher-4]: sending signal 'SIGINT' to process[robot_state_publisher-4]
[INFO] [parameter_bridge-3]: sending signal 'SIGINT' to process[parameter_bridge-3]
[INFO] [gazebo-1]: sending signal 'SIGINT' to process[gazebo-1]
[lifecycle_manager-19] [INFO] [1791000136.837995417] [rclcpp]: signal_handler(SIGINT/SIGTERM)
[lifecycle_manager-19] [INFO] [1791000136.838099491] [lifecycle_manager_navigation]: Running Nav2 LifecycleManager rcl preshutdown (lifecycle_manager_navigation)
[lifecycle_manager-19] [INFO] [1791000136.838161724] [lifecycle_manager_navigation]: [34m[1mTerminating bond timer...[0m[0m
[opennav_docking-18] [INFO] [1791000136.840500239] [rclcpp]: signal_handler(SIGINT/SIGTERM)
[opennav_docking-18] [INFO] [1791000136.840637063] [docking_server]: Running Nav2 LifecycleNode rcl preshutdown (docking_server)
[opennav_docking-18] [INFO] [1791000136.840686709] [docking_server]: Deactivating docking_server
[collision_monitor-17] [INFO] [1791000136.842655006] [rclcpp]: signal_handler(SIGINT/SIGTERM)
[collision_monitor-17] [INFO] [1791000136.842753053] [collision_monitor]: Running Nav2 LifecycleNode rcl preshutdown (collision_monitor)
[collision_monitor-17] [INFO] [1791000136.842812336] [collision_monitor]: Deactivating
[collision_monitor-17] [INFO] [1791000136.842826843] [collision_monitor]: Destroying bond (collision_monitor) to lifecycle manager.
[velocity_smoother-16] [INFO] [1791000136.844928021] [rclcpp]: signal_handler(SIGINT/SIGTERM)
[velocity_smoother-16] [INFO] [1791000136.845065083] [velocity_smoother]: Running Nav2 LifecycleNode rcl preshutdown (velocity_smoother)
[velocity_smoother-16] [INFO] [1791000136.845134986] [velocity_smoother]: Deactivating
[velocity_smoother-16] [INFO] [1791000136.845164181] [velocity_smoother]: Destroying bond (velocity_smoother) to lifecycle manager.
[waypoint_follower-15] [INFO] [1791000136.847942918] [rclcpp]: signal_handler(SIGINT/SIGTERM)
[waypoint_follower-15] [INFO] [1791000136.848064442] [waypoint_follower]: Running Nav2 LifecycleNode rcl preshutdown (waypoint_follower)
[waypoint_follower-15] [INFO] [1791000136.848166244] [waypoint_follower]: Deactivating
[waypoint_follower-15] [INFO] [1791000136.848198232] [waypoint_follower]: Destroying bond (waypoint_follower) to lifecycle manager.
[bt_navigator-14] [INFO] [1791000136.849210271] [rclcpp]: signal_handler(SIGINT/SIGTERM)
[bt_navigator-14] [INFO] [1791000136.849340296] [bt_navigator]: Running Nav2 LifecycleNode rcl preshutdown (bt_navigator)
[bt_navigator-14] [INFO] [1791000136.849569981] [bt_navigator]: Deactivating
[bt_navigator-14] [INFO] [1791000136.849613549] [bt_navigator]: Destroying bond (bt_navigator) to lifecycle manager.
[behavior_server-13] [INFO] [1791000136.851362234] [rclcpp]: signal_handler(SIGINT/SIGTERM)
[behavior_server-13] [INFO] [1791000136.851505937] [behavior_server]: Running Nav2 LifecycleNode rcl preshutdown (behavior_server)
[behavior_server-13] [INFO] [1791000136.851579307] [behavior_server]: Deactivating
[behavior_server-13] [INFO] [1791000136.851612585] [behavior_server]: Destroying bond (behavior_server) to lifecycle manager.
[collision_monitor-17] [INFO] [1791000136.853098340] [collision_monitor]: Cleaning up
[collision_monitor-17] [INFO] [1791000136.853140106] [collision_monitor]: [FootprintApproach]: Destroying Polygon
[collision_monitor-17] [INFO] [1791000136.853151737] [collision_monitor]: [scan]: Destroying Scan
[route_server-12] [INFO] [1791000136.854201056] [rclcpp]: signal_handler(SIGINT/SIGTERM)
[route_server-12] [INFO] [1791000136.854353948] [route_server]: Running Nav2 LifecycleNode rcl preshutdown (route_server)
[route_server-12] [INFO] [1791000136.854429512] [route_server]: Deactivating
[route_server-12] [INFO] [1791000136.854449441] [route_server]: Destroying bond (route_server) to lifecycle manager.
[velocity_smoother-16] [INFO] [1791000136.855823723] [velocity_smoother]: Cleaning up
[velocity_smoother-16] [INFO] [1791000136.855882987] [velocity_smoother]: Destroying bond (velocity_smoother) to lifecycle manager.
[planner_server-11] [INFO] [1791000136.856257763] [rclcpp]: signal_handler(SIGINT/SIGTERM)
[planner_server-11] [INFO] [1791000136.856325025] [planner_server]: Running Nav2 LifecycleNode rcl preshutdown (planner_server)
[planner_server-11] [INFO] [1791000136.856375249] [planner_server]: Deactivating
[planner_server-11] [INFO] [1791000136.856409280] [global_costmap.global_costmap]: Deactivating
[smoother_server-10] [INFO] [1791000136.858698304] [rclcpp]: signal_handler(SIGINT/SIGTERM)
[smoother_server-10] [INFO] [1791000136.858772575] [smoother_server]: Running Nav2 LifecycleNode rcl preshutdown (smoother_server)
[smoother_server-10] [INFO] [1791000136.858827270] [smoother_server]: Deactivating
[smoother_server-10] [INFO] [1791000136.858853744] [smoother_server]: Deactivating smoother: constrained of type nav2_constrained_smoother::ConstrainedSmoother
[smoother_server-10] [INFO] [1791000136.858863016] [smoother_server]: Destroying bond (smoother_server) to lifecycle manager.
[collision_monitor-17] [INFO] [1791000136.859801565] [collision_monitor]: Destroying bond (collision_monitor) to lifecycle manager.
[controller_server-9] [INFO] [1791000136.861051910] [rclcpp]: signal_handler(SIGINT/SIGTERM)
[controller_server-9] [INFO] [1791000136.861121760] [controller_server]: Running Nav2 LifecycleNode rcl preshutdown (controller_server)
[controller_server-9] [INFO] [1791000136.861171658] [controller_server]: Deactivating
[controller_server-9] [INFO] [1791000136.861186156] [controller_server]: Deactivating controller: FollowPath of type regulated_pure_pursuit_controller::RegulatedPurePursuitController
[controller_server-9] [INFO] [1791000136.861200633] [local_costmap.local_costmap]: Deactivating
[bt_navigator-14] [INFO] [1791000136.861320504] [bt_navigator]: Cleaning up
[behavior_server-13] [INFO] [1791000136.861954216] [behavior_server]: Cleaning up
[lifecycle_manager-8] [INFO] [1791000136.863275841] [rclcpp]: signal_handler(SIGINT/SIGTERM)
[lifecycle_manager-8] [INFO] [1791000136.863376117] [lifecycle_manager_localization]: Running Nav2 LifecycleManager rcl preshutdown (lifecycle_manager_localization)
[lifecycle_manager-8] [INFO] [1791000136.863420134] [lifecycle_manager_localization]: [34m[1mTerminating bond timer...[0m[0m
[waypoint_follower-15] [INFO] [1791000136.863676773] [waypoint_follower]: Cleaning up
[route_server-12] [INFO] [1791000136.865282655] [route_server]: Cleaning up
[amcl-7] [INFO] [1791000136.866162167] [rclcpp]: signal_handler(SIGINT/SIGTERM)
[amcl-7] [INFO] [1791000136.866263533] [amcl]: Running Nav2 LifecycleNode rcl preshutdown (amcl)
[amcl-7] [INFO] [1791000136.866404093] [amcl]: Deactivating
[amcl-7] [INFO] [1791000136.866426345] [amcl]: Destroying bond (amcl) to lifecycle manager.
[smoother_server-10] [INFO] [1791000136.869541709] [smoother_server]: Cleaning up
[smoother_server-10] [INFO] [1791000136.869674687] [smoother_server]: Cleaning up smoother: constrained of type nav2_constrained_smoother::ConstrainedSmoother
[map_server-6] [INFO] [1791000136.869863228] [rclcpp]: signal_handler(SIGINT/SIGTERM)
[map_server-6] [INFO] [1791000136.869982176] [map_server]: Running Nav2 LifecycleNode rcl preshutdown (map_server)
[map_server-6] [INFO] [1791000136.870039812] [map_server]: Deactivating
[map_server-6] [INFO] [1791000136.870053013] [map_server]: Destroying bond (map_server) to lifecycle manager.
[robot_state_publisher-4] [INFO] [1791000136.870376460] [rclcpp]: signal_handler(SIGINT/SIGTERM)
[opennav_docking-18] [INFO] [1791000136.875793836] [docking_server]: Destroying bond (docking_server) to lifecycle manager.
[parameter_bridge-3] [INFO] [1791000136.877129622] [rclcpp]: signal_handler(SIGINT/SIGTERM)
[amcl-7] [INFO] [1791000136.877308468] [amcl]: Cleaning up
[map_server-6] [INFO] [1791000136.882201943] [map_server]: Cleaning up
[map_server-6] [INFO] [1791000136.882268545] [map_server]: Destroying bond (map_server) to lifecycle manager.
[velocity_smoother-16] [INFO] [1791000136.885218724] [velocity_smoother]: Destroying
[opennav_docking-18] [INFO] [1791000136.891463504] [docking_server]: Cleaning up docking_server
[amcl-7] [INFO] [1791000136.894433908] [amcl]: Destroying bond (amcl) to lifecycle manager.
[collision_monitor-17] [INFO] [1791000136.894560265] [collision_monitor]: Destroying
[lifecycle_manager-8] [INFO] [1791000136.906316959] [lifecycle_manager_localization]: Destroying lifecycle_manager_localization
[route_server-12] [INFO] [1791000136.909278806] [route_server]: Destroying bond (route_server) to lifecycle manager.
[waypoint_follower-15] [INFO] [1791000136.910167118] [waypoint_follower]: Destroying bond (waypoint_follower) to lifecycle manager.
[behavior_server-13] [INFO] [1791000136.919624740] [behavior_server]: Destroying bond (behavior_server) to lifecycle manager.
[map_server-6] [INFO] [1791000136.924989739] [map_server]: Destroying
[route_server-12] [INFO] [1791000136.931433715] [route_server]: Destroying
[smoother_server-10] [INFO] [1791000136.930377007] [smoother_server]: Destroying bond (smoother_server) to lifecycle manager.
[waypoint_follower-15] [INFO] [1791000136.938056307] [waypoint_follower]: Destroying
[amcl-7] [INFO] [1791000136.942123744] [amcl]: Destroying
[controller_server-9] [INFO] [1791000136.958223509] [controller_server]: Destroying bond (controller_server) to lifecycle manager.
[smoother_server-10] [INFO] [1791000136.958991699] [smoother_server]: Destroying
[controller_server-9] [INFO] [1791000136.968552965] [controller_server]: Cleaning up
[controller_server-9] [INFO] [1791000136.968587449] [controller_server]: Cleaning up controller: FollowPath of type regulated_pure_pursuit_controller::RegulatedPurePursuitController
[controller_server-9] [INFO] [1791000136.968632114] [local_costmap.local_costmap]: Cleaning up
[behavior_server-13] [INFO] [1791000136.972725733] [behavior_server]: Destroying
[opennav_docking-18] [INFO] [1791000136.973597873] [docking_server]: Destroying bond (docking_server) to lifecycle manager.
[opennav_docking-18] [INFO] [1791000136.997669924] [docking_server]: Destroying
[controller_server-9] [INFO] [1791000137.030557191] [controller_server]: Destroying bond (controller_server) to lifecycle manager.
[controller_server-9] [INFO] [1791000137.033116022] [local_costmap.local_costmap]: Destroying
[controller_server-9] [INFO] [1791000137.041092537] [controller_server]: Destroying
[INFO] [parameter_bridge-3]: process has finished cleanly [pid 69806]
[INFO] [lifecycle_manager-8]: process has finished cleanly [pid 69975]
[bt_navigator-14] [INFO] [1791000137.073399452] [bt_navigator]: Completed Cleaning up
[bt_navigator-14] [INFO] [1791000137.073447314] [bt_navigator]: Destroying bond (bt_navigator) to lifecycle manager.
[lifecycle_manager-19] [INFO] [1791000137.077943064] [lifecycle_manager_navigation]: Destroying lifecycle_manager_navigation
[bt_navigator-14] [INFO] [1791000137.080047490] [bt_navigator]: Destroying
[INFO] [velocity_smoother-16]: process has finished cleanly [pid 69989]
[INFO] [map_server-6]: process has finished cleanly [pid 69973]
[INFO] [collision_monitor-17]: process has finished cleanly [pid 69990]
[INFO] [robot_state_publisher-4]: process has finished cleanly [pid 69807]
[INFO] [amcl-7]: process has finished cleanly [pid 69974]
[INFO] [route_server-12]: process has finished cleanly [pid 69981]
[INFO] [smoother_server-10]: process has finished cleanly [pid 69977]
[INFO] [waypoint_follower-15]: process has finished cleanly [pid 69986]
[INFO] [behavior_server-13]: process has finished cleanly [pid 69982]
[INFO] [opennav_docking-18]: process has finished cleanly [pid 69991]
[INFO] [controller_server-9]: process has finished cleanly [pid 69976]
[INFO] [lifecycle_manager-19]: process has finished cleanly [pid 69992]
[INFO] [bt_navigator-14]: process has finished cleanly [pid 69983]
[planner_server-11] [INFO] [1791000137.437674172] [planner_server]: Deactivating plugin Smac2D of type SmacPlanner2D
[planner_server-11] [INFO] [1791000137.437748020] [planner_server]: Deactivating plugin ThetaStar of type nav2_theta_star_planner
[planner_server-11] [INFO] [1791000137.437772554] [planner_server]: Deactivating plugin SmacHybrid of type SmacPlannerHybrid
[planner_server-11] [INFO] [1791000137.437791797] [planner_server]: Deactivating plugin NavFnDijkstra of type NavfnPlanner
[planner_server-11] [INFO] [1791000137.437807789] [planner_server]: Deactivating plugin NavFnAStar of type NavfnPlanner
[planner_server-11] [INFO] [1791000137.437832412] [planner_server]: Destroying bond (planner_server) to lifecycle manager.
[planner_server-11] [INFO] [1791000137.448058440] [planner_server]: Cleaning up
[planner_server-11] [INFO] [1791000137.456125485] [global_costmap.global_costmap]: Cleaning up
[planner_server-11] [INFO] [1791000137.459594282] [planner_server]: Cleaning up plugin Smac2D of type SmacPlanner2D
[planner_server-11] [INFO] [1791000137.459862217] [planner_server]: CleaningUp plugin ThetaStar of type nav2_theta_star_planner
[planner_server-11] [INFO] [1791000137.459955092] [planner_server]: Cleaning up plugin SmacHybrid of type SmacPlannerHybrid
[planner_server-11] [INFO] [1791000137.460081139] [planner_server]: Cleaning up plugin NavFnDijkstra of type NavfnPlanner
[planner_server-11] [INFO] [1791000137.460399725] [planner_server]: Cleaning up plugin NavFnAStar of type NavfnPlanner
[planner_server-11] [INFO] [1791000137.460435779] [planner_server]: Destroying plugin Smac2D of type SmacPlanner2D
[planner_server-11] [INFO] [1791000137.460453109] [planner_server]: Destroying plugin SmacHybrid of type SmacPlannerHybrid
[planner_server-11] [INFO] [1791000137.460466474] [planner_server]: Destroying plugin NavFnDijkstra of type NavfnPlanner
[planner_server-11] [INFO] [1791000137.460471608] [planner_server]: Destroying plugin NavFnAStar of type NavfnPlanner
[planner_server-11] [INFO] [1791000137.468898113] [planner_server]: Destroying bond (planner_server) to lifecycle manager.
[planner_server-11] [INFO] [1791000137.472165755] [global_costmap.global_costmap]: Destroying
[planner_server-11] [INFO] [1791000137.476181819] [planner_server]: Destroying
[INFO] [planner_server-11]: process has finished cleanly [pid 69980]
[ERROR] [gazebo-1]: process[gazebo-1] failed to terminate '5' seconds after receiving 'SIGINT', escalating to 'SIGTERM'
[INFO] [gazebo-1]: sending signal 'SIGTERM' to process[gazebo-1]
[ERROR] [gazebo-1]: process has died [pid 69803, exit code -15, cmd 'ruby /opt/ros/jazzy/opt/gz_tools_vendor/bin/gz sim -r -s -v 3 --initial-sim-time 0.0 /home/linh-pham/agv_nav2_research_ws_bao/install/vacuum_robot_gazebo/share/vacuum_robot_gazebo/worlds/warehouse_cross_aisles.sdf --force-version 8'].
