algorithm_time_s,curvature_energy_1pm,deviation_max_m,deviation_rmse_m,error,footprint_clearance_mean_m,footprint_clearance_min_m,footprint_clearance_p05_m,footprint_collision_sample_count,footprint_pose_sample_count,max_abs_curvature_1pm,method,metric_spacing_m,native_point_count,output_path_sha256,path_length_m,pivot_marker_count,pivot_max_angle_rad,pivot_total_angle_rad,planner,planner_output_path_sha256,point_count,pstmo_coarse_shape_evaluations,pstmo_compatible_edges,pstmo_competitive_candidates,pstmo_conditioned_polyline,pstmo_conditioning_input_points,pstmo_conditioning_max_deviation,pstmo_conditioning_observed_deviation,pstmo_conditioning_oscillation_deviation,pstmo_conditioning_oscillation_shortcuts,pstmo_conditioning_output_points,pstmo_conditioning_safety_rejections,pstmo_conditioning_shortcuts,pstmo_corner_search,pstmo_corners,pstmo_dp_states,pstmo_evaluations,pstmo_final_invariants_verified,pstmo_g2_transitions,pstmo_los_accepted_shortcuts,pstmo_los_attempted_shortcuts,pstmo_los_input_points,pstmo_los_output_points,pstmo_los_rejection_reason,pstmo_los_runtime_s,pstmo_los_safety_rejections,pstmo_max_footprint_cost,pstmo_mean_transition_score,pstmo_output_points,pstmo_pass_through_corners,pstmo_pipeline_execution_count,pstmo_pivots,pstmo_preprocessed_polyline,pstmo_preprocessing_mode,pstmo_raw_input_points,pstmo_recovery_shape_evaluations,pstmo_refinement_shape_evaluations,pstmo_rejections,pstmo_runtime_s,pstmo_search_mode,pstmo_segment_margin,pstmo_selected_stitch_rejection,pstmo_trim_domain,pstmo_valid_candidates,raw_path_sha256,removed_duplicate_pose_count,repetition,scenario,success,translation_curvature_energy_1pm,translation_max_abs_curvature_1pm,translation_path_length_m,translation_segment_count,wall_time_s
0.003,110.30270556220646,2.220446049250313e-16,4.262319029403685e-17,,0.6435084442854118,0.23390290478282266,0.27482761130179756,0,411,24.058960877280523,raw,0.05,404,84f39e7000bf7fa09cd3b5bfe09b577de0cba590cb985cad49ebca6618817e61,10.387657362825273,0,0.0,0,NavFnAStar,3707b0084d3e6b8be9325ee7e1a0612564981e0629cc24e080cd9bec58723ed6,210,,,,,,,,,,,,,,,,,,,,,,,,,,,,,,,,,,,,,,,,,,,,84f39e7000bf7fa09cd3b5bfe09b577de0cba590cb985cad49ebca6618817e61,0,1,west_east_center,True,110.30270556220646,24.058960877280523,10.387657362825273,1,0.007787529000779614
0.0,4.5535785246111855,0.02677176127881221,0.004259138702694718,,0.6341608468258592,0.2808724311428359,0.3146446656292434,0,414,3.746038968860649,simple,0.05,404,914fa95fcd409415f41a133fcd5ce08c7d272442a737460bd56410c45a32a69c,10.297797031762158,0,0.0,0,NavFnAStar,3707b0084d3e6b8be9325ee7e1a0612564981e0629cc24e080cd9bec58723ed6,207,,,,,,,,,,,,,,,,,,,,,,,,,,,,,,,,,,,,,,,,,,,,84f39e7000bf7fa09cd3b5bfe09b577de0cba590cb985cad49ebca6618817e61,0,1,west_east_center,True,4.5535785246111855,3.746038968860649,10.297797031762158,1,0.010251405999952112
0.0,30.516868438296136,0.015434832565254238,0.0020617482102437694,,0.6501828583311563,0.26878279146075923,0.3146446656292434,0,462,9.904826371498357,savitzky_golay,0.05,404,48c965632959d1ed36597366fa5b95aed5b9304d8035cff5e8cfbdb4036e761c,10.331827662669014,0,0.0,0,NavFnAStar,3707b0084d3e6b8be9325ee7e1a0612564981e0629cc24e080cd9bec58723ed6,208,,,,,,,,,,,,,,,,,,,,,,,,,,,,,,,,,,,,,,,,,,,,84f39e7000bf7fa09cd3b5bfe09b577de0cba590cb985cad49ebca6618817e61,0,1,west_east_center,True,30.516868438296136,9.904826371498357,10.331827662669014,1,0.03490558700104884
0.030000000000000002,72.95271553818085,0.009080739176839943,0.0016101329126332383,,0.6434455129853656,0.26464466488418537,0.30005486203680687,0,486,15.571823545177223,constrained,0.05,404,3518c05039bd732d63514a822b73f744ce706e4ba326e3d04e01409993921618,10.366127314586247,0,0.0,0,NavFnAStar,3707b0084d3e6b8be9325ee7e1a0612564981e0629cc24e080cd9bec58723ed6,209,,,,,,,,,,,,,,,,,,,,,,,,,,,,,,,,,,,,,,,,,,,,84f39e7000bf7fa09cd3b5bfe09b577de0cba590cb985cad49ebca6618817e61,0,1,west_east_center,True,72.95271553818085,15.571823545177223,10.366127314586247,1,0.04037603800134093
0.036000000000000004,0.4236225481935123,0.22663056588000272,0.11240675990867662,,0.42960955671398154,0.11464466264901119,0.16464466339406925,0,463,0.4647258378015405,pstmo,0.05,462,4d24b8d8a8843c7be27b180fc3fd616c722981d60edfd8b97c067345f64f8d4c,10.134152899331479,0,0.0,0,NavFnAStar,3707b0084d3e6b8be9325ee7e1a0612564981e0629cc24e080cd9bec58723ed6,204,10,4,2,"[[-5, 0], [-0.823487, 0.535851], [0.469164, 0.432497], [1.97725, -0.327349], [4.45, -0.3], [5, 0]]",404,0.075,0.0624366,0.15,0,6,0,5,"[{'index': 0, 'x': 0.469164, 'y': 0.432497, 'turn_angle': -0.545636, 'incoming_length': 5.48624, 'outgoing_length': 1.68869, 'pivot_safe': True, 'pass_through': False, 'equivalent_radius_min': 2.85924, 'equivalent_radius_max': 2.85924, 'trim_min': 0.8, 'trim_max': 0.8, 'trim_evaluations': 1, 'preferred_trim': 0.8, 'compatible_trim': 0.8, 'coarse_evaluations': 5, 'recovery_evaluations': 0, 'refinement_evaluations': 8, 'evaluations': 13, 'safe_feasible': 13, 'states': 2, 'selected_radius': 2.85924, 'selected_trim': 0.8, 'selected_control_distance': 0.256, 'selected_control_fraction': 0.32, 'selected_curvature_energy': 0.201539, 'selected_score': 0.278009}, {'index': 1, 'x': 1.97725, 'y': -0.327349, 'turn_angle': 0.574596, 'incoming_length': 1.68869, 'outgoing_length': 3.04042, 'pivot_safe': True, 'pass_through': False, 'equivalent_radius_min': 2.70753, 'equivalent_radius_max': 2.70753, 'trim_min': 0.8, 'trim_max': 0.8, 'trim_evaluations': 1, 'preferred_trim': 0.8, 'compatible_trim': 0.8, 'coarse_evaluations': 5, 'recovery_evaluations': 0, 'refinement_evaluations': 8, 'evaluations': 13, 'safe_feasible': 12, 'states': 2, 'selected_radius': 2.70753, 'selected_trim': 0.8, 'selected_control_distance': 0.256, 'selected_control_fraction': 0.32, 'selected_curvature_energy': 0.224104, 'selected_score': 0.26004}]",2,4,26,True,2,2,7,6,4,,0.00390677,5,252,0.269025,462,0,1,0,"[[-5, 0], [0.469164, 0.432497], [1.97725, -0.327349], [5, 0]]",condition_then_los,404,0,16,{'shape_angular acceleration iteration did not converge': 1},0.0352636,hierarchical_alpha_two_trim,0.05,,derived_preferred_compatible,2,84f39e7000bf7fa09cd3b5bfe09b577de0cba590cb985cad49ebca6618817e61,0,1,west_east_center,True,0.4236225481935123,0.4647258378015405,10.134152899331479,1,0.045425717000398436
0.0,70.16178235442507,4.440892098500626e-16,6.759806262336998e-17,,0.7449750899838732,0.17079994476667312,0.25619225950049973,0,515,20.275997711645847,raw,0.05,500,a95be9c4142555ec8a27e3dece3e66ee6e46d1edc7b10e31d22e7142f59f47b8,12.49971290943287,0,0.0,0,NavFnAStar,fc26957ced33dc8dcf6179de75ed30fa8ad5c026d01237dd5250eaf50a34b581,252,,,,,,,,,,,,,,,,,,,,,,,,,,,,,,,,,,,,,,,,,,,,a95be9c4142555ec8a27e3dece3e66ee6e46d1edc7b10e31d22e7142f59f47b8,0,1,southwest_northeast,True,70.16178235442507,20.275997711645847,12.49971290943287,1,0.010223497998595121
0.003,8.344478006813022,0.016404790704419102,0.0026330456593641424,,0.7146625779295805,0.25619225950049973,0.28480087705617874,0,515,5.356154461020675,simple,0.05,500,48bfcc51358d89237fa8095daede780489495234ff8d73efda5ccd3cdd8c3715,12.44751905430315,0,0.0,0,NavFnAStar,fc26957ced33dc8dcf6179de75ed30fa8ad5c026d01237dd5250eaf50a34b581,250,,,,,,,,,,,,,,,,,,,,,,,,,,,,,,,,,,,,,,,,,,,,a95be9c4142555ec8a27e3dece3e66ee6e46d1edc7b10e31d22e7142f59f47b8,0,1,southwest_northeast,True,8.344478006813022,5.356154461020675,12.44751905430315,1,0.014265409001382068
0.0,23.331203199568957,0.007540923336024926,0.0011484230758596837,,0.7017752557460771,0.25619225950049973,0.28480087705617874,0,537,10.20817278985836,savitzky_golay,0.05,500,91d25482e3497d907572f5379913533f55fd5fad942ae73e999895ce8215c02a,12.478414787061121,0,0.0,0,NavFnAStar,fc26957ced33dc8dcf6179de75ed30fa8ad5c026d01237dd5250eaf50a34b581,251,,,,,,,,,,,,,,,,,,,,,,,,,,,,,,,,,,,,,,,,,,,,a95be9c4142555ec8a27e3dece3e66ee6e46d1edc7b10e31d22e7142f59f47b8,0,1,southwest_northeast,True,23.331203199568957,10.20817278985836,12.478414787061121,1,0.009813525999561534
0.036000000000000004,42.25912845206057,0.005422824313093083,0.0009597830263321535,,0.6851245931565708,0.2474873771031409,0.2808724311428359,0,563,14.80153144108619,constrained,0.05,500,5d79ca8d0224a0595a18271743158b22473056cd2016fcae2995be64791bf0aa,12.49500463430676,0,0.0,0,NavFnAStar,fc26957ced33dc8dcf6179de75ed30fa8ad5c026d01237dd5250eaf50a34b581,252,,,,,,,,,,,,,,,,,,,,,,,,,,,,,,,,,,,,,,,,,,,,a95be9c4142555ec8a27e3dece3e66ee6e46d1edc7b10e31d22e7142f59f47b8,0,1,southwest_northeast,True,42.25912845206057,14.80153144108619,12.49500463430676,1,0.048498908001420205
0.048,0.1806839635185043,0.3141548204333328,0.12916713610416025,,0.5453611465157527,0.17677669793081488,0.2146446641391273,0,513,0.33661029714370205,pstmo,0.05,503,13f2c0a623e36a80590d523610a5e1a4770a554732678ac902698fdbee2a85d3,12.224404652424795,0,0.0,0,NavFnAStar,fc26957ced33dc8dcf6179de75ed30fa8ad5c026d01237dd5250eaf50a34b581,246,10,4,2,"[[-5, -3], [-4.09876, -2.80483], [-1.12338, -1.77449], [-0.0185378, -1.76912], [0.435275, -1.65422], [1.84011, -0.381683], [2.48797, -0.377937], [2.84242, -0.162622], [3.54428, 1.12025], [4.7346, 2.78906], [5, 3]]",500,0.075,0.0558306,0.15,0,11,0,10,"[{'index': 0, 'x': 0.435275, 'y': -1.65422, 'turn_angle': 0.312028, 'incoming_length': 5.5994, 'outgoing_length': 2.83182, 'pivot_safe': True, 'pass_through': False, 'equivalent_radius_min': 5.08608, 'equivalent_radius_max': 5.08608, 'trim_min': 0.8, 'trim_max': 0.8, 'trim_evaluations': 1, 'preferred_trim': 0.8, 'compatible_trim': 0.8, 'coarse_evaluations': 5, 'recovery_evaluations': 0, 'refinement_evaluations': 8, 'evaluations': 13, 'safe_feasible': 13, 'states': 2, 'selected_radius': 5.08608, 'selected_trim': 0.8, 'selected_control_distance': 0.256, 'selected_control_fraction': 0.32, 'selected_curvature_energy': 0.0648516, 'selected_score': 0.150931}, {'index': 1, 'x': 2.84242, 'y': -0.162622, 'turn_angle': 0.41736, 'incoming_length': 2.83182, 'outgoing_length': 3.82849, 'pivot_safe': True, 'pass_through': False, 'equivalent_radius_min': 3.77781, 'equivalent_radius_max': 3.77781, 'trim_min': 0.8, 'trim_max': 0.8, 'trim_evaluations': 1, 'preferred_trim': 0.8, 'compatible_trim': 0.8, 'coarse_evaluations': 5, 'recovery_evaluations': 0, 'refinement_evaluations': 8, 'evaluations': 13, 'safe_feasible': 13, 'states': 2, 'selected_radius': 3.77781, 'selected_trim': 0.8, 'selected_control_distance': 0.256, 'selected_control_fraction': 0.32, 'selected_curvature_energy': 0.116736, 'selected_score': 0.218387}]",2,4,26,True,2,3,12,11,4,,0.00701832,9,252,0.184659,503,0,1,0,"[[-5, -3], [0.435275, -1.65422], [2.84242, -0.162622], [5, 3]]",condition_then_los,500,0,16,{},0.0472782,hierarchical_alpha_two_trim,0.05,,derived_preferred_compatible,2,a95be9c4142555ec8a27e3dece3e66ee6e46d1edc7b10e31d22e7142f59f47b8,0,1,southwest_northeast,True,0.1806839635185043,0.33661029714370205,12.224404652424795,1,0.06828798099923006
0.003,36.027705443282976,4.440892098500626e-16,7.330870427240145e-17,,0.6062623622652499,0.17677669793081488,0.23390290478282266,0,506,14.836591663271049,raw,0.05,498,5d57faa82841d2d3646a736ea173781bf1cf4d91dff7f6ec70dc3eef9bcd9291,12.516595679254204,0,0.0,0,NavFnAStar,ab1a2673a4b5c09a61643909082c2a0b815993eef4cc11c443d6b03737a29d96,252,,,,,,,,,,,,,,,,,,,,,,,,,,,,,,,,,,,,,,,,,,,,5d57faa82841d2d3646a736ea173781bf1cf4d91dff7f6ec70dc3eef9bcd9291,0,1,northwest_southeast,True,36.027705443282976,14.836591663271049,12.516595679254204,1,0.013182517999666743
0.003,5.190573358311262,0.013238114293696339,0.0022539400424059406,,0.5768126953606625,0.17677669793081488,0.28480087705617874,0,514,3.1765966481147543,simple,0.05,498,4b868557d55579993d845991c490a6b13faa4367fd6fcdac41a8b31da1748b0a,12.486485068571403,0,0.0,0,NavFnAStar,ab1a2673a4b5c09a61643909082c2a0b815993eef4cc11c443d6b03737a29d96,251,,,,,,,,,,,,,,,,,,,,,,,,,,,,,,,,,,,,,,,,,,,,5d57faa82841d2d3646a736ea173781bf1cf4d91dff7f6ec70dc3eef9bcd9291,0,1,northwest_southeast,True,5.190573358311262,3.1765966481147543,12.486485068571403,1,0.011523282000780455
0.0,12.347648292492797,0.008311891919311443,0.001006871466721732,,0.5700700696409423,0.17677669793081488,0.28480087705617874,0,532,5.232531731757952,savitzky_golay,0.05,498,89897f78c07f1ff5629b76881764ab1aa6e5fe2e74a792ccd4c3d26c3f2f77a1,12.506201575473257,0,0.0,0,NavFnAStar,ab1a2673a4b5c09a61643909082c2a0b815993eef4cc11c443d6b03737a29d96,252,,,,,,,,,,,,,,,,,,,,,,,,,,,,,,,,,,,,,,,,,,,,5d57faa82841d2d3646a736ea173781bf1cf4d91dff7f6ec70dc3eef9bcd9291,0,1,northwest_southeast,True,12.347648292492797,5.232531731757952,12.506201575473257,1,0.010163859999011038
0.033,12.161922356919625,0.01465278141431509,0.0014967349889049662,,0.5741010121607006,0.17677669793081488,0.28480087705617874,0,521,4.05116476799525,constrained,0.05,498,310618e832a9d5d7ea20891aef61f916d204bc4ea3508aea4d3ab8a4a865f71a,12.513323512797946,0,0.0,0,NavFnAStar,ab1a2673a4b5c09a61643909082c2a0b815993eef4cc11c443d6b03737a29d96,252,,,,,,,,,,,,,,,,,,,,,,,,,,,,,,,,,,,,,,,,,,,,5d57faa82841d2d3646a736ea173781bf1cf4d91dff7f6ec70dc3eef9bcd9291,0,1,northwest_southeast,True,12.161922356919625,4.05116476799525,12.513323512797946,1,0.04421084199930192
0.042,1.224327829426398,0.21673715276838343,0.1135466033102706,,0.47735135271282914,0.10606601875848895,0.12275854577833645,0,643,1.0208881270228198,pstmo,0.05,636,7803a266c04eb76efa769e64d86851aee053c93577f97bb4c697a7244a47a837,12.174596084279683,0,0.0,0,NavFnAStar,ab1a2673a4b5c09a61643909082c2a0b815993eef4cc11c443d6b03737a29d96,245,15,8,3,"[[-5, 3], [-2.40175, 2.43095], [0.486406, 0.414228], [2.57855, -1.51801], [3.23745, -2.90147], [3.5327, -3.16497], [4.60509, -3.20253], [5, -3]]",498,0.075,0.0706466,0.15,0,8,0,7,"[{'index': 0, 'x': -2.40175, 'y': 2.43095, 'turn_angle': -0.454798, 'incoming_length': 2.65983, 'outgoing_length': 6.35592, 'pivot_safe': True, 'pass_through': False, 'equivalent_radius_min': 3.4572, 'equivalent_radius_max': 3.4572, 'trim_min': 0.8, 'trim_max': 0.8, 'trim_evaluations': 1, 'preferred_trim': 0.8, 'compatible_trim': 0.8, 'coarse_evaluations': 5, 'recovery_evaluations': 0, 'refinement_evaluations': 8, 'evaluations': 13, 'safe_feasible': 12, 'states': 2, 'selected_radius': 3.4572, 'selected_trim': 0.8, 'selected_control_distance': 0.256, 'selected_control_fraction': 0.32, 'selected_curvature_energy': 0.138983, 'selected_score': 0.225496}, {'index': 1, 'x': 2.57855, 'y': -1.51801, 'turn_angle': -0.375298, 'incoming_length': 6.35592, 'outgoing_length': 1.90338, 'pivot_safe': True, 'pass_through': False, 'equivalent_radius_min': 4.21313, 'equivalent_radius_max': 4.21313, 'trim_min': 0.8, 'trim_max': 0.8, 'trim_evaluations': 1, 'preferred_trim': 0.8, 'compatible_trim': 0.8, 'coarse_evaluations': 5, 'recovery_evaluations': 0, 'refinement_evaluations': 8, 'evaluations': 13, 'safe_feasible': 13, 'states': 2, 'selected_radius': 4.21313, 'selected_trim': 0.8, 'selected_control_distance': 0.256, 'selected_control_fraction': 0.32, 'selected_curvature_energy': 0.0941409, 'selected_score': 0.114553}, {'index': 2, 'x': 3.5327, 'y': -3.16497, 'turn_angle': 1.15767, 'incoming_length': 1.90338, 'outgoing_length': 1.47654, 'pivot_safe': True, 'pass_through': False, 'equivalent_radius_min': 1.22417, 'equivalent_radius_max': 1.22417, 'trim_min': 0.8, 'trim_max': 0.8, 'trim_evaluations': 1, 'preferred_trim': 0.8, 'compatible_trim': 0.8, 'coarse_evaluations': 5, 'recovery_evaluations': 0, 'refinement_evaluations': 8, 'evaluations': 13, 'safe_feasible': 12, 'states': 2, 'selected_radius': 1.22417, 'selected_trim': 0.8, 'selected_control_distance': 0.24, 'selected_control_fraction': 0.3, 'selected_curvature_energy': 0.997754, 'selected_score': 0.562955}]",3,6,39,True,3,3,15,8,5,,0.00754513,12,252,0.301001,636,0,1,0,"[[-5, 3], [-2.40175, 2.43095], [2.57855, -1.51801], [3.5327, -3.16497], [5, -3]]",condition_then_los,498,0,24,"{'shape_angular acceleration iteration did not converge': 1, 'shape_swept_footprint': 1}",0.043417,hierarchical_alpha_two_trim,0.05,,derived_preferred_compatible,3,5d57faa82841d2d3646a736ea173781bf1cf4d91dff7f6ec70dc3eef9bcd9291,0,1,northwest_southeast,True,1.224327829426398,1.0208881270228198,12.174596084279683,1,0.07898516400018707
0.0,58.02553738023892,1.1102230246251565e-16,2.7539437105351313e-17,,0.402795046811255,0.1449222268733815,0.17079994476667312,0,186,18.197223950477856,raw,0.05,176,0cb59d1376a6add4171f20e3846f48ea526ca4782c0d1bdc9972a591f5eb39ed,4.394234894293079,0,0.0,0,NavFnAStar,d1278f37a9031713f02f16637cd5616073c28eff9ba73a244f78aeed7fdd319b,90,,,,,,,,,,,,,,,,,,,,,,,,,,,,,,,,,,,,,,,,,,,,0cb59d1376a6add4171f20e3846f48ea526ca4782c0d1bdc9972a591f5eb39ed,0,1,center_block_detour,True,58.02553738023892,18.197223950477856,4.394234894293079,1,0.004018552999696112
0.0,17.872262712128613,0.021349856676968877,0.004829680573030718,,0.3661809128976434,0.16464466339406925,0.2146446641391273,0,208,10.938925352948614,simple,0.05,176,28ff349d855238c7f4fb38bfa026f480fe6996b83fa37783b2e0050d28e148f4,4.3571264115305794,0,0.0,0,NavFnAStar,d1278f37a9031713f02f16637cd5616073c28eff9ba73a244f78aeed7fdd319b,89,,,,,,,,,,,,,,,,,,,,,,,,,,,,,,,,,,,,,,,,,,,,0cb59d1376a6add4171f20e3846f48ea526ca4782c0d1bdc9972a591f5eb39ed,0,1,center_block_detour,True,17.872262712128613,10.938925352948614,4.3571264115305794,1,0.0056933969990495825
0.0,49.73836321201773,0.005933902494685495,0.0014132253032364515,,0.3497386246460383,0.12275854577833645,0.17079994476667312,0,234,24.12232899411184,savitzky_golay,0.05,176,64a869e39b9fed3417c13ef220d8ce7b7598c6bd1694e10daba460fcfd46b598,4.393252529543754,0,0.0,0,NavFnAStar,d1278f37a9031713f02f16637cd5616073c28eff9ba73a244f78aeed7fdd319b,90,,,,,,,,,,,,,,,,,,,,,,,,,,,,,,,,,,,,,,,,,,,,0cb59d1376a6add4171f20e3846f48ea526ca4782c0d1bdc9972a591f5eb39ed,0,1,center_block_detour,True,49.73836321201773,24.12232899411184,4.393252529543754,1,0.004584905998854083
0.012,43.34611029059255,0.010374084593918904,0.002303225700193476,,0.3568519723495102,0.16464466339406925,0.2146446641391273,0,234,18.587870001024964,constrained,0.05,176,caa66a0bd984883a974d13e3e485443ed1b79435a275f910c48e692a7e63faa3,4.397771157682757,0,0.0,0,NavFnAStar,d1278f37a9031713f02f16637cd5616073c28eff9ba73a244f78aeed7fdd319b,90,,,,,,,,,,,,,,,,,,,,,,,,,,,,,,,,,,,,,,,,,,,,0cb59d1376a6add4171f20e3846f48ea526ca4782c0d1bdc9972a591f5eb39ed,0,1,center_block_detour,True,43.34611029059255,18.587870001024964,4.397771157682757,1,0.01627202100098657
0.045000000000000005,1.1263494419976048,0.13485272665094947,0.06965037956791333,,0.24949692995380987,0.12275854577833645,0.12275854577833645,0,309,0.8198384034056363,pstmo,0.05,298,cd402de36da46e2c751412ae709eabbd15095222d443abb63022dc5ec281ed2c,4.166932040547645,0,0.0,0,NavFnAStar,d1278f37a9031713f02f16637cd5616073c28eff9ba73a244f78aeed7fdd319b,85,20,6,4,"[[-2.2, -0.6], [-1.26606, 0.392273], [-0.906222, 0.521187], [0.0931951, 0.494897], [0.422687, 0.382903], [1.2, -0.6]]",176,0.075,0.0699814,0.15,0,6,0,5,"[{'index': 0, 'x': -0.906222, 'y': 0.521187, 'turn_angle': -0.817737, 'incoming_length': 1.71199, 'outgoing_length': 1.33608, 'pivot_safe': True, 'pass_through': False, 'equivalent_radius_min': 1.4841, 'equivalent_radius_max': 1.84635, 'trim_min': 0.643042, 'trim_max': 0.8, 'trim_evaluations': 2, 'preferred_trim': 0.8, 'compatible_trim': 0.643042, 'coarse_evaluations': 10, 'recovery_evaluations': 0, 'refinement_evaluations': 16, 'evaluations': 26, 'safe_feasible': 26, 'states': 3, 'selected_radius': 1.4841, 'selected_trim': 0.643042, 'selected_control_distance': 0.205773, 'selected_control_fraction': 0.32, 'selected_curvature_energy': 0.581601, 'selected_score': 0.456733}, {'index': 1, 'x': 0.422687, 'y': 0.382903, 'turn_angle': -0.797985, 'incoming_length': 1.33608, 'outgoing_length': 1.25312, 'pivot_safe': True, 'pass_through': False, 'equivalent_radius_min': 1.52522, 'equivalent_radius_max': 1.89751, 'trim_min': 0.643042, 'trim_max': 0.8, 'trim_evaluations': 2, 'preferred_trim': 0.8, 'compatible_trim': 0.643042, 'coarse_evaluations': 10, 'recovery_evaluations': 0, 'refinement_evaluations': 16, 'evaluations': 26, 'safe_feasible': 25, 'states': 3, 'selected_radius': 1.52522, 'selected_trim': 0.643042, 'selected_control_distance': 0.205773, 'selected_control_fraction': 0.32, 'selected_curvature_energy': 0.552241, 'selected_score': 0.446996}]",2,6,52,True,2,2,6,6,4,,0.0016272,4,252,0.451864,298,0,1,0,"[[-2.2, -0.6], [-0.906222, 0.521187], [0.422687, 0.382903], [1.2, -0.6]]",condition_then_los,176,0,32,{'shape_angular acceleration iteration did not converge': 1},0.0465565,hierarchical_alpha_two_trim,0.05,,derived_preferred_compatible,4,0cb59d1376a6add4171f20e3846f48ea526ca4782c0d1bdc9972a591f5eb39ed,0,1,center_block_detour,True,1.1263494419976048,0.8198384034056363,4.166932040547645,1,0.05819170599897916
0.0,53.6832241675558,2.220446049250313e-16,5.60985871800214e-17,,0.3894449871347737,0.1449222268733815,0.17079994476667312,0,201,14.222162952811257,raw,0.05,183,7e9fdfcc85a7bff9b05c554505979a35d82b17bea37b671f3026012d5a4fe375,4.594915540244387,0,0.0,0,NavFnAStar,3d0f35c2c4e164e695abfdba520672b55abf5dc7f0869207e58450ab1d48b0e1,94,,,,,,,,,,,,,,,,,,,,,,,,,,,,,,,,,,,,,,,,,,,,7e9fdfcc85a7bff9b05c554505979a35d82b17bea37b671f3026012d5a4fe375,0,1,screen_detour,True,53.6832241675558,14.222162952811257,4.594915540244387,1,0.004260407999026938
0.0,7.333325454982527,0.01085809383359488,0.004145630573615011,,0.438409738089658,0.2146446641391273,0.23390290478282266,0,247,3.7559384828862483,simple,0.05,183,31218b71d46eb58babf11463b651be1c0f445a0a83cc55f09e8c5ddce33e4091,4.552075069221683,0,0.0,0,NavFnAStar,3d0f35c2c4e164e695abfdba520672b55abf5dc7f0869207e58450ab1d48b0e1,93,,,,,,,,,,,,,,,,,,,,,,,,,,,,,,,,,,,,,,,,,,,,7e9fdfcc85a7bff9b05c554505979a35d82b17bea37b671f3026012d5a4fe375,0,1,screen_detour,True,7.333325454982527,3.7559384828862483,4.552075069221683,1,0.005555268000534852
0.0,20.1759803473059,0.006367071545677088,0.001551868508721508,,0.42047456169962666,0.2146446641391273,0.2146446641391273,0,272,8.002020869928211,savitzky_golay,0.05,183,0433ec14f4c7ead797c59a5c805bec7f0385fd8be83f014ab34de3345b871ef2,4.579265541357105,0,0.0,0,NavFnAStar,3d0f35c2c4e164e695abfdba520672b55abf5dc7f0869207e58450ab1d48b0e1,93,,,,,,,,,,,,,,,,,,,,,,,,,,,,,,,,,,,,,,,,,,,,7e9fdfcc85a7bff9b05c554505979a35d82b17bea37b671f3026012d5a4fe375,0,1,screen_detour,True,20.1759803473059,8.002020869928211,4.579265541357105,1,0.005289441000059014
0.012,21.305436316739623,0.009620427509362888,0.002539748297266162,,0.37325563216379215,0.18825146149581692,0.2146446641391273,0,219,6.894875160045132,constrained,0.05,183,b24aba8268d46cc432adbd7ecb8c61d2f2dc5c98cc43e3c08b175a21a66dda1c,4.58797387324561,0,0.0,0,NavFnAStar,3d0f35c2c4e164e695abfdba520672b55abf5dc7f0869207e58450ab1d48b0e1,93,,,,,,,,,,,,,,,,,,,,,,,,,,,,,,,,,,,,,,,,,,,,7e9fdfcc85a7bff9b05c554505979a35d82b17bea37b671f3026012d5a4fe375,0,1,screen_detour,True,21.305436316739623,6.894875160045132,4.58797387324561,1,0.01957290400059719
0.039,3.551699603534185,0.24797713727713214,0.14997768837268297,,0.24809252244860333,0.07644806095482698,0.10606601875848895,0,218,2.061490376336639,pstmo,0.05,201,71060432049dfc95956827f1391e9b7833086a810c4c4f8fdf8f161f1f78aa1f,4.144452174585834,0,0.0,0,NavFnAStar,3d0f35c2c4e164e695abfdba520672b55abf5dc7f0869207e58450ab1d48b0e1,84,20,6,4,"[[1.2, 1.4], [1.24608, 2.06658], [1.58759, 2.78426], [1.94507, 3.0706], [2.39439, 3.0882], [2.71166, 3.02721], [2.94142, 2.8011], [3.04549, 2.16745], [3.5, 1.4]]",183,0.075,0.0349983,0.15,0,9,0,8,"[{'index': 0, 'x': 1.94507, 'y': 3.0706, 'turn_angle': -1.41544, 'incoming_length': 1.82922, 'outgoing_length': 1.03215, 'pivot_safe': True, 'pass_through': False, 'equivalent_radius_min': 0.573972, 'equivalent_radius_max': 0.935045, 'trim_min': 0.491076, 'trim_max': 0.8, 'trim_evaluations': 2, 'preferred_trim': 0.8, 'compatible_trim': 0.491076, 'coarse_evaluations': 10, 'recovery_evaluations': 0, 'refinement_evaluations': 16, 'evaluations': 26, 'safe_feasible': 19, 'states': 3, 'selected_radius': 0.573972, 'selected_trim': 0.491076, 'selected_control_distance': 0.147323, 'selected_control_fraction': 0.3, 'selected_curvature_energy': 2.59678, 'selected_score': 0.765478}, {'index': 1, 'x': 2.94142, 'y': 2.8011, 'turn_angle': -0.927275, 'incoming_length': 1.03215, 'outgoing_length': 1.50835, 'pivot_safe': True, 'pass_through': False, 'equivalent_radius_min': 0.982176, 'equivalent_radius_max': 1.60004, 'trim_min': 0.491076, 'trim_max': 0.8, 'trim_evaluations': 2, 'preferred_trim': 0.8, 'compatible_trim': 0.491076, 'coarse_evaluations': 10, 'recovery_evaluations': 0, 'refinement_evaluations': 16, 'evaluations': 26, 'safe_feasible': 20, 'states': 3, 'selected_radius': 0.982176, 'selected_trim': 0.491076, 'selected_control_distance': 0.157144, 'selected_control_fraction': 0.32, 'selected_curvature_energy': 0.996904, 'selected_score': 0.570586}]",2,6,52,True,2,3,10,9,4,,0.00190085,7,252,0.668032,201,0,1,0,"[[1.2, 1.4], [1.94507, 3.0706], [2.94142, 2.8011], [3.5, 1.4]]",condition_then_los,183,0,32,"{'shape_angular acceleration iteration did not converge': 4, 'shape_swept_footprint': 7, 'shape_transition requires a reversing inner wheel': 2}",0.0366116,hierarchical_alpha_two_trim,0.05,,derived_preferred_compatible,4,7e9fdfcc85a7bff9b05c554505979a35d82b17bea37b671f3026012d5a4fe375,0,1,screen_detour,True,3.551699603534185,2.061490376336639,4.144452174585834,1,0.042510769999353215
0.0,5.115904292401642e-12,0.0,0.0,,0.8869007717174993,0.26464466488418537,0.6821446711054202,0,328,7.152557301992493e-06,raw,0.05,326,9b3fa6be1c3df5ba209539202e61c5c6450023c60f5f70abb8dbcddbb14c5e33,8.199999999999982,0,0.0,0,NavFnAStar,2251ac3eac66473d41a5def30a3e3642e9ea39a2ae62aa357275910baf1ecece,165,,,,,,,,,,,,,,,,,,,,,,,,,,,,,,,,,,,,,,,,,,,,9b3fa6be1c3df5ba209539202e61c5c6450023c60f5f70abb8dbcddbb14c5e33,0,1,long_lower_lane,True,5.115904292401642e-12,7.152557301992493e-06,8.199999999999982,1,0.006133617000159575
0.0,2.0323797820147e-13,1.1213030948198366e-08,1.337637091853379e-09,,0.8885710545495112,0.26464466488418537,0.7146446715897079,0,326,1.058340437509786e-06,simple,0.05,326,99ee42e96170ac77b10a62733e8983d8eb1fb255a404141b57b29d849f7fdc0d,8.199999999999985,0,0.0,0,NavFnAStar,2251ac3eac66473d41a5def30a3e3642e9ea39a2ae62aa357275910baf1ecece,165,,,,,,,,,,,,,,,,,,,,,,,,,,,,,,,,,,,,,,,,,,,,9b3fa6be1c3df5ba209539202e61c5c6450023c60f5f70abb8dbcddbb14c5e33,0,1,long_lower_lane,True,2.0323797820147e-13,1.058340437509786e-06,8.199999999999985,1,0.009237485999619821
0.0,8.798722444007084e-13,8.069260371001974e-09,8.149030879684817e-10,,0.8888778030203398,0.26464466488418537,0.7146446715897079,0,326,2.7331859442370534e-06,savitzky_golay,0.05,326,b908905d347bd882b3c2e38a828aa011290d92f27da60c78683f69633dcb5b1b,8.199999999999983,0,0.0,0,NavFnAStar,2251ac3eac66473d41a5def30a3e3642e9ea39a2ae62aa357275910baf1ecece,165,,,,,,,,,,,,,,,,,,,,,,,,,,,,,,,,,,,,,,,,,,,,9b3fa6be1c3df5ba209539202e61c5c6450023c60f5f70abb8dbcddbb14c5e33,0,1,long_lower_lane,True,8.798722444007084e-13,2.7331859442370534e-06,8.199999999999983,1,0.007563520999610773
0.003,5.115904292401642e-12,0.0,0.0,,0.8869007717174993,0.26464466488418537,0.6821446711054202,0,328,7.152557301992493e-06,constrained,0.05,326,9b3fa6be1c3df5ba209539202e61c5c6450023c60f5f70abb8dbcddbb14c5e33,8.199999999999982,0,0.0,0,NavFnAStar,2251ac3eac66473d41a5def30a3e3642e9ea39a2ae62aa357275910baf1ecece,165,,,,,,,,,,,,,,,,,,,,,,,,,,,,,,,,,,,,,,,,,,,,9b3fa6be1c3df5ba209539202e61c5c6450023c60f5f70abb8dbcddbb14c5e33,0,1,long_lower_lane,True,5.115904292401642e-12,7.152557301992493e-06,8.199999999999982,1,0.009889852000924293
0.006,0.0,1.7881393254981504e-08,1.7772690733690334e-08,,0.882263721706474,0.26464466488418537,0.637144670434868,0,210,0.0,pstmo,0.05,165,399d98e7bc449bad96a257cf923c59e273c01767c5e26f784e5714c336cf52c7,8.199999999999982,0,0.0,0,NavFnAStar,2251ac3eac66473d41a5def30a3e3642e9ea39a2ae62aa357275910baf1ecece,165,0,0,0,"[[-5, -2.8], [3.2, -2.8]]",326,0.075,1.78814e-08,0.15,0,2,0,1,[],0,0,0,True,0,0,0,2,2,,0.00141925,0,252,0,165,0,1,0,"[[-5, -2.8], [3.2, -2.8]]",condition_then_los,326,0,0,{},0.00753992,hierarchical_alpha_two_trim,0.05,,derived_preferred_compatible,0,9b3fa6be1c3df5ba209539202e61c5c6450023c60f5f70abb8dbcddbb14c5e33,0,1,long_lower_lane,True,0.0,0.0,8.199999999999982,1,0.014833301000180654
0.0,37.18583736792401,4.440892098500626e-16,4.4101114834370395e-17,,0.6689181505808365,0.26464466488418537,0.3146446656292434,0,402,18.817619025646863,raw,0.05,398,53f2bacd057b0e185a5b19599ca42384ccf547b052ca5275c44e290774ab9399,10.080627987363583,0,0.0,0,NavFnAStar,1ee428d3932989da63609ff6f94908565f30bd76fe72848bfc0a2665edbe3ba4,203,,,,,,,,,,,,,,,,,,,,,,,,,,,,,,,,,,,,,,,,,,,,53f2bacd057b0e185a5b19599ca42384ccf547b052ca5275c44e290774ab9399,0,1,long_upper_lane,True,37.18583736792401,18.817619025646863,10.080627987363583,1,0.006735506000040914
0.003,2.1884375624571626,0.03163442175465922,0.0032106594397238683,,0.6585810818499321,0.26464466488418537,0.3146446656292434,0,406,2.9371702942718736,simple,0.05,398,c5c6f8fb70af709ccf1e643c55843882f84e66bb27ec47bf610ed9fb956899bf,10.039462603428092,0,0.0,0,NavFnAStar,1ee428d3932989da63609ff6f94908565f30bd76fe72848bfc0a2665edbe3ba4,202,,,,,,,,,,,,,,,,,,,,,,,,,,,,,,,,,,,,,,,,,,,,53f2bacd057b0e185a5b19599ca42384ccf547b052ca5275c44e290774ab9399,0,1,long_upper_lane,True,2.1884375624571626,2.9371702942718736,10.039462603428092,1,0.00929566200102272
0.0,13.934174080727221,0.01942701610135389,0.0017686718033426995,,0.6456929236865258,0.2146446641391273,0.3146446656292434,0,426,9.156977176809075,savitzky_golay,0.05,398,e3f14ef93019befd78f1157083890ea2f4372c561722671dd48f69854b955e9c,10.057873808461713,0,0.0,0,NavFnAStar,1ee428d3932989da63609ff6f94908565f30bd76fe72848bfc0a2665edbe3ba4,203,,,,,,,,,,,,,,,,,,,,,,,,,,,,,,,,,,,,,,,,,,,,53f2bacd057b0e185a5b19599ca42384ccf547b052ca5275c44e290774ab9399,0,1,long_upper_lane,True,13.934174080727221,9.156977176809075,10.057873808461713,1,0.03569814900038182
0.039,32.524053121852084,0.0067583343891917435,0.0008818080553384154,,0.6380421789757493,0.16464466339406925,0.26464466488418537,0,432,13.77509888586051,constrained,0.05,398,76ba1f5db449a2d4920ecf856b6f9e57d3dd471296198dbd9739189e55517076,10.078042111220546,0,0.0,0,NavFnAStar,1ee428d3932989da63609ff6f94908565f30bd76fe72848bfc0a2665edbe3ba4,203,,,,,,,,,,,,,,,,,,,,,,,,,,,,,,,,,,,,,,,,,,,,53f2bacd057b0e185a5b19599ca42384ccf547b052ca5275c44e290774ab9399,0,1,long_upper_lane,True,32.524053121852084,13.77509888586051,10.078042111220546,1,0.05004495200046222
0.006,0.0,0.3221936528258673,0.17171510363617712,,0.6857986978245939,0.014644661158895074,0.014644661158895074,0,278,0.0,pstmo,0.05,201,157c0b2feb3dcedbe605c1571e9262d5aa51d56e337dcf578e93055ed27868cb,10.000000000000007,0,0.0,0,NavFnAStar,1ee428d3932989da63609ff6f94908565f30bd76fe72848bfc0a2665edbe3ba4,201,0,0,0,"[[-5, 2.8], [-3.20148, 2.79926], [2.2, 3.05], [2.29104, 3.13562], [5, 2.8]]",398,0.075,0.0523168,0.15,0,5,0,4,[],0,0,0,True,0,1,1,5,2,,0.00164548,0,252,0,201,0,1,0,"[[-5, 2.8], [5, 2.8]]",condition_then_los,398,0,0,{},0.00595322,hierarchical_alpha_two_trim,0.05,,derived_preferred_compatible,0,53f2bacd057b0e185a5b19599ca42384ccf547b052ca5275c44e290774ab9399,0,1,long_upper_lane,True,0.0,0.0,10.000000000000007,1,0.014547732998835272
0.0,3.2570900413058874,4.440892098500626e-16,5.93439168722175e-17,,1.1435176894336012,0.6146446700995918,0.7146446715897079,0,115,6.0516855630379816,raw,0.05,107,a6039e980aed0bb1ce0ed0ff84e90ec122b5a52c4f824c2edc77e9d744fcf0a2,2.7105404174095753,0,0.0,0,NavFnAStar,6a9950e8e7098bc421e3bd78f8e645ac3b1581306fa0afb77750b081eba64193,56,,,,,,,,,,,,,,,,,,,,,,,,,,,,,,,,,,,,,,,,,,,,a6039e980aed0bb1ce0ed0ff84e90ec122b5a52c4f824c2edc77e9d744fcf0a2,0,1,short_open_diagonal,True,3.2570900413058874,6.0516855630379816,2.7105404174095753,1,0.002974590999656357
0.0,0.642263881878701,0.009852188542231308,0.0021344566489990796,,1.0793548057387579,0.6146446700995918,0.6646446708446498,0,113,1.9239168601455647,simple,0.05,107,c3be9cb3d1fedd401b62cb08c68a103d6da8e009ddaf9f0b67c037e480419318,2.7062307350955095,0,0.0,0,NavFnAStar,6a9950e8e7098bc421e3bd78f8e645ac3b1581306fa0afb77750b081eba64193,56,,,,,,,,,,,,,,,,,,,,,,,,,,,,,,,,,,,,,,,,,,,,a6039e980aed0bb1ce0ed0ff84e90ec122b5a52c4f824c2edc77e9d744fcf0a2,0,1,short_open_diagonal,True,0.642263881878701,1.9239168601455647,2.7062307350955095,1,0.004326818998379167
0.0,1.6152895681255517,0.0058782656528317614,0.0008427062130487851,,1.082563302737304,0.6146446700995918,0.6646446708446498,0,116,3.351698599421254,savitzky_golay,0.05,107,4ae1f3a4c0a6a574f26e22cd2dcf61c08cc0ce1fe09de4653600ea1e409cee05,2.709128832120107,0,0.0,0,NavFnAStar,6a9950e8e7098bc421e3bd78f8e645ac3b1581306fa0afb77750b081eba64193,56,,,,,,,,,,,,,,,,,,,,,,,,,,,,,,,,,,,,,,,,,,,,a6039e980aed0bb1ce0ed0ff84e90ec122b5a52c4f824c2edc77e9d744fcf0a2,0,1,short_open_diagonal,True,1.6152895681255517,3.351698599421254,2.709128832120107,1,0.004074136999406619
0.009000000000000001,3.1834217243113576,0.005128458212356254,0.0008774660650405456,,1.0846013656061029,0.6146446700995918,0.6646446708446498,0,118,4.591144204124644,constrained,0.05,107,ef854b6a7419660268d276f2ec18912c87320ddafe13054a312c30cc1db9debf,2.7118111506742246,0,0.0,0,NavFnAStar,6a9950e8e7098bc421e3bd78f8e645ac3b1581306fa0afb77750b081eba64193,56,,,,,,,,,,,,,,,,,,,,,,,,,,,,,,,,,,,,,,,,,,,,a6039e980aed0bb1ce0ed0ff84e90ec122b5a52c4f824c2edc77e9d744fcf0a2,0,1,short_open_diagonal,True,3.1834217243113576,4.591144204124644,2.7118111506742246,1,0.010364334999394487
0.003,8.856450576409658e-26,0.07588896166027004,0.05957239987258355,,1.1418061300306692,0.6146446700995918,0.6996446713661905,0,55,3.955169525227198e-13,pstmo,0.05,55,01b2a8a5345479c3fd840b5da129b8fffcb99a9129885eda490c3d7b7cf104f4,2.692582403567252,0,0.0,0,NavFnAStar,6a9950e8e7098bc421e3bd78f8e645ac3b1581306fa0afb77750b081eba64193,55,0,0,0,"[[-5, -3], [-4.29561, -2.80001], [-2.5, -2]]",107,0.075,0.0468473,0.15,0,3,0,2,[],0,0,0,True,0,1,1,3,2,,0.000554097,0,252,0,55,0,1,0,"[[-5, -3], [-2.5, -2]]",condition_then_los,107,0,0,{},0.00187449,hierarchical_alpha_two_trim,0.05,,derived_preferred_compatible,0,a6039e980aed0bb1ce0ed0ff84e90ec122b5a52c4f824c2edc77e9d744fcf0a2,0,1,short_open_diagonal,True,8.856450576409658e-26,3.955169525227198e-13,2.692582403567252,1,0.004534846999376896
0.0,43.18811586250412,1.8041124150158794e-16,3.328457749291833e-17,,0.6217784384831698,0.18825146149581692,0.25619225950049973,0,413,13.726441780061323,raw,0.05,411,f01fb6fb9fef8cf8a1b70732df86ec03514808abb5506b87ac2e3a0e9b14ac5b,10.33616228800039,0,0.0,0,NavFnDijkstra,eef2172f026178e9d7b432badcb34e9384c1bf89f1a78d9227c6a77504e4cfc2,209,,,,,,,,,,,,,,,,,,,,,,,,,,,,,,,,,,,,,,,,,,,,f01fb6fb9fef8cf8a1b70732df86ec03514808abb5506b87ac2e3a0e9b14ac5b,0,1,west_east_center,True,43.18811586250412,13.726441780061323,10.33616228800039,1,0.01150054400022782
0.003,5.765032255646406,0.015801458875412473,0.003032807475655512,,0.6175545344741107,0.25619225950049973,0.26464466488418537,0,418,2.9048324435309554,simple,0.05,411,18703dd0cdd0a3faa3cae32f6b91683114bb9b3e4f6f84b9a72f60550a18a898,10.298382054832002,0,0.0,0,NavFnDijkstra,eef2172f026178e9d7b432badcb34e9384c1bf89f1a78d9227c6a77504e4cfc2,207,,,,,,,,,,,,,,,,,,,,,,,,,,,,,,,,,,,,,,,,,,,,f01fb6fb9fef8cf8a1b70732df86ec03514808abb5506b87ac2e3a0e9b14ac5b,0,1,west_east_center,True,5.765032255646406,2.9048324435309554,10.298382054832002,1,0.012749527999403654
0.0,19.01506870826483,0.007356253036245455,0.0010717304557152113,,0.606179000240236,0.25619225950049973,0.26567919652832883,0,446,5.678800953065741,savitzky_golay,0.05,411,d3f9987359557832d0e17a6b18e52b56563fa05460abc416814b0617cd280f84,10.324240212380298,0,0.0,0,NavFnDijkstra,eef2172f026178e9d7b432badcb34e9384c1bf89f1a78d9227c6a77504e4cfc2,208,,,,,,,,,,,,,,,,,,,,,,,,,,,,,,,,,,,,,,,,,,,,f01fb6fb9fef8cf8a1b70732df86ec03514808abb5506b87ac2e3a0e9b14ac5b,0,1,west_east_center,True,19.01506870826483,5.678800953065741,10.324240212380298,1,0.009215367001161212
0.030000000000000002,32.28896375355592,0.0038033208510194877,0.0009131078784271747,,0.5971624746180928,0.2146446641391273,0.26464466488418537,0,461,9.470814965034961,constrained,0.05,411,04d829ffdb8f378cac0f5e4b25a9d464a4f848d7c3ab8534fd0188e27b4f60ef,10.335803920323379,0,0.0,0,NavFnDijkstra,eef2172f026178e9d7b432badcb34e9384c1bf89f1a78d9227c6a77504e4cfc2,208,,,,,,,,,,,,,,,,,,,,,,,,,,,,,,,,,,,,,,,,,,,,f01fb6fb9fef8cf8a1b70732df86ec03514808abb5506b87ac2e3a0e9b14ac5b,0,1,west_east_center,True,32.28896375355592,9.470814965034961,10.335803920323379,1,0.0377540899989981
0.036000000000000004,0.3811980095991535,0.1678209549706387,0.09084198388041333,,0.42347657547362677,0.11464466264901119,0.16464466339406925,0,464,0.44157204162694214,pstmo,0.05,463,7f7380dbf1002e67a7aee23a875fbe09d26d1a12931c7692729d6020377fc668,10.127675364137643,0,0.0,0,NavFnDijkstra,eef2172f026178e9d7b432badcb34e9384c1bf89f1a78d9227c6a77504e4cfc2,204,10,4,2,"[[-5, 0], [-3.40266, 0.258681], [-1.47825, 0.2926], [-1.05187, 0.472565], [-0.102312, 0.484115], [0.440781, 0.421064], [2.0378, -0.327417], [4.51489, -0.202814], [5, 0]]",411,0.075,0.0728141,0.15,0,9,0,8,"[{'index': 0, 'x': 0.440781, 'y': 0.421064, 'turn_angle': -0.515511, 'incoming_length': 5.45705, 'outgoing_length': 1.76371, 'pivot_safe': True, 'pass_through': False, 'equivalent_radius_min': 3.03467, 'equivalent_radius_max': 3.03467, 'trim_min': 0.8, 'trim_max': 0.8, 'trim_evaluations': 1, 'preferred_trim': 0.8, 'compatible_trim': 0.8, 'coarse_evaluations': 5, 'recovery_evaluations': 0, 'refinement_evaluations': 8, 'evaluations': 13, 'safe_feasible': 12, 'states': 2, 'selected_radius': 3.03467, 'selected_trim': 0.8, 'selected_control_distance': 0.256, 'selected_control_fraction': 0.32, 'selected_curvature_energy': 0.179426, 'selected_score': 0.279678}, {'index': 1, 'x': 2.0378, 'y': -0.327417, 'turn_angle': 0.54836, 'incoming_length': 1.76371, 'outgoing_length': 2.98024, 'pivot_safe': True, 'pass_through': False, 'equivalent_radius_min': 2.84431, 'equivalent_radius_max': 2.84431, 'trim_min': 0.8, 'trim_max': 0.8, 'trim_evaluations': 1, 'preferred_trim': 0.8, 'compatible_trim': 0.8, 'coarse_evaluations': 5, 'recovery_evaluations': 0, 'refinement_evaluations': 8, 'evaluations': 13, 'safe_feasible': 13, 'states': 2, 'selected_radius': 2.84431, 'selected_trim': 0.8, 'selected_control_distance': 0.256, 'selected_control_fraction': 0.32, 'selected_curvature_energy': 0.203606, 'selected_score': 0.248806}]",2,4,26,True,2,2,7,9,4,,0.0037715,5,252,0.264242,463,0,1,0,"[[-5, 0], [0.440781, 0.421064], [2.0378, -0.327417], [5, 0]]",condition_then_los,411,0,16,{'shape_angular acceleration iteration did not converge': 1},0.0356933,hierarchical_alpha_two_trim,0.05,,derived_preferred_compatible,2,f01fb6fb9fef8cf8a1b70732df86ec03514808abb5506b87ac2e3a0e9b14ac5b,0,1,west_east_center,True,0.3811980095991535,0.44157204162694214,10.127675364137643,1,0.055461353998907725
0.003,18.232816884412763,4.440892098500626e-16,7.305929427487905e-17,,0.9412481015214617,0.17677669793081488,0.26567919652832883,0,506,13.93216074217433,raw,0.05,491,44fc8240c5352fb3bba18ce0c73573b8021e28fee4372b86d1a9832dd9ab09e5,12.316777574091606,0,0.0,0,NavFnDijkstra,6f4816b1ea7d1ba6a6a9b940b8da92c05811436874f96fa65121cc386e523c81,248,,,,,,,,,,,,,,,,,,,,,,,,,,,,,,,,,,,,,,,,,,,,44fc8240c5352fb3bba18ce0c73573b8021e28fee4372b86d1a9832dd9ab09e5,0,1,southwest_northeast,True,18.232816884412763,13.93216074217433,12.316777574091606,1,0.009436521999305114
0.0,2.437091237309105,0.017429806134220228,0.0019062254026717704,,0.9043024807147725,0.25619225950049973,0.28480087705617874,0,502,2.908174154288657,simple,0.05,491,f42be37faeec40646c4f50a0be302c57fe1a9be4383984be142e0d138c00d334,12.297856772818022,0,0.0,0,NavFnDijkstra,6f4816b1ea7d1ba6a6a9b940b8da92c05811436874f96fa65121cc386e523c81,247,,,,,,,,,,,,,,,,,,,,,,,,,,,,,,,,,,,,,,,,,,,,44fc8240c5352fb3bba18ce0c73573b8021e28fee4372b86d1a9832dd9ab09e5,0,1,southwest_northeast,True,2.437091237309105,2.908174154288657,12.297856772818022,1,0.01999828800035175
0.0,7.31856288399003,0.012591946065753945,0.0009776003513401173,,0.8930106115510741,0.25619225950049973,0.28480087705617874,0,516,6.967188099786058,savitzky_golay,0.05,491,c4969cba063d9e20c8bb2b52901aeb02a998b5c2131a05b3fe44ad16c270dd5d,12.309194278609978,0,0.0,0,NavFnDijkstra,6f4816b1ea7d1ba6a6a9b940b8da92c05811436874f96fa65121cc386e523c81,248,,,,,,,,,,,,,,,,,,,,,,,,,,,,,,,,,,,,,,,,,,,,44fc8240c5352fb3bba18ce0c73573b8021e28fee4372b86d1a9832dd9ab09e5,0,1,southwest_northeast,True,7.31856288399003,6.967188099786058,12.309194278609978,1,0.013516101000277558
0.036000000000000004,11.588943824324664,0.015464136356775642,0.0015213099243693252,,0.8988870802245621,0.25619225950049973,0.28480087705617874,0,511,9.5543284916892,constrained,0.05,491,5b52c53e6322a093a57b4b5f44aa9d6b9a51da1629b218d3eaf0f0e7b722603c,12.322022541499171,0,0.0,0,NavFnDijkstra,6f4816b1ea7d1ba6a6a9b940b8da92c05811436874f96fa65121cc386e523c81,248,,,,,,,,,,,,,,,,,,,,,,,,,,,,,,,,,,,,,,,,,,,,44fc8240c5352fb3bba18ce0c73573b8021e28fee4372b86d1a9832dd9ab09e5,0,1,southwest_northeast,True,11.588943824324664,9.5543284916892,12.322022541499171,1,0.04640272899996489
0.027000000000000003,0.35293283125117575,0.2061160917224932,0.11546825994665573,,0.6384896311304422,0.11464466264901119,0.12275854577833645,0,381,0.5789766880161076,pstmo,0.05,375,6c274fe0e754bac168c13b31316fd6c330e6230d4e7ecd5015cab1dc98ce35c7,12.196079310173623,0,0.0,0,NavFnDijkstra,6f4816b1ea7d1ba6a6a9b940b8da92c05811436874f96fa65121cc386e523c81,245,5,0,1,"[[-5, -3], [-1.33104, 0.514388], [1.77326, 2.98001], [2.42601, 3.08975], [5, 3]]",491,0.075,0.0608334,0.15,0,5,0,4,"[{'index': 0, 'x': 1.77326, 'y': 2.98001, 'turn_angle': -0.717083, 'incoming_length': 9.03535, 'outgoing_length': 3.2268, 'pivot_safe': True, 'pass_through': False, 'equivalent_radius_min': 2.13482, 'equivalent_radius_max': 2.13482, 'trim_min': 0.8, 'trim_max': 0.8, 'trim_evaluations': 1, 'preferred_trim': 0.8, 'compatible_trim': 0.8, 'coarse_evaluations': 5, 'recovery_evaluations': 0, 'refinement_evaluations': 8, 'evaluations': 13, 'safe_feasible': 13, 'states': 2, 'selected_radius': 2.13482, 'selected_trim': 0.8, 'selected_control_distance': 0.256, 'selected_control_fraction': 0.32, 'selected_curvature_energy': 0.354565, 'selected_score': 0.368057}]",1,2,13,True,1,2,4,5,3,,0.00425746,2,252,0.368057,375,0,1,0,"[[-5, -3], [1.77326, 2.98001], [5, 3]]",condition_then_los,491,0,8,{},0.0246196,hierarchical_alpha_two_trim,0.05,,derived_preferred_compatible,1,44fc8240c5352fb3bba18ce0c73573b8021e28fee4372b86d1a9832dd9ab09e5,0,1,southwest_northeast,True,0.35293283125117575,0.5789766880161076,12.196079310173623,1,0.04019368799890799
0.003,32.221711671225584,4.440892098500626e-16,7.051432219004693e-17,,0.649938789402531,0.17677669793081488,0.23390290478282266,0,504,12.540193545442541,raw,0.05,497,27cef0d7cee09455c6aff670d680d5c9d4bd0cbebe03a5dc988e92da922f90f4,12.43872443784507,0,0.0,0,NavFnDijkstra,e8b1e00cddf6e203fec2b9d747b518c00bf6ebc802330c4a5b18792725365f1a,250,,,,,,,,,,,,,,,,,,,,,,,,,,,,,,,,,,,,,,,,,,,,27cef0d7cee09455c6aff670d680d5c9d4bd0cbebe03a5dc988e92da922f90f4,0,1,northwest_southeast,True,32.221711671225584,12.540193545442541,12.43872443784507,1,0.010054215999844018
0.003,4.729599863850114,0.011909495641101697,0.002011867873874887,,0.6115488888463447,0.17677669793081488,0.2808724311428359,0,515,3.9302971401901026,simple,0.05,497,f9212a53a47ab78eab59bd5ef875adf4251b8ceeff16dc2929eb7f8f3367b61f,12.410341780483511,0,0.0,0,NavFnDijkstra,e8b1e00cddf6e203fec2b9d747b518c00bf6ebc802330c4a5b18792725365f1a,250,,,,,,,,,,,,,,,,,,,,,,,,,,,,,,,,,,,,,,,,,,,,27cef0d7cee09455c6aff670d680d5c9d4bd0cbebe03a5dc988e92da922f90f4,0,1,northwest_southeast,True,4.729599863850114,3.9302971401901026,12.410341780483511,1,0.015657494001061423
0.0,12.612027168880562,0.006880564053553041,0.0007433806151859082,,0.6031039649567546,0.17677669793081488,0.2808724311428359,0,531,6.125617640760086,savitzky_golay,0.05,497,d99194395be9b2112c2c9d88c330eebc756da2a8abca8152fcf4a29a017cd5b6,12.428704806459406,0,0.0,0,NavFnDijkstra,e8b1e00cddf6e203fec2b9d747b518c00bf6ebc802330c4a5b18792725365f1a,250,,,,,,,,,,,,,,,,,,,,,,,,,,,,,,,,,,,,,,,,,,,,27cef0d7cee09455c6aff670d680d5c9d4bd0cbebe03a5dc988e92da922f90f4,0,1,northwest_southeast,True,12.612027168880562,6.125617640760086,12.428704806459406,1,0.010795942000186187
0.030000000000000002,16.078276200329302,0.005864321271976057,0.0009064109801317215,,0.6005645532781436,0.17677669793081488,0.2808724311428359,0,536,6.259288587578538,constrained,0.05,497,8125a3096eb85a61d027af46fbd9834e869a20fae420b95c2724eb3aeb209e47,12.435092931375866,0,0.0,0,NavFnDijkstra,e8b1e00cddf6e203fec2b9d747b518c00bf6ebc802330c4a5b18792725365f1a,250,,,,,,,,,,,,,,,,,,,,,,,,,,,,,,,,,,,,,,,,,,,,27cef0d7cee09455c6aff670d680d5c9d4bd0cbebe03a5dc988e92da922f90f4,0,1,northwest_southeast,True,16.078276200329302,6.259288587578538,12.435092931375866,1,0.04241142800128728
0.045000000000000005,0.7685414157058262,0.17607940527962593,0.0699297510750942,,0.4152467933803699,0.1449222268733815,0.16464466339406925,0,640,0.765528263345086,pstmo,0.05,634,6428944e4f6d2f78b0af4a36ce94a45c0f6598d8873f9339e9813ad297ec06f5,12.197468039943015,0,0.0,0,NavFnDijkstra,e8b1e00cddf6e203fec2b9d747b518c00bf6ebc802330c4a5b18792725365f1a,245,15,8,3,"[[-5, 3], [-4.20112, 2.93943], [-2.37788, 2.42032], [0.420834, 0.448034], [3.44138, -3.10808], [4.47391, -3.20149], [4.81545, -3.15146], [5, -3]]",497,0.075,0.0529739,0.15,0,8,0,7,"[{'index': 0, 'x': -2.37788, 'y': 2.42032, 'turn_angle': -0.396307, 'incoming_length': 2.68543, 'outgoing_length': 3.42385, 'pivot_safe': True, 'pass_through': False, 'equivalent_radius_min': 3.98429, 'equivalent_radius_max': 3.98429, 'trim_min': 0.8, 'trim_max': 0.8, 'trim_evaluations': 1, 'preferred_trim': 0.8, 'compatible_trim': 0.8, 'coarse_evaluations': 5, 'recovery_evaluations': 0, 'refinement_evaluations': 8, 'evaluations': 13, 'safe_feasible': 13, 'states': 2, 'selected_radius': 3.98429, 'selected_trim': 0.8, 'selected_control_distance': 0.256, 'selected_control_fraction': 0.32, 'selected_curvature_energy': 0.105112, 'selected_score': 0.203542}, {'index': 1, 'x': 0.420834, 'y': 0.448034, 'turn_angle': -0.252771, 'incoming_length': 3.42385, 'outgoing_length': 4.66579, 'pivot_safe': True, 'pass_through': False, 'equivalent_radius_min': 6.29609, 'equivalent_radius_max': 6.29609, 'trim_min': 0.8, 'trim_max': 0.8, 'trim_evaluations': 1, 'preferred_trim': 0.8, 'compatible_trim': 0.8, 'coarse_evaluations': 5, 'recovery_evaluations': 0, 'refinement_evaluations': 8, 'evaluations': 13, 'safe_feasible': 13, 'states': 2, 'selected_radius': 6.29609, 'selected_trim': 0.8, 'selected_control_distance': 0.256, 'selected_control_fraction': 0.32, 'selected_curvature_energy': 0.0424475, 'selected_score': 0.143528}, {'index': 2, 'x': 3.44138, 'y': -3.10808, 'turn_angle': 0.935882, 'incoming_length': 4.66579, 'outgoing_length': 1.56236, 'pivot_safe': True, 'pass_through': False, 'equivalent_radius_min': 1.58297, 'equivalent_radius_max': 1.58297, 'trim_min': 0.8, 'trim_max': 0.8, 'trim_evaluations': 1, 'preferred_trim': 0.8, 'compatible_trim': 0.8, 'coarse_evaluations': 5, 'recovery_evaluations': 0, 'refinement_evaluations': 8, 'evaluations': 13, 'safe_feasible': 13, 'states': 2, 'selected_radius': 1.58297, 'selected_trim': 0.8, 'selected_control_distance': 0.256, 'selected_control_fraction': 0.32, 'selected_curvature_energy': 0.624323, 'selected_score': 0.466892}]",3,6,39,True,3,2,14,8,5,,0.00756779,12,252,0.271321,634,0,1,0,"[[-5, 3], [-2.37788, 2.42032], [0.420834, 0.448034], [3.44138, -3.10808], [5, -3]]",condition_then_los,497,0,24,{},0.0438683,hierarchical_alpha_two_trim,0.05,,derived_preferred_compatible,3,27cef0d7cee09455c6aff670d680d5c9d4bd0cbebe03a5dc988e92da922f90f4,0,1,northwest_southeast,True,0.7685414157058262,0.765528263345086,12.197468039943015,1,0.056161031001465744
0.0,11.90958899284719,1.1102230246251565e-16,2.792863028992468e-17,,0.4218258873337236,0.1449222268733815,0.18825146149581692,0,183,10.120043669264355,raw,0.05,173,3c98b58fe10472057e68d9a360ef7e6c8952010048f5cd80fc0cd4b0a2dfe292,4.34725043091983,0,0.0,0,NavFnDijkstra,eae88b90a83ac708703f5bdc3a3f4a0406882c3cf223ebba53142397ddce7f0f,89,,,,,,,,,,,,,,,,,,,,,,,,,,,,,,,,,,,,,,,,,,,,3c98b58fe10472057e68d9a360ef7e6c8952010048f5cd80fc0cd4b0a2dfe292,0,1,center_block_detour,True,11.90958899284719,10.120043669264355,4.34725043091983,1,0.004237301000102889
0.0,3.126748132474127,0.013320843507824543,0.0027780107671892484,,0.4011978934586858,0.2474873771031409,0.25619225950049973,0,182,2.8491322090863593,simple,0.05,173,a9f2fd62243fc9daff68c2f7699a54ef93449b26ef0cba145c842c73c996f6ec,4.333688264126558,0,0.0,0,NavFnDijkstra,eae88b90a83ac708703f5bdc3a3f4a0406882c3cf223ebba53142397ddce7f0f,88,,,,,,,,,,,,,,,,,,,,,,,,,,,,,,,,,,,,,,,,,,,,3c98b58fe10472057e68d9a360ef7e6c8952010048f5cd80fc0cd4b0a2dfe292,0,1,center_block_detour,True,3.126748132474127,2.8491322090863593,4.333688264126558,1,0.0055041369996615686
0.0,6.7884074275405455,0.004723007800925183,0.000869742584300031,,0.39537746321115635,0.2474873771031409,0.25619225950049973,0,192,5.276780616416568,savitzky_golay,0.05,173,68f6bb9b621e9e24d3df1d12b973b04b604709050297136d02e5a5f6cedc54ac,4.344860980626355,0,0.0,0,NavFnDijkstra,eae88b90a83ac708703f5bdc3a3f4a0406882c3cf223ebba53142397ddce7f0f,88,,,,,,,,,,,,,,,,,,,,,,,,,,,,,,,,,,,,,,,,,,,,3c98b58fe10472057e68d9a360ef7e6c8952010048f5cd80fc0cd4b0a2dfe292,0,1,center_block_detour,True,6.7884074275405455,5.276780616416568,4.344860980626355,1,0.005439398000817164
0.021,6.14660662051018,0.006961059118594453,0.002002090846886482,,0.40091412383843306,0.2474873771031409,0.25619225950049973,0,185,3.686652937909377,constrained,0.05,173,a6619a2f56fdb7286620f9909637e4a30fe2d7bc70f699e471e45d957cededb0,4.3472302439533355,0,0.0,0,NavFnDijkstra,eae88b90a83ac708703f5bdc3a3f4a0406882c3cf223ebba53142397ddce7f0f,88,,,,,,,,,,,,,,,,,,,,,,,,,,,,,,,,,,,,,,,,,,,,3c98b58fe10472057e68d9a360ef7e6c8952010048f5cd80fc0cd4b0a2dfe292,0,1,center_block_detour,True,6.14660662051018,3.686652937909377,4.3472302439533355,1,0.026152217998969718
0.033,1.0566531993799697,0.19726786361923987,0.10184669419569008,,0.24280393929441824,0.06464466190395313,0.07644806095482698,0,354,0.7362940323916844,pstmo,0.05,344,97a3135b65a22983c66f823afadecc4242b4caed3be2cfdf5de6431dc77a941a,4.102746572589754,0,0.0,0,NavFnDijkstra,eae88b90a83ac708703f5bdc3a3f4a0406882c3cf223ebba53142397ddce7f0f,84,10,4,2,"[[-2.2, -0.6], [-1.2697, 0.383095], [-0.0398566, 0.486423], [0.477796, 0.350003], [1.2, -0.6]]",173,0.075,0.0724358,0.15,0,5,0,4,"[{'index': 0, 'x': -1.2697, 'y': 0.383095, 'turn_angle': -0.831916, 'incoming_length': 1.35349, 'outgoing_length': 1.74781, 'pivot_safe': True, 'pass_through': False, 'equivalent_radius_min': 1.81105, 'equivalent_radius_max': 1.81105, 'trim_min': 0.8, 'trim_max': 0.8, 'trim_evaluations': 1, 'preferred_trim': 0.8, 'compatible_trim': 0.8, 'coarse_evaluations': 5, 'recovery_evaluations': 0, 'refinement_evaluations': 8, 'evaluations': 13, 'safe_feasible': 12, 'states': 2, 'selected_radius': 1.81105, 'selected_trim': 0.8, 'selected_control_distance': 0.256, 'selected_control_fraction': 0.32, 'selected_curvature_energy': 0.484881, 'selected_score': 0.42022}, {'index': 1, 'x': 0.477796, 'y': 0.350003, 'turn_angle': -0.901857, 'incoming_length': 1.74781, 'outgoing_length': 1.19335, 'pivot_safe': True, 'pass_through': False, 'equivalent_radius_min': 1.65221, 'equivalent_radius_max': 1.65221, 'trim_min': 0.8, 'trim_max': 0.8, 'trim_evaluations': 1, 'preferred_trim': 0.8, 'compatible_trim': 0.8, 'coarse_evaluations': 5, 'recovery_evaluations': 0, 'refinement_evaluations': 8, 'evaluations': 13, 'safe_feasible': 12, 'states': 2, 'selected_radius': 1.65221, 'selected_trim': 0.8, 'selected_control_distance': 0.256, 'selected_control_fraction': 0.32, 'selected_curvature_energy': 0.576307, 'selected_score': 0.451733}]",2,4,26,True,2,1,5,5,4,,0.00142636,4,252,0.435976,344,0,1,0,"[[-2.2, -0.6], [-1.2697, 0.383095], [0.477796, 0.350003], [1.2, -0.6]]",condition_then_los,173,0,16,{'shape_swept_footprint': 2},0.0318989,hierarchical_alpha_two_trim,0.05,,derived_preferred_compatible,2,3c98b58fe10472057e68d9a360ef7e6c8952010048f5cd80fc0cd4b0a2dfe292,0,1,center_block_detour,True,1.0566531993799697,0.7362940323916844,4.102746572589754,1,0.04515439399983734
0.003,35.57686608955875,4.440892098500626e-16,7.976077666195232e-17,,0.38255852238291826,0.1449222268733815,0.17617902261440072,0,199,9.121930535020581,raw,0.05,181,8894260624c4fd7d522822bfb1ab1d0a06c8c7922e245ec1597f1f5ea347f2a8,4.540559738819013,0,0.0,0,NavFnDijkstra,18e0877a396943662dc49596c6afe72209fcab0ef8568e175c20c073ad97954f,93,,,,,,,,,,,,,,,,,,,,,,,,,,,,,,,,,,,,,,,,,,,,8894260624c4fd7d522822bfb1ab1d0a06c8c7922e245ec1597f1f5ea347f2a8,0,1,screen_detour,True,35.57686608955875,9.121930535020581,4.540559738819013,1,0.004565814000670798
0.0,7.295798298605223,0.014255128095454447,0.004352008877767996,,0.3831956225781292,0.21959563989254183,0.23390290478282266,0,194,3.9039076795740444,simple,0.05,181,1777dea0b71b0a9fbab590821ff412d6f62fabb83a722c4d045a8376a681c97a,4.503193769676825,0,0.0,0,NavFnDijkstra,18e0877a396943662dc49596c6afe72209fcab0ef8568e175c20c073ad97954f,92,,,,,,,,,,,,,,,,,,,,,,,,,,,,,,,,,,,,,,,,,,,,8894260624c4fd7d522822bfb1ab1d0a06c8c7922e245ec1597f1f5ea347f2a8,0,1,screen_detour,True,7.295798298605223,3.9039076795740444,4.503193769676825,1,0.006033892999766977
0.0,20.82333799611537,0.00737067302770558,0.0014667336794641547,,0.42012084188873655,0.2146446641391273,0.21959563989254183,0,269,8.677693362346645,savitzky_golay,0.05,181,a66b65967fae77b3c1567a42aeaffb56de2bb8d46b74aaf6e96984d7ba50a658,4.531826979337325,0,0.0,0,NavFnDijkstra,18e0877a396943662dc49596c6afe72209fcab0ef8568e175c20c073ad97954f,92,,,,,,,,,,,,,,,,,,,,,,,,,,,,,,,,,,,,,,,,,,,,8894260624c4fd7d522822bfb1ab1d0a06c8c7922e245ec1597f1f5ea347f2a8,0,1,screen_detour,True,20.82333799611537,8.677693362346645,4.531826979337325,1,0.005449279000458773
0.012,25.001646286109004,0.014944596616480647,0.0028339499516992755,,0.37594660773632194,0.2146446641391273,0.23390290478282266,0,221,7.14841715110097,constrained,0.05,181,37cd7e4b03e3cbf966a51a42550bd495879025a89b2ee4baa1d26425609e94b6,4.544055676046496,0,0.0,0,NavFnDijkstra,18e0877a396943662dc49596c6afe72209fcab0ef8568e175c20c073ad97954f,92,,,,,,,,,,,,,,,,,,,,,,,,,,,,,,,,,,,,,,,,,,,,8894260624c4fd7d522822bfb1ab1d0a06c8c7922e245ec1597f1f5ea347f2a8,0,1,screen_detour,True,25.001646286109004,7.14841715110097,4.544055676046496,1,0.018659707999177044
0.036000000000000004,3.2494258825740494,0.20107681077415332,0.10400842638875589,,0.2367945007444887,0.06464466190395313,0.06464466190395313,0,228,1.7785984367066057,pstmo,0.05,212,79940338ad30246f2ee56706e2131db078b27f3ae30211c6e22ed5a162885b2a,4.124254352688053,0,0.0,0,NavFnDijkstra,18e0877a396943662dc49596c6afe72209fcab0ef8568e175c20c073ad97954f,84,20,6,4,"[[1.2, 1.4], [1.59004, 2.78842], [1.79768, 2.99616], [2.39516, 3.08884], [2.71284, 3.02879], [2.92682, 2.82307], [3.5, 1.4]]",181,0.075,0.0434257,0.15,0,7,0,6,"[{'index': 0, 'x': 1.79768, 'y': 2.99616, 'turn_angle': -1.36462, 'incoming_length': 1.70439, 'outgoing_length': 1.14233, 'pivot_safe': True, 'pass_through': False, 'equivalent_radius_min': 0.672218, 'equivalent_radius_max': 0.984633, 'trim_min': 0.546167, 'trim_max': 0.8, 'trim_evaluations': 2, 'preferred_trim': 0.8, 'compatible_trim': 0.546167, 'coarse_evaluations': 10, 'recovery_evaluations': 0, 'refinement_evaluations': 16, 'evaluations': 26, 'safe_feasible': 17, 'states': 3, 'selected_radius': 0.672218, 'selected_trim': 0.546167, 'selected_control_distance': 0.16385, 'selected_control_fraction': 0.3, 'selected_curvature_energy': 2.13731, 'selected_score': 0.726574}, {'index': 1, 'x': 2.92682, 'y': 2.82307, 'turn_angle': -1.03579, 'incoming_length': 1.14233, 'outgoing_length': 1.53417, 'pivot_safe': True, 'pass_through': False, 'equivalent_radius_min': 0.95857, 'equivalent_radius_max': 1.40407, 'trim_min': 0.546167, 'trim_max': 0.8, 'trim_evaluations': 2, 'preferred_trim': 0.8, 'compatible_trim': 0.546167, 'coarse_evaluations': 10, 'recovery_evaluations': 0, 'refinement_evaluations': 16, 'evaluations': 26, 'safe_feasible': 19, 'states': 3, 'selected_radius': 0.95857, 'selected_trim': 0.546167, 'selected_control_distance': 0.174774, 'selected_control_fraction': 0.32, 'selected_curvature_energy': 1.14212, 'selected_score': 0.596627}]",2,6,52,True,2,2,7,7,4,,0.00159857,5,252,0.661601,212,0,1,0,"[[1.2, 1.4], [1.79768, 2.99616], [2.92682, 2.82307], [3.5, 1.4]]",condition_then_los,181,0,32,"{'shape_angular acceleration iteration did not converge': 3, 'shape_swept_footprint': 11, 'shape_transition requires a reversing inner wheel': 2}",0.0349633,hierarchical_alpha_two_trim,0.05,,derived_preferred_compatible,4,8894260624c4fd7d522822bfb1ab1d0a06c8c7922e245ec1597f1f5ea347f2a8,0,1,screen_detour,True,3.2494258825740494,1.7785984367066057,4.124254352688053,1,0.04224875599902589
0.0,5.115904292401642e-12,0.0,0.0,,0.8869007717174993,0.26464466488418537,0.6821446711054202,0,328,7.152557301992493e-06,raw,0.05,326,9b3fa6be1c3df5ba209539202e61c5c6450023c60f5f70abb8dbcddbb14c5e33,8.199999999999982,0,0.0,0,NavFnDijkstra,2251ac3eac66473d41a5def30a3e3642e9ea39a2ae62aa357275910baf1ecece,165,,,,,,,,,,,,,,,,,,,,,,,,,,,,,,,,,,,,,,,,,,,,9b3fa6be1c3df5ba209539202e61c5c6450023c60f5f70abb8dbcddbb14c5e33,0,1,long_lower_lane,True,5.115904292401642e-12,7.152557301992493e-06,8.199999999999982,1,0.006647923000855371
0.0,2.0323797820147e-13,1.1213030948198366e-08,1.337637091853379e-09,,0.8885710545495112,0.26464466488418537,0.7146446715897079,0,326,1.058340437509786e-06,simple,0.05,326,99ee42e96170ac77b10a62733e8983d8eb1fb255a404141b57b29d849f7fdc0d,8.199999999999985,0,0.0,0,NavFnDijkstra,2251ac3eac66473d41a5def30a3e3642e9ea39a2ae62aa357275910baf1ecece,165,,,,,,,,,,,,,,,,,,,,,,,,,,,,,,,,,,,,,,,,,,,,9b3fa6be1c3df5ba209539202e61c5c6450023c60f5f70abb8dbcddbb14c5e33,0,1,long_lower_lane,True,2.0323797820147e-13,1.058340437509786e-06,8.199999999999985,1,0.00878299100077129
0.0,8.798722444007084e-13,8.069260371001974e-09,8.149030879684817e-10,,0.8888778030203398,0.26464466488418537,0.7146446715897079,0,326,2.7331859442370534e-06,savitzky_golay,0.05,326,b908905d347bd882b3c2e38a828aa011290d92f27da60c78683f69633dcb5b1b,8.199999999999983,0,0.0,0,NavFnDijkstra,2251ac3eac66473d41a5def30a3e3642e9ea39a2ae62aa357275910baf1ecece,165,,,,,,,,,,,,,,,,,,,,,,,,,,,,,,,,,,,,,,,,,,,,9b3fa6be1c3df5ba209539202e61c5c6450023c60f5f70abb8dbcddbb14c5e33,0,1,long_lower_lane,True,8.798722444007084e-13,2.7331859442370534e-06,8.199999999999983,1,0.008030922999751056
0.0,5.115904292401642e-12,0.0,0.0,,0.8869007717174993,0.26464466488418537,0.6821446711054202,0,328,7.152557301992493e-06,constrained,0.05,326,9b3fa6be1c3df5ba209539202e61c5c6450023c60f5f70abb8dbcddbb14c5e33,8.199999999999982,0,0.0,0,NavFnDijkstra,2251ac3eac66473d41a5def30a3e3642e9ea39a2ae62aa357275910baf1ecece,165,,,,,,,,,,,,,,,,,,,,,,,,,,,,,,,,,,,,,,,,,,,,9b3fa6be1c3df5ba209539202e61c5c6450023c60f5f70abb8dbcddbb14c5e33,0,1,long_lower_lane,True,5.115904292401642e-12,7.152557301992493e-06,8.199999999999982,1,0.0078320859993255
0.006,0.0,1.7881393254981504e-08,1.7772690733690334e-08,,0.882263721706474,0.26464466488418537,0.637144670434868,0,210,0.0,pstmo,0.05,165,399d98e7bc449bad96a257cf923c59e273c01767c5e26f784e5714c336cf52c7,8.199999999999982,0,0.0,0,NavFnDijkstra,2251ac3eac66473d41a5def30a3e3642e9ea39a2ae62aa357275910baf1ecece,165,0,0,0,"[[-5, -2.8], [3.2, -2.8]]",326,0.075,1.78814e-08,0.15,0,2,0,1,[],0,0,0,True,0,0,0,2,2,,0.00160069,0,252,0,165,0,1,0,"[[-5, -2.8], [3.2, -2.8]]",condition_then_los,326,0,0,{},0.00499937,hierarchical_alpha_two_trim,0.05,,derived_preferred_compatible,0,9b3fa6be1c3df5ba209539202e61c5c6450023c60f5f70abb8dbcddbb14c5e33,0,1,long_lower_lane,True,0.0,0.0,8.199999999999982,1,0.010824012000739458
0.0,6.868755601796693,4.440892098500626e-16,4.4762999556921193e-17,,0.693927006023443,0.26878279146075923,0.3146446656292434,0,402,9.11091442342575,raw,0.05,400,644e00006a48ca8740edbd478d4a47e543183f8872efbd03f0ea08bb7e3ec26c,10.087551611778142,0,0.0,0,NavFnDijkstra,96186b997e6c74a34305c8929d252414a151927e940538a6b6e69771faec18ed,203,,,,,,,,,,,,,,,,,,,,,,,,,,,,,,,,,,,,,,,,,,,,644e00006a48ca8740edbd478d4a47e543183f8872efbd03f0ea08bb7e3ec26c,0,1,long_upper_lane,True,6.868755601796693,9.11091442342575,10.087551611778142,1,0.008188814999812166
0.0,1.484209532905966,0.017907654478164305,0.0019367241634901645,,0.6889839131571464,0.3146446656292434,0.3146446656292434,0,407,1.9234675445042515,simple,0.05,400,286effc7fc4d36d716421a39808e9aeeb5298d2dfc847a0ecb17ef36da2c46c7,10.07707735685811,0,0.0,0,NavFnDijkstra,96186b997e6c74a34305c8929d252414a151927e940538a6b6e69771faec18ed,203,,,,,,,,,,,,,,,,,,,,,,,,,,,,,,,,,,,,,,,,,,,,644e00006a48ca8740edbd478d4a47e543183f8872efbd03f0ea08bb7e3ec26c,0,1,long_upper_lane,True,1.484209532905966,1.9234675445042515,10.07707735685811,1,0.011430804999690736
0.0,3.651473410280583,0.008317868676068216,0.0006546875010268454,,0.6891438249090104,0.3146446656292434,0.3146446656292434,0,413,5.060211634821555,savitzky_golay,0.05,400,dc638572de821494e3c88e92042f179d12d59f0ea24ef8eb26903ce699f98c01,10.08459990151672,0,0.0,0,NavFnDijkstra,96186b997e6c74a34305c8929d252414a151927e940538a6b6e69771faec18ed,203,,,,,,,,,,,,,,,,,,,,,,,,,,,,,,,,,,,,,,,,,,,,644e00006a48ca8740edbd478d4a47e543183f8872efbd03f0ea08bb7e3ec26c,0,1,long_upper_lane,True,3.651473410280583,5.060211634821555,10.08459990151672,1,0.010487572000783985
0.030000000000000002,4.413939336002105,0.004751444195680012,0.0007675088753290003,,0.6889063327891412,0.3146446656292434,0.3146446656292434,0,412,4.750337710610458,constrained,0.05,400,27d013c1d5db5d9342867251cd0bbac3570c4ad7361ae44e3d5e29914999b9bd,10.087750647125448,0,0.0,0,NavFnDijkstra,96186b997e6c74a34305c8929d252414a151927e940538a6b6e69771faec18ed,203,,,,,,,,,,,,,,,,,,,,,,,,,,,,,,,,,,,,,,,,,,,,644e00006a48ca8740edbd478d4a47e543183f8872efbd03f0ea08bb7e3ec26c,0,1,long_upper_lane,True,4.413939336002105,4.750337710610458,10.087750647125448,1,0.04538351299925125
0.015000000000000001,0.0,0.29605479085515973,0.15205791749181607,,0.6857986978245939,0.014644661158895074,0.014644661158895074,0,278,0.0,pstmo,0.05,201,157c0b2feb3dcedbe605c1571e9262d5aa51d56e337dcf578e93055ed27868cb,10.000000000000007,0,0.0,0,NavFnDijkstra,96186b997e6c74a34305c8929d252414a151927e940538a6b6e69771faec18ed,201,0,0,0,"[[-5, 2.8], [0.771126, 2.84326], [2.21503, 3.09606], [4.51234, 2.99415], [5, 2.8]]",400,0.075,0.06049,0.15,0,5,0,4,[],0,0,0,True,0,1,1,5,2,,0.00514945,0,252,0,201,0,1,0,"[[-5, 2.8], [5, 2.8]]",condition_then_los,400,0,0,{},0.0162651,hierarchical_alpha_two_trim,0.05,,derived_preferred_compatible,0,644e00006a48ca8740edbd478d4a47e543183f8872efbd03f0ea08bb7e3ec26c,0,1,long_upper_lane,True,0.0,0.0,10.000000000000007,1,0.02865353299966955
0.0,11.26552475255497,4.440892098500626e-16,5.93439168722175e-17,,1.2061103547993817,0.6146446700995918,0.7146446715897079,0,115,11.076891330887058,raw,0.05,107,2be84aaedd49294875ff59391898fad811e10fe235a22eca001552659c84cb3f,2.7144779529863845,0,0.0,0,NavFnDijkstra,8b0d27af42f24a9a29a969911aa16eb6349ebe245aa53c48edf7bd66241ebe75,56,,,,,,,,,,,,,,,,,,,,,,,,,,,,,,,,,,,,,,,,,,,,2be84aaedd49294875ff59391898fad811e10fe235a22eca001552659c84cb3f,0,1,short_open_diagonal,True,11.26552475255497,11.076891330887058,2.7144779529863845,1,0.0028259209993848344
0.0,1.4436467888688644,0.01429159693010513,0.003510999717184564,,1.1421265060840828,0.6146446700995918,0.6646446708446498,0,111,2.6293350059314067,simple,0.05,107,bdc5041257dcbc74c37109e7f8328b9968cd319c47298f034a71a59517e789af,2.700994691423786,0,0.0,0,NavFnDijkstra,8b0d27af42f24a9a29a969911aa16eb6349ebe245aa53c48edf7bd66241ebe75,56,,,,,,,,,,,,,,,,,,,,,,,,,,,,,,,,,,,,,,,,,,,,2be84aaedd49294875ff59391898fad811e10fe235a22eca001552659c84cb3f,0,1,short_open_diagonal,True,1.4436467888688644,2.6293350059314067,2.700994691423786,1,0.005387217999668792
0.003,5.11193913703026,0.009506000331931287,0.0014714170884362735,,1.1421689278962974,0.6146446700995918,0.6646446708446498,0,122,5.7283091797154455,savitzky_golay,0.05,107,6995af6e78eb218302eadb913cb46ca4f0c62d865410744268bba89e19efa875,2.7090215434303877,0,0.0,0,NavFnDijkstra,8b0d27af42f24a9a29a969911aa16eb6349ebe245aa53c48edf7bd66241ebe75,56,,,,,,,,,,,,,,,,,,,,,,,,,,,,,,,,,,,,,,,,,,,,2be84aaedd49294875ff59391898fad811e10fe235a22eca001552659c84cb3f,0,1,short_open_diagonal,True,5.11193913703026,5.7283091797154455,2.7090215434303877,1,0.004367700001239427
0.009000000000000001,10.665875632812716,0.006810216980043914,0.0012160125591067117,,1.1363631907840006,0.6146446700995918,0.6646446708446498,0,122,8.573149757114082,constrained,0.05,107,66df40fa4c81f8c2b6a51646f937b6db3516eda953c035e642bb2f664b570c0b,2.717058578415031,0,0.0,0,NavFnDijkstra,8b0d27af42f24a9a29a969911aa16eb6349ebe245aa53c48edf7bd66241ebe75,56,,,,,,,,,,,,,,,,,,,,,,,,,,,,,,,,,,,,,,,,,,,,2be84aaedd49294875ff59391898fad811e10fe235a22eca001552659c84cb3f,0,1,short_open_diagonal,True,10.665875632812716,8.573149757114082,2.717058578415031,1,0.013323204999323934
0.003,8.856450576409658e-26,0.04204832202079877,0.022915352441073254,,1.1418061300306692,0.6146446700995918,0.6996446713661905,0,55,3.955169525227198e-13,pstmo,0.05,55,01b2a8a5345479c3fd840b5da129b8fffcb99a9129885eda490c3d7b7cf104f4,2.692582403567252,0,0.0,0,NavFnDijkstra,8b0d27af42f24a9a29a969911aa16eb6349ebe245aa53c48edf7bd66241ebe75,55,0,0,0,"[[-5, -3], [-2.5, -2]]",107,0.075,0.0426028,0.15,0,2,0,1,[],0,0,0,True,0,0,0,2,2,,0.000536426,0,252,0,55,0,1,0,"[[-5, -3], [-2.5, -2]]",condition_then_los,107,0,0,{},0.0015803,hierarchical_alpha_two_trim,0.05,,derived_preferred_compatible,0,2be84aaedd49294875ff59391898fad811e10fe235a22eca001552659c84cb3f,0,1,short_open_diagonal,True,8.856450576409658e-26,3.955169525227198e-13,2.692582403567252,1,0.004590827998981695
0.003,12.882797036433665,8.326672684688674e-17,2.3523560890931033e-17,,0.6020007774276284,0.16464466339406925,0.23390290478282266,0,404,8.251982831410796,raw,0.05,203,b68ba6c08a7bde264ac3539f7ca6527d14eb5a543607110e948d801c30e2b72c,10.24006744636602,0,0.0,0,ThetaStar,ce8b8d8e01b954abd4d47632fdf96309bb7d06fb0ed2824dffda47f6a7f132dd,206,,,,,,,,,,,,,,,,,,,,,,,,,,,,,,,,,,,,,,,,,,,,b68ba6c08a7bde264ac3539f7ca6527d14eb5a543607110e948d801c30e2b72c,0,1,west_east_center,True,12.882797036433665,8.251982831410796,10.24006744636602,1,0.0071142590004456
0.0,1.3076077132994623,0.021522882896787776,0.004888484826581552,,0.5793934503119712,0.21959563989254183,0.23390290478282266,0,340,1.4548529120564337,simple,0.05,203,b3e774969f56ad1a43878cf0df364287b6ae21d8a9f9647c5b2da6b121aed683,10.211152864814649,0,0.0,0,ThetaStar,ce8b8d8e01b954abd4d47632fdf96309bb7d06fb0ed2824dffda47f6a7f132dd,206,,,,,,,,,,,,,,,,,,,,,,,,,,,,,,,,,,,,,,,,,,,,b68ba6c08a7bde264ac3539f7ca6527d14eb5a543607110e948d801c30e2b72c,0,1,west_east_center,True,1.3076077132994623,1.4548529120564337,10.211152864814649,1,0.006223574000614462
0.0,3.220421695781276,0.007142225329336255,0.0013490530602985014,,0.5919502118630882,0.21959563989254183,0.2557570153806318,0,340,2.5822877420399464,savitzky_golay,0.05,203,708d79bda2ed8feb7fe5b376a00d63cacedf9fa40d80aa3f2f85f7b2e83c0608,10.230721340082415,0,0.0,0,ThetaStar,ce8b8d8e01b954abd4d47632fdf96309bb7d06fb0ed2824dffda47f6a7f132dd,206,,,,,,,,,,,,,,,,,,,,,,,,,,,,,,,,,,,,,,,,,,,,b68ba6c08a7bde264ac3539f7ca6527d14eb5a543607110e948d801c30e2b72c,0,1,west_east_center,True,3.220421695781276,2.5822877420399464,10.230721340082415,1,0.00620051300029445
0.015000000000000001,8.24193433914586,0.015165613128167015,0.002809619461271843,,0.5917484668656103,0.2146446641391273,0.25401603890116004,0,316,8.092351774966007,constrained,0.05,203,22799ad3b6397c74203c65bc86728c40e308d1b3aa009ca4de270ff291475dbd,10.245820939228667,0,0.0,0,ThetaStar,ce8b8d8e01b954abd4d47632fdf96309bb7d06fb0ed2824dffda47f6a7f132dd,206,,,,,,,,,,,,,,,,,,,,,,,,,,,,,,,,,,,,,,,,,,,,b68ba6c08a7bde264ac3539f7ca6527d14eb5a543607110e948d801c30e2b72c,0,1,west_east_center,True,8.24193433914586,8.092351774966007,10.245820939228667,1,0.022406285999750253
0.036000000000000004,0.34496802871906324,0.23299649920488924,0.10190906863930851,,0.41498982202933316,0.16464466339406925,0.16464466339406925,0,463,0.41137095089618453,pstmo,0.05,462,2a0390893adfd588363007abaa870d4c39deb1660464c6855b91af520e56418c,10.125393491895773,0,0.0,0,ThetaStar,ce8b8d8e01b954abd4d47632fdf96309bb7d06fb0ed2824dffda47f6a7f132dd,204,10,4,2,"[[-5, 0], [-3.425, 0.375], [-1.875, 0.375], [-1.375, 0.475], [0.425, 0.475], [2.125, -0.275], [5, 0]]",203,0.075,0.0610258,0.15,0,7,0,6,"[{'index': 0, 'x': 0.425, 'y': 0.475, 'turn_angle': -0.502827, 'incoming_length': 5.44576, 'outgoing_length': 1.85809, 'pivot_safe': True, 'pass_through': False, 'equivalent_radius_min': 3.11468, 'equivalent_radius_max': 3.11468, 'trim_min': 0.8, 'trim_max': 0.8, 'trim_evaluations': 1, 'preferred_trim': 0.8, 'compatible_trim': 0.8, 'coarse_evaluations': 5, 'recovery_evaluations': 0, 'refinement_evaluations': 8, 'evaluations': 13, 'safe_feasible': 12, 'states': 2, 'selected_radius': 3.11468, 'selected_trim': 0.8, 'selected_control_distance': 0.256, 'selected_control_fraction': 0.32, 'selected_curvature_energy': 0.170524, 'selected_score': 0.256005}, {'index': 1, 'x': 2.125, 'y': -0.275, 'turn_angle': 0.510854, 'incoming_length': 1.85809, 'outgoing_length': 2.88812, 'pivot_safe': True, 'pass_through': False, 'equivalent_radius_min': 3.0636, 'equivalent_radius_max': 3.0636, 'trim_min': 0.8, 'trim_max': 0.8, 'trim_evaluations': 1, 'preferred_trim': 0.8, 'compatible_trim': 0.8, 'coarse_evaluations': 5, 'recovery_evaluations': 0, 'refinement_evaluations': 8, 'evaluations': 13, 'safe_feasible': 12, 'states': 2, 'selected_radius': 3.0636, 'selected_trim': 0.8, 'selected_control_distance': 0.256, 'selected_control_fraction': 0.32, 'selected_curvature_energy': 0.17613, 'selected_score': 0.277159}]",2,4,26,True,2,1,4,7,4,,0.00362432,3,252,0.266582,462,0,1,0,"[[-5, 0], [0.425, 0.475], [2.125, -0.275], [5, 0]]",condition_then_los,203,0,16,{'shape_angular acceleration iteration did not converge': 2},0.0377105,hierarchical_alpha_two_trim,0.05,,derived_preferred_compatible,2,b68ba6c08a7bde264ac3539f7ca6527d14eb5a543607110e948d801c30e2b72c,0,1,west_east_center,True,0.34496802871906324,0.41137095089618453,10.125393491895773,1,0.04827773699980753
0.006,26.927572375455153,4.440892098500626e-16,9.46246634124894e-17,,0.7668995200251004,0.1449222268733815,0.2146446641391273,0,460,8.954516582825072,raw,0.05,224,31782a69c048944a26865bdf06ff6e325644db3bd0c28e42c344d307db2469b4,12.31350494453661,0,0.0,0,ThetaStar,26c6dd750abf83c6364dfc71a1d287906ffa54c5d29ba0b4b5774cc0af24c627,248,,,,,,,,,,,,,,,,,,,,,,,,,,,,,,,,,,,,,,,,,,,,31782a69c048944a26865bdf06ff6e325644db3bd0c28e42c344d307db2469b4,0,1,southwest_northeast,True,26.927572375455153,8.954516582825072,12.31350494453661,1,0.010653473000274971
0.0,1.3173892623118666,0.026214696855234445,0.0066542258591489965,,0.7305505614668503,0.2146446641391273,0.23390290478282266,0,447,1.1129904999571154,simple,0.05,224,9b828c4614dda29f50187def195cf3bb8a10c7d359b98a2f312abec3425c516b,12.260979163003846,0,0.0,0,ThetaStar,26c6dd750abf83c6364dfc71a1d287906ffa54c5d29ba0b4b5774cc0af24c627,247,,,,,,,,,,,,,,,,,,,,,,,,,,,,,,,,,,,,,,,,,,,,31782a69c048944a26865bdf06ff6e325644db3bd0c28e42c344d307db2469b4,0,1,southwest_northeast,True,1.3173892623118666,1.1129904999571154,12.260979163003846,1,0.00643805199979397
0.0,4.8842439206867905,0.009428330791471845,0.002291083662016483,,0.732534161202086,0.23390290478282266,0.2474873771031409,0,399,2.7284859221898206,savitzky_golay,0.05,224,557147ebdf41dfcffa72667e90b1c12967e9b240be3171c0a8c63fd7f0a29af6,12.291020728356711,0,0.0,0,ThetaStar,26c6dd750abf83c6364dfc71a1d287906ffa54c5d29ba0b4b5774cc0af24c627,247,,,,,,,,,,,,,,,,,,,,,,,,,,,,,,,,,,,,,,,,,,,,31782a69c048944a26865bdf06ff6e325644db3bd0c28e42c344d307db2469b4,0,1,southwest_northeast,True,4.8842439206867905,2.7284859221898206,12.291020728356711,1,0.006507081001473125
0.018000000000000002,10.435708123269906,0.013277990202866428,0.003908284030089207,,0.7251734743921232,0.23390290478282266,0.25619225950049973,0,379,7.923197657521518,constrained,0.05,224,5e8cf0bfbf4e744d9b2c4ed3173b65c38131cd1425647c28c7c7ae759f82e6c6,12.31215003217888,0,0.0,0,ThetaStar,26c6dd750abf83c6364dfc71a1d287906ffa54c5d29ba0b4b5774cc0af24c627,248,,,,,,,,,,,,,,,,,,,,,,,,,,,,,,,,,,,,,,,,,,,,31782a69c048944a26865bdf06ff6e325644db3bd0c28e42c344d307db2469b4,0,1,southwest_northeast,True,10.435708123269906,7.923197657521518,12.31215003217888,1,0.046812737000436755
0.036000000000000004,0.17429690305495837,0.22415560216306094,0.08223180127029027,,0.5223595239527524,0.1449222268733815,0.1449222268733815,0,513,0.32546617406826556,pstmo,0.05,503,c0c0c1c486a37bbe6645fb32724f3d0d3471ef5420911e9fd82eef20f52dd286,12.190263169090663,0,0.0,0,ThetaStar,26c6dd750abf83c6364dfc71a1d287906ffa54c5d29ba0b4b5774cc0af24c627,245,10,4,2,"[[-5, -3], [-2.675, -2.425], [-0.875, -1.825], [0.475, -1.575], [2.125, -0.675], [2.975, 0.0250001], [4.025, 1.975], [5, 3]]",224,0.075,0.0438948,0.15,0,8,0,7,"[{'index': 0, 'x': 0.475, 'y': -1.575, 'turn_angle': 0.314689, 'incoming_length': 5.65741, 'outgoing_length': 2.96816, 'pivot_safe': True, 'pass_through': False, 'equivalent_radius_min': 5.04236, 'equivalent_radius_max': 5.04236, 'trim_min': 0.8, 'trim_max': 0.8, 'trim_evaluations': 1, 'preferred_trim': 0.8, 'compatible_trim': 0.8, 'coarse_evaluations': 5, 'recovery_evaluations': 0, 'refinement_evaluations': 8, 'evaluations': 13, 'safe_feasible': 13, 'states': 2, 'selected_radius': 5.04236, 'selected_trim': 0.8, 'selected_control_distance': 0.256, 'selected_control_fraction': 0.32, 'selected_curvature_energy': 0.0659709, 'selected_score': 0.187465}, {'index': 1, 'x': 2.975, 'y': 0.0250001, 'turn_angle': 0.403847, 'incoming_length': 2.96816, 'outgoing_length': 3.59878, 'pivot_safe': True, 'pass_through': False, 'equivalent_radius_min': 3.9079, 'equivalent_radius_max': 3.9079, 'trim_min': 0.8, 'trim_max': 0.8, 'trim_evaluations': 1, 'preferred_trim': 0.8, 'compatible_trim': 0.8, 'coarse_evaluations': 5, 'recovery_evaluations': 0, 'refinement_evaluations': 8, 'evaluations': 13, 'safe_feasible': 12, 'states': 2, 'selected_radius': 3.9079, 'selected_trim': 0.8, 'selected_control_distance': 0.256, 'selected_control_fraction': 0.32, 'selected_curvature_energy': 0.109202, 'selected_score': 0.235439}]",2,4,26,True,2,3,9,8,4,,0.0069496,6,252,0.211452,503,0,1,0,"[[-5, -3], [0.475, -1.575], [2.975, 0.0250001], [5, 3]]",condition_then_los,224,0,16,{'shape_angular acceleration iteration did not converge': 1},0.0360386,hierarchical_alpha_two_trim,0.05,,derived_preferred_compatible,2,31782a69c048944a26865bdf06ff6e325644db3bd0c28e42c344d307db2469b4,0,1,southwest_northeast,True,0.17429690305495837,0.32546617406826556,12.190263169090663,1,0.04656216500006849
0.006,37.045685775198145,4.440892098500626e-16,7.475357741022956e-17,,0.6200162444212622,0.10606601875848895,0.18825146149581692,0,432,13.815984911381365,raw,0.05,214,428649387626890c645a17c2cb9517adceb1dcd6bc33cc7c7128fad716ec0b5a,12.361732917256132,0,0.0,0,ThetaStar,cc15e920474af17d6d25ac407c3402f1d568f09d582372c0a4d98a01f461c73f,249,,,,,,,,,,,,,,,,,,,,,,,,,,,,,,,,,,,,,,,,,,,,428649387626890c645a17c2cb9517adceb1dcd6bc33cc7c7128fad716ec0b5a,0,1,northwest_southeast,True,37.045685775198145,13.815984911381365,12.361732917256132,1,0.012412392999976873
0.003,2.34686904490154,0.04065372887697172,0.007688575024663292,,0.5758118181710062,0.1449222268733815,0.2146446641391273,0,427,1.9183701172689724,simple,0.05,214,c3c450172803c9ed3b82fb1dad857ac25a74d218cfc00a027c4745ca61ccef00,12.281698230064762,0,0.0,0,ThetaStar,cc15e920474af17d6d25ac407c3402f1d568f09d582372c0a4d98a01f461c73f,247,,,,,,,,,,,,,,,,,,,,,,,,,,,,,,,,,,,,,,,,,,,,428649387626890c645a17c2cb9517adceb1dcd6bc33cc7c7128fad716ec0b5a,0,1,northwest_southeast,True,2.34686904490154,1.9183701172689724,12.281698230064762,1,0.006948095000552712
0.0,7.388737246089263,0.01693809742196666,0.002822025519237953,,0.582743368358813,0.17677669793081488,0.2193480911048711,0,400,3.2741168573911406,savitzky_golay,0.05,214,296d337e83a95c0abeb78348c4fb7d9f3aee499313b71b8625e43bb16ce7e653,12.326170649666054,0,0.0,0,ThetaStar,cc15e920474af17d6d25ac407c3402f1d568f09d582372c0a4d98a01f461c73f,248,,,,,,,,,,,,,,,,,,,,,,,,,,,,,,,,,,,,,,,,,,,,428649387626890c645a17c2cb9517adceb1dcd6bc33cc7c7128fad716ec0b5a,0,1,northwest_southeast,True,7.388737246089263,3.2741168573911406,12.326170649666054,1,0.00687288900007843
0.018000000000000002,12.768846211892612,0.03908213494560257,0.009451104865770792,,0.578536383781726,0.17677669793081488,0.2474873771031409,0,389,6.082322780381978,constrained,0.05,214,e535aaa4b383fdadc1816549aafe1b043b1ec1cd519ec219a5bd38c7fa301490,12.384556840560657,0,0.0,0,ThetaStar,cc15e920474af17d6d25ac407c3402f1d568f09d582372c0a4d98a01f461c73f,249,,,,,,,,,,,,,,,,,,,,,,,,,,,,,,,,,,,,,,,,,,,,428649387626890c645a17c2cb9517adceb1dcd6bc33cc7c7128fad716ec0b5a,0,1,northwest_southeast,True,12.768846211892612,6.082322780381978,12.384556840560657,1,0.02571136599908641
0.048,0.7732755584199732,0.23381121588172277,0.11866742074185786,,0.5179117721273365,0.06464466190395313,0.07644806095482698,0,638,0.7504392476834421,pstmo,0.05,632,500da9a12a1d844d92c5e426cb037d13ee0b188315959235d537cbf1de1becc2,12.11371251928249,0,0.0,0,ThetaStar,cc15e920474af17d6d25ac407c3402f1d568f09d582372c0a4d98a01f461c73f,244,15,8,3,"[[-5, 3], [-3.975, 2.625], [-2.325, 2.425], [-0.825, 1.475], [0.375, 0.425], [1.875, -1.075], [3.575, -3.075], [5, -3]]",214,0.075,0.0735824,0.15,0,8,0,7,"[{'index': 0, 'x': -2.325, 'y': 2.425, 'turn_angle': -0.483007, 'incoming_length': 2.7361, 'outgoing_length': 5.46717, 'pivot_safe': True, 'pass_through': False, 'equivalent_radius_min': 3.24793, 'equivalent_radius_max': 3.24793, 'trim_min': 0.8, 'trim_max': 0.8, 'trim_evaluations': 1, 'preferred_trim': 0.8, 'compatible_trim': 0.8, 'coarse_evaluations': 5, 'recovery_evaluations': 0, 'refinement_evaluations': 8, 'evaluations': 13, 'safe_feasible': 13, 'states': 2, 'selected_radius': 3.24793, 'selected_trim': 0.8, 'selected_control_distance': 0.256, 'selected_control_fraction': 0.32, 'selected_curvature_energy': 0.157095, 'selected_score': 0.221777}, {'index': 1, 'x': 1.875, 'y': -1.075, 'turn_angle': -0.171564, 'incoming_length': 5.46717, 'outgoing_length': 2.62488, 'pivot_safe': True, 'pass_through': False, 'equivalent_radius_min': 9.30308, 'equivalent_radius_max': 9.30308, 'trim_min': 0.8, 'trim_max': 0.8, 'trim_evaluations': 1, 'preferred_trim': 0.8, 'compatible_trim': 0.8, 'coarse_evaluations': 5, 'recovery_evaluations': 0, 'refinement_evaluations': 8, 'evaluations': 13, 'safe_feasible': 13, 'states': 2, 'selected_radius': 9.30308, 'selected_trim': 0.8, 'selected_control_distance': 0.256, 'selected_control_fraction': 0.32, 'selected_curvature_energy': 0.0195024, 'selected_score': 0.0195263}, {'index': 2, 'x': 3.575, 'y': -3.075, 'turn_angle': 0.918885, 'incoming_length': 2.62488, 'outgoing_length': 1.42697, 'pivot_safe': True, 'pass_through': False, 'equivalent_radius_min': 1.61696, 'equivalent_radius_max': 1.61696, 'trim_min': 0.8, 'trim_max': 0.8, 'trim_evaluations': 1, 'preferred_trim': 0.8, 'compatible_trim': 0.8, 'coarse_evaluations': 5, 'recovery_evaluations': 0, 'refinement_evaluations': 8, 'evaluations': 13, 'safe_feasible': 12, 'states': 2, 'selected_radius': 1.61696, 'selected_trim': 0.8, 'selected_control_distance': 0.256, 'selected_control_fraction': 0.32, 'selected_curvature_energy': 0.600039, 'selected_score': 0.459334}]",3,6,39,True,3,2,10,8,5,,0.00573053,8,252,0.233546,632,0,1,0,"[[-5, 3], [-2.325, 2.425], [1.875, -1.075], [3.575, -3.075], [5, -3]]",condition_then_los,214,0,24,{'shape_swept_footprint': 1},0.0459866,hierarchical_alpha_two_trim,0.05,,derived_preferred_compatible,3,428649387626890c645a17c2cb9517adceb1dcd6bc33cc7c7128fad716ec0b5a,0,1,northwest_southeast,True,0.7732755584199732,0.7504392476834421,12.11371251928249,1,0.060523250000187545
0.0,22.597984974626282,1.1102230246251565e-16,3.454086271737816e-17,,0.4038669344671536,0.10606601875848895,0.1449222268733815,0,164,12.139905518011037,raw,0.05,78,d337f4e7fc04f25a60747d51155f1743db6eda91445ea3b7de1fde54e6473d30,4.309711055715877,0,0.0,0,ThetaStar,1fec13ffaf47a7b7659aa52136ff83947653df345df1c2445a0caacf95e3c5fd,88,,,,,,,,,,,,,,,,,,,,,,,,,,,,,,,,,,,,,,,,,,,,d337f4e7fc04f25a60747d51155f1743db6eda91445ea3b7de1fde54e6473d30,0,1,center_block_detour,True,22.597984974626282,12.139905518011037,4.309711055715877,1,0.003145914999549859
0.0,2.115678330466334,0.04215486185205756,0.01069846288365887,,0.42254364248217485,0.17677669793081488,0.18825146149581692,0,173,2.1031508765212137,simple,0.05,78,dc0fdf9f2e4d0edd0015d9168351719cf7e63ae21c3e56ea460579b5952e0570,4.256527704697224,0,0.0,0,ThetaStar,1fec13ffaf47a7b7659aa52136ff83947653df345df1c2445a0caacf95e3c5fd,87,,,,,,,,,,,,,,,,,,,,,,,,,,,,,,,,,,,,,,,,,,,,d337f4e7fc04f25a60747d51155f1743db6eda91445ea3b7de1fde54e6473d30,0,1,center_block_detour,True,2.115678330466334,2.1031508765212137,4.256527704697224,1,0.003763562999665737
0.0,4.9152326556498895,0.014801716640273476,0.0032248020402826753,,0.4474513755280465,0.2146446641391273,0.2146446641391273,0,169,3.4365794519473223,savitzky_golay,0.05,78,f04a950230ed6713b8a0e86b9c79280dcda452e26419a3a6644bdb423a6d7510,4.29095864657492,0,0.0,0,ThetaStar,1fec13ffaf47a7b7659aa52136ff83947653df345df1c2445a0caacf95e3c5fd,87,,,,,,,,,,,,,,,,,,,,,,,,,,,,,,,,,,,,,,,,,,,,d337f4e7fc04f25a60747d51155f1743db6eda91445ea3b7de1fde54e6473d30,0,1,center_block_detour,True,4.9152326556498895,3.4365794519473223,4.29095864657492,1,0.0036564479996741284
0.006,7.587671565371513,0.043089403905502775,0.01754266782829932,,0.47190864163363194,0.23390290478282266,0.2474873771031409,0,171,4.490533521571106,constrained,0.05,78,16ac79545a0c7d2c677649afa39510a3341e6e96e363a8b14c80a794b855143a,4.344526624750372,0,0.0,0,ThetaStar,1fec13ffaf47a7b7659aa52136ff83947653df345df1c2445a0caacf95e3c5fd,88,,,,,,,,,,,,,,,,,,,,,,,,,,,,,,,,,,,,,,,,,,,,d337f4e7fc04f25a60747d51155f1743db6eda91445ea3b7de1fde54e6473d30,0,1,center_block_detour,True,7.587671565371513,4.490533521571106,4.344526624750372,1,0.009738613998706569
0.048,1.2012231624200427,0.15597062071830034,0.06791817711448013,,0.2766262686369794,0.06464466190395313,0.06464466190395313,0,295,1.0024289519520284,pstmo,0.05,268,359a9de20008b150a678619aa71529787dff9e4dff98edd99810bfee7859c44b,4.146267622689372,0,0.0,0,ThetaStar,1fec13ffaf47a7b7659aa52136ff83947653df345df1c2445a0caacf95e3c5fd,84,20,6,4,"[[-2.2, -0.6], [-1.175, -1.575], [-0.775, -1.675], [0.375, -1.625], [1.2, -0.6]]",78,0.075,0.0304005,0.15,0,5,0,4,"[{'index': 0, 'x': -0.775, 'y': -1.675, 'turn_angle': 0.689753, 'incoming_length': 1.78501, 'outgoing_length': 1.15109, 'pivot_safe': True, 'pass_through': False, 'equivalent_radius_min': 1.53255, 'equivalent_radius_max': 2.22697, 'trim_min': 0.550543, 'trim_max': 0.8, 'trim_evaluations': 2, 'preferred_trim': 0.8, 'compatible_trim': 0.550543, 'coarse_evaluations': 10, 'recovery_evaluations': 0, 'refinement_evaluations': 16, 'evaluations': 26, 'safe_feasible': 24, 'states': 3, 'selected_radius': 1.53255, 'selected_trim': 0.550543, 'selected_control_distance': 0.176174, 'selected_control_fraction': 0.32, 'selected_curvature_energy': 0.475101, 'selected_score': 0.421926}, {'index': 1, 'x': 0.375, 'y': -1.625, 'turn_angle': 0.849637, 'incoming_length': 1.15109, 'outgoing_length': 1.31577, 'pivot_safe': True, 'pass_through': False, 'equivalent_radius_min': 1.21703, 'equivalent_radius_max': 1.76848, 'trim_min': 0.550543, 'trim_max': 0.8, 'trim_evaluations': 2, 'preferred_trim': 0.8, 'compatible_trim': 0.550543, 'coarse_evaluations': 10, 'recovery_evaluations': 0, 'refinement_evaluations': 16, 'evaluations': 26, 'safe_feasible': 25, 'states': 3, 'selected_radius': 1.21703, 'selected_trim': 0.550543, 'selected_control_distance': 0.176174, 'selected_control_fraction': 0.32, 'selected_curvature_energy': 0.736935, 'selected_score': 0.505202}]",2,6,52,True,2,1,4,5,4,,0.00157459,3,252,0.463564,268,0,1,0,"[[-2.2, -0.6], [-0.775, -1.675], [0.375, -1.625], [1.2, -0.6]]",condition_then_los,78,0,32,{'shape_swept_footprint': 3},0.0494887,hierarchical_alpha_two_trim,0.05,,derived_preferred_compatible,4,d337f4e7fc04f25a60747d51155f1743db6eda91445ea3b7de1fde54e6473d30,0,1,center_block_detour,True,1.2012231624200427,1.0024289519520284,4.146267622689372,1,0.05650560300091456
0.0,20.657987970139754,1.1102230246251565e-16,3.3411154413289994e-17,,0.37754946607987977,0.12275854577833645,0.1518250796556222,0,188,10.207691348731128,raw,0.05,86,c8b23655041f09d5d0cdd5ac8f3f824ebd09f1f6de39f758fbe5c9f83717ea1f,4.465973720905708,0,0.0,0,ThetaStar,4ccca8839f368f14a5de6f0e726e49229e5784f94004594de80b59c437979e95,91,,,,,,,,,,,,,,,,,,,,,,,,,,,,,,,,,,,,,,,,,,,,c8b23655041f09d5d0cdd5ac8f3f824ebd09f1f6de39f758fbe5c9f83717ea1f,0,1,screen_detour,True,20.657987970139754,10.207691348731128,4.465973720905708,1,0.004049671000757371
0.0,3.588519341663059,0.03725249145641496,0.012287972565450634,,0.40380356727027245,0.2146446641391273,0.2146446641391273,0,209,2.304322215292847,simple,0.05,86,df34e11456d1b123de10c6c12b2fc65ff1c6b07f10507e17e99ad49224e99533,4.398424614855507,0,0.0,0,ThetaStar,4ccca8839f368f14a5de6f0e726e49229e5784f94004594de80b59c437979e95,89,,,,,,,,,,,,,,,,,,,,,,,,,,,,,,,,,,,,,,,,,,,,c8b23655041f09d5d0cdd5ac8f3f824ebd09f1f6de39f758fbe5c9f83717ea1f,0,1,screen_detour,True,3.588519341663059,2.304322215292847,4.398424614855507,1,0.006863634000183083
0.0,5.940838116546149,0.01145946144217355,0.003105684319321348,,0.4081822802679369,0.2146446641391273,0.2146446641391273,0,189,3.3803556388969054,savitzky_golay,0.05,86,bcab2c7c3aa98deae652c740c6d9ddee6b18685aa1103e97f8dd13b8646fd8a7,4.4479661968515165,0,0.0,0,ThetaStar,4ccca8839f368f14a5de6f0e726e49229e5784f94004594de80b59c437979e95,90,,,,,,,,,,,,,,,,,,,,,,,,,,,,,,,,,,,,,,,,,,,,c8b23655041f09d5d0cdd5ac8f3f824ebd09f1f6de39f758fbe5c9f83717ea1f,0,1,screen_detour,True,5.940838116546149,3.3803556388969054,4.4479661968515165,1,0.003948252999180113
0.009000000000000001,9.09147311617058,0.01397014300392677,0.005459612195366384,,0.41726116560074994,0.23390290478282266,0.23390290478282266,0,191,4.489830206609634,constrained,0.05,86,a9db78dbf13a8625283b9bfc09c8462aebc03bae72df4479ac585879e6661283,4.4731704743055705,0,0.0,0,ThetaStar,4ccca8839f368f14a5de6f0e726e49229e5784f94004594de80b59c437979e95,91,,,,,,,,,,,,,,,,,,,,,,,,,,,,,,,,,,,,,,,,,,,,c8b23655041f09d5d0cdd5ac8f3f824ebd09f1f6de39f758fbe5c9f83717ea1f,0,1,screen_detour,True,9.09147311617058,4.489830206609634,4.4731704743055705,1,0.014464046998909907
0.039,3.7498136393642243,0.23033446043331005,0.12055283310707274,,0.2821396636709536,0.014644661158895074,0.023964466451165657,0,230,2.237958302692169,pstmo,0.05,188,6b493263a3a931cf187421fbd047ee34674bbb00e3065339cc34d45278bd5491,4.1103284834992255,0,0.0,0,ThetaStar,4ccca8839f368f14a5de6f0e726e49229e5784f94004594de80b59c437979e95,84,20,6,4,"[[1.2, 1.4], [1.575, 0.175], [1.775, -0.125], [2.075, -0.275], [2.725, -0.225], [2.975, 0.0250001], [3.5, 1.4]]",86,0.075,0.0543544,0.15,0,7,0,6,"[{'index': 0, 'x': 2.075, 'y': -0.275, 'turn_angle': 1.41115, 'incoming_length': 1.88978, 'outgoing_length': 0.948683, 'pivot_safe': True, 'pass_through': False, 'equivalent_radius_min': 0.527481, 'equivalent_radius_max': 0.939118, 'trim_min': 0.449342, 'trim_max': 0.8, 'trim_evaluations': 2, 'preferred_trim': 0.8, 'compatible_trim': 0.449342, 'coarse_evaluations': 10, 'recovery_evaluations': 0, 'refinement_evaluations': 17, 'evaluations': 27, 'safe_feasible': 12, 'states': 3, 'selected_radius': 0.527481, 'selected_trim': 0.449342, 'selected_control_distance': 0.134802, 'selected_control_fraction': 0.3, 'selected_curvature_energy': 2.81695, 'selected_score': 0.782617}, {'index': 1, 'x': 2.975, 'y': 0.0250001, 'turn_angle': 0.884311, 'incoming_length': 0.948683, 'outgoing_length': 1.47182, 'pivot_safe': True, 'pass_through': False, 'equivalent_radius_min': 0.949147, 'equivalent_radius_max': 1.68984, 'trim_min': 0.449342, 'trim_max': 0.8, 'trim_evaluations': 2, 'preferred_trim': 0.8, 'compatible_trim': 0.449342, 'coarse_evaluations': 10, 'recovery_evaluations': 0, 'refinement_evaluations': 16, 'evaluations': 26, 'safe_feasible': 22, 'states': 3, 'selected_radius': 0.949147, 'selected_trim': 0.449342, 'selected_control_distance': 0.143789, 'selected_control_fraction': 0.32, 'selected_curvature_energy': 0.98359, 'selected_score': 0.569913}]",2,6,53,True,2,2,6,7,4,,0.00161305,4,252,0.676265,188,0,1,0,"[[1.2, 1.4], [2.075, -0.275], [2.975, 0.0250001], [3.5, 1.4]]",condition_then_los,86,0,33,"{'shape_angular acceleration iteration did not converge': 3, 'shape_swept_footprint': 14, 'shape_transition requires a reversing inner wheel': 2}",0.0384918,hierarchical_alpha_two_trim,0.05,,derived_preferred_compatible,4,c8b23655041f09d5d0cdd5ac8f3f824ebd09f1f6de39f758fbe5c9f83717ea1f,0,1,screen_detour,True,3.7498136393642243,2.237958302692169,4.1103284834992255,1,0.043852478000189876
0.003,7.581551289867333,0.0,0.0,,0.8870380297759656,0.26464466488418537,0.6833039086702857,0,328,11.462943417443153,raw,0.05,165,ac8871a88ed4c9f1a93fcaa6c9e7daa4f373eb727784b3830359ec197ef68faa,8.210746972493036,0,0.0,0,ThetaStar,9e8ab740cb1ac7fb40c41bab0c9d412f9e13901ec9758f83aeba08597fbce91b,166,,,,,,,,,,,,,,,,,,,,,,,,,,,,,,,,,,,,,,,,,,,,ac8871a88ed4c9f1a93fcaa6c9e7daa4f373eb727784b3830359ec197ef68faa,0,1,long_lower_lane,True,7.581551289867333,11.462943417443153,8.210746972493036,1,0.004419695000251522
0.0,0.15112252184977892,0.016646674690729224,0.002220032770187516,,0.8852381330233833,0.26464466488418537,0.6648230150853984,0,303,0.8574918208095678,simple,0.05,165,3b1f850ca00aae7db769a05d5971185630ebdc1e0c1f1872bf3af796e4a24b61,8.202480408938635,0,0.0,0,ThetaStar,9e8ab740cb1ac7fb40c41bab0c9d412f9e13901ec9758f83aeba08597fbce91b,166,,,,,,,,,,,,,,,,,,,,,,,,,,,,,,,,,,,,,,,,,,,,ac8871a88ed4c9f1a93fcaa6c9e7daa4f373eb727784b3830359ec197ef68faa,0,1,long_lower_lane,True,0.15112252184977892,0.8574918208095678,8.202480408938635,1,0.005414489000031608
0.0,0.9898610608662679,0.009651674136829769,0.0010306908220486623,,0.8858678750062721,0.26464466488418537,0.6650013593261469,0,325,3.1402284201362516,savitzky_golay,0.05,165,529a8ef0e8969cbb7742565422bba844fde2d8d1cf34f2e4a4f23a3d6c54a09e,8.205240667774229,0,0.0,0,ThetaStar,9e8ab740cb1ac7fb40c41bab0c9d412f9e13901ec9758f83aeba08597fbce91b,166,,,,,,,,,,,,,,,,,,,,,,,,,,,,,,,,,,,,,,,,,,,,ac8871a88ed4c9f1a93fcaa6c9e7daa4f373eb727784b3830359ec197ef68faa,0,1,long_lower_lane,True,0.9898610608662679,3.1402284201362516,8.205240667774229,1,0.007627842000147211
0.015000000000000001,5.687782681902182,0.02079414948717817,0.003108792161533856,,0.8722110204389306,0.26464466488418537,0.6146446700995918,0,295,7.930394163169983,constrained,0.05,165,73cdc0d887d6474fdf618aec6ab427a0adc5b0f3d088cb3a9ef225dcea597cd7,8.21936703430272,0,0.0,0,ThetaStar,9e8ab740cb1ac7fb40c41bab0c9d412f9e13901ec9758f83aeba08597fbce91b,166,,,,,,,,,,,,,,,,,,,,,,,,,,,,,,,,,,,,,,,,,,,,ac8871a88ed4c9f1a93fcaa6c9e7daa4f373eb727784b3830359ec197ef68faa,0,1,long_lower_lane,True,5.687782681902182,7.930394163169983,8.21936703430272,1,0.020911314999466413
0.003,0.0,0.024999982491135775,0.024802230921031683,,0.882263721706474,0.26464466488418537,0.637144670434868,0,210,0.0,pstmo,0.05,165,399d98e7bc449bad96a257cf923c59e273c01767c5e26f784e5714c336cf52c7,8.199999999999982,0,0.0,0,ThetaStar,9e8ab740cb1ac7fb40c41bab0c9d412f9e13901ec9758f83aeba08597fbce91b,165,0,0,0,"[[-5, -2.8], [3.2, -2.8]]",165,0.075,0.025,0.15,0,2,0,1,[],0,0,0,True,0,0,0,2,2,,0.00156385,0,252,0,165,0,1,0,"[[-5, -2.8], [3.2, -2.8]]",condition_then_los,165,0,0,{},0.0048335,hierarchical_alpha_two_trim,0.05,,derived_preferred_compatible,0,ac8871a88ed4c9f1a93fcaa6c9e7daa4f373eb727784b3830359ec197ef68faa,0,1,long_lower_lane,True,0.0,0.0,8.199999999999982,1,0.011065230000895099
0.0,7.538763027836695,4.440892098500626e-16,3.116895214565913e-17,,0.6511709299205777,0.23390290478282266,0.3146446656292434,0,400,8.25196044796222,raw,0.05,201,a8c9856619bcd1c9fd6ec6c05f1601b5e1b2e9a2ba9175732cd978cfd4a8a9de,10.073250334409598,0,0.0,0,ThetaStar,e7a75365188950c7ca11d5f206e8a9c7248638c09abb2b6bb9601e55e8b4e597,203,,,,,,,,,,,,,,,,,,,,,,,,,,,,,,,,,,,,,,,,,,,,a8c9856619bcd1c9fd6ec6c05f1601b5e1b2e9a2ba9175732cd978cfd4a8a9de,0,1,long_upper_lane,True,7.538763027836695,8.25196044796222,10.073250334409598,1,0.007061727999825962
0.0,0.41200262679132754,0.014891165109758889,0.0031050077329703965,,0.6591703393838152,0.26464466488418537,0.3146446656292434,0,365,0.678506383628786,simple,0.05,201,cf8c7bbeda532c43ce1eef4843bcd11a16c9fb61af095d5352e8d6ff77d1e870,10.060802792996748,0,0.0,0,ThetaStar,e7a75365188950c7ca11d5f206e8a9c7248638c09abb2b6bb9601e55e8b4e597,203,,,,,,,,,,,,,,,,,,,,,,,,,,,,,,,,,,,,,,,,,,,,a8c9856619bcd1c9fd6ec6c05f1601b5e1b2e9a2ba9175732cd978cfd4a8a9de,0,1,long_upper_lane,True,0.41200262679132754,0.678506383628786,10.060802792996748,1,0.0067977329999848735
0.0,1.3808325804431345,0.00809661055121949,0.0010420854661030072,,0.6429409214109387,0.26878279146075923,0.3146446656292434,0,366,2.582281841333556,savitzky_golay,0.05,201,3cbda3827801abaa8b50cf7b68cb1c8fff50340b9a9e4181442cc04b468c5fdc,10.067670045741462,0,0.0,0,ThetaStar,e7a75365188950c7ca11d5f206e8a9c7248638c09abb2b6bb9601e55e8b4e597,203,,,,,,,,,,,,,,,,,,,,,,,,,,,,,,,,,,,,,,,,,,,,a8c9856619bcd1c9fd6ec6c05f1601b5e1b2e9a2ba9175732cd978cfd4a8a9de,0,1,long_upper_lane,True,1.3808325804431345,2.582281841333556,10.067670045741462,1,0.006447940000725794
0.012,5.840574338649695,0.009096578761348237,0.001630250819482972,,0.6447386342837642,0.26878279146075923,0.3146446656292434,0,338,8.051384348703758,constrained,0.05,201,6900a33760d6a08fce4e1e1f695862d9a1d70c86dddb008edf199fc5ac22f5ce,10.077433838978653,0,0.0,0,ThetaStar,e7a75365188950c7ca11d5f206e8a9c7248638c09abb2b6bb9601e55e8b4e597,203,,,,,,,,,,,,,,,,,,,,,,,,,,,,,,,,,,,,,,,,,,,,a8c9856619bcd1c9fd6ec6c05f1601b5e1b2e9a2ba9175732cd978cfd4a8a9de,0,1,long_upper_lane,True,5.840574338649695,8.051384348703758,10.077433838978653,1,0.020392399999764166
0.006,0.0,0.2750001054257156,0.23225990686854217,,0.6857986978245939,0.014644661158895074,0.014644661158895074,0,278,0.0,pstmo,0.05,201,157c0b2feb3dcedbe605c1571e9262d5aa51d56e337dcf578e93055ed27868cb,10.000000000000007,0,0.0,0,ThetaStar,e7a75365188950c7ca11d5f206e8a9c7248638c09abb2b6bb9601e55e8b4e597,201,0,0,0,"[[-5, 2.8], [-3.825, 3.075], [2.575, 3.075], [3.875, 2.775], [5, 2.8]]",201,0.075,0.0233275,0.15,0,5,0,4,[],0,0,0,True,0,1,1,5,2,,0.00178288,0,252,0,201,0,1,0,"[[-5, 2.8], [5, 2.8]]",condition_then_los,201,0,0,{},0.00538491,hierarchical_alpha_two_trim,0.05,,derived_preferred_compatible,0,a8c9856619bcd1c9fd6ec6c05f1601b5e1b2e9a2ba9175732cd978cfd4a8a9de,0,1,long_upper_lane,True,0.0,0.0,10.000000000000007,1,0.011750136998671223
0.0,1.7312599398175872,4.440892098500626e-16,1.18687833744435e-16,,1.1896076088550034,0.6146446700995918,0.6946446712916847,0,113,4.803806693809082,raw,0.05,54,8acb4b713fd1c1e0d234deec766cba90c397a86dafa8fa7066b8b6d01f40ae9f,2.6982803048422292,0,0.0,0,ThetaStar,717c887c088036e944e62669f9df420475abae3dbbfb4ef088b9ee2393ffa2b5,56,,,,,,,,,,,,,,,,,,,,,,,,,,,,,,,,,,,,,,,,,,,,8acb4b713fd1c1e0d234deec766cba90c397a86dafa8fa7066b8b6d01f40ae9f,0,1,short_open_diagonal,True,1.7312599398175872,4.803806693809082,2.6982803048422292,1,0.0020319040013419
0.0,0.08766889747585321,0.00782342589520902,0.002690239923066317,,1.1640709441721993,0.6146446700995918,0.7146446715897079,0,100,0.4334659590720799,simple,0.05,54,8fc8f14dae35d35876ebd5e38293e5d322febd15ef933f12f131b8359520f401,2.695653045892396,0,0.0,0,ThetaStar,717c887c088036e944e62669f9df420475abae3dbbfb4ef088b9ee2393ffa2b5,55,,,,,,,,,,,,,,,,,,,,,,,,,,,,,,,,,,,,,,,,,,,,8acb4b713fd1c1e0d234deec766cba90c397a86dafa8fa7066b8b6d01f40ae9f,0,1,short_open_diagonal,True,0.08766889747585321,0.4334659590720799,2.695653045892396,1,0.0040437480001855874
0.0,0.3602108349660036,0.003608618082982595,0.0008989936881589572,,1.1401724240034996,0.6146446700995918,0.7146446715897079,0,87,1.7171629375738973,savitzky_golay,0.05,54,c47fb70c6a9a5603e0393029da2c35b40247aafaad414b4e9a12850b776b261f,2.6971225287896474,0,0.0,0,ThetaStar,717c887c088036e944e62669f9df420475abae3dbbfb4ef088b9ee2393ffa2b5,55,,,,,,,,,,,,,,,,,,,,,,,,,,,,,,,,,,,,,,,,,,,,8acb4b713fd1c1e0d234deec766cba90c397a86dafa8fa7066b8b6d01f40ae9f,0,1,short_open_diagonal,True,0.3602108349660036,1.7171629375738973,2.6971225287896474,1,0.0035458449983707396
0.003,1.6317011434605415,0.010436189696723054,0.0030501184682448306,,1.098743267392238,0.6146446700995918,0.6646446708446498,0,89,4.744285857070376,constrained,0.05,54,b0b6623cfcecefe4437886f8c6505a2aab8fd3d9cab7b3dfed6831fc205d02dd,2.7007746108495287,0,0.0,0,ThetaStar,717c887c088036e944e62669f9df420475abae3dbbfb4ef088b9ee2393ffa2b5,56,,,,,,,,,,,,,,,,,,,,,,,,,,,,,,,,,,,,,,,,,,,,8acb4b713fd1c1e0d234deec766cba90c397a86dafa8fa7066b8b6d01f40ae9f,0,1,short_open_diagonal,True,1.6317011434605415,4.744285857070376,2.7007746108495287,1,0.007166471999880741
0.003,8.856450576409658e-26,0.04088763783811595,0.020180346557632962,,1.1418061300306692,0.6146446700995918,0.6996446713661905,0,55,3.955169525227198e-13,pstmo,0.05,55,01b2a8a5345479c3fd840b5da129b8fffcb99a9129885eda490c3d7b7cf104f4,2.692582403567252,0,0.0,0,ThetaStar,717c887c088036e944e62669f9df420475abae3dbbfb4ef088b9ee2393ffa2b5,55,0,0,0,"[[-5, -3], [-2.5, -2]]",54,0.075,0.0417815,0.15,0,2,0,1,[],0,0,0,True,0,0,0,2,2,,0.00060156,0,252,0,55,0,1,0,"[[-5, -3], [-2.5, -2]]",condition_then_los,54,0,0,{},0.00194158,hierarchical_alpha_two_trim,0.05,,derived_preferred_compatible,0,8acb4b713fd1c1e0d234deec766cba90c397a86dafa8fa7066b8b6d01f40ae9f,0,1,short_open_diagonal,True,8.856450576409658e-26,3.955169525227198e-13,2.692582403567252,1,0.004946175999066327
0.0,4.792699900445805,1.5265566588595902e-16,2.7400757754802517e-17,,0.6206700023091654,0.2146446641391273,0.2474873771031409,0,404,2.2665783742761336,raw,0.05,201,483ed90f05da702a7d9e32ab2c7bea9231a3ce1da8a85661b05322ea9a830f8d,10.385852214911607,0,0.0,0,Smac2D,8ab79487a8ca40cd9794f9bfdadbda9c396065d8465259768bf93b90c0fabb76,209,,,,,,,,,,,,,,,,,,,,,,,,,,,,,,,,,,,,,,,,,,,,483ed90f05da702a7d9e32ab2c7bea9231a3ce1da8a85661b05322ea9a830f8d,0,1,west_east_center,True,4.792699900445805,2.2665783742761336,10.385852214911607,1,0.00677251499837439
0.0,2.845547923409377,0.02305740409607432,0.007300689245121806,,0.6175929586175694,0.2146446641391273,0.23390290478282266,0,404,1.5383756489172449,simple,0.05,201,40eb6857e5883bcac061f47a0385050a39563f7e23fbce6921b65a5ce0a155a3,10.341019100911527,0,0.0,0,Smac2D,8ab79487a8ca40cd9794f9bfdadbda9c396065d8465259768bf93b90c0fabb76,208,,,,,,,,,,,,,,,,,,,,,,,,,,,,,,,,,,,,,,,,,,,,483ed90f05da702a7d9e32ab2c7bea9231a3ce1da8a85661b05322ea9a830f8d,0,1,west_east_center,True,2.845547923409377,1.5383756489172449,10.341019100911527,1,0.0065570749993639765
0.0,4.558748829567805,0.001562841206074588,0.00035808210459901317,,0.6167572993507779,0.2146446641391273,0.2474873771031409,0,399,2.118661232622953,savitzky_golay,0.05,201,800019cf9f11255038e4efe61992632f8a68a9c13d6f3390acafe1e747be04ba,10.384318404349358,0,0.0,0,Smac2D,8ab79487a8ca40cd9794f9bfdadbda9c396065d8465259768bf93b90c0fabb76,209,,,,,,,,,,,,,,,,,,,,,,,,,,,,,,,,,,,,,,,,,,,,483ed90f05da702a7d9e32ab2c7bea9231a3ce1da8a85661b05322ea9a830f8d,0,1,west_east_center,True,4.558748829567805,2.118661232622953,10.384318404349358,1,0.006067985001209308
0.015000000000000001,4.977299869516914,0.023294651763384126,0.008201820537772821,,0.6292731982882068,0.23390290478282266,0.25619225950049973,0,332,1.9515947509022131,constrained,0.05,201,f495f70096aa25c41faeec5060571cc4583c9e6696313c79f557571e328e278e,10.397104653995338,0,0.0,0,Smac2D,8ab79487a8ca40cd9794f9bfdadbda9c396065d8465259768bf93b90c0fabb76,209,,,,,,,,,,,,,,,,,,,,,,,,,,,,,,,,,,,,,,,,,,,,483ed90f05da702a7d9e32ab2c7bea9231a3ce1da8a85661b05322ea9a830f8d,0,1,west_east_center,True,4.977299869516914,1.9515947509022131,10.397104653995338,1,0.02253425599883485
0.054000000000000006,0.8177977361570458,0.2112315845041604,0.1133030628480412,,0.4488521352101528,0.07644806095482698,0.11464466264901119,0,405,0.7311892483486473,pstmo,0.05,404,92068c5e65af0e5a5f4e45cef1615c9b10fc1737d9793c89fbb7b365afeee94a,10.153595995568901,0,0.0,0,Smac2D,8ab79487a8ca40cd9794f9bfdadbda9c396065d8465259768bf93b90c0fabb76,205,20,6,4,"[[-5, 0], [-3.9, 0.0206589], [-3.3, 0.293168], [0.0500001, 0.45], [1.1, 0.414646], [1.8, -0.167784], [2.15, -0.288998], [4.25, -0.288601], [5, 0]]",201,0.075,0.0723185,0.15,0,9,0,8,"[{'index': 0, 'x': 1.1, 'y': 0.414646, 'turn_angle': -0.658272, 'incoming_length': 6.11408, 'outgoing_length': 1.26397, 'pivot_safe': True, 'pass_through': False, 'equivalent_radius_min': 1.77709, 'equivalent_radius_max': 2.3422, 'trim_min': 0.606984, 'trim_max': 0.8, 'trim_evaluations': 2, 'preferred_trim': 0.8, 'compatible_trim': 0.606984, 'coarse_evaluations': 10, 'recovery_evaluations': 0, 'refinement_evaluations': 16, 'evaluations': 26, 'safe_feasible': 26, 'states': 3, 'selected_radius': 1.77709, 'selected_trim': 0.606984, 'selected_control_distance': 0.194235, 'selected_control_fraction': 0.32, 'selected_curvature_energy': 0.391053, 'selected_score': 0.357345}, {'index': 1, 'x': 2.15, 'y': -0.288998, 'turn_angle': 0.691459, 'incoming_length': 1.26397, 'outgoing_length': 2.86461, 'pivot_safe': True, 'pass_through': False, 'equivalent_radius_min': 1.68515, 'equivalent_radius_max': 2.22101, 'trim_min': 0.606984, 'trim_max': 0.8, 'trim_evaluations': 2, 'preferred_trim': 0.8, 'compatible_trim': 0.606984, 'coarse_evaluations': 10, 'recovery_evaluations': 0, 'refinement_evaluations': 16, 'evaluations': 26, 'safe_feasible': 26, 'states': 3, 'selected_radius': 1.68515, 'selected_trim': 0.606984, 'selected_control_distance': 0.194235, 'selected_control_fraction': 0.32, 'selected_curvature_energy': 0.433147, 'selected_score': 0.404286}]",2,6,52,True,2,3,9,9,4,,0.00467786,6,252,0.380816,404,0,1,0,"[[-5, 0], [1.1, 0.414646], [2.15, -0.288998], [5, 0]]",condition_then_los,201,0,32,{},0.0533944,hierarchical_alpha_two_trim,0.05,,derived_preferred_compatible,4,483ed90f05da702a7d9e32ab2c7bea9231a3ce1da8a85661b05322ea9a830f8d,0,1,west_east_center,True,0.8177977361570458,0.7311892483486473,10.153595995568901,1,0.06398433499998646
0.006,2.995676865991137,4.440892098500626e-16,8.051241636122911e-17,,0.7909376207920437,0.2146446641391273,0.2146446641391273,0,409,2.086725347320791,raw,0.05,201,4aaf1981d32de50d423678c633e280a67c9f8a716e2986de5626c5de67c62e19,12.328487086144657,0,0.0,0,Smac2D,b703bcf9542310561a5d2c1ea714d4b08c55f38d1bebbf7c0d21461e4f5d6660,248,,,,,,,,,,,,,,,,,,,,,,,,,,,,,,,,,,,,,,,,,,,,4aaf1981d32de50d423678c633e280a67c9f8a716e2986de5626c5de67c62e19,0,1,southwest_northeast,True,2.995676865991137,2.086725347320791,12.328487086144657,1,0.011844594000649522
0.0,1.6267335142517372,0.02004348105726312,0.005781113474095363,,0.7902946919556367,0.18825146149581692,0.2146446641391273,0,408,1.2234122150827862,simple,0.05,201,5c5d596c70eadae212b6f23c998dc142d3f77edd6bf8393765c20c87abed9d9f,12.298846153057664,0,0.0,0,Smac2D,b703bcf9542310561a5d2c1ea714d4b08c55f38d1bebbf7c0d21461e4f5d6660,247,,,,,,,,,,,,,,,,,,,,,,,,,,,,,,,,,,,,,,,,,,,,4aaf1981d32de50d423678c633e280a67c9f8a716e2986de5626c5de67c62e19,0,1,southwest_northeast,True,1.6267335142517372,1.2234122150827862,12.298846153057664,1,0.006926994001332787
0.0,2.7976858732650656,0.0014905883835988757,0.00031311177352991377,,0.7920017259343827,0.2146446641391273,0.2146446641391273,0,405,1.8752360099095047,savitzky_golay,0.05,201,16d6ff24f7587a97bbcd63d6efdeae73c4efd213301ff4a21cd259647a59faa4,12.327322158531409,0,0.0,0,Smac2D,b703bcf9542310561a5d2c1ea714d4b08c55f38d1bebbf7c0d21461e4f5d6660,248,,,,,,,,,,,,,,,,,,,,,,,,,,,,,,,,,,,,,,,,,,,,4aaf1981d32de50d423678c633e280a67c9f8a716e2986de5626c5de67c62e19,0,1,southwest_northeast,True,2.7976858732650656,1.8752360099095047,12.327322158531409,1,0.006553648001499823
0.012,4.100257111816909,0.0319373263401778,0.009078652530316011,,0.8152512817264645,0.23390290478282266,0.2474873771031409,0,382,2.2101645875410045,constrained,0.05,201,c147d55f2bfa064a8ec428e61a14fc844c8fdc2bb46120270d31f076c27ffda1,12.368790828450292,0,0.0,0,Smac2D,b703bcf9542310561a5d2c1ea714d4b08c55f38d1bebbf7c0d21461e4f5d6660,249,,,,,,,,,,,,,,,,,,,,,,,,,,,,,,,,,,,,,,,,,,,,4aaf1981d32de50d423678c633e280a67c9f8a716e2986de5626c5de67c62e19,0,1,southwest_northeast,True,4.100257111816909,2.2101645875410045,12.368790828450292,1,0.0208584569991217
0.021,0.33450123684062066,0.24577465996970796,0.12016103910552448,,0.6067089996551638,0.06464466190395313,0.07644806095482698,0,381,0.5635375892878126,pstmo,0.05,375,d43058b223def2c77530f5428425100ce5eca8ec3e1ffdc7e44e5c532f8fd0d0,12.160223315513793,0,0.0,0,Smac2D,b703bcf9542310561a5d2c1ea714d4b08c55f38d1bebbf7c0d21461e4f5d6660,245,5,0,1,"[[-5, -3], [-2.45, -0.459854], [-1.2, 0.349375], [-0.6, 0.570928], [1.85, 2.94896], [2.35, 3.04886], [5, 3]]",201,0.075,0.0548311,0.15,0,7,0,6,"[{'index': 0, 'x': 1.85, 'y': 2.94896, 'turn_angle': -0.698912, 'incoming_length': 9.07263, 'outgoing_length': 3.15041, 'pivot_safe': True, 'pass_through': False, 'equivalent_radius_min': 2.19532, 'equivalent_radius_max': 2.19532, 'trim_min': 0.8, 'trim_max': 0.8, 'trim_evaluations': 1, 'preferred_trim': 0.8, 'compatible_trim': 0.8, 'coarse_evaluations': 5, 'recovery_evaluations': 0, 'refinement_evaluations': 8, 'evaluations': 13, 'safe_feasible': 12, 'states': 2, 'selected_radius': 2.19532, 'selected_trim': 0.8, 'selected_control_distance': 0.256, 'selected_control_fraction': 0.32, 'selected_curvature_energy': 0.336068, 'selected_score': 0.359831}]",1,2,13,True,1,2,4,7,3,,0.00386161,2,252,0.359831,375,0,1,0,"[[-5, -3], [1.85, 2.94896], [5, 3]]",condition_then_los,201,0,8,{'shape_swept_footprint': 1},0.0185423,hierarchical_alpha_two_trim,0.05,,derived_preferred_compatible,1,4aaf1981d32de50d423678c633e280a67c9f8a716e2986de5626c5de67c62e19,0,1,southwest_northeast,True,0.33450123684062066,0.5635375892878126,12.160223315513793,1,0.027091369000117993
0.006,6.635376501680807,4.440892098500626e-16,5.616260147630447e-17,,0.4822969115214496,0.17079994476667312,0.18825146149581692,0,425,2.3064664648646724,raw,0.05,208,507f1fc58dd602066a84f2dfc5191b79330905491ae2b39b64550c95ab8b9aeb,12.491216293886014,0,0.0,0,Smac2D,b3382da4ec7e4f00ce825f4afee16396bf59c3f7033b575b393f24cf93dd33dc,251,,,,,,,,,,,,,,,,,,,,,,,,,,,,,,,,,,,,,,,,,,,,507f1fc58dd602066a84f2dfc5191b79330905491ae2b39b64550c95ab8b9aeb,0,1,northwest_southeast,True,6.635376501680807,2.3064664648646724,12.491216293886014,1,0.012671189999309718
0.0,4.459917115041145,0.023016015215822434,0.008524167610513911,,0.47972900825745035,0.1449222268733815,0.17677669793081488,0,423,1.6365382587996935,simple,0.05,208,05290f1072c9819457696f7a4ba552c6785d086ba0d9a64f509f5634f82f2f1b,12.421843932483666,0,0.0,0,Smac2D,b3382da4ec7e4f00ce825f4afee16396bf59c3f7033b575b393f24cf93dd33dc,250,,,,,,,,,,,,,,,,,,,,,,,,,,,,,,,,,,,,,,,,,,,,507f1fc58dd602066a84f2dfc5191b79330905491ae2b39b64550c95ab8b9aeb,0,1,northwest_southeast,True,4.459917115041145,1.6365382587996935,12.421843932483666,1,0.0063381310010299785
0.0,6.277025136812388,0.002011456127769884,0.0004256857603736179,,0.48213612585251747,0.17079994476667312,0.18825146149581692,0,425,2.130658334627247,savitzky_golay,0.05,208,2a46a6d3be1e614646cd82e84c78ddb71cabb6ea0e5eb482f55e74d64a09f27d,12.489343362409098,0,0.0,0,Smac2D,b3382da4ec7e4f00ce825f4afee16396bf59c3f7033b575b393f24cf93dd33dc,251,,,,,,,,,,,,,,,,,,,,,,,,,,,,,,,,,,,,,,,,,,,,507f1fc58dd602066a84f2dfc5191b79330905491ae2b39b64550c95ab8b9aeb,0,1,northwest_southeast,True,6.277025136812388,2.130658334627247,12.489343362409098,1,0.006284209999648738
0.021,7.897379314335798,0.0536630078816554,0.016021596394349316,,0.49837196172192777,0.17677669793081488,0.23390290478282266,0,411,2.741844794204338,constrained,0.05,208,1ba458cb820292389fbaf4bbfe72de79299f0be25815362dd77cb190b6f5141e,12.57267304500547,0,0.0,0,Smac2D,b3382da4ec7e4f00ce825f4afee16396bf59c3f7033b575b393f24cf93dd33dc,253,,,,,,,,,,,,,,,,,,,,,,,,,,,,,,,,,,,,,,,,,,,,507f1fc58dd602066a84f2dfc5191b79330905491ae2b39b64550c95ab8b9aeb,0,1,northwest_southeast,True,7.897379314335798,2.741844794204338,12.57267304500547,1,0.02970482100135996
0.048,0.6425717880866679,0.364918489039441,0.1535501896645667,,0.3570196694921879,0.07644806095482698,0.10606601875848895,0,637,0.6996218997865575,pstmo,0.05,630,8563ae36297502e94b463dc0614c4da77c0a3a201b71752d4e9a247dc6081bbf,12.087966053962791,0,0.0,0,Smac2D,b3382da4ec7e4f00ce825f4afee16396bf59c3f7033b575b393f24cf93dd33dc,243,15,8,3,"[[-5, 3], [-4.15, 2.4804], [-2.75, 2.439], [-2.4, 2.31776], [-0.6, 0.571251], [0.25, 0.392856], [0.55, 0.193539], [2.99333, -2.25], [3.50357, -3.04896], [4.45, -3.14776], [5, -3]]",208,0.075,0.0621729,0.15,0,11,0,10,"[{'index': 0, 'x': -2.4, 'y': 2.31776, 'turn_angle': -0.367459, 'incoming_length': 2.68802, 'outgoing_length': 3.63522, 'pivot_safe': True, 'pass_through': False, 'equivalent_radius_min': 4.30512, 'equivalent_radius_max': 4.30512, 'trim_min': 0.8, 'trim_max': 0.8, 'trim_evaluations': 1, 'preferred_trim': 0.8, 'compatible_trim': 0.8, 'coarse_evaluations': 5, 'recovery_evaluations': 0, 'refinement_evaluations': 8, 'evaluations': 13, 'safe_feasible': 13, 'states': 2, 'selected_radius': 4.30512, 'selected_trim': 0.8, 'selected_control_distance': 0.256, 'selected_control_fraction': 0.32, 'selected_curvature_energy': 0.0902079, 'selected_score': 0.223153}, {'index': 1, 'x': 0.55, 'y': 0.193539, 'turn_angle': -0.207923, 'incoming_length': 3.63522, 'outgoing_length': 4.38604, 'pivot_safe': True, 'pass_through': False, 'equivalent_radius_min': 7.66742, 'equivalent_radius_max': 7.66742, 'trim_min': 0.8, 'trim_max': 0.8, 'trim_evaluations': 1, 'preferred_trim': 0.8, 'compatible_trim': 0.8, 'coarse_evaluations': 5, 'recovery_evaluations': 0, 'refinement_evaluations': 8, 'evaluations': 13, 'safe_feasible': 13, 'states': 2, 'selected_radius': 7.66742, 'selected_trim': 0.8, 'selected_control_distance': 0.256, 'selected_control_fraction': 0.32, 'selected_curvature_energy': 0.028675, 'selected_score': 0.177184}, {'index': 2, 'x': 3.50357, 'y': -3.04896, 'turn_angle': 0.864701, 'incoming_length': 4.38604, 'outgoing_length': 1.49723, 'pivot_safe': True, 'pass_through': False, 'equivalent_radius_min': 1.7336, 'equivalent_radius_max': 1.7336, 'trim_min': 0.8, 'trim_max': 0.8, 'trim_evaluations': 1, 'preferred_trim': 0.8, 'compatible_trim': 0.8, 'coarse_evaluations': 5, 'recovery_evaluations': 0, 'refinement_evaluations': 8, 'evaluations': 13, 'safe_feasible': 12, 'states': 2, 'selected_radius': 1.7336, 'selected_trim': 0.8, 'selected_control_distance': 0.256, 'selected_control_fraction': 0.32, 'selected_curvature_energy': 0.526547, 'selected_score': 0.435041}]",3,6,39,True,3,4,17,11,5,,0.00720206,13,252,0.278459,630,0,1,0,"[[-5, 3], [-2.4, 2.31776], [0.55, 0.193539], [3.50357, -3.04896], [5, -3]]",condition_then_los,208,0,24,{'shape_swept_footprint': 1},0.0481314,hierarchical_alpha_two_trim,0.05,,derived_preferred_compatible,3,507f1fc58dd602066a84f2dfc5191b79330905491ae2b39b64550c95ab8b9aeb,0,1,northwest_southeast,True,0.6425717880866679,0.6996218997865575,12.087966053962791,1,0.06864712199967471
0.003,1.941535680687774,1.1102230246251565e-16,2.8293730096913596e-17,,0.38002399183296903,0.17677669793081488,0.18825146149581692,0,155,1.760237178582316,raw,0.05,72,3f4d12b59fd93cf6646587e7e5577184cdd7328b41967c339c2721362924e531,4.248818657973814,0,0.0,0,Smac2D,f06ad7c5edf7b05db843f7d455e90e82a5f7e640a8e8e9e457a0f4d763480402,86,,,,,,,,,,,,,,,,,,,,,,,,,,,,,,,,,,,,,,,,,,,,3f4d12b59fd93cf6646587e7e5577184cdd7328b41967c339c2721362924e531,0,1,center_block_detour,True,1.941535680687774,1.760237178582316,4.248818657973814,1,0.003176839001753251
0.0,1.4808479042657745,0.01875169663425733,0.008694697267307013,,0.3701476147241582,0.17079994476667312,0.17079994476667312,0,153,1.318510255390024,simple,0.05,72,111affc8ec884a63248ca586ad6012de2d9b4e1321b700d2f0749594d1be4371,4.225663480128103,0,0.0,0,Smac2D,f06ad7c5edf7b05db843f7d455e90e82a5f7e640a8e8e9e457a0f4d763480402,86,,,,,,,,,,,,,,,,,,,,,,,,,,,,,,,,,,,,,,,,,,,,3f4d12b59fd93cf6646587e7e5577184cdd7328b41967c339c2721362924e531,0,1,center_block_detour,True,1.4808479042657745,1.318510255390024,4.225663480128103,1,0.0038176630005182233
0.0,1.8806335508949283,0.0009797361988227206,0.0003143992996138285,,0.3807615145573114,0.17677669793081488,0.18825146149581692,0,155,1.5444337303841142,savitzky_golay,0.05,72,5b938bec878e8515a2dcf07d99d87521a27f5eca4fdaf1d56c968fcd93233f8b,4.248439297713664,0,0.0,0,Smac2D,f06ad7c5edf7b05db843f7d455e90e82a5f7e640a8e8e9e457a0f4d763480402,86,,,,,,,,,,,,,,,,,,,,,,,,,,,,,,,,,,,,,,,,,,,,3f4d12b59fd93cf6646587e7e5577184cdd7328b41967c339c2721362924e531,0,1,center_block_detour,True,1.8806335508949283,1.5444337303841142,4.248439297713664,1,0.004231619999700342
0.006,2.7305813470595424,0.055966355781856575,0.025045291071686456,,0.406528562324219,0.23390290478282266,0.2474873771031409,0,144,2.0435781572647054,constrained,0.05,72,d80ecf3f735f28e0fcfbea631eb459f7c0566b89ddb4933b7c798bb356437906,4.313039550352356,0,0.0,0,Smac2D,f06ad7c5edf7b05db843f7d455e90e82a5f7e640a8e8e9e457a0f4d763480402,88,,,,,,,,,,,,,,,,,,,,,,,,,,,,,,,,,,,,,,,,,,,,3f4d12b59fd93cf6646587e7e5577184cdd7328b41967c339c2721362924e531,0,1,center_block_detour,True,2.7305813470595424,2.0435781572647054,4.313039550352356,1,0.008699777001311304
0.036000000000000004,0.9342510579567628,0.1684912959169964,0.10138415014393853,,0.20496418156429025,0.014644661158895074,0.035355339586162986,0,347,0.6972047411452235,pstmo,0.05,337,ae5bbc0a34fcf174c36489d57113d6fd6035a1d744c8768c8e21adda4167123b,4.034956257794528,0,0.0,0,Smac2D,f06ad7c5edf7b05db843f7d455e90e82a5f7e640a8e8e9e457a0f4d763480402,82,20,6,4,"[[-2.2, -0.6], [-1.2, 0.348958], [-0.4, 0.449931], [0.399993, 0.317763], [1.2, -0.6]]",72,0.075,0.0688652,0.15,0,5,0,4,"[{'index': 0, 'x': -1.2, 'y': 0.348958, 'turn_angle': -0.77871, 'incoming_length': 1.37859, 'outgoing_length': 1.6003, 'pivot_safe': True, 'pass_through': False, 'equivalent_radius_min': 1.88922, 'equivalent_radius_max': 1.94979, 'trim_min': 0.775148, 'trim_max': 0.8, 'trim_evaluations': 2, 'preferred_trim': 0.8, 'compatible_trim': 0.775148, 'coarse_evaluations': 10, 'recovery_evaluations': 0, 'refinement_evaluations': 16, 'evaluations': 26, 'safe_feasible': 23, 'states': 3, 'selected_radius': 1.88922, 'selected_trim': 0.775148, 'selected_control_distance': 0.248048, 'selected_control_fraction': 0.32, 'selected_curvature_energy': 0.43507, 'selected_score': 0.401784}, {'index': 1, 'x': 0.399993, 'y': 0.317763, 'turn_angle': -0.834348, 'incoming_length': 1.6003, 'outgoing_length': 1.2175, 'pivot_safe': True, 'pass_through': False, 'equivalent_radius_min': 1.74903, 'equivalent_radius_max': 1.80511, 'trim_min': 0.775148, 'trim_max': 0.8, 'trim_evaluations': 2, 'preferred_trim': 0.8, 'compatible_trim': 0.775148, 'coarse_evaluations': 10, 'recovery_evaluations': 0, 'refinement_evaluations': 16, 'evaluations': 26, 'safe_feasible': 17, 'states': 3, 'selected_radius': 1.74903, 'selected_trim': 0.775148, 'selected_control_distance': 0.248048, 'selected_control_fraction': 0.32, 'selected_curvature_energy': 0.503543, 'selected_score': 0.427378}]",2,6,52,True,2,1,5,5,4,,0.00134988,4,252,0.414581,337,0,1,0,"[[-2.2, -0.6], [-1.2, 0.348958], [0.399993, 0.317763], [1.2, -0.6]]",condition_then_los,72,0,32,{'shape_swept_footprint': 12},0.0377938,hierarchical_alpha_two_trim,0.05,,derived_preferred_compatible,4,3f4d12b59fd93cf6646587e7e5577184cdd7328b41967c339c2721362924e531,0,1,center_block_detour,True,0.9342510579567628,0.6972047411452235,4.034956257794528,1,0.045806317999449675
0.003,5.735693074651951,4.440892098500626e-16,6.227220474280844e-17,,0.3642016373241694,0.17677669793081488,0.18825146149581692,0,175,2.111239115537638,raw,0.05,82,652213c73913fe877e83f453e2a8306025030c8038ee337a5794eebfd253b416,4.370214192368134,0,0.0,0,Smac2D,85b88dac2fdfb79abe3062864429b55348e90ffc7635ddfc6e6a937dcd312c53,89,,,,,,,,,,,,,,,,,,,,,,,,,,,,,,,,,,,,,,,,,,,,652213c73913fe877e83f453e2a8306025030c8038ee337a5794eebfd253b416,0,1,screen_detour,True,5.735693074651951,2.111239115537638,4.370214192368134,1,0.004040689000248676
0.0,3.9654889037185757,0.0233436947793479,0.012802388884303673,,0.35610427692951485,0.1449222268733815,0.17079994476667312,0,172,1.6784773248830887,simple,0.05,82,7fb0c3f53687c2c335b571cccfcc3ab87afefd391129c0d594bb6bd9c6f20e2a,4.312035915625229,0,0.0,0,Smac2D,85b88dac2fdfb79abe3062864429b55348e90ffc7635ddfc6e6a937dcd312c53,88,,,,,,,,,,,,,,,,,,,,,,,,,,,,,,,,,,,,,,,,,,,,652213c73913fe877e83f453e2a8306025030c8038ee337a5794eebfd253b416,0,1,screen_detour,True,3.9654889037185757,1.6784773248830887,4.312035915625229,1,0.004565102000924526
0.0,5.431246246897036,0.0019352570198043742,0.0006153051979644319,,0.362869526919416,0.17677669793081488,0.18825146149581692,0,174,1.932085079528281,savitzky_golay,0.05,82,4ae60b61554d74fadfc7cfa9de72012250008cc8c31989df496755b97c072a1c,4.368423915940962,0,0.0,0,Smac2D,85b88dac2fdfb79abe3062864429b55348e90ffc7635ddfc6e6a937dcd312c53,89,,,,,,,,,,,,,,,,,,,,,,,,,,,,,,,,,,,,,,,,,,,,652213c73913fe877e83f453e2a8306025030c8038ee337a5794eebfd253b416,0,1,screen_detour,True,5.431246246897036,1.932085079528281,4.368423915940962,1,0.004106143998797052
0.006,6.431297542584279,0.05503566575549105,0.023403904839765274,,0.3815308114017127,0.23390290478282266,0.24069514094298178,0,171,2.385343459764007,constrained,0.05,82,b17f930f8857202bd03d3db2b2c68145963d396166b8c663b79220d47f5ffecb,4.461206647071128,0,0.0,0,Smac2D,85b88dac2fdfb79abe3062864429b55348e90ffc7635ddfc6e6a937dcd312c53,91,,,,,,,,,,,,,,,,,,,,,,,,,,,,,,,,,,,,,,,,,,,,652213c73913fe877e83f453e2a8306025030c8038ee337a5794eebfd253b416,0,1,screen_detour,True,6.431297542584279,2.385343459764007,4.461206647071128,1,0.010058669999125414
0.036000000000000004,3.4525026803601246,0.15672518801297664,0.08972040880099247,,0.21589747491487976,0.035355339586162986,0.035355339586162986,0,209,2.005147260348832,pstmo,0.05,192,a9150567b3d3df402f27e92fba34e0d5df92b4eed2e8951fb8c8d154f4a2a569,4.034627625743892,0,0.0,0,Smac2D,85b88dac2fdfb79abe3062864429b55348e90ffc7635ddfc6e6a937dcd312c53,82,20,6,4,"[[1.2, 1.4], [1.65102, 2.74641], [1.90195, 2.97352], [2.25001, 3.04421], [2.64846, 2.97352], [2.87428, 2.79354], [3.5, 1.4]]",82,0.075,0.0614933,0.15,0,7,0,6,"[{'index': 0, 'x': 1.90195, 'y': 2.97352, 'turn_angle': -1.33422, 'incoming_length': 1.72299, 'outgoing_length': 0.988838, 'pivot_safe': True, 'pass_through': False, 'equivalent_radius_min': 0.596044, 'equivalent_radius_max': 1.0158, 'trim_min': 0.469419, 'trim_max': 0.8, 'trim_evaluations': 2, 'preferred_trim': 0.8, 'compatible_trim': 0.469419, 'coarse_evaluations': 10, 'recovery_evaluations': 0, 'refinement_evaluations': 16, 'evaluations': 26, 'safe_feasible': 16, 'states': 3, 'selected_radius': 0.596044, 'selected_trim': 0.469419, 'selected_control_distance': 0.140826, 'selected_control_fraction': 0.3, 'selected_curvature_energy': 2.35683, 'selected_score': 0.749195}, {'index': 1, 'x': 2.87428, 'y': 2.79354, 'turn_angle': -0.965729, 'incoming_length': 0.988838, 'outgoing_length': 1.52757, 'pivot_safe': True, 'pass_through': False, 'equivalent_radius_min': 0.895398, 'equivalent_radius_max': 1.52597, 'trim_min': 0.469419, 'trim_max': 0.8, 'trim_evaluations': 2, 'preferred_trim': 0.8, 'compatible_trim': 0.469419, 'coarse_evaluations': 10, 'recovery_evaluations': 0, 'refinement_evaluations': 16, 'evaluations': 26, 'safe_feasible': 18, 'states': 3, 'selected_radius': 0.895398, 'selected_trim': 0.469419, 'selected_control_distance': 0.150214, 'selected_control_fraction': 0.32, 'selected_curvature_energy': 1.13917, 'selected_score': 0.599818}]",2,6,52,True,2,2,7,7,4,,0.00173459,5,252,0.674506,192,0,1,0,"[[1.2, 1.4], [1.90195, 2.97352], [2.87428, 2.79354], [3.5, 1.4]]",condition_then_los,82,0,32,"{'shape_angular acceleration iteration did not converge': 5, 'shape_swept_footprint': 11, 'shape_transition requires a reversing inner wheel': 2}",0.0360971,hierarchical_alpha_two_trim,0.05,,derived_preferred_compatible,4,652213c73913fe877e83f453e2a8306025030c8038ee337a5794eebfd253b416,0,1,screen_detour,True,3.4525026803601246,2.005147260348832,4.034627625743892,1,0.04303610999886587
0.0,5.115904292401642e-12,6.938893903907228e-18,5.401921577840605e-19,,0.8869007717174993,0.26464466488418537,0.6821446711054202,0,328,7.152557301992493e-06,raw,0.05,165,f2faf5d4a42ad428fc93c6baa95c13e6c309f66224da7aae3d4d8a652deba350,8.199999999999982,0,0.0,0,Smac2D,8befc49e3975a24b54a2ed56d2e3c34bcda732f84e18207334a1ab0b4350e10c,165,,,,,,,,,,,,,,,,,,,,,,,,,,,,,,,,,,,,,,,,,,,,f2faf5d4a42ad428fc93c6baa95c13e6c309f66224da7aae3d4d8a652deba350,0,1,long_lower_lane,True,5.115904292401642e-12,7.152557301992493e-06,8.199999999999982,1,0.004379432000860106
0.0,7.3319162894013e-14,1.2570004148670932e-08,1.7929382512952441e-09,,0.8955821742858868,0.26464466488418537,0.764644672334766,0,320,4.87661111492343e-07,simple,0.05,165,8650b9db74b4dcd6dad8927a6bf2c2522fe6947fc134773b7e9db12a7ed19ac8,8.199999999999978,0,0.0,0,Smac2D,8befc49e3975a24b54a2ed56d2e3c34bcda732f84e18207334a1ab0b4350e10c,165,,,,,,,,,,,,,,,,,,,,,,,,,,,,,,,,,,,,,,,,,,,,f2faf5d4a42ad428fc93c6baa95c13e6c309f66224da7aae3d4d8a652deba350,0,1,long_lower_lane,True,7.3319162894013e-14,4.87661111492343e-07,8.199999999999978,1,0.005828195000503911
0.0,4.647471110324036e-13,8.459619671441908e-09,9.950512226490557e-10,,0.8914471820612614,0.26464466488418537,0.7596446722602602,0,319,1.5082173732138676e-06,savitzky_golay,0.05,165,2b848eea34971a124e095bf456ada30dfc84947e9726598af2b8928b9f40334d,8.199999999999985,0,0.0,0,Smac2D,8befc49e3975a24b54a2ed56d2e3c34bcda732f84e18207334a1ab0b4350e10c,165,,,,,,,,,,,,,,,,,,,,,,,,,,,,,,,,,,,,,,,,,,,,f2faf5d4a42ad428fc93c6baa95c13e6c309f66224da7aae3d4d8a652deba350,0,1,long_lower_lane,True,4.647471110324036e-13,1.5082173732138676e-06,8.199999999999985,1,0.0060533390005730325
0.003,5.115904292401642e-12,6.938893903907228e-18,5.401921577840605e-19,,0.8869007717174993,0.26464466488418537,0.6821446711054202,0,328,7.152557301992493e-06,constrained,0.05,165,f2faf5d4a42ad428fc93c6baa95c13e6c309f66224da7aae3d4d8a652deba350,8.199999999999982,0,0.0,0,Smac2D,8befc49e3975a24b54a2ed56d2e3c34bcda732f84e18207334a1ab0b4350e10c,165,,,,,,,,,,,,,,,,,,,,,,,,,,,,,,,,,,,,,,,,,,,,f2faf5d4a42ad428fc93c6baa95c13e6c309f66224da7aae3d4d8a652deba350,0,1,long_lower_lane,True,5.115904292401642e-12,7.152557301992493e-06,8.199999999999982,1,0.0072804949995770585
0.006,0.0,1.7881393254981504e-08,1.7772690733690334e-08,,0.882263721706474,0.26464466488418537,0.637144670434868,0,210,0.0,pstmo,0.05,165,399d98e7bc449bad96a257cf923c59e273c01767c5e26f784e5714c336cf52c7,8.199999999999982,0,0.0,0,Smac2D,8befc49e3975a24b54a2ed56d2e3c34bcda732f84e18207334a1ab0b4350e10c,165,0,0,0,"[[-5, -2.8], [3.2, -2.8]]",165,0.075,1.78814e-08,0.15,0,2,0,1,[],0,0,0,True,0,0,0,2,2,,0.00144786,0,252,0,165,0,1,0,"[[-5, -2.8], [3.2, -2.8]]",condition_then_los,165,0,0,{},0.00473789,hierarchical_alpha_two_trim,0.05,,derived_preferred_compatible,0,f2faf5d4a42ad428fc93c6baa95c13e6c309f66224da7aae3d4d8a652deba350,0,1,long_lower_lane,True,0.0,0.0,8.199999999999982,1,0.010166464000576525
0.0,1.3509777187464374,4.440892098500626e-16,6.970270169265103e-17,,0.6550586450780891,0.2146446641391273,0.26464466488418537,0,405,1.4252288450898878,raw,0.05,201,fe8ca860b93f089b18c55a19d30af2369245b872926f6c87979f5efcb7606d7a,10.064728893515285,0,0.0,0,Smac2D,a710347d0e59379d92702c5c3a26479eb2a393756f791ae415a7b01f4ac7d7f3,203,,,,,,,,,,,,,,,,,,,,,,,,,,,,,,,,,,,,,,,,,,,,fe8ca860b93f089b18c55a19d30af2369245b872926f6c87979f5efcb7606d7a,0,1,long_upper_lane,True,1.3509777187464374,1.4252288450898878,10.064728893515285,1,0.006140251000033459
0.0,0.5388817113616444,0.012178349916854125,0.003029566279908153,,0.6556071027981953,0.21959563989254183,0.26464466488418537,0,404,0.9075401554327004,simple,0.05,201,12193bf1c426a4f291e5b5bd4d2efa0a498fcea2707a0985c2a977ad72b5d164,10.055923215572555,0,0.0,0,Smac2D,a710347d0e59379d92702c5c3a26479eb2a393756f791ae415a7b01f4ac7d7f3,203,,,,,,,,,,,,,,,,,,,,,,,,,,,,,,,,,,,,,,,,,,,,fe8ca860b93f089b18c55a19d30af2369245b872926f6c87979f5efcb7606d7a,0,1,long_upper_lane,True,0.5388817113616444,0.9075401554327004,10.055923215572555,1,0.006558725999639137
0.0,1.158422614485096,0.0012757538442051213,0.00027382990323086386,,0.6524840884711519,0.2146446641391273,0.26464466488418537,0,399,1.2691360228292479,savitzky_golay,0.05,201,155147192f82315e6032316a9ecce8594ec1bfb6065d693bcf73fbcfcd22b14f,10.064051033067766,0,0.0,0,Smac2D,a710347d0e59379d92702c5c3a26479eb2a393756f791ae415a7b01f4ac7d7f3,203,,,,,,,,,,,,,,,,,,,,,,,,,,,,,,,,,,,,,,,,,,,,fe8ca860b93f089b18c55a19d30af2369245b872926f6c87979f5efcb7606d7a,0,1,long_upper_lane,True,1.158422614485096,1.2691360228292479,10.064051033067766,1,0.006830968999565812
0.015000000000000001,1.5499222243785806,0.02132429173883,0.004376308617048184,,0.6531066871100865,0.21959563989254183,0.26464466488418537,0,325,1.2794122568566355,constrained,0.05,201,6bf819203bb70e81ce95c253004f99fc09ebb414e76fa2067b5001ba211f17a1,10.069198256772847,0,0.0,0,Smac2D,a710347d0e59379d92702c5c3a26479eb2a393756f791ae415a7b01f4ac7d7f3,203,,,,,,,,,,,,,,,,,,,,,,,,,,,,,,,,,,,,,,,,,,,,fe8ca860b93f089b18c55a19d30af2369245b872926f6c87979f5efcb7606d7a,0,1,long_upper_lane,True,1.5499222243785806,1.2794122568566355,10.069198256772847,1,0.02203172299959988
0.003,0.0,0.2500000977125213,0.16475837835864438,,0.6857986978245939,0.014644661158895074,0.014644661158895074,0,278,0.0,pstmo,0.05,201,157c0b2feb3dcedbe605c1571e9262d5aa51d56e337dcf578e93055ed27868cb,10.000000000000007,0,0.0,0,Smac2D,a710347d0e59379d92702c5c3a26479eb2a393756f791ae415a7b01f4ac7d7f3,201,0,0,0,"[[-5, 2.8], [3.25, 3.05], [4.4, 3.03665], [5, 2.8]]",201,0.075,0.0438282,0.15,0,4,0,3,[],0,0,0,True,0,1,1,4,2,,0.00151492,0,252,0,201,0,1,0,"[[-5, 2.8], [5, 2.8]]",condition_then_los,201,0,0,{},0.00457495,hierarchical_alpha_two_trim,0.05,,derived_preferred_compatible,0,fe8ca860b93f089b18c55a19d30af2369245b872926f6c87979f5efcb7606d7a,0,1,long_upper_lane,True,0.0,0.0,10.000000000000007,1,0.011188170001332765
0.0,2.223045433577416,4.440892098500626e-16,5.831177001690448e-17,,1.3361589648982906,0.6146446700995918,0.6646446708446498,0,101,2.278502865686828,raw,0.05,51,42cb70215d283716658145181d9a3d297463bcc998ae953caf88d9eb0bb34503,2.827176583430604,0,0.0,0,Smac2D,8970604517d6c0e81bdf663148d3731cbf6218db79093d437f0b7dfe11501bab,58,,,,,,,,,,,,,,,,,,,,,,,,,,,,,,,,,,,,,,,,,,,,42cb70215d283716658145181d9a3d297463bcc998ae953caf88d9eb0bb34503,0,1,short_open_diagonal,True,2.223045433577416,2.278502865686828,2.827176583430604,1,0.0024021010012802435
0.0,1.176468355785361,0.022937226200216747,0.009615634864836464,,1.3352744431109027,0.6146446700995918,0.6671446708819028,0,102,1.577445757904963,simple,0.05,51,18691613242f3df81a67fefd874f978cdb1f4ff87494fe466544432bc620b681,2.8067151499323106,0,0.0,0,Smac2D,8970604517d6c0e81bdf663148d3731cbf6218db79093d437f0b7dfe11501bab,58,,,,,,,,,,,,,,,,,,,,,,,,,,,,,,,,,,,,,,,,,,,,42cb70215d283716658145181d9a3d297463bcc998ae953caf88d9eb0bb34503,0,1,short_open_diagonal,True,1.176468355785361,1.577445757904963,2.8067151499323106,1,0.003937969000617159
0.0,2.1109999424452535,0.001771989741806656,0.0005585498681793421,,1.3311196267137917,0.6146446700995918,0.6646446708446498,0,96,2.1971719676507937,savitzky_golay,0.05,51,15739aa3e25da95d6a0782474c343c2362e3d3a1e39b9944be27670e6d357df6,2.8261896318538495,0,0.0,0,Smac2D,8970604517d6c0e81bdf663148d3731cbf6218db79093d437f0b7dfe11501bab,58,,,,,,,,,,,,,,,,,,,,,,,,,,,,,,,,,,,,,,,,,,,,42cb70215d283716658145181d9a3d297463bcc998ae953caf88d9eb0bb34503,0,1,short_open_diagonal,True,2.1109999424452535,2.1971719676507937,2.8261896318538495,1,0.0036235709994798526
0.006,1.9952464516367885,0.004907791115637933,0.0021763466060894243,,1.3022710050444826,0.6146446700995918,0.6646446708446498,0,94,1.9820878006698823,constrained,0.05,51,134797423d69a9363ea8c18da750e54bd946774d5225ad45c1e8ecb67c512458,2.8272614889141514,0,0.0,0,Smac2D,8970604517d6c0e81bdf663148d3731cbf6218db79093d437f0b7dfe11501bab,58,,,,,,,,,,,,,,,,,,,,,,,,,,,,,,,,,,,,,,,,,,,,42cb70215d283716658145181d9a3d297463bcc998ae953caf88d9eb0bb34503,0,1,short_open_diagonal,True,1.9952464516367885,1.9820878006698823,2.8272614889141514,1,0.008407224000620772
0.003,8.856450576409658e-26,0.3821631223981008,0.20439615940111613,,1.1418061300306692,0.6146446700995918,0.6996446713661905,0,55,3.955169525227198e-13,pstmo,0.05,55,01b2a8a5345479c3fd840b5da129b8fffcb99a9129885eda490c3d7b7cf104f4,2.692582403567252,0,0.0,0,Smac2D,8970604517d6c0e81bdf663148d3731cbf6218db79093d437f0b7dfe11501bab,55,0,0,0,"[[-5, -3], [-4.7, -2.87989], [-3.75, -2.08534], [-2.5, -2]]",51,0.075,0.0310975,0.15,0,4,0,3,[],0,0,0,True,0,1,1,4,2,,0.000600008,0,252,0,55,0,1,0,"[[-5, -3], [-2.5, -2]]",condition_then_los,51,0,0,{},0.00208747,hierarchical_alpha_two_trim,0.05,,derived_preferred_compatible,0,42cb70215d283716658145181d9a3d297463bcc998ae953caf88d9eb0bb34503,0,1,short_open_diagonal,True,8.856450576409658e-26,3.955169525227198e-13,2.692582403567252,1,0.006625485000768094
0.006,5.283568805757668,1.6653345369377348e-16,3.204587473364767e-17,,0.6368566737570852,0.21959563989254183,0.25619225950049973,0,245,3.352635920568198,raw,0.05,117,c129a9750474ab4cba81636cd0a13a3329952d4b5538af158e54d51070034607,10.308815010790934,0,0.0,0,SmacHybrid,834758c59536ecc8d1d6862f0f9fedcb39b9f0421bbd1b7a6db0341f88307b96,208,,,,,,,,,,,,,,,,,,,,,,,,,,,,,,,,,,,,,,,,,,,,c129a9750474ab4cba81636cd0a13a3329952d4b5538af158e54d51070034607,0,1,west_east_center,True,5.283568805757668,3.352635920568198,10.308815010790934,1,0.00899338599992916
0.0,0.9864169376963562,0.0298961109714156,0.011148685090228762,,0.63865787444749,0.2146446641391273,0.22961072531573842,0,235,1.0967950023459623,simple,0.05,117,fad1f6ed1c31064ae09fb78f85703e763e1d59854b09b1215074eede567e55da,10.26279880598004,0,0.0,0,SmacHybrid,834758c59536ecc8d1d6862f0f9fedcb39b9f0421bbd1b7a6db0341f88307b96,207,,,,,,,,,,,,,,,,,,,,,,,,,,,,,,,,,,,,,,,,,,,,c129a9750474ab4cba81636cd0a13a3329952d4b5538af158e54d51070034607,0,1,west_east_center,True,0.9864169376963562,1.0967950023459623,10.26279880598004,1,0.0045430549998854985
0.0,2.5367767872437965,0.006884559675392345,0.001969627601224227,,0.6438395919431518,0.23390290478282266,0.25619225950049973,0,235,2.141574963044182,savitzky_golay,0.05,117,baad750e12ccdd1c3cb0f621adc6dc9922843eb979f46396343b6afa0c4fa9f0,10.300429895683687,0,0.0,0,SmacHybrid,834758c59536ecc8d1d6862f0f9fedcb39b9f0421bbd1b7a6db0341f88307b96,208,,,,,,,,,,,,,,,,,,,,,,,,,,,,,,,,,,,,,,,,,,,,c129a9750474ab4cba81636cd0a13a3329952d4b5538af158e54d51070034607,0,1,west_east_center,True,2.5367767872437965,2.141574963044182,10.300429895683687,1,0.005309607000526739
0.009000000000000001,3.3073451917899703,0.015804628430707568,0.0035565571691843754,,0.6445267676897005,0.23390290478282266,0.25619225950049973,0,234,2.2498414396882906,constrained,0.05,117,5b5f3bd2912ec1d615dd99c4207019b899d43e303d4490b927d34f2f51824cc7,10.310160585743752,0,0.0,0,SmacHybrid,834758c59536ecc8d1d6862f0f9fedcb39b9f0421bbd1b7a6db0341f88307b96,208,,,,,,,,,,,,,,,,,,,,,,,,,,,,,,,,,,,,,,,,,,,,c129a9750474ab4cba81636cd0a13a3329952d4b5538af158e54d51070034607,0,1,west_east_center,True,3.3073451917899703,2.2498414396882906,10.310160585743752,1,0.01621023699954094
0.033,0.3639551627997049,0.24378831146462931,0.12206004452427326,,0.4274862562035544,0.06464466190395313,0.11464466264901119,0,464,0.44843245750096195,pstmo,0.05,463,3413abe80624e304aaf97a6f59e63ad6876912a9cbe9d860e19ee75c025d6b2c,10.131353755503675,0,0.0,0,SmacHybrid,834758c59536ecc8d1d6862f0f9fedcb39b9f0421bbd1b7a6db0341f88307b96,204,10,4,2,"[[-5, 0], [-2.6514, 0.3373], [-1.46361, 0.3373], [-0.754668, 0.498551], [0.516162, 0.371442], [1.64411, -0.229215], [2.26039, -0.394345], [3.97816, -0.397043], [5, 0]]",117,0.075,0.0516438,0.15,0,9,0,8,"[{'index': 0, 'x': 0.516162, 'y': 0.371442, 'turn_angle': -0.480939, 'incoming_length': 5.52865, 'outgoing_length': 1.90493, 'pivot_safe': True, 'pass_through': False, 'equivalent_radius_min': 3.26245, 'equivalent_radius_max': 3.26245, 'trim_min': 0.8, 'trim_max': 0.8, 'trim_evaluations': 1, 'preferred_trim': 0.8, 'compatible_trim': 0.8, 'coarse_evaluations': 5, 'recovery_evaluations': 0, 'refinement_evaluations': 8, 'evaluations': 13, 'safe_feasible': 12, 'states': 2, 'selected_radius': 3.26245, 'selected_trim': 0.8, 'selected_control_distance': 0.256, 'selected_control_fraction': 0.32, 'selected_curvature_energy': 0.155728, 'selected_score': 0.265591}, {'index': 1, 'x': 2.26039, 'y': -0.394345, 'turn_angle': 0.556663, 'incoming_length': 1.90493, 'outgoing_length': 2.76785, 'pivot_safe': True, 'pass_through': False, 'equivalent_radius_min': 2.79966, 'equivalent_radius_max': 2.79966, 'trim_min': 0.8, 'trim_max': 0.8, 'trim_evaluations': 1, 'preferred_trim': 0.8, 'compatible_trim': 0.8, 'coarse_evaluations': 5, 'recovery_evaluations': 0, 'refinement_evaluations': 8, 'evaluations': 13, 'safe_feasible': 12, 'states': 2, 'selected_radius': 2.79966, 'selected_trim': 0.8, 'selected_control_distance': 0.256, 'selected_control_fraction': 0.32, 'selected_curvature_energy': 0.209979, 'selected_score': 0.252341}]",2,4,26,True,2,3,9,9,4,,0.00410855,6,252,0.258966,463,0,1,0,"[[-5, 0], [0.516162, 0.371442], [2.26039, -0.394345], [5, 0]]",condition_then_los,117,0,16,{'shape_angular acceleration iteration did not converge': 2},0.0319571,hierarchical_alpha_two_trim,0.05,,derived_preferred_compatible,2,c129a9750474ab4cba81636cd0a13a3329952d4b5538af158e54d51070034607,0,1,west_east_center,True,0.3639551627997049,0.44843245750096195,10.131353755503675,1,0.04305329599992547
0.015000000000000001,7.570604957472719,4.440892098500626e-16,8.63776198532514e-17,,0.8286215633824814,0.2474873771031409,0.26464466488418537,0,299,4.760523348949468,raw,0.05,140,9a180f687ccd2b8ca013a90697e2f6f56d1ab46d96f197f890044f9f238e85c4,12.360987265656908,0,0.0,0,SmacHybrid,930bf28f856ce21e938d8d26f3cb9140ef0535b9dad102b8609a763df4edab43,249,,,,,,,,,,,,,,,,,,,,,,,,,,,,,,,,,,,,,,,,,,,,9a180f687ccd2b8ca013a90697e2f6f56d1ab46d96f197f890044f9f238e85c4,0,1,southwest_northeast,True,7.570604957472719,4.760523348949468,12.360987265656908,1,0.017304818999036797
0.0,1.564256280820855,0.05785159022821729,0.012956834946188147,,0.8416588268072007,0.2146446641391273,0.2474873771031409,0,282,2.10561614391342,simple,0.05,140,12410647e56234e406ba2f0ded70061419fdbec0c77abbf9c1bbb5fb409aee71,12.287509917223177,0,0.0,0,SmacHybrid,930bf28f856ce21e938d8d26f3cb9140ef0535b9dad102b8609a763df4edab43,247,,,,,,,,,,,,,,,,,,,,,,,,,,,,,,,,,,,,,,,,,,,,9a180f687ccd2b8ca013a90697e2f6f56d1ab46d96f197f890044f9f238e85c4,0,1,southwest_northeast,True,1.564256280820855,2.10561614391342,12.287509917223177,1,0.005613821000224561
0.0,3.8763693692636845,0.00961323360475378,0.002268353002619698,,0.8406192588803616,0.2474873771031409,0.26464466488418537,0,283,2.9911569555308475,savitzky_golay,0.05,140,958f14894cf4bfbb6714d46a203f11bdc0bb62f797e0a4eb9c1a139219dcb8da,12.34809142579813,0,0.0,0,SmacHybrid,930bf28f856ce21e938d8d26f3cb9140ef0535b9dad102b8609a763df4edab43,248,,,,,,,,,,,,,,,,,,,,,,,,,,,,,,,,,,,,,,,,,,,,9a180f687ccd2b8ca013a90697e2f6f56d1ab46d96f197f890044f9f238e85c4,0,1,southwest_northeast,True,3.8763693692636845,2.9911569555308475,12.34809142579813,1,0.00529381900014414
0.012,4.854591661240228,0.011814741528405824,0.0032021985603415785,,0.8452361912332231,0.2474873771031409,0.26464466488418537,0,280,3.0898008719512453,constrained,0.05,140,51eea67a4be068330216687ad9112b637453b2b8845d52f54f1247591df9577e,12.362392046619576,0,0.0,0,SmacHybrid,930bf28f856ce21e938d8d26f3cb9140ef0535b9dad102b8609a763df4edab43,249,,,,,,,,,,,,,,,,,,,,,,,,,,,,,,,,,,,,,,,,,,,,9a180f687ccd2b8ca013a90697e2f6f56d1ab46d96f197f890044f9f238e85c4,0,1,southwest_northeast,True,4.854591661240228,3.0898008719512453,12.362392046619576,1,0.015465018999748281
0.024,0.3572828998157173,0.17007955428175955,0.07964538379511182,,0.6362068801333896,0.12275854577833645,0.12275854577833645,0,381,0.5834741089382922,pstmo,0.05,375,8c110b204acc94ebb487df3f3b8a3a90ec6b48ad8461c3ec5b33b45a6c4616d9,12.198889814462657,0,0.0,0,SmacHybrid,930bf28f856ce21e938d8d26f3cb9140ef0535b9dad102b8609a763df4edab43,245,5,0,1,"[[-5, -3], [-3.18456, -1.62684], [-2.28897, -0.590474], [-0.837335, 0.79399], [0.349902, 1.7954], [1.28851, 2.36027], [1.80047, 2.99579], [2.61456, 3.09486], [5, 3]]",140,0.075,0.066088,0.15,0,9,0,8,"[{'index': 0, 'x': 1.80047, 'y': 2.99579, 'turn_angle': -0.721279, 'incoming_length': 9.06619, 'outgoing_length': 3.19953, 'pivot_safe': True, 'pass_through': False, 'equivalent_radius_min': 2.12127, 'equivalent_radius_max': 2.12127, 'trim_min': 0.8, 'trim_max': 0.8, 'trim_evaluations': 1, 'preferred_trim': 0.8, 'compatible_trim': 0.8, 'coarse_evaluations': 5, 'recovery_evaluations': 0, 'refinement_evaluations': 8, 'evaluations': 13, 'safe_feasible': 13, 'states': 2, 'selected_radius': 2.12127, 'selected_trim': 0.8, 'selected_control_distance': 0.256, 'selected_control_fraction': 0.32, 'selected_curvature_energy': 0.358917, 'selected_score': 0.369959}]",1,2,13,True,1,2,4,9,3,,0.00319889,2,252,0.369959,375,0,1,0,"[[-5, -3], [1.80047, 2.99579], [5, 3]]",condition_then_los,140,0,8,{},0.0223193,hierarchical_alpha_two_trim,0.05,,derived_preferred_compatible,1,9a180f687ccd2b8ca013a90697e2f6f56d1ab46d96f197f890044f9f238e85c4,0,1,southwest_northeast,True,0.3572828998157173,0.5834741089382922,12.198889814462657,1,0.034407716999339755
0.009000000000000001,7.928280385768708,4.440892098500626e-16,7.129566945468218e-17,,0.5540517798086244,0.06464466190395313,0.16464466339406925,0,287,3.8955690914996532,raw,0.05,141,cdb6c2bc9b2962f08aed32ad61a66c61d55a436cc87d2006e57882ec9bd33a67,12.384445704924675,0,0.0,0,SmacHybrid,d9fef90f3ce55b45367da44372d4ba15bee54da17f111e8529c3a4e869a00b1f,249,,,,,,,,,,,,,,,,,,,,,,,,,,,,,,,,,,,,,,,,,,,,cdb6c2bc9b2962f08aed32ad61a66c61d55a436cc87d2006e57882ec9bd33a67,0,1,northwest_southeast,True,7.928280385768708,3.8955690914996532,12.384445704924675,1,0.011690059000102337
0.0,2.49410291681734,0.04739402150896191,0.014519504037470841,,0.5501120871024535,0.11464466264901119,0.16464466339406925,0,284,2.1412123309171993,simple,0.05,141,3a9b3369d918795b1a1f26aac4bc023bd7ef9010a00333cae3494f746a9050c2,12.291465697286325,0,0.0,0,SmacHybrid,d9fef90f3ce55b45367da44372d4ba15bee54da17f111e8529c3a4e869a00b1f,247,,,,,,,,,,,,,,,,,,,,,,,,,,,,,,,,,,,,,,,,,,,,cdb6c2bc9b2962f08aed32ad61a66c61d55a436cc87d2006e57882ec9bd33a67,0,1,northwest_southeast,True,2.49410291681734,2.1412123309171993,12.291465697286325,1,0.005797809000796406
0.0,4.803685938167893,0.008534078725215702,0.0018985576904532507,,0.5557778037032136,0.10606601875848895,0.1468944705254503,0,283,2.8368206733407466,savitzky_golay,0.05,141,d7513a5dea0fad3a8dae48ff952516cf7859d81ca9e7f6400abf6e9cd842cd14,12.374194372677284,0,0.0,0,SmacHybrid,d9fef90f3ce55b45367da44372d4ba15bee54da17f111e8529c3a4e869a00b1f,249,,,,,,,,,,,,,,,,,,,,,,,,,,,,,,,,,,,,,,,,,,,,cdb6c2bc9b2962f08aed32ad61a66c61d55a436cc87d2006e57882ec9bd33a67,0,1,northwest_southeast,True,4.803685938167893,2.8368206733407466,12.374194372677284,1,0.006028858999343356
0.012,7.148750944455447,0.04047822093204411,0.009447204137068238,,0.5583288893296867,0.10606601875848895,0.16464466339406925,0,284,4.467162304861976,constrained,0.05,141,2b4c88b52a4be01630242ef878cf94571b5c4d2382620e8c7b1e95ee94c2e50e,12.388638961160446,0,0.0,0,SmacHybrid,d9fef90f3ce55b45367da44372d4ba15bee54da17f111e8529c3a4e869a00b1f,249,,,,,,,,,,,,,,,,,,,,,,,,,,,,,,,,,,,,,,,,,,,,cdb6c2bc9b2962f08aed32ad61a66c61d55a436cc87d2006e57882ec9bd33a67,0,1,northwest_southeast,True,7.148750944455447,4.467162304861976,12.388638961160446,1,0.016019769000195083
0.039,0.7930403003645037,0.24637051035679866,0.08908249440591581,,0.4175023311626427,0.035355339586162986,0.06464466190395313,0,639,0.7821171022425956,pstmo,0.05,632,8be0b0555a028e74b96c2580e1444a45d4da9c9976485fa62e5d7633b3f15863,12.100649362055398,0,0.0,0,SmacHybrid,d9fef90f3ce55b45367da44372d4ba15bee54da17f111e8529c3a4e869a00b1f,244,15,8,3,"[[-5, 3], [-4.46184, 2.89702], [-3.45611, 2.46317], [-2.45487, 2.4236], [-0.710415, 1.25552], [1.29157, -0.330785], [3.43062, -3.04686], [3.74202, -3.12983], [5, -3]]",141,0.075,0.0664109,0.15,0,9,0,8,"[{'index': 0, 'x': -2.45487, 'y': 2.4236, 'turn_angle': -0.411244, 'incoming_length': 2.60959, 'outgoing_length': 4.64999, 'pivot_safe': True, 'pass_through': False, 'equivalent_radius_min': 3.83564, 'equivalent_radius_max': 3.83564, 'trim_min': 0.8, 'trim_max': 0.8, 'trim_evaluations': 1, 'preferred_trim': 0.8, 'compatible_trim': 0.8, 'coarse_evaluations': 5, 'recovery_evaluations': 0, 'refinement_evaluations': 8, 'evaluations': 13, 'safe_feasible': 13, 'states': 2, 'selected_radius': 3.83564, 'selected_trim': 0.8, 'selected_control_distance': 0.256, 'selected_control_fraction': 0.32, 'selected_curvature_energy': 0.113294, 'selected_score': 0.224458}, {'index': 1, 'x': 1.29157, 'y': -0.330785, 'turn_angle': -0.217747, 'incoming_length': 4.64999, 'outgoing_length': 3.72013, 'pivot_safe': True, 'pass_through': False, 'equivalent_radius_min': 7.31893, 'equivalent_radius_max': 7.31893, 'trim_min': 0.8, 'trim_max': 0.8, 'trim_evaluations': 1, 'preferred_trim': 0.8, 'compatible_trim': 0.8, 'coarse_evaluations': 5, 'recovery_evaluations': 0, 'refinement_evaluations': 8, 'evaluations': 13, 'safe_feasible': 13, 'states': 2, 'selected_radius': 7.31893, 'selected_trim': 0.8, 'selected_control_distance': 0.256, 'selected_control_fraction': 0.32, 'selected_curvature_energy': 0.0314589, 'selected_score': 0.134805}, {'index': 2, 'x': 3.74202, 'y': -3.12983, 'turn_angle': 0.954551, 'incoming_length': 3.72013, 'outgoing_length': 1.26466, 'pivot_safe': True, 'pass_through': False, 'equivalent_radius_min': 1.54693, 'equivalent_radius_max': 1.54693, 'trim_min': 0.8, 'trim_max': 0.8, 'trim_evaluations': 1, 'preferred_trim': 0.8, 'compatible_trim': 0.8, 'coarse_evaluations': 5, 'recovery_evaluations': 0, 'refinement_evaluations': 8, 'evaluations': 13, 'safe_feasible': 9, 'states': 2, 'selected_radius': 1.54693, 'selected_trim': 0.8, 'selected_control_distance': 0.256, 'selected_control_fraction': 0.32, 'selected_curvature_energy': 0.651696, 'selected_score': 0.47515}]",3,6,39,True,3,3,12,9,5,,0.00558787,9,252,0.278138,632,0,1,0,"[[-5, 3], [-2.45487, 2.4236], [1.29157, -0.330785], [3.74202, -3.12983], [5, -3]]",condition_then_los,141,0,24,{'shape_swept_footprint': 4},0.0405203,hierarchical_alpha_two_trim,0.05,,derived_preferred_compatible,3,cdb6c2bc9b2962f08aed32ad61a66c61d55a436cc87d2006e57882ec9bd33a67,0,1,northwest_southeast,True,0.7930403003645037,0.7821171022425956,12.100649362055398,1,0.054526231999261654
0.003,6.286303454034907,1.1102230246251565e-16,2.7228176596153782e-17,,0.35508673831057547,0.1449222268733815,0.1449222268733815,0,111,3.7002565939676058,raw,0.05,52,c700d5269078b836743d799daaeece7817b72b7adc232b751db52c665a342f51,4.309031538241532,0,0.0,0,SmacHybrid,7d54ca2618702b7879933a879b0c0a1d1db8f6cfb6f5740116a8769a58ffb436,88,,,,,,,,,,,,,,,,,,,,,,,,,,,,,,,,,,,,,,,,,,,,c700d5269078b836743d799daaeece7817b72b7adc232b751db52c665a342f51,0,1,center_block_detour,True,6.286303454034907,3.7002565939676058,4.309031538241532,1,0.004050344999996014
0.0,2.2462056823171332,0.045240746174319606,0.021246350125494723,,0.35385244887019657,0.1449222268733815,0.1449222268733815,0,107,2.0728549575263937,simple,0.05,52,68acd648a10a4feed4d6e58cd24e0ec464a9c2fe9ba6ee8292e82417a2d33d43,4.233117562065091,0,0.0,0,SmacHybrid,7d54ca2618702b7879933a879b0c0a1d1db8f6cfb6f5740116a8769a58ffb436,86,,,,,,,,,,,,,,,,,,,,,,,,,,,,,,,,,,,,,,,,,,,,c700d5269078b836743d799daaeece7817b72b7adc232b751db52c665a342f51,0,1,center_block_detour,True,2.2462056823171332,2.0728549575263937,4.233117562065091,1,0.0035777260000031674
0.0,4.286269789816198,0.009575798087420092,0.0025088610809884232,,0.3620790896264048,0.1449222268733815,0.1449222268733815,0,106,3.426124910085374,savitzky_golay,0.05,52,a98ec9b93b65a82e7eb065311b1429f072ffd2e731e4ce2cae41bd64b87389b2,4.301228530873542,0,0.0,0,SmacHybrid,7d54ca2618702b7879933a879b0c0a1d1db8f6cfb6f5740116a8769a58ffb436,88,,,,,,,,,,,,,,,,,,,,,,,,,,,,,,,,,,,,,,,,,,,,c700d5269078b836743d799daaeece7817b72b7adc232b751db52c665a342f51,0,1,center_block_detour,True,4.286269789816198,3.426124910085374,4.301228530873542,1,0.004078829999343725
0.003,4.912797987174739,0.08332726473125006,0.026863103854815214,,0.37663932865033267,0.2146446641391273,0.23390290478282266,0,105,3.5782123958837033,constrained,0.05,52,3e1ee4e062189faf445a0f2f15c507990a958e8357cfa7b227b74e3998dbad34,4.369255805228679,0,0.0,0,SmacHybrid,7d54ca2618702b7879933a879b0c0a1d1db8f6cfb6f5740116a8769a58ffb436,89,,,,,,,,,,,,,,,,,,,,,,,,,,,,,,,,,,,,,,,,,,,,c700d5269078b836743d799daaeece7817b72b7adc232b751db52c665a342f51,0,1,center_block_detour,True,4.912797987174739,3.5782123958837033,4.369255805228679,1,0.008014360999368364
0.036000000000000004,1.2382590953121284,0.20706385853606732,0.10566827477256727,,0.23060585173011006,0.035355339586162986,0.035355339586162986,0,248,1.0221501003367477,pstmo,0.05,237,193c3f3b0d5f3680d79a3e08149089ffcf5bd6bd5e2eb5e4a327963638d45cf7,4.1152209240206306,0,0.0,0,SmacHybrid,7d54ca2618702b7879933a879b0c0a1d1db8f6cfb6f5740116a8769a58ffb436,84,20,6,4,"[[-2.2, -0.6], [-1.37523, 0.252928], [-0.698315, 0.486462], [0.276584, 0.400851], [0.938121, -0.482205], [1.2, -0.6]]",52,0.075,0.0676444,0.15,0,6,0,5,"[{'index': 0, 'x': -0.698315, 'y': 0.486462, 'turn_angle': -0.713912, 'incoming_length': 1.8535, 'outgoing_length': 0.978651, 'pivot_safe': True, 'pass_through': False, 'equivalent_radius_min': 1.24507, 'equivalent_radius_max': 2.14517, 'trim_min': 0.464325, 'trim_max': 0.8, 'trim_evaluations': 2, 'preferred_trim': 0.8, 'compatible_trim': 0.464325, 'coarse_evaluations': 10, 'recovery_evaluations': 0, 'refinement_evaluations': 16, 'evaluations': 26, 'safe_feasible': 20, 'states': 3, 'selected_radius': 1.24507, 'selected_trim': 0.464325, 'selected_control_distance': 0.148584, 'selected_control_fraction': 0.32, 'selected_curvature_energy': 0.605252, 'selected_score': 0.47006}, {'index': 1, 'x': 0.276584, 'y': 0.400851, 'turn_angle': -0.738027, 'incoming_length': 0.978651, 'outgoing_length': 1.36176, 'pivot_safe': True, 'pass_through': False, 'equivalent_radius_min': 1.20065, 'equivalent_radius_max': 2.06863, 'trim_min': 0.464325, 'trim_max': 0.8, 'trim_evaluations': 2, 'preferred_trim': 0.8, 'compatible_trim': 0.464325, 'coarse_evaluations': 10, 'recovery_evaluations': 0, 'refinement_evaluations': 16, 'evaluations': 26, 'safe_feasible': 24, 'states': 3, 'selected_radius': 1.20065, 'selected_trim': 0.464325, 'selected_control_distance': 0.148584, 'selected_control_fraction': 0.32, 'selected_curvature_energy': 0.648826, 'selected_score': 0.483697}]",2,6,52,True,2,2,7,6,4,,0.00158888,5,252,0.476879,237,0,1,0,"[[-2.2, -0.6], [-0.698315, 0.486462], [0.276584, 0.400851], [1.2, -0.6]]",condition_then_los,52,0,32,"{'shape_angular acceleration iteration did not converge': 2, 'shape_swept_footprint': 6}",0.0362402,hierarchical_alpha_two_trim,0.05,,derived_preferred_compatible,4,c700d5269078b836743d799daaeece7817b72b7adc232b751db52c665a342f51,0,1,center_block_detour,True,1.2382590953121284,1.0221501003367477,4.1152209240206306,1,0.042438915001184796
0.003,9.896845609813951,4.440892098500626e-16,6.47770688190861e-17,,0.36964682061464066,0.2146446641391273,0.2146446641391273,0,125,3.796230313988667,raw,0.05,55,6045b2bea8219c02f80c31d10737f1dab824de07b3dd798256177122a14b4e4b,4.6031731726218785,0,0.0,0,SmacHybrid,ef2dfc475819f745ba5604a03d4b1c4eb9d51b19bca7222f8542581beb7dc4fe,94,,,,,,,,,,,,,,,,,,,,,,,,,,,,,,,,,,,,,,,,,,,,6045b2bea8219c02f80c31d10737f1dab824de07b3dd798256177122a14b4e4b,0,1,screen_detour,True,9.896845609813951,3.796230313988667,4.6031731726218785,1,0.005406181999205728
0.0,5.075749487021624,0.061484672641310585,0.03169786045396465,,0.36081898198263285,0.17079994476667312,0.17677669793081488,0,113,2.7044650431453783,simple,0.05,55,ac5d2e76eb8288bffeca4210b10835fb578ca500f63472702ed26dd8f808d578,4.440855181655069,0,0.0,0,SmacHybrid,ef2dfc475819f745ba5604a03d4b1c4eb9d51b19bca7222f8542581beb7dc4fe,90,,,,,,,,,,,,,,,,,,,,,,,,,,,,,,,,,,,,,,,,,,,,6045b2bea8219c02f80c31d10737f1dab824de07b3dd798256177122a14b4e4b,0,1,screen_detour,True,5.075749487021624,2.7044650431453783,4.440855181655069,1,0.003983318998507457
0.0,7.460006926988723,0.008696285722676701,0.003477890629032639,,0.3734288224009897,0.2146446641391273,0.2146446641391273,0,116,4.26757174510038,savitzky_golay,0.05,55,f382a6f4de2a4e092e0184e1617d87e613dc43ff38baeaedd4f95c24e2f8e8e4,4.590732861464727,0,0.0,0,SmacHybrid,ef2dfc475819f745ba5604a03d4b1c4eb9d51b19bca7222f8542581beb7dc4fe,93,,,,,,,,,,,,,,,,,,,,,,,,,,,,,,,,,,,,,,,,,,,,6045b2bea8219c02f80c31d10737f1dab824de07b3dd798256177122a14b4e4b,0,1,screen_detour,True,7.460006926988723,4.26757174510038,4.590732861464727,1,0.0038823729992145672
0.006,7.759221332978674,0.018782854846917153,0.006464019774415931,,0.38061866848096537,0.2146446641391273,0.23390290478282266,0,114,3.3824172926990443,constrained,0.05,55,1483e4910c2348697be8d3445b59aaf69d43913b2a77674c76623ad0aa408b22,4.609739134071886,0,0.0,0,SmacHybrid,ef2dfc475819f745ba5604a03d4b1c4eb9d51b19bca7222f8542581beb7dc4fe,94,,,,,,,,,,,,,,,,,,,,,,,,,,,,,,,,,,,,,,,,,,,,6045b2bea8219c02f80c31d10737f1dab824de07b3dd798256177122a14b4e4b,0,1,screen_detour,True,7.759221332978674,3.3824172926990443,4.609739134071886,1,0.008304331999170245
0.033,3.3234579307030963,0.2254353989418283,0.1570618413939235,,0.231404928172482,0.06464466190395313,0.06464466190395313,0,223,1.885185577560256,pstmo,0.05,207,e2410ddc68ae238d27680aba2020be7b9959816c1b79979a9dc6ac3352b336af,4.084997716052179,0,0.0,0,SmacHybrid,ef2dfc475819f745ba5604a03d4b1c4eb9d51b19bca7222f8542581beb7dc4fe,83,20,6,4,"[[1.2, 1.4], [1.27552, 2.12635], [1.50266, 2.62292], [1.88015, 3.01163], [2.32346, 3.09749], [2.95578, 2.77282], [3.16549, 1.64703], [3.5, 1.4]]",55,0.075,0.0684515,0.15,0,8,0,7,"[{'index': 0, 'x': 1.88015, 'y': 3.01163, 'turn_angle': -1.38993, 'incoming_length': 1.74928, 'outgoing_length': 1.10182, 'pivot_safe': True, 'pass_through': False, 'equivalent_radius_min': 0.630802, 'equivalent_radius_max': 0.959559, 'trim_min': 0.525911, 'trim_max': 0.8, 'trim_evaluations': 2, 'preferred_trim': 0.8, 'compatible_trim': 0.525911, 'coarse_evaluations': 10, 'recovery_evaluations': 0, 'refinement_evaluations': 16, 'evaluations': 26, 'safe_feasible': 19, 'states': 3, 'selected_radius': 0.630802, 'selected_trim': 0.525911, 'selected_control_distance': 0.157773, 'selected_control_fraction': 0.3, 'selected_curvature_energy': 2.31997, 'selected_score': 0.742922}, {'index': 1, 'x': 2.95578, 'y': 2.77282, 'turn_angle': -0.974894, 'incoming_length': 1.10182, 'outgoing_length': 1.47676, 'pivot_safe': True, 'pass_through': False, 'equivalent_radius_min': 0.992072, 'equivalent_radius_max': 1.50911, 'trim_min': 0.525911, 'trim_max': 0.8, 'trim_evaluations': 2, 'preferred_trim': 0.8, 'compatible_trim': 0.525911, 'coarse_evaluations': 10, 'recovery_evaluations': 0, 'refinement_evaluations': 16, 'evaluations': 26, 'safe_feasible': 18, 'states': 3, 'selected_radius': 0.992072, 'selected_trim': 0.525911, 'selected_control_distance': 0.168291, 'selected_control_fraction': 0.32, 'selected_curvature_energy': 1.038, 'selected_score': 0.577463}]",2,6,52,True,2,3,9,8,4,,0.00161353,6,252,0.660192,207,0,1,0,"[[1.2, 1.4], [1.88015, 3.01163], [2.95578, 2.77282], [3.5, 1.4]]",condition_then_los,55,0,32,"{'shape_angular acceleration iteration did not converge': 3, 'shape_swept_footprint': 10, 'shape_transition requires a reversing inner wheel': 2}",0.03118,hierarchical_alpha_two_trim,0.05,,derived_preferred_compatible,4,6045b2bea8219c02f80c31d10737f1dab824de07b3dd798256177122a14b4e4b,0,1,screen_detour,True,3.3234579307030963,1.885185577560256,4.084997716052179,1,0.03690021500005969
0.003,1.1743526592094776e-12,1.3877787807814457e-17,1.080384315568121e-18,,0.8784012877864855,0.26464466488418537,0.6146446700995918,0,189,3.238422685569759e-06,raw,0.05,95,852ba6185c600604059821490ba0fccb07e7525cb06a179c77199b0987c25125,8.199999999999982,0,0.0,0,SmacHybrid,ccac4fd658a5bb9f503868199a1dd4fce02e47545e239709bc6def8125aedd14,165,,,,,,,,,,,,,,,,,,,,,,,,,,,,,,,,,,,,,,,,,,,,852ba6185c600604059821490ba0fccb07e7525cb06a179c77199b0987c25125,0,1,long_lower_lane,True,1.1743526592094776e-12,3.238422685569759e-06,8.199999999999982,1,0.00467975799983833
0.0,1.9010979828089964e-14,1.2160660922688749e-08,2.136455876057728e-09,,0.8784012877864855,0.26464466488418537,0.6146446700995918,0,189,2.9731914708006626e-07,simple,0.05,95,656f3a3dcc971513024cfd3cba2cacfd1afd882746ffc900082ba63bdac94ccd,8.199999999999985,0,0.0,0,SmacHybrid,ccac4fd658a5bb9f503868199a1dd4fce02e47545e239709bc6def8125aedd14,165,,,,,,,,,,,,,,,,,,,,,,,,,,,,,,,,,,,,,,,,,,,,852ba6185c600604059821490ba0fccb07e7525cb06a179c77199b0987c25125,0,1,long_lower_lane,True,1.9010979828089964e-14,2.9731914708006626e-07,8.199999999999985,1,0.0047042700007295934
0.0,1.2345282606491174e-13,7.884591202156344e-09,1.0640294184687017e-09,,0.8778025687577922,0.26464466488418537,0.6146446700995918,0,190,7.780968758197169e-07,savitzky_golay,0.05,95,97017a2fd8feb0fb9bd28a67b6bd7096dbff7f12d53b5a89f514266ce26c87ce,8.19999999999998,0,0.0,0,SmacHybrid,ccac4fd658a5bb9f503868199a1dd4fce02e47545e239709bc6def8125aedd14,165,,,,,,,,,,,,,,,,,,,,,,,,,,,,,,,,,,,,,,,,,,,,852ba6185c600604059821490ba0fccb07e7525cb06a179c77199b0987c25125,0,1,long_lower_lane,True,1.2345282606491174e-13,7.780968758197169e-07,8.19999999999998,1,0.004686964999564225
0.003,1.1743526592094776e-12,1.3877787807814457e-17,1.080384315568121e-18,,0.8784012877864855,0.26464466488418537,0.6146446700995918,0,189,3.238422685569759e-06,constrained,0.05,95,852ba6185c600604059821490ba0fccb07e7525cb06a179c77199b0987c25125,8.199999999999982,0,0.0,0,SmacHybrid,ccac4fd658a5bb9f503868199a1dd4fce02e47545e239709bc6def8125aedd14,165,,,,,,,,,,,,,,,,,,,,,,,,,,,,,,,,,,,,,,,,,,,,852ba6185c600604059821490ba0fccb07e7525cb06a179c77199b0987c25125,0,1,long_lower_lane,True,1.1743526592094776e-12,3.238422685569759e-06,8.199999999999982,1,0.004407230000651907
0.003,0.0,1.7881393254981504e-08,1.770619516381662e-08,,0.882263721706474,0.26464466488418537,0.637144670434868,0,210,0.0,pstmo,0.05,165,399d98e7bc449bad96a257cf923c59e273c01767c5e26f784e5714c336cf52c7,8.199999999999982,0,0.0,0,SmacHybrid,ccac4fd658a5bb9f503868199a1dd4fce02e47545e239709bc6def8125aedd14,165,0,0,0,"[[-5, -2.8], [3.2, -2.8]]",95,0.075,1.78814e-08,0.15,0,2,0,1,[],0,0,0,True,0,0,0,2,2,,0.00157128,0,252,0,165,0,1,0,"[[-5, -2.8], [3.2, -2.8]]",condition_then_los,95,0,0,{},0.00486542,hierarchical_alpha_two_trim,0.05,,derived_preferred_compatible,0,852ba6185c600604059821490ba0fccb07e7525cb06a179c77199b0987c25125,0,1,long_lower_lane,True,0.0,0.0,8.199999999999982,1,0.010942197000986198
0.003,2.359790920741086,4.440892098500626e-16,3.119937572747079e-17,,0.71130837005503,0.2146446641391273,0.23032608856025244,0,236,3.404783844434731,raw,0.05,115,491cbb5df0389b7f526bf8ecec1c5196b7527add81054a3e0250ddc846a4cf99,10.077491284305264,0,0.0,0,SmacHybrid,9ea4cfda55dec6a5d61e87542c02d6e2b7c61ef272a8f2db19590de1be979fb6,203,,,,,,,,,,,,,,,,,,,,,,,,,,,,,,,,,,,,,,,,,,,,491cbb5df0389b7f526bf8ecec1c5196b7527add81054a3e0250ddc846a4cf99,0,1,long_upper_lane,True,2.359790920741086,3.404783844434731,10.077491284305264,1,0.005708272999982
0.0,0.49845555434644456,0.033846752629017735,0.008434097672736928,,0.7107343975692332,0.2146446641391273,0.22531854584865416,0,229,0.9712123097103131,simple,0.05,115,9ef109742cf101cff3bb22b34902e4c8c7a2020254ef1d418ceda17e0eb516dd,10.05346560262267,0,0.0,0,SmacHybrid,9ea4cfda55dec6a5d61e87542c02d6e2b7c61ef272a8f2db19590de1be979fb6,203,,,,,,,,,,,,,,,,,,,,,,,,,,,,,,,,,,,,,,,,,,,,491cbb5df0389b7f526bf8ecec1c5196b7527add81054a3e0250ddc846a4cf99,0,1,long_upper_lane,True,0.49845555434644456,0.9712123097103131,10.05346560262267,1,0.006831041000623372
0.003,1.2570373652614115,0.0072379843148371896,0.0013229900598098316,,0.7149770736719233,0.2146446641391273,0.2400159173269659,0,230,1.8418402588079656,savitzky_golay,0.05,115,aeda4ca15044c821eef4f423822c24051b928f5cbfea877f37b9a15b6dc8d2a6,10.073761231325722,0,0.0,0,SmacHybrid,9ea4cfda55dec6a5d61e87542c02d6e2b7c61ef272a8f2db19590de1be979fb6,203,,,,,,,,,,,,,,,,,,,,,,,,,,,,,,,,,,,,,,,,,,,,491cbb5df0389b7f526bf8ecec1c5196b7527add81054a3e0250ddc846a4cf99,0,1,long_upper_lane,True,1.2570373652614115,1.8418402588079656,10.073761231325722,1,0.005082404000859242
0.009000000000000001,1.5034283212093515,0.0148851679894942,0.0030361453203843845,,0.715530026911022,0.21959563989254183,0.25096933006208444,0,229,1.8082491055849859,constrained,0.05,115,d109cf2497bcbb6d888968d0df94f6ca040bebb0069f02120d0c71170a7547b9,10.077924014661123,0,0.0,0,SmacHybrid,9ea4cfda55dec6a5d61e87542c02d6e2b7c61ef272a8f2db19590de1be979fb6,203,,,,,,,,,,,,,,,,,,,,,,,,,,,,,,,,,,,,,,,,,,,,491cbb5df0389b7f526bf8ecec1c5196b7527add81054a3e0250ddc846a4cf99,0,1,long_upper_lane,True,1.5034283212093515,1.8082491055849859,10.077924014661123,1,0.01336631599951943
0.006,0.0,0.2803666216189642,0.09980036931759016,,0.6857986978245939,0.014644661158895074,0.014644661158895074,0,278,0.0,pstmo,0.05,201,157c0b2feb3dcedbe605c1571e9262d5aa51d56e337dcf578e93055ed27868cb,10.000000000000007,0,0.0,0,SmacHybrid,9ea4cfda55dec6a5d61e87542c02d6e2b7c61ef272a8f2db19590de1be979fb6,201,0,0,0,"[[-5, 2.8], [0.847577, 2.8], [1.70993, 3.08037], [2.34872, 3.06844], [3.67546, 2.80974], [5, 2.8]]",115,0.075,0.0262631,0.15,0,6,0,5,[],0,0,0,True,0,1,1,6,2,,0.00179157,0,252,0,201,0,1,0,"[[-5, 2.8], [5, 2.8]]",condition_then_los,115,0,0,{},0.00578398,hierarchical_alpha_two_trim,0.05,,derived_preferred_compatible,0,491cbb5df0389b7f526bf8ecec1c5196b7527add81054a3e0250ddc846a4cf99,0,1,long_upper_lane,True,0.0,0.0,10.000000000000007,1,0.01171518100090907
0.003,0.825521305418466,4.440892098500626e-16,1.18687833744435e-16,,1.1342883446408603,0.6146446700995918,0.7146446715897079,0,73,2.2073155881372424,raw,0.05,35,56ae1fa6c9397db5d0b3789318de6f0ee75d73328a577575458df09d7ef105f0,2.700734835166065,0,0.0,0,SmacHybrid,520229dd2da0463354abd083c8ded1f40b1990299c9464e13af321d48f910cda,56,,,,,,,,,,,,,,,,,,,,,,,,,,,,,,,,,,,,,,,,,,,,56ae1fa6c9397db5d0b3789318de6f0ee75d73328a577575458df09d7ef105f0,0,1,short_open_diagonal,True,0.825521305418466,2.2073155881372424,2.700734835166065,1,0.0030457169996225275
0.0,0.05555759124104902,0.01286071444110252,0.006091346046032265,,1.143409526051734,0.6146446700995918,0.7146446715897079,0,69,0.4329627871189389,simple,0.05,35,88247714c813878d7d4a6f93b6ac4b3d6d526fa3d6a1589b0824693153f797e9,2.696629643103078,0,0.0,0,SmacHybrid,520229dd2da0463354abd083c8ded1f40b1990299c9464e13af321d48f910cda,55,,,,,,,,,,,,,,,,,,,,,,,,,,,,,,,,,,,,,,,,,,,,56ae1fa6c9397db5d0b3789318de6f0ee75d73328a577575458df09d7ef105f0,0,1,short_open_diagonal,True,0.05555759124104902,0.4329627871189389,2.696629643103078,1,0.003300320000562351
0.0,0.21517817152313928,0.00467281772870039,0.001723477654471865,,1.1359291984834021,0.6146446700995918,0.7146446715897079,0,70,0.683706209576543,savitzky_golay,0.05,35,43551aa91ad8fee2628656bfe3a7523fe94b6efd890fa6cfe536cf9fcf7972d8,2.6993272116930247,0,0.0,0,SmacHybrid,520229dd2da0463354abd083c8ded1f40b1990299c9464e13af321d48f910cda,55,,,,,,,,,,,,,,,,,,,,,,,,,,,,,,,,,,,,,,,,,,,,56ae1fa6c9397db5d0b3789318de6f0ee75d73328a577575458df09d7ef105f0,0,1,short_open_diagonal,True,0.21517817152313928,0.683706209576543,2.6993272116930247,1,0.0032176639997487655
0.003,0.3276172321708678,0.003710042822803072,0.0014022560793606061,,1.143409526051734,0.6146446700995918,0.7146446715897079,0,69,0.8906203018044335,constrained,0.05,35,8af94d6252a884667f28ac2fbf659aa897fa08d7953634d1bd82fc5c4e2904b9,2.7002736851224016,0,0.0,0,SmacHybrid,520229dd2da0463354abd083c8ded1f40b1990299c9464e13af321d48f910cda,56,,,,,,,,,,,,,,,,,,,,,,,,,,,,,,,,,,,,,,,,,,,,56ae1fa6c9397db5d0b3789318de6f0ee75d73328a577575458df09d7ef105f0,0,1,short_open_diagonal,True,0.3276172321708678,0.8906203018044335,2.7002736851224016,1,0.006494575000033365
0.0,8.856450576409658e-26,0.07595029767666836,0.040609753246694136,,1.1418061300306692,0.6146446700995918,0.6996446713661905,0,55,3.955169525227198e-13,pstmo,0.05,55,01b2a8a5345479c3fd840b5da129b8fffcb99a9129885eda490c3d7b7cf104f4,2.692582403567252,0,0.0,0,SmacHybrid,520229dd2da0463354abd083c8ded1f40b1990299c9464e13af321d48f910cda,55,0,0,0,"[[-5, -3], [-4.12838, -2.73347], [-2.5, -2]]",35,0.075,0.019446,0.15,0,3,0,2,[],0,0,0,True,0,1,1,3,2,,0.000423353,0,252,0,55,0,1,0,"[[-5, -3], [-2.5, -2]]",condition_then_los,35,0,0,{},0.00139971,hierarchical_alpha_two_trim,0.05,,derived_preferred_compatible,0,56ae1fa6c9397db5d0b3789318de6f0ee75d73328a577575458df09d7ef105f0,0,1,short_open_diagonal,True,8.856450576409658e-26,3.955169525227198e-13,2.692582403567252,1,0.005049462999522802
