algorithm_time_s,curvature_energy_1pm,deviation_max_m,deviation_rmse_m,error,footprint_clearance_mean_m,footprint_clearance_min_m,footprint_clearance_p05_m,footprint_collision_sample_count,footprint_pose_sample_count,max_abs_curvature_1pm,method,metric_spacing_m,native_point_count,output_path_sha256,path_length_m,pivot_marker_count,pivot_max_angle_rad,pivot_total_angle_rad,planner,planner_output_path_sha256,point_count,pstmo_coarse_shape_evaluations,pstmo_compatible_edges,pstmo_competitive_candidates,pstmo_conditioned_polyline,pstmo_conditioning_input_points,pstmo_conditioning_max_deviation,pstmo_conditioning_observed_deviation,pstmo_conditioning_oscillation_deviation,pstmo_conditioning_oscillation_shortcuts,pstmo_conditioning_output_points,pstmo_conditioning_safety_rejections,pstmo_conditioning_shortcuts,pstmo_corner_search,pstmo_corners,pstmo_dp_states,pstmo_evaluations,pstmo_final_invariants_verified,pstmo_g2_transitions,pstmo_los_accepted_shortcuts,pstmo_los_attempted_shortcuts,pstmo_los_input_points,pstmo_los_output_points,pstmo_los_rejection_reason,pstmo_los_runtime_s,pstmo_los_safety_rejections,pstmo_max_footprint_cost,pstmo_mean_transition_score,pstmo_output_points,pstmo_pass_through_corners,pstmo_pipeline_execution_count,pstmo_pivots,pstmo_preprocessed_polyline,pstmo_preprocessing_mode,pstmo_raw_input_points,pstmo_recovery_shape_evaluations,pstmo_refinement_shape_evaluations,pstmo_rejections,pstmo_runtime_s,pstmo_search_mode,pstmo_segment_margin,pstmo_selected_stitch_rejection,pstmo_trim_domain,pstmo_valid_candidates,raw_path_sha256,removed_duplicate_pose_count,repetition,scenario,success,translation_curvature_energy_1pm,translation_max_abs_curvature_1pm,translation_path_length_m,translation_segment_count,wall_time_s
0.0,5.684338328531508e-11,2.183756817139993e-22,1.540303297071021e-23,,1.1282437246660393,0.6646446708446498,0.9146446745699401,0,400,2.384185791012931e-05,raw,0.05,398,7fa8a097d989150308cbb8c2a465dbf52ae5f4afeef6943f889c63920ee5190c,10.000000000000007,0,0.0,0,NavFnAStar,37de1436b1bd5f948dc22686567b78a7cda9a45e34442873a2d54bd8fac479ff,201,,,,,,,,,,,,,,,,,,,,,,,,,,,,,,,,,,,,,,,,,,,,7fa8a097d989150308cbb8c2a465dbf52ae5f4afeef6943f889c63920ee5190c,0,1,central_cross_west_east,True,5.684338328531508e-11,2.384185791012931e-05,10.000000000000007,1,0.00945458400019561
0.0,2.2581995324334726e-12,3.7376768850774097e-08,4.039810865207589e-09,,1.1298195992971258,0.6646446708446498,0.9646446753149982,0,398,3.527800924375331e-06,simple,0.05,398,5b8ca37b114f390f9c5c67ebb7e68581c1c90befda338e98833336c65e8ec240,10.000000000000007,0,0.0,0,NavFnAStar,37de1436b1bd5f948dc22686567b78a7cda9a45e34442873a2d54bd8fac479ff,201,,,,,,,,,,,,,,,,,,,,,,,,,,,,,,,,,,,,,,,,,,,,7fa8a097d989150308cbb8c2a465dbf52ae5f4afeef6943f889c63920ee5190c,0,1,central_cross_west_east,True,2.2581995324334726e-12,3.527800924375331e-06,10.000000000000007,1,0.010383666000052472
0.0,9.776360499254838e-12,2.689752875609651e-08,2.461096231184838e-09,,1.1300708555822767,0.6646446708446498,0.9646446753149982,0,398,9.110619918175747e-06,savitzky_golay,0.05,398,6a4998fcd544ab412823672b38eb27e92db236ae5fd1c0ea5af0371add582199,10.000000000000005,0,0.0,0,NavFnAStar,37de1436b1bd5f948dc22686567b78a7cda9a45e34442873a2d54bd8fac479ff,201,,,,,,,,,,,,,,,,,,,,,,,,,,,,,,,,,,,,,,,,,,,,7fa8a097d989150308cbb8c2a465dbf52ae5f4afeef6943f889c63920ee5190c,0,1,central_cross_west_east,True,9.776360499254838e-12,9.110619918175747e-06,10.000000000000005,1,0.009225951998814708
0.0,5.684338328531508e-11,2.183756817139993e-22,1.540303297071021e-23,,1.1282437246660393,0.6646446708446498,0.9146446745699401,0,400,2.384185791012931e-05,constrained,0.05,398,7fa8a097d989150308cbb8c2a465dbf52ae5f4afeef6943f889c63920ee5190c,10.000000000000007,0,0.0,0,NavFnAStar,37de1436b1bd5f948dc22686567b78a7cda9a45e34442873a2d54bd8fac479ff,201,,,,,,,,,,,,,,,,,,,,,,,,,,,,,,,,,,,,,,,,,,,,7fa8a097d989150308cbb8c2a465dbf52ae5f4afeef6943f889c63920ee5190c,0,1,central_cross_west_east,True,5.684338328531508e-11,2.384185791012931e-05,10.000000000000007,1,0.014372674000696861
0.006,0.0,5.960464477539063e-08,5.930736280492328e-08,,1.125572396351809,0.6646446708446498,0.9146446745699401,0,278,0.0,pstmo,0.05,201,706b704736f170d546f9a9d8fb9c47f6ae21740ce6296086740e4f4c25c02c08,10.000000000000007,0,0.0,0,NavFnAStar,37de1436b1bd5f948dc22686567b78a7cda9a45e34442873a2d54bd8fac479ff,201,0,0,0,"[[-5, 0], [5, 0]]",398,0.075,5.96046e-08,0.15,0,2,0,1,[],0,0,0,True,0,0,0,2,2,,0.00149311,0,252,0,201,0,1,0,"[[-5, 0], [5, 0]]",condition_then_los,398,0,0,{},0.0061681,hierarchical_alpha_two_trim,0.05,,derived_preferred_compatible,0,7fa8a097d989150308cbb8c2a465dbf52ae5f4afeef6943f889c63920ee5190c,0,1,central_cross_west_east,True,0.0,0.0,10.000000000000007,1,0.01411717500013765
0.0,5.6843383285462087e-11,0.0,0.0,,1.0599317103495767,0.6146446700995918,0.6646446708446498,0,469,2.384185791016065e-05,raw,0.05,398,4cf2861a651941e0f0b1f82e0e1cef426c204890f3f1341f51e52d6457f7ba5f,10.000000000000007,0,0.0,0,NavFnAStar,93e6f61b9142b0efdebdbc06deb3bdac7bd7af19669590b1a05aca3b18127557,201,,,,,,,,,,,,,,,,,,,,,,,,,,,,,,,,,,,,,,,,,,,,4cf2861a651941e0f0b1f82e0e1cef426c204890f3f1341f51e52d6457f7ba5f,0,1,central_cross_east_west,True,5.6843383285462087e-11,2.384185791016065e-05,10.000000000000007,1,0.009286324000640889
0.0,2.258202100014452e-12,3.737677644590918e-08,4.039810923033399e-09,,1.0592806142578548,0.6146446700995918,0.6646446708446498,0,468,3.52780638102578e-06,simple,0.05,398,53acabf248db00d2666f220be7e1c99be67b6d720e3dc4c3d31782fecbcdfbe4,10.0,0,0.0,0,NavFnAStar,93e6f61b9142b0efdebdbc06deb3bdac7bd7af19669590b1a05aca3b18127557,201,,,,,,,,,,,,,,,,,,,,,,,,,,,,,,,,,,,,,,,,,,,,4cf2861a651941e0f0b1f82e0e1cef426c204890f3f1341f51e52d6457f7ba5f,0,1,central_cross_east_west,True,2.258202100014452e-12,3.52780638102578e-06,10.0,1,0.01031798299845832
0.0,9.776360415773606e-12,2.6897558357733875e-08,2.461096162555158e-09,,1.0596011270831436,0.6146446700995918,0.6646446708446498,0,468,9.11060560000055e-06,savitzky_golay,0.05,398,5bb285594cd1ea305613a5fa951db4e60795e0110db43e99e283ea37ba4c45e8,10.000000000000002,0,0.0,0,NavFnAStar,93e6f61b9142b0efdebdbc06deb3bdac7bd7af19669590b1a05aca3b18127557,201,,,,,,,,,,,,,,,,,,,,,,,,,,,,,,,,,,,,,,,,,,,,4cf2861a651941e0f0b1f82e0e1cef426c204890f3f1341f51e52d6457f7ba5f,0,1,central_cross_east_west,True,9.776360415773606e-12,9.11060560000055e-06,10.000000000000002,1,0.009673566000856226
0.0,5.6843383285462087e-11,0.0,0.0,,1.1282437246660393,0.6646446708446498,0.9146446745699401,0,400,2.384185791016065e-05,constrained,0.05,398,4cf2861a651941e0f0b1f82e0e1cef426c204890f3f1341f51e52d6457f7ba5f,10.000000000000007,0,0.0,0,NavFnAStar,93e6f61b9142b0efdebdbc06deb3bdac7bd7af19669590b1a05aca3b18127557,201,,,,,,,,,,,,,,,,,,,,,,,,,,,,,,,,,,,,,,,,,,,,4cf2861a651941e0f0b1f82e0e1cef426c204890f3f1341f51e52d6457f7ba5f,0,1,central_cross_east_west,True,5.6843383285462087e-11,2.384185791016065e-05,10.000000000000007,1,0.01227012600065791
0.006,0.0,5.960464477539063e-08,5.930736280492324e-08,,1.125572396351809,0.6646446708446498,0.9146446745699401,0,278,0.0,pstmo,0.05,201,479cf1be68e61c0d5dce860d455a1ea8b77d8b6babb0bf590dd0854ee63b33aa,10.000000000000007,0,0.0,0,NavFnAStar,93e6f61b9142b0efdebdbc06deb3bdac7bd7af19669590b1a05aca3b18127557,201,0,0,0,"[[5, 0], [-5, 0]]",398,0.075,5.96046e-08,0.15,0,2,0,1,[],0,0,0,True,0,0,0,2,2,,0.00167572,0,252,0,201,0,1,0,"[[5, 0], [-5, 0]]",condition_then_los,398,0,0,{},0.00505419,hierarchical_alpha_two_trim,0.05,,derived_preferred_compatible,0,4cf2861a651941e0f0b1f82e0e1cef426c204890f3f1341f51e52d6457f7ba5f,0,1,central_cross_east_west,True,0.0,0.0,10.000000000000007,1,0.011778893000155222
0.0,7.99360069510589e-12,0.0,0.0,,0.9615430836502865,0.6146446700995918,0.6646446708446498,0,273,8.940696716308851e-06,raw,0.05,238,c7fe2a271df1c4fc1423a8c374f1771b72868d1d9ee419225377f9402fd2010a,5.999999999999987,0,0.0,0,NavFnAStar,da6214e870e8e649c9c3a89cb07caed63e5c05641e03dd601c171cff56f2d82d,121,,,,,,,,,,,,,,,,,,,,,,,,,,,,,,,,,,,,,,,,,,,,c7fe2a271df1c4fc1423a8c374f1771b72868d1d9ee419225377f9402fd2010a,0,1,west_service_lane,True,7.99360069510589e-12,8.940696716308851e-06,5.999999999999987,1,0.005296085000736639
0.003,3.175593099915827e-13,1.4016289462404075e-08,1.952529610243592e-09,,1.0419079612696744,0.6646446708446498,0.8571446737131234,0,238,1.3229250583890322e-06,simple,0.05,238,500d1ccca05513792687bef7e9537534ca53291aaa48b329de586bf3504a246e,5.999999999999986,0,0.0,0,NavFnAStar,da6214e870e8e649c9c3a89cb07caed63e5c05641e03dd601c171cff56f2d82d,121,,,,,,,,,,,,,,,,,,,,,,,,,,,,,,,,,,,,,,,,,,,,c7fe2a271df1c4fc1423a8c374f1771b72868d1d9ee419225377f9402fd2010a,0,1,west_service_lane,True,3.175593099915827e-13,1.3229250583890322e-06,5.999999999999986,1,0.006653951999396668
0.0,1.3748003150428697e-12,1.0086577795220819e-08,1.189502422538882e-09,,1.0423281293431623,0.6646446708446498,0.8646446738248821,0,238,3.416482385887357e-06,savitzky_golay,0.05,238,63203fe24de63509ec396682c5ba6fb747538b5510634bc92effbbb9c3a1f7be,5.999999999999987,0,0.0,0,NavFnAStar,da6214e870e8e649c9c3a89cb07caed63e5c05641e03dd601c171cff56f2d82d,121,,,,,,,,,,,,,,,,,,,,,,,,,,,,,,,,,,,,,,,,,,,,c7fe2a271df1c4fc1423a8c374f1771b72868d1d9ee419225377f9402fd2010a,0,1,west_service_lane,True,1.3748003150428697e-12,3.416482385887357e-06,5.999999999999987,1,0.006529251999381813
0.0,7.99360069510589e-12,0.0,0.0,,1.0400141005347594,0.6646446708446498,0.814644673079824,0,240,8.940696716308851e-06,constrained,0.05,238,c7fe2a271df1c4fc1423a8c374f1771b72868d1d9ee419225377f9402fd2010a,5.999999999999987,0,0.0,0,NavFnAStar,da6214e870e8e649c9c3a89cb07caed63e5c05641e03dd601c171cff56f2d82d,121,,,,,,,,,,,,,,,,,,,,,,,,,,,,,,,,,,,,,,,,,,,,c7fe2a271df1c4fc1423a8c374f1771b72868d1d9ee419225377f9402fd2010a,0,1,west_service_lane,True,7.99360069510589e-12,8.940696716308851e-06,5.999999999999987,1,0.03037118500105862
0.003,0.0,2.2351741790771484e-08,2.2166246891349556e-08,,1.0357297515405657,0.6646446708446498,0.814644673079824,0,168,0.0,pstmo,0.05,121,35082b7d5b07485498c65a58ce4f72c134d575cc303ef09b4dfcf81016e9b75c,5.999999999999987,0,0.0,0,NavFnAStar,da6214e870e8e649c9c3a89cb07caed63e5c05641e03dd601c171cff56f2d82d,121,0,0,0,"[[-4.5, -3], [-4.5, 3]]",238,0.075,2.23517e-08,0.15,0,2,0,1,[],0,0,0,True,0,0,0,2,2,,0.00111945,0,252,0,121,0,1,0,"[[-4.5, -3], [-4.5, 3]]",condition_then_los,238,0,0,{},0.00358404,hierarchical_alpha_two_trim,0.05,,derived_preferred_compatible,0,c7fe2a271df1c4fc1423a8c374f1771b72868d1d9ee419225377f9402fd2010a,0,1,west_service_lane,True,0.0,0.0,5.999999999999987,1,0.008333144998687203
0.0,5.684338328545883e-11,3.469446951953614e-18,3.154042683594195e-19,,0.5648489561252337,0.41464466711935954,0.41464466711935954,0,273,2.384185791016065e-05,raw,0.05,238,da13d31ee2189c58df74a97f4149e836f000b350d61b4d4575119aa1bbf0e948,5.999999999999987,0,0.0,0,NavFnAStar,9d1df56cc9c8f5bf1dbfc4f320dbfa33b2e00f9150aefc98694f94e5deec520c,121,,,,,,,,,,,,,,,,,,,,,,,,,,,,,,,,,,,,,,,,,,,,da13d31ee2189c58df74a97f4149e836f000b350d61b4d4575119aa1bbf0e948,0,1,picking_aisle_a,True,5.684338328545883e-11,2.384185791016065e-05,5.999999999999987,1,0.00470226399920648
0.0,2.2581985226405147e-12,3.737677745085932e-08,5.2067467689808315e-09,,0.614962229175358,0.5146446686094757,0.5146446686094757,0,238,3.527800984670759e-06,simple,0.05,238,f6a6c73a100ea038d2cbfc679b28f26a9c2edc81ce2be4bc5a183852333f23bd,5.999999999999985,0,0.0,0,NavFnAStar,9d1df56cc9c8f5bf1dbfc4f320dbfa33b2e00f9150aefc98694f94e5deec520c,121,,,,,,,,,,,,,,,,,,,,,,,,,,,,,,,,,,,,,,,,,,,,da13d31ee2189c58df74a97f4149e836f000b350d61b4d4575119aa1bbf0e948,0,1,picking_aisle_a,True,2.2581985226405147e-12,3.527800984670759e-06,5.999999999999985,1,0.007192175000454881
0.0,9.776355201449295e-12,2.689754463602867e-08,3.1720068689350674e-09,,0.614962229175358,0.5146446686094757,0.5146446686094757,0,238,9.110619991759305e-06,savitzky_golay,0.05,238,5a57e60e832e0bf3f97c51e515a5dad90d5865bd500d2e3a39cd76d574a2dfed,5.999999999999984,0,0.0,0,NavFnAStar,9d1df56cc9c8f5bf1dbfc4f320dbfa33b2e00f9150aefc98694f94e5deec520c,121,,,,,,,,,,,,,,,,,,,,,,,,,,,,,,,,,,,,,,,,,,,,da13d31ee2189c58df74a97f4149e836f000b350d61b4d4575119aa1bbf0e948,0,1,picking_aisle_a,True,9.776355201449295e-12,9.110619991759305e-06,5.999999999999984,1,0.005861518999154214
0.0,5.684338328545883e-11,3.469446951953614e-18,3.154042683594195e-19,,0.6141262495039757,0.5146446686094757,0.5146446686094757,0,240,2.384185791016065e-05,constrained,0.05,238,da13d31ee2189c58df74a97f4149e836f000b350d61b4d4575119aa1bbf0e948,5.999999999999987,0,0.0,0,NavFnAStar,9d1df56cc9c8f5bf1dbfc4f320dbfa33b2e00f9150aefc98694f94e5deec520c,121,,,,,,,,,,,,,,,,,,,,,,,,,,,,,,,,,,,,,,,,,,,,da13d31ee2189c58df74a97f4149e836f000b350d61b4d4575119aa1bbf0e948,0,1,picking_aisle_a,True,5.684338328545883e-11,2.384185791016065e-05,5.999999999999987,1,0.006786350000766106
0.006,0.0,5.960464477539063e-08,5.910999171273303e-08,,0.6084370147255387,0.5146446686094757,0.5146446686094757,0,168,0.0,pstmo,0.05,121,a8bc75e5bc1b19b596421bea50d7ca314506dc731d25a0f548bed519502df9ed,5.999999999999987,0,0.0,0,NavFnAStar,9d1df56cc9c8f5bf1dbfc4f320dbfa33b2e00f9150aefc98694f94e5deec520c,121,0,0,0,"[[-2, -3], [-2, 3]]",238,0.075,5.96046e-08,0.15,0,2,0,1,[],0,0,0,True,0,0,0,2,2,,0.00121157,0,252,0,121,0,1,0,"[[-2, -3], [-2, 3]]",condition_then_los,238,0,0,{},0.00380755,hierarchical_alpha_two_trim,0.05,,derived_preferred_compatible,0,da13d31ee2189c58df74a97f4149e836f000b350d61b4d4575119aa1bbf0e948,0,1,picking_aisle_a,True,0.0,0.0,5.999999999999987,1,0.008799146999081131
0.0,1.278976123923973e-10,0.0,0.0,,0.5648489561252337,0.41464466711935954,0.41464466711935954,0,273,3.576278686524876e-05,raw,0.05,238,9e1d4b0401bd5cfe830bdda86bdf737c25d38e152655e3bfa59398a17a7ccda8,5.999999999999987,0,0.0,0,NavFnAStar,cf47d53e78e26d3a29e8cfa0e8cbd079cfb0157a2aad05a1bf39cc4e96f4de3b,121,,,,,,,,,,,,,,,,,,,,,,,,,,,,,,,,,,,,,,,,,,,,9e1d4b0401bd5cfe830bdda86bdf737c25d38e152655e3bfa59398a17a7ccda8,0,1,picking_aisle_b,True,1.278976123923973e-10,3.576278686524876e-05,5.999999999999987,1,0.004671785998652922
0.0,5.0809504585882135e-12,5.606516466885624e-08,7.810120276368509e-09,,0.614962229175358,0.5146446686094757,0.5146446686094757,0,238,5.291706843214117e-06,simple,0.05,238,b5e5220bd6981aef978f90b1abe13216b8c4d5c1a3ec765fdc015129385953af,5.999999999999986,0,0.0,0,NavFnAStar,cf47d53e78e26d3a29e8cfa0e8cbd079cfb0157a2aad05a1bf39cc4e96f4de3b,121,,,,,,,,,,,,,,,,,,,,,,,,,,,,,,,,,,,,,,,,,,,,9e1d4b0401bd5cfe830bdda86bdf737c25d38e152655e3bfa59398a17a7ccda8,0,1,picking_aisle_b,True,5.0809504585882135e-12,5.291706843214117e-06,5.999999999999986,1,0.007409894000375061
0.0,2.199679862704029e-11,4.034633753661949e-08,4.758010116886166e-09,,0.614962229175358,0.5146446686094757,0.5146446686094757,0,238,1.3665915559109655e-05,savitzky_golay,0.05,238,ee3df637240e3b47eba721e4a6753b7daab6d12f1fbac702e3809e4f6da5fda6,5.999999999999982,0,0.0,0,NavFnAStar,cf47d53e78e26d3a29e8cfa0e8cbd079cfb0157a2aad05a1bf39cc4e96f4de3b,121,,,,,,,,,,,,,,,,,,,,,,,,,,,,,,,,,,,,,,,,,,,,9e1d4b0401bd5cfe830bdda86bdf737c25d38e152655e3bfa59398a17a7ccda8,0,1,picking_aisle_b,True,2.199679862704029e-11,1.3665915559109655e-05,5.999999999999982,1,0.007118101000742172
0.003,1.5985951286597195e-10,4.469898570546134e-08,4.063544155050656e-09,,0.6141262495039757,0.5146446686094757,0.5146446686094757,0,240,3.57628609320257e-05,constrained,0.05,238,9048fe48c95833d04eeff108a3b09db5e51530701abe21c03bdd5b7946e27c07,5.999999999999948,0,0.0,0,NavFnAStar,cf47d53e78e26d3a29e8cfa0e8cbd079cfb0157a2aad05a1bf39cc4e96f4de3b,121,,,,,,,,,,,,,,,,,,,,,,,,,,,,,,,,,,,,,,,,,,,,9e1d4b0401bd5cfe830bdda86bdf737c25d38e152655e3bfa59398a17a7ccda8,0,1,picking_aisle_b,True,1.5985951286597195e-10,3.57628609320257e-05,5.999999999999948,1,0.008002828000826412
0.003,0.0,8.940696716308594e-08,8.86649875690981e-08,,0.6084370147255387,0.5146446686094757,0.5146446686094757,0,168,0.0,pstmo,0.05,121,a2015fe67e644625dbdaadecb510c4eeb98e218f9de7188ae9b0589bf04658f5,5.999999999999987,0,0.0,0,NavFnAStar,cf47d53e78e26d3a29e8cfa0e8cbd079cfb0157a2aad05a1bf39cc4e96f4de3b,121,0,0,0,"[[0, 3], [0, -3]]",238,0.075,8.9407e-08,0.15,0,2,0,1,[],0,0,0,True,0,0,0,2,2,,0.000824241,0,252,0,121,0,1,0,"[[0, 3], [0, -3]]",condition_then_los,238,0,0,{},0.00313856,hierarchical_alpha_two_trim,0.05,,derived_preferred_compatible,0,9e1d4b0401bd5cfe830bdda86bdf737c25d38e152655e3bfa59398a17a7ccda8,0,1,picking_aisle_b,True,0.0,0.0,5.999999999999987,1,0.00788269999975455
0.003,2.2737353314207766e-10,3.469446951953614e-18,3.154042683594195e-19,,0.5648489561252337,0.41464466711935954,0.41464466711935954,0,273,4.768371582034672e-05,raw,0.05,238,7e70818c1153016d497fecb0ae8280633eade58a790eb96beb9c0ae135ae67ee,5.999999999999987,0,0.0,0,NavFnAStar,e0ad290bf0e3dcd6ce2e2953185492cf551b2148c407f2c619d9c49124973b2d,121,,,,,,,,,,,,,,,,,,,,,,,,,,,,,,,,,,,,,,,,,,,,7e70818c1153016d497fecb0ae8280633eade58a790eb96beb9c0ae135ae67ee,0,1,picking_aisle_c,True,2.2737353314207766e-10,4.768371582034672e-05,5.999999999999987,1,0.006746273998942343
0.0,9.03279409056463e-12,7.475355490171864e-08,1.0413493537969382e-08,,0.614962229175358,0.5146446686094757,0.5146446686094757,0,238,7.055601969342684e-06,simple,0.05,238,0e65d95b5158bbbcb5f471e6b5b83b17733b318ef015a17461efd8313850df81,5.999999999999983,0,0.0,0,NavFnAStar,e0ad290bf0e3dcd6ce2e2953185492cf551b2148c407f2c619d9c49124973b2d,121,,,,,,,,,,,,,,,,,,,,,,,,,,,,,,,,,,,,,,,,,,,,7e70818c1153016d497fecb0ae8280633eade58a790eb96beb9c0ae135ae67ee,0,1,picking_aisle_c,True,9.03279409056463e-12,7.055601969342684e-06,5.999999999999983,1,0.00707145100022899
0.0,3.9105420183552884e-11,5.379509060432497e-08,6.344013862339897e-09,,0.614962229175358,0.5146446686094757,0.5146446686094757,0,238,1.822123998352081e-05,savitzky_golay,0.05,238,a1d1d4cd46affd2bf7c664f5e2ae76120dc4f05b398f5de58b42b7a3c6a6aeb3,5.999999999999979,0,0.0,0,NavFnAStar,e0ad290bf0e3dcd6ce2e2953185492cf551b2148c407f2c619d9c49124973b2d,121,,,,,,,,,,,,,,,,,,,,,,,,,,,,,,,,,,,,,,,,,,,,7e70818c1153016d497fecb0ae8280633eade58a790eb96beb9c0ae135ae67ee,0,1,picking_aisle_c,True,3.9105420183552884e-11,1.822123998352081e-05,5.999999999999979,1,0.007152736998250475
0.003,2.84193718019131e-10,5.959856341775094e-08,5.418051219807456e-09,,0.6141262495039757,0.5146446686094757,0.5146446686094757,0,240,4.768367816159846e-05,constrained,0.05,238,212da555cbf7d563f90b84696060fa94f13611a2b4de43a55fc4dd3280392168,5.9999999999999165,0,0.0,0,NavFnAStar,e0ad290bf0e3dcd6ce2e2953185492cf551b2148c407f2c619d9c49124973b2d,121,,,,,,,,,,,,,,,,,,,,,,,,,,,,,,,,,,,,,,,,,,,,7e70818c1153016d497fecb0ae8280633eade58a790eb96beb9c0ae135ae67ee,0,1,picking_aisle_c,True,2.84193718019131e-10,4.768367816159846e-05,5.9999999999999165,1,0.007933820999824093
0.003,0.0,1.1920928955078125e-07,1.1821998342546818e-07,,0.6084370147255387,0.5146446686094757,0.5146446686094757,0,168,0.0,pstmo,0.05,121,6dd3b9a8ef2248cf6a49340acb7ab58946a37cd987925b6f8d9c9152c37978f0,5.999999999999987,0,0.0,0,NavFnAStar,e0ad290bf0e3dcd6ce2e2953185492cf551b2148c407f2c619d9c49124973b2d,121,0,0,0,"[[2, -3], [2, 3]]",238,0.075,1.19209e-07,0.15,0,2,0,1,[],0,0,0,True,0,0,0,2,2,,0.00130542,0,252,0,121,0,1,0,"[[2, -3], [2, 3]]",condition_then_los,238,0,0,{},0.00380795,hierarchical_alpha_two_trim,0.05,,derived_preferred_compatible,0,7e70818c1153016d497fecb0ae8280633eade58a790eb96beb9c0ae135ae67ee,0,1,picking_aisle_c,True,0.0,0.0,5.999999999999987,1,0.008761119999689981
0.0,3.916864385080471e-10,0.0,0.0,,0.9615430836502865,0.6146446700995918,0.6646446708446498,0,273,6.258487701423671e-05,raw,0.05,238,3a074d8d9b388689e5e72095d0cb85b777561eb46873977d43ad9a98ebf7033a,5.999999999999987,0,0.0,0,NavFnAStar,976d8a1e2b26461750f281c65be85b5bfb19ab0bf791f8d007d04a4305784e2f,121,,,,,,,,,,,,,,,,,,,,,,,,,,,,,,,,,,,,,,,,,,,,3a074d8d9b388689e5e72095d0cb85b777561eb46873977d43ad9a98ebf7033a,0,1,east_service_lane,True,3.916864385080471e-10,6.258487701423671e-05,5.999999999999987,1,0.0053146879999985686
0.0,1.5560411398605164e-11,9.811403689544944e-08,1.3667710154375198e-08,,1.0419079612696744,0.6646446708446498,0.8571446737131234,0,238,9.260487132681513e-06,simple,0.05,238,31c7ad3743956ae9ad2f490db519e40e818b376c15a8c36a0ac41363af0558ea,5.999999999999984,0,0.0,0,NavFnAStar,976d8a1e2b26461750f281c65be85b5bfb19ab0bf791f8d007d04a4305784e2f,121,,,,,,,,,,,,,,,,,,,,,,,,,,,,,,,,,,,,,,,,,,,,3a074d8d9b388689e5e72095d0cb85b777561eb46873977d43ad9a98ebf7033a,0,1,east_service_lane,True,1.5560411398605164e-11,9.260487132681513e-06,5.999999999999984,1,0.0069226260002324125
0.0,6.736519276247857e-11,7.060609252852675e-08,8.32651785180406e-09,,1.0423281293431623,0.6646446708446498,0.8646446738248821,0,238,2.391535183222157e-05,savitzky_golay,0.05,238,1b42de628d6f76856f0b0c02a523562ccfbea454b143072eff8dc255f2d523e8,5.999999999999977,0,0.0,0,NavFnAStar,976d8a1e2b26461750f281c65be85b5bfb19ab0bf791f8d007d04a4305784e2f,121,,,,,,,,,,,,,,,,,,,,,,,,,,,,,,,,,,,,,,,,,,,,3a074d8d9b388689e5e72095d0cb85b777561eb46873977d43ad9a98ebf7033a,0,1,east_service_lane,True,6.736519276247857e-11,2.391535183222157e-05,5.999999999999977,1,0.006489548000899958
0.018000000000000002,4.889734631486572e-10,7.613081365320795e-08,6.92827187321106e-09,,1.0400141005347594,0.6646446708446498,0.814644673079824,0,240,6.205295619571616e-05,constrained,0.05,238,b17936a155f35dc5238e8806c88de4924b0e2f0f4c38466d50ff794e1dbf4ab9,5.999999999999881,0,0.0,0,NavFnAStar,976d8a1e2b26461750f281c65be85b5bfb19ab0bf791f8d007d04a4305784e2f,121,,,,,,,,,,,,,,,,,,,,,,,,,,,,,,,,,,,,,,,,,,,,3a074d8d9b388689e5e72095d0cb85b777561eb46873977d43ad9a98ebf7033a,0,1,east_service_lane,True,4.889734631486572e-10,6.205295619571616e-05,5.999999999999881,1,0.02659376399969915
0.003,0.0,1.564621925354004e-07,1.5516372824685488e-07,,1.0357297515405657,0.6646446708446498,0.814644673079824,0,168,0.0,pstmo,0.05,121,a5ddd876b9316c46a274bc12b599dfb899cd796194b185f718877a97178a89c8,5.999999999999987,0,0.0,0,NavFnAStar,976d8a1e2b26461750f281c65be85b5bfb19ab0bf791f8d007d04a4305784e2f,121,0,0,0,"[[4.5, 3], [4.5, -3]]",238,0.075,1.56462e-07,0.15,0,2,0,1,[],0,0,0,True,0,0,0,2,2,,0.000831347,0,252,0,121,0,1,0,"[[4.5, 3], [4.5, -3]]",condition_then_los,238,0,0,{},0.00289054,hierarchical_alpha_two_trim,0.05,,derived_preferred_compatible,0,3a074d8d9b388689e5e72095d0cb85b777561eb46873977d43ad9a98ebf7033a,0,1,east_service_lane,True,0.0,0.0,5.999999999999987,1,0.008105474000331014
0.0,84.24691990058868,2.220446049250313e-16,3.4349331780431376e-17,,0.45833614915043486,0.16464466339406925,0.2146446641391273,0,343,28.879270465756857,raw,0.05,311,05afec10d3c2ff3c78196a7bbc648e441c0f6c4b10ab67aea805f3e435f73f22,7.875649677732762,0,0.0,0,NavFnAStar,c96d8379f3aeb1cf177584548c1c7e769f7df30a4958e3049851991ece954c67,160,,,,,,,,,,,,,,,,,,,,,,,,,,,,,,,,,,,,,,,,,,,,05afec10d3c2ff3c78196a7bbc648e441c0f6c4b10ab67aea805f3e435f73f22,0,1,cross_aisle_transfer,True,84.24691990058868,28.879270465756857,7.875649677732762,1,0.0058579469987307675
0.003,23.403655217686335,0.02071497650342076,0.004194961740630447,,0.4486982647164037,0.16464466339406925,0.2146446641391273,0,336,15.156871195182468,simple,0.05,311,5e06220c8fce9e263a03d5ce5d6ed09d355bd7bcce5f048884a22584edd307be,7.820883801373256,0,0.0,0,NavFnAStar,c96d8379f3aeb1cf177584548c1c7e769f7df30a4958e3049851991ece954c67,158,,,,,,,,,,,,,,,,,,,,,,,,,,,,,,,,,,,,,,,,,,,,05afec10d3c2ff3c78196a7bbc648e441c0f6c4b10ab67aea805f3e435f73f22,0,1,cross_aisle_transfer,True,23.403655217686335,15.156871195182468,7.820883801373256,1,0.011409835999074858
0.0,43.01661566613242,0.008353543830258168,0.0012981887829595646,,0.4340664132719837,0.11464466264901119,0.16464466339406925,0,400,15.302569106625233,savitzky_golay,0.05,311,7b89ac287460b6c0addd02e0848a1ab94476db9b488016e324239a29bc3e1b86,7.8567928779675595,0,0.0,0,NavFnAStar,c96d8379f3aeb1cf177584548c1c7e769f7df30a4958e3049851991ece954c67,159,,,,,,,,,,,,,,,,,,,,,,,,,,,,,,,,,,,,,,,,,,,,05afec10d3c2ff3c78196a7bbc648e441c0f6c4b10ab67aea805f3e435f73f22,0,1,cross_aisle_transfer,True,43.01661566613242,15.302569106625233,7.8567928779675595,1,0.00825311500011594
0.024,36.621012554742954,0.02030343054377215,0.0038149553050294163,,0.44515192197126374,0.16464466339406925,0.21860544474185892,0,357,9.862699684413226,constrained,0.05,311,b282403e44244cdb8b39ad7523f6564fa58d7d13ab6c8d4d6e8fc04c27edf1c5,7.86643033411428,0,0.0,0,NavFnAStar,c96d8379f3aeb1cf177584548c1c7e769f7df30a4958e3049851991ece954c67,159,,,,,,,,,,,,,,,,,,,,,,,,,,,,,,,,,,,,,,,,,,,,05afec10d3c2ff3c78196a7bbc648e441c0f6c4b10ab67aea805f3e435f73f22,0,1,cross_aisle_transfer,True,36.621012554742954,9.862699684413226,7.86643033411428,1,0.03519825100011076
0.030000000000000002,0.986203273481733,0.3780608297304148,0.17981221776245712,,0.29660059113568393,0.035355339586162986,0.035355339586162986,0,415,0.6881074197895112,pstmo,0.05,409,cd9263161d78c166037b1dedcb99d10a3d841c3bbe1b584e9f8a62396ef0be29,7.350523840448308,0,0.0,0,NavFnAStar,c96d8379f3aeb1cf177584548c1c7e769f7df30a4958e3049851991ece954c67,149,10,4,2,"[[-2, -2.8], [-1.85393, -1.38584], [-1.68326, -0.924634], [0.184787, 0.720139], [1.13371, 0.712726], [1.53959, 0.87833], [1.76039, 1.27729], [2, 2.8]]",311,0.075,0.0720739,0.15,0,8,0,7,"[{'index': 0, 'x': -1.68326, 'y': -0.924634, 'turn_angle': -0.834581, 'incoming_length': 1.90193, 'outgoing_length': 4.08744, 'pivot_safe': True, 'pass_through': False, 'equivalent_radius_min': 1.80454, 'equivalent_radius_max': 1.80454, 'trim_min': 0.8, 'trim_max': 0.8, 'trim_evaluations': 1, 'preferred_trim': 0.8, 'compatible_trim': 0.8, 'coarse_evaluations': 5, 'recovery_evaluations': 0, 'refinement_evaluations': 8, 'evaluations': 13, 'safe_feasible': 13, 'states': 2, 'selected_radius': 1.80454, 'selected_trim': 0.8, 'selected_control_distance': 0.256, 'selected_control_fraction': 0.32, 'selected_curvature_energy': 0.488191, 'selected_score': 0.420832}, {'index': 1, 'x': 1.76039, 'y': 1.27729, 'turn_angle': 0.845816, 'incoming_length': 4.08744, 'outgoing_length': 1.54144, 'pivot_safe': True, 'pass_through': False, 'equivalent_radius_min': 1.77752, 'equivalent_radius_max': 1.77752, 'trim_min': 0.8, 'trim_max': 0.8, 'trim_evaluations': 1, 'preferred_trim': 0.8, 'compatible_trim': 0.8, 'coarse_evaluations': 5, 'recovery_evaluations': 0, 'refinement_evaluations': 8, 'evaluations': 13, 'safe_feasible': 10, 'states': 2, 'selected_radius': 1.77752, 'selected_trim': 0.8, 'selected_control_distance': 0.256, 'selected_control_fraction': 0.32, 'selected_curvature_energy': 0.502295, 'selected_score': 0.426511}]",2,4,26,True,2,2,8,8,4,,0.00241418,6,252,0.423672,409,0,1,0,"[[-2, -2.8], [-1.68326, -0.924634], [1.76039, 1.27729], [2, 2.8]]",condition_then_los,311,0,16,{'shape_swept_footprint': 3},0.0302488,hierarchical_alpha_two_trim,0.05,,derived_preferred_compatible,2,05afec10d3c2ff3c78196a7bbc648e441c0f6c4b10ab67aea805f3e435f73f22,0,1,cross_aisle_transfer,True,0.986203273481733,0.6881074197895112,7.350523840448308,1,0.04278909699860378
0.003,5.684338328531508e-11,2.183756817139993e-22,1.540303297071021e-23,,1.1282437246660393,0.6646446708446498,0.9146446745699401,0,400,2.384185791012931e-05,raw,0.05,398,7fa8a097d989150308cbb8c2a465dbf52ae5f4afeef6943f889c63920ee5190c,10.000000000000007,0,0.0,0,NavFnDijkstra,37de1436b1bd5f948dc22686567b78a7cda9a45e34442873a2d54bd8fac479ff,201,,,,,,,,,,,,,,,,,,,,,,,,,,,,,,,,,,,,,,,,,,,,7fa8a097d989150308cbb8c2a465dbf52ae5f4afeef6943f889c63920ee5190c,0,1,central_cross_west_east,True,5.684338328531508e-11,2.384185791012931e-05,10.000000000000007,1,0.010428599998704158
0.0,2.2581995324334726e-12,3.7376768850774097e-08,4.039810865207589e-09,,1.1298195992971258,0.6646446708446498,0.9646446753149982,0,398,3.527800924375331e-06,simple,0.05,398,5b8ca37b114f390f9c5c67ebb7e68581c1c90befda338e98833336c65e8ec240,10.000000000000007,0,0.0,0,NavFnDijkstra,37de1436b1bd5f948dc22686567b78a7cda9a45e34442873a2d54bd8fac479ff,201,,,,,,,,,,,,,,,,,,,,,,,,,,,,,,,,,,,,,,,,,,,,7fa8a097d989150308cbb8c2a465dbf52ae5f4afeef6943f889c63920ee5190c,0,1,central_cross_west_east,True,2.2581995324334726e-12,3.527800924375331e-06,10.000000000000007,1,0.0109254549988691
0.0,9.776360499254838e-12,2.689752875609651e-08,2.461096231184838e-09,,1.1300708555822767,0.6646446708446498,0.9646446753149982,0,398,9.110619918175747e-06,savitzky_golay,0.05,398,6a4998fcd544ab412823672b38eb27e92db236ae5fd1c0ea5af0371add582199,10.000000000000005,0,0.0,0,NavFnDijkstra,37de1436b1bd5f948dc22686567b78a7cda9a45e34442873a2d54bd8fac479ff,201,,,,,,,,,,,,,,,,,,,,,,,,,,,,,,,,,,,,,,,,,,,,7fa8a097d989150308cbb8c2a465dbf52ae5f4afeef6943f889c63920ee5190c,0,1,central_cross_west_east,True,9.776360499254838e-12,9.110619918175747e-06,10.000000000000005,1,0.01012454600095225
0.0,5.684338328531508e-11,2.183756817139993e-22,1.540303297071021e-23,,1.1282437246660393,0.6646446708446498,0.9146446745699401,0,400,2.384185791012931e-05,constrained,0.05,398,7fa8a097d989150308cbb8c2a465dbf52ae5f4afeef6943f889c63920ee5190c,10.000000000000007,0,0.0,0,NavFnDijkstra,37de1436b1bd5f948dc22686567b78a7cda9a45e34442873a2d54bd8fac479ff,201,,,,,,,,,,,,,,,,,,,,,,,,,,,,,,,,,,,,,,,,,,,,7fa8a097d989150308cbb8c2a465dbf52ae5f4afeef6943f889c63920ee5190c,0,1,central_cross_west_east,True,5.684338328531508e-11,2.384185791012931e-05,10.000000000000007,1,0.010875284000576357
0.006,0.0,5.960464477539063e-08,5.930736280492328e-08,,1.125572396351809,0.6646446708446498,0.9146446745699401,0,278,0.0,pstmo,0.05,201,706b704736f170d546f9a9d8fb9c47f6ae21740ce6296086740e4f4c25c02c08,10.000000000000007,0,0.0,0,NavFnDijkstra,37de1436b1bd5f948dc22686567b78a7cda9a45e34442873a2d54bd8fac479ff,201,0,0,0,"[[-5, 0], [5, 0]]",398,0.075,5.96046e-08,0.15,0,2,0,1,[],0,0,0,True,0,0,0,2,2,,0.00240935,0,252,0,201,0,1,0,"[[-5, 0], [5, 0]]",condition_then_los,398,0,0,{},0.00726276,hierarchical_alpha_two_trim,0.05,,derived_preferred_compatible,0,7fa8a097d989150308cbb8c2a465dbf52ae5f4afeef6943f889c63920ee5190c,0,1,central_cross_west_east,True,0.0,0.0,10.000000000000007,1,0.02225728699886531
0.0,5.6843383285462087e-11,0.0,0.0,,1.0599317103495767,0.6146446700995918,0.6646446708446498,0,469,2.384185791016065e-05,raw,0.05,398,4cf2861a651941e0f0b1f82e0e1cef426c204890f3f1341f51e52d6457f7ba5f,10.000000000000007,0,0.0,0,NavFnDijkstra,93e6f61b9142b0efdebdbc06deb3bdac7bd7af19669590b1a05aca3b18127557,201,,,,,,,,,,,,,,,,,,,,,,,,,,,,,,,,,,,,,,,,,,,,4cf2861a651941e0f0b1f82e0e1cef426c204890f3f1341f51e52d6457f7ba5f,0,1,central_cross_east_west,True,5.6843383285462087e-11,2.384185791016065e-05,10.000000000000007,1,0.008216153000830673
0.0,2.258202100014452e-12,3.737677644590918e-08,4.039810923033399e-09,,1.0592806142578548,0.6146446700995918,0.6646446708446498,0,468,3.52780638102578e-06,simple,0.05,398,53acabf248db00d2666f220be7e1c99be67b6d720e3dc4c3d31782fecbcdfbe4,10.0,0,0.0,0,NavFnDijkstra,93e6f61b9142b0efdebdbc06deb3bdac7bd7af19669590b1a05aca3b18127557,201,,,,,,,,,,,,,,,,,,,,,,,,,,,,,,,,,,,,,,,,,,,,4cf2861a651941e0f0b1f82e0e1cef426c204890f3f1341f51e52d6457f7ba5f,0,1,central_cross_east_west,True,2.258202100014452e-12,3.52780638102578e-06,10.0,1,0.010504387000764837
0.0,9.776360415773606e-12,2.6897558357733875e-08,2.461096162555158e-09,,1.0596011270831436,0.6146446700995918,0.6646446708446498,0,468,9.11060560000055e-06,savitzky_golay,0.05,398,5bb285594cd1ea305613a5fa951db4e60795e0110db43e99e283ea37ba4c45e8,10.000000000000002,0,0.0,0,NavFnDijkstra,93e6f61b9142b0efdebdbc06deb3bdac7bd7af19669590b1a05aca3b18127557,201,,,,,,,,,,,,,,,,,,,,,,,,,,,,,,,,,,,,,,,,,,,,4cf2861a651941e0f0b1f82e0e1cef426c204890f3f1341f51e52d6457f7ba5f,0,1,central_cross_east_west,True,9.776360415773606e-12,9.11060560000055e-06,10.000000000000002,1,0.010201834000326926
0.0,5.6843383285462087e-11,0.0,0.0,,1.1282437246660393,0.6646446708446498,0.9146446745699401,0,400,2.384185791016065e-05,constrained,0.05,398,4cf2861a651941e0f0b1f82e0e1cef426c204890f3f1341f51e52d6457f7ba5f,10.000000000000007,0,0.0,0,NavFnDijkstra,93e6f61b9142b0efdebdbc06deb3bdac7bd7af19669590b1a05aca3b18127557,201,,,,,,,,,,,,,,,,,,,,,,,,,,,,,,,,,,,,,,,,,,,,4cf2861a651941e0f0b1f82e0e1cef426c204890f3f1341f51e52d6457f7ba5f,0,1,central_cross_east_west,True,5.6843383285462087e-11,2.384185791016065e-05,10.000000000000007,1,0.011519812000187812
0.006,0.0,5.960464477539063e-08,5.930736280492324e-08,,1.125572396351809,0.6646446708446498,0.9146446745699401,0,278,0.0,pstmo,0.05,201,479cf1be68e61c0d5dce860d455a1ea8b77d8b6babb0bf590dd0854ee63b33aa,10.000000000000007,0,0.0,0,NavFnDijkstra,93e6f61b9142b0efdebdbc06deb3bdac7bd7af19669590b1a05aca3b18127557,201,0,0,0,"[[5, 0], [-5, 0]]",398,0.075,5.96046e-08,0.15,0,2,0,1,[],0,0,0,True,0,0,0,2,2,,0.00170743,0,252,0,201,0,1,0,"[[5, 0], [-5, 0]]",condition_then_los,398,0,0,{},0.00517015,hierarchical_alpha_two_trim,0.05,,derived_preferred_compatible,0,4cf2861a651941e0f0b1f82e0e1cef426c204890f3f1341f51e52d6457f7ba5f,0,1,central_cross_east_west,True,0.0,0.0,10.000000000000007,1,0.011597064998568385
0.0,7.99360069510589e-12,0.0,0.0,,0.9615430836502865,0.6146446700995918,0.6646446708446498,0,273,8.940696716308851e-06,raw,0.05,239,d3d8983c2d34a3499393bb7909bad3e2fe3f1f90202434e70f11e3aab1074e3a,5.999999999999987,0,0.0,0,NavFnDijkstra,0afd27a23fc46d28976f26d346c6a591f804770b1d6d3f0c33914a74e6ccb733,121,,,,,,,,,,,,,,,,,,,,,,,,,,,,,,,,,,,,,,,,,,,,d3d8983c2d34a3499393bb7909bad3e2fe3f1f90202434e70f11e3aab1074e3a,0,1,west_service_lane,True,7.99360069510589e-12,8.940696716308851e-06,5.999999999999987,1,0.005327999999281019
0.0,3.92237212192128e-13,1.2642138003117406e-08,1.8061406349109352e-09,,1.04095706885047,0.6646446708446498,0.8596446737503763,0,239,1.322926479474534e-06,simple,0.05,239,754a698ab63f7057ed8df4886c5f037b9b8d535dc9760597bfd358857deca9ad,5.999999999999986,0,0.0,0,NavFnDijkstra,0afd27a23fc46d28976f26d346c6a591f804770b1d6d3f0c33914a74e6ccb733,121,,,,,,,,,,,,,,,,,,,,,,,,,,,,,,,,,,,,,,,,,,,,d3d8983c2d34a3499393bb7909bad3e2fe3f1f90202434e70f11e3aab1074e3a,0,1,west_service_lane,True,3.92237212192128e-13,1.322926479474534e-06,5.999999999999986,1,0.007730277000518981
0.0,1.7468076139693861e-12,7.889073394552161e-09,1.02634276513464e-09,,1.04095706885047,0.6646446708446498,0.8596446737503763,0,239,3.416482385887357e-06,savitzky_golay,0.05,239,7db8211b8acae1d3cc5e2678566f8dd8c5f8484bea14642299910fadd7ff6d3f,5.999999999999985,0,0.0,0,NavFnDijkstra,0afd27a23fc46d28976f26d346c6a591f804770b1d6d3f0c33914a74e6ccb733,121,,,,,,,,,,,,,,,,,,,,,,,,,,,,,,,,,,,,,,,,,,,,d3d8983c2d34a3499393bb7909bad3e2fe3f1f90202434e70f11e3aab1074e3a,0,1,west_service_lane,True,1.7468076139693861e-12,3.416482385887357e-06,5.999999999999985,1,0.009293952000007266
0.0,7.99360069510589e-12,0.0,0.0,,1.0400141005347594,0.6646446708446498,0.814644673079824,0,240,8.940696716308851e-06,constrained,0.05,239,d3d8983c2d34a3499393bb7909bad3e2fe3f1f90202434e70f11e3aab1074e3a,5.999999999999987,0,0.0,0,NavFnDijkstra,0afd27a23fc46d28976f26d346c6a591f804770b1d6d3f0c33914a74e6ccb733,121,,,,,,,,,,,,,,,,,,,,,,,,,,,,,,,,,,,,,,,,,,,,d3d8983c2d34a3499393bb7909bad3e2fe3f1f90202434e70f11e3aab1074e3a,0,1,west_service_lane,True,7.99360069510589e-12,8.940696716308851e-06,5.999999999999987,1,0.007451845998730278
0.003,0.0,2.2351741790771484e-08,2.2166246891349556e-08,,1.0357297515405657,0.6646446708446498,0.814644673079824,0,168,0.0,pstmo,0.05,121,35082b7d5b07485498c65a58ce4f72c134d575cc303ef09b4dfcf81016e9b75c,5.999999999999987,0,0.0,0,NavFnDijkstra,0afd27a23fc46d28976f26d346c6a591f804770b1d6d3f0c33914a74e6ccb733,121,0,0,0,"[[-4.5, -3], [-4.5, 3]]",239,0.075,2.23517e-08,0.15,0,2,0,1,[],0,0,0,True,0,0,0,2,2,,0.00114205,0,252,0,121,0,1,0,"[[-4.5, -3], [-4.5, 3]]",condition_then_los,239,0,0,{},0.00359001,hierarchical_alpha_two_trim,0.05,,derived_preferred_compatible,0,d3d8983c2d34a3499393bb7909bad3e2fe3f1f90202434e70f11e3aab1074e3a,0,1,west_service_lane,True,0.0,0.0,5.999999999999987,1,0.009632745999624603
0.0,5.684338328545883e-11,3.469446951953614e-18,3.154042683594195e-19,,0.5648489561252337,0.41464466711935954,0.41464466711935954,0,273,2.384185791016065e-05,raw,0.05,239,04b309257f8bb1623676e73bb610c272252fe7ab7330794cc99d37d92848f4b2,5.999999999999987,0,0.0,0,NavFnDijkstra,f6590e20a5e287e85209c5d27d9351541b6066f3b3fcfb352c32ea57cf0774cd,121,,,,,,,,,,,,,,,,,,,,,,,,,,,,,,,,,,,,,,,,,,,,04b309257f8bb1623676e73bb610c272252fe7ab7330794cc99d37d92848f4b2,0,1,picking_aisle_a,True,5.684338328545883e-11,2.384185791016065e-05,5.999999999999987,1,0.005411400999946636
0.0,2.7892413665692507e-12,3.371237311535917e-08,4.816376011491808e-09,,0.6145424904282204,0.5146446686094757,0.5146446686094757,0,239,3.5278046262024603e-06,simple,0.05,239,b77f73e174b1475bf069a9d6fe406dfeadb38e13ebc308459b9638c210f0fd3e,5.999999999999985,0,0.0,0,NavFnDijkstra,f6590e20a5e287e85209c5d27d9351541b6066f3b3fcfb352c32ea57cf0774cd,121,,,,,,,,,,,,,,,,,,,,,,,,,,,,,,,,,,,,,,,,,,,,04b309257f8bb1623676e73bb610c272252fe7ab7330794cc99d37d92848f4b2,0,1,picking_aisle_a,True,2.7892413665692507e-12,3.5278046262024603e-06,5.999999999999985,1,0.00824463099888817
0.0,1.2421740798459797e-11,2.1037531938731525e-08,2.736914380757256e-09,,0.6145424904282204,0.5146446686094757,0.5146446686094757,0,239,9.110619991759305e-06,savitzky_golay,0.05,239,b80aac59b4707e1ded29f327249d4b4e38b2ed2da894b6d77d31c4b0b26bf7dc,5.999999999999983,0,0.0,0,NavFnDijkstra,f6590e20a5e287e85209c5d27d9351541b6066f3b3fcfb352c32ea57cf0774cd,121,,,,,,,,,,,,,,,,,,,,,,,,,,,,,,,,,,,,,,,,,,,,04b309257f8bb1623676e73bb610c272252fe7ab7330794cc99d37d92848f4b2,0,1,picking_aisle_a,True,1.2421740798459797e-11,9.110619991759305e-06,5.999999999999983,1,0.007834833000742947
0.0,5.684338328545883e-11,3.469446951953614e-18,3.154042683594195e-19,,0.6141262495039757,0.5146446686094757,0.5146446686094757,0,240,2.384185791016065e-05,constrained,0.05,239,04b309257f8bb1623676e73bb610c272252fe7ab7330794cc99d37d92848f4b2,5.999999999999987,0,0.0,0,NavFnDijkstra,f6590e20a5e287e85209c5d27d9351541b6066f3b3fcfb352c32ea57cf0774cd,121,,,,,,,,,,,,,,,,,,,,,,,,,,,,,,,,,,,,,,,,,,,,04b309257f8bb1623676e73bb610c272252fe7ab7330794cc99d37d92848f4b2,0,1,picking_aisle_a,True,5.684338328545883e-11,2.384185791016065e-05,5.999999999999987,1,0.0071023529999365564
0.003,0.0,5.960464477539063e-08,5.910999171273303e-08,,0.6084370147255387,0.5146446686094757,0.5146446686094757,0,168,0.0,pstmo,0.05,121,a8bc75e5bc1b19b596421bea50d7ca314506dc731d25a0f548bed519502df9ed,5.999999999999987,0,0.0,0,NavFnDijkstra,f6590e20a5e287e85209c5d27d9351541b6066f3b3fcfb352c32ea57cf0774cd,121,0,0,0,"[[-2, -3], [-2, 3]]",239,0.075,5.96046e-08,0.15,0,2,0,1,[],0,0,0,True,0,0,0,2,2,,0.00118888,0,252,0,121,0,1,0,"[[-2, -3], [-2, 3]]",condition_then_los,239,0,0,{},0.00360054,hierarchical_alpha_two_trim,0.05,,derived_preferred_compatible,0,04b309257f8bb1623676e73bb610c272252fe7ab7330794cc99d37d92848f4b2,0,1,picking_aisle_a,True,0.0,0.0,5.999999999999987,1,0.010263135000059265
0.0,1.278976123923973e-10,0.0,0.0,,0.5648489561252337,0.41464466711935954,0.41464466711935954,0,273,3.576278686524876e-05,raw,0.05,239,3a5e692e7a7591de2db19d05c59ba5e53b69bd5ca4a8d327bb15e1ba5251280d,5.999999999999987,0,0.0,0,NavFnDijkstra,0a7a1e40c42a8fb20fb35c8bff12ce07727c5b7b7a145ba014118795516035d7,121,,,,,,,,,,,,,,,,,,,,,,,,,,,,,,,,,,,,,,,,,,,,3a5e692e7a7591de2db19d05c59ba5e53b69bd5ca4a8d327bb15e1ba5251280d,0,1,picking_aisle_b,True,1.278976123923973e-10,3.576278686524876e-05,5.999999999999987,1,0.005114708999826689
0.003,6.275792975903369e-12,5.056855996561396e-08,7.224564123221043e-09,,0.6145424904282204,0.5146446686094757,0.5146446686094757,0,239,5.291706844125508e-06,simple,0.05,239,8479d856c5192ab233ce7013827cb412ad996582c4b9ca8aeb639c5e0187f799,5.999999999999983,0,0.0,0,NavFnDijkstra,0a7a1e40c42a8fb20fb35c8bff12ce07727c5b7b7a145ba014118795516035d7,121,,,,,,,,,,,,,,,,,,,,,,,,,,,,,,,,,,,,,,,,,,,,3a5e692e7a7591de2db19d05c59ba5e53b69bd5ca4a8d327bb15e1ba5251280d,0,1,picking_aisle_b,True,6.275792975903369e-12,5.291706844125508e-06,5.999999999999983,1,0.008979153999462142
0.0,2.7948916648032655e-11,3.1556298413577485e-08,4.105371632879521e-09,,0.6145424904282204,0.5146446686094757,0.5146446686094757,0,239,1.3665929877240968e-05,savitzky_golay,0.05,239,8479dfded7892e81314a820ce16fbe3baf69b8336158240894917b1bc25284a9,5.999999999999982,0,0.0,0,NavFnDijkstra,0a7a1e40c42a8fb20fb35c8bff12ce07727c5b7b7a145ba014118795516035d7,121,,,,,,,,,,,,,,,,,,,,,,,,,,,,,,,,,,,,,,,,,,,,3a5e692e7a7591de2db19d05c59ba5e53b69bd5ca4a8d327bb15e1ba5251280d,0,1,picking_aisle_b,True,2.7948916648032655e-11,1.3665929877240968e-05,5.999999999999982,1,0.007057777000227361
0.003,1.2789785631449613e-10,9.258346222407506e-14,8.521445397489073e-15,,0.6141262495039757,0.5146446686094757,0.5146446686094757,0,240,3.57628609320257e-05,constrained,0.05,239,40b3457ae30a6bc3177f6c126dbc8695512a1618a62f816e75c597c008a9adba,5.999999999999947,0,0.0,0,NavFnDijkstra,0a7a1e40c42a8fb20fb35c8bff12ce07727c5b7b7a145ba014118795516035d7,121,,,,,,,,,,,,,,,,,,,,,,,,,,,,,,,,,,,,,,,,,,,,3a5e692e7a7591de2db19d05c59ba5e53b69bd5ca4a8d327bb15e1ba5251280d,0,1,picking_aisle_b,True,1.2789785631449613e-10,3.57628609320257e-05,5.999999999999947,1,0.00725468800010276
0.006,0.0,8.940696716308594e-08,8.86649875690981e-08,,0.6084370147255387,0.5146446686094757,0.5146446686094757,0,168,0.0,pstmo,0.05,121,a2015fe67e644625dbdaadecb510c4eeb98e218f9de7188ae9b0589bf04658f5,5.999999999999987,0,0.0,0,NavFnDijkstra,0a7a1e40c42a8fb20fb35c8bff12ce07727c5b7b7a145ba014118795516035d7,121,0,0,0,"[[0, 3], [0, -3]]",239,0.075,8.9407e-08,0.15,0,2,0,1,[],0,0,0,True,0,0,0,2,2,,0.00166531,0,252,0,121,0,1,0,"[[0, 3], [0, -3]]",condition_then_los,239,0,0,{},0.00451608,hierarchical_alpha_two_trim,0.05,,derived_preferred_compatible,0,3a5e692e7a7591de2db19d05c59ba5e53b69bd5ca4a8d327bb15e1ba5251280d,0,1,picking_aisle_b,True,0.0,0.0,5.999999999999987,1,0.01125555699945835
0.0,2.2737353314207766e-10,3.469446951953614e-18,3.154042683594195e-19,,0.5648489561252337,0.41464466711935954,0.41464466711935954,0,273,4.768371582034672e-05,raw,0.05,239,a3f361fdaae22cdd96bb0385ae3086a2430ca567228fcab3d4cb6fb5c5a57d39,5.999999999999987,0,0.0,0,NavFnDijkstra,d081bd86da8062312e5db8fae0d8a617f7314b2486521c50aaed5b8f437bba5d,121,,,,,,,,,,,,,,,,,,,,,,,,,,,,,,,,,,,,,,,,,,,,a3f361fdaae22cdd96bb0385ae3086a2430ca567228fcab3d4cb6fb5c5a57d39,0,1,picking_aisle_c,True,2.2737353314207766e-10,4.768371582034672e-05,5.999999999999987,1,0.0065439560003142105
0.0,1.1156965466280619e-11,6.742474623086262e-08,9.632752022991963e-09,,0.6145424904282204,0.5146446686094757,0.5146446686094757,0,239,7.055609252405613e-06,simple,0.05,239,e66a6a1ae32f7ea7f477b2c836fcd809071f7d564ba94a0d8193f339087db4b6,5.999999999999982,0,0.0,0,NavFnDijkstra,d081bd86da8062312e5db8fae0d8a617f7314b2486521c50aaed5b8f437bba5d,121,,,,,,,,,,,,,,,,,,,,,,,,,,,,,,,,,,,,,,,,,,,,a3f361fdaae22cdd96bb0385ae3086a2430ca567228fcab3d4cb6fb5c5a57d39,0,1,picking_aisle_c,True,1.1156965466280619e-11,7.055609252405613e-06,5.999999999999982,1,0.007664987000680412
0.0,4.968696303254459e-11,4.207506476573177e-08,5.473828855304216e-09,,0.6145424904282204,0.5146446686094757,0.5146446686094757,0,239,1.822123998352081e-05,savitzky_golay,0.05,239,571ffd213df1257bab502f27a89ea09a126890c4edbbe50f92d2147837121c95,5.999999999999977,0,0.0,0,NavFnDijkstra,d081bd86da8062312e5db8fae0d8a617f7314b2486521c50aaed5b8f437bba5d,121,,,,,,,,,,,,,,,,,,,,,,,,,,,,,,,,,,,,,,,,,,,,a3f361fdaae22cdd96bb0385ae3086a2430ca567228fcab3d4cb6fb5c5a57d39,0,1,picking_aisle_c,True,4.968696303254459e-11,1.822123998352081e-05,5.999999999999977,1,0.008009875000425382
0.003,2.2737396682370205e-10,1.234568003383174e-13,1.1363050981263936e-14,,0.6141262495039757,0.5146446686094757,0.5146446686094757,0,240,4.768381458580393e-05,constrained,0.05,239,cf4bcfd54f5b1924bd10ad8bb449b50560c3fcc3f321dbfe8d313bd1848bc845,5.999999999999916,0,0.0,0,NavFnDijkstra,d081bd86da8062312e5db8fae0d8a617f7314b2486521c50aaed5b8f437bba5d,121,,,,,,,,,,,,,,,,,,,,,,,,,,,,,,,,,,,,,,,,,,,,a3f361fdaae22cdd96bb0385ae3086a2430ca567228fcab3d4cb6fb5c5a57d39,0,1,picking_aisle_c,True,2.2737396682370205e-10,4.768381458580393e-05,5.999999999999916,1,0.007450480999978026
0.003,0.0,1.1920928955078125e-07,1.1821998342546818e-07,,0.6084370147255387,0.5146446686094757,0.5146446686094757,0,168,0.0,pstmo,0.05,121,6dd3b9a8ef2248cf6a49340acb7ab58946a37cd987925b6f8d9c9152c37978f0,5.999999999999987,0,0.0,0,NavFnDijkstra,d081bd86da8062312e5db8fae0d8a617f7314b2486521c50aaed5b8f437bba5d,121,0,0,0,"[[2, -3], [2, 3]]",239,0.075,1.19209e-07,0.15,0,2,0,1,[],0,0,0,True,0,0,0,2,2,,0.000919557,0,252,0,121,0,1,0,"[[2, -3], [2, 3]]",condition_then_los,239,0,0,{},0.00334297,hierarchical_alpha_two_trim,0.05,,derived_preferred_compatible,0,a3f361fdaae22cdd96bb0385ae3086a2430ca567228fcab3d4cb6fb5c5a57d39,0,1,picking_aisle_c,True,0.0,0.0,5.999999999999987,1,0.008589178998590796
0.003,3.916864385080471e-10,0.0,0.0,,0.9615430836502865,0.6146446700995918,0.6646446708446498,0,273,6.258487701423671e-05,raw,0.05,239,14d58284ed51de43f60415265a0bb5718c3ff2e838914861cb7edbc7689db0a2,5.999999999999987,0,0.0,0,NavFnDijkstra,781b840b3a829b402fd4acca3a302fa308b533845eef0784ab4c4dcf185aee5d,121,,,,,,,,,,,,,,,,,,,,,,,,,,,,,,,,,,,,,,,,,,,,14d58284ed51de43f60415265a0bb5718c3ff2e838914861cb7edbc7689db0a2,0,1,east_service_lane,True,3.916864385080471e-10,6.258487701423671e-05,5.999999999999987,1,0.004921890998957679
0.0,1.921961682248827e-11,8.849497845674436e-08,1.2642986891153517e-08,,1.04095706885047,0.6646446708446498,0.8596446737503763,0,239,9.260487132681513e-06,simple,0.05,239,94561a5c462d06baf5f67539c52d28090cab691abeea99d816a78ebb0600d127,5.9999999999999805,0,0.0,0,NavFnDijkstra,781b840b3a829b402fd4acca3a302fa308b533845eef0784ab4c4dcf185aee5d,121,,,,,,,,,,,,,,,,,,,,,,,,,,,,,,,,,,,,,,,,,,,,14d58284ed51de43f60415265a0bb5718c3ff2e838914861cb7edbc7689db0a2,0,1,east_service_lane,True,1.921961682248827e-11,9.260487132681513e-06,5.9999999999999805,1,0.008870273999491474
0.0,8.559355467722619e-11,5.5223523532092335e-08,7.184400446436352e-09,,1.04095706885047,0.6646446708446498,0.8596446737503763,0,239,2.3915376701217322e-05,savitzky_golay,0.05,239,42c5efc7180c5353c4fca9ceee90c0972ee950d0f8a99e5b7f679e3222c24aee,5.999999999999975,0,0.0,0,NavFnDijkstra,781b840b3a829b402fd4acca3a302fa308b533845eef0784ab4c4dcf185aee5d,121,,,,,,,,,,,,,,,,,,,,,,,,,,,,,,,,,,,,,,,,,,,,14d58284ed51de43f60415265a0bb5718c3ff2e838914861cb7edbc7689db0a2,0,1,east_service_lane,True,8.559355467722619e-11,2.3915376701217322e-05,5.999999999999975,1,0.0339994679998199
0.003,3.916871833690427e-10,1.616484723854228e-13,1.488069930981142e-14,,1.0400141005347594,0.6646446708446498,0.814644673079824,0,240,6.258500633305298e-05,constrained,0.05,239,288fdda313808ae55b7ea37b6c113ed339d4e56ca96477e2e45c9c571b19c1db,5.999999999999865,0,0.0,0,NavFnDijkstra,781b840b3a829b402fd4acca3a302fa308b533845eef0784ab4c4dcf185aee5d,121,,,,,,,,,,,,,,,,,,,,,,,,,,,,,,,,,,,,,,,,,,,,14d58284ed51de43f60415265a0bb5718c3ff2e838914861cb7edbc7689db0a2,0,1,east_service_lane,True,3.916871833690427e-10,6.258500633305298e-05,5.999999999999865,1,0.008196127000701381
0.003,0.0,1.564621925354004e-07,1.5516372824685488e-07,,1.0357297515405657,0.6646446708446498,0.814644673079824,0,168,0.0,pstmo,0.05,121,a5ddd876b9316c46a274bc12b599dfb899cd796194b185f718877a97178a89c8,5.999999999999987,0,0.0,0,NavFnDijkstra,781b840b3a829b402fd4acca3a302fa308b533845eef0784ab4c4dcf185aee5d,121,0,0,0,"[[4.5, 3], [4.5, -3]]",239,0.075,1.56462e-07,0.15,0,2,0,1,[],0,0,0,True,0,0,0,2,2,,0.000977372,0,252,0,121,0,1,0,"[[4.5, 3], [4.5, -3]]",condition_then_los,239,0,0,{},0.0030966,hierarchical_alpha_two_trim,0.05,,derived_preferred_compatible,0,14d58284ed51de43f60415265a0bb5718c3ff2e838914861cb7edbc7689db0a2,0,1,east_service_lane,True,0.0,0.0,5.999999999999987,1,0.00811984299980395
0.0,52.666043764096905,2.220446049250313e-16,3.121773541233816e-17,,0.47992595897837464,0.16464466339406925,0.2146446641391273,0,332,13.16510215708896,raw,0.05,305,5c3c27c882642aa407d8b0c199a5609a6f0426a36597bd477de1765e5c78afb1,7.647300389169314,0,0.0,0,NavFnDijkstra,92f64f5b18a98f201e55e769c8eeda795775cb3ea34e9f1003cf979982c7b651,155,,,,,,,,,,,,,,,,,,,,,,,,,,,,,,,,,,,,,,,,,,,,5c3c27c882642aa407d8b0c199a5609a6f0426a36597bd477de1765e5c78afb1,0,1,cross_aisle_transfer,True,52.666043764096905,13.16510215708896,7.647300389169314,1,0.008228421000239905
0.003,6.3480049050898275,0.016374102938205775,0.003505178635582118,,0.47117671930098154,0.25619225950049973,0.26464466488418537,0,306,3.243939320385877,simple,0.05,305,1e4987d2352731ff398594809fd293d22a5a006922a797b0e8d6f88b6c7b2c0b,7.601854532945146,0,0.0,0,NavFnDijkstra,92f64f5b18a98f201e55e769c8eeda795775cb3ea34e9f1003cf979982c7b651,154,,,,,,,,,,,,,,,,,,,,,,,,,,,,,,,,,,,,,,,,,,,,5c3c27c882642aa407d8b0c199a5609a6f0426a36597bd477de1765e5c78afb1,0,1,cross_aisle_transfer,True,6.3480049050898275,3.243939320385877,7.601854532945146,1,0.008660319999762578
0.0,18.972080510166222,0.008672057668583416,0.001189082281287306,,0.45296143641027,0.2146446641391273,0.26464466488418537,0,405,6.907763597745982,savitzky_golay,0.05,305,21ba3e644fd6352036f94ca77ca04f3eb92e626457b8bc087fc3e19bb075b4cf,7.628186000781353,0,0.0,0,NavFnDijkstra,92f64f5b18a98f201e55e769c8eeda795775cb3ea34e9f1003cf979982c7b651,154,,,,,,,,,,,,,,,,,,,,,,,,,,,,,,,,,,,,,,,,,,,,5c3c27c882642aa407d8b0c199a5609a6f0426a36597bd477de1765e5c78afb1,0,1,cross_aisle_transfer,True,18.972080510166222,6.907763597745982,7.628186000781353,1,0.012956763999682153
0.027000000000000003,18.91715531751571,0.012591158905283341,0.0026810359841794766,,0.46809555352640514,0.25619225950049973,0.26464466488418537,0,319,10.015913147874906,constrained,0.05,305,61957268e24a970fa1f77f6ae7c6a2cbf54d499893021aeb94aa2c8fb864d538,7.638560461678911,0,0.0,0,NavFnDijkstra,92f64f5b18a98f201e55e769c8eeda795775cb3ea34e9f1003cf979982c7b651,154,,,,,,,,,,,,,,,,,,,,,,,,,,,,,,,,,,,,,,,,,,,,5c3c27c882642aa407d8b0c199a5609a6f0426a36597bd477de1765e5c78afb1,0,1,cross_aisle_transfer,True,18.91715531751571,10.015913147874906,7.638560461678911,1,0.036273170000640675
0.030000000000000002,0.9484447946225006,0.22791261614207478,0.08417505966478846,,0.2991125962155578,0.07644806095482698,0.07644806095482698,0,417,0.6912351382733387,pstmo,0.05,410,8e60ff8ad5ef31916e2249d0b7880ef874552cfbd8a6c79d893ecee8cfb0a961,7.335752019644827,0,0.0,0,NavFnDijkstra,92f64f5b18a98f201e55e769c8eeda795775cb3ea34e9f1003cf979982c7b651,148,10,4,2,"[[-2, -2.8], [-1.76942, -1.11784], [-1.51045, -0.856046], [1.67661, 1.02507], [2, 2.8]]",305,0.075,0.0646147,0.15,0,5,0,4,"[{'index': 0, 'x': -1.51045, 'y': -0.856046, 'turn_angle': -0.790888, 'incoming_length': 2.00465, 'outgoing_length': 3.70081, 'pivot_safe': True, 'pass_through': False, 'equivalent_radius_min': 1.91648, 'equivalent_radius_max': 1.91648, 'trim_min': 0.8, 'trim_max': 0.8, 'trim_evaluations': 1, 'preferred_trim': 0.8, 'compatible_trim': 0.8, 'coarse_evaluations': 5, 'recovery_evaluations': 0, 'refinement_evaluations': 8, 'evaluations': 13, 'safe_feasible': 12, 'states': 2, 'selected_radius': 1.91648, 'selected_trim': 0.8, 'selected_control_distance': 0.256, 'selected_control_fraction': 0.32, 'selected_curvature_energy': 0.43559, 'selected_score': 0.401594}, {'index': 1, 'x': 1.67661, 'y': 1.02507, 'turn_angle': 0.857367, 'incoming_length': 3.70081, 'outgoing_length': 1.80415, 'pivot_safe': True, 'pass_through': False, 'equivalent_radius_min': 1.75044, 'equivalent_radius_max': 1.75044, 'trim_min': 0.8, 'trim_max': 0.8, 'trim_evaluations': 1, 'preferred_trim': 0.8, 'compatible_trim': 0.8, 'coarse_evaluations': 5, 'recovery_evaluations': 0, 'refinement_evaluations': 8, 'evaluations': 13, 'safe_feasible': 12, 'states': 2, 'selected_radius': 1.75044, 'selected_trim': 0.8, 'selected_control_distance': 0.256, 'selected_control_fraction': 0.32, 'selected_curvature_energy': 0.517047, 'selected_score': 0.431731}]",2,4,26,True,2,1,4,5,4,,0.00245275,3,252,0.416663,410,0,1,0,"[[-2, -2.8], [-1.51045, -0.856046], [1.67661, 1.02507], [2, 2.8]]",condition_then_los,305,0,16,{'shape_swept_footprint': 2},0.0316474,hierarchical_alpha_two_trim,0.05,,derived_preferred_compatible,2,5c3c27c882642aa407d8b0c199a5609a6f0426a36597bd477de1765e5c78afb1,0,1,cross_aisle_transfer,True,0.9484447946225006,0.6912351382733387,7.335752019644827,1,0.042145101999267354
0.003,7.58152405809245,5.551115123125783e-17,4.882188713933116e-18,,1.1282437246660393,0.6646446708446498,0.9146446745699401,0,400,11.462921506411694,raw,0.05,201,556d489c6e4284dc003ba794a34615a0df33e08b309ff995c26c99c1b2719c27,10.010746935117211,0,0.0,0,ThetaStar,a1d108241d3c523e2abcca4cb8f6e7b87bde538670d2c9c90553ad530576bbbb,202,,,,,,,,,,,,,,,,,,,,,,,,,,,,,,,,,,,,,,,,,,,,556d489c6e4284dc003ba794a34615a0df33e08b309ff995c26c99c1b2719c27,0,1,central_cross_west_east,True,7.58152405809245,11.462921506411694,10.010746935117211,1,0.007534272999691893
0.0,0.15112204677643365,0.01664664658790113,0.002012505268736347,,1.1264749469844566,0.6646446708446498,0.9646446753149982,0,375,0.8574904216607988,simple,0.05,201,7fcdc1c978a2779acd3792ab6bcff7761ffc7104fa0394d5fc6d18a2a8cd5842,10.002480400814914,0,0.0,0,ThetaStar,a1d108241d3c523e2abcca4cb8f6e7b87bde538670d2c9c90553ad530576bbbb,202,,,,,,,,,,,,,,,,,,,,,,,,,,,,,,,,,,,,,,,,,,,,556d489c6e4284dc003ba794a34615a0df33e08b309ff995c26c99c1b2719c27,0,1,central_cross_west_east,True,0.15112204677643365,0.8574904216607988,10.002480400814914,1,0.006980648000535439
0.0,0.989858077892465,0.009651656360268173,0.0009343423123046268,,1.124945984417251,0.6646446708446498,0.9046446744209286,0,397,3.1402237209689536,savitzky_golay,0.05,201,ccfdb6c628070b434f036b9879dbd5d9e25976deab2310847b79349870cc9ed8,10.005240650913786,0,0.0,0,ThetaStar,a1d108241d3c523e2abcca4cb8f6e7b87bde538670d2c9c90553ad530576bbbb,202,,,,,,,,,,,,,,,,,,,,,,,,,,,,,,,,,,,,,,,,,,,,556d489c6e4284dc003ba794a34615a0df33e08b309ff995c26c99c1b2719c27,0,1,central_cross_west_east,True,0.989858077892465,3.1402237209689536,10.005240650913786,1,0.007892105999417254
0.015000000000000001,5.7323426384288245,0.0201318004878277,0.002715238989806951,,1.1088219963612844,0.6146446700995918,0.764644672334766,0,364,8.02526574239917,constrained,0.05,201,39effab9106ab24d2f058893909c2812847f91687d2f9a6e3f0966654bbb8f0d,10.019074698185474,0,0.0,0,ThetaStar,a1d108241d3c523e2abcca4cb8f6e7b87bde538670d2c9c90553ad530576bbbb,202,,,,,,,,,,,,,,,,,,,,,,,,,,,,,,,,,,,,,,,,,,,,556d489c6e4284dc003ba794a34615a0df33e08b309ff995c26c99c1b2719c27,0,1,central_cross_west_east,True,5.7323426384288245,8.02526574239917,10.019074698185474,1,0.020176961999823106
0.006,0.0,0.024999940767884254,0.024837723427107813,,1.125572396351809,0.6646446708446498,0.9146446745699401,0,278,0.0,pstmo,0.05,201,706b704736f170d546f9a9d8fb9c47f6ae21740ce6296086740e4f4c25c02c08,10.000000000000007,0,0.0,0,ThetaStar,a1d108241d3c523e2abcca4cb8f6e7b87bde538670d2c9c90553ad530576bbbb,201,0,0,0,"[[-5, 0], [5, 0]]",201,0.075,0.0249999,0.15,0,2,0,1,[],0,0,0,True,0,0,0,2,2,,0.00153405,0,252,0,201,0,1,0,"[[-5, 0], [5, 0]]",condition_then_los,201,0,0,{},0.00535078,hierarchical_alpha_two_trim,0.05,,derived_preferred_compatible,0,556d489c6e4284dc003ba794a34615a0df33e08b309ff995c26c99c1b2719c27,0,1,central_cross_west_east,True,0.0,0.0,10.000000000000007,1,0.012493219999669236
0.0,9.99062668894091,3.469446951953614e-17,2.441094356966558e-18,,1.0597184907301949,0.6146446700995918,0.6646446708446498,0,469,14.90252249724037,raw,0.05,201,4ed9e8e03e9a5d93fe38902d3699196c0cbc6cb18d4b395e6ec989ff45d4854d,10.010081934209337,0,0.0,0,ThetaStar,46cef127de9504a18fd69b19313e3decf9c14fd4187ca3e0825adf3442820a5c,202,,,,,,,,,,,,,,,,,,,,,,,,,,,,,,,,,,,,,,,,,,,,4ed9e8e03e9a5d93fe38902d3699196c0cbc6cb18d4b395e6ec989ff45d4854d,0,1,central_cross_east_west,True,9.99062668894091,14.90252249724037,10.010081934209337,1,0.005080680999526521
0.0,0.15102640499744518,0.016301889265937865,0.001995264088855346,,1.0570173546319341,0.6146446700995918,0.6646446708446498,0,441,0.8497882295287564,simple,0.05,201,dfa911a6d04ce3c55f4e9048616085e7d7201732fb4d2e0dc046834f3070a83f,10.00247653300516,0,0.0,0,ThetaStar,46cef127de9504a18fd69b19313e3decf9c14fd4187ca3e0825adf3442820a5c,202,,,,,,,,,,,,,,,,,,,,,,,,,,,,,,,,,,,,,,,,,,,,4ed9e8e03e9a5d93fe38902d3699196c0cbc6cb18d4b395e6ec989ff45d4854d,0,1,central_cross_east_west,True,0.15102640499744518,0.8497882295287564,10.00247653300516,1,0.007281476999196457
0.0,1.0917601186994061,0.008535294601039585,0.0008991236952299613,,1.0633119666658015,0.6146446700995918,0.6646446708446498,0,458,2.9758813956455823,savitzky_golay,0.05,201,68d9d815d3910a23e5c5e8424437fb993abad154128023eff5534cf2e9230de3,10.005212485292079,0,0.0,0,ThetaStar,46cef127de9504a18fd69b19313e3decf9c14fd4187ca3e0825adf3442820a5c,202,,,,,,,,,,,,,,,,,,,,,,,,,,,,,,,,,,,,,,,,,,,,4ed9e8e03e9a5d93fe38902d3699196c0cbc6cb18d4b395e6ec989ff45d4854d,0,1,central_cross_east_west,True,1.0917601186994061,2.9758813956455823,10.005212485292079,1,0.006470239999543992
0.015000000000000001,6.759148815810461,0.027842528485981267,0.00379206378024829,,1.1052927584450916,0.6146446700995918,0.7146446715897079,0,360,6.73300607426956,constrained,0.05,201,254af4405559d61fbc9f93f7f90219b6aad563c1387bfe2dd1130866ce8a6e1b,10.024383447433443,0,0.0,0,ThetaStar,46cef127de9504a18fd69b19313e3decf9c14fd4187ca3e0825adf3442820a5c,202,,,,,,,,,,,,,,,,,,,,,,,,,,,,,,,,,,,,,,,,,,,,4ed9e8e03e9a5d93fe38902d3699196c0cbc6cb18d4b395e6ec989ff45d4854d,0,1,central_cross_east_west,True,6.759148815810461,6.73300607426956,10.024383447433443,1,0.020035898000060115
0.006,0.0,0.024999940767884254,0.02483772342710782,,1.125572396351809,0.6646446708446498,0.9146446745699401,0,278,0.0,pstmo,0.05,201,479cf1be68e61c0d5dce860d455a1ea8b77d8b6babb0bf590dd0854ee63b33aa,10.000000000000007,0,0.0,0,ThetaStar,46cef127de9504a18fd69b19313e3decf9c14fd4187ca3e0825adf3442820a5c,201,0,0,0,"[[5, 0], [-5, 0]]",201,0.075,0.0249999,0.15,0,2,0,1,[],0,0,0,True,0,0,0,2,2,,0.00134756,0,252,0,201,0,1,0,"[[5, 0], [-5, 0]]",condition_then_los,201,0,0,{},0.00465933,hierarchical_alpha_two_trim,0.05,,derived_preferred_compatible,0,4ed9e8e03e9a5d93fe38902d3699196c0cbc6cb18d4b395e6ec989ff45d4854d,0,1,central_cross_east_west,True,0.0,0.0,10.000000000000007,1,0.011731941000107327
0.0,7.5815460715784795,0.0,0.0,,0.9932588571338008,0.6146446700995918,0.6646446708446498,0,273,11.462941069832498,raw,0.05,121,c47105edbddffe92748bfad8be081f13e0160290480f0751f0cc8743039a9e80,6.010746966364693,0,0.0,0,ThetaStar,61b301783c2239863ec4a506fae9d30456728474099bd00d15677d887f9af4a1,122,,,,,,,,,,,,,,,,,,,,,,,,,,,,,,,,,,,,,,,,,,,,c47105edbddffe92748bfad8be081f13e0160290480f0751f0cc8743039a9e80,0,1,west_service_lane,True,7.5815460715784795,11.462941069832498,6.010746966364693,1,0.002986699999382836
0.0,0.15112244537535058,0.016646671679712455,0.002589604446698066,,0.9821329449306101,0.6146446700995918,0.6146446700995918,0,281,0.8574916709004734,simple,0.05,121,688e56ddfaa525e133f1ebe7064cd4a41dcebe6fba0b16c1f79ab393da9571e8,6.00248040789645,0,0.0,0,ThetaStar,61b301783c2239863ec4a506fae9d30456728474099bd00d15677d887f9af4a1,122,,,,,,,,,,,,,,,,,,,,,,,,,,,,,,,,,,,,,,,,,,,,c47105edbddffe92748bfad8be081f13e0160290480f0751f0cc8743039a9e80,0,1,west_service_lane,True,0.15112244537535058,0.8574916709004734,6.00248040789645,1,0.005383765999795287
0.0,0.9898605320198566,0.009651672232197761,0.001202271233324651,,0.9850935173881364,0.6146446700995918,0.6146446700995918,0,299,3.140227916653895,savitzky_golay,0.05,121,df12cb95e643bc48088f299eae179d6e629ea26d1cba18cb82dbb335ce37fe55,6.005240665348383,0,0.0,0,ThetaStar,61b301783c2239863ec4a506fae9d30456728474099bd00d15677d887f9af4a1,122,,,,,,,,,,,,,,,,,,,,,,,,,,,,,,,,,,,,,,,,,,,,c47105edbddffe92748bfad8be081f13e0160290480f0751f0cc8743039a9e80,0,1,west_service_lane,True,0.9898605320198566,3.140227916653895,6.005240665348383,1,0.006474736999734887
0.009000000000000001,5.7650348920518715,0.019678394178088254,0.003403139124259712,,1.0482669920318086,0.6146446700995918,0.6646446708446498,0,210,8.089801339879791,constrained,0.05,121,245a96a5ef8d7fd06eef278499bf3a94b28dcb99c35b5fedefde8724def1f0aa,6.018881699221177,0,0.0,0,ThetaStar,61b301783c2239863ec4a506fae9d30456728474099bd00d15677d887f9af4a1,122,,,,,,,,,,,,,,,,,,,,,,,,,,,,,,,,,,,,,,,,,,,,c47105edbddffe92748bfad8be081f13e0160290480f0751f0cc8743039a9e80,0,1,west_service_lane,True,5.7650348920518715,8.089801339879791,6.018881699221177,1,0.015249746000336017
0.003,0.0,0.02499997802078724,0.02472992474852947,,1.0357297515405657,0.6646446708446498,0.814644673079824,0,168,0.0,pstmo,0.05,121,35082b7d5b07485498c65a58ce4f72c134d575cc303ef09b4dfcf81016e9b75c,5.999999999999987,0,0.0,0,ThetaStar,61b301783c2239863ec4a506fae9d30456728474099bd00d15677d887f9af4a1,121,0,0,0,"[[-4.5, -3], [-4.5, 3]]",121,0.075,0.025,0.15,0,2,0,1,[],0,0,0,True,0,0,0,2,2,,0.00117534,0,252,0,121,0,1,0,"[[-4.5, -3], [-4.5, 3]]",condition_then_los,121,0,0,{},0.00372994,hierarchical_alpha_two_trim,0.05,,derived_preferred_compatible,0,c47105edbddffe92748bfad8be081f13e0160290480f0751f0cc8743039a9e80,0,1,west_service_lane,True,0.0,0.0,5.999999999999987,1,0.009668275000876747
0.003,7.581520212333063,0.0,0.0,,0.5637500550099577,0.41464466711935954,0.41464466711935954,0,273,11.462921506411654,raw,0.05,121,0b83c4f7c1df0a464af90e7481735d0c007435a49b2cbe5fab1dd6de4c691a56,6.010746931567013,0,0.0,0,ThetaStar,435e2bcb20a502d272f80c967ff4c10535ebd311682afc9dfe4fee8bedc5cf73,122,,,,,,,,,,,,,,,,,,,,,,,,,,,,,,,,,,,,,,,,,,,,0b83c4f7c1df0a464af90e7481735d0c007435a49b2cbe5fab1dd6de4c691a56,0,1,picking_aisle_a,True,7.581520212333063,11.462921506411654,6.010746931567013,1,0.004139276999922004
0.003,0.15112200402656045,0.01664664658790116,0.0025896006027512027,,0.5779029580179558,0.41464466711935954,0.41464466711935954,0,281,0.8574904216603709,simple,0.05,121,59b9e704c7f364756823b8245365ab8342cce0d746d2fced7b02a82641057a70,6.00248040052775,0,0.0,0,ThetaStar,435e2bcb20a502d272f80c967ff4c10535ebd311682afc9dfe4fee8bedc5cf73,122,,,,,,,,,,,,,,,,,,,,,,,,,,,,,,,,,,,,,,,,,,,,0b83c4f7c1df0a464af90e7481735d0c007435a49b2cbe5fab1dd6de4c691a56,0,1,picking_aisle_a,True,0.15112200402656045,0.8574904216603709,6.00248040052775,1,0.006111304999649292
0.0,0.9898577281159193,0.009651656360268657,0.0012022693737704286,,0.5740947666823282,0.41464466711935954,0.41464466711935954,0,299,3.14022372096869,savitzky_golay,0.05,121,8a4fa01fb8cf38954e58f49d0faf23db2bfde6aeb3589123df9df2f87e314e2d,6.005240649878428,0,0.0,0,ThetaStar,435e2bcb20a502d272f80c967ff4c10535ebd311682afc9dfe4fee8bedc5cf73,122,,,,,,,,,,,,,,,,,,,,,,,,,,,,,,,,,,,,,,,,,,,,0b83c4f7c1df0a464af90e7481735d0c007435a49b2cbe5fab1dd6de4c691a56,0,1,picking_aisle_a,True,0.9898577281159193,3.14022372096869,6.005240649878428,1,0.0049093529996753205
0.012,5.748853759548125,0.019909257508072375,0.0034497180742341636,,0.6117546533499012,0.41464466711935954,0.4646446678644176,0,211,8.056944282716186,constrained,0.05,121,9089c2bc5cc5243b3db65b943fb42c31928391766209cf43ab4f4a8d06bf8604,6.01898206473917,0,0.0,0,ThetaStar,435e2bcb20a502d272f80c967ff4c10535ebd311682afc9dfe4fee8bedc5cf73,122,,,,,,,,,,,,,,,,,,,,,,,,,,,,,,,,,,,,,,,,,,,,0b83c4f7c1df0a464af90e7481735d0c007435a49b2cbe5fab1dd6de4c691a56,0,1,picking_aisle_a,True,5.748853759548125,8.056944282716186,6.01898206473917,1,0.0398134819988627
0.003,0.0,0.024999940767884254,0.024729887910487088,,0.6084370147255387,0.5146446686094757,0.5146446686094757,0,168,0.0,pstmo,0.05,121,a8bc75e5bc1b19b596421bea50d7ca314506dc731d25a0f548bed519502df9ed,5.999999999999987,0,0.0,0,ThetaStar,435e2bcb20a502d272f80c967ff4c10535ebd311682afc9dfe4fee8bedc5cf73,121,0,0,0,"[[-2, -3], [-2, 3]]",121,0.075,0.0249999,0.15,0,2,0,1,[],0,0,0,True,0,0,0,2,2,,0.00124596,0,252,0,121,0,1,0,"[[-2, -3], [-2, 3]]",condition_then_los,121,0,0,{},0.00360726,hierarchical_alpha_two_trim,0.05,,derived_preferred_compatible,0,0b83c4f7c1df0a464af90e7481735d0c007435a49b2cbe5fab1dd6de4c691a56,0,1,picking_aisle_a,True,0.0,0.0,5.999999999999987,1,0.008265271000709618
0.0,9.990609727378693,3.9898639947466563e-17,4.998676865997561e-18,,0.5637500550099577,0.41464466711935954,0.41464466711935954,0,273,14.902511600654375,raw,0.05,121,c568b9f5b3a0d28028851d544c310b3bed5e00cca824cb8ef1f6afdb7e7488aa,6.010081908272582,0,0.0,0,ThetaStar,bd2aab1d0c498cc02d4364764558ab0b83645108407224df96412f12cc3735a7,122,,,,,,,,,,,,,,,,,,,,,,,,,,,,,,,,,,,,,,,,,,,,c568b9f5b3a0d28028851d544c310b3bed5e00cca824cb8ef1f6afdb7e7488aa,0,1,picking_aisle_b,True,9.990609727378693,14.902511600654375,6.010081908272582,1,0.003375932999915676
0.0,0.1510260132750869,0.016301870452260236,0.002567412466595918,,0.5782588299093796,0.41464466711935954,0.41464466711935954,0,281,0.8497872575636787,simple,0.05,121,0db9e02999cde0e288fdb776c1734f535afeecde31cbcf23b0d57930be4d94b6,6.002476526847494,0,0.0,0,ThetaStar,bd2aab1d0c498cc02d4364764558ab0b83645108407224df96412f12cc3735a7,122,,,,,,,,,,,,,,,,,,,,,,,,,,,,,,,,,,,,,,,,,,,,c568b9f5b3a0d28028851d544c310b3bed5e00cca824cb8ef1f6afdb7e7488aa,0,1,picking_aisle_b,True,0.1510260132750869,0.8497872575636787,6.002476526847494,1,0.005349569999452797
0.0,1.0917574655147766,0.008535285976998389,0.0011569504154249313,,0.574629834130526,0.41464466711935954,0.41464466711935954,0,298,2.9758785895871025,savitzky_golay,0.05,121,fe979464be2f9fc8f875897a0334fe121cba07fc78baa000af31460d06bde7aa,6.005212472111554,0,0.0,0,ThetaStar,bd2aab1d0c498cc02d4364764558ab0b83645108407224df96412f12cc3735a7,122,,,,,,,,,,,,,,,,,,,,,,,,,,,,,,,,,,,,,,,,,,,,c568b9f5b3a0d28028851d544c310b3bed5e00cca824cb8ef1f6afdb7e7488aa,0,1,picking_aisle_b,True,1.0917574655147766,2.9758785895871025,6.005212472111554,1,0.0058777559988811845
0.012,6.76551695299924,0.027869205203427484,0.004887289868600828,,0.593957368547153,0.41464466711935954,0.41464466711935954,0,200,6.7297854037059075,constrained,0.05,121,ee3ea5dce230b18407fe26a7e3b56bafe1a18460c4262fb780cafc5f74331ce0,6.024419528008422,0,0.0,0,ThetaStar,bd2aab1d0c498cc02d4364764558ab0b83645108407224df96412f12cc3735a7,122,,,,,,,,,,,,,,,,,,,,,,,,,,,,,,,,,,,,,,,,,,,,c568b9f5b3a0d28028851d544c310b3bed5e00cca824cb8ef1f6afdb7e7488aa,0,1,picking_aisle_b,True,6.76551695299924,6.7297854037059075,6.024419528008422,1,0.01859085199976107
0.006,0.0,0.024999910965561867,0.024729858440053123,,0.6084370147255387,0.5146446686094757,0.5146446686094757,0,168,0.0,pstmo,0.05,121,a2015fe67e644625dbdaadecb510c4eeb98e218f9de7188ae9b0589bf04658f5,5.999999999999987,0,0.0,0,ThetaStar,bd2aab1d0c498cc02d4364764558ab0b83645108407224df96412f12cc3735a7,121,0,0,0,"[[0, 3], [0, -3]]",121,0.075,0.0249999,0.15,0,2,0,1,[],0,0,0,True,0,0,0,2,2,,0.00121803,0,252,0,121,0,1,0,"[[0, 3], [0, -3]]",condition_then_los,121,0,0,{},0.00443285,hierarchical_alpha_two_trim,0.05,,derived_preferred_compatible,0,c568b9f5b3a0d28028851d544c310b3bed5e00cca824cb8ef1f6afdb7e7488aa,0,1,picking_aisle_b,True,0.0,0.0,5.999999999999987,1,0.01197817499996745
0.0,7.581478837646675,0.0,0.0,,0.5637500550099577,0.41464466711935954,0.41464466711935954,0,273,11.462890204941305,raw,0.05,121,c1444f5669d93074cd01a11d60f5ebab310ee234227f74efe06bb0f5a613c627,6.010746875890864,0,0.0,0,ThetaStar,78bb9056e6c0b35b8cf442ceb9adbbdff90e63504180a5518972cf79752f3d37,122,,,,,,,,,,,,,,,,,,,,,,,,,,,,,,,,,,,,,,,,,,,,c1444f5669d93074cd01a11d60f5ebab310ee234227f74efe06bb0f5a613c627,0,1,picking_aisle_c,True,7.581478837646675,11.462890204941305,6.010746875890864,1,0.00433954100117262
0.0,0.15112129786973183,0.016646606441006684,0.0025895944524363082,,0.5779029580179558,0.41464466711935954,0.41464466711935954,0,281,0.8574884228765357,simple,0.05,121,8b9f2e47847878e02fbabf6c7c3b552e09f9c3815eacfaef26d2a2af864e85e6,6.002480388737853,0,0.0,0,ThetaStar,78bb9056e6c0b35b8cf442ceb9adbbdff90e63504180a5518972cf79752f3d37,122,,,,,,,,,,,,,,,,,,,,,,,,,,,,,,,,,,,,,,,,,,,,c1444f5669d93074cd01a11d60f5ebab310ee234227f74efe06bb0f5a613c627,0,1,picking_aisle_c,True,0.15112129786973183,0.8574884228765357,6.002480388737853,1,0.00534219499968458
0.0,0.9898532418767558,0.00965163096519328,0.0012022663984843063,,0.5740947666823282,0.41464466711935954,0.41464466711935954,0,299,3.1402170078685527,savitzky_golay,0.05,121,b63942f144326a8412cb667751ca3db70e6bea83d374a1fdd0f1070012763e3a,6.005240625126547,0,0.0,0,ThetaStar,78bb9056e6c0b35b8cf442ceb9adbbdff90e63504180a5518972cf79752f3d37,122,,,,,,,,,,,,,,,,,,,,,,,,,,,,,,,,,,,,,,,,,,,,c1444f5669d93074cd01a11d60f5ebab310ee234227f74efe06bb0f5a613c627,0,1,picking_aisle_c,True,0.9898532418767558,3.1402170078685527,6.005240625126547,1,0.0048902109992923215
0.009000000000000001,5.684718351997182,0.02083935922154745,0.0036353923380930907,,0.6102707119276143,0.41464466711935954,0.4646446678644176,0,207,7.923915057791117,constrained,0.05,121,a2cef10a98513dc90563ddabd3cede148669e8b73fe572437bd7ef7e0364da2a,6.019385645623114,0,0.0,0,ThetaStar,78bb9056e6c0b35b8cf442ceb9adbbdff90e63504180a5518972cf79752f3d37,122,,,,,,,,,,,,,,,,,,,,,,,,,,,,,,,,,,,,,,,,,,,,c1444f5669d93074cd01a11d60f5ebab310ee234227f74efe06bb0f5a613c627,0,1,picking_aisle_c,True,5.684718351997182,7.923915057791117,6.019385645623114,1,0.013340039000468096
0.003,0.0,0.02499988116323948,0.024729828969619172,,0.6084370147255387,0.5146446686094757,0.5146446686094757,0,168,0.0,pstmo,0.05,121,6dd3b9a8ef2248cf6a49340acb7ab58946a37cd987925b6f8d9c9152c37978f0,5.999999999999987,0,0.0,0,ThetaStar,78bb9056e6c0b35b8cf442ceb9adbbdff90e63504180a5518972cf79752f3d37,121,0,0,0,"[[2, -3], [2, 3]]",121,0.075,0.0249999,0.15,0,2,0,1,[],0,0,0,True,0,0,0,2,2,,0.00105278,0,252,0,121,0,1,0,"[[2, -3], [2, 3]]",condition_then_los,121,0,0,{},0.00356434,hierarchical_alpha_two_trim,0.05,,derived_preferred_compatible,0,c1444f5669d93074cd01a11d60f5ebab310ee234227f74efe06bb0f5a613c627,0,1,picking_aisle_c,True,0.0,0.0,5.999999999999987,1,0.009167260001049726
0.003,9.990574386351042,0.0,0.0,,0.9682559857513917,0.6146446700995918,0.6646446708446498,0,273,14.902488936232045,raw,0.05,121,dfae010e86c45c01dd2a894f07252ad99493ef2a845f4748b181f7fc05edc624,6.010081853986468,0,0.0,0,ThetaStar,7b3ea50a84e77f7a8cff80edd79fa498f6f768dbb76b112636fd3271cbe05f5b,122,,,,,,,,,,,,,,,,,,,,,,,,,,,,,,,,,,,,,,,,,,,,dfae010e86c45c01dd2a894f07252ad99493ef2a845f4748b181f7fc05edc624,0,1,east_service_lane,True,9.990574386351042,14.902488936232045,6.010081853986468,1,0.0036350659993331647
0.0,0.151025225585117,0.016301828035993893,0.0025674057114021005,,0.9603664856750055,0.6146446700995918,0.6146446700995918,0,281,0.84978506873125,simple,0.05,121,656c1c768c93680b0d911ea669b2d68dbdb34c99c9c7385e92b8e9161c9c838b,6.002476513624716,0,0.0,0,ThetaStar,7b3ea50a84e77f7a8cff80edd79fa498f6f768dbb76b112636fd3271cbe05f5b,122,,,,,,,,,,,,,,,,,,,,,,,,,,,,,,,,,,,,,,,,,,,,dfae010e86c45c01dd2a894f07252ad99493ef2a845f4748b181f7fc05edc624,0,1,east_service_lane,True,0.151025225585117,0.84978506873125,6.002476513624716,1,0.0050682360015343875
0.0,1.091752160094671,0.008535266160351718,0.001156947386613952,,0.9634628925090519,0.6146446700995918,0.6146446700995918,0,298,2.975872215034065,savitzky_golay,0.05,121,acf97c7ac76e5c2b8cd3baea75fb48810b483b905e3b1c31903045458f2d17a4,6.005212444550098,0,0.0,0,ThetaStar,7b3ea50a84e77f7a8cff80edd79fa498f6f768dbb76b112636fd3271cbe05f5b,122,,,,,,,,,,,,,,,,,,,,,,,,,,,,,,,,,,,,,,,,,,,,dfae010e86c45c01dd2a894f07252ad99493ef2a845f4748b181f7fc05edc624,0,1,east_service_lane,True,1.091752160094671,2.975872215034065,6.005212444550098,1,0.005280346000290592
0.006,6.727191724549669,0.028311026723227606,0.005008278640728702,,1.011200039667089,0.6146446700995918,0.6646446708446498,0,201,6.688151210807879,constrained,0.05,121,a374e10efbbd358a1f8945e703eb67c4dcc254d1d21dcdb06e767cece754b6c9,6.024728498946194,0,0.0,0,ThetaStar,7b3ea50a84e77f7a8cff80edd79fa498f6f768dbb76b112636fd3271cbe05f5b,122,,,,,,,,,,,,,,,,,,,,,,,,,,,,,,,,,,,,,,,,,,,,dfae010e86c45c01dd2a894f07252ad99493ef2a845f4748b181f7fc05edc624,0,1,east_service_lane,True,6.727191724549669,6.688151210807879,6.024728498946194,1,0.014266193000366911
0.006,0.0,0.024999843910336494,0.024729792131576635,,1.0357297515405657,0.6646446708446498,0.814644673079824,0,168,0.0,pstmo,0.05,121,a5ddd876b9316c46a274bc12b599dfb899cd796194b185f718877a97178a89c8,5.999999999999987,0,0.0,0,ThetaStar,7b3ea50a84e77f7a8cff80edd79fa498f6f768dbb76b112636fd3271cbe05f5b,121,0,0,0,"[[4.5, 3], [4.5, -3]]",121,0.075,0.0249998,0.15,0,2,0,1,[],0,0,0,True,0,0,0,2,2,,0.000834211,0,252,0,121,0,1,0,"[[4.5, 3], [4.5, -3]]",condition_then_los,121,0,0,{},0.00275461,hierarchical_alpha_two_trim,0.05,,derived_preferred_compatible,0,dfae010e86c45c01dd2a894f07252ad99493ef2a845f4748b181f7fc05edc624,0,1,east_service_lane,True,0.0,0.0,5.999999999999987,1,0.008049558000493562
0.003,23.59906382623194,2.220446049250313e-16,4.248168915151328e-17,,0.4858313156102255,0.1449222268733815,0.1764778602726078,0,300,10.56635122491502,raw,0.05,138,86c0fec4036278df23f064844c1f0f7af6c0b0c992699d18869cf0c976ddbf72,7.5479897866829075,0,0.0,0,ThetaStar,fb05dea419505c5e6927b89601a96b65ece25689a5b0c7c4bab5693e352192d8,153,,,,,,,,,,,,,,,,,,,,,,,,,,,,,,,,,,,,,,,,,,,,86c0fec4036278df23f064844c1f0f7af6c0b0c992699d18869cf0c976ddbf72,0,1,cross_aisle_transfer,True,23.59906382623194,10.56635122491502,7.5479897866829075,1,0.005268347000310314
0.0,2.039061766614125,0.0375480463265931,0.009056705904468295,,0.47247266219790063,0.2146446641391273,0.2146446641391273,0,264,1.7579685820493502,simple,0.05,138,cc771855c4d69ab9f35540d75e47a340385fc412bfdaa6002048ecf3da687c37,7.491340090929848,0,0.0,0,ThetaStar,fb05dea419505c5e6927b89601a96b65ece25689a5b0c7c4bab5693e352192d8,151,,,,,,,,,,,,,,,,,,,,,,,,,,,,,,,,,,,,,,,,,,,,86c0fec4036278df23f064844c1f0f7af6c0b0c992699d18869cf0c976ddbf72,0,1,cross_aisle_transfer,True,2.039061766614125,1.7579685820493502,7.491340090929848,1,0.005360621000363608
0.0,4.754129290170485,0.010293629634275167,0.0025465605237450506,,0.4823714062236631,0.21959563989254183,0.23390290478282266,0,248,2.9580206726677813,savitzky_golay,0.05,138,af55e2446c891b331b1ae0f2d638e4d6b87715d9f82be0120bb55d3037089bbd,7.529535018186704,0,0.0,0,ThetaStar,fb05dea419505c5e6927b89601a96b65ece25689a5b0c7c4bab5693e352192d8,152,,,,,,,,,,,,,,,,,,,,,,,,,,,,,,,,,,,,,,,,,,,,86c0fec4036278df23f064844c1f0f7af6c0b0c992699d18869cf0c976ddbf72,0,1,cross_aisle_transfer,True,4.754129290170485,2.9580206726677813,7.529535018186704,1,0.005258469000182231
0.009000000000000001,9.609667567428911,0.02507433940266428,0.006258114344220633,,0.46648862072053343,0.23390290478282266,0.2474873771031409,0,236,7.746411321456156,constrained,0.05,138,da7acf4afab6dcf49bf1444e62b0834f6b26529f2bb478ce8f27117a33eab5c1,7.556529582507794,0,0.0,0,ThetaStar,fb05dea419505c5e6927b89601a96b65ece25689a5b0c7c4bab5693e352192d8,153,,,,,,,,,,,,,,,,,,,,,,,,,,,,,,,,,,,,,,,,,,,,86c0fec4036278df23f064844c1f0f7af6c0b0c992699d18869cf0c976ddbf72,0,1,cross_aisle_transfer,True,9.609667567428911,7.746411321456156,7.556529582507794,1,0.015677990999392932
0.033,0.9415023764348031,0.15327331558177365,0.07820208871207299,,0.2836236997219957,0.10606601875848895,0.10606601875848895,0,414,0.677934948564983,pstmo,0.05,408,b73c37d548bb5a3a78ba05b4ea887b591f7b790fb0a175b2650b78b65dc9687a,7.329699176477952,0,0.0,0,ThetaStar,fb05dea419505c5e6927b89601a96b65ece25689a5b0c7c4bab5693e352192d8,148,10,4,2,"[[-2, -2.8], [-1.675, -1.075], [-0.975, -0.575], [0.525, 0.175], [1.725, 1.125], [2, 2.8]]",138,0.075,0.0677497,0.15,0,6,0,5,"[{'index': 0, 'x': -1.675, 'y': -1.075, 'turn_angle': -0.810269, 'incoming_length': 1.75535, 'outgoing_length': 4.04969, 'pivot_safe': True, 'pass_through': False, 'equivalent_radius_min': 1.86542, 'equivalent_radius_max': 1.86542, 'trim_min': 0.8, 'trim_max': 0.8, 'trim_evaluations': 1, 'preferred_trim': 0.8, 'compatible_trim': 0.8, 'coarse_evaluations': 5, 'recovery_evaluations': 0, 'refinement_evaluations': 8, 'evaluations': 13, 'safe_feasible': 12, 'states': 2, 'selected_radius': 1.86542, 'selected_trim': 0.8, 'selected_control_distance': 0.256, 'selected_control_fraction': 0.32, 'selected_curvature_energy': 0.458486, 'selected_score': 0.410401}, {'index': 1, 'x': 1.725, 'y': 1.125, 'turn_angle': 0.833764, 'incoming_length': 4.04969, 'outgoing_length': 1.69742, 'pivot_safe': True, 'pass_through': False, 'equivalent_radius_min': 1.80653, 'equivalent_radius_max': 1.80653, 'trim_min': 0.8, 'trim_max': 0.8, 'trim_evaluations': 1, 'preferred_trim': 0.8, 'compatible_trim': 0.8, 'coarse_evaluations': 5, 'recovery_evaluations': 0, 'refinement_evaluations': 8, 'evaluations': 13, 'safe_feasible': 12, 'states': 2, 'selected_radius': 1.80653, 'selected_trim': 0.8, 'selected_control_distance': 0.256, 'selected_control_fraction': 0.32, 'selected_curvature_energy': 0.487175, 'selected_score': 0.421058}]",2,4,26,True,2,1,6,6,4,,0.0022061,5,252,0.41573,408,0,1,0,"[[-2, -2.8], [-1.675, -1.075], [1.725, 1.125], [2, 2.8]]",condition_then_los,138,0,16,{'shape_swept_footprint': 2},0.0320467,hierarchical_alpha_two_trim,0.05,,derived_preferred_compatible,2,86c0fec4036278df23f064844c1f0f7af6c0b0c992699d18869cf0c976ddbf72,0,1,cross_aisle_transfer,True,0.9415023764348031,0.677934948564983,7.329699176477952,1,0.04236623599899758
0.003,5.684338328531508e-11,6.938893903907228e-18,4.894318396452681e-19,,1.1282437246660393,0.6646446708446498,0.9146446745699401,0,400,2.384185791012931e-05,raw,0.05,201,a02f76adada5694200faefc2d45506a44ba57f21d68a2fd9826c1e084c7fd77a,10.000000000000007,0,0.0,0,Smac2D,a07546773a4d7e7df772fd3d8171075301cfa6f3397ee1d4d58c9c9783304652,201,,,,,,,,,,,,,,,,,,,,,,,,,,,,,,,,,,,,,,,,,,,,a02f76adada5694200faefc2d45506a44ba57f21d68a2fd9826c1e084c7fd77a,0,1,central_cross_west_east,True,5.684338328531508e-11,2.384185791012931e-05,10.000000000000007,1,0.004891567999948165
0.0,8.145251996898504e-13,4.19012615510748e-08,5.415371534969253e-09,,1.1320926848644794,0.6646446708446498,0.9921446757247802,0,392,1.625337727938579e-06,simple,0.05,201,77dc0c355681550e860f0cb8ecaa822da8ae350f1a4cf1d0393037411efc12b4,10.000000000000007,0,0.0,0,Smac2D,a07546773a4d7e7df772fd3d8171075301cfa6f3397ee1d4d58c9c9783304652,201,,,,,,,,,,,,,,,,,,,,,,,,,,,,,,,,,,,,,,,,,,,,a02f76adada5694200faefc2d45506a44ba57f21d68a2fd9826c1e084c7fd77a,0,1,central_cross_west_east,True,8.145251996898504e-13,1.625337727938579e-06,10.000000000000007,1,0.007160373999795411
0.0,5.1638577404238864e-12,2.8198733781834403e-08,3.005163453842797e-09,,1.1326488178831358,0.6646446708446498,0.9896446756875272,0,391,5.02739305878495e-06,savitzky_golay,0.05,201,4f2623ca2f9346b0d9687a7066dcb57a437b91bf56d687564719551db71cb24a,10.000000000000009,0,0.0,0,Smac2D,a07546773a4d7e7df772fd3d8171075301cfa6f3397ee1d4d58c9c9783304652,201,,,,,,,,,,,,,,,,,,,,,,,,,,,,,,,,,,,,,,,,,,,,a02f76adada5694200faefc2d45506a44ba57f21d68a2fd9826c1e084c7fd77a,0,1,central_cross_west_east,True,5.1638577404238864e-12,5.02739305878495e-06,10.000000000000009,1,0.007377163999990444
0.0,5.684338328531508e-11,6.938893903907228e-18,4.894318396452681e-19,,1.1282437246660393,0.6646446708446498,0.9146446745699401,0,400,2.384185791012931e-05,constrained,0.05,201,a02f76adada5694200faefc2d45506a44ba57f21d68a2fd9826c1e084c7fd77a,10.000000000000007,0,0.0,0,Smac2D,a07546773a4d7e7df772fd3d8171075301cfa6f3397ee1d4d58c9c9783304652,201,,,,,,,,,,,,,,,,,,,,,,,,,,,,,,,,,,,,,,,,,,,,a02f76adada5694200faefc2d45506a44ba57f21d68a2fd9826c1e084c7fd77a,0,1,central_cross_west_east,True,5.684338328531508e-11,2.384185791012931e-05,10.000000000000007,1,0.006821891000072355
0.006,0.0,5.960464477539063e-08,5.930736280492328e-08,,1.125572396351809,0.6646446708446498,0.9146446745699401,0,278,0.0,pstmo,0.05,201,706b704736f170d546f9a9d8fb9c47f6ae21740ce6296086740e4f4c25c02c08,10.000000000000007,0,0.0,0,Smac2D,a07546773a4d7e7df772fd3d8171075301cfa6f3397ee1d4d58c9c9783304652,201,0,0,0,"[[-5, 0], [5, 0]]",201,0.075,5.96046e-08,0.15,0,2,0,1,[],0,0,0,True,0,0,0,2,2,,0.00147004,0,252,0,201,0,1,0,"[[-5, 0], [5, 0]]",condition_then_los,201,0,0,{},0.0050688,hierarchical_alpha_two_trim,0.05,,derived_preferred_compatible,0,a02f76adada5694200faefc2d45506a44ba57f21d68a2fd9826c1e084c7fd77a,0,1,central_cross_west_east,True,0.0,0.0,10.000000000000007,1,0.011180781999428291
0.0,5.6843383285462087e-11,0.0,0.0,,1.1282437246660393,0.6646446708446498,0.9146446745699401,0,400,2.384185791016065e-05,raw,0.05,201,e8498c06aca21fa36658e3a5088771b04f886063aa090e97e2f15f212683104f,10.000000000000007,0,0.0,0,Smac2D,ac8fedfe57602547790bd5fb265e4b9ef760bfd71c74664e1e5af95bffe759bd,201,,,,,,,,,,,,,,,,,,,,,,,,,,,,,,,,,,,,,,,,,,,,e8498c06aca21fa36658e3a5088771b04f886063aa090e97e2f15f212683104f,0,1,central_cross_east_west,True,5.6843383285462087e-11,2.384185791016065e-05,10.000000000000007,1,0.0044086679990869015
0.0,8.147083041300484e-13,4.189930814519311e-08,5.414667370693218e-09,,1.1320926848644794,0.6646446708446498,0.9921446757247802,0,392,1.6255829751026495e-06,simple,0.05,201,6d043c3b39b7435212850f065c077ff8a8d7f22fa0cad97d19dcf408b127eff0,10.000000000000009,0,0.0,0,Smac2D,ac8fedfe57602547790bd5fb265e4b9ef760bfd71c74664e1e5af95bffe759bd,201,,,,,,,,,,,,,,,,,,,,,,,,,,,,,,,,,,,,,,,,,,,,e8498c06aca21fa36658e3a5088771b04f886063aa090e97e2f15f212683104f,0,1,central_cross_east_west,True,8.147083041300484e-13,1.6255829751026495e-06,10.000000000000009,1,0.00868347600044217
0.0,5.163857740423712e-12,2.819873378185605e-08,3.005163453844213e-09,,1.1326488178831358,0.6646446708446498,0.9896446756875272,0,391,5.027393058785796e-06,savitzky_golay,0.05,201,761f68b80aef30b8e8109317c5a685f9ce069457da536ec354c3cabbbac14550,10.000000000000004,0,0.0,0,Smac2D,ac8fedfe57602547790bd5fb265e4b9ef760bfd71c74664e1e5af95bffe759bd,201,,,,,,,,,,,,,,,,,,,,,,,,,,,,,,,,,,,,,,,,,,,,e8498c06aca21fa36658e3a5088771b04f886063aa090e97e2f15f212683104f,0,1,central_cross_east_west,True,5.163857740423712e-12,5.027393058785796e-06,10.000000000000004,1,0.007320392000110587
0.0,5.6843383285462087e-11,0.0,0.0,,1.1282437246660393,0.6646446708446498,0.9146446745699401,0,400,2.384185791016065e-05,constrained,0.05,201,e8498c06aca21fa36658e3a5088771b04f886063aa090e97e2f15f212683104f,10.000000000000007,0,0.0,0,Smac2D,ac8fedfe57602547790bd5fb265e4b9ef760bfd71c74664e1e5af95bffe759bd,201,,,,,,,,,,,,,,,,,,,,,,,,,,,,,,,,,,,,,,,,,,,,e8498c06aca21fa36658e3a5088771b04f886063aa090e97e2f15f212683104f,0,1,central_cross_east_west,True,5.6843383285462087e-11,2.384185791016065e-05,10.000000000000007,1,0.007868364999012556
0.006,0.0,5.960464477539063e-08,5.930736280492324e-08,,1.125572396351809,0.6646446708446498,0.9146446745699401,0,278,0.0,pstmo,0.05,201,479cf1be68e61c0d5dce860d455a1ea8b77d8b6babb0bf590dd0854ee63b33aa,10.000000000000007,0,0.0,0,Smac2D,ac8fedfe57602547790bd5fb265e4b9ef760bfd71c74664e1e5af95bffe759bd,201,0,0,0,"[[5, 0], [-5, 0]]",201,0.075,5.96046e-08,0.15,0,2,0,1,[],0,0,0,True,0,0,0,2,2,,0.00122581,0,252,0,201,0,1,0,"[[5, 0], [-5, 0]]",condition_then_los,201,0,0,{},0.00441757,hierarchical_alpha_two_trim,0.05,,derived_preferred_compatible,0,e8498c06aca21fa36658e3a5088771b04f886063aa090e97e2f15f212683104f,0,1,central_cross_east_west,True,0.0,0.0,10.000000000000007,1,0.010595747000479605
0.003,7.99360069510589e-12,6.938893903907228e-18,6.30808536718839e-19,,1.0400141005347594,0.6646446708446498,0.814644673079824,0,240,8.940696716308851e-06,raw,0.05,121,93356d7d2a92d660925d653fdc7cb3669bdab183ef98ab7daaf1ba2fef208c2a,5.999999999999987,0,0.0,0,Smac2D,de5ebbe6159cc8e4787c0ec8db7e0d311d097ffd5615b69ca2b90f81c49f873f,121,,,,,,,,,,,,,,,,,,,,,,,,,,,,,,,,,,,,,,,,,,,,93356d7d2a92d660925d653fdc7cb3669bdab183ef98ab7daaf1ba2fef208c2a,0,1,west_service_lane,True,7.99360069510589e-12,8.940696716308851e-06,5.999999999999987,1,0.003449457999522565
0.003,1.1457983744468115e-13,1.571206542649861e-08,2.616896355668419e-09,,1.044121666944128,0.6646446708446498,0.8646446738248821,0,232,6.096509963526809e-07,simple,0.05,121,2040c06304fb6171e5b1854facc788d35ece368cf1f290139ff3dcffdc9b27db,5.999999999999984,0,0.0,0,Smac2D,de5ebbe6159cc8e4787c0ec8db7e0d311d097ffd5615b69ca2b90f81c49f873f,121,,,,,,,,,,,,,,,,,,,,,,,,,,,,,,,,,,,,,,,,,,,,93356d7d2a92d660925d653fdc7cb3669bdab183ef98ab7daaf1ba2fef208c2a,0,1,west_service_lane,True,1.1457983744468115e-13,6.096509963526809e-07,5.999999999999984,1,0.005198581999138696
0.0,7.261672368586331e-13,1.0574524367258382e-08,1.4524620473388154e-09,,1.0444657231849468,0.6646446708446498,0.8646446738248821,0,231,1.8852706062944232e-06,savitzky_golay,0.05,121,28222f86eb9c9c34fe6fec6348204113d78972e588667e578f9e11b02d868c25,5.999999999999984,0,0.0,0,Smac2D,de5ebbe6159cc8e4787c0ec8db7e0d311d097ffd5615b69ca2b90f81c49f873f,121,,,,,,,,,,,,,,,,,,,,,,,,,,,,,,,,,,,,,,,,,,,,93356d7d2a92d660925d653fdc7cb3669bdab183ef98ab7daaf1ba2fef208c2a,0,1,west_service_lane,True,7.261672368586331e-13,1.8852706062944232e-06,5.999999999999984,1,0.005939153001236264
0.003,7.99360069510589e-12,6.938893903907228e-18,6.30808536718839e-19,,1.0400141005347594,0.6646446708446498,0.814644673079824,0,240,8.940696716308851e-06,constrained,0.05,121,93356d7d2a92d660925d653fdc7cb3669bdab183ef98ab7daaf1ba2fef208c2a,5.999999999999987,0,0.0,0,Smac2D,de5ebbe6159cc8e4787c0ec8db7e0d311d097ffd5615b69ca2b90f81c49f873f,121,,,,,,,,,,,,,,,,,,,,,,,,,,,,,,,,,,,,,,,,,,,,93356d7d2a92d660925d653fdc7cb3669bdab183ef98ab7daaf1ba2fef208c2a,0,1,west_service_lane,True,7.99360069510589e-12,8.940696716308851e-06,5.999999999999987,1,0.008399076999921817
0.003,0.0,2.2351741790771484e-08,2.2166246891349556e-08,,1.0357297515405657,0.6646446708446498,0.814644673079824,0,168,0.0,pstmo,0.05,121,35082b7d5b07485498c65a58ce4f72c134d575cc303ef09b4dfcf81016e9b75c,5.999999999999987,0,0.0,0,Smac2D,de5ebbe6159cc8e4787c0ec8db7e0d311d097ffd5615b69ca2b90f81c49f873f,121,0,0,0,"[[-4.5, -3], [-4.5, 3]]",121,0.075,2.23517e-08,0.15,0,2,0,1,[],0,0,0,True,0,0,0,2,2,,0.00117522,0,252,0,121,0,1,0,"[[-4.5, -3], [-4.5, 3]]",condition_then_los,121,0,0,{},0.00352131,hierarchical_alpha_two_trim,0.05,,derived_preferred_compatible,0,93356d7d2a92d660925d653fdc7cb3669bdab183ef98ab7daaf1ba2fef208c2a,0,1,west_service_lane,True,0.0,0.0,5.999999999999987,1,0.010349817001042538
0.0,5.684338328545883e-11,6.938893903907228e-18,6.30808536718839e-19,,0.6141262495039757,0.5146446686094757,0.5146446686094757,0,240,2.384185791016065e-05,raw,0.05,121,9499390e7f5fe9ad6886b6d5a7112b31001fbbf74bd66e49a83fb7ec927a0f26,5.999999999999987,0,0.0,0,Smac2D,2c1d8389054a1b4964704c5d3649bb6d0de6385719073ecc7114d931b1fdf193,121,,,,,,,,,,,,,,,,,,,,,,,,,,,,,,,,,,,,,,,,,,,,9499390e7f5fe9ad6886b6d5a7112b31001fbbf74bd66e49a83fb7ec927a0f26,0,1,picking_aisle_a,True,5.684338328545883e-11,2.384185791016065e-05,5.999999999999987,1,0.0036607279998861486
0.0,8.146088926377341e-13,4.1900494407443034e-08,6.979241464042242e-09,,0.6175566488451653,0.5146446686094757,0.5146446686094757,0,232,1.6254666945770033e-06,simple,0.05,121,9809f5e702484a0ac5aa002242cc82db2f80be63997169cce57a408b31502386,5.9999999999999885,0,0.0,0,Smac2D,2c1d8389054a1b4964704c5d3649bb6d0de6385719073ecc7114d931b1fdf193,121,,,,,,,,,,,,,,,,,,,,,,,,,,,,,,,,,,,,,,,,,,,,9499390e7f5fe9ad6886b6d5a7112b31001fbbf74bd66e49a83fb7ec927a0f26,0,1,picking_aisle_a,True,8.146088926377341e-13,1.6254666945770033e-06,5.9999999999999885,1,0.00486960799935332
0.0,5.163855110801546e-12,2.8198733570426117e-08,3.873232382605191e-09,,0.6180021552531121,0.5146446686094757,0.5146446686094757,0,231,5.02738775054532e-06,savitzky_golay,0.05,121,fe6e1aabc94c7c6853aef77f86b0016b8636d77443fa7431cf787456c49443c3,5.999999999999985,0,0.0,0,Smac2D,2c1d8389054a1b4964704c5d3649bb6d0de6385719073ecc7114d931b1fdf193,121,,,,,,,,,,,,,,,,,,,,,,,,,,,,,,,,,,,,,,,,,,,,9499390e7f5fe9ad6886b6d5a7112b31001fbbf74bd66e49a83fb7ec927a0f26,0,1,picking_aisle_a,True,5.163855110801546e-12,5.02738775054532e-06,5.999999999999985,1,0.005092773000797024
0.0,5.684338328545883e-11,6.938893903907228e-18,6.30808536718839e-19,,0.6141262495039757,0.5146446686094757,0.5146446686094757,0,240,2.384185791016065e-05,constrained,0.05,121,9499390e7f5fe9ad6886b6d5a7112b31001fbbf74bd66e49a83fb7ec927a0f26,5.999999999999987,0,0.0,0,Smac2D,2c1d8389054a1b4964704c5d3649bb6d0de6385719073ecc7114d931b1fdf193,121,,,,,,,,,,,,,,,,,,,,,,,,,,,,,,,,,,,,,,,,,,,,9499390e7f5fe9ad6886b6d5a7112b31001fbbf74bd66e49a83fb7ec927a0f26,0,1,picking_aisle_a,True,5.684338328545883e-11,2.384185791016065e-05,5.999999999999987,1,0.005424684999525198
0.003,0.0,5.960464477539063e-08,5.910999171273303e-08,,0.6084370147255387,0.5146446686094757,0.5146446686094757,0,168,0.0,pstmo,0.05,121,a8bc75e5bc1b19b596421bea50d7ca314506dc731d25a0f548bed519502df9ed,5.999999999999987,0,0.0,0,Smac2D,2c1d8389054a1b4964704c5d3649bb6d0de6385719073ecc7114d931b1fdf193,121,0,0,0,"[[-2, -3], [-2, 3]]",121,0.075,5.96046e-08,0.15,0,2,0,1,[],0,0,0,True,0,0,0,2,2,,0.00109991,0,252,0,121,0,1,0,"[[-2, -3], [-2, 3]]",condition_then_los,121,0,0,{},0.0033326,hierarchical_alpha_two_trim,0.05,,derived_preferred_compatible,0,9499390e7f5fe9ad6886b6d5a7112b31001fbbf74bd66e49a83fb7ec927a0f26,0,1,picking_aisle_a,True,0.0,0.0,5.999999999999987,1,0.007862644000852015
0.0,1.278976123923973e-10,0.0,0.0,,0.6141262495039757,0.5146446686094757,0.5146446686094757,0,240,3.576278686524876e-05,raw,0.05,121,2cc977cd1ccfe6de8e03b977adf4e61bbfbb91ab9222a14c73851f15bde73dc7,5.999999999999987,0,0.0,0,Smac2D,12bafca24469387731b929cc01311648e2461d5999b8195fd5bb88c1d51f1bc1,121,,,,,,,,,,,,,,,,,,,,,,,,,,,,,,,,,,,,,,,,,,,,2cc977cd1ccfe6de8e03b977adf4e61bbfbb91ab9222a14c73851f15bde73dc7,0,1,picking_aisle_b,True,1.278976123923973e-10,3.576278686524876e-05,5.999999999999987,1,0.005793071999505628
0.0,1.833092881459496e-12,6.284896991184929e-08,1.0468113597008132e-08,,0.6175566488451653,0.5146446686094757,0.5146446686094757,0,232,2.4383730101388964e-06,simple,0.05,121,322cd69776f1388e21856426ffb848fe1ca8644792d9360394f8d8343a6b139b,5.999999999999987,0,0.0,0,Smac2D,12bafca24469387731b929cc01311648e2461d5999b8195fd5bb88c1d51f1bc1,121,,,,,,,,,,,,,,,,,,,,,,,,,,,,,,,,,,,,,,,,,,,,2cc977cd1ccfe6de8e03b977adf4e61bbfbb91ab9222a14c73851f15bde73dc7,0,1,picking_aisle_b,True,1.833092881459496e-12,2.4383730101388964e-06,5.999999999999987,1,0.005503832000613329
0.0,1.1618673899879428e-11,4.229810067279411e-08,5.809848615378206e-09,,0.6180021552531121,0.5146446686094757,0.5146446686094757,0,231,7.541081661517238e-06,savitzky_golay,0.05,121,7c21c011fb572d184b590812cf18df1eb2adc754c8f89284770a1e5c286b332a,5.999999999999986,0,0.0,0,Smac2D,12bafca24469387731b929cc01311648e2461d5999b8195fd5bb88c1d51f1bc1,121,,,,,,,,,,,,,,,,,,,,,,,,,,,,,,,,,,,,,,,,,,,,2cc977cd1ccfe6de8e03b977adf4e61bbfbb91ab9222a14c73851f15bde73dc7,0,1,picking_aisle_b,True,1.1618673899879428e-11,7.541081661517238e-06,5.999999999999986,1,0.004624612998668454
0.0,1.278976123923973e-10,0.0,0.0,,0.6141262495039757,0.5146446686094757,0.5146446686094757,0,240,3.576278686524876e-05,constrained,0.05,121,2cc977cd1ccfe6de8e03b977adf4e61bbfbb91ab9222a14c73851f15bde73dc7,5.999999999999987,0,0.0,0,Smac2D,12bafca24469387731b929cc01311648e2461d5999b8195fd5bb88c1d51f1bc1,121,,,,,,,,,,,,,,,,,,,,,,,,,,,,,,,,,,,,,,,,,,,,2cc977cd1ccfe6de8e03b977adf4e61bbfbb91ab9222a14c73851f15bde73dc7,0,1,picking_aisle_b,True,1.278976123923973e-10,3.576278686524876e-05,5.999999999999987,1,0.0058962570001313
0.003,0.0,8.940696716308594e-08,8.86649875690981e-08,,0.6084370147255387,0.5146446686094757,0.5146446686094757,0,168,0.0,pstmo,0.05,121,a2015fe67e644625dbdaadecb510c4eeb98e218f9de7188ae9b0589bf04658f5,5.999999999999987,0,0.0,0,Smac2D,12bafca24469387731b929cc01311648e2461d5999b8195fd5bb88c1d51f1bc1,121,0,0,0,"[[0, 3], [0, -3]]",121,0.075,8.9407e-08,0.15,0,2,0,1,[],0,0,0,True,0,0,0,2,2,,0.000794495,0,252,0,121,0,1,0,"[[0, 3], [0, -3]]",condition_then_los,121,0,0,{},0.00264414,hierarchical_alpha_two_trim,0.05,,derived_preferred_compatible,0,2cc977cd1ccfe6de8e03b977adf4e61bbfbb91ab9222a14c73851f15bde73dc7,0,1,picking_aisle_b,True,0.0,0.0,5.999999999999987,1,0.006836189000750892
0.0,2.2737353314207766e-10,6.938893903907228e-18,6.30808536718839e-19,,0.6141262495039757,0.5146446686094757,0.5146446686094757,0,240,4.768371582034672e-05,raw,0.05,121,7b0e1deff8461c98bec12a71d5908c7e119da927cfe5733b6346ad9b0586cc0e,5.999999999999987,0,0.0,0,Smac2D,14604b20128dce02316fa31bcd08a9fbad4cb49c1e0a068a1833273ad23c3018,121,,,,,,,,,,,,,,,,,,,,,,,,,,,,,,,,,,,,,,,,,,,,7b0e1deff8461c98bec12a71d5908c7e119da927cfe5733b6346ad9b0586cc0e,0,1,picking_aisle_c,True,2.2737353314207766e-10,4.768371582034672e-05,5.999999999999987,1,0.0033598169993638294
0.0,3.257977009647753e-12,8.380316263156828e-08,1.3959618108917189e-08,,0.6175566488451653,0.5146446686094757,0.5146446686094757,0,232,3.2505834468568896e-06,simple,0.05,121,cf8fed044acead35dba37cc25281e2a620e2d4571b6669cd643a0442c8247535,5.999999999999986,0,0.0,0,Smac2D,14604b20128dce02316fa31bcd08a9fbad4cb49c1e0a068a1833273ad23c3018,121,,,,,,,,,,,,,,,,,,,,,,,,,,,,,,,,,,,,,,,,,,,,7b0e1deff8461c98bec12a71d5908c7e119da927cfe5733b6346ad9b0586cc0e,0,1,picking_aisle_c,True,3.257977009647753e-12,3.2505834468568896e-06,5.999999999999986,1,0.006117543000073056
0.0,2.0655419783459337e-11,5.639746802915078e-08,7.746464877141208e-09,,0.6180021552531121,0.5146446686094757,0.5146446686094757,0,231,1.0054774968188025e-05,savitzky_golay,0.05,121,52768c133d37315ac54b8a322d5209446e85a3234a6c8a17941cef70146ea9ec,5.999999999999982,0,0.0,0,Smac2D,14604b20128dce02316fa31bcd08a9fbad4cb49c1e0a068a1833273ad23c3018,121,,,,,,,,,,,,,,,,,,,,,,,,,,,,,,,,,,,,,,,,,,,,7b0e1deff8461c98bec12a71d5908c7e119da927cfe5733b6346ad9b0586cc0e,0,1,picking_aisle_c,True,2.0655419783459337e-11,1.0054774968188025e-05,5.999999999999982,1,0.004859804001171142
0.009000000000000001,2.6878719683569186e-10,5.2224652602461674e-08,6.730266702403289e-09,,0.614962229175358,0.5146446686094757,0.5146446686094757,0,238,4.0601363870961905e-05,constrained,0.05,121,de4c03281cf2cc04f5615dbd8bac55582e475200e244e890f5beef0fec770d17,5.999999999999988,0,0.0,0,Smac2D,14604b20128dce02316fa31bcd08a9fbad4cb49c1e0a068a1833273ad23c3018,121,,,,,,,,,,,,,,,,,,,,,,,,,,,,,,,,,,,,,,,,,,,,7b0e1deff8461c98bec12a71d5908c7e119da927cfe5733b6346ad9b0586cc0e,0,1,picking_aisle_c,True,2.6878719683569186e-10,4.0601363870961905e-05,5.999999999999988,1,0.013502001000233577
0.003,0.0,1.1920928955078125e-07,1.1821998342546818e-07,,0.6084370147255387,0.5146446686094757,0.5146446686094757,0,168,0.0,pstmo,0.05,121,6dd3b9a8ef2248cf6a49340acb7ab58946a37cd987925b6f8d9c9152c37978f0,5.999999999999987,0,0.0,0,Smac2D,14604b20128dce02316fa31bcd08a9fbad4cb49c1e0a068a1833273ad23c3018,121,0,0,0,"[[2, -3], [2, 3]]",121,0.075,1.19209e-07,0.15,0,2,0,1,[],0,0,0,True,0,0,0,2,2,,0.00114667,0,252,0,121,0,1,0,"[[2, -3], [2, 3]]",condition_then_los,121,0,0,{},0.0035243,hierarchical_alpha_two_trim,0.05,,derived_preferred_compatible,0,7b0e1deff8461c98bec12a71d5908c7e119da927cfe5733b6346ad9b0586cc0e,0,1,picking_aisle_c,True,0.0,0.0,5.999999999999987,1,0.008198618999813334
0.0,3.916864385080471e-10,0.0,0.0,,1.0400141005347594,0.6646446708446498,0.814644673079824,0,240,6.258487701423671e-05,raw,0.05,121,033d4f6d5ce5ee937d74ea78855d6a12bd961735dd80468f8545a2a009275ecf,5.999999999999987,0,0.0,0,Smac2D,e6b1950484d6b9f1702a2eb8843ba7031df9d5857637f4a9c2f8023b59d13625,121,,,,,,,,,,,,,,,,,,,,,,,,,,,,,,,,,,,,,,,,,,,,033d4f6d5ce5ee937d74ea78855d6a12bd961735dd80468f8545a2a009275ecf,0,1,east_service_lane,True,3.916864385080471e-10,6.258487701423671e-05,5.999999999999987,1,0.004328397999415756
0.0,5.612585250168333e-12,1.099908040208375e-07,1.8321581191359227e-08,,1.044121666944128,0.6646446708446498,0.8646446738248821,0,232,4.266517450447218e-06,simple,0.05,121,32d727b8340e66e32ee67673edbdc3444c113ed4ccb727014a2c9851df45ad15,5.999999999999985,0,0.0,0,Smac2D,e6b1950484d6b9f1702a2eb8843ba7031df9d5857637f4a9c2f8023b59d13625,121,,,,,,,,,,,,,,,,,,,,,,,,,,,,,,,,,,,,,,,,,,,,033d4f6d5ce5ee937d74ea78855d6a12bd961735dd80468f8545a2a009275ecf,0,1,east_service_lane,True,5.612585250168333e-12,4.266517450447218e-06,5.999999999999985,1,0.005565706000197679
0.0,3.558218717577544e-11,7.402167767659113e-08,1.0167235212791223e-08,,1.0444657231849468,0.6646446708446498,0.8646446738248821,0,231,1.31968924677161e-05,savitzky_golay,0.05,121,b58c21e6df55a317fd85226b1f38b6b5091fe1550c3ef8a3772135febbe0c352,5.999999999999982,0,0.0,0,Smac2D,e6b1950484d6b9f1702a2eb8843ba7031df9d5857637f4a9c2f8023b59d13625,121,,,,,,,,,,,,,,,,,,,,,,,,,,,,,,,,,,,,,,,,,,,,033d4f6d5ce5ee937d74ea78855d6a12bd961735dd80468f8545a2a009275ecf,0,1,east_service_lane,True,3.558218717577544e-11,1.31968924677161e-05,5.999999999999982,1,0.007315545999517781
0.006,5.01312256613354e-10,7.021116932293126e-08,9.028651752077095e-09,,1.0416978772329306,0.6646446708446498,0.8571446737131234,0,238,5.5705945101182186e-05,constrained,0.05,121,1653123517b1e35450602973733c0a16c22054538587914a869f253c145f8ac2,5.999999999999985,0,0.0,0,Smac2D,e6b1950484d6b9f1702a2eb8843ba7031df9d5857637f4a9c2f8023b59d13625,121,,,,,,,,,,,,,,,,,,,,,,,,,,,,,,,,,,,,,,,,,,,,033d4f6d5ce5ee937d74ea78855d6a12bd961735dd80468f8545a2a009275ecf,0,1,east_service_lane,True,5.01312256613354e-10,5.5705945101182186e-05,5.999999999999985,1,0.012950730999364168
0.003,0.0,1.564621925354004e-07,1.5516372824685488e-07,,1.0357297515405657,0.6646446708446498,0.814644673079824,0,168,0.0,pstmo,0.05,121,a5ddd876b9316c46a274bc12b599dfb899cd796194b185f718877a97178a89c8,5.999999999999987,0,0.0,0,Smac2D,e6b1950484d6b9f1702a2eb8843ba7031df9d5857637f4a9c2f8023b59d13625,121,0,0,0,"[[4.5, 3], [4.5, -3]]",121,0.075,1.56462e-07,0.15,0,2,0,1,[],0,0,0,True,0,0,0,2,2,,0.000711598,0,252,0,121,0,1,0,"[[4.5, 3], [4.5, -3]]",condition_then_los,121,0,0,{},0.00243685,hierarchical_alpha_two_trim,0.05,,derived_preferred_compatible,0,033d4f6d5ce5ee937d74ea78855d6a12bd961735dd80468f8545a2a009275ecf,0,1,east_service_lane,True,0.0,0.0,5.999999999999987,1,0.007066299000143772
0.003,5.382961679799618,2.220446049250313e-16,3.203432735084718e-17,,0.4010963990162556,0.2146446641391273,0.2146446641391273,0,272,2.2994144342154526,raw,0.05,137,cc0ecf0017a72da480d65110187e446c0d92de60b1d659107dd78c8d29474526,7.699847732625692,0,0.0,0,Smac2D,1965a41fa15696aeb49a2166c2d0c6c449b4d835e335955b70c1665f16d27353,156,,,,,,,,,,,,,,,,,,,,,,,,,,,,,,,,,,,,,,,,,,,,cc0ecf0017a72da480d65110187e446c0d92de60b1d659107dd78c8d29474526,0,1,cross_aisle_transfer,True,5.382961679799618,2.2994144342154526,7.699847732625692,1,0.005157019999387558
0.003,3.725878319013567,0.022626850756488622,0.009491261939294764,,0.3971550856466635,0.18825146149581692,0.2146446641391273,0,271,1.6212888344951515,simple,0.05,137,e56e55df712a253adb2ec28319f54f37cb0d6fe9c23e26f5a728ef542b23c494,7.6450227116105784,0,0.0,0,Smac2D,1965a41fa15696aeb49a2166c2d0c6c449b4d835e335955b70c1665f16d27353,154,,,,,,,,,,,,,,,,,,,,,,,,,,,,,,,,,,,,,,,,,,,,cc0ecf0017a72da480d65110187e446c0d92de60b1d659107dd78c8d29474526,0,1,cross_aisle_transfer,True,3.725878319013567,1.6212888344951515,7.6450227116105784,1,0.006213598000613274
0.0,4.992220348952767,0.001900765769872221,0.0004988693936725119,,0.40134781164124594,0.2146446641391273,0.2146446641391273,0,270,2.152679915239211,savitzky_golay,0.05,137,5f85fd793387eea026960c50c43ba5ac54695970b5e380c86e9596df78d1ad58,7.69823209072043,0,0.0,0,Smac2D,1965a41fa15696aeb49a2166c2d0c6c449b4d835e335955b70c1665f16d27353,155,,,,,,,,,,,,,,,,,,,,,,,,,,,,,,,,,,,,,,,,,,,,cc0ecf0017a72da480d65110187e446c0d92de60b1d659107dd78c8d29474526,0,1,cross_aisle_transfer,True,4.992220348952767,2.152679915239211,7.69823209072043,1,0.006218128000909928
0.012,5.1614931339721695,0.025279334877219308,0.006459021150673636,,0.4087280875700846,0.23390290478282266,0.2474873771031409,0,261,2.069836178153285,constrained,0.05,137,6a28d0901276707f6cd457b7c807725cb382fe6812113ef99a60d81dbb2c3014,7.7256950634666675,0,0.0,0,Smac2D,1965a41fa15696aeb49a2166c2d0c6c449b4d835e335955b70c1665f16d27353,156,,,,,,,,,,,,,,,,,,,,,,,,,,,,,,,,,,,,,,,,,,,,cc0ecf0017a72da480d65110187e446c0d92de60b1d659107dd78c8d29474526,0,1,cross_aisle_transfer,True,5.1614931339721695,2.069836178153285,7.7256950634666675,1,0.0172743029997946
0.030000000000000002,1.0213917523809035,0.4004322706489896,0.1798742832680414,,0.2614097230806913,0.014644661158895074,0.014644661158895074,0,413,1.182150584693554,pstmo,0.05,407,e286309bff037c5af2ea350cdd40ce29a042346bab8b306dc2355d711e0ad369,7.282539333323738,0,0.0,0,Smac2D,1965a41fa15696aeb49a2166c2d0c6c449b4d835e335955b70c1665f16d27353,147,10,4,2,"[[-2, -2.8], [-1.66776, -1.1], [0.15, 0.714641], [1.24972, 0.828039], [1.58149, 1.01138], [1.77489, 1.40008], [1.81324, 2.3], [2, 2.8]]",137,0.075,0.0545996,0.15,0,8,0,7,"[{'index': 0, 'x': -1.66776, 'y': -1.1, 'turn_angle': -0.749697, 'incoming_length': 1.73216, 'outgoing_length': 4.25468, 'pivot_safe': True, 'pass_through': False, 'equivalent_radius_min': 2.03329, 'equivalent_radius_max': 2.03329, 'trim_min': 0.8, 'trim_max': 0.8, 'trim_evaluations': 1, 'preferred_trim': 0.8, 'compatible_trim': 0.8, 'coarse_evaluations': 5, 'recovery_evaluations': 0, 'refinement_evaluations': 8, 'evaluations': 13, 'safe_feasible': 12, 'states': 2, 'selected_radius': 2.03329, 'selected_trim': 0.8, 'selected_control_distance': 0.256, 'selected_control_fraction': 0.32, 'selected_curvature_energy': 0.389187, 'selected_score': 0.382863}, {'index': 1, 'x': 1.77489, 'y': 1.40008, 'turn_angle': 0.783264, 'incoming_length': 4.25468, 'outgoing_length': 1.41791, 'pivot_safe': True, 'pass_through': False, 'equivalent_radius_min': 1.93722, 'equivalent_radius_max': 1.93722, 'trim_min': 0.8, 'trim_max': 0.8, 'trim_evaluations': 1, 'preferred_trim': 0.8, 'compatible_trim': 0.8, 'coarse_evaluations': 5, 'recovery_evaluations': 0, 'refinement_evaluations': 9, 'evaluations': 14, 'safe_feasible': 6, 'states': 2, 'selected_radius': 1.93722, 'selected_trim': 0.8, 'selected_control_distance': 0.36, 'selected_control_fraction': 0.45, 'selected_curvature_energy': 0.635958, 'selected_score': 0.486108}]",2,4,27,True,2,2,10,8,4,,0.00312363,8,252,0.434486,407,0,1,0,"[[-2, -2.8], [-1.66776, -1.1], [1.77489, 1.40008], [2, 2.8]]",condition_then_los,137,0,17,{'shape_swept_footprint': 9},0.0300149,hierarchical_alpha_two_trim,0.05,,derived_preferred_compatible,2,cc0ecf0017a72da480d65110187e446c0d92de60b1d659107dd78c8d29474526,0,1,cross_aisle_transfer,True,1.0213917523809035,1.182150584693554,7.282539333323738,1,0.04402852300154336
0.0,1.2962439759067574e-11,1.3877787807814457e-17,1.6954416256648446e-18,,1.1240591582355401,0.6646446708446498,0.8796446740483995,0,227,1.0794742392936782e-05,raw,0.05,114,c5a2b937e68a414b240de5c81a135c6952e8720cc29406dd579d2e1147d8e111,10.000000000000002,0,0.0,0,SmacHybrid,2d41f3974bd1a4921c9436968384fab843647d28de175ead1304dfa0d664bd36,201,,,,,,,,,,,,,,,,,,,,,,,,,,,,,,,,,,,,,,,,,,,,c5a2b937e68a414b240de5c81a135c6952e8720cc29406dd579d2e1147d8e111,0,1,central_cross_west_east,True,1.2962439759067574e-11,1.0794742392936782e-05,10.000000000000002,1,0.004600275999109726
0.0,2.100836770125845e-13,4.053553918494126e-08,6.458744223668525e-09,,1.123864254619871,0.6646446708446498,0.8796446740483995,0,227,1.001620066530643e-06,simple,0.05,114,abd66c09142e7a0d823afafa265742118fe56da79fc429073123a6f198cf5a65,10.000000000000007,0,0.0,0,SmacHybrid,2d41f3974bd1a4921c9436968384fab843647d28de175ead1304dfa0d664bd36,201,,,,,,,,,,,,,,,,,,,,,,,,,,,,,,,,,,,,,,,,,,,,c5a2b937e68a414b240de5c81a135c6952e8720cc29406dd579d2e1147d8e111,0,1,central_cross_west_east,True,2.100836770125845e-13,1.001620066530643e-06,10.000000000000007,1,0.005277423000734416
0.0,1.3521803810130433e-12,2.6281971190991865e-08,3.216911431586342e-09,,1.1224317867930818,0.6646446708446498,0.8646446738248821,0,228,2.5609020601174646e-06,savitzky_golay,0.05,114,89e4e04f2fac02f521a35e682ada39e84048d300b727a4b91ca5f63b43428272,10.000000000000005,0,0.0,0,SmacHybrid,2d41f3974bd1a4921c9436968384fab843647d28de175ead1304dfa0d664bd36,201,,,,,,,,,,,,,,,,,,,,,,,,,,,,,,,,,,,,,,,,,,,,c5a2b937e68a414b240de5c81a135c6952e8720cc29406dd579d2e1147d8e111,0,1,central_cross_west_east,True,1.3521803810130433e-12,2.5609020601174646e-06,10.000000000000005,1,0.006129953000709065
0.0,1.2962439759067574e-11,1.3877787807814457e-17,1.6954416256648446e-18,,1.1240591582355401,0.6646446708446498,0.8796446740483995,0,227,1.0794742392936782e-05,constrained,0.05,114,c5a2b937e68a414b240de5c81a135c6952e8720cc29406dd579d2e1147d8e111,10.000000000000002,0,0.0,0,SmacHybrid,2d41f3974bd1a4921c9436968384fab843647d28de175ead1304dfa0d664bd36,201,,,,,,,,,,,,,,,,,,,,,,,,,,,,,,,,,,,,,,,,,,,,c5a2b937e68a414b240de5c81a135c6952e8720cc29406dd579d2e1147d8e111,0,1,central_cross_west_east,True,1.2962439759067574e-11,1.0794742392936782e-05,10.000000000000002,1,0.005537703000300098
0.006,0.0,5.960464477539063e-08,5.912500033731205e-08,,1.125572396351809,0.6646446708446498,0.9146446745699401,0,278,0.0,pstmo,0.05,201,706b704736f170d546f9a9d8fb9c47f6ae21740ce6296086740e4f4c25c02c08,10.000000000000007,0,0.0,0,SmacHybrid,2d41f3974bd1a4921c9436968384fab843647d28de175ead1304dfa0d664bd36,201,0,0,0,"[[-5, 0], [5, 0]]",114,0.075,5.96046e-08,0.15,0,2,0,1,[],0,0,0,True,0,0,0,2,2,,0.00154424,0,252,0,201,0,1,0,"[[-5, 0], [5, 0]]",condition_then_los,114,0,0,{},0.00534288,hierarchical_alpha_two_trim,0.05,,derived_preferred_compatible,0,c5a2b937e68a414b240de5c81a135c6952e8720cc29406dd579d2e1147d8e111,0,1,central_cross_west_east,True,0.0,0.0,10.000000000000007,1,0.013064439999652677
0.0,1.2715401730556065e-11,2.3161057151484775e-22,2.2994670635389118e-23,,1.1225569786454743,0.6646446708446498,0.8796446740483995,0,227,1.0794689622283712e-05,raw,0.05,114,5c75f4c5502f6281862a32969d8f84c78fe120d1d5a4255008c18b7f9b1e650e,10.000000000000002,0,0.0,0,SmacHybrid,d937a1114525f6aa0970622d32be387b8be99f90af9af26ad94571fb3e2914e6,201,,,,,,,,,,,,,,,,,,,,,,,,,,,,,,,,,,,,,,,,,,,,5c75f4c5502f6281862a32969d8f84c78fe120d1d5a4255008c18b7f9b1e650e,0,1,central_cross_east_west,True,1.2715401730556065e-11,1.0794689622283712e-05,10.000000000000002,1,0.004258082999513135
0.0,2.0756548917149416e-13,4.053549702739411e-08,6.478886328999611e-09,,1.1241216558522449,0.6646446708446498,0.9146446745699401,0,227,1.0341180039739934e-06,simple,0.05,114,26e5180d0a152cd3307c44b9025735849a55fde6a2e422e7fa47f20669b8e27e,10.000000000000002,0,0.0,0,SmacHybrid,d937a1114525f6aa0970622d32be387b8be99f90af9af26ad94571fb3e2914e6,201,,,,,,,,,,,,,,,,,,,,,,,,,,,,,,,,,,,,,,,,,,,,5c75f4c5502f6281862a32969d8f84c78fe120d1d5a4255008c18b7f9b1e650e,0,1,central_cross_east_west,True,2.0756548917149416e-13,1.0341180039739934e-06,10.000000000000002,1,0.00530472599893983
0.0,1.297286801955107e-12,2.6281902635193976e-08,3.2281825906712886e-09,,1.1222227094747692,0.6646446708446498,0.8646446738248821,0,228,2.4595191823876754e-06,savitzky_golay,0.05,114,f7408bcf0ad594e2201166ee7b5a0b702d956b21d08b4ea50c871a1ae0413c2d,10.00000000000001,0,0.0,0,SmacHybrid,d937a1114525f6aa0970622d32be387b8be99f90af9af26ad94571fb3e2914e6,201,,,,,,,,,,,,,,,,,,,,,,,,,,,,,,,,,,,,,,,,,,,,5c75f4c5502f6281862a32969d8f84c78fe120d1d5a4255008c18b7f9b1e650e,0,1,central_cross_east_west,True,1.297286801955107e-12,2.4595191823876754e-06,10.00000000000001,1,0.005316527000104543
0.0,1.2715401730556065e-11,2.3161057151484775e-22,2.2994670635389118e-23,,1.1242384717594833,0.6646446708446498,0.9146446745699401,0,227,1.0794689622283712e-05,constrained,0.05,114,5c75f4c5502f6281862a32969d8f84c78fe120d1d5a4255008c18b7f9b1e650e,10.000000000000002,0,0.0,0,SmacHybrid,d937a1114525f6aa0970622d32be387b8be99f90af9af26ad94571fb3e2914e6,201,,,,,,,,,,,,,,,,,,,,,,,,,,,,,,,,,,,,,,,,,,,,5c75f4c5502f6281862a32969d8f84c78fe120d1d5a4255008c18b7f9b1e650e,0,1,central_cross_east_west,True,1.2715401730556065e-11,1.0794689622283712e-05,10.000000000000002,1,0.005176851998839993
0.006,0.0,5.960464477539063e-08,5.912294528070041e-08,,1.125572396351809,0.6646446708446498,0.9146446745699401,0,278,0.0,pstmo,0.05,201,479cf1be68e61c0d5dce860d455a1ea8b77d8b6babb0bf590dd0854ee63b33aa,10.000000000000007,0,0.0,0,SmacHybrid,d937a1114525f6aa0970622d32be387b8be99f90af9af26ad94571fb3e2914e6,201,0,0,0,"[[5, 0], [-5, 0]]",114,0.075,5.96046e-08,0.15,0,2,0,1,[],0,0,0,True,0,0,0,2,2,,0.00154901,0,252,0,201,0,1,0,"[[5, 0], [-5, 0]]",condition_then_los,114,0,0,{},0.0050268,hierarchical_alpha_two_trim,0.05,,derived_preferred_compatible,0,5c75f4c5502f6281862a32969d8f84c78fe120d1d5a4255008c18b7f9b1e650e,0,1,central_cross_east_west,True,0.0,0.0,10.000000000000007,1,0.01077538400022604
0.0,1.7842872356778729e-12,0.0,0.0,,1.0319003293174365,0.6646446708446498,0.8096446730053183,0,139,4.0480284013711165e-06,raw,0.05,70,20eadd53367f88532df9454cbe59cde048c724af0b398bea780608ec4f98915f,5.999999999999986,0,0.0,0,SmacHybrid,c598cc4e08218264ab4e4419afde39efd081186e04e22220977cfc4ced60cdd4,121,,,,,,,,,,,,,,,,,,,,,,,,,,,,,,,,,,,,,,,,,,,,20eadd53367f88532df9454cbe59cde048c724af0b398bea780608ec4f98915f,0,1,west_service_lane,True,1.7842872356778729e-12,4.0480284013711165e-06,5.999999999999986,1,0.0031428050006070407
0.0,2.916277923178563e-14,1.520082548722712e-08,3.1325729030523587e-09,,1.0333391782597403,0.6646446708446498,0.8096446730053183,0,139,3.8924312661947667e-07,simple,0.05,70,5df0cb5017e7d4740ed3e8eb778fb8701faec4083acf4804c7dc3a41c4542b0c,5.999999999999988,0,0.0,0,SmacHybrid,c598cc4e08218264ab4e4419afde39efd081186e04e22220977cfc4ced60cdd4,121,,,,,,,,,,,,,,,,,,,,,,,,,,,,,,,,,,,,,,,,,,,,20eadd53367f88532df9454cbe59cde048c724af0b398bea780608ec4f98915f,0,1,west_service_lane,True,2.916277923178563e-14,3.8924312661947667e-07,5.999999999999988,1,0.00441997999951127
0.0,1.816006965919401e-13,9.855738447583917e-09,1.5609306934278492e-09,,1.0307056460639181,0.6646446708446498,0.8121446730425711,0,140,9.178375393048825e-07,savitzky_golay,0.05,70,09a1d7394a5656ea8f4e6bc288c9ffe73acfe07010de0d832962993cef7a2adf,5.9999999999999885,0,0.0,0,SmacHybrid,c598cc4e08218264ab4e4419afde39efd081186e04e22220977cfc4ced60cdd4,121,,,,,,,,,,,,,,,,,,,,,,,,,,,,,,,,,,,,,,,,,,,,20eadd53367f88532df9454cbe59cde048c724af0b398bea780608ec4f98915f,0,1,west_service_lane,True,1.816006965919401e-13,9.178375393048825e-07,5.9999999999999885,1,0.004433647000041674
0.0,1.7842872356778729e-12,0.0,0.0,,1.0333391782597403,0.6646446708446498,0.8096446730053183,0,139,4.0480284013711165e-06,constrained,0.05,70,20eadd53367f88532df9454cbe59cde048c724af0b398bea780608ec4f98915f,5.999999999999986,0,0.0,0,SmacHybrid,c598cc4e08218264ab4e4419afde39efd081186e04e22220977cfc4ced60cdd4,121,,,,,,,,,,,,,,,,,,,,,,,,,,,,,,,,,,,,,,,,,,,,20eadd53367f88532df9454cbe59cde048c724af0b398bea780608ec4f98915f,0,1,west_service_lane,True,1.7842872356778729e-12,4.0480284013711165e-06,5.999999999999986,1,0.004126379000808811
0.003,0.0,2.2351741790771484e-08,2.20507119137018e-08,,1.0357297515405657,0.6646446708446498,0.814644673079824,0,168,0.0,pstmo,0.05,121,35082b7d5b07485498c65a58ce4f72c134d575cc303ef09b4dfcf81016e9b75c,5.999999999999987,0,0.0,0,SmacHybrid,c598cc4e08218264ab4e4419afde39efd081186e04e22220977cfc4ced60cdd4,121,0,0,0,"[[-4.5, -3], [-4.5, 3]]",70,0.075,2.23517e-08,0.15,0,2,0,1,[],0,0,0,True,0,0,0,2,2,,0.00119784,0,252,0,121,0,1,0,"[[-4.5, -3], [-4.5, 3]]",condition_then_los,70,0,0,{},0.00349027,hierarchical_alpha_two_trim,0.05,,derived_preferred_compatible,0,20eadd53367f88532df9454cbe59cde048c724af0b398bea780608ec4f98915f,0,1,west_service_lane,True,0.0,0.0,5.999999999999987,1,0.008533157999409013
0.0,1.3143939866232725e-11,6.938893903907228e-18,6.30808536718839e-19,,0.6056834993301239,0.5146446686094757,0.5146446686094757,0,141,1.0794742433263014e-05,raw,0.05,71,94be7bc63a8005351d80d2c99b3fac6eb929ed1db1ecac6d34ac2d79f69644bf,5.9999999999999805,0,0.0,0,SmacHybrid,8d056adbdf0120bb0829db4089502ce33c2d380c871a53582c3f9a31689e65c2,121,,,,,,,,,,,,,,,,,,,,,,,,,,,,,,,,,,,,,,,,,,,,94be7bc63a8005351d80d2c99b3fac6eb929ed1db1ecac6d34ac2d79f69644bf,0,1,picking_aisle_a,True,1.3143939866232725e-11,1.0794742433263014e-05,5.9999999999999805,1,0.003576850998797454
0.0,2.1265776465270371e-13,4.053553892546802e-08,8.307394860217734e-09,,0.6056834993301239,0.5146446686094757,0.5146446686094757,0,141,9.797624045404116e-07,simple,0.05,71,9734f3116ce917213d689e5bb027dd171846c9e09560ca22da326ca17624c7a6,5.999999999999987,0,0.0,0,SmacHybrid,8d056adbdf0120bb0829db4089502ce33c2d380c871a53582c3f9a31689e65c2,121,,,,,,,,,,,,,,,,,,,,,,,,,,,,,,,,,,,,,,,,,,,,94be7bc63a8005351d80d2c99b3fac6eb929ed1db1ecac6d34ac2d79f69644bf,0,1,picking_aisle_a,True,2.1265776465270371e-13,9.797624045404116e-07,5.999999999999987,1,0.004742529999930412
0.0,1.3936907239785613e-12,2.6281970821884215e-08,4.137117469617076e-09,,0.6050423808039223,0.5146446686094757,0.5146446686094757,0,142,2.6288740073711844e-06,savitzky_golay,0.05,71,325c2bdf8c6a2249e7b7fa5c685c339d4f19fa875931110f61764bcc90f8d72b,5.999999999999985,0,0.0,0,SmacHybrid,8d056adbdf0120bb0829db4089502ce33c2d380c871a53582c3f9a31689e65c2,121,,,,,,,,,,,,,,,,,,,,,,,,,,,,,,,,,,,,,,,,,,,,94be7bc63a8005351d80d2c99b3fac6eb929ed1db1ecac6d34ac2d79f69644bf,0,1,picking_aisle_a,True,1.3936907239785613e-12,2.6288740073711844e-06,5.999999999999985,1,0.004766519999975571
0.0,1.3143939866232725e-11,6.938893903907228e-18,6.30808536718839e-19,,0.6056834993301239,0.5146446686094757,0.5146446686094757,0,141,1.0794742433263014e-05,constrained,0.05,71,94be7bc63a8005351d80d2c99b3fac6eb929ed1db1ecac6d34ac2d79f69644bf,5.9999999999999805,0,0.0,0,SmacHybrid,8d056adbdf0120bb0829db4089502ce33c2d380c871a53582c3f9a31689e65c2,121,,,,,,,,,,,,,,,,,,,,,,,,,,,,,,,,,,,,,,,,,,,,94be7bc63a8005351d80d2c99b3fac6eb929ed1db1ecac6d34ac2d79f69644bf,0,1,picking_aisle_a,True,1.3143939866232725e-11,1.0794742433263014e-05,5.9999999999999805,1,0.0046785680005996255
0.006,0.0,5.960464477539063e-08,5.8808060599611486e-08,,0.6084370147255387,0.5146446686094757,0.5146446686094757,0,168,0.0,pstmo,0.05,121,a8bc75e5bc1b19b596421bea50d7ca314506dc731d25a0f548bed519502df9ed,5.999999999999987,0,0.0,0,SmacHybrid,8d056adbdf0120bb0829db4089502ce33c2d380c871a53582c3f9a31689e65c2,121,0,0,0,"[[-2, -3], [-2, 3]]",71,0.075,5.96046e-08,0.15,0,2,0,1,[],0,0,0,True,0,0,0,2,2,,0.00176993,0,252,0,121,0,1,0,"[[-2, -3], [-2, 3]]",condition_then_los,71,0,0,{},0.00462691,hierarchical_alpha_two_trim,0.05,,derived_preferred_compatible,0,94be7bc63a8005351d80d2c99b3fac6eb929ed1db1ecac6d34ac2d79f69644bf,0,1,picking_aisle_a,True,0.0,0.0,5.999999999999987,1,0.010470383998836041
0.003,0.5728924012761871,1.734723475976807e-17,2.7128860758450733e-18,,0.5971728609054332,0.4646446678644176,0.4646446678644176,0,141,2.106621113189366,raw,0.05,70,fc8ec6248febdda071c537c97dff7eaf65f02cb228ed2a5f72d0bcd35da8f789,6.002082045122355,0,0.0,0,SmacHybrid,182382ff1386aa9dac096b81fb6a6c026363712606968e0547e962453c47ec48,122,,,,,,,,,,,,,,,,,,,,,,,,,,,,,,,,,,,,,,,,,,,,fc8ec6248febdda071c537c97dff7eaf65f02cb228ed2a5f72d0bcd35da8f789,0,1,picking_aisle_b,True,0.5728924012761871,2.106621113189366,6.002082045122355,1,0.003562837000572472
0.0,0.0136410959086274,0.008807922701482807,0.001980130047781097,,0.6069934105635145,0.5146446686094757,0.5146446686094757,0,139,0.22894939597115457,simple,0.05,70,9075a766cb254a3a82e42228c20547b51080baf9b5edfcd8bd8e796f49f40d1b,6.000514884168887,0,0.0,0,SmacHybrid,182382ff1386aa9dac096b81fb6a6c026363712606968e0547e962453c47ec48,122,,,,,,,,,,,,,,,,,,,,,,,,,,,,,,,,,,,,,,,,,,,,fc8ec6248febdda071c537c97dff7eaf65f02cb228ed2a5f72d0bcd35da8f789,0,1,picking_aisle_b,True,0.0136410959086274,0.22894939597115457,6.000514884168887,1,0.0046689210012118565
0.0,0.0844706481955866,0.005439516761040175,0.0009003483356174141,,0.6038337766551615,0.4646446678644176,0.5121446685722227,0,140,0.8261226338414697,savitzky_golay,0.05,70,afeb903214b949595805ea6c5c13cd1c21adbcd9c8cbe5233e5d04859296ddaa,6.001173147804731,0,0.0,0,SmacHybrid,182382ff1386aa9dac096b81fb6a6c026363712606968e0547e962453c47ec48,122,,,,,,,,,,,,,,,,,,,,,,,,,,,,,,,,,,,,,,,,,,,,fc8ec6248febdda071c537c97dff7eaf65f02cb228ed2a5f72d0bcd35da8f789,0,1,picking_aisle_b,True,0.0844706481955866,0.8261226338414697,6.001173147804731,1,0.00486914499924751
0.006,0.295374948535635,0.002325788310885922,0.000507700045755407,,0.6037560004433309,0.4646446678644176,0.4646446678644176,0,139,1.3531000286646302,constrained,0.05,70,0059e9a4993a3bff0ec91f05d6e11191875c92f07509d0e80158bb7dc12693db,6.0019563714613176,0,0.0,0,SmacHybrid,182382ff1386aa9dac096b81fb6a6c026363712606968e0547e962453c47ec48,122,,,,,,,,,,,,,,,,,,,,,,,,,,,,,,,,,,,,,,,,,,,,fc8ec6248febdda071c537c97dff7eaf65f02cb228ed2a5f72d0bcd35da8f789,0,1,picking_aisle_b,True,0.295374948535635,1.3531000286646302,6.0019563714613176,1,0.009572892000505817
0.003,0.0,0.026578960202349712,0.007476676035165297,,0.6084370147255387,0.5146446686094757,0.5146446686094757,0,168,0.0,pstmo,0.05,121,a2015fe67e644625dbdaadecb510c4eeb98e218f9de7188ae9b0589bf04658f5,5.999999999999987,0,0.0,0,SmacHybrid,182382ff1386aa9dac096b81fb6a6c026363712606968e0547e962453c47ec48,121,0,0,0,"[[0, 3], [0, -3]]",70,0.075,0.0266782,0.15,0,2,0,1,[],0,0,0,True,0,0,0,2,2,,0.000917457,0,252,0,121,0,1,0,"[[0, 3], [0, -3]]",condition_then_los,70,0,0,{},0.00279919,hierarchical_alpha_two_trim,0.05,,derived_preferred_compatible,0,fc8ec6248febdda071c537c97dff7eaf65f02cb228ed2a5f72d0bcd35da8f789,0,1,picking_aisle_b,True,0.0,0.0,5.999999999999987,1,0.0073314189994562184
0.003,5.07530581982178e-11,1.3877787807814457e-17,1.4105307688904961e-18,,0.6069934105635145,0.5146446686094757,0.5146446686094757,0,139,2.15894848665315e-05,raw,0.05,70,32306c21933d500cd387ad9e2594e155e1def3205d8195706b5dd950add2a4ab,5.999999999999964,0,0.0,0,SmacHybrid,7b53b0e16409d7e48e2b2b9edfcd9d03e14e901d0f3dde175b432e5bdb595a15,121,,,,,,,,,,,,,,,,,,,,,,,,,,,,,,,,,,,,,,,,,,,,32306c21933d500cd387ad9e2594e155e1def3205d8195706b5dd950add2a4ab,0,1,picking_aisle_c,True,5.07530581982178e-11,2.15894848665315e-05,5.999999999999964,1,0.0029374530004133703
0.0,8.295186242248243e-13,8.107107785093604e-08,1.6707058679343794e-08,,0.6069934105635145,0.5146446686094757,0.5146446686094757,0,139,2.07596375645392e-06,simple,0.05,70,2b07f71d71d741fe0a351b93aa029e9ce95bd8d0a5f81ad73af412e32ce0cb10,5.9999999999999885,0,0.0,0,SmacHybrid,7b53b0e16409d7e48e2b2b9edfcd9d03e14e901d0f3dde175b432e5bdb595a15,121,,,,,,,,,,,,,,,,,,,,,,,,,,,,,,,,,,,,,,,,,,,,32306c21933d500cd387ad9e2594e155e1def3205d8195706b5dd950add2a4ab,0,1,picking_aisle_c,True,8.295186242248243e-13,2.07596375645392e-06,5.9999999999999885,1,0.004739559999507037
0.0,5.165529753442024e-12,5.256394253194685e-08,8.324964341823035e-09,,0.6063337766924144,0.5146446686094757,0.5146446686094757,0,140,4.895131588968149e-06,savitzky_golay,0.05,70,39475ea5ebe6d097085dd7dce991073adb2b17efca310a917d7964df3eff1781,5.999999999999988,0,0.0,0,SmacHybrid,7b53b0e16409d7e48e2b2b9edfcd9d03e14e901d0f3dde175b432e5bdb595a15,121,,,,,,,,,,,,,,,,,,,,,,,,,,,,,,,,,,,,,,,,,,,,32306c21933d500cd387ad9e2594e155e1def3205d8195706b5dd950add2a4ab,0,1,picking_aisle_c,True,5.165529753442024e-12,4.895131588968149e-06,5.999999999999988,1,0.004740009000670398
0.003,5.936558785225357e-11,4.7499761457459044e-08,7.1372550805677125e-09,,0.6069934105635145,0.5146446686094757,0.5146446686094757,0,139,2.2913267017089814e-05,constrained,0.05,70,cd78d9e19bb06b368de3dc5869321bb9f978a302f6922679ade3de965560a9ca,5.999999999999968,0,0.0,0,SmacHybrid,7b53b0e16409d7e48e2b2b9edfcd9d03e14e901d0f3dde175b432e5bdb595a15,121,,,,,,,,,,,,,,,,,,,,,,,,,,,,,,,,,,,,,,,,,,,,32306c21933d500cd387ad9e2594e155e1def3205d8195706b5dd950add2a4ab,0,1,picking_aisle_c,True,5.936558785225357e-11,2.2913267017089814e-05,5.999999999999968,1,0.007187122000686941
0.003,0.0,1.1920928955078125e-07,1.1760379686480208e-07,,0.6084370147255387,0.5146446686094757,0.5146446686094757,0,168,0.0,pstmo,0.05,121,6dd3b9a8ef2248cf6a49340acb7ab58946a37cd987925b6f8d9c9152c37978f0,5.999999999999987,0,0.0,0,SmacHybrid,7b53b0e16409d7e48e2b2b9edfcd9d03e14e901d0f3dde175b432e5bdb595a15,121,0,0,0,"[[2, -3], [2, 3]]",70,0.075,1.19209e-07,0.15,0,2,0,1,[],0,0,0,True,0,0,0,2,2,,0.00142892,0,252,0,121,0,1,0,"[[2, -3], [2, 3]]",condition_then_los,70,0,0,{},0.00476679,hierarchical_alpha_two_trim,0.05,,derived_preferred_compatible,0,32306c21933d500cd387ad9e2594e155e1def3205d8195706b5dd950add2a4ab,0,1,picking_aisle_c,True,0.0,0.0,5.999999999999987,1,0.009935211999618332
0.003,0.5728671550992145,1.3877787807814457e-17,1.4047380102517117e-18,,1.0313009583439625,0.6646446708446498,0.814644673079824,0,141,2.106687803442047,raw,0.05,70,8f4b7849e28d427cc746cec3bbfdb3e2574cf88a15b73476c11facd4155ea78a,6.002082061669325,0,0.0,0,SmacHybrid,2ccbf58e1dd39c2c89d21883fed2958b14d962bd93687fd737f886efe7cee01b,122,,,,,,,,,,,,,,,,,,,,,,,,,,,,,,,,,,,,,,,,,,,,8f4b7849e28d427cc746cec3bbfdb3e2574cf88a15b73476c11facd4155ea78a,0,1,east_service_lane,True,0.5728671550992145,2.106687803442047,6.002082061669325,1,0.004369623000457068
0.0,0.013641395893669738,0.008807844685837958,0.0019801433449498002,,1.0326197537885884,0.6646446708446498,0.8096446730053183,0,139,0.22895084856295161,simple,0.05,70,d338e3350210d09490c38793ea53a4daefefcd772998fbb4cdf1628115dcd378,6.000514900386288,0,0.0,0,SmacHybrid,2ccbf58e1dd39c2c89d21883fed2958b14d962bd93687fd737f886efe7cee01b,122,,,,,,,,,,,,,,,,,,,,,,,,,,,,,,,,,,,,,,,,,,,,8f4b7849e28d427cc746cec3bbfdb3e2574cf88a15b73476c11facd4155ea78a,0,1,east_service_lane,True,0.013641395893669738,0.22895084856295161,6.000514900386288,1,0.004783917000168003
0.0,0.08447103790729775,0.005439601102953162,0.0009003488914857887,,1.0314199317888477,0.6646446708446498,0.8121446730425711,0,140,0.826119259948962,savitzky_golay,0.05,70,4ce93e237ccf98cbb9f04767c4e43f6d57352167bd7966f7248e5de0e6de62ee,6.001173175630957,0,0.0,0,SmacHybrid,2ccbf58e1dd39c2c89d21883fed2958b14d962bd93687fd737f886efe7cee01b,122,,,,,,,,,,,,,,,,,,,,,,,,,,,,,,,,,,,,,,,,,,,,8f4b7849e28d427cc746cec3bbfdb3e2574cf88a15b73476c11facd4155ea78a,0,1,east_service_lane,True,0.08447103790729775,0.826119259948962,6.001173175630957,1,0.00498726299883856
0.009000000000000001,0.23654359195772243,0.0030797684629995103,0.0007093587222196248,,1.0336988904953164,0.6646446708446498,0.8096446730053183,0,139,1.2119360136234767,constrained,0.05,70,701793e46cfb842b762da46bdf732587c8b40d83ed601bda7842f7074d63c644,6.001913802093646,0,0.0,0,SmacHybrid,2ccbf58e1dd39c2c89d21883fed2958b14d962bd93687fd737f886efe7cee01b,122,,,,,,,,,,,,,,,,,,,,,,,,,,,,,,,,,,,,,,,,,,,,8f4b7849e28d427cc746cec3bbfdb3e2574cf88a15b73476c11facd4155ea78a,0,1,east_service_lane,True,0.23654359195772243,1.2119360136234767,6.001913802093646,1,0.01228380000065954
0.0,0.0,0.026579408595018554,0.007476806334779351,,1.0357297515405657,0.6646446708446498,0.814644673079824,0,168,0.0,pstmo,0.05,121,a5ddd876b9316c46a274bc12b599dfb899cd796194b185f718877a97178a89c8,5.999999999999987,0,0.0,0,SmacHybrid,2ccbf58e1dd39c2c89d21883fed2958b14d962bd93687fd737f886efe7cee01b,121,0,0,0,"[[4.5, 3], [4.5, -3]]",70,0.075,0.0266786,0.15,0,2,0,1,[],0,0,0,True,0,0,0,2,2,,0.000850925,0,252,0,121,0,1,0,"[[4.5, 3], [4.5, -3]]",condition_then_los,70,0,0,{},0.00265568,hierarchical_alpha_two_trim,0.05,,derived_preferred_compatible,0,8f4b7849e28d427cc746cec3bbfdb3e2574cf88a15b73476c11facd4155ea78a,0,1,east_service_lane,True,0.0,0.0,5.999999999999987,1,0.007527076999394922
0.003,6.188961979405489,2.220446049250313e-16,3.7306121897701683e-17,,0.5090353919264113,0.2808724311428359,0.28480087705617874,0,195,3.4493510756782158,raw,0.05,90,e7949e24ca771d34c2ad531e06ebf5afcfd4d59fde6fa9b73b33fb952479fc10,7.7077211950650355,0,0.0,0,SmacHybrid,9326f39a9528070904c4223926923f296284640324a5be5b915f0d01c3369592,156,,,,,,,,,,,,,,,,,,,,,,,,,,,,,,,,,,,,,,,,,,,,e7949e24ca771d34c2ad531e06ebf5afcfd4d59fde6fa9b73b33fb952479fc10,0,1,cross_aisle_transfer,True,6.188961979405489,3.4493510756782158,7.7077211950650355,1,0.0046701259998371825
0.0,2.1431150269695296,0.045839480660857766,0.01662192141683631,,0.5041621747273657,0.2474873771031409,0.2693872734448631,0,182,1.7339284228742329,simple,0.05,90,1e48b6540ab3ff6cfd040c7f3800e5f82910e2d7245dcffaaeaff9bb79dd7d58,7.63090858060897,0,0.0,0,SmacHybrid,9326f39a9528070904c4223926923f296284640324a5be5b915f0d01c3369592,154,,,,,,,,,,,,,,,,,,,,,,,,,,,,,,,,,,,,,,,,,,,,e7949e24ca771d34c2ad531e06ebf5afcfd4d59fde6fa9b73b33fb952479fc10,0,1,cross_aisle_transfer,True,2.1431150269695296,1.7339284228742329,7.63090858060897,1,0.005460602998937247
0.0,4.030305977123635,0.009120797021446884,0.0020983959111613797,,0.5127234099890325,0.2808724311428359,0.28480087705617874,0,182,3.0657168575578284,savitzky_golay,0.05,90,7cd212d8210fb8c4856cbaf051d60d299489e98117b196fa182e75c084e9a96d,7.699476719112791,0,0.0,0,SmacHybrid,9326f39a9528070904c4223926923f296284640324a5be5b915f0d01c3369592,156,,,,,,,,,,,,,,,,,,,,,,,,,,,,,,,,,,,,,,,,,,,,e7949e24ca771d34c2ad531e06ebf5afcfd4d59fde6fa9b73b33fb952479fc10,0,1,cross_aisle_transfer,True,4.030305977123635,3.0657168575578284,7.699476719112791,1,0.005188563000046997
0.009000000000000001,4.113477692173952,0.014337981163138508,0.005842166087313716,,0.5137094463668415,0.28480087705617874,0.2992921627877755,0,180,2.9651541837582958,constrained,0.05,90,d2caedb0dbe49095455b9b5138808169f278b70695b1fa4589cd3ced7eb5f52e,7.71238670278579,0,0.0,0,SmacHybrid,9326f39a9528070904c4223926923f296284640324a5be5b915f0d01c3369592,156,,,,,,,,,,,,,,,,,,,,,,,,,,,,,,,,,,,,,,,,,,,,e7949e24ca771d34c2ad531e06ebf5afcfd4d59fde6fa9b73b33fb952479fc10,0,1,cross_aisle_transfer,True,4.113477692173952,2.9651541837582958,7.71238670278579,1,0.01259242199921573
0.030000000000000002,1.1166620667120946,0.18465741719012232,0.09720728968048316,,0.32470896384528386,0.12275854577833645,0.1449222268733815,0,418,0.7739423451589422,pstmo,0.05,411,52f2744f498cfd9a3335f8b2d16d6b12ef2c45919d50c3e5d272b5bcdf9dedd8,7.4067888844561,0,0.0,0,SmacHybrid,9326f39a9528070904c4223926923f296284640324a5be5b915f0d01c3369592,150,10,4,2,"[[-2, -2.8], [-1.81325, -1.25933], [-1.63933, -0.942326], [-0.149928, 0.115129], [1.12832, 0.605757], [1.89578, 1.24431], [2, 2.8]]",90,0.075,0.0671944,0.15,0,7,0,6,"[{'index': 0, 'x': -1.63933, 'y': -0.942326, 'turn_angle': -0.825088, 'incoming_length': 1.89236, 'outgoing_length': 4.15673, 'pivot_safe': True, 'pass_through': False, 'equivalent_radius_min': 1.82791, 'equivalent_radius_max': 1.82791, 'trim_min': 0.8, 'trim_max': 0.8, 'trim_evaluations': 1, 'preferred_trim': 0.8, 'compatible_trim': 0.8, 'coarse_evaluations': 5, 'recovery_evaluations': 0, 'refinement_evaluations': 8, 'evaluations': 13, 'safe_feasible': 13, 'states': 2, 'selected_radius': 1.82791, 'selected_trim': 0.8, 'selected_control_distance': 0.256, 'selected_control_fraction': 0.32, 'selected_curvature_energy': 0.476461, 'selected_score': 0.417126}, {'index': 1, 'x': 1.89578, 'y': 1.24431, 'turn_angle': 0.94996, 'incoming_length': 4.15673, 'outgoing_length': 1.55918, 'pivot_safe': True, 'pass_through': False, 'equivalent_radius_min': 1.55567, 'equivalent_radius_max': 1.55567, 'trim_min': 0.8, 'trim_max': 0.8, 'trim_evaluations': 1, 'preferred_trim': 0.8, 'compatible_trim': 0.8, 'coarse_evaluations': 5, 'recovery_evaluations': 0, 'refinement_evaluations': 8, 'evaluations': 13, 'safe_feasible': 12, 'states': 2, 'selected_radius': 1.55567, 'selected_trim': 0.8, 'selected_control_distance': 0.256, 'selected_control_fraction': 0.32, 'selected_curvature_energy': 0.644896, 'selected_score': 0.473123}]",2,4,26,True,2,2,7,7,4,,0.00241671,5,252,0.445125,411,0,1,0,"[[-2, -2.8], [-1.63933, -0.942326], [1.89578, 1.24431], [2, 2.8]]",condition_then_los,90,0,16,{'shape_angular acceleration iteration did not converge': 1},0.0274408,hierarchical_alpha_two_trim,0.05,,derived_preferred_compatible,2,e7949e24ca771d34c2ad531e06ebf5afcfd4d59fde6fa9b73b33fb952479fc10,0,1,cross_aisle_transfer,True,1.1166620667120946,0.7739423451589422,7.4067888844561,1,0.040193328000896145
