algorithm_time_s,curvature_energy_1pm,deviation_max_m,deviation_rmse_m,error,footprint_clearance_mean_m,footprint_clearance_min_m,footprint_clearance_p05_m,footprint_collision_sample_count,footprint_pose_sample_count,hybrid_pivot_energy,hybrid_pivot_markers,hybrid_pivot_max_cost,hybrid_pivot_safe,hybrid_raw_energy,hybrid_raw_max_cost,hybrid_raw_safe,hybrid_reason,hybrid_selected,hybrid_simple_energy,hybrid_simple_max_cost,hybrid_simple_safe,max_abs_curvature_1pm,method,metric_spacing_m,native_point_count,output_path_sha256,path_length_m,pivot_compatible_edges,pivot_competitive_candidates,pivot_conditioned_polyline,pivot_conditioning_input_points,pivot_conditioning_max_deviation,pivot_conditioning_observed_deviation,pivot_conditioning_oscillation_deviation,pivot_conditioning_oscillation_shortcuts,pivot_conditioning_output_points,pivot_conditioning_safety_rejections,pivot_conditioning_shortcuts,pivot_corner_search,pivot_corners,pivot_dp_states,pivot_evaluations,pivot_fallback,pivot_g2_transitions,pivot_marker_count,pivot_max_angle_rad,pivot_max_footprint_cost,pivot_mean_transition_score,pivot_output_points,pivot_pass_through_corners,pivot_pivots,pivot_rejections,pivot_runtime_s,pivot_search_mode,pivot_segment_margin,pivot_selected_stitch_rejection,pivot_total_angle_rad,pivot_valid_candidates,planner,planner_output_path_sha256,point_count,raw_path_sha256,removed_duplicate_pose_count,repetition,scenario,success,translation_curvature_energy_1pm,translation_max_abs_curvature_1pm,translation_path_length_m,translation_segment_count,wall_time_s
0.0,2.842173060620692e-11,0.0,0.0,,1.1282437246660393,0.6646446708446498,0.9146446745699401,0,400,,,,,,,,,,,,,2.3841868568284222e-05,raw,0.05,398,37de1436b1bd5f948dc22686567b78a7cda9a45e34442873a2d54bd8fac479ff,9.999999985098874,,,,,,,,,,,,,,,,,,0,0.0,,,,,,,,,,,0,,NavFnAStar,37de1436b1bd5f948dc22686567b78a7cda9a45e34442873a2d54bd8fac479ff,201,37de1436b1bd5f948dc22686567b78a7cda9a45e34442873a2d54bd8fac479ff,0,1,central_cross_west_east,True,2.842173060620692e-11,2.3841868568284222e-05,9.999999985098874,1,0.007064014000206953
0.003,8.635807856515627e-13,3.7376774715929616e-08,3.055772664415383e-09,,1.1298195992971258,0.6646446708446498,0.9646446753149982,0,398,,,,,,,,,,,,,2.556886386295658e-06,simple,0.05,398,c0c660141882bd21dc91c8ef095e24747ee4bddb212c21f12bf2a926649a79c1,9.999999985098848,,,,,,,,,,,,,,,,,,0,0.0,,,,,,,,,,,0,,NavFnAStar,37de1436b1bd5f948dc22686567b78a7cda9a45e34442873a2d54bd8fac479ff,201,37de1436b1bd5f948dc22686567b78a7cda9a45e34442873a2d54bd8fac479ff,0,1,central_cross_west_east,True,8.635807856515627e-13,2.556886386295658e-06,9.999999985098848,1,0.009423587001947453
0.0,3.5654956008060806e-12,2.6897536084097644e-08,1.949956491147194e-09,,1.1300708555822767,0.6646446708446498,0.9646446753149982,0,398,,,,,,,,,,,,,5.123707236092588e-06,savitzky_golay,0.05,398,2e3305419a16a2619e7669b623182814afb694aafa5b51340b8ea784646428e7,9.999999985098855,,,,,,,,,,,,,,,,,,0,0.0,,,,,,,,,,,0,,NavFnAStar,37de1436b1bd5f948dc22686567b78a7cda9a45e34442873a2d54bd8fac479ff,201,37de1436b1bd5f948dc22686567b78a7cda9a45e34442873a2d54bd8fac479ff,0,1,central_cross_west_east,True,3.5654956008060806e-12,5.123707236092588e-06,9.999999985098855,1,0.008093155000096885
0.0,2.842173060620692e-11,0.0,0.0,,1.1282437246660393,0.6646446708446498,0.9146446745699401,0,400,,,,,,,,,,,,,2.3841868568284222e-05,constrained,0.05,398,37de1436b1bd5f948dc22686567b78a7cda9a45e34442873a2d54bd8fac479ff,9.999999985098874,,,,,,,,,,,,,,,,,,0,0.0,,,,,,,,,,,0,,NavFnAStar,37de1436b1bd5f948dc22686567b78a7cda9a45e34442873a2d54bd8fac479ff,201,37de1436b1bd5f948dc22686567b78a7cda9a45e34442873a2d54bd8fac479ff,0,1,central_cross_west_east,True,2.842173060620692e-11,2.3841868568284222e-05,9.999999985098874,1,0.008814086999336723
0.0,1.0729426444731802e-40,5.9306621639887464e-08,3.419829379836717e-08,,1.1229179432427832,0.6646446708446498,0.9146446745699401,0,201,,,,,,,,,,,,,1.0081263715489865e-20,pivot_g2_fixed,0.05,201,05478e9a5670183473e59d2ecd73cb6c971e74a9da875726411f510df3f04611,9.999999985098839,0,0,"[[-5, 5.96046e-08], [5, 0]]",398,0.075,5.93066e-08,0.15,0,2,0,1,[],0,0,0,none,0,0,0.0,200,0,201,0,0,{},0.000339369,fixed,0.05,,0,0,NavFnAStar,37de1436b1bd5f948dc22686567b78a7cda9a45e34442873a2d54bd8fac479ff,201,37de1436b1bd5f948dc22686567b78a7cda9a45e34442873a2d54bd8fac479ff,0,1,central_cross_west_east,True,1.0729426444731802e-40,1.0081263715489865e-20,9.999999985098839,1,0.00635145300111617
0.0,1.0729426444731802e-40,5.9306621639887464e-08,3.419829379836717e-08,,1.1229179432427832,0.6646446708446498,0.9146446745699401,0,201,,,,,,,,,,,,,1.0081263715489865e-20,pivot_g2,0.05,201,05478e9a5670183473e59d2ecd73cb6c971e74a9da875726411f510df3f04611,9.999999985098839,0,0,"[[-5, 5.96046e-08], [5, 0]]",398,0.075,5.93066e-08,0.15,0,2,0,1,[],0,0,0,none,0,0,0.0,200,0,201,0,0,{},0.00028525,adaptive,0.05,,0,0,NavFnAStar,37de1436b1bd5f948dc22686567b78a7cda9a45e34442873a2d54bd8fac479ff,201,37de1436b1bd5f948dc22686567b78a7cda9a45e34442873a2d54bd8fac479ff,0,1,central_cross_west_east,True,1.0729426444731802e-40,1.0081263715489865e-20,9.999999985098839,1,0.005740468001022236
0.0,8.635807856515627e-13,3.7376774715929616e-08,3.055772664415383e-09,,1.1298195992971258,0.6646446708446498,0.9646446753149982,0,398,1.07294e-40,0,0,True,2.84217e-11,0,True,simple_default,simple,8.63581e-13,0,True,2.556886386295658e-06,adaptive_hybrid_fixed,0.05,398,c0c660141882bd21dc91c8ef095e24747ee4bddb212c21f12bf2a926649a79c1,9.999999985098848,,,,,,,,,,,,,,,,,,0,0.0,,,,,,,,,,,0,,NavFnAStar,37de1436b1bd5f948dc22686567b78a7cda9a45e34442873a2d54bd8fac479ff,201,37de1436b1bd5f948dc22686567b78a7cda9a45e34442873a2d54bd8fac479ff,0,1,central_cross_west_east,True,8.635807856515627e-13,2.556886386295658e-06,9.999999985098848,1,0.010898386000917526
0.0,8.635807856515627e-13,3.7376774715929616e-08,3.055772664415383e-09,,1.1298195992971258,0.6646446708446498,0.9646446753149982,0,398,1.07294e-40,0,0,True,2.84217e-11,0,True,simple_default,simple,8.63581e-13,0,True,2.556886386295658e-06,adaptive_hybrid,0.05,398,c0c660141882bd21dc91c8ef095e24747ee4bddb212c21f12bf2a926649a79c1,9.999999985098848,,,,,,,,,,,,,,,,,,0,0.0,,,,,,,,,,,0,,NavFnAStar,37de1436b1bd5f948dc22686567b78a7cda9a45e34442873a2d54bd8fac479ff,201,37de1436b1bd5f948dc22686567b78a7cda9a45e34442873a2d54bd8fac479ff,0,1,central_cross_west_east,True,8.635807856515627e-13,2.556886386295658e-06,9.999999985098848,1,0.011137842997413827
0.0,2.842173060620692e-11,0.0,0.0,,1.1282437246660393,0.6646446708446498,0.9146446745699401,0,400,,,,,,,,,,,,,2.3841868568284222e-05,raw,0.05,398,37de1436b1bd5f948dc22686567b78a7cda9a45e34442873a2d54bd8fac479ff,9.999999985098874,,,,,,,,,,,,,,,,,,0,0.0,,,,,,,,,,,0,,NavFnAStar,37de1436b1bd5f948dc22686567b78a7cda9a45e34442873a2d54bd8fac479ff,201,37de1436b1bd5f948dc22686567b78a7cda9a45e34442873a2d54bd8fac479ff,0,2,central_cross_west_east,True,2.842173060620692e-11,2.3841868568284222e-05,9.999999985098874,1,0.006234090000361903
0.0,8.635807856515627e-13,3.7376774715929616e-08,3.055772664415383e-09,,1.1298195992971258,0.6646446708446498,0.9646446753149982,0,398,,,,,,,,,,,,,2.556886386295658e-06,simple,0.05,398,c0c660141882bd21dc91c8ef095e24747ee4bddb212c21f12bf2a926649a79c1,9.999999985098848,,,,,,,,,,,,,,,,,,0,0.0,,,,,,,,,,,0,,NavFnAStar,37de1436b1bd5f948dc22686567b78a7cda9a45e34442873a2d54bd8fac479ff,201,37de1436b1bd5f948dc22686567b78a7cda9a45e34442873a2d54bd8fac479ff,0,2,central_cross_west_east,True,8.635807856515627e-13,2.556886386295658e-06,9.999999985098848,1,0.009335712999018142
0.0,3.5654956008060806e-12,2.6897536084097644e-08,1.949956491147194e-09,,1.1300708555822767,0.6646446708446498,0.9646446753149982,0,398,,,,,,,,,,,,,5.123707236092588e-06,savitzky_golay,0.05,398,2e3305419a16a2619e7669b623182814afb694aafa5b51340b8ea784646428e7,9.999999985098855,,,,,,,,,,,,,,,,,,0,0.0,,,,,,,,,,,0,,NavFnAStar,37de1436b1bd5f948dc22686567b78a7cda9a45e34442873a2d54bd8fac479ff,201,37de1436b1bd5f948dc22686567b78a7cda9a45e34442873a2d54bd8fac479ff,0,2,central_cross_west_east,True,3.5654956008060806e-12,5.123707236092588e-06,9.999999985098855,1,0.011470217003079597
0.003,2.842173060620692e-11,0.0,0.0,,1.1282437246660393,0.6646446708446498,0.9146446745699401,0,400,,,,,,,,,,,,,2.3841868568284222e-05,constrained,0.05,398,37de1436b1bd5f948dc22686567b78a7cda9a45e34442873a2d54bd8fac479ff,9.999999985098874,,,,,,,,,,,,,,,,,,0,0.0,,,,,,,,,,,0,,NavFnAStar,37de1436b1bd5f948dc22686567b78a7cda9a45e34442873a2d54bd8fac479ff,201,37de1436b1bd5f948dc22686567b78a7cda9a45e34442873a2d54bd8fac479ff,0,2,central_cross_west_east,True,2.842173060620692e-11,2.3841868568284222e-05,9.999999985098874,1,0.008369510000193259
0.0,1.0729426444731802e-40,5.9306621639887464e-08,3.419829379836717e-08,,1.1229179432427832,0.6646446708446498,0.9146446745699401,0,201,,,,,,,,,,,,,1.0081263715489865e-20,pivot_g2_fixed,0.05,201,05478e9a5670183473e59d2ecd73cb6c971e74a9da875726411f510df3f04611,9.999999985098839,0,0,"[[-5, 5.96046e-08], [5, 0]]",398,0.075,5.93066e-08,0.15,0,2,0,1,[],0,0,0,none,0,0,0.0,200,0,201,0,0,{},0.000268724,fixed,0.05,,0,0,NavFnAStar,37de1436b1bd5f948dc22686567b78a7cda9a45e34442873a2d54bd8fac479ff,201,37de1436b1bd5f948dc22686567b78a7cda9a45e34442873a2d54bd8fac479ff,0,2,central_cross_west_east,True,1.0729426444731802e-40,1.0081263715489865e-20,9.999999985098839,1,0.005931939998845337
0.0,1.0729426444731802e-40,5.9306621639887464e-08,3.419829379836717e-08,,1.1229179432427832,0.6646446708446498,0.9146446745699401,0,201,,,,,,,,,,,,,1.0081263715489865e-20,pivot_g2,0.05,201,05478e9a5670183473e59d2ecd73cb6c971e74a9da875726411f510df3f04611,9.999999985098839,0,0,"[[-5, 5.96046e-08], [5, 0]]",398,0.075,5.93066e-08,0.15,0,2,0,1,[],0,0,0,none,0,0,0.0,200,0,201,0,0,{},0.000263958,adaptive,0.05,,0,0,NavFnAStar,37de1436b1bd5f948dc22686567b78a7cda9a45e34442873a2d54bd8fac479ff,201,37de1436b1bd5f948dc22686567b78a7cda9a45e34442873a2d54bd8fac479ff,0,2,central_cross_west_east,True,1.0729426444731802e-40,1.0081263715489865e-20,9.999999985098839,1,0.005658423000568291
0.003,8.635807856515627e-13,3.7376774715929616e-08,3.055772664415383e-09,,1.1298195992971258,0.6646446708446498,0.9646446753149982,0,398,1.07294e-40,0,0,True,2.84217e-11,0,True,simple_default,simple,8.63581e-13,0,True,2.556886386295658e-06,adaptive_hybrid_fixed,0.05,398,c0c660141882bd21dc91c8ef095e24747ee4bddb212c21f12bf2a926649a79c1,9.999999985098848,,,,,,,,,,,,,,,,,,0,0.0,,,,,,,,,,,0,,NavFnAStar,37de1436b1bd5f948dc22686567b78a7cda9a45e34442873a2d54bd8fac479ff,201,37de1436b1bd5f948dc22686567b78a7cda9a45e34442873a2d54bd8fac479ff,0,2,central_cross_west_east,True,8.635807856515627e-13,2.556886386295658e-06,9.999999985098848,1,0.010375476002081996
0.0,8.635807856515627e-13,3.7376774715929616e-08,3.055772664415383e-09,,1.1298195992971258,0.6646446708446498,0.9646446753149982,0,398,1.07294e-40,0,0,True,2.84217e-11,0,True,simple_default,simple,8.63581e-13,0,True,2.556886386295658e-06,adaptive_hybrid,0.05,398,c0c660141882bd21dc91c8ef095e24747ee4bddb212c21f12bf2a926649a79c1,9.999999985098848,,,,,,,,,,,,,,,,,,0,0.0,,,,,,,,,,,0,,NavFnAStar,37de1436b1bd5f948dc22686567b78a7cda9a45e34442873a2d54bd8fac479ff,201,37de1436b1bd5f948dc22686567b78a7cda9a45e34442873a2d54bd8fac479ff,0,2,central_cross_west_east,True,8.635807856515627e-13,2.556886386295658e-06,9.999999985098848,1,0.01061812199986889
0.0,2.842173060620692e-11,0.0,0.0,,1.1282437246660393,0.6646446708446498,0.9146446745699401,0,400,,,,,,,,,,,,,2.3841868568284222e-05,raw,0.05,398,37de1436b1bd5f948dc22686567b78a7cda9a45e34442873a2d54bd8fac479ff,9.999999985098874,,,,,,,,,,,,,,,,,,0,0.0,,,,,,,,,,,0,,NavFnAStar,37de1436b1bd5f948dc22686567b78a7cda9a45e34442873a2d54bd8fac479ff,201,37de1436b1bd5f948dc22686567b78a7cda9a45e34442873a2d54bd8fac479ff,0,3,central_cross_west_east,True,2.842173060620692e-11,2.3841868568284222e-05,9.999999985098874,1,0.006467477000114741
0.003,8.635807856515627e-13,3.7376774715929616e-08,3.055772664415383e-09,,1.1298195992971258,0.6646446708446498,0.9646446753149982,0,398,,,,,,,,,,,,,2.556886386295658e-06,simple,0.05,398,c0c660141882bd21dc91c8ef095e24747ee4bddb212c21f12bf2a926649a79c1,9.999999985098848,,,,,,,,,,,,,,,,,,0,0.0,,,,,,,,,,,0,,NavFnAStar,37de1436b1bd5f948dc22686567b78a7cda9a45e34442873a2d54bd8fac479ff,201,37de1436b1bd5f948dc22686567b78a7cda9a45e34442873a2d54bd8fac479ff,0,3,central_cross_west_east,True,8.635807856515627e-13,2.556886386295658e-06,9.999999985098848,1,0.008745660998101812
0.0,3.5654956008060806e-12,2.6897536084097644e-08,1.949956491147194e-09,,1.1300708555822767,0.6646446708446498,0.9646446753149982,0,398,,,,,,,,,,,,,5.123707236092588e-06,savitzky_golay,0.05,398,2e3305419a16a2619e7669b623182814afb694aafa5b51340b8ea784646428e7,9.999999985098855,,,,,,,,,,,,,,,,,,0,0.0,,,,,,,,,,,0,,NavFnAStar,37de1436b1bd5f948dc22686567b78a7cda9a45e34442873a2d54bd8fac479ff,201,37de1436b1bd5f948dc22686567b78a7cda9a45e34442873a2d54bd8fac479ff,0,3,central_cross_west_east,True,3.5654956008060806e-12,5.123707236092588e-06,9.999999985098855,1,0.008315089999086922
0.003,2.842173060620692e-11,0.0,0.0,,1.1282437246660393,0.6646446708446498,0.9146446745699401,0,400,,,,,,,,,,,,,2.3841868568284222e-05,constrained,0.05,398,37de1436b1bd5f948dc22686567b78a7cda9a45e34442873a2d54bd8fac479ff,9.999999985098874,,,,,,,,,,,,,,,,,,0,0.0,,,,,,,,,,,0,,NavFnAStar,37de1436b1bd5f948dc22686567b78a7cda9a45e34442873a2d54bd8fac479ff,201,37de1436b1bd5f948dc22686567b78a7cda9a45e34442873a2d54bd8fac479ff,0,3,central_cross_west_east,True,2.842173060620692e-11,2.3841868568284222e-05,9.999999985098874,1,0.008972016999905463
0.0,1.0729426444731802e-40,5.9306621639887464e-08,3.419829379836717e-08,,1.1229179432427832,0.6646446708446498,0.9146446745699401,0,201,,,,,,,,,,,,,1.0081263715489865e-20,pivot_g2_fixed,0.05,201,05478e9a5670183473e59d2ecd73cb6c971e74a9da875726411f510df3f04611,9.999999985098839,0,0,"[[-5, 5.96046e-08], [5, 0]]",398,0.075,5.93066e-08,0.15,0,2,0,1,[],0,0,0,none,0,0,0.0,200,0,201,0,0,{},0.000265663,fixed,0.05,,0,0,NavFnAStar,37de1436b1bd5f948dc22686567b78a7cda9a45e34442873a2d54bd8fac479ff,201,37de1436b1bd5f948dc22686567b78a7cda9a45e34442873a2d54bd8fac479ff,0,3,central_cross_west_east,True,1.0729426444731802e-40,1.0081263715489865e-20,9.999999985098839,1,0.005999531000270508
0.0,1.0729426444731802e-40,5.9306621639887464e-08,3.419829379836717e-08,,1.1229179432427832,0.6646446708446498,0.9146446745699401,0,201,,,,,,,,,,,,,1.0081263715489865e-20,pivot_g2,0.05,201,05478e9a5670183473e59d2ecd73cb6c971e74a9da875726411f510df3f04611,9.999999985098839,0,0,"[[-5, 5.96046e-08], [5, 0]]",398,0.075,5.93066e-08,0.15,0,2,0,1,[],0,0,0,none,0,0,0.0,200,0,201,0,0,{},0.000266428,adaptive,0.05,,0,0,NavFnAStar,37de1436b1bd5f948dc22686567b78a7cda9a45e34442873a2d54bd8fac479ff,201,37de1436b1bd5f948dc22686567b78a7cda9a45e34442873a2d54bd8fac479ff,0,3,central_cross_west_east,True,1.0729426444731802e-40,1.0081263715489865e-20,9.999999985098839,1,0.005616297999949893
0.003,8.635807856515627e-13,3.7376774715929616e-08,3.055772664415383e-09,,1.1298195992971258,0.6646446708446498,0.9646446753149982,0,398,1.07294e-40,0,0,True,2.84217e-11,0,True,simple_default,simple,8.63581e-13,0,True,2.556886386295658e-06,adaptive_hybrid_fixed,0.05,398,c0c660141882bd21dc91c8ef095e24747ee4bddb212c21f12bf2a926649a79c1,9.999999985098848,,,,,,,,,,,,,,,,,,0,0.0,,,,,,,,,,,0,,NavFnAStar,37de1436b1bd5f948dc22686567b78a7cda9a45e34442873a2d54bd8fac479ff,201,37de1436b1bd5f948dc22686567b78a7cda9a45e34442873a2d54bd8fac479ff,0,3,central_cross_west_east,True,8.635807856515627e-13,2.556886386295658e-06,9.999999985098848,1,0.01122975899852463
0.0,8.635807856515627e-13,3.7376774715929616e-08,3.055772664415383e-09,,1.1298195992971258,0.6646446708446498,0.9646446753149982,0,398,1.07294e-40,0,0,True,2.84217e-11,0,True,simple_default,simple,8.63581e-13,0,True,2.556886386295658e-06,adaptive_hybrid,0.05,398,c0c660141882bd21dc91c8ef095e24747ee4bddb212c21f12bf2a926649a79c1,9.999999985098848,,,,,,,,,,,,,,,,,,0,0.0,,,,,,,,,,,0,,NavFnAStar,37de1436b1bd5f948dc22686567b78a7cda9a45e34442873a2d54bd8fac479ff,201,37de1436b1bd5f948dc22686567b78a7cda9a45e34442873a2d54bd8fac479ff,0,3,central_cross_west_east,True,8.635807856515627e-13,2.556886386295658e-06,9.999999985098848,1,0.010290019999956712
0.0,2.8421523083995775e-11,0.0,0.0,,1.0909426513700655,0.6146446700995918,0.6646446708446498,0,435,,,,,,,,,,,,,2.3841779750469777e-05,raw,0.05,398,93e6f61b9142b0efdebdbc06deb3bdac7bd7af19669590b1a05aca3b18127557,10.000000163912809,,,,,,,,,,,,,,,,,,0,0.0,,,,,,,,,,,0,,NavFnAStar,93e6f61b9142b0efdebdbc06deb3bdac7bd7af19669590b1a05aca3b18127557,202,93e6f61b9142b0efdebdbc06deb3bdac7bd7af19669590b1a05aca3b18127557,0,1,central_cross_east_west,True,2.8421523083995775e-11,2.3841779750469777e-05,10.000000163912809,1,0.00655593599731219
0.0,8.728463154741837e-13,3.737673058107496e-08,3.048196161519e-09,,1.0919879076173873,0.6146446700995918,0.6646446708446498,0,433,,,,,,,,,,,,,2.55688179700746e-06,simple,0.05,398,67e12a138e6c6c8fd76aa6516bc201c8bc698c7190bf21dd5227ac7e2a55480d,10.000000163912782,,,,,,,,,,,,,,,,,,0,0.0,,,,,,,,,,,0,,NavFnAStar,93e6f61b9142b0efdebdbc06deb3bdac7bd7af19669590b1a05aca3b18127557,202,93e6f61b9142b0efdebdbc06deb3bdac7bd7af19669590b1a05aca3b18127557,0,1,central_cross_east_west,True,8.728463154741837e-13,2.55688179700746e-06,10.000000163912782,1,0.009605128998373402
0.003,3.6002111449138287e-12,2.6897496401697942e-08,1.9451210856230103e-09,,1.092334327945875,0.6146446700995918,0.6646446708446498,0,433,,,,,,,,,,,,,5.123695837530018e-06,savitzky_golay,0.05,398,9a1dff29829e761d0209fa0e47ba4ec842ab15d8acf3bc7d32b64d1599e70925,10.00000016391279,,,,,,,,,,,,,,,,,,0,0.0,,,,,,,,,,,0,,NavFnAStar,93e6f61b9142b0efdebdbc06deb3bdac7bd7af19669590b1a05aca3b18127557,202,93e6f61b9142b0efdebdbc06deb3bdac7bd7af19669590b1a05aca3b18127557,0,1,central_cross_east_west,True,3.6002111449138287e-12,5.123695837530018e-06,10.00000016391279,1,0.007900776003225474
0.003,2.8421523083995775e-11,0.0,0.0,,1.0909426513700653,0.6146446700995918,0.6646446708446498,0,435,,,,,,,,,,,,,2.3841779750469777e-05,constrained,0.05,398,93e6f61b9142b0efdebdbc06deb3bdac7bd7af19669590b1a05aca3b18127557,10.000000163912809,,,,,,,,,,,,,,,,,,0,0.0,,,,,,,,,,,0,,NavFnAStar,93e6f61b9142b0efdebdbc06deb3bdac7bd7af19669590b1a05aca3b18127557,202,93e6f61b9142b0efdebdbc06deb3bdac7bd7af19669590b1a05aca3b18127557,0,1,central_cross_east_west,True,2.8421523083995775e-11,2.3841779750469777e-05,10.000000163912809,1,0.009776773000339745
0.0,6.683809438174594e-41,5.930662057940244e-08,3.411353892226192e-08,,1.1233918063925625,0.6646446708446498,0.9146446745699401,0,202,,,,,,,,,,,,,5.790264287871102e-21,pivot_g2_fixed,0.05,202,4577a5a699960a46b81f878a24e961d21b94d46f2b1b68251b58410254ab77b0,10.000000163912773,0,0,"[[5, 5.96046e-08], [-5, 0]]",398,0.075,5.93066e-08,0.15,0,2,0,1,[],0,0,0,none,0,0,0.0,200,0,202,0,0,{},0.000274673,fixed,0.05,,0,0,NavFnAStar,93e6f61b9142b0efdebdbc06deb3bdac7bd7af19669590b1a05aca3b18127557,202,93e6f61b9142b0efdebdbc06deb3bdac7bd7af19669590b1a05aca3b18127557,0,1,central_cross_east_west,True,6.683809438174594e-41,5.790264287871102e-21,10.000000163912773,1,0.005778193000878673
0.0,6.683809438174594e-41,5.930662057940244e-08,3.411353892226192e-08,,1.1233918063925625,0.6646446708446498,0.9146446745699401,0,202,,,,,,,,,,,,,5.790264287871102e-21,pivot_g2,0.05,202,4577a5a699960a46b81f878a24e961d21b94d46f2b1b68251b58410254ab77b0,10.000000163912773,0,0,"[[5, 5.96046e-08], [-5, 0]]",398,0.075,5.93066e-08,0.15,0,2,0,1,[],0,0,0,none,0,0,0.0,200,0,202,0,0,{},0.000282681,adaptive,0.05,,0,0,NavFnAStar,93e6f61b9142b0efdebdbc06deb3bdac7bd7af19669590b1a05aca3b18127557,202,93e6f61b9142b0efdebdbc06deb3bdac7bd7af19669590b1a05aca3b18127557,0,1,central_cross_east_west,True,6.683809438174594e-41,5.790264287871102e-21,10.000000163912773,1,0.0061873470003774855
0.003,8.728463154741837e-13,3.737673058107496e-08,3.048196161519e-09,,1.0919879076173873,0.6146446700995918,0.6646446708446498,0,433,6.68381e-41,0,0,True,2.84215e-11,0,True,simple_default,simple,8.72846e-13,0,True,2.55688179700746e-06,adaptive_hybrid_fixed,0.05,398,67e12a138e6c6c8fd76aa6516bc201c8bc698c7190bf21dd5227ac7e2a55480d,10.000000163912782,,,,,,,,,,,,,,,,,,0,0.0,,,,,,,,,,,0,,NavFnAStar,93e6f61b9142b0efdebdbc06deb3bdac7bd7af19669590b1a05aca3b18127557,202,93e6f61b9142b0efdebdbc06deb3bdac7bd7af19669590b1a05aca3b18127557,0,1,central_cross_east_west,True,8.728463154741837e-13,2.55688179700746e-06,10.000000163912782,1,0.028940076001163106
0.0,8.728463154741837e-13,3.737673058107496e-08,3.048196161519e-09,,1.0919879076173873,0.6146446700995918,0.6646446708446498,0,433,6.68381e-41,0,0,True,2.84215e-11,0,True,simple_default,simple,8.72846e-13,0,True,2.55688179700746e-06,adaptive_hybrid,0.05,398,67e12a138e6c6c8fd76aa6516bc201c8bc698c7190bf21dd5227ac7e2a55480d,10.000000163912782,,,,,,,,,,,,,,,,,,0,0.0,,,,,,,,,,,0,,NavFnAStar,93e6f61b9142b0efdebdbc06deb3bdac7bd7af19669590b1a05aca3b18127557,202,93e6f61b9142b0efdebdbc06deb3bdac7bd7af19669590b1a05aca3b18127557,0,1,central_cross_east_west,True,8.728463154741837e-13,2.55688179700746e-06,10.000000163912782,1,0.009651544998632744
0.003,2.8421523083995775e-11,0.0,0.0,,1.0909426513700655,0.6146446700995918,0.6646446708446498,0,435,,,,,,,,,,,,,2.3841779750469777e-05,raw,0.05,398,93e6f61b9142b0efdebdbc06deb3bdac7bd7af19669590b1a05aca3b18127557,10.000000163912809,,,,,,,,,,,,,,,,,,0,0.0,,,,,,,,,,,0,,NavFnAStar,93e6f61b9142b0efdebdbc06deb3bdac7bd7af19669590b1a05aca3b18127557,202,93e6f61b9142b0efdebdbc06deb3bdac7bd7af19669590b1a05aca3b18127557,0,2,central_cross_east_west,True,2.8421523083995775e-11,2.3841779750469777e-05,10.000000163912809,1,0.006700816000375198
0.003,8.728463154741837e-13,3.737673058107496e-08,3.048196161519e-09,,1.0919879076173873,0.6146446700995918,0.6646446708446498,0,433,,,,,,,,,,,,,2.55688179700746e-06,simple,0.05,398,67e12a138e6c6c8fd76aa6516bc201c8bc698c7190bf21dd5227ac7e2a55480d,10.000000163912782,,,,,,,,,,,,,,,,,,0,0.0,,,,,,,,,,,0,,NavFnAStar,93e6f61b9142b0efdebdbc06deb3bdac7bd7af19669590b1a05aca3b18127557,202,93e6f61b9142b0efdebdbc06deb3bdac7bd7af19669590b1a05aca3b18127557,0,2,central_cross_east_west,True,8.728463154741837e-13,2.55688179700746e-06,10.000000163912782,1,0.009480157001235057
0.0,3.6002111449138287e-12,2.6897496401697942e-08,1.9451210856230103e-09,,1.092334327945875,0.6146446700995918,0.6646446708446498,0,433,,,,,,,,,,,,,5.123695837530018e-06,savitzky_golay,0.05,398,9a1dff29829e761d0209fa0e47ba4ec842ab15d8acf3bc7d32b64d1599e70925,10.00000016391279,,,,,,,,,,,,,,,,,,0,0.0,,,,,,,,,,,0,,NavFnAStar,93e6f61b9142b0efdebdbc06deb3bdac7bd7af19669590b1a05aca3b18127557,202,93e6f61b9142b0efdebdbc06deb3bdac7bd7af19669590b1a05aca3b18127557,0,2,central_cross_east_west,True,3.6002111449138287e-12,5.123695837530018e-06,10.00000016391279,1,0.00820086900057504
0.0,2.8421523083995775e-11,0.0,0.0,,1.0909426513700653,0.6146446700995918,0.6646446708446498,0,435,,,,,,,,,,,,,2.3841779750469777e-05,constrained,0.05,398,93e6f61b9142b0efdebdbc06deb3bdac7bd7af19669590b1a05aca3b18127557,10.000000163912809,,,,,,,,,,,,,,,,,,0,0.0,,,,,,,,,,,0,,NavFnAStar,93e6f61b9142b0efdebdbc06deb3bdac7bd7af19669590b1a05aca3b18127557,202,93e6f61b9142b0efdebdbc06deb3bdac7bd7af19669590b1a05aca3b18127557,0,2,central_cross_east_west,True,2.8421523083995775e-11,2.3841779750469777e-05,10.000000163912809,1,0.009201387001667172
0.0,6.683809438174594e-41,5.930662057940244e-08,3.411353892226192e-08,,1.1233918063925625,0.6646446708446498,0.9146446745699401,0,202,,,,,,,,,,,,,5.790264287871102e-21,pivot_g2_fixed,0.05,202,4577a5a699960a46b81f878a24e961d21b94d46f2b1b68251b58410254ab77b0,10.000000163912773,0,0,"[[5, 5.96046e-08], [-5, 0]]",398,0.075,5.93066e-08,0.15,0,2,0,1,[],0,0,0,none,0,0,0.0,200,0,202,0,0,{},0.000280858,fixed,0.05,,0,0,NavFnAStar,93e6f61b9142b0efdebdbc06deb3bdac7bd7af19669590b1a05aca3b18127557,202,93e6f61b9142b0efdebdbc06deb3bdac7bd7af19669590b1a05aca3b18127557,0,2,central_cross_east_west,True,6.683809438174594e-41,5.790264287871102e-21,10.000000163912773,1,0.00635234100263915
0.0,6.683809438174594e-41,5.930662057940244e-08,3.411353892226192e-08,,1.1233918063925625,0.6646446708446498,0.9146446745699401,0,202,,,,,,,,,,,,,5.790264287871102e-21,pivot_g2,0.05,202,4577a5a699960a46b81f878a24e961d21b94d46f2b1b68251b58410254ab77b0,10.000000163912773,0,0,"[[5, 5.96046e-08], [-5, 0]]",398,0.075,5.93066e-08,0.15,0,2,0,1,[],0,0,0,none,0,0,0.0,200,0,202,0,0,{},0.000287478,adaptive,0.05,,0,0,NavFnAStar,93e6f61b9142b0efdebdbc06deb3bdac7bd7af19669590b1a05aca3b18127557,202,93e6f61b9142b0efdebdbc06deb3bdac7bd7af19669590b1a05aca3b18127557,0,2,central_cross_east_west,True,6.683809438174594e-41,5.790264287871102e-21,10.000000163912773,1,0.02680100100042182
0.003,8.728463154741837e-13,3.737673058107496e-08,3.048196161519e-09,,1.0919879076173873,0.6146446700995918,0.6646446708446498,0,433,6.68381e-41,0,0,True,2.84215e-11,0,True,simple_default,simple,8.72846e-13,0,True,2.55688179700746e-06,adaptive_hybrid_fixed,0.05,398,67e12a138e6c6c8fd76aa6516bc201c8bc698c7190bf21dd5227ac7e2a55480d,10.000000163912782,,,,,,,,,,,,,,,,,,0,0.0,,,,,,,,,,,0,,NavFnAStar,93e6f61b9142b0efdebdbc06deb3bdac7bd7af19669590b1a05aca3b18127557,202,93e6f61b9142b0efdebdbc06deb3bdac7bd7af19669590b1a05aca3b18127557,0,2,central_cross_east_west,True,8.728463154741837e-13,2.55688179700746e-06,10.000000163912782,1,0.010080616000777809
0.003,8.728463154741837e-13,3.737673058107496e-08,3.048196161519e-09,,1.0919879076173873,0.6146446700995918,0.6646446708446498,0,433,6.68381e-41,0,0,True,2.84215e-11,0,True,simple_default,simple,8.72846e-13,0,True,2.55688179700746e-06,adaptive_hybrid,0.05,398,67e12a138e6c6c8fd76aa6516bc201c8bc698c7190bf21dd5227ac7e2a55480d,10.000000163912782,,,,,,,,,,,,,,,,,,0,0.0,,,,,,,,,,,0,,NavFnAStar,93e6f61b9142b0efdebdbc06deb3bdac7bd7af19669590b1a05aca3b18127557,202,93e6f61b9142b0efdebdbc06deb3bdac7bd7af19669590b1a05aca3b18127557,0,2,central_cross_east_west,True,8.728463154741837e-13,2.55688179700746e-06,10.000000163912782,1,0.012000979997537797
0.003,2.8421523083995775e-11,0.0,0.0,,1.0909426513700655,0.6146446700995918,0.6646446708446498,0,435,,,,,,,,,,,,,2.3841779750469777e-05,raw,0.05,398,93e6f61b9142b0efdebdbc06deb3bdac7bd7af19669590b1a05aca3b18127557,10.000000163912809,,,,,,,,,,,,,,,,,,0,0.0,,,,,,,,,,,0,,NavFnAStar,93e6f61b9142b0efdebdbc06deb3bdac7bd7af19669590b1a05aca3b18127557,202,93e6f61b9142b0efdebdbc06deb3bdac7bd7af19669590b1a05aca3b18127557,0,3,central_cross_east_west,True,2.8421523083995775e-11,2.3841779750469777e-05,10.000000163912809,1,0.006393648000084795
0.003,8.728463154741837e-13,3.737673058107496e-08,3.048196161519e-09,,1.0919879076173873,0.6146446700995918,0.6646446708446498,0,433,,,,,,,,,,,,,2.55688179700746e-06,simple,0.05,398,67e12a138e6c6c8fd76aa6516bc201c8bc698c7190bf21dd5227ac7e2a55480d,10.000000163912782,,,,,,,,,,,,,,,,,,0,0.0,,,,,,,,,,,0,,NavFnAStar,93e6f61b9142b0efdebdbc06deb3bdac7bd7af19669590b1a05aca3b18127557,202,93e6f61b9142b0efdebdbc06deb3bdac7bd7af19669590b1a05aca3b18127557,0,3,central_cross_east_west,True,8.728463154741837e-13,2.55688179700746e-06,10.000000163912782,1,0.009305647003202466
0.0,3.6002111449138287e-12,2.6897496401697942e-08,1.9451210856230103e-09,,1.092334327945875,0.6146446700995918,0.6646446708446498,0,433,,,,,,,,,,,,,5.123695837530018e-06,savitzky_golay,0.05,398,9a1dff29829e761d0209fa0e47ba4ec842ab15d8acf3bc7d32b64d1599e70925,10.00000016391279,,,,,,,,,,,,,,,,,,0,0.0,,,,,,,,,,,0,,NavFnAStar,93e6f61b9142b0efdebdbc06deb3bdac7bd7af19669590b1a05aca3b18127557,202,93e6f61b9142b0efdebdbc06deb3bdac7bd7af19669590b1a05aca3b18127557,0,3,central_cross_east_west,True,3.6002111449138287e-12,5.123695837530018e-06,10.00000016391279,1,0.008093623000604566
0.003,2.8421523083995775e-11,0.0,0.0,,1.0909426513700653,0.6146446700995918,0.6646446708446498,0,435,,,,,,,,,,,,,2.3841779750469777e-05,constrained,0.05,398,93e6f61b9142b0efdebdbc06deb3bdac7bd7af19669590b1a05aca3b18127557,10.000000163912809,,,,,,,,,,,,,,,,,,0,0.0,,,,,,,,,,,0,,NavFnAStar,93e6f61b9142b0efdebdbc06deb3bdac7bd7af19669590b1a05aca3b18127557,202,93e6f61b9142b0efdebdbc06deb3bdac7bd7af19669590b1a05aca3b18127557,0,3,central_cross_east_west,True,2.8421523083995775e-11,2.3841779750469777e-05,10.000000163912809,1,0.009229942999809282
0.0,6.683809438174594e-41,5.930662057940244e-08,3.411353892226192e-08,,1.1233918063925625,0.6646446708446498,0.9146446745699401,0,202,,,,,,,,,,,,,5.790264287871102e-21,pivot_g2_fixed,0.05,202,4577a5a699960a46b81f878a24e961d21b94d46f2b1b68251b58410254ab77b0,10.000000163912773,0,0,"[[5, 5.96046e-08], [-5, 0]]",398,0.075,5.93066e-08,0.15,0,2,0,1,[],0,0,0,none,0,0,0.0,200,0,202,0,0,{},0.000158799,fixed,0.05,,0,0,NavFnAStar,93e6f61b9142b0efdebdbc06deb3bdac7bd7af19669590b1a05aca3b18127557,202,93e6f61b9142b0efdebdbc06deb3bdac7bd7af19669590b1a05aca3b18127557,0,3,central_cross_east_west,True,6.683809438174594e-41,5.790264287871102e-21,10.000000163912773,1,0.006153510003059637
0.0,6.683809438174594e-41,5.930662057940244e-08,3.411353892226192e-08,,1.1233918063925625,0.6646446708446498,0.9146446745699401,0,202,,,,,,,,,,,,,5.790264287871102e-21,pivot_g2,0.05,202,4577a5a699960a46b81f878a24e961d21b94d46f2b1b68251b58410254ab77b0,10.000000163912773,0,0,"[[5, 5.96046e-08], [-5, 0]]",398,0.075,5.93066e-08,0.15,0,2,0,1,[],0,0,0,none,0,0,0.0,200,0,202,0,0,{},0.000154187,adaptive,0.05,,0,0,NavFnAStar,93e6f61b9142b0efdebdbc06deb3bdac7bd7af19669590b1a05aca3b18127557,202,93e6f61b9142b0efdebdbc06deb3bdac7bd7af19669590b1a05aca3b18127557,0,3,central_cross_east_west,True,6.683809438174594e-41,5.790264287871102e-21,10.000000163912773,1,0.0062515989993698895
0.003,8.728463154741837e-13,3.737673058107496e-08,3.048196161519e-09,,1.0919879076173873,0.6146446700995918,0.6646446708446498,0,433,6.68381e-41,0,0,True,2.84215e-11,0,True,simple_default,simple,8.72846e-13,0,True,2.55688179700746e-06,adaptive_hybrid_fixed,0.05,398,67e12a138e6c6c8fd76aa6516bc201c8bc698c7190bf21dd5227ac7e2a55480d,10.000000163912782,,,,,,,,,,,,,,,,,,0,0.0,,,,,,,,,,,0,,NavFnAStar,93e6f61b9142b0efdebdbc06deb3bdac7bd7af19669590b1a05aca3b18127557,202,93e6f61b9142b0efdebdbc06deb3bdac7bd7af19669590b1a05aca3b18127557,0,3,central_cross_east_west,True,8.728463154741837e-13,2.55688179700746e-06,10.000000163912782,1,0.010913418998825364
0.003,8.728463154741837e-13,3.737673058107496e-08,3.048196161519e-09,,1.0919879076173873,0.6146446700995918,0.6646446708446498,0,433,6.68381e-41,0,0,True,2.84215e-11,0,True,simple_default,simple,8.72846e-13,0,True,2.55688179700746e-06,adaptive_hybrid,0.05,398,67e12a138e6c6c8fd76aa6516bc201c8bc698c7190bf21dd5227ac7e2a55480d,10.000000163912782,,,,,,,,,,,,,,,,,,0,0.0,,,,,,,,,,,0,,NavFnAStar,93e6f61b9142b0efdebdbc06deb3bdac7bd7af19669590b1a05aca3b18127557,202,93e6f61b9142b0efdebdbc06deb3bdac7bd7af19669590b1a05aca3b18127557,0,3,central_cross_east_west,True,8.728463154741837e-13,2.55688179700746e-06,10.000000163912782,1,0.009614708000299288
0.0,3.996805866498858e-12,3.469446951953614e-18,3.154042683594195e-19,,0.9808052416575644,0.6146446700995918,0.6646446708446498,0,257,,,,,,,,,,,,,8.940700713108245e-06,raw,0.05,238,da6214e870e8e649c9c3a89cb07caed63e5c05641e03dd601c171cff56f2d82d,5.999999985098844,,,,,,,,,,,,,,,,,,0,0.0,,,,,,,,,,,0,,NavFnAStar,da6214e870e8e649c9c3a89cb07caed63e5c05641e03dd601c171cff56f2d82d,121,da6214e870e8e649c9c3a89cb07caed63e5c05641e03dd601c171cff56f2d82d,0,1,west_service_lane,True,3.996805866498858e-12,8.940700713108245e-06,5.999999985098844,1,0.004808371999388328
0.0,1.2144095755317412e-13,1.4016292126939334e-08,1.4769225216663716e-09,,1.0419079612696744,0.6646446708446498,0.8571446737131234,0,238,,,,,,,,,,,,,9.58831236630454e-07,simple,0.05,238,369d10f930a0014874a20d232a2e54b5769a0cadea31dde115c1b73b79265d16,5.999999985098841,,,,,,,,,,,,,,,,,,0,0.0,,,,,,,,,,,0,,NavFnAStar,da6214e870e8e649c9c3a89cb07caed63e5c05641e03dd601c171cff56f2d82d,121,da6214e870e8e649c9c3a89cb07caed63e5c05641e03dd601c171cff56f2d82d,0,1,west_service_lane,True,1.2144095755317412e-13,9.58831236630454e-07,5.999999985098841,1,0.006064860001060879
0.0,5.013973038058111e-13,1.0086580459756078e-08,9.424574725320259e-10,,1.0423281293431623,0.6646446708446498,0.8646446738248821,0,238,,,,,,,,,,,,,1.921387138281722e-06,savitzky_golay,0.05,238,a00a7709eeb3d2bfa6e084cd7ae7f2ea8bb8cc2f5df311fa67bf9809a9ba7f78,5.9999999850988415,,,,,,,,,,,,,,,,,,0,0.0,,,,,,,,,,,0,,NavFnAStar,da6214e870e8e649c9c3a89cb07caed63e5c05641e03dd601c171cff56f2d82d,121,da6214e870e8e649c9c3a89cb07caed63e5c05641e03dd601c171cff56f2d82d,0,1,west_service_lane,True,5.013973038058111e-13,1.921387138281722e-06,5.9999999850988415,1,0.006050920997950016
0.0,3.996805866498858e-12,3.469446951953614e-18,3.154042683594195e-19,,1.0165535111791275,0.6146446700995918,0.6646446708446498,0,256,,,,,,,,,,,,,8.940700713108245e-06,constrained,0.05,238,da6214e870e8e649c9c3a89cb07caed63e5c05641e03dd601c171cff56f2d82d,5.999999985098844,,,,,,,,,,,,,,,,,,0,0.0,,,,,,,,,,,0,,NavFnAStar,da6214e870e8e649c9c3a89cb07caed63e5c05641e03dd601c171cff56f2d82d,121,da6214e870e8e649c9c3a89cb07caed63e5c05641e03dd601c171cff56f2d82d,0,1,west_service_lane,True,3.996805866498858e-12,8.940700713108245e-06,5.999999985098844,1,0.0073339840018888935
0.0,3.029472395276287e-25,2.2165477453484073e-08,1.2770998964286778e-08,,1.034845758109839,0.6646446708446498,0.814644673079824,0,121,,,,,,,,,,,,,3.5527136854696355e-13,pivot_g2_fixed,0.05,121,4d0575244d45c4a8c650b8dd55c9420fbaa62be814abb41dd0527e3933e3c2be,5.999999985098839,0,0,"[[-4.5, -3], [-4.5, 3]]",238,0.075,2.21655e-08,0.15,0,2,0,1,[],0,0,0,none,0,0,0.0,200,0,121,0,0,{},0.000193387,fixed,0.05,,0,0,NavFnAStar,da6214e870e8e649c9c3a89cb07caed63e5c05641e03dd601c171cff56f2d82d,121,da6214e870e8e649c9c3a89cb07caed63e5c05641e03dd601c171cff56f2d82d,0,1,west_service_lane,True,3.029472395276287e-25,3.5527136854696355e-13,5.999999985098839,1,0.00492082300115726
0.003,3.029472395276287e-25,2.2165477453484073e-08,1.2770998964286778e-08,,1.034845758109839,0.6646446708446498,0.814644673079824,0,121,,,,,,,,,,,,,3.5527136854696355e-13,pivot_g2,0.05,121,4d0575244d45c4a8c650b8dd55c9420fbaa62be814abb41dd0527e3933e3c2be,5.999999985098839,0,0,"[[-4.5, -3], [-4.5, 3]]",238,0.075,2.21655e-08,0.15,0,2,0,1,[],0,0,0,none,0,0,0.0,200,0,121,0,0,{},0.000194319,adaptive,0.05,,0,0,NavFnAStar,da6214e870e8e649c9c3a89cb07caed63e5c05641e03dd601c171cff56f2d82d,121,da6214e870e8e649c9c3a89cb07caed63e5c05641e03dd601c171cff56f2d82d,0,1,west_service_lane,True,3.029472395276287e-25,3.5527136854696355e-13,5.999999985098839,1,0.004886075999820605
0.0,1.2144095755317412e-13,1.4016292126939334e-08,1.4769225216663716e-09,,1.0419079612696744,0.6646446708446498,0.8571446737131234,0,238,3.02947e-25,0,0,True,3.99681e-12,0,True,simple_default,simple,1.21441e-13,0,True,9.58831236630454e-07,adaptive_hybrid_fixed,0.05,238,369d10f930a0014874a20d232a2e54b5769a0cadea31dde115c1b73b79265d16,5.999999985098841,,,,,,,,,,,,,,,,,,0,0.0,,,,,,,,,,,0,,NavFnAStar,da6214e870e8e649c9c3a89cb07caed63e5c05641e03dd601c171cff56f2d82d,121,da6214e870e8e649c9c3a89cb07caed63e5c05641e03dd601c171cff56f2d82d,0,1,west_service_lane,True,1.2144095755317412e-13,9.58831236630454e-07,5.999999985098841,1,0.006683622999844374
0.003,1.2144095755317412e-13,1.4016292126939334e-08,1.4769225216663716e-09,,1.0419079612696744,0.6646446708446498,0.8571446737131234,0,238,3.02947e-25,0,0,True,3.99681e-12,0,True,simple_default,simple,1.21441e-13,0,True,9.58831236630454e-07,adaptive_hybrid,0.05,238,369d10f930a0014874a20d232a2e54b5769a0cadea31dde115c1b73b79265d16,5.999999985098841,,,,,,,,,,,,,,,,,,0,0.0,,,,,,,,,,,0,,NavFnAStar,da6214e870e8e649c9c3a89cb07caed63e5c05641e03dd601c171cff56f2d82d,121,da6214e870e8e649c9c3a89cb07caed63e5c05641e03dd601c171cff56f2d82d,0,1,west_service_lane,True,1.2144095755317412e-13,9.58831236630454e-07,5.999999985098841,1,0.0070653210023010615
0.0,3.996805866498858e-12,3.469446951953614e-18,3.154042683594195e-19,,0.9808052416575644,0.6146446700995918,0.6646446708446498,0,257,,,,,,,,,,,,,8.940700713108245e-06,raw,0.05,238,da6214e870e8e649c9c3a89cb07caed63e5c05641e03dd601c171cff56f2d82d,5.999999985098844,,,,,,,,,,,,,,,,,,0,0.0,,,,,,,,,,,0,,NavFnAStar,da6214e870e8e649c9c3a89cb07caed63e5c05641e03dd601c171cff56f2d82d,121,da6214e870e8e649c9c3a89cb07caed63e5c05641e03dd601c171cff56f2d82d,0,2,west_service_lane,True,3.996805866498858e-12,8.940700713108245e-06,5.999999985098844,1,0.004776858000695938
0.0,1.2144095755317412e-13,1.4016292126939334e-08,1.4769225216663716e-09,,1.0419079612696744,0.6646446708446498,0.8571446737131234,0,238,,,,,,,,,,,,,9.58831236630454e-07,simple,0.05,238,369d10f930a0014874a20d232a2e54b5769a0cadea31dde115c1b73b79265d16,5.999999985098841,,,,,,,,,,,,,,,,,,0,0.0,,,,,,,,,,,0,,NavFnAStar,da6214e870e8e649c9c3a89cb07caed63e5c05641e03dd601c171cff56f2d82d,121,da6214e870e8e649c9c3a89cb07caed63e5c05641e03dd601c171cff56f2d82d,0,2,west_service_lane,True,1.2144095755317412e-13,9.58831236630454e-07,5.999999985098841,1,0.005990516998281237
0.0,5.013973038058111e-13,1.0086580459756078e-08,9.424574725320259e-10,,1.0423281293431623,0.6646446708446498,0.8646446738248821,0,238,,,,,,,,,,,,,1.921387138281722e-06,savitzky_golay,0.05,238,a00a7709eeb3d2bfa6e084cd7ae7f2ea8bb8cc2f5df311fa67bf9809a9ba7f78,5.9999999850988415,,,,,,,,,,,,,,,,,,0,0.0,,,,,,,,,,,0,,NavFnAStar,da6214e870e8e649c9c3a89cb07caed63e5c05641e03dd601c171cff56f2d82d,121,da6214e870e8e649c9c3a89cb07caed63e5c05641e03dd601c171cff56f2d82d,0,2,west_service_lane,True,5.013973038058111e-13,1.921387138281722e-06,5.9999999850988415,1,0.006800647999625653
0.0,3.996805866498858e-12,3.469446951953614e-18,3.154042683594195e-19,,1.0165535111791275,0.6146446700995918,0.6646446708446498,0,256,,,,,,,,,,,,,8.940700713108245e-06,constrained,0.05,238,da6214e870e8e649c9c3a89cb07caed63e5c05641e03dd601c171cff56f2d82d,5.999999985098844,,,,,,,,,,,,,,,,,,0,0.0,,,,,,,,,,,0,,NavFnAStar,da6214e870e8e649c9c3a89cb07caed63e5c05641e03dd601c171cff56f2d82d,121,da6214e870e8e649c9c3a89cb07caed63e5c05641e03dd601c171cff56f2d82d,0,2,west_service_lane,True,3.996805866498858e-12,8.940700713108245e-06,5.999999985098844,1,0.006774270001187688
0.0,3.029472395276287e-25,2.2165477453484073e-08,1.2770998964286778e-08,,1.034845758109839,0.6646446708446498,0.814644673079824,0,121,,,,,,,,,,,,,3.5527136854696355e-13,pivot_g2_fixed,0.05,121,4d0575244d45c4a8c650b8dd55c9420fbaa62be814abb41dd0527e3933e3c2be,5.999999985098839,0,0,"[[-4.5, -3], [-4.5, 3]]",238,0.075,2.21655e-08,0.15,0,2,0,1,[],0,0,0,none,0,0,0.0,200,0,121,0,0,{},0.000199079,fixed,0.05,,0,0,NavFnAStar,da6214e870e8e649c9c3a89cb07caed63e5c05641e03dd601c171cff56f2d82d,121,da6214e870e8e649c9c3a89cb07caed63e5c05641e03dd601c171cff56f2d82d,0,2,west_service_lane,True,3.029472395276287e-25,3.5527136854696355e-13,5.999999985098839,1,0.005477261001942679
0.0,3.029472395276287e-25,2.2165477453484073e-08,1.2770998964286778e-08,,1.034845758109839,0.6646446708446498,0.814644673079824,0,121,,,,,,,,,,,,,3.5527136854696355e-13,pivot_g2,0.05,121,4d0575244d45c4a8c650b8dd55c9420fbaa62be814abb41dd0527e3933e3c2be,5.999999985098839,0,0,"[[-4.5, -3], [-4.5, 3]]",238,0.075,2.21655e-08,0.15,0,2,0,1,[],0,0,0,none,0,0,0.0,200,0,121,0,0,{},0.000191533,adaptive,0.05,,0,0,NavFnAStar,da6214e870e8e649c9c3a89cb07caed63e5c05641e03dd601c171cff56f2d82d,121,da6214e870e8e649c9c3a89cb07caed63e5c05641e03dd601c171cff56f2d82d,0,2,west_service_lane,True,3.029472395276287e-25,3.5527136854696355e-13,5.999999985098839,1,0.005177679999178508
0.0,1.2144095755317412e-13,1.4016292126939334e-08,1.4769225216663716e-09,,1.0419079612696744,0.6646446708446498,0.8571446737131234,0,238,3.02947e-25,0,0,True,3.99681e-12,0,True,simple_default,simple,1.21441e-13,0,True,9.58831236630454e-07,adaptive_hybrid_fixed,0.05,238,369d10f930a0014874a20d232a2e54b5769a0cadea31dde115c1b73b79265d16,5.999999985098841,,,,,,,,,,,,,,,,,,0,0.0,,,,,,,,,,,0,,NavFnAStar,da6214e870e8e649c9c3a89cb07caed63e5c05641e03dd601c171cff56f2d82d,121,da6214e870e8e649c9c3a89cb07caed63e5c05641e03dd601c171cff56f2d82d,0,2,west_service_lane,True,1.2144095755317412e-13,9.58831236630454e-07,5.999999985098841,1,0.007000050001806812
0.003,1.2144095755317412e-13,1.4016292126939334e-08,1.4769225216663716e-09,,1.0419079612696744,0.6646446708446498,0.8571446737131234,0,238,3.02947e-25,0,0,True,3.99681e-12,0,True,simple_default,simple,1.21441e-13,0,True,9.58831236630454e-07,adaptive_hybrid,0.05,238,369d10f930a0014874a20d232a2e54b5769a0cadea31dde115c1b73b79265d16,5.999999985098841,,,,,,,,,,,,,,,,,,0,0.0,,,,,,,,,,,0,,NavFnAStar,da6214e870e8e649c9c3a89cb07caed63e5c05641e03dd601c171cff56f2d82d,121,da6214e870e8e649c9c3a89cb07caed63e5c05641e03dd601c171cff56f2d82d,0,2,west_service_lane,True,1.2144095755317412e-13,9.58831236630454e-07,5.999999985098841,1,0.008590751996962354
0.0,3.996805866498858e-12,3.469446951953614e-18,3.154042683594195e-19,,0.9808052416575644,0.6146446700995918,0.6646446708446498,0,257,,,,,,,,,,,,,8.940700713108245e-06,raw,0.05,238,da6214e870e8e649c9c3a89cb07caed63e5c05641e03dd601c171cff56f2d82d,5.999999985098844,,,,,,,,,,,,,,,,,,0,0.0,,,,,,,,,,,0,,NavFnAStar,da6214e870e8e649c9c3a89cb07caed63e5c05641e03dd601c171cff56f2d82d,121,da6214e870e8e649c9c3a89cb07caed63e5c05641e03dd601c171cff56f2d82d,0,3,west_service_lane,True,3.996805866498858e-12,8.940700713108245e-06,5.999999985098844,1,0.004652655999962008
0.0,1.2144095755317412e-13,1.4016292126939334e-08,1.4769225216663716e-09,,1.0419079612696744,0.6646446708446498,0.8571446737131234,0,238,,,,,,,,,,,,,9.58831236630454e-07,simple,0.05,238,369d10f930a0014874a20d232a2e54b5769a0cadea31dde115c1b73b79265d16,5.999999985098841,,,,,,,,,,,,,,,,,,0,0.0,,,,,,,,,,,0,,NavFnAStar,da6214e870e8e649c9c3a89cb07caed63e5c05641e03dd601c171cff56f2d82d,121,da6214e870e8e649c9c3a89cb07caed63e5c05641e03dd601c171cff56f2d82d,0,3,west_service_lane,True,1.2144095755317412e-13,9.58831236630454e-07,5.999999985098841,1,0.006070562001696089
0.0,5.013973038058111e-13,1.0086580459756078e-08,9.424574725320259e-10,,1.0423281293431623,0.6646446708446498,0.8646446738248821,0,238,,,,,,,,,,,,,1.921387138281722e-06,savitzky_golay,0.05,238,a00a7709eeb3d2bfa6e084cd7ae7f2ea8bb8cc2f5df311fa67bf9809a9ba7f78,5.9999999850988415,,,,,,,,,,,,,,,,,,0,0.0,,,,,,,,,,,0,,NavFnAStar,da6214e870e8e649c9c3a89cb07caed63e5c05641e03dd601c171cff56f2d82d,121,da6214e870e8e649c9c3a89cb07caed63e5c05641e03dd601c171cff56f2d82d,0,3,west_service_lane,True,5.013973038058111e-13,1.921387138281722e-06,5.9999999850988415,1,0.006321461998595623
0.0,3.996805866498858e-12,3.469446951953614e-18,3.154042683594195e-19,,1.0165535111791275,0.6146446700995918,0.6646446708446498,0,256,,,,,,,,,,,,,8.940700713108245e-06,constrained,0.05,238,da6214e870e8e649c9c3a89cb07caed63e5c05641e03dd601c171cff56f2d82d,5.999999985098844,,,,,,,,,,,,,,,,,,0,0.0,,,,,,,,,,,0,,NavFnAStar,da6214e870e8e649c9c3a89cb07caed63e5c05641e03dd601c171cff56f2d82d,121,da6214e870e8e649c9c3a89cb07caed63e5c05641e03dd601c171cff56f2d82d,0,3,west_service_lane,True,3.996805866498858e-12,8.940700713108245e-06,5.999999985098844,1,0.006388764999428531
0.0,3.029472395276287e-25,2.2165477453484073e-08,1.2770998964286778e-08,,1.034845758109839,0.6646446708446498,0.814644673079824,0,121,,,,,,,,,,,,,3.5527136854696355e-13,pivot_g2_fixed,0.05,121,4d0575244d45c4a8c650b8dd55c9420fbaa62be814abb41dd0527e3933e3c2be,5.999999985098839,0,0,"[[-4.5, -3], [-4.5, 3]]",238,0.075,2.21655e-08,0.15,0,2,0,1,[],0,0,0,none,0,0,0.0,200,0,121,0,0,{},0.000190118,fixed,0.05,,0,0,NavFnAStar,da6214e870e8e649c9c3a89cb07caed63e5c05641e03dd601c171cff56f2d82d,121,da6214e870e8e649c9c3a89cb07caed63e5c05641e03dd601c171cff56f2d82d,0,3,west_service_lane,True,3.029472395276287e-25,3.5527136854696355e-13,5.999999985098839,1,0.004579134998493828
0.0,3.029472395276287e-25,2.2165477453484073e-08,1.2770998964286778e-08,,1.034845758109839,0.6646446708446498,0.814644673079824,0,121,,,,,,,,,,,,,3.5527136854696355e-13,pivot_g2,0.05,121,4d0575244d45c4a8c650b8dd55c9420fbaa62be814abb41dd0527e3933e3c2be,5.999999985098839,0,0,"[[-4.5, -3], [-4.5, 3]]",238,0.075,2.21655e-08,0.15,0,2,0,1,[],0,0,0,none,0,0,0.0,200,0,121,0,0,{},0.000188624,adaptive,0.05,,0,0,NavFnAStar,da6214e870e8e649c9c3a89cb07caed63e5c05641e03dd601c171cff56f2d82d,121,da6214e870e8e649c9c3a89cb07caed63e5c05641e03dd601c171cff56f2d82d,0,3,west_service_lane,True,3.029472395276287e-25,3.5527136854696355e-13,5.999999985098839,1,0.004936317000101553
0.003,1.2144095755317412e-13,1.4016292126939334e-08,1.4769225216663716e-09,,1.0419079612696744,0.6646446708446498,0.8571446737131234,0,238,3.02947e-25,0,0,True,3.99681e-12,0,True,simple_default,simple,1.21441e-13,0,True,9.58831236630454e-07,adaptive_hybrid_fixed,0.05,238,369d10f930a0014874a20d232a2e54b5769a0cadea31dde115c1b73b79265d16,5.999999985098841,,,,,,,,,,,,,,,,,,0,0.0,,,,,,,,,,,0,,NavFnAStar,da6214e870e8e649c9c3a89cb07caed63e5c05641e03dd601c171cff56f2d82d,121,da6214e870e8e649c9c3a89cb07caed63e5c05641e03dd601c171cff56f2d82d,0,3,west_service_lane,True,1.2144095755317412e-13,9.58831236630454e-07,5.999999985098841,1,0.007360101997619495
0.0,1.2144095755317412e-13,1.4016292126939334e-08,1.4769225216663716e-09,,1.0419079612696744,0.6646446708446498,0.8571446737131234,0,238,3.02947e-25,0,0,True,3.99681e-12,0,True,simple_default,simple,1.21441e-13,0,True,9.58831236630454e-07,adaptive_hybrid,0.05,238,369d10f930a0014874a20d232a2e54b5769a0cadea31dde115c1b73b79265d16,5.999999985098841,,,,,,,,,,,,,,,,,,0,0.0,,,,,,,,,,,0,,NavFnAStar,da6214e870e8e649c9c3a89cb07caed63e5c05641e03dd601c171cff56f2d82d,121,da6214e870e8e649c9c3a89cb07caed63e5c05641e03dd601c171cff56f2d82d,0,3,west_service_lane,True,1.2144095755317412e-13,9.58831236630454e-07,5.999999985098841,1,0.007264186999236699
0.0,2.8421730606179396e-11,3.469446951953614e-18,3.154042683594195e-19,,0.5726437756510452,0.41464466711935954,0.4646446678644176,0,257,,,,,,,,,,,,,2.3841868568270456e-05,raw,0.05,238,9d1df56cc9c8f5bf1dbfc4f320dbfa33b2e00f9150aefc98694f94e5deec520c,5.999999985098874,,,,,,,,,,,,,,,,,,0,0.0,,,,,,,,,,,0,,NavFnAStar,9d1df56cc9c8f5bf1dbfc4f320dbfa33b2e00f9150aefc98694f94e5deec520c,121,9d1df56cc9c8f5bf1dbfc4f320dbfa33b2e00f9150aefc98694f94e5deec520c,0,1,picking_aisle_a,True,2.8421730606179396e-11,2.3841868568270456e-05,5.999999985098874,1,0.021137107996764826
0.0,8.635797602636549e-13,3.737678322401905e-08,3.93846081233676e-09,,0.614962229175358,0.5146446686094757,0.5146446686094757,0,238,,,,,,,,,,,,,2.5568830608336197e-06,simple,0.05,238,2022f5b3d68b77cc4e2bba5da0ac17c2c4853bdd8308c41e059192acad922d22,5.999999985098849,,,,,,,,,,,,,,,,,,0,0.0,,,,,,,,,,,0,,NavFnAStar,9d1df56cc9c8f5bf1dbfc4f320dbfa33b2e00f9150aefc98694f94e5deec520c,121,9d1df56cc9c8f5bf1dbfc4f320dbfa33b2e00f9150aefc98694f94e5deec520c,0,1,picking_aisle_a,True,8.635797602636549e-13,2.5568830608336197e-06,5.999999985098849,1,0.00624094500017236
0.0,3.5654902085737784e-12,2.6897551963500632e-08,2.5132202763528066e-09,,0.614962229175358,0.5146446686094757,0.5146446686094757,0,238,,,,,,,,,,,,,5.123700486109625e-06,savitzky_golay,0.05,238,159f63e22aa47cfa398de3d435ce1ad37969116f9389da007cb22229cace2d15,5.999999985098855,,,,,,,,,,,,,,,,,,0,0.0,,,,,,,,,,,0,,NavFnAStar,9d1df56cc9c8f5bf1dbfc4f320dbfa33b2e00f9150aefc98694f94e5deec520c,121,9d1df56cc9c8f5bf1dbfc4f320dbfa33b2e00f9150aefc98694f94e5deec520c,0,1,picking_aisle_a,True,3.5654902085737784e-12,5.123700486109625e-06,5.999999985098855,1,0.006274994000705192
0.003,2.8421730606179396e-11,3.469446951953614e-18,3.154042683594195e-19,,0.602635213119489,0.41464466711935954,0.4646446678644176,0,256,,,,,,,,,,,,,2.3841868568270456e-05,constrained,0.05,238,9d1df56cc9c8f5bf1dbfc4f320dbfa33b2e00f9150aefc98694f94e5deec520c,5.999999985098874,,,,,,,,,,,,,,,,,,0,0.0,,,,,,,,,,,0,,NavFnAStar,9d1df56cc9c8f5bf1dbfc4f320dbfa33b2e00f9150aefc98694f94e5deec520c,121,9d1df56cc9c8f5bf1dbfc4f320dbfa33b2e00f9150aefc98694f94e5deec520c,0,1,picking_aisle_a,True,2.8421730606179396e-11,2.3841868568270456e-05,5.999999985098874,1,0.005900045998714631
0.0,1.345446115690718e-26,5.910793965391292e-08,3.40559973133154e-08,,0.6104948422331317,0.5146446686094757,0.5146446686094757,0,121,,,,,,,,,,,,,8.881784375879037e-14,pivot_g2_fixed,0.05,121,968a1c769183771f39be67209eebe8fb1eb6228484819c8d9d1e11edc00cdb77,5.999999985098839,0,0,"[[-2, -3], [-2, 3]]",238,0.075,5.91079e-08,0.15,0,2,0,1,[],0,0,0,none,0,0,0.0,200,0,121,0,0,{},0.000143705,fixed,0.05,,0,0,NavFnAStar,9d1df56cc9c8f5bf1dbfc4f320dbfa33b2e00f9150aefc98694f94e5deec520c,121,9d1df56cc9c8f5bf1dbfc4f320dbfa33b2e00f9150aefc98694f94e5deec520c,0,1,picking_aisle_a,True,1.345446115690718e-26,8.881784375879037e-14,5.999999985098839,1,0.005360710001696134
0.0,1.345446115690718e-26,5.910793965391292e-08,3.40559973133154e-08,,0.6104948422331317,0.5146446686094757,0.5146446686094757,0,121,,,,,,,,,,,,,8.881784375879037e-14,pivot_g2,0.05,121,968a1c769183771f39be67209eebe8fb1eb6228484819c8d9d1e11edc00cdb77,5.999999985098839,0,0,"[[-2, -3], [-2, 3]]",238,0.075,5.91079e-08,0.15,0,2,0,1,[],0,0,0,none,0,0,0.0,200,0,121,0,0,{},0.000176883,adaptive,0.05,,0,0,NavFnAStar,9d1df56cc9c8f5bf1dbfc4f320dbfa33b2e00f9150aefc98694f94e5deec520c,121,9d1df56cc9c8f5bf1dbfc4f320dbfa33b2e00f9150aefc98694f94e5deec520c,0,1,picking_aisle_a,True,1.345446115690718e-26,8.881784375879037e-14,5.999999985098839,1,0.00473428899931605
0.0,8.635797602636549e-13,3.737678322401905e-08,3.93846081233676e-09,,0.614962229175358,0.5146446686094757,0.5146446686094757,0,238,1.34545e-26,0,0,True,2.84217e-11,65,True,simple_default,simple,8.6358e-13,0,True,2.5568830608336197e-06,adaptive_hybrid_fixed,0.05,238,2022f5b3d68b77cc4e2bba5da0ac17c2c4853bdd8308c41e059192acad922d22,5.999999985098849,,,,,,,,,,,,,,,,,,0,0.0,,,,,,,,,,,0,,NavFnAStar,9d1df56cc9c8f5bf1dbfc4f320dbfa33b2e00f9150aefc98694f94e5deec520c,121,9d1df56cc9c8f5bf1dbfc4f320dbfa33b2e00f9150aefc98694f94e5deec520c,0,1,picking_aisle_a,True,8.635797602636549e-13,2.5568830608336197e-06,5.999999985098849,1,0.0069219619981595315
0.0,8.635797602636549e-13,3.737678322401905e-08,3.93846081233676e-09,,0.614962229175358,0.5146446686094757,0.5146446686094757,0,238,1.34545e-26,0,0,True,2.84217e-11,65,True,simple_default,simple,8.6358e-13,0,True,2.5568830608336197e-06,adaptive_hybrid,0.05,238,2022f5b3d68b77cc4e2bba5da0ac17c2c4853bdd8308c41e059192acad922d22,5.999999985098849,,,,,,,,,,,,,,,,,,0,0.0,,,,,,,,,,,0,,NavFnAStar,9d1df56cc9c8f5bf1dbfc4f320dbfa33b2e00f9150aefc98694f94e5deec520c,121,9d1df56cc9c8f5bf1dbfc4f320dbfa33b2e00f9150aefc98694f94e5deec520c,0,1,picking_aisle_a,True,8.635797602636549e-13,2.5568830608336197e-06,5.999999985098849,1,0.007809881997673074
0.0,2.8421730606179396e-11,3.469446951953614e-18,3.154042683594195e-19,,0.5726437756510452,0.41464466711935954,0.4646446678644176,0,257,,,,,,,,,,,,,2.3841868568270456e-05,raw,0.05,238,9d1df56cc9c8f5bf1dbfc4f320dbfa33b2e00f9150aefc98694f94e5deec520c,5.999999985098874,,,,,,,,,,,,,,,,,,0,0.0,,,,,,,,,,,0,,NavFnAStar,9d1df56cc9c8f5bf1dbfc4f320dbfa33b2e00f9150aefc98694f94e5deec520c,121,9d1df56cc9c8f5bf1dbfc4f320dbfa33b2e00f9150aefc98694f94e5deec520c,0,2,picking_aisle_a,True,2.8421730606179396e-11,2.3841868568270456e-05,5.999999985098874,1,0.004629528997611487
0.0,8.635797602636549e-13,3.737678322401905e-08,3.93846081233676e-09,,0.614962229175358,0.5146446686094757,0.5146446686094757,0,238,,,,,,,,,,,,,2.5568830608336197e-06,simple,0.05,238,2022f5b3d68b77cc4e2bba5da0ac17c2c4853bdd8308c41e059192acad922d22,5.999999985098849,,,,,,,,,,,,,,,,,,0,0.0,,,,,,,,,,,0,,NavFnAStar,9d1df56cc9c8f5bf1dbfc4f320dbfa33b2e00f9150aefc98694f94e5deec520c,121,9d1df56cc9c8f5bf1dbfc4f320dbfa33b2e00f9150aefc98694f94e5deec520c,0,2,picking_aisle_a,True,8.635797602636549e-13,2.5568830608336197e-06,5.999999985098849,1,0.006424641997000435
0.0,3.5654902085737784e-12,2.6897551963500632e-08,2.5132202763528066e-09,,0.614962229175358,0.5146446686094757,0.5146446686094757,0,238,,,,,,,,,,,,,5.123700486109625e-06,savitzky_golay,0.05,238,159f63e22aa47cfa398de3d435ce1ad37969116f9389da007cb22229cace2d15,5.999999985098855,,,,,,,,,,,,,,,,,,0,0.0,,,,,,,,,,,0,,NavFnAStar,9d1df56cc9c8f5bf1dbfc4f320dbfa33b2e00f9150aefc98694f94e5deec520c,121,9d1df56cc9c8f5bf1dbfc4f320dbfa33b2e00f9150aefc98694f94e5deec520c,0,2,picking_aisle_a,True,3.5654902085737784e-12,5.123700486109625e-06,5.999999985098855,1,0.006837279001047136
0.0,2.8421730606179396e-11,3.469446951953614e-18,3.154042683594195e-19,,0.602635213119489,0.41464466711935954,0.4646446678644176,0,256,,,,,,,,,,,,,2.3841868568270456e-05,constrained,0.05,238,9d1df56cc9c8f5bf1dbfc4f320dbfa33b2e00f9150aefc98694f94e5deec520c,5.999999985098874,,,,,,,,,,,,,,,,,,0,0.0,,,,,,,,,,,0,,NavFnAStar,9d1df56cc9c8f5bf1dbfc4f320dbfa33b2e00f9150aefc98694f94e5deec520c,121,9d1df56cc9c8f5bf1dbfc4f320dbfa33b2e00f9150aefc98694f94e5deec520c,0,2,picking_aisle_a,True,2.8421730606179396e-11,2.3841868568270456e-05,5.999999985098874,1,0.007112438001058763
0.0,1.345446115690718e-26,5.910793965391292e-08,3.40559973133154e-08,,0.6104948422331317,0.5146446686094757,0.5146446686094757,0,121,,,,,,,,,,,,,8.881784375879037e-14,pivot_g2_fixed,0.05,121,968a1c769183771f39be67209eebe8fb1eb6228484819c8d9d1e11edc00cdb77,5.999999985098839,0,0,"[[-2, -3], [-2, 3]]",238,0.075,5.91079e-08,0.15,0,2,0,1,[],0,0,0,none,0,0,0.0,200,0,121,0,0,{},0.000189453,fixed,0.05,,0,0,NavFnAStar,9d1df56cc9c8f5bf1dbfc4f320dbfa33b2e00f9150aefc98694f94e5deec520c,121,9d1df56cc9c8f5bf1dbfc4f320dbfa33b2e00f9150aefc98694f94e5deec520c,0,2,picking_aisle_a,True,1.345446115690718e-26,8.881784375879037e-14,5.999999985098839,1,0.0049289559974567965
0.0,1.345446115690718e-26,5.910793965391292e-08,3.40559973133154e-08,,0.6104948422331317,0.5146446686094757,0.5146446686094757,0,121,,,,,,,,,,,,,8.881784375879037e-14,pivot_g2,0.05,121,968a1c769183771f39be67209eebe8fb1eb6228484819c8d9d1e11edc00cdb77,5.999999985098839,0,0,"[[-2, -3], [-2, 3]]",238,0.075,5.91079e-08,0.15,0,2,0,1,[],0,0,0,none,0,0,0.0,200,0,121,0,0,{},0.000200749,adaptive,0.05,,0,0,NavFnAStar,9d1df56cc9c8f5bf1dbfc4f320dbfa33b2e00f9150aefc98694f94e5deec520c,121,9d1df56cc9c8f5bf1dbfc4f320dbfa33b2e00f9150aefc98694f94e5deec520c,0,2,picking_aisle_a,True,1.345446115690718e-26,8.881784375879037e-14,5.999999985098839,1,0.005735462000302505
0.0,8.635797602636549e-13,3.737678322401905e-08,3.93846081233676e-09,,0.614962229175358,0.5146446686094757,0.5146446686094757,0,238,1.34545e-26,0,0,True,2.84217e-11,65,True,simple_default,simple,8.6358e-13,0,True,2.5568830608336197e-06,adaptive_hybrid_fixed,0.05,238,2022f5b3d68b77cc4e2bba5da0ac17c2c4853bdd8308c41e059192acad922d22,5.999999985098849,,,,,,,,,,,,,,,,,,0,0.0,,,,,,,,,,,0,,NavFnAStar,9d1df56cc9c8f5bf1dbfc4f320dbfa33b2e00f9150aefc98694f94e5deec520c,121,9d1df56cc9c8f5bf1dbfc4f320dbfa33b2e00f9150aefc98694f94e5deec520c,0,2,picking_aisle_a,True,8.635797602636549e-13,2.5568830608336197e-06,5.999999985098849,1,0.007785159999912139
0.003,8.635797602636549e-13,3.737678322401905e-08,3.93846081233676e-09,,0.614962229175358,0.5146446686094757,0.5146446686094757,0,238,1.34545e-26,0,0,True,2.84217e-11,65,True,simple_default,simple,8.6358e-13,0,True,2.5568830608336197e-06,adaptive_hybrid,0.05,238,2022f5b3d68b77cc4e2bba5da0ac17c2c4853bdd8308c41e059192acad922d22,5.999999985098849,,,,,,,,,,,,,,,,,,0,0.0,,,,,,,,,,,0,,NavFnAStar,9d1df56cc9c8f5bf1dbfc4f320dbfa33b2e00f9150aefc98694f94e5deec520c,121,9d1df56cc9c8f5bf1dbfc4f320dbfa33b2e00f9150aefc98694f94e5deec520c,0,2,picking_aisle_a,True,8.635797602636549e-13,2.5568830608336197e-06,5.999999985098849,1,0.007046537997666746
0.0,2.8421730606179396e-11,3.469446951953614e-18,3.154042683594195e-19,,0.5726437756510452,0.41464466711935954,0.4646446678644176,0,257,,,,,,,,,,,,,2.3841868568270456e-05,raw,0.05,238,9d1df56cc9c8f5bf1dbfc4f320dbfa33b2e00f9150aefc98694f94e5deec520c,5.999999985098874,,,,,,,,,,,,,,,,,,0,0.0,,,,,,,,,,,0,,NavFnAStar,9d1df56cc9c8f5bf1dbfc4f320dbfa33b2e00f9150aefc98694f94e5deec520c,121,9d1df56cc9c8f5bf1dbfc4f320dbfa33b2e00f9150aefc98694f94e5deec520c,0,3,picking_aisle_a,True,2.8421730606179396e-11,2.3841868568270456e-05,5.999999985098874,1,0.005282283000269672
0.0,8.635797602636549e-13,3.737678322401905e-08,3.93846081233676e-09,,0.614962229175358,0.5146446686094757,0.5146446686094757,0,238,,,,,,,,,,,,,2.5568830608336197e-06,simple,0.05,238,2022f5b3d68b77cc4e2bba5da0ac17c2c4853bdd8308c41e059192acad922d22,5.999999985098849,,,,,,,,,,,,,,,,,,0,0.0,,,,,,,,,,,0,,NavFnAStar,9d1df56cc9c8f5bf1dbfc4f320dbfa33b2e00f9150aefc98694f94e5deec520c,121,9d1df56cc9c8f5bf1dbfc4f320dbfa33b2e00f9150aefc98694f94e5deec520c,0,3,picking_aisle_a,True,8.635797602636549e-13,2.5568830608336197e-06,5.999999985098849,1,0.006968868001422379
0.003,3.5654902085737784e-12,2.6897551963500632e-08,2.5132202763528066e-09,,0.614962229175358,0.5146446686094757,0.5146446686094757,0,238,,,,,,,,,,,,,5.123700486109625e-06,savitzky_golay,0.05,238,159f63e22aa47cfa398de3d435ce1ad37969116f9389da007cb22229cace2d15,5.999999985098855,,,,,,,,,,,,,,,,,,0,0.0,,,,,,,,,,,0,,NavFnAStar,9d1df56cc9c8f5bf1dbfc4f320dbfa33b2e00f9150aefc98694f94e5deec520c,121,9d1df56cc9c8f5bf1dbfc4f320dbfa33b2e00f9150aefc98694f94e5deec520c,0,3,picking_aisle_a,True,3.5654902085737784e-12,5.123700486109625e-06,5.999999985098855,1,0.007108396002877271
0.003,2.8421730606179396e-11,3.469446951953614e-18,3.154042683594195e-19,,0.602635213119489,0.41464466711935954,0.4646446678644176,0,256,,,,,,,,,,,,,2.3841868568270456e-05,constrained,0.05,238,9d1df56cc9c8f5bf1dbfc4f320dbfa33b2e00f9150aefc98694f94e5deec520c,5.999999985098874,,,,,,,,,,,,,,,,,,0,0.0,,,,,,,,,,,0,,NavFnAStar,9d1df56cc9c8f5bf1dbfc4f320dbfa33b2e00f9150aefc98694f94e5deec520c,121,9d1df56cc9c8f5bf1dbfc4f320dbfa33b2e00f9150aefc98694f94e5deec520c,0,3,picking_aisle_a,True,2.8421730606179396e-11,2.3841868568270456e-05,5.999999985098874,1,0.006726880998030538
0.0,1.345446115690718e-26,5.910793965391292e-08,3.40559973133154e-08,,0.6104948422331317,0.5146446686094757,0.5146446686094757,0,121,,,,,,,,,,,,,8.881784375879037e-14,pivot_g2_fixed,0.05,121,968a1c769183771f39be67209eebe8fb1eb6228484819c8d9d1e11edc00cdb77,5.999999985098839,0,0,"[[-2, -3], [-2, 3]]",238,0.075,5.91079e-08,0.15,0,2,0,1,[],0,0,0,none,0,0,0.0,200,0,121,0,0,{},0.000198664,fixed,0.05,,0,0,NavFnAStar,9d1df56cc9c8f5bf1dbfc4f320dbfa33b2e00f9150aefc98694f94e5deec520c,121,9d1df56cc9c8f5bf1dbfc4f320dbfa33b2e00f9150aefc98694f94e5deec520c,0,3,picking_aisle_a,True,1.345446115690718e-26,8.881784375879037e-14,5.999999985098839,1,0.005878580999706173
0.0,1.345446115690718e-26,5.910793965391292e-08,3.40559973133154e-08,,0.6104948422331317,0.5146446686094757,0.5146446686094757,0,121,,,,,,,,,,,,,8.881784375879037e-14,pivot_g2,0.05,121,968a1c769183771f39be67209eebe8fb1eb6228484819c8d9d1e11edc00cdb77,5.999999985098839,0,0,"[[-2, -3], [-2, 3]]",238,0.075,5.91079e-08,0.15,0,2,0,1,[],0,0,0,none,0,0,0.0,200,0,121,0,0,{},0.000194607,adaptive,0.05,,0,0,NavFnAStar,9d1df56cc9c8f5bf1dbfc4f320dbfa33b2e00f9150aefc98694f94e5deec520c,121,9d1df56cc9c8f5bf1dbfc4f320dbfa33b2e00f9150aefc98694f94e5deec520c,0,3,picking_aisle_a,True,1.345446115690718e-26,8.881784375879037e-14,5.999999985098839,1,0.005083433999971021
0.003,8.635797602636549e-13,3.737678322401905e-08,3.93846081233676e-09,,0.614962229175358,0.5146446686094757,0.5146446686094757,0,238,1.34545e-26,0,0,True,2.84217e-11,65,True,simple_default,simple,8.6358e-13,0,True,2.5568830608336197e-06,adaptive_hybrid_fixed,0.05,238,2022f5b3d68b77cc4e2bba5da0ac17c2c4853bdd8308c41e059192acad922d22,5.999999985098849,,,,,,,,,,,,,,,,,,0,0.0,,,,,,,,,,,0,,NavFnAStar,9d1df56cc9c8f5bf1dbfc4f320dbfa33b2e00f9150aefc98694f94e5deec520c,121,9d1df56cc9c8f5bf1dbfc4f320dbfa33b2e00f9150aefc98694f94e5deec520c,0,3,picking_aisle_a,True,8.635797602636549e-13,2.5568830608336197e-06,5.999999985098849,1,0.007260653997946065
0.0,8.635797602636549e-13,3.737678322401905e-08,3.93846081233676e-09,,0.614962229175358,0.5146446686094757,0.5146446686094757,0,238,1.34545e-26,0,0,True,2.84217e-11,65,True,simple_default,simple,8.6358e-13,0,True,2.5568830608336197e-06,adaptive_hybrid,0.05,238,2022f5b3d68b77cc4e2bba5da0ac17c2c4853bdd8308c41e059192acad922d22,5.999999985098849,,,,,,,,,,,,,,,,,,0,0.0,,,,,,,,,,,0,,NavFnAStar,9d1df56cc9c8f5bf1dbfc4f320dbfa33b2e00f9150aefc98694f94e5deec520c,121,9d1df56cc9c8f5bf1dbfc4f320dbfa33b2e00f9150aefc98694f94e5deec520c,0,3,picking_aisle_a,True,8.635797602636549e-13,2.5568830608336197e-06,5.999999985098849,1,0.00694562699936796
0.0,6.394857940360782e-11,3.469446951953614e-18,3.141089681500624e-19,,0.5726437756510452,0.41464466711935954,0.4646446678644176,0,257,,,,,,,,,,,,,3.576271225821831e-05,raw,0.05,238,cf47d53e78e26d3a29e8cfa0e8cbd079cfb0157a2aad05a1bf39cc4e96f4de3b,6.000000104308208,,,,,,,,,,,,,,,,,,0,0.0,,,,,,,,,,,0,,NavFnAStar,cf47d53e78e26d3a29e8cfa0e8cbd079cfb0157a2aad05a1bf39cc4e96f4de3b,122,cf47d53e78e26d3a29e8cfa0e8cbd079cfb0157a2aad05a1bf39cc4e96f4de3b,0,1,picking_aisle_b,True,6.394857940360782e-11,3.576271225821831e-05,6.000000104308208,1,0.005759580999438185
0.0,1.963904108167947e-12,5.60651310624681e-08,5.883425351824461e-09,,0.614962229175358,0.5146446686094757,0.5146446686094757,0,238,,,,,,,,,,,,,3.835320121721944e-06,simple,0.05,238,d1280c19f6ff35b0e504e66be54690af8acfdd63578acd32b77ce14ab84895a8,6.00000010430815,,,,,,,,,,,,,,,,,,0,0.0,,,,,,,,,,,0,,NavFnAStar,cf47d53e78e26d3a29e8cfa0e8cbd079cfb0157a2aad05a1bf39cc4e96f4de3b,122,cf47d53e78e26d3a29e8cfa0e8cbd079cfb0157a2aad05a1bf39cc4e96f4de3b,0,1,picking_aisle_b,True,1.963904108167947e-12,3.835320121721944e-06,6.00000010430815,1,0.0069279839990485925
0.003,8.100473328962177e-12,4.034628857040741e-08,3.754344935241673e-09,,0.614962229175358,0.5146446686094757,0.5146446686094757,0,238,,,,,,,,,,,,,7.68553919873497e-06,savitzky_golay,0.05,238,04c386075db88a60c341f6c89355d93c88e75c8303cc1acce0db455454061bf3,6.000000104308165,,,,,,,,,,,,,,,,,,0,0.0,,,,,,,,,,,0,,NavFnAStar,cf47d53e78e26d3a29e8cfa0e8cbd079cfb0157a2aad05a1bf39cc4e96f4de3b,122,cf47d53e78e26d3a29e8cfa0e8cbd079cfb0157a2aad05a1bf39cc4e96f4de3b,0,1,picking_aisle_b,True,8.100473328962177e-12,7.68553919873497e-06,6.000000104308165,1,0.006837397999333916
0.003,6.394857940360782e-11,3.469446951953614e-18,3.141089681500624e-19,,0.602292837459917,0.41464466711935954,0.4646446678644176,0,257,,,,,,,,,,,,,3.576271225821831e-05,constrained,0.05,238,cf47d53e78e26d3a29e8cfa0e8cbd079cfb0157a2aad05a1bf39cc4e96f4de3b,6.000000104308208,,,,,,,,,,,,,,,,,,0,0.0,,,,,,,,,,,0,,NavFnAStar,cf47d53e78e26d3a29e8cfa0e8cbd079cfb0157a2aad05a1bf39cc4e96f4de3b,122,cf47d53e78e26d3a29e8cfa0e8cbd079cfb0157a2aad05a1bf39cc4e96f4de3b,0,1,picking_aisle_b,True,6.394857940360782e-11,3.576271225821831e-05,6.000000104308208,1,0.006962270999792963
0.0,6.141357426564456e-35,8.866190756203373e-08,5.087420353869225e-08,,0.6152816227588004,0.5146446686094757,0.5146446686094757,0,122,,,,,,,,,,,,,4.9563417735197214e-17,pivot_g2_fixed,0.05,122,e9ba5413a8c682ed6b2f14640c88c0e2841c154dd311a40a861ebe88c099ac6d,6.000000104308129,0,0,"[[8.9407e-08, 3], [0, -3]]",238,0.075,8.86619e-08,0.15,0,2,0,1,[],0,0,0,none,0,0,0.0,200,0,122,0,0,{},0.000144151,fixed,0.05,,0,0,NavFnAStar,cf47d53e78e26d3a29e8cfa0e8cbd079cfb0157a2aad05a1bf39cc4e96f4de3b,122,cf47d53e78e26d3a29e8cfa0e8cbd079cfb0157a2aad05a1bf39cc4e96f4de3b,0,1,picking_aisle_b,True,6.141357426564456e-35,4.9563417735197214e-17,6.000000104308129,1,0.005779530001746025
0.0,6.141357426564456e-35,8.866190756203373e-08,5.087420353869225e-08,,0.6152816227588004,0.5146446686094757,0.5146446686094757,0,122,,,,,,,,,,,,,4.9563417735197214e-17,pivot_g2,0.05,122,e9ba5413a8c682ed6b2f14640c88c0e2841c154dd311a40a861ebe88c099ac6d,6.000000104308129,0,0,"[[8.9407e-08, 3], [0, -3]]",238,0.075,8.86619e-08,0.15,0,2,0,1,[],0,0,0,none,0,0,0.0,200,0,122,0,0,{},0.000190663,adaptive,0.05,,0,0,NavFnAStar,cf47d53e78e26d3a29e8cfa0e8cbd079cfb0157a2aad05a1bf39cc4e96f4de3b,122,cf47d53e78e26d3a29e8cfa0e8cbd079cfb0157a2aad05a1bf39cc4e96f4de3b,0,1,picking_aisle_b,True,6.141357426564456e-35,4.9563417735197214e-17,6.000000104308129,1,0.005689093999535544
0.003,1.963904108167947e-12,5.60651310624681e-08,5.883425351824461e-09,,0.614962229175358,0.5146446686094757,0.5146446686094757,0,238,6.14136e-35,0,0,True,6.39486e-11,65,True,simple_default,simple,1.9639e-12,0,True,3.835320121721944e-06,adaptive_hybrid_fixed,0.05,238,d1280c19f6ff35b0e504e66be54690af8acfdd63578acd32b77ce14ab84895a8,6.00000010430815,,,,,,,,,,,,,,,,,,0,0.0,,,,,,,,,,,0,,NavFnAStar,cf47d53e78e26d3a29e8cfa0e8cbd079cfb0157a2aad05a1bf39cc4e96f4de3b,122,cf47d53e78e26d3a29e8cfa0e8cbd079cfb0157a2aad05a1bf39cc4e96f4de3b,0,1,picking_aisle_b,True,1.963904108167947e-12,3.835320121721944e-06,6.00000010430815,1,0.007979051999427611
0.003,1.963904108167947e-12,5.60651310624681e-08,5.883425351824461e-09,,0.614962229175358,0.5146446686094757,0.5146446686094757,0,238,6.14136e-35,0,0,True,6.39486e-11,65,True,simple_default,simple,1.9639e-12,0,True,3.835320121721944e-06,adaptive_hybrid,0.05,238,d1280c19f6ff35b0e504e66be54690af8acfdd63578acd32b77ce14ab84895a8,6.00000010430815,,,,,,,,,,,,,,,,,,0,0.0,,,,,,,,,,,0,,NavFnAStar,cf47d53e78e26d3a29e8cfa0e8cbd079cfb0157a2aad05a1bf39cc4e96f4de3b,122,cf47d53e78e26d3a29e8cfa0e8cbd079cfb0157a2aad05a1bf39cc4e96f4de3b,0,1,picking_aisle_b,True,1.963904108167947e-12,3.835320121721944e-06,6.00000010430815,1,0.007598234999022679
0.0,6.394857940360782e-11,3.469446951953614e-18,3.141089681500624e-19,,0.5726437756510452,0.41464466711935954,0.4646446678644176,0,257,,,,,,,,,,,,,3.576271225821831e-05,raw,0.05,238,cf47d53e78e26d3a29e8cfa0e8cbd079cfb0157a2aad05a1bf39cc4e96f4de3b,6.000000104308208,,,,,,,,,,,,,,,,,,0,0.0,,,,,,,,,,,0,,NavFnAStar,cf47d53e78e26d3a29e8cfa0e8cbd079cfb0157a2aad05a1bf39cc4e96f4de3b,122,cf47d53e78e26d3a29e8cfa0e8cbd079cfb0157a2aad05a1bf39cc4e96f4de3b,0,2,picking_aisle_b,True,6.394857940360782e-11,3.576271225821831e-05,6.000000104308208,1,0.004833742001210339
0.0,1.963904108167947e-12,5.60651310624681e-08,5.883425351824461e-09,,0.614962229175358,0.5146446686094757,0.5146446686094757,0,238,,,,,,,,,,,,,3.835320121721944e-06,simple,0.05,238,d1280c19f6ff35b0e504e66be54690af8acfdd63578acd32b77ce14ab84895a8,6.00000010430815,,,,,,,,,,,,,,,,,,0,0.0,,,,,,,,,,,0,,NavFnAStar,cf47d53e78e26d3a29e8cfa0e8cbd079cfb0157a2aad05a1bf39cc4e96f4de3b,122,cf47d53e78e26d3a29e8cfa0e8cbd079cfb0157a2aad05a1bf39cc4e96f4de3b,0,2,picking_aisle_b,True,1.963904108167947e-12,3.835320121721944e-06,6.00000010430815,1,0.006239682999876095
0.0,8.100473328962177e-12,4.034628857040741e-08,3.754344935241673e-09,,0.614962229175358,0.5146446686094757,0.5146446686094757,0,238,,,,,,,,,,,,,7.68553919873497e-06,savitzky_golay,0.05,238,04c386075db88a60c341f6c89355d93c88e75c8303cc1acce0db455454061bf3,6.000000104308165,,,,,,,,,,,,,,,,,,0,0.0,,,,,,,,,,,0,,NavFnAStar,cf47d53e78e26d3a29e8cfa0e8cbd079cfb0157a2aad05a1bf39cc4e96f4de3b,122,cf47d53e78e26d3a29e8cfa0e8cbd079cfb0157a2aad05a1bf39cc4e96f4de3b,0,2,picking_aisle_b,True,8.100473328962177e-12,7.68553919873497e-06,6.000000104308165,1,0.007100047998392256
0.0,6.394857940360782e-11,3.469446951953614e-18,3.141089681500624e-19,,0.602292837459917,0.41464466711935954,0.4646446678644176,0,257,,,,,,,,,,,,,3.576271225821831e-05,constrained,0.05,238,cf47d53e78e26d3a29e8cfa0e8cbd079cfb0157a2aad05a1bf39cc4e96f4de3b,6.000000104308208,,,,,,,,,,,,,,,,,,0,0.0,,,,,,,,,,,0,,NavFnAStar,cf47d53e78e26d3a29e8cfa0e8cbd079cfb0157a2aad05a1bf39cc4e96f4de3b,122,cf47d53e78e26d3a29e8cfa0e8cbd079cfb0157a2aad05a1bf39cc4e96f4de3b,0,2,picking_aisle_b,True,6.394857940360782e-11,3.576271225821831e-05,6.000000104308208,1,0.00613140100176679
0.0,6.141357426564456e-35,8.866190756203373e-08,5.087420353869225e-08,,0.6152816227588004,0.5146446686094757,0.5146446686094757,0,122,,,,,,,,,,,,,4.9563417735197214e-17,pivot_g2_fixed,0.05,122,e9ba5413a8c682ed6b2f14640c88c0e2841c154dd311a40a861ebe88c099ac6d,6.000000104308129,0,0,"[[8.9407e-08, 3], [0, -3]]",238,0.075,8.86619e-08,0.15,0,2,0,1,[],0,0,0,none,0,0,0.0,200,0,122,0,0,{},0.000112191,fixed,0.05,,0,0,NavFnAStar,cf47d53e78e26d3a29e8cfa0e8cbd079cfb0157a2aad05a1bf39cc4e96f4de3b,122,cf47d53e78e26d3a29e8cfa0e8cbd079cfb0157a2aad05a1bf39cc4e96f4de3b,0,2,picking_aisle_b,True,6.141357426564456e-35,4.9563417735197214e-17,6.000000104308129,1,0.005589188000158174
0.0,6.141357426564456e-35,8.866190756203373e-08,5.087420353869225e-08,,0.6152816227588004,0.5146446686094757,0.5146446686094757,0,122,,,,,,,,,,,,,4.9563417735197214e-17,pivot_g2,0.05,122,e9ba5413a8c682ed6b2f14640c88c0e2841c154dd311a40a861ebe88c099ac6d,6.000000104308129,0,0,"[[8.9407e-08, 3], [0, -3]]",238,0.075,8.86619e-08,0.15,0,2,0,1,[],0,0,0,none,0,0,0.0,200,0,122,0,0,{},0.000190208,adaptive,0.05,,0,0,NavFnAStar,cf47d53e78e26d3a29e8cfa0e8cbd079cfb0157a2aad05a1bf39cc4e96f4de3b,122,cf47d53e78e26d3a29e8cfa0e8cbd079cfb0157a2aad05a1bf39cc4e96f4de3b,0,2,picking_aisle_b,True,6.141357426564456e-35,4.9563417735197214e-17,6.000000104308129,1,0.005679373996827053
0.0,1.963904108167947e-12,5.60651310624681e-08,5.883425351824461e-09,,0.614962229175358,0.5146446686094757,0.5146446686094757,0,238,6.14136e-35,0,0,True,6.39486e-11,65,True,simple_default,simple,1.9639e-12,0,True,3.835320121721944e-06,adaptive_hybrid_fixed,0.05,238,d1280c19f6ff35b0e504e66be54690af8acfdd63578acd32b77ce14ab84895a8,6.00000010430815,,,,,,,,,,,,,,,,,,0,0.0,,,,,,,,,,,0,,NavFnAStar,cf47d53e78e26d3a29e8cfa0e8cbd079cfb0157a2aad05a1bf39cc4e96f4de3b,122,cf47d53e78e26d3a29e8cfa0e8cbd079cfb0157a2aad05a1bf39cc4e96f4de3b,0,2,picking_aisle_b,True,1.963904108167947e-12,3.835320121721944e-06,6.00000010430815,1,0.007084114997269353
0.0,1.963904108167947e-12,5.60651310624681e-08,5.883425351824461e-09,,0.614962229175358,0.5146446686094757,0.5146446686094757,0,238,6.14136e-35,0,0,True,6.39486e-11,65,True,simple_default,simple,1.9639e-12,0,True,3.835320121721944e-06,adaptive_hybrid,0.05,238,d1280c19f6ff35b0e504e66be54690af8acfdd63578acd32b77ce14ab84895a8,6.00000010430815,,,,,,,,,,,,,,,,,,0,0.0,,,,,,,,,,,0,,NavFnAStar,cf47d53e78e26d3a29e8cfa0e8cbd079cfb0157a2aad05a1bf39cc4e96f4de3b,122,cf47d53e78e26d3a29e8cfa0e8cbd079cfb0157a2aad05a1bf39cc4e96f4de3b,0,2,picking_aisle_b,True,1.963904108167947e-12,3.835320121721944e-06,6.00000010430815,1,0.008120088001305703
0.0,6.394857940360782e-11,3.469446951953614e-18,3.141089681500624e-19,,0.5726437756510452,0.41464466711935954,0.4646446678644176,0,257,,,,,,,,,,,,,3.576271225821831e-05,raw,0.05,238,cf47d53e78e26d3a29e8cfa0e8cbd079cfb0157a2aad05a1bf39cc4e96f4de3b,6.000000104308208,,,,,,,,,,,,,,,,,,0,0.0,,,,,,,,,,,0,,NavFnAStar,cf47d53e78e26d3a29e8cfa0e8cbd079cfb0157a2aad05a1bf39cc4e96f4de3b,122,cf47d53e78e26d3a29e8cfa0e8cbd079cfb0157a2aad05a1bf39cc4e96f4de3b,0,3,picking_aisle_b,True,6.394857940360782e-11,3.576271225821831e-05,6.000000104308208,1,0.005142078000062611
0.0,1.963904108167947e-12,5.60651310624681e-08,5.883425351824461e-09,,0.614962229175358,0.5146446686094757,0.5146446686094757,0,238,,,,,,,,,,,,,3.835320121721944e-06,simple,0.05,238,d1280c19f6ff35b0e504e66be54690af8acfdd63578acd32b77ce14ab84895a8,6.00000010430815,,,,,,,,,,,,,,,,,,0,0.0,,,,,,,,,,,0,,NavFnAStar,cf47d53e78e26d3a29e8cfa0e8cbd079cfb0157a2aad05a1bf39cc4e96f4de3b,122,cf47d53e78e26d3a29e8cfa0e8cbd079cfb0157a2aad05a1bf39cc4e96f4de3b,0,3,picking_aisle_b,True,1.963904108167947e-12,3.835320121721944e-06,6.00000010430815,1,0.0070588050002697855
0.003,8.100473328962177e-12,4.034628857040741e-08,3.754344935241673e-09,,0.614962229175358,0.5146446686094757,0.5146446686094757,0,238,,,,,,,,,,,,,7.68553919873497e-06,savitzky_golay,0.05,238,04c386075db88a60c341f6c89355d93c88e75c8303cc1acce0db455454061bf3,6.000000104308165,,,,,,,,,,,,,,,,,,0,0.0,,,,,,,,,,,0,,NavFnAStar,cf47d53e78e26d3a29e8cfa0e8cbd079cfb0157a2aad05a1bf39cc4e96f4de3b,122,cf47d53e78e26d3a29e8cfa0e8cbd079cfb0157a2aad05a1bf39cc4e96f4de3b,0,3,picking_aisle_b,True,8.100473328962177e-12,7.68553919873497e-06,6.000000104308165,1,0.007345832997089019
0.003,6.394857940360782e-11,3.469446951953614e-18,3.141089681500624e-19,,0.602292837459917,0.41464466711935954,0.4646446678644176,0,257,,,,,,,,,,,,,3.576271225821831e-05,constrained,0.05,238,cf47d53e78e26d3a29e8cfa0e8cbd079cfb0157a2aad05a1bf39cc4e96f4de3b,6.000000104308208,,,,,,,,,,,,,,,,,,0,0.0,,,,,,,,,,,0,,NavFnAStar,cf47d53e78e26d3a29e8cfa0e8cbd079cfb0157a2aad05a1bf39cc4e96f4de3b,122,cf47d53e78e26d3a29e8cfa0e8cbd079cfb0157a2aad05a1bf39cc4e96f4de3b,0,3,picking_aisle_b,True,6.394857940360782e-11,3.576271225821831e-05,6.000000104308208,1,0.007197716000518994
0.0,6.141357426564456e-35,8.866190756203373e-08,5.087420353869225e-08,,0.6152816227588004,0.5146446686094757,0.5146446686094757,0,122,,,,,,,,,,,,,4.9563417735197214e-17,pivot_g2_fixed,0.05,122,e9ba5413a8c682ed6b2f14640c88c0e2841c154dd311a40a861ebe88c099ac6d,6.000000104308129,0,0,"[[8.9407e-08, 3], [0, -3]]",238,0.075,8.86619e-08,0.15,0,2,0,1,[],0,0,0,none,0,0,0.0,200,0,122,0,0,{},0.000187097,fixed,0.05,,0,0,NavFnAStar,cf47d53e78e26d3a29e8cfa0e8cbd079cfb0157a2aad05a1bf39cc4e96f4de3b,122,cf47d53e78e26d3a29e8cfa0e8cbd079cfb0157a2aad05a1bf39cc4e96f4de3b,0,3,picking_aisle_b,True,6.141357426564456e-35,4.9563417735197214e-17,6.000000104308129,1,0.005855457999132341
0.0,6.141357426564456e-35,8.866190756203373e-08,5.087420353869225e-08,,0.6152816227588004,0.5146446686094757,0.5146446686094757,0,122,,,,,,,,,,,,,4.9563417735197214e-17,pivot_g2,0.05,122,e9ba5413a8c682ed6b2f14640c88c0e2841c154dd311a40a861ebe88c099ac6d,6.000000104308129,0,0,"[[8.9407e-08, 3], [0, -3]]",238,0.075,8.86619e-08,0.15,0,2,0,1,[],0,0,0,none,0,0,0.0,200,0,122,0,0,{},0.000183429,adaptive,0.05,,0,0,NavFnAStar,cf47d53e78e26d3a29e8cfa0e8cbd079cfb0157a2aad05a1bf39cc4e96f4de3b,122,cf47d53e78e26d3a29e8cfa0e8cbd079cfb0157a2aad05a1bf39cc4e96f4de3b,0,3,picking_aisle_b,True,6.141357426564456e-35,4.9563417735197214e-17,6.000000104308129,1,0.005759928997576935
0.003,1.963904108167947e-12,5.60651310624681e-08,5.883425351824461e-09,,0.614962229175358,0.5146446686094757,0.5146446686094757,0,238,6.14136e-35,0,0,True,6.39486e-11,65,True,simple_default,simple,1.9639e-12,0,True,3.835320121721944e-06,adaptive_hybrid_fixed,0.05,238,d1280c19f6ff35b0e504e66be54690af8acfdd63578acd32b77ce14ab84895a8,6.00000010430815,,,,,,,,,,,,,,,,,,0,0.0,,,,,,,,,,,0,,NavFnAStar,cf47d53e78e26d3a29e8cfa0e8cbd079cfb0157a2aad05a1bf39cc4e96f4de3b,122,cf47d53e78e26d3a29e8cfa0e8cbd079cfb0157a2aad05a1bf39cc4e96f4de3b,0,3,picking_aisle_b,True,1.963904108167947e-12,3.835320121721944e-06,6.00000010430815,1,0.0067201409983681515
0.003,1.963904108167947e-12,5.60651310624681e-08,5.883425351824461e-09,,0.614962229175358,0.5146446686094757,0.5146446686094757,0,238,6.14136e-35,0,0,True,6.39486e-11,65,True,simple_default,simple,1.9639e-12,0,True,3.835320121721944e-06,adaptive_hybrid,0.05,238,d1280c19f6ff35b0e504e66be54690af8acfdd63578acd32b77ce14ab84895a8,6.00000010430815,,,,,,,,,,,,,,,,,,0,0.0,,,,,,,,,,,0,,NavFnAStar,cf47d53e78e26d3a29e8cfa0e8cbd079cfb0157a2aad05a1bf39cc4e96f4de3b,122,cf47d53e78e26d3a29e8cfa0e8cbd079cfb0157a2aad05a1bf39cc4e96f4de3b,0,3,picking_aisle_b,True,1.963904108167947e-12,3.835320121721944e-06,6.00000010430815,1,0.0077655780005443376
0.0,1.1368692242423291e-10,3.469446951953614e-18,3.154042683594195e-19,,0.5726437756510452,0.41464466711935954,0.4646446678644176,0,257,,,,,,,,,,,,,4.768373713641386e-05,raw,0.05,238,e0ad290bf0e3dcd6ce2e2953185492cf551b2148c407f2c619d9c49124973b2d,5.999999985098981,,,,,,,,,,,,,,,,,,0,0.0,,,,,,,,,,,0,,NavFnAStar,e0ad290bf0e3dcd6ce2e2953185492cf551b2148c407f2c619d9c49124973b2d,121,e0ad290bf0e3dcd6ce2e2953185492cf551b2148c407f2c619d9c49124973b2d,0,1,picking_aisle_c,True,1.1368692242423291e-10,4.768373713641386e-05,5.999999985098981,1,0.004774061999341939
0.003,3.454319041051221e-12,7.47535664480381e-08,7.87692162467352e-09,,0.614962229175358,0.5146446686094757,0.5146446686094757,0,238,,,,,,,,,,,,,5.113766121668163e-06,simple,0.05,238,b3ac02a79fafe3fcd785f4a691f2626de9aa2a6837630d9b114996b75a18f0e0,5.999999985098877,,,,,,,,,,,,,,,,,,0,0.0,,,,,,,,,,,0,,NavFnAStar,e0ad290bf0e3dcd6ce2e2953185492cf551b2148c407f2c619d9c49124973b2d,121,e0ad290bf0e3dcd6ce2e2953185492cf551b2148c407f2c619d9c49124973b2d,0,1,picking_aisle_c,True,3.454319041051221e-12,5.113766121668163e-06,5.999999985098877,1,0.007008772998233326
0.0,1.4261960216272607e-11,5.3795105259268894e-08,5.026440665079696e-09,,0.5923940436101787,0.41464466711935954,0.41464466711935954,0,273,,,,,,,,,,,,,1.0247401327492044e-05,savitzky_golay,0.05,238,2f6c00ef2fd11a5a50271531a014c2f8f8ed92b663a11d4834d7b5a363c96ac7,5.999999985098904,,,,,,,,,,,,,,,,,,0,0.0,,,,,,,,,,,0,,NavFnAStar,e0ad290bf0e3dcd6ce2e2953185492cf551b2148c407f2c619d9c49124973b2d,121,e0ad290bf0e3dcd6ce2e2953185492cf551b2148c407f2c619d9c49124973b2d,0,1,picking_aisle_c,True,1.4261960216272607e-11,1.0247401327492044e-05,5.999999985098904,1,0.006958440000744304
0.0,1.7050723348576723e-10,5.9598598944887726e-08,5.418054449543768e-09,,0.602635213119489,0.41464466711935954,0.4646446678644176,0,256,,,,,,,,,,,,,4.767883687865121e-05,constrained,0.05,238,f60ca7e3f60f9fa4b1ebfe201ca9dd47d7c9e2646f2998f199ae4a99b6b4886a,5.999999985099052,,,,,,,,,,,,,,,,,,0,0.0,,,,,,,,,,,0,,NavFnAStar,e0ad290bf0e3dcd6ce2e2953185492cf551b2148c407f2c619d9c49124973b2d,121,e0ad290bf0e3dcd6ce2e2953185492cf551b2148c407f2c619d9c49124973b2d,0,1,picking_aisle_c,True,1.7050723348576723e-10,4.767883687865121e-05,5.999999985099052,1,0.006530146001750836
0.0,5.381784460742501e-26,1.1821587930782584e-07,6.81119946266308e-08,,0.6104948422331317,0.5146446686094757,0.5146446686094757,0,121,,,,,,,,,,,,,1.7763568741418306e-13,pivot_g2_fixed,0.05,121,ead256052d1a4fe3dd0041bc70a179a65f23d827b3369ec33dd4f78e5d9d6d3c,5.99999998509884,0,0,"[[2, -3], [2, 3]]",238,0.075,1.18216e-07,0.15,0,2,0,1,[],0,0,0,none,0,0,0.0,200,0,121,0,0,{},0.000189593,fixed,0.05,,0,0,NavFnAStar,e0ad290bf0e3dcd6ce2e2953185492cf551b2148c407f2c619d9c49124973b2d,121,e0ad290bf0e3dcd6ce2e2953185492cf551b2148c407f2c619d9c49124973b2d,0,1,picking_aisle_c,True,5.381784460742501e-26,1.7763568741418306e-13,5.99999998509884,1,0.005319446998328203
0.0,5.381784460742501e-26,1.1821587930782584e-07,6.81119946266308e-08,,0.6104948422331317,0.5146446686094757,0.5146446686094757,0,121,,,,,,,,,,,,,1.7763568741418306e-13,pivot_g2,0.05,121,ead256052d1a4fe3dd0041bc70a179a65f23d827b3369ec33dd4f78e5d9d6d3c,5.99999998509884,0,0,"[[2, -3], [2, 3]]",238,0.075,1.18216e-07,0.15,0,2,0,1,[],0,0,0,none,0,0,0.0,200,0,121,0,0,{},0.00020829,adaptive,0.05,,0,0,NavFnAStar,e0ad290bf0e3dcd6ce2e2953185492cf551b2148c407f2c619d9c49124973b2d,121,e0ad290bf0e3dcd6ce2e2953185492cf551b2148c407f2c619d9c49124973b2d,0,1,picking_aisle_c,True,5.381784460742501e-26,1.7763568741418306e-13,5.99999998509884,1,0.0059912840006290935
0.0,3.454319041051221e-12,7.47535664480381e-08,7.87692162467352e-09,,0.614962229175358,0.5146446686094757,0.5146446686094757,0,238,5.38178e-26,0,0,True,1.13687e-10,65,True,simple_default,simple,3.45432e-12,0,True,5.113766121668163e-06,adaptive_hybrid_fixed,0.05,238,b3ac02a79fafe3fcd785f4a691f2626de9aa2a6837630d9b114996b75a18f0e0,5.999999985098877,,,,,,,,,,,,,,,,,,0,0.0,,,,,,,,,,,0,,NavFnAStar,e0ad290bf0e3dcd6ce2e2953185492cf551b2148c407f2c619d9c49124973b2d,121,e0ad290bf0e3dcd6ce2e2953185492cf551b2148c407f2c619d9c49124973b2d,0,1,picking_aisle_c,True,3.454319041051221e-12,5.113766121668163e-06,5.999999985098877,1,0.008698351997736609
0.003,3.454319041051221e-12,7.47535664480381e-08,7.87692162467352e-09,,0.614962229175358,0.5146446686094757,0.5146446686094757,0,238,5.38178e-26,0,0,True,1.13687e-10,65,True,simple_default,simple,3.45432e-12,0,True,5.113766121668163e-06,adaptive_hybrid,0.05,238,b3ac02a79fafe3fcd785f4a691f2626de9aa2a6837630d9b114996b75a18f0e0,5.999999985098877,,,,,,,,,,,,,,,,,,0,0.0,,,,,,,,,,,0,,NavFnAStar,e0ad290bf0e3dcd6ce2e2953185492cf551b2148c407f2c619d9c49124973b2d,121,e0ad290bf0e3dcd6ce2e2953185492cf551b2148c407f2c619d9c49124973b2d,0,1,picking_aisle_c,True,3.454319041051221e-12,5.113766121668163e-06,5.999999985098877,1,0.007448480999300955
0.0,1.1368692242423291e-10,3.469446951953614e-18,3.154042683594195e-19,,0.5726437756510452,0.41464466711935954,0.4646446678644176,0,257,,,,,,,,,,,,,4.768373713641386e-05,raw,0.05,238,e0ad290bf0e3dcd6ce2e2953185492cf551b2148c407f2c619d9c49124973b2d,5.999999985098981,,,,,,,,,,,,,,,,,,0,0.0,,,,,,,,,,,0,,NavFnAStar,e0ad290bf0e3dcd6ce2e2953185492cf551b2148c407f2c619d9c49124973b2d,121,e0ad290bf0e3dcd6ce2e2953185492cf551b2148c407f2c619d9c49124973b2d,0,2,picking_aisle_c,True,1.1368692242423291e-10,4.768373713641386e-05,5.999999985098981,1,0.005815836000692798
0.0,3.454319041051221e-12,7.47535664480381e-08,7.87692162467352e-09,,0.614962229175358,0.5146446686094757,0.5146446686094757,0,238,,,,,,,,,,,,,5.113766121668163e-06,simple,0.05,238,b3ac02a79fafe3fcd785f4a691f2626de9aa2a6837630d9b114996b75a18f0e0,5.999999985098877,,,,,,,,,,,,,,,,,,0,0.0,,,,,,,,,,,0,,NavFnAStar,e0ad290bf0e3dcd6ce2e2953185492cf551b2148c407f2c619d9c49124973b2d,121,e0ad290bf0e3dcd6ce2e2953185492cf551b2148c407f2c619d9c49124973b2d,0,2,picking_aisle_c,True,3.454319041051221e-12,5.113766121668163e-06,5.999999985098877,1,0.02501200299957418
0.0,1.4261960216272607e-11,5.3795105259268894e-08,5.026440665079696e-09,,0.5923940436101787,0.41464466711935954,0.41464466711935954,0,273,,,,,,,,,,,,,1.0247401327492044e-05,savitzky_golay,0.05,238,2f6c00ef2fd11a5a50271531a014c2f8f8ed92b663a11d4834d7b5a363c96ac7,5.999999985098904,,,,,,,,,,,,,,,,,,0,0.0,,,,,,,,,,,0,,NavFnAStar,e0ad290bf0e3dcd6ce2e2953185492cf551b2148c407f2c619d9c49124973b2d,121,e0ad290bf0e3dcd6ce2e2953185492cf551b2148c407f2c619d9c49124973b2d,0,2,picking_aisle_c,True,1.4261960216272607e-11,1.0247401327492044e-05,5.999999985098904,1,0.007180159002018627
0.0,1.7050723348576723e-10,5.9598598944887726e-08,5.418054449543768e-09,,0.602635213119489,0.41464466711935954,0.4646446678644176,0,256,,,,,,,,,,,,,4.767883687865121e-05,constrained,0.05,238,f60ca7e3f60f9fa4b1ebfe201ca9dd47d7c9e2646f2998f199ae4a99b6b4886a,5.999999985099052,,,,,,,,,,,,,,,,,,0,0.0,,,,,,,,,,,0,,NavFnAStar,e0ad290bf0e3dcd6ce2e2953185492cf551b2148c407f2c619d9c49124973b2d,121,e0ad290bf0e3dcd6ce2e2953185492cf551b2148c407f2c619d9c49124973b2d,0,2,picking_aisle_c,True,1.7050723348576723e-10,4.767883687865121e-05,5.999999985099052,1,0.008096603000012692
0.0,5.381784460742501e-26,1.1821587930782584e-07,6.81119946266308e-08,,0.6104948422331317,0.5146446686094757,0.5146446686094757,0,121,,,,,,,,,,,,,1.7763568741418306e-13,pivot_g2_fixed,0.05,121,ead256052d1a4fe3dd0041bc70a179a65f23d827b3369ec33dd4f78e5d9d6d3c,5.99999998509884,0,0,"[[2, -3], [2, 3]]",238,0.075,1.18216e-07,0.15,0,2,0,1,[],0,0,0,none,0,0,0.0,200,0,121,0,0,{},0.000202721,fixed,0.05,,0,0,NavFnAStar,e0ad290bf0e3dcd6ce2e2953185492cf551b2148c407f2c619d9c49124973b2d,121,e0ad290bf0e3dcd6ce2e2953185492cf551b2148c407f2c619d9c49124973b2d,0,2,picking_aisle_c,True,5.381784460742501e-26,1.7763568741418306e-13,5.99999998509884,1,0.006321649998426437
0.0,5.381784460742501e-26,1.1821587930782584e-07,6.81119946266308e-08,,0.6104948422331317,0.5146446686094757,0.5146446686094757,0,121,,,,,,,,,,,,,1.7763568741418306e-13,pivot_g2,0.05,121,ead256052d1a4fe3dd0041bc70a179a65f23d827b3369ec33dd4f78e5d9d6d3c,5.99999998509884,0,0,"[[2, -3], [2, 3]]",238,0.075,1.18216e-07,0.15,0,2,0,1,[],0,0,0,none,0,0,0.0,200,0,121,0,0,{},0.000191109,adaptive,0.05,,0,0,NavFnAStar,e0ad290bf0e3dcd6ce2e2953185492cf551b2148c407f2c619d9c49124973b2d,121,e0ad290bf0e3dcd6ce2e2953185492cf551b2148c407f2c619d9c49124973b2d,0,2,picking_aisle_c,True,5.381784460742501e-26,1.7763568741418306e-13,5.99999998509884,1,0.006560270998306805
0.003,3.454319041051221e-12,7.47535664480381e-08,7.87692162467352e-09,,0.614962229175358,0.5146446686094757,0.5146446686094757,0,238,5.38178e-26,0,0,True,1.13687e-10,65,True,simple_default,simple,3.45432e-12,0,True,5.113766121668163e-06,adaptive_hybrid_fixed,0.05,238,b3ac02a79fafe3fcd785f4a691f2626de9aa2a6837630d9b114996b75a18f0e0,5.999999985098877,,,,,,,,,,,,,,,,,,0,0.0,,,,,,,,,,,0,,NavFnAStar,e0ad290bf0e3dcd6ce2e2953185492cf551b2148c407f2c619d9c49124973b2d,121,e0ad290bf0e3dcd6ce2e2953185492cf551b2148c407f2c619d9c49124973b2d,0,2,picking_aisle_c,True,3.454319041051221e-12,5.113766121668163e-06,5.999999985098877,1,0.006975923999561928
0.0,3.454319041051221e-12,7.47535664480381e-08,7.87692162467352e-09,,0.614962229175358,0.5146446686094757,0.5146446686094757,0,238,5.38178e-26,0,0,True,1.13687e-10,65,True,simple_default,simple,3.45432e-12,0,True,5.113766121668163e-06,adaptive_hybrid,0.05,238,b3ac02a79fafe3fcd785f4a691f2626de9aa2a6837630d9b114996b75a18f0e0,5.999999985098877,,,,,,,,,,,,,,,,,,0,0.0,,,,,,,,,,,0,,NavFnAStar,e0ad290bf0e3dcd6ce2e2953185492cf551b2148c407f2c619d9c49124973b2d,121,e0ad290bf0e3dcd6ce2e2953185492cf551b2148c407f2c619d9c49124973b2d,0,2,picking_aisle_c,True,3.454319041051221e-12,5.113766121668163e-06,5.999999985098877,1,0.012517363000370096
0.0,1.1368692242423291e-10,3.469446951953614e-18,3.154042683594195e-19,,0.5726437756510452,0.41464466711935954,0.4646446678644176,0,257,,,,,,,,,,,,,4.768373713641386e-05,raw,0.05,238,e0ad290bf0e3dcd6ce2e2953185492cf551b2148c407f2c619d9c49124973b2d,5.999999985098981,,,,,,,,,,,,,,,,,,0,0.0,,,,,,,,,,,0,,NavFnAStar,e0ad290bf0e3dcd6ce2e2953185492cf551b2148c407f2c619d9c49124973b2d,121,e0ad290bf0e3dcd6ce2e2953185492cf551b2148c407f2c619d9c49124973b2d,0,3,picking_aisle_c,True,1.1368692242423291e-10,4.768373713641386e-05,5.999999985098981,1,0.0051364620012464
0.0,3.454319041051221e-12,7.47535664480381e-08,7.87692162467352e-09,,0.614962229175358,0.5146446686094757,0.5146446686094757,0,238,,,,,,,,,,,,,5.113766121668163e-06,simple,0.05,238,b3ac02a79fafe3fcd785f4a691f2626de9aa2a6837630d9b114996b75a18f0e0,5.999999985098877,,,,,,,,,,,,,,,,,,0,0.0,,,,,,,,,,,0,,NavFnAStar,e0ad290bf0e3dcd6ce2e2953185492cf551b2148c407f2c619d9c49124973b2d,121,e0ad290bf0e3dcd6ce2e2953185492cf551b2148c407f2c619d9c49124973b2d,0,3,picking_aisle_c,True,3.454319041051221e-12,5.113766121668163e-06,5.999999985098877,1,0.007418680001137545
0.0,1.4261960216272607e-11,5.3795105259268894e-08,5.026440665079696e-09,,0.5923940436101787,0.41464466711935954,0.41464466711935954,0,273,,,,,,,,,,,,,1.0247401327492044e-05,savitzky_golay,0.05,238,2f6c00ef2fd11a5a50271531a014c2f8f8ed92b663a11d4834d7b5a363c96ac7,5.999999985098904,,,,,,,,,,,,,,,,,,0,0.0,,,,,,,,,,,0,,NavFnAStar,e0ad290bf0e3dcd6ce2e2953185492cf551b2148c407f2c619d9c49124973b2d,121,e0ad290bf0e3dcd6ce2e2953185492cf551b2148c407f2c619d9c49124973b2d,0,3,picking_aisle_c,True,1.4261960216272607e-11,1.0247401327492044e-05,5.999999985098904,1,0.0071783050007070415
0.0,1.7050723348576723e-10,5.9598598944887726e-08,5.418054449543768e-09,,0.602635213119489,0.41464466711935954,0.4646446678644176,0,256,,,,,,,,,,,,,4.767883687865121e-05,constrained,0.05,238,f60ca7e3f60f9fa4b1ebfe201ca9dd47d7c9e2646f2998f199ae4a99b6b4886a,5.999999985099052,,,,,,,,,,,,,,,,,,0,0.0,,,,,,,,,,,0,,NavFnAStar,e0ad290bf0e3dcd6ce2e2953185492cf551b2148c407f2c619d9c49124973b2d,121,e0ad290bf0e3dcd6ce2e2953185492cf551b2148c407f2c619d9c49124973b2d,0,3,picking_aisle_c,True,1.7050723348576723e-10,4.767883687865121e-05,5.999999985099052,1,0.008535755001503276
0.0,5.381784460742501e-26,1.1821587930782584e-07,6.81119946266308e-08,,0.6104948422331317,0.5146446686094757,0.5146446686094757,0,121,,,,,,,,,,,,,1.7763568741418306e-13,pivot_g2_fixed,0.05,121,ead256052d1a4fe3dd0041bc70a179a65f23d827b3369ec33dd4f78e5d9d6d3c,5.99999998509884,0,0,"[[2, -3], [2, 3]]",238,0.075,1.18216e-07,0.15,0,2,0,1,[],0,0,0,none,0,0,0.0,200,0,121,0,0,{},0.000191463,fixed,0.05,,0,0,NavFnAStar,e0ad290bf0e3dcd6ce2e2953185492cf551b2148c407f2c619d9c49124973b2d,121,e0ad290bf0e3dcd6ce2e2953185492cf551b2148c407f2c619d9c49124973b2d,0,3,picking_aisle_c,True,5.381784460742501e-26,1.7763568741418306e-13,5.99999998509884,1,0.005850401998031884
0.0,5.381784460742501e-26,1.1821587930782584e-07,6.81119946266308e-08,,0.6104948422331317,0.5146446686094757,0.5146446686094757,0,121,,,,,,,,,,,,,1.7763568741418306e-13,pivot_g2,0.05,121,ead256052d1a4fe3dd0041bc70a179a65f23d827b3369ec33dd4f78e5d9d6d3c,5.99999998509884,0,0,"[[2, -3], [2, 3]]",238,0.075,1.18216e-07,0.15,0,2,0,1,[],0,0,0,none,0,0,0.0,200,0,121,0,0,{},0.000193614,adaptive,0.05,,0,0,NavFnAStar,e0ad290bf0e3dcd6ce2e2953185492cf551b2148c407f2c619d9c49124973b2d,121,e0ad290bf0e3dcd6ce2e2953185492cf551b2148c407f2c619d9c49124973b2d,0,3,picking_aisle_c,True,5.381784460742501e-26,1.7763568741418306e-13,5.99999998509884,1,0.00630906500009587
0.003,3.454319041051221e-12,7.47535664480381e-08,7.87692162467352e-09,,0.614962229175358,0.5146446686094757,0.5146446686094757,0,238,5.38178e-26,0,0,True,1.13687e-10,65,True,simple_default,simple,3.45432e-12,0,True,5.113766121668163e-06,adaptive_hybrid_fixed,0.05,238,b3ac02a79fafe3fcd785f4a691f2626de9aa2a6837630d9b114996b75a18f0e0,5.999999985098877,,,,,,,,,,,,,,,,,,0,0.0,,,,,,,,,,,0,,NavFnAStar,e0ad290bf0e3dcd6ce2e2953185492cf551b2148c407f2c619d9c49124973b2d,121,e0ad290bf0e3dcd6ce2e2953185492cf551b2148c407f2c619d9c49124973b2d,0,3,picking_aisle_c,True,3.454319041051221e-12,5.113766121668163e-06,5.999999985098877,1,0.009012465001433156
0.003,3.454319041051221e-12,7.47535664480381e-08,7.87692162467352e-09,,0.614962229175358,0.5146446686094757,0.5146446686094757,0,238,5.38178e-26,0,0,True,1.13687e-10,65,True,simple_default,simple,3.45432e-12,0,True,5.113766121668163e-06,adaptive_hybrid,0.05,238,b3ac02a79fafe3fcd785f4a691f2626de9aa2a6837630d9b114996b75a18f0e0,5.999999985098877,,,,,,,,,,,,,,,,,,0,0.0,,,,,,,,,,,0,,NavFnAStar,e0ad290bf0e3dcd6ce2e2953185492cf551b2148c407f2c619d9c49124973b2d,121,e0ad290bf0e3dcd6ce2e2953185492cf551b2148c407f2c619d9c49124973b2d,0,3,picking_aisle_c,True,3.454319041051221e-12,5.113766121668163e-06,5.999999985098877,1,0.006910768999659922
0.0,1.9584324794007297e-10,3.469446951953614e-18,3.141089681500624e-19,,0.9808052416575644,0.6146446700995918,0.6646446708446498,0,257,,,,,,,,,,,,,6.25847462743736e-05,raw,0.05,238,976d8a1e2b26461750f281c65be85b5bfb19ab0bf791f8d007d04a4305784e2f,6.0000001043083735,,,,,,,,,,,,,,,,,,0,0.0,,,,,,,,,,,0,,NavFnAStar,976d8a1e2b26461750f281c65be85b5bfb19ab0bf791f8d007d04a4305784e2f,122,976d8a1e2b26461750f281c65be85b5bfb19ab0bf791f8d007d04a4305784e2f,0,1,east_service_lane,True,1.9584324794007297e-10,6.25847462743736e-05,6.0000001043083735,1,0.004440100998181151
0.003,6.0216882162787425e-12,9.811397827519386e-08,1.0295994156150952e-08,,1.0419079612696744,0.6646446708446498,0.8571446737131234,0,238,,,,,,,,,,,,,6.711810485173507e-06,simple,0.05,238,3fb5453bf6e60b0e0015711828260ca85d326965a2406502fc6dee12d7e9aa9d,6.000000104308195,,,,,,,,,,,,,,,,,,0,0.0,,,,,,,,,,,0,,NavFnAStar,976d8a1e2b26461750f281c65be85b5bfb19ab0bf791f8d007d04a4305784e2f,122,976d8a1e2b26461750f281c65be85b5bfb19ab0bf791f8d007d04a4305784e2f,0,1,east_service_lane,True,6.0216882162787425e-12,6.711810485173507e-06,6.000000104308195,1,0.007401183000183664
0.0,2.4821394695381933e-11,7.060600637487369e-08,6.570103760701537e-09,,1.0423281293431623,0.6646446708446498,0.8646446738248821,0,238,,,,,,,,,,,,,1.3449693980765237e-05,savitzky_golay,0.05,238,8196cf36b5f6ade0907d57e2656749a9ea5d428bd86700f9d2644a61ee05c5ff,6.000000104308241,,,,,,,,,,,,,,,,,,0,0.0,,,,,,,,,,,0,,NavFnAStar,976d8a1e2b26461750f281c65be85b5bfb19ab0bf791f8d007d04a4305784e2f,122,976d8a1e2b26461750f281c65be85b5bfb19ab0bf791f8d007d04a4305784e2f,0,1,east_service_lane,True,2.4821394695381933e-11,1.3449693980765237e-05,6.000000104308241,1,0.008217994000006001
0.015000000000000001,2.95329167769323e-10,7.742639684948927e-08,7.010576657179419e-09,,1.0153787686126319,0.6146446700995918,0.6646446708446498,0,257,,,,,,,,,,,,,6.238498002637936e-05,constrained,0.05,238,225ade2f5e2e0fb99036a1155fc60efa103f2e02504475f3c1b107c05c488de0,6.000000104308495,,,,,,,,,,,,,,,,,,0,0.0,,,,,,,,,,,0,,NavFnAStar,976d8a1e2b26461750f281c65be85b5bfb19ab0bf791f8d007d04a4305784e2f,122,976d8a1e2b26461750f281c65be85b5bfb19ab0bf791f8d007d04a4305784e2f,0,1,east_service_lane,True,2.95329167769323e-10,6.238498002637936e-05,6.000000104308495,1,0.019296233000204666
0.0,1.132862883145351e-17,1.5515833862167483e-07,8.902985619300587e-08,,1.0363195197568098,0.6646446708446498,0.814644673079824,0,122,,,,,,,,,,,,,2.1287183697009138e-08,pivot_g2_fixed,0.05,122,c98e74b1ae76855fbd632a227d6a74b0959334f00a312e5922331c60a7b4f7b7,6.00000010430813,0,0,"[[4.5, 3], [4.5, -3]]",238,0.075,1.55158e-07,0.15,0,2,0,1,[],0,0,0,none,0,0,0.0,200,0,122,0,0,{},0.00018736,fixed,0.05,,0,0,NavFnAStar,976d8a1e2b26461750f281c65be85b5bfb19ab0bf791f8d007d04a4305784e2f,122,976d8a1e2b26461750f281c65be85b5bfb19ab0bf791f8d007d04a4305784e2f,0,1,east_service_lane,True,1.132862883145351e-17,2.1287183697009138e-08,6.00000010430813,1,0.006137740998383379
0.0,1.132862883145351e-17,1.5515833862167483e-07,8.902985619300587e-08,,1.0363195197568098,0.6646446708446498,0.814644673079824,0,122,,,,,,,,,,,,,2.1287183697009138e-08,pivot_g2,0.05,122,c98e74b1ae76855fbd632a227d6a74b0959334f00a312e5922331c60a7b4f7b7,6.00000010430813,0,0,"[[4.5, 3], [4.5, -3]]",238,0.075,1.55158e-07,0.15,0,2,0,1,[],0,0,0,none,0,0,0.0,200,0,122,0,0,{},0.000185086,adaptive,0.05,,0,0,NavFnAStar,976d8a1e2b26461750f281c65be85b5bfb19ab0bf791f8d007d04a4305784e2f,122,976d8a1e2b26461750f281c65be85b5bfb19ab0bf791f8d007d04a4305784e2f,0,1,east_service_lane,True,1.132862883145351e-17,2.1287183697009138e-08,6.00000010430813,1,0.005825567001011223
0.0,6.0216882162787425e-12,9.811397827519386e-08,1.0295994156150952e-08,,1.0419079612696744,0.6646446708446498,0.8571446737131234,0,238,1.13286e-17,0,0,True,1.95843e-10,0,True,simple_default,simple,6.02169e-12,0,True,6.711810485173507e-06,adaptive_hybrid_fixed,0.05,238,3fb5453bf6e60b0e0015711828260ca85d326965a2406502fc6dee12d7e9aa9d,6.000000104308195,,,,,,,,,,,,,,,,,,0,0.0,,,,,,,,,,,0,,NavFnAStar,976d8a1e2b26461750f281c65be85b5bfb19ab0bf791f8d007d04a4305784e2f,122,976d8a1e2b26461750f281c65be85b5bfb19ab0bf791f8d007d04a4305784e2f,0,1,east_service_lane,True,6.0216882162787425e-12,6.711810485173507e-06,6.000000104308195,1,0.007726603998889914
0.003,6.0216882162787425e-12,9.811397827519386e-08,1.0295994156150952e-08,,1.0419079612696744,0.6646446708446498,0.8571446737131234,0,238,1.13286e-17,0,0,True,1.95843e-10,0,True,simple_default,simple,6.02169e-12,0,True,6.711810485173507e-06,adaptive_hybrid,0.05,238,3fb5453bf6e60b0e0015711828260ca85d326965a2406502fc6dee12d7e9aa9d,6.000000104308195,,,,,,,,,,,,,,,,,,0,0.0,,,,,,,,,,,0,,NavFnAStar,976d8a1e2b26461750f281c65be85b5bfb19ab0bf791f8d007d04a4305784e2f,122,976d8a1e2b26461750f281c65be85b5bfb19ab0bf791f8d007d04a4305784e2f,0,1,east_service_lane,True,6.0216882162787425e-12,6.711810485173507e-06,6.000000104308195,1,0.006595855000341544
0.0,1.9584324794007297e-10,3.469446951953614e-18,3.141089681500624e-19,,0.9808052416575644,0.6146446700995918,0.6646446708446498,0,257,,,,,,,,,,,,,6.25847462743736e-05,raw,0.05,238,976d8a1e2b26461750f281c65be85b5bfb19ab0bf791f8d007d04a4305784e2f,6.0000001043083735,,,,,,,,,,,,,,,,,,0,0.0,,,,,,,,,,,0,,NavFnAStar,976d8a1e2b26461750f281c65be85b5bfb19ab0bf791f8d007d04a4305784e2f,122,976d8a1e2b26461750f281c65be85b5bfb19ab0bf791f8d007d04a4305784e2f,0,2,east_service_lane,True,1.9584324794007297e-10,6.25847462743736e-05,6.0000001043083735,1,0.005603839999821503
0.003,6.0216882162787425e-12,9.811397827519386e-08,1.0295994156150952e-08,,1.0419079612696744,0.6646446708446498,0.8571446737131234,0,238,,,,,,,,,,,,,6.711810485173507e-06,simple,0.05,238,3fb5453bf6e60b0e0015711828260ca85d326965a2406502fc6dee12d7e9aa9d,6.000000104308195,,,,,,,,,,,,,,,,,,0,0.0,,,,,,,,,,,0,,NavFnAStar,976d8a1e2b26461750f281c65be85b5bfb19ab0bf791f8d007d04a4305784e2f,122,976d8a1e2b26461750f281c65be85b5bfb19ab0bf791f8d007d04a4305784e2f,0,2,east_service_lane,True,6.0216882162787425e-12,6.711810485173507e-06,6.000000104308195,1,0.007434641000145348
0.0,2.4821394695381933e-11,7.060600637487369e-08,6.570103760701537e-09,,1.0423281293431623,0.6646446708446498,0.8646446738248821,0,238,,,,,,,,,,,,,1.3449693980765237e-05,savitzky_golay,0.05,238,8196cf36b5f6ade0907d57e2656749a9ea5d428bd86700f9d2644a61ee05c5ff,6.000000104308241,,,,,,,,,,,,,,,,,,0,0.0,,,,,,,,,,,0,,NavFnAStar,976d8a1e2b26461750f281c65be85b5bfb19ab0bf791f8d007d04a4305784e2f,122,976d8a1e2b26461750f281c65be85b5bfb19ab0bf791f8d007d04a4305784e2f,0,2,east_service_lane,True,2.4821394695381933e-11,1.3449693980765237e-05,6.000000104308241,1,0.00827355500223348
0.015000000000000001,2.95329167769323e-10,7.742639684948927e-08,7.010576657179419e-09,,1.0153787686126319,0.6146446700995918,0.6646446708446498,0,257,,,,,,,,,,,,,6.238498002637936e-05,constrained,0.05,238,225ade2f5e2e0fb99036a1155fc60efa103f2e02504475f3c1b107c05c488de0,6.000000104308495,,,,,,,,,,,,,,,,,,0,0.0,,,,,,,,,,,0,,NavFnAStar,976d8a1e2b26461750f281c65be85b5bfb19ab0bf791f8d007d04a4305784e2f,122,976d8a1e2b26461750f281c65be85b5bfb19ab0bf791f8d007d04a4305784e2f,0,2,east_service_lane,True,2.95329167769323e-10,6.238498002637936e-05,6.000000104308495,1,0.018801783997332677
0.003,1.132862883145351e-17,1.5515833862167483e-07,8.902985619300587e-08,,1.0363195197568098,0.6646446708446498,0.814644673079824,0,122,,,,,,,,,,,,,2.1287183697009138e-08,pivot_g2_fixed,0.05,122,c98e74b1ae76855fbd632a227d6a74b0959334f00a312e5922331c60a7b4f7b7,6.00000010430813,0,0,"[[4.5, 3], [4.5, -3]]",238,0.075,1.55158e-07,0.15,0,2,0,1,[],0,0,0,none,0,0,0.0,200,0,122,0,0,{},0.000147976,fixed,0.05,,0,0,NavFnAStar,976d8a1e2b26461750f281c65be85b5bfb19ab0bf791f8d007d04a4305784e2f,122,976d8a1e2b26461750f281c65be85b5bfb19ab0bf791f8d007d04a4305784e2f,0,2,east_service_lane,True,1.132862883145351e-17,2.1287183697009138e-08,6.00000010430813,1,0.00725352799781831
0.0,1.132862883145351e-17,1.5515833862167483e-07,8.902985619300587e-08,,1.0363195197568098,0.6646446708446498,0.814644673079824,0,122,,,,,,,,,,,,,2.1287183697009138e-08,pivot_g2,0.05,122,c98e74b1ae76855fbd632a227d6a74b0959334f00a312e5922331c60a7b4f7b7,6.00000010430813,0,0,"[[4.5, 3], [4.5, -3]]",238,0.075,1.55158e-07,0.15,0,2,0,1,[],0,0,0,none,0,0,0.0,200,0,122,0,0,{},0.000192774,adaptive,0.05,,0,0,NavFnAStar,976d8a1e2b26461750f281c65be85b5bfb19ab0bf791f8d007d04a4305784e2f,122,976d8a1e2b26461750f281c65be85b5bfb19ab0bf791f8d007d04a4305784e2f,0,2,east_service_lane,True,1.132862883145351e-17,2.1287183697009138e-08,6.00000010430813,1,0.005863847000000533
0.003,6.0216882162787425e-12,9.811397827519386e-08,1.0295994156150952e-08,,1.0419079612696744,0.6646446708446498,0.8571446737131234,0,238,1.13286e-17,0,0,True,1.95843e-10,0,True,simple_default,simple,6.02169e-12,0,True,6.711810485173507e-06,adaptive_hybrid_fixed,0.05,238,3fb5453bf6e60b0e0015711828260ca85d326965a2406502fc6dee12d7e9aa9d,6.000000104308195,,,,,,,,,,,,,,,,,,0,0.0,,,,,,,,,,,0,,NavFnAStar,976d8a1e2b26461750f281c65be85b5bfb19ab0bf791f8d007d04a4305784e2f,122,976d8a1e2b26461750f281c65be85b5bfb19ab0bf791f8d007d04a4305784e2f,0,2,east_service_lane,True,6.0216882162787425e-12,6.711810485173507e-06,6.000000104308195,1,0.007103249998181127
0.0,6.0216882162787425e-12,9.811397827519386e-08,1.0295994156150952e-08,,1.0419079612696744,0.6646446708446498,0.8571446737131234,0,238,1.13286e-17,0,0,True,1.95843e-10,0,True,simple_default,simple,6.02169e-12,0,True,6.711810485173507e-06,adaptive_hybrid,0.05,238,3fb5453bf6e60b0e0015711828260ca85d326965a2406502fc6dee12d7e9aa9d,6.000000104308195,,,,,,,,,,,,,,,,,,0,0.0,,,,,,,,,,,0,,NavFnAStar,976d8a1e2b26461750f281c65be85b5bfb19ab0bf791f8d007d04a4305784e2f,122,976d8a1e2b26461750f281c65be85b5bfb19ab0bf791f8d007d04a4305784e2f,0,2,east_service_lane,True,6.0216882162787425e-12,6.711810485173507e-06,6.000000104308195,1,0.008221188996685669
0.0,1.9584324794007297e-10,3.469446951953614e-18,3.141089681500624e-19,,0.9808052416575644,0.6146446700995918,0.6646446708446498,0,257,,,,,,,,,,,,,6.25847462743736e-05,raw,0.05,238,976d8a1e2b26461750f281c65be85b5bfb19ab0bf791f8d007d04a4305784e2f,6.0000001043083735,,,,,,,,,,,,,,,,,,0,0.0,,,,,,,,,,,0,,NavFnAStar,976d8a1e2b26461750f281c65be85b5bfb19ab0bf791f8d007d04a4305784e2f,122,976d8a1e2b26461750f281c65be85b5bfb19ab0bf791f8d007d04a4305784e2f,0,3,east_service_lane,True,1.9584324794007297e-10,6.25847462743736e-05,6.0000001043083735,1,0.004334806999395369
0.0,6.0216882162787425e-12,9.811397827519386e-08,1.0295994156150952e-08,,1.0419079612696744,0.6646446708446498,0.8571446737131234,0,238,,,,,,,,,,,,,6.711810485173507e-06,simple,0.05,238,3fb5453bf6e60b0e0015711828260ca85d326965a2406502fc6dee12d7e9aa9d,6.000000104308195,,,,,,,,,,,,,,,,,,0,0.0,,,,,,,,,,,0,,NavFnAStar,976d8a1e2b26461750f281c65be85b5bfb19ab0bf791f8d007d04a4305784e2f,122,976d8a1e2b26461750f281c65be85b5bfb19ab0bf791f8d007d04a4305784e2f,0,3,east_service_lane,True,6.0216882162787425e-12,6.711810485173507e-06,6.000000104308195,1,0.007370881001406815
0.0,2.4821394695381933e-11,7.060600637487369e-08,6.570103760701537e-09,,1.0423281293431623,0.6646446708446498,0.8646446738248821,0,238,,,,,,,,,,,,,1.3449693980765237e-05,savitzky_golay,0.05,238,8196cf36b5f6ade0907d57e2656749a9ea5d428bd86700f9d2644a61ee05c5ff,6.000000104308241,,,,,,,,,,,,,,,,,,0,0.0,,,,,,,,,,,0,,NavFnAStar,976d8a1e2b26461750f281c65be85b5bfb19ab0bf791f8d007d04a4305784e2f,122,976d8a1e2b26461750f281c65be85b5bfb19ab0bf791f8d007d04a4305784e2f,0,3,east_service_lane,True,2.4821394695381933e-11,1.3449693980765237e-05,6.000000104308241,1,0.007545133001258364
0.015000000000000001,2.95329167769323e-10,7.742639684948927e-08,7.010576657179419e-09,,1.0153787686126319,0.6146446700995918,0.6646446708446498,0,257,,,,,,,,,,,,,6.238498002637936e-05,constrained,0.05,238,225ade2f5e2e0fb99036a1155fc60efa103f2e02504475f3c1b107c05c488de0,6.000000104308495,,,,,,,,,,,,,,,,,,0,0.0,,,,,,,,,,,0,,NavFnAStar,976d8a1e2b26461750f281c65be85b5bfb19ab0bf791f8d007d04a4305784e2f,122,976d8a1e2b26461750f281c65be85b5bfb19ab0bf791f8d007d04a4305784e2f,0,3,east_service_lane,True,2.95329167769323e-10,6.238498002637936e-05,6.000000104308495,1,0.019504914002027363
0.0,1.132862883145351e-17,1.5515833862167483e-07,8.902985619300587e-08,,1.0363195197568098,0.6646446708446498,0.814644673079824,0,122,,,,,,,,,,,,,2.1287183697009138e-08,pivot_g2_fixed,0.05,122,c98e74b1ae76855fbd632a227d6a74b0959334f00a312e5922331c60a7b4f7b7,6.00000010430813,0,0,"[[4.5, 3], [4.5, -3]]",238,0.075,1.55158e-07,0.15,0,2,0,1,[],0,0,0,none,0,0,0.0,200,0,122,0,0,{},0.000184999,fixed,0.05,,0,0,NavFnAStar,976d8a1e2b26461750f281c65be85b5bfb19ab0bf791f8d007d04a4305784e2f,122,976d8a1e2b26461750f281c65be85b5bfb19ab0bf791f8d007d04a4305784e2f,0,3,east_service_lane,True,1.132862883145351e-17,2.1287183697009138e-08,6.00000010430813,1,0.00614807599777123
0.0,1.132862883145351e-17,1.5515833862167483e-07,8.902985619300587e-08,,1.0363195197568098,0.6646446708446498,0.814644673079824,0,122,,,,,,,,,,,,,2.1287183697009138e-08,pivot_g2,0.05,122,c98e74b1ae76855fbd632a227d6a74b0959334f00a312e5922331c60a7b4f7b7,6.00000010430813,0,0,"[[4.5, 3], [4.5, -3]]",238,0.075,1.55158e-07,0.15,0,2,0,1,[],0,0,0,none,0,0,0.0,200,0,122,0,0,{},0.000191211,adaptive,0.05,,0,0,NavFnAStar,976d8a1e2b26461750f281c65be85b5bfb19ab0bf791f8d007d04a4305784e2f,122,976d8a1e2b26461750f281c65be85b5bfb19ab0bf791f8d007d04a4305784e2f,0,3,east_service_lane,True,1.132862883145351e-17,2.1287183697009138e-08,6.00000010430813,1,0.00640686699989601
0.0,6.0216882162787425e-12,9.811397827519386e-08,1.0295994156150952e-08,,1.0419079612696744,0.6646446708446498,0.8571446737131234,0,238,1.13286e-17,0,0,True,1.95843e-10,0,True,simple_default,simple,6.02169e-12,0,True,6.711810485173507e-06,adaptive_hybrid_fixed,0.05,238,3fb5453bf6e60b0e0015711828260ca85d326965a2406502fc6dee12d7e9aa9d,6.000000104308195,,,,,,,,,,,,,,,,,,0,0.0,,,,,,,,,,,0,,NavFnAStar,976d8a1e2b26461750f281c65be85b5bfb19ab0bf791f8d007d04a4305784e2f,122,976d8a1e2b26461750f281c65be85b5bfb19ab0bf791f8d007d04a4305784e2f,0,3,east_service_lane,True,6.0216882162787425e-12,6.711810485173507e-06,6.000000104308195,1,0.00734105800074758
0.0,6.0216882162787425e-12,9.811397827519386e-08,1.0295994156150952e-08,,1.0419079612696744,0.6646446708446498,0.8571446737131234,0,238,1.13286e-17,0,0,True,1.95843e-10,0,True,simple_default,simple,6.02169e-12,0,True,6.711810485173507e-06,adaptive_hybrid,0.05,238,3fb5453bf6e60b0e0015711828260ca85d326965a2406502fc6dee12d7e9aa9d,6.000000104308195,,,,,,,,,,,,,,,,,,0,0.0,,,,,,,,,,,0,,NavFnAStar,976d8a1e2b26461750f281c65be85b5bfb19ab0bf791f8d007d04a4305784e2f,122,976d8a1e2b26461750f281c65be85b5bfb19ab0bf791f8d007d04a4305784e2f,0,3,east_service_lane,True,6.0216882162787425e-12,6.711810485173507e-06,6.000000104308195,1,0.007958980000694282
0.0,84.24695596171833,2.220446049250313e-16,3.451402270467594e-17,,0.4593875454343852,0.16464466339406925,0.2146446641391273,0,326,,,,,,,,,,,,,28.879275871816642,raw,0.05,311,c96d8379f3aeb1cf177584548c1c7e769f7df30a4958e3049851991ece954c67,7.875649683093582,,,,,,,,,,,,,,,,,,0,0.0,,,,,,,,,,,0,,NavFnAStar,c96d8379f3aeb1cf177584548c1c7e769f7df30a4958e3049851991ece954c67,160,c96d8379f3aeb1cf177584548c1c7e769f7df30a4958e3049851991ece954c67,0,1,cross_aisle_transfer,True,84.24695596171833,28.879275871816642,7.875649683093582,1,0.005650333001540275
0.003,23.403643428301866,0.020714976614653737,0.0041949620785075165,,0.4486982647164037,0.16464466339406925,0.2146446641391273,0,336,,,,,,,,,,,,,15.156862949519866,simple,0.05,311,a0f4788c88d60248542f159361831f1c3b705bb31b392b36a4ff739b9c352235,7.820883773025461,,,,,,,,,,,,,,,,,,0,0.0,,,,,,,,,,,0,,NavFnAStar,c96d8379f3aeb1cf177584548c1c7e769f7df30a4958e3049851991ece954c67,158,c96d8379f3aeb1cf177584548c1c7e769f7df30a4958e3049851991ece954c67,0,1,cross_aisle_transfer,True,23.403643428301866,15.156862949519866,7.820883773025461,1,0.010451818998262752
0.0,43.01662224994082,0.00835354917024678,0.0012981888469302187,,0.4338739779409316,0.11464466264901119,0.16464466339406925,0,365,,,,,,,,,,,,,15.302584560082678,savitzky_golay,0.05,311,c97c9c858c75823fe6ddeebfa710baa233a4f119c3a328efcda6756daa500b49,7.856792864897194,,,,,,,,,,,,,,,,,,0,0.0,,,,,,,,,,,0,,NavFnAStar,c96d8379f3aeb1cf177584548c1c7e769f7df30a4958e3049851991ece954c67,159,c96d8379f3aeb1cf177584548c1c7e769f7df30a4958e3049851991ece954c67,0,1,cross_aisle_transfer,True,43.01662224994082,15.302584560082678,7.856792864897194,1,0.010074626999994507
0.018000000000000002,36.20683008910285,0.020515830216017328,0.0038588482377037246,,0.44475551171877237,0.18825146149581692,0.21959563989254183,0,374,,,,,,,,,,,,,9.825214846354188,constrained,0.05,311,334fc775b7981ed6d0d4213021a18f994fe00a402af8aef2746dcb9de166eb67,7.866290549615132,,,,,,,,,,,,,,,,,,0,0.0,,,,,,,,,,,0,,NavFnAStar,c96d8379f3aeb1cf177584548c1c7e769f7df30a4958e3049851991ece954c67,159,c96d8379f3aeb1cf177584548c1c7e769f7df30a4958e3049851991ece954c67,0,1,cross_aisle_transfer,True,36.20683008910285,9.825214846354188,7.866290549615132,1,0.0247529560001567
0.006,4.242023072506066,0.0714636119205287,0.04448550072419587,,0.42992660430747004,0.2146446641391273,0.23390290478282266,0,354,,,,,,,,,,,,,2.8959386666990365,pivot_g2_fixed,0.05,349,29d1827d39829a087d55b79d79d7c5cfd7f89ca26402ed9b51f585d3fbbb0a32,7.731405691641277,0,27,"[[-2, -2.8], [-1.85393, -1.38584], [-1.68326, -0.924634], [0.184787, 0.720139], [1.13371, 0.712726], [1.53959, 0.87833], [1.76039, 1.27729], [2, 2.8]]",311,0.075,0.0720739,0.15,0,8,0,7,"[{'index': 0, 'x': -1.85393, 'y': -1.38584, 'turn_angle': -0.251486, 'incoming_length': 1.42168, 'outgoing_length': 0.491772, 'pivot_safe': True, 'pass_through': False, 'radius_min': 0, 'radius_max': 0, 'trim_min': 0, 'trim_max': 0, 'evaluations': 9, 'safe_feasible': 8, 'states': 0, 'selected_radius': 1.5, 'selected_trim': 0.189615, 'selected_score': 1}, {'index': 1, 'x': -1.68326, 'y': -0.924634, 'turn_angle': -0.494458, 'incoming_length': 0.491772, 'outgoing_length': 2.48895, 'pivot_safe': True, 'pass_through': False, 'radius_min': 0, 'radius_max': 0, 'trim_min': 0, 'trim_max': 0, 'evaluations': 9, 'safe_feasible': 6, 'states': 0, 'selected_radius': 0.75, 'selected_trim': 0.189294, 'selected_score': 1}, {'index': 2, 'x': 0.184787, 'y': 0.720139, 'turn_angle': -0.729735, 'incoming_length': 2.48895, 'outgoing_length': 0.948954, 'pivot_safe': True, 'pass_through': False, 'radius_min': 0, 'radius_max': 0, 'trim_min': 0, 'trim_max': 0, 'evaluations': 9, 'safe_feasible': 7, 'states': 0, 'selected_radius': 1, 'selected_trim': 0.38197, 'selected_score': 0.85}, {'index': 3, 'x': 1.13371, 'y': 0.712726, 'turn_angle': 0.39521, 'incoming_length': 0.948954, 'outgoing_length': 0.438361, 'pivot_safe': True, 'pass_through': False, 'radius_min': 0, 'radius_max': 0, 'trim_min': 0, 'trim_max': 0, 'evaluations': 9, 'safe_feasible': 6, 'states': 0, 'selected_radius': 0.75, 'selected_trim': 0.150163, 'selected_score': 0.892857}, {'index': 4, 'x': 1.53959, 'y': 0.87833, 'turn_angle': 0.677927, 'incoming_length': 0.438361, 'outgoing_length': 0.455986, 'pivot_safe': True, 'pass_through': False, 'radius_min': 0, 'radius_max': 0, 'trim_min': 0, 'trim_max': 0, 'evaluations': 9, 'safe_feasible': 3, 'states': 0, 'selected_radius': 0.4, 'selected_trim': 0.141029, 'selected_score': 0.9}, {'index': 5, 'x': 1.76039, 'y': 1.27729, 'turn_angle': 0.34939, 'incoming_length': 0.455986, 'outgoing_length': 1.54144, 'pivot_safe': True, 'pass_through': False, 'radius_min': 0, 'radius_max': 0, 'trim_min': 0, 'trim_max': 0, 'evaluations': 9, 'safe_feasible': 7, 'states': 0, 'selected_radius': 1, 'selected_trim': 0.176494, 'selected_score': 0.85}]",6,0,54,none,6,0,0.0,200,0.915476,349,0,0,"{'angular acceleration iteration did not converge': 2, 'transition would overlap an adjacent corner window': 15}",0.0048341,fixed,0.05,,0,37,NavFnAStar,c96d8379f3aeb1cf177584548c1c7e769f7df30a4958e3049851991ece954c67,156,c96d8379f3aeb1cf177584548c1c7e769f7df30a4958e3049851991ece954c67,0,1,cross_aisle_transfer,True,4.242023072506066,2.8959386666990365,7.731405691641277,1,0.011540349001734285
0.009000000000000001,4.444225571945206,0.08117559047081205,0.04676306509915128,,0.43626883873352057,0.2146446641391273,0.23390290478282266,0,398,,,,,,,,,,,,,3.494955825295057,pivot_g2,0.05,393,2aaa1a818f24ac31011068a7f5b82e9ef561292eb8b424f522dc0836a6d56c22,7.712408597470915,111,97,"[[-2, -2.8], [-1.85393, -1.38584], [-1.68326, -0.924634], [0.184787, 0.720139], [1.13371, 0.712726], [1.53959, 0.87833], [1.76039, 1.27729], [2, 2.8]]",311,0.075,0.0720739,0.15,0,8,0,7,"[{'index': 0, 'x': -1.85393, 'y': -1.38584, 'turn_angle': -0.251486, 'incoming_length': 1.42168, 'outgoing_length': 0.491772, 'pivot_safe': True, 'pass_through': False, 'radius_min': 0.1, 'radius_max': 1.5, 'trim_min': 0.012641, 'trim_max': 0.189615, 'evaluations': 20, 'safe_feasible': 17, 'states': 6, 'selected_radius': 0.52, 'selected_trim': 0.0657332, 'selected_score': 0.384497}, {'index': 1, 'x': -1.68326, 'y': -0.924634, 'turn_angle': -0.494458, 'incoming_length': 0.491772, 'outgoing_length': 2.48895, 'pivot_safe': True, 'pass_through': False, 'radius_min': 0.1, 'radius_max': 1.5, 'trim_min': 0.0252392, 'trim_max': 0.378588, 'evaluations': 20, 'safe_feasible': 17, 'states': 6, 'selected_radius': 1.465, 'selected_trim': 0.369755, 'selected_score': 0.305211}, {'index': 2, 'x': 0.184787, 'y': 0.720139, 'turn_angle': -0.729735, 'incoming_length': 2.48895, 'outgoing_length': 0.948954, 'pivot_safe': True, 'pass_through': False, 'radius_min': 0.1, 'radius_max': 1.5, 'trim_min': 0.038197, 'trim_max': 0.572955, 'evaluations': 20, 'safe_feasible': 18, 'states': 6, 'selected_radius': 1.5, 'selected_trim': 0.572955, 'selected_score': 0.337282}, {'index': 3, 'x': 1.13371, 'y': 0.712726, 'turn_angle': 0.39521, 'incoming_length': 0.948954, 'outgoing_length': 0.438361, 'pivot_safe': True, 'pass_through': False, 'radius_min': 0.1, 'radius_max': 1.5, 'trim_min': 0.0200218, 'trim_max': 0.300327, 'evaluations': 20, 'safe_feasible': 17, 'states': 6, 'selected_radius': 0.45, 'selected_trim': 0.090098, 'selected_score': 0.51531}, {'index': 4, 'x': 1.53959, 'y': 0.87833, 'turn_angle': 0.677927, 'incoming_length': 0.438361, 'outgoing_length': 0.455986, 'pivot_safe': True, 'pass_through': False, 'radius_min': 0.1, 'radius_max': 1.24333, 'trim_min': 0.0352571, 'trim_max': 0.438361, 'evaluations': 20, 'safe_feasible': 17, 'states': 6, 'selected_radius': 0.328665, 'selected_trim': 0.115878, 'selected_score': 0.70098}, {'index': 5, 'x': 1.76039, 'y': 1.27729, 'turn_angle': 0.34939, 'incoming_length': 0.455986, 'outgoing_length': 1.54144, 'pivot_safe': True, 'pass_through': False, 'radius_min': 0.1, 'radius_max': 1.5, 'trim_min': 0.0176494, 'trim_max': 0.264741, 'evaluations': 20, 'safe_feasible': 18, 'states': 6, 'selected_radius': 1.5, 'selected_trim': 0.264741, 'selected_score': 0.29944}]",6,36,120,none,6,0,0.0,200,0.423787,393,0,0,"{'angular acceleration iteration did not converge': 7, 'transition requires a reversing inner wheel': 9}",0.00936582,adaptive,0.05,,0,104,NavFnAStar,c96d8379f3aeb1cf177584548c1c7e769f7df30a4958e3049851991ece954c67,156,c96d8379f3aeb1cf177584548c1c7e769f7df30a4958e3049851991ece954c67,0,1,cross_aisle_transfer,True,4.444225571945206,3.494955825295057,7.712408597470915,1,0.01710528900002828
0.006,4.242023072506066,0.0714636119205287,0.04448550072419587,,0.42992660430747004,0.2146446641391273,0.23390290478282266,0,354,4.24202,0,202,True,84.247,251,True,safety_gain_within_energy_budget,pivot_g2,23.4036,228,True,2.8959386666990365,adaptive_hybrid_fixed,0.05,349,29d1827d39829a087d55b79d79d7c5cfd7f89ca26402ed9b51f585d3fbbb0a32,7.731405691641277,,,,,,,,,,,,,,,,,,0,0.0,,,,,,,,,,,0,,NavFnAStar,c96d8379f3aeb1cf177584548c1c7e769f7df30a4958e3049851991ece954c67,156,c96d8379f3aeb1cf177584548c1c7e769f7df30a4958e3049851991ece954c67,0,1,cross_aisle_transfer,True,4.242023072506066,2.8959386666990365,7.731405691641277,1,0.014965729998948518
0.012,4.444225571945206,0.08117559047081205,0.04676306509915128,,0.43626883873352057,0.2146446641391273,0.23390290478282266,0,398,4.44423,0,202,True,84.247,251,True,safety_gain_within_energy_budget,pivot_g2,23.4036,228,True,3.494955825295057,adaptive_hybrid,0.05,393,2aaa1a818f24ac31011068a7f5b82e9ef561292eb8b424f522dc0836a6d56c22,7.712408597470915,,,,,,,,,,,,,,,,,,0,0.0,,,,,,,,,,,0,,NavFnAStar,c96d8379f3aeb1cf177584548c1c7e769f7df30a4958e3049851991ece954c67,156,c96d8379f3aeb1cf177584548c1c7e769f7df30a4958e3049851991ece954c67,0,1,cross_aisle_transfer,True,4.444225571945206,3.494955825295057,7.712408597470915,1,0.019838004998746328
0.003,84.24695596171833,2.220446049250313e-16,3.451402270467594e-17,,0.4593875454343852,0.16464466339406925,0.2146446641391273,0,326,,,,,,,,,,,,,28.879275871816642,raw,0.05,311,c96d8379f3aeb1cf177584548c1c7e769f7df30a4958e3049851991ece954c67,7.875649683093582,,,,,,,,,,,,,,,,,,0,0.0,,,,,,,,,,,0,,NavFnAStar,c96d8379f3aeb1cf177584548c1c7e769f7df30a4958e3049851991ece954c67,160,c96d8379f3aeb1cf177584548c1c7e769f7df30a4958e3049851991ece954c67,0,2,cross_aisle_transfer,True,84.24695596171833,28.879275871816642,7.875649683093582,1,0.007779643998219399
0.0,23.403643428301866,0.020714976614653737,0.0041949620785075165,,0.4486982647164037,0.16464466339406925,0.2146446641391273,0,336,,,,,,,,,,,,,15.156862949519866,simple,0.05,311,a0f4788c88d60248542f159361831f1c3b705bb31b392b36a4ff739b9c352235,7.820883773025461,,,,,,,,,,,,,,,,,,0,0.0,,,,,,,,,,,0,,NavFnAStar,c96d8379f3aeb1cf177584548c1c7e769f7df30a4958e3049851991ece954c67,158,c96d8379f3aeb1cf177584548c1c7e769f7df30a4958e3049851991ece954c67,0,2,cross_aisle_transfer,True,23.403643428301866,15.156862949519866,7.820883773025461,1,0.008936441998230293
0.003,43.01662224994082,0.00835354917024678,0.0012981888469302187,,0.4338739779409316,0.11464466264901119,0.16464466339406925,0,365,,,,,,,,,,,,,15.302584560082678,savitzky_golay,0.05,311,c97c9c858c75823fe6ddeebfa710baa233a4f119c3a328efcda6756daa500b49,7.856792864897194,,,,,,,,,,,,,,,,,,0,0.0,,,,,,,,,,,0,,NavFnAStar,c96d8379f3aeb1cf177584548c1c7e769f7df30a4958e3049851991ece954c67,159,c96d8379f3aeb1cf177584548c1c7e769f7df30a4958e3049851991ece954c67,0,2,cross_aisle_transfer,True,43.01662224994082,15.302584560082678,7.856792864897194,1,0.011956632999499561
0.021,36.20683008910285,0.020515830216017328,0.0038588482377037246,,0.44475551171877237,0.18825146149581692,0.21959563989254183,0,374,,,,,,,,,,,,,9.825214846354188,constrained,0.05,311,334fc775b7981ed6d0d4213021a18f994fe00a402af8aef2746dcb9de166eb67,7.866290549615132,,,,,,,,,,,,,,,,,,0,0.0,,,,,,,,,,,0,,NavFnAStar,c96d8379f3aeb1cf177584548c1c7e769f7df30a4958e3049851991ece954c67,159,c96d8379f3aeb1cf177584548c1c7e769f7df30a4958e3049851991ece954c67,0,2,cross_aisle_transfer,True,36.20683008910285,9.825214846354188,7.866290549615132,1,0.048663789999409346
0.006,4.242023072506066,0.0714636119205287,0.04448550072419587,,0.42992660430747004,0.2146446641391273,0.23390290478282266,0,354,,,,,,,,,,,,,2.8959386666990365,pivot_g2_fixed,0.05,349,29d1827d39829a087d55b79d79d7c5cfd7f89ca26402ed9b51f585d3fbbb0a32,7.731405691641277,0,27,"[[-2, -2.8], [-1.85393, -1.38584], [-1.68326, -0.924634], [0.184787, 0.720139], [1.13371, 0.712726], [1.53959, 0.87833], [1.76039, 1.27729], [2, 2.8]]",311,0.075,0.0720739,0.15,0,8,0,7,"[{'index': 0, 'x': -1.85393, 'y': -1.38584, 'turn_angle': -0.251486, 'incoming_length': 1.42168, 'outgoing_length': 0.491772, 'pivot_safe': True, 'pass_through': False, 'radius_min': 0, 'radius_max': 0, 'trim_min': 0, 'trim_max': 0, 'evaluations': 9, 'safe_feasible': 8, 'states': 0, 'selected_radius': 1.5, 'selected_trim': 0.189615, 'selected_score': 1}, {'index': 1, 'x': -1.68326, 'y': -0.924634, 'turn_angle': -0.494458, 'incoming_length': 0.491772, 'outgoing_length': 2.48895, 'pivot_safe': True, 'pass_through': False, 'radius_min': 0, 'radius_max': 0, 'trim_min': 0, 'trim_max': 0, 'evaluations': 9, 'safe_feasible': 6, 'states': 0, 'selected_radius': 0.75, 'selected_trim': 0.189294, 'selected_score': 1}, {'index': 2, 'x': 0.184787, 'y': 0.720139, 'turn_angle': -0.729735, 'incoming_length': 2.48895, 'outgoing_length': 0.948954, 'pivot_safe': True, 'pass_through': False, 'radius_min': 0, 'radius_max': 0, 'trim_min': 0, 'trim_max': 0, 'evaluations': 9, 'safe_feasible': 7, 'states': 0, 'selected_radius': 1, 'selected_trim': 0.38197, 'selected_score': 0.85}, {'index': 3, 'x': 1.13371, 'y': 0.712726, 'turn_angle': 0.39521, 'incoming_length': 0.948954, 'outgoing_length': 0.438361, 'pivot_safe': True, 'pass_through': False, 'radius_min': 0, 'radius_max': 0, 'trim_min': 0, 'trim_max': 0, 'evaluations': 9, 'safe_feasible': 6, 'states': 0, 'selected_radius': 0.75, 'selected_trim': 0.150163, 'selected_score': 0.892857}, {'index': 4, 'x': 1.53959, 'y': 0.87833, 'turn_angle': 0.677927, 'incoming_length': 0.438361, 'outgoing_length': 0.455986, 'pivot_safe': True, 'pass_through': False, 'radius_min': 0, 'radius_max': 0, 'trim_min': 0, 'trim_max': 0, 'evaluations': 9, 'safe_feasible': 3, 'states': 0, 'selected_radius': 0.4, 'selected_trim': 0.141029, 'selected_score': 0.9}, {'index': 5, 'x': 1.76039, 'y': 1.27729, 'turn_angle': 0.34939, 'incoming_length': 0.455986, 'outgoing_length': 1.54144, 'pivot_safe': True, 'pass_through': False, 'radius_min': 0, 'radius_max': 0, 'trim_min': 0, 'trim_max': 0, 'evaluations': 9, 'safe_feasible': 7, 'states': 0, 'selected_radius': 1, 'selected_trim': 0.176494, 'selected_score': 0.85}]",6,0,54,none,6,0,0.0,200,0.915476,349,0,0,"{'angular acceleration iteration did not converge': 2, 'transition would overlap an adjacent corner window': 15}",0.00473304,fixed,0.05,,0,37,NavFnAStar,c96d8379f3aeb1cf177584548c1c7e769f7df30a4958e3049851991ece954c67,156,c96d8379f3aeb1cf177584548c1c7e769f7df30a4958e3049851991ece954c67,0,2,cross_aisle_transfer,True,4.242023072506066,2.8959386666990365,7.731405691641277,1,0.01192490299945348
0.012,4.444225571945206,0.08117559047081205,0.04676306509915128,,0.43626883873352057,0.2146446641391273,0.23390290478282266,0,398,,,,,,,,,,,,,3.494955825295057,pivot_g2,0.05,393,2aaa1a818f24ac31011068a7f5b82e9ef561292eb8b424f522dc0836a6d56c22,7.712408597470915,111,97,"[[-2, -2.8], [-1.85393, -1.38584], [-1.68326, -0.924634], [0.184787, 0.720139], [1.13371, 0.712726], [1.53959, 0.87833], [1.76039, 1.27729], [2, 2.8]]",311,0.075,0.0720739,0.15,0,8,0,7,"[{'index': 0, 'x': -1.85393, 'y': -1.38584, 'turn_angle': -0.251486, 'incoming_length': 1.42168, 'outgoing_length': 0.491772, 'pivot_safe': True, 'pass_through': False, 'radius_min': 0.1, 'radius_max': 1.5, 'trim_min': 0.012641, 'trim_max': 0.189615, 'evaluations': 20, 'safe_feasible': 17, 'states': 6, 'selected_radius': 0.52, 'selected_trim': 0.0657332, 'selected_score': 0.384497}, {'index': 1, 'x': -1.68326, 'y': -0.924634, 'turn_angle': -0.494458, 'incoming_length': 0.491772, 'outgoing_length': 2.48895, 'pivot_safe': True, 'pass_through': False, 'radius_min': 0.1, 'radius_max': 1.5, 'trim_min': 0.0252392, 'trim_max': 0.378588, 'evaluations': 20, 'safe_feasible': 17, 'states': 6, 'selected_radius': 1.465, 'selected_trim': 0.369755, 'selected_score': 0.305211}, {'index': 2, 'x': 0.184787, 'y': 0.720139, 'turn_angle': -0.729735, 'incoming_length': 2.48895, 'outgoing_length': 0.948954, 'pivot_safe': True, 'pass_through': False, 'radius_min': 0.1, 'radius_max': 1.5, 'trim_min': 0.038197, 'trim_max': 0.572955, 'evaluations': 20, 'safe_feasible': 18, 'states': 6, 'selected_radius': 1.5, 'selected_trim': 0.572955, 'selected_score': 0.337282}, {'index': 3, 'x': 1.13371, 'y': 0.712726, 'turn_angle': 0.39521, 'incoming_length': 0.948954, 'outgoing_length': 0.438361, 'pivot_safe': True, 'pass_through': False, 'radius_min': 0.1, 'radius_max': 1.5, 'trim_min': 0.0200218, 'trim_max': 0.300327, 'evaluations': 20, 'safe_feasible': 17, 'states': 6, 'selected_radius': 0.45, 'selected_trim': 0.090098, 'selected_score': 0.51531}, {'index': 4, 'x': 1.53959, 'y': 0.87833, 'turn_angle': 0.677927, 'incoming_length': 0.438361, 'outgoing_length': 0.455986, 'pivot_safe': True, 'pass_through': False, 'radius_min': 0.1, 'radius_max': 1.24333, 'trim_min': 0.0352571, 'trim_max': 0.438361, 'evaluations': 20, 'safe_feasible': 17, 'states': 6, 'selected_radius': 0.328665, 'selected_trim': 0.115878, 'selected_score': 0.70098}, {'index': 5, 'x': 1.76039, 'y': 1.27729, 'turn_angle': 0.34939, 'incoming_length': 0.455986, 'outgoing_length': 1.54144, 'pivot_safe': True, 'pass_through': False, 'radius_min': 0.1, 'radius_max': 1.5, 'trim_min': 0.0176494, 'trim_max': 0.264741, 'evaluations': 20, 'safe_feasible': 18, 'states': 6, 'selected_radius': 1.5, 'selected_trim': 0.264741, 'selected_score': 0.29944}]",6,36,120,none,6,0,0.0,200,0.423787,393,0,0,"{'angular acceleration iteration did not converge': 7, 'transition requires a reversing inner wheel': 9}",0.0098611,adaptive,0.05,,0,104,NavFnAStar,c96d8379f3aeb1cf177584548c1c7e769f7df30a4958e3049851991ece954c67,156,c96d8379f3aeb1cf177584548c1c7e769f7df30a4958e3049851991ece954c67,0,2,cross_aisle_transfer,True,4.444225571945206,3.494955825295057,7.712408597470915,1,0.018190932998550124
0.006,4.242023072506066,0.0714636119205287,0.04448550072419587,,0.42992660430747004,0.2146446641391273,0.23390290478282266,0,354,4.24202,0,202,True,84.247,251,True,safety_gain_within_energy_budget,pivot_g2,23.4036,228,True,2.8959386666990365,adaptive_hybrid_fixed,0.05,349,29d1827d39829a087d55b79d79d7c5cfd7f89ca26402ed9b51f585d3fbbb0a32,7.731405691641277,,,,,,,,,,,,,,,,,,0,0.0,,,,,,,,,,,0,,NavFnAStar,c96d8379f3aeb1cf177584548c1c7e769f7df30a4958e3049851991ece954c67,156,c96d8379f3aeb1cf177584548c1c7e769f7df30a4958e3049851991ece954c67,0,2,cross_aisle_transfer,True,4.242023072506066,2.8959386666990365,7.731405691641277,1,0.012646369003050495
0.012,4.444225571945206,0.08117559047081205,0.04676306509915128,,0.43626883873352057,0.2146446641391273,0.23390290478282266,0,398,4.44423,0,202,True,84.247,251,True,safety_gain_within_energy_budget,pivot_g2,23.4036,228,True,3.494955825295057,adaptive_hybrid,0.05,393,2aaa1a818f24ac31011068a7f5b82e9ef561292eb8b424f522dc0836a6d56c22,7.712408597470915,,,,,,,,,,,,,,,,,,0,0.0,,,,,,,,,,,0,,NavFnAStar,c96d8379f3aeb1cf177584548c1c7e769f7df30a4958e3049851991ece954c67,156,c96d8379f3aeb1cf177584548c1c7e769f7df30a4958e3049851991ece954c67,0,2,cross_aisle_transfer,True,4.444225571945206,3.494955825295057,7.712408597470915,1,0.018956308002088917
0.0,84.24695596171833,2.220446049250313e-16,3.451402270467594e-17,,0.4593875454343852,0.16464466339406925,0.2146446641391273,0,326,,,,,,,,,,,,,28.879275871816642,raw,0.05,311,c96d8379f3aeb1cf177584548c1c7e769f7df30a4958e3049851991ece954c67,7.875649683093582,,,,,,,,,,,,,,,,,,0,0.0,,,,,,,,,,,0,,NavFnAStar,c96d8379f3aeb1cf177584548c1c7e769f7df30a4958e3049851991ece954c67,160,c96d8379f3aeb1cf177584548c1c7e769f7df30a4958e3049851991ece954c67,0,3,cross_aisle_transfer,True,84.24695596171833,28.879275871816642,7.875649683093582,1,0.006323462999716867
0.0,23.403643428301866,0.020714976614653737,0.0041949620785075165,,0.4486982647164037,0.16464466339406925,0.2146446641391273,0,336,,,,,,,,,,,,,15.156862949519866,simple,0.05,311,a0f4788c88d60248542f159361831f1c3b705bb31b392b36a4ff739b9c352235,7.820883773025461,,,,,,,,,,,,,,,,,,0,0.0,,,,,,,,,,,0,,NavFnAStar,c96d8379f3aeb1cf177584548c1c7e769f7df30a4958e3049851991ece954c67,158,c96d8379f3aeb1cf177584548c1c7e769f7df30a4958e3049851991ece954c67,0,3,cross_aisle_transfer,True,23.403643428301866,15.156862949519866,7.820883773025461,1,0.007925883001007605
0.003,43.01662224994082,0.00835354917024678,0.0012981888469302187,,0.4338739779409316,0.11464466264901119,0.16464466339406925,0,365,,,,,,,,,,,,,15.302584560082678,savitzky_golay,0.05,311,c97c9c858c75823fe6ddeebfa710baa233a4f119c3a328efcda6756daa500b49,7.856792864897194,,,,,,,,,,,,,,,,,,0,0.0,,,,,,,,,,,0,,NavFnAStar,c96d8379f3aeb1cf177584548c1c7e769f7df30a4958e3049851991ece954c67,159,c96d8379f3aeb1cf177584548c1c7e769f7df30a4958e3049851991ece954c67,0,3,cross_aisle_transfer,True,43.01662224994082,15.302584560082678,7.856792864897194,1,0.008629580999695463
0.024,36.20683008910285,0.020515830216017328,0.0038588482377037246,,0.44475551171877237,0.18825146149581692,0.21959563989254183,0,374,,,,,,,,,,,,,9.825214846354188,constrained,0.05,311,334fc775b7981ed6d0d4213021a18f994fe00a402af8aef2746dcb9de166eb67,7.866290549615132,,,,,,,,,,,,,,,,,,0,0.0,,,,,,,,,,,0,,NavFnAStar,c96d8379f3aeb1cf177584548c1c7e769f7df30a4958e3049851991ece954c67,159,c96d8379f3aeb1cf177584548c1c7e769f7df30a4958e3049851991ece954c67,0,3,cross_aisle_transfer,True,36.20683008910285,9.825214846354188,7.866290549615132,1,0.029850078997696983
0.006,4.242023072506066,0.0714636119205287,0.04448550072419587,,0.42992660430747004,0.2146446641391273,0.23390290478282266,0,354,,,,,,,,,,,,,2.8959386666990365,pivot_g2_fixed,0.05,349,29d1827d39829a087d55b79d79d7c5cfd7f89ca26402ed9b51f585d3fbbb0a32,7.731405691641277,0,27,"[[-2, -2.8], [-1.85393, -1.38584], [-1.68326, -0.924634], [0.184787, 0.720139], [1.13371, 0.712726], [1.53959, 0.87833], [1.76039, 1.27729], [2, 2.8]]",311,0.075,0.0720739,0.15,0,8,0,7,"[{'index': 0, 'x': -1.85393, 'y': -1.38584, 'turn_angle': -0.251486, 'incoming_length': 1.42168, 'outgoing_length': 0.491772, 'pivot_safe': True, 'pass_through': False, 'radius_min': 0, 'radius_max': 0, 'trim_min': 0, 'trim_max': 0, 'evaluations': 9, 'safe_feasible': 8, 'states': 0, 'selected_radius': 1.5, 'selected_trim': 0.189615, 'selected_score': 1}, {'index': 1, 'x': -1.68326, 'y': -0.924634, 'turn_angle': -0.494458, 'incoming_length': 0.491772, 'outgoing_length': 2.48895, 'pivot_safe': True, 'pass_through': False, 'radius_min': 0, 'radius_max': 0, 'trim_min': 0, 'trim_max': 0, 'evaluations': 9, 'safe_feasible': 6, 'states': 0, 'selected_radius': 0.75, 'selected_trim': 0.189294, 'selected_score': 1}, {'index': 2, 'x': 0.184787, 'y': 0.720139, 'turn_angle': -0.729735, 'incoming_length': 2.48895, 'outgoing_length': 0.948954, 'pivot_safe': True, 'pass_through': False, 'radius_min': 0, 'radius_max': 0, 'trim_min': 0, 'trim_max': 0, 'evaluations': 9, 'safe_feasible': 7, 'states': 0, 'selected_radius': 1, 'selected_trim': 0.38197, 'selected_score': 0.85}, {'index': 3, 'x': 1.13371, 'y': 0.712726, 'turn_angle': 0.39521, 'incoming_length': 0.948954, 'outgoing_length': 0.438361, 'pivot_safe': True, 'pass_through': False, 'radius_min': 0, 'radius_max': 0, 'trim_min': 0, 'trim_max': 0, 'evaluations': 9, 'safe_feasible': 6, 'states': 0, 'selected_radius': 0.75, 'selected_trim': 0.150163, 'selected_score': 0.892857}, {'index': 4, 'x': 1.53959, 'y': 0.87833, 'turn_angle': 0.677927, 'incoming_length': 0.438361, 'outgoing_length': 0.455986, 'pivot_safe': True, 'pass_through': False, 'radius_min': 0, 'radius_max': 0, 'trim_min': 0, 'trim_max': 0, 'evaluations': 9, 'safe_feasible': 3, 'states': 0, 'selected_radius': 0.4, 'selected_trim': 0.141029, 'selected_score': 0.9}, {'index': 5, 'x': 1.76039, 'y': 1.27729, 'turn_angle': 0.34939, 'incoming_length': 0.455986, 'outgoing_length': 1.54144, 'pivot_safe': True, 'pass_through': False, 'radius_min': 0, 'radius_max': 0, 'trim_min': 0, 'trim_max': 0, 'evaluations': 9, 'safe_feasible': 7, 'states': 0, 'selected_radius': 1, 'selected_trim': 0.176494, 'selected_score': 0.85}]",6,0,54,none,6,0,0.0,200,0.915476,349,0,0,"{'angular acceleration iteration did not converge': 2, 'transition would overlap an adjacent corner window': 15}",0.00477437,fixed,0.05,,0,37,NavFnAStar,c96d8379f3aeb1cf177584548c1c7e769f7df30a4958e3049851991ece954c67,156,c96d8379f3aeb1cf177584548c1c7e769f7df30a4958e3049851991ece954c67,0,3,cross_aisle_transfer,True,4.242023072506066,2.8959386666990365,7.731405691641277,1,0.011533068998687668
0.009000000000000001,4.444225571945206,0.08117559047081205,0.04676306509915128,,0.43626883873352057,0.2146446641391273,0.23390290478282266,0,398,,,,,,,,,,,,,3.494955825295057,pivot_g2,0.05,393,2aaa1a818f24ac31011068a7f5b82e9ef561292eb8b424f522dc0836a6d56c22,7.712408597470915,111,97,"[[-2, -2.8], [-1.85393, -1.38584], [-1.68326, -0.924634], [0.184787, 0.720139], [1.13371, 0.712726], [1.53959, 0.87833], [1.76039, 1.27729], [2, 2.8]]",311,0.075,0.0720739,0.15,0,8,0,7,"[{'index': 0, 'x': -1.85393, 'y': -1.38584, 'turn_angle': -0.251486, 'incoming_length': 1.42168, 'outgoing_length': 0.491772, 'pivot_safe': True, 'pass_through': False, 'radius_min': 0.1, 'radius_max': 1.5, 'trim_min': 0.012641, 'trim_max': 0.189615, 'evaluations': 20, 'safe_feasible': 17, 'states': 6, 'selected_radius': 0.52, 'selected_trim': 0.0657332, 'selected_score': 0.384497}, {'index': 1, 'x': -1.68326, 'y': -0.924634, 'turn_angle': -0.494458, 'incoming_length': 0.491772, 'outgoing_length': 2.48895, 'pivot_safe': True, 'pass_through': False, 'radius_min': 0.1, 'radius_max': 1.5, 'trim_min': 0.0252392, 'trim_max': 0.378588, 'evaluations': 20, 'safe_feasible': 17, 'states': 6, 'selected_radius': 1.465, 'selected_trim': 0.369755, 'selected_score': 0.305211}, {'index': 2, 'x': 0.184787, 'y': 0.720139, 'turn_angle': -0.729735, 'incoming_length': 2.48895, 'outgoing_length': 0.948954, 'pivot_safe': True, 'pass_through': False, 'radius_min': 0.1, 'radius_max': 1.5, 'trim_min': 0.038197, 'trim_max': 0.572955, 'evaluations': 20, 'safe_feasible': 18, 'states': 6, 'selected_radius': 1.5, 'selected_trim': 0.572955, 'selected_score': 0.337282}, {'index': 3, 'x': 1.13371, 'y': 0.712726, 'turn_angle': 0.39521, 'incoming_length': 0.948954, 'outgoing_length': 0.438361, 'pivot_safe': True, 'pass_through': False, 'radius_min': 0.1, 'radius_max': 1.5, 'trim_min': 0.0200218, 'trim_max': 0.300327, 'evaluations': 20, 'safe_feasible': 17, 'states': 6, 'selected_radius': 0.45, 'selected_trim': 0.090098, 'selected_score': 0.51531}, {'index': 4, 'x': 1.53959, 'y': 0.87833, 'turn_angle': 0.677927, 'incoming_length': 0.438361, 'outgoing_length': 0.455986, 'pivot_safe': True, 'pass_through': False, 'radius_min': 0.1, 'radius_max': 1.24333, 'trim_min': 0.0352571, 'trim_max': 0.438361, 'evaluations': 20, 'safe_feasible': 17, 'states': 6, 'selected_radius': 0.328665, 'selected_trim': 0.115878, 'selected_score': 0.70098}, {'index': 5, 'x': 1.76039, 'y': 1.27729, 'turn_angle': 0.34939, 'incoming_length': 0.455986, 'outgoing_length': 1.54144, 'pivot_safe': True, 'pass_through': False, 'radius_min': 0.1, 'radius_max': 1.5, 'trim_min': 0.0176494, 'trim_max': 0.264741, 'evaluations': 20, 'safe_feasible': 18, 'states': 6, 'selected_radius': 1.5, 'selected_trim': 0.264741, 'selected_score': 0.29944}]",6,36,120,none,6,0,0.0,200,0.423787,393,0,0,"{'angular acceleration iteration did not converge': 7, 'transition requires a reversing inner wheel': 9}",0.0102452,adaptive,0.05,,0,104,NavFnAStar,c96d8379f3aeb1cf177584548c1c7e769f7df30a4958e3049851991ece954c67,156,c96d8379f3aeb1cf177584548c1c7e769f7df30a4958e3049851991ece954c67,0,3,cross_aisle_transfer,True,4.444225571945206,3.494955825295057,7.712408597470915,1,0.020394688999658683
0.006,4.242023072506066,0.0714636119205287,0.04448550072419587,,0.42992660430747004,0.2146446641391273,0.23390290478282266,0,354,4.24202,0,202,True,84.247,251,True,safety_gain_within_energy_budget,pivot_g2,23.4036,228,True,2.8959386666990365,adaptive_hybrid_fixed,0.05,349,29d1827d39829a087d55b79d79d7c5cfd7f89ca26402ed9b51f585d3fbbb0a32,7.731405691641277,,,,,,,,,,,,,,,,,,0,0.0,,,,,,,,,,,0,,NavFnAStar,c96d8379f3aeb1cf177584548c1c7e769f7df30a4958e3049851991ece954c67,156,c96d8379f3aeb1cf177584548c1c7e769f7df30a4958e3049851991ece954c67,0,3,cross_aisle_transfer,True,4.242023072506066,2.8959386666990365,7.731405691641277,1,0.013040267000178574
0.009000000000000001,4.444225571945206,0.08117559047081205,0.04676306509915128,,0.43626883873352057,0.2146446641391273,0.23390290478282266,0,398,4.44423,0,202,True,84.247,251,True,safety_gain_within_energy_budget,pivot_g2,23.4036,228,True,3.494955825295057,adaptive_hybrid,0.05,393,2aaa1a818f24ac31011068a7f5b82e9ef561292eb8b424f522dc0836a6d56c22,7.712408597470915,,,,,,,,,,,,,,,,,,0,0.0,,,,,,,,,,,0,,NavFnAStar,c96d8379f3aeb1cf177584548c1c7e769f7df30a4958e3049851991ece954c67,156,c96d8379f3aeb1cf177584548c1c7e769f7df30a4958e3049851991ece954c67,0,3,cross_aisle_transfer,True,4.444225571945206,3.494955825295057,7.712408597470915,1,0.01825381300295703
0.0,2.842173060620692e-11,0.0,0.0,,1.1282437246660393,0.6646446708446498,0.9146446745699401,0,400,,,,,,,,,,,,,2.3841868568284222e-05,raw,0.05,398,37de1436b1bd5f948dc22686567b78a7cda9a45e34442873a2d54bd8fac479ff,9.999999985098874,,,,,,,,,,,,,,,,,,0,0.0,,,,,,,,,,,0,,NavFnDijkstra,37de1436b1bd5f948dc22686567b78a7cda9a45e34442873a2d54bd8fac479ff,201,37de1436b1bd5f948dc22686567b78a7cda9a45e34442873a2d54bd8fac479ff,0,1,central_cross_west_east,True,2.842173060620692e-11,2.3841868568284222e-05,9.999999985098874,1,0.007488768998882733
0.003,8.635807856515627e-13,3.7376774715929616e-08,3.055772664415383e-09,,1.1298195992971258,0.6646446708446498,0.9646446753149982,0,398,,,,,,,,,,,,,2.556886386295658e-06,simple,0.05,398,c0c660141882bd21dc91c8ef095e24747ee4bddb212c21f12bf2a926649a79c1,9.999999985098848,,,,,,,,,,,,,,,,,,0,0.0,,,,,,,,,,,0,,NavFnDijkstra,37de1436b1bd5f948dc22686567b78a7cda9a45e34442873a2d54bd8fac479ff,201,37de1436b1bd5f948dc22686567b78a7cda9a45e34442873a2d54bd8fac479ff,0,1,central_cross_west_east,True,8.635807856515627e-13,2.556886386295658e-06,9.999999985098848,1,0.00929905899829464
0.0,3.5654956008060806e-12,2.6897536084097644e-08,1.949956491147194e-09,,1.1300708555822767,0.6646446708446498,0.9646446753149982,0,398,,,,,,,,,,,,,5.123707236092588e-06,savitzky_golay,0.05,398,2e3305419a16a2619e7669b623182814afb694aafa5b51340b8ea784646428e7,9.999999985098855,,,,,,,,,,,,,,,,,,0,0.0,,,,,,,,,,,0,,NavFnDijkstra,37de1436b1bd5f948dc22686567b78a7cda9a45e34442873a2d54bd8fac479ff,201,37de1436b1bd5f948dc22686567b78a7cda9a45e34442873a2d54bd8fac479ff,0,1,central_cross_west_east,True,3.5654956008060806e-12,5.123707236092588e-06,9.999999985098855,1,0.028731697999319294
0.0,2.842173060620692e-11,0.0,0.0,,1.1282437246660393,0.6646446708446498,0.9146446745699401,0,400,,,,,,,,,,,,,2.3841868568284222e-05,constrained,0.05,398,37de1436b1bd5f948dc22686567b78a7cda9a45e34442873a2d54bd8fac479ff,9.999999985098874,,,,,,,,,,,,,,,,,,0,0.0,,,,,,,,,,,0,,NavFnDijkstra,37de1436b1bd5f948dc22686567b78a7cda9a45e34442873a2d54bd8fac479ff,201,37de1436b1bd5f948dc22686567b78a7cda9a45e34442873a2d54bd8fac479ff,0,1,central_cross_west_east,True,2.842173060620692e-11,2.3841868568284222e-05,9.999999985098874,1,0.008781069001997821
0.0,1.0729426444731802e-40,5.9306621639887464e-08,3.419829379836717e-08,,1.1229179432427832,0.6646446708446498,0.9146446745699401,0,201,,,,,,,,,,,,,1.0081263715489865e-20,pivot_g2_fixed,0.05,201,05478e9a5670183473e59d2ecd73cb6c971e74a9da875726411f510df3f04611,9.999999985098839,0,0,"[[-5, 5.96046e-08], [5, 0]]",398,0.075,5.93066e-08,0.15,0,2,0,1,[],0,0,0,none,0,0,0.0,200,0,201,0,0,{},0.000274693,fixed,0.05,,0,0,NavFnDijkstra,37de1436b1bd5f948dc22686567b78a7cda9a45e34442873a2d54bd8fac479ff,201,37de1436b1bd5f948dc22686567b78a7cda9a45e34442873a2d54bd8fac479ff,0,1,central_cross_west_east,True,1.0729426444731802e-40,1.0081263715489865e-20,9.999999985098839,1,0.008142135000525741
0.0,1.0729426444731802e-40,5.9306621639887464e-08,3.419829379836717e-08,,1.1229179432427832,0.6646446708446498,0.9146446745699401,0,201,,,,,,,,,,,,,1.0081263715489865e-20,pivot_g2,0.05,201,05478e9a5670183473e59d2ecd73cb6c971e74a9da875726411f510df3f04611,9.999999985098839,0,0,"[[-5, 5.96046e-08], [5, 0]]",398,0.075,5.93066e-08,0.15,0,2,0,1,[],0,0,0,none,0,0,0.0,200,0,201,0,0,{},0.000210459,adaptive,0.05,,0,0,NavFnDijkstra,37de1436b1bd5f948dc22686567b78a7cda9a45e34442873a2d54bd8fac479ff,201,37de1436b1bd5f948dc22686567b78a7cda9a45e34442873a2d54bd8fac479ff,0,1,central_cross_west_east,True,1.0729426444731802e-40,1.0081263715489865e-20,9.999999985098839,1,0.007616079001309117
0.0,8.635807856515627e-13,3.7376774715929616e-08,3.055772664415383e-09,,1.1298195992971258,0.6646446708446498,0.9646446753149982,0,398,1.07294e-40,0,0,True,2.84217e-11,0,True,simple_default,simple,8.63581e-13,0,True,2.556886386295658e-06,adaptive_hybrid_fixed,0.05,398,c0c660141882bd21dc91c8ef095e24747ee4bddb212c21f12bf2a926649a79c1,9.999999985098848,,,,,,,,,,,,,,,,,,0,0.0,,,,,,,,,,,0,,NavFnDijkstra,37de1436b1bd5f948dc22686567b78a7cda9a45e34442873a2d54bd8fac479ff,201,37de1436b1bd5f948dc22686567b78a7cda9a45e34442873a2d54bd8fac479ff,0,1,central_cross_west_east,True,8.635807856515627e-13,2.556886386295658e-06,9.999999985098848,1,0.010127020999789238
0.003,8.635807856515627e-13,3.7376774715929616e-08,3.055772664415383e-09,,1.1298195992971258,0.6646446708446498,0.9646446753149982,0,398,1.07294e-40,0,0,True,2.84217e-11,0,True,simple_default,simple,8.63581e-13,0,True,2.556886386295658e-06,adaptive_hybrid,0.05,398,c0c660141882bd21dc91c8ef095e24747ee4bddb212c21f12bf2a926649a79c1,9.999999985098848,,,,,,,,,,,,,,,,,,0,0.0,,,,,,,,,,,0,,NavFnDijkstra,37de1436b1bd5f948dc22686567b78a7cda9a45e34442873a2d54bd8fac479ff,201,37de1436b1bd5f948dc22686567b78a7cda9a45e34442873a2d54bd8fac479ff,0,1,central_cross_west_east,True,8.635807856515627e-13,2.556886386295658e-06,9.999999985098848,1,0.010443723000207683
0.003,2.842173060620692e-11,0.0,0.0,,1.1282437246660393,0.6646446708446498,0.9146446745699401,0,400,,,,,,,,,,,,,2.3841868568284222e-05,raw,0.05,398,37de1436b1bd5f948dc22686567b78a7cda9a45e34442873a2d54bd8fac479ff,9.999999985098874,,,,,,,,,,,,,,,,,,0,0.0,,,,,,,,,,,0,,NavFnDijkstra,37de1436b1bd5f948dc22686567b78a7cda9a45e34442873a2d54bd8fac479ff,201,37de1436b1bd5f948dc22686567b78a7cda9a45e34442873a2d54bd8fac479ff,0,2,central_cross_west_east,True,2.842173060620692e-11,2.3841868568284222e-05,9.999999985098874,1,0.007484058001864469
0.0,8.635807856515627e-13,3.7376774715929616e-08,3.055772664415383e-09,,1.1298195992971258,0.6646446708446498,0.9646446753149982,0,398,,,,,,,,,,,,,2.556886386295658e-06,simple,0.05,398,c0c660141882bd21dc91c8ef095e24747ee4bddb212c21f12bf2a926649a79c1,9.999999985098848,,,,,,,,,,,,,,,,,,0,0.0,,,,,,,,,,,0,,NavFnDijkstra,37de1436b1bd5f948dc22686567b78a7cda9a45e34442873a2d54bd8fac479ff,201,37de1436b1bd5f948dc22686567b78a7cda9a45e34442873a2d54bd8fac479ff,0,2,central_cross_west_east,True,8.635807856515627e-13,2.556886386295658e-06,9.999999985098848,1,0.009681045998149784
0.0,3.5654956008060806e-12,2.6897536084097644e-08,1.949956491147194e-09,,1.1300708555822767,0.6646446708446498,0.9646446753149982,0,398,,,,,,,,,,,,,5.123707236092588e-06,savitzky_golay,0.05,398,2e3305419a16a2619e7669b623182814afb694aafa5b51340b8ea784646428e7,9.999999985098855,,,,,,,,,,,,,,,,,,0,0.0,,,,,,,,,,,0,,NavFnDijkstra,37de1436b1bd5f948dc22686567b78a7cda9a45e34442873a2d54bd8fac479ff,201,37de1436b1bd5f948dc22686567b78a7cda9a45e34442873a2d54bd8fac479ff,0,2,central_cross_west_east,True,3.5654956008060806e-12,5.123707236092588e-06,9.999999985098855,1,0.009852438000962138
0.003,2.842173060620692e-11,0.0,0.0,,1.1282437246660393,0.6646446708446498,0.9146446745699401,0,400,,,,,,,,,,,,,2.3841868568284222e-05,constrained,0.05,398,37de1436b1bd5f948dc22686567b78a7cda9a45e34442873a2d54bd8fac479ff,9.999999985098874,,,,,,,,,,,,,,,,,,0,0.0,,,,,,,,,,,0,,NavFnDijkstra,37de1436b1bd5f948dc22686567b78a7cda9a45e34442873a2d54bd8fac479ff,201,37de1436b1bd5f948dc22686567b78a7cda9a45e34442873a2d54bd8fac479ff,0,2,central_cross_west_east,True,2.842173060620692e-11,2.3841868568284222e-05,9.999999985098874,1,0.009038621999934549
0.0,1.0729426444731802e-40,5.9306621639887464e-08,3.419829379836717e-08,,1.1229179432427832,0.6646446708446498,0.9146446745699401,0,201,,,,,,,,,,,,,1.0081263715489865e-20,pivot_g2_fixed,0.05,201,05478e9a5670183473e59d2ecd73cb6c971e74a9da875726411f510df3f04611,9.999999985098839,0,0,"[[-5, 5.96046e-08], [5, 0]]",398,0.075,5.93066e-08,0.15,0,2,0,1,[],0,0,0,none,0,0,0.0,200,0,201,0,0,{},0.000262404,fixed,0.05,,0,0,NavFnDijkstra,37de1436b1bd5f948dc22686567b78a7cda9a45e34442873a2d54bd8fac479ff,201,37de1436b1bd5f948dc22686567b78a7cda9a45e34442873a2d54bd8fac479ff,0,2,central_cross_west_east,True,1.0729426444731802e-40,1.0081263715489865e-20,9.999999985098839,1,0.007908839001174783
0.0,1.0729426444731802e-40,5.9306621639887464e-08,3.419829379836717e-08,,1.1229179432427832,0.6646446708446498,0.9146446745699401,0,201,,,,,,,,,,,,,1.0081263715489865e-20,pivot_g2,0.05,201,05478e9a5670183473e59d2ecd73cb6c971e74a9da875726411f510df3f04611,9.999999985098839,0,0,"[[-5, 5.96046e-08], [5, 0]]",398,0.075,5.93066e-08,0.15,0,2,0,1,[],0,0,0,none,0,0,0.0,200,0,201,0,0,{},0.000270424,adaptive,0.05,,0,0,NavFnDijkstra,37de1436b1bd5f948dc22686567b78a7cda9a45e34442873a2d54bd8fac479ff,201,37de1436b1bd5f948dc22686567b78a7cda9a45e34442873a2d54bd8fac479ff,0,2,central_cross_west_east,True,1.0729426444731802e-40,1.0081263715489865e-20,9.999999985098839,1,0.007899478001490934
0.0,8.635807856515627e-13,3.7376774715929616e-08,3.055772664415383e-09,,1.1298195992971258,0.6646446708446498,0.9646446753149982,0,398,1.07294e-40,0,0,True,2.84217e-11,0,True,simple_default,simple,8.63581e-13,0,True,2.556886386295658e-06,adaptive_hybrid_fixed,0.05,398,c0c660141882bd21dc91c8ef095e24747ee4bddb212c21f12bf2a926649a79c1,9.999999985098848,,,,,,,,,,,,,,,,,,0,0.0,,,,,,,,,,,0,,NavFnDijkstra,37de1436b1bd5f948dc22686567b78a7cda9a45e34442873a2d54bd8fac479ff,201,37de1436b1bd5f948dc22686567b78a7cda9a45e34442873a2d54bd8fac479ff,0,2,central_cross_west_east,True,8.635807856515627e-13,2.556886386295658e-06,9.999999985098848,1,0.010021702000813093
0.003,8.635807856515627e-13,3.7376774715929616e-08,3.055772664415383e-09,,1.1298195992971258,0.6646446708446498,0.9646446753149982,0,398,1.07294e-40,0,0,True,2.84217e-11,0,True,simple_default,simple,8.63581e-13,0,True,2.556886386295658e-06,adaptive_hybrid,0.05,398,c0c660141882bd21dc91c8ef095e24747ee4bddb212c21f12bf2a926649a79c1,9.999999985098848,,,,,,,,,,,,,,,,,,0,0.0,,,,,,,,,,,0,,NavFnDijkstra,37de1436b1bd5f948dc22686567b78a7cda9a45e34442873a2d54bd8fac479ff,201,37de1436b1bd5f948dc22686567b78a7cda9a45e34442873a2d54bd8fac479ff,0,2,central_cross_west_east,True,8.635807856515627e-13,2.556886386295658e-06,9.999999985098848,1,0.012112231001083273
0.003,2.842173060620692e-11,0.0,0.0,,1.1282437246660393,0.6646446708446498,0.9146446745699401,0,400,,,,,,,,,,,,,2.3841868568284222e-05,raw,0.05,398,37de1436b1bd5f948dc22686567b78a7cda9a45e34442873a2d54bd8fac479ff,9.999999985098874,,,,,,,,,,,,,,,,,,0,0.0,,,,,,,,,,,0,,NavFnDijkstra,37de1436b1bd5f948dc22686567b78a7cda9a45e34442873a2d54bd8fac479ff,201,37de1436b1bd5f948dc22686567b78a7cda9a45e34442873a2d54bd8fac479ff,0,3,central_cross_west_east,True,2.842173060620692e-11,2.3841868568284222e-05,9.999999985098874,1,0.0067696860023716
0.0,8.635807856515627e-13,3.7376774715929616e-08,3.055772664415383e-09,,1.1298195992971258,0.6646446708446498,0.9646446753149982,0,398,,,,,,,,,,,,,2.556886386295658e-06,simple,0.05,398,c0c660141882bd21dc91c8ef095e24747ee4bddb212c21f12bf2a926649a79c1,9.999999985098848,,,,,,,,,,,,,,,,,,0,0.0,,,,,,,,,,,0,,NavFnDijkstra,37de1436b1bd5f948dc22686567b78a7cda9a45e34442873a2d54bd8fac479ff,201,37de1436b1bd5f948dc22686567b78a7cda9a45e34442873a2d54bd8fac479ff,0,3,central_cross_west_east,True,8.635807856515627e-13,2.556886386295658e-06,9.999999985098848,1,0.009922508001181995
0.0,3.5654956008060806e-12,2.6897536084097644e-08,1.949956491147194e-09,,1.1300708555822767,0.6646446708446498,0.9646446753149982,0,398,,,,,,,,,,,,,5.123707236092588e-06,savitzky_golay,0.05,398,2e3305419a16a2619e7669b623182814afb694aafa5b51340b8ea784646428e7,9.999999985098855,,,,,,,,,,,,,,,,,,0,0.0,,,,,,,,,,,0,,NavFnDijkstra,37de1436b1bd5f948dc22686567b78a7cda9a45e34442873a2d54bd8fac479ff,201,37de1436b1bd5f948dc22686567b78a7cda9a45e34442873a2d54bd8fac479ff,0,3,central_cross_west_east,True,3.5654956008060806e-12,5.123707236092588e-06,9.999999985098855,1,0.010092094998981338
0.0,2.842173060620692e-11,0.0,0.0,,1.1282437246660393,0.6646446708446498,0.9146446745699401,0,400,,,,,,,,,,,,,2.3841868568284222e-05,constrained,0.05,398,37de1436b1bd5f948dc22686567b78a7cda9a45e34442873a2d54bd8fac479ff,9.999999985098874,,,,,,,,,,,,,,,,,,0,0.0,,,,,,,,,,,0,,NavFnDijkstra,37de1436b1bd5f948dc22686567b78a7cda9a45e34442873a2d54bd8fac479ff,201,37de1436b1bd5f948dc22686567b78a7cda9a45e34442873a2d54bd8fac479ff,0,3,central_cross_west_east,True,2.842173060620692e-11,2.3841868568284222e-05,9.999999985098874,1,0.010760609002318233
0.0,1.0729426444731802e-40,5.9306621639887464e-08,3.419829379836717e-08,,1.1229179432427832,0.6646446708446498,0.9146446745699401,0,201,,,,,,,,,,,,,1.0081263715489865e-20,pivot_g2_fixed,0.05,201,05478e9a5670183473e59d2ecd73cb6c971e74a9da875726411f510df3f04611,9.999999985098839,0,0,"[[-5, 5.96046e-08], [5, 0]]",398,0.075,5.93066e-08,0.15,0,2,0,1,[],0,0,0,none,0,0,0.0,200,0,201,0,0,{},0.000277778,fixed,0.05,,0,0,NavFnDijkstra,37de1436b1bd5f948dc22686567b78a7cda9a45e34442873a2d54bd8fac479ff,201,37de1436b1bd5f948dc22686567b78a7cda9a45e34442873a2d54bd8fac479ff,0,3,central_cross_west_east,True,1.0729426444731802e-40,1.0081263715489865e-20,9.999999985098839,1,0.007500861996959429
0.0,1.0729426444731802e-40,5.9306621639887464e-08,3.419829379836717e-08,,1.1229179432427832,0.6646446708446498,0.9146446745699401,0,201,,,,,,,,,,,,,1.0081263715489865e-20,pivot_g2,0.05,201,05478e9a5670183473e59d2ecd73cb6c971e74a9da875726411f510df3f04611,9.999999985098839,0,0,"[[-5, 5.96046e-08], [5, 0]]",398,0.075,5.93066e-08,0.15,0,2,0,1,[],0,0,0,none,0,0,0.0,200,0,201,0,0,{},0.000284059,adaptive,0.05,,0,0,NavFnDijkstra,37de1436b1bd5f948dc22686567b78a7cda9a45e34442873a2d54bd8fac479ff,201,37de1436b1bd5f948dc22686567b78a7cda9a45e34442873a2d54bd8fac479ff,0,3,central_cross_west_east,True,1.0729426444731802e-40,1.0081263715489865e-20,9.999999985098839,1,0.007409269001072971
0.003,8.635807856515627e-13,3.7376774715929616e-08,3.055772664415383e-09,,1.1298195992971258,0.6646446708446498,0.9646446753149982,0,398,1.07294e-40,0,0,True,2.84217e-11,0,True,simple_default,simple,8.63581e-13,0,True,2.556886386295658e-06,adaptive_hybrid_fixed,0.05,398,c0c660141882bd21dc91c8ef095e24747ee4bddb212c21f12bf2a926649a79c1,9.999999985098848,,,,,,,,,,,,,,,,,,0,0.0,,,,,,,,,,,0,,NavFnDijkstra,37de1436b1bd5f948dc22686567b78a7cda9a45e34442873a2d54bd8fac479ff,201,37de1436b1bd5f948dc22686567b78a7cda9a45e34442873a2d54bd8fac479ff,0,3,central_cross_west_east,True,8.635807856515627e-13,2.556886386295658e-06,9.999999985098848,1,0.010248751001199707
0.003,8.635807856515627e-13,3.7376774715929616e-08,3.055772664415383e-09,,1.1298195992971258,0.6646446708446498,0.9646446753149982,0,398,1.07294e-40,0,0,True,2.84217e-11,0,True,simple_default,simple,8.63581e-13,0,True,2.556886386295658e-06,adaptive_hybrid,0.05,398,c0c660141882bd21dc91c8ef095e24747ee4bddb212c21f12bf2a926649a79c1,9.999999985098848,,,,,,,,,,,,,,,,,,0,0.0,,,,,,,,,,,0,,NavFnDijkstra,37de1436b1bd5f948dc22686567b78a7cda9a45e34442873a2d54bd8fac479ff,201,37de1436b1bd5f948dc22686567b78a7cda9a45e34442873a2d54bd8fac479ff,0,3,central_cross_west_east,True,8.635807856515627e-13,2.556886386295658e-06,9.999999985098848,1,0.024977921002573567
0.003,2.8421523083995775e-11,0.0,0.0,,1.0909426513700655,0.6146446700995918,0.6646446708446498,0,435,,,,,,,,,,,,,2.3841779750469777e-05,raw,0.05,398,93e6f61b9142b0efdebdbc06deb3bdac7bd7af19669590b1a05aca3b18127557,10.000000163912809,,,,,,,,,,,,,,,,,,0,0.0,,,,,,,,,,,0,,NavFnDijkstra,93e6f61b9142b0efdebdbc06deb3bdac7bd7af19669590b1a05aca3b18127557,202,93e6f61b9142b0efdebdbc06deb3bdac7bd7af19669590b1a05aca3b18127557,0,1,central_cross_east_west,True,2.8421523083995775e-11,2.3841779750469777e-05,10.000000163912809,1,0.007351290998485638
0.0,8.728463154741837e-13,3.737673058107496e-08,3.048196161519e-09,,1.0919879076173873,0.6146446700995918,0.6646446708446498,0,433,,,,,,,,,,,,,2.55688179700746e-06,simple,0.05,398,67e12a138e6c6c8fd76aa6516bc201c8bc698c7190bf21dd5227ac7e2a55480d,10.000000163912782,,,,,,,,,,,,,,,,,,0,0.0,,,,,,,,,,,0,,NavFnDijkstra,93e6f61b9142b0efdebdbc06deb3bdac7bd7af19669590b1a05aca3b18127557,202,93e6f61b9142b0efdebdbc06deb3bdac7bd7af19669590b1a05aca3b18127557,0,1,central_cross_east_west,True,8.728463154741837e-13,2.55688179700746e-06,10.000000163912782,1,0.009707568999147043
0.003,3.6002111449138287e-12,2.6897496401697942e-08,1.9451210856230103e-09,,1.092334327945875,0.6146446700995918,0.6646446708446498,0,433,,,,,,,,,,,,,5.123695837530018e-06,savitzky_golay,0.05,398,9a1dff29829e761d0209fa0e47ba4ec842ab15d8acf3bc7d32b64d1599e70925,10.00000016391279,,,,,,,,,,,,,,,,,,0,0.0,,,,,,,,,,,0,,NavFnDijkstra,93e6f61b9142b0efdebdbc06deb3bdac7bd7af19669590b1a05aca3b18127557,202,93e6f61b9142b0efdebdbc06deb3bdac7bd7af19669590b1a05aca3b18127557,0,1,central_cross_east_west,True,3.6002111449138287e-12,5.123695837530018e-06,10.00000016391279,1,0.010199757998634595
0.003,2.8421523083995775e-11,0.0,0.0,,1.0909426513700653,0.6146446700995918,0.6646446708446498,0,435,,,,,,,,,,,,,2.3841779750469777e-05,constrained,0.05,398,93e6f61b9142b0efdebdbc06deb3bdac7bd7af19669590b1a05aca3b18127557,10.000000163912809,,,,,,,,,,,,,,,,,,0,0.0,,,,,,,,,,,0,,NavFnDijkstra,93e6f61b9142b0efdebdbc06deb3bdac7bd7af19669590b1a05aca3b18127557,202,93e6f61b9142b0efdebdbc06deb3bdac7bd7af19669590b1a05aca3b18127557,0,1,central_cross_east_west,True,2.8421523083995775e-11,2.3841779750469777e-05,10.000000163912809,1,0.009715690997836646
0.0,6.683809438174594e-41,5.930662057940244e-08,3.411353892226192e-08,,1.1233918063925625,0.6646446708446498,0.9146446745699401,0,202,,,,,,,,,,,,,5.790264287871102e-21,pivot_g2_fixed,0.05,202,4577a5a699960a46b81f878a24e961d21b94d46f2b1b68251b58410254ab77b0,10.000000163912773,0,0,"[[5, 5.96046e-08], [-5, 0]]",398,0.075,5.93066e-08,0.15,0,2,0,1,[],0,0,0,none,0,0,0.0,200,0,202,0,0,{},0.000154278,fixed,0.05,,0,0,NavFnDijkstra,93e6f61b9142b0efdebdbc06deb3bdac7bd7af19669590b1a05aca3b18127557,202,93e6f61b9142b0efdebdbc06deb3bdac7bd7af19669590b1a05aca3b18127557,0,1,central_cross_east_west,True,6.683809438174594e-41,5.790264287871102e-21,10.000000163912773,1,0.007589510001707822
0.003,6.683809438174594e-41,5.930662057940244e-08,3.411353892226192e-08,,1.1233918063925625,0.6646446708446498,0.9146446745699401,0,202,,,,,,,,,,,,,5.790264287871102e-21,pivot_g2,0.05,202,4577a5a699960a46b81f878a24e961d21b94d46f2b1b68251b58410254ab77b0,10.000000163912773,0,0,"[[5, 5.96046e-08], [-5, 0]]",398,0.075,5.93066e-08,0.15,0,2,0,1,[],0,0,0,none,0,0,0.0,200,0,202,0,0,{},0.000202824,adaptive,0.05,,0,0,NavFnDijkstra,93e6f61b9142b0efdebdbc06deb3bdac7bd7af19669590b1a05aca3b18127557,202,93e6f61b9142b0efdebdbc06deb3bdac7bd7af19669590b1a05aca3b18127557,0,1,central_cross_east_west,True,6.683809438174594e-41,5.790264287871102e-21,10.000000163912773,1,0.007872754002164584
0.0,8.728463154741837e-13,3.737673058107496e-08,3.048196161519e-09,,1.0919879076173873,0.6146446700995918,0.6646446708446498,0,433,6.68381e-41,0,0,True,2.84215e-11,0,True,simple_default,simple,8.72846e-13,0,True,2.55688179700746e-06,adaptive_hybrid_fixed,0.05,398,67e12a138e6c6c8fd76aa6516bc201c8bc698c7190bf21dd5227ac7e2a55480d,10.000000163912782,,,,,,,,,,,,,,,,,,0,0.0,,,,,,,,,,,0,,NavFnDijkstra,93e6f61b9142b0efdebdbc06deb3bdac7bd7af19669590b1a05aca3b18127557,202,93e6f61b9142b0efdebdbc06deb3bdac7bd7af19669590b1a05aca3b18127557,0,1,central_cross_east_west,True,8.728463154741837e-13,2.55688179700746e-06,10.000000163912782,1,0.012285847002203809
0.003,8.728463154741837e-13,3.737673058107496e-08,3.048196161519e-09,,1.0919879076173873,0.6146446700995918,0.6646446708446498,0,433,6.68381e-41,0,0,True,2.84215e-11,0,True,simple_default,simple,8.72846e-13,0,True,2.55688179700746e-06,adaptive_hybrid,0.05,398,67e12a138e6c6c8fd76aa6516bc201c8bc698c7190bf21dd5227ac7e2a55480d,10.000000163912782,,,,,,,,,,,,,,,,,,0,0.0,,,,,,,,,,,0,,NavFnDijkstra,93e6f61b9142b0efdebdbc06deb3bdac7bd7af19669590b1a05aca3b18127557,202,93e6f61b9142b0efdebdbc06deb3bdac7bd7af19669590b1a05aca3b18127557,0,1,central_cross_east_west,True,8.728463154741837e-13,2.55688179700746e-06,10.000000163912782,1,0.010343764999561245
0.0,2.8421523083995775e-11,0.0,0.0,,1.0909426513700655,0.6146446700995918,0.6646446708446498,0,435,,,,,,,,,,,,,2.3841779750469777e-05,raw,0.05,398,93e6f61b9142b0efdebdbc06deb3bdac7bd7af19669590b1a05aca3b18127557,10.000000163912809,,,,,,,,,,,,,,,,,,0,0.0,,,,,,,,,,,0,,NavFnDijkstra,93e6f61b9142b0efdebdbc06deb3bdac7bd7af19669590b1a05aca3b18127557,202,93e6f61b9142b0efdebdbc06deb3bdac7bd7af19669590b1a05aca3b18127557,0,2,central_cross_east_west,True,2.8421523083995775e-11,2.3841779750469777e-05,10.000000163912809,1,0.006447199000831461
0.003,8.728463154741837e-13,3.737673058107496e-08,3.048196161519e-09,,1.0919879076173873,0.6146446700995918,0.6646446708446498,0,433,,,,,,,,,,,,,2.55688179700746e-06,simple,0.05,398,67e12a138e6c6c8fd76aa6516bc201c8bc698c7190bf21dd5227ac7e2a55480d,10.000000163912782,,,,,,,,,,,,,,,,,,0,0.0,,,,,,,,,,,0,,NavFnDijkstra,93e6f61b9142b0efdebdbc06deb3bdac7bd7af19669590b1a05aca3b18127557,202,93e6f61b9142b0efdebdbc06deb3bdac7bd7af19669590b1a05aca3b18127557,0,2,central_cross_east_west,True,8.728463154741837e-13,2.55688179700746e-06,10.000000163912782,1,0.03013292499963427
0.0,3.6002111449138287e-12,2.6897496401697942e-08,1.9451210856230103e-09,,1.092334327945875,0.6146446700995918,0.6646446708446498,0,433,,,,,,,,,,,,,5.123695837530018e-06,savitzky_golay,0.05,398,9a1dff29829e761d0209fa0e47ba4ec842ab15d8acf3bc7d32b64d1599e70925,10.00000016391279,,,,,,,,,,,,,,,,,,0,0.0,,,,,,,,,,,0,,NavFnDijkstra,93e6f61b9142b0efdebdbc06deb3bdac7bd7af19669590b1a05aca3b18127557,202,93e6f61b9142b0efdebdbc06deb3bdac7bd7af19669590b1a05aca3b18127557,0,2,central_cross_east_west,True,3.6002111449138287e-12,5.123695837530018e-06,10.00000016391279,1,0.00970093100113445
0.003,2.8421523083995775e-11,0.0,0.0,,1.0909426513700653,0.6146446700995918,0.6646446708446498,0,435,,,,,,,,,,,,,2.3841779750469777e-05,constrained,0.05,398,93e6f61b9142b0efdebdbc06deb3bdac7bd7af19669590b1a05aca3b18127557,10.000000163912809,,,,,,,,,,,,,,,,,,0,0.0,,,,,,,,,,,0,,NavFnDijkstra,93e6f61b9142b0efdebdbc06deb3bdac7bd7af19669590b1a05aca3b18127557,202,93e6f61b9142b0efdebdbc06deb3bdac7bd7af19669590b1a05aca3b18127557,0,2,central_cross_east_west,True,2.8421523083995775e-11,2.3841779750469777e-05,10.000000163912809,1,0.009735330000694375
0.0,6.683809438174594e-41,5.930662057940244e-08,3.411353892226192e-08,,1.1233918063925625,0.6646446708446498,0.9146446745699401,0,202,,,,,,,,,,,,,5.790264287871102e-21,pivot_g2_fixed,0.05,202,4577a5a699960a46b81f878a24e961d21b94d46f2b1b68251b58410254ab77b0,10.000000163912773,0,0,"[[5, 5.96046e-08], [-5, 0]]",398,0.075,5.93066e-08,0.15,0,2,0,1,[],0,0,0,none,0,0,0.0,200,0,202,0,0,{},0.000278374,fixed,0.05,,0,0,NavFnDijkstra,93e6f61b9142b0efdebdbc06deb3bdac7bd7af19669590b1a05aca3b18127557,202,93e6f61b9142b0efdebdbc06deb3bdac7bd7af19669590b1a05aca3b18127557,0,2,central_cross_east_west,True,6.683809438174594e-41,5.790264287871102e-21,10.000000163912773,1,0.006930286999704549
0.0,6.683809438174594e-41,5.930662057940244e-08,3.411353892226192e-08,,1.1233918063925625,0.6646446708446498,0.9146446745699401,0,202,,,,,,,,,,,,,5.790264287871102e-21,pivot_g2,0.05,202,4577a5a699960a46b81f878a24e961d21b94d46f2b1b68251b58410254ab77b0,10.000000163912773,0,0,"[[5, 5.96046e-08], [-5, 0]]",398,0.075,5.93066e-08,0.15,0,2,0,1,[],0,0,0,none,0,0,0.0,200,0,202,0,0,{},0.00027895,adaptive,0.05,,0,0,NavFnDijkstra,93e6f61b9142b0efdebdbc06deb3bdac7bd7af19669590b1a05aca3b18127557,202,93e6f61b9142b0efdebdbc06deb3bdac7bd7af19669590b1a05aca3b18127557,0,2,central_cross_east_west,True,6.683809438174594e-41,5.790264287871102e-21,10.000000163912773,1,0.007543157000327483
0.0,8.728463154741837e-13,3.737673058107496e-08,3.048196161519e-09,,1.0919879076173873,0.6146446700995918,0.6646446708446498,0,433,6.68381e-41,0,0,True,2.84215e-11,0,True,simple_default,simple,8.72846e-13,0,True,2.55688179700746e-06,adaptive_hybrid_fixed,0.05,398,67e12a138e6c6c8fd76aa6516bc201c8bc698c7190bf21dd5227ac7e2a55480d,10.000000163912782,,,,,,,,,,,,,,,,,,0,0.0,,,,,,,,,,,0,,NavFnDijkstra,93e6f61b9142b0efdebdbc06deb3bdac7bd7af19669590b1a05aca3b18127557,202,93e6f61b9142b0efdebdbc06deb3bdac7bd7af19669590b1a05aca3b18127557,0,2,central_cross_east_west,True,8.728463154741837e-13,2.55688179700746e-06,10.000000163912782,1,0.011704754000675166
0.003,8.728463154741837e-13,3.737673058107496e-08,3.048196161519e-09,,1.0919879076173873,0.6146446700995918,0.6646446708446498,0,433,6.68381e-41,0,0,True,2.84215e-11,0,True,simple_default,simple,8.72846e-13,0,True,2.55688179700746e-06,adaptive_hybrid,0.05,398,67e12a138e6c6c8fd76aa6516bc201c8bc698c7190bf21dd5227ac7e2a55480d,10.000000163912782,,,,,,,,,,,,,,,,,,0,0.0,,,,,,,,,,,0,,NavFnDijkstra,93e6f61b9142b0efdebdbc06deb3bdac7bd7af19669590b1a05aca3b18127557,202,93e6f61b9142b0efdebdbc06deb3bdac7bd7af19669590b1a05aca3b18127557,0,2,central_cross_east_west,True,8.728463154741837e-13,2.55688179700746e-06,10.000000163912782,1,0.010450207002577372
0.003,2.8421523083995775e-11,0.0,0.0,,1.0909426513700655,0.6146446700995918,0.6646446708446498,0,435,,,,,,,,,,,,,2.3841779750469777e-05,raw,0.05,398,93e6f61b9142b0efdebdbc06deb3bdac7bd7af19669590b1a05aca3b18127557,10.000000163912809,,,,,,,,,,,,,,,,,,0,0.0,,,,,,,,,,,0,,NavFnDijkstra,93e6f61b9142b0efdebdbc06deb3bdac7bd7af19669590b1a05aca3b18127557,202,93e6f61b9142b0efdebdbc06deb3bdac7bd7af19669590b1a05aca3b18127557,0,3,central_cross_east_west,True,2.8421523083995775e-11,2.3841779750469777e-05,10.000000163912809,1,0.019992727000499144
0.0,8.728463154741837e-13,3.737673058107496e-08,3.048196161519e-09,,1.0919879076173873,0.6146446700995918,0.6646446708446498,0,433,,,,,,,,,,,,,2.55688179700746e-06,simple,0.05,398,67e12a138e6c6c8fd76aa6516bc201c8bc698c7190bf21dd5227ac7e2a55480d,10.000000163912782,,,,,,,,,,,,,,,,,,0,0.0,,,,,,,,,,,0,,NavFnDijkstra,93e6f61b9142b0efdebdbc06deb3bdac7bd7af19669590b1a05aca3b18127557,202,93e6f61b9142b0efdebdbc06deb3bdac7bd7af19669590b1a05aca3b18127557,0,3,central_cross_east_west,True,8.728463154741837e-13,2.55688179700746e-06,10.000000163912782,1,0.008477077997667948
0.0,3.6002111449138287e-12,2.6897496401697942e-08,1.9451210856230103e-09,,1.092334327945875,0.6146446700995918,0.6646446708446498,0,433,,,,,,,,,,,,,5.123695837530018e-06,savitzky_golay,0.05,398,9a1dff29829e761d0209fa0e47ba4ec842ab15d8acf3bc7d32b64d1599e70925,10.00000016391279,,,,,,,,,,,,,,,,,,0,0.0,,,,,,,,,,,0,,NavFnDijkstra,93e6f61b9142b0efdebdbc06deb3bdac7bd7af19669590b1a05aca3b18127557,202,93e6f61b9142b0efdebdbc06deb3bdac7bd7af19669590b1a05aca3b18127557,0,3,central_cross_east_west,True,3.6002111449138287e-12,5.123695837530018e-06,10.00000016391279,1,0.009899382999719819
0.003,2.8421523083995775e-11,0.0,0.0,,1.0909426513700653,0.6146446700995918,0.6646446708446498,0,435,,,,,,,,,,,,,2.3841779750469777e-05,constrained,0.05,398,93e6f61b9142b0efdebdbc06deb3bdac7bd7af19669590b1a05aca3b18127557,10.000000163912809,,,,,,,,,,,,,,,,,,0,0.0,,,,,,,,,,,0,,NavFnDijkstra,93e6f61b9142b0efdebdbc06deb3bdac7bd7af19669590b1a05aca3b18127557,202,93e6f61b9142b0efdebdbc06deb3bdac7bd7af19669590b1a05aca3b18127557,0,3,central_cross_east_west,True,2.8421523083995775e-11,2.3841779750469777e-05,10.000000163912809,1,0.009338018000562442
0.0,6.683809438174594e-41,5.930662057940244e-08,3.411353892226192e-08,,1.1233918063925625,0.6646446708446498,0.9146446745699401,0,202,,,,,,,,,,,,,5.790264287871102e-21,pivot_g2_fixed,0.05,202,4577a5a699960a46b81f878a24e961d21b94d46f2b1b68251b58410254ab77b0,10.000000163912773,0,0,"[[5, 5.96046e-08], [-5, 0]]",398,0.075,5.93066e-08,0.15,0,2,0,1,[],0,0,0,none,0,0,0.0,200,0,202,0,0,{},0.000279255,fixed,0.05,,0,0,NavFnDijkstra,93e6f61b9142b0efdebdbc06deb3bdac7bd7af19669590b1a05aca3b18127557,202,93e6f61b9142b0efdebdbc06deb3bdac7bd7af19669590b1a05aca3b18127557,0,3,central_cross_east_west,True,6.683809438174594e-41,5.790264287871102e-21,10.000000163912773,1,0.007001148998824647
0.0,6.683809438174594e-41,5.930662057940244e-08,3.411353892226192e-08,,1.1233918063925625,0.6646446708446498,0.9146446745699401,0,202,,,,,,,,,,,,,5.790264287871102e-21,pivot_g2,0.05,202,4577a5a699960a46b81f878a24e961d21b94d46f2b1b68251b58410254ab77b0,10.000000163912773,0,0,"[[5, 5.96046e-08], [-5, 0]]",398,0.075,5.93066e-08,0.15,0,2,0,1,[],0,0,0,none,0,0,0.0,200,0,202,0,0,{},0.000284603,adaptive,0.05,,0,0,NavFnDijkstra,93e6f61b9142b0efdebdbc06deb3bdac7bd7af19669590b1a05aca3b18127557,202,93e6f61b9142b0efdebdbc06deb3bdac7bd7af19669590b1a05aca3b18127557,0,3,central_cross_east_west,True,6.683809438174594e-41,5.790264287871102e-21,10.000000163912773,1,0.00794971299910685
0.003,8.728463154741837e-13,3.737673058107496e-08,3.048196161519e-09,,1.0919879076173873,0.6146446700995918,0.6646446708446498,0,433,6.68381e-41,0,0,True,2.84215e-11,0,True,simple_default,simple,8.72846e-13,0,True,2.55688179700746e-06,adaptive_hybrid_fixed,0.05,398,67e12a138e6c6c8fd76aa6516bc201c8bc698c7190bf21dd5227ac7e2a55480d,10.000000163912782,,,,,,,,,,,,,,,,,,0,0.0,,,,,,,,,,,0,,NavFnDijkstra,93e6f61b9142b0efdebdbc06deb3bdac7bd7af19669590b1a05aca3b18127557,202,93e6f61b9142b0efdebdbc06deb3bdac7bd7af19669590b1a05aca3b18127557,0,3,central_cross_east_west,True,8.728463154741837e-13,2.55688179700746e-06,10.000000163912782,1,0.009393170999828726
0.003,8.728463154741837e-13,3.737673058107496e-08,3.048196161519e-09,,1.0919879076173873,0.6146446700995918,0.6646446708446498,0,433,6.68381e-41,0,0,True,2.84215e-11,0,True,simple_default,simple,8.72846e-13,0,True,2.55688179700746e-06,adaptive_hybrid,0.05,398,67e12a138e6c6c8fd76aa6516bc201c8bc698c7190bf21dd5227ac7e2a55480d,10.000000163912782,,,,,,,,,,,,,,,,,,0,0.0,,,,,,,,,,,0,,NavFnDijkstra,93e6f61b9142b0efdebdbc06deb3bdac7bd7af19669590b1a05aca3b18127557,202,93e6f61b9142b0efdebdbc06deb3bdac7bd7af19669590b1a05aca3b18127557,0,3,central_cross_east_west,True,8.728463154741837e-13,2.55688179700746e-06,10.000000163912782,1,0.0109826210027677
0.003,3.996805866498858e-12,3.469446951953614e-18,3.154042683594195e-19,,0.9808052416575644,0.6146446700995918,0.6646446708446498,0,257,,,,,,,,,,,,,8.940700713108245e-06,raw,0.05,239,0afd27a23fc46d28976f26d346c6a591f804770b1d6d3f0c33914a74e6ccb733,5.999999985098844,,,,,,,,,,,,,,,,,,0,0.0,,,,,,,,,,,0,,NavFnDijkstra,0afd27a23fc46d28976f26d346c6a591f804770b1d6d3f0c33914a74e6ccb733,121,0afd27a23fc46d28976f26d346c6a591f804770b1d6d3f0c33914a74e6ccb733,0,1,west_service_lane,True,3.996805866498858e-12,8.940700713108245e-06,5.999999985098844,1,0.008695002001331886
0.003,1.9611888452086428e-13,1.2642138891294508e-08,1.2771343065660526e-09,,1.04095706885047,0.6646446708446498,0.8596446737503763,0,239,,,,,,,,,,,,,1.3229271900172698e-06,simple,0.05,239,20ee314f3fecc447d96eddec24ffbbd550022e346c4944d00c135fbe0bead29a,5.999999985098841,,,,,,,,,,,,,,,,,,0,0.0,,,,,,,,,,,0,,NavFnDijkstra,0afd27a23fc46d28976f26d346c6a591f804770b1d6d3f0c33914a74e6ccb733,121,0afd27a23fc46d28976f26d346c6a591f804770b1d6d3f0c33914a74e6ccb733,0,1,west_service_lane,True,1.9611888452086428e-13,1.3229271900172698e-06,5.999999985098841,1,0.007175726001150906
0.0,8.734047290627852e-13,7.889066289124003e-09,7.257337628367766e-10,,1.04095706885047,0.6646446708446498,0.8596446737503763,0,239,,,,,,,,,,,,,3.416479898987858e-06,savitzky_golay,0.05,239,2bf39fa6458e4c929b17442065c64d2eaf5a9c9c30ef51d56f7965b4fbafb7c2,5.9999999850988415,,,,,,,,,,,,,,,,,,0,0.0,,,,,,,,,,,0,,NavFnDijkstra,0afd27a23fc46d28976f26d346c6a591f804770b1d6d3f0c33914a74e6ccb733,121,0afd27a23fc46d28976f26d346c6a591f804770b1d6d3f0c33914a74e6ccb733,0,1,west_service_lane,True,8.734047290627852e-13,3.416479898987858e-06,5.9999999850988415,1,0.0070758050023869146
0.0,3.996805866498858e-12,3.469446951953614e-18,3.154042683594195e-19,,1.0165535111791275,0.6146446700995918,0.6646446708446498,0,256,,,,,,,,,,,,,8.940700713108245e-06,constrained,0.05,239,0afd27a23fc46d28976f26d346c6a591f804770b1d6d3f0c33914a74e6ccb733,5.999999985098844,,,,,,,,,,,,,,,,,,0,0.0,,,,,,,,,,,0,,NavFnDijkstra,0afd27a23fc46d28976f26d346c6a591f804770b1d6d3f0c33914a74e6ccb733,121,0afd27a23fc46d28976f26d346c6a591f804770b1d6d3f0c33914a74e6ccb733,0,1,west_service_lane,True,3.996805866498858e-12,8.940700713108245e-06,5.999999985098844,1,0.007233165000798181
0.0,3.029472395276287e-25,2.2165477453484073e-08,1.2770998964286778e-08,,1.034845758109839,0.6646446708446498,0.814644673079824,0,121,,,,,,,,,,,,,3.5527136854696355e-13,pivot_g2_fixed,0.05,121,4d0575244d45c4a8c650b8dd55c9420fbaa62be814abb41dd0527e3933e3c2be,5.999999985098839,0,0,"[[-4.5, -3], [-4.5, 3]]",239,0.075,2.21655e-08,0.15,0,2,0,1,[],0,0,0,none,0,0,0.0,200,0,121,0,0,{},0.000198767,fixed,0.05,,0,0,NavFnDijkstra,0afd27a23fc46d28976f26d346c6a591f804770b1d6d3f0c33914a74e6ccb733,121,0afd27a23fc46d28976f26d346c6a591f804770b1d6d3f0c33914a74e6ccb733,0,1,west_service_lane,True,3.029472395276287e-25,3.5527136854696355e-13,5.999999985098839,1,0.005374942000344163
0.0,3.029472395276287e-25,2.2165477453484073e-08,1.2770998964286778e-08,,1.034845758109839,0.6646446708446498,0.814644673079824,0,121,,,,,,,,,,,,,3.5527136854696355e-13,pivot_g2,0.05,121,4d0575244d45c4a8c650b8dd55c9420fbaa62be814abb41dd0527e3933e3c2be,5.999999985098839,0,0,"[[-4.5, -3], [-4.5, 3]]",239,0.075,2.21655e-08,0.15,0,2,0,1,[],0,0,0,none,0,0,0.0,200,0,121,0,0,{},0.000191968,adaptive,0.05,,0,0,NavFnDijkstra,0afd27a23fc46d28976f26d346c6a591f804770b1d6d3f0c33914a74e6ccb733,121,0afd27a23fc46d28976f26d346c6a591f804770b1d6d3f0c33914a74e6ccb733,0,1,west_service_lane,True,3.029472395276287e-25,3.5527136854696355e-13,5.999999985098839,1,0.005521633000171278
0.0,1.9611888452086428e-13,1.2642138891294508e-08,1.2771343065660526e-09,,1.04095706885047,0.6646446708446498,0.8596446737503763,0,239,3.02947e-25,0,0,True,3.99681e-12,0,True,simple_default,simple,1.96119e-13,0,True,1.3229271900172698e-06,adaptive_hybrid_fixed,0.05,239,20ee314f3fecc447d96eddec24ffbbd550022e346c4944d00c135fbe0bead29a,5.999999985098841,,,,,,,,,,,,,,,,,,0,0.0,,,,,,,,,,,0,,NavFnDijkstra,0afd27a23fc46d28976f26d346c6a591f804770b1d6d3f0c33914a74e6ccb733,121,0afd27a23fc46d28976f26d346c6a591f804770b1d6d3f0c33914a74e6ccb733,0,1,west_service_lane,True,1.9611888452086428e-13,1.3229271900172698e-06,5.999999985098841,1,0.007238786998641444
0.003,1.9611888452086428e-13,1.2642138891294508e-08,1.2771343065660526e-09,,1.04095706885047,0.6646446708446498,0.8596446737503763,0,239,3.02947e-25,0,0,True,3.99681e-12,0,True,simple_default,simple,1.96119e-13,0,True,1.3229271900172698e-06,adaptive_hybrid,0.05,239,20ee314f3fecc447d96eddec24ffbbd550022e346c4944d00c135fbe0bead29a,5.999999985098841,,,,,,,,,,,,,,,,,,0,0.0,,,,,,,,,,,0,,NavFnDijkstra,0afd27a23fc46d28976f26d346c6a591f804770b1d6d3f0c33914a74e6ccb733,121,0afd27a23fc46d28976f26d346c6a591f804770b1d6d3f0c33914a74e6ccb733,0,1,west_service_lane,True,1.9611888452086428e-13,1.3229271900172698e-06,5.999999985098841,1,0.007124836000002688
0.0,3.996805866498858e-12,3.469446951953614e-18,3.154042683594195e-19,,0.9808052416575644,0.6146446700995918,0.6646446708446498,0,257,,,,,,,,,,,,,8.940700713108245e-06,raw,0.05,239,0afd27a23fc46d28976f26d346c6a591f804770b1d6d3f0c33914a74e6ccb733,5.999999985098844,,,,,,,,,,,,,,,,,,0,0.0,,,,,,,,,,,0,,NavFnDijkstra,0afd27a23fc46d28976f26d346c6a591f804770b1d6d3f0c33914a74e6ccb733,121,0afd27a23fc46d28976f26d346c6a591f804770b1d6d3f0c33914a74e6ccb733,0,2,west_service_lane,True,3.996805866498858e-12,8.940700713108245e-06,5.999999985098844,1,0.00515298000027542
0.0,1.9611888452086428e-13,1.2642138891294508e-08,1.2771343065660526e-09,,1.04095706885047,0.6646446708446498,0.8596446737503763,0,239,,,,,,,,,,,,,1.3229271900172698e-06,simple,0.05,239,20ee314f3fecc447d96eddec24ffbbd550022e346c4944d00c135fbe0bead29a,5.999999985098841,,,,,,,,,,,,,,,,,,0,0.0,,,,,,,,,,,0,,NavFnDijkstra,0afd27a23fc46d28976f26d346c6a591f804770b1d6d3f0c33914a74e6ccb733,121,0afd27a23fc46d28976f26d346c6a591f804770b1d6d3f0c33914a74e6ccb733,0,2,west_service_lane,True,1.9611888452086428e-13,1.3229271900172698e-06,5.999999985098841,1,0.005947069999820087
0.0,8.734047290627852e-13,7.889066289124003e-09,7.257337628367766e-10,,1.04095706885047,0.6646446708446498,0.8596446737503763,0,239,,,,,,,,,,,,,3.416479898987858e-06,savitzky_golay,0.05,239,2bf39fa6458e4c929b17442065c64d2eaf5a9c9c30ef51d56f7965b4fbafb7c2,5.9999999850988415,,,,,,,,,,,,,,,,,,0,0.0,,,,,,,,,,,0,,NavFnDijkstra,0afd27a23fc46d28976f26d346c6a591f804770b1d6d3f0c33914a74e6ccb733,121,0afd27a23fc46d28976f26d346c6a591f804770b1d6d3f0c33914a74e6ccb733,0,2,west_service_lane,True,8.734047290627852e-13,3.416479898987858e-06,5.9999999850988415,1,0.0066668639992713
0.0,3.996805866498858e-12,3.469446951953614e-18,3.154042683594195e-19,,1.0165535111791275,0.6146446700995918,0.6646446708446498,0,256,,,,,,,,,,,,,8.940700713108245e-06,constrained,0.05,239,0afd27a23fc46d28976f26d346c6a591f804770b1d6d3f0c33914a74e6ccb733,5.999999985098844,,,,,,,,,,,,,,,,,,0,0.0,,,,,,,,,,,0,,NavFnDijkstra,0afd27a23fc46d28976f26d346c6a591f804770b1d6d3f0c33914a74e6ccb733,121,0afd27a23fc46d28976f26d346c6a591f804770b1d6d3f0c33914a74e6ccb733,0,2,west_service_lane,True,3.996805866498858e-12,8.940700713108245e-06,5.999999985098844,1,0.007206103997305036
0.0,3.029472395276287e-25,2.2165477453484073e-08,1.2770998964286778e-08,,1.034845758109839,0.6646446708446498,0.814644673079824,0,121,,,,,,,,,,,,,3.5527136854696355e-13,pivot_g2_fixed,0.05,121,4d0575244d45c4a8c650b8dd55c9420fbaa62be814abb41dd0527e3933e3c2be,5.999999985098839,0,0,"[[-4.5, -3], [-4.5, 3]]",239,0.075,2.21655e-08,0.15,0,2,0,1,[],0,0,0,none,0,0,0.0,200,0,121,0,0,{},0.00019344,fixed,0.05,,0,0,NavFnDijkstra,0afd27a23fc46d28976f26d346c6a591f804770b1d6d3f0c33914a74e6ccb733,121,0afd27a23fc46d28976f26d346c6a591f804770b1d6d3f0c33914a74e6ccb733,0,2,west_service_lane,True,3.029472395276287e-25,3.5527136854696355e-13,5.999999985098839,1,0.0054356969994842075
0.0,3.029472395276287e-25,2.2165477453484073e-08,1.2770998964286778e-08,,1.034845758109839,0.6646446708446498,0.814644673079824,0,121,,,,,,,,,,,,,3.5527136854696355e-13,pivot_g2,0.05,121,4d0575244d45c4a8c650b8dd55c9420fbaa62be814abb41dd0527e3933e3c2be,5.999999985098839,0,0,"[[-4.5, -3], [-4.5, 3]]",239,0.075,2.21655e-08,0.15,0,2,0,1,[],0,0,0,none,0,0,0.0,200,0,121,0,0,{},0.000196236,adaptive,0.05,,0,0,NavFnDijkstra,0afd27a23fc46d28976f26d346c6a591f804770b1d6d3f0c33914a74e6ccb733,121,0afd27a23fc46d28976f26d346c6a591f804770b1d6d3f0c33914a74e6ccb733,0,2,west_service_lane,True,3.029472395276287e-25,3.5527136854696355e-13,5.999999985098839,1,0.005496295001648832
0.0,1.9611888452086428e-13,1.2642138891294508e-08,1.2771343065660526e-09,,1.04095706885047,0.6646446708446498,0.8596446737503763,0,239,3.02947e-25,0,0,True,3.99681e-12,0,True,simple_default,simple,1.96119e-13,0,True,1.3229271900172698e-06,adaptive_hybrid_fixed,0.05,239,20ee314f3fecc447d96eddec24ffbbd550022e346c4944d00c135fbe0bead29a,5.999999985098841,,,,,,,,,,,,,,,,,,0,0.0,,,,,,,,,,,0,,NavFnDijkstra,0afd27a23fc46d28976f26d346c6a591f804770b1d6d3f0c33914a74e6ccb733,121,0afd27a23fc46d28976f26d346c6a591f804770b1d6d3f0c33914a74e6ccb733,0,2,west_service_lane,True,1.9611888452086428e-13,1.3229271900172698e-06,5.999999985098841,1,0.008196423998015234
0.003,1.9611888452086428e-13,1.2642138891294508e-08,1.2771343065660526e-09,,1.04095706885047,0.6646446708446498,0.8596446737503763,0,239,3.02947e-25,0,0,True,3.99681e-12,0,True,simple_default,simple,1.96119e-13,0,True,1.3229271900172698e-06,adaptive_hybrid,0.05,239,20ee314f3fecc447d96eddec24ffbbd550022e346c4944d00c135fbe0bead29a,5.999999985098841,,,,,,,,,,,,,,,,,,0,0.0,,,,,,,,,,,0,,NavFnDijkstra,0afd27a23fc46d28976f26d346c6a591f804770b1d6d3f0c33914a74e6ccb733,121,0afd27a23fc46d28976f26d346c6a591f804770b1d6d3f0c33914a74e6ccb733,0,2,west_service_lane,True,1.9611888452086428e-13,1.3229271900172698e-06,5.999999985098841,1,0.006885590999445412
0.003,3.996805866498858e-12,3.469446951953614e-18,3.154042683594195e-19,,0.9808052416575644,0.6146446700995918,0.6646446708446498,0,257,,,,,,,,,,,,,8.940700713108245e-06,raw,0.05,239,0afd27a23fc46d28976f26d346c6a591f804770b1d6d3f0c33914a74e6ccb733,5.999999985098844,,,,,,,,,,,,,,,,,,0,0.0,,,,,,,,,,,0,,NavFnDijkstra,0afd27a23fc46d28976f26d346c6a591f804770b1d6d3f0c33914a74e6ccb733,121,0afd27a23fc46d28976f26d346c6a591f804770b1d6d3f0c33914a74e6ccb733,0,3,west_service_lane,True,3.996805866498858e-12,8.940700713108245e-06,5.999999985098844,1,0.005502749001607299
0.0,1.9611888452086428e-13,1.2642138891294508e-08,1.2771343065660526e-09,,1.04095706885047,0.6646446708446498,0.8596446737503763,0,239,,,,,,,,,,,,,1.3229271900172698e-06,simple,0.05,239,20ee314f3fecc447d96eddec24ffbbd550022e346c4944d00c135fbe0bead29a,5.999999985098841,,,,,,,,,,,,,,,,,,0,0.0,,,,,,,,,,,0,,NavFnDijkstra,0afd27a23fc46d28976f26d346c6a591f804770b1d6d3f0c33914a74e6ccb733,121,0afd27a23fc46d28976f26d346c6a591f804770b1d6d3f0c33914a74e6ccb733,0,3,west_service_lane,True,1.9611888452086428e-13,1.3229271900172698e-06,5.999999985098841,1,0.006910997002705699
0.0,8.734047290627852e-13,7.889066289124003e-09,7.257337628367766e-10,,1.04095706885047,0.6646446708446498,0.8596446737503763,0,239,,,,,,,,,,,,,3.416479898987858e-06,savitzky_golay,0.05,239,2bf39fa6458e4c929b17442065c64d2eaf5a9c9c30ef51d56f7965b4fbafb7c2,5.9999999850988415,,,,,,,,,,,,,,,,,,0,0.0,,,,,,,,,,,0,,NavFnDijkstra,0afd27a23fc46d28976f26d346c6a591f804770b1d6d3f0c33914a74e6ccb733,121,0afd27a23fc46d28976f26d346c6a591f804770b1d6d3f0c33914a74e6ccb733,0,3,west_service_lane,True,8.734047290627852e-13,3.416479898987858e-06,5.9999999850988415,1,0.007251913000800414
0.0,3.996805866498858e-12,3.469446951953614e-18,3.154042683594195e-19,,1.0165535111791275,0.6146446700995918,0.6646446708446498,0,256,,,,,,,,,,,,,8.940700713108245e-06,constrained,0.05,239,0afd27a23fc46d28976f26d346c6a591f804770b1d6d3f0c33914a74e6ccb733,5.999999985098844,,,,,,,,,,,,,,,,,,0,0.0,,,,,,,,,,,0,,NavFnDijkstra,0afd27a23fc46d28976f26d346c6a591f804770b1d6d3f0c33914a74e6ccb733,121,0afd27a23fc46d28976f26d346c6a591f804770b1d6d3f0c33914a74e6ccb733,0,3,west_service_lane,True,3.996805866498858e-12,8.940700713108245e-06,5.999999985098844,1,0.005871340999874519
0.0,3.029472395276287e-25,2.2165477453484073e-08,1.2770998964286778e-08,,1.034845758109839,0.6646446708446498,0.814644673079824,0,121,,,,,,,,,,,,,3.5527136854696355e-13,pivot_g2_fixed,0.05,121,4d0575244d45c4a8c650b8dd55c9420fbaa62be814abb41dd0527e3933e3c2be,5.999999985098839,0,0,"[[-4.5, -3], [-4.5, 3]]",239,0.075,2.21655e-08,0.15,0,2,0,1,[],0,0,0,none,0,0,0.0,200,0,121,0,0,{},0.000196896,fixed,0.05,,0,0,NavFnDijkstra,0afd27a23fc46d28976f26d346c6a591f804770b1d6d3f0c33914a74e6ccb733,121,0afd27a23fc46d28976f26d346c6a591f804770b1d6d3f0c33914a74e6ccb733,0,3,west_service_lane,True,3.029472395276287e-25,3.5527136854696355e-13,5.999999985098839,1,0.005261714999505784
0.0,3.029472395276287e-25,2.2165477453484073e-08,1.2770998964286778e-08,,1.034845758109839,0.6646446708446498,0.814644673079824,0,121,,,,,,,,,,,,,3.5527136854696355e-13,pivot_g2,0.05,121,4d0575244d45c4a8c650b8dd55c9420fbaa62be814abb41dd0527e3933e3c2be,5.999999985098839,0,0,"[[-4.5, -3], [-4.5, 3]]",239,0.075,2.21655e-08,0.15,0,2,0,1,[],0,0,0,none,0,0,0.0,200,0,121,0,0,{},0.000192977,adaptive,0.05,,0,0,NavFnDijkstra,0afd27a23fc46d28976f26d346c6a591f804770b1d6d3f0c33914a74e6ccb733,121,0afd27a23fc46d28976f26d346c6a591f804770b1d6d3f0c33914a74e6ccb733,0,3,west_service_lane,True,3.029472395276287e-25,3.5527136854696355e-13,5.999999985098839,1,0.005195044999709353
0.003,1.9611888452086428e-13,1.2642138891294508e-08,1.2771343065660526e-09,,1.04095706885047,0.6646446708446498,0.8596446737503763,0,239,3.02947e-25,0,0,True,3.99681e-12,0,True,simple_default,simple,1.96119e-13,0,True,1.3229271900172698e-06,adaptive_hybrid_fixed,0.05,239,20ee314f3fecc447d96eddec24ffbbd550022e346c4944d00c135fbe0bead29a,5.999999985098841,,,,,,,,,,,,,,,,,,0,0.0,,,,,,,,,,,0,,NavFnDijkstra,0afd27a23fc46d28976f26d346c6a591f804770b1d6d3f0c33914a74e6ccb733,121,0afd27a23fc46d28976f26d346c6a591f804770b1d6d3f0c33914a74e6ccb733,0,3,west_service_lane,True,1.9611888452086428e-13,1.3229271900172698e-06,5.999999985098841,1,0.00701231999846641
0.003,1.9611888452086428e-13,1.2642138891294508e-08,1.2771343065660526e-09,,1.04095706885047,0.6646446708446498,0.8596446737503763,0,239,3.02947e-25,0,0,True,3.99681e-12,0,True,simple_default,simple,1.96119e-13,0,True,1.3229271900172698e-06,adaptive_hybrid,0.05,239,20ee314f3fecc447d96eddec24ffbbd550022e346c4944d00c135fbe0bead29a,5.999999985098841,,,,,,,,,,,,,,,,,,0,0.0,,,,,,,,,,,0,,NavFnDijkstra,0afd27a23fc46d28976f26d346c6a591f804770b1d6d3f0c33914a74e6ccb733,121,0afd27a23fc46d28976f26d346c6a591f804770b1d6d3f0c33914a74e6ccb733,0,3,west_service_lane,True,1.9611888452086428e-13,1.3229271900172698e-06,5.999999985098841,1,0.007151959001930663
0.003,2.8421730606179396e-11,3.469446951953614e-18,3.154042683594195e-19,,0.5726437756510452,0.41464466711935954,0.4646446678644176,0,257,,,,,,,,,,,,,2.3841868568270456e-05,raw,0.05,239,f6590e20a5e287e85209c5d27d9351541b6066f3b3fcfb352c32ea57cf0774cd,5.999999985098874,,,,,,,,,,,,,,,,,,0,0.0,,,,,,,,,,,0,,NavFnDijkstra,f6590e20a5e287e85209c5d27d9351541b6066f3b3fcfb352c32ea57cf0774cd,121,f6590e20a5e287e85209c5d27d9351541b6066f3b3fcfb352c32ea57cf0774cd,0,1,picking_aisle_a,True,2.8421730606179396e-11,2.3841868568270456e-05,5.999999985098874,1,0.0059371419993112795
0.0,1.3946226491276596e-12,3.371237444760311e-08,3.405692146772215e-09,,0.6145424904282204,0.5146446686094757,0.5146446686094757,0,239,,,,,,,,,,,,,3.5278048926559854e-06,simple,0.05,239,929ea295c4c773aaf86990f37c3e5e2fa189dcbddee1f4e8648c8f34d7afe633,5.99999998509885,,,,,,,,,,,,,,,,,,0,0.0,,,,,,,,,,,0,,NavFnDijkstra,f6590e20a5e287e85209c5d27d9351541b6066f3b3fcfb352c32ea57cf0774cd,121,f6590e20a5e287e85209c5d27d9351541b6066f3b3fcfb352c32ea57cf0774cd,0,1,picking_aisle_a,True,1.3946226491276596e-12,3.5278048926559854e-06,5.99999998509885,1,0.007031115997961024
0.0,6.2108771586000145e-12,2.10375128428808e-08,1.9352902714948035e-09,,0.6145424904282204,0.5146446686094757,0.5146446686094757,0,239,,,,,,,,,,,,,9.110612619878704e-06,savitzky_golay,0.05,239,f5b2f8a168ea4c71716863d987239cd3950800511c8c3579715cc54fa1bf933d,5.999999985098859,,,,,,,,,,,,,,,,,,0,0.0,,,,,,,,,,,0,,NavFnDijkstra,f6590e20a5e287e85209c5d27d9351541b6066f3b3fcfb352c32ea57cf0774cd,121,f6590e20a5e287e85209c5d27d9351541b6066f3b3fcfb352c32ea57cf0774cd,0,1,picking_aisle_a,True,6.2108771586000145e-12,9.110612619878704e-06,5.999999985098859,1,0.007703985000262037
0.0,2.8421730606179396e-11,3.469446951953614e-18,3.154042683594195e-19,,0.602635213119489,0.41464466711935954,0.4646446678644176,0,256,,,,,,,,,,,,,2.3841868568270456e-05,constrained,0.05,239,f6590e20a5e287e85209c5d27d9351541b6066f3b3fcfb352c32ea57cf0774cd,5.999999985098874,,,,,,,,,,,,,,,,,,0,0.0,,,,,,,,,,,0,,NavFnDijkstra,f6590e20a5e287e85209c5d27d9351541b6066f3b3fcfb352c32ea57cf0774cd,121,f6590e20a5e287e85209c5d27d9351541b6066f3b3fcfb352c32ea57cf0774cd,0,1,picking_aisle_a,True,2.8421730606179396e-11,2.3841868568270456e-05,5.999999985098874,1,0.007415808999212459
0.0,1.345446115690718e-26,5.910793965391292e-08,3.40559973133154e-08,,0.6104948422331317,0.5146446686094757,0.5146446686094757,0,121,,,,,,,,,,,,,8.881784375879037e-14,pivot_g2_fixed,0.05,121,968a1c769183771f39be67209eebe8fb1eb6228484819c8d9d1e11edc00cdb77,5.999999985098839,0,0,"[[-2, -3], [-2, 3]]",239,0.075,5.91079e-08,0.15,0,2,0,1,[],0,0,0,none,0,0,0.0,200,0,121,0,0,{},0.000190845,fixed,0.05,,0,0,NavFnDijkstra,f6590e20a5e287e85209c5d27d9351541b6066f3b3fcfb352c32ea57cf0774cd,121,f6590e20a5e287e85209c5d27d9351541b6066f3b3fcfb352c32ea57cf0774cd,0,1,picking_aisle_a,True,1.345446115690718e-26,8.881784375879037e-14,5.999999985098839,1,0.005109295998408925
0.0,1.345446115690718e-26,5.910793965391292e-08,3.40559973133154e-08,,0.6104948422331317,0.5146446686094757,0.5146446686094757,0,121,,,,,,,,,,,,,8.881784375879037e-14,pivot_g2,0.05,121,968a1c769183771f39be67209eebe8fb1eb6228484819c8d9d1e11edc00cdb77,5.999999985098839,0,0,"[[-2, -3], [-2, 3]]",239,0.075,5.91079e-08,0.15,0,2,0,1,[],0,0,0,none,0,0,0.0,200,0,121,0,0,{},0.000193382,adaptive,0.05,,0,0,NavFnDijkstra,f6590e20a5e287e85209c5d27d9351541b6066f3b3fcfb352c32ea57cf0774cd,121,f6590e20a5e287e85209c5d27d9351541b6066f3b3fcfb352c32ea57cf0774cd,0,1,picking_aisle_a,True,1.345446115690718e-26,8.881784375879037e-14,5.999999985098839,1,0.005561345002206508
0.003,1.3946226491276596e-12,3.371237444760311e-08,3.405692146772215e-09,,0.6145424904282204,0.5146446686094757,0.5146446686094757,0,239,1.34545e-26,0,0,True,2.84217e-11,65,True,simple_default,simple,1.39462e-12,0,True,3.5278048926559854e-06,adaptive_hybrid_fixed,0.05,239,929ea295c4c773aaf86990f37c3e5e2fa189dcbddee1f4e8648c8f34d7afe633,5.99999998509885,,,,,,,,,,,,,,,,,,0,0.0,,,,,,,,,,,0,,NavFnDijkstra,f6590e20a5e287e85209c5d27d9351541b6066f3b3fcfb352c32ea57cf0774cd,121,f6590e20a5e287e85209c5d27d9351541b6066f3b3fcfb352c32ea57cf0774cd,0,1,picking_aisle_a,True,1.3946226491276596e-12,3.5278048926559854e-06,5.99999998509885,1,0.007072593998600496
0.003,1.3946226491276596e-12,3.371237444760311e-08,3.405692146772215e-09,,0.6145424904282204,0.5146446686094757,0.5146446686094757,0,239,1.34545e-26,0,0,True,2.84217e-11,65,True,simple_default,simple,1.39462e-12,0,True,3.5278048926559854e-06,adaptive_hybrid,0.05,239,929ea295c4c773aaf86990f37c3e5e2fa189dcbddee1f4e8648c8f34d7afe633,5.99999998509885,,,,,,,,,,,,,,,,,,0,0.0,,,,,,,,,,,0,,NavFnDijkstra,f6590e20a5e287e85209c5d27d9351541b6066f3b3fcfb352c32ea57cf0774cd,121,f6590e20a5e287e85209c5d27d9351541b6066f3b3fcfb352c32ea57cf0774cd,0,1,picking_aisle_a,True,1.3946226491276596e-12,3.5278048926559854e-06,5.99999998509885,1,0.007466266000847099
0.0,2.8421730606179396e-11,3.469446951953614e-18,3.154042683594195e-19,,0.5726437756510452,0.41464466711935954,0.4646446678644176,0,257,,,,,,,,,,,,,2.3841868568270456e-05,raw,0.05,239,f6590e20a5e287e85209c5d27d9351541b6066f3b3fcfb352c32ea57cf0774cd,5.999999985098874,,,,,,,,,,,,,,,,,,0,0.0,,,,,,,,,,,0,,NavFnDijkstra,f6590e20a5e287e85209c5d27d9351541b6066f3b3fcfb352c32ea57cf0774cd,121,f6590e20a5e287e85209c5d27d9351541b6066f3b3fcfb352c32ea57cf0774cd,0,2,picking_aisle_a,True,2.8421730606179396e-11,2.3841868568270456e-05,5.999999985098874,1,0.008433566999883624
0.0,1.3946226491276596e-12,3.371237444760311e-08,3.405692146772215e-09,,0.6145424904282204,0.5146446686094757,0.5146446686094757,0,239,,,,,,,,,,,,,3.5278048926559854e-06,simple,0.05,239,929ea295c4c773aaf86990f37c3e5e2fa189dcbddee1f4e8648c8f34d7afe633,5.99999998509885,,,,,,,,,,,,,,,,,,0,0.0,,,,,,,,,,,0,,NavFnDijkstra,f6590e20a5e287e85209c5d27d9351541b6066f3b3fcfb352c32ea57cf0774cd,121,f6590e20a5e287e85209c5d27d9351541b6066f3b3fcfb352c32ea57cf0774cd,0,2,picking_aisle_a,True,1.3946226491276596e-12,3.5278048926559854e-06,5.99999998509885,1,0.008546065997506958
0.0,6.2108771586000145e-12,2.10375128428808e-08,1.9352902714948035e-09,,0.6145424904282204,0.5146446686094757,0.5146446686094757,0,239,,,,,,,,,,,,,9.110612619878704e-06,savitzky_golay,0.05,239,f5b2f8a168ea4c71716863d987239cd3950800511c8c3579715cc54fa1bf933d,5.999999985098859,,,,,,,,,,,,,,,,,,0,0.0,,,,,,,,,,,0,,NavFnDijkstra,f6590e20a5e287e85209c5d27d9351541b6066f3b3fcfb352c32ea57cf0774cd,121,f6590e20a5e287e85209c5d27d9351541b6066f3b3fcfb352c32ea57cf0774cd,0,2,picking_aisle_a,True,6.2108771586000145e-12,9.110612619878704e-06,5.999999985098859,1,0.006611490000068443
0.0,2.8421730606179396e-11,3.469446951953614e-18,3.154042683594195e-19,,0.602635213119489,0.41464466711935954,0.4646446678644176,0,256,,,,,,,,,,,,,2.3841868568270456e-05,constrained,0.05,239,f6590e20a5e287e85209c5d27d9351541b6066f3b3fcfb352c32ea57cf0774cd,5.999999985098874,,,,,,,,,,,,,,,,,,0,0.0,,,,,,,,,,,0,,NavFnDijkstra,f6590e20a5e287e85209c5d27d9351541b6066f3b3fcfb352c32ea57cf0774cd,121,f6590e20a5e287e85209c5d27d9351541b6066f3b3fcfb352c32ea57cf0774cd,0,2,picking_aisle_a,True,2.8421730606179396e-11,2.3841868568270456e-05,5.999999985098874,1,0.006788177997805178
0.0,1.345446115690718e-26,5.910793965391292e-08,3.40559973133154e-08,,0.6104948422331317,0.5146446686094757,0.5146446686094757,0,121,,,,,,,,,,,,,8.881784375879037e-14,pivot_g2_fixed,0.05,121,968a1c769183771f39be67209eebe8fb1eb6228484819c8d9d1e11edc00cdb77,5.999999985098839,0,0,"[[-2, -3], [-2, 3]]",239,0.075,5.91079e-08,0.15,0,2,0,1,[],0,0,0,none,0,0,0.0,200,0,121,0,0,{},0.000204827,fixed,0.05,,0,0,NavFnDijkstra,f6590e20a5e287e85209c5d27d9351541b6066f3b3fcfb352c32ea57cf0774cd,121,f6590e20a5e287e85209c5d27d9351541b6066f3b3fcfb352c32ea57cf0774cd,0,2,picking_aisle_a,True,1.345446115690718e-26,8.881784375879037e-14,5.999999985098839,1,0.005733533002057811
0.0,1.345446115690718e-26,5.910793965391292e-08,3.40559973133154e-08,,0.6104948422331317,0.5146446686094757,0.5146446686094757,0,121,,,,,,,,,,,,,8.881784375879037e-14,pivot_g2,0.05,121,968a1c769183771f39be67209eebe8fb1eb6228484819c8d9d1e11edc00cdb77,5.999999985098839,0,0,"[[-2, -3], [-2, 3]]",239,0.075,5.91079e-08,0.15,0,2,0,1,[],0,0,0,none,0,0,0.0,200,0,121,0,0,{},0.00012712,adaptive,0.05,,0,0,NavFnDijkstra,f6590e20a5e287e85209c5d27d9351541b6066f3b3fcfb352c32ea57cf0774cd,121,f6590e20a5e287e85209c5d27d9351541b6066f3b3fcfb352c32ea57cf0774cd,0,2,picking_aisle_a,True,1.345446115690718e-26,8.881784375879037e-14,5.999999985098839,1,0.005785714998637559
0.003,1.3946226491276596e-12,3.371237444760311e-08,3.405692146772215e-09,,0.6145424904282204,0.5146446686094757,0.5146446686094757,0,239,1.34545e-26,0,0,True,2.84217e-11,65,True,simple_default,simple,1.39462e-12,0,True,3.5278048926559854e-06,adaptive_hybrid_fixed,0.05,239,929ea295c4c773aaf86990f37c3e5e2fa189dcbddee1f4e8648c8f34d7afe633,5.99999998509885,,,,,,,,,,,,,,,,,,0,0.0,,,,,,,,,,,0,,NavFnDijkstra,f6590e20a5e287e85209c5d27d9351541b6066f3b3fcfb352c32ea57cf0774cd,121,f6590e20a5e287e85209c5d27d9351541b6066f3b3fcfb352c32ea57cf0774cd,0,2,picking_aisle_a,True,1.3946226491276596e-12,3.5278048926559854e-06,5.99999998509885,1,0.006898990999616217
0.003,1.3946226491276596e-12,3.371237444760311e-08,3.405692146772215e-09,,0.6145424904282204,0.5146446686094757,0.5146446686094757,0,239,1.34545e-26,0,0,True,2.84217e-11,65,True,simple_default,simple,1.39462e-12,0,True,3.5278048926559854e-06,adaptive_hybrid,0.05,239,929ea295c4c773aaf86990f37c3e5e2fa189dcbddee1f4e8648c8f34d7afe633,5.99999998509885,,,,,,,,,,,,,,,,,,0,0.0,,,,,,,,,,,0,,NavFnDijkstra,f6590e20a5e287e85209c5d27d9351541b6066f3b3fcfb352c32ea57cf0774cd,121,f6590e20a5e287e85209c5d27d9351541b6066f3b3fcfb352c32ea57cf0774cd,0,2,picking_aisle_a,True,1.3946226491276596e-12,3.5278048926559854e-06,5.99999998509885,1,0.007151683999836678
0.003,2.8421730606179396e-11,3.469446951953614e-18,3.154042683594195e-19,,0.5726437756510452,0.41464466711935954,0.4646446678644176,0,257,,,,,,,,,,,,,2.3841868568270456e-05,raw,0.05,239,f6590e20a5e287e85209c5d27d9351541b6066f3b3fcfb352c32ea57cf0774cd,5.999999985098874,,,,,,,,,,,,,,,,,,0,0.0,,,,,,,,,,,0,,NavFnDijkstra,f6590e20a5e287e85209c5d27d9351541b6066f3b3fcfb352c32ea57cf0774cd,121,f6590e20a5e287e85209c5d27d9351541b6066f3b3fcfb352c32ea57cf0774cd,0,3,picking_aisle_a,True,2.8421730606179396e-11,2.3841868568270456e-05,5.999999985098874,1,0.005549347999476595
0.0,1.3946226491276596e-12,3.371237444760311e-08,3.405692146772215e-09,,0.6145424904282204,0.5146446686094757,0.5146446686094757,0,239,,,,,,,,,,,,,3.5278048926559854e-06,simple,0.05,239,929ea295c4c773aaf86990f37c3e5e2fa189dcbddee1f4e8648c8f34d7afe633,5.99999998509885,,,,,,,,,,,,,,,,,,0,0.0,,,,,,,,,,,0,,NavFnDijkstra,f6590e20a5e287e85209c5d27d9351541b6066f3b3fcfb352c32ea57cf0774cd,121,f6590e20a5e287e85209c5d27d9351541b6066f3b3fcfb352c32ea57cf0774cd,0,3,picking_aisle_a,True,1.3946226491276596e-12,3.5278048926559854e-06,5.99999998509885,1,0.006993720002355985
0.0,6.2108771586000145e-12,2.10375128428808e-08,1.9352902714948035e-09,,0.6145424904282204,0.5146446686094757,0.5146446686094757,0,239,,,,,,,,,,,,,9.110612619878704e-06,savitzky_golay,0.05,239,f5b2f8a168ea4c71716863d987239cd3950800511c8c3579715cc54fa1bf933d,5.999999985098859,,,,,,,,,,,,,,,,,,0,0.0,,,,,,,,,,,0,,NavFnDijkstra,f6590e20a5e287e85209c5d27d9351541b6066f3b3fcfb352c32ea57cf0774cd,121,f6590e20a5e287e85209c5d27d9351541b6066f3b3fcfb352c32ea57cf0774cd,0,3,picking_aisle_a,True,6.2108771586000145e-12,9.110612619878704e-06,5.999999985098859,1,0.0072874359975685365
0.0,2.8421730606179396e-11,3.469446951953614e-18,3.154042683594195e-19,,0.602635213119489,0.41464466711935954,0.4646446678644176,0,256,,,,,,,,,,,,,2.3841868568270456e-05,constrained,0.05,239,f6590e20a5e287e85209c5d27d9351541b6066f3b3fcfb352c32ea57cf0774cd,5.999999985098874,,,,,,,,,,,,,,,,,,0,0.0,,,,,,,,,,,0,,NavFnDijkstra,f6590e20a5e287e85209c5d27d9351541b6066f3b3fcfb352c32ea57cf0774cd,121,f6590e20a5e287e85209c5d27d9351541b6066f3b3fcfb352c32ea57cf0774cd,0,3,picking_aisle_a,True,2.8421730606179396e-11,2.3841868568270456e-05,5.999999985098874,1,0.00674798600084614
0.0,1.345446115690718e-26,5.910793965391292e-08,3.40559973133154e-08,,0.6104948422331317,0.5146446686094757,0.5146446686094757,0,121,,,,,,,,,,,,,8.881784375879037e-14,pivot_g2_fixed,0.05,121,968a1c769183771f39be67209eebe8fb1eb6228484819c8d9d1e11edc00cdb77,5.999999985098839,0,0,"[[-2, -3], [-2, 3]]",239,0.075,5.91079e-08,0.15,0,2,0,1,[],0,0,0,none,0,0,0.0,200,0,121,0,0,{},0.000186612,fixed,0.05,,0,0,NavFnDijkstra,f6590e20a5e287e85209c5d27d9351541b6066f3b3fcfb352c32ea57cf0774cd,121,f6590e20a5e287e85209c5d27d9351541b6066f3b3fcfb352c32ea57cf0774cd,0,3,picking_aisle_a,True,1.345446115690718e-26,8.881784375879037e-14,5.999999985098839,1,0.005845087998750387
0.0,1.345446115690718e-26,5.910793965391292e-08,3.40559973133154e-08,,0.6104948422331317,0.5146446686094757,0.5146446686094757,0,121,,,,,,,,,,,,,8.881784375879037e-14,pivot_g2,0.05,121,968a1c769183771f39be67209eebe8fb1eb6228484819c8d9d1e11edc00cdb77,5.999999985098839,0,0,"[[-2, -3], [-2, 3]]",239,0.075,5.91079e-08,0.15,0,2,0,1,[],0,0,0,none,0,0,0.0,200,0,121,0,0,{},0.000186453,adaptive,0.05,,0,0,NavFnDijkstra,f6590e20a5e287e85209c5d27d9351541b6066f3b3fcfb352c32ea57cf0774cd,121,f6590e20a5e287e85209c5d27d9351541b6066f3b3fcfb352c32ea57cf0774cd,0,3,picking_aisle_a,True,1.345446115690718e-26,8.881784375879037e-14,5.999999985098839,1,0.005716641000617528
0.003,1.3946226491276596e-12,3.371237444760311e-08,3.405692146772215e-09,,0.6145424904282204,0.5146446686094757,0.5146446686094757,0,239,1.34545e-26,0,0,True,2.84217e-11,65,True,simple_default,simple,1.39462e-12,0,True,3.5278048926559854e-06,adaptive_hybrid_fixed,0.05,239,929ea295c4c773aaf86990f37c3e5e2fa189dcbddee1f4e8648c8f34d7afe633,5.99999998509885,,,,,,,,,,,,,,,,,,0,0.0,,,,,,,,,,,0,,NavFnDijkstra,f6590e20a5e287e85209c5d27d9351541b6066f3b3fcfb352c32ea57cf0774cd,121,f6590e20a5e287e85209c5d27d9351541b6066f3b3fcfb352c32ea57cf0774cd,0,3,picking_aisle_a,True,1.3946226491276596e-12,3.5278048926559854e-06,5.99999998509885,1,0.006885053000587504
0.003,1.3946226491276596e-12,3.371237444760311e-08,3.405692146772215e-09,,0.6145424904282204,0.5146446686094757,0.5146446686094757,0,239,1.34545e-26,0,0,True,2.84217e-11,65,True,simple_default,simple,1.39462e-12,0,True,3.5278048926559854e-06,adaptive_hybrid,0.05,239,929ea295c4c773aaf86990f37c3e5e2fa189dcbddee1f4e8648c8f34d7afe633,5.99999998509885,,,,,,,,,,,,,,,,,,0,0.0,,,,,,,,,,,0,,NavFnDijkstra,f6590e20a5e287e85209c5d27d9351541b6066f3b3fcfb352c32ea57cf0774cd,121,f6590e20a5e287e85209c5d27d9351541b6066f3b3fcfb352c32ea57cf0774cd,0,3,picking_aisle_a,True,1.3946226491276596e-12,3.5278048926559854e-06,5.99999998509885,1,0.006793828997615492
0.0,6.394857940360782e-11,3.469446951953614e-18,3.141089681500624e-19,,0.5726437756510452,0.41464466711935954,0.4646446678644176,0,257,,,,,,,,,,,,,3.576271225821831e-05,raw,0.05,239,0a7a1e40c42a8fb20fb35c8bff12ce07727c5b7b7a145ba014118795516035d7,6.000000104308208,,,,,,,,,,,,,,,,,,0,0.0,,,,,,,,,,,0,,NavFnDijkstra,0a7a1e40c42a8fb20fb35c8bff12ce07727c5b7b7a145ba014118795516035d7,122,0a7a1e40c42a8fb20fb35c8bff12ce07727c5b7b7a145ba014118795516035d7,0,1,picking_aisle_b,True,6.394857940360782e-11,3.576271225821831e-05,6.000000104308208,1,0.005591363998973975
0.0,3.2088051491929528e-12,5.0568515022376495e-08,5.087554315227519e-09,,0.6145424904282204,0.5146446686094757,0.5146446686094757,0,239,,,,,,,,,,,,,5.291696987056291e-06,simple,0.05,239,d3703b2bc19719001cf3459781e38a5cc99c23b099281ee5f228b40fba742faf,6.000000104308153,,,,,,,,,,,,,,,,,,0,0.0,,,,,,,,,,,0,,NavFnDijkstra,0a7a1e40c42a8fb20fb35c8bff12ce07727c5b7b7a145ba014118795516035d7,122,0a7a1e40c42a8fb20fb35c8bff12ce07727c5b7b7a145ba014118795516035d7,0,1,picking_aisle_b,True,3.2088051491929528e-12,5.291696987056291e-06,6.000000104308153,1,0.0083569290000014
0.0,1.4514369088663833e-11,3.1556231657197246e-08,2.8910102712883058e-09,,0.6145424904282204,0.5146446686094757,0.5146446686094757,0,239,,,,,,,,,,,,,1.3665903545075633e-05,savitzky_golay,0.05,239,872a0125eb0a1901bbd820b843e3a30101fc325dfb8f1ca842405eaed71cbed1,6.000000104308174,,,,,,,,,,,,,,,,,,0,0.0,,,,,,,,,,,0,,NavFnDijkstra,0a7a1e40c42a8fb20fb35c8bff12ce07727c5b7b7a145ba014118795516035d7,122,0a7a1e40c42a8fb20fb35c8bff12ce07727c5b7b7a145ba014118795516035d7,0,1,picking_aisle_b,True,1.4514369088663833e-11,1.3665903545075633e-05,6.000000104308174,1,0.0073807789995044
0.0,6.394857940360782e-11,3.469446951953614e-18,3.141089681500624e-19,,0.602292837459917,0.41464466711935954,0.4646446678644176,0,257,,,,,,,,,,,,,3.576271225821831e-05,constrained,0.05,239,0a7a1e40c42a8fb20fb35c8bff12ce07727c5b7b7a145ba014118795516035d7,6.000000104308208,,,,,,,,,,,,,,,,,,0,0.0,,,,,,,,,,,0,,NavFnDijkstra,0a7a1e40c42a8fb20fb35c8bff12ce07727c5b7b7a145ba014118795516035d7,122,0a7a1e40c42a8fb20fb35c8bff12ce07727c5b7b7a145ba014118795516035d7,0,1,picking_aisle_b,True,6.394857940360782e-11,3.576271225821831e-05,6.000000104308208,1,0.007462711000698619
0.0,6.141357426564456e-35,8.866190756203373e-08,5.087420353869225e-08,,0.6152816227588004,0.5146446686094757,0.5146446686094757,0,122,,,,,,,,,,,,,4.9563417735197214e-17,pivot_g2_fixed,0.05,122,e9ba5413a8c682ed6b2f14640c88c0e2841c154dd311a40a861ebe88c099ac6d,6.000000104308129,0,0,"[[8.9407e-08, 3], [0, -3]]",239,0.075,8.86619e-08,0.15,0,2,0,1,[],0,0,0,none,0,0,0.0,200,0,122,0,0,{},0.000117674,fixed,0.05,,0,0,NavFnDijkstra,0a7a1e40c42a8fb20fb35c8bff12ce07727c5b7b7a145ba014118795516035d7,122,0a7a1e40c42a8fb20fb35c8bff12ce07727c5b7b7a145ba014118795516035d7,0,1,picking_aisle_b,True,6.141357426564456e-35,4.9563417735197214e-17,6.000000104308129,1,0.006519298000057461
0.0,6.141357426564456e-35,8.866190756203373e-08,5.087420353869225e-08,,0.6152816227588004,0.5146446686094757,0.5146446686094757,0,122,,,,,,,,,,,,,4.9563417735197214e-17,pivot_g2,0.05,122,e9ba5413a8c682ed6b2f14640c88c0e2841c154dd311a40a861ebe88c099ac6d,6.000000104308129,0,0,"[[8.9407e-08, 3], [0, -3]]",239,0.075,8.86619e-08,0.15,0,2,0,1,[],0,0,0,none,0,0,0.0,200,0,122,0,0,{},0.000113711,adaptive,0.05,,0,0,NavFnDijkstra,0a7a1e40c42a8fb20fb35c8bff12ce07727c5b7b7a145ba014118795516035d7,122,0a7a1e40c42a8fb20fb35c8bff12ce07727c5b7b7a145ba014118795516035d7,0,1,picking_aisle_b,True,6.141357426564456e-35,4.9563417735197214e-17,6.000000104308129,1,0.005538705001526978
0.003,3.2088051491929528e-12,5.0568515022376495e-08,5.087554315227519e-09,,0.6145424904282204,0.5146446686094757,0.5146446686094757,0,239,6.14136e-35,0,0,True,6.39486e-11,65,True,simple_default,simple,3.20881e-12,0,True,5.291696987056291e-06,adaptive_hybrid_fixed,0.05,239,d3703b2bc19719001cf3459781e38a5cc99c23b099281ee5f228b40fba742faf,6.000000104308153,,,,,,,,,,,,,,,,,,0,0.0,,,,,,,,,,,0,,NavFnDijkstra,0a7a1e40c42a8fb20fb35c8bff12ce07727c5b7b7a145ba014118795516035d7,122,0a7a1e40c42a8fb20fb35c8bff12ce07727c5b7b7a145ba014118795516035d7,0,1,picking_aisle_b,True,3.2088051491929528e-12,5.291696987056291e-06,6.000000104308153,1,0.007386555997072719
0.0,3.2088051491929528e-12,5.0568515022376495e-08,5.087554315227519e-09,,0.6145424904282204,0.5146446686094757,0.5146446686094757,0,239,6.14136e-35,0,0,True,6.39486e-11,65,True,simple_default,simple,3.20881e-12,0,True,5.291696987056291e-06,adaptive_hybrid,0.05,239,d3703b2bc19719001cf3459781e38a5cc99c23b099281ee5f228b40fba742faf,6.000000104308153,,,,,,,,,,,,,,,,,,0,0.0,,,,,,,,,,,0,,NavFnDijkstra,0a7a1e40c42a8fb20fb35c8bff12ce07727c5b7b7a145ba014118795516035d7,122,0a7a1e40c42a8fb20fb35c8bff12ce07727c5b7b7a145ba014118795516035d7,0,1,picking_aisle_b,True,3.2088051491929528e-12,5.291696987056291e-06,6.000000104308153,1,0.00724174299830338
0.0,6.394857940360782e-11,3.469446951953614e-18,3.141089681500624e-19,,0.5726437756510452,0.41464466711935954,0.4646446678644176,0,257,,,,,,,,,,,,,3.576271225821831e-05,raw,0.05,239,0a7a1e40c42a8fb20fb35c8bff12ce07727c5b7b7a145ba014118795516035d7,6.000000104308208,,,,,,,,,,,,,,,,,,0,0.0,,,,,,,,,,,0,,NavFnDijkstra,0a7a1e40c42a8fb20fb35c8bff12ce07727c5b7b7a145ba014118795516035d7,122,0a7a1e40c42a8fb20fb35c8bff12ce07727c5b7b7a145ba014118795516035d7,0,2,picking_aisle_b,True,6.394857940360782e-11,3.576271225821831e-05,6.000000104308208,1,0.004716630999610061
0.0,3.2088051491929528e-12,5.0568515022376495e-08,5.087554315227519e-09,,0.6145424904282204,0.5146446686094757,0.5146446686094757,0,239,,,,,,,,,,,,,5.291696987056291e-06,simple,0.05,239,d3703b2bc19719001cf3459781e38a5cc99c23b099281ee5f228b40fba742faf,6.000000104308153,,,,,,,,,,,,,,,,,,0,0.0,,,,,,,,,,,0,,NavFnDijkstra,0a7a1e40c42a8fb20fb35c8bff12ce07727c5b7b7a145ba014118795516035d7,122,0a7a1e40c42a8fb20fb35c8bff12ce07727c5b7b7a145ba014118795516035d7,0,2,picking_aisle_b,True,3.2088051491929528e-12,5.291696987056291e-06,6.000000104308153,1,0.007643599998118589
0.0,1.4514369088663833e-11,3.1556231657197246e-08,2.8910102712883058e-09,,0.6145424904282204,0.5146446686094757,0.5146446686094757,0,239,,,,,,,,,,,,,1.3665903545075633e-05,savitzky_golay,0.05,239,872a0125eb0a1901bbd820b843e3a30101fc325dfb8f1ca842405eaed71cbed1,6.000000104308174,,,,,,,,,,,,,,,,,,0,0.0,,,,,,,,,,,0,,NavFnDijkstra,0a7a1e40c42a8fb20fb35c8bff12ce07727c5b7b7a145ba014118795516035d7,122,0a7a1e40c42a8fb20fb35c8bff12ce07727c5b7b7a145ba014118795516035d7,0,2,picking_aisle_b,True,1.4514369088663833e-11,1.3665903545075633e-05,6.000000104308174,1,0.00714764799704426
0.0,6.394857940360782e-11,3.469446951953614e-18,3.141089681500624e-19,,0.602292837459917,0.41464466711935954,0.4646446678644176,0,257,,,,,,,,,,,,,3.576271225821831e-05,constrained,0.05,239,0a7a1e40c42a8fb20fb35c8bff12ce07727c5b7b7a145ba014118795516035d7,6.000000104308208,,,,,,,,,,,,,,,,,,0,0.0,,,,,,,,,,,0,,NavFnDijkstra,0a7a1e40c42a8fb20fb35c8bff12ce07727c5b7b7a145ba014118795516035d7,122,0a7a1e40c42a8fb20fb35c8bff12ce07727c5b7b7a145ba014118795516035d7,0,2,picking_aisle_b,True,6.394857940360782e-11,3.576271225821831e-05,6.000000104308208,1,0.007186448998254491
0.0,6.141357426564456e-35,8.866190756203373e-08,5.087420353869225e-08,,0.6152816227588004,0.5146446686094757,0.5146446686094757,0,122,,,,,,,,,,,,,4.9563417735197214e-17,pivot_g2_fixed,0.05,122,e9ba5413a8c682ed6b2f14640c88c0e2841c154dd311a40a861ebe88c099ac6d,6.000000104308129,0,0,"[[8.9407e-08, 3], [0, -3]]",239,0.075,8.86619e-08,0.15,0,2,0,1,[],0,0,0,none,0,0,0.0,200,0,122,0,0,{},0.000189611,fixed,0.05,,0,0,NavFnDijkstra,0a7a1e40c42a8fb20fb35c8bff12ce07727c5b7b7a145ba014118795516035d7,122,0a7a1e40c42a8fb20fb35c8bff12ce07727c5b7b7a145ba014118795516035d7,0,2,picking_aisle_b,True,6.141357426564456e-35,4.9563417735197214e-17,6.000000104308129,1,0.005913483000767883
0.0,6.141357426564456e-35,8.866190756203373e-08,5.087420353869225e-08,,0.6152816227588004,0.5146446686094757,0.5146446686094757,0,122,,,,,,,,,,,,,4.9563417735197214e-17,pivot_g2,0.05,122,e9ba5413a8c682ed6b2f14640c88c0e2841c154dd311a40a861ebe88c099ac6d,6.000000104308129,0,0,"[[8.9407e-08, 3], [0, -3]]",239,0.075,8.86619e-08,0.15,0,2,0,1,[],0,0,0,none,0,0,0.0,200,0,122,0,0,{},0.000188439,adaptive,0.05,,0,0,NavFnDijkstra,0a7a1e40c42a8fb20fb35c8bff12ce07727c5b7b7a145ba014118795516035d7,122,0a7a1e40c42a8fb20fb35c8bff12ce07727c5b7b7a145ba014118795516035d7,0,2,picking_aisle_b,True,6.141357426564456e-35,4.9563417735197214e-17,6.000000104308129,1,0.0058200089988531545
0.003,3.2088051491929528e-12,5.0568515022376495e-08,5.087554315227519e-09,,0.6145424904282204,0.5146446686094757,0.5146446686094757,0,239,6.14136e-35,0,0,True,6.39486e-11,65,True,simple_default,simple,3.20881e-12,0,True,5.291696987056291e-06,adaptive_hybrid_fixed,0.05,239,d3703b2bc19719001cf3459781e38a5cc99c23b099281ee5f228b40fba742faf,6.000000104308153,,,,,,,,,,,,,,,,,,0,0.0,,,,,,,,,,,0,,NavFnDijkstra,0a7a1e40c42a8fb20fb35c8bff12ce07727c5b7b7a145ba014118795516035d7,122,0a7a1e40c42a8fb20fb35c8bff12ce07727c5b7b7a145ba014118795516035d7,0,2,picking_aisle_b,True,3.2088051491929528e-12,5.291696987056291e-06,6.000000104308153,1,0.006896320999658201
0.003,3.2088051491929528e-12,5.0568515022376495e-08,5.087554315227519e-09,,0.6145424904282204,0.5146446686094757,0.5146446686094757,0,239,6.14136e-35,0,0,True,6.39486e-11,65,True,simple_default,simple,3.20881e-12,0,True,5.291696987056291e-06,adaptive_hybrid,0.05,239,d3703b2bc19719001cf3459781e38a5cc99c23b099281ee5f228b40fba742faf,6.000000104308153,,,,,,,,,,,,,,,,,,0,0.0,,,,,,,,,,,0,,NavFnDijkstra,0a7a1e40c42a8fb20fb35c8bff12ce07727c5b7b7a145ba014118795516035d7,122,0a7a1e40c42a8fb20fb35c8bff12ce07727c5b7b7a145ba014118795516035d7,0,2,picking_aisle_b,True,3.2088051491929528e-12,5.291696987056291e-06,6.000000104308153,1,0.007033035999484127
0.0,6.394857940360782e-11,3.469446951953614e-18,3.141089681500624e-19,,0.5726437756510452,0.41464466711935954,0.4646446678644176,0,257,,,,,,,,,,,,,3.576271225821831e-05,raw,0.05,239,0a7a1e40c42a8fb20fb35c8bff12ce07727c5b7b7a145ba014118795516035d7,6.000000104308208,,,,,,,,,,,,,,,,,,0,0.0,,,,,,,,,,,0,,NavFnDijkstra,0a7a1e40c42a8fb20fb35c8bff12ce07727c5b7b7a145ba014118795516035d7,122,0a7a1e40c42a8fb20fb35c8bff12ce07727c5b7b7a145ba014118795516035d7,0,3,picking_aisle_b,True,6.394857940360782e-11,3.576271225821831e-05,6.000000104308208,1,0.00552954500017222
0.003,3.2088051491929528e-12,5.0568515022376495e-08,5.087554315227519e-09,,0.6145424904282204,0.5146446686094757,0.5146446686094757,0,239,,,,,,,,,,,,,5.291696987056291e-06,simple,0.05,239,d3703b2bc19719001cf3459781e38a5cc99c23b099281ee5f228b40fba742faf,6.000000104308153,,,,,,,,,,,,,,,,,,0,0.0,,,,,,,,,,,0,,NavFnDijkstra,0a7a1e40c42a8fb20fb35c8bff12ce07727c5b7b7a145ba014118795516035d7,122,0a7a1e40c42a8fb20fb35c8bff12ce07727c5b7b7a145ba014118795516035d7,0,3,picking_aisle_b,True,3.2088051491929528e-12,5.291696987056291e-06,6.000000104308153,1,0.006492053998954361
0.0,1.4514369088663833e-11,3.1556231657197246e-08,2.8910102712883058e-09,,0.6145424904282204,0.5146446686094757,0.5146446686094757,0,239,,,,,,,,,,,,,1.3665903545075633e-05,savitzky_golay,0.05,239,872a0125eb0a1901bbd820b843e3a30101fc325dfb8f1ca842405eaed71cbed1,6.000000104308174,,,,,,,,,,,,,,,,,,0,0.0,,,,,,,,,,,0,,NavFnDijkstra,0a7a1e40c42a8fb20fb35c8bff12ce07727c5b7b7a145ba014118795516035d7,122,0a7a1e40c42a8fb20fb35c8bff12ce07727c5b7b7a145ba014118795516035d7,0,3,picking_aisle_b,True,1.4514369088663833e-11,1.3665903545075633e-05,6.000000104308174,1,0.007853482999053085
0.003,6.394857940360782e-11,3.469446951953614e-18,3.141089681500624e-19,,0.602292837459917,0.41464466711935954,0.4646446678644176,0,257,,,,,,,,,,,,,3.576271225821831e-05,constrained,0.05,239,0a7a1e40c42a8fb20fb35c8bff12ce07727c5b7b7a145ba014118795516035d7,6.000000104308208,,,,,,,,,,,,,,,,,,0,0.0,,,,,,,,,,,0,,NavFnDijkstra,0a7a1e40c42a8fb20fb35c8bff12ce07727c5b7b7a145ba014118795516035d7,122,0a7a1e40c42a8fb20fb35c8bff12ce07727c5b7b7a145ba014118795516035d7,0,3,picking_aisle_b,True,6.394857940360782e-11,3.576271225821831e-05,6.000000104308208,1,0.007015846997092012
0.0,6.141357426564456e-35,8.866190756203373e-08,5.087420353869225e-08,,0.6152816227588004,0.5146446686094757,0.5146446686094757,0,122,,,,,,,,,,,,,4.9563417735197214e-17,pivot_g2_fixed,0.05,122,e9ba5413a8c682ed6b2f14640c88c0e2841c154dd311a40a861ebe88c099ac6d,6.000000104308129,0,0,"[[8.9407e-08, 3], [0, -3]]",239,0.075,8.86619e-08,0.15,0,2,0,1,[],0,0,0,none,0,0,0.0,200,0,122,0,0,{},0.000179923,fixed,0.05,,0,0,NavFnDijkstra,0a7a1e40c42a8fb20fb35c8bff12ce07727c5b7b7a145ba014118795516035d7,122,0a7a1e40c42a8fb20fb35c8bff12ce07727c5b7b7a145ba014118795516035d7,0,3,picking_aisle_b,True,6.141357426564456e-35,4.9563417735197214e-17,6.000000104308129,1,0.008659387000079732
0.003,6.141357426564456e-35,8.866190756203373e-08,5.087420353869225e-08,,0.6152816227588004,0.5146446686094757,0.5146446686094757,0,122,,,,,,,,,,,,,4.9563417735197214e-17,pivot_g2,0.05,122,e9ba5413a8c682ed6b2f14640c88c0e2841c154dd311a40a861ebe88c099ac6d,6.000000104308129,0,0,"[[8.9407e-08, 3], [0, -3]]",239,0.075,8.86619e-08,0.15,0,2,0,1,[],0,0,0,none,0,0,0.0,200,0,122,0,0,{},0.00013395,adaptive,0.05,,0,0,NavFnDijkstra,0a7a1e40c42a8fb20fb35c8bff12ce07727c5b7b7a145ba014118795516035d7,122,0a7a1e40c42a8fb20fb35c8bff12ce07727c5b7b7a145ba014118795516035d7,0,3,picking_aisle_b,True,6.141357426564456e-35,4.9563417735197214e-17,6.000000104308129,1,0.005736199000239139
0.003,3.2088051491929528e-12,5.0568515022376495e-08,5.087554315227519e-09,,0.6145424904282204,0.5146446686094757,0.5146446686094757,0,239,6.14136e-35,0,0,True,6.39486e-11,65,True,simple_default,simple,3.20881e-12,0,True,5.291696987056291e-06,adaptive_hybrid_fixed,0.05,239,d3703b2bc19719001cf3459781e38a5cc99c23b099281ee5f228b40fba742faf,6.000000104308153,,,,,,,,,,,,,,,,,,0,0.0,,,,,,,,,,,0,,NavFnDijkstra,0a7a1e40c42a8fb20fb35c8bff12ce07727c5b7b7a145ba014118795516035d7,122,0a7a1e40c42a8fb20fb35c8bff12ce07727c5b7b7a145ba014118795516035d7,0,3,picking_aisle_b,True,3.2088051491929528e-12,5.291696987056291e-06,6.000000104308153,1,0.007172812998760492
0.0,3.2088051491929528e-12,5.0568515022376495e-08,5.087554315227519e-09,,0.6145424904282204,0.5146446686094757,0.5146446686094757,0,239,6.14136e-35,0,0,True,6.39486e-11,65,True,simple_default,simple,3.20881e-12,0,True,5.291696987056291e-06,adaptive_hybrid,0.05,239,d3703b2bc19719001cf3459781e38a5cc99c23b099281ee5f228b40fba742faf,6.000000104308153,,,,,,,,,,,,,,,,,,0,0.0,,,,,,,,,,,0,,NavFnDijkstra,0a7a1e40c42a8fb20fb35c8bff12ce07727c5b7b7a145ba014118795516035d7,122,0a7a1e40c42a8fb20fb35c8bff12ce07727c5b7b7a145ba014118795516035d7,0,3,picking_aisle_b,True,3.2088051491929528e-12,5.291696987056291e-06,6.000000104308153,1,0.006900624000991229
0.0,1.1368692242423291e-10,3.469446951953614e-18,3.154042683594195e-19,,0.5726437756510452,0.41464466711935954,0.4646446678644176,0,257,,,,,,,,,,,,,4.768373713641386e-05,raw,0.05,239,d081bd86da8062312e5db8fae0d8a617f7314b2486521c50aaed5b8f437bba5d,5.999999985098981,,,,,,,,,,,,,,,,,,0,0.0,,,,,,,,,,,0,,NavFnDijkstra,d081bd86da8062312e5db8fae0d8a617f7314b2486521c50aaed5b8f437bba5d,121,d081bd86da8062312e5db8fae0d8a617f7314b2486521c50aaed5b8f437bba5d,0,1,picking_aisle_c,True,1.1368692242423291e-10,4.768373713641386e-05,5.999999985098981,1,0.005626624999422347
0.0,5.57849059650305e-12,6.742474889520622e-08,6.81138429354443e-09,,0.6145424904282204,0.5146446686094757,0.5146446686094757,0,239,,,,,,,,,,,,,7.055609785312662e-06,simple,0.05,239,32c7b7a52cabb8e1bcfd21dbf4e3a40e9391797edd6611d9b84f880d9e648555,5.999999985098883,,,,,,,,,,,,,,,,,,0,0.0,,,,,,,,,,,0,,NavFnDijkstra,d081bd86da8062312e5db8fae0d8a617f7314b2486521c50aaed5b8f437bba5d,121,d081bd86da8062312e5db8fae0d8a617f7314b2486521c50aaed5b8f437bba5d,0,1,picking_aisle_c,True,5.57849059650305e-12,7.055609785312662e-06,5.999999985098883,1,0.0074015930003952235
0.0,2.484350868684421e-11,4.207502701802923e-08,3.870580624571519e-09,,0.5921102867671103,0.41464466711935954,0.41464466711935954,0,274,,,,,,,,,,,,,1.822122577266642e-05,savitzky_golay,0.05,239,63943290a37c0a8d4c079da06bf3cf169b0115d19ca05324ec29bea1b4daaef0,5.99999998509892,,,,,,,,,,,,,,,,,,0,0.0,,,,,,,,,,,0,,NavFnDijkstra,d081bd86da8062312e5db8fae0d8a617f7314b2486521c50aaed5b8f437bba5d,121,d081bd86da8062312e5db8fae0d8a617f7314b2486521c50aaed5b8f437bba5d,0,1,picking_aisle_c,True,2.484350868684421e-11,1.822122577266642e-05,5.99999998509892,1,0.007417497999995248
0.003,1.1368692242423291e-10,3.469446951953614e-18,3.154042683594195e-19,,0.602635213119489,0.41464466711935954,0.4646446678644176,0,256,,,,,,,,,,,,,4.768373713641386e-05,constrained,0.05,239,d081bd86da8062312e5db8fae0d8a617f7314b2486521c50aaed5b8f437bba5d,5.999999985098981,,,,,,,,,,,,,,,,,,0,0.0,,,,,,,,,,,0,,NavFnDijkstra,d081bd86da8062312e5db8fae0d8a617f7314b2486521c50aaed5b8f437bba5d,121,d081bd86da8062312e5db8fae0d8a617f7314b2486521c50aaed5b8f437bba5d,0,1,picking_aisle_c,True,1.1368692242423291e-10,4.768373713641386e-05,5.999999985098981,1,0.007522525000240421
0.0,5.381784460742501e-26,1.1821587930782584e-07,6.81119946266308e-08,,0.6104948422331317,0.5146446686094757,0.5146446686094757,0,121,,,,,,,,,,,,,1.7763568741418306e-13,pivot_g2_fixed,0.05,121,ead256052d1a4fe3dd0041bc70a179a65f23d827b3369ec33dd4f78e5d9d6d3c,5.99999998509884,0,0,"[[2, -3], [2, 3]]",239,0.075,1.18216e-07,0.15,0,2,0,1,[],0,0,0,none,0,0,0.0,200,0,121,0,0,{},0.000198118,fixed,0.05,,0,0,NavFnDijkstra,d081bd86da8062312e5db8fae0d8a617f7314b2486521c50aaed5b8f437bba5d,121,d081bd86da8062312e5db8fae0d8a617f7314b2486521c50aaed5b8f437bba5d,0,1,picking_aisle_c,True,5.381784460742501e-26,1.7763568741418306e-13,5.99999998509884,1,0.006130180998297874
0.0,5.381784460742501e-26,1.1821587930782584e-07,6.81119946266308e-08,,0.6104948422331317,0.5146446686094757,0.5146446686094757,0,121,,,,,,,,,,,,,1.7763568741418306e-13,pivot_g2,0.05,121,ead256052d1a4fe3dd0041bc70a179a65f23d827b3369ec33dd4f78e5d9d6d3c,5.99999998509884,0,0,"[[2, -3], [2, 3]]",239,0.075,1.18216e-07,0.15,0,2,0,1,[],0,0,0,none,0,0,0.0,200,0,121,0,0,{},0.000199942,adaptive,0.05,,0,0,NavFnDijkstra,d081bd86da8062312e5db8fae0d8a617f7314b2486521c50aaed5b8f437bba5d,121,d081bd86da8062312e5db8fae0d8a617f7314b2486521c50aaed5b8f437bba5d,0,1,picking_aisle_c,True,5.381784460742501e-26,1.7763568741418306e-13,5.99999998509884,1,0.005869749998964835
0.003,5.57849059650305e-12,6.742474889520622e-08,6.81138429354443e-09,,0.6145424904282204,0.5146446686094757,0.5146446686094757,0,239,5.38178e-26,0,0,True,1.13687e-10,65,True,simple_default,simple,5.57849e-12,0,True,7.055609785312662e-06,adaptive_hybrid_fixed,0.05,239,32c7b7a52cabb8e1bcfd21dbf4e3a40e9391797edd6611d9b84f880d9e648555,5.999999985098883,,,,,,,,,,,,,,,,,,0,0.0,,,,,,,,,,,0,,NavFnDijkstra,d081bd86da8062312e5db8fae0d8a617f7314b2486521c50aaed5b8f437bba5d,121,d081bd86da8062312e5db8fae0d8a617f7314b2486521c50aaed5b8f437bba5d,0,1,picking_aisle_c,True,5.57849059650305e-12,7.055609785312662e-06,5.999999985098883,1,0.007062674001645064
0.0,5.57849059650305e-12,6.742474889520622e-08,6.81138429354443e-09,,0.6145424904282204,0.5146446686094757,0.5146446686094757,0,239,5.38178e-26,0,0,True,1.13687e-10,65,True,simple_default,simple,5.57849e-12,0,True,7.055609785312662e-06,adaptive_hybrid,0.05,239,32c7b7a52cabb8e1bcfd21dbf4e3a40e9391797edd6611d9b84f880d9e648555,5.999999985098883,,,,,,,,,,,,,,,,,,0,0.0,,,,,,,,,,,0,,NavFnDijkstra,d081bd86da8062312e5db8fae0d8a617f7314b2486521c50aaed5b8f437bba5d,121,d081bd86da8062312e5db8fae0d8a617f7314b2486521c50aaed5b8f437bba5d,0,1,picking_aisle_c,True,5.57849059650305e-12,7.055609785312662e-06,5.999999985098883,1,0.007372683001449332
0.0,1.1368692242423291e-10,3.469446951953614e-18,3.154042683594195e-19,,0.5726437756510452,0.41464466711935954,0.4646446678644176,0,257,,,,,,,,,,,,,4.768373713641386e-05,raw,0.05,239,d081bd86da8062312e5db8fae0d8a617f7314b2486521c50aaed5b8f437bba5d,5.999999985098981,,,,,,,,,,,,,,,,,,0,0.0,,,,,,,,,,,0,,NavFnDijkstra,d081bd86da8062312e5db8fae0d8a617f7314b2486521c50aaed5b8f437bba5d,121,d081bd86da8062312e5db8fae0d8a617f7314b2486521c50aaed5b8f437bba5d,0,2,picking_aisle_c,True,1.1368692242423291e-10,4.768373713641386e-05,5.999999985098981,1,0.004660831000364851
0.0,5.57849059650305e-12,6.742474889520622e-08,6.81138429354443e-09,,0.6145424904282204,0.5146446686094757,0.5146446686094757,0,239,,,,,,,,,,,,,7.055609785312662e-06,simple,0.05,239,32c7b7a52cabb8e1bcfd21dbf4e3a40e9391797edd6611d9b84f880d9e648555,5.999999985098883,,,,,,,,,,,,,,,,,,0,0.0,,,,,,,,,,,0,,NavFnDijkstra,d081bd86da8062312e5db8fae0d8a617f7314b2486521c50aaed5b8f437bba5d,121,d081bd86da8062312e5db8fae0d8a617f7314b2486521c50aaed5b8f437bba5d,0,2,picking_aisle_c,True,5.57849059650305e-12,7.055609785312662e-06,5.999999985098883,1,0.007467359999282053
0.0,2.484350868684421e-11,4.207502701802923e-08,3.870580624571519e-09,,0.5921102867671103,0.41464466711935954,0.41464466711935954,0,274,,,,,,,,,,,,,1.822122577266642e-05,savitzky_golay,0.05,239,63943290a37c0a8d4c079da06bf3cf169b0115d19ca05324ec29bea1b4daaef0,5.99999998509892,,,,,,,,,,,,,,,,,,0,0.0,,,,,,,,,,,0,,NavFnDijkstra,d081bd86da8062312e5db8fae0d8a617f7314b2486521c50aaed5b8f437bba5d,121,d081bd86da8062312e5db8fae0d8a617f7314b2486521c50aaed5b8f437bba5d,0,2,picking_aisle_c,True,2.484350868684421e-11,1.822122577266642e-05,5.99999998509892,1,0.007308759999432368
0.0,1.1368692242423291e-10,3.469446951953614e-18,3.154042683594195e-19,,0.602635213119489,0.41464466711935954,0.4646446678644176,0,256,,,,,,,,,,,,,4.768373713641386e-05,constrained,0.05,239,d081bd86da8062312e5db8fae0d8a617f7314b2486521c50aaed5b8f437bba5d,5.999999985098981,,,,,,,,,,,,,,,,,,0,0.0,,,,,,,,,,,0,,NavFnDijkstra,d081bd86da8062312e5db8fae0d8a617f7314b2486521c50aaed5b8f437bba5d,121,d081bd86da8062312e5db8fae0d8a617f7314b2486521c50aaed5b8f437bba5d,0,2,picking_aisle_c,True,1.1368692242423291e-10,4.768373713641386e-05,5.999999985098981,1,0.0072958609998750035
0.0,5.381784460742501e-26,1.1821587930782584e-07,6.81119946266308e-08,,0.6104948422331317,0.5146446686094757,0.5146446686094757,0,121,,,,,,,,,,,,,1.7763568741418306e-13,pivot_g2_fixed,0.05,121,ead256052d1a4fe3dd0041bc70a179a65f23d827b3369ec33dd4f78e5d9d6d3c,5.99999998509884,0,0,"[[2, -3], [2, 3]]",239,0.075,1.18216e-07,0.15,0,2,0,1,[],0,0,0,none,0,0,0.0,200,0,121,0,0,{},0.000194465,fixed,0.05,,0,0,NavFnDijkstra,d081bd86da8062312e5db8fae0d8a617f7314b2486521c50aaed5b8f437bba5d,121,d081bd86da8062312e5db8fae0d8a617f7314b2486521c50aaed5b8f437bba5d,0,2,picking_aisle_c,True,5.381784460742501e-26,1.7763568741418306e-13,5.99999998509884,1,0.005883137000637362
0.0,5.381784460742501e-26,1.1821587930782584e-07,6.81119946266308e-08,,0.6104948422331317,0.5146446686094757,0.5146446686094757,0,121,,,,,,,,,,,,,1.7763568741418306e-13,pivot_g2,0.05,121,ead256052d1a4fe3dd0041bc70a179a65f23d827b3369ec33dd4f78e5d9d6d3c,5.99999998509884,0,0,"[[2, -3], [2, 3]]",239,0.075,1.18216e-07,0.15,0,2,0,1,[],0,0,0,none,0,0,0.0,200,0,121,0,0,{},0.000202055,adaptive,0.05,,0,0,NavFnDijkstra,d081bd86da8062312e5db8fae0d8a617f7314b2486521c50aaed5b8f437bba5d,121,d081bd86da8062312e5db8fae0d8a617f7314b2486521c50aaed5b8f437bba5d,0,2,picking_aisle_c,True,5.381784460742501e-26,1.7763568741418306e-13,5.99999998509884,1,0.0059492689979379065
0.0,5.57849059650305e-12,6.742474889520622e-08,6.81138429354443e-09,,0.6145424904282204,0.5146446686094757,0.5146446686094757,0,239,5.38178e-26,0,0,True,1.13687e-10,65,True,simple_default,simple,5.57849e-12,0,True,7.055609785312662e-06,adaptive_hybrid_fixed,0.05,239,32c7b7a52cabb8e1bcfd21dbf4e3a40e9391797edd6611d9b84f880d9e648555,5.999999985098883,,,,,,,,,,,,,,,,,,0,0.0,,,,,,,,,,,0,,NavFnDijkstra,d081bd86da8062312e5db8fae0d8a617f7314b2486521c50aaed5b8f437bba5d,121,d081bd86da8062312e5db8fae0d8a617f7314b2486521c50aaed5b8f437bba5d,0,2,picking_aisle_c,True,5.57849059650305e-12,7.055609785312662e-06,5.999999985098883,1,0.007066471996949986
0.0,5.57849059650305e-12,6.742474889520622e-08,6.81138429354443e-09,,0.6145424904282204,0.5146446686094757,0.5146446686094757,0,239,5.38178e-26,0,0,True,1.13687e-10,65,True,simple_default,simple,5.57849e-12,0,True,7.055609785312662e-06,adaptive_hybrid,0.05,239,32c7b7a52cabb8e1bcfd21dbf4e3a40e9391797edd6611d9b84f880d9e648555,5.999999985098883,,,,,,,,,,,,,,,,,,0,0.0,,,,,,,,,,,0,,NavFnDijkstra,d081bd86da8062312e5db8fae0d8a617f7314b2486521c50aaed5b8f437bba5d,121,d081bd86da8062312e5db8fae0d8a617f7314b2486521c50aaed5b8f437bba5d,0,2,picking_aisle_c,True,5.57849059650305e-12,7.055609785312662e-06,5.999999985098883,1,0.007844612999178935
0.0,1.1368692242423291e-10,3.469446951953614e-18,3.154042683594195e-19,,0.5726437756510452,0.41464466711935954,0.4646446678644176,0,257,,,,,,,,,,,,,4.768373713641386e-05,raw,0.05,239,d081bd86da8062312e5db8fae0d8a617f7314b2486521c50aaed5b8f437bba5d,5.999999985098981,,,,,,,,,,,,,,,,,,0,0.0,,,,,,,,,,,0,,NavFnDijkstra,d081bd86da8062312e5db8fae0d8a617f7314b2486521c50aaed5b8f437bba5d,121,d081bd86da8062312e5db8fae0d8a617f7314b2486521c50aaed5b8f437bba5d,0,3,picking_aisle_c,True,1.1368692242423291e-10,4.768373713641386e-05,5.999999985098981,1,0.006186760001583025
0.0,5.57849059650305e-12,6.742474889520622e-08,6.81138429354443e-09,,0.6145424904282204,0.5146446686094757,0.5146446686094757,0,239,,,,,,,,,,,,,7.055609785312662e-06,simple,0.05,239,32c7b7a52cabb8e1bcfd21dbf4e3a40e9391797edd6611d9b84f880d9e648555,5.999999985098883,,,,,,,,,,,,,,,,,,0,0.0,,,,,,,,,,,0,,NavFnDijkstra,d081bd86da8062312e5db8fae0d8a617f7314b2486521c50aaed5b8f437bba5d,121,d081bd86da8062312e5db8fae0d8a617f7314b2486521c50aaed5b8f437bba5d,0,3,picking_aisle_c,True,5.57849059650305e-12,7.055609785312662e-06,5.999999985098883,1,0.02353978700193693
0.0,2.484350868684421e-11,4.207502701802923e-08,3.870580624571519e-09,,0.5921102867671103,0.41464466711935954,0.41464466711935954,0,274,,,,,,,,,,,,,1.822122577266642e-05,savitzky_golay,0.05,239,63943290a37c0a8d4c079da06bf3cf169b0115d19ca05324ec29bea1b4daaef0,5.99999998509892,,,,,,,,,,,,,,,,,,0,0.0,,,,,,,,,,,0,,NavFnDijkstra,d081bd86da8062312e5db8fae0d8a617f7314b2486521c50aaed5b8f437bba5d,121,d081bd86da8062312e5db8fae0d8a617f7314b2486521c50aaed5b8f437bba5d,0,3,picking_aisle_c,True,2.484350868684421e-11,1.822122577266642e-05,5.99999998509892,1,0.007740898003248731
0.0,1.1368692242423291e-10,3.469446951953614e-18,3.154042683594195e-19,,0.602635213119489,0.41464466711935954,0.4646446678644176,0,256,,,,,,,,,,,,,4.768373713641386e-05,constrained,0.05,239,d081bd86da8062312e5db8fae0d8a617f7314b2486521c50aaed5b8f437bba5d,5.999999985098981,,,,,,,,,,,,,,,,,,0,0.0,,,,,,,,,,,0,,NavFnDijkstra,d081bd86da8062312e5db8fae0d8a617f7314b2486521c50aaed5b8f437bba5d,121,d081bd86da8062312e5db8fae0d8a617f7314b2486521c50aaed5b8f437bba5d,0,3,picking_aisle_c,True,1.1368692242423291e-10,4.768373713641386e-05,5.999999985098981,1,0.007079140999849187
0.0,5.381784460742501e-26,1.1821587930782584e-07,6.81119946266308e-08,,0.6104948422331317,0.5146446686094757,0.5146446686094757,0,121,,,,,,,,,,,,,1.7763568741418306e-13,pivot_g2_fixed,0.05,121,ead256052d1a4fe3dd0041bc70a179a65f23d827b3369ec33dd4f78e5d9d6d3c,5.99999998509884,0,0,"[[2, -3], [2, 3]]",239,0.075,1.18216e-07,0.15,0,2,0,1,[],0,0,0,none,0,0,0.0,200,0,121,0,0,{},0.000198021,fixed,0.05,,0,0,NavFnDijkstra,d081bd86da8062312e5db8fae0d8a617f7314b2486521c50aaed5b8f437bba5d,121,d081bd86da8062312e5db8fae0d8a617f7314b2486521c50aaed5b8f437bba5d,0,3,picking_aisle_c,True,5.381784460742501e-26,1.7763568741418306e-13,5.99999998509884,1,0.005517230998520972
0.003,5.381784460742501e-26,1.1821587930782584e-07,6.81119946266308e-08,,0.6104948422331317,0.5146446686094757,0.5146446686094757,0,121,,,,,,,,,,,,,1.7763568741418306e-13,pivot_g2,0.05,121,ead256052d1a4fe3dd0041bc70a179a65f23d827b3369ec33dd4f78e5d9d6d3c,5.99999998509884,0,0,"[[2, -3], [2, 3]]",239,0.075,1.18216e-07,0.15,0,2,0,1,[],0,0,0,none,0,0,0.0,200,0,121,0,0,{},0.000215888,adaptive,0.05,,0,0,NavFnDijkstra,d081bd86da8062312e5db8fae0d8a617f7314b2486521c50aaed5b8f437bba5d,121,d081bd86da8062312e5db8fae0d8a617f7314b2486521c50aaed5b8f437bba5d,0,3,picking_aisle_c,True,5.381784460742501e-26,1.7763568741418306e-13,5.99999998509884,1,0.005655300999933388
0.003,5.57849059650305e-12,6.742474889520622e-08,6.81138429354443e-09,,0.6145424904282204,0.5146446686094757,0.5146446686094757,0,239,5.38178e-26,0,0,True,1.13687e-10,65,True,simple_default,simple,5.57849e-12,0,True,7.055609785312662e-06,adaptive_hybrid_fixed,0.05,239,32c7b7a52cabb8e1bcfd21dbf4e3a40e9391797edd6611d9b84f880d9e648555,5.999999985098883,,,,,,,,,,,,,,,,,,0,0.0,,,,,,,,,,,0,,NavFnDijkstra,d081bd86da8062312e5db8fae0d8a617f7314b2486521c50aaed5b8f437bba5d,121,d081bd86da8062312e5db8fae0d8a617f7314b2486521c50aaed5b8f437bba5d,0,3,picking_aisle_c,True,5.57849059650305e-12,7.055609785312662e-06,5.999999985098883,1,0.006640928000706481
0.0,5.57849059650305e-12,6.742474889520622e-08,6.81138429354443e-09,,0.6145424904282204,0.5146446686094757,0.5146446686094757,0,239,5.38178e-26,0,0,True,1.13687e-10,65,True,simple_default,simple,5.57849e-12,0,True,7.055609785312662e-06,adaptive_hybrid,0.05,239,32c7b7a52cabb8e1bcfd21dbf4e3a40e9391797edd6611d9b84f880d9e648555,5.999999985098883,,,,,,,,,,,,,,,,,,0,0.0,,,,,,,,,,,0,,NavFnDijkstra,d081bd86da8062312e5db8fae0d8a617f7314b2486521c50aaed5b8f437bba5d,121,d081bd86da8062312e5db8fae0d8a617f7314b2486521c50aaed5b8f437bba5d,0,3,picking_aisle_c,True,5.57849059650305e-12,7.055609785312662e-06,5.999999985098883,1,0.00920169600067311
0.0,1.9584324794007297e-10,3.469446951953614e-18,3.141089681500624e-19,,0.9808052416575644,0.6146446700995918,0.6646446708446498,0,257,,,,,,,,,,,,,6.25847462743736e-05,raw,0.05,239,781b840b3a829b402fd4acca3a302fa308b533845eef0784ab4c4dcf185aee5d,6.0000001043083735,,,,,,,,,,,,,,,,,,0,0.0,,,,,,,,,,,0,,NavFnDijkstra,781b840b3a829b402fd4acca3a302fa308b533845eef0784ab4c4dcf185aee5d,122,781b840b3a829b402fd4acca3a302fa308b533845eef0784ab4c4dcf185aee5d,0,1,east_service_lane,True,1.9584324794007297e-10,6.25847462743736e-05,6.0000001043083735,1,0.005263130999082932
0.0,9.812384338161597e-12,8.849489940843114e-08,8.90321977716909e-09,,1.04095706885047,0.6646446708446498,0.8596446737503763,0,239,,,,,,,,,,,,,9.26047007965602e-06,simple,0.05,239,6d35cb27ce5fe8faf1860068e8b8fff83a2a82655c1d4ff5a8e970c2399c176a,6.000000104308206,,,,,,,,,,,,,,,,,,0,0.0,,,,,,,,,,,0,,NavFnDijkstra,781b840b3a829b402fd4acca3a302fa308b533845eef0784ab4c4dcf185aee5d,122,781b840b3a829b402fd4acca3a302fa308b533845eef0784ab4c4dcf185aee5d,0,1,east_service_lane,True,9.812384338161597e-12,9.26047007965602e-06,6.000000104308206,1,0.012273661999643082
0.0,4.449645502125726e-11,5.522340629227074e-08,5.0592680474792e-09,,1.04095706885047,0.6646446708446498,0.8596446737503763,0,239,,,,,,,,,,,,,2.3915330515939498e-05,savitzky_golay,0.05,239,cd408a228e7d8bf761260741c7f6e66d38dc1c09c186d95bd7033e2f918a0aed,6.000000104308269,,,,,,,,,,,,,,,,,,0,0.0,,,,,,,,,,,0,,NavFnDijkstra,781b840b3a829b402fd4acca3a302fa308b533845eef0784ab4c4dcf185aee5d,122,781b840b3a829b402fd4acca3a302fa308b533845eef0784ab4c4dcf185aee5d,0,1,east_service_lane,True,4.449645502125726e-11,2.3915330515939498e-05,6.000000104308269,1,0.00726102399858064
0.003,1.9584324794007297e-10,3.469446951953614e-18,3.141089681500624e-19,,1.0153787686126319,0.6146446700995918,0.6646446708446498,0,257,,,,,,,,,,,,,6.25847462743736e-05,constrained,0.05,239,781b840b3a829b402fd4acca3a302fa308b533845eef0784ab4c4dcf185aee5d,6.0000001043083735,,,,,,,,,,,,,,,,,,0,0.0,,,,,,,,,,,0,,NavFnDijkstra,781b840b3a829b402fd4acca3a302fa308b533845eef0784ab4c4dcf185aee5d,122,781b840b3a829b402fd4acca3a302fa308b533845eef0784ab4c4dcf185aee5d,0,1,east_service_lane,True,1.9584324794007297e-10,6.25847462743736e-05,6.0000001043083735,1,0.008103690001007635
0.0,1.132862883145351e-17,1.5515833862167483e-07,8.902985619300587e-08,,1.0363195197568098,0.6646446708446498,0.814644673079824,0,122,,,,,,,,,,,,,2.1287183697009138e-08,pivot_g2_fixed,0.05,122,c98e74b1ae76855fbd632a227d6a74b0959334f00a312e5922331c60a7b4f7b7,6.00000010430813,0,0,"[[4.5, 3], [4.5, -3]]",239,0.075,1.55158e-07,0.15,0,2,0,1,[],0,0,0,none,0,0,0.0,200,0,122,0,0,{},0.000186348,fixed,0.05,,0,0,NavFnDijkstra,781b840b3a829b402fd4acca3a302fa308b533845eef0784ab4c4dcf185aee5d,122,781b840b3a829b402fd4acca3a302fa308b533845eef0784ab4c4dcf185aee5d,0,1,east_service_lane,True,1.132862883145351e-17,2.1287183697009138e-08,6.00000010430813,1,0.0060529099973791745
0.0,1.132862883145351e-17,1.5515833862167483e-07,8.902985619300587e-08,,1.0363195197568098,0.6646446708446498,0.814644673079824,0,122,,,,,,,,,,,,,2.1287183697009138e-08,pivot_g2,0.05,122,c98e74b1ae76855fbd632a227d6a74b0959334f00a312e5922331c60a7b4f7b7,6.00000010430813,0,0,"[[4.5, 3], [4.5, -3]]",239,0.075,1.55158e-07,0.15,0,2,0,1,[],0,0,0,none,0,0,0.0,200,0,122,0,0,{},0.000197198,adaptive,0.05,,0,0,NavFnDijkstra,781b840b3a829b402fd4acca3a302fa308b533845eef0784ab4c4dcf185aee5d,122,781b840b3a829b402fd4acca3a302fa308b533845eef0784ab4c4dcf185aee5d,0,1,east_service_lane,True,1.132862883145351e-17,2.1287183697009138e-08,6.00000010430813,1,0.0064870509995671455
0.003,9.812384338161597e-12,8.849489940843114e-08,8.90321977716909e-09,,1.04095706885047,0.6646446708446498,0.8596446737503763,0,239,1.13286e-17,0,0,True,1.95843e-10,0,True,simple_default,simple,9.81238e-12,0,True,9.26047007965602e-06,adaptive_hybrid_fixed,0.05,239,6d35cb27ce5fe8faf1860068e8b8fff83a2a82655c1d4ff5a8e970c2399c176a,6.000000104308206,,,,,,,,,,,,,,,,,,0,0.0,,,,,,,,,,,0,,NavFnDijkstra,781b840b3a829b402fd4acca3a302fa308b533845eef0784ab4c4dcf185aee5d,122,781b840b3a829b402fd4acca3a302fa308b533845eef0784ab4c4dcf185aee5d,0,1,east_service_lane,True,9.812384338161597e-12,9.26047007965602e-06,6.000000104308206,1,0.006680705999315251
0.0,9.812384338161597e-12,8.849489940843114e-08,8.90321977716909e-09,,1.04095706885047,0.6646446708446498,0.8596446737503763,0,239,1.13286e-17,0,0,True,1.95843e-10,0,True,simple_default,simple,9.81238e-12,0,True,9.26047007965602e-06,adaptive_hybrid,0.05,239,6d35cb27ce5fe8faf1860068e8b8fff83a2a82655c1d4ff5a8e970c2399c176a,6.000000104308206,,,,,,,,,,,,,,,,,,0,0.0,,,,,,,,,,,0,,NavFnDijkstra,781b840b3a829b402fd4acca3a302fa308b533845eef0784ab4c4dcf185aee5d,122,781b840b3a829b402fd4acca3a302fa308b533845eef0784ab4c4dcf185aee5d,0,1,east_service_lane,True,9.812384338161597e-12,9.26047007965602e-06,6.000000104308206,1,0.00777530800041859
0.0,1.9584324794007297e-10,3.469446951953614e-18,3.141089681500624e-19,,0.9808052416575644,0.6146446700995918,0.6646446708446498,0,257,,,,,,,,,,,,,6.25847462743736e-05,raw,0.05,239,781b840b3a829b402fd4acca3a302fa308b533845eef0784ab4c4dcf185aee5d,6.0000001043083735,,,,,,,,,,,,,,,,,,0,0.0,,,,,,,,,,,0,,NavFnDijkstra,781b840b3a829b402fd4acca3a302fa308b533845eef0784ab4c4dcf185aee5d,122,781b840b3a829b402fd4acca3a302fa308b533845eef0784ab4c4dcf185aee5d,0,2,east_service_lane,True,1.9584324794007297e-10,6.25847462743736e-05,6.0000001043083735,1,0.005815243999677477
0.0,9.812384338161597e-12,8.849489940843114e-08,8.90321977716909e-09,,1.04095706885047,0.6646446708446498,0.8596446737503763,0,239,,,,,,,,,,,,,9.26047007965602e-06,simple,0.05,239,6d35cb27ce5fe8faf1860068e8b8fff83a2a82655c1d4ff5a8e970c2399c176a,6.000000104308206,,,,,,,,,,,,,,,,,,0,0.0,,,,,,,,,,,0,,NavFnDijkstra,781b840b3a829b402fd4acca3a302fa308b533845eef0784ab4c4dcf185aee5d,122,781b840b3a829b402fd4acca3a302fa308b533845eef0784ab4c4dcf185aee5d,0,2,east_service_lane,True,9.812384338161597e-12,9.26047007965602e-06,6.000000104308206,1,0.007355247002124088
0.003,4.449645502125726e-11,5.522340629227074e-08,5.0592680474792e-09,,1.04095706885047,0.6646446708446498,0.8596446737503763,0,239,,,,,,,,,,,,,2.3915330515939498e-05,savitzky_golay,0.05,239,cd408a228e7d8bf761260741c7f6e66d38dc1c09c186d95bd7033e2f918a0aed,6.000000104308269,,,,,,,,,,,,,,,,,,0,0.0,,,,,,,,,,,0,,NavFnDijkstra,781b840b3a829b402fd4acca3a302fa308b533845eef0784ab4c4dcf185aee5d,122,781b840b3a829b402fd4acca3a302fa308b533845eef0784ab4c4dcf185aee5d,0,2,east_service_lane,True,4.449645502125726e-11,2.3915330515939498e-05,6.000000104308269,1,0.007861035999667365
0.0,1.9584324794007297e-10,3.469446951953614e-18,3.141089681500624e-19,,1.0153787686126319,0.6146446700995918,0.6646446708446498,0,257,,,,,,,,,,,,,6.25847462743736e-05,constrained,0.05,239,781b840b3a829b402fd4acca3a302fa308b533845eef0784ab4c4dcf185aee5d,6.0000001043083735,,,,,,,,,,,,,,,,,,0,0.0,,,,,,,,,,,0,,NavFnDijkstra,781b840b3a829b402fd4acca3a302fa308b533845eef0784ab4c4dcf185aee5d,122,781b840b3a829b402fd4acca3a302fa308b533845eef0784ab4c4dcf185aee5d,0,2,east_service_lane,True,1.9584324794007297e-10,6.25847462743736e-05,6.0000001043083735,1,0.008623649999208283
0.0,1.132862883145351e-17,1.5515833862167483e-07,8.902985619300587e-08,,1.0363195197568098,0.6646446708446498,0.814644673079824,0,122,,,,,,,,,,,,,2.1287183697009138e-08,pivot_g2_fixed,0.05,122,c98e74b1ae76855fbd632a227d6a74b0959334f00a312e5922331c60a7b4f7b7,6.00000010430813,0,0,"[[4.5, 3], [4.5, -3]]",239,0.075,1.55158e-07,0.15,0,2,0,1,[],0,0,0,none,0,0,0.0,200,0,122,0,0,{},0.000183825,fixed,0.05,,0,0,NavFnDijkstra,781b840b3a829b402fd4acca3a302fa308b533845eef0784ab4c4dcf185aee5d,122,781b840b3a829b402fd4acca3a302fa308b533845eef0784ab4c4dcf185aee5d,0,2,east_service_lane,True,1.132862883145351e-17,2.1287183697009138e-08,6.00000010430813,1,0.00664796499768272
0.0,1.132862883145351e-17,1.5515833862167483e-07,8.902985619300587e-08,,1.0363195197568098,0.6646446708446498,0.814644673079824,0,122,,,,,,,,,,,,,2.1287183697009138e-08,pivot_g2,0.05,122,c98e74b1ae76855fbd632a227d6a74b0959334f00a312e5922331c60a7b4f7b7,6.00000010430813,0,0,"[[4.5, 3], [4.5, -3]]",239,0.075,1.55158e-07,0.15,0,2,0,1,[],0,0,0,none,0,0,0.0,200,0,122,0,0,{},0.000191069,adaptive,0.05,,0,0,NavFnDijkstra,781b840b3a829b402fd4acca3a302fa308b533845eef0784ab4c4dcf185aee5d,122,781b840b3a829b402fd4acca3a302fa308b533845eef0784ab4c4dcf185aee5d,0,2,east_service_lane,True,1.132862883145351e-17,2.1287183697009138e-08,6.00000010430813,1,0.006052243999874918
0.003,9.812384338161597e-12,8.849489940843114e-08,8.90321977716909e-09,,1.04095706885047,0.6646446708446498,0.8596446737503763,0,239,1.13286e-17,0,0,True,1.95843e-10,0,True,simple_default,simple,9.81238e-12,0,True,9.26047007965602e-06,adaptive_hybrid_fixed,0.05,239,6d35cb27ce5fe8faf1860068e8b8fff83a2a82655c1d4ff5a8e970c2399c176a,6.000000104308206,,,,,,,,,,,,,,,,,,0,0.0,,,,,,,,,,,0,,NavFnDijkstra,781b840b3a829b402fd4acca3a302fa308b533845eef0784ab4c4dcf185aee5d,122,781b840b3a829b402fd4acca3a302fa308b533845eef0784ab4c4dcf185aee5d,0,2,east_service_lane,True,9.812384338161597e-12,9.26047007965602e-06,6.000000104308206,1,0.008587642001657514
0.0,9.812384338161597e-12,8.849489940843114e-08,8.90321977716909e-09,,1.04095706885047,0.6646446708446498,0.8596446737503763,0,239,1.13286e-17,0,0,True,1.95843e-10,0,True,simple_default,simple,9.81238e-12,0,True,9.26047007965602e-06,adaptive_hybrid,0.05,239,6d35cb27ce5fe8faf1860068e8b8fff83a2a82655c1d4ff5a8e970c2399c176a,6.000000104308206,,,,,,,,,,,,,,,,,,0,0.0,,,,,,,,,,,0,,NavFnDijkstra,781b840b3a829b402fd4acca3a302fa308b533845eef0784ab4c4dcf185aee5d,122,781b840b3a829b402fd4acca3a302fa308b533845eef0784ab4c4dcf185aee5d,0,2,east_service_lane,True,9.812384338161597e-12,9.26047007965602e-06,6.000000104308206,1,0.006852090999018401
0.0,1.9584324794007297e-10,3.469446951953614e-18,3.141089681500624e-19,,0.9808052416575644,0.6146446700995918,0.6646446708446498,0,257,,,,,,,,,,,,,6.25847462743736e-05,raw,0.05,239,781b840b3a829b402fd4acca3a302fa308b533845eef0784ab4c4dcf185aee5d,6.0000001043083735,,,,,,,,,,,,,,,,,,0,0.0,,,,,,,,,,,0,,NavFnDijkstra,781b840b3a829b402fd4acca3a302fa308b533845eef0784ab4c4dcf185aee5d,122,781b840b3a829b402fd4acca3a302fa308b533845eef0784ab4c4dcf185aee5d,0,3,east_service_lane,True,1.9584324794007297e-10,6.25847462743736e-05,6.0000001043083735,1,0.005477398000948597
0.003,9.812384338161597e-12,8.849489940843114e-08,8.90321977716909e-09,,1.04095706885047,0.6646446708446498,0.8596446737503763,0,239,,,,,,,,,,,,,9.26047007965602e-06,simple,0.05,239,6d35cb27ce5fe8faf1860068e8b8fff83a2a82655c1d4ff5a8e970c2399c176a,6.000000104308206,,,,,,,,,,,,,,,,,,0,0.0,,,,,,,,,,,0,,NavFnDijkstra,781b840b3a829b402fd4acca3a302fa308b533845eef0784ab4c4dcf185aee5d,122,781b840b3a829b402fd4acca3a302fa308b533845eef0784ab4c4dcf185aee5d,0,3,east_service_lane,True,9.812384338161597e-12,9.26047007965602e-06,6.000000104308206,1,0.00796751000234508
0.0,4.449645502125726e-11,5.522340629227074e-08,5.0592680474792e-09,,1.04095706885047,0.6646446708446498,0.8596446737503763,0,239,,,,,,,,,,,,,2.3915330515939498e-05,savitzky_golay,0.05,239,cd408a228e7d8bf761260741c7f6e66d38dc1c09c186d95bd7033e2f918a0aed,6.000000104308269,,,,,,,,,,,,,,,,,,0,0.0,,,,,,,,,,,0,,NavFnDijkstra,781b840b3a829b402fd4acca3a302fa308b533845eef0784ab4c4dcf185aee5d,122,781b840b3a829b402fd4acca3a302fa308b533845eef0784ab4c4dcf185aee5d,0,3,east_service_lane,True,4.449645502125726e-11,2.3915330515939498e-05,6.000000104308269,1,0.007370128001639387
0.0,1.9584324794007297e-10,3.469446951953614e-18,3.141089681500624e-19,,1.0153787686126319,0.6146446700995918,0.6646446708446498,0,257,,,,,,,,,,,,,6.25847462743736e-05,constrained,0.05,239,781b840b3a829b402fd4acca3a302fa308b533845eef0784ab4c4dcf185aee5d,6.0000001043083735,,,,,,,,,,,,,,,,,,0,0.0,,,,,,,,,,,0,,NavFnDijkstra,781b840b3a829b402fd4acca3a302fa308b533845eef0784ab4c4dcf185aee5d,122,781b840b3a829b402fd4acca3a302fa308b533845eef0784ab4c4dcf185aee5d,0,3,east_service_lane,True,1.9584324794007297e-10,6.25847462743736e-05,6.0000001043083735,1,0.008462601999781327
0.003,1.132862883145351e-17,1.5515833862167483e-07,8.902985619300587e-08,,1.0363195197568098,0.6646446708446498,0.814644673079824,0,122,,,,,,,,,,,,,2.1287183697009138e-08,pivot_g2_fixed,0.05,122,c98e74b1ae76855fbd632a227d6a74b0959334f00a312e5922331c60a7b4f7b7,6.00000010430813,0,0,"[[4.5, 3], [4.5, -3]]",239,0.075,1.55158e-07,0.15,0,2,0,1,[],0,0,0,none,0,0,0.0,200,0,122,0,0,{},0.000146935,fixed,0.05,,0,0,NavFnDijkstra,781b840b3a829b402fd4acca3a302fa308b533845eef0784ab4c4dcf185aee5d,122,781b840b3a829b402fd4acca3a302fa308b533845eef0784ab4c4dcf185aee5d,0,3,east_service_lane,True,1.132862883145351e-17,2.1287183697009138e-08,6.00000010430813,1,0.00642903900006786
0.0,1.132862883145351e-17,1.5515833862167483e-07,8.902985619300587e-08,,1.0363195197568098,0.6646446708446498,0.814644673079824,0,122,,,,,,,,,,,,,2.1287183697009138e-08,pivot_g2,0.05,122,c98e74b1ae76855fbd632a227d6a74b0959334f00a312e5922331c60a7b4f7b7,6.00000010430813,0,0,"[[4.5, 3], [4.5, -3]]",239,0.075,1.55158e-07,0.15,0,2,0,1,[],0,0,0,none,0,0,0.0,200,0,122,0,0,{},0.000180746,adaptive,0.05,,0,0,NavFnDijkstra,781b840b3a829b402fd4acca3a302fa308b533845eef0784ab4c4dcf185aee5d,122,781b840b3a829b402fd4acca3a302fa308b533845eef0784ab4c4dcf185aee5d,0,3,east_service_lane,True,1.132862883145351e-17,2.1287183697009138e-08,6.00000010430813,1,0.006149959001049865
0.003,9.812384338161597e-12,8.849489940843114e-08,8.90321977716909e-09,,1.04095706885047,0.6646446708446498,0.8596446737503763,0,239,1.13286e-17,0,0,True,1.95843e-10,0,True,simple_default,simple,9.81238e-12,0,True,9.26047007965602e-06,adaptive_hybrid_fixed,0.05,239,6d35cb27ce5fe8faf1860068e8b8fff83a2a82655c1d4ff5a8e970c2399c176a,6.000000104308206,,,,,,,,,,,,,,,,,,0,0.0,,,,,,,,,,,0,,NavFnDijkstra,781b840b3a829b402fd4acca3a302fa308b533845eef0784ab4c4dcf185aee5d,122,781b840b3a829b402fd4acca3a302fa308b533845eef0784ab4c4dcf185aee5d,0,3,east_service_lane,True,9.812384338161597e-12,9.26047007965602e-06,6.000000104308206,1,0.00888093100002152
0.003,9.812384338161597e-12,8.849489940843114e-08,8.90321977716909e-09,,1.04095706885047,0.6646446708446498,0.8596446737503763,0,239,1.13286e-17,0,0,True,1.95843e-10,0,True,simple_default,simple,9.81238e-12,0,True,9.26047007965602e-06,adaptive_hybrid,0.05,239,6d35cb27ce5fe8faf1860068e8b8fff83a2a82655c1d4ff5a8e970c2399c176a,6.000000104308206,,,,,,,,,,,,,,,,,,0,0.0,,,,,,,,,,,0,,NavFnDijkstra,781b840b3a829b402fd4acca3a302fa308b533845eef0784ab4c4dcf185aee5d,122,781b840b3a829b402fd4acca3a302fa308b533845eef0784ab4c4dcf185aee5d,0,3,east_service_lane,True,9.812384338161597e-12,9.26047007965602e-06,6.000000104308206,1,0.006675935001112521
0.003,52.66601693600629,2.220446049250313e-16,3.9039049494415194e-17,,0.48217923502803417,0.16464466339406925,0.2146446641391273,0,315,,,,,,,,,,,,,13.165099509781205,raw,0.05,305,92f64f5b18a98f201e55e769c8eeda795775cb3ea34e9f1003cf979982c7b651,7.64730035972374,,,,,,,,,,,,,,,,,,0,0.0,,,,,,,,,,,0,,NavFnDijkstra,92f64f5b18a98f201e55e769c8eeda795775cb3ea34e9f1003cf979982c7b651,155,92f64f5b18a98f201e55e769c8eeda795775cb3ea34e9f1003cf979982c7b651,0,1,cross_aisle_transfer,True,52.66601693600629,13.165099509781205,7.64730035972374,1,0.006714434999594232
0.0,6.348006744507606,0.016374095356151575,0.00350517885153392,,0.47117671930098154,0.25619225950049973,0.26464466488418537,0,306,,,,,,,,,,,,,3.2439391633256136,simple,0.05,305,dc80f53f3849600877124fe83ef56e0aa2a64e6dda01143b4e0fcce254edff7c,7.6018545106575806,,,,,,,,,,,,,,,,,,0,0.0,,,,,,,,,,,0,,NavFnDijkstra,92f64f5b18a98f201e55e769c8eeda795775cb3ea34e9f1003cf979982c7b651,154,92f64f5b18a98f201e55e769c8eeda795775cb3ea34e9f1003cf979982c7b651,0,1,cross_aisle_transfer,True,6.348006744507606,3.2439391633256136,7.6018545106575806,1,0.007641743002750445
0.0,18.97208463156048,0.008672060612950346,0.0011890823375907082,,0.454720924674974,0.2146446641391273,0.26041846219234255,0,371,,,,,,,,,,,,,6.907765013992335,savitzky_golay,0.05,305,ed1a2f651387dd1a4752488246e8b76c5399b8c6f25b1a46a73aab3606591b1d,7.628185986284798,,,,,,,,,,,,,,,,,,0,0.0,,,,,,,,,,,0,,NavFnDijkstra,92f64f5b18a98f201e55e769c8eeda795775cb3ea34e9f1003cf979982c7b651,154,92f64f5b18a98f201e55e769c8eeda795775cb3ea34e9f1003cf979982c7b651,0,1,cross_aisle_transfer,True,18.97208463156048,6.907765013992335,7.628185986284798,1,0.009398481000971515
0.021,19.253351469553973,0.011845961529586129,0.002588804005923625,,0.46565469875750864,0.25619225950049973,0.26464466488418537,0,337,,,,,,,,,,,,,10.221887378783924,constrained,0.05,305,21e3c81e0f9e5d44bd31bc8b28e2797d34eb90dc22e7ad1ca3cc482c7fdb0920,7.638640340074448,,,,,,,,,,,,,,,,,,0,0.0,,,,,,,,,,,0,,NavFnDijkstra,92f64f5b18a98f201e55e769c8eeda795775cb3ea34e9f1003cf979982c7b651,154,92f64f5b18a98f201e55e769c8eeda795775cb3ea34e9f1003cf979982c7b651,0,1,cross_aisle_transfer,True,19.253351469553973,10.221887378783924,7.638640340074448,1,0.025376630001119338
0.003,2.4417399778041395,0.11694583056700965,0.03564210501512781,,0.34950840382745096,0.1449222268733815,0.1449222268733815,0,309,,,,,,,,,,,,,2.871679394522446,pivot_g2_fixed,0.05,304,fd8657acbd838c29d77c4fb742cc0de868864d30f7cdebaed8de08caa50885bd,7.486826666192253,0,15,"[[-2, -2.8], [-1.76942, -1.11784], [-1.51045, -0.856046], [1.67661, 1.02507], [2, 2.8]]",305,0.075,0.0646147,0.15,0,5,0,4,"[{'index': 0, 'x': -1.76942, 'y': -1.11784, 'turn_angle': -0.643746, 'incoming_length': 1.69789, 'outgoing_length': 0.368236, 'pivot_safe': True, 'pass_through': False, 'radius_min': 0, 'radius_max': 0, 'trim_min': 0, 'trim_max': 0, 'evaluations': 9, 'safe_feasible': 3, 'states': 0, 'selected_radius': 0.4, 'selected_trim': 0.133388, 'selected_score': 0.9}, {'index': 1, 'x': -1.51045, 'y': -0.856046, 'turn_angle': -0.257617, 'incoming_length': 0.368236, 'outgoing_length': 3.70081, 'pivot_safe': True, 'pass_through': False, 'radius_min': 0, 'radius_max': 0, 'trim_min': 0, 'trim_max': 0, 'evaluations': 9, 'safe_feasible': 7, 'states': 0, 'selected_radius': 1.25, 'selected_trim': 0.161907, 'selected_score': 0.88913}, {'index': 2, 'x': 1.67661, 'y': 1.02507, 'turn_angle': 0.857367, 'incoming_length': 3.70081, 'outgoing_length': 1.80415, 'pivot_safe': True, 'pass_through': False, 'radius_min': 0, 'radius_max': 0, 'trim_min': 0, 'trim_max': 0, 'evaluations': 9, 'safe_feasible': 9, 'states': 0, 'selected_radius': 1.5, 'selected_trim': 0.685543, 'selected_score': 0.85}]",3,0,27,none,3,0,0.0,200,0.87971,304,0,0,"{'angular acceleration iteration did not converge': 1, 'transition would overlap an adjacent corner window': 7}",0.00307085,fixed,0.05,,0,19,NavFnDijkstra,92f64f5b18a98f201e55e769c8eeda795775cb3ea34e9f1003cf979982c7b651,151,92f64f5b18a98f201e55e769c8eeda795775cb3ea34e9f1003cf979982c7b651,0,1,cross_aisle_transfer,True,2.4417399778041395,2.871679394522446,7.486826666192253,1,0.012581532002513995
0.006,2.871196451630067,0.11659028755051791,0.03562241509215807,,0.3485447154272944,0.1449222268733815,0.1449222268733815,0,314,,,,,,,,,,,,,3.782648140405735,pivot_g2,0.05,309,8559fe6471eb4fd4d309c708afd2d2a3b4e05423142b17b0da09e430d57fd565,7.488497125603217,48,45,"[[-2, -2.8], [-1.76942, -1.11784], [-1.51045, -0.856046], [1.67661, 1.02507], [2, 2.8]]",305,0.075,0.0646147,0.15,0,5,0,4,"[{'index': 0, 'x': -1.76942, 'y': -1.11784, 'turn_angle': -0.643746, 'incoming_length': 1.69789, 'outgoing_length': 0.368236, 'pivot_safe': True, 'pass_through': False, 'radius_min': 0.1, 'radius_max': 1.10426, 'trim_min': 0.0333469, 'trim_max': 0.368236, 'evaluations': 20, 'safe_feasible': 18, 'states': 6, 'selected_radius': 0.300852, 'selected_trim': 0.100325, 'selected_score': 0.655384}, {'index': 1, 'x': -1.51045, 'y': -0.856046, 'turn_angle': -0.257617, 'incoming_length': 0.368236, 'outgoing_length': 3.70081, 'pivot_safe': True, 'pass_through': False, 'radius_min': 0.1, 'radius_max': 1.5, 'trim_min': 0.0129526, 'trim_max': 0.194288, 'evaluations': 20, 'safe_feasible': 17, 'states': 6, 'selected_radius': 1.5, 'selected_trim': 0.194288, 'selected_score': 0.231619}, {'index': 2, 'x': 1.67661, 'y': 1.02507, 'turn_angle': 0.857367, 'incoming_length': 3.70081, 'outgoing_length': 1.80415, 'pivot_safe': True, 'pass_through': False, 'radius_min': 0.1, 'radius_max': 1.5, 'trim_min': 0.0457028, 'trim_max': 0.685543, 'evaluations': 20, 'safe_feasible': 18, 'states': 6, 'selected_radius': 1.5, 'selected_trim': 0.685543, 'selected_score': 0.466928}]",3,18,60,none,3,0,0.0,200,0.45131,309,0,0,"{'angular acceleration iteration did not converge': 2, 'transition requires a reversing inner wheel': 5}",0.00577628,adaptive,0.05,,0,53,NavFnDijkstra,92f64f5b18a98f201e55e769c8eeda795775cb3ea34e9f1003cf979982c7b651,151,92f64f5b18a98f201e55e769c8eeda795775cb3ea34e9f1003cf979982c7b651,0,1,cross_aisle_transfer,True,2.871196451630067,3.782648140405735,7.488497125603217,1,0.012545986999612069
0.006,6.348006744507606,0.016374095356151575,0.00350517885153392,,0.47117671930098154,0.25619225950049973,0.26464466488418537,0,306,2.44174,0,253,True,52.666,251,True,simple_default,simple,6.34801,161,True,3.2439391633256136,adaptive_hybrid_fixed,0.05,305,dc80f53f3849600877124fe83ef56e0aa2a64e6dda01143b4e0fcce254edff7c,7.6018545106575806,,,,,,,,,,,,,,,,,,0,0.0,,,,,,,,,,,0,,NavFnDijkstra,92f64f5b18a98f201e55e769c8eeda795775cb3ea34e9f1003cf979982c7b651,154,92f64f5b18a98f201e55e769c8eeda795775cb3ea34e9f1003cf979982c7b651,0,1,cross_aisle_transfer,True,6.348006744507606,3.2439391633256136,7.6018545106575806,1,0.010228432001895271
0.009000000000000001,6.348006744507606,0.016374095356151575,0.00350517885153392,,0.47117671930098154,0.25619225950049973,0.26464466488418537,0,306,2.8712,0,253,True,52.666,251,True,simple_default,simple,6.34801,161,True,3.2439391633256136,adaptive_hybrid,0.05,305,dc80f53f3849600877124fe83ef56e0aa2a64e6dda01143b4e0fcce254edff7c,7.6018545106575806,,,,,,,,,,,,,,,,,,0,0.0,,,,,,,,,,,0,,NavFnDijkstra,92f64f5b18a98f201e55e769c8eeda795775cb3ea34e9f1003cf979982c7b651,154,92f64f5b18a98f201e55e769c8eeda795775cb3ea34e9f1003cf979982c7b651,0,1,cross_aisle_transfer,True,6.348006744507606,3.2439391633256136,7.6018545106575806,1,0.014474055002210662
0.0,52.66601693600629,2.220446049250313e-16,3.9039049494415194e-17,,0.48217923502803417,0.16464466339406925,0.2146446641391273,0,315,,,,,,,,,,,,,13.165099509781205,raw,0.05,305,92f64f5b18a98f201e55e769c8eeda795775cb3ea34e9f1003cf979982c7b651,7.64730035972374,,,,,,,,,,,,,,,,,,0,0.0,,,,,,,,,,,0,,NavFnDijkstra,92f64f5b18a98f201e55e769c8eeda795775cb3ea34e9f1003cf979982c7b651,155,92f64f5b18a98f201e55e769c8eeda795775cb3ea34e9f1003cf979982c7b651,0,2,cross_aisle_transfer,True,52.66601693600629,13.165099509781205,7.64730035972374,1,0.006852479997178307
0.0,6.348006744507606,0.016374095356151575,0.00350517885153392,,0.47117671930098154,0.25619225950049973,0.26464466488418537,0,306,,,,,,,,,,,,,3.2439391633256136,simple,0.05,305,dc80f53f3849600877124fe83ef56e0aa2a64e6dda01143b4e0fcce254edff7c,7.6018545106575806,,,,,,,,,,,,,,,,,,0,0.0,,,,,,,,,,,0,,NavFnDijkstra,92f64f5b18a98f201e55e769c8eeda795775cb3ea34e9f1003cf979982c7b651,154,92f64f5b18a98f201e55e769c8eeda795775cb3ea34e9f1003cf979982c7b651,0,2,cross_aisle_transfer,True,6.348006744507606,3.2439391633256136,7.6018545106575806,1,0.008619497002655407
0.0,18.97208463156048,0.008672060612950346,0.0011890823375907082,,0.454720924674974,0.2146446641391273,0.26041846219234255,0,371,,,,,,,,,,,,,6.907765013992335,savitzky_golay,0.05,305,ed1a2f651387dd1a4752488246e8b76c5399b8c6f25b1a46a73aab3606591b1d,7.628185986284798,,,,,,,,,,,,,,,,,,0,0.0,,,,,,,,,,,0,,NavFnDijkstra,92f64f5b18a98f201e55e769c8eeda795775cb3ea34e9f1003cf979982c7b651,154,92f64f5b18a98f201e55e769c8eeda795775cb3ea34e9f1003cf979982c7b651,0,2,cross_aisle_transfer,True,18.97208463156048,6.907765013992335,7.628185986284798,1,0.008766267001192318
0.015000000000000001,19.253351469553973,0.011845961529586129,0.002588804005923625,,0.46565469875750864,0.25619225950049973,0.26464466488418537,0,337,,,,,,,,,,,,,10.221887378783924,constrained,0.05,305,21e3c81e0f9e5d44bd31bc8b28e2797d34eb90dc22e7ad1ca3cc482c7fdb0920,7.638640340074448,,,,,,,,,,,,,,,,,,0,0.0,,,,,,,,,,,0,,NavFnDijkstra,92f64f5b18a98f201e55e769c8eeda795775cb3ea34e9f1003cf979982c7b651,154,92f64f5b18a98f201e55e769c8eeda795775cb3ea34e9f1003cf979982c7b651,0,2,cross_aisle_transfer,True,19.253351469553973,10.221887378783924,7.638640340074448,1,0.024825263000820996
0.003,2.4417399778041395,0.11694583056700965,0.03564210501512781,,0.34950840382745096,0.1449222268733815,0.1449222268733815,0,309,,,,,,,,,,,,,2.871679394522446,pivot_g2_fixed,0.05,304,fd8657acbd838c29d77c4fb742cc0de868864d30f7cdebaed8de08caa50885bd,7.486826666192253,0,15,"[[-2, -2.8], [-1.76942, -1.11784], [-1.51045, -0.856046], [1.67661, 1.02507], [2, 2.8]]",305,0.075,0.0646147,0.15,0,5,0,4,"[{'index': 0, 'x': -1.76942, 'y': -1.11784, 'turn_angle': -0.643746, 'incoming_length': 1.69789, 'outgoing_length': 0.368236, 'pivot_safe': True, 'pass_through': False, 'radius_min': 0, 'radius_max': 0, 'trim_min': 0, 'trim_max': 0, 'evaluations': 9, 'safe_feasible': 3, 'states': 0, 'selected_radius': 0.4, 'selected_trim': 0.133388, 'selected_score': 0.9}, {'index': 1, 'x': -1.51045, 'y': -0.856046, 'turn_angle': -0.257617, 'incoming_length': 0.368236, 'outgoing_length': 3.70081, 'pivot_safe': True, 'pass_through': False, 'radius_min': 0, 'radius_max': 0, 'trim_min': 0, 'trim_max': 0, 'evaluations': 9, 'safe_feasible': 7, 'states': 0, 'selected_radius': 1.25, 'selected_trim': 0.161907, 'selected_score': 0.88913}, {'index': 2, 'x': 1.67661, 'y': 1.02507, 'turn_angle': 0.857367, 'incoming_length': 3.70081, 'outgoing_length': 1.80415, 'pivot_safe': True, 'pass_through': False, 'radius_min': 0, 'radius_max': 0, 'trim_min': 0, 'trim_max': 0, 'evaluations': 9, 'safe_feasible': 9, 'states': 0, 'selected_radius': 1.5, 'selected_trim': 0.685543, 'selected_score': 0.85}]",3,0,27,none,3,0,0.0,200,0.87971,304,0,0,"{'angular acceleration iteration did not converge': 1, 'transition would overlap an adjacent corner window': 7}",0.00246223,fixed,0.05,,0,19,NavFnDijkstra,92f64f5b18a98f201e55e769c8eeda795775cb3ea34e9f1003cf979982c7b651,151,92f64f5b18a98f201e55e769c8eeda795775cb3ea34e9f1003cf979982c7b651,0,2,cross_aisle_transfer,True,2.4417399778041395,2.871679394522446,7.486826666192253,1,0.009803896999073913
0.006,2.871196451630067,0.11659028755051791,0.03562241509215807,,0.3485447154272944,0.1449222268733815,0.1449222268733815,0,314,,,,,,,,,,,,,3.782648140405735,pivot_g2,0.05,309,8559fe6471eb4fd4d309c708afd2d2a3b4e05423142b17b0da09e430d57fd565,7.488497125603217,48,45,"[[-2, -2.8], [-1.76942, -1.11784], [-1.51045, -0.856046], [1.67661, 1.02507], [2, 2.8]]",305,0.075,0.0646147,0.15,0,5,0,4,"[{'index': 0, 'x': -1.76942, 'y': -1.11784, 'turn_angle': -0.643746, 'incoming_length': 1.69789, 'outgoing_length': 0.368236, 'pivot_safe': True, 'pass_through': False, 'radius_min': 0.1, 'radius_max': 1.10426, 'trim_min': 0.0333469, 'trim_max': 0.368236, 'evaluations': 20, 'safe_feasible': 18, 'states': 6, 'selected_radius': 0.300852, 'selected_trim': 0.100325, 'selected_score': 0.655384}, {'index': 1, 'x': -1.51045, 'y': -0.856046, 'turn_angle': -0.257617, 'incoming_length': 0.368236, 'outgoing_length': 3.70081, 'pivot_safe': True, 'pass_through': False, 'radius_min': 0.1, 'radius_max': 1.5, 'trim_min': 0.0129526, 'trim_max': 0.194288, 'evaluations': 20, 'safe_feasible': 17, 'states': 6, 'selected_radius': 1.5, 'selected_trim': 0.194288, 'selected_score': 0.231619}, {'index': 2, 'x': 1.67661, 'y': 1.02507, 'turn_angle': 0.857367, 'incoming_length': 3.70081, 'outgoing_length': 1.80415, 'pivot_safe': True, 'pass_through': False, 'radius_min': 0.1, 'radius_max': 1.5, 'trim_min': 0.0457028, 'trim_max': 0.685543, 'evaluations': 20, 'safe_feasible': 18, 'states': 6, 'selected_radius': 1.5, 'selected_trim': 0.685543, 'selected_score': 0.466928}]",3,18,60,none,3,0,0.0,200,0.45131,309,0,0,"{'angular acceleration iteration did not converge': 2, 'transition requires a reversing inner wheel': 5}",0.00561135,adaptive,0.05,,0,53,NavFnDijkstra,92f64f5b18a98f201e55e769c8eeda795775cb3ea34e9f1003cf979982c7b651,151,92f64f5b18a98f201e55e769c8eeda795775cb3ea34e9f1003cf979982c7b651,0,2,cross_aisle_transfer,True,2.871196451630067,3.782648140405735,7.488497125603217,1,0.012325826999585843
0.006,6.348006744507606,0.016374095356151575,0.00350517885153392,,0.47117671930098154,0.25619225950049973,0.26464466488418537,0,306,2.44174,0,253,True,52.666,251,True,simple_default,simple,6.34801,161,True,3.2439391633256136,adaptive_hybrid_fixed,0.05,305,dc80f53f3849600877124fe83ef56e0aa2a64e6dda01143b4e0fcce254edff7c,7.6018545106575806,,,,,,,,,,,,,,,,,,0,0.0,,,,,,,,,,,0,,NavFnDijkstra,92f64f5b18a98f201e55e769c8eeda795775cb3ea34e9f1003cf979982c7b651,154,92f64f5b18a98f201e55e769c8eeda795775cb3ea34e9f1003cf979982c7b651,0,2,cross_aisle_transfer,True,6.348006744507606,3.2439391633256136,7.6018545106575806,1,0.011382917000446469
0.006,6.348006744507606,0.016374095356151575,0.00350517885153392,,0.47117671930098154,0.25619225950049973,0.26464466488418537,0,306,2.8712,0,253,True,52.666,251,True,simple_default,simple,6.34801,161,True,3.2439391633256136,adaptive_hybrid,0.05,305,dc80f53f3849600877124fe83ef56e0aa2a64e6dda01143b4e0fcce254edff7c,7.6018545106575806,,,,,,,,,,,,,,,,,,0,0.0,,,,,,,,,,,0,,NavFnDijkstra,92f64f5b18a98f201e55e769c8eeda795775cb3ea34e9f1003cf979982c7b651,154,92f64f5b18a98f201e55e769c8eeda795775cb3ea34e9f1003cf979982c7b651,0,2,cross_aisle_transfer,True,6.348006744507606,3.2439391633256136,7.6018545106575806,1,0.01737629900162574
0.003,52.66601693600629,2.220446049250313e-16,3.9039049494415194e-17,,0.48217923502803417,0.16464466339406925,0.2146446641391273,0,315,,,,,,,,,,,,,13.165099509781205,raw,0.05,305,92f64f5b18a98f201e55e769c8eeda795775cb3ea34e9f1003cf979982c7b651,7.64730035972374,,,,,,,,,,,,,,,,,,0,0.0,,,,,,,,,,,0,,NavFnDijkstra,92f64f5b18a98f201e55e769c8eeda795775cb3ea34e9f1003cf979982c7b651,155,92f64f5b18a98f201e55e769c8eeda795775cb3ea34e9f1003cf979982c7b651,0,3,cross_aisle_transfer,True,52.66601693600629,13.165099509781205,7.64730035972374,1,0.005902381999476347
0.0,6.348006744507606,0.016374095356151575,0.00350517885153392,,0.47117671930098154,0.25619225950049973,0.26464466488418537,0,306,,,,,,,,,,,,,3.2439391633256136,simple,0.05,305,dc80f53f3849600877124fe83ef56e0aa2a64e6dda01143b4e0fcce254edff7c,7.6018545106575806,,,,,,,,,,,,,,,,,,0,0.0,,,,,,,,,,,0,,NavFnDijkstra,92f64f5b18a98f201e55e769c8eeda795775cb3ea34e9f1003cf979982c7b651,154,92f64f5b18a98f201e55e769c8eeda795775cb3ea34e9f1003cf979982c7b651,0,3,cross_aisle_transfer,True,6.348006744507606,3.2439391633256136,7.6018545106575806,1,0.008016870000574272
0.0,18.97208463156048,0.008672060612950346,0.0011890823375907082,,0.454720924674974,0.2146446641391273,0.26041846219234255,0,371,,,,,,,,,,,,,6.907765013992335,savitzky_golay,0.05,305,ed1a2f651387dd1a4752488246e8b76c5399b8c6f25b1a46a73aab3606591b1d,7.628185986284798,,,,,,,,,,,,,,,,,,0,0.0,,,,,,,,,,,0,,NavFnDijkstra,92f64f5b18a98f201e55e769c8eeda795775cb3ea34e9f1003cf979982c7b651,154,92f64f5b18a98f201e55e769c8eeda795775cb3ea34e9f1003cf979982c7b651,0,3,cross_aisle_transfer,True,18.97208463156048,6.907765013992335,7.628185986284798,1,0.008774485999310855
0.018000000000000002,19.253351469553973,0.011845961529586129,0.002588804005923625,,0.46565469875750864,0.25619225950049973,0.26464466488418537,0,337,,,,,,,,,,,,,10.221887378783924,constrained,0.05,305,21e3c81e0f9e5d44bd31bc8b28e2797d34eb90dc22e7ad1ca3cc482c7fdb0920,7.638640340074448,,,,,,,,,,,,,,,,,,0,0.0,,,,,,,,,,,0,,NavFnDijkstra,92f64f5b18a98f201e55e769c8eeda795775cb3ea34e9f1003cf979982c7b651,154,92f64f5b18a98f201e55e769c8eeda795775cb3ea34e9f1003cf979982c7b651,0,3,cross_aisle_transfer,True,19.253351469553973,10.221887378783924,7.638640340074448,1,0.029033015001914464
0.003,2.4417399778041395,0.11694583056700965,0.03564210501512781,,0.34950840382745096,0.1449222268733815,0.1449222268733815,0,309,,,,,,,,,,,,,2.871679394522446,pivot_g2_fixed,0.05,304,fd8657acbd838c29d77c4fb742cc0de868864d30f7cdebaed8de08caa50885bd,7.486826666192253,0,15,"[[-2, -2.8], [-1.76942, -1.11784], [-1.51045, -0.856046], [1.67661, 1.02507], [2, 2.8]]",305,0.075,0.0646147,0.15,0,5,0,4,"[{'index': 0, 'x': -1.76942, 'y': -1.11784, 'turn_angle': -0.643746, 'incoming_length': 1.69789, 'outgoing_length': 0.368236, 'pivot_safe': True, 'pass_through': False, 'radius_min': 0, 'radius_max': 0, 'trim_min': 0, 'trim_max': 0, 'evaluations': 9, 'safe_feasible': 3, 'states': 0, 'selected_radius': 0.4, 'selected_trim': 0.133388, 'selected_score': 0.9}, {'index': 1, 'x': -1.51045, 'y': -0.856046, 'turn_angle': -0.257617, 'incoming_length': 0.368236, 'outgoing_length': 3.70081, 'pivot_safe': True, 'pass_through': False, 'radius_min': 0, 'radius_max': 0, 'trim_min': 0, 'trim_max': 0, 'evaluations': 9, 'safe_feasible': 7, 'states': 0, 'selected_radius': 1.25, 'selected_trim': 0.161907, 'selected_score': 0.88913}, {'index': 2, 'x': 1.67661, 'y': 1.02507, 'turn_angle': 0.857367, 'incoming_length': 3.70081, 'outgoing_length': 1.80415, 'pivot_safe': True, 'pass_through': False, 'radius_min': 0, 'radius_max': 0, 'trim_min': 0, 'trim_max': 0, 'evaluations': 9, 'safe_feasible': 9, 'states': 0, 'selected_radius': 1.5, 'selected_trim': 0.685543, 'selected_score': 0.85}]",3,0,27,none,3,0,0.0,200,0.87971,304,0,0,"{'angular acceleration iteration did not converge': 1, 'transition would overlap an adjacent corner window': 7}",0.00243778,fixed,0.05,,0,19,NavFnDijkstra,92f64f5b18a98f201e55e769c8eeda795775cb3ea34e9f1003cf979982c7b651,151,92f64f5b18a98f201e55e769c8eeda795775cb3ea34e9f1003cf979982c7b651,0,3,cross_aisle_transfer,True,2.4417399778041395,2.871679394522446,7.486826666192253,1,0.008906211001885822
0.006,2.871196451630067,0.11659028755051791,0.03562241509215807,,0.3485447154272944,0.1449222268733815,0.1449222268733815,0,314,,,,,,,,,,,,,3.782648140405735,pivot_g2,0.05,309,8559fe6471eb4fd4d309c708afd2d2a3b4e05423142b17b0da09e430d57fd565,7.488497125603217,48,45,"[[-2, -2.8], [-1.76942, -1.11784], [-1.51045, -0.856046], [1.67661, 1.02507], [2, 2.8]]",305,0.075,0.0646147,0.15,0,5,0,4,"[{'index': 0, 'x': -1.76942, 'y': -1.11784, 'turn_angle': -0.643746, 'incoming_length': 1.69789, 'outgoing_length': 0.368236, 'pivot_safe': True, 'pass_through': False, 'radius_min': 0.1, 'radius_max': 1.10426, 'trim_min': 0.0333469, 'trim_max': 0.368236, 'evaluations': 20, 'safe_feasible': 18, 'states': 6, 'selected_radius': 0.300852, 'selected_trim': 0.100325, 'selected_score': 0.655384}, {'index': 1, 'x': -1.51045, 'y': -0.856046, 'turn_angle': -0.257617, 'incoming_length': 0.368236, 'outgoing_length': 3.70081, 'pivot_safe': True, 'pass_through': False, 'radius_min': 0.1, 'radius_max': 1.5, 'trim_min': 0.0129526, 'trim_max': 0.194288, 'evaluations': 20, 'safe_feasible': 17, 'states': 6, 'selected_radius': 1.5, 'selected_trim': 0.194288, 'selected_score': 0.231619}, {'index': 2, 'x': 1.67661, 'y': 1.02507, 'turn_angle': 0.857367, 'incoming_length': 3.70081, 'outgoing_length': 1.80415, 'pivot_safe': True, 'pass_through': False, 'radius_min': 0.1, 'radius_max': 1.5, 'trim_min': 0.0457028, 'trim_max': 0.685543, 'evaluations': 20, 'safe_feasible': 18, 'states': 6, 'selected_radius': 1.5, 'selected_trim': 0.685543, 'selected_score': 0.466928}]",3,18,60,none,3,0,0.0,200,0.45131,309,0,0,"{'angular acceleration iteration did not converge': 2, 'transition requires a reversing inner wheel': 5}",0.00660977,adaptive,0.05,,0,53,NavFnDijkstra,92f64f5b18a98f201e55e769c8eeda795775cb3ea34e9f1003cf979982c7b651,151,92f64f5b18a98f201e55e769c8eeda795775cb3ea34e9f1003cf979982c7b651,0,3,cross_aisle_transfer,True,2.871196451630067,3.782648140405735,7.488497125603217,1,0.01439240300169331
0.006,6.348006744507606,0.016374095356151575,0.00350517885153392,,0.47117671930098154,0.25619225950049973,0.26464466488418537,0,306,2.44174,0,253,True,52.666,251,True,simple_default,simple,6.34801,161,True,3.2439391633256136,adaptive_hybrid_fixed,0.05,305,dc80f53f3849600877124fe83ef56e0aa2a64e6dda01143b4e0fcce254edff7c,7.6018545106575806,,,,,,,,,,,,,,,,,,0,0.0,,,,,,,,,,,0,,NavFnDijkstra,92f64f5b18a98f201e55e769c8eeda795775cb3ea34e9f1003cf979982c7b651,154,92f64f5b18a98f201e55e769c8eeda795775cb3ea34e9f1003cf979982c7b651,0,3,cross_aisle_transfer,True,6.348006744507606,3.2439391633256136,7.6018545106575806,1,0.011761706999095622
0.009000000000000001,6.348006744507606,0.016374095356151575,0.00350517885153392,,0.47117671930098154,0.25619225950049973,0.26464466488418537,0,306,2.8712,0,253,True,52.666,251,True,simple_default,simple,6.34801,161,True,3.2439391633256136,adaptive_hybrid,0.05,305,dc80f53f3849600877124fe83ef56e0aa2a64e6dda01143b4e0fcce254edff7c,7.6018545106575806,,,,,,,,,,,,,,,,,,0,0.0,,,,,,,,,,,0,,NavFnDijkstra,92f64f5b18a98f201e55e769c8eeda795775cb3ea34e9f1003cf979982c7b651,154,92f64f5b18a98f201e55e769c8eeda795775cb3ea34e9f1003cf979982c7b651,0,3,cross_aisle_transfer,True,6.348006744507606,3.2439391633256136,7.6018545106575806,1,0.016036976001487346
0.003,2.052655618926523,1.2836953722228372e-16,9.045234600965298e-18,,1.1270876172999011,0.6646446708446498,0.9146446745699401,0,401,,,,,,,,,,,,,6.407270518842004,raw,0.05,201,e0c9d1a46574b8f923e8fa1c91071a346c0f4973f5834b6d2225d2e8eb3d9b73,10.029056908990324,,,,,,,,,,,,,,,,,,0,0.0,,,,,,,,,,,0,,ThetaStar,a1d108241d3c523e2abcca4cb8f6e7b87bde538670d2c9c90553ad530576bbbb,202,e0c9d1a46574b8f923e8fa1c91071a346c0f4973f5834b6d2225d2e8eb3d9b73,0,1,central_cross_west_east,True,2.052655618926523,6.407270518842004,10.029056908990324,1,0.006124887000623858
0.0,0.045720359720953244,0.014979453301677466,0.0014613732166083523,,1.1262147993317828,0.6646446708446498,0.9146446745699401,0,401,,,,,,,,,,,,,0.4976408302738858,simple,0.05,201,e645fb4a1e79b1f00a6d2455dbbb75ff95680f7b3d7edc8f9a11c57fc450be43,10.026099067335695,,,,,,,,,,,,,,,,,,0,0.0,,,,,,,,,,,0,,ThetaStar,a1d108241d3c523e2abcca4cb8f6e7b87bde538670d2c9c90553ad530576bbbb,202,e0c9d1a46574b8f923e8fa1c91071a346c0f4973f5834b6d2225d2e8eb3d9b73,0,1,central_cross_west_east,True,0.045720359720953244,0.4976408302738858,10.026099067335695,1,0.008167201998730889
0.0,0.24705528133988283,0.009705439196281824,0.0007699999542237862,,1.1292493056693,0.6646446708446498,0.944644675016975,0,393,,,,,,,,,,,,,1.501219806016148,savitzky_golay,0.05,201,587f3fc06685b9507b946cf097eeb1de24130783af516ffb5174983aa4634edf,10.027111858851432,,,,,,,,,,,,,,,,,,0,0.0,,,,,,,,,,,0,,ThetaStar,a1d108241d3c523e2abcca4cb8f6e7b87bde538670d2c9c90553ad530576bbbb,202,e0c9d1a46574b8f923e8fa1c91071a346c0f4973f5834b6d2225d2e8eb3d9b73,0,1,central_cross_west_east,True,0.24705528133988283,1.501219806016148,10.027111858851432,1,0.007203367000329308
0.012,1.099770501659458,0.00951307112235665,0.0010355072293189514,,1.1239440439995716,0.6646446708446498,0.9146446745699401,0,383,,,,,,,,,,,,,3.190740685188308,constrained,0.05,201,7706df6d786ebd30ad4e09ba11f6ef1eee21439a4c577101692c1fb7a9f167ef,10.030145886180966,,,,,,,,,,,,,,,,,,0,0.0,,,,,,,,,,,0,,ThetaStar,a1d108241d3c523e2abcca4cb8f6e7b87bde538670d2c9c90553ad530576bbbb,202,e0c9d1a46574b8f923e8fa1c91071a346c0f4973f5834b6d2225d2e8eb3d9b73,0,1,central_cross_west_east,True,1.099770501659458,3.190740685188308,10.030145886180966,1,0.0181681860012759
0.0,1.3106267419545628e-29,0.02468814407830728,0.014272602863773536,,1.1241190289391108,0.6646446708446498,0.9146446745699401,0,202,,,,,,,,,,,,,4.6078592330634215e-15,pivot_g2_fixed,0.05,202,404e2b348f632273ed2eb5581646c11bbe1d5aec27f36651368eceea4410d671,10.025031157345065,0,0,"[[-5.025, -0.0249999], [5, 0]]",201,0.075,0.0248128,0.15,0,2,0,1,[],0,0,0,none,0,0,0.0,200,0,202,0,0,{},0.000250601,fixed,0.05,,0,0,ThetaStar,a1d108241d3c523e2abcca4cb8f6e7b87bde538670d2c9c90553ad530576bbbb,202,e0c9d1a46574b8f923e8fa1c91071a346c0f4973f5834b6d2225d2e8eb3d9b73,0,1,central_cross_west_east,True,1.3106267419545628e-29,4.6078592330634215e-15,10.025031157345065,1,0.007233461998112034
0.0,1.3106267419545628e-29,0.02468814407830728,0.014272602863773536,,1.1241190289391108,0.6646446708446498,0.9146446745699401,0,202,,,,,,,,,,,,,4.6078592330634215e-15,pivot_g2,0.05,202,404e2b348f632273ed2eb5581646c11bbe1d5aec27f36651368eceea4410d671,10.025031157345065,0,0,"[[-5.025, -0.0249999], [5, 0]]",201,0.075,0.0248128,0.15,0,2,0,1,[],0,0,0,none,0,0,0.0,200,0,202,0,0,{},0.000266068,adaptive,0.05,,0,0,ThetaStar,a1d108241d3c523e2abcca4cb8f6e7b87bde538670d2c9c90553ad530576bbbb,202,e0c9d1a46574b8f923e8fa1c91071a346c0f4973f5834b6d2225d2e8eb3d9b73,0,1,central_cross_west_east,True,1.3106267419545628e-29,4.6078592330634215e-15,10.025031157345065,1,0.007671262999792816
0.0,0.045720359720953244,0.014979453301677466,0.0014613732166083523,,1.1262147993317828,0.6646446708446498,0.9146446745699401,0,401,1.31063e-29,0,0,True,2.05266,0,True,simple_default,simple,0.0457204,0,True,0.4976408302738858,adaptive_hybrid_fixed,0.05,201,e645fb4a1e79b1f00a6d2455dbbb75ff95680f7b3d7edc8f9a11c57fc450be43,10.026099067335695,,,,,,,,,,,,,,,,,,0,0.0,,,,,,,,,,,0,,ThetaStar,a1d108241d3c523e2abcca4cb8f6e7b87bde538670d2c9c90553ad530576bbbb,202,e0c9d1a46574b8f923e8fa1c91071a346c0f4973f5834b6d2225d2e8eb3d9b73,0,1,central_cross_west_east,True,0.045720359720953244,0.4976408302738858,10.026099067335695,1,0.007088293001288548
0.003,0.045720359720953244,0.014979453301677466,0.0014613732166083523,,1.1262147993317828,0.6646446708446498,0.9146446745699401,0,401,1.31063e-29,0,0,True,2.05266,0,True,simple_default,simple,0.0457204,0,True,0.4976408302738858,adaptive_hybrid,0.05,201,e645fb4a1e79b1f00a6d2455dbbb75ff95680f7b3d7edc8f9a11c57fc450be43,10.026099067335695,,,,,,,,,,,,,,,,,,0,0.0,,,,,,,,,,,0,,ThetaStar,a1d108241d3c523e2abcca4cb8f6e7b87bde538670d2c9c90553ad530576bbbb,202,e0c9d1a46574b8f923e8fa1c91071a346c0f4973f5834b6d2225d2e8eb3d9b73,0,1,central_cross_west_east,True,0.045720359720953244,0.4976408302738858,10.026099067335695,1,0.025227122998330742
0.003,2.052655618926523,1.2836953722228372e-16,9.045234600965298e-18,,1.1270876172999011,0.6646446708446498,0.9146446745699401,0,401,,,,,,,,,,,,,6.407270518842004,raw,0.05,201,e0c9d1a46574b8f923e8fa1c91071a346c0f4973f5834b6d2225d2e8eb3d9b73,10.029056908990324,,,,,,,,,,,,,,,,,,0,0.0,,,,,,,,,,,0,,ThetaStar,a1d108241d3c523e2abcca4cb8f6e7b87bde538670d2c9c90553ad530576bbbb,202,e0c9d1a46574b8f923e8fa1c91071a346c0f4973f5834b6d2225d2e8eb3d9b73,0,2,central_cross_west_east,True,2.052655618926523,6.407270518842004,10.029056908990324,1,0.005021141001634533
0.003,0.045720359720953244,0.014979453301677466,0.0014613732166083523,,1.1262147993317828,0.6646446708446498,0.9146446745699401,0,401,,,,,,,,,,,,,0.4976408302738858,simple,0.05,201,e645fb4a1e79b1f00a6d2455dbbb75ff95680f7b3d7edc8f9a11c57fc450be43,10.026099067335695,,,,,,,,,,,,,,,,,,0,0.0,,,,,,,,,,,0,,ThetaStar,a1d108241d3c523e2abcca4cb8f6e7b87bde538670d2c9c90553ad530576bbbb,202,e0c9d1a46574b8f923e8fa1c91071a346c0f4973f5834b6d2225d2e8eb3d9b73,0,2,central_cross_west_east,True,0.045720359720953244,0.4976408302738858,10.026099067335695,1,0.007152568003220949
0.0,0.24705528133988283,0.009705439196281824,0.0007699999542237862,,1.1292493056693,0.6646446708446498,0.944644675016975,0,393,,,,,,,,,,,,,1.501219806016148,savitzky_golay,0.05,201,587f3fc06685b9507b946cf097eeb1de24130783af516ffb5174983aa4634edf,10.027111858851432,,,,,,,,,,,,,,,,,,0,0.0,,,,,,,,,,,0,,ThetaStar,a1d108241d3c523e2abcca4cb8f6e7b87bde538670d2c9c90553ad530576bbbb,202,e0c9d1a46574b8f923e8fa1c91071a346c0f4973f5834b6d2225d2e8eb3d9b73,0,2,central_cross_west_east,True,0.24705528133988283,1.501219806016148,10.027111858851432,1,0.007024684000498382
0.015000000000000001,1.099770501659458,0.00951307112235665,0.0010355072293189514,,1.1239440439995716,0.6646446708446498,0.9146446745699401,0,383,,,,,,,,,,,,,3.190740685188308,constrained,0.05,201,7706df6d786ebd30ad4e09ba11f6ef1eee21439a4c577101692c1fb7a9f167ef,10.030145886180966,,,,,,,,,,,,,,,,,,0,0.0,,,,,,,,,,,0,,ThetaStar,a1d108241d3c523e2abcca4cb8f6e7b87bde538670d2c9c90553ad530576bbbb,202,e0c9d1a46574b8f923e8fa1c91071a346c0f4973f5834b6d2225d2e8eb3d9b73,0,2,central_cross_west_east,True,1.099770501659458,3.190740685188308,10.030145886180966,1,0.01961177100019995
0.0,1.3106267419545628e-29,0.02468814407830728,0.014272602863773536,,1.1241190289391108,0.6646446708446498,0.9146446745699401,0,202,,,,,,,,,,,,,4.6078592330634215e-15,pivot_g2_fixed,0.05,202,404e2b348f632273ed2eb5581646c11bbe1d5aec27f36651368eceea4410d671,10.025031157345065,0,0,"[[-5.025, -0.0249999], [5, 0]]",201,0.075,0.0248128,0.15,0,2,0,1,[],0,0,0,none,0,0,0.0,200,0,202,0,0,{},0.000264231,fixed,0.05,,0,0,ThetaStar,a1d108241d3c523e2abcca4cb8f6e7b87bde538670d2c9c90553ad530576bbbb,202,e0c9d1a46574b8f923e8fa1c91071a346c0f4973f5834b6d2225d2e8eb3d9b73,0,2,central_cross_west_east,True,1.3106267419545628e-29,4.6078592330634215e-15,10.025031157345065,1,0.007165555001847679
0.0,1.3106267419545628e-29,0.02468814407830728,0.014272602863773536,,1.1241190289391108,0.6646446708446498,0.9146446745699401,0,202,,,,,,,,,,,,,4.6078592330634215e-15,pivot_g2,0.05,202,404e2b348f632273ed2eb5581646c11bbe1d5aec27f36651368eceea4410d671,10.025031157345065,0,0,"[[-5.025, -0.0249999], [5, 0]]",201,0.075,0.0248128,0.15,0,2,0,1,[],0,0,0,none,0,0,0.0,200,0,202,0,0,{},0.000165115,adaptive,0.05,,0,0,ThetaStar,a1d108241d3c523e2abcca4cb8f6e7b87bde538670d2c9c90553ad530576bbbb,202,e0c9d1a46574b8f923e8fa1c91071a346c0f4973f5834b6d2225d2e8eb3d9b73,0,2,central_cross_west_east,True,1.3106267419545628e-29,4.6078592330634215e-15,10.025031157345065,1,0.007019986998784589
0.003,0.045720359720953244,0.014979453301677466,0.0014613732166083523,,1.1262147993317828,0.6646446708446498,0.9146446745699401,0,401,1.31063e-29,0,0,True,2.05266,0,True,simple_default,simple,0.0457204,0,True,0.4976408302738858,adaptive_hybrid_fixed,0.05,201,e645fb4a1e79b1f00a6d2455dbbb75ff95680f7b3d7edc8f9a11c57fc450be43,10.026099067335695,,,,,,,,,,,,,,,,,,0,0.0,,,,,,,,,,,0,,ThetaStar,a1d108241d3c523e2abcca4cb8f6e7b87bde538670d2c9c90553ad530576bbbb,202,e0c9d1a46574b8f923e8fa1c91071a346c0f4973f5834b6d2225d2e8eb3d9b73,0,2,central_cross_west_east,True,0.045720359720953244,0.4976408302738858,10.026099067335695,1,0.006567204000020865
0.0,0.045720359720953244,0.014979453301677466,0.0014613732166083523,,1.1262147993317828,0.6646446708446498,0.9146446745699401,0,401,1.31063e-29,0,0,True,2.05266,0,True,simple_default,simple,0.0457204,0,True,0.4976408302738858,adaptive_hybrid,0.05,201,e645fb4a1e79b1f00a6d2455dbbb75ff95680f7b3d7edc8f9a11c57fc450be43,10.026099067335695,,,,,,,,,,,,,,,,,,0,0.0,,,,,,,,,,,0,,ThetaStar,a1d108241d3c523e2abcca4cb8f6e7b87bde538670d2c9c90553ad530576bbbb,202,e0c9d1a46574b8f923e8fa1c91071a346c0f4973f5834b6d2225d2e8eb3d9b73,0,2,central_cross_west_east,True,0.045720359720953244,0.4976408302738858,10.026099067335695,1,0.007166213999880711
0.003,2.052655618926523,1.2836953722228372e-16,9.045234600965298e-18,,1.1270876172999011,0.6646446708446498,0.9146446745699401,0,401,,,,,,,,,,,,,6.407270518842004,raw,0.05,201,e0c9d1a46574b8f923e8fa1c91071a346c0f4973f5834b6d2225d2e8eb3d9b73,10.029056908990324,,,,,,,,,,,,,,,,,,0,0.0,,,,,,,,,,,0,,ThetaStar,a1d108241d3c523e2abcca4cb8f6e7b87bde538670d2c9c90553ad530576bbbb,202,e0c9d1a46574b8f923e8fa1c91071a346c0f4973f5834b6d2225d2e8eb3d9b73,0,3,central_cross_west_east,True,2.052655618926523,6.407270518842004,10.029056908990324,1,0.005365222001273651
0.0,0.045720359720953244,0.014979453301677466,0.0014613732166083523,,1.1262147993317828,0.6646446708446498,0.9146446745699401,0,401,,,,,,,,,,,,,0.4976408302738858,simple,0.05,201,e645fb4a1e79b1f00a6d2455dbbb75ff95680f7b3d7edc8f9a11c57fc450be43,10.026099067335695,,,,,,,,,,,,,,,,,,0,0.0,,,,,,,,,,,0,,ThetaStar,a1d108241d3c523e2abcca4cb8f6e7b87bde538670d2c9c90553ad530576bbbb,202,e0c9d1a46574b8f923e8fa1c91071a346c0f4973f5834b6d2225d2e8eb3d9b73,0,3,central_cross_west_east,True,0.045720359720953244,0.4976408302738858,10.026099067335695,1,0.007274722000147449
0.0,0.24705528133988283,0.009705439196281824,0.0007699999542237862,,1.1292493056693,0.6646446708446498,0.944644675016975,0,393,,,,,,,,,,,,,1.501219806016148,savitzky_golay,0.05,201,587f3fc06685b9507b946cf097eeb1de24130783af516ffb5174983aa4634edf,10.027111858851432,,,,,,,,,,,,,,,,,,0,0.0,,,,,,,,,,,0,,ThetaStar,a1d108241d3c523e2abcca4cb8f6e7b87bde538670d2c9c90553ad530576bbbb,202,e0c9d1a46574b8f923e8fa1c91071a346c0f4973f5834b6d2225d2e8eb3d9b73,0,3,central_cross_west_east,True,0.24705528133988283,1.501219806016148,10.027111858851432,1,0.00723930499952985
0.012,1.099770501659458,0.00951307112235665,0.0010355072293189514,,1.1239440439995716,0.6646446708446498,0.9146446745699401,0,383,,,,,,,,,,,,,3.190740685188308,constrained,0.05,201,7706df6d786ebd30ad4e09ba11f6ef1eee21439a4c577101692c1fb7a9f167ef,10.030145886180966,,,,,,,,,,,,,,,,,,0,0.0,,,,,,,,,,,0,,ThetaStar,a1d108241d3c523e2abcca4cb8f6e7b87bde538670d2c9c90553ad530576bbbb,202,e0c9d1a46574b8f923e8fa1c91071a346c0f4973f5834b6d2225d2e8eb3d9b73,0,3,central_cross_west_east,True,1.099770501659458,3.190740685188308,10.030145886180966,1,0.016268308001599507
0.003,1.3106267419545628e-29,0.02468814407830728,0.014272602863773536,,1.1241190289391108,0.6646446708446498,0.9146446745699401,0,202,,,,,,,,,,,,,4.6078592330634215e-15,pivot_g2_fixed,0.05,202,404e2b348f632273ed2eb5581646c11bbe1d5aec27f36651368eceea4410d671,10.025031157345065,0,0,"[[-5.025, -0.0249999], [5, 0]]",201,0.075,0.0248128,0.15,0,2,0,1,[],0,0,0,none,0,0,0.0,200,0,202,0,0,{},0.000150562,fixed,0.05,,0,0,ThetaStar,a1d108241d3c523e2abcca4cb8f6e7b87bde538670d2c9c90553ad530576bbbb,202,e0c9d1a46574b8f923e8fa1c91071a346c0f4973f5834b6d2225d2e8eb3d9b73,0,3,central_cross_west_east,True,1.3106267419545628e-29,4.6078592330634215e-15,10.025031157345065,1,0.007147144999180455
0.0,1.3106267419545628e-29,0.02468814407830728,0.014272602863773536,,1.1241190289391108,0.6646446708446498,0.9146446745699401,0,202,,,,,,,,,,,,,4.6078592330634215e-15,pivot_g2,0.05,202,404e2b348f632273ed2eb5581646c11bbe1d5aec27f36651368eceea4410d671,10.025031157345065,0,0,"[[-5.025, -0.0249999], [5, 0]]",201,0.075,0.0248128,0.15,0,2,0,1,[],0,0,0,none,0,0,0.0,200,0,202,0,0,{},0.000259055,adaptive,0.05,,0,0,ThetaStar,a1d108241d3c523e2abcca4cb8f6e7b87bde538670d2c9c90553ad530576bbbb,202,e0c9d1a46574b8f923e8fa1c91071a346c0f4973f5834b6d2225d2e8eb3d9b73,0,3,central_cross_west_east,True,1.3106267419545628e-29,4.6078592330634215e-15,10.025031157345065,1,0.006777589998819167
0.003,0.045720359720953244,0.014979453301677466,0.0014613732166083523,,1.1262147993317828,0.6646446708446498,0.9146446745699401,0,401,1.31063e-29,0,0,True,2.05266,0,True,simple_default,simple,0.0457204,0,True,0.4976408302738858,adaptive_hybrid_fixed,0.05,201,e645fb4a1e79b1f00a6d2455dbbb75ff95680f7b3d7edc8f9a11c57fc450be43,10.026099067335695,,,,,,,,,,,,,,,,,,0,0.0,,,,,,,,,,,0,,ThetaStar,a1d108241d3c523e2abcca4cb8f6e7b87bde538670d2c9c90553ad530576bbbb,202,e0c9d1a46574b8f923e8fa1c91071a346c0f4973f5834b6d2225d2e8eb3d9b73,0,3,central_cross_west_east,True,0.045720359720953244,0.4976408302738858,10.026099067335695,1,0.006782052001653938
0.003,0.045720359720953244,0.014979453301677466,0.0014613732166083523,,1.1262147993317828,0.6646446708446498,0.9146446745699401,0,401,1.31063e-29,0,0,True,2.05266,0,True,simple_default,simple,0.0457204,0,True,0.4976408302738858,adaptive_hybrid,0.05,201,e645fb4a1e79b1f00a6d2455dbbb75ff95680f7b3d7edc8f9a11c57fc450be43,10.026099067335695,,,,,,,,,,,,,,,,,,0,0.0,,,,,,,,,,,0,,ThetaStar,a1d108241d3c523e2abcca4cb8f6e7b87bde538670d2c9c90553ad530576bbbb,202,e0c9d1a46574b8f923e8fa1c91071a346c0f4973f5834b6d2225d2e8eb3d9b73,0,3,central_cross_west_east,True,0.045720359720953244,0.4976408302738858,10.026099067335695,1,0.006539925998367835
0.003,13.65669722521772,6.938893903907228e-18,4.894318394028917e-19,,1.0900231111264782,0.6146446700995918,0.6646446708446498,0,435,,,,,,,,,,,,,17.888433251045573,raw,0.05,201,8c6877559fcc3d496a79341785b7b6ed428353472dfa93dd2f5bb8fd4bca8182,9.985355412816665,,,,,,,,,,,,,,,,,,0,0.0,,,,,,,,,,,0,,ThetaStar,46cef127de9504a18fd69b19313e3decf9c14fd4187ca3e0825adf3442820a5c,201,8c6877559fcc3d496a79341785b7b6ed428353472dfa93dd2f5bb8fd4bca8182,0,1,central_cross_east_west,True,13.65669722521772,17.888433251045573,9.985355412816665,1,0.005266539999865927
0.0,0.10663624189871969,0.015188301803150629,0.001562442883324365,,1.0893661256336638,0.6146446700995918,0.6646446708446498,0,408,,,,,,,,,,,,,0.8883882297499557,simple,0.05,201,983d11f53e81d5f2135bc2c659bd4ba6abaacc1cd0ee4e47b03fe002edff8af4,9.97638928818143,,,,,,,,,,,,,,,,,,0,0.0,,,,,,,,,,,0,,ThetaStar,46cef127de9504a18fd69b19313e3decf9c14fd4187ca3e0825adf3442820a5c,201,8c6877559fcc3d496a79341785b7b6ed428353472dfa93dd2f5bb8fd4bca8182,0,1,central_cross_east_west,True,0.10663624189871969,0.8883882297499557,9.97638928818143,1,0.007547845001681708
0.0,1.009599271265266,0.01159140452039959,0.00088517239101478,,1.09634189134652,0.6146446700995918,0.6646446708446498,0,424,,,,,,,,,,,,,3.8866973149549278,savitzky_golay,0.05,201,b8d73576dae4ac41f6e5c253d8a376ddf3ced49178d0ce28093dd64f957c545e,9.978286253989916,,,,,,,,,,,,,,,,,,0,0.0,,,,,,,,,,,0,,ThetaStar,46cef127de9504a18fd69b19313e3decf9c14fd4187ca3e0825adf3442820a5c,201,8c6877559fcc3d496a79341785b7b6ed428353472dfa93dd2f5bb8fd4bca8182,0,1,central_cross_east_west,True,1.009599271265266,3.8866973149549278,9.978286253989916,1,0.008091851999779465
0.012,4.961779168829945,0.031260873942234174,0.003941181975102849,,1.0754386152322284,0.6146446700995918,0.6646446708446498,0,417,,,,,,,,,,,,,6.4519887086868515,constrained,0.05,201,fb9ac164bafc331069694394a25efc8b1fb9e355484a001ef62d540ae15ea53b,9.994401000472852,,,,,,,,,,,,,,,,,,0,0.0,,,,,,,,,,,0,,ThetaStar,46cef127de9504a18fd69b19313e3decf9c14fd4187ca3e0825adf3442820a5c,201,8c6877559fcc3d496a79341785b7b6ed428353472dfa93dd2f5bb8fd4bca8182,0,1,central_cross_east_west,True,4.961779168829945,6.4519887086868515,9.994401000472852,1,0.01690838300055475
0.0,7.734579103481532e-30,0.02481189295581806,0.014325920536184542,,1.1264049710191826,0.6646446708446498,0.9146446745699401,0,201,,,,,,,,,,,,,2.7782680669941647e-15,pivot_g2_fixed,0.05,201,58e0d266ec35f900594316b8b2bd4711c93f23cbeb560716502757f37f1efa45,9.975031491662886,0,0,"[[4.975, -0.0249999], [-5, 0]]",201,0.075,0.0249372,0.15,0,2,0,1,[],0,0,0,none,0,0,0.0,200,0,201,0,0,{},0.000267738,fixed,0.05,,0,0,ThetaStar,46cef127de9504a18fd69b19313e3decf9c14fd4187ca3e0825adf3442820a5c,201,8c6877559fcc3d496a79341785b7b6ed428353472dfa93dd2f5bb8fd4bca8182,0,1,central_cross_east_west,True,7.734579103481532e-30,2.7782680669941647e-15,9.975031491662886,1,0.006698445999063551
0.0,7.734579103481532e-30,0.02481189295581806,0.014325920536184542,,1.1264049710191826,0.6646446708446498,0.9146446745699401,0,201,,,,,,,,,,,,,2.7782680669941647e-15,pivot_g2,0.05,201,58e0d266ec35f900594316b8b2bd4711c93f23cbeb560716502757f37f1efa45,9.975031491662886,0,0,"[[4.975, -0.0249999], [-5, 0]]",201,0.075,0.0249372,0.15,0,2,0,1,[],0,0,0,none,0,0,0.0,200,0,201,0,0,{},0.000215148,adaptive,0.05,,0,0,ThetaStar,46cef127de9504a18fd69b19313e3decf9c14fd4187ca3e0825adf3442820a5c,201,8c6877559fcc3d496a79341785b7b6ed428353472dfa93dd2f5bb8fd4bca8182,0,1,central_cross_east_west,True,7.734579103481532e-30,2.7782680669941647e-15,9.975031491662886,1,0.007115226999303559
0.003,0.10663624189871969,0.015188301803150629,0.001562442883324365,,1.0893661256336638,0.6146446700995918,0.6646446708446498,0,408,7.73458e-30,0,0,True,13.6567,0,True,simple_default,simple,0.106636,0,True,0.8883882297499557,adaptive_hybrid_fixed,0.05,201,983d11f53e81d5f2135bc2c659bd4ba6abaacc1cd0ee4e47b03fe002edff8af4,9.97638928818143,,,,,,,,,,,,,,,,,,0,0.0,,,,,,,,,,,0,,ThetaStar,46cef127de9504a18fd69b19313e3decf9c14fd4187ca3e0825adf3442820a5c,201,8c6877559fcc3d496a79341785b7b6ed428353472dfa93dd2f5bb8fd4bca8182,0,1,central_cross_east_west,True,0.10663624189871969,0.8883882297499557,9.97638928818143,1,0.00613646299825632
0.0,0.10663624189871969,0.015188301803150629,0.001562442883324365,,1.0893661256336638,0.6146446700995918,0.6646446708446498,0,408,7.73458e-30,0,0,True,13.6567,0,True,simple_default,simple,0.106636,0,True,0.8883882297499557,adaptive_hybrid,0.05,201,983d11f53e81d5f2135bc2c659bd4ba6abaacc1cd0ee4e47b03fe002edff8af4,9.97638928818143,,,,,,,,,,,,,,,,,,0,0.0,,,,,,,,,,,0,,ThetaStar,46cef127de9504a18fd69b19313e3decf9c14fd4187ca3e0825adf3442820a5c,201,8c6877559fcc3d496a79341785b7b6ed428353472dfa93dd2f5bb8fd4bca8182,0,1,central_cross_east_west,True,0.10663624189871969,0.8883882297499557,9.97638928818143,1,0.007081596999341855
0.003,13.65669722521772,6.938893903907228e-18,4.894318394028917e-19,,1.0900231111264782,0.6146446700995918,0.6646446708446498,0,435,,,,,,,,,,,,,17.888433251045573,raw,0.05,201,8c6877559fcc3d496a79341785b7b6ed428353472dfa93dd2f5bb8fd4bca8182,9.985355412816665,,,,,,,,,,,,,,,,,,0,0.0,,,,,,,,,,,0,,ThetaStar,46cef127de9504a18fd69b19313e3decf9c14fd4187ca3e0825adf3442820a5c,201,8c6877559fcc3d496a79341785b7b6ed428353472dfa93dd2f5bb8fd4bca8182,0,2,central_cross_east_west,True,13.65669722521772,17.888433251045573,9.985355412816665,1,0.005012046996853314
0.0,0.10663624189871969,0.015188301803150629,0.001562442883324365,,1.0893661256336638,0.6146446700995918,0.6646446708446498,0,408,,,,,,,,,,,,,0.8883882297499557,simple,0.05,201,983d11f53e81d5f2135bc2c659bd4ba6abaacc1cd0ee4e47b03fe002edff8af4,9.97638928818143,,,,,,,,,,,,,,,,,,0,0.0,,,,,,,,,,,0,,ThetaStar,46cef127de9504a18fd69b19313e3decf9c14fd4187ca3e0825adf3442820a5c,201,8c6877559fcc3d496a79341785b7b6ed428353472dfa93dd2f5bb8fd4bca8182,0,2,central_cross_east_west,True,0.10663624189871969,0.8883882297499557,9.97638928818143,1,0.007255813998199301
0.0,1.009599271265266,0.01159140452039959,0.00088517239101478,,1.09634189134652,0.6146446700995918,0.6646446708446498,0,424,,,,,,,,,,,,,3.8866973149549278,savitzky_golay,0.05,201,b8d73576dae4ac41f6e5c253d8a376ddf3ced49178d0ce28093dd64f957c545e,9.978286253989916,,,,,,,,,,,,,,,,,,0,0.0,,,,,,,,,,,0,,ThetaStar,46cef127de9504a18fd69b19313e3decf9c14fd4187ca3e0825adf3442820a5c,201,8c6877559fcc3d496a79341785b7b6ed428353472dfa93dd2f5bb8fd4bca8182,0,2,central_cross_east_west,True,1.009599271265266,3.8866973149549278,9.978286253989916,1,0.008135470001434442
0.015000000000000001,4.961779168829945,0.031260873942234174,0.003941181975102849,,1.0754386152322284,0.6146446700995918,0.6646446708446498,0,417,,,,,,,,,,,,,6.4519887086868515,constrained,0.05,201,fb9ac164bafc331069694394a25efc8b1fb9e355484a001ef62d540ae15ea53b,9.994401000472852,,,,,,,,,,,,,,,,,,0,0.0,,,,,,,,,,,0,,ThetaStar,46cef127de9504a18fd69b19313e3decf9c14fd4187ca3e0825adf3442820a5c,201,8c6877559fcc3d496a79341785b7b6ed428353472dfa93dd2f5bb8fd4bca8182,0,2,central_cross_east_west,True,4.961779168829945,6.4519887086868515,9.994401000472852,1,0.017752973002643557
0.0,7.734579103481532e-30,0.02481189295581806,0.014325920536184542,,1.1264049710191826,0.6646446708446498,0.9146446745699401,0,201,,,,,,,,,,,,,2.7782680669941647e-15,pivot_g2_fixed,0.05,201,58e0d266ec35f900594316b8b2bd4711c93f23cbeb560716502757f37f1efa45,9.975031491662886,0,0,"[[4.975, -0.0249999], [-5, 0]]",201,0.075,0.0249372,0.15,0,2,0,1,[],0,0,0,none,0,0,0.0,200,0,201,0,0,{},0.000273415,fixed,0.05,,0,0,ThetaStar,46cef127de9504a18fd69b19313e3decf9c14fd4187ca3e0825adf3442820a5c,201,8c6877559fcc3d496a79341785b7b6ed428353472dfa93dd2f5bb8fd4bca8182,0,2,central_cross_east_west,True,7.734579103481532e-30,2.7782680669941647e-15,9.975031491662886,1,0.0065681480009516235
0.0,7.734579103481532e-30,0.02481189295581806,0.014325920536184542,,1.1264049710191826,0.6646446708446498,0.9146446745699401,0,201,,,,,,,,,,,,,2.7782680669941647e-15,pivot_g2,0.05,201,58e0d266ec35f900594316b8b2bd4711c93f23cbeb560716502757f37f1efa45,9.975031491662886,0,0,"[[4.975, -0.0249999], [-5, 0]]",201,0.075,0.0249372,0.15,0,2,0,1,[],0,0,0,none,0,0,0.0,200,0,201,0,0,{},0.000276871,adaptive,0.05,,0,0,ThetaStar,46cef127de9504a18fd69b19313e3decf9c14fd4187ca3e0825adf3442820a5c,201,8c6877559fcc3d496a79341785b7b6ed428353472dfa93dd2f5bb8fd4bca8182,0,2,central_cross_east_west,True,7.734579103481532e-30,2.7782680669941647e-15,9.975031491662886,1,0.007208135997643694
0.0,0.10663624189871969,0.015188301803150629,0.001562442883324365,,1.0893661256336638,0.6146446700995918,0.6646446708446498,0,408,7.73458e-30,0,0,True,13.6567,0,True,simple_default,simple,0.106636,0,True,0.8883882297499557,adaptive_hybrid_fixed,0.05,201,983d11f53e81d5f2135bc2c659bd4ba6abaacc1cd0ee4e47b03fe002edff8af4,9.97638928818143,,,,,,,,,,,,,,,,,,0,0.0,,,,,,,,,,,0,,ThetaStar,46cef127de9504a18fd69b19313e3decf9c14fd4187ca3e0825adf3442820a5c,201,8c6877559fcc3d496a79341785b7b6ed428353472dfa93dd2f5bb8fd4bca8182,0,2,central_cross_east_west,True,0.10663624189871969,0.8883882297499557,9.97638928818143,1,0.007049751002341509
0.003,0.10663624189871969,0.015188301803150629,0.001562442883324365,,1.0893661256336638,0.6146446700995918,0.6646446708446498,0,408,7.73458e-30,0,0,True,13.6567,0,True,simple_default,simple,0.106636,0,True,0.8883882297499557,adaptive_hybrid,0.05,201,983d11f53e81d5f2135bc2c659bd4ba6abaacc1cd0ee4e47b03fe002edff8af4,9.97638928818143,,,,,,,,,,,,,,,,,,0,0.0,,,,,,,,,,,0,,ThetaStar,46cef127de9504a18fd69b19313e3decf9c14fd4187ca3e0825adf3442820a5c,201,8c6877559fcc3d496a79341785b7b6ed428353472dfa93dd2f5bb8fd4bca8182,0,2,central_cross_east_west,True,0.10663624189871969,0.8883882297499557,9.97638928818143,1,0.006752368997695157
0.003,13.65669722521772,6.938893903907228e-18,4.894318394028917e-19,,1.0900231111264782,0.6146446700995918,0.6646446708446498,0,435,,,,,,,,,,,,,17.888433251045573,raw,0.05,201,8c6877559fcc3d496a79341785b7b6ed428353472dfa93dd2f5bb8fd4bca8182,9.985355412816665,,,,,,,,,,,,,,,,,,0,0.0,,,,,,,,,,,0,,ThetaStar,46cef127de9504a18fd69b19313e3decf9c14fd4187ca3e0825adf3442820a5c,201,8c6877559fcc3d496a79341785b7b6ed428353472dfa93dd2f5bb8fd4bca8182,0,3,central_cross_east_west,True,13.65669722521772,17.888433251045573,9.985355412816665,1,0.005244235999271041
0.003,0.10663624189871969,0.015188301803150629,0.001562442883324365,,1.0893661256336638,0.6146446700995918,0.6646446708446498,0,408,,,,,,,,,,,,,0.8883882297499557,simple,0.05,201,983d11f53e81d5f2135bc2c659bd4ba6abaacc1cd0ee4e47b03fe002edff8af4,9.97638928818143,,,,,,,,,,,,,,,,,,0,0.0,,,,,,,,,,,0,,ThetaStar,46cef127de9504a18fd69b19313e3decf9c14fd4187ca3e0825adf3442820a5c,201,8c6877559fcc3d496a79341785b7b6ed428353472dfa93dd2f5bb8fd4bca8182,0,3,central_cross_east_west,True,0.10663624189871969,0.8883882297499557,9.97638928818143,1,0.0072959009994519874
0.003,1.009599271265266,0.01159140452039959,0.00088517239101478,,1.09634189134652,0.6146446700995918,0.6646446708446498,0,424,,,,,,,,,,,,,3.8866973149549278,savitzky_golay,0.05,201,b8d73576dae4ac41f6e5c253d8a376ddf3ced49178d0ce28093dd64f957c545e,9.978286253989916,,,,,,,,,,,,,,,,,,0,0.0,,,,,,,,,,,0,,ThetaStar,46cef127de9504a18fd69b19313e3decf9c14fd4187ca3e0825adf3442820a5c,201,8c6877559fcc3d496a79341785b7b6ed428353472dfa93dd2f5bb8fd4bca8182,0,3,central_cross_east_west,True,1.009599271265266,3.8866973149549278,9.978286253989916,1,0.0069406809998326935
0.012,4.961779168829945,0.031260873942234174,0.003941181975102849,,1.0754386152322284,0.6146446700995918,0.6646446708446498,0,417,,,,,,,,,,,,,6.4519887086868515,constrained,0.05,201,fb9ac164bafc331069694394a25efc8b1fb9e355484a001ef62d540ae15ea53b,9.994401000472852,,,,,,,,,,,,,,,,,,0,0.0,,,,,,,,,,,0,,ThetaStar,46cef127de9504a18fd69b19313e3decf9c14fd4187ca3e0825adf3442820a5c,201,8c6877559fcc3d496a79341785b7b6ed428353472dfa93dd2f5bb8fd4bca8182,0,3,central_cross_east_west,True,4.961779168829945,6.4519887086868515,9.994401000472852,1,0.018688449999899603
0.0,7.734579103481532e-30,0.02481189295581806,0.014325920536184542,,1.1264049710191826,0.6646446708446498,0.9146446745699401,0,201,,,,,,,,,,,,,2.7782680669941647e-15,pivot_g2_fixed,0.05,201,58e0d266ec35f900594316b8b2bd4711c93f23cbeb560716502757f37f1efa45,9.975031491662886,0,0,"[[4.975, -0.0249999], [-5, 0]]",201,0.075,0.0249372,0.15,0,2,0,1,[],0,0,0,none,0,0,0.0,200,0,201,0,0,{},0.000279589,fixed,0.05,,0,0,ThetaStar,46cef127de9504a18fd69b19313e3decf9c14fd4187ca3e0825adf3442820a5c,201,8c6877559fcc3d496a79341785b7b6ed428353472dfa93dd2f5bb8fd4bca8182,0,3,central_cross_east_west,True,7.734579103481532e-30,2.7782680669941647e-15,9.975031491662886,1,0.00763017000281252
0.0,7.734579103481532e-30,0.02481189295581806,0.014325920536184542,,1.1264049710191826,0.6646446708446498,0.9146446745699401,0,201,,,,,,,,,,,,,2.7782680669941647e-15,pivot_g2,0.05,201,58e0d266ec35f900594316b8b2bd4711c93f23cbeb560716502757f37f1efa45,9.975031491662886,0,0,"[[4.975, -0.0249999], [-5, 0]]",201,0.075,0.0249372,0.15,0,2,0,1,[],0,0,0,none,0,0,0.0,200,0,201,0,0,{},0.000180252,adaptive,0.05,,0,0,ThetaStar,46cef127de9504a18fd69b19313e3decf9c14fd4187ca3e0825adf3442820a5c,201,8c6877559fcc3d496a79341785b7b6ed428353472dfa93dd2f5bb8fd4bca8182,0,3,central_cross_east_west,True,7.734579103481532e-30,2.7782680669941647e-15,9.975031491662886,1,0.0069766380001965445
0.0,0.10663624189871969,0.015188301803150629,0.001562442883324365,,1.0893661256336638,0.6146446700995918,0.6646446708446498,0,408,7.73458e-30,0,0,True,13.6567,0,True,simple_default,simple,0.106636,0,True,0.8883882297499557,adaptive_hybrid_fixed,0.05,201,983d11f53e81d5f2135bc2c659bd4ba6abaacc1cd0ee4e47b03fe002edff8af4,9.97638928818143,,,,,,,,,,,,,,,,,,0,0.0,,,,,,,,,,,0,,ThetaStar,46cef127de9504a18fd69b19313e3decf9c14fd4187ca3e0825adf3442820a5c,201,8c6877559fcc3d496a79341785b7b6ed428353472dfa93dd2f5bb8fd4bca8182,0,3,central_cross_east_west,True,0.10663624189871969,0.8883882297499557,9.97638928818143,1,0.0069683250003436115
0.003,0.10663624189871969,0.015188301803150629,0.001562442883324365,,1.0893661256336638,0.6146446700995918,0.6646446708446498,0,408,7.73458e-30,0,0,True,13.6567,0,True,simple_default,simple,0.106636,0,True,0.8883882297499557,adaptive_hybrid,0.05,201,983d11f53e81d5f2135bc2c659bd4ba6abaacc1cd0ee4e47b03fe002edff8af4,9.97638928818143,,,,,,,,,,,,,,,,,,0,0.0,,,,,,,,,,,0,,ThetaStar,46cef127de9504a18fd69b19313e3decf9c14fd4187ca3e0825adf3442820a5c,201,8c6877559fcc3d496a79341785b7b6ed428353472dfa93dd2f5bb8fd4bca8182,0,3,central_cross_east_west,True,0.10663624189871969,0.8883882297499557,9.97638928818143,1,0.006140522000350757
0.003,2.0526629632926268,0.0,0.0,,1.015468300664275,0.6146446700995918,0.7046446714406963,0,257,,,,,,,,,,,,,6.407281883415833,raw,0.05,121,70de2048057137c65b982f20936f24be4709fc1b0df9a894869649c80a954322,6.029056920770706,,,,,,,,,,,,,,,,,,0,0.0,,,,,,,,,,,0,,ThetaStar,61b301783c2239863ec4a506fae9d30456728474099bd00d15677d887f9af4a1,122,70de2048057137c65b982f20936f24be4709fc1b0df9a894869649c80a954322,0,1,west_service_lane,True,2.0526629632926268,6.407281883415833,6.029056920770706,1,0.0043081170006189495
0.0,0.04572045765545946,0.014979458236926995,0.0018804306724286958,,1.0723799619359786,0.6646446708446498,0.814644673079824,0,241,,,,,,,,,,,,,0.4976412606810351,simple,0.05,121,898dbc2af095a4b59a004b3b00e43983eb187dae17f7cafbe03ff00cacaf0993,6.026099070365083,,,,,,,,,,,,,,,,,,0,0.0,,,,,,,,,,,0,,ThetaStar,61b301783c2239863ec4a506fae9d30456728474099bd00d15677d887f9af4a1,122,70de2048057137c65b982f20936f24be4709fc1b0df9a894869649c80a954322,0,1,west_service_lane,True,0.04572045765545946,0.4976412606810351,6.026099070365083,1,0.005801232997328043
0.0,0.24705586989754047,0.009705439277824962,0.0009908014347272732,,1.076079027571034,0.6646446708446498,0.814644673079824,0,233,,,,,,,,,,,,,1.5012235873445579,savitzky_golay,0.05,121,aa7baabb9709929813e0106074e5f94dc39f4d7e3e2b8de9d13814a344c02baa,6.0271118644376385,,,,,,,,,,,,,,,,,,0,0.0,,,,,,,,,,,0,,ThetaStar,61b301783c2239863ec4a506fae9d30456728474099bd00d15677d887f9af4a1,122,70de2048057137c65b982f20936f24be4709fc1b0df9a894869649c80a954322,0,1,west_service_lane,True,0.24705586989754047,1.5012235873445579,6.0271118644376385,1,0.005492377000337001
0.009000000000000001,1.1076168937447013,0.009313522024416265,0.0012999334282628773,,1.0428804574188975,0.6146446700995918,0.6646446708446498,0,239,,,,,,,,,,,,,3.2265564799797617,constrained,0.05,121,d754267678508a9b3e26489e5f042930122b4ef59ea6a0739ae25e88b8f6577b,6.030115746215721,,,,,,,,,,,,,,,,,,0,0.0,,,,,,,,,,,0,,ThetaStar,61b301783c2239863ec4a506fae9d30456728474099bd00d15677d887f9af4a1,122,70de2048057137c65b982f20936f24be4709fc1b0df9a894869649c80a954322,0,1,west_service_lane,True,1.1076168937447013,3.2265564799797617,6.030115746215721,1,0.01152460099910968
0.0,7.230312326514968e-25,0.024481095588323676,0.014166590650864348,,1.0395982083302562,0.6646446708446498,0.814644673079824,0,122,,,,,,,,,,,,,7.112637302047963e-13,pivot_g2_fixed,0.05,122,1dc7cf9e87364896fe36828d8ab0e775525b9f7ea2e3c029fff4a191f6b1cdc1,6.025051852376959,0,0,"[[-4.525, -3.025], [-4.5, 3]]",121,0.075,0.0246886,0.15,0,2,0,1,[],0,0,0,none,0,0,0.0,200,0,122,0,0,{},0.000187667,fixed,0.05,,0,0,ThetaStar,61b301783c2239863ec4a506fae9d30456728474099bd00d15677d887f9af4a1,122,70de2048057137c65b982f20936f24be4709fc1b0df9a894869649c80a954322,0,1,west_service_lane,True,7.230312326514968e-25,7.112637302047963e-13,6.025051852376959,1,0.005160835000424413
0.0,7.230312326514968e-25,0.024481095588323676,0.014166590650864348,,1.0395982083302562,0.6646446708446498,0.814644673079824,0,122,,,,,,,,,,,,,7.112637302047963e-13,pivot_g2,0.05,122,1dc7cf9e87364896fe36828d8ab0e775525b9f7ea2e3c029fff4a191f6b1cdc1,6.025051852376959,0,0,"[[-4.525, -3.025], [-4.5, 3]]",121,0.075,0.0246886,0.15,0,2,0,1,[],0,0,0,none,0,0,0.0,200,0,122,0,0,{},0.000186971,adaptive,0.05,,0,0,ThetaStar,61b301783c2239863ec4a506fae9d30456728474099bd00d15677d887f9af4a1,122,70de2048057137c65b982f20936f24be4709fc1b0df9a894869649c80a954322,0,1,west_service_lane,True,7.230312326514968e-25,7.112637302047963e-13,6.025051852376959,1,0.005604718997346936
0.0,0.04572045765545946,0.014979458236926995,0.0018804306724286958,,1.0723799619359786,0.6646446708446498,0.814644673079824,0,241,7.23031e-25,0,0,True,2.05266,0,True,simple_default,simple,0.0457205,0,True,0.4976412606810351,adaptive_hybrid_fixed,0.05,121,898dbc2af095a4b59a004b3b00e43983eb187dae17f7cafbe03ff00cacaf0993,6.026099070365083,,,,,,,,,,,,,,,,,,0,0.0,,,,,,,,,,,0,,ThetaStar,61b301783c2239863ec4a506fae9d30456728474099bd00d15677d887f9af4a1,122,70de2048057137c65b982f20936f24be4709fc1b0df9a894869649c80a954322,0,1,west_service_lane,True,0.04572045765545946,0.4976412606810351,6.026099070365083,1,0.005555370997171849
0.0,0.04572045765545946,0.014979458236926995,0.0018804306724286958,,1.0723799619359786,0.6646446708446498,0.814644673079824,0,241,7.23031e-25,0,0,True,2.05266,0,True,simple_default,simple,0.0457205,0,True,0.4976412606810351,adaptive_hybrid,0.05,121,898dbc2af095a4b59a004b3b00e43983eb187dae17f7cafbe03ff00cacaf0993,6.026099070365083,,,,,,,,,,,,,,,,,,0,0.0,,,,,,,,,,,0,,ThetaStar,61b301783c2239863ec4a506fae9d30456728474099bd00d15677d887f9af4a1,122,70de2048057137c65b982f20936f24be4709fc1b0df9a894869649c80a954322,0,1,west_service_lane,True,0.04572045765545946,0.4976412606810351,6.026099070365083,1,0.005613576002360787
0.0,2.0526629632926268,0.0,0.0,,1.015468300664275,0.6146446700995918,0.7046446714406963,0,257,,,,,,,,,,,,,6.407281883415833,raw,0.05,121,70de2048057137c65b982f20936f24be4709fc1b0df9a894869649c80a954322,6.029056920770706,,,,,,,,,,,,,,,,,,0,0.0,,,,,,,,,,,0,,ThetaStar,61b301783c2239863ec4a506fae9d30456728474099bd00d15677d887f9af4a1,122,70de2048057137c65b982f20936f24be4709fc1b0df9a894869649c80a954322,0,2,west_service_lane,True,2.0526629632926268,6.407281883415833,6.029056920770706,1,0.0030701639989274554
0.0,0.04572045765545946,0.014979458236926995,0.0018804306724286958,,1.0723799619359786,0.6646446708446498,0.814644673079824,0,241,,,,,,,,,,,,,0.4976412606810351,simple,0.05,121,898dbc2af095a4b59a004b3b00e43983eb187dae17f7cafbe03ff00cacaf0993,6.026099070365083,,,,,,,,,,,,,,,,,,0,0.0,,,,,,,,,,,0,,ThetaStar,61b301783c2239863ec4a506fae9d30456728474099bd00d15677d887f9af4a1,122,70de2048057137c65b982f20936f24be4709fc1b0df9a894869649c80a954322,0,2,west_service_lane,True,0.04572045765545946,0.4976412606810351,6.026099070365083,1,0.0053788719997101
0.0,0.24705586989754047,0.009705439277824962,0.0009908014347272732,,1.076079027571034,0.6646446708446498,0.814644673079824,0,233,,,,,,,,,,,,,1.5012235873445579,savitzky_golay,0.05,121,aa7baabb9709929813e0106074e5f94dc39f4d7e3e2b8de9d13814a344c02baa,6.0271118644376385,,,,,,,,,,,,,,,,,,0,0.0,,,,,,,,,,,0,,ThetaStar,61b301783c2239863ec4a506fae9d30456728474099bd00d15677d887f9af4a1,122,70de2048057137c65b982f20936f24be4709fc1b0df9a894869649c80a954322,0,2,west_service_lane,True,0.24705586989754047,1.5012235873445579,6.0271118644376385,1,0.005915342997468542
0.006,1.1076168937447013,0.009313522024416265,0.0012999334282628773,,1.0428804574188975,0.6146446700995918,0.6646446708446498,0,239,,,,,,,,,,,,,3.2265564799797617,constrained,0.05,121,d754267678508a9b3e26489e5f042930122b4ef59ea6a0739ae25e88b8f6577b,6.030115746215721,,,,,,,,,,,,,,,,,,0,0.0,,,,,,,,,,,0,,ThetaStar,61b301783c2239863ec4a506fae9d30456728474099bd00d15677d887f9af4a1,122,70de2048057137c65b982f20936f24be4709fc1b0df9a894869649c80a954322,0,2,west_service_lane,True,1.1076168937447013,3.2265564799797617,6.030115746215721,1,0.009289075998822227
0.0,7.230312326514968e-25,0.024481095588323676,0.014166590650864348,,1.0395982083302562,0.6646446708446498,0.814644673079824,0,122,,,,,,,,,,,,,7.112637302047963e-13,pivot_g2_fixed,0.05,122,1dc7cf9e87364896fe36828d8ab0e775525b9f7ea2e3c029fff4a191f6b1cdc1,6.025051852376959,0,0,"[[-4.525, -3.025], [-4.5, 3]]",121,0.075,0.0246886,0.15,0,2,0,1,[],0,0,0,none,0,0,0.0,200,0,122,0,0,{},0.000191733,fixed,0.05,,0,0,ThetaStar,61b301783c2239863ec4a506fae9d30456728474099bd00d15677d887f9af4a1,122,70de2048057137c65b982f20936f24be4709fc1b0df9a894869649c80a954322,0,2,west_service_lane,True,7.230312326514968e-25,7.112637302047963e-13,6.025051852376959,1,0.006183052002597833
0.0,7.230312326514968e-25,0.024481095588323676,0.014166590650864348,,1.0395982083302562,0.6646446708446498,0.814644673079824,0,122,,,,,,,,,,,,,7.112637302047963e-13,pivot_g2,0.05,122,1dc7cf9e87364896fe36828d8ab0e775525b9f7ea2e3c029fff4a191f6b1cdc1,6.025051852376959,0,0,"[[-4.525, -3.025], [-4.5, 3]]",121,0.075,0.0246886,0.15,0,2,0,1,[],0,0,0,none,0,0,0.0,200,0,122,0,0,{},0.000184248,adaptive,0.05,,0,0,ThetaStar,61b301783c2239863ec4a506fae9d30456728474099bd00d15677d887f9af4a1,122,70de2048057137c65b982f20936f24be4709fc1b0df9a894869649c80a954322,0,2,west_service_lane,True,7.230312326514968e-25,7.112637302047963e-13,6.025051852376959,1,0.005445591999887256
0.0,0.04572045765545946,0.014979458236926995,0.0018804306724286958,,1.0723799619359786,0.6646446708446498,0.814644673079824,0,241,7.23031e-25,0,0,True,2.05266,0,True,simple_default,simple,0.0457205,0,True,0.4976412606810351,adaptive_hybrid_fixed,0.05,121,898dbc2af095a4b59a004b3b00e43983eb187dae17f7cafbe03ff00cacaf0993,6.026099070365083,,,,,,,,,,,,,,,,,,0,0.0,,,,,,,,,,,0,,ThetaStar,61b301783c2239863ec4a506fae9d30456728474099bd00d15677d887f9af4a1,122,70de2048057137c65b982f20936f24be4709fc1b0df9a894869649c80a954322,0,2,west_service_lane,True,0.04572045765545946,0.4976412606810351,6.026099070365083,1,0.005473399000038626
0.0,0.04572045765545946,0.014979458236926995,0.0018804306724286958,,1.0723799619359786,0.6646446708446498,0.814644673079824,0,241,7.23031e-25,0,0,True,2.05266,0,True,simple_default,simple,0.0457205,0,True,0.4976412606810351,adaptive_hybrid,0.05,121,898dbc2af095a4b59a004b3b00e43983eb187dae17f7cafbe03ff00cacaf0993,6.026099070365083,,,,,,,,,,,,,,,,,,0,0.0,,,,,,,,,,,0,,ThetaStar,61b301783c2239863ec4a506fae9d30456728474099bd00d15677d887f9af4a1,122,70de2048057137c65b982f20936f24be4709fc1b0df9a894869649c80a954322,0,2,west_service_lane,True,0.04572045765545946,0.4976412606810351,6.026099070365083,1,0.004427056999702472
0.0,2.0526629632926268,0.0,0.0,,1.015468300664275,0.6146446700995918,0.7046446714406963,0,257,,,,,,,,,,,,,6.407281883415833,raw,0.05,121,70de2048057137c65b982f20936f24be4709fc1b0df9a894869649c80a954322,6.029056920770706,,,,,,,,,,,,,,,,,,0,0.0,,,,,,,,,,,0,,ThetaStar,61b301783c2239863ec4a506fae9d30456728474099bd00d15677d887f9af4a1,122,70de2048057137c65b982f20936f24be4709fc1b0df9a894869649c80a954322,0,3,west_service_lane,True,2.0526629632926268,6.407281883415833,6.029056920770706,1,0.003071332997933496
0.0,0.04572045765545946,0.014979458236926995,0.0018804306724286958,,1.0723799619359786,0.6646446708446498,0.814644673079824,0,241,,,,,,,,,,,,,0.4976412606810351,simple,0.05,121,898dbc2af095a4b59a004b3b00e43983eb187dae17f7cafbe03ff00cacaf0993,6.026099070365083,,,,,,,,,,,,,,,,,,0,0.0,,,,,,,,,,,0,,ThetaStar,61b301783c2239863ec4a506fae9d30456728474099bd00d15677d887f9af4a1,122,70de2048057137c65b982f20936f24be4709fc1b0df9a894869649c80a954322,0,3,west_service_lane,True,0.04572045765545946,0.4976412606810351,6.026099070365083,1,0.005840785997861531
0.0,0.24705586989754047,0.009705439277824962,0.0009908014347272732,,1.076079027571034,0.6646446708446498,0.814644673079824,0,233,,,,,,,,,,,,,1.5012235873445579,savitzky_golay,0.05,121,aa7baabb9709929813e0106074e5f94dc39f4d7e3e2b8de9d13814a344c02baa,6.0271118644376385,,,,,,,,,,,,,,,,,,0,0.0,,,,,,,,,,,0,,ThetaStar,61b301783c2239863ec4a506fae9d30456728474099bd00d15677d887f9af4a1,122,70de2048057137c65b982f20936f24be4709fc1b0df9a894869649c80a954322,0,3,west_service_lane,True,0.24705586989754047,1.5012235873445579,6.0271118644376385,1,0.005581384000834078
0.009000000000000001,1.1076168937447013,0.009313522024416265,0.0012999334282628773,,1.0428804574188975,0.6146446700995918,0.6646446708446498,0,239,,,,,,,,,,,,,3.2265564799797617,constrained,0.05,121,d754267678508a9b3e26489e5f042930122b4ef59ea6a0739ae25e88b8f6577b,6.030115746215721,,,,,,,,,,,,,,,,,,0,0.0,,,,,,,,,,,0,,ThetaStar,61b301783c2239863ec4a506fae9d30456728474099bd00d15677d887f9af4a1,122,70de2048057137c65b982f20936f24be4709fc1b0df9a894869649c80a954322,0,3,west_service_lane,True,1.1076168937447013,3.2265564799797617,6.030115746215721,1,0.012476705996959936
0.0,7.230312326514968e-25,0.024481095588323676,0.014166590650864348,,1.0395982083302562,0.6646446708446498,0.814644673079824,0,122,,,,,,,,,,,,,7.112637302047963e-13,pivot_g2_fixed,0.05,122,1dc7cf9e87364896fe36828d8ab0e775525b9f7ea2e3c029fff4a191f6b1cdc1,6.025051852376959,0,0,"[[-4.525, -3.025], [-4.5, 3]]",121,0.075,0.0246886,0.15,0,2,0,1,[],0,0,0,none,0,0,0.0,200,0,122,0,0,{},0.000123676,fixed,0.05,,0,0,ThetaStar,61b301783c2239863ec4a506fae9d30456728474099bd00d15677d887f9af4a1,122,70de2048057137c65b982f20936f24be4709fc1b0df9a894869649c80a954322,0,3,west_service_lane,True,7.230312326514968e-25,7.112637302047963e-13,6.025051852376959,1,0.00535337500332389
0.0,7.230312326514968e-25,0.024481095588323676,0.014166590650864348,,1.0395982083302562,0.6646446708446498,0.814644673079824,0,122,,,,,,,,,,,,,7.112637302047963e-13,pivot_g2,0.05,122,1dc7cf9e87364896fe36828d8ab0e775525b9f7ea2e3c029fff4a191f6b1cdc1,6.025051852376959,0,0,"[[-4.525, -3.025], [-4.5, 3]]",121,0.075,0.0246886,0.15,0,2,0,1,[],0,0,0,none,0,0,0.0,200,0,122,0,0,{},0.000183722,adaptive,0.05,,0,0,ThetaStar,61b301783c2239863ec4a506fae9d30456728474099bd00d15677d887f9af4a1,122,70de2048057137c65b982f20936f24be4709fc1b0df9a894869649c80a954322,0,3,west_service_lane,True,7.230312326514968e-25,7.112637302047963e-13,6.025051852376959,1,0.005643034000968328
0.0,0.04572045765545946,0.014979458236926995,0.0018804306724286958,,1.0723799619359786,0.6646446708446498,0.814644673079824,0,241,7.23031e-25,0,0,True,2.05266,0,True,simple_default,simple,0.0457205,0,True,0.4976412606810351,adaptive_hybrid_fixed,0.05,121,898dbc2af095a4b59a004b3b00e43983eb187dae17f7cafbe03ff00cacaf0993,6.026099070365083,,,,,,,,,,,,,,,,,,0,0.0,,,,,,,,,,,0,,ThetaStar,61b301783c2239863ec4a506fae9d30456728474099bd00d15677d887f9af4a1,122,70de2048057137c65b982f20936f24be4709fc1b0df9a894869649c80a954322,0,3,west_service_lane,True,0.04572045765545946,0.4976412606810351,6.026099070365083,1,0.004450561998964986
0.0,0.04572045765545946,0.014979458236926995,0.0018804306724286958,,1.0723799619359786,0.6646446708446498,0.814644673079824,0,241,7.23031e-25,0,0,True,2.05266,0,True,simple_default,simple,0.0457205,0,True,0.4976412606810351,adaptive_hybrid,0.05,121,898dbc2af095a4b59a004b3b00e43983eb187dae17f7cafbe03ff00cacaf0993,6.026099070365083,,,,,,,,,,,,,,,,,,0,0.0,,,,,,,,,,,0,,ThetaStar,61b301783c2239863ec4a506fae9d30456728474099bd00d15677d887f9af4a1,122,70de2048057137c65b982f20936f24be4709fc1b0df9a894869649c80a954322,0,3,west_service_lane,True,0.04572045765545946,0.4976412606810351,6.026099070365083,1,0.006136103002063464
0.0,2.052657308711262,0.0,0.0,,0.5720601180547994,0.41464466711935954,0.454644667715406,0,257,,,,,,,,,,,,,6.407273058166871,raw,0.05,121,a3b3475bcbad33865d365b54c32da45d3280d25283075ec5ca412b2261859c6d,6.029056908990318,,,,,,,,,,,,,,,,,,0,0.0,,,,,,,,,,,0,,ThetaStar,435e2bcb20a502d272f80c967ff4c10535ebd311682afc9dfe4fee8bedc5cf73,122,a3b3475bcbad33865d365b54c32da45d3280d25283075ec5ca412b2261859c6d,0,1,picking_aisle_a,True,2.052657308711262,6.407273058166871,6.029056908990318,1,0.003821031001280062
0.003,0.045720323539578334,0.014979437816936165,0.0018804280032393838,,0.6118462429164238,0.4646446678644176,0.5146446686094757,0,241,,,,,,,,,,,,,0.49764053739883973,simple,0.05,121,0233d8bc14a5c3739be624b4b913b7c07c323ac16cfb69b3a4f5396d6e7265b8,6.026099067099275,,,,,,,,,,,,,,,,,,0,0.0,,,,,,,,,,,0,,ThetaStar,435e2bcb20a502d272f80c967ff4c10535ebd311682afc9dfe4fee8bedc5cf73,122,a3b3475bcbad33865d365b54c32da45d3280d25283075ec5ca412b2261859c6d,0,1,picking_aisle_a,True,0.045720323539578334,0.49764053739883973,6.026099067099275,1,0.0056066319993988145
0.0,0.24705515664910388,0.009705425918286053,0.0009908000472477925,,0.6156128205814267,0.4646446678644176,0.5146446686094757,0,233,,,,,,,,,,,,,1.5012213674940527,savitzky_golay,0.05,121,cb5b47141b3f6d2f2041f9465b99a2b24dbeb44ec606aedc51138a4f19247d65,6.027111858193444,,,,,,,,,,,,,,,,,,0,0.0,,,,,,,,,,,0,,ThetaStar,435e2bcb20a502d272f80c967ff4c10535ebd311682afc9dfe4fee8bedc5cf73,122,a3b3475bcbad33865d365b54c32da45d3280d25283075ec5ca412b2261859c6d,0,1,picking_aisle_a,True,0.24705515664910388,1.5012213674940527,6.027111858193444,1,0.005268958000669954
0.009000000000000001,1.0932148624565616,0.009691738607328304,0.0013614661248687778,,0.6051984225176741,0.3646446663743015,0.41464466711935954,0,237,,,,,,,,,,,,,3.1638882382971647,constrained,0.05,121,0fc3c3e8d5709c4ceca6c271aaa9f429c0424231fae4f573fe484ed64aedd4d7,6.030172414047654,,,,,,,,,,,,,,,,,,0,0.0,,,,,,,,,,,0,,ThetaStar,435e2bcb20a502d272f80c967ff4c10535ebd311682afc9dfe4fee8bedc5cf73,122,a3b3475bcbad33865d365b54c32da45d3280d25283075ec5ca412b2261859c6d,0,1,picking_aisle_a,True,1.0932148624565616,3.1638882382971647,6.030172414047654,1,0.010265161999996053
0.0,1.7419356638540752e-25,0.02448105910924392,0.014166569593110115,,0.609709185072282,0.5146446686094757,0.5146446686094757,0,122,,,,,,,,,,,,,3.559977833356169e-13,pivot_g2_fixed,0.05,122,4fc01068c43197e2b88dba4400614a88f970030866141d0ec39442000335623b,6.025051852222384,0,0,"[[-2.025, -3.025], [-2, 3]]",121,0.075,0.0246885,0.15,0,2,0,1,[],0,0,0,none,0,0,0.0,200,0,122,0,0,{},0.000190435,fixed,0.05,,0,0,ThetaStar,435e2bcb20a502d272f80c967ff4c10535ebd311682afc9dfe4fee8bedc5cf73,122,a3b3475bcbad33865d365b54c32da45d3280d25283075ec5ca412b2261859c6d,0,1,picking_aisle_a,True,1.7419356638540752e-25,3.559977833356169e-13,6.025051852222384,1,0.005214841999986675
0.0,1.7419356638540752e-25,0.02448105910924392,0.014166569593110115,,0.609709185072282,0.5146446686094757,0.5146446686094757,0,122,,,,,,,,,,,,,3.559977833356169e-13,pivot_g2,0.05,122,4fc01068c43197e2b88dba4400614a88f970030866141d0ec39442000335623b,6.025051852222384,0,0,"[[-2.025, -3.025], [-2, 3]]",121,0.075,0.0246885,0.15,0,2,0,1,[],0,0,0,none,0,0,0.0,200,0,122,0,0,{},0.000184688,adaptive,0.05,,0,0,ThetaStar,435e2bcb20a502d272f80c967ff4c10535ebd311682afc9dfe4fee8bedc5cf73,122,a3b3475bcbad33865d365b54c32da45d3280d25283075ec5ca412b2261859c6d,0,1,picking_aisle_a,True,1.7419356638540752e-25,3.559977833356169e-13,6.025051852222384,1,0.005554943996685324
0.0,0.045720323539578334,0.014979437816936165,0.0018804280032393838,,0.6118462429164238,0.4646446678644176,0.5146446686094757,0,241,1.74194e-25,0,0,True,2.05266,83,True,simple_default,simple,0.0457203,0,True,0.49764053739883973,adaptive_hybrid_fixed,0.05,121,0233d8bc14a5c3739be624b4b913b7c07c323ac16cfb69b3a4f5396d6e7265b8,6.026099067099275,,,,,,,,,,,,,,,,,,0,0.0,,,,,,,,,,,0,,ThetaStar,435e2bcb20a502d272f80c967ff4c10535ebd311682afc9dfe4fee8bedc5cf73,122,a3b3475bcbad33865d365b54c32da45d3280d25283075ec5ca412b2261859c6d,0,1,picking_aisle_a,True,0.045720323539578334,0.49764053739883973,6.026099067099275,1,0.004693111000960926
0.003,0.045720323539578334,0.014979437816936165,0.0018804280032393838,,0.6118462429164238,0.4646446678644176,0.5146446686094757,0,241,1.74194e-25,0,0,True,2.05266,83,True,simple_default,simple,0.0457203,0,True,0.49764053739883973,adaptive_hybrid,0.05,121,0233d8bc14a5c3739be624b4b913b7c07c323ac16cfb69b3a4f5396d6e7265b8,6.026099067099275,,,,,,,,,,,,,,,,,,0,0.0,,,,,,,,,,,0,,ThetaStar,435e2bcb20a502d272f80c967ff4c10535ebd311682afc9dfe4fee8bedc5cf73,122,a3b3475bcbad33865d365b54c32da45d3280d25283075ec5ca412b2261859c6d,0,1,picking_aisle_a,True,0.045720323539578334,0.49764053739883973,6.026099067099275,1,0.00598816199999419
0.0,2.052657308711262,0.0,0.0,,0.5720601180547994,0.41464466711935954,0.454644667715406,0,257,,,,,,,,,,,,,6.407273058166871,raw,0.05,121,a3b3475bcbad33865d365b54c32da45d3280d25283075ec5ca412b2261859c6d,6.029056908990318,,,,,,,,,,,,,,,,,,0,0.0,,,,,,,,,,,0,,ThetaStar,435e2bcb20a502d272f80c967ff4c10535ebd311682afc9dfe4fee8bedc5cf73,122,a3b3475bcbad33865d365b54c32da45d3280d25283075ec5ca412b2261859c6d,0,2,picking_aisle_a,True,2.052657308711262,6.407273058166871,6.029056908990318,1,0.0028906919978908263
0.003,0.045720323539578334,0.014979437816936165,0.0018804280032393838,,0.6118462429164238,0.4646446678644176,0.5146446686094757,0,241,,,,,,,,,,,,,0.49764053739883973,simple,0.05,121,0233d8bc14a5c3739be624b4b913b7c07c323ac16cfb69b3a4f5396d6e7265b8,6.026099067099275,,,,,,,,,,,,,,,,,,0,0.0,,,,,,,,,,,0,,ThetaStar,435e2bcb20a502d272f80c967ff4c10535ebd311682afc9dfe4fee8bedc5cf73,122,a3b3475bcbad33865d365b54c32da45d3280d25283075ec5ca412b2261859c6d,0,2,picking_aisle_a,True,0.045720323539578334,0.49764053739883973,6.026099067099275,1,0.00557459999981802
0.0,0.24705515664910388,0.009705425918286053,0.0009908000472477925,,0.6156128205814267,0.4646446678644176,0.5146446686094757,0,233,,,,,,,,,,,,,1.5012213674940527,savitzky_golay,0.05,121,cb5b47141b3f6d2f2041f9465b99a2b24dbeb44ec606aedc51138a4f19247d65,6.027111858193444,,,,,,,,,,,,,,,,,,0,0.0,,,,,,,,,,,0,,ThetaStar,435e2bcb20a502d272f80c967ff4c10535ebd311682afc9dfe4fee8bedc5cf73,122,a3b3475bcbad33865d365b54c32da45d3280d25283075ec5ca412b2261859c6d,0,2,picking_aisle_a,True,0.24705515664910388,1.5012213674940527,6.027111858193444,1,0.005555771000217646
0.006,1.0932148624565616,0.009691738607328304,0.0013614661248687778,,0.6051984225176741,0.3646446663743015,0.41464466711935954,0,237,,,,,,,,,,,,,3.1638882382971647,constrained,0.05,121,0fc3c3e8d5709c4ceca6c271aaa9f429c0424231fae4f573fe484ed64aedd4d7,6.030172414047654,,,,,,,,,,,,,,,,,,0,0.0,,,,,,,,,,,0,,ThetaStar,435e2bcb20a502d272f80c967ff4c10535ebd311682afc9dfe4fee8bedc5cf73,122,a3b3475bcbad33865d365b54c32da45d3280d25283075ec5ca412b2261859c6d,0,2,picking_aisle_a,True,1.0932148624565616,3.1638882382971647,6.030172414047654,1,0.012088080999092199
0.0,1.7419356638540752e-25,0.02448105910924392,0.014166569593110115,,0.609709185072282,0.5146446686094757,0.5146446686094757,0,122,,,,,,,,,,,,,3.559977833356169e-13,pivot_g2_fixed,0.05,122,4fc01068c43197e2b88dba4400614a88f970030866141d0ec39442000335623b,6.025051852222384,0,0,"[[-2.025, -3.025], [-2, 3]]",121,0.075,0.0246885,0.15,0,2,0,1,[],0,0,0,none,0,0,0.0,200,0,122,0,0,{},0.000111975,fixed,0.05,,0,0,ThetaStar,435e2bcb20a502d272f80c967ff4c10535ebd311682afc9dfe4fee8bedc5cf73,122,a3b3475bcbad33865d365b54c32da45d3280d25283075ec5ca412b2261859c6d,0,2,picking_aisle_a,True,1.7419356638540752e-25,3.559977833356169e-13,6.025051852222384,1,0.0056517360026191454
0.0,1.7419356638540752e-25,0.02448105910924392,0.014166569593110115,,0.609709185072282,0.5146446686094757,0.5146446686094757,0,122,,,,,,,,,,,,,3.559977833356169e-13,pivot_g2,0.05,122,4fc01068c43197e2b88dba4400614a88f970030866141d0ec39442000335623b,6.025051852222384,0,0,"[[-2.025, -3.025], [-2, 3]]",121,0.075,0.0246885,0.15,0,2,0,1,[],0,0,0,none,0,0,0.0,200,0,122,0,0,{},0.000190214,adaptive,0.05,,0,0,ThetaStar,435e2bcb20a502d272f80c967ff4c10535ebd311682afc9dfe4fee8bedc5cf73,122,a3b3475bcbad33865d365b54c32da45d3280d25283075ec5ca412b2261859c6d,0,2,picking_aisle_a,True,1.7419356638540752e-25,3.559977833356169e-13,6.025051852222384,1,0.005719700999179622
0.0,0.045720323539578334,0.014979437816936165,0.0018804280032393838,,0.6118462429164238,0.4646446678644176,0.5146446686094757,0,241,1.74194e-25,0,0,True,2.05266,83,True,simple_default,simple,0.0457203,0,True,0.49764053739883973,adaptive_hybrid_fixed,0.05,121,0233d8bc14a5c3739be624b4b913b7c07c323ac16cfb69b3a4f5396d6e7265b8,6.026099067099275,,,,,,,,,,,,,,,,,,0,0.0,,,,,,,,,,,0,,ThetaStar,435e2bcb20a502d272f80c967ff4c10535ebd311682afc9dfe4fee8bedc5cf73,122,a3b3475bcbad33865d365b54c32da45d3280d25283075ec5ca412b2261859c6d,0,2,picking_aisle_a,True,0.045720323539578334,0.49764053739883973,6.026099067099275,1,0.005791546998807462
0.0,0.045720323539578334,0.014979437816936165,0.0018804280032393838,,0.6118462429164238,0.4646446678644176,0.5146446686094757,0,241,1.74194e-25,0,0,True,2.05266,83,True,simple_default,simple,0.0457203,0,True,0.49764053739883973,adaptive_hybrid,0.05,121,0233d8bc14a5c3739be624b4b913b7c07c323ac16cfb69b3a4f5396d6e7265b8,6.026099067099275,,,,,,,,,,,,,,,,,,0,0.0,,,,,,,,,,,0,,ThetaStar,435e2bcb20a502d272f80c967ff4c10535ebd311682afc9dfe4fee8bedc5cf73,122,a3b3475bcbad33865d365b54c32da45d3280d25283075ec5ca412b2261859c6d,0,2,picking_aisle_a,True,0.045720323539578334,0.49764053739883973,6.026099067099275,1,0.005662710002070526
0.003,2.052657308711262,0.0,0.0,,0.5720601180547994,0.41464466711935954,0.454644667715406,0,257,,,,,,,,,,,,,6.407273058166871,raw,0.05,121,a3b3475bcbad33865d365b54c32da45d3280d25283075ec5ca412b2261859c6d,6.029056908990318,,,,,,,,,,,,,,,,,,0,0.0,,,,,,,,,,,0,,ThetaStar,435e2bcb20a502d272f80c967ff4c10535ebd311682afc9dfe4fee8bedc5cf73,122,a3b3475bcbad33865d365b54c32da45d3280d25283075ec5ca412b2261859c6d,0,3,picking_aisle_a,True,2.052657308711262,6.407273058166871,6.029056908990318,1,0.0029719990016019437
0.0,0.045720323539578334,0.014979437816936165,0.0018804280032393838,,0.6118462429164238,0.4646446678644176,0.5146446686094757,0,241,,,,,,,,,,,,,0.49764053739883973,simple,0.05,121,0233d8bc14a5c3739be624b4b913b7c07c323ac16cfb69b3a4f5396d6e7265b8,6.026099067099275,,,,,,,,,,,,,,,,,,0,0.0,,,,,,,,,,,0,,ThetaStar,435e2bcb20a502d272f80c967ff4c10535ebd311682afc9dfe4fee8bedc5cf73,122,a3b3475bcbad33865d365b54c32da45d3280d25283075ec5ca412b2261859c6d,0,3,picking_aisle_a,True,0.045720323539578334,0.49764053739883973,6.026099067099275,1,0.005737297000450781
0.0,0.24705515664910388,0.009705425918286053,0.0009908000472477925,,0.6156128205814267,0.4646446678644176,0.5146446686094757,0,233,,,,,,,,,,,,,1.5012213674940527,savitzky_golay,0.05,121,cb5b47141b3f6d2f2041f9465b99a2b24dbeb44ec606aedc51138a4f19247d65,6.027111858193444,,,,,,,,,,,,,,,,,,0,0.0,,,,,,,,,,,0,,ThetaStar,435e2bcb20a502d272f80c967ff4c10535ebd311682afc9dfe4fee8bedc5cf73,122,a3b3475bcbad33865d365b54c32da45d3280d25283075ec5ca412b2261859c6d,0,3,picking_aisle_a,True,0.24705515664910388,1.5012213674940527,6.027111858193444,1,0.005688315999577753
0.009000000000000001,1.0932148624565616,0.009691738607328304,0.0013614661248687778,,0.6051984225176741,0.3646446663743015,0.41464466711935954,0,237,,,,,,,,,,,,,3.1638882382971647,constrained,0.05,121,0fc3c3e8d5709c4ceca6c271aaa9f429c0424231fae4f573fe484ed64aedd4d7,6.030172414047654,,,,,,,,,,,,,,,,,,0,0.0,,,,,,,,,,,0,,ThetaStar,435e2bcb20a502d272f80c967ff4c10535ebd311682afc9dfe4fee8bedc5cf73,122,a3b3475bcbad33865d365b54c32da45d3280d25283075ec5ca412b2261859c6d,0,3,picking_aisle_a,True,1.0932148624565616,3.1638882382971647,6.030172414047654,1,0.010516916001506615
0.0,1.7419356638540752e-25,0.02448105910924392,0.014166569593110115,,0.609709185072282,0.5146446686094757,0.5146446686094757,0,122,,,,,,,,,,,,,3.559977833356169e-13,pivot_g2_fixed,0.05,122,4fc01068c43197e2b88dba4400614a88f970030866141d0ec39442000335623b,6.025051852222384,0,0,"[[-2.025, -3.025], [-2, 3]]",121,0.075,0.0246885,0.15,0,2,0,1,[],0,0,0,none,0,0,0.0,200,0,122,0,0,{},0.000181152,fixed,0.05,,0,0,ThetaStar,435e2bcb20a502d272f80c967ff4c10535ebd311682afc9dfe4fee8bedc5cf73,122,a3b3475bcbad33865d365b54c32da45d3280d25283075ec5ca412b2261859c6d,0,3,picking_aisle_a,True,1.7419356638540752e-25,3.559977833356169e-13,6.025051852222384,1,0.00617096899804892
0.0,1.7419356638540752e-25,0.02448105910924392,0.014166569593110115,,0.609709185072282,0.5146446686094757,0.5146446686094757,0,122,,,,,,,,,,,,,3.559977833356169e-13,pivot_g2,0.05,122,4fc01068c43197e2b88dba4400614a88f970030866141d0ec39442000335623b,6.025051852222384,0,0,"[[-2.025, -3.025], [-2, 3]]",121,0.075,0.0246885,0.15,0,2,0,1,[],0,0,0,none,0,0,0.0,200,0,122,0,0,{},0.000181545,adaptive,0.05,,0,0,ThetaStar,435e2bcb20a502d272f80c967ff4c10535ebd311682afc9dfe4fee8bedc5cf73,122,a3b3475bcbad33865d365b54c32da45d3280d25283075ec5ca412b2261859c6d,0,3,picking_aisle_a,True,1.7419356638540752e-25,3.559977833356169e-13,6.025051852222384,1,0.005405666001024656
0.0,0.045720323539578334,0.014979437816936165,0.0018804280032393838,,0.6118462429164238,0.4646446678644176,0.5146446686094757,0,241,1.74194e-25,0,0,True,2.05266,83,True,simple_default,simple,0.0457203,0,True,0.49764053739883973,adaptive_hybrid_fixed,0.05,121,0233d8bc14a5c3739be624b4b913b7c07c323ac16cfb69b3a4f5396d6e7265b8,6.026099067099275,,,,,,,,,,,,,,,,,,0,0.0,,,,,,,,,,,0,,ThetaStar,435e2bcb20a502d272f80c967ff4c10535ebd311682afc9dfe4fee8bedc5cf73,122,a3b3475bcbad33865d365b54c32da45d3280d25283075ec5ca412b2261859c6d,0,3,picking_aisle_a,True,0.045720323539578334,0.49764053739883973,6.026099067099275,1,0.005750850999902468
0.003,0.045720323539578334,0.014979437816936165,0.0018804280032393838,,0.6118462429164238,0.4646446678644176,0.5146446686094757,0,241,1.74194e-25,0,0,True,2.05266,83,True,simple_default,simple,0.0457203,0,True,0.49764053739883973,adaptive_hybrid,0.05,121,0233d8bc14a5c3739be624b4b913b7c07c323ac16cfb69b3a4f5396d6e7265b8,6.026099067099275,,,,,,,,,,,,,,,,,,0,0.0,,,,,,,,,,,0,,ThetaStar,435e2bcb20a502d272f80c967ff4c10535ebd311682afc9dfe4fee8bedc5cf73,122,a3b3475bcbad33865d365b54c32da45d3280d25283075ec5ca412b2261859c6d,0,3,picking_aisle_a,True,0.045720323539578334,0.49764053739883973,6.026099067099275,1,0.004696480998973129
0.0,13.656726182099959,6.938893903907228e-18,6.30808536718839e-19,,0.5720601180547994,0.41464466711935954,0.454644667715406,0,257,,,,,,,,,,,,,17.888458840582302,raw,0.05,121,497e05da976c8d6d179ce645ede3c0a667192c219460145da04257b9cdfbdc7b,5.985355349596299,,,,,,,,,,,,,,,,,,0,0.0,,,,,,,,,,,0,,ThetaStar,bd2aab1d0c498cc02d4364764558ab0b83645108407224df96412f12cc3735a7,121,497e05da976c8d6d179ce645ede3c0a667192c219460145da04257b9cdfbdc7b,0,1,picking_aisle_b,True,13.656726182099959,17.888458840582302,5.985355349596299,1,0.004364410000562202
0.0,0.10663597897205476,0.01518825708302869,0.0020137649403805147,,0.6245310844743812,0.4646446678644176,0.5146446686094757,0,215,,,,,,,,,,,,,0.8883870577047301,simple,0.05,121,dd7d864fd5fa68a53f0955b4cfc38a747f9c16997fff965e181358d0710d84fa,5.976389225189231,,,,,,,,,,,,,,,,,,0,0.0,,,,,,,,,,,0,,ThetaStar,bd2aab1d0c498cc02d4364764558ab0b83645108407224df96412f12cc3735a7,121,497e05da976c8d6d179ce645ede3c0a667192c219460145da04257b9cdfbdc7b,0,1,picking_aisle_b,True,0.10663597897205476,0.8883870577047301,5.976389225189231,1,0.005400856000051135
0.0,1.0095963985988656,0.011591371815887883,0.0011408595115841309,,0.6134867758161191,0.4646446678644176,0.5146446686094757,0,237,,,,,,,,,,,,,3.886688886171447,savitzky_golay,0.05,121,ff555a6bf7b4d24e591d90a6547c28fa995202d0509e9c66936d0255730e5cf1,5.978286186550005,,,,,,,,,,,,,,,,,,0,0.0,,,,,,,,,,,0,,ThetaStar,bd2aab1d0c498cc02d4364764558ab0b83645108407224df96412f12cc3735a7,121,497e05da976c8d6d179ce645ede3c0a667192c219460145da04257b9cdfbdc7b,0,1,picking_aisle_b,True,1.0095963985988656,3.886688886171447,5.978286186550005,1,0.005056939000496641
0.009000000000000001,4.967158146985635,0.031218278849731412,0.005069407702853126,,0.5820235697639528,0.3646446663743015,0.41464466711935954,0,239,,,,,,,,,,,,,6.4580744845694875,constrained,0.05,121,205b619d9d7f0c9f01d1e500691688ed395ec3f0e79c6020006880ddf6a154df,5.994385231490208,,,,,,,,,,,,,,,,,,0,0.0,,,,,,,,,,,0,,ThetaStar,bd2aab1d0c498cc02d4364764558ab0b83645108407224df96412f12cc3735a7,121,497e05da976c8d6d179ce645ede3c0a667192c219460145da04257b9cdfbdc7b,0,1,picking_aisle_b,True,4.967158146985635,6.4580744845694875,5.994385231490208,1,0.011005390999343945
0.0,8.286915855244048e-30,0.024685888040671233,0.014254534480489255,,0.6104948422331317,0.5146446686094757,0.5146446686094757,0,121,,,,,,,,,,,,,3.496552006265789e-15,pivot_g2_fixed,0.05,121,56d6db83f464fce596b9c68ad2fe04a97ded2e884da2d4e5201cb64c04b52c46,5.975052404588491,0,0,"[[-0.0249999, 2.975], [0, -3]]",121,0.075,0.0248951,0.15,0,2,0,1,[],0,0,0,none,0,0,0.0,200,0,121,0,0,{},0.000171088,fixed,0.05,,0,0,ThetaStar,bd2aab1d0c498cc02d4364764558ab0b83645108407224df96412f12cc3735a7,121,497e05da976c8d6d179ce645ede3c0a667192c219460145da04257b9cdfbdc7b,0,1,picking_aisle_b,True,8.286915855244048e-30,3.496552006265789e-15,5.975052404588491,1,0.005710413999622688
0.0,8.286915855244048e-30,0.024685888040671233,0.014254534480489255,,0.6104948422331317,0.5146446686094757,0.5146446686094757,0,121,,,,,,,,,,,,,3.496552006265789e-15,pivot_g2,0.05,121,56d6db83f464fce596b9c68ad2fe04a97ded2e884da2d4e5201cb64c04b52c46,5.975052404588491,0,0,"[[-0.0249999, 2.975], [0, -3]]",121,0.075,0.0248951,0.15,0,2,0,1,[],0,0,0,none,0,0,0.0,200,0,121,0,0,{},0.000184044,adaptive,0.05,,0,0,ThetaStar,bd2aab1d0c498cc02d4364764558ab0b83645108407224df96412f12cc3735a7,121,497e05da976c8d6d179ce645ede3c0a667192c219460145da04257b9cdfbdc7b,0,1,picking_aisle_b,True,8.286915855244048e-30,3.496552006265789e-15,5.975052404588491,1,0.005740667998907156
0.0,0.10663597897205476,0.01518825708302869,0.0020137649403805147,,0.6245310844743812,0.4646446678644176,0.5146446686094757,0,215,8.28692e-30,0,0,True,13.6567,83,True,simple_default,simple,0.106636,0,True,0.8883870577047301,adaptive_hybrid_fixed,0.05,121,dd7d864fd5fa68a53f0955b4cfc38a747f9c16997fff965e181358d0710d84fa,5.976389225189231,,,,,,,,,,,,,,,,,,0,0.0,,,,,,,,,,,0,,ThetaStar,bd2aab1d0c498cc02d4364764558ab0b83645108407224df96412f12cc3735a7,121,497e05da976c8d6d179ce645ede3c0a667192c219460145da04257b9cdfbdc7b,0,1,picking_aisle_b,True,0.10663597897205476,0.8883870577047301,5.976389225189231,1,0.006253061997995246
0.003,0.10663597897205476,0.01518825708302869,0.0020137649403805147,,0.6245310844743812,0.4646446678644176,0.5146446686094757,0,215,8.28692e-30,0,0,True,13.6567,83,True,simple_default,simple,0.106636,0,True,0.8883870577047301,adaptive_hybrid,0.05,121,dd7d864fd5fa68a53f0955b4cfc38a747f9c16997fff965e181358d0710d84fa,5.976389225189231,,,,,,,,,,,,,,,,,,0,0.0,,,,,,,,,,,0,,ThetaStar,bd2aab1d0c498cc02d4364764558ab0b83645108407224df96412f12cc3735a7,121,497e05da976c8d6d179ce645ede3c0a667192c219460145da04257b9cdfbdc7b,0,1,picking_aisle_b,True,0.10663597897205476,0.8883870577047301,5.976389225189231,1,0.006695318999845767
0.0,13.656726182099959,6.938893903907228e-18,6.30808536718839e-19,,0.5720601180547994,0.41464466711935954,0.454644667715406,0,257,,,,,,,,,,,,,17.888458840582302,raw,0.05,121,497e05da976c8d6d179ce645ede3c0a667192c219460145da04257b9cdfbdc7b,5.985355349596299,,,,,,,,,,,,,,,,,,0,0.0,,,,,,,,,,,0,,ThetaStar,bd2aab1d0c498cc02d4364764558ab0b83645108407224df96412f12cc3735a7,121,497e05da976c8d6d179ce645ede3c0a667192c219460145da04257b9cdfbdc7b,0,2,picking_aisle_b,True,13.656726182099959,17.888458840582302,5.985355349596299,1,0.0032810080010676757
0.0,0.10663597897205476,0.01518825708302869,0.0020137649403805147,,0.6245310844743812,0.4646446678644176,0.5146446686094757,0,215,,,,,,,,,,,,,0.8883870577047301,simple,0.05,121,dd7d864fd5fa68a53f0955b4cfc38a747f9c16997fff965e181358d0710d84fa,5.976389225189231,,,,,,,,,,,,,,,,,,0,0.0,,,,,,,,,,,0,,ThetaStar,bd2aab1d0c498cc02d4364764558ab0b83645108407224df96412f12cc3735a7,121,497e05da976c8d6d179ce645ede3c0a667192c219460145da04257b9cdfbdc7b,0,2,picking_aisle_b,True,0.10663597897205476,0.8883870577047301,5.976389225189231,1,0.005831448001117678
0.0,1.0095963985988656,0.011591371815887883,0.0011408595115841309,,0.6134867758161191,0.4646446678644176,0.5146446686094757,0,237,,,,,,,,,,,,,3.886688886171447,savitzky_golay,0.05,121,ff555a6bf7b4d24e591d90a6547c28fa995202d0509e9c66936d0255730e5cf1,5.978286186550005,,,,,,,,,,,,,,,,,,0,0.0,,,,,,,,,,,0,,ThetaStar,bd2aab1d0c498cc02d4364764558ab0b83645108407224df96412f12cc3735a7,121,497e05da976c8d6d179ce645ede3c0a667192c219460145da04257b9cdfbdc7b,0,2,picking_aisle_b,True,1.0095963985988656,3.886688886171447,5.978286186550005,1,0.006251744998735376
0.006,4.967158146985635,0.031218278849731412,0.005069407702853126,,0.5820235697639528,0.3646446663743015,0.41464466711935954,0,239,,,,,,,,,,,,,6.4580744845694875,constrained,0.05,121,205b619d9d7f0c9f01d1e500691688ed395ec3f0e79c6020006880ddf6a154df,5.994385231490208,,,,,,,,,,,,,,,,,,0,0.0,,,,,,,,,,,0,,ThetaStar,bd2aab1d0c498cc02d4364764558ab0b83645108407224df96412f12cc3735a7,121,497e05da976c8d6d179ce645ede3c0a667192c219460145da04257b9cdfbdc7b,0,2,picking_aisle_b,True,4.967158146985635,6.4580744845694875,5.994385231490208,1,0.010238400998787256
0.003,8.286915855244048e-30,0.024685888040671233,0.014254534480489255,,0.6104948422331317,0.5146446686094757,0.5146446686094757,0,121,,,,,,,,,,,,,3.496552006265789e-15,pivot_g2_fixed,0.05,121,56d6db83f464fce596b9c68ad2fe04a97ded2e884da2d4e5201cb64c04b52c46,5.975052404588491,0,0,"[[-0.0249999, 2.975], [0, -3]]",121,0.075,0.0248951,0.15,0,2,0,1,[],0,0,0,none,0,0,0.0,200,0,121,0,0,{},0.000188797,fixed,0.05,,0,0,ThetaStar,bd2aab1d0c498cc02d4364764558ab0b83645108407224df96412f12cc3735a7,121,497e05da976c8d6d179ce645ede3c0a667192c219460145da04257b9cdfbdc7b,0,2,picking_aisle_b,True,8.286915855244048e-30,3.496552006265789e-15,5.975052404588491,1,0.007694584001001203
0.0,8.286915855244048e-30,0.024685888040671233,0.014254534480489255,,0.6104948422331317,0.5146446686094757,0.5146446686094757,0,121,,,,,,,,,,,,,3.496552006265789e-15,pivot_g2,0.05,121,56d6db83f464fce596b9c68ad2fe04a97ded2e884da2d4e5201cb64c04b52c46,5.975052404588491,0,0,"[[-0.0249999, 2.975], [0, -3]]",121,0.075,0.0248951,0.15,0,2,0,1,[],0,0,0,none,0,0,0.0,200,0,121,0,0,{},0.000189898,adaptive,0.05,,0,0,ThetaStar,bd2aab1d0c498cc02d4364764558ab0b83645108407224df96412f12cc3735a7,121,497e05da976c8d6d179ce645ede3c0a667192c219460145da04257b9cdfbdc7b,0,2,picking_aisle_b,True,8.286915855244048e-30,3.496552006265789e-15,5.975052404588491,1,0.005879506999917794
0.003,0.10663597897205476,0.01518825708302869,0.0020137649403805147,,0.6245310844743812,0.4646446678644176,0.5146446686094757,0,215,8.28692e-30,0,0,True,13.6567,83,True,simple_default,simple,0.106636,0,True,0.8883870577047301,adaptive_hybrid_fixed,0.05,121,dd7d864fd5fa68a53f0955b4cfc38a747f9c16997fff965e181358d0710d84fa,5.976389225189231,,,,,,,,,,,,,,,,,,0,0.0,,,,,,,,,,,0,,ThetaStar,bd2aab1d0c498cc02d4364764558ab0b83645108407224df96412f12cc3735a7,121,497e05da976c8d6d179ce645ede3c0a667192c219460145da04257b9cdfbdc7b,0,2,picking_aisle_b,True,0.10663597897205476,0.8883870577047301,5.976389225189231,1,0.0058507760004431475
0.0,0.10663597897205476,0.01518825708302869,0.0020137649403805147,,0.6245310844743812,0.4646446678644176,0.5146446686094757,0,215,8.28692e-30,0,0,True,13.6567,83,True,simple_default,simple,0.106636,0,True,0.8883870577047301,adaptive_hybrid,0.05,121,dd7d864fd5fa68a53f0955b4cfc38a747f9c16997fff965e181358d0710d84fa,5.976389225189231,,,,,,,,,,,,,,,,,,0,0.0,,,,,,,,,,,0,,ThetaStar,bd2aab1d0c498cc02d4364764558ab0b83645108407224df96412f12cc3735a7,121,497e05da976c8d6d179ce645ede3c0a667192c219460145da04257b9cdfbdc7b,0,2,picking_aisle_b,True,0.10663597897205476,0.8883870577047301,5.976389225189231,1,0.005946380999375833
0.0,13.656726182099959,6.938893903907228e-18,6.30808536718839e-19,,0.5720601180547994,0.41464466711935954,0.454644667715406,0,257,,,,,,,,,,,,,17.888458840582302,raw,0.05,121,497e05da976c8d6d179ce645ede3c0a667192c219460145da04257b9cdfbdc7b,5.985355349596299,,,,,,,,,,,,,,,,,,0,0.0,,,,,,,,,,,0,,ThetaStar,bd2aab1d0c498cc02d4364764558ab0b83645108407224df96412f12cc3735a7,121,497e05da976c8d6d179ce645ede3c0a667192c219460145da04257b9cdfbdc7b,0,3,picking_aisle_b,True,13.656726182099959,17.888458840582302,5.985355349596299,1,0.003133096997771645
0.0,0.10663597897205476,0.01518825708302869,0.0020137649403805147,,0.6245310844743812,0.4646446678644176,0.5146446686094757,0,215,,,,,,,,,,,,,0.8883870577047301,simple,0.05,121,dd7d864fd5fa68a53f0955b4cfc38a747f9c16997fff965e181358d0710d84fa,5.976389225189231,,,,,,,,,,,,,,,,,,0,0.0,,,,,,,,,,,0,,ThetaStar,bd2aab1d0c498cc02d4364764558ab0b83645108407224df96412f12cc3735a7,121,497e05da976c8d6d179ce645ede3c0a667192c219460145da04257b9cdfbdc7b,0,3,picking_aisle_b,True,0.10663597897205476,0.8883870577047301,5.976389225189231,1,0.006005791998177301
0.0,1.0095963985988656,0.011591371815887883,0.0011408595115841309,,0.6134867758161191,0.4646446678644176,0.5146446686094757,0,237,,,,,,,,,,,,,3.886688886171447,savitzky_golay,0.05,121,ff555a6bf7b4d24e591d90a6547c28fa995202d0509e9c66936d0255730e5cf1,5.978286186550005,,,,,,,,,,,,,,,,,,0,0.0,,,,,,,,,,,0,,ThetaStar,bd2aab1d0c498cc02d4364764558ab0b83645108407224df96412f12cc3735a7,121,497e05da976c8d6d179ce645ede3c0a667192c219460145da04257b9cdfbdc7b,0,3,picking_aisle_b,True,1.0095963985988656,3.886688886171447,5.978286186550005,1,0.007459371998265851
0.009000000000000001,4.967158146985635,0.031218278849731412,0.005069407702853126,,0.5820235697639528,0.3646446663743015,0.41464466711935954,0,239,,,,,,,,,,,,,6.4580744845694875,constrained,0.05,121,205b619d9d7f0c9f01d1e500691688ed395ec3f0e79c6020006880ddf6a154df,5.994385231490208,,,,,,,,,,,,,,,,,,0,0.0,,,,,,,,,,,0,,ThetaStar,bd2aab1d0c498cc02d4364764558ab0b83645108407224df96412f12cc3735a7,121,497e05da976c8d6d179ce645ede3c0a667192c219460145da04257b9cdfbdc7b,0,3,picking_aisle_b,True,4.967158146985635,6.4580744845694875,5.994385231490208,1,0.010743463997641811
0.0,8.286915855244048e-30,0.024685888040671233,0.014254534480489255,,0.6104948422331317,0.5146446686094757,0.5146446686094757,0,121,,,,,,,,,,,,,3.496552006265789e-15,pivot_g2_fixed,0.05,121,56d6db83f464fce596b9c68ad2fe04a97ded2e884da2d4e5201cb64c04b52c46,5.975052404588491,0,0,"[[-0.0249999, 2.975], [0, -3]]",121,0.075,0.0248951,0.15,0,2,0,1,[],0,0,0,none,0,0,0.0,200,0,121,0,0,{},0.000185411,fixed,0.05,,0,0,ThetaStar,bd2aab1d0c498cc02d4364764558ab0b83645108407224df96412f12cc3735a7,121,497e05da976c8d6d179ce645ede3c0a667192c219460145da04257b9cdfbdc7b,0,3,picking_aisle_b,True,8.286915855244048e-30,3.496552006265789e-15,5.975052404588491,1,0.005973522002022946
0.0,8.286915855244048e-30,0.024685888040671233,0.014254534480489255,,0.6104948422331317,0.5146446686094757,0.5146446686094757,0,121,,,,,,,,,,,,,3.496552006265789e-15,pivot_g2,0.05,121,56d6db83f464fce596b9c68ad2fe04a97ded2e884da2d4e5201cb64c04b52c46,5.975052404588491,0,0,"[[-0.0249999, 2.975], [0, -3]]",121,0.075,0.0248951,0.15,0,2,0,1,[],0,0,0,none,0,0,0.0,200,0,121,0,0,{},0.000194348,adaptive,0.05,,0,0,ThetaStar,bd2aab1d0c498cc02d4364764558ab0b83645108407224df96412f12cc3735a7,121,497e05da976c8d6d179ce645ede3c0a667192c219460145da04257b9cdfbdc7b,0,3,picking_aisle_b,True,8.286915855244048e-30,3.496552006265789e-15,5.975052404588491,1,0.006056545000319602
0.0,0.10663597897205476,0.01518825708302869,0.0020137649403805147,,0.6245310844743812,0.4646446678644176,0.5146446686094757,0,215,8.28692e-30,0,0,True,13.6567,83,True,simple_default,simple,0.106636,0,True,0.8883870577047301,adaptive_hybrid_fixed,0.05,121,dd7d864fd5fa68a53f0955b4cfc38a747f9c16997fff965e181358d0710d84fa,5.976389225189231,,,,,,,,,,,,,,,,,,0,0.0,,,,,,,,,,,0,,ThetaStar,bd2aab1d0c498cc02d4364764558ab0b83645108407224df96412f12cc3735a7,121,497e05da976c8d6d179ce645ede3c0a667192c219460145da04257b9cdfbdc7b,0,3,picking_aisle_b,True,0.10663597897205476,0.8883870577047301,5.976389225189231,1,0.004750391002744436
0.003,0.10663597897205476,0.01518825708302869,0.0020137649403805147,,0.6245310844743812,0.4646446678644176,0.5146446686094757,0,215,8.28692e-30,0,0,True,13.6567,83,True,simple_default,simple,0.106636,0,True,0.8883870577047301,adaptive_hybrid,0.05,121,dd7d864fd5fa68a53f0955b4cfc38a747f9c16997fff965e181358d0710d84fa,5.976389225189231,,,,,,,,,,,,,,,,,,0,0.0,,,,,,,,,,,0,,ThetaStar,bd2aab1d0c498cc02d4364764558ab0b83645108407224df96412f12cc3735a7,121,497e05da976c8d6d179ce645ede3c0a667192c219460145da04257b9cdfbdc7b,0,3,picking_aisle_b,True,0.10663597897205476,0.8883870577047301,5.976389225189231,1,0.006080527000449365
0.0,2.0526482613933115,0.0,0.0,,0.5720601180547994,0.41464466711935954,0.454644667715406,0,257,,,,,,,,,,,,,6.407258937762359,raw,0.05,121,140250d85f52bc1d720d6e165fd103b6c7911ed5bbf1216394f1fa92e7d5f2a1,6.029056890141732,,,,,,,,,,,,,,,,,,0,0.0,,,,,,,,,,,0,,ThetaStar,78bb9056e6c0b35b8cf442ceb9adbbdff90e63504180a5518972cf79752f3d37,122,140250d85f52bc1d720d6e165fd103b6c7911ed5bbf1216394f1fa92e7d5f2a1,0,1,picking_aisle_c,True,2.0526482613933115,6.407258937762359,6.029056890141732,1,0.0032226459989033174
0.0,0.045720108954539165,0.014979405144938118,0.0018804237325356593,,0.6118462429164238,0.4646446678644176,0.5146446686094757,0,241,,,,,,,,,,,,,0.4976393801475451,simple,0.05,121,1f883a8875743f8da64147ffbff9943f46d7fe9770b29f74faf20fc8e95e727d,6.026099061873992,,,,,,,,,,,,,,,,,,0,0.0,,,,,,,,,,,0,,ThetaStar,78bb9056e6c0b35b8cf442ceb9adbbdff90e63504180a5518972cf79752f3d37,122,140250d85f52bc1d720d6e165fd103b6c7911ed5bbf1216394f1fa92e7d5f2a1,0,1,picking_aisle_c,True,0.045720108954539165,0.4976393801475451,6.026099061873992,1,0.006802659001550637
0.0,0.24705401545334704,0.009705404543016095,0.00099079782728,,0.6156128205814267,0.4646446678644176,0.5146446686094757,0,233,,,,,,,,,,,,,1.5012178157313598,savitzky_golay,0.05,121,dbb3feeedd7a5b0e0ec79987440d7b2a6641be9fd8288353a41f5513eaf33222,6.02711184820275,,,,,,,,,,,,,,,,,,0,0.0,,,,,,,,,,,0,,ThetaStar,78bb9056e6c0b35b8cf442ceb9adbbdff90e63504180a5518972cf79752f3d37,122,140250d85f52bc1d720d6e165fd103b6c7911ed5bbf1216394f1fa92e7d5f2a1,0,1,picking_aisle_c,True,0.24705401545334704,1.5012178157313598,6.02711184820275,1,0.006232341002032626
0.006,1.0878586585505055,0.009829193973278194,0.001385026624892009,,0.6048179445600766,0.3646446663743015,0.41464466711935954,0,238,,,,,,,,,,,,,3.1401463810106742,constrained,0.05,121,a79615ebf58ec3450c8cd9d80bc4242a26fd609afb9875ef6649ab437f68f6bb,6.030194278055279,,,,,,,,,,,,,,,,,,0,0.0,,,,,,,,,,,0,,ThetaStar,78bb9056e6c0b35b8cf442ceb9adbbdff90e63504180a5518972cf79752f3d37,122,140250d85f52bc1d720d6e165fd103b6c7911ed5bbf1216394f1fa92e7d5f2a1,0,1,picking_aisle_c,True,1.0878586585505055,3.1401463810106742,6.030194278055279,1,0.010862205999728758
0.0,2.149765804883928e-26,0.024481000742717418,0.014166535900702892,,0.609709185072282,0.5146446686094757,0.5146446686094757,0,122,,,,,,,,,,,,,1.7761942090744377e-13,pivot_g2_fixed,0.05,122,a88442386ff57bf2254888addfa07a2ee42bac7be8fcd2e9c6796c85c316878e,6.025051851975065,0,0,"[[1.975, -3.025], [2, 3]]",121,0.075,0.0246885,0.15,0,2,0,1,[],0,0,0,none,0,0,0.0,200,0,122,0,0,{},0.000191561,fixed,0.05,,0,0,ThetaStar,78bb9056e6c0b35b8cf442ceb9adbbdff90e63504180a5518972cf79752f3d37,122,140250d85f52bc1d720d6e165fd103b6c7911ed5bbf1216394f1fa92e7d5f2a1,0,1,picking_aisle_c,True,2.149765804883928e-26,1.7761942090744377e-13,6.025051851975065,1,0.006018749998474959
0.0,2.149765804883928e-26,0.024481000742717418,0.014166535900702892,,0.609709185072282,0.5146446686094757,0.5146446686094757,0,122,,,,,,,,,,,,,1.7761942090744377e-13,pivot_g2,0.05,122,a88442386ff57bf2254888addfa07a2ee42bac7be8fcd2e9c6796c85c316878e,6.025051851975065,0,0,"[[1.975, -3.025], [2, 3]]",121,0.075,0.0246885,0.15,0,2,0,1,[],0,0,0,none,0,0,0.0,200,0,122,0,0,{},0.000258845,adaptive,0.05,,0,0,ThetaStar,78bb9056e6c0b35b8cf442ceb9adbbdff90e63504180a5518972cf79752f3d37,122,140250d85f52bc1d720d6e165fd103b6c7911ed5bbf1216394f1fa92e7d5f2a1,0,1,picking_aisle_c,True,2.149765804883928e-26,1.7761942090744377e-13,6.025051851975065,1,0.005877785999473417
0.003,0.045720108954539165,0.014979405144938118,0.0018804237325356593,,0.6118462429164238,0.4646446678644176,0.5146446686094757,0,241,2.14977e-26,0,0,True,2.05265,83,True,simple_default,simple,0.0457201,0,True,0.4976393801475451,adaptive_hybrid_fixed,0.05,121,1f883a8875743f8da64147ffbff9943f46d7fe9770b29f74faf20fc8e95e727d,6.026099061873992,,,,,,,,,,,,,,,,,,0,0.0,,,,,,,,,,,0,,ThetaStar,78bb9056e6c0b35b8cf442ceb9adbbdff90e63504180a5518972cf79752f3d37,122,140250d85f52bc1d720d6e165fd103b6c7911ed5bbf1216394f1fa92e7d5f2a1,0,1,picking_aisle_c,True,0.045720108954539165,0.4976393801475451,6.026099061873992,1,0.0064559359998384025
0.003,0.045720108954539165,0.014979405144938118,0.0018804237325356593,,0.6118462429164238,0.4646446678644176,0.5146446686094757,0,241,2.14977e-26,0,0,True,2.05265,83,True,simple_default,simple,0.0457201,0,True,0.4976393801475451,adaptive_hybrid,0.05,121,1f883a8875743f8da64147ffbff9943f46d7fe9770b29f74faf20fc8e95e727d,6.026099061873992,,,,,,,,,,,,,,,,,,0,0.0,,,,,,,,,,,0,,ThetaStar,78bb9056e6c0b35b8cf442ceb9adbbdff90e63504180a5518972cf79752f3d37,122,140250d85f52bc1d720d6e165fd103b6c7911ed5bbf1216394f1fa92e7d5f2a1,0,1,picking_aisle_c,True,0.045720108954539165,0.4976393801475451,6.026099061873992,1,0.006075519999285461
0.003,2.0526482613933115,0.0,0.0,,0.5720601180547994,0.41464466711935954,0.454644667715406,0,257,,,,,,,,,,,,,6.407258937762359,raw,0.05,121,140250d85f52bc1d720d6e165fd103b6c7911ed5bbf1216394f1fa92e7d5f2a1,6.029056890141732,,,,,,,,,,,,,,,,,,0,0.0,,,,,,,,,,,0,,ThetaStar,78bb9056e6c0b35b8cf442ceb9adbbdff90e63504180a5518972cf79752f3d37,122,140250d85f52bc1d720d6e165fd103b6c7911ed5bbf1216394f1fa92e7d5f2a1,0,2,picking_aisle_c,True,2.0526482613933115,6.407258937762359,6.029056890141732,1,0.002925474997027777
0.0,0.045720108954539165,0.014979405144938118,0.0018804237325356593,,0.6118462429164238,0.4646446678644176,0.5146446686094757,0,241,,,,,,,,,,,,,0.4976393801475451,simple,0.05,121,1f883a8875743f8da64147ffbff9943f46d7fe9770b29f74faf20fc8e95e727d,6.026099061873992,,,,,,,,,,,,,,,,,,0,0.0,,,,,,,,,,,0,,ThetaStar,78bb9056e6c0b35b8cf442ceb9adbbdff90e63504180a5518972cf79752f3d37,122,140250d85f52bc1d720d6e165fd103b6c7911ed5bbf1216394f1fa92e7d5f2a1,0,2,picking_aisle_c,True,0.045720108954539165,0.4976393801475451,6.026099061873992,1,0.0064366410006186925
0.0,0.24705401545334704,0.009705404543016095,0.00099079782728,,0.6156128205814267,0.4646446678644176,0.5146446686094757,0,233,,,,,,,,,,,,,1.5012178157313598,savitzky_golay,0.05,121,dbb3feeedd7a5b0e0ec79987440d7b2a6641be9fd8288353a41f5513eaf33222,6.02711184820275,,,,,,,,,,,,,,,,,,0,0.0,,,,,,,,,,,0,,ThetaStar,78bb9056e6c0b35b8cf442ceb9adbbdff90e63504180a5518972cf79752f3d37,122,140250d85f52bc1d720d6e165fd103b6c7911ed5bbf1216394f1fa92e7d5f2a1,0,2,picking_aisle_c,True,0.24705401545334704,1.5012178157313598,6.02711184820275,1,0.007363586002611555
0.006,1.0878586585505055,0.009829193973278194,0.001385026624892009,,0.6048179445600766,0.3646446663743015,0.41464466711935954,0,238,,,,,,,,,,,,,3.1401463810106742,constrained,0.05,121,a79615ebf58ec3450c8cd9d80bc4242a26fd609afb9875ef6649ab437f68f6bb,6.030194278055279,,,,,,,,,,,,,,,,,,0,0.0,,,,,,,,,,,0,,ThetaStar,78bb9056e6c0b35b8cf442ceb9adbbdff90e63504180a5518972cf79752f3d37,122,140250d85f52bc1d720d6e165fd103b6c7911ed5bbf1216394f1fa92e7d5f2a1,0,2,picking_aisle_c,True,1.0878586585505055,3.1401463810106742,6.030194278055279,1,0.011251133000769187
0.0,2.149765804883928e-26,0.024481000742717418,0.014166535900702892,,0.609709185072282,0.5146446686094757,0.5146446686094757,0,122,,,,,,,,,,,,,1.7761942090744377e-13,pivot_g2_fixed,0.05,122,a88442386ff57bf2254888addfa07a2ee42bac7be8fcd2e9c6796c85c316878e,6.025051851975065,0,0,"[[1.975, -3.025], [2, 3]]",121,0.075,0.0246885,0.15,0,2,0,1,[],0,0,0,none,0,0,0.0,200,0,122,0,0,{},0.0001871,fixed,0.05,,0,0,ThetaStar,78bb9056e6c0b35b8cf442ceb9adbbdff90e63504180a5518972cf79752f3d37,122,140250d85f52bc1d720d6e165fd103b6c7911ed5bbf1216394f1fa92e7d5f2a1,0,2,picking_aisle_c,True,2.149765804883928e-26,1.7761942090744377e-13,6.025051851975065,1,0.00595089800117421
0.0,2.149765804883928e-26,0.024481000742717418,0.014166535900702892,,0.609709185072282,0.5146446686094757,0.5146446686094757,0,122,,,,,,,,,,,,,1.7761942090744377e-13,pivot_g2,0.05,122,a88442386ff57bf2254888addfa07a2ee42bac7be8fcd2e9c6796c85c316878e,6.025051851975065,0,0,"[[1.975, -3.025], [2, 3]]",121,0.075,0.0246885,0.15,0,2,0,1,[],0,0,0,none,0,0,0.0,200,0,122,0,0,{},0.000185079,adaptive,0.05,,0,0,ThetaStar,78bb9056e6c0b35b8cf442ceb9adbbdff90e63504180a5518972cf79752f3d37,122,140250d85f52bc1d720d6e165fd103b6c7911ed5bbf1216394f1fa92e7d5f2a1,0,2,picking_aisle_c,True,2.149765804883928e-26,1.7761942090744377e-13,6.025051851975065,1,0.006036681999830762
0.0,0.045720108954539165,0.014979405144938118,0.0018804237325356593,,0.6118462429164238,0.4646446678644176,0.5146446686094757,0,241,2.14977e-26,0,0,True,2.05265,83,True,simple_default,simple,0.0457201,0,True,0.4976393801475451,adaptive_hybrid_fixed,0.05,121,1f883a8875743f8da64147ffbff9943f46d7fe9770b29f74faf20fc8e95e727d,6.026099061873992,,,,,,,,,,,,,,,,,,0,0.0,,,,,,,,,,,0,,ThetaStar,78bb9056e6c0b35b8cf442ceb9adbbdff90e63504180a5518972cf79752f3d37,122,140250d85f52bc1d720d6e165fd103b6c7911ed5bbf1216394f1fa92e7d5f2a1,0,2,picking_aisle_c,True,0.045720108954539165,0.4976393801475451,6.026099061873992,1,0.006330401000013808
0.0,0.045720108954539165,0.014979405144938118,0.0018804237325356593,,0.6118462429164238,0.4646446678644176,0.5146446686094757,0,241,2.14977e-26,0,0,True,2.05265,83,True,simple_default,simple,0.0457201,0,True,0.4976393801475451,adaptive_hybrid,0.05,121,1f883a8875743f8da64147ffbff9943f46d7fe9770b29f74faf20fc8e95e727d,6.026099061873992,,,,,,,,,,,,,,,,,,0,0.0,,,,,,,,,,,0,,ThetaStar,78bb9056e6c0b35b8cf442ceb9adbbdff90e63504180a5518972cf79752f3d37,122,140250d85f52bc1d720d6e165fd103b6c7911ed5bbf1216394f1fa92e7d5f2a1,0,2,picking_aisle_c,True,0.045720108954539165,0.4976393801475451,6.026099061873992,1,0.007687785997404717
0.0,2.0526482613933115,0.0,0.0,,0.5720601180547994,0.41464466711935954,0.454644667715406,0,257,,,,,,,,,,,,,6.407258937762359,raw,0.05,121,140250d85f52bc1d720d6e165fd103b6c7911ed5bbf1216394f1fa92e7d5f2a1,6.029056890141732,,,,,,,,,,,,,,,,,,0,0.0,,,,,,,,,,,0,,ThetaStar,78bb9056e6c0b35b8cf442ceb9adbbdff90e63504180a5518972cf79752f3d37,122,140250d85f52bc1d720d6e165fd103b6c7911ed5bbf1216394f1fa92e7d5f2a1,0,3,picking_aisle_c,True,2.0526482613933115,6.407258937762359,6.029056890141732,1,0.003016067003045464
0.0,0.045720108954539165,0.014979405144938118,0.0018804237325356593,,0.6118462429164238,0.4646446678644176,0.5146446686094757,0,241,,,,,,,,,,,,,0.4976393801475451,simple,0.05,121,1f883a8875743f8da64147ffbff9943f46d7fe9770b29f74faf20fc8e95e727d,6.026099061873992,,,,,,,,,,,,,,,,,,0,0.0,,,,,,,,,,,0,,ThetaStar,78bb9056e6c0b35b8cf442ceb9adbbdff90e63504180a5518972cf79752f3d37,122,140250d85f52bc1d720d6e165fd103b6c7911ed5bbf1216394f1fa92e7d5f2a1,0,3,picking_aisle_c,True,0.045720108954539165,0.4976393801475451,6.026099061873992,1,0.005832088998431573
0.0,0.24705401545334704,0.009705404543016095,0.00099079782728,,0.6156128205814267,0.4646446678644176,0.5146446686094757,0,233,,,,,,,,,,,,,1.5012178157313598,savitzky_golay,0.05,121,dbb3feeedd7a5b0e0ec79987440d7b2a6641be9fd8288353a41f5513eaf33222,6.02711184820275,,,,,,,,,,,,,,,,,,0,0.0,,,,,,,,,,,0,,ThetaStar,78bb9056e6c0b35b8cf442ceb9adbbdff90e63504180a5518972cf79752f3d37,122,140250d85f52bc1d720d6e165fd103b6c7911ed5bbf1216394f1fa92e7d5f2a1,0,3,picking_aisle_c,True,0.24705401545334704,1.5012178157313598,6.02711184820275,1,0.006248263001907617
0.009000000000000001,1.0878586585505055,0.009829193973278194,0.001385026624892009,,0.6048179445600766,0.3646446663743015,0.41464466711935954,0,238,,,,,,,,,,,,,3.1401463810106742,constrained,0.05,121,a79615ebf58ec3450c8cd9d80bc4242a26fd609afb9875ef6649ab437f68f6bb,6.030194278055279,,,,,,,,,,,,,,,,,,0,0.0,,,,,,,,,,,0,,ThetaStar,78bb9056e6c0b35b8cf442ceb9adbbdff90e63504180a5518972cf79752f3d37,122,140250d85f52bc1d720d6e165fd103b6c7911ed5bbf1216394f1fa92e7d5f2a1,0,3,picking_aisle_c,True,1.0878586585505055,3.1401463810106742,6.030194278055279,1,0.009697453999251593
0.003,2.149765804883928e-26,0.024481000742717418,0.014166535900702892,,0.609709185072282,0.5146446686094757,0.5146446686094757,0,122,,,,,,,,,,,,,1.7761942090744377e-13,pivot_g2_fixed,0.05,122,a88442386ff57bf2254888addfa07a2ee42bac7be8fcd2e9c6796c85c316878e,6.025051851975065,0,0,"[[1.975, -3.025], [2, 3]]",121,0.075,0.0246885,0.15,0,2,0,1,[],0,0,0,none,0,0,0.0,200,0,122,0,0,{},0.000194135,fixed,0.05,,0,0,ThetaStar,78bb9056e6c0b35b8cf442ceb9adbbdff90e63504180a5518972cf79752f3d37,122,140250d85f52bc1d720d6e165fd103b6c7911ed5bbf1216394f1fa92e7d5f2a1,0,3,picking_aisle_c,True,2.149765804883928e-26,1.7761942090744377e-13,6.025051851975065,1,0.00626821300102165
0.0,2.149765804883928e-26,0.024481000742717418,0.014166535900702892,,0.609709185072282,0.5146446686094757,0.5146446686094757,0,122,,,,,,,,,,,,,1.7761942090744377e-13,pivot_g2,0.05,122,a88442386ff57bf2254888addfa07a2ee42bac7be8fcd2e9c6796c85c316878e,6.025051851975065,0,0,"[[1.975, -3.025], [2, 3]]",121,0.075,0.0246885,0.15,0,2,0,1,[],0,0,0,none,0,0,0.0,200,0,122,0,0,{},0.000182991,adaptive,0.05,,0,0,ThetaStar,78bb9056e6c0b35b8cf442ceb9adbbdff90e63504180a5518972cf79752f3d37,122,140250d85f52bc1d720d6e165fd103b6c7911ed5bbf1216394f1fa92e7d5f2a1,0,3,picking_aisle_c,True,2.149765804883928e-26,1.7761942090744377e-13,6.025051851975065,1,0.0056597469992993865
0.0,0.045720108954539165,0.014979405144938118,0.0018804237325356593,,0.6118462429164238,0.4646446678644176,0.5146446686094757,0,241,2.14977e-26,0,0,True,2.05265,83,True,simple_default,simple,0.0457201,0,True,0.4976393801475451,adaptive_hybrid_fixed,0.05,121,1f883a8875743f8da64147ffbff9943f46d7fe9770b29f74faf20fc8e95e727d,6.026099061873992,,,,,,,,,,,,,,,,,,0,0.0,,,,,,,,,,,0,,ThetaStar,78bb9056e6c0b35b8cf442ceb9adbbdff90e63504180a5518972cf79752f3d37,122,140250d85f52bc1d720d6e165fd103b6c7911ed5bbf1216394f1fa92e7d5f2a1,0,3,picking_aisle_c,True,0.045720108954539165,0.4976393801475451,6.026099061873992,1,0.006452456000261009
0.0,0.045720108954539165,0.014979405144938118,0.0018804237325356593,,0.6118462429164238,0.4646446678644176,0.5146446686094757,0,241,2.14977e-26,0,0,True,2.05265,83,True,simple_default,simple,0.0457201,0,True,0.4976393801475451,adaptive_hybrid,0.05,121,1f883a8875743f8da64147ffbff9943f46d7fe9770b29f74faf20fc8e95e727d,6.026099061873992,,,,,,,,,,,,,,,,,,0,0.0,,,,,,,,,,,0,,ThetaStar,78bb9056e6c0b35b8cf442ceb9adbbdff90e63504180a5518972cf79752f3d37,122,140250d85f52bc1d720d6e165fd103b6c7911ed5bbf1216394f1fa92e7d5f2a1,0,3,picking_aisle_c,True,0.045720108954539165,0.4976393801475451,6.026099061873992,1,0.006439980999857653
0.0,13.656689291107671,6.938893903907228e-18,6.30808536718839e-19,,0.9869633049644764,0.6146446700995918,0.6646446708446498,0,257,,,,,,,,,,,,,17.88843964799262,raw,0.05,121,79a9f7aed398a5e02c59fae6b5fc8b7d030d1821616f360afd2dc2f67b72a988,5.9853553021813095,,,,,,,,,,,,,,,,,,0,0.0,,,,,,,,,,,0,,ThetaStar,7b3ea50a84e77f7a8cff80edd79fa498f6f768dbb76b112636fd3271cbe05f5b,121,79a9f7aed398a5e02c59fae6b5fc8b7d030d1821616f360afd2dc2f67b72a988,0,1,east_service_lane,True,13.656689291107671,17.88843964799262,5.9853553021813095,1,0.00311707299988484
0.0,0.10663542303806331,0.015188233592646315,0.0020137606350895793,,1.0527741125774188,0.6646446708446498,0.814644673079824,0,215,,,,,,,,,,,,,0.8883847790679743,simple,0.05,121,9afbced06723205a2488c900982a2a5f3f870f48f9a9e8fdffadf1a2b3ace86e,5.976389217771343,,,,,,,,,,,,,,,,,,0,0.0,,,,,,,,,,,0,,ThetaStar,7b3ea50a84e77f7a8cff80edd79fa498f6f768dbb76b112636fd3271cbe05f5b,121,79a9f7aed398a5e02c59fae6b5fc8b7d030d1821616f360afd2dc2f67b72a988,0,1,east_service_lane,True,0.10663542303806331,0.8883847790679743,5.976389217771343,1,0.006240086000616429
0.0,1.0095916200899044,0.011591352977287193,0.0011408574863148934,,1.0030834210736732,0.6146446700995918,0.6646446708446498,0,264,,,,,,,,,,,,,3.886680359871202,savitzky_golay,0.05,121,b1da957af8ae854ec2012363fc752adcc50a132a8a030ef4be4011153fa1353d,5.978286169239159,,,,,,,,,,,,,,,,,,0,0.0,,,,,,,,,,,0,,ThetaStar,7b3ea50a84e77f7a8cff80edd79fa498f6f768dbb76b112636fd3271cbe05f5b,121,79a9f7aed398a5e02c59fae6b5fc8b7d030d1821616f360afd2dc2f67b72a988,0,1,east_service_lane,True,1.0095916200899044,3.886680359871202,5.978286169239159,1,0.006089829999837093
0.012,4.966845712216135,0.03121942136375111,0.005069603006000696,,0.9957747547851402,0.6146446700995918,0.6646446708446498,0,239,,,,,,,,,,,,,6.458814631538582,constrained,0.05,121,3ed9199bb23890a09bac4bf6b4bb2d6c676b063125769d7c555bb9f0643df268,5.994384960940526,,,,,,,,,,,,,,,,,,0,0.0,,,,,,,,,,,0,,ThetaStar,7b3ea50a84e77f7a8cff80edd79fa498f6f768dbb76b112636fd3271cbe05f5b,121,79a9f7aed398a5e02c59fae6b5fc8b7d030d1821616f360afd2dc2f67b72a988,0,1,east_service_lane,True,4.966845712216135,6.458814631538582,5.994384960940526,1,0.017062699000234716
0.0,3.197705950854429e-25,0.024685821828883014,0.014254496487319674,,1.0377383201364123,0.6646446708446498,0.814644673079824,0,121,,,,,,,,,,,,,3.5637725409598854e-13,pivot_g2_fixed,0.05,121,e5bd383ff1b2380bc8368c1012ea9f7d5d77c80062a7eed251621708b8becd86,5.975052404307929,0,0,"[[4.475, 2.975], [4.5, -3]]",121,0.075,0.024895,0.15,0,2,0,1,[],0,0,0,none,0,0,0.0,200,0,121,0,0,{},0.000180121,fixed,0.05,,0,0,ThetaStar,7b3ea50a84e77f7a8cff80edd79fa498f6f768dbb76b112636fd3271cbe05f5b,121,79a9f7aed398a5e02c59fae6b5fc8b7d030d1821616f360afd2dc2f67b72a988,0,1,east_service_lane,True,3.197705950854429e-25,3.5637725409598854e-13,5.975052404307929,1,0.005920125000557164
0.0,3.197705950854429e-25,0.024685821828883014,0.014254496487319674,,1.0377383201364123,0.6646446708446498,0.814644673079824,0,121,,,,,,,,,,,,,3.5637725409598854e-13,pivot_g2,0.05,121,e5bd383ff1b2380bc8368c1012ea9f7d5d77c80062a7eed251621708b8becd86,5.975052404307929,0,0,"[[4.475, 2.975], [4.5, -3]]",121,0.075,0.024895,0.15,0,2,0,1,[],0,0,0,none,0,0,0.0,200,0,121,0,0,{},0.000201228,adaptive,0.05,,0,0,ThetaStar,7b3ea50a84e77f7a8cff80edd79fa498f6f768dbb76b112636fd3271cbe05f5b,121,79a9f7aed398a5e02c59fae6b5fc8b7d030d1821616f360afd2dc2f67b72a988,0,1,east_service_lane,True,3.197705950854429e-25,3.5637725409598854e-13,5.975052404307929,1,0.00622795800154563
0.0,0.10663542303806331,0.015188233592646315,0.0020137606350895793,,1.0527741125774188,0.6646446708446498,0.814644673079824,0,215,3.19771e-25,0,0,True,13.6567,0,True,simple_default,simple,0.106635,0,True,0.8883847790679743,adaptive_hybrid_fixed,0.05,121,9afbced06723205a2488c900982a2a5f3f870f48f9a9e8fdffadf1a2b3ace86e,5.976389217771343,,,,,,,,,,,,,,,,,,0,0.0,,,,,,,,,,,0,,ThetaStar,7b3ea50a84e77f7a8cff80edd79fa498f6f768dbb76b112636fd3271cbe05f5b,121,79a9f7aed398a5e02c59fae6b5fc8b7d030d1821616f360afd2dc2f67b72a988,0,1,east_service_lane,True,0.10663542303806331,0.8883847790679743,5.976389217771343,1,0.006019841999659548
0.0,0.10663542303806331,0.015188233592646315,0.0020137606350895793,,1.0527741125774188,0.6646446708446498,0.814644673079824,0,215,3.19771e-25,0,0,True,13.6567,0,True,simple_default,simple,0.106635,0,True,0.8883847790679743,adaptive_hybrid,0.05,121,9afbced06723205a2488c900982a2a5f3f870f48f9a9e8fdffadf1a2b3ace86e,5.976389217771343,,,,,,,,,,,,,,,,,,0,0.0,,,,,,,,,,,0,,ThetaStar,7b3ea50a84e77f7a8cff80edd79fa498f6f768dbb76b112636fd3271cbe05f5b,121,79a9f7aed398a5e02c59fae6b5fc8b7d030d1821616f360afd2dc2f67b72a988,0,1,east_service_lane,True,0.10663542303806331,0.8883847790679743,5.976389217771343,1,0.006218588001502212
0.0,13.656689291107671,6.938893903907228e-18,6.30808536718839e-19,,0.9869633049644764,0.6146446700995918,0.6646446708446498,0,257,,,,,,,,,,,,,17.88843964799262,raw,0.05,121,79a9f7aed398a5e02c59fae6b5fc8b7d030d1821616f360afd2dc2f67b72a988,5.9853553021813095,,,,,,,,,,,,,,,,,,0,0.0,,,,,,,,,,,0,,ThetaStar,7b3ea50a84e77f7a8cff80edd79fa498f6f768dbb76b112636fd3271cbe05f5b,121,79a9f7aed398a5e02c59fae6b5fc8b7d030d1821616f360afd2dc2f67b72a988,0,2,east_service_lane,True,13.656689291107671,17.88843964799262,5.9853553021813095,1,0.003308145001938101
0.0,0.10663542303806331,0.015188233592646315,0.0020137606350895793,,1.0527741125774188,0.6646446708446498,0.814644673079824,0,215,,,,,,,,,,,,,0.8883847790679743,simple,0.05,121,9afbced06723205a2488c900982a2a5f3f870f48f9a9e8fdffadf1a2b3ace86e,5.976389217771343,,,,,,,,,,,,,,,,,,0,0.0,,,,,,,,,,,0,,ThetaStar,7b3ea50a84e77f7a8cff80edd79fa498f6f768dbb76b112636fd3271cbe05f5b,121,79a9f7aed398a5e02c59fae6b5fc8b7d030d1821616f360afd2dc2f67b72a988,0,2,east_service_lane,True,0.10663542303806331,0.8883847790679743,5.976389217771343,1,0.02466570900287479
0.0,1.0095916200899044,0.011591352977287193,0.0011408574863148934,,1.0030834210736732,0.6146446700995918,0.6646446708446498,0,264,,,,,,,,,,,,,3.886680359871202,savitzky_golay,0.05,121,b1da957af8ae854ec2012363fc752adcc50a132a8a030ef4be4011153fa1353d,5.978286169239159,,,,,,,,,,,,,,,,,,0,0.0,,,,,,,,,,,0,,ThetaStar,7b3ea50a84e77f7a8cff80edd79fa498f6f768dbb76b112636fd3271cbe05f5b,121,79a9f7aed398a5e02c59fae6b5fc8b7d030d1821616f360afd2dc2f67b72a988,0,2,east_service_lane,True,1.0095916200899044,3.886680359871202,5.978286169239159,1,0.00629108200155315
0.009000000000000001,4.966845712216135,0.03121942136375111,0.005069603006000696,,0.9957747547851402,0.6146446700995918,0.6646446708446498,0,239,,,,,,,,,,,,,6.458814631538582,constrained,0.05,121,3ed9199bb23890a09bac4bf6b4bb2d6c676b063125769d7c555bb9f0643df268,5.994384960940526,,,,,,,,,,,,,,,,,,0,0.0,,,,,,,,,,,0,,ThetaStar,7b3ea50a84e77f7a8cff80edd79fa498f6f768dbb76b112636fd3271cbe05f5b,121,79a9f7aed398a5e02c59fae6b5fc8b7d030d1821616f360afd2dc2f67b72a988,0,2,east_service_lane,True,4.966845712216135,6.458814631538582,5.994384960940526,1,0.011555439999938244
0.0,3.197705950854429e-25,0.024685821828883014,0.014254496487319674,,1.0377383201364123,0.6646446708446498,0.814644673079824,0,121,,,,,,,,,,,,,3.5637725409598854e-13,pivot_g2_fixed,0.05,121,e5bd383ff1b2380bc8368c1012ea9f7d5d77c80062a7eed251621708b8becd86,5.975052404307929,0,0,"[[4.475, 2.975], [4.5, -3]]",121,0.075,0.024895,0.15,0,2,0,1,[],0,0,0,none,0,0,0.0,200,0,121,0,0,{},0.000190923,fixed,0.05,,0,0,ThetaStar,7b3ea50a84e77f7a8cff80edd79fa498f6f768dbb76b112636fd3271cbe05f5b,121,79a9f7aed398a5e02c59fae6b5fc8b7d030d1821616f360afd2dc2f67b72a988,0,2,east_service_lane,True,3.197705950854429e-25,3.5637725409598854e-13,5.975052404307929,1,0.006465761998697417
0.0,3.197705950854429e-25,0.024685821828883014,0.014254496487319674,,1.0377383201364123,0.6646446708446498,0.814644673079824,0,121,,,,,,,,,,,,,3.5637725409598854e-13,pivot_g2,0.05,121,e5bd383ff1b2380bc8368c1012ea9f7d5d77c80062a7eed251621708b8becd86,5.975052404307929,0,0,"[[4.475, 2.975], [4.5, -3]]",121,0.075,0.024895,0.15,0,2,0,1,[],0,0,0,none,0,0,0.0,200,0,121,0,0,{},0.000112984,adaptive,0.05,,0,0,ThetaStar,7b3ea50a84e77f7a8cff80edd79fa498f6f768dbb76b112636fd3271cbe05f5b,121,79a9f7aed398a5e02c59fae6b5fc8b7d030d1821616f360afd2dc2f67b72a988,0,2,east_service_lane,True,3.197705950854429e-25,3.5637725409598854e-13,5.975052404307929,1,0.007418680001137545
0.0,0.10663542303806331,0.015188233592646315,0.0020137606350895793,,1.0527741125774188,0.6646446708446498,0.814644673079824,0,215,3.19771e-25,0,0,True,13.6567,0,True,simple_default,simple,0.106635,0,True,0.8883847790679743,adaptive_hybrid_fixed,0.05,121,9afbced06723205a2488c900982a2a5f3f870f48f9a9e8fdffadf1a2b3ace86e,5.976389217771343,,,,,,,,,,,,,,,,,,0,0.0,,,,,,,,,,,0,,ThetaStar,7b3ea50a84e77f7a8cff80edd79fa498f6f768dbb76b112636fd3271cbe05f5b,121,79a9f7aed398a5e02c59fae6b5fc8b7d030d1821616f360afd2dc2f67b72a988,0,2,east_service_lane,True,0.10663542303806331,0.8883847790679743,5.976389217771343,1,0.006247699002415175
0.0,0.10663542303806331,0.015188233592646315,0.0020137606350895793,,1.0527741125774188,0.6646446708446498,0.814644673079824,0,215,3.19771e-25,0,0,True,13.6567,0,True,simple_default,simple,0.106635,0,True,0.8883847790679743,adaptive_hybrid,0.05,121,9afbced06723205a2488c900982a2a5f3f870f48f9a9e8fdffadf1a2b3ace86e,5.976389217771343,,,,,,,,,,,,,,,,,,0,0.0,,,,,,,,,,,0,,ThetaStar,7b3ea50a84e77f7a8cff80edd79fa498f6f768dbb76b112636fd3271cbe05f5b,121,79a9f7aed398a5e02c59fae6b5fc8b7d030d1821616f360afd2dc2f67b72a988,0,2,east_service_lane,True,0.10663542303806331,0.8883847790679743,5.976389217771343,1,0.006827062999946065
0.003,13.656689291107671,6.938893903907228e-18,6.30808536718839e-19,,0.9869633049644764,0.6146446700995918,0.6646446708446498,0,257,,,,,,,,,,,,,17.88843964799262,raw,0.05,121,79a9f7aed398a5e02c59fae6b5fc8b7d030d1821616f360afd2dc2f67b72a988,5.9853553021813095,,,,,,,,,,,,,,,,,,0,0.0,,,,,,,,,,,0,,ThetaStar,7b3ea50a84e77f7a8cff80edd79fa498f6f768dbb76b112636fd3271cbe05f5b,121,79a9f7aed398a5e02c59fae6b5fc8b7d030d1821616f360afd2dc2f67b72a988,0,3,east_service_lane,True,13.656689291107671,17.88843964799262,5.9853553021813095,1,0.0029720070015173405
0.003,0.10663542303806331,0.015188233592646315,0.0020137606350895793,,1.0527741125774188,0.6646446708446498,0.814644673079824,0,215,,,,,,,,,,,,,0.8883847790679743,simple,0.05,121,9afbced06723205a2488c900982a2a5f3f870f48f9a9e8fdffadf1a2b3ace86e,5.976389217771343,,,,,,,,,,,,,,,,,,0,0.0,,,,,,,,,,,0,,ThetaStar,7b3ea50a84e77f7a8cff80edd79fa498f6f768dbb76b112636fd3271cbe05f5b,121,79a9f7aed398a5e02c59fae6b5fc8b7d030d1821616f360afd2dc2f67b72a988,0,3,east_service_lane,True,0.10663542303806331,0.8883847790679743,5.976389217771343,1,0.006379210000886815
0.0,1.0095916200899044,0.011591352977287193,0.0011408574863148934,,1.0030834210736732,0.6146446700995918,0.6646446708446498,0,264,,,,,,,,,,,,,3.886680359871202,savitzky_golay,0.05,121,b1da957af8ae854ec2012363fc752adcc50a132a8a030ef4be4011153fa1353d,5.978286169239159,,,,,,,,,,,,,,,,,,0,0.0,,,,,,,,,,,0,,ThetaStar,7b3ea50a84e77f7a8cff80edd79fa498f6f768dbb76b112636fd3271cbe05f5b,121,79a9f7aed398a5e02c59fae6b5fc8b7d030d1821616f360afd2dc2f67b72a988,0,3,east_service_lane,True,1.0095916200899044,3.886680359871202,5.978286169239159,1,0.006310599001153605
0.009000000000000001,4.966845712216135,0.03121942136375111,0.005069603006000696,,0.9957747547851402,0.6146446700995918,0.6646446708446498,0,239,,,,,,,,,,,,,6.458814631538582,constrained,0.05,121,3ed9199bb23890a09bac4bf6b4bb2d6c676b063125769d7c555bb9f0643df268,5.994384960940526,,,,,,,,,,,,,,,,,,0,0.0,,,,,,,,,,,0,,ThetaStar,7b3ea50a84e77f7a8cff80edd79fa498f6f768dbb76b112636fd3271cbe05f5b,121,79a9f7aed398a5e02c59fae6b5fc8b7d030d1821616f360afd2dc2f67b72a988,0,3,east_service_lane,True,4.966845712216135,6.458814631538582,5.994384960940526,1,0.011212689001695253
0.0,3.197705950854429e-25,0.024685821828883014,0.014254496487319674,,1.0377383201364123,0.6646446708446498,0.814644673079824,0,121,,,,,,,,,,,,,3.5637725409598854e-13,pivot_g2_fixed,0.05,121,e5bd383ff1b2380bc8368c1012ea9f7d5d77c80062a7eed251621708b8becd86,5.975052404307929,0,0,"[[4.475, 2.975], [4.5, -3]]",121,0.075,0.024895,0.15,0,2,0,1,[],0,0,0,none,0,0,0.0,200,0,121,0,0,{},0.000120759,fixed,0.05,,0,0,ThetaStar,7b3ea50a84e77f7a8cff80edd79fa498f6f768dbb76b112636fd3271cbe05f5b,121,79a9f7aed398a5e02c59fae6b5fc8b7d030d1821616f360afd2dc2f67b72a988,0,3,east_service_lane,True,3.197705950854429e-25,3.5637725409598854e-13,5.975052404307929,1,0.005967229000816587
0.0,3.197705950854429e-25,0.024685821828883014,0.014254496487319674,,1.0377383201364123,0.6646446708446498,0.814644673079824,0,121,,,,,,,,,,,,,3.5637725409598854e-13,pivot_g2,0.05,121,e5bd383ff1b2380bc8368c1012ea9f7d5d77c80062a7eed251621708b8becd86,5.975052404307929,0,0,"[[4.475, 2.975], [4.5, -3]]",121,0.075,0.024895,0.15,0,2,0,1,[],0,0,0,none,0,0,0.0,200,0,121,0,0,{},0.00011867,adaptive,0.05,,0,0,ThetaStar,7b3ea50a84e77f7a8cff80edd79fa498f6f768dbb76b112636fd3271cbe05f5b,121,79a9f7aed398a5e02c59fae6b5fc8b7d030d1821616f360afd2dc2f67b72a988,0,3,east_service_lane,True,3.197705950854429e-25,3.5637725409598854e-13,5.975052404307929,1,0.0066302640007052105
0.0,0.10663542303806331,0.015188233592646315,0.0020137606350895793,,1.0527741125774188,0.6646446708446498,0.814644673079824,0,215,3.19771e-25,0,0,True,13.6567,0,True,simple_default,simple,0.106635,0,True,0.8883847790679743,adaptive_hybrid_fixed,0.05,121,9afbced06723205a2488c900982a2a5f3f870f48f9a9e8fdffadf1a2b3ace86e,5.976389217771343,,,,,,,,,,,,,,,,,,0,0.0,,,,,,,,,,,0,,ThetaStar,7b3ea50a84e77f7a8cff80edd79fa498f6f768dbb76b112636fd3271cbe05f5b,121,79a9f7aed398a5e02c59fae6b5fc8b7d030d1821616f360afd2dc2f67b72a988,0,3,east_service_lane,True,0.10663542303806331,0.8883847790679743,5.976389217771343,1,0.006194012999912957
0.0,0.10663542303806331,0.015188233592646315,0.0020137606350895793,,1.0527741125774188,0.6646446708446498,0.814644673079824,0,215,3.19771e-25,0,0,True,13.6567,0,True,simple_default,simple,0.106635,0,True,0.8883847790679743,adaptive_hybrid,0.05,121,9afbced06723205a2488c900982a2a5f3f870f48f9a9e8fdffadf1a2b3ace86e,5.976389217771343,,,,,,,,,,,,,,,,,,0,0.0,,,,,,,,,,,0,,ThetaStar,7b3ea50a84e77f7a8cff80edd79fa498f6f768dbb76b112636fd3271cbe05f5b,121,79a9f7aed398a5e02c59fae6b5fc8b7d030d1821616f360afd2dc2f67b72a988,0,3,east_service_lane,True,0.10663542303806331,0.8883847790679743,5.976389217771343,1,0.006655692999629537
0.003,15.729362480283259,2.220446049250313e-16,4.720708256165983e-17,,0.48878549297425194,0.1449222268733815,0.17169645774129438,0,284,,,,,,,,,,,,,7.865368216418688,raw,0.05,138,b2019d5953c23e43ff4b614fa0466c74ee907a0c5dd0394552a631fcbc40045d,7.570597488788438,,,,,,,,,,,,,,,,,,0,0.0,,,,,,,,,,,0,,ThetaStar,fb05dea419505c5e6927b89601a96b65ece25689a5b0c7c4bab5693e352192d8,153,b2019d5953c23e43ff4b614fa0466c74ee907a0c5dd0394552a631fcbc40045d,0,1,cross_aisle_transfer,True,15.729362480283259,7.865368216418688,7.570597488788438,1,0.004043393000756623
0.0,1.9765489422737959,0.032486307340834776,0.00878232310868044,,0.4697220531488396,0.2146446641391273,0.2146446641391273,0,279,,,,,,,,,,,,,1.7822786150046055,simple,0.05,138,c75b08c6db69c6bfe576850052c84943a6e1fea94457b28c3d166be5f9aba8f4,7.519882102662534,,,,,,,,,,,,,,,,,,0,0.0,,,,,,,,,,,0,,ThetaStar,fb05dea419505c5e6927b89601a96b65ece25689a5b0c7c4bab5693e352192d8,152,b2019d5953c23e43ff4b614fa0466c74ee907a0c5dd0394552a631fcbc40045d,0,1,cross_aisle_transfer,True,1.9765489422737959,1.7822786150046055,7.519882102662534,1,0.006422428999940166
0.0,4.274121104829806,0.010608606364624778,0.0024216059612609956,,0.48156495459874277,0.21959563989254183,0.23390290478282266,0,248,,,,,,,,,,,,,2.8830262874416857,savitzky_golay,0.05,138,395d7739a10c09a5315f45ceb8d67ce16b4c2bab8e2c9381fde4d38d3a197739,7.5571120743537925,,,,,,,,,,,,,,,,,,0,0.0,,,,,,,,,,,0,,ThetaStar,fb05dea419505c5e6927b89601a96b65ece25689a5b0c7c4bab5693e352192d8,153,b2019d5953c23e43ff4b614fa0466c74ee907a0c5dd0394552a631fcbc40045d,0,1,cross_aisle_transfer,True,4.274121104829806,2.8830262874416857,7.5571120743537925,1,0.006352151001919992
0.009000000000000001,5.614713720273562,0.025196906927813026,0.006056814110624056,,0.46277898545094215,0.2474873771031409,0.2474873771031409,0,242,,,,,,,,,,,,,2.7010380186415164,constrained,0.05,138,db85185b77640078675c49a92462693f847fd7522e32a4c96b47bfcc8aae1772,7.576372600069492,,,,,,,,,,,,,,,,,,0,0.0,,,,,,,,,,,0,,ThetaStar,fb05dea419505c5e6927b89601a96b65ece25689a5b0c7c4bab5693e352192d8,153,b2019d5953c23e43ff4b614fa0466c74ee907a0c5dd0394552a631fcbc40045d,0,1,cross_aisle_transfer,True,5.614713720273562,2.7010380186415164,7.576372600069492,1,0.012330247001955286
0.006,1.943352088264733,0.07493817896018595,0.025984315840843625,,0.39439705155107274,0.17677669793081488,0.18825146149581692,0,323,,,,,,,,,,,,,1.568704081600494,pivot_g2_fixed,0.05,318,7bdcfb82e09c42af4ab91e780dc8377b6080c78bc2ca78961b8ca576d2c5245a,7.484316911613954,0,24,"[[-2.025, -2.825], [-1.675, -1.075], [-0.975, -0.575], [0.525, 0.175], [1.725, 1.125], [2, 2.8]]",138,0.075,0.0677497,0.15,0,6,0,5,"[{'index': 0, 'x': -1.675, 'y': -1.075, 'turn_angle': -0.753151, 'incoming_length': 1.78466, 'outgoing_length': 0.860233, 'pivot_safe': True, 'pass_through': False, 'radius_min': 0, 'radius_max': 0, 'trim_min': 0, 'trim_max': 0, 'evaluations': 9, 'safe_feasible': 5, 'states': 0, 'selected_radius': 0.75, 'selected_trim': 0.296586, 'selected_score': 0.85}, {'index': 1, 'x': -0.975, 'y': -0.575, 'turn_angle': -0.156602, 'incoming_length': 0.860233, 'outgoing_length': 1.67705, 'pivot_safe': True, 'pass_through': False, 'radius_min': 0, 'radius_max': 0, 'trim_min': 0, 'trim_max': 0, 'evaluations': 9, 'safe_feasible': 7, 'states': 0, 'selected_radius': 1.5, 'selected_trim': 0.117692, 'selected_score': 0.85}, {'index': 2, 'x': 0.525, 'y': 0.175, 'turn_angle': 0.205991, 'incoming_length': 1.67705, 'outgoing_length': 1.53052, 'pivot_safe': True, 'pass_through': False, 'radius_min': 0, 'radius_max': 0, 'trim_min': 0, 'trim_max': 0, 'evaluations': 9, 'safe_feasible': 8, 'states': 0, 'selected_radius': 1.5, 'selected_trim': 0.155042, 'selected_score': 1}, {'index': 3, 'x': 1.725, 'y': 1.125, 'turn_angle': 0.73843, 'incoming_length': 1.53052, 'outgoing_length': 1.69742, 'pivot_safe': True, 'pass_through': False, 'radius_min': 0, 'radius_max': 0, 'trim_min': 0, 'trim_max': 0, 'evaluations': 9, 'safe_feasible': 9, 'states': 0, 'selected_radius': 1.25, 'selected_trim': 0.4837, 'selected_score': 0.863508}]",4,0,36,none,4,0,0.0,200,0.890877,318,0,0,"{'angular acceleration iteration did not converge': 4, 'transition would overlap an adjacent corner window': 3}",0.00413936,fixed,0.05,,0,29,ThetaStar,fb05dea419505c5e6927b89601a96b65ece25689a5b0c7c4bab5693e352192d8,151,b2019d5953c23e43ff4b614fa0466c74ee907a0c5dd0394552a631fcbc40045d,0,1,cross_aisle_transfer,True,1.943352088264733,1.568704081600494,7.484316911613954,1,0.011803057997894939
0.006,1.310756143267687,0.09041839994156085,0.033060753376377296,,0.35721266188497763,0.1449222268733815,0.1449222268733815,0,387,,,,,,,,,,,,,0.7881739628371952,pivot_g2,0.05,382,e1d25292e104cf4f477adaf3580d912e58072287b4d88c02d358465c16382343,7.451700878516531,108,59,"[[-2.025, -2.825], [-1.675, -1.075], [-0.975, -0.575], [0.525, 0.175], [1.725, 1.125], [2, 2.8]]",138,0.075,0.0677497,0.15,0,6,0,5,"[{'index': 0, 'x': -1.675, 'y': -1.075, 'turn_angle': -0.753151, 'incoming_length': 1.78466, 'outgoing_length': 0.860233, 'pivot_safe': True, 'pass_through': False, 'radius_min': 0.1, 'radius_max': 1.5, 'trim_min': 0.0395447, 'trim_max': 0.593171, 'evaluations': 20, 'safe_feasible': 17, 'states': 6, 'selected_radius': 1.5, 'selected_trim': 0.593171, 'selected_score': 0.442824}, {'index': 1, 'x': -0.975, 'y': -0.575, 'turn_angle': -0.156602, 'incoming_length': 0.860233, 'outgoing_length': 1.67705, 'pivot_safe': True, 'pass_through': False, 'radius_min': 0.1, 'radius_max': 1.5, 'trim_min': 0.00784614, 'trim_max': 0.117692, 'evaluations': 20, 'safe_feasible': 17, 'states': 6, 'selected_radius': 1.5, 'selected_trim': 0.117692, 'selected_score': 0.153485}, {'index': 2, 'x': 0.525, 'y': 0.175, 'turn_angle': 0.205991, 'incoming_length': 1.67705, 'outgoing_length': 1.53052, 'pivot_safe': True, 'pass_through': False, 'radius_min': 0.1, 'radius_max': 1.5, 'trim_min': 0.0103361, 'trim_max': 0.155042, 'evaluations': 20, 'safe_feasible': 17, 'states': 6, 'selected_radius': 1.5, 'selected_trim': 0.155042, 'selected_score': 0.125525}, {'index': 3, 'x': 1.725, 'y': 1.125, 'turn_angle': 0.73843, 'incoming_length': 1.53052, 'outgoing_length': 1.69742, 'pivot_safe': True, 'pass_through': False, 'radius_min': 0.1, 'radius_max': 1.5, 'trim_min': 0.038696, 'trim_max': 0.580441, 'evaluations': 20, 'safe_feasible': 18, 'states': 6, 'selected_radius': 1.5, 'selected_trim': 0.580441, 'selected_score': 0.439352}]",4,24,80,none,4,0,0.0,200,0.290297,382,0,0,"{'angular acceleration iteration did not converge': 5, 'transition requires a reversing inner wheel': 6}",0.00584231,adaptive,0.05,,0,69,ThetaStar,fb05dea419505c5e6927b89601a96b65ece25689a5b0c7c4bab5693e352192d8,151,b2019d5953c23e43ff4b614fa0466c74ee907a0c5dd0394552a631fcbc40045d,0,1,cross_aisle_transfer,True,1.310756143267687,0.7881739628371952,7.451700878516531,1,0.016019293998397188
0.003,1.9765489422737959,0.032486307340834776,0.00878232310868044,,0.4697220531488396,0.2146446641391273,0.2146446641391273,0,279,1.94335,0,221,True,15.7294,253,True,simple_default,simple,1.97655,202,True,1.7822786150046055,adaptive_hybrid_fixed,0.05,138,c75b08c6db69c6bfe576850052c84943a6e1fea94457b28c3d166be5f9aba8f4,7.519882102662534,,,,,,,,,,,,,,,,,,0,0.0,,,,,,,,,,,0,,ThetaStar,fb05dea419505c5e6927b89601a96b65ece25689a5b0c7c4bab5693e352192d8,152,b2019d5953c23e43ff4b614fa0466c74ee907a0c5dd0394552a631fcbc40045d,0,1,cross_aisle_transfer,True,1.9765489422737959,1.7822786150046055,7.519882102662534,1,0.00796779099982814
0.009000000000000001,1.9765489422737959,0.032486307340834776,0.00878232310868044,,0.4697220531488396,0.2146446641391273,0.2146446641391273,0,279,1.31076,0,251,True,15.7294,253,True,simple_default,simple,1.97655,202,True,1.7822786150046055,adaptive_hybrid,0.05,138,c75b08c6db69c6bfe576850052c84943a6e1fea94457b28c3d166be5f9aba8f4,7.519882102662534,,,,,,,,,,,,,,,,,,0,0.0,,,,,,,,,,,0,,ThetaStar,fb05dea419505c5e6927b89601a96b65ece25689a5b0c7c4bab5693e352192d8,152,b2019d5953c23e43ff4b614fa0466c74ee907a0c5dd0394552a631fcbc40045d,0,1,cross_aisle_transfer,True,1.9765489422737959,1.7822786150046055,7.519882102662534,1,0.010014977000537328
0.003,15.729362480283259,2.220446049250313e-16,4.720708256165983e-17,,0.48878549297425194,0.1449222268733815,0.17169645774129438,0,284,,,,,,,,,,,,,7.865368216418688,raw,0.05,138,b2019d5953c23e43ff4b614fa0466c74ee907a0c5dd0394552a631fcbc40045d,7.570597488788438,,,,,,,,,,,,,,,,,,0,0.0,,,,,,,,,,,0,,ThetaStar,fb05dea419505c5e6927b89601a96b65ece25689a5b0c7c4bab5693e352192d8,153,b2019d5953c23e43ff4b614fa0466c74ee907a0c5dd0394552a631fcbc40045d,0,2,cross_aisle_transfer,True,15.729362480283259,7.865368216418688,7.570597488788438,1,0.004985853000107454
0.0,1.9765489422737959,0.032486307340834776,0.00878232310868044,,0.4697220531488396,0.2146446641391273,0.2146446641391273,0,279,,,,,,,,,,,,,1.7822786150046055,simple,0.05,138,c75b08c6db69c6bfe576850052c84943a6e1fea94457b28c3d166be5f9aba8f4,7.519882102662534,,,,,,,,,,,,,,,,,,0,0.0,,,,,,,,,,,0,,ThetaStar,fb05dea419505c5e6927b89601a96b65ece25689a5b0c7c4bab5693e352192d8,152,b2019d5953c23e43ff4b614fa0466c74ee907a0c5dd0394552a631fcbc40045d,0,2,cross_aisle_transfer,True,1.9765489422737959,1.7822786150046055,7.519882102662534,1,0.006468633997428697
0.0,4.274121104829806,0.010608606364624778,0.0024216059612609956,,0.48156495459874277,0.21959563989254183,0.23390290478282266,0,248,,,,,,,,,,,,,2.8830262874416857,savitzky_golay,0.05,138,395d7739a10c09a5315f45ceb8d67ce16b4c2bab8e2c9381fde4d38d3a197739,7.5571120743537925,,,,,,,,,,,,,,,,,,0,0.0,,,,,,,,,,,0,,ThetaStar,fb05dea419505c5e6927b89601a96b65ece25689a5b0c7c4bab5693e352192d8,153,b2019d5953c23e43ff4b614fa0466c74ee907a0c5dd0394552a631fcbc40045d,0,2,cross_aisle_transfer,True,4.274121104829806,2.8830262874416857,7.5571120743537925,1,0.006704578998323996
0.009000000000000001,5.614713720273562,0.025196906927813026,0.006056814110624056,,0.46277898545094215,0.2474873771031409,0.2474873771031409,0,242,,,,,,,,,,,,,2.7010380186415164,constrained,0.05,138,db85185b77640078675c49a92462693f847fd7522e32a4c96b47bfcc8aae1772,7.576372600069492,,,,,,,,,,,,,,,,,,0,0.0,,,,,,,,,,,0,,ThetaStar,fb05dea419505c5e6927b89601a96b65ece25689a5b0c7c4bab5693e352192d8,153,b2019d5953c23e43ff4b614fa0466c74ee907a0c5dd0394552a631fcbc40045d,0,2,cross_aisle_transfer,True,5.614713720273562,2.7010380186415164,7.576372600069492,1,0.012193310998554807
0.003,1.943352088264733,0.07493817896018595,0.025984315840843625,,0.39439705155107274,0.17677669793081488,0.18825146149581692,0,323,,,,,,,,,,,,,1.568704081600494,pivot_g2_fixed,0.05,318,7bdcfb82e09c42af4ab91e780dc8377b6080c78bc2ca78961b8ca576d2c5245a,7.484316911613954,0,24,"[[-2.025, -2.825], [-1.675, -1.075], [-0.975, -0.575], [0.525, 0.175], [1.725, 1.125], [2, 2.8]]",138,0.075,0.0677497,0.15,0,6,0,5,"[{'index': 0, 'x': -1.675, 'y': -1.075, 'turn_angle': -0.753151, 'incoming_length': 1.78466, 'outgoing_length': 0.860233, 'pivot_safe': True, 'pass_through': False, 'radius_min': 0, 'radius_max': 0, 'trim_min': 0, 'trim_max': 0, 'evaluations': 9, 'safe_feasible': 5, 'states': 0, 'selected_radius': 0.75, 'selected_trim': 0.296586, 'selected_score': 0.85}, {'index': 1, 'x': -0.975, 'y': -0.575, 'turn_angle': -0.156602, 'incoming_length': 0.860233, 'outgoing_length': 1.67705, 'pivot_safe': True, 'pass_through': False, 'radius_min': 0, 'radius_max': 0, 'trim_min': 0, 'trim_max': 0, 'evaluations': 9, 'safe_feasible': 7, 'states': 0, 'selected_radius': 1.5, 'selected_trim': 0.117692, 'selected_score': 0.85}, {'index': 2, 'x': 0.525, 'y': 0.175, 'turn_angle': 0.205991, 'incoming_length': 1.67705, 'outgoing_length': 1.53052, 'pivot_safe': True, 'pass_through': False, 'radius_min': 0, 'radius_max': 0, 'trim_min': 0, 'trim_max': 0, 'evaluations': 9, 'safe_feasible': 8, 'states': 0, 'selected_radius': 1.5, 'selected_trim': 0.155042, 'selected_score': 1}, {'index': 3, 'x': 1.725, 'y': 1.125, 'turn_angle': 0.73843, 'incoming_length': 1.53052, 'outgoing_length': 1.69742, 'pivot_safe': True, 'pass_through': False, 'radius_min': 0, 'radius_max': 0, 'trim_min': 0, 'trim_max': 0, 'evaluations': 9, 'safe_feasible': 9, 'states': 0, 'selected_radius': 1.25, 'selected_trim': 0.4837, 'selected_score': 0.863508}]",4,0,36,none,4,0,0.0,200,0.890877,318,0,0,"{'angular acceleration iteration did not converge': 4, 'transition would overlap an adjacent corner window': 3}",0.00338804,fixed,0.05,,0,29,ThetaStar,fb05dea419505c5e6927b89601a96b65ece25689a5b0c7c4bab5693e352192d8,151,b2019d5953c23e43ff4b614fa0466c74ee907a0c5dd0394552a631fcbc40045d,0,2,cross_aisle_transfer,True,1.943352088264733,1.568704081600494,7.484316911613954,1,0.010470050998264924
0.006,1.310756143267687,0.09041839994156085,0.033060753376377296,,0.35721266188497763,0.1449222268733815,0.1449222268733815,0,387,,,,,,,,,,,,,0.7881739628371952,pivot_g2,0.05,382,e1d25292e104cf4f477adaf3580d912e58072287b4d88c02d358465c16382343,7.451700878516531,108,59,"[[-2.025, -2.825], [-1.675, -1.075], [-0.975, -0.575], [0.525, 0.175], [1.725, 1.125], [2, 2.8]]",138,0.075,0.0677497,0.15,0,6,0,5,"[{'index': 0, 'x': -1.675, 'y': -1.075, 'turn_angle': -0.753151, 'incoming_length': 1.78466, 'outgoing_length': 0.860233, 'pivot_safe': True, 'pass_through': False, 'radius_min': 0.1, 'radius_max': 1.5, 'trim_min': 0.0395447, 'trim_max': 0.593171, 'evaluations': 20, 'safe_feasible': 17, 'states': 6, 'selected_radius': 1.5, 'selected_trim': 0.593171, 'selected_score': 0.442824}, {'index': 1, 'x': -0.975, 'y': -0.575, 'turn_angle': -0.156602, 'incoming_length': 0.860233, 'outgoing_length': 1.67705, 'pivot_safe': True, 'pass_through': False, 'radius_min': 0.1, 'radius_max': 1.5, 'trim_min': 0.00784614, 'trim_max': 0.117692, 'evaluations': 20, 'safe_feasible': 17, 'states': 6, 'selected_radius': 1.5, 'selected_trim': 0.117692, 'selected_score': 0.153485}, {'index': 2, 'x': 0.525, 'y': 0.175, 'turn_angle': 0.205991, 'incoming_length': 1.67705, 'outgoing_length': 1.53052, 'pivot_safe': True, 'pass_through': False, 'radius_min': 0.1, 'radius_max': 1.5, 'trim_min': 0.0103361, 'trim_max': 0.155042, 'evaluations': 20, 'safe_feasible': 17, 'states': 6, 'selected_radius': 1.5, 'selected_trim': 0.155042, 'selected_score': 0.125525}, {'index': 3, 'x': 1.725, 'y': 1.125, 'turn_angle': 0.73843, 'incoming_length': 1.53052, 'outgoing_length': 1.69742, 'pivot_safe': True, 'pass_through': False, 'radius_min': 0.1, 'radius_max': 1.5, 'trim_min': 0.038696, 'trim_max': 0.580441, 'evaluations': 20, 'safe_feasible': 18, 'states': 6, 'selected_radius': 1.5, 'selected_trim': 0.580441, 'selected_score': 0.439352}]",4,24,80,none,4,0,0.0,200,0.290297,382,0,0,"{'angular acceleration iteration did not converge': 5, 'transition requires a reversing inner wheel': 6}",0.00635298,adaptive,0.05,,0,69,ThetaStar,fb05dea419505c5e6927b89601a96b65ece25689a5b0c7c4bab5693e352192d8,151,b2019d5953c23e43ff4b614fa0466c74ee907a0c5dd0394552a631fcbc40045d,0,2,cross_aisle_transfer,True,1.310756143267687,0.7881739628371952,7.451700878516531,1,0.013391046999458922
0.006,1.9765489422737959,0.032486307340834776,0.00878232310868044,,0.4697220531488396,0.2146446641391273,0.2146446641391273,0,279,1.94335,0,221,True,15.7294,253,True,simple_default,simple,1.97655,202,True,1.7822786150046055,adaptive_hybrid_fixed,0.05,138,c75b08c6db69c6bfe576850052c84943a6e1fea94457b28c3d166be5f9aba8f4,7.519882102662534,,,,,,,,,,,,,,,,,,0,0.0,,,,,,,,,,,0,,ThetaStar,fb05dea419505c5e6927b89601a96b65ece25689a5b0c7c4bab5693e352192d8,152,b2019d5953c23e43ff4b614fa0466c74ee907a0c5dd0394552a631fcbc40045d,0,2,cross_aisle_transfer,True,1.9765489422737959,1.7822786150046055,7.519882102662534,1,0.009458406999328872
0.009000000000000001,1.9765489422737959,0.032486307340834776,0.00878232310868044,,0.4697220531488396,0.2146446641391273,0.2146446641391273,0,279,1.31076,0,251,True,15.7294,253,True,simple_default,simple,1.97655,202,True,1.7822786150046055,adaptive_hybrid,0.05,138,c75b08c6db69c6bfe576850052c84943a6e1fea94457b28c3d166be5f9aba8f4,7.519882102662534,,,,,,,,,,,,,,,,,,0,0.0,,,,,,,,,,,0,,ThetaStar,fb05dea419505c5e6927b89601a96b65ece25689a5b0c7c4bab5693e352192d8,152,b2019d5953c23e43ff4b614fa0466c74ee907a0c5dd0394552a631fcbc40045d,0,2,cross_aisle_transfer,True,1.9765489422737959,1.7822786150046055,7.519882102662534,1,0.010043824000604218
0.003,15.729362480283259,2.220446049250313e-16,4.720708256165983e-17,,0.48878549297425194,0.1449222268733815,0.17169645774129438,0,284,,,,,,,,,,,,,7.865368216418688,raw,0.05,138,b2019d5953c23e43ff4b614fa0466c74ee907a0c5dd0394552a631fcbc40045d,7.570597488788438,,,,,,,,,,,,,,,,,,0,0.0,,,,,,,,,,,0,,ThetaStar,fb05dea419505c5e6927b89601a96b65ece25689a5b0c7c4bab5693e352192d8,153,b2019d5953c23e43ff4b614fa0466c74ee907a0c5dd0394552a631fcbc40045d,0,3,cross_aisle_transfer,True,15.729362480283259,7.865368216418688,7.570597488788438,1,0.004977190001227427
0.0,1.9765489422737959,0.032486307340834776,0.00878232310868044,,0.4697220531488396,0.2146446641391273,0.2146446641391273,0,279,,,,,,,,,,,,,1.7822786150046055,simple,0.05,138,c75b08c6db69c6bfe576850052c84943a6e1fea94457b28c3d166be5f9aba8f4,7.519882102662534,,,,,,,,,,,,,,,,,,0,0.0,,,,,,,,,,,0,,ThetaStar,fb05dea419505c5e6927b89601a96b65ece25689a5b0c7c4bab5693e352192d8,152,b2019d5953c23e43ff4b614fa0466c74ee907a0c5dd0394552a631fcbc40045d,0,3,cross_aisle_transfer,True,1.9765489422737959,1.7822786150046055,7.519882102662534,1,0.006656795001617866
0.0,4.274121104829806,0.010608606364624778,0.0024216059612609956,,0.48156495459874277,0.21959563989254183,0.23390290478282266,0,248,,,,,,,,,,,,,2.8830262874416857,savitzky_golay,0.05,138,395d7739a10c09a5315f45ceb8d67ce16b4c2bab8e2c9381fde4d38d3a197739,7.5571120743537925,,,,,,,,,,,,,,,,,,0,0.0,,,,,,,,,,,0,,ThetaStar,fb05dea419505c5e6927b89601a96b65ece25689a5b0c7c4bab5693e352192d8,153,b2019d5953c23e43ff4b614fa0466c74ee907a0c5dd0394552a631fcbc40045d,0,3,cross_aisle_transfer,True,4.274121104829806,2.8830262874416857,7.5571120743537925,1,0.006708977001835592
0.009000000000000001,5.614713720273562,0.025196906927813026,0.006056814110624056,,0.46277898545094215,0.2474873771031409,0.2474873771031409,0,242,,,,,,,,,,,,,2.7010380186415164,constrained,0.05,138,db85185b77640078675c49a92462693f847fd7522e32a4c96b47bfcc8aae1772,7.576372600069492,,,,,,,,,,,,,,,,,,0,0.0,,,,,,,,,,,0,,ThetaStar,fb05dea419505c5e6927b89601a96b65ece25689a5b0c7c4bab5693e352192d8,153,b2019d5953c23e43ff4b614fa0466c74ee907a0c5dd0394552a631fcbc40045d,0,3,cross_aisle_transfer,True,5.614713720273562,2.7010380186415164,7.576372600069492,1,0.012353262998658465
0.003,1.943352088264733,0.07493817896018595,0.025984315840843625,,0.39439705155107274,0.17677669793081488,0.18825146149581692,0,323,,,,,,,,,,,,,1.568704081600494,pivot_g2_fixed,0.05,318,7bdcfb82e09c42af4ab91e780dc8377b6080c78bc2ca78961b8ca576d2c5245a,7.484316911613954,0,24,"[[-2.025, -2.825], [-1.675, -1.075], [-0.975, -0.575], [0.525, 0.175], [1.725, 1.125], [2, 2.8]]",138,0.075,0.0677497,0.15,0,6,0,5,"[{'index': 0, 'x': -1.675, 'y': -1.075, 'turn_angle': -0.753151, 'incoming_length': 1.78466, 'outgoing_length': 0.860233, 'pivot_safe': True, 'pass_through': False, 'radius_min': 0, 'radius_max': 0, 'trim_min': 0, 'trim_max': 0, 'evaluations': 9, 'safe_feasible': 5, 'states': 0, 'selected_radius': 0.75, 'selected_trim': 0.296586, 'selected_score': 0.85}, {'index': 1, 'x': -0.975, 'y': -0.575, 'turn_angle': -0.156602, 'incoming_length': 0.860233, 'outgoing_length': 1.67705, 'pivot_safe': True, 'pass_through': False, 'radius_min': 0, 'radius_max': 0, 'trim_min': 0, 'trim_max': 0, 'evaluations': 9, 'safe_feasible': 7, 'states': 0, 'selected_radius': 1.5, 'selected_trim': 0.117692, 'selected_score': 0.85}, {'index': 2, 'x': 0.525, 'y': 0.175, 'turn_angle': 0.205991, 'incoming_length': 1.67705, 'outgoing_length': 1.53052, 'pivot_safe': True, 'pass_through': False, 'radius_min': 0, 'radius_max': 0, 'trim_min': 0, 'trim_max': 0, 'evaluations': 9, 'safe_feasible': 8, 'states': 0, 'selected_radius': 1.5, 'selected_trim': 0.155042, 'selected_score': 1}, {'index': 3, 'x': 1.725, 'y': 1.125, 'turn_angle': 0.73843, 'incoming_length': 1.53052, 'outgoing_length': 1.69742, 'pivot_safe': True, 'pass_through': False, 'radius_min': 0, 'radius_max': 0, 'trim_min': 0, 'trim_max': 0, 'evaluations': 9, 'safe_feasible': 9, 'states': 0, 'selected_radius': 1.25, 'selected_trim': 0.4837, 'selected_score': 0.863508}]",4,0,36,none,4,0,0.0,200,0.890877,318,0,0,"{'angular acceleration iteration did not converge': 4, 'transition would overlap an adjacent corner window': 3}",0.00342229,fixed,0.05,,0,29,ThetaStar,fb05dea419505c5e6927b89601a96b65ece25689a5b0c7c4bab5693e352192d8,151,b2019d5953c23e43ff4b614fa0466c74ee907a0c5dd0394552a631fcbc40045d,0,3,cross_aisle_transfer,True,1.943352088264733,1.568704081600494,7.484316911613954,1,0.013642133999383077
0.009000000000000001,1.310756143267687,0.09041839994156085,0.033060753376377296,,0.35721266188497763,0.1449222268733815,0.1449222268733815,0,387,,,,,,,,,,,,,0.7881739628371952,pivot_g2,0.05,382,e1d25292e104cf4f477adaf3580d912e58072287b4d88c02d358465c16382343,7.451700878516531,108,59,"[[-2.025, -2.825], [-1.675, -1.075], [-0.975, -0.575], [0.525, 0.175], [1.725, 1.125], [2, 2.8]]",138,0.075,0.0677497,0.15,0,6,0,5,"[{'index': 0, 'x': -1.675, 'y': -1.075, 'turn_angle': -0.753151, 'incoming_length': 1.78466, 'outgoing_length': 0.860233, 'pivot_safe': True, 'pass_through': False, 'radius_min': 0.1, 'radius_max': 1.5, 'trim_min': 0.0395447, 'trim_max': 0.593171, 'evaluations': 20, 'safe_feasible': 17, 'states': 6, 'selected_radius': 1.5, 'selected_trim': 0.593171, 'selected_score': 0.442824}, {'index': 1, 'x': -0.975, 'y': -0.575, 'turn_angle': -0.156602, 'incoming_length': 0.860233, 'outgoing_length': 1.67705, 'pivot_safe': True, 'pass_through': False, 'radius_min': 0.1, 'radius_max': 1.5, 'trim_min': 0.00784614, 'trim_max': 0.117692, 'evaluations': 20, 'safe_feasible': 17, 'states': 6, 'selected_radius': 1.5, 'selected_trim': 0.117692, 'selected_score': 0.153485}, {'index': 2, 'x': 0.525, 'y': 0.175, 'turn_angle': 0.205991, 'incoming_length': 1.67705, 'outgoing_length': 1.53052, 'pivot_safe': True, 'pass_through': False, 'radius_min': 0.1, 'radius_max': 1.5, 'trim_min': 0.0103361, 'trim_max': 0.155042, 'evaluations': 20, 'safe_feasible': 17, 'states': 6, 'selected_radius': 1.5, 'selected_trim': 0.155042, 'selected_score': 0.125525}, {'index': 3, 'x': 1.725, 'y': 1.125, 'turn_angle': 0.73843, 'incoming_length': 1.53052, 'outgoing_length': 1.69742, 'pivot_safe': True, 'pass_through': False, 'radius_min': 0.1, 'radius_max': 1.5, 'trim_min': 0.038696, 'trim_max': 0.580441, 'evaluations': 20, 'safe_feasible': 18, 'states': 6, 'selected_radius': 1.5, 'selected_trim': 0.580441, 'selected_score': 0.439352}]",4,24,80,none,4,0,0.0,200,0.290297,382,0,0,"{'angular acceleration iteration did not converge': 5, 'transition requires a reversing inner wheel': 6}",0.0065488,adaptive,0.05,,0,69,ThetaStar,fb05dea419505c5e6927b89601a96b65ece25689a5b0c7c4bab5693e352192d8,151,b2019d5953c23e43ff4b614fa0466c74ee907a0c5dd0394552a631fcbc40045d,0,3,cross_aisle_transfer,True,1.310756143267687,0.7881739628371952,7.451700878516531,1,0.013861626997822896
0.006,1.9765489422737959,0.032486307340834776,0.00878232310868044,,0.4697220531488396,0.2146446641391273,0.2146446641391273,0,279,1.94335,0,221,True,15.7294,253,True,simple_default,simple,1.97655,202,True,1.7822786150046055,adaptive_hybrid_fixed,0.05,138,c75b08c6db69c6bfe576850052c84943a6e1fea94457b28c3d166be5f9aba8f4,7.519882102662534,,,,,,,,,,,,,,,,,,0,0.0,,,,,,,,,,,0,,ThetaStar,fb05dea419505c5e6927b89601a96b65ece25689a5b0c7c4bab5693e352192d8,152,b2019d5953c23e43ff4b614fa0466c74ee907a0c5dd0394552a631fcbc40045d,0,3,cross_aisle_transfer,True,1.9765489422737959,1.7822786150046055,7.519882102662534,1,0.008450744000583654
0.006,1.9765489422737959,0.032486307340834776,0.00878232310868044,,0.4697220531488396,0.2146446641391273,0.2146446641391273,0,279,1.31076,0,251,True,15.7294,253,True,simple_default,simple,1.97655,202,True,1.7822786150046055,adaptive_hybrid,0.05,138,c75b08c6db69c6bfe576850052c84943a6e1fea94457b28c3d166be5f9aba8f4,7.519882102662534,,,,,,,,,,,,,,,,,,0,0.0,,,,,,,,,,,0,,ThetaStar,fb05dea419505c5e6927b89601a96b65ece25689a5b0c7c4bab5693e352192d8,152,b2019d5953c23e43ff4b614fa0466c74ee907a0c5dd0394552a631fcbc40045d,0,3,cross_aisle_transfer,True,1.9765489422737959,1.7822786150046055,7.519882102662534,1,0.011412051997467643
0.003,2.842173060620692e-11,6.938893903907228e-18,4.894318394028917e-19,,1.1282437246660393,0.6646446708446498,0.9146446745699401,0,400,,,,,,,,,,,,,2.3841868568284222e-05,raw,0.05,201,ff6a98e83f06894d1f9069c53b3a1d0579c140febbb5630f1f4eb011631333d7,9.999999985098874,,,,,,,,,,,,,,,,,,0,0.0,,,,,,,,,,,0,,Smac2D,a07546773a4d7e7df772fd3d8171075301cfa6f3397ee1d4d58c9c9783304652,201,ff6a98e83f06894d1f9069c53b3a1d0579c140febbb5630f1f4eb011631333d7,0,1,central_cross_west_east,True,2.842173060620692e-11,2.3841868568284222e-05,9.999999985098874,1,0.0065775330003816634
0.0,4.071972882624386e-13,4.19012658680417e-08,3.829081376372477e-09,,1.1320926848644794,0.6646446708446498,0.9921446757247802,0,392,,,,,,,,,,,,,1.6248808874036831e-06,simple,0.05,201,ba51e2d4c060ef5f6fb4b9e40c92a51f9677feff950fc1a9cd9f3a216461045f,9.999999985098846,,,,,,,,,,,,,,,,,,0,0.0,,,,,,,,,,,0,,Smac2D,a07546773a4d7e7df772fd3d8171075301cfa6f3397ee1d4d58c9c9783304652,201,ff6a98e83f06894d1f9069c53b3a1d0579c140febbb5630f1f4eb011631333d7,0,1,central_cross_west_east,True,4.071972882624386e-13,1.6248808874036831e-06,9.999999985098846,1,0.007659023998712655
0.0,2.581933544698323e-12,2.819872024773642e-08,2.1249708666933967e-09,,1.1326488178831358,0.6646446708446498,0.9896446756875272,0,391,,,,,,,,,,,,,5.027394170890479e-06,savitzky_golay,0.05,201,366e78462676e43dc60d8b716277df699a2baf6e94e610f7b8d11eb8985eec58,9.999999985098853,,,,,,,,,,,,,,,,,,0,0.0,,,,,,,,,,,0,,Smac2D,a07546773a4d7e7df772fd3d8171075301cfa6f3397ee1d4d58c9c9783304652,201,ff6a98e83f06894d1f9069c53b3a1d0579c140febbb5630f1f4eb011631333d7,0,1,central_cross_west_east,True,2.581933544698323e-12,5.027394170890479e-06,9.999999985098853,1,0.008004096001968719
0.0,2.842173060620692e-11,6.938893903907228e-18,4.894318394028917e-19,,1.1282437246660393,0.6646446708446498,0.9146446745699401,0,400,,,,,,,,,,,,,2.3841868568284222e-05,constrained,0.05,201,ff6a98e83f06894d1f9069c53b3a1d0579c140febbb5630f1f4eb011631333d7,9.999999985098874,,,,,,,,,,,,,,,,,,0,0.0,,,,,,,,,,,0,,Smac2D,a07546773a4d7e7df772fd3d8171075301cfa6f3397ee1d4d58c9c9783304652,201,ff6a98e83f06894d1f9069c53b3a1d0579c140febbb5630f1f4eb011631333d7,0,1,central_cross_west_east,True,2.842173060620692e-11,2.3841868568284222e-05,9.999999985098874,1,0.007960193001053995
0.0,1.0729426444731802e-40,5.9306621639887464e-08,3.419829379836717e-08,,1.1229179432427832,0.6646446708446498,0.9146446745699401,0,201,,,,,,,,,,,,,1.0081263715489865e-20,pivot_g2_fixed,0.05,201,05478e9a5670183473e59d2ecd73cb6c971e74a9da875726411f510df3f04611,9.999999985098839,0,0,"[[-5, 5.96046e-08], [5, 0]]",201,0.075,5.93066e-08,0.15,0,2,0,1,[],0,0,0,none,0,0,0.0,200,0,201,0,0,{},0.000273586,fixed,0.05,,0,0,Smac2D,a07546773a4d7e7df772fd3d8171075301cfa6f3397ee1d4d58c9c9783304652,201,ff6a98e83f06894d1f9069c53b3a1d0579c140febbb5630f1f4eb011631333d7,0,1,central_cross_west_east,True,1.0729426444731802e-40,1.0081263715489865e-20,9.999999985098839,1,0.007708357999945292
0.0,1.0729426444731802e-40,5.9306621639887464e-08,3.419829379836717e-08,,1.1229179432427832,0.6646446708446498,0.9146446745699401,0,201,,,,,,,,,,,,,1.0081263715489865e-20,pivot_g2,0.05,201,05478e9a5670183473e59d2ecd73cb6c971e74a9da875726411f510df3f04611,9.999999985098839,0,0,"[[-5, 5.96046e-08], [5, 0]]",201,0.075,5.93066e-08,0.15,0,2,0,1,[],0,0,0,none,0,0,0.0,200,0,201,0,0,{},0.000274331,adaptive,0.05,,0,0,Smac2D,a07546773a4d7e7df772fd3d8171075301cfa6f3397ee1d4d58c9c9783304652,201,ff6a98e83f06894d1f9069c53b3a1d0579c140febbb5630f1f4eb011631333d7,0,1,central_cross_west_east,True,1.0729426444731802e-40,1.0081263715489865e-20,9.999999985098839,1,0.008048243998928228
0.003,4.071972882624386e-13,4.19012658680417e-08,3.829081376372477e-09,,1.1320926848644794,0.6646446708446498,0.9921446757247802,0,392,1.07294e-40,0,0,True,2.84217e-11,0,True,simple_default,simple,4.07197e-13,0,True,1.6248808874036831e-06,adaptive_hybrid_fixed,0.05,201,ba51e2d4c060ef5f6fb4b9e40c92a51f9677feff950fc1a9cd9f3a216461045f,9.999999985098846,,,,,,,,,,,,,,,,,,0,0.0,,,,,,,,,,,0,,Smac2D,a07546773a4d7e7df772fd3d8171075301cfa6f3397ee1d4d58c9c9783304652,201,ff6a98e83f06894d1f9069c53b3a1d0579c140febbb5630f1f4eb011631333d7,0,1,central_cross_west_east,True,4.071972882624386e-13,1.6248808874036831e-06,9.999999985098846,1,0.00763009799993597
0.0,4.071972882624386e-13,4.19012658680417e-08,3.829081376372477e-09,,1.1320926848644794,0.6646446708446498,0.9921446757247802,0,392,1.07294e-40,0,0,True,2.84217e-11,0,True,simple_default,simple,4.07197e-13,0,True,1.6248808874036831e-06,adaptive_hybrid,0.05,201,ba51e2d4c060ef5f6fb4b9e40c92a51f9677feff950fc1a9cd9f3a216461045f,9.999999985098846,,,,,,,,,,,,,,,,,,0,0.0,,,,,,,,,,,0,,Smac2D,a07546773a4d7e7df772fd3d8171075301cfa6f3397ee1d4d58c9c9783304652,201,ff6a98e83f06894d1f9069c53b3a1d0579c140febbb5630f1f4eb011631333d7,0,1,central_cross_west_east,True,4.071972882624386e-13,1.6248808874036831e-06,9.999999985098846,1,0.00792147099855356
0.0,2.842173060620692e-11,6.938893903907228e-18,4.894318394028917e-19,,1.1282437246660393,0.6646446708446498,0.9146446745699401,0,400,,,,,,,,,,,,,2.3841868568284222e-05,raw,0.05,201,ff6a98e83f06894d1f9069c53b3a1d0579c140febbb5630f1f4eb011631333d7,9.999999985098874,,,,,,,,,,,,,,,,,,0,0.0,,,,,,,,,,,0,,Smac2D,a07546773a4d7e7df772fd3d8171075301cfa6f3397ee1d4d58c9c9783304652,201,ff6a98e83f06894d1f9069c53b3a1d0579c140febbb5630f1f4eb011631333d7,0,2,central_cross_west_east,True,2.842173060620692e-11,2.3841868568284222e-05,9.999999985098874,1,0.004726259001472499
0.0,4.071972882624386e-13,4.19012658680417e-08,3.829081376372477e-09,,1.1320926848644794,0.6646446708446498,0.9921446757247802,0,392,,,,,,,,,,,,,1.6248808874036831e-06,simple,0.05,201,ba51e2d4c060ef5f6fb4b9e40c92a51f9677feff950fc1a9cd9f3a216461045f,9.999999985098846,,,,,,,,,,,,,,,,,,0,0.0,,,,,,,,,,,0,,Smac2D,a07546773a4d7e7df772fd3d8171075301cfa6f3397ee1d4d58c9c9783304652,201,ff6a98e83f06894d1f9069c53b3a1d0579c140febbb5630f1f4eb011631333d7,0,2,central_cross_west_east,True,4.071972882624386e-13,1.6248808874036831e-06,9.999999985098846,1,0.008644224002637202
0.0,2.581933544698323e-12,2.819872024773642e-08,2.1249708666933967e-09,,1.1326488178831358,0.6646446708446498,0.9896446756875272,0,391,,,,,,,,,,,,,5.027394170890479e-06,savitzky_golay,0.05,201,366e78462676e43dc60d8b716277df699a2baf6e94e610f7b8d11eb8985eec58,9.999999985098853,,,,,,,,,,,,,,,,,,0,0.0,,,,,,,,,,,0,,Smac2D,a07546773a4d7e7df772fd3d8171075301cfa6f3397ee1d4d58c9c9783304652,201,ff6a98e83f06894d1f9069c53b3a1d0579c140febbb5630f1f4eb011631333d7,0,2,central_cross_west_east,True,2.581933544698323e-12,5.027394170890479e-06,9.999999985098853,1,0.007944682998640928
0.0,2.842173060620692e-11,6.938893903907228e-18,4.894318394028917e-19,,1.1282437246660393,0.6646446708446498,0.9146446745699401,0,400,,,,,,,,,,,,,2.3841868568284222e-05,constrained,0.05,201,ff6a98e83f06894d1f9069c53b3a1d0579c140febbb5630f1f4eb011631333d7,9.999999985098874,,,,,,,,,,,,,,,,,,0,0.0,,,,,,,,,,,0,,Smac2D,a07546773a4d7e7df772fd3d8171075301cfa6f3397ee1d4d58c9c9783304652,201,ff6a98e83f06894d1f9069c53b3a1d0579c140febbb5630f1f4eb011631333d7,0,2,central_cross_west_east,True,2.842173060620692e-11,2.3841868568284222e-05,9.999999985098874,1,0.008188296997104771
0.0,1.0729426444731802e-40,5.9306621639887464e-08,3.419829379836717e-08,,1.1229179432427832,0.6646446708446498,0.9146446745699401,0,201,,,,,,,,,,,,,1.0081263715489865e-20,pivot_g2_fixed,0.05,201,05478e9a5670183473e59d2ecd73cb6c971e74a9da875726411f510df3f04611,9.999999985098839,0,0,"[[-5, 5.96046e-08], [5, 0]]",201,0.075,5.93066e-08,0.15,0,2,0,1,[],0,0,0,none,0,0,0.0,200,0,201,0,0,{},0.000256072,fixed,0.05,,0,0,Smac2D,a07546773a4d7e7df772fd3d8171075301cfa6f3397ee1d4d58c9c9783304652,201,ff6a98e83f06894d1f9069c53b3a1d0579c140febbb5630f1f4eb011631333d7,0,2,central_cross_west_east,True,1.0729426444731802e-40,1.0081263715489865e-20,9.999999985098839,1,0.008146118001604918
0.0,1.0729426444731802e-40,5.9306621639887464e-08,3.419829379836717e-08,,1.1229179432427832,0.6646446708446498,0.9146446745699401,0,201,,,,,,,,,,,,,1.0081263715489865e-20,pivot_g2,0.05,201,05478e9a5670183473e59d2ecd73cb6c971e74a9da875726411f510df3f04611,9.999999985098839,0,0,"[[-5, 5.96046e-08], [5, 0]]",201,0.075,5.93066e-08,0.15,0,2,0,1,[],0,0,0,none,0,0,0.0,200,0,201,0,0,{},0.000145102,adaptive,0.05,,0,0,Smac2D,a07546773a4d7e7df772fd3d8171075301cfa6f3397ee1d4d58c9c9783304652,201,ff6a98e83f06894d1f9069c53b3a1d0579c140febbb5630f1f4eb011631333d7,0,2,central_cross_west_east,True,1.0729426444731802e-40,1.0081263715489865e-20,9.999999985098839,1,0.007688412002607947
0.003,4.071972882624386e-13,4.19012658680417e-08,3.829081376372477e-09,,1.1320926848644794,0.6646446708446498,0.9921446757247802,0,392,1.07294e-40,0,0,True,2.84217e-11,0,True,simple_default,simple,4.07197e-13,0,True,1.6248808874036831e-06,adaptive_hybrid_fixed,0.05,201,ba51e2d4c060ef5f6fb4b9e40c92a51f9677feff950fc1a9cd9f3a216461045f,9.999999985098846,,,,,,,,,,,,,,,,,,0,0.0,,,,,,,,,,,0,,Smac2D,a07546773a4d7e7df772fd3d8171075301cfa6f3397ee1d4d58c9c9783304652,201,ff6a98e83f06894d1f9069c53b3a1d0579c140febbb5630f1f4eb011631333d7,0,2,central_cross_west_east,True,4.071972882624386e-13,1.6248808874036831e-06,9.999999985098846,1,0.00830149600005825
0.003,4.071972882624386e-13,4.19012658680417e-08,3.829081376372477e-09,,1.1320926848644794,0.6646446708446498,0.9921446757247802,0,392,1.07294e-40,0,0,True,2.84217e-11,0,True,simple_default,simple,4.07197e-13,0,True,1.6248808874036831e-06,adaptive_hybrid,0.05,201,ba51e2d4c060ef5f6fb4b9e40c92a51f9677feff950fc1a9cd9f3a216461045f,9.999999985098846,,,,,,,,,,,,,,,,,,0,0.0,,,,,,,,,,,0,,Smac2D,a07546773a4d7e7df772fd3d8171075301cfa6f3397ee1d4d58c9c9783304652,201,ff6a98e83f06894d1f9069c53b3a1d0579c140febbb5630f1f4eb011631333d7,0,2,central_cross_west_east,True,4.071972882624386e-13,1.6248808874036831e-06,9.999999985098846,1,0.008835191998514347
0.0,2.842173060620692e-11,6.938893903907228e-18,4.894318394028917e-19,,1.1282437246660393,0.6646446708446498,0.9146446745699401,0,400,,,,,,,,,,,,,2.3841868568284222e-05,raw,0.05,201,ff6a98e83f06894d1f9069c53b3a1d0579c140febbb5630f1f4eb011631333d7,9.999999985098874,,,,,,,,,,,,,,,,,,0,0.0,,,,,,,,,,,0,,Smac2D,a07546773a4d7e7df772fd3d8171075301cfa6f3397ee1d4d58c9c9783304652,201,ff6a98e83f06894d1f9069c53b3a1d0579c140febbb5630f1f4eb011631333d7,0,3,central_cross_west_east,True,2.842173060620692e-11,2.3841868568284222e-05,9.999999985098874,1,0.004254706000210717
0.0,4.071972882624386e-13,4.19012658680417e-08,3.829081376372477e-09,,1.1320926848644794,0.6646446708446498,0.9921446757247802,0,392,,,,,,,,,,,,,1.6248808874036831e-06,simple,0.05,201,ba51e2d4c060ef5f6fb4b9e40c92a51f9677feff950fc1a9cd9f3a216461045f,9.999999985098846,,,,,,,,,,,,,,,,,,0,0.0,,,,,,,,,,,0,,Smac2D,a07546773a4d7e7df772fd3d8171075301cfa6f3397ee1d4d58c9c9783304652,201,ff6a98e83f06894d1f9069c53b3a1d0579c140febbb5630f1f4eb011631333d7,0,3,central_cross_west_east,True,4.071972882624386e-13,1.6248808874036831e-06,9.999999985098846,1,0.00764860599883832
0.0,2.581933544698323e-12,2.819872024773642e-08,2.1249708666933967e-09,,1.1326488178831358,0.6646446708446498,0.9896446756875272,0,391,,,,,,,,,,,,,5.027394170890479e-06,savitzky_golay,0.05,201,366e78462676e43dc60d8b716277df699a2baf6e94e610f7b8d11eb8985eec58,9.999999985098853,,,,,,,,,,,,,,,,,,0,0.0,,,,,,,,,,,0,,Smac2D,a07546773a4d7e7df772fd3d8171075301cfa6f3397ee1d4d58c9c9783304652,201,ff6a98e83f06894d1f9069c53b3a1d0579c140febbb5630f1f4eb011631333d7,0,3,central_cross_west_east,True,2.581933544698323e-12,5.027394170890479e-06,9.999999985098853,1,0.007663108000997454
0.0,2.842173060620692e-11,6.938893903907228e-18,4.894318394028917e-19,,1.1282437246660393,0.6646446708446498,0.9146446745699401,0,400,,,,,,,,,,,,,2.3841868568284222e-05,constrained,0.05,201,ff6a98e83f06894d1f9069c53b3a1d0579c140febbb5630f1f4eb011631333d7,9.999999985098874,,,,,,,,,,,,,,,,,,0,0.0,,,,,,,,,,,0,,Smac2D,a07546773a4d7e7df772fd3d8171075301cfa6f3397ee1d4d58c9c9783304652,201,ff6a98e83f06894d1f9069c53b3a1d0579c140febbb5630f1f4eb011631333d7,0,3,central_cross_west_east,True,2.842173060620692e-11,2.3841868568284222e-05,9.999999985098874,1,0.024879504002456088
0.0,1.0729426444731802e-40,5.9306621639887464e-08,3.419829379836717e-08,,1.1229179432427832,0.6646446708446498,0.9146446745699401,0,201,,,,,,,,,,,,,1.0081263715489865e-20,pivot_g2_fixed,0.05,201,05478e9a5670183473e59d2ecd73cb6c971e74a9da875726411f510df3f04611,9.999999985098839,0,0,"[[-5, 5.96046e-08], [5, 0]]",201,0.075,5.93066e-08,0.15,0,2,0,1,[],0,0,0,none,0,0,0.0,200,0,201,0,0,{},0.000187844,fixed,0.05,,0,0,Smac2D,a07546773a4d7e7df772fd3d8171075301cfa6f3397ee1d4d58c9c9783304652,201,ff6a98e83f06894d1f9069c53b3a1d0579c140febbb5630f1f4eb011631333d7,0,3,central_cross_west_east,True,1.0729426444731802e-40,1.0081263715489865e-20,9.999999985098839,1,0.007937491998745827
0.0,1.0729426444731802e-40,5.9306621639887464e-08,3.419829379836717e-08,,1.1229179432427832,0.6646446708446498,0.9146446745699401,0,201,,,,,,,,,,,,,1.0081263715489865e-20,pivot_g2,0.05,201,05478e9a5670183473e59d2ecd73cb6c971e74a9da875726411f510df3f04611,9.999999985098839,0,0,"[[-5, 5.96046e-08], [5, 0]]",201,0.075,5.93066e-08,0.15,0,2,0,1,[],0,0,0,none,0,0,0.0,200,0,201,0,0,{},0.000252413,adaptive,0.05,,0,0,Smac2D,a07546773a4d7e7df772fd3d8171075301cfa6f3397ee1d4d58c9c9783304652,201,ff6a98e83f06894d1f9069c53b3a1d0579c140febbb5630f1f4eb011631333d7,0,3,central_cross_west_east,True,1.0729426444731802e-40,1.0081263715489865e-20,9.999999985098839,1,0.007624989000760252
0.0,4.071972882624386e-13,4.19012658680417e-08,3.829081376372477e-09,,1.1320926848644794,0.6646446708446498,0.9921446757247802,0,392,1.07294e-40,0,0,True,2.84217e-11,0,True,simple_default,simple,4.07197e-13,0,True,1.6248808874036831e-06,adaptive_hybrid_fixed,0.05,201,ba51e2d4c060ef5f6fb4b9e40c92a51f9677feff950fc1a9cd9f3a216461045f,9.999999985098846,,,,,,,,,,,,,,,,,,0,0.0,,,,,,,,,,,0,,Smac2D,a07546773a4d7e7df772fd3d8171075301cfa6f3397ee1d4d58c9c9783304652,201,ff6a98e83f06894d1f9069c53b3a1d0579c140febbb5630f1f4eb011631333d7,0,3,central_cross_west_east,True,4.071972882624386e-13,1.6248808874036831e-06,9.999999985098846,1,0.008430277001025388
0.003,4.071972882624386e-13,4.19012658680417e-08,3.829081376372477e-09,,1.1320926848644794,0.6646446708446498,0.9921446757247802,0,392,1.07294e-40,0,0,True,2.84217e-11,0,True,simple_default,simple,4.07197e-13,0,True,1.6248808874036831e-06,adaptive_hybrid,0.05,201,ba51e2d4c060ef5f6fb4b9e40c92a51f9677feff950fc1a9cd9f3a216461045f,9.999999985098846,,,,,,,,,,,,,,,,,,0,0.0,,,,,,,,,,,0,,Smac2D,a07546773a4d7e7df772fd3d8171075301cfa6f3397ee1d4d58c9c9783304652,201,ff6a98e83f06894d1f9069c53b3a1d0579c140febbb5630f1f4eb011631333d7,0,3,central_cross_west_east,True,4.071972882624386e-13,1.6248808874036831e-06,9.999999985098846,1,0.008429985999100609
0.0,2.8421523083995775e-11,6.938893903907228e-18,4.882188713933115e-19,,1.1272123055810608,0.6646446708446498,0.9146446745699401,0,401,,,,,,,,,,,,,2.3841779750469777e-05,raw,0.05,201,793d1988b14cbd1fc3ca8180ddbb7bc23059fe66aba91ccce975303b88f0ae60,10.000000163912809,,,,,,,,,,,,,,,,,,0,0.0,,,,,,,,,,,0,,Smac2D,ac8fedfe57602547790bd5fb265e4b9ef760bfd71c74664e1e5af95bffe759bd,202,793d1988b14cbd1fc3ca8180ddbb7bc23059fe66aba91ccce975303b88f0ae60,0,1,central_cross_east_west,True,2.8421523083995775e-11,2.3841779750469777e-05,10.000000163912809,1,0.004187621998426039
0.0,4.075274183558068e-13,4.1892435299202416e-08,3.816639792845088e-09,,1.1272123055810608,0.6646446708446498,0.9146446745699401,0,401,,,,,,,,,,,,,1.6247991124861415e-06,simple,0.05,201,108e414e82f670e4434931be85cd4653cdc9feaf46bc43bf147ad38165454c4a,10.00000016391278,,,,,,,,,,,,,,,,,,0,0.0,,,,,,,,,,,0,,Smac2D,ac8fedfe57602547790bd5fb265e4b9ef760bfd71c74664e1e5af95bffe759bd,202,793d1988b14cbd1fc3ca8180ddbb7bc23059fe66aba91ccce975303b88f0ae60,0,1,central_cross_east_west,True,4.075274183558068e-13,1.6247991124861415e-06,10.00000016391278,1,0.012192392998258583
0.0,2.620107621618432e-12,2.819868591948e-08,2.1197021038816136e-09,,1.1326488178831358,0.6646446708446498,0.9896446756875272,0,391,,,,,,,,,,,,,5.0273711870479e-06,savitzky_golay,0.05,201,00f4d97e6273a2590c2c5aad0848353b1402bb3e88b552774da3f4c05afbd8d6,10.000000163912787,,,,,,,,,,,,,,,,,,0,0.0,,,,,,,,,,,0,,Smac2D,ac8fedfe57602547790bd5fb265e4b9ef760bfd71c74664e1e5af95bffe759bd,202,793d1988b14cbd1fc3ca8180ddbb7bc23059fe66aba91ccce975303b88f0ae60,0,1,central_cross_east_west,True,2.620107621618432e-12,5.0273711870479e-06,10.000000163912787,1,0.008560842998122098
0.003,2.8421523083995775e-11,6.938893903907228e-18,4.882188713933115e-19,,1.1272123055810608,0.6646446708446498,0.9146446745699401,0,401,,,,,,,,,,,,,2.3841779750469777e-05,constrained,0.05,201,793d1988b14cbd1fc3ca8180ddbb7bc23059fe66aba91ccce975303b88f0ae60,10.000000163912809,,,,,,,,,,,,,,,,,,0,0.0,,,,,,,,,,,0,,Smac2D,ac8fedfe57602547790bd5fb265e4b9ef760bfd71c74664e1e5af95bffe759bd,202,793d1988b14cbd1fc3ca8180ddbb7bc23059fe66aba91ccce975303b88f0ae60,0,1,central_cross_east_west,True,2.8421523083995775e-11,2.3841779750469777e-05,10.000000163912809,1,0.007310184999369085
0.0,6.683809438174594e-41,5.930662057940244e-08,3.411353892226192e-08,,1.1233918063925625,0.6646446708446498,0.9146446745699401,0,202,,,,,,,,,,,,,5.790264287871102e-21,pivot_g2_fixed,0.05,202,4577a5a699960a46b81f878a24e961d21b94d46f2b1b68251b58410254ab77b0,10.000000163912773,0,0,"[[5, 5.96046e-08], [-5, 0]]",201,0.075,5.93066e-08,0.15,0,2,0,1,[],0,0,0,none,0,0,0.0,200,0,202,0,0,{},0.000295172,fixed,0.05,,0,0,Smac2D,ac8fedfe57602547790bd5fb265e4b9ef760bfd71c74664e1e5af95bffe759bd,202,793d1988b14cbd1fc3ca8180ddbb7bc23059fe66aba91ccce975303b88f0ae60,0,1,central_cross_east_west,True,6.683809438174594e-41,5.790264287871102e-21,10.000000163912773,1,0.008091977000731276
0.0,6.683809438174594e-41,5.930662057940244e-08,3.411353892226192e-08,,1.1233918063925625,0.6646446708446498,0.9146446745699401,0,202,,,,,,,,,,,,,5.790264287871102e-21,pivot_g2,0.05,202,4577a5a699960a46b81f878a24e961d21b94d46f2b1b68251b58410254ab77b0,10.000000163912773,0,0,"[[5, 5.96046e-08], [-5, 0]]",201,0.075,5.93066e-08,0.15,0,2,0,1,[],0,0,0,none,0,0,0.0,200,0,202,0,0,{},0.000278702,adaptive,0.05,,0,0,Smac2D,ac8fedfe57602547790bd5fb265e4b9ef760bfd71c74664e1e5af95bffe759bd,202,793d1988b14cbd1fc3ca8180ddbb7bc23059fe66aba91ccce975303b88f0ae60,0,1,central_cross_east_west,True,6.683809438174594e-41,5.790264287871102e-21,10.000000163912773,1,0.007479779000277631
0.003,4.075274183558068e-13,4.1892435299202416e-08,3.816639792845088e-09,,1.1272123055810608,0.6646446708446498,0.9146446745699401,0,401,6.68381e-41,0,0,True,2.84215e-11,0,True,simple_default,simple,4.07527e-13,0,True,1.6247991124861415e-06,adaptive_hybrid_fixed,0.05,201,108e414e82f670e4434931be85cd4653cdc9feaf46bc43bf147ad38165454c4a,10.00000016391278,,,,,,,,,,,,,,,,,,0,0.0,,,,,,,,,,,0,,Smac2D,ac8fedfe57602547790bd5fb265e4b9ef760bfd71c74664e1e5af95bffe759bd,202,793d1988b14cbd1fc3ca8180ddbb7bc23059fe66aba91ccce975303b88f0ae60,0,1,central_cross_east_west,True,4.075274183558068e-13,1.6247991124861415e-06,10.00000016391278,1,0.008109459002298536
0.003,4.075274183558068e-13,4.1892435299202416e-08,3.816639792845088e-09,,1.1272123055810608,0.6646446708446498,0.9146446745699401,0,401,6.68381e-41,0,0,True,2.84215e-11,0,True,simple_default,simple,4.07527e-13,0,True,1.6247991124861415e-06,adaptive_hybrid,0.05,201,108e414e82f670e4434931be85cd4653cdc9feaf46bc43bf147ad38165454c4a,10.00000016391278,,,,,,,,,,,,,,,,,,0,0.0,,,,,,,,,,,0,,Smac2D,ac8fedfe57602547790bd5fb265e4b9ef760bfd71c74664e1e5af95bffe759bd,202,793d1988b14cbd1fc3ca8180ddbb7bc23059fe66aba91ccce975303b88f0ae60,0,1,central_cross_east_west,True,4.075274183558068e-13,1.6247991124861415e-06,10.00000016391278,1,0.008036733001063112
0.0,2.8421523083995775e-11,6.938893903907228e-18,4.882188713933115e-19,,1.1272123055810608,0.6646446708446498,0.9146446745699401,0,401,,,,,,,,,,,,,2.3841779750469777e-05,raw,0.05,201,793d1988b14cbd1fc3ca8180ddbb7bc23059fe66aba91ccce975303b88f0ae60,10.000000163912809,,,,,,,,,,,,,,,,,,0,0.0,,,,,,,,,,,0,,Smac2D,ac8fedfe57602547790bd5fb265e4b9ef760bfd71c74664e1e5af95bffe759bd,202,793d1988b14cbd1fc3ca8180ddbb7bc23059fe66aba91ccce975303b88f0ae60,0,2,central_cross_east_west,True,2.8421523083995775e-11,2.3841779750469777e-05,10.000000163912809,1,0.004671807000704575
0.0,4.075274183558068e-13,4.1892435299202416e-08,3.816639792845088e-09,,1.1272123055810608,0.6646446708446498,0.9146446745699401,0,401,,,,,,,,,,,,,1.6247991124861415e-06,simple,0.05,201,108e414e82f670e4434931be85cd4653cdc9feaf46bc43bf147ad38165454c4a,10.00000016391278,,,,,,,,,,,,,,,,,,0,0.0,,,,,,,,,,,0,,Smac2D,ac8fedfe57602547790bd5fb265e4b9ef760bfd71c74664e1e5af95bffe759bd,202,793d1988b14cbd1fc3ca8180ddbb7bc23059fe66aba91ccce975303b88f0ae60,0,2,central_cross_east_west,True,4.075274183558068e-13,1.6247991124861415e-06,10.00000016391278,1,0.008054787998844404
0.0,2.620107621618432e-12,2.819868591948e-08,2.1197021038816136e-09,,1.1326488178831358,0.6646446708446498,0.9896446756875272,0,391,,,,,,,,,,,,,5.0273711870479e-06,savitzky_golay,0.05,201,00f4d97e6273a2590c2c5aad0848353b1402bb3e88b552774da3f4c05afbd8d6,10.000000163912787,,,,,,,,,,,,,,,,,,0,0.0,,,,,,,,,,,0,,Smac2D,ac8fedfe57602547790bd5fb265e4b9ef760bfd71c74664e1e5af95bffe759bd,202,793d1988b14cbd1fc3ca8180ddbb7bc23059fe66aba91ccce975303b88f0ae60,0,2,central_cross_east_west,True,2.620107621618432e-12,5.0273711870479e-06,10.000000163912787,1,0.007886164999945322
0.0,2.8421523083995775e-11,6.938893903907228e-18,4.882188713933115e-19,,1.1272123055810608,0.6646446708446498,0.9146446745699401,0,401,,,,,,,,,,,,,2.3841779750469777e-05,constrained,0.05,201,793d1988b14cbd1fc3ca8180ddbb7bc23059fe66aba91ccce975303b88f0ae60,10.000000163912809,,,,,,,,,,,,,,,,,,0,0.0,,,,,,,,,,,0,,Smac2D,ac8fedfe57602547790bd5fb265e4b9ef760bfd71c74664e1e5af95bffe759bd,202,793d1988b14cbd1fc3ca8180ddbb7bc23059fe66aba91ccce975303b88f0ae60,0,2,central_cross_east_west,True,2.8421523083995775e-11,2.3841779750469777e-05,10.000000163912809,1,0.007213313001557253
0.003,6.683809438174594e-41,5.930662057940244e-08,3.411353892226192e-08,,1.1233918063925625,0.6646446708446498,0.9146446745699401,0,202,,,,,,,,,,,,,5.790264287871102e-21,pivot_g2_fixed,0.05,202,4577a5a699960a46b81f878a24e961d21b94d46f2b1b68251b58410254ab77b0,10.000000163912773,0,0,"[[5, 5.96046e-08], [-5, 0]]",201,0.075,5.93066e-08,0.15,0,2,0,1,[],0,0,0,none,0,0,0.0,200,0,202,0,0,{},0.000284026,fixed,0.05,,0,0,Smac2D,ac8fedfe57602547790bd5fb265e4b9ef760bfd71c74664e1e5af95bffe759bd,202,793d1988b14cbd1fc3ca8180ddbb7bc23059fe66aba91ccce975303b88f0ae60,0,2,central_cross_east_west,True,6.683809438174594e-41,5.790264287871102e-21,10.000000163912773,1,0.02740520400038804
0.0,6.683809438174594e-41,5.930662057940244e-08,3.411353892226192e-08,,1.1233918063925625,0.6646446708446498,0.9146446745699401,0,202,,,,,,,,,,,,,5.790264287871102e-21,pivot_g2,0.05,202,4577a5a699960a46b81f878a24e961d21b94d46f2b1b68251b58410254ab77b0,10.000000163912773,0,0,"[[5, 5.96046e-08], [-5, 0]]",201,0.075,5.93066e-08,0.15,0,2,0,1,[],0,0,0,none,0,0,0.0,200,0,202,0,0,{},0.000282286,adaptive,0.05,,0,0,Smac2D,ac8fedfe57602547790bd5fb265e4b9ef760bfd71c74664e1e5af95bffe759bd,202,793d1988b14cbd1fc3ca8180ddbb7bc23059fe66aba91ccce975303b88f0ae60,0,2,central_cross_east_west,True,6.683809438174594e-41,5.790264287871102e-21,10.000000163912773,1,0.007875929000874748
0.0,4.075274183558068e-13,4.1892435299202416e-08,3.816639792845088e-09,,1.1272123055810608,0.6646446708446498,0.9146446745699401,0,401,6.68381e-41,0,0,True,2.84215e-11,0,True,simple_default,simple,4.07527e-13,0,True,1.6247991124861415e-06,adaptive_hybrid_fixed,0.05,201,108e414e82f670e4434931be85cd4653cdc9feaf46bc43bf147ad38165454c4a,10.00000016391278,,,,,,,,,,,,,,,,,,0,0.0,,,,,,,,,,,0,,Smac2D,ac8fedfe57602547790bd5fb265e4b9ef760bfd71c74664e1e5af95bffe759bd,202,793d1988b14cbd1fc3ca8180ddbb7bc23059fe66aba91ccce975303b88f0ae60,0,2,central_cross_east_west,True,4.075274183558068e-13,1.6247991124861415e-06,10.00000016391278,1,0.0073964030016213655
0.0,4.075274183558068e-13,4.1892435299202416e-08,3.816639792845088e-09,,1.1272123055810608,0.6646446708446498,0.9146446745699401,0,401,6.68381e-41,0,0,True,2.84215e-11,0,True,simple_default,simple,4.07527e-13,0,True,1.6247991124861415e-06,adaptive_hybrid,0.05,201,108e414e82f670e4434931be85cd4653cdc9feaf46bc43bf147ad38165454c4a,10.00000016391278,,,,,,,,,,,,,,,,,,0,0.0,,,,,,,,,,,0,,Smac2D,ac8fedfe57602547790bd5fb265e4b9ef760bfd71c74664e1e5af95bffe759bd,202,793d1988b14cbd1fc3ca8180ddbb7bc23059fe66aba91ccce975303b88f0ae60,0,2,central_cross_east_west,True,4.075274183558068e-13,1.6247991124861415e-06,10.00000016391278,1,0.007594005997816566
0.0,2.8421523083995775e-11,6.938893903907228e-18,4.882188713933115e-19,,1.1272123055810608,0.6646446708446498,0.9146446745699401,0,401,,,,,,,,,,,,,2.3841779750469777e-05,raw,0.05,201,793d1988b14cbd1fc3ca8180ddbb7bc23059fe66aba91ccce975303b88f0ae60,10.000000163912809,,,,,,,,,,,,,,,,,,0,0.0,,,,,,,,,,,0,,Smac2D,ac8fedfe57602547790bd5fb265e4b9ef760bfd71c74664e1e5af95bffe759bd,202,793d1988b14cbd1fc3ca8180ddbb7bc23059fe66aba91ccce975303b88f0ae60,0,3,central_cross_east_west,True,2.8421523083995775e-11,2.3841779750469777e-05,10.000000163912809,1,0.004113828999834368
0.0,4.075274183558068e-13,4.1892435299202416e-08,3.816639792845088e-09,,1.1272123055810608,0.6646446708446498,0.9146446745699401,0,401,,,,,,,,,,,,,1.6247991124861415e-06,simple,0.05,201,108e414e82f670e4434931be85cd4653cdc9feaf46bc43bf147ad38165454c4a,10.00000016391278,,,,,,,,,,,,,,,,,,0,0.0,,,,,,,,,,,0,,Smac2D,ac8fedfe57602547790bd5fb265e4b9ef760bfd71c74664e1e5af95bffe759bd,202,793d1988b14cbd1fc3ca8180ddbb7bc23059fe66aba91ccce975303b88f0ae60,0,3,central_cross_east_west,True,4.075274183558068e-13,1.6247991124861415e-06,10.00000016391278,1,0.007328289000724908
0.0,2.620107621618432e-12,2.819868591948e-08,2.1197021038816136e-09,,1.1326488178831358,0.6646446708446498,0.9896446756875272,0,391,,,,,,,,,,,,,5.0273711870479e-06,savitzky_golay,0.05,201,00f4d97e6273a2590c2c5aad0848353b1402bb3e88b552774da3f4c05afbd8d6,10.000000163912787,,,,,,,,,,,,,,,,,,0,0.0,,,,,,,,,,,0,,Smac2D,ac8fedfe57602547790bd5fb265e4b9ef760bfd71c74664e1e5af95bffe759bd,202,793d1988b14cbd1fc3ca8180ddbb7bc23059fe66aba91ccce975303b88f0ae60,0,3,central_cross_east_west,True,2.620107621618432e-12,5.0273711870479e-06,10.000000163912787,1,0.008340966000105254
0.0,2.8421523083995775e-11,6.938893903907228e-18,4.882188713933115e-19,,1.1272123055810608,0.6646446708446498,0.9146446745699401,0,401,,,,,,,,,,,,,2.3841779750469777e-05,constrained,0.05,201,793d1988b14cbd1fc3ca8180ddbb7bc23059fe66aba91ccce975303b88f0ae60,10.000000163912809,,,,,,,,,,,,,,,,,,0,0.0,,,,,,,,,,,0,,Smac2D,ac8fedfe57602547790bd5fb265e4b9ef760bfd71c74664e1e5af95bffe759bd,202,793d1988b14cbd1fc3ca8180ddbb7bc23059fe66aba91ccce975303b88f0ae60,0,3,central_cross_east_west,True,2.8421523083995775e-11,2.3841779750469777e-05,10.000000163912809,1,0.008068981998803793
0.0,6.683809438174594e-41,5.930662057940244e-08,3.411353892226192e-08,,1.1233918063925625,0.6646446708446498,0.9146446745699401,0,202,,,,,,,,,,,,,5.790264287871102e-21,pivot_g2_fixed,0.05,202,4577a5a699960a46b81f878a24e961d21b94d46f2b1b68251b58410254ab77b0,10.000000163912773,0,0,"[[5, 5.96046e-08], [-5, 0]]",201,0.075,5.93066e-08,0.15,0,2,0,1,[],0,0,0,none,0,0,0.0,200,0,202,0,0,{},0.000274832,fixed,0.05,,0,0,Smac2D,ac8fedfe57602547790bd5fb265e4b9ef760bfd71c74664e1e5af95bffe759bd,202,793d1988b14cbd1fc3ca8180ddbb7bc23059fe66aba91ccce975303b88f0ae60,0,3,central_cross_east_west,True,6.683809438174594e-41,5.790264287871102e-21,10.000000163912773,1,0.0072726360012893565
0.003,6.683809438174594e-41,5.930662057940244e-08,3.411353892226192e-08,,1.1233918063925625,0.6646446708446498,0.9146446745699401,0,202,,,,,,,,,,,,,5.790264287871102e-21,pivot_g2,0.05,202,4577a5a699960a46b81f878a24e961d21b94d46f2b1b68251b58410254ab77b0,10.000000163912773,0,0,"[[5, 5.96046e-08], [-5, 0]]",201,0.075,5.93066e-08,0.15,0,2,0,1,[],0,0,0,none,0,0,0.0,200,0,202,0,0,{},0.000210148,adaptive,0.05,,0,0,Smac2D,ac8fedfe57602547790bd5fb265e4b9ef760bfd71c74664e1e5af95bffe759bd,202,793d1988b14cbd1fc3ca8180ddbb7bc23059fe66aba91ccce975303b88f0ae60,0,3,central_cross_east_west,True,6.683809438174594e-41,5.790264287871102e-21,10.000000163912773,1,0.008294310999190202
0.0,4.075274183558068e-13,4.1892435299202416e-08,3.816639792845088e-09,,1.1272123055810608,0.6646446708446498,0.9146446745699401,0,401,6.68381e-41,0,0,True,2.84215e-11,0,True,simple_default,simple,4.07527e-13,0,True,1.6247991124861415e-06,adaptive_hybrid_fixed,0.05,201,108e414e82f670e4434931be85cd4653cdc9feaf46bc43bf147ad38165454c4a,10.00000016391278,,,,,,,,,,,,,,,,,,0,0.0,,,,,,,,,,,0,,Smac2D,ac8fedfe57602547790bd5fb265e4b9ef760bfd71c74664e1e5af95bffe759bd,202,793d1988b14cbd1fc3ca8180ddbb7bc23059fe66aba91ccce975303b88f0ae60,0,3,central_cross_east_west,True,4.075274183558068e-13,1.6247991124861415e-06,10.00000016391278,1,0.006077466001443099
0.0,4.075274183558068e-13,4.1892435299202416e-08,3.816639792845088e-09,,1.1272123055810608,0.6646446708446498,0.9146446745699401,0,401,6.68381e-41,0,0,True,2.84215e-11,0,True,simple_default,simple,4.07527e-13,0,True,1.6247991124861415e-06,adaptive_hybrid,0.05,201,108e414e82f670e4434931be85cd4653cdc9feaf46bc43bf147ad38165454c4a,10.00000016391278,,,,,,,,,,,,,,,,,,0,0.0,,,,,,,,,,,0,,Smac2D,ac8fedfe57602547790bd5fb265e4b9ef760bfd71c74664e1e5af95bffe759bd,202,793d1988b14cbd1fc3ca8180ddbb7bc23059fe66aba91ccce975303b88f0ae60,0,3,central_cross_east_west,True,4.075274183558068e-13,1.6247991124861415e-06,10.00000016391278,1,0.007665495999390259
0.0,3.996805866498858e-12,6.938893903907228e-18,6.30808536718839e-19,,1.0400141005347594,0.6646446708446498,0.814644673079824,0,240,,,,,,,,,,,,,8.940700713108245e-06,raw,0.05,121,28d613111191a5348510459c42a6c4d84de4664e3b7057f51483a48c5d34d44a,5.999999985098844,,,,,,,,,,,,,,,,,,0,0.0,,,,,,,,,,,0,,Smac2D,de5ebbe6159cc8e4787c0ec8db7e0d311d097ffd5615b69ca2b90f81c49f873f,121,28d613111191a5348510459c42a6c4d84de4664e3b7057f51483a48c5d34d44a,0,1,west_service_lane,True,3.996805866498858e-12,8.940700713108245e-06,5.999999985098844,1,0.00300828300169087
0.0,5.727681864632739e-14,1.5711794532080603e-08,1.8501583545313877e-09,,1.044121666944128,0.6646446708446498,0.8646446738248821,0,232,,,,,,,,,,,,,6.093117121963876e-07,simple,0.05,121,5eac9f8097361198d604ef7065753b3cfa88d6d655431ee64ac01c5261b8329a,5.99999998509884,,,,,,,,,,,,,,,,,,0,0.0,,,,,,,,,,,0,,Smac2D,de5ebbe6159cc8e4787c0ec8db7e0d311d097ffd5615b69ca2b90f81c49f873f,121,28d613111191a5348510459c42a6c4d84de4664e3b7057f51483a48c5d34d44a,0,1,west_service_lane,True,5.727681864632739e-14,6.093117121963876e-07,5.99999998509884,1,0.006927734000782948
0.0,3.6308413735933463e-13,1.0574523479078834e-08,1.0270457071808097e-09,,1.0444657231849468,0.6646446708446498,0.8646446738248821,0,231,,,,,,,,,,,,,1.8852715806312333e-06,savitzky_golay,0.05,121,d8056a62bd08e6f68971467ba652e1d6751734851d8719f8ea187bda33fea7e9,5.999999985098841,,,,,,,,,,,,,,,,,,0,0.0,,,,,,,,,,,0,,Smac2D,de5ebbe6159cc8e4787c0ec8db7e0d311d097ffd5615b69ca2b90f81c49f873f,121,28d613111191a5348510459c42a6c4d84de4664e3b7057f51483a48c5d34d44a,0,1,west_service_lane,True,3.6308413735933463e-13,1.8852715806312333e-06,5.999999985098841,1,0.0057333750010002404
0.0,3.996805866498858e-12,6.938893903907228e-18,6.30808536718839e-19,,1.0400141005347594,0.6646446708446498,0.814644673079824,0,240,,,,,,,,,,,,,8.940700713108245e-06,constrained,0.05,121,28d613111191a5348510459c42a6c4d84de4664e3b7057f51483a48c5d34d44a,5.999999985098844,,,,,,,,,,,,,,,,,,0,0.0,,,,,,,,,,,0,,Smac2D,de5ebbe6159cc8e4787c0ec8db7e0d311d097ffd5615b69ca2b90f81c49f873f,121,28d613111191a5348510459c42a6c4d84de4664e3b7057f51483a48c5d34d44a,0,1,west_service_lane,True,3.996805866498858e-12,8.940700713108245e-06,5.999999985098844,1,0.006411349000700284
0.0,3.029472395276287e-25,2.2165477453484073e-08,1.2770998964286778e-08,,1.034845758109839,0.6646446708446498,0.814644673079824,0,121,,,,,,,,,,,,,3.5527136854696355e-13,pivot_g2_fixed,0.05,121,4d0575244d45c4a8c650b8dd55c9420fbaa62be814abb41dd0527e3933e3c2be,5.999999985098839,0,0,"[[-4.5, -3], [-4.5, 3]]",121,0.075,2.21655e-08,0.15,0,2,0,1,[],0,0,0,none,0,0,0.0,200,0,121,0,0,{},0.000194091,fixed,0.05,,0,0,Smac2D,de5ebbe6159cc8e4787c0ec8db7e0d311d097ffd5615b69ca2b90f81c49f873f,121,28d613111191a5348510459c42a6c4d84de4664e3b7057f51483a48c5d34d44a,0,1,west_service_lane,True,3.029472395276287e-25,3.5527136854696355e-13,5.999999985098839,1,0.005864544000360183
0.0,3.029472395276287e-25,2.2165477453484073e-08,1.2770998964286778e-08,,1.034845758109839,0.6646446708446498,0.814644673079824,0,121,,,,,,,,,,,,,3.5527136854696355e-13,pivot_g2,0.05,121,4d0575244d45c4a8c650b8dd55c9420fbaa62be814abb41dd0527e3933e3c2be,5.999999985098839,0,0,"[[-4.5, -3], [-4.5, 3]]",121,0.075,2.21655e-08,0.15,0,2,0,1,[],0,0,0,none,0,0,0.0,200,0,121,0,0,{},0.000197899,adaptive,0.05,,0,0,Smac2D,de5ebbe6159cc8e4787c0ec8db7e0d311d097ffd5615b69ca2b90f81c49f873f,121,28d613111191a5348510459c42a6c4d84de4664e3b7057f51483a48c5d34d44a,0,1,west_service_lane,True,3.029472395276287e-25,3.5527136854696355e-13,5.999999985098839,1,0.006112488001235761
0.0,5.727681864632739e-14,1.5711794532080603e-08,1.8501583545313877e-09,,1.044121666944128,0.6646446708446498,0.8646446738248821,0,232,3.02947e-25,0,0,True,3.99681e-12,0,True,simple_default,simple,5.72768e-14,0,True,6.093117121963876e-07,adaptive_hybrid_fixed,0.05,121,5eac9f8097361198d604ef7065753b3cfa88d6d655431ee64ac01c5261b8329a,5.99999998509884,,,,,,,,,,,,,,,,,,0,0.0,,,,,,,,,,,0,,Smac2D,de5ebbe6159cc8e4787c0ec8db7e0d311d097ffd5615b69ca2b90f81c49f873f,121,28d613111191a5348510459c42a6c4d84de4664e3b7057f51483a48c5d34d44a,0,1,west_service_lane,True,5.727681864632739e-14,6.093117121963876e-07,5.99999998509884,1,0.006299648997810436
0.003,5.727681864632739e-14,1.5711794532080603e-08,1.8501583545313877e-09,,1.044121666944128,0.6646446708446498,0.8646446738248821,0,232,3.02947e-25,0,0,True,3.99681e-12,0,True,simple_default,simple,5.72768e-14,0,True,6.093117121963876e-07,adaptive_hybrid,0.05,121,5eac9f8097361198d604ef7065753b3cfa88d6d655431ee64ac01c5261b8329a,5.99999998509884,,,,,,,,,,,,,,,,,,0,0.0,,,,,,,,,,,0,,Smac2D,de5ebbe6159cc8e4787c0ec8db7e0d311d097ffd5615b69ca2b90f81c49f873f,121,28d613111191a5348510459c42a6c4d84de4664e3b7057f51483a48c5d34d44a,0,1,west_service_lane,True,5.727681864632739e-14,6.093117121963876e-07,5.99999998509884,1,0.006409296001947951
0.0,3.996805866498858e-12,6.938893903907228e-18,6.30808536718839e-19,,1.0400141005347594,0.6646446708446498,0.814644673079824,0,240,,,,,,,,,,,,,8.940700713108245e-06,raw,0.05,121,28d613111191a5348510459c42a6c4d84de4664e3b7057f51483a48c5d34d44a,5.999999985098844,,,,,,,,,,,,,,,,,,0,0.0,,,,,,,,,,,0,,Smac2D,de5ebbe6159cc8e4787c0ec8db7e0d311d097ffd5615b69ca2b90f81c49f873f,121,28d613111191a5348510459c42a6c4d84de4664e3b7057f51483a48c5d34d44a,0,2,west_service_lane,True,3.996805866498858e-12,8.940700713108245e-06,5.999999985098844,1,0.0028850279995822348
0.0,5.727681864632739e-14,1.5711794532080603e-08,1.8501583545313877e-09,,1.044121666944128,0.6646446708446498,0.8646446738248821,0,232,,,,,,,,,,,,,6.093117121963876e-07,simple,0.05,121,5eac9f8097361198d604ef7065753b3cfa88d6d655431ee64ac01c5261b8329a,5.99999998509884,,,,,,,,,,,,,,,,,,0,0.0,,,,,,,,,,,0,,Smac2D,de5ebbe6159cc8e4787c0ec8db7e0d311d097ffd5615b69ca2b90f81c49f873f,121,28d613111191a5348510459c42a6c4d84de4664e3b7057f51483a48c5d34d44a,0,2,west_service_lane,True,5.727681864632739e-14,6.093117121963876e-07,5.99999998509884,1,0.006763016997865634
0.0,3.6308413735933463e-13,1.0574523479078834e-08,1.0270457071808097e-09,,1.0444657231849468,0.6646446708446498,0.8646446738248821,0,231,,,,,,,,,,,,,1.8852715806312333e-06,savitzky_golay,0.05,121,d8056a62bd08e6f68971467ba652e1d6751734851d8719f8ea187bda33fea7e9,5.999999985098841,,,,,,,,,,,,,,,,,,0,0.0,,,,,,,,,,,0,,Smac2D,de5ebbe6159cc8e4787c0ec8db7e0d311d097ffd5615b69ca2b90f81c49f873f,121,28d613111191a5348510459c42a6c4d84de4664e3b7057f51483a48c5d34d44a,0,2,west_service_lane,True,3.6308413735933463e-13,1.8852715806312333e-06,5.999999985098841,1,0.0056039319970295765
0.003,3.996805866498858e-12,6.938893903907228e-18,6.30808536718839e-19,,1.0400141005347594,0.6646446708446498,0.814644673079824,0,240,,,,,,,,,,,,,8.940700713108245e-06,constrained,0.05,121,28d613111191a5348510459c42a6c4d84de4664e3b7057f51483a48c5d34d44a,5.999999985098844,,,,,,,,,,,,,,,,,,0,0.0,,,,,,,,,,,0,,Smac2D,de5ebbe6159cc8e4787c0ec8db7e0d311d097ffd5615b69ca2b90f81c49f873f,121,28d613111191a5348510459c42a6c4d84de4664e3b7057f51483a48c5d34d44a,0,2,west_service_lane,True,3.996805866498858e-12,8.940700713108245e-06,5.999999985098844,1,0.006247848003113177
0.003,3.029472395276287e-25,2.2165477453484073e-08,1.2770998964286778e-08,,1.034845758109839,0.6646446708446498,0.814644673079824,0,121,,,,,,,,,,,,,3.5527136854696355e-13,pivot_g2_fixed,0.05,121,4d0575244d45c4a8c650b8dd55c9420fbaa62be814abb41dd0527e3933e3c2be,5.999999985098839,0,0,"[[-4.5, -3], [-4.5, 3]]",121,0.075,2.21655e-08,0.15,0,2,0,1,[],0,0,0,none,0,0,0.0,200,0,121,0,0,{},0.000196444,fixed,0.05,,0,0,Smac2D,de5ebbe6159cc8e4787c0ec8db7e0d311d097ffd5615b69ca2b90f81c49f873f,121,28d613111191a5348510459c42a6c4d84de4664e3b7057f51483a48c5d34d44a,0,2,west_service_lane,True,3.029472395276287e-25,3.5527136854696355e-13,5.999999985098839,1,0.005705415998818353
0.0,3.029472395276287e-25,2.2165477453484073e-08,1.2770998964286778e-08,,1.034845758109839,0.6646446708446498,0.814644673079824,0,121,,,,,,,,,,,,,3.5527136854696355e-13,pivot_g2,0.05,121,4d0575244d45c4a8c650b8dd55c9420fbaa62be814abb41dd0527e3933e3c2be,5.999999985098839,0,0,"[[-4.5, -3], [-4.5, 3]]",121,0.075,2.21655e-08,0.15,0,2,0,1,[],0,0,0,none,0,0,0.0,200,0,121,0,0,{},0.000133259,adaptive,0.05,,0,0,Smac2D,de5ebbe6159cc8e4787c0ec8db7e0d311d097ffd5615b69ca2b90f81c49f873f,121,28d613111191a5348510459c42a6c4d84de4664e3b7057f51483a48c5d34d44a,0,2,west_service_lane,True,3.029472395276287e-25,3.5527136854696355e-13,5.999999985098839,1,0.006377010999131016
0.003,5.727681864632739e-14,1.5711794532080603e-08,1.8501583545313877e-09,,1.044121666944128,0.6646446708446498,0.8646446738248821,0,232,3.02947e-25,0,0,True,3.99681e-12,0,True,simple_default,simple,5.72768e-14,0,True,6.093117121963876e-07,adaptive_hybrid_fixed,0.05,121,5eac9f8097361198d604ef7065753b3cfa88d6d655431ee64ac01c5261b8329a,5.99999998509884,,,,,,,,,,,,,,,,,,0,0.0,,,,,,,,,,,0,,Smac2D,de5ebbe6159cc8e4787c0ec8db7e0d311d097ffd5615b69ca2b90f81c49f873f,121,28d613111191a5348510459c42a6c4d84de4664e3b7057f51483a48c5d34d44a,0,2,west_service_lane,True,5.727681864632739e-14,6.093117121963876e-07,5.99999998509884,1,0.00606036099998164
0.0,5.727681864632739e-14,1.5711794532080603e-08,1.8501583545313877e-09,,1.044121666944128,0.6646446708446498,0.8646446738248821,0,232,3.02947e-25,0,0,True,3.99681e-12,0,True,simple_default,simple,5.72768e-14,0,True,6.093117121963876e-07,adaptive_hybrid,0.05,121,5eac9f8097361198d604ef7065753b3cfa88d6d655431ee64ac01c5261b8329a,5.99999998509884,,,,,,,,,,,,,,,,,,0,0.0,,,,,,,,,,,0,,Smac2D,de5ebbe6159cc8e4787c0ec8db7e0d311d097ffd5615b69ca2b90f81c49f873f,121,28d613111191a5348510459c42a6c4d84de4664e3b7057f51483a48c5d34d44a,0,2,west_service_lane,True,5.727681864632739e-14,6.093117121963876e-07,5.99999998509884,1,0.006539414000144461
0.0,3.996805866498858e-12,6.938893903907228e-18,6.30808536718839e-19,,1.0400141005347594,0.6646446708446498,0.814644673079824,0,240,,,,,,,,,,,,,8.940700713108245e-06,raw,0.05,121,28d613111191a5348510459c42a6c4d84de4664e3b7057f51483a48c5d34d44a,5.999999985098844,,,,,,,,,,,,,,,,,,0,0.0,,,,,,,,,,,0,,Smac2D,de5ebbe6159cc8e4787c0ec8db7e0d311d097ffd5615b69ca2b90f81c49f873f,121,28d613111191a5348510459c42a6c4d84de4664e3b7057f51483a48c5d34d44a,0,3,west_service_lane,True,3.996805866498858e-12,8.940700713108245e-06,5.999999985098844,1,0.003486899000563426
0.0,5.727681864632739e-14,1.5711794532080603e-08,1.8501583545313877e-09,,1.044121666944128,0.6646446708446498,0.8646446738248821,0,232,,,,,,,,,,,,,6.093117121963876e-07,simple,0.05,121,5eac9f8097361198d604ef7065753b3cfa88d6d655431ee64ac01c5261b8329a,5.99999998509884,,,,,,,,,,,,,,,,,,0,0.0,,,,,,,,,,,0,,Smac2D,de5ebbe6159cc8e4787c0ec8db7e0d311d097ffd5615b69ca2b90f81c49f873f,121,28d613111191a5348510459c42a6c4d84de4664e3b7057f51483a48c5d34d44a,0,3,west_service_lane,True,5.727681864632739e-14,6.093117121963876e-07,5.99999998509884,1,0.006383168998581823
0.0,3.6308413735933463e-13,1.0574523479078834e-08,1.0270457071808097e-09,,1.0444657231849468,0.6646446708446498,0.8646446738248821,0,231,,,,,,,,,,,,,1.8852715806312333e-06,savitzky_golay,0.05,121,d8056a62bd08e6f68971467ba652e1d6751734851d8719f8ea187bda33fea7e9,5.999999985098841,,,,,,,,,,,,,,,,,,0,0.0,,,,,,,,,,,0,,Smac2D,de5ebbe6159cc8e4787c0ec8db7e0d311d097ffd5615b69ca2b90f81c49f873f,121,28d613111191a5348510459c42a6c4d84de4664e3b7057f51483a48c5d34d44a,0,3,west_service_lane,True,3.6308413735933463e-13,1.8852715806312333e-06,5.999999985098841,1,0.00607287599996198
0.003,3.996805866498858e-12,6.938893903907228e-18,6.30808536718839e-19,,1.0400141005347594,0.6646446708446498,0.814644673079824,0,240,,,,,,,,,,,,,8.940700713108245e-06,constrained,0.05,121,28d613111191a5348510459c42a6c4d84de4664e3b7057f51483a48c5d34d44a,5.999999985098844,,,,,,,,,,,,,,,,,,0,0.0,,,,,,,,,,,0,,Smac2D,de5ebbe6159cc8e4787c0ec8db7e0d311d097ffd5615b69ca2b90f81c49f873f,121,28d613111191a5348510459c42a6c4d84de4664e3b7057f51483a48c5d34d44a,0,3,west_service_lane,True,3.996805866498858e-12,8.940700713108245e-06,5.999999985098844,1,0.0059398519988462795
0.0,3.029472395276287e-25,2.2165477453484073e-08,1.2770998964286778e-08,,1.034845758109839,0.6646446708446498,0.814644673079824,0,121,,,,,,,,,,,,,3.5527136854696355e-13,pivot_g2_fixed,0.05,121,4d0575244d45c4a8c650b8dd55c9420fbaa62be814abb41dd0527e3933e3c2be,5.999999985098839,0,0,"[[-4.5, -3], [-4.5, 3]]",121,0.075,2.21655e-08,0.15,0,2,0,1,[],0,0,0,none,0,0,0.0,200,0,121,0,0,{},0.000194569,fixed,0.05,,0,0,Smac2D,de5ebbe6159cc8e4787c0ec8db7e0d311d097ffd5615b69ca2b90f81c49f873f,121,28d613111191a5348510459c42a6c4d84de4664e3b7057f51483a48c5d34d44a,0,3,west_service_lane,True,3.029472395276287e-25,3.5527136854696355e-13,5.999999985098839,1,0.006004405000567203
0.0,3.029472395276287e-25,2.2165477453484073e-08,1.2770998964286778e-08,,1.034845758109839,0.6646446708446498,0.814644673079824,0,121,,,,,,,,,,,,,3.5527136854696355e-13,pivot_g2,0.05,121,4d0575244d45c4a8c650b8dd55c9420fbaa62be814abb41dd0527e3933e3c2be,5.999999985098839,0,0,"[[-4.5, -3], [-4.5, 3]]",121,0.075,2.21655e-08,0.15,0,2,0,1,[],0,0,0,none,0,0,0.0,200,0,121,0,0,{},0.000190997,adaptive,0.05,,0,0,Smac2D,de5ebbe6159cc8e4787c0ec8db7e0d311d097ffd5615b69ca2b90f81c49f873f,121,28d613111191a5348510459c42a6c4d84de4664e3b7057f51483a48c5d34d44a,0,3,west_service_lane,True,3.029472395276287e-25,3.5527136854696355e-13,5.999999985098839,1,0.008650589003082132
0.0,5.727681864632739e-14,1.5711794532080603e-08,1.8501583545313877e-09,,1.044121666944128,0.6646446708446498,0.8646446738248821,0,232,3.02947e-25,0,0,True,3.99681e-12,0,True,simple_default,simple,5.72768e-14,0,True,6.093117121963876e-07,adaptive_hybrid_fixed,0.05,121,5eac9f8097361198d604ef7065753b3cfa88d6d655431ee64ac01c5261b8329a,5.99999998509884,,,,,,,,,,,,,,,,,,0,0.0,,,,,,,,,,,0,,Smac2D,de5ebbe6159cc8e4787c0ec8db7e0d311d097ffd5615b69ca2b90f81c49f873f,121,28d613111191a5348510459c42a6c4d84de4664e3b7057f51483a48c5d34d44a,0,3,west_service_lane,True,5.727681864632739e-14,6.093117121963876e-07,5.99999998509884,1,0.00873190000129398
0.0,5.727681864632739e-14,1.5711794532080603e-08,1.8501583545313877e-09,,1.044121666944128,0.6646446708446498,0.8646446738248821,0,232,3.02947e-25,0,0,True,3.99681e-12,0,True,simple_default,simple,5.72768e-14,0,True,6.093117121963876e-07,adaptive_hybrid,0.05,121,5eac9f8097361198d604ef7065753b3cfa88d6d655431ee64ac01c5261b8329a,5.99999998509884,,,,,,,,,,,,,,,,,,0,0.0,,,,,,,,,,,0,,Smac2D,de5ebbe6159cc8e4787c0ec8db7e0d311d097ffd5615b69ca2b90f81c49f873f,121,28d613111191a5348510459c42a6c4d84de4664e3b7057f51483a48c5d34d44a,0,3,west_service_lane,True,5.727681864632739e-14,6.093117121963876e-07,5.99999998509884,1,0.006004987997584976
0.0,2.8421730606179396e-11,6.938893903907228e-18,6.30808536718839e-19,,0.6141262495039757,0.5146446686094757,0.5146446686094757,0,240,,,,,,,,,,,,,2.3841868568270456e-05,raw,0.05,121,e9badee55e38ea76e811508103cef7dc705dcdc7d04b187eae5baa03f9a457fd,5.999999985098874,,,,,,,,,,,,,,,,,,0,0.0,,,,,,,,,,,0,,Smac2D,2c1d8389054a1b4964704c5d3649bb6d0de6385719073ecc7114d931b1fdf193,121,e9badee55e38ea76e811508103cef7dc705dcdc7d04b187eae5baa03f9a457fd,0,1,picking_aisle_a,True,2.8421730606179396e-11,2.3841868568270456e-05,5.999999985098874,1,0.003076273998885881
0.0,4.072356271033814e-13,4.1900021008345334e-08,4.934588931095215e-09,,0.6175566488451653,0.5146446686094757,0.5146446686094757,0,232,,,,,,,,,,,,,1.6248562495492023e-06,simple,0.05,121,43887bad7e9d3341599c9a989d92269c8718d658ed23c5d6257521f0a55f0188,5.999999985098846,,,,,,,,,,,,,,,,,,0,0.0,,,,,,,,,,,0,,Smac2D,2c1d8389054a1b4964704c5d3649bb6d0de6385719073ecc7114d931b1fdf193,121,e9badee55e38ea76e811508103cef7dc705dcdc7d04b187eae5baa03f9a457fd,0,1,picking_aisle_a,True,4.072356271033814e-13,1.6248562495492023e-06,5.999999985098846,1,0.005781483996543102
0.0,2.5819308884383792e-12,2.81987326822275e-08,2.7387888399776206e-09,,0.6180021552531121,0.5146446686094757,0.5146446686094757,0,231,,,,,,,,,,,,,5.0273889572928405e-06,savitzky_golay,0.05,121,d7f08a88fdae6bd908d98ca1a535d15c8f27c969fac9eaf474396a77ad52a2d2,5.999999985098854,,,,,,,,,,,,,,,,,,0,0.0,,,,,,,,,,,0,,Smac2D,2c1d8389054a1b4964704c5d3649bb6d0de6385719073ecc7114d931b1fdf193,121,e9badee55e38ea76e811508103cef7dc705dcdc7d04b187eae5baa03f9a457fd,0,1,picking_aisle_a,True,2.5819308884383792e-12,5.0273889572928405e-06,5.999999985098854,1,0.005725463997805491
0.0,2.8421730606179396e-11,6.938893903907228e-18,6.30808536718839e-19,,0.6141262495039757,0.5146446686094757,0.5146446686094757,0,240,,,,,,,,,,,,,2.3841868568270456e-05,constrained,0.05,121,e9badee55e38ea76e811508103cef7dc705dcdc7d04b187eae5baa03f9a457fd,5.999999985098874,,,,,,,,,,,,,,,,,,0,0.0,,,,,,,,,,,0,,Smac2D,2c1d8389054a1b4964704c5d3649bb6d0de6385719073ecc7114d931b1fdf193,121,e9badee55e38ea76e811508103cef7dc705dcdc7d04b187eae5baa03f9a457fd,0,1,picking_aisle_a,True,2.8421730606179396e-11,2.3841868568270456e-05,5.999999985098874,1,0.005886655002541374
0.0,1.345446115690718e-26,5.910793965391292e-08,3.40559973133154e-08,,0.6104948422331317,0.5146446686094757,0.5146446686094757,0,121,,,,,,,,,,,,,8.881784375879037e-14,pivot_g2_fixed,0.05,121,968a1c769183771f39be67209eebe8fb1eb6228484819c8d9d1e11edc00cdb77,5.999999985098839,0,0,"[[-2, -3], [-2, 3]]",121,0.075,5.91079e-08,0.15,0,2,0,1,[],0,0,0,none,0,0,0.0,200,0,121,0,0,{},0.00011519,fixed,0.05,,0,0,Smac2D,2c1d8389054a1b4964704c5d3649bb6d0de6385719073ecc7114d931b1fdf193,121,e9badee55e38ea76e811508103cef7dc705dcdc7d04b187eae5baa03f9a457fd,0,1,picking_aisle_a,True,1.345446115690718e-26,8.881784375879037e-14,5.999999985098839,1,0.00637288100188016
0.0,1.345446115690718e-26,5.910793965391292e-08,3.40559973133154e-08,,0.6104948422331317,0.5146446686094757,0.5146446686094757,0,121,,,,,,,,,,,,,8.881784375879037e-14,pivot_g2,0.05,121,968a1c769183771f39be67209eebe8fb1eb6228484819c8d9d1e11edc00cdb77,5.999999985098839,0,0,"[[-2, -3], [-2, 3]]",121,0.075,5.91079e-08,0.15,0,2,0,1,[],0,0,0,none,0,0,0.0,200,0,121,0,0,{},0.000188991,adaptive,0.05,,0,0,Smac2D,2c1d8389054a1b4964704c5d3649bb6d0de6385719073ecc7114d931b1fdf193,121,e9badee55e38ea76e811508103cef7dc705dcdc7d04b187eae5baa03f9a457fd,0,1,picking_aisle_a,True,1.345446115690718e-26,8.881784375879037e-14,5.999999985098839,1,0.005636201000015717
0.0,4.072356271033814e-13,4.1900021008345334e-08,4.934588931095215e-09,,0.6175566488451653,0.5146446686094757,0.5146446686094757,0,232,1.34545e-26,0,0,True,2.84217e-11,0,True,simple_default,simple,4.07236e-13,0,True,1.6248562495492023e-06,adaptive_hybrid_fixed,0.05,121,43887bad7e9d3341599c9a989d92269c8718d658ed23c5d6257521f0a55f0188,5.999999985098846,,,,,,,,,,,,,,,,,,0,0.0,,,,,,,,,,,0,,Smac2D,2c1d8389054a1b4964704c5d3649bb6d0de6385719073ecc7114d931b1fdf193,121,e9badee55e38ea76e811508103cef7dc705dcdc7d04b187eae5baa03f9a457fd,0,1,picking_aisle_a,True,4.072356271033814e-13,1.6248562495492023e-06,5.999999985098846,1,0.0060586679974221624
0.0,4.072356271033814e-13,4.1900021008345334e-08,4.934588931095215e-09,,0.6175566488451653,0.5146446686094757,0.5146446686094757,0,232,1.34545e-26,0,0,True,2.84217e-11,0,True,simple_default,simple,4.07236e-13,0,True,1.6248562495492023e-06,adaptive_hybrid,0.05,121,43887bad7e9d3341599c9a989d92269c8718d658ed23c5d6257521f0a55f0188,5.999999985098846,,,,,,,,,,,,,,,,,,0,0.0,,,,,,,,,,,0,,Smac2D,2c1d8389054a1b4964704c5d3649bb6d0de6385719073ecc7114d931b1fdf193,121,e9badee55e38ea76e811508103cef7dc705dcdc7d04b187eae5baa03f9a457fd,0,1,picking_aisle_a,True,4.072356271033814e-13,1.6248562495492023e-06,5.999999985098846,1,0.0060588880005525425
0.0,2.8421730606179396e-11,6.938893903907228e-18,6.30808536718839e-19,,0.6141262495039757,0.5146446686094757,0.5146446686094757,0,240,,,,,,,,,,,,,2.3841868568270456e-05,raw,0.05,121,e9badee55e38ea76e811508103cef7dc705dcdc7d04b187eae5baa03f9a457fd,5.999999985098874,,,,,,,,,,,,,,,,,,0,0.0,,,,,,,,,,,0,,Smac2D,2c1d8389054a1b4964704c5d3649bb6d0de6385719073ecc7114d931b1fdf193,121,e9badee55e38ea76e811508103cef7dc705dcdc7d04b187eae5baa03f9a457fd,0,2,picking_aisle_a,True,2.8421730606179396e-11,2.3841868568270456e-05,5.999999985098874,1,0.003017898998223245
0.0,4.072356271033814e-13,4.1900021008345334e-08,4.934588931095215e-09,,0.6175566488451653,0.5146446686094757,0.5146446686094757,0,232,,,,,,,,,,,,,1.6248562495492023e-06,simple,0.05,121,43887bad7e9d3341599c9a989d92269c8718d658ed23c5d6257521f0a55f0188,5.999999985098846,,,,,,,,,,,,,,,,,,0,0.0,,,,,,,,,,,0,,Smac2D,2c1d8389054a1b4964704c5d3649bb6d0de6385719073ecc7114d931b1fdf193,121,e9badee55e38ea76e811508103cef7dc705dcdc7d04b187eae5baa03f9a457fd,0,2,picking_aisle_a,True,4.072356271033814e-13,1.6248562495492023e-06,5.999999985098846,1,0.005829032998008188
0.003,2.5819308884383792e-12,2.81987326822275e-08,2.7387888399776206e-09,,0.6180021552531121,0.5146446686094757,0.5146446686094757,0,231,,,,,,,,,,,,,5.0273889572928405e-06,savitzky_golay,0.05,121,d7f08a88fdae6bd908d98ca1a535d15c8f27c969fac9eaf474396a77ad52a2d2,5.999999985098854,,,,,,,,,,,,,,,,,,0,0.0,,,,,,,,,,,0,,Smac2D,2c1d8389054a1b4964704c5d3649bb6d0de6385719073ecc7114d931b1fdf193,121,e9badee55e38ea76e811508103cef7dc705dcdc7d04b187eae5baa03f9a457fd,0,2,picking_aisle_a,True,2.5819308884383792e-12,5.0273889572928405e-06,5.999999985098854,1,0.006017048999638064
0.003,2.8421730606179396e-11,6.938893903907228e-18,6.30808536718839e-19,,0.6141262495039757,0.5146446686094757,0.5146446686094757,0,240,,,,,,,,,,,,,2.3841868568270456e-05,constrained,0.05,121,e9badee55e38ea76e811508103cef7dc705dcdc7d04b187eae5baa03f9a457fd,5.999999985098874,,,,,,,,,,,,,,,,,,0,0.0,,,,,,,,,,,0,,Smac2D,2c1d8389054a1b4964704c5d3649bb6d0de6385719073ecc7114d931b1fdf193,121,e9badee55e38ea76e811508103cef7dc705dcdc7d04b187eae5baa03f9a457fd,0,2,picking_aisle_a,True,2.8421730606179396e-11,2.3841868568270456e-05,5.999999985098874,1,0.005828850997204427
0.0,1.345446115690718e-26,5.910793965391292e-08,3.40559973133154e-08,,0.6104948422331317,0.5146446686094757,0.5146446686094757,0,121,,,,,,,,,,,,,8.881784375879037e-14,pivot_g2_fixed,0.05,121,968a1c769183771f39be67209eebe8fb1eb6228484819c8d9d1e11edc00cdb77,5.999999985098839,0,0,"[[-2, -3], [-2, 3]]",121,0.075,5.91079e-08,0.15,0,2,0,1,[],0,0,0,none,0,0,0.0,200,0,121,0,0,{},0.000186925,fixed,0.05,,0,0,Smac2D,2c1d8389054a1b4964704c5d3649bb6d0de6385719073ecc7114d931b1fdf193,121,e9badee55e38ea76e811508103cef7dc705dcdc7d04b187eae5baa03f9a457fd,0,2,picking_aisle_a,True,1.345446115690718e-26,8.881784375879037e-14,5.999999985098839,1,0.005779659000836546
0.0,1.345446115690718e-26,5.910793965391292e-08,3.40559973133154e-08,,0.6104948422331317,0.5146446686094757,0.5146446686094757,0,121,,,,,,,,,,,,,8.881784375879037e-14,pivot_g2,0.05,121,968a1c769183771f39be67209eebe8fb1eb6228484819c8d9d1e11edc00cdb77,5.999999985098839,0,0,"[[-2, -3], [-2, 3]]",121,0.075,5.91079e-08,0.15,0,2,0,1,[],0,0,0,none,0,0,0.0,200,0,121,0,0,{},0.000187147,adaptive,0.05,,0,0,Smac2D,2c1d8389054a1b4964704c5d3649bb6d0de6385719073ecc7114d931b1fdf193,121,e9badee55e38ea76e811508103cef7dc705dcdc7d04b187eae5baa03f9a457fd,0,2,picking_aisle_a,True,1.345446115690718e-26,8.881784375879037e-14,5.999999985098839,1,0.0056870080006774515
0.0,4.072356271033814e-13,4.1900021008345334e-08,4.934588931095215e-09,,0.6175566488451653,0.5146446686094757,0.5146446686094757,0,232,1.34545e-26,0,0,True,2.84217e-11,0,True,simple_default,simple,4.07236e-13,0,True,1.6248562495492023e-06,adaptive_hybrid_fixed,0.05,121,43887bad7e9d3341599c9a989d92269c8718d658ed23c5d6257521f0a55f0188,5.999999985098846,,,,,,,,,,,,,,,,,,0,0.0,,,,,,,,,,,0,,Smac2D,2c1d8389054a1b4964704c5d3649bb6d0de6385719073ecc7114d931b1fdf193,121,e9badee55e38ea76e811508103cef7dc705dcdc7d04b187eae5baa03f9a457fd,0,2,picking_aisle_a,True,4.072356271033814e-13,1.6248562495492023e-06,5.999999985098846,1,0.02415710700006457
0.0,4.072356271033814e-13,4.1900021008345334e-08,4.934588931095215e-09,,0.6175566488451653,0.5146446686094757,0.5146446686094757,0,232,1.34545e-26,0,0,True,2.84217e-11,0,True,simple_default,simple,4.07236e-13,0,True,1.6248562495492023e-06,adaptive_hybrid,0.05,121,43887bad7e9d3341599c9a989d92269c8718d658ed23c5d6257521f0a55f0188,5.999999985098846,,,,,,,,,,,,,,,,,,0,0.0,,,,,,,,,,,0,,Smac2D,2c1d8389054a1b4964704c5d3649bb6d0de6385719073ecc7114d931b1fdf193,121,e9badee55e38ea76e811508103cef7dc705dcdc7d04b187eae5baa03f9a457fd,0,2,picking_aisle_a,True,4.072356271033814e-13,1.6248562495492023e-06,5.999999985098846,1,0.00558668099984061
0.0,2.8421730606179396e-11,6.938893903907228e-18,6.30808536718839e-19,,0.6141262495039757,0.5146446686094757,0.5146446686094757,0,240,,,,,,,,,,,,,2.3841868568270456e-05,raw,0.05,121,e9badee55e38ea76e811508103cef7dc705dcdc7d04b187eae5baa03f9a457fd,5.999999985098874,,,,,,,,,,,,,,,,,,0,0.0,,,,,,,,,,,0,,Smac2D,2c1d8389054a1b4964704c5d3649bb6d0de6385719073ecc7114d931b1fdf193,121,e9badee55e38ea76e811508103cef7dc705dcdc7d04b187eae5baa03f9a457fd,0,3,picking_aisle_a,True,2.8421730606179396e-11,2.3841868568270456e-05,5.999999985098874,1,0.0028202139983477537
0.0,4.072356271033814e-13,4.1900021008345334e-08,4.934588931095215e-09,,0.6175566488451653,0.5146446686094757,0.5146446686094757,0,232,,,,,,,,,,,,,1.6248562495492023e-06,simple,0.05,121,43887bad7e9d3341599c9a989d92269c8718d658ed23c5d6257521f0a55f0188,5.999999985098846,,,,,,,,,,,,,,,,,,0,0.0,,,,,,,,,,,0,,Smac2D,2c1d8389054a1b4964704c5d3649bb6d0de6385719073ecc7114d931b1fdf193,121,e9badee55e38ea76e811508103cef7dc705dcdc7d04b187eae5baa03f9a457fd,0,3,picking_aisle_a,True,4.072356271033814e-13,1.6248562495492023e-06,5.999999985098846,1,0.005949334001343232
0.0,2.5819308884383792e-12,2.81987326822275e-08,2.7387888399776206e-09,,0.6180021552531121,0.5146446686094757,0.5146446686094757,0,231,,,,,,,,,,,,,5.0273889572928405e-06,savitzky_golay,0.05,121,d7f08a88fdae6bd908d98ca1a535d15c8f27c969fac9eaf474396a77ad52a2d2,5.999999985098854,,,,,,,,,,,,,,,,,,0,0.0,,,,,,,,,,,0,,Smac2D,2c1d8389054a1b4964704c5d3649bb6d0de6385719073ecc7114d931b1fdf193,121,e9badee55e38ea76e811508103cef7dc705dcdc7d04b187eae5baa03f9a457fd,0,3,picking_aisle_a,True,2.5819308884383792e-12,5.0273889572928405e-06,5.999999985098854,1,0.005800410999654559
0.0,2.8421730606179396e-11,6.938893903907228e-18,6.30808536718839e-19,,0.6141262495039757,0.5146446686094757,0.5146446686094757,0,240,,,,,,,,,,,,,2.3841868568270456e-05,constrained,0.05,121,e9badee55e38ea76e811508103cef7dc705dcdc7d04b187eae5baa03f9a457fd,5.999999985098874,,,,,,,,,,,,,,,,,,0,0.0,,,,,,,,,,,0,,Smac2D,2c1d8389054a1b4964704c5d3649bb6d0de6385719073ecc7114d931b1fdf193,121,e9badee55e38ea76e811508103cef7dc705dcdc7d04b187eae5baa03f9a457fd,0,3,picking_aisle_a,True,2.8421730606179396e-11,2.3841868568270456e-05,5.999999985098874,1,0.006192168999405112
0.003,1.345446115690718e-26,5.910793965391292e-08,3.40559973133154e-08,,0.6104948422331317,0.5146446686094757,0.5146446686094757,0,121,,,,,,,,,,,,,8.881784375879037e-14,pivot_g2_fixed,0.05,121,968a1c769183771f39be67209eebe8fb1eb6228484819c8d9d1e11edc00cdb77,5.999999985098839,0,0,"[[-2, -3], [-2, 3]]",121,0.075,5.91079e-08,0.15,0,2,0,1,[],0,0,0,none,0,0,0.0,200,0,121,0,0,{},0.000194574,fixed,0.05,,0,0,Smac2D,2c1d8389054a1b4964704c5d3649bb6d0de6385719073ecc7114d931b1fdf193,121,e9badee55e38ea76e811508103cef7dc705dcdc7d04b187eae5baa03f9a457fd,0,3,picking_aisle_a,True,1.345446115690718e-26,8.881784375879037e-14,5.999999985098839,1,0.006104854997829534
0.0,1.345446115690718e-26,5.910793965391292e-08,3.40559973133154e-08,,0.6104948422331317,0.5146446686094757,0.5146446686094757,0,121,,,,,,,,,,,,,8.881784375879037e-14,pivot_g2,0.05,121,968a1c769183771f39be67209eebe8fb1eb6228484819c8d9d1e11edc00cdb77,5.999999985098839,0,0,"[[-2, -3], [-2, 3]]",121,0.075,5.91079e-08,0.15,0,2,0,1,[],0,0,0,none,0,0,0.0,200,0,121,0,0,{},0.000184081,adaptive,0.05,,0,0,Smac2D,2c1d8389054a1b4964704c5d3649bb6d0de6385719073ecc7114d931b1fdf193,121,e9badee55e38ea76e811508103cef7dc705dcdc7d04b187eae5baa03f9a457fd,0,3,picking_aisle_a,True,1.345446115690718e-26,8.881784375879037e-14,5.999999985098839,1,0.0062693309992027935
0.0,4.072356271033814e-13,4.1900021008345334e-08,4.934588931095215e-09,,0.6175566488451653,0.5146446686094757,0.5146446686094757,0,232,1.34545e-26,0,0,True,2.84217e-11,0,True,simple_default,simple,4.07236e-13,0,True,1.6248562495492023e-06,adaptive_hybrid_fixed,0.05,121,43887bad7e9d3341599c9a989d92269c8718d658ed23c5d6257521f0a55f0188,5.999999985098846,,,,,,,,,,,,,,,,,,0,0.0,,,,,,,,,,,0,,Smac2D,2c1d8389054a1b4964704c5d3649bb6d0de6385719073ecc7114d931b1fdf193,121,e9badee55e38ea76e811508103cef7dc705dcdc7d04b187eae5baa03f9a457fd,0,3,picking_aisle_a,True,4.072356271033814e-13,1.6248562495492023e-06,5.999999985098846,1,0.006077182999433717
0.0,4.072356271033814e-13,4.1900021008345334e-08,4.934588931095215e-09,,0.6175566488451653,0.5146446686094757,0.5146446686094757,0,232,1.34545e-26,0,0,True,2.84217e-11,0,True,simple_default,simple,4.07236e-13,0,True,1.6248562495492023e-06,adaptive_hybrid,0.05,121,43887bad7e9d3341599c9a989d92269c8718d658ed23c5d6257521f0a55f0188,5.999999985098846,,,,,,,,,,,,,,,,,,0,0.0,,,,,,,,,,,0,,Smac2D,2c1d8389054a1b4964704c5d3649bb6d0de6385719073ecc7114d931b1fdf193,121,e9badee55e38ea76e811508103cef7dc705dcdc7d04b187eae5baa03f9a457fd,0,3,picking_aisle_a,True,4.072356271033814e-13,1.6248562495492023e-06,5.999999985098846,1,0.006137307002063608
0.0,6.394857940360782e-11,6.938893903907228e-18,6.282179363001248e-19,,0.6137134628612599,0.5146446686094757,0.5146446686094757,0,241,,,,,,,,,,,,,3.576271225821831e-05,raw,0.05,121,18ae614a6df70192423bdd59cfa73db57ab1ae4d6464bd679287a3a19961080f,6.000000104308208,,,,,,,,,,,,,,,,,,0,0.0,,,,,,,,,,,0,,Smac2D,12bafca24469387731b929cc01311648e2461d5999b8195fd5bb88c1d51f1bc1,122,18ae614a6df70192423bdd59cfa73db57ab1ae4d6464bd679287a3a19961080f,0,1,picking_aisle_b,True,6.394857940360782e-11,3.576271225821831e-05,6.000000104308208,1,0.003032533000805415
0.0,9.165781768334877e-13,6.284445758323656e-08,7.369070466907297e-09,,0.6137134628612599,0.5146446686094757,0.5146446686094757,0,241,,,,,,,,,,,,,2.4372154796665413e-06,simple,0.05,121,cd14c4b776749a880589d7c2c522446f363ab971f81f599ad83c62ed771a3896,6.000000104308144,,,,,,,,,,,,,,,,,,0,0.0,,,,,,,,,,,0,,Smac2D,12bafca24469387731b929cc01311648e2461d5999b8195fd5bb88c1d51f1bc1,122,18ae614a6df70192423bdd59cfa73db57ab1ae4d6464bd679287a3a19961080f,0,1,picking_aisle_b,True,9.165781768334877e-13,2.4372154796665413e-06,6.000000104308144,1,0.005766538997704629
0.0,5.895245687301666e-12,4.229806515963695e-08,4.091308741588184e-09,,0.6180021552531121,0.5146446686094757,0.5146446686094757,0,231,,,,,,,,,,,,,7.5410600633513215e-06,savitzky_golay,0.05,121,02f56f7fab74e2d0ee616cf6ea5d2f7ae372feb1128fb762a8220ebf9806a42f,6.000000104308162,,,,,,,,,,,,,,,,,,0,0.0,,,,,,,,,,,0,,Smac2D,12bafca24469387731b929cc01311648e2461d5999b8195fd5bb88c1d51f1bc1,122,18ae614a6df70192423bdd59cfa73db57ab1ae4d6464bd679287a3a19961080f,0,1,picking_aisle_b,True,5.895245687301666e-12,7.5410600633513215e-06,6.000000104308162,1,0.0075569369982986245
0.0,6.394857940360782e-11,6.938893903907228e-18,6.282179363001248e-19,,0.6137134628612599,0.5146446686094757,0.5146446686094757,0,241,,,,,,,,,,,,,3.576271225821831e-05,constrained,0.05,121,18ae614a6df70192423bdd59cfa73db57ab1ae4d6464bd679287a3a19961080f,6.000000104308208,,,,,,,,,,,,,,,,,,0,0.0,,,,,,,,,,,0,,Smac2D,12bafca24469387731b929cc01311648e2461d5999b8195fd5bb88c1d51f1bc1,122,18ae614a6df70192423bdd59cfa73db57ab1ae4d6464bd679287a3a19961080f,0,1,picking_aisle_b,True,6.394857940360782e-11,3.576271225821831e-05,6.000000104308208,1,0.006404531999578467
0.0,6.141357426564456e-35,8.866190756203373e-08,5.087420353869225e-08,,0.6152816227588004,0.5146446686094757,0.5146446686094757,0,122,,,,,,,,,,,,,4.9563417735197214e-17,pivot_g2_fixed,0.05,122,e9ba5413a8c682ed6b2f14640c88c0e2841c154dd311a40a861ebe88c099ac6d,6.000000104308129,0,0,"[[8.9407e-08, 3], [0, -3]]",121,0.075,8.86619e-08,0.15,0,2,0,1,[],0,0,0,none,0,0,0.0,200,0,122,0,0,{},0.000114169,fixed,0.05,,0,0,Smac2D,12bafca24469387731b929cc01311648e2461d5999b8195fd5bb88c1d51f1bc1,122,18ae614a6df70192423bdd59cfa73db57ab1ae4d6464bd679287a3a19961080f,0,1,picking_aisle_b,True,6.141357426564456e-35,4.9563417735197214e-17,6.000000104308129,1,0.006890929998917272
0.0,6.141357426564456e-35,8.866190756203373e-08,5.087420353869225e-08,,0.6152816227588004,0.5146446686094757,0.5146446686094757,0,122,,,,,,,,,,,,,4.9563417735197214e-17,pivot_g2,0.05,122,e9ba5413a8c682ed6b2f14640c88c0e2841c154dd311a40a861ebe88c099ac6d,6.000000104308129,0,0,"[[8.9407e-08, 3], [0, -3]]",121,0.075,8.86619e-08,0.15,0,2,0,1,[],0,0,0,none,0,0,0.0,200,0,122,0,0,{},0.000183707,adaptive,0.05,,0,0,Smac2D,12bafca24469387731b929cc01311648e2461d5999b8195fd5bb88c1d51f1bc1,122,18ae614a6df70192423bdd59cfa73db57ab1ae4d6464bd679287a3a19961080f,0,1,picking_aisle_b,True,6.141357426564456e-35,4.9563417735197214e-17,6.000000104308129,1,0.00644504199954099
0.003,9.165781768334877e-13,6.284445758323656e-08,7.369070466907297e-09,,0.6137134628612599,0.5146446686094757,0.5146446686094757,0,241,6.14136e-35,0,0,True,6.39486e-11,0,True,simple_default,simple,9.16578e-13,0,True,2.4372154796665413e-06,adaptive_hybrid_fixed,0.05,121,cd14c4b776749a880589d7c2c522446f363ab971f81f599ad83c62ed771a3896,6.000000104308144,,,,,,,,,,,,,,,,,,0,0.0,,,,,,,,,,,0,,Smac2D,12bafca24469387731b929cc01311648e2461d5999b8195fd5bb88c1d51f1bc1,122,18ae614a6df70192423bdd59cfa73db57ab1ae4d6464bd679287a3a19961080f,0,1,picking_aisle_b,True,9.165781768334877e-13,2.4372154796665413e-06,6.000000104308144,1,0.005898455001442926
0.0,9.165781768334877e-13,6.284445758323656e-08,7.369070466907297e-09,,0.6137134628612599,0.5146446686094757,0.5146446686094757,0,241,6.14136e-35,0,0,True,6.39486e-11,0,True,simple_default,simple,9.16578e-13,0,True,2.4372154796665413e-06,adaptive_hybrid,0.05,121,cd14c4b776749a880589d7c2c522446f363ab971f81f599ad83c62ed771a3896,6.000000104308144,,,,,,,,,,,,,,,,,,0,0.0,,,,,,,,,,,0,,Smac2D,12bafca24469387731b929cc01311648e2461d5999b8195fd5bb88c1d51f1bc1,122,18ae614a6df70192423bdd59cfa73db57ab1ae4d6464bd679287a3a19961080f,0,1,picking_aisle_b,True,9.165781768334877e-13,2.4372154796665413e-06,6.000000104308144,1,0.006503927001176635
0.0,6.394857940360782e-11,6.938893903907228e-18,6.282179363001248e-19,,0.6137134628612599,0.5146446686094757,0.5146446686094757,0,241,,,,,,,,,,,,,3.576271225821831e-05,raw,0.05,121,18ae614a6df70192423bdd59cfa73db57ab1ae4d6464bd679287a3a19961080f,6.000000104308208,,,,,,,,,,,,,,,,,,0,0.0,,,,,,,,,,,0,,Smac2D,12bafca24469387731b929cc01311648e2461d5999b8195fd5bb88c1d51f1bc1,122,18ae614a6df70192423bdd59cfa73db57ab1ae4d6464bd679287a3a19961080f,0,2,picking_aisle_b,True,6.394857940360782e-11,3.576271225821831e-05,6.000000104308208,1,0.0031277620000764728
0.0,9.165781768334877e-13,6.284445758323656e-08,7.369070466907297e-09,,0.6137134628612599,0.5146446686094757,0.5146446686094757,0,241,,,,,,,,,,,,,2.4372154796665413e-06,simple,0.05,121,cd14c4b776749a880589d7c2c522446f363ab971f81f599ad83c62ed771a3896,6.000000104308144,,,,,,,,,,,,,,,,,,0,0.0,,,,,,,,,,,0,,Smac2D,12bafca24469387731b929cc01311648e2461d5999b8195fd5bb88c1d51f1bc1,122,18ae614a6df70192423bdd59cfa73db57ab1ae4d6464bd679287a3a19961080f,0,2,picking_aisle_b,True,9.165781768334877e-13,2.4372154796665413e-06,6.000000104308144,1,0.006107256998802768
0.0,5.895245687301666e-12,4.229806515963695e-08,4.091308741588184e-09,,0.6180021552531121,0.5146446686094757,0.5146446686094757,0,231,,,,,,,,,,,,,7.5410600633513215e-06,savitzky_golay,0.05,121,02f56f7fab74e2d0ee616cf6ea5d2f7ae372feb1128fb762a8220ebf9806a42f,6.000000104308162,,,,,,,,,,,,,,,,,,0,0.0,,,,,,,,,,,0,,Smac2D,12bafca24469387731b929cc01311648e2461d5999b8195fd5bb88c1d51f1bc1,122,18ae614a6df70192423bdd59cfa73db57ab1ae4d6464bd679287a3a19961080f,0,2,picking_aisle_b,True,5.895245687301666e-12,7.5410600633513215e-06,6.000000104308162,1,0.005372200001147576
0.003,6.394857940360782e-11,6.938893903907228e-18,6.282179363001248e-19,,0.6137134628612599,0.5146446686094757,0.5146446686094757,0,241,,,,,,,,,,,,,3.576271225821831e-05,constrained,0.05,121,18ae614a6df70192423bdd59cfa73db57ab1ae4d6464bd679287a3a19961080f,6.000000104308208,,,,,,,,,,,,,,,,,,0,0.0,,,,,,,,,,,0,,Smac2D,12bafca24469387731b929cc01311648e2461d5999b8195fd5bb88c1d51f1bc1,122,18ae614a6df70192423bdd59cfa73db57ab1ae4d6464bd679287a3a19961080f,0,2,picking_aisle_b,True,6.394857940360782e-11,3.576271225821831e-05,6.000000104308208,1,0.005759335999755422
0.0,6.141357426564456e-35,8.866190756203373e-08,5.087420353869225e-08,,0.6152816227588004,0.5146446686094757,0.5146446686094757,0,122,,,,,,,,,,,,,4.9563417735197214e-17,pivot_g2_fixed,0.05,122,e9ba5413a8c682ed6b2f14640c88c0e2841c154dd311a40a861ebe88c099ac6d,6.000000104308129,0,0,"[[8.9407e-08, 3], [0, -3]]",121,0.075,8.86619e-08,0.15,0,2,0,1,[],0,0,0,none,0,0,0.0,200,0,122,0,0,{},0.00019486,fixed,0.05,,0,0,Smac2D,12bafca24469387731b929cc01311648e2461d5999b8195fd5bb88c1d51f1bc1,122,18ae614a6df70192423bdd59cfa73db57ab1ae4d6464bd679287a3a19961080f,0,2,picking_aisle_b,True,6.141357426564456e-35,4.9563417735197214e-17,6.000000104308129,1,0.0060645720004686154
0.0,6.141357426564456e-35,8.866190756203373e-08,5.087420353869225e-08,,0.6152816227588004,0.5146446686094757,0.5146446686094757,0,122,,,,,,,,,,,,,4.9563417735197214e-17,pivot_g2,0.05,122,e9ba5413a8c682ed6b2f14640c88c0e2841c154dd311a40a861ebe88c099ac6d,6.000000104308129,0,0,"[[8.9407e-08, 3], [0, -3]]",121,0.075,8.86619e-08,0.15,0,2,0,1,[],0,0,0,none,0,0,0.0,200,0,122,0,0,{},0.000195976,adaptive,0.05,,0,0,Smac2D,12bafca24469387731b929cc01311648e2461d5999b8195fd5bb88c1d51f1bc1,122,18ae614a6df70192423bdd59cfa73db57ab1ae4d6464bd679287a3a19961080f,0,2,picking_aisle_b,True,6.141357426564456e-35,4.9563417735197214e-17,6.000000104308129,1,0.006892807999975048
0.0,9.165781768334877e-13,6.284445758323656e-08,7.369070466907297e-09,,0.6137134628612599,0.5146446686094757,0.5146446686094757,0,241,6.14136e-35,0,0,True,6.39486e-11,0,True,simple_default,simple,9.16578e-13,0,True,2.4372154796665413e-06,adaptive_hybrid_fixed,0.05,121,cd14c4b776749a880589d7c2c522446f363ab971f81f599ad83c62ed771a3896,6.000000104308144,,,,,,,,,,,,,,,,,,0,0.0,,,,,,,,,,,0,,Smac2D,12bafca24469387731b929cc01311648e2461d5999b8195fd5bb88c1d51f1bc1,122,18ae614a6df70192423bdd59cfa73db57ab1ae4d6464bd679287a3a19961080f,0,2,picking_aisle_b,True,9.165781768334877e-13,2.4372154796665413e-06,6.000000104308144,1,0.005911491996812401
0.0,9.165781768334877e-13,6.284445758323656e-08,7.369070466907297e-09,,0.6137134628612599,0.5146446686094757,0.5146446686094757,0,241,6.14136e-35,0,0,True,6.39486e-11,0,True,simple_default,simple,9.16578e-13,0,True,2.4372154796665413e-06,adaptive_hybrid,0.05,121,cd14c4b776749a880589d7c2c522446f363ab971f81f599ad83c62ed771a3896,6.000000104308144,,,,,,,,,,,,,,,,,,0,0.0,,,,,,,,,,,0,,Smac2D,12bafca24469387731b929cc01311648e2461d5999b8195fd5bb88c1d51f1bc1,122,18ae614a6df70192423bdd59cfa73db57ab1ae4d6464bd679287a3a19961080f,0,2,picking_aisle_b,True,9.165781768334877e-13,2.4372154796665413e-06,6.000000104308144,1,0.005986620999465231
0.003,6.394857940360782e-11,6.938893903907228e-18,6.282179363001248e-19,,0.6137134628612599,0.5146446686094757,0.5146446686094757,0,241,,,,,,,,,,,,,3.576271225821831e-05,raw,0.05,121,18ae614a6df70192423bdd59cfa73db57ab1ae4d6464bd679287a3a19961080f,6.000000104308208,,,,,,,,,,,,,,,,,,0,0.0,,,,,,,,,,,0,,Smac2D,12bafca24469387731b929cc01311648e2461d5999b8195fd5bb88c1d51f1bc1,122,18ae614a6df70192423bdd59cfa73db57ab1ae4d6464bd679287a3a19961080f,0,3,picking_aisle_b,True,6.394857940360782e-11,3.576271225821831e-05,6.000000104308208,1,0.0031718179998279084
0.0,9.165781768334877e-13,6.284445758323656e-08,7.369070466907297e-09,,0.6137134628612599,0.5146446686094757,0.5146446686094757,0,241,,,,,,,,,,,,,2.4372154796665413e-06,simple,0.05,121,cd14c4b776749a880589d7c2c522446f363ab971f81f599ad83c62ed771a3896,6.000000104308144,,,,,,,,,,,,,,,,,,0,0.0,,,,,,,,,,,0,,Smac2D,12bafca24469387731b929cc01311648e2461d5999b8195fd5bb88c1d51f1bc1,122,18ae614a6df70192423bdd59cfa73db57ab1ae4d6464bd679287a3a19961080f,0,3,picking_aisle_b,True,9.165781768334877e-13,2.4372154796665413e-06,6.000000104308144,1,0.00632314500035136
0.0,5.895245687301666e-12,4.229806515963695e-08,4.091308741588184e-09,,0.6180021552531121,0.5146446686094757,0.5146446686094757,0,231,,,,,,,,,,,,,7.5410600633513215e-06,savitzky_golay,0.05,121,02f56f7fab74e2d0ee616cf6ea5d2f7ae372feb1128fb762a8220ebf9806a42f,6.000000104308162,,,,,,,,,,,,,,,,,,0,0.0,,,,,,,,,,,0,,Smac2D,12bafca24469387731b929cc01311648e2461d5999b8195fd5bb88c1d51f1bc1,122,18ae614a6df70192423bdd59cfa73db57ab1ae4d6464bd679287a3a19961080f,0,3,picking_aisle_b,True,5.895245687301666e-12,7.5410600633513215e-06,6.000000104308162,1,0.025680454997200286
0.0,6.394857940360782e-11,6.938893903907228e-18,6.282179363001248e-19,,0.6137134628612599,0.5146446686094757,0.5146446686094757,0,241,,,,,,,,,,,,,3.576271225821831e-05,constrained,0.05,121,18ae614a6df70192423bdd59cfa73db57ab1ae4d6464bd679287a3a19961080f,6.000000104308208,,,,,,,,,,,,,,,,,,0,0.0,,,,,,,,,,,0,,Smac2D,12bafca24469387731b929cc01311648e2461d5999b8195fd5bb88c1d51f1bc1,122,18ae614a6df70192423bdd59cfa73db57ab1ae4d6464bd679287a3a19961080f,0,3,picking_aisle_b,True,6.394857940360782e-11,3.576271225821831e-05,6.000000104308208,1,0.005822352999530267
0.0,6.141357426564456e-35,8.866190756203373e-08,5.087420353869225e-08,,0.6152816227588004,0.5146446686094757,0.5146446686094757,0,122,,,,,,,,,,,,,4.9563417735197214e-17,pivot_g2_fixed,0.05,122,e9ba5413a8c682ed6b2f14640c88c0e2841c154dd311a40a861ebe88c099ac6d,6.000000104308129,0,0,"[[8.9407e-08, 3], [0, -3]]",121,0.075,8.86619e-08,0.15,0,2,0,1,[],0,0,0,none,0,0,0.0,200,0,122,0,0,{},0.000185713,fixed,0.05,,0,0,Smac2D,12bafca24469387731b929cc01311648e2461d5999b8195fd5bb88c1d51f1bc1,122,18ae614a6df70192423bdd59cfa73db57ab1ae4d6464bd679287a3a19961080f,0,3,picking_aisle_b,True,6.141357426564456e-35,4.9563417735197214e-17,6.000000104308129,1,0.006239488997380249
0.0,6.141357426564456e-35,8.866190756203373e-08,5.087420353869225e-08,,0.6152816227588004,0.5146446686094757,0.5146446686094757,0,122,,,,,,,,,,,,,4.9563417735197214e-17,pivot_g2,0.05,122,e9ba5413a8c682ed6b2f14640c88c0e2841c154dd311a40a861ebe88c099ac6d,6.000000104308129,0,0,"[[8.9407e-08, 3], [0, -3]]",121,0.075,8.86619e-08,0.15,0,2,0,1,[],0,0,0,none,0,0,0.0,200,0,122,0,0,{},0.000112946,adaptive,0.05,,0,0,Smac2D,12bafca24469387731b929cc01311648e2461d5999b8195fd5bb88c1d51f1bc1,122,18ae614a6df70192423bdd59cfa73db57ab1ae4d6464bd679287a3a19961080f,0,3,picking_aisle_b,True,6.141357426564456e-35,4.9563417735197214e-17,6.000000104308129,1,0.005874469003174454
0.0,9.165781768334877e-13,6.284445758323656e-08,7.369070466907297e-09,,0.6137134628612599,0.5146446686094757,0.5146446686094757,0,241,6.14136e-35,0,0,True,6.39486e-11,0,True,simple_default,simple,9.16578e-13,0,True,2.4372154796665413e-06,adaptive_hybrid_fixed,0.05,121,cd14c4b776749a880589d7c2c522446f363ab971f81f599ad83c62ed771a3896,6.000000104308144,,,,,,,,,,,,,,,,,,0,0.0,,,,,,,,,,,0,,Smac2D,12bafca24469387731b929cc01311648e2461d5999b8195fd5bb88c1d51f1bc1,122,18ae614a6df70192423bdd59cfa73db57ab1ae4d6464bd679287a3a19961080f,0,3,picking_aisle_b,True,9.165781768334877e-13,2.4372154796665413e-06,6.000000104308144,1,0.006318954001471866
0.003,9.165781768334877e-13,6.284445758323656e-08,7.369070466907297e-09,,0.6137134628612599,0.5146446686094757,0.5146446686094757,0,241,6.14136e-35,0,0,True,6.39486e-11,0,True,simple_default,simple,9.16578e-13,0,True,2.4372154796665413e-06,adaptive_hybrid,0.05,121,cd14c4b776749a880589d7c2c522446f363ab971f81f599ad83c62ed771a3896,6.000000104308144,,,,,,,,,,,,,,,,,,0,0.0,,,,,,,,,,,0,,Smac2D,12bafca24469387731b929cc01311648e2461d5999b8195fd5bb88c1d51f1bc1,122,18ae614a6df70192423bdd59cfa73db57ab1ae4d6464bd679287a3a19961080f,0,3,picking_aisle_b,True,9.165781768334877e-13,2.4372154796665413e-06,6.000000104308144,1,0.0059690540001611225
0.0,1.1368692242423291e-10,6.938893903907228e-18,6.30808536718839e-19,,0.6141262495039757,0.5146446686094757,0.5146446686094757,0,240,,,,,,,,,,,,,4.768373713641386e-05,raw,0.05,121,c74a54810713be589345774fab7b21789a31efefd8ab68d518b7e8241fdbe5a5,5.999999985098981,,,,,,,,,,,,,,,,,,0,0.0,,,,,,,,,,,0,,Smac2D,14604b20128dce02316fa31bcd08a9fbad4cb49c1e0a068a1833273ad23c3018,121,c74a54810713be589345774fab7b21789a31efefd8ab68d518b7e8241fdbe5a5,0,1,picking_aisle_c,True,1.1368692242423291e-10,4.768373713641386e-05,5.999999985098981,1,0.0033357279971824028
0.0,1.6287877071848874e-12,8.380254223894212e-08,9.870292417744227e-09,,0.6175566488451653,0.5146446686094757,0.5146446686094757,0,232,,,,,,,,,,,,,3.249759750190573e-06,simple,0.05,121,52a3ab5867048423fef19ce973c2290de10eb5eb12e85140f0a1789093cbeaa7,5.999999985098867,,,,,,,,,,,,,,,,,,0,0.0,,,,,,,,,,,0,,Smac2D,14604b20128dce02316fa31bcd08a9fbad4cb49c1e0a068a1833273ad23c3018,121,c74a54810713be589345774fab7b21789a31efefd8ab68d518b7e8241fdbe5a5,0,1,picking_aisle_c,True,1.6287877071848874e-12,3.249759750190573e-06,5.999999985098867,1,0.005822691997309448
0.0,1.0327723182008184e-11,5.639746669672263e-08,5.477577778389331e-09,,0.6180021552531121,0.5146446686094757,0.5146446686094757,0,231,,,,,,,,,,,,,1.0054777381655251e-05,savitzky_golay,0.05,121,efb5fdb948e6fc949f4ec2a37b13dde846222d8c33679906e47203dc0ff48952,5.999999985098898,,,,,,,,,,,,,,,,,,0,0.0,,,,,,,,,,,0,,Smac2D,14604b20128dce02316fa31bcd08a9fbad4cb49c1e0a068a1833273ad23c3018,121,c74a54810713be589345774fab7b21789a31efefd8ab68d518b7e8241fdbe5a5,0,1,picking_aisle_c,True,1.0327723182008184e-11,1.0054777381655251e-05,5.999999985098898,1,0.006010411001625471
0.006,1.1267061486530107e-10,4.9361092102628845e-08,4.5677913947285835e-09,,0.6145424904282204,0.5146446686094757,0.5146446686094757,0,239,,,,,,,,,,,,,3.6126312963347294e-05,constrained,0.05,121,1a9fd5792a0e243eba660434eabe7a783fdfbacd25fddd1117014f793ebe529c,5.9999999850990235,,,,,,,,,,,,,,,,,,0,0.0,,,,,,,,,,,0,,Smac2D,14604b20128dce02316fa31bcd08a9fbad4cb49c1e0a068a1833273ad23c3018,121,c74a54810713be589345774fab7b21789a31efefd8ab68d518b7e8241fdbe5a5,0,1,picking_aisle_c,True,1.1267061486530107e-10,3.6126312963347294e-05,5.9999999850990235,1,0.00982423999812454
0.0,5.381784460742501e-26,1.1821587930782584e-07,6.81119946266308e-08,,0.6104948422331317,0.5146446686094757,0.5146446686094757,0,121,,,,,,,,,,,,,1.7763568741418306e-13,pivot_g2_fixed,0.05,121,ead256052d1a4fe3dd0041bc70a179a65f23d827b3369ec33dd4f78e5d9d6d3c,5.99999998509884,0,0,"[[2, -3], [2, 3]]",121,0.075,1.18216e-07,0.15,0,2,0,1,[],0,0,0,none,0,0,0.0,200,0,121,0,0,{},0.00011636,fixed,0.05,,0,0,Smac2D,14604b20128dce02316fa31bcd08a9fbad4cb49c1e0a068a1833273ad23c3018,121,c74a54810713be589345774fab7b21789a31efefd8ab68d518b7e8241fdbe5a5,0,1,picking_aisle_c,True,5.381784460742501e-26,1.7763568741418306e-13,5.99999998509884,1,0.006527796998852864
0.0,5.381784460742501e-26,1.1821587930782584e-07,6.81119946266308e-08,,0.6104948422331317,0.5146446686094757,0.5146446686094757,0,121,,,,,,,,,,,,,1.7763568741418306e-13,pivot_g2,0.05,121,ead256052d1a4fe3dd0041bc70a179a65f23d827b3369ec33dd4f78e5d9d6d3c,5.99999998509884,0,0,"[[2, -3], [2, 3]]",121,0.075,1.18216e-07,0.15,0,2,0,1,[],0,0,0,none,0,0,0.0,200,0,121,0,0,{},0.000111927,adaptive,0.05,,0,0,Smac2D,14604b20128dce02316fa31bcd08a9fbad4cb49c1e0a068a1833273ad23c3018,121,c74a54810713be589345774fab7b21789a31efefd8ab68d518b7e8241fdbe5a5,0,1,picking_aisle_c,True,5.381784460742501e-26,1.7763568741418306e-13,5.99999998509884,1,0.005839479999849573
0.0,1.6287877071848874e-12,8.380254223894212e-08,9.870292417744227e-09,,0.6175566488451653,0.5146446686094757,0.5146446686094757,0,232,5.38178e-26,0,0,True,1.13687e-10,0,True,simple_default,simple,1.62879e-12,0,True,3.249759750190573e-06,adaptive_hybrid_fixed,0.05,121,52a3ab5867048423fef19ce973c2290de10eb5eb12e85140f0a1789093cbeaa7,5.999999985098867,,,,,,,,,,,,,,,,,,0,0.0,,,,,,,,,,,0,,Smac2D,14604b20128dce02316fa31bcd08a9fbad4cb49c1e0a068a1833273ad23c3018,121,c74a54810713be589345774fab7b21789a31efefd8ab68d518b7e8241fdbe5a5,0,1,picking_aisle_c,True,1.6287877071848874e-12,3.249759750190573e-06,5.999999985098867,1,0.0067971639982715715
0.0,1.6287877071848874e-12,8.380254223894212e-08,9.870292417744227e-09,,0.6175566488451653,0.5146446686094757,0.5146446686094757,0,232,5.38178e-26,0,0,True,1.13687e-10,0,True,simple_default,simple,1.62879e-12,0,True,3.249759750190573e-06,adaptive_hybrid,0.05,121,52a3ab5867048423fef19ce973c2290de10eb5eb12e85140f0a1789093cbeaa7,5.999999985098867,,,,,,,,,,,,,,,,,,0,0.0,,,,,,,,,,,0,,Smac2D,14604b20128dce02316fa31bcd08a9fbad4cb49c1e0a068a1833273ad23c3018,121,c74a54810713be589345774fab7b21789a31efefd8ab68d518b7e8241fdbe5a5,0,1,picking_aisle_c,True,1.6287877071848874e-12,3.249759750190573e-06,5.999999985098867,1,0.005947508998360718
0.0,1.1368692242423291e-10,6.938893903907228e-18,6.30808536718839e-19,,0.6141262495039757,0.5146446686094757,0.5146446686094757,0,240,,,,,,,,,,,,,4.768373713641386e-05,raw,0.05,121,c74a54810713be589345774fab7b21789a31efefd8ab68d518b7e8241fdbe5a5,5.999999985098981,,,,,,,,,,,,,,,,,,0,0.0,,,,,,,,,,,0,,Smac2D,14604b20128dce02316fa31bcd08a9fbad4cb49c1e0a068a1833273ad23c3018,121,c74a54810713be589345774fab7b21789a31efefd8ab68d518b7e8241fdbe5a5,0,2,picking_aisle_c,True,1.1368692242423291e-10,4.768373713641386e-05,5.999999985098981,1,0.0032949050000752322
0.0,1.6287877071848874e-12,8.380254223894212e-08,9.870292417744227e-09,,0.6175566488451653,0.5146446686094757,0.5146446686094757,0,232,,,,,,,,,,,,,3.249759750190573e-06,simple,0.05,121,52a3ab5867048423fef19ce973c2290de10eb5eb12e85140f0a1789093cbeaa7,5.999999985098867,,,,,,,,,,,,,,,,,,0,0.0,,,,,,,,,,,0,,Smac2D,14604b20128dce02316fa31bcd08a9fbad4cb49c1e0a068a1833273ad23c3018,121,c74a54810713be589345774fab7b21789a31efefd8ab68d518b7e8241fdbe5a5,0,2,picking_aisle_c,True,1.6287877071848874e-12,3.249759750190573e-06,5.999999985098867,1,0.006392395000148099
0.0,1.0327723182008184e-11,5.639746669672263e-08,5.477577778389331e-09,,0.6180021552531121,0.5146446686094757,0.5146446686094757,0,231,,,,,,,,,,,,,1.0054777381655251e-05,savitzky_golay,0.05,121,efb5fdb948e6fc949f4ec2a37b13dde846222d8c33679906e47203dc0ff48952,5.999999985098898,,,,,,,,,,,,,,,,,,0,0.0,,,,,,,,,,,0,,Smac2D,14604b20128dce02316fa31bcd08a9fbad4cb49c1e0a068a1833273ad23c3018,121,c74a54810713be589345774fab7b21789a31efefd8ab68d518b7e8241fdbe5a5,0,2,picking_aisle_c,True,1.0327723182008184e-11,1.0054777381655251e-05,5.999999985098898,1,0.0056965439980558585
0.009000000000000001,1.1267061486530107e-10,4.9361092102628845e-08,4.5677913947285835e-09,,0.6145424904282204,0.5146446686094757,0.5146446686094757,0,239,,,,,,,,,,,,,3.6126312963347294e-05,constrained,0.05,121,1a9fd5792a0e243eba660434eabe7a783fdfbacd25fddd1117014f793ebe529c,5.9999999850990235,,,,,,,,,,,,,,,,,,0,0.0,,,,,,,,,,,0,,Smac2D,14604b20128dce02316fa31bcd08a9fbad4cb49c1e0a068a1833273ad23c3018,121,c74a54810713be589345774fab7b21789a31efefd8ab68d518b7e8241fdbe5a5,0,2,picking_aisle_c,True,1.1267061486530107e-10,3.6126312963347294e-05,5.9999999850990235,1,0.010981080999044934
0.0,5.381784460742501e-26,1.1821587930782584e-07,6.81119946266308e-08,,0.6104948422331317,0.5146446686094757,0.5146446686094757,0,121,,,,,,,,,,,,,1.7763568741418306e-13,pivot_g2_fixed,0.05,121,ead256052d1a4fe3dd0041bc70a179a65f23d827b3369ec33dd4f78e5d9d6d3c,5.99999998509884,0,0,"[[2, -3], [2, 3]]",121,0.075,1.18216e-07,0.15,0,2,0,1,[],0,0,0,none,0,0,0.0,200,0,121,0,0,{},0.000106311,fixed,0.05,,0,0,Smac2D,14604b20128dce02316fa31bcd08a9fbad4cb49c1e0a068a1833273ad23c3018,121,c74a54810713be589345774fab7b21789a31efefd8ab68d518b7e8241fdbe5a5,0,2,picking_aisle_c,True,5.381784460742501e-26,1.7763568741418306e-13,5.99999998509884,1,0.007194978999905288
0.003,5.381784460742501e-26,1.1821587930782584e-07,6.81119946266308e-08,,0.6104948422331317,0.5146446686094757,0.5146446686094757,0,121,,,,,,,,,,,,,1.7763568741418306e-13,pivot_g2,0.05,121,ead256052d1a4fe3dd0041bc70a179a65f23d827b3369ec33dd4f78e5d9d6d3c,5.99999998509884,0,0,"[[2, -3], [2, 3]]",121,0.075,1.18216e-07,0.15,0,2,0,1,[],0,0,0,none,0,0,0.0,200,0,121,0,0,{},0.000194148,adaptive,0.05,,0,0,Smac2D,14604b20128dce02316fa31bcd08a9fbad4cb49c1e0a068a1833273ad23c3018,121,c74a54810713be589345774fab7b21789a31efefd8ab68d518b7e8241fdbe5a5,0,2,picking_aisle_c,True,5.381784460742501e-26,1.7763568741418306e-13,5.99999998509884,1,0.0059820629976456985
0.0,1.6287877071848874e-12,8.380254223894212e-08,9.870292417744227e-09,,0.6175566488451653,0.5146446686094757,0.5146446686094757,0,232,5.38178e-26,0,0,True,1.13687e-10,0,True,simple_default,simple,1.62879e-12,0,True,3.249759750190573e-06,adaptive_hybrid_fixed,0.05,121,52a3ab5867048423fef19ce973c2290de10eb5eb12e85140f0a1789093cbeaa7,5.999999985098867,,,,,,,,,,,,,,,,,,0,0.0,,,,,,,,,,,0,,Smac2D,14604b20128dce02316fa31bcd08a9fbad4cb49c1e0a068a1833273ad23c3018,121,c74a54810713be589345774fab7b21789a31efefd8ab68d518b7e8241fdbe5a5,0,2,picking_aisle_c,True,1.6287877071848874e-12,3.249759750190573e-06,5.999999985098867,1,0.00570627400156809
0.0,1.6287877071848874e-12,8.380254223894212e-08,9.870292417744227e-09,,0.6175566488451653,0.5146446686094757,0.5146446686094757,0,232,5.38178e-26,0,0,True,1.13687e-10,0,True,simple_default,simple,1.62879e-12,0,True,3.249759750190573e-06,adaptive_hybrid,0.05,121,52a3ab5867048423fef19ce973c2290de10eb5eb12e85140f0a1789093cbeaa7,5.999999985098867,,,,,,,,,,,,,,,,,,0,0.0,,,,,,,,,,,0,,Smac2D,14604b20128dce02316fa31bcd08a9fbad4cb49c1e0a068a1833273ad23c3018,121,c74a54810713be589345774fab7b21789a31efefd8ab68d518b7e8241fdbe5a5,0,2,picking_aisle_c,True,1.6287877071848874e-12,3.249759750190573e-06,5.999999985098867,1,0.005946646000666078
0.0,1.1368692242423291e-10,6.938893903907228e-18,6.30808536718839e-19,,0.6141262495039757,0.5146446686094757,0.5146446686094757,0,240,,,,,,,,,,,,,4.768373713641386e-05,raw,0.05,121,c74a54810713be589345774fab7b21789a31efefd8ab68d518b7e8241fdbe5a5,5.999999985098981,,,,,,,,,,,,,,,,,,0,0.0,,,,,,,,,,,0,,Smac2D,14604b20128dce02316fa31bcd08a9fbad4cb49c1e0a068a1833273ad23c3018,121,c74a54810713be589345774fab7b21789a31efefd8ab68d518b7e8241fdbe5a5,0,3,picking_aisle_c,True,1.1368692242423291e-10,4.768373713641386e-05,5.999999985098981,1,0.0028698339992843103
0.0,1.6287877071848874e-12,8.380254223894212e-08,9.870292417744227e-09,,0.6175566488451653,0.5146446686094757,0.5146446686094757,0,232,,,,,,,,,,,,,3.249759750190573e-06,simple,0.05,121,52a3ab5867048423fef19ce973c2290de10eb5eb12e85140f0a1789093cbeaa7,5.999999985098867,,,,,,,,,,,,,,,,,,0,0.0,,,,,,,,,,,0,,Smac2D,14604b20128dce02316fa31bcd08a9fbad4cb49c1e0a068a1833273ad23c3018,121,c74a54810713be589345774fab7b21789a31efefd8ab68d518b7e8241fdbe5a5,0,3,picking_aisle_c,True,1.6287877071848874e-12,3.249759750190573e-06,5.999999985098867,1,0.0056236769996758085
0.0,1.0327723182008184e-11,5.639746669672263e-08,5.477577778389331e-09,,0.6180021552531121,0.5146446686094757,0.5146446686094757,0,231,,,,,,,,,,,,,1.0054777381655251e-05,savitzky_golay,0.05,121,efb5fdb948e6fc949f4ec2a37b13dde846222d8c33679906e47203dc0ff48952,5.999999985098898,,,,,,,,,,,,,,,,,,0,0.0,,,,,,,,,,,0,,Smac2D,14604b20128dce02316fa31bcd08a9fbad4cb49c1e0a068a1833273ad23c3018,121,c74a54810713be589345774fab7b21789a31efefd8ab68d518b7e8241fdbe5a5,0,3,picking_aisle_c,True,1.0327723182008184e-11,1.0054777381655251e-05,5.999999985098898,1,0.005884730999241583
0.009000000000000001,1.1267061486530107e-10,4.9361092102628845e-08,4.5677913947285835e-09,,0.6145424904282204,0.5146446686094757,0.5146446686094757,0,239,,,,,,,,,,,,,3.6126312963347294e-05,constrained,0.05,121,1a9fd5792a0e243eba660434eabe7a783fdfbacd25fddd1117014f793ebe529c,5.9999999850990235,,,,,,,,,,,,,,,,,,0,0.0,,,,,,,,,,,0,,Smac2D,14604b20128dce02316fa31bcd08a9fbad4cb49c1e0a068a1833273ad23c3018,121,c74a54810713be589345774fab7b21789a31efefd8ab68d518b7e8241fdbe5a5,0,3,picking_aisle_c,True,1.1267061486530107e-10,3.6126312963347294e-05,5.9999999850990235,1,0.01160921100017731
0.0,5.381784460742501e-26,1.1821587930782584e-07,6.81119946266308e-08,,0.6104948422331317,0.5146446686094757,0.5146446686094757,0,121,,,,,,,,,,,,,1.7763568741418306e-13,pivot_g2_fixed,0.05,121,ead256052d1a4fe3dd0041bc70a179a65f23d827b3369ec33dd4f78e5d9d6d3c,5.99999998509884,0,0,"[[2, -3], [2, 3]]",121,0.075,1.18216e-07,0.15,0,2,0,1,[],0,0,0,none,0,0,0.0,200,0,121,0,0,{},0.000186477,fixed,0.05,,0,0,Smac2D,14604b20128dce02316fa31bcd08a9fbad4cb49c1e0a068a1833273ad23c3018,121,c74a54810713be589345774fab7b21789a31efefd8ab68d518b7e8241fdbe5a5,0,3,picking_aisle_c,True,5.381784460742501e-26,1.7763568741418306e-13,5.99999998509884,1,0.006283498001721455
0.0,5.381784460742501e-26,1.1821587930782584e-07,6.81119946266308e-08,,0.6104948422331317,0.5146446686094757,0.5146446686094757,0,121,,,,,,,,,,,,,1.7763568741418306e-13,pivot_g2,0.05,121,ead256052d1a4fe3dd0041bc70a179a65f23d827b3369ec33dd4f78e5d9d6d3c,5.99999998509884,0,0,"[[2, -3], [2, 3]]",121,0.075,1.18216e-07,0.15,0,2,0,1,[],0,0,0,none,0,0,0.0,200,0,121,0,0,{},0.000122919,adaptive,0.05,,0,0,Smac2D,14604b20128dce02316fa31bcd08a9fbad4cb49c1e0a068a1833273ad23c3018,121,c74a54810713be589345774fab7b21789a31efefd8ab68d518b7e8241fdbe5a5,0,3,picking_aisle_c,True,5.381784460742501e-26,1.7763568741418306e-13,5.99999998509884,1,0.0064089970001077745
0.0,1.6287877071848874e-12,8.380254223894212e-08,9.870292417744227e-09,,0.6175566488451653,0.5146446686094757,0.5146446686094757,0,232,5.38178e-26,0,0,True,1.13687e-10,0,True,simple_default,simple,1.62879e-12,0,True,3.249759750190573e-06,adaptive_hybrid_fixed,0.05,121,52a3ab5867048423fef19ce973c2290de10eb5eb12e85140f0a1789093cbeaa7,5.999999985098867,,,,,,,,,,,,,,,,,,0,0.0,,,,,,,,,,,0,,Smac2D,14604b20128dce02316fa31bcd08a9fbad4cb49c1e0a068a1833273ad23c3018,121,c74a54810713be589345774fab7b21789a31efefd8ab68d518b7e8241fdbe5a5,0,3,picking_aisle_c,True,1.6287877071848874e-12,3.249759750190573e-06,5.999999985098867,1,0.005586988001596183
0.003,1.6287877071848874e-12,8.380254223894212e-08,9.870292417744227e-09,,0.6175566488451653,0.5146446686094757,0.5146446686094757,0,232,5.38178e-26,0,0,True,1.13687e-10,0,True,simple_default,simple,1.62879e-12,0,True,3.249759750190573e-06,adaptive_hybrid,0.05,121,52a3ab5867048423fef19ce973c2290de10eb5eb12e85140f0a1789093cbeaa7,5.999999985098867,,,,,,,,,,,,,,,,,,0,0.0,,,,,,,,,,,0,,Smac2D,14604b20128dce02316fa31bcd08a9fbad4cb49c1e0a068a1833273ad23c3018,121,c74a54810713be589345774fab7b21789a31efefd8ab68d518b7e8241fdbe5a5,0,3,picking_aisle_c,True,1.6287877071848874e-12,3.249759750190573e-06,5.999999985098867,1,0.02547635200244258
0.0,1.9584324794007297e-10,6.938893903907228e-18,6.282179363001248e-19,,1.0386640199167303,0.6646446708446498,0.814644673079824,0,241,,,,,,,,,,,,,6.25847462743736e-05,raw,0.05,121,e365e898c3dde5c9bcf03580b39793a611cea828d600a75368de7f5f5f5c9a48,6.0000001043083735,,,,,,,,,,,,,,,,,,0,0.0,,,,,,,,,,,0,,Smac2D,e6b1950484d6b9f1702a2eb8843ba7031df9d5857637f4a9c2f8023b59d13625,122,e365e898c3dde5c9bcf03580b39793a611cea828d600a75368de7f5f5f5c9a48,0,1,east_service_lane,True,1.9584324794007297e-10,6.25847462743736e-05,6.0000001043083735,1,0.0033325320000585634
0.0,2.80617555955285e-12,1.0998749111479356e-07,1.2900093096766772e-08,,1.0386640199167303,0.6646446708446498,0.814644673079824,0,241,,,,,,,,,,,,,4.265241315693712e-06,simple,0.05,121,d69d3d425ff93eb971cdebbd21f54fd160a4edbd6c28b0738dc5ea5dd64de52b,6.000000104308177,,,,,,,,,,,,,,,,,,0,0.0,,,,,,,,,,,0,,Smac2D,e6b1950484d6b9f1702a2eb8843ba7031df9d5857637f4a9c2f8023b59d13625,122,e365e898c3dde5c9bcf03580b39793a611cea828d600a75368de7f5f5f5c9a48,0,1,east_service_lane,True,2.80617555955285e-12,4.265241315693712e-06,6.000000104308177,1,0.006085613000323065
0.0,1.8045289162850624e-11,7.402161550373876e-08,7.15979045400221e-09,,1.0444657231849468,0.6646446708446498,0.8646446738248821,0,231,,,,,,,,,,,,,1.319685445368055e-05,savitzky_golay,0.05,121,ee219138dc6bca4ad5a648c38b68a775738a54749196dda5fe04a9e8e4086f43,6.0000001043082305,,,,,,,,,,,,,,,,,,0,0.0,,,,,,,,,,,0,,Smac2D,e6b1950484d6b9f1702a2eb8843ba7031df9d5857637f4a9c2f8023b59d13625,122,e365e898c3dde5c9bcf03580b39793a611cea828d600a75368de7f5f5f5c9a48,0,1,east_service_lane,True,1.8045289162850624e-11,1.319685445368055e-05,6.0000001043082305,1,0.006207562000781763
0.009000000000000001,2.3708350461869246e-10,6.904707561261603e-08,6.260460418932762e-09,,1.040747863826432,0.6646446708446498,0.8596446737503763,0,239,,,,,,,,,,,,,5.402806948495726e-05,constrained,0.05,121,f60b2d2f288c2075974153fd6d305d8a8e185a91747fe99d074ac1cdbecb3d18,6.000000104308465,,,,,,,,,,,,,,,,,,0,0.0,,,,,,,,,,,0,,Smac2D,e6b1950484d6b9f1702a2eb8843ba7031df9d5857637f4a9c2f8023b59d13625,122,e365e898c3dde5c9bcf03580b39793a611cea828d600a75368de7f5f5f5c9a48,0,1,east_service_lane,True,2.3708350461869246e-10,5.402806948495726e-05,6.000000104308465,1,0.012648165997234173
0.0,1.132862883145351e-17,1.5515833862167483e-07,8.902985619300587e-08,,1.0363195197568098,0.6646446708446498,0.814644673079824,0,122,,,,,,,,,,,,,2.1287183697009138e-08,pivot_g2_fixed,0.05,122,c98e74b1ae76855fbd632a227d6a74b0959334f00a312e5922331c60a7b4f7b7,6.00000010430813,0,0,"[[4.5, 3], [4.5, -3]]",121,0.075,1.55158e-07,0.15,0,2,0,1,[],0,0,0,none,0,0,0.0,200,0,122,0,0,{},0.000133631,fixed,0.05,,0,0,Smac2D,e6b1950484d6b9f1702a2eb8843ba7031df9d5857637f4a9c2f8023b59d13625,122,e365e898c3dde5c9bcf03580b39793a611cea828d600a75368de7f5f5f5c9a48,0,1,east_service_lane,True,1.132862883145351e-17,2.1287183697009138e-08,6.00000010430813,1,0.00595277799948235
0.0,1.132862883145351e-17,1.5515833862167483e-07,8.902985619300587e-08,,1.0363195197568098,0.6646446708446498,0.814644673079824,0,122,,,,,,,,,,,,,2.1287183697009138e-08,pivot_g2,0.05,122,c98e74b1ae76855fbd632a227d6a74b0959334f00a312e5922331c60a7b4f7b7,6.00000010430813,0,0,"[[4.5, 3], [4.5, -3]]",121,0.075,1.55158e-07,0.15,0,2,0,1,[],0,0,0,none,0,0,0.0,200,0,122,0,0,{},0.000182525,adaptive,0.05,,0,0,Smac2D,e6b1950484d6b9f1702a2eb8843ba7031df9d5857637f4a9c2f8023b59d13625,122,e365e898c3dde5c9bcf03580b39793a611cea828d600a75368de7f5f5f5c9a48,0,1,east_service_lane,True,1.132862883145351e-17,2.1287183697009138e-08,6.00000010430813,1,0.006333244000416016
0.003,2.80617555955285e-12,1.0998749111479356e-07,1.2900093096766772e-08,,1.0386640199167303,0.6646446708446498,0.814644673079824,0,241,1.13286e-17,0,0,True,1.95843e-10,0,True,simple_default,simple,2.80618e-12,0,True,4.265241315693712e-06,adaptive_hybrid_fixed,0.05,121,d69d3d425ff93eb971cdebbd21f54fd160a4edbd6c28b0738dc5ea5dd64de52b,6.000000104308177,,,,,,,,,,,,,,,,,,0,0.0,,,,,,,,,,,0,,Smac2D,e6b1950484d6b9f1702a2eb8843ba7031df9d5857637f4a9c2f8023b59d13625,122,e365e898c3dde5c9bcf03580b39793a611cea828d600a75368de7f5f5f5c9a48,0,1,east_service_lane,True,2.80617555955285e-12,4.265241315693712e-06,6.000000104308177,1,0.006815567001467571
0.003,2.80617555955285e-12,1.0998749111479356e-07,1.2900093096766772e-08,,1.0386640199167303,0.6646446708446498,0.814644673079824,0,241,1.13286e-17,0,0,True,1.95843e-10,0,True,simple_default,simple,2.80618e-12,0,True,4.265241315693712e-06,adaptive_hybrid,0.05,121,d69d3d425ff93eb971cdebbd21f54fd160a4edbd6c28b0738dc5ea5dd64de52b,6.000000104308177,,,,,,,,,,,,,,,,,,0,0.0,,,,,,,,,,,0,,Smac2D,e6b1950484d6b9f1702a2eb8843ba7031df9d5857637f4a9c2f8023b59d13625,122,e365e898c3dde5c9bcf03580b39793a611cea828d600a75368de7f5f5f5c9a48,0,1,east_service_lane,True,2.80617555955285e-12,4.265241315693712e-06,6.000000104308177,1,0.006710974997986341
0.0,1.9584324794007297e-10,6.938893903907228e-18,6.282179363001248e-19,,1.0386640199167303,0.6646446708446498,0.814644673079824,0,241,,,,,,,,,,,,,6.25847462743736e-05,raw,0.05,121,e365e898c3dde5c9bcf03580b39793a611cea828d600a75368de7f5f5f5c9a48,6.0000001043083735,,,,,,,,,,,,,,,,,,0,0.0,,,,,,,,,,,0,,Smac2D,e6b1950484d6b9f1702a2eb8843ba7031df9d5857637f4a9c2f8023b59d13625,122,e365e898c3dde5c9bcf03580b39793a611cea828d600a75368de7f5f5f5c9a48,0,2,east_service_lane,True,1.9584324794007297e-10,6.25847462743736e-05,6.0000001043083735,1,0.0031660560016462114
0.0,2.80617555955285e-12,1.0998749111479356e-07,1.2900093096766772e-08,,1.0386640199167303,0.6646446708446498,0.814644673079824,0,241,,,,,,,,,,,,,4.265241315693712e-06,simple,0.05,121,d69d3d425ff93eb971cdebbd21f54fd160a4edbd6c28b0738dc5ea5dd64de52b,6.000000104308177,,,,,,,,,,,,,,,,,,0,0.0,,,,,,,,,,,0,,Smac2D,e6b1950484d6b9f1702a2eb8843ba7031df9d5857637f4a9c2f8023b59d13625,122,e365e898c3dde5c9bcf03580b39793a611cea828d600a75368de7f5f5f5c9a48,0,2,east_service_lane,True,2.80617555955285e-12,4.265241315693712e-06,6.000000104308177,1,0.006564559000253212
0.0,1.8045289162850624e-11,7.402161550373876e-08,7.15979045400221e-09,,1.0444657231849468,0.6646446708446498,0.8646446738248821,0,231,,,,,,,,,,,,,1.319685445368055e-05,savitzky_golay,0.05,121,ee219138dc6bca4ad5a648c38b68a775738a54749196dda5fe04a9e8e4086f43,6.0000001043082305,,,,,,,,,,,,,,,,,,0,0.0,,,,,,,,,,,0,,Smac2D,e6b1950484d6b9f1702a2eb8843ba7031df9d5857637f4a9c2f8023b59d13625,122,e365e898c3dde5c9bcf03580b39793a611cea828d600a75368de7f5f5f5c9a48,0,2,east_service_lane,True,1.8045289162850624e-11,1.319685445368055e-05,6.0000001043082305,1,0.005856272000528406
0.009000000000000001,2.3708350461869246e-10,6.904707561261603e-08,6.260460418932762e-09,,1.040747863826432,0.6646446708446498,0.8596446737503763,0,239,,,,,,,,,,,,,5.402806948495726e-05,constrained,0.05,121,f60b2d2f288c2075974153fd6d305d8a8e185a91747fe99d074ac1cdbecb3d18,6.000000104308465,,,,,,,,,,,,,,,,,,0,0.0,,,,,,,,,,,0,,Smac2D,e6b1950484d6b9f1702a2eb8843ba7031df9d5857637f4a9c2f8023b59d13625,122,e365e898c3dde5c9bcf03580b39793a611cea828d600a75368de7f5f5f5c9a48,0,2,east_service_lane,True,2.3708350461869246e-10,5.402806948495726e-05,6.000000104308465,1,0.010678246999304974
0.0,1.132862883145351e-17,1.5515833862167483e-07,8.902985619300587e-08,,1.0363195197568098,0.6646446708446498,0.814644673079824,0,122,,,,,,,,,,,,,2.1287183697009138e-08,pivot_g2_fixed,0.05,122,c98e74b1ae76855fbd632a227d6a74b0959334f00a312e5922331c60a7b4f7b7,6.00000010430813,0,0,"[[4.5, 3], [4.5, -3]]",121,0.075,1.55158e-07,0.15,0,2,0,1,[],0,0,0,none,0,0,0.0,200,0,122,0,0,{},0.000190264,fixed,0.05,,0,0,Smac2D,e6b1950484d6b9f1702a2eb8843ba7031df9d5857637f4a9c2f8023b59d13625,122,e365e898c3dde5c9bcf03580b39793a611cea828d600a75368de7f5f5f5c9a48,0,2,east_service_lane,True,1.132862883145351e-17,2.1287183697009138e-08,6.00000010430813,1,0.005460230000608135
0.0,1.132862883145351e-17,1.5515833862167483e-07,8.902985619300587e-08,,1.0363195197568098,0.6646446708446498,0.814644673079824,0,122,,,,,,,,,,,,,2.1287183697009138e-08,pivot_g2,0.05,122,c98e74b1ae76855fbd632a227d6a74b0959334f00a312e5922331c60a7b4f7b7,6.00000010430813,0,0,"[[4.5, 3], [4.5, -3]]",121,0.075,1.55158e-07,0.15,0,2,0,1,[],0,0,0,none,0,0,0.0,200,0,122,0,0,{},0.000180643,adaptive,0.05,,0,0,Smac2D,e6b1950484d6b9f1702a2eb8843ba7031df9d5857637f4a9c2f8023b59d13625,122,e365e898c3dde5c9bcf03580b39793a611cea828d600a75368de7f5f5f5c9a48,0,2,east_service_lane,True,1.132862883145351e-17,2.1287183697009138e-08,6.00000010430813,1,0.006324363002931932
0.0,2.80617555955285e-12,1.0998749111479356e-07,1.2900093096766772e-08,,1.0386640199167303,0.6646446708446498,0.814644673079824,0,241,1.13286e-17,0,0,True,1.95843e-10,0,True,simple_default,simple,2.80618e-12,0,True,4.265241315693712e-06,adaptive_hybrid_fixed,0.05,121,d69d3d425ff93eb971cdebbd21f54fd160a4edbd6c28b0738dc5ea5dd64de52b,6.000000104308177,,,,,,,,,,,,,,,,,,0,0.0,,,,,,,,,,,0,,Smac2D,e6b1950484d6b9f1702a2eb8843ba7031df9d5857637f4a9c2f8023b59d13625,122,e365e898c3dde5c9bcf03580b39793a611cea828d600a75368de7f5f5f5c9a48,0,2,east_service_lane,True,2.80617555955285e-12,4.265241315693712e-06,6.000000104308177,1,0.006517297002574196
0.0,2.80617555955285e-12,1.0998749111479356e-07,1.2900093096766772e-08,,1.0386640199167303,0.6646446708446498,0.814644673079824,0,241,1.13286e-17,0,0,True,1.95843e-10,0,True,simple_default,simple,2.80618e-12,0,True,4.265241315693712e-06,adaptive_hybrid,0.05,121,d69d3d425ff93eb971cdebbd21f54fd160a4edbd6c28b0738dc5ea5dd64de52b,6.000000104308177,,,,,,,,,,,,,,,,,,0,0.0,,,,,,,,,,,0,,Smac2D,e6b1950484d6b9f1702a2eb8843ba7031df9d5857637f4a9c2f8023b59d13625,122,e365e898c3dde5c9bcf03580b39793a611cea828d600a75368de7f5f5f5c9a48,0,2,east_service_lane,True,2.80617555955285e-12,4.265241315693712e-06,6.000000104308177,1,0.006288109001616249
0.0,1.9584324794007297e-10,6.938893903907228e-18,6.282179363001248e-19,,1.0386640199167303,0.6646446708446498,0.814644673079824,0,241,,,,,,,,,,,,,6.25847462743736e-05,raw,0.05,121,e365e898c3dde5c9bcf03580b39793a611cea828d600a75368de7f5f5f5c9a48,6.0000001043083735,,,,,,,,,,,,,,,,,,0,0.0,,,,,,,,,,,0,,Smac2D,e6b1950484d6b9f1702a2eb8843ba7031df9d5857637f4a9c2f8023b59d13625,122,e365e898c3dde5c9bcf03580b39793a611cea828d600a75368de7f5f5f5c9a48,0,3,east_service_lane,True,1.9584324794007297e-10,6.25847462743736e-05,6.0000001043083735,1,0.0032416950016340706
0.0,2.80617555955285e-12,1.0998749111479356e-07,1.2900093096766772e-08,,1.0386640199167303,0.6646446708446498,0.814644673079824,0,241,,,,,,,,,,,,,4.265241315693712e-06,simple,0.05,121,d69d3d425ff93eb971cdebbd21f54fd160a4edbd6c28b0738dc5ea5dd64de52b,6.000000104308177,,,,,,,,,,,,,,,,,,0,0.0,,,,,,,,,,,0,,Smac2D,e6b1950484d6b9f1702a2eb8843ba7031df9d5857637f4a9c2f8023b59d13625,122,e365e898c3dde5c9bcf03580b39793a611cea828d600a75368de7f5f5f5c9a48,0,3,east_service_lane,True,2.80617555955285e-12,4.265241315693712e-06,6.000000104308177,1,0.005870240998774534
0.0,1.8045289162850624e-11,7.402161550373876e-08,7.15979045400221e-09,,1.0444657231849468,0.6646446708446498,0.8646446738248821,0,231,,,,,,,,,,,,,1.319685445368055e-05,savitzky_golay,0.05,121,ee219138dc6bca4ad5a648c38b68a775738a54749196dda5fe04a9e8e4086f43,6.0000001043082305,,,,,,,,,,,,,,,,,,0,0.0,,,,,,,,,,,0,,Smac2D,e6b1950484d6b9f1702a2eb8843ba7031df9d5857637f4a9c2f8023b59d13625,122,e365e898c3dde5c9bcf03580b39793a611cea828d600a75368de7f5f5f5c9a48,0,3,east_service_lane,True,1.8045289162850624e-11,1.319685445368055e-05,6.0000001043082305,1,0.006094783999287756
0.006,2.3708350461869246e-10,6.904707561261603e-08,6.260460418932762e-09,,1.040747863826432,0.6646446708446498,0.8596446737503763,0,239,,,,,,,,,,,,,5.402806948495726e-05,constrained,0.05,121,f60b2d2f288c2075974153fd6d305d8a8e185a91747fe99d074ac1cdbecb3d18,6.000000104308465,,,,,,,,,,,,,,,,,,0,0.0,,,,,,,,,,,0,,Smac2D,e6b1950484d6b9f1702a2eb8843ba7031df9d5857637f4a9c2f8023b59d13625,122,e365e898c3dde5c9bcf03580b39793a611cea828d600a75368de7f5f5f5c9a48,0,3,east_service_lane,True,2.3708350461869246e-10,5.402806948495726e-05,6.000000104308465,1,0.012523110999609344
0.0,1.132862883145351e-17,1.5515833862167483e-07,8.902985619300587e-08,,1.0363195197568098,0.6646446708446498,0.814644673079824,0,122,,,,,,,,,,,,,2.1287183697009138e-08,pivot_g2_fixed,0.05,122,c98e74b1ae76855fbd632a227d6a74b0959334f00a312e5922331c60a7b4f7b7,6.00000010430813,0,0,"[[4.5, 3], [4.5, -3]]",121,0.075,1.55158e-07,0.15,0,2,0,1,[],0,0,0,none,0,0,0.0,200,0,122,0,0,{},0.000178534,fixed,0.05,,0,0,Smac2D,e6b1950484d6b9f1702a2eb8843ba7031df9d5857637f4a9c2f8023b59d13625,122,e365e898c3dde5c9bcf03580b39793a611cea828d600a75368de7f5f5f5c9a48,0,3,east_service_lane,True,1.132862883145351e-17,2.1287183697009138e-08,6.00000010430813,1,0.0076276220024737995
0.0,1.132862883145351e-17,1.5515833862167483e-07,8.902985619300587e-08,,1.0363195197568098,0.6646446708446498,0.814644673079824,0,122,,,,,,,,,,,,,2.1287183697009138e-08,pivot_g2,0.05,122,c98e74b1ae76855fbd632a227d6a74b0959334f00a312e5922331c60a7b4f7b7,6.00000010430813,0,0,"[[4.5, 3], [4.5, -3]]",121,0.075,1.55158e-07,0.15,0,2,0,1,[],0,0,0,none,0,0,0.0,200,0,122,0,0,{},0.000193647,adaptive,0.05,,0,0,Smac2D,e6b1950484d6b9f1702a2eb8843ba7031df9d5857637f4a9c2f8023b59d13625,122,e365e898c3dde5c9bcf03580b39793a611cea828d600a75368de7f5f5f5c9a48,0,3,east_service_lane,True,1.132862883145351e-17,2.1287183697009138e-08,6.00000010430813,1,0.0063522259988531005
0.0,2.80617555955285e-12,1.0998749111479356e-07,1.2900093096766772e-08,,1.0386640199167303,0.6646446708446498,0.814644673079824,0,241,1.13286e-17,0,0,True,1.95843e-10,0,True,simple_default,simple,2.80618e-12,0,True,4.265241315693712e-06,adaptive_hybrid_fixed,0.05,121,d69d3d425ff93eb971cdebbd21f54fd160a4edbd6c28b0738dc5ea5dd64de52b,6.000000104308177,,,,,,,,,,,,,,,,,,0,0.0,,,,,,,,,,,0,,Smac2D,e6b1950484d6b9f1702a2eb8843ba7031df9d5857637f4a9c2f8023b59d13625,122,e365e898c3dde5c9bcf03580b39793a611cea828d600a75368de7f5f5f5c9a48,0,3,east_service_lane,True,2.80617555955285e-12,4.265241315693712e-06,6.000000104308177,1,0.006346292000671383
0.0,2.80617555955285e-12,1.0998749111479356e-07,1.2900093096766772e-08,,1.0386640199167303,0.6646446708446498,0.814644673079824,0,241,1.13286e-17,0,0,True,1.95843e-10,0,True,simple_default,simple,2.80618e-12,0,True,4.265241315693712e-06,adaptive_hybrid,0.05,121,d69d3d425ff93eb971cdebbd21f54fd160a4edbd6c28b0738dc5ea5dd64de52b,6.000000104308177,,,,,,,,,,,,,,,,,,0,0.0,,,,,,,,,,,0,,Smac2D,e6b1950484d6b9f1702a2eb8843ba7031df9d5857637f4a9c2f8023b59d13625,122,e365e898c3dde5c9bcf03580b39793a611cea828d600a75368de7f5f5f5c9a48,0,3,east_service_lane,True,2.80617555955285e-12,4.265241315693712e-06,6.000000104308177,1,0.006406618002074538
0.0,5.382960041154793,2.220446049250313e-16,2.811774100958824e-17,,0.40067740171148347,0.2146446641391273,0.2146446641391273,0,271,,,,,,,,,,,,,2.2994143959643827,raw,0.05,137,924333f82638503e76abcc8fb8bd33de97f7a3a14c6c75df1c16cee7538821f1,7.699847697843823,,,,,,,,,,,,,,,,,,0,0.0,,,,,,,,,,,0,,Smac2D,1965a41fa15696aeb49a2166c2d0c6c449b4d835e335955b70c1665f16d27353,156,924333f82638503e76abcc8fb8bd33de97f7a3a14c6c75df1c16cee7538821f1,0,1,cross_aisle_transfer,True,5.382960041154793,2.2994143959643827,7.699847697843823,1,0.004469138999411371
0.0,3.725878374137315,0.022626850006984396,0.009491261857654334,,0.39653475385515286,0.18825146149581692,0.2146446641391273,0,270,,,,,,,,,,,,,1.6212898514926752,simple,0.05,137,170414f069671e12801b2d72e0b007bc063fce536f75e0ef4906e468ada36cf5,7.645022680702303,,,,,,,,,,,,,,,,,,0,0.0,,,,,,,,,,,0,,Smac2D,1965a41fa15696aeb49a2166c2d0c6c449b4d835e335955b70c1665f16d27353,154,924333f82638503e76abcc8fb8bd33de97f7a3a14c6c75df1c16cee7538821f1,0,1,cross_aisle_transfer,True,3.725878374137315,1.6212898514926752,7.645022680702303,1,0.006288387001404772
0.0,4.992219670791885,0.0019007577059559145,0.0004988688962147917,,0.4005023127086473,0.2146446641391273,0.2146446641391273,0,268,,,,,,,,,,,,,2.1526797285096095,savitzky_golay,0.05,137,85aa6ccf1eb08e5c20a53b20d5eb5c80d1e22ef813b37e56d13836142f6c2b75,7.698232058211287,,,,,,,,,,,,,,,,,,0,0.0,,,,,,,,,,,0,,Smac2D,1965a41fa15696aeb49a2166c2d0c6c449b4d835e335955b70c1665f16d27353,155,924333f82638503e76abcc8fb8bd33de97f7a3a14c6c75df1c16cee7538821f1,0,1,cross_aisle_transfer,True,4.992219670791885,2.1526797285096095,7.698232058211287,1,0.00629249399935361
0.009000000000000001,5.16017491541255,0.02527556034564643,0.006457423094968735,,0.40832071610454845,0.23390290478282266,0.246808153487125,0,260,,,,,,,,,,,,,2.0701086439644585,constrained,0.05,137,022102db12db5d4c0d5d7a2ca6ed9d33d555a00756c2c0ee1ef23d593f74e0ee,7.725689425465196,,,,,,,,,,,,,,,,,,0,0.0,,,,,,,,,,,0,,Smac2D,1965a41fa15696aeb49a2166c2d0c6c449b4d835e335955b70c1665f16d27353,156,924333f82638503e76abcc8fb8bd33de97f7a3a14c6c75df1c16cee7538821f1,0,1,cross_aisle_transfer,True,5.16017491541255,2.0701086439644585,7.725689425465196,1,0.012158476001786767
0.006,3.570938151504144,0.07396401469114995,0.031030339007776714,,0.36131628366998864,0.17079994476667312,0.17079994476667312,0,423,,,,,,,,,,,,,2.2988253185315153,pivot_g2_fixed,0.05,420,eb1966061fa15b21903da190db690e0a62e0ebfc511f355d269432af541c6597,7.578928626257511,0,29,"[[-2, -2.8], [-1.66776, -1.1], [0.15, 0.714641], [1.24972, 0.828039], [1.58149, 1.01138], [1.77489, 1.40008], [1.81324, 2.3], [2, 2.8]]",137,0.075,0.0545996,0.15,0,8,0,7,"[{'index': 0, 'x': -1.66776, 'y': -1.1, 'turn_angle': -0.593256, 'incoming_length': 1.73216, 'outgoing_length': 2.5685, 'pivot_safe': True, 'pass_through': False, 'radius_min': 0, 'radius_max': 0, 'trim_min': 0, 'trim_max': 0, 'evaluations': 9, 'safe_feasible': 9, 'states': 0, 'selected_radius': 1.5, 'selected_trim': 0.458469, 'selected_score': 0.85}, {'index': 1, 'x': 0.15, 'y': 0.714641, 'turn_angle': -0.681787, 'incoming_length': 2.5685, 'outgoing_length': 1.10555, 'pivot_safe': True, 'pass_through': False, 'radius_min': 0, 'radius_max': 0, 'trim_min': 0, 'trim_max': 0, 'evaluations': 9, 'safe_feasible': 7, 'states': 0, 'selected_radius': 1.25, 'selected_trim': 0.443428, 'selected_score': 0.85}, {'index': 2, 'x': 1.24972, 'y': 0.828039, 'turn_angle': 0.402091, 'incoming_length': 1.10555, 'outgoing_length': 0.379058, 'pivot_safe': True, 'pass_through': False, 'radius_min': 0, 'radius_max': 0, 'trim_min': 0, 'trim_max': 0, 'evaluations': 9, 'safe_feasible': 6, 'states': 0, 'selected_radius': 0.75, 'selected_trim': 0.152849, 'selected_score': 0.85}, {'index': 3, 'x': 1.58149, 'y': 1.01138, 'turn_angle': 0.604256, 'incoming_length': 0.379058, 'outgoing_length': 0.434156, 'pivot_safe': True, 'pass_through': False, 'radius_min': 0, 'radius_max': 0, 'trim_min': 0, 'trim_max': 0, 'evaluations': 9, 'safe_feasible': 4, 'states': 0, 'selected_radius': 0.5, 'selected_trim': 0.155835, 'selected_score': 0.779766}, {'index': 4, 'x': 1.77489, 'y': 1.40008, 'turn_angle': 0.419112, 'incoming_length': 0.434156, 'outgoing_length': 0.900739, 'pivot_safe': True, 'pass_through': False, 'radius_min': 0, 'radius_max': 0, 'trim_min': 0, 'trim_max': 0, 'evaluations': 9, 'safe_feasible': 6, 'states': 0, 'selected_radius': 0.75, 'selected_trim': 0.159509, 'selected_score': 0.85}, {'index': 5, 'x': 1.81324, 'y': 2.3, 'turn_angle': -0.314889, 'incoming_length': 0.900739, 'outgoing_length': 0.533741, 'pivot_safe': True, 'pass_through': False, 'radius_min': 0, 'radius_max': 0, 'trim_min': 0, 'trim_max': 0, 'evaluations': 9, 'safe_feasible': 8, 'states': 0, 'selected_radius': 1.5, 'selected_trim': 0.238138, 'selected_score': 1}]",6,0,54,none,6,0,0.0,200,0.863294,420,0,0,"{'angular acceleration iteration did not converge': 2, 'transition would overlap an adjacent corner window': 12}",0.00487827,fixed,0.05,,0,40,Smac2D,1965a41fa15696aeb49a2166c2d0c6c449b4d835e335955b70c1665f16d27353,153,924333f82638503e76abcc8fb8bd33de97f7a3a14c6c75df1c16cee7538821f1,0,1,cross_aisle_transfer,True,3.570938151504144,2.2988253185315153,7.578928626257511,1,0.01223370599836926
0.012,5.780447202284832,0.08685081539459134,0.03332002308289338,,0.3595242073402786,0.17079994476667312,0.17079994476667312,0,467,,,,,,,,,,,,,8.118120879015926,pivot_g2,0.05,458,a3820df381b0def324913dc48b929ff0fdd9660818e3963fb4e477bb74005a80,7.571563403984391,128,96,"[[-2, -2.8], [-1.66776, -1.1], [0.15, 0.714641], [1.24972, 0.828039], [1.58149, 1.01138], [1.77489, 1.40008], [1.81324, 2.3], [2, 2.8]]",137,0.075,0.0545996,0.15,0,8,0,7,"[{'index': 0, 'x': -1.66776, 'y': -1.1, 'turn_angle': -0.593256, 'incoming_length': 1.73216, 'outgoing_length': 2.5685, 'pivot_safe': True, 'pass_through': False, 'radius_min': 0.1, 'radius_max': 1.5, 'trim_min': 0.0305646, 'trim_max': 0.458469, 'evaluations': 20, 'safe_feasible': 18, 'states': 6, 'selected_radius': 1.5, 'selected_trim': 0.458469, 'selected_score': 0.389034}, {'index': 1, 'x': 0.15, 'y': 0.714641, 'turn_angle': -0.681787, 'incoming_length': 2.5685, 'outgoing_length': 1.10555, 'pivot_safe': True, 'pass_through': False, 'radius_min': 0.1, 'radius_max': 1.5, 'trim_min': 0.0354742, 'trim_max': 0.532114, 'evaluations': 20, 'safe_feasible': 18, 'states': 6, 'selected_radius': 1.5, 'selected_trim': 0.532114, 'selected_score': 0.339887}, {'index': 2, 'x': 1.24972, 'y': 0.828039, 'turn_angle': 0.402091, 'incoming_length': 1.10555, 'outgoing_length': 0.379058, 'pivot_safe': True, 'pass_through': False, 'radius_min': 0.1, 'radius_max': 1.5, 'trim_min': 0.0203799, 'trim_max': 0.305698, 'evaluations': 20, 'safe_feasible': 17, 'states': 6, 'selected_radius': 1.5, 'selected_trim': 0.305698, 'selected_score': 0.317086}, {'index': 3, 'x': 1.58149, 'y': 1.01138, 'turn_angle': 0.604256, 'incoming_length': 0.379058, 'outgoing_length': 0.434156, 'pivot_safe': True, 'pass_through': False, 'radius_min': 0.1, 'radius_max': 1.21622, 'trim_min': 0.0311669, 'trim_max': 0.379058, 'evaluations': 20, 'safe_feasible': 17, 'states': 6, 'selected_radius': 0, 'selected_trim': 0, 'selected_score': 0}, {'index': 4, 'x': 1.77489, 'y': 1.40008, 'turn_angle': 0.419112, 'incoming_length': 0.434156, 'outgoing_length': 0.900739, 'pivot_safe': True, 'pass_through': False, 'radius_min': 0.1, 'radius_max': 1.5, 'trim_min': 0.0212678, 'trim_max': 0.319018, 'evaluations': 20, 'safe_feasible': 17, 'states': 6, 'selected_radius': 1.5, 'selected_trim': 0.319018, 'selected_score': 0.333879}, {'index': 5, 'x': 1.81324, 'y': 2.3, 'turn_angle': -0.314889, 'incoming_length': 0.900739, 'outgoing_length': 0.533741, 'pivot_safe': True, 'pass_through': False, 'radius_min': 0.1, 'radius_max': 1.5, 'trim_min': 0.0158758, 'trim_max': 0.238138, 'evaluations': 20, 'safe_feasible': 17, 'states': 6, 'selected_radius': 1.5, 'selected_trim': 0.238138, 'selected_score': 0.230793}]",6,36,120,none,5,1,0.604256036712699,200,0.322135,458,0,1,"{'angular acceleration iteration did not converge': 7, 'transition requires a reversing inner wheel': 9}",0.0121587,adaptive,0.05,,0.604256036712699,104,Smac2D,1965a41fa15696aeb49a2166c2d0c6c449b4d835e335955b70c1665f16d27353,153,924333f82638503e76abcc8fb8bd33de97f7a3a14c6c75df1c16cee7538821f1,0,1,cross_aisle_transfer,True,1.706208733578352,0.7863447841057404,7.573597240366958,2,0.02073115399980452
0.009000000000000001,3.725878374137315,0.022626850006984396,0.009491261857654334,,0.39653475385515286,0.18825146149581692,0.2146446641391273,0,270,3.57094,0,228,True,5.38296,214,True,simple_default,simple,3.72588,214,True,1.6212898514926752,adaptive_hybrid_fixed,0.05,137,170414f069671e12801b2d72e0b007bc063fce536f75e0ef4906e468ada36cf5,7.645022680702303,,,,,,,,,,,,,,,,,,0,0.0,,,,,,,,,,,0,,Smac2D,1965a41fa15696aeb49a2166c2d0c6c449b4d835e335955b70c1665f16d27353,154,924333f82638503e76abcc8fb8bd33de97f7a3a14c6c75df1c16cee7538821f1,0,1,cross_aisle_transfer,True,3.725878374137315,1.6212898514926752,7.645022680702303,1,0.010039851000328781
0.015000000000000001,3.725878374137315,0.022626850006984396,0.009491261857654334,,0.39653475385515286,0.18825146149581692,0.2146446641391273,0,270,1.70621,1,228,True,5.38296,214,True,simple_default,simple,3.72588,214,True,1.6212898514926752,adaptive_hybrid,0.05,137,170414f069671e12801b2d72e0b007bc063fce536f75e0ef4906e468ada36cf5,7.645022680702303,,,,,,,,,,,,,,,,,,0,0.0,,,,,,,,,,,0,,Smac2D,1965a41fa15696aeb49a2166c2d0c6c449b4d835e335955b70c1665f16d27353,154,924333f82638503e76abcc8fb8bd33de97f7a3a14c6c75df1c16cee7538821f1,0,1,cross_aisle_transfer,True,3.725878374137315,1.6212898514926752,7.645022680702303,1,0.016254112000751775
0.003,5.382960041154793,2.220446049250313e-16,2.811774100958824e-17,,0.40067740171148347,0.2146446641391273,0.2146446641391273,0,271,,,,,,,,,,,,,2.2994143959643827,raw,0.05,137,924333f82638503e76abcc8fb8bd33de97f7a3a14c6c75df1c16cee7538821f1,7.699847697843823,,,,,,,,,,,,,,,,,,0,0.0,,,,,,,,,,,0,,Smac2D,1965a41fa15696aeb49a2166c2d0c6c449b4d835e335955b70c1665f16d27353,156,924333f82638503e76abcc8fb8bd33de97f7a3a14c6c75df1c16cee7538821f1,0,2,cross_aisle_transfer,True,5.382960041154793,2.2994143959643827,7.699847697843823,1,0.005125568997755181
0.0,3.725878374137315,0.022626850006984396,0.009491261857654334,,0.39653475385515286,0.18825146149581692,0.2146446641391273,0,270,,,,,,,,,,,,,1.6212898514926752,simple,0.05,137,170414f069671e12801b2d72e0b007bc063fce536f75e0ef4906e468ada36cf5,7.645022680702303,,,,,,,,,,,,,,,,,,0,0.0,,,,,,,,,,,0,,Smac2D,1965a41fa15696aeb49a2166c2d0c6c449b4d835e335955b70c1665f16d27353,154,924333f82638503e76abcc8fb8bd33de97f7a3a14c6c75df1c16cee7538821f1,0,2,cross_aisle_transfer,True,3.725878374137315,1.6212898514926752,7.645022680702303,1,0.007180384000093909
0.0,4.992219670791885,0.0019007577059559145,0.0004988688962147917,,0.4005023127086473,0.2146446641391273,0.2146446641391273,0,268,,,,,,,,,,,,,2.1526797285096095,savitzky_golay,0.05,137,85aa6ccf1eb08e5c20a53b20d5eb5c80d1e22ef813b37e56d13836142f6c2b75,7.698232058211287,,,,,,,,,,,,,,,,,,0,0.0,,,,,,,,,,,0,,Smac2D,1965a41fa15696aeb49a2166c2d0c6c449b4d835e335955b70c1665f16d27353,155,924333f82638503e76abcc8fb8bd33de97f7a3a14c6c75df1c16cee7538821f1,0,2,cross_aisle_transfer,True,4.992219670791885,2.1526797285096095,7.698232058211287,1,0.0066476159990997985
0.009000000000000001,5.16017491541255,0.02527556034564643,0.006457423094968735,,0.40832071610454845,0.23390290478282266,0.246808153487125,0,260,,,,,,,,,,,,,2.0701086439644585,constrained,0.05,137,022102db12db5d4c0d5d7a2ca6ed9d33d555a00756c2c0ee1ef23d593f74e0ee,7.725689425465196,,,,,,,,,,,,,,,,,,0,0.0,,,,,,,,,,,0,,Smac2D,1965a41fa15696aeb49a2166c2d0c6c449b4d835e335955b70c1665f16d27353,156,924333f82638503e76abcc8fb8bd33de97f7a3a14c6c75df1c16cee7538821f1,0,2,cross_aisle_transfer,True,5.16017491541255,2.0701086439644585,7.725689425465196,1,0.014799855998717248
0.006,3.570938151504144,0.07396401469114995,0.031030339007776714,,0.36131628366998864,0.17079994476667312,0.17079994476667312,0,423,,,,,,,,,,,,,2.2988253185315153,pivot_g2_fixed,0.05,420,eb1966061fa15b21903da190db690e0a62e0ebfc511f355d269432af541c6597,7.578928626257511,0,29,"[[-2, -2.8], [-1.66776, -1.1], [0.15, 0.714641], [1.24972, 0.828039], [1.58149, 1.01138], [1.77489, 1.40008], [1.81324, 2.3], [2, 2.8]]",137,0.075,0.0545996,0.15,0,8,0,7,"[{'index': 0, 'x': -1.66776, 'y': -1.1, 'turn_angle': -0.593256, 'incoming_length': 1.73216, 'outgoing_length': 2.5685, 'pivot_safe': True, 'pass_through': False, 'radius_min': 0, 'radius_max': 0, 'trim_min': 0, 'trim_max': 0, 'evaluations': 9, 'safe_feasible': 9, 'states': 0, 'selected_radius': 1.5, 'selected_trim': 0.458469, 'selected_score': 0.85}, {'index': 1, 'x': 0.15, 'y': 0.714641, 'turn_angle': -0.681787, 'incoming_length': 2.5685, 'outgoing_length': 1.10555, 'pivot_safe': True, 'pass_through': False, 'radius_min': 0, 'radius_max': 0, 'trim_min': 0, 'trim_max': 0, 'evaluations': 9, 'safe_feasible': 7, 'states': 0, 'selected_radius': 1.25, 'selected_trim': 0.443428, 'selected_score': 0.85}, {'index': 2, 'x': 1.24972, 'y': 0.828039, 'turn_angle': 0.402091, 'incoming_length': 1.10555, 'outgoing_length': 0.379058, 'pivot_safe': True, 'pass_through': False, 'radius_min': 0, 'radius_max': 0, 'trim_min': 0, 'trim_max': 0, 'evaluations': 9, 'safe_feasible': 6, 'states': 0, 'selected_radius': 0.75, 'selected_trim': 0.152849, 'selected_score': 0.85}, {'index': 3, 'x': 1.58149, 'y': 1.01138, 'turn_angle': 0.604256, 'incoming_length': 0.379058, 'outgoing_length': 0.434156, 'pivot_safe': True, 'pass_through': False, 'radius_min': 0, 'radius_max': 0, 'trim_min': 0, 'trim_max': 0, 'evaluations': 9, 'safe_feasible': 4, 'states': 0, 'selected_radius': 0.5, 'selected_trim': 0.155835, 'selected_score': 0.779766}, {'index': 4, 'x': 1.77489, 'y': 1.40008, 'turn_angle': 0.419112, 'incoming_length': 0.434156, 'outgoing_length': 0.900739, 'pivot_safe': True, 'pass_through': False, 'radius_min': 0, 'radius_max': 0, 'trim_min': 0, 'trim_max': 0, 'evaluations': 9, 'safe_feasible': 6, 'states': 0, 'selected_radius': 0.75, 'selected_trim': 0.159509, 'selected_score': 0.85}, {'index': 5, 'x': 1.81324, 'y': 2.3, 'turn_angle': -0.314889, 'incoming_length': 0.900739, 'outgoing_length': 0.533741, 'pivot_safe': True, 'pass_through': False, 'radius_min': 0, 'radius_max': 0, 'trim_min': 0, 'trim_max': 0, 'evaluations': 9, 'safe_feasible': 8, 'states': 0, 'selected_radius': 1.5, 'selected_trim': 0.238138, 'selected_score': 1}]",6,0,54,none,6,0,0.0,200,0.863294,420,0,0,"{'angular acceleration iteration did not converge': 2, 'transition would overlap an adjacent corner window': 12}",0.00502062,fixed,0.05,,0,40,Smac2D,1965a41fa15696aeb49a2166c2d0c6c449b4d835e335955b70c1665f16d27353,153,924333f82638503e76abcc8fb8bd33de97f7a3a14c6c75df1c16cee7538821f1,0,2,cross_aisle_transfer,True,3.570938151504144,2.2988253185315153,7.578928626257511,1,0.012522103999799583
0.015000000000000001,5.780447202284832,0.08685081539459134,0.03332002308289338,,0.3595242073402786,0.17079994476667312,0.17079994476667312,0,467,,,,,,,,,,,,,8.118120879015926,pivot_g2,0.05,458,a3820df381b0def324913dc48b929ff0fdd9660818e3963fb4e477bb74005a80,7.571563403984391,128,96,"[[-2, -2.8], [-1.66776, -1.1], [0.15, 0.714641], [1.24972, 0.828039], [1.58149, 1.01138], [1.77489, 1.40008], [1.81324, 2.3], [2, 2.8]]",137,0.075,0.0545996,0.15,0,8,0,7,"[{'index': 0, 'x': -1.66776, 'y': -1.1, 'turn_angle': -0.593256, 'incoming_length': 1.73216, 'outgoing_length': 2.5685, 'pivot_safe': True, 'pass_through': False, 'radius_min': 0.1, 'radius_max': 1.5, 'trim_min': 0.0305646, 'trim_max': 0.458469, 'evaluations': 20, 'safe_feasible': 18, 'states': 6, 'selected_radius': 1.5, 'selected_trim': 0.458469, 'selected_score': 0.389034}, {'index': 1, 'x': 0.15, 'y': 0.714641, 'turn_angle': -0.681787, 'incoming_length': 2.5685, 'outgoing_length': 1.10555, 'pivot_safe': True, 'pass_through': False, 'radius_min': 0.1, 'radius_max': 1.5, 'trim_min': 0.0354742, 'trim_max': 0.532114, 'evaluations': 20, 'safe_feasible': 18, 'states': 6, 'selected_radius': 1.5, 'selected_trim': 0.532114, 'selected_score': 0.339887}, {'index': 2, 'x': 1.24972, 'y': 0.828039, 'turn_angle': 0.402091, 'incoming_length': 1.10555, 'outgoing_length': 0.379058, 'pivot_safe': True, 'pass_through': False, 'radius_min': 0.1, 'radius_max': 1.5, 'trim_min': 0.0203799, 'trim_max': 0.305698, 'evaluations': 20, 'safe_feasible': 17, 'states': 6, 'selected_radius': 1.5, 'selected_trim': 0.305698, 'selected_score': 0.317086}, {'index': 3, 'x': 1.58149, 'y': 1.01138, 'turn_angle': 0.604256, 'incoming_length': 0.379058, 'outgoing_length': 0.434156, 'pivot_safe': True, 'pass_through': False, 'radius_min': 0.1, 'radius_max': 1.21622, 'trim_min': 0.0311669, 'trim_max': 0.379058, 'evaluations': 20, 'safe_feasible': 17, 'states': 6, 'selected_radius': 0, 'selected_trim': 0, 'selected_score': 0}, {'index': 4, 'x': 1.77489, 'y': 1.40008, 'turn_angle': 0.419112, 'incoming_length': 0.434156, 'outgoing_length': 0.900739, 'pivot_safe': True, 'pass_through': False, 'radius_min': 0.1, 'radius_max': 1.5, 'trim_min': 0.0212678, 'trim_max': 0.319018, 'evaluations': 20, 'safe_feasible': 17, 'states': 6, 'selected_radius': 1.5, 'selected_trim': 0.319018, 'selected_score': 0.333879}, {'index': 5, 'x': 1.81324, 'y': 2.3, 'turn_angle': -0.314889, 'incoming_length': 0.900739, 'outgoing_length': 0.533741, 'pivot_safe': True, 'pass_through': False, 'radius_min': 0.1, 'radius_max': 1.5, 'trim_min': 0.0158758, 'trim_max': 0.238138, 'evaluations': 20, 'safe_feasible': 17, 'states': 6, 'selected_radius': 1.5, 'selected_trim': 0.238138, 'selected_score': 0.230793}]",6,36,120,none,5,1,0.604256036712699,200,0.322135,458,0,1,"{'angular acceleration iteration did not converge': 7, 'transition requires a reversing inner wheel': 9}",0.0127089,adaptive,0.05,,0.604256036712699,104,Smac2D,1965a41fa15696aeb49a2166c2d0c6c449b4d835e335955b70c1665f16d27353,153,924333f82638503e76abcc8fb8bd33de97f7a3a14c6c75df1c16cee7538821f1,0,2,cross_aisle_transfer,True,1.706208733578352,0.7863447841057404,7.573597240366958,2,0.027858317000209354
0.006,3.725878374137315,0.022626850006984396,0.009491261857654334,,0.39653475385515286,0.18825146149581692,0.2146446641391273,0,270,3.57094,0,228,True,5.38296,214,True,simple_default,simple,3.72588,214,True,1.6212898514926752,adaptive_hybrid_fixed,0.05,137,170414f069671e12801b2d72e0b007bc063fce536f75e0ef4906e468ada36cf5,7.645022680702303,,,,,,,,,,,,,,,,,,0,0.0,,,,,,,,,,,0,,Smac2D,1965a41fa15696aeb49a2166c2d0c6c449b4d835e335955b70c1665f16d27353,154,924333f82638503e76abcc8fb8bd33de97f7a3a14c6c75df1c16cee7538821f1,0,2,cross_aisle_transfer,True,3.725878374137315,1.6212898514926752,7.645022680702303,1,0.009750440996867837
0.012,3.725878374137315,0.022626850006984396,0.009491261857654334,,0.39653475385515286,0.18825146149581692,0.2146446641391273,0,270,1.70621,1,228,True,5.38296,214,True,simple_default,simple,3.72588,214,True,1.6212898514926752,adaptive_hybrid,0.05,137,170414f069671e12801b2d72e0b007bc063fce536f75e0ef4906e468ada36cf5,7.645022680702303,,,,,,,,,,,,,,,,,,0,0.0,,,,,,,,,,,0,,Smac2D,1965a41fa15696aeb49a2166c2d0c6c449b4d835e335955b70c1665f16d27353,154,924333f82638503e76abcc8fb8bd33de97f7a3a14c6c75df1c16cee7538821f1,0,2,cross_aisle_transfer,True,3.725878374137315,1.6212898514926752,7.645022680702303,1,0.018189898000855464
0.003,5.382960041154793,2.220446049250313e-16,2.811774100958824e-17,,0.40067740171148347,0.2146446641391273,0.2146446641391273,0,271,,,,,,,,,,,,,2.2994143959643827,raw,0.05,137,924333f82638503e76abcc8fb8bd33de97f7a3a14c6c75df1c16cee7538821f1,7.699847697843823,,,,,,,,,,,,,,,,,,0,0.0,,,,,,,,,,,0,,Smac2D,1965a41fa15696aeb49a2166c2d0c6c449b4d835e335955b70c1665f16d27353,156,924333f82638503e76abcc8fb8bd33de97f7a3a14c6c75df1c16cee7538821f1,0,3,cross_aisle_transfer,True,5.382960041154793,2.2994143959643827,7.699847697843823,1,0.005536957000003895
0.0,3.725878374137315,0.022626850006984396,0.009491261857654334,,0.39653475385515286,0.18825146149581692,0.2146446641391273,0,270,,,,,,,,,,,,,1.6212898514926752,simple,0.05,137,170414f069671e12801b2d72e0b007bc063fce536f75e0ef4906e468ada36cf5,7.645022680702303,,,,,,,,,,,,,,,,,,0,0.0,,,,,,,,,,,0,,Smac2D,1965a41fa15696aeb49a2166c2d0c6c449b4d835e335955b70c1665f16d27353,154,924333f82638503e76abcc8fb8bd33de97f7a3a14c6c75df1c16cee7538821f1,0,3,cross_aisle_transfer,True,3.725878374137315,1.6212898514926752,7.645022680702303,1,0.006411728001694428
0.0,4.992219670791885,0.0019007577059559145,0.0004988688962147917,,0.4005023127086473,0.2146446641391273,0.2146446641391273,0,268,,,,,,,,,,,,,2.1526797285096095,savitzky_golay,0.05,137,85aa6ccf1eb08e5c20a53b20d5eb5c80d1e22ef813b37e56d13836142f6c2b75,7.698232058211287,,,,,,,,,,,,,,,,,,0,0.0,,,,,,,,,,,0,,Smac2D,1965a41fa15696aeb49a2166c2d0c6c449b4d835e335955b70c1665f16d27353,155,924333f82638503e76abcc8fb8bd33de97f7a3a14c6c75df1c16cee7538821f1,0,3,cross_aisle_transfer,True,4.992219670791885,2.1526797285096095,7.698232058211287,1,0.006185094000102254
0.009000000000000001,5.16017491541255,0.02527556034564643,0.006457423094968735,,0.40832071610454845,0.23390290478282266,0.246808153487125,0,260,,,,,,,,,,,,,2.0701086439644585,constrained,0.05,137,022102db12db5d4c0d5d7a2ca6ed9d33d555a00756c2c0ee1ef23d593f74e0ee,7.725689425465196,,,,,,,,,,,,,,,,,,0,0.0,,,,,,,,,,,0,,Smac2D,1965a41fa15696aeb49a2166c2d0c6c449b4d835e335955b70c1665f16d27353,156,924333f82638503e76abcc8fb8bd33de97f7a3a14c6c75df1c16cee7538821f1,0,3,cross_aisle_transfer,True,5.16017491541255,2.0701086439644585,7.725689425465196,1,0.012021819002256962
0.006,3.570938151504144,0.07396401469114995,0.031030339007776714,,0.36131628366998864,0.17079994476667312,0.17079994476667312,0,423,,,,,,,,,,,,,2.2988253185315153,pivot_g2_fixed,0.05,420,eb1966061fa15b21903da190db690e0a62e0ebfc511f355d269432af541c6597,7.578928626257511,0,29,"[[-2, -2.8], [-1.66776, -1.1], [0.15, 0.714641], [1.24972, 0.828039], [1.58149, 1.01138], [1.77489, 1.40008], [1.81324, 2.3], [2, 2.8]]",137,0.075,0.0545996,0.15,0,8,0,7,"[{'index': 0, 'x': -1.66776, 'y': -1.1, 'turn_angle': -0.593256, 'incoming_length': 1.73216, 'outgoing_length': 2.5685, 'pivot_safe': True, 'pass_through': False, 'radius_min': 0, 'radius_max': 0, 'trim_min': 0, 'trim_max': 0, 'evaluations': 9, 'safe_feasible': 9, 'states': 0, 'selected_radius': 1.5, 'selected_trim': 0.458469, 'selected_score': 0.85}, {'index': 1, 'x': 0.15, 'y': 0.714641, 'turn_angle': -0.681787, 'incoming_length': 2.5685, 'outgoing_length': 1.10555, 'pivot_safe': True, 'pass_through': False, 'radius_min': 0, 'radius_max': 0, 'trim_min': 0, 'trim_max': 0, 'evaluations': 9, 'safe_feasible': 7, 'states': 0, 'selected_radius': 1.25, 'selected_trim': 0.443428, 'selected_score': 0.85}, {'index': 2, 'x': 1.24972, 'y': 0.828039, 'turn_angle': 0.402091, 'incoming_length': 1.10555, 'outgoing_length': 0.379058, 'pivot_safe': True, 'pass_through': False, 'radius_min': 0, 'radius_max': 0, 'trim_min': 0, 'trim_max': 0, 'evaluations': 9, 'safe_feasible': 6, 'states': 0, 'selected_radius': 0.75, 'selected_trim': 0.152849, 'selected_score': 0.85}, {'index': 3, 'x': 1.58149, 'y': 1.01138, 'turn_angle': 0.604256, 'incoming_length': 0.379058, 'outgoing_length': 0.434156, 'pivot_safe': True, 'pass_through': False, 'radius_min': 0, 'radius_max': 0, 'trim_min': 0, 'trim_max': 0, 'evaluations': 9, 'safe_feasible': 4, 'states': 0, 'selected_radius': 0.5, 'selected_trim': 0.155835, 'selected_score': 0.779766}, {'index': 4, 'x': 1.77489, 'y': 1.40008, 'turn_angle': 0.419112, 'incoming_length': 0.434156, 'outgoing_length': 0.900739, 'pivot_safe': True, 'pass_through': False, 'radius_min': 0, 'radius_max': 0, 'trim_min': 0, 'trim_max': 0, 'evaluations': 9, 'safe_feasible': 6, 'states': 0, 'selected_radius': 0.75, 'selected_trim': 0.159509, 'selected_score': 0.85}, {'index': 5, 'x': 1.81324, 'y': 2.3, 'turn_angle': -0.314889, 'incoming_length': 0.900739, 'outgoing_length': 0.533741, 'pivot_safe': True, 'pass_through': False, 'radius_min': 0, 'radius_max': 0, 'trim_min': 0, 'trim_max': 0, 'evaluations': 9, 'safe_feasible': 8, 'states': 0, 'selected_radius': 1.5, 'selected_trim': 0.238138, 'selected_score': 1}]",6,0,54,none,6,0,0.0,200,0.863294,420,0,0,"{'angular acceleration iteration did not converge': 2, 'transition would overlap an adjacent corner window': 12}",0.00525649,fixed,0.05,,0,40,Smac2D,1965a41fa15696aeb49a2166c2d0c6c449b4d835e335955b70c1665f16d27353,153,924333f82638503e76abcc8fb8bd33de97f7a3a14c6c75df1c16cee7538821f1,0,3,cross_aisle_transfer,True,3.570938151504144,2.2988253185315153,7.578928626257511,1,0.013554499000747455
0.012,5.780447202284832,0.08685081539459134,0.03332002308289338,,0.3595242073402786,0.17079994476667312,0.17079994476667312,0,467,,,,,,,,,,,,,8.118120879015926,pivot_g2,0.05,458,a3820df381b0def324913dc48b929ff0fdd9660818e3963fb4e477bb74005a80,7.571563403984391,128,96,"[[-2, -2.8], [-1.66776, -1.1], [0.15, 0.714641], [1.24972, 0.828039], [1.58149, 1.01138], [1.77489, 1.40008], [1.81324, 2.3], [2, 2.8]]",137,0.075,0.0545996,0.15,0,8,0,7,"[{'index': 0, 'x': -1.66776, 'y': -1.1, 'turn_angle': -0.593256, 'incoming_length': 1.73216, 'outgoing_length': 2.5685, 'pivot_safe': True, 'pass_through': False, 'radius_min': 0.1, 'radius_max': 1.5, 'trim_min': 0.0305646, 'trim_max': 0.458469, 'evaluations': 20, 'safe_feasible': 18, 'states': 6, 'selected_radius': 1.5, 'selected_trim': 0.458469, 'selected_score': 0.389034}, {'index': 1, 'x': 0.15, 'y': 0.714641, 'turn_angle': -0.681787, 'incoming_length': 2.5685, 'outgoing_length': 1.10555, 'pivot_safe': True, 'pass_through': False, 'radius_min': 0.1, 'radius_max': 1.5, 'trim_min': 0.0354742, 'trim_max': 0.532114, 'evaluations': 20, 'safe_feasible': 18, 'states': 6, 'selected_radius': 1.5, 'selected_trim': 0.532114, 'selected_score': 0.339887}, {'index': 2, 'x': 1.24972, 'y': 0.828039, 'turn_angle': 0.402091, 'incoming_length': 1.10555, 'outgoing_length': 0.379058, 'pivot_safe': True, 'pass_through': False, 'radius_min': 0.1, 'radius_max': 1.5, 'trim_min': 0.0203799, 'trim_max': 0.305698, 'evaluations': 20, 'safe_feasible': 17, 'states': 6, 'selected_radius': 1.5, 'selected_trim': 0.305698, 'selected_score': 0.317086}, {'index': 3, 'x': 1.58149, 'y': 1.01138, 'turn_angle': 0.604256, 'incoming_length': 0.379058, 'outgoing_length': 0.434156, 'pivot_safe': True, 'pass_through': False, 'radius_min': 0.1, 'radius_max': 1.21622, 'trim_min': 0.0311669, 'trim_max': 0.379058, 'evaluations': 20, 'safe_feasible': 17, 'states': 6, 'selected_radius': 0, 'selected_trim': 0, 'selected_score': 0}, {'index': 4, 'x': 1.77489, 'y': 1.40008, 'turn_angle': 0.419112, 'incoming_length': 0.434156, 'outgoing_length': 0.900739, 'pivot_safe': True, 'pass_through': False, 'radius_min': 0.1, 'radius_max': 1.5, 'trim_min': 0.0212678, 'trim_max': 0.319018, 'evaluations': 20, 'safe_feasible': 17, 'states': 6, 'selected_radius': 1.5, 'selected_trim': 0.319018, 'selected_score': 0.333879}, {'index': 5, 'x': 1.81324, 'y': 2.3, 'turn_angle': -0.314889, 'incoming_length': 0.900739, 'outgoing_length': 0.533741, 'pivot_safe': True, 'pass_through': False, 'radius_min': 0.1, 'radius_max': 1.5, 'trim_min': 0.0158758, 'trim_max': 0.238138, 'evaluations': 20, 'safe_feasible': 17, 'states': 6, 'selected_radius': 1.5, 'selected_trim': 0.238138, 'selected_score': 0.230793}]",6,36,120,none,5,1,0.604256036712699,200,0.322135,458,0,1,"{'angular acceleration iteration did not converge': 7, 'transition requires a reversing inner wheel': 9}",0.0116155,adaptive,0.05,,0.604256036712699,104,Smac2D,1965a41fa15696aeb49a2166c2d0c6c449b4d835e335955b70c1665f16d27353,153,924333f82638503e76abcc8fb8bd33de97f7a3a14c6c75df1c16cee7538821f1,0,3,cross_aisle_transfer,True,1.706208733578352,0.7863447841057404,7.573597240366958,2,0.01937928899860708
0.006,3.725878374137315,0.022626850006984396,0.009491261857654334,,0.39653475385515286,0.18825146149581692,0.2146446641391273,0,270,3.57094,0,228,True,5.38296,214,True,simple_default,simple,3.72588,214,True,1.6212898514926752,adaptive_hybrid_fixed,0.05,137,170414f069671e12801b2d72e0b007bc063fce536f75e0ef4906e468ada36cf5,7.645022680702303,,,,,,,,,,,,,,,,,,0,0.0,,,,,,,,,,,0,,Smac2D,1965a41fa15696aeb49a2166c2d0c6c449b4d835e335955b70c1665f16d27353,154,924333f82638503e76abcc8fb8bd33de97f7a3a14c6c75df1c16cee7538821f1,0,3,cross_aisle_transfer,True,3.725878374137315,1.6212898514926752,7.645022680702303,1,0.009379969000292476
0.015000000000000001,3.725878374137315,0.022626850006984396,0.009491261857654334,,0.39653475385515286,0.18825146149581692,0.2146446641391273,0,270,1.70621,1,228,True,5.38296,214,True,simple_default,simple,3.72588,214,True,1.6212898514926752,adaptive_hybrid,0.05,137,170414f069671e12801b2d72e0b007bc063fce536f75e0ef4906e468ada36cf5,7.645022680702303,,,,,,,,,,,,,,,,,,0,0.0,,,,,,,,,,,0,,Smac2D,1965a41fa15696aeb49a2166c2d0c6c449b4d835e335955b70c1665f16d27353,154,924333f82638503e76abcc8fb8bd33de97f7a3a14c6c75df1c16cee7538821f1,0,3,cross_aisle_transfer,True,3.725878374137315,1.6212898514926752,7.645022680702303,1,0.016555319998587947
0.003,6.8824570969593056e-12,1.3877787807814457e-17,1.3843222904943368e-18,,1.1240591582355401,0.6646446708446498,0.8796446740483995,0,227,,,,,,,,,,,,,9.146706475701001e-06,raw,0.05,114,977b019eae7901e08238858c5575d34730fbeaa009bcb721509f4be742a93d05,9.999999985098858,,,,,,,,,,,,,,,,,,0,0.0,,,,,,,,,,,0,,SmacHybrid,2d41f3974bd1a4921c9436968384fab843647d28de175ead1304dfa0d664bd36,201,977b019eae7901e08238858c5575d34730fbeaa009bcb721509f4be742a93d05,0,1,central_cross_west_east,True,6.8824570969593056e-12,9.146706475701001e-06,9.999999985098858,1,0.004641740000806749
0.0,1.3737717651229026e-13,3.634788641346688e-08,4.236175364172373e-09,,1.123864254619871,0.6646446708446498,0.8796446740483995,0,227,,,,,,,,,,,,,1.0016204015677417e-06,simple,0.05,114,3f3f90279db72537245d5c93ffda8ff998642559e564aceec386f1bf4cf394f2,9.999999985098844,,,,,,,,,,,,,,,,,,0,0.0,,,,,,,,,,,0,,SmacHybrid,2d41f3974bd1a4921c9436968384fab843647d28de175ead1304dfa0d664bd36,201,977b019eae7901e08238858c5575d34730fbeaa009bcb721509f4be742a93d05,0,1,central_cross_west_east,True,1.3737717651229026e-13,1.0016204015677417e-06,9.999999985098844,1,0.005972047001705505
0.003,8.988428027035312e-13,2.0414916622287228e-08,2.0658351727402043e-09,,1.1224317867930818,0.6646446708446498,0.8646446738248821,0,228,,,,,,,,,,,,,2.5609013975277674e-06,savitzky_golay,0.05,114,832a3713a7062bc316433fb1632177017423e2e7e42a6b637c5873ac6c5b2d55,9.99999998509885,,,,,,,,,,,,,,,,,,0,0.0,,,,,,,,,,,0,,SmacHybrid,2d41f3974bd1a4921c9436968384fab843647d28de175ead1304dfa0d664bd36,201,977b019eae7901e08238858c5575d34730fbeaa009bcb721509f4be742a93d05,0,1,central_cross_west_east,True,8.988428027035312e-13,2.5609013975277674e-06,9.99999998509885,1,0.006164581998746144
0.0,6.8824570969593056e-12,1.3877787807814457e-17,1.3843222904943368e-18,,1.1240591582355401,0.6646446708446498,0.8796446740483995,0,227,,,,,,,,,,,,,9.146706475701001e-06,constrained,0.05,114,977b019eae7901e08238858c5575d34730fbeaa009bcb721509f4be742a93d05,9.999999985098858,,,,,,,,,,,,,,,,,,0,0.0,,,,,,,,,,,0,,SmacHybrid,2d41f3974bd1a4921c9436968384fab843647d28de175ead1304dfa0d664bd36,201,977b019eae7901e08238858c5575d34730fbeaa009bcb721509f4be742a93d05,0,1,central_cross_west_east,True,6.8824570969593056e-12,9.146706475701001e-06,9.999999985098858,1,0.005891725999390474
0.003,1.0729426444731802e-40,5.9008598415566414e-08,3.406408949849197e-08,,1.1229179432427832,0.6646446708446498,0.9146446745699401,0,201,,,,,,,,,,,,,1.0081263715489865e-20,pivot_g2_fixed,0.05,201,05478e9a5670183473e59d2ecd73cb6c971e74a9da875726411f510df3f04611,9.999999985098839,0,0,"[[-5, 5.96046e-08], [5, 0]]",114,0.075,5.91739e-08,0.15,0,2,0,1,[],0,0,0,none,0,0,0.0,200,0,201,0,0,{},0.000191576,fixed,0.05,,0,0,SmacHybrid,2d41f3974bd1a4921c9436968384fab843647d28de175ead1304dfa0d664bd36,201,977b019eae7901e08238858c5575d34730fbeaa009bcb721509f4be742a93d05,0,1,central_cross_west_east,True,1.0729426444731802e-40,1.0081263715489865e-20,9.999999985098839,1,0.00794108599802712
0.003,1.0729426444731802e-40,5.9008598415566414e-08,3.406408949849197e-08,,1.1229179432427832,0.6646446708446498,0.9146446745699401,0,201,,,,,,,,,,,,,1.0081263715489865e-20,pivot_g2,0.05,201,05478e9a5670183473e59d2ecd73cb6c971e74a9da875726411f510df3f04611,9.999999985098839,0,0,"[[-5, 5.96046e-08], [5, 0]]",114,0.075,5.91739e-08,0.15,0,2,0,1,[],0,0,0,none,0,0,0.0,200,0,201,0,0,{},0.000282982,adaptive,0.05,,0,0,SmacHybrid,2d41f3974bd1a4921c9436968384fab843647d28de175ead1304dfa0d664bd36,201,977b019eae7901e08238858c5575d34730fbeaa009bcb721509f4be742a93d05,0,1,central_cross_west_east,True,1.0729426444731802e-40,1.0081263715489865e-20,9.999999985098839,1,0.007504756998969242
0.0,1.3737717651229026e-13,3.634788641346688e-08,4.236175364172373e-09,,1.123864254619871,0.6646446708446498,0.8796446740483995,0,227,1.07294e-40,0,0,True,6.88246e-12,0,True,simple_default,simple,1.37377e-13,0,True,1.0016204015677417e-06,adaptive_hybrid_fixed,0.05,114,3f3f90279db72537245d5c93ffda8ff998642559e564aceec386f1bf4cf394f2,9.999999985098844,,,,,,,,,,,,,,,,,,0,0.0,,,,,,,,,,,0,,SmacHybrid,2d41f3974bd1a4921c9436968384fab843647d28de175ead1304dfa0d664bd36,201,977b019eae7901e08238858c5575d34730fbeaa009bcb721509f4be742a93d05,0,1,central_cross_west_east,True,1.3737717651229026e-13,1.0016204015677417e-06,9.999999985098844,1,0.00877914499869803
0.0,1.3737717651229026e-13,3.634788641346688e-08,4.236175364172373e-09,,1.123864254619871,0.6646446708446498,0.8796446740483995,0,227,1.07294e-40,0,0,True,6.88246e-12,0,True,simple_default,simple,1.37377e-13,0,True,1.0016204015677417e-06,adaptive_hybrid,0.05,114,3f3f90279db72537245d5c93ffda8ff998642559e564aceec386f1bf4cf394f2,9.999999985098844,,,,,,,,,,,,,,,,,,0,0.0,,,,,,,,,,,0,,SmacHybrid,2d41f3974bd1a4921c9436968384fab843647d28de175ead1304dfa0d664bd36,201,977b019eae7901e08238858c5575d34730fbeaa009bcb721509f4be742a93d05,0,1,central_cross_west_east,True,1.3737717651229026e-13,1.0016204015677417e-06,9.999999985098844,1,0.00635536999834585
0.003,6.8824570969593056e-12,1.3877787807814457e-17,1.3843222904943368e-18,,1.1240591582355401,0.6646446708446498,0.8796446740483995,0,227,,,,,,,,,,,,,9.146706475701001e-06,raw,0.05,114,977b019eae7901e08238858c5575d34730fbeaa009bcb721509f4be742a93d05,9.999999985098858,,,,,,,,,,,,,,,,,,0,0.0,,,,,,,,,,,0,,SmacHybrid,2d41f3974bd1a4921c9436968384fab843647d28de175ead1304dfa0d664bd36,201,977b019eae7901e08238858c5575d34730fbeaa009bcb721509f4be742a93d05,0,2,central_cross_west_east,True,6.8824570969593056e-12,9.146706475701001e-06,9.999999985098858,1,0.0046275779968709685
0.0,1.3737717651229026e-13,3.634788641346688e-08,4.236175364172373e-09,,1.123864254619871,0.6646446708446498,0.8796446740483995,0,227,,,,,,,,,,,,,1.0016204015677417e-06,simple,0.05,114,3f3f90279db72537245d5c93ffda8ff998642559e564aceec386f1bf4cf394f2,9.999999985098844,,,,,,,,,,,,,,,,,,0,0.0,,,,,,,,,,,0,,SmacHybrid,2d41f3974bd1a4921c9436968384fab843647d28de175ead1304dfa0d664bd36,201,977b019eae7901e08238858c5575d34730fbeaa009bcb721509f4be742a93d05,0,2,central_cross_west_east,True,1.3737717651229026e-13,1.0016204015677417e-06,9.999999985098844,1,0.00703883899768698
0.0,8.988428027035312e-13,2.0414916622287228e-08,2.0658351727402043e-09,,1.1224317867930818,0.6646446708446498,0.8646446738248821,0,228,,,,,,,,,,,,,2.5609013975277674e-06,savitzky_golay,0.05,114,832a3713a7062bc316433fb1632177017423e2e7e42a6b637c5873ac6c5b2d55,9.99999998509885,,,,,,,,,,,,,,,,,,0,0.0,,,,,,,,,,,0,,SmacHybrid,2d41f3974bd1a4921c9436968384fab843647d28de175ead1304dfa0d664bd36,201,977b019eae7901e08238858c5575d34730fbeaa009bcb721509f4be742a93d05,0,2,central_cross_west_east,True,8.988428027035312e-13,2.5609013975277674e-06,9.99999998509885,1,0.006703227998514194
0.0,6.8824570969593056e-12,1.3877787807814457e-17,1.3843222904943368e-18,,1.1240591582355401,0.6646446708446498,0.8796446740483995,0,227,,,,,,,,,,,,,9.146706475701001e-06,constrained,0.05,114,977b019eae7901e08238858c5575d34730fbeaa009bcb721509f4be742a93d05,9.999999985098858,,,,,,,,,,,,,,,,,,0,0.0,,,,,,,,,,,0,,SmacHybrid,2d41f3974bd1a4921c9436968384fab843647d28de175ead1304dfa0d664bd36,201,977b019eae7901e08238858c5575d34730fbeaa009bcb721509f4be742a93d05,0,2,central_cross_west_east,True,6.8824570969593056e-12,9.146706475701001e-06,9.999999985098858,1,0.0060826049993920606
0.003,1.0729426444731802e-40,5.9008598415566414e-08,3.406408949849197e-08,,1.1229179432427832,0.6646446708446498,0.9146446745699401,0,201,,,,,,,,,,,,,1.0081263715489865e-20,pivot_g2_fixed,0.05,201,05478e9a5670183473e59d2ecd73cb6c971e74a9da875726411f510df3f04611,9.999999985098839,0,0,"[[-5, 5.96046e-08], [5, 0]]",114,0.075,5.91739e-08,0.15,0,2,0,1,[],0,0,0,none,0,0,0.0,200,0,201,0,0,{},0.000231552,fixed,0.05,,0,0,SmacHybrid,2d41f3974bd1a4921c9436968384fab843647d28de175ead1304dfa0d664bd36,201,977b019eae7901e08238858c5575d34730fbeaa009bcb721509f4be742a93d05,0,2,central_cross_west_east,True,1.0729426444731802e-40,1.0081263715489865e-20,9.999999985098839,1,0.007355023997661192
0.0,1.0729426444731802e-40,5.9008598415566414e-08,3.406408949849197e-08,,1.1229179432427832,0.6646446708446498,0.9146446745699401,0,201,,,,,,,,,,,,,1.0081263715489865e-20,pivot_g2,0.05,201,05478e9a5670183473e59d2ecd73cb6c971e74a9da875726411f510df3f04611,9.999999985098839,0,0,"[[-5, 5.96046e-08], [5, 0]]",114,0.075,5.91739e-08,0.15,0,2,0,1,[],0,0,0,none,0,0,0.0,200,0,201,0,0,{},0.000260032,adaptive,0.05,,0,0,SmacHybrid,2d41f3974bd1a4921c9436968384fab843647d28de175ead1304dfa0d664bd36,201,977b019eae7901e08238858c5575d34730fbeaa009bcb721509f4be742a93d05,0,2,central_cross_west_east,True,1.0729426444731802e-40,1.0081263715489865e-20,9.999999985098839,1,0.007261726001161151
0.0,1.3737717651229026e-13,3.634788641346688e-08,4.236175364172373e-09,,1.123864254619871,0.6646446708446498,0.8796446740483995,0,227,1.07294e-40,0,0,True,6.88246e-12,0,True,simple_default,simple,1.37377e-13,0,True,1.0016204015677417e-06,adaptive_hybrid_fixed,0.05,114,3f3f90279db72537245d5c93ffda8ff998642559e564aceec386f1bf4cf394f2,9.999999985098844,,,,,,,,,,,,,,,,,,0,0.0,,,,,,,,,,,0,,SmacHybrid,2d41f3974bd1a4921c9436968384fab843647d28de175ead1304dfa0d664bd36,201,977b019eae7901e08238858c5575d34730fbeaa009bcb721509f4be742a93d05,0,2,central_cross_west_east,True,1.3737717651229026e-13,1.0016204015677417e-06,9.999999985098844,1,0.006579040000360692
0.003,1.3737717651229026e-13,3.634788641346688e-08,4.236175364172373e-09,,1.123864254619871,0.6646446708446498,0.8796446740483995,0,227,1.07294e-40,0,0,True,6.88246e-12,0,True,simple_default,simple,1.37377e-13,0,True,1.0016204015677417e-06,adaptive_hybrid,0.05,114,3f3f90279db72537245d5c93ffda8ff998642559e564aceec386f1bf4cf394f2,9.999999985098844,,,,,,,,,,,,,,,,,,0,0.0,,,,,,,,,,,0,,SmacHybrid,2d41f3974bd1a4921c9436968384fab843647d28de175ead1304dfa0d664bd36,201,977b019eae7901e08238858c5575d34730fbeaa009bcb721509f4be742a93d05,0,2,central_cross_west_east,True,1.3737717651229026e-13,1.0016204015677417e-06,9.999999985098844,1,0.006402989998605335
0.003,6.8824570969593056e-12,1.3877787807814457e-17,1.3843222904943368e-18,,1.1240591582355401,0.6646446708446498,0.8796446740483995,0,227,,,,,,,,,,,,,9.146706475701001e-06,raw,0.05,114,977b019eae7901e08238858c5575d34730fbeaa009bcb721509f4be742a93d05,9.999999985098858,,,,,,,,,,,,,,,,,,0,0.0,,,,,,,,,,,0,,SmacHybrid,2d41f3974bd1a4921c9436968384fab843647d28de175ead1304dfa0d664bd36,201,977b019eae7901e08238858c5575d34730fbeaa009bcb721509f4be742a93d05,0,3,central_cross_west_east,True,6.8824570969593056e-12,9.146706475701001e-06,9.999999985098858,1,0.0036961689984309487
0.0,1.3737717651229026e-13,3.634788641346688e-08,4.236175364172373e-09,,1.123864254619871,0.6646446708446498,0.8796446740483995,0,227,,,,,,,,,,,,,1.0016204015677417e-06,simple,0.05,114,3f3f90279db72537245d5c93ffda8ff998642559e564aceec386f1bf4cf394f2,9.999999985098844,,,,,,,,,,,,,,,,,,0,0.0,,,,,,,,,,,0,,SmacHybrid,2d41f3974bd1a4921c9436968384fab843647d28de175ead1304dfa0d664bd36,201,977b019eae7901e08238858c5575d34730fbeaa009bcb721509f4be742a93d05,0,3,central_cross_west_east,True,1.3737717651229026e-13,1.0016204015677417e-06,9.999999985098844,1,0.006661660998361185
0.0,8.988428027035312e-13,2.0414916622287228e-08,2.0658351727402043e-09,,1.1224317867930818,0.6646446708446498,0.8646446738248821,0,228,,,,,,,,,,,,,2.5609013975277674e-06,savitzky_golay,0.05,114,832a3713a7062bc316433fb1632177017423e2e7e42a6b637c5873ac6c5b2d55,9.99999998509885,,,,,,,,,,,,,,,,,,0,0.0,,,,,,,,,,,0,,SmacHybrid,2d41f3974bd1a4921c9436968384fab843647d28de175ead1304dfa0d664bd36,201,977b019eae7901e08238858c5575d34730fbeaa009bcb721509f4be742a93d05,0,3,central_cross_west_east,True,8.988428027035312e-13,2.5609013975277674e-06,9.99999998509885,1,0.005940137998550199
0.0,6.8824570969593056e-12,1.3877787807814457e-17,1.3843222904943368e-18,,1.1240591582355401,0.6646446708446498,0.8796446740483995,0,227,,,,,,,,,,,,,9.146706475701001e-06,constrained,0.05,114,977b019eae7901e08238858c5575d34730fbeaa009bcb721509f4be742a93d05,9.999999985098858,,,,,,,,,,,,,,,,,,0,0.0,,,,,,,,,,,0,,SmacHybrid,2d41f3974bd1a4921c9436968384fab843647d28de175ead1304dfa0d664bd36,201,977b019eae7901e08238858c5575d34730fbeaa009bcb721509f4be742a93d05,0,3,central_cross_west_east,True,6.8824570969593056e-12,9.146706475701001e-06,9.999999985098858,1,0.006185895999806235
0.0,1.0729426444731802e-40,5.9008598415566414e-08,3.406408949849197e-08,,1.1229179432427832,0.6646446708446498,0.9146446745699401,0,201,,,,,,,,,,,,,1.0081263715489865e-20,pivot_g2_fixed,0.05,201,05478e9a5670183473e59d2ecd73cb6c971e74a9da875726411f510df3f04611,9.999999985098839,0,0,"[[-5, 5.96046e-08], [5, 0]]",114,0.075,5.91739e-08,0.15,0,2,0,1,[],0,0,0,none,0,0,0.0,200,0,201,0,0,{},0.000256364,fixed,0.05,,0,0,SmacHybrid,2d41f3974bd1a4921c9436968384fab843647d28de175ead1304dfa0d664bd36,201,977b019eae7901e08238858c5575d34730fbeaa009bcb721509f4be742a93d05,0,3,central_cross_west_east,True,1.0729426444731802e-40,1.0081263715489865e-20,9.999999985098839,1,0.007068266000715084
0.0,1.0729426444731802e-40,5.9008598415566414e-08,3.406408949849197e-08,,1.1229179432427832,0.6646446708446498,0.9146446745699401,0,201,,,,,,,,,,,,,1.0081263715489865e-20,pivot_g2,0.05,201,05478e9a5670183473e59d2ecd73cb6c971e74a9da875726411f510df3f04611,9.999999985098839,0,0,"[[-5, 5.96046e-08], [5, 0]]",114,0.075,5.91739e-08,0.15,0,2,0,1,[],0,0,0,none,0,0,0.0,200,0,201,0,0,{},0.00026582,adaptive,0.05,,0,0,SmacHybrid,2d41f3974bd1a4921c9436968384fab843647d28de175ead1304dfa0d664bd36,201,977b019eae7901e08238858c5575d34730fbeaa009bcb721509f4be742a93d05,0,3,central_cross_west_east,True,1.0729426444731802e-40,1.0081263715489865e-20,9.999999985098839,1,0.008876379997673212
0.003,1.3737717651229026e-13,3.634788641346688e-08,4.236175364172373e-09,,1.123864254619871,0.6646446708446498,0.8796446740483995,0,227,1.07294e-40,0,0,True,6.88246e-12,0,True,simple_default,simple,1.37377e-13,0,True,1.0016204015677417e-06,adaptive_hybrid_fixed,0.05,114,3f3f90279db72537245d5c93ffda8ff998642559e564aceec386f1bf4cf394f2,9.999999985098844,,,,,,,,,,,,,,,,,,0,0.0,,,,,,,,,,,0,,SmacHybrid,2d41f3974bd1a4921c9436968384fab843647d28de175ead1304dfa0d664bd36,201,977b019eae7901e08238858c5575d34730fbeaa009bcb721509f4be742a93d05,0,3,central_cross_west_east,True,1.3737717651229026e-13,1.0016204015677417e-06,9.999999985098844,1,0.00666606800223235
0.0,1.3737717651229026e-13,3.634788641346688e-08,4.236175364172373e-09,,1.123864254619871,0.6646446708446498,0.8796446740483995,0,227,1.07294e-40,0,0,True,6.88246e-12,0,True,simple_default,simple,1.37377e-13,0,True,1.0016204015677417e-06,adaptive_hybrid,0.05,114,3f3f90279db72537245d5c93ffda8ff998642559e564aceec386f1bf4cf394f2,9.999999985098844,,,,,,,,,,,,,,,,,,0,0.0,,,,,,,,,,,0,,SmacHybrid,2d41f3974bd1a4921c9436968384fab843647d28de175ead1304dfa0d664bd36,201,977b019eae7901e08238858c5575d34730fbeaa009bcb721509f4be742a93d05,0,3,central_cross_west_east,True,1.3737717651229026e-13,1.0016204015677417e-06,9.999999985098844,1,0.0065235370020673145
0.003,6.635458293785731e-12,2.3161057151484775e-22,2.1463182400226566e-23,,1.1225569786454743,0.6646446708446498,0.8796446740483995,0,227,,,,,,,,,,,,,8.669420920185042e-06,raw,0.05,114,31c18c61e6cf9138534657ef2bd9e2c8f4d1cbce235778af3c416371a061d55a,10.000000163912793,,,,,,,,,,,,,,,,,,0,0.0,,,,,,,,,,,0,,SmacHybrid,d937a1114525f6aa0970622d32be387b8be99f90af9af26ad94571fb3e2914e6,202,31c18c61e6cf9138534657ef2bd9e2c8f4d1cbce235778af3c416371a061d55a,0,1,central_cross_east_west,True,6.635458293785731e-12,8.669420920185042e-06,10.000000163912793,1,0.0043055259993707296
0.0,1.3485843954950607e-13,3.663764498874754e-08,4.256255824358408e-09,,1.1241216558522449,0.6646446708446498,0.9146446745699401,0,227,,,,,,,,,,,,,1.0341143719218038e-06,simple,0.05,114,a1a515a571fbde08050f1258fe7b77e4b4c70f35c272729560e87e537aa4f9d7,10.000000163912778,,,,,,,,,,,,,,,,,,0,0.0,,,,,,,,,,,0,,SmacHybrid,d937a1114525f6aa0970622d32be387b8be99f90af9af26ad94571fb3e2914e6,202,31c18c61e6cf9138534657ef2bd9e2c8f4d1cbce235778af3c416371a061d55a,0,1,central_cross_east_west,True,1.3485843954950607e-13,1.0341143719218038e-06,10.000000163912778,1,0.006227106998267118
0.003,8.439460180528404e-13,2.0821031606003308e-08,2.0781863629580435e-09,,1.1222227094747692,0.6646446708446498,0.8646446738248821,0,228,,,,,,,,,,,,,2.459530502334357e-06,savitzky_golay,0.05,114,bd3ca02a200b484717838a7509140c4f3556219bc235ee8ef2f11741ffcdfa25,10.000000163912784,,,,,,,,,,,,,,,,,,0,0.0,,,,,,,,,,,0,,SmacHybrid,d937a1114525f6aa0970622d32be387b8be99f90af9af26ad94571fb3e2914e6,202,31c18c61e6cf9138534657ef2bd9e2c8f4d1cbce235778af3c416371a061d55a,0,1,central_cross_east_west,True,8.439460180528404e-13,2.459530502334357e-06,10.000000163912784,1,0.0064682209995226
0.0,6.635458293785731e-12,2.3161057151484775e-22,2.1463182400226566e-23,,1.1242384717594833,0.6646446708446498,0.9146446745699401,0,227,,,,,,,,,,,,,8.669420920185042e-06,constrained,0.05,114,31c18c61e6cf9138534657ef2bd9e2c8f4d1cbce235778af3c416371a061d55a,10.000000163912793,,,,,,,,,,,,,,,,,,0,0.0,,,,,,,,,,,0,,SmacHybrid,d937a1114525f6aa0970622d32be387b8be99f90af9af26ad94571fb3e2914e6,202,31c18c61e6cf9138534657ef2bd9e2c8f4d1cbce235778af3c416371a061d55a,0,1,central_cross_east_west,True,6.635458293785731e-12,8.669420920185042e-06,10.000000163912793,1,0.00583748399731121
0.0,6.683809438174594e-41,5.900859736041047e-08,3.397613511932926e-08,,1.1233918063925625,0.6646446708446498,0.9146446745699401,0,202,,,,,,,,,,,,,5.790264287871102e-21,pivot_g2_fixed,0.05,202,4577a5a699960a46b81f878a24e961d21b94d46f2b1b68251b58410254ab77b0,10.000000163912773,0,0,"[[5, 5.96046e-08], [-5, 0]]",114,0.075,5.91675e-08,0.15,0,2,0,1,[],0,0,0,none,0,0,0.0,200,0,202,0,0,{},0.000215013,fixed,0.05,,0,0,SmacHybrid,d937a1114525f6aa0970622d32be387b8be99f90af9af26ad94571fb3e2914e6,202,31c18c61e6cf9138534657ef2bd9e2c8f4d1cbce235778af3c416371a061d55a,0,1,central_cross_east_west,True,6.683809438174594e-41,5.790264287871102e-21,10.000000163912773,1,0.008168747001036536
0.0,6.683809438174594e-41,5.900859736041047e-08,3.397613511932926e-08,,1.1233918063925625,0.6646446708446498,0.9146446745699401,0,202,,,,,,,,,,,,,5.790264287871102e-21,pivot_g2,0.05,202,4577a5a699960a46b81f878a24e961d21b94d46f2b1b68251b58410254ab77b0,10.000000163912773,0,0,"[[5, 5.96046e-08], [-5, 0]]",114,0.075,5.91675e-08,0.15,0,2,0,1,[],0,0,0,none,0,0,0.0,200,0,202,0,0,{},0.000189068,adaptive,0.05,,0,0,SmacHybrid,d937a1114525f6aa0970622d32be387b8be99f90af9af26ad94571fb3e2914e6,202,31c18c61e6cf9138534657ef2bd9e2c8f4d1cbce235778af3c416371a061d55a,0,1,central_cross_east_west,True,6.683809438174594e-41,5.790264287871102e-21,10.000000163912773,1,0.00838796099924366
0.0,1.3485843954950607e-13,3.663764498874754e-08,4.256255824358408e-09,,1.1241216558522449,0.6646446708446498,0.9146446745699401,0,227,6.68381e-41,0,0,True,6.63546e-12,0,True,simple_default,simple,1.34858e-13,0,True,1.0341143719218038e-06,adaptive_hybrid_fixed,0.05,114,a1a515a571fbde08050f1258fe7b77e4b4c70f35c272729560e87e537aa4f9d7,10.000000163912778,,,,,,,,,,,,,,,,,,0,0.0,,,,,,,,,,,0,,SmacHybrid,d937a1114525f6aa0970622d32be387b8be99f90af9af26ad94571fb3e2914e6,202,31c18c61e6cf9138534657ef2bd9e2c8f4d1cbce235778af3c416371a061d55a,0,1,central_cross_east_west,True,1.3485843954950607e-13,1.0341143719218038e-06,10.000000163912778,1,0.0062667009988217615
0.0,1.3485843954950607e-13,3.663764498874754e-08,4.256255824358408e-09,,1.1241216558522449,0.6646446708446498,0.9146446745699401,0,227,6.68381e-41,0,0,True,6.63546e-12,0,True,simple_default,simple,1.34858e-13,0,True,1.0341143719218038e-06,adaptive_hybrid,0.05,114,a1a515a571fbde08050f1258fe7b77e4b4c70f35c272729560e87e537aa4f9d7,10.000000163912778,,,,,,,,,,,,,,,,,,0,0.0,,,,,,,,,,,0,,SmacHybrid,d937a1114525f6aa0970622d32be387b8be99f90af9af26ad94571fb3e2914e6,202,31c18c61e6cf9138534657ef2bd9e2c8f4d1cbce235778af3c416371a061d55a,0,1,central_cross_east_west,True,1.3485843954950607e-13,1.0341143719218038e-06,10.000000163912778,1,0.006855331001133891
0.003,6.635458293785731e-12,2.3161057151484775e-22,2.1463182400226566e-23,,1.1225569786454743,0.6646446708446498,0.8796446740483995,0,227,,,,,,,,,,,,,8.669420920185042e-06,raw,0.05,114,31c18c61e6cf9138534657ef2bd9e2c8f4d1cbce235778af3c416371a061d55a,10.000000163912793,,,,,,,,,,,,,,,,,,0,0.0,,,,,,,,,,,0,,SmacHybrid,d937a1114525f6aa0970622d32be387b8be99f90af9af26ad94571fb3e2914e6,202,31c18c61e6cf9138534657ef2bd9e2c8f4d1cbce235778af3c416371a061d55a,0,2,central_cross_east_west,True,6.635458293785731e-12,8.669420920185042e-06,10.000000163912793,1,0.0037005550002504606
0.0,1.3485843954950607e-13,3.663764498874754e-08,4.256255824358408e-09,,1.1241216558522449,0.6646446708446498,0.9146446745699401,0,227,,,,,,,,,,,,,1.0341143719218038e-06,simple,0.05,114,a1a515a571fbde08050f1258fe7b77e4b4c70f35c272729560e87e537aa4f9d7,10.000000163912778,,,,,,,,,,,,,,,,,,0,0.0,,,,,,,,,,,0,,SmacHybrid,d937a1114525f6aa0970622d32be387b8be99f90af9af26ad94571fb3e2914e6,202,31c18c61e6cf9138534657ef2bd9e2c8f4d1cbce235778af3c416371a061d55a,0,2,central_cross_east_west,True,1.3485843954950607e-13,1.0341143719218038e-06,10.000000163912778,1,0.0060811930015916005
0.0,8.439460180528404e-13,2.0821031606003308e-08,2.0781863629580435e-09,,1.1222227094747692,0.6646446708446498,0.8646446738248821,0,228,,,,,,,,,,,,,2.459530502334357e-06,savitzky_golay,0.05,114,bd3ca02a200b484717838a7509140c4f3556219bc235ee8ef2f11741ffcdfa25,10.000000163912784,,,,,,,,,,,,,,,,,,0,0.0,,,,,,,,,,,0,,SmacHybrid,d937a1114525f6aa0970622d32be387b8be99f90af9af26ad94571fb3e2914e6,202,31c18c61e6cf9138534657ef2bd9e2c8f4d1cbce235778af3c416371a061d55a,0,2,central_cross_east_west,True,8.439460180528404e-13,2.459530502334357e-06,10.000000163912784,1,0.006044956997357076
0.0,6.635458293785731e-12,2.3161057151484775e-22,2.1463182400226566e-23,,1.1242384717594833,0.6646446708446498,0.9146446745699401,0,227,,,,,,,,,,,,,8.669420920185042e-06,constrained,0.05,114,31c18c61e6cf9138534657ef2bd9e2c8f4d1cbce235778af3c416371a061d55a,10.000000163912793,,,,,,,,,,,,,,,,,,0,0.0,,,,,,,,,,,0,,SmacHybrid,d937a1114525f6aa0970622d32be387b8be99f90af9af26ad94571fb3e2914e6,202,31c18c61e6cf9138534657ef2bd9e2c8f4d1cbce235778af3c416371a061d55a,0,2,central_cross_east_west,True,6.635458293785731e-12,8.669420920185042e-06,10.000000163912793,1,0.005826856002386194
0.0,6.683809438174594e-41,5.900859736041047e-08,3.397613511932926e-08,,1.1233918063925625,0.6646446708446498,0.9146446745699401,0,202,,,,,,,,,,,,,5.790264287871102e-21,pivot_g2_fixed,0.05,202,4577a5a699960a46b81f878a24e961d21b94d46f2b1b68251b58410254ab77b0,10.000000163912773,0,0,"[[5, 5.96046e-08], [-5, 0]]",114,0.075,5.91675e-08,0.15,0,2,0,1,[],0,0,0,none,0,0,0.0,200,0,202,0,0,{},0.00027353,fixed,0.05,,0,0,SmacHybrid,d937a1114525f6aa0970622d32be387b8be99f90af9af26ad94571fb3e2914e6,202,31c18c61e6cf9138534657ef2bd9e2c8f4d1cbce235778af3c416371a061d55a,0,2,central_cross_east_west,True,6.683809438174594e-41,5.790264287871102e-21,10.000000163912773,1,0.007338438001170289
0.0,6.683809438174594e-41,5.900859736041047e-08,3.397613511932926e-08,,1.1233918063925625,0.6646446708446498,0.9146446745699401,0,202,,,,,,,,,,,,,5.790264287871102e-21,pivot_g2,0.05,202,4577a5a699960a46b81f878a24e961d21b94d46f2b1b68251b58410254ab77b0,10.000000163912773,0,0,"[[5, 5.96046e-08], [-5, 0]]",114,0.075,5.91675e-08,0.15,0,2,0,1,[],0,0,0,none,0,0,0.0,200,0,202,0,0,{},0.000267298,adaptive,0.05,,0,0,SmacHybrid,d937a1114525f6aa0970622d32be387b8be99f90af9af26ad94571fb3e2914e6,202,31c18c61e6cf9138534657ef2bd9e2c8f4d1cbce235778af3c416371a061d55a,0,2,central_cross_east_west,True,6.683809438174594e-41,5.790264287871102e-21,10.000000163912773,1,0.00747276500260341
0.0,1.3485843954950607e-13,3.663764498874754e-08,4.256255824358408e-09,,1.1241216558522449,0.6646446708446498,0.9146446745699401,0,227,6.68381e-41,0,0,True,6.63546e-12,0,True,simple_default,simple,1.34858e-13,0,True,1.0341143719218038e-06,adaptive_hybrid_fixed,0.05,114,a1a515a571fbde08050f1258fe7b77e4b4c70f35c272729560e87e537aa4f9d7,10.000000163912778,,,,,,,,,,,,,,,,,,0,0.0,,,,,,,,,,,0,,SmacHybrid,d937a1114525f6aa0970622d32be387b8be99f90af9af26ad94571fb3e2914e6,202,31c18c61e6cf9138534657ef2bd9e2c8f4d1cbce235778af3c416371a061d55a,0,2,central_cross_east_west,True,1.3485843954950607e-13,1.0341143719218038e-06,10.000000163912778,1,0.006949119000637438
0.0,1.3485843954950607e-13,3.663764498874754e-08,4.256255824358408e-09,,1.1241216558522449,0.6646446708446498,0.9146446745699401,0,227,6.68381e-41,0,0,True,6.63546e-12,0,True,simple_default,simple,1.34858e-13,0,True,1.0341143719218038e-06,adaptive_hybrid,0.05,114,a1a515a571fbde08050f1258fe7b77e4b4c70f35c272729560e87e537aa4f9d7,10.000000163912778,,,,,,,,,,,,,,,,,,0,0.0,,,,,,,,,,,0,,SmacHybrid,d937a1114525f6aa0970622d32be387b8be99f90af9af26ad94571fb3e2914e6,202,31c18c61e6cf9138534657ef2bd9e2c8f4d1cbce235778af3c416371a061d55a,0,2,central_cross_east_west,True,1.3485843954950607e-13,1.0341143719218038e-06,10.000000163912778,1,0.006582111000170698
0.003,6.635458293785731e-12,2.3161057151484775e-22,2.1463182400226566e-23,,1.1225569786454743,0.6646446708446498,0.8796446740483995,0,227,,,,,,,,,,,,,8.669420920185042e-06,raw,0.05,114,31c18c61e6cf9138534657ef2bd9e2c8f4d1cbce235778af3c416371a061d55a,10.000000163912793,,,,,,,,,,,,,,,,,,0,0.0,,,,,,,,,,,0,,SmacHybrid,d937a1114525f6aa0970622d32be387b8be99f90af9af26ad94571fb3e2914e6,202,31c18c61e6cf9138534657ef2bd9e2c8f4d1cbce235778af3c416371a061d55a,0,3,central_cross_east_west,True,6.635458293785731e-12,8.669420920185042e-06,10.000000163912793,1,0.003132476002065232
0.0,1.3485843954950607e-13,3.663764498874754e-08,4.256255824358408e-09,,1.1241216558522449,0.6646446708446498,0.9146446745699401,0,227,,,,,,,,,,,,,1.0341143719218038e-06,simple,0.05,114,a1a515a571fbde08050f1258fe7b77e4b4c70f35c272729560e87e537aa4f9d7,10.000000163912778,,,,,,,,,,,,,,,,,,0,0.0,,,,,,,,,,,0,,SmacHybrid,d937a1114525f6aa0970622d32be387b8be99f90af9af26ad94571fb3e2914e6,202,31c18c61e6cf9138534657ef2bd9e2c8f4d1cbce235778af3c416371a061d55a,0,3,central_cross_east_west,True,1.3485843954950607e-13,1.0341143719218038e-06,10.000000163912778,1,0.006371506999130361
0.0,8.439460180528404e-13,2.0821031606003308e-08,2.0781863629580435e-09,,1.1222227094747692,0.6646446708446498,0.8646446738248821,0,228,,,,,,,,,,,,,2.459530502334357e-06,savitzky_golay,0.05,114,bd3ca02a200b484717838a7509140c4f3556219bc235ee8ef2f11741ffcdfa25,10.000000163912784,,,,,,,,,,,,,,,,,,0,0.0,,,,,,,,,,,0,,SmacHybrid,d937a1114525f6aa0970622d32be387b8be99f90af9af26ad94571fb3e2914e6,202,31c18c61e6cf9138534657ef2bd9e2c8f4d1cbce235778af3c416371a061d55a,0,3,central_cross_east_west,True,8.439460180528404e-13,2.459530502334357e-06,10.000000163912784,1,0.006523818999994546
0.0,6.635458293785731e-12,2.3161057151484775e-22,2.1463182400226566e-23,,1.1242384717594833,0.6646446708446498,0.9146446745699401,0,227,,,,,,,,,,,,,8.669420920185042e-06,constrained,0.05,114,31c18c61e6cf9138534657ef2bd9e2c8f4d1cbce235778af3c416371a061d55a,10.000000163912793,,,,,,,,,,,,,,,,,,0,0.0,,,,,,,,,,,0,,SmacHybrid,d937a1114525f6aa0970622d32be387b8be99f90af9af26ad94571fb3e2914e6,202,31c18c61e6cf9138534657ef2bd9e2c8f4d1cbce235778af3c416371a061d55a,0,3,central_cross_east_west,True,6.635458293785731e-12,8.669420920185042e-06,10.000000163912793,1,0.006907786999363452
0.0,6.683809438174594e-41,5.900859736041047e-08,3.397613511932926e-08,,1.1233918063925625,0.6646446708446498,0.9146446745699401,0,202,,,,,,,,,,,,,5.790264287871102e-21,pivot_g2_fixed,0.05,202,4577a5a699960a46b81f878a24e961d21b94d46f2b1b68251b58410254ab77b0,10.000000163912773,0,0,"[[5, 5.96046e-08], [-5, 0]]",114,0.075,5.91675e-08,0.15,0,2,0,1,[],0,0,0,none,0,0,0.0,200,0,202,0,0,{},0.000275217,fixed,0.05,,0,0,SmacHybrid,d937a1114525f6aa0970622d32be387b8be99f90af9af26ad94571fb3e2914e6,202,31c18c61e6cf9138534657ef2bd9e2c8f4d1cbce235778af3c416371a061d55a,0,3,central_cross_east_west,True,6.683809438174594e-41,5.790264287871102e-21,10.000000163912773,1,0.025807967998844106
0.0,6.683809438174594e-41,5.900859736041047e-08,3.397613511932926e-08,,1.1233918063925625,0.6646446708446498,0.9146446745699401,0,202,,,,,,,,,,,,,5.790264287871102e-21,pivot_g2,0.05,202,4577a5a699960a46b81f878a24e961d21b94d46f2b1b68251b58410254ab77b0,10.000000163912773,0,0,"[[5, 5.96046e-08], [-5, 0]]",114,0.075,5.91675e-08,0.15,0,2,0,1,[],0,0,0,none,0,0,0.0,200,0,202,0,0,{},0.000148212,adaptive,0.05,,0,0,SmacHybrid,d937a1114525f6aa0970622d32be387b8be99f90af9af26ad94571fb3e2914e6,202,31c18c61e6cf9138534657ef2bd9e2c8f4d1cbce235778af3c416371a061d55a,0,3,central_cross_east_west,True,6.683809438174594e-41,5.790264287871102e-21,10.000000163912773,1,0.007476845999917714
0.003,1.3485843954950607e-13,3.663764498874754e-08,4.256255824358408e-09,,1.1241216558522449,0.6646446708446498,0.9146446745699401,0,227,6.68381e-41,0,0,True,6.63546e-12,0,True,simple_default,simple,1.34858e-13,0,True,1.0341143719218038e-06,adaptive_hybrid_fixed,0.05,114,a1a515a571fbde08050f1258fe7b77e4b4c70f35c272729560e87e537aa4f9d7,10.000000163912778,,,,,,,,,,,,,,,,,,0,0.0,,,,,,,,,,,0,,SmacHybrid,d937a1114525f6aa0970622d32be387b8be99f90af9af26ad94571fb3e2914e6,202,31c18c61e6cf9138534657ef2bd9e2c8f4d1cbce235778af3c416371a061d55a,0,3,central_cross_east_west,True,1.3485843954950607e-13,1.0341143719218038e-06,10.000000163912778,1,0.006301588000496849
0.0,1.3485843954950607e-13,3.663764498874754e-08,4.256255824358408e-09,,1.1241216558522449,0.6646446708446498,0.9146446745699401,0,227,6.68381e-41,0,0,True,6.63546e-12,0,True,simple_default,simple,1.34858e-13,0,True,1.0341143719218038e-06,adaptive_hybrid,0.05,114,a1a515a571fbde08050f1258fe7b77e4b4c70f35c272729560e87e537aa4f9d7,10.000000163912778,,,,,,,,,,,,,,,,,,0,0.0,,,,,,,,,,,0,,SmacHybrid,d937a1114525f6aa0970622d32be387b8be99f90af9af26ad94571fb3e2914e6,202,31c18c61e6cf9138534657ef2bd9e2c8f4d1cbce235778af3c416371a061d55a,0,3,central_cross_east_west,True,1.3485843954950607e-13,1.0341143719218038e-06,10.000000163912778,1,0.006482239998149453
0.0,9.292897327892434e-13,1.3877787807814457e-17,1.261617073437678e-18,,1.0319003293174365,0.6646446708446498,0.8096446730053183,0,139,,,,,,,,,,,,,3.2299654362635445e-06,raw,0.05,70,96f190b49d3c1140d0d2f1439fc746ca204c8fea1705b2822d91209fb3562f28,5.9999999850988415,,,,,,,,,,,,,,,,,,0,0.0,,,,,,,,,,,0,,SmacHybrid,c598cc4e08218264ab4e4419afde39efd081186e04e22220977cfc4ced60cdd4,121,96f190b49d3c1140d0d2f1439fc746ca204c8fea1705b2822d91209fb3562f28,0,1,west_service_lane,True,9.292897327892434e-13,3.2299654362635445e-06,5.9999999850988415,1,0.003413114001887152
0.0,1.893842199261046e-14,1.375198976916181e-08,2.0640477013016917e-09,,1.0333391782597403,0.6646446708446498,0.8096446730053183,0,139,,,,,,,,,,,,,3.892434818908445e-07,simple,0.05,70,6ef3b53cb5f4cbbdc09de6184e1e2dcffbbe29b4be8ad0e0b8e53ad26efa1097,5.99999998509884,,,,,,,,,,,,,,,,,,0,0.0,,,,,,,,,,,0,,SmacHybrid,c598cc4e08218264ab4e4419afde39efd081186e04e22220977cfc4ced60cdd4,121,96f190b49d3c1140d0d2f1439fc746ca204c8fea1705b2822d91209fb3562f28,0,1,west_service_lane,True,1.893842199261046e-14,3.892434818908445e-07,5.99999998509884,1,0.005353379001462599
0.0,1.17850092841761e-13,7.825862624599722e-09,1.007977362858551e-09,,1.0307056460639181,0.6646446708446498,0.8121446730425711,0,140,,,,,,,,,,,,,9.178369022937e-07,savitzky_golay,0.05,70,d67143b5914ff3dd5891900412e65b8a2a069f396d48f64d09959859928acc22,5.999999985098841,,,,,,,,,,,,,,,,,,0,0.0,,,,,,,,,,,0,,SmacHybrid,c598cc4e08218264ab4e4419afde39efd081186e04e22220977cfc4ced60cdd4,121,96f190b49d3c1140d0d2f1439fc746ca204c8fea1705b2822d91209fb3562f28,0,1,west_service_lane,True,1.17850092841761e-13,9.178369022937e-07,5.999999985098841,1,0.00840693200007081
0.0,9.292897327892434e-13,1.3877787807814457e-17,1.261617073437678e-18,,1.0333391782597403,0.6646446708446498,0.8096446730053183,0,139,,,,,,,,,,,,,3.2299654362635445e-06,constrained,0.05,70,96f190b49d3c1140d0d2f1439fc746ca204c8fea1705b2822d91209fb3562f28,5.9999999850988415,,,,,,,,,,,,,,,,,,0,0.0,,,,,,,,,,,0,,SmacHybrid,c598cc4e08218264ab4e4419afde39efd081186e04e22220977cfc4ced60cdd4,121,96f190b49d3c1140d0d2f1439fc746ca204c8fea1705b2822d91209fb3562f28,0,1,west_service_lane,True,9.292897327892434e-13,3.2299654362635445e-06,5.9999999850988415,1,0.0056195180004579015
0.0,3.029472395276287e-25,2.197921311619666e-08,1.2684803270744927e-08,,1.034845758109839,0.6646446708446498,0.814644673079824,0,121,,,,,,,,,,,,,3.5527136854696355e-13,pivot_g2_fixed,0.05,121,4d0575244d45c4a8c650b8dd55c9420fbaa62be814abb41dd0527e3933e3c2be,5.999999985098839,0,0,"[[-4.5, -3], [-4.5, 3]]",70,0.075,2.20781e-08,0.15,0,2,0,1,[],0,0,0,none,0,0,0.0,200,0,121,0,0,{},0.000194732,fixed,0.05,,0,0,SmacHybrid,c598cc4e08218264ab4e4419afde39efd081186e04e22220977cfc4ced60cdd4,121,96f190b49d3c1140d0d2f1439fc746ca204c8fea1705b2822d91209fb3562f28,0,1,west_service_lane,True,3.029472395276287e-25,3.5527136854696355e-13,5.999999985098839,1,0.006038761002855608
0.003,3.029472395276287e-25,2.197921311619666e-08,1.2684803270744927e-08,,1.034845758109839,0.6646446708446498,0.814644673079824,0,121,,,,,,,,,,,,,3.5527136854696355e-13,pivot_g2,0.05,121,4d0575244d45c4a8c650b8dd55c9420fbaa62be814abb41dd0527e3933e3c2be,5.999999985098839,0,0,"[[-4.5, -3], [-4.5, 3]]",70,0.075,2.20781e-08,0.15,0,2,0,1,[],0,0,0,none,0,0,0.0,200,0,121,0,0,{},0.000197297,adaptive,0.05,,0,0,SmacHybrid,c598cc4e08218264ab4e4419afde39efd081186e04e22220977cfc4ced60cdd4,121,96f190b49d3c1140d0d2f1439fc746ca204c8fea1705b2822d91209fb3562f28,0,1,west_service_lane,True,3.029472395276287e-25,3.5527136854696355e-13,5.999999985098839,1,0.006685291002213489
0.0,1.893842199261046e-14,1.375198976916181e-08,2.0640477013016917e-09,,1.0333391782597403,0.6646446708446498,0.8096446730053183,0,139,3.02947e-25,0,0,True,9.2929e-13,0,True,simple_default,simple,1.89384e-14,0,True,3.892434818908445e-07,adaptive_hybrid_fixed,0.05,70,6ef3b53cb5f4cbbdc09de6184e1e2dcffbbe29b4be8ad0e0b8e53ad26efa1097,5.99999998509884,,,,,,,,,,,,,,,,,,0,0.0,,,,,,,,,,,0,,SmacHybrid,c598cc4e08218264ab4e4419afde39efd081186e04e22220977cfc4ced60cdd4,121,96f190b49d3c1140d0d2f1439fc746ca204c8fea1705b2822d91209fb3562f28,0,1,west_service_lane,True,1.893842199261046e-14,3.892434818908445e-07,5.99999998509884,1,0.006179372998303734
0.0,1.893842199261046e-14,1.375198976916181e-08,2.0640477013016917e-09,,1.0333391782597403,0.6646446708446498,0.8096446730053183,0,139,3.02947e-25,0,0,True,9.2929e-13,0,True,simple_default,simple,1.89384e-14,0,True,3.892434818908445e-07,adaptive_hybrid,0.05,70,6ef3b53cb5f4cbbdc09de6184e1e2dcffbbe29b4be8ad0e0b8e53ad26efa1097,5.99999998509884,,,,,,,,,,,,,,,,,,0,0.0,,,,,,,,,,,0,,SmacHybrid,c598cc4e08218264ab4e4419afde39efd081186e04e22220977cfc4ced60cdd4,121,96f190b49d3c1140d0d2f1439fc746ca204c8fea1705b2822d91209fb3562f28,0,1,west_service_lane,True,1.893842199261046e-14,3.892434818908445e-07,5.99999998509884,1,0.006019054999342188
0.0,9.292897327892434e-13,1.3877787807814457e-17,1.261617073437678e-18,,1.0319003293174365,0.6646446708446498,0.8096446730053183,0,139,,,,,,,,,,,,,3.2299654362635445e-06,raw,0.05,70,96f190b49d3c1140d0d2f1439fc746ca204c8fea1705b2822d91209fb3562f28,5.9999999850988415,,,,,,,,,,,,,,,,,,0,0.0,,,,,,,,,,,0,,SmacHybrid,c598cc4e08218264ab4e4419afde39efd081186e04e22220977cfc4ced60cdd4,121,96f190b49d3c1140d0d2f1439fc746ca204c8fea1705b2822d91209fb3562f28,0,2,west_service_lane,True,9.292897327892434e-13,3.2299654362635445e-06,5.9999999850988415,1,0.0032110049978655297
0.0,1.893842199261046e-14,1.375198976916181e-08,2.0640477013016917e-09,,1.0333391782597403,0.6646446708446498,0.8096446730053183,0,139,,,,,,,,,,,,,3.892434818908445e-07,simple,0.05,70,6ef3b53cb5f4cbbdc09de6184e1e2dcffbbe29b4be8ad0e0b8e53ad26efa1097,5.99999998509884,,,,,,,,,,,,,,,,,,0,0.0,,,,,,,,,,,0,,SmacHybrid,c598cc4e08218264ab4e4419afde39efd081186e04e22220977cfc4ced60cdd4,121,96f190b49d3c1140d0d2f1439fc746ca204c8fea1705b2822d91209fb3562f28,0,2,west_service_lane,True,1.893842199261046e-14,3.892434818908445e-07,5.99999998509884,1,0.005716456998925423
0.0,1.17850092841761e-13,7.825862624599722e-09,1.007977362858551e-09,,1.0307056460639181,0.6646446708446498,0.8121446730425711,0,140,,,,,,,,,,,,,9.178369022937e-07,savitzky_golay,0.05,70,d67143b5914ff3dd5891900412e65b8a2a069f396d48f64d09959859928acc22,5.999999985098841,,,,,,,,,,,,,,,,,,0,0.0,,,,,,,,,,,0,,SmacHybrid,c598cc4e08218264ab4e4419afde39efd081186e04e22220977cfc4ced60cdd4,121,96f190b49d3c1140d0d2f1439fc746ca204c8fea1705b2822d91209fb3562f28,0,2,west_service_lane,True,1.17850092841761e-13,9.178369022937e-07,5.999999985098841,1,0.005898472998524085
0.0,9.292897327892434e-13,1.3877787807814457e-17,1.261617073437678e-18,,1.0333391782597403,0.6646446708446498,0.8096446730053183,0,139,,,,,,,,,,,,,3.2299654362635445e-06,constrained,0.05,70,96f190b49d3c1140d0d2f1439fc746ca204c8fea1705b2822d91209fb3562f28,5.9999999850988415,,,,,,,,,,,,,,,,,,0,0.0,,,,,,,,,,,0,,SmacHybrid,c598cc4e08218264ab4e4419afde39efd081186e04e22220977cfc4ced60cdd4,121,96f190b49d3c1140d0d2f1439fc746ca204c8fea1705b2822d91209fb3562f28,0,2,west_service_lane,True,9.292897327892434e-13,3.2299654362635445e-06,5.9999999850988415,1,0.005330799001967534
0.0,3.029472395276287e-25,2.197921311619666e-08,1.2684803270744927e-08,,1.034845758109839,0.6646446708446498,0.814644673079824,0,121,,,,,,,,,,,,,3.5527136854696355e-13,pivot_g2_fixed,0.05,121,4d0575244d45c4a8c650b8dd55c9420fbaa62be814abb41dd0527e3933e3c2be,5.999999985098839,0,0,"[[-4.5, -3], [-4.5, 3]]",70,0.075,2.20781e-08,0.15,0,2,0,1,[],0,0,0,none,0,0,0.0,200,0,121,0,0,{},0.000122248,fixed,0.05,,0,0,SmacHybrid,c598cc4e08218264ab4e4419afde39efd081186e04e22220977cfc4ced60cdd4,121,96f190b49d3c1140d0d2f1439fc746ca204c8fea1705b2822d91209fb3562f28,0,2,west_service_lane,True,3.029472395276287e-25,3.5527136854696355e-13,5.999999985098839,1,0.006030917997122742
0.0,3.029472395276287e-25,2.197921311619666e-08,1.2684803270744927e-08,,1.034845758109839,0.6646446708446498,0.814644673079824,0,121,,,,,,,,,,,,,3.5527136854696355e-13,pivot_g2,0.05,121,4d0575244d45c4a8c650b8dd55c9420fbaa62be814abb41dd0527e3933e3c2be,5.999999985098839,0,0,"[[-4.5, -3], [-4.5, 3]]",70,0.075,2.20781e-08,0.15,0,2,0,1,[],0,0,0,none,0,0,0.0,200,0,121,0,0,{},0.000216456,adaptive,0.05,,0,0,SmacHybrid,c598cc4e08218264ab4e4419afde39efd081186e04e22220977cfc4ced60cdd4,121,96f190b49d3c1140d0d2f1439fc746ca204c8fea1705b2822d91209fb3562f28,0,2,west_service_lane,True,3.029472395276287e-25,3.5527136854696355e-13,5.999999985098839,1,0.006304031001491239
0.0,1.893842199261046e-14,1.375198976916181e-08,2.0640477013016917e-09,,1.0333391782597403,0.6646446708446498,0.8096446730053183,0,139,3.02947e-25,0,0,True,9.2929e-13,0,True,simple_default,simple,1.89384e-14,0,True,3.892434818908445e-07,adaptive_hybrid_fixed,0.05,70,6ef3b53cb5f4cbbdc09de6184e1e2dcffbbe29b4be8ad0e0b8e53ad26efa1097,5.99999998509884,,,,,,,,,,,,,,,,,,0,0.0,,,,,,,,,,,0,,SmacHybrid,c598cc4e08218264ab4e4419afde39efd081186e04e22220977cfc4ced60cdd4,121,96f190b49d3c1140d0d2f1439fc746ca204c8fea1705b2822d91209fb3562f28,0,2,west_service_lane,True,1.893842199261046e-14,3.892434818908445e-07,5.99999998509884,1,0.0053470879975066055
0.0,1.893842199261046e-14,1.375198976916181e-08,2.0640477013016917e-09,,1.0333391782597403,0.6646446708446498,0.8096446730053183,0,139,3.02947e-25,0,0,True,9.2929e-13,0,True,simple_default,simple,1.89384e-14,0,True,3.892434818908445e-07,adaptive_hybrid,0.05,70,6ef3b53cb5f4cbbdc09de6184e1e2dcffbbe29b4be8ad0e0b8e53ad26efa1097,5.99999998509884,,,,,,,,,,,,,,,,,,0,0.0,,,,,,,,,,,0,,SmacHybrid,c598cc4e08218264ab4e4419afde39efd081186e04e22220977cfc4ced60cdd4,121,96f190b49d3c1140d0d2f1439fc746ca204c8fea1705b2822d91209fb3562f28,0,2,west_service_lane,True,1.893842199261046e-14,3.892434818908445e-07,5.99999998509884,1,0.0058497050013102125
0.0,9.292897327892434e-13,1.3877787807814457e-17,1.261617073437678e-18,,1.0319003293174365,0.6646446708446498,0.8096446730053183,0,139,,,,,,,,,,,,,3.2299654362635445e-06,raw,0.05,70,96f190b49d3c1140d0d2f1439fc746ca204c8fea1705b2822d91209fb3562f28,5.9999999850988415,,,,,,,,,,,,,,,,,,0,0.0,,,,,,,,,,,0,,SmacHybrid,c598cc4e08218264ab4e4419afde39efd081186e04e22220977cfc4ced60cdd4,121,96f190b49d3c1140d0d2f1439fc746ca204c8fea1705b2822d91209fb3562f28,0,3,west_service_lane,True,9.292897327892434e-13,3.2299654362635445e-06,5.9999999850988415,1,0.0030111349988146685
0.0,1.893842199261046e-14,1.375198976916181e-08,2.0640477013016917e-09,,1.0333391782597403,0.6646446708446498,0.8096446730053183,0,139,,,,,,,,,,,,,3.892434818908445e-07,simple,0.05,70,6ef3b53cb5f4cbbdc09de6184e1e2dcffbbe29b4be8ad0e0b8e53ad26efa1097,5.99999998509884,,,,,,,,,,,,,,,,,,0,0.0,,,,,,,,,,,0,,SmacHybrid,c598cc4e08218264ab4e4419afde39efd081186e04e22220977cfc4ced60cdd4,121,96f190b49d3c1140d0d2f1439fc746ca204c8fea1705b2822d91209fb3562f28,0,3,west_service_lane,True,1.893842199261046e-14,3.892434818908445e-07,5.99999998509884,1,0.005593263002083404
0.0,1.17850092841761e-13,7.825862624599722e-09,1.007977362858551e-09,,1.0307056460639181,0.6646446708446498,0.8121446730425711,0,140,,,,,,,,,,,,,9.178369022937e-07,savitzky_golay,0.05,70,d67143b5914ff3dd5891900412e65b8a2a069f396d48f64d09959859928acc22,5.999999985098841,,,,,,,,,,,,,,,,,,0,0.0,,,,,,,,,,,0,,SmacHybrid,c598cc4e08218264ab4e4419afde39efd081186e04e22220977cfc4ced60cdd4,121,96f190b49d3c1140d0d2f1439fc746ca204c8fea1705b2822d91209fb3562f28,0,3,west_service_lane,True,1.17850092841761e-13,9.178369022937e-07,5.999999985098841,1,0.005358706999686547
0.0,9.292897327892434e-13,1.3877787807814457e-17,1.261617073437678e-18,,1.0333391782597403,0.6646446708446498,0.8096446730053183,0,139,,,,,,,,,,,,,3.2299654362635445e-06,constrained,0.05,70,96f190b49d3c1140d0d2f1439fc746ca204c8fea1705b2822d91209fb3562f28,5.9999999850988415,,,,,,,,,,,,,,,,,,0,0.0,,,,,,,,,,,0,,SmacHybrid,c598cc4e08218264ab4e4419afde39efd081186e04e22220977cfc4ced60cdd4,121,96f190b49d3c1140d0d2f1439fc746ca204c8fea1705b2822d91209fb3562f28,0,3,west_service_lane,True,9.292897327892434e-13,3.2299654362635445e-06,5.9999999850988415,1,0.005409281002357602
0.003,3.029472395276287e-25,2.197921311619666e-08,1.2684803270744927e-08,,1.034845758109839,0.6646446708446498,0.814644673079824,0,121,,,,,,,,,,,,,3.5527136854696355e-13,pivot_g2_fixed,0.05,121,4d0575244d45c4a8c650b8dd55c9420fbaa62be814abb41dd0527e3933e3c2be,5.999999985098839,0,0,"[[-4.5, -3], [-4.5, 3]]",70,0.075,2.20781e-08,0.15,0,2,0,1,[],0,0,0,none,0,0,0.0,200,0,121,0,0,{},0.000192023,fixed,0.05,,0,0,SmacHybrid,c598cc4e08218264ab4e4419afde39efd081186e04e22220977cfc4ced60cdd4,121,96f190b49d3c1140d0d2f1439fc746ca204c8fea1705b2822d91209fb3562f28,0,3,west_service_lane,True,3.029472395276287e-25,3.5527136854696355e-13,5.999999985098839,1,0.007146381001803093
0.0,3.029472395276287e-25,2.197921311619666e-08,1.2684803270744927e-08,,1.034845758109839,0.6646446708446498,0.814644673079824,0,121,,,,,,,,,,,,,3.5527136854696355e-13,pivot_g2,0.05,121,4d0575244d45c4a8c650b8dd55c9420fbaa62be814abb41dd0527e3933e3c2be,5.999999985098839,0,0,"[[-4.5, -3], [-4.5, 3]]",70,0.075,2.20781e-08,0.15,0,2,0,1,[],0,0,0,none,0,0,0.0,200,0,121,0,0,{},0.000197591,adaptive,0.05,,0,0,SmacHybrid,c598cc4e08218264ab4e4419afde39efd081186e04e22220977cfc4ced60cdd4,121,96f190b49d3c1140d0d2f1439fc746ca204c8fea1705b2822d91209fb3562f28,0,3,west_service_lane,True,3.029472395276287e-25,3.5527136854696355e-13,5.999999985098839,1,0.006689145000564167
0.003,1.893842199261046e-14,1.375198976916181e-08,2.0640477013016917e-09,,1.0333391782597403,0.6646446708446498,0.8096446730053183,0,139,3.02947e-25,0,0,True,9.2929e-13,0,True,simple_default,simple,1.89384e-14,0,True,3.892434818908445e-07,adaptive_hybrid_fixed,0.05,70,6ef3b53cb5f4cbbdc09de6184e1e2dcffbbe29b4be8ad0e0b8e53ad26efa1097,5.99999998509884,,,,,,,,,,,,,,,,,,0,0.0,,,,,,,,,,,0,,SmacHybrid,c598cc4e08218264ab4e4419afde39efd081186e04e22220977cfc4ced60cdd4,121,96f190b49d3c1140d0d2f1439fc746ca204c8fea1705b2822d91209fb3562f28,0,3,west_service_lane,True,1.893842199261046e-14,3.892434818908445e-07,5.99999998509884,1,0.005956736997177359
0.0,1.893842199261046e-14,1.375198976916181e-08,2.0640477013016917e-09,,1.0333391782597403,0.6646446708446498,0.8096446730053183,0,139,3.02947e-25,0,0,True,9.2929e-13,0,True,simple_default,simple,1.89384e-14,0,True,3.892434818908445e-07,adaptive_hybrid,0.05,70,6ef3b53cb5f4cbbdc09de6184e1e2dcffbbe29b4be8ad0e0b8e53ad26efa1097,5.99999998509884,,,,,,,,,,,,,,,,,,0,0.0,,,,,,,,,,,0,,SmacHybrid,c598cc4e08218264ab4e4419afde39efd081186e04e22220977cfc4ced60cdd4,121,96f190b49d3c1140d0d2f1439fc746ca204c8fea1705b2822d91209fb3562f28,0,3,west_service_lane,True,1.893842199261046e-14,3.892434818908445e-07,5.99999998509884,1,0.006119121000665473
0.003,7.063957068396525e-12,1.3877787807814457e-17,1.261617073437678e-18,,0.6056834993301239,0.5146446686094757,0.5146446686094757,0,141,,,,,,,,,,,,,9.46664966547002e-06,raw,0.05,71,fd0927b305bf80997709f49465e991eb43b03748a2ae20376ef8d72f4e3f2d99,5.999999985098859,,,,,,,,,,,,,,,,,,0,0.0,,,,,,,,,,,0,,SmacHybrid,8d056adbdf0120bb0829db4089502ce33c2d380c871a53582c3f9a31689e65c2,121,fd0927b305bf80997709f49465e991eb43b03748a2ae20376ef8d72f4e3f2d99,0,1,picking_aisle_a,True,7.063957068396525e-12,9.46664966547002e-06,5.999999985098859,1,0.0031238060000760015
0.0,1.3995125995290288e-13,3.615333388218289e-08,5.433855351559733e-09,,0.6056834993301239,0.5146446686094757,0.5146446686094757,0,141,,,,,,,,,,,,,9.797626709939373e-07,simple,0.05,71,68ca9142fdf387a6412e064d6a5ca52af4d12fc07b105ab60a148ca83ad65684,5.999999985098844,,,,,,,,,,,,,,,,,,0,0.0,,,,,,,,,,,0,,SmacHybrid,8d056adbdf0120bb0829db4089502ce33c2d380c871a53582c3f9a31689e65c2,121,fd0927b305bf80997709f49465e991eb43b03748a2ae20376ef8d72f4e3f2d99,0,1,picking_aisle_a,True,1.3995125995290288e-13,9.797626709939373e-07,5.999999985098844,1,0.006207051999808755
0.0,9.403531171075106e-13,2.014262601157668e-08,2.648490917424646e-09,,0.6050423808039223,0.5146446686094757,0.5146446686094757,0,142,,,,,,,,,,,,,2.6288733237841025e-06,savitzky_golay,0.05,71,14ad11fc43259edd311c21ca96776036a64809c5bb4bd01cf0486aee05cca5a1,5.9999999850988495,,,,,,,,,,,,,,,,,,0,0.0,,,,,,,,,,,0,,SmacHybrid,8d056adbdf0120bb0829db4089502ce33c2d380c871a53582c3f9a31689e65c2,121,fd0927b305bf80997709f49465e991eb43b03748a2ae20376ef8d72f4e3f2d99,0,1,picking_aisle_a,True,9.403531171075106e-13,2.6288733237841025e-06,5.9999999850988495,1,0.0058526109969534446
0.0,7.063957068396525e-12,1.3877787807814457e-17,1.261617073437678e-18,,0.6056834993301239,0.5146446686094757,0.5146446686094757,0,141,,,,,,,,,,,,,9.46664966547002e-06,constrained,0.05,71,fd0927b305bf80997709f49465e991eb43b03748a2ae20376ef8d72f4e3f2d99,5.999999985098859,,,,,,,,,,,,,,,,,,0,0.0,,,,,,,,,,,0,,SmacHybrid,8d056adbdf0120bb0829db4089502ce33c2d380c871a53582c3f9a31689e65c2,121,fd0927b305bf80997709f49465e991eb43b03748a2ae20376ef8d72f4e3f2d99,0,1,picking_aisle_a,True,7.063957068396525e-12,9.46664966547002e-06,5.999999985098859,1,0.006069805000151973
0.0,1.345446115690718e-26,5.8611234310390614e-08,3.383672361146239e-08,,0.6104948422331317,0.5146446686094757,0.5146446686094757,0,121,,,,,,,,,,,,,8.881784375879037e-14,pivot_g2_fixed,0.05,121,968a1c769183771f39be67209eebe8fb1eb6228484819c8d9d1e11edc00cdb77,5.999999985098839,0,0,"[[-2, -3], [-2, 3]]",71,0.075,5.88936e-08,0.15,0,2,0,1,[],0,0,0,none,0,0,0.0,200,0,121,0,0,{},0.000185029,fixed,0.05,,0,0,SmacHybrid,8d056adbdf0120bb0829db4089502ce33c2d380c871a53582c3f9a31689e65c2,121,fd0927b305bf80997709f49465e991eb43b03748a2ae20376ef8d72f4e3f2d99,0,1,picking_aisle_a,True,1.345446115690718e-26,8.881784375879037e-14,5.999999985098839,1,0.006202479999046773
0.0,1.345446115690718e-26,5.8611234310390614e-08,3.383672361146239e-08,,0.6104948422331317,0.5146446686094757,0.5146446686094757,0,121,,,,,,,,,,,,,8.881784375879037e-14,pivot_g2,0.05,121,968a1c769183771f39be67209eebe8fb1eb6228484819c8d9d1e11edc00cdb77,5.999999985098839,0,0,"[[-2, -3], [-2, 3]]",71,0.075,5.88936e-08,0.15,0,2,0,1,[],0,0,0,none,0,0,0.0,200,0,121,0,0,{},0.00018944,adaptive,0.05,,0,0,SmacHybrid,8d056adbdf0120bb0829db4089502ce33c2d380c871a53582c3f9a31689e65c2,121,fd0927b305bf80997709f49465e991eb43b03748a2ae20376ef8d72f4e3f2d99,0,1,picking_aisle_a,True,1.345446115690718e-26,8.881784375879037e-14,5.999999985098839,1,0.0061431920003087725
0.003,1.3995125995290288e-13,3.615333388218289e-08,5.433855351559733e-09,,0.6056834993301239,0.5146446686094757,0.5146446686094757,0,141,1.34545e-26,0,0,True,7.06396e-12,0,True,simple_default,simple,1.39951e-13,0,True,9.797626709939373e-07,adaptive_hybrid_fixed,0.05,71,68ca9142fdf387a6412e064d6a5ca52af4d12fc07b105ab60a148ca83ad65684,5.999999985098844,,,,,,,,,,,,,,,,,,0,0.0,,,,,,,,,,,0,,SmacHybrid,8d056adbdf0120bb0829db4089502ce33c2d380c871a53582c3f9a31689e65c2,121,fd0927b305bf80997709f49465e991eb43b03748a2ae20376ef8d72f4e3f2d99,0,1,picking_aisle_a,True,1.3995125995290288e-13,9.797626709939373e-07,5.999999985098844,1,0.0059194899986323435
0.0,1.3995125995290288e-13,3.615333388218289e-08,5.433855351559733e-09,,0.6056834993301239,0.5146446686094757,0.5146446686094757,0,141,1.34545e-26,0,0,True,7.06396e-12,0,True,simple_default,simple,1.39951e-13,0,True,9.797626709939373e-07,adaptive_hybrid,0.05,71,68ca9142fdf387a6412e064d6a5ca52af4d12fc07b105ab60a148ca83ad65684,5.999999985098844,,,,,,,,,,,,,,,,,,0,0.0,,,,,,,,,,,0,,SmacHybrid,8d056adbdf0120bb0829db4089502ce33c2d380c871a53582c3f9a31689e65c2,121,fd0927b305bf80997709f49465e991eb43b03748a2ae20376ef8d72f4e3f2d99,0,1,picking_aisle_a,True,1.3995125995290288e-13,9.797626709939373e-07,5.999999985098844,1,0.00601082999855862
0.003,7.063957068396525e-12,1.3877787807814457e-17,1.261617073437678e-18,,0.6056834993301239,0.5146446686094757,0.5146446686094757,0,141,,,,,,,,,,,,,9.46664966547002e-06,raw,0.05,71,fd0927b305bf80997709f49465e991eb43b03748a2ae20376ef8d72f4e3f2d99,5.999999985098859,,,,,,,,,,,,,,,,,,0,0.0,,,,,,,,,,,0,,SmacHybrid,8d056adbdf0120bb0829db4089502ce33c2d380c871a53582c3f9a31689e65c2,121,fd0927b305bf80997709f49465e991eb43b03748a2ae20376ef8d72f4e3f2d99,0,2,picking_aisle_a,True,7.063957068396525e-12,9.46664966547002e-06,5.999999985098859,1,0.0031268109996744897
0.0,1.3995125995290288e-13,3.615333388218289e-08,5.433855351559733e-09,,0.6056834993301239,0.5146446686094757,0.5146446686094757,0,141,,,,,,,,,,,,,9.797626709939373e-07,simple,0.05,71,68ca9142fdf387a6412e064d6a5ca52af4d12fc07b105ab60a148ca83ad65684,5.999999985098844,,,,,,,,,,,,,,,,,,0,0.0,,,,,,,,,,,0,,SmacHybrid,8d056adbdf0120bb0829db4089502ce33c2d380c871a53582c3f9a31689e65c2,121,fd0927b305bf80997709f49465e991eb43b03748a2ae20376ef8d72f4e3f2d99,0,2,picking_aisle_a,True,1.3995125995290288e-13,9.797626709939373e-07,5.999999985098844,1,0.004300992000935366
0.0,9.403531171075106e-13,2.014262601157668e-08,2.648490917424646e-09,,0.6050423808039223,0.5146446686094757,0.5146446686094757,0,142,,,,,,,,,,,,,2.6288733237841025e-06,savitzky_golay,0.05,71,14ad11fc43259edd311c21ca96776036a64809c5bb4bd01cf0486aee05cca5a1,5.9999999850988495,,,,,,,,,,,,,,,,,,0,0.0,,,,,,,,,,,0,,SmacHybrid,8d056adbdf0120bb0829db4089502ce33c2d380c871a53582c3f9a31689e65c2,121,fd0927b305bf80997709f49465e991eb43b03748a2ae20376ef8d72f4e3f2d99,0,2,picking_aisle_a,True,9.403531171075106e-13,2.6288733237841025e-06,5.9999999850988495,1,0.024891637000109768
0.0,7.063957068396525e-12,1.3877787807814457e-17,1.261617073437678e-18,,0.6056834993301239,0.5146446686094757,0.5146446686094757,0,141,,,,,,,,,,,,,9.46664966547002e-06,constrained,0.05,71,fd0927b305bf80997709f49465e991eb43b03748a2ae20376ef8d72f4e3f2d99,5.999999985098859,,,,,,,,,,,,,,,,,,0,0.0,,,,,,,,,,,0,,SmacHybrid,8d056adbdf0120bb0829db4089502ce33c2d380c871a53582c3f9a31689e65c2,121,fd0927b305bf80997709f49465e991eb43b03748a2ae20376ef8d72f4e3f2d99,0,2,picking_aisle_a,True,7.063957068396525e-12,9.46664966547002e-06,5.999999985098859,1,0.006255200001760386
0.0,1.345446115690718e-26,5.8611234310390614e-08,3.383672361146239e-08,,0.6104948422331317,0.5146446686094757,0.5146446686094757,0,121,,,,,,,,,,,,,8.881784375879037e-14,pivot_g2_fixed,0.05,121,968a1c769183771f39be67209eebe8fb1eb6228484819c8d9d1e11edc00cdb77,5.999999985098839,0,0,"[[-2, -3], [-2, 3]]",71,0.075,5.88936e-08,0.15,0,2,0,1,[],0,0,0,none,0,0,0.0,200,0,121,0,0,{},0.000191414,fixed,0.05,,0,0,SmacHybrid,8d056adbdf0120bb0829db4089502ce33c2d380c871a53582c3f9a31689e65c2,121,fd0927b305bf80997709f49465e991eb43b03748a2ae20376ef8d72f4e3f2d99,0,2,picking_aisle_a,True,1.345446115690718e-26,8.881784375879037e-14,5.999999985098839,1,0.006671017999906326
0.003,1.345446115690718e-26,5.8611234310390614e-08,3.383672361146239e-08,,0.6104948422331317,0.5146446686094757,0.5146446686094757,0,121,,,,,,,,,,,,,8.881784375879037e-14,pivot_g2,0.05,121,968a1c769183771f39be67209eebe8fb1eb6228484819c8d9d1e11edc00cdb77,5.999999985098839,0,0,"[[-2, -3], [-2, 3]]",71,0.075,5.88936e-08,0.15,0,2,0,1,[],0,0,0,none,0,0,0.0,200,0,121,0,0,{},0.000146718,adaptive,0.05,,0,0,SmacHybrid,8d056adbdf0120bb0829db4089502ce33c2d380c871a53582c3f9a31689e65c2,121,fd0927b305bf80997709f49465e991eb43b03748a2ae20376ef8d72f4e3f2d99,0,2,picking_aisle_a,True,1.345446115690718e-26,8.881784375879037e-14,5.999999985098839,1,0.009491171997069614
0.0,1.3995125995290288e-13,3.615333388218289e-08,5.433855351559733e-09,,0.6056834993301239,0.5146446686094757,0.5146446686094757,0,141,1.34545e-26,0,0,True,7.06396e-12,0,True,simple_default,simple,1.39951e-13,0,True,9.797626709939373e-07,adaptive_hybrid_fixed,0.05,71,68ca9142fdf387a6412e064d6a5ca52af4d12fc07b105ab60a148ca83ad65684,5.999999985098844,,,,,,,,,,,,,,,,,,0,0.0,,,,,,,,,,,0,,SmacHybrid,8d056adbdf0120bb0829db4089502ce33c2d380c871a53582c3f9a31689e65c2,121,fd0927b305bf80997709f49465e991eb43b03748a2ae20376ef8d72f4e3f2d99,0,2,picking_aisle_a,True,1.3995125995290288e-13,9.797626709939373e-07,5.999999985098844,1,0.005908078001084505
0.0,1.3995125995290288e-13,3.615333388218289e-08,5.433855351559733e-09,,0.6056834993301239,0.5146446686094757,0.5146446686094757,0,141,1.34545e-26,0,0,True,7.06396e-12,0,True,simple_default,simple,1.39951e-13,0,True,9.797626709939373e-07,adaptive_hybrid,0.05,71,68ca9142fdf387a6412e064d6a5ca52af4d12fc07b105ab60a148ca83ad65684,5.999999985098844,,,,,,,,,,,,,,,,,,0,0.0,,,,,,,,,,,0,,SmacHybrid,8d056adbdf0120bb0829db4089502ce33c2d380c871a53582c3f9a31689e65c2,121,fd0927b305bf80997709f49465e991eb43b03748a2ae20376ef8d72f4e3f2d99,0,2,picking_aisle_a,True,1.3995125995290288e-13,9.797626709939373e-07,5.999999985098844,1,0.005552841001190245
0.0,7.063957068396525e-12,1.3877787807814457e-17,1.261617073437678e-18,,0.6056834993301239,0.5146446686094757,0.5146446686094757,0,141,,,,,,,,,,,,,9.46664966547002e-06,raw,0.05,71,fd0927b305bf80997709f49465e991eb43b03748a2ae20376ef8d72f4e3f2d99,5.999999985098859,,,,,,,,,,,,,,,,,,0,0.0,,,,,,,,,,,0,,SmacHybrid,8d056adbdf0120bb0829db4089502ce33c2d380c871a53582c3f9a31689e65c2,121,fd0927b305bf80997709f49465e991eb43b03748a2ae20376ef8d72f4e3f2d99,0,3,picking_aisle_a,True,7.063957068396525e-12,9.46664966547002e-06,5.999999985098859,1,0.0031510580010944977
0.0,1.3995125995290288e-13,3.615333388218289e-08,5.433855351559733e-09,,0.6056834993301239,0.5146446686094757,0.5146446686094757,0,141,,,,,,,,,,,,,9.797626709939373e-07,simple,0.05,71,68ca9142fdf387a6412e064d6a5ca52af4d12fc07b105ab60a148ca83ad65684,5.999999985098844,,,,,,,,,,,,,,,,,,0,0.0,,,,,,,,,,,0,,SmacHybrid,8d056adbdf0120bb0829db4089502ce33c2d380c871a53582c3f9a31689e65c2,121,fd0927b305bf80997709f49465e991eb43b03748a2ae20376ef8d72f4e3f2d99,0,3,picking_aisle_a,True,1.3995125995290288e-13,9.797626709939373e-07,5.999999985098844,1,0.005875443999684649
0.0,9.403531171075106e-13,2.014262601157668e-08,2.648490917424646e-09,,0.6050423808039223,0.5146446686094757,0.5146446686094757,0,142,,,,,,,,,,,,,2.6288733237841025e-06,savitzky_golay,0.05,71,14ad11fc43259edd311c21ca96776036a64809c5bb4bd01cf0486aee05cca5a1,5.9999999850988495,,,,,,,,,,,,,,,,,,0,0.0,,,,,,,,,,,0,,SmacHybrid,8d056adbdf0120bb0829db4089502ce33c2d380c871a53582c3f9a31689e65c2,121,fd0927b305bf80997709f49465e991eb43b03748a2ae20376ef8d72f4e3f2d99,0,3,picking_aisle_a,True,9.403531171075106e-13,2.6288733237841025e-06,5.9999999850988495,1,0.006002928002999397
0.003,7.063957068396525e-12,1.3877787807814457e-17,1.261617073437678e-18,,0.6056834993301239,0.5146446686094757,0.5146446686094757,0,141,,,,,,,,,,,,,9.46664966547002e-06,constrained,0.05,71,fd0927b305bf80997709f49465e991eb43b03748a2ae20376ef8d72f4e3f2d99,5.999999985098859,,,,,,,,,,,,,,,,,,0,0.0,,,,,,,,,,,0,,SmacHybrid,8d056adbdf0120bb0829db4089502ce33c2d380c871a53582c3f9a31689e65c2,121,fd0927b305bf80997709f49465e991eb43b03748a2ae20376ef8d72f4e3f2d99,0,3,picking_aisle_a,True,7.063957068396525e-12,9.46664966547002e-06,5.999999985098859,1,0.005477991002408089
0.0,1.345446115690718e-26,5.8611234310390614e-08,3.383672361146239e-08,,0.6104948422331317,0.5146446686094757,0.5146446686094757,0,121,,,,,,,,,,,,,8.881784375879037e-14,pivot_g2_fixed,0.05,121,968a1c769183771f39be67209eebe8fb1eb6228484819c8d9d1e11edc00cdb77,5.999999985098839,0,0,"[[-2, -3], [-2, 3]]",71,0.075,5.88936e-08,0.15,0,2,0,1,[],0,0,0,none,0,0,0.0,200,0,121,0,0,{},0.000188214,fixed,0.05,,0,0,SmacHybrid,8d056adbdf0120bb0829db4089502ce33c2d380c871a53582c3f9a31689e65c2,121,fd0927b305bf80997709f49465e991eb43b03748a2ae20376ef8d72f4e3f2d99,0,3,picking_aisle_a,True,1.345446115690718e-26,8.881784375879037e-14,5.999999985098839,1,0.006318223000562284
0.0,1.345446115690718e-26,5.8611234310390614e-08,3.383672361146239e-08,,0.6104948422331317,0.5146446686094757,0.5146446686094757,0,121,,,,,,,,,,,,,8.881784375879037e-14,pivot_g2,0.05,121,968a1c769183771f39be67209eebe8fb1eb6228484819c8d9d1e11edc00cdb77,5.999999985098839,0,0,"[[-2, -3], [-2, 3]]",71,0.075,5.88936e-08,0.15,0,2,0,1,[],0,0,0,none,0,0,0.0,200,0,121,0,0,{},0.000121534,adaptive,0.05,,0,0,SmacHybrid,8d056adbdf0120bb0829db4089502ce33c2d380c871a53582c3f9a31689e65c2,121,fd0927b305bf80997709f49465e991eb43b03748a2ae20376ef8d72f4e3f2d99,0,3,picking_aisle_a,True,1.345446115690718e-26,8.881784375879037e-14,5.999999985098839,1,0.007870754001487512
0.003,1.3995125995290288e-13,3.615333388218289e-08,5.433855351559733e-09,,0.6056834993301239,0.5146446686094757,0.5146446686094757,0,141,1.34545e-26,0,0,True,7.06396e-12,0,True,simple_default,simple,1.39951e-13,0,True,9.797626709939373e-07,adaptive_hybrid_fixed,0.05,71,68ca9142fdf387a6412e064d6a5ca52af4d12fc07b105ab60a148ca83ad65684,5.999999985098844,,,,,,,,,,,,,,,,,,0,0.0,,,,,,,,,,,0,,SmacHybrid,8d056adbdf0120bb0829db4089502ce33c2d380c871a53582c3f9a31689e65c2,121,fd0927b305bf80997709f49465e991eb43b03748a2ae20376ef8d72f4e3f2d99,0,3,picking_aisle_a,True,1.3995125995290288e-13,9.797626709939373e-07,5.999999985098844,1,0.005760448002547491
0.0,1.3995125995290288e-13,3.615333388218289e-08,5.433855351559733e-09,,0.6056834993301239,0.5146446686094757,0.5146446686094757,0,141,1.34545e-26,0,0,True,7.06396e-12,0,True,simple_default,simple,1.39951e-13,0,True,9.797626709939373e-07,adaptive_hybrid,0.05,71,68ca9142fdf387a6412e064d6a5ca52af4d12fc07b105ab60a148ca83ad65684,5.999999985098844,,,,,,,,,,,,,,,,,,0,0.0,,,,,,,,,,,0,,SmacHybrid,8d056adbdf0120bb0829db4089502ce33c2d380c871a53582c3f9a31689e65c2,121,fd0927b305bf80997709f49465e991eb43b03748a2ae20376ef8d72f4e3f2d99,0,3,picking_aisle_a,True,1.3995125995290288e-13,9.797626709939373e-07,5.999999985098844,1,0.005507026999111986
0.003,0.5728908861578028,1.3877787807814457e-17,2.2109986131803003e-18,,0.5971728609054332,0.4646446678644176,0.4646446678644176,0,141,,,,,,,,,,,,,2.106615667888462,raw,0.05,70,8d9eb0bb5229b40324a2e593277c0a36a9d4c2f78837da4a9ce174800fb1729d,6.002082148852037,,,,,,,,,,,,,,,,,,0,0.0,,,,,,,,,,,0,,SmacHybrid,182382ff1386aa9dac096b81fb6a6c026363712606968e0547e962453c47ec48,122,8d9eb0bb5229b40324a2e593277c0a36a9d4c2f78837da4a9ce174800fb1729d,0,1,picking_aisle_b,True,0.5728908861578028,2.106615667888462,6.002082148852037,1,0.0028902230005769525
0.0,0.013641099021812033,0.008807923867606305,0.0019801299620890818,,0.6069934105635145,0.5146446686094757,0.5146446686094757,0,139,,,,,,,,,,,,,0.22895000085131129,simple,0.05,70,9dceee7167f9dd1ff7258b96f071abbeccb45641a6a7ed6994f618840152694b,6.000514988480955,,,,,,,,,,,,,,,,,,0,0.0,,,,,,,,,,,0,,SmacHybrid,182382ff1386aa9dac096b81fb6a6c026363712606968e0547e962453c47ec48,122,8d9eb0bb5229b40324a2e593277c0a36a9d4c2f78837da4a9ce174800fb1729d,0,1,picking_aisle_b,True,0.013641099021812033,0.22895000085131129,6.000514988480955,1,0.006192010998347541
0.0,0.08447069438412834,0.005439511105665894,0.0009003481538624072,,0.6038337766551615,0.4646446678644176,0.5121446685722227,0,140,,,,,,,,,,,,,0.8261243891389242,savitzky_golay,0.05,70,98f207e55f5b148ef8645c3b1e4696280f2f6fc01d766accae8dca1024d699d5,6.001173252175323,,,,,,,,,,,,,,,,,,0,0.0,,,,,,,,,,,0,,SmacHybrid,182382ff1386aa9dac096b81fb6a6c026363712606968e0547e962453c47ec48,122,8d9eb0bb5229b40324a2e593277c0a36a9d4c2f78837da4a9ce174800fb1729d,0,1,picking_aisle_b,True,0.08447069438412834,0.8261243891389242,6.001173252175323,1,0.00570764800067991
0.003,0.2953748578824462,0.0023257881145341704,0.000507699923001557,,0.6037560004433309,0.4646446678644176,0.4646446678644176,0,139,,,,,,,,,,,,,1.353103004872532,constrained,0.05,70,0d574fcb8f21f0b47c2f0a1e749e817e92ad155c8c22975f26271220472a1914,6.001956475864712,,,,,,,,,,,,,,,,,,0,0.0,,,,,,,,,,,0,,SmacHybrid,182382ff1386aa9dac096b81fb6a6c026363712606968e0547e962453c47ec48,122,8d9eb0bb5229b40324a2e593277c0a36a9d4c2f78837da4a9ce174800fb1729d,0,1,picking_aisle_b,True,0.2953748578824462,1.353103004872532,6.001956475864712,1,0.00680618600017624
0.0,6.141357426564456e-35,0.026578946349103433,0.00744596599125142,,0.6152816227588004,0.5146446686094757,0.5146446686094757,0,122,,,,,,,,,,,,,4.9563417735197214e-17,pivot_g2_fixed,0.05,122,e9ba5413a8c682ed6b2f14640c88c0e2841c154dd311a40a861ebe88c099ac6d,6.000000104308129,0,0,"[[8.9407e-08, 3], [0, -3]]",70,0.075,0.0266782,0.15,0,2,0,1,[],0,0,0,none,0,0,0.0,200,0,122,0,0,{},0.000113752,fixed,0.05,,0,0,SmacHybrid,182382ff1386aa9dac096b81fb6a6c026363712606968e0547e962453c47ec48,122,8d9eb0bb5229b40324a2e593277c0a36a9d4c2f78837da4a9ce174800fb1729d,0,1,picking_aisle_b,True,6.141357426564456e-35,4.9563417735197214e-17,6.000000104308129,1,0.006752179000613978
0.0,6.141357426564456e-35,0.026578946349103433,0.00744596599125142,,0.6152816227588004,0.5146446686094757,0.5146446686094757,0,122,,,,,,,,,,,,,4.9563417735197214e-17,pivot_g2,0.05,122,e9ba5413a8c682ed6b2f14640c88c0e2841c154dd311a40a861ebe88c099ac6d,6.000000104308129,0,0,"[[8.9407e-08, 3], [0, -3]]",70,0.075,0.0266782,0.15,0,2,0,1,[],0,0,0,none,0,0,0.0,200,0,122,0,0,{},0.000124294,adaptive,0.05,,0,0,SmacHybrid,182382ff1386aa9dac096b81fb6a6c026363712606968e0547e962453c47ec48,122,8d9eb0bb5229b40324a2e593277c0a36a9d4c2f78837da4a9ce174800fb1729d,0,1,picking_aisle_b,True,6.141357426564456e-35,4.9563417735197214e-17,6.000000104308129,1,0.0064306229978683405
0.0,0.013641099021812033,0.008807923867606305,0.0019801299620890818,,0.6069934105635145,0.5146446686094757,0.5146446686094757,0,139,6.14136e-35,0,0,True,0.572891,0,True,simple_default,simple,0.0136411,0,True,0.22895000085131129,adaptive_hybrid_fixed,0.05,70,9dceee7167f9dd1ff7258b96f071abbeccb45641a6a7ed6994f618840152694b,6.000514988480955,,,,,,,,,,,,,,,,,,0,0.0,,,,,,,,,,,0,,SmacHybrid,182382ff1386aa9dac096b81fb6a6c026363712606968e0547e962453c47ec48,122,8d9eb0bb5229b40324a2e593277c0a36a9d4c2f78837da4a9ce174800fb1729d,0,1,picking_aisle_b,True,0.013641099021812033,0.22895000085131129,6.000514988480955,1,0.006382813000527676
0.0,0.013641099021812033,0.008807923867606305,0.0019801299620890818,,0.6069934105635145,0.5146446686094757,0.5146446686094757,0,139,6.14136e-35,0,0,True,0.572891,0,True,simple_default,simple,0.0136411,0,True,0.22895000085131129,adaptive_hybrid,0.05,70,9dceee7167f9dd1ff7258b96f071abbeccb45641a6a7ed6994f618840152694b,6.000514988480955,,,,,,,,,,,,,,,,,,0,0.0,,,,,,,,,,,0,,SmacHybrid,182382ff1386aa9dac096b81fb6a6c026363712606968e0547e962453c47ec48,122,8d9eb0bb5229b40324a2e593277c0a36a9d4c2f78837da4a9ce174800fb1729d,0,1,picking_aisle_b,True,0.013641099021812033,0.22895000085131129,6.000514988480955,1,0.00598975499815424
0.0,0.5728908861578028,1.3877787807814457e-17,2.2109986131803003e-18,,0.5971728609054332,0.4646446678644176,0.4646446678644176,0,141,,,,,,,,,,,,,2.106615667888462,raw,0.05,70,8d9eb0bb5229b40324a2e593277c0a36a9d4c2f78837da4a9ce174800fb1729d,6.002082148852037,,,,,,,,,,,,,,,,,,0,0.0,,,,,,,,,,,0,,SmacHybrid,182382ff1386aa9dac096b81fb6a6c026363712606968e0547e962453c47ec48,122,8d9eb0bb5229b40324a2e593277c0a36a9d4c2f78837da4a9ce174800fb1729d,0,2,picking_aisle_b,True,0.5728908861578028,2.106615667888462,6.002082148852037,1,0.002937907000159612
0.003,0.013641099021812033,0.008807923867606305,0.0019801299620890818,,0.6069934105635145,0.5146446686094757,0.5146446686094757,0,139,,,,,,,,,,,,,0.22895000085131129,simple,0.05,70,9dceee7167f9dd1ff7258b96f071abbeccb45641a6a7ed6994f618840152694b,6.000514988480955,,,,,,,,,,,,,,,,,,0,0.0,,,,,,,,,,,0,,SmacHybrid,182382ff1386aa9dac096b81fb6a6c026363712606968e0547e962453c47ec48,122,8d9eb0bb5229b40324a2e593277c0a36a9d4c2f78837da4a9ce174800fb1729d,0,2,picking_aisle_b,True,0.013641099021812033,0.22895000085131129,6.000514988480955,1,0.006283043996518245
0.0,0.08447069438412834,0.005439511105665894,0.0009003481538624072,,0.6038337766551615,0.4646446678644176,0.5121446685722227,0,140,,,,,,,,,,,,,0.8261243891389242,savitzky_golay,0.05,70,98f207e55f5b148ef8645c3b1e4696280f2f6fc01d766accae8dca1024d699d5,6.001173252175323,,,,,,,,,,,,,,,,,,0,0.0,,,,,,,,,,,0,,SmacHybrid,182382ff1386aa9dac096b81fb6a6c026363712606968e0547e962453c47ec48,122,8d9eb0bb5229b40324a2e593277c0a36a9d4c2f78837da4a9ce174800fb1729d,0,2,picking_aisle_b,True,0.08447069438412834,0.8261243891389242,6.001173252175323,1,0.005768871997133829
0.006,0.2953748578824462,0.0023257881145341704,0.000507699923001557,,0.6037560004433309,0.4646446678644176,0.4646446678644176,0,139,,,,,,,,,,,,,1.353103004872532,constrained,0.05,70,0d574fcb8f21f0b47c2f0a1e749e817e92ad155c8c22975f26271220472a1914,6.001956475864712,,,,,,,,,,,,,,,,,,0,0.0,,,,,,,,,,,0,,SmacHybrid,182382ff1386aa9dac096b81fb6a6c026363712606968e0547e962453c47ec48,122,8d9eb0bb5229b40324a2e593277c0a36a9d4c2f78837da4a9ce174800fb1729d,0,2,picking_aisle_b,True,0.2953748578824462,1.353103004872532,6.001956475864712,1,0.008174528000381542
0.0,6.141357426564456e-35,0.026578946349103433,0.00744596599125142,,0.6152816227588004,0.5146446686094757,0.5146446686094757,0,122,,,,,,,,,,,,,4.9563417735197214e-17,pivot_g2_fixed,0.05,122,e9ba5413a8c682ed6b2f14640c88c0e2841c154dd311a40a861ebe88c099ac6d,6.000000104308129,0,0,"[[8.9407e-08, 3], [0, -3]]",70,0.075,0.0266782,0.15,0,2,0,1,[],0,0,0,none,0,0,0.0,200,0,122,0,0,{},0.000166616,fixed,0.05,,0,0,SmacHybrid,182382ff1386aa9dac096b81fb6a6c026363712606968e0547e962453c47ec48,122,8d9eb0bb5229b40324a2e593277c0a36a9d4c2f78837da4a9ce174800fb1729d,0,2,picking_aisle_b,True,6.141357426564456e-35,4.9563417735197214e-17,6.000000104308129,1,0.006287879001320107
0.0,6.141357426564456e-35,0.026578946349103433,0.00744596599125142,,0.6152816227588004,0.5146446686094757,0.5146446686094757,0,122,,,,,,,,,,,,,4.9563417735197214e-17,pivot_g2,0.05,122,e9ba5413a8c682ed6b2f14640c88c0e2841c154dd311a40a861ebe88c099ac6d,6.000000104308129,0,0,"[[8.9407e-08, 3], [0, -3]]",70,0.075,0.0266782,0.15,0,2,0,1,[],0,0,0,none,0,0,0.0,200,0,122,0,0,{},0.000192842,adaptive,0.05,,0,0,SmacHybrid,182382ff1386aa9dac096b81fb6a6c026363712606968e0547e962453c47ec48,122,8d9eb0bb5229b40324a2e593277c0a36a9d4c2f78837da4a9ce174800fb1729d,0,2,picking_aisle_b,True,6.141357426564456e-35,4.9563417735197214e-17,6.000000104308129,1,0.006384247997630155
0.0,0.013641099021812033,0.008807923867606305,0.0019801299620890818,,0.6069934105635145,0.5146446686094757,0.5146446686094757,0,139,6.14136e-35,0,0,True,0.572891,0,True,simple_default,simple,0.0136411,0,True,0.22895000085131129,adaptive_hybrid_fixed,0.05,70,9dceee7167f9dd1ff7258b96f071abbeccb45641a6a7ed6994f618840152694b,6.000514988480955,,,,,,,,,,,,,,,,,,0,0.0,,,,,,,,,,,0,,SmacHybrid,182382ff1386aa9dac096b81fb6a6c026363712606968e0547e962453c47ec48,122,8d9eb0bb5229b40324a2e593277c0a36a9d4c2f78837da4a9ce174800fb1729d,0,2,picking_aisle_b,True,0.013641099021812033,0.22895000085131129,6.000514988480955,1,0.006313959002000047
0.0,0.013641099021812033,0.008807923867606305,0.0019801299620890818,,0.6069934105635145,0.5146446686094757,0.5146446686094757,0,139,6.14136e-35,0,0,True,0.572891,0,True,simple_default,simple,0.0136411,0,True,0.22895000085131129,adaptive_hybrid,0.05,70,9dceee7167f9dd1ff7258b96f071abbeccb45641a6a7ed6994f618840152694b,6.000514988480955,,,,,,,,,,,,,,,,,,0,0.0,,,,,,,,,,,0,,SmacHybrid,182382ff1386aa9dac096b81fb6a6c026363712606968e0547e962453c47ec48,122,8d9eb0bb5229b40324a2e593277c0a36a9d4c2f78837da4a9ce174800fb1729d,0,2,picking_aisle_b,True,0.013641099021812033,0.22895000085131129,6.000514988480955,1,0.005756336999183986
0.003,0.5728908861578028,1.3877787807814457e-17,2.2109986131803003e-18,,0.5971728609054332,0.4646446678644176,0.4646446678644176,0,141,,,,,,,,,,,,,2.106615667888462,raw,0.05,70,8d9eb0bb5229b40324a2e593277c0a36a9d4c2f78837da4a9ce174800fb1729d,6.002082148852037,,,,,,,,,,,,,,,,,,0,0.0,,,,,,,,,,,0,,SmacHybrid,182382ff1386aa9dac096b81fb6a6c026363712606968e0547e962453c47ec48,122,8d9eb0bb5229b40324a2e593277c0a36a9d4c2f78837da4a9ce174800fb1729d,0,3,picking_aisle_b,True,0.5728908861578028,2.106615667888462,6.002082148852037,1,0.002690032997634262
0.0,0.013641099021812033,0.008807923867606305,0.0019801299620890818,,0.6069934105635145,0.5146446686094757,0.5146446686094757,0,139,,,,,,,,,,,,,0.22895000085131129,simple,0.05,70,9dceee7167f9dd1ff7258b96f071abbeccb45641a6a7ed6994f618840152694b,6.000514988480955,,,,,,,,,,,,,,,,,,0,0.0,,,,,,,,,,,0,,SmacHybrid,182382ff1386aa9dac096b81fb6a6c026363712606968e0547e962453c47ec48,122,8d9eb0bb5229b40324a2e593277c0a36a9d4c2f78837da4a9ce174800fb1729d,0,3,picking_aisle_b,True,0.013641099021812033,0.22895000085131129,6.000514988480955,1,0.0065552659980312455
0.0,0.08447069438412834,0.005439511105665894,0.0009003481538624072,,0.6038337766551615,0.4646446678644176,0.5121446685722227,0,140,,,,,,,,,,,,,0.8261243891389242,savitzky_golay,0.05,70,98f207e55f5b148ef8645c3b1e4696280f2f6fc01d766accae8dca1024d699d5,6.001173252175323,,,,,,,,,,,,,,,,,,0,0.0,,,,,,,,,,,0,,SmacHybrid,182382ff1386aa9dac096b81fb6a6c026363712606968e0547e962453c47ec48,122,8d9eb0bb5229b40324a2e593277c0a36a9d4c2f78837da4a9ce174800fb1729d,0,3,picking_aisle_b,True,0.08447069438412834,0.8261243891389242,6.001173252175323,1,0.006138836000900483
0.003,0.2953748578824462,0.0023257881145341704,0.000507699923001557,,0.6037560004433309,0.4646446678644176,0.4646446678644176,0,139,,,,,,,,,,,,,1.353103004872532,constrained,0.05,70,0d574fcb8f21f0b47c2f0a1e749e817e92ad155c8c22975f26271220472a1914,6.001956475864712,,,,,,,,,,,,,,,,,,0,0.0,,,,,,,,,,,0,,SmacHybrid,182382ff1386aa9dac096b81fb6a6c026363712606968e0547e962453c47ec48,122,8d9eb0bb5229b40324a2e593277c0a36a9d4c2f78837da4a9ce174800fb1729d,0,3,picking_aisle_b,True,0.2953748578824462,1.353103004872532,6.001956475864712,1,0.007680790000449633
0.0,6.141357426564456e-35,0.026578946349103433,0.00744596599125142,,0.6152816227588004,0.5146446686094757,0.5146446686094757,0,122,,,,,,,,,,,,,4.9563417735197214e-17,pivot_g2_fixed,0.05,122,e9ba5413a8c682ed6b2f14640c88c0e2841c154dd311a40a861ebe88c099ac6d,6.000000104308129,0,0,"[[8.9407e-08, 3], [0, -3]]",70,0.075,0.0266782,0.15,0,2,0,1,[],0,0,0,none,0,0,0.0,200,0,122,0,0,{},0.00018581,fixed,0.05,,0,0,SmacHybrid,182382ff1386aa9dac096b81fb6a6c026363712606968e0547e962453c47ec48,122,8d9eb0bb5229b40324a2e593277c0a36a9d4c2f78837da4a9ce174800fb1729d,0,3,picking_aisle_b,True,6.141357426564456e-35,4.9563417735197214e-17,6.000000104308129,1,0.011327525000524474
0.003,6.141357426564456e-35,0.026578946349103433,0.00744596599125142,,0.6152816227588004,0.5146446686094757,0.5146446686094757,0,122,,,,,,,,,,,,,4.9563417735197214e-17,pivot_g2,0.05,122,e9ba5413a8c682ed6b2f14640c88c0e2841c154dd311a40a861ebe88c099ac6d,6.000000104308129,0,0,"[[8.9407e-08, 3], [0, -3]]",70,0.075,0.0266782,0.15,0,2,0,1,[],0,0,0,none,0,0,0.0,200,0,122,0,0,{},0.000191353,adaptive,0.05,,0,0,SmacHybrid,182382ff1386aa9dac096b81fb6a6c026363712606968e0547e962453c47ec48,122,8d9eb0bb5229b40324a2e593277c0a36a9d4c2f78837da4a9ce174800fb1729d,0,3,picking_aisle_b,True,6.141357426564456e-35,4.9563417735197214e-17,6.000000104308129,1,0.0073393990023760125
0.003,0.013641099021812033,0.008807923867606305,0.0019801299620890818,,0.6069934105635145,0.5146446686094757,0.5146446686094757,0,139,6.14136e-35,0,0,True,0.572891,0,True,simple_default,simple,0.0136411,0,True,0.22895000085131129,adaptive_hybrid_fixed,0.05,70,9dceee7167f9dd1ff7258b96f071abbeccb45641a6a7ed6994f618840152694b,6.000514988480955,,,,,,,,,,,,,,,,,,0,0.0,,,,,,,,,,,0,,SmacHybrid,182382ff1386aa9dac096b81fb6a6c026363712606968e0547e962453c47ec48,122,8d9eb0bb5229b40324a2e593277c0a36a9d4c2f78837da4a9ce174800fb1729d,0,3,picking_aisle_b,True,0.013641099021812033,0.22895000085131129,6.000514988480955,1,0.006021609999152133
0.0,0.013641099021812033,0.008807923867606305,0.0019801299620890818,,0.6069934105635145,0.5146446686094757,0.5146446686094757,0,139,6.14136e-35,0,0,True,0.572891,0,True,simple_default,simple,0.0136411,0,True,0.22895000085131129,adaptive_hybrid,0.05,70,9dceee7167f9dd1ff7258b96f071abbeccb45641a6a7ed6994f618840152694b,6.000514988480955,,,,,,,,,,,,,,,,,,0,0.0,,,,,,,,,,,0,,SmacHybrid,182382ff1386aa9dac096b81fb6a6c026363712606968e0547e962453c47ec48,122,8d9eb0bb5229b40324a2e593277c0a36a9d4c2f78837da4a9ce174800fb1729d,0,3,picking_aisle_b,True,0.013641099021812033,0.22895000085131129,6.000514988480955,1,0.006034176996763563
0.0,2.643312858338898e-11,1.3877787807814457e-17,1.261617073437678e-18,,0.6069934105635145,0.5146446686094757,0.5146446686094757,0,139,,,,,,,,,,,,,1.7226480668738045e-05,raw,0.05,70,3543f6cdad39e3f6c61c6477dfbca5359563b72345a5c6ef7f85d37384deba48,5.999999985098919,,,,,,,,,,,,,,,,,,0,0.0,,,,,,,,,,,0,,SmacHybrid,7b53b0e16409d7e48e2b2b9edfcd9d03e14e901d0f3dde175b432e5bdb595a15,121,3543f6cdad39e3f6c61c6477dfbca5359563b72345a5c6ef7f85d37384deba48,0,1,picking_aisle_c,True,2.643312858338898e-11,1.7226480668738045e-05,5.999999985098919,1,0.0023189669991552364
0.0,5.386926768003404e-13,7.334395268898675e-08,1.1008256355125452e-08,,0.6069934105635145,0.5146446686094757,0.5146446686094757,0,139,,,,,,,,,,,,,2.0759646446323395e-06,simple,0.05,70,b7ef3aa9d8f6700c86e90c21be2e6c87f13f7d223fa47bb918fb5ac3756b9d1a,5.999999985098858,,,,,,,,,,,,,,,,,,0,0.0,,,,,,,,,,,0,,SmacHybrid,7b53b0e16409d7e48e2b2b9edfcd9d03e14e901d0f3dde175b432e5bdb595a15,121,3543f6cdad39e3f6c61c6477dfbca5359563b72345a5c6ef7f85d37384deba48,0,1,picking_aisle_c,True,5.386926768003404e-13,2.0759646446323395e-06,5.999999985098858,1,0.006038282001100015
0.0,3.352179656469049e-12,4.173794199147096e-08,5.375879780232567e-09,,0.6063337766924144,0.5146446686094757,0.5146446686094757,0,140,,,,,,,,,,,,,4.895130382398939e-06,savitzky_golay,0.05,70,b1138028f64aee14cf42dbf3deb4942f4e50f790da11c4df325d5e7e887ff458,5.999999985098879,,,,,,,,,,,,,,,,,,0,0.0,,,,,,,,,,,0,,SmacHybrid,7b53b0e16409d7e48e2b2b9edfcd9d03e14e901d0f3dde175b432e5bdb595a15,121,3543f6cdad39e3f6c61c6477dfbca5359563b72345a5c6ef7f85d37384deba48,0,1,picking_aisle_c,True,3.352179656469049e-12,4.895130382398939e-06,5.999999985098879,1,0.005980769998132018
0.003,3.968290434393025e-11,4.76877231037065e-08,4.989187873364104e-09,,0.6069934105635145,0.5146446686094757,0.5146446686094757,0,139,,,,,,,,,,,,,2.312366724766108e-05,constrained,0.05,70,acd9677ab71f590923262ac0faa211d36ef233d5f0c7c06ce24be42644daf5b2,5.999999985098956,,,,,,,,,,,,,,,,,,0,0.0,,,,,,,,,,,0,,SmacHybrid,7b53b0e16409d7e48e2b2b9edfcd9d03e14e901d0f3dde175b432e5bdb595a15,121,3543f6cdad39e3f6c61c6477dfbca5359563b72345a5c6ef7f85d37384deba48,0,1,picking_aisle_c,True,3.968290434393025e-11,2.312366724766108e-05,5.999999985098956,1,0.009805317000427749
0.0,5.381784460742501e-26,1.1722246862078123e-07,6.76522842438729e-08,,0.6104948422331317,0.5146446686094757,0.5146446686094757,0,121,,,,,,,,,,,,,1.7763568741418306e-13,pivot_g2_fixed,0.05,121,ead256052d1a4fe3dd0041bc70a179a65f23d827b3369ec33dd4f78e5d9d6d3c,5.99999998509884,0,0,"[[2, -3], [2, 3]]",70,0.075,1.1775e-07,0.15,0,2,0,1,[],0,0,0,none,0,0,0.0,200,0,121,0,0,{},0.00011207,fixed,0.05,,0,0,SmacHybrid,7b53b0e16409d7e48e2b2b9edfcd9d03e14e901d0f3dde175b432e5bdb595a15,121,3543f6cdad39e3f6c61c6477dfbca5359563b72345a5c6ef7f85d37384deba48,0,1,picking_aisle_c,True,5.381784460742501e-26,1.7763568741418306e-13,5.99999998509884,1,0.0064709930011304095
0.0,5.381784460742501e-26,1.1722246862078123e-07,6.76522842438729e-08,,0.6104948422331317,0.5146446686094757,0.5146446686094757,0,121,,,,,,,,,,,,,1.7763568741418306e-13,pivot_g2,0.05,121,ead256052d1a4fe3dd0041bc70a179a65f23d827b3369ec33dd4f78e5d9d6d3c,5.99999998509884,0,0,"[[2, -3], [2, 3]]",70,0.075,1.1775e-07,0.15,0,2,0,1,[],0,0,0,none,0,0,0.0,200,0,121,0,0,{},0.000103315,adaptive,0.05,,0,0,SmacHybrid,7b53b0e16409d7e48e2b2b9edfcd9d03e14e901d0f3dde175b432e5bdb595a15,121,3543f6cdad39e3f6c61c6477dfbca5359563b72345a5c6ef7f85d37384deba48,0,1,picking_aisle_c,True,5.381784460742501e-26,1.7763568741418306e-13,5.99999998509884,1,0.006786387002648553
0.0,5.386926768003404e-13,7.334395268898675e-08,1.1008256355125452e-08,,0.6069934105635145,0.5146446686094757,0.5146446686094757,0,139,5.38178e-26,0,0,True,2.64331e-11,0,True,simple_default,simple,5.38693e-13,0,True,2.0759646446323395e-06,adaptive_hybrid_fixed,0.05,70,b7ef3aa9d8f6700c86e90c21be2e6c87f13f7d223fa47bb918fb5ac3756b9d1a,5.999999985098858,,,,,,,,,,,,,,,,,,0,0.0,,,,,,,,,,,0,,SmacHybrid,7b53b0e16409d7e48e2b2b9edfcd9d03e14e901d0f3dde175b432e5bdb595a15,121,3543f6cdad39e3f6c61c6477dfbca5359563b72345a5c6ef7f85d37384deba48,0,1,picking_aisle_c,True,5.386926768003404e-13,2.0759646446323395e-06,5.999999985098858,1,0.006283798000367824
0.0,5.386926768003404e-13,7.334395268898675e-08,1.1008256355125452e-08,,0.6069934105635145,0.5146446686094757,0.5146446686094757,0,139,5.38178e-26,0,0,True,2.64331e-11,0,True,simple_default,simple,5.38693e-13,0,True,2.0759646446323395e-06,adaptive_hybrid,0.05,70,b7ef3aa9d8f6700c86e90c21be2e6c87f13f7d223fa47bb918fb5ac3756b9d1a,5.999999985098858,,,,,,,,,,,,,,,,,,0,0.0,,,,,,,,,,,0,,SmacHybrid,7b53b0e16409d7e48e2b2b9edfcd9d03e14e901d0f3dde175b432e5bdb595a15,121,3543f6cdad39e3f6c61c6477dfbca5359563b72345a5c6ef7f85d37384deba48,0,1,picking_aisle_c,True,5.386926768003404e-13,2.0759646446323395e-06,5.999999985098858,1,0.0059631069998431485
0.003,2.643312858338898e-11,1.3877787807814457e-17,1.261617073437678e-18,,0.6069934105635145,0.5146446686094757,0.5146446686094757,0,139,,,,,,,,,,,,,1.7226480668738045e-05,raw,0.05,70,3543f6cdad39e3f6c61c6477dfbca5359563b72345a5c6ef7f85d37384deba48,5.999999985098919,,,,,,,,,,,,,,,,,,0,0.0,,,,,,,,,,,0,,SmacHybrid,7b53b0e16409d7e48e2b2b9edfcd9d03e14e901d0f3dde175b432e5bdb595a15,121,3543f6cdad39e3f6c61c6477dfbca5359563b72345a5c6ef7f85d37384deba48,0,2,picking_aisle_c,True,2.643312858338898e-11,1.7226480668738045e-05,5.999999985098919,1,0.0034730430015770253
0.0,5.386926768003404e-13,7.334395268898675e-08,1.1008256355125452e-08,,0.6069934105635145,0.5146446686094757,0.5146446686094757,0,139,,,,,,,,,,,,,2.0759646446323395e-06,simple,0.05,70,b7ef3aa9d8f6700c86e90c21be2e6c87f13f7d223fa47bb918fb5ac3756b9d1a,5.999999985098858,,,,,,,,,,,,,,,,,,0,0.0,,,,,,,,,,,0,,SmacHybrid,7b53b0e16409d7e48e2b2b9edfcd9d03e14e901d0f3dde175b432e5bdb595a15,121,3543f6cdad39e3f6c61c6477dfbca5359563b72345a5c6ef7f85d37384deba48,0,2,picking_aisle_c,True,5.386926768003404e-13,2.0759646446323395e-06,5.999999985098858,1,0.006781159001548076
0.003,3.352179656469049e-12,4.173794199147096e-08,5.375879780232567e-09,,0.6063337766924144,0.5146446686094757,0.5146446686094757,0,140,,,,,,,,,,,,,4.895130382398939e-06,savitzky_golay,0.05,70,b1138028f64aee14cf42dbf3deb4942f4e50f790da11c4df325d5e7e887ff458,5.999999985098879,,,,,,,,,,,,,,,,,,0,0.0,,,,,,,,,,,0,,SmacHybrid,7b53b0e16409d7e48e2b2b9edfcd9d03e14e901d0f3dde175b432e5bdb595a15,121,3543f6cdad39e3f6c61c6477dfbca5359563b72345a5c6ef7f85d37384deba48,0,2,picking_aisle_c,True,3.352179656469049e-12,4.895130382398939e-06,5.999999985098879,1,0.006752957000571769
0.003,3.968290434393025e-11,4.76877231037065e-08,4.989187873364104e-09,,0.6069934105635145,0.5146446686094757,0.5146446686094757,0,139,,,,,,,,,,,,,2.312366724766108e-05,constrained,0.05,70,acd9677ab71f590923262ac0faa211d36ef233d5f0c7c06ce24be42644daf5b2,5.999999985098956,,,,,,,,,,,,,,,,,,0,0.0,,,,,,,,,,,0,,SmacHybrid,7b53b0e16409d7e48e2b2b9edfcd9d03e14e901d0f3dde175b432e5bdb595a15,121,3543f6cdad39e3f6c61c6477dfbca5359563b72345a5c6ef7f85d37384deba48,0,2,picking_aisle_c,True,3.968290434393025e-11,2.312366724766108e-05,5.999999985098956,1,0.006682374998490559
0.0,5.381784460742501e-26,1.1722246862078123e-07,6.76522842438729e-08,,0.6104948422331317,0.5146446686094757,0.5146446686094757,0,121,,,,,,,,,,,,,1.7763568741418306e-13,pivot_g2_fixed,0.05,121,ead256052d1a4fe3dd0041bc70a179a65f23d827b3369ec33dd4f78e5d9d6d3c,5.99999998509884,0,0,"[[2, -3], [2, 3]]",70,0.075,1.1775e-07,0.15,0,2,0,1,[],0,0,0,none,0,0,0.0,200,0,121,0,0,{},0.00012764,fixed,0.05,,0,0,SmacHybrid,7b53b0e16409d7e48e2b2b9edfcd9d03e14e901d0f3dde175b432e5bdb595a15,121,3543f6cdad39e3f6c61c6477dfbca5359563b72345a5c6ef7f85d37384deba48,0,2,picking_aisle_c,True,5.381784460742501e-26,1.7763568741418306e-13,5.99999998509884,1,0.007088837002811488
0.003,5.381784460742501e-26,1.1722246862078123e-07,6.76522842438729e-08,,0.6104948422331317,0.5146446686094757,0.5146446686094757,0,121,,,,,,,,,,,,,1.7763568741418306e-13,pivot_g2,0.05,121,ead256052d1a4fe3dd0041bc70a179a65f23d827b3369ec33dd4f78e5d9d6d3c,5.99999998509884,0,0,"[[2, -3], [2, 3]]",70,0.075,1.1775e-07,0.15,0,2,0,1,[],0,0,0,none,0,0,0.0,200,0,121,0,0,{},0.000176771,adaptive,0.05,,0,0,SmacHybrid,7b53b0e16409d7e48e2b2b9edfcd9d03e14e901d0f3dde175b432e5bdb595a15,121,3543f6cdad39e3f6c61c6477dfbca5359563b72345a5c6ef7f85d37384deba48,0,2,picking_aisle_c,True,5.381784460742501e-26,1.7763568741418306e-13,5.99999998509884,1,0.007721067999227671
0.0,5.386926768003404e-13,7.334395268898675e-08,1.1008256355125452e-08,,0.6069934105635145,0.5146446686094757,0.5146446686094757,0,139,5.38178e-26,0,0,True,2.64331e-11,0,True,simple_default,simple,5.38693e-13,0,True,2.0759646446323395e-06,adaptive_hybrid_fixed,0.05,70,b7ef3aa9d8f6700c86e90c21be2e6c87f13f7d223fa47bb918fb5ac3756b9d1a,5.999999985098858,,,,,,,,,,,,,,,,,,0,0.0,,,,,,,,,,,0,,SmacHybrid,7b53b0e16409d7e48e2b2b9edfcd9d03e14e901d0f3dde175b432e5bdb595a15,121,3543f6cdad39e3f6c61c6477dfbca5359563b72345a5c6ef7f85d37384deba48,0,2,picking_aisle_c,True,5.386926768003404e-13,2.0759646446323395e-06,5.999999985098858,1,0.005615988000499783
0.0,5.386926768003404e-13,7.334395268898675e-08,1.1008256355125452e-08,,0.6069934105635145,0.5146446686094757,0.5146446686094757,0,139,5.38178e-26,0,0,True,2.64331e-11,0,True,simple_default,simple,5.38693e-13,0,True,2.0759646446323395e-06,adaptive_hybrid,0.05,70,b7ef3aa9d8f6700c86e90c21be2e6c87f13f7d223fa47bb918fb5ac3756b9d1a,5.999999985098858,,,,,,,,,,,,,,,,,,0,0.0,,,,,,,,,,,0,,SmacHybrid,7b53b0e16409d7e48e2b2b9edfcd9d03e14e901d0f3dde175b432e5bdb595a15,121,3543f6cdad39e3f6c61c6477dfbca5359563b72345a5c6ef7f85d37384deba48,0,2,picking_aisle_c,True,5.386926768003404e-13,2.0759646446323395e-06,5.999999985098858,1,0.006015988998115063
0.003,2.643312858338898e-11,1.3877787807814457e-17,1.261617073437678e-18,,0.6069934105635145,0.5146446686094757,0.5146446686094757,0,139,,,,,,,,,,,,,1.7226480668738045e-05,raw,0.05,70,3543f6cdad39e3f6c61c6477dfbca5359563b72345a5c6ef7f85d37384deba48,5.999999985098919,,,,,,,,,,,,,,,,,,0,0.0,,,,,,,,,,,0,,SmacHybrid,7b53b0e16409d7e48e2b2b9edfcd9d03e14e901d0f3dde175b432e5bdb595a15,121,3543f6cdad39e3f6c61c6477dfbca5359563b72345a5c6ef7f85d37384deba48,0,3,picking_aisle_c,True,2.643312858338898e-11,1.7226480668738045e-05,5.999999985098919,1,0.0030486070027109236
0.0,5.386926768003404e-13,7.334395268898675e-08,1.1008256355125452e-08,,0.6069934105635145,0.5146446686094757,0.5146446686094757,0,139,,,,,,,,,,,,,2.0759646446323395e-06,simple,0.05,70,b7ef3aa9d8f6700c86e90c21be2e6c87f13f7d223fa47bb918fb5ac3756b9d1a,5.999999985098858,,,,,,,,,,,,,,,,,,0,0.0,,,,,,,,,,,0,,SmacHybrid,7b53b0e16409d7e48e2b2b9edfcd9d03e14e901d0f3dde175b432e5bdb595a15,121,3543f6cdad39e3f6c61c6477dfbca5359563b72345a5c6ef7f85d37384deba48,0,3,picking_aisle_c,True,5.386926768003404e-13,2.0759646446323395e-06,5.999999985098858,1,0.004534799998509698
0.0,3.352179656469049e-12,4.173794199147096e-08,5.375879780232567e-09,,0.6063337766924144,0.5146446686094757,0.5146446686094757,0,140,,,,,,,,,,,,,4.895130382398939e-06,savitzky_golay,0.05,70,b1138028f64aee14cf42dbf3deb4942f4e50f790da11c4df325d5e7e887ff458,5.999999985098879,,,,,,,,,,,,,,,,,,0,0.0,,,,,,,,,,,0,,SmacHybrid,7b53b0e16409d7e48e2b2b9edfcd9d03e14e901d0f3dde175b432e5bdb595a15,121,3543f6cdad39e3f6c61c6477dfbca5359563b72345a5c6ef7f85d37384deba48,0,3,picking_aisle_c,True,3.352179656469049e-12,4.895130382398939e-06,5.999999985098879,1,0.006250980997720035
0.006,3.968290434393025e-11,4.76877231037065e-08,4.989187873364104e-09,,0.6069934105635145,0.5146446686094757,0.5146446686094757,0,139,,,,,,,,,,,,,2.312366724766108e-05,constrained,0.05,70,acd9677ab71f590923262ac0faa211d36ef233d5f0c7c06ce24be42644daf5b2,5.999999985098956,,,,,,,,,,,,,,,,,,0,0.0,,,,,,,,,,,0,,SmacHybrid,7b53b0e16409d7e48e2b2b9edfcd9d03e14e901d0f3dde175b432e5bdb595a15,121,3543f6cdad39e3f6c61c6477dfbca5359563b72345a5c6ef7f85d37384deba48,0,3,picking_aisle_c,True,3.968290434393025e-11,2.312366724766108e-05,5.999999985098956,1,0.007104434000211768
0.0,5.381784460742501e-26,1.1722246862078123e-07,6.76522842438729e-08,,0.6104948422331317,0.5146446686094757,0.5146446686094757,0,121,,,,,,,,,,,,,1.7763568741418306e-13,pivot_g2_fixed,0.05,121,ead256052d1a4fe3dd0041bc70a179a65f23d827b3369ec33dd4f78e5d9d6d3c,5.99999998509884,0,0,"[[2, -3], [2, 3]]",70,0.075,1.1775e-07,0.15,0,2,0,1,[],0,0,0,none,0,0,0.0,200,0,121,0,0,{},0.000215383,fixed,0.05,,0,0,SmacHybrid,7b53b0e16409d7e48e2b2b9edfcd9d03e14e901d0f3dde175b432e5bdb595a15,121,3543f6cdad39e3f6c61c6477dfbca5359563b72345a5c6ef7f85d37384deba48,0,3,picking_aisle_c,True,5.381784460742501e-26,1.7763568741418306e-13,5.99999998509884,1,0.007060094001644757
0.0,5.381784460742501e-26,1.1722246862078123e-07,6.76522842438729e-08,,0.6104948422331317,0.5146446686094757,0.5146446686094757,0,121,,,,,,,,,,,,,1.7763568741418306e-13,pivot_g2,0.05,121,ead256052d1a4fe3dd0041bc70a179a65f23d827b3369ec33dd4f78e5d9d6d3c,5.99999998509884,0,0,"[[2, -3], [2, 3]]",70,0.075,1.1775e-07,0.15,0,2,0,1,[],0,0,0,none,0,0,0.0,200,0,121,0,0,{},0.000195669,adaptive,0.05,,0,0,SmacHybrid,7b53b0e16409d7e48e2b2b9edfcd9d03e14e901d0f3dde175b432e5bdb595a15,121,3543f6cdad39e3f6c61c6477dfbca5359563b72345a5c6ef7f85d37384deba48,0,3,picking_aisle_c,True,5.381784460742501e-26,1.7763568741418306e-13,5.99999998509884,1,0.006834855998022249
0.0,5.386926768003404e-13,7.334395268898675e-08,1.1008256355125452e-08,,0.6069934105635145,0.5146446686094757,0.5146446686094757,0,139,5.38178e-26,0,0,True,2.64331e-11,0,True,simple_default,simple,5.38693e-13,0,True,2.0759646446323395e-06,adaptive_hybrid_fixed,0.05,70,b7ef3aa9d8f6700c86e90c21be2e6c87f13f7d223fa47bb918fb5ac3756b9d1a,5.999999985098858,,,,,,,,,,,,,,,,,,0,0.0,,,,,,,,,,,0,,SmacHybrid,7b53b0e16409d7e48e2b2b9edfcd9d03e14e901d0f3dde175b432e5bdb595a15,121,3543f6cdad39e3f6c61c6477dfbca5359563b72345a5c6ef7f85d37384deba48,0,3,picking_aisle_c,True,5.386926768003404e-13,2.0759646446323395e-06,5.999999985098858,1,0.005913789998885477
0.0,5.386926768003404e-13,7.334395268898675e-08,1.1008256355125452e-08,,0.6069934105635145,0.5146446686094757,0.5146446686094757,0,139,5.38178e-26,0,0,True,2.64331e-11,0,True,simple_default,simple,5.38693e-13,0,True,2.0759646446323395e-06,adaptive_hybrid,0.05,70,b7ef3aa9d8f6700c86e90c21be2e6c87f13f7d223fa47bb918fb5ac3756b9d1a,5.999999985098858,,,,,,,,,,,,,,,,,,0,0.0,,,,,,,,,,,0,,SmacHybrid,7b53b0e16409d7e48e2b2b9edfcd9d03e14e901d0f3dde175b432e5bdb595a15,121,3543f6cdad39e3f6c61c6477dfbca5359563b72345a5c6ef7f85d37384deba48,0,3,picking_aisle_c,True,5.386926768003404e-13,2.0759646446323395e-06,5.999999985098858,1,0.007169742999394657
0.003,0.5728656400766149,1.3877787807814457e-17,1.2564358726002496e-18,,1.0313009583439625,0.6646446708446498,0.814644673079824,0,141,,,,,,,,,,,,,2.1066823579746354,raw,0.05,70,17110907dfe0fee316c02523911354d88ce5a993052f32c92d21fd6f8da456d0,6.002082165398959,,,,,,,,,,,,,,,,,,0,0.0,,,,,,,,,,,0,,SmacHybrid,2ccbf58e1dd39c2c89d21883fed2958b14d962bd93687fd737f886efe7cee01b,122,17110907dfe0fee316c02523911354d88ce5a993052f32c92d21fd6f8da456d0,0,1,east_service_lane,True,0.5728656400766149,2.1066823579746354,6.002082165398959,1,0.002625203000206966
0.0,0.01364139900655713,0.008807845851472781,0.001980143259201915,,1.0326197537885884,0.6646446708446498,0.8096446730053183,0,139,,,,,,,,,,,,,0.22895145344671888,simple,0.05,70,abe7db186cf897fe62970a8bb179c68f2902004613eaa488bb6a6b0acfa751a3,6.000515004698337,,,,,,,,,,,,,,,,,,0,0.0,,,,,,,,,,,0,,SmacHybrid,2ccbf58e1dd39c2c89d21883fed2958b14d962bd93687fd737f886efe7cee01b,122,17110907dfe0fee316c02523911354d88ce5a993052f32c92d21fd6f8da456d0,0,1,east_service_lane,True,0.01364139900655713,0.22895145344671888,6.000515004698337,1,0.0063236580026568845
0.003,0.08447108409270003,0.005439595447521484,0.0009003487097207266,,1.0314199317888477,0.6646446708446498,0.8121446730425711,0,140,,,,,,,,,,,,,0.8261210152380568,savitzky_golay,0.05,70,80fb9d41feea4daad78c13d5011cbe2925a2462ee57aa28c57d6d623ea5ab1d6,6.001173280001511,,,,,,,,,,,,,,,,,,0,0.0,,,,,,,,,,,0,,SmacHybrid,2ccbf58e1dd39c2c89d21883fed2958b14d962bd93687fd737f886efe7cee01b,122,17110907dfe0fee316c02523911354d88ce5a993052f32c92d21fd6f8da456d0,0,1,east_service_lane,True,0.08447108409270003,0.8261210152380568,6.001173280001511,1,0.006314886999462033
0.003,0.2365435459729178,0.00307976940202348,0.0007093586091105963,,1.0336988904953164,0.6646446708446498,0.8096446730053183,0,139,,,,,,,,,,,,,1.2119387390908414,constrained,0.05,70,fd0e52a26b223ff58dbcf4b4ff2b73fb4a2f04e934cef0061b66dbde30fab1ab,6.00191390648335,,,,,,,,,,,,,,,,,,0,0.0,,,,,,,,,,,0,,SmacHybrid,2ccbf58e1dd39c2c89d21883fed2958b14d962bd93687fd737f886efe7cee01b,122,17110907dfe0fee316c02523911354d88ce5a993052f32c92d21fd6f8da456d0,0,1,east_service_lane,True,0.2365435459729178,1.2119387390908414,6.00191390648335,1,0.009327271000074688
0.0,1.132862883145351e-17,0.02657938245193845,0.007446092016727159,,1.0363195197568098,0.6646446708446498,0.814644673079824,0,122,,,,,,,,,,,,,2.1287183697009138e-08,pivot_g2_fixed,0.05,122,c98e74b1ae76855fbd632a227d6a74b0959334f00a312e5922331c60a7b4f7b7,6.00000010430813,0,0,"[[4.5, 3], [4.5, -3]]",70,0.075,0.0266786,0.15,0,2,0,1,[],0,0,0,none,0,0,0.0,200,0,122,0,0,{},0.00018522,fixed,0.05,,0,0,SmacHybrid,2ccbf58e1dd39c2c89d21883fed2958b14d962bd93687fd737f886efe7cee01b,122,17110907dfe0fee316c02523911354d88ce5a993052f32c92d21fd6f8da456d0,0,1,east_service_lane,True,1.132862883145351e-17,2.1287183697009138e-08,6.00000010430813,1,0.00640445699900738
0.0,1.132862883145351e-17,0.02657938245193845,0.007446092016727159,,1.0363195197568098,0.6646446708446498,0.814644673079824,0,122,,,,,,,,,,,,,2.1287183697009138e-08,pivot_g2,0.05,122,c98e74b1ae76855fbd632a227d6a74b0959334f00a312e5922331c60a7b4f7b7,6.00000010430813,0,0,"[[4.5, 3], [4.5, -3]]",70,0.075,0.0266786,0.15,0,2,0,1,[],0,0,0,none,0,0,0.0,200,0,122,0,0,{},0.000113621,adaptive,0.05,,0,0,SmacHybrid,2ccbf58e1dd39c2c89d21883fed2958b14d962bd93687fd737f886efe7cee01b,122,17110907dfe0fee316c02523911354d88ce5a993052f32c92d21fd6f8da456d0,0,1,east_service_lane,True,1.132862883145351e-17,2.1287183697009138e-08,6.00000010430813,1,0.006525240998598747
0.0,0.01364139900655713,0.008807845851472781,0.001980143259201915,,1.0326197537885884,0.6646446708446498,0.8096446730053183,0,139,1.13286e-17,0,0,True,0.572866,0,True,simple_default,simple,0.0136414,0,True,0.22895145344671888,adaptive_hybrid_fixed,0.05,70,abe7db186cf897fe62970a8bb179c68f2902004613eaa488bb6a6b0acfa751a3,6.000515004698337,,,,,,,,,,,,,,,,,,0,0.0,,,,,,,,,,,0,,SmacHybrid,2ccbf58e1dd39c2c89d21883fed2958b14d962bd93687fd737f886efe7cee01b,122,17110907dfe0fee316c02523911354d88ce5a993052f32c92d21fd6f8da456d0,0,1,east_service_lane,True,0.01364139900655713,0.22895145344671888,6.000515004698337,1,0.006280161000177031
0.0,0.01364139900655713,0.008807845851472781,0.001980143259201915,,1.0326197537885884,0.6646446708446498,0.8096446730053183,0,139,1.13286e-17,0,0,True,0.572866,0,True,simple_default,simple,0.0136414,0,True,0.22895145344671888,adaptive_hybrid,0.05,70,abe7db186cf897fe62970a8bb179c68f2902004613eaa488bb6a6b0acfa751a3,6.000515004698337,,,,,,,,,,,,,,,,,,0,0.0,,,,,,,,,,,0,,SmacHybrid,2ccbf58e1dd39c2c89d21883fed2958b14d962bd93687fd737f886efe7cee01b,122,17110907dfe0fee316c02523911354d88ce5a993052f32c92d21fd6f8da456d0,0,1,east_service_lane,True,0.01364139900655713,0.22895145344671888,6.000515004698337,1,0.006164984002680285
0.0,0.5728656400766149,1.3877787807814457e-17,1.2564358726002496e-18,,1.0313009583439625,0.6646446708446498,0.814644673079824,0,141,,,,,,,,,,,,,2.1066823579746354,raw,0.05,70,17110907dfe0fee316c02523911354d88ce5a993052f32c92d21fd6f8da456d0,6.002082165398959,,,,,,,,,,,,,,,,,,0,0.0,,,,,,,,,,,0,,SmacHybrid,2ccbf58e1dd39c2c89d21883fed2958b14d962bd93687fd737f886efe7cee01b,122,17110907dfe0fee316c02523911354d88ce5a993052f32c92d21fd6f8da456d0,0,2,east_service_lane,True,0.5728656400766149,2.1066823579746354,6.002082165398959,1,0.0026735329993243795
0.0,0.01364139900655713,0.008807845851472781,0.001980143259201915,,1.0326197537885884,0.6646446708446498,0.8096446730053183,0,139,,,,,,,,,,,,,0.22895145344671888,simple,0.05,70,abe7db186cf897fe62970a8bb179c68f2902004613eaa488bb6a6b0acfa751a3,6.000515004698337,,,,,,,,,,,,,,,,,,0,0.0,,,,,,,,,,,0,,SmacHybrid,2ccbf58e1dd39c2c89d21883fed2958b14d962bd93687fd737f886efe7cee01b,122,17110907dfe0fee316c02523911354d88ce5a993052f32c92d21fd6f8da456d0,0,2,east_service_lane,True,0.01364139900655713,0.22895145344671888,6.000515004698337,1,0.006277328000578564
0.0,0.08447108409270003,0.005439595447521484,0.0009003487097207266,,1.0314199317888477,0.6646446708446498,0.8121446730425711,0,140,,,,,,,,,,,,,0.8261210152380568,savitzky_golay,0.05,70,80fb9d41feea4daad78c13d5011cbe2925a2462ee57aa28c57d6d623ea5ab1d6,6.001173280001511,,,,,,,,,,,,,,,,,,0,0.0,,,,,,,,,,,0,,SmacHybrid,2ccbf58e1dd39c2c89d21883fed2958b14d962bd93687fd737f886efe7cee01b,122,17110907dfe0fee316c02523911354d88ce5a993052f32c92d21fd6f8da456d0,0,2,east_service_lane,True,0.08447108409270003,0.8261210152380568,6.001173280001511,1,0.025240266000764677
0.006,0.2365435459729178,0.00307976940202348,0.0007093586091105963,,1.0336988904953164,0.6646446708446498,0.8096446730053183,0,139,,,,,,,,,,,,,1.2119387390908414,constrained,0.05,70,fd0e52a26b223ff58dbcf4b4ff2b73fb4a2f04e934cef0061b66dbde30fab1ab,6.00191390648335,,,,,,,,,,,,,,,,,,0,0.0,,,,,,,,,,,0,,SmacHybrid,2ccbf58e1dd39c2c89d21883fed2958b14d962bd93687fd737f886efe7cee01b,122,17110907dfe0fee316c02523911354d88ce5a993052f32c92d21fd6f8da456d0,0,2,east_service_lane,True,0.2365435459729178,1.2119387390908414,6.00191390648335,1,0.0066910429995914456
0.0,1.132862883145351e-17,0.02657938245193845,0.007446092016727159,,1.0363195197568098,0.6646446708446498,0.814644673079824,0,122,,,,,,,,,,,,,2.1287183697009138e-08,pivot_g2_fixed,0.05,122,c98e74b1ae76855fbd632a227d6a74b0959334f00a312e5922331c60a7b4f7b7,6.00000010430813,0,0,"[[4.5, 3], [4.5, -3]]",70,0.075,0.0266786,0.15,0,2,0,1,[],0,0,0,none,0,0,0.0,200,0,122,0,0,{},0.000197769,fixed,0.05,,0,0,SmacHybrid,2ccbf58e1dd39c2c89d21883fed2958b14d962bd93687fd737f886efe7cee01b,122,17110907dfe0fee316c02523911354d88ce5a993052f32c92d21fd6f8da456d0,0,2,east_service_lane,True,1.132862883145351e-17,2.1287183697009138e-08,6.00000010430813,1,0.006872532998386305
0.0,1.132862883145351e-17,0.02657938245193845,0.007446092016727159,,1.0363195197568098,0.6646446708446498,0.814644673079824,0,122,,,,,,,,,,,,,2.1287183697009138e-08,pivot_g2,0.05,122,c98e74b1ae76855fbd632a227d6a74b0959334f00a312e5922331c60a7b4f7b7,6.00000010430813,0,0,"[[4.5, 3], [4.5, -3]]",70,0.075,0.0266786,0.15,0,2,0,1,[],0,0,0,none,0,0,0.0,200,0,122,0,0,{},0.000180674,adaptive,0.05,,0,0,SmacHybrid,2ccbf58e1dd39c2c89d21883fed2958b14d962bd93687fd737f886efe7cee01b,122,17110907dfe0fee316c02523911354d88ce5a993052f32c92d21fd6f8da456d0,0,2,east_service_lane,True,1.132862883145351e-17,2.1287183697009138e-08,6.00000010430813,1,0.006747023999196244
0.0,0.01364139900655713,0.008807845851472781,0.001980143259201915,,1.0326197537885884,0.6646446708446498,0.8096446730053183,0,139,1.13286e-17,0,0,True,0.572866,0,True,simple_default,simple,0.0136414,0,True,0.22895145344671888,adaptive_hybrid_fixed,0.05,70,abe7db186cf897fe62970a8bb179c68f2902004613eaa488bb6a6b0acfa751a3,6.000515004698337,,,,,,,,,,,,,,,,,,0,0.0,,,,,,,,,,,0,,SmacHybrid,2ccbf58e1dd39c2c89d21883fed2958b14d962bd93687fd737f886efe7cee01b,122,17110907dfe0fee316c02523911354d88ce5a993052f32c92d21fd6f8da456d0,0,2,east_service_lane,True,0.01364139900655713,0.22895145344671888,6.000515004698337,1,0.0063610659999540076
0.0,0.01364139900655713,0.008807845851472781,0.001980143259201915,,1.0326197537885884,0.6646446708446498,0.8096446730053183,0,139,1.13286e-17,0,0,True,0.572866,0,True,simple_default,simple,0.0136414,0,True,0.22895145344671888,adaptive_hybrid,0.05,70,abe7db186cf897fe62970a8bb179c68f2902004613eaa488bb6a6b0acfa751a3,6.000515004698337,,,,,,,,,,,,,,,,,,0,0.0,,,,,,,,,,,0,,SmacHybrid,2ccbf58e1dd39c2c89d21883fed2958b14d962bd93687fd737f886efe7cee01b,122,17110907dfe0fee316c02523911354d88ce5a993052f32c92d21fd6f8da456d0,0,2,east_service_lane,True,0.01364139900655713,0.22895145344671888,6.000515004698337,1,0.006290844001341611
0.0,0.5728656400766149,1.3877787807814457e-17,1.2564358726002496e-18,,1.0313009583439625,0.6646446708446498,0.814644673079824,0,141,,,,,,,,,,,,,2.1066823579746354,raw,0.05,70,17110907dfe0fee316c02523911354d88ce5a993052f32c92d21fd6f8da456d0,6.002082165398959,,,,,,,,,,,,,,,,,,0,0.0,,,,,,,,,,,0,,SmacHybrid,2ccbf58e1dd39c2c89d21883fed2958b14d962bd93687fd737f886efe7cee01b,122,17110907dfe0fee316c02523911354d88ce5a993052f32c92d21fd6f8da456d0,0,3,east_service_lane,True,0.5728656400766149,2.1066823579746354,6.002082165398959,1,0.0032842939981492236
0.0,0.01364139900655713,0.008807845851472781,0.001980143259201915,,1.0326197537885884,0.6646446708446498,0.8096446730053183,0,139,,,,,,,,,,,,,0.22895145344671888,simple,0.05,70,abe7db186cf897fe62970a8bb179c68f2902004613eaa488bb6a6b0acfa751a3,6.000515004698337,,,,,,,,,,,,,,,,,,0,0.0,,,,,,,,,,,0,,SmacHybrid,2ccbf58e1dd39c2c89d21883fed2958b14d962bd93687fd737f886efe7cee01b,122,17110907dfe0fee316c02523911354d88ce5a993052f32c92d21fd6f8da456d0,0,3,east_service_lane,True,0.01364139900655713,0.22895145344671888,6.000515004698337,1,0.006268232998991152
0.0,0.08447108409270003,0.005439595447521484,0.0009003487097207266,,1.0314199317888477,0.6646446708446498,0.8121446730425711,0,140,,,,,,,,,,,,,0.8261210152380568,savitzky_golay,0.05,70,80fb9d41feea4daad78c13d5011cbe2925a2462ee57aa28c57d6d623ea5ab1d6,6.001173280001511,,,,,,,,,,,,,,,,,,0,0.0,,,,,,,,,,,0,,SmacHybrid,2ccbf58e1dd39c2c89d21883fed2958b14d962bd93687fd737f886efe7cee01b,122,17110907dfe0fee316c02523911354d88ce5a993052f32c92d21fd6f8da456d0,0,3,east_service_lane,True,0.08447108409270003,0.8261210152380568,6.001173280001511,1,0.0065653689998725895
0.006,0.2365435459729178,0.00307976940202348,0.0007093586091105963,,1.0336988904953164,0.6646446708446498,0.8096446730053183,0,139,,,,,,,,,,,,,1.2119387390908414,constrained,0.05,70,fd0e52a26b223ff58dbcf4b4ff2b73fb4a2f04e934cef0061b66dbde30fab1ab,6.00191390648335,,,,,,,,,,,,,,,,,,0,0.0,,,,,,,,,,,0,,SmacHybrid,2ccbf58e1dd39c2c89d21883fed2958b14d962bd93687fd737f886efe7cee01b,122,17110907dfe0fee316c02523911354d88ce5a993052f32c92d21fd6f8da456d0,0,3,east_service_lane,True,0.2365435459729178,1.2119387390908414,6.00191390648335,1,0.010447632001159946
0.0,1.132862883145351e-17,0.02657938245193845,0.007446092016727159,,1.0363195197568098,0.6646446708446498,0.814644673079824,0,122,,,,,,,,,,,,,2.1287183697009138e-08,pivot_g2_fixed,0.05,122,c98e74b1ae76855fbd632a227d6a74b0959334f00a312e5922331c60a7b4f7b7,6.00000010430813,0,0,"[[4.5, 3], [4.5, -3]]",70,0.075,0.0266786,0.15,0,2,0,1,[],0,0,0,none,0,0,0.0,200,0,122,0,0,{},0.000190076,fixed,0.05,,0,0,SmacHybrid,2ccbf58e1dd39c2c89d21883fed2958b14d962bd93687fd737f886efe7cee01b,122,17110907dfe0fee316c02523911354d88ce5a993052f32c92d21fd6f8da456d0,0,3,east_service_lane,True,1.132862883145351e-17,2.1287183697009138e-08,6.00000010430813,1,0.0066256899990548845
0.0,1.132862883145351e-17,0.02657938245193845,0.007446092016727159,,1.0363195197568098,0.6646446708446498,0.814644673079824,0,122,,,,,,,,,,,,,2.1287183697009138e-08,pivot_g2,0.05,122,c98e74b1ae76855fbd632a227d6a74b0959334f00a312e5922331c60a7b4f7b7,6.00000010430813,0,0,"[[4.5, 3], [4.5, -3]]",70,0.075,0.0266786,0.15,0,2,0,1,[],0,0,0,none,0,0,0.0,200,0,122,0,0,{},0.000184553,adaptive,0.05,,0,0,SmacHybrid,2ccbf58e1dd39c2c89d21883fed2958b14d962bd93687fd737f886efe7cee01b,122,17110907dfe0fee316c02523911354d88ce5a993052f32c92d21fd6f8da456d0,0,3,east_service_lane,True,1.132862883145351e-17,2.1287183697009138e-08,6.00000010430813,1,0.007478356001229258
0.0,0.01364139900655713,0.008807845851472781,0.001980143259201915,,1.0326197537885884,0.6646446708446498,0.8096446730053183,0,139,1.13286e-17,0,0,True,0.572866,0,True,simple_default,simple,0.0136414,0,True,0.22895145344671888,adaptive_hybrid_fixed,0.05,70,abe7db186cf897fe62970a8bb179c68f2902004613eaa488bb6a6b0acfa751a3,6.000515004698337,,,,,,,,,,,,,,,,,,0,0.0,,,,,,,,,,,0,,SmacHybrid,2ccbf58e1dd39c2c89d21883fed2958b14d962bd93687fd737f886efe7cee01b,122,17110907dfe0fee316c02523911354d88ce5a993052f32c92d21fd6f8da456d0,0,3,east_service_lane,True,0.01364139900655713,0.22895145344671888,6.000515004698337,1,0.006295085997408023
0.003,0.01364139900655713,0.008807845851472781,0.001980143259201915,,1.0326197537885884,0.6646446708446498,0.8096446730053183,0,139,1.13286e-17,0,0,True,0.572866,0,True,simple_default,simple,0.0136414,0,True,0.22895145344671888,adaptive_hybrid,0.05,70,abe7db186cf897fe62970a8bb179c68f2902004613eaa488bb6a6b0acfa751a3,6.000515004698337,,,,,,,,,,,,,,,,,,0,0.0,,,,,,,,,,,0,,SmacHybrid,2ccbf58e1dd39c2c89d21883fed2958b14d962bd93687fd737f886efe7cee01b,122,17110907dfe0fee316c02523911354d88ce5a993052f32c92d21fd6f8da456d0,0,3,east_service_lane,True,0.01364139900655713,0.22895145344671888,6.000515004698337,1,0.006369070000801003
0.003,7.496306870733461,2.220446049250313e-16,3.7799668120772307e-17,,0.47797038483103044,0.2474873771031409,0.2474873771031409,0,197,,,,,,,,,,,,,4.147680307153169,raw,0.05,89,c0ab1115d662c2967802529e8714b192e708a2654ca3e15e1c6340923e6cf6c5,7.635411484566431,,,,,,,,,,,,,,,,,,0,0.0,,,,,,,,,,,0,,SmacHybrid,754d83d42772d2d4d55d749ecff05b164c5e5273c7043d4650acf3e441321ecc,154,c0ab1115d662c2967802529e8714b192e708a2654ca3e15e1c6340923e6cf6c5,0,1,cross_aisle_transfer,True,7.496306870733461,4.147680307153169,7.635411484566431,1,0.003933397001674166
0.0,2.1341853308479224,0.05154543852709404,0.018858548733162568,,0.47218328945502025,0.18825146149581692,0.2146446641391273,0,179,,,,,,,,,,,,,1.7283403632574743,simple,0.05,89,ad87e749473c5271d40f36b31b6dfed1844032bb35e1b32c86ab53ed1bcc815b,7.545689713899622,,,,,,,,,,,,,,,,,,0,0.0,,,,,,,,,,,0,,SmacHybrid,754d83d42772d2d4d55d749ecff05b164c5e5273c7043d4650acf3e441321ecc,152,c0ab1115d662c2967802529e8714b192e708a2654ca3e15e1c6340923e6cf6c5,0,1,cross_aisle_transfer,True,2.1341853308479224,1.7283403632574743,7.545689713899622,1,0.006631917000049725
0.0,4.341282216564452,0.008175672848289385,0.0027910113620460554,,0.4800026812988689,0.23390290478282266,0.2474873771031409,0,180,,,,,,,,,,,,,3.1543205499050053,savitzky_golay,0.05,89,0312f714c9cb65c0ed37c94cc1011c54e9afffaf6515e035d22f71cda05e9041,7.623302037959979,,,,,,,,,,,,,,,,,,0,0.0,,,,,,,,,,,0,,SmacHybrid,754d83d42772d2d4d55d749ecff05b164c5e5273c7043d4650acf3e441321ecc,154,c0ab1115d662c2967802529e8714b192e708a2654ca3e15e1c6340923e6cf6c5,0,1,cross_aisle_transfer,True,4.341282216564452,3.1543205499050053,7.623302037959979,1,0.0071948510012589395
0.009000000000000001,4.692070604094333,0.01581295570398962,0.006349450832760037,,0.4850808316399723,0.23390290478282266,0.25619225950049973,0,179,,,,,,,,,,,,,2.573531391803529,constrained,0.05,89,6da43cbabf4d221ae1da4ab9df94748afaf806787aac89b8906929dd0db306e1,7.639772882964537,,,,,,,,,,,,,,,,,,0,0.0,,,,,,,,,,,0,,SmacHybrid,754d83d42772d2d4d55d749ecff05b164c5e5273c7043d4650acf3e441321ecc,154,c0ab1115d662c2967802529e8714b192e708a2654ca3e15e1c6340923e6cf6c5,0,1,cross_aisle_transfer,True,4.692070604094333,2.573531391803529,7.639772882964537,1,0.009177063002425712
0.003,1.7938262492503103,0.06258974780725803,0.029404872538666298,,0.434968352928989,0.18825146149581692,0.18825146149581692,0,381,,,,,,,,,,,,,1.1724088612666936,pivot_g2_fixed,0.05,377,00900426a4b32cad84a16a067e04de91f91888ddbfe0a210cabf7fade5435576,7.527792846769742,0,28,"[[-2, -2.8], [-1.8511, -1.45043], [-1.41999, -0.759117], [0.526625, 0.0119881], [1.66637, 1.05096], [2, 2.8]]",89,0.075,0.0645654,0.15,0,6,0,5,"[{'index': 0, 'x': -1.8511, 'y': -1.45043, 'turn_angle': -0.447706, 'incoming_length': 1.35776, 'outgoing_length': 0.814715, 'pivot_safe': True, 'pass_through': False, 'radius_min': 0, 'radius_max': 0, 'trim_min': 0, 'trim_max': 0, 'evaluations': 9, 'safe_feasible': 9, 'states': 0, 'selected_radius': 1.5, 'selected_trim': 0.341503, 'selected_score': 0.85}, {'index': 1, 'x': -1.41999, 'y': -0.759117, 'turn_angle': -0.636038, 'incoming_length': 0.814715, 'outgoing_length': 2.09378, 'pivot_safe': True, 'pass_through': False, 'radius_min': 0, 'radius_max': 0, 'trim_min': 0, 'trim_max': 0, 'evaluations': 9, 'safe_feasible': 7, 'states': 0, 'selected_radius': 1, 'selected_trim': 0.329192, 'selected_score': 0.898649}, {'index': 2, 'x': 0.526625, 'y': 0.0119881, 'turn_angle': 0.362019, 'incoming_length': 2.09378, 'outgoing_length': 1.54223, 'pivot_safe': True, 'pass_through': False, 'radius_min': 0, 'radius_max': 0, 'trim_min': 0, 'trim_max': 0, 'evaluations': 9, 'safe_feasible': 9, 'states': 0, 'selected_radius': 1.5, 'selected_trim': 0.274519, 'selected_score': 1}, {'index': 3, 'x': 1.66637, 'y': 1.05096, 'turn_angle': 0.643127, 'incoming_length': 1.54223, 'outgoing_length': 1.78057, 'pivot_safe': True, 'pass_through': False, 'radius_min': 0, 'radius_max': 0, 'trim_min': 0, 'trim_max': 0, 'evaluations': 9, 'safe_feasible': 9, 'states': 0, 'selected_radius': 1.25, 'selected_trim': 0.416407, 'selected_score': 0.863389}]",4,0,36,none,4,0,0.0,200,0.903009,377,0,0,{'transition would overlap an adjacent corner window': 2},0.00500514,fixed,0.05,,0,34,SmacHybrid,754d83d42772d2d4d55d749ecff05b164c5e5273c7043d4650acf3e441321ecc,152,c0ab1115d662c2967802529e8714b192e708a2654ca3e15e1c6340923e6cf6c5,0,1,cross_aisle_transfer,True,1.7938262492503103,1.1724088612666936,7.527792846769742,1,0.012923774997034343
0.006,2.1445598559101815,0.07497279470614877,0.03204684682009919,,0.4359267011382964,0.17677669793081488,0.18825146149581692,0,375,,,,,,,,,,,,,2.4911642741320468,pivot_g2,0.05,371,eb24a2adc44658c49d6079656584a3aa9658e8cff0924f0d7a209964cc50c9b8,7.5209623992964705,92,65,"[[-2, -2.8], [-1.8511, -1.45043], [-1.41999, -0.759117], [0.526625, 0.0119881], [1.66637, 1.05096], [2, 2.8]]",89,0.075,0.0645654,0.15,0,6,0,5,"[{'index': 0, 'x': -1.8511, 'y': -1.45043, 'turn_angle': -0.447706, 'incoming_length': 1.35776, 'outgoing_length': 0.814715, 'pivot_safe': True, 'pass_through': False, 'radius_min': 0.1, 'radius_max': 1.5, 'trim_min': 0.0227669, 'trim_max': 0.341503, 'evaluations': 20, 'safe_feasible': 17, 'states': 6, 'selected_radius': 0.45, 'selected_trim': 0.102451, 'selected_score': 0.566439}, {'index': 1, 'x': -1.41999, 'y': -0.759117, 'turn_angle': -0.636038, 'incoming_length': 0.814715, 'outgoing_length': 2.09378, 'pivot_safe': True, 'pass_through': False, 'radius_min': 0.1, 'radius_max': 1.5, 'trim_min': 0.0329192, 'trim_max': 0.493789, 'evaluations': 20, 'safe_feasible': 18, 'states': 6, 'selected_radius': 1.5, 'selected_trim': 0.493789, 'selected_score': 0.39198}, {'index': 2, 'x': 0.526625, 'y': 0.0119881, 'turn_angle': 0.362019, 'incoming_length': 2.09378, 'outgoing_length': 1.54223, 'pivot_safe': True, 'pass_through': False, 'radius_min': 0.1, 'radius_max': 1.5, 'trim_min': 0.0183013, 'trim_max': 0.274519, 'evaluations': 20, 'safe_feasible': 18, 'states': 6, 'selected_radius': 1.5, 'selected_trim': 0.274519, 'selected_score': 0.183535}, {'index': 3, 'x': 1.66637, 'y': 1.05096, 'turn_angle': 0.643127, 'incoming_length': 1.54223, 'outgoing_length': 1.78057, 'pivot_safe': True, 'pass_through': False, 'radius_min': 0.1, 'radius_max': 1.5, 'trim_min': 0.0333126, 'trim_max': 0.499688, 'evaluations': 20, 'safe_feasible': 18, 'states': 6, 'selected_radius': 1.4475, 'selected_trim': 0.482199, 'selected_score': 0.409017}]",4,24,80,none,4,0,0.0,200,0.387743,371,0,0,"{'angular acceleration iteration did not converge': 3, 'transition requires a reversing inner wheel': 6}",0.00683285,adaptive,0.05,,0,71,SmacHybrid,754d83d42772d2d4d55d749ecff05b164c5e5273c7043d4650acf3e441321ecc,152,c0ab1115d662c2967802529e8714b192e708a2654ca3e15e1c6340923e6cf6c5,0,1,cross_aisle_transfer,True,2.1445598559101815,2.4911642741320468,7.5209623992964705,1,0.013869702001102269
0.006,2.1341853308479224,0.05154543852709404,0.018858548733162568,,0.47218328945502025,0.18825146149581692,0.2146446641391273,0,179,1.79383,0,221,True,7.49631,173,True,simple_default,simple,2.13419,221,True,1.7283403632574743,adaptive_hybrid_fixed,0.05,89,ad87e749473c5271d40f36b31b6dfed1844032bb35e1b32c86ab53ed1bcc815b,7.545689713899622,,,,,,,,,,,,,,,,,,0,0.0,,,,,,,,,,,0,,SmacHybrid,754d83d42772d2d4d55d749ecff05b164c5e5273c7043d4650acf3e441321ecc,152,c0ab1115d662c2967802529e8714b192e708a2654ca3e15e1c6340923e6cf6c5,0,1,cross_aisle_transfer,True,2.1341853308479224,1.7283403632574743,7.545689713899622,1,0.008887613003025763
0.006,2.1341853308479224,0.05154543852709404,0.018858548733162568,,0.47218328945502025,0.18825146149581692,0.2146446641391273,0,179,2.14456,0,228,True,7.49631,173,True,simple_default,simple,2.13419,221,True,1.7283403632574743,adaptive_hybrid,0.05,89,ad87e749473c5271d40f36b31b6dfed1844032bb35e1b32c86ab53ed1bcc815b,7.545689713899622,,,,,,,,,,,,,,,,,,0,0.0,,,,,,,,,,,0,,SmacHybrid,754d83d42772d2d4d55d749ecff05b164c5e5273c7043d4650acf3e441321ecc,152,c0ab1115d662c2967802529e8714b192e708a2654ca3e15e1c6340923e6cf6c5,0,1,cross_aisle_transfer,True,2.1341853308479224,1.7283403632574743,7.545689713899622,1,0.00965220199941541
0.0,7.496306870733461,2.220446049250313e-16,3.7799668120772307e-17,,0.47797038483103044,0.2474873771031409,0.2474873771031409,0,197,,,,,,,,,,,,,4.147680307153169,raw,0.05,89,c0ab1115d662c2967802529e8714b192e708a2654ca3e15e1c6340923e6cf6c5,7.635411484566431,,,,,,,,,,,,,,,,,,0,0.0,,,,,,,,,,,0,,SmacHybrid,754d83d42772d2d4d55d749ecff05b164c5e5273c7043d4650acf3e441321ecc,154,c0ab1115d662c2967802529e8714b192e708a2654ca3e15e1c6340923e6cf6c5,0,2,cross_aisle_transfer,True,7.496306870733461,4.147680307153169,7.635411484566431,1,0.004699599001469323
0.0,2.1341853308479224,0.05154543852709404,0.018858548733162568,,0.47218328945502025,0.18825146149581692,0.2146446641391273,0,179,,,,,,,,,,,,,1.7283403632574743,simple,0.05,89,ad87e749473c5271d40f36b31b6dfed1844032bb35e1b32c86ab53ed1bcc815b,7.545689713899622,,,,,,,,,,,,,,,,,,0,0.0,,,,,,,,,,,0,,SmacHybrid,754d83d42772d2d4d55d749ecff05b164c5e5273c7043d4650acf3e441321ecc,152,c0ab1115d662c2967802529e8714b192e708a2654ca3e15e1c6340923e6cf6c5,0,2,cross_aisle_transfer,True,2.1341853308479224,1.7283403632574743,7.545689713899622,1,0.0063588160010112915
0.0,4.341282216564452,0.008175672848289385,0.0027910113620460554,,0.4800026812988689,0.23390290478282266,0.2474873771031409,0,180,,,,,,,,,,,,,3.1543205499050053,savitzky_golay,0.05,89,0312f714c9cb65c0ed37c94cc1011c54e9afffaf6515e035d22f71cda05e9041,7.623302037959979,,,,,,,,,,,,,,,,,,0,0.0,,,,,,,,,,,0,,SmacHybrid,754d83d42772d2d4d55d749ecff05b164c5e5273c7043d4650acf3e441321ecc,154,c0ab1115d662c2967802529e8714b192e708a2654ca3e15e1c6340923e6cf6c5,0,2,cross_aisle_transfer,True,4.341282216564452,3.1543205499050053,7.623302037959979,1,0.006377901998348534
0.009000000000000001,4.692070604094333,0.01581295570398962,0.006349450832760037,,0.4850808316399723,0.23390290478282266,0.25619225950049973,0,179,,,,,,,,,,,,,2.573531391803529,constrained,0.05,89,6da43cbabf4d221ae1da4ab9df94748afaf806787aac89b8906929dd0db306e1,7.639772882964537,,,,,,,,,,,,,,,,,,0,0.0,,,,,,,,,,,0,,SmacHybrid,754d83d42772d2d4d55d749ecff05b164c5e5273c7043d4650acf3e441321ecc,154,c0ab1115d662c2967802529e8714b192e708a2654ca3e15e1c6340923e6cf6c5,0,2,cross_aisle_transfer,True,4.692070604094333,2.573531391803529,7.639772882964537,1,0.00973648700164631
0.006,1.7938262492503103,0.06258974780725803,0.029404872538666298,,0.434968352928989,0.18825146149581692,0.18825146149581692,0,381,,,,,,,,,,,,,1.1724088612666936,pivot_g2_fixed,0.05,377,00900426a4b32cad84a16a067e04de91f91888ddbfe0a210cabf7fade5435576,7.527792846769742,0,28,"[[-2, -2.8], [-1.8511, -1.45043], [-1.41999, -0.759117], [0.526625, 0.0119881], [1.66637, 1.05096], [2, 2.8]]",89,0.075,0.0645654,0.15,0,6,0,5,"[{'index': 0, 'x': -1.8511, 'y': -1.45043, 'turn_angle': -0.447706, 'incoming_length': 1.35776, 'outgoing_length': 0.814715, 'pivot_safe': True, 'pass_through': False, 'radius_min': 0, 'radius_max': 0, 'trim_min': 0, 'trim_max': 0, 'evaluations': 9, 'safe_feasible': 9, 'states': 0, 'selected_radius': 1.5, 'selected_trim': 0.341503, 'selected_score': 0.85}, {'index': 1, 'x': -1.41999, 'y': -0.759117, 'turn_angle': -0.636038, 'incoming_length': 0.814715, 'outgoing_length': 2.09378, 'pivot_safe': True, 'pass_through': False, 'radius_min': 0, 'radius_max': 0, 'trim_min': 0, 'trim_max': 0, 'evaluations': 9, 'safe_feasible': 7, 'states': 0, 'selected_radius': 1, 'selected_trim': 0.329192, 'selected_score': 0.898649}, {'index': 2, 'x': 0.526625, 'y': 0.0119881, 'turn_angle': 0.362019, 'incoming_length': 2.09378, 'outgoing_length': 1.54223, 'pivot_safe': True, 'pass_through': False, 'radius_min': 0, 'radius_max': 0, 'trim_min': 0, 'trim_max': 0, 'evaluations': 9, 'safe_feasible': 9, 'states': 0, 'selected_radius': 1.5, 'selected_trim': 0.274519, 'selected_score': 1}, {'index': 3, 'x': 1.66637, 'y': 1.05096, 'turn_angle': 0.643127, 'incoming_length': 1.54223, 'outgoing_length': 1.78057, 'pivot_safe': True, 'pass_through': False, 'radius_min': 0, 'radius_max': 0, 'trim_min': 0, 'trim_max': 0, 'evaluations': 9, 'safe_feasible': 9, 'states': 0, 'selected_radius': 1.25, 'selected_trim': 0.416407, 'selected_score': 0.863389}]",4,0,36,none,4,0,0.0,200,0.903009,377,0,0,{'transition would overlap an adjacent corner window': 2},0.00506729,fixed,0.05,,0,34,SmacHybrid,754d83d42772d2d4d55d749ecff05b164c5e5273c7043d4650acf3e441321ecc,152,c0ab1115d662c2967802529e8714b192e708a2654ca3e15e1c6340923e6cf6c5,0,2,cross_aisle_transfer,True,1.7938262492503103,1.1724088612666936,7.527792846769742,1,0.029887597997003468
0.009000000000000001,2.1445598559101815,0.07497279470614877,0.03204684682009919,,0.4359267011382964,0.17677669793081488,0.18825146149581692,0,375,,,,,,,,,,,,,2.4911642741320468,pivot_g2,0.05,371,eb24a2adc44658c49d6079656584a3aa9658e8cff0924f0d7a209964cc50c9b8,7.5209623992964705,92,65,"[[-2, -2.8], [-1.8511, -1.45043], [-1.41999, -0.759117], [0.526625, 0.0119881], [1.66637, 1.05096], [2, 2.8]]",89,0.075,0.0645654,0.15,0,6,0,5,"[{'index': 0, 'x': -1.8511, 'y': -1.45043, 'turn_angle': -0.447706, 'incoming_length': 1.35776, 'outgoing_length': 0.814715, 'pivot_safe': True, 'pass_through': False, 'radius_min': 0.1, 'radius_max': 1.5, 'trim_min': 0.0227669, 'trim_max': 0.341503, 'evaluations': 20, 'safe_feasible': 17, 'states': 6, 'selected_radius': 0.45, 'selected_trim': 0.102451, 'selected_score': 0.566439}, {'index': 1, 'x': -1.41999, 'y': -0.759117, 'turn_angle': -0.636038, 'incoming_length': 0.814715, 'outgoing_length': 2.09378, 'pivot_safe': True, 'pass_through': False, 'radius_min': 0.1, 'radius_max': 1.5, 'trim_min': 0.0329192, 'trim_max': 0.493789, 'evaluations': 20, 'safe_feasible': 18, 'states': 6, 'selected_radius': 1.5, 'selected_trim': 0.493789, 'selected_score': 0.39198}, {'index': 2, 'x': 0.526625, 'y': 0.0119881, 'turn_angle': 0.362019, 'incoming_length': 2.09378, 'outgoing_length': 1.54223, 'pivot_safe': True, 'pass_through': False, 'radius_min': 0.1, 'radius_max': 1.5, 'trim_min': 0.0183013, 'trim_max': 0.274519, 'evaluations': 20, 'safe_feasible': 18, 'states': 6, 'selected_radius': 1.5, 'selected_trim': 0.274519, 'selected_score': 0.183535}, {'index': 3, 'x': 1.66637, 'y': 1.05096, 'turn_angle': 0.643127, 'incoming_length': 1.54223, 'outgoing_length': 1.78057, 'pivot_safe': True, 'pass_through': False, 'radius_min': 0.1, 'radius_max': 1.5, 'trim_min': 0.0333126, 'trim_max': 0.499688, 'evaluations': 20, 'safe_feasible': 18, 'states': 6, 'selected_radius': 1.4475, 'selected_trim': 0.482199, 'selected_score': 0.409017}]",4,24,80,none,4,0,0.0,200,0.387743,371,0,0,"{'angular acceleration iteration did not converge': 3, 'transition requires a reversing inner wheel': 6}",0.00851185,adaptive,0.05,,0,71,SmacHybrid,754d83d42772d2d4d55d749ecff05b164c5e5273c7043d4650acf3e441321ecc,152,c0ab1115d662c2967802529e8714b192e708a2654ca3e15e1c6340923e6cf6c5,0,2,cross_aisle_transfer,True,2.1445598559101815,2.4911642741320468,7.5209623992964705,1,0.015465640000911662
0.006,2.1341853308479224,0.05154543852709404,0.018858548733162568,,0.47218328945502025,0.18825146149581692,0.2146446641391273,0,179,1.79383,0,221,True,7.49631,173,True,simple_default,simple,2.13419,221,True,1.7283403632574743,adaptive_hybrid_fixed,0.05,89,ad87e749473c5271d40f36b31b6dfed1844032bb35e1b32c86ab53ed1bcc815b,7.545689713899622,,,,,,,,,,,,,,,,,,0,0.0,,,,,,,,,,,0,,SmacHybrid,754d83d42772d2d4d55d749ecff05b164c5e5273c7043d4650acf3e441321ecc,152,c0ab1115d662c2967802529e8714b192e708a2654ca3e15e1c6340923e6cf6c5,0,2,cross_aisle_transfer,True,2.1341853308479224,1.7283403632574743,7.545689713899622,1,0.008486044996971032
0.009000000000000001,2.1341853308479224,0.05154543852709404,0.018858548733162568,,0.47218328945502025,0.18825146149581692,0.2146446641391273,0,179,2.14456,0,228,True,7.49631,173,True,simple_default,simple,2.13419,221,True,1.7283403632574743,adaptive_hybrid,0.05,89,ad87e749473c5271d40f36b31b6dfed1844032bb35e1b32c86ab53ed1bcc815b,7.545689713899622,,,,,,,,,,,,,,,,,,0,0.0,,,,,,,,,,,0,,SmacHybrid,754d83d42772d2d4d55d749ecff05b164c5e5273c7043d4650acf3e441321ecc,152,c0ab1115d662c2967802529e8714b192e708a2654ca3e15e1c6340923e6cf6c5,0,2,cross_aisle_transfer,True,2.1341853308479224,1.7283403632574743,7.545689713899622,1,0.012554132001241669
0.003,7.496306870733461,2.220446049250313e-16,3.7799668120772307e-17,,0.47797038483103044,0.2474873771031409,0.2474873771031409,0,197,,,,,,,,,,,,,4.147680307153169,raw,0.05,89,c0ab1115d662c2967802529e8714b192e708a2654ca3e15e1c6340923e6cf6c5,7.635411484566431,,,,,,,,,,,,,,,,,,0,0.0,,,,,,,,,,,0,,SmacHybrid,754d83d42772d2d4d55d749ecff05b164c5e5273c7043d4650acf3e441321ecc,154,c0ab1115d662c2967802529e8714b192e708a2654ca3e15e1c6340923e6cf6c5,0,3,cross_aisle_transfer,True,7.496306870733461,4.147680307153169,7.635411484566431,1,0.005093821997434134
0.0,2.1341853308479224,0.05154543852709404,0.018858548733162568,,0.47218328945502025,0.18825146149581692,0.2146446641391273,0,179,,,,,,,,,,,,,1.7283403632574743,simple,0.05,89,ad87e749473c5271d40f36b31b6dfed1844032bb35e1b32c86ab53ed1bcc815b,7.545689713899622,,,,,,,,,,,,,,,,,,0,0.0,,,,,,,,,,,0,,SmacHybrid,754d83d42772d2d4d55d749ecff05b164c5e5273c7043d4650acf3e441321ecc,152,c0ab1115d662c2967802529e8714b192e708a2654ca3e15e1c6340923e6cf6c5,0,3,cross_aisle_transfer,True,2.1341853308479224,1.7283403632574743,7.545689713899622,1,0.006965104999835603
0.0,4.341282216564452,0.008175672848289385,0.0027910113620460554,,0.4800026812988689,0.23390290478282266,0.2474873771031409,0,180,,,,,,,,,,,,,3.1543205499050053,savitzky_golay,0.05,89,0312f714c9cb65c0ed37c94cc1011c54e9afffaf6515e035d22f71cda05e9041,7.623302037959979,,,,,,,,,,,,,,,,,,0,0.0,,,,,,,,,,,0,,SmacHybrid,754d83d42772d2d4d55d749ecff05b164c5e5273c7043d4650acf3e441321ecc,154,c0ab1115d662c2967802529e8714b192e708a2654ca3e15e1c6340923e6cf6c5,0,3,cross_aisle_transfer,True,4.341282216564452,3.1543205499050053,7.623302037959979,1,0.0072353929972450715
0.009000000000000001,4.692070604094333,0.01581295570398962,0.006349450832760037,,0.4850808316399723,0.23390290478282266,0.25619225950049973,0,179,,,,,,,,,,,,,2.573531391803529,constrained,0.05,89,6da43cbabf4d221ae1da4ab9df94748afaf806787aac89b8906929dd0db306e1,7.639772882964537,,,,,,,,,,,,,,,,,,0,0.0,,,,,,,,,,,0,,SmacHybrid,754d83d42772d2d4d55d749ecff05b164c5e5273c7043d4650acf3e441321ecc,154,c0ab1115d662c2967802529e8714b192e708a2654ca3e15e1c6340923e6cf6c5,0,3,cross_aisle_transfer,True,4.692070604094333,2.573531391803529,7.639772882964537,1,0.013747118999162922
0.006,1.7938262492503103,0.06258974780725803,0.029404872538666298,,0.434968352928989,0.18825146149581692,0.18825146149581692,0,381,,,,,,,,,,,,,1.1724088612666936,pivot_g2_fixed,0.05,377,00900426a4b32cad84a16a067e04de91f91888ddbfe0a210cabf7fade5435576,7.527792846769742,0,28,"[[-2, -2.8], [-1.8511, -1.45043], [-1.41999, -0.759117], [0.526625, 0.0119881], [1.66637, 1.05096], [2, 2.8]]",89,0.075,0.0645654,0.15,0,6,0,5,"[{'index': 0, 'x': -1.8511, 'y': -1.45043, 'turn_angle': -0.447706, 'incoming_length': 1.35776, 'outgoing_length': 0.814715, 'pivot_safe': True, 'pass_through': False, 'radius_min': 0, 'radius_max': 0, 'trim_min': 0, 'trim_max': 0, 'evaluations': 9, 'safe_feasible': 9, 'states': 0, 'selected_radius': 1.5, 'selected_trim': 0.341503, 'selected_score': 0.85}, {'index': 1, 'x': -1.41999, 'y': -0.759117, 'turn_angle': -0.636038, 'incoming_length': 0.814715, 'outgoing_length': 2.09378, 'pivot_safe': True, 'pass_through': False, 'radius_min': 0, 'radius_max': 0, 'trim_min': 0, 'trim_max': 0, 'evaluations': 9, 'safe_feasible': 7, 'states': 0, 'selected_radius': 1, 'selected_trim': 0.329192, 'selected_score': 0.898649}, {'index': 2, 'x': 0.526625, 'y': 0.0119881, 'turn_angle': 0.362019, 'incoming_length': 2.09378, 'outgoing_length': 1.54223, 'pivot_safe': True, 'pass_through': False, 'radius_min': 0, 'radius_max': 0, 'trim_min': 0, 'trim_max': 0, 'evaluations': 9, 'safe_feasible': 9, 'states': 0, 'selected_radius': 1.5, 'selected_trim': 0.274519, 'selected_score': 1}, {'index': 3, 'x': 1.66637, 'y': 1.05096, 'turn_angle': 0.643127, 'incoming_length': 1.54223, 'outgoing_length': 1.78057, 'pivot_safe': True, 'pass_through': False, 'radius_min': 0, 'radius_max': 0, 'trim_min': 0, 'trim_max': 0, 'evaluations': 9, 'safe_feasible': 9, 'states': 0, 'selected_radius': 1.25, 'selected_trim': 0.416407, 'selected_score': 0.863389}]",4,0,36,none,4,0,0.0,200,0.903009,377,0,0,{'transition would overlap an adjacent corner window': 2},0.00400424,fixed,0.05,,0,34,SmacHybrid,754d83d42772d2d4d55d749ecff05b164c5e5273c7043d4650acf3e441321ecc,152,c0ab1115d662c2967802529e8714b192e708a2654ca3e15e1c6340923e6cf6c5,0,3,cross_aisle_transfer,True,1.7938262492503103,1.1724088612666936,7.527792846769742,1,0.010745850999228423
0.009000000000000001,2.1445598559101815,0.07497279470614877,0.03204684682009919,,0.4359267011382964,0.17677669793081488,0.18825146149581692,0,375,,,,,,,,,,,,,2.4911642741320468,pivot_g2,0.05,371,eb24a2adc44658c49d6079656584a3aa9658e8cff0924f0d7a209964cc50c9b8,7.5209623992964705,92,65,"[[-2, -2.8], [-1.8511, -1.45043], [-1.41999, -0.759117], [0.526625, 0.0119881], [1.66637, 1.05096], [2, 2.8]]",89,0.075,0.0645654,0.15,0,6,0,5,"[{'index': 0, 'x': -1.8511, 'y': -1.45043, 'turn_angle': -0.447706, 'incoming_length': 1.35776, 'outgoing_length': 0.814715, 'pivot_safe': True, 'pass_through': False, 'radius_min': 0.1, 'radius_max': 1.5, 'trim_min': 0.0227669, 'trim_max': 0.341503, 'evaluations': 20, 'safe_feasible': 17, 'states': 6, 'selected_radius': 0.45, 'selected_trim': 0.102451, 'selected_score': 0.566439}, {'index': 1, 'x': -1.41999, 'y': -0.759117, 'turn_angle': -0.636038, 'incoming_length': 0.814715, 'outgoing_length': 2.09378, 'pivot_safe': True, 'pass_through': False, 'radius_min': 0.1, 'radius_max': 1.5, 'trim_min': 0.0329192, 'trim_max': 0.493789, 'evaluations': 20, 'safe_feasible': 18, 'states': 6, 'selected_radius': 1.5, 'selected_trim': 0.493789, 'selected_score': 0.39198}, {'index': 2, 'x': 0.526625, 'y': 0.0119881, 'turn_angle': 0.362019, 'incoming_length': 2.09378, 'outgoing_length': 1.54223, 'pivot_safe': True, 'pass_through': False, 'radius_min': 0.1, 'radius_max': 1.5, 'trim_min': 0.0183013, 'trim_max': 0.274519, 'evaluations': 20, 'safe_feasible': 18, 'states': 6, 'selected_radius': 1.5, 'selected_trim': 0.274519, 'selected_score': 0.183535}, {'index': 3, 'x': 1.66637, 'y': 1.05096, 'turn_angle': 0.643127, 'incoming_length': 1.54223, 'outgoing_length': 1.78057, 'pivot_safe': True, 'pass_through': False, 'radius_min': 0.1, 'radius_max': 1.5, 'trim_min': 0.0333126, 'trim_max': 0.499688, 'evaluations': 20, 'safe_feasible': 18, 'states': 6, 'selected_radius': 1.4475, 'selected_trim': 0.482199, 'selected_score': 0.409017}]",4,24,80,none,4,0,0.0,200,0.387743,371,0,0,"{'angular acceleration iteration did not converge': 3, 'transition requires a reversing inner wheel': 6}",0.00801024,adaptive,0.05,,0,71,SmacHybrid,754d83d42772d2d4d55d749ecff05b164c5e5273c7043d4650acf3e441321ecc,152,c0ab1115d662c2967802529e8714b192e708a2654ca3e15e1c6340923e6cf6c5,0,3,cross_aisle_transfer,True,2.1445598559101815,2.4911642741320468,7.5209623992964705,1,0.014628078002715483
0.006,2.1341853308479224,0.05154543852709404,0.018858548733162568,,0.47218328945502025,0.18825146149581692,0.2146446641391273,0,179,1.79383,0,221,True,7.49631,173,True,simple_default,simple,2.13419,221,True,1.7283403632574743,adaptive_hybrid_fixed,0.05,89,ad87e749473c5271d40f36b31b6dfed1844032bb35e1b32c86ab53ed1bcc815b,7.545689713899622,,,,,,,,,,,,,,,,,,0,0.0,,,,,,,,,,,0,,SmacHybrid,754d83d42772d2d4d55d749ecff05b164c5e5273c7043d4650acf3e441321ecc,152,c0ab1115d662c2967802529e8714b192e708a2654ca3e15e1c6340923e6cf6c5,0,3,cross_aisle_transfer,True,2.1341853308479224,1.7283403632574743,7.545689713899622,1,0.009964085998944938
0.009000000000000001,2.1341853308479224,0.05154543852709404,0.018858548733162568,,0.47218328945502025,0.18825146149581692,0.2146446641391273,0,179,2.14456,0,228,True,7.49631,173,True,simple_default,simple,2.13419,221,True,1.7283403632574743,adaptive_hybrid,0.05,89,ad87e749473c5271d40f36b31b6dfed1844032bb35e1b32c86ab53ed1bcc815b,7.545689713899622,,,,,,,,,,,,,,,,,,0,0.0,,,,,,,,,,,0,,SmacHybrid,754d83d42772d2d4d55d749ecff05b164c5e5273c7043d4650acf3e441321ecc,152,c0ab1115d662c2967802529e8714b192e708a2654ca3e15e1c6340923e6cf6c5,0,3,cross_aisle_transfer,True,2.1341853308479224,1.7283403632574743,7.545689713899622,1,0.01175387599869282
