algorithm_time_s,curvature_energy_1pm,deviation_max_m,deviation_rmse_m,error,footprint_clearance_mean_m,footprint_clearance_min_m,footprint_clearance_p05_m,footprint_collision_sample_count,footprint_pose_sample_count,hybrid_pivot_energy,hybrid_pivot_markers,hybrid_pivot_max_cost,hybrid_pivot_safe,hybrid_raw_energy,hybrid_raw_max_cost,hybrid_raw_safe,hybrid_reason,hybrid_selected,hybrid_simple_energy,hybrid_simple_max_cost,hybrid_simple_safe,max_abs_curvature_1pm,method,metric_spacing_m,native_point_count,output_path_sha256,path_length_m,pivot_compatible_edges,pivot_competitive_candidates,pivot_conditioning_input_points,pivot_conditioning_max_deviation,pivot_conditioning_observed_deviation,pivot_conditioning_output_points,pivot_conditioning_safety_rejections,pivot_conditioning_shortcuts,pivot_corner_search,pivot_corners,pivot_dp_states,pivot_evaluations,pivot_fallback,pivot_g2_transitions,pivot_marker_count,pivot_max_angle_rad,pivot_max_footprint_cost,pivot_mean_transition_score,pivot_output_points,pivot_pivots,pivot_rejections,pivot_runtime_s,pivot_search_mode,pivot_segment_margin,pivot_total_angle_rad,pivot_valid_candidates,planner,planner_output_path_sha256,point_count,raw_path_sha256,removed_duplicate_pose_count,repetition,scenario,success,translation_curvature_energy_1pm,translation_max_abs_curvature_1pm,translation_path_length_m,translation_segment_count,wall_time_s
0.0,1.7763614716181782e-12,0.0,0.0,,0.7140896970626842,0.6447181959844944,0.7146446715897079,0,292,,,,,,,,,,,,,5.9604738034203535e-06,raw,0.05,290,be14d93aff78ca16b2f92bbb5d5e98f259e4565841c31705a5b127bd8f5ca41b,7.299999947845938,,,,,,,,,,,,,,,0,0.0,,,,,,,,,0,,NavFnAStar,be14d93aff78ca16b2f92bbb5d5e98f259e4565841c31705a5b127bd8f5ca41b,147,be14d93aff78ca16b2f92bbb5d5e98f259e4565841c31705a5b127bd8f5ca41b,0,1,straight_lower_aisle,True,1.7763614716181782e-12,5.9604738034203535e-06,7.299999947845938,1,0.005620363000161888
0.0,5.397380654863941e-14,9.344196971738938e-09,8.933066392227504e-10,,0.714108961247787,0.6447181959844944,0.7146446715897079,0,290,,,,,,,,,,,,,6.392212981154437e-07,simple,0.05,290,91ee51f8939ae83354405ee1b2d9ffdd35d275ad207b441045bbde3cbde626f0,7.2999999478459365,,,,,,,,,,,,,,,0,0.0,,,,,,,,,0,,NavFnAStar,be14d93aff78ca16b2f92bbb5d5e98f259e4565841c31705a5b127bd8f5ca41b,147,be14d93aff78ca16b2f92bbb5d5e98f259e4565841c31705a5b127bd8f5ca41b,0,1,straight_lower_aisle,True,5.397380654863941e-14,6.392212981154437e-07,7.2999999478459365,1,0.006810410999605665
0.0,2.2284348670517425e-13,6.7243886014978216e-09,5.700390583637994e-10,,0.714108961247787,0.6447181959844944,0.7146446715897079,0,290,,,,,,,,,,,,,1.2809257654566832e-06,savitzky_golay,0.05,290,03db3973afa47bbc07a72a16fa7eff76094d57797268a9f1b3e5c41967deffa9,7.2999999478459365,,,,,,,,,,,,,,,0,0.0,,,,,,,,,0,,NavFnAStar,be14d93aff78ca16b2f92bbb5d5e98f259e4565841c31705a5b127bd8f5ca41b,147,be14d93aff78ca16b2f92bbb5d5e98f259e4565841c31705a5b127bd8f5ca41b,0,1,straight_lower_aisle,True,2.2284348670517425e-13,1.2809257654566832e-06,7.2999999478459365,1,0.006402925000202231
0.0,1.7763614716181782e-12,0.0,0.0,,0.7140896970626842,0.6447181959844944,0.7146446715897079,0,292,,,,,,,,,,,,,5.9604738034203535e-06,constrained,0.05,290,be14d93aff78ca16b2f92bbb5d5e98f259e4565841c31705a5b127bd8f5ca41b,7.299999947845938,,,,,,,,,,,,,,,0,0.0,,,,,,,,,0,,NavFnAStar,be14d93aff78ca16b2f92bbb5d5e98f259e4565841c31705a5b127bd8f5ca41b,147,be14d93aff78ca16b2f92bbb5d5e98f259e4565841c31705a5b127bd8f5ca41b,0,1,straight_lower_aisle,True,1.7763614716181782e-12,5.9604738034203535e-06,7.299999947845938,1,0.007777393000196753
0.0,5.688865484455407e-26,1.4799098391193866e-08,8.529820412649114e-09,,0.713855627244483,0.6447181959844944,0.7146446715897079,0,147,,,,,,,,,,,,,1.776356839503667e-13,pivot_g2_fixed,0.05,147,d0c4b934cab7e7bc2ba152c5bc2239287818340c65b220f11c7ffa9fdb4743a0,7.299999947845936,0,0,290,0.04,1.47991e-08,2,0,1,[],0,0,0,none,0,0,0.0,200,0,147,0,{},0.000716996,fixed,0.05,0,0,NavFnAStar,be14d93aff78ca16b2f92bbb5d5e98f259e4565841c31705a5b127bd8f5ca41b,147,be14d93aff78ca16b2f92bbb5d5e98f259e4565841c31705a5b127bd8f5ca41b,0,1,straight_lower_aisle,True,5.688865484455407e-26,1.776356839503667e-13,7.299999947845936,1,0.005530143999749271
0.003,5.688865484455407e-26,1.4799098391193866e-08,8.529820412649114e-09,,0.713855627244483,0.6447181959844944,0.7146446715897079,0,147,,,,,,,,,,,,,1.776356839503667e-13,pivot_g2,0.05,147,d0c4b934cab7e7bc2ba152c5bc2239287818340c65b220f11c7ffa9fdb4743a0,7.299999947845936,0,0,290,0.04,1.47991e-08,2,0,1,[],0,0,0,none,0,0,0.0,200,0,147,0,{},0.000520108,adaptive,0.05,0,0,NavFnAStar,be14d93aff78ca16b2f92bbb5d5e98f259e4565841c31705a5b127bd8f5ca41b,147,be14d93aff78ca16b2f92bbb5d5e98f259e4565841c31705a5b127bd8f5ca41b,0,1,straight_lower_aisle,True,5.688865484455407e-26,1.776356839503667e-13,7.299999947845936,1,0.004921264999666164
0.0,5.397380654863941e-14,9.344196971738938e-09,8.933066392227504e-10,,0.714108961247787,0.6447181959844944,0.7146446715897079,0,290,5.68887e-26,0,0,True,1.77636e-12,0,True,simple_default,simple,5.39738e-14,0,True,6.392212981154437e-07,adaptive_hybrid_fixed,0.05,290,91ee51f8939ae83354405ee1b2d9ffdd35d275ad207b441045bbde3cbde626f0,7.2999999478459365,,,,,,,,,,,,,,,0,0.0,,,,,,,,,0,,NavFnAStar,be14d93aff78ca16b2f92bbb5d5e98f259e4565841c31705a5b127bd8f5ca41b,147,be14d93aff78ca16b2f92bbb5d5e98f259e4565841c31705a5b127bd8f5ca41b,0,1,straight_lower_aisle,True,5.397380654863941e-14,6.392212981154437e-07,7.2999999478459365,1,0.008162463000189746
0.0,5.397380654863941e-14,9.344196971738938e-09,8.933066392227504e-10,,0.714108961247787,0.6447181959844944,0.7146446715897079,0,290,5.68887e-26,0,0,True,1.77636e-12,0,True,simple_default,simple,5.39738e-14,0,True,6.392212981154437e-07,adaptive_hybrid,0.05,290,91ee51f8939ae83354405ee1b2d9ffdd35d275ad207b441045bbde3cbde626f0,7.2999999478459365,,,,,,,,,,,,,,,0,0.0,,,,,,,,,0,,NavFnAStar,be14d93aff78ca16b2f92bbb5d5e98f259e4565841c31705a5b127bd8f5ca41b,147,be14d93aff78ca16b2f92bbb5d5e98f259e4565841c31705a5b127bd8f5ca41b,0,1,straight_lower_aisle,True,5.397380654863941e-14,6.392212981154437e-07,7.2999999478459365,1,0.00807148000012603
0.0,55.30436558605931,2.220446049250313e-16,1.0235750533041807e-16,,0.36099663157834566,0.17677669793081488,0.18825146149581692,0,155,,,,,,,,,,,,,15.758002879574248,raw,0.05,152,97e56cd4716e1d600345f3bd85c3915b960d64981f97b119b1e1d94d70d4b5e0,3.9125796056766653,,,,,,,,,,,,,,,0,0.0,,,,,,,,,0,,NavFnAStar,97e56cd4716e1d600345f3bd85c3915b960d64981f97b119b1e1d94d70d4b5e0,80,97e56cd4716e1d600345f3bd85c3915b960d64981f97b119b1e1d94d70d4b5e0,0,1,crate_detour,True,55.30436558605931,15.758002879574248,3.9125796056766653,1,0.002961935000257654
0.003,5.638469929755376,0.016824120834783764,0.004329850504141845,,0.37021176764939007,0.23390290478282266,0.23390290478282266,0,165,,,,,,,,,,,,,4.46299232857377,simple,0.05,152,fadc27f1a0a6a8553588699d460921eecdd5de7883e05524b5d1e64c1d638502,3.87278355292086,,,,,,,,,,,,,,,0,0.0,,,,,,,,,0,,NavFnAStar,97e56cd4716e1d600345f3bd85c3915b960d64981f97b119b1e1d94d70d4b5e0,79,97e56cd4716e1d600345f3bd85c3915b960d64981f97b119b1e1d94d70d4b5e0,0,1,crate_detour,True,5.638469929755376,4.46299232857377,3.87278355292086,1,0.0037869359998694563
0.0,19.710660265142913,0.004900284992012581,0.0012914491030555956,,0.36055111033882703,0.2146446641391273,0.23390290478282266,0,189,,,,,,,,,,,,,7.607384616685455,savitzky_golay,0.05,152,28b0393e3957e5f9a96fd645bb73bc8784e90dee2ef70f084518120b5b911b75,3.895913455981549,,,,,,,,,,,,,,,0,0.0,,,,,,,,,0,,NavFnAStar,97e56cd4716e1d600345f3bd85c3915b960d64981f97b119b1e1d94d70d4b5e0,79,97e56cd4716e1d600345f3bd85c3915b960d64981f97b119b1e1d94d70d4b5e0,0,1,crate_detour,True,19.710660265142913,7.607384616685455,3.895913455981549,1,0.003975517999606382
0.012,16.51133707672683,0.011659568644112401,0.002846986378004498,,0.37578685622852276,0.21959563989254183,0.23390290478282266,0,193,,,,,,,,,,,,,6.214634584468336,constrained,0.05,152,162879e28452c039a018873032a5af3ffe5ca83abb9483d7fb056360776285f4,3.899816962553354,,,,,,,,,,,,,,,0,0.0,,,,,,,,,0,,NavFnAStar,97e56cd4716e1d600345f3bd85c3915b960d64981f97b119b1e1d94d70d4b5e0,80,97e56cd4716e1d600345f3bd85c3915b960d64981f97b119b1e1d94d70d4b5e0,0,1,crate_detour,True,16.51133707672683,6.214634584468336,3.899816962553354,1,0.01370842200003608
0.003,3.8853725760669273,0.023107537445664083,0.009106923975293427,,0.3530143379281051,0.23390290478282266,0.254451283021028,0,177,,,,,,,,,,,,,2.820097653918567,pivot_g2_fixed,0.05,168,345385e3e909a0749d00bfd00c150102312ec7986afbff1b4e0b7a164b09cd05,3.8721154544947076,0,29,152,0.04,0.023545,8,0,7,"[{'index': 0, 'radius_min': 0, 'radius_max': 0, 'trim_min': 0, 'trim_max': 0, 'evaluations': 9, 'safe_feasible': 6, 'states': 0, 'selected_radius': 0.75, 'selected_trim': 0.140006, 'selected_score': 0.964881}, {'index': 1, 'radius_min': 0, 'radius_max': 0, 'trim_min': 0, 'trim_max': 0, 'evaluations': 9, 'safe_feasible': 5, 'states': 0, 'selected_radius': 0.6, 'selected_trim': 0.122915, 'selected_score': 0.763448}, {'index': 2, 'radius_min': 0, 'radius_max': 0, 'trim_min': 0, 'trim_max': 0, 'evaluations': 9, 'safe_feasible': 4, 'states': 0, 'selected_radius': 0.4, 'selected_trim': 0.101385, 'selected_score': 0.775}, {'index': 3, 'radius_min': 0, 'radius_max': 0, 'trim_min': 0, 'trim_max': 0, 'evaluations': 9, 'safe_feasible': 7, 'states': 0, 'selected_radius': 1, 'selected_trim': 0.175107, 'selected_score': 0.85}, {'index': 4, 'radius_min': 0, 'radius_max': 0, 'trim_min': 0, 'trim_max': 0, 'evaluations': 9, 'safe_feasible': 6, 'states': 0, 'selected_radius': 0.75, 'selected_trim': 0.116247, 'selected_score': 0.878698}, {'index': 5, 'radius_min': 0, 'radius_max': 0, 'trim_min': 0, 'trim_max': 0, 'evaluations': 9, 'safe_feasible': 5, 'states': 0, 'selected_radius': 0.6, 'selected_trim': 0.140208, 'selected_score': 0.863033}]",6,0,54,none,6,0,0.0,200,0.849177,168,0,"{'angular acceleration iteration did not converge': 1, 'transition would overlap an adjacent corner window': 20}",0.00287587,fixed,0.05,0,33,NavFnAStar,97e56cd4716e1d600345f3bd85c3915b960d64981f97b119b1e1d94d70d4b5e0,79,97e56cd4716e1d600345f3bd85c3915b960d64981f97b119b1e1d94d70d4b5e0,0,1,crate_detour,True,3.8853725760669273,2.820097653918567,3.8721154544947076,1,0.007437775999733276
0.012,5.715568723063303,0.022283912027375948,0.009415799378232267,,0.35054595089403773,0.23390290478282266,0.25619225950049973,0,236,,,,,,,,,,,,,5.426562266638655,pivot_g2,0.05,227,85da47c3044364b83e701e3c1f27036195e1a4a6a2f5757396fb4f1f72bc47e7,3.8730828267308763,84,102,152,0.04,0.023545,8,0,7,"[{'index': 0, 'radius_min': 0.1, 'radius_max': 1.5, 'trim_min': 0.0186675, 'trim_max': 0.280012, 'evaluations': 20, 'safe_feasible': 18, 'states': 6, 'selected_radius': 1.5, 'selected_trim': 0.280012, 'selected_score': 0.261517}, {'index': 1, 'radius_min': 0.1, 'radius_max': 1.41269, 'trim_min': 0.0204858, 'trim_max': 0.289402, 'evaluations': 20, 'safe_feasible': 18, 'states': 6, 'selected_radius': 0.165635, 'selected_trim': 0.0339316, 'selected_score': 0.668288}, {'index': 2, 'radius_min': 0.1, 'radius_max': 1.14179, 'trim_min': 0.0253463, 'trim_max': 0.289402, 'evaluations': 20, 'safe_feasible': 16, 'states': 6, 'selected_radius': 0.204179, 'selected_trim': 0.0517518, 'selected_score': 0.686486}, {'index': 3, 'radius_min': 0.1, 'radius_max': 1.5, 'trim_min': 0.0175107, 'trim_max': 0.26266, 'evaluations': 20, 'safe_feasible': 18, 'states': 6, 'selected_radius': 1.5, 'selected_trim': 0.26266, 'selected_score': 0.263988}, {'index': 4, 'radius_min': 0.1, 'radius_max': 1.5, 'trim_min': 0.0154997, 'trim_max': 0.232495, 'evaluations': 20, 'safe_feasible': 17, 'states': 6, 'selected_radius': 0.485, 'selected_trim': 0.0751734, 'selected_score': 0.459809}, {'index': 5, 'radius_min': 0.1, 'radius_max': 1.5, 'trim_min': 0.0233681, 'trim_max': 0.350521, 'evaluations': 20, 'safe_feasible': 17, 'states': 6, 'selected_radius': 0.45, 'selected_trim': 0.105156, 'selected_score': 0.558565}]",6,36,120,none,6,0,0.0,200,0.483109,227,0,"{'angular acceleration iteration did not converge': 8, 'transition requires a reversing inner wheel': 8}",0.0116059,adaptive,0.05,0,104,NavFnAStar,97e56cd4716e1d600345f3bd85c3915b960d64981f97b119b1e1d94d70d4b5e0,79,97e56cd4716e1d600345f3bd85c3915b960d64981f97b119b1e1d94d70d4b5e0,0,1,crate_detour,True,5.715568723063303,5.426562266638655,3.8730828267308763,1,0.021044320999862975
0.003,5.638469929755376,0.016824120834783764,0.004329850504141845,,0.37021176764939007,0.23390290478282266,0.23390290478282266,0,165,3.88537,0,161,True,55.3044,251,True,simple_default,simple,5.63847,173,True,4.46299232857377,adaptive_hybrid_fixed,0.05,152,fadc27f1a0a6a8553588699d460921eecdd5de7883e05524b5d1e64c1d638502,3.87278355292086,,,,,,,,,,,,,,,0,0.0,,,,,,,,,0,,NavFnAStar,97e56cd4716e1d600345f3bd85c3915b960d64981f97b119b1e1d94d70d4b5e0,79,97e56cd4716e1d600345f3bd85c3915b960d64981f97b119b1e1d94d70d4b5e0,0,1,crate_detour,True,5.638469929755376,4.46299232857377,3.87278355292086,1,0.007923425999706524
0.009000000000000001,5.638469929755376,0.016824120834783764,0.004329850504141845,,0.37021176764939007,0.23390290478282266,0.23390290478282266,0,165,5.71557,0,173,True,55.3044,251,True,simple_default,simple,5.63847,173,True,4.46299232857377,adaptive_hybrid,0.05,152,fadc27f1a0a6a8553588699d460921eecdd5de7883e05524b5d1e64c1d638502,3.87278355292086,,,,,,,,,,,,,,,0,0.0,,,,,,,,,0,,NavFnAStar,97e56cd4716e1d600345f3bd85c3915b960d64981f97b119b1e1d94d70d4b5e0,79,97e56cd4716e1d600345f3bd85c3915b960d64981f97b119b1e1d94d70d4b5e0,0,1,crate_detour,True,5.638469929755376,4.46299232857377,3.87278355292086,1,0.013526263999665389
0.0,19.273854441431098,1.1102230246251565e-16,4.11876251692137e-17,,0.3830663816898015,0.06464466190395313,0.11378679825995897,0,139,,,,,,,,,,,,,11.665257782698554,raw,0.05,138,dc6c76ce8a5307a7d102a708c0c3716ed26dfbee9bbb6f4bdd250b592c255651,3.4725596158543266,,,,,,,,,,,,,,,0,0.0,,,,,,,,,0,,NavFnAStar,dc6c76ce8a5307a7d102a708c0c3716ed26dfbee9bbb6f4bdd250b592c255651,71,dc6c76ce8a5307a7d102a708c0c3716ed26dfbee9bbb6f4bdd250b592c255651,0,1,vertical_rack_detour,True,19.273854441431098,11.665257782698554,3.4725596158543266,1,0.002972068999952171
0.0,4.377582427499444,0.016696120907306225,0.003584393593011107,,0.36733570593216974,0.11464466264901119,0.11464466264901119,0,150,,,,,,,,,,,,,5.5453013946408625,simple,0.05,138,e75249b678614a610aa403a02fbd341ba5a36b6af81d748442f36947d4ecd24c,3.451128814924107,,,,,,,,,,,,,,,0,0.0,,,,,,,,,0,,NavFnAStar,dc6c76ce8a5307a7d102a708c0c3716ed26dfbee9bbb6f4bdd250b592c255651,71,dc6c76ce8a5307a7d102a708c0c3716ed26dfbee9bbb6f4bdd250b592c255651,0,1,vertical_rack_detour,True,4.377582427499444,5.5453013946408625,3.451128814924107,1,0.0044287670002631785
0.0,13.575340371564497,0.0033496901863436825,0.0008986785912143991,,0.3565291205838806,0.11464466264901119,0.11464466264901119,0,165,,,,,,,,,,,,,9.954275446192172,savitzky_golay,0.05,138,5536f4fe921e59e31463b604705bc32d92215a4f996f3c2739b81a1ccbc3cf13,3.4685814168114213,,,,,,,,,,,,,,,0,0.0,,,,,,,,,0,,NavFnAStar,dc6c76ce8a5307a7d102a708c0c3716ed26dfbee9bbb6f4bdd250b592c255651,71,dc6c76ce8a5307a7d102a708c0c3716ed26dfbee9bbb6f4bdd250b592c255651,0,1,vertical_rack_detour,True,13.575340371564497,9.954275446192172,3.4685814168114213,1,0.0037606310002047394
0.009000000000000001,14.3064249301914,0.0457879146650364,0.017545538254016595,,0.37917467384587505,0.16464466339406925,0.16464466339406925,0,166,,,,,,,,,,,,,8.268833703071035,constrained,0.05,138,f3e315f51b42be380dce7df38702f6495d84ccb065f0c362b23b52358cd7babb,3.485443881980844,,,,,,,,,,,,,,,0,0.0,,,,,,,,,0,,NavFnAStar,dc6c76ce8a5307a7d102a708c0c3716ed26dfbee9bbb6f4bdd250b592c255651,71,dc6c76ce8a5307a7d102a708c0c3716ed26dfbee9bbb6f4bdd250b592c255651,0,1,vertical_rack_detour,True,14.3064249301914,8.268833703071035,3.485443881980844,1,0.012592132999998285
0.003,10.756298274988037,0.02946568409221275,0.010964199555291487,,0.28795135191620963,0.11464466264901119,0.11464466264901119,0,141,,,,,,,,,,,,,11.831846306118548,pivot_g2_fixed,0.05,124,56659fd7c3dc30ba87d4c26495d58517761e71b356e0ccdcc2de9e60684efb2d,3.4546016238998103,0,21,138,0.04,0.0321412,7,0,6,"[{'index': 0, 'radius_min': 0, 'radius_max': 0, 'trim_min': 0, 'trim_max': 0, 'evaluations': 9, 'safe_feasible': 6, 'states': 0, 'selected_radius': 0.75, 'selected_trim': 0.128254, 'selected_score': 0.938215}, {'index': 1, 'radius_min': 0, 'radius_max': 0, 'trim_min': 0, 'trim_max': 0, 'evaluations': 9, 'safe_feasible': 6, 'states': 0, 'selected_radius': 1, 'selected_trim': 0.119889, 'selected_score': 0.954745}, {'index': 2, 'radius_min': 0, 'radius_max': 0, 'trim_min': 0, 'trim_max': 0, 'evaluations': 9, 'safe_feasible': 7, 'states': 0, 'selected_radius': 1.5, 'selected_trim': 0.0541032, 'selected_score': 0.991004}, {'index': 3, 'radius_min': 0, 'radius_max': 0, 'trim_min': 0, 'trim_max': 0, 'evaluations': 9, 'safe_feasible': 0, 'states': 0, 'selected_radius': 0, 'selected_trim': 0, 'selected_score': 0}, {'index': 4, 'radius_min': 0, 'radius_max': 0, 'trim_min': 0, 'trim_max': 0, 'evaluations': 9, 'safe_feasible': 2, 'states': 0, 'selected_radius': 0.3, 'selected_trim': 0.050979, 'selected_score': 1}]",5,0,45,none,4,1,0.913063496613956,200,0.970991,124,1,"{'angular acceleration iteration did not converge': 3, 'transition would overlap an adjacent corner window': 21}",0.00226088,fixed,0.05,0.913063496613956,21,NavFnAStar,dc6c76ce8a5307a7d102a708c0c3716ed26dfbee9bbb6f4bdd250b592c255651,71,dc6c76ce8a5307a7d102a708c0c3716ed26dfbee9bbb6f4bdd250b592c255651,0,1,vertical_rack_detour,True,1.6288004320796774,3.656593112003175,3.459395966696241,2,0.006478634999893984
0.006,11.007954281951315,0.029465684092212254,0.01094402663398321,,0.2696783015821005,0.11464466264901119,0.11464466264901119,0,161,,,,,,,,,,,,,11.674422559581949,pivot_g2,0.05,144,bacbd5175669f4254660f1c3cb0a84931fccc67cbe95bb302cf2e085a5e2719d,3.4551587425362356,80,59,138,0.04,0.0321412,7,0,6,"[{'index': 0, 'radius_min': 0.1, 'radius_max': 1.5, 'trim_min': 0.0171006, 'trim_max': 0.256508, 'evaluations': 20, 'safe_feasible': 17, 'states': 6, 'selected_radius': 0.485, 'selected_trim': 0.0829377, 'selected_score': 0.534945}, {'index': 1, 'radius_min': 0.1, 'radius_max': 1.5, 'trim_min': 0.0119889, 'trim_max': 0.179833, 'evaluations': 20, 'safe_feasible': 17, 'states': 6, 'selected_radius': 1.36, 'selected_trim': 0.163049, 'selected_score': 0.300737}, {'index': 2, 'radius_min': 0.1, 'radius_max': 1.5, 'trim_min': 0.00360688, 'trim_max': 0.0541032, 'evaluations': 11, 'safe_feasible': 9, 'states': 6, 'selected_radius': 1.5, 'selected_trim': 0.0541032, 'selected_score': 0.205093}, {'index': 3, 'radius_min': 0.1, 'radius_max': 0.302441, 'trim_min': 0.0491137, 'trim_max': 0.14854, 'evaluations': 11, 'safe_feasible': 8, 'states': 5, 'selected_radius': 0, 'selected_trim': 0, 'selected_score': 0}, {'index': 4, 'radius_min': 0.1, 'radius_max': 0.874123, 'trim_min': 0.016993, 'trim_max': 0.14854, 'evaluations': 20, 'safe_feasible': 16, 'states': 6, 'selected_radius': 0.216118, 'selected_trim': 0.036725, 'selected_score': 0.647439}]",5,29,82,none,4,1,0.913063496613956,200,0.422054,144,1,"{'angular acceleration iteration did not converge': 7, 'transition requires a reversing inner wheel': 8}",0.00545246,adaptive,0.05,0.913063496613956,67,NavFnAStar,dc6c76ce8a5307a7d102a708c0c3716ed26dfbee9bbb6f4bdd250b592c255651,71,dc6c76ce8a5307a7d102a708c0c3716ed26dfbee9bbb6f4bdd250b592c255651,0,1,vertical_rack_detour,True,2.015728101467283,4.509427116375194,3.460015958271954,2,0.00992633499981821
0.003,4.377582427499444,0.016696120907306225,0.003584393593011107,,0.36733570593216974,0.11464466264901119,0.11464466264901119,0,150,1.6288,1,253,True,19.2739,253,True,simple_default,simple,4.37758,253,True,5.5453013946408625,adaptive_hybrid_fixed,0.05,138,e75249b678614a610aa403a02fbd341ba5a36b6af81d748442f36947d4ecd24c,3.451128814924107,,,,,,,,,,,,,,,0,0.0,,,,,,,,,0,,NavFnAStar,dc6c76ce8a5307a7d102a708c0c3716ed26dfbee9bbb6f4bdd250b592c255651,71,dc6c76ce8a5307a7d102a708c0c3716ed26dfbee9bbb6f4bdd250b592c255651,0,1,vertical_rack_detour,True,4.377582427499444,5.5453013946408625,3.451128814924107,1,0.006315896000160137
0.006,4.377582427499444,0.016696120907306225,0.003584393593011107,,0.36733570593216974,0.11464466264901119,0.11464466264901119,0,150,2.01573,1,253,True,19.2739,253,True,simple_default,simple,4.37758,253,True,5.5453013946408625,adaptive_hybrid,0.05,138,e75249b678614a610aa403a02fbd341ba5a36b6af81d748442f36947d4ecd24c,3.451128814924107,,,,,,,,,,,,,,,0,0.0,,,,,,,,,0,,NavFnAStar,dc6c76ce8a5307a7d102a708c0c3716ed26dfbee9bbb6f4bdd250b592c255651,71,dc6c76ce8a5307a7d102a708c0c3716ed26dfbee9bbb6f4bdd250b592c255651,0,1,vertical_rack_detour,True,4.377582427499444,5.5453013946408625,3.451128814924107,1,0.013066360999800963
0.0,101.8821277049117,4.440892098500626e-16,6.036540181301671e-17,,0.5540168380510849,0.16464466339406925,0.2146446641391273,0,254,,,,,,,,,,,,,21.85241000672994,raw,0.05,249,21cc4cb48fb433bf5f1bb579c9f7d7f4a485f0047a020c6f4d7fd226f3f7d849,6.207132352223753,,,,,,,,,,,,,,,0,0.0,,,,,,,,,0,,NavFnAStar,21cc4cb48fb433bf5f1bb579c9f7d7f4a485f0047a020c6f4d7fd226f3f7d849,126,21cc4cb48fb433bf5f1bb579c9f7d7f4a485f0047a020c6f4d7fd226f3f7d849,0,1,horizontal_rack_detour,True,101.8821277049117,21.85241000672994,6.207132352223753,1,0.0053158139999140985
0.0,7.475682098443688,0.015481684015920405,0.003930933609591634,,0.52876935926301,0.25619225950049973,0.25619225950049973,0,259,,,,,,,,,,,,,4.808838692059182,simple,0.05,249,b3357ab09915ca7ac5ed353eec9dda1d0c2222dcb10739317dd6662dd39ab5a2,6.140585471679679,,,,,,,,,,,,,,,0,0.0,,,,,,,,,0,,NavFnAStar,21cc4cb48fb433bf5f1bb579c9f7d7f4a485f0047a020c6f4d7fd226f3f7d849,124,21cc4cb48fb433bf5f1bb579c9f7d7f4a485f0047a020c6f4d7fd226f3f7d849,0,1,horizontal_rack_detour,True,7.475682098443688,4.808838692059182,6.140585471679679,1,0.007125336000171956
0.0,33.61699913609234,0.007370372294872326,0.001766181143558224,,0.49642064551284015,0.2146446641391273,0.23390290478282266,0,300,,,,,,,,,,,,,10.101780757798043,savitzky_golay,0.05,249,5f753bef74a3484a17ccd2fcf1abd99fcf71a5c04078bb3a9518476706a1e2a8,6.174361094394669,,,,,,,,,,,,,,,0,0.0,,,,,,,,,0,,NavFnAStar,21cc4cb48fb433bf5f1bb579c9f7d7f4a485f0047a020c6f4d7fd226f3f7d849,125,21cc4cb48fb433bf5f1bb579c9f7d7f4a485f0047a020c6f4d7fd226f3f7d849,0,1,horizontal_rack_detour,True,33.61699913609234,10.101780757798043,6.174361094394669,1,0.0059079060001749895
0.018000000000000002,58.363768604723475,0.006082740208934133,0.0014233319490770887,,0.48716942541053976,0.16464466339406925,0.23390290478282266,0,317,,,,,,,,,,,,,15.849721612495127,constrained,0.05,249,1767a72232186a3c5ef4ed44f7c03ef78695c85134409ebf8ea855e690f016e0,6.193397945942236,,,,,,,,,,,,,,,0,0.0,,,,,,,,,0,,NavFnAStar,21cc4cb48fb433bf5f1bb579c9f7d7f4a485f0047a020c6f4d7fd226f3f7d849,126,21cc4cb48fb433bf5f1bb579c9f7d7f4a485f0047a020c6f4d7fd226f3f7d849,0,1,horizontal_rack_detour,True,58.363768604723475,15.849721612495127,6.193397945942236,1,0.020832131000133813
0.0,13.446621017463933,0.03726901794175667,0.015046485171822402,,0.47738227759000346,0.2474873771031409,0.2474873771031409,0,245,,,,,,,,,,,,,11.860048550582768,pivot_g2_fixed,0.05,236,475c33d36e659a07750cdc40f2ebf27677aff372c6f1e4c5154d617a93ccc9d7,6.136890487377721,0,22,249,0.04,0.0395153,9,0,8,"[{'index': 0, 'radius_min': 0, 'radius_max': 0, 'trim_min': 0, 'trim_max': 0, 'evaluations': 9, 'safe_feasible': 7, 'states': 0, 'selected_radius': 1.5, 'selected_trim': 0.109586, 'selected_score': 1}, {'index': 1, 'radius_min': 0, 'radius_max': 0, 'trim_min': 0, 'trim_max': 0, 'evaluations': 9, 'safe_feasible': 0, 'states': 0, 'selected_radius': 0, 'selected_trim': 0, 'selected_score': 0}, {'index': 2, 'radius_min': 0, 'radius_max': 0, 'trim_min': 0, 'trim_max': 0, 'evaluations': 9, 'safe_feasible': 1, 'states': 0, 'selected_radius': 0.2, 'selected_trim': 0.0483119, 'selected_score': 1}, {'index': 3, 'radius_min': 0, 'radius_max': 0, 'trim_min': 0, 'trim_max': 0, 'evaluations': 9, 'safe_feasible': 4, 'states': 0, 'selected_radius': 0.5, 'selected_trim': 0.16963, 'selected_score': 0.933087}, {'index': 4, 'radius_min': 0, 'radius_max': 0, 'trim_min': 0, 'trim_max': 0, 'evaluations': 9, 'safe_feasible': 4, 'states': 0, 'selected_radius': 0.6, 'selected_trim': 0.177579, 'selected_score': 1}, {'index': 5, 'radius_min': 0, 'radius_max': 0, 'trim_min': 0, 'trim_max': 0, 'evaluations': 9, 'safe_feasible': 7, 'states': 0, 'selected_radius': 1.5, 'selected_trim': 0.124198, 'selected_score': 1}, {'index': 6, 'radius_min': 0, 'radius_max': 0, 'trim_min': 0, 'trim_max': 0, 'evaluations': 9, 'safe_feasible': 1, 'states': 0, 'selected_radius': 0.2, 'selected_trim': 0.0501807, 'selected_score': 1}]",7,0,63,none,6,1,0.6417256772159243,200,0.988848,236,1,"{'angular acceleration iteration did not converge': 5, 'transition would overlap an adjacent corner window': 34}",0.00239155,fixed,0.05,0.6417256772159243,24,NavFnAStar,21cc4cb48fb433bf5f1bb579c9f7d7f4a485f0047a020c6f4d7fd226f3f7d849,124,21cc4cb48fb433bf5f1bb579c9f7d7f4a485f0047a020c6f4d7fd226f3f7d849,0,1,horizontal_rack_detour,True,6.407113104813283,5.499986675510484,6.1375436072488245,2,0.008027116999983264
0.009000000000000001,14.219060285349594,0.03726901794175667,0.014709589476584985,,0.5097596978720337,0.2474873771031409,0.25183981830182034,0,211,,,,,,,,,,,,,11.860048550582656,pivot_g2,0.05,202,3c80c403c72a7dc5f42e5273ce650a6206ddeca330ebecd66ea2d183c6ae8628,6.142787785001429,141,103,249,0.04,0.0395153,9,0,8,"[{'index': 0, 'radius_min': 0.1, 'radius_max': 1.5, 'trim_min': 0.00730574, 'trim_max': 0.109586, 'evaluations': 20, 'safe_feasible': 17, 'states': 6, 'selected_radius': 1.5, 'selected_trim': 0.109586, 'selected_score': 0.0976242}, {'index': 1, 'radius_min': 0.1, 'radius_max': 0.44397, 'trim_min': 0.0332347, 'trim_max': 0.147552, 'evaluations': 20, 'safe_feasible': 16, 'states': 6, 'selected_radius': 0, 'selected_trim': 0, 'selected_score': 0}, {'index': 2, 'radius_min': 0.1, 'radius_max': 0.610831, 'trim_min': 0.024156, 'trim_max': 0.147552, 'evaluations': 20, 'safe_feasible': 17, 'states': 6, 'selected_radius': 0.202166, 'selected_trim': 0.0488352, 'selected_score': 0.63796}, {'index': 3, 'radius_min': 0.1, 'radius_max': 1.23826, 'trim_min': 0.0339261, 'trim_max': 0.420094, 'evaluations': 20, 'safe_feasible': 17, 'states': 6, 'selected_radius': 0.327653, 'selected_trim': 0.11116, 'selected_score': 0.660142}, {'index': 4, 'radius_min': 0.1, 'radius_max': 1.4194, 'trim_min': 0.0295966, 'trim_max': 0.420094, 'evaluations': 20, 'safe_feasible': 15, 'states': 6, 'selected_radius': 0.23194, 'selected_trim': 0.0686463, 'selected_score': 0.703663}, {'index': 5, 'radius_min': 0.1, 'radius_max': 1.5, 'trim_min': 0.00827984, 'trim_max': 0.124198, 'evaluations': 20, 'safe_feasible': 17, 'states': 6, 'selected_radius': 1.29, 'selected_trim': 0.10681, 'selected_score': 0.121435}, {'index': 6, 'radius_min': 0.1, 'radius_max': 0.574563, 'trim_min': 0.0250903, 'trim_max': 0.14416, 'evaluations': 20, 'safe_feasible': 16, 'states': 6, 'selected_radius': 0.550835, 'selected_trim': 0.138206, 'selected_score': 0.439003}]",7,42,140,none,6,1,0.6417256772159236,200,0.443305,202,1,"{'angular acceleration iteration did not converge': 13, 'transition requires a reversing inner wheel': 12}",0.0100017,adaptive,0.05,0.6417256772159236,115,NavFnAStar,21cc4cb48fb433bf5f1bb579c9f7d7f4a485f0047a020c6f4d7fd226f3f7d849,124,21cc4cb48fb433bf5f1bb579c9f7d7f4a485f0047a020c6f4d7fd226f3f7d849,0,1,horizontal_rack_detour,True,7.176288117637044,5.375954187557924,6.143448209693415,2,0.01544891200001075
0.006,7.475682098443688,0.015481684015920405,0.003930933609591634,,0.52876935926301,0.25619225950049973,0.25619225950049973,0,259,6.40711,1,173,True,101.882,251,True,simple_default,simple,7.47568,177,True,4.808838692059182,adaptive_hybrid_fixed,0.05,249,b3357ab09915ca7ac5ed353eec9dda1d0c2222dcb10739317dd6662dd39ab5a2,6.140585471679679,,,,,,,,,,,,,,,0,0.0,,,,,,,,,0,,NavFnAStar,21cc4cb48fb433bf5f1bb579c9f7d7f4a485f0047a020c6f4d7fd226f3f7d849,124,21cc4cb48fb433bf5f1bb579c9f7d7f4a485f0047a020c6f4d7fd226f3f7d849,0,1,horizontal_rack_detour,True,7.475682098443688,4.808838692059182,6.140585471679679,1,0.009899550999762141
0.009000000000000001,7.475682098443688,0.015481684015920405,0.003930933609591634,,0.52876935926301,0.25619225950049973,0.25619225950049973,0,259,7.17629,1,161,True,101.882,251,True,simple_default,simple,7.47568,177,True,4.808838692059182,adaptive_hybrid,0.05,249,b3357ab09915ca7ac5ed353eec9dda1d0c2222dcb10739317dd6662dd39ab5a2,6.140585471679679,,,,,,,,,,,,,,,0,0.0,,,,,,,,,0,,NavFnAStar,21cc4cb48fb433bf5f1bb579c9f7d7f4a485f0047a020c6f4d7fd226f3f7d849,124,21cc4cb48fb433bf5f1bb579c9f7d7f4a485f0047a020c6f4d7fd226f3f7d849,0,1,horizontal_rack_detour,True,7.475682098443688,4.808838692059182,6.140585471679679,1,0.03455493599994952
0.0,56.016010192764995,1.942890293094024e-16,3.8591318507370155e-17,,0.29235103655850236,0.16464466339406925,0.18825146149581692,0,207,,,,,,,,,,,,,13.692591494588108,raw,0.05,178,f331278ef43395ecaca1280fe38872eca72707a9417dfaa7b4a19cb5a26da4e0,4.898626163389801,,,,,,,,,,,,,,,0,0.0,,,,,,,,,0,,NavFnAStar,f331278ef43395ecaca1280fe38872eca72707a9417dfaa7b4a19cb5a26da4e0,100,f331278ef43395ecaca1280fe38872eca72707a9417dfaa7b4a19cb5a26da4e0,0,1,right_rack_detour,True,56.016010192764995,13.692591494588108,4.898626163389801,1,0.003995014999873092
0.0,5.491401303557697,0.0186117063050145,0.0042922432239772415,,0.32301133695904144,0.23390290478282266,0.25619225950049973,0,183,,,,,,,,,,,,,5.439491190921189,simple,0.05,178,549c18a11b4512e18df9f853a4ef7d0ed70655f10e2a6e728ff597427b62fa8b,4.854328330903376,,,,,,,,,,,,,,,0,0.0,,,,,,,,,0,,NavFnAStar,f331278ef43395ecaca1280fe38872eca72707a9417dfaa7b4a19cb5a26da4e0,99,f331278ef43395ecaca1280fe38872eca72707a9417dfaa7b4a19cb5a26da4e0,0,1,right_rack_detour,True,5.491401303557697,5.439491190921189,4.854328330903376,1,0.0052119759998277004
0.0,25.41725570177771,0.006796336807282287,0.0018544173596532797,,0.3139411414730576,0.2146446641391273,0.23390290478282266,0,222,,,,,,,,,,,,,9.263667605753264,savitzky_golay,0.05,178,5fec2e6a6bf48c290fb4fba8d7d179502759808917945b1bbab28f223707e214,4.8808198281131165,,,,,,,,,,,,,,,0,0.0,,,,,,,,,0,,NavFnAStar,f331278ef43395ecaca1280fe38872eca72707a9417dfaa7b4a19cb5a26da4e0,99,f331278ef43395ecaca1280fe38872eca72707a9417dfaa7b4a19cb5a26da4e0,0,1,right_rack_detour,True,25.41725570177771,9.263667605753264,4.8808198281131165,1,0.005015467000248464
0.012,33.51230520289778,0.02145312925910048,0.009114455385845125,,0.3152152046548254,0.2146446641391273,0.23390290478282266,0,226,,,,,,,,,,,,,10.29485625071809,constrained,0.05,178,7a3d62b031ed52ee6b2db79f53653d67c14dd0712b86b3c65d6071638559badf,4.896609682882566,,,,,,,,,,,,,,,0,0.0,,,,,,,,,0,,NavFnAStar,f331278ef43395ecaca1280fe38872eca72707a9417dfaa7b4a19cb5a26da4e0,100,f331278ef43395ecaca1280fe38872eca72707a9417dfaa7b4a19cb5a26da4e0,0,1,right_rack_detour,True,33.51230520289778,10.29485625071809,4.896609682882566,1,0.017862099000012677
0.003,12.749752522545949,0.01910768913226483,0.006189945629510567,,0.31062580336839063,0.25619225950049973,0.25619225950049973,0,179,,,,,,,,,,,,,13.113332427280556,pivot_g2_fixed,0.05,169,7fb02e94e379a1ea9cdc6bde15abe8b588d59a1fffdf0f1107edb40b07189509,4.8738667220114005,0,21,178,0.04,0.0249778,8,0,6,"[{'index': 0, 'radius_min': 0, 'radius_max': 0, 'trim_min': 0, 'trim_max': 0, 'evaluations': 9, 'safe_feasible': 4, 'states': 0, 'selected_radius': 0.6, 'selected_trim': 0.0838051, 'selected_score': 0.906822}, {'index': 1, 'radius_min': 0, 'radius_max': 0, 'trim_min': 0, 'trim_max': 0, 'evaluations': 9, 'safe_feasible': 2, 'states': 0, 'selected_radius': 0.3, 'selected_trim': 0.0740637, 'selected_score': 1}, {'index': 2, 'radius_min': 0, 'radius_max': 0, 'trim_min': 0, 'trim_max': 0, 'evaluations': 9, 'safe_feasible': 2, 'states': 0, 'selected_radius': 0.3, 'selected_trim': 0.0914481, 'selected_score': 0.9}, {'index': 3, 'radius_min': 0, 'radius_max': 0, 'trim_min': 0, 'trim_max': 0, 'evaluations': 9, 'safe_feasible': 5, 'states': 0, 'selected_radius': 0.75, 'selected_trim': 0.097817, 'selected_score': 0.775757}, {'index': 4, 'radius_min': 0, 'radius_max': 0, 'trim_min': 0, 'trim_max': 0, 'evaluations': 9, 'safe_feasible': 8, 'states': 0, 'selected_radius': 1.5, 'selected_trim': 0.0398321, 'selected_score': 0.979431}, {'index': 5, 'radius_min': 0, 'radius_max': 0, 'trim_min': 0, 'trim_max': 0, 'evaluations': 9, 'safe_feasible': 0, 'states': 0, 'selected_radius': 0, 'selected_trim': 0, 'selected_score': 0}]",6,0,54,none,5,1,0.7248713248620096,200,0.912402,169,1,"{'angular acceleration iteration did not converge': 3, 'transition would overlap an adjacent corner window': 30}",0.00174023,fixed,0.05,0.7248713248620096,21,NavFnAStar,f331278ef43395ecaca1280fe38872eca72707a9417dfaa7b4a19cb5a26da4e0,99,f331278ef43395ecaca1280fe38872eca72707a9417dfaa7b4a19cb5a26da4e0,0,1,right_rack_detour,True,4.134134658121602,3.768348381798111,4.87495919901797,2,0.006093466000038461
,,,,"smoothing failed: status=6, code=504, message=''",,,,,,,,,,,,,,,,,,,pivot_g2,,,,,,,,,,,,,,,,,,,,,,,,,,,,,,,NavFnAStar,f331278ef43395ecaca1280fe38872eca72707a9417dfaa7b4a19cb5a26da4e0,,f331278ef43395ecaca1280fe38872eca72707a9417dfaa7b4a19cb5a26da4e0,0,1,right_rack_detour,False,,,,,
0.003,5.491401303557697,0.0186117063050145,0.0042922432239772415,,0.32301133695904144,0.23390290478282266,0.25619225950049973,0,183,4.13413,1,173,True,56.016,251,True,simple_default,simple,5.4914,173,True,5.439491190921189,adaptive_hybrid_fixed,0.05,178,549c18a11b4512e18df9f853a4ef7d0ed70655f10e2a6e728ff597427b62fa8b,4.854328330903376,,,,,,,,,,,,,,,0,0.0,,,,,,,,,0,,NavFnAStar,f331278ef43395ecaca1280fe38872eca72707a9417dfaa7b4a19cb5a26da4e0,99,f331278ef43395ecaca1280fe38872eca72707a9417dfaa7b4a19cb5a26da4e0,0,1,right_rack_detour,True,5.491401303557697,5.439491190921189,4.854328330903376,1,0.006247554999845306
0.009000000000000001,5.491401303557697,0.0186117063050145,0.0042922432239772415,,0.32301133695904144,0.23390290478282266,0.25619225950049973,0,183,,0,,False,56.016,251,True,pivot_unsafe,simple,5.4914,173,True,5.439491190921189,adaptive_hybrid,0.05,178,549c18a11b4512e18df9f853a4ef7d0ed70655f10e2a6e728ff597427b62fa8b,4.854328330903376,,,,,,,,,,,,,,,0,0.0,,,,,,,,,0,,NavFnAStar,f331278ef43395ecaca1280fe38872eca72707a9417dfaa7b4a19cb5a26da4e0,99,f331278ef43395ecaca1280fe38872eca72707a9417dfaa7b4a19cb5a26da4e0,0,1,right_rack_detour,True,5.491401303557697,5.439491190921189,4.854328330903376,1,0.013267935999920155
0.0,187.9930895762142,4.440892098500626e-16,4.549597709532035e-17,,0.4195760177342491,0.11464466264901119,0.2146446641391273,0,560,,,,,,,,,,,,,26.757635456353658,raw,0.05,506,ab19cbe7e87b9902fe6687156dac71a8f7467abc5ad5c7030b744466cbf14ab7,13.78972620938836,,,,,,,,,,,,,,,0,0.0,,,,,,,,,0,,NavFnAStar,ab19cbe7e87b9902fe6687156dac71a8f7467abc5ad5c7030b744466cbf14ab7,279,ab19cbe7e87b9902fe6687156dac71a8f7467abc5ad5c7030b744466cbf14ab7,0,1,long_southwest_to_northeast,True,187.9930895762142,26.757635456353658,13.78972620938836,1,0.008025462000205152
0.003,34.53297427789828,0.026260377429877302,0.004424994464914378,,0.39878170681533665,0.11464466264901119,0.17964538882206538,0,586,,,,,,,,,,,,,11.078901839792483,simple,0.05,506,1df1baab3724a0aabda280cdda61bc3147cbbb5859f2dfb38ac9707876c31965,13.673109637620023,,,,,,,,,,,,,,,0,0.0,,,,,,,,,0,,NavFnAStar,ab19cbe7e87b9902fe6687156dac71a8f7467abc5ad5c7030b744466cbf14ab7,275,ab19cbe7e87b9902fe6687156dac71a8f7467abc5ad5c7030b744466cbf14ab7,0,1,long_southwest_to_northeast,True,34.53297427789828,11.078901839792483,13.673109637620023,1,0.010290026000348007
0.0,112.79914351860997,0.016995404203328235,0.001626934761234631,,0.3790888721878914,0.11464466264901119,0.16464466339406925,0,684,,,,,,,,,,,,,25.764838024305742,savitzky_golay,0.05,506,694db2d9a577de1b89003e78cc47a30e7824b0f43c4481d2e75ab432c4ea9af7,13.75147763975927,,,,,,,,,,,,,,,0,0.0,,,,,,,,,0,,NavFnAStar,ab19cbe7e87b9902fe6687156dac71a8f7467abc5ad5c7030b744466cbf14ab7,277,ab19cbe7e87b9902fe6687156dac71a8f7467abc5ad5c7030b744466cbf14ab7,0,1,long_southwest_to_northeast,True,112.79914351860997,25.764838024305742,13.75147763975927,1,0.010198954999850685
0.033,125.60089365493104,0.020279993460446732,0.007716415862072204,,0.385627946495039,0.11464466264901119,0.1842352942480662,0,674,,,,,,,,,,,,,19.113638337701747,constrained,0.05,506,95d6f71c01fe7413bb4ce27ca7c74717c39e4726d88b8112ffd35f46f9f30677,13.785180259045529,,,,,,,,,,,,,,,0,0.0,,,,,,,,,0,,NavFnAStar,ab19cbe7e87b9902fe6687156dac71a8f7467abc5ad5c7030b744466cbf14ab7,278,ab19cbe7e87b9902fe6687156dac71a8f7467abc5ad5c7030b744466cbf14ab7,0,1,long_southwest_to_northeast,True,125.60089365493104,19.113638337701747,13.785180259045529,1,0.03984154799991302
0.006,77.49780738334142,0.0374509777760731,0.012153102347338119,,0.3599173402893598,0.11464466264901119,0.17677669793081488,0,545,,,,,,,,,,,,,17.66404115480384,pivot_g2_fixed,0.05,456,6b1f67d5f6be0e31b7360583d48e871ff975d1d2475524ec30fcf7131d7e57c6,13.727154914602112,0,37,506,0.04,0.0376056,20,0,18,"[{'index': 0, 'radius_min': 0, 'radius_max': 0, 'trim_min': 0, 'trim_max': 0, 'evaluations': 9, 'safe_feasible': 7, 'states': 0, 'selected_radius': 1.25, 'selected_trim': 0.139972, 'selected_score': 1}, {'index': 1, 'radius_min': 0, 'radius_max': 0, 'trim_min': 0, 'trim_max': 0, 'evaluations': 9, 'safe_feasible': 8, 'states': 0, 'selected_radius': 1.5, 'selected_trim': 0.15413, 'selected_score': 1}, {'index': 2, 'radius_min': 0, 'radius_max': 0, 'trim_min': 0, 'trim_max': 0, 'evaluations': 9, 'safe_feasible': 0, 'states': 0, 'selected_radius': 0, 'selected_trim': 0, 'selected_score': 0}, {'index': 3, 'radius_min': 0, 'radius_max': 0, 'trim_min': 0, 'trim_max': 0, 'evaluations': 9, 'safe_feasible': 0, 'states': 0, 'selected_radius': 0, 'selected_trim': 0, 'selected_score': 0}, {'index': 4, 'radius_min': 0, 'radius_max': 0, 'trim_min': 0, 'trim_max': 0, 'evaluations': 9, 'safe_feasible': 4, 'states': 0, 'selected_radius': 0.5, 'selected_trim': 0.126824, 'selected_score': 0.753153}, {'index': 5, 'radius_min': 0, 'radius_max': 0, 'trim_min': 0, 'trim_max': 0, 'evaluations': 9, 'safe_feasible': 7, 'states': 0, 'selected_radius': 1.5, 'selected_trim': 0.0633443, 'selected_score': 1}, {'index': 6, 'radius_min': 0, 'radius_max': 0, 'trim_min': 0, 'trim_max': 0, 'evaluations': 9, 'safe_feasible': 0, 'states': 0, 'selected_radius': 0, 'selected_trim': 0, 'selected_score': 0}, {'index': 7, 'radius_min': 0, 'radius_max': 0, 'trim_min': 0, 'trim_max': 0, 'evaluations': 9, 'safe_feasible': 0, 'states': 0, 'selected_radius': 0, 'selected_trim': 0, 'selected_score': 0}, {'index': 8, 'radius_min': 0, 'radius_max': 0, 'trim_min': 0, 'trim_max': 0, 'evaluations': 9, 'safe_feasible': 1, 'states': 0, 'selected_radius': 0.2, 'selected_trim': 0.0642418, 'selected_score': 1}, {'index': 9, 'radius_min': 0, 'radius_max': 0, 'trim_min': 0, 'trim_max': 0, 'evaluations': 9, 'safe_feasible': 1, 'states': 0, 'selected_radius': 0.2, 'selected_trim': 0.0750108, 'selected_score': 1}, {'index': 10, 'radius_min': 0, 'radius_max': 0, 'trim_min': 0, 'trim_max': 0, 'evaluations': 9, 'safe_feasible': 2, 'states': 0, 'selected_radius': 0.3, 'selected_trim': 0.0602578, 'selected_score': 1}, {'index': 11, 'radius_min': 0, 'radius_max': 0, 'trim_min': 0, 'trim_max': 0, 'evaluations': 9, 'safe_feasible': 8, 'states': 0, 'selected_radius': 1.5, 'selected_trim': 0.209109, 'selected_score': 1}, {'index': 12, 'radius_min': 0, 'radius_max': 0, 'trim_min': 0, 'trim_max': 0, 'evaluations': 9, 'safe_feasible': 2, 'states': 0, 'selected_radius': 0.3, 'selected_trim': 0.0595317, 'selected_score': 1}, {'index': 13, 'radius_min': 0, 'radius_max': 0, 'trim_min': 0, 'trim_max': 0, 'evaluations': 9, 'safe_feasible': 2, 'states': 0, 'selected_radius': 0.3, 'selected_trim': 0.0470663, 'selected_score': 1}, {'index': 14, 'radius_min': 0, 'radius_max': 0, 'trim_min': 0, 'trim_max': 0, 'evaluations': 9, 'safe_feasible': 0, 'states': 0, 'selected_radius': 0, 'selected_trim': 0, 'selected_score': 0}, {'index': 15, 'radius_min': 0, 'radius_max': 0, 'trim_min': 0, 'trim_max': 0, 'evaluations': 9, 'safe_feasible': 0, 'states': 0, 'selected_radius': 0, 'selected_trim': 0, 'selected_score': 0}, {'index': 16, 'radius_min': 0, 'radius_max': 0, 'trim_min': 0, 'trim_max': 0, 'evaluations': 9, 'safe_feasible': 0, 'states': 0, 'selected_radius': 0, 'selected_trim': 0, 'selected_score': 0}, {'index': 17, 'radius_min': 0, 'radius_max': 0, 'trim_min': 0, 'trim_max': 0, 'evaluations': 9, 'safe_feasible': 0, 'states': 0, 'selected_radius': 0, 'selected_trim': 0, 'selected_score': 0}]",18,0,162,none,10,8,0.9533278747599785,200,0.975315,456,8,"{'angular acceleration iteration did not converge': 6, 'transition would overlap an adjacent corner window': 114}",0.0045703,fixed,0.05,6.4543949215015415,42,NavFnAStar,ab19cbe7e87b9902fe6687156dac71a8f7467abc5ad5c7030b744466cbf14ab7,277,ab19cbe7e87b9902fe6687156dac71a8f7467abc5ad5c7030b744466cbf14ab7,0,1,long_southwest_to_northeast,True,10.625379918545164,5.6658010582696985,13.74957698192268,9,0.013629643000058422
,,,,"smoothing failed: status=6, code=504, message=''",,,,,,,,,,,,,,,,,,,pivot_g2,,,,,,,,,,,,,,,,,,,,,,,,,,,,,,,NavFnAStar,ab19cbe7e87b9902fe6687156dac71a8f7467abc5ad5c7030b744466cbf14ab7,,ab19cbe7e87b9902fe6687156dac71a8f7467abc5ad5c7030b744466cbf14ab7,0,1,long_southwest_to_northeast,False,,,,,
0.006,34.53297427789828,0.026260377429877302,0.004424994464914378,,0.39878170681533665,0.11464466264901119,0.17964538882206538,0,586,10.6254,8,253,True,187.993,253,True,simple_default,simple,34.533,253,True,11.078901839792483,adaptive_hybrid_fixed,0.05,506,1df1baab3724a0aabda280cdda61bc3147cbbb5859f2dfb38ac9707876c31965,13.673109637620023,,,,,,,,,,,,,,,0,0.0,,,,,,,,,0,,NavFnAStar,ab19cbe7e87b9902fe6687156dac71a8f7467abc5ad5c7030b744466cbf14ab7,275,ab19cbe7e87b9902fe6687156dac71a8f7467abc5ad5c7030b744466cbf14ab7,0,1,long_southwest_to_northeast,True,34.53297427789828,11.078901839792483,13.673109637620023,1,0.016243459999714105
0.015000000000000001,34.53297427789828,0.026260377429877302,0.004424994464914378,,0.39878170681533665,0.11464466264901119,0.17964538882206538,0,586,,0,,False,187.993,253,True,pivot_unsafe,simple,34.533,253,True,11.078901839792483,adaptive_hybrid,0.05,506,1df1baab3724a0aabda280cdda61bc3147cbbb5859f2dfb38ac9707876c31965,13.673109637620023,,,,,,,,,,,,,,,0,0.0,,,,,,,,,0,,NavFnAStar,ab19cbe7e87b9902fe6687156dac71a8f7467abc5ad5c7030b744466cbf14ab7,275,ab19cbe7e87b9902fe6687156dac71a8f7467abc5ad5c7030b744466cbf14ab7,0,1,long_southwest_to_northeast,True,34.53297427789828,11.078901839792483,13.673109637620023,1,0.0278066190003301
0.003,114.07799230932281,8.881784197001252e-16,7.708158140919718e-17,,0.4430888234586087,0.16464466339406925,0.21959563989254183,0,577,,,,,,,,,,,,,22.591838124856753,raw,0.05,540,9ab5a12616d2fcfe13be7a0fecac429b73c24365334ad2b02febe3564f8b6f08,13.80360216769975,,,,,,,,,,,,,,,0,0.0,,,,,,,,,0,,NavFnAStar,9ab5a12616d2fcfe13be7a0fecac429b73c24365334ad2b02febe3564f8b6f08,278,9ab5a12616d2fcfe13be7a0fecac429b73c24365334ad2b02febe3564f8b6f08,0,1,long_northeast_to_southwest,True,114.07799230932281,22.591838124856753,13.80360216769975,1,0.008520517000306427
0.0,10.194391959485596,0.023299547750957137,0.004034823867096978,,0.42606444271849353,0.11464466264901119,0.2808724311428359,0,550,,,,,,,,,,,,,4.631502616760801,simple,0.05,540,c1c04dc57b73064775fbe1d86e336cc4afe25c0911e5173959fde1156a5dd5c2,13.710610734921937,,,,,,,,,,,,,,,0,0.0,,,,,,,,,0,,NavFnAStar,9ab5a12616d2fcfe13be7a0fecac429b73c24365334ad2b02febe3564f8b6f08,276,9ab5a12616d2fcfe13be7a0fecac429b73c24365334ad2b02febe3564f8b6f08,0,1,long_northeast_to_southwest,True,10.194391959485596,4.631502616760801,13.710610734921937,1,0.01165388300023551
0.0,28.72118835875235,0.015350859228751589,0.0018512917965033868,,0.42293845545576375,0.11464466264901119,0.26878279146075923,0,582,,,,,,,,,,,,,8.142421622373348,savitzky_golay,0.05,540,b8525712860e93d178f2bee850aaee46558e1eabd1c41e0be07f8efd8707d5fe,13.75770636761325,,,,,,,,,,,,,,,0,0.0,,,,,,,,,0,,NavFnAStar,9ab5a12616d2fcfe13be7a0fecac429b73c24365334ad2b02febe3564f8b6f08,277,9ab5a12616d2fcfe13be7a0fecac429b73c24365334ad2b02febe3564f8b6f08,0,1,long_northeast_to_southwest,True,28.72118835875235,8.142421622373348,13.75770636761325,1,0.011041703000046255
0.033,59.0503868779406,0.01730176934455967,0.002086209952707377,,0.41823258831455384,0.16464466339406925,0.26464466488418537,0,603,,,,,,,,,,,,,16.062169085479912,constrained,0.05,540,29ef1d90e9b834fd891c0954b9a2350429393ba85790b9a20deeb7980dc03db3,13.788475588967437,,,,,,,,,,,,,,,0,0.0,,,,,,,,,0,,NavFnAStar,9ab5a12616d2fcfe13be7a0fecac429b73c24365334ad2b02febe3564f8b6f08,278,9ab5a12616d2fcfe13be7a0fecac429b73c24365334ad2b02febe3564f8b6f08,0,1,long_northeast_to_southwest,True,59.0503868779406,16.062169085479912,13.788475588967437,1,0.045195782000064355
0.006,29.442795089621757,0.038344533804937936,0.017599567777239398,,0.4111778163337941,0.11464466264901119,0.25619225950049973,0,518,,,,,,,,,,,,,12.229554428264166,pivot_g2_fixed,0.05,494,35fe0d154bac4ebc2001a7456b178089b35e33d945bf459e927e87307a46175e,13.72100575993129,0,60,540,0.04,0.0384724,17,0,16,"[{'index': 0, 'radius_min': 0, 'radius_max': 0, 'trim_min': 0, 'trim_max': 0, 'evaluations': 9, 'safe_feasible': 1, 'states': 0, 'selected_radius': 0.2, 'selected_trim': 0.0562299, 'selected_score': 1}, {'index': 1, 'radius_min': 0, 'radius_max': 0, 'trim_min': 0, 'trim_max': 0, 'evaluations': 9, 'safe_feasible': 6, 'states': 0, 'selected_radius': 1, 'selected_trim': 0.127327, 'selected_score': 0.805201}, {'index': 2, 'radius_min': 0, 'radius_max': 0, 'trim_min': 0, 'trim_max': 0, 'evaluations': 9, 'safe_feasible': 3, 'states': 0, 'selected_radius': 0.4, 'selected_trim': 0.113614, 'selected_score': 0.75}, {'index': 3, 'radius_min': 0, 'radius_max': 0, 'trim_min': 0, 'trim_max': 0, 'evaluations': 9, 'safe_feasible': 5, 'states': 0, 'selected_radius': 0.5, 'selected_trim': 0.104597, 'selected_score': 0.825}, {'index': 4, 'radius_min': 0, 'radius_max': 0, 'trim_min': 0, 'trim_max': 0, 'evaluations': 9, 'safe_feasible': 6, 'states': 0, 'selected_radius': 1, 'selected_trim': 0.144117, 'selected_score': 0.892857}, {'index': 5, 'radius_min': 0, 'radius_max': 0, 'trim_min': 0, 'trim_max': 0, 'evaluations': 9, 'safe_feasible': 8, 'states': 0, 'selected_radius': 1.5, 'selected_trim': 0.143269, 'selected_score': 1}, {'index': 6, 'radius_min': 0, 'radius_max': 0, 'trim_min': 0, 'trim_max': 0, 'evaluations': 9, 'safe_feasible': 7, 'states': 0, 'selected_radius': 1.25, 'selected_trim': 0.175646, 'selected_score': 1}, {'index': 7, 'radius_min': 0, 'radius_max': 0, 'trim_min': 0, 'trim_max': 0, 'evaluations': 9, 'safe_feasible': 9, 'states': 0, 'selected_radius': 1.5, 'selected_trim': 0.274082, 'selected_score': 0.85}, {'index': 8, 'radius_min': 0, 'radius_max': 0, 'trim_min': 0, 'trim_max': 0, 'evaluations': 9, 'safe_feasible': 7, 'states': 0, 'selected_radius': 1.5, 'selected_trim': 0.106081, 'selected_score': 0.995035}, {'index': 9, 'radius_min': 0, 'radius_max': 0, 'trim_min': 0, 'trim_max': 0, 'evaluations': 9, 'safe_feasible': 6, 'states': 0, 'selected_radius': 0.75, 'selected_trim': 0.105401, 'selected_score': 0.872015}, {'index': 10, 'radius_min': 0, 'radius_max': 0, 'trim_min': 0, 'trim_max': 0, 'evaluations': 9, 'safe_feasible': 7, 'states': 0, 'selected_radius': 1.25, 'selected_trim': 0.175424, 'selected_score': 0.85}, {'index': 11, 'radius_min': 0, 'radius_max': 0, 'trim_min': 0, 'trim_max': 0, 'evaluations': 9, 'safe_feasible': 0, 'states': 0, 'selected_radius': 0, 'selected_trim': 0, 'selected_score': 0}, {'index': 12, 'radius_min': 0, 'radius_max': 0, 'trim_min': 0, 'trim_max': 0, 'evaluations': 9, 'safe_feasible': 0, 'states': 0, 'selected_radius': 0, 'selected_trim': 0, 'selected_score': 0}, {'index': 13, 'radius_min': 0, 'radius_max': 0, 'trim_min': 0, 'trim_max': 0, 'evaluations': 9, 'safe_feasible': 0, 'states': 0, 'selected_radius': 0, 'selected_trim': 0, 'selected_score': 0}, {'index': 14, 'radius_min': 0, 'radius_max': 0, 'trim_min': 0, 'trim_max': 0, 'evaluations': 9, 'safe_feasible': 2, 'states': 0, 'selected_radius': 0.3, 'selected_trim': 0.101875, 'selected_score': 0.9}]",15,0,135,none,12,3,0.7639712096946278,200,0.895009,494,3,"{'angular acceleration iteration did not converge': 8, 'transition would overlap an adjacent corner window': 60}",0.0050415,fixed,0.05,2.179944282701862,67,NavFnAStar,9ab5a12616d2fcfe13be7a0fecac429b73c24365334ad2b02febe3564f8b6f08,276,9ab5a12616d2fcfe13be7a0fecac429b73c24365334ad2b02febe3564f8b6f08,0,1,long_northeast_to_southwest,True,8.392820687230339,5.581206876580118,13.727741051907973,4,0.014825487000052817
0.018000000000000002,18.035485837474983,0.03834727297741243,0.01787254513431312,,0.41462588389571314,0.11464466264901119,0.25619225950049973,0,633,,,,,,,,,,,,,9.155528016318385,pivot_g2,0.05,624,1c2e13191c8ad3dc66d2907c3b321989a7d1b52492c600763db2fb580c5f4c2a,13.695523060748068,341,217,540,0.04,0.0384724,17,0,16,"[{'index': 0, 'radius_min': 0.1, 'radius_max': 0.522073, 'trim_min': 0.028115, 'trim_max': 0.146781, 'evaluations': 20, 'safe_feasible': 17, 'states': 6, 'selected_radius': 0.522073, 'selected_trim': 0.146781, 'selected_score': 0.623175}, {'index': 1, 'radius_min': 0.1, 'radius_max': 1.5, 'trim_min': 0.0127327, 'trim_max': 0.19099, 'evaluations': 20, 'safe_feasible': 17, 'states': 6, 'selected_radius': 1.36, 'selected_trim': 0.173165, 'selected_score': 0.242842}, {'index': 2, 'radius_min': 0.1, 'radius_max': 1.04787, 'trim_min': 0.0284036, 'trim_max': 0.297634, 'evaluations': 20, 'safe_feasible': 17, 'states': 6, 'selected_radius': 0.242181, 'selected_trim': 0.0687881, 'selected_score': 0.684192}, {'index': 3, 'radius_min': 0.1, 'radius_max': 1.42276, 'trim_min': 0.0209194, 'trim_max': 0.297634, 'evaluations': 20, 'safe_feasible': 18, 'states': 6, 'selected_radius': 0.232276, 'selected_trim': 0.0485909, 'selected_score': 0.628593}, {'index': 4, 'radius_min': 0.1, 'radius_max': 1.5, 'trim_min': 0.0144117, 'trim_max': 0.216176, 'evaluations': 20, 'safe_feasible': 17, 'states': 6, 'selected_radius': 1.5, 'selected_trim': 0.216176, 'selected_score': 0.232279}, {'index': 5, 'radius_min': 0.1, 'radius_max': 1.5, 'trim_min': 0.00955124, 'trim_max': 0.143269, 'evaluations': 20, 'safe_feasible': 17, 'states': 6, 'selected_radius': 1.5, 'selected_trim': 0.143269, 'selected_score': 0.11844}, {'index': 6, 'radius_min': 0.1, 'radius_max': 1.5, 'trim_min': 0.0140516, 'trim_max': 0.210775, 'evaluations': 20, 'safe_feasible': 17, 'states': 6, 'selected_radius': 1.5, 'selected_trim': 0.210775, 'selected_score': 0.154062}, {'index': 7, 'radius_min': 0.1, 'radius_max': 1.5, 'trim_min': 0.0182721, 'trim_max': 0.274082, 'evaluations': 20, 'safe_feasible': 18, 'states': 6, 'selected_radius': 1.5, 'selected_trim': 0.274082, 'selected_score': 0.265487}, {'index': 8, 'radius_min': 0.1, 'radius_max': 1.5, 'trim_min': 0.00707209, 'trim_max': 0.106081, 'evaluations': 11, 'safe_feasible': 9, 'states': 6, 'selected_radius': 1.22, 'selected_trim': 0.0862795, 'selected_score': 0.111361}, {'index': 9, 'radius_min': 0.1, 'radius_max': 1.5, 'trim_min': 0.0140534, 'trim_max': 0.210801, 'evaluations': 20, 'safe_feasible': 17, 'states': 6, 'selected_radius': 1.29, 'selected_trim': 0.181289, 'selected_score': 0.213971}, {'index': 10, 'radius_min': 0.1, 'radius_max': 1.5, 'trim_min': 0.0140339, 'trim_max': 0.210509, 'evaluations': 20, 'safe_feasible': 17, 'states': 6, 'selected_radius': 1.5, 'selected_trim': 0.210509, 'selected_score': 0.243218}, {'index': 11, 'radius_min': 0.1, 'radius_max': 0.435629, 'trim_min': 0.034433, 'trim_max': 0.15, 'evaluations': 20, 'safe_feasible': 18, 'states': 6, 'selected_radius': 0.251033, 'selected_trim': 0.0864381, 'selected_score': 0.722264}, {'index': 12, 'radius_min': 0.1, 'radius_max': 0.379543, 'trim_min': 0.0395212, 'trim_max': 0.15, 'evaluations': 20, 'safe_feasible': 16, 'states': 6, 'selected_radius': 0, 'selected_trim': 0, 'selected_score': 0}, {'index': 13, 'radius_min': 0.1, 'radius_max': 0.428486, 'trim_min': 0.0401717, 'trim_max': 0.17213, 'evaluations': 20, 'safe_feasible': 16, 'states': 6, 'selected_radius': 0.280668, 'selected_trim': 0.112749, 'selected_score': 0.736808}, {'index': 14, 'radius_min': 0.1, 'radius_max': 0.736199, 'trim_min': 0.0339582, 'trim_max': 0.25, 'evaluations': 20, 'safe_feasible': 16, 'states': 6, 'selected_radius': 0.736199, 'selected_trim': 0.25, 'selected_score': 0.426834}]",15,90,291,none,14,1,0.7527444593045243,200,0.385966,624,1,"{'angular acceleration iteration did not converge': 19, 'transition requires a reversing inner wheel': 25}",0.02035,adaptive,0.05,0.7527444593045243,247,NavFnAStar,9ab5a12616d2fcfe13be7a0fecac429b73c24365334ad2b02febe3564f8b6f08,276,9ab5a12616d2fcfe13be7a0fecac429b73c24365334ad2b02febe3564f8b6f08,0,1,long_northeast_to_southwest,True,12.132181654944375,4.670642963077426,13.698925940564443,2,0.03231909500027541
0.006,10.194391959485596,0.023299547750957137,0.004034823867096978,,0.42606444271849353,0.11464466264901119,0.2808724311428359,0,550,8.39282,3,253,True,114.078,228,True,simple_default,simple,10.1944,253,True,4.631502616760801,adaptive_hybrid_fixed,0.05,540,c1c04dc57b73064775fbe1d86e336cc4afe25c0911e5173959fde1156a5dd5c2,13.710610734921937,,,,,,,,,,,,,,,0,0.0,,,,,,,,,0,,NavFnAStar,9ab5a12616d2fcfe13be7a0fecac429b73c24365334ad2b02febe3564f8b6f08,276,9ab5a12616d2fcfe13be7a0fecac429b73c24365334ad2b02febe3564f8b6f08,0,1,long_northeast_to_southwest,True,10.194391959485596,4.631502616760801,13.710610734921937,1,0.02050000999997792
0.021,10.194391959485596,0.023299547750957137,0.004034823867096978,,0.42606444271849353,0.11464466264901119,0.2808724311428359,0,550,12.1322,1,253,True,114.078,228,True,simple_default,simple,10.1944,253,True,4.631502616760801,adaptive_hybrid,0.05,540,c1c04dc57b73064775fbe1d86e336cc4afe25c0911e5173959fde1156a5dd5c2,13.710610734921937,,,,,,,,,,,,,,,0,0.0,,,,,,,,,0,,NavFnAStar,9ab5a12616d2fcfe13be7a0fecac429b73c24365334ad2b02febe3564f8b6f08,276,9ab5a12616d2fcfe13be7a0fecac429b73c24365334ad2b02febe3564f8b6f08,0,1,long_northeast_to_southwest,True,10.194391959485596,4.631502616760801,13.710610734921937,1,0.030768549000185885
0.0,343.51020326418643,4.440892098500626e-16,9.852460345605397e-17,,0.7768354977329525,0.2146446641391273,0.26464466488418537,0,495,,,,,,,,,,,,,23.01060778365861,raw,0.05,463,8f774092ca8cd19f4f43ddc68834b323868822944e65714ea8cb91b866e0e97f,12.72738021570756,,,,,,,,,,,,,,,0,0.0,,,,,,,,,0,,NavFnAStar,8f774092ca8cd19f4f43ddc68834b323868822944e65714ea8cb91b866e0e97f,258,8f774092ca8cd19f4f43ddc68834b323868822944e65714ea8cb91b866e0e97f,0,1,crossing_northwest_to_southeast,True,343.51020326418643,23.01060778365861,12.72738021570756,1,0.007560526999895956
0.003,24.502441699074687,0.030235591266983265,0.008295551604249827,,0.7306665918559307,0.2808724311428359,0.3146446656292434,0,501,,,,,,,,,,,,,4.573283932925954,simple,0.05,463,2fdafd013384653e1e15d5cc6a825c5fed8ec899b6946d38d93c9e436f836d55,12.37251230300007,,,,,,,,,,,,,,,0,0.0,,,,,,,,,0,,NavFnAStar,8f774092ca8cd19f4f43ddc68834b323868822944e65714ea8cb91b866e0e97f,249,8f774092ca8cd19f4f43ddc68834b323868822944e65714ea8cb91b866e0e97f,0,1,crossing_northwest_to_southeast,True,24.502441699074687,4.573283932925954,12.37251230300007,1,0.011778431000038836
0.0,135.76060731816256,0.018243401172589217,0.0034283863583744805,,0.7146765382525029,0.23390290478282266,0.3146446656292434,0,650,,,,,,,,,,,,,12.963186700513177,savitzky_golay,0.05,463,b58de0ed4831513661cccba4eba038603a075e5685dc443b937958d1e660d34c,12.566306613055211,,,,,,,,,,,,,,,0,0.0,,,,,,,,,0,,NavFnAStar,8f774092ca8cd19f4f43ddc68834b323868822944e65714ea8cb91b866e0e97f,253,8f774092ca8cd19f4f43ddc68834b323868822944e65714ea8cb91b866e0e97f,0,1,crossing_northwest_to_southeast,True,135.76060731816256,12.963186700513177,12.566306613055211,1,0.010332323000056931
0.027000000000000003,246.30549596614534,0.012784777517382358,0.0034902704663652305,,0.7035898110778356,0.2146446641391273,0.30005486203680687,0,705,,,,,,,,,,,,,19.684819856159482,constrained,0.05,463,a9288946059f86e72b0eba6f326e282d16adac910d8fbaf9301435b746d1849c,12.682755036100504,,,,,,,,,,,,,,,0,0.0,,,,,,,,,0,,NavFnAStar,8f774092ca8cd19f4f43ddc68834b323868822944e65714ea8cb91b866e0e97f,256,8f774092ca8cd19f4f43ddc68834b323868822944e65714ea8cb91b866e0e97f,0,1,crossing_northwest_to_southeast,True,246.30549596614534,19.684819856159482,12.682755036100504,1,0.036943207000149414
0.006,242.43019997954627,0.03335050580737011,0.01057451674894548,,0.6078497917824109,0.16464466339406925,0.26464466488418537,0,637,,,,,,,,,,,,,22.137178738498058,pivot_g2_fixed,0.05,443,e5929e34cd0d1643aced846dcd8dd1994e6f55d813478ecde37d2800869e589e,12.64633656506955,0,35,463,0.04,0.0354707,28,0,27,"[{'index': 0, 'radius_min': 0, 'radius_max': 0, 'trim_min': 0, 'trim_max': 0, 'evaluations': 9, 'safe_feasible': 8, 'states': 0, 'selected_radius': 1.5, 'selected_trim': 0.145715, 'selected_score': 1}, {'index': 1, 'radius_min': 0, 'radius_max': 0, 'trim_min': 0, 'trim_max': 0, 'evaluations': 9, 'safe_feasible': 6, 'states': 0, 'selected_radius': 0.75, 'selected_trim': 0.169322, 'selected_score': 0.974332}, {'index': 2, 'radius_min': 0, 'radius_max': 0, 'trim_min': 0, 'trim_max': 0, 'evaluations': 9, 'safe_feasible': 5, 'states': 0, 'selected_radius': 0.6, 'selected_trim': 0.185222, 'selected_score': 0.808463}, {'index': 3, 'radius_min': 0, 'radius_max': 0, 'trim_min': 0, 'trim_max': 0, 'evaluations': 9, 'safe_feasible': 4, 'states': 0, 'selected_radius': 0.5, 'selected_trim': 0.159054, 'selected_score': 0.779856}, {'index': 4, 'radius_min': 0, 'radius_max': 0, 'trim_min': 0, 'trim_max': 0, 'evaluations': 9, 'safe_feasible': 8, 'states': 0, 'selected_radius': 1.25, 'selected_trim': 0.125871, 'selected_score': 0.9024}, {'index': 5, 'radius_min': 0, 'radius_max': 0, 'trim_min': 0, 'trim_max': 0, 'evaluations': 9, 'safe_feasible': 5, 'states': 0, 'selected_radius': 1, 'selected_trim': 0.0768835, 'selected_score': 0.822433}, {'index': 6, 'radius_min': 0, 'radius_max': 0, 'trim_min': 0, 'trim_max': 0, 'evaluations': 9, 'safe_feasible': 2, 'states': 0, 'selected_radius': 0.3, 'selected_trim': 0.0690389, 'selected_score': 0.85}, {'index': 7, 'radius_min': 0, 'radius_max': 0, 'trim_min': 0, 'trim_max': 0, 'evaluations': 9, 'safe_feasible': 4, 'states': 0, 'selected_radius': 0.5, 'selected_trim': 0.125171, 'selected_score': 0.901307}, {'index': 8, 'radius_min': 0, 'radius_max': 0, 'trim_min': 0, 'trim_max': 0, 'evaluations': 9, 'safe_feasible': 0, 'states': 0, 'selected_radius': 0, 'selected_trim': 0, 'selected_score': 0}, {'index': 9, 'radius_min': 0, 'radius_max': 0, 'trim_min': 0, 'trim_max': 0, 'evaluations': 9, 'safe_feasible': 0, 'states': 0, 'selected_radius': 0, 'selected_trim': 0, 'selected_score': 0}, {'index': 10, 'radius_min': 0, 'radius_max': 0, 'trim_min': 0, 'trim_max': 0, 'evaluations': 9, 'safe_feasible': 0, 'states': 0, 'selected_radius': 0, 'selected_trim': 0, 'selected_score': 0}, {'index': 11, 'radius_min': 0, 'radius_max': 0, 'trim_min': 0, 'trim_max': 0, 'evaluations': 9, 'safe_feasible': 0, 'states': 0, 'selected_radius': 0, 'selected_trim': 0, 'selected_score': 0}, {'index': 12, 'radius_min': 0, 'radius_max': 0, 'trim_min': 0, 'trim_max': 0, 'evaluations': 9, 'safe_feasible': 0, 'states': 0, 'selected_radius': 0, 'selected_trim': 0, 'selected_score': 0}, {'index': 13, 'radius_min': 0, 'radius_max': 0, 'trim_min': 0, 'trim_max': 0, 'evaluations': 9, 'safe_feasible': 0, 'states': 0, 'selected_radius': 0, 'selected_trim': 0, 'selected_score': 0}, {'index': 14, 'radius_min': 0, 'radius_max': 0, 'trim_min': 0, 'trim_max': 0, 'evaluations': 9, 'safe_feasible': 0, 'states': 0, 'selected_radius': 0, 'selected_trim': 0, 'selected_score': 0}, {'index': 15, 'radius_min': 0, 'radius_max': 0, 'trim_min': 0, 'trim_max': 0, 'evaluations': 9, 'safe_feasible': 0, 'states': 0, 'selected_radius': 0, 'selected_trim': 0, 'selected_score': 0}, {'index': 16, 'radius_min': 0, 'radius_max': 0, 'trim_min': 0, 'trim_max': 0, 'evaluations': 9, 'safe_feasible': 0, 'states': 0, 'selected_radius': 0, 'selected_trim': 0, 'selected_score': 0}, {'index': 17, 'radius_min': 0, 'radius_max': 0, 'trim_min': 0, 'trim_max': 0, 'evaluations': 9, 'safe_feasible': 0, 'states': 0, 'selected_radius': 0, 'selected_trim': 0, 'selected_score': 0}, {'index': 18, 'radius_min': 0, 'radius_max': 0, 'trim_min': 0, 'trim_max': 0, 'evaluations': 9, 'safe_feasible': 0, 'states': 0, 'selected_radius': 0, 'selected_trim': 0, 'selected_score': 0}, {'index': 19, 'radius_min': 0, 'radius_max': 0, 'trim_min': 0, 'trim_max': 0, 'evaluations': 9, 'safe_feasible': 0, 'states': 0, 'selected_radius': 0, 'selected_trim': 0, 'selected_score': 0}, {'index': 20, 'radius_min': 0, 'radius_max': 0, 'trim_min': 0, 'trim_max': 0, 'evaluations': 9, 'safe_feasible': 0, 'states': 0, 'selected_radius': 0, 'selected_trim': 0, 'selected_score': 0}, {'index': 21, 'radius_min': 0, 'radius_max': 0, 'trim_min': 0, 'trim_max': 0, 'evaluations': 9, 'safe_feasible': 0, 'states': 0, 'selected_radius': 0, 'selected_trim': 0, 'selected_score': 0}, {'index': 22, 'radius_min': 0, 'radius_max': 0, 'trim_min': 0, 'trim_max': 0, 'evaluations': 9, 'safe_feasible': 0, 'states': 0, 'selected_radius': 0, 'selected_trim': 0, 'selected_score': 0}, {'index': 23, 'radius_min': 0, 'radius_max': 0, 'trim_min': 0, 'trim_max': 0, 'evaluations': 9, 'safe_feasible': 0, 'states': 0, 'selected_radius': 0, 'selected_trim': 0, 'selected_score': 0}, {'index': 24, 'radius_min': 0, 'radius_max': 0, 'trim_min': 0, 'trim_max': 0, 'evaluations': 9, 'safe_feasible': 0, 'states': 0, 'selected_radius': 0, 'selected_trim': 0, 'selected_score': 0}, {'index': 25, 'radius_min': 0, 'radius_max': 0, 'trim_min': 0, 'trim_max': 0, 'evaluations': 9, 'safe_feasible': 0, 'states': 0, 'selected_radius': 0, 'selected_trim': 0, 'selected_score': 0}]",26,0,234,none,8,18,1.241625892777984,200,0.879849,443,18,"{'angular acceleration iteration did not converge': 4, 'transition would overlap an adjacent corner window': 188}",0.00373143,fixed,0.05,17.71792154198445,42,NavFnAStar,8f774092ca8cd19f4f43ddc68834b323868822944e65714ea8cb91b866e0e97f,256,8f774092ca8cd19f4f43ddc68834b323868822944e65714ea8cb91b866e0e97f,0,1,crossing_northwest_to_southeast,True,5.665877980115012,3.695665681640077,12.716448657963134,19,0.014311936000012793
0.030000000000000002,194.92233654864646,0.03164039352856711,0.010835521647898952,,0.6290725546512475,0.16464466339406925,0.26878279146075923,0,601,,,,,,,,,,,,,18.629673951550394,pivot_g2,0.05,477,64f183d16f00055bb67dc7602c7c4a45460821b1dcbbbc9f1ccb563f9cf13686,12.579414389511886,235,282,463,0.04,0.0354707,28,0,27,"[{'index': 0, 'radius_min': 0.1, 'radius_max': 1.5, 'trim_min': 0.00971432, 'trim_max': 0.145715, 'evaluations': 20, 'safe_feasible': 17, 'states': 6, 'selected_radius': 1.5, 'selected_trim': 0.145715, 'selected_score': 0.119829}, {'index': 1, 'radius_min': 0.1, 'radius_max': 1.5, 'trim_min': 0.0225763, 'trim_max': 0.338644, 'evaluations': 20, 'safe_feasible': 17, 'states': 6, 'selected_radius': 0.45, 'selected_trim': 0.101593, 'selected_score': 0.510993}, {'index': 2, 'radius_min': 0.1, 'radius_max': 1.5, 'trim_min': 0.0308704, 'trim_max': 0.463055, 'evaluations': 20, 'safe_feasible': 18, 'states': 6, 'selected_radius': 0.24, 'selected_trim': 0.0740889, 'selected_score': 0.670905}, {'index': 3, 'radius_min': 0.1, 'radius_max': 1.32515, 'trim_min': 0.0318109, 'trim_max': 0.421543, 'evaluations': 20, 'safe_feasible': 18, 'states': 6, 'selected_radius': 0.222515, 'selected_trim': 0.0707841, 'selected_score': 0.69934}, {'index': 4, 'radius_min': 0.1, 'radius_max': 1.5, 'trim_min': 0.0100697, 'trim_max': 0.151046, 'evaluations': 20, 'safe_feasible': 17, 'states': 6, 'selected_radius': 1.36, 'selected_trim': 0.136948, 'selected_score': 0.183179}, {'index': 5, 'radius_min': 0.1, 'radius_max': 1.5, 'trim_min': 0.00768835, 'trim_max': 0.115325, 'evaluations': 20, 'safe_feasible': 17, 'states': 6, 'selected_radius': 0.17, 'selected_trim': 0.0130702, 'selected_score': 0.398875}, {'index': 6, 'radius_min': 0.1, 'radius_max': 0.760171, 'trim_min': 0.023013, 'trim_max': 0.174938, 'evaluations': 20, 'safe_feasible': 18, 'states': 6, 'selected_radius': 0.199026, 'selected_trim': 0.0458017, 'selected_score': 0.650787}, {'index': 7, 'radius_min': 0.1, 'radius_max': 1.12052, 'trim_min': 0.0250343, 'trim_max': 0.280515, 'evaluations': 20, 'safe_feasible': 18, 'states': 6, 'selected_radius': 0.202052, 'selected_trim': 0.0505824, 'selected_score': 0.675271}, {'index': 8, 'radius_min': 0.1, 'radius_max': 0.136931, 'trim_min': 0.0547632, 'trim_max': 0.0749877, 'evaluations': 6, 'safe_feasible': 0, 'states': 1, 'selected_radius': 0, 'selected_trim': 0, 'selected_score': 0}, {'index': 9, 'radius_min': 0.1, 'radius_max': 0.104858, 'trim_min': 0.0715137, 'trim_max': 0.0749877, 'evaluations': 6, 'safe_feasible': 0, 'states': 1, 'selected_radius': 0, 'selected_trim': 0, 'selected_score': 0}, {'index': 10, 'radius_min': 0.1, 'radius_max': 0.4321, 'trim_min': 0.0391646, 'trim_max': 0.16923, 'evaluations': 20, 'safe_feasible': 14, 'states': 6, 'selected_radius': 0.282655, 'selected_trim': 0.110701, 'selected_score': 0.722112}, {'index': 11, 'radius_min': 0.1, 'radius_max': 0.426003, 'trim_min': 0.0463569, 'trim_max': 0.197482, 'evaluations': 20, 'safe_feasible': 17, 'states': 6, 'selected_radius': 0.246701, 'selected_trim': 0.114363, 'selected_score': 0.730869}, {'index': 12, 'radius_min': 0.1, 'radius_max': 0.356445, 'trim_min': 0.0554032, 'trim_max': 0.197482, 'evaluations': 20, 'safe_feasible': 16, 'states': 6, 'selected_radius': 0, 'selected_trim': 0, 'selected_score': 0}, {'index': 13, 'radius_min': 0.1, 'radius_max': 0.356148, 'trim_min': 0.0544204, 'trim_max': 0.193817, 'evaluations': 20, 'safe_feasible': 16, 'states': 6, 'selected_radius': 0.240881, 'selected_trim': 0.131089, 'selected_score': 0.73647}, {'index': 14, 'radius_min': 0.1, 'radius_max': 0.351649, 'trim_min': 0.0551167, 'trim_max': 0.193817, 'evaluations': 20, 'safe_feasible': 16, 'states': 6, 'selected_radius': 0, 'selected_trim': 0, 'selected_score': 0}, {'index': 15, 'radius_min': 0.1, 'radius_max': 0.351817, 'trim_min': 0.0541163, 'trim_max': 0.19039, 'evaluations': 20, 'safe_feasible': 16, 'states': 6, 'selected_radius': 0.238499, 'selected_trim': 0.129067, 'selected_score': 0.696109}, {'index': 16, 'radius_min': 0.1, 'radius_max': 0.345065, 'trim_min': 0.0551752, 'trim_max': 0.19039, 'evaluations': 20, 'safe_feasible': 16, 'states': 6, 'selected_radius': 0, 'selected_trim': 0, 'selected_score': 0}, {'index': 17, 'radius_min': 0.1, 'radius_max': 0.344689, 'trim_min': 0.0549983, 'trim_max': 0.189573, 'evaluations': 20, 'safe_feasible': 16, 'states': 6, 'selected_radius': 0.234579, 'selected_trim': 0.129014, 'selected_score': 0.702455}, {'index': 18, 'radius_min': 0.1, 'radius_max': 0.346449, 'trim_min': 0.0547188, 'trim_max': 0.189573, 'evaluations': 20, 'safe_feasible': 16, 'states': 6, 'selected_radius': 0, 'selected_trim': 0, 'selected_score': 0}, {'index': 19, 'radius_min': 0.1, 'radius_max': 0.347142, 'trim_min': 0.0536531, 'trim_max': 0.186252, 'evaluations': 20, 'safe_feasible': 16, 'states': 6, 'selected_radius': 0.235928, 'selected_trim': 0.126583, 'selected_score': 0.699355}, {'index': 20, 'radius_min': 0.1, 'radius_max': 0.316744, 'trim_min': 0.0552354, 'trim_max': 0.174955, 'evaluations': 20, 'safe_feasible': 15, 'states': 6, 'selected_radius': 0, 'selected_trim': 0, 'selected_score': 0}, {'index': 21, 'radius_min': 0.1, 'radius_max': 0.324726, 'trim_min': 0.0538778, 'trim_max': 0.174955, 'evaluations': 20, 'safe_feasible': 16, 'states': 6, 'selected_radius': 0, 'selected_trim': 0, 'selected_score': 0}, {'index': 22, 'radius_min': 0.1, 'radius_max': 0.222336, 'trim_min': 0.0562082, 'trim_max': 0.124971, 'evaluations': 11, 'safe_feasible': 6, 'states': 6, 'selected_radius': 0, 'selected_trim': 0, 'selected_score': 0}, {'index': 23, 'radius_min': 0.1, 'radius_max': 0.222802, 'trim_min': 0.0560906, 'trim_max': 0.124971, 'evaluations': 11, 'safe_feasible': 6, 'states': 6, 'selected_radius': 0, 'selected_trim': 0, 'selected_score': 0}, {'index': 24, 'radius_min': 0.1, 'radius_max': 0.224118, 'trim_min': 0.0557621, 'trim_max': 0.124973, 'evaluations': 11, 'safe_feasible': 6, 'states': 6, 'selected_radius': 0, 'selected_trim': 0, 'selected_score': 0}, {'index': 25, 'radius_min': 0.1, 'radius_max': 0.299954, 'trim_min': 0.0416641, 'trim_max': 0.124973, 'evaluations': 11, 'safe_feasible': 8, 'states': 6, 'selected_radius': 0.159986, 'selected_trim': 0.0666568, 'selected_score': 0.674568}]",26,146,456,none,15,11,1.2416258927779835,200,0.591408,477,11,"{'angular acceleration iteration did not converge': 10, 'transition requires a reversing inner wheel': 90}",0.027899,adaptive,0.05,11.334275564491726,356,NavFnAStar,8f774092ca8cd19f4f43ddc68834b323868822944e65714ea8cb91b866e0e97f,254,8f774092ca8cd19f4f43ddc68834b323868822944e65714ea8cb91b866e0e97f,0,1,crossing_northwest_to_southeast,True,37.85313395184235,6.737948977376495,12.626579232402522,12,0.040145471000414545
0.006,24.502441699074687,0.030235591266983265,0.008295551604249827,,0.7306665918559307,0.2808724311428359,0.3146446656292434,0,501,5.66588,18,228,True,343.51,177,True,simple_default,simple,24.5024,161,True,4.573283932925954,adaptive_hybrid_fixed,0.05,463,2fdafd013384653e1e15d5cc6a825c5fed8ec899b6946d38d93c9e436f836d55,12.37251230300007,,,,,,,,,,,,,,,0,0.0,,,,,,,,,0,,NavFnAStar,8f774092ca8cd19f4f43ddc68834b323868822944e65714ea8cb91b866e0e97f,249,8f774092ca8cd19f4f43ddc68834b323868822944e65714ea8cb91b866e0e97f,0,1,crossing_northwest_to_southeast,True,24.502441699074687,4.573283932925954,12.37251230300007,1,0.016009915999802615
0.027000000000000003,24.502441699074687,0.030235591266983265,0.008295551604249827,,0.7306665918559307,0.2808724311428359,0.3146446656292434,0,501,37.8531,11,228,True,343.51,177,True,simple_default,simple,24.5024,161,True,4.573283932925954,adaptive_hybrid,0.05,463,2fdafd013384653e1e15d5cc6a825c5fed8ec899b6946d38d93c9e436f836d55,12.37251230300007,,,,,,,,,,,,,,,0,0.0,,,,,,,,,0,,NavFnAStar,8f774092ca8cd19f4f43ddc68834b323868822944e65714ea8cb91b866e0e97f,249,8f774092ca8cd19f4f43ddc68834b323868822944e65714ea8cb91b866e0e97f,0,1,crossing_northwest_to_southeast,True,24.502441699074687,4.573283932925954,12.37251230300007,1,0.03839704600022742
0.0,69.04281061498111,2.220446049250313e-16,3.965425973735828e-17,,0.5941575462801219,0.16464466339406925,0.2146446641391273,0,289,,,,,,,,,,,,,21.435755735421946,raw,0.05,267,81d62284b89644fb950571c12145e38b825a8f873f6082f31bd563173a08e7b3,6.8425175544195245,,,,,,,,,,,,,,,0,0.0,,,,,,,,,0,,NavFnAStar,81d62284b89644fb950571c12145e38b825a8f873f6082f31bd563173a08e7b3,139,81d62284b89644fb950571c12145e38b825a8f873f6082f31bd563173a08e7b3,0,1,central_south_to_north,True,69.04281061498111,21.435755735421946,6.8425175544195245,1,0.0061964569999872765
0.0,14.766779700209167,0.02028028115785102,0.0038904973200594873,,0.5697007306669957,0.16464466339406925,0.2146446641391273,0,286,,,,,,,,,,,,,12.309014835662651,simple,0.05,267,29875d389b5dec2616ea621acb4f84b242aead64cc2f655b7ced91b824d980b4,6.800551522303143,,,,,,,,,,,,,,,0,0.0,,,,,,,,,0,,NavFnAStar,81d62284b89644fb950571c12145e38b825a8f873f6082f31bd563173a08e7b3,138,81d62284b89644fb950571c12145e38b825a8f873f6082f31bd563173a08e7b3,0,1,central_south_to_north,True,14.766779700209167,12.309014835662651,6.800551522303143,1,0.007310811000024842
0.0,31.194727735297395,0.0060346092575756065,0.001387709632136494,,0.5445543592302753,0.1449222268733815,0.2146446641391273,0,320,,,,,,,,,,,,,11.03778953504903,savitzky_golay,0.05,267,eeb5c82f36330602d5cb013740c02f4b0a7c42e5e977606c3c5700f8d59cba7d,6.824949644663813,,,,,,,,,,,,,,,0,0.0,,,,,,,,,0,,NavFnAStar,81d62284b89644fb950571c12145e38b825a8f873f6082f31bd563173a08e7b3,138,81d62284b89644fb950571c12145e38b825a8f873f6082f31bd563173a08e7b3,0,1,central_south_to_north,True,31.194727735297395,11.03778953504903,6.824949644663813,1,0.0075319190000300296
0.018000000000000002,45.27903364840097,0.015052520148773146,0.0037542384911029695,,0.5638849038930818,0.16464466339406925,0.2146446641391273,0,336,,,,,,,,,,,,,13.424268805562889,constrained,0.05,267,711e506e359ffa74d789f71f60fdd7f89c4422cd4d04cfafc4c38935be21eb66,6.845091804959073,,,,,,,,,,,,,,,0,0.0,,,,,,,,,0,,NavFnAStar,81d62284b89644fb950571c12145e38b825a8f873f6082f31bd563173a08e7b3,139,81d62284b89644fb950571c12145e38b825a8f873f6082f31bd563173a08e7b3,0,1,central_south_to_north,True,45.27903364840097,13.424268805562889,6.845091804959073,1,0.023346285999650718
0.003,6.007040907879279,0.031677738777520906,0.014507679935478848,,0.5147685085502413,0.23390290478282266,0.2474873771031409,0,192,,,,,,,,,,,,,7.719998132572821,pivot_g2_fixed,0.05,180,8b252f34b22043a1648289e4edab34ccf347074aa9b40c321bc473bdcdd37acf,6.7892653324332635,0,17,267,0.04,0.0316971,6,0,4,"[{'index': 0, 'radius_min': 0, 'radius_max': 0, 'trim_min': 0, 'trim_max': 0, 'evaluations': 9, 'safe_feasible': 8, 'states': 0, 'selected_radius': 1.5, 'selected_trim': 0.136238, 'selected_score': 0.85}, {'index': 1, 'radius_min': 0, 'radius_max': 0, 'trim_min': 0, 'trim_max': 0, 'evaluations': 9, 'safe_feasible': 4, 'states': 0, 'selected_radius': 0.6, 'selected_trim': 0.220567, 'selected_score': 0.825468}, {'index': 2, 'radius_min': 0, 'radius_max': 0, 'trim_min': 0, 'trim_max': 0, 'evaluations': 9, 'safe_feasible': 8, 'states': 0, 'selected_radius': 1.5, 'selected_trim': 0.0474181, 'selected_score': 0.975709}, {'index': 3, 'radius_min': 0, 'radius_max': 0, 'trim_min': 0, 'trim_max': 0, 'evaluations': 9, 'safe_feasible': 0, 'states': 0, 'selected_radius': 0, 'selected_trim': 0, 'selected_score': 0}]",4,0,36,none,3,1,0.6564438930287256,200,0.883726,180,1,"{'angular acceleration iteration did not converge': 3, 'transition would overlap an adjacent corner window': 13}",0.00228972,fixed,0.05,0.6564438930287256,20,NavFnAStar,81d62284b89644fb950571c12145e38b825a8f873f6082f31bd563173a08e7b3,137,81d62284b89644fb950571c12145e38b825a8f873f6082f31bd563173a08e7b3,0,1,central_south_to_north,True,1.3845084657985407,2.0090342734003652,6.791875356475149,2,0.009195924999858107
0.003,4.80130177760545,0.031677738777520906,0.014307295986504069,,0.5208001177229171,0.2474873771031409,0.25619225950049973,0,191,,,,,,,,,,,,,5.344212419873584,pivot_g2,0.05,187,e3bec146ddfceae38581dc6f0d3fabeaf53e3a5266a7d0f8657182e5751ead17,6.792850298977864,62,38,267,0.04,0.0316971,6,0,4,"[{'index': 0, 'radius_min': 0.1, 'radius_max': 1.5, 'trim_min': 0.0090825, 'trim_max': 0.136238, 'evaluations': 20, 'safe_feasible': 17, 'states': 6, 'selected_radius': 1.5, 'selected_trim': 0.136238, 'selected_score': 0.200271}, {'index': 1, 'radius_min': 0.1, 'radius_max': 1.5, 'trim_min': 0.0367612, 'trim_max': 0.551418, 'evaluations': 20, 'safe_feasible': 18, 'states': 6, 'selected_radius': 0.38, 'selected_trim': 0.139693, 'selected_score': 0.69495}, {'index': 2, 'radius_min': 0.1, 'radius_max': 1.5, 'trim_min': 0.00316121, 'trim_max': 0.0474181, 'evaluations': 6, 'safe_feasible': 4, 'states': 5, 'selected_radius': 1.5, 'selected_trim': 0.0474181, 'selected_score': 0.131585}, {'index': 3, 'radius_min': 0.1, 'radius_max': 0.207643, 'trim_min': 0.0340539, 'trim_max': 0.0707105, 'evaluations': 6, 'safe_feasible': 3, 'states': 4, 'selected_radius': 0.207643, 'selected_trim': 0.0707105, 'selected_score': 0.679019}]",4,21,52,none,4,0,0.0,200,0.426456,187,0,"{'angular acceleration iteration did not converge': 3, 'transition requires a reversing inner wheel': 7}",0.00400784,adaptive,0.05,0,42,NavFnAStar,81d62284b89644fb950571c12145e38b825a8f873f6082f31bd563173a08e7b3,137,81d62284b89644fb950571c12145e38b825a8f873f6082f31bd563173a08e7b3,0,1,central_south_to_north,True,4.80130177760545,5.344212419873584,6.792850298977864,1,0.011033408000002964
0.006,6.007040907879279,0.031677738777520906,0.014507679935478848,,0.5147685085502413,0.23390290478282266,0.2474873771031409,0,192,1.38451,1,177,True,69.0428,251,True,safety_gain_within_energy_budget,pivot_g2,14.7668,228,True,7.719998132572821,adaptive_hybrid_fixed,0.05,180,8b252f34b22043a1648289e4edab34ccf347074aa9b40c321bc473bdcdd37acf,6.7892653324332635,,,,,,,,,,,,,,,1,0.6564438930287256,,,,,,,,,0.6564438930287256,,NavFnAStar,81d62284b89644fb950571c12145e38b825a8f873f6082f31bd563173a08e7b3,137,81d62284b89644fb950571c12145e38b825a8f873f6082f31bd563173a08e7b3,0,1,central_south_to_north,True,1.3845084657985407,2.0090342734003652,6.791875356475149,2,0.011665363000247453
0.006,4.80130177760545,0.031677738777520906,0.014307295986504069,,0.5208001177229171,0.2474873771031409,0.25619225950049973,0,191,4.8013,0,177,True,69.0428,251,True,safety_gain_within_energy_budget,pivot_g2,14.7668,228,True,5.344212419873584,adaptive_hybrid,0.05,187,e3bec146ddfceae38581dc6f0d3fabeaf53e3a5266a7d0f8657182e5751ead17,6.792850298977864,,,,,,,,,,,,,,,0,0.0,,,,,,,,,0,,NavFnAStar,81d62284b89644fb950571c12145e38b825a8f873f6082f31bd563173a08e7b3,137,81d62284b89644fb950571c12145e38b825a8f873f6082f31bd563173a08e7b3,0,1,central_south_to_north,True,4.80130177760545,5.344212419873584,6.792850298977864,1,0.011153056000239303
0.0,50.51848327571568,8.881784197001252e-16,1.0527253102252686e-16,,0.4371221307444989,0.18825146149581692,0.23390290478282266,0,287,,,,,,,,,,,,,16.14672471351275,raw,0.05,266,21b17e8f8f2827796c6bf5d94690fcc16a3809dbb403ef5b59510735985223d5,6.650303970600595,,,,,,,,,,,,,,,0,0.0,,,,,,,,,0,,NavFnAStar,21b17e8f8f2827796c6bf5d94690fcc16a3809dbb403ef5b59510735985223d5,135,21b17e8f8f2827796c6bf5d94690fcc16a3809dbb403ef5b59510735985223d5,0,1,right_south_to_north,True,50.51848327571568,16.14672471351275,6.650303970600595,1,0.004741405999993731
0.0,2.8418120124128583,0.02015040738573328,0.0029698618933056775,,0.45401072227723505,0.2808724311428359,0.30005486203680687,0,299,,,,,,,,,,,,,2.872127574233266,simple,0.05,266,3fbf9822f228d579ef239abc31babeda470c55f7e54659d0eed6fbd09da7418e,6.6208566557407345,,,,,,,,,,,,,,,0,0.0,,,,,,,,,0,,NavFnAStar,21b17e8f8f2827796c6bf5d94690fcc16a3809dbb403ef5b59510735985223d5,134,21b17e8f8f2827796c6bf5d94690fcc16a3809dbb403ef5b59510735985223d5,0,1,right_south_to_north,True,2.8418120124128583,2.872127574233266,6.6208566557407345,1,0.009217017000082706
0.0,9.960727038295218,0.009117094134149689,0.002046154221196331,,0.4508603783329033,0.28480087705617874,0.30005486203680687,0,310,,,,,,,,,,,,,5.913609588435364,savitzky_golay,0.05,266,389c5f4c9f233079e0d423b59929bed6856e6a4af35c8e23f9a8552d83ce456a,6.633833693062027,,,,,,,,,,,,,,,0,0.0,,,,,,,,,0,,NavFnAStar,21b17e8f8f2827796c6bf5d94690fcc16a3809dbb403ef5b59510735985223d5,134,21b17e8f8f2827796c6bf5d94690fcc16a3809dbb403ef5b59510735985223d5,0,1,right_south_to_north,True,9.960727038295218,5.913609588435364,6.633833693062027,1,0.006728739999743993
0.021,20.99519371743965,0.00966251280858228,0.0019509176464059684,,0.45507756199117866,0.25619225950049973,0.30005486203680687,0,312,,,,,,,,,,,,,9.97537681199652,constrained,0.05,266,bd7c8787cdb3e8d7ca70abf6861c046e7fb3a51c1c56ae1150b8ef8fea98dd4f,6.646248682793091,,,,,,,,,,,,,,,0,0.0,,,,,,,,,0,,NavFnAStar,21b17e8f8f2827796c6bf5d94690fcc16a3809dbb403ef5b59510735985223d5,135,21b17e8f8f2827796c6bf5d94690fcc16a3809dbb403ef5b59510735985223d5,0,1,right_south_to_north,True,20.99519371743965,9.97537681199652,6.646248682793091,1,0.02532380100001319
0.0,9.559461152315391,0.03374470236436046,0.013505094943875801,,0.4164093330071346,0.25619225950049973,0.2808724311428359,0,242,,,,,,,,,,,,,12.542981571431081,pivot_g2_fixed,0.05,230,3c25e3c98a180bea10eac67254b0c4d864d688a597e3321bce5a33dc790be9af,6.616804055121184,0,30,266,0.04,0.0337833,8,0,6,"[{'index': 0, 'radius_min': 0, 'radius_max': 0, 'trim_min': 0, 'trim_max': 0, 'evaluations': 9, 'safe_feasible': 7, 'states': 0, 'selected_radius': 1.5, 'selected_trim': 0.125016, 'selected_score': 1}, {'index': 1, 'radius_min': 0, 'radius_max': 0, 'trim_min': 0, 'trim_max': 0, 'evaluations': 9, 'safe_feasible': 9, 'states': 0, 'selected_radius': 1.5, 'selected_trim': 0.266086, 'selected_score': 0.88913}, {'index': 2, 'radius_min': 0, 'radius_max': 0, 'trim_min': 0, 'trim_max': 0, 'evaluations': 9, 'safe_feasible': 3, 'states': 0, 'selected_radius': 0.4, 'selected_trim': 0.084705, 'selected_score': 0.9}, {'index': 3, 'radius_min': 0, 'radius_max': 0, 'trim_min': 0, 'trim_max': 0, 'evaluations': 9, 'safe_feasible': 5, 'states': 0, 'selected_radius': 0.75, 'selected_trim': 0.094322, 'selected_score': 0.777308}, {'index': 4, 'radius_min': 0, 'radius_max': 0, 'trim_min': 0, 'trim_max': 0, 'evaluations': 9, 'safe_feasible': 7, 'states': 0, 'selected_radius': 1.5, 'selected_trim': 0.0859497, 'selected_score': 1}, {'index': 5, 'radius_min': 0, 'radius_max': 0, 'trim_min': 0, 'trim_max': 0, 'evaluations': 9, 'safe_feasible': 0, 'states': 0, 'selected_radius': 0, 'selected_trim': 0, 'selected_score': 0}]",6,0,54,none,5,1,0.6723960649968038,200,0.913288,230,1,"{'angular acceleration iteration did not converge': 5, 'transition would overlap an adjacent corner window': 18}",0.00226377,fixed,0.05,0.6723960649968038,31,NavFnAStar,21b17e8f8f2827796c6bf5d94690fcc16a3809dbb403ef5b59510735985223d5,134,21b17e8f8f2827796c6bf5d94690fcc16a3809dbb403ef5b59510735985223d5,0,1,right_south_to_north,True,1.7126247028927066,2.803830118206663,6.617433728010454,2,0.00824840099994617
0.009000000000000001,5.9349728960206045,0.03374470236436053,0.013524521025149215,,0.416252533981028,0.25619225950049973,0.2808724311428359,0,251,,,,,,,,,,,,,5.645315949759136,pivot_g2,0.05,246,21988a3a59b5de2ba40b4beddc1def46f8d62431cc2b79262a78baaec9d52c75,6.613967084256824,136,78,266,0.04,0.0337833,8,0,6,"[{'index': 0, 'radius_min': 0.1, 'radius_max': 1.5, 'trim_min': 0.00833438, 'trim_max': 0.125016, 'evaluations': 20, 'safe_feasible': 17, 'states': 6, 'selected_radius': 1.5, 'selected_trim': 0.125016, 'selected_score': 0.107275}, {'index': 1, 'radius_min': 0.1, 'radius_max': 1.5, 'trim_min': 0.0177391, 'trim_max': 0.266086, 'evaluations': 20, 'safe_feasible': 18, 'states': 6, 'selected_radius': 1.5, 'selected_trim': 0.266086, 'selected_score': 0.265515}, {'index': 2, 'radius_min': 0.1, 'radius_max': 0.998897, 'trim_min': 0.0211762, 'trim_max': 0.211529, 'evaluations': 20, 'safe_feasible': 15, 'states': 6, 'selected_radius': 0.18989, 'selected_trim': 0.0402115, 'selected_score': 0.657753}, {'index': 3, 'radius_min': 0.1, 'radius_max': 1.5, 'trim_min': 0.0125763, 'trim_max': 0.188644, 'evaluations': 20, 'safe_feasible': 17, 'states': 6, 'selected_radius': 0.17, 'selected_trim': 0.0213797, 'selected_score': 0.566436}, {'index': 4, 'radius_min': 0.1, 'radius_max': 1.5, 'trim_min': 0.00572998, 'trim_max': 0.0859497, 'evaluations': 11, 'safe_feasible': 9, 'states': 6, 'selected_radius': 1.5, 'selected_trim': 0.0859497, 'selected_score': 0.144408}, {'index': 5, 'radius_min': 0.1, 'radius_max': 0.20234, 'trim_min': 0.0349465, 'trim_max': 0.0707107, 'evaluations': 6, 'safe_feasible': 3, 'states': 4, 'selected_radius': 0.20234, 'selected_trim': 0.0707107, 'selected_score': 0.682238}]",6,34,97,none,6,0,0.0,200,0.403937,246,0,"{'angular acceleration iteration did not converge': 9, 'transition requires a reversing inner wheel': 9}",0.00783048,adaptive,0.05,0,79,NavFnAStar,21b17e8f8f2827796c6bf5d94690fcc16a3809dbb403ef5b59510735985223d5,134,21b17e8f8f2827796c6bf5d94690fcc16a3809dbb403ef5b59510735985223d5,0,1,right_south_to_north,True,5.9349728960206045,5.645315949759136,6.613967084256824,1,0.013443638999888208
0.006,2.8418120124128583,0.02015040738573328,0.0029698618933056775,,0.45401072227723505,0.2808724311428359,0.30005486203680687,0,299,1.71262,1,150,True,50.5185,214,True,simple_default,simple,2.84181,144,True,2.872127574233266,adaptive_hybrid_fixed,0.05,266,3fbf9822f228d579ef239abc31babeda470c55f7e54659d0eed6fbd09da7418e,6.6208566557407345,,,,,,,,,,,,,,,0,0.0,,,,,,,,,0,,NavFnAStar,21b17e8f8f2827796c6bf5d94690fcc16a3809dbb403ef5b59510735985223d5,134,21b17e8f8f2827796c6bf5d94690fcc16a3809dbb403ef5b59510735985223d5,0,1,right_south_to_north,True,2.8418120124128583,2.872127574233266,6.6208566557407345,1,0.010641221999776462
0.009000000000000001,2.8418120124128583,0.02015040738573328,0.0029698618933056775,,0.45401072227723505,0.2808724311428359,0.30005486203680687,0,299,5.93497,0,150,True,50.5185,214,True,simple_default,simple,2.84181,144,True,2.872127574233266,adaptive_hybrid,0.05,266,3fbf9822f228d579ef239abc31babeda470c55f7e54659d0eed6fbd09da7418e,6.6208566557407345,,,,,,,,,,,,,,,0,0.0,,,,,,,,,0,,NavFnAStar,21b17e8f8f2827796c6bf5d94690fcc16a3809dbb403ef5b59510735985223d5,134,21b17e8f8f2827796c6bf5d94690fcc16a3809dbb403ef5b59510735985223d5,0,1,right_south_to_north,True,2.8418120124128583,2.872127574233266,6.6208566557407345,1,0.01533792700001868
0.0,9.208640685884915e-11,0.0,0.0,,0.5146446686094758,0.5146446686094757,0.5146446686094757,0,112,,,,,,,,,,,,,4.291536335176199e-05,raw,0.05,110,1d42386cca9a7372817d3620841662533ccd7594b83a2a609ffe355668937b9c,2.7999999850989536,,,,,,,,,,,,,,,0,0.0,,,,,,,,,0,,NavFnAStar,1d42386cca9a7372817d3620841662533ccd7594b83a2a609ffe355668937b9c,57,1d42386cca9a7372817d3620841662533ccd7594b83a2a609ffe355668937b9c,0,1,upper_open_short,True,9.208640685884915e-11,4.291536335176199e-05,2.7999999850989536,1,0.0034632030001375824
0.0,2.797995831056164e-12,6.727822166041619e-08,1.032890788290622e-08,,0.5146446686094759,0.5146446686094757,0.5146446686094757,0,110,,,,,,,,,,,,,4.6023853172990104e-06,simple,0.05,110,110ed904ab240ef7d031aa8f3038f84cacf728c995b6690669ecc8369ad4a1ed,2.7999999850988697,,,,,,,,,,,,,,,0,0.0,,,,,,,,,0,,NavFnAStar,1d42386cca9a7372817d3620841662533ccd7594b83a2a609ffe355668937b9c,57,1d42386cca9a7372817d3620841662533ccd7594b83a2a609ffe355668937b9c,0,1,upper_open_short,True,2.797995831056164e-12,4.6023853172990104e-06,2.7999999850988697,1,0.004745114999877842
0.0,1.155217345508268e-11,4.8415617737163075e-08,6.591110026953787e-09,,0.5146446686094759,0.5146446686094757,0.5146446686094757,0,110,,,,,,,,,,,,,9.222650732000944e-06,savitzky_golay,0.05,110,0f8fa80675560d80449c602c7150e18465496cf4e9b79527772ecce8a3f2ebc4,2.7999999850988915,,,,,,,,,,,,,,,0,0.0,,,,,,,,,0,,NavFnAStar,1d42386cca9a7372817d3620841662533ccd7594b83a2a609ffe355668937b9c,57,1d42386cca9a7372817d3620841662533ccd7594b83a2a609ffe355668937b9c,0,1,upper_open_short,True,1.155217345508268e-11,9.222650732000944e-06,2.7999999850988915,1,0.004778065000209608
0.0,9.208640685884915e-11,0.0,0.0,,0.5146446686094758,0.5146446686094757,0.5146446686094757,0,112,,,,,,,,,,,,,4.291536335176199e-05,constrained,0.05,110,1d42386cca9a7372817d3620841662533ccd7594b83a2a609ffe355668937b9c,2.7999999850989536,,,,,,,,,,,,,,,0,0.0,,,,,,,,,0,,NavFnAStar,1d42386cca9a7372817d3620841662533ccd7594b83a2a609ffe355668937b9c,57,1d42386cca9a7372817d3620841662533ccd7594b83a2a609ffe355668937b9c,0,1,upper_open_short,True,9.208640685884915e-11,4.291536335176199e-05,2.7999999850989536,1,0.004802403000212507
0.003,5.377133488725522e-26,1.0537249739428489e-07,6.05742964155003e-08,,0.5146446686094758,0.5146446686094757,0.5146446686094757,0,57,,,,,,,,,,,,,3.552713748283655e-13,pivot_g2_fixed,0.05,57,6dc2339dac10d593477aec67bd71434797c5c109e9cfd86667a23a364c1ff631,2.7999999850988404,0,0,110,0.04,1.05372e-07,2,0,1,[],0,0,0,none,0,0,0.0,200,0,57,0,{},0.000165572,fixed,0.05,0,0,NavFnAStar,1d42386cca9a7372817d3620841662533ccd7594b83a2a609ffe355668937b9c,57,1d42386cca9a7372817d3620841662533ccd7594b83a2a609ffe355668937b9c,0,1,upper_open_short,True,5.377133488725522e-26,3.552713748283655e-13,2.7999999850988404,1,0.004901793000044563
0.0,5.377133488725522e-26,1.0537249739428489e-07,6.05742964155003e-08,,0.5146446686094758,0.5146446686094757,0.5146446686094757,0,57,,,,,,,,,,,,,3.552713748283655e-13,pivot_g2,0.05,57,6dc2339dac10d593477aec67bd71434797c5c109e9cfd86667a23a364c1ff631,2.7999999850988404,0,0,110,0.04,1.05372e-07,2,0,1,[],0,0,0,none,0,0,0.0,200,0,57,0,{},0.00016681,adaptive,0.05,0,0,NavFnAStar,1d42386cca9a7372817d3620841662533ccd7594b83a2a609ffe355668937b9c,57,1d42386cca9a7372817d3620841662533ccd7594b83a2a609ffe355668937b9c,0,1,upper_open_short,True,5.377133488725522e-26,3.552713748283655e-13,2.7999999850988404,1,0.005799972999739111
0.003,2.797995831056164e-12,6.727822166041619e-08,1.032890788290622e-08,,0.5146446686094759,0.5146446686094757,0.5146446686094757,0,110,5.37713e-26,0,0,True,9.20864e-11,0,True,simple_default,simple,2.798e-12,0,True,4.6023853172990104e-06,adaptive_hybrid_fixed,0.05,110,110ed904ab240ef7d031aa8f3038f84cacf728c995b6690669ecc8369ad4a1ed,2.7999999850988697,,,,,,,,,,,,,,,0,0.0,,,,,,,,,0,,NavFnAStar,1d42386cca9a7372817d3620841662533ccd7594b83a2a609ffe355668937b9c,57,1d42386cca9a7372817d3620841662533ccd7594b83a2a609ffe355668937b9c,0,1,upper_open_short,True,2.797995831056164e-12,4.6023853172990104e-06,2.7999999850988697,1,0.005705305999981647
0.0,2.797995831056164e-12,6.727822166041619e-08,1.032890788290622e-08,,0.5146446686094759,0.5146446686094757,0.5146446686094757,0,110,5.37713e-26,0,0,True,9.20864e-11,0,True,simple_default,simple,2.798e-12,0,True,4.6023853172990104e-06,adaptive_hybrid,0.05,110,110ed904ab240ef7d031aa8f3038f84cacf728c995b6690669ecc8369ad4a1ed,2.7999999850988697,,,,,,,,,,,,,,,0,0.0,,,,,,,,,0,,NavFnAStar,1d42386cca9a7372817d3620841662533ccd7594b83a2a609ffe355668937b9c,57,1d42386cca9a7372817d3620841662533ccd7594b83a2a609ffe355668937b9c,0,1,upper_open_short,True,2.797995831056164e-12,4.6023853172990104e-06,2.7999999850988697,1,0.004064352000114013
0.0,45.44217460162667,4.440892098500626e-16,8.134549667915786e-17,,0.4291142598122478,0.16464466339406925,0.18825146149581692,0,191,,,,,,,,,,,,,10.710950782989505,raw,0.05,182,6bedc2ae54aff188ced79543ca83b8f2d048fb3b8e5cf12da84c7f9653b3236f,4.6170142582974005,,,,,,,,,,,,,,,0,0.0,,,,,,,,,0,,NavFnAStar,6bedc2ae54aff188ced79543ca83b8f2d048fb3b8e5cf12da84c7f9653b3236f,95,6bedc2ae54aff188ced79543ca83b8f2d048fb3b8e5cf12da84c7f9653b3236f,0,1,lower_left_diagonal,True,45.44217460162667,10.710950782989505,4.6170142582974005,1,0.0035932539999521396
0.0,4.483166243787226,0.015089413669998853,0.003959982164139033,,0.41809821199727504,0.23390290478282266,0.25619225950049973,0,185,,,,,,,,,,,,,3.7681702190447575,simple,0.05,182,8534de08d3da164dfa571e29552245fa72556829741484742e81b43d25e0f8b1,4.58284600084574,,,,,,,,,,,,,,,0,0.0,,,,,,,,,0,,NavFnAStar,6bedc2ae54aff188ced79543ca83b8f2d048fb3b8e5cf12da84c7f9653b3236f,93,6bedc2ae54aff188ced79543ca83b8f2d048fb3b8e5cf12da84c7f9653b3236f,0,1,lower_left_diagonal,True,4.483166243787226,3.7681702190447575,4.58284600084574,1,0.005407481000020198
0.0,16.539709873378357,0.007027843198083151,0.0018839352761487595,,0.4051601773085894,0.2146446641391273,0.23390290478282266,0,210,,,,,,,,,,,,,7.997832382078724,savitzky_golay,0.05,182,8a4f548255645dc07b063f086207dc5cf2a49c2cf43528411a9592c72024a89d,4.602346020479313,,,,,,,,,,,,,,,0,0.0,,,,,,,,,0,,NavFnAStar,6bedc2ae54aff188ced79543ca83b8f2d048fb3b8e5cf12da84c7f9653b3236f,94,6bedc2ae54aff188ced79543ca83b8f2d048fb3b8e5cf12da84c7f9653b3236f,0,1,lower_left_diagonal,True,16.539709873378357,7.997832382078724,4.602346020479313,1,0.007286686000043119
0.012,22.741743732123705,0.007094807522574143,0.001975748988926575,,0.40099928839068616,0.2146446641391273,0.23390290478282266,0,221,,,,,,,,,,,,,8.02494291709017,constrained,0.05,182,a86fc91fad0ce729cda944059bdee25f00626ec2a7bee9556427e87ad65fbbf1,4.608841041681518,,,,,,,,,,,,,,,0,0.0,,,,,,,,,0,,NavFnAStar,6bedc2ae54aff188ced79543ca83b8f2d048fb3b8e5cf12da84c7f9653b3236f,94,6bedc2ae54aff188ced79543ca83b8f2d048fb3b8e5cf12da84c7f9653b3236f,0,1,lower_left_diagonal,True,22.741743732123705,8.02494291709017,4.608841041681518,1,0.01577898699997604
0.006,3.1336893294942616,0.0254021491469025,0.012568722085627078,,0.43895222758315333,0.25619225950049973,0.25619225950049973,0,196,,,,,,,,,,,,,2.8119585811710066,pivot_g2_fixed,0.05,193,cfbdb5eb9a86cab603b9fd5dae9b2e91c0e256a642587e924aec062fee9eb528,4.577191820684116,0,28,182,0.04,0.0285897,8,0,7,"[{'index': 0, 'radius_min': 0, 'radius_max': 0, 'trim_min': 0, 'trim_max': 0, 'evaluations': 9, 'safe_feasible': 7, 'states': 0, 'selected_radius': 1.25, 'selected_trim': 0.139611, 'selected_score': 1}, {'index': 1, 'radius_min': 0, 'radius_max': 0, 'trim_min': 0, 'trim_max': 0, 'evaluations': 9, 'safe_feasible': 8, 'states': 0, 'selected_radius': 1.5, 'selected_trim': 0.153888, 'selected_score': 1}, {'index': 2, 'radius_min': 0, 'radius_max': 0, 'trim_min': 0, 'trim_max': 0, 'evaluations': 9, 'safe_feasible': 6, 'states': 0, 'selected_radius': 1, 'selected_trim': 0.131554, 'selected_score': 0.85}, {'index': 3, 'radius_min': 0, 'radius_max': 0, 'trim_min': 0, 'trim_max': 0, 'evaluations': 9, 'safe_feasible': 3, 'states': 0, 'selected_radius': 0.4, 'selected_trim': 0.109351, 'selected_score': 0.75}, {'index': 4, 'radius_min': 0, 'radius_max': 0, 'trim_min': 0, 'trim_max': 0, 'evaluations': 9, 'safe_feasible': 4, 'states': 0, 'selected_radius': 0.5, 'selected_trim': 0.122405, 'selected_score': 0.9}, {'index': 5, 'radius_min': 0, 'radius_max': 0, 'trim_min': 0, 'trim_max': 0, 'evaluations': 9, 'safe_feasible': 6, 'states': 0, 'selected_radius': 1, 'selected_trim': 0.154431, 'selected_score': 1}]",6,0,54,none,6,0,0.0,200,0.916667,193,0,"{'angular acceleration iteration did not converge': 4, 'transition would overlap an adjacent corner window': 16}",0.00384334,fixed,0.05,0,34,NavFnAStar,6bedc2ae54aff188ced79543ca83b8f2d048fb3b8e5cf12da84c7f9653b3236f,93,6bedc2ae54aff188ced79543ca83b8f2d048fb3b8e5cf12da84c7f9653b3236f,0,1,lower_left_diagonal,True,3.1336893294942616,2.8119585811710066,4.577191820684116,1,0.010701432000132627
0.006,3.723204044178369,0.02551299873318934,0.012830194428385027,,0.4491672787998378,0.2474873771031409,0.25619225950049973,0,249,,,,,,,,,,,,,4.528409714326416,pivot_g2,0.05,246,bd03be884a727893d182ad305df05f88fba75f109326ba8abbb8a8175c233e46,4.577683033246058,127,98,182,0.04,0.0285897,8,0,7,"[{'index': 0, 'radius_min': 0.1, 'radius_max': 1.5, 'trim_min': 0.0111689, 'trim_max': 0.167533, 'evaluations': 20, 'safe_feasible': 17, 'states': 6, 'selected_radius': 1.5, 'selected_trim': 0.167533, 'selected_score': 0.132094}, {'index': 1, 'radius_min': 0.1, 'radius_max': 1.5, 'trim_min': 0.0102592, 'trim_max': 0.153888, 'evaluations': 20, 'safe_feasible': 17, 'states': 6, 'selected_radius': 1.5, 'selected_trim': 0.153888, 'selected_score': 0.174086}, {'index': 2, 'radius_min': 0.1, 'radius_max': 1.5, 'trim_min': 0.0131554, 'trim_max': 0.197331, 'evaluations': 20, 'safe_feasible': 17, 'states': 6, 'selected_radius': 1.5, 'selected_trim': 0.197331, 'selected_score': 0.223023}, {'index': 3, 'radius_min': 0.1, 'radius_max': 1.09563, 'trim_min': 0.0273378, 'trim_max': 0.299521, 'evaluations': 20, 'safe_feasible': 18, 'states': 6, 'selected_radius': 0.249345, 'selected_trim': 0.0681652, 'selected_score': 0.654795}, {'index': 4, 'radius_min': 0.1, 'radius_max': 1.22349, 'trim_min': 0.0244809, 'trim_max': 0.299521, 'evaluations': 20, 'safe_feasible': 17, 'states': 6, 'selected_radius': 0.408959, 'selected_trim': 0.100117, 'selected_score': 0.58926}, {'index': 5, 'radius_min': 0.1, 'radius_max': 1.5, 'trim_min': 0.0154431, 'trim_max': 0.231647, 'evaluations': 20, 'safe_feasible': 17, 'states': 6, 'selected_radius': 1.5, 'selected_trim': 0.231647, 'selected_score': 0.164064}]",6,36,120,none,6,0,0.0,200,0.322887,246,0,"{'angular acceleration iteration did not converge': 10, 'transition requires a reversing inner wheel': 7}",0.00718118,adaptive,0.05,0,103,NavFnAStar,6bedc2ae54aff188ced79543ca83b8f2d048fb3b8e5cf12da84c7f9653b3236f,93,6bedc2ae54aff188ced79543ca83b8f2d048fb3b8e5cf12da84c7f9653b3236f,0,1,lower_left_diagonal,True,3.723204044178369,4.528409714326416,4.577683033246058,1,0.0152406450001763
0.006,4.483166243787226,0.015089413669998853,0.003959982164139033,,0.41809821199727504,0.23390290478282266,0.25619225950049973,0,185,3.13369,0,173,True,45.4422,251,True,simple_default,simple,4.48317,177,True,3.7681702190447575,adaptive_hybrid_fixed,0.05,182,8534de08d3da164dfa571e29552245fa72556829741484742e81b43d25e0f8b1,4.58284600084574,,,,,,,,,,,,,,,0,0.0,,,,,,,,,0,,NavFnAStar,6bedc2ae54aff188ced79543ca83b8f2d048fb3b8e5cf12da84c7f9653b3236f,93,6bedc2ae54aff188ced79543ca83b8f2d048fb3b8e5cf12da84c7f9653b3236f,0,1,lower_left_diagonal,True,4.483166243787226,3.7681702190447575,4.58284600084574,1,0.008731272000204626
0.012,4.483166243787226,0.015089413669998853,0.003959982164139033,,0.41809821199727504,0.23390290478282266,0.25619225950049973,0,185,3.7232,0,173,True,45.4422,251,True,simple_default,simple,4.48317,177,True,3.7681702190447575,adaptive_hybrid,0.05,182,8534de08d3da164dfa571e29552245fa72556829741484742e81b43d25e0f8b1,4.58284600084574,,,,,,,,,,,,,,,0,0.0,,,,,,,,,0,,NavFnAStar,6bedc2ae54aff188ced79543ca83b8f2d048fb3b8e5cf12da84c7f9653b3236f,93,6bedc2ae54aff188ced79543ca83b8f2d048fb3b8e5cf12da84c7f9653b3236f,0,1,lower_left_diagonal,True,4.483166243787226,3.7681702190447575,4.58284600084574,1,0.016206827000132762
0.003,1.7763614716181782e-12,0.0,0.0,,0.7140896970626842,0.6447181959844944,0.7146446715897079,0,292,,,,,,,,,,,,,5.9604738034203535e-06,raw,0.05,290,be14d93aff78ca16b2f92bbb5d5e98f259e4565841c31705a5b127bd8f5ca41b,7.299999947845938,,,,,,,,,,,,,,,0,0.0,,,,,,,,,0,,NavFnDijkstra,be14d93aff78ca16b2f92bbb5d5e98f259e4565841c31705a5b127bd8f5ca41b,147,be14d93aff78ca16b2f92bbb5d5e98f259e4565841c31705a5b127bd8f5ca41b,0,1,straight_lower_aisle,True,1.7763614716181782e-12,5.9604738034203535e-06,7.299999947845938,1,0.006206259000009595
0.003,5.397380654863941e-14,9.344196971738938e-09,8.933066392227504e-10,,0.714108961247787,0.6447181959844944,0.7146446715897079,0,290,,,,,,,,,,,,,6.392212981154437e-07,simple,0.05,290,91ee51f8939ae83354405ee1b2d9ffdd35d275ad207b441045bbde3cbde626f0,7.2999999478459365,,,,,,,,,,,,,,,0,0.0,,,,,,,,,0,,NavFnDijkstra,be14d93aff78ca16b2f92bbb5d5e98f259e4565841c31705a5b127bd8f5ca41b,147,be14d93aff78ca16b2f92bbb5d5e98f259e4565841c31705a5b127bd8f5ca41b,0,1,straight_lower_aisle,True,5.397380654863941e-14,6.392212981154437e-07,7.2999999478459365,1,0.008467969999855995
0.0,2.2284348670517425e-13,6.7243886014978216e-09,5.700390583637994e-10,,0.714108961247787,0.6447181959844944,0.7146446715897079,0,290,,,,,,,,,,,,,1.2809257654566832e-06,savitzky_golay,0.05,290,03db3973afa47bbc07a72a16fa7eff76094d57797268a9f1b3e5c41967deffa9,7.2999999478459365,,,,,,,,,,,,,,,0,0.0,,,,,,,,,0,,NavFnDijkstra,be14d93aff78ca16b2f92bbb5d5e98f259e4565841c31705a5b127bd8f5ca41b,147,be14d93aff78ca16b2f92bbb5d5e98f259e4565841c31705a5b127bd8f5ca41b,0,1,straight_lower_aisle,True,2.2284348670517425e-13,1.2809257654566832e-06,7.2999999478459365,1,0.011574572000426997
0.0,1.7763614716181782e-12,0.0,0.0,,0.7140896970626842,0.6447181959844944,0.7146446715897079,0,292,,,,,,,,,,,,,5.9604738034203535e-06,constrained,0.05,290,be14d93aff78ca16b2f92bbb5d5e98f259e4565841c31705a5b127bd8f5ca41b,7.299999947845938,,,,,,,,,,,,,,,0,0.0,,,,,,,,,0,,NavFnDijkstra,be14d93aff78ca16b2f92bbb5d5e98f259e4565841c31705a5b127bd8f5ca41b,147,be14d93aff78ca16b2f92bbb5d5e98f259e4565841c31705a5b127bd8f5ca41b,0,1,straight_lower_aisle,True,1.7763614716181782e-12,5.9604738034203535e-06,7.299999947845938,1,0.00744543100017836
0.0,5.688865484455407e-26,1.4799098391193866e-08,8.529820412649114e-09,,0.713855627244483,0.6447181959844944,0.7146446715897079,0,147,,,,,,,,,,,,,1.776356839503667e-13,pivot_g2_fixed,0.05,147,d0c4b934cab7e7bc2ba152c5bc2239287818340c65b220f11c7ffa9fdb4743a0,7.299999947845936,0,0,290,0.04,1.47991e-08,2,0,1,[],0,0,0,none,0,0,0.0,200,0,147,0,{},0.000265418,fixed,0.05,0,0,NavFnDijkstra,be14d93aff78ca16b2f92bbb5d5e98f259e4565841c31705a5b127bd8f5ca41b,147,be14d93aff78ca16b2f92bbb5d5e98f259e4565841c31705a5b127bd8f5ca41b,0,1,straight_lower_aisle,True,5.688865484455407e-26,1.776356839503667e-13,7.299999947845936,1,0.006214868999904866
0.0,5.688865484455407e-26,1.4799098391193866e-08,8.529820412649114e-09,,0.713855627244483,0.6447181959844944,0.7146446715897079,0,147,,,,,,,,,,,,,1.776356839503667e-13,pivot_g2,0.05,147,d0c4b934cab7e7bc2ba152c5bc2239287818340c65b220f11c7ffa9fdb4743a0,7.299999947845936,0,0,290,0.04,1.47991e-08,2,0,1,[],0,0,0,none,0,0,0.0,200,0,147,0,{},0.000370235,adaptive,0.05,0,0,NavFnDijkstra,be14d93aff78ca16b2f92bbb5d5e98f259e4565841c31705a5b127bd8f5ca41b,147,be14d93aff78ca16b2f92bbb5d5e98f259e4565841c31705a5b127bd8f5ca41b,0,1,straight_lower_aisle,True,5.688865484455407e-26,1.776356839503667e-13,7.299999947845936,1,0.006224489000032918
0.0,5.397380654863941e-14,9.344196971738938e-09,8.933066392227504e-10,,0.714108961247787,0.6447181959844944,0.7146446715897079,0,290,5.68887e-26,0,0,True,1.77636e-12,0,True,simple_default,simple,5.39738e-14,0,True,6.392212981154437e-07,adaptive_hybrid_fixed,0.05,290,91ee51f8939ae83354405ee1b2d9ffdd35d275ad207b441045bbde3cbde626f0,7.2999999478459365,,,,,,,,,,,,,,,0,0.0,,,,,,,,,0,,NavFnDijkstra,be14d93aff78ca16b2f92bbb5d5e98f259e4565841c31705a5b127bd8f5ca41b,147,be14d93aff78ca16b2f92bbb5d5e98f259e4565841c31705a5b127bd8f5ca41b,0,1,straight_lower_aisle,True,5.397380654863941e-14,6.392212981154437e-07,7.2999999478459365,1,0.009564951999891491
0.0,5.397380654863941e-14,9.344196971738938e-09,8.933066392227504e-10,,0.714108961247787,0.6447181959844944,0.7146446715897079,0,290,5.68887e-26,0,0,True,1.77636e-12,0,True,simple_default,simple,5.39738e-14,0,True,6.392212981154437e-07,adaptive_hybrid,0.05,290,91ee51f8939ae83354405ee1b2d9ffdd35d275ad207b441045bbde3cbde626f0,7.2999999478459365,,,,,,,,,,,,,,,0,0.0,,,,,,,,,0,,NavFnDijkstra,be14d93aff78ca16b2f92bbb5d5e98f259e4565841c31705a5b127bd8f5ca41b,147,be14d93aff78ca16b2f92bbb5d5e98f259e4565841c31705a5b127bd8f5ca41b,0,1,straight_lower_aisle,True,5.397380654863941e-14,6.392212981154437e-07,7.2999999478459365,1,0.00850463699998727
0.0,25.677326266711724,2.220446049250313e-16,7.998132831212724e-17,,0.3740057866411953,0.17677669793081488,0.18825146149581692,0,156,,,,,,,,,,,,,10.656303080685946,raw,0.05,155,d4ab89b862a92baa6ca51409a0900c96e9b8e510a290f238d958531aa7f6ce70,3.883743469371417,,,,,,,,,,,,,,,0,0.0,,,,,,,,,0,,NavFnDijkstra,d4ab89b862a92baa6ca51409a0900c96e9b8e510a290f238d958531aa7f6ce70,79,d4ab89b862a92baa6ca51409a0900c96e9b8e510a290f238d958531aa7f6ce70,0,1,crate_detour,True,25.677326266711724,10.656303080685946,3.883743469371417,1,0.004438020000179677
0.0,3.761066087565541,0.013998843034938209,0.0033085541162817377,,0.3910558971131362,0.25619225950049973,0.25619225950049973,0,166,,,,,,,,,,,,,3.5578535860544576,simple,0.05,155,823496834170d2bcc7bbc576c43595bd23d94dbd9f5ca2dbec13619dc2347a10,3.8615660544026533,,,,,,,,,,,,,,,0,0.0,,,,,,,,,0,,NavFnDijkstra,d4ab89b862a92baa6ca51409a0900c96e9b8e510a290f238d958531aa7f6ce70,79,d4ab89b862a92baa6ca51409a0900c96e9b8e510a290f238d958531aa7f6ce70,0,1,crate_detour,True,3.761066087565541,3.5578535860544576,3.8615660544026533,1,0.005838177999976324
0.0,11.451850792966512,0.0036629211927432567,0.0009315811956552779,,0.3898016358529049,0.23390290478282266,0.25619225950049973,0,181,,,,,,,,,,,,,7.492689946797841,savitzky_golay,0.05,155,352a334d38a464d8bf4c212d9891e2b90ba12815e9dd4bb3a8f5303d5e924984,3.8761304180602654,,,,,,,,,,,,,,,0,0.0,,,,,,,,,0,,NavFnDijkstra,d4ab89b862a92baa6ca51409a0900c96e9b8e510a290f238d958531aa7f6ce70,79,d4ab89b862a92baa6ca51409a0900c96e9b8e510a290f238d958531aa7f6ce70,0,1,crate_detour,True,11.451850792966512,7.492689946797841,3.8761304180602654,1,0.005445898999823839
0.009000000000000001,19.96416298296546,0.011225668646903506,0.0025285588765783878,,0.41778635229064504,0.23390290478282266,0.25619225950049973,0,203,,,,,,,,,,,,,12.828930741533494,constrained,0.05,155,fb78f3911fd7b28ad859be1c550ffaf99bcc597d90ea4aa79a0ffda60824c955,3.886932573778767,,,,,,,,,,,,,,,0,0.0,,,,,,,,,0,,NavFnDijkstra,d4ab89b862a92baa6ca51409a0900c96e9b8e510a290f238d958531aa7f6ce70,79,d4ab89b862a92baa6ca51409a0900c96e9b8e510a290f238d958531aa7f6ce70,0,1,crate_detour,True,19.96416298296546,12.828930741533494,3.886932573778767,1,0.0130311249999977
0.003,3.027834687995917,0.03485109473858639,0.011890831505553867,,0.3398765306383173,0.23390290478282266,0.23390290478282266,0,177,,,,,,,,,,,,,2.8260043215068498,pivot_g2_fixed,0.05,168,973be46eb94817b5a70719f412e3d16d127907cabda7a71fe5bf9ac8fdd39911,3.8473186716963004,0,24,155,0.04,0.0352555,7,0,6,"[{'index': 0, 'radius_min': 0, 'radius_max': 0, 'trim_min': 0, 'trim_max': 0, 'evaluations': 9, 'safe_feasible': 8, 'states': 0, 'selected_radius': 1.5, 'selected_trim': 0.128061, 'selected_score': 0.824878}, {'index': 1, 'radius_min': 0, 'radius_max': 0, 'trim_min': 0, 'trim_max': 0, 'evaluations': 9, 'safe_feasible': 3, 'states': 0, 'selected_radius': 0.4, 'selected_trim': 0.103815, 'selected_score': 0.75}, {'index': 2, 'radius_min': 0, 'radius_max': 0, 'trim_min': 0, 'trim_max': 0, 'evaluations': 9, 'safe_feasible': 4, 'states': 0, 'selected_radius': 0.6, 'selected_trim': 0.0960734, 'selected_score': 0.908386}, {'index': 3, 'radius_min': 0, 'radius_max': 0, 'trim_min': 0, 'trim_max': 0, 'evaluations': 9, 'safe_feasible': 6, 'states': 0, 'selected_radius': 1, 'selected_trim': 0.152755, 'selected_score': 1}, {'index': 4, 'radius_min': 0, 'radius_max': 0, 'trim_min': 0, 'trim_max': 0, 'evaluations': 9, 'safe_feasible': 5, 'states': 0, 'selected_radius': 0.6, 'selected_trim': 0.157474, 'selected_score': 0.953369}]",5,0,45,none,5,0,0.0,200,0.887327,168,0,"{'angular acceleration iteration did not converge': 3, 'transition would overlap an adjacent corner window': 16}",0.00327852,fixed,0.05,0,26,NavFnDijkstra,d4ab89b862a92baa6ca51409a0900c96e9b8e510a290f238d958531aa7f6ce70,78,d4ab89b862a92baa6ca51409a0900c96e9b8e510a290f238d958531aa7f6ce70,0,1,crate_detour,True,3.027834687995917,2.8260043215068498,3.8473186716963004,1,0.008526584999799525
0.009000000000000001,3.9821449641045135,0.03488028053692849,0.011732732411511999,,0.3434746318675117,0.23390290478282266,0.23390290478282266,0,176,,,,,,,,,,,,,4.714845031197143,pivot_g2,0.05,167,f853b2ac9e4daff5ff7be1bec7ac47828bafa15e440c57213c1313e22984e124,3.8499465433716376,73,84,155,0.04,0.0352555,7,0,6,"[{'index': 0, 'radius_min': 0.1, 'radius_max': 1.5, 'trim_min': 0.00853738, 'trim_max': 0.128061, 'evaluations': 20, 'safe_feasible': 17, 'states': 6, 'selected_radius': 1.5, 'selected_trim': 0.128061, 'selected_score': 0.198741}, {'index': 1, 'radius_min': 0.1, 'radius_max': 1.02133, 'trim_min': 0.0259538, 'trim_max': 0.265073, 'evaluations': 20, 'safe_feasible': 17, 'states': 6, 'selected_radius': 0.238199, 'selected_trim': 0.0618217, 'selected_score': 0.660544}, {'index': 2, 'radius_min': 0.1, 'radius_max': 1.5, 'trim_min': 0.0160122, 'trim_max': 0.240184, 'evaluations': 20, 'safe_feasible': 17, 'states': 6, 'selected_radius': 0.485, 'selected_trim': 0.0776594, 'selected_score': 0.456609}, {'index': 3, 'radius_min': 0.1, 'radius_max': 1.5, 'trim_min': 0.0152755, 'trim_max': 0.229132, 'evaluations': 20, 'safe_feasible': 17, 'states': 6, 'selected_radius': 1.5, 'selected_trim': 0.229132, 'selected_score': 0.265842}, {'index': 4, 'radius_min': 0.1, 'radius_max': 1.5, 'trim_min': 0.0262456, 'trim_max': 0.393684, 'evaluations': 20, 'safe_feasible': 18, 'states': 6, 'selected_radius': 0.415, 'selected_trim': 0.108919, 'selected_score': 0.609029}]",5,30,100,none,5,0,0.0,200,0.438153,167,0,"{'angular acceleration iteration did not converge': 8, 'transition requires a reversing inner wheel': 6}",0.00759412,adaptive,0.05,0,86,NavFnDijkstra,d4ab89b862a92baa6ca51409a0900c96e9b8e510a290f238d958531aa7f6ce70,79,d4ab89b862a92baa6ca51409a0900c96e9b8e510a290f238d958531aa7f6ce70,0,1,crate_detour,True,3.9821449641045135,4.714845031197143,3.8499465433716376,1,0.011439263000283972
0.003,3.761066087565541,0.013998843034938209,0.0033085541162817377,,0.3910558971131362,0.25619225950049973,0.25619225950049973,0,166,3.02783,0,173,True,25.6773,251,True,simple_default,simple,3.76107,161,True,3.5578535860544576,adaptive_hybrid_fixed,0.05,155,823496834170d2bcc7bbc576c43595bd23d94dbd9f5ca2dbec13619dc2347a10,3.8615660544026533,,,,,,,,,,,,,,,0,0.0,,,,,,,,,0,,NavFnDijkstra,d4ab89b862a92baa6ca51409a0900c96e9b8e510a290f238d958531aa7f6ce70,79,d4ab89b862a92baa6ca51409a0900c96e9b8e510a290f238d958531aa7f6ce70,0,1,crate_detour,True,3.761066087565541,3.5578535860544576,3.8615660544026533,1,0.008381173000088893
0.009000000000000001,3.761066087565541,0.013998843034938209,0.0033085541162817377,,0.3910558971131362,0.25619225950049973,0.25619225950049973,0,166,3.98214,0,173,True,25.6773,251,True,simple_default,simple,3.76107,161,True,3.5578535860544576,adaptive_hybrid,0.05,155,823496834170d2bcc7bbc576c43595bd23d94dbd9f5ca2dbec13619dc2347a10,3.8615660544026533,,,,,,,,,,,,,,,0,0.0,,,,,,,,,0,,NavFnDijkstra,d4ab89b862a92baa6ca51409a0900c96e9b8e510a290f238d958531aa7f6ce70,79,d4ab89b862a92baa6ca51409a0900c96e9b8e510a290f238d958531aa7f6ce70,0,1,crate_detour,True,3.761066087565541,3.5578535860544576,3.8615660544026533,1,0.013284722999742371
0.0,13.303131895715431,4.440892098500626e-16,6.632747768912425e-17,,0.38003468040674016,0.06464466190395313,0.10606601875848895,0,138,,,,,,,,,,,,,8.521160476757807,raw,0.05,137,53abfbf4af4eba12121bf756a95bc73f0c9a5cd535a152c8368a9514da6c282d,3.4467307940715943,,,,,,,,,,,,,,,0,0.0,,,,,,,,,0,,NavFnDijkstra,53abfbf4af4eba12121bf756a95bc73f0c9a5cd535a152c8368a9514da6c282d,71,53abfbf4af4eba12121bf756a95bc73f0c9a5cd535a152c8368a9514da6c282d,0,1,vertical_rack_detour,True,13.303131895715431,8.521160476757807,3.4467307940715943,1,0.006171806000111246
0.003,1.967512709310029,0.008833344514399724,0.0026804975246075575,,0.3706951873310005,0.11464466264901119,0.11464466264901119,0,145,,,,,,,,,,,,,2.1871151362853345,simple,0.05,137,889ad29c3f826592c7ce68b7bbab1df1600ecfaf1f0be21a78a8b41120ffe8d1,3.4350162798214696,,,,,,,,,,,,,,,0,0.0,,,,,,,,,0,,NavFnDijkstra,53abfbf4af4eba12121bf756a95bc73f0c9a5cd535a152c8368a9514da6c282d,70,53abfbf4af4eba12121bf756a95bc73f0c9a5cd535a152c8368a9514da6c282d,0,1,vertical_rack_detour,True,1.967512709310029,2.1871151362853345,3.4350162798214696,1,0.005923041000187368
0.0,6.871543894259572,0.004165260618615761,0.000828501116149642,,0.3623598500907283,0.11464466264901119,0.11464466264901119,0,158,,,,,,,,,,,,,4.978839288396052,savitzky_golay,0.05,137,fb127e746374e8a766e954fc9622abde537923dbe0dc57e8284847626e978012,3.443629339706382,,,,,,,,,,,,,,,0,0.0,,,,,,,,,0,,NavFnDijkstra,53abfbf4af4eba12121bf756a95bc73f0c9a5cd535a152c8368a9514da6c282d,70,53abfbf4af4eba12121bf756a95bc73f0c9a5cd535a152c8368a9514da6c282d,0,1,vertical_rack_detour,True,6.871543894259572,4.978839288396052,3.443629339706382,1,0.006822777999786922
0.009000000000000001,15.556431252784087,0.0439273863586293,0.020734749213525562,,0.3786644702272963,0.16464466339406925,0.16464466339406925,0,171,,,,,,,,,,,,,7.253318537892855,constrained,0.05,137,0dfcecb3a9284a35be23daf5314031edeea0357e9aca7ce11c0198a0b783ce52,3.485038315917971,,,,,,,,,,,,,,,0,0.0,,,,,,,,,0,,NavFnDijkstra,53abfbf4af4eba12121bf756a95bc73f0c9a5cd535a152c8368a9514da6c282d,71,53abfbf4af4eba12121bf756a95bc73f0c9a5cd535a152c8368a9514da6c282d,0,1,vertical_rack_detour,True,15.556431252784087,7.253318537892855,3.485038315917971,1,0.01269036799976675
0.003,1.4598895775757144,0.01731092915293551,0.0070758184356543895,,0.28487538465482476,0.11464466264901119,0.11464466264901119,0,155,,,,,,,,,,,,,1.8825209442986075,pivot_g2_fixed,0.05,148,8ec0ee0de488ed213f2e63a125541823b04509e9f8acd5c0a399179a6388032c,3.4298427211351386,0,29,137,0.04,0.0179261,7,0,6,"[{'index': 0, 'radius_min': 0, 'radius_max': 0, 'trim_min': 0, 'trim_max': 0, 'evaluations': 9, 'safe_feasible': 7, 'states': 0, 'selected_radius': 1, 'selected_trim': 0.171604, 'selected_score': 0.85}, {'index': 1, 'radius_min': 0, 'radius_max': 0, 'trim_min': 0, 'trim_max': 0, 'evaluations': 9, 'safe_feasible': 6, 'states': 0, 'selected_radius': 1, 'selected_trim': 0.143354, 'selected_score': 1}, {'index': 2, 'radius_min': 0, 'radius_max': 0, 'trim_min': 0, 'trim_max': 0, 'evaluations': 9, 'safe_feasible': 7, 'states': 0, 'selected_radius': 1.5, 'selected_trim': 0.103271, 'selected_score': 0.989962}, {'index': 3, 'radius_min': 0, 'radius_max': 0, 'trim_min': 0, 'trim_max': 0, 'evaluations': 9, 'safe_feasible': 5, 'states': 0, 'selected_radius': 0.6, 'selected_trim': 0.101134, 'selected_score': 0.910262}, {'index': 4, 'radius_min': 0, 'radius_max': 0, 'trim_min': 0, 'trim_max': 0, 'evaluations': 9, 'safe_feasible': 6, 'states': 0, 'selected_radius': 1, 'selected_trim': 0.105041, 'selected_score': 0.794488}]",5,0,45,none,5,0,0.0,200,0.908942,148,0,"{'angular acceleration iteration did not converge': 4, 'transition would overlap an adjacent corner window': 10}",0.0034901,fixed,0.05,0,31,NavFnDijkstra,53abfbf4af4eba12121bf756a95bc73f0c9a5cd535a152c8368a9514da6c282d,70,53abfbf4af4eba12121bf756a95bc73f0c9a5cd535a152c8368a9514da6c282d,0,1,vertical_rack_detour,True,1.4598895775757144,1.8825209442986075,3.4298427211351386,1,0.007548520999989705
0.006,1.660831636339347,0.021331413043216296,0.007468400869311131,,0.2734507457723889,0.11464466264901119,0.11464466264901119,0,171,,,,,,,,,,,,,2.293632473155081,pivot_g2,0.05,164,443f848636727227097a6bd2d7631bc5415a2e243065ef2746d1c5cb032620d6,3.42936151929754,85,76,137,0.04,0.0179261,7,0,6,"[{'index': 0, 'radius_min': 0.1, 'radius_max': 1.5, 'trim_min': 0.0171604, 'trim_max': 0.257406, 'evaluations': 20, 'safe_feasible': 17, 'states': 6, 'selected_radius': 1.5, 'selected_trim': 0.257406, 'selected_score': 0.32593}, {'index': 1, 'radius_min': 0.1, 'radius_max': 1.5, 'trim_min': 0.0143354, 'trim_max': 0.215031, 'evaluations': 20, 'safe_feasible': 17, 'states': 6, 'selected_radius': 0.485, 'selected_trim': 0.0695267, 'selected_score': 0.49744}, {'index': 2, 'radius_min': 0.1, 'radius_max': 1.5, 'trim_min': 0.00688476, 'trim_max': 0.103271, 'evaluations': 11, 'safe_feasible': 9, 'states': 6, 'selected_radius': 1.5, 'selected_trim': 0.103271, 'selected_score': 0.24392}, {'index': 3, 'radius_min': 0.1, 'radius_max': 1.5, 'trim_min': 0.0168557, 'trim_max': 0.252836, 'evaluations': 20, 'safe_feasible': 17, 'states': 6, 'selected_radius': 0.485, 'selected_trim': 0.0817503, 'selected_score': 0.531847}, {'index': 4, 'radius_min': 0.1, 'radius_max': 1.5, 'trim_min': 0.0105041, 'trim_max': 0.157562, 'evaluations': 20, 'safe_feasible': 17, 'states': 6, 'selected_radius': 1.29, 'selected_trim': 0.135503, 'selected_score': 0.270756}]",5,30,91,none,5,0,0.0,200,0.373979,164,0,"{'angular acceleration iteration did not converge': 9, 'transition requires a reversing inner wheel': 5}",0.00760761,adaptive,0.05,0,77,NavFnDijkstra,53abfbf4af4eba12121bf756a95bc73f0c9a5cd535a152c8368a9514da6c282d,70,53abfbf4af4eba12121bf756a95bc73f0c9a5cd535a152c8368a9514da6c282d,0,1,vertical_rack_detour,True,1.660831636339347,2.293632473155081,3.42936151929754,1,0.013234610999916185
0.003,1.967512709310029,0.008833344514399724,0.0026804975246075575,,0.3706951873310005,0.11464466264901119,0.11464466264901119,0,145,1.45989,0,253,True,13.3031,253,True,simple_default,simple,1.96751,253,True,2.1871151362853345,adaptive_hybrid_fixed,0.05,137,889ad29c3f826592c7ce68b7bbab1df1600ecfaf1f0be21a78a8b41120ffe8d1,3.4350162798214696,,,,,,,,,,,,,,,0,0.0,,,,,,,,,0,,NavFnDijkstra,53abfbf4af4eba12121bf756a95bc73f0c9a5cd535a152c8368a9514da6c282d,70,53abfbf4af4eba12121bf756a95bc73f0c9a5cd535a152c8368a9514da6c282d,0,1,vertical_rack_detour,True,1.967512709310029,2.1871151362853345,3.4350162798214696,1,0.00871584599963171
0.006,1.967512709310029,0.008833344514399724,0.0026804975246075575,,0.3706951873310005,0.11464466264901119,0.11464466264901119,0,145,1.66083,0,253,True,13.3031,253,True,simple_default,simple,1.96751,253,True,2.1871151362853345,adaptive_hybrid,0.05,137,889ad29c3f826592c7ce68b7bbab1df1600ecfaf1f0be21a78a8b41120ffe8d1,3.4350162798214696,,,,,,,,,,,,,,,0,0.0,,,,,,,,,0,,NavFnDijkstra,53abfbf4af4eba12121bf756a95bc73f0c9a5cd535a152c8368a9514da6c282d,70,53abfbf4af4eba12121bf756a95bc73f0c9a5cd535a152c8368a9514da6c282d,0,1,vertical_rack_detour,True,1.967512709310029,2.1871151362853345,3.4350162798214696,1,0.01388464700039549
0.0,50.335844995171556,2.220446049250313e-16,5.705779506773972e-17,,0.5377465529773383,0.16464466339406925,0.2146446641391273,0,251,,,,,,,,,,,,,11.468765710131587,raw,0.05,246,8e0cb3b13aceb5b623ef824723b12671a151886c5c21cf5bca94b57c9b282df8,6.168172900691866,,,,,,,,,,,,,,,0,0.0,,,,,,,,,0,,NavFnDijkstra,8e0cb3b13aceb5b623ef824723b12671a151886c5c21cf5bca94b57c9b282df8,125,8e0cb3b13aceb5b623ef824723b12671a151886c5c21cf5bca94b57c9b282df8,0,1,horizontal_rack_detour,True,50.335844995171556,11.468765710131587,6.168172900691866,1,0.005376364000312606
0.003,5.686661668251417,0.0165050729536979,0.0036429963624662496,,0.5107629885836733,0.23390290478282266,0.25619225950049973,0,255,,,,,,,,,,,,,4.817744742149888,simple,0.05,246,43bd63c005f0841a57f71a3cc247a4cb1b750245e26a6e1c87a8c657f51be5c3,6.127630905255402,,,,,,,,,,,,,,,0,0.0,,,,,,,,,0,,NavFnDijkstra,8e0cb3b13aceb5b623ef824723b12671a151886c5c21cf5bca94b57c9b282df8,124,8e0cb3b13aceb5b623ef824723b12671a151886c5c21cf5bca94b57c9b282df8,0,1,horizontal_rack_detour,True,5.686661668251417,4.817744742149888,6.127630905255402,1,0.00799706599991623
0.0,21.162946904058487,0.007654985235932369,0.0014448322423635646,,0.49787264465821335,0.2146446641391273,0.23390290478282266,0,282,,,,,,,,,,,,,10.368183365997812,savitzky_golay,0.05,246,ba2e793ffa6cd56f0b65d545f47feeb5f2b3bf4262779cab2e9718f327011d60,6.152622683618669,,,,,,,,,,,,,,,0,0.0,,,,,,,,,0,,NavFnDijkstra,8e0cb3b13aceb5b623ef824723b12671a151886c5c21cf5bca94b57c9b282df8,125,8e0cb3b13aceb5b623ef824723b12671a151886c5c21cf5bca94b57c9b282df8,0,1,horizontal_rack_detour,True,21.162946904058487,10.368183365997812,6.152622683618669,1,0.00739525600010893
0.018000000000000002,22.332732051119418,0.011791575398261554,0.002123402603794281,,0.5014893592015011,0.2146446641391273,0.25619225950049973,0,282,,,,,,,,,,,,,8.177470660434423,constrained,0.05,246,42b3a97f4f6d9267309ea31f99ba9054089a6538c30601eb8987949a87717a8a,6.162115604105716,,,,,,,,,,,,,,,0,0.0,,,,,,,,,0,,NavFnDijkstra,8e0cb3b13aceb5b623ef824723b12671a151886c5c21cf5bca94b57c9b282df8,125,8e0cb3b13aceb5b623ef824723b12671a151886c5c21cf5bca94b57c9b282df8,0,1,horizontal_rack_detour,True,22.332732051119418,8.177470660434423,6.162115604105716,1,0.021973150000121677
0.003,2.2314450477267576,0.037283335194915716,0.019906196132519018,,0.47771506463829677,0.26878279146075923,0.26878279146075923,0,191,,,,,,,,,,,,,2.275386838209892,pivot_g2_fixed,0.05,183,18461780b496d7b11f170cb826d14ef319a4cf7b00fd7a6d5577f75df2bd49ac,6.113846667415071,0,28,246,0.04,0.037654,7,0,6,"[{'index': 0, 'radius_min': 0, 'radius_max': 0, 'trim_min': 0, 'trim_max': 0, 'evaluations': 9, 'safe_feasible': 7, 'states': 0, 'selected_radius': 1.5, 'selected_trim': 0.105738, 'selected_score': 0.99441}, {'index': 1, 'radius_min': 0, 'radius_max': 0, 'trim_min': 0, 'trim_max': 0, 'evaluations': 9, 'safe_feasible': 7, 'states': 0, 'selected_radius': 1.5, 'selected_trim': 0.0873415, 'selected_score': 1}, {'index': 2, 'radius_min': 0, 'radius_max': 0, 'trim_min': 0, 'trim_max': 0, 'evaluations': 9, 'safe_feasible': 7, 'states': 0, 'selected_radius': 1.25, 'selected_trim': 0.134476, 'selected_score': 1}, {'index': 3, 'radius_min': 0, 'radius_max': 0, 'trim_min': 0, 'trim_max': 0, 'evaluations': 9, 'safe_feasible': 5, 'states': 0, 'selected_radius': 0.6, 'selected_trim': 0.143188, 'selected_score': 0.785651}, {'index': 4, 'radius_min': 0, 'radius_max': 0, 'trim_min': 0, 'trim_max': 0, 'evaluations': 9, 'safe_feasible': 4, 'states': 0, 'selected_radius': 0.5, 'selected_trim': 0.142244, 'selected_score': 0.776013}]",5,0,45,none,5,0,0.0,200,0.911215,183,0,"{'angular acceleration iteration did not converge': 5, 'transition would overlap an adjacent corner window': 10}",0.0030881,fixed,0.05,0,30,NavFnDijkstra,8e0cb3b13aceb5b623ef824723b12671a151886c5c21cf5bca94b57c9b282df8,124,8e0cb3b13aceb5b623ef824723b12671a151886c5c21cf5bca94b57c9b282df8,0,1,horizontal_rack_detour,True,2.2314450477267576,2.275386838209892,6.113846667415071,1,0.009074918999885995
0.006,6.429082565039103,0.037351205672594666,0.019821524794896534,,0.4987032064721844,0.26878279146075923,0.26878279146075923,0,153,,,,,,,,,,,,,6.950654278896391,pivot_g2,0.05,130,b29e75d325da1f761e3976b46c3a90f3aa95fde933bde0bb80a364b3969ac7bd,6.123233026717931,88,64,246,0.04,0.037654,7,0,6,"[{'index': 0, 'radius_min': 0.1, 'radius_max': 1.5, 'trim_min': 0.00704922, 'trim_max': 0.105738, 'evaluations': 11, 'safe_feasible': 9, 'states': 6, 'selected_radius': 0, 'selected_trim': 0, 'selected_score': 0}, {'index': 1, 'radius_min': 0.1, 'radius_max': 1.5, 'trim_min': 0.00582276, 'trim_max': 0.0873415, 'evaluations': 11, 'safe_feasible': 9, 'states': 6, 'selected_radius': 0, 'selected_trim': 0, 'selected_score': 0}, {'index': 2, 'radius_min': 0.1, 'radius_max': 1.5, 'trim_min': 0.0107581, 'trim_max': 0.161371, 'evaluations': 20, 'safe_feasible': 17, 'states': 6, 'selected_radius': 0, 'selected_trim': 0, 'selected_score': 0}, {'index': 3, 'radius_min': 0.1, 'radius_max': 1.45513, 'trim_min': 0.0238646, 'trim_max': 0.347262, 'evaluations': 20, 'safe_feasible': 18, 'states': 6, 'selected_radius': 0, 'selected_trim': 0, 'selected_score': 0}, {'index': 4, 'radius_min': 0.1, 'radius_max': 1.27182, 'trim_min': 0.0284487, 'trim_max': 0.361815, 'evaluations': 20, 'safe_feasible': 16, 'states': 6, 'selected_radius': 0, 'selected_trim': 0, 'selected_score': 0}]",5,30,82,all_pivot,0,5,0.5543297284198418,200,0,130,5,"{'angular acceleration iteration did not converge': 6, 'transition requires a reversing inner wheel': 7}",0.00556087,adaptive,0.05,1.494271330350091,69,NavFnDijkstra,8e0cb3b13aceb5b623ef824723b12671a151886c5c21cf5bca94b57c9b282df8,124,8e0cb3b13aceb5b623ef824723b12671a151886c5c21cf5bca94b57c9b282df8,0,1,horizontal_rack_detour,True,2.5818374630059653e-25,3.642919299551295e-13,6.126809609008046,6,0.00943604799977038
0.006,5.686661668251417,0.0165050729536979,0.0036429963624662496,,0.5107629885836733,0.23390290478282266,0.25619225950049973,0,255,2.23145,0,161,True,50.3358,251,True,simple_default,simple,5.68666,177,True,4.817744742149888,adaptive_hybrid_fixed,0.05,246,43bd63c005f0841a57f71a3cc247a4cb1b750245e26a6e1c87a8c657f51be5c3,6.127630905255402,,,,,,,,,,,,,,,0,0.0,,,,,,,,,0,,NavFnDijkstra,8e0cb3b13aceb5b623ef824723b12671a151886c5c21cf5bca94b57c9b282df8,124,8e0cb3b13aceb5b623ef824723b12671a151886c5c21cf5bca94b57c9b282df8,0,1,horizontal_rack_detour,True,5.686661668251417,4.817744742149888,6.127630905255402,1,0.00937706700005947
0.012,5.686661668251417,0.0165050729536979,0.0036429963624662496,,0.5107629885836733,0.23390290478282266,0.25619225950049973,0,255,2.58265e-25,5,161,True,50.3358,251,True,simple_default,simple,5.68666,177,True,4.817744742149888,adaptive_hybrid,0.05,246,43bd63c005f0841a57f71a3cc247a4cb1b750245e26a6e1c87a8c657f51be5c3,6.127630905255402,,,,,,,,,,,,,,,0,0.0,,,,,,,,,0,,NavFnDijkstra,8e0cb3b13aceb5b623ef824723b12671a151886c5c21cf5bca94b57c9b282df8,124,8e0cb3b13aceb5b623ef824723b12671a151886c5c21cf5bca94b57c9b282df8,0,1,horizontal_rack_detour,True,5.686661668251417,4.817744742149888,6.127630905255402,1,0.017373475000113103
0.0,51.71152110245399,8.881784197001252e-16,1.3142039404990404e-16,,0.3029630802502348,0.16464466339406925,0.19616942228881007,0,207,,,,,,,,,,,,,13.601409199931936,raw,0.05,196,48e9e737c58bcc0461d9040e3337894859333310999f28504d495a7a1c88f283,4.906259645792706,,,,,,,,,,,,,,,0,0.0,,,,,,,,,0,,NavFnDijkstra,48e9e737c58bcc0461d9040e3337894859333310999f28504d495a7a1c88f283,100,48e9e737c58bcc0461d9040e3337894859333310999f28504d495a7a1c88f283,0,1,right_rack_detour,True,51.71152110245399,13.601409199931936,4.906259645792706,1,0.0058378549997541995
0.0,4.733817947841062,0.02324860448524979,0.004142122230972812,,0.3268792821519342,0.25619225950049973,0.26464466488418537,0,199,,,,,,,,,,,,,3.4586063125323965,simple,0.05,196,01a82475e6c4572570011a9f975dbb8b5743b61e5795eb540f09f7eeffe1bc53,4.865627004507547,,,,,,,,,,,,,,,0,0.0,,,,,,,,,0,,NavFnDijkstra,48e9e737c58bcc0461d9040e3337894859333310999f28504d495a7a1c88f283,99,48e9e737c58bcc0461d9040e3337894859333310999f28504d495a7a1c88f283,0,1,right_rack_detour,True,4.733817947841062,3.4586063125323965,4.865627004507547,1,0.008224046000123053
0.0,17.593316585711722,0.006525586448741923,0.0016107275237027094,,0.32338768363072695,0.2146446641391273,0.25619225950049973,0,224,,,,,,,,,,,,,8.230924069926743,savitzky_golay,0.05,196,bb98b0d50b78ad1bd89f717058da127dfac1ba2854b5018e81b3c0c49952d024,4.886826967858473,,,,,,,,,,,,,,,0,0.0,,,,,,,,,0,,NavFnDijkstra,48e9e737c58bcc0461d9040e3337894859333310999f28504d495a7a1c88f283,99,48e9e737c58bcc0461d9040e3337894859333310999f28504d495a7a1c88f283,0,1,right_rack_detour,True,17.593316585711722,8.230924069926743,4.886826967858473,1,0.006706261000090308
0.012,23.892922837355385,0.011250989518720843,0.0031996987424294716,,0.32143345262828465,0.2146446641391273,0.25619225950049973,0,228,,,,,,,,,,,,,10.73510456749782,constrained,0.05,196,e0f68e5376c4549b28257d8caf3d610730f6c10df3c67294d7f44054a9d2629a,4.898558674960649,,,,,,,,,,,,,,,0,0.0,,,,,,,,,0,,NavFnDijkstra,48e9e737c58bcc0461d9040e3337894859333310999f28504d495a7a1c88f283,100,48e9e737c58bcc0461d9040e3337894859333310999f28504d495a7a1c88f283,0,1,right_rack_detour,True,23.892922837355385,10.73510456749782,4.898558674960649,1,0.017461429000377393
0.003,11.399470520672846,0.036678837741716284,0.011808346089466052,,0.3102862175075335,0.25619225950049973,0.26464466488418537,0,172,,,,,,,,,,,,,12.73118182304342,pivot_g2_fixed,0.05,162,15523c9b6bd69db90bf4c4d5412e662ae1f4e3e06fec4450c612a0cf33d8c79d,4.8752215507887895,0,24,196,0.04,0.0367422,8,0,6,"[{'index': 0, 'radius_min': 0, 'radius_max': 0, 'trim_min': 0, 'trim_max': 0, 'evaluations': 9, 'safe_feasible': 5, 'states': 0, 'selected_radius': 0.6, 'selected_trim': 0.106877, 'selected_score': 0.76076}, {'index': 1, 'radius_min': 0, 'radius_max': 0, 'trim_min': 0, 'trim_max': 0, 'evaluations': 9, 'safe_feasible': 4, 'states': 0, 'selected_radius': 0.5, 'selected_trim': 0.112372, 'selected_score': 0.75}, {'index': 2, 'radius_min': 0, 'radius_max': 0, 'trim_min': 0, 'trim_max': 0, 'evaluations': 9, 'safe_feasible': 3, 'states': 0, 'selected_radius': 0.4, 'selected_trim': 0.109641, 'selected_score': 0.9}, {'index': 3, 'radius_min': 0, 'radius_max': 0, 'trim_min': 0, 'trim_max': 0, 'evaluations': 9, 'safe_feasible': 5, 'states': 0, 'selected_radius': 0.75, 'selected_trim': 0.118973, 'selected_score': 0.927319}, {'index': 4, 'radius_min': 0, 'radius_max': 0, 'trim_min': 0, 'trim_max': 0, 'evaluations': 9, 'safe_feasible': 7, 'states': 0, 'selected_radius': 1.5, 'selected_trim': 0.0698662, 'selected_score': 1}, {'index': 5, 'radius_min': 0, 'radius_max': 0, 'trim_min': 0, 'trim_max': 0, 'evaluations': 9, 'safe_feasible': 0, 'states': 0, 'selected_radius': 0, 'selected_trim': 0, 'selected_score': 0}]",6,0,54,none,5,1,0.7244936441802743,200,0.867616,162,1,"{'angular acceleration iteration did not converge': 3, 'transition would overlap an adjacent corner window': 27}",0.00299608,fixed,0.05,0.7244936441802743,24,NavFnDijkstra,48e9e737c58bcc0461d9040e3337894859333310999f28504d495a7a1c88f283,99,48e9e737c58bcc0461d9040e3337894859333310999f28504d495a7a1c88f283,0,1,right_rack_detour,True,3.213230082861594,2.8737599794817594,4.8766248801530026,2,0.007598648000112007
0.009000000000000001,16.845087656486534,0.03659786302245283,0.011648158888677252,,0.3178657721217057,0.25619225950049973,0.26464466488418537,0,137,,,,,,,,,,,,,9.510196172994007,pivot_g2,0.05,108,89ef6b315d3a5032addcd7cad7642192c5c061eea8aa5b1caf98b2fc764879db,4.883805072884473,76,78,196,0.04,0.0367422,8,0,6,"[{'index': 0, 'radius_min': 0.1, 'radius_max': 1.5, 'trim_min': 0.0178129, 'trim_max': 0.267193, 'evaluations': 20, 'safe_feasible': 18, 'states': 6, 'selected_radius': 0, 'selected_trim': 0, 'selected_score': 0}, {'index': 1, 'radius_min': 0.1, 'radius_max': 1.28385, 'trim_min': 0.0224744, 'trim_max': 0.288537, 'evaluations': 20, 'safe_feasible': 18, 'states': 6, 'selected_radius': 0, 'selected_trim': 0, 'selected_score': 0}, {'index': 2, 'radius_min': 0.1, 'radius_max': 1.05266, 'trim_min': 0.0274103, 'trim_max': 0.288537, 'evaluations': 20, 'safe_feasible': 16, 'states': 6, 'selected_radius': 0, 'selected_trim': 0, 'selected_score': 0}, {'index': 3, 'radius_min': 0.1, 'radius_max': 1.5, 'trim_min': 0.015863, 'trim_max': 0.237946, 'evaluations': 20, 'safe_feasible': 17, 'states': 6, 'selected_radius': 0, 'selected_trim': 0, 'selected_score': 0}, {'index': 4, 'radius_min': 0.1, 'radius_max': 1.5, 'trim_min': 0.00465774, 'trim_max': 0.0698662, 'evaluations': 11, 'safe_feasible': 9, 'states': 6, 'selected_radius': 0, 'selected_trim': 0, 'selected_score': 0}, {'index': 5, 'radius_min': 0.1, 'radius_max': 0.186586, 'trim_min': 0.037897, 'trim_max': 0.0707105, 'evaluations': 6, 'safe_feasible': 3, 'states': 4, 'selected_radius': 0, 'selected_trim': 0, 'selected_score': 0}]",6,34,97,all_pivot,0,6,0.7244936441802743,200,0,108,6,"{'angular acceleration iteration did not converge': 6, 'transition requires a reversing inner wheel': 10}",0.0104184,adaptive,0.05,2.461985588588376,81,NavFnDijkstra,48e9e737c58bcc0461d9040e3337894859333310999f28504d495a7a1c88f283,99,48e9e737c58bcc0461d9040e3337894859333310999f28504d495a7a1c88f283,0,1,right_rack_detour,True,3.151489543534777e-25,7.095019016745177e-13,4.888876533585552,7,0.014218660000096861
0.003,4.733817947841062,0.02324860448524979,0.004142122230972812,,0.3268792821519342,0.25619225950049973,0.26464466488418537,0,199,3.21323,1,161,True,51.7115,251,True,simple_default,simple,4.73382,177,True,3.4586063125323965,adaptive_hybrid_fixed,0.05,196,01a82475e6c4572570011a9f975dbb8b5743b61e5795eb540f09f7eeffe1bc53,4.865627004507547,,,,,,,,,,,,,,,0,0.0,,,,,,,,,0,,NavFnDijkstra,48e9e737c58bcc0461d9040e3337894859333310999f28504d495a7a1c88f283,99,48e9e737c58bcc0461d9040e3337894859333310999f28504d495a7a1c88f283,0,1,right_rack_detour,True,4.733817947841062,3.4586063125323965,4.865627004507547,1,0.007579901000099198
0.009000000000000001,4.733817947841062,0.02324860448524979,0.004142122230972812,,0.3268792821519342,0.25619225950049973,0.26464466488418537,0,199,3.15149e-25,6,161,True,51.7115,251,True,simple_default,simple,4.73382,177,True,3.4586063125323965,adaptive_hybrid,0.05,196,01a82475e6c4572570011a9f975dbb8b5743b61e5795eb540f09f7eeffe1bc53,4.865627004507547,,,,,,,,,,,,,,,0,0.0,,,,,,,,,0,,NavFnDijkstra,48e9e737c58bcc0461d9040e3337894859333310999f28504d495a7a1c88f283,99,48e9e737c58bcc0461d9040e3337894859333310999f28504d495a7a1c88f283,0,1,right_rack_detour,True,4.733817947841062,3.4586063125323965,4.865627004507547,1,0.016396563999933278
0.0,47.546075337575495,4.440892098500626e-16,6.415350471809794e-17,,0.483043730171609,0.11464466264901119,0.2146446641391273,0,553,,,,,,,,,,,,,11.001618993721564,raw,0.05,547,0bd1d06be354f54ace06d9b52597806f5e32078fbc643be551840ff2b6930a89,13.696073403185522,,,,,,,,,,,,,,,0,0.0,,,,,,,,,0,,NavFnDijkstra,0bd1d06be354f54ace06d9b52597806f5e32078fbc643be551840ff2b6930a89,276,0bd1d06be354f54ace06d9b52597806f5e32078fbc643be551840ff2b6930a89,0,1,long_southwest_to_northeast,True,47.546075337575495,11.001618993721564,13.696073403185522,1,0.009297963999870262
0.003,7.037750679849484,0.015840972777588124,0.0025777927976331446,,0.46781779989191263,0.11464466264901119,0.25619225950049973,0,571,,,,,,,,,,,,,3.585626766771457,simple,0.05,547,ab2e6927d73e91bc747ec4137738705ec5a8162b1e058edc15387547510df942,13.652532298914709,,,,,,,,,,,,,,,0,0.0,,,,,,,,,0,,NavFnDijkstra,0bd1d06be354f54ace06d9b52597806f5e32078fbc643be551840ff2b6930a89,275,0bd1d06be354f54ace06d9b52597806f5e32078fbc643be551840ff2b6930a89,0,1,long_southwest_to_northeast,True,7.037750679849484,3.585626766771457,13.652532298914709,1,0.012497876999987056
0.0,19.757605971403223,0.005753934258065893,0.0008081535329700345,,0.46096702897311126,0.11464466264901119,0.21959563989254183,0,591,,,,,,,,,,,,,7.038911294804641,savitzky_golay,0.05,547,222807954cf9ed847af4834fb586e19e69f164ce929f1526db77c2e359980b5f,13.681474855217369,,,,,,,,,,,,,,,0,0.0,,,,,,,,,0,,NavFnDijkstra,0bd1d06be354f54ace06d9b52597806f5e32078fbc643be551840ff2b6930a89,275,0bd1d06be354f54ace06d9b52597806f5e32078fbc643be551840ff2b6930a89,0,1,long_southwest_to_northeast,True,19.757605971403223,7.038911294804641,13.681474855217369,1,0.012205453999740712
0.033,20.386197520921304,0.011001180160007699,0.0014509481259466041,,0.46351619191575233,0.11464466264901119,0.2474873771031409,0,586,,,,,,,,,,,,,6.2854486579803455,constrained,0.05,547,e7aaa2e1d6cc917e567f1f0c44a90475383d9964403884519a9256a0735fa5d1,13.688816410559632,,,,,,,,,,,,,,,0,0.0,,,,,,,,,0,,NavFnDijkstra,0bd1d06be354f54ace06d9b52597806f5e32078fbc643be551840ff2b6930a89,275,0bd1d06be354f54ace06d9b52597806f5e32078fbc643be551840ff2b6930a89,0,1,long_southwest_to_northeast,True,20.386197520921304,6.2854486579803455,13.688816410559632,1,0.04673159499998292
0.006,4.840556634517879,0.03333032039956454,0.013828800129792401,,0.4086193515916084,0.11464466264901119,0.2146446641391273,0,474,,,,,,,,,,,,,3.6222831614541127,pivot_g2_fixed,0.05,457,0ca7b781e304bc7a80473c10290344c0ad1b7919cb42e62ebc667f117c2639da,13.632582040021118,0,54,547,0.04,0.0336589,12,0,11,"[{'index': 0, 'radius_min': 0, 'radius_max': 0, 'trim_min': 0, 'trim_max': 0, 'evaluations': 9, 'safe_feasible': 8, 'states': 0, 'selected_radius': 1.5, 'selected_trim': 0.132341, 'selected_score': 1}, {'index': 1, 'radius_min': 0, 'radius_max': 0, 'trim_min': 0, 'trim_max': 0, 'evaluations': 9, 'safe_feasible': 7, 'states': 0, 'selected_radius': 1, 'selected_trim': 0.178983, 'selected_score': 0.85}, {'index': 2, 'radius_min': 0, 'radius_max': 0, 'trim_min': 0, 'trim_max': 0, 'evaluations': 9, 'safe_feasible': 8, 'states': 0, 'selected_radius': 1.5, 'selected_trim': 0.242968, 'selected_score': 0.85}, {'index': 3, 'radius_min': 0, 'radius_max': 0, 'trim_min': 0, 'trim_max': 0, 'evaluations': 9, 'safe_feasible': 7, 'states': 0, 'selected_radius': 1.5, 'selected_trim': 0.0985659, 'selected_score': 0.83706}, {'index': 4, 'radius_min': 0, 'radius_max': 0, 'trim_min': 0, 'trim_max': 0, 'evaluations': 9, 'safe_feasible': 7, 'states': 0, 'selected_radius': 1.5, 'selected_trim': 0.0916485, 'selected_score': 1}, {'index': 5, 'radius_min': 0, 'radius_max': 0, 'trim_min': 0, 'trim_max': 0, 'evaluations': 9, 'safe_feasible': 7, 'states': 0, 'selected_radius': 1.25, 'selected_trim': 0.160912, 'selected_score': 1}, {'index': 6, 'radius_min': 0, 'radius_max': 0, 'trim_min': 0, 'trim_max': 0, 'evaluations': 9, 'safe_feasible': 4, 'states': 0, 'selected_radius': 0.5, 'selected_trim': 0.127104, 'selected_score': 0.753456}, {'index': 7, 'radius_min': 0, 'radius_max': 0, 'trim_min': 0, 'trim_max': 0, 'evaluations': 9, 'safe_feasible': 4, 'states': 0, 'selected_radius': 0.5, 'selected_trim': 0.127192, 'selected_score': 0.850657}, {'index': 8, 'radius_min': 0, 'radius_max': 0, 'trim_min': 0, 'trim_max': 0, 'evaluations': 9, 'safe_feasible': 5, 'states': 0, 'selected_radius': 0.75, 'selected_trim': 0.107485, 'selected_score': 0.780502}, {'index': 9, 'radius_min': 0, 'radius_max': 0, 'trim_min': 0, 'trim_max': 0, 'evaluations': 9, 'safe_feasible': 2, 'states': 0, 'selected_radius': 0.3, 'selected_trim': 0.0714976, 'selected_score': 0.85}]",10,0,90,none,10,0,0.0,200,0.877168,457,0,"{'angular acceleration iteration did not converge': 8, 'transition would overlap an adjacent corner window': 23}",0.00521337,fixed,0.05,0,59,NavFnDijkstra,0bd1d06be354f54ace06d9b52597806f5e32078fbc643be551840ff2b6930a89,274,0bd1d06be354f54ace06d9b52597806f5e32078fbc643be551840ff2b6930a89,0,1,long_southwest_to_northeast,True,4.840556634517879,3.6222831614541127,13.632582040021118,1,0.01645900499988784
0.012,5.675432019486182,0.03634625584655229,0.014224121557765606,,0.39141673085835177,0.11464466264901119,0.2146446641391273,0,545,,,,,,,,,,,,,5.440746838984139,pivot_g2,0.05,528,1cfffed6403b2e012edef84320e4ad16dd26a6cc0f5027c68e48c3111bb52c15,13.630140585577953,252,148,547,0.04,0.0336589,12,0,11,"[{'index': 0, 'radius_min': 0.1, 'radius_max': 1.5, 'trim_min': 0.0088227, 'trim_max': 0.132341, 'evaluations': 20, 'safe_feasible': 17, 'states': 6, 'selected_radius': 1.5, 'selected_trim': 0.132341, 'selected_score': 0.176074}, {'index': 1, 'radius_min': 0.1, 'radius_max': 1.5, 'trim_min': 0.0178983, 'trim_max': 0.268474, 'evaluations': 20, 'safe_feasible': 18, 'states': 6, 'selected_radius': 1.5, 'selected_trim': 0.268474, 'selected_score': 0.256455}, {'index': 2, 'radius_min': 0.1, 'radius_max': 1.5, 'trim_min': 0.0161978, 'trim_max': 0.242968, 'evaluations': 20, 'safe_feasible': 17, 'states': 6, 'selected_radius': 1.5, 'selected_trim': 0.242968, 'selected_score': 0.265163}, {'index': 3, 'radius_min': 0.1, 'radius_max': 1.5, 'trim_min': 0.00657106, 'trim_max': 0.0985659, 'evaluations': 11, 'safe_feasible': 9, 'states': 6, 'selected_radius': 1.5, 'selected_trim': 0.0985659, 'selected_score': 0.13979}, {'index': 4, 'radius_min': 0.1, 'radius_max': 1.5, 'trim_min': 0.0061099, 'trim_max': 0.0916485, 'evaluations': 11, 'safe_feasible': 9, 'states': 6, 'selected_radius': 1.5, 'selected_trim': 0.0916485, 'selected_score': 0.0851145}, {'index': 5, 'radius_min': 0.1, 'radius_max': 1.5, 'trim_min': 0.012873, 'trim_max': 0.193095, 'evaluations': 20, 'safe_feasible': 17, 'states': 6, 'selected_radius': 1.5, 'selected_trim': 0.193095, 'selected_score': 0.220901}, {'index': 6, 'radius_min': 0.1, 'radius_max': 1.14222, 'trim_min': 0.0254208, 'trim_max': 0.290362, 'evaluations': 20, 'safe_feasible': 16, 'states': 6, 'selected_radius': 0.204222, 'selected_trim': 0.0519149, 'selected_score': 0.67601}, {'index': 7, 'radius_min': 0.1, 'radius_max': 1.14143, 'trim_min': 0.0254384, 'trim_max': 0.290362, 'evaluations': 20, 'safe_feasible': 16, 'states': 6, 'selected_radius': 0.204143, 'selected_trim': 0.0519308, 'selected_score': 0.69814}, {'index': 8, 'radius_min': 0.1, 'radius_max': 1.5, 'trim_min': 0.0143313, 'trim_max': 0.21497, 'evaluations': 20, 'safe_feasible': 17, 'states': 6, 'selected_radius': 1.5, 'selected_trim': 0.21497, 'selected_score': 0.251934}, {'index': 9, 'radius_min': 0.1, 'radius_max': 0.883608, 'trim_min': 0.0238325, 'trim_max': 0.210586, 'evaluations': 20, 'safe_feasible': 17, 'states': 6, 'selected_radius': 0.883608, 'selected_trim': 0.210586, 'selected_score': 0.471681}]",10,60,182,none,10,0,0.0,200,0.324126,528,0,"{'angular acceleration iteration did not converge': 16, 'transition requires a reversing inner wheel': 13}",0.012714,adaptive,0.05,0,153,NavFnDijkstra,0bd1d06be354f54ace06d9b52597806f5e32078fbc643be551840ff2b6930a89,274,0bd1d06be354f54ace06d9b52597806f5e32078fbc643be551840ff2b6930a89,0,1,long_southwest_to_northeast,True,5.675432019486182,5.440746838984139,13.630140585577953,1,0.023016661999918142
0.009000000000000001,7.037750679849484,0.015840972777588124,0.0025777927976331446,,0.46781779989191263,0.11464466264901119,0.25619225950049973,0,571,4.84056,0,253,True,47.5461,253,True,simple_default,simple,7.03775,253,True,3.585626766771457,adaptive_hybrid_fixed,0.05,547,ab2e6927d73e91bc747ec4137738705ec5a8162b1e058edc15387547510df942,13.652532298914709,,,,,,,,,,,,,,,0,0.0,,,,,,,,,0,,NavFnDijkstra,0bd1d06be354f54ace06d9b52597806f5e32078fbc643be551840ff2b6930a89,275,0bd1d06be354f54ace06d9b52597806f5e32078fbc643be551840ff2b6930a89,0,1,long_southwest_to_northeast,True,7.037750679849484,3.585626766771457,13.652532298914709,1,0.018151722999846243
0.015000000000000001,7.037750679849484,0.015840972777588124,0.0025777927976331446,,0.46781779989191263,0.11464466264901119,0.25619225950049973,0,571,5.67543,0,253,True,47.5461,253,True,simple_default,simple,7.03775,253,True,3.585626766771457,adaptive_hybrid,0.05,547,ab2e6927d73e91bc747ec4137738705ec5a8162b1e058edc15387547510df942,13.652532298914709,,,,,,,,,,,,,,,0,0.0,,,,,,,,,0,,NavFnDijkstra,0bd1d06be354f54ace06d9b52597806f5e32078fbc643be551840ff2b6930a89,275,0bd1d06be354f54ace06d9b52597806f5e32078fbc643be551840ff2b6930a89,0,1,long_southwest_to_northeast,True,7.037750679849484,3.585626766771457,13.652532298914709,1,0.02889618100016378
0.003,28.69867528731926,4.440892098500626e-16,4.860400279728535e-17,,0.48073393837457107,0.16464466339406925,0.25401603890116004,0,576,,,,,,,,,,,,,13.089227061823996,raw,0.05,547,12439aef3623d61e8bf3d1a4035080113e5c75fe4c4959b68306f79b367892f1,13.713275919882998,,,,,,,,,,,,,,,0,0.0,,,,,,,,,0,,NavFnDijkstra,12439aef3623d61e8bf3d1a4035080113e5c75fe4c4959b68306f79b367892f1,276,12439aef3623d61e8bf3d1a4035080113e5c75fe4c4959b68306f79b367892f1,0,1,long_northeast_to_southwest,True,28.69867528731926,13.089227061823996,13.713275919882998,1,0.00977195399991615
0.0,7.346909001927223,0.020526320258716535,0.002738043548863004,,0.46425160759643913,0.11464466264901119,0.28480087705617874,0,550,,,,,,,,,,,,,4.325127276416642,simple,0.05,547,abb955354e5ca98fbca261bfd86a7963c0546aadc0b88899033dc37818326043,13.673282623201256,,,,,,,,,,,,,,,0,0.0,,,,,,,,,0,,NavFnDijkstra,12439aef3623d61e8bf3d1a4035080113e5c75fe4c4959b68306f79b367892f1,275,12439aef3623d61e8bf3d1a4035080113e5c75fe4c4959b68306f79b367892f1,0,1,long_northeast_to_southwest,True,7.346909001927223,4.325127276416642,13.673282623201256,1,0.011882976999913808
0.0,16.052988557845605,0.009873222273072952,0.000837998086206711,,0.46368396534691897,0.11464466264901119,0.28480087705617874,0,563,,,,,,,,,,,,,8.319098321793973,savitzky_golay,0.05,547,28abbf45aaa59654c51da5778fb51feb7f35f2e98726f69b04026f7ddc10c237,13.701427847716623,,,,,,,,,,,,,,,0,0.0,,,,,,,,,0,,NavFnDijkstra,12439aef3623d61e8bf3d1a4035080113e5c75fe4c4959b68306f79b367892f1,276,12439aef3623d61e8bf3d1a4035080113e5c75fe4c4959b68306f79b367892f1,0,1,long_northeast_to_southwest,True,16.052988557845605,8.319098321793973,13.701427847716623,1,0.01651791399990543
0.033,24.27015511829114,0.016688666719811476,0.002479298721352631,,0.4627561967402294,0.16464466339406925,0.2808724311428359,0,569,,,,,,,,,,,,,11.051943289870998,constrained,0.05,547,fc59005b11589bdf178aec32b6f363c308b736d0a0d3cd01bc60bba5e21a9859,13.730674833332975,,,,,,,,,,,,,,,0,0.0,,,,,,,,,0,,NavFnDijkstra,12439aef3623d61e8bf3d1a4035080113e5c75fe4c4959b68306f79b367892f1,276,12439aef3623d61e8bf3d1a4035080113e5c75fe4c4959b68306f79b367892f1,0,1,long_northeast_to_southwest,True,24.27015511829114,11.051943289870998,13.730674833332975,1,0.042085021999810124
0.006,11.696706064249058,0.03736911622036536,0.014925062016452514,,0.4270509187444335,0.11464466264901119,0.26857588513193054,0,460,,,,,,,,,,,,,11.795419185282258,pivot_g2_fixed,0.05,449,ca716f82867c84cf9318c92ea9c1a901cefef35f75a73fd48a67d30dfc947b2b,13.649880195075701,0,56,547,0.04,0.0380695,13,0,12,"[{'index': 0, 'radius_min': 0, 'radius_max': 0, 'trim_min': 0, 'trim_max': 0, 'evaluations': 9, 'safe_feasible': 0, 'states': 0, 'selected_radius': 0, 'selected_trim': 0, 'selected_score': 0}, {'index': 1, 'radius_min': 0, 'radius_max': 0, 'trim_min': 0, 'trim_max': 0, 'evaluations': 9, 'safe_feasible': 7, 'states': 0, 'selected_radius': 1.5, 'selected_trim': 0.0641838, 'selected_score': 1}, {'index': 2, 'radius_min': 0, 'radius_max': 0, 'trim_min': 0, 'trim_max': 0, 'evaluations': 9, 'safe_feasible': 6, 'states': 0, 'selected_radius': 1, 'selected_trim': 0.125057, 'selected_score': 0.805044}, {'index': 3, 'radius_min': 0, 'radius_max': 0, 'trim_min': 0, 'trim_max': 0, 'evaluations': 9, 'safe_feasible': 2, 'states': 0, 'selected_radius': 0.4, 'selected_trim': 0.116565, 'selected_score': 0.75}, {'index': 4, 'radius_min': 0, 'radius_max': 0, 'trim_min': 0, 'trim_max': 0, 'evaluations': 9, 'safe_feasible': 4, 'states': 0, 'selected_radius': 0.5, 'selected_trim': 0.13377, 'selected_score': 0.765358}, {'index': 5, 'radius_min': 0, 'radius_max': 0, 'trim_min': 0, 'trim_max': 0, 'evaluations': 9, 'safe_feasible': 6, 'states': 0, 'selected_radius': 1, 'selected_trim': 0.123249, 'selected_score': 0.954921}, {'index': 6, 'radius_min': 0, 'radius_max': 0, 'trim_min': 0, 'trim_max': 0, 'evaluations': 9, 'safe_feasible': 8, 'states': 0, 'selected_radius': 1.5, 'selected_trim': 0.147767, 'selected_score': 1}, {'index': 7, 'radius_min': 0, 'radius_max': 0, 'trim_min': 0, 'trim_max': 0, 'evaluations': 9, 'safe_feasible': 9, 'states': 0, 'selected_radius': 1, 'selected_trim': 0.209001, 'selected_score': 0.906473}, {'index': 8, 'radius_min': 0, 'radius_max': 0, 'trim_min': 0, 'trim_max': 0, 'evaluations': 9, 'safe_feasible': 5, 'states': 0, 'selected_radius': 0.6, 'selected_trim': 0.110835, 'selected_score': 0.910161}, {'index': 9, 'radius_min': 0, 'radius_max': 0, 'trim_min': 0, 'trim_max': 0, 'evaluations': 9, 'safe_feasible': 6, 'states': 0, 'selected_radius': 1, 'selected_trim': 0.116292, 'selected_score': 0.954332}, {'index': 10, 'radius_min': 0, 'radius_max': 0, 'trim_min': 0, 'trim_max': 0, 'evaluations': 9, 'safe_feasible': 8, 'states': 0, 'selected_radius': 1.5, 'selected_trim': 0.160704, 'selected_score': 1}]",11,0,99,none,10,1,0.7203260125907084,200,0.904629,449,1,"{'angular acceleration iteration did not converge': 8, 'transition would overlap an adjacent corner window': 30}",0.0052984,fixed,0.05,0.7203260125907084,61,NavFnDijkstra,12439aef3623d61e8bf3d1a4035080113e5c75fe4c4959b68306f79b367892f1,275,12439aef3623d61e8bf3d1a4035080113e5c75fe4c4959b68306f79b367892f1,0,1,long_northeast_to_southwest,True,4.508115714275772,2.8735371218649464,13.651874026808336,2,0.014409262999834027
0.015000000000000001,9.292818552978321,0.03738737734863785,0.015221292986030007,,0.40656636228928167,0.11464466264901119,0.26878279146075923,0,545,,,,,,,,,,,,,5.762834415334993,pivot_g2,0.05,542,5e40c20b2ac50e48df5253a8842a1ad7aaf345b1baf73e1faaefb6e4933afa32,13.64705103961607,241,160,547,0.04,0.0380695,13,0,12,"[{'index': 0, 'radius_min': 0.1, 'radius_max': 0.239741, 'trim_min': 0.0376589, 'trim_max': 0.0902838, 'evaluations': 11, 'safe_feasible': 7, 'states': 6, 'selected_radius': 0.197819, 'selected_trim': 0.0744964, 'selected_score': 0.801372}, {'index': 1, 'radius_min': 0.1, 'radius_max': 1.5, 'trim_min': 0.00427892, 'trim_max': 0.0641838, 'evaluations': 11, 'safe_feasible': 9, 'states': 6, 'selected_radius': 1.08, 'selected_trim': 0.0462123, 'selected_score': 0.16346}, {'index': 2, 'radius_min': 0.1, 'radius_max': 1.5, 'trim_min': 0.0125057, 'trim_max': 0.187586, 'evaluations': 20, 'safe_feasible': 17, 'states': 6, 'selected_radius': 1.5, 'selected_trim': 0.187586, 'selected_score': 0.228229}, {'index': 3, 'radius_min': 0.1, 'radius_max': 1.02098, 'trim_min': 0.0291413, 'trim_max': 0.297528, 'evaluations': 20, 'safe_feasible': 17, 'states': 6, 'selected_radius': 0.238147, 'selected_trim': 0.0693993, 'selected_score': 0.6865}, {'index': 4, 'radius_min': 0.1, 'radius_max': 1.11209, 'trim_min': 0.0267539, 'trim_max': 0.297528, 'evaluations': 20, 'safe_feasible': 18, 'states': 6, 'selected_radius': 0.251814, 'selected_trim': 0.06737, 'selected_score': 0.654414}, {'index': 5, 'radius_min': 0.1, 'radius_max': 1.5, 'trim_min': 0.0123249, 'trim_max': 0.184874, 'evaluations': 20, 'safe_feasible': 17, 'states': 6, 'selected_radius': 1.5, 'selected_trim': 0.184874, 'selected_score': 0.221493}, {'index': 6, 'radius_min': 0.1, 'radius_max': 1.5, 'trim_min': 0.00985115, 'trim_max': 0.147767, 'evaluations': 20, 'safe_feasible': 17, 'states': 6, 'selected_radius': 1.5, 'selected_trim': 0.147767, 'selected_score': 0.120949}, {'index': 7, 'radius_min': 0.1, 'radius_max': 1.5, 'trim_min': 0.0209001, 'trim_max': 0.313502, 'evaluations': 20, 'safe_feasible': 17, 'states': 6, 'selected_radius': 1.5, 'selected_trim': 0.313502, 'selected_score': 0.282218}, {'index': 8, 'radius_min': 0.1, 'radius_max': 1.5, 'trim_min': 0.0184726, 'trim_max': 0.277088, 'evaluations': 20, 'safe_feasible': 18, 'states': 6, 'selected_radius': 0.415, 'selected_trim': 0.0766611, 'selected_score': 0.509155}, {'index': 9, 'radius_min': 0.1, 'radius_max': 1.5, 'trim_min': 0.0116292, 'trim_max': 0.174438, 'evaluations': 20, 'safe_feasible': 17, 'states': 6, 'selected_radius': 1.43, 'selected_trim': 0.166297, 'selected_score': 0.217171}, {'index': 10, 'radius_min': 0.1, 'radius_max': 1.5, 'trim_min': 0.0107136, 'trim_max': 0.160704, 'evaluations': 20, 'safe_feasible': 17, 'states': 6, 'selected_radius': 1.5, 'selected_trim': 0.160704, 'selected_score': 0.192172}]",11,66,202,none,11,0,0.0,200,0.370649,542,0,"{'angular acceleration iteration did not converge': 15, 'transition requires a reversing inner wheel': 16}",0.0133965,adaptive,0.05,0,171,NavFnDijkstra,12439aef3623d61e8bf3d1a4035080113e5c75fe4c4959b68306f79b367892f1,274,12439aef3623d61e8bf3d1a4035080113e5c75fe4c4959b68306f79b367892f1,0,1,long_northeast_to_southwest,True,9.292818552978321,5.762834415334993,13.64705103961607,1,0.04477895999980319
0.009000000000000001,7.346909001927223,0.020526320258716535,0.002738043548863004,,0.46425160759643913,0.11464466264901119,0.28480087705617874,0,550,4.50812,1,253,True,28.6987,228,True,simple_default,simple,7.34691,253,True,4.325127276416642,adaptive_hybrid_fixed,0.05,547,abb955354e5ca98fbca261bfd86a7963c0546aadc0b88899033dc37818326043,13.673282623201256,,,,,,,,,,,,,,,0,0.0,,,,,,,,,0,,NavFnDijkstra,12439aef3623d61e8bf3d1a4035080113e5c75fe4c4959b68306f79b367892f1,275,12439aef3623d61e8bf3d1a4035080113e5c75fe4c4959b68306f79b367892f1,0,1,long_northeast_to_southwest,True,7.346909001927223,4.325127276416642,13.673282623201256,1,0.023661242999878596
0.015000000000000001,7.346909001927223,0.020526320258716535,0.002738043548863004,,0.46425160759643913,0.11464466264901119,0.28480087705617874,0,550,9.29282,0,253,True,28.6987,228,True,simple_default,simple,7.34691,253,True,4.325127276416642,adaptive_hybrid,0.05,547,abb955354e5ca98fbca261bfd86a7963c0546aadc0b88899033dc37818326043,13.673282623201256,,,,,,,,,,,,,,,0,0.0,,,,,,,,,0,,NavFnDijkstra,12439aef3623d61e8bf3d1a4035080113e5c75fe4c4959b68306f79b367892f1,275,12439aef3623d61e8bf3d1a4035080113e5c75fe4c4959b68306f79b367892f1,0,1,long_northeast_to_southwest,True,7.346909001927223,4.325127276416642,13.673282623201256,1,0.024469734999911452
0.003,14.145943714001161,4.440892098500626e-16,8.284377261760027e-17,,0.8778094624668837,0.2474873771031409,0.3146446656292434,0,492,,,,,,,,,,,,,9.85108832615869,raw,0.05,486,86502849550a06d978a6792bff811d36b65ad4fdcaad81d18d9a6030b73abc34,12.171317109245908,,,,,,,,,,,,,,,0,0.0,,,,,,,,,0,,NavFnDijkstra,86502849550a06d978a6792bff811d36b65ad4fdcaad81d18d9a6030b73abc34,245,86502849550a06d978a6792bff811d36b65ad4fdcaad81d18d9a6030b73abc34,0,1,crossing_northwest_to_southeast,True,14.145943714001161,9.85108832615869,12.171317109245908,1,0.00901944099996399
0.003,2.735094955187627,0.013893534943137862,0.001889542651051519,,0.8400532237419848,0.3146446656292434,0.34543332138122557,0,486,,,,,,,,,,,,,2.2156094116224203,simple,0.05,486,3d4cd748cd13c366dccdff6804c95b956c8f7900f31e0a92d6afab072941c47f,12.154777839685861,,,,,,,,,,,,,,,0,0.0,,,,,,,,,0,,NavFnDijkstra,86502849550a06d978a6792bff811d36b65ad4fdcaad81d18d9a6030b73abc34,245,86502849550a06d978a6792bff811d36b65ad4fdcaad81d18d9a6030b73abc34,0,1,crossing_northwest_to_southeast,True,2.735094955187627,2.2156094116224203,12.154777839685861,1,0.01169367600004989
0.0,7.406915457836859,0.010004022425296478,0.0007677364269166142,,0.8354236972395069,0.3146446656292434,0.34543332138122557,0,494,,,,,,,,,,,,,4.7844284715764935,savitzky_golay,0.05,486,4642aa0f2a077745a8b4446183d80c9fdc01ba25c8733bc2b40ed79a2db928b4,12.166392056130142,,,,,,,,,,,,,,,0,0.0,,,,,,,,,0,,NavFnDijkstra,86502849550a06d978a6792bff811d36b65ad4fdcaad81d18d9a6030b73abc34,245,86502849550a06d978a6792bff811d36b65ad4fdcaad81d18d9a6030b73abc34,0,1,crossing_northwest_to_southeast,True,7.406915457836859,4.7844284715764935,12.166392056130142,1,0.01223796600015703
0.030000000000000002,10.183193458865535,0.011873265088479037,0.0015927903072977792,,0.8332675307896867,0.3146446656292434,0.34543332138122557,0,504,,,,,,,,,,,,,6.328272303513982,constrained,0.05,486,0442043de214f2b57e59755ff6f9758ae0674027660ea52b2a56143563cda83d,12.176249439322332,,,,,,,,,,,,,,,0,0.0,,,,,,,,,0,,NavFnDijkstra,86502849550a06d978a6792bff811d36b65ad4fdcaad81d18d9a6030b73abc34,245,86502849550a06d978a6792bff811d36b65ad4fdcaad81d18d9a6030b73abc34,0,1,crossing_northwest_to_southeast,True,10.183193458865535,6.328272303513982,12.176249439322332,1,0.03902922999986913
0.003,0.7870793640500554,0.031993899356617624,0.012630154414464962,,0.728492871320922,0.3146446656292434,0.3181980562754668,0,357,,,,,,,,,,,,,1.136786102950344,pivot_g2_fixed,0.05,355,74a73b29eafc82d79ff554696c412937f6330edaad663089a13ebecde54e38d2,12.138051362511462,0,36,486,0.04,0.0322084,7,0,6,"[{'index': 0, 'radius_min': 0, 'radius_max': 0, 'trim_min': 0, 'trim_max': 0, 'evaluations': 9, 'safe_feasible': 9, 'states': 0, 'selected_radius': 1.5, 'selected_trim': 0.26106, 'selected_score': 0.85}, {'index': 1, 'radius_min': 0, 'radius_max': 0, 'trim_min': 0, 'trim_max': 0, 'evaluations': 9, 'safe_feasible': 8, 'states': 0, 'selected_radius': 1, 'selected_trim': 0.164218, 'selected_score': 0.899996}, {'index': 2, 'radius_min': 0, 'radius_max': 0, 'trim_min': 0, 'trim_max': 0, 'evaluations': 9, 'safe_feasible': 7, 'states': 0, 'selected_radius': 1.5, 'selected_trim': 0.0668458, 'selected_score': 1}, {'index': 3, 'radius_min': 0, 'radius_max': 0, 'trim_min': 0, 'trim_max': 0, 'evaluations': 9, 'safe_feasible': 7, 'states': 0, 'selected_radius': 1.5, 'selected_trim': 0.0768876, 'selected_score': 1}, {'index': 4, 'radius_min': 0, 'radius_max': 0, 'trim_min': 0, 'trim_max': 0, 'evaluations': 9, 'safe_feasible': 7, 'states': 0, 'selected_radius': 1.5, 'selected_trim': 0.115874, 'selected_score': 1}]",5,0,45,none,5,0,0.0,200,0.949999,355,0,{'angular acceleration iteration did not converge': 7},0.002954,fixed,0.05,0,38,NavFnDijkstra,86502849550a06d978a6792bff811d36b65ad4fdcaad81d18d9a6030b73abc34,244,86502849550a06d978a6792bff811d36b65ad4fdcaad81d18d9a6030b73abc34,0,1,crossing_northwest_to_southeast,True,0.7870793640500554,1.136786102950344,12.138051362511462,1,0.011410592000174802
0.003,0.6823525887792683,0.03214158035888184,0.012674631300246077,,0.7137703521851991,0.3146446656292434,0.3146446656292434,0,371,,,,,,,,,,,,,0.7770229806809297,pivot_g2,0.05,369,97ad11284fe76ec46e4051f4ac8c23bbdbaec0ca8caf1349a1788666c2b04479,12.13675713870325,144,70,486,0.04,0.0322084,7,0,6,"[{'index': 0, 'radius_min': 0.1, 'radius_max': 1.5, 'trim_min': 0.017404, 'trim_max': 0.26106, 'evaluations': 20, 'safe_feasible': 18, 'states': 6, 'selected_radius': 1.5, 'selected_trim': 0.26106, 'selected_score': 0.24601}, {'index': 1, 'radius_min': 0.1, 'radius_max': 1.5, 'trim_min': 0.0164218, 'trim_max': 0.246327, 'evaluations': 20, 'safe_feasible': 17, 'states': 6, 'selected_radius': 1.5, 'selected_trim': 0.246327, 'selected_score': 0.239329}, {'index': 2, 'radius_min': 0.1, 'radius_max': 1.5, 'trim_min': 0.00445638, 'trim_max': 0.0668458, 'evaluations': 11, 'safe_feasible': 9, 'states': 6, 'selected_radius': 1.5, 'selected_trim': 0.0668458, 'selected_score': 0.0655802}, {'index': 3, 'radius_min': 0.1, 'radius_max': 1.5, 'trim_min': 0.00512584, 'trim_max': 0.0768876, 'evaluations': 11, 'safe_feasible': 9, 'states': 6, 'selected_radius': 1.5, 'selected_trim': 0.0768876, 'selected_score': 0.073617}, {'index': 4, 'radius_min': 0.1, 'radius_max': 1.5, 'trim_min': 0.0077249, 'trim_max': 0.115874, 'evaluations': 20, 'safe_feasible': 17, 'states': 6, 'selected_radius': 1.5, 'selected_trim': 0.115874, 'selected_score': 0.101978}]",5,30,82,none,5,0,0.0,200,0.145303,369,0,"{'angular acceleration iteration did not converge': 7, 'transition requires a reversing inner wheel': 5}",0.00494903,adaptive,0.05,0,70,NavFnDijkstra,86502849550a06d978a6792bff811d36b65ad4fdcaad81d18d9a6030b73abc34,244,86502849550a06d978a6792bff811d36b65ad4fdcaad81d18d9a6030b73abc34,0,1,crossing_northwest_to_southeast,True,0.6823525887792683,0.7770229806809297,12.13675713870325,1,0.017593328000202746
0.006,2.735094955187627,0.013893534943137862,0.001889542651051519,,0.8400532237419848,0.3146446656292434,0.34543332138122557,0,486,0.787079,0,127,True,14.1459,177,True,simple_default,simple,2.73509,115,True,2.2156094116224203,adaptive_hybrid_fixed,0.05,486,3d4cd748cd13c366dccdff6804c95b956c8f7900f31e0a92d6afab072941c47f,12.154777839685861,,,,,,,,,,,,,,,0,0.0,,,,,,,,,0,,NavFnDijkstra,86502849550a06d978a6792bff811d36b65ad4fdcaad81d18d9a6030b73abc34,245,86502849550a06d978a6792bff811d36b65ad4fdcaad81d18d9a6030b73abc34,0,1,crossing_northwest_to_southeast,True,2.735094955187627,2.2156094116224203,12.154777839685861,1,0.017750501000136865
0.009000000000000001,2.735094955187627,0.013893534943137862,0.001889542651051519,,0.8400532237419848,0.3146446656292434,0.34543332138122557,0,486,0.682353,0,127,True,14.1459,177,True,simple_default,simple,2.73509,115,True,2.2156094116224203,adaptive_hybrid,0.05,486,3d4cd748cd13c366dccdff6804c95b956c8f7900f31e0a92d6afab072941c47f,12.154777839685861,,,,,,,,,,,,,,,0,0.0,,,,,,,,,0,,NavFnDijkstra,86502849550a06d978a6792bff811d36b65ad4fdcaad81d18d9a6030b73abc34,245,86502849550a06d978a6792bff811d36b65ad4fdcaad81d18d9a6030b73abc34,0,1,crossing_northwest_to_southeast,True,2.735094955187627,2.2156094116224203,12.154777839685861,1,0.018175761999827955
0.0,28.510464747632223,2.220446049250313e-16,3.278532424667939e-17,,0.6141140220696285,0.17079994476667312,0.2146446641391273,0,286,,,,,,,,,,,,,11.46694975490541,raw,0.05,272,df16743f67abae5da5c8af64a99fcb50b4b76e458148d665063ef892d3cb03e1,6.822310553241586,,,,,,,,,,,,,,,0,0.0,,,,,,,,,0,,NavFnDijkstra,df16743f67abae5da5c8af64a99fcb50b4b76e458148d665063ef892d3cb03e1,138,df16743f67abae5da5c8af64a99fcb50b4b76e458148d665063ef892d3cb03e1,0,1,central_south_to_north,True,28.510464747632223,11.46694975490541,6.822310553241586,1,0.006584073999874818
0.003,2.8365169124696887,0.015620362449337238,0.002795522548200066,,0.6004790558126097,0.25619225950049973,0.26464466488418537,0,273,,,,,,,,,,,,,2.4985553917641545,simple,0.05,272,7c5528725760347af850318e824f49d7da895d1329e2d74a8ea080c02db4c5d6,6.7977918774141255,,,,,,,,,,,,,,,0,0.0,,,,,,,,,0,,NavFnDijkstra,df16743f67abae5da5c8af64a99fcb50b4b76e458148d665063ef892d3cb03e1,137,df16743f67abae5da5c8af64a99fcb50b4b76e458148d665063ef892d3cb03e1,0,1,central_south_to_north,True,2.8365169124696887,2.4985553917641545,6.7977918774141255,1,0.008825181999782217
0.0,10.747378413845741,0.012156657401098366,0.0012995412771697572,,0.586673440234262,0.2146446641391273,0.26464466488418537,0,293,,,,,,,,,,,,,6.32590194384936,savitzky_golay,0.05,272,f2a3d9c615f69a0cbae4b0fc7bf665a599b5b2c20657d05230744c67aa2951d5,6.811794423630275,,,,,,,,,,,,,,,0,0.0,,,,,,,,,0,,NavFnDijkstra,df16743f67abae5da5c8af64a99fcb50b4b76e458148d665063ef892d3cb03e1,138,df16743f67abae5da5c8af64a99fcb50b4b76e458148d665063ef892d3cb03e1,0,1,central_south_to_north,True,10.747378413845741,6.32590194384936,6.811794423630275,1,0.008654352000121435
0.024,19.210359342581533,0.013581801008643087,0.002284714022697786,,0.5945945253638399,0.2146446641391273,0.26464466488418537,0,311,,,,,,,,,,,,,9.954218787542874,constrained,0.05,272,17f44fa200162162028be26b823a388e7a7da679d8de926ab1b5a1b734a0609b,6.826289206675046,,,,,,,,,,,,,,,0,0.0,,,,,,,,,0,,NavFnDijkstra,df16743f67abae5da5c8af64a99fcb50b4b76e458148d665063ef892d3cb03e1,138,df16743f67abae5da5c8af64a99fcb50b4b76e458148d665063ef892d3cb03e1,0,1,central_south_to_north,True,19.210359342581533,9.954218787542874,6.826289206675046,1,0.030730356999811193
0.003,6.758697818332731,0.03663676323720597,0.021362423516663488,,0.5258757990458305,0.26464466488418537,0.26464466488418537,0,188,,,,,,,,,,,,,9.620688624396678,pivot_g2_fixed,0.05,176,42338bc7031d00ddbe0fd842ca0d463263b83839746a16fe4f8b0445b0a5576e,6.803793707088585,0,13,272,0.04,0.0366635,6,0,4,"[{'index': 0, 'radius_min': 0, 'radius_max': 0, 'trim_min': 0, 'trim_max': 0, 'evaluations': 9, 'safe_feasible': 4, 'states': 0, 'selected_radius': 0.6, 'selected_trim': 0.0807434, 'selected_score': 0.906039}, {'index': 1, 'radius_min': 0, 'radius_max': 0, 'trim_min': 0, 'trim_max': 0, 'evaluations': 9, 'safe_feasible': 3, 'states': 0, 'selected_radius': 0.4, 'selected_trim': 0.0845575, 'selected_score': 0.75}, {'index': 2, 'radius_min': 0, 'radius_max': 0, 'trim_min': 0, 'trim_max': 0, 'evaluations': 9, 'safe_feasible': 8, 'states': 0, 'selected_radius': 1.5, 'selected_trim': 0.134072, 'selected_score': 1}, {'index': 3, 'radius_min': 0, 'radius_max': 0, 'trim_min': 0, 'trim_max': 0, 'evaluations': 9, 'safe_feasible': 0, 'states': 0, 'selected_radius': 0, 'selected_trim': 0, 'selected_score': 0}]",4,0,36,none,3,1,0.6627282315481008,200,0.885346,176,1,"{'angular acceleration iteration did not converge': 2, 'transition would overlap an adjacent corner window': 19}",0.00178329,fixed,0.05,0.6627282315481008,15,NavFnDijkstra,df16743f67abae5da5c8af64a99fcb50b4b76e458148d665063ef892d3cb03e1,138,df16743f67abae5da5c8af64a99fcb50b4b76e458148d665063ef892d3cb03e1,0,1,central_south_to_north,True,1.5133926060827958,2.7766094223074402,6.806023426772747,2,0.010358672999700502
0.006,5.574851008900884,0.03663676323720597,0.021363487858689988,,0.5219399386076636,0.26464466488418537,0.26464466488418537,0,197,,,,,,,,,,,,,5.4755133214054466,pivot_g2,0.05,193,632fe0bfe8ac53b18401dc8a21291ce9b06967d2ae1da054d270b068895f218d,6.802516343729227,48,49,272,0.04,0.0366635,6,0,4,"[{'index': 0, 'radius_min': 0.1, 'radius_max': 1.5, 'trim_min': 0.0134572, 'trim_max': 0.201859, 'evaluations': 20, 'safe_feasible': 17, 'states': 6, 'selected_radius': 0.17, 'selected_trim': 0.0228773, 'selected_score': 0.597623}, {'index': 1, 'radius_min': 0.1, 'radius_max': 1.05211, 'trim_min': 0.0211394, 'trim_max': 0.222409, 'evaluations': 20, 'safe_feasible': 16, 'states': 6, 'selected_radius': 0.195211, 'selected_trim': 0.0412663, 'selected_score': 0.661028}, {'index': 2, 'radius_min': 0.1, 'radius_max': 1.5, 'trim_min': 0.00893815, 'trim_max': 0.134072, 'evaluations': 20, 'safe_feasible': 17, 'states': 6, 'selected_radius': 1.5, 'selected_trim': 0.134072, 'selected_score': 0.195494}, {'index': 3, 'radius_min': 0.1, 'radius_max': 0.205524, 'trim_min': 0.034405, 'trim_max': 0.0707105, 'evaluations': 6, 'safe_feasible': 3, 'states': 4, 'selected_radius': 0.205524, 'selected_trim': 0.0707105, 'selected_score': 0.679006}]",4,22,66,none,4,0,0.0,200,0.533288,193,0,"{'angular acceleration iteration did not converge': 6, 'transition requires a reversing inner wheel': 7}",0.00500958,adaptive,0.05,0,53,NavFnDijkstra,df16743f67abae5da5c8af64a99fcb50b4b76e458148d665063ef892d3cb03e1,138,df16743f67abae5da5c8af64a99fcb50b4b76e458148d665063ef892d3cb03e1,0,1,central_south_to_north,True,5.574851008900884,5.4755133214054466,6.802516343729227,1,0.010244079000131023
0.003,2.8365169124696887,0.015620362449337238,0.002795522548200066,,0.6004790558126097,0.25619225950049973,0.26464466488418537,0,273,1.51339,1,144,True,28.5105,228,True,simple_default,simple,2.83652,150,True,2.4985553917641545,adaptive_hybrid_fixed,0.05,272,7c5528725760347af850318e824f49d7da895d1329e2d74a8ea080c02db4c5d6,6.7977918774141255,,,,,,,,,,,,,,,0,0.0,,,,,,,,,0,,NavFnDijkstra,df16743f67abae5da5c8af64a99fcb50b4b76e458148d665063ef892d3cb03e1,137,df16743f67abae5da5c8af64a99fcb50b4b76e458148d665063ef892d3cb03e1,0,1,central_south_to_north,True,2.8365169124696887,2.4985553917641545,6.7977918774141255,1,0.009948905000328523
0.006,2.8365169124696887,0.015620362449337238,0.002795522548200066,,0.6004790558126097,0.25619225950049973,0.26464466488418537,0,273,5.57485,0,144,True,28.5105,228,True,simple_default,simple,2.83652,150,True,2.4985553917641545,adaptive_hybrid,0.05,272,7c5528725760347af850318e824f49d7da895d1329e2d74a8ea080c02db4c5d6,6.7977918774141255,,,,,,,,,,,,,,,0,0.0,,,,,,,,,0,,NavFnDijkstra,df16743f67abae5da5c8af64a99fcb50b4b76e458148d665063ef892d3cb03e1,137,df16743f67abae5da5c8af64a99fcb50b4b76e458148d665063ef892d3cb03e1,0,1,central_south_to_north,True,2.8365169124696887,2.4985553917641545,6.7977918774141255,1,0.013308055999914359
0.0,15.864471914485648,2.220446049250313e-16,6.625625270052926e-17,,0.439386209693902,0.18825146149581692,0.23390290478282266,0,285,,,,,,,,,,,,,8.690954392223196,raw,0.05,264,0b32db3abf5f8a3ef9364cad064db0a465add72ecfd3938e4bd1c79ed7febeb6,6.640272477201797,,,,,,,,,,,,,,,0,0.0,,,,,,,,,0,,NavFnDijkstra,0b32db3abf5f8a3ef9364cad064db0a465add72ecfd3938e4bd1c79ed7febeb6,134,0b32db3abf5f8a3ef9364cad064db0a465add72ecfd3938e4bd1c79ed7febeb6,0,1,right_south_to_north,True,15.864471914485648,8.690954392223196,6.640272477201797,1,0.00879874500014921
0.0,2.4052682229266042,0.02071150847375202,0.0026476112512510363,,0.45512867306086086,0.2808724311428359,0.30005486203680687,0,297,,,,,,,,,,,,,2.715124757755204,simple,0.05,264,66c956f01da544af7e43dc0eff4239a43c317c8d3680d421007ff47cd8eb26fe,6.623034674534504,,,,,,,,,,,,,,,0,0.0,,,,,,,,,0,,NavFnDijkstra,0b32db3abf5f8a3ef9364cad064db0a465add72ecfd3938e4bd1c79ed7febeb6,134,0b32db3abf5f8a3ef9364cad064db0a465add72ecfd3938e4bd1c79ed7febeb6,0,1,right_south_to_north,True,2.4052682229266042,2.715124757755204,6.623034674534504,1,0.007038150999960635
0.0,6.789273634185625,0.007680887166826596,0.0010062201481695317,,0.45428509674214196,0.2808724311428359,0.30005486203680687,0,305,,,,,,,,,,,,,4.815874407553831,savitzky_golay,0.05,264,79d3ea8c67e0b0249afa414e302253961676df2a91bc36a4340520ef8d5113d2,6.633686807817563,,,,,,,,,,,,,,,0,0.0,,,,,,,,,0,,NavFnDijkstra,0b32db3abf5f8a3ef9364cad064db0a465add72ecfd3938e4bd1c79ed7febeb6,134,0b32db3abf5f8a3ef9364cad064db0a465add72ecfd3938e4bd1c79ed7febeb6,0,1,right_south_to_north,True,6.789273634185625,4.815874407553831,6.633686807817563,1,0.009247492000213242
0.015000000000000001,10.728792163817268,0.014634268172845287,0.0019324110856085285,,0.4673447227026752,0.28480087705617874,0.30005486203680687,0,293,,,,,,,,,,,,,10.071886840004971,constrained,0.05,264,b4ed4ecd07ddd95649b93b8acd5a2e0d3f6a454045f8f87b4db632b3dc371a98,6.644710476431343,,,,,,,,,,,,,,,0,0.0,,,,,,,,,0,,NavFnDijkstra,0b32db3abf5f8a3ef9364cad064db0a465add72ecfd3938e4bd1c79ed7febeb6,134,0b32db3abf5f8a3ef9364cad064db0a465add72ecfd3938e4bd1c79ed7febeb6,0,1,right_south_to_north,True,10.728792163817268,10.071886840004971,6.644710476431343,1,0.021139953999863792
0.003,9.073928366601773,0.023017191668397722,0.00868204013531744,,0.4233502865226292,0.2808724311428359,0.2808724311428359,0,239,,,,,,,,,,,,,11.741955956810056,pivot_g2_fixed,0.05,227,d37a539b90ae120c17c5e997749858f18d10648e0d2b92619efbcb982853dd6d,6.625973325678257,0,34,264,0.04,0.0231024,9,0,7,"[{'index': 0, 'radius_min': 0, 'radius_max': 0, 'trim_min': 0, 'trim_max': 0, 'evaluations': 9, 'safe_feasible': 7, 'states': 0, 'selected_radius': 1.5, 'selected_trim': 0.123994, 'selected_score': 1}, {'index': 1, 'radius_min': 0, 'radius_max': 0, 'trim_min': 0, 'trim_max': 0, 'evaluations': 9, 'safe_feasible': 7, 'states': 0, 'selected_radius': 1, 'selected_trim': 0.147853, 'selected_score': 0.8621}, {'index': 2, 'radius_min': 0, 'radius_max': 0, 'trim_min': 0, 'trim_max': 0, 'evaluations': 9, 'safe_feasible': 7, 'states': 0, 'selected_radius': 1.5, 'selected_trim': 0.106507, 'selected_score': 0.845811}, {'index': 3, 'radius_min': 0, 'radius_max': 0, 'trim_min': 0, 'trim_max': 0, 'evaluations': 9, 'safe_feasible': 3, 'states': 0, 'selected_radius': 0.4, 'selected_trim': 0.0860482, 'selected_score': 0.9}, {'index': 4, 'radius_min': 0, 'radius_max': 0, 'trim_min': 0, 'trim_max': 0, 'evaluations': 9, 'safe_feasible': 4, 'states': 0, 'selected_radius': 0.5, 'selected_trim': 0.0740809, 'selected_score': 0.825}, {'index': 5, 'radius_min': 0, 'radius_max': 0, 'trim_min': 0, 'trim_max': 0, 'evaluations': 9, 'safe_feasible': 7, 'states': 0, 'selected_radius': 1.5, 'selected_trim': 0.0575295, 'selected_score': 0.996192}, {'index': 6, 'radius_min': 0, 'radius_max': 0, 'trim_min': 0, 'trim_max': 0, 'evaluations': 9, 'safe_feasible': 0, 'states': 0, 'selected_radius': 0, 'selected_trim': 0, 'selected_score': 0}]",7,0,63,none,6,1,0.6755693446671889,200,0.904851,227,1,"{'angular acceleration iteration did not converge': 8, 'transition would overlap an adjacent corner window': 20}",0.00436209,fixed,0.05,0.6755693446671889,35,NavFnDijkstra,0b32db3abf5f8a3ef9364cad064db0a465add72ecfd3938e4bd1c79ed7febeb6,134,0b32db3abf5f8a3ef9364cad064db0a465add72ecfd3938e4bd1c79ed7febeb6,0,1,right_south_to_north,True,2.0688165044048112,2.8031359574208246,6.627284596307068,2,0.010698264999973617
0.006,5.826729837324889,0.023017191668397722,0.008899647961375146,,0.41722273606397664,0.2808724311428359,0.2808724311428359,0,256,,,,,,,,,,,,,5.6693413442462015,pivot_g2,0.05,251,1766ebd3f86cd7acd6667e629ec551590cc206cdfa368c1c56d1f447c9a2f45f,6.622300143150252,172,87,264,0.04,0.0231024,9,0,7,"[{'index': 0, 'radius_min': 0.1, 'radius_max': 1.5, 'trim_min': 0.00826627, 'trim_max': 0.123994, 'evaluations': 20, 'safe_feasible': 17, 'states': 6, 'selected_radius': 1.5, 'selected_trim': 0.123994, 'selected_score': 0.106684}, {'index': 1, 'radius_min': 0.1, 'radius_max': 1.5, 'trim_min': 0.0147853, 'trim_max': 0.221779, 'evaluations': 20, 'safe_feasible': 17, 'states': 6, 'selected_radius': 1.5, 'selected_trim': 0.221779, 'selected_score': 0.245084}, {'index': 2, 'radius_min': 0.1, 'radius_max': 1.5, 'trim_min': 0.00710044, 'trim_max': 0.106507, 'evaluations': 11, 'safe_feasible': 9, 'states': 6, 'selected_radius': 1.5, 'selected_trim': 0.106507, 'selected_score': 0.170228}, {'index': 3, 'radius_min': 0.1, 'radius_max': 1.02987, 'trim_min': 0.021512, 'trim_max': 0.221546, 'evaluations': 20, 'safe_feasible': 16, 'states': 6, 'selected_radius': 0.192987, 'selected_trim': 0.0415155, 'selected_score': 0.650031}, {'index': 4, 'radius_min': 0.1, 'radius_max': 1.4953, 'trim_min': 0.0148162, 'trim_max': 0.221546, 'evaluations': 20, 'safe_feasible': 17, 'states': 6, 'selected_radius': 0.483707, 'selected_trim': 0.071667, 'selected_score': 0.418633}, {'index': 5, 'radius_min': 0.1, 'radius_max': 1.5, 'trim_min': 0.0038353, 'trim_max': 0.0575295, 'evaluations': 11, 'safe_feasible': 9, 'states': 6, 'selected_radius': 1.5, 'selected_trim': 0.0575295, 'selected_score': 0.121638}, {'index': 6, 'radius_min': 0.1, 'radius_max': 0.201314, 'trim_min': 0.0351246, 'trim_max': 0.0707107, 'evaluations': 6, 'safe_feasible': 3, 'states': 4, 'selected_radius': 0.201314, 'selected_trim': 0.0707107, 'selected_score': 0.683965}]",7,40,108,none,7,0,0.0,200,0.342323,251,0,"{'angular acceleration iteration did not converge': 10, 'transition requires a reversing inner wheel': 10}",0.00610673,adaptive,0.05,0,88,NavFnDijkstra,0b32db3abf5f8a3ef9364cad064db0a465add72ecfd3938e4bd1c79ed7febeb6,134,0b32db3abf5f8a3ef9364cad064db0a465add72ecfd3938e4bd1c79ed7febeb6,0,1,right_south_to_north,True,5.826729837324889,5.6693413442462015,6.622300143150252,1,0.012602169000274444
0.006,2.4052682229266042,0.02071150847375202,0.0026476112512510363,,0.45512867306086086,0.2808724311428359,0.30005486203680687,0,297,2.06882,1,144,True,15.8645,221,True,simple_default,simple,2.40527,135,True,2.715124757755204,adaptive_hybrid_fixed,0.05,264,66c956f01da544af7e43dc0eff4239a43c317c8d3680d421007ff47cd8eb26fe,6.623034674534504,,,,,,,,,,,,,,,0,0.0,,,,,,,,,0,,NavFnDijkstra,0b32db3abf5f8a3ef9364cad064db0a465add72ecfd3938e4bd1c79ed7febeb6,134,0b32db3abf5f8a3ef9364cad064db0a465add72ecfd3938e4bd1c79ed7febeb6,0,1,right_south_to_north,True,2.4052682229266042,2.715124757755204,6.623034674534504,1,0.010685455000384536
0.006,2.4052682229266042,0.02071150847375202,0.0026476112512510363,,0.45512867306086086,0.2808724311428359,0.30005486203680687,0,297,5.82673,0,144,True,15.8645,221,True,simple_default,simple,2.40527,135,True,2.715124757755204,adaptive_hybrid,0.05,264,66c956f01da544af7e43dc0eff4239a43c317c8d3680d421007ff47cd8eb26fe,6.623034674534504,,,,,,,,,,,,,,,0,0.0,,,,,,,,,0,,NavFnDijkstra,0b32db3abf5f8a3ef9364cad064db0a465add72ecfd3938e4bd1c79ed7febeb6,134,0b32db3abf5f8a3ef9364cad064db0a465add72ecfd3938e4bd1c79ed7febeb6,0,1,right_south_to_north,True,2.4052682229266042,2.715124757755204,6.623034674534504,1,0.016342162000000826
0.0,9.208640685884915e-11,0.0,0.0,,0.5146446686094758,0.5146446686094757,0.5146446686094757,0,112,,,,,,,,,,,,,4.291536335176199e-05,raw,0.05,110,1d42386cca9a7372817d3620841662533ccd7594b83a2a609ffe355668937b9c,2.7999999850989536,,,,,,,,,,,,,,,0,0.0,,,,,,,,,0,,NavFnDijkstra,1d42386cca9a7372817d3620841662533ccd7594b83a2a609ffe355668937b9c,57,1d42386cca9a7372817d3620841662533ccd7594b83a2a609ffe355668937b9c,0,1,upper_open_short,True,9.208640685884915e-11,4.291536335176199e-05,2.7999999850989536,1,0.003045582000140712
0.0,2.797995831056164e-12,6.727822166041619e-08,1.032890788290622e-08,,0.5146446686094759,0.5146446686094757,0.5146446686094757,0,110,,,,,,,,,,,,,4.6023853172990104e-06,simple,0.05,110,110ed904ab240ef7d031aa8f3038f84cacf728c995b6690669ecc8369ad4a1ed,2.7999999850988697,,,,,,,,,,,,,,,0,0.0,,,,,,,,,0,,NavFnDijkstra,1d42386cca9a7372817d3620841662533ccd7594b83a2a609ffe355668937b9c,57,1d42386cca9a7372817d3620841662533ccd7594b83a2a609ffe355668937b9c,0,1,upper_open_short,True,2.797995831056164e-12,4.6023853172990104e-06,2.7999999850988697,1,0.005722728999899118
0.0,1.155217345508268e-11,4.8415617737163075e-08,6.591110026953787e-09,,0.5146446686094759,0.5146446686094757,0.5146446686094757,0,110,,,,,,,,,,,,,9.222650732000944e-06,savitzky_golay,0.05,110,0f8fa80675560d80449c602c7150e18465496cf4e9b79527772ecce8a3f2ebc4,2.7999999850988915,,,,,,,,,,,,,,,0,0.0,,,,,,,,,0,,NavFnDijkstra,1d42386cca9a7372817d3620841662533ccd7594b83a2a609ffe355668937b9c,57,1d42386cca9a7372817d3620841662533ccd7594b83a2a609ffe355668937b9c,0,1,upper_open_short,True,1.155217345508268e-11,9.222650732000944e-06,2.7999999850988915,1,0.005622940999728598
0.0,9.208640685884915e-11,0.0,0.0,,0.5146446686094758,0.5146446686094757,0.5146446686094757,0,112,,,,,,,,,,,,,4.291536335176199e-05,constrained,0.05,110,1d42386cca9a7372817d3620841662533ccd7594b83a2a609ffe355668937b9c,2.7999999850989536,,,,,,,,,,,,,,,0,0.0,,,,,,,,,0,,NavFnDijkstra,1d42386cca9a7372817d3620841662533ccd7594b83a2a609ffe355668937b9c,57,1d42386cca9a7372817d3620841662533ccd7594b83a2a609ffe355668937b9c,0,1,upper_open_short,True,9.208640685884915e-11,4.291536335176199e-05,2.7999999850989536,1,0.006283055000039894
0.0,5.377133488725522e-26,1.0537249739428489e-07,6.05742964155003e-08,,0.5146446686094758,0.5146446686094757,0.5146446686094757,0,57,,,,,,,,,,,,,3.552713748283655e-13,pivot_g2_fixed,0.05,57,6dc2339dac10d593477aec67bd71434797c5c109e9cfd86667a23a364c1ff631,2.7999999850988404,0,0,110,0.04,1.05372e-07,2,0,1,[],0,0,0,none,0,0,0.0,200,0,57,0,{},0.000163557,fixed,0.05,0,0,NavFnDijkstra,1d42386cca9a7372817d3620841662533ccd7594b83a2a609ffe355668937b9c,57,1d42386cca9a7372817d3620841662533ccd7594b83a2a609ffe355668937b9c,0,1,upper_open_short,True,5.377133488725522e-26,3.552713748283655e-13,2.7999999850988404,1,0.005675772999893525
0.0,5.377133488725522e-26,1.0537249739428489e-07,6.05742964155003e-08,,0.5146446686094758,0.5146446686094757,0.5146446686094757,0,57,,,,,,,,,,,,,3.552713748283655e-13,pivot_g2,0.05,57,6dc2339dac10d593477aec67bd71434797c5c109e9cfd86667a23a364c1ff631,2.7999999850988404,0,0,110,0.04,1.05372e-07,2,0,1,[],0,0,0,none,0,0,0.0,200,0,57,0,{},0.000169208,adaptive,0.05,0,0,NavFnDijkstra,1d42386cca9a7372817d3620841662533ccd7594b83a2a609ffe355668937b9c,57,1d42386cca9a7372817d3620841662533ccd7594b83a2a609ffe355668937b9c,0,1,upper_open_short,True,5.377133488725522e-26,3.552713748283655e-13,2.7999999850988404,1,0.004959978999977466
0.0,2.797995831056164e-12,6.727822166041619e-08,1.032890788290622e-08,,0.5146446686094759,0.5146446686094757,0.5146446686094757,0,110,5.37713e-26,0,0,True,9.20864e-11,0,True,simple_default,simple,2.798e-12,0,True,4.6023853172990104e-06,adaptive_hybrid_fixed,0.05,110,110ed904ab240ef7d031aa8f3038f84cacf728c995b6690669ecc8369ad4a1ed,2.7999999850988697,,,,,,,,,,,,,,,0,0.0,,,,,,,,,0,,NavFnDijkstra,1d42386cca9a7372817d3620841662533ccd7594b83a2a609ffe355668937b9c,57,1d42386cca9a7372817d3620841662533ccd7594b83a2a609ffe355668937b9c,0,1,upper_open_short,True,2.797995831056164e-12,4.6023853172990104e-06,2.7999999850988697,1,0.005699914000160788
0.0,2.797995831056164e-12,6.727822166041619e-08,1.032890788290622e-08,,0.5146446686094759,0.5146446686094757,0.5146446686094757,0,110,5.37713e-26,0,0,True,9.20864e-11,0,True,simple_default,simple,2.798e-12,0,True,4.6023853172990104e-06,adaptive_hybrid,0.05,110,110ed904ab240ef7d031aa8f3038f84cacf728c995b6690669ecc8369ad4a1ed,2.7999999850988697,,,,,,,,,,,,,,,0,0.0,,,,,,,,,0,,NavFnDijkstra,1d42386cca9a7372817d3620841662533ccd7594b83a2a609ffe355668937b9c,57,1d42386cca9a7372817d3620841662533ccd7594b83a2a609ffe355668937b9c,0,1,upper_open_short,True,2.797995831056164e-12,4.6023853172990104e-06,2.7999999850988697,1,0.006928359000085038
0.0,40.33961255535338,4.440892098500626e-16,4.858280161431457e-17,,0.4460433015490947,0.16464466339406925,0.20144806281747213,0,191,,,,,,,,,,,,,11.188062975683083,raw,0.05,184,4e4d3b20213fd9eb197dcfb89165a4251605367101bfe05717c478e12ea3dc51,4.605420969551186,,,,,,,,,,,,,,,0,0.0,,,,,,,,,0,,NavFnDijkstra,4e4d3b20213fd9eb197dcfb89165a4251605367101bfe05717c478e12ea3dc51,94,4e4d3b20213fd9eb197dcfb89165a4251605367101bfe05717c478e12ea3dc51,0,1,lower_left_diagonal,True,40.33961255535338,11.188062975683083,4.605420969551186,1,0.004106503999992128
0.0,4.255078464033737,0.01621639265423832,0.0037419171831151654,,0.438677314729006,0.25619225950049973,0.25619225950049973,0,189,,,,,,,,,,,,,4.256145698877948,simple,0.05,184,ef1b01e28800a81e3d0c7b3406c06fce278a691eb83bf1c9210309fa42ce9131,4.573405657011542,,,,,,,,,,,,,,,0,0.0,,,,,,,,,0,,NavFnDijkstra,4e4d3b20213fd9eb197dcfb89165a4251605367101bfe05717c478e12ea3dc51,93,4e4d3b20213fd9eb197dcfb89165a4251605367101bfe05717c478e12ea3dc51,0,1,lower_left_diagonal,True,4.255078464033737,4.256145698877948,4.573405657011542,1,0.007482112999696255
0.0,16.21070343360892,0.0060283609705446915,0.001471908655099608,,0.42292472799774605,0.2146446641391273,0.23390290478282266,0,210,,,,,,,,,,,,,8.38317618419889,savitzky_golay,0.05,184,3ccfc09146bdbe1bc2ed76db54d5e18233ce472cde08a4bf0439c6c92619c6a4,4.592346483457236,,,,,,,,,,,,,,,0,0.0,,,,,,,,,0,,NavFnDijkstra,4e4d3b20213fd9eb197dcfb89165a4251605367101bfe05717c478e12ea3dc51,93,4e4d3b20213fd9eb197dcfb89165a4251605367101bfe05717c478e12ea3dc51,0,1,lower_left_diagonal,True,16.21070343360892,8.38317618419889,4.592346483457236,1,0.007218018999992637
0.012,27.840236044840257,0.0036612409212370403,0.0009693973812175026,,0.41579563774736034,0.2146446641391273,0.23390290478282266,0,227,,,,,,,,,,,,,8.763867015803648,constrained,0.05,184,24d0c2df4d7cdb1092ceae1341cea5ca693746ca846447ed76b3968723a99299,4.602542231918007,,,,,,,,,,,,,,,0,0.0,,,,,,,,,0,,NavFnDijkstra,4e4d3b20213fd9eb197dcfb89165a4251605367101bfe05717c478e12ea3dc51,94,4e4d3b20213fd9eb197dcfb89165a4251605367101bfe05717c478e12ea3dc51,0,1,lower_left_diagonal,True,27.840236044840257,8.763867015803648,4.602542231918007,1,0.016222600000219245
0.003,2.208366661357616,0.03323459321260102,0.015373506546297178,,0.4100694647710084,0.25619225950049973,0.25619225950049973,0,146,,,,,,,,,,,,,2.2851515510590565,pivot_g2_fixed,0.05,141,d95e3577b00af322547d5f1d0114bf7e2ba76abad5962b6525d6cbe52fc120e8,4.562816569825068,0,20,184,0.04,0.0334423,6,0,5,"[{'index': 0, 'radius_min': 0, 'radius_max': 0, 'trim_min': 0, 'trim_max': 0, 'evaluations': 9, 'safe_feasible': 8, 'states': 0, 'selected_radius': 1.25, 'selected_trim': 0.136039, 'selected_score': 0.90527}, {'index': 1, 'radius_min': 0, 'radius_max': 0, 'trim_min': 0, 'trim_max': 0, 'evaluations': 9, 'safe_feasible': 4, 'states': 0, 'selected_radius': 0.5, 'selected_trim': 0.125138, 'selected_score': 0.889276}, {'index': 2, 'radius_min': 0, 'radius_max': 0, 'trim_min': 0, 'trim_max': 0, 'evaluations': 9, 'safe_feasible': 4, 'states': 0, 'selected_radius': 0.5, 'selected_trim': 0.129876, 'selected_score': 0.756758}, {'index': 3, 'radius_min': 0, 'radius_max': 0, 'trim_min': 0, 'trim_max': 0, 'evaluations': 9, 'safe_feasible': 7, 'states': 0, 'selected_radius': 1.5, 'selected_trim': 0.0605801, 'selected_score': 1}]",4,0,36,none,4,0,0.0,200,0.887826,141,0,"{'angular acceleration iteration did not converge': 3, 'transition would overlap an adjacent corner window': 10}",0.00262021,fixed,0.05,0,23,NavFnDijkstra,4e4d3b20213fd9eb197dcfb89165a4251605367101bfe05717c478e12ea3dc51,93,4e4d3b20213fd9eb197dcfb89165a4251605367101bfe05717c478e12ea3dc51,0,1,lower_left_diagonal,True,2.208366661357616,2.2851515510590565,4.562816569825068,1,0.006792814999698749
0.006,4.1671607124528425,0.033234593212601464,0.015256839482058995,,0.399477371193115,0.26464466488418537,0.26464466488418537,0,169,,,,,,,,,,,,,5.458338558141136,pivot_g2,0.05,164,78b8673da37e998236b58586b8360f494c693ecff53f16513e55c550ecd4e769,4.567922380723405,60,58,184,0.04,0.0334423,6,0,5,"[{'index': 0, 'radius_min': 0.1, 'radius_max': 1.5, 'trim_min': 0.0108831, 'trim_max': 0.163247, 'evaluations': 20, 'safe_feasible': 17, 'states': 6, 'selected_radius': 1.5, 'selected_trim': 0.163247, 'selected_score': 0.210189}, {'index': 1, 'radius_min': 0.1, 'radius_max': 1.17526, 'trim_min': 0.0250275, 'trim_max': 0.294139, 'evaluations': 20, 'safe_feasible': 17, 'states': 6, 'selected_radius': 0.207526, 'selected_trim': 0.0519387, 'selected_score': 0.668783}, {'index': 2, 'radius_min': 0.1, 'radius_max': 1.13238, 'trim_min': 0.0259752, 'trim_max': 0.294139, 'evaluations': 20, 'safe_feasible': 18, 'states': 6, 'selected_radius': 0.203238, 'selected_trim': 0.0527916, 'selected_score': 0.685995}, {'index': 3, 'radius_min': 0.1, 'radius_max': 1.5, 'trim_min': 0.00403867, 'trim_max': 0.0605801, 'evaluations': 11, 'safe_feasible': 9, 'states': 6, 'selected_radius': 1.5, 'selected_trim': 0.0605801, 'selected_score': 0.109872}]",4,24,71,none,4,0,0.0,200,0.41871,164,0,"{'angular acceleration iteration did not converge': 4, 'transition requires a reversing inner wheel': 6}",0.00586977,adaptive,0.05,0,61,NavFnDijkstra,4e4d3b20213fd9eb197dcfb89165a4251605367101bfe05717c478e12ea3dc51,93,4e4d3b20213fd9eb197dcfb89165a4251605367101bfe05717c478e12ea3dc51,0,1,lower_left_diagonal,True,4.1671607124528425,5.458338558141136,4.567922380723405,1,0.010236871999950381
0.006,4.255078464033737,0.01621639265423832,0.0037419171831151654,,0.438677314729006,0.25619225950049973,0.25619225950049973,0,189,2.20837,0,161,True,40.3396,251,True,simple_default,simple,4.25508,177,True,4.256145698877948,adaptive_hybrid_fixed,0.05,184,ef1b01e28800a81e3d0c7b3406c06fce278a691eb83bf1c9210309fa42ce9131,4.573405657011542,,,,,,,,,,,,,,,0,0.0,,,,,,,,,0,,NavFnDijkstra,4e4d3b20213fd9eb197dcfb89165a4251605367101bfe05717c478e12ea3dc51,93,4e4d3b20213fd9eb197dcfb89165a4251605367101bfe05717c478e12ea3dc51,0,1,lower_left_diagonal,True,4.255078464033737,4.256145698877948,4.573405657011542,1,0.010562059999756457
0.006,4.255078464033737,0.01621639265423832,0.0037419171831151654,,0.438677314729006,0.25619225950049973,0.25619225950049973,0,189,4.16716,0,161,True,40.3396,251,True,simple_default,simple,4.25508,177,True,4.256145698877948,adaptive_hybrid,0.05,184,ef1b01e28800a81e3d0c7b3406c06fce278a691eb83bf1c9210309fa42ce9131,4.573405657011542,,,,,,,,,,,,,,,0,0.0,,,,,,,,,0,,NavFnDijkstra,4e4d3b20213fd9eb197dcfb89165a4251605367101bfe05717c478e12ea3dc51,93,4e4d3b20213fd9eb197dcfb89165a4251605367101bfe05717c478e12ea3dc51,0,1,lower_left_diagonal,True,4.255078464033737,4.256145698877948,4.573405657011542,1,0.011024340000403754
0.0,2.0526654298908484,6.938893903907228e-18,5.703735654108328e-19,,0.7144474719628296,0.685754926252015,0.7146446715897079,0,293,,,,,,,,,,,,,6.407285764935509,raw,0.05,147,73bde47ed81d3aca718888a39bc5a7a80487be818a72a5bd638174e5af5bc2cf,7.329056887785578,,,,,,,,,,,,,,,0,0.0,,,,,,,,,0,,ThetaStar,add2ed7455133f04c01841cf099b6b1df721535004bdbce80ec899711a5b8c65,148,73bde47ed81d3aca718888a39bc5a7a80487be818a72a5bd638174e5af5bc2cf,0,1,straight_lower_aisle,True,2.0526654298908484,6.407285764935509,7.329056887785578,1,0.004914694000035524
0.0,0.045720521778926514,0.014979469125724945,0.0017072872555919257,,0.7129116357624695,0.6646446708446498,0.7146446715897079,0,293,,,,,,,,,,,,,0.49764171390092304,simple,0.05,147,838e6943fe13c134cae0613bfcf93e521bd80af9c43effec8d0191e23379386c,7.326099034019711,,,,,,,,,,,,,,,0,0.0,,,,,,,,,0,,ThetaStar,add2ed7455133f04c01841cf099b6b1df721535004bdbce80ec899711a5b8c65,148,73bde47ed81d3aca718888a39bc5a7a80487be818a72a5bd638174e5af5bc2cf,0,1,straight_lower_aisle,True,0.045720521778926514,0.49764171390092304,7.326099034019711,1,0.007448571000168158
0.0,0.24705621565994762,0.009705447992795487,0.0008995721486090075,,0.7132138663409684,0.6646446708446498,0.7146446715897079,0,285,,,,,,,,,,,,,1.5012237208470818,savitzky_golay,0.05,147,b015e0ee09776f98ba9143890102caf265c4abca5107c24a86d8abea4e525b55,7.327111829187131,,,,,,,,,,,,,,,0,0.0,,,,,,,,,0,,ThetaStar,add2ed7455133f04c01841cf099b6b1df721535004bdbce80ec899711a5b8c65,148,73bde47ed81d3aca718888a39bc5a7a80487be818a72a5bd638174e5af5bc2cf,0,1,straight_lower_aisle,True,0.24705621565994762,1.5012237208470818,7.327111829187131,1,0.006486620000032417
0.015000000000000001,1.106765354012469,0.00932706815791251,0.0011825788660869637,,0.7124345643210861,0.6646446708446498,0.7146446715897079,0,275,,,,,,,,,,,,,3.2234744238256687,constrained,0.05,147,84a01903894bd7fdf0466edb8660e89fdcd8d38fea59d115f8a1d51788c36f22,7.330117744337817,,,,,,,,,,,,,,,0,0.0,,,,,,,,,0,,ThetaStar,add2ed7455133f04c01841cf099b6b1df721535004bdbce80ec899711a5b8c65,148,73bde47ed81d3aca718888a39bc5a7a80487be818a72a5bd638174e5af5bc2cf,0,1,straight_lower_aisle,True,1.106765354012469,3.2234744238256687,7.330117744337817,1,0.015905237999959354
0.0,2.2985926650891687e-25,0.024573221614323515,0.014213666759509032,,0.7144494706076967,0.685754926252015,0.7146446715897079,0,148,,,,,,,,,,,,,3.5588936311837006e-13,pivot_g2_fixed,0.05,148,bb01973f00ebf3e8b52fe41b42b576420ad6a60bb1cf814f3213a6dd38bf79b4,7.3250426101609865,0,0,147,0.04,0.0247439,2,0,1,[],0,0,0,none,0,0,0.0,200,0,148,0,{},0.000194692,fixed,0.05,0,0,ThetaStar,add2ed7455133f04c01841cf099b6b1df721535004bdbce80ec899711a5b8c65,148,73bde47ed81d3aca718888a39bc5a7a80487be818a72a5bd638174e5af5bc2cf,0,1,straight_lower_aisle,True,2.2985926650891687e-25,3.5588936311837006e-13,7.3250426101609865,1,0.00729941300005521
0.0,2.2985926650891687e-25,0.024573221614323515,0.014213666759509032,,0.7144494706076967,0.685754926252015,0.7146446715897079,0,148,,,,,,,,,,,,,3.5588936311837006e-13,pivot_g2,0.05,148,bb01973f00ebf3e8b52fe41b42b576420ad6a60bb1cf814f3213a6dd38bf79b4,7.3250426101609865,0,0,147,0.04,0.0247439,2,0,1,[],0,0,0,none,0,0,0.0,200,0,148,0,{},0.000246132,adaptive,0.05,0,0,ThetaStar,add2ed7455133f04c01841cf099b6b1df721535004bdbce80ec899711a5b8c65,148,73bde47ed81d3aca718888a39bc5a7a80487be818a72a5bd638174e5af5bc2cf,0,1,straight_lower_aisle,True,2.2985926650891687e-25,3.5588936311837006e-13,7.3250426101609865,1,0.007676609000100143
0.0,0.045720521778926514,0.014979469125724945,0.0017072872555919257,,0.7129116357624695,0.6646446708446498,0.7146446715897079,0,293,2.29859e-25,0,0,True,2.05267,0,True,simple_default,simple,0.0457205,0,True,0.49764171390092304,adaptive_hybrid_fixed,0.05,147,838e6943fe13c134cae0613bfcf93e521bd80af9c43effec8d0191e23379386c,7.326099034019711,,,,,,,,,,,,,,,0,0.0,,,,,,,,,0,,ThetaStar,add2ed7455133f04c01841cf099b6b1df721535004bdbce80ec899711a5b8c65,148,73bde47ed81d3aca718888a39bc5a7a80487be818a72a5bd638174e5af5bc2cf,0,1,straight_lower_aisle,True,0.045720521778926514,0.49764171390092304,7.326099034019711,1,0.007764052999846172
0.003,0.045720521778926514,0.014979469125724945,0.0017072872555919257,,0.7129116357624695,0.6646446708446498,0.7146446715897079,0,293,2.29859e-25,0,0,True,2.05267,0,True,simple_default,simple,0.0457205,0,True,0.49764171390092304,adaptive_hybrid,0.05,147,838e6943fe13c134cae0613bfcf93e521bd80af9c43effec8d0191e23379386c,7.326099034019711,,,,,,,,,,,,,,,0,0.0,,,,,,,,,0,,ThetaStar,add2ed7455133f04c01841cf099b6b1df721535004bdbce80ec899711a5b8c65,148,73bde47ed81d3aca718888a39bc5a7a80487be818a72a5bd638174e5af5bc2cf,0,1,straight_lower_aisle,True,0.045720521778926514,0.49764171390092304,7.326099034019711,1,0.00581998100005876
0.003,18.027363868050614,4.440892098500626e-16,1.3063958923854638e-16,,0.35706915160147923,0.10606601875848895,0.13938130659962022,0,136,,,,,,,,,,,,,13.956952205240771,raw,0.05,68,b95fa49efd9f19c1bdd5e376a548ac8e62ee1a9d1d326a4b8aa7fdb0bde28139,3.82736907403516,,,,,,,,,,,,,,,0,0.0,,,,,,,,,0,,ThetaStar,ea9dca7a3ff310994678f42ba1f3459213181f17bbe29fd9a831eda656e2f44c,78,b95fa49efd9f19c1bdd5e376a548ac8e62ee1a9d1d326a4b8aa7fdb0bde28139,0,1,crate_detour,True,18.027363868050614,13.956952205240771,3.82736907403516,1,0.003790017000028456
0.0,1.9136391398294155,0.03856475662611575,0.010778411486597363,,0.3636658524330667,0.17677669793081488,0.18825146149581692,0,144,,,,,,,,,,,,,2.075042854080492,simple,0.05,68,586b6530768ae9bb84db0011db72e3c741f6b5b83c2f5cdb77a09b1123d3bbf2,3.7801456088460537,,,,,,,,,,,,,,,0,0.0,,,,,,,,,0,,ThetaStar,ea9dca7a3ff310994678f42ba1f3459213181f17bbe29fd9a831eda656e2f44c,77,b95fa49efd9f19c1bdd5e376a548ac8e62ee1a9d1d326a4b8aa7fdb0bde28139,0,1,crate_detour,True,1.9136391398294155,2.075042854080492,3.7801456088460537,1,0.004935709000164934
0.0,4.09570321330978,0.012738830024263662,0.003124041957275482,,0.37853531572514315,0.2146446641391273,0.2146446641391273,0,131,,,,,,,,,,,,,4.147738215452254,savitzky_golay,0.05,68,5bb14068d133da78250dab90f3711877ec44f34eede3be8ea0145d65ae0a5f6e,3.8125938245813886,,,,,,,,,,,,,,,0,0.0,,,,,,,,,0,,ThetaStar,ea9dca7a3ff310994678f42ba1f3459213181f17bbe29fd9a831eda656e2f44c,78,b95fa49efd9f19c1bdd5e376a548ac8e62ee1a9d1d326a4b8aa7fdb0bde28139,0,1,crate_detour,True,4.09570321330978,4.147738215452254,3.8125938245813886,1,0.005344033999790554
0.006,4.440599750834275,0.038236288160456364,0.015253164965691233,,0.39993464260256467,0.23390290478282266,0.23390290478282266,0,134,,,,,,,,,,,,,3.2720034940307587,constrained,0.05,68,32df5f6c6e78913ba4338f0b702985df1ff6939ba0c2afd66f88c9abf78f74ad,3.843717689425745,,,,,,,,,,,,,,,0,0.0,,,,,,,,,0,,ThetaStar,ea9dca7a3ff310994678f42ba1f3459213181f17bbe29fd9a831eda656e2f44c,78,b95fa49efd9f19c1bdd5e376a548ac8e62ee1a9d1d326a4b8aa7fdb0bde28139,0,1,crate_detour,True,4.440599750834275,3.2720034940307587,3.843717689425745,1,0.008419382999818481
0.003,2.1721956767068566,0.05507771384422262,0.015499198935879192,,0.3186474075864972,0.18825146149581692,0.2146446641391273,0,235,,,,,,,,,,,,,1.9245002326085956,pivot_g2_fixed,0.05,226,ef69809924d00276c057bb210ba6dba2def6c92d8af1ed8ebc3abc3ff56b9f06,3.7803495980206345,0,21,68,0.04,0.0294514,6,0,5,"[{'index': 0, 'radius_min': 0, 'radius_max': 0, 'trim_min': 0, 'trim_max': 0, 'evaluations': 9, 'safe_feasible': 8, 'states': 0, 'selected_radius': 1.5, 'selected_trim': 0.148529, 'selected_score': 0.85}, {'index': 1, 'radius_min': 0, 'radius_max': 0, 'trim_min': 0, 'trim_max': 0, 'evaluations': 9, 'safe_feasible': 5, 'states': 0, 'selected_radius': 0.6, 'selected_trim': 0.16619, 'selected_score': 0.804207}, {'index': 2, 'radius_min': 0, 'radius_max': 0, 'trim_min': 0, 'trim_max': 0, 'evaluations': 9, 'safe_feasible': 6, 'states': 0, 'selected_radius': 1, 'selected_trim': 0.148547, 'selected_score': 1}, {'index': 3, 'radius_min': 0, 'radius_max': 0, 'trim_min': 0, 'trim_max': 0, 'evaluations': 9, 'safe_feasible': 7, 'states': 0, 'selected_radius': 1, 'selected_trim': 0.401275, 'selected_score': 0.85}]",4,0,36,none,4,0,0.0,200,0.876052,226,0,"{'angular acceleration iteration did not converge': 2, 'transition would overlap an adjacent corner window': 8}",0.0032746,fixed,0.05,0,26,ThetaStar,ea9dca7a3ff310994678f42ba1f3459213181f17bbe29fd9a831eda656e2f44c,77,b95fa49efd9f19c1bdd5e376a548ac8e62ee1a9d1d326a4b8aa7fdb0bde28139,0,1,crate_detour,True,2.1721956767068566,1.9245002326085956,3.7803495980206345,1,0.008698131000073772
0.009000000000000001,2.908120546668198,0.08599327051878394,0.023990536466149553,,0.30678733828039256,0.18825146149581692,0.18825146149581692,0,262,,,,,,,,,,,,,4.650067671898737,pivot_g2,0.05,253,38cd376e68a4ab0b587a8630567fc42a32ecba6f42ef202613abaf657c6ad082,3.7669649779375862,84,62,68,0.04,0.0294514,6,0,5,"[{'index': 0, 'radius_min': 0.1, 'radius_max': 1.5, 'trim_min': 0.00990195, 'trim_max': 0.148529, 'evaluations': 20, 'safe_feasible': 17, 'states': 6, 'selected_radius': 1.5, 'selected_trim': 0.148529, 'selected_score': 0.185099}, {'index': 1, 'radius_min': 0.1, 'radius_max': 1.48857, 'trim_min': 0.0276984, 'trim_max': 0.412311, 'evaluations': 20, 'safe_feasible': 17, 'states': 6, 'selected_radius': 0.238857, 'selected_trim': 0.0661596, 'selected_score': 0.717792}, {'index': 2, 'radius_min': 0.1, 'radius_max': 1.5, 'trim_min': 0.0148547, 'trim_max': 0.22282, 'evaluations': 20, 'safe_feasible': 17, 'states': 6, 'selected_radius': 1.5, 'selected_trim': 0.22282, 'selected_score': 0.280106}, {'index': 3, 'radius_min': 0.1, 'radius_max': 1.5, 'trim_min': 0.0401275, 'trim_max': 0.601913, 'evaluations': 20, 'safe_feasible': 17, 'states': 6, 'selected_radius': 1.4825, 'selected_trim': 0.59489, 'selected_score': 0.429683}]",4,24,80,none,4,0,0.0,200,0.40317,253,0,"{'angular acceleration iteration did not converge': 6, 'transition requires a reversing inner wheel': 6}",0.00791331,adaptive,0.05,0,68,ThetaStar,ea9dca7a3ff310994678f42ba1f3459213181f17bbe29fd9a831eda656e2f44c,77,b95fa49efd9f19c1bdd5e376a548ac8e62ee1a9d1d326a4b8aa7fdb0bde28139,0,1,crate_detour,True,2.908120546668198,4.650067671898737,3.7669649779375862,1,0.012952874999882624
0.0,1.9136391398294155,0.03856475662611575,0.010778411486597363,,0.3636658524330667,0.17677669793081488,0.18825146149581692,0,144,2.1722,0,214,True,18.0274,253,True,simple_default,simple,1.91364,221,True,2.075042854080492,adaptive_hybrid_fixed,0.05,68,586b6530768ae9bb84db0011db72e3c741f6b5b83c2f5cdb77a09b1123d3bbf2,3.7801456088460537,,,,,,,,,,,,,,,0,0.0,,,,,,,,,0,,ThetaStar,ea9dca7a3ff310994678f42ba1f3459213181f17bbe29fd9a831eda656e2f44c,77,b95fa49efd9f19c1bdd5e376a548ac8e62ee1a9d1d326a4b8aa7fdb0bde28139,0,1,crate_detour,True,1.9136391398294155,2.075042854080492,3.7801456088460537,1,0.004985276999832422
0.012,1.9136391398294155,0.03856475662611575,0.010778411486597363,,0.3636658524330667,0.17677669793081488,0.18825146149581692,0,144,2.90812,0,221,True,18.0274,253,True,simple_default,simple,1.91364,221,True,2.075042854080492,adaptive_hybrid,0.05,68,586b6530768ae9bb84db0011db72e3c741f6b5b83c2f5cdb77a09b1123d3bbf2,3.7801456088460537,,,,,,,,,,,,,,,0,0.0,,,,,,,,,0,,ThetaStar,ea9dca7a3ff310994678f42ba1f3459213181f17bbe29fd9a831eda656e2f44c,77,b95fa49efd9f19c1bdd5e376a548ac8e62ee1a9d1d326a4b8aa7fdb0bde28139,0,1,crate_detour,True,1.9136391398294155,2.075042854080492,3.7801456088460537,1,0.01439083200011737
0.0,21.156817535489434,2.220446049250313e-16,4.04438252565071e-17,,0.37604345150278423,0.07644806095482698,0.11464466264901119,0,127,,,,,,,,,,,,,14.931846648030852,raw,0.05,64,6d26865729352bb9034d3f0bba6e586f984b546d3f6dd558f896dc077d01bf89,3.540019131610022,,,,,,,,,,,,,,,0,0.0,,,,,,,,,0,,ThetaStar,a299e1e7dd5588157e5a2ac2fc4890eb31b101a5da017be804e3ae85f391b60d,72,6d26865729352bb9034d3f0bba6e586f984b546d3f6dd558f896dc077d01bf89,0,1,vertical_rack_detour,True,21.156817535489434,14.931846648030852,3.540019131610022,1,0.00287438099985593
0.0,2.8061823343650065,0.04407185447462547,0.013236867683943188,,0.37373011781944543,0.11464466264901119,0.11464466264901119,0,118,,,,,,,,,,,,,2.293579796114727,simple,0.05,64,2a0df3865ab2cec6218d1ec31fbcda070335ed0eca55bdf092eb7aee4a95c672,3.4768512623107704,,,,,,,,,,,,,,,0,0.0,,,,,,,,,0,,ThetaStar,a299e1e7dd5588157e5a2ac2fc4890eb31b101a5da017be804e3ae85f391b60d,71,6d26865729352bb9034d3f0bba6e586f984b546d3f6dd558f896dc077d01bf89,0,1,vertical_rack_detour,True,2.8061823343650065,2.293579796114727,3.4768512623107704,1,0.006356174999837094
0.0,6.087923520397315,0.012676580913731242,0.002691857758838421,,0.35006394138280256,0.11464466264901119,0.11464466264901119,0,119,,,,,,,,,,,,,4.241276717628401,savitzky_golay,0.05,64,aabca795c324fc27b38c66a8c37a2fd6fd5cf0bc03e52e40d2af1ba756897760,3.5244625344178444,,,,,,,,,,,,,,,0,0.0,,,,,,,,,0,,ThetaStar,a299e1e7dd5588157e5a2ac2fc4890eb31b101a5da017be804e3ae85f391b60d,72,6d26865729352bb9034d3f0bba6e586f984b546d3f6dd558f896dc077d01bf89,0,1,vertical_rack_detour,True,6.087923520397315,4.241276717628401,3.5244625344178444,1,0.006121822000295651
0.006,7.811877362244002,0.05990396422511206,0.020071423248617406,,0.37750253609441775,0.16464466339406925,0.16464466339406925,0,126,,,,,,,,,,,,,4.1659115598084755,constrained,0.05,64,c8ca9536b1ed38c765ddbb058489daee0cf5a61546f45d863f84ed47750f008d,3.5768425315561356,,,,,,,,,,,,,,,0,0.0,,,,,,,,,0,,ThetaStar,a299e1e7dd5588157e5a2ac2fc4890eb31b101a5da017be804e3ae85f391b60d,73,6d26865729352bb9034d3f0bba6e586f984b546d3f6dd558f896dc077d01bf89,0,1,vertical_rack_detour,True,7.811877362244002,4.1659115598084755,3.5768425315561356,1,0.007869273000324029
0.003,3.0081617923579063,0.04806907395040794,0.014819254711231598,,0.31822504220545683,0.11464466264901119,0.11464466264901119,0,201,,,,,,,,,,,,,1.5896623346108605,pivot_g2_fixed,0.05,198,35734a0218677a462e69cfe4c26f2072bbf907ca00c70a2c958a7cf189538930,3.478226985955726,0,22,64,0.04,0.0297318,6,0,5,"[{'index': 0, 'radius_min': 0, 'radius_max': 0, 'trim_min': 0, 'trim_max': 0, 'evaluations': 9, 'safe_feasible': 8, 'states': 0, 'selected_radius': 1.25, 'selected_trim': 0.169253, 'selected_score': 0.863171}, {'index': 1, 'radius_min': 0, 'radius_max': 0, 'trim_min': 0, 'trim_max': 0, 'evaluations': 9, 'safe_feasible': 6, 'states': 0, 'selected_radius': 0.75, 'selected_trim': 0.287802, 'selected_score': 1}, {'index': 2, 'radius_min': 0, 'radius_max': 0, 'trim_min': 0, 'trim_max': 0, 'evaluations': 9, 'safe_feasible': 6, 'states': 0, 'selected_radius': 0.75, 'selected_trim': 0.31066, 'selected_score': 1}, {'index': 3, 'radius_min': 0, 'radius_max': 0, 'trim_min': 0, 'trim_max': 0, 'evaluations': 9, 'safe_feasible': 6, 'states': 0, 'selected_radius': 0.75, 'selected_trim': 0.177051, 'selected_score': 0.825038}]",4,0,36,none,4,0,0.0,200,0.922052,198,0,"{'angular acceleration iteration did not converge': 1, 'transition would overlap an adjacent corner window': 9}",0.00310077,fixed,0.05,0,26,ThetaStar,a299e1e7dd5588157e5a2ac2fc4890eb31b101a5da017be804e3ae85f391b60d,71,6d26865729352bb9034d3f0bba6e586f984b546d3f6dd558f896dc077d01bf89,0,1,vertical_rack_detour,True,3.0081617923579063,1.5896623346108605,3.478226985955726,1,0.007337943000038649
0.012,3.7407218882634563,0.09890125155892493,0.02559960829672058,,0.2706074522666155,0.07644806095482698,0.07644806095482698,0,229,,,,,,,,,,,,,3.0996106085350257,pivot_g2,0.05,226,3f97b40478fd748315fca3063eef7236883a5bb75ad737517f4a315769acc2ef,3.4633243019706508,60,64,64,0.04,0.0297318,6,0,5,"[{'index': 0, 'radius_min': 0.1, 'radius_max': 1.5, 'trim_min': 0.0135402, 'trim_max': 0.203103, 'evaluations': 20, 'safe_feasible': 17, 'states': 6, 'selected_radius': 1.29, 'selected_trim': 0.174669, 'selected_score': 0.276421}, {'index': 1, 'radius_min': 0.1, 'radius_max': 1.5, 'trim_min': 0.0383736, 'trim_max': 0.575604, 'evaluations': 20, 'safe_feasible': 18, 'states': 6, 'selected_radius': 0.38, 'selected_trim': 0.14582, 'selected_score': 0.74886}, {'index': 2, 'radius_min': 0.1, 'radius_max': 1.5, 'trim_min': 0.0414214, 'trim_max': 0.62132, 'evaluations': 20, 'safe_feasible': 18, 'states': 6, 'selected_radius': 1.5, 'selected_trim': 0.62132, 'selected_score': 0.450888}, {'index': 3, 'radius_min': 0.1, 'radius_max': 1.5, 'trim_min': 0.0236068, 'trim_max': 0.354102, 'evaluations': 20, 'safe_feasible': 17, 'states': 6, 'selected_radius': 0.45, 'selected_trim': 0.106231, 'selected_score': 0.47155}]",4,24,80,none,4,0,0.0,200,0.48693,226,0,"{'angular acceleration iteration did not converge': 4, 'transition requires a reversing inner wheel': 6}",0.0106889,adaptive,0.05,0,70,ThetaStar,a299e1e7dd5588157e5a2ac2fc4890eb31b101a5da017be804e3ae85f391b60d,71,6d26865729352bb9034d3f0bba6e586f984b546d3f6dd558f896dc077d01bf89,0,1,vertical_rack_detour,True,3.7407218882634563,3.0996106085350257,3.4633243019706508,1,0.015406598000026861
0.003,2.8061823343650065,0.04407185447462547,0.013236867683943188,,0.37373011781944543,0.11464466264901119,0.11464466264901119,0,118,3.00816,0,253,True,21.1568,253,True,simple_default,simple,2.80618,253,True,2.293579796114727,adaptive_hybrid_fixed,0.05,64,2a0df3865ab2cec6218d1ec31fbcda070335ed0eca55bdf092eb7aee4a95c672,3.4768512623107704,,,,,,,,,,,,,,,0,0.0,,,,,,,,,0,,ThetaStar,a299e1e7dd5588157e5a2ac2fc4890eb31b101a5da017be804e3ae85f391b60d,71,6d26865729352bb9034d3f0bba6e586f984b546d3f6dd558f896dc077d01bf89,0,1,vertical_rack_detour,True,2.8061823343650065,2.293579796114727,3.4768512623107704,1,0.007369360999746277
0.009000000000000001,2.8061823343650065,0.04407185447462547,0.013236867683943188,,0.37373011781944543,0.11464466264901119,0.11464466264901119,0,118,3.74072,0,253,True,21.1568,253,True,simple_default,simple,2.80618,253,True,2.293579796114727,adaptive_hybrid,0.05,64,2a0df3865ab2cec6218d1ec31fbcda070335ed0eca55bdf092eb7aee4a95c672,3.4768512623107704,,,,,,,,,,,,,,,0,0.0,,,,,,,,,0,,ThetaStar,a299e1e7dd5588157e5a2ac2fc4890eb31b101a5da017be804e3ae85f391b60d,71,6d26865729352bb9034d3f0bba6e586f984b546d3f6dd558f896dc077d01bf89,0,1,vertical_rack_detour,True,2.8061823343650065,2.293579796114727,3.4768512623107704,1,0.013076159999855008
0.003,8.573654120483878,2.220446049250313e-16,6.398557885283892e-17,,0.506572880155038,0.1449222268733815,0.2146446641391273,0,243,,,,,,,,,,,,,6.643693474215089,raw,0.05,120,aab3a0ba68bf4f71ad5b2877a697811874dbb38bf03420ca8b718f9179d7517c,6.120480271098444,,,,,,,,,,,,,,,0,0.0,,,,,,,,,0,,ThetaStar,65aaa283caed754a8bb3966a6b85ab75445919f82ba672dca47878e621bb4791,124,aab3a0ba68bf4f71ad5b2877a697811874dbb38bf03420ca8b718f9179d7517c,0,1,horizontal_rack_detour,True,8.573654120483878,6.643693474215089,6.120480271098444,1,0.004687571999966167
0.0,1.850867793335925,0.03230289830257879,0.008042653078615484,,0.4859708954635601,0.2146446641391273,0.2146446641391273,0,233,,,,,,,,,,,,,1.763017099347826,simple,0.05,120,c3e50def6f1c22f0cf1d8fc3549d8a85d0b895e5a89f6594edeffa28d92ed918,6.086791846956397,,,,,,,,,,,,,,,0,0.0,,,,,,,,,0,,ThetaStar,65aaa283caed754a8bb3966a6b85ab75445919f82ba672dca47878e621bb4791,123,aab3a0ba68bf4f71ad5b2877a697811874dbb38bf03420ca8b718f9179d7517c,0,1,horizontal_rack_detour,True,1.850867793335925,1.763017099347826,6.086791846956397,1,0.0070447540001623565
0.0,2.8351843799331187,0.006054739778988966,0.001373629819346023,,0.47869700601851384,0.2146446641391273,0.2400159173269659,0,210,,,,,,,,,,,,,2.423044196634234,savitzky_golay,0.05,120,b8cde9a8f2ac483d154312bc7d8687dbfd480877d2e4ab902f099c370434c343,6.1152617969883085,,,,,,,,,,,,,,,0,0.0,,,,,,,,,0,,ThetaStar,65aaa283caed754a8bb3966a6b85ab75445919f82ba672dca47878e621bb4791,124,aab3a0ba68bf4f71ad5b2877a697811874dbb38bf03420ca8b718f9179d7517c,0,1,horizontal_rack_detour,True,2.8351843799331187,2.423044196634234,6.1152617969883085,1,0.0065314989997204975
0.006,3.0488947490035563,0.034309937009115006,0.011210168100778795,,0.4841691688021321,0.2474873771031409,0.25619225950049973,0,198,,,,,,,,,,,,,2.6110437607286427,constrained,0.05,120,6a84cf361f244a8b16335001d8ab9a6b6cfe99d0c0090f799be594edf9c2dcdd,6.134636302401334,,,,,,,,,,,,,,,0,0.0,,,,,,,,,0,,ThetaStar,65aaa283caed754a8bb3966a6b85ab75445919f82ba672dca47878e621bb4791,124,aab3a0ba68bf4f71ad5b2877a697811874dbb38bf03420ca8b718f9179d7517c,0,1,horizontal_rack_detour,True,3.0488947490035563,2.6110437607286427,6.134636302401334,1,0.012568910000027245
0.003,3.2330750896731644,0.012617299485892203,0.00518626332070264,,0.3945312404575533,0.2146446641391273,0.23390290478282266,0,209,,,,,,,,,,,,,3.718266643589833,pivot_g2_fixed,0.05,201,ebacf2c81d63cfad316fe45251f904ef395c9af03d52d60e6b3ce1b46e5198fb,6.112653685040123,0,15,120,0.04,0.0129067,6,0,5,"[{'index': 0, 'radius_min': 0, 'radius_max': 0, 'trim_min': 0, 'trim_max': 0, 'evaluations': 9, 'safe_feasible': 8, 'states': 0, 'selected_radius': 1.5, 'selected_trim': 0.21159, 'selected_score': 1}, {'index': 1, 'radius_min': 0, 'radius_max': 0, 'trim_min': 0, 'trim_max': 0, 'evaluations': 9, 'safe_feasible': 3, 'states': 0, 'selected_radius': 0.4, 'selected_trim': 0.0869203, 'selected_score': 0.9}, {'index': 2, 'radius_min': 0, 'radius_max': 0, 'trim_min': 0, 'trim_max': 0, 'evaluations': 9, 'safe_feasible': 3, 'states': 0, 'selected_radius': 0.5, 'selected_trim': 0.0811388, 'selected_score': 0.9}, {'index': 3, 'radius_min': 0, 'radius_max': 0, 'trim_min': 0, 'trim_max': 0, 'evaluations': 9, 'safe_feasible': 2, 'states': 0, 'selected_radius': 0.3, 'selected_trim': 0.0724382, 'selected_score': 1}]",4,0,36,none,4,0,0.0,200,0.95,201,0,"{'angular acceleration iteration did not converge': 2, 'transition would overlap an adjacent corner window': 18}",0.00238805,fixed,0.05,0,16,ThetaStar,65aaa283caed754a8bb3966a6b85ab75445919f82ba672dca47878e621bb4791,124,aab3a0ba68bf4f71ad5b2877a697811874dbb38bf03420ca8b718f9179d7517c,0,1,horizontal_rack_detour,True,3.2330750896731644,3.718266643589833,6.112653685040123,1,0.0070821589997649426
0.006,4.959957577790583,0.012588992149300936,0.005127442044819776,,0.3924830586704499,0.2146446641391273,0.23390290478282266,0,212,,,,,,,,,,,,,4.829997089142293,pivot_g2,0.05,204,5808ed725f51a98648e916bd8abbf61f00bc9b5440949255922ea545abefc9ee,6.1152404867732475,45,64,120,0.04,0.0129067,6,0,5,"[{'index': 0, 'radius_min': 0.1, 'radius_max': 1.5, 'trim_min': 0.014106, 'trim_max': 0.21159, 'evaluations': 20, 'safe_feasible': 17, 'states': 6, 'selected_radius': 1.5, 'selected_trim': 0.21159, 'selected_score': 0.236602}, {'index': 1, 'radius_min': 0.1, 'radius_max': 1.02902, 'trim_min': 0.0217301, 'trim_max': 0.223607, 'evaluations': 20, 'safe_feasible': 16, 'states': 6, 'selected_radius': 0.192902, 'selected_trim': 0.0419178, 'selected_score': 0.689305}, {'index': 2, 'radius_min': 0.1, 'radius_max': 1.30722, 'trim_min': 0.0162278, 'trim_max': 0.212132, 'evaluations': 20, 'safe_feasible': 17, 'states': 6, 'selected_radius': 0.160361, 'selected_trim': 0.026023, 'selected_score': 0.661422}, {'index': 3, 'radius_min': 0.1, 'radius_max': 0.878536, 'trim_min': 0.0241461, 'trim_max': 0.212132, 'evaluations': 20, 'safe_feasible': 18, 'states': 6, 'selected_radius': 0.21678, 'selected_trim': 0.052344, 'selected_score': 0.687344}]",4,24,80,none,4,0,0.0,200,0.568668,204,0,"{'angular acceleration iteration did not converge': 6, 'transition requires a reversing inner wheel': 6}",0.00702542,adaptive,0.05,0,68,ThetaStar,65aaa283caed754a8bb3966a6b85ab75445919f82ba672dca47878e621bb4791,124,aab3a0ba68bf4f71ad5b2877a697811874dbb38bf03420ca8b718f9179d7517c,0,1,horizontal_rack_detour,True,4.959957577790583,4.829997089142293,6.1152404867732475,1,0.011979499000062788
0.003,3.2330750896731644,0.012617299485892203,0.00518626332070264,,0.3945312404575533,0.2146446641391273,0.23390290478282266,0,209,3.23308,0,177,True,8.57365,253,True,safety_gain_within_energy_budget,pivot_g2,1.85087,202,True,3.718266643589833,adaptive_hybrid_fixed,0.05,201,ebacf2c81d63cfad316fe45251f904ef395c9af03d52d60e6b3ce1b46e5198fb,6.112653685040123,,,,,,,,,,,,,,,0,0.0,,,,,,,,,0,,ThetaStar,65aaa283caed754a8bb3966a6b85ab75445919f82ba672dca47878e621bb4791,124,aab3a0ba68bf4f71ad5b2877a697811874dbb38bf03420ca8b718f9179d7517c,0,1,horizontal_rack_detour,True,3.2330750896731644,3.718266643589833,6.112653685040123,1,0.010688732999824424
0.009000000000000001,1.850867793335925,0.03230289830257879,0.008042653078615484,,0.4859708954635601,0.2146446641391273,0.2146446641391273,0,233,4.95996,0,177,True,8.57365,253,True,simple_default,simple,1.85087,202,True,1.763017099347826,adaptive_hybrid,0.05,120,c3e50def6f1c22f0cf1d8fc3549d8a85d0b895e5a89f6594edeffa28d92ed918,6.086791846956397,,,,,,,,,,,,,,,0,0.0,,,,,,,,,0,,ThetaStar,65aaa283caed754a8bb3966a6b85ab75445919f82ba672dca47878e621bb4791,123,aab3a0ba68bf4f71ad5b2877a697811874dbb38bf03420ca8b718f9179d7517c,0,1,horizontal_rack_detour,True,1.850867793335925,1.763017099347826,6.086791846956397,1,0.03158511299989186
0.0,11.571571264760594,1.6653345369377348e-16,3.2300595708537726e-17,,0.31332344526845535,0.1449222268733815,0.2146446641391273,0,199,,,,,,,,,,,,,9.250310114884396,raw,0.05,95,100b31be1491a8206959b9a81cc393682a254a0abe802038b5e13e90c2a6ee04,4.833018763380768,,,,,,,,,,,,,,,0,0.0,,,,,,,,,0,,ThetaStar,c822244724d7cdacecb1bb00cfdbec119fa871ae56f86dc726b5492033d970fe,98,100b31be1491a8206959b9a81cc393682a254a0abe802038b5e13e90c2a6ee04,0,1,right_rack_detour,True,11.571571264760594,9.250310114884396,4.833018763380768,1,0.003376791000391677
0.0,2.1412149942804546,0.03899918485629024,0.009729172566247684,,0.3307534784583714,0.2146446641391273,0.2146446641391273,0,175,,,,,,,,,,,,,1.9794215068088645,simple,0.05,95,8642a4cddc851e8b5184dcb2410bbac8d9845a93bc8173b68b527338bd791638,4.793000010033254,,,,,,,,,,,,,,,0,0.0,,,,,,,,,0,,ThetaStar,c822244724d7cdacecb1bb00cfdbec119fa871ae56f86dc726b5492033d970fe,97,100b31be1491a8206959b9a81cc393682a254a0abe802038b5e13e90c2a6ee04,0,1,right_rack_detour,True,2.1412149942804546,1.9794215068088645,4.793000010033254,1,0.00825069699976666
0.0,3.0793305700045464,0.009817754106654973,0.002020325593748743,,0.33442929128371945,0.21959563989254183,0.23390290478282266,0,164,,,,,,,,,,,,,2.7775261891175456,savitzky_golay,0.05,95,717ae480ede7f69115b329f212285bd489b798b532e5bfd90e5af6f7d304331e,4.825399744538685,,,,,,,,,,,,,,,0,0.0,,,,,,,,,0,,ThetaStar,c822244724d7cdacecb1bb00cfdbec119fa871ae56f86dc726b5492033d970fe,98,100b31be1491a8206959b9a81cc393682a254a0abe802038b5e13e90c2a6ee04,0,1,right_rack_detour,True,3.0793305700045464,2.7775261891175456,4.825399744538685,1,0.009111722999932681
0.006,3.1451846256544185,0.03455905828533976,0.01104988512990355,,0.3379184714467849,0.2474873771031409,0.25619225950049973,0,158,,,,,,,,,,,,,2.6062126591679378,constrained,0.05,95,d63cb1ee5fd525c4347b94a89be4b4060b9a2f72c000eb9f1d22928b0c9ad322,4.845349706577934,,,,,,,,,,,,,,,0,0.0,,,,,,,,,0,,ThetaStar,c822244724d7cdacecb1bb00cfdbec119fa871ae56f86dc726b5492033d970fe,98,100b31be1491a8206959b9a81cc393682a254a0abe802038b5e13e90c2a6ee04,0,1,right_rack_detour,True,3.1451846256544185,2.6062126591679378,4.845349706577934,1,0.010120528999777889
0.003,3.441457904022116,0.017442388313253215,0.004947476876361225,,0.3132458645303658,0.21959563989254183,0.21959563989254183,0,181,,,,,,,,,,,,,3.7492307169352492,pivot_g2_fixed,0.05,176,f75b8d0277d32c8985bef8c06d3fa0ee1baf8e13165bf0a4efde517c2255afba,4.82221070606725,0,25,95,0.04,0.0185034,7,0,6,"[{'index': 0, 'radius_min': 0, 'radius_max': 0, 'trim_min': 0, 'trim_max': 0, 'evaluations': 9, 'safe_feasible': 6, 'states': 0, 'selected_radius': 1, 'selected_trim': 0.0882894, 'selected_score': 0.946379}, {'index': 1, 'radius_min': 0, 'radius_max': 0, 'trim_min': 0, 'trim_max': 0, 'evaluations': 9, 'safe_feasible': 2, 'states': 0, 'selected_radius': 0.3, 'selected_trim': 0.0830952, 'selected_score': 0.9}, {'index': 2, 'radius_min': 0, 'radius_max': 0, 'trim_min': 0, 'trim_max': 0, 'evaluations': 9, 'safe_feasible': 3, 'states': 0, 'selected_radius': 0.4, 'selected_trim': 0.110794, 'selected_score': 0.9}, {'index': 3, 'radius_min': 0, 'radius_max': 0, 'trim_min': 0, 'trim_max': 0, 'evaluations': 9, 'safe_feasible': 8, 'states': 0, 'selected_radius': 1.25, 'selected_trim': 0.153882, 'selected_score': 0.954818}, {'index': 4, 'radius_min': 0, 'radius_max': 0, 'trim_min': 0, 'trim_max': 0, 'evaluations': 9, 'safe_feasible': 7, 'states': 0, 'selected_radius': 1.5, 'selected_trim': 0.0641679, 'selected_score': 1}]",5,0,45,none,5,0,0.0,200,0.940239,176,0,"{'angular acceleration iteration did not converge': 4, 'transition would overlap an adjacent corner window': 15}",0.00247567,fixed,0.05,0,26,ThetaStar,c822244724d7cdacecb1bb00cfdbec119fa871ae56f86dc726b5492033d970fe,98,100b31be1491a8206959b9a81cc393682a254a0abe802038b5e13e90c2a6ee04,0,1,right_rack_detour,True,3.441457904022116,3.7492307169352492,4.82221070606725,1,0.009898272000100405
0.006,6.487984859909658,0.018208331660414225,0.004874742237897301,,0.31552741221827574,0.21959563989254183,0.21959563989254183,0,180,,,,,,,,,,,,,8.938729522058468,pivot_g2,0.05,169,c4a92de232d3d15425f8bd5cf555f4938c7813b24bc574f64002553a0c3cbd07,4.826450570412653,72,66,95,0.04,0.0185034,7,0,6,"[{'index': 0, 'radius_min': 0.1, 'radius_max': 1.5, 'trim_min': 0.00882894, 'trim_max': 0.132434, 'evaluations': 20, 'safe_feasible': 17, 'states': 6, 'selected_radius': 1.5, 'selected_trim': 0.132434, 'selected_score': 0.217793}, {'index': 1, 'radius_min': 0.1, 'radius_max': 0.744286, 'trim_min': 0.0276984, 'trim_max': 0.206155, 'evaluations': 20, 'safe_feasible': 14, 'states': 6, 'selected_radius': 0, 'selected_trim': 0, 'selected_score': 0}, {'index': 2, 'radius_min': 0.1, 'radius_max': 1.02115, 'trim_min': 0.0276984, 'trim_max': 0.282843, 'evaluations': 20, 'safe_feasible': 15, 'states': 6, 'selected_radius': 0.238173, 'selected_trim': 0.06597, 'selected_score': 0.69658}, {'index': 3, 'radius_min': 0.1, 'radius_max': 1.5, 'trim_min': 0.0123106, 'trim_max': 0.184658, 'evaluations': 20, 'safe_feasible': 17, 'states': 6, 'selected_radius': 1.43, 'selected_trim': 0.176041, 'selected_score': 0.229231}, {'index': 4, 'radius_min': 0.1, 'radius_max': 1.5, 'trim_min': 0.00427786, 'trim_max': 0.0641679, 'evaluations': 11, 'safe_feasible': 9, 'states': 6, 'selected_radius': 1.5, 'selected_trim': 0.0641679, 'selected_score': 0.127095}]",5,30,91,none,4,1,0.5404195002705852,200,0.317675,169,1,"{'angular acceleration iteration did not converge': 12, 'transition requires a reversing inner wheel': 7}",0.00734544,adaptive,0.05,0.5404195002705852,72,ThetaStar,c822244724d7cdacecb1bb00cfdbec119fa871ae56f86dc726b5492033d970fe,98,100b31be1491a8206959b9a81cc393682a254a0abe802038b5e13e90c2a6ee04,0,1,right_rack_detour,True,2.3773592283671907,4.602307005073339,4.827513144846351,2,0.013435802000003605
0.0,3.441457904022116,0.017442388313253215,0.004947476876361225,,0.3132458645303658,0.21959563989254183,0.21959563989254183,0,181,3.44146,0,177,True,11.5716,253,True,safety_gain_within_energy_budget,pivot_g2,2.14121,202,True,3.7492307169352492,adaptive_hybrid_fixed,0.05,176,f75b8d0277d32c8985bef8c06d3fa0ee1baf8e13165bf0a4efde517c2255afba,4.82221070606725,,,,,,,,,,,,,,,0,0.0,,,,,,,,,0,,ThetaStar,c822244724d7cdacecb1bb00cfdbec119fa871ae56f86dc726b5492033d970fe,98,100b31be1491a8206959b9a81cc393682a254a0abe802038b5e13e90c2a6ee04,0,1,right_rack_detour,True,3.441457904022116,3.7492307169352492,4.82221070606725,1,0.006315808000181278
0.003,6.487984859909658,0.018208331660414225,0.004874742237897301,,0.31552741221827574,0.21959563989254183,0.21959563989254183,0,180,2.37736,1,177,True,11.5716,253,True,safety_gain_within_energy_budget,pivot_g2,2.14121,202,True,8.938729522058468,adaptive_hybrid,0.05,169,c4a92de232d3d15425f8bd5cf555f4938c7813b24bc574f64002553a0c3cbd07,4.826450570412653,,,,,,,,,,,,,,,1,0.5404195002705852,,,,,,,,,0.5404195002705852,,ThetaStar,c822244724d7cdacecb1bb00cfdbec119fa871ae56f86dc726b5492033d970fe,98,100b31be1491a8206959b9a81cc393682a254a0abe802038b5e13e90c2a6ee04,0,1,right_rack_detour,True,2.3773592283671907,4.602307005073339,4.827513144846351,2,0.009909046000302624
0.009000000000000001,28.532582263498323,4.440892098500626e-16,6.624493760628821e-17,,0.4855032004154636,0.11464466264901119,0.2146446641391273,0,524,,,,,,,,,,,,,11.656228105628351,raw,0.05,260,8ab67e7c21920c0543e4548520c1dd7d810106040d15e6309b9651622bba6c75,13.653528338314304,,,,,,,,,,,,,,,0,0.0,,,,,,,,,0,,ThetaStar,e5d1348111c868021774536b83d52d389c6f2015862241d82f8105e9bcd04f2f,275,8ab67e7c21920c0543e4548520c1dd7d810106040d15e6309b9651622bba6c75,0,1,long_southwest_to_northeast,True,28.532582263498323,11.656228105628351,13.653528338314304,1,0.013663640999766358
0.0,3.962711872157781,0.03730312840053469,0.008150269908341156,,0.46943770455600276,0.11464466264901119,0.2146446641391273,0,522,,,,,,,,,,,,,2.0721477609566445,simple,0.05,260,8d019bfc92952a27151b2c4c0dd27101f7a4a7b23f6042ca87aad6c7c9da69af,13.568963688326772,,,,,,,,,,,,,,,0,0.0,,,,,,,,,0,,ThetaStar,e5d1348111c868021774536b83d52d389c6f2015862241d82f8105e9bcd04f2f,273,8ab67e7c21920c0543e4548520c1dd7d810106040d15e6309b9651622bba6c75,0,1,long_southwest_to_northeast,True,3.962711872157781,2.0721477609566445,13.568963688326772,1,0.009874231000139844
0.0,7.2042583901907955,0.013115701643665692,0.0019299980954447155,,0.47344742661196265,0.11464466264901119,0.2324721782937946,0,479,,,,,,,,,,,,,3.1801670188313214,savitzky_golay,0.05,260,8957a464f881c8595bf48cd0ccfdb35c532e3689380f7641837b8c3a4f8e439f,13.633912064855668,,,,,,,,,,,,,,,0,0.0,,,,,,,,,0,,ThetaStar,e5d1348111c868021774536b83d52d389c6f2015862241d82f8105e9bcd04f2f,274,8ab67e7c21920c0543e4548520c1dd7d810106040d15e6309b9651622bba6c75,0,1,long_southwest_to_northeast,True,7.2042583901907955,3.1801670188313214,13.633912064855668,1,0.009317215999999462
0.018000000000000002,9.05671428014272,0.03481489056791479,0.007425592949594861,,0.46650020023381195,0.11464466264901119,0.22619960852534454,0,433,,,,,,,,,,,,,3.337267438141579,constrained,0.05,260,c37c371d3627cddef6feff243fb69917a26b827d20fd1c31fa77f4081c318773,13.66295798187172,,,,,,,,,,,,,,,0,0.0,,,,,,,,,0,,ThetaStar,e5d1348111c868021774536b83d52d389c6f2015862241d82f8105e9bcd04f2f,275,8ab67e7c21920c0543e4548520c1dd7d810106040d15e6309b9651622bba6c75,0,1,long_southwest_to_northeast,True,9.05671428014272,3.337267438141579,13.66295798187172,1,0.026115046999620972
0.006,8.068717177051596,0.037554734337065465,0.012688988834714077,,0.423669991788535,0.11464466264901119,0.2146446641391273,0,573,,,,,,,,,,,,,5.09062546406648,pivot_g2_fixed,0.05,555,fa5883d9dd2962fd945cc64dbe0cd137720ba6d6cfc87c8be71ab63158c613be,13.61322586769275,0,62,260,0.04,0.0396022,13,0,12,"[{'index': 0, 'radius_min': 0, 'radius_max': 0, 'trim_min': 0, 'trim_max': 0, 'evaluations': 9, 'safe_feasible': 8, 'states': 0, 'selected_radius': 1.5, 'selected_trim': 0.243416, 'selected_score': 1}, {'index': 1, 'radius_min': 0, 'radius_max': 0, 'trim_min': 0, 'trim_max': 0, 'evaluations': 9, 'safe_feasible': 8, 'states': 0, 'selected_radius': 1.5, 'selected_trim': 0.184658, 'selected_score': 1}, {'index': 2, 'radius_min': 0, 'radius_max': 0, 'trim_min': 0, 'trim_max': 0, 'evaluations': 9, 'safe_feasible': 8, 'states': 0, 'selected_radius': 1.5, 'selected_trim': 0.182331, 'selected_score': 0.85}, {'index': 3, 'radius_min': 0, 'radius_max': 0, 'trim_min': 0, 'trim_max': 0, 'evaluations': 9, 'safe_feasible': 8, 'states': 0, 'selected_radius': 1.5, 'selected_trim': 0.0462523, 'selected_score': 0.976075}, {'index': 4, 'radius_min': 0, 'radius_max': 0, 'trim_min': 0, 'trim_max': 0, 'evaluations': 9, 'safe_feasible': 8, 'states': 0, 'selected_radius': 1.5, 'selected_trim': 0.178472, 'selected_score': 1}, {'index': 5, 'radius_min': 0, 'radius_max': 0, 'trim_min': 0, 'trim_max': 0, 'evaluations': 9, 'safe_feasible': 9, 'states': 0, 'selected_radius': 1.25, 'selected_trim': 0.302189, 'selected_score': 0.905855}, {'index': 6, 'radius_min': 0, 'radius_max': 0, 'trim_min': 0, 'trim_max': 0, 'evaluations': 9, 'safe_feasible': 8, 'states': 0, 'selected_radius': 1.5, 'selected_trim': 0.195587, 'selected_score': 1}, {'index': 7, 'radius_min': 0, 'radius_max': 0, 'trim_min': 0, 'trim_max': 0, 'evaluations': 9, 'safe_feasible': 2, 'states': 0, 'selected_radius': 0.3, 'selected_trim': 0.115277, 'selected_score': 0.9}, {'index': 8, 'radius_min': 0, 'radius_max': 0, 'trim_min': 0, 'trim_max': 0, 'evaluations': 9, 'safe_feasible': 2, 'states': 0, 'selected_radius': 0.3, 'selected_trim': 0.0830952, 'selected_score': 0.9}, {'index': 9, 'radius_min': 0, 'radius_max': 0, 'trim_min': 0, 'trim_max': 0, 'evaluations': 9, 'safe_feasible': 5, 'states': 0, 'selected_radius': 0.75, 'selected_trim': 0.0923292, 'selected_score': 0.928318}, {'index': 10, 'radius_min': 0, 'radius_max': 0, 'trim_min': 0, 'trim_max': 0, 'evaluations': 9, 'safe_feasible': 1, 'states': 0, 'selected_radius': 0.2, 'selected_trim': 0.0553969, 'selected_score': 1}]",11,0,99,none,11,0,0.0,200,0.950932,555,0,"{'angular acceleration iteration did not converge': 7, 'transition would overlap an adjacent corner window': 25}",0.00633112,fixed,0.05,0,67,ThetaStar,e5d1348111c868021774536b83d52d389c6f2015862241d82f8105e9bcd04f2f,274,8ab67e7c21920c0543e4548520c1dd7d810106040d15e6309b9651622bba6c75,0,1,long_southwest_to_northeast,True,8.068717177051596,5.09062546406648,13.61322586769275,1,0.0177741090001291
0.018000000000000002,7.799653099388861,0.03740538465369925,0.01279976847949076,,0.4218127049699418,0.11464466264901119,0.2146446641391273,0,581,,,,,,,,,,,,,4.762837610264579,pivot_g2,0.05,564,57f9688f9e095aed1d6d05da45c477518c5656b4cc99d4cee8ea719d1c3e2986,13.610291941514452,287,159,260,0.04,0.0396022,13,0,12,"[{'index': 0, 'radius_min': 0.1, 'radius_max': 1.5, 'trim_min': 0.0162278, 'trim_max': 0.243416, 'evaluations': 20, 'safe_feasible': 17, 'states': 6, 'selected_radius': 1.5, 'selected_trim': 0.243416, 'selected_score': 0.25168}, {'index': 1, 'radius_min': 0.1, 'radius_max': 1.5, 'trim_min': 0.0123106, 'trim_max': 0.184658, 'evaluations': 20, 'safe_feasible': 17, 'states': 6, 'selected_radius': 1.5, 'selected_trim': 0.184658, 'selected_score': 0.244002}, {'index': 2, 'radius_min': 0.1, 'radius_max': 1.5, 'trim_min': 0.0121554, 'trim_max': 0.182331, 'evaluations': 20, 'safe_feasible': 17, 'states': 6, 'selected_radius': 1.43, 'selected_trim': 0.173822, 'selected_score': 0.251215}, {'index': 3, 'radius_min': 0.1, 'radius_max': 1.5, 'trim_min': 0.00308349, 'trim_max': 0.0462523, 'evaluations': 6, 'safe_feasible': 4, 'states': 5, 'selected_radius': 1.5, 'selected_trim': 0.0462523, 'selected_score': 0.0484448}, {'index': 4, 'radius_min': 0.1, 'radius_max': 1.5, 'trim_min': 0.0118981, 'trim_max': 0.178472, 'evaluations': 20, 'safe_feasible': 17, 'states': 6, 'selected_radius': 1.5, 'selected_trim': 0.178472, 'selected_score': 0.137858}, {'index': 5, 'radius_min': 0.1, 'radius_max': 1.5, 'trim_min': 0.0241751, 'trim_max': 0.362626, 'evaluations': 20, 'safe_feasible': 17, 'states': 6, 'selected_radius': 1.465, 'selected_trim': 0.354165, 'selected_score': 0.328918}, {'index': 6, 'radius_min': 0.1, 'radius_max': 1.5, 'trim_min': 0.0130392, 'trim_max': 0.195587, 'evaluations': 20, 'safe_feasible': 17, 'states': 6, 'selected_radius': 1.5, 'selected_trim': 0.195587, 'selected_score': 0.146556}, {'index': 7, 'radius_min': 0.1, 'radius_max': 0.73608, 'trim_min': 0.0384255, 'trim_max': 0.282843, 'evaluations': 20, 'safe_feasible': 17, 'states': 6, 'selected_radius': 0.25902, 'selected_trim': 0.0995298, 'selected_score': 0.743274}, {'index': 8, 'radius_min': 0.1, 'radius_max': 0.744286, 'trim_min': 0.0276984, 'trim_max': 0.206155, 'evaluations': 20, 'safe_feasible': 14, 'states': 6, 'selected_radius': 0.228857, 'selected_trim': 0.0633898, 'selected_score': 0.70358}, {'index': 9, 'radius_min': 0.1, 'radius_max': 1.5, 'trim_min': 0.0123106, 'trim_max': 0.184658, 'evaluations': 20, 'safe_feasible': 17, 'states': 6, 'selected_radius': 0.17, 'selected_trim': 0.020928, 'selected_score': 0.593575}, {'index': 10, 'radius_min': 0.1, 'radius_max': 0.526288, 'trim_min': 0.0276985, 'trim_max': 0.145774, 'evaluations': 20, 'safe_feasible': 18, 'states': 6, 'selected_radius': 0.526288, 'selected_trim': 0.145774, 'selected_score': 0.61845}]",11,65,206,none,11,0,0.0,200,0.369777,564,0,"{'angular acceleration iteration did not converge': 19, 'transition requires a reversing inner wheel': 15}",0.0163742,adaptive,0.05,0,172,ThetaStar,e5d1348111c868021774536b83d52d389c6f2015862241d82f8105e9bcd04f2f,274,8ab67e7c21920c0543e4548520c1dd7d810106040d15e6309b9651622bba6c75,0,1,long_southwest_to_northeast,True,7.799653099388861,4.762837610264579,13.610291941514452,1,0.04604322700015473
0.009000000000000001,3.962711872157781,0.03730312840053469,0.008150269908341156,,0.46943770455600276,0.11464466264901119,0.2146446641391273,0,522,8.06872,0,253,True,28.5326,253,True,simple_default,simple,3.96271,253,True,2.0721477609566445,adaptive_hybrid_fixed,0.05,260,8d019bfc92952a27151b2c4c0dd27101f7a4a7b23f6042ca87aad6c7c9da69af,13.568963688326772,,,,,,,,,,,,,,,0,0.0,,,,,,,,,0,,ThetaStar,e5d1348111c868021774536b83d52d389c6f2015862241d82f8105e9bcd04f2f,273,8ab67e7c21920c0543e4548520c1dd7d810106040d15e6309b9651622bba6c75,0,1,long_southwest_to_northeast,True,3.962711872157781,2.0721477609566445,13.568963688326772,1,0.013736002999849006
0.015000000000000001,3.962711872157781,0.03730312840053469,0.008150269908341156,,0.46943770455600276,0.11464466264901119,0.2146446641391273,0,522,7.79965,0,253,True,28.5326,253,True,simple_default,simple,3.96271,253,True,2.0721477609566445,adaptive_hybrid,0.05,260,8d019bfc92952a27151b2c4c0dd27101f7a4a7b23f6042ca87aad6c7c9da69af,13.568963688326772,,,,,,,,,,,,,,,0,0.0,,,,,,,,,0,,ThetaStar,e5d1348111c868021774536b83d52d389c6f2015862241d82f8105e9bcd04f2f,273,8ab67e7c21920c0543e4548520c1dd7d810106040d15e6309b9651622bba6c75,0,1,long_southwest_to_northeast,True,3.962711872157781,2.0721477609566445,13.568963688326772,1,0.022557012000106624
0.003,45.17374105017425,4.440892098500626e-16,5.844493906965554e-17,,0.415300805296905,0.1449222268733815,0.2146446641391273,0,541,,,,,,,,,,,,,19.46989685892718,raw,0.05,257,2d5c7fb936376ed48cb5ca3a419e80520e592092277e1b2452e1e37f758f60fe,13.619261399050902,,,,,,,,,,,,,,,0,0.0,,,,,,,,,0,,ThetaStar,149b2348562b3e89c9475941455e2e6656ad0e54293dc39855ce2083e2f796dc,274,2d5c7fb936376ed48cb5ca3a419e80520e592092277e1b2452e1e37f758f60fe,0,1,long_northeast_to_southwest,True,45.17374105017425,19.46989685892718,13.619261399050902,1,0.0075425629997880606
0.0,3.786153728282893,0.036625392834008785,0.008220050110389558,,0.3947526855556182,0.11464466264901119,0.2146446641391273,0,471,,,,,,,,,,,,,1.9236468568945004,simple,0.05,257,33e03f765d65605cb9c34f500271aeccae7ecabe33450159ac4c9371f390079f,13.52347213633812,,,,,,,,,,,,,,,0,0.0,,,,,,,,,0,,ThetaStar,149b2348562b3e89c9475941455e2e6656ad0e54293dc39855ce2083e2f796dc,272,2d5c7fb936376ed48cb5ca3a419e80520e592092277e1b2452e1e37f758f60fe,0,1,long_northeast_to_southwest,True,3.786153728282893,1.9236468568945004,13.52347213633812,1,0.009754100000009203
0.0,8.791280406174538,0.01486201384118413,0.0021300500026834182,,0.4013468363577757,0.11464466264901119,0.23390290478282266,0,453,,,,,,,,,,,,,4.038571942491414,savitzky_golay,0.05,257,ab3a8901f60d85c69d992e2f6420de7a89a2c592d06aec2ee441e83c6c490c9a,13.587747707282405,,,,,,,,,,,,,,,0,0.0,,,,,,,,,0,,ThetaStar,149b2348562b3e89c9475941455e2e6656ad0e54293dc39855ce2083e2f796dc,273,2d5c7fb936376ed48cb5ca3a419e80520e592092277e1b2452e1e37f758f60fe,0,1,long_northeast_to_southwest,True,8.791280406174538,4.038571942491414,13.587747707282405,1,0.00960345600014989
0.015000000000000001,16.11974455307522,0.031832584788143575,0.006099413337218974,,0.39562751848782013,0.11464466264901119,0.2474873771031409,0,439,,,,,,,,,,,,,7.588130639464308,constrained,0.05,257,1b1fcc79f42d081e03881676f516e58e29cd7bfbc07549d48c6ee2abcb2aa502,13.638492727685705,,,,,,,,,,,,,,,0,0.0,,,,,,,,,0,,ThetaStar,149b2348562b3e89c9475941455e2e6656ad0e54293dc39855ce2083e2f796dc,274,2d5c7fb936376ed48cb5ca3a419e80520e592092277e1b2452e1e37f758f60fe,0,1,long_northeast_to_southwest,True,16.11974455307522,7.588130639464308,13.638492727685705,1,0.022650824999800534
0.006,14.050601245106611,0.03137332039235477,0.009428424304213366,,0.40129730705780964,0.06464466190395313,0.2146446641391273,0,489,,,,,,,,,,,,,13.211045397234995,pivot_g2_fixed,0.05,476,aae8f2700c9e6e6f0461987dc48172c3a560dc638027adccb3e0caefe78453b2,13.57522867931626,0,60,257,0.04,0.0288889,14,0,13,"[{'index': 0, 'radius_min': 0, 'radius_max': 0, 'trim_min': 0, 'trim_max': 0, 'evaluations': 9, 'safe_feasible': 0, 'states': 0, 'selected_radius': 0, 'selected_trim': 0, 'selected_score': 0}, {'index': 1, 'radius_min': 0, 'radius_max': 0, 'trim_min': 0, 'trim_max': 0, 'evaluations': 9, 'safe_feasible': 5, 'states': 0, 'selected_radius': 0.75, 'selected_trim': 0.0923292, 'selected_score': 0.928318}, {'index': 2, 'radius_min': 0, 'radius_max': 0, 'trim_min': 0, 'trim_max': 0, 'evaluations': 9, 'safe_feasible': 2, 'states': 0, 'selected_radius': 0.3, 'selected_trim': 0.0830952, 'selected_score': 0.9}, {'index': 3, 'radius_min': 0, 'radius_max': 0, 'trim_min': 0, 'trim_max': 0, 'evaluations': 9, 'safe_feasible': 3, 'states': 0, 'selected_radius': 0.4, 'selected_trim': 0.10478, 'selected_score': 0.9}, {'index': 4, 'radius_min': 0, 'radius_max': 0, 'trim_min': 0, 'trim_max': 0, 'evaluations': 9, 'safe_feasible': 5, 'states': 0, 'selected_radius': 0.75, 'selected_trim': 0.103019, 'selected_score': 0.925146}, {'index': 5, 'radius_min': 0, 'radius_max': 0, 'trim_min': 0, 'trim_max': 0, 'evaluations': 9, 'safe_feasible': 7, 'states': 0, 'selected_radius': 1.25, 'selected_trim': 0.112712, 'selected_score': 0.80897}, {'index': 6, 'radius_min': 0, 'radius_max': 0, 'trim_min': 0, 'trim_max': 0, 'evaluations': 9, 'safe_feasible': 8, 'states': 0, 'selected_radius': 1.5, 'selected_trim': 0.135255, 'selected_score': 1}, {'index': 7, 'radius_min': 0, 'radius_max': 0, 'trim_min': 0, 'trim_max': 0, 'evaluations': 9, 'safe_feasible': 6, 'states': 0, 'selected_radius': 1, 'selected_trim': 0.0990195, 'selected_score': 0.944928}, {'index': 8, 'radius_min': 0, 'radius_max': 0, 'trim_min': 0, 'trim_max': 0, 'evaluations': 9, 'safe_feasible': 5, 'states': 0, 'selected_radius': 0.75, 'selected_trim': 0.103819, 'selected_score': 0.925472}, {'index': 9, 'radius_min': 0, 'radius_max': 0, 'trim_min': 0, 'trim_max': 0, 'evaluations': 9, 'safe_feasible': 8, 'states': 0, 'selected_radius': 1.5, 'selected_trim': 0.218769, 'selected_score': 1}, {'index': 10, 'radius_min': 0, 'radius_max': 0, 'trim_min': 0, 'trim_max': 0, 'evaluations': 9, 'safe_feasible': 9, 'states': 0, 'selected_radius': 1.25, 'selected_trim': 0.330632, 'selected_score': 0.865787}, {'index': 11, 'radius_min': 0, 'radius_max': 0, 'trim_min': 0, 'trim_max': 0, 'evaluations': 9, 'safe_feasible': 8, 'states': 0, 'selected_radius': 1.5, 'selected_trim': 0.134164, 'selected_score': 1}]",12,0,108,none,11,1,0.785398163397448,200,0.927147,476,1,"{'angular acceleration iteration did not converge': 8, 'transition would overlap an adjacent corner window': 34}",0.0061132,fixed,0.05,0.785398163397448,66,ThetaStar,149b2348562b3e89c9475941455e2e6656ad0e54293dc39855ce2083e2f796dc,273,2d5c7fb936376ed48cb5ca3a419e80520e592092277e1b2452e1e37f758f60fe,0,1,long_northeast_to_southwest,True,5.184640383198443,3.747693709544775,13.577359620557365,2,0.015579373000036867
0.012,27.723148378481852,0.02882497859492172,0.008692182104621322,,0.3943102382465702,0.06464466190395313,0.23390290478282266,0,341,,,,,,,,,,,,,13.211045397234995,pivot_g2,0.05,293,1508e78e9054e933eb954e65e84bd37e798b14fc8768134666cf4e5cc282d5c0,13.601423423596405,299,185,257,0.04,0.0288889,14,0,13,"[{'index': 0, 'radius_min': 0.1, 'radius_max': 0.341421, 'trim_min': 0.0414214, 'trim_max': 0.141421, 'evaluations': 20, 'safe_feasible': 16, 'states': 6, 'selected_radius': 0, 'selected_trim': 0, 'selected_score': 0}, {'index': 1, 'radius_min': 0.1, 'radius_max': 1.5, 'trim_min': 0.0123106, 'trim_max': 0.184658, 'evaluations': 20, 'safe_feasible': 17, 'states': 6, 'selected_radius': 0, 'selected_trim': 0, 'selected_score': 0}, {'index': 2, 'radius_min': 0.1, 'radius_max': 0.744286, 'trim_min': 0.0276984, 'trim_max': 0.206155, 'evaluations': 20, 'safe_feasible': 14, 'states': 6, 'selected_radius': 0, 'selected_trim': 0, 'selected_score': 0}, {'index': 3, 'radius_min': 0.1, 'radius_max': 1.07975, 'trim_min': 0.0261951, 'trim_max': 0.282843, 'evaluations': 20, 'safe_feasible': 18, 'states': 6, 'selected_radius': 0, 'selected_trim': 0, 'selected_score': 0}, {'index': 4, 'radius_min': 0.1, 'radius_max': 1.5, 'trim_min': 0.0137359, 'trim_max': 0.206038, 'evaluations': 20, 'safe_feasible': 17, 'states': 6, 'selected_radius': 0, 'selected_trim': 0, 'selected_score': 0}, {'index': 5, 'radius_min': 0.1, 'radius_max': 1.5, 'trim_min': 0.00901699, 'trim_max': 0.135255, 'evaluations': 20, 'safe_feasible': 17, 'states': 6, 'selected_radius': 0, 'selected_trim': 0, 'selected_score': 0}, {'index': 6, 'radius_min': 0.1, 'radius_max': 1.5, 'trim_min': 0.00901699, 'trim_max': 0.135255, 'evaluations': 20, 'safe_feasible': 17, 'states': 6, 'selected_radius': 0, 'selected_trim': 0, 'selected_score': 0}, {'index': 7, 'radius_min': 0.1, 'radius_max': 1.5, 'trim_min': 0.00990195, 'trim_max': 0.148529, 'evaluations': 20, 'safe_feasible': 17, 'states': 6, 'selected_radius': 0, 'selected_trim': 0, 'selected_score': 0}, {'index': 8, 'radius_min': 0.1, 'radius_max': 1.5, 'trim_min': 0.0138425, 'trim_max': 0.207637, 'evaluations': 20, 'safe_feasible': 17, 'states': 6, 'selected_radius': 0, 'selected_trim': 0, 'selected_score': 0}, {'index': 9, 'radius_min': 0.1, 'radius_max': 1.5, 'trim_min': 0.0145846, 'trim_max': 0.218769, 'evaluations': 20, 'safe_feasible': 17, 'states': 6, 'selected_radius': 0, 'selected_trim': 0, 'selected_score': 0}, {'index': 10, 'radius_min': 0.1, 'radius_max': 1.5, 'trim_min': 0.0264506, 'trim_max': 0.396759, 'evaluations': 20, 'safe_feasible': 18, 'states': 6, 'selected_radius': 0, 'selected_trim': 0, 'selected_score': 0}, {'index': 11, 'radius_min': 0.1, 'radius_max': 1.5, 'trim_min': 0.00894426, 'trim_max': 0.134164, 'evaluations': 20, 'safe_feasible': 17, 'states': 6, 'selected_radius': 0, 'selected_trim': 0, 'selected_score': 0}]",12,72,240,all_pivot,0,12,0.785398163397448,200,0,293,12,"{'angular acceleration iteration did not converge': 21, 'transition requires a reversing inner wheel': 17}",0.0132539,adaptive,0.05,4.173626394867705,202,ThetaStar,149b2348562b3e89c9475941455e2e6656ad0e54293dc39855ce2083e2f796dc,274,2d5c7fb936376ed48cb5ca3a419e80520e592092277e1b2452e1e37f758f60fe,0,1,long_northeast_to_southwest,True,1.1209535676181013e-25,3.6082248300317476e-13,13.607300052676594,13,0.037773495000237745
0.006,3.786153728282893,0.036625392834008785,0.008220050110389558,,0.3947526855556182,0.11464466264901119,0.2146446641391273,0,471,5.18464,1,253,True,45.1737,253,True,simple_default,simple,3.78615,253,True,1.9236468568945004,adaptive_hybrid_fixed,0.05,257,33e03f765d65605cb9c34f500271aeccae7ecabe33450159ac4c9371f390079f,13.52347213633812,,,,,,,,,,,,,,,0,0.0,,,,,,,,,0,,ThetaStar,149b2348562b3e89c9475941455e2e6656ad0e54293dc39855ce2083e2f796dc,272,2d5c7fb936376ed48cb5ca3a419e80520e592092277e1b2452e1e37f758f60fe,0,1,long_northeast_to_southwest,True,3.786153728282893,1.9236468568945004,13.52347213633812,1,0.01326393299996198
0.015000000000000001,3.786153728282893,0.036625392834008785,0.008220050110389558,,0.3947526855556182,0.11464466264901119,0.2146446641391273,0,471,1.10473e-25,12,253,True,45.1737,253,True,simple_default,simple,3.78615,253,True,1.9236468568945004,adaptive_hybrid,0.05,257,33e03f765d65605cb9c34f500271aeccae7ecabe33450159ac4c9371f390079f,13.52347213633812,,,,,,,,,,,,,,,0,0.0,,,,,,,,,0,,ThetaStar,149b2348562b3e89c9475941455e2e6656ad0e54293dc39855ce2083e2f796dc,272,2d5c7fb936376ed48cb5ca3a419e80520e592092277e1b2452e1e37f758f60fe,0,1,long_northeast_to_southwest,True,3.786153728282893,1.9236468568945004,13.52347213633812,1,0.022686398000132613
0.003,6.395537274030103,4.440892098500626e-16,9.657509968541698e-17,,0.8005139033656922,0.12275854577833645,0.2146446641391273,0,432,,,,,,,,,,,,,4.840253019711573,raw,0.05,214,42499c2533bc06be6f4a51e09621c78128864bce6b4115830b4169ed0fe804d2,12.113725663011616,,,,,,,,,,,,,,,0,0.0,,,,,,,,,0,,ThetaStar,b44b951f1f0f1074e0aaa7cc3f66a29c15d57fed8b98fe1f14aefdc8d6bd7c20,244,42499c2533bc06be6f4a51e09621c78128864bce6b4115830b4169ed0fe804d2,0,1,crossing_northwest_to_southeast,True,6.395537274030103,4.840253019711573,12.113725663011616,1,0.006347338000068703
0.0,0.515671448531363,0.015010734665652496,0.0038623204944006895,,0.7540237285462179,0.2146446641391273,0.2146446641391273,0,433,,,,,,,,,,,,,0.6708777790248245,simple,0.05,214,353cd598fd787e6892f4750a70a9b99b9dfbe2b875c738f331ae6c28223ed4f6,12.096669192022595,,,,,,,,,,,,,,,0,0.0,,,,,,,,,0,,ThetaStar,b44b951f1f0f1074e0aaa7cc3f66a29c15d57fed8b98fe1f14aefdc8d6bd7c20,243,42499c2533bc06be6f4a51e09621c78128864bce6b4115830b4169ed0fe804d2,0,1,crossing_northwest_to_southeast,True,0.515671448531363,0.6708777790248245,12.096669192022595,1,0.008417482999902859
0.0,1.6343483908985632,0.0062239539859025896,0.0012862596986597593,,0.7770494868972996,0.2146446641391273,0.2153873105021395,0,384,,,,,,,,,,,,,1.3737662246708784,savitzky_golay,0.05,214,b08dc6193edfeb5113e5020d228cc210a52a9775cd951f3aeb29cd747a0ee2d8,12.10699062415619,,,,,,,,,,,,,,,0,0.0,,,,,,,,,0,,ThetaStar,b44b951f1f0f1074e0aaa7cc3f66a29c15d57fed8b98fe1f14aefdc8d6bd7c20,244,42499c2533bc06be6f4a51e09621c78128864bce6b4115830b4169ed0fe804d2,0,1,crossing_northwest_to_southeast,True,1.6343483908985632,1.3737662246708784,12.10699062415619,1,0.00852994300021237
0.015000000000000001,4.217861571591243,0.025145316268992034,0.005549369662558405,,0.7827543689025261,0.23390290478282266,0.2474873771031409,0,368,,,,,,,,,,,,,2.9798426564085583,constrained,0.05,214,28902ee175ddb94cdf8076302e6ecd27dfc7f178db8bf2c296a8c098b97958e0,12.128109948933181,,,,,,,,,,,,,,,0,0.0,,,,,,,,,0,,ThetaStar,b44b951f1f0f1074e0aaa7cc3f66a29c15d57fed8b98fe1f14aefdc8d6bd7c20,244,42499c2533bc06be6f4a51e09621c78128864bce6b4115830b4169ed0fe804d2,0,1,crossing_northwest_to_southeast,True,4.217861571591243,2.9798426564085583,12.128109948933181,1,0.020036400000208232
0.006,0.7539978102333921,0.03535533958616306,0.01084487472535786,,0.7049232669987653,0.18825146149581692,0.2146446641391273,0,394,,,,,,,,,,,,,0.776477549042332,pivot_g2_fixed,0.05,388,9ece8561bbaf83436789f866323c7b4412de2a6d2c368052cfd6609cf97e8f8e,12.09238461897905,0,42,214,0.04,0.0353553,8,0,7,"[{'index': 0, 'radius_min': 0, 'radius_max': 0, 'trim_min': 0, 'trim_max': 0, 'evaluations': 9, 'safe_feasible': 7, 'states': 0, 'selected_radius': 1.5, 'selected_trim': 0.0830777, 'selected_score': 1}, {'index': 1, 'radius_min': 0, 'radius_max': 0, 'trim_min': 0, 'trim_max': 0, 'evaluations': 9, 'safe_feasible': 8, 'states': 0, 'selected_radius': 1.5, 'selected_trim': 0.243416, 'selected_score': 0.85}, {'index': 2, 'radius_min': 0, 'radius_max': 0, 'trim_min': 0, 'trim_max': 0, 'evaluations': 9, 'safe_feasible': 7, 'states': 0, 'selected_radius': 1.5, 'selected_trim': 0.0712673, 'selected_score': 1}, {'index': 3, 'radius_min': 0, 'radius_max': 0, 'trim_min': 0, 'trim_max': 0, 'evaluations': 9, 'safe_feasible': 8, 'states': 0, 'selected_radius': 1.5, 'selected_trim': 0.178472, 'selected_score': 0.85}, {'index': 4, 'radius_min': 0, 'radius_max': 0, 'trim_min': 0, 'trim_max': 0, 'evaluations': 9, 'safe_feasible': 7, 'states': 0, 'selected_radius': 1.5, 'selected_trim': 0.0694385, 'selected_score': 1}, {'index': 5, 'radius_min': 0, 'radius_max': 0, 'trim_min': 0, 'trim_max': 0, 'evaluations': 9, 'safe_feasible': 8, 'states': 0, 'selected_radius': 1.5, 'selected_trim': 0.205789, 'selected_score': 1}]",6,0,54,none,6,0,0.0,200,0.95,388,0,{'angular acceleration iteration did not converge': 9},0.00497941,fixed,0.05,0,45,ThetaStar,b44b951f1f0f1074e0aaa7cc3f66a29c15d57fed8b98fe1f14aefdc8d6bd7c20,243,42499c2533bc06be6f4a51e09621c78128864bce6b4115830b4169ed0fe804d2,0,1,crossing_northwest_to_southeast,True,0.7539978102333921,0.776477549042332,12.09238461897905,1,0.012293792000036774
0.006,0.7539978102333841,0.03535533958616306,0.01084487472535786,,0.7049232669987653,0.18825146149581692,0.2146446641391273,0,394,,,,,,,,,,,,,0.776477549042332,pivot_g2,0.05,388,9ece8561bbaf83436789f866323c7b4412de2a6d2c368052cfd6609cf97e8f8e,12.09238461897905,180,76,214,0.04,0.0353553,8,0,7,"[{'index': 0, 'radius_min': 0.1, 'radius_max': 1.5, 'trim_min': 0.00553851, 'trim_max': 0.0830777, 'evaluations': 11, 'safe_feasible': 9, 'states': 6, 'selected_radius': 1.5, 'selected_trim': 0.0830777, 'selected_score': 0.078482}, {'index': 1, 'radius_min': 0.1, 'radius_max': 1.5, 'trim_min': 0.0162278, 'trim_max': 0.243416, 'evaluations': 20, 'safe_feasible': 17, 'states': 6, 'selected_radius': 1.5, 'selected_trim': 0.243416, 'selected_score': 0.296918}, {'index': 2, 'radius_min': 0.1, 'radius_max': 1.5, 'trim_min': 0.00475116, 'trim_max': 0.0712673, 'evaluations': 11, 'safe_feasible': 9, 'states': 6, 'selected_radius': 1.5, 'selected_trim': 0.0712673, 'selected_score': 0.0691419}, {'index': 3, 'radius_min': 0.1, 'radius_max': 1.5, 'trim_min': 0.0118981, 'trim_max': 0.178472, 'evaluations': 20, 'safe_feasible': 17, 'states': 6, 'selected_radius': 1.5, 'selected_trim': 0.178472, 'selected_score': 0.258096}, {'index': 4, 'radius_min': 0.1, 'radius_max': 1.5, 'trim_min': 0.00462923, 'trim_max': 0.0694385, 'evaluations': 11, 'safe_feasible': 9, 'states': 6, 'selected_radius': 1.5, 'selected_trim': 0.0694385, 'selected_score': 0.0676732}, {'index': 5, 'radius_min': 0.1, 'radius_max': 1.5, 'trim_min': 0.0137193, 'trim_max': 0.205789, 'evaluations': 20, 'safe_feasible': 17, 'states': 6, 'selected_radius': 1.5, 'selected_trim': 0.205789, 'selected_score': 0.151611}]",6,36,93,none,6,0,0.0,200,0.153654,388,0,"{'angular acceleration iteration did not converge': 9, 'transition requires a reversing inner wheel': 6}",0.00846161,adaptive,0.05,0,78,ThetaStar,b44b951f1f0f1074e0aaa7cc3f66a29c15d57fed8b98fe1f14aefdc8d6bd7c20,243,42499c2533bc06be6f4a51e09621c78128864bce6b4115830b4169ed0fe804d2,0,1,crossing_northwest_to_southeast,True,0.7539978102333841,0.776477549042332,12.09238461897905,1,0.016488001000197983
0.009000000000000001,0.515671448531363,0.015010734665652496,0.0038623204944006895,,0.7540237285462179,0.2146446641391273,0.2146446641391273,0,433,0.753998,0,214,True,6.39554,253,True,simple_default,simple,0.515671,202,True,0.6708777790248245,adaptive_hybrid_fixed,0.05,214,353cd598fd787e6892f4750a70a9b99b9dfbe2b875c738f331ae6c28223ed4f6,12.096669192022595,,,,,,,,,,,,,,,0,0.0,,,,,,,,,0,,ThetaStar,b44b951f1f0f1074e0aaa7cc3f66a29c15d57fed8b98fe1f14aefdc8d6bd7c20,243,42499c2533bc06be6f4a51e09621c78128864bce6b4115830b4169ed0fe804d2,0,1,crossing_northwest_to_southeast,True,0.515671448531363,0.6708777790248245,12.096669192022595,1,0.012371716999950877
0.009000000000000001,0.515671448531363,0.015010734665652496,0.0038623204944006895,,0.7540237285462179,0.2146446641391273,0.2146446641391273,0,433,0.753998,0,214,True,6.39554,253,True,simple_default,simple,0.515671,202,True,0.6708777790248245,adaptive_hybrid,0.05,214,353cd598fd787e6892f4750a70a9b99b9dfbe2b875c738f331ae6c28223ed4f6,12.096669192022595,,,,,,,,,,,,,,,0,0.0,,,,,,,,,0,,ThetaStar,b44b951f1f0f1074e0aaa7cc3f66a29c15d57fed8b98fe1f14aefdc8d6bd7c20,243,42499c2533bc06be6f4a51e09621c78128864bce6b4115830b4169ed0fe804d2,0,1,crossing_northwest_to_southeast,True,0.515671448531363,0.6708777790248245,12.096669192022595,1,0.013172559999929945
0.0,12.123095354138863,2.220446049250313e-16,2.842226990475082e-17,,0.6598676484060172,0.1449222268733815,0.2146446641391273,0,266,,,,,,,,,,,,,10.645834363835602,raw,0.05,127,4302d1c52274e396b5fa3f08f611fb742bb63b7b5f5a7857d4927a94b14ff3e5,6.873134571362492,,,,,,,,,,,,,,,0,0.0,,,,,,,,,0,,ThetaStar,5589fb3e223a928f4fb9989c8e0410f5ce39bfe2cfe513957fa0c32ff5f7c8f6,139,4302d1c52274e396b5fa3f08f611fb742bb63b7b5f5a7857d4927a94b14ff3e5,0,1,central_south_to_north,True,12.123095354138863,10.645834363835602,6.873134571362492,1,0.004917477000162762
0.003,0.7609955221891584,0.030800461798113438,0.006058475612367542,,0.6526316684565269,0.2146446641391273,0.23390290478282266,0,254,,,,,,,,,,,,,1.448581680804423,simple,0.05,127,fca379d72bcbf5a883e7a25dd0925bd1f210979339673b4e7ef1e020fcbf14c9,6.84801482095011,,,,,,,,,,,,,,,0,0.0,,,,,,,,,0,,ThetaStar,5589fb3e223a928f4fb9989c8e0410f5ce39bfe2cfe513957fa0c32ff5f7c8f6,138,4302d1c52274e396b5fa3f08f611fb742bb63b7b5f5a7857d4927a94b14ff3e5,0,1,central_south_to_north,True,0.7609955221891584,1.448581680804423,6.84801482095011,1,0.007442301000082807
0.0,2.137711148992248,0.010359212325773725,0.0017699162973123493,,0.6587750923536797,0.2474873771031409,0.2474873771031409,0,215,,,,,,,,,,,,,2.8432617146292185,savitzky_golay,0.05,127,c7e4112cd469afb37447b1b45ec3721d2452f90dc4bbfa2328160b17809b332d,6.86352796910122,,,,,,,,,,,,,,,0,0.0,,,,,,,,,0,,ThetaStar,5589fb3e223a928f4fb9989c8e0410f5ce39bfe2cfe513957fa0c32ff5f7c8f6,139,4302d1c52274e396b5fa3f08f611fb742bb63b7b5f5a7857d4927a94b14ff3e5,0,1,central_south_to_north,True,2.137711148992248,2.8432617146292185,6.86352796910122,1,0.007658767000066291
0.009000000000000001,3.4341845572417458,0.011264798237928074,0.0034823273611861833,,0.6414588445293898,0.2474873771031409,0.25619225950049973,0,221,,,,,,,,,,,,,2.9144845046424406,constrained,0.05,127,1009a245c3cbc398f407c2a3bb44ddab8a81761c0b4e29171e9a031f3399db6c,6.87287274273103,,,,,,,,,,,,,,,0,0.0,,,,,,,,,0,,ThetaStar,5589fb3e223a928f4fb9989c8e0410f5ce39bfe2cfe513957fa0c32ff5f7c8f6,139,4302d1c52274e396b5fa3f08f611fb742bb63b7b5f5a7857d4927a94b14ff3e5,0,1,central_south_to_north,True,3.4341845572417458,2.9144845046424406,6.87287274273103,1,0.011793221999596426
0.003,0.7524325931401341,0.05434070415247779,0.019943330687298297,,0.5623456898380975,0.2146446641391273,0.2146446641391273,0,266,,,,,,,,,,,,,0.7828659671741247,pivot_g2_fixed,0.05,263,e114768d075f5e5dc9cbb093295baf3c99fc0c9654878fe3322e71146cdb6580,6.8375757402262565,0,21,127,0.04,0.0362689,5,0,4,"[{'index': 0, 'radius_min': 0, 'radius_max': 0, 'trim_min': 0, 'trim_max': 0, 'evaluations': 9, 'safe_feasible': 8, 'states': 0, 'selected_radius': 1.5, 'selected_trim': 0.232884, 'selected_score': 1}, {'index': 1, 'radius_min': 0, 'radius_max': 0, 'trim_min': 0, 'trim_max': 0, 'evaluations': 9, 'safe_feasible': 9, 'states': 0, 'selected_radius': 1.5, 'selected_trim': 0.457591, 'selected_score': 0.85}, {'index': 2, 'radius_min': 0, 'radius_max': 0, 'trim_min': 0, 'trim_max': 0, 'evaluations': 9, 'safe_feasible': 8, 'states': 0, 'selected_radius': 1.5, 'selected_trim': 0.132541, 'selected_score': 1}]",3,0,27,none,3,0,0.0,200,0.95,263,0,{'angular acceleration iteration did not converge': 2},0.00261387,fixed,0.05,0,25,ThetaStar,5589fb3e223a928f4fb9989c8e0410f5ce39bfe2cfe513957fa0c32ff5f7c8f6,138,4302d1c52274e396b5fa3f08f611fb742bb63b7b5f5a7857d4927a94b14ff3e5,0,1,central_south_to_north,True,0.7524325931401341,0.7828659671741247,6.8375757402262565,1,0.009482324000146036
0.006,0.7524325931401341,0.05434070415247779,0.019943330687298297,,0.5623456898380975,0.2146446641391273,0.2146446641391273,0,266,,,,,,,,,,,,,0.7828659671741247,pivot_g2,0.05,263,e114768d075f5e5dc9cbb093295baf3c99fc0c9654878fe3322e71146cdb6580,6.8375757402262565,72,49,127,0.04,0.0362689,5,0,4,"[{'index': 0, 'radius_min': 0.1, 'radius_max': 1.5, 'trim_min': 0.0155256, 'trim_max': 0.232884, 'evaluations': 20, 'safe_feasible': 17, 'states': 6, 'selected_radius': 1.5, 'selected_trim': 0.232884, 'selected_score': 0.164646}, {'index': 1, 'radius_min': 0.1, 'radius_max': 1.5, 'trim_min': 0.0305061, 'trim_max': 0.457591, 'evaluations': 20, 'safe_feasible': 18, 'states': 6, 'selected_radius': 1.5, 'selected_trim': 0.457591, 'selected_score': 0.380413}, {'index': 2, 'radius_min': 0.1, 'radius_max': 1.5, 'trim_min': 0.00883609, 'trim_max': 0.132541, 'evaluations': 20, 'safe_feasible': 17, 'states': 6, 'selected_radius': 1.5, 'selected_trim': 0.132541, 'selected_score': 0.112496}]",3,18,60,none,3,0,0.0,200,0.219185,263,0,"{'angular acceleration iteration did not converge': 4, 'transition requires a reversing inner wheel': 4}",0.00663334,adaptive,0.05,0,52,ThetaStar,5589fb3e223a928f4fb9989c8e0410f5ce39bfe2cfe513957fa0c32ff5f7c8f6,138,4302d1c52274e396b5fa3f08f611fb742bb63b7b5f5a7857d4927a94b14ff3e5,0,1,central_south_to_north,True,0.7524325931401341,0.7828659671741247,6.8375757402262565,1,0.012251770000148099
0.003,0.7609955221891584,0.030800461798113438,0.006058475612367542,,0.6526316684565269,0.2146446641391273,0.23390290478282266,0,254,0.752433,0,214,True,12.1231,253,True,simple_default,simple,0.760996,177,True,1.448581680804423,adaptive_hybrid_fixed,0.05,127,fca379d72bcbf5a883e7a25dd0925bd1f210979339673b4e7ef1e020fcbf14c9,6.84801482095011,,,,,,,,,,,,,,,0,0.0,,,,,,,,,0,,ThetaStar,5589fb3e223a928f4fb9989c8e0410f5ce39bfe2cfe513957fa0c32ff5f7c8f6,138,4302d1c52274e396b5fa3f08f611fb742bb63b7b5f5a7857d4927a94b14ff3e5,0,1,central_south_to_north,True,0.7609955221891584,1.448581680804423,6.84801482095011,1,0.008149329999923793
0.006,0.7609955221891584,0.030800461798113438,0.006058475612367542,,0.6526316684565269,0.2146446641391273,0.23390290478282266,0,254,0.752433,0,214,True,12.1231,253,True,simple_default,simple,0.760996,177,True,1.448581680804423,adaptive_hybrid,0.05,127,fca379d72bcbf5a883e7a25dd0925bd1f210979339673b4e7ef1e020fcbf14c9,6.84801482095011,,,,,,,,,,,,,,,0,0.0,,,,,,,,,0,,ThetaStar,5589fb3e223a928f4fb9989c8e0410f5ce39bfe2cfe513957fa0c32ff5f7c8f6,138,4302d1c52274e396b5fa3f08f611fb742bb63b7b5f5a7857d4927a94b14ff3e5,0,1,central_south_to_north,True,0.7609955221891584,1.448581680804423,6.84801482095011,1,0.01060990199994194
0.003,16.62820568265105,2.220446049250313e-16,4.7566883115954424e-17,,0.4249634082314902,0.12275854577833645,0.18366155606981613,0,273,,,,,,,,,,,,,8.26565566327993,raw,0.05,127,9ce86fb6c3037e614c120121b2c0c74c273267f21056cdcfff07b9d164c9e5e7,6.612528849532631,,,,,,,,,,,,,,,0,0.0,,,,,,,,,0,,ThetaStar,5947e6176039f34fe93c4e279c1b28d548cf2c869d971f5bf1e3390372e035d4,134,9ce86fb6c3037e614c120121b2c0c74c273267f21056cdcfff07b9d164c9e5e7,0,1,right_south_to_north,True,16.62820568265105,8.26565566327993,6.612528849532631,1,0.005505695000010746
0.0,1.6309682304216437,0.03178326842305829,0.008068911119395701,,0.42974529865127686,0.2146446641391273,0.2146446641391273,0,273,,,,,,,,,,,,,1.9625011100142362,simple,0.05,127,ae309ec934ba05a76fa06914e56bcc4f30d8d331459a2d4b5c5a01597e1de6b9,6.569250518458765,,,,,,,,,,,,,,,0,0.0,,,,,,,,,0,,ThetaStar,5947e6176039f34fe93c4e279c1b28d548cf2c869d971f5bf1e3390372e035d4,133,9ce86fb6c3037e614c120121b2c0c74c273267f21056cdcfff07b9d164c9e5e7,0,1,right_south_to_north,True,1.6309682304216437,1.9625011100142362,6.569250518458765,1,0.007192209999629995
0.003,4.161736159757461,0.011174071971034549,0.0021704752633320795,,0.4266794714209471,0.2146446641391273,0.23390290478282266,0,240,,,,,,,,,,,,,3.1943424772381164,savitzky_golay,0.05,127,22c6d1639dc4bb0f15cf87a75f508cf6fa06ff2ce68b676227af2a7e8ea2ad11,6.599625914720364,,,,,,,,,,,,,,,0,0.0,,,,,,,,,0,,ThetaStar,5947e6176039f34fe93c4e279c1b28d548cf2c869d971f5bf1e3390372e035d4,134,9ce86fb6c3037e614c120121b2c0c74c273267f21056cdcfff07b9d164c9e5e7,0,1,right_south_to_north,True,4.161736159757461,3.1943424772381164,6.599625914720364,1,0.007089188999998441
0.009000000000000001,8.259012502685719,0.013312288093193738,0.003568535177059245,,0.44414762555313664,0.2146446641391273,0.23390290478282266,0,231,,,,,,,,,,,,,4.656783958273859,constrained,0.05,127,789963443f88175aecbbd796a8d9d01848c4a73a70e45ee155484c3bbd796f83,6.618468195296113,,,,,,,,,,,,,,,0,0.0,,,,,,,,,0,,ThetaStar,5947e6176039f34fe93c4e279c1b28d548cf2c869d971f5bf1e3390372e035d4,134,9ce86fb6c3037e614c120121b2c0c74c273267f21056cdcfff07b9d164c9e5e7,0,1,right_south_to_north,True,8.259012502685719,4.656783958273859,6.618468195296113,1,0.012969630000043253
0.006,2.196292004476933,0.03444972248249021,0.008949832849570535,,0.34065377364186905,0.2146446641391273,0.21959563989254183,0,329,,,,,,,,,,,,,1.9475140328602452,pivot_g2_fixed,0.05,328,13f775d14fd46ffe48fde922e56728cb43d62750b9b2dd1a9b65620c11fb269b,6.5745513385768595,0,42,127,0.04,0.0348263,9,0,8,"[{'index': 0, 'radius_min': 0, 'radius_max': 0, 'trim_min': 0, 'trim_max': 0, 'evaluations': 9, 'safe_feasible': 8, 'states': 0, 'selected_radius': 1.5, 'selected_trim': 0.167249, 'selected_score': 1}, {'index': 1, 'radius_min': 0, 'radius_max': 0, 'trim_min': 0, 'trim_max': 0, 'evaluations': 9, 'safe_feasible': 3, 'states': 0, 'selected_radius': 0.6, 'selected_trim': 0.214178, 'selected_score': 0.75}, {'index': 2, 'radius_min': 0, 'radius_max': 0, 'trim_min': 0, 'trim_max': 0, 'evaluations': 9, 'safe_feasible': 7, 'states': 0, 'selected_radius': 1.25, 'selected_trim': 0.202847, 'selected_score': 0.85}, {'index': 3, 'radius_min': 0, 'radius_max': 0, 'trim_min': 0, 'trim_max': 0, 'evaluations': 9, 'safe_feasible': 8, 'states': 0, 'selected_radius': 1.5, 'selected_trim': 0.243416, 'selected_score': 0.85}, {'index': 4, 'radius_min': 0, 'radius_max': 0, 'trim_min': 0, 'trim_max': 0, 'evaluations': 9, 'safe_feasible': 7, 'states': 0, 'selected_radius': 1.25, 'selected_trim': 0.0888348, 'selected_score': 0.960618}, {'index': 5, 'radius_min': 0, 'radius_max': 0, 'trim_min': 0, 'trim_max': 0, 'evaluations': 9, 'safe_feasible': 8, 'states': 0, 'selected_radius': 1.5, 'selected_trim': 0.184658, 'selected_score': 1}, {'index': 6, 'radius_min': 0, 'radius_max': 0, 'trim_min': 0, 'trim_max': 0, 'evaluations': 9, 'safe_feasible': 7, 'states': 0, 'selected_radius': 1.5, 'selected_trim': 0.100893, 'selected_score': 0.988443}]",7,0,63,none,7,0,0.0,200,0.914152,328,0,"{'angular acceleration iteration did not converge': 10, 'transition would overlap an adjacent corner window': 5}",0.00514556,fixed,0.05,0,48,ThetaStar,5947e6176039f34fe93c4e279c1b28d548cf2c869d971f5bf1e3390372e035d4,133,9ce86fb6c3037e614c120121b2c0c74c273267f21056cdcfff07b9d164c9e5e7,0,1,right_south_to_north,True,2.196292004476933,1.9475140328602452,6.5745513385768595,1,0.011525431000336539
0.006,2.8677278028323667,0.03273474461048285,0.008297826221659315,,0.34847284040985743,0.2146446641391273,0.21959563989254183,0,312,,,,,,,,,,,,,3.2071445732072417,pivot_g2,0.05,311,04dccec4909c728f86dbae2b693744352e352d35f78fd34f2f3952ed31985350,6.579819224674917,168,99,127,0.04,0.0348263,9,0,8,"[{'index': 0, 'radius_min': 0.1, 'radius_max': 1.5, 'trim_min': 0.01115, 'trim_max': 0.167249, 'evaluations': 20, 'safe_feasible': 17, 'states': 6, 'selected_radius': 1.5, 'selected_trim': 0.167249, 'selected_score': 0.214087}, {'index': 1, 'radius_min': 0.1, 'radius_max': 1.38663, 'trim_min': 0.0356963, 'trim_max': 0.494975, 'evaluations': 20, 'safe_feasible': 17, 'states': 6, 'selected_radius': 0.357325, 'selected_trim': 0.127552, 'selected_score': 0.692526}, {'index': 2, 'radius_min': 0.1, 'radius_max': 1.5, 'trim_min': 0.0162278, 'trim_max': 0.243416, 'evaluations': 20, 'safe_feasible': 17, 'states': 6, 'selected_radius': 1.5, 'selected_trim': 0.243416, 'selected_score': 0.274894}, {'index': 3, 'radius_min': 0.1, 'radius_max': 1.5, 'trim_min': 0.0162278, 'trim_max': 0.243416, 'evaluations': 20, 'safe_feasible': 17, 'states': 6, 'selected_radius': 1.5, 'selected_trim': 0.243416, 'selected_score': 0.289775}, {'index': 4, 'radius_min': 0.1, 'radius_max': 1.5, 'trim_min': 0.00710678, 'trim_max': 0.106602, 'evaluations': 11, 'safe_feasible': 9, 'states': 6, 'selected_radius': 1.36, 'selected_trim': 0.0966522, 'selected_score': 0.167008}, {'index': 5, 'radius_min': 0.1, 'radius_max': 1.5, 'trim_min': 0.0123106, 'trim_max': 0.184658, 'evaluations': 20, 'safe_feasible': 17, 'states': 6, 'selected_radius': 1.5, 'selected_trim': 0.184658, 'selected_score': 0.204716}, {'index': 6, 'radius_min': 0.1, 'radius_max': 1.5, 'trim_min': 0.00672618, 'trim_max': 0.100893, 'evaluations': 11, 'safe_feasible': 9, 'states': 6, 'selected_radius': 1.5, 'selected_trim': 0.100893, 'selected_score': 0.0921418}]",7,42,122,none,7,0,0.0,200,0.27645,311,0,"{'angular acceleration iteration did not converge': 10, 'transition requires a reversing inner wheel': 9}",0.00770487,adaptive,0.05,0,103,ThetaStar,5947e6176039f34fe93c4e279c1b28d548cf2c869d971f5bf1e3390372e035d4,133,9ce86fb6c3037e614c120121b2c0c74c273267f21056cdcfff07b9d164c9e5e7,0,1,right_south_to_north,True,2.8677278028323667,3.2071445732072417,6.579819224674917,1,0.01927868899974783
0.003,1.6309682304216437,0.03178326842305829,0.008068911119395701,,0.42974529865127686,0.2146446641391273,0.2146446641391273,0,273,2.19629,0,202,True,16.6282,253,True,simple_default,simple,1.63097,202,True,1.9625011100142362,adaptive_hybrid_fixed,0.05,127,ae309ec934ba05a76fa06914e56bcc4f30d8d331459a2d4b5c5a01597e1de6b9,6.569250518458765,,,,,,,,,,,,,,,0,0.0,,,,,,,,,0,,ThetaStar,5947e6176039f34fe93c4e279c1b28d548cf2c869d971f5bf1e3390372e035d4,133,9ce86fb6c3037e614c120121b2c0c74c273267f21056cdcfff07b9d164c9e5e7,0,1,right_south_to_north,True,1.6309682304216437,1.9625011100142362,6.569250518458765,1,0.008286212999792042
0.009000000000000001,1.6309682304216437,0.03178326842305829,0.008068911119395701,,0.42974529865127686,0.2146446641391273,0.2146446641391273,0,273,2.86773,0,202,True,16.6282,253,True,simple_default,simple,1.63097,202,True,1.9625011100142362,adaptive_hybrid,0.05,127,ae309ec934ba05a76fa06914e56bcc4f30d8d331459a2d4b5c5a01597e1de6b9,6.569250518458765,,,,,,,,,,,,,,,0,0.0,,,,,,,,,0,,ThetaStar,5947e6176039f34fe93c4e279c1b28d548cf2c869d971f5bf1e3390372e035d4,133,9ce86fb6c3037e614c120121b2c0c74c273267f21056cdcfff07b9d164c9e5e7,0,1,right_south_to_north,True,1.6309682304216437,1.9625011100142362,6.569250518458765,1,0.014703368000027695
0.0,2.0526514226841295,0.0,0.0,,0.5637597135891347,0.5146446686094757,0.5646446693545337,0,113,,,,,,,,,,,,,6.407263793299952,raw,0.05,57,b9af984cae3ff37be1b1d86838211533cc2c50afbb785e3931451088bbe5f48c,2.829056893911444,,,,,,,,,,,,,,,0,0.0,,,,,,,,,0,,ThetaStar,8e8937e9c159df347bfeb35a8ef5ba9f07427b0a573b34c67b41c67bdab7e75a,58,b9af984cae3ff37be1b1d86838211533cc2c50afbb785e3931451088bbe5f48c,0,1,upper_open_short,True,2.0526514226841295,6.407263793299952,2.829056893911444,1,0.0030310460001601314
0.0,0.04572012292656234,0.014979399291575275,0.0027272294454478915,,0.5588924568794387,0.5146446686094757,0.5146446686094757,0,113,,,,,,,,,,,,,0.4976393772984014,simple,0.05,57,20ba79610c6a4eafc4d6fbe861c9e0546ddb86c1b3a971f8255de246a63a932b,2.8260990627299125,,,,,,,,,,,,,,,0,0.0,,,,,,,,,0,,ThetaStar,8e8937e9c159df347bfeb35a8ef5ba9f07427b0a573b34c67b41c67bdab7e75a,58,b9af984cae3ff37be1b1d86838211533cc2c50afbb785e3931451088bbe5f48c,0,1,upper_open_short,True,0.04572012292656234,0.4976393772984014,2.8260990627299125,1,0.005471517999922071
0.003,0.2470541439408173,0.009705398195702526,0.0014369802481481986,,0.5598827645216712,0.4646446678644176,0.5146446686094757,0,105,,,,,,,,,,,,,1.5012197752645158,savitzky_golay,0.05,57,27e8359c14664722c4d09646a9c495d277cd61e17b5bf57af2db334121f99165,2.827111849674499,,,,,,,,,,,,,,,0,0.0,,,,,,,,,0,,ThetaStar,8e8937e9c159df347bfeb35a8ef5ba9f07427b0a573b34c67b41c67bdab7e75a,58,b9af984cae3ff37be1b1d86838211533cc2c50afbb785e3931451088bbe5f48c,0,1,upper_open_short,True,0.2470541439408173,1.5012197752645158,2.827111849674499,1,0.02142361300002449
0.006,1.0882660079630662,0.009829261359295405,0.002009756312387346,,0.5572762481921044,0.5146446686094757,0.5146446686094757,0,95,,,,,,,,,,,,,3.1403909058986397,constrained,0.05,57,c4f3f198aae741efe219aef98b9ed6bfa59dfebe465705cde77cffc497aa33a4,2.8301947832720753,,,,,,,,,,,,,,,0,0.0,,,,,,,,,0,,ThetaStar,8e8937e9c159df347bfeb35a8ef5ba9f07427b0a573b34c67b41c67bdab7e75a,58,b9af984cae3ff37be1b1d86838211533cc2c50afbb785e3931451088bbe5f48c,0,1,upper_open_short,True,1.0882660079630662,3.1403909058986397,2.8301947832720753,1,0.00608506100024897
0.0,6.903544072140889e-26,0.023892767696794603,0.013869499659770702,,0.5206791514580172,0.5146446686094757,0.5146446686094757,0,58,,,,,,,,,,,,,3.5686514507360076e-13,pivot_g2_fixed,0.05,58,3c0b5d1b24d155989e5645f62cc25999a3ea8c1fd6de0bef165d7d10d388c3ae,2.8251106018291474,0,0,57,0.04,0.0243352,2,0,1,[],0,0,0,none,0,0,0.0,200,0,58,0,{},0.00014691,fixed,0.05,0,0,ThetaStar,8e8937e9c159df347bfeb35a8ef5ba9f07427b0a573b34c67b41c67bdab7e75a,58,b9af984cae3ff37be1b1d86838211533cc2c50afbb785e3931451088bbe5f48c,0,1,upper_open_short,True,6.903544072140889e-26,3.5686514507360076e-13,2.8251106018291474,1,0.007099365000158286
0.0,6.903544072140889e-26,0.023892767696794603,0.013869499659770702,,0.5206791514580172,0.5146446686094757,0.5146446686094757,0,58,,,,,,,,,,,,,3.5686514507360076e-13,pivot_g2,0.05,58,3c0b5d1b24d155989e5645f62cc25999a3ea8c1fd6de0bef165d7d10d388c3ae,2.8251106018291474,0,0,57,0.04,0.0243352,2,0,1,[],0,0,0,none,0,0,0.0,200,0,58,0,{},0.000144625,adaptive,0.05,0,0,ThetaStar,8e8937e9c159df347bfeb35a8ef5ba9f07427b0a573b34c67b41c67bdab7e75a,58,b9af984cae3ff37be1b1d86838211533cc2c50afbb785e3931451088bbe5f48c,0,1,upper_open_short,True,6.903544072140889e-26,3.5686514507360076e-13,2.8251106018291474,1,0.006802399000207515
0.0,0.04572012292656234,0.014979399291575275,0.0027272294454478915,,0.5588924568794387,0.5146446686094757,0.5146446686094757,0,113,6.90354e-26,0,0,True,2.05265,0,True,simple_default,simple,0.0457201,0,True,0.4976393772984014,adaptive_hybrid_fixed,0.05,57,20ba79610c6a4eafc4d6fbe861c9e0546ddb86c1b3a971f8255de246a63a932b,2.8260990627299125,,,,,,,,,,,,,,,0,0.0,,,,,,,,,0,,ThetaStar,8e8937e9c159df347bfeb35a8ef5ba9f07427b0a573b34c67b41c67bdab7e75a,58,b9af984cae3ff37be1b1d86838211533cc2c50afbb785e3931451088bbe5f48c,0,1,upper_open_short,True,0.04572012292656234,0.4976393772984014,2.8260990627299125,1,0.006570087999989482
0.0,0.04572012292656234,0.014979399291575275,0.0027272294454478915,,0.5588924568794387,0.5146446686094757,0.5146446686094757,0,113,6.90354e-26,0,0,True,2.05265,0,True,simple_default,simple,0.0457201,0,True,0.4976393772984014,adaptive_hybrid,0.05,57,20ba79610c6a4eafc4d6fbe861c9e0546ddb86c1b3a971f8255de246a63a932b,2.8260990627299125,,,,,,,,,,,,,,,0,0.0,,,,,,,,,0,,ThetaStar,8e8937e9c159df347bfeb35a8ef5ba9f07427b0a573b34c67b41c67bdab7e75a,58,b9af984cae3ff37be1b1d86838211533cc2c50afbb785e3931451088bbe5f48c,0,1,upper_open_short,True,0.04572012292656234,0.4976393772984014,2.8260990627299125,1,0.008325335000336054
0.0,9.834052585489456,4.440892098500626e-16,1.0297071989743685e-16,,0.4185775693389776,0.1449222268733815,0.2146446641391273,0,181,,,,,,,,,,,,,10.557951692192585,raw,0.05,88,7e8cbd5fd26fa47f920f6d64ae903dd2aa039a33f47dcac543b484833e91b388,4.572760953032844,,,,,,,,,,,,,,,0,0.0,,,,,,,,,0,,ThetaStar,03c013c9c406e0b379af4e678b55a6003f06ff28122680f57659004b4cd16d66,93,7e8cbd5fd26fa47f920f6d64ae903dd2aa039a33f47dcac543b484833e91b388,0,1,lower_left_diagonal,True,9.834052585489456,10.557951692192585,4.572760953032844,1,0.00271429700023873
0.0,1.828467252441667,0.038524280173222236,0.009581485059476048,,0.40617480799800476,0.2146446641391273,0.21959563989254183,0,180,,,,,,,,,,,,,2.1497285441564715,simple,0.05,88,a1e25de484436d33944fe3f075ea28b053afc3a5b6b9c4fa4f5bee00b2b9d257,4.535051505291296,,,,,,,,,,,,,,,0,0.0,,,,,,,,,0,,ThetaStar,03c013c9c406e0b379af4e678b55a6003f06ff28122680f57659004b4cd16d66,92,7e8cbd5fd26fa47f920f6d64ae903dd2aa039a33f47dcac543b484833e91b388,0,1,lower_left_diagonal,True,1.828467252441667,2.1497285441564715,4.535051505291296,1,0.006685921999633138
0.0,3.1489014278897343,0.010574299756361958,0.001957115105026466,,0.4016102211780965,0.2474873771031409,0.2474873771031409,0,154,,,,,,,,,,,,,3.626936331889184,savitzky_golay,0.05,88,ea159102e45466f5ca30ce5566824601b9928fbb2945d22537315ba54bd903a2,4.565145735552967,,,,,,,,,,,,,,,0,0.0,,,,,,,,,0,,ThetaStar,03c013c9c406e0b379af4e678b55a6003f06ff28122680f57659004b4cd16d66,93,7e8cbd5fd26fa47f920f6d64ae903dd2aa039a33f47dcac543b484833e91b388,0,1,lower_left_diagonal,True,3.1489014278897343,3.626936331889184,4.565145735552967,1,0.0063681850001557905
0.006,2.764313663707396,0.02436477898975898,0.007335440542481627,,0.4081393712535468,0.2474873771031409,0.25619225950049973,0,147,,,,,,,,,,,,,2.831155047787264,constrained,0.05,88,16ea23ec6ceaa3ae74d516a03032bf6e46b57cb228a5d689b6d177ce560f8036,4.576863783589609,,,,,,,,,,,,,,,0,0.0,,,,,,,,,0,,ThetaStar,03c013c9c406e0b379af4e678b55a6003f06ff28122680f57659004b4cd16d66,93,7e8cbd5fd26fa47f920f6d64ae903dd2aa039a33f47dcac543b484833e91b388,0,1,lower_left_diagonal,True,2.764313663707396,2.831155047787264,4.576863783589609,1,0.012066624999988562
0.0,2.764688719521813,0.015429408320130778,0.0046110668989701314,,0.3805829738865411,0.23390290478282266,0.2474873771031409,0,153,,,,,,,,,,,,,2.9226664431629423,pivot_g2_fixed,0.05,147,56d5b89bd019b4189e5c0775086db58164d58e720e44d3c4b534c1db4aaaafcc,4.558397801398287,0,13,88,0.04,0.00958236,5,0,4,"[{'index': 0, 'radius_min': 0, 'radius_max': 0, 'trim_min': 0, 'trim_max': 0, 'evaluations': 9, 'safe_feasible': 8, 'states': 0, 'selected_radius': 1.5, 'selected_trim': 0.192432, 'selected_score': 0.97}, {'index': 1, 'radius_min': 0, 'radius_max': 0, 'trim_min': 0, 'trim_max': 0, 'evaluations': 9, 'safe_feasible': 3, 'states': 0, 'selected_radius': 0.4, 'selected_trim': 0.150294, 'selected_score': 0.75}, {'index': 2, 'radius_min': 0, 'radius_max': 0, 'trim_min': 0, 'trim_max': 0, 'evaluations': 9, 'safe_feasible': 5, 'states': 0, 'selected_radius': 0.6, 'selected_trim': 0.139244, 'selected_score': 0.934134}]",3,0,27,none,3,0,0.0,200,0.884711,147,0,"{'angular acceleration iteration did not converge': 1, 'transition would overlap an adjacent corner window': 10}",0.0015093,fixed,0.05,0,16,ThetaStar,03c013c9c406e0b379af4e678b55a6003f06ff28122680f57659004b4cd16d66,93,7e8cbd5fd26fa47f920f6d64ae903dd2aa039a33f47dcac543b484833e91b388,0,1,lower_left_diagonal,True,2.764688719521813,2.9226664431629423,4.558397801398287,1,0.007999724999990576
0.006,3.7560247129436415,0.009462760220941259,0.004070533134481202,,0.37930988944302985,0.2474873771031409,0.2474873771031409,0,156,,,,,,,,,,,,,4.290806311063853,pivot_g2,0.05,150,5ea8da431d6f3580a5c4652ff97ceb99aaaaaaea722e56ea3969564565724e1d,4.563167053871897,40,48,88,0.04,0.00958236,5,0,4,"[{'index': 0, 'radius_min': 0.1, 'radius_max': 1.5, 'trim_min': 0.0128288, 'trim_max': 0.192432, 'evaluations': 20, 'safe_feasible': 17, 'states': 6, 'selected_radius': 1.5, 'selected_trim': 0.192432, 'selected_score': 0.208663}, {'index': 1, 'radius_min': 0.1, 'radius_max': 0.940964, 'trim_min': 0.0375735, 'trim_max': 0.353553, 'evaluations': 20, 'safe_feasible': 18, 'states': 6, 'selected_radius': 0.268193, 'selected_trim': 0.100769, 'selected_score': 0.723612}, {'index': 2, 'radius_min': 0.1, 'radius_max': 1.5, 'trim_min': 0.0232073, 'trim_max': 0.348109, 'evaluations': 20, 'safe_feasible': 17, 'states': 6, 'selected_radius': 0.45, 'selected_trim': 0.104433, 'selected_score': 0.563571}]",3,18,60,none,3,0,0.0,200,0.498615,150,0,"{'angular acceleration iteration did not converge': 4, 'transition requires a reversing inner wheel': 4}",0.00848394,adaptive,0.05,0,52,ThetaStar,03c013c9c406e0b379af4e678b55a6003f06ff28122680f57659004b4cd16d66,93,7e8cbd5fd26fa47f920f6d64ae903dd2aa039a33f47dcac543b484833e91b388,0,1,lower_left_diagonal,True,3.7560247129436415,4.290806311063853,4.563167053871897,1,0.014645447000020795
0.003,2.764688719521813,0.015429408320130778,0.0046110668989701314,,0.3805829738865411,0.23390290478282266,0.2474873771031409,0,153,2.76469,0,177,True,9.83405,253,True,safety_gain_within_energy_budget,pivot_g2,1.82847,202,True,2.9226664431629423,adaptive_hybrid_fixed,0.05,147,56d5b89bd019b4189e5c0775086db58164d58e720e44d3c4b534c1db4aaaafcc,4.558397801398287,,,,,,,,,,,,,,,0,0.0,,,,,,,,,0,,ThetaStar,03c013c9c406e0b379af4e678b55a6003f06ff28122680f57659004b4cd16d66,93,7e8cbd5fd26fa47f920f6d64ae903dd2aa039a33f47dcac543b484833e91b388,0,1,lower_left_diagonal,True,2.764688719521813,2.9226664431629423,4.558397801398287,1,0.008855654999933904
0.006,3.7560247129436415,0.009462760220941259,0.004070533134481202,,0.37930988944302985,0.2474873771031409,0.2474873771031409,0,156,3.75602,0,177,True,9.83405,253,True,safety_gain_within_energy_budget,pivot_g2,1.82847,202,True,4.290806311063853,adaptive_hybrid,0.05,150,5ea8da431d6f3580a5c4652ff97ceb99aaaaaaea722e56ea3969564565724e1d,4.563167053871897,,,,,,,,,,,,,,,0,0.0,,,,,,,,,0,,ThetaStar,03c013c9c406e0b379af4e678b55a6003f06ff28122680f57659004b4cd16d66,93,7e8cbd5fd26fa47f920f6d64ae903dd2aa039a33f47dcac543b484833e91b388,0,1,lower_left_diagonal,True,3.7560247129436415,4.290806311063853,4.563167053871897,1,0.015739936999580095
0.0,1.7763614716181782e-12,6.938893903907228e-18,5.723103233284416e-19,,0.7140896970626842,0.6447181959844944,0.7146446715897079,0,292,,,,,,,,,,,,,5.9604738034203535e-06,raw,0.05,147,f928b93eeb2bab4abf5e561cf92b81c632df5f52a725714f41e012da37f82b8d,7.299999947845938,,,,,,,,,,,,,,,0,0.0,,,,,,,,,0,,Smac2D,8a8523c4985a426ecf82ee9025748e40c60054dc259297fd866a1e88b0720812,147,f928b93eeb2bab4abf5e561cf92b81c632df5f52a725714f41e012da37f82b8d,0,1,straight_lower_aisle,True,1.7763614716181782e-12,5.9604738034203535e-06,7.299999947845938,1,0.0036727639999298844
0.0,2.545225142629609e-14,1.0475007083954324e-08,1.119244701283359e-09,,0.714074063977416,0.6447181959844944,0.7146446715897079,0,284,,,,,,,,,,,,,4.0621426222742267e-07,simple,0.05,147,6252e3c34f3e8de06b2679670174ce5933b60ddf0cfb061c25722364e10381b5,7.2999999478459365,,,,,,,,,,,,,,,0,0.0,,,,,,,,,0,,Smac2D,8a8523c4985a426ecf82ee9025748e40c60054dc259297fd866a1e88b0720812,147,f928b93eeb2bab4abf5e561cf92b81c632df5f52a725714f41e012da37f82b8d,0,1,straight_lower_aisle,True,2.545225142629609e-14,4.0621426222742267e-07,7.2999999478459365,1,0.008226824000303168
0.0,1.6137093599993788e-13,7.0496839477129924e-09,6.212016587683662e-10,,0.714211151867157,0.6447181959844944,0.7146446715897079,0,283,,,,,,,,,,,,,1.2568492258977528e-06,savitzky_golay,0.05,147,6c0f34ad58a134556037b0e18d1bbbee8e40184f7bb2776fb7a481e43eadcb34,7.2999999478459365,,,,,,,,,,,,,,,0,0.0,,,,,,,,,0,,Smac2D,8a8523c4985a426ecf82ee9025748e40c60054dc259297fd866a1e88b0720812,147,f928b93eeb2bab4abf5e561cf92b81c632df5f52a725714f41e012da37f82b8d,0,1,straight_lower_aisle,True,1.6137093599993788e-13,1.2568492258977528e-06,7.2999999478459365,1,0.008066202999998495
0.0,1.7763614716181782e-12,6.938893903907228e-18,5.723103233284416e-19,,0.7140896970626842,0.6447181959844944,0.7146446715897079,0,292,,,,,,,,,,,,,5.9604738034203535e-06,constrained,0.05,147,f928b93eeb2bab4abf5e561cf92b81c632df5f52a725714f41e012da37f82b8d,7.299999947845938,,,,,,,,,,,,,,,0,0.0,,,,,,,,,0,,Smac2D,8a8523c4985a426ecf82ee9025748e40c60054dc259297fd866a1e88b0720812,147,f928b93eeb2bab4abf5e561cf92b81c632df5f52a725714f41e012da37f82b8d,0,1,straight_lower_aisle,True,1.7763614716181782e-12,5.9604738034203535e-06,7.299999947845938,1,0.007411507999677269
0.0,5.688865484455407e-26,1.4799098391193866e-08,8.529820412649114e-09,,0.713855627244483,0.6447181959844944,0.7146446715897079,0,147,,,,,,,,,,,,,1.776356839503667e-13,pivot_g2_fixed,0.05,147,d0c4b934cab7e7bc2ba152c5bc2239287818340c65b220f11c7ffa9fdb4743a0,7.299999947845936,0,0,147,0.04,1.47991e-08,2,0,1,[],0,0,0,none,0,0,0.0,200,0,147,0,{},0.000240378,fixed,0.05,0,0,Smac2D,8a8523c4985a426ecf82ee9025748e40c60054dc259297fd866a1e88b0720812,147,f928b93eeb2bab4abf5e561cf92b81c632df5f52a725714f41e012da37f82b8d,0,1,straight_lower_aisle,True,5.688865484455407e-26,1.776356839503667e-13,7.299999947845936,1,0.007830825999917579
0.0,5.688865484455407e-26,1.4799098391193866e-08,8.529820412649114e-09,,0.713855627244483,0.6447181959844944,0.7146446715897079,0,147,,,,,,,,,,,,,1.776356839503667e-13,pivot_g2,0.05,147,d0c4b934cab7e7bc2ba152c5bc2239287818340c65b220f11c7ffa9fdb4743a0,7.299999947845936,0,0,147,0.04,1.47991e-08,2,0,1,[],0,0,0,none,0,0,0.0,200,0,147,0,{},0.000238148,adaptive,0.05,0,0,Smac2D,8a8523c4985a426ecf82ee9025748e40c60054dc259297fd866a1e88b0720812,147,f928b93eeb2bab4abf5e561cf92b81c632df5f52a725714f41e012da37f82b8d,0,1,straight_lower_aisle,True,5.688865484455407e-26,1.776356839503667e-13,7.299999947845936,1,0.007616905000304541
0.0,2.545225142629609e-14,1.0475007083954324e-08,1.119244701283359e-09,,0.714074063977416,0.6447181959844944,0.7146446715897079,0,284,5.68887e-26,0,0,True,1.77636e-12,0,True,simple_default,simple,2.54523e-14,0,True,4.0621426222742267e-07,adaptive_hybrid_fixed,0.05,147,6252e3c34f3e8de06b2679670174ce5933b60ddf0cfb061c25722364e10381b5,7.2999999478459365,,,,,,,,,,,,,,,0,0.0,,,,,,,,,0,,Smac2D,8a8523c4985a426ecf82ee9025748e40c60054dc259297fd866a1e88b0720812,147,f928b93eeb2bab4abf5e561cf92b81c632df5f52a725714f41e012da37f82b8d,0,1,straight_lower_aisle,True,2.545225142629609e-14,4.0621426222742267e-07,7.2999999478459365,1,0.0076658329999190755
0.0,2.545225142629609e-14,1.0475007083954324e-08,1.119244701283359e-09,,0.714074063977416,0.6447181959844944,0.7146446715897079,0,284,5.68887e-26,0,0,True,1.77636e-12,0,True,simple_default,simple,2.54523e-14,0,True,4.0621426222742267e-07,adaptive_hybrid,0.05,147,6252e3c34f3e8de06b2679670174ce5933b60ddf0cfb061c25722364e10381b5,7.2999999478459365,,,,,,,,,,,,,,,0,0.0,,,,,,,,,0,,Smac2D,8a8523c4985a426ecf82ee9025748e40c60054dc259297fd866a1e88b0720812,147,f928b93eeb2bab4abf5e561cf92b81c632df5f52a725714f41e012da37f82b8d,0,1,straight_lower_aisle,True,2.545225142629609e-14,4.0621426222742267e-07,7.2999999478459365,1,0.007545754000148008
0.0,2.1819209759956406,2.220446049250313e-16,1.0356243867005507e-16,,0.3434433126448143,0.17677669793081488,0.18825146149581692,0,133,,,,,,,,,,,,,1.797632391790583,raw,0.05,65,61777c527f8610f59537068c8bc4911901836a9ff4ed7e8010b63dc4224f805d,3.7647601428316064,,,,,,,,,,,,,,,0,0.0,,,,,,,,,0,,Smac2D,637695bbf6b8e0cb90aae2fba047db1b3bb3a0d8cd6c47ae4f777c1e4ec7cfbf,77,61777c527f8610f59537068c8bc4911901836a9ff4ed7e8010b63dc4224f805d,0,1,crate_detour,True,2.1819209759956406,1.797632391790583,3.7647601428316064,1,0.00342084000021714
0.0,1.5660426962566545,0.02021897382203004,0.009319393463723387,,0.33516913822528216,0.17079994476667312,0.17079994476667312,0,132,,,,,,,,,,,,,1.4593007798793305,simple,0.05,65,bdcd0980d819acff943d1f1fe81539c5ce3975728237d1bb2a592b2530d6b577,3.7406577698396504,,,,,,,,,,,,,,,0,0.0,,,,,,,,,0,,Smac2D,637695bbf6b8e0cb90aae2fba047db1b3bb3a0d8cd6c47ae4f777c1e4ec7cfbf,76,61777c527f8610f59537068c8bc4911901836a9ff4ed7e8010b63dc4224f805d,0,1,crate_detour,True,1.5660426962566545,1.4593007798793305,3.7406577698396504,1,0.006630041999869718
0.003,2.02038559696047,0.002038450533778569,0.0005745155233001386,,0.3453670992547734,0.17677669793081488,0.18825146149581692,0,133,,,,,,,,,,,,,1.7165402151221478,savitzky_golay,0.05,65,468b5cc318caf16e073e0feeaf9a1595a5077be3d12ab68ca5eba37c57660e10,3.7640299826501,,,,,,,,,,,,,,,0,0.0,,,,,,,,,0,,Smac2D,637695bbf6b8e0cb90aae2fba047db1b3bb3a0d8cd6c47ae4f777c1e4ec7cfbf,77,61777c527f8610f59537068c8bc4911901836a9ff4ed7e8010b63dc4224f805d,0,1,crate_detour,True,2.02038559696047,1.7165402151221478,3.7640299826501,1,0.006411563999790815
0.006,2.7583831451326115,0.05677465376355396,0.026801635810930837,,0.36843199763433837,0.23390290478282266,0.2474873771031409,0,127,,,,,,,,,,,,,2.5539488621235353,constrained,0.05,65,5727448598eaa555247f1da9aeec11edfc6360a3c8385c8e0ddf4d8cc8144d29,3.8331426084465225,,,,,,,,,,,,,,,0,0.0,,,,,,,,,0,,Smac2D,637695bbf6b8e0cb90aae2fba047db1b3bb3a0d8cd6c47ae4f777c1e4ec7cfbf,78,61777c527f8610f59537068c8bc4911901836a9ff4ed7e8010b63dc4224f805d,0,1,crate_detour,True,2.7583831451326115,2.5539488621235353,3.8331426084465225,1,0.008041840999794658
0.006,2.7763876785138213,0.01750045111095904,0.00969714436925534,,0.3108985019599601,0.17677669793081488,0.17677669793081488,0,159,,,,,,,,,,,,,2.797772248881094,pivot_g2_fixed,0.05,151,e2965ae7edef524ab467a2ad9f9ff6caf9e95580c8963d81efe6cf8da704b2fa,3.746653785743197,0,32,65,0.04,0.0176831,8,0,7,"[{'index': 0, 'radius_min': 0, 'radius_max': 0, 'trim_min': 0, 'trim_max': 0, 'evaluations': 9, 'safe_feasible': 7, 'states': 0, 'selected_radius': 1.5, 'selected_trim': 0.12424, 'selected_score': 0.85}, {'index': 1, 'radius_min': 0, 'radius_max': 0, 'trim_min': 0, 'trim_max': 0, 'evaluations': 9, 'safe_feasible': 5, 'states': 0, 'selected_radius': 0.5, 'selected_trim': 0.115491, 'selected_score': 0.825}, {'index': 2, 'radius_min': 0, 'radius_max': 0, 'trim_min': 0, 'trim_max': 0, 'evaluations': 9, 'safe_feasible': 5, 'states': 0, 'selected_radius': 0.75, 'selected_trim': 0.124129, 'selected_score': 0.780335}, {'index': 3, 'radius_min': 0, 'radius_max': 0, 'trim_min': 0, 'trim_max': 0, 'evaluations': 9, 'safe_feasible': 7, 'states': 0, 'selected_radius': 1.5, 'selected_trim': 0.062748, 'selected_score': 1}, {'index': 4, 'radius_min': 0, 'radius_max': 0, 'trim_min': 0, 'trim_max': 0, 'evaluations': 9, 'safe_feasible': 5, 'states': 0, 'selected_radius': 0.75, 'selected_trim': 0.104362, 'selected_score': 0.925728}, {'index': 5, 'radius_min': 0, 'radius_max': 0, 'trim_min': 0, 'trim_max': 0, 'evaluations': 9, 'safe_feasible': 4, 'states': 0, 'selected_radius': 0.4, 'selected_trim': 0.0828567, 'selected_score': 0.780295}]",6,0,54,none,6,0,0.0,200,0.860226,151,0,"{'angular acceleration iteration did not converge': 6, 'transition would overlap an adjacent corner window': 15}",0.00382035,fixed,0.05,0,33,Smac2D,637695bbf6b8e0cb90aae2fba047db1b3bb3a0d8cd6c47ae4f777c1e4ec7cfbf,76,61777c527f8610f59537068c8bc4911901836a9ff4ed7e8010b63dc4224f805d,0,1,crate_detour,True,2.7763876785138213,2.797772248881094,3.746653785743197,1,0.007262322999849857
0.009000000000000001,4.291361054594732,0.01751592755851181,0.009638963525624648,,0.3024748814438913,0.17677669793081488,0.18653024696106663,0,178,,,,,,,,,,,,,4.8691852820298935,pivot_g2,0.05,166,615ee5c35911f1427e1335fc972ddeaa05c61632d3e1691c65e08be893562695,3.7491393881965087,124,92,65,0.04,0.0176831,8,0,7,"[{'index': 0, 'radius_min': 0.1, 'radius_max': 1.5, 'trim_min': 0.00828266, 'trim_max': 0.12424, 'evaluations': 20, 'safe_feasible': 17, 'states': 6, 'selected_radius': 1.5, 'selected_trim': 0.12424, 'selected_score': 0.18718}, {'index': 1, 'radius_min': 0.1, 'radius_max': 1.37722, 'trim_min': 0.0230983, 'trim_max': 0.318115, 'evaluations': 20, 'safe_feasible': 16, 'states': 6, 'selected_radius': 0.227722, 'selected_trim': 0.0525999, 'selected_score': 0.687509}, {'index': 2, 'radius_min': 0.1, 'radius_max': 1.5, 'trim_min': 0.0165505, 'trim_max': 0.248258, 'evaluations': 20, 'safe_feasible': 17, 'states': 6, 'selected_radius': 0.485, 'selected_trim': 0.0802699, 'selected_score': 0.498173}, {'index': 3, 'radius_min': 0.1, 'radius_max': 1.5, 'trim_min': 0.0041832, 'trim_max': 0.062748, 'evaluations': 11, 'safe_feasible': 9, 'states': 6, 'selected_radius': 1.5, 'selected_trim': 0.062748, 'selected_score': 0.144388}, {'index': 4, 'radius_min': 0.1, 'radius_max': 1.5, 'trim_min': 0.013915, 'trim_max': 0.208725, 'evaluations': 20, 'safe_feasible': 17, 'states': 6, 'selected_radius': 1.5, 'selected_trim': 0.208725, 'selected_score': 0.284598}, {'index': 5, 'radius_min': 0.1, 'radius_max': 1.27178, 'trim_min': 0.0207142, 'trim_max': 0.263438, 'evaluations': 20, 'safe_feasible': 18, 'states': 6, 'selected_radius': 0, 'selected_trim': 0, 'selected_score': 0}]",6,36,111,none,5,1,0.4085061743933186,200,0.36037,166,1,"{'angular acceleration iteration did not converge': 9, 'transition requires a reversing inner wheel': 8}",0.00847589,adaptive,0.05,0.4085061743933186,94,Smac2D,637695bbf6b8e0cb90aae2fba047db1b3bb3a0d8cd6c47ae4f777c1e4ec7cfbf,77,61777c527f8610f59537068c8bc4911901836a9ff4ed7e8010b63dc4224f805d,0,1,crate_detour,True,2.59927139813078,4.8691852820298935,3.750175092397468,2,0.013083265000204847
0.003,1.5660426962566545,0.02021897382203004,0.009319393463723387,,0.33516913822528216,0.17079994476667312,0.17079994476667312,0,132,2.77639,0,251,True,2.18192,214,True,simple_default,simple,1.56604,228,True,1.4593007798793305,adaptive_hybrid_fixed,0.05,65,bdcd0980d819acff943d1f1fe81539c5ce3975728237d1bb2a592b2530d6b577,3.7406577698396504,,,,,,,,,,,,,,,0,0.0,,,,,,,,,0,,Smac2D,637695bbf6b8e0cb90aae2fba047db1b3bb3a0d8cd6c47ae4f777c1e4ec7cfbf,76,61777c527f8610f59537068c8bc4911901836a9ff4ed7e8010b63dc4224f805d,0,1,crate_detour,True,1.5660426962566545,1.4593007798793305,3.7406577698396504,1,0.006058102999759285
0.009000000000000001,1.5660426962566545,0.02021897382203004,0.009319393463723387,,0.33516913822528216,0.17079994476667312,0.17079994476667312,0,132,2.59927,1,251,True,2.18192,214,True,simple_default,simple,1.56604,228,True,1.4593007798793305,adaptive_hybrid,0.05,65,bdcd0980d819acff943d1f1fe81539c5ce3975728237d1bb2a592b2530d6b577,3.7406577698396504,,,,,,,,,,,,,,,0,0.0,,,,,,,,,0,,Smac2D,637695bbf6b8e0cb90aae2fba047db1b3bb3a0d8cd6c47ae4f777c1e4ec7cfbf,76,61777c527f8610f59537068c8bc4911901836a9ff4ed7e8010b63dc4224f805d,0,1,crate_detour,True,1.5660426962566545,1.4593007798793305,3.7406577698396504,1,0.022052187000099366
0.003,3.131674669173375,2.220446049250313e-16,4.714400860585595e-17,,0.3535806377797778,0.11464466264901119,0.11464466264901119,0,125,,,,,,,,,,,,,2.20471931966471,raw,0.05,61,df142b2c625d810c40c650cd048238821df1bf8d955799fb5034a1f207d46c31,3.438308875886787,,,,,,,,,,,,,,,0,0.0,,,,,,,,,0,,Smac2D,051b82ba75070d22b2226315ae66c1055d853938029178911cfdb6490360848a,70,df142b2c625d810c40c650cd048238821df1bf8d955799fb5034a1f207d46c31,0,1,vertical_rack_detour,True,3.131674669173375,2.20471931966471,3.438308875886787,1,0.0033878889998959494
0.0,1.8859832356267618,0.02056907080748049,0.011035373980557631,,0.3487356224901545,0.10606601875848895,0.10606601875848895,0,125,,,,,,,,,,,,,1.4608732608365156,simple,0.05,61,aa41742da0f9f5b996e8b8b5ea8e7e12286610ed16421ba11365e5581aba5b83,3.406449802613775,,,,,,,,,,,,,,,0,0.0,,,,,,,,,0,,Smac2D,051b82ba75070d22b2226315ae66c1055d853938029178911cfdb6490360848a,70,df142b2c625d810c40c650cd048238821df1bf8d955799fb5034a1f207d46c31,0,1,vertical_rack_detour,True,1.8859832356267618,1.4608732608365156,3.406449802613775,1,0.007375423000212322
0.0,3.0364525414968018,0.0017333828607089155,0.00045509279823130976,,0.341013489352439,0.11464466264901119,0.11464466264901119,0,122,,,,,,,,,,,,,2.2114041962821887,savitzky_golay,0.05,61,9de694f3ec43199d041e0a2e128327181848f1a95223608b41ac2a6099109e37,3.437273894814936,,,,,,,,,,,,,,,0,0.0,,,,,,,,,0,,Smac2D,051b82ba75070d22b2226315ae66c1055d853938029178911cfdb6490360848a,70,df142b2c625d810c40c650cd048238821df1bf8d955799fb5034a1f207d46c31,0,1,vertical_rack_detour,True,3.0364525414968018,2.2114041962821887,3.437273894814936,1,0.005994678000206477
0.003,4.486416959279937,0.05784081507203476,0.031923538729270784,,0.3839355060324221,0.16464466339406925,0.16464466339406925,0,118,,,,,,,,,,,,,2.7516302943050586,constrained,0.05,61,123defaf9a2c5e2756eda07bbdb9ec75301af2a1b43c2b0385732d367ba4fc33,3.5107824066251854,,,,,,,,,,,,,,,0,0.0,,,,,,,,,0,,Smac2D,051b82ba75070d22b2226315ae66c1055d853938029178911cfdb6490360848a,72,df142b2c625d810c40c650cd048238821df1bf8d955799fb5034a1f207d46c31,0,1,vertical_rack_detour,True,4.486416959279937,2.7516302943050586,3.5107824066251854,1,0.006568110999978671
0.003,2.507181012127658,0.033920608281431536,0.01799985471883354,,0.27888499526163807,0.06464466190395313,0.06464466190395313,0,218,,,,,,,,,,,,,1.8590923541426745,pivot_g2_fixed,0.05,213,b513ae15d4cf262fccc02cf3fa1097d22ad4589a910106faa60729b130747678,3.3945309258396783,0,26,61,0.04,0.0335029,7,0,6,"[{'index': 0, 'radius_min': 0, 'radius_max': 0, 'trim_min': 0, 'trim_max': 0, 'evaluations': 9, 'safe_feasible': 5, 'states': 0, 'selected_radius': 0.6, 'selected_trim': 0.11386, 'selected_score': 0.909778}, {'index': 1, 'radius_min': 0, 'radius_max': 0, 'trim_min': 0, 'trim_max': 0, 'evaluations': 9, 'safe_feasible': 6, 'states': 0, 'selected_radius': 0.75, 'selected_trim': 0.230527, 'selected_score': 0.993966}, {'index': 2, 'radius_min': 0, 'radius_max': 0, 'trim_min': 0, 'trim_max': 0, 'evaluations': 9, 'safe_feasible': 8, 'states': 0, 'selected_radius': 1.5, 'selected_trim': 0.167449, 'selected_score': 1}, {'index': 3, 'radius_min': 0, 'radius_max': 0, 'trim_min': 0, 'trim_max': 0, 'evaluations': 9, 'safe_feasible': 5, 'states': 0, 'selected_radius': 0.75, 'selected_trim': 0.215854, 'selected_score': 1}, {'index': 4, 'radius_min': 0, 'radius_max': 0, 'trim_min': 0, 'trim_max': 0, 'evaluations': 9, 'safe_feasible': 8, 'states': 0, 'selected_radius': 1.5, 'selected_trim': 0.14747, 'selected_score': 0.85}]",5,0,45,none,5,0,0.0,200,0.950749,213,0,"{'angular acceleration iteration did not converge': 3, 'transition would overlap an adjacent corner window': 10}",0.00308029,fixed,0.05,0,32,Smac2D,051b82ba75070d22b2226315ae66c1055d853938029178911cfdb6490360848a,69,df142b2c625d810c40c650cd048238821df1bf8d955799fb5034a1f207d46c31,0,1,vertical_rack_detour,True,2.507181012127658,1.8590923541426745,3.3945309258396783,1,0.00946247100000619
0.012,1.8722581196908177,0.06289170300536068,0.028563945775571496,,0.28149042967941473,0.06464466190395313,0.06464466190395313,0,293,,,,,,,,,,,,,3.388478321179165,pivot_g2,0.05,288,6c2ef5b4f195db26788c771eefab6967e29fad51cfe82468b14c73dc3d5096db,3.3702745108577763,112,81,61,0.04,0.0335029,7,0,6,"[{'index': 0, 'radius_min': 0.1, 'radius_max': 1.39151, 'trim_min': 0.0189766, 'trim_max': 0.26406, 'evaluations': 20, 'safe_feasible': 18, 'states': 6, 'selected_radius': 1.39151, 'selected_trim': 0.26406, 'selected_score': 0.199808}, {'index': 1, 'radius_min': 0.1, 'radius_max': 1.5, 'trim_min': 0.0307369, 'trim_max': 0.461054, 'evaluations': 20, 'safe_feasible': 18, 'states': 6, 'selected_radius': 1.5, 'selected_trim': 0.461054, 'selected_score': 0.404164}, {'index': 2, 'radius_min': 0.1, 'radius_max': 1.5, 'trim_min': 0.0111633, 'trim_max': 0.167449, 'evaluations': 20, 'safe_feasible': 17, 'states': 6, 'selected_radius': 0.17, 'selected_trim': 0.0189776, 'selected_score': 0.624902}, {'index': 3, 'radius_min': 0.1, 'radius_max': 1.5, 'trim_min': 0.0287805, 'trim_max': 0.431708, 'evaluations': 20, 'safe_feasible': 18, 'states': 6, 'selected_radius': 1.5, 'selected_trim': 0.431708, 'selected_score': 0.394367}, {'index': 4, 'radius_min': 0.1, 'radius_max': 1.5, 'trim_min': 0.00983133, 'trim_max': 0.14747, 'evaluations': 20, 'safe_feasible': 17, 'states': 6, 'selected_radius': 1.36, 'selected_trim': 0.133706, 'selected_score': 0.18059}]",5,30,100,none,5,0,0.0,200,0.360766,288,0,"{'angular acceleration iteration did not converge': 5, 'transition requires a reversing inner wheel': 7}",0.0120612,adaptive,0.05,0,88,Smac2D,051b82ba75070d22b2226315ae66c1055d853938029178911cfdb6490360848a,69,df142b2c625d810c40c650cd048238821df1bf8d955799fb5034a1f207d46c31,0,1,vertical_rack_detour,True,1.8722581196908177,3.388478321179165,3.3702745108577763,1,0.017868386000372993
0.003,1.8859832356267618,0.02056907080748049,0.011035373980557631,,0.3487356224901545,0.10606601875848895,0.10606601875848895,0,125,2.50718,0,253,True,3.13167,253,True,simple_default,simple,1.88598,253,True,1.4608732608365156,adaptive_hybrid_fixed,0.05,61,aa41742da0f9f5b996e8b8b5ea8e7e12286610ed16421ba11365e5581aba5b83,3.406449802613775,,,,,,,,,,,,,,,0,0.0,,,,,,,,,0,,Smac2D,051b82ba75070d22b2226315ae66c1055d853938029178911cfdb6490360848a,70,df142b2c625d810c40c650cd048238821df1bf8d955799fb5034a1f207d46c31,0,1,vertical_rack_detour,True,1.8859832356267618,1.4608732608365156,3.406449802613775,1,0.005823500000133208
0.009000000000000001,1.8859832356267618,0.02056907080748049,0.011035373980557631,,0.3487356224901545,0.10606601875848895,0.10606601875848895,0,125,1.87226,0,253,True,3.13167,253,True,simple_default,simple,1.88598,253,True,1.4608732608365156,adaptive_hybrid,0.05,61,aa41742da0f9f5b996e8b8b5ea8e7e12286610ed16421ba11365e5581aba5b83,3.406449802613775,,,,,,,,,,,,,,,0,0.0,,,,,,,,,0,,Smac2D,051b82ba75070d22b2226315ae66c1055d853938029178911cfdb6490360848a,70,df142b2c625d810c40c650cd048238821df1bf8d955799fb5034a1f207d46c31,0,1,vertical_rack_detour,True,1.8859832356267618,1.4608732608365156,3.406449802613775,1,0.012580783999965206
0.0,3.803889761592728,2.220446049250313e-16,6.276133595630801e-17,,0.3912835901839702,0.2146446641391273,0.2146446641391273,0,228,,,,,,,,,,,,,2.3025184646760852,raw,0.05,117,b455d55ef709413e0a835204705c8313fd80ee4eb328f3db03c30b53a417d874,6.200810361806175,,,,,,,,,,,,,,,0,0.0,,,,,,,,,0,,Smac2D,a9d17c8140f1653690c508d0376e53ad7e8e673638e7b854c2f302993ca45111,126,b455d55ef709413e0a835204705c8313fd80ee4eb328f3db03c30b53a417d874,0,1,horizontal_rack_detour,True,3.803889761592728,2.3025184646760852,6.200810361806175,1,0.0034288460001334897
0.003,2.579176780513469,0.023168839965832678,0.00866813717309823,,0.38965144673795415,0.17677669793081488,0.2146446641391273,0,222,,,,,,,,,,,,,1.7716192128290371,simple,0.05,117,b723c8188f1939a740cce4fb33cec74ea7252e03749f595fae63cf9a66156fb5,6.162473908540635,,,,,,,,,,,,,,,0,0.0,,,,,,,,,0,,Smac2D,a9d17c8140f1653690c508d0376e53ad7e8e673638e7b854c2f302993ca45111,125,b455d55ef709413e0a835204705c8313fd80ee4eb328f3db03c30b53a417d874,0,1,horizontal_rack_detour,True,2.579176780513469,1.7716192128290371,6.162473908540635,1,0.00592719800033592
0.0,3.533809402502569,0.0020144047931959256,0.0005359693865030117,,0.38978338219238146,0.2146446641391273,0.2146446641391273,0,229,,,,,,,,,,,,,2.1780451308581434,savitzky_golay,0.05,117,4d54f2e8c3a7a3f2c8d73f992fedfd92dd4048ba2927703890ec4402f2565d54,6.199512211045696,,,,,,,,,,,,,,,0,0.0,,,,,,,,,0,,Smac2D,a9d17c8140f1653690c508d0376e53ad7e8e673638e7b854c2f302993ca45111,126,b455d55ef709413e0a835204705c8313fd80ee4eb328f3db03c30b53a417d874,0,1,horizontal_rack_detour,True,3.533809402502569,2.1780451308581434,6.199512211045696,1,0.00798660899999959
0.009000000000000001,4.045098072294161,0.026677512491462448,0.008238715171731841,,0.400648775299837,0.23390290478282266,0.23390290478282266,0,211,,,,,,,,,,,,,2.3551037308054155,constrained,0.05,117,fa89750bda3fddd958d8ed18803bb9069993be944bbaf75a646e32b5fd464cea,6.224713452899821,,,,,,,,,,,,,,,0,0.0,,,,,,,,,0,,Smac2D,a9d17c8140f1653690c508d0376e53ad7e8e673638e7b854c2f302993ca45111,126,b455d55ef709413e0a835204705c8313fd80ee4eb328f3db03c30b53a417d874,0,1,horizontal_rack_detour,True,4.045098072294161,2.3551037308054155,6.224713452899821,1,0.011382615999991685
0.003,3.198205730501292,0.06026397821710206,0.01733990772858247,,0.355456240041475,0.17677669793081488,0.2146446641391273,0,269,,,,,,,,,,,,,2.8700276601902113,pivot_g2_fixed,0.05,262,689237d7d64d1130be36da2287d871780e3948ea4e09325013b9ad6e65e20f3b,6.145876447896442,0,27,117,0.04,0.0316216,7,0,6,"[{'index': 0, 'radius_min': 0, 'radius_max': 0, 'trim_min': 0, 'trim_max': 0, 'evaluations': 9, 'safe_feasible': 9, 'states': 0, 'selected_radius': 1.5, 'selected_trim': 0.45201, 'selected_score': 1}, {'index': 1, 'radius_min': 0, 'radius_max': 0, 'trim_min': 0, 'trim_max': 0, 'evaluations': 9, 'safe_feasible': 8, 'states': 0, 'selected_radius': 1.5, 'selected_trim': 0.173873, 'selected_score': 0.85}, {'index': 2, 'radius_min': 0, 'radius_max': 0, 'trim_min': 0, 'trim_max': 0, 'evaluations': 9, 'safe_feasible': 3, 'states': 0, 'selected_radius': 0.4, 'selected_trim': 0.122453, 'selected_score': 0.75}, {'index': 3, 'radius_min': 0, 'radius_max': 0, 'trim_min': 0, 'trim_max': 0, 'evaluations': 9, 'safe_feasible': 4, 'states': 0, 'selected_radius': 0.5, 'selected_trim': 0.130038, 'selected_score': 0.757136}, {'index': 4, 'radius_min': 0, 'radius_max': 0, 'trim_min': 0, 'trim_max': 0, 'evaluations': 9, 'safe_feasible': 8, 'states': 0, 'selected_radius': 1.5, 'selected_trim': 0.143657, 'selected_score': 0.85}]",5,0,45,none,5,0,0.0,200,0.841427,262,0,"{'angular acceleration iteration did not converge': 2, 'transition would overlap an adjacent corner window': 11}",0.00344502,fixed,0.05,0,32,Smac2D,a9d17c8140f1653690c508d0376e53ad7e8e673638e7b854c2f302993ca45111,124,b455d55ef709413e0a835204705c8313fd80ee4eb328f3db03c30b53a417d874,0,1,horizontal_rack_detour,True,3.198205730501292,2.8700276601902113,6.145876447896442,1,0.009311819999766158
0.006,15.222413259773276,0.031091325924054083,0.011428106533921033,,0.37149661565461184,0.17677669793081488,0.2146446641391273,0,161,,,,,,,,,,,,,11.16170791925525,pivot_g2,0.05,133,677ba9f6d8a2a50fde47c531f5f31533614277e0df34d29e0d225660381667e0,6.1795473173722,95,81,117,0.04,0.0316216,7,0,6,"[{'index': 0, 'radius_min': 0.1, 'radius_max': 1.5, 'trim_min': 0.030134, 'trim_max': 0.45201, 'evaluations': 20, 'safe_feasible': 18, 'states': 6, 'selected_radius': 0, 'selected_trim': 0, 'selected_score': 0}, {'index': 1, 'radius_min': 0.1, 'radius_max': 1.5, 'trim_min': 0.0115915, 'trim_max': 0.173873, 'evaluations': 20, 'safe_feasible': 17, 'states': 6, 'selected_radius': 0, 'selected_trim': 0, 'selected_score': 0}, {'index': 2, 'radius_min': 0.1, 'radius_max': 1.10577, 'trim_min': 0.0306132, 'trim_max': 0.338512, 'evaluations': 20, 'safe_feasible': 18, 'states': 6, 'selected_radius': 0, 'selected_trim': 0, 'selected_score': 0}, {'index': 3, 'radius_min': 0.1, 'radius_max': 1.30159, 'trim_min': 0.0260076, 'trim_max': 0.338512, 'evaluations': 20, 'safe_feasible': 18, 'states': 6, 'selected_radius': 0, 'selected_trim': 0, 'selected_score': 0}, {'index': 4, 'radius_min': 0.1, 'radius_max': 1.5, 'trim_min': 0.00957714, 'trim_max': 0.143657, 'evaluations': 20, 'safe_feasible': 17, 'states': 6, 'selected_radius': 0, 'selected_trim': 0, 'selected_score': 0}]",5,30,100,all_pivot,0,5,0.5941464142743262,200,0,133,5,"{'angular acceleration iteration did not converge': 4, 'transition requires a reversing inner wheel': 8}",0.00835727,adaptive,0.05,2.1101567876780627,88,Smac2D,a9d17c8140f1653690c508d0376e53ad7e8e673638e7b854c2f302993ca45111,125,b455d55ef709413e0a835204705c8313fd80ee4eb328f3db03c30b53a417d874,0,1,horizontal_rack_detour,True,1.4201232919311606e-23,2.3539619879679572e-11,6.183018141755827,6,0.01198781399989457
0.003,2.579176780513469,0.023168839965832678,0.00866813717309823,,0.38965144673795415,0.17677669793081488,0.2146446641391273,0,222,3.19821,0,221,True,3.80389,202,True,simple_default,simple,2.57918,221,True,1.7716192128290371,adaptive_hybrid_fixed,0.05,117,b723c8188f1939a740cce4fb33cec74ea7252e03749f595fae63cf9a66156fb5,6.162473908540635,,,,,,,,,,,,,,,0,0.0,,,,,,,,,0,,Smac2D,a9d17c8140f1653690c508d0376e53ad7e8e673638e7b854c2f302993ca45111,125,b455d55ef709413e0a835204705c8313fd80ee4eb328f3db03c30b53a417d874,0,1,horizontal_rack_detour,True,2.579176780513469,1.7716192128290371,6.162473908540635,1,0.007602376000249933
0.009000000000000001,2.579176780513469,0.023168839965832678,0.00866813717309823,,0.38965144673795415,0.17677669793081488,0.2146446641391273,0,222,1.42004e-23,5,221,True,3.80389,202,True,simple_default,simple,2.57918,221,True,1.7716192128290371,adaptive_hybrid,0.05,117,b723c8188f1939a740cce4fb33cec74ea7252e03749f595fae63cf9a66156fb5,6.162473908540635,,,,,,,,,,,,,,,0,0.0,,,,,,,,,0,,Smac2D,a9d17c8140f1653690c508d0376e53ad7e8e673638e7b854c2f302993ca45111,125,b455d55ef709413e0a835204705c8313fd80ee4eb328f3db03c30b53a417d874,0,1,horizontal_rack_detour,True,2.579176780513469,1.7716192128290371,6.162473908540635,1,0.01238900599992121
0.0,2.675764443417883,1.942890293094024e-16,4.7411991963665305e-17,,0.3059985779376819,0.2146446641391273,0.2146446641391273,0,175,,,,,,,,,,,,,2.233931568045656,raw,0.05,95,9ff263814e6d6d6a44dc06970f76360e02da093b5c6d5376d1ac6faa742bd86a,4.77878759266411,,,,,,,,,,,,,,,0,0.0,,,,,,,,,0,,Smac2D,37e9ac6d3930170f7a074c526666fa5b3f62808b9c41202bb46110c8b3d21826,97,9ff263814e6d6d6a44dc06970f76360e02da093b5c6d5376d1ac6faa742bd86a,0,1,right_rack_detour,True,2.675764443417883,2.233931568045656,4.77878759266411,1,0.0049103930000455875
0.0,2.212966232620965,0.023202099848954022,0.008710466018526842,,0.2976433527453826,0.17677669793081488,0.18825146149581692,0,168,,,,,,,,,,,,,1.6672673652137928,simple,0.05,95,ff918e52f293f706baea3c66799e17de7bf2653998f5b0d7500ab8d540435156,4.749054688195953,,,,,,,,,,,,,,,0,0.0,,,,,,,,,0,,Smac2D,37e9ac6d3930170f7a074c526666fa5b3f62808b9c41202bb46110c8b3d21826,96,9ff263814e6d6d6a44dc06970f76360e02da093b5c6d5376d1ac6faa742bd86a,0,1,right_rack_detour,True,2.212966232620965,1.6672673652137928,4.749054688195953,1,0.006876572999772179
0.0,2.581540088991684,0.0008254309677097572,0.0002914236891498694,,0.30003504725924346,0.2146446641391273,0.2146446641391273,0,169,,,,,,,,,,,,,1.996933518953806,savitzky_golay,0.05,95,62dd9fbb033ac641e2ce585e60bf9b24ca6d33d19cd45512a4187a0ffd5d6cf2,4.7783211513756925,,,,,,,,,,,,,,,0,0.0,,,,,,,,,0,,Smac2D,37e9ac6d3930170f7a074c526666fa5b3f62808b9c41202bb46110c8b3d21826,97,9ff263814e6d6d6a44dc06970f76360e02da093b5c6d5376d1ac6faa742bd86a,0,1,right_rack_detour,True,2.581540088991684,1.996933518953806,4.7783211513756925,1,0.007012329999724898
0.006,2.7387750166935136,0.034769037132416206,0.013941101691272717,,0.309723859407043,0.23390290478282266,0.2474873771031409,0,156,,,,,,,,,,,,,2.070113380470265,constrained,0.05,95,8a1a4bc00fa4e34eda32ceed41efe4b7e9b179cf0bd9bfbdd8edd4e17b1ec775,4.811307039473938,,,,,,,,,,,,,,,0,0.0,,,,,,,,,0,,Smac2D,37e9ac6d3930170f7a074c526666fa5b3f62808b9c41202bb46110c8b3d21826,98,9ff263814e6d6d6a44dc06970f76360e02da093b5c6d5376d1ac6faa742bd86a,0,1,right_rack_detour,True,2.7387750166935136,2.070113380470265,4.811307039473938,1,0.010959407999962423
0.003,3.1946704097821628,0.020846700945785352,0.0109985007844126,,0.28178169304607753,0.18825146149581692,0.2146446641391273,0,191,,,,,,,,,,,,,2.8442853875742324,pivot_g2_fixed,0.05,188,fda431ea5146c492fd4525f6115f25f2fd0731bf90c84d040f6b7766e7506a2f,4.7565306115619626,0,22,95,0.04,0.0208505,7,0,6,"[{'index': 0, 'radius_min': 0, 'radius_max': 0, 'trim_min': 0, 'trim_max': 0, 'evaluations': 9, 'safe_feasible': 4, 'states': 0, 'selected_radius': 0.6, 'selected_trim': 0.0940978, 'selected_score': 0.908631}, {'index': 1, 'radius_min': 0, 'radius_max': 0, 'trim_min': 0, 'trim_max': 0, 'evaluations': 9, 'safe_feasible': 3, 'states': 0, 'selected_radius': 0.4, 'selected_trim': 0.0937512, 'selected_score': 0.75}, {'index': 2, 'radius_min': 0, 'radius_max': 0, 'trim_min': 0, 'trim_max': 0, 'evaluations': 9, 'safe_feasible': 3, 'states': 0, 'selected_radius': 0.4, 'selected_trim': 0.106188, 'selected_score': 0.75}, {'index': 3, 'radius_min': 0, 'radius_max': 0, 'trim_min': 0, 'trim_max': 0, 'evaluations': 9, 'safe_feasible': 7, 'states': 0, 'selected_radius': 1.25, 'selected_trim': 0.149561, 'selected_score': 0.870588}, {'index': 4, 'radius_min': 0, 'radius_max': 0, 'trim_min': 0, 'trim_max': 0, 'evaluations': 9, 'safe_feasible': 8, 'states': 0, 'selected_radius': 1.5, 'selected_trim': 0.155501, 'selected_score': 1}]",5,0,45,none,5,0,0.0,200,0.855844,188,0,"{'angular acceleration iteration did not converge': 3, 'transition would overlap an adjacent corner window': 17}",0.00306654,fixed,0.05,0,25,Smac2D,37e9ac6d3930170f7a074c526666fa5b3f62808b9c41202bb46110c8b3d21826,97,9ff263814e6d6d6a44dc06970f76360e02da093b5c6d5376d1ac6faa742bd86a,0,1,right_rack_detour,True,3.1946704097821628,2.8442853875742324,4.7565306115619626,1,0.01151683799980674
0.006,4.568835537631328,0.020848538769477554,0.010901731632967591,,0.2804634295859629,0.18825146149581692,0.2146446641391273,0,198,,,,,,,,,,,,,5.2331359374996795,pivot_g2,0.05,195,0dc91ee1d438c99879211555c240d76bd0bd295f4bd60d64d53d545e1cb54937,4.759465260253502,64,81,95,0.04,0.0208505,7,0,6,"[{'index': 0, 'radius_min': 0.1, 'radius_max': 1.5, 'trim_min': 0.015683, 'trim_max': 0.235244, 'evaluations': 20, 'safe_feasible': 17, 'states': 6, 'selected_radius': 0.485, 'selected_trim': 0.0760624, 'selected_score': 0.469471}, {'index': 1, 'radius_min': 0.1, 'radius_max': 1.11009, 'trim_min': 0.0234378, 'trim_max': 0.26018, 'evaluations': 20, 'safe_feasible': 18, 'states': 6, 'selected_radius': 0.201009, 'selected_trim': 0.047112, 'selected_score': 0.691013}, {'index': 2, 'radius_min': 0.1, 'radius_max': 1.079, 'trim_min': 0.0265471, 'trim_max': 0.286442, 'evaluations': 20, 'safe_feasible': 18, 'states': 6, 'selected_radius': 0.246849, 'selected_trim': 0.0655313, 'selected_score': 0.694712}, {'index': 3, 'radius_min': 0.1, 'radius_max': 1.5, 'trim_min': 0.0119648, 'trim_max': 0.179473, 'evaluations': 20, 'safe_feasible': 17, 'states': 6, 'selected_radius': 1.5, 'selected_trim': 0.179473, 'selected_score': 0.269921}, {'index': 4, 'radius_min': 0.1, 'radius_max': 1.5, 'trim_min': 0.0103667, 'trim_max': 0.155501, 'evaluations': 20, 'safe_feasible': 17, 'states': 6, 'selected_radius': 1.5, 'selected_trim': 0.155501, 'selected_score': 0.189239}]",5,30,100,none,5,0,0.0,200,0.462871,195,0,"{'angular acceleration iteration did not converge': 6, 'transition requires a reversing inner wheel': 7}",0.0064914,adaptive,0.05,0,87,Smac2D,37e9ac6d3930170f7a074c526666fa5b3f62808b9c41202bb46110c8b3d21826,97,9ff263814e6d6d6a44dc06970f76360e02da093b5c6d5376d1ac6faa742bd86a,0,1,right_rack_detour,True,4.568835537631328,5.2331359374996795,4.759465260253502,1,0.011332381000102032
0.006,2.212966232620965,0.023202099848954022,0.008710466018526842,,0.2976433527453826,0.17677669793081488,0.18825146149581692,0,168,3.19467,0,221,True,2.67576,202,True,simple_default,simple,2.21297,221,True,1.6672673652137928,adaptive_hybrid_fixed,0.05,95,ff918e52f293f706baea3c66799e17de7bf2653998f5b0d7500ab8d540435156,4.749054688195953,,,,,,,,,,,,,,,0,0.0,,,,,,,,,0,,Smac2D,37e9ac6d3930170f7a074c526666fa5b3f62808b9c41202bb46110c8b3d21826,96,9ff263814e6d6d6a44dc06970f76360e02da093b5c6d5376d1ac6faa742bd86a,0,1,right_rack_detour,True,2.212966232620965,1.6672673652137928,4.749054688195953,1,0.007285086000138108
0.006,2.212966232620965,0.023202099848954022,0.008710466018526842,,0.2976433527453826,0.17677669793081488,0.18825146149581692,0,168,4.56884,0,221,True,2.67576,202,True,simple_default,simple,2.21297,221,True,1.6672673652137928,adaptive_hybrid,0.05,95,ff918e52f293f706baea3c66799e17de7bf2653998f5b0d7500ab8d540435156,4.749054688195953,,,,,,,,,,,,,,,0,0.0,,,,,,,,,0,,Smac2D,37e9ac6d3930170f7a074c526666fa5b3f62808b9c41202bb46110c8b3d21826,96,9ff263814e6d6d6a44dc06970f76360e02da093b5c6d5376d1ac6faa742bd86a,0,1,right_rack_detour,True,2.212966232620965,1.6672673652137928,4.749054688195953,1,0.010259429000143427
0.006,7.03382475231071,4.440892098500626e-16,5.4938334559693887e-17,,0.4388807089621792,0.11464466264901119,0.2146446641391273,0,501,,,,,,,,,,,,,2.414834821040011,raw,0.05,255,6f80b582eaed1de839d63dc42832577cee0fbebd6f918ab9b3d40495162b72a7,13.820870283712216,,,,,,,,,,,,,,,0,0.0,,,,,,,,,0,,Smac2D,829d3ee9dc31bbe64f323e579cfd68f9cdf6ec509f385b91b2fe4753b9d7d9a2,278,6f80b582eaed1de839d63dc42832577cee0fbebd6f918ab9b3d40495162b72a7,0,1,long_southwest_to_northeast,True,7.03382475231071,2.414834821040011,13.820870283712216,1,0.012275454999780777
0.0,4.631305414011209,0.02319014028887204,0.008135824837933743,,0.4376057090180798,0.11464466264901119,0.2146446641391273,0,488,,,,,,,,,,,,,1.6656398388517692,simple,0.05,255,946743123feae6bdec27da17dd064a1a83ed7e33f8bd84f626218b53571b0826,13.749458065661031,,,,,,,,,,,,,,,0,0.0,,,,,,,,,0,,Smac2D,829d3ee9dc31bbe64f323e579cfd68f9cdf6ec509f385b91b2fe4753b9d7d9a2,277,6f80b582eaed1de839d63dc42832577cee0fbebd6f918ab9b3d40495162b72a7,0,1,long_southwest_to_northeast,True,4.631305414011209,1.6656398388517692,13.749458065661031,1,0.009645721000197227
0.0,6.590324977653797,0.0019007575428923954,0.00041277306155921905,,0.4392077802026316,0.11464466264901119,0.2146446641391273,0,496,,,,,,,,,,,,,2.283566384775732,savitzky_golay,0.05,255,bf6de39e011c410f91aa81b6f79949b1895fb6a8de84d6bdb93cc17d0248427d,13.818697347816283,,,,,,,,,,,,,,,0,0.0,,,,,,,,,0,,Smac2D,829d3ee9dc31bbe64f323e579cfd68f9cdf6ec509f385b91b2fe4753b9d7d9a2,278,6f80b582eaed1de839d63dc42832577cee0fbebd6f918ab9b3d40495162b72a7,0,1,long_southwest_to_northeast,True,6.590324977653797,2.283566384775732,13.818697347816283,1,0.024324060000253667
0.018000000000000002,7.83064606156788,0.023195285101524927,0.009871483931054468,,0.43402778679438675,0.11464466264901119,0.22716252055752933,0,454,,,,,,,,,,,,,2.613339271280566,constrained,0.05,255,bf2eab40d2ade9c346d523c7dbd890b768bf686234b9a8b1039432666208ec0f,13.856291923944639,,,,,,,,,,,,,,,0,0.0,,,,,,,,,0,,Smac2D,829d3ee9dc31bbe64f323e579cfd68f9cdf6ec509f385b91b2fe4753b9d7d9a2,279,6f80b582eaed1de839d63dc42832577cee0fbebd6f918ab9b3d40495162b72a7,0,1,long_southwest_to_northeast,True,7.83064606156788,2.613339271280566,13.856291923944639,1,0.027516296000158036
0.009000000000000001,5.791644318006116,0.05641735993637538,0.017705041041138472,,0.39032946570692323,0.11464466264901119,0.2146446641391273,0,591,,,,,,,,,,,,,2.869386494625667,pivot_g2_fixed,0.05,578,df7916e66649e3295909e4ec2e9c92db0cd4880a7bc58f4480ccd3207630c28e,13.724296392115267,0,61,255,0.04,0.034357,13,0,12,"[{'index': 0, 'radius_min': 0, 'radius_max': 0, 'trim_min': 0, 'trim_max': 0, 'evaluations': 9, 'safe_feasible': 8, 'states': 0, 'selected_radius': 1.5, 'selected_trim': 0.189307, 'selected_score': 1}, {'index': 1, 'radius_min': 0, 'radius_max': 0, 'trim_min': 0, 'trim_max': 0, 'evaluations': 9, 'safe_feasible': 7, 'states': 0, 'selected_radius': 1.25, 'selected_trim': 0.151414, 'selected_score': 0.85}, {'index': 2, 'radius_min': 0, 'radius_max': 0, 'trim_min': 0, 'trim_max': 0, 'evaluations': 9, 'safe_feasible': 5, 'states': 0, 'selected_radius': 0.6, 'selected_trim': 0.153368, 'selected_score': 0.789317}, {'index': 3, 'radius_min': 0, 'radius_max': 0, 'trim_min': 0, 'trim_max': 0, 'evaluations': 9, 'safe_feasible': 9, 'states': 0, 'selected_radius': 1.5, 'selected_trim': 0.317514, 'selected_score': 0.85}, {'index': 4, 'radius_min': 0, 'radius_max': 0, 'trim_min': 0, 'trim_max': 0, 'evaluations': 9, 'safe_feasible': 9, 'states': 0, 'selected_radius': 1, 'selected_trim': 0.184079, 'selected_score': 0.902521}, {'index': 5, 'radius_min': 0, 'radius_max': 0, 'trim_min': 0, 'trim_max': 0, 'evaluations': 9, 'safe_feasible': 6, 'states': 0, 'selected_radius': 1, 'selected_trim': 0.366034, 'selected_score': 0.915736}, {'index': 6, 'radius_min': 0, 'radius_max': 0, 'trim_min': 0, 'trim_max': 0, 'evaluations': 9, 'safe_feasible': 8, 'states': 0, 'selected_radius': 1.5, 'selected_trim': 0.157078, 'selected_score': 0.85}, {'index': 7, 'radius_min': 0, 'radius_max': 0, 'trim_min': 0, 'trim_max': 0, 'evaluations': 9, 'safe_feasible': 2, 'states': 0, 'selected_radius': 0.4, 'selected_trim': 0.116592, 'selected_score': 0.9}, {'index': 8, 'radius_min': 0, 'radius_max': 0, 'trim_min': 0, 'trim_max': 0, 'evaluations': 9, 'safe_feasible': 3, 'states': 0, 'selected_radius': 0.4, 'selected_trim': 0.106188, 'selected_score': 0.75}, {'index': 9, 'radius_min': 0, 'radius_max': 0, 'trim_min': 0, 'trim_max': 0, 'evaluations': 9, 'safe_feasible': 6, 'states': 0, 'selected_radius': 1, 'selected_trim': 0.132739, 'selected_score': 0.85}, {'index': 10, 'radius_min': 0, 'radius_max': 0, 'trim_min': 0, 'trim_max': 0, 'evaluations': 9, 'safe_feasible': 7, 'states': 0, 'selected_radius': 1.5, 'selected_trim': 0.105292, 'selected_score': 0.9936}]",11,0,99,none,11,0,0.0,200,0.87738,578,0,"{'angular acceleration iteration did not converge': 9, 'transition would overlap an adjacent corner window': 20}",0.00706675,fixed,0.05,0,70,Smac2D,829d3ee9dc31bbe64f323e579cfd68f9cdf6ec509f385b91b2fe4753b9d7d9a2,276,6f80b582eaed1de839d63dc42832577cee0fbebd6f918ab9b3d40495162b72a7,0,1,long_southwest_to_northeast,True,5.791644318006116,2.869386494625667,13.724296392115267,1,0.017996400999891193
0.015000000000000001,7.765414892032391,0.08256492502203035,0.020493763172411566,,0.38786324599362193,0.11464466264901119,0.2146446641391273,0,649,,,,,,,,,,,,,4.634127093972092,pivot_g2,0.05,636,3bcc53730708fb82a64936a09927d8975474eddcda8650f4d611bcf4d7944598,13.716352691370217,274,172,255,0.04,0.034357,13,0,12,"[{'index': 0, 'radius_min': 0.1, 'radius_max': 1.5, 'trim_min': 0.0126205, 'trim_max': 0.189307, 'evaluations': 20, 'safe_feasible': 17, 'states': 6, 'selected_radius': 1.5, 'selected_trim': 0.189307, 'selected_score': 0.207077}, {'index': 1, 'radius_min': 0.1, 'radius_max': 1.5, 'trim_min': 0.0121131, 'trim_max': 0.181697, 'evaluations': 20, 'safe_feasible': 17, 'states': 6, 'selected_radius': 1.5, 'selected_trim': 0.181697, 'selected_score': 0.244869}, {'index': 2, 'radius_min': 0.1, 'radius_max': 1.41834, 'trim_min': 0.0255614, 'trim_max': 0.362547, 'evaluations': 20, 'safe_feasible': 18, 'states': 6, 'selected_radius': 0.231834, 'selected_trim': 0.0592599, 'selected_score': 0.684413}, {'index': 3, 'radius_min': 0.1, 'radius_max': 1.5, 'trim_min': 0.0211676, 'trim_max': 0.317514, 'evaluations': 20, 'safe_feasible': 17, 'states': 6, 'selected_radius': 1.5, 'selected_trim': 0.317514, 'selected_score': 0.283861}, {'index': 4, 'radius_min': 0.1, 'radius_max': 1.5, 'trim_min': 0.0184079, 'trim_max': 0.276119, 'evaluations': 20, 'safe_feasible': 18, 'states': 6, 'selected_radius': 1.5, 'selected_trim': 0.276119, 'selected_score': 0.304473}, {'index': 5, 'radius_min': 0.1, 'radius_max': 1.5, 'trim_min': 0.0366034, 'trim_max': 0.54905, 'evaluations': 20, 'safe_feasible': 18, 'states': 6, 'selected_radius': 1.465, 'selected_trim': 0.536239, 'selected_score': 0.335192}, {'index': 6, 'radius_min': 0.1, 'radius_max': 1.5, 'trim_min': 0.0104719, 'trim_max': 0.157078, 'evaluations': 20, 'safe_feasible': 17, 'states': 6, 'selected_radius': 1.5, 'selected_trim': 0.157078, 'selected_score': 0.231752}, {'index': 7, 'radius_min': 0.1, 'radius_max': 0.982716, 'trim_min': 0.029148, 'trim_max': 0.286442, 'evaluations': 20, 'safe_feasible': 18, 'states': 6, 'selected_radius': 0.232407, 'selected_trim': 0.0677421, 'selected_score': 0.712925}, {'index': 8, 'radius_min': 0.1, 'radius_max': 1.07899, 'trim_min': 0.0265471, 'trim_max': 0.286442, 'evaluations': 20, 'safe_feasible': 18, 'states': 6, 'selected_radius': 0.246849, 'selected_trim': 0.0655313, 'selected_score': 0.69471}, {'index': 9, 'radius_min': 0.1, 'radius_max': 1.5, 'trim_min': 0.0132739, 'trim_max': 0.199109, 'evaluations': 20, 'safe_feasible': 17, 'states': 6, 'selected_radius': 1.5, 'selected_trim': 0.199109, 'selected_score': 0.279861}, {'index': 10, 'radius_min': 0.1, 'radius_max': 1.5, 'trim_min': 0.00701949, 'trim_max': 0.105292, 'evaluations': 11, 'safe_feasible': 9, 'states': 6, 'selected_radius': 1.5, 'selected_trim': 0.105292, 'selected_score': 0.200467}]",11,66,211,none,11,0,0.0,200,0.379964,636,0,"{'angular acceleration iteration did not converge': 12, 'transition requires a reversing inner wheel': 15}",0.0161327,adaptive,0.05,0,184,Smac2D,829d3ee9dc31bbe64f323e579cfd68f9cdf6ec509f385b91b2fe4753b9d7d9a2,276,6f80b582eaed1de839d63dc42832577cee0fbebd6f918ab9b3d40495162b72a7,0,1,long_southwest_to_northeast,True,7.765414892032391,4.634127093972092,13.716352691370217,1,0.028984745999878214
0.006,4.631305414011209,0.02319014028887204,0.008135824837933743,,0.4376057090180798,0.11464466264901119,0.2146446641391273,0,488,5.79164,0,253,True,7.03382,253,True,simple_default,simple,4.63131,253,True,1.6656398388517692,adaptive_hybrid_fixed,0.05,255,946743123feae6bdec27da17dd064a1a83ed7e33f8bd84f626218b53571b0826,13.749458065661031,,,,,,,,,,,,,,,0,0.0,,,,,,,,,0,,Smac2D,829d3ee9dc31bbe64f323e579cfd68f9cdf6ec509f385b91b2fe4753b9d7d9a2,277,6f80b582eaed1de839d63dc42832577cee0fbebd6f918ab9b3d40495162b72a7,0,1,long_southwest_to_northeast,True,4.631305414011209,1.6656398388517692,13.749458065661031,1,0.01310146999958306
0.021,4.631305414011209,0.02319014028887204,0.008135824837933743,,0.4376057090180798,0.11464466264901119,0.2146446641391273,0,488,7.76541,0,253,True,7.03382,253,True,simple_default,simple,4.63131,253,True,1.6656398388517692,adaptive_hybrid,0.05,255,946743123feae6bdec27da17dd064a1a83ed7e33f8bd84f626218b53571b0826,13.749458065661031,,,,,,,,,,,,,,,0,0.0,,,,,,,,,0,,Smac2D,829d3ee9dc31bbe64f323e579cfd68f9cdf6ec509f385b91b2fe4753b9d7d9a2,277,6f80b582eaed1de839d63dc42832577cee0fbebd6f918ab9b3d40495162b72a7,0,1,long_southwest_to_northeast,True,4.631305414011209,1.6656398388517692,13.749458065661031,1,0.02555902399990373
0.003,4.436377440332716,8.881784197001252e-16,7.306442899992418e-17,,0.42904846499497923,0.16464466339406925,0.2146446641391273,0,487,,,,,,,,,,,,,2.098612804351066,raw,0.05,255,e1ecd0ffd747cbf5ef0f134c09def53f8c53a096dcb89fc6455b40906ad87554,13.614059797279312,,,,,,,,,,,,,,,0,0.0,,,,,,,,,0,,Smac2D,a1fe1c2d846e37312a20892e89db4e8fbcac919a24320d2c683b98cdeecf2132,274,e1ecd0ffd747cbf5ef0f134c09def53f8c53a096dcb89fc6455b40906ad87554,0,1,long_northeast_to_southwest,True,4.436377440332716,2.098612804351066,13.614059797279312,1,0.009852826000042114
0.0,3.409151315006058,0.02318793847978687,0.006684762471127555,,0.4281710802860703,0.16464466339406925,0.2146446641391273,0,475,,,,,,,,,,,,,1.6655190441052552,simple,0.05,255,91ca4eade2b019ccc6b3a6582e4bbaf79b94293ffd29aec8f5c95ca1520572b9,13.565948003046955,,,,,,,,,,,,,,,0,0.0,,,,,,,,,0,,Smac2D,a1fe1c2d846e37312a20892e89db4e8fbcac919a24320d2c683b98cdeecf2132,273,e1ecd0ffd747cbf5ef0f134c09def53f8c53a096dcb89fc6455b40906ad87554,0,1,long_northeast_to_southwest,True,3.409151315006058,1.6655190441052552,13.565948003046955,1,0.009832418999849324
0.0,4.238991998824894,0.0018058281188332438,0.00027975425931523173,,0.4305405810835374,0.16464466339406925,0.21959563989254183,0,484,,,,,,,,,,,,,1.9714502688981272,savitzky_golay,0.05,255,47cfe63df8319ad06e6cca2e26c73e5c8594fa96fc4f740338db199abc9f442f,13.613061859172367,,,,,,,,,,,,,,,0,0.0,,,,,,,,,0,,Smac2D,a1fe1c2d846e37312a20892e89db4e8fbcac919a24320d2c683b98cdeecf2132,274,e1ecd0ffd747cbf5ef0f134c09def53f8c53a096dcb89fc6455b40906ad87554,0,1,long_northeast_to_southwest,True,4.238991998824894,1.9714502688981272,13.613061859172367,1,0.009416132999831461
0.018000000000000002,5.235079317474034,0.023490403770689623,0.009931731445402334,,0.4309921311270859,0.16464466339406925,0.23390290478282266,0,448,,,,,,,,,,,,,2.592673435447853,constrained,0.05,255,0e4cb3519ec41874ea4a9455458200894ff94ddcfa46e405b0061d0738c08a1d,13.644318758115602,,,,,,,,,,,,,,,0,0.0,,,,,,,,,0,,Smac2D,a1fe1c2d846e37312a20892e89db4e8fbcac919a24320d2c683b98cdeecf2132,274,e1ecd0ffd747cbf5ef0f134c09def53f8c53a096dcb89fc6455b40906ad87554,0,1,long_northeast_to_southwest,True,5.235079317474034,2.592673435447853,13.644318758115602,1,0.02312265699993077
0.003,5.056398119879753,0.03272827052006611,0.015327653633078572,,0.43813884885004595,0.18825146149581692,0.2146446641391273,0,501,,,,,,,,,,,,,2.856271417980007,pivot_g2_fixed,0.05,499,ae0fbeef5d9874d5f1c949a33d90e53d75859b22dfd5ca02b8fd7ac7f9582932,13.556486187830975,0,56,255,0.04,0.0328583,12,0,11,"[{'index': 0, 'radius_min': 0, 'radius_max': 0, 'trim_min': 0, 'trim_max': 0, 'evaluations': 9, 'safe_feasible': 7, 'states': 0, 'selected_radius': 1.5, 'selected_trim': 0.105292, 'selected_score': 0.9936}, {'index': 1, 'radius_min': 0, 'radius_max': 0, 'trim_min': 0, 'trim_max': 0, 'evaluations': 9, 'safe_feasible': 6, 'states': 0, 'selected_radius': 1, 'selected_trim': 0.132739, 'selected_score': 0.85}, {'index': 2, 'radius_min': 0, 'radius_max': 0, 'trim_min': 0, 'trim_max': 0, 'evaluations': 9, 'safe_feasible': 3, 'states': 0, 'selected_radius': 0.4, 'selected_trim': 0.106188, 'selected_score': 0.9}, {'index': 3, 'radius_min': 0, 'radius_max': 0, 'trim_min': 0, 'trim_max': 0, 'evaluations': 9, 'safe_feasible': 3, 'states': 0, 'selected_radius': 0.4, 'selected_trim': 0.111707, 'selected_score': 0.798649}, {'index': 4, 'radius_min': 0, 'radius_max': 0, 'trim_min': 0, 'trim_max': 0, 'evaluations': 9, 'safe_feasible': 8, 'states': 0, 'selected_radius': 1.5, 'selected_trim': 0.171124, 'selected_score': 0.85}, {'index': 5, 'radius_min': 0, 'radius_max': 0, 'trim_min': 0, 'trim_max': 0, 'evaluations': 9, 'safe_feasible': 9, 'states': 0, 'selected_radius': 1.5, 'selected_trim': 0.315181, 'selected_score': 1}, {'index': 6, 'radius_min': 0, 'radius_max': 0, 'trim_min': 0, 'trim_max': 0, 'evaluations': 9, 'safe_feasible': 8, 'states': 0, 'selected_radius': 1.5, 'selected_trim': 0.228479, 'selected_score': 1}, {'index': 7, 'radius_min': 0, 'radius_max': 0, 'trim_min': 0, 'trim_max': 0, 'evaluations': 9, 'safe_feasible': 4, 'states': 0, 'selected_radius': 0.5, 'selected_trim': 0.127924, 'selected_score': 0.904172}, {'index': 8, 'radius_min': 0, 'radius_max': 0, 'trim_min': 0, 'trim_max': 0, 'evaluations': 9, 'safe_feasible': 7, 'states': 0, 'selected_radius': 1.25, 'selected_trim': 0.13339, 'selected_score': 0.85}, {'index': 9, 'radius_min': 0, 'radius_max': 0, 'trim_min': 0, 'trim_max': 0, 'evaluations': 9, 'safe_feasible': 8, 'states': 0, 'selected_radius': 1.25, 'selected_trim': 0.215076, 'selected_score': 0.85}]",10,0,90,none,10,0,0.0,200,0.899642,499,0,"{'angular acceleration iteration did not converge': 6, 'transition would overlap an adjacent corner window': 21}",0.00444514,fixed,0.05,0,63,Smac2D,a1fe1c2d846e37312a20892e89db4e8fbcac919a24320d2c683b98cdeecf2132,273,e1ecd0ffd747cbf5ef0f134c09def53f8c53a096dcb89fc6455b40906ad87554,0,1,long_northeast_to_southwest,True,5.056398119879753,2.856271417980007,13.556486187830975,1,0.013675007000074402
0.015000000000000001,7.230646625004329,0.03271754581365046,0.015350092636471486,,0.4236716547632541,0.18825146149581692,0.2146446641391273,0,550,,,,,,,,,,,,,4.716136775696791,pivot_g2,0.05,548,92d6cf0db93ff2138eae2c4d0f949907483e7ff7f88a852620eed9f47161f7a8,13.56107040579241,236,152,255,0.04,0.0328583,12,0,11,"[{'index': 0, 'radius_min': 0.1, 'radius_max': 1.5, 'trim_min': 0.00701947, 'trim_max': 0.105292, 'evaluations': 11, 'safe_feasible': 9, 'states': 6, 'selected_radius': 1.5, 'selected_trim': 0.105292, 'selected_score': 0.200467}, {'index': 1, 'radius_min': 0.1, 'radius_max': 1.5, 'trim_min': 0.0132739, 'trim_max': 0.199109, 'evaluations': 20, 'safe_feasible': 17, 'states': 6, 'selected_radius': 1.5, 'selected_trim': 0.199109, 'selected_score': 0.279861}, {'index': 2, 'radius_min': 0.1, 'radius_max': 1.07899, 'trim_min': 0.0265471, 'trim_max': 0.286442, 'evaluations': 20, 'safe_feasible': 18, 'states': 6, 'selected_radius': 0.246849, 'selected_trim': 0.0655313, 'selected_score': 0.69471}, {'index': 3, 'radius_min': 0.1, 'radius_max': 1.02569, 'trim_min': 0.0279267, 'trim_max': 0.286442, 'evaluations': 20, 'safe_feasible': 14, 'states': 6, 'selected_radius': 0.238854, 'selected_trim': 0.0667039, 'selected_score': 0.711392}, {'index': 4, 'radius_min': 0.1, 'radius_max': 1.5, 'trim_min': 0.0114083, 'trim_max': 0.171124, 'evaluations': 20, 'safe_feasible': 17, 'states': 6, 'selected_radius': 1.5, 'selected_trim': 0.171124, 'selected_score': 0.239402}, {'index': 5, 'radius_min': 0.1, 'radius_max': 1.5, 'trim_min': 0.0210121, 'trim_max': 0.315181, 'evaluations': 20, 'safe_feasible': 17, 'states': 6, 'selected_radius': 1.5, 'selected_trim': 0.315181, 'selected_score': 0.200764}, {'index': 6, 'radius_min': 0.1, 'radius_max': 1.5, 'trim_min': 0.015232, 'trim_max': 0.228479, 'evaluations': 20, 'safe_feasible': 17, 'states': 6, 'selected_radius': 1.5, 'selected_trim': 0.228479, 'selected_score': 0.162557}, {'index': 7, 'radius_min': 0.1, 'radius_max': 1.20404, 'trim_min': 0.0255848, 'trim_max': 0.308052, 'evaluations': 20, 'safe_feasible': 18, 'states': 6, 'selected_radius': 0.210404, 'selected_trim': 0.0538315, 'selected_score': 0.706322}, {'index': 8, 'radius_min': 0.1, 'radius_max': 1.5, 'trim_min': 0.0106712, 'trim_max': 0.160068, 'evaluations': 20, 'safe_feasible': 17, 'states': 6, 'selected_radius': 1.5, 'selected_trim': 0.160068, 'selected_score': 0.2335}, {'index': 9, 'radius_min': 0.1, 'radius_max': 1.5, 'trim_min': 0.017206, 'trim_max': 0.258091, 'evaluations': 20, 'safe_feasible': 17, 'states': 6, 'selected_radius': 1.5, 'selected_trim': 0.258091, 'selected_score': 0.239929}]",10,60,191,none,10,0,0.0,200,0.366891,548,0,"{'angular acceleration iteration did not converge': 17, 'transition requires a reversing inner wheel': 13}",0.0141256,adaptive,0.05,0,161,Smac2D,a1fe1c2d846e37312a20892e89db4e8fbcac919a24320d2c683b98cdeecf2132,273,e1ecd0ffd747cbf5ef0f134c09def53f8c53a096dcb89fc6455b40906ad87554,0,1,long_northeast_to_southwest,True,7.230646625004329,4.716136775696791,13.56107040579241,1,0.026633755000148085
0.009000000000000001,3.409151315006058,0.02318793847978687,0.006684762471127555,,0.4281710802860703,0.16464466339406925,0.2146446641391273,0,475,5.0564,0,228,True,4.43638,228,True,simple_default,simple,3.40915,228,True,1.6655190441052552,adaptive_hybrid_fixed,0.05,255,91ca4eade2b019ccc6b3a6582e4bbaf79b94293ffd29aec8f5c95ca1520572b9,13.565948003046955,,,,,,,,,,,,,,,0,0.0,,,,,,,,,0,,Smac2D,a1fe1c2d846e37312a20892e89db4e8fbcac919a24320d2c683b98cdeecf2132,273,e1ecd0ffd747cbf5ef0f134c09def53f8c53a096dcb89fc6455b40906ad87554,0,1,long_northeast_to_southwest,True,3.409151315006058,1.6655190441052552,13.565948003046955,1,0.014423376000195276
0.012,3.409151315006058,0.02318793847978687,0.006684762471127555,,0.4281710802860703,0.16464466339406925,0.2146446641391273,0,475,7.23065,0,228,True,4.43638,228,True,simple_default,simple,3.40915,228,True,1.6655190441052552,adaptive_hybrid,0.05,255,91ca4eade2b019ccc6b3a6582e4bbaf79b94293ffd29aec8f5c95ca1520572b9,13.565948003046955,,,,,,,,,,,,,,,0,0.0,,,,,,,,,0,,Smac2D,a1fe1c2d846e37312a20892e89db4e8fbcac919a24320d2c683b98cdeecf2132,273,e1ecd0ffd747cbf5ef0f134c09def53f8c53a096dcb89fc6455b40906ad87554,0,1,long_northeast_to_southwest,True,3.409151315006058,1.6655190441052552,13.565948003046955,1,0.019285873000171705
0.003,4.946823918826938,4.440892098500626e-16,1.1934729149054467e-16,,0.6611800152402914,0.2474873771031409,0.25619225950049973,0,415,,,,,,,,,,,,,2.2906087845723584,raw,0.05,208,bac760f1f87345b4dc841ff116bed3fbf614522489903c04e762759bc6a323ba,12.31495205072321,,,,,,,,,,,,,,,0,0.0,,,,,,,,,0,,Smac2D,23ca6202183feaf968ab5f804f618afa7fe96092e5ae5805282bcd8f39904191,248,bac760f1f87345b4dc841ff116bed3fbf614522489903c04e762759bc6a323ba,0,1,crossing_northwest_to_southeast,True,4.946823918826938,2.2906087845723584,12.31495205072321,1,0.007520735000070999
0.003,3.398148532367058,0.022864583218660934,0.007475062208464922,,0.6594407528918055,0.2146446641391273,0.23390290478282266,0,415,,,,,,,,,,,,,1.6301792802723936,simple,0.05,208,22dcea2e314a5b833898e9705ccd73adab85e19db089803e393b03b2e691433d,12.262327433046615,,,,,,,,,,,,,,,0,0.0,,,,,,,,,0,,Smac2D,23ca6202183feaf968ab5f804f618afa7fe96092e5ae5805282bcd8f39904191,247,bac760f1f87345b4dc841ff116bed3fbf614522489903c04e762759bc6a323ba,0,1,crossing_northwest_to_southeast,True,3.398148532367058,1.6301792802723936,12.262327433046615,1,0.009441337000225758
0.0,4.751168145721222,0.001360145830848582,0.0002921056914576326,,0.6607983150468175,0.2474873771031409,0.25619225950049973,0,415,,,,,,,,,,,,,2.1219888359418837,savitzky_golay,0.05,208,9158f218ef3b6ea354da5f328d22d1447057a6a7371dbc7af25180debc84c91d,12.313706642564076,,,,,,,,,,,,,,,0,0.0,,,,,,,,,0,,Smac2D,23ca6202183feaf968ab5f804f618afa7fe96092e5ae5805282bcd8f39904191,248,bac760f1f87345b4dc841ff116bed3fbf614522489903c04e762759bc6a323ba,0,1,crossing_northwest_to_southeast,True,4.751168145721222,2.1219888359418837,12.313706642564076,1,0.00809600299999147
0.012,4.797967984751029,0.005118695814799768,0.0012767954958969017,,0.6780560820238382,0.2474873771031409,0.25619225950049973,0,396,,,,,,,,,,,,,2.0384267038917727,constrained,0.05,208,1aeff1fdd71c1f405c6dc19d356547c56f5147e9447d22b06d1a6b1e3d6462d3,12.316857911128606,,,,,,,,,,,,,,,0,0.0,,,,,,,,,0,,Smac2D,23ca6202183feaf968ab5f804f618afa7fe96092e5ae5805282bcd8f39904191,248,bac760f1f87345b4dc841ff116bed3fbf614522489903c04e762759bc6a323ba,0,1,crossing_northwest_to_southeast,True,4.797967984751029,2.0384267038917727,12.316857911128606,1,0.017896233000101347
0.003,4.436826359239641,0.03595838309534107,0.011323534809102231,,0.5426206808300285,0.23390290478282266,0.2474873771031409,0,435,,,,,,,,,,,,,2.3046040878306333,pivot_g2_fixed,0.05,434,cd8dd491dc3741640df034822c10ad5f623731a2b60691362c5b6530da16d48f,12.262448792136299,0,59,208,0.04,0.0280454,12,0,11,"[{'index': 0, 'radius_min': 0, 'radius_max': 0, 'trim_min': 0, 'trim_max': 0, 'evaluations': 9, 'safe_feasible': 7, 'states': 0, 'selected_radius': 1.5, 'selected_trim': 0.0962313, 'selected_score': 0.85}, {'index': 1, 'radius_min': 0, 'radius_max': 0, 'trim_min': 0, 'trim_max': 0, 'evaluations': 9, 'safe_feasible': 5, 'states': 0, 'selected_radius': 0.75, 'selected_trim': 0.108572, 'selected_score': 0.932255}, {'index': 2, 'radius_min': 0, 'radius_max': 0, 'trim_min': 0, 'trim_max': 0, 'evaluations': 9, 'safe_feasible': 5, 'states': 0, 'selected_radius': 0.5, 'selected_trim': 0.106097, 'selected_score': 0.825}, {'index': 3, 'radius_min': 0, 'radius_max': 0, 'trim_min': 0, 'trim_max': 0, 'evaluations': 9, 'safe_feasible': 4, 'states': 0, 'selected_radius': 0.5, 'selected_trim': 0.116813, 'selected_score': 0.75}, {'index': 4, 'radius_min': 0, 'radius_max': 0, 'trim_min': 0, 'trim_max': 0, 'evaluations': 9, 'safe_feasible': 6, 'states': 0, 'selected_radius': 1, 'selected_trim': 0.109991, 'selected_score': 0.944185}, {'index': 5, 'radius_min': 0, 'radius_max': 0, 'trim_min': 0, 'trim_max': 0, 'evaluations': 9, 'safe_feasible': 6, 'states': 0, 'selected_radius': 0.75, 'selected_trim': 0.248719, 'selected_score': 0.993197}, {'index': 6, 'radius_min': 0, 'radius_max': 0, 'trim_min': 0, 'trim_max': 0, 'evaluations': 9, 'safe_feasible': 7, 'states': 0, 'selected_radius': 1.25, 'selected_trim': 0.121333, 'selected_score': 0.962593}, {'index': 7, 'radius_min': 0, 'radius_max': 0, 'trim_min': 0, 'trim_max': 0, 'evaluations': 9, 'safe_feasible': 5, 'states': 0, 'selected_radius': 0.6, 'selected_trim': 0.114304, 'selected_score': 0.909727}, {'index': 8, 'radius_min': 0, 'radius_max': 0, 'trim_min': 0, 'trim_max': 0, 'evaluations': 9, 'safe_feasible': 7, 'states': 0, 'selected_radius': 1.5, 'selected_trim': 0.122337, 'selected_score': 1}, {'index': 9, 'radius_min': 0, 'radius_max': 0, 'trim_min': 0, 'trim_max': 0, 'evaluations': 9, 'safe_feasible': 9, 'states': 0, 'selected_radius': 1.5, 'selected_trim': 0.307834, 'selected_score': 1}]",10,0,90,none,10,0,0.0,200,0.916696,434,0,"{'angular acceleration iteration did not converge': 7, 'transition would overlap an adjacent corner window': 22}",0.00431298,fixed,0.05,0,61,Smac2D,23ca6202183feaf968ab5f804f618afa7fe96092e5ae5805282bcd8f39904191,247,bac760f1f87345b4dc841ff116bed3fbf614522489903c04e762759bc6a323ba,0,1,crossing_northwest_to_southeast,True,4.436826359239641,2.3046040878306333,12.262448792136299,1,0.015326458999879833
0.015000000000000001,17.36620062899019,0.027990670348587727,0.009599851466254675,,0.6431810492282869,0.23390290478282266,0.2474873771031409,0,298,,,,,,,,,,,,,8.870031603924991,pivot_g2,0.05,264,9ac2a974e3cc571008f014520dd53c1cccab5a894e91583953e1aeb0a2400468,12.29265421430953,177,156,208,0.04,0.0280454,12,0,11,"[{'index': 0, 'radius_min': 0.1, 'radius_max': 1.5, 'trim_min': 0.00641542, 'trim_max': 0.0962313, 'evaluations': 11, 'safe_feasible': 9, 'states': 6, 'selected_radius': 0, 'selected_trim': 0, 'selected_score': 0}, {'index': 1, 'radius_min': 0.1, 'radius_max': 1.5, 'trim_min': 0.0144762, 'trim_max': 0.217143, 'evaluations': 20, 'safe_feasible': 17, 'states': 6, 'selected_radius': 0, 'selected_trim': 0, 'selected_score': 0}, {'index': 2, 'radius_min': 0.1, 'radius_max': 1.35182, 'trim_min': 0.0212194, 'trim_max': 0.286848, 'evaluations': 20, 'safe_feasible': 16, 'states': 6, 'selected_radius': 0, 'selected_trim': 0, 'selected_score': 0}, {'index': 3, 'radius_min': 0.1, 'radius_max': 1.11376, 'trim_min': 0.0233626, 'trim_max': 0.260203, 'evaluations': 20, 'safe_feasible': 18, 'states': 6, 'selected_radius': 0, 'selected_trim': 0, 'selected_score': 0}, {'index': 4, 'radius_min': 0.1, 'radius_max': 1.5, 'trim_min': 0.0109991, 'trim_max': 0.164986, 'evaluations': 20, 'safe_feasible': 17, 'states': 6, 'selected_radius': 0, 'selected_trim': 0, 'selected_score': 0}, {'index': 5, 'radius_min': 0.1, 'radius_max': 1.5, 'trim_min': 0.0331625, 'trim_max': 0.497438, 'evaluations': 20, 'safe_feasible': 18, 'states': 6, 'selected_radius': 0, 'selected_trim': 0, 'selected_score': 0}, {'index': 6, 'radius_min': 0.1, 'radius_max': 1.5, 'trim_min': 0.00970664, 'trim_max': 0.1456, 'evaluations': 20, 'safe_feasible': 17, 'states': 6, 'selected_radius': 0, 'selected_trim': 0, 'selected_score': 0}, {'index': 7, 'radius_min': 0.1, 'radius_max': 1.5, 'trim_min': 0.0190507, 'trim_max': 0.28576, 'evaluations': 20, 'safe_feasible': 18, 'states': 6, 'selected_radius': 0, 'selected_trim': 0, 'selected_score': 0}, {'index': 8, 'radius_min': 0.1, 'radius_max': 1.5, 'trim_min': 0.00815582, 'trim_max': 0.122337, 'evaluations': 20, 'safe_feasible': 17, 'states': 6, 'selected_radius': 0, 'selected_trim': 0, 'selected_score': 0}, {'index': 9, 'radius_min': 0.1, 'radius_max': 1.5, 'trim_min': 0.0205223, 'trim_max': 0.307834, 'evaluations': 20, 'safe_feasible': 17, 'states': 6, 'selected_radius': 0, 'selected_trim': 0, 'selected_score': 0}]",10,60,191,all_pivot,0,10,0.6404246078255261,200,0,264,10,"{'angular acceleration iteration did not converge': 14, 'transition requires a reversing inner wheel': 13}",0.0135498,adaptive,0.05,3.2899996383498644,164,Smac2D,23ca6202183feaf968ab5f804f618afa7fe96092e5ae5805282bcd8f39904191,247,bac760f1f87345b4dc841ff116bed3fbf614522489903c04e762759bc6a323ba,0,1,crossing_northwest_to_southeast,True,5.777892498489691e-23,4.7849685253181795e-11,12.298196949684549,11,0.019227650000175345
0.006,3.398148532367058,0.022864583218660934,0.007475062208464922,,0.6594407528918055,0.2146446641391273,0.23390290478282266,0,415,4.43683,0,177,True,4.94682,161,True,simple_default,simple,3.39815,177,True,1.6301792802723936,adaptive_hybrid_fixed,0.05,208,22dcea2e314a5b833898e9705ccd73adab85e19db089803e393b03b2e691433d,12.262327433046615,,,,,,,,,,,,,,,0,0.0,,,,,,,,,0,,Smac2D,23ca6202183feaf968ab5f804f618afa7fe96092e5ae5805282bcd8f39904191,247,bac760f1f87345b4dc841ff116bed3fbf614522489903c04e762759bc6a323ba,0,1,crossing_northwest_to_southeast,True,3.398148532367058,1.6301792802723936,12.262327433046615,1,0.01169152700003906
0.015000000000000001,3.398148532367058,0.022864583218660934,0.007475062208464922,,0.6594407528918055,0.2146446641391273,0.23390290478282266,0,415,5.77789e-23,10,177,True,4.94682,161,True,simple_default,simple,3.39815,177,True,1.6301792802723936,adaptive_hybrid,0.05,208,22dcea2e314a5b833898e9705ccd73adab85e19db089803e393b03b2e691433d,12.262327433046615,,,,,,,,,,,,,,,0,0.0,,,,,,,,,0,,Smac2D,23ca6202183feaf968ab5f804f618afa7fe96092e5ae5805282bcd8f39904191,247,bac760f1f87345b4dc841ff116bed3fbf614522489903c04e762759bc6a323ba,0,1,crossing_northwest_to_southeast,True,3.398148532367058,1.6301792802723936,12.262327433046615,1,0.019478960000014922
0.003,3.5856291491043746,2.220446049250313e-16,3.121676088664216e-17,,0.5069292251886064,0.2146446641391273,0.2146446641391273,0,249,,,,,,,,,,,,,2.4399388287959263,raw,0.05,125,5f35fdf355c7a4e1438639cf74c5d98a38db5cb4e3f16872af5e166b74b73064,6.917291098903409,,,,,,,,,,,,,,,0,0.0,,,,,,,,,0,,Smac2D,e2107c86c60c10859f91be39629dda1f17797ae7b1f4be3245f249763287567c,140,5f35fdf355c7a4e1438639cf74c5d98a38db5cb4e3f16872af5e166b74b73064,0,1,central_south_to_north,True,3.5856291491043746,2.4399388287959263,6.917291098903409,1,0.005344994000097358
0.0,2.2441992405228177,0.023034272282739646,0.008206926803066983,,0.5047498400056507,0.18825146149581692,0.2146446641391273,0,249,,,,,,,,,,,,,1.5131454864639602,simple,0.05,125,072b41471235a6bb04f86b01bae44bcdaaf81418f9985b857d412936463054a0,6.880940007770976,,,,,,,,,,,,,,,0,0.0,,,,,,,,,0,,Smac2D,e2107c86c60c10859f91be39629dda1f17797ae7b1f4be3245f249763287567c,139,5f35fdf355c7a4e1438639cf74c5d98a38db5cb4e3f16872af5e166b74b73064,0,1,central_south_to_north,True,2.2441992405228177,1.5131454864639602,6.880940007770976,1,0.007034654999642953
0.003,3.452409131902768,0.0013165147687472579,0.00032816322326195734,,0.5068981145296513,0.2146446641391273,0.2146446641391273,0,248,,,,,,,,,,,,,2.3070377100462136,savitzky_golay,0.05,125,3a12512c9c5b858150437a5407175163f1755b24d5ec0e2816102f1f6d8c33c8,6.916327748890011,,,,,,,,,,,,,,,0,0.0,,,,,,,,,0,,Smac2D,e2107c86c60c10859f91be39629dda1f17797ae7b1f4be3245f249763287567c,140,5f35fdf355c7a4e1438639cf74c5d98a38db5cb4e3f16872af5e166b74b73064,0,1,central_south_to_north,True,3.452409131902768,2.3070377100462136,6.916327748890011,1,0.007748333999643364
0.009000000000000001,3.885248499132064,0.02706020091415383,0.014681965627105002,,0.5418571651695744,0.23390290478282266,0.2474873771031409,0,226,,,,,,,,,,,,,2.0763047330779636,constrained,0.05,125,d5892269827040ea1364b41f404b0f9eb67ec23bc9d56487e1f1c5826fc9ba82,6.9365235196412565,,,,,,,,,,,,,,,0,0.0,,,,,,,,,0,,Smac2D,e2107c86c60c10859f91be39629dda1f17797ae7b1f4be3245f249763287567c,140,5f35fdf355c7a4e1438639cf74c5d98a38db5cb4e3f16872af5e166b74b73064,0,1,central_south_to_north,True,3.885248499132064,2.0763047330779636,6.9365235196412565,1,0.011864206000154809
0.006,2.1870988807331493,0.04337063712067721,0.01648980587587828,,0.5708952244730584,0.17677669793081488,0.2146446641391273,0,305,,,,,,,,,,,,,1.9185552771332741,pivot_g2_fixed,0.05,305,516e5386ec132bbf9d3acd33d165d76cfbc1a2d1db9d97070510171eedda0bac,6.8608510199975905,0,33,125,0.04,0.0351849,7,0,6,"[{'index': 0, 'radius_min': 0, 'radius_max': 0, 'trim_min': 0, 'trim_max': 0, 'evaluations': 9, 'safe_feasible': 7, 'states': 0, 'selected_radius': 1, 'selected_trim': 0.299705, 'selected_score': 1}, {'index': 1, 'radius_min': 0, 'radius_max': 0, 'trim_min': 0, 'trim_max': 0, 'evaluations': 9, 'safe_feasible': 8, 'states': 0, 'selected_radius': 1.25, 'selected_trim': 0.289961, 'selected_score': 0.85}, {'index': 2, 'radius_min': 0, 'radius_max': 0, 'trim_min': 0, 'trim_max': 0, 'evaluations': 9, 'safe_feasible': 5, 'states': 0, 'selected_radius': 0.6, 'selected_trim': 0.148918, 'selected_score': 0.931741}, {'index': 3, 'radius_min': 0, 'radius_max': 0, 'trim_min': 0, 'trim_max': 0, 'evaluations': 9, 'safe_feasible': 7, 'states': 0, 'selected_radius': 1.5, 'selected_trim': 0.112189, 'selected_score': 1}, {'index': 4, 'radius_min': 0, 'radius_max': 0, 'trim_min': 0, 'trim_max': 0, 'evaluations': 9, 'safe_feasible': 9, 'states': 0, 'selected_radius': 1.5, 'selected_trim': 0.294248, 'selected_score': 1}]",5,0,45,none,5,0,0.0,200,0.956348,305,0,"{'angular acceleration iteration did not converge': 2, 'transition would overlap an adjacent corner window': 7}",0.00415775,fixed,0.05,0,36,Smac2D,e2107c86c60c10859f91be39629dda1f17797ae7b1f4be3245f249763287567c,139,5f35fdf355c7a4e1438639cf74c5d98a38db5cb4e3f16872af5e166b74b73064,0,1,central_south_to_north,True,2.1870988807331493,1.9185552771332741,6.8608510199975905,1,0.010067985000205226
0.012,3.591402087003724,0.061619963324314006,0.018468172559282844,,0.6196302414019671,0.17677669793081488,0.21068568374263077,0,298,,,,,,,,,,,,,4.402022347201202,pivot_g2,0.05,298,3e30beb4d31269a426c9ed8ce7074a10dd511b6c8e683b0ff7721f354ec61fa6,6.862126520224537,104,84,125,0.04,0.0351849,7,0,6,"[{'index': 0, 'radius_min': 0.1, 'radius_max': 1.5, 'trim_min': 0.0299705, 'trim_max': 0.449558, 'evaluations': 20, 'safe_feasible': 18, 'states': 6, 'selected_radius': 1.5, 'selected_trim': 0.449558, 'selected_score': 0.250376}, {'index': 1, 'radius_min': 0.1, 'radius_max': 1.5, 'trim_min': 0.0231969, 'trim_max': 0.347953, 'evaluations': 20, 'safe_feasible': 17, 'states': 6, 'selected_radius': 0.45, 'selected_trim': 0.104386, 'selected_score': 0.517043}, {'index': 2, 'radius_min': 0.1, 'radius_max': 1.42751, 'trim_min': 0.0248196, 'trim_max': 0.354303, 'evaluations': 20, 'safe_feasible': 18, 'states': 6, 'selected_radius': 0.232751, 'selected_trim': 0.0577679, 'selected_score': 0.702583}, {'index': 3, 'radius_min': 0.1, 'radius_max': 1.5, 'trim_min': 0.00747929, 'trim_max': 0.112189, 'evaluations': 20, 'safe_feasible': 17, 'states': 6, 'selected_radius': 1.5, 'selected_trim': 0.112189, 'selected_score': 0.204635}, {'index': 4, 'radius_min': 0.1, 'radius_max': 1.5, 'trim_min': 0.0196165, 'trim_max': 0.294248, 'evaluations': 20, 'safe_feasible': 17, 'states': 6, 'selected_radius': 1.5, 'selected_trim': 0.294248, 'selected_score': 0.274182}]",5,30,100,none,5,0,0.0,200,0.389764,298,0,"{'angular acceleration iteration did not converge': 6, 'transition requires a reversing inner wheel': 7}",0.0105273,adaptive,0.05,0,87,Smac2D,e2107c86c60c10859f91be39629dda1f17797ae7b1f4be3245f249763287567c,139,5f35fdf355c7a4e1438639cf74c5d98a38db5cb4e3f16872af5e166b74b73064,0,1,central_south_to_north,True,3.591402087003724,4.402022347201202,6.862126520224537,1,0.01649348800037842
0.003,2.2441992405228177,0.023034272282739646,0.008206926803066983,,0.5047498400056507,0.18825146149581692,0.2146446641391273,0,249,2.1871,0,221,True,3.58563,202,True,simple_default,simple,2.2442,221,True,1.5131454864639602,adaptive_hybrid_fixed,0.05,125,072b41471235a6bb04f86b01bae44bcdaaf81418f9985b857d412936463054a0,6.880940007770976,,,,,,,,,,,,,,,0,0.0,,,,,,,,,0,,Smac2D,e2107c86c60c10859f91be39629dda1f17797ae7b1f4be3245f249763287567c,139,5f35fdf355c7a4e1438639cf74c5d98a38db5cb4e3f16872af5e166b74b73064,0,1,central_south_to_north,True,2.2441992405228177,1.5131454864639602,6.880940007770976,1,0.00801208700022471
0.012,2.2441992405228177,0.023034272282739646,0.008206926803066983,,0.5047498400056507,0.18825146149581692,0.2146446641391273,0,249,3.5914,0,221,True,3.58563,202,True,simple_default,simple,2.2442,221,True,1.5131454864639602,adaptive_hybrid,0.05,125,072b41471235a6bb04f86b01bae44bcdaaf81418f9985b857d412936463054a0,6.880940007770976,,,,,,,,,,,,,,,0,0.0,,,,,,,,,0,,Smac2D,e2107c86c60c10859f91be39629dda1f17797ae7b1f4be3245f249763287567c,139,5f35fdf355c7a4e1438639cf74c5d98a38db5cb4e3f16872af5e166b74b73064,0,1,central_south_to_north,True,2.2441992405228177,1.5131454864639602,6.880940007770976,1,0.017724114999964513
0.0,4.671515176052091,2.220446049250313e-16,5.1671707513137595e-17,,0.41067957395757165,0.2474873771031409,0.2662999155148149,0,249,,,,,,,,,,,,,2.355247956149865,raw,0.05,125,4a9d4052a5039f3648bef9d2c5af90f900a0d95e8570e97184ff60f6851ef14d,6.751114772383516,,,,,,,,,,,,,,,0,0.0,,,,,,,,,0,,Smac2D,800a38bff27e512e419b1247e4978187d20021ff6923411a8b10ff0134041c6f,137,4a9d4052a5039f3648bef9d2c5af90f900a0d95e8570e97184ff60f6851ef14d,0,1,right_south_to_north,True,4.671515176052091,2.355247956149865,6.751114772383516,1,0.003839680000055523
0.0,3.167656244395461,0.02310094707622672,0.009766176442556888,,0.4089590362707088,0.23390290478282266,0.2474873771031409,0,249,,,,,,,,,,,,,1.5965815783965696,simple,0.05,125,2b1424d279e3fad3f08681c58b708e8c08d8c3c9df00360161d2ea5de6f802e1,6.7020197731696545,,,,,,,,,,,,,,,0,0.0,,,,,,,,,0,,Smac2D,800a38bff27e512e419b1247e4978187d20021ff6923411a8b10ff0134041c6f,136,4a9d4052a5039f3648bef9d2c5af90f900a0d95e8570e97184ff60f6851ef14d,0,1,right_south_to_north,True,3.167656244395461,1.5965815783965696,6.7020197731696545,1,0.00892817300018578
0.0,4.513330131533716,0.0012920961067427802,0.0003637189376225275,,0.40423011910400963,0.2474873771031409,0.2574601203080526,0,244,,,,,,,,,,,,,2.2197632530795395,savitzky_golay,0.05,125,47fb75f2f08199ffd510c124e896c62c327433d19eb9bdabdcf17bbbf49c9dd1,6.749976699353149,,,,,,,,,,,,,,,0,0.0,,,,,,,,,0,,Smac2D,800a38bff27e512e419b1247e4978187d20021ff6923411a8b10ff0134041c6f,137,4a9d4052a5039f3648bef9d2c5af90f900a0d95e8570e97184ff60f6851ef14d,0,1,right_south_to_north,True,4.513330131533716,2.2197632530795395,6.749976699353149,1,0.006699420000131795
0.012,4.358421949558955,0.004805446267524487,0.0020992139099672426,,0.41264535834475374,0.2474873771031409,0.26878279146075923,0,226,,,,,,,,,,,,,1.9952563653099196,constrained,0.05,125,d564cf3683ad522aa25a850fa1a41f936dffb47acd450f233ee3aae945cc418b,6.7532382017157335,,,,,,,,,,,,,,,0,0.0,,,,,,,,,0,,Smac2D,800a38bff27e512e419b1247e4978187d20021ff6923411a8b10ff0134041c6f,137,4a9d4052a5039f3648bef9d2c5af90f900a0d95e8570e97184ff60f6851ef14d,0,1,right_south_to_north,True,4.358421949558955,1.9952563653099196,6.7532382017157335,1,0.014006176999828313
0.003,3.2685950145909475,0.049418807753724696,0.022194924866507565,,0.42050627458244905,0.23390290478282266,0.25619225950049973,0,364,,,,,,,,,,,,,2.277676297232393,pivot_g2_fixed,0.05,364,7e7d8ac60c120d4088f2444d925cc378e10174f5c0dfabd22ea393d72f80c824,6.665639459982944,0,36,125,0.04,0.0341435,8,0,7,"[{'index': 0, 'radius_min': 0, 'radius_max': 0, 'trim_min': 0, 'trim_max': 0, 'evaluations': 9, 'safe_feasible': 6, 'states': 0, 'selected_radius': 1, 'selected_trim': 0.291333, 'selected_score': 1}, {'index': 1, 'radius_min': 0, 'radius_max': 0, 'trim_min': 0, 'trim_max': 0, 'evaluations': 9, 'safe_feasible': 8, 'states': 0, 'selected_radius': 1.25, 'selected_trim': 0.340896, 'selected_score': 1}, {'index': 2, 'radius_min': 0, 'radius_max': 0, 'trim_min': 0, 'trim_max': 0, 'evaluations': 9, 'safe_feasible': 8, 'states': 0, 'selected_radius': 1, 'selected_trim': 0.339235, 'selected_score': 0.894375}, {'index': 3, 'radius_min': 0, 'radius_max': 0, 'trim_min': 0, 'trim_max': 0, 'evaluations': 9, 'safe_feasible': 5, 'states': 0, 'selected_radius': 0.6, 'selected_trim': 0.0790191, 'selected_score': 0.837888}, {'index': 4, 'radius_min': 0, 'radius_max': 0, 'trim_min': 0, 'trim_max': 0, 'evaluations': 9, 'safe_feasible': 4, 'states': 0, 'selected_radius': 0.5, 'selected_trim': 0.113757, 'selected_score': 0.75}, {'index': 5, 'radius_min': 0, 'radius_max': 0, 'trim_min': 0, 'trim_max': 0, 'evaluations': 9, 'safe_feasible': 9, 'states': 0, 'selected_radius': 1.5, 'selected_trim': 0.258253, 'selected_score': 1}]",6,0,54,none,6,0,0.0,200,0.913711,364,0,"{'angular acceleration iteration did not converge': 2, 'transition would overlap an adjacent corner window': 12}",0.00438904,fixed,0.05,0,40,Smac2D,800a38bff27e512e419b1247e4978187d20021ff6923411a8b10ff0134041c6f,135,4a9d4052a5039f3648bef9d2c5af90f900a0d95e8570e97184ff60f6851ef14d,0,1,right_south_to_north,True,3.2685950145909475,2.277676297232393,6.665639459982944,1,0.010938575000182027
0.012,3.397363197906682,0.07401912037441018,0.027407840464306544,,0.4212397804140705,0.23390290478282266,0.2474873771031409,0,437,,,,,,,,,,,,,5.112001741931502,pivot_g2,0.05,437,8ec7daa60841655fd5b253d9a3601bee5785968d9ca922a2d74d9dd75ff7f735,6.647781930742021,135,97,125,0.04,0.0341435,8,0,7,"[{'index': 0, 'radius_min': 0.1, 'radius_max': 1.5, 'trim_min': 0.0291333, 'trim_max': 0.436999, 'evaluations': 20, 'safe_feasible': 18, 'states': 6, 'selected_radius': 1.4475, 'selected_trim': 0.421704, 'selected_score': 0.252765}, {'index': 1, 'radius_min': 0.1, 'radius_max': 1.5, 'trim_min': 0.0272717, 'trim_max': 0.409075, 'evaluations': 20, 'safe_feasible': 18, 'states': 6, 'selected_radius': 1.395, 'selected_trim': 0.38044, 'selected_score': 0.313465}, {'index': 2, 'radius_min': 0.1, 'radius_max': 1.5, 'trim_min': 0.0339235, 'trim_max': 0.508852, 'evaluations': 20, 'safe_feasible': 18, 'states': 6, 'selected_radius': 1.5, 'selected_trim': 0.508852, 'selected_score': 0.344828}, {'index': 3, 'radius_min': 0.1, 'radius_max': 1.5, 'trim_min': 0.0131698, 'trim_max': 0.197548, 'evaluations': 20, 'safe_feasible': 17, 'states': 6, 'selected_radius': 1.36, 'selected_trim': 0.17911, 'selected_score': 0.266}, {'index': 4, 'radius_min': 0.1, 'radius_max': 1.23484, 'trim_min': 0.0227513, 'trim_max': 0.280943, 'evaluations': 20, 'safe_feasible': 15, 'states': 6, 'selected_radius': 0.213484, 'selected_trim': 0.0485705, 'selected_score': 0.672666}, {'index': 5, 'radius_min': 0.1, 'radius_max': 1.5, 'trim_min': 0.0172169, 'trim_max': 0.258253, 'evaluations': 20, 'safe_feasible': 17, 'states': 6, 'selected_radius': 1.5, 'selected_trim': 0.258253, 'selected_score': 0.240002}]",6,36,120,none,6,0,0.0,200,0.348287,437,0,"{'angular acceleration iteration did not converge': 8, 'transition requires a reversing inner wheel': 9}",0.0117758,adaptive,0.05,0,103,Smac2D,800a38bff27e512e419b1247e4978187d20021ff6923411a8b10ff0134041c6f,134,4a9d4052a5039f3648bef9d2c5af90f900a0d95e8570e97184ff60f6851ef14d,0,1,right_south_to_north,True,3.397363197906682,5.112001741931502,6.647781930742021,1,0.019408411999847885
0.006,3.167656244395461,0.02310094707622672,0.009766176442556888,,0.4089590362707088,0.23390290478282266,0.2474873771031409,0,249,3.2686,0,177,True,4.67152,161,True,simple_default,simple,3.16766,177,True,1.5965815783965696,adaptive_hybrid_fixed,0.05,125,2b1424d279e3fad3f08681c58b708e8c08d8c3c9df00360161d2ea5de6f802e1,6.7020197731696545,,,,,,,,,,,,,,,0,0.0,,,,,,,,,0,,Smac2D,800a38bff27e512e419b1247e4978187d20021ff6923411a8b10ff0134041c6f,136,4a9d4052a5039f3648bef9d2c5af90f900a0d95e8570e97184ff60f6851ef14d,0,1,right_south_to_north,True,3.167656244395461,1.5965815783965696,6.7020197731696545,1,0.009908560999974725
0.012,3.167656244395461,0.02310094707622672,0.009766176442556888,,0.4089590362707088,0.23390290478282266,0.2474873771031409,0,249,3.39736,0,177,True,4.67152,161,True,simple_default,simple,3.16766,177,True,1.5965815783965696,adaptive_hybrid,0.05,125,2b1424d279e3fad3f08681c58b708e8c08d8c3c9df00360161d2ea5de6f802e1,6.7020197731696545,,,,,,,,,,,,,,,0,0.0,,,,,,,,,0,,Smac2D,800a38bff27e512e419b1247e4978187d20021ff6923411a8b10ff0134041c6f,136,4a9d4052a5039f3648bef9d2c5af90f900a0d95e8570e97184ff60f6851ef14d,0,1,right_south_to_north,True,3.167656244395461,1.5965815783965696,6.7020197731696545,1,0.01623903900008372
0.0,9.208640685884915e-11,0.0,0.0,,0.5146446686094758,0.5146446686094757,0.5146446686094757,0,112,,,,,,,,,,,,,4.291536335176199e-05,raw,0.05,57,00af10c2526f04f700f10e287e628a3c1fea01909d3d5bb54c5e9dde39c0d863,2.7999999850989536,,,,,,,,,,,,,,,0,0.0,,,,,,,,,0,,Smac2D,f13dd174acadd16ea1fbb3f5e9d131f6787687d657458b2aec46c0fbbda8a6f2,57,00af10c2526f04f700f10e287e628a3c1fea01909d3d5bb54c5e9dde39c0d863,0,1,upper_open_short,True,9.208640685884915e-11,4.291536335176199e-05,2.7999999850989536,1,0.0026729659998636635
0.0,1.3194425073216922e-12,7.542004487604004e-08,1.2941326898743668e-08,,0.5146446686094759,0.5146446686094757,0.5146446686094757,0,105,,,,,,,,,,,,,2.9247397392853645e-06,simple,0.05,57,3db9c84381e116ce333d91a5372925147ac2c90c556a3376edec347cab222c1a,2.7999999850988617,,,,,,,,,,,,,,,0,0.0,,,,,,,,,0,,Smac2D,f13dd174acadd16ea1fbb3f5e9d131f6787687d657458b2aec46c0fbbda8a6f2,57,00af10c2526f04f700f10e287e628a3c1fea01909d3d5bb54c5e9dde39c0d863,0,1,upper_open_short,True,1.3194425073216922e-12,2.9247397392853645e-06,2.7999999850988617,1,0.005919741000070644
0.0,8.365448966528402e-12,5.075773845675258e-08,7.182679805822393e-09,,0.5146446686094759,0.5146446686094757,0.5146446686094757,0,103,,,,,,,,,,,,,9.049292253854708e-06,savitzky_golay,0.05,57,b56e219cdd003872f3c66cc2179ecd05cfdbbfaea9fb40b8a533f1c7ac8eacd2,2.7999999850988866,,,,,,,,,,,,,,,0,0.0,,,,,,,,,0,,Smac2D,f13dd174acadd16ea1fbb3f5e9d131f6787687d657458b2aec46c0fbbda8a6f2,57,00af10c2526f04f700f10e287e628a3c1fea01909d3d5bb54c5e9dde39c0d863,0,1,upper_open_short,True,8.365448966528402e-12,9.049292253854708e-06,2.7999999850988866,1,0.005687372000011237
0.0,9.208640685884915e-11,0.0,0.0,,0.5146446686094758,0.5146446686094757,0.5146446686094757,0,112,,,,,,,,,,,,,4.291536335176199e-05,constrained,0.05,57,00af10c2526f04f700f10e287e628a3c1fea01909d3d5bb54c5e9dde39c0d863,2.7999999850989536,,,,,,,,,,,,,,,0,0.0,,,,,,,,,0,,Smac2D,f13dd174acadd16ea1fbb3f5e9d131f6787687d657458b2aec46c0fbbda8a6f2,57,00af10c2526f04f700f10e287e628a3c1fea01909d3d5bb54c5e9dde39c0d863,0,1,upper_open_short,True,9.208640685884915e-11,4.291536335176199e-05,2.7999999850989536,1,0.005956442999831779
0.003,5.377133488725522e-26,1.0537249739428489e-07,6.05742964155003e-08,,0.5146446686094758,0.5146446686094757,0.5146446686094757,0,57,,,,,,,,,,,,,3.552713748283655e-13,pivot_g2_fixed,0.05,57,6dc2339dac10d593477aec67bd71434797c5c109e9cfd86667a23a364c1ff631,2.7999999850988404,0,0,57,0.04,1.05372e-07,2,0,1,[],0,0,0,none,0,0,0.0,200,0,57,0,{},0.000146208,fixed,0.05,0,0,Smac2D,f13dd174acadd16ea1fbb3f5e9d131f6787687d657458b2aec46c0fbbda8a6f2,57,00af10c2526f04f700f10e287e628a3c1fea01909d3d5bb54c5e9dde39c0d863,0,1,upper_open_short,True,5.377133488725522e-26,3.552713748283655e-13,2.7999999850988404,1,0.006328287000087585
0.0,5.377133488725522e-26,1.0537249739428489e-07,6.05742964155003e-08,,0.5146446686094758,0.5146446686094757,0.5146446686094757,0,57,,,,,,,,,,,,,3.552713748283655e-13,pivot_g2,0.05,57,6dc2339dac10d593477aec67bd71434797c5c109e9cfd86667a23a364c1ff631,2.7999999850988404,0,0,57,0.04,1.05372e-07,2,0,1,[],0,0,0,none,0,0,0.0,200,0,57,0,{},0.000182696,adaptive,0.05,0,0,Smac2D,f13dd174acadd16ea1fbb3f5e9d131f6787687d657458b2aec46c0fbbda8a6f2,57,00af10c2526f04f700f10e287e628a3c1fea01909d3d5bb54c5e9dde39c0d863,0,1,upper_open_short,True,5.377133488725522e-26,3.552713748283655e-13,2.7999999850988404,1,0.007003491999967082
0.0,1.3194425073216922e-12,7.542004487604004e-08,1.2941326898743668e-08,,0.5146446686094759,0.5146446686094757,0.5146446686094757,0,105,5.37713e-26,0,0,True,9.20864e-11,0,True,simple_default,simple,1.31944e-12,0,True,2.9247397392853645e-06,adaptive_hybrid_fixed,0.05,57,3db9c84381e116ce333d91a5372925147ac2c90c556a3376edec347cab222c1a,2.7999999850988617,,,,,,,,,,,,,,,0,0.0,,,,,,,,,0,,Smac2D,f13dd174acadd16ea1fbb3f5e9d131f6787687d657458b2aec46c0fbbda8a6f2,57,00af10c2526f04f700f10e287e628a3c1fea01909d3d5bb54c5e9dde39c0d863,0,1,upper_open_short,True,1.3194425073216922e-12,2.9247397392853645e-06,2.7999999850988617,1,0.006443662000037875
0.0,1.3194425073216922e-12,7.542004487604004e-08,1.2941326898743668e-08,,0.5146446686094759,0.5146446686094757,0.5146446686094757,0,105,5.37713e-26,0,0,True,9.20864e-11,0,True,simple_default,simple,1.31944e-12,0,True,2.9247397392853645e-06,adaptive_hybrid,0.05,57,3db9c84381e116ce333d91a5372925147ac2c90c556a3376edec347cab222c1a,2.7999999850988617,,,,,,,,,,,,,,,0,0.0,,,,,,,,,0,,Smac2D,f13dd174acadd16ea1fbb3f5e9d131f6787687d657458b2aec46c0fbbda8a6f2,57,00af10c2526f04f700f10e287e628a3c1fea01909d3d5bb54c5e9dde39c0d863,0,1,upper_open_short,True,1.3194425073216922e-12,2.9247397392853645e-06,2.7999999850988617,1,0.005864309999651596
0.0,3.3377811578908254,4.440892098500626e-16,1.0545213144703536e-16,,0.3887562814819398,0.2146446641391273,0.2146446641391273,0,170,,,,,,,,,,,,,1.9823497610135272,raw,0.05,87,b837c352e8141f8d2c14e39c0fd9602a2711522e4fa691c2150364bf71dae175,4.524649726451205,,,,,,,,,,,,,,,0,0.0,,,,,,,,,0,,Smac2D,f361af1bc209f2f1cf65e180d1ff7df5057f0f8586258360e1e5be6e8e298411,92,b837c352e8141f8d2c14e39c0fd9602a2711522e4fa691c2150364bf71dae175,0,1,lower_left_diagonal,True,3.3377811578908254,1.9823497610135272,4.524649726451205,1,0.0035632189997159003
0.0,2.166324601488998,0.023186115184323515,0.009097486501040142,,0.38332322638479926,0.17677669793081488,0.18825146149581692,0,169,,,,,,,,,,,,,1.7275047739181377,simple,0.05,87,604708a67f8122d9fdd6a7383f0c9188054f511f4786225ab0f006d8bda2bbb2,4.493212106089122,,,,,,,,,,,,,,,0,0.0,,,,,,,,,0,,Smac2D,f361af1bc209f2f1cf65e180d1ff7df5057f0f8586258360e1e5be6e8e298411,91,b837c352e8141f8d2c14e39c0fd9602a2711522e4fa691c2150364bf71dae175,0,1,lower_left_diagonal,True,2.166324601488998,1.7275047739181377,4.493212106089122,1,0.006870758999866666
0.0,3.058659491057536,0.0019007575429937456,0.0005472937581620507,,0.3845326319921967,0.2146446641391273,0.2146446641391273,0,168,,,,,,,,,,,,,1.918955397252621,savitzky_golay,0.05,87,fb94b04ca4da7748125aae962738f06f37cb5e234e1788ef0b592fe3abcd199b,4.523451701805189,,,,,,,,,,,,,,,0,0.0,,,,,,,,,0,,Smac2D,f361af1bc209f2f1cf65e180d1ff7df5057f0f8586258360e1e5be6e8e298411,92,b837c352e8141f8d2c14e39c0fd9602a2711522e4fa691c2150364bf71dae175,0,1,lower_left_diagonal,True,3.058659491057536,1.918955397252621,4.523451701805189,1,0.007283053999799449
0.006,3.5968499281616917,0.030988950650490305,0.009983815360453162,,0.39666523597791464,0.23390290478282266,0.2474873771031409,0,164,,,,,,,,,,,,,2.400994755045686,constrained,0.05,87,692e17fba85de893327488d6efec60f7264ec4762b66f1b88726f76d8bda40b5,4.551875262845162,,,,,,,,,,,,,,,0,0.0,,,,,,,,,0,,Smac2D,f361af1bc209f2f1cf65e180d1ff7df5057f0f8586258360e1e5be6e8e298411,93,b837c352e8141f8d2c14e39c0fd9602a2711522e4fa691c2150364bf71dae175,0,1,lower_left_diagonal,True,3.5968499281616917,2.400994755045686,4.551875262845162,1,0.008323958999881143
0.003,3.399850788727068,0.026344488652366008,0.009308815743770139,,0.3265015268959312,0.18825146149581692,0.2146446641391273,0,207,,,,,,,,,,,,,3.764084991822468,pivot_g2_fixed,0.05,202,8f286457ad1df1c79a1c027fbfc6e82f81d772c598203a0afe9be3e113bd4f53,4.500071299659358,0,23,87,0.04,0.0275274,7,0,6,"[{'index': 0, 'radius_min': 0, 'radius_max': 0, 'trim_min': 0, 'trim_max': 0, 'evaluations': 9, 'safe_feasible': 8, 'states': 0, 'selected_radius': 1.5, 'selected_trim': 0.180118, 'selected_score': 1}, {'index': 1, 'radius_min': 0, 'radius_max': 0, 'trim_min': 0, 'trim_max': 0, 'evaluations': 9, 'safe_feasible': 6, 'states': 0, 'selected_radius': 0.75, 'selected_trim': 0.150033, 'selected_score': 0.97931}, {'index': 2, 'radius_min': 0, 'radius_max': 0, 'trim_min': 0, 'trim_max': 0, 'evaluations': 9, 'safe_feasible': 2, 'states': 0, 'selected_radius': 0.3, 'selected_trim': 0.078744, 'selected_score': 0.75}, {'index': 3, 'radius_min': 0, 'radius_max': 0, 'trim_min': 0, 'trim_max': 0, 'evaluations': 9, 'safe_feasible': 3, 'states': 0, 'selected_radius': 0.4, 'selected_trim': 0.0846811, 'selected_score': 0.9}, {'index': 4, 'radius_min': 0, 'radius_max': 0, 'trim_min': 0, 'trim_max': 0, 'evaluations': 9, 'safe_feasible': 8, 'states': 0, 'selected_radius': 1.5, 'selected_trim': 0.151373, 'selected_score': 1}]",5,0,45,none,5,0,0.0,200,0.925862,202,0,"{'angular acceleration iteration did not converge': 2, 'transition would overlap an adjacent corner window': 16}",0.00322891,fixed,0.05,0,27,Smac2D,f361af1bc209f2f1cf65e180d1ff7df5057f0f8586258360e1e5be6e8e298411,92,b837c352e8141f8d2c14e39c0fd9602a2711522e4fa691c2150364bf71dae175,0,1,lower_left_diagonal,True,3.399850788727068,3.764084991822468,4.500071299659358,1,0.007941508000385511
0.009000000000000001,4.74573869690306,0.026332901775549148,0.009021363750229935,,0.33046473551332844,0.18825146149581692,0.2146446641391273,0,196,,,,,,,,,,,,,5.151384798546674,pivot_g2,0.05,191,5239d3eaf61d5c1a4a8f83207e255544963c6a2ceb04db83deb6db07819e473d,4.503269983376381,92,80,87,0.04,0.0275274,7,0,6,"[{'index': 0, 'radius_min': 0.1, 'radius_max': 1.5, 'trim_min': 0.0120079, 'trim_max': 0.180118, 'evaluations': 20, 'safe_feasible': 17, 'states': 6, 'selected_radius': 1.5, 'selected_trim': 0.180118, 'selected_score': 0.202392}, {'index': 1, 'radius_min': 0.1, 'radius_max': 1.5, 'trim_min': 0.0200044, 'trim_max': 0.300067, 'evaluations': 20, 'safe_feasible': 17, 'states': 6, 'selected_radius': 0.45, 'selected_trim': 0.09002, 'selected_score': 0.554999}, {'index': 2, 'radius_min': 0.1, 'radius_max': 0.864674, 'trim_min': 0.026248, 'trim_max': 0.22696, 'evaluations': 20, 'safe_feasible': 17, 'states': 6, 'selected_radius': 0.214701, 'selected_trim': 0.0563547, 'selected_score': 0.723331}, {'index': 3, 'radius_min': 0.1, 'radius_max': 1.07207, 'trim_min': 0.0211703, 'trim_max': 0.22696, 'evaluations': 20, 'safe_feasible': 18, 'states': 6, 'selected_radius': 0.197207, 'selected_trim': 0.0417492, 'selected_score': 0.697363}, {'index': 4, 'radius_min': 0.1, 'radius_max': 1.5, 'trim_min': 0.0100915, 'trim_max': 0.151373, 'evaluations': 20, 'safe_feasible': 17, 'states': 6, 'selected_radius': 1.5, 'selected_trim': 0.151373, 'selected_score': 0.205449}]",5,30,100,none,5,0,0.0,200,0.476707,191,0,"{'angular acceleration iteration did not converge': 7, 'transition requires a reversing inner wheel': 7}",0.00695438,adaptive,0.05,0,86,Smac2D,f361af1bc209f2f1cf65e180d1ff7df5057f0f8586258360e1e5be6e8e298411,92,b837c352e8141f8d2c14e39c0fd9602a2711522e4fa691c2150364bf71dae175,0,1,lower_left_diagonal,True,4.74573869690306,5.151384798546674,4.503269983376381,1,0.010826185000041733
0.003,2.166324601488998,0.023186115184323515,0.009097486501040142,,0.38332322638479926,0.17677669793081488,0.18825146149581692,0,169,3.39985,0,221,True,3.33778,202,True,simple_default,simple,2.16632,221,True,1.7275047739181377,adaptive_hybrid_fixed,0.05,87,604708a67f8122d9fdd6a7383f0c9188054f511f4786225ab0f006d8bda2bbb2,4.493212106089122,,,,,,,,,,,,,,,0,0.0,,,,,,,,,0,,Smac2D,f361af1bc209f2f1cf65e180d1ff7df5057f0f8586258360e1e5be6e8e298411,91,b837c352e8141f8d2c14e39c0fd9602a2711522e4fa691c2150364bf71dae175,0,1,lower_left_diagonal,True,2.166324601488998,1.7275047739181377,4.493212106089122,1,0.008701134000148159
0.012,2.166324601488998,0.023186115184323515,0.009097486501040142,,0.38332322638479926,0.17677669793081488,0.18825146149581692,0,169,4.74574,0,221,True,3.33778,202,True,simple_default,simple,2.16632,221,True,1.7275047739181377,adaptive_hybrid,0.05,87,604708a67f8122d9fdd6a7383f0c9188054f511f4786225ab0f006d8bda2bbb2,4.493212106089122,,,,,,,,,,,,,,,0,0.0,,,,,,,,,0,,Smac2D,f361af1bc209f2f1cf65e180d1ff7df5057f0f8586258360e1e5be6e8e298411,91,b837c352e8141f8d2c14e39c0fd9602a2711522e4fa691c2150364bf71dae175,0,1,lower_left_diagonal,True,2.166324601488998,1.7275047739181377,4.493212106089122,1,0.01314475700019102
0.003,4.2484532275727696e-13,0.0,0.0,,0.7139583430764057,0.6447181959844944,0.7146446715897079,0,169,,,,,,,,,,,,,2.247165066543833e-06,raw,0.05,85,23d998db8cadb1badcc0c930c7dcf36d67073610f9dd9c0d3e58a85c464a678c,7.2999999478459365,,,,,,,,,,,,,,,0,0.0,,,,,,,,,0,,SmacHybrid,fa33210a50ea0ab0d25b86a2b0ce04a1a4745633813cab07d508eeea9b3d8007,147,23d998db8cadb1badcc0c930c7dcf36d67073610f9dd9c0d3e58a85c464a678c,0,1,straight_lower_aisle,True,4.2484532275727696e-13,2.247165066543833e-06,7.2999999478459365,1,0.004843870000058814
0.0,8.522442640247371e-15,9.110943555157291e-09,1.2413086481699997e-09,,0.7139583430764057,0.6447181959844944,0.7146446715897079,0,169,,,,,,,,,,,,,2.5308786177902326e-07,simple,0.05,85,77d95a86d8d92746eb6f6294ae9b85ed2d1d2e8b6ccc7871e116c221e39101e2,7.299999947845936,,,,,,,,,,,,,,,0,0.0,,,,,,,,,0,,SmacHybrid,fa33210a50ea0ab0d25b86a2b0ce04a1a4745633813cab07d508eeea9b3d8007,147,23d998db8cadb1badcc0c930c7dcf36d67073610f9dd9c0d3e58a85c464a678c,0,1,straight_lower_aisle,True,8.522442640247371e-15,2.5308786177902326e-07,7.299999947845936,1,0.006774554999992688
0.0,5.498033751766945e-14,5.1373807430366014e-09,6.055656340844264e-10,,0.7139623803029546,0.6447181959844944,0.7146446715897079,0,170,,,,,,,,,,,,,6.31828132346215e-07,savitzky_golay,0.05,85,764f6cca17e7749f0c1192533bf60abd4bce23e3bac595918d976e442ed0626c,7.2999999478459365,,,,,,,,,,,,,,,0,0.0,,,,,,,,,0,,SmacHybrid,fa33210a50ea0ab0d25b86a2b0ce04a1a4745633813cab07d508eeea9b3d8007,147,23d998db8cadb1badcc0c930c7dcf36d67073610f9dd9c0d3e58a85c464a678c,0,1,straight_lower_aisle,True,5.498033751766945e-14,6.31828132346215e-07,7.2999999478459365,1,0.00732868100021733
0.0,4.2484532275727696e-13,0.0,0.0,,0.7139583430764057,0.6447181959844944,0.7146446715897079,0,169,,,,,,,,,,,,,2.247165066543833e-06,constrained,0.05,85,23d998db8cadb1badcc0c930c7dcf36d67073610f9dd9c0d3e58a85c464a678c,7.2999999478459365,,,,,,,,,,,,,,,0,0.0,,,,,,,,,0,,SmacHybrid,fa33210a50ea0ab0d25b86a2b0ce04a1a4745633813cab07d508eeea9b3d8007,147,23d998db8cadb1badcc0c930c7dcf36d67073610f9dd9c0d3e58a85c464a678c,0,1,straight_lower_aisle,True,4.2484532275727696e-13,2.247165066543833e-06,7.2999999478459365,1,0.007399317999897903
0.0,5.688865484455407e-26,1.4697035588540075e-08,8.483502501949878e-09,,0.713855627244483,0.6447181959844944,0.7146446715897079,0,147,,,,,,,,,,,,,1.776356839503667e-13,pivot_g2_fixed,0.05,147,d0c4b934cab7e7bc2ba152c5bc2239287818340c65b220f11c7ffa9fdb4743a0,7.299999947845936,0,0,85,0.04,1.47529e-08,2,0,1,[],0,0,0,none,0,0,0.0,200,0,147,0,{},0.000222141,fixed,0.05,0,0,SmacHybrid,fa33210a50ea0ab0d25b86a2b0ce04a1a4745633813cab07d508eeea9b3d8007,147,23d998db8cadb1badcc0c930c7dcf36d67073610f9dd9c0d3e58a85c464a678c,0,1,straight_lower_aisle,True,5.688865484455407e-26,1.776356839503667e-13,7.299999947845936,1,0.0078124480000951735
0.0,5.688865484455407e-26,1.4697035588540075e-08,8.483502501949878e-09,,0.713855627244483,0.6447181959844944,0.7146446715897079,0,147,,,,,,,,,,,,,1.776356839503667e-13,pivot_g2,0.05,147,d0c4b934cab7e7bc2ba152c5bc2239287818340c65b220f11c7ffa9fdb4743a0,7.299999947845936,0,0,85,0.04,1.47529e-08,2,0,1,[],0,0,0,none,0,0,0.0,200,0,147,0,{},0.000316606,adaptive,0.05,0,0,SmacHybrid,fa33210a50ea0ab0d25b86a2b0ce04a1a4745633813cab07d508eeea9b3d8007,147,23d998db8cadb1badcc0c930c7dcf36d67073610f9dd9c0d3e58a85c464a678c,0,1,straight_lower_aisle,True,5.688865484455407e-26,1.776356839503667e-13,7.299999947845936,1,0.008525096000084886
0.0,8.522442640247371e-15,9.110943555157291e-09,1.2413086481699997e-09,,0.7139583430764057,0.6447181959844944,0.7146446715897079,0,169,5.68887e-26,0,0,True,4.24845e-13,0,True,simple_default,simple,8.52244e-15,0,True,2.5308786177902326e-07,adaptive_hybrid_fixed,0.05,85,77d95a86d8d92746eb6f6294ae9b85ed2d1d2e8b6ccc7871e116c221e39101e2,7.299999947845936,,,,,,,,,,,,,,,0,0.0,,,,,,,,,0,,SmacHybrid,fa33210a50ea0ab0d25b86a2b0ce04a1a4745633813cab07d508eeea9b3d8007,147,23d998db8cadb1badcc0c930c7dcf36d67073610f9dd9c0d3e58a85c464a678c,0,1,straight_lower_aisle,True,8.522442640247371e-15,2.5308786177902326e-07,7.299999947845936,1,0.007074436000038986
0.003,8.522442640247371e-15,9.110943555157291e-09,1.2413086481699997e-09,,0.7139583430764057,0.6447181959844944,0.7146446715897079,0,169,5.68887e-26,0,0,True,4.24845e-13,0,True,simple_default,simple,8.52244e-15,0,True,2.5308786177902326e-07,adaptive_hybrid,0.05,85,77d95a86d8d92746eb6f6294ae9b85ed2d1d2e8b6ccc7871e116c221e39101e2,7.299999947845936,,,,,,,,,,,,,,,0,0.0,,,,,,,,,0,,SmacHybrid,fa33210a50ea0ab0d25b86a2b0ce04a1a4745633813cab07d508eeea9b3d8007,147,23d998db8cadb1badcc0c930c7dcf36d67073610f9dd9c0d3e58a85c464a678c,0,1,straight_lower_aisle,True,8.522442640247371e-15,2.5308786177902326e-07,7.299999947845936,1,0.007280140000148094
0.003,10.701064854498364,2.220446049250313e-16,7.751710408992441e-17,,0.3530478176572664,0.23390290478282266,0.24477048263907725,0,117,,,,,,,,,,,,,4.339787634288759,raw,0.05,48,5574012a054b9e33f3dc6ea24e6888812da751f299ddd15b9f12f93bfc65b32f,3.9425120902310304,,,,,,,,,,,,,,,0,0.0,,,,,,,,,0,,SmacHybrid,b7db95f21b70ff47b662a6133510e41ac5a296223bb4e84b72b020cea9590d3e,80,5574012a054b9e33f3dc6ea24e6888812da751f299ddd15b9f12f93bfc65b32f,0,1,crate_detour,True,10.701064854498364,4.339787634288759,3.9425120902310304,1,0.004639902000235452
0.0,3.5425816126300504,0.06262352715427047,0.03135110978049101,,0.3448134747343322,0.18825146149581692,0.2146446641391273,0,98,,,,,,,,,,,,,2.55736709717127,simple,0.05,48,4c0e4fd61b75e32c48ef9021db3e388be2a40cab5505435a954782f7bc1e2a58,3.7993874366911595,,,,,,,,,,,,,,,0,0.0,,,,,,,,,0,,SmacHybrid,b7db95f21b70ff47b662a6133510e41ac5a296223bb4e84b72b020cea9590d3e,78,5574012a054b9e33f3dc6ea24e6888812da751f299ddd15b9f12f93bfc65b32f,0,1,crate_detour,True,3.5425816126300504,2.55736709717127,3.7993874366911595,1,0.004360898999948404
0.0,8.137951211049085,0.011974109838740305,0.004123207830682587,,0.3531910449375598,0.23390290478282266,0.2474873771031409,0,104,,,,,,,,,,,,,3.948387720140495,savitzky_golay,0.05,48,1de587556f40f2f186221ac35231f326a976de3e794414459bb1bde50cbb7df5,3.924684434077431,,,,,,,,,,,,,,,0,0.0,,,,,,,,,0,,SmacHybrid,b7db95f21b70ff47b662a6133510e41ac5a296223bb4e84b72b020cea9590d3e,80,5574012a054b9e33f3dc6ea24e6888812da751f299ddd15b9f12f93bfc65b32f,0,1,crate_detour,True,8.137951211049085,3.948387720140495,3.924684434077431,1,0.004921228000057454
0.006,8.584846509277577,0.02212138291445577,0.00944833448166121,,0.3620017663856953,0.2474873771031409,0.2474873771031409,0,101,,,,,,,,,,,,,4.176405370804026,constrained,0.05,48,40c1f1fe82024f9fc7dbb0be110684ddd0e73687297c694ce8945ba5da7a3fe0,3.9512465904845357,,,,,,,,,,,,,,,0,0.0,,,,,,,,,0,,SmacHybrid,b7db95f21b70ff47b662a6133510e41ac5a296223bb4e84b72b020cea9590d3e,81,5574012a054b9e33f3dc6ea24e6888812da751f299ddd15b9f12f93bfc65b32f,0,1,crate_detour,True,8.584846509277577,4.176405370804026,3.9512465904845357,1,0.0070979299998725764
0.003,8.25321322235367,0.028431575165645043,0.012440346184102204,,0.3326642316565844,0.2146446641391273,0.21959563989254183,0,202,,,,,,,,,,,,,3.760202994553403,pivot_g2_fixed,0.05,198,c9851380e153021e8520778cdce3eed19b8c340f8ea8fe1ca9a0e67e9e218edf,3.895841787465242,0,28,48,0.04,0.0292746,10,0,9,"[{'index': 0, 'radius_min': 0, 'radius_max': 0, 'trim_min': 0, 'trim_max': 0, 'evaluations': 9, 'safe_feasible': 2, 'states': 0, 'selected_radius': 0.3, 'selected_trim': 0.0768875, 'selected_score': 0.9}, {'index': 1, 'radius_min': 0, 'radius_max': 0, 'trim_min': 0, 'trim_max': 0, 'evaluations': 9, 'safe_feasible': 2, 'states': 0, 'selected_radius': 0.3, 'selected_trim': 0.0676437, 'selected_score': 1}, {'index': 2, 'radius_min': 0, 'radius_max': 0, 'trim_min': 0, 'trim_max': 0, 'evaluations': 9, 'safe_feasible': 5, 'states': 0, 'selected_radius': 0.5, 'selected_trim': 0.0844027, 'selected_score': 0.825}, {'index': 3, 'radius_min': 0, 'radius_max': 0, 'trim_min': 0, 'trim_max': 0, 'evaluations': 9, 'safe_feasible': 2, 'states': 0, 'selected_radius': 0.3, 'selected_trim': 0.0803847, 'selected_score': 0.75}, {'index': 4, 'radius_min': 0, 'radius_max': 0, 'trim_min': 0, 'trim_max': 0, 'evaluations': 9, 'safe_feasible': 3, 'states': 0, 'selected_radius': 0.5, 'selected_trim': 0.0758407, 'selected_score': 0.9}, {'index': 5, 'radius_min': 0, 'radius_max': 0, 'trim_min': 0, 'trim_max': 0, 'evaluations': 9, 'safe_feasible': 6, 'states': 0, 'selected_radius': 0.6, 'selected_trim': 0.122082, 'selected_score': 0.854413}, {'index': 6, 'radius_min': 0, 'radius_max': 0, 'trim_min': 0, 'trim_max': 0, 'evaluations': 9, 'safe_feasible': 5, 'states': 0, 'selected_radius': 0.6, 'selected_trim': 0.168769, 'selected_score': 0.95991}, {'index': 7, 'radius_min': 0, 'radius_max': 0, 'trim_min': 0, 'trim_max': 0, 'evaluations': 9, 'safe_feasible': 4, 'states': 0, 'selected_radius': 0.5, 'selected_trim': 0.124997, 'selected_score': 0.901143}]",8,0,72,none,8,0,0.0,200,0.886308,198,0,"{'angular acceleration iteration did not converge': 1, 'transition would overlap an adjacent corner window': 42}",0.00292516,fixed,0.05,0,29,SmacHybrid,b7db95f21b70ff47b662a6133510e41ac5a296223bb4e84b72b020cea9590d3e,79,5574012a054b9e33f3dc6ea24e6888812da751f299ddd15b9f12f93bfc65b32f,0,1,crate_detour,True,8.25321322235367,3.760202994553403,3.895841787465242,1,0.007381121999969764
0.012,20.73390189807241,0.02822212840974732,0.01138354109150962,,0.3496022759483697,0.21959563989254183,0.21959563989254183,0,131,,,,,,,,,,,,,9.614641323591187,pivot_g2,0.05,91,187e20a5810a999eb126b387227f296ba93565c00ec965c0754fd8ed53ae956d,3.915139350688526,136,129,48,0.04,0.0292746,10,0,9,"[{'index': 0, 'radius_min': 0.1, 'radius_max': 0.706903, 'trim_min': 0.0256292, 'trim_max': 0.181173, 'evaluations': 20, 'safe_feasible': 18, 'states': 6, 'selected_radius': 0, 'selected_trim': 0, 'selected_score': 0}, {'index': 1, 'radius_min': 0.1, 'radius_max': 0.805621, 'trim_min': 0.0225479, 'trim_max': 0.181651, 'evaluations': 20, 'safe_feasible': 16, 'states': 6, 'selected_radius': 0, 'selected_trim': 0, 'selected_score': 0}, {'index': 2, 'radius_min': 0.1, 'radius_max': 1.5, 'trim_min': 0.0168805, 'trim_max': 0.253208, 'evaluations': 20, 'safe_feasible': 17, 'states': 6, 'selected_radius': 0, 'selected_trim': 0, 'selected_score': 0}, {'index': 3, 'radius_min': 0.1, 'radius_max': 0.676148, 'trim_min': 0.0267949, 'trim_max': 0.181173, 'evaluations': 20, 'safe_feasible': 16, 'states': 6, 'selected_radius': 0, 'selected_trim': 0, 'selected_score': 0}, {'index': 4, 'radius_min': 0.1, 'radius_max': 1.19443, 'trim_min': 0.0151681, 'trim_max': 0.181173, 'evaluations': 20, 'safe_feasible': 17, 'states': 6, 'selected_radius': 0, 'selected_trim': 0, 'selected_score': 0}, {'index': 5, 'radius_min': 0.1, 'radius_max': 1.5, 'trim_min': 0.020347, 'trim_max': 0.305205, 'evaluations': 20, 'safe_feasible': 17, 'states': 6, 'selected_radius': 0, 'selected_trim': 0, 'selected_score': 0}, {'index': 6, 'radius_min': 0.1, 'radius_max': 1.5, 'trim_min': 0.0281282, 'trim_max': 0.421923, 'evaluations': 20, 'safe_feasible': 18, 'states': 6, 'selected_radius': 0, 'selected_trim': 0, 'selected_score': 0}, {'index': 7, 'radius_min': 0.1, 'radius_max': 1.12103, 'trim_min': 0.0249995, 'trim_max': 0.280251, 'evaluations': 20, 'safe_feasible': 18, 'states': 6, 'selected_radius': 0, 'selected_trim': 0, 'selected_score': 0}]",8,48,160,all_pivot,0,8,0.5483942997931575,200,0,91,8,"{'angular acceleration iteration did not converge': 10, 'transition requires a reversing inner wheel': 13}",0.0119632,adaptive,0.05,3.5442496095358966,137,SmacHybrid,b7db95f21b70ff47b662a6133510e41ac5a296223bb4e84b72b020cea9590d3e,80,5574012a054b9e33f3dc6ea24e6888812da751f299ddd15b9f12f93bfc65b32f,0,1,crate_detour,True,8.215265925648803e-26,7.05464918934835e-13,3.9225112793080092,9,0.0151645030000509
0.006,3.5425816126300504,0.06262352715427047,0.03135110978049101,,0.3448134747343322,0.18825146149581692,0.2146446641391273,0,98,8.25321,0,177,True,10.7011,177,True,simple_default,simple,3.54258,221,True,2.55736709717127,adaptive_hybrid_fixed,0.05,48,4c0e4fd61b75e32c48ef9021db3e388be2a40cab5505435a954782f7bc1e2a58,3.7993874366911595,,,,,,,,,,,,,,,0,0.0,,,,,,,,,0,,SmacHybrid,b7db95f21b70ff47b662a6133510e41ac5a296223bb4e84b72b020cea9590d3e,78,5574012a054b9e33f3dc6ea24e6888812da751f299ddd15b9f12f93bfc65b32f,0,1,crate_detour,True,3.5425816126300504,2.55736709717127,3.7993874366911595,1,0.012945639999998093
0.015000000000000001,20.73390189807241,0.02822212840974732,0.01138354109150962,,0.3496022759483697,0.21959563989254183,0.21959563989254183,0,131,8.21527e-26,8,177,True,10.7011,177,True,safety_gain_within_energy_budget,pivot_g2,3.54258,221,True,9.614641323591187,adaptive_hybrid,0.05,91,187e20a5810a999eb126b387227f296ba93565c00ec965c0754fd8ed53ae956d,3.915139350688526,,,,,,,,,,,,,,,8,0.5483942997931575,,,,,,,,,3.5442496095358966,,SmacHybrid,b7db95f21b70ff47b662a6133510e41ac5a296223bb4e84b72b020cea9590d3e,80,5574012a054b9e33f3dc6ea24e6888812da751f299ddd15b9f12f93bfc65b32f,0,1,crate_detour,True,8.215265925648803e-26,7.05464918934835e-13,3.9225112793080092,9,0.019670045000111713
0.003,7.557255929566905,2.220446049250313e-16,4.317297346741958e-17,,0.4041821143604105,0.1449222268733815,0.16464466339406925,0,101,,,,,,,,,,,,,4.339825420415691,raw,0.05,43,1b229e8471c59e73d0aa885613219f600d81c81ca23ac04f106d7089a723ba12,3.5132420037863232,,,,,,,,,,,,,,,0,0.0,,,,,,,,,0,,SmacHybrid,874a96d5c0deb735a8398f01d38d5df6649b0410257d96c2d645009e089c4ff8,72,1b229e8471c59e73d0aa885613219f600d81c81ca23ac04f106d7089a723ba12,0,1,vertical_rack_detour,True,7.557255929566905,4.339825420415691,3.5132420037863232,1,0.0049149659998874995
0.0,1.85569023680466,0.045360915153128206,0.02335757388828443,,0.38354190740868377,0.11464466264901119,0.11464466264901119,0,88,,,,,,,,,,,,,1.7470969205435822,simple,0.05,43,edd28eb5b3148f706ada327b6b98541373bb187bcf7ca14306d3ef7f173ae78f,3.4377502496232837,,,,,,,,,,,,,,,0,0.0,,,,,,,,,0,,SmacHybrid,874a96d5c0deb735a8398f01d38d5df6649b0410257d96c2d645009e089c4ff8,70,1b229e8471c59e73d0aa885613219f600d81c81ca23ac04f106d7089a723ba12,0,1,vertical_rack_detour,True,1.85569023680466,1.7470969205435822,3.4377502496232837,1,0.0066369070000291686
0.0,4.3975871779281235,0.013912407150887623,0.004279927278125196,,0.39542810070668116,0.1449222268733815,0.16464466339406925,0,87,,,,,,,,,,,,,3.3733527335759312,savitzky_golay,0.05,43,ffc027cbc9d88e2a123906f3fc9ce587815fb369889b712226d363bb72b00db3,3.499913916483623,,,,,,,,,,,,,,,0,0.0,,,,,,,,,0,,SmacHybrid,874a96d5c0deb735a8398f01d38d5df6649b0410257d96c2d645009e089c4ff8,72,1b229e8471c59e73d0aa885613219f600d81c81ca23ac04f106d7089a723ba12,0,1,vertical_rack_detour,True,4.3975871779281235,3.3733527335759312,3.499913916483623,1,0.007046271000035631
0.003,5.527942723911027,0.03334947790112414,0.015485083580967934,,0.39058368915163805,0.16464466339406925,0.16464466339406925,0,93,,,,,,,,,,,,,3.2755057368849925,constrained,0.05,43,754d1a3436d77c4f5423708a47ad0a717e7fa3890842bb88895792e73c9c8f3b,3.539131586110995,,,,,,,,,,,,,,,0,0.0,,,,,,,,,0,,SmacHybrid,874a96d5c0deb735a8398f01d38d5df6649b0410257d96c2d645009e089c4ff8,72,1b229e8471c59e73d0aa885613219f600d81c81ca23ac04f106d7089a723ba12,0,1,vertical_rack_detour,True,5.527942723911027,3.2755057368849925,3.539131586110995,1,0.006367349999891303
0.003,5.039151148739694,0.020229009773645695,0.010007234932205294,,0.32923169218959597,0.12275854577833645,0.12275854577833645,0,223,,,,,,,,,,,,,3.743438996620826,pivot_g2_fixed,0.05,220,c63c295906bbc9b84d125eef0d2baff9a0800f17a0e157d276d0621375156275,3.480044443240462,0,26,43,0.04,0.0162585,8,0,7,"[{'index': 0, 'radius_min': 0, 'radius_max': 0, 'trim_min': 0, 'trim_max': 0, 'evaluations': 9, 'safe_feasible': 2, 'states': 0, 'selected_radius': 0.3, 'selected_trim': 0.0773904, 'selected_score': 0.9}, {'index': 1, 'radius_min': 0, 'radius_max': 0, 'trim_min': 0, 'trim_max': 0, 'evaluations': 9, 'safe_feasible': 8, 'states': 0, 'selected_radius': 1.5, 'selected_trim': 0.183252, 'selected_score': 0.85}, {'index': 2, 'radius_min': 0, 'radius_max': 0, 'trim_min': 0, 'trim_max': 0, 'evaluations': 9, 'safe_feasible': 6, 'states': 0, 'selected_radius': 0.75, 'selected_trim': 0.195139, 'selected_score': 0.991141}, {'index': 3, 'radius_min': 0, 'radius_max': 0, 'trim_min': 0, 'trim_max': 0, 'evaluations': 9, 'safe_feasible': 7, 'states': 0, 'selected_radius': 1.25, 'selected_trim': 0.174723, 'selected_score': 1}, {'index': 4, 'radius_min': 0, 'radius_max': 0, 'trim_min': 0, 'trim_max': 0, 'evaluations': 9, 'safe_feasible': 5, 'states': 0, 'selected_radius': 0.6, 'selected_trim': 0.163135, 'selected_score': 0.804211}, {'index': 5, 'radius_min': 0, 'radius_max': 0, 'trim_min': 0, 'trim_max': 0, 'evaluations': 9, 'safe_feasible': 2, 'states': 0, 'selected_radius': 0.3, 'selected_trim': 0.0747783, 'selected_score': 1}]",6,0,54,none,6,0,0.0,200,0.924225,220,0,"{'angular acceleration iteration did not converge': 2, 'transition would overlap an adjacent corner window': 22}",0.00274896,fixed,0.05,0,30,SmacHybrid,874a96d5c0deb735a8398f01d38d5df6649b0410257d96c2d645009e089c4ff8,71,1b229e8471c59e73d0aa885613219f600d81c81ca23ac04f106d7089a723ba12,0,1,vertical_rack_detour,True,5.039151148739694,3.743438996620826,3.480044443240462,1,0.010897184999976162
0.012,4.840636975610404,0.0224536187602425,0.010448901684862868,,0.4141694047852078,0.12275854577833645,0.12275854577833645,0,233,,,,,,,,,,,,,4.689003153619912,pivot_g2,0.05,230,7d0640945c133b346199b7bd133905de1e52ddabc97f5cf1d4077ad30fdd752c,3.4783556064267507,139,99,43,0.04,0.0162585,8,0,7,"[{'index': 0, 'radius_min': 0.1, 'radius_max': 0.70231, 'trim_min': 0.0257968, 'trim_max': 0.181174, 'evaluations': 20, 'safe_feasible': 18, 'states': 6, 'selected_radius': 0.70231, 'selected_trim': 0.181174, 'selected_score': 0.388317}, {'index': 1, 'radius_min': 0.1, 'radius_max': 1.5, 'trim_min': 0.0122168, 'trim_max': 0.183252, 'evaluations': 20, 'safe_feasible': 17, 'states': 6, 'selected_radius': 1.5, 'selected_trim': 0.183252, 'selected_score': 0.267689}, {'index': 2, 'radius_min': 0.1, 'radius_max': 1.5, 'trim_min': 0.0260185, 'trim_max': 0.390278, 'evaluations': 20, 'safe_feasible': 18, 'states': 6, 'selected_radius': 0.415, 'selected_trim': 0.107977, 'selected_score': 0.653932}, {'index': 3, 'radius_min': 0.1, 'radius_max': 1.5, 'trim_min': 0.0139779, 'trim_max': 0.209668, 'evaluations': 20, 'safe_feasible': 17, 'states': 6, 'selected_radius': 1.5, 'selected_trim': 0.209668, 'selected_score': 0.303511}, {'index': 4, 'radius_min': 0.1, 'radius_max': 1.5, 'trim_min': 0.0271892, 'trim_max': 0.407839, 'evaluations': 20, 'safe_feasible': 18, 'states': 6, 'selected_radius': 0.24, 'selected_trim': 0.0652542, 'selected_score': 0.712445}, {'index': 5, 'radius_min': 0.1, 'radius_max': 0.844983, 'trim_min': 0.0249261, 'trim_max': 0.210621, 'evaluations': 20, 'safe_feasible': 16, 'states': 6, 'selected_radius': 0.844983, 'selected_trim': 0.210621, 'selected_score': 0.339417}]",6,36,120,none,6,0,0.0,200,0.444218,230,0,"{'angular acceleration iteration did not converge': 7, 'transition requires a reversing inner wheel': 9}",0.00895833,adaptive,0.05,0,104,SmacHybrid,874a96d5c0deb735a8398f01d38d5df6649b0410257d96c2d645009e089c4ff8,71,1b229e8471c59e73d0aa885613219f600d81c81ca23ac04f106d7089a723ba12,0,1,vertical_rack_detour,True,4.840636975610404,4.689003153619912,3.4783556064267507,1,0.016309297000134393
0.003,1.85569023680466,0.045360915153128206,0.02335757388828443,,0.38354190740868377,0.11464466264901119,0.11464466264901119,0,88,5.03915,0,253,True,7.55726,253,True,simple_default,simple,1.85569,253,True,1.7470969205435822,adaptive_hybrid_fixed,0.05,43,edd28eb5b3148f706ada327b6b98541373bb187bcf7ca14306d3ef7f173ae78f,3.4377502496232837,,,,,,,,,,,,,,,0,0.0,,,,,,,,,0,,SmacHybrid,874a96d5c0deb735a8398f01d38d5df6649b0410257d96c2d645009e089c4ff8,70,1b229e8471c59e73d0aa885613219f600d81c81ca23ac04f106d7089a723ba12,0,1,vertical_rack_detour,True,1.85569023680466,1.7470969205435822,3.4377502496232837,1,0.00467982000009215
0.015000000000000001,1.85569023680466,0.045360915153128206,0.02335757388828443,,0.38354190740868377,0.11464466264901119,0.11464466264901119,0,88,4.84064,0,253,True,7.55726,253,True,simple_default,simple,1.85569,253,True,1.7470969205435822,adaptive_hybrid,0.05,43,edd28eb5b3148f706ada327b6b98541373bb187bcf7ca14306d3ef7f173ae78f,3.4377502496232837,,,,,,,,,,,,,,,0,0.0,,,,,,,,,0,,SmacHybrid,874a96d5c0deb735a8398f01d38d5df6649b0410257d96c2d645009e089c4ff8,70,1b229e8471c59e73d0aa885613219f600d81c81ca23ac04f106d7089a723ba12,0,1,vertical_rack_detour,True,1.85569023680466,1.7470969205435822,3.4377502496232837,1,0.013875337000172294
0.003,7.068916082177607,4.440892098500626e-16,7.04166119237455e-17,,0.48190044259575715,0.2474873771031409,0.25619225950049973,0,163,,,,,,,,,,,,,4.92244066033981,raw,0.05,73,3875615c54ba3516f2ab132f071b3ca170a3da54ac191476fba284c8b551c9fb,6.149979918791159,,,,,,,,,,,,,,,0,0.0,,,,,,,,,0,,SmacHybrid,e2ef3e07afb6bed94b2f2c3d948c29d0a5f57b26a922381e344b6dec6abfaec9,125,3875615c54ba3516f2ab132f071b3ca170a3da54ac191476fba284c8b551c9fb,0,1,horizontal_rack_detour,True,7.068916082177607,4.92244066033981,6.149979918791159,1,0.005416213999978936
0.0,2.2602656483062376,0.05881243398600994,0.018660480967426465,,0.48338232818774346,0.2146446641391273,0.2146446641391273,0,149,,,,,,,,,,,,,2.1746451643998244,simple,0.05,73,21a0a4947c60ac536acb4975ed81794e273b6e0691a37085842b467700a5cf85,6.068263824249887,,,,,,,,,,,,,,,0,0.0,,,,,,,,,0,,SmacHybrid,e2ef3e07afb6bed94b2f2c3d948c29d0a5f57b26a922381e344b6dec6abfaec9,123,3875615c54ba3516f2ab132f071b3ca170a3da54ac191476fba284c8b551c9fb,0,1,horizontal_rack_detour,True,2.2602656483062376,2.1746451643998244,6.068263824249887,1,0.007381960999737203
0.0,4.383982929570053,0.00948980398016254,0.00270237656642571,,0.4914084414711867,0.2474873771031409,0.25619225950049973,0,150,,,,,,,,,,,,,3.506494199039534,savitzky_golay,0.05,73,3cee8b84659000cb708f06e9b10ea1901db773c1720ab7f5e59823525663ba90,6.1395849305356585,,,,,,,,,,,,,,,0,0.0,,,,,,,,,0,,SmacHybrid,e2ef3e07afb6bed94b2f2c3d948c29d0a5f57b26a922381e344b6dec6abfaec9,124,3875615c54ba3516f2ab132f071b3ca170a3da54ac191476fba284c8b551c9fb,0,1,horizontal_rack_detour,True,4.383982929570053,3.506494199039534,6.1395849305356585,1,0.007148885999868071
0.006,4.521680507632717,0.017472843688228767,0.0058923312246891985,,0.48706521967490646,0.2474873771031409,0.26464466488418537,0,147,,,,,,,,,,,,,3.066398642467651,constrained,0.05,73,7f45ad076903e1609b7b8bf620eadb7b088224ea3043a80afca7c06cadc56dd8,6.15477876623069,,,,,,,,,,,,,,,0,0.0,,,,,,,,,0,,SmacHybrid,e2ef3e07afb6bed94b2f2c3d948c29d0a5f57b26a922381e344b6dec6abfaec9,125,3875615c54ba3516f2ab132f071b3ca170a3da54ac191476fba284c8b551c9fb,0,1,horizontal_rack_detour,True,4.521680507632717,3.066398642467651,6.15477876623069,1,0.009212451999701443
0.003,3.587325243304471,0.03719565041429796,0.0188138480541206,,0.45642430476419715,0.2146446641391273,0.23390290478282266,0,212,,,,,,,,,,,,,2.4189042791105564,pivot_g2_fixed,0.05,208,8c063931f8f214f8b5fe5f9ec29cfeb9dd6d701178a6df1419beb240e46ada99,6.0957903448355975,0,24,73,0.04,0.0344372,7,0,6,"[{'index': 0, 'radius_min': 0, 'radius_max': 0, 'trim_min': 0, 'trim_max': 0, 'evaluations': 9, 'safe_feasible': 6, 'states': 0, 'selected_radius': 1, 'selected_trim': 0.108728, 'selected_score': 0.944184}, {'index': 1, 'radius_min': 0, 'radius_max': 0, 'trim_min': 0, 'trim_max': 0, 'evaluations': 9, 'safe_feasible': 8, 'states': 0, 'selected_radius': 1.5, 'selected_trim': 0.145074, 'selected_score': 1}, {'index': 2, 'radius_min': 0, 'radius_max': 0, 'trim_min': 0, 'trim_max': 0, 'evaluations': 9, 'safe_feasible': 4, 'states': 0, 'selected_radius': 0.5, 'selected_trim': 0.203942, 'selected_score': 0.972508}, {'index': 3, 'radius_min': 0, 'radius_max': 0, 'trim_min': 0, 'trim_max': 0, 'evaluations': 9, 'safe_feasible': 6, 'states': 0, 'selected_radius': 0.75, 'selected_trim': 0.205515, 'selected_score': 0.847313}, {'index': 4, 'radius_min': 0, 'radius_max': 0, 'trim_min': 0, 'trim_max': 0, 'evaluations': 9, 'safe_feasible': 4, 'states': 0, 'selected_radius': 0.5, 'selected_trim': 0.114484, 'selected_score': 0.9}]",5,0,45,none,5,0,0.0,200,0.932801,208,0,"{'angular acceleration iteration did not converge': 2, 'transition would overlap an adjacent corner window': 15}",0.00313817,fixed,0.05,0,28,SmacHybrid,e2ef3e07afb6bed94b2f2c3d948c29d0a5f57b26a922381e344b6dec6abfaec9,123,3875615c54ba3516f2ab132f071b3ca170a3da54ac191476fba284c8b551c9fb,0,1,horizontal_rack_detour,True,3.587325243304471,2.4189042791105564,6.0957903448355975,1,0.010807548999764549
0.009000000000000001,4.259755033669323,0.0355841296458317,0.018539952364887074,,0.5170110497141573,0.2146446641391273,0.2474873771031409,0,235,,,,,,,,,,,,,3.477447625678275,pivot_g2,0.05,231,e4c16c344cc39a6d939a16261de09b5bd3d5ef3cbe655ce38d7d174d260aacd0,6.100240736046958,116,81,73,0.04,0.0344372,7,0,6,"[{'index': 0, 'radius_min': 0.1, 'radius_max': 1.5, 'trim_min': 0.0108728, 'trim_max': 0.163092, 'evaluations': 20, 'safe_feasible': 17, 'states': 6, 'selected_radius': 1.5, 'selected_trim': 0.163092, 'selected_score': 0.12975}, {'index': 1, 'radius_min': 0.1, 'radius_max': 1.5, 'trim_min': 0.00967157, 'trim_max': 0.145074, 'evaluations': 20, 'safe_feasible': 17, 'states': 6, 'selected_radius': 1.5, 'selected_trim': 0.145074, 'selected_score': 0.183157}, {'index': 2, 'radius_min': 0.1, 'radius_max': 1.28356, 'trim_min': 0.0407884, 'trim_max': 0.523544, 'evaluations': 20, 'safe_feasible': 16, 'states': 6, 'selected_radius': 0.336712, 'selected_trim': 0.137339, 'selected_score': 0.7251}, {'index': 3, 'radius_min': 0.1, 'radius_max': 1.5, 'trim_min': 0.027402, 'trim_max': 0.411031, 'evaluations': 20, 'safe_feasible': 18, 'states': 6, 'selected_radius': 0.415, 'selected_trim': 0.113718, 'selected_score': 0.612013}, {'index': 4, 'radius_min': 0.1, 'radius_max': 1.20814, 'trim_min': 0.0228967, 'trim_max': 0.276624, 'evaluations': 20, 'safe_feasible': 17, 'states': 6, 'selected_radius': 1.20814, 'selected_trim': 0.276624, 'selected_score': 0.250712}]",5,30,100,none,5,0,0.0,200,0.380146,231,0,"{'angular acceleration iteration did not converge': 8, 'transition requires a reversing inner wheel': 7}",0.00789397,adaptive,0.05,0,85,SmacHybrid,e2ef3e07afb6bed94b2f2c3d948c29d0a5f57b26a922381e344b6dec6abfaec9,124,3875615c54ba3516f2ab132f071b3ca170a3da54ac191476fba284c8b551c9fb,0,1,horizontal_rack_detour,True,4.259755033669323,3.477447625678275,6.100240736046958,1,0.012930321000112599
0.003,3.587325243304471,0.03719565041429796,0.0188138480541206,,0.45642430476419715,0.2146446641391273,0.23390290478282266,0,212,3.58733,0,177,True,7.06892,150,True,safety_gain_within_energy_budget,pivot_g2,2.26027,202,True,2.4189042791105564,adaptive_hybrid_fixed,0.05,208,8c063931f8f214f8b5fe5f9ec29cfeb9dd6d701178a6df1419beb240e46ada99,6.0957903448355975,,,,,,,,,,,,,,,0,0.0,,,,,,,,,0,,SmacHybrid,e2ef3e07afb6bed94b2f2c3d948c29d0a5f57b26a922381e344b6dec6abfaec9,123,3875615c54ba3516f2ab132f071b3ca170a3da54ac191476fba284c8b551c9fb,0,1,horizontal_rack_detour,True,3.587325243304471,2.4189042791105564,6.0957903448355975,1,0.012316864000240457
0.009000000000000001,4.259755033669323,0.0355841296458317,0.018539952364887074,,0.5170110497141573,0.2146446641391273,0.2474873771031409,0,235,4.25976,0,177,True,7.06892,150,True,safety_gain_within_energy_budget,pivot_g2,2.26027,202,True,3.477447625678275,adaptive_hybrid,0.05,231,e4c16c344cc39a6d939a16261de09b5bd3d5ef3cbe655ce38d7d174d260aacd0,6.100240736046958,,,,,,,,,,,,,,,0,0.0,,,,,,,,,0,,SmacHybrid,e2ef3e07afb6bed94b2f2c3d948c29d0a5f57b26a922381e344b6dec6abfaec9,124,3875615c54ba3516f2ab132f071b3ca170a3da54ac191476fba284c8b551c9fb,0,1,horizontal_rack_detour,True,4.259755033669323,3.477447625678275,6.100240736046958,1,0.015334313000039401
0.003,10.594807051940029,1.6653345369377348e-16,4.1471312274845906e-17,,0.3648199134053832,0.23390290478282266,0.25619225950049973,0,140,,,,,,,,,,,,,4.3398267753087065,raw,0.05,59,9066eb0f898e9a05267cf530e0e442c46a8764f7c0fce1485e2c1f0ac6a219a2,4.959454425724628,,,,,,,,,,,,,,,0,0.0,,,,,,,,,0,,SmacHybrid,a26c8ed8dc254cfe475cca9331fea319e6eebb986961ed8ac8655d25dd1eaf55,101,9066eb0f898e9a05267cf530e0e442c46a8764f7c0fce1485e2c1f0ac6a219a2,0,1,right_rack_detour,True,10.594807051940029,4.3398267753087065,4.959454425724628,1,0.005452039999909175
0.0,3.3788590799974614,0.0671799634875003,0.028018871884429242,,0.3541954223835145,0.2146446641391273,0.2146446641391273,0,120,,,,,,,,,,,,,2.754271758803878,simple,0.05,59,f522b3cd89dab1163c96f55468c81c6ee74c7d43afa70f5448ce3eaf83b08736,4.820478345267477,,,,,,,,,,,,,,,0,0.0,,,,,,,,,0,,SmacHybrid,a26c8ed8dc254cfe475cca9331fea319e6eebb986961ed8ac8655d25dd1eaf55,98,9066eb0f898e9a05267cf530e0e442c46a8764f7c0fce1485e2c1f0ac6a219a2,0,1,right_rack_detour,True,3.3788590799974614,2.754271758803878,4.820478345267477,1,0.007340109000324446
0.0,7.772916816814635,0.012714891571070338,0.003983065536217103,,0.36468248725247504,0.2474873771031409,0.25619225950049973,0,125,,,,,,,,,,,,,4.399867158401294,savitzky_golay,0.05,59,2905eef108288122527a278b8328bb289c4dce5082c57d31212623aef5d5d98b,4.940236115600515,,,,,,,,,,,,,,,0,0.0,,,,,,,,,0,,SmacHybrid,a26c8ed8dc254cfe475cca9331fea319e6eebb986961ed8ac8655d25dd1eaf55,100,9066eb0f898e9a05267cf530e0e442c46a8764f7c0fce1485e2c1f0ac6a219a2,0,1,right_rack_detour,True,7.772916816814635,4.399867158401294,4.940236115600515,1,0.00736042800008363
0.006,8.992948451297167,0.010396609577231914,0.0031352225898574116,,0.36724692032445544,0.25619225950049973,0.25619225950049973,0,125,,,,,,,,,,,,,4.393912517513358,constrained,0.05,59,79783d71dd40d192244abb855b2fa793a277a17f5181aa2473299bf154cca0e2,4.960116330532469,,,,,,,,,,,,,,,0,0.0,,,,,,,,,0,,SmacHybrid,a26c8ed8dc254cfe475cca9331fea319e6eebb986961ed8ac8655d25dd1eaf55,101,9066eb0f898e9a05267cf530e0e442c46a8764f7c0fce1485e2c1f0ac6a219a2,0,1,right_rack_detour,True,8.992948451297167,4.393912517513358,4.960116330532469,1,0.006257048999941617
0.003,7.856331909686144,0.036345970797372354,0.011846520499657608,,0.3462090475144759,0.23390290478282266,0.2474873771031409,0,260,,,,,,,,,,,,,5.5593612339339975,pivot_g2_fixed,0.05,257,f76ee605839b8993c438a1e783f00e1903da29024419b97087c7459948ab5ac5,4.907862507455536,0,31,59,0.04,0.0374199,10,0,9,"[{'index': 0, 'radius_min': 0, 'radius_max': 0, 'trim_min': 0, 'trim_max': 0, 'evaluations': 9, 'safe_feasible': 2, 'states': 0, 'selected_radius': 0.3, 'selected_trim': 0.0803846, 'selected_score': 0.9}, {'index': 1, 'radius_min': 0, 'radius_max': 0, 'trim_min': 0, 'trim_max': 0, 'evaluations': 9, 'safe_feasible': 1, 'states': 0, 'selected_radius': 0.2, 'selected_trim': 0.0567204, 'selected_score': 1}, {'index': 2, 'radius_min': 0, 'radius_max': 0, 'trim_min': 0, 'trim_max': 0, 'evaluations': 9, 'safe_feasible': 8, 'states': 0, 'selected_radius': 1.25, 'selected_trim': 0.195035, 'selected_score': 0.957759}, {'index': 3, 'radius_min': 0, 'radius_max': 0, 'trim_min': 0, 'trim_max': 0, 'evaluations': 9, 'safe_feasible': 4, 'states': 0, 'selected_radius': 0.5, 'selected_trim': 0.149496, 'selected_score': 0.931072}, {'index': 4, 'radius_min': 0, 'radius_max': 0, 'trim_min': 0, 'trim_max': 0, 'evaluations': 9, 'safe_feasible': 4, 'states': 0, 'selected_radius': 0.5, 'selected_trim': 0.136887, 'selected_score': 0.91796}, {'index': 5, 'radius_min': 0, 'radius_max': 0, 'trim_min': 0, 'trim_max': 0, 'evaluations': 9, 'safe_feasible': 6, 'states': 0, 'selected_radius': 1, 'selected_trim': 0.164676, 'selected_score': 0.901429}, {'index': 6, 'radius_min': 0, 'radius_max': 0, 'trim_min': 0, 'trim_max': 0, 'evaluations': 9, 'safe_feasible': 8, 'states': 0, 'selected_radius': 1.5, 'selected_trim': 0.207142, 'selected_score': 1}, {'index': 7, 'radius_min': 0, 'radius_max': 0, 'trim_min': 0, 'trim_max': 0, 'evaluations': 9, 'safe_feasible': 3, 'states': 0, 'selected_radius': 0.4, 'selected_trim': 0.0770982, 'selected_score': 0.9}]",8,0,72,none,8,0,0.0,200,0.938527,257,0,"{'angular acceleration iteration did not converge': 3, 'transition would overlap an adjacent corner window': 33}",0.00293432,fixed,0.05,0,36,SmacHybrid,a26c8ed8dc254cfe475cca9331fea319e6eebb986961ed8ac8655d25dd1eaf55,100,9066eb0f898e9a05267cf530e0e442c46a8764f7c0fce1485e2c1f0ac6a219a2,0,1,right_rack_detour,True,7.856331909686144,5.5593612339339975,4.907862507455536,1,0.007573911999770644
0.012,9.251912393020715,0.03598578111106087,0.01221712763534873,,0.34300205481668733,0.23390290478282266,0.23933669371094995,0,309,,,,,,,,,,,,,5.369003049406954,pivot_g2,0.05,306,4c35e326c5d1a57fee381908e5ea51a9d5ab7848429630c405f3513d3b74593e,4.9097712692198625,167,128,59,0.04,0.0374199,10,0,9,"[{'index': 0, 'radius_min': 0.1, 'radius_max': 0.676149, 'trim_min': 0.0267949, 'trim_max': 0.181173, 'evaluations': 20, 'safe_feasible': 16, 'states': 6, 'selected_radius': 0.21523, 'selected_trim': 0.0576705, 'selected_score': 0.601504}, {'index': 1, 'radius_min': 0.1, 'radius_max': 0.63883, 'trim_min': 0.0283602, 'trim_max': 0.181173, 'evaluations': 20, 'safe_feasible': 17, 'states': 6, 'selected_radius': 0.207766, 'selected_trim': 0.0589228, 'selected_score': 0.685585}, {'index': 2, 'radius_min': 0.1, 'radius_max': 1.5, 'trim_min': 0.0156028, 'trim_max': 0.234042, 'evaluations': 20, 'safe_feasible': 17, 'states': 6, 'selected_radius': 1.5, 'selected_trim': 0.234042, 'selected_score': 0.261022}, {'index': 3, 'radius_min': 0.1, 'radius_max': 1.19036, 'trim_min': 0.0298992, 'trim_max': 0.355908, 'evaluations': 20, 'safe_feasible': 17, 'states': 6, 'selected_radius': 0.318072, 'selected_trim': 0.095101, 'selected_score': 0.661906}, {'index': 4, 'radius_min': 0.1, 'radius_max': 1.30001, 'trim_min': 0.0273773, 'trim_max': 0.355908, 'evaluations': 20, 'safe_feasible': 18, 'states': 6, 'selected_radius': 0.220001, 'selected_trim': 0.0602304, 'selected_score': 0.708553}, {'index': 5, 'radius_min': 0.1, 'radius_max': 1.5, 'trim_min': 0.0164676, 'trim_max': 0.247014, 'evaluations': 20, 'safe_feasible': 17, 'states': 6, 'selected_radius': 1.5, 'selected_trim': 0.247014, 'selected_score': 0.276548}, {'index': 6, 'radius_min': 0.1, 'radius_max': 1.5, 'trim_min': 0.0138095, 'trim_max': 0.207142, 'evaluations': 20, 'safe_feasible': 17, 'states': 6, 'selected_radius': 1.5, 'selected_trim': 0.207142, 'selected_score': 0.190965}, {'index': 7, 'radius_min': 0.1, 'radius_max': 1.09764, 'trim_min': 0.0192745, 'trim_max': 0.211565, 'evaluations': 20, 'safe_feasible': 18, 'states': 6, 'selected_radius': 1.09764, 'selected_trim': 0.211565, 'selected_score': 0.292904}]",8,48,160,none,8,0,0.0,200,0.459873,306,0,"{'angular acceleration iteration did not converge': 11, 'transition requires a reversing inner wheel': 12}",0.0126815,adaptive,0.05,0,137,SmacHybrid,a26c8ed8dc254cfe475cca9331fea319e6eebb986961ed8ac8655d25dd1eaf55,100,9066eb0f898e9a05267cf530e0e442c46a8764f7c0fce1485e2c1f0ac6a219a2,0,1,right_rack_detour,True,9.251912393020715,5.369003049406954,4.9097712692198625,1,0.01881783600038034
0.003,3.3788590799974614,0.0671799634875003,0.028018871884429242,,0.3541954223835145,0.2146446641391273,0.2146446641391273,0,120,7.85633,0,177,True,10.5948,173,True,simple_default,simple,3.37886,202,True,2.754271758803878,adaptive_hybrid_fixed,0.05,59,f522b3cd89dab1163c96f55468c81c6ee74c7d43afa70f5448ce3eaf83b08736,4.820478345267477,,,,,,,,,,,,,,,0,0.0,,,,,,,,,0,,SmacHybrid,a26c8ed8dc254cfe475cca9331fea319e6eebb986961ed8ac8655d25dd1eaf55,98,9066eb0f898e9a05267cf530e0e442c46a8764f7c0fce1485e2c1f0ac6a219a2,0,1,right_rack_detour,True,3.3788590799974614,2.754271758803878,4.820478345267477,1,0.008208580999962578
0.012,3.3788590799974614,0.0671799634875003,0.028018871884429242,,0.3541954223835145,0.2146446641391273,0.2146446641391273,0,120,9.25191,0,177,True,10.5948,173,True,simple_default,simple,3.37886,202,True,2.754271758803878,adaptive_hybrid,0.05,59,f522b3cd89dab1163c96f55468c81c6ee74c7d43afa70f5448ce3eaf83b08736,4.820478345267477,,,,,,,,,,,,,,,0,0.0,,,,,,,,,0,,SmacHybrid,a26c8ed8dc254cfe475cca9331fea319e6eebb986961ed8ac8655d25dd1eaf55,98,9066eb0f898e9a05267cf530e0e442c46a8764f7c0fce1485e2c1f0ac6a219a2,0,1,right_rack_detour,True,3.3788590799974614,2.754271758803878,4.820478345267477,1,0.01437375300019994
0.024,13.043752880269249,4.440892098500626e-16,5.4780704391361526e-17,,0.4670641706658686,0.014644661158895074,0.03714466149417116,0,350,,,,,,,,,,,,,4.655487801138429,raw,0.05,157,af86d49ccbc3ba77e49217357386761ec1e27f60d6bde96845f3fef00bfa6f94,13.900609275961745,,,,,,,,,,,,,,,0,0.0,,,,,,,,,0,,SmacHybrid,cb85ae8a7f0ed1590b0c1c96be20cc7193502dc9dd1c12f8f4af13329e810936,280,af86d49ccbc3ba77e49217357386761ec1e27f60d6bde96845f3fef00bfa6f94,0,1,long_southwest_to_northeast,True,13.043752880269249,4.655487801138429,13.900609275961745,1,0.03077233799967871
0.003,4.520411964562207,0.0665219980938931,0.01818645175958967,,0.46038701612385147,0.06464466190395313,0.06464466190395313,0,317,,,,,,,,,,,,,2.4785525837425477,simple,0.05,157,845b3b9b830a5cb3fa972b1cf464a844fe8b653df4ac491d8bb2faeb5fe5759f,13.734417124741553,,,,,,,,,,,,,,,0,0.0,,,,,,,,,0,,SmacHybrid,cb85ae8a7f0ed1590b0c1c96be20cc7193502dc9dd1c12f8f4af13329e810936,276,af86d49ccbc3ba77e49217357386761ec1e27f60d6bde96845f3fef00bfa6f94,0,1,long_southwest_to_northeast,True,4.520411964562207,2.4785525837425477,13.734417124741553,1,0.008801970000149595
,,,,"smoothing failed: status=6, code=503, message=''",,,,,,,,,,,,,,,,,,,savitzky_golay,,,,,,,,,,,,,,,,,,,,,,,,,,,,,,,SmacHybrid,cb85ae8a7f0ed1590b0c1c96be20cc7193502dc9dd1c12f8f4af13329e810936,,af86d49ccbc3ba77e49217357386761ec1e27f60d6bde96845f3fef00bfa6f94,0,1,long_southwest_to_northeast,False,,,,,
0.009000000000000001,13.695084965768132,0.1274681044239459,0.02749186065180422,,0.47519359321725846,0.06464466190395313,0.11464466264901119,0,321,,,,,,,,,,,,,8.116423911428384,constrained,0.05,157,d68425bdfd94eb646eafca33bf43294a7f02069552ab13b811a2b6f1564dbabe,13.865704567962574,,,,,,,,,,,,,,,0,0.0,,,,,,,,,0,,SmacHybrid,cb85ae8a7f0ed1590b0c1c96be20cc7193502dc9dd1c12f8f4af13329e810936,279,af86d49ccbc3ba77e49217357386761ec1e27f60d6bde96845f3fef00bfa6f94,0,1,long_southwest_to_northeast,True,13.695084965768132,8.116423911428384,13.865704567962574,1,0.014584250000098109
,,,,"smoothing failed: status=6, code=504, message=''",,,,,,,,,,,,,,,,,,,pivot_g2_fixed,,,,,,,,,,,,,,,,,,,,,,,,,,,,,,,SmacHybrid,cb85ae8a7f0ed1590b0c1c96be20cc7193502dc9dd1c12f8f4af13329e810936,,af86d49ccbc3ba77e49217357386761ec1e27f60d6bde96845f3fef00bfa6f94,0,1,long_southwest_to_northeast,False,,,,,
,,,,"smoothing failed: status=6, code=504, message=''",,,,,,,,,,,,,,,,,,,pivot_g2,,,,,,,,,,,,,,,,,,,,,,,,,,,,,,,SmacHybrid,cb85ae8a7f0ed1590b0c1c96be20cc7193502dc9dd1c12f8f4af13329e810936,,af86d49ccbc3ba77e49217357386761ec1e27f60d6bde96845f3fef00bfa6f94,0,1,long_southwest_to_northeast,False,,,,,
0.009000000000000001,4.520411964562207,0.0665219980938931,0.01818645175958967,,0.46038701612385147,0.06464466190395313,0.06464466190395313,0,317,,0,,False,,253,False,pivot_unsafe,simple,4.52041,253,True,2.4785525837425477,adaptive_hybrid_fixed,0.05,157,845b3b9b830a5cb3fa972b1cf464a844fe8b653df4ac491d8bb2faeb5fe5759f,13.734417124741553,,,,,,,,,,,,,,,0,0.0,,,,,,,,,0,,SmacHybrid,cb85ae8a7f0ed1590b0c1c96be20cc7193502dc9dd1c12f8f4af13329e810936,276,af86d49ccbc3ba77e49217357386761ec1e27f60d6bde96845f3fef00bfa6f94,0,1,long_southwest_to_northeast,True,4.520411964562207,2.4785525837425477,13.734417124741553,1,0.014387458999863156
0.021,4.520411964562207,0.0665219980938931,0.01818645175958967,,0.46038701612385147,0.06464466190395313,0.06464466190395313,0,317,,0,,False,,253,False,pivot_unsafe,simple,4.52041,253,True,2.4785525837425477,adaptive_hybrid,0.05,157,845b3b9b830a5cb3fa972b1cf464a844fe8b653df4ac491d8bb2faeb5fe5759f,13.734417124741553,,,,,,,,,,,,,,,0,0.0,,,,,,,,,0,,SmacHybrid,cb85ae8a7f0ed1590b0c1c96be20cc7193502dc9dd1c12f8f4af13329e810936,276,af86d49ccbc3ba77e49217357386761ec1e27f60d6bde96845f3fef00bfa6f94,0,1,long_southwest_to_northeast,True,4.520411964562207,2.4785525837425477,13.734417124741553,1,0.02800866200004748
0.003,14.839885254134964,8.881784197001252e-16,6.667661272777937e-17,,0.38052821922902696,0.014644661158895074,0.06464466190395313,0,344,,,,,,,,,,,,,4.728289897093249,raw,0.05,157,a044984b43701a21a448fc6948d57b467a2bdbf4a84b891cab3d031e6da3d25c,13.916126942007908,,,,,,,,,,,,,,,0,0.0,,,,,,,,,0,,SmacHybrid,1319a5730b940fdf6ed386448176ff09187dfbe21aae60ca0a9965b7cb80f50d,280,a044984b43701a21a448fc6948d57b467a2bdbf4a84b891cab3d031e6da3d25c,0,1,long_northeast_to_southwest,True,14.839885254134964,4.728289897093249,13.916126942007908,1,0.008078835000105755
0.0,4.465194334172071,0.07051526489908869,0.020010963666050555,,0.38689764624679895,0.06464466190395313,0.11464466264901119,0,316,,,,,,,,,,,,,2.8996767836378505,simple,0.05,157,3c62fc2014db75b93f8cc6b46506f2e845f9b526ff8389df3ff952ac1eff0c33,13.728492225918506,,,,,,,,,,,,,,,0,0.0,,,,,,,,,0,,SmacHybrid,1319a5730b940fdf6ed386448176ff09187dfbe21aae60ca0a9965b7cb80f50d,276,a044984b43701a21a448fc6948d57b467a2bdbf4a84b891cab3d031e6da3d25c,0,1,long_northeast_to_southwest,True,4.465194334172071,2.8996767836378505,13.728492225918506,1,0.00983873700033655
,,,,"smoothing failed: status=6, code=503, message=''",,,,,,,,,,,,,,,,,,,savitzky_golay,,,,,,,,,,,,,,,,,,,,,,,,,,,,,,,SmacHybrid,1319a5730b940fdf6ed386448176ff09187dfbe21aae60ca0a9965b7cb80f50d,,a044984b43701a21a448fc6948d57b467a2bdbf4a84b891cab3d031e6da3d25c,0,1,long_northeast_to_southwest,False,,,,,
0.009000000000000001,10.71107276638701,0.08603612504628148,0.017054504129314023,,0.38151685067812674,0.014644661158895074,0.07214466201571194,0,324,,,,,,,,,,,,,5.894319321832825,constrained,0.05,157,58778f86bbbac32607d84d0ee3f056ffa2e809cac3b7a57bd3095f9ba55df530,13.882639300911402,,,,,,,,,,,,,,,0,0.0,,,,,,,,,0,,SmacHybrid,1319a5730b940fdf6ed386448176ff09187dfbe21aae60ca0a9965b7cb80f50d,279,a044984b43701a21a448fc6948d57b467a2bdbf4a84b891cab3d031e6da3d25c,0,1,long_northeast_to_southwest,True,10.71107276638701,5.894319321832825,13.882639300911402,1,0.019224600999677932
,,,,"smoothing failed: status=6, code=504, message=''",,,,,,,,,,,,,,,,,,,pivot_g2_fixed,,,,,,,,,,,,,,,,,,,,,,,,,,,,,,,SmacHybrid,1319a5730b940fdf6ed386448176ff09187dfbe21aae60ca0a9965b7cb80f50d,,a044984b43701a21a448fc6948d57b467a2bdbf4a84b891cab3d031e6da3d25c,0,1,long_northeast_to_southwest,False,,,,,
,,,,"smoothing failed: status=6, code=504, message=''",,,,,,,,,,,,,,,,,,,pivot_g2,,,,,,,,,,,,,,,,,,,,,,,,,,,,,,,SmacHybrid,1319a5730b940fdf6ed386448176ff09187dfbe21aae60ca0a9965b7cb80f50d,,a044984b43701a21a448fc6948d57b467a2bdbf4a84b891cab3d031e6da3d25c,0,1,long_northeast_to_southwest,False,,,,,
0.0,4.465194334172071,0.07051526489908869,0.020010963666050555,,0.38689764624679895,0.06464466190395313,0.11464466264901119,0,316,,0,,False,,253,False,pivot_unsafe,simple,4.46519,253,True,2.8996767836378505,adaptive_hybrid_fixed,0.05,157,3c62fc2014db75b93f8cc6b46506f2e845f9b526ff8389df3ff952ac1eff0c33,13.728492225918506,,,,,,,,,,,,,,,0,0.0,,,,,,,,,0,,SmacHybrid,1319a5730b940fdf6ed386448176ff09187dfbe21aae60ca0a9965b7cb80f50d,276,a044984b43701a21a448fc6948d57b467a2bdbf4a84b891cab3d031e6da3d25c,0,1,long_northeast_to_southwest,True,4.465194334172071,2.8996767836378505,13.728492225918506,1,0.010171409000122367
0.021,4.465194334172071,0.07051526489908869,0.020010963666050555,,0.38689764624679895,0.06464466190395313,0.11464466264901119,0,316,,0,,False,,253,False,pivot_unsafe,simple,4.46519,253,True,2.8996767836378505,adaptive_hybrid,0.05,157,3c62fc2014db75b93f8cc6b46506f2e845f9b526ff8389df3ff952ac1eff0c33,13.728492225918506,,,,,,,,,,,,,,,0,0.0,,,,,,,,,0,,SmacHybrid,1319a5730b940fdf6ed386448176ff09187dfbe21aae60ca0a9965b7cb80f50d,276,a044984b43701a21a448fc6948d57b467a2bdbf4a84b891cab3d031e6da3d25c,0,1,long_northeast_to_southwest,True,4.465194334172071,2.8996767836378505,13.728492225918506,1,0.02602095200018084
0.006,7.221602258516694,4.440892098500626e-16,9.137027812094784e-17,,0.8508940641404353,0.25619225950049973,0.2924278695464928,0,291,,,,,,,,,,,,,4.339817603897591,raw,0.05,139,cbef2450087fb26f868d85dfe224977cb97db5763af8293c1474d43f79c46099,12.332496685846808,,,,,,,,,,,,,,,0,0.0,,,,,,,,,0,,SmacHybrid,15a7f56c1b5334e69ea1637b93aa318dcb72c3e641f5e8dd8f74a6209fd2c68f,248,cbef2450087fb26f868d85dfe224977cb97db5763af8293c1474d43f79c46099,0,1,crossing_northwest_to_southeast,True,7.221602258516694,4.339817603897591,12.332496685846808,1,0.007901753000169265
0.0,0.9578207607627551,0.026396377684769087,0.010810484968865918,,0.8610928750690308,0.2474873771031409,0.2844080324648445,0,279,,,,,,,,,,,,,0.9053983918449041,simple,0.05,139,f30c276ad4d4bd3150b299bf60a8995a7a62c31c288d9b26c60522165fdd49df,12.280074456840415,,,,,,,,,,,,,,,0,0.0,,,,,,,,,0,,SmacHybrid,15a7f56c1b5334e69ea1637b93aa318dcb72c3e641f5e8dd8f74a6209fd2c68f,247,cbef2450087fb26f868d85dfe224977cb97db5763af8293c1474d43f79c46099,0,1,crossing_northwest_to_southeast,True,0.9578207607627551,0.9053983918449041,12.280074456840415,1,0.008969585000158986
0.0,2.775559714306645,0.012040024129307715,0.0022383874393304337,,0.8628261059338325,0.25619225950049973,0.28480087705617874,0,279,,,,,,,,,,,,,1.5270969716456952,savitzky_golay,0.05,139,a3c65d589006f5320c17e561fb4778c89b46afffe294c8ee23a361e1f50e95fe,12.320471008722459,,,,,,,,,,,,,,,0,0.0,,,,,,,,,0,,SmacHybrid,15a7f56c1b5334e69ea1637b93aa318dcb72c3e641f5e8dd8f74a6209fd2c68f,248,cbef2450087fb26f868d85dfe224977cb97db5763af8293c1474d43f79c46099,0,1,crossing_northwest_to_southeast,True,2.775559714306645,1.5270969716456952,12.320471008722459,1,0.008239500999934535
0.009000000000000001,3.9746882988655066,0.016696530555078578,0.0035010520908295415,,0.8612874387049215,0.25619225950049973,0.28480087705617874,0,279,,,,,,,,,,,,,2.685553173806361,constrained,0.05,139,f953005c65973a8e059d0042f86de56de03a9192e70eb275922938bdbd97783f,12.335403367560597,,,,,,,,,,,,,,,0,0.0,,,,,,,,,0,,SmacHybrid,15a7f56c1b5334e69ea1637b93aa318dcb72c3e641f5e8dd8f74a6209fd2c68f,248,cbef2450087fb26f868d85dfe224977cb97db5763af8293c1474d43f79c46099,0,1,crossing_northwest_to_southeast,True,3.9746882988655066,2.685553173806361,12.335403367560597,1,0.011851231000036933
0.006,1.3578828988819787,0.03392250168757862,0.013969494088656012,,0.7882572184181562,0.23390290478282266,0.2474873771031409,0,509,,,,,,,,,,,,,0.7798537438633996,pivot_g2_fixed,0.05,504,c00b169fb59f96fe6dec08dc0c1861e55ff2da813a77fc4cf8b802ab915beef6,12.292791173478438,0,63,139,0.04,0.0354449,11,0,10,"[{'index': 0, 'radius_min': 0, 'radius_max': 0, 'trim_min': 0, 'trim_max': 0, 'evaluations': 9, 'safe_feasible': 8, 'states': 0, 'selected_radius': 1.5, 'selected_trim': 0.199194, 'selected_score': 1}, {'index': 1, 'radius_min': 0, 'radius_max': 0, 'trim_min': 0, 'trim_max': 0, 'evaluations': 9, 'safe_feasible': 8, 'states': 0, 'selected_radius': 1.5, 'selected_trim': 0.0451345, 'selected_score': 0.976583}, {'index': 2, 'radius_min': 0, 'radius_max': 0, 'trim_min': 0, 'trim_max': 0, 'evaluations': 9, 'safe_feasible': 8, 'states': 0, 'selected_radius': 1.5, 'selected_trim': 0.169487, 'selected_score': 0.85}, {'index': 3, 'radius_min': 0, 'radius_max': 0, 'trim_min': 0, 'trim_max': 0, 'evaluations': 9, 'safe_feasible': 9, 'states': 0, 'selected_radius': 1.5, 'selected_trim': 0.29567, 'selected_score': 0.922727}, {'index': 4, 'radius_min': 0, 'radius_max': 0, 'trim_min': 0, 'trim_max': 0, 'evaluations': 9, 'safe_feasible': 7, 'states': 0, 'selected_radius': 1.5, 'selected_trim': 0.0925981, 'selected_score': 1}, {'index': 5, 'radius_min': 0, 'radius_max': 0, 'trim_min': 0, 'trim_max': 0, 'evaluations': 9, 'safe_feasible': 8, 'states': 0, 'selected_radius': 1.5, 'selected_trim': 0.151524, 'selected_score': 1}, {'index': 6, 'radius_min': 0, 'radius_max': 0, 'trim_min': 0, 'trim_max': 0, 'evaluations': 9, 'safe_feasible': 8, 'states': 0, 'selected_radius': 1.5, 'selected_trim': 0.160502, 'selected_score': 1}, {'index': 7, 'radius_min': 0, 'radius_max': 0, 'trim_min': 0, 'trim_max': 0, 'evaluations': 9, 'safe_feasible': 8, 'states': 0, 'selected_radius': 1.5, 'selected_trim': 0.187168, 'selected_score': 1}, {'index': 8, 'radius_min': 0, 'radius_max': 0, 'trim_min': 0, 'trim_max': 0, 'evaluations': 9, 'safe_feasible': 8, 'states': 0, 'selected_radius': 1.5, 'selected_trim': 0.207054, 'selected_score': 1}]",9,0,81,none,9,0,0.0,200,0.972146,504,0,{'angular acceleration iteration did not converge': 9},0.00542036,fixed,0.05,0,72,SmacHybrid,15a7f56c1b5334e69ea1637b93aa318dcb72c3e641f5e8dd8f74a6209fd2c68f,247,cbef2450087fb26f868d85dfe224977cb97db5763af8293c1474d43f79c46099,0,1,crossing_northwest_to_southeast,True,1.3578828988819787,0.7798537438633996,12.292791173478438,1,0.014594927999951324
0.006,1.3578828988819787,0.03392250168757862,0.013969494088656012,,0.7882572184181562,0.23390290478282266,0.2474873771031409,0,509,,,,,,,,,,,,,0.7798537438633996,pivot_g2,0.05,504,c00b169fb59f96fe6dec08dc0c1861e55ff2da813a77fc4cf8b802ab915beef6,12.292791173478438,288,127,139,0.04,0.0354449,11,0,10,"[{'index': 0, 'radius_min': 0.1, 'radius_max': 1.5, 'trim_min': 0.0132796, 'trim_max': 0.199194, 'evaluations': 20, 'safe_feasible': 17, 'states': 6, 'selected_radius': 1.5, 'selected_trim': 0.199194, 'selected_score': 0.148356}, {'index': 1, 'radius_min': 0.1, 'radius_max': 1.5, 'trim_min': 0.00300897, 'trim_max': 0.0451345, 'evaluations': 6, 'safe_feasible': 5, 'states': 6, 'selected_radius': 1.5, 'selected_trim': 0.0451345, 'selected_score': 0.0474852}, {'index': 2, 'radius_min': 0.1, 'radius_max': 1.5, 'trim_min': 0.0112992, 'trim_max': 0.169487, 'evaluations': 20, 'safe_feasible': 17, 'states': 6, 'selected_radius': 1.5, 'selected_trim': 0.169487, 'selected_score': 0.196829}, {'index': 3, 'radius_min': 0.1, 'radius_max': 1.5, 'trim_min': 0.0197113, 'trim_max': 0.29567, 'evaluations': 20, 'safe_feasible': 17, 'states': 6, 'selected_radius': 1.5, 'selected_trim': 0.29567, 'selected_score': 0.288474}, {'index': 4, 'radius_min': 0.1, 'radius_max': 1.5, 'trim_min': 0.00617321, 'trim_max': 0.0925981, 'evaluations': 11, 'safe_feasible': 9, 'states': 6, 'selected_radius': 1.5, 'selected_trim': 0.0925981, 'selected_score': 0.0858422}, {'index': 5, 'radius_min': 0.1, 'radius_max': 1.5, 'trim_min': 0.0101016, 'trim_max': 0.151524, 'evaluations': 20, 'safe_feasible': 17, 'states': 6, 'selected_radius': 1.5, 'selected_trim': 0.151524, 'selected_score': 0.123405}, {'index': 6, 'radius_min': 0.1, 'radius_max': 1.5, 'trim_min': 0.0107002, 'trim_max': 0.160502, 'evaluations': 20, 'safe_feasible': 17, 'states': 6, 'selected_radius': 1.5, 'selected_trim': 0.160502, 'selected_score': 0.128374}, {'index': 7, 'radius_min': 0.1, 'radius_max': 1.5, 'trim_min': 0.0124779, 'trim_max': 0.187168, 'evaluations': 20, 'safe_feasible': 17, 'states': 6, 'selected_radius': 1.5, 'selected_trim': 0.187168, 'selected_score': 0.142302}, {'index': 8, 'radius_min': 0.1, 'radius_max': 1.5, 'trim_min': 0.0138036, 'trim_max': 0.207054, 'evaluations': 20, 'safe_feasible': 17, 'states': 6, 'selected_radius': 1.5, 'selected_trim': 0.207054, 'selected_score': 0.152232}]",9,54,157,none,9,0,0.0,200,0.145922,504,0,"{'angular acceleration iteration did not converge': 15, 'transition requires a reversing inner wheel': 9}",0.0078079,adaptive,0.05,0,133,SmacHybrid,15a7f56c1b5334e69ea1637b93aa318dcb72c3e641f5e8dd8f74a6209fd2c68f,247,cbef2450087fb26f868d85dfe224977cb97db5763af8293c1474d43f79c46099,0,1,crossing_northwest_to_southeast,True,1.3578828988819787,0.7798537438633996,12.292791173478438,1,0.01706934399999227
0.009000000000000001,0.9578207607627551,0.026396377684769087,0.010810484968865918,,0.8610928750690308,0.2474873771031409,0.2844080324648445,0,279,1.35788,0,177,True,7.2216,150,True,simple_default,simple,0.957821,161,True,0.9053983918449041,adaptive_hybrid_fixed,0.05,139,f30c276ad4d4bd3150b299bf60a8995a7a62c31c288d9b26c60522165fdd49df,12.280074456840415,,,,,,,,,,,,,,,0,0.0,,,,,,,,,0,,SmacHybrid,15a7f56c1b5334e69ea1637b93aa318dcb72c3e641f5e8dd8f74a6209fd2c68f,247,cbef2450087fb26f868d85dfe224977cb97db5763af8293c1474d43f79c46099,0,1,crossing_northwest_to_southeast,True,0.9578207607627551,0.9053983918449041,12.280074456840415,1,0.01313558500032741
0.009000000000000001,0.9578207607627551,0.026396377684769087,0.010810484968865918,,0.8610928750690308,0.2474873771031409,0.2844080324648445,0,279,1.35788,0,177,True,7.2216,150,True,simple_default,simple,0.957821,161,True,0.9053983918449041,adaptive_hybrid,0.05,139,f30c276ad4d4bd3150b299bf60a8995a7a62c31c288d9b26c60522165fdd49df,12.280074456840415,,,,,,,,,,,,,,,0,0.0,,,,,,,,,0,,SmacHybrid,15a7f56c1b5334e69ea1637b93aa318dcb72c3e641f5e8dd8f74a6209fd2c68f,247,cbef2450087fb26f868d85dfe224977cb97db5763af8293c1474d43f79c46099,0,1,crossing_northwest_to_southeast,True,0.9578207607627551,0.9053983918449041,12.280074456840415,1,0.015981613999883848
0.003,4.679746126490523,2.220446049250313e-16,4.279142515123509e-17,,0.7131859463831812,0.38890873544779275,0.39184485404549235,0,173,,,,,,,,,,,,,3.137226283891449,raw,0.05,81,efc94735ccf6f6c2afaa4187fd4f3eea913312daff4b80f9c87de692e5acfbb4,6.95864606977118,,,,,,,,,,,,,,,0,0.0,,,,,,,,,0,,SmacHybrid,36724b6b3b37a36dd1a6ce17601fd0b028a80ba5d65c2aa178f91edf69ed5236,141,efc94735ccf6f6c2afaa4187fd4f3eea913312daff4b80f9c87de692e5acfbb4,0,1,central_south_to_north,True,4.679746126490523,3.137226283891449,6.95864606977118,1,0.005992572999730328
0.0,1.0774017569828722,0.038538073584508906,0.014411594185975152,,0.7134309836609943,0.34543332138122557,0.3677575538356146,0,163,,,,,,,,,,,,,1.2865671400539767,simple,0.05,81,8b0959aa305f76f358bb78247726244965c0f29664bdedf17bc7386ed2cbf64e,6.910583905025113,,,,,,,,,,,,,,,0,0.0,,,,,,,,,0,,SmacHybrid,36724b6b3b37a36dd1a6ce17601fd0b028a80ba5d65c2aa178f91edf69ed5236,140,efc94735ccf6f6c2afaa4187fd4f3eea913312daff4b80f9c87de692e5acfbb4,0,1,central_south_to_north,True,1.0774017569828722,1.2865671400539767,6.910583905025113,1,0.007695464999869728
0.0,2.2487632215641584,0.007376134412706435,0.0025255094786710347,,0.7190274307306203,0.38890873544779275,0.39184485404549235,0,163,,,,,,,,,,,,,1.9437056553402714,savitzky_golay,0.05,81,8fcb1d679b89bc317858b1ccb4c5781e1e799d933d8b1f68f2ad2a7c9d588424,6.950723114688783,,,,,,,,,,,,,,,0,0.0,,,,,,,,,0,,SmacHybrid,36724b6b3b37a36dd1a6ce17601fd0b028a80ba5d65c2aa178f91edf69ed5236,141,efc94735ccf6f6c2afaa4187fd4f3eea913312daff4b80f9c87de692e5acfbb4,0,1,central_south_to_north,True,2.2487632215641584,1.9437056553402714,6.950723114688783,1,0.008068953000019974
0.009000000000000001,2.893969481285877,0.008441581429622414,0.003320903442272366,,0.7186744094893089,0.38890873544779275,0.39184485404549235,0,162,,,,,,,,,,,,,2.409402849516158,constrained,0.05,81,e9a0b3f135313d632868e3eef79279f5d594ae7fd631364ef5e50676ba3247ad,6.959548153497238,,,,,,,,,,,,,,,0,0.0,,,,,,,,,0,,SmacHybrid,36724b6b3b37a36dd1a6ce17601fd0b028a80ba5d65c2aa178f91edf69ed5236,141,efc94735ccf6f6c2afaa4187fd4f3eea913312daff4b80f9c87de692e5acfbb4,0,1,central_south_to_north,True,2.893969481285877,2.409402849516158,6.959548153497238,1,0.011576603999856161
0.003,1.3516112477522368,0.03577767417893033,0.019205744165396544,,0.6937356931416082,0.35515715002825915,0.3677575538356146,0,326,,,,,,,,,,,,,1.1652989008719656,pivot_g2_fixed,0.05,322,99dc546a1a1c24361b6eff6ca01b6315d5dec4b673a98a59edc9c104a570a8f2,6.911115311925535,0,36,81,0.04,0.0357777,7,0,6,"[{'index': 0, 'radius_min': 0, 'radius_max': 0, 'trim_min': 0, 'trim_max': 0, 'evaluations': 9, 'safe_feasible': 9, 'states': 0, 'selected_radius': 1.5, 'selected_trim': 0.308659, 'selected_score': 1}, {'index': 1, 'radius_min': 0, 'radius_max': 0, 'trim_min': 0, 'trim_max': 0, 'evaluations': 9, 'safe_feasible': 8, 'states': 0, 'selected_radius': 1.5, 'selected_trim': 0.194841, 'selected_score': 0.85}, {'index': 2, 'radius_min': 0, 'radius_max': 0, 'trim_min': 0, 'trim_max': 0, 'evaluations': 9, 'safe_feasible': 7, 'states': 0, 'selected_radius': 1, 'selected_trim': 0.265209, 'selected_score': 0.85}, {'index': 3, 'radius_min': 0, 'radius_max': 0, 'trim_min': 0, 'trim_max': 0, 'evaluations': 9, 'safe_feasible': 7, 'states': 0, 'selected_radius': 1.5, 'selected_trim': 0.121073, 'selected_score': 1}, {'index': 4, 'radius_min': 0, 'radius_max': 0, 'trim_min': 0, 'trim_max': 0, 'evaluations': 9, 'safe_feasible': 9, 'states': 0, 'selected_radius': 1.5, 'selected_trim': 0.258223, 'selected_score': 1}]",5,0,45,none,5,0,0.0,200,0.94,322,0,"{'angular acceleration iteration did not converge': 3, 'transition would overlap an adjacent corner window': 2}",0.00339257,fixed,0.05,0,40,SmacHybrid,36724b6b3b37a36dd1a6ce17601fd0b028a80ba5d65c2aa178f91edf69ed5236,140,efc94735ccf6f6c2afaa4187fd4f3eea913312daff4b80f9c87de692e5acfbb4,0,1,central_south_to_north,True,1.3516112477522368,1.1652989008719656,6.911115311925535,1,0.009741151000071113
0.009000000000000001,1.1737007055528215,0.048300120151583206,0.020627480917966894,,0.6724154072091367,0.34543332138122557,0.34543332138122557,0,347,,,,,,,,,,,,,0.7820110314761972,pivot_g2,0.05,343,b08df51c2e216d6396c42feeb89321ae11eacc69ed947ce1e6b8e2fc208d6831,6.905808097344702,144,85,81,0.04,0.0357777,7,0,6,"[{'index': 0, 'radius_min': 0.1, 'radius_max': 1.5, 'trim_min': 0.0205773, 'trim_max': 0.308659, 'evaluations': 20, 'safe_feasible': 17, 'states': 6, 'selected_radius': 1.5, 'selected_trim': 0.308659, 'selected_score': 0.198077}, {'index': 1, 'radius_min': 0.1, 'radius_max': 1.5, 'trim_min': 0.0129894, 'trim_max': 0.194841, 'evaluations': 20, 'safe_feasible': 17, 'states': 6, 'selected_radius': 1.5, 'selected_trim': 0.194841, 'selected_score': 0.189039}, {'index': 2, 'radius_min': 0.1, 'radius_max': 1.5, 'trim_min': 0.0265209, 'trim_max': 0.397814, 'evaluations': 20, 'safe_feasible': 18, 'states': 6, 'selected_radius': 1.5, 'selected_trim': 0.397814, 'selected_score': 0.29321}, {'index': 3, 'radius_min': 0.1, 'radius_max': 1.5, 'trim_min': 0.00807155, 'trim_max': 0.121073, 'evaluations': 20, 'safe_feasible': 17, 'states': 6, 'selected_radius': 1.5, 'selected_trim': 0.121073, 'selected_score': 0.14371}, {'index': 4, 'radius_min': 0.1, 'radius_max': 1.5, 'trim_min': 0.0172149, 'trim_max': 0.258223, 'evaluations': 20, 'safe_feasible': 17, 'states': 6, 'selected_radius': 1.5, 'selected_trim': 0.258223, 'selected_score': 0.176298}]",5,30,100,none,5,0,0.0,200,0.200067,343,0,"{'angular acceleration iteration did not converge': 9, 'transition requires a reversing inner wheel': 5}",0.00883751,adaptive,0.05,0,86,SmacHybrid,36724b6b3b37a36dd1a6ce17601fd0b028a80ba5d65c2aa178f91edf69ed5236,140,efc94735ccf6f6c2afaa4187fd4f3eea913312daff4b80f9c87de692e5acfbb4,0,1,central_south_to_north,True,1.1737007055528215,0.7820110314761972,6.905808097344702,1,0.015413050000006479
0.006,1.0774017569828722,0.038538073584508906,0.014411594185975152,,0.7134309836609943,0.34543332138122557,0.3677575538356146,0,163,1.35161,0,102,True,4.67975,82,True,simple_default,simple,1.0774,100,True,1.2865671400539767,adaptive_hybrid_fixed,0.05,81,8b0959aa305f76f358bb78247726244965c0f29664bdedf17bc7386ed2cbf64e,6.910583905025113,,,,,,,,,,,,,,,0,0.0,,,,,,,,,0,,SmacHybrid,36724b6b3b37a36dd1a6ce17601fd0b028a80ba5d65c2aa178f91edf69ed5236,140,efc94735ccf6f6c2afaa4187fd4f3eea913312daff4b80f9c87de692e5acfbb4,0,1,central_south_to_north,True,1.0774017569828722,1.2865671400539767,6.910583905025113,1,0.011195246999704977
0.009000000000000001,1.0774017569828722,0.038538073584508906,0.014411594185975152,,0.7134309836609943,0.34543332138122557,0.3677575538356146,0,163,1.1737,0,102,True,4.67975,82,True,simple_default,simple,1.0774,100,True,1.2865671400539767,adaptive_hybrid,0.05,81,8b0959aa305f76f358bb78247726244965c0f29664bdedf17bc7386ed2cbf64e,6.910583905025113,,,,,,,,,,,,,,,0,0.0,,,,,,,,,0,,SmacHybrid,36724b6b3b37a36dd1a6ce17601fd0b028a80ba5d65c2aa178f91edf69ed5236,140,efc94735ccf6f6c2afaa4187fd4f3eea913312daff4b80f9c87de692e5acfbb4,0,1,central_south_to_north,True,1.0774017569828722,1.2865671400539767,6.910583905025113,1,0.012146048999966297
0.003,4.01193376585755,4.440892098500626e-16,8.16660326686628e-17,,0.4865697936037033,0.2146446641391273,0.2146446641391273,0,161,,,,,,,,,,,,,3.217969849972577,raw,0.05,78,58ec184882648c1e71e4cef040ecc10ef9a4a4bfcef95dba2ad743d48408d9c4,6.613457686141417,,,,,,,,,,,,,,,0,0.0,,,,,,,,,0,,SmacHybrid,c91e97435e65b8c7b6c2befa9dcee04b7845310d7d3113b4503d245ca4879997,134,58ec184882648c1e71e4cef040ecc10ef9a4a4bfcef95dba2ad743d48408d9c4,0,1,right_south_to_north,True,4.01193376585755,3.217969849972577,6.613457686141417,1,0.00532958600024358
0.0,0.5811938173170591,0.03324121975468605,0.011463230029156333,,0.4767301794014728,0.18825146149581692,0.2146446641391273,0,156,,,,,,,,,,,,,1.0015366109243278,simple,0.05,78,bb22f313131507ff21d53c79d89b63343adb84012a95ebc1c9ac1177033bafc7,6.582646519846105,,,,,,,,,,,,,,,0,0.0,,,,,,,,,0,,SmacHybrid,c91e97435e65b8c7b6c2befa9dcee04b7845310d7d3113b4503d245ca4879997,133,58ec184882648c1e71e4cef040ecc10ef9a4a4bfcef95dba2ad743d48408d9c4,0,1,right_south_to_north,True,0.5811938173170591,1.0015366109243278,6.582646519846105,1,0.007575935999739158
0.0,1.7685654681867529,0.005875471476040771,0.002099005699826866,,0.48305866316238355,0.2146446641391273,0.2146446641391273,0,156,,,,,,,,,,,,,1.8582916108243106,savitzky_golay,0.05,78,02e4d08c59a180cb236b80fd48baed0a621a93f9719ad331a3a662cca76c9ea8,6.607051633201896,,,,,,,,,,,,,,,0,0.0,,,,,,,,,0,,SmacHybrid,c91e97435e65b8c7b6c2befa9dcee04b7845310d7d3113b4503d245ca4879997,134,58ec184882648c1e71e4cef040ecc10ef9a4a4bfcef95dba2ad743d48408d9c4,0,1,right_south_to_north,True,1.7685654681867529,1.8582916108243106,6.607051633201896,1,0.009024556999975175
0.006,2.6440643517587348,0.008129693451968173,0.0020705236123841554,,0.48269866316909693,0.2146446641391273,0.21959563989254183,0,155,,,,,,,,,,,,,2.097521706821715,constrained,0.05,78,eb168b4e008f4150ebcfdb2a73228a2b940b9fa8dea9224de71858817c1542ea,6.61346430214294,,,,,,,,,,,,,,,0,0.0,,,,,,,,,0,,SmacHybrid,c91e97435e65b8c7b6c2befa9dcee04b7845310d7d3113b4503d245ca4879997,134,58ec184882648c1e71e4cef040ecc10ef9a4a4bfcef95dba2ad743d48408d9c4,0,1,right_south_to_north,True,2.6440643517587348,2.097521706821715,6.61346430214294,1,0.007539772999734851
0.003,0.8044018841776158,0.039405140419566775,0.013446599806077174,,0.43425706382809354,0.2146446641391273,0.2146446641391273,0,271,,,,,,,,,,,,,0.7803800033208144,pivot_g2_fixed,0.05,269,5330ee85488cb4cfea64bdbd4eb3442c1e20d4d98f4a81c076b49322f672e723,6.5891033518510564,0,35,78,0.04,0.0397744,7,0,6,"[{'index': 0, 'radius_min': 0, 'radius_max': 0, 'trim_min': 0, 'trim_max': 0, 'evaluations': 9, 'safe_feasible': 7, 'states': 0, 'selected_radius': 1.5, 'selected_trim': 0.117358, 'selected_score': 1}, {'index': 1, 'radius_min': 0, 'radius_max': 0, 'trim_min': 0, 'trim_max': 0, 'evaluations': 9, 'safe_feasible': 8, 'states': 0, 'selected_radius': 1.5, 'selected_trim': 0.14945, 'selected_score': 0.85}, {'index': 2, 'radius_min': 0, 'radius_max': 0, 'trim_min': 0, 'trim_max': 0, 'evaluations': 9, 'safe_feasible': 9, 'states': 0, 'selected_radius': 1.5, 'selected_trim': 0.297086, 'selected_score': 0.85}, {'index': 3, 'radius_min': 0, 'radius_max': 0, 'trim_min': 0, 'trim_max': 0, 'evaluations': 9, 'safe_feasible': 8, 'states': 0, 'selected_radius': 1.5, 'selected_trim': 0.213145, 'selected_score': 1}, {'index': 4, 'radius_min': 0, 'radius_max': 0, 'trim_min': 0, 'trim_max': 0, 'evaluations': 9, 'safe_feasible': 7, 'states': 0, 'selected_radius': 1.5, 'selected_trim': 0.113233, 'selected_score': 1}]",5,0,45,none,5,0,0.0,200,0.94,269,0,{'angular acceleration iteration did not converge': 6},0.00339464,fixed,0.05,0,39,SmacHybrid,c91e97435e65b8c7b6c2befa9dcee04b7845310d7d3113b4503d245ca4879997,133,58ec184882648c1e71e4cef040ecc10ef9a4a4bfcef95dba2ad743d48408d9c4,0,1,right_south_to_north,True,0.8044018841776158,0.7803800033208144,6.5891033518510564,1,0.012107414999718458
0.006,0.8044018841776158,0.039405140419566775,0.013446599806077174,,0.43425706382809354,0.2146446641391273,0.2146446641391273,0,271,,,,,,,,,,,,,0.7803800033208144,pivot_g2,0.05,269,5330ee85488cb4cfea64bdbd4eb3442c1e20d4d98f4a81c076b49322f672e723,6.5891033518510564,144,84,78,0.04,0.0397744,7,0,6,"[{'index': 0, 'radius_min': 0.1, 'radius_max': 1.5, 'trim_min': 0.0078239, 'trim_max': 0.117358, 'evaluations': 20, 'safe_feasible': 17, 'states': 6, 'selected_radius': 1.5, 'selected_trim': 0.117358, 'selected_score': 0.10289}, {'index': 1, 'radius_min': 0.1, 'radius_max': 1.5, 'trim_min': 0.00996334, 'trim_max': 0.14945, 'evaluations': 20, 'safe_feasible': 17, 'states': 6, 'selected_radius': 1.5, 'selected_trim': 0.14945, 'selected_score': 0.242262}, {'index': 2, 'radius_min': 0.1, 'radius_max': 1.5, 'trim_min': 0.0198057, 'trim_max': 0.297086, 'evaluations': 20, 'safe_feasible': 17, 'states': 6, 'selected_radius': 1.5, 'selected_trim': 0.297086, 'selected_score': 0.282525}, {'index': 3, 'radius_min': 0.1, 'radius_max': 1.5, 'trim_min': 0.0142097, 'trim_max': 0.213145, 'evaluations': 20, 'safe_feasible': 17, 'states': 6, 'selected_radius': 1.5, 'selected_trim': 0.213145, 'selected_score': 0.155215}, {'index': 4, 'radius_min': 0.1, 'radius_max': 1.5, 'trim_min': 0.00754886, 'trim_max': 0.113233, 'evaluations': 20, 'safe_feasible': 17, 'states': 6, 'selected_radius': 1.5, 'selected_trim': 0.113233, 'selected_score': 0.100045}]",5,30,100,none,5,0,0.0,200,0.176588,269,0,"{'angular acceleration iteration did not converge': 10, 'transition requires a reversing inner wheel': 5}",0.00699835,adaptive,0.05,0,85,SmacHybrid,c91e97435e65b8c7b6c2befa9dcee04b7845310d7d3113b4503d245ca4879997,133,58ec184882648c1e71e4cef040ecc10ef9a4a4bfcef95dba2ad743d48408d9c4,0,1,right_south_to_north,True,0.8044018841776158,0.7803800033208144,6.5891033518510564,1,0.013078491000214854
0.003,0.5811938173170591,0.03324121975468605,0.011463230029156333,,0.4767301794014728,0.18825146149581692,0.2146446641391273,0,156,0.804402,0,202,True,4.01193,202,True,simple_default,simple,0.581194,202,True,1.0015366109243278,adaptive_hybrid_fixed,0.05,78,bb22f313131507ff21d53c79d89b63343adb84012a95ebc1c9ac1177033bafc7,6.582646519846105,,,,,,,,,,,,,,,0,0.0,,,,,,,,,0,,SmacHybrid,c91e97435e65b8c7b6c2befa9dcee04b7845310d7d3113b4503d245ca4879997,133,58ec184882648c1e71e4cef040ecc10ef9a4a4bfcef95dba2ad743d48408d9c4,0,1,right_south_to_north,True,0.5811938173170591,1.0015366109243278,6.582646519846105,1,0.006082612999762205
0.009000000000000001,0.5811938173170591,0.03324121975468605,0.011463230029156333,,0.4767301794014728,0.18825146149581692,0.2146446641391273,0,156,0.804402,0,202,True,4.01193,202,True,simple_default,simple,0.581194,202,True,1.0015366109243278,adaptive_hybrid,0.05,78,bb22f313131507ff21d53c79d89b63343adb84012a95ebc1c9ac1177033bafc7,6.582646519846105,,,,,,,,,,,,,,,0,0.0,,,,,,,,,0,,SmacHybrid,c91e97435e65b8c7b6c2befa9dcee04b7845310d7d3113b4503d245ca4879997,133,58ec184882648c1e71e4cef040ecc10ef9a4a4bfcef95dba2ad743d48408d9c4,0,1,right_south_to_north,True,0.5811938173170591,1.0015366109243278,6.582646519846105,1,0.012727449000067281
0.003,2.1496578813034023e-11,0.0,0.0,,0.5146446686094759,0.5146446686094757,0.5146446686094757,0,69,,,,,,,,,,,,,1.560224876867677e-05,raw,0.05,35,a4d1cfe3d0d2ef3ca030be4f39bfc00aa24f7ca822c96c772bd7ae85f111a00e,2.799999985098904,,,,,,,,,,,,,,,0,0.0,,,,,,,,,0,,SmacHybrid,fb5e7bfdeb5aa383328471496105b03e8f73cbe5f2dacc1215f915c2b865d4a1,57,a4d1cfe3d0d2ef3ca030be4f39bfc00aa24f7ca822c96c772bd7ae85f111a00e,0,1,upper_open_short,True,2.1496578813034023e-11,1.560224876867677e-05,2.799999985098904,1,0.0022766009997212677
0.0,4.3693396720305134e-13,6.5949659511233e-08,1.4422880113083222e-08,,0.5146446686094759,0.5146446686094757,0.5146446686094757,0,69,,,,,,,,,,,,,1.8616487906798348e-06,simple,0.05,35,5f3ec3f8a983708cd155b3d551aa30c5e03b94d743c12518c40a983cece86a30,2.799999985098854,,,,,,,,,,,,,,,0,0.0,,,,,,,,,0,,SmacHybrid,fb5e7bfdeb5aa383328471496105b03e8f73cbe5f2dacc1215f915c2b865d4a1,57,a4d1cfe3d0d2ef3ca030be4f39bfc00aa24f7ca822c96c772bd7ae85f111a00e,0,1,upper_open_short,True,4.3693396720305134e-13,1.8616487906798348e-06,2.799999985098854,1,0.005622199999834265
0.0,2.733872121297411e-12,3.7480208714413266e-08,7.042184986319099e-09,,0.5146446686094759,0.5146446686094757,0.5146446686094757,0,70,,,,,,,,,,,,,4.426572148869393e-06,savitzky_golay,0.05,35,59fd8e0562c8696c6cca51a8d7b8de86ebcfe8a82d80ffc077f4af7a30eef890,2.799999985098871,,,,,,,,,,,,,,,0,0.0,,,,,,,,,0,,SmacHybrid,fb5e7bfdeb5aa383328471496105b03e8f73cbe5f2dacc1215f915c2b865d4a1,57,a4d1cfe3d0d2ef3ca030be4f39bfc00aa24f7ca822c96c772bd7ae85f111a00e,0,1,upper_open_short,True,2.733872121297411e-12,4.426572148869393e-06,2.799999985098871,1,0.006558114999734244
0.0,2.1496578813034023e-11,0.0,0.0,,0.5146446686094759,0.5146446686094757,0.5146446686094757,0,69,,,,,,,,,,,,,1.560224876867677e-05,constrained,0.05,35,a4d1cfe3d0d2ef3ca030be4f39bfc00aa24f7ca822c96c772bd7ae85f111a00e,2.799999985098904,,,,,,,,,,,,,,,0,0.0,,,,,,,,,0,,SmacHybrid,fb5e7bfdeb5aa383328471496105b03e8f73cbe5f2dacc1215f915c2b865d4a1,57,a4d1cfe3d0d2ef3ca030be4f39bfc00aa24f7ca822c96c772bd7ae85f111a00e,0,1,upper_open_short,True,2.1496578813034023e-11,1.560224876867677e-05,2.799999985098904,1,0.006336781999834784
0.0,5.377133488725522e-26,1.0345663392641313e-07,5.96947638625226e-08,,0.5146446686094758,0.5146446686094757,0.5146446686094757,0,57,,,,,,,,,,,,,3.552713748283655e-13,pivot_g2_fixed,0.05,57,6dc2339dac10d593477aec67bd71434797c5c109e9cfd86667a23a364c1ff631,2.7999999850988404,0,0,35,0.04,1.04478e-07,2,0,1,[],0,0,0,none,0,0,0.0,200,0,57,0,{},0.000107915,fixed,0.05,0,0,SmacHybrid,fb5e7bfdeb5aa383328471496105b03e8f73cbe5f2dacc1215f915c2b865d4a1,57,a4d1cfe3d0d2ef3ca030be4f39bfc00aa24f7ca822c96c772bd7ae85f111a00e,0,1,upper_open_short,True,5.377133488725522e-26,3.552713748283655e-13,2.7999999850988404,1,0.007997947999683674
0.0,5.377133488725522e-26,1.0345663392641313e-07,5.96947638625226e-08,,0.5146446686094758,0.5146446686094757,0.5146446686094757,0,57,,,,,,,,,,,,,3.552713748283655e-13,pivot_g2,0.05,57,6dc2339dac10d593477aec67bd71434797c5c109e9cfd86667a23a364c1ff631,2.7999999850988404,0,0,35,0.04,1.04478e-07,2,0,1,[],0,0,0,none,0,0,0.0,200,0,57,0,{},0.000181971,adaptive,0.05,0,0,SmacHybrid,fb5e7bfdeb5aa383328471496105b03e8f73cbe5f2dacc1215f915c2b865d4a1,57,a4d1cfe3d0d2ef3ca030be4f39bfc00aa24f7ca822c96c772bd7ae85f111a00e,0,1,upper_open_short,True,5.377133488725522e-26,3.552713748283655e-13,2.7999999850988404,1,0.00674547500011613
0.0,4.3693396720305134e-13,6.5949659511233e-08,1.4422880113083222e-08,,0.5146446686094759,0.5146446686094757,0.5146446686094757,0,69,5.37713e-26,0,0,True,2.14966e-11,0,True,simple_default,simple,4.36934e-13,0,True,1.8616487906798348e-06,adaptive_hybrid_fixed,0.05,35,5f3ec3f8a983708cd155b3d551aa30c5e03b94d743c12518c40a983cece86a30,2.799999985098854,,,,,,,,,,,,,,,0,0.0,,,,,,,,,0,,SmacHybrid,fb5e7bfdeb5aa383328471496105b03e8f73cbe5f2dacc1215f915c2b865d4a1,57,a4d1cfe3d0d2ef3ca030be4f39bfc00aa24f7ca822c96c772bd7ae85f111a00e,0,1,upper_open_short,True,4.3693396720305134e-13,1.8616487906798348e-06,2.799999985098854,1,0.006954993000363174
0.0,4.3693396720305134e-13,6.5949659511233e-08,1.4422880113083222e-08,,0.5146446686094759,0.5146446686094757,0.5146446686094757,0,69,5.37713e-26,0,0,True,2.14966e-11,0,True,simple_default,simple,4.36934e-13,0,True,1.8616487906798348e-06,adaptive_hybrid,0.05,35,5f3ec3f8a983708cd155b3d551aa30c5e03b94d743c12518c40a983cece86a30,2.799999985098854,,,,,,,,,,,,,,,0,0.0,,,,,,,,,0,,SmacHybrid,fb5e7bfdeb5aa383328471496105b03e8f73cbe5f2dacc1215f915c2b865d4a1,57,a4d1cfe3d0d2ef3ca030be4f39bfc00aa24f7ca822c96c772bd7ae85f111a00e,0,1,upper_open_short,True,4.3693396720305134e-13,1.8616487906798348e-06,2.799999985098854,1,0.008271484000033524
0.003,7.565866303795943,2.220446049250313e-16,6.548792821689085e-17,,0.500911288479368,0.25619225950049973,0.25619225950049973,0,131,,,,,,,,,,,,,4.491444724493594,raw,0.05,57,9755bb5ede4d1876325f4fd8eb575b70ee17b32438bdab6851078246e353b63a,4.761273722581424,,,,,,,,,,,,,,,0,0.0,,,,,,,,,0,,SmacHybrid,626e096b23ca4005616a277c6b580ddbf357228f3d32ac49ccc0b3ef669a1c62,97,9755bb5ede4d1876325f4fd8eb575b70ee17b32438bdab6851078246e353b63a,0,1,lower_left_diagonal,True,7.565866303795943,4.491444724493594,4.761273722581424,1,0.0039351959999294195
0.0,2.0751398416813305,0.044784510266099475,0.021809424170841665,,0.4911692850050221,0.2146446641391273,0.23390290478282266,0,116,,,,,,,,,,,,,1.6545131181874015,simple,0.05,57,d0b2215cd28f4e53fb2962fe60b79d61f7d37b375a5ec3133943fe709b8510c6,4.679846008721166,,,,,,,,,,,,,,,0,0.0,,,,,,,,,0,,SmacHybrid,626e096b23ca4005616a277c6b580ddbf357228f3d32ac49ccc0b3ef669a1c62,95,9755bb5ede4d1876325f4fd8eb575b70ee17b32438bdab6851078246e353b63a,0,1,lower_left_diagonal,True,2.0751398416813305,1.6545131181874015,4.679846008721166,1,0.004940234000059718
0.0,4.187481126875243,0.012059506323293015,0.0036692408654778346,,0.501023208226131,0.2474873771031409,0.26563515847069435,0,116,,,,,,,,,,,,,3.403448839245515,savitzky_golay,0.05,57,55adebb11ec06ddc63e8275a939884f01be6d02318b8fd6a1ce2ab9bea08a530,4.748643992829,,,,,,,,,,,,,,,0,0.0,,,,,,,,,0,,SmacHybrid,626e096b23ca4005616a277c6b580ddbf357228f3d32ac49ccc0b3ef669a1c62,96,9755bb5ede4d1876325f4fd8eb575b70ee17b32438bdab6851078246e353b63a,0,1,lower_left_diagonal,True,4.187481126875243,3.403448839245515,4.748643992829,1,0.006652077000126155
0.006,5.306446812536297,0.013946143166860138,0.004881895801685339,,0.5020583745899916,0.25619225950049973,0.2808724311428359,0,117,,,,,,,,,,,,,3.6106929050829026,constrained,0.05,57,503233cbf769b7da688c442a0af0cc269433885b5b62114b2467945a4235541e,4.76441787637467,,,,,,,,,,,,,,,0,0.0,,,,,,,,,0,,SmacHybrid,626e096b23ca4005616a277c6b580ddbf357228f3d32ac49ccc0b3ef669a1c62,97,9755bb5ede4d1876325f4fd8eb575b70ee17b32438bdab6851078246e353b63a,0,1,lower_left_diagonal,True,5.306446812536297,3.6106929050829026,4.76441787637467,1,0.008559725999930379
0.003,3.2496678488968485,0.03734014789511685,0.014557505405289616,,0.4428505384960777,0.2474873771031409,0.2474873771031409,0,271,,,,,,,,,,,,,2.258234571615236,pivot_g2_fixed,0.05,267,1c01217094b76eda702ac7da97267a797e13cac59a67b66c4e4029a92c24ea2e,4.717578276354397,0,39,57,0.04,0.0384805,9,0,8,"[{'index': 0, 'radius_min': 0, 'radius_max': 0, 'trim_min': 0, 'trim_max': 0, 'evaluations': 9, 'safe_feasible': 9, 'states': 0, 'selected_radius': 1.5, 'selected_trim': 0.254313, 'selected_score': 1}, {'index': 1, 'radius_min': 0, 'radius_max': 0, 'trim_min': 0, 'trim_max': 0, 'evaluations': 9, 'safe_feasible': 6, 'states': 0, 'selected_radius': 0.75, 'selected_trim': 0.180101, 'selected_score': 0.8242}, {'index': 2, 'radius_min': 0, 'radius_max': 0, 'trim_min': 0, 'trim_max': 0, 'evaluations': 9, 'safe_feasible': 6, 'states': 0, 'selected_radius': 0.75, 'selected_trim': 0.17267, 'selected_score': 0.83305}, {'index': 3, 'radius_min': 0, 'radius_max': 0, 'trim_min': 0, 'trim_max': 0, 'evaluations': 9, 'safe_feasible': 8, 'states': 0, 'selected_radius': 1.5, 'selected_trim': 0.171876, 'selected_score': 0.85}, {'index': 4, 'radius_min': 0, 'radius_max': 0, 'trim_min': 0, 'trim_max': 0, 'evaluations': 9, 'safe_feasible': 5, 'states': 0, 'selected_radius': 0.75, 'selected_trim': 0.110231, 'selected_score': 0.931398}, {'index': 5, 'radius_min': 0, 'radius_max': 0, 'trim_min': 0, 'trim_max': 0, 'evaluations': 9, 'safe_feasible': 5, 'states': 0, 'selected_radius': 0.75, 'selected_trim': 0.0904954, 'selected_score': 0.929347}, {'index': 6, 'radius_min': 0, 'radius_max': 0, 'trim_min': 0, 'trim_max': 0, 'evaluations': 9, 'safe_feasible': 4, 'states': 0, 'selected_radius': 0.5, 'selected_trim': 0.117653, 'selected_score': 0.9}]",7,0,63,none,7,0,0.0,200,0.895428,267,0,"{'angular acceleration iteration did not converge': 3, 'transition would overlap an adjacent corner window': 17}",0.00379025,fixed,0.05,0,43,SmacHybrid,626e096b23ca4005616a277c6b580ddbf357228f3d32ac49ccc0b3ef669a1c62,96,9755bb5ede4d1876325f4fd8eb575b70ee17b32438bdab6851078246e353b63a,0,1,lower_left_diagonal,True,3.2496678488968485,2.258234571615236,4.717578276354397,1,0.009346935000394296
0.015000000000000001,4.006263771193895,0.03734014789511685,0.015083488738269283,,0.49491875399538454,0.2474873771031409,0.25619225950049973,0,271,,,,,,,,,,,,,3.3184876200575184,pivot_g2,0.05,267,b31cc07f5c08aa082565f7e54d3d1ed4594f0368efe2c575289e887bca3d0908,4.717896322213642,164,116,57,0.04,0.0384805,9,0,8,"[{'index': 0, 'radius_min': 0.1, 'radius_max': 1.5, 'trim_min': 0.0169542, 'trim_max': 0.254313, 'evaluations': 20, 'safe_feasible': 17, 'states': 6, 'selected_radius': 1.5, 'selected_trim': 0.254313, 'selected_score': 0.223937}, {'index': 1, 'radius_min': 0.1, 'radius_max': 1.5, 'trim_min': 0.0240134, 'trim_max': 0.360202, 'evaluations': 20, 'safe_feasible': 17, 'states': 6, 'selected_radius': 0.45, 'selected_trim': 0.108061, 'selected_score': 0.56108}, {'index': 2, 'radius_min': 0.1, 'radius_max': 1.5, 'trim_min': 0.0230227, 'trim_max': 0.34534, 'evaluations': 20, 'safe_feasible': 17, 'states': 6, 'selected_radius': 0.45, 'selected_trim': 0.103602, 'selected_score': 0.555242}, {'index': 3, 'radius_min': 0.1, 'radius_max': 1.5, 'trim_min': 0.0114584, 'trim_max': 0.171876, 'evaluations': 20, 'safe_feasible': 17, 'states': 6, 'selected_radius': 1.5, 'selected_trim': 0.171876, 'selected_score': 0.198128}, {'index': 4, 'radius_min': 0.1, 'radius_max': 1.5, 'trim_min': 0.0146975, 'trim_max': 0.220462, 'evaluations': 20, 'safe_feasible': 17, 'states': 6, 'selected_radius': 0.485, 'selected_trim': 0.0712827, 'selected_score': 0.352684}, {'index': 5, 'radius_min': 0.1, 'radius_max': 1.5, 'trim_min': 0.0120661, 'trim_max': 0.180991, 'evaluations': 20, 'safe_feasible': 17, 'states': 6, 'selected_radius': 0.17, 'selected_trim': 0.0205123, 'selected_score': 0.493119}, {'index': 6, 'radius_min': 0.1, 'radius_max': 1.18631, 'trim_min': 0.0235306, 'trim_max': 0.279146, 'evaluations': 20, 'safe_feasible': 18, 'states': 6, 'selected_radius': 1.18631, 'selected_trim': 0.279146, 'selected_score': 0.258299}]",7,42,140,none,7,0,0.0,200,0.377498,267,0,"{'angular acceleration iteration did not converge': 12, 'transition requires a reversing inner wheel': 8}",0.0124743,adaptive,0.05,0,120,SmacHybrid,626e096b23ca4005616a277c6b580ddbf357228f3d32ac49ccc0b3ef669a1c62,96,9755bb5ede4d1876325f4fd8eb575b70ee17b32438bdab6851078246e353b63a,0,1,lower_left_diagonal,True,4.006263771193895,3.3184876200575184,4.717896322213642,1,0.017662940999798593
0.003,2.0751398416813305,0.044784510266099475,0.021809424170841665,,0.4911692850050221,0.2146446641391273,0.23390290478282266,0,116,3.24967,0,161,True,7.56587,161,True,simple_default,simple,2.07514,177,True,1.6545131181874015,adaptive_hybrid_fixed,0.05,57,d0b2215cd28f4e53fb2962fe60b79d61f7d37b375a5ec3133943fe709b8510c6,4.679846008721166,,,,,,,,,,,,,,,0,0.0,,,,,,,,,0,,SmacHybrid,626e096b23ca4005616a277c6b580ddbf357228f3d32ac49ccc0b3ef669a1c62,95,9755bb5ede4d1876325f4fd8eb575b70ee17b32438bdab6851078246e353b63a,0,1,lower_left_diagonal,True,2.0751398416813305,1.6545131181874015,4.679846008721166,1,0.010063767000247026
0.012,2.0751398416813305,0.044784510266099475,0.021809424170841665,,0.4911692850050221,0.2146446641391273,0.23390290478282266,0,116,4.00626,0,161,True,7.56587,161,True,simple_default,simple,2.07514,177,True,1.6545131181874015,adaptive_hybrid,0.05,57,d0b2215cd28f4e53fb2962fe60b79d61f7d37b375a5ec3133943fe709b8510c6,4.679846008721166,,,,,,,,,,,,,,,0,0.0,,,,,,,,,0,,SmacHybrid,626e096b23ca4005616a277c6b580ddbf357228f3d32ac49ccc0b3ef669a1c62,95,9755bb5ede4d1876325f4fd8eb575b70ee17b32438bdab6851078246e353b63a,0,1,lower_left_diagonal,True,2.0751398416813305,1.6545131181874015,4.679846008721166,1,0.015234048999900551
