algorithm_time_s,curvature_energy_1pm,deviation_max_m,deviation_rmse_m,error,footprint_clearance_mean_m,footprint_clearance_min_m,footprint_clearance_p05_m,footprint_collision_sample_count,footprint_pose_sample_count,hybrid_pivot_energy,hybrid_pivot_markers,hybrid_pivot_max_cost,hybrid_pivot_safe,hybrid_raw_energy,hybrid_raw_max_cost,hybrid_raw_safe,hybrid_reason,hybrid_selected,hybrid_simple_energy,hybrid_simple_max_cost,hybrid_simple_safe,max_abs_curvature_1pm,method,metric_spacing_m,native_point_count,output_path_sha256,path_length_m,pivot_compatible_edges,pivot_competitive_candidates,pivot_corner_search,pivot_corners,pivot_dp_states,pivot_evaluations,pivot_fallback,pivot_g2_transitions,pivot_marker_count,pivot_max_angle_rad,pivot_max_footprint_cost,pivot_mean_transition_score,pivot_output_points,pivot_pivots,pivot_rejections,pivot_runtime_s,pivot_search_mode,pivot_segment_margin,pivot_total_angle_rad,pivot_valid_candidates,planner,planner_output_path_sha256,point_count,raw_path_sha256,removed_duplicate_pose_count,repetition,scenario,success,translation_curvature_energy_1pm,translation_max_abs_curvature_1pm,translation_path_length_m,translation_segment_count,wall_time_s
0.0,1.7763614716181782e-12,0.0,0.0,,0.7140896970626842,0.6447181959844944,0.7146446715897079,0,292,,,,,,,,,,,,,5.9604738034203535e-06,raw,0.05,290,be14d93aff78ca16b2f92bbb5d5e98f259e4565841c31705a5b127bd8f5ca41b,7.299999947845938,,,,,,,,,0,0.0,,,,,,,,,0,,NavFnAStar,be14d93aff78ca16b2f92bbb5d5e98f259e4565841c31705a5b127bd8f5ca41b,147,be14d93aff78ca16b2f92bbb5d5e98f259e4565841c31705a5b127bd8f5ca41b,0,1,straight_lower_aisle,True,1.7763614716181782e-12,5.9604738034203535e-06,7.299999947845938,1,0.005117864000112604
0.0,5.397380654863941e-14,9.344196971738938e-09,8.933066392227504e-10,,0.714108961247787,0.6447181959844944,0.7146446715897079,0,290,,,,,,,,,,,,,6.392212981154437e-07,simple,0.05,290,91ee51f8939ae83354405ee1b2d9ffdd35d275ad207b441045bbde3cbde626f0,7.2999999478459365,,,,,,,,,0,0.0,,,,,,,,,0,,NavFnAStar,be14d93aff78ca16b2f92bbb5d5e98f259e4565841c31705a5b127bd8f5ca41b,147,be14d93aff78ca16b2f92bbb5d5e98f259e4565841c31705a5b127bd8f5ca41b,0,1,straight_lower_aisle,True,5.397380654863941e-14,6.392212981154437e-07,7.2999999478459365,1,0.007607212000038999
0.0,2.2284348670517425e-13,6.7243886014978216e-09,5.700390583637994e-10,,0.714108961247787,0.6447181959844944,0.7146446715897079,0,290,,,,,,,,,,,,,1.2809257654566832e-06,savitzky_golay,0.05,290,03db3973afa47bbc07a72a16fa7eff76094d57797268a9f1b3e5c41967deffa9,7.2999999478459365,,,,,,,,,0,0.0,,,,,,,,,0,,NavFnAStar,be14d93aff78ca16b2f92bbb5d5e98f259e4565841c31705a5b127bd8f5ca41b,147,be14d93aff78ca16b2f92bbb5d5e98f259e4565841c31705a5b127bd8f5ca41b,0,1,straight_lower_aisle,True,2.2284348670517425e-13,1.2809257654566832e-06,7.2999999478459365,1,0.005951454000296508
0.0,1.7763614716181782e-12,0.0,0.0,,0.7140896970626842,0.6447181959844944,0.7146446715897079,0,292,,,,,,,,,,,,,5.9604738034203535e-06,constrained,0.05,290,be14d93aff78ca16b2f92bbb5d5e98f259e4565841c31705a5b127bd8f5ca41b,7.299999947845938,,,,,,,,,0,0.0,,,,,,,,,0,,NavFnAStar,be14d93aff78ca16b2f92bbb5d5e98f259e4565841c31705a5b127bd8f5ca41b,147,be14d93aff78ca16b2f92bbb5d5e98f259e4565841c31705a5b127bd8f5ca41b,0,1,straight_lower_aisle,True,1.7763614716181782e-12,5.9604738034203535e-06,7.299999947845938,1,0.007051056999898719
0.0,5.688865484455407e-26,1.4799098391193866e-08,8.529820412649114e-09,,0.713855627244483,0.6447181959844944,0.7146446715897079,0,147,,,,,,,,,,,,,1.776356839503667e-13,pivot_g2_fixed,0.05,147,d0c4b934cab7e7bc2ba152c5bc2239287818340c65b220f11c7ffa9fdb4743a0,7.299999947845936,0,0,[],0,0,0,none,0,0,0.0,200,0,147,0,{},0.000546566,fixed,0.05,0,0,NavFnAStar,be14d93aff78ca16b2f92bbb5d5e98f259e4565841c31705a5b127bd8f5ca41b,147,be14d93aff78ca16b2f92bbb5d5e98f259e4565841c31705a5b127bd8f5ca41b,0,1,straight_lower_aisle,True,5.688865484455407e-26,1.776356839503667e-13,7.299999947845936,1,0.004951041000367695
0.003,5.688865484455407e-26,1.4799098391193866e-08,8.529820412649114e-09,,0.713855627244483,0.6447181959844944,0.7146446715897079,0,147,,,,,,,,,,,,,1.776356839503667e-13,pivot_g2,0.05,147,d0c4b934cab7e7bc2ba152c5bc2239287818340c65b220f11c7ffa9fdb4743a0,7.299999947845936,0,0,[],0,0,0,none,0,0,0.0,200,0,147,0,{},0.000412719,adaptive,0.05,0,0,NavFnAStar,be14d93aff78ca16b2f92bbb5d5e98f259e4565841c31705a5b127bd8f5ca41b,147,be14d93aff78ca16b2f92bbb5d5e98f259e4565841c31705a5b127bd8f5ca41b,0,1,straight_lower_aisle,True,5.688865484455407e-26,1.776356839503667e-13,7.299999947845936,1,0.004184698999779357
0.003,5.397380654863941e-14,9.344196971738938e-09,8.933066392227504e-10,,0.714108961247787,0.6447181959844944,0.7146446715897079,0,290,5.68887e-26,0,0,True,1.77636e-12,0,True,simple_default,simple,5.39738e-14,0,True,6.392212981154437e-07,adaptive_hybrid_fixed,0.05,290,91ee51f8939ae83354405ee1b2d9ffdd35d275ad207b441045bbde3cbde626f0,7.2999999478459365,,,,,,,,,0,0.0,,,,,,,,,0,,NavFnAStar,be14d93aff78ca16b2f92bbb5d5e98f259e4565841c31705a5b127bd8f5ca41b,147,be14d93aff78ca16b2f92bbb5d5e98f259e4565841c31705a5b127bd8f5ca41b,0,1,straight_lower_aisle,True,5.397380654863941e-14,6.392212981154437e-07,7.2999999478459365,1,0.007692019000387518
0.0,5.397380654863941e-14,9.344196971738938e-09,8.933066392227504e-10,,0.714108961247787,0.6447181959844944,0.7146446715897079,0,290,5.68887e-26,0,0,True,1.77636e-12,0,True,simple_default,simple,5.39738e-14,0,True,6.392212981154437e-07,adaptive_hybrid,0.05,290,91ee51f8939ae83354405ee1b2d9ffdd35d275ad207b441045bbde3cbde626f0,7.2999999478459365,,,,,,,,,0,0.0,,,,,,,,,0,,NavFnAStar,be14d93aff78ca16b2f92bbb5d5e98f259e4565841c31705a5b127bd8f5ca41b,147,be14d93aff78ca16b2f92bbb5d5e98f259e4565841c31705a5b127bd8f5ca41b,0,1,straight_lower_aisle,True,5.397380654863941e-14,6.392212981154437e-07,7.2999999478459365,1,0.007399471000098856
0.0,55.30436558605931,2.220446049250313e-16,1.0235750533041807e-16,,0.36099663157834566,0.17677669793081488,0.18825146149581692,0,155,,,,,,,,,,,,,15.758002879574248,raw,0.05,152,97e56cd4716e1d600345f3bd85c3915b960d64981f97b119b1e1d94d70d4b5e0,3.9125796056766653,,,,,,,,,0,0.0,,,,,,,,,0,,NavFnAStar,97e56cd4716e1d600345f3bd85c3915b960d64981f97b119b1e1d94d70d4b5e0,80,97e56cd4716e1d600345f3bd85c3915b960d64981f97b119b1e1d94d70d4b5e0,0,1,crate_detour,True,55.30436558605931,15.758002879574248,3.9125796056766653,1,0.0031156200002442347
0.0,5.638469929755376,0.016824120834783764,0.004329850504141845,,0.37021176764939007,0.23390290478282266,0.23390290478282266,0,165,,,,,,,,,,,,,4.46299232857377,simple,0.05,152,fadc27f1a0a6a8553588699d460921eecdd5de7883e05524b5d1e64c1d638502,3.87278355292086,,,,,,,,,0,0.0,,,,,,,,,0,,NavFnAStar,97e56cd4716e1d600345f3bd85c3915b960d64981f97b119b1e1d94d70d4b5e0,79,97e56cd4716e1d600345f3bd85c3915b960d64981f97b119b1e1d94d70d4b5e0,0,1,crate_detour,True,5.638469929755376,4.46299232857377,3.87278355292086,1,0.004159539000283985
0.0,19.710660265142913,0.004900284992012581,0.0012914491030555956,,0.36055111033882703,0.2146446641391273,0.23390290478282266,0,189,,,,,,,,,,,,,7.607384616685455,savitzky_golay,0.05,152,28b0393e3957e5f9a96fd645bb73bc8784e90dee2ef70f084518120b5b911b75,3.895913455981549,,,,,,,,,0,0.0,,,,,,,,,0,,NavFnAStar,97e56cd4716e1d600345f3bd85c3915b960d64981f97b119b1e1d94d70d4b5e0,79,97e56cd4716e1d600345f3bd85c3915b960d64981f97b119b1e1d94d70d4b5e0,0,1,crate_detour,True,19.710660265142913,7.607384616685455,3.895913455981549,1,0.003931185000055848
0.009000000000000001,16.51133707672683,0.011659568644112401,0.002846986378004498,,0.37578685622852276,0.21959563989254183,0.23390290478282266,0,193,,,,,,,,,,,,,6.214634584468336,constrained,0.05,152,162879e28452c039a018873032a5af3ffe5ca83abb9483d7fb056360776285f4,3.899816962553354,,,,,,,,,0,0.0,,,,,,,,,0,,NavFnAStar,97e56cd4716e1d600345f3bd85c3915b960d64981f97b119b1e1d94d70d4b5e0,80,97e56cd4716e1d600345f3bd85c3915b960d64981f97b119b1e1d94d70d4b5e0,0,1,crate_detour,True,16.51133707672683,6.214634584468336,3.899816962553354,1,0.012489820999689982
0.003,54.01167252007859,0.004986569874067793,0.001991131467279766,,0.31127046086848364,0.1449222268733815,0.2146446641391273,0,371,,,,,,,,,,,,,15.552393284398766,pivot_g2_fixed,0.05,221,c3187d5173d4340c47c70e8b53fbdb14f37aa9da9579053bbfae8a98f7c1e4e6,3.9107514432456956,0,13,"[{'index': 0, 'radius_min': 0, 'radius_max': 0, 'trim_min': 0, 'trim_max': 0, 'evaluations': 9, 'safe_feasible': 3, 'states': 0, 'selected_radius': 0.6, 'selected_trim': 0.0270881, 'selected_score': 0.925042}, {'index': 1, 'radius_min': 0, 'radius_max': 0, 'trim_min': 0, 'trim_max': 0, 'evaluations': 9, 'safe_feasible': 0, 'states': 0, 'selected_radius': 0, 'selected_trim': 0, 'selected_score': 0}, {'index': 2, 'radius_min': 0, 'radius_max': 0, 'trim_min': 0, 'trim_max': 0, 'evaluations': 9, 'safe_feasible': 0, 'states': 0, 'selected_radius': 0, 'selected_trim': 0, 'selected_score': 0}, {'index': 3, 'radius_min': 0, 'radius_max': 0, 'trim_min': 0, 'trim_max': 0, 'evaluations': 9, 'safe_feasible': 0, 'states': 0, 'selected_radius': 0, 'selected_trim': 0, 'selected_score': 0}, {'index': 4, 'radius_min': 0, 'radius_max': 0, 'trim_min': 0, 'trim_max': 0, 'evaluations': 9, 'safe_feasible': 0, 'states': 0, 'selected_radius': 0, 'selected_trim': 0, 'selected_score': 0}, {'index': 5, 'radius_min': 0, 'radius_max': 0, 'trim_min': 0, 'trim_max': 0, 'evaluations': 9, 'safe_feasible': 0, 'states': 0, 'selected_radius': 0, 'selected_trim': 0, 'selected_score': 0}, {'index': 6, 'radius_min': 0, 'radius_max': 0, 'trim_min': 0, 'trim_max': 0, 'evaluations': 9, 'safe_feasible': 0, 'states': 0, 'selected_radius': 0, 'selected_trim': 0, 'selected_score': 0}, {'index': 7, 'radius_min': 0, 'radius_max': 0, 'trim_min': 0, 'trim_max': 0, 'evaluations': 9, 'safe_feasible': 0, 'states': 0, 'selected_radius': 0, 'selected_trim': 0, 'selected_score': 0}, {'index': 8, 'radius_min': 0, 'radius_max': 0, 'trim_min': 0, 'trim_max': 0, 'evaluations': 9, 'safe_feasible': 0, 'states': 0, 'selected_radius': 0, 'selected_trim': 0, 'selected_score': 0}, {'index': 9, 'radius_min': 0, 'radius_max': 0, 'trim_min': 0, 'trim_max': 0, 'evaluations': 9, 'safe_feasible': 0, 'states': 0, 'selected_radius': 0, 'selected_trim': 0, 'selected_score': 0}, {'index': 10, 'radius_min': 0, 'radius_max': 0, 'trim_min': 0, 'trim_max': 0, 'evaluations': 9, 'safe_feasible': 0, 'states': 0, 'selected_radius': 0, 'selected_trim': 0, 'selected_score': 0}, {'index': 11, 'radius_min': 0, 'radius_max': 0, 'trim_min': 0, 'trim_max': 0, 'evaluations': 9, 'safe_feasible': 0, 'states': 0, 'selected_radius': 0, 'selected_trim': 0, 'selected_score': 0}, {'index': 12, 'radius_min': 0, 'radius_max': 0, 'trim_min': 0, 'trim_max': 0, 'evaluations': 9, 'safe_feasible': 0, 'states': 0, 'selected_radius': 0, 'selected_trim': 0, 'selected_score': 0}, {'index': 13, 'radius_min': 0, 'radius_max': 0, 'trim_min': 0, 'trim_max': 0, 'evaluations': 9, 'safe_feasible': 0, 'states': 0, 'selected_radius': 0, 'selected_trim': 0, 'selected_score': 0}, {'index': 14, 'radius_min': 0, 'radius_max': 0, 'trim_min': 0, 'trim_max': 0, 'evaluations': 9, 'safe_feasible': 0, 'states': 0, 'selected_radius': 0, 'selected_trim': 0, 'selected_score': 0}, {'index': 15, 'radius_min': 0, 'radius_max': 0, 'trim_min': 0, 'trim_max': 0, 'evaluations': 9, 'safe_feasible': 0, 'states': 0, 'selected_radius': 0, 'selected_trim': 0, 'selected_score': 0}, {'index': 16, 'radius_min': 0, 'radius_max': 0, 'trim_min': 0, 'trim_max': 0, 'evaluations': 9, 'safe_feasible': 0, 'states': 0, 'selected_radius': 0, 'selected_trim': 0, 'selected_score': 0}, {'index': 17, 'radius_min': 0, 'radius_max': 0, 'trim_min': 0, 'trim_max': 0, 'evaluations': 9, 'safe_feasible': 0, 'states': 0, 'selected_radius': 0, 'selected_trim': 0, 'selected_score': 0}, {'index': 18, 'radius_min': 0, 'radius_max': 0, 'trim_min': 0, 'trim_max': 0, 'evaluations': 9, 'safe_feasible': 0, 'states': 0, 'selected_radius': 0, 'selected_trim': 0, 'selected_score': 0}, {'index': 19, 'radius_min': 0, 'radius_max': 0, 'trim_min': 0, 'trim_max': 0, 'evaluations': 9, 'safe_feasible': 0, 'states': 0, 'selected_radius': 0, 'selected_trim': 0, 'selected_score': 0}, {'index': 20, 'radius_min': 0, 'radius_max': 0, 'trim_min': 0, 'trim_max': 0, 'evaluations': 9, 'safe_feasible': 0, 'states': 0, 'selected_radius': 0, 'selected_trim': 0, 'selected_score': 0}, {'index': 21, 'radius_min': 0, 'radius_max': 0, 'trim_min': 0, 'trim_max': 0, 'evaluations': 9, 'safe_feasible': 0, 'states': 0, 'selected_radius': 0, 'selected_trim': 0, 'selected_score': 0}, {'index': 22, 'radius_min': 0, 'radius_max': 0, 'trim_min': 0, 'trim_max': 0, 'evaluations': 9, 'safe_feasible': 0, 'states': 0, 'selected_radius': 0, 'selected_trim': 0, 'selected_score': 0}, {'index': 23, 'radius_min': 0, 'radius_max': 0, 'trim_min': 0, 'trim_max': 0, 'evaluations': 9, 'safe_feasible': 0, 'states': 0, 'selected_radius': 0, 'selected_trim': 0, 'selected_score': 0}, {'index': 24, 'radius_min': 0, 'radius_max': 0, 'trim_min': 0, 'trim_max': 0, 'evaluations': 9, 'safe_feasible': 0, 'states': 0, 'selected_radius': 0, 'selected_trim': 0, 'selected_score': 0}, {'index': 25, 'radius_min': 0, 'radius_max': 0, 'trim_min': 0, 'trim_max': 0, 'evaluations': 9, 'safe_feasible': 0, 'states': 0, 'selected_radius': 0, 'selected_trim': 0, 'selected_score': 0}, {'index': 26, 'radius_min': 0, 'radius_max': 0, 'trim_min': 0, 'trim_max': 0, 'evaluations': 9, 'safe_feasible': 0, 'states': 0, 'selected_radius': 0, 'selected_trim': 0, 'selected_score': 0}, {'index': 27, 'radius_min': 0, 'radius_max': 0, 'trim_min': 0, 'trim_max': 0, 'evaluations': 9, 'safe_feasible': 0, 'states': 0, 'selected_radius': 0, 'selected_trim': 0, 'selected_score': 0}, {'index': 28, 'radius_min': 0, 'radius_max': 0, 'trim_min': 0, 'trim_max': 0, 'evaluations': 9, 'safe_feasible': 0, 'states': 0, 'selected_radius': 0, 'selected_trim': 0, 'selected_score': 0}, {'index': 29, 'radius_min': 0, 'radius_max': 0, 'trim_min': 0, 'trim_max': 0, 'evaluations': 9, 'safe_feasible': 0, 'states': 0, 'selected_radius': 0, 'selected_trim': 0, 'selected_score': 0}, {'index': 30, 'radius_min': 0, 'radius_max': 0, 'trim_min': 0, 'trim_max': 0, 'evaluations': 9, 'safe_feasible': 0, 'states': 0, 'selected_radius': 0, 'selected_trim': 0, 'selected_score': 0}, {'index': 31, 'radius_min': 0, 'radius_max': 0, 'trim_min': 0, 'trim_max': 0, 'evaluations': 9, 'safe_feasible': 0, 'states': 0, 'selected_radius': 0, 'selected_trim': 0, 'selected_score': 0}, {'index': 32, 'radius_min': 0, 'radius_max': 0, 'trim_min': 0, 'trim_max': 0, 'evaluations': 9, 'safe_feasible': 0, 'states': 0, 'selected_radius': 0, 'selected_trim': 0, 'selected_score': 0}, {'index': 33, 'radius_min': 0, 'radius_max': 0, 'trim_min': 0, 'trim_max': 0, 'evaluations': 9, 'safe_feasible': 0, 'states': 0, 'selected_radius': 0, 'selected_trim': 0, 'selected_score': 0}, {'index': 34, 'radius_min': 0, 'radius_max': 0, 'trim_min': 0, 'trim_max': 0, 'evaluations': 9, 'safe_feasible': 0, 'states': 0, 'selected_radius': 0, 'selected_trim': 0, 'selected_score': 0}, {'index': 35, 'radius_min': 0, 'radius_max': 0, 'trim_min': 0, 'trim_max': 0, 'evaluations': 9, 'safe_feasible': 0, 'states': 0, 'selected_radius': 0, 'selected_trim': 0, 'selected_score': 0}, {'index': 36, 'radius_min': 0, 'radius_max': 0, 'trim_min': 0, 'trim_max': 0, 'evaluations': 9, 'safe_feasible': 0, 'states': 0, 'selected_radius': 0, 'selected_trim': 0, 'selected_score': 0}, {'index': 37, 'radius_min': 0, 'radius_max': 0, 'trim_min': 0, 'trim_max': 0, 'evaluations': 9, 'safe_feasible': 4, 'states': 0, 'selected_radius': 0.75, 'selected_trim': 0.0621661, 'selected_score': 0.942452}, {'index': 38, 'radius_min': 0, 'radius_max': 0, 'trim_min': 0, 'trim_max': 0, 'evaluations': 9, 'safe_feasible': 1, 'states': 0, 'selected_radius': 0.2, 'selected_trim': 0.0142552, 'selected_score': 1}, {'index': 39, 'radius_min': 0, 'radius_max': 0, 'trim_min': 0, 'trim_max': 0, 'evaluations': 9, 'safe_feasible': 0, 'states': 0, 'selected_radius': 0, 'selected_trim': 0, 'selected_score': 0}, {'index': 40, 'radius_min': 0, 'radius_max': 0, 'trim_min': 0, 'trim_max': 0, 'evaluations': 9, 'safe_feasible': 0, 'states': 0, 'selected_radius': 0, 'selected_trim': 0, 'selected_score': 0}, {'index': 41, 'radius_min': 0, 'radius_max': 0, 'trim_min': 0, 'trim_max': 0, 'evaluations': 9, 'safe_feasible': 0, 'states': 0, 'selected_radius': 0, 'selected_trim': 0, 'selected_score': 0}, {'index': 42, 'radius_min': 0, 'radius_max': 0, 'trim_min': 0, 'trim_max': 0, 'evaluations': 9, 'safe_feasible': 0, 'states': 0, 'selected_radius': 0, 'selected_trim': 0, 'selected_score': 0}, {'index': 43, 'radius_min': 0, 'radius_max': 0, 'trim_min': 0, 'trim_max': 0, 'evaluations': 9, 'safe_feasible': 1, 'states': 0, 'selected_radius': 0.2, 'selected_trim': 0.00975513, 'selected_score': 1}, {'index': 44, 'radius_min': 0, 'radius_max': 0, 'trim_min': 0, 'trim_max': 0, 'evaluations': 9, 'safe_feasible': 0, 'states': 0, 'selected_radius': 0, 'selected_trim': 0, 'selected_score': 0}, {'index': 45, 'radius_min': 0, 'radius_max': 0, 'trim_min': 0, 'trim_max': 0, 'evaluations': 9, 'safe_feasible': 0, 'states': 0, 'selected_radius': 0, 'selected_trim': 0, 'selected_score': 0}, {'index': 46, 'radius_min': 0, 'radius_max': 0, 'trim_min': 0, 'trim_max': 0, 'evaluations': 9, 'safe_feasible': 0, 'states': 0, 'selected_radius': 0, 'selected_trim': 0, 'selected_score': 0}, {'index': 47, 'radius_min': 0, 'radius_max': 0, 'trim_min': 0, 'trim_max': 0, 'evaluations': 9, 'safe_feasible': 4, 'states': 0, 'selected_radius': 0.6, 'selected_trim': 0.0457598, 'selected_score': 0.840288}, {'index': 48, 'radius_min': 0, 'radius_max': 0, 'trim_min': 0, 'trim_max': 0, 'evaluations': 9, 'safe_feasible': 0, 'states': 0, 'selected_radius': 0, 'selected_trim': 0, 'selected_score': 0}, {'index': 49, 'radius_min': 0, 'radius_max': 0, 'trim_min': 0, 'trim_max': 0, 'evaluations': 9, 'safe_feasible': 0, 'states': 0, 'selected_radius': 0, 'selected_trim': 0, 'selected_score': 0}]",50,0,450,none,5,45,0.9391306721499408,200,0.941556,221,45,"{'angular acceleration iteration did not converge': 7, 'transition would overlap an adjacent corner window': 430}",0.00219585,fixed,0.05,14.186899575620291,13,NavFnAStar,97e56cd4716e1d600345f3bd85c3915b960d64981f97b119b1e1d94d70d4b5e0,80,97e56cd4716e1d600345f3bd85c3915b960d64981f97b119b1e1d94d70d4b5e0,0,1,crate_detour,True,0.9719703897027555,2.48919806225736,3.9332381198947504,46,0.006765537000319455
,,,,"smoothing failed: status=6, code=504, message=''",,,,,,,,,,,,,,,,,,,pivot_g2,,,,,,,,,,,,,,,,,,,,,,,,,NavFnAStar,97e56cd4716e1d600345f3bd85c3915b960d64981f97b119b1e1d94d70d4b5e0,,97e56cd4716e1d600345f3bd85c3915b960d64981f97b119b1e1d94d70d4b5e0,0,1,crate_detour,False,,,,,
0.003,5.638469929755376,0.016824120834783764,0.004329850504141845,,0.37021176764939007,0.23390290478282266,0.23390290478282266,0,165,0.97197,45,251,True,55.3044,251,True,simple_default,simple,5.63847,173,True,4.46299232857377,adaptive_hybrid_fixed,0.05,152,fadc27f1a0a6a8553588699d460921eecdd5de7883e05524b5d1e64c1d638502,3.87278355292086,,,,,,,,,0,0.0,,,,,,,,,0,,NavFnAStar,97e56cd4716e1d600345f3bd85c3915b960d64981f97b119b1e1d94d70d4b5e0,79,97e56cd4716e1d600345f3bd85c3915b960d64981f97b119b1e1d94d70d4b5e0,0,1,crate_detour,True,5.638469929755376,4.46299232857377,3.87278355292086,1,0.0058566369998516166
0.012,5.638469929755376,0.016824120834783764,0.004329850504141845,,0.37021176764939007,0.23390290478282266,0.23390290478282266,0,165,,0,,False,55.3044,251,True,pivot_unsafe,simple,5.63847,173,True,4.46299232857377,adaptive_hybrid,0.05,152,fadc27f1a0a6a8553588699d460921eecdd5de7883e05524b5d1e64c1d638502,3.87278355292086,,,,,,,,,0,0.0,,,,,,,,,0,,NavFnAStar,97e56cd4716e1d600345f3bd85c3915b960d64981f97b119b1e1d94d70d4b5e0,79,97e56cd4716e1d600345f3bd85c3915b960d64981f97b119b1e1d94d70d4b5e0,0,1,crate_detour,True,5.638469929755376,4.46299232857377,3.87278355292086,1,0.01760919600019406
0.003,19.273854441431098,1.1102230246251565e-16,4.11876251692137e-17,,0.3830663816898015,0.06464466190395313,0.11378679825995897,0,139,,,,,,,,,,,,,11.665257782698554,raw,0.05,138,dc6c76ce8a5307a7d102a708c0c3716ed26dfbee9bbb6f4bdd250b592c255651,3.4725596158543266,,,,,,,,,0,0.0,,,,,,,,,0,,NavFnAStar,dc6c76ce8a5307a7d102a708c0c3716ed26dfbee9bbb6f4bdd250b592c255651,71,dc6c76ce8a5307a7d102a708c0c3716ed26dfbee9bbb6f4bdd250b592c255651,0,1,vertical_rack_detour,True,19.273854441431098,11.665257782698554,3.4725596158543266,1,0.0031765099997755897
0.0,4.377582427499444,0.016696120907306225,0.003584393593011107,,0.36733570593216974,0.11464466264901119,0.11464466264901119,0,150,,,,,,,,,,,,,5.5453013946408625,simple,0.05,138,e75249b678614a610aa403a02fbd341ba5a36b6af81d748442f36947d4ecd24c,3.451128814924107,,,,,,,,,0,0.0,,,,,,,,,0,,NavFnAStar,dc6c76ce8a5307a7d102a708c0c3716ed26dfbee9bbb6f4bdd250b592c255651,71,dc6c76ce8a5307a7d102a708c0c3716ed26dfbee9bbb6f4bdd250b592c255651,0,1,vertical_rack_detour,True,4.377582427499444,5.5453013946408625,3.451128814924107,1,0.004190912000012759
0.0,13.575340371564497,0.0033496901863436825,0.0008986785912143991,,0.3565291205838806,0.11464466264901119,0.11464466264901119,0,165,,,,,,,,,,,,,9.954275446192172,savitzky_golay,0.05,138,5536f4fe921e59e31463b604705bc32d92215a4f996f3c2739b81a1ccbc3cf13,3.4685814168114213,,,,,,,,,0,0.0,,,,,,,,,0,,NavFnAStar,dc6c76ce8a5307a7d102a708c0c3716ed26dfbee9bbb6f4bdd250b592c255651,71,dc6c76ce8a5307a7d102a708c0c3716ed26dfbee9bbb6f4bdd250b592c255651,0,1,vertical_rack_detour,True,13.575340371564497,9.954275446192172,3.4685814168114213,1,0.003859677000036754
0.009000000000000001,14.3064249301914,0.0457879146650364,0.017545538254016595,,0.37917467384587505,0.16464466339406925,0.16464466339406925,0,166,,,,,,,,,,,,,8.268833703071035,constrained,0.05,138,f3e315f51b42be380dce7df38702f6495d84ccb065f0c362b23b52358cd7babb,3.485443881980844,,,,,,,,,0,0.0,,,,,,,,,0,,NavFnAStar,dc6c76ce8a5307a7d102a708c0c3716ed26dfbee9bbb6f4bdd250b592c255651,71,dc6c76ce8a5307a7d102a708c0c3716ed26dfbee9bbb6f4bdd250b592c255651,0,1,vertical_rack_detour,True,14.3064249301914,8.268833703071035,3.485443881980844,1,0.01162510599988309
0.003,20.21868127944886,0.014544983750589817,0.0058631679588502135,,0.29680964438228374,0.11464466264901119,0.11464466264901119,0,275,,,,,,,,,,,,,11.576536523871349,pivot_g2_fixed,0.05,229,871dc6ca5e5aa9d944a7f740a19c69c5454a0eb064c82025f2b24cad731fc260,3.4701271675578975,0,23,"[{'index': 0, 'radius_min': 0, 'radius_max': 0, 'trim_min': 0, 'trim_max': 0, 'evaluations': 9, 'safe_feasible': 0, 'states': 0, 'selected_radius': 0, 'selected_trim': 0, 'selected_score': 0}, {'index': 1, 'radius_min': 0, 'radius_max': 0, 'trim_min': 0, 'trim_max': 0, 'evaluations': 9, 'safe_feasible': 1, 'states': 0, 'selected_radius': 0.2, 'selected_trim': 0.00957489, 'selected_score': 1}, {'index': 2, 'radius_min': 0, 'radius_max': 0, 'trim_min': 0, 'trim_max': 0, 'evaluations': 9, 'safe_feasible': 0, 'states': 0, 'selected_radius': 0, 'selected_trim': 0, 'selected_score': 0}, {'index': 3, 'radius_min': 0, 'radius_max': 0, 'trim_min': 0, 'trim_max': 0, 'evaluations': 9, 'safe_feasible': 0, 'states': 0, 'selected_radius': 0, 'selected_trim': 0, 'selected_score': 0}, {'index': 4, 'radius_min': 0, 'radius_max': 0, 'trim_min': 0, 'trim_max': 0, 'evaluations': 9, 'safe_feasible': 0, 'states': 0, 'selected_radius': 0, 'selected_trim': 0, 'selected_score': 0}, {'index': 5, 'radius_min': 0, 'radius_max': 0, 'trim_min': 0, 'trim_max': 0, 'evaluations': 9, 'safe_feasible': 0, 'states': 0, 'selected_radius': 0, 'selected_trim': 0, 'selected_score': 0}, {'index': 6, 'radius_min': 0, 'radius_max': 0, 'trim_min': 0, 'trim_max': 0, 'evaluations': 9, 'safe_feasible': 0, 'states': 0, 'selected_radius': 0, 'selected_trim': 0, 'selected_score': 0}, {'index': 7, 'radius_min': 0, 'radius_max': 0, 'trim_min': 0, 'trim_max': 0, 'evaluations': 9, 'safe_feasible': 1, 'states': 0, 'selected_radius': 0.2, 'selected_trim': 0.0175465, 'selected_score': 1}, {'index': 8, 'radius_min': 0, 'radius_max': 0, 'trim_min': 0, 'trim_max': 0, 'evaluations': 9, 'safe_feasible': 2, 'states': 0, 'selected_radius': 0.5, 'selected_trim': 0.0224734, 'selected_score': 0.9}, {'index': 9, 'radius_min': 0, 'radius_max': 0, 'trim_min': 0, 'trim_max': 0, 'evaluations': 9, 'safe_feasible': 4, 'states': 0, 'selected_radius': 0.75, 'selected_trim': 0.0608581, 'selected_score': 0.943268}, {'index': 10, 'radius_min': 0, 'radius_max': 0, 'trim_min': 0, 'trim_max': 0, 'evaluations': 9, 'safe_feasible': 4, 'states': 0, 'selected_radius': 0.6, 'selected_trim': 0.066547, 'selected_score': 0.908292}, {'index': 11, 'radius_min': 0, 'radius_max': 0, 'trim_min': 0, 'trim_max': 0, 'evaluations': 9, 'safe_feasible': 0, 'states': 0, 'selected_radius': 0, 'selected_trim': 0, 'selected_score': 0}, {'index': 12, 'radius_min': 0, 'radius_max': 0, 'trim_min': 0, 'trim_max': 0, 'evaluations': 9, 'safe_feasible': 0, 'states': 0, 'selected_radius': 0, 'selected_trim': 0, 'selected_score': 0}, {'index': 13, 'radius_min': 0, 'radius_max': 0, 'trim_min': 0, 'trim_max': 0, 'evaluations': 9, 'safe_feasible': 0, 'states': 0, 'selected_radius': 0, 'selected_trim': 0, 'selected_score': 0}, {'index': 14, 'radius_min': 0, 'radius_max': 0, 'trim_min': 0, 'trim_max': 0, 'evaluations': 9, 'safe_feasible': 0, 'states': 0, 'selected_radius': 0, 'selected_trim': 0, 'selected_score': 0}, {'index': 15, 'radius_min': 0, 'radius_max': 0, 'trim_min': 0, 'trim_max': 0, 'evaluations': 9, 'safe_feasible': 0, 'states': 0, 'selected_radius': 0, 'selected_trim': 0, 'selected_score': 0}, {'index': 16, 'radius_min': 0, 'radius_max': 0, 'trim_min': 0, 'trim_max': 0, 'evaluations': 9, 'safe_feasible': 0, 'states': 0, 'selected_radius': 0, 'selected_trim': 0, 'selected_score': 0}, {'index': 17, 'radius_min': 0, 'radius_max': 0, 'trim_min': 0, 'trim_max': 0, 'evaluations': 9, 'safe_feasible': 1, 'states': 0, 'selected_radius': 0.2, 'selected_trim': 0.00884437, 'selected_score': 1}, {'index': 18, 'radius_min': 0, 'radius_max': 0, 'trim_min': 0, 'trim_max': 0, 'evaluations': 9, 'safe_feasible': 0, 'states': 0, 'selected_radius': 0, 'selected_trim': 0, 'selected_score': 0}, {'index': 19, 'radius_min': 0, 'radius_max': 0, 'trim_min': 0, 'trim_max': 0, 'evaluations': 9, 'safe_feasible': 0, 'states': 0, 'selected_radius': 0, 'selected_trim': 0, 'selected_score': 0}, {'index': 20, 'radius_min': 0, 'radius_max': 0, 'trim_min': 0, 'trim_max': 0, 'evaluations': 9, 'safe_feasible': 1, 'states': 0, 'selected_radius': 0.2, 'selected_trim': 0.00891692, 'selected_score': 1}, {'index': 21, 'radius_min': 0, 'radius_max': 0, 'trim_min': 0, 'trim_max': 0, 'evaluations': 9, 'safe_feasible': 7, 'states': 0, 'selected_radius': 1.25, 'selected_trim': 0.0318853, 'selected_score': 0.819575}, {'index': 22, 'radius_min': 0, 'radius_max': 0, 'trim_min': 0, 'trim_max': 0, 'evaluations': 9, 'safe_feasible': 2, 'states': 0, 'selected_radius': 0.3, 'selected_trim': 0.025779, 'selected_score': 1}]",23,0,207,none,9,14,0.5132680189750898,200,0.952348,229,14,"{'angular acceleration iteration did not converge': 6, 'transition would overlap an adjacent corner window': 178}",0.00274761,fixed,0.05,3.8831772795111448,23,NavFnAStar,dc6c76ce8a5307a7d102a708c0c3716ed26dfbee9bbb6f4bdd250b592c255651,71,dc6c76ce8a5307a7d102a708c0c3716ed26dfbee9bbb6f4bdd250b592c255651,0,1,vertical_rack_detour,True,1.5879844129961533,2.7601353857642645,3.4768557609778514,15,0.00758388600024773
,,,,"smoothing failed: status=6, code=504, message=''",,,,,,,,,,,,,,,,,,,pivot_g2,,,,,,,,,,,,,,,,,,,,,,,,,NavFnAStar,dc6c76ce8a5307a7d102a708c0c3716ed26dfbee9bbb6f4bdd250b592c255651,,dc6c76ce8a5307a7d102a708c0c3716ed26dfbee9bbb6f4bdd250b592c255651,0,1,vertical_rack_detour,False,,,,,
0.006,4.377582427499444,0.016696120907306225,0.003584393593011107,,0.36733570593216974,0.11464466264901119,0.11464466264901119,0,150,1.58798,14,253,True,19.2739,253,True,simple_default,simple,4.37758,253,True,5.5453013946408625,adaptive_hybrid_fixed,0.05,138,e75249b678614a610aa403a02fbd341ba5a36b6af81d748442f36947d4ecd24c,3.451128814924107,,,,,,,,,0,0.0,,,,,,,,,0,,NavFnAStar,dc6c76ce8a5307a7d102a708c0c3716ed26dfbee9bbb6f4bdd250b592c255651,71,dc6c76ce8a5307a7d102a708c0c3716ed26dfbee9bbb6f4bdd250b592c255651,0,1,vertical_rack_detour,True,4.377582427499444,5.5453013946408625,3.451128814924107,1,0.008267782000075385
0.006,4.377582427499444,0.016696120907306225,0.003584393593011107,,0.36733570593216974,0.11464466264901119,0.11464466264901119,0,150,,0,,False,19.2739,253,True,pivot_unsafe,simple,4.37758,253,True,5.5453013946408625,adaptive_hybrid,0.05,138,e75249b678614a610aa403a02fbd341ba5a36b6af81d748442f36947d4ecd24c,3.451128814924107,,,,,,,,,0,0.0,,,,,,,,,0,,NavFnAStar,dc6c76ce8a5307a7d102a708c0c3716ed26dfbee9bbb6f4bdd250b592c255651,71,dc6c76ce8a5307a7d102a708c0c3716ed26dfbee9bbb6f4bdd250b592c255651,0,1,vertical_rack_detour,True,4.377582427499444,5.5453013946408625,3.451128814924107,1,0.009990347999973892
0.0,101.8821277049117,4.440892098500626e-16,6.036540181301671e-17,,0.5540168380510849,0.16464466339406925,0.2146446641391273,0,254,,,,,,,,,,,,,21.85241000672994,raw,0.05,249,21cc4cb48fb433bf5f1bb579c9f7d7f4a485f0047a020c6f4d7fd226f3f7d849,6.207132352223753,,,,,,,,,0,0.0,,,,,,,,,0,,NavFnAStar,21cc4cb48fb433bf5f1bb579c9f7d7f4a485f0047a020c6f4d7fd226f3f7d849,126,21cc4cb48fb433bf5f1bb579c9f7d7f4a485f0047a020c6f4d7fd226f3f7d849,0,1,horizontal_rack_detour,True,101.8821277049117,21.85241000672994,6.207132352223753,1,0.004782811000040965
0.0,7.475682098443688,0.015481684015920405,0.003930933609591634,,0.52876935926301,0.25619225950049973,0.25619225950049973,0,259,,,,,,,,,,,,,4.808838692059182,simple,0.05,249,b3357ab09915ca7ac5ed353eec9dda1d0c2222dcb10739317dd6662dd39ab5a2,6.140585471679679,,,,,,,,,0,0.0,,,,,,,,,0,,NavFnAStar,21cc4cb48fb433bf5f1bb579c9f7d7f4a485f0047a020c6f4d7fd226f3f7d849,124,21cc4cb48fb433bf5f1bb579c9f7d7f4a485f0047a020c6f4d7fd226f3f7d849,0,1,horizontal_rack_detour,True,7.475682098443688,4.808838692059182,6.140585471679679,1,0.0062958140001683205
0.0,33.61699913609234,0.007370372294872326,0.001766181143558224,,0.49642064551284015,0.2146446641391273,0.23390290478282266,0,300,,,,,,,,,,,,,10.101780757798043,savitzky_golay,0.05,249,5f753bef74a3484a17ccd2fcf1abd99fcf71a5c04078bb3a9518476706a1e2a8,6.174361094394669,,,,,,,,,0,0.0,,,,,,,,,0,,NavFnAStar,21cc4cb48fb433bf5f1bb579c9f7d7f4a485f0047a020c6f4d7fd226f3f7d849,125,21cc4cb48fb433bf5f1bb579c9f7d7f4a485f0047a020c6f4d7fd226f3f7d849,0,1,horizontal_rack_detour,True,33.61699913609234,10.101780757798043,6.174361094394669,1,0.0056825640003808076
0.015000000000000001,58.363768604723475,0.006082740208934133,0.0014233319490770887,,0.48716942541053976,0.16464466339406925,0.23390290478282266,0,317,,,,,,,,,,,,,15.849721612495127,constrained,0.05,249,1767a72232186a3c5ef4ed44f7c03ef78695c85134409ebf8ea855e690f016e0,6.193397945942236,,,,,,,,,0,0.0,,,,,,,,,0,,NavFnAStar,21cc4cb48fb433bf5f1bb579c9f7d7f4a485f0047a020c6f4d7fd226f3f7d849,126,21cc4cb48fb433bf5f1bb579c9f7d7f4a485f0047a020c6f4d7fd226f3f7d849,0,1,horizontal_rack_detour,True,58.363768604723475,15.849721612495127,6.193397945942236,1,0.019484614999782934
0.003,109.00903980817245,0.0173519756142625,0.007963589197789398,,0.37931448408045426,0.12275854577833645,0.18825146149581692,0,558,,,,,,,,,,,,,22.270324715393247,pivot_g2_fixed,0.05,346,9b73782d864d0ebebc855e95bacc0fb2d687df09db06f30ff4f131e53b77d39a,6.208205092643605,0,39,"[{'index': 0, 'radius_min': 0, 'radius_max': 0, 'trim_min': 0, 'trim_max': 0, 'evaluations': 9, 'safe_feasible': 5, 'states': 0, 'selected_radius': 0.75, 'selected_trim': 0.104028, 'selected_score': 0.925638}, {'index': 1, 'radius_min': 0, 'radius_max': 0, 'trim_min': 0, 'trim_max': 0, 'evaluations': 9, 'safe_feasible': 0, 'states': 0, 'selected_radius': 0, 'selected_trim': 0, 'selected_score': 0}, {'index': 2, 'radius_min': 0, 'radius_max': 0, 'trim_min': 0, 'trim_max': 0, 'evaluations': 9, 'safe_feasible': 0, 'states': 0, 'selected_radius': 0, 'selected_trim': 0, 'selected_score': 0}, {'index': 3, 'radius_min': 0, 'radius_max': 0, 'trim_min': 0, 'trim_max': 0, 'evaluations': 9, 'safe_feasible': 0, 'states': 0, 'selected_radius': 0, 'selected_trim': 0, 'selected_score': 0}, {'index': 4, 'radius_min': 0, 'radius_max': 0, 'trim_min': 0, 'trim_max': 0, 'evaluations': 9, 'safe_feasible': 0, 'states': 0, 'selected_radius': 0, 'selected_trim': 0, 'selected_score': 0}, {'index': 5, 'radius_min': 0, 'radius_max': 0, 'trim_min': 0, 'trim_max': 0, 'evaluations': 9, 'safe_feasible': 0, 'states': 0, 'selected_radius': 0, 'selected_trim': 0, 'selected_score': 0}, {'index': 6, 'radius_min': 0, 'radius_max': 0, 'trim_min': 0, 'trim_max': 0, 'evaluations': 9, 'safe_feasible': 0, 'states': 0, 'selected_radius': 0, 'selected_trim': 0, 'selected_score': 0}, {'index': 7, 'radius_min': 0, 'radius_max': 0, 'trim_min': 0, 'trim_max': 0, 'evaluations': 9, 'safe_feasible': 0, 'states': 0, 'selected_radius': 0, 'selected_trim': 0, 'selected_score': 0}, {'index': 8, 'radius_min': 0, 'radius_max': 0, 'trim_min': 0, 'trim_max': 0, 'evaluations': 9, 'safe_feasible': 0, 'states': 0, 'selected_radius': 0, 'selected_trim': 0, 'selected_score': 0}, {'index': 9, 'radius_min': 0, 'radius_max': 0, 'trim_min': 0, 'trim_max': 0, 'evaluations': 9, 'safe_feasible': 0, 'states': 0, 'selected_radius': 0, 'selected_trim': 0, 'selected_score': 0}, {'index': 10, 'radius_min': 0, 'radius_max': 0, 'trim_min': 0, 'trim_max': 0, 'evaluations': 9, 'safe_feasible': 1, 'states': 0, 'selected_radius': 0.2, 'selected_trim': 0.0164645, 'selected_score': 1}, {'index': 11, 'radius_min': 0, 'radius_max': 0, 'trim_min': 0, 'trim_max': 0, 'evaluations': 9, 'safe_feasible': 2, 'states': 0, 'selected_radius': 0.5, 'selected_trim': 0.0317388, 'selected_score': 0.9}, {'index': 12, 'radius_min': 0, 'radius_max': 0, 'trim_min': 0, 'trim_max': 0, 'evaluations': 9, 'safe_feasible': 0, 'states': 0, 'selected_radius': 0, 'selected_trim': 0, 'selected_score': 0}, {'index': 13, 'radius_min': 0, 'radius_max': 0, 'trim_min': 0, 'trim_max': 0, 'evaluations': 9, 'safe_feasible': 1, 'states': 0, 'selected_radius': 0.2, 'selected_trim': 0.0107821, 'selected_score': 1}, {'index': 14, 'radius_min': 0, 'radius_max': 0, 'trim_min': 0, 'trim_max': 0, 'evaluations': 9, 'safe_feasible': 0, 'states': 0, 'selected_radius': 0, 'selected_trim': 0, 'selected_score': 0}, {'index': 15, 'radius_min': 0, 'radius_max': 0, 'trim_min': 0, 'trim_max': 0, 'evaluations': 9, 'safe_feasible': 0, 'states': 0, 'selected_radius': 0, 'selected_trim': 0, 'selected_score': 0}, {'index': 16, 'radius_min': 0, 'radius_max': 0, 'trim_min': 0, 'trim_max': 0, 'evaluations': 9, 'safe_feasible': 0, 'states': 0, 'selected_radius': 0, 'selected_trim': 0, 'selected_score': 0}, {'index': 17, 'radius_min': 0, 'radius_max': 0, 'trim_min': 0, 'trim_max': 0, 'evaluations': 9, 'safe_feasible': 0, 'states': 0, 'selected_radius': 0, 'selected_trim': 0, 'selected_score': 0}, {'index': 18, 'radius_min': 0, 'radius_max': 0, 'trim_min': 0, 'trim_max': 0, 'evaluations': 9, 'safe_feasible': 0, 'states': 0, 'selected_radius': 0, 'selected_trim': 0, 'selected_score': 0}, {'index': 19, 'radius_min': 0, 'radius_max': 0, 'trim_min': 0, 'trim_max': 0, 'evaluations': 9, 'safe_feasible': 0, 'states': 0, 'selected_radius': 0, 'selected_trim': 0, 'selected_score': 0}, {'index': 20, 'radius_min': 0, 'radius_max': 0, 'trim_min': 0, 'trim_max': 0, 'evaluations': 9, 'safe_feasible': 0, 'states': 0, 'selected_radius': 0, 'selected_trim': 0, 'selected_score': 0}, {'index': 21, 'radius_min': 0, 'radius_max': 0, 'trim_min': 0, 'trim_max': 0, 'evaluations': 9, 'safe_feasible': 0, 'states': 0, 'selected_radius': 0, 'selected_trim': 0, 'selected_score': 0}, {'index': 22, 'radius_min': 0, 'radius_max': 0, 'trim_min': 0, 'trim_max': 0, 'evaluations': 9, 'safe_feasible': 0, 'states': 0, 'selected_radius': 0, 'selected_trim': 0, 'selected_score': 0}, {'index': 23, 'radius_min': 0, 'radius_max': 0, 'trim_min': 0, 'trim_max': 0, 'evaluations': 9, 'safe_feasible': 0, 'states': 0, 'selected_radius': 0, 'selected_trim': 0, 'selected_score': 0}, {'index': 24, 'radius_min': 0, 'radius_max': 0, 'trim_min': 0, 'trim_max': 0, 'evaluations': 9, 'safe_feasible': 0, 'states': 0, 'selected_radius': 0, 'selected_trim': 0, 'selected_score': 0}, {'index': 25, 'radius_min': 0, 'radius_max': 0, 'trim_min': 0, 'trim_max': 0, 'evaluations': 9, 'safe_feasible': 0, 'states': 0, 'selected_radius': 0, 'selected_trim': 0, 'selected_score': 0}, {'index': 26, 'radius_min': 0, 'radius_max': 0, 'trim_min': 0, 'trim_max': 0, 'evaluations': 9, 'safe_feasible': 0, 'states': 0, 'selected_radius': 0, 'selected_trim': 0, 'selected_score': 0}, {'index': 27, 'radius_min': 0, 'radius_max': 0, 'trim_min': 0, 'trim_max': 0, 'evaluations': 9, 'safe_feasible': 0, 'states': 0, 'selected_radius': 0, 'selected_trim': 0, 'selected_score': 0}, {'index': 28, 'radius_min': 0, 'radius_max': 0, 'trim_min': 0, 'trim_max': 0, 'evaluations': 9, 'safe_feasible': 0, 'states': 0, 'selected_radius': 0, 'selected_trim': 0, 'selected_score': 0}, {'index': 29, 'radius_min': 0, 'radius_max': 0, 'trim_min': 0, 'trim_max': 0, 'evaluations': 9, 'safe_feasible': 0, 'states': 0, 'selected_radius': 0, 'selected_trim': 0, 'selected_score': 0}, {'index': 30, 'radius_min': 0, 'radius_max': 0, 'trim_min': 0, 'trim_max': 0, 'evaluations': 9, 'safe_feasible': 0, 'states': 0, 'selected_radius': 0, 'selected_trim': 0, 'selected_score': 0}, {'index': 31, 'radius_min': 0, 'radius_max': 0, 'trim_min': 0, 'trim_max': 0, 'evaluations': 9, 'safe_feasible': 0, 'states': 0, 'selected_radius': 0, 'selected_trim': 0, 'selected_score': 0}, {'index': 32, 'radius_min': 0, 'radius_max': 0, 'trim_min': 0, 'trim_max': 0, 'evaluations': 9, 'safe_feasible': 0, 'states': 0, 'selected_radius': 0, 'selected_trim': 0, 'selected_score': 0}, {'index': 33, 'radius_min': 0, 'radius_max': 0, 'trim_min': 0, 'trim_max': 0, 'evaluations': 9, 'safe_feasible': 0, 'states': 0, 'selected_radius': 0, 'selected_trim': 0, 'selected_score': 0}, {'index': 34, 'radius_min': 0, 'radius_max': 0, 'trim_min': 0, 'trim_max': 0, 'evaluations': 9, 'safe_feasible': 0, 'states': 0, 'selected_radius': 0, 'selected_trim': 0, 'selected_score': 0}, {'index': 35, 'radius_min': 0, 'radius_max': 0, 'trim_min': 0, 'trim_max': 0, 'evaluations': 9, 'safe_feasible': 0, 'states': 0, 'selected_radius': 0, 'selected_trim': 0, 'selected_score': 0}, {'index': 36, 'radius_min': 0, 'radius_max': 0, 'trim_min': 0, 'trim_max': 0, 'evaluations': 9, 'safe_feasible': 0, 'states': 0, 'selected_radius': 0, 'selected_trim': 0, 'selected_score': 0}, {'index': 37, 'radius_min': 0, 'radius_max': 0, 'trim_min': 0, 'trim_max': 0, 'evaluations': 9, 'safe_feasible': 0, 'states': 0, 'selected_radius': 0, 'selected_trim': 0, 'selected_score': 0}, {'index': 38, 'radius_min': 0, 'radius_max': 0, 'trim_min': 0, 'trim_max': 0, 'evaluations': 9, 'safe_feasible': 0, 'states': 0, 'selected_radius': 0, 'selected_trim': 0, 'selected_score': 0}, {'index': 39, 'radius_min': 0, 'radius_max': 0, 'trim_min': 0, 'trim_max': 0, 'evaluations': 9, 'safe_feasible': 0, 'states': 0, 'selected_radius': 0, 'selected_trim': 0, 'selected_score': 0}, {'index': 40, 'radius_min': 0, 'radius_max': 0, 'trim_min': 0, 'trim_max': 0, 'evaluations': 9, 'safe_feasible': 0, 'states': 0, 'selected_radius': 0, 'selected_trim': 0, 'selected_score': 0}, {'index': 41, 'radius_min': 0, 'radius_max': 0, 'trim_min': 0, 'trim_max': 0, 'evaluations': 9, 'safe_feasible': 0, 'states': 0, 'selected_radius': 0, 'selected_trim': 0, 'selected_score': 0}, {'index': 42, 'radius_min': 0, 'radius_max': 0, 'trim_min': 0, 'trim_max': 0, 'evaluations': 9, 'safe_feasible': 0, 'states': 0, 'selected_radius': 0, 'selected_trim': 0, 'selected_score': 0}, {'index': 43, 'radius_min': 0, 'radius_max': 0, 'trim_min': 0, 'trim_max': 0, 'evaluations': 9, 'safe_feasible': 1, 'states': 0, 'selected_radius': 0.2, 'selected_trim': 0.00723679, 'selected_score': 1}, {'index': 44, 'radius_min': 0, 'radius_max': 0, 'trim_min': 0, 'trim_max': 0, 'evaluations': 9, 'safe_feasible': 7, 'states': 0, 'selected_radius': 1, 'selected_trim': 0.000732052, 'selected_score': 0.93242}, {'index': 45, 'radius_min': 0, 'radius_max': 0, 'trim_min': 0, 'trim_max': 0, 'evaluations': 9, 'safe_feasible': 9, 'states': 0, 'selected_radius': 1.5, 'selected_trim': 0.0150577, 'selected_score': 0.994842}, {'index': 46, 'radius_min': 0, 'radius_max': 0, 'trim_min': 0, 'trim_max': 0, 'evaluations': 9, 'safe_feasible': 8, 'states': 0, 'selected_radius': 1.5, 'selected_trim': 0.0246479, 'selected_score': 1}, {'index': 47, 'radius_min': 0, 'radius_max': 0, 'trim_min': 0, 'trim_max': 0, 'evaluations': 9, 'safe_feasible': 4, 'states': 0, 'selected_radius': 0.75, 'selected_trim': 0.0366887, 'selected_score': 0.943571}, {'index': 48, 'radius_min': 0, 'radius_max': 0, 'trim_min': 0, 'trim_max': 0, 'evaluations': 9, 'safe_feasible': 1, 'states': 0, 'selected_radius': 0.2, 'selected_trim': 0.0100107, 'selected_score': 1}, {'index': 49, 'radius_min': 0, 'radius_max': 0, 'trim_min': 0, 'trim_max': 0, 'evaluations': 9, 'safe_feasible': 0, 'states': 0, 'selected_radius': 0, 'selected_trim': 0, 'selected_score': 0}, {'index': 50, 'radius_min': 0, 'radius_max': 0, 'trim_min': 0, 'trim_max': 0, 'evaluations': 9, 'safe_feasible': 0, 'states': 0, 'selected_radius': 0, 'selected_trim': 0, 'selected_score': 0}, {'index': 51, 'radius_min': 0, 'radius_max': 0, 'trim_min': 0, 'trim_max': 0, 'evaluations': 9, 'safe_feasible': 0, 'states': 0, 'selected_radius': 0, 'selected_trim': 0, 'selected_score': 0}, {'index': 52, 'radius_min': 0, 'radius_max': 0, 'trim_min': 0, 'trim_max': 0, 'evaluations': 9, 'safe_feasible': 0, 'states': 0, 'selected_radius': 0, 'selected_trim': 0, 'selected_score': 0}, {'index': 53, 'radius_min': 0, 'radius_max': 0, 'trim_min': 0, 'trim_max': 0, 'evaluations': 9, 'safe_feasible': 0, 'states': 0, 'selected_radius': 0, 'selected_trim': 0, 'selected_score': 0}]",54,0,486,none,10,44,1.2228813941776602,200,0.969647,346,44,"{'angular acceleration iteration did not converge': 7, 'transition contains an unintended curvature reversal': 2, 'transition would overlap an adjacent corner window': 438}",0.00272066,fixed,0.05,19.991803890409095,39,NavFnAStar,21cc4cb48fb433bf5f1bb579c9f7d7f4a485f0047a020c6f4d7fd226f3f7d849,126,21cc4cb48fb433bf5f1bb579c9f7d7f4a485f0047a020c6f4d7fd226f3f7d849,0,1,horizontal_rack_detour,True,1.2747827294918674,2.7955579117148712,6.245700862767973,45,0.009644506000313413
,,,,"smoothing failed: status=6, code=504, message=''",,,,,,,,,,,,,,,,,,,pivot_g2,,,,,,,,,,,,,,,,,,,,,,,,,NavFnAStar,21cc4cb48fb433bf5f1bb579c9f7d7f4a485f0047a020c6f4d7fd226f3f7d849,,21cc4cb48fb433bf5f1bb579c9f7d7f4a485f0047a020c6f4d7fd226f3f7d849,0,1,horizontal_rack_detour,False,,,,,
0.006,7.475682098443688,0.015481684015920405,0.003930933609591634,,0.52876935926301,0.25619225950049973,0.25619225950049973,0,259,1.27478,44,253,True,101.882,251,True,simple_default,simple,7.47568,177,True,4.808838692059182,adaptive_hybrid_fixed,0.05,249,b3357ab09915ca7ac5ed353eec9dda1d0c2222dcb10739317dd6662dd39ab5a2,6.140585471679679,,,,,,,,,0,0.0,,,,,,,,,0,,NavFnAStar,21cc4cb48fb433bf5f1bb579c9f7d7f4a485f0047a020c6f4d7fd226f3f7d849,124,21cc4cb48fb433bf5f1bb579c9f7d7f4a485f0047a020c6f4d7fd226f3f7d849,0,1,horizontal_rack_detour,True,7.475682098443688,4.808838692059182,6.140585471679679,1,0.011435997000262432
0.012,7.475682098443688,0.015481684015920405,0.003930933609591634,,0.52876935926301,0.25619225950049973,0.25619225950049973,0,259,,0,,False,101.882,251,True,pivot_unsafe,simple,7.47568,177,True,4.808838692059182,adaptive_hybrid,0.05,249,b3357ab09915ca7ac5ed353eec9dda1d0c2222dcb10739317dd6662dd39ab5a2,6.140585471679679,,,,,,,,,0,0.0,,,,,,,,,0,,NavFnAStar,21cc4cb48fb433bf5f1bb579c9f7d7f4a485f0047a020c6f4d7fd226f3f7d849,124,21cc4cb48fb433bf5f1bb579c9f7d7f4a485f0047a020c6f4d7fd226f3f7d849,0,1,horizontal_rack_detour,True,7.475682098443688,4.808838692059182,6.140585471679679,1,0.017446639999889157
0.0,56.016010192764995,1.942890293094024e-16,3.8591318507370155e-17,,0.29235103655850236,0.16464466339406925,0.18825146149581692,0,207,,,,,,,,,,,,,13.692591494588108,raw,0.05,178,f331278ef43395ecaca1280fe38872eca72707a9417dfaa7b4a19cb5a26da4e0,4.898626163389801,,,,,,,,,0,0.0,,,,,,,,,0,,NavFnAStar,f331278ef43395ecaca1280fe38872eca72707a9417dfaa7b4a19cb5a26da4e0,100,f331278ef43395ecaca1280fe38872eca72707a9417dfaa7b4a19cb5a26da4e0,0,1,right_rack_detour,True,56.016010192764995,13.692591494588108,4.898626163389801,1,0.0033545739997862256
0.0,5.491401303557697,0.0186117063050145,0.0042922432239772415,,0.32301133695904144,0.23390290478282266,0.25619225950049973,0,183,,,,,,,,,,,,,5.439491190921189,simple,0.05,178,549c18a11b4512e18df9f853a4ef7d0ed70655f10e2a6e728ff597427b62fa8b,4.854328330903376,,,,,,,,,0,0.0,,,,,,,,,0,,NavFnAStar,f331278ef43395ecaca1280fe38872eca72707a9417dfaa7b4a19cb5a26da4e0,99,f331278ef43395ecaca1280fe38872eca72707a9417dfaa7b4a19cb5a26da4e0,0,1,right_rack_detour,True,5.491401303557697,5.439491190921189,4.854328330903376,1,0.0049040980002246215
0.0,25.41725570177771,0.006796336807282287,0.0018544173596532797,,0.3139411414730576,0.2146446641391273,0.23390290478282266,0,222,,,,,,,,,,,,,9.263667605753264,savitzky_golay,0.05,178,5fec2e6a6bf48c290fb4fba8d7d179502759808917945b1bbab28f223707e214,4.8808198281131165,,,,,,,,,0,0.0,,,,,,,,,0,,NavFnAStar,f331278ef43395ecaca1280fe38872eca72707a9417dfaa7b4a19cb5a26da4e0,99,f331278ef43395ecaca1280fe38872eca72707a9417dfaa7b4a19cb5a26da4e0,0,1,right_rack_detour,True,25.41725570177771,9.263667605753264,4.8808198281131165,1,0.0045977599997968355
0.012,33.51230520289778,0.02145312925910048,0.009114455385845125,,0.3152152046548254,0.2146446641391273,0.23390290478282266,0,226,,,,,,,,,,,,,10.29485625071809,constrained,0.05,178,7a3d62b031ed52ee6b2db79f53653d67c14dd0712b86b3c65d6071638559badf,4.896609682882566,,,,,,,,,0,0.0,,,,,,,,,0,,NavFnAStar,f331278ef43395ecaca1280fe38872eca72707a9417dfaa7b4a19cb5a26da4e0,100,f331278ef43395ecaca1280fe38872eca72707a9417dfaa7b4a19cb5a26da4e0,0,1,right_rack_detour,True,33.51230520289778,10.29485625071809,4.896609682882566,1,0.016575917999944068
0.0,55.723706020392555,0.03510382296492506,0.01587690571118409,,0.2937481985663229,0.12275854577833645,0.18825146149581692,0,366,,,,,,,,,,,,,14.183455950496048,pivot_g2_fixed,0.05,211,3bdaf2bdac50e7c30002ddf5c17ef0bf64e4a1d295e5e4eecbd61867f5132670,4.896342426747271,0,11,"[{'index': 0, 'radius_min': 0, 'radius_max': 0, 'trim_min': 0, 'trim_max': 0, 'evaluations': 9, 'safe_feasible': 1, 'states': 0, 'selected_radius': 0.2, 'selected_trim': 0.0191723, 'selected_score': 1}, {'index': 1, 'radius_min': 0, 'radius_max': 0, 'trim_min': 0, 'trim_max': 0, 'evaluations': 9, 'safe_feasible': 0, 'states': 0, 'selected_radius': 0, 'selected_trim': 0, 'selected_score': 0}, {'index': 2, 'radius_min': 0, 'radius_max': 0, 'trim_min': 0, 'trim_max': 0, 'evaluations': 9, 'safe_feasible': 8, 'states': 0, 'selected_radius': 1.5, 'selected_trim': 0.0348373, 'selected_score': 0.996081}, {'index': 3, 'radius_min': 0, 'radius_max': 0, 'trim_min': 0, 'trim_max': 0, 'evaluations': 9, 'safe_feasible': 1, 'states': 0, 'selected_radius': 0.2, 'selected_trim': 0.012859, 'selected_score': 1}, {'index': 4, 'radius_min': 0, 'radius_max': 0, 'trim_min': 0, 'trim_max': 0, 'evaluations': 9, 'safe_feasible': 0, 'states': 0, 'selected_radius': 0, 'selected_trim': 0, 'selected_score': 0}, {'index': 5, 'radius_min': 0, 'radius_max': 0, 'trim_min': 0, 'trim_max': 0, 'evaluations': 9, 'safe_feasible': 0, 'states': 0, 'selected_radius': 0, 'selected_trim': 0, 'selected_score': 0}, {'index': 6, 'radius_min': 0, 'radius_max': 0, 'trim_min': 0, 'trim_max': 0, 'evaluations': 9, 'safe_feasible': 1, 'states': 0, 'selected_radius': 0.2, 'selected_trim': 0.0108284, 'selected_score': 1}, {'index': 7, 'radius_min': 0, 'radius_max': 0, 'trim_min': 0, 'trim_max': 0, 'evaluations': 9, 'safe_feasible': 0, 'states': 0, 'selected_radius': 0, 'selected_trim': 0, 'selected_score': 0}, {'index': 8, 'radius_min': 0, 'radius_max': 0, 'trim_min': 0, 'trim_max': 0, 'evaluations': 9, 'safe_feasible': 0, 'states': 0, 'selected_radius': 0, 'selected_trim': 0, 'selected_score': 0}, {'index': 9, 'radius_min': 0, 'radius_max': 0, 'trim_min': 0, 'trim_max': 0, 'evaluations': 9, 'safe_feasible': 0, 'states': 0, 'selected_radius': 0, 'selected_trim': 0, 'selected_score': 0}, {'index': 10, 'radius_min': 0, 'radius_max': 0, 'trim_min': 0, 'trim_max': 0, 'evaluations': 9, 'safe_feasible': 0, 'states': 0, 'selected_radius': 0, 'selected_trim': 0, 'selected_score': 0}, {'index': 11, 'radius_min': 0, 'radius_max': 0, 'trim_min': 0, 'trim_max': 0, 'evaluations': 9, 'safe_feasible': 0, 'states': 0, 'selected_radius': 0, 'selected_trim': 0, 'selected_score': 0}, {'index': 12, 'radius_min': 0, 'radius_max': 0, 'trim_min': 0, 'trim_max': 0, 'evaluations': 9, 'safe_feasible': 0, 'states': 0, 'selected_radius': 0, 'selected_trim': 0, 'selected_score': 0}, {'index': 13, 'radius_min': 0, 'radius_max': 0, 'trim_min': 0, 'trim_max': 0, 'evaluations': 9, 'safe_feasible': 0, 'states': 0, 'selected_radius': 0, 'selected_trim': 0, 'selected_score': 0}, {'index': 14, 'radius_min': 0, 'radius_max': 0, 'trim_min': 0, 'trim_max': 0, 'evaluations': 9, 'safe_feasible': 0, 'states': 0, 'selected_radius': 0, 'selected_trim': 0, 'selected_score': 0}, {'index': 15, 'radius_min': 0, 'radius_max': 0, 'trim_min': 0, 'trim_max': 0, 'evaluations': 9, 'safe_feasible': 0, 'states': 0, 'selected_radius': 0, 'selected_trim': 0, 'selected_score': 0}, {'index': 16, 'radius_min': 0, 'radius_max': 0, 'trim_min': 0, 'trim_max': 0, 'evaluations': 9, 'safe_feasible': 0, 'states': 0, 'selected_radius': 0, 'selected_trim': 0, 'selected_score': 0}, {'index': 17, 'radius_min': 0, 'radius_max': 0, 'trim_min': 0, 'trim_max': 0, 'evaluations': 9, 'safe_feasible': 0, 'states': 0, 'selected_radius': 0, 'selected_trim': 0, 'selected_score': 0}, {'index': 18, 'radius_min': 0, 'radius_max': 0, 'trim_min': 0, 'trim_max': 0, 'evaluations': 9, 'safe_feasible': 0, 'states': 0, 'selected_radius': 0, 'selected_trim': 0, 'selected_score': 0}, {'index': 19, 'radius_min': 0, 'radius_max': 0, 'trim_min': 0, 'trim_max': 0, 'evaluations': 9, 'safe_feasible': 0, 'states': 0, 'selected_radius': 0, 'selected_trim': 0, 'selected_score': 0}, {'index': 20, 'radius_min': 0, 'radius_max': 0, 'trim_min': 0, 'trim_max': 0, 'evaluations': 9, 'safe_feasible': 0, 'states': 0, 'selected_radius': 0, 'selected_trim': 0, 'selected_score': 0}, {'index': 21, 'radius_min': 0, 'radius_max': 0, 'trim_min': 0, 'trim_max': 0, 'evaluations': 9, 'safe_feasible': 0, 'states': 0, 'selected_radius': 0, 'selected_trim': 0, 'selected_score': 0}, {'index': 22, 'radius_min': 0, 'radius_max': 0, 'trim_min': 0, 'trim_max': 0, 'evaluations': 9, 'safe_feasible': 0, 'states': 0, 'selected_radius': 0, 'selected_trim': 0, 'selected_score': 0}, {'index': 23, 'radius_min': 0, 'radius_max': 0, 'trim_min': 0, 'trim_max': 0, 'evaluations': 9, 'safe_feasible': 0, 'states': 0, 'selected_radius': 0, 'selected_trim': 0, 'selected_score': 0}, {'index': 24, 'radius_min': 0, 'radius_max': 0, 'trim_min': 0, 'trim_max': 0, 'evaluations': 9, 'safe_feasible': 0, 'states': 0, 'selected_radius': 0, 'selected_trim': 0, 'selected_score': 0}, {'index': 25, 'radius_min': 0, 'radius_max': 0, 'trim_min': 0, 'trim_max': 0, 'evaluations': 9, 'safe_feasible': 0, 'states': 0, 'selected_radius': 0, 'selected_trim': 0, 'selected_score': 0}, {'index': 26, 'radius_min': 0, 'radius_max': 0, 'trim_min': 0, 'trim_max': 0, 'evaluations': 9, 'safe_feasible': 0, 'states': 0, 'selected_radius': 0, 'selected_trim': 0, 'selected_score': 0}, {'index': 27, 'radius_min': 0, 'radius_max': 0, 'trim_min': 0, 'trim_max': 0, 'evaluations': 9, 'safe_feasible': 0, 'states': 0, 'selected_radius': 0, 'selected_trim': 0, 'selected_score': 0}, {'index': 28, 'radius_min': 0, 'radius_max': 0, 'trim_min': 0, 'trim_max': 0, 'evaluations': 9, 'safe_feasible': 0, 'states': 0, 'selected_radius': 0, 'selected_trim': 0, 'selected_score': 0}, {'index': 29, 'radius_min': 0, 'radius_max': 0, 'trim_min': 0, 'trim_max': 0, 'evaluations': 9, 'safe_feasible': 0, 'states': 0, 'selected_radius': 0, 'selected_trim': 0, 'selected_score': 0}, {'index': 30, 'radius_min': 0, 'radius_max': 0, 'trim_min': 0, 'trim_max': 0, 'evaluations': 9, 'safe_feasible': 0, 'states': 0, 'selected_radius': 0, 'selected_trim': 0, 'selected_score': 0}, {'index': 31, 'radius_min': 0, 'radius_max': 0, 'trim_min': 0, 'trim_max': 0, 'evaluations': 9, 'safe_feasible': 0, 'states': 0, 'selected_radius': 0, 'selected_trim': 0, 'selected_score': 0}, {'index': 32, 'radius_min': 0, 'radius_max': 0, 'trim_min': 0, 'trim_max': 0, 'evaluations': 9, 'safe_feasible': 0, 'states': 0, 'selected_radius': 0, 'selected_trim': 0, 'selected_score': 0}, {'index': 33, 'radius_min': 0, 'radius_max': 0, 'trim_min': 0, 'trim_max': 0, 'evaluations': 9, 'safe_feasible': 0, 'states': 0, 'selected_radius': 0, 'selected_trim': 0, 'selected_score': 0}, {'index': 34, 'radius_min': 0, 'radius_max': 0, 'trim_min': 0, 'trim_max': 0, 'evaluations': 9, 'safe_feasible': 0, 'states': 0, 'selected_radius': 0, 'selected_trim': 0, 'selected_score': 0}, {'index': 35, 'radius_min': 0, 'radius_max': 0, 'trim_min': 0, 'trim_max': 0, 'evaluations': 9, 'safe_feasible': 0, 'states': 0, 'selected_radius': 0, 'selected_trim': 0, 'selected_score': 0}]",36,0,324,none,4,32,0.9803687778734089,200,0.99902,211,32,"{'angular acceleration iteration did not converge': 2, 'transition would overlap an adjacent corner window': 311}",0.00114711,fixed,0.05,14.624458911141248,11,NavFnAStar,f331278ef43395ecaca1280fe38872eca72707a9417dfaa7b4a19cb5a26da4e0,100,f331278ef43395ecaca1280fe38872eca72707a9417dfaa7b4a19cb5a26da4e0,0,1,right_rack_detour,True,0.7254917291952344,3.2578368038581123,4.933009856146992,33,0.007026223000138998
,,,,"smoothing failed: status=6, code=504, message=''",,,,,,,,,,,,,,,,,,,pivot_g2,,,,,,,,,,,,,,,,,,,,,,,,,NavFnAStar,f331278ef43395ecaca1280fe38872eca72707a9417dfaa7b4a19cb5a26da4e0,,f331278ef43395ecaca1280fe38872eca72707a9417dfaa7b4a19cb5a26da4e0,0,1,right_rack_detour,False,,,,,
0.003,5.491401303557697,0.0186117063050145,0.0042922432239772415,,0.32301133695904144,0.23390290478282266,0.25619225950049973,0,183,0.725492,32,253,True,56.016,251,True,simple_default,simple,5.4914,173,True,5.439491190921189,adaptive_hybrid_fixed,0.05,178,549c18a11b4512e18df9f853a4ef7d0ed70655f10e2a6e728ff597427b62fa8b,4.854328330903376,,,,,,,,,0,0.0,,,,,,,,,0,,NavFnAStar,f331278ef43395ecaca1280fe38872eca72707a9417dfaa7b4a19cb5a26da4e0,99,f331278ef43395ecaca1280fe38872eca72707a9417dfaa7b4a19cb5a26da4e0,0,1,right_rack_detour,True,5.491401303557697,5.439491190921189,4.854328330903376,1,0.006150213000182703
0.006,5.491401303557697,0.0186117063050145,0.0042922432239772415,,0.32301133695904144,0.23390290478282266,0.25619225950049973,0,183,,0,,False,56.016,251,True,pivot_unsafe,simple,5.4914,173,True,5.439491190921189,adaptive_hybrid,0.05,178,549c18a11b4512e18df9f853a4ef7d0ed70655f10e2a6e728ff597427b62fa8b,4.854328330903376,,,,,,,,,0,0.0,,,,,,,,,0,,NavFnAStar,f331278ef43395ecaca1280fe38872eca72707a9417dfaa7b4a19cb5a26da4e0,99,f331278ef43395ecaca1280fe38872eca72707a9417dfaa7b4a19cb5a26da4e0,0,1,right_rack_detour,True,5.491401303557697,5.439491190921189,4.854328330903376,1,0.012652529999741091
0.0,187.9930895762142,4.440892098500626e-16,4.549597709532035e-17,,0.4195760177342491,0.11464466264901119,0.2146446641391273,0,560,,,,,,,,,,,,,26.757635456353658,raw,0.05,506,ab19cbe7e87b9902fe6687156dac71a8f7467abc5ad5c7030b744466cbf14ab7,13.78972620938836,,,,,,,,,0,0.0,,,,,,,,,0,,NavFnAStar,ab19cbe7e87b9902fe6687156dac71a8f7467abc5ad5c7030b744466cbf14ab7,279,ab19cbe7e87b9902fe6687156dac71a8f7467abc5ad5c7030b744466cbf14ab7,0,1,long_southwest_to_northeast,True,187.9930895762142,26.757635456353658,13.78972620938836,1,0.014336952000121528
0.0,34.53297427789828,0.026260377429877302,0.004424994464914378,,0.39878170681533665,0.11464466264901119,0.17964538882206538,0,586,,,,,,,,,,,,,11.078901839792483,simple,0.05,506,1df1baab3724a0aabda280cdda61bc3147cbbb5859f2dfb38ac9707876c31965,13.673109637620023,,,,,,,,,0,0.0,,,,,,,,,0,,NavFnAStar,ab19cbe7e87b9902fe6687156dac71a8f7467abc5ad5c7030b744466cbf14ab7,275,ab19cbe7e87b9902fe6687156dac71a8f7467abc5ad5c7030b744466cbf14ab7,0,1,long_southwest_to_northeast,True,34.53297427789828,11.078901839792483,13.673109637620023,1,0.012404611999954795
0.0,112.79914351860997,0.016995404203328235,0.001626934761234631,,0.3790888721878914,0.11464466264901119,0.16464466339406925,0,684,,,,,,,,,,,,,25.764838024305742,savitzky_golay,0.05,506,694db2d9a577de1b89003e78cc47a30e7824b0f43c4481d2e75ab432c4ea9af7,13.75147763975927,,,,,,,,,0,0.0,,,,,,,,,0,,NavFnAStar,ab19cbe7e87b9902fe6687156dac71a8f7467abc5ad5c7030b744466cbf14ab7,277,ab19cbe7e87b9902fe6687156dac71a8f7467abc5ad5c7030b744466cbf14ab7,0,1,long_southwest_to_northeast,True,112.79914351860997,25.764838024305742,13.75147763975927,1,0.010095088000070973
0.030000000000000002,125.60089365493104,0.020279993460446732,0.007716415862072204,,0.385627946495039,0.11464466264901119,0.1842352942480662,0,674,,,,,,,,,,,,,19.113638337701747,constrained,0.05,506,95d6f71c01fe7413bb4ce27ca7c74717c39e4726d88b8112ffd35f46f9f30677,13.785180259045529,,,,,,,,,0,0.0,,,,,,,,,0,,NavFnAStar,ab19cbe7e87b9902fe6687156dac71a8f7467abc5ad5c7030b744466cbf14ab7,278,ab19cbe7e87b9902fe6687156dac71a8f7467abc5ad5c7030b744466cbf14ab7,0,1,long_southwest_to_northeast,True,125.60089365493104,19.113638337701747,13.785180259045529,1,0.03807834300005197
0.003,178.82790659225927,0.019357217686612145,0.005595579738471597,,0.32942050822180313,0.11464466264901119,0.16464466339406925,0,1009,,,,,,,,,,,,,25.567595618659592,pivot_g2_fixed,0.05,649,cae73a6ba4e152ca7590b5a856bea5f0a1537d271360e91510a0736e51da6f13,13.77976146813282,0,25,"[{'index': 0, 'radius_min': 0, 'radius_max': 0, 'trim_min': 0, 'trim_max': 0, 'evaluations': 9, 'safe_feasible': 7, 'states': 0, 'selected_radius': 1.25, 'selected_trim': 0.135556, 'selected_score': 1}, {'index': 1, 'radius_min': 0, 'radius_max': 0, 'trim_min': 0, 'trim_max': 0, 'evaluations': 9, 'safe_feasible': 0, 'states': 0, 'selected_radius': 0, 'selected_trim': 0, 'selected_score': 0}, {'index': 2, 'radius_min': 0, 'radius_max': 0, 'trim_min': 0, 'trim_max': 0, 'evaluations': 9, 'safe_feasible': 0, 'states': 0, 'selected_radius': 0, 'selected_trim': 0, 'selected_score': 0}, {'index': 3, 'radius_min': 0, 'radius_max': 0, 'trim_min': 0, 'trim_max': 0, 'evaluations': 9, 'safe_feasible': 0, 'states': 0, 'selected_radius': 0, 'selected_trim': 0, 'selected_score': 0}, {'index': 4, 'radius_min': 0, 'radius_max': 0, 'trim_min': 0, 'trim_max': 0, 'evaluations': 9, 'safe_feasible': 0, 'states': 0, 'selected_radius': 0, 'selected_trim': 0, 'selected_score': 0}, {'index': 5, 'radius_min': 0, 'radius_max': 0, 'trim_min': 0, 'trim_max': 0, 'evaluations': 9, 'safe_feasible': 0, 'states': 0, 'selected_radius': 0, 'selected_trim': 0, 'selected_score': 0}, {'index': 6, 'radius_min': 0, 'radius_max': 0, 'trim_min': 0, 'trim_max': 0, 'evaluations': 9, 'safe_feasible': 0, 'states': 0, 'selected_radius': 0, 'selected_trim': 0, 'selected_score': 0}, {'index': 7, 'radius_min': 0, 'radius_max': 0, 'trim_min': 0, 'trim_max': 0, 'evaluations': 9, 'safe_feasible': 0, 'states': 0, 'selected_radius': 0, 'selected_trim': 0, 'selected_score': 0}, {'index': 8, 'radius_min': 0, 'radius_max': 0, 'trim_min': 0, 'trim_max': 0, 'evaluations': 9, 'safe_feasible': 0, 'states': 0, 'selected_radius': 0, 'selected_trim': 0, 'selected_score': 0}, {'index': 9, 'radius_min': 0, 'radius_max': 0, 'trim_min': 0, 'trim_max': 0, 'evaluations': 9, 'safe_feasible': 0, 'states': 0, 'selected_radius': 0, 'selected_trim': 0, 'selected_score': 0}, {'index': 10, 'radius_min': 0, 'radius_max': 0, 'trim_min': 0, 'trim_max': 0, 'evaluations': 9, 'safe_feasible': 0, 'states': 0, 'selected_radius': 0, 'selected_trim': 0, 'selected_score': 0}, {'index': 11, 'radius_min': 0, 'radius_max': 0, 'trim_min': 0, 'trim_max': 0, 'evaluations': 9, 'safe_feasible': 0, 'states': 0, 'selected_radius': 0, 'selected_trim': 0, 'selected_score': 0}, {'index': 12, 'radius_min': 0, 'radius_max': 0, 'trim_min': 0, 'trim_max': 0, 'evaluations': 9, 'safe_feasible': 1, 'states': 0, 'selected_radius': 0.2, 'selected_trim': 0.0170782, 'selected_score': 1}, {'index': 13, 'radius_min': 0, 'radius_max': 0, 'trim_min': 0, 'trim_max': 0, 'evaluations': 9, 'safe_feasible': 1, 'states': 0, 'selected_radius': 0.2, 'selected_trim': 0.0243939, 'selected_score': 1}, {'index': 14, 'radius_min': 0, 'radius_max': 0, 'trim_min': 0, 'trim_max': 0, 'evaluations': 9, 'safe_feasible': 4, 'states': 0, 'selected_radius': 0.75, 'selected_trim': 0.0499726, 'selected_score': 0.940297}, {'index': 15, 'radius_min': 0, 'radius_max': 0, 'trim_min': 0, 'trim_max': 0, 'evaluations': 9, 'safe_feasible': 0, 'states': 0, 'selected_radius': 0, 'selected_trim': 0, 'selected_score': 0}, {'index': 16, 'radius_min': 0, 'radius_max': 0, 'trim_min': 0, 'trim_max': 0, 'evaluations': 9, 'safe_feasible': 0, 'states': 0, 'selected_radius': 0, 'selected_trim': 0, 'selected_score': 0}, {'index': 17, 'radius_min': 0, 'radius_max': 0, 'trim_min': 0, 'trim_max': 0, 'evaluations': 9, 'safe_feasible': 1, 'states': 0, 'selected_radius': 0.2, 'selected_trim': 0.00980986, 'selected_score': 1}, {'index': 18, 'radius_min': 0, 'radius_max': 0, 'trim_min': 0, 'trim_max': 0, 'evaluations': 9, 'safe_feasible': 1, 'states': 0, 'selected_radius': 0.2, 'selected_trim': 0.00919417, 'selected_score': 1}, {'index': 19, 'radius_min': 0, 'radius_max': 0, 'trim_min': 0, 'trim_max': 0, 'evaluations': 9, 'safe_feasible': 0, 'states': 0, 'selected_radius': 0, 'selected_trim': 0, 'selected_score': 0}, {'index': 20, 'radius_min': 0, 'radius_max': 0, 'trim_min': 0, 'trim_max': 0, 'evaluations': 9, 'safe_feasible': 0, 'states': 0, 'selected_radius': 0, 'selected_trim': 0, 'selected_score': 0}, {'index': 21, 'radius_min': 0, 'radius_max': 0, 'trim_min': 0, 'trim_max': 0, 'evaluations': 9, 'safe_feasible': 0, 'states': 0, 'selected_radius': 0, 'selected_trim': 0, 'selected_score': 0}, {'index': 22, 'radius_min': 0, 'radius_max': 0, 'trim_min': 0, 'trim_max': 0, 'evaluations': 9, 'safe_feasible': 0, 'states': 0, 'selected_radius': 0, 'selected_trim': 0, 'selected_score': 0}, {'index': 23, 'radius_min': 0, 'radius_max': 0, 'trim_min': 0, 'trim_max': 0, 'evaluations': 9, 'safe_feasible': 0, 'states': 0, 'selected_radius': 0, 'selected_trim': 0, 'selected_score': 0}, {'index': 24, 'radius_min': 0, 'radius_max': 0, 'trim_min': 0, 'trim_max': 0, 'evaluations': 9, 'safe_feasible': 0, 'states': 0, 'selected_radius': 0, 'selected_trim': 0, 'selected_score': 0}, {'index': 25, 'radius_min': 0, 'radius_max': 0, 'trim_min': 0, 'trim_max': 0, 'evaluations': 9, 'safe_feasible': 0, 'states': 0, 'selected_radius': 0, 'selected_trim': 0, 'selected_score': 0}, {'index': 26, 'radius_min': 0, 'radius_max': 0, 'trim_min': 0, 'trim_max': 0, 'evaluations': 9, 'safe_feasible': 0, 'states': 0, 'selected_radius': 0, 'selected_trim': 0, 'selected_score': 0}, {'index': 27, 'radius_min': 0, 'radius_max': 0, 'trim_min': 0, 'trim_max': 0, 'evaluations': 9, 'safe_feasible': 0, 'states': 0, 'selected_radius': 0, 'selected_trim': 0, 'selected_score': 0}, {'index': 28, 'radius_min': 0, 'radius_max': 0, 'trim_min': 0, 'trim_max': 0, 'evaluations': 9, 'safe_feasible': 0, 'states': 0, 'selected_radius': 0, 'selected_trim': 0, 'selected_score': 0}, {'index': 29, 'radius_min': 0, 'radius_max': 0, 'trim_min': 0, 'trim_max': 0, 'evaluations': 9, 'safe_feasible': 0, 'states': 0, 'selected_radius': 0, 'selected_trim': 0, 'selected_score': 0}, {'index': 30, 'radius_min': 0, 'radius_max': 0, 'trim_min': 0, 'trim_max': 0, 'evaluations': 9, 'safe_feasible': 0, 'states': 0, 'selected_radius': 0, 'selected_trim': 0, 'selected_score': 0}, {'index': 31, 'radius_min': 0, 'radius_max': 0, 'trim_min': 0, 'trim_max': 0, 'evaluations': 9, 'safe_feasible': 0, 'states': 0, 'selected_radius': 0, 'selected_trim': 0, 'selected_score': 0}, {'index': 32, 'radius_min': 0, 'radius_max': 0, 'trim_min': 0, 'trim_max': 0, 'evaluations': 9, 'safe_feasible': 0, 'states': 0, 'selected_radius': 0, 'selected_trim': 0, 'selected_score': 0}, {'index': 33, 'radius_min': 0, 'radius_max': 0, 'trim_min': 0, 'trim_max': 0, 'evaluations': 9, 'safe_feasible': 0, 'states': 0, 'selected_radius': 0, 'selected_trim': 0, 'selected_score': 0}, {'index': 34, 'radius_min': 0, 'radius_max': 0, 'trim_min': 0, 'trim_max': 0, 'evaluations': 9, 'safe_feasible': 0, 'states': 0, 'selected_radius': 0, 'selected_trim': 0, 'selected_score': 0}, {'index': 35, 'radius_min': 0, 'radius_max': 0, 'trim_min': 0, 'trim_max': 0, 'evaluations': 9, 'safe_feasible': 0, 'states': 0, 'selected_radius': 0, 'selected_trim': 0, 'selected_score': 0}, {'index': 36, 'radius_min': 0, 'radius_max': 0, 'trim_min': 0, 'trim_max': 0, 'evaluations': 9, 'safe_feasible': 0, 'states': 0, 'selected_radius': 0, 'selected_trim': 0, 'selected_score': 0}, {'index': 37, 'radius_min': 0, 'radius_max': 0, 'trim_min': 0, 'trim_max': 0, 'evaluations': 9, 'safe_feasible': 0, 'states': 0, 'selected_radius': 0, 'selected_trim': 0, 'selected_score': 0}, {'index': 38, 'radius_min': 0, 'radius_max': 0, 'trim_min': 0, 'trim_max': 0, 'evaluations': 9, 'safe_feasible': 2, 'states': 0, 'selected_radius': 0.5, 'selected_trim': 0.0221168, 'selected_score': 0.9}, {'index': 39, 'radius_min': 0, 'radius_max': 0, 'trim_min': 0, 'trim_max': 0, 'evaluations': 9, 'safe_feasible': 0, 'states': 0, 'selected_radius': 0, 'selected_trim': 0, 'selected_score': 0}, {'index': 40, 'radius_min': 0, 'radius_max': 0, 'trim_min': 0, 'trim_max': 0, 'evaluations': 9, 'safe_feasible': 0, 'states': 0, 'selected_radius': 0, 'selected_trim': 0, 'selected_score': 0}, {'index': 41, 'radius_min': 0, 'radius_max': 0, 'trim_min': 0, 'trim_max': 0, 'evaluations': 9, 'safe_feasible': 0, 'states': 0, 'selected_radius': 0, 'selected_trim': 0, 'selected_score': 0}, {'index': 42, 'radius_min': 0, 'radius_max': 0, 'trim_min': 0, 'trim_max': 0, 'evaluations': 9, 'safe_feasible': 0, 'states': 0, 'selected_radius': 0, 'selected_trim': 0, 'selected_score': 0}, {'index': 43, 'radius_min': 0, 'radius_max': 0, 'trim_min': 0, 'trim_max': 0, 'evaluations': 9, 'safe_feasible': 0, 'states': 0, 'selected_radius': 0, 'selected_trim': 0, 'selected_score': 0}, {'index': 44, 'radius_min': 0, 'radius_max': 0, 'trim_min': 0, 'trim_max': 0, 'evaluations': 9, 'safe_feasible': 1, 'states': 0, 'selected_radius': 0.2, 'selected_trim': 0.0100447, 'selected_score': 1}, {'index': 45, 'radius_min': 0, 'radius_max': 0, 'trim_min': 0, 'trim_max': 0, 'evaluations': 9, 'safe_feasible': 1, 'states': 0, 'selected_radius': 0.2, 'selected_trim': 0.00941978, 'selected_score': 1}, {'index': 46, 'radius_min': 0, 'radius_max': 0, 'trim_min': 0, 'trim_max': 0, 'evaluations': 9, 'safe_feasible': 0, 'states': 0, 'selected_radius': 0, 'selected_trim': 0, 'selected_score': 0}, {'index': 47, 'radius_min': 0, 'radius_max': 0, 'trim_min': 0, 'trim_max': 0, 'evaluations': 9, 'safe_feasible': 0, 'states': 0, 'selected_radius': 0, 'selected_trim': 0, 'selected_score': 0}, {'index': 48, 'radius_min': 0, 'radius_max': 0, 'trim_min': 0, 'trim_max': 0, 'evaluations': 9, 'safe_feasible': 0, 'states': 0, 'selected_radius': 0, 'selected_trim': 0, 'selected_score': 0}, {'index': 49, 'radius_min': 0, 'radius_max': 0, 'trim_min': 0, 'trim_max': 0, 'evaluations': 9, 'safe_feasible': 0, 'states': 0, 'selected_radius': 0, 'selected_trim': 0, 'selected_score': 0}, {'index': 50, 'radius_min': 0, 'radius_max': 0, 'trim_min': 0, 'trim_max': 0, 'evaluations': 9, 'safe_feasible': 1, 'states': 0, 'selected_radius': 0.2, 'selected_trim': 0.0105168, 'selected_score': 1}, {'index': 51, 'radius_min': 0, 'radius_max': 0, 'trim_min': 0, 'trim_max': 0, 'evaluations': 9, 'safe_feasible': 1, 'states': 0, 'selected_radius': 0.2, 'selected_trim': 0.0113707, 'selected_score': 1}, {'index': 52, 'radius_min': 0, 'radius_max': 0, 'trim_min': 0, 'trim_max': 0, 'evaluations': 9, 'safe_feasible': 1, 'states': 0, 'selected_radius': 0.2, 'selected_trim': 0.013161, 'selected_score': 1}, {'index': 53, 'radius_min': 0, 'radius_max': 0, 'trim_min': 0, 'trim_max': 0, 'evaluations': 9, 'safe_feasible': 1, 'states': 0, 'selected_radius': 0.2, 'selected_trim': 0.0142092, 'selected_score': 1}, {'index': 54, 'radius_min': 0, 'radius_max': 0, 'trim_min': 0, 'trim_max': 0, 'evaluations': 9, 'safe_feasible': 1, 'states': 0, 'selected_radius': 0.2, 'selected_trim': 0.0183155, 'selected_score': 1}, {'index': 55, 'radius_min': 0, 'radius_max': 0, 'trim_min': 0, 'trim_max': 0, 'evaluations': 9, 'safe_feasible': 1, 'states': 0, 'selected_radius': 0.2, 'selected_trim': 0.0109895, 'selected_score': 1}, {'index': 56, 'radius_min': 0, 'radius_max': 0, 'trim_min': 0, 'trim_max': 0, 'evaluations': 9, 'safe_feasible': 0, 'states': 0, 'selected_radius': 0, 'selected_trim': 0, 'selected_score': 0}, {'index': 57, 'radius_min': 0, 'radius_max': 0, 'trim_min': 0, 'trim_max': 0, 'evaluations': 9, 'safe_feasible': 0, 'states': 0, 'selected_radius': 0, 'selected_trim': 0, 'selected_score': 0}, {'index': 58, 'radius_min': 0, 'radius_max': 0, 'trim_min': 0, 'trim_max': 0, 'evaluations': 9, 'safe_feasible': 0, 'states': 0, 'selected_radius': 0, 'selected_trim': 0, 'selected_score': 0}, {'index': 59, 'radius_min': 0, 'radius_max': 0, 'trim_min': 0, 'trim_max': 0, 'evaluations': 9, 'safe_feasible': 0, 'states': 0, 'selected_radius': 0, 'selected_trim': 0, 'selected_score': 0}, {'index': 60, 'radius_min': 0, 'radius_max': 0, 'trim_min': 0, 'trim_max': 0, 'evaluations': 9, 'safe_feasible': 0, 'states': 0, 'selected_radius': 0, 'selected_trim': 0, 'selected_score': 0}, {'index': 61, 'radius_min': 0, 'radius_max': 0, 'trim_min': 0, 'trim_max': 0, 'evaluations': 9, 'safe_feasible': 0, 'states': 0, 'selected_radius': 0, 'selected_trim': 0, 'selected_score': 0}, {'index': 62, 'radius_min': 0, 'radius_max': 0, 'trim_min': 0, 'trim_max': 0, 'evaluations': 9, 'safe_feasible': 0, 'states': 0, 'selected_radius': 0, 'selected_trim': 0, 'selected_score': 0}, {'index': 63, 'radius_min': 0, 'radius_max': 0, 'trim_min': 0, 'trim_max': 0, 'evaluations': 9, 'safe_feasible': 0, 'states': 0, 'selected_radius': 0, 'selected_trim': 0, 'selected_score': 0}, {'index': 64, 'radius_min': 0, 'radius_max': 0, 'trim_min': 0, 'trim_max': 0, 'evaluations': 9, 'safe_feasible': 0, 'states': 0, 'selected_radius': 0, 'selected_trim': 0, 'selected_score': 0}, {'index': 65, 'radius_min': 0, 'radius_max': 0, 'trim_min': 0, 'trim_max': 0, 'evaluations': 9, 'safe_feasible': 0, 'states': 0, 'selected_radius': 0, 'selected_trim': 0, 'selected_score': 0}, {'index': 66, 'radius_min': 0, 'radius_max': 0, 'trim_min': 0, 'trim_max': 0, 'evaluations': 9, 'safe_feasible': 0, 'states': 0, 'selected_radius': 0, 'selected_trim': 0, 'selected_score': 0}, {'index': 67, 'radius_min': 0, 'radius_max': 0, 'trim_min': 0, 'trim_max': 0, 'evaluations': 9, 'safe_feasible': 0, 'states': 0, 'selected_radius': 0, 'selected_trim': 0, 'selected_score': 0}, {'index': 68, 'radius_min': 0, 'radius_max': 0, 'trim_min': 0, 'trim_max': 0, 'evaluations': 9, 'safe_feasible': 0, 'states': 0, 'selected_radius': 0, 'selected_trim': 0, 'selected_score': 0}, {'index': 69, 'radius_min': 0, 'radius_max': 0, 'trim_min': 0, 'trim_max': 0, 'evaluations': 9, 'safe_feasible': 0, 'states': 0, 'selected_radius': 0, 'selected_trim': 0, 'selected_score': 0}, {'index': 70, 'radius_min': 0, 'radius_max': 0, 'trim_min': 0, 'trim_max': 0, 'evaluations': 9, 'safe_feasible': 0, 'states': 0, 'selected_radius': 0, 'selected_trim': 0, 'selected_score': 0}, {'index': 71, 'radius_min': 0, 'radius_max': 0, 'trim_min': 0, 'trim_max': 0, 'evaluations': 9, 'safe_feasible': 0, 'states': 0, 'selected_radius': 0, 'selected_trim': 0, 'selected_score': 0}, {'index': 72, 'radius_min': 0, 'radius_max': 0, 'trim_min': 0, 'trim_max': 0, 'evaluations': 9, 'safe_feasible': 0, 'states': 0, 'selected_radius': 0, 'selected_trim': 0, 'selected_score': 0}, {'index': 73, 'radius_min': 0, 'radius_max': 0, 'trim_min': 0, 'trim_max': 0, 'evaluations': 9, 'safe_feasible': 0, 'states': 0, 'selected_radius': 0, 'selected_trim': 0, 'selected_score': 0}, {'index': 74, 'radius_min': 0, 'radius_max': 0, 'trim_min': 0, 'trim_max': 0, 'evaluations': 9, 'safe_feasible': 0, 'states': 0, 'selected_radius': 0, 'selected_trim': 0, 'selected_score': 0}, {'index': 75, 'radius_min': 0, 'radius_max': 0, 'trim_min': 0, 'trim_max': 0, 'evaluations': 9, 'safe_feasible': 0, 'states': 0, 'selected_radius': 0, 'selected_trim': 0, 'selected_score': 0}, {'index': 76, 'radius_min': 0, 'radius_max': 0, 'trim_min': 0, 'trim_max': 0, 'evaluations': 9, 'safe_feasible': 1, 'states': 0, 'selected_radius': 0.2, 'selected_trim': 0.0094424, 'selected_score': 1}, {'index': 77, 'radius_min': 0, 'radius_max': 0, 'trim_min': 0, 'trim_max': 0, 'evaluations': 9, 'safe_feasible': 0, 'states': 0, 'selected_radius': 0, 'selected_trim': 0, 'selected_score': 0}, {'index': 78, 'radius_min': 0, 'radius_max': 0, 'trim_min': 0, 'trim_max': 0, 'evaluations': 9, 'safe_feasible': 0, 'states': 0, 'selected_radius': 0, 'selected_trim': 0, 'selected_score': 0}, {'index': 79, 'radius_min': 0, 'radius_max': 0, 'trim_min': 0, 'trim_max': 0, 'evaluations': 9, 'safe_feasible': 0, 'states': 0, 'selected_radius': 0, 'selected_trim': 0, 'selected_score': 0}, {'index': 80, 'radius_min': 0, 'radius_max': 0, 'trim_min': 0, 'trim_max': 0, 'evaluations': 9, 'safe_feasible': 1, 'states': 0, 'selected_radius': 0.2, 'selected_trim': 0.0102934, 'selected_score': 1}, {'index': 81, 'radius_min': 0, 'radius_max': 0, 'trim_min': 0, 'trim_max': 0, 'evaluations': 9, 'safe_feasible': 0, 'states': 0, 'selected_radius': 0, 'selected_trim': 0, 'selected_score': 0}, {'index': 82, 'radius_min': 0, 'radius_max': 0, 'trim_min': 0, 'trim_max': 0, 'evaluations': 9, 'safe_feasible': 0, 'states': 0, 'selected_radius': 0, 'selected_trim': 0, 'selected_score': 0}, {'index': 83, 'radius_min': 0, 'radius_max': 0, 'trim_min': 0, 'trim_max': 0, 'evaluations': 9, 'safe_feasible': 0, 'states': 0, 'selected_radius': 0, 'selected_trim': 0, 'selected_score': 0}, {'index': 84, 'radius_min': 0, 'radius_max': 0, 'trim_min': 0, 'trim_max': 0, 'evaluations': 9, 'safe_feasible': 0, 'states': 0, 'selected_radius': 0, 'selected_trim': 0, 'selected_score': 0}, {'index': 85, 'radius_min': 0, 'radius_max': 0, 'trim_min': 0, 'trim_max': 0, 'evaluations': 9, 'safe_feasible': 0, 'states': 0, 'selected_radius': 0, 'selected_trim': 0, 'selected_score': 0}, {'index': 86, 'radius_min': 0, 'radius_max': 0, 'trim_min': 0, 'trim_max': 0, 'evaluations': 9, 'safe_feasible': 0, 'states': 0, 'selected_radius': 0, 'selected_trim': 0, 'selected_score': 0}, {'index': 87, 'radius_min': 0, 'radius_max': 0, 'trim_min': 0, 'trim_max': 0, 'evaluations': 9, 'safe_feasible': 0, 'states': 0, 'selected_radius': 0, 'selected_trim': 0, 'selected_score': 0}, {'index': 88, 'radius_min': 0, 'radius_max': 0, 'trim_min': 0, 'trim_max': 0, 'evaluations': 9, 'safe_feasible': 0, 'states': 0, 'selected_radius': 0, 'selected_trim': 0, 'selected_score': 0}]",89,0,801,none,17,72,1.6284154467331715,200,0.990606,649,72,"{'angular acceleration iteration did not converge': 10, 'transition would overlap an adjacent corner window': 764}",0.00367942,fixed,0.05,32.72654218976367,27,NavFnAStar,ab19cbe7e87b9902fe6687156dac71a8f7467abc5ad5c7030b744466cbf14ab7,279,ab19cbe7e87b9902fe6687156dac71a8f7467abc5ad5c7030b744466cbf14ab7,0,1,long_southwest_to_northeast,True,3.5192236242547383,3.5279893064441423,13.88452727204875,73,0.017101631999594247
,,,,"smoothing failed: status=6, code=504, message=''",,,,,,,,,,,,,,,,,,,pivot_g2,,,,,,,,,,,,,,,,,,,,,,,,,NavFnAStar,ab19cbe7e87b9902fe6687156dac71a8f7467abc5ad5c7030b744466cbf14ab7,,ab19cbe7e87b9902fe6687156dac71a8f7467abc5ad5c7030b744466cbf14ab7,0,1,long_southwest_to_northeast,False,,,,,
0.006,34.53297427789828,0.026260377429877302,0.004424994464914378,,0.39878170681533665,0.11464466264901119,0.17964538882206538,0,586,3.51922,72,253,True,187.993,253,True,simple_default,simple,34.533,253,True,11.078901839792483,adaptive_hybrid_fixed,0.05,506,1df1baab3724a0aabda280cdda61bc3147cbbb5859f2dfb38ac9707876c31965,13.673109637620023,,,,,,,,,0,0.0,,,,,,,,,0,,NavFnAStar,ab19cbe7e87b9902fe6687156dac71a8f7467abc5ad5c7030b744466cbf14ab7,275,ab19cbe7e87b9902fe6687156dac71a8f7467abc5ad5c7030b744466cbf14ab7,0,1,long_southwest_to_northeast,True,34.53297427789828,11.078901839792483,13.673109637620023,1,0.015520889000072202
0.018000000000000002,34.53297427789828,0.026260377429877302,0.004424994464914378,,0.39878170681533665,0.11464466264901119,0.17964538882206538,0,586,,0,,False,187.993,253,True,pivot_unsafe,simple,34.533,253,True,11.078901839792483,adaptive_hybrid,0.05,506,1df1baab3724a0aabda280cdda61bc3147cbbb5859f2dfb38ac9707876c31965,13.673109637620023,,,,,,,,,0,0.0,,,,,,,,,0,,NavFnAStar,ab19cbe7e87b9902fe6687156dac71a8f7467abc5ad5c7030b744466cbf14ab7,275,ab19cbe7e87b9902fe6687156dac71a8f7467abc5ad5c7030b744466cbf14ab7,0,1,long_southwest_to_northeast,True,34.53297427789828,11.078901839792483,13.673109637620023,1,0.029930635999789956
0.0,114.07799230932281,8.881784197001252e-16,7.708158140919718e-17,,0.4430888234586087,0.16464466339406925,0.21959563989254183,0,577,,,,,,,,,,,,,22.591838124856753,raw,0.05,540,9ab5a12616d2fcfe13be7a0fecac429b73c24365334ad2b02febe3564f8b6f08,13.80360216769975,,,,,,,,,0,0.0,,,,,,,,,0,,NavFnAStar,9ab5a12616d2fcfe13be7a0fecac429b73c24365334ad2b02febe3564f8b6f08,278,9ab5a12616d2fcfe13be7a0fecac429b73c24365334ad2b02febe3564f8b6f08,0,1,long_northeast_to_southwest,True,114.07799230932281,22.591838124856753,13.80360216769975,1,0.008961154000189708
0.0,10.194391959485596,0.023299547750957137,0.004034823867096978,,0.42606444271849353,0.11464466264901119,0.2808724311428359,0,550,,,,,,,,,,,,,4.631502616760801,simple,0.05,540,c1c04dc57b73064775fbe1d86e336cc4afe25c0911e5173959fde1156a5dd5c2,13.710610734921937,,,,,,,,,0,0.0,,,,,,,,,0,,NavFnAStar,9ab5a12616d2fcfe13be7a0fecac429b73c24365334ad2b02febe3564f8b6f08,276,9ab5a12616d2fcfe13be7a0fecac429b73c24365334ad2b02febe3564f8b6f08,0,1,long_northeast_to_southwest,True,10.194391959485596,4.631502616760801,13.710610734921937,1,0.012664523999774246
0.0,28.72118835875235,0.015350859228751589,0.0018512917965033868,,0.42293845545576375,0.11464466264901119,0.26878279146075923,0,582,,,,,,,,,,,,,8.142421622373348,savitzky_golay,0.05,540,b8525712860e93d178f2bee850aaee46558e1eabd1c41e0be07f8efd8707d5fe,13.75770636761325,,,,,,,,,0,0.0,,,,,,,,,0,,NavFnAStar,9ab5a12616d2fcfe13be7a0fecac429b73c24365334ad2b02febe3564f8b6f08,277,9ab5a12616d2fcfe13be7a0fecac429b73c24365334ad2b02febe3564f8b6f08,0,1,long_northeast_to_southwest,True,28.72118835875235,8.142421622373348,13.75770636761325,1,0.010440365999784262
0.030000000000000002,59.0503868779406,0.01730176934455967,0.002086209952707377,,0.41823258831455384,0.16464466339406925,0.26464466488418537,0,603,,,,,,,,,,,,,16.062169085479912,constrained,0.05,540,29ef1d90e9b834fd891c0954b9a2350429393ba85790b9a20deeb7980dc03db3,13.788475588967437,,,,,,,,,0,0.0,,,,,,,,,0,,NavFnAStar,9ab5a12616d2fcfe13be7a0fecac429b73c24365334ad2b02febe3564f8b6f08,278,9ab5a12616d2fcfe13be7a0fecac429b73c24365334ad2b02febe3564f8b6f08,0,1,long_northeast_to_southwest,True,59.0503868779406,16.062169085479912,13.788475588967437,1,0.04102545600017038
0.006,121.32075576962667,0.0348802219882082,0.012008202002810631,,0.37982040070124046,0.11464466264901119,0.2146446641391273,0,844,,,,,,,,,,,,,24.965821850843017,pivot_g2_fixed,0.05,718,30ffdc97f4c6637a48f1ac3971828266e941963633508f7e0010265a34e7cf81,13.79939020681063,0,69,"[{'index': 0, 'radius_min': 0, 'radius_max': 0, 'trim_min': 0, 'trim_max': 0, 'evaluations': 9, 'safe_feasible': 0, 'states': 0, 'selected_radius': 0, 'selected_trim': 0, 'selected_score': 0}, {'index': 1, 'radius_min': 0, 'radius_max': 0, 'trim_min': 0, 'trim_max': 0, 'evaluations': 9, 'safe_feasible': 0, 'states': 0, 'selected_radius': 0, 'selected_trim': 0, 'selected_score': 0}, {'index': 2, 'radius_min': 0, 'radius_max': 0, 'trim_min': 0, 'trim_max': 0, 'evaluations': 9, 'safe_feasible': 1, 'states': 0, 'selected_radius': 0.2, 'selected_trim': 0.011115, 'selected_score': 1}, {'index': 3, 'radius_min': 0, 'radius_max': 0, 'trim_min': 0, 'trim_max': 0, 'evaluations': 9, 'safe_feasible': 0, 'states': 0, 'selected_radius': 0, 'selected_trim': 0, 'selected_score': 0}, {'index': 4, 'radius_min': 0, 'radius_max': 0, 'trim_min': 0, 'trim_max': 0, 'evaluations': 9, 'safe_feasible': 1, 'states': 0, 'selected_radius': 0.2, 'selected_trim': 0.0169812, 'selected_score': 1}, {'index': 5, 'radius_min': 0, 'radius_max': 0, 'trim_min': 0, 'trim_max': 0, 'evaluations': 9, 'safe_feasible': 6, 'states': 0, 'selected_radius': 1, 'selected_trim': 0.09931, 'selected_score': 0.944913}, {'index': 6, 'radius_min': 0, 'radius_max': 0, 'trim_min': 0, 'trim_max': 0, 'evaluations': 9, 'safe_feasible': 0, 'states': 0, 'selected_radius': 0, 'selected_trim': 0, 'selected_score': 0}, {'index': 7, 'radius_min': 0, 'radius_max': 0, 'trim_min': 0, 'trim_max': 0, 'evaluations': 9, 'safe_feasible': 0, 'states': 0, 'selected_radius': 0, 'selected_trim': 0, 'selected_score': 0}, {'index': 8, 'radius_min': 0, 'radius_max': 0, 'trim_min': 0, 'trim_max': 0, 'evaluations': 9, 'safe_feasible': 1, 'states': 0, 'selected_radius': 0.2, 'selected_trim': 0.00972208, 'selected_score': 1}, {'index': 9, 'radius_min': 0, 'radius_max': 0, 'trim_min': 0, 'trim_max': 0, 'evaluations': 9, 'safe_feasible': 0, 'states': 0, 'selected_radius': 0, 'selected_trim': 0, 'selected_score': 0}, {'index': 10, 'radius_min': 0, 'radius_max': 0, 'trim_min': 0, 'trim_max': 0, 'evaluations': 9, 'safe_feasible': 3, 'states': 0, 'selected_radius': 0.5, 'selected_trim': 0.036232, 'selected_score': 0.825}, {'index': 11, 'radius_min': 0, 'radius_max': 0, 'trim_min': 0, 'trim_max': 0, 'evaluations': 9, 'safe_feasible': 1, 'states': 0, 'selected_radius': 0.2, 'selected_trim': 0.0114106, 'selected_score': 1}, {'index': 12, 'radius_min': 0, 'radius_max': 0, 'trim_min': 0, 'trim_max': 0, 'evaluations': 9, 'safe_feasible': 1, 'states': 0, 'selected_radius': 0.2, 'selected_trim': 0.00923164, 'selected_score': 1}, {'index': 13, 'radius_min': 0, 'radius_max': 0, 'trim_min': 0, 'trim_max': 0, 'evaluations': 9, 'safe_feasible': 0, 'states': 0, 'selected_radius': 0, 'selected_trim': 0, 'selected_score': 0}, {'index': 14, 'radius_min': 0, 'radius_max': 0, 'trim_min': 0, 'trim_max': 0, 'evaluations': 9, 'safe_feasible': 1, 'states': 0, 'selected_radius': 0.2, 'selected_trim': 0.00910131, 'selected_score': 1}, {'index': 15, 'radius_min': 0, 'radius_max': 0, 'trim_min': 0, 'trim_max': 0, 'evaluations': 9, 'safe_feasible': 1, 'states': 0, 'selected_radius': 0.2, 'selected_trim': 0.0110468, 'selected_score': 1}, {'index': 16, 'radius_min': 0, 'radius_max': 0, 'trim_min': 0, 'trim_max': 0, 'evaluations': 9, 'safe_feasible': 1, 'states': 0, 'selected_radius': 0.2, 'selected_trim': 0.00985585, 'selected_score': 1}, {'index': 17, 'radius_min': 0, 'radius_max': 0, 'trim_min': 0, 'trim_max': 0, 'evaluations': 9, 'safe_feasible': 6, 'states': 0, 'selected_radius': 1, 'selected_trim': 0.0298263, 'selected_score': 0.953568}, {'index': 18, 'radius_min': 0, 'radius_max': 0, 'trim_min': 0, 'trim_max': 0, 'evaluations': 9, 'safe_feasible': 0, 'states': 0, 'selected_radius': 0, 'selected_trim': 0, 'selected_score': 0}, {'index': 19, 'radius_min': 0, 'radius_max': 0, 'trim_min': 0, 'trim_max': 0, 'evaluations': 9, 'safe_feasible': 0, 'states': 0, 'selected_radius': 0, 'selected_trim': 0, 'selected_score': 0}, {'index': 20, 'radius_min': 0, 'radius_max': 0, 'trim_min': 0, 'trim_max': 0, 'evaluations': 9, 'safe_feasible': 0, 'states': 0, 'selected_radius': 0, 'selected_trim': 0, 'selected_score': 0}, {'index': 21, 'radius_min': 0, 'radius_max': 0, 'trim_min': 0, 'trim_max': 0, 'evaluations': 9, 'safe_feasible': 0, 'states': 0, 'selected_radius': 0, 'selected_trim': 0, 'selected_score': 0}, {'index': 22, 'radius_min': 0, 'radius_max': 0, 'trim_min': 0, 'trim_max': 0, 'evaluations': 9, 'safe_feasible': 0, 'states': 0, 'selected_radius': 0, 'selected_trim': 0, 'selected_score': 0}, {'index': 23, 'radius_min': 0, 'radius_max': 0, 'trim_min': 0, 'trim_max': 0, 'evaluations': 9, 'safe_feasible': 0, 'states': 0, 'selected_radius': 0, 'selected_trim': 0, 'selected_score': 0}, {'index': 24, 'radius_min': 0, 'radius_max': 0, 'trim_min': 0, 'trim_max': 0, 'evaluations': 9, 'safe_feasible': 1, 'states': 0, 'selected_radius': 0.2, 'selected_trim': 0.011114, 'selected_score': 1}, {'index': 25, 'radius_min': 0, 'radius_max': 0, 'trim_min': 0, 'trim_max': 0, 'evaluations': 9, 'safe_feasible': 0, 'states': 0, 'selected_radius': 0, 'selected_trim': 0, 'selected_score': 0}, {'index': 26, 'radius_min': 0, 'radius_max': 0, 'trim_min': 0, 'trim_max': 0, 'evaluations': 9, 'safe_feasible': 0, 'states': 0, 'selected_radius': 0, 'selected_trim': 0, 'selected_score': 0}, {'index': 27, 'radius_min': 0, 'radius_max': 0, 'trim_min': 0, 'trim_max': 0, 'evaluations': 9, 'safe_feasible': 2, 'states': 0, 'selected_radius': 0.3, 'selected_trim': 0.030353, 'selected_score': 1}, {'index': 28, 'radius_min': 0, 'radius_max': 0, 'trim_min': 0, 'trim_max': 0, 'evaluations': 9, 'safe_feasible': 4, 'states': 0, 'selected_radius': 0.6, 'selected_trim': 0.0526278, 'selected_score': 0.911698}, {'index': 29, 'radius_min': 0, 'radius_max': 0, 'trim_min': 0, 'trim_max': 0, 'evaluations': 9, 'safe_feasible': 4, 'states': 0, 'selected_radius': 0.75, 'selected_trim': 0.0500189, 'selected_score': 0.79032}, {'index': 30, 'radius_min': 0, 'radius_max': 0, 'trim_min': 0, 'trim_max': 0, 'evaluations': 9, 'safe_feasible': 1, 'states': 0, 'selected_radius': 0.2, 'selected_trim': 0.0116293, 'selected_score': 1}, {'index': 31, 'radius_min': 0, 'radius_max': 0, 'trim_min': 0, 'trim_max': 0, 'evaluations': 9, 'safe_feasible': 1, 'states': 0, 'selected_radius': 0.2, 'selected_trim': 0.0196693, 'selected_score': 1}, {'index': 32, 'radius_min': 0, 'radius_max': 0, 'trim_min': 0, 'trim_max': 0, 'evaluations': 9, 'safe_feasible': 5, 'states': 0, 'selected_radius': 1, 'selected_trim': 0.0716688, 'selected_score': 0.967905}, {'index': 33, 'radius_min': 0, 'radius_max': 0, 'trim_min': 0, 'trim_max': 0, 'evaluations': 9, 'safe_feasible': 4, 'states': 0, 'selected_radius': 0.6, 'selected_trim': 0.0580129, 'selected_score': 0.910197}, {'index': 34, 'radius_min': 0, 'radius_max': 0, 'trim_min': 0, 'trim_max': 0, 'evaluations': 9, 'safe_feasible': 3, 'states': 0, 'selected_radius': 0.6, 'selected_trim': 0.0361835, 'selected_score': 0.923848}, {'index': 35, 'radius_min': 0, 'radius_max': 0, 'trim_min': 0, 'trim_max': 0, 'evaluations': 9, 'safe_feasible': 4, 'states': 0, 'selected_radius': 0.75, 'selected_trim': 0.0286968, 'selected_score': 0.795249}, {'index': 36, 'radius_min': 0, 'radius_max': 0, 'trim_min': 0, 'trim_max': 0, 'evaluations': 9, 'safe_feasible': 2, 'states': 0, 'selected_radius': 0.3, 'selected_trim': 0.0274239, 'selected_score': 1}, {'index': 37, 'radius_min': 0, 'radius_max': 0, 'trim_min': 0, 'trim_max': 0, 'evaluations': 9, 'safe_feasible': 5, 'states': 0, 'selected_radius': 0.75, 'selected_trim': 0.0671134, 'selected_score': 0.926473}, {'index': 38, 'radius_min': 0, 'radius_max': 0, 'trim_min': 0, 'trim_max': 0, 'evaluations': 9, 'safe_feasible': 8, 'states': 0, 'selected_radius': 1.5, 'selected_trim': 0.0361524, 'selected_score': 0.843183}, {'index': 39, 'radius_min': 0, 'radius_max': 0, 'trim_min': 0, 'trim_max': 0, 'evaluations': 9, 'safe_feasible': 1, 'states': 0, 'selected_radius': 0.2, 'selected_trim': 0.0110092, 'selected_score': 1}, {'index': 40, 'radius_min': 0, 'radius_max': 0, 'trim_min': 0, 'trim_max': 0, 'evaluations': 9, 'safe_feasible': 1, 'states': 0, 'selected_radius': 0.2, 'selected_trim': 0.0105234, 'selected_score': 1}, {'index': 41, 'radius_min': 0, 'radius_max': 0, 'trim_min': 0, 'trim_max': 0, 'evaluations': 9, 'safe_feasible': 0, 'states': 0, 'selected_radius': 0, 'selected_trim': 0, 'selected_score': 0}, {'index': 42, 'radius_min': 0, 'radius_max': 0, 'trim_min': 0, 'trim_max': 0, 'evaluations': 9, 'safe_feasible': 0, 'states': 0, 'selected_radius': 0, 'selected_trim': 0, 'selected_score': 0}, {'index': 43, 'radius_min': 0, 'radius_max': 0, 'trim_min': 0, 'trim_max': 0, 'evaluations': 9, 'safe_feasible': 0, 'states': 0, 'selected_radius': 0, 'selected_trim': 0, 'selected_score': 0}, {'index': 44, 'radius_min': 0, 'radius_max': 0, 'trim_min': 0, 'trim_max': 0, 'evaluations': 9, 'safe_feasible': 0, 'states': 0, 'selected_radius': 0, 'selected_trim': 0, 'selected_score': 0}, {'index': 45, 'radius_min': 0, 'radius_max': 0, 'trim_min': 0, 'trim_max': 0, 'evaluations': 9, 'safe_feasible': 0, 'states': 0, 'selected_radius': 0, 'selected_trim': 0, 'selected_score': 0}, {'index': 46, 'radius_min': 0, 'radius_max': 0, 'trim_min': 0, 'trim_max': 0, 'evaluations': 9, 'safe_feasible': 0, 'states': 0, 'selected_radius': 0, 'selected_trim': 0, 'selected_score': 0}, {'index': 47, 'radius_min': 0, 'radius_max': 0, 'trim_min': 0, 'trim_max': 0, 'evaluations': 9, 'safe_feasible': 0, 'states': 0, 'selected_radius': 0, 'selected_trim': 0, 'selected_score': 0}, {'index': 48, 'radius_min': 0, 'radius_max': 0, 'trim_min': 0, 'trim_max': 0, 'evaluations': 9, 'safe_feasible': 0, 'states': 0, 'selected_radius': 0, 'selected_trim': 0, 'selected_score': 0}, {'index': 49, 'radius_min': 0, 'radius_max': 0, 'trim_min': 0, 'trim_max': 0, 'evaluations': 9, 'safe_feasible': 0, 'states': 0, 'selected_radius': 0, 'selected_trim': 0, 'selected_score': 0}, {'index': 50, 'radius_min': 0, 'radius_max': 0, 'trim_min': 0, 'trim_max': 0, 'evaluations': 9, 'safe_feasible': 0, 'states': 0, 'selected_radius': 0, 'selected_trim': 0, 'selected_score': 0}, {'index': 51, 'radius_min': 0, 'radius_max': 0, 'trim_min': 0, 'trim_max': 0, 'evaluations': 9, 'safe_feasible': 0, 'states': 0, 'selected_radius': 0, 'selected_trim': 0, 'selected_score': 0}, {'index': 52, 'radius_min': 0, 'radius_max': 0, 'trim_min': 0, 'trim_max': 0, 'evaluations': 9, 'safe_feasible': 0, 'states': 0, 'selected_radius': 0, 'selected_trim': 0, 'selected_score': 0}]",53,0,477,none,26,27,1.3624694554152692,200,0.953552,718,27,"{'angular acceleration iteration did not converge': 20, 'transition would overlap an adjacent corner window': 388}",0.0058645,fixed,0.05,11.746300139913078,69,NavFnAStar,9ab5a12616d2fcfe13be7a0fecac429b73c24365334ad2b02febe3564f8b6f08,278,9ab5a12616d2fcfe13be7a0fecac429b73c24365334ad2b02febe3564f8b6f08,0,1,long_northeast_to_southwest,True,5.007584748940455,3.189427567990913,13.83147709730702,28,0.019423395000103483
,,,,"smoothing failed: status=6, code=504, message=''",,,,,,,,,,,,,,,,,,,pivot_g2,,,,,,,,,,,,,,,,,,,,,,,,,NavFnAStar,9ab5a12616d2fcfe13be7a0fecac429b73c24365334ad2b02febe3564f8b6f08,,9ab5a12616d2fcfe13be7a0fecac429b73c24365334ad2b02febe3564f8b6f08,0,1,long_northeast_to_southwest,False,,,,,
0.012,10.194391959485596,0.023299547750957137,0.004034823867096978,,0.42606444271849353,0.11464466264901119,0.2808724311428359,0,550,5.00758,27,253,True,114.078,228,True,simple_default,simple,10.1944,253,True,4.631502616760801,adaptive_hybrid_fixed,0.05,540,c1c04dc57b73064775fbe1d86e336cc4afe25c0911e5173959fde1156a5dd5c2,13.710610734921937,,,,,,,,,0,0.0,,,,,,,,,0,,NavFnAStar,9ab5a12616d2fcfe13be7a0fecac429b73c24365334ad2b02febe3564f8b6f08,276,9ab5a12616d2fcfe13be7a0fecac429b73c24365334ad2b02febe3564f8b6f08,0,1,long_northeast_to_southwest,True,10.194391959485596,4.631502616760801,13.710610734921937,1,0.020274824999887642
0.018000000000000002,10.194391959485596,0.023299547750957137,0.004034823867096978,,0.42606444271849353,0.11464466264901119,0.2808724311428359,0,550,,0,,False,114.078,228,True,pivot_unsafe,simple,10.1944,253,True,4.631502616760801,adaptive_hybrid,0.05,540,c1c04dc57b73064775fbe1d86e336cc4afe25c0911e5173959fde1156a5dd5c2,13.710610734921937,,,,,,,,,0,0.0,,,,,,,,,0,,NavFnAStar,9ab5a12616d2fcfe13be7a0fecac429b73c24365334ad2b02febe3564f8b6f08,276,9ab5a12616d2fcfe13be7a0fecac429b73c24365334ad2b02febe3564f8b6f08,0,1,long_northeast_to_southwest,True,10.194391959485596,4.631502616760801,13.710610734921937,1,0.03096831499988184
0.0,343.51020326418643,4.440892098500626e-16,9.852460345605397e-17,,0.7768354977329525,0.2146446641391273,0.26464466488418537,0,495,,,,,,,,,,,,,23.01060778365861,raw,0.05,463,8f774092ca8cd19f4f43ddc68834b323868822944e65714ea8cb91b866e0e97f,12.72738021570756,,,,,,,,,0,0.0,,,,,,,,,0,,NavFnAStar,8f774092ca8cd19f4f43ddc68834b323868822944e65714ea8cb91b866e0e97f,258,8f774092ca8cd19f4f43ddc68834b323868822944e65714ea8cb91b866e0e97f,0,1,crossing_northwest_to_southeast,True,343.51020326418643,23.01060778365861,12.72738021570756,1,0.0067985390001013
0.003,24.502441699074687,0.030235591266983265,0.008295551604249827,,0.7306665918559307,0.2808724311428359,0.3146446656292434,0,501,,,,,,,,,,,,,4.573283932925954,simple,0.05,463,2fdafd013384653e1e15d5cc6a825c5fed8ec899b6946d38d93c9e436f836d55,12.37251230300007,,,,,,,,,0,0.0,,,,,,,,,0,,NavFnAStar,8f774092ca8cd19f4f43ddc68834b323868822944e65714ea8cb91b866e0e97f,249,8f774092ca8cd19f4f43ddc68834b323868822944e65714ea8cb91b866e0e97f,0,1,crossing_northwest_to_southeast,True,24.502441699074687,4.573283932925954,12.37251230300007,1,0.010369057999923825
0.003,135.76060731816256,0.018243401172589217,0.0034283863583744805,,0.7146765382525029,0.23390290478282266,0.3146446656292434,0,650,,,,,,,,,,,,,12.963186700513177,savitzky_golay,0.05,463,b58de0ed4831513661cccba4eba038603a075e5685dc443b937958d1e660d34c,12.566306613055211,,,,,,,,,0,0.0,,,,,,,,,0,,NavFnAStar,8f774092ca8cd19f4f43ddc68834b323868822944e65714ea8cb91b866e0e97f,253,8f774092ca8cd19f4f43ddc68834b323868822944e65714ea8cb91b866e0e97f,0,1,crossing_northwest_to_southeast,True,135.76060731816256,12.963186700513177,12.566306613055211,1,0.00945808999995279
0.024,246.30549596614534,0.012784777517382358,0.0034902704663652305,,0.7035898110778356,0.2146446641391273,0.30005486203680687,0,705,,,,,,,,,,,,,19.684819856159482,constrained,0.05,463,a9288946059f86e72b0eba6f326e282d16adac910d8fbaf9301435b746d1849c,12.682755036100504,,,,,,,,,0,0.0,,,,,,,,,0,,NavFnAStar,8f774092ca8cd19f4f43ddc68834b323868822944e65714ea8cb91b866e0e97f,256,8f774092ca8cd19f4f43ddc68834b323868822944e65714ea8cb91b866e0e97f,0,1,crossing_northwest_to_southeast,True,246.30549596614534,19.684819856159482,12.682755036100504,1,0.034163039999839384
0.006,341.63531946761884,0.018990509628779854,0.007936657073215437,,0.5603190647175043,0.16464466339406925,0.26878279146075923,0,961,,,,,,,,,,,,,23.939946606016438,pivot_g2_fixed,0.05,633,f496951af84064aef23fb26a4996de8e001661598a9450f2606560fb12549604,12.720753363801002,0,38,"[{'index': 0, 'radius_min': 0, 'radius_max': 0, 'trim_min': 0, 'trim_max': 0, 'evaluations': 9, 'safe_feasible': 5, 'states': 0, 'selected_radius': 1, 'selected_trim': 0.0631733, 'selected_score': 0.976986}, {'index': 1, 'radius_min': 0, 'radius_max': 0, 'trim_min': 0, 'trim_max': 0, 'evaluations': 9, 'safe_feasible': 5, 'states': 0, 'selected_radius': 1, 'selected_trim': 0.0659004, 'selected_score': 0.963176}, {'index': 2, 'radius_min': 0, 'radius_max': 0, 'trim_min': 0, 'trim_max': 0, 'evaluations': 9, 'safe_feasible': 3, 'states': 0, 'selected_radius': 0.4, 'selected_trim': 0.0944719, 'selected_score': 0.9}, {'index': 3, 'radius_min': 0, 'radius_max': 0, 'trim_min': 0, 'trim_max': 0, 'evaluations': 9, 'safe_feasible': 1, 'states': 0, 'selected_radius': 0.2, 'selected_trim': 0.0160733, 'selected_score': 1}, {'index': 4, 'radius_min': 0, 'radius_max': 0, 'trim_min': 0, 'trim_max': 0, 'evaluations': 9, 'safe_feasible': 1, 'states': 0, 'selected_radius': 0.2, 'selected_trim': 0.0102582, 'selected_score': 1}, {'index': 5, 'radius_min': 0, 'radius_max': 0, 'trim_min': 0, 'trim_max': 0, 'evaluations': 9, 'safe_feasible': 1, 'states': 0, 'selected_radius': 0.2, 'selected_trim': 0.0151311, 'selected_score': 1}, {'index': 6, 'radius_min': 0, 'radius_max': 0, 'trim_min': 0, 'trim_max': 0, 'evaluations': 9, 'safe_feasible': 1, 'states': 0, 'selected_radius': 0.2, 'selected_trim': 0.00956962, 'selected_score': 1}, {'index': 7, 'radius_min': 0, 'radius_max': 0, 'trim_min': 0, 'trim_max': 0, 'evaluations': 9, 'safe_feasible': 0, 'states': 0, 'selected_radius': 0, 'selected_trim': 0, 'selected_score': 0}, {'index': 8, 'radius_min': 0, 'radius_max': 0, 'trim_min': 0, 'trim_max': 0, 'evaluations': 9, 'safe_feasible': 0, 'states': 0, 'selected_radius': 0, 'selected_trim': 0, 'selected_score': 0}, {'index': 9, 'radius_min': 0, 'radius_max': 0, 'trim_min': 0, 'trim_max': 0, 'evaluations': 9, 'safe_feasible': 1, 'states': 0, 'selected_radius': 0.2, 'selected_trim': 0.00795617, 'selected_score': 1}, {'index': 10, 'radius_min': 0, 'radius_max': 0, 'trim_min': 0, 'trim_max': 0, 'evaluations': 9, 'safe_feasible': 0, 'states': 0, 'selected_radius': 0, 'selected_trim': 0, 'selected_score': 0}, {'index': 11, 'radius_min': 0, 'radius_max': 0, 'trim_min': 0, 'trim_max': 0, 'evaluations': 9, 'safe_feasible': 0, 'states': 0, 'selected_radius': 0, 'selected_trim': 0, 'selected_score': 0}, {'index': 12, 'radius_min': 0, 'radius_max': 0, 'trim_min': 0, 'trim_max': 0, 'evaluations': 9, 'safe_feasible': 0, 'states': 0, 'selected_radius': 0, 'selected_trim': 0, 'selected_score': 0}, {'index': 13, 'radius_min': 0, 'radius_max': 0, 'trim_min': 0, 'trim_max': 0, 'evaluations': 9, 'safe_feasible': 0, 'states': 0, 'selected_radius': 0, 'selected_trim': 0, 'selected_score': 0}, {'index': 14, 'radius_min': 0, 'radius_max': 0, 'trim_min': 0, 'trim_max': 0, 'evaluations': 9, 'safe_feasible': 0, 'states': 0, 'selected_radius': 0, 'selected_trim': 0, 'selected_score': 0}, {'index': 15, 'radius_min': 0, 'radius_max': 0, 'trim_min': 0, 'trim_max': 0, 'evaluations': 9, 'safe_feasible': 0, 'states': 0, 'selected_radius': 0, 'selected_trim': 0, 'selected_score': 0}, {'index': 16, 'radius_min': 0, 'radius_max': 0, 'trim_min': 0, 'trim_max': 0, 'evaluations': 9, 'safe_feasible': 0, 'states': 0, 'selected_radius': 0, 'selected_trim': 0, 'selected_score': 0}, {'index': 17, 'radius_min': 0, 'radius_max': 0, 'trim_min': 0, 'trim_max': 0, 'evaluations': 9, 'safe_feasible': 0, 'states': 0, 'selected_radius': 0, 'selected_trim': 0, 'selected_score': 0}, {'index': 18, 'radius_min': 0, 'radius_max': 0, 'trim_min': 0, 'trim_max': 0, 'evaluations': 9, 'safe_feasible': 0, 'states': 0, 'selected_radius': 0, 'selected_trim': 0, 'selected_score': 0}, {'index': 19, 'radius_min': 0, 'radius_max': 0, 'trim_min': 0, 'trim_max': 0, 'evaluations': 9, 'safe_feasible': 1, 'states': 0, 'selected_radius': 0.2, 'selected_trim': 0.0121847, 'selected_score': 1}, {'index': 20, 'radius_min': 0, 'radius_max': 0, 'trim_min': 0, 'trim_max': 0, 'evaluations': 9, 'safe_feasible': 3, 'states': 0, 'selected_radius': 0.5, 'selected_trim': 0.0661791, 'selected_score': 0.9}, {'index': 21, 'radius_min': 0, 'radius_max': 0, 'trim_min': 0, 'trim_max': 0, 'evaluations': 9, 'safe_feasible': 7, 'states': 0, 'selected_radius': 1.25, 'selected_trim': 0.0929224, 'selected_score': 0.95975}, {'index': 22, 'radius_min': 0, 'radius_max': 0, 'trim_min': 0, 'trim_max': 0, 'evaluations': 9, 'safe_feasible': 0, 'states': 0, 'selected_radius': 0, 'selected_trim': 0, 'selected_score': 0}, {'index': 23, 'radius_min': 0, 'radius_max': 0, 'trim_min': 0, 'trim_max': 0, 'evaluations': 9, 'safe_feasible': 1, 'states': 0, 'selected_radius': 0.2, 'selected_trim': 0.010501, 'selected_score': 1}, {'index': 24, 'radius_min': 0, 'radius_max': 0, 'trim_min': 0, 'trim_max': 0, 'evaluations': 9, 'safe_feasible': 0, 'states': 0, 'selected_radius': 0, 'selected_trim': 0, 'selected_score': 0}, {'index': 25, 'radius_min': 0, 'radius_max': 0, 'trim_min': 0, 'trim_max': 0, 'evaluations': 9, 'safe_feasible': 1, 'states': 0, 'selected_radius': 0.2, 'selected_trim': 0.00983287, 'selected_score': 1}, {'index': 26, 'radius_min': 0, 'radius_max': 0, 'trim_min': 0, 'trim_max': 0, 'evaluations': 9, 'safe_feasible': 0, 'states': 0, 'selected_radius': 0, 'selected_trim': 0, 'selected_score': 0}, {'index': 27, 'radius_min': 0, 'radius_max': 0, 'trim_min': 0, 'trim_max': 0, 'evaluations': 9, 'safe_feasible': 0, 'states': 0, 'selected_radius': 0, 'selected_trim': 0, 'selected_score': 0}, {'index': 28, 'radius_min': 0, 'radius_max': 0, 'trim_min': 0, 'trim_max': 0, 'evaluations': 9, 'safe_feasible': 0, 'states': 0, 'selected_radius': 0, 'selected_trim': 0, 'selected_score': 0}, {'index': 29, 'radius_min': 0, 'radius_max': 0, 'trim_min': 0, 'trim_max': 0, 'evaluations': 9, 'safe_feasible': 0, 'states': 0, 'selected_radius': 0, 'selected_trim': 0, 'selected_score': 0}, {'index': 30, 'radius_min': 0, 'radius_max': 0, 'trim_min': 0, 'trim_max': 0, 'evaluations': 9, 'safe_feasible': 0, 'states': 0, 'selected_radius': 0, 'selected_trim': 0, 'selected_score': 0}, {'index': 31, 'radius_min': 0, 'radius_max': 0, 'trim_min': 0, 'trim_max': 0, 'evaluations': 9, 'safe_feasible': 0, 'states': 0, 'selected_radius': 0, 'selected_trim': 0, 'selected_score': 0}, {'index': 32, 'radius_min': 0, 'radius_max': 0, 'trim_min': 0, 'trim_max': 0, 'evaluations': 9, 'safe_feasible': 0, 'states': 0, 'selected_radius': 0, 'selected_trim': 0, 'selected_score': 0}, {'index': 33, 'radius_min': 0, 'radius_max': 0, 'trim_min': 0, 'trim_max': 0, 'evaluations': 9, 'safe_feasible': 0, 'states': 0, 'selected_radius': 0, 'selected_trim': 0, 'selected_score': 0}, {'index': 34, 'radius_min': 0, 'radius_max': 0, 'trim_min': 0, 'trim_max': 0, 'evaluations': 9, 'safe_feasible': 1, 'states': 0, 'selected_radius': 0.2, 'selected_trim': 0.0107179, 'selected_score': 1}, {'index': 35, 'radius_min': 0, 'radius_max': 0, 'trim_min': 0, 'trim_max': 0, 'evaluations': 9, 'safe_feasible': 0, 'states': 0, 'selected_radius': 0, 'selected_trim': 0, 'selected_score': 0}, {'index': 36, 'radius_min': 0, 'radius_max': 0, 'trim_min': 0, 'trim_max': 0, 'evaluations': 9, 'safe_feasible': 0, 'states': 0, 'selected_radius': 0, 'selected_trim': 0, 'selected_score': 0}, {'index': 37, 'radius_min': 0, 'radius_max': 0, 'trim_min': 0, 'trim_max': 0, 'evaluations': 9, 'safe_feasible': 0, 'states': 0, 'selected_radius': 0, 'selected_trim': 0, 'selected_score': 0}, {'index': 38, 'radius_min': 0, 'radius_max': 0, 'trim_min': 0, 'trim_max': 0, 'evaluations': 9, 'safe_feasible': 0, 'states': 0, 'selected_radius': 0, 'selected_trim': 0, 'selected_score': 0}, {'index': 39, 'radius_min': 0, 'radius_max': 0, 'trim_min': 0, 'trim_max': 0, 'evaluations': 9, 'safe_feasible': 0, 'states': 0, 'selected_radius': 0, 'selected_trim': 0, 'selected_score': 0}, {'index': 40, 'radius_min': 0, 'radius_max': 0, 'trim_min': 0, 'trim_max': 0, 'evaluations': 9, 'safe_feasible': 0, 'states': 0, 'selected_radius': 0, 'selected_trim': 0, 'selected_score': 0}, {'index': 41, 'radius_min': 0, 'radius_max': 0, 'trim_min': 0, 'trim_max': 0, 'evaluations': 9, 'safe_feasible': 0, 'states': 0, 'selected_radius': 0, 'selected_trim': 0, 'selected_score': 0}, {'index': 42, 'radius_min': 0, 'radius_max': 0, 'trim_min': 0, 'trim_max': 0, 'evaluations': 9, 'safe_feasible': 0, 'states': 0, 'selected_radius': 0, 'selected_trim': 0, 'selected_score': 0}, {'index': 43, 'radius_min': 0, 'radius_max': 0, 'trim_min': 0, 'trim_max': 0, 'evaluations': 9, 'safe_feasible': 0, 'states': 0, 'selected_radius': 0, 'selected_trim': 0, 'selected_score': 0}, {'index': 44, 'radius_min': 0, 'radius_max': 0, 'trim_min': 0, 'trim_max': 0, 'evaluations': 9, 'safe_feasible': 1, 'states': 0, 'selected_radius': 0.2, 'selected_trim': 0.0256618, 'selected_score': 1}, {'index': 45, 'radius_min': 0, 'radius_max': 0, 'trim_min': 0, 'trim_max': 0, 'evaluations': 9, 'safe_feasible': 0, 'states': 0, 'selected_radius': 0, 'selected_trim': 0, 'selected_score': 0}, {'index': 46, 'radius_min': 0, 'radius_max': 0, 'trim_min': 0, 'trim_max': 0, 'evaluations': 9, 'safe_feasible': 0, 'states': 0, 'selected_radius': 0, 'selected_trim': 0, 'selected_score': 0}, {'index': 47, 'radius_min': 0, 'radius_max': 0, 'trim_min': 0, 'trim_max': 0, 'evaluations': 9, 'safe_feasible': 1, 'states': 0, 'selected_radius': 0.2, 'selected_trim': 0.0214511, 'selected_score': 1}, {'index': 48, 'radius_min': 0, 'radius_max': 0, 'trim_min': 0, 'trim_max': 0, 'evaluations': 9, 'safe_feasible': 0, 'states': 0, 'selected_radius': 0, 'selected_trim': 0, 'selected_score': 0}, {'index': 49, 'radius_min': 0, 'radius_max': 0, 'trim_min': 0, 'trim_max': 0, 'evaluations': 9, 'safe_feasible': 0, 'states': 0, 'selected_radius': 0, 'selected_trim': 0, 'selected_score': 0}, {'index': 50, 'radius_min': 0, 'radius_max': 0, 'trim_min': 0, 'trim_max': 0, 'evaluations': 9, 'safe_feasible': 1, 'states': 0, 'selected_radius': 0.2, 'selected_trim': 0.0166256, 'selected_score': 1}, {'index': 51, 'radius_min': 0, 'radius_max': 0, 'trim_min': 0, 'trim_max': 0, 'evaluations': 9, 'safe_feasible': 0, 'states': 0, 'selected_radius': 0, 'selected_trim': 0, 'selected_score': 0}, {'index': 52, 'radius_min': 0, 'radius_max': 0, 'trim_min': 0, 'trim_max': 0, 'evaluations': 9, 'safe_feasible': 0, 'states': 0, 'selected_radius': 0, 'selected_trim': 0, 'selected_score': 0}, {'index': 53, 'radius_min': 0, 'radius_max': 0, 'trim_min': 0, 'trim_max': 0, 'evaluations': 9, 'safe_feasible': 1, 'states': 0, 'selected_radius': 0.2, 'selected_trim': 0.0157757, 'selected_score': 1}, {'index': 54, 'radius_min': 0, 'radius_max': 0, 'trim_min': 0, 'trim_max': 0, 'evaluations': 9, 'safe_feasible': 0, 'states': 0, 'selected_radius': 0, 'selected_trim': 0, 'selected_score': 0}, {'index': 55, 'radius_min': 0, 'radius_max': 0, 'trim_min': 0, 'trim_max': 0, 'evaluations': 9, 'safe_feasible': 0, 'states': 0, 'selected_radius': 0, 'selected_trim': 0, 'selected_score': 0}, {'index': 56, 'radius_min': 0, 'radius_max': 0, 'trim_min': 0, 'trim_max': 0, 'evaluations': 9, 'safe_feasible': 1, 'states': 0, 'selected_radius': 0.2, 'selected_trim': 0.00984441, 'selected_score': 1}, {'index': 57, 'radius_min': 0, 'radius_max': 0, 'trim_min': 0, 'trim_max': 0, 'evaluations': 9, 'safe_feasible': 0, 'states': 0, 'selected_radius': 0, 'selected_trim': 0, 'selected_score': 0}, {'index': 58, 'radius_min': 0, 'radius_max': 0, 'trim_min': 0, 'trim_max': 0, 'evaluations': 9, 'safe_feasible': 0, 'states': 0, 'selected_radius': 0, 'selected_trim': 0, 'selected_score': 0}, {'index': 59, 'radius_min': 0, 'radius_max': 0, 'trim_min': 0, 'trim_max': 0, 'evaluations': 9, 'safe_feasible': 0, 'states': 0, 'selected_radius': 0, 'selected_trim': 0, 'selected_score': 0}, {'index': 60, 'radius_min': 0, 'radius_max': 0, 'trim_min': 0, 'trim_max': 0, 'evaluations': 9, 'safe_feasible': 0, 'states': 0, 'selected_radius': 0, 'selected_trim': 0, 'selected_score': 0}, {'index': 61, 'radius_min': 0, 'radius_max': 0, 'trim_min': 0, 'trim_max': 0, 'evaluations': 9, 'safe_feasible': 0, 'states': 0, 'selected_radius': 0, 'selected_trim': 0, 'selected_score': 0}, {'index': 62, 'radius_min': 0, 'radius_max': 0, 'trim_min': 0, 'trim_max': 0, 'evaluations': 9, 'safe_feasible': 0, 'states': 0, 'selected_radius': 0, 'selected_trim': 0, 'selected_score': 0}, {'index': 63, 'radius_min': 0, 'radius_max': 0, 'trim_min': 0, 'trim_max': 0, 'evaluations': 9, 'safe_feasible': 1, 'states': 0, 'selected_radius': 0.2, 'selected_trim': 0.012459, 'selected_score': 1}, {'index': 64, 'radius_min': 0, 'radius_max': 0, 'trim_min': 0, 'trim_max': 0, 'evaluations': 9, 'safe_feasible': 0, 'states': 0, 'selected_radius': 0, 'selected_trim': 0, 'selected_score': 0}, {'index': 65, 'radius_min': 0, 'radius_max': 0, 'trim_min': 0, 'trim_max': 0, 'evaluations': 9, 'safe_feasible': 0, 'states': 0, 'selected_radius': 0, 'selected_trim': 0, 'selected_score': 0}, {'index': 66, 'radius_min': 0, 'radius_max': 0, 'trim_min': 0, 'trim_max': 0, 'evaluations': 9, 'safe_feasible': 0, 'states': 0, 'selected_radius': 0, 'selected_trim': 0, 'selected_score': 0}, {'index': 67, 'radius_min': 0, 'radius_max': 0, 'trim_min': 0, 'trim_max': 0, 'evaluations': 9, 'safe_feasible': 0, 'states': 0, 'selected_radius': 0, 'selected_trim': 0, 'selected_score': 0}]",68,0,612,none,20,48,1.3165432215620183,200,0.984996,633,48,"{'angular acceleration iteration did not converge': 14, 'transition would overlap an adjacent corner window': 560}",0.00403055,fixed,0.05,30.693572821077936,38,NavFnAStar,8f774092ca8cd19f4f43ddc68834b323868822944e65714ea8cb91b866e0e97f,258,8f774092ca8cd19f4f43ddc68834b323868822944e65714ea8cb91b866e0e97f,0,1,crossing_northwest_to_southeast,True,5.806665866466268,3.8043063743880703,12.828695232828132,49,0.017276202999710222
,,,,"smoothing failed: status=6, code=504, message=''",,,,,,,,,,,,,,,,,,,pivot_g2,,,,,,,,,,,,,,,,,,,,,,,,,NavFnAStar,8f774092ca8cd19f4f43ddc68834b323868822944e65714ea8cb91b866e0e97f,,8f774092ca8cd19f4f43ddc68834b323868822944e65714ea8cb91b866e0e97f,0,1,crossing_northwest_to_southeast,False,,,,,
0.006,24.502441699074687,0.030235591266983265,0.008295551604249827,,0.7306665918559307,0.2808724311428359,0.3146446656292434,0,501,5.80667,48,228,True,343.51,177,True,simple_default,simple,24.5024,161,True,4.573283932925954,adaptive_hybrid_fixed,0.05,463,2fdafd013384653e1e15d5cc6a825c5fed8ec899b6946d38d93c9e436f836d55,12.37251230300007,,,,,,,,,0,0.0,,,,,,,,,0,,NavFnAStar,8f774092ca8cd19f4f43ddc68834b323868822944e65714ea8cb91b866e0e97f,249,8f774092ca8cd19f4f43ddc68834b323868822944e65714ea8cb91b866e0e97f,0,1,crossing_northwest_to_southeast,True,24.502441699074687,4.573283932925954,12.37251230300007,1,0.01563649700028691
0.021,24.502441699074687,0.030235591266983265,0.008295551604249827,,0.7306665918559307,0.2808724311428359,0.3146446656292434,0,501,,0,,False,343.51,177,True,pivot_unsafe,simple,24.5024,161,True,4.573283932925954,adaptive_hybrid,0.05,463,2fdafd013384653e1e15d5cc6a825c5fed8ec899b6946d38d93c9e436f836d55,12.37251230300007,,,,,,,,,0,0.0,,,,,,,,,0,,NavFnAStar,8f774092ca8cd19f4f43ddc68834b323868822944e65714ea8cb91b866e0e97f,249,8f774092ca8cd19f4f43ddc68834b323868822944e65714ea8cb91b866e0e97f,0,1,crossing_northwest_to_southeast,True,24.502441699074687,4.573283932925954,12.37251230300007,1,0.029117063999819948
0.0,69.04281061498111,2.220446049250313e-16,3.965425973735828e-17,,0.5941575462801219,0.16464466339406925,0.2146446641391273,0,289,,,,,,,,,,,,,21.435755735421946,raw,0.05,267,81d62284b89644fb950571c12145e38b825a8f873f6082f31bd563173a08e7b3,6.8425175544195245,,,,,,,,,0,0.0,,,,,,,,,0,,NavFnAStar,81d62284b89644fb950571c12145e38b825a8f873f6082f31bd563173a08e7b3,139,81d62284b89644fb950571c12145e38b825a8f873f6082f31bd563173a08e7b3,0,1,central_south_to_north,True,69.04281061498111,21.435755735421946,6.8425175544195245,1,0.005006100999707996
0.0,14.766779700209167,0.02028028115785102,0.0038904973200594873,,0.5697007306669957,0.16464466339406925,0.2146446641391273,0,286,,,,,,,,,,,,,12.309014835662651,simple,0.05,267,29875d389b5dec2616ea621acb4f84b242aead64cc2f655b7ced91b824d980b4,6.800551522303143,,,,,,,,,0,0.0,,,,,,,,,0,,NavFnAStar,81d62284b89644fb950571c12145e38b825a8f873f6082f31bd563173a08e7b3,138,81d62284b89644fb950571c12145e38b825a8f873f6082f31bd563173a08e7b3,0,1,central_south_to_north,True,14.766779700209167,12.309014835662651,6.800551522303143,1,0.006580556000244542
0.0,31.194727735297395,0.0060346092575756065,0.001387709632136494,,0.5445543592302753,0.1449222268733815,0.2146446641391273,0,320,,,,,,,,,,,,,11.03778953504903,savitzky_golay,0.05,267,eeb5c82f36330602d5cb013740c02f4b0a7c42e5e977606c3c5700f8d59cba7d,6.824949644663813,,,,,,,,,0,0.0,,,,,,,,,0,,NavFnAStar,81d62284b89644fb950571c12145e38b825a8f873f6082f31bd563173a08e7b3,138,81d62284b89644fb950571c12145e38b825a8f873f6082f31bd563173a08e7b3,0,1,central_south_to_north,True,31.194727735297395,11.03778953504903,6.824949644663813,1,0.006573850000222592
0.015000000000000001,45.27903364840097,0.015052520148773146,0.0037542384911029695,,0.5638849038930818,0.16464466339406925,0.2146446641391273,0,336,,,,,,,,,,,,,13.424268805562889,constrained,0.05,267,711e506e359ffa74d789f71f60fdd7f89c4422cd4d04cfafc4c38935be21eb66,6.845091804959073,,,,,,,,,0,0.0,,,,,,,,,0,,NavFnAStar,81d62284b89644fb950571c12145e38b825a8f873f6082f31bd563173a08e7b3,139,81d62284b89644fb950571c12145e38b825a8f873f6082f31bd563173a08e7b3,0,1,central_south_to_north,True,45.27903364840097,13.424268805562889,6.845091804959073,1,0.019753621999825555
0.003,71.57917134207635,0.010543002498213914,0.005259332292815494,,0.3712776602948598,0.11464466264901119,0.16464466339406925,0,429,,,,,,,,,,,,,22.141434220299526,pivot_g2_fixed,0.05,274,bde654635bc07c4bda30e31ba80cd897342cf6b5afe4ea6e422ac9ea2c4c6a2a,6.842642949597128,0,7,"[{'index': 0, 'radius_min': 0, 'radius_max': 0, 'trim_min': 0, 'trim_max': 0, 'evaluations': 9, 'safe_feasible': 0, 'states': 0, 'selected_radius': 0, 'selected_trim': 0, 'selected_score': 0}, {'index': 1, 'radius_min': 0, 'radius_max': 0, 'trim_min': 0, 'trim_max': 0, 'evaluations': 9, 'safe_feasible': 2, 'states': 0, 'selected_radius': 0.5, 'selected_trim': 0.0298246, 'selected_score': 0.75}, {'index': 2, 'radius_min': 0, 'radius_max': 0, 'trim_min': 0, 'trim_max': 0, 'evaluations': 9, 'safe_feasible': 1, 'states': 0, 'selected_radius': 0.2, 'selected_trim': 0.0300829, 'selected_score': 1}, {'index': 3, 'radius_min': 0, 'radius_max': 0, 'trim_min': 0, 'trim_max': 0, 'evaluations': 9, 'safe_feasible': 0, 'states': 0, 'selected_radius': 0, 'selected_trim': 0, 'selected_score': 0}, {'index': 4, 'radius_min': 0, 'radius_max': 0, 'trim_min': 0, 'trim_max': 0, 'evaluations': 9, 'safe_feasible': 1, 'states': 0, 'selected_radius': 0.2, 'selected_trim': 0.00916067, 'selected_score': 1}, {'index': 5, 'radius_min': 0, 'radius_max': 0, 'trim_min': 0, 'trim_max': 0, 'evaluations': 9, 'safe_feasible': 0, 'states': 0, 'selected_radius': 0, 'selected_trim': 0, 'selected_score': 0}, {'index': 6, 'radius_min': 0, 'radius_max': 0, 'trim_min': 0, 'trim_max': 0, 'evaluations': 9, 'safe_feasible': 0, 'states': 0, 'selected_radius': 0, 'selected_trim': 0, 'selected_score': 0}, {'index': 7, 'radius_min': 0, 'radius_max': 0, 'trim_min': 0, 'trim_max': 0, 'evaluations': 9, 'safe_feasible': 0, 'states': 0, 'selected_radius': 0, 'selected_trim': 0, 'selected_score': 0}, {'index': 8, 'radius_min': 0, 'radius_max': 0, 'trim_min': 0, 'trim_max': 0, 'evaluations': 9, 'safe_feasible': 0, 'states': 0, 'selected_radius': 0, 'selected_trim': 0, 'selected_score': 0}, {'index': 9, 'radius_min': 0, 'radius_max': 0, 'trim_min': 0, 'trim_max': 0, 'evaluations': 9, 'safe_feasible': 0, 'states': 0, 'selected_radius': 0, 'selected_trim': 0, 'selected_score': 0}, {'index': 10, 'radius_min': 0, 'radius_max': 0, 'trim_min': 0, 'trim_max': 0, 'evaluations': 9, 'safe_feasible': 0, 'states': 0, 'selected_radius': 0, 'selected_trim': 0, 'selected_score': 0}, {'index': 11, 'radius_min': 0, 'radius_max': 0, 'trim_min': 0, 'trim_max': 0, 'evaluations': 9, 'safe_feasible': 0, 'states': 0, 'selected_radius': 0, 'selected_trim': 0, 'selected_score': 0}, {'index': 12, 'radius_min': 0, 'radius_max': 0, 'trim_min': 0, 'trim_max': 0, 'evaluations': 9, 'safe_feasible': 0, 'states': 0, 'selected_radius': 0, 'selected_trim': 0, 'selected_score': 0}, {'index': 13, 'radius_min': 0, 'radius_max': 0, 'trim_min': 0, 'trim_max': 0, 'evaluations': 9, 'safe_feasible': 0, 'states': 0, 'selected_radius': 0, 'selected_trim': 0, 'selected_score': 0}, {'index': 14, 'radius_min': 0, 'radius_max': 0, 'trim_min': 0, 'trim_max': 0, 'evaluations': 9, 'safe_feasible': 0, 'states': 0, 'selected_radius': 0, 'selected_trim': 0, 'selected_score': 0}, {'index': 15, 'radius_min': 0, 'radius_max': 0, 'trim_min': 0, 'trim_max': 0, 'evaluations': 9, 'safe_feasible': 0, 'states': 0, 'selected_radius': 0, 'selected_trim': 0, 'selected_score': 0}, {'index': 16, 'radius_min': 0, 'radius_max': 0, 'trim_min': 0, 'trim_max': 0, 'evaluations': 9, 'safe_feasible': 0, 'states': 0, 'selected_radius': 0, 'selected_trim': 0, 'selected_score': 0}, {'index': 17, 'radius_min': 0, 'radius_max': 0, 'trim_min': 0, 'trim_max': 0, 'evaluations': 9, 'safe_feasible': 1, 'states': 0, 'selected_radius': 0.2, 'selected_trim': 0.010686, 'selected_score': 1}, {'index': 18, 'radius_min': 0, 'radius_max': 0, 'trim_min': 0, 'trim_max': 0, 'evaluations': 9, 'safe_feasible': 0, 'states': 0, 'selected_radius': 0, 'selected_trim': 0, 'selected_score': 0}, {'index': 19, 'radius_min': 0, 'radius_max': 0, 'trim_min': 0, 'trim_max': 0, 'evaluations': 9, 'safe_feasible': 1, 'states': 0, 'selected_radius': 0.2, 'selected_trim': 0.00917765, 'selected_score': 1}, {'index': 20, 'radius_min': 0, 'radius_max': 0, 'trim_min': 0, 'trim_max': 0, 'evaluations': 9, 'safe_feasible': 0, 'states': 0, 'selected_radius': 0, 'selected_trim': 0, 'selected_score': 0}, {'index': 21, 'radius_min': 0, 'radius_max': 0, 'trim_min': 0, 'trim_max': 0, 'evaluations': 9, 'safe_feasible': 0, 'states': 0, 'selected_radius': 0, 'selected_trim': 0, 'selected_score': 0}, {'index': 22, 'radius_min': 0, 'radius_max': 0, 'trim_min': 0, 'trim_max': 0, 'evaluations': 9, 'safe_feasible': 0, 'states': 0, 'selected_radius': 0, 'selected_trim': 0, 'selected_score': 0}, {'index': 23, 'radius_min': 0, 'radius_max': 0, 'trim_min': 0, 'trim_max': 0, 'evaluations': 9, 'safe_feasible': 0, 'states': 0, 'selected_radius': 0, 'selected_trim': 0, 'selected_score': 0}, {'index': 24, 'radius_min': 0, 'radius_max': 0, 'trim_min': 0, 'trim_max': 0, 'evaluations': 9, 'safe_feasible': 1, 'states': 0, 'selected_radius': 0.2, 'selected_trim': 0.0100384, 'selected_score': 1}, {'index': 25, 'radius_min': 0, 'radius_max': 0, 'trim_min': 0, 'trim_max': 0, 'evaluations': 9, 'safe_feasible': 0, 'states': 0, 'selected_radius': 0, 'selected_trim': 0, 'selected_score': 0}, {'index': 26, 'radius_min': 0, 'radius_max': 0, 'trim_min': 0, 'trim_max': 0, 'evaluations': 9, 'safe_feasible': 0, 'states': 0, 'selected_radius': 0, 'selected_trim': 0, 'selected_score': 0}, {'index': 27, 'radius_min': 0, 'radius_max': 0, 'trim_min': 0, 'trim_max': 0, 'evaluations': 9, 'safe_feasible': 0, 'states': 0, 'selected_radius': 0, 'selected_trim': 0, 'selected_score': 0}, {'index': 28, 'radius_min': 0, 'radius_max': 0, 'trim_min': 0, 'trim_max': 0, 'evaluations': 9, 'safe_feasible': 0, 'states': 0, 'selected_radius': 0, 'selected_trim': 0, 'selected_score': 0}, {'index': 29, 'radius_min': 0, 'radius_max': 0, 'trim_min': 0, 'trim_max': 0, 'evaluations': 9, 'safe_feasible': 0, 'states': 0, 'selected_radius': 0, 'selected_trim': 0, 'selected_score': 0}, {'index': 30, 'radius_min': 0, 'radius_max': 0, 'trim_min': 0, 'trim_max': 0, 'evaluations': 9, 'safe_feasible': 0, 'states': 0, 'selected_radius': 0, 'selected_trim': 0, 'selected_score': 0}, {'index': 31, 'radius_min': 0, 'radius_max': 0, 'trim_min': 0, 'trim_max': 0, 'evaluations': 9, 'safe_feasible': 0, 'states': 0, 'selected_radius': 0, 'selected_trim': 0, 'selected_score': 0}]",32,0,288,none,6,26,1.6294447891928778,200,0.958333,274,26,"{'angular acceleration iteration did not converge': 2, 'transition would overlap an adjacent corner window': 279}",0.00103727,fixed,0.05,14.36771756898006,7,NavFnAStar,81d62284b89644fb950571c12145e38b825a8f873f6082f31bd563173a08e7b3,139,81d62284b89644fb950571c12145e38b825a8f873f6082f31bd563173a08e7b3,0,1,central_south_to_north,True,1.7001756909873171,4.358821468883443,6.880210980306723,27,0.007252203999996709
,,,,"smoothing failed: status=6, code=504, message=''",,,,,,,,,,,,,,,,,,,pivot_g2,,,,,,,,,,,,,,,,,,,,,,,,,NavFnAStar,81d62284b89644fb950571c12145e38b825a8f873f6082f31bd563173a08e7b3,,81d62284b89644fb950571c12145e38b825a8f873f6082f31bd563173a08e7b3,0,1,central_south_to_north,False,,,,,
0.0,14.766779700209167,0.02028028115785102,0.0038904973200594873,,0.5697007306669957,0.16464466339406925,0.2146446641391273,0,286,1.70018,26,253,True,69.0428,251,True,simple_default,simple,14.7668,228,True,12.309014835662651,adaptive_hybrid_fixed,0.05,267,29875d389b5dec2616ea621acb4f84b242aead64cc2f655b7ced91b824d980b4,6.800551522303143,,,,,,,,,0,0.0,,,,,,,,,0,,NavFnAStar,81d62284b89644fb950571c12145e38b825a8f873f6082f31bd563173a08e7b3,138,81d62284b89644fb950571c12145e38b825a8f873f6082f31bd563173a08e7b3,0,1,central_south_to_north,True,14.766779700209167,12.309014835662651,6.800551522303143,1,0.007821837999927084
0.006,14.766779700209167,0.02028028115785102,0.0038904973200594873,,0.5697007306669957,0.16464466339406925,0.2146446641391273,0,286,,0,,False,69.0428,251,True,pivot_unsafe,simple,14.7668,228,True,12.309014835662651,adaptive_hybrid,0.05,267,29875d389b5dec2616ea621acb4f84b242aead64cc2f655b7ced91b824d980b4,6.800551522303143,,,,,,,,,0,0.0,,,,,,,,,0,,NavFnAStar,81d62284b89644fb950571c12145e38b825a8f873f6082f31bd563173a08e7b3,138,81d62284b89644fb950571c12145e38b825a8f873f6082f31bd563173a08e7b3,0,1,central_south_to_north,True,14.766779700209167,12.309014835662651,6.800551522303143,1,0.013695797999844217
0.0,50.51848327571568,8.881784197001252e-16,1.0527253102252686e-16,,0.4371221307444989,0.18825146149581692,0.23390290478282266,0,287,,,,,,,,,,,,,16.14672471351275,raw,0.05,266,21b17e8f8f2827796c6bf5d94690fcc16a3809dbb403ef5b59510735985223d5,6.650303970600595,,,,,,,,,0,0.0,,,,,,,,,0,,NavFnAStar,21b17e8f8f2827796c6bf5d94690fcc16a3809dbb403ef5b59510735985223d5,135,21b17e8f8f2827796c6bf5d94690fcc16a3809dbb403ef5b59510735985223d5,0,1,right_south_to_north,True,50.51848327571568,16.14672471351275,6.650303970600595,1,0.007954995000091003
0.0,2.8418120124128583,0.02015040738573328,0.0029698618933056775,,0.45401072227723505,0.2808724311428359,0.30005486203680687,0,299,,,,,,,,,,,,,2.872127574233266,simple,0.05,266,3fbf9822f228d579ef239abc31babeda470c55f7e54659d0eed6fbd09da7418e,6.6208566557407345,,,,,,,,,0,0.0,,,,,,,,,0,,NavFnAStar,21b17e8f8f2827796c6bf5d94690fcc16a3809dbb403ef5b59510735985223d5,134,21b17e8f8f2827796c6bf5d94690fcc16a3809dbb403ef5b59510735985223d5,0,1,right_south_to_north,True,2.8418120124128583,2.872127574233266,6.6208566557407345,1,0.006948412999918219
0.0,9.960727038295218,0.009117094134149689,0.002046154221196331,,0.4508603783329033,0.28480087705617874,0.30005486203680687,0,310,,,,,,,,,,,,,5.913609588435364,savitzky_golay,0.05,266,389c5f4c9f233079e0d423b59929bed6856e6a4af35c8e23f9a8552d83ce456a,6.633833693062027,,,,,,,,,0,0.0,,,,,,,,,0,,NavFnAStar,21b17e8f8f2827796c6bf5d94690fcc16a3809dbb403ef5b59510735985223d5,134,21b17e8f8f2827796c6bf5d94690fcc16a3809dbb403ef5b59510735985223d5,0,1,right_south_to_north,True,9.960727038295218,5.913609588435364,6.633833693062027,1,0.006511105000299722
0.015000000000000001,20.99519371743965,0.00966251280858228,0.0019509176464059684,,0.45507756199117866,0.25619225950049973,0.30005486203680687,0,312,,,,,,,,,,,,,9.97537681199652,constrained,0.05,266,bd7c8787cdb3e8d7ca70abf6861c046e7fb3a51c1c56ae1150b8ef8fea98dd4f,6.646248682793091,,,,,,,,,0,0.0,,,,,,,,,0,,NavFnAStar,21b17e8f8f2827796c6bf5d94690fcc16a3809dbb403ef5b59510735985223d5,135,21b17e8f8f2827796c6bf5d94690fcc16a3809dbb403ef5b59510735985223d5,0,1,right_south_to_north,True,20.99519371743965,9.97537681199652,6.646248682793091,1,0.02318069500006459
0.003,51.518280090840356,0.022925063800802014,0.010401838539428167,,0.3570436937407216,0.2146446641391273,0.26464466488418537,0,525,,,,,,,,,,,,,14.453223863837984,pivot_g2_fixed,0.05,382,f5a2076f38cd71711908e554990207a080839c3f63a6950f7919a5ad9deac904,6.6464553031173725,0,30,"[{'index': 0, 'radius_min': 0, 'radius_max': 0, 'trim_min': 0, 'trim_max': 0, 'evaluations': 9, 'safe_feasible': 6, 'states': 0, 'selected_radius': 1, 'selected_trim': 0.117813, 'selected_score': 0.954483}, {'index': 1, 'radius_min': 0, 'radius_max': 0, 'trim_min': 0, 'trim_max': 0, 'evaluations': 9, 'safe_feasible': 4, 'states': 0, 'selected_radius': 0.6, 'selected_trim': 0.0521734, 'selected_score': 0.911803}, {'index': 2, 'radius_min': 0, 'radius_max': 0, 'trim_min': 0, 'trim_max': 0, 'evaluations': 9, 'safe_feasible': 3, 'states': 0, 'selected_radius': 0.5, 'selected_trim': 0.0486235, 'selected_score': 0.75}, {'index': 3, 'radius_min': 0, 'radius_max': 0, 'trim_min': 0, 'trim_max': 0, 'evaluations': 9, 'safe_feasible': 1, 'states': 0, 'selected_radius': 0.2, 'selected_trim': 0.0196601, 'selected_score': 1}, {'index': 4, 'radius_min': 0, 'radius_max': 0, 'trim_min': 0, 'trim_max': 0, 'evaluations': 9, 'safe_feasible': 0, 'states': 0, 'selected_radius': 0, 'selected_trim': 0, 'selected_score': 0}, {'index': 5, 'radius_min': 0, 'radius_max': 0, 'trim_min': 0, 'trim_max': 0, 'evaluations': 9, 'safe_feasible': 0, 'states': 0, 'selected_radius': 0, 'selected_trim': 0, 'selected_score': 0}, {'index': 6, 'radius_min': 0, 'radius_max': 0, 'trim_min': 0, 'trim_max': 0, 'evaluations': 9, 'safe_feasible': 1, 'states': 0, 'selected_radius': 0.2, 'selected_trim': 0.0135064, 'selected_score': 1}, {'index': 7, 'radius_min': 0, 'radius_max': 0, 'trim_min': 0, 'trim_max': 0, 'evaluations': 9, 'safe_feasible': 0, 'states': 0, 'selected_radius': 0, 'selected_trim': 0, 'selected_score': 0}, {'index': 8, 'radius_min': 0, 'radius_max': 0, 'trim_min': 0, 'trim_max': 0, 'evaluations': 9, 'safe_feasible': 0, 'states': 0, 'selected_radius': 0, 'selected_trim': 0, 'selected_score': 0}, {'index': 9, 'radius_min': 0, 'radius_max': 0, 'trim_min': 0, 'trim_max': 0, 'evaluations': 9, 'safe_feasible': 1, 'states': 0, 'selected_radius': 0.2, 'selected_trim': 0.00886232, 'selected_score': 1}, {'index': 10, 'radius_min': 0, 'radius_max': 0, 'trim_min': 0, 'trim_max': 0, 'evaluations': 9, 'safe_feasible': 0, 'states': 0, 'selected_radius': 0, 'selected_trim': 0, 'selected_score': 0}, {'index': 11, 'radius_min': 0, 'radius_max': 0, 'trim_min': 0, 'trim_max': 0, 'evaluations': 9, 'safe_feasible': 0, 'states': 0, 'selected_radius': 0, 'selected_trim': 0, 'selected_score': 0}, {'index': 12, 'radius_min': 0, 'radius_max': 0, 'trim_min': 0, 'trim_max': 0, 'evaluations': 9, 'safe_feasible': 0, 'states': 0, 'selected_radius': 0, 'selected_trim': 0, 'selected_score': 0}, {'index': 13, 'radius_min': 0, 'radius_max': 0, 'trim_min': 0, 'trim_max': 0, 'evaluations': 9, 'safe_feasible': 0, 'states': 0, 'selected_radius': 0, 'selected_trim': 0, 'selected_score': 0}, {'index': 14, 'radius_min': 0, 'radius_max': 0, 'trim_min': 0, 'trim_max': 0, 'evaluations': 9, 'safe_feasible': 1, 'states': 0, 'selected_radius': 0.2, 'selected_trim': 0.0103229, 'selected_score': 1}, {'index': 15, 'radius_min': 0, 'radius_max': 0, 'trim_min': 0, 'trim_max': 0, 'evaluations': 9, 'safe_feasible': 0, 'states': 0, 'selected_radius': 0, 'selected_trim': 0, 'selected_score': 0}, {'index': 16, 'radius_min': 0, 'radius_max': 0, 'trim_min': 0, 'trim_max': 0, 'evaluations': 9, 'safe_feasible': 0, 'states': 0, 'selected_radius': 0, 'selected_trim': 0, 'selected_score': 0}, {'index': 17, 'radius_min': 0, 'radius_max': 0, 'trim_min': 0, 'trim_max': 0, 'evaluations': 9, 'safe_feasible': 0, 'states': 0, 'selected_radius': 0, 'selected_trim': 0, 'selected_score': 0}, {'index': 18, 'radius_min': 0, 'radius_max': 0, 'trim_min': 0, 'trim_max': 0, 'evaluations': 9, 'safe_feasible': 1, 'states': 0, 'selected_radius': 0.2, 'selected_trim': 0.0109191, 'selected_score': 1}, {'index': 19, 'radius_min': 0, 'radius_max': 0, 'trim_min': 0, 'trim_max': 0, 'evaluations': 9, 'safe_feasible': 0, 'states': 0, 'selected_radius': 0, 'selected_trim': 0, 'selected_score': 0}, {'index': 20, 'radius_min': 0, 'radius_max': 0, 'trim_min': 0, 'trim_max': 0, 'evaluations': 9, 'safe_feasible': 0, 'states': 0, 'selected_radius': 0, 'selected_trim': 0, 'selected_score': 0}, {'index': 21, 'radius_min': 0, 'radius_max': 0, 'trim_min': 0, 'trim_max': 0, 'evaluations': 9, 'safe_feasible': 3, 'states': 0, 'selected_radius': 0.6, 'selected_trim': 0.0214452, 'selected_score': 0.920629}, {'index': 22, 'radius_min': 0, 'radius_max': 0, 'trim_min': 0, 'trim_max': 0, 'evaluations': 9, 'safe_feasible': 0, 'states': 0, 'selected_radius': 0, 'selected_trim': 0, 'selected_score': 0}, {'index': 23, 'radius_min': 0, 'radius_max': 0, 'trim_min': 0, 'trim_max': 0, 'evaluations': 9, 'safe_feasible': 0, 'states': 0, 'selected_radius': 0, 'selected_trim': 0, 'selected_score': 0}, {'index': 24, 'radius_min': 0, 'radius_max': 0, 'trim_min': 0, 'trim_max': 0, 'evaluations': 9, 'safe_feasible': 0, 'states': 0, 'selected_radius': 0, 'selected_trim': 0, 'selected_score': 0}, {'index': 25, 'radius_min': 0, 'radius_max': 0, 'trim_min': 0, 'trim_max': 0, 'evaluations': 9, 'safe_feasible': 1, 'states': 0, 'selected_radius': 0.2, 'selected_trim': 0.0109452, 'selected_score': 1}, {'index': 26, 'radius_min': 0, 'radius_max': 0, 'trim_min': 0, 'trim_max': 0, 'evaluations': 9, 'safe_feasible': 0, 'states': 0, 'selected_radius': 0, 'selected_trim': 0, 'selected_score': 0}, {'index': 27, 'radius_min': 0, 'radius_max': 0, 'trim_min': 0, 'trim_max': 0, 'evaluations': 9, 'safe_feasible': 0, 'states': 0, 'selected_radius': 0, 'selected_trim': 0, 'selected_score': 0}, {'index': 28, 'radius_min': 0, 'radius_max': 0, 'trim_min': 0, 'trim_max': 0, 'evaluations': 9, 'safe_feasible': 0, 'states': 0, 'selected_radius': 0, 'selected_trim': 0, 'selected_score': 0}, {'index': 29, 'radius_min': 0, 'radius_max': 0, 'trim_min': 0, 'trim_max': 0, 'evaluations': 9, 'safe_feasible': 0, 'states': 0, 'selected_radius': 0, 'selected_trim': 0, 'selected_score': 0}, {'index': 30, 'radius_min': 0, 'radius_max': 0, 'trim_min': 0, 'trim_max': 0, 'evaluations': 9, 'safe_feasible': 1, 'states': 0, 'selected_radius': 0.2, 'selected_trim': 0.00982583, 'selected_score': 1}, {'index': 31, 'radius_min': 0, 'radius_max': 0, 'trim_min': 0, 'trim_max': 0, 'evaluations': 9, 'safe_feasible': 0, 'states': 0, 'selected_radius': 0, 'selected_trim': 0, 'selected_score': 0}, {'index': 32, 'radius_min': 0, 'radius_max': 0, 'trim_min': 0, 'trim_max': 0, 'evaluations': 9, 'safe_feasible': 0, 'states': 0, 'selected_radius': 0, 'selected_trim': 0, 'selected_score': 0}, {'index': 33, 'radius_min': 0, 'radius_max': 0, 'trim_min': 0, 'trim_max': 0, 'evaluations': 9, 'safe_feasible': 1, 'states': 0, 'selected_radius': 0.2, 'selected_trim': 0.00914037, 'selected_score': 1}, {'index': 34, 'radius_min': 0, 'radius_max': 0, 'trim_min': 0, 'trim_max': 0, 'evaluations': 9, 'safe_feasible': 0, 'states': 0, 'selected_radius': 0, 'selected_trim': 0, 'selected_score': 0}, {'index': 35, 'radius_min': 0, 'radius_max': 0, 'trim_min': 0, 'trim_max': 0, 'evaluations': 9, 'safe_feasible': 0, 'states': 0, 'selected_radius': 0, 'selected_trim': 0, 'selected_score': 0}, {'index': 36, 'radius_min': 0, 'radius_max': 0, 'trim_min': 0, 'trim_max': 0, 'evaluations': 9, 'safe_feasible': 0, 'states': 0, 'selected_radius': 0, 'selected_trim': 0, 'selected_score': 0}, {'index': 37, 'radius_min': 0, 'radius_max': 0, 'trim_min': 0, 'trim_max': 0, 'evaluations': 9, 'safe_feasible': 0, 'states': 0, 'selected_radius': 0, 'selected_trim': 0, 'selected_score': 0}, {'index': 38, 'radius_min': 0, 'radius_max': 0, 'trim_min': 0, 'trim_max': 0, 'evaluations': 9, 'safe_feasible': 0, 'states': 0, 'selected_radius': 0, 'selected_trim': 0, 'selected_score': 0}, {'index': 39, 'radius_min': 0, 'radius_max': 0, 'trim_min': 0, 'trim_max': 0, 'evaluations': 9, 'safe_feasible': 0, 'states': 0, 'selected_radius': 0, 'selected_trim': 0, 'selected_score': 0}, {'index': 40, 'radius_min': 0, 'radius_max': 0, 'trim_min': 0, 'trim_max': 0, 'evaluations': 9, 'safe_feasible': 0, 'states': 0, 'selected_radius': 0, 'selected_trim': 0, 'selected_score': 0}, {'index': 41, 'radius_min': 0, 'radius_max': 0, 'trim_min': 0, 'trim_max': 0, 'evaluations': 9, 'safe_feasible': 0, 'states': 0, 'selected_radius': 0, 'selected_trim': 0, 'selected_score': 0}, {'index': 42, 'radius_min': 0, 'radius_max': 0, 'trim_min': 0, 'trim_max': 0, 'evaluations': 9, 'safe_feasible': 0, 'states': 0, 'selected_radius': 0, 'selected_trim': 0, 'selected_score': 0}, {'index': 43, 'radius_min': 0, 'radius_max': 0, 'trim_min': 0, 'trim_max': 0, 'evaluations': 9, 'safe_feasible': 0, 'states': 0, 'selected_radius': 0, 'selected_trim': 0, 'selected_score': 0}, {'index': 44, 'radius_min': 0, 'radius_max': 0, 'trim_min': 0, 'trim_max': 0, 'evaluations': 9, 'safe_feasible': 6, 'states': 0, 'selected_radius': 1, 'selected_trim': 0.0215316, 'selected_score': 0.970635}, {'index': 45, 'radius_min': 0, 'radius_max': 0, 'trim_min': 0, 'trim_max': 0, 'evaluations': 9, 'safe_feasible': 0, 'states': 0, 'selected_radius': 0, 'selected_trim': 0, 'selected_score': 0}]",46,0,414,none,13,33,1.2312780837925794,200,0.962119,382,33,"{'angular acceleration iteration did not converge': 7, 'transition would overlap an adjacent corner window': 377}",0.00272085,fixed,0.05,13.33907400084088,30,NavFnAStar,21b17e8f8f2827796c6bf5d94690fcc16a3809dbb403ef5b59510735985223d5,135,21b17e8f8f2827796c6bf5d94690fcc16a3809dbb403ef5b59510735985223d5,0,1,right_south_to_north,True,1.6648258285225779,2.914972076678411,6.6813368499232295,34,0.028434500000003027
,,,,"smoothing failed: status=6, code=504, message=''",,,,,,,,,,,,,,,,,,,pivot_g2,,,,,,,,,,,,,,,,,,,,,,,,,NavFnAStar,21b17e8f8f2827796c6bf5d94690fcc16a3809dbb403ef5b59510735985223d5,,21b17e8f8f2827796c6bf5d94690fcc16a3809dbb403ef5b59510735985223d5,0,1,right_south_to_north,False,,,,,
0.006,2.8418120124128583,0.02015040738573328,0.0029698618933056775,,0.45401072227723505,0.2808724311428359,0.30005486203680687,0,299,1.66483,33,177,True,50.5185,214,True,simple_default,simple,2.84181,144,True,2.872127574233266,adaptive_hybrid_fixed,0.05,266,3fbf9822f228d579ef239abc31babeda470c55f7e54659d0eed6fbd09da7418e,6.6208566557407345,,,,,,,,,0,0.0,,,,,,,,,0,,NavFnAStar,21b17e8f8f2827796c6bf5d94690fcc16a3809dbb403ef5b59510735985223d5,134,21b17e8f8f2827796c6bf5d94690fcc16a3809dbb403ef5b59510735985223d5,0,1,right_south_to_north,True,2.8418120124128583,2.872127574233266,6.6208566557407345,1,0.011126058000172634
0.015000000000000001,2.8418120124128583,0.02015040738573328,0.0029698618933056775,,0.45401072227723505,0.2808724311428359,0.30005486203680687,0,299,,0,,False,50.5185,214,True,pivot_unsafe,simple,2.84181,144,True,2.872127574233266,adaptive_hybrid,0.05,266,3fbf9822f228d579ef239abc31babeda470c55f7e54659d0eed6fbd09da7418e,6.6208566557407345,,,,,,,,,0,0.0,,,,,,,,,0,,NavFnAStar,21b17e8f8f2827796c6bf5d94690fcc16a3809dbb403ef5b59510735985223d5,134,21b17e8f8f2827796c6bf5d94690fcc16a3809dbb403ef5b59510735985223d5,0,1,right_south_to_north,True,2.8418120124128583,2.872127574233266,6.6208566557407345,1,0.01937081500000204
0.0,9.208640685884915e-11,0.0,0.0,,0.5146446686094758,0.5146446686094757,0.5146446686094757,0,112,,,,,,,,,,,,,4.291536335176199e-05,raw,0.05,110,1d42386cca9a7372817d3620841662533ccd7594b83a2a609ffe355668937b9c,2.7999999850989536,,,,,,,,,0,0.0,,,,,,,,,0,,NavFnAStar,1d42386cca9a7372817d3620841662533ccd7594b83a2a609ffe355668937b9c,57,1d42386cca9a7372817d3620841662533ccd7594b83a2a609ffe355668937b9c,0,1,upper_open_short,True,9.208640685884915e-11,4.291536335176199e-05,2.7999999850989536,1,0.0035265999999865016
0.0,2.797995831056164e-12,6.727822166041619e-08,1.032890788290622e-08,,0.5146446686094759,0.5146446686094757,0.5146446686094757,0,110,,,,,,,,,,,,,4.6023853172990104e-06,simple,0.05,110,110ed904ab240ef7d031aa8f3038f84cacf728c995b6690669ecc8369ad4a1ed,2.7999999850988697,,,,,,,,,0,0.0,,,,,,,,,0,,NavFnAStar,1d42386cca9a7372817d3620841662533ccd7594b83a2a609ffe355668937b9c,57,1d42386cca9a7372817d3620841662533ccd7594b83a2a609ffe355668937b9c,0,1,upper_open_short,True,2.797995831056164e-12,4.6023853172990104e-06,2.7999999850988697,1,0.004721800999959669
0.0,1.155217345508268e-11,4.8415617737163075e-08,6.591110026953787e-09,,0.5146446686094759,0.5146446686094757,0.5146446686094757,0,110,,,,,,,,,,,,,9.222650732000944e-06,savitzky_golay,0.05,110,0f8fa80675560d80449c602c7150e18465496cf4e9b79527772ecce8a3f2ebc4,2.7999999850988915,,,,,,,,,0,0.0,,,,,,,,,0,,NavFnAStar,1d42386cca9a7372817d3620841662533ccd7594b83a2a609ffe355668937b9c,57,1d42386cca9a7372817d3620841662533ccd7594b83a2a609ffe355668937b9c,0,1,upper_open_short,True,1.155217345508268e-11,9.222650732000944e-06,2.7999999850988915,1,0.004308589000174834
0.0,9.208640685884915e-11,0.0,0.0,,0.5146446686094758,0.5146446686094757,0.5146446686094757,0,112,,,,,,,,,,,,,4.291536335176199e-05,constrained,0.05,110,1d42386cca9a7372817d3620841662533ccd7594b83a2a609ffe355668937b9c,2.7999999850989536,,,,,,,,,0,0.0,,,,,,,,,0,,NavFnAStar,1d42386cca9a7372817d3620841662533ccd7594b83a2a609ffe355668937b9c,57,1d42386cca9a7372817d3620841662533ccd7594b83a2a609ffe355668937b9c,0,1,upper_open_short,True,9.208640685884915e-11,4.291536335176199e-05,2.7999999850989536,1,0.0042489600000408245
0.0,5.377133488725522e-26,1.0537249739428489e-07,6.05742964155003e-08,,0.5146446686094758,0.5146446686094757,0.5146446686094757,0,57,,,,,,,,,,,,,3.552713748283655e-13,pivot_g2_fixed,0.05,57,6dc2339dac10d593477aec67bd71434797c5c109e9cfd86667a23a364c1ff631,2.7999999850988404,0,0,[],0,0,0,none,0,0,0.0,200,0,57,0,{},0.00010446,fixed,0.05,0,0,NavFnAStar,1d42386cca9a7372817d3620841662533ccd7594b83a2a609ffe355668937b9c,57,1d42386cca9a7372817d3620841662533ccd7594b83a2a609ffe355668937b9c,0,1,upper_open_short,True,5.377133488725522e-26,3.552713748283655e-13,2.7999999850988404,1,0.0035309639997649356
0.0,5.377133488725522e-26,1.0537249739428489e-07,6.05742964155003e-08,,0.5146446686094758,0.5146446686094757,0.5146446686094757,0,57,,,,,,,,,,,,,3.552713748283655e-13,pivot_g2,0.05,57,6dc2339dac10d593477aec67bd71434797c5c109e9cfd86667a23a364c1ff631,2.7999999850988404,0,0,[],0,0,0,none,0,0,0.0,200,0,57,0,{},0.000159186,adaptive,0.05,0,0,NavFnAStar,1d42386cca9a7372817d3620841662533ccd7594b83a2a609ffe355668937b9c,57,1d42386cca9a7372817d3620841662533ccd7594b83a2a609ffe355668937b9c,0,1,upper_open_short,True,5.377133488725522e-26,3.552713748283655e-13,2.7999999850988404,1,0.003966698000112956
0.003,2.797995831056164e-12,6.727822166041619e-08,1.032890788290622e-08,,0.5146446686094759,0.5146446686094757,0.5146446686094757,0,110,5.37713e-26,0,0,True,9.20864e-11,0,True,simple_default,simple,2.798e-12,0,True,4.6023853172990104e-06,adaptive_hybrid_fixed,0.05,110,110ed904ab240ef7d031aa8f3038f84cacf728c995b6690669ecc8369ad4a1ed,2.7999999850988697,,,,,,,,,0,0.0,,,,,,,,,0,,NavFnAStar,1d42386cca9a7372817d3620841662533ccd7594b83a2a609ffe355668937b9c,57,1d42386cca9a7372817d3620841662533ccd7594b83a2a609ffe355668937b9c,0,1,upper_open_short,True,2.797995831056164e-12,4.6023853172990104e-06,2.7999999850988697,1,0.004438758000105736
0.003,2.797995831056164e-12,6.727822166041619e-08,1.032890788290622e-08,,0.5146446686094759,0.5146446686094757,0.5146446686094757,0,110,5.37713e-26,0,0,True,9.20864e-11,0,True,simple_default,simple,2.798e-12,0,True,4.6023853172990104e-06,adaptive_hybrid,0.05,110,110ed904ab240ef7d031aa8f3038f84cacf728c995b6690669ecc8369ad4a1ed,2.7999999850988697,,,,,,,,,0,0.0,,,,,,,,,0,,NavFnAStar,1d42386cca9a7372817d3620841662533ccd7594b83a2a609ffe355668937b9c,57,1d42386cca9a7372817d3620841662533ccd7594b83a2a609ffe355668937b9c,0,1,upper_open_short,True,2.797995831056164e-12,4.6023853172990104e-06,2.7999999850988697,1,0.00364216599973588
0.003,45.44217460162667,4.440892098500626e-16,8.134549667915786e-17,,0.4291142598122478,0.16464466339406925,0.18825146149581692,0,191,,,,,,,,,,,,,10.710950782989505,raw,0.05,182,6bedc2ae54aff188ced79543ca83b8f2d048fb3b8e5cf12da84c7f9653b3236f,4.6170142582974005,,,,,,,,,0,0.0,,,,,,,,,0,,NavFnAStar,6bedc2ae54aff188ced79543ca83b8f2d048fb3b8e5cf12da84c7f9653b3236f,95,6bedc2ae54aff188ced79543ca83b8f2d048fb3b8e5cf12da84c7f9653b3236f,0,1,lower_left_diagonal,True,45.44217460162667,10.710950782989505,4.6170142582974005,1,0.003485284999896976
0.003,4.483166243787226,0.015089413669998853,0.003959982164139033,,0.41809821199727504,0.23390290478282266,0.25619225950049973,0,185,,,,,,,,,,,,,3.7681702190447575,simple,0.05,182,8534de08d3da164dfa571e29552245fa72556829741484742e81b43d25e0f8b1,4.58284600084574,,,,,,,,,0,0.0,,,,,,,,,0,,NavFnAStar,6bedc2ae54aff188ced79543ca83b8f2d048fb3b8e5cf12da84c7f9653b3236f,93,6bedc2ae54aff188ced79543ca83b8f2d048fb3b8e5cf12da84c7f9653b3236f,0,1,lower_left_diagonal,True,4.483166243787226,3.7681702190447575,4.58284600084574,1,0.005496909000157757
0.0,16.539709873378357,0.007027843198083151,0.0018839352761487595,,0.4051601773085894,0.2146446641391273,0.23390290478282266,0,210,,,,,,,,,,,,,7.997832382078724,savitzky_golay,0.05,182,8a4f548255645dc07b063f086207dc5cf2a49c2cf43528411a9592c72024a89d,4.602346020479313,,,,,,,,,0,0.0,,,,,,,,,0,,NavFnAStar,6bedc2ae54aff188ced79543ca83b8f2d048fb3b8e5cf12da84c7f9653b3236f,94,6bedc2ae54aff188ced79543ca83b8f2d048fb3b8e5cf12da84c7f9653b3236f,0,1,lower_left_diagonal,True,16.539709873378357,7.997832382078724,4.602346020479313,1,0.005613378999896668
0.009000000000000001,22.741743732123705,0.007094807522574143,0.001975748988926575,,0.40099928839068616,0.2146446641391273,0.23390290478282266,0,221,,,,,,,,,,,,,8.02494291709017,constrained,0.05,182,a86fc91fad0ce729cda944059bdee25f00626ec2a7bee9556427e87ad65fbbf1,4.608841041681518,,,,,,,,,0,0.0,,,,,,,,,0,,NavFnAStar,6bedc2ae54aff188ced79543ca83b8f2d048fb3b8e5cf12da84c7f9653b3236f,94,6bedc2ae54aff188ced79543ca83b8f2d048fb3b8e5cf12da84c7f9653b3236f,0,1,lower_left_diagonal,True,22.741743732123705,8.02494291709017,4.608841041681518,1,0.01437551099979828
0.0,40.08136862364701,0.008464584504762843,0.0036252583505348122,,0.3517008800852043,0.16464466339406925,0.18825146149581692,0,418,,,,,,,,,,,,,10.688969726555682,pivot_g2_fixed,0.05,230,05478527f6b392d710fe1f72b4e4a822a8dfbca580c03fc28c65b12db6333ddb,4.6127504646915005,0,10,"[{'index': 0, 'radius_min': 0, 'radius_max': 0, 'trim_min': 0, 'trim_max': 0, 'evaluations': 9, 'safe_feasible': 7, 'states': 0, 'selected_radius': 1.25, 'selected_trim': 0.135411, 'selected_score': 1}, {'index': 1, 'radius_min': 0, 'radius_max': 0, 'trim_min': 0, 'trim_max': 0, 'evaluations': 9, 'safe_feasible': 0, 'states': 0, 'selected_radius': 0, 'selected_trim': 0, 'selected_score': 0}, {'index': 2, 'radius_min': 0, 'radius_max': 0, 'trim_min': 0, 'trim_max': 0, 'evaluations': 9, 'safe_feasible': 0, 'states': 0, 'selected_radius': 0, 'selected_trim': 0, 'selected_score': 0}, {'index': 3, 'radius_min': 0, 'radius_max': 0, 'trim_min': 0, 'trim_max': 0, 'evaluations': 9, 'safe_feasible': 0, 'states': 0, 'selected_radius': 0, 'selected_trim': 0, 'selected_score': 0}, {'index': 4, 'radius_min': 0, 'radius_max': 0, 'trim_min': 0, 'trim_max': 0, 'evaluations': 9, 'safe_feasible': 0, 'states': 0, 'selected_radius': 0, 'selected_trim': 0, 'selected_score': 0}, {'index': 5, 'radius_min': 0, 'radius_max': 0, 'trim_min': 0, 'trim_max': 0, 'evaluations': 9, 'safe_feasible': 1, 'states': 0, 'selected_radius': 0.2, 'selected_trim': 0.016962, 'selected_score': 1}, {'index': 6, 'radius_min': 0, 'radius_max': 0, 'trim_min': 0, 'trim_max': 0, 'evaluations': 9, 'safe_feasible': 1, 'states': 0, 'selected_radius': 0.2, 'selected_trim': 0.0166871, 'selected_score': 1}, {'index': 7, 'radius_min': 0, 'radius_max': 0, 'trim_min': 0, 'trim_max': 0, 'evaluations': 9, 'safe_feasible': 1, 'states': 0, 'selected_radius': 0.2, 'selected_trim': 0.0103908, 'selected_score': 1}, {'index': 8, 'radius_min': 0, 'radius_max': 0, 'trim_min': 0, 'trim_max': 0, 'evaluations': 9, 'safe_feasible': 0, 'states': 0, 'selected_radius': 0, 'selected_trim': 0, 'selected_score': 0}, {'index': 9, 'radius_min': 0, 'radius_max': 0, 'trim_min': 0, 'trim_max': 0, 'evaluations': 9, 'safe_feasible': 1, 'states': 0, 'selected_radius': 0.2, 'selected_trim': 0.0106505, 'selected_score': 1}, {'index': 10, 'radius_min': 0, 'radius_max': 0, 'trim_min': 0, 'trim_max': 0, 'evaluations': 9, 'safe_feasible': 0, 'states': 0, 'selected_radius': 0, 'selected_trim': 0, 'selected_score': 0}, {'index': 11, 'radius_min': 0, 'radius_max': 0, 'trim_min': 0, 'trim_max': 0, 'evaluations': 9, 'safe_feasible': 0, 'states': 0, 'selected_radius': 0, 'selected_trim': 0, 'selected_score': 0}, {'index': 12, 'radius_min': 0, 'radius_max': 0, 'trim_min': 0, 'trim_max': 0, 'evaluations': 9, 'safe_feasible': 0, 'states': 0, 'selected_radius': 0, 'selected_trim': 0, 'selected_score': 0}, {'index': 13, 'radius_min': 0, 'radius_max': 0, 'trim_min': 0, 'trim_max': 0, 'evaluations': 9, 'safe_feasible': 0, 'states': 0, 'selected_radius': 0, 'selected_trim': 0, 'selected_score': 0}, {'index': 14, 'radius_min': 0, 'radius_max': 0, 'trim_min': 0, 'trim_max': 0, 'evaluations': 9, 'safe_feasible': 0, 'states': 0, 'selected_radius': 0, 'selected_trim': 0, 'selected_score': 0}, {'index': 15, 'radius_min': 0, 'radius_max': 0, 'trim_min': 0, 'trim_max': 0, 'evaluations': 9, 'safe_feasible': 0, 'states': 0, 'selected_radius': 0, 'selected_trim': 0, 'selected_score': 0}, {'index': 16, 'radius_min': 0, 'radius_max': 0, 'trim_min': 0, 'trim_max': 0, 'evaluations': 9, 'safe_feasible': 0, 'states': 0, 'selected_radius': 0, 'selected_trim': 0, 'selected_score': 0}, {'index': 17, 'radius_min': 0, 'radius_max': 0, 'trim_min': 0, 'trim_max': 0, 'evaluations': 9, 'safe_feasible': 0, 'states': 0, 'selected_radius': 0, 'selected_trim': 0, 'selected_score': 0}, {'index': 18, 'radius_min': 0, 'radius_max': 0, 'trim_min': 0, 'trim_max': 0, 'evaluations': 9, 'safe_feasible': 0, 'states': 0, 'selected_radius': 0, 'selected_trim': 0, 'selected_score': 0}, {'index': 19, 'radius_min': 0, 'radius_max': 0, 'trim_min': 0, 'trim_max': 0, 'evaluations': 9, 'safe_feasible': 0, 'states': 0, 'selected_radius': 0, 'selected_trim': 0, 'selected_score': 0}, {'index': 20, 'radius_min': 0, 'radius_max': 0, 'trim_min': 0, 'trim_max': 0, 'evaluations': 9, 'safe_feasible': 0, 'states': 0, 'selected_radius': 0, 'selected_trim': 0, 'selected_score': 0}, {'index': 21, 'radius_min': 0, 'radius_max': 0, 'trim_min': 0, 'trim_max': 0, 'evaluations': 9, 'safe_feasible': 0, 'states': 0, 'selected_radius': 0, 'selected_trim': 0, 'selected_score': 0}, {'index': 22, 'radius_min': 0, 'radius_max': 0, 'trim_min': 0, 'trim_max': 0, 'evaluations': 9, 'safe_feasible': 0, 'states': 0, 'selected_radius': 0, 'selected_trim': 0, 'selected_score': 0}, {'index': 23, 'radius_min': 0, 'radius_max': 0, 'trim_min': 0, 'trim_max': 0, 'evaluations': 9, 'safe_feasible': 0, 'states': 0, 'selected_radius': 0, 'selected_trim': 0, 'selected_score': 0}, {'index': 24, 'radius_min': 0, 'radius_max': 0, 'trim_min': 0, 'trim_max': 0, 'evaluations': 9, 'safe_feasible': 0, 'states': 0, 'selected_radius': 0, 'selected_trim': 0, 'selected_score': 0}, {'index': 25, 'radius_min': 0, 'radius_max': 0, 'trim_min': 0, 'trim_max': 0, 'evaluations': 9, 'safe_feasible': 0, 'states': 0, 'selected_radius': 0, 'selected_trim': 0, 'selected_score': 0}, {'index': 26, 'radius_min': 0, 'radius_max': 0, 'trim_min': 0, 'trim_max': 0, 'evaluations': 9, 'safe_feasible': 0, 'states': 0, 'selected_radius': 0, 'selected_trim': 0, 'selected_score': 0}, {'index': 27, 'radius_min': 0, 'radius_max': 0, 'trim_min': 0, 'trim_max': 0, 'evaluations': 9, 'safe_feasible': 0, 'states': 0, 'selected_radius': 0, 'selected_trim': 0, 'selected_score': 0}, {'index': 28, 'radius_min': 0, 'radius_max': 0, 'trim_min': 0, 'trim_max': 0, 'evaluations': 9, 'safe_feasible': 0, 'states': 0, 'selected_radius': 0, 'selected_trim': 0, 'selected_score': 0}, {'index': 29, 'radius_min': 0, 'radius_max': 0, 'trim_min': 0, 'trim_max': 0, 'evaluations': 9, 'safe_feasible': 0, 'states': 0, 'selected_radius': 0, 'selected_trim': 0, 'selected_score': 0}, {'index': 30, 'radius_min': 0, 'radius_max': 0, 'trim_min': 0, 'trim_max': 0, 'evaluations': 9, 'safe_feasible': 0, 'states': 0, 'selected_radius': 0, 'selected_trim': 0, 'selected_score': 0}, {'index': 31, 'radius_min': 0, 'radius_max': 0, 'trim_min': 0, 'trim_max': 0, 'evaluations': 9, 'safe_feasible': 0, 'states': 0, 'selected_radius': 0, 'selected_trim': 0, 'selected_score': 0}, {'index': 32, 'radius_min': 0, 'radius_max': 0, 'trim_min': 0, 'trim_max': 0, 'evaluations': 9, 'safe_feasible': 0, 'states': 0, 'selected_radius': 0, 'selected_trim': 0, 'selected_score': 0}, {'index': 33, 'radius_min': 0, 'radius_max': 0, 'trim_min': 0, 'trim_max': 0, 'evaluations': 9, 'safe_feasible': 0, 'states': 0, 'selected_radius': 0, 'selected_trim': 0, 'selected_score': 0}, {'index': 34, 'radius_min': 0, 'radius_max': 0, 'trim_min': 0, 'trim_max': 0, 'evaluations': 9, 'safe_feasible': 0, 'states': 0, 'selected_radius': 0, 'selected_trim': 0, 'selected_score': 0}, {'index': 35, 'radius_min': 0, 'radius_max': 0, 'trim_min': 0, 'trim_max': 0, 'evaluations': 9, 'safe_feasible': 0, 'states': 0, 'selected_radius': 0, 'selected_trim': 0, 'selected_score': 0}, {'index': 36, 'radius_min': 0, 'radius_max': 0, 'trim_min': 0, 'trim_max': 0, 'evaluations': 9, 'safe_feasible': 0, 'states': 0, 'selected_radius': 0, 'selected_trim': 0, 'selected_score': 0}, {'index': 37, 'radius_min': 0, 'radius_max': 0, 'trim_min': 0, 'trim_max': 0, 'evaluations': 9, 'safe_feasible': 0, 'states': 0, 'selected_radius': 0, 'selected_trim': 0, 'selected_score': 0}, {'index': 38, 'radius_min': 0, 'radius_max': 0, 'trim_min': 0, 'trim_max': 0, 'evaluations': 9, 'safe_feasible': 0, 'states': 0, 'selected_radius': 0, 'selected_trim': 0, 'selected_score': 0}, {'index': 39, 'radius_min': 0, 'radius_max': 0, 'trim_min': 0, 'trim_max': 0, 'evaluations': 9, 'safe_feasible': 0, 'states': 0, 'selected_radius': 0, 'selected_trim': 0, 'selected_score': 0}, {'index': 40, 'radius_min': 0, 'radius_max': 0, 'trim_min': 0, 'trim_max': 0, 'evaluations': 9, 'safe_feasible': 0, 'states': 0, 'selected_radius': 0, 'selected_trim': 0, 'selected_score': 0}, {'index': 41, 'radius_min': 0, 'radius_max': 0, 'trim_min': 0, 'trim_max': 0, 'evaluations': 9, 'safe_feasible': 0, 'states': 0, 'selected_radius': 0, 'selected_trim': 0, 'selected_score': 0}, {'index': 42, 'radius_min': 0, 'radius_max': 0, 'trim_min': 0, 'trim_max': 0, 'evaluations': 9, 'safe_feasible': 0, 'states': 0, 'selected_radius': 0, 'selected_trim': 0, 'selected_score': 0}, {'index': 43, 'radius_min': 0, 'radius_max': 0, 'trim_min': 0, 'trim_max': 0, 'evaluations': 9, 'safe_feasible': 0, 'states': 0, 'selected_radius': 0, 'selected_trim': 0, 'selected_score': 0}, {'index': 44, 'radius_min': 0, 'radius_max': 0, 'trim_min': 0, 'trim_max': 0, 'evaluations': 9, 'safe_feasible': 0, 'states': 0, 'selected_radius': 0, 'selected_trim': 0, 'selected_score': 0}, {'index': 45, 'radius_min': 0, 'radius_max': 0, 'trim_min': 0, 'trim_max': 0, 'evaluations': 9, 'safe_feasible': 0, 'states': 0, 'selected_radius': 0, 'selected_trim': 0, 'selected_score': 0}, {'index': 46, 'radius_min': 0, 'radius_max': 0, 'trim_min': 0, 'trim_max': 0, 'evaluations': 9, 'safe_feasible': 0, 'states': 0, 'selected_radius': 0, 'selected_trim': 0, 'selected_score': 0}]",47,0,423,none,5,41,1.0908804735482827,200,1,230,42,"{'angular acceleration iteration did not converge': 3, 'transition would overlap an adjacent corner window': 400, 'turn angle is outside the transition domain': 9}",0.00117676,fixed,0.05,18.39071140798439,11,NavFnAStar,6bedc2ae54aff188ced79543ca83b8f2d048fb3b8e5cf12da84c7f9653b3236f,95,6bedc2ae54aff188ced79543ca83b8f2d048fb3b8e5cf12da84c7f9653b3236f,0,1,lower_left_diagonal,True,1.261775730873605,3.119639241996372,4.653713970956556,42,0.005947264000042196
,,,,"smoothing failed: status=6, code=504, message=''",,,,,,,,,,,,,,,,,,,pivot_g2,,,,,,,,,,,,,,,,,,,,,,,,,NavFnAStar,6bedc2ae54aff188ced79543ca83b8f2d048fb3b8e5cf12da84c7f9653b3236f,,6bedc2ae54aff188ced79543ca83b8f2d048fb3b8e5cf12da84c7f9653b3236f,0,1,lower_left_diagonal,False,,,,,
0.003,4.483166243787226,0.015089413669998853,0.003959982164139033,,0.41809821199727504,0.23390290478282266,0.25619225950049973,0,185,1.26178,41,251,True,45.4422,251,True,simple_default,simple,4.48317,177,True,3.7681702190447575,adaptive_hybrid_fixed,0.05,182,8534de08d3da164dfa571e29552245fa72556829741484742e81b43d25e0f8b1,4.58284600084574,,,,,,,,,0,0.0,,,,,,,,,0,,NavFnAStar,6bedc2ae54aff188ced79543ca83b8f2d048fb3b8e5cf12da84c7f9653b3236f,93,6bedc2ae54aff188ced79543ca83b8f2d048fb3b8e5cf12da84c7f9653b3236f,0,1,lower_left_diagonal,True,4.483166243787226,3.7681702190447575,4.58284600084574,1,0.006666552000297088
0.009000000000000001,4.483166243787226,0.015089413669998853,0.003959982164139033,,0.41809821199727504,0.23390290478282266,0.25619225950049973,0,185,,0,,False,45.4422,251,True,pivot_unsafe,simple,4.48317,177,True,3.7681702190447575,adaptive_hybrid,0.05,182,8534de08d3da164dfa571e29552245fa72556829741484742e81b43d25e0f8b1,4.58284600084574,,,,,,,,,0,0.0,,,,,,,,,0,,NavFnAStar,6bedc2ae54aff188ced79543ca83b8f2d048fb3b8e5cf12da84c7f9653b3236f,93,6bedc2ae54aff188ced79543ca83b8f2d048fb3b8e5cf12da84c7f9653b3236f,0,1,lower_left_diagonal,True,4.483166243787226,3.7681702190447575,4.58284600084574,1,0.0148806280003555
0.003,1.7763614716181782e-12,0.0,0.0,,0.7140896970626842,0.6447181959844944,0.7146446715897079,0,292,,,,,,,,,,,,,5.9604738034203535e-06,raw,0.05,290,be14d93aff78ca16b2f92bbb5d5e98f259e4565841c31705a5b127bd8f5ca41b,7.299999947845938,,,,,,,,,0,0.0,,,,,,,,,0,,NavFnDijkstra,be14d93aff78ca16b2f92bbb5d5e98f259e4565841c31705a5b127bd8f5ca41b,147,be14d93aff78ca16b2f92bbb5d5e98f259e4565841c31705a5b127bd8f5ca41b,0,1,straight_lower_aisle,True,1.7763614716181782e-12,5.9604738034203535e-06,7.299999947845938,1,0.005948246000116342
0.003,5.397380654863941e-14,9.344196971738938e-09,8.933066392227504e-10,,0.714108961247787,0.6447181959844944,0.7146446715897079,0,290,,,,,,,,,,,,,6.392212981154437e-07,simple,0.05,290,91ee51f8939ae83354405ee1b2d9ffdd35d275ad207b441045bbde3cbde626f0,7.2999999478459365,,,,,,,,,0,0.0,,,,,,,,,0,,NavFnDijkstra,be14d93aff78ca16b2f92bbb5d5e98f259e4565841c31705a5b127bd8f5ca41b,147,be14d93aff78ca16b2f92bbb5d5e98f259e4565841c31705a5b127bd8f5ca41b,0,1,straight_lower_aisle,True,5.397380654863941e-14,6.392212981154437e-07,7.2999999478459365,1,0.0070156609999685315
0.0,2.2284348670517425e-13,6.7243886014978216e-09,5.700390583637994e-10,,0.714108961247787,0.6447181959844944,0.7146446715897079,0,290,,,,,,,,,,,,,1.2809257654566832e-06,savitzky_golay,0.05,290,03db3973afa47bbc07a72a16fa7eff76094d57797268a9f1b3e5c41967deffa9,7.2999999478459365,,,,,,,,,0,0.0,,,,,,,,,0,,NavFnDijkstra,be14d93aff78ca16b2f92bbb5d5e98f259e4565841c31705a5b127bd8f5ca41b,147,be14d93aff78ca16b2f92bbb5d5e98f259e4565841c31705a5b127bd8f5ca41b,0,1,straight_lower_aisle,True,2.2284348670517425e-13,1.2809257654566832e-06,7.2999999478459365,1,0.007602129000133573
0.0,1.7763614716181782e-12,0.0,0.0,,0.7140896970626842,0.6447181959844944,0.7146446715897079,0,292,,,,,,,,,,,,,5.9604738034203535e-06,constrained,0.05,290,be14d93aff78ca16b2f92bbb5d5e98f259e4565841c31705a5b127bd8f5ca41b,7.299999947845938,,,,,,,,,0,0.0,,,,,,,,,0,,NavFnDijkstra,be14d93aff78ca16b2f92bbb5d5e98f259e4565841c31705a5b127bd8f5ca41b,147,be14d93aff78ca16b2f92bbb5d5e98f259e4565841c31705a5b127bd8f5ca41b,0,1,straight_lower_aisle,True,1.7763614716181782e-12,5.9604738034203535e-06,7.299999947845938,1,0.006482490000053076
0.0,5.688865484455407e-26,1.4799098391193866e-08,8.529820412649114e-09,,0.713855627244483,0.6447181959844944,0.7146446715897079,0,147,,,,,,,,,,,,,1.776356839503667e-13,pivot_g2_fixed,0.05,147,d0c4b934cab7e7bc2ba152c5bc2239287818340c65b220f11c7ffa9fdb4743a0,7.299999947845936,0,0,[],0,0,0,none,0,0,0.0,200,0,147,0,{},0.000164516,fixed,0.05,0,0,NavFnDijkstra,be14d93aff78ca16b2f92bbb5d5e98f259e4565841c31705a5b127bd8f5ca41b,147,be14d93aff78ca16b2f92bbb5d5e98f259e4565841c31705a5b127bd8f5ca41b,0,1,straight_lower_aisle,True,5.688865484455407e-26,1.776356839503667e-13,7.299999947845936,1,0.005778169000222988
0.0,5.688865484455407e-26,1.4799098391193866e-08,8.529820412649114e-09,,0.713855627244483,0.6447181959844944,0.7146446715897079,0,147,,,,,,,,,,,,,1.776356839503667e-13,pivot_g2,0.05,147,d0c4b934cab7e7bc2ba152c5bc2239287818340c65b220f11c7ffa9fdb4743a0,7.299999947845936,0,0,[],0,0,0,none,0,0,0.0,200,0,147,0,{},0.000260245,adaptive,0.05,0,0,NavFnDijkstra,be14d93aff78ca16b2f92bbb5d5e98f259e4565841c31705a5b127bd8f5ca41b,147,be14d93aff78ca16b2f92bbb5d5e98f259e4565841c31705a5b127bd8f5ca41b,0,1,straight_lower_aisle,True,5.688865484455407e-26,1.776356839503667e-13,7.299999947845936,1,0.005323119999957271
0.003,5.397380654863941e-14,9.344196971738938e-09,8.933066392227504e-10,,0.714108961247787,0.6447181959844944,0.7146446715897079,0,290,5.68887e-26,0,0,True,1.77636e-12,0,True,simple_default,simple,5.39738e-14,0,True,6.392212981154437e-07,adaptive_hybrid_fixed,0.05,290,91ee51f8939ae83354405ee1b2d9ffdd35d275ad207b441045bbde3cbde626f0,7.2999999478459365,,,,,,,,,0,0.0,,,,,,,,,0,,NavFnDijkstra,be14d93aff78ca16b2f92bbb5d5e98f259e4565841c31705a5b127bd8f5ca41b,147,be14d93aff78ca16b2f92bbb5d5e98f259e4565841c31705a5b127bd8f5ca41b,0,1,straight_lower_aisle,True,5.397380654863941e-14,6.392212981154437e-07,7.2999999478459365,1,0.008406609000303433
0.0,5.397380654863941e-14,9.344196971738938e-09,8.933066392227504e-10,,0.714108961247787,0.6447181959844944,0.7146446715897079,0,290,5.68887e-26,0,0,True,1.77636e-12,0,True,simple_default,simple,5.39738e-14,0,True,6.392212981154437e-07,adaptive_hybrid,0.05,290,91ee51f8939ae83354405ee1b2d9ffdd35d275ad207b441045bbde3cbde626f0,7.2999999478459365,,,,,,,,,0,0.0,,,,,,,,,0,,NavFnDijkstra,be14d93aff78ca16b2f92bbb5d5e98f259e4565841c31705a5b127bd8f5ca41b,147,be14d93aff78ca16b2f92bbb5d5e98f259e4565841c31705a5b127bd8f5ca41b,0,1,straight_lower_aisle,True,5.397380654863941e-14,6.392212981154437e-07,7.2999999478459365,1,0.008729098000003432
0.0,25.677326266711724,2.220446049250313e-16,7.998132831212724e-17,,0.3740057866411953,0.17677669793081488,0.18825146149581692,0,156,,,,,,,,,,,,,10.656303080685946,raw,0.05,155,d4ab89b862a92baa6ca51409a0900c96e9b8e510a290f238d958531aa7f6ce70,3.883743469371417,,,,,,,,,0,0.0,,,,,,,,,0,,NavFnDijkstra,d4ab89b862a92baa6ca51409a0900c96e9b8e510a290f238d958531aa7f6ce70,79,d4ab89b862a92baa6ca51409a0900c96e9b8e510a290f238d958531aa7f6ce70,0,1,crate_detour,True,25.677326266711724,10.656303080685946,3.883743469371417,1,0.004023645999950531
0.0,3.761066087565541,0.013998843034938209,0.0033085541162817377,,0.3910558971131362,0.25619225950049973,0.25619225950049973,0,166,,,,,,,,,,,,,3.5578535860544576,simple,0.05,155,823496834170d2bcc7bbc576c43595bd23d94dbd9f5ca2dbec13619dc2347a10,3.8615660544026533,,,,,,,,,0,0.0,,,,,,,,,0,,NavFnDijkstra,d4ab89b862a92baa6ca51409a0900c96e9b8e510a290f238d958531aa7f6ce70,79,d4ab89b862a92baa6ca51409a0900c96e9b8e510a290f238d958531aa7f6ce70,0,1,crate_detour,True,3.761066087565541,3.5578535860544576,3.8615660544026533,1,0.005668144000082975
0.0,11.451850792966512,0.0036629211927432567,0.0009315811956552779,,0.3898016358529049,0.23390290478282266,0.25619225950049973,0,181,,,,,,,,,,,,,7.492689946797841,savitzky_golay,0.05,155,352a334d38a464d8bf4c212d9891e2b90ba12815e9dd4bb3a8f5303d5e924984,3.8761304180602654,,,,,,,,,0,0.0,,,,,,,,,0,,NavFnDijkstra,d4ab89b862a92baa6ca51409a0900c96e9b8e510a290f238d958531aa7f6ce70,79,d4ab89b862a92baa6ca51409a0900c96e9b8e510a290f238d958531aa7f6ce70,0,1,crate_detour,True,11.451850792966512,7.492689946797841,3.8761304180602654,1,0.005834142999901815
0.009000000000000001,19.96416298296546,0.011225668646903506,0.0025285588765783878,,0.41778635229064504,0.23390290478282266,0.25619225950049973,0,203,,,,,,,,,,,,,12.828930741533494,constrained,0.05,155,fb78f3911fd7b28ad859be1c550ffaf99bcc597d90ea4aa79a0ffda60824c955,3.886932573778767,,,,,,,,,0,0.0,,,,,,,,,0,,NavFnDijkstra,d4ab89b862a92baa6ca51409a0900c96e9b8e510a290f238d958531aa7f6ce70,79,d4ab89b862a92baa6ca51409a0900c96e9b8e510a290f238d958531aa7f6ce70,0,1,crate_detour,True,19.96416298296546,12.828930741533494,3.886932573778767,1,0.013355660999877728
0.0,27.356577325429665,0.01698298533473095,0.006090703314977115,,0.330269919412959,0.16464466339406925,0.21959563989254183,0,304,,,,,,,,,,,,,10.720747518085401,pivot_g2_fixed,0.05,213,1f784680931bf1e89f13183a4ced006c825ff0908772d17923ba3eaf21c2e001,3.8820832623182464,0,12,"[{'index': 0, 'radius_min': 0, 'radius_max': 0, 'trim_min': 0, 'trim_max': 0, 'evaluations': 9, 'safe_feasible': 0, 'states': 0, 'selected_radius': 0, 'selected_trim': 0, 'selected_score': 0}, {'index': 1, 'radius_min': 0, 'radius_max': 0, 'trim_min': 0, 'trim_max': 0, 'evaluations': 9, 'safe_feasible': 0, 'states': 0, 'selected_radius': 0, 'selected_trim': 0, 'selected_score': 0}, {'index': 2, 'radius_min': 0, 'radius_max': 0, 'trim_min': 0, 'trim_max': 0, 'evaluations': 9, 'safe_feasible': 0, 'states': 0, 'selected_radius': 0, 'selected_trim': 0, 'selected_score': 0}, {'index': 3, 'radius_min': 0, 'radius_max': 0, 'trim_min': 0, 'trim_max': 0, 'evaluations': 9, 'safe_feasible': 1, 'states': 0, 'selected_radius': 0.2, 'selected_trim': 0.0148137, 'selected_score': 1}, {'index': 4, 'radius_min': 0, 'radius_max': 0, 'trim_min': 0, 'trim_max': 0, 'evaluations': 9, 'safe_feasible': 0, 'states': 0, 'selected_radius': 0, 'selected_trim': 0, 'selected_score': 0}, {'index': 5, 'radius_min': 0, 'radius_max': 0, 'trim_min': 0, 'trim_max': 0, 'evaluations': 9, 'safe_feasible': 0, 'states': 0, 'selected_radius': 0, 'selected_trim': 0, 'selected_score': 0}, {'index': 6, 'radius_min': 0, 'radius_max': 0, 'trim_min': 0, 'trim_max': 0, 'evaluations': 9, 'safe_feasible': 0, 'states': 0, 'selected_radius': 0, 'selected_trim': 0, 'selected_score': 0}, {'index': 7, 'radius_min': 0, 'radius_max': 0, 'trim_min': 0, 'trim_max': 0, 'evaluations': 9, 'safe_feasible': 0, 'states': 0, 'selected_radius': 0, 'selected_trim': 0, 'selected_score': 0}, {'index': 8, 'radius_min': 0, 'radius_max': 0, 'trim_min': 0, 'trim_max': 0, 'evaluations': 9, 'safe_feasible': 0, 'states': 0, 'selected_radius': 0, 'selected_trim': 0, 'selected_score': 0}, {'index': 9, 'radius_min': 0, 'radius_max': 0, 'trim_min': 0, 'trim_max': 0, 'evaluations': 9, 'safe_feasible': 0, 'states': 0, 'selected_radius': 0, 'selected_trim': 0, 'selected_score': 0}, {'index': 10, 'radius_min': 0, 'radius_max': 0, 'trim_min': 0, 'trim_max': 0, 'evaluations': 9, 'safe_feasible': 0, 'states': 0, 'selected_radius': 0, 'selected_trim': 0, 'selected_score': 0}, {'index': 11, 'radius_min': 0, 'radius_max': 0, 'trim_min': 0, 'trim_max': 0, 'evaluations': 9, 'safe_feasible': 0, 'states': 0, 'selected_radius': 0, 'selected_trim': 0, 'selected_score': 0}, {'index': 12, 'radius_min': 0, 'radius_max': 0, 'trim_min': 0, 'trim_max': 0, 'evaluations': 9, 'safe_feasible': 0, 'states': 0, 'selected_radius': 0, 'selected_trim': 0, 'selected_score': 0}, {'index': 13, 'radius_min': 0, 'radius_max': 0, 'trim_min': 0, 'trim_max': 0, 'evaluations': 9, 'safe_feasible': 0, 'states': 0, 'selected_radius': 0, 'selected_trim': 0, 'selected_score': 0}, {'index': 14, 'radius_min': 0, 'radius_max': 0, 'trim_min': 0, 'trim_max': 0, 'evaluations': 9, 'safe_feasible': 0, 'states': 0, 'selected_radius': 0, 'selected_trim': 0, 'selected_score': 0}, {'index': 15, 'radius_min': 0, 'radius_max': 0, 'trim_min': 0, 'trim_max': 0, 'evaluations': 9, 'safe_feasible': 0, 'states': 0, 'selected_radius': 0, 'selected_trim': 0, 'selected_score': 0}, {'index': 16, 'radius_min': 0, 'radius_max': 0, 'trim_min': 0, 'trim_max': 0, 'evaluations': 9, 'safe_feasible': 0, 'states': 0, 'selected_radius': 0, 'selected_trim': 0, 'selected_score': 0}, {'index': 17, 'radius_min': 0, 'radius_max': 0, 'trim_min': 0, 'trim_max': 0, 'evaluations': 9, 'safe_feasible': 0, 'states': 0, 'selected_radius': 0, 'selected_trim': 0, 'selected_score': 0}, {'index': 18, 'radius_min': 0, 'radius_max': 0, 'trim_min': 0, 'trim_max': 0, 'evaluations': 9, 'safe_feasible': 0, 'states': 0, 'selected_radius': 0, 'selected_trim': 0, 'selected_score': 0}, {'index': 19, 'radius_min': 0, 'radius_max': 0, 'trim_min': 0, 'trim_max': 0, 'evaluations': 9, 'safe_feasible': 0, 'states': 0, 'selected_radius': 0, 'selected_trim': 0, 'selected_score': 0}, {'index': 20, 'radius_min': 0, 'radius_max': 0, 'trim_min': 0, 'trim_max': 0, 'evaluations': 9, 'safe_feasible': 0, 'states': 0, 'selected_radius': 0, 'selected_trim': 0, 'selected_score': 0}, {'index': 21, 'radius_min': 0, 'radius_max': 0, 'trim_min': 0, 'trim_max': 0, 'evaluations': 9, 'safe_feasible': 0, 'states': 0, 'selected_radius': 0, 'selected_trim': 0, 'selected_score': 0}, {'index': 22, 'radius_min': 0, 'radius_max': 0, 'trim_min': 0, 'trim_max': 0, 'evaluations': 9, 'safe_feasible': 0, 'states': 0, 'selected_radius': 0, 'selected_trim': 0, 'selected_score': 0}, {'index': 23, 'radius_min': 0, 'radius_max': 0, 'trim_min': 0, 'trim_max': 0, 'evaluations': 9, 'safe_feasible': 0, 'states': 0, 'selected_radius': 0, 'selected_trim': 0, 'selected_score': 0}, {'index': 24, 'radius_min': 0, 'radius_max': 0, 'trim_min': 0, 'trim_max': 0, 'evaluations': 9, 'safe_feasible': 0, 'states': 0, 'selected_radius': 0, 'selected_trim': 0, 'selected_score': 0}, {'index': 25, 'radius_min': 0, 'radius_max': 0, 'trim_min': 0, 'trim_max': 0, 'evaluations': 9, 'safe_feasible': 0, 'states': 0, 'selected_radius': 0, 'selected_trim': 0, 'selected_score': 0}, {'index': 26, 'radius_min': 0, 'radius_max': 0, 'trim_min': 0, 'trim_max': 0, 'evaluations': 9, 'safe_feasible': 0, 'states': 0, 'selected_radius': 0, 'selected_trim': 0, 'selected_score': 0}, {'index': 27, 'radius_min': 0, 'radius_max': 0, 'trim_min': 0, 'trim_max': 0, 'evaluations': 9, 'safe_feasible': 0, 'states': 0, 'selected_radius': 0, 'selected_trim': 0, 'selected_score': 0}, {'index': 28, 'radius_min': 0, 'radius_max': 0, 'trim_min': 0, 'trim_max': 0, 'evaluations': 9, 'safe_feasible': 6, 'states': 0, 'selected_radius': 1.25, 'selected_trim': 0.0968994, 'selected_score': 0.990643}, {'index': 29, 'radius_min': 0, 'radius_max': 0, 'trim_min': 0, 'trim_max': 0, 'evaluations': 9, 'safe_feasible': 1, 'states': 0, 'selected_radius': 0.2, 'selected_trim': 0.0089147, 'selected_score': 1}, {'index': 30, 'radius_min': 0, 'radius_max': 0, 'trim_min': 0, 'trim_max': 0, 'evaluations': 9, 'safe_feasible': 0, 'states': 0, 'selected_radius': 0, 'selected_trim': 0, 'selected_score': 0}, {'index': 31, 'radius_min': 0, 'radius_max': 0, 'trim_min': 0, 'trim_max': 0, 'evaluations': 9, 'safe_feasible': 1, 'states': 0, 'selected_radius': 0.2, 'selected_trim': 0.0125226, 'selected_score': 1}, {'index': 32, 'radius_min': 0, 'radius_max': 0, 'trim_min': 0, 'trim_max': 0, 'evaluations': 9, 'safe_feasible': 1, 'states': 0, 'selected_radius': 0.2, 'selected_trim': 0.0136419, 'selected_score': 1}, {'index': 33, 'radius_min': 0, 'radius_max': 0, 'trim_min': 0, 'trim_max': 0, 'evaluations': 9, 'safe_feasible': 2, 'states': 0, 'selected_radius': 0.3, 'selected_trim': 0.0294376, 'selected_score': 1}]",34,0,306,none,6,28,0.856167335390545,200,0.998441,213,28,"{'angular acceleration iteration did not converge': 6, 'transition would overlap an adjacent corner window': 288}",0.00241901,fixed,0.05,8.351396905937474,12,NavFnDijkstra,d4ab89b862a92baa6ca51409a0900c96e9b8e510a290f238d958531aa7f6ce70,79,d4ab89b862a92baa6ca51409a0900c96e9b8e510a290f238d958531aa7f6ce70,0,1,crate_detour,True,1.398918694037703,2.5337349154648106,3.894329259269578,29,0.0069919040001877875
,,,,"smoothing failed: status=6, code=504, message=''",,,,,,,,,,,,,,,,,,,pivot_g2,,,,,,,,,,,,,,,,,,,,,,,,,NavFnDijkstra,d4ab89b862a92baa6ca51409a0900c96e9b8e510a290f238d958531aa7f6ce70,,d4ab89b862a92baa6ca51409a0900c96e9b8e510a290f238d958531aa7f6ce70,0,1,crate_detour,False,,,,,
0.003,3.761066087565541,0.013998843034938209,0.0033085541162817377,,0.3910558971131362,0.25619225950049973,0.25619225950049973,0,166,1.39892,28,228,True,25.6773,251,True,simple_default,simple,3.76107,161,True,3.5578535860544576,adaptive_hybrid_fixed,0.05,155,823496834170d2bcc7bbc576c43595bd23d94dbd9f5ca2dbec13619dc2347a10,3.8615660544026533,,,,,,,,,0,0.0,,,,,,,,,0,,NavFnDijkstra,d4ab89b862a92baa6ca51409a0900c96e9b8e510a290f238d958531aa7f6ce70,79,d4ab89b862a92baa6ca51409a0900c96e9b8e510a290f238d958531aa7f6ce70,0,1,crate_detour,True,3.761066087565541,3.5578535860544576,3.8615660544026533,1,0.00678029599976071
0.006,3.761066087565541,0.013998843034938209,0.0033085541162817377,,0.3910558971131362,0.25619225950049973,0.25619225950049973,0,166,,0,,False,25.6773,251,True,pivot_unsafe,simple,3.76107,161,True,3.5578535860544576,adaptive_hybrid,0.05,155,823496834170d2bcc7bbc576c43595bd23d94dbd9f5ca2dbec13619dc2347a10,3.8615660544026533,,,,,,,,,0,0.0,,,,,,,,,0,,NavFnDijkstra,d4ab89b862a92baa6ca51409a0900c96e9b8e510a290f238d958531aa7f6ce70,79,d4ab89b862a92baa6ca51409a0900c96e9b8e510a290f238d958531aa7f6ce70,0,1,crate_detour,True,3.761066087565541,3.5578535860544576,3.8615660544026533,1,0.01217201200006457
0.003,13.303131895715431,4.440892098500626e-16,6.632747768912425e-17,,0.38003468040674016,0.06464466190395313,0.10606601875848895,0,138,,,,,,,,,,,,,8.521160476757807,raw,0.05,137,53abfbf4af4eba12121bf756a95bc73f0c9a5cd535a152c8368a9514da6c282d,3.4467307940715943,,,,,,,,,0,0.0,,,,,,,,,0,,NavFnDijkstra,53abfbf4af4eba12121bf756a95bc73f0c9a5cd535a152c8368a9514da6c282d,71,53abfbf4af4eba12121bf756a95bc73f0c9a5cd535a152c8368a9514da6c282d,0,1,vertical_rack_detour,True,13.303131895715431,8.521160476757807,3.4467307940715943,1,0.004341791000115336
0.0,1.967512709310029,0.008833344514399724,0.0026804975246075575,,0.3706951873310005,0.11464466264901119,0.11464466264901119,0,145,,,,,,,,,,,,,2.1871151362853345,simple,0.05,137,889ad29c3f826592c7ce68b7bbab1df1600ecfaf1f0be21a78a8b41120ffe8d1,3.4350162798214696,,,,,,,,,0,0.0,,,,,,,,,0,,NavFnDijkstra,53abfbf4af4eba12121bf756a95bc73f0c9a5cd535a152c8368a9514da6c282d,70,53abfbf4af4eba12121bf756a95bc73f0c9a5cd535a152c8368a9514da6c282d,0,1,vertical_rack_detour,True,1.967512709310029,2.1871151362853345,3.4350162798214696,1,0.005493885000305454
0.0,6.871543894259572,0.004165260618615761,0.000828501116149642,,0.3623598500907283,0.11464466264901119,0.11464466264901119,0,158,,,,,,,,,,,,,4.978839288396052,savitzky_golay,0.05,137,fb127e746374e8a766e954fc9622abde537923dbe0dc57e8284847626e978012,3.443629339706382,,,,,,,,,0,0.0,,,,,,,,,0,,NavFnDijkstra,53abfbf4af4eba12121bf756a95bc73f0c9a5cd535a152c8368a9514da6c282d,70,53abfbf4af4eba12121bf756a95bc73f0c9a5cd535a152c8368a9514da6c282d,0,1,vertical_rack_detour,True,6.871543894259572,4.978839288396052,3.443629339706382,1,0.005786746000012499
0.009000000000000001,15.556431252784087,0.0439273863586293,0.020734749213525562,,0.3786644702272963,0.16464466339406925,0.16464466339406925,0,171,,,,,,,,,,,,,7.253318537892855,constrained,0.05,137,0dfcecb3a9284a35be23daf5314031edeea0357e9aca7ce11c0198a0b783ce52,3.485038315917971,,,,,,,,,0,0.0,,,,,,,,,0,,NavFnDijkstra,53abfbf4af4eba12121bf756a95bc73f0c9a5cd535a152c8368a9514da6c282d,71,53abfbf4af4eba12121bf756a95bc73f0c9a5cd535a152c8368a9514da6c282d,0,1,vertical_rack_detour,True,15.556431252784087,7.253318537892855,3.485038315917971,1,0.010949466000056418
0.003,13.403298497388848,0.004820182774739312,0.001939874082374682,,0.30064356857263097,0.11464466264901119,0.11464466264901119,0,249,,,,,,,,,,,,,8.439982511538833,pivot_g2_fixed,0.05,206,72cbb588bf28ed248ac6f4dde3ed9dc8d4bf876f3a721968a7c6c020fa735294,3.444848766290565,0,22,"[{'index': 0, 'radius_min': 0, 'radius_max': 0, 'trim_min': 0, 'trim_max': 0, 'evaluations': 9, 'safe_feasible': 0, 'states': 0, 'selected_radius': 0, 'selected_trim': 0, 'selected_score': 0}, {'index': 1, 'radius_min': 0, 'radius_max': 0, 'trim_min': 0, 'trim_max': 0, 'evaluations': 9, 'safe_feasible': 1, 'states': 0, 'selected_radius': 0.2, 'selected_trim': 0.00998492, 'selected_score': 1}, {'index': 2, 'radius_min': 0, 'radius_max': 0, 'trim_min': 0, 'trim_max': 0, 'evaluations': 9, 'safe_feasible': 0, 'states': 0, 'selected_radius': 0, 'selected_trim': 0, 'selected_score': 0}, {'index': 3, 'radius_min': 0, 'radius_max': 0, 'trim_min': 0, 'trim_max': 0, 'evaluations': 9, 'safe_feasible': 0, 'states': 0, 'selected_radius': 0, 'selected_trim': 0, 'selected_score': 0}, {'index': 4, 'radius_min': 0, 'radius_max': 0, 'trim_min': 0, 'trim_max': 0, 'evaluations': 9, 'safe_feasible': 0, 'states': 0, 'selected_radius': 0, 'selected_trim': 0, 'selected_score': 0}, {'index': 5, 'radius_min': 0, 'radius_max': 0, 'trim_min': 0, 'trim_max': 0, 'evaluations': 9, 'safe_feasible': 0, 'states': 0, 'selected_radius': 0, 'selected_trim': 0, 'selected_score': 0}, {'index': 6, 'radius_min': 0, 'radius_max': 0, 'trim_min': 0, 'trim_max': 0, 'evaluations': 9, 'safe_feasible': 5, 'states': 0, 'selected_radius': 0.75, 'selected_trim': 0.0650933, 'selected_score': 0.926845}, {'index': 7, 'radius_min': 0, 'radius_max': 0, 'trim_min': 0, 'trim_max': 0, 'evaluations': 9, 'safe_feasible': 4, 'states': 0, 'selected_radius': 0.75, 'selected_trim': 0.0436248, 'selected_score': 0.950256}, {'index': 8, 'radius_min': 0, 'radius_max': 0, 'trim_min': 0, 'trim_max': 0, 'evaluations': 9, 'safe_feasible': 3, 'states': 0, 'selected_radius': 0.6, 'selected_trim': 0.0399832, 'selected_score': 0.919308}, {'index': 9, 'radius_min': 0, 'radius_max': 0, 'trim_min': 0, 'trim_max': 0, 'evaluations': 9, 'safe_feasible': 6, 'states': 0, 'selected_radius': 1, 'selected_trim': 0.0846341, 'selected_score': 0.94674}, {'index': 10, 'radius_min': 0, 'radius_max': 0, 'trim_min': 0, 'trim_max': 0, 'evaluations': 9, 'safe_feasible': 1, 'states': 0, 'selected_radius': 0.2, 'selected_trim': 0.0287166, 'selected_score': 1}, {'index': 11, 'radius_min': 0, 'radius_max': 0, 'trim_min': 0, 'trim_max': 0, 'evaluations': 9, 'safe_feasible': 0, 'states': 0, 'selected_radius': 0, 'selected_trim': 0, 'selected_score': 0}, {'index': 12, 'radius_min': 0, 'radius_max': 0, 'trim_min': 0, 'trim_max': 0, 'evaluations': 9, 'safe_feasible': 0, 'states': 0, 'selected_radius': 0, 'selected_trim': 0, 'selected_score': 0}, {'index': 13, 'radius_min': 0, 'radius_max': 0, 'trim_min': 0, 'trim_max': 0, 'evaluations': 9, 'safe_feasible': 0, 'states': 0, 'selected_radius': 0, 'selected_trim': 0, 'selected_score': 0}, {'index': 14, 'radius_min': 0, 'radius_max': 0, 'trim_min': 0, 'trim_max': 0, 'evaluations': 9, 'safe_feasible': 0, 'states': 0, 'selected_radius': 0, 'selected_trim': 0, 'selected_score': 0}, {'index': 15, 'radius_min': 0, 'radius_max': 0, 'trim_min': 0, 'trim_max': 0, 'evaluations': 9, 'safe_feasible': 1, 'states': 0, 'selected_radius': 0.2, 'selected_trim': 0.0105578, 'selected_score': 1}, {'index': 16, 'radius_min': 0, 'radius_max': 0, 'trim_min': 0, 'trim_max': 0, 'evaluations': 9, 'safe_feasible': 0, 'states': 0, 'selected_radius': 0, 'selected_trim': 0, 'selected_score': 0}, {'index': 17, 'radius_min': 0, 'radius_max': 0, 'trim_min': 0, 'trim_max': 0, 'evaluations': 9, 'safe_feasible': 0, 'states': 0, 'selected_radius': 0, 'selected_trim': 0, 'selected_score': 0}, {'index': 18, 'radius_min': 0, 'radius_max': 0, 'trim_min': 0, 'trim_max': 0, 'evaluations': 9, 'safe_feasible': 1, 'states': 0, 'selected_radius': 0.2, 'selected_trim': 0.0137652, 'selected_score': 1}]",19,0,171,none,8,11,0.6193822465220897,200,0.967894,206,11,"{'angular acceleration iteration did not converge': 10, 'transition would overlap an adjacent corner window': 139}",0.00368026,fixed,0.05,3.441074630209553,22,NavFnDijkstra,53abfbf4af4eba12121bf756a95bc73f0c9a5cd535a152c8368a9514da6c282d,71,53abfbf4af4eba12121bf756a95bc73f0c9a5cd535a152c8368a9514da6c282d,0,1,vertical_rack_detour,True,2.1098683242241063,3.013097088849333,3.450771997241731,12,0.00809536399992794
,,,,"smoothing failed: status=6, code=504, message=''",,,,,,,,,,,,,,,,,,,pivot_g2,,,,,,,,,,,,,,,,,,,,,,,,,NavFnDijkstra,53abfbf4af4eba12121bf756a95bc73f0c9a5cd535a152c8368a9514da6c282d,,53abfbf4af4eba12121bf756a95bc73f0c9a5cd535a152c8368a9514da6c282d,0,1,vertical_rack_detour,False,,,,,
0.006,1.967512709310029,0.008833344514399724,0.0026804975246075575,,0.3706951873310005,0.11464466264901119,0.11464466264901119,0,145,2.10987,11,253,True,13.3031,253,True,simple_default,simple,1.96751,253,True,2.1871151362853345,adaptive_hybrid_fixed,0.05,137,889ad29c3f826592c7ce68b7bbab1df1600ecfaf1f0be21a78a8b41120ffe8d1,3.4350162798214696,,,,,,,,,0,0.0,,,,,,,,,0,,NavFnDijkstra,53abfbf4af4eba12121bf756a95bc73f0c9a5cd535a152c8368a9514da6c282d,70,53abfbf4af4eba12121bf756a95bc73f0c9a5cd535a152c8368a9514da6c282d,0,1,vertical_rack_detour,True,1.967512709310029,2.1871151362853345,3.4350162798214696,1,0.006869763999930001
0.006,1.967512709310029,0.008833344514399724,0.0026804975246075575,,0.3706951873310005,0.11464466264901119,0.11464466264901119,0,145,,0,,False,13.3031,253,True,pivot_unsafe,simple,1.96751,253,True,2.1871151362853345,adaptive_hybrid,0.05,137,889ad29c3f826592c7ce68b7bbab1df1600ecfaf1f0be21a78a8b41120ffe8d1,3.4350162798214696,,,,,,,,,0,0.0,,,,,,,,,0,,NavFnDijkstra,53abfbf4af4eba12121bf756a95bc73f0c9a5cd535a152c8368a9514da6c282d,70,53abfbf4af4eba12121bf756a95bc73f0c9a5cd535a152c8368a9514da6c282d,0,1,vertical_rack_detour,True,1.967512709310029,2.1871151362853345,3.4350162798214696,1,0.011691687999700662
0.0,50.335844995171556,2.220446049250313e-16,5.705779506773972e-17,,0.5377465529773383,0.16464466339406925,0.2146446641391273,0,251,,,,,,,,,,,,,11.468765710131587,raw,0.05,246,8e0cb3b13aceb5b623ef824723b12671a151886c5c21cf5bca94b57c9b282df8,6.168172900691866,,,,,,,,,0,0.0,,,,,,,,,0,,NavFnDijkstra,8e0cb3b13aceb5b623ef824723b12671a151886c5c21cf5bca94b57c9b282df8,125,8e0cb3b13aceb5b623ef824723b12671a151886c5c21cf5bca94b57c9b282df8,0,1,horizontal_rack_detour,True,50.335844995171556,11.468765710131587,6.168172900691866,1,0.004864605999955529
0.003,5.686661668251417,0.0165050729536979,0.0036429963624662496,,0.5107629885836733,0.23390290478282266,0.25619225950049973,0,255,,,,,,,,,,,,,4.817744742149888,simple,0.05,246,43bd63c005f0841a57f71a3cc247a4cb1b750245e26a6e1c87a8c657f51be5c3,6.127630905255402,,,,,,,,,0,0.0,,,,,,,,,0,,NavFnDijkstra,8e0cb3b13aceb5b623ef824723b12671a151886c5c21cf5bca94b57c9b282df8,124,8e0cb3b13aceb5b623ef824723b12671a151886c5c21cf5bca94b57c9b282df8,0,1,horizontal_rack_detour,True,5.686661668251417,4.817744742149888,6.127630905255402,1,0.007170796000082191
0.0,21.162946904058487,0.007654985235932369,0.0014448322423635646,,0.49787264465821335,0.2146446641391273,0.23390290478282266,0,282,,,,,,,,,,,,,10.368183365997812,savitzky_golay,0.05,246,ba2e793ffa6cd56f0b65d545f47feeb5f2b3bf4262779cab2e9718f327011d60,6.152622683618669,,,,,,,,,0,0.0,,,,,,,,,0,,NavFnDijkstra,8e0cb3b13aceb5b623ef824723b12671a151886c5c21cf5bca94b57c9b282df8,125,8e0cb3b13aceb5b623ef824723b12671a151886c5c21cf5bca94b57c9b282df8,0,1,horizontal_rack_detour,True,21.162946904058487,10.368183365997812,6.152622683618669,1,0.0070609220001642825
0.015000000000000001,22.332732051119418,0.011791575398261554,0.002123402603794281,,0.5014893592015011,0.2146446641391273,0.25619225950049973,0,282,,,,,,,,,,,,,8.177470660434423,constrained,0.05,246,42b3a97f4f6d9267309ea31f99ba9054089a6538c30601eb8987949a87717a8a,6.162115604105716,,,,,,,,,0,0.0,,,,,,,,,0,,NavFnDijkstra,8e0cb3b13aceb5b623ef824723b12671a151886c5c21cf5bca94b57c9b282df8,125,8e0cb3b13aceb5b623ef824723b12671a151886c5c21cf5bca94b57c9b282df8,0,1,horizontal_rack_detour,True,22.332732051119418,8.177470660434423,6.162115604105716,1,0.019237008999880345
0.003,46.94049982284495,0.008107832825066583,0.0036051703640519435,,0.47013626649190204,0.16464466339406925,0.2146446641391273,0,466,,,,,,,,,,,,,10.785887965444243,pivot_g2_fixed,0.05,343,e6c16886d8d88a8493a77d1b15e1edbc1fe89f0d947f1d24034047b4997b6be9,6.163569171607171,0,31,"[{'index': 0, 'radius_min': 0, 'radius_max': 0, 'trim_min': 0, 'trim_max': 0, 'evaluations': 9, 'safe_feasible': 1, 'states': 0, 'selected_radius': 0.2, 'selected_trim': 0.0443726, 'selected_score': 1}, {'index': 1, 'radius_min': 0, 'radius_max': 0, 'trim_min': 0, 'trim_max': 0, 'evaluations': 9, 'safe_feasible': 7, 'states': 0, 'selected_radius': 1.5, 'selected_trim': 0.060644, 'selected_score': 1}, {'index': 2, 'radius_min': 0, 'radius_max': 0, 'trim_min': 0, 'trim_max': 0, 'evaluations': 9, 'safe_feasible': 6, 'states': 0, 'selected_radius': 1, 'selected_trim': 0.0853562, 'selected_score': 0.946677}, {'index': 3, 'radius_min': 0, 'radius_max': 0, 'trim_min': 0, 'trim_max': 0, 'evaluations': 9, 'safe_feasible': 1, 'states': 0, 'selected_radius': 0.2, 'selected_trim': 0.00997118, 'selected_score': 1}, {'index': 4, 'radius_min': 0, 'radius_max': 0, 'trim_min': 0, 'trim_max': 0, 'evaluations': 9, 'safe_feasible': 1, 'states': 0, 'selected_radius': 0.2, 'selected_trim': 0.0167643, 'selected_score': 1}, {'index': 5, 'radius_min': 0, 'radius_max': 0, 'trim_min': 0, 'trim_max': 0, 'evaluations': 9, 'safe_feasible': 0, 'states': 0, 'selected_radius': 0, 'selected_trim': 0, 'selected_score': 0}, {'index': 6, 'radius_min': 0, 'radius_max': 0, 'trim_min': 0, 'trim_max': 0, 'evaluations': 9, 'safe_feasible': 1, 'states': 0, 'selected_radius': 0.2, 'selected_trim': 0.0134261, 'selected_score': 1}, {'index': 7, 'radius_min': 0, 'radius_max': 0, 'trim_min': 0, 'trim_max': 0, 'evaluations': 9, 'safe_feasible': 0, 'states': 0, 'selected_radius': 0, 'selected_trim': 0, 'selected_score': 0}, {'index': 8, 'radius_min': 0, 'radius_max': 0, 'trim_min': 0, 'trim_max': 0, 'evaluations': 9, 'safe_feasible': 0, 'states': 0, 'selected_radius': 0, 'selected_trim': 0, 'selected_score': 0}, {'index': 9, 'radius_min': 0, 'radius_max': 0, 'trim_min': 0, 'trim_max': 0, 'evaluations': 9, 'safe_feasible': 2, 'states': 0, 'selected_radius': 0.3, 'selected_trim': 0.0277306, 'selected_score': 1}, {'index': 10, 'radius_min': 0, 'radius_max': 0, 'trim_min': 0, 'trim_max': 0, 'evaluations': 9, 'safe_feasible': 7, 'states': 0, 'selected_radius': 1.5, 'selected_trim': 0.114044, 'selected_score': 1}, {'index': 11, 'radius_min': 0, 'radius_max': 0, 'trim_min': 0, 'trim_max': 0, 'evaluations': 9, 'safe_feasible': 1, 'states': 0, 'selected_radius': 0.2, 'selected_trim': 0.0358053, 'selected_score': 1}, {'index': 12, 'radius_min': 0, 'radius_max': 0, 'trim_min': 0, 'trim_max': 0, 'evaluations': 9, 'safe_feasible': 0, 'states': 0, 'selected_radius': 0, 'selected_trim': 0, 'selected_score': 0}, {'index': 13, 'radius_min': 0, 'radius_max': 0, 'trim_min': 0, 'trim_max': 0, 'evaluations': 9, 'safe_feasible': 0, 'states': 0, 'selected_radius': 0, 'selected_trim': 0, 'selected_score': 0}, {'index': 14, 'radius_min': 0, 'radius_max': 0, 'trim_min': 0, 'trim_max': 0, 'evaluations': 9, 'safe_feasible': 3, 'states': 0, 'selected_radius': 0.6, 'selected_trim': 0.0467403, 'selected_score': 0.920464}, {'index': 15, 'radius_min': 0, 'radius_max': 0, 'trim_min': 0, 'trim_max': 0, 'evaluations': 9, 'safe_feasible': 0, 'states': 0, 'selected_radius': 0, 'selected_trim': 0, 'selected_score': 0}, {'index': 16, 'radius_min': 0, 'radius_max': 0, 'trim_min': 0, 'trim_max': 0, 'evaluations': 9, 'safe_feasible': 0, 'states': 0, 'selected_radius': 0, 'selected_trim': 0, 'selected_score': 0}, {'index': 17, 'radius_min': 0, 'radius_max': 0, 'trim_min': 0, 'trim_max': 0, 'evaluations': 9, 'safe_feasible': 0, 'states': 0, 'selected_radius': 0, 'selected_trim': 0, 'selected_score': 0}, {'index': 18, 'radius_min': 0, 'radius_max': 0, 'trim_min': 0, 'trim_max': 0, 'evaluations': 9, 'safe_feasible': 0, 'states': 0, 'selected_radius': 0, 'selected_trim': 0, 'selected_score': 0}, {'index': 19, 'radius_min': 0, 'radius_max': 0, 'trim_min': 0, 'trim_max': 0, 'evaluations': 9, 'safe_feasible': 0, 'states': 0, 'selected_radius': 0, 'selected_trim': 0, 'selected_score': 0}, {'index': 20, 'radius_min': 0, 'radius_max': 0, 'trim_min': 0, 'trim_max': 0, 'evaluations': 9, 'safe_feasible': 0, 'states': 0, 'selected_radius': 0, 'selected_trim': 0, 'selected_score': 0}, {'index': 21, 'radius_min': 0, 'radius_max': 0, 'trim_min': 0, 'trim_max': 0, 'evaluations': 9, 'safe_feasible': 0, 'states': 0, 'selected_radius': 0, 'selected_trim': 0, 'selected_score': 0}, {'index': 22, 'radius_min': 0, 'radius_max': 0, 'trim_min': 0, 'trim_max': 0, 'evaluations': 9, 'safe_feasible': 0, 'states': 0, 'selected_radius': 0, 'selected_trim': 0, 'selected_score': 0}, {'index': 23, 'radius_min': 0, 'radius_max': 0, 'trim_min': 0, 'trim_max': 0, 'evaluations': 9, 'safe_feasible': 0, 'states': 0, 'selected_radius': 0, 'selected_trim': 0, 'selected_score': 0}, {'index': 24, 'radius_min': 0, 'radius_max': 0, 'trim_min': 0, 'trim_max': 0, 'evaluations': 9, 'safe_feasible': 0, 'states': 0, 'selected_radius': 0, 'selected_trim': 0, 'selected_score': 0}, {'index': 25, 'radius_min': 0, 'radius_max': 0, 'trim_min': 0, 'trim_max': 0, 'evaluations': 9, 'safe_feasible': 0, 'states': 0, 'selected_radius': 0, 'selected_trim': 0, 'selected_score': 0}, {'index': 26, 'radius_min': 0, 'radius_max': 0, 'trim_min': 0, 'trim_max': 0, 'evaluations': 9, 'safe_feasible': 0, 'states': 0, 'selected_radius': 0, 'selected_trim': 0, 'selected_score': 0}, {'index': 27, 'radius_min': 0, 'radius_max': 0, 'trim_min': 0, 'trim_max': 0, 'evaluations': 9, 'safe_feasible': 0, 'states': 0, 'selected_radius': 0, 'selected_trim': 0, 'selected_score': 0}, {'index': 28, 'radius_min': 0, 'radius_max': 0, 'trim_min': 0, 'trim_max': 0, 'evaluations': 9, 'safe_feasible': 0, 'states': 0, 'selected_radius': 0, 'selected_trim': 0, 'selected_score': 0}, {'index': 29, 'radius_min': 0, 'radius_max': 0, 'trim_min': 0, 'trim_max': 0, 'evaluations': 9, 'safe_feasible': 0, 'states': 0, 'selected_radius': 0, 'selected_trim': 0, 'selected_score': 0}, {'index': 30, 'radius_min': 0, 'radius_max': 0, 'trim_min': 0, 'trim_max': 0, 'evaluations': 9, 'safe_feasible': 0, 'states': 0, 'selected_radius': 0, 'selected_trim': 0, 'selected_score': 0}, {'index': 31, 'radius_min': 0, 'radius_max': 0, 'trim_min': 0, 'trim_max': 0, 'evaluations': 9, 'safe_feasible': 0, 'states': 0, 'selected_radius': 0, 'selected_trim': 0, 'selected_score': 0}, {'index': 32, 'radius_min': 0, 'radius_max': 0, 'trim_min': 0, 'trim_max': 0, 'evaluations': 9, 'safe_feasible': 0, 'states': 0, 'selected_radius': 0, 'selected_trim': 0, 'selected_score': 0}, {'index': 33, 'radius_min': 0, 'radius_max': 0, 'trim_min': 0, 'trim_max': 0, 'evaluations': 9, 'safe_feasible': 0, 'states': 0, 'selected_radius': 0, 'selected_trim': 0, 'selected_score': 0}, {'index': 34, 'radius_min': 0, 'radius_max': 0, 'trim_min': 0, 'trim_max': 0, 'evaluations': 9, 'safe_feasible': 1, 'states': 0, 'selected_radius': 0.2, 'selected_trim': 0.01095, 'selected_score': 1}, {'index': 35, 'radius_min': 0, 'radius_max': 0, 'trim_min': 0, 'trim_max': 0, 'evaluations': 9, 'safe_feasible': 0, 'states': 0, 'selected_radius': 0, 'selected_trim': 0, 'selected_score': 0}, {'index': 36, 'radius_min': 0, 'radius_max': 0, 'trim_min': 0, 'trim_max': 0, 'evaluations': 9, 'safe_feasible': 0, 'states': 0, 'selected_radius': 0, 'selected_trim': 0, 'selected_score': 0}, {'index': 37, 'radius_min': 0, 'radius_max': 0, 'trim_min': 0, 'trim_max': 0, 'evaluations': 9, 'safe_feasible': 0, 'states': 0, 'selected_radius': 0, 'selected_trim': 0, 'selected_score': 0}, {'index': 38, 'radius_min': 0, 'radius_max': 0, 'trim_min': 0, 'trim_max': 0, 'evaluations': 9, 'safe_feasible': 0, 'states': 0, 'selected_radius': 0, 'selected_trim': 0, 'selected_score': 0}, {'index': 39, 'radius_min': 0, 'radius_max': 0, 'trim_min': 0, 'trim_max': 0, 'evaluations': 9, 'safe_feasible': 0, 'states': 0, 'selected_radius': 0, 'selected_trim': 0, 'selected_score': 0}, {'index': 40, 'radius_min': 0, 'radius_max': 0, 'trim_min': 0, 'trim_max': 0, 'evaluations': 9, 'safe_feasible': 0, 'states': 0, 'selected_radius': 0, 'selected_trim': 0, 'selected_score': 0}, {'index': 41, 'radius_min': 0, 'radius_max': 0, 'trim_min': 0, 'trim_max': 0, 'evaluations': 9, 'safe_feasible': 0, 'states': 0, 'selected_radius': 0, 'selected_trim': 0, 'selected_score': 0}, {'index': 42, 'radius_min': 0, 'radius_max': 0, 'trim_min': 0, 'trim_max': 0, 'evaluations': 9, 'safe_feasible': 0, 'states': 0, 'selected_radius': 0, 'selected_trim': 0, 'selected_score': 0}, {'index': 43, 'radius_min': 0, 'radius_max': 0, 'trim_min': 0, 'trim_max': 0, 'evaluations': 9, 'safe_feasible': 0, 'states': 0, 'selected_radius': 0, 'selected_trim': 0, 'selected_score': 0}, {'index': 44, 'radius_min': 0, 'radius_max': 0, 'trim_min': 0, 'trim_max': 0, 'evaluations': 9, 'safe_feasible': 0, 'states': 0, 'selected_radius': 0, 'selected_trim': 0, 'selected_score': 0}, {'index': 45, 'radius_min': 0, 'radius_max': 0, 'trim_min': 0, 'trim_max': 0, 'evaluations': 9, 'safe_feasible': 0, 'states': 0, 'selected_radius': 0, 'selected_trim': 0, 'selected_score': 0}, {'index': 46, 'radius_min': 0, 'radius_max': 0, 'trim_min': 0, 'trim_max': 0, 'evaluations': 9, 'safe_feasible': 0, 'states': 0, 'selected_radius': 0, 'selected_trim': 0, 'selected_score': 0}]",47,0,423,none,11,36,0.7588777726868732,200,0.987922,343,36,"{'angular acceleration iteration did not converge': 11, 'transition would overlap an adjacent corner window': 381}",0.00281796,fixed,0.05,11.983178923393352,31,NavFnDijkstra,8e0cb3b13aceb5b623ef824723b12671a151886c5c21cf5bca94b57c9b282df8,125,8e0cb3b13aceb5b623ef824723b12671a151886c5c21cf5bca94b57c9b282df8,0,1,horizontal_rack_detour,True,4.556452279551093,4.599924141532517,6.185032377193461,37,0.009102134999920963
,,,,"smoothing failed: status=6, code=504, message=''",,,,,,,,,,,,,,,,,,,pivot_g2,,,,,,,,,,,,,,,,,,,,,,,,,NavFnDijkstra,8e0cb3b13aceb5b623ef824723b12671a151886c5c21cf5bca94b57c9b282df8,,8e0cb3b13aceb5b623ef824723b12671a151886c5c21cf5bca94b57c9b282df8,0,1,horizontal_rack_detour,False,,,,,
0.006,5.686661668251417,0.0165050729536979,0.0036429963624662496,,0.5107629885836733,0.23390290478282266,0.25619225950049973,0,255,4.55645,36,253,True,50.3358,251,True,simple_default,simple,5.68666,177,True,4.817744742149888,adaptive_hybrid_fixed,0.05,246,43bd63c005f0841a57f71a3cc247a4cb1b750245e26a6e1c87a8c657f51be5c3,6.127630905255402,,,,,,,,,0,0.0,,,,,,,,,0,,NavFnDijkstra,8e0cb3b13aceb5b623ef824723b12671a151886c5c21cf5bca94b57c9b282df8,124,8e0cb3b13aceb5b623ef824723b12671a151886c5c21cf5bca94b57c9b282df8,0,1,horizontal_rack_detour,True,5.686661668251417,4.817744742149888,6.127630905255402,1,0.00981283299961433
0.012,5.686661668251417,0.0165050729536979,0.0036429963624662496,,0.5107629885836733,0.23390290478282266,0.25619225950049973,0,255,,0,,False,50.3358,251,True,pivot_unsafe,simple,5.68666,177,True,4.817744742149888,adaptive_hybrid,0.05,246,43bd63c005f0841a57f71a3cc247a4cb1b750245e26a6e1c87a8c657f51be5c3,6.127630905255402,,,,,,,,,0,0.0,,,,,,,,,0,,NavFnDijkstra,8e0cb3b13aceb5b623ef824723b12671a151886c5c21cf5bca94b57c9b282df8,124,8e0cb3b13aceb5b623ef824723b12671a151886c5c21cf5bca94b57c9b282df8,0,1,horizontal_rack_detour,True,5.686661668251417,4.817744742149888,6.127630905255402,1,0.01980059200013784
0.003,51.71152110245399,8.881784197001252e-16,1.3142039404990404e-16,,0.3029630802502348,0.16464466339406925,0.19616942228881007,0,207,,,,,,,,,,,,,13.601409199931936,raw,0.05,196,48e9e737c58bcc0461d9040e3337894859333310999f28504d495a7a1c88f283,4.906259645792706,,,,,,,,,0,0.0,,,,,,,,,0,,NavFnDijkstra,48e9e737c58bcc0461d9040e3337894859333310999f28504d495a7a1c88f283,100,48e9e737c58bcc0461d9040e3337894859333310999f28504d495a7a1c88f283,0,1,right_rack_detour,True,51.71152110245399,13.601409199931936,4.906259645792706,1,0.0057336429999850225
0.0,4.733817947841062,0.02324860448524979,0.004142122230972812,,0.3268792821519342,0.25619225950049973,0.26464466488418537,0,199,,,,,,,,,,,,,3.4586063125323965,simple,0.05,196,01a82475e6c4572570011a9f975dbb8b5743b61e5795eb540f09f7eeffe1bc53,4.865627004507547,,,,,,,,,0,0.0,,,,,,,,,0,,NavFnDijkstra,48e9e737c58bcc0461d9040e3337894859333310999f28504d495a7a1c88f283,99,48e9e737c58bcc0461d9040e3337894859333310999f28504d495a7a1c88f283,0,1,right_rack_detour,True,4.733817947841062,3.4586063125323965,4.865627004507547,1,0.007293350000054488
0.0,17.593316585711722,0.006525586448741923,0.0016107275237027094,,0.32338768363072695,0.2146446641391273,0.25619225950049973,0,224,,,,,,,,,,,,,8.230924069926743,savitzky_golay,0.05,196,bb98b0d50b78ad1bd89f717058da127dfac1ba2854b5018e81b3c0c49952d024,4.886826967858473,,,,,,,,,0,0.0,,,,,,,,,0,,NavFnDijkstra,48e9e737c58bcc0461d9040e3337894859333310999f28504d495a7a1c88f283,99,48e9e737c58bcc0461d9040e3337894859333310999f28504d495a7a1c88f283,0,1,right_rack_detour,True,17.593316585711722,8.230924069926743,4.886826967858473,1,0.006788193000375031
0.012,23.892922837355385,0.011250989518720843,0.0031996987424294716,,0.32143345262828465,0.2146446641391273,0.25619225950049973,0,228,,,,,,,,,,,,,10.73510456749782,constrained,0.05,196,e0f68e5376c4549b28257d8caf3d610730f6c10df3c67294d7f44054a9d2629a,4.898558674960649,,,,,,,,,0,0.0,,,,,,,,,0,,NavFnDijkstra,48e9e737c58bcc0461d9040e3337894859333310999f28504d495a7a1c88f283,100,48e9e737c58bcc0461d9040e3337894859333310999f28504d495a7a1c88f283,0,1,right_rack_detour,True,23.892922837355385,10.73510456749782,4.898558674960649,1,0.016641015999994124
0.003,52.26119441524523,0.008213438583384918,0.0032541766277583055,,0.2956284925722607,0.16464466339406925,0.2146446641391273,0,340,,,,,,,,,,,,,13.514776916473869,pivot_g2_fixed,0.05,224,a6b130e6f210021d1a1832005cdd5e71c6fecad8eb6a4198979ce6703f1f7642,4.905533516159028,0,5,"[{'index': 0, 'radius_min': 0, 'radius_max': 0, 'trim_min': 0, 'trim_max': 0, 'evaluations': 9, 'safe_feasible': 1, 'states': 0, 'selected_radius': 0.2, 'selected_trim': 0.015681, 'selected_score': 1}, {'index': 1, 'radius_min': 0, 'radius_max': 0, 'trim_min': 0, 'trim_max': 0, 'evaluations': 9, 'safe_feasible': 1, 'states': 0, 'selected_radius': 0.2, 'selected_trim': 0.0172009, 'selected_score': 1}, {'index': 2, 'radius_min': 0, 'radius_max': 0, 'trim_min': 0, 'trim_max': 0, 'evaluations': 9, 'safe_feasible': 0, 'states': 0, 'selected_radius': 0, 'selected_trim': 0, 'selected_score': 0}, {'index': 3, 'radius_min': 0, 'radius_max': 0, 'trim_min': 0, 'trim_max': 0, 'evaluations': 9, 'safe_feasible': 0, 'states': 0, 'selected_radius': 0, 'selected_trim': 0, 'selected_score': 0}, {'index': 4, 'radius_min': 0, 'radius_max': 0, 'trim_min': 0, 'trim_max': 0, 'evaluations': 9, 'safe_feasible': 1, 'states': 0, 'selected_radius': 0.2, 'selected_trim': 0.0109431, 'selected_score': 1}, {'index': 5, 'radius_min': 0, 'radius_max': 0, 'trim_min': 0, 'trim_max': 0, 'evaluations': 9, 'safe_feasible': 0, 'states': 0, 'selected_radius': 0, 'selected_trim': 0, 'selected_score': 0}, {'index': 6, 'radius_min': 0, 'radius_max': 0, 'trim_min': 0, 'trim_max': 0, 'evaluations': 9, 'safe_feasible': 0, 'states': 0, 'selected_radius': 0, 'selected_trim': 0, 'selected_score': 0}, {'index': 7, 'radius_min': 0, 'radius_max': 0, 'trim_min': 0, 'trim_max': 0, 'evaluations': 9, 'safe_feasible': 0, 'states': 0, 'selected_radius': 0, 'selected_trim': 0, 'selected_score': 0}, {'index': 8, 'radius_min': 0, 'radius_max': 0, 'trim_min': 0, 'trim_max': 0, 'evaluations': 9, 'safe_feasible': 0, 'states': 0, 'selected_radius': 0, 'selected_trim': 0, 'selected_score': 0}, {'index': 9, 'radius_min': 0, 'radius_max': 0, 'trim_min': 0, 'trim_max': 0, 'evaluations': 9, 'safe_feasible': 0, 'states': 0, 'selected_radius': 0, 'selected_trim': 0, 'selected_score': 0}, {'index': 10, 'radius_min': 0, 'radius_max': 0, 'trim_min': 0, 'trim_max': 0, 'evaluations': 9, 'safe_feasible': 0, 'states': 0, 'selected_radius': 0, 'selected_trim': 0, 'selected_score': 0}, {'index': 11, 'radius_min': 0, 'radius_max': 0, 'trim_min': 0, 'trim_max': 0, 'evaluations': 9, 'safe_feasible': 0, 'states': 0, 'selected_radius': 0, 'selected_trim': 0, 'selected_score': 0}, {'index': 12, 'radius_min': 0, 'radius_max': 0, 'trim_min': 0, 'trim_max': 0, 'evaluations': 9, 'safe_feasible': 0, 'states': 0, 'selected_radius': 0, 'selected_trim': 0, 'selected_score': 0}, {'index': 13, 'radius_min': 0, 'radius_max': 0, 'trim_min': 0, 'trim_max': 0, 'evaluations': 9, 'safe_feasible': 0, 'states': 0, 'selected_radius': 0, 'selected_trim': 0, 'selected_score': 0}, {'index': 14, 'radius_min': 0, 'radius_max': 0, 'trim_min': 0, 'trim_max': 0, 'evaluations': 9, 'safe_feasible': 0, 'states': 0, 'selected_radius': 0, 'selected_trim': 0, 'selected_score': 0}, {'index': 15, 'radius_min': 0, 'radius_max': 0, 'trim_min': 0, 'trim_max': 0, 'evaluations': 9, 'safe_feasible': 0, 'states': 0, 'selected_radius': 0, 'selected_trim': 0, 'selected_score': 0}, {'index': 16, 'radius_min': 0, 'radius_max': 0, 'trim_min': 0, 'trim_max': 0, 'evaluations': 9, 'safe_feasible': 0, 'states': 0, 'selected_radius': 0, 'selected_trim': 0, 'selected_score': 0}, {'index': 17, 'radius_min': 0, 'radius_max': 0, 'trim_min': 0, 'trim_max': 0, 'evaluations': 9, 'safe_feasible': 0, 'states': 0, 'selected_radius': 0, 'selected_trim': 0, 'selected_score': 0}, {'index': 18, 'radius_min': 0, 'radius_max': 0, 'trim_min': 0, 'trim_max': 0, 'evaluations': 9, 'safe_feasible': 0, 'states': 0, 'selected_radius': 0, 'selected_trim': 0, 'selected_score': 0}, {'index': 19, 'radius_min': 0, 'radius_max': 0, 'trim_min': 0, 'trim_max': 0, 'evaluations': 9, 'safe_feasible': 0, 'states': 0, 'selected_radius': 0, 'selected_trim': 0, 'selected_score': 0}, {'index': 20, 'radius_min': 0, 'radius_max': 0, 'trim_min': 0, 'trim_max': 0, 'evaluations': 9, 'safe_feasible': 0, 'states': 0, 'selected_radius': 0, 'selected_trim': 0, 'selected_score': 0}, {'index': 21, 'radius_min': 0, 'radius_max': 0, 'trim_min': 0, 'trim_max': 0, 'evaluations': 9, 'safe_feasible': 0, 'states': 0, 'selected_radius': 0, 'selected_trim': 0, 'selected_score': 0}, {'index': 22, 'radius_min': 0, 'radius_max': 0, 'trim_min': 0, 'trim_max': 0, 'evaluations': 9, 'safe_feasible': 0, 'states': 0, 'selected_radius': 0, 'selected_trim': 0, 'selected_score': 0}, {'index': 23, 'radius_min': 0, 'radius_max': 0, 'trim_min': 0, 'trim_max': 0, 'evaluations': 9, 'safe_feasible': 0, 'states': 0, 'selected_radius': 0, 'selected_trim': 0, 'selected_score': 0}, {'index': 24, 'radius_min': 0, 'radius_max': 0, 'trim_min': 0, 'trim_max': 0, 'evaluations': 9, 'safe_feasible': 0, 'states': 0, 'selected_radius': 0, 'selected_trim': 0, 'selected_score': 0}, {'index': 25, 'radius_min': 0, 'radius_max': 0, 'trim_min': 0, 'trim_max': 0, 'evaluations': 9, 'safe_feasible': 0, 'states': 0, 'selected_radius': 0, 'selected_trim': 0, 'selected_score': 0}, {'index': 26, 'radius_min': 0, 'radius_max': 0, 'trim_min': 0, 'trim_max': 0, 'evaluations': 9, 'safe_feasible': 0, 'states': 0, 'selected_radius': 0, 'selected_trim': 0, 'selected_score': 0}, {'index': 27, 'radius_min': 0, 'radius_max': 0, 'trim_min': 0, 'trim_max': 0, 'evaluations': 9, 'safe_feasible': 0, 'states': 0, 'selected_radius': 0, 'selected_trim': 0, 'selected_score': 0}, {'index': 28, 'radius_min': 0, 'radius_max': 0, 'trim_min': 0, 'trim_max': 0, 'evaluations': 9, 'safe_feasible': 1, 'states': 0, 'selected_radius': 0.2, 'selected_trim': 0.0184643, 'selected_score': 1}, {'index': 29, 'radius_min': 0, 'radius_max': 0, 'trim_min': 0, 'trim_max': 0, 'evaluations': 9, 'safe_feasible': 1, 'states': 0, 'selected_radius': 0.2, 'selected_trim': 0.0136117, 'selected_score': 1}, {'index': 30, 'radius_min': 0, 'radius_max': 0, 'trim_min': 0, 'trim_max': 0, 'evaluations': 9, 'safe_feasible': 0, 'states': 0, 'selected_radius': 0, 'selected_trim': 0, 'selected_score': 0}, {'index': 31, 'radius_min': 0, 'radius_max': 0, 'trim_min': 0, 'trim_max': 0, 'evaluations': 9, 'safe_feasible': 0, 'states': 0, 'selected_radius': 0, 'selected_trim': 0, 'selected_score': 0}, {'index': 32, 'radius_min': 0, 'radius_max': 0, 'trim_min': 0, 'trim_max': 0, 'evaluations': 9, 'safe_feasible': 0, 'states': 0, 'selected_radius': 0, 'selected_trim': 0, 'selected_score': 0}, {'index': 33, 'radius_min': 0, 'radius_max': 0, 'trim_min': 0, 'trim_max': 0, 'evaluations': 9, 'safe_feasible': 0, 'states': 0, 'selected_radius': 0, 'selected_trim': 0, 'selected_score': 0}, {'index': 34, 'radius_min': 0, 'radius_max': 0, 'trim_min': 0, 'trim_max': 0, 'evaluations': 9, 'safe_feasible': 0, 'states': 0, 'selected_radius': 0, 'selected_trim': 0, 'selected_score': 0}]",35,0,315,none,5,30,0.7724563025270972,200,1,224,30,"{'angular acceleration iteration did not converge': 1, 'transition would overlap an adjacent corner window': 309}",0.000941278,fixed,0.05,11.407887717926497,5,NavFnDijkstra,48e9e737c58bcc0461d9040e3337894859333310999f28504d495a7a1c88f283,100,48e9e737c58bcc0461d9040e3337894859333310999f28504d495a7a1c88f283,0,1,right_rack_detour,True,1.049016440954089,3.0672598615668543,4.923405678718981,31,0.00682056100004047
,,,,"smoothing failed: status=6, code=504, message=''",,,,,,,,,,,,,,,,,,,pivot_g2,,,,,,,,,,,,,,,,,,,,,,,,,NavFnDijkstra,48e9e737c58bcc0461d9040e3337894859333310999f28504d495a7a1c88f283,,48e9e737c58bcc0461d9040e3337894859333310999f28504d495a7a1c88f283,0,1,right_rack_detour,False,,,,,
0.0,4.733817947841062,0.02324860448524979,0.004142122230972812,,0.3268792821519342,0.25619225950049973,0.26464466488418537,0,199,1.04902,30,228,True,51.7115,251,True,simple_default,simple,4.73382,177,True,3.4586063125323965,adaptive_hybrid_fixed,0.05,196,01a82475e6c4572570011a9f975dbb8b5743b61e5795eb540f09f7eeffe1bc53,4.865627004507547,,,,,,,,,0,0.0,,,,,,,,,0,,NavFnDijkstra,48e9e737c58bcc0461d9040e3337894859333310999f28504d495a7a1c88f283,99,48e9e737c58bcc0461d9040e3337894859333310999f28504d495a7a1c88f283,0,1,right_rack_detour,True,4.733817947841062,3.4586063125323965,4.865627004507547,1,0.006537577000017336
0.009000000000000001,4.733817947841062,0.02324860448524979,0.004142122230972812,,0.3268792821519342,0.25619225950049973,0.26464466488418537,0,199,,0,,False,51.7115,251,True,pivot_unsafe,simple,4.73382,177,True,3.4586063125323965,adaptive_hybrid,0.05,196,01a82475e6c4572570011a9f975dbb8b5743b61e5795eb540f09f7eeffe1bc53,4.865627004507547,,,,,,,,,0,0.0,,,,,,,,,0,,NavFnDijkstra,48e9e737c58bcc0461d9040e3337894859333310999f28504d495a7a1c88f283,99,48e9e737c58bcc0461d9040e3337894859333310999f28504d495a7a1c88f283,0,1,right_rack_detour,True,4.733817947841062,3.4586063125323965,4.865627004507547,1,0.011670431999846187
0.0,47.546075337575495,4.440892098500626e-16,6.415350471809794e-17,,0.483043730171609,0.11464466264901119,0.2146446641391273,0,553,,,,,,,,,,,,,11.001618993721564,raw,0.05,547,0bd1d06be354f54ace06d9b52597806f5e32078fbc643be551840ff2b6930a89,13.696073403185522,,,,,,,,,0,0.0,,,,,,,,,0,,NavFnDijkstra,0bd1d06be354f54ace06d9b52597806f5e32078fbc643be551840ff2b6930a89,276,0bd1d06be354f54ace06d9b52597806f5e32078fbc643be551840ff2b6930a89,0,1,long_southwest_to_northeast,True,47.546075337575495,11.001618993721564,13.696073403185522,1,0.009930764999808162
0.003,7.037750679849484,0.015840972777588124,0.0025777927976331446,,0.46781779989191263,0.11464466264901119,0.25619225950049973,0,571,,,,,,,,,,,,,3.585626766771457,simple,0.05,547,ab2e6927d73e91bc747ec4137738705ec5a8162b1e058edc15387547510df942,13.652532298914709,,,,,,,,,0,0.0,,,,,,,,,0,,NavFnDijkstra,0bd1d06be354f54ace06d9b52597806f5e32078fbc643be551840ff2b6930a89,275,0bd1d06be354f54ace06d9b52597806f5e32078fbc643be551840ff2b6930a89,0,1,long_southwest_to_northeast,True,7.037750679849484,3.585626766771457,13.652532298914709,1,0.013004268999793567
0.0,19.757605971403223,0.005753934258065893,0.0008081535329700345,,0.46096702897311126,0.11464466264901119,0.21959563989254183,0,591,,,,,,,,,,,,,7.038911294804641,savitzky_golay,0.05,547,222807954cf9ed847af4834fb586e19e69f164ce929f1526db77c2e359980b5f,13.681474855217369,,,,,,,,,0,0.0,,,,,,,,,0,,NavFnDijkstra,0bd1d06be354f54ace06d9b52597806f5e32078fbc643be551840ff2b6930a89,275,0bd1d06be354f54ace06d9b52597806f5e32078fbc643be551840ff2b6930a89,0,1,long_southwest_to_northeast,True,19.757605971403223,7.038911294804641,13.681474855217369,1,0.011776656999700208
0.033,20.386197520921304,0.011001180160007699,0.0014509481259466041,,0.46351619191575233,0.11464466264901119,0.2474873771031409,0,586,,,,,,,,,,,,,6.2854486579803455,constrained,0.05,547,e7aaa2e1d6cc917e567f1f0c44a90475383d9964403884519a9256a0735fa5d1,13.688816410559632,,,,,,,,,0,0.0,,,,,,,,,0,,NavFnDijkstra,0bd1d06be354f54ace06d9b52597806f5e32078fbc643be551840ff2b6930a89,275,0bd1d06be354f54ace06d9b52597806f5e32078fbc643be551840ff2b6930a89,0,1,long_southwest_to_northeast,True,20.386197520921304,6.2854486579803455,13.688816410559632,1,0.04375359400000889
0.006,43.652782174936604,0.015337800579411568,0.005379235097441961,,0.37647861796914306,0.11464466264901119,0.2146446641391273,0,788,,,,,,,,,,,,,11.061345166448481,pivot_g2_fixed,0.05,616,1c9918bfedb0e6429748db51fd6e67782078fd1cc3a41c57088fd54c3d8301d4,13.689017594407018,0,52,"[{'index': 0, 'radius_min': 0, 'radius_max': 0, 'trim_min': 0, 'trim_max': 0, 'evaluations': 9, 'safe_feasible': 7, 'states': 0, 'selected_radius': 1.5, 'selected_trim': 0.0905314, 'selected_score': 1}, {'index': 1, 'radius_min': 0, 'radius_max': 0, 'trim_min': 0, 'trim_max': 0, 'evaluations': 9, 'safe_feasible': 0, 'states': 0, 'selected_radius': 0, 'selected_trim': 0, 'selected_score': 0}, {'index': 2, 'radius_min': 0, 'radius_max': 0, 'trim_min': 0, 'trim_max': 0, 'evaluations': 9, 'safe_feasible': 1, 'states': 0, 'selected_radius': 0.2, 'selected_trim': 0.0173325, 'selected_score': 1}, {'index': 3, 'radius_min': 0, 'radius_max': 0, 'trim_min': 0, 'trim_max': 0, 'evaluations': 9, 'safe_feasible': 2, 'states': 0, 'selected_radius': 0.3, 'selected_trim': 0.0405599, 'selected_score': 1}, {'index': 4, 'radius_min': 0, 'radius_max': 0, 'trim_min': 0, 'trim_max': 0, 'evaluations': 9, 'safe_feasible': 2, 'states': 0, 'selected_radius': 0.5, 'selected_trim': 0.0375128, 'selected_score': 0.9}, {'index': 5, 'radius_min': 0, 'radius_max': 0, 'trim_min': 0, 'trim_max': 0, 'evaluations': 9, 'safe_feasible': 1, 'states': 0, 'selected_radius': 0.2, 'selected_trim': 0.0103671, 'selected_score': 1}, {'index': 6, 'radius_min': 0, 'radius_max': 0, 'trim_min': 0, 'trim_max': 0, 'evaluations': 9, 'safe_feasible': 0, 'states': 0, 'selected_radius': 0, 'selected_trim': 0, 'selected_score': 0}, {'index': 7, 'radius_min': 0, 'radius_max': 0, 'trim_min': 0, 'trim_max': 0, 'evaluations': 9, 'safe_feasible': 0, 'states': 0, 'selected_radius': 0, 'selected_trim': 0, 'selected_score': 0}, {'index': 8, 'radius_min': 0, 'radius_max': 0, 'trim_min': 0, 'trim_max': 0, 'evaluations': 9, 'safe_feasible': 0, 'states': 0, 'selected_radius': 0, 'selected_trim': 0, 'selected_score': 0}, {'index': 9, 'radius_min': 0, 'radius_max': 0, 'trim_min': 0, 'trim_max': 0, 'evaluations': 9, 'safe_feasible': 0, 'states': 0, 'selected_radius': 0, 'selected_trim': 0, 'selected_score': 0}, {'index': 10, 'radius_min': 0, 'radius_max': 0, 'trim_min': 0, 'trim_max': 0, 'evaluations': 9, 'safe_feasible': 1, 'states': 0, 'selected_radius': 0.2, 'selected_trim': 0.0168562, 'selected_score': 1}, {'index': 11, 'radius_min': 0, 'radius_max': 0, 'trim_min': 0, 'trim_max': 0, 'evaluations': 9, 'safe_feasible': 2, 'states': 0, 'selected_radius': 0.3, 'selected_trim': 0.0300971, 'selected_score': 1}, {'index': 12, 'radius_min': 0, 'radius_max': 0, 'trim_min': 0, 'trim_max': 0, 'evaluations': 9, 'safe_feasible': 8, 'states': 0, 'selected_radius': 1.25, 'selected_trim': 0.0243908, 'selected_score': 0.953707}, {'index': 13, 'radius_min': 0, 'radius_max': 0, 'trim_min': 0, 'trim_max': 0, 'evaluations': 9, 'safe_feasible': 0, 'states': 0, 'selected_radius': 0, 'selected_trim': 0, 'selected_score': 0}, {'index': 14, 'radius_min': 0, 'radius_max': 0, 'trim_min': 0, 'trim_max': 0, 'evaluations': 9, 'safe_feasible': 0, 'states': 0, 'selected_radius': 0, 'selected_trim': 0, 'selected_score': 0}, {'index': 15, 'radius_min': 0, 'radius_max': 0, 'trim_min': 0, 'trim_max': 0, 'evaluations': 9, 'safe_feasible': 0, 'states': 0, 'selected_radius': 0, 'selected_trim': 0, 'selected_score': 0}, {'index': 16, 'radius_min': 0, 'radius_max': 0, 'trim_min': 0, 'trim_max': 0, 'evaluations': 9, 'safe_feasible': 0, 'states': 0, 'selected_radius': 0, 'selected_trim': 0, 'selected_score': 0}, {'index': 17, 'radius_min': 0, 'radius_max': 0, 'trim_min': 0, 'trim_max': 0, 'evaluations': 9, 'safe_feasible': 0, 'states': 0, 'selected_radius': 0, 'selected_trim': 0, 'selected_score': 0}, {'index': 18, 'radius_min': 0, 'radius_max': 0, 'trim_min': 0, 'trim_max': 0, 'evaluations': 9, 'safe_feasible': 0, 'states': 0, 'selected_radius': 0, 'selected_trim': 0, 'selected_score': 0}, {'index': 19, 'radius_min': 0, 'radius_max': 0, 'trim_min': 0, 'trim_max': 0, 'evaluations': 9, 'safe_feasible': 0, 'states': 0, 'selected_radius': 0, 'selected_trim': 0, 'selected_score': 0}, {'index': 20, 'radius_min': 0, 'radius_max': 0, 'trim_min': 0, 'trim_max': 0, 'evaluations': 9, 'safe_feasible': 0, 'states': 0, 'selected_radius': 0, 'selected_trim': 0, 'selected_score': 0}, {'index': 21, 'radius_min': 0, 'radius_max': 0, 'trim_min': 0, 'trim_max': 0, 'evaluations': 9, 'safe_feasible': 0, 'states': 0, 'selected_radius': 0, 'selected_trim': 0, 'selected_score': 0}, {'index': 22, 'radius_min': 0, 'radius_max': 0, 'trim_min': 0, 'trim_max': 0, 'evaluations': 9, 'safe_feasible': 0, 'states': 0, 'selected_radius': 0, 'selected_trim': 0, 'selected_score': 0}, {'index': 23, 'radius_min': 0, 'radius_max': 0, 'trim_min': 0, 'trim_max': 0, 'evaluations': 9, 'safe_feasible': 0, 'states': 0, 'selected_radius': 0, 'selected_trim': 0, 'selected_score': 0}, {'index': 24, 'radius_min': 0, 'radius_max': 0, 'trim_min': 0, 'trim_max': 0, 'evaluations': 9, 'safe_feasible': 0, 'states': 0, 'selected_radius': 0, 'selected_trim': 0, 'selected_score': 0}, {'index': 25, 'radius_min': 0, 'radius_max': 0, 'trim_min': 0, 'trim_max': 0, 'evaluations': 9, 'safe_feasible': 0, 'states': 0, 'selected_radius': 0, 'selected_trim': 0, 'selected_score': 0}, {'index': 26, 'radius_min': 0, 'radius_max': 0, 'trim_min': 0, 'trim_max': 0, 'evaluations': 9, 'safe_feasible': 0, 'states': 0, 'selected_radius': 0, 'selected_trim': 0, 'selected_score': 0}, {'index': 27, 'radius_min': 0, 'radius_max': 0, 'trim_min': 0, 'trim_max': 0, 'evaluations': 9, 'safe_feasible': 0, 'states': 0, 'selected_radius': 0, 'selected_trim': 0, 'selected_score': 0}, {'index': 28, 'radius_min': 0, 'radius_max': 0, 'trim_min': 0, 'trim_max': 0, 'evaluations': 9, 'safe_feasible': 0, 'states': 0, 'selected_radius': 0, 'selected_trim': 0, 'selected_score': 0}, {'index': 29, 'radius_min': 0, 'radius_max': 0, 'trim_min': 0, 'trim_max': 0, 'evaluations': 9, 'safe_feasible': 6, 'states': 0, 'selected_radius': 0.75, 'selected_trim': 0.0363513, 'selected_score': 0.850061}, {'index': 30, 'radius_min': 0, 'radius_max': 0, 'trim_min': 0, 'trim_max': 0, 'evaluations': 9, 'safe_feasible': 4, 'states': 0, 'selected_radius': 0.6, 'selected_trim': 0.0661002, 'selected_score': 0.908402}, {'index': 31, 'radius_min': 0, 'radius_max': 0, 'trim_min': 0, 'trim_max': 0, 'evaluations': 9, 'safe_feasible': 7, 'states': 0, 'selected_radius': 1.5, 'selected_trim': 0.0877231, 'selected_score': 1}, {'index': 32, 'radius_min': 0, 'radius_max': 0, 'trim_min': 0, 'trim_max': 0, 'evaluations': 9, 'safe_feasible': 1, 'states': 0, 'selected_radius': 0.2, 'selected_trim': 0.0134134, 'selected_score': 1}, {'index': 33, 'radius_min': 0, 'radius_max': 0, 'trim_min': 0, 'trim_max': 0, 'evaluations': 9, 'safe_feasible': 1, 'states': 0, 'selected_radius': 0.2, 'selected_trim': 0.0123331, 'selected_score': 1}, {'index': 34, 'radius_min': 0, 'radius_max': 0, 'trim_min': 0, 'trim_max': 0, 'evaluations': 9, 'safe_feasible': 4, 'states': 0, 'selected_radius': 0.75, 'selected_trim': 0.0306496, 'selected_score': 0.949396}, {'index': 35, 'radius_min': 0, 'radius_max': 0, 'trim_min': 0, 'trim_max': 0, 'evaluations': 9, 'safe_feasible': 2, 'states': 0, 'selected_radius': 0.3, 'selected_trim': 0.0268906, 'selected_score': 1}, {'index': 36, 'radius_min': 0, 'radius_max': 0, 'trim_min': 0, 'trim_max': 0, 'evaluations': 9, 'safe_feasible': 1, 'states': 0, 'selected_radius': 0.2, 'selected_trim': 0.0158701, 'selected_score': 1}, {'index': 37, 'radius_min': 0, 'radius_max': 0, 'trim_min': 0, 'trim_max': 0, 'evaluations': 9, 'safe_feasible': 0, 'states': 0, 'selected_radius': 0, 'selected_trim': 0, 'selected_score': 0}, {'index': 38, 'radius_min': 0, 'radius_max': 0, 'trim_min': 0, 'trim_max': 0, 'evaluations': 9, 'safe_feasible': 0, 'states': 0, 'selected_radius': 0, 'selected_trim': 0, 'selected_score': 0}, {'index': 39, 'radius_min': 0, 'radius_max': 0, 'trim_min': 0, 'trim_max': 0, 'evaluations': 9, 'safe_feasible': 1, 'states': 0, 'selected_radius': 0.2, 'selected_trim': 0.00974514, 'selected_score': 1}, {'index': 40, 'radius_min': 0, 'radius_max': 0, 'trim_min': 0, 'trim_max': 0, 'evaluations': 9, 'safe_feasible': 0, 'states': 0, 'selected_radius': 0, 'selected_trim': 0, 'selected_score': 0}, {'index': 41, 'radius_min': 0, 'radius_max': 0, 'trim_min': 0, 'trim_max': 0, 'evaluations': 9, 'safe_feasible': 0, 'states': 0, 'selected_radius': 0, 'selected_trim': 0, 'selected_score': 0}, {'index': 42, 'radius_min': 0, 'radius_max': 0, 'trim_min': 0, 'trim_max': 0, 'evaluations': 9, 'safe_feasible': 0, 'states': 0, 'selected_radius': 0, 'selected_trim': 0, 'selected_score': 0}, {'index': 43, 'radius_min': 0, 'radius_max': 0, 'trim_min': 0, 'trim_max': 0, 'evaluations': 9, 'safe_feasible': 0, 'states': 0, 'selected_radius': 0, 'selected_trim': 0, 'selected_score': 0}, {'index': 44, 'radius_min': 0, 'radius_max': 0, 'trim_min': 0, 'trim_max': 0, 'evaluations': 9, 'safe_feasible': 0, 'states': 0, 'selected_radius': 0, 'selected_trim': 0, 'selected_score': 0}, {'index': 45, 'radius_min': 0, 'radius_max': 0, 'trim_min': 0, 'trim_max': 0, 'evaluations': 9, 'safe_feasible': 0, 'states': 0, 'selected_radius': 0, 'selected_trim': 0, 'selected_score': 0}, {'index': 46, 'radius_min': 0, 'radius_max': 0, 'trim_min': 0, 'trim_max': 0, 'evaluations': 9, 'safe_feasible': 0, 'states': 0, 'selected_radius': 0, 'selected_trim': 0, 'selected_score': 0}, {'index': 47, 'radius_min': 0, 'radius_max': 0, 'trim_min': 0, 'trim_max': 0, 'evaluations': 9, 'safe_feasible': 0, 'states': 0, 'selected_radius': 0, 'selected_trim': 0, 'selected_score': 0}, {'index': 48, 'radius_min': 0, 'radius_max': 0, 'trim_min': 0, 'trim_max': 0, 'evaluations': 9, 'safe_feasible': 0, 'states': 0, 'selected_radius': 0, 'selected_trim': 0, 'selected_score': 0}, {'index': 49, 'radius_min': 0, 'radius_max': 0, 'trim_min': 0, 'trim_max': 0, 'evaluations': 9, 'safe_feasible': 0, 'states': 0, 'selected_radius': 0, 'selected_trim': 0, 'selected_score': 0}, {'index': 50, 'radius_min': 0, 'radius_max': 0, 'trim_min': 0, 'trim_max': 0, 'evaluations': 9, 'safe_feasible': 0, 'states': 0, 'selected_radius': 0, 'selected_trim': 0, 'selected_score': 0}, {'index': 51, 'radius_min': 0, 'radius_max': 0, 'trim_min': 0, 'trim_max': 0, 'evaluations': 9, 'safe_feasible': 0, 'states': 0, 'selected_radius': 0, 'selected_trim': 0, 'selected_score': 0}, {'index': 52, 'radius_min': 0, 'radius_max': 0, 'trim_min': 0, 'trim_max': 0, 'evaluations': 9, 'safe_feasible': 0, 'states': 0, 'selected_radius': 0, 'selected_trim': 0, 'selected_score': 0}, {'index': 53, 'radius_min': 0, 'radius_max': 0, 'trim_min': 0, 'trim_max': 0, 'evaluations': 9, 'safe_feasible': 0, 'states': 0, 'selected_radius': 0, 'selected_trim': 0, 'selected_score': 0}, {'index': 54, 'radius_min': 0, 'radius_max': 0, 'trim_min': 0, 'trim_max': 0, 'evaluations': 9, 'safe_feasible': 0, 'states': 0, 'selected_radius': 0, 'selected_trim': 0, 'selected_score': 0}, {'index': 55, 'radius_min': 0, 'radius_max': 0, 'trim_min': 0, 'trim_max': 0, 'evaluations': 9, 'safe_feasible': 0, 'states': 0, 'selected_radius': 0, 'selected_trim': 0, 'selected_score': 0}, {'index': 56, 'radius_min': 0, 'radius_max': 0, 'trim_min': 0, 'trim_max': 0, 'evaluations': 9, 'safe_feasible': 0, 'states': 0, 'selected_radius': 0, 'selected_trim': 0, 'selected_score': 0}, {'index': 57, 'radius_min': 0, 'radius_max': 0, 'trim_min': 0, 'trim_max': 0, 'evaluations': 9, 'safe_feasible': 0, 'states': 0, 'selected_radius': 0, 'selected_trim': 0, 'selected_score': 0}, {'index': 58, 'radius_min': 0, 'radius_max': 0, 'trim_min': 0, 'trim_max': 0, 'evaluations': 9, 'safe_feasible': 0, 'states': 0, 'selected_radius': 0, 'selected_trim': 0, 'selected_score': 0}, {'index': 59, 'radius_min': 0, 'radius_max': 0, 'trim_min': 0, 'trim_max': 0, 'evaluations': 9, 'safe_feasible': 1, 'states': 0, 'selected_radius': 0.2, 'selected_trim': 0.0196251, 'selected_score': 1}, {'index': 60, 'radius_min': 0, 'radius_max': 0, 'trim_min': 0, 'trim_max': 0, 'evaluations': 9, 'safe_feasible': 0, 'states': 0, 'selected_radius': 0, 'selected_trim': 0, 'selected_score': 0}, {'index': 61, 'radius_min': 0, 'radius_max': 0, 'trim_min': 0, 'trim_max': 0, 'evaluations': 9, 'safe_feasible': 0, 'states': 0, 'selected_radius': 0, 'selected_trim': 0, 'selected_score': 0}, {'index': 62, 'radius_min': 0, 'radius_max': 0, 'trim_min': 0, 'trim_max': 0, 'evaluations': 9, 'safe_feasible': 0, 'states': 0, 'selected_radius': 0, 'selected_trim': 0, 'selected_score': 0}, {'index': 63, 'radius_min': 0, 'radius_max': 0, 'trim_min': 0, 'trim_max': 0, 'evaluations': 9, 'safe_feasible': 0, 'states': 0, 'selected_radius': 0, 'selected_trim': 0, 'selected_score': 0}]",64,0,576,none,18,46,0.8442642311264642,200,0.975643,616,46,"{'angular acceleration iteration did not converge': 15, 'transition would overlap an adjacent corner window': 509}",0.00563876,fixed,0.05,15.311131507517095,52,NavFnDijkstra,0bd1d06be354f54ace06d9b52597806f5e32078fbc643be551840ff2b6930a89,276,0bd1d06be354f54ace06d9b52597806f5e32078fbc643be551840ff2b6930a89,0,1,long_southwest_to_northeast,True,4.82416786578698,3.2182494185627832,13.713180399552861,47,0.01777166500005478
,,,,"smoothing failed: status=6, code=504, message=''",,,,,,,,,,,,,,,,,,,pivot_g2,,,,,,,,,,,,,,,,,,,,,,,,,NavFnDijkstra,0bd1d06be354f54ace06d9b52597806f5e32078fbc643be551840ff2b6930a89,,0bd1d06be354f54ace06d9b52597806f5e32078fbc643be551840ff2b6930a89,0,1,long_southwest_to_northeast,False,,,,,
0.009000000000000001,7.037750679849484,0.015840972777588124,0.0025777927976331446,,0.46781779989191263,0.11464466264901119,0.25619225950049973,0,571,4.82417,46,253,True,47.5461,253,True,simple_default,simple,7.03775,253,True,3.585626766771457,adaptive_hybrid_fixed,0.05,547,ab2e6927d73e91bc747ec4137738705ec5a8162b1e058edc15387547510df942,13.652532298914709,,,,,,,,,0,0.0,,,,,,,,,0,,NavFnDijkstra,0bd1d06be354f54ace06d9b52597806f5e32078fbc643be551840ff2b6930a89,275,0bd1d06be354f54ace06d9b52597806f5e32078fbc643be551840ff2b6930a89,0,1,long_southwest_to_northeast,True,7.037750679849484,3.585626766771457,13.652532298914709,1,0.01803714299967396
0.018000000000000002,7.037750679849484,0.015840972777588124,0.0025777927976331446,,0.46781779989191263,0.11464466264901119,0.25619225950049973,0,571,,0,,False,47.5461,253,True,pivot_unsafe,simple,7.03775,253,True,3.585626766771457,adaptive_hybrid,0.05,547,ab2e6927d73e91bc747ec4137738705ec5a8162b1e058edc15387547510df942,13.652532298914709,,,,,,,,,0,0.0,,,,,,,,,0,,NavFnDijkstra,0bd1d06be354f54ace06d9b52597806f5e32078fbc643be551840ff2b6930a89,275,0bd1d06be354f54ace06d9b52597806f5e32078fbc643be551840ff2b6930a89,0,1,long_southwest_to_northeast,True,7.037750679849484,3.585626766771457,13.652532298914709,1,0.028492881000147463
0.003,28.69867528731926,4.440892098500626e-16,4.860400279728535e-17,,0.48073393837457107,0.16464466339406925,0.25401603890116004,0,576,,,,,,,,,,,,,13.089227061823996,raw,0.05,547,12439aef3623d61e8bf3d1a4035080113e5c75fe4c4959b68306f79b367892f1,13.713275919882998,,,,,,,,,0,0.0,,,,,,,,,0,,NavFnDijkstra,12439aef3623d61e8bf3d1a4035080113e5c75fe4c4959b68306f79b367892f1,276,12439aef3623d61e8bf3d1a4035080113e5c75fe4c4959b68306f79b367892f1,0,1,long_northeast_to_southwest,True,28.69867528731926,13.089227061823996,13.713275919882998,1,0.00909883800022726
0.0,7.346909001927223,0.020526320258716535,0.002738043548863004,,0.46425160759643913,0.11464466264901119,0.28480087705617874,0,550,,,,,,,,,,,,,4.325127276416642,simple,0.05,547,abb955354e5ca98fbca261bfd86a7963c0546aadc0b88899033dc37818326043,13.673282623201256,,,,,,,,,0,0.0,,,,,,,,,0,,NavFnDijkstra,12439aef3623d61e8bf3d1a4035080113e5c75fe4c4959b68306f79b367892f1,275,12439aef3623d61e8bf3d1a4035080113e5c75fe4c4959b68306f79b367892f1,0,1,long_northeast_to_southwest,True,7.346909001927223,4.325127276416642,13.673282623201256,1,0.012071339000158332
0.0,16.052988557845605,0.009873222273072952,0.000837998086206711,,0.46368396534691897,0.11464466264901119,0.28480087705617874,0,563,,,,,,,,,,,,,8.319098321793973,savitzky_golay,0.05,547,28abbf45aaa59654c51da5778fb51feb7f35f2e98726f69b04026f7ddc10c237,13.701427847716623,,,,,,,,,0,0.0,,,,,,,,,0,,NavFnDijkstra,12439aef3623d61e8bf3d1a4035080113e5c75fe4c4959b68306f79b367892f1,276,12439aef3623d61e8bf3d1a4035080113e5c75fe4c4959b68306f79b367892f1,0,1,long_northeast_to_southwest,True,16.052988557845605,8.319098321793973,13.701427847716623,1,0.012765096999828529
0.036000000000000004,24.27015511829114,0.016688666719811476,0.002479298721352631,,0.4627561967402294,0.16464466339406925,0.2808724311428359,0,569,,,,,,,,,,,,,11.051943289870998,constrained,0.05,547,fc59005b11589bdf178aec32b6f363c308b736d0a0d3cd01bc60bba5e21a9859,13.730674833332975,,,,,,,,,0,0.0,,,,,,,,,0,,NavFnDijkstra,12439aef3623d61e8bf3d1a4035080113e5c75fe4c4959b68306f79b367892f1,276,12439aef3623d61e8bf3d1a4035080113e5c75fe4c4959b68306f79b367892f1,0,1,long_northeast_to_southwest,True,24.27015511829114,11.051943289870998,13.730674833332975,1,0.049237144000017
0.009000000000000001,26.851117514311902,0.01658935134662004,0.009527488489047425,,0.4185311337011872,0.11464466264901119,0.2808724311428359,0,678,,,,,,,,,,,,,13.089227061823996,pivot_g2_fixed,0.05,649,ecdd1b9ed1bb11e4d7fb848545bef7069e177cc8adc635d4db1204aa77707ca4,13.700082288429462,0,78,"[{'index': 0, 'radius_min': 0, 'radius_max': 0, 'trim_min': 0, 'trim_max': 0, 'evaluations': 9, 'safe_feasible': 0, 'states': 0, 'selected_radius': 0, 'selected_trim': 0, 'selected_score': 0}, {'index': 1, 'radius_min': 0, 'radius_max': 0, 'trim_min': 0, 'trim_max': 0, 'evaluations': 9, 'safe_feasible': 0, 'states': 0, 'selected_radius': 0, 'selected_trim': 0, 'selected_score': 0}, {'index': 2, 'radius_min': 0, 'radius_max': 0, 'trim_min': 0, 'trim_max': 0, 'evaluations': 9, 'safe_feasible': 0, 'states': 0, 'selected_radius': 0, 'selected_trim': 0, 'selected_score': 0}, {'index': 3, 'radius_min': 0, 'radius_max': 0, 'trim_min': 0, 'trim_max': 0, 'evaluations': 9, 'safe_feasible': 0, 'states': 0, 'selected_radius': 0, 'selected_trim': 0, 'selected_score': 0}, {'index': 4, 'radius_min': 0, 'radius_max': 0, 'trim_min': 0, 'trim_max': 0, 'evaluations': 9, 'safe_feasible': 6, 'states': 0, 'selected_radius': 1, 'selected_trim': 0.0985923, 'selected_score': 0.944949}, {'index': 5, 'radius_min': 0, 'radius_max': 0, 'trim_min': 0, 'trim_max': 0, 'evaluations': 9, 'safe_feasible': 1, 'states': 0, 'selected_radius': 0.2, 'selected_trim': 0.0214402, 'selected_score': 1}, {'index': 6, 'radius_min': 0, 'radius_max': 0, 'trim_min': 0, 'trim_max': 0, 'evaluations': 9, 'safe_feasible': 1, 'states': 0, 'selected_radius': 0.2, 'selected_trim': 0.0132231, 'selected_score': 1}, {'index': 7, 'radius_min': 0, 'radius_max': 0, 'trim_min': 0, 'trim_max': 0, 'evaluations': 9, 'safe_feasible': 1, 'states': 0, 'selected_radius': 0.2, 'selected_trim': 0.018038, 'selected_score': 1}, {'index': 8, 'radius_min': 0, 'radius_max': 0, 'trim_min': 0, 'trim_max': 0, 'evaluations': 9, 'safe_feasible': 3, 'states': 0, 'selected_radius': 0.6, 'selected_trim': 0.0398158, 'selected_score': 0.919259}, {'index': 9, 'radius_min': 0, 'radius_max': 0, 'trim_min': 0, 'trim_max': 0, 'evaluations': 9, 'safe_feasible': 2, 'states': 0, 'selected_radius': 0.5, 'selected_trim': 0.0325931, 'selected_score': 0.9}, {'index': 10, 'radius_min': 0, 'radius_max': 0, 'trim_min': 0, 'trim_max': 0, 'evaluations': 9, 'safe_feasible': 0, 'states': 0, 'selected_radius': 0, 'selected_trim': 0, 'selected_score': 0}, {'index': 11, 'radius_min': 0, 'radius_max': 0, 'trim_min': 0, 'trim_max': 0, 'evaluations': 9, 'safe_feasible': 0, 'states': 0, 'selected_radius': 0, 'selected_trim': 0, 'selected_score': 0}, {'index': 12, 'radius_min': 0, 'radius_max': 0, 'trim_min': 0, 'trim_max': 0, 'evaluations': 9, 'safe_feasible': 1, 'states': 0, 'selected_radius': 0.2, 'selected_trim': 0.0217922, 'selected_score': 1}, {'index': 13, 'radius_min': 0, 'radius_max': 0, 'trim_min': 0, 'trim_max': 0, 'evaluations': 9, 'safe_feasible': 1, 'states': 0, 'selected_radius': 0.2, 'selected_trim': 0.0106773, 'selected_score': 1}, {'index': 14, 'radius_min': 0, 'radius_max': 0, 'trim_min': 0, 'trim_max': 0, 'evaluations': 9, 'safe_feasible': 0, 'states': 0, 'selected_radius': 0, 'selected_trim': 0, 'selected_score': 0}, {'index': 15, 'radius_min': 0, 'radius_max': 0, 'trim_min': 0, 'trim_max': 0, 'evaluations': 9, 'safe_feasible': 1, 'states': 0, 'selected_radius': 0.2, 'selected_trim': 0.0154514, 'selected_score': 1}, {'index': 16, 'radius_min': 0, 'radius_max': 0, 'trim_min': 0, 'trim_max': 0, 'evaluations': 9, 'safe_feasible': 9, 'states': 0, 'selected_radius': 1.5, 'selected_trim': 0.0181828, 'selected_score': 0.988824}, {'index': 17, 'radius_min': 0, 'radius_max': 0, 'trim_min': 0, 'trim_max': 0, 'evaluations': 9, 'safe_feasible': 4, 'states': 0, 'selected_radius': 0.75, 'selected_trim': 0.0484972, 'selected_score': 0.947237}, {'index': 18, 'radius_min': 0, 'radius_max': 0, 'trim_min': 0, 'trim_max': 0, 'evaluations': 9, 'safe_feasible': 1, 'states': 0, 'selected_radius': 0.2, 'selected_trim': 0.0135673, 'selected_score': 1}, {'index': 19, 'radius_min': 0, 'radius_max': 0, 'trim_min': 0, 'trim_max': 0, 'evaluations': 9, 'safe_feasible': 3, 'states': 0, 'selected_radius': 0.6, 'selected_trim': 0.0307748, 'selected_score': 0.928481}, {'index': 20, 'radius_min': 0, 'radius_max': 0, 'trim_min': 0, 'trim_max': 0, 'evaluations': 9, 'safe_feasible': 5, 'states': 0, 'selected_radius': 0.75, 'selected_trim': 0.0810876, 'selected_score': 0.92546}, {'index': 21, 'radius_min': 0, 'radius_max': 0, 'trim_min': 0, 'trim_max': 0, 'evaluations': 9, 'safe_feasible': 7, 'states': 0, 'selected_radius': 1.5, 'selected_trim': 0.0645045, 'selected_score': 1}, {'index': 22, 'radius_min': 0, 'radius_max': 0, 'trim_min': 0, 'trim_max': 0, 'evaluations': 9, 'safe_feasible': 7, 'states': 0, 'selected_radius': 1.5, 'selected_trim': 0.0847072, 'selected_score': 1}, {'index': 23, 'radius_min': 0, 'radius_max': 0, 'trim_min': 0, 'trim_max': 0, 'evaluations': 9, 'safe_feasible': 4, 'states': 0, 'selected_radius': 0.75, 'selected_trim': 0.048062, 'selected_score': 0.799042}, {'index': 24, 'radius_min': 0, 'radius_max': 0, 'trim_min': 0, 'trim_max': 0, 'evaluations': 9, 'safe_feasible': 2, 'states': 0, 'selected_radius': 0.3, 'selected_trim': 0.0269167, 'selected_score': 1}, {'index': 25, 'radius_min': 0, 'radius_max': 0, 'trim_min': 0, 'trim_max': 0, 'evaluations': 9, 'safe_feasible': 2, 'states': 0, 'selected_radius': 0.3, 'selected_trim': 0.0290184, 'selected_score': 1}, {'index': 26, 'radius_min': 0, 'radius_max': 0, 'trim_min': 0, 'trim_max': 0, 'evaluations': 9, 'safe_feasible': 3, 'states': 0, 'selected_radius': 0.6, 'selected_trim': 0.0405534, 'selected_score': 0.769476}, {'index': 27, 'radius_min': 0, 'radius_max': 0, 'trim_min': 0, 'trim_max': 0, 'evaluations': 9, 'safe_feasible': 0, 'states': 0, 'selected_radius': 0, 'selected_trim': 0, 'selected_score': 0}, {'index': 28, 'radius_min': 0, 'radius_max': 0, 'trim_min': 0, 'trim_max': 0, 'evaluations': 9, 'safe_feasible': 0, 'states': 0, 'selected_radius': 0, 'selected_trim': 0, 'selected_score': 0}, {'index': 29, 'radius_min': 0, 'radius_max': 0, 'trim_min': 0, 'trim_max': 0, 'evaluations': 9, 'safe_feasible': 3, 'states': 0, 'selected_radius': 0.6, 'selected_trim': 0.0418382, 'selected_score': 0.919862}, {'index': 30, 'radius_min': 0, 'radius_max': 0, 'trim_min': 0, 'trim_max': 0, 'evaluations': 9, 'safe_feasible': 1, 'states': 0, 'selected_radius': 0.2, 'selected_trim': 0.0327857, 'selected_score': 1}, {'index': 31, 'radius_min': 0, 'radius_max': 0, 'trim_min': 0, 'trim_max': 0, 'evaluations': 9, 'safe_feasible': 7, 'states': 0, 'selected_radius': 1.5, 'selected_trim': 0.120857, 'selected_score': 1}, {'index': 32, 'radius_min': 0, 'radius_max': 0, 'trim_min': 0, 'trim_max': 0, 'evaluations': 9, 'safe_feasible': 3, 'states': 0, 'selected_radius': 0.6, 'selected_trim': 0.0282356, 'selected_score': 0.924086}, {'index': 33, 'radius_min': 0, 'radius_max': 0, 'trim_min': 0, 'trim_max': 0, 'evaluations': 9, 'safe_feasible': 0, 'states': 0, 'selected_radius': 0, 'selected_trim': 0, 'selected_score': 0}]",34,0,306,none,24,10,0.7093887289052012,200,0.956945,649,10,"{'angular acceleration iteration did not converge': 27, 'transition would overlap an adjacent corner window': 201}",0.0103815,fixed,0.05,2.6800754065464676,78,NavFnDijkstra,12439aef3623d61e8bf3d1a4035080113e5c75fe4c4959b68306f79b367892f1,276,12439aef3623d61e8bf3d1a4035080113e5c75fe4c4959b68306f79b367892f1,0,1,long_northeast_to_southwest,True,6.330340008028319,4.5906860144014,13.704787823088843,11,0.02211534499974732
,,,,"smoothing failed: status=6, code=504, message=''",,,,,,,,,,,,,,,,,,,pivot_g2,,,,,,,,,,,,,,,,,,,,,,,,,NavFnDijkstra,12439aef3623d61e8bf3d1a4035080113e5c75fe4c4959b68306f79b367892f1,,12439aef3623d61e8bf3d1a4035080113e5c75fe4c4959b68306f79b367892f1,0,1,long_northeast_to_southwest,False,,,,,
0.009000000000000001,7.346909001927223,0.020526320258716535,0.002738043548863004,,0.46425160759643913,0.11464466264901119,0.28480087705617874,0,550,6.33034,10,253,True,28.6987,228,True,simple_default,simple,7.34691,253,True,4.325127276416642,adaptive_hybrid_fixed,0.05,547,abb955354e5ca98fbca261bfd86a7963c0546aadc0b88899033dc37818326043,13.673282623201256,,,,,,,,,0,0.0,,,,,,,,,0,,NavFnDijkstra,12439aef3623d61e8bf3d1a4035080113e5c75fe4c4959b68306f79b367892f1,275,12439aef3623d61e8bf3d1a4035080113e5c75fe4c4959b68306f79b367892f1,0,1,long_northeast_to_southwest,True,7.346909001927223,4.325127276416642,13.673282623201256,1,0.01979991999996855
0.018000000000000002,7.346909001927223,0.020526320258716535,0.002738043548863004,,0.46425160759643913,0.11464466264901119,0.28480087705617874,0,550,,0,,False,28.6987,228,True,pivot_unsafe,simple,7.34691,253,True,4.325127276416642,adaptive_hybrid,0.05,547,abb955354e5ca98fbca261bfd86a7963c0546aadc0b88899033dc37818326043,13.673282623201256,,,,,,,,,0,0.0,,,,,,,,,0,,NavFnDijkstra,12439aef3623d61e8bf3d1a4035080113e5c75fe4c4959b68306f79b367892f1,275,12439aef3623d61e8bf3d1a4035080113e5c75fe4c4959b68306f79b367892f1,0,1,long_northeast_to_southwest,True,7.346909001927223,4.325127276416642,13.673282623201256,1,0.027538251999885688
0.003,14.145943714001161,4.440892098500626e-16,8.284377261760027e-17,,0.8778094624668837,0.2474873771031409,0.3146446656292434,0,492,,,,,,,,,,,,,9.85108832615869,raw,0.05,486,86502849550a06d978a6792bff811d36b65ad4fdcaad81d18d9a6030b73abc34,12.171317109245908,,,,,,,,,0,0.0,,,,,,,,,0,,NavFnDijkstra,86502849550a06d978a6792bff811d36b65ad4fdcaad81d18d9a6030b73abc34,245,86502849550a06d978a6792bff811d36b65ad4fdcaad81d18d9a6030b73abc34,0,1,crossing_northwest_to_southeast,True,14.145943714001161,9.85108832615869,12.171317109245908,1,0.00900792399988859
0.003,2.735094955187627,0.013893534943137862,0.001889542651051519,,0.8400532237419848,0.3146446656292434,0.34543332138122557,0,486,,,,,,,,,,,,,2.2156094116224203,simple,0.05,486,3d4cd748cd13c366dccdff6804c95b956c8f7900f31e0a92d6afab072941c47f,12.154777839685861,,,,,,,,,0,0.0,,,,,,,,,0,,NavFnDijkstra,86502849550a06d978a6792bff811d36b65ad4fdcaad81d18d9a6030b73abc34,245,86502849550a06d978a6792bff811d36b65ad4fdcaad81d18d9a6030b73abc34,0,1,crossing_northwest_to_southeast,True,2.735094955187627,2.2156094116224203,12.154777839685861,1,0.012771748999966803
0.0,7.406915457836859,0.010004022425296478,0.0007677364269166142,,0.8354236972395069,0.3146446656292434,0.34543332138122557,0,494,,,,,,,,,,,,,4.7844284715764935,savitzky_golay,0.05,486,4642aa0f2a077745a8b4446183d80c9fdc01ba25c8733bc2b40ed79a2db928b4,12.166392056130142,,,,,,,,,0,0.0,,,,,,,,,0,,NavFnDijkstra,86502849550a06d978a6792bff811d36b65ad4fdcaad81d18d9a6030b73abc34,245,86502849550a06d978a6792bff811d36b65ad4fdcaad81d18d9a6030b73abc34,0,1,crossing_northwest_to_southeast,True,7.406915457836859,4.7844284715764935,12.166392056130142,1,0.011028968000118766
0.030000000000000002,10.183193458865535,0.011873265088479037,0.0015927903072977792,,0.8332675307896867,0.3146446656292434,0.34543332138122557,0,504,,,,,,,,,,,,,6.328272303513982,constrained,0.05,486,0442043de214f2b57e59755ff6f9758ae0674027660ea52b2a56143563cda83d,12.176249439322332,,,,,,,,,0,0.0,,,,,,,,,0,,NavFnDijkstra,86502849550a06d978a6792bff811d36b65ad4fdcaad81d18d9a6030b73abc34,245,86502849550a06d978a6792bff811d36b65ad4fdcaad81d18d9a6030b73abc34,0,1,crossing_northwest_to_southeast,True,10.183193458865535,6.328272303513982,12.176249439322332,1,0.03867574499963666
0.006,14.22308946859187,0.01836432095669223,0.008875356468852793,,0.6370088767086018,0.30005486203680687,0.3181980562754668,0,627,,,,,,,,,,,,,10.376515629594904,pivot_g2_fixed,0.05,579,4eeda992cfef1a5d856eae74f90e7b859e7c3fcb93f1cf211ec7bb0ef69c2f0f,12.166673113549525,0,65,"[{'index': 0, 'radius_min': 0, 'radius_max': 0, 'trim_min': 0, 'trim_max': 0, 'evaluations': 9, 'safe_feasible': 0, 'states': 0, 'selected_radius': 0, 'selected_trim': 0, 'selected_score': 0}, {'index': 1, 'radius_min': 0, 'radius_max': 0, 'trim_min': 0, 'trim_max': 0, 'evaluations': 9, 'safe_feasible': 0, 'states': 0, 'selected_radius': 0, 'selected_trim': 0, 'selected_score': 0}, {'index': 2, 'radius_min': 0, 'radius_max': 0, 'trim_min': 0, 'trim_max': 0, 'evaluations': 9, 'safe_feasible': 0, 'states': 0, 'selected_radius': 0, 'selected_trim': 0, 'selected_score': 0}, {'index': 3, 'radius_min': 0, 'radius_max': 0, 'trim_min': 0, 'trim_max': 0, 'evaluations': 9, 'safe_feasible': 1, 'states': 0, 'selected_radius': 0.2, 'selected_trim': 0.0104639, 'selected_score': 1}, {'index': 4, 'radius_min': 0, 'radius_max': 0, 'trim_min': 0, 'trim_max': 0, 'evaluations': 9, 'safe_feasible': 0, 'states': 0, 'selected_radius': 0, 'selected_trim': 0, 'selected_score': 0}, {'index': 5, 'radius_min': 0, 'radius_max': 0, 'trim_min': 0, 'trim_max': 0, 'evaluations': 9, 'safe_feasible': 0, 'states': 0, 'selected_radius': 0, 'selected_trim': 0, 'selected_score': 0}, {'index': 6, 'radius_min': 0, 'radius_max': 0, 'trim_min': 0, 'trim_max': 0, 'evaluations': 9, 'safe_feasible': 0, 'states': 0, 'selected_radius': 0, 'selected_trim': 0, 'selected_score': 0}, {'index': 7, 'radius_min': 0, 'radius_max': 0, 'trim_min': 0, 'trim_max': 0, 'evaluations': 9, 'safe_feasible': 0, 'states': 0, 'selected_radius': 0, 'selected_trim': 0, 'selected_score': 0}, {'index': 8, 'radius_min': 0, 'radius_max': 0, 'trim_min': 0, 'trim_max': 0, 'evaluations': 9, 'safe_feasible': 0, 'states': 0, 'selected_radius': 0, 'selected_trim': 0, 'selected_score': 0}, {'index': 9, 'radius_min': 0, 'radius_max': 0, 'trim_min': 0, 'trim_max': 0, 'evaluations': 9, 'safe_feasible': 0, 'states': 0, 'selected_radius': 0, 'selected_trim': 0, 'selected_score': 0}, {'index': 10, 'radius_min': 0, 'radius_max': 0, 'trim_min': 0, 'trim_max': 0, 'evaluations': 9, 'safe_feasible': 0, 'states': 0, 'selected_radius': 0, 'selected_trim': 0, 'selected_score': 0}, {'index': 11, 'radius_min': 0, 'radius_max': 0, 'trim_min': 0, 'trim_max': 0, 'evaluations': 9, 'safe_feasible': 1, 'states': 0, 'selected_radius': 0.2, 'selected_trim': 0.0109093, 'selected_score': 1}, {'index': 12, 'radius_min': 0, 'radius_max': 0, 'trim_min': 0, 'trim_max': 0, 'evaluations': 9, 'safe_feasible': 0, 'states': 0, 'selected_radius': 0, 'selected_trim': 0, 'selected_score': 0}, {'index': 13, 'radius_min': 0, 'radius_max': 0, 'trim_min': 0, 'trim_max': 0, 'evaluations': 9, 'safe_feasible': 0, 'states': 0, 'selected_radius': 0, 'selected_trim': 0, 'selected_score': 0}, {'index': 14, 'radius_min': 0, 'radius_max': 0, 'trim_min': 0, 'trim_max': 0, 'evaluations': 9, 'safe_feasible': 1, 'states': 0, 'selected_radius': 0.2, 'selected_trim': 0.0104887, 'selected_score': 1}, {'index': 15, 'radius_min': 0, 'radius_max': 0, 'trim_min': 0, 'trim_max': 0, 'evaluations': 9, 'safe_feasible': 0, 'states': 0, 'selected_radius': 0, 'selected_trim': 0, 'selected_score': 0}, {'index': 16, 'radius_min': 0, 'radius_max': 0, 'trim_min': 0, 'trim_max': 0, 'evaluations': 9, 'safe_feasible': 0, 'states': 0, 'selected_radius': 0, 'selected_trim': 0, 'selected_score': 0}, {'index': 17, 'radius_min': 0, 'radius_max': 0, 'trim_min': 0, 'trim_max': 0, 'evaluations': 9, 'safe_feasible': 0, 'states': 0, 'selected_radius': 0, 'selected_trim': 0, 'selected_score': 0}, {'index': 18, 'radius_min': 0, 'radius_max': 0, 'trim_min': 0, 'trim_max': 0, 'evaluations': 9, 'safe_feasible': 1, 'states': 0, 'selected_radius': 0.2, 'selected_trim': 0.00958173, 'selected_score': 1}, {'index': 19, 'radius_min': 0, 'radius_max': 0, 'trim_min': 0, 'trim_max': 0, 'evaluations': 9, 'safe_feasible': 0, 'states': 0, 'selected_radius': 0, 'selected_trim': 0, 'selected_score': 0}, {'index': 20, 'radius_min': 0, 'radius_max': 0, 'trim_min': 0, 'trim_max': 0, 'evaluations': 9, 'safe_feasible': 0, 'states': 0, 'selected_radius': 0, 'selected_trim': 0, 'selected_score': 0}, {'index': 21, 'radius_min': 0, 'radius_max': 0, 'trim_min': 0, 'trim_max': 0, 'evaluations': 9, 'safe_feasible': 0, 'states': 0, 'selected_radius': 0, 'selected_trim': 0, 'selected_score': 0}, {'index': 22, 'radius_min': 0, 'radius_max': 0, 'trim_min': 0, 'trim_max': 0, 'evaluations': 9, 'safe_feasible': 0, 'states': 0, 'selected_radius': 0, 'selected_trim': 0, 'selected_score': 0}, {'index': 23, 'radius_min': 0, 'radius_max': 0, 'trim_min': 0, 'trim_max': 0, 'evaluations': 9, 'safe_feasible': 0, 'states': 0, 'selected_radius': 0, 'selected_trim': 0, 'selected_score': 0}, {'index': 24, 'radius_min': 0, 'radius_max': 0, 'trim_min': 0, 'trim_max': 0, 'evaluations': 9, 'safe_feasible': 0, 'states': 0, 'selected_radius': 0, 'selected_trim': 0, 'selected_score': 0}, {'index': 25, 'radius_min': 0, 'radius_max': 0, 'trim_min': 0, 'trim_max': 0, 'evaluations': 9, 'safe_feasible': 1, 'states': 0, 'selected_radius': 0.2, 'selected_trim': 0.0100318, 'selected_score': 1}, {'index': 26, 'radius_min': 0, 'radius_max': 0, 'trim_min': 0, 'trim_max': 0, 'evaluations': 9, 'safe_feasible': 1, 'states': 0, 'selected_radius': 0.2, 'selected_trim': 0.0109321, 'selected_score': 1}, {'index': 27, 'radius_min': 0, 'radius_max': 0, 'trim_min': 0, 'trim_max': 0, 'evaluations': 9, 'safe_feasible': 1, 'states': 0, 'selected_radius': 0.2, 'selected_trim': 0.00942504, 'selected_score': 1}, {'index': 28, 'radius_min': 0, 'radius_max': 0, 'trim_min': 0, 'trim_max': 0, 'evaluations': 9, 'safe_feasible': 0, 'states': 0, 'selected_radius': 0, 'selected_trim': 0, 'selected_score': 0}, {'index': 29, 'radius_min': 0, 'radius_max': 0, 'trim_min': 0, 'trim_max': 0, 'evaluations': 9, 'safe_feasible': 0, 'states': 0, 'selected_radius': 0, 'selected_trim': 0, 'selected_score': 0}, {'index': 30, 'radius_min': 0, 'radius_max': 0, 'trim_min': 0, 'trim_max': 0, 'evaluations': 9, 'safe_feasible': 0, 'states': 0, 'selected_radius': 0, 'selected_trim': 0, 'selected_score': 0}, {'index': 31, 'radius_min': 0, 'radius_max': 0, 'trim_min': 0, 'trim_max': 0, 'evaluations': 9, 'safe_feasible': 1, 'states': 0, 'selected_radius': 0.2, 'selected_trim': 0.0124744, 'selected_score': 1}, {'index': 32, 'radius_min': 0, 'radius_max': 0, 'trim_min': 0, 'trim_max': 0, 'evaluations': 9, 'safe_feasible': 5, 'states': 0, 'selected_radius': 1, 'selected_trim': 0.0798379, 'selected_score': 0.973957}, {'index': 33, 'radius_min': 0, 'radius_max': 0, 'trim_min': 0, 'trim_max': 0, 'evaluations': 9, 'safe_feasible': 7, 'states': 0, 'selected_radius': 1.25, 'selected_trim': 0.0599407, 'selected_score': 0.965553}, {'index': 34, 'radius_min': 0, 'radius_max': 0, 'trim_min': 0, 'trim_max': 0, 'evaluations': 9, 'safe_feasible': 7, 'states': 0, 'selected_radius': 1.5, 'selected_trim': 0.119757, 'selected_score': 1}, {'index': 35, 'radius_min': 0, 'radius_max': 0, 'trim_min': 0, 'trim_max': 0, 'evaluations': 9, 'safe_feasible': 7, 'states': 0, 'selected_radius': 1.5, 'selected_trim': 0.123104, 'selected_score': 1}, {'index': 36, 'radius_min': 0, 'radius_max': 0, 'trim_min': 0, 'trim_max': 0, 'evaluations': 9, 'safe_feasible': 7, 'states': 0, 'selected_radius': 1.5, 'selected_trim': 0.0905366, 'selected_score': 1}, {'index': 37, 'radius_min': 0, 'radius_max': 0, 'trim_min': 0, 'trim_max': 0, 'evaluations': 9, 'safe_feasible': 7, 'states': 0, 'selected_radius': 1.5, 'selected_trim': 0.117386, 'selected_score': 1}, {'index': 38, 'radius_min': 0, 'radius_max': 0, 'trim_min': 0, 'trim_max': 0, 'evaluations': 9, 'safe_feasible': 8, 'states': 0, 'selected_radius': 1.5, 'selected_trim': 0.129375, 'selected_score': 1}, {'index': 39, 'radius_min': 0, 'radius_max': 0, 'trim_min': 0, 'trim_max': 0, 'evaluations': 9, 'safe_feasible': 1, 'states': 0, 'selected_radius': 0.2, 'selected_trim': 0.0147344, 'selected_score': 1}, {'index': 40, 'radius_min': 0, 'radius_max': 0, 'trim_min': 0, 'trim_max': 0, 'evaluations': 9, 'safe_feasible': 4, 'states': 0, 'selected_radius': 0.75, 'selected_trim': 0.0321811, 'selected_score': 0.954661}, {'index': 41, 'radius_min': 0, 'radius_max': 0, 'trim_min': 0, 'trim_max': 0, 'evaluations': 9, 'safe_feasible': 4, 'states': 0, 'selected_radius': 0.75, 'selected_trim': 0.0603687, 'selected_score': 0.943443}, {'index': 42, 'radius_min': 0, 'radius_max': 0, 'trim_min': 0, 'trim_max': 0, 'evaluations': 9, 'safe_feasible': 1, 'states': 0, 'selected_radius': 0.2, 'selected_trim': 0.00916219, 'selected_score': 1}, {'index': 43, 'radius_min': 0, 'radius_max': 0, 'trim_min': 0, 'trim_max': 0, 'evaluations': 9, 'safe_feasible': 0, 'states': 0, 'selected_radius': 0, 'selected_trim': 0, 'selected_score': 0}, {'index': 44, 'radius_min': 0, 'radius_max': 0, 'trim_min': 0, 'trim_max': 0, 'evaluations': 9, 'safe_feasible': 1, 'states': 0, 'selected_radius': 0.2, 'selected_trim': 0.0110018, 'selected_score': 1}, {'index': 45, 'radius_min': 0, 'radius_max': 0, 'trim_min': 0, 'trim_max': 0, 'evaluations': 9, 'safe_feasible': 0, 'states': 0, 'selected_radius': 0, 'selected_trim': 0, 'selected_score': 0}, {'index': 46, 'radius_min': 0, 'radius_max': 0, 'trim_min': 0, 'trim_max': 0, 'evaluations': 9, 'safe_feasible': 0, 'states': 0, 'selected_radius': 0, 'selected_trim': 0, 'selected_score': 0}]",47,0,423,none,20,27,0.45959614777045377,200,0.991881,579,27,"{'angular acceleration iteration did not converge': 22, 'transition would overlap an adjacent corner window': 334}",0.0052546,fixed,0.05,5.162617727968336,67,NavFnDijkstra,86502849550a06d978a6792bff811d36b65ad4fdcaad81d18d9a6030b73abc34,245,86502849550a06d978a6792bff811d36b65ad4fdcaad81d18d9a6030b73abc34,0,1,crossing_northwest_to_southeast,True,2.5174393224875002,3.6473944110954757,12.170707580902983,28,0.01590985400025602
,,,,"smoothing failed: status=6, code=504, message=''",,,,,,,,,,,,,,,,,,,pivot_g2,,,,,,,,,,,,,,,,,,,,,,,,,NavFnDijkstra,86502849550a06d978a6792bff811d36b65ad4fdcaad81d18d9a6030b73abc34,,86502849550a06d978a6792bff811d36b65ad4fdcaad81d18d9a6030b73abc34,0,1,crossing_northwest_to_southeast,False,,,,,
0.009000000000000001,2.735094955187627,0.013893534943137862,0.001889542651051519,,0.8400532237419848,0.3146446656292434,0.34543332138122557,0,486,2.51744,27,127,True,14.1459,177,True,simple_default,simple,2.73509,115,True,2.2156094116224203,adaptive_hybrid_fixed,0.05,486,3d4cd748cd13c366dccdff6804c95b956c8f7900f31e0a92d6afab072941c47f,12.154777839685861,,,,,,,,,0,0.0,,,,,,,,,0,,NavFnDijkstra,86502849550a06d978a6792bff811d36b65ad4fdcaad81d18d9a6030b73abc34,245,86502849550a06d978a6792bff811d36b65ad4fdcaad81d18d9a6030b73abc34,0,1,crossing_northwest_to_southeast,True,2.735094955187627,2.2156094116224203,12.154777839685861,1,0.01730638699973497
0.018000000000000002,2.735094955187627,0.013893534943137862,0.001889542651051519,,0.8400532237419848,0.3146446656292434,0.34543332138122557,0,486,,0,,False,14.1459,177,True,pivot_unsafe,simple,2.73509,115,True,2.2156094116224203,adaptive_hybrid,0.05,486,3d4cd748cd13c366dccdff6804c95b956c8f7900f31e0a92d6afab072941c47f,12.154777839685861,,,,,,,,,0,0.0,,,,,,,,,0,,NavFnDijkstra,86502849550a06d978a6792bff811d36b65ad4fdcaad81d18d9a6030b73abc34,245,86502849550a06d978a6792bff811d36b65ad4fdcaad81d18d9a6030b73abc34,0,1,crossing_northwest_to_southeast,True,2.735094955187627,2.2156094116224203,12.154777839685861,1,0.030651478999971005
0.0,28.510464747632223,2.220446049250313e-16,3.278532424667939e-17,,0.6141140220696285,0.17079994476667312,0.2146446641391273,0,286,,,,,,,,,,,,,11.46694975490541,raw,0.05,272,df16743f67abae5da5c8af64a99fcb50b4b76e458148d665063ef892d3cb03e1,6.822310553241586,,,,,,,,,0,0.0,,,,,,,,,0,,NavFnDijkstra,df16743f67abae5da5c8af64a99fcb50b4b76e458148d665063ef892d3cb03e1,138,df16743f67abae5da5c8af64a99fcb50b4b76e458148d665063ef892d3cb03e1,0,1,central_south_to_north,True,28.510464747632223,11.46694975490541,6.822310553241586,1,0.006076397000015277
0.003,2.8365169124696887,0.015620362449337238,0.002795522548200066,,0.6004790558126097,0.25619225950049973,0.26464466488418537,0,273,,,,,,,,,,,,,2.4985553917641545,simple,0.05,272,7c5528725760347af850318e824f49d7da895d1329e2d74a8ea080c02db4c5d6,6.7977918774141255,,,,,,,,,0,0.0,,,,,,,,,0,,NavFnDijkstra,df16743f67abae5da5c8af64a99fcb50b4b76e458148d665063ef892d3cb03e1,137,df16743f67abae5da5c8af64a99fcb50b4b76e458148d665063ef892d3cb03e1,0,1,central_south_to_north,True,2.8365169124696887,2.4985553917641545,6.7977918774141255,1,0.00859849900007248
0.0,10.747378413845741,0.012156657401098366,0.0012995412771697572,,0.586673440234262,0.2146446641391273,0.26464466488418537,0,293,,,,,,,,,,,,,6.32590194384936,savitzky_golay,0.05,272,f2a3d9c615f69a0cbae4b0fc7bf665a599b5b2c20657d05230744c67aa2951d5,6.811794423630275,,,,,,,,,0,0.0,,,,,,,,,0,,NavFnDijkstra,df16743f67abae5da5c8af64a99fcb50b4b76e458148d665063ef892d3cb03e1,138,df16743f67abae5da5c8af64a99fcb50b4b76e458148d665063ef892d3cb03e1,0,1,central_south_to_north,True,10.747378413845741,6.32590194384936,6.811794423630275,1,0.008449804000065342
0.018000000000000002,19.210359342581533,0.013581801008643087,0.002284714022697786,,0.5945945253638399,0.2146446641391273,0.26464466488418537,0,311,,,,,,,,,,,,,9.954218787542874,constrained,0.05,272,17f44fa200162162028be26b823a388e7a7da679d8de926ab1b5a1b734a0609b,6.826289206675046,,,,,,,,,0,0.0,,,,,,,,,0,,NavFnDijkstra,df16743f67abae5da5c8af64a99fcb50b4b76e458148d665063ef892d3cb03e1,138,df16743f67abae5da5c8af64a99fcb50b4b76e458148d665063ef892d3cb03e1,0,1,central_south_to_north,True,19.210359342581533,9.954218787542874,6.826289206675046,1,0.023477498000374908
0.0,29.347019821173078,0.006158338802779316,0.0033679668141031733,,0.46831814612489425,0.16464466339406925,0.2153873105021395,0,284,,,,,,,,,,,,,11.364216894161531,pivot_g2_fixed,0.05,204,ae3cfb5447d21a63451ef94fb8080d484362f94351e493e8f796c382254d72c4,6.821357093033514,0,7,"[{'index': 0, 'radius_min': 0, 'radius_max': 0, 'trim_min': 0, 'trim_max': 0, 'evaluations': 9, 'safe_feasible': 0, 'states': 0, 'selected_radius': 0, 'selected_trim': 0, 'selected_score': 0}, {'index': 1, 'radius_min': 0, 'radius_max': 0, 'trim_min': 0, 'trim_max': 0, 'evaluations': 9, 'safe_feasible': 0, 'states': 0, 'selected_radius': 0, 'selected_trim': 0, 'selected_score': 0}, {'index': 2, 'radius_min': 0, 'radius_max': 0, 'trim_min': 0, 'trim_max': 0, 'evaluations': 9, 'safe_feasible': 0, 'states': 0, 'selected_radius': 0, 'selected_trim': 0, 'selected_score': 0}, {'index': 3, 'radius_min': 0, 'radius_max': 0, 'trim_min': 0, 'trim_max': 0, 'evaluations': 9, 'safe_feasible': 0, 'states': 0, 'selected_radius': 0, 'selected_trim': 0, 'selected_score': 0}, {'index': 4, 'radius_min': 0, 'radius_max': 0, 'trim_min': 0, 'trim_max': 0, 'evaluations': 9, 'safe_feasible': 0, 'states': 0, 'selected_radius': 0, 'selected_trim': 0, 'selected_score': 0}, {'index': 5, 'radius_min': 0, 'radius_max': 0, 'trim_min': 0, 'trim_max': 0, 'evaluations': 9, 'safe_feasible': 0, 'states': 0, 'selected_radius': 0, 'selected_trim': 0, 'selected_score': 0}, {'index': 6, 'radius_min': 0, 'radius_max': 0, 'trim_min': 0, 'trim_max': 0, 'evaluations': 9, 'safe_feasible': 0, 'states': 0, 'selected_radius': 0, 'selected_trim': 0, 'selected_score': 0}, {'index': 7, 'radius_min': 0, 'radius_max': 0, 'trim_min': 0, 'trim_max': 0, 'evaluations': 9, 'safe_feasible': 0, 'states': 0, 'selected_radius': 0, 'selected_trim': 0, 'selected_score': 0}, {'index': 8, 'radius_min': 0, 'radius_max': 0, 'trim_min': 0, 'trim_max': 0, 'evaluations': 9, 'safe_feasible': 0, 'states': 0, 'selected_radius': 0, 'selected_trim': 0, 'selected_score': 0}, {'index': 9, 'radius_min': 0, 'radius_max': 0, 'trim_min': 0, 'trim_max': 0, 'evaluations': 9, 'safe_feasible': 0, 'states': 0, 'selected_radius': 0, 'selected_trim': 0, 'selected_score': 0}, {'index': 10, 'radius_min': 0, 'radius_max': 0, 'trim_min': 0, 'trim_max': 0, 'evaluations': 9, 'safe_feasible': 0, 'states': 0, 'selected_radius': 0, 'selected_trim': 0, 'selected_score': 0}, {'index': 11, 'radius_min': 0, 'radius_max': 0, 'trim_min': 0, 'trim_max': 0, 'evaluations': 9, 'safe_feasible': 0, 'states': 0, 'selected_radius': 0, 'selected_trim': 0, 'selected_score': 0}, {'index': 12, 'radius_min': 0, 'radius_max': 0, 'trim_min': 0, 'trim_max': 0, 'evaluations': 9, 'safe_feasible': 0, 'states': 0, 'selected_radius': 0, 'selected_trim': 0, 'selected_score': 0}, {'index': 13, 'radius_min': 0, 'radius_max': 0, 'trim_min': 0, 'trim_max': 0, 'evaluations': 9, 'safe_feasible': 0, 'states': 0, 'selected_radius': 0, 'selected_trim': 0, 'selected_score': 0}, {'index': 14, 'radius_min': 0, 'radius_max': 0, 'trim_min': 0, 'trim_max': 0, 'evaluations': 9, 'safe_feasible': 0, 'states': 0, 'selected_radius': 0, 'selected_trim': 0, 'selected_score': 0}, {'index': 15, 'radius_min': 0, 'radius_max': 0, 'trim_min': 0, 'trim_max': 0, 'evaluations': 9, 'safe_feasible': 0, 'states': 0, 'selected_radius': 0, 'selected_trim': 0, 'selected_score': 0}, {'index': 16, 'radius_min': 0, 'radius_max': 0, 'trim_min': 0, 'trim_max': 0, 'evaluations': 9, 'safe_feasible': 0, 'states': 0, 'selected_radius': 0, 'selected_trim': 0, 'selected_score': 0}, {'index': 17, 'radius_min': 0, 'radius_max': 0, 'trim_min': 0, 'trim_max': 0, 'evaluations': 9, 'safe_feasible': 0, 'states': 0, 'selected_radius': 0, 'selected_trim': 0, 'selected_score': 0}, {'index': 18, 'radius_min': 0, 'radius_max': 0, 'trim_min': 0, 'trim_max': 0, 'evaluations': 9, 'safe_feasible': 1, 'states': 0, 'selected_radius': 0.2, 'selected_trim': 0.0155653, 'selected_score': 1}, {'index': 19, 'radius_min': 0, 'radius_max': 0, 'trim_min': 0, 'trim_max': 0, 'evaluations': 9, 'safe_feasible': 0, 'states': 0, 'selected_radius': 0, 'selected_trim': 0, 'selected_score': 0}, {'index': 20, 'radius_min': 0, 'radius_max': 0, 'trim_min': 0, 'trim_max': 0, 'evaluations': 9, 'safe_feasible': 0, 'states': 0, 'selected_radius': 0, 'selected_trim': 0, 'selected_score': 0}, {'index': 21, 'radius_min': 0, 'radius_max': 0, 'trim_min': 0, 'trim_max': 0, 'evaluations': 9, 'safe_feasible': 0, 'states': 0, 'selected_radius': 0, 'selected_trim': 0, 'selected_score': 0}, {'index': 22, 'radius_min': 0, 'radius_max': 0, 'trim_min': 0, 'trim_max': 0, 'evaluations': 9, 'safe_feasible': 0, 'states': 0, 'selected_radius': 0, 'selected_trim': 0, 'selected_score': 0}, {'index': 23, 'radius_min': 0, 'radius_max': 0, 'trim_min': 0, 'trim_max': 0, 'evaluations': 9, 'safe_feasible': 0, 'states': 0, 'selected_radius': 0, 'selected_trim': 0, 'selected_score': 0}, {'index': 24, 'radius_min': 0, 'radius_max': 0, 'trim_min': 0, 'trim_max': 0, 'evaluations': 9, 'safe_feasible': 6, 'states': 0, 'selected_radius': 1, 'selected_trim': 0.0312044, 'selected_score': 0.952541}, {'index': 25, 'radius_min': 0, 'radius_max': 0, 'trim_min': 0, 'trim_max': 0, 'evaluations': 9, 'safe_feasible': 0, 'states': 0, 'selected_radius': 0, 'selected_trim': 0, 'selected_score': 0}]",26,0,234,none,2,24,0.8135697666114733,200,0.97627,204,24,"{'angular acceleration iteration did not converge': 1, 'transition would overlap an adjacent corner window': 226}",0.000681262,fixed,0.05,7.729939956850612,7,NavFnDijkstra,df16743f67abae5da5c8af64a99fcb50b4b76e458148d665063ef892d3cb03e1,138,df16743f67abae5da5c8af64a99fcb50b4b76e458148d665063ef892d3cb03e1,0,1,central_south_to_north,True,0.4020556139292018,2.668670120505487,6.83443206221476,25,0.007107733999873744
,,,,"smoothing failed: status=6, code=504, message=''",,,,,,,,,,,,,,,,,,,pivot_g2,,,,,,,,,,,,,,,,,,,,,,,,,NavFnDijkstra,df16743f67abae5da5c8af64a99fcb50b4b76e458148d665063ef892d3cb03e1,,df16743f67abae5da5c8af64a99fcb50b4b76e458148d665063ef892d3cb03e1,0,1,central_south_to_north,False,,,,,
0.003,2.8365169124696887,0.015620362449337238,0.002795522548200066,,0.6004790558126097,0.25619225950049973,0.26464466488418537,0,273,0.402056,24,228,True,28.5105,228,True,simple_default,simple,2.83652,150,True,2.4985553917641545,adaptive_hybrid_fixed,0.05,272,7c5528725760347af850318e824f49d7da895d1329e2d74a8ea080c02db4c5d6,6.7977918774141255,,,,,,,,,0,0.0,,,,,,,,,0,,NavFnDijkstra,df16743f67abae5da5c8af64a99fcb50b4b76e458148d665063ef892d3cb03e1,137,df16743f67abae5da5c8af64a99fcb50b4b76e458148d665063ef892d3cb03e1,0,1,central_south_to_north,True,2.8365169124696887,2.4985553917641545,6.7977918774141255,1,0.007950576999974146
0.006,2.8365169124696887,0.015620362449337238,0.002795522548200066,,0.6004790558126097,0.25619225950049973,0.26464466488418537,0,273,,0,,False,28.5105,228,True,pivot_unsafe,simple,2.83652,150,True,2.4985553917641545,adaptive_hybrid,0.05,272,7c5528725760347af850318e824f49d7da895d1329e2d74a8ea080c02db4c5d6,6.7977918774141255,,,,,,,,,0,0.0,,,,,,,,,0,,NavFnDijkstra,df16743f67abae5da5c8af64a99fcb50b4b76e458148d665063ef892d3cb03e1,137,df16743f67abae5da5c8af64a99fcb50b4b76e458148d665063ef892d3cb03e1,0,1,central_south_to_north,True,2.8365169124696887,2.4985553917641545,6.7977918774141255,1,0.012670807999711542
0.0,15.864471914485648,2.220446049250313e-16,6.625625270052926e-17,,0.439386209693902,0.18825146149581692,0.23390290478282266,0,285,,,,,,,,,,,,,8.690954392223196,raw,0.05,264,0b32db3abf5f8a3ef9364cad064db0a465add72ecfd3938e4bd1c79ed7febeb6,6.640272477201797,,,,,,,,,0,0.0,,,,,,,,,0,,NavFnDijkstra,0b32db3abf5f8a3ef9364cad064db0a465add72ecfd3938e4bd1c79ed7febeb6,134,0b32db3abf5f8a3ef9364cad064db0a465add72ecfd3938e4bd1c79ed7febeb6,0,1,right_south_to_north,True,15.864471914485648,8.690954392223196,6.640272477201797,1,0.006405381000149646
0.0,2.4052682229266042,0.02071150847375202,0.0026476112512510363,,0.45512867306086086,0.2808724311428359,0.30005486203680687,0,297,,,,,,,,,,,,,2.715124757755204,simple,0.05,264,66c956f01da544af7e43dc0eff4239a43c317c8d3680d421007ff47cd8eb26fe,6.623034674534504,,,,,,,,,0,0.0,,,,,,,,,0,,NavFnDijkstra,0b32db3abf5f8a3ef9364cad064db0a465add72ecfd3938e4bd1c79ed7febeb6,134,0b32db3abf5f8a3ef9364cad064db0a465add72ecfd3938e4bd1c79ed7febeb6,0,1,right_south_to_north,True,2.4052682229266042,2.715124757755204,6.623034674534504,1,0.008540935999917565
0.0,6.789273634185625,0.007680887166826596,0.0010062201481695317,,0.45428509674214196,0.2808724311428359,0.30005486203680687,0,305,,,,,,,,,,,,,4.815874407553831,savitzky_golay,0.05,264,79d3ea8c67e0b0249afa414e302253961676df2a91bc36a4340520ef8d5113d2,6.633686807817563,,,,,,,,,0,0.0,,,,,,,,,0,,NavFnDijkstra,0b32db3abf5f8a3ef9364cad064db0a465add72ecfd3938e4bd1c79ed7febeb6,134,0b32db3abf5f8a3ef9364cad064db0a465add72ecfd3938e4bd1c79ed7febeb6,0,1,right_south_to_north,True,6.789273634185625,4.815874407553831,6.633686807817563,1,0.008395514000312687
0.018000000000000002,10.728792163817268,0.014634268172845287,0.0019324110856085285,,0.4673447227026752,0.28480087705617874,0.30005486203680687,0,293,,,,,,,,,,,,,10.071886840004971,constrained,0.05,264,b4ed4ecd07ddd95649b93b8acd5a2e0d3f6a454045f8f87b4db632b3dc371a98,6.644710476431343,,,,,,,,,0,0.0,,,,,,,,,0,,NavFnDijkstra,0b32db3abf5f8a3ef9364cad064db0a465add72ecfd3938e4bd1c79ed7febeb6,134,0b32db3abf5f8a3ef9364cad064db0a465add72ecfd3938e4bd1c79ed7febeb6,0,1,right_south_to_north,True,10.728792163817268,10.071886840004971,6.644710476431343,1,0.026246618000186572
0.0,14.23137548246661,0.022403478188625897,0.010141965092496489,,0.3990777814128634,0.2808724311428359,0.28480087705617874,0,369,,,,,,,,,,,,,9.031198107065114,pivot_g2_fixed,0.05,334,d2fedfbbbe8c26e115afd77aafaeea96af77ec2ec0d5f049036c6e21d54d2ce6,6.634984885486302,0,35,"[{'index': 0, 'radius_min': 0, 'radius_max': 0, 'trim_min': 0, 'trim_max': 0, 'evaluations': 9, 'safe_feasible': 6, 'states': 0, 'selected_radius': 1, 'selected_trim': 0.11728, 'selected_score': 0.954387}, {'index': 1, 'radius_min': 0, 'radius_max': 0, 'trim_min': 0, 'trim_max': 0, 'evaluations': 9, 'safe_feasible': 4, 'states': 0, 'selected_radius': 0.6, 'selected_trim': 0.0640011, 'selected_score': 0.908807}, {'index': 2, 'radius_min': 0, 'radius_max': 0, 'trim_min': 0, 'trim_max': 0, 'evaluations': 9, 'safe_feasible': 5, 'states': 0, 'selected_radius': 0.75, 'selected_trim': 0.0652033, 'selected_score': 0.926819}, {'index': 3, 'radius_min': 0, 'radius_max': 0, 'trim_min': 0, 'trim_max': 0, 'evaluations': 9, 'safe_feasible': 1, 'states': 0, 'selected_radius': 0.2, 'selected_trim': 0.0177691, 'selected_score': 1}, {'index': 4, 'radius_min': 0, 'radius_max': 0, 'trim_min': 0, 'trim_max': 0, 'evaluations': 9, 'safe_feasible': 0, 'states': 0, 'selected_radius': 0, 'selected_trim': 0, 'selected_score': 0}, {'index': 5, 'radius_min': 0, 'radius_max': 0, 'trim_min': 0, 'trim_max': 0, 'evaluations': 9, 'safe_feasible': 0, 'states': 0, 'selected_radius': 0, 'selected_trim': 0, 'selected_score': 0}, {'index': 6, 'radius_min': 0, 'radius_max': 0, 'trim_min': 0, 'trim_max': 0, 'evaluations': 9, 'safe_feasible': 1, 'states': 0, 'selected_radius': 0.2, 'selected_trim': 0.0107768, 'selected_score': 1}, {'index': 7, 'radius_min': 0, 'radius_max': 0, 'trim_min': 0, 'trim_max': 0, 'evaluations': 9, 'safe_feasible': 0, 'states': 0, 'selected_radius': 0, 'selected_trim': 0, 'selected_score': 0}, {'index': 8, 'radius_min': 0, 'radius_max': 0, 'trim_min': 0, 'trim_max': 0, 'evaluations': 9, 'safe_feasible': 0, 'states': 0, 'selected_radius': 0, 'selected_trim': 0, 'selected_score': 0}, {'index': 9, 'radius_min': 0, 'radius_max': 0, 'trim_min': 0, 'trim_max': 0, 'evaluations': 9, 'safe_feasible': 0, 'states': 0, 'selected_radius': 0, 'selected_trim': 0, 'selected_score': 0}, {'index': 10, 'radius_min': 0, 'radius_max': 0, 'trim_min': 0, 'trim_max': 0, 'evaluations': 9, 'safe_feasible': 0, 'states': 0, 'selected_radius': 0, 'selected_trim': 0, 'selected_score': 0}, {'index': 11, 'radius_min': 0, 'radius_max': 0, 'trim_min': 0, 'trim_max': 0, 'evaluations': 9, 'safe_feasible': 0, 'states': 0, 'selected_radius': 0, 'selected_trim': 0, 'selected_score': 0}, {'index': 12, 'radius_min': 0, 'radius_max': 0, 'trim_min': 0, 'trim_max': 0, 'evaluations': 9, 'safe_feasible': 0, 'states': 0, 'selected_radius': 0, 'selected_trim': 0, 'selected_score': 0}, {'index': 13, 'radius_min': 0, 'radius_max': 0, 'trim_min': 0, 'trim_max': 0, 'evaluations': 9, 'safe_feasible': 1, 'states': 0, 'selected_radius': 0.2, 'selected_trim': 0.0107644, 'selected_score': 1}, {'index': 14, 'radius_min': 0, 'radius_max': 0, 'trim_min': 0, 'trim_max': 0, 'evaluations': 9, 'safe_feasible': 0, 'states': 0, 'selected_radius': 0, 'selected_trim': 0, 'selected_score': 0}, {'index': 15, 'radius_min': 0, 'radius_max': 0, 'trim_min': 0, 'trim_max': 0, 'evaluations': 9, 'safe_feasible': 1, 'states': 0, 'selected_radius': 0.2, 'selected_trim': 0.0111174, 'selected_score': 1}, {'index': 16, 'radius_min': 0, 'radius_max': 0, 'trim_min': 0, 'trim_max': 0, 'evaluations': 9, 'safe_feasible': 0, 'states': 0, 'selected_radius': 0, 'selected_trim': 0, 'selected_score': 0}, {'index': 17, 'radius_min': 0, 'radius_max': 0, 'trim_min': 0, 'trim_max': 0, 'evaluations': 9, 'safe_feasible': 1, 'states': 0, 'selected_radius': 0.2, 'selected_trim': 0.0147566, 'selected_score': 1}, {'index': 18, 'radius_min': 0, 'radius_max': 0, 'trim_min': 0, 'trim_max': 0, 'evaluations': 9, 'safe_feasible': 1, 'states': 0, 'selected_radius': 0.2, 'selected_trim': 0.0108162, 'selected_score': 1}, {'index': 19, 'radius_min': 0, 'radius_max': 0, 'trim_min': 0, 'trim_max': 0, 'evaluations': 9, 'safe_feasible': 0, 'states': 0, 'selected_radius': 0, 'selected_trim': 0, 'selected_score': 0}, {'index': 20, 'radius_min': 0, 'radius_max': 0, 'trim_min': 0, 'trim_max': 0, 'evaluations': 9, 'safe_feasible': 0, 'states': 0, 'selected_radius': 0, 'selected_trim': 0, 'selected_score': 0}, {'index': 21, 'radius_min': 0, 'radius_max': 0, 'trim_min': 0, 'trim_max': 0, 'evaluations': 9, 'safe_feasible': 0, 'states': 0, 'selected_radius': 0, 'selected_trim': 0, 'selected_score': 0}, {'index': 22, 'radius_min': 0, 'radius_max': 0, 'trim_min': 0, 'trim_max': 0, 'evaluations': 9, 'safe_feasible': 1, 'states': 0, 'selected_radius': 0.2, 'selected_trim': 0.0163141, 'selected_score': 1}, {'index': 23, 'radius_min': 0, 'radius_max': 0, 'trim_min': 0, 'trim_max': 0, 'evaluations': 9, 'safe_feasible': 7, 'states': 0, 'selected_radius': 1.5, 'selected_trim': 0.0661856, 'selected_score': 1}, {'index': 24, 'radius_min': 0, 'radius_max': 0, 'trim_min': 0, 'trim_max': 0, 'evaluations': 9, 'safe_feasible': 6, 'states': 0, 'selected_radius': 1, 'selected_trim': 0.0278341, 'selected_score': 0.955075}, {'index': 25, 'radius_min': 0, 'radius_max': 0, 'trim_min': 0, 'trim_max': 0, 'evaluations': 9, 'safe_feasible': 0, 'states': 0, 'selected_radius': 0, 'selected_trim': 0, 'selected_score': 0}]",26,0,234,none,12,14,0.7289697457724285,200,0.978757,334,14,"{'angular acceleration iteration did not converge': 7, 'transition would overlap an adjacent corner window': 192}",0.00273712,fixed,0.05,3.3298562082590863,35,NavFnDijkstra,0b32db3abf5f8a3ef9364cad064db0a465add72ecfd3938e4bd1c79ed7febeb6,134,0b32db3abf5f8a3ef9364cad064db0a465add72ecfd3938e4bd1c79ed7febeb6,0,1,right_south_to_north,True,2.2449994251534746,2.7745709694854144,6.639973924651482,15,0.009703769000225293
,,,,"smoothing failed: status=6, code=504, message=''",,,,,,,,,,,,,,,,,,,pivot_g2,,,,,,,,,,,,,,,,,,,,,,,,,NavFnDijkstra,0b32db3abf5f8a3ef9364cad064db0a465add72ecfd3938e4bd1c79ed7febeb6,,0b32db3abf5f8a3ef9364cad064db0a465add72ecfd3938e4bd1c79ed7febeb6,0,1,right_south_to_north,False,,,,,
0.006,2.4052682229266042,0.02071150847375202,0.0026476112512510363,,0.45512867306086086,0.2808724311428359,0.30005486203680687,0,297,2.245,14,135,True,15.8645,221,True,simple_default,simple,2.40527,135,True,2.715124757755204,adaptive_hybrid_fixed,0.05,264,66c956f01da544af7e43dc0eff4239a43c317c8d3680d421007ff47cd8eb26fe,6.623034674534504,,,,,,,,,0,0.0,,,,,,,,,0,,NavFnDijkstra,0b32db3abf5f8a3ef9364cad064db0a465add72ecfd3938e4bd1c79ed7febeb6,134,0b32db3abf5f8a3ef9364cad064db0a465add72ecfd3938e4bd1c79ed7febeb6,0,1,right_south_to_north,True,2.4052682229266042,2.715124757755204,6.623034674534504,1,0.012679945999934716
0.012,2.4052682229266042,0.02071150847375202,0.0026476112512510363,,0.45512867306086086,0.2808724311428359,0.30005486203680687,0,297,,0,,False,15.8645,221,True,pivot_unsafe,simple,2.40527,135,True,2.715124757755204,adaptive_hybrid,0.05,264,66c956f01da544af7e43dc0eff4239a43c317c8d3680d421007ff47cd8eb26fe,6.623034674534504,,,,,,,,,0,0.0,,,,,,,,,0,,NavFnDijkstra,0b32db3abf5f8a3ef9364cad064db0a465add72ecfd3938e4bd1c79ed7febeb6,134,0b32db3abf5f8a3ef9364cad064db0a465add72ecfd3938e4bd1c79ed7febeb6,0,1,right_south_to_north,True,2.4052682229266042,2.715124757755204,6.623034674534504,1,0.017594133999864425
0.0,9.208640685884915e-11,0.0,0.0,,0.5146446686094758,0.5146446686094757,0.5146446686094757,0,112,,,,,,,,,,,,,4.291536335176199e-05,raw,0.05,110,1d42386cca9a7372817d3620841662533ccd7594b83a2a609ffe355668937b9c,2.7999999850989536,,,,,,,,,0,0.0,,,,,,,,,0,,NavFnDijkstra,1d42386cca9a7372817d3620841662533ccd7594b83a2a609ffe355668937b9c,57,1d42386cca9a7372817d3620841662533ccd7594b83a2a609ffe355668937b9c,0,1,upper_open_short,True,9.208640685884915e-11,4.291536335176199e-05,2.7999999850989536,1,0.0043273080000290065
0.0,2.797995831056164e-12,6.727822166041619e-08,1.032890788290622e-08,,0.5146446686094759,0.5146446686094757,0.5146446686094757,0,110,,,,,,,,,,,,,4.6023853172990104e-06,simple,0.05,110,110ed904ab240ef7d031aa8f3038f84cacf728c995b6690669ecc8369ad4a1ed,2.7999999850988697,,,,,,,,,0,0.0,,,,,,,,,0,,NavFnDijkstra,1d42386cca9a7372817d3620841662533ccd7594b83a2a609ffe355668937b9c,57,1d42386cca9a7372817d3620841662533ccd7594b83a2a609ffe355668937b9c,0,1,upper_open_short,True,2.797995831056164e-12,4.6023853172990104e-06,2.7999999850988697,1,0.006262316999709583
0.003,1.155217345508268e-11,4.8415617737163075e-08,6.591110026953787e-09,,0.5146446686094759,0.5146446686094757,0.5146446686094757,0,110,,,,,,,,,,,,,9.222650732000944e-06,savitzky_golay,0.05,110,0f8fa80675560d80449c602c7150e18465496cf4e9b79527772ecce8a3f2ebc4,2.7999999850988915,,,,,,,,,0,0.0,,,,,,,,,0,,NavFnDijkstra,1d42386cca9a7372817d3620841662533ccd7594b83a2a609ffe355668937b9c,57,1d42386cca9a7372817d3620841662533ccd7594b83a2a609ffe355668937b9c,0,1,upper_open_short,True,1.155217345508268e-11,9.222650732000944e-06,2.7999999850988915,1,0.006192807999923389
0.003,9.208640685884915e-11,0.0,0.0,,0.5146446686094758,0.5146446686094757,0.5146446686094757,0,112,,,,,,,,,,,,,4.291536335176199e-05,constrained,0.05,110,1d42386cca9a7372817d3620841662533ccd7594b83a2a609ffe355668937b9c,2.7999999850989536,,,,,,,,,0,0.0,,,,,,,,,0,,NavFnDijkstra,1d42386cca9a7372817d3620841662533ccd7594b83a2a609ffe355668937b9c,57,1d42386cca9a7372817d3620841662533ccd7594b83a2a609ffe355668937b9c,0,1,upper_open_short,True,9.208640685884915e-11,4.291536335176199e-05,2.7999999850989536,1,0.007349636000071769
0.0,5.377133488725522e-26,1.0537249739428489e-07,6.05742964155003e-08,,0.5146446686094758,0.5146446686094757,0.5146446686094757,0,57,,,,,,,,,,,,,3.552713748283655e-13,pivot_g2_fixed,0.05,57,6dc2339dac10d593477aec67bd71434797c5c109e9cfd86667a23a364c1ff631,2.7999999850988404,0,0,[],0,0,0,none,0,0,0.0,200,0,57,0,{},9.2156e-05,fixed,0.05,0,0,NavFnDijkstra,1d42386cca9a7372817d3620841662533ccd7594b83a2a609ffe355668937b9c,57,1d42386cca9a7372817d3620841662533ccd7594b83a2a609ffe355668937b9c,0,1,upper_open_short,True,5.377133488725522e-26,3.552713748283655e-13,2.7999999850988404,1,0.005323405000126513
0.0,5.377133488725522e-26,1.0537249739428489e-07,6.05742964155003e-08,,0.5146446686094758,0.5146446686094757,0.5146446686094757,0,57,,,,,,,,,,,,,3.552713748283655e-13,pivot_g2,0.05,57,6dc2339dac10d593477aec67bd71434797c5c109e9cfd86667a23a364c1ff631,2.7999999850988404,0,0,[],0,0,0,none,0,0,0.0,200,0,57,0,{},0.000152356,adaptive,0.05,0,0,NavFnDijkstra,1d42386cca9a7372817d3620841662533ccd7594b83a2a609ffe355668937b9c,57,1d42386cca9a7372817d3620841662533ccd7594b83a2a609ffe355668937b9c,0,1,upper_open_short,True,5.377133488725522e-26,3.552713748283655e-13,2.7999999850988404,1,0.005000126000140881
0.0,2.797995831056164e-12,6.727822166041619e-08,1.032890788290622e-08,,0.5146446686094759,0.5146446686094757,0.5146446686094757,0,110,5.37713e-26,0,0,True,9.20864e-11,0,True,simple_default,simple,2.798e-12,0,True,4.6023853172990104e-06,adaptive_hybrid_fixed,0.05,110,110ed904ab240ef7d031aa8f3038f84cacf728c995b6690669ecc8369ad4a1ed,2.7999999850988697,,,,,,,,,0,0.0,,,,,,,,,0,,NavFnDijkstra,1d42386cca9a7372817d3620841662533ccd7594b83a2a609ffe355668937b9c,57,1d42386cca9a7372817d3620841662533ccd7594b83a2a609ffe355668937b9c,0,1,upper_open_short,True,2.797995831056164e-12,4.6023853172990104e-06,2.7999999850988697,1,0.0054992360001051566
0.0,2.797995831056164e-12,6.727822166041619e-08,1.032890788290622e-08,,0.5146446686094759,0.5146446686094757,0.5146446686094757,0,110,5.37713e-26,0,0,True,9.20864e-11,0,True,simple_default,simple,2.798e-12,0,True,4.6023853172990104e-06,adaptive_hybrid,0.05,110,110ed904ab240ef7d031aa8f3038f84cacf728c995b6690669ecc8369ad4a1ed,2.7999999850988697,,,,,,,,,0,0.0,,,,,,,,,0,,NavFnDijkstra,1d42386cca9a7372817d3620841662533ccd7594b83a2a609ffe355668937b9c,57,1d42386cca9a7372817d3620841662533ccd7594b83a2a609ffe355668937b9c,0,1,upper_open_short,True,2.797995831056164e-12,4.6023853172990104e-06,2.7999999850988697,1,0.0056731170002422004
0.0,40.33961255535338,4.440892098500626e-16,4.858280161431457e-17,,0.4460433015490947,0.16464466339406925,0.20144806281747213,0,191,,,,,,,,,,,,,11.188062975683083,raw,0.05,184,4e4d3b20213fd9eb197dcfb89165a4251605367101bfe05717c478e12ea3dc51,4.605420969551186,,,,,,,,,0,0.0,,,,,,,,,0,,NavFnDijkstra,4e4d3b20213fd9eb197dcfb89165a4251605367101bfe05717c478e12ea3dc51,94,4e4d3b20213fd9eb197dcfb89165a4251605367101bfe05717c478e12ea3dc51,0,1,lower_left_diagonal,True,40.33961255535338,11.188062975683083,4.605420969551186,1,0.006065700999897672
0.0,4.255078464033737,0.01621639265423832,0.0037419171831151654,,0.438677314729006,0.25619225950049973,0.25619225950049973,0,189,,,,,,,,,,,,,4.256145698877948,simple,0.05,184,ef1b01e28800a81e3d0c7b3406c06fce278a691eb83bf1c9210309fa42ce9131,4.573405657011542,,,,,,,,,0,0.0,,,,,,,,,0,,NavFnDijkstra,4e4d3b20213fd9eb197dcfb89165a4251605367101bfe05717c478e12ea3dc51,93,4e4d3b20213fd9eb197dcfb89165a4251605367101bfe05717c478e12ea3dc51,0,1,lower_left_diagonal,True,4.255078464033737,4.256145698877948,4.573405657011542,1,0.007427369999732036
0.0,16.21070343360892,0.0060283609705446915,0.001471908655099608,,0.42292472799774605,0.2146446641391273,0.23390290478282266,0,210,,,,,,,,,,,,,8.38317618419889,savitzky_golay,0.05,184,3ccfc09146bdbe1bc2ed76db54d5e18233ce472cde08a4bf0439c6c92619c6a4,4.592346483457236,,,,,,,,,0,0.0,,,,,,,,,0,,NavFnDijkstra,4e4d3b20213fd9eb197dcfb89165a4251605367101bfe05717c478e12ea3dc51,93,4e4d3b20213fd9eb197dcfb89165a4251605367101bfe05717c478e12ea3dc51,0,1,lower_left_diagonal,True,16.21070343360892,8.38317618419889,4.592346483457236,1,0.0068608579999818176
0.012,27.840236044840257,0.0036612409212370403,0.0009693973812175026,,0.41579563774736034,0.2146446641391273,0.23390290478282266,0,227,,,,,,,,,,,,,8.763867015803648,constrained,0.05,184,24d0c2df4d7cdb1092ceae1341cea5ca693746ca846447ed76b3968723a99299,4.602542231918007,,,,,,,,,0,0.0,,,,,,,,,0,,NavFnDijkstra,4e4d3b20213fd9eb197dcfb89165a4251605367101bfe05717c478e12ea3dc51,94,4e4d3b20213fd9eb197dcfb89165a4251605367101bfe05717c478e12ea3dc51,0,1,lower_left_diagonal,True,27.840236044840257,8.763867015803648,4.602542231918007,1,0.013487866999639664
0.0,43.73033957044886,0.01143540547519987,0.005203024759697418,,0.35832749815377124,0.16464466339406925,0.2146446641391273,0,326,,,,,,,,,,,,,11.178349528589974,pivot_g2_fixed,0.05,216,6dfbec399f8aecf3fd36605d9d6c5744000f465682ebcca2c5aebdbb78e60f62,4.606167522113961,0,13,"[{'index': 0, 'radius_min': 0, 'radius_max': 0, 'trim_min': 0, 'trim_max': 0, 'evaluations': 9, 'safe_feasible': 7, 'states': 0, 'selected_radius': 1.5, 'selected_trim': 0.0871265, 'selected_score': 1}, {'index': 1, 'radius_min': 0, 'radius_max': 0, 'trim_min': 0, 'trim_max': 0, 'evaluations': 9, 'safe_feasible': 0, 'states': 0, 'selected_radius': 0, 'selected_trim': 0, 'selected_score': 0}, {'index': 2, 'radius_min': 0, 'radius_max': 0, 'trim_min': 0, 'trim_max': 0, 'evaluations': 9, 'safe_feasible': 1, 'states': 0, 'selected_radius': 0.2, 'selected_trim': 0.0161345, 'selected_score': 1}, {'index': 3, 'radius_min': 0, 'radius_max': 0, 'trim_min': 0, 'trim_max': 0, 'evaluations': 9, 'safe_feasible': 2, 'states': 0, 'selected_radius': 0.3, 'selected_trim': 0.0403765, 'selected_score': 1}, {'index': 4, 'radius_min': 0, 'radius_max': 0, 'trim_min': 0, 'trim_max': 0, 'evaluations': 9, 'safe_feasible': 2, 'states': 0, 'selected_radius': 0.5, 'selected_trim': 0.038787, 'selected_score': 0.9}, {'index': 5, 'radius_min': 0, 'radius_max': 0, 'trim_min': 0, 'trim_max': 0, 'evaluations': 9, 'safe_feasible': 0, 'states': 0, 'selected_radius': 0, 'selected_trim': 0, 'selected_score': 0}, {'index': 6, 'radius_min': 0, 'radius_max': 0, 'trim_min': 0, 'trim_max': 0, 'evaluations': 9, 'safe_feasible': 0, 'states': 0, 'selected_radius': 0, 'selected_trim': 0, 'selected_score': 0}, {'index': 7, 'radius_min': 0, 'radius_max': 0, 'trim_min': 0, 'trim_max': 0, 'evaluations': 9, 'safe_feasible': 0, 'states': 0, 'selected_radius': 0, 'selected_trim': 0, 'selected_score': 0}, {'index': 8, 'radius_min': 0, 'radius_max': 0, 'trim_min': 0, 'trim_max': 0, 'evaluations': 9, 'safe_feasible': 0, 'states': 0, 'selected_radius': 0, 'selected_trim': 0, 'selected_score': 0}, {'index': 9, 'radius_min': 0, 'radius_max': 0, 'trim_min': 0, 'trim_max': 0, 'evaluations': 9, 'safe_feasible': 0, 'states': 0, 'selected_radius': 0, 'selected_trim': 0, 'selected_score': 0}, {'index': 10, 'radius_min': 0, 'radius_max': 0, 'trim_min': 0, 'trim_max': 0, 'evaluations': 9, 'safe_feasible': 0, 'states': 0, 'selected_radius': 0, 'selected_trim': 0, 'selected_score': 0}, {'index': 11, 'radius_min': 0, 'radius_max': 0, 'trim_min': 0, 'trim_max': 0, 'evaluations': 9, 'safe_feasible': 0, 'states': 0, 'selected_radius': 0, 'selected_trim': 0, 'selected_score': 0}, {'index': 12, 'radius_min': 0, 'radius_max': 0, 'trim_min': 0, 'trim_max': 0, 'evaluations': 9, 'safe_feasible': 0, 'states': 0, 'selected_radius': 0, 'selected_trim': 0, 'selected_score': 0}, {'index': 13, 'radius_min': 0, 'radius_max': 0, 'trim_min': 0, 'trim_max': 0, 'evaluations': 9, 'safe_feasible': 0, 'states': 0, 'selected_radius': 0, 'selected_trim': 0, 'selected_score': 0}, {'index': 14, 'radius_min': 0, 'radius_max': 0, 'trim_min': 0, 'trim_max': 0, 'evaluations': 9, 'safe_feasible': 0, 'states': 0, 'selected_radius': 0, 'selected_trim': 0, 'selected_score': 0}, {'index': 15, 'radius_min': 0, 'radius_max': 0, 'trim_min': 0, 'trim_max': 0, 'evaluations': 9, 'safe_feasible': 0, 'states': 0, 'selected_radius': 0, 'selected_trim': 0, 'selected_score': 0}, {'index': 16, 'radius_min': 0, 'radius_max': 0, 'trim_min': 0, 'trim_max': 0, 'evaluations': 9, 'safe_feasible': 0, 'states': 0, 'selected_radius': 0, 'selected_trim': 0, 'selected_score': 0}, {'index': 17, 'radius_min': 0, 'radius_max': 0, 'trim_min': 0, 'trim_max': 0, 'evaluations': 9, 'safe_feasible': 0, 'states': 0, 'selected_radius': 0, 'selected_trim': 0, 'selected_score': 0}, {'index': 18, 'radius_min': 0, 'radius_max': 0, 'trim_min': 0, 'trim_max': 0, 'evaluations': 9, 'safe_feasible': 0, 'states': 0, 'selected_radius': 0, 'selected_trim': 0, 'selected_score': 0}, {'index': 19, 'radius_min': 0, 'radius_max': 0, 'trim_min': 0, 'trim_max': 0, 'evaluations': 9, 'safe_feasible': 0, 'states': 0, 'selected_radius': 0, 'selected_trim': 0, 'selected_score': 0}, {'index': 20, 'radius_min': 0, 'radius_max': 0, 'trim_min': 0, 'trim_max': 0, 'evaluations': 9, 'safe_feasible': 0, 'states': 0, 'selected_radius': 0, 'selected_trim': 0, 'selected_score': 0}, {'index': 21, 'radius_min': 0, 'radius_max': 0, 'trim_min': 0, 'trim_max': 0, 'evaluations': 9, 'safe_feasible': 0, 'states': 0, 'selected_radius': 0, 'selected_trim': 0, 'selected_score': 0}, {'index': 22, 'radius_min': 0, 'radius_max': 0, 'trim_min': 0, 'trim_max': 0, 'evaluations': 9, 'safe_feasible': 0, 'states': 0, 'selected_radius': 0, 'selected_trim': 0, 'selected_score': 0}, {'index': 23, 'radius_min': 0, 'radius_max': 0, 'trim_min': 0, 'trim_max': 0, 'evaluations': 9, 'safe_feasible': 0, 'states': 0, 'selected_radius': 0, 'selected_trim': 0, 'selected_score': 0}, {'index': 24, 'radius_min': 0, 'radius_max': 0, 'trim_min': 0, 'trim_max': 0, 'evaluations': 9, 'safe_feasible': 0, 'states': 0, 'selected_radius': 0, 'selected_trim': 0, 'selected_score': 0}, {'index': 25, 'radius_min': 0, 'radius_max': 0, 'trim_min': 0, 'trim_max': 0, 'evaluations': 9, 'safe_feasible': 0, 'states': 0, 'selected_radius': 0, 'selected_trim': 0, 'selected_score': 0}, {'index': 26, 'radius_min': 0, 'radius_max': 0, 'trim_min': 0, 'trim_max': 0, 'evaluations': 9, 'safe_feasible': 0, 'states': 0, 'selected_radius': 0, 'selected_trim': 0, 'selected_score': 0}, {'index': 27, 'radius_min': 0, 'radius_max': 0, 'trim_min': 0, 'trim_max': 0, 'evaluations': 9, 'safe_feasible': 0, 'states': 0, 'selected_radius': 0, 'selected_trim': 0, 'selected_score': 0}, {'index': 28, 'radius_min': 0, 'radius_max': 0, 'trim_min': 0, 'trim_max': 0, 'evaluations': 9, 'safe_feasible': 0, 'states': 0, 'selected_radius': 0, 'selected_trim': 0, 'selected_score': 0}, {'index': 29, 'radius_min': 0, 'radius_max': 0, 'trim_min': 0, 'trim_max': 0, 'evaluations': 9, 'safe_feasible': 0, 'states': 0, 'selected_radius': 0, 'selected_trim': 0, 'selected_score': 0}, {'index': 30, 'radius_min': 0, 'radius_max': 0, 'trim_min': 0, 'trim_max': 0, 'evaluations': 9, 'safe_feasible': 1, 'states': 0, 'selected_radius': 0.2, 'selected_trim': 0.0109304, 'selected_score': 1}, {'index': 31, 'radius_min': 0, 'radius_max': 0, 'trim_min': 0, 'trim_max': 0, 'evaluations': 9, 'safe_feasible': 0, 'states': 0, 'selected_radius': 0, 'selected_trim': 0, 'selected_score': 0}, {'index': 32, 'radius_min': 0, 'radius_max': 0, 'trim_min': 0, 'trim_max': 0, 'evaluations': 9, 'safe_feasible': 0, 'states': 0, 'selected_radius': 0, 'selected_trim': 0, 'selected_score': 0}, {'index': 33, 'radius_min': 0, 'radius_max': 0, 'trim_min': 0, 'trim_max': 0, 'evaluations': 9, 'safe_feasible': 0, 'states': 0, 'selected_radius': 0, 'selected_trim': 0, 'selected_score': 0}, {'index': 34, 'radius_min': 0, 'radius_max': 0, 'trim_min': 0, 'trim_max': 0, 'evaluations': 9, 'safe_feasible': 0, 'states': 0, 'selected_radius': 0, 'selected_trim': 0, 'selected_score': 0}, {'index': 35, 'radius_min': 0, 'radius_max': 0, 'trim_min': 0, 'trim_max': 0, 'evaluations': 9, 'safe_feasible': 0, 'states': 0, 'selected_radius': 0, 'selected_trim': 0, 'selected_score': 0}, {'index': 36, 'radius_min': 0, 'radius_max': 0, 'trim_min': 0, 'trim_max': 0, 'evaluations': 9, 'safe_feasible': 0, 'states': 0, 'selected_radius': 0, 'selected_trim': 0, 'selected_score': 0}]",37,0,333,none,5,32,0.73225844378216,200,0.98,216,32,"{'angular acceleration iteration did not converge': 5, 'transition would overlap an adjacent corner window': 315}",0.00173404,fixed,0.05,10.873908008194324,13,NavFnDijkstra,4e4d3b20213fd9eb197dcfb89165a4251605367101bfe05717c478e12ea3dc51,94,4e4d3b20213fd9eb197dcfb89165a4251605367101bfe05717c478e12ea3dc51,0,1,lower_left_diagonal,True,1.352220316689364,2.7492341816170183,4.620813356353057,33,0.006405768000149692
,,,,"smoothing failed: status=6, code=504, message=''",,,,,,,,,,,,,,,,,,,pivot_g2,,,,,,,,,,,,,,,,,,,,,,,,,NavFnDijkstra,4e4d3b20213fd9eb197dcfb89165a4251605367101bfe05717c478e12ea3dc51,,4e4d3b20213fd9eb197dcfb89165a4251605367101bfe05717c478e12ea3dc51,0,1,lower_left_diagonal,False,,,,,
0.009000000000000001,4.255078464033737,0.01621639265423832,0.0037419171831151654,,0.438677314729006,0.25619225950049973,0.25619225950049973,0,189,1.35222,32,253,True,40.3396,251,True,simple_default,simple,4.25508,177,True,4.256145698877948,adaptive_hybrid_fixed,0.05,184,ef1b01e28800a81e3d0c7b3406c06fce278a691eb83bf1c9210309fa42ce9131,4.573405657011542,,,,,,,,,0,0.0,,,,,,,,,0,,NavFnDijkstra,4e4d3b20213fd9eb197dcfb89165a4251605367101bfe05717c478e12ea3dc51,93,4e4d3b20213fd9eb197dcfb89165a4251605367101bfe05717c478e12ea3dc51,0,1,lower_left_diagonal,True,4.255078464033737,4.256145698877948,4.573405657011542,1,0.017053654999926948
0.009000000000000001,4.255078464033737,0.01621639265423832,0.0037419171831151654,,0.438677314729006,0.25619225950049973,0.25619225950049973,0,189,,0,,False,40.3396,251,True,pivot_unsafe,simple,4.25508,177,True,4.256145698877948,adaptive_hybrid,0.05,184,ef1b01e28800a81e3d0c7b3406c06fce278a691eb83bf1c9210309fa42ce9131,4.573405657011542,,,,,,,,,0,0.0,,,,,,,,,0,,NavFnDijkstra,4e4d3b20213fd9eb197dcfb89165a4251605367101bfe05717c478e12ea3dc51,93,4e4d3b20213fd9eb197dcfb89165a4251605367101bfe05717c478e12ea3dc51,0,1,lower_left_diagonal,True,4.255078464033737,4.256145698877948,4.573405657011542,1,0.014773428999887983
0.0,2.0526654298908484,6.938893903907228e-18,5.703735654108328e-19,,0.7144474719628296,0.685754926252015,0.7146446715897079,0,293,,,,,,,,,,,,,6.407285764935509,raw,0.05,147,73bde47ed81d3aca718888a39bc5a7a80487be818a72a5bd638174e5af5bc2cf,7.329056887785578,,,,,,,,,0,0.0,,,,,,,,,0,,ThetaStar,add2ed7455133f04c01841cf099b6b1df721535004bdbce80ec899711a5b8c65,148,73bde47ed81d3aca718888a39bc5a7a80487be818a72a5bd638174e5af5bc2cf,0,1,straight_lower_aisle,True,2.0526654298908484,6.407285764935509,7.329056887785578,1,0.005167839000023378
0.0,0.045720521778926514,0.014979469125724945,0.0017072872555919257,,0.7129116357624695,0.6646446708446498,0.7146446715897079,0,293,,,,,,,,,,,,,0.49764171390092304,simple,0.05,147,838e6943fe13c134cae0613bfcf93e521bd80af9c43effec8d0191e23379386c,7.326099034019711,,,,,,,,,0,0.0,,,,,,,,,0,,ThetaStar,add2ed7455133f04c01841cf099b6b1df721535004bdbce80ec899711a5b8c65,148,73bde47ed81d3aca718888a39bc5a7a80487be818a72a5bd638174e5af5bc2cf,0,1,straight_lower_aisle,True,0.045720521778926514,0.49764171390092304,7.326099034019711,1,0.006907082999987324
0.0,0.24705621565994762,0.009705447992795487,0.0008995721486090075,,0.7132138663409684,0.6646446708446498,0.7146446715897079,0,285,,,,,,,,,,,,,1.5012237208470818,savitzky_golay,0.05,147,b015e0ee09776f98ba9143890102caf265c4abca5107c24a86d8abea4e525b55,7.327111829187131,,,,,,,,,0,0.0,,,,,,,,,0,,ThetaStar,add2ed7455133f04c01841cf099b6b1df721535004bdbce80ec899711a5b8c65,148,73bde47ed81d3aca718888a39bc5a7a80487be818a72a5bd638174e5af5bc2cf,0,1,straight_lower_aisle,True,0.24705621565994762,1.5012237208470818,7.327111829187131,1,0.0072731790000943874
0.009000000000000001,1.106765354012469,0.00932706815791251,0.0011825788660869637,,0.7124345643210861,0.6646446708446498,0.7146446715897079,0,275,,,,,,,,,,,,,3.2234744238256687,constrained,0.05,147,84a01903894bd7fdf0466edb8660e89fdcd8d38fea59d115f8a1d51788c36f22,7.330117744337817,,,,,,,,,0,0.0,,,,,,,,,0,,ThetaStar,add2ed7455133f04c01841cf099b6b1df721535004bdbce80ec899711a5b8c65,148,73bde47ed81d3aca718888a39bc5a7a80487be818a72a5bd638174e5af5bc2cf,0,1,straight_lower_aisle,True,1.106765354012469,3.2234744238256687,7.330117744337817,1,0.011593232999985048
0.0,1.13936266380605,0.002287777538801667,0.0001880541552794684,,0.7096513597989936,0.6646446708446498,0.6646446708446498,0,166,,,,,,,,,,,,,4.565586824415091,pivot_g2_fixed,0.05,163,4b58f50dabce880ad41c38723044b405a7e7e60505b19b1f0e6bc2b26a759f37,7.328409897394787,0,1,"[{'index': 0, 'radius_min': 0, 'radius_max': 0, 'trim_min': 0, 'trim_max': 0, 'evaluations': 9, 'safe_feasible': 1, 'states': 0, 'selected_radius': 0.2, 'selected_trim': 0.0324556, 'selected_score': 1}]",1,0,9,none,1,0,0.0,200,1,163,0,{'transition would overlap an adjacent corner window': 8},0.00030709,fixed,0.05,0,1,ThetaStar,add2ed7455133f04c01841cf099b6b1df721535004bdbce80ec899711a5b8c65,148,73bde47ed81d3aca718888a39bc5a7a80487be818a72a5bd638174e5af5bc2cf,0,1,straight_lower_aisle,True,1.13936266380605,4.565586824415091,7.328409897394787,1,0.007293806000234326
0.0,0.6302868607565528,0.005572650136220095,0.00046172486289496333,,0.7098953438060889,0.6646446708446498,0.6646446708446498,0,164,,,,,,,,,,,,,2.286434523071804,pivot_g2,0.05,161,02dd87f3bf6475b82505ddf1d65d069169b9bc16647797da2602224f1a3bbc0c,7.3277600773906455,0,6,"[{'index': 0, 'radius_min': 0.1, 'radius_max': 0.487169, 'trim_min': 0.0162278, 'trim_max': 0.0790568, 'evaluations': 11, 'safe_feasible': 6, 'states': 6, 'selected_radius': 0.487169, 'selected_trim': 0.0790568, 'selected_score': 0.372794}]",1,6,11,none,1,0,0.0,200,0.372794,161,0,"{'angular acceleration iteration did not converge': 3, 'transition requires a reversing inner wheel': 2}",0.00159096,adaptive,0.05,0,6,ThetaStar,add2ed7455133f04c01841cf099b6b1df721535004bdbce80ec899711a5b8c65,148,73bde47ed81d3aca718888a39bc5a7a80487be818a72a5bd638174e5af5bc2cf,0,1,straight_lower_aisle,True,0.6302868607565528,2.286434523071804,7.3277600773906455,1,0.005701431000034063
0.0,0.045720521778926514,0.014979469125724945,0.0017072872555919257,,0.7129116357624695,0.6646446708446498,0.7146446715897079,0,293,1.13936,0,0,True,2.05267,0,True,simple_default,simple,0.0457205,0,True,0.49764171390092304,adaptive_hybrid_fixed,0.05,147,838e6943fe13c134cae0613bfcf93e521bd80af9c43effec8d0191e23379386c,7.326099034019711,,,,,,,,,0,0.0,,,,,,,,,0,,ThetaStar,add2ed7455133f04c01841cf099b6b1df721535004bdbce80ec899711a5b8c65,148,73bde47ed81d3aca718888a39bc5a7a80487be818a72a5bd638174e5af5bc2cf,0,1,straight_lower_aisle,True,0.045720521778926514,0.49764171390092304,7.326099034019711,1,0.007493689000057202
0.003,0.045720521778926514,0.014979469125724945,0.0017072872555919257,,0.7129116357624695,0.6646446708446498,0.7146446715897079,0,293,0.630287,0,0,True,2.05267,0,True,simple_default,simple,0.0457205,0,True,0.49764171390092304,adaptive_hybrid,0.05,147,838e6943fe13c134cae0613bfcf93e521bd80af9c43effec8d0191e23379386c,7.326099034019711,,,,,,,,,0,0.0,,,,,,,,,0,,ThetaStar,add2ed7455133f04c01841cf099b6b1df721535004bdbce80ec899711a5b8c65,148,73bde47ed81d3aca718888a39bc5a7a80487be818a72a5bd638174e5af5bc2cf,0,1,straight_lower_aisle,True,0.045720521778926514,0.49764171390092304,7.326099034019711,1,0.0077170300000943826
0.0,18.027363868050614,4.440892098500626e-16,1.3063958923854638e-16,,0.35706915160147923,0.10606601875848895,0.13938130659962022,0,136,,,,,,,,,,,,,13.956952205240771,raw,0.05,68,b95fa49efd9f19c1bdd5e376a548ac8e62ee1a9d1d326a4b8aa7fdb0bde28139,3.82736907403516,,,,,,,,,0,0.0,,,,,,,,,0,,ThetaStar,ea9dca7a3ff310994678f42ba1f3459213181f17bbe29fd9a831eda656e2f44c,78,b95fa49efd9f19c1bdd5e376a548ac8e62ee1a9d1d326a4b8aa7fdb0bde28139,0,1,crate_detour,True,18.027363868050614,13.956952205240771,3.82736907403516,1,0.002533333999963361
0.0,1.9136391398294155,0.03856475662611575,0.010778411486597363,,0.3636658524330667,0.17677669793081488,0.18825146149581692,0,144,,,,,,,,,,,,,2.075042854080492,simple,0.05,68,586b6530768ae9bb84db0011db72e3c741f6b5b83c2f5cdb77a09b1123d3bbf2,3.7801456088460537,,,,,,,,,0,0.0,,,,,,,,,0,,ThetaStar,ea9dca7a3ff310994678f42ba1f3459213181f17bbe29fd9a831eda656e2f44c,77,b95fa49efd9f19c1bdd5e376a548ac8e62ee1a9d1d326a4b8aa7fdb0bde28139,0,1,crate_detour,True,1.9136391398294155,2.075042854080492,3.7801456088460537,1,0.005290730000069743
0.0,4.09570321330978,0.012738830024263662,0.003124041957275482,,0.37853531572514315,0.2146446641391273,0.2146446641391273,0,131,,,,,,,,,,,,,4.147738215452254,savitzky_golay,0.05,68,5bb14068d133da78250dab90f3711877ec44f34eede3be8ea0145d65ae0a5f6e,3.8125938245813886,,,,,,,,,0,0.0,,,,,,,,,0,,ThetaStar,ea9dca7a3ff310994678f42ba1f3459213181f17bbe29fd9a831eda656e2f44c,78,b95fa49efd9f19c1bdd5e376a548ac8e62ee1a9d1d326a4b8aa7fdb0bde28139,0,1,crate_detour,True,4.09570321330978,4.147738215452254,3.8125938245813886,1,0.005372363999867957
0.006,4.440599750834275,0.038236288160456364,0.015253164965691233,,0.39993464260256467,0.23390290478282266,0.23390290478282266,0,134,,,,,,,,,,,,,3.2720034940307587,constrained,0.05,68,32df5f6c6e78913ba4338f0b702985df1ff6939ba0c2afd66f88c9abf78f74ad,3.843717689425745,,,,,,,,,0,0.0,,,,,,,,,0,,ThetaStar,ea9dca7a3ff310994678f42ba1f3459213181f17bbe29fd9a831eda656e2f44c,78,b95fa49efd9f19c1bdd5e376a548ac8e62ee1a9d1d326a4b8aa7fdb0bde28139,0,1,crate_detour,True,4.440599750834275,3.2720034940307587,3.843717689425745,1,0.007701160000124219
0.003,4.027459948206988,0.050398177820504896,0.011000108354157902,,0.3688145491370445,0.18825146149581692,0.2146446641391273,0,261,,,,,,,,,,,,,3.8893811662893594,pivot_g2_fixed,0.05,252,ade6a62e7ae83ffa0c3e42520db87769b8d96b7211cfb4942d16e1d3d56010f4,3.7877850833604496,0,24,"[{'index': 0, 'radius_min': 0, 'radius_max': 0, 'trim_min': 0, 'trim_max': 0, 'evaluations': 9, 'safe_feasible': 8, 'states': 0, 'selected_radius': 1.5, 'selected_trim': 0.148529, 'selected_score': 0.85}, {'index': 1, 'radius_min': 0, 'radius_max': 0, 'trim_min': 0, 'trim_max': 0, 'evaluations': 9, 'safe_feasible': 5, 'states': 0, 'selected_radius': 0.6, 'selected_trim': 0.16619, 'selected_score': 0.804207}, {'index': 2, 'radius_min': 0, 'radius_max': 0, 'trim_min': 0, 'trim_max': 0, 'evaluations': 9, 'safe_feasible': 6, 'states': 0, 'selected_radius': 1, 'selected_trim': 0.148547, 'selected_score': 1}, {'index': 3, 'radius_min': 0, 'radius_max': 0, 'trim_min': 0, 'trim_max': 0, 'evaluations': 9, 'safe_feasible': 7, 'states': 0, 'selected_radius': 1, 'selected_trim': 0.385242, 'selected_score': 0.85}, {'index': 4, 'radius_min': 0, 'radius_max': 0, 'trim_min': 0, 'trim_max': 0, 'evaluations': 9, 'safe_feasible': 2, 'states': 0, 'selected_radius': 0.3, 'selected_trim': 0.0486833, 'selected_score': 1}, {'index': 5, 'radius_min': 0, 'radius_max': 0, 'trim_min': 0, 'trim_max': 0, 'evaluations': 9, 'safe_feasible': 1, 'states': 0, 'selected_radius': 0.2, 'selected_trim': 0.0324555, 'selected_score': 1}]",6,0,54,none,6,0,0.0,200,0.917368,252,0,"{'angular acceleration iteration did not converge': 2, 'transition would overlap an adjacent corner window': 23}",0.0032997,fixed,0.05,0,29,ThetaStar,ea9dca7a3ff310994678f42ba1f3459213181f17bbe29fd9a831eda656e2f44c,77,b95fa49efd9f19c1bdd5e376a548ac8e62ee1a9d1d326a4b8aa7fdb0bde28139,0,1,crate_detour,True,4.027459948206988,3.8893811662893594,3.7877850833604496,1,0.00821299800009001
0.009000000000000001,5.153582937969278,0.08006524723383796,0.019834876718167842,,0.3561707402780466,0.18825146149581692,0.18825146149581692,0,291,,,,,,,,,,,,,4.699597976955656,pivot_g2,0.05,282,a828f679807c3492efba2bd50277a9a5123386eeb85b143ac0918df1f2bb497b,3.7759705452395256,124,81,"[{'index': 0, 'radius_min': 0.1, 'radius_max': 1.5, 'trim_min': 0.00990195, 'trim_max': 0.148529, 'evaluations': 20, 'safe_feasible': 17, 'states': 6, 'selected_radius': 1.5, 'selected_trim': 0.148529, 'selected_score': 0.185099}, {'index': 1, 'radius_min': 0.1, 'radius_max': 1.48857, 'trim_min': 0.0276984, 'trim_max': 0.412311, 'evaluations': 20, 'safe_feasible': 17, 'states': 6, 'selected_radius': 0.238857, 'selected_trim': 0.0661596, 'selected_score': 0.717792}, {'index': 2, 'radius_min': 0.1, 'radius_max': 1.5, 'trim_min': 0.0148547, 'trim_max': 0.22282, 'evaluations': 20, 'safe_feasible': 17, 'states': 6, 'selected_radius': 1.5, 'selected_trim': 0.22282, 'selected_score': 0.280106}, {'index': 3, 'radius_min': 0.1, 'radius_max': 1.5, 'trim_min': 0.0385242, 'trim_max': 0.577864, 'evaluations': 20, 'safe_feasible': 18, 'states': 6, 'selected_radius': 1.5, 'selected_trim': 0.577864, 'selected_score': 0.420783}, {'index': 4, 'radius_min': 0.1, 'radius_max': 0.688964, 'trim_min': 0.0162278, 'trim_max': 0.111803, 'evaluations': 11, 'safe_feasible': 9, 'states': 6, 'selected_radius': 0.158896, 'selected_trim': 0.0257853, 'selected_score': 0.558479}, {'index': 5, 'radius_min': 0.1, 'radius_max': 0.653608, 'trim_min': 0.0162278, 'trim_max': 0.106066, 'evaluations': 11, 'safe_feasible': 9, 'states': 6, 'selected_radius': 0.155361, 'selected_trim': 0.0252116, 'selected_score': 0.559527}]",6,36,102,none,6,0,0.0,200,0.453631,282,0,"{'angular acceleration iteration did not converge': 7, 'transition requires a reversing inner wheel': 8}",0.00853088,adaptive,0.05,0,87,ThetaStar,ea9dca7a3ff310994678f42ba1f3459213181f17bbe29fd9a831eda656e2f44c,77,b95fa49efd9f19c1bdd5e376a548ac8e62ee1a9d1d326a4b8aa7fdb0bde28139,0,1,crate_detour,True,5.153582937969278,4.699597976955656,3.7759705452395256,1,0.013617254999644501
0.006,1.9136391398294155,0.03856475662611575,0.010778411486597363,,0.3636658524330667,0.17677669793081488,0.18825146149581692,0,144,4.02746,0,214,True,18.0274,253,True,simple_default,simple,1.91364,221,True,2.075042854080492,adaptive_hybrid_fixed,0.05,68,586b6530768ae9bb84db0011db72e3c741f6b5b83c2f5cdb77a09b1123d3bbf2,3.7801456088460537,,,,,,,,,0,0.0,,,,,,,,,0,,ThetaStar,ea9dca7a3ff310994678f42ba1f3459213181f17bbe29fd9a831eda656e2f44c,77,b95fa49efd9f19c1bdd5e376a548ac8e62ee1a9d1d326a4b8aa7fdb0bde28139,0,1,crate_detour,True,1.9136391398294155,2.075042854080492,3.7801456088460537,1,0.006792959999984305
0.012,1.9136391398294155,0.03856475662611575,0.010778411486597363,,0.3636658524330667,0.17677669793081488,0.18825146149581692,0,144,5.15358,0,221,True,18.0274,253,True,simple_default,simple,1.91364,221,True,2.075042854080492,adaptive_hybrid,0.05,68,586b6530768ae9bb84db0011db72e3c741f6b5b83c2f5cdb77a09b1123d3bbf2,3.7801456088460537,,,,,,,,,0,0.0,,,,,,,,,0,,ThetaStar,ea9dca7a3ff310994678f42ba1f3459213181f17bbe29fd9a831eda656e2f44c,77,b95fa49efd9f19c1bdd5e376a548ac8e62ee1a9d1d326a4b8aa7fdb0bde28139,0,1,crate_detour,True,1.9136391398294155,2.075042854080492,3.7801456088460537,1,0.013011320999794407
0.0,21.156817535489434,2.220446049250313e-16,4.04438252565071e-17,,0.37604345150278423,0.07644806095482698,0.11464466264901119,0,127,,,,,,,,,,,,,14.931846648030852,raw,0.05,64,6d26865729352bb9034d3f0bba6e586f984b546d3f6dd558f896dc077d01bf89,3.540019131610022,,,,,,,,,0,0.0,,,,,,,,,0,,ThetaStar,a299e1e7dd5588157e5a2ac2fc4890eb31b101a5da017be804e3ae85f391b60d,72,6d26865729352bb9034d3f0bba6e586f984b546d3f6dd558f896dc077d01bf89,0,1,vertical_rack_detour,True,21.156817535489434,14.931846648030852,3.540019131610022,1,0.003738304999842512
0.0,2.8061823343650065,0.04407185447462547,0.013236867683943188,,0.37373011781944543,0.11464466264901119,0.11464466264901119,0,118,,,,,,,,,,,,,2.293579796114727,simple,0.05,64,2a0df3865ab2cec6218d1ec31fbcda070335ed0eca55bdf092eb7aee4a95c672,3.4768512623107704,,,,,,,,,0,0.0,,,,,,,,,0,,ThetaStar,a299e1e7dd5588157e5a2ac2fc4890eb31b101a5da017be804e3ae85f391b60d,71,6d26865729352bb9034d3f0bba6e586f984b546d3f6dd558f896dc077d01bf89,0,1,vertical_rack_detour,True,2.8061823343650065,2.293579796114727,3.4768512623107704,1,0.005899745000078838
0.0,6.087923520397315,0.012676580913731242,0.002691857758838421,,0.35006394138280256,0.11464466264901119,0.11464466264901119,0,119,,,,,,,,,,,,,4.241276717628401,savitzky_golay,0.05,64,aabca795c324fc27b38c66a8c37a2fd6fd5cf0bc03e52e40d2af1ba756897760,3.5244625344178444,,,,,,,,,0,0.0,,,,,,,,,0,,ThetaStar,a299e1e7dd5588157e5a2ac2fc4890eb31b101a5da017be804e3ae85f391b60d,72,6d26865729352bb9034d3f0bba6e586f984b546d3f6dd558f896dc077d01bf89,0,1,vertical_rack_detour,True,6.087923520397315,4.241276717628401,3.5244625344178444,1,0.005369411000174296
0.006,7.811877362244002,0.05990396422511206,0.020071423248617406,,0.37750253609441775,0.16464466339406925,0.16464466339406925,0,126,,,,,,,,,,,,,4.1659115598084755,constrained,0.05,64,c8ca9536b1ed38c765ddbb058489daee0cf5a61546f45d863f84ed47750f008d,3.5768425315561356,,,,,,,,,0,0.0,,,,,,,,,0,,ThetaStar,a299e1e7dd5588157e5a2ac2fc4890eb31b101a5da017be804e3ae85f391b60d,73,6d26865729352bb9034d3f0bba6e586f984b546d3f6dd558f896dc077d01bf89,0,1,vertical_rack_detour,True,7.811877362244002,4.1659115598084755,3.5768425315561356,1,0.008661230000143405
0.003,4.823946015583677,0.04175107313182946,0.009083126007997861,,0.34653212611475015,0.11464466264901119,0.12275854577833645,0,195,,,,,,,,,,,,,5.316022048697846,pivot_g2_fixed,0.05,192,6cafa87007e98e41e8daac4b5d29a198faa9481c19cd2440a02ac200c49b7463,3.5014501220284107,0,20,"[{'index': 0, 'radius_min': 0, 'radius_max': 0, 'trim_min': 0, 'trim_max': 0, 'evaluations': 9, 'safe_feasible': 8, 'states': 0, 'selected_radius': 1.5, 'selected_trim': 0.243416, 'selected_score': 0.85}, {'index': 1, 'radius_min': 0, 'radius_max': 0, 'trim_min': 0, 'trim_max': 0, 'evaluations': 9, 'safe_feasible': 2, 'states': 0, 'selected_radius': 0.3, 'selected_trim': 0.0486833, 'selected_score': 1}, {'index': 2, 'radius_min': 0, 'radius_max': 0, 'trim_min': 0, 'trim_max': 0, 'evaluations': 9, 'safe_feasible': 1, 'states': 0, 'selected_radius': 0.2, 'selected_trim': 0.0472136, 'selected_score': 1}, {'index': 3, 'radius_min': 0, 'radius_max': 0, 'trim_min': 0, 'trim_max': 0, 'evaluations': 9, 'safe_feasible': 6, 'states': 0, 'selected_radius': 0.75, 'selected_trim': 0.31066, 'selected_score': 1}, {'index': 4, 'radius_min': 0, 'radius_max': 0, 'trim_min': 0, 'trim_max': 0, 'evaluations': 9, 'safe_feasible': 6, 'states': 0, 'selected_radius': 0.75, 'selected_trim': 0.177051, 'selected_score': 0.825038}]",5,0,45,none,5,0,0.0,200,0.935008,192,0,"{'angular acceleration iteration did not converge': 1, 'transition would overlap an adjacent corner window': 21}",0.00231807,fixed,0.05,0,23,ThetaStar,a299e1e7dd5588157e5a2ac2fc4890eb31b101a5da017be804e3ae85f391b60d,72,6d26865729352bb9034d3f0bba6e586f984b546d3f6dd558f896dc077d01bf89,0,1,vertical_rack_detour,True,4.823946015583677,5.316022048697846,3.5014501220284107,1,0.00877462700009346
0.009000000000000001,6.294019765307229,0.09358041950535556,0.02420245897044141,,0.27316689698921603,0.07644806095482698,0.09125703985665796,0,251,,,,,,,,,,,,,8.19651627914436,pivot_g2,0.05,243,25017c796a4a867e6a931d06ce48f06229127fc249f596d5fd496c5e2709a1d2,3.476943623636833,95,67,"[{'index': 0, 'radius_min': 0.1, 'radius_max': 1.5, 'trim_min': 0.0162278, 'trim_max': 0.243416, 'evaluations': 20, 'safe_feasible': 17, 'states': 6, 'selected_radius': 1.5, 'selected_trim': 0.243416, 'selected_score': 0.301085}, {'index': 1, 'radius_min': 0.1, 'radius_max': 0.688964, 'trim_min': 0.0162278, 'trim_max': 0.111803, 'evaluations': 11, 'safe_feasible': 9, 'states': 6, 'selected_radius': 0.158896, 'selected_trim': 0.0257853, 'selected_score': 0.708479}, {'index': 2, 'radius_min': 0.1, 'radius_max': 0.473607, 'trim_min': 0.0236068, 'trim_max': 0.111803, 'evaluations': 11, 'safe_feasible': 8, 'states': 6, 'selected_radius': 0, 'selected_trim': 0, 'selected_score': 0}, {'index': 3, 'radius_min': 0.1, 'radius_max': 1.5, 'trim_min': 0.0414214, 'trim_max': 0.62132, 'evaluations': 20, 'safe_feasible': 18, 'states': 6, 'selected_radius': 1.5, 'selected_trim': 0.62132, 'selected_score': 0.450888}, {'index': 4, 'radius_min': 0.1, 'radius_max': 1.5, 'trim_min': 0.0236068, 'trim_max': 0.354102, 'evaluations': 20, 'safe_feasible': 17, 'states': 6, 'selected_radius': 0.45, 'selected_trim': 0.106231, 'selected_score': 0.47155}]",5,30,82,none,4,1,0.4636476090008061,200,0.483,243,1,"{'angular acceleration iteration did not converge': 6, 'transition requires a reversing inner wheel': 7}",0.00693345,adaptive,0.05,0.4636476090008061,69,ThetaStar,a299e1e7dd5588157e5a2ac2fc4890eb31b101a5da017be804e3ae85f391b60d,71,6d26865729352bb9034d3f0bba6e586f984b546d3f6dd558f896dc077d01bf89,0,1,vertical_rack_detour,True,2.889691588475455,4.095282428503752,3.4774918575587286,2,0.011534622999988642
0.003,2.8061823343650065,0.04407185447462547,0.013236867683943188,,0.37373011781944543,0.11464466264901119,0.11464466264901119,0,118,4.82395,0,253,True,21.1568,253,True,simple_default,simple,2.80618,253,True,2.293579796114727,adaptive_hybrid_fixed,0.05,64,2a0df3865ab2cec6218d1ec31fbcda070335ed0eca55bdf092eb7aee4a95c672,3.4768512623107704,,,,,,,,,0,0.0,,,,,,,,,0,,ThetaStar,a299e1e7dd5588157e5a2ac2fc4890eb31b101a5da017be804e3ae85f391b60d,71,6d26865729352bb9034d3f0bba6e586f984b546d3f6dd558f896dc077d01bf89,0,1,vertical_rack_detour,True,2.8061823343650065,2.293579796114727,3.4768512623107704,1,0.005504990000190446
0.009000000000000001,2.8061823343650065,0.04407185447462547,0.013236867683943188,,0.37373011781944543,0.11464466264901119,0.11464466264901119,0,118,2.88969,1,253,True,21.1568,253,True,simple_default,simple,2.80618,253,True,2.293579796114727,adaptive_hybrid,0.05,64,2a0df3865ab2cec6218d1ec31fbcda070335ed0eca55bdf092eb7aee4a95c672,3.4768512623107704,,,,,,,,,0,0.0,,,,,,,,,0,,ThetaStar,a299e1e7dd5588157e5a2ac2fc4890eb31b101a5da017be804e3ae85f391b60d,71,6d26865729352bb9034d3f0bba6e586f984b546d3f6dd558f896dc077d01bf89,0,1,vertical_rack_detour,True,2.8061823343650065,2.293579796114727,3.4768512623107704,1,0.01023936199999298
0.0,8.573654120483878,2.220446049250313e-16,6.398557885283892e-17,,0.506572880155038,0.1449222268733815,0.2146446641391273,0,243,,,,,,,,,,,,,6.643693474215089,raw,0.05,120,aab3a0ba68bf4f71ad5b2877a697811874dbb38bf03420ca8b718f9179d7517c,6.120480271098444,,,,,,,,,0,0.0,,,,,,,,,0,,ThetaStar,65aaa283caed754a8bb3966a6b85ab75445919f82ba672dca47878e621bb4791,124,aab3a0ba68bf4f71ad5b2877a697811874dbb38bf03420ca8b718f9179d7517c,0,1,horizontal_rack_detour,True,8.573654120483878,6.643693474215089,6.120480271098444,1,0.00709824200021103
0.0,1.850867793335925,0.03230289830257879,0.008042653078615484,,0.4859708954635601,0.2146446641391273,0.2146446641391273,0,233,,,,,,,,,,,,,1.763017099347826,simple,0.05,120,c3e50def6f1c22f0cf1d8fc3549d8a85d0b895e5a89f6594edeffa28d92ed918,6.086791846956397,,,,,,,,,0,0.0,,,,,,,,,0,,ThetaStar,65aaa283caed754a8bb3966a6b85ab75445919f82ba672dca47878e621bb4791,123,aab3a0ba68bf4f71ad5b2877a697811874dbb38bf03420ca8b718f9179d7517c,0,1,horizontal_rack_detour,True,1.850867793335925,1.763017099347826,6.086791846956397,1,0.00610011900016616
0.0,2.8351843799331187,0.006054739778988966,0.001373629819346023,,0.47869700601851384,0.2146446641391273,0.2400159173269659,0,210,,,,,,,,,,,,,2.423044196634234,savitzky_golay,0.05,120,b8cde9a8f2ac483d154312bc7d8687dbfd480877d2e4ab902f099c370434c343,6.1152617969883085,,,,,,,,,0,0.0,,,,,,,,,0,,ThetaStar,65aaa283caed754a8bb3966a6b85ab75445919f82ba672dca47878e621bb4791,124,aab3a0ba68bf4f71ad5b2877a697811874dbb38bf03420ca8b718f9179d7517c,0,1,horizontal_rack_detour,True,2.8351843799331187,2.423044196634234,6.1152617969883085,1,0.006584805999864329
0.009000000000000001,3.0488947490035563,0.034309937009115006,0.011210168100778795,,0.4841691688021321,0.2474873771031409,0.25619225950049973,0,198,,,,,,,,,,,,,2.6110437607286427,constrained,0.05,120,6a84cf361f244a8b16335001d8ab9a6b6cfe99d0c0090f799be594edf9c2dcdd,6.134636302401334,,,,,,,,,0,0.0,,,,,,,,,0,,ThetaStar,65aaa283caed754a8bb3966a6b85ab75445919f82ba672dca47878e621bb4791,124,aab3a0ba68bf4f71ad5b2877a697811874dbb38bf03420ca8b718f9179d7517c,0,1,horizontal_rack_detour,True,3.0488947490035563,2.6110437607286427,6.134636302401334,1,0.010969482999826141
0.003,4.4729851894768435,0.012593200623483042,0.0041987932116394665,,0.404980217365574,0.2146446641391273,0.23390290478282266,0,217,,,,,,,,,,,,,4.031759731934432,pivot_g2_fixed,0.05,203,8afe337cb8bfcae5d02481087dc41d914aa2755a9b0690897d742f894d48f8bc,6.113806394015163,0,15,"[{'index': 0, 'radius_min': 0, 'radius_max': 0, 'trim_min': 0, 'trim_max': 0, 'evaluations': 9, 'safe_feasible': 0, 'states': 0, 'selected_radius': 0, 'selected_trim': 0, 'selected_score': 0}, {'index': 1, 'radius_min': 0, 'radius_max': 0, 'trim_min': 0, 'trim_max': 0, 'evaluations': 9, 'safe_feasible': 0, 'states': 0, 'selected_radius': 0, 'selected_trim': 0, 'selected_score': 0}, {'index': 2, 'radius_min': 0, 'radius_max': 0, 'trim_min': 0, 'trim_max': 0, 'evaluations': 9, 'safe_feasible': 8, 'states': 0, 'selected_radius': 1.5, 'selected_trim': 0.216014, 'selected_score': 1}, {'index': 3, 'radius_min': 0, 'radius_max': 0, 'trim_min': 0, 'trim_max': 0, 'evaluations': 9, 'safe_feasible': 3, 'states': 0, 'selected_radius': 0.4, 'selected_trim': 0.0869203, 'selected_score': 0.9}, {'index': 4, 'radius_min': 0, 'radius_max': 0, 'trim_min': 0, 'trim_max': 0, 'evaluations': 9, 'safe_feasible': 3, 'states': 0, 'selected_radius': 0.5, 'selected_trim': 0.0811388, 'selected_score': 0.9}, {'index': 5, 'radius_min': 0, 'radius_max': 0, 'trim_min': 0, 'trim_max': 0, 'evaluations': 9, 'safe_feasible': 2, 'states': 0, 'selected_radius': 0.3, 'selected_trim': 0.0724382, 'selected_score': 1}]",6,0,54,none,4,2,0.3217505543966422,200,0.95,203,2,"{'angular acceleration iteration did not converge': 2, 'transition would overlap an adjacent corner window': 36}",0.00199843,fixed,0.05,0.6435011087932843,16,ThetaStar,65aaa283caed754a8bb3966a6b85ab75445919f82ba672dca47878e621bb4791,124,aab3a0ba68bf4f71ad5b2877a697811874dbb38bf03420ca8b718f9179d7517c,0,1,horizontal_rack_detour,True,3.241443255403254,3.71795782514217,6.115018318985252,3,0.006077780999930837
0.009000000000000001,6.175169301700259,0.012564893286892653,0.004128990471687601,,0.40223860188108806,0.2146446641391273,0.23390290478282266,0,221,,,,,,,,,,,,,4.913646887709654,pivot_g2,0.05,207,621f1c069bbba07f921b06ddc6641dcd8e8f46466ac965b1b7aaa78c64060c20,6.116371501102157,76,72,"[{'index': 0, 'radius_min': 0.1, 'radius_max': 0.308114, 'trim_min': 0.0162278, 'trim_max': 0.05, 'evaluations': 6, 'safe_feasible': 4, 'states': 5, 'selected_radius': 0, 'selected_trim': 0, 'selected_score': 0}, {'index': 1, 'radius_min': 0.1, 'radius_max': 0.308114, 'trim_min': 0.0162278, 'trim_max': 0.05, 'evaluations': 6, 'safe_feasible': 4, 'states': 5, 'selected_radius': 0, 'selected_trim': 0, 'selected_score': 0}, {'index': 2, 'radius_min': 0.1, 'radius_max': 1.5, 'trim_min': 0.0144009, 'trim_max': 0.216014, 'evaluations': 20, 'safe_feasible': 17, 'states': 6, 'selected_radius': 1.5, 'selected_trim': 0.216014, 'selected_score': 0.238748}, {'index': 3, 'radius_min': 0.1, 'radius_max': 1.02902, 'trim_min': 0.0217301, 'trim_max': 0.223607, 'evaluations': 20, 'safe_feasible': 16, 'states': 6, 'selected_radius': 0.192902, 'selected_trim': 0.0419178, 'selected_score': 0.689305}, {'index': 4, 'radius_min': 0.1, 'radius_max': 1.30722, 'trim_min': 0.0162278, 'trim_max': 0.212132, 'evaluations': 20, 'safe_feasible': 17, 'states': 6, 'selected_radius': 0.160361, 'selected_trim': 0.026023, 'selected_score': 0.661422}, {'index': 5, 'radius_min': 0.1, 'radius_max': 0.878536, 'trim_min': 0.0241461, 'trim_max': 0.212132, 'evaluations': 20, 'safe_feasible': 18, 'states': 6, 'selected_radius': 0.21678, 'selected_trim': 0.052344, 'selected_score': 0.687344}]",6,34,92,none,4,2,0.3217505543966422,200,0.569205,207,2,"{'angular acceleration iteration did not converge': 6, 'transition requires a reversing inner wheel': 10}",0.0063511,adaptive,0.05,0.6435011087932843,76,ThetaStar,65aaa283caed754a8bb3966a6b85ab75445919f82ba672dca47878e621bb4791,124,aab3a0ba68bf4f71ad5b2877a697811874dbb38bf03420ca8b718f9179d7517c,0,1,horizontal_rack_detour,True,4.745123453144078,5.3349898633758395,6.117438287455981,3,0.010837588000413234
0.003,4.4729851894768435,0.012593200623483042,0.0041987932116394665,,0.404980217365574,0.2146446641391273,0.23390290478282266,0,217,3.24144,2,177,True,8.57365,253,True,safety_gain_within_energy_budget,pivot_g2,1.85087,202,True,4.031759731934432,adaptive_hybrid_fixed,0.05,203,8afe337cb8bfcae5d02481087dc41d914aa2755a9b0690897d742f894d48f8bc,6.113806394015163,,,,,,,,,2,0.3217505543966422,,,,,,,,,0.6435011087932843,,ThetaStar,65aaa283caed754a8bb3966a6b85ab75445919f82ba672dca47878e621bb4791,124,aab3a0ba68bf4f71ad5b2877a697811874dbb38bf03420ca8b718f9179d7517c,0,1,horizontal_rack_detour,True,3.241443255403254,3.71795782514217,6.115018318985252,3,0.007130017000235966
0.006,1.850867793335925,0.03230289830257879,0.008042653078615484,,0.4859708954635601,0.2146446641391273,0.2146446641391273,0,233,4.74512,2,177,True,8.57365,253,True,simple_default,simple,1.85087,202,True,1.763017099347826,adaptive_hybrid,0.05,120,c3e50def6f1c22f0cf1d8fc3549d8a85d0b895e5a89f6594edeffa28d92ed918,6.086791846956397,,,,,,,,,0,0.0,,,,,,,,,0,,ThetaStar,65aaa283caed754a8bb3966a6b85ab75445919f82ba672dca47878e621bb4791,123,aab3a0ba68bf4f71ad5b2877a697811874dbb38bf03420ca8b718f9179d7517c,0,1,horizontal_rack_detour,True,1.850867793335925,1.763017099347826,6.086791846956397,1,0.00940573600018979
0.0,11.571571264760594,1.6653345369377348e-16,3.2300595708537726e-17,,0.31332344526845535,0.1449222268733815,0.2146446641391273,0,199,,,,,,,,,,,,,9.250310114884396,raw,0.05,95,100b31be1491a8206959b9a81cc393682a254a0abe802038b5e13e90c2a6ee04,4.833018763380768,,,,,,,,,0,0.0,,,,,,,,,0,,ThetaStar,c822244724d7cdacecb1bb00cfdbec119fa871ae56f86dc726b5492033d970fe,98,100b31be1491a8206959b9a81cc393682a254a0abe802038b5e13e90c2a6ee04,0,1,right_rack_detour,True,11.571571264760594,9.250310114884396,4.833018763380768,1,0.004259283000010328
0.0,2.1412149942804546,0.03899918485629024,0.009729172566247684,,0.3307534784583714,0.2146446641391273,0.2146446641391273,0,175,,,,,,,,,,,,,1.9794215068088645,simple,0.05,95,8642a4cddc851e8b5184dcb2410bbac8d9845a93bc8173b68b527338bd791638,4.793000010033254,,,,,,,,,0,0.0,,,,,,,,,0,,ThetaStar,c822244724d7cdacecb1bb00cfdbec119fa871ae56f86dc726b5492033d970fe,97,100b31be1491a8206959b9a81cc393682a254a0abe802038b5e13e90c2a6ee04,0,1,right_rack_detour,True,2.1412149942804546,1.9794215068088645,4.793000010033254,1,0.0057464380001874815
0.0,3.0793305700045464,0.009817754106654973,0.002020325593748743,,0.33442929128371945,0.21959563989254183,0.23390290478282266,0,164,,,,,,,,,,,,,2.7775261891175456,savitzky_golay,0.05,95,717ae480ede7f69115b329f212285bd489b798b532e5bfd90e5af6f7d304331e,4.825399744538685,,,,,,,,,0,0.0,,,,,,,,,0,,ThetaStar,c822244724d7cdacecb1bb00cfdbec119fa871ae56f86dc726b5492033d970fe,98,100b31be1491a8206959b9a81cc393682a254a0abe802038b5e13e90c2a6ee04,0,1,right_rack_detour,True,3.0793305700045464,2.7775261891175456,4.825399744538685,1,0.006416045999685593
0.006,3.1451846256544185,0.03455905828533976,0.01104988512990355,,0.3379184714467849,0.2474873771031409,0.25619225950049973,0,158,,,,,,,,,,,,,2.6062126591679378,constrained,0.05,95,d63cb1ee5fd525c4347b94a89be4b4060b9a2f72c000eb9f1d22928b0c9ad322,4.845349706577934,,,,,,,,,0,0.0,,,,,,,,,0,,ThetaStar,c822244724d7cdacecb1bb00cfdbec119fa871ae56f86dc726b5492033d970fe,98,100b31be1491a8206959b9a81cc393682a254a0abe802038b5e13e90c2a6ee04,0,1,right_rack_detour,True,3.1451846256544185,2.6062126591679378,4.845349706577934,1,0.009644882999964466
0.0,4.364515169747801,0.03305780873845216,0.013610346919202067,,0.31467280517610297,0.21959563989254183,0.21959563989254183,0,181,,,,,,,,,,,,,4.3212424496930995,pivot_g2_fixed,0.05,179,04cb513c7f27aa896236520a90780d1a11119437e3bc9c58345bce1c7dbbdb3f,4.823236911340687,0,18,"[{'index': 0, 'radius_min': 0, 'radius_max': 0, 'trim_min': 0, 'trim_max': 0, 'evaluations': 9, 'safe_feasible': 6, 'states': 0, 'selected_radius': 1, 'selected_trim': 0.0882894, 'selected_score': 0.946379}, {'index': 1, 'radius_min': 0, 'radius_max': 0, 'trim_min': 0, 'trim_max': 0, 'evaluations': 9, 'safe_feasible': 2, 'states': 0, 'selected_radius': 0.3, 'selected_trim': 0.0830952, 'selected_score': 0.9}, {'index': 2, 'radius_min': 0, 'radius_max': 0, 'trim_min': 0, 'trim_max': 0, 'evaluations': 9, 'safe_feasible': 3, 'states': 0, 'selected_radius': 0.4, 'selected_trim': 0.110794, 'selected_score': 0.9}, {'index': 3, 'radius_min': 0, 'radius_max': 0, 'trim_min': 0, 'trim_max': 0, 'evaluations': 9, 'safe_feasible': 8, 'states': 0, 'selected_radius': 1.5, 'selected_trim': 0.168819, 'selected_score': 1}, {'index': 4, 'radius_min': 0, 'radius_max': 0, 'trim_min': 0, 'trim_max': 0, 'evaluations': 9, 'safe_feasible': 1, 'states': 0, 'selected_radius': 0.2, 'selected_trim': 0.030321, 'selected_score': 1}]",5,0,45,none,5,0,0.0,200,0.949276,179,0,"{'angular acceleration iteration did not converge': 2, 'transition would overlap an adjacent corner window': 23}",0.00196839,fixed,0.05,0,20,ThetaStar,c822244724d7cdacecb1bb00cfdbec119fa871ae56f86dc726b5492033d970fe,98,100b31be1491a8206959b9a81cc393682a254a0abe802038b5e13e90c2a6ee04,0,1,right_rack_detour,True,4.364515169747801,4.3212424496930995,4.823236911340687,1,0.005783320000318781
0.006,6.964037812335333,0.033281675728009656,0.013573976769279595,,0.31701841572308065,0.21959563989254183,0.21959563989254183,0,174,,,,,,,,,,,,,8.938729522058468,pivot_g2,0.05,166,d12e837ba6c071879682f982753d0084ce3c81eca763ce872a4f6e77e28eb12b,4.827077940544824,72,64,"[{'index': 0, 'radius_min': 0.1, 'radius_max': 1.5, 'trim_min': 0.00882894, 'trim_max': 0.132434, 'evaluations': 20, 'safe_feasible': 17, 'states': 6, 'selected_radius': 1.5, 'selected_trim': 0.132434, 'selected_score': 0.217793}, {'index': 1, 'radius_min': 0.1, 'radius_max': 0.744286, 'trim_min': 0.0276984, 'trim_max': 0.206155, 'evaluations': 20, 'safe_feasible': 14, 'states': 6, 'selected_radius': 0, 'selected_trim': 0, 'selected_score': 0}, {'index': 2, 'radius_min': 0.1, 'radius_max': 1.02115, 'trim_min': 0.0276984, 'trim_max': 0.282843, 'evaluations': 20, 'safe_feasible': 15, 'states': 6, 'selected_radius': 0.238173, 'selected_trim': 0.06597, 'selected_score': 0.69658}, {'index': 3, 'radius_min': 0.1, 'radius_max': 1.5, 'trim_min': 0.0112546, 'trim_max': 0.168819, 'evaluations': 20, 'safe_feasible': 17, 'states': 6, 'selected_radius': 1.5, 'selected_trim': 0.168819, 'selected_score': 0.214912}, {'index': 4, 'radius_min': 0.1, 'radius_max': 0.521465, 'trim_min': 0.0151605, 'trim_max': 0.0790568, 'evaluations': 11, 'safe_feasible': 7, 'states': 6, 'selected_radius': 0.521465, 'selected_trim': 0.0790568, 'selected_score': 0.39407}]",5,30,91,none,4,1,0.5404195002705852,200,0.380839,166,1,"{'angular acceleration iteration did not converge': 13, 'transition requires a reversing inner wheel': 8}",0.00557399,adaptive,0.05,0.5404195002705852,70,ThetaStar,c822244724d7cdacecb1bb00cfdbec119fa871ae56f86dc726b5492033d970fe,98,100b31be1491a8206959b9a81cc393682a254a0abe802038b5e13e90c2a6ee04,0,1,right_rack_detour,True,2.8654945908614375,4.602307005073339,4.828135779668291,2,0.009141783000359283
0.003,4.364515169747801,0.03305780873845216,0.013610346919202067,,0.31467280517610297,0.21959563989254183,0.21959563989254183,0,181,4.36452,0,177,True,11.5716,253,True,safety_gain_within_energy_budget,pivot_g2,2.14121,202,True,4.3212424496930995,adaptive_hybrid_fixed,0.05,179,04cb513c7f27aa896236520a90780d1a11119437e3bc9c58345bce1c7dbbdb3f,4.823236911340687,,,,,,,,,0,0.0,,,,,,,,,0,,ThetaStar,c822244724d7cdacecb1bb00cfdbec119fa871ae56f86dc726b5492033d970fe,98,100b31be1491a8206959b9a81cc393682a254a0abe802038b5e13e90c2a6ee04,0,1,right_rack_detour,True,4.364515169747801,4.3212424496930995,4.823236911340687,1,0.00870211899973583
0.006,6.964037812335333,0.033281675728009656,0.013573976769279595,,0.31701841572308065,0.21959563989254183,0.21959563989254183,0,174,2.86549,1,177,True,11.5716,253,True,safety_gain_within_energy_budget,pivot_g2,2.14121,202,True,8.938729522058468,adaptive_hybrid,0.05,166,d12e837ba6c071879682f982753d0084ce3c81eca763ce872a4f6e77e28eb12b,4.827077940544824,,,,,,,,,1,0.5404195002705852,,,,,,,,,0.5404195002705852,,ThetaStar,c822244724d7cdacecb1bb00cfdbec119fa871ae56f86dc726b5492033d970fe,98,100b31be1491a8206959b9a81cc393682a254a0abe802038b5e13e90c2a6ee04,0,1,right_rack_detour,True,2.8654945908614375,4.602307005073339,4.828135779668291,2,0.010723923999648832
0.006,28.532582263498323,4.440892098500626e-16,6.624493760628821e-17,,0.4855032004154636,0.11464466264901119,0.2146446641391273,0,524,,,,,,,,,,,,,11.656228105628351,raw,0.05,260,8ab67e7c21920c0543e4548520c1dd7d810106040d15e6309b9651622bba6c75,13.653528338314304,,,,,,,,,0,0.0,,,,,,,,,0,,ThetaStar,e5d1348111c868021774536b83d52d389c6f2015862241d82f8105e9bcd04f2f,275,8ab67e7c21920c0543e4548520c1dd7d810106040d15e6309b9651622bba6c75,0,1,long_southwest_to_northeast,True,28.532582263498323,11.656228105628351,13.653528338314304,1,0.011553274999641872
0.0,3.962711872157781,0.03730312840053469,0.008150269908341156,,0.46943770455600276,0.11464466264901119,0.2146446641391273,0,522,,,,,,,,,,,,,2.0721477609566445,simple,0.05,260,8d019bfc92952a27151b2c4c0dd27101f7a4a7b23f6042ca87aad6c7c9da69af,13.568963688326772,,,,,,,,,0,0.0,,,,,,,,,0,,ThetaStar,e5d1348111c868021774536b83d52d389c6f2015862241d82f8105e9bcd04f2f,273,8ab67e7c21920c0543e4548520c1dd7d810106040d15e6309b9651622bba6c75,0,1,long_southwest_to_northeast,True,3.962711872157781,2.0721477609566445,13.568963688326772,1,0.008388669999931153
0.0,7.2042583901907955,0.013115701643665692,0.0019299980954447155,,0.47344742661196265,0.11464466264901119,0.2324721782937946,0,479,,,,,,,,,,,,,3.1801670188313214,savitzky_golay,0.05,260,8957a464f881c8595bf48cd0ccfdb35c532e3689380f7641837b8c3a4f8e439f,13.633912064855668,,,,,,,,,0,0.0,,,,,,,,,0,,ThetaStar,e5d1348111c868021774536b83d52d389c6f2015862241d82f8105e9bcd04f2f,274,8ab67e7c21920c0543e4548520c1dd7d810106040d15e6309b9651622bba6c75,0,1,long_southwest_to_northeast,True,7.2042583901907955,3.1801670188313214,13.633912064855668,1,0.009241201999884652
0.015000000000000001,9.05671428014272,0.03481489056791479,0.007425592949594861,,0.46650020023381195,0.11464466264901119,0.22619960852534454,0,433,,,,,,,,,,,,,3.337267438141579,constrained,0.05,260,c37c371d3627cddef6feff243fb69917a26b827d20fd1c31fa77f4081c318773,13.66295798187172,,,,,,,,,0,0.0,,,,,,,,,0,,ThetaStar,e5d1348111c868021774536b83d52d389c6f2015862241d82f8105e9bcd04f2f,275,8ab67e7c21920c0543e4548520c1dd7d810106040d15e6309b9651622bba6c75,0,1,long_southwest_to_northeast,True,9.05671428014272,3.337267438141579,13.66295798187172,1,0.022203080000053887
0.006,16.46453644810261,0.025296831146210792,0.004062838320439509,,0.43331777531681503,0.11464466264901119,0.2146446641391273,0,607,,,,,,,,,,,,,10.6954314689752,pivot_g2_fixed,0.05,578,ec5bc50d53cf7cdde3f931e7b142e033f75df8940782680ad3ec22470caf22e4,13.628192446247997,0,83,"[{'index': 0, 'radius_min': 0, 'radius_max': 0, 'trim_min': 0, 'trim_max': 0, 'evaluations': 9, 'safe_feasible': 8, 'states': 0, 'selected_radius': 1.5, 'selected_trim': 0.243416, 'selected_score': 1}, {'index': 1, 'radius_min': 0, 'radius_max': 0, 'trim_min': 0, 'trim_max': 0, 'evaluations': 9, 'safe_feasible': 8, 'states': 0, 'selected_radius': 1.5, 'selected_trim': 0.184658, 'selected_score': 1}, {'index': 2, 'radius_min': 0, 'radius_max': 0, 'trim_min': 0, 'trim_max': 0, 'evaluations': 9, 'safe_feasible': 8, 'states': 0, 'selected_radius': 1.5, 'selected_trim': 0.164658, 'selected_score': 0.85}, {'index': 3, 'radius_min': 0, 'radius_max': 0, 'trim_min': 0, 'trim_max': 0, 'evaluations': 9, 'safe_feasible': 7, 'states': 0, 'selected_radius': 1.5, 'selected_trim': 0.0933866, 'selected_score': 1}, {'index': 4, 'radius_min': 0, 'radius_max': 0, 'trim_min': 0, 'trim_max': 0, 'evaluations': 9, 'safe_feasible': 7, 'states': 0, 'selected_radius': 1.5, 'selected_trim': 0.0933866, 'selected_score': 1}, {'index': 5, 'radius_min': 0, 'radius_max': 0, 'trim_min': 0, 'trim_max': 0, 'evaluations': 9, 'safe_feasible': 7, 'states': 0, 'selected_radius': 1.5, 'selected_trim': 0.0933866, 'selected_score': 1}, {'index': 6, 'radius_min': 0, 'radius_max': 0, 'trim_min': 0, 'trim_max': 0, 'evaluations': 9, 'safe_feasible': 7, 'states': 0, 'selected_radius': 1.5, 'selected_trim': 0.0933866, 'selected_score': 1}, {'index': 7, 'radius_min': 0, 'radius_max': 0, 'trim_min': 0, 'trim_max': 0, 'evaluations': 9, 'safe_feasible': 5, 'states': 0, 'selected_radius': 0.75, 'selected_trim': 0.121708, 'selected_score': 0.927224}, {'index': 8, 'radius_min': 0, 'radius_max': 0, 'trim_min': 0, 'trim_max': 0, 'evaluations': 9, 'safe_feasible': 9, 'states': 0, 'selected_radius': 1.25, 'selected_trim': 0.302189, 'selected_score': 0.905855}, {'index': 9, 'radius_min': 0, 'radius_max': 0, 'trim_min': 0, 'trim_max': 0, 'evaluations': 9, 'safe_feasible': 8, 'states': 0, 'selected_radius': 1.5, 'selected_trim': 0.206779, 'selected_score': 1}, {'index': 10, 'radius_min': 0, 'radius_max': 0, 'trim_min': 0, 'trim_max': 0, 'evaluations': 9, 'safe_feasible': 5, 'states': 0, 'selected_radius': 0.75, 'selected_trim': 0.0782667, 'selected_score': 0.925781}, {'index': 11, 'radius_min': 0, 'radius_max': 0, 'trim_min': 0, 'trim_max': 0, 'evaluations': 9, 'safe_feasible': 2, 'states': 0, 'selected_radius': 0.3, 'selected_trim': 0.0830952, 'selected_score': 0.9}, {'index': 12, 'radius_min': 0, 'radius_max': 0, 'trim_min': 0, 'trim_max': 0, 'evaluations': 9, 'safe_feasible': 2, 'states': 0, 'selected_radius': 0.3, 'selected_trim': 0.0830952, 'selected_score': 0.9}, {'index': 13, 'radius_min': 0, 'radius_max': 0, 'trim_min': 0, 'trim_max': 0, 'evaluations': 9, 'safe_feasible': 5, 'states': 0, 'selected_radius': 0.75, 'selected_trim': 0.0923292, 'selected_score': 0.928318}, {'index': 14, 'radius_min': 0, 'radius_max': 0, 'trim_min': 0, 'trim_max': 0, 'evaluations': 9, 'safe_feasible': 0, 'states': 0, 'selected_radius': 0, 'selected_trim': 0, 'selected_score': 0}, {'index': 15, 'radius_min': 0, 'radius_max': 0, 'trim_min': 0, 'trim_max': 0, 'evaluations': 9, 'safe_feasible': 0, 'states': 0, 'selected_radius': 0, 'selected_trim': 0, 'selected_score': 0}]",16,0,144,none,14,2,0.7853981633974485,200,0.952656,578,2,"{'angular acceleration iteration did not converge': 15, 'transition would overlap an adjacent corner window': 41}",0.00626411,fixed,0.05,1.249043388211078,88,ThetaStar,e5d1348111c868021774536b83d52d389c6f2015862241d82f8105e9bcd04f2f,274,8ab67e7c21920c0543e4548520c1dd7d810106040d15e6309b9651622bba6c75,0,1,long_southwest_to_northeast,True,5.814867482859328,3.7972432506841383,13.63195955481545,3,0.018630973000199447
0.018000000000000002,20.683070922809144,0.030201779287124732,0.004596441617264867,,0.43821794509265805,0.11464466264901119,0.2146446641391273,0,659,,,,,,,,,,,,,11.077058707917386,pivot_g2,0.05,624,4d119dc05abcb26233a2e730cb0fbb992113c6baede89b2e08d0a099d85ae27b,13.629248879904614,386,197,"[{'index': 0, 'radius_min': 0.1, 'radius_max': 1.5, 'trim_min': 0.0162278, 'trim_max': 0.243416, 'evaluations': 20, 'safe_feasible': 17, 'states': 6, 'selected_radius': 1.5, 'selected_trim': 0.243416, 'selected_score': 0.25168}, {'index': 1, 'radius_min': 0.1, 'radius_max': 1.5, 'trim_min': 0.0123106, 'trim_max': 0.184658, 'evaluations': 20, 'safe_feasible': 17, 'states': 6, 'selected_radius': 1.5, 'selected_trim': 0.184658, 'selected_score': 0.244002}, {'index': 2, 'radius_min': 0.1, 'radius_max': 1.5, 'trim_min': 0.0109772, 'trim_max': 0.164658, 'evaluations': 20, 'safe_feasible': 17, 'states': 6, 'selected_radius': 1.5, 'selected_trim': 0.164658, 'selected_score': 0.235936}, {'index': 3, 'radius_min': 0.1, 'radius_max': 1.5, 'trim_min': 0.00622577, 'trim_max': 0.0933866, 'evaluations': 11, 'safe_feasible': 9, 'states': 6, 'selected_radius': 1.5, 'selected_trim': 0.0933866, 'selected_score': 0.0864455}, {'index': 4, 'radius_min': 0.1, 'radius_max': 1.5, 'trim_min': 0.00622577, 'trim_max': 0.0933866, 'evaluations': 11, 'safe_feasible': 9, 'states': 6, 'selected_radius': 1.5, 'selected_trim': 0.0933866, 'selected_score': 0.0864455}, {'index': 5, 'radius_min': 0.1, 'radius_max': 1.5, 'trim_min': 0.00622577, 'trim_max': 0.0933866, 'evaluations': 11, 'safe_feasible': 9, 'states': 6, 'selected_radius': 1.5, 'selected_trim': 0.0933866, 'selected_score': 0.0864455}, {'index': 6, 'radius_min': 0.1, 'radius_max': 1.5, 'trim_min': 0.00622577, 'trim_max': 0.0933866, 'evaluations': 11, 'safe_feasible': 9, 'states': 6, 'selected_radius': 0.24, 'selected_trim': 0.0149419, 'selected_score': 0.289241}, {'index': 7, 'radius_min': 0.1, 'radius_max': 1.5, 'trim_min': 0.0162278, 'trim_max': 0.243416, 'evaluations': 20, 'safe_feasible': 17, 'states': 6, 'selected_radius': 1.5, 'selected_trim': 0.243416, 'selected_score': 0.169537}, {'index': 8, 'radius_min': 0.1, 'radius_max': 1.5, 'trim_min': 0.0241751, 'trim_max': 0.362626, 'evaluations': 20, 'safe_feasible': 17, 'states': 6, 'selected_radius': 1.465, 'selected_trim': 0.354165, 'selected_score': 0.328918}, {'index': 9, 'radius_min': 0.1, 'radius_max': 1.5, 'trim_min': 0.0137852, 'trim_max': 0.206779, 'evaluations': 20, 'safe_feasible': 17, 'states': 6, 'selected_radius': 1.5, 'selected_trim': 0.206779, 'selected_score': 0.152097}, {'index': 10, 'radius_min': 0.1, 'radius_max': 1.5, 'trim_min': 0.0104356, 'trim_max': 0.156533, 'evaluations': 20, 'safe_feasible': 17, 'states': 6, 'selected_radius': 1.43, 'selected_trim': 0.149229, 'selected_score': 0.236561}, {'index': 11, 'radius_min': 0.1, 'radius_max': 0.744286, 'trim_min': 0.0276984, 'trim_max': 0.206155, 'evaluations': 20, 'safe_feasible': 14, 'states': 6, 'selected_radius': 0, 'selected_trim': 0, 'selected_score': 0}, {'index': 12, 'radius_min': 0.1, 'radius_max': 0.744286, 'trim_min': 0.0276984, 'trim_max': 0.206155, 'evaluations': 20, 'safe_feasible': 14, 'states': 6, 'selected_radius': 0.228857, 'selected_trim': 0.0633898, 'selected_score': 0.70358}, {'index': 13, 'radius_min': 0.1, 'radius_max': 1.5, 'trim_min': 0.0123106, 'trim_max': 0.184658, 'evaluations': 20, 'safe_feasible': 17, 'states': 6, 'selected_radius': 0.17, 'selected_trim': 0.020928, 'selected_score': 0.593575}, {'index': 14, 'radius_min': 0.1, 'radius_max': 0.170711, 'trim_min': 0.0414214, 'trim_max': 0.0707107, 'evaluations': 6, 'safe_feasible': 2, 'states': 3, 'selected_radius': 0, 'selected_trim': 0, 'selected_score': 0}, {'index': 15, 'radius_min': 0.1, 'radius_max': 0.299537, 'trim_min': 0.0236067, 'trim_max': 0.0707107, 'evaluations': 6, 'safe_feasible': 4, 'states': 5, 'selected_radius': 0, 'selected_trim': 0, 'selected_score': 0}]",16,92,256,none,13,3,0.7853981633974485,200,0.266497,624,3,"{'angular acceleration iteration did not converge': 28, 'transition requires a reversing inner wheel': 22}",0.0157827,adaptive,0.05,1.7894628884816628,206,ThetaStar,e5d1348111c868021774536b83d52d389c6f2015862241d82f8105e9bcd04f2f,274,8ab67e7c21920c0543e4548520c1dd7d810106040d15e6309b9651622bba6c75,0,1,long_southwest_to_northeast,True,4.697086597270879,4.724821253795338,13.63328014117831,4,0.02732419399990249
0.009000000000000001,3.962711872157781,0.03730312840053469,0.008150269908341156,,0.46943770455600276,0.11464466264901119,0.2146446641391273,0,522,5.81487,2,253,True,28.5326,253,True,simple_default,simple,3.96271,253,True,2.0721477609566445,adaptive_hybrid_fixed,0.05,260,8d019bfc92952a27151b2c4c0dd27101f7a4a7b23f6042ca87aad6c7c9da69af,13.568963688326772,,,,,,,,,0,0.0,,,,,,,,,0,,ThetaStar,e5d1348111c868021774536b83d52d389c6f2015862241d82f8105e9bcd04f2f,273,8ab67e7c21920c0543e4548520c1dd7d810106040d15e6309b9651622bba6c75,0,1,long_southwest_to_northeast,True,3.962711872157781,2.0721477609566445,13.568963688326772,1,0.014019598999766458
0.015000000000000001,3.962711872157781,0.03730312840053469,0.008150269908341156,,0.46943770455600276,0.11464466264901119,0.2146446641391273,0,522,4.69709,3,253,True,28.5326,253,True,simple_default,simple,3.96271,253,True,2.0721477609566445,adaptive_hybrid,0.05,260,8d019bfc92952a27151b2c4c0dd27101f7a4a7b23f6042ca87aad6c7c9da69af,13.568963688326772,,,,,,,,,0,0.0,,,,,,,,,0,,ThetaStar,e5d1348111c868021774536b83d52d389c6f2015862241d82f8105e9bcd04f2f,273,8ab67e7c21920c0543e4548520c1dd7d810106040d15e6309b9651622bba6c75,0,1,long_southwest_to_northeast,True,3.962711872157781,2.0721477609566445,13.568963688326772,1,0.021938912000223354
0.003,45.17374105017425,4.440892098500626e-16,5.844493906965554e-17,,0.415300805296905,0.1449222268733815,0.2146446641391273,0,541,,,,,,,,,,,,,19.46989685892718,raw,0.05,257,2d5c7fb936376ed48cb5ca3a419e80520e592092277e1b2452e1e37f758f60fe,13.619261399050902,,,,,,,,,0,0.0,,,,,,,,,0,,ThetaStar,149b2348562b3e89c9475941455e2e6656ad0e54293dc39855ce2083e2f796dc,274,2d5c7fb936376ed48cb5ca3a419e80520e592092277e1b2452e1e37f758f60fe,0,1,long_northeast_to_southwest,True,45.17374105017425,19.46989685892718,13.619261399050902,1,0.009952114000043366
0.0,3.786153728282893,0.036625392834008785,0.008220050110389558,,0.3947526855556182,0.11464466264901119,0.2146446641391273,0,471,,,,,,,,,,,,,1.9236468568945004,simple,0.05,257,33e03f765d65605cb9c34f500271aeccae7ecabe33450159ac4c9371f390079f,13.52347213633812,,,,,,,,,0,0.0,,,,,,,,,0,,ThetaStar,149b2348562b3e89c9475941455e2e6656ad0e54293dc39855ce2083e2f796dc,272,2d5c7fb936376ed48cb5ca3a419e80520e592092277e1b2452e1e37f758f60fe,0,1,long_northeast_to_southwest,True,3.786153728282893,1.9236468568945004,13.52347213633812,1,0.009181532999718911
0.0,8.791280406174538,0.01486201384118413,0.0021300500026834182,,0.4013468363577757,0.11464466264901119,0.23390290478282266,0,453,,,,,,,,,,,,,4.038571942491414,savitzky_golay,0.05,257,ab3a8901f60d85c69d992e2f6420de7a89a2c592d06aec2ee441e83c6c490c9a,13.587747707282405,,,,,,,,,0,0.0,,,,,,,,,0,,ThetaStar,149b2348562b3e89c9475941455e2e6656ad0e54293dc39855ce2083e2f796dc,273,2d5c7fb936376ed48cb5ca3a419e80520e592092277e1b2452e1e37f758f60fe,0,1,long_northeast_to_southwest,True,8.791280406174538,4.038571942491414,13.587747707282405,1,0.00832434900030421
0.015000000000000001,16.11974455307522,0.031832584788143575,0.006099413337218974,,0.39562751848782013,0.11464466264901119,0.2474873771031409,0,439,,,,,,,,,,,,,7.588130639464308,constrained,0.05,257,1b1fcc79f42d081e03881676f516e58e29cd7bfbc07549d48c6ee2abcb2aa502,13.638492727685705,,,,,,,,,0,0.0,,,,,,,,,0,,ThetaStar,149b2348562b3e89c9475941455e2e6656ad0e54293dc39855ce2083e2f796dc,274,2d5c7fb936376ed48cb5ca3a419e80520e592092277e1b2452e1e37f758f60fe,0,1,long_northeast_to_southwest,True,16.11974455307522,7.588130639464308,13.638492727685705,1,0.021488654999757273
0.006,24.83337098649099,0.036721539695664905,0.004208583640096163,,0.3974519708538604,0.06464466190395313,0.2146446641391273,0,538,,,,,,,,,,,,,13.354852074589358,pivot_g2_fixed,0.05,499,087d09fb38f47712320842a8ea22f48d5cad73d33c1ce1874240ca752dfbe3c4,13.591275620032386,0,77,"[{'index': 0, 'radius_min': 0, 'radius_max': 0, 'trim_min': 0, 'trim_max': 0, 'evaluations': 9, 'safe_feasible': 0, 'states': 0, 'selected_radius': 0, 'selected_trim': 0, 'selected_score': 0}, {'index': 1, 'radius_min': 0, 'radius_max': 0, 'trim_min': 0, 'trim_max': 0, 'evaluations': 9, 'safe_feasible': 5, 'states': 0, 'selected_radius': 0.75, 'selected_trim': 0.0923292, 'selected_score': 0.928318}, {'index': 2, 'radius_min': 0, 'radius_max': 0, 'trim_min': 0, 'trim_max': 0, 'evaluations': 9, 'safe_feasible': 2, 'states': 0, 'selected_radius': 0.3, 'selected_trim': 0.0830952, 'selected_score': 0.9}, {'index': 3, 'radius_min': 0, 'radius_max': 0, 'trim_min': 0, 'trim_max': 0, 'evaluations': 9, 'safe_feasible': 4, 'states': 0, 'selected_radius': 0.5, 'selected_trim': 0.102629, 'selected_score': 0.9}, {'index': 4, 'radius_min': 0, 'radius_max': 0, 'trim_min': 0, 'trim_max': 0, 'evaluations': 9, 'safe_feasible': 7, 'states': 0, 'selected_radius': 1.5, 'selected_trim': 0.101802, 'selected_score': 0.838992}, {'index': 5, 'radius_min': 0, 'radius_max': 0, 'trim_min': 0, 'trim_max': 0, 'evaluations': 9, 'safe_feasible': 6, 'states': 0, 'selected_radius': 1, 'selected_trim': 0.123106, 'selected_score': 0.954912}, {'index': 6, 'radius_min': 0, 'radius_max': 0, 'trim_min': 0, 'trim_max': 0, 'evaluations': 9, 'safe_feasible': 7, 'states': 0, 'selected_radius': 1.25, 'selected_trim': 0.112712, 'selected_score': 0.80897}, {'index': 7, 'radius_min': 0, 'radius_max': 0, 'trim_min': 0, 'trim_max': 0, 'evaluations': 9, 'safe_feasible': 8, 'states': 0, 'selected_radius': 1.5, 'selected_trim': 0.135255, 'selected_score': 1}, {'index': 8, 'radius_min': 0, 'radius_max': 0, 'trim_min': 0, 'trim_max': 0, 'evaluations': 9, 'safe_feasible': 6, 'states': 0, 'selected_radius': 1, 'selected_trim': 0.0990195, 'selected_score': 0.944928}, {'index': 9, 'radius_min': 0, 'radius_max': 0, 'trim_min': 0, 'trim_max': 0, 'evaluations': 9, 'safe_feasible': 5, 'states': 0, 'selected_radius': 0.75, 'selected_trim': 0.100439, 'selected_score': 0.924846}, {'index': 10, 'radius_min': 0, 'radius_max': 0, 'trim_min': 0, 'trim_max': 0, 'evaluations': 9, 'safe_feasible': 0, 'states': 0, 'selected_radius': 0, 'selected_trim': 0, 'selected_score': 0}, {'index': 11, 'radius_min': 0, 'radius_max': 0, 'trim_min': 0, 'trim_max': 0, 'evaluations': 9, 'safe_feasible': 0, 'states': 0, 'selected_radius': 0, 'selected_trim': 0, 'selected_score': 0}, {'index': 12, 'radius_min': 0, 'radius_max': 0, 'trim_min': 0, 'trim_max': 0, 'evaluations': 9, 'safe_feasible': 5, 'states': 0, 'selected_radius': 0.75, 'selected_trim': 0.121708, 'selected_score': 0.927224}, {'index': 13, 'radius_min': 0, 'radius_max': 0, 'trim_min': 0, 'trim_max': 0, 'evaluations': 9, 'safe_feasible': 5, 'states': 0, 'selected_radius': 0.75, 'selected_trim': 0.0742646, 'selected_score': 0.925794}, {'index': 14, 'radius_min': 0, 'radius_max': 0, 'trim_min': 0, 'trim_max': 0, 'evaluations': 9, 'safe_feasible': 5, 'states': 0, 'selected_radius': 0.75, 'selected_trim': 0.0742646, 'selected_score': 0.775794}, {'index': 15, 'radius_min': 0, 'radius_max': 0, 'trim_min': 0, 'trim_max': 0, 'evaluations': 9, 'safe_feasible': 8, 'states': 0, 'selected_radius': 1.25, 'selected_trim': 0.34623, 'selected_score': 0.85}, {'index': 16, 'radius_min': 0, 'radius_max': 0, 'trim_min': 0, 'trim_max': 0, 'evaluations': 9, 'safe_feasible': 7, 'states': 0, 'selected_radius': 1.5, 'selected_trim': 0.115969, 'selected_score': 1}, {'index': 17, 'radius_min': 0, 'radius_max': 0, 'trim_min': 0, 'trim_max': 0, 'evaluations': 9, 'safe_feasible': 0, 'states': 0, 'selected_radius': 0, 'selected_trim': 0, 'selected_score': 0}]",18,0,162,none,14,4,0.8760574545517541,200,0.905699,499,4,"{'angular acceleration iteration did not converge': 13, 'transition would overlap an adjacent corner window': 69}",0.00555466,fixed,0.05,2.3049567267424864,80,ThetaStar,149b2348562b3e89c9475941455e2e6656ad0e54293dc39855ce2083e2f796dc,273,2d5c7fb936376ed48cb5ca3a419e80520e592092277e1b2452e1e37f758f60fe,0,1,long_northeast_to_southwest,True,5.390201502468933,3.747693709544775,13.598108151750248,5,0.014812448999691696
0.018000000000000002,45.135107465287184,0.00880034361039965,0.0014751930763472864,,0.418272960198597,0.06464466190395313,0.23390290478282266,0,380,,,,,,,,,,,,,19.457037304370996,pivot_g2,0.05,303,fc1f75aa81c75a65b0f741e2219cd21f4780e0bacec740a176f666f032c7988f,13.61911749476643,389,238,"[{'index': 0, 'radius_min': 0.1, 'radius_max': 0.341421, 'trim_min': 0.0414214, 'trim_max': 0.141421, 'evaluations': 20, 'safe_feasible': 16, 'states': 6, 'selected_radius': 0, 'selected_trim': 0, 'selected_score': 0}, {'index': 1, 'radius_min': 0.1, 'radius_max': 1.5, 'trim_min': 0.0123106, 'trim_max': 0.184658, 'evaluations': 20, 'safe_feasible': 17, 'states': 6, 'selected_radius': 0, 'selected_trim': 0, 'selected_score': 0}, {'index': 2, 'radius_min': 0.1, 'radius_max': 0.744286, 'trim_min': 0.0276984, 'trim_max': 0.206155, 'evaluations': 20, 'safe_feasible': 14, 'states': 6, 'selected_radius': 0, 'selected_trim': 0, 'selected_score': 0}, {'index': 3, 'radius_min': 0.1, 'radius_max': 1.31181, 'trim_min': 0.0205258, 'trim_max': 0.269258, 'evaluations': 20, 'safe_feasible': 18, 'states': 6, 'selected_radius': 0, 'selected_trim': 0, 'selected_score': 0}, {'index': 4, 'radius_min': 0.1, 'radius_max': 1.5, 'trim_min': 0.00678678, 'trim_max': 0.101802, 'evaluations': 11, 'safe_feasible': 9, 'states': 6, 'selected_radius': 0, 'selected_trim': 0, 'selected_score': 0}, {'index': 5, 'radius_min': 0.1, 'radius_max': 1.5, 'trim_min': 0.0123106, 'trim_max': 0.184658, 'evaluations': 20, 'safe_feasible': 17, 'states': 6, 'selected_radius': 0, 'selected_trim': 0, 'selected_score': 0}, {'index': 6, 'radius_min': 0.1, 'radius_max': 1.5, 'trim_min': 0.00901699, 'trim_max': 0.135255, 'evaluations': 20, 'safe_feasible': 17, 'states': 6, 'selected_radius': 0, 'selected_trim': 0, 'selected_score': 0}, {'index': 7, 'radius_min': 0.1, 'radius_max': 1.5, 'trim_min': 0.00901699, 'trim_max': 0.135255, 'evaluations': 20, 'safe_feasible': 17, 'states': 6, 'selected_radius': 0, 'selected_trim': 0, 'selected_score': 0}, {'index': 8, 'radius_min': 0.1, 'radius_max': 1.5, 'trim_min': 0.00990195, 'trim_max': 0.148529, 'evaluations': 20, 'safe_feasible': 17, 'states': 6, 'selected_radius': 0, 'selected_trim': 0, 'selected_score': 0}, {'index': 9, 'radius_min': 0.1, 'radius_max': 1.5, 'trim_min': 0.0133918, 'trim_max': 0.200877, 'evaluations': 20, 'safe_feasible': 17, 'states': 6, 'selected_radius': 0, 'selected_trim': 0, 'selected_score': 0}, {'index': 10, 'radius_min': 0.1, 'radius_max': 0.435739, 'trim_min': 0.0162278, 'trim_max': 0.0707107, 'evaluations': 11, 'safe_feasible': 7, 'states': 6, 'selected_radius': 0, 'selected_trim': 0, 'selected_score': 0}, {'index': 11, 'radius_min': 0.1, 'radius_max': 0.435739, 'trim_min': 0.0162278, 'trim_max': 0.0707107, 'evaluations': 11, 'safe_feasible': 7, 'states': 6, 'selected_radius': 0, 'selected_trim': 0, 'selected_score': 0}, {'index': 12, 'radius_min': 0.1, 'radius_max': 1.5, 'trim_min': 0.0162278, 'trim_max': 0.243416, 'evaluations': 20, 'safe_feasible': 17, 'states': 6, 'selected_radius': 0, 'selected_trim': 0, 'selected_score': 0}, {'index': 13, 'radius_min': 0.1, 'radius_max': 1.5, 'trim_min': 0.00990195, 'trim_max': 0.148529, 'evaluations': 20, 'safe_feasible': 17, 'states': 6, 'selected_radius': 0, 'selected_trim': 0, 'selected_score': 0}, {'index': 14, 'radius_min': 0.1, 'radius_max': 1.5, 'trim_min': 0.00990195, 'trim_max': 0.148529, 'evaluations': 20, 'safe_feasible': 17, 'states': 6, 'selected_radius': 0, 'selected_trim': 0, 'selected_score': 0}, {'index': 15, 'radius_min': 0.1, 'radius_max': 1.5, 'trim_min': 0.0276984, 'trim_max': 0.415476, 'evaluations': 20, 'safe_feasible': 18, 'states': 6, 'selected_radius': 0, 'selected_trim': 0, 'selected_score': 0}, {'index': 16, 'radius_min': 0.1, 'radius_max': 1.5, 'trim_min': 0.00773129, 'trim_max': 0.115969, 'evaluations': 20, 'safe_feasible': 17, 'states': 6, 'selected_radius': 0, 'selected_trim': 0, 'selected_score': 0}, {'index': 17, 'radius_min': 0, 'radius_max': 0, 'trim_min': 0, 'trim_max': 0, 'evaluations': 0, 'safe_feasible': 0, 'states': 1, 'selected_radius': 0, 'selected_trim': 0, 'selected_score': 0}]",18,103,313,all_pivot,0,18,0.8760574545517541,200,0,303,18,"{'angular acceleration iteration did not converge': 29, 'transition requires a reversing inner wheel': 25}",0.0182313,adaptive,0.05,6.110387612416254,259,ThetaStar,149b2348562b3e89c9475941455e2e6656ad0e54293dc39855ce2083e2f796dc,274,2d5c7fb936376ed48cb5ca3a419e80520e592092277e1b2452e1e37f758f60fe,0,1,long_northeast_to_southwest,True,8.114747933825472e-26,3.8597597340483943e-13,13.628272912839115,19,0.024671904999649996
0.006,3.786153728282893,0.036625392834008785,0.008220050110389558,,0.3947526855556182,0.11464466264901119,0.2146446641391273,0,471,5.3902,4,253,True,45.1737,253,True,simple_default,simple,3.78615,253,True,1.9236468568945004,adaptive_hybrid_fixed,0.05,257,33e03f765d65605cb9c34f500271aeccae7ecabe33450159ac4c9371f390079f,13.52347213633812,,,,,,,,,0,0.0,,,,,,,,,0,,ThetaStar,149b2348562b3e89c9475941455e2e6656ad0e54293dc39855ce2083e2f796dc,272,2d5c7fb936376ed48cb5ca3a419e80520e592092277e1b2452e1e37f758f60fe,0,1,long_northeast_to_southwest,True,3.786153728282893,1.9236468568945004,13.52347213633812,1,0.013494373999947129
0.018000000000000002,3.786153728282893,0.036625392834008785,0.008220050110389558,,0.3947526855556182,0.11464466264901119,0.2146446641391273,0,471,8.33819e-26,18,253,True,45.1737,253,True,simple_default,simple,3.78615,253,True,1.9236468568945004,adaptive_hybrid,0.05,257,33e03f765d65605cb9c34f500271aeccae7ecabe33450159ac4c9371f390079f,13.52347213633812,,,,,,,,,0,0.0,,,,,,,,,0,,ThetaStar,149b2348562b3e89c9475941455e2e6656ad0e54293dc39855ce2083e2f796dc,272,2d5c7fb936376ed48cb5ca3a419e80520e592092277e1b2452e1e37f758f60fe,0,1,long_northeast_to_southwest,True,3.786153728282893,1.9236468568945004,13.52347213633812,1,0.02371554000001197
0.003,6.395537274030103,4.440892098500626e-16,9.657509968541698e-17,,0.8005139033656922,0.12275854577833645,0.2146446641391273,0,432,,,,,,,,,,,,,4.840253019711573,raw,0.05,214,42499c2533bc06be6f4a51e09621c78128864bce6b4115830b4169ed0fe804d2,12.113725663011616,,,,,,,,,0,0.0,,,,,,,,,0,,ThetaStar,b44b951f1f0f1074e0aaa7cc3f66a29c15d57fed8b98fe1f14aefdc8d6bd7c20,244,42499c2533bc06be6f4a51e09621c78128864bce6b4115830b4169ed0fe804d2,0,1,crossing_northwest_to_southeast,True,6.395537274030103,4.840253019711573,12.113725663011616,1,0.006135976000223309
0.0,0.515671448531363,0.015010734665652496,0.0038623204944006895,,0.7540237285462179,0.2146446641391273,0.2146446641391273,0,433,,,,,,,,,,,,,0.6708777790248245,simple,0.05,214,353cd598fd787e6892f4750a70a9b99b9dfbe2b875c738f331ae6c28223ed4f6,12.096669192022595,,,,,,,,,0,0.0,,,,,,,,,0,,ThetaStar,b44b951f1f0f1074e0aaa7cc3f66a29c15d57fed8b98fe1f14aefdc8d6bd7c20,243,42499c2533bc06be6f4a51e09621c78128864bce6b4115830b4169ed0fe804d2,0,1,crossing_northwest_to_southeast,True,0.515671448531363,0.6708777790248245,12.096669192022595,1,0.008635872000013478
0.0,1.6343483908985632,0.0062239539859025896,0.0012862596986597593,,0.7770494868972996,0.2146446641391273,0.2153873105021395,0,384,,,,,,,,,,,,,1.3737662246708784,savitzky_golay,0.05,214,b08dc6193edfeb5113e5020d228cc210a52a9775cd951f3aeb29cd747a0ee2d8,12.10699062415619,,,,,,,,,0,0.0,,,,,,,,,0,,ThetaStar,b44b951f1f0f1074e0aaa7cc3f66a29c15d57fed8b98fe1f14aefdc8d6bd7c20,244,42499c2533bc06be6f4a51e09621c78128864bce6b4115830b4169ed0fe804d2,0,1,crossing_northwest_to_southeast,True,1.6343483908985632,1.3737662246708784,12.10699062415619,1,0.007720521999999619
0.015000000000000001,4.217861571591243,0.025145316268992034,0.005549369662558405,,0.7827543689025261,0.23390290478282266,0.2474873771031409,0,368,,,,,,,,,,,,,2.9798426564085583,constrained,0.05,214,28902ee175ddb94cdf8076302e6ecd27dfc7f178db8bf2c296a8c098b97958e0,12.128109948933181,,,,,,,,,0,0.0,,,,,,,,,0,,ThetaStar,b44b951f1f0f1074e0aaa7cc3f66a29c15d57fed8b98fe1f14aefdc8d6bd7c20,244,42499c2533bc06be6f4a51e09621c78128864bce6b4115830b4169ed0fe804d2,0,1,crossing_northwest_to_southeast,True,4.217861571591243,2.9798426564085583,12.128109948933181,1,0.019492721000005986
0.006,3.358491592589241,0.055574420693983106,0.017552954935644342,,0.7350179900073063,0.2146446641391273,0.2146446641391273,0,489,,,,,,,,,,,,,3.483165645995411,pivot_g2_fixed,0.05,480,33b02f6acd977f6a18d8e108359573b45611497ffc557dc704aaada79147a339,12.106237382525856,0,75,"[{'index': 0, 'radius_min': 0, 'radius_max': 0, 'trim_min': 0, 'trim_max': 0, 'evaluations': 9, 'safe_feasible': 4, 'states': 0, 'selected_radius': 0.6, 'selected_trim': 0.0594117, 'selected_score': 0.90985}, {'index': 1, 'radius_min': 0, 'radius_max': 0, 'trim_min': 0, 'trim_max': 0, 'evaluations': 9, 'safe_feasible': 4, 'states': 0, 'selected_radius': 0.6, 'selected_trim': 0.0594117, 'selected_score': 0.90985}, {'index': 2, 'radius_min': 0, 'radius_max': 0, 'trim_min': 0, 'trim_max': 0, 'evaluations': 9, 'safe_feasible': 8, 'states': 0, 'selected_radius': 1.5, 'selected_trim': 0.148529, 'selected_score': 1}, {'index': 3, 'radius_min': 0, 'radius_max': 0, 'trim_min': 0, 'trim_max': 0, 'evaluations': 9, 'safe_feasible': 5, 'states': 0, 'selected_radius': 0.75, 'selected_trim': 0.0742646, 'selected_score': 0.925794}, {'index': 4, 'radius_min': 0, 'radius_max': 0, 'trim_min': 0, 'trim_max': 0, 'evaluations': 9, 'safe_feasible': 5, 'states': 0, 'selected_radius': 0.75, 'selected_trim': 0.0742646, 'selected_score': 0.925794}, {'index': 5, 'radius_min': 0, 'radius_max': 0, 'trim_min': 0, 'trim_max': 0, 'evaluations': 9, 'safe_feasible': 5, 'states': 0, 'selected_radius': 0.75, 'selected_trim': 0.0742646, 'selected_score': 0.925794}, {'index': 6, 'radius_min': 0, 'radius_max': 0, 'trim_min': 0, 'trim_max': 0, 'evaluations': 9, 'safe_feasible': 5, 'states': 0, 'selected_radius': 0.75, 'selected_trim': 0.0742646, 'selected_score': 0.775794}, {'index': 7, 'radius_min': 0, 'radius_max': 0, 'trim_min': 0, 'trim_max': 0, 'evaluations': 9, 'safe_feasible': 7, 'states': 0, 'selected_radius': 1.5, 'selected_trim': 0.106602, 'selected_score': 0.995985}, {'index': 8, 'radius_min': 0, 'radius_max': 0, 'trim_min': 0, 'trim_max': 0, 'evaluations': 9, 'safe_feasible': 6, 'states': 0, 'selected_radius': 1, 'selected_trim': 0.0901699, 'selected_score': 0.946175}, {'index': 9, 'radius_min': 0, 'radius_max': 0, 'trim_min': 0, 'trim_max': 0, 'evaluations': 9, 'safe_feasible': 7, 'states': 0, 'selected_radius': 1.5, 'selected_trim': 0.0712673, 'selected_score': 1}, {'index': 10, 'radius_min': 0, 'radius_max': 0, 'trim_min': 0, 'trim_max': 0, 'evaluations': 9, 'safe_feasible': 8, 'states': 0, 'selected_radius': 1.5, 'selected_trim': 0.195395, 'selected_score': 0.85}, {'index': 11, 'radius_min': 0, 'radius_max': 0, 'trim_min': 0, 'trim_max': 0, 'evaluations': 9, 'safe_feasible': 7, 'states': 0, 'selected_radius': 1.5, 'selected_trim': 0.076669, 'selected_score': 1}, {'index': 12, 'radius_min': 0, 'radius_max': 0, 'trim_min': 0, 'trim_max': 0, 'evaluations': 9, 'safe_feasible': 8, 'states': 0, 'selected_radius': 1.5, 'selected_trim': 0.148529, 'selected_score': 1}, {'index': 13, 'radius_min': 0, 'radius_max': 0, 'trim_min': 0, 'trim_max': 0, 'evaluations': 9, 'safe_feasible': 1, 'states': 0, 'selected_radius': 0.2, 'selected_trim': 0.0324556, 'selected_score': 1}]",14,0,126,none,14,0,0.0,200,0.94036,480,0,"{'angular acceleration iteration did not converge': 16, 'transition would overlap an adjacent corner window': 30}",0.0066185,fixed,0.05,0,80,ThetaStar,b44b951f1f0f1074e0aaa7cc3f66a29c15d57fed8b98fe1f14aefdc8d6bd7c20,244,42499c2533bc06be6f4a51e09621c78128864bce6b4115830b4169ed0fe804d2,0,1,crossing_northwest_to_southeast,True,3.358491592589241,3.483165645995411,12.106237382525856,1,0.015217797999866889
0.015000000000000001,3.415479349388144,0.05561060815166803,0.017553200121620302,,0.7350238153449413,0.2146446641391273,0.2146446641391273,0,490,,,,,,,,,,,,,2.295495473210751,pivot_g2,0.05,481,865ab04372235574e2cea889d2bffaab299bbd24f257c5a46b5332129bc1d260,12.106211350026635,362,187,"[{'index': 0, 'radius_min': 0.1, 'radius_max': 1.42822, 'trim_min': 0.00990195, 'trim_max': 0.141421, 'evaluations': 20, 'safe_feasible': 18, 'states': 6, 'selected_radius': 0.432054, 'selected_trim': 0.0427818, 'selected_score': 0.295565}, {'index': 1, 'radius_min': 0.1, 'radius_max': 1.42822, 'trim_min': 0.00990195, 'trim_max': 0.141421, 'evaluations': 20, 'safe_feasible': 18, 'states': 6, 'selected_radius': 0.432054, 'selected_trim': 0.0427818, 'selected_score': 0.295565}, {'index': 2, 'radius_min': 0.1, 'radius_max': 1.5, 'trim_min': 0.00990195, 'trim_max': 0.148529, 'evaluations': 20, 'safe_feasible': 17, 'states': 6, 'selected_radius': 1.5, 'selected_trim': 0.148529, 'selected_score': 0.121409}, {'index': 3, 'radius_min': 0.1, 'radius_max': 1.5, 'trim_min': 0.00990195, 'trim_max': 0.148529, 'evaluations': 20, 'safe_feasible': 17, 'states': 6, 'selected_radius': 0.52, 'selected_trim': 0.0514901, 'selected_score': 0.263505}, {'index': 4, 'radius_min': 0.1, 'radius_max': 1.5, 'trim_min': 0.00990195, 'trim_max': 0.148529, 'evaluations': 20, 'safe_feasible': 17, 'states': 6, 'selected_radius': 0.52, 'selected_trim': 0.0514901, 'selected_score': 0.263505}, {'index': 5, 'radius_min': 0.1, 'radius_max': 1.5, 'trim_min': 0.00990195, 'trim_max': 0.148529, 'evaluations': 20, 'safe_feasible': 17, 'states': 6, 'selected_radius': 0.52, 'selected_trim': 0.0514901, 'selected_score': 0.263505}, {'index': 6, 'radius_min': 0.1, 'radius_max': 1.5, 'trim_min': 0.00990195, 'trim_max': 0.148529, 'evaluations': 20, 'safe_feasible': 17, 'states': 6, 'selected_radius': 0.52, 'selected_trim': 0.0514901, 'selected_score': 0.302195}, {'index': 7, 'radius_min': 0.1, 'radius_max': 1.5, 'trim_min': 0.00710678, 'trim_max': 0.106602, 'evaluations': 11, 'safe_feasible': 9, 'states': 6, 'selected_radius': 1.08, 'selected_trim': 0.0767532, 'selected_score': 0.227738}, {'index': 8, 'radius_min': 0.1, 'radius_max': 1.5, 'trim_min': 0.00901699, 'trim_max': 0.135255, 'evaluations': 20, 'safe_feasible': 17, 'states': 6, 'selected_radius': 1.36, 'selected_trim': 0.122631, 'selected_score': 0.243807}, {'index': 9, 'radius_min': 0.1, 'radius_max': 1.5, 'trim_min': 0.00475116, 'trim_max': 0.0712673, 'evaluations': 11, 'safe_feasible': 9, 'states': 6, 'selected_radius': 1.5, 'selected_trim': 0.0712673, 'selected_score': 0.0691419}, {'index': 10, 'radius_min': 0.1, 'radius_max': 1.5, 'trim_min': 0.0130263, 'trim_max': 0.195395, 'evaluations': 20, 'safe_feasible': 17, 'states': 6, 'selected_radius': 1.5, 'selected_trim': 0.195395, 'selected_score': 0.266697}, {'index': 11, 'radius_min': 0.1, 'radius_max': 1.5, 'trim_min': 0.00511127, 'trim_max': 0.076669, 'evaluations': 11, 'safe_feasible': 9, 'states': 6, 'selected_radius': 1.5, 'selected_trim': 0.076669, 'selected_score': 0.073444}, {'index': 12, 'radius_min': 0.1, 'radius_max': 1.5, 'trim_min': 0.00990195, 'trim_max': 0.148529, 'evaluations': 20, 'safe_feasible': 17, 'states': 6, 'selected_radius': 1.5, 'selected_trim': 0.148529, 'selected_score': 0.121409}, {'index': 13, 'radius_min': 0.1, 'radius_max': 0.487169, 'trim_min': 0.0162278, 'trim_max': 0.0790568, 'evaluations': 11, 'safe_feasible': 6, 'states': 6, 'selected_radius': 0.487169, 'selected_trim': 0.0790568, 'selected_score': 0.372794}]",14,84,244,none,14,0,0.0,200,0.227163,481,0,"{'angular acceleration iteration did not converge': 24, 'transition requires a reversing inner wheel': 15}",0.0132747,adaptive,0.05,0,205,ThetaStar,b44b951f1f0f1074e0aaa7cc3f66a29c15d57fed8b98fe1f14aefdc8d6bd7c20,244,42499c2533bc06be6f4a51e09621c78128864bce6b4115830b4169ed0fe804d2,0,1,crossing_northwest_to_southeast,True,3.415479349388144,2.295495473210751,12.106211350026635,1,0.03965687499976411
0.009000000000000001,0.515671448531363,0.015010734665652496,0.0038623204944006895,,0.7540237285462179,0.2146446641391273,0.2146446641391273,0,433,3.35849,0,202,True,6.39554,253,True,simple_default,simple,0.515671,202,True,0.6708777790248245,adaptive_hybrid_fixed,0.05,214,353cd598fd787e6892f4750a70a9b99b9dfbe2b875c738f331ae6c28223ed4f6,12.096669192022595,,,,,,,,,0,0.0,,,,,,,,,0,,ThetaStar,b44b951f1f0f1074e0aaa7cc3f66a29c15d57fed8b98fe1f14aefdc8d6bd7c20,243,42499c2533bc06be6f4a51e09621c78128864bce6b4115830b4169ed0fe804d2,0,1,crossing_northwest_to_southeast,True,0.515671448531363,0.6708777790248245,12.096669192022595,1,0.012154515000020183
0.012,0.515671448531363,0.015010734665652496,0.0038623204944006895,,0.7540237285462179,0.2146446641391273,0.2146446641391273,0,433,3.41548,0,202,True,6.39554,253,True,simple_default,simple,0.515671,202,True,0.6708777790248245,adaptive_hybrid,0.05,214,353cd598fd787e6892f4750a70a9b99b9dfbe2b875c738f331ae6c28223ed4f6,12.096669192022595,,,,,,,,,0,0.0,,,,,,,,,0,,ThetaStar,b44b951f1f0f1074e0aaa7cc3f66a29c15d57fed8b98fe1f14aefdc8d6bd7c20,243,42499c2533bc06be6f4a51e09621c78128864bce6b4115830b4169ed0fe804d2,0,1,crossing_northwest_to_southeast,True,0.515671448531363,0.6708777790248245,12.096669192022595,1,0.01889582600006179
0.0,12.123095354138863,2.220446049250313e-16,2.842226990475082e-17,,0.6598676484060172,0.1449222268733815,0.2146446641391273,0,266,,,,,,,,,,,,,10.645834363835602,raw,0.05,127,4302d1c52274e396b5fa3f08f611fb742bb63b7b5f5a7857d4927a94b14ff3e5,6.873134571362492,,,,,,,,,0,0.0,,,,,,,,,0,,ThetaStar,5589fb3e223a928f4fb9989c8e0410f5ce39bfe2cfe513957fa0c32ff5f7c8f6,139,4302d1c52274e396b5fa3f08f611fb742bb63b7b5f5a7857d4927a94b14ff3e5,0,1,central_south_to_north,True,12.123095354138863,10.645834363835602,6.873134571362492,1,0.004741984000247612
0.0,0.7609955221891584,0.030800461798113438,0.006058475612367542,,0.6526316684565269,0.2146446641391273,0.23390290478282266,0,254,,,,,,,,,,,,,1.448581680804423,simple,0.05,127,fca379d72bcbf5a883e7a25dd0925bd1f210979339673b4e7ef1e020fcbf14c9,6.84801482095011,,,,,,,,,0,0.0,,,,,,,,,0,,ThetaStar,5589fb3e223a928f4fb9989c8e0410f5ce39bfe2cfe513957fa0c32ff5f7c8f6,138,4302d1c52274e396b5fa3f08f611fb742bb63b7b5f5a7857d4927a94b14ff3e5,0,1,central_south_to_north,True,0.7609955221891584,1.448581680804423,6.84801482095011,1,0.006357297000249673
0.0,2.137711148992248,0.010359212325773725,0.0017699162973123493,,0.6587750923536797,0.2474873771031409,0.2474873771031409,0,215,,,,,,,,,,,,,2.8432617146292185,savitzky_golay,0.05,127,c7e4112cd469afb37447b1b45ec3721d2452f90dc4bbfa2328160b17809b332d,6.86352796910122,,,,,,,,,0,0.0,,,,,,,,,0,,ThetaStar,5589fb3e223a928f4fb9989c8e0410f5ce39bfe2cfe513957fa0c32ff5f7c8f6,139,4302d1c52274e396b5fa3f08f611fb742bb63b7b5f5a7857d4927a94b14ff3e5,0,1,central_south_to_north,True,2.137711148992248,2.8432617146292185,6.86352796910122,1,0.007042219999675581
0.009000000000000001,3.4341845572417458,0.011264798237928074,0.0034823273611861833,,0.6414588445293898,0.2474873771031409,0.25619225950049973,0,221,,,,,,,,,,,,,2.9144845046424406,constrained,0.05,127,1009a245c3cbc398f407c2a3bb44ddab8a81761c0b4e29171e9a031f3399db6c,6.87287274273103,,,,,,,,,0,0.0,,,,,,,,,0,,ThetaStar,5589fb3e223a928f4fb9989c8e0410f5ce39bfe2cfe513957fa0c32ff5f7c8f6,139,4302d1c52274e396b5fa3f08f611fb742bb63b7b5f5a7857d4927a94b14ff3e5,0,1,central_south_to_north,True,3.4341845572417458,2.9144845046424406,6.87287274273103,1,0.012049250000018219
0.003,5.124547126034427,0.055470036176811434,0.018392214538324264,,0.554340672231259,0.2146446641391273,0.2146446641391273,0,275,,,,,,,,,,,,,6.34057346491764,pivot_g2_fixed,0.05,269,448dd654580a0aae2754783deb54bfded081664eb9eb486fca6afafb2ba2daed,6.844785304547183,0,20,"[{'index': 0, 'radius_min': 0, 'radius_max': 0, 'trim_min': 0, 'trim_max': 0, 'evaluations': 9, 'safe_feasible': 0, 'states': 0, 'selected_radius': 0, 'selected_trim': 0, 'selected_score': 0}, {'index': 1, 'radius_min': 0, 'radius_max': 0, 'trim_min': 0, 'trim_max': 0, 'evaluations': 9, 'safe_feasible': 0, 'states': 0, 'selected_radius': 0, 'selected_trim': 0, 'selected_score': 0}, {'index': 2, 'radius_min': 0, 'radius_max': 0, 'trim_min': 0, 'trim_max': 0, 'evaluations': 9, 'safe_feasible': 5, 'states': 0, 'selected_radius': 0.75, 'selected_trim': 0.121708, 'selected_score': 0.927224}, {'index': 3, 'radius_min': 0, 'radius_max': 0, 'trim_min': 0, 'trim_max': 0, 'evaluations': 9, 'safe_feasible': 9, 'states': 0, 'selected_radius': 1.5, 'selected_trim': 0.457591, 'selected_score': 0.85}, {'index': 4, 'radius_min': 0, 'radius_max': 0, 'trim_min': 0, 'trim_max': 0, 'evaluations': 9, 'safe_feasible': 8, 'states': 0, 'selected_radius': 1.5, 'selected_trim': 0.145361, 'selected_score': 1}, {'index': 5, 'radius_min': 0, 'radius_max': 0, 'trim_min': 0, 'trim_max': 0, 'evaluations': 9, 'safe_feasible': 1, 'states': 0, 'selected_radius': 0.2, 'selected_trim': 0.0324555, 'selected_score': 1}]",6,0,54,none,4,2,0.321750554396642,200,0.944306,269,2,"{'angular acceleration iteration did not converge': 2, 'transition would overlap an adjacent corner window': 29}",0.00269985,fixed,0.05,0.643501108793284,23,ThetaStar,5589fb3e223a928f4fb9989c8e0410f5ce39bfe2cfe513957fa0c32ff5f7c8f6,138,4302d1c52274e396b5fa3f08f611fb742bb63b7b5f5a7857d4927a94b14ff3e5,0,1,central_south_to_north,True,2.0395876962979687,3.9749559219866173,6.845434631552652,3,0.007736437999938062
0.009000000000000001,4.451781145671038,0.05503457104201827,0.018478845659368755,,0.5876393570900013,0.2146446641391273,0.2146446641391273,0,302,,,,,,,,,,,,,6.340573464917724,pivot_g2,0.05,296,0d6f26c2624c23fbd14d5e316a52c12efbe9d39820b101289419bef8d00eb42d,6.842280110454102,135,69,"[{'index': 0, 'radius_min': 0.1, 'radius_max': 0.435739, 'trim_min': 0.0162278, 'trim_max': 0.0707107, 'evaluations': 11, 'safe_feasible': 7, 'states': 6, 'selected_radius': 0, 'selected_trim': 0, 'selected_score': 0}, {'index': 1, 'radius_min': 0.1, 'radius_max': 0.435739, 'trim_min': 0.0162278, 'trim_max': 0.0707107, 'evaluations': 11, 'safe_feasible': 7, 'states': 6, 'selected_radius': 0, 'selected_trim': 0, 'selected_score': 0}, {'index': 2, 'radius_min': 0.1, 'radius_max': 1.5, 'trim_min': 0.0162278, 'trim_max': 0.243416, 'evaluations': 20, 'safe_feasible': 17, 'states': 6, 'selected_radius': 1.5, 'selected_trim': 0.243416, 'selected_score': 0.169537}, {'index': 3, 'radius_min': 0.1, 'radius_max': 1.5, 'trim_min': 0.0305061, 'trim_max': 0.457591, 'evaluations': 20, 'safe_feasible': 18, 'states': 6, 'selected_radius': 1.5, 'selected_trim': 0.457591, 'selected_score': 0.380413}, {'index': 4, 'radius_min': 0.1, 'radius_max': 1.5, 'trim_min': 0.00969074, 'trim_max': 0.145361, 'evaluations': 20, 'safe_feasible': 17, 'states': 6, 'selected_radius': 1.5, 'selected_trim': 0.145361, 'selected_score': 0.119635}, {'index': 5, 'radius_min': 0.1, 'radius_max': 0.487171, 'trim_min': 0.0162277, 'trim_max': 0.0790568, 'evaluations': 11, 'safe_feasible': 6, 'states': 6, 'selected_radius': 0.487171, 'selected_trim': 0.0790568, 'selected_score': 0.411483}]",6,36,93,none,4,2,0.321750554396642,200,0.270267,296,2,"{'angular acceleration iteration did not converge': 11, 'transition requires a reversing inner wheel': 10}",0.00776013,adaptive,0.05,0.6435011087932831,72,ThetaStar,5589fb3e223a928f4fb9989c8e0410f5ce39bfe2cfe513957fa0c32ff5f7c8f6,138,4302d1c52274e396b5fa3f08f611fb742bb63b7b5f5a7857d4927a94b14ff3e5,0,1,central_south_to_north,True,1.3647600385376402,2.2840175561723255,6.842929584142862,3,0.0135685810000723
0.003,0.7609955221891584,0.030800461798113438,0.006058475612367542,,0.6526316684565269,0.2146446641391273,0.23390290478282266,0,254,2.03959,2,214,True,12.1231,253,True,simple_default,simple,0.760996,177,True,1.448581680804423,adaptive_hybrid_fixed,0.05,127,fca379d72bcbf5a883e7a25dd0925bd1f210979339673b4e7ef1e020fcbf14c9,6.84801482095011,,,,,,,,,0,0.0,,,,,,,,,0,,ThetaStar,5589fb3e223a928f4fb9989c8e0410f5ce39bfe2cfe513957fa0c32ff5f7c8f6,138,4302d1c52274e396b5fa3f08f611fb742bb63b7b5f5a7857d4927a94b14ff3e5,0,1,central_south_to_north,True,0.7609955221891584,1.448581680804423,6.84801482095011,1,0.006622970000080386
0.009000000000000001,0.7609955221891584,0.030800461798113438,0.006058475612367542,,0.6526316684565269,0.2146446641391273,0.23390290478282266,0,254,1.36476,2,214,True,12.1231,253,True,simple_default,simple,0.760996,177,True,1.448581680804423,adaptive_hybrid,0.05,127,fca379d72bcbf5a883e7a25dd0925bd1f210979339673b4e7ef1e020fcbf14c9,6.84801482095011,,,,,,,,,0,0.0,,,,,,,,,0,,ThetaStar,5589fb3e223a928f4fb9989c8e0410f5ce39bfe2cfe513957fa0c32ff5f7c8f6,138,4302d1c52274e396b5fa3f08f611fb742bb63b7b5f5a7857d4927a94b14ff3e5,0,1,central_south_to_north,True,0.7609955221891584,1.448581680804423,6.84801482095011,1,0.012603675999798725
0.003,16.62820568265105,2.220446049250313e-16,4.7566883115954424e-17,,0.4249634082314902,0.12275854577833645,0.18366155606981613,0,273,,,,,,,,,,,,,8.26565566327993,raw,0.05,127,9ce86fb6c3037e614c120121b2c0c74c273267f21056cdcfff07b9d164c9e5e7,6.612528849532631,,,,,,,,,0,0.0,,,,,,,,,0,,ThetaStar,5947e6176039f34fe93c4e279c1b28d548cf2c869d971f5bf1e3390372e035d4,134,9ce86fb6c3037e614c120121b2c0c74c273267f21056cdcfff07b9d164c9e5e7,0,1,right_south_to_north,True,16.62820568265105,8.26565566327993,6.612528849532631,1,0.0058520309999039455
0.0,1.6309682304216437,0.03178326842305829,0.008068911119395701,,0.42974529865127686,0.2146446641391273,0.2146446641391273,0,273,,,,,,,,,,,,,1.9625011100142362,simple,0.05,127,ae309ec934ba05a76fa06914e56bcc4f30d8d331459a2d4b5c5a01597e1de6b9,6.569250518458765,,,,,,,,,0,0.0,,,,,,,,,0,,ThetaStar,5947e6176039f34fe93c4e279c1b28d548cf2c869d971f5bf1e3390372e035d4,133,9ce86fb6c3037e614c120121b2c0c74c273267f21056cdcfff07b9d164c9e5e7,0,1,right_south_to_north,True,1.6309682304216437,1.9625011100142362,6.569250518458765,1,0.006859383999653801
0.0,4.161736159757461,0.011174071971034549,0.0021704752633320795,,0.4266794714209471,0.2146446641391273,0.23390290478282266,0,240,,,,,,,,,,,,,3.1943424772381164,savitzky_golay,0.05,127,22c6d1639dc4bb0f15cf87a75f508cf6fa06ff2ce68b676227af2a7e8ea2ad11,6.599625914720364,,,,,,,,,0,0.0,,,,,,,,,0,,ThetaStar,5947e6176039f34fe93c4e279c1b28d548cf2c869d971f5bf1e3390372e035d4,134,9ce86fb6c3037e614c120121b2c0c74c273267f21056cdcfff07b9d164c9e5e7,0,1,right_south_to_north,True,4.161736159757461,3.1943424772381164,6.599625914720364,1,0.006683285999770305
0.009000000000000001,8.259012502685719,0.013312288093193738,0.003568535177059245,,0.44414762555313664,0.2146446641391273,0.23390290478282266,0,231,,,,,,,,,,,,,4.656783958273859,constrained,0.05,127,789963443f88175aecbbd796a8d9d01848c4a73a70e45ee155484c3bbd796f83,6.618468195296113,,,,,,,,,0,0.0,,,,,,,,,0,,ThetaStar,5947e6176039f34fe93c4e279c1b28d548cf2c869d971f5bf1e3390372e035d4,134,9ce86fb6c3037e614c120121b2c0c74c273267f21056cdcfff07b9d164c9e5e7,0,1,right_south_to_north,True,8.259012502685719,4.656783958273859,6.618468195296113,1,0.01285643999972308
0.003,7.192293058944751,0.015110554996269935,0.00288081584652518,,0.3653287608772093,0.2146446641391273,0.21959563989254183,0,335,,,,,,,,,,,,,5.867177858042162,pivot_g2_fixed,0.05,324,256dc6dcb9ce3fd649c69aeb41906862a2045091d7bd6b369175bb845b469cdd,6.599012041836206,0,40,"[{'index': 0, 'radius_min': 0, 'radius_max': 0, 'trim_min': 0, 'trim_max': 0, 'evaluations': 9, 'safe_feasible': 5, 'states': 0, 'selected_radius': 0.75, 'selected_trim': 0.121708, 'selected_score': 0.927224}, {'index': 1, 'radius_min': 0, 'radius_max': 0, 'trim_min': 0, 'trim_max': 0, 'evaluations': 9, 'safe_feasible': 2, 'states': 0, 'selected_radius': 0.3, 'selected_trim': 0.0486833, 'selected_score': 1}, {'index': 2, 'radius_min': 0, 'radius_max': 0, 'trim_min': 0, 'trim_max': 0, 'evaluations': 9, 'safe_feasible': 2, 'states': 0, 'selected_radius': 0.3, 'selected_trim': 0.0708204, 'selected_score': 1}, {'index': 3, 'radius_min': 0, 'radius_max': 0, 'trim_min': 0, 'trim_max': 0, 'evaluations': 9, 'safe_feasible': 7, 'states': 0, 'selected_radius': 1.25, 'selected_trim': 0.202847, 'selected_score': 0.85}, {'index': 4, 'radius_min': 0, 'radius_max': 0, 'trim_min': 0, 'trim_max': 0, 'evaluations': 9, 'safe_feasible': 8, 'states': 0, 'selected_radius': 1.5, 'selected_trim': 0.243416, 'selected_score': 0.85}, {'index': 5, 'radius_min': 0, 'radius_max': 0, 'trim_min': 0, 'trim_max': 0, 'evaluations': 9, 'safe_feasible': 7, 'states': 0, 'selected_radius': 1.25, 'selected_trim': 0.0888348, 'selected_score': 0.960618}, {'index': 6, 'radius_min': 0, 'radius_max': 0, 'trim_min': 0, 'trim_max': 0, 'evaluations': 9, 'safe_feasible': 8, 'states': 0, 'selected_radius': 1.5, 'selected_trim': 0.184658, 'selected_score': 1}, {'index': 7, 'radius_min': 0, 'radius_max': 0, 'trim_min': 0, 'trim_max': 0, 'evaluations': 9, 'safe_feasible': 2, 'states': 0, 'selected_radius': 0.3, 'selected_trim': 0.0369317, 'selected_score': 1}, {'index': 8, 'radius_min': 0, 'radius_max': 0, 'trim_min': 0, 'trim_max': 0, 'evaluations': 9, 'safe_feasible': 2, 'states': 0, 'selected_radius': 0.3, 'selected_trim': 0.0297059, 'selected_score': 1}, {'index': 9, 'radius_min': 0, 'radius_max': 0, 'trim_min': 0, 'trim_max': 0, 'evaluations': 9, 'safe_feasible': 0, 'states': 0, 'selected_radius': 0, 'selected_trim': 0, 'selected_score': 0}]",10,0,90,none,9,1,0.5191448983095563,200,0.954205,324,1,"{'angular acceleration iteration did not converge': 8, 'transition would overlap an adjacent corner window': 39}",0.00376579,fixed,0.05,0.5191448983095563,43,ThetaStar,5947e6176039f34fe93c4e279c1b28d548cf2c869d971f5bf1e3390372e035d4,134,9ce86fb6c3037e614c120121b2c0c74c273267f21056cdcfff07b9d164c9e5e7,0,1,right_south_to_north,True,4.431985253513581,3.753010302612046,6.6006653736965015,2,0.026281285000095522
0.012,6.7859174222685645,0.01673167831783573,0.003673346162082421,,0.36206568319872995,0.2146446641391273,0.21959563989254183,0,382,,,,,,,,,,,,,5.6991718689213675,pivot_g2,0.05,376,74d3d9276d6254ad0ce047693d09271dedf71ac4d37191043cfd76bb428b8939,6.5959516516053895,244,129,"[{'index': 0, 'radius_min': 0.1, 'radius_max': 1.5, 'trim_min': 0.0162278, 'trim_max': 0.243416, 'evaluations': 20, 'safe_feasible': 17, 'states': 6, 'selected_radius': 1.5, 'selected_trim': 0.243416, 'selected_score': 0.25168}, {'index': 1, 'radius_min': 0.1, 'radius_max': 0.974342, 'trim_min': 0.0162278, 'trim_max': 0.158114, 'evaluations': 20, 'safe_feasible': 15, 'states': 6, 'selected_radius': 0.187434, 'selected_trim': 0.0304164, 'selected_score': 0.617003}, {'index': 2, 'radius_min': 0.1, 'radius_max': 0.669781, 'trim_min': 0.0236068, 'trim_max': 0.158114, 'evaluations': 20, 'safe_feasible': 16, 'states': 6, 'selected_radius': 0.185467, 'selected_trim': 0.0437829, 'selected_score': 0.686016}, {'index': 3, 'radius_min': 0.1, 'radius_max': 1.5, 'trim_min': 0.0162278, 'trim_max': 0.243416, 'evaluations': 20, 'safe_feasible': 17, 'states': 6, 'selected_radius': 1.5, 'selected_trim': 0.243416, 'selected_score': 0.274894}, {'index': 4, 'radius_min': 0.1, 'radius_max': 1.5, 'trim_min': 0.0162278, 'trim_max': 0.243416, 'evaluations': 20, 'safe_feasible': 17, 'states': 6, 'selected_radius': 1.5, 'selected_trim': 0.243416, 'selected_score': 0.289775}, {'index': 5, 'radius_min': 0.1, 'radius_max': 1.5, 'trim_min': 0.00710678, 'trim_max': 0.106602, 'evaluations': 11, 'safe_feasible': 9, 'states': 6, 'selected_radius': 1.36, 'selected_trim': 0.0966522, 'selected_score': 0.167008}, {'index': 6, 'radius_min': 0.1, 'radius_max': 1.5, 'trim_min': 0.0123106, 'trim_max': 0.184658, 'evaluations': 20, 'safe_feasible': 17, 'states': 6, 'selected_radius': 1.5, 'selected_trim': 0.184658, 'selected_score': 0.204716}, {'index': 7, 'radius_min': 0.1, 'radius_max': 0.812311, 'trim_min': 0.0123106, 'trim_max': 0.1, 'evaluations': 11, 'safe_feasible': 8, 'states': 6, 'selected_radius': 0.171231, 'selected_trim': 0.0210795, 'selected_score': 0.496029}, {'index': 8, 'radius_min': 0.1, 'radius_max': 1.0099, 'trim_min': 0.00990195, 'trim_max': 0.1, 'evaluations': 11, 'safe_feasible': 9, 'states': 6, 'selected_radius': 0.19099, 'selected_trim': 0.0189118, 'selected_score': 0.430157}, {'index': 9, 'radius_min': 0.1, 'radius_max': 0.297694, 'trim_min': 0.0265564, 'trim_max': 0.0790568, 'evaluations': 11, 'safe_feasible': 8, 'states': 6, 'selected_radius': 0.297694, 'selected_trim': 0.0790568, 'selected_score': 0.584964}]",10,60,164,none,10,0,0.0,200,0.400224,376,0,"{'angular acceleration iteration did not converge': 17, 'transition requires a reversing inner wheel': 14}",0.0134228,adaptive,0.05,0,133,ThetaStar,5947e6176039f34fe93c4e279c1b28d548cf2c869d971f5bf1e3390372e035d4,133,9ce86fb6c3037e614c120121b2c0c74c273267f21056cdcfff07b9d164c9e5e7,0,1,right_south_to_north,True,6.7859174222685645,5.6991718689213675,6.5959516516053895,1,0.020446734999950422
0.003,1.6309682304216437,0.03178326842305829,0.008068911119395701,,0.42974529865127686,0.2146446641391273,0.2146446641391273,0,273,4.43199,1,202,True,16.6282,253,True,simple_default,simple,1.63097,202,True,1.9625011100142362,adaptive_hybrid_fixed,0.05,127,ae309ec934ba05a76fa06914e56bcc4f30d8d331459a2d4b5c5a01597e1de6b9,6.569250518458765,,,,,,,,,0,0.0,,,,,,,,,0,,ThetaStar,5947e6176039f34fe93c4e279c1b28d548cf2c869d971f5bf1e3390372e035d4,133,9ce86fb6c3037e614c120121b2c0c74c273267f21056cdcfff07b9d164c9e5e7,0,1,right_south_to_north,True,1.6309682304216437,1.9625011100142362,6.569250518458765,1,0.008849303000260988
0.012,1.6309682304216437,0.03178326842305829,0.008068911119395701,,0.42974529865127686,0.2146446641391273,0.2146446641391273,0,273,6.78592,0,202,True,16.6282,253,True,simple_default,simple,1.63097,202,True,1.9625011100142362,adaptive_hybrid,0.05,127,ae309ec934ba05a76fa06914e56bcc4f30d8d331459a2d4b5c5a01597e1de6b9,6.569250518458765,,,,,,,,,0,0.0,,,,,,,,,0,,ThetaStar,5947e6176039f34fe93c4e279c1b28d548cf2c869d971f5bf1e3390372e035d4,133,9ce86fb6c3037e614c120121b2c0c74c273267f21056cdcfff07b9d164c9e5e7,0,1,right_south_to_north,True,1.6309682304216437,1.9625011100142362,6.569250518458765,1,0.01350595899975815
0.0,2.0526514226841295,0.0,0.0,,0.5637597135891347,0.5146446686094757,0.5646446693545337,0,113,,,,,,,,,,,,,6.407263793299952,raw,0.05,57,b9af984cae3ff37be1b1d86838211533cc2c50afbb785e3931451088bbe5f48c,2.829056893911444,,,,,,,,,0,0.0,,,,,,,,,0,,ThetaStar,8e8937e9c159df347bfeb35a8ef5ba9f07427b0a573b34c67b41c67bdab7e75a,58,b9af984cae3ff37be1b1d86838211533cc2c50afbb785e3931451088bbe5f48c,0,1,upper_open_short,True,2.0526514226841295,6.407263793299952,2.829056893911444,1,0.004594505000113713
0.0,0.04572012292656234,0.014979399291575275,0.0027272294454478915,,0.5588924568794387,0.5146446686094757,0.5146446686094757,0,113,,,,,,,,,,,,,0.4976393772984014,simple,0.05,57,20ba79610c6a4eafc4d6fbe861c9e0546ddb86c1b3a971f8255de246a63a932b,2.8260990627299125,,,,,,,,,0,0.0,,,,,,,,,0,,ThetaStar,8e8937e9c159df347bfeb35a8ef5ba9f07427b0a573b34c67b41c67bdab7e75a,58,b9af984cae3ff37be1b1d86838211533cc2c50afbb785e3931451088bbe5f48c,0,1,upper_open_short,True,0.04572012292656234,0.4976393772984014,2.8260990627299125,1,0.00550788200007446
0.0,0.2470541439408173,0.009705398195702526,0.0014369802481481986,,0.5598827645216712,0.4646446678644176,0.5146446686094757,0,105,,,,,,,,,,,,,1.5012197752645158,savitzky_golay,0.05,57,27e8359c14664722c4d09646a9c495d277cd61e17b5bf57af2db334121f99165,2.827111849674499,,,,,,,,,0,0.0,,,,,,,,,0,,ThetaStar,8e8937e9c159df347bfeb35a8ef5ba9f07427b0a573b34c67b41c67bdab7e75a,58,b9af984cae3ff37be1b1d86838211533cc2c50afbb785e3931451088bbe5f48c,0,1,upper_open_short,True,0.2470541439408173,1.5012197752645158,2.827111849674499,1,0.005767776000084268
0.003,1.0882660079630662,0.009829261359295405,0.002009756312387346,,0.5572762481921044,0.5146446686094757,0.5146446686094757,0,95,,,,,,,,,,,,,3.1403909058986397,constrained,0.05,57,c4f3f198aae741efe219aef98b9ed6bfa59dfebe465705cde77cffc497aa33a4,2.8301947832720753,,,,,,,,,0,0.0,,,,,,,,,0,,ThetaStar,8e8937e9c159df347bfeb35a8ef5ba9f07427b0a573b34c67b41c67bdab7e75a,58,b9af984cae3ff37be1b1d86838211533cc2c50afbb785e3931451088bbe5f48c,0,1,upper_open_short,True,1.0882660079630662,3.1403909058986397,2.8301947832720753,1,0.005713360999834549
0.0,1.1393546132291803,0.0022877464401729504,0.0003003958243466388,,0.5488551954350419,0.4646446678644176,0.4646446678644176,0,76,,,,,,,,,,,,,4.565573283906712,pivot_g2_fixed,0.05,73,acf84f4c4133aa3e2e4412d887e422d3dd264a476a084a727928b51f1f23e776,2.8284099086251278,0,1,"[{'index': 0, 'radius_min': 0, 'radius_max': 0, 'trim_min': 0, 'trim_max': 0, 'evaluations': 9, 'safe_feasible': 1, 'states': 0, 'selected_radius': 0.2, 'selected_trim': 0.0324554, 'selected_score': 1}]",1,0,9,none,1,0,0.0,200,1,73,0,{'transition would overlap an adjacent corner window': 8},0.000181766,fixed,0.05,0,1,ThetaStar,8e8937e9c159df347bfeb35a8ef5ba9f07427b0a573b34c67b41c67bdab7e75a,58,b9af984cae3ff37be1b1d86838211533cc2c50afbb785e3931451088bbe5f48c,0,1,upper_open_short,True,1.1393546132291803,4.565573283906712,2.8284099086251278,1,0.005984965000152442
0.0,0.6302803347224051,0.00557262047150124,0.0007375608557752846,,0.5484284528966772,0.4646446678644176,0.4646446678644176,0,74,,,,,,,,,,,,,2.286420916761393,pivot_g2,0.05,71,c4b4c5bc9bf600bca7f0e6da6589e3e4f8e02a0b66323a8ab8408317318a33e2,2.8277600911697527,0,6,"[{'index': 0, 'radius_min': 0.1, 'radius_max': 0.487172, 'trim_min': 0.0162277, 'trim_max': 0.0790569, 'evaluations': 11, 'safe_feasible': 6, 'states': 6, 'selected_radius': 0.487172, 'selected_trim': 0.0790569, 'selected_score': 0.372792}]",1,6,11,none,1,0,0.0,200,0.372792,71,0,"{'angular acceleration iteration did not converge': 3, 'transition requires a reversing inner wheel': 2}",0.0012435,adaptive,0.05,0,6,ThetaStar,8e8937e9c159df347bfeb35a8ef5ba9f07427b0a573b34c67b41c67bdab7e75a,58,b9af984cae3ff37be1b1d86838211533cc2c50afbb785e3931451088bbe5f48c,0,1,upper_open_short,True,0.6302803347224051,2.286420916761393,2.8277600911697527,1,0.005911639000260038
0.0,0.04572012292656234,0.014979399291575275,0.0027272294454478915,,0.5588924568794387,0.5146446686094757,0.5146446686094757,0,113,1.13935,0,0,True,2.05265,0,True,simple_default,simple,0.0457201,0,True,0.4976393772984014,adaptive_hybrid_fixed,0.05,57,20ba79610c6a4eafc4d6fbe861c9e0546ddb86c1b3a971f8255de246a63a932b,2.8260990627299125,,,,,,,,,0,0.0,,,,,,,,,0,,ThetaStar,8e8937e9c159df347bfeb35a8ef5ba9f07427b0a573b34c67b41c67bdab7e75a,58,b9af984cae3ff37be1b1d86838211533cc2c50afbb785e3931451088bbe5f48c,0,1,upper_open_short,True,0.04572012292656234,0.4976393772984014,2.8260990627299125,1,0.0053765799998473085
0.003,0.04572012292656234,0.014979399291575275,0.0027272294454478915,,0.5588924568794387,0.5146446686094757,0.5146446686094757,0,113,0.63028,0,0,True,2.05265,0,True,simple_default,simple,0.0457201,0,True,0.4976393772984014,adaptive_hybrid,0.05,57,20ba79610c6a4eafc4d6fbe861c9e0546ddb86c1b3a971f8255de246a63a932b,2.8260990627299125,,,,,,,,,0,0.0,,,,,,,,,0,,ThetaStar,8e8937e9c159df347bfeb35a8ef5ba9f07427b0a573b34c67b41c67bdab7e75a,58,b9af984cae3ff37be1b1d86838211533cc2c50afbb785e3931451088bbe5f48c,0,1,upper_open_short,True,0.04572012292656234,0.4976393772984014,2.8260990627299125,1,0.006272511000133818
0.0,9.834052585489456,4.440892098500626e-16,1.0297071989743685e-16,,0.4185775693389776,0.1449222268733815,0.2146446641391273,0,181,,,,,,,,,,,,,10.557951692192585,raw,0.05,88,7e8cbd5fd26fa47f920f6d64ae903dd2aa039a33f47dcac543b484833e91b388,4.572760953032844,,,,,,,,,0,0.0,,,,,,,,,0,,ThetaStar,03c013c9c406e0b379af4e678b55a6003f06ff28122680f57659004b4cd16d66,93,7e8cbd5fd26fa47f920f6d64ae903dd2aa039a33f47dcac543b484833e91b388,0,1,lower_left_diagonal,True,9.834052585489456,10.557951692192585,4.572760953032844,1,0.002922386000136612
0.0,1.828467252441667,0.038524280173222236,0.009581485059476048,,0.40617480799800476,0.2146446641391273,0.21959563989254183,0,180,,,,,,,,,,,,,2.1497285441564715,simple,0.05,88,a1e25de484436d33944fe3f075ea28b053afc3a5b6b9c4fa4f5bee00b2b9d257,4.535051505291296,,,,,,,,,0,0.0,,,,,,,,,0,,ThetaStar,03c013c9c406e0b379af4e678b55a6003f06ff28122680f57659004b4cd16d66,92,7e8cbd5fd26fa47f920f6d64ae903dd2aa039a33f47dcac543b484833e91b388,0,1,lower_left_diagonal,True,1.828467252441667,2.1497285441564715,4.535051505291296,1,0.006561005999628833
0.0,3.1489014278897343,0.010574299756361958,0.001957115105026466,,0.4016102211780965,0.2474873771031409,0.2474873771031409,0,154,,,,,,,,,,,,,3.626936331889184,savitzky_golay,0.05,88,ea159102e45466f5ca30ce5566824601b9928fbb2945d22537315ba54bd903a2,4.565145735552967,,,,,,,,,0,0.0,,,,,,,,,0,,ThetaStar,03c013c9c406e0b379af4e678b55a6003f06ff28122680f57659004b4cd16d66,93,7e8cbd5fd26fa47f920f6d64ae903dd2aa039a33f47dcac543b484833e91b388,0,1,lower_left_diagonal,True,3.1489014278897343,3.626936331889184,4.565145735552967,1,0.005931264000082592
0.003,2.764313663707396,0.02436477898975898,0.007335440542481627,,0.4081393712535468,0.2474873771031409,0.25619225950049973,0,147,,,,,,,,,,,,,2.831155047787264,constrained,0.05,88,16ea23ec6ceaa3ae74d516a03032bf6e46b57cb228a5d689b6d177ce560f8036,4.576863783589609,,,,,,,,,0,0.0,,,,,,,,,0,,ThetaStar,03c013c9c406e0b379af4e678b55a6003f06ff28122680f57659004b4cd16d66,93,7e8cbd5fd26fa47f920f6d64ae903dd2aa039a33f47dcac543b484833e91b388,0,1,lower_left_diagonal,True,2.764313663707396,2.831155047787264,4.576863783589609,1,0.007515183000123216
0.003,2.764688719521813,0.015429408320130778,0.0046110668989701314,,0.3805829738865411,0.23390290478282266,0.2474873771031409,0,153,,,,,,,,,,,,,2.9226664431629423,pivot_g2_fixed,0.05,147,56d5b89bd019b4189e5c0775086db58164d58e720e44d3c4b534c1db4aaaafcc,4.558397801398287,0,13,"[{'index': 0, 'radius_min': 0, 'radius_max': 0, 'trim_min': 0, 'trim_max': 0, 'evaluations': 9, 'safe_feasible': 8, 'states': 0, 'selected_radius': 1.5, 'selected_trim': 0.192432, 'selected_score': 0.97}, {'index': 1, 'radius_min': 0, 'radius_max': 0, 'trim_min': 0, 'trim_max': 0, 'evaluations': 9, 'safe_feasible': 3, 'states': 0, 'selected_radius': 0.4, 'selected_trim': 0.150294, 'selected_score': 0.75}, {'index': 2, 'radius_min': 0, 'radius_max': 0, 'trim_min': 0, 'trim_max': 0, 'evaluations': 9, 'safe_feasible': 5, 'states': 0, 'selected_radius': 0.6, 'selected_trim': 0.139244, 'selected_score': 0.934134}]",3,0,27,none,3,0,0.0,200,0.884711,147,0,"{'angular acceleration iteration did not converge': 1, 'transition would overlap an adjacent corner window': 10}",0.00194677,fixed,0.05,0,16,ThetaStar,03c013c9c406e0b379af4e678b55a6003f06ff28122680f57659004b4cd16d66,93,7e8cbd5fd26fa47f920f6d64ae903dd2aa039a33f47dcac543b484833e91b388,0,1,lower_left_diagonal,True,2.764688719521813,2.9226664431629423,4.558397801398287,1,0.005770357000074
0.006,3.7560247129436415,0.009462760220941259,0.004070533134481202,,0.37930988944302985,0.2474873771031409,0.2474873771031409,0,156,,,,,,,,,,,,,4.290806311063853,pivot_g2,0.05,150,5ea8da431d6f3580a5c4652ff97ceb99aaaaaaea722e56ea3969564565724e1d,4.563167053871897,40,48,"[{'index': 0, 'radius_min': 0.1, 'radius_max': 1.5, 'trim_min': 0.0128288, 'trim_max': 0.192432, 'evaluations': 20, 'safe_feasible': 17, 'states': 6, 'selected_radius': 1.5, 'selected_trim': 0.192432, 'selected_score': 0.208663}, {'index': 1, 'radius_min': 0.1, 'radius_max': 0.940964, 'trim_min': 0.0375735, 'trim_max': 0.353553, 'evaluations': 20, 'safe_feasible': 18, 'states': 6, 'selected_radius': 0.268193, 'selected_trim': 0.100769, 'selected_score': 0.723612}, {'index': 2, 'radius_min': 0.1, 'radius_max': 1.5, 'trim_min': 0.0232073, 'trim_max': 0.348109, 'evaluations': 20, 'safe_feasible': 17, 'states': 6, 'selected_radius': 0.45, 'selected_trim': 0.104433, 'selected_score': 0.563571}]",3,18,60,none,3,0,0.0,200,0.498615,150,0,"{'angular acceleration iteration did not converge': 4, 'transition requires a reversing inner wheel': 4}",0.004888,adaptive,0.05,0,52,ThetaStar,03c013c9c406e0b379af4e678b55a6003f06ff28122680f57659004b4cd16d66,93,7e8cbd5fd26fa47f920f6d64ae903dd2aa039a33f47dcac543b484833e91b388,0,1,lower_left_diagonal,True,3.7560247129436415,4.290806311063853,4.563167053871897,1,0.008459457000299153
0.003,2.764688719521813,0.015429408320130778,0.0046110668989701314,,0.3805829738865411,0.23390290478282266,0.2474873771031409,0,153,2.76469,0,177,True,9.83405,253,True,safety_gain_within_energy_budget,pivot_g2,1.82847,202,True,2.9226664431629423,adaptive_hybrid_fixed,0.05,147,56d5b89bd019b4189e5c0775086db58164d58e720e44d3c4b534c1db4aaaafcc,4.558397801398287,,,,,,,,,0,0.0,,,,,,,,,0,,ThetaStar,03c013c9c406e0b379af4e678b55a6003f06ff28122680f57659004b4cd16d66,93,7e8cbd5fd26fa47f920f6d64ae903dd2aa039a33f47dcac543b484833e91b388,0,1,lower_left_diagonal,True,2.764688719521813,2.9226664431629423,4.558397801398287,1,0.009771185000317928
0.006,3.7560247129436415,0.009462760220941259,0.004070533134481202,,0.37930988944302985,0.2474873771031409,0.2474873771031409,0,156,3.75602,0,177,True,9.83405,253,True,safety_gain_within_energy_budget,pivot_g2,1.82847,202,True,4.290806311063853,adaptive_hybrid,0.05,150,5ea8da431d6f3580a5c4652ff97ceb99aaaaaaea722e56ea3969564565724e1d,4.563167053871897,,,,,,,,,0,0.0,,,,,,,,,0,,ThetaStar,03c013c9c406e0b379af4e678b55a6003f06ff28122680f57659004b4cd16d66,93,7e8cbd5fd26fa47f920f6d64ae903dd2aa039a33f47dcac543b484833e91b388,0,1,lower_left_diagonal,True,3.7560247129436415,4.290806311063853,4.563167053871897,1,0.011730504999832192
0.0,1.7763614716181782e-12,6.938893903907228e-18,5.723103233284416e-19,,0.7140896970626842,0.6447181959844944,0.7146446715897079,0,292,,,,,,,,,,,,,5.9604738034203535e-06,raw,0.05,147,f928b93eeb2bab4abf5e561cf92b81c632df5f52a725714f41e012da37f82b8d,7.299999947845938,,,,,,,,,0,0.0,,,,,,,,,0,,Smac2D,8a8523c4985a426ecf82ee9025748e40c60054dc259297fd866a1e88b0720812,147,f928b93eeb2bab4abf5e561cf92b81c632df5f52a725714f41e012da37f82b8d,0,1,straight_lower_aisle,True,1.7763614716181782e-12,5.9604738034203535e-06,7.299999947845938,1,0.003851354000289575
0.0,2.545225142629609e-14,1.0475007083954324e-08,1.119244701283359e-09,,0.714074063977416,0.6447181959844944,0.7146446715897079,0,284,,,,,,,,,,,,,4.0621426222742267e-07,simple,0.05,147,6252e3c34f3e8de06b2679670174ce5933b60ddf0cfb061c25722364e10381b5,7.2999999478459365,,,,,,,,,0,0.0,,,,,,,,,0,,Smac2D,8a8523c4985a426ecf82ee9025748e40c60054dc259297fd866a1e88b0720812,147,f928b93eeb2bab4abf5e561cf92b81c632df5f52a725714f41e012da37f82b8d,0,1,straight_lower_aisle,True,2.545225142629609e-14,4.0621426222742267e-07,7.2999999478459365,1,0.007415079999645968
0.0,1.6137093599993788e-13,7.0496839477129924e-09,6.212016587683662e-10,,0.714211151867157,0.6447181959844944,0.7146446715897079,0,283,,,,,,,,,,,,,1.2568492258977528e-06,savitzky_golay,0.05,147,6c0f34ad58a134556037b0e18d1bbbee8e40184f7bb2776fb7a481e43eadcb34,7.2999999478459365,,,,,,,,,0,0.0,,,,,,,,,0,,Smac2D,8a8523c4985a426ecf82ee9025748e40c60054dc259297fd866a1e88b0720812,147,f928b93eeb2bab4abf5e561cf92b81c632df5f52a725714f41e012da37f82b8d,0,1,straight_lower_aisle,True,1.6137093599993788e-13,1.2568492258977528e-06,7.2999999478459365,1,0.007201597999937803
0.0,1.7763614716181782e-12,6.938893903907228e-18,5.723103233284416e-19,,0.7140896970626842,0.6447181959844944,0.7146446715897079,0,292,,,,,,,,,,,,,5.9604738034203535e-06,constrained,0.05,147,f928b93eeb2bab4abf5e561cf92b81c632df5f52a725714f41e012da37f82b8d,7.299999947845938,,,,,,,,,0,0.0,,,,,,,,,0,,Smac2D,8a8523c4985a426ecf82ee9025748e40c60054dc259297fd866a1e88b0720812,147,f928b93eeb2bab4abf5e561cf92b81c632df5f52a725714f41e012da37f82b8d,0,1,straight_lower_aisle,True,1.7763614716181782e-12,5.9604738034203535e-06,7.299999947845938,1,0.007684075000270241
0.0,5.688865484455407e-26,1.4799098391193866e-08,8.529820412649114e-09,,0.713855627244483,0.6447181959844944,0.7146446715897079,0,147,,,,,,,,,,,,,1.776356839503667e-13,pivot_g2_fixed,0.05,147,d0c4b934cab7e7bc2ba152c5bc2239287818340c65b220f11c7ffa9fdb4743a0,7.299999947845936,0,0,[],0,0,0,none,0,0,0.0,200,0,147,0,{},0.000141505,fixed,0.05,0,0,Smac2D,8a8523c4985a426ecf82ee9025748e40c60054dc259297fd866a1e88b0720812,147,f928b93eeb2bab4abf5e561cf92b81c632df5f52a725714f41e012da37f82b8d,0,1,straight_lower_aisle,True,5.688865484455407e-26,1.776356839503667e-13,7.299999947845936,1,0.007086515000082727
0.0,5.688865484455407e-26,1.4799098391193866e-08,8.529820412649114e-09,,0.713855627244483,0.6447181959844944,0.7146446715897079,0,147,,,,,,,,,,,,,1.776356839503667e-13,pivot_g2,0.05,147,d0c4b934cab7e7bc2ba152c5bc2239287818340c65b220f11c7ffa9fdb4743a0,7.299999947845936,0,0,[],0,0,0,none,0,0,0.0,200,0,147,0,{},0.000231544,adaptive,0.05,0,0,Smac2D,8a8523c4985a426ecf82ee9025748e40c60054dc259297fd866a1e88b0720812,147,f928b93eeb2bab4abf5e561cf92b81c632df5f52a725714f41e012da37f82b8d,0,1,straight_lower_aisle,True,5.688865484455407e-26,1.776356839503667e-13,7.299999947845936,1,0.007014240999978938
0.003,2.545225142629609e-14,1.0475007083954324e-08,1.119244701283359e-09,,0.714074063977416,0.6447181959844944,0.7146446715897079,0,284,5.68887e-26,0,0,True,1.77636e-12,0,True,simple_default,simple,2.54523e-14,0,True,4.0621426222742267e-07,adaptive_hybrid_fixed,0.05,147,6252e3c34f3e8de06b2679670174ce5933b60ddf0cfb061c25722364e10381b5,7.2999999478459365,,,,,,,,,0,0.0,,,,,,,,,0,,Smac2D,8a8523c4985a426ecf82ee9025748e40c60054dc259297fd866a1e88b0720812,147,f928b93eeb2bab4abf5e561cf92b81c632df5f52a725714f41e012da37f82b8d,0,1,straight_lower_aisle,True,2.545225142629609e-14,4.0621426222742267e-07,7.2999999478459365,1,0.007126176999918243
0.0,2.545225142629609e-14,1.0475007083954324e-08,1.119244701283359e-09,,0.714074063977416,0.6447181959844944,0.7146446715897079,0,284,5.68887e-26,0,0,True,1.77636e-12,0,True,simple_default,simple,2.54523e-14,0,True,4.0621426222742267e-07,adaptive_hybrid,0.05,147,6252e3c34f3e8de06b2679670174ce5933b60ddf0cfb061c25722364e10381b5,7.2999999478459365,,,,,,,,,0,0.0,,,,,,,,,0,,Smac2D,8a8523c4985a426ecf82ee9025748e40c60054dc259297fd866a1e88b0720812,147,f928b93eeb2bab4abf5e561cf92b81c632df5f52a725714f41e012da37f82b8d,0,1,straight_lower_aisle,True,2.545225142629609e-14,4.0621426222742267e-07,7.2999999478459365,1,0.007412021000163804
0.030000000000000002,2.1819209759956406,2.220446049250313e-16,1.0356243867005507e-16,,0.3434433126448143,0.17677669793081488,0.18825146149581692,0,133,,,,,,,,,,,,,1.797632391790583,raw,0.05,65,61777c527f8610f59537068c8bc4911901836a9ff4ed7e8010b63dc4224f805d,3.7647601428316064,,,,,,,,,0,0.0,,,,,,,,,0,,Smac2D,637695bbf6b8e0cb90aae2fba047db1b3bb3a0d8cd6c47ae4f777c1e4ec7cfbf,77,61777c527f8610f59537068c8bc4911901836a9ff4ed7e8010b63dc4224f805d,0,1,crate_detour,True,2.1819209759956406,1.797632391790583,3.7647601428316064,1,0.03086010900005931
0.0,1.5660426962566545,0.02021897382203004,0.009319393463723387,,0.33516913822528216,0.17079994476667312,0.17079994476667312,0,132,,,,,,,,,,,,,1.4593007798793305,simple,0.05,65,bdcd0980d819acff943d1f1fe81539c5ce3975728237d1bb2a592b2530d6b577,3.7406577698396504,,,,,,,,,0,0.0,,,,,,,,,0,,Smac2D,637695bbf6b8e0cb90aae2fba047db1b3bb3a0d8cd6c47ae4f777c1e4ec7cfbf,76,61777c527f8610f59537068c8bc4911901836a9ff4ed7e8010b63dc4224f805d,0,1,crate_detour,True,1.5660426962566545,1.4593007798793305,3.7406577698396504,1,0.006038306999926135
0.0,2.02038559696047,0.002038450533778569,0.0005745155233001386,,0.3453670992547734,0.17677669793081488,0.18825146149581692,0,133,,,,,,,,,,,,,1.7165402151221478,savitzky_golay,0.05,65,468b5cc318caf16e073e0feeaf9a1595a5077be3d12ab68ca5eba37c57660e10,3.7640299826501,,,,,,,,,0,0.0,,,,,,,,,0,,Smac2D,637695bbf6b8e0cb90aae2fba047db1b3bb3a0d8cd6c47ae4f777c1e4ec7cfbf,77,61777c527f8610f59537068c8bc4911901836a9ff4ed7e8010b63dc4224f805d,0,1,crate_detour,True,2.02038559696047,1.7165402151221478,3.7640299826501,1,0.00684962400009681
0.003,2.7583831451326115,0.05677465376355396,0.026801635810930837,,0.36843199763433837,0.23390290478282266,0.2474873771031409,0,127,,,,,,,,,,,,,2.5539488621235353,constrained,0.05,65,5727448598eaa555247f1da9aeec11edfc6360a3c8385c8e0ddf4d8cc8144d29,3.8331426084465225,,,,,,,,,0,0.0,,,,,,,,,0,,Smac2D,637695bbf6b8e0cb90aae2fba047db1b3bb3a0d8cd6c47ae4f777c1e4ec7cfbf,78,61777c527f8610f59537068c8bc4911901836a9ff4ed7e8010b63dc4224f805d,0,1,crate_detour,True,2.7583831451326115,2.5539488621235353,3.8331426084465225,1,0.007217896999918594
0.006,2.870730218283289,0.00780359426857135,0.003934687876005818,,0.30689932398087927,0.17677669793081488,0.17677669793081488,0,290,,,,,,,,,,,,,2.559224996839073,pivot_g2_fixed,0.05,283,7dd27d9a53285801554ab302a7738c388c0f72ac697af0446538a26e8a8893a0,3.7609056449373517,0,47,"[{'index': 0, 'radius_min': 0, 'radius_max': 0, 'trim_min': 0, 'trim_max': 0, 'evaluations': 9, 'safe_feasible': 7, 'states': 0, 'selected_radius': 1.5, 'selected_trim': 0.0636726, 'selected_score': 1}, {'index': 1, 'radius_min': 0, 'radius_max': 0, 'trim_min': 0, 'trim_max': 0, 'evaluations': 9, 'safe_feasible': 6, 'states': 0, 'selected_radius': 1, 'selected_trim': 0.0852582, 'selected_score': 0.796686}, {'index': 2, 'radius_min': 0, 'radius_max': 0, 'trim_min': 0, 'trim_max': 0, 'evaluations': 9, 'safe_feasible': 3, 'states': 0, 'selected_radius': 0.6, 'selected_trim': 0.0491957, 'selected_score': 0.919604}, {'index': 3, 'radius_min': 0, 'radius_max': 0, 'trim_min': 0, 'trim_max': 0, 'evaluations': 9, 'safe_feasible': 1, 'states': 0, 'selected_radius': 0.2, 'selected_trim': 0.0129282, 'selected_score': 1}, {'index': 4, 'radius_min': 0, 'radius_max': 0, 'trim_min': 0, 'trim_max': 0, 'evaluations': 9, 'safe_feasible': 1, 'states': 0, 'selected_radius': 0.2, 'selected_trim': 0.0107253, 'selected_score': 1}, {'index': 5, 'radius_min': 0, 'radius_max': 0, 'trim_min': 0, 'trim_max': 0, 'evaluations': 9, 'safe_feasible': 1, 'states': 0, 'selected_radius': 0.2, 'selected_trim': 0.0149777, 'selected_score': 1}, {'index': 6, 'radius_min': 0, 'radius_max': 0, 'trim_min': 0, 'trim_max': 0, 'evaluations': 9, 'safe_feasible': 5, 'states': 0, 'selected_radius': 0.75, 'selected_trim': 0.0643196, 'selected_score': 0.927082}, {'index': 7, 'radius_min': 0, 'radius_max': 0, 'trim_min': 0, 'trim_max': 0, 'evaluations': 9, 'safe_feasible': 4, 'states': 0, 'selected_radius': 0.75, 'selected_trim': 0.0536415, 'selected_score': 0.942135}, {'index': 8, 'radius_min': 0, 'radius_max': 0, 'trim_min': 0, 'trim_max': 0, 'evaluations': 9, 'safe_feasible': 4, 'states': 0, 'selected_radius': 0.75, 'selected_trim': 0.0535949, 'selected_score': 0.94211}, {'index': 9, 'radius_min': 0, 'radius_max': 0, 'trim_min': 0, 'trim_max': 0, 'evaluations': 9, 'safe_feasible': 5, 'states': 0, 'selected_radius': 0.75, 'selected_trim': 0.063741, 'selected_score': 0.927218}, {'index': 10, 'radius_min': 0, 'radius_max': 0, 'trim_min': 0, 'trim_max': 0, 'evaluations': 9, 'safe_feasible': 1, 'states': 0, 'selected_radius': 0.2, 'selected_trim': 0.0144926, 'selected_score': 1}, {'index': 11, 'radius_min': 0, 'radius_max': 0, 'trim_min': 0, 'trim_max': 0, 'evaluations': 9, 'safe_feasible': 1, 'states': 0, 'selected_radius': 0.2, 'selected_trim': 0.0143527, 'selected_score': 1}, {'index': 12, 'radius_min': 0, 'radius_max': 0, 'trim_min': 0, 'trim_max': 0, 'evaluations': 9, 'safe_feasible': 3, 'states': 0, 'selected_radius': 0.6, 'selected_trim': 0.0461851, 'selected_score': 0.920468}, {'index': 13, 'radius_min': 0, 'radius_max': 0, 'trim_min': 0, 'trim_max': 0, 'evaluations': 9, 'safe_feasible': 5, 'states': 0, 'selected_radius': 1, 'selected_trim': 0.0507375, 'selected_score': 0.98342}]",14,0,126,none,14,0,0.0,200,0.954194,283,0,"{'angular acceleration iteration did not converge': 22, 'transition would overlap an adjacent corner window': 57}",0.0057196,fixed,0.05,0,47,Smac2D,637695bbf6b8e0cb90aae2fba047db1b3bb3a0d8cd6c47ae4f777c1e4ec7cfbf,77,61777c527f8610f59537068c8bc4911901836a9ff4ed7e8010b63dc4224f805d,0,1,crate_detour,True,2.870730218283289,2.559224996839073,3.7609056449373517,1,0.011094382999999652
0.009000000000000001,3.2990331324279842,0.007799741450638757,0.0039400956157579796,,0.3299621380608837,0.17677669793081488,0.17677669793081488,0,232,,,,,,,,,,,,,2.5589530600956905,pivot_g2,0.05,220,68179fc2ab2a49c02c0445e7f4e4de7fc0a0202a76c8a59b70944aba8bddfa90,3.761316798082318,198,160,"[{'index': 0, 'radius_min': 0.1, 'radius_max': 1.5, 'trim_min': 0.00424484, 'trim_max': 0.0636726, 'evaluations': 11, 'safe_feasible': 9, 'states': 6, 'selected_radius': 1.5, 'selected_trim': 0.0636726, 'selected_score': 0.0630006}, {'index': 1, 'radius_min': 0.1, 'radius_max': 1.5, 'trim_min': 0.00852582, 'trim_max': 0.127887, 'evaluations': 20, 'safe_feasible': 17, 'states': 6, 'selected_radius': 1.36, 'selected_trim': 0.115951, 'selected_score': 0.181967}, {'index': 2, 'radius_min': 0.1, 'radius_max': 1.4989, 'trim_min': 0.00819929, 'trim_max': 0.122899, 'evaluations': 20, 'safe_feasible': 17, 'states': 6, 'selected_radius': 0.169945, 'selected_trim': 0.0139343, 'selected_score': 0.518556}, {'index': 3, 'radius_min': 0.1, 'radius_max': 0.893536, 'trim_min': 0.00646408, 'trim_max': 0.0577589, 'evaluations': 11, 'safe_feasible': 8, 'states': 6, 'selected_radius': 0, 'selected_trim': 0, 'selected_score': 0}, {'index': 4, 'radius_min': 0.1, 'radius_max': 1.02547, 'trim_min': 0.00536265, 'trim_max': 0.0549925, 'evaluations': 6, 'safe_feasible': 4, 'states': 5, 'selected_radius': 0, 'selected_trim': 0, 'selected_score': 0}, {'index': 5, 'radius_min': 0.1, 'radius_max': 0.734324, 'trim_min': 0.00748887, 'trim_max': 0.0549925, 'evaluations': 6, 'safe_feasible': 4, 'states': 5, 'selected_radius': 0, 'selected_trim': 0, 'selected_score': 0}, {'index': 6, 'radius_min': 0.1, 'radius_max': 1.5, 'trim_min': 0.00857595, 'trim_max': 0.128639, 'evaluations': 20, 'safe_feasible': 17, 'states': 6, 'selected_radius': 0.17, 'selected_trim': 0.0145791, 'selected_score': 0.544622}, {'index': 7, 'radius_min': 0.1, 'radius_max': 1.5, 'trim_min': 0.0071522, 'trim_max': 0.107283, 'evaluations': 20, 'safe_feasible': 17, 'states': 6, 'selected_radius': 0.17, 'selected_trim': 0.0121587, 'selected_score': 0.487495}, {'index': 8, 'radius_min': 0.1, 'radius_max': 1.5, 'trim_min': 0.00714599, 'trim_max': 0.10719, 'evaluations': 20, 'safe_feasible': 17, 'states': 6, 'selected_radius': 0.17, 'selected_trim': 0.0121482, 'selected_score': 0.487592}, {'index': 9, 'radius_min': 0.1, 'radius_max': 1.5, 'trim_min': 0.0084988, 'trim_max': 0.127482, 'evaluations': 20, 'safe_feasible': 17, 'states': 6, 'selected_radius': 0.17, 'selected_trim': 0.014448, 'selected_score': 0.557486}, {'index': 10, 'radius_min': 0.1, 'radius_max': 0.768885, 'trim_min': 0.00724628, 'trim_max': 0.0557155, 'evaluations': 6, 'safe_feasible': 4, 'states': 5, 'selected_radius': 0, 'selected_trim': 0, 'selected_score': 0}, {'index': 11, 'radius_min': 0.1, 'radius_max': 0.776376, 'trim_min': 0.00717636, 'trim_max': 0.0557155, 'evaluations': 6, 'safe_feasible': 4, 'states': 5, 'selected_radius': 0, 'selected_trim': 0, 'selected_score': 0}, {'index': 12, 'radius_min': 0.1, 'radius_max': 1.5, 'trim_min': 0.00769752, 'trim_max': 0.115463, 'evaluations': 20, 'safe_feasible': 17, 'states': 6, 'selected_radius': 0.17, 'selected_trim': 0.0130858, 'selected_score': 0.52646}, {'index': 13, 'radius_min': 0.1, 'radius_max': 1.5, 'trim_min': 0.00507375, 'trim_max': 0.0761062, 'evaluations': 11, 'safe_feasible': 9, 'states': 6, 'selected_radius': 1.5, 'selected_trim': 0.0761062, 'selected_score': 0.0729982}]",14,80,197,none,9,5,0.14949827505440072,200,0.382242,220,5,"{'angular acceleration iteration did not converge': 21, 'transition requires a reversing inner wheel': 14, 'trim distance exceeds corner segment geometry': 1}",0.00783675,adaptive,0.05,0.6737049228969005,161,Smac2D,637695bbf6b8e0cb90aae2fba047db1b3bb3a0d8cd6c47ae4f777c1e4ec7cfbf,77,61777c527f8610f59537068c8bc4911901836a9ff4ed7e8010b63dc4224f805d,0,1,crate_detour,True,2.1418024591770353,2.8503291145989045,3.761884560177257,6,0.012024081000163278
0.006,1.5660426962566545,0.02021897382203004,0.009319393463723387,,0.33516913822528216,0.17079994476667312,0.17079994476667312,0,132,2.87073,0,221,True,2.18192,214,True,simple_default,simple,1.56604,228,True,1.4593007798793305,adaptive_hybrid_fixed,0.05,65,bdcd0980d819acff943d1f1fe81539c5ce3975728237d1bb2a592b2530d6b577,3.7406577698396504,,,,,,,,,0,0.0,,,,,,,,,0,,Smac2D,637695bbf6b8e0cb90aae2fba047db1b3bb3a0d8cd6c47ae4f777c1e4ec7cfbf,76,61777c527f8610f59537068c8bc4911901836a9ff4ed7e8010b63dc4224f805d,0,1,crate_detour,True,1.5660426962566545,1.4593007798793305,3.7406577698396504,1,0.009952372000043397
0.012,1.5660426962566545,0.02021897382203004,0.009319393463723387,,0.33516913822528216,0.17079994476667312,0.17079994476667312,0,132,2.1418,5,221,True,2.18192,214,True,simple_default,simple,1.56604,228,True,1.4593007798793305,adaptive_hybrid,0.05,65,bdcd0980d819acff943d1f1fe81539c5ce3975728237d1bb2a592b2530d6b577,3.7406577698396504,,,,,,,,,0,0.0,,,,,,,,,0,,Smac2D,637695bbf6b8e0cb90aae2fba047db1b3bb3a0d8cd6c47ae4f777c1e4ec7cfbf,76,61777c527f8610f59537068c8bc4911901836a9ff4ed7e8010b63dc4224f805d,0,1,crate_detour,True,1.5660426962566545,1.4593007798793305,3.7406577698396504,1,0.014313094000044657
0.003,3.131674669173375,2.220446049250313e-16,4.714400860585595e-17,,0.3535806377797778,0.11464466264901119,0.11464466264901119,0,125,,,,,,,,,,,,,2.20471931966471,raw,0.05,61,df142b2c625d810c40c650cd048238821df1bf8d955799fb5034a1f207d46c31,3.438308875886787,,,,,,,,,0,0.0,,,,,,,,,0,,Smac2D,051b82ba75070d22b2226315ae66c1055d853938029178911cfdb6490360848a,70,df142b2c625d810c40c650cd048238821df1bf8d955799fb5034a1f207d46c31,0,1,vertical_rack_detour,True,3.131674669173375,2.20471931966471,3.438308875886787,1,0.004442460000063875
0.0,1.8859832356267618,0.02056907080748049,0.011035373980557631,,0.3487356224901545,0.10606601875848895,0.10606601875848895,0,125,,,,,,,,,,,,,1.4608732608365156,simple,0.05,61,aa41742da0f9f5b996e8b8b5ea8e7e12286610ed16421ba11365e5581aba5b83,3.406449802613775,,,,,,,,,0,0.0,,,,,,,,,0,,Smac2D,051b82ba75070d22b2226315ae66c1055d853938029178911cfdb6490360848a,70,df142b2c625d810c40c650cd048238821df1bf8d955799fb5034a1f207d46c31,0,1,vertical_rack_detour,True,1.8859832356267618,1.4608732608365156,3.406449802613775,1,0.0062807160002194
0.0,3.0364525414968018,0.0017333828607089155,0.00045509279823130976,,0.341013489352439,0.11464466264901119,0.11464466264901119,0,122,,,,,,,,,,,,,2.2114041962821887,savitzky_golay,0.05,61,9de694f3ec43199d041e0a2e128327181848f1a95223608b41ac2a6099109e37,3.437273894814936,,,,,,,,,0,0.0,,,,,,,,,0,,Smac2D,051b82ba75070d22b2226315ae66c1055d853938029178911cfdb6490360848a,70,df142b2c625d810c40c650cd048238821df1bf8d955799fb5034a1f207d46c31,0,1,vertical_rack_detour,True,3.0364525414968018,2.2114041962821887,3.437273894814936,1,0.00563551400000506
0.006,4.486416959279937,0.05784081507203476,0.031923538729270784,,0.3839355060324221,0.16464466339406925,0.16464466339406925,0,118,,,,,,,,,,,,,2.7516302943050586,constrained,0.05,61,123defaf9a2c5e2756eda07bbdb9ec75301af2a1b43c2b0385732d367ba4fc33,3.5107824066251854,,,,,,,,,0,0.0,,,,,,,,,0,,Smac2D,051b82ba75070d22b2226315ae66c1055d853938029178911cfdb6490360848a,72,df142b2c625d810c40c650cd048238821df1bf8d955799fb5034a1f207d46c31,0,1,vertical_rack_detour,True,4.486416959279937,2.7516302943050586,3.5107824066251854,1,0.0079921579999791
0.006,4.124628651446538,0.011296129624834821,0.005656588764311085,,0.33504762813450395,0.11464466264901119,0.11464466264901119,0,337,,,,,,,,,,,,,3.0718505032923,pivot_g2_fixed,0.05,332,cd9dff222d9c3ade3647ce757eb091149817fe6472f94f1b68882c051a224e4b,3.433849360073217,0,28,"[{'index': 0, 'radius_min': 0, 'radius_max': 0, 'trim_min': 0, 'trim_max': 0, 'evaluations': 9, 'safe_feasible': 1, 'states': 0, 'selected_radius': 0.2, 'selected_trim': 0.0103817, 'selected_score': 1}, {'index': 1, 'radius_min': 0, 'radius_max': 0, 'trim_min': 0, 'trim_max': 0, 'evaluations': 9, 'safe_feasible': 1, 'states': 0, 'selected_radius': 0.2, 'selected_trim': 0.0114513, 'selected_score': 1}, {'index': 2, 'radius_min': 0, 'radius_max': 0, 'trim_min': 0, 'trim_max': 0, 'evaluations': 9, 'safe_feasible': 1, 'states': 0, 'selected_radius': 0.2, 'selected_trim': 0.0121767, 'selected_score': 1}, {'index': 3, 'radius_min': 0, 'radius_max': 0, 'trim_min': 0, 'trim_max': 0, 'evaluations': 9, 'safe_feasible': 1, 'states': 0, 'selected_radius': 0.2, 'selected_trim': 0.0198059, 'selected_score': 1}, {'index': 4, 'radius_min': 0, 'radius_max': 0, 'trim_min': 0, 'trim_max': 0, 'evaluations': 9, 'safe_feasible': 1, 'states': 0, 'selected_radius': 0.2, 'selected_trim': 0.0127408, 'selected_score': 1}, {'index': 5, 'radius_min': 0, 'radius_max': 0, 'trim_min': 0, 'trim_max': 0, 'evaluations': 9, 'safe_feasible': 2, 'states': 0, 'selected_radius': 0.5, 'selected_trim': 0.0222439, 'selected_score': 0.75}, {'index': 6, 'radius_min': 0, 'radius_max': 0, 'trim_min': 0, 'trim_max': 0, 'evaluations': 9, 'safe_feasible': 2, 'states': 0, 'selected_radius': 0.5, 'selected_trim': 0.0239079, 'selected_score': 0.9}, {'index': 7, 'radius_min': 0, 'radius_max': 0, 'trim_min': 0, 'trim_max': 0, 'evaluations': 9, 'safe_feasible': 1, 'states': 0, 'selected_radius': 0.2, 'selected_trim': 0.0107956, 'selected_score': 1}, {'index': 8, 'radius_min': 0, 'radius_max': 0, 'trim_min': 0, 'trim_max': 0, 'evaluations': 9, 'safe_feasible': 1, 'states': 0, 'selected_radius': 0.2, 'selected_trim': 0.0136398, 'selected_score': 1}, {'index': 9, 'radius_min': 0, 'radius_max': 0, 'trim_min': 0, 'trim_max': 0, 'evaluations': 9, 'safe_feasible': 3, 'states': 0, 'selected_radius': 0.5, 'selected_trim': 0.0427422, 'selected_score': 0.9}, {'index': 10, 'radius_min': 0, 'radius_max': 0, 'trim_min': 0, 'trim_max': 0, 'evaluations': 9, 'safe_feasible': 3, 'states': 0, 'selected_radius': 0.5, 'selected_trim': 0.0427005, 'selected_score': 0.9}, {'index': 11, 'radius_min': 0, 'radius_max': 0, 'trim_min': 0, 'trim_max': 0, 'evaluations': 9, 'safe_feasible': 1, 'states': 0, 'selected_radius': 0.2, 'selected_trim': 0.0136141, 'selected_score': 1}, {'index': 12, 'radius_min': 0, 'radius_max': 0, 'trim_min': 0, 'trim_max': 0, 'evaluations': 9, 'safe_feasible': 1, 'states': 0, 'selected_radius': 0.2, 'selected_trim': 0.0107615, 'selected_score': 1}, {'index': 13, 'radius_min': 0, 'radius_max': 0, 'trim_min': 0, 'trim_max': 0, 'evaluations': 9, 'safe_feasible': 2, 'states': 0, 'selected_radius': 0.5, 'selected_trim': 0.0237657, 'selected_score': 0.75}, {'index': 14, 'radius_min': 0, 'radius_max': 0, 'trim_min': 0, 'trim_max': 0, 'evaluations': 9, 'safe_feasible': 1, 'states': 0, 'selected_radius': 0.2, 'selected_trim': 0.018438, 'selected_score': 1}, {'index': 15, 'radius_min': 0, 'radius_max': 0, 'trim_min': 0, 'trim_max': 0, 'evaluations': 9, 'safe_feasible': 8, 'states': 0, 'selected_radius': 1.5, 'selected_trim': 0.159844, 'selected_score': 0.85}]",16,0,144,none,16,0,0.0,200,0.940625,332,0,"{'angular acceleration iteration did not converge': 23, 'transition would overlap an adjacent corner window': 91}",0.00483882,fixed,0.05,0,30,Smac2D,051b82ba75070d22b2226315ae66c1055d853938029178911cfdb6490360848a,70,df142b2c625d810c40c650cd048238821df1bf8d955799fb5034a1f207d46c31,0,1,vertical_rack_detour,True,4.124628651446538,3.0718505032923,3.433849360073217,1,0.012098944000172196
0.006,4.26294448336256,0.01129675308549746,0.005652242466392229,,0.33793965527722775,0.11464466264901119,0.11464466264901119,0,171,,,,,,,,,,,,,3.2421678588974117,pivot_g2,0.05,151,1734bbf77682b7b5f57092929de4011e1a0a2a7d4d7c352a55cc426540f6822c,3.4340519045580784,119,94,"[{'index': 0, 'radius_min': 0.1, 'radius_max': 1.00608, 'trim_min': 0.00519083, 'trim_max': 0.0522241, 'evaluations': 6, 'safe_feasible': 4, 'states': 5, 'selected_radius': 0, 'selected_trim': 0, 'selected_score': 0}, {'index': 1, 'radius_min': 0.1, 'radius_max': 0.912111, 'trim_min': 0.00572563, 'trim_max': 0.0522241, 'evaluations': 6, 'safe_feasible': 4, 'states': 5, 'selected_radius': 0, 'selected_trim': 0, 'selected_score': 0}, {'index': 2, 'radius_min': 0.1, 'radius_max': 0.894403, 'trim_min': 0.00608834, 'trim_max': 0.0544543, 'evaluations': 6, 'safe_feasible': 5, 'states': 6, 'selected_radius': 0, 'selected_trim': 0, 'selected_score': 0}, {'index': 3, 'radius_min': 0.1, 'radius_max': 0.584805, 'trim_min': 0.00990296, 'trim_max': 0.057913, 'evaluations': 6, 'safe_feasible': 4, 'states': 5, 'selected_radius': 0, 'selected_trim': 0, 'selected_score': 0}, {'index': 4, 'radius_min': 0.1, 'radius_max': 0.950385, 'trim_min': 0.00637039, 'trim_max': 0.0605432, 'evaluations': 11, 'safe_feasible': 8, 'states': 6, 'selected_radius': 0, 'selected_trim': 0, 'selected_score': 0}, {'index': 5, 'radius_min': 0.1, 'radius_max': 1.2879, 'trim_min': 0.00444878, 'trim_max': 0.0572957, 'evaluations': 11, 'safe_feasible': 8, 'states': 6, 'selected_radius': 0, 'selected_trim': 0, 'selected_score': 0}, {'index': 6, 'radius_min': 0.1, 'radius_max': 1.14247, 'trim_min': 0.00478158, 'trim_max': 0.0546283, 'evaluations': 6, 'safe_feasible': 4, 'states': 5, 'selected_radius': 0, 'selected_trim': 0, 'selected_score': 0}, {'index': 7, 'radius_min': 0.1, 'radius_max': 0.971664, 'trim_min': 0.00539778, 'trim_max': 0.0524483, 'evaluations': 6, 'safe_feasible': 4, 'states': 5, 'selected_radius': 0, 'selected_trim': 0, 'selected_score': 0}, {'index': 8, 'radius_min': 0.1, 'radius_max': 0.769046, 'trim_min': 0.00681992, 'trim_max': 0.0524483, 'evaluations': 6, 'safe_feasible': 4, 'states': 5, 'selected_radius': 0, 'selected_trim': 0, 'selected_score': 0}, {'index': 9, 'radius_min': 0.1, 'radius_max': 1.18703, 'trim_min': 0.00854845, 'trim_max': 0.101472, 'evaluations': 11, 'safe_feasible': 9, 'states': 6, 'selected_radius': 0.208703, 'selected_trim': 0.0178408, 'selected_score': 0.528795}, {'index': 10, 'radius_min': 0.1, 'radius_max': 1.18815, 'trim_min': 0.00854011, 'trim_max': 0.101469, 'evaluations': 11, 'safe_feasible': 9, 'states': 6, 'selected_radius': 0.208815, 'selected_trim': 0.017833, 'selected_score': 0.52845}, {'index': 11, 'radius_min': 0.1, 'radius_max': 0.770395, 'trim_min': 0.00680703, 'trim_max': 0.052441, 'evaluations': 6, 'safe_feasible': 4, 'states': 5, 'selected_radius': 0, 'selected_trim': 0, 'selected_score': 0}, {'index': 12, 'radius_min': 0.1, 'radius_max': 0.9746, 'trim_min': 0.00538077, 'trim_max': 0.052441, 'evaluations': 6, 'safe_feasible': 4, 'states': 5, 'selected_radius': 0, 'selected_trim': 0, 'selected_score': 0}, {'index': 13, 'radius_min': 0.1, 'radius_max': 1.14891, 'trim_min': 0.00475314, 'trim_max': 0.0546096, 'evaluations': 6, 'safe_feasible': 4, 'states': 5, 'selected_radius': 0, 'selected_trim': 0, 'selected_score': 0}, {'index': 14, 'radius_min': 0.1, 'radius_max': 0.621028, 'trim_min': 0.00921901, 'trim_max': 0.0572526, 'evaluations': 6, 'safe_feasible': 4, 'states': 5, 'selected_radius': 0, 'selected_trim': 0, 'selected_score': 0}, {'index': 15, 'radius_min': 0.1, 'radius_max': 1.5, 'trim_min': 0.0106562, 'trim_max': 0.159844, 'evaluations': 20, 'safe_feasible': 17, 'states': 6, 'selected_radius': 1.5, 'selected_trim': 0.159844, 'selected_score': 0.191563}]",16,86,130,none,3,13,0.19741554580092202,200,0.416269,151,13,"{'angular acceleration iteration did not converge': 18, 'transition requires a reversing inner wheel': 16}",0.00593364,adaptive,0.05,1.6151880653730184,96,Smac2D,051b82ba75070d22b2226315ae66c1055d853938029178911cfdb6490360848a,70,df142b2c625d810c40c650cd048238821df1bf8d955799fb5034a1f207d46c31,0,1,vertical_rack_detour,True,0.973104969120831,2.8532759128342438,3.435097264130891,14,0.009525048000341485
0.006,1.8859832356267618,0.02056907080748049,0.011035373980557631,,0.3487356224901545,0.10606601875848895,0.10606601875848895,0,125,4.12463,0,253,True,3.13167,253,True,simple_default,simple,1.88598,253,True,1.4608732608365156,adaptive_hybrid_fixed,0.05,61,aa41742da0f9f5b996e8b8b5ea8e7e12286610ed16421ba11365e5581aba5b83,3.406449802613775,,,,,,,,,0,0.0,,,,,,,,,0,,Smac2D,051b82ba75070d22b2226315ae66c1055d853938029178911cfdb6490360848a,70,df142b2c625d810c40c650cd048238821df1bf8d955799fb5034a1f207d46c31,0,1,vertical_rack_detour,True,1.8859832356267618,1.4608732608365156,3.406449802613775,1,0.008244211999681283
0.009000000000000001,1.8859832356267618,0.02056907080748049,0.011035373980557631,,0.3487356224901545,0.10606601875848895,0.10606601875848895,0,125,0.973105,13,253,True,3.13167,253,True,simple_default,simple,1.88598,253,True,1.4608732608365156,adaptive_hybrid,0.05,61,aa41742da0f9f5b996e8b8b5ea8e7e12286610ed16421ba11365e5581aba5b83,3.406449802613775,,,,,,,,,0,0.0,,,,,,,,,0,,Smac2D,051b82ba75070d22b2226315ae66c1055d853938029178911cfdb6490360848a,70,df142b2c625d810c40c650cd048238821df1bf8d955799fb5034a1f207d46c31,0,1,vertical_rack_detour,True,1.8859832356267618,1.4608732608365156,3.406449802613775,1,0.00827779199971701
0.003,3.803889761592728,2.220446049250313e-16,6.276133595630801e-17,,0.3912835901839702,0.2146446641391273,0.2146446641391273,0,228,,,,,,,,,,,,,2.3025184646760852,raw,0.05,117,b455d55ef709413e0a835204705c8313fd80ee4eb328f3db03c30b53a417d874,6.200810361806175,,,,,,,,,0,0.0,,,,,,,,,0,,Smac2D,a9d17c8140f1653690c508d0376e53ad7e8e673638e7b854c2f302993ca45111,126,b455d55ef709413e0a835204705c8313fd80ee4eb328f3db03c30b53a417d874,0,1,horizontal_rack_detour,True,3.803889761592728,2.3025184646760852,6.200810361806175,1,0.0036376739999468555
0.0,2.579176780513469,0.023168839965832678,0.00866813717309823,,0.38965144673795415,0.17677669793081488,0.2146446641391273,0,222,,,,,,,,,,,,,1.7716192128290371,simple,0.05,117,b723c8188f1939a740cce4fb33cec74ea7252e03749f595fae63cf9a66156fb5,6.162473908540635,,,,,,,,,0,0.0,,,,,,,,,0,,Smac2D,a9d17c8140f1653690c508d0376e53ad7e8e673638e7b854c2f302993ca45111,125,b455d55ef709413e0a835204705c8313fd80ee4eb328f3db03c30b53a417d874,0,1,horizontal_rack_detour,True,2.579176780513469,1.7716192128290371,6.162473908540635,1,0.007852072999867232
0.0,3.533809402502569,0.0020144047931959256,0.0005359693865030117,,0.38978338219238146,0.2146446641391273,0.2146446641391273,0,229,,,,,,,,,,,,,2.1780451308581434,savitzky_golay,0.05,117,4d54f2e8c3a7a3f2c8d73f992fedfd92dd4048ba2927703890ec4402f2565d54,6.199512211045696,,,,,,,,,0,0.0,,,,,,,,,0,,Smac2D,a9d17c8140f1653690c508d0376e53ad7e8e673638e7b854c2f302993ca45111,126,b455d55ef709413e0a835204705c8313fd80ee4eb328f3db03c30b53a417d874,0,1,horizontal_rack_detour,True,3.533809402502569,2.1780451308581434,6.199512211045696,1,0.00800649099983275
0.009000000000000001,4.045098072294161,0.026677512491462448,0.008238715171731841,,0.400648775299837,0.23390290478282266,0.23390290478282266,0,211,,,,,,,,,,,,,2.3551037308054155,constrained,0.05,117,fa89750bda3fddd958d8ed18803bb9069993be944bbaf75a646e32b5fd464cea,6.224713452899821,,,,,,,,,0,0.0,,,,,,,,,0,,Smac2D,a9d17c8140f1653690c508d0376e53ad7e8e673638e7b854c2f302993ca45111,126,b455d55ef709413e0a835204705c8313fd80ee4eb328f3db03c30b53a417d874,0,1,horizontal_rack_detour,True,4.045098072294161,2.3551037308054155,6.224713452899821,1,0.011182938999809267
0.006,4.765029672169325,0.016910233389025697,0.006603363116305378,,0.3374921965597823,0.2146446641391273,0.2146446641391273,0,425,,,,,,,,,,,,,4.6213848711327055,pivot_g2_fixed,0.05,416,cdecc23bb9e4d4628155a7c9767803f8428503867b87957c54c7b0b31355a14a,6.1966649383213905,0,49,"[{'index': 0, 'radius_min': 0, 'radius_max': 0, 'trim_min': 0, 'trim_max': 0, 'evaluations': 9, 'safe_feasible': 7, 'states': 0, 'selected_radius': 1.5, 'selected_trim': 0.0708146, 'selected_score': 1}, {'index': 1, 'radius_min': 0, 'radius_max': 0, 'trim_min': 0, 'trim_max': 0, 'evaluations': 9, 'safe_feasible': 7, 'states': 0, 'selected_radius': 1.5, 'selected_trim': 0.090944, 'selected_score': 1}, {'index': 2, 'radius_min': 0, 'radius_max': 0, 'trim_min': 0, 'trim_max': 0, 'evaluations': 9, 'safe_feasible': 1, 'states': 0, 'selected_radius': 0.2, 'selected_trim': 0.0128873, 'selected_score': 1}, {'index': 3, 'radius_min': 0, 'radius_max': 0, 'trim_min': 0, 'trim_max': 0, 'evaluations': 9, 'safe_feasible': 1, 'states': 0, 'selected_radius': 0.2, 'selected_trim': 0.0124364, 'selected_score': 1}, {'index': 4, 'radius_min': 0, 'radius_max': 0, 'trim_min': 0, 'trim_max': 0, 'evaluations': 9, 'safe_feasible': 1, 'states': 0, 'selected_radius': 0.2, 'selected_trim': 0.0122137, 'selected_score': 1}, {'index': 5, 'radius_min': 0, 'radius_max': 0, 'trim_min': 0, 'trim_max': 0, 'evaluations': 9, 'safe_feasible': 0, 'states': 0, 'selected_radius': 0, 'selected_trim': 0, 'selected_score': 0}, {'index': 6, 'radius_min': 0, 'radius_max': 0, 'trim_min': 0, 'trim_max': 0, 'evaluations': 9, 'safe_feasible': 2, 'states': 0, 'selected_radius': 0.5, 'selected_trim': 0.0392664, 'selected_score': 0.9}, {'index': 7, 'radius_min': 0, 'radius_max': 0, 'trim_min': 0, 'trim_max': 0, 'evaluations': 9, 'safe_feasible': 4, 'states': 0, 'selected_radius': 0.75, 'selected_trim': 0.0436301, 'selected_score': 0.950225}, {'index': 8, 'radius_min': 0, 'radius_max': 0, 'trim_min': 0, 'trim_max': 0, 'evaluations': 9, 'safe_feasible': 2, 'states': 0, 'selected_radius': 0.5, 'selected_trim': 0.0223751, 'selected_score': 0.9}, {'index': 9, 'radius_min': 0, 'radius_max': 0, 'trim_min': 0, 'trim_max': 0, 'evaluations': 9, 'safe_feasible': 1, 'states': 0, 'selected_radius': 0.2, 'selected_trim': 0.00955059, 'selected_score': 1}, {'index': 10, 'radius_min': 0, 'radius_max': 0, 'trim_min': 0, 'trim_max': 0, 'evaluations': 9, 'safe_feasible': 1, 'states': 0, 'selected_radius': 0.2, 'selected_trim': 0.0114651, 'selected_score': 1}, {'index': 11, 'radius_min': 0, 'radius_max': 0, 'trim_min': 0, 'trim_max': 0, 'evaluations': 9, 'safe_feasible': 1, 'states': 0, 'selected_radius': 0.2, 'selected_trim': 0.0105886, 'selected_score': 1}, {'index': 12, 'radius_min': 0, 'radius_max': 0, 'trim_min': 0, 'trim_max': 0, 'evaluations': 9, 'safe_feasible': 2, 'states': 0, 'selected_radius': 0.5, 'selected_trim': 0.0237197, 'selected_score': 0.9}, {'index': 13, 'radius_min': 0, 'radius_max': 0, 'trim_min': 0, 'trim_max': 0, 'evaluations': 9, 'safe_feasible': 2, 'states': 0, 'selected_radius': 0.5, 'selected_trim': 0.0237066, 'selected_score': 0.9}, {'index': 14, 'radius_min': 0, 'radius_max': 0, 'trim_min': 0, 'trim_max': 0, 'evaluations': 9, 'safe_feasible': 1, 'states': 0, 'selected_radius': 0.2, 'selected_trim': 0.0105693, 'selected_score': 1}, {'index': 15, 'radius_min': 0, 'radius_max': 0, 'trim_min': 0, 'trim_max': 0, 'evaluations': 9, 'safe_feasible': 1, 'states': 0, 'selected_radius': 0.2, 'selected_trim': 0.0114208, 'selected_score': 1}, {'index': 16, 'radius_min': 0, 'radius_max': 0, 'trim_min': 0, 'trim_max': 0, 'evaluations': 9, 'safe_feasible': 1, 'states': 0, 'selected_radius': 0.2, 'selected_trim': 0.0151991, 'selected_score': 1}, {'index': 17, 'radius_min': 0, 'radius_max': 0, 'trim_min': 0, 'trim_max': 0, 'evaluations': 9, 'safe_feasible': 4, 'states': 0, 'selected_radius': 0.75, 'selected_trim': 0.060286, 'selected_score': 0.943473}, {'index': 18, 'radius_min': 0, 'radius_max': 0, 'trim_min': 0, 'trim_max': 0, 'evaluations': 9, 'safe_feasible': 4, 'states': 0, 'selected_radius': 0.75, 'selected_trim': 0.0584529, 'selected_score': 0.944189}, {'index': 19, 'radius_min': 0, 'radius_max': 0, 'trim_min': 0, 'trim_max': 0, 'evaluations': 9, 'safe_feasible': 6, 'states': 0, 'selected_radius': 1.25, 'selected_trim': 0.0665515, 'selected_score': 1}]",20,0,180,none,19,1,0.2605347971240195,200,0.970415,416,1,"{'angular acceleration iteration did not converge': 35, 'transition would overlap an adjacent corner window': 96}",0.00629505,fixed,0.05,0.2605347971240195,49,Smac2D,a9d17c8140f1653690c508d0376e53ad7e8e673638e7b854c2f302993ca45111,125,b455d55ef709413e0a835204705c8313fd80ee4eb328f3db03c30b53a417d874,0,1,horizontal_rack_detour,True,3.566019578063614,2.696495858009352,6.19681950906834,2,0.016855716000009124
0.009000000000000001,5.102303380347315,0.016910390808869982,0.006611811180558219,,0.38972867225280083,0.2146446641391273,0.2146446641391273,0,271,,,,,,,,,,,,,4.6178478250363195,pivot_g2,0.05,250,2f4d8177214aac9a2d5e7b6e519a4a826615f937e8fefcc09e78f1e05f9a4368,6.196914950663253,186,153,"[{'index': 0, 'radius_min': 0.1, 'radius_max': 1.5, 'trim_min': 0.00472098, 'trim_max': 0.0708146, 'evaluations': 11, 'safe_feasible': 9, 'states': 6, 'selected_radius': 1.5, 'selected_trim': 0.0708146, 'selected_score': 0.0687789}, {'index': 1, 'radius_min': 0.1, 'radius_max': 1.5, 'trim_min': 0.00606293, 'trim_max': 0.090944, 'evaluations': 11, 'safe_feasible': 9, 'states': 6, 'selected_radius': 1.5, 'selected_trim': 0.090944, 'selected_score': 0.0845736}, {'index': 2, 'radius_min': 0.1, 'radius_max': 0.893677, 'trim_min': 0.00644366, 'trim_max': 0.0575855, 'evaluations': 11, 'safe_feasible': 9, 'states': 6, 'selected_radius': 0, 'selected_trim': 0, 'selected_score': 0}, {'index': 3, 'radius_min': 0.1, 'radius_max': 0.871134, 'trim_min': 0.00621818, 'trim_max': 0.0541687, 'evaluations': 6, 'safe_feasible': 5, 'states': 6, 'selected_radius': 0, 'selected_trim': 0, 'selected_score': 0}, {'index': 4, 'radius_min': 0.1, 'radius_max': 0.850214, 'trim_min': 0.00610686, 'trim_max': 0.0519214, 'evaluations': 6, 'safe_feasible': 4, 'states': 5, 'selected_radius': 0, 'selected_trim': 0, 'selected_score': 0}, {'index': 5, 'radius_min': 0.1, 'radius_max': 0.396318, 'trim_min': 0.0131009, 'trim_max': 0.0519214, 'evaluations': 6, 'safe_feasible': 4, 'states': 5, 'selected_radius': 0, 'selected_trim': 0, 'selected_score': 0}, {'index': 6, 'radius_min': 0.1, 'radius_max': 1.28903, 'trim_min': 0.00785328, 'trim_max': 0.101231, 'evaluations': 11, 'safe_feasible': 8, 'states': 6, 'selected_radius': 0.218903, 'selected_trim': 0.0171911, 'selected_score': 0.436944}, {'index': 7, 'radius_min': 0.1, 'radius_max': 1.5, 'trim_min': 0.00581735, 'trim_max': 0.0872603, 'evaluations': 11, 'safe_feasible': 9, 'states': 6, 'selected_radius': 0.24, 'selected_trim': 0.0139616, 'selected_score': 0.379701}, {'index': 8, 'radius_min': 0.1, 'radius_max': 1.1789, 'trim_min': 0.00447502, 'trim_max': 0.0527558, 'evaluations': 6, 'safe_feasible': 4, 'states': 5, 'selected_radius': 0, 'selected_trim': 0, 'selected_score': 0}, {'index': 9, 'radius_min': 0.1, 'radius_max': 1.10477, 'trim_min': 0.0047753, 'trim_max': 0.0527558, 'evaluations': 6, 'safe_feasible': 3, 'states': 4, 'selected_radius': 0, 'selected_trim': 0, 'selected_score': 0}, {'index': 10, 'radius_min': 0.1, 'radius_max': 0.946454, 'trim_min': 0.00573256, 'trim_max': 0.0542561, 'evaluations': 6, 'safe_feasible': 4, 'states': 5, 'selected_radius': 0, 'selected_trim': 0, 'selected_score': 0}, {'index': 11, 'radius_min': 0.1, 'radius_max': 1.0675, 'trim_min': 0.00529429, 'trim_max': 0.0565167, 'evaluations': 11, 'safe_feasible': 9, 'states': 6, 'selected_radius': 0, 'selected_trim': 0, 'selected_score': 0}, {'index': 12, 'radius_min': 0.1, 'radius_max': 1.23281, 'trim_min': 0.00474394, 'trim_max': 0.0584839, 'evaluations': 11, 'safe_feasible': 8, 'states': 6, 'selected_radius': 0, 'selected_trim': 0, 'selected_score': 0}, {'index': 13, 'radius_min': 0.1, 'radius_max': 1.23362, 'trim_min': 0.00474132, 'trim_max': 0.0584899, 'evaluations': 11, 'safe_feasible': 8, 'states': 6, 'selected_radius': 0, 'selected_trim': 0, 'selected_score': 0}, {'index': 14, 'radius_min': 0.1, 'radius_max': 1.0697, 'trim_min': 0.00528467, 'trim_max': 0.05653, 'evaluations': 11, 'safe_feasible': 9, 'states': 6, 'selected_radius': 0, 'selected_trim': 0, 'selected_score': 0}, {'index': 15, 'radius_min': 0.1, 'radius_max': 0.950522, 'trim_min': 0.0057104, 'trim_max': 0.0542786, 'evaluations': 6, 'safe_feasible': 4, 'states': 5, 'selected_radius': 0, 'selected_trim': 0, 'selected_score': 0}, {'index': 16, 'radius_min': 0.1, 'radius_max': 0.714233, 'trim_min': 0.00759957, 'trim_max': 0.0542786, 'evaluations': 6, 'safe_feasible': 4, 'states': 5, 'selected_radius': 0, 'selected_trim': 0, 'selected_score': 0}, {'index': 17, 'radius_min': 0.1, 'radius_max': 1.5, 'trim_min': 0.00803813, 'trim_max': 0.120572, 'evaluations': 20, 'safe_feasible': 17, 'states': 6, 'selected_radius': 1.29, 'selected_trim': 0.103692, 'selected_score': 0.238809}, {'index': 18, 'radius_min': 0.1, 'radius_max': 1.5, 'trim_min': 0.00779372, 'trim_max': 0.116906, 'evaluations': 20, 'safe_feasible': 17, 'states': 6, 'selected_radius': 0.17, 'selected_trim': 0.0132493, 'selected_score': 0.503963}, {'index': 19, 'radius_min': 0.1, 'radius_max': 1.5, 'trim_min': 0.00532412, 'trim_max': 0.0798618, 'evaluations': 11, 'safe_feasible': 9, 'states': 6, 'selected_radius': 1.5, 'selected_trim': 0.0798618, 'selected_score': 0.158106}]",20,112,198,none,7,13,0.2605347971240195,200,0.267268,250,13,"{'angular acceleration iteration did not converge': 24, 'transition requires a reversing inner wheel': 20, 'trim distance exceeds corner segment geometry': 1}",0.00950961,adaptive,0.05,1.6015487006782732,153,Smac2D,a9d17c8140f1653690c508d0376e53ad7e8e673638e7b854c2f302993ca45111,125,b455d55ef709413e0a835204705c8313fd80ee4eb328f3db03c30b53a417d874,0,1,horizontal_rack_detour,True,1.2172146760422902,2.646646927370122,6.197597500050366,14,0.015294026999981725
0.006,2.579176780513469,0.023168839965832678,0.00866813717309823,,0.38965144673795415,0.17677669793081488,0.2146446641391273,0,222,3.56602,1,202,True,3.80389,202,True,simple_default,simple,2.57918,221,True,1.7716192128290371,adaptive_hybrid_fixed,0.05,117,b723c8188f1939a740cce4fb33cec74ea7252e03749f595fae63cf9a66156fb5,6.162473908540635,,,,,,,,,0,0.0,,,,,,,,,0,,Smac2D,a9d17c8140f1653690c508d0376e53ad7e8e673638e7b854c2f302993ca45111,125,b455d55ef709413e0a835204705c8313fd80ee4eb328f3db03c30b53a417d874,0,1,horizontal_rack_detour,True,2.579176780513469,1.7716192128290371,6.162473908540635,1,0.01030621500012785
0.009000000000000001,2.579176780513469,0.023168839965832678,0.00866813717309823,,0.38965144673795415,0.17677669793081488,0.2146446641391273,0,222,1.21721,13,202,True,3.80389,202,True,simple_default,simple,2.57918,221,True,1.7716192128290371,adaptive_hybrid,0.05,117,b723c8188f1939a740cce4fb33cec74ea7252e03749f595fae63cf9a66156fb5,6.162473908540635,,,,,,,,,0,0.0,,,,,,,,,0,,Smac2D,a9d17c8140f1653690c508d0376e53ad7e8e673638e7b854c2f302993ca45111,125,b455d55ef709413e0a835204705c8313fd80ee4eb328f3db03c30b53a417d874,0,1,horizontal_rack_detour,True,2.579176780513469,1.7716192128290371,6.162473908540635,1,0.015970066000136285
0.0,2.675764443417883,1.942890293094024e-16,4.7411991963665305e-17,,0.3059985779376819,0.2146446641391273,0.2146446641391273,0,175,,,,,,,,,,,,,2.233931568045656,raw,0.05,95,9ff263814e6d6d6a44dc06970f76360e02da093b5c6d5376d1ac6faa742bd86a,4.77878759266411,,,,,,,,,0,0.0,,,,,,,,,0,,Smac2D,37e9ac6d3930170f7a074c526666fa5b3f62808b9c41202bb46110c8b3d21826,97,9ff263814e6d6d6a44dc06970f76360e02da093b5c6d5376d1ac6faa742bd86a,0,1,right_rack_detour,True,2.675764443417883,2.233931568045656,4.77878759266411,1,0.003857212000184518
0.0,2.212966232620965,0.023202099848954022,0.008710466018526842,,0.2976433527453826,0.17677669793081488,0.18825146149581692,0,168,,,,,,,,,,,,,1.6672673652137928,simple,0.05,95,ff918e52f293f706baea3c66799e17de7bf2653998f5b0d7500ab8d540435156,4.749054688195953,,,,,,,,,0,0.0,,,,,,,,,0,,Smac2D,37e9ac6d3930170f7a074c526666fa5b3f62808b9c41202bb46110c8b3d21826,96,9ff263814e6d6d6a44dc06970f76360e02da093b5c6d5376d1ac6faa742bd86a,0,1,right_rack_detour,True,2.212966232620965,1.6672673652137928,4.749054688195953,1,0.006677283000044554
0.0,2.581540088991684,0.0008254309677097572,0.0002914236891498694,,0.30003504725924346,0.2146446641391273,0.2146446641391273,0,169,,,,,,,,,,,,,1.996933518953806,savitzky_golay,0.05,95,62dd9fbb033ac641e2ce585e60bf9b24ca6d33d19cd45512a4187a0ffd5d6cf2,4.7783211513756925,,,,,,,,,0,0.0,,,,,,,,,0,,Smac2D,37e9ac6d3930170f7a074c526666fa5b3f62808b9c41202bb46110c8b3d21826,97,9ff263814e6d6d6a44dc06970f76360e02da093b5c6d5376d1ac6faa742bd86a,0,1,right_rack_detour,True,2.581540088991684,1.996933518953806,4.7783211513756925,1,0.006651443999999174
0.006,2.7387750166935136,0.034769037132416206,0.013941101691272717,,0.309723859407043,0.23390290478282266,0.2474873771031409,0,156,,,,,,,,,,,,,2.070113380470265,constrained,0.05,95,8a1a4bc00fa4e34eda32ceed41efe4b7e9b179cf0bd9bfbdd8edd4e17b1ec775,4.811307039473938,,,,,,,,,0,0.0,,,,,,,,,0,,Smac2D,37e9ac6d3930170f7a074c526666fa5b3f62808b9c41202bb46110c8b3d21826,98,9ff263814e6d6d6a44dc06970f76360e02da093b5c6d5376d1ac6faa742bd86a,0,1,right_rack_detour,True,2.7387750166935136,2.070113380470265,4.811307039473938,1,0.012205743999857077
0.009000000000000001,2.9829298195903555,0.022217357260563158,0.007637311182107887,,0.2614189313280877,0.2146446641391273,0.2146446641391273,0,346,,,,,,,,,,,,,2.74082585842458,pivot_g2_fixed,0.05,344,b69f9e8ccdc777b05a162f2c3af1c23965c7d06549bd78c86f843a869bebe290,4.775055913384648,0,42,"[{'index': 0, 'radius_min': 0, 'radius_max': 0, 'trim_min': 0, 'trim_max': 0, 'evaluations': 9, 'safe_feasible': 2, 'states': 0, 'selected_radius': 0.5, 'selected_trim': 0.0401615, 'selected_score': 0.9}, {'index': 1, 'radius_min': 0, 'radius_max': 0, 'trim_min': 0, 'trim_max': 0, 'evaluations': 9, 'safe_feasible': 4, 'states': 0, 'selected_radius': 0.75, 'selected_trim': 0.0436304, 'selected_score': 0.950224}, {'index': 2, 'radius_min': 0, 'radius_max': 0, 'trim_min': 0, 'trim_max': 0, 'evaluations': 9, 'safe_feasible': 2, 'states': 0, 'selected_radius': 0.5, 'selected_trim': 0.0223756, 'selected_score': 0.9}, {'index': 3, 'radius_min': 0, 'radius_max': 0, 'trim_min': 0, 'trim_max': 0, 'evaluations': 9, 'safe_feasible': 1, 'states': 0, 'selected_radius': 0.2, 'selected_trim': 0.00955103, 'selected_score': 1}, {'index': 4, 'radius_min': 0, 'radius_max': 0, 'trim_min': 0, 'trim_max': 0, 'evaluations': 9, 'safe_feasible': 1, 'states': 0, 'selected_radius': 0.2, 'selected_trim': 0.0114661, 'selected_score': 1}, {'index': 5, 'radius_min': 0, 'radius_max': 0, 'trim_min': 0, 'trim_max': 0, 'evaluations': 9, 'safe_feasible': 1, 'states': 0, 'selected_radius': 0.2, 'selected_trim': 0.0105907, 'selected_score': 1}, {'index': 6, 'radius_min': 0, 'radius_max': 0, 'trim_min': 0, 'trim_max': 0, 'evaluations': 9, 'safe_feasible': 2, 'states': 0, 'selected_radius': 0.5, 'selected_trim': 0.023731, 'selected_score': 0.9}, {'index': 7, 'radius_min': 0, 'radius_max': 0, 'trim_min': 0, 'trim_max': 0, 'evaluations': 9, 'safe_feasible': 2, 'states': 0, 'selected_radius': 0.5, 'selected_trim': 0.023731, 'selected_score': 0.9}, {'index': 8, 'radius_min': 0, 'radius_max': 0, 'trim_min': 0, 'trim_max': 0, 'evaluations': 9, 'safe_feasible': 1, 'states': 0, 'selected_radius': 0.2, 'selected_trim': 0.0105907, 'selected_score': 1}, {'index': 9, 'radius_min': 0, 'radius_max': 0, 'trim_min': 0, 'trim_max': 0, 'evaluations': 9, 'safe_feasible': 1, 'states': 0, 'selected_radius': 0.2, 'selected_trim': 0.0114661, 'selected_score': 1}, {'index': 10, 'radius_min': 0, 'radius_max': 0, 'trim_min': 0, 'trim_max': 0, 'evaluations': 9, 'safe_feasible': 1, 'states': 0, 'selected_radius': 0.2, 'selected_trim': 0.0154986, 'selected_score': 1}, {'index': 11, 'radius_min': 0, 'radius_max': 0, 'trim_min': 0, 'trim_max': 0, 'evaluations': 9, 'safe_feasible': 5, 'states': 0, 'selected_radius': 0.75, 'selected_trim': 0.0648867, 'selected_score': 0.926894}, {'index': 12, 'radius_min': 0, 'radius_max': 0, 'trim_min': 0, 'trim_max': 0, 'evaluations': 9, 'safe_feasible': 5, 'states': 0, 'selected_radius': 1, 'selected_trim': 0.0594192, 'selected_score': 0.974741}, {'index': 13, 'radius_min': 0, 'radius_max': 0, 'trim_min': 0, 'trim_max': 0, 'evaluations': 9, 'safe_feasible': 9, 'states': 0, 'selected_radius': 1.5, 'selected_trim': 0.00785469, 'selected_score': 0.987177}, {'index': 14, 'radius_min': 0, 'radius_max': 0, 'trim_min': 0, 'trim_max': 0, 'evaluations': 9, 'safe_feasible': 2, 'states': 0, 'selected_radius': 0.5, 'selected_trim': 0.0396556, 'selected_score': 0.9}, {'index': 15, 'radius_min': 0, 'radius_max': 0, 'trim_min': 0, 'trim_max': 0, 'evaluations': 9, 'safe_feasible': 3, 'states': 0, 'selected_radius': 0.6, 'selected_trim': 0.0401579, 'selected_score': 0.919359}]",16,0,144,none,16,0,0.0,200,0.95365,344,0,"{'angular acceleration iteration did not converge': 28, 'transition would overlap an adjacent corner window': 74}",0.00639884,fixed,0.05,0,42,Smac2D,37e9ac6d3930170f7a074c526666fa5b3f62808b9c41202bb46110c8b3d21826,97,9ff263814e6d6d6a44dc06970f76360e02da093b5c6d5376d1ac6faa742bd86a,0,1,right_rack_detour,True,2.9829298195903555,2.74082585842458,4.775055913384648,1,0.013556610000250657
0.006,3.457983051760995,0.022211579657569414,0.0076310997838990825,,0.2808961223099985,0.2146446641391273,0.2146446641391273,0,233,,,,,,,,,,,,,2.817939796643663,pivot_g2,0.05,222,d4d899433a4af0c4e1eedee124ea6d04b35561c732ee37d1638baa3086f37089,4.775547941809935,113,115,"[{'index': 0, 'radius_min': 0.1, 'radius_max': 1.2603, 'trim_min': 0.0080323, 'trim_max': 0.101231, 'evaluations': 11, 'safe_feasible': 8, 'states': 6, 'selected_radius': 0.21603, 'selected_trim': 0.0173522, 'selected_score': 0.442569}, {'index': 1, 'radius_min': 0.1, 'radius_max': 1.5, 'trim_min': 0.00581739, 'trim_max': 0.0872609, 'evaluations': 11, 'safe_feasible': 9, 'states': 6, 'selected_radius': 0.24, 'selected_trim': 0.0139617, 'selected_score': 0.379702}, {'index': 2, 'radius_min': 0.1, 'radius_max': 1.17886, 'trim_min': 0.00447513, 'trim_max': 0.0527554, 'evaluations': 6, 'safe_feasible': 4, 'states': 5, 'selected_radius': 0, 'selected_trim': 0, 'selected_score': 0}, {'index': 3, 'radius_min': 0.1, 'radius_max': 1.10471, 'trim_min': 0.00477552, 'trim_max': 0.0527554, 'evaluations': 6, 'safe_feasible': 4, 'states': 5, 'selected_radius': 0, 'selected_trim': 0, 'selected_score': 0}, {'index': 4, 'radius_min': 0.1, 'radius_max': 0.946358, 'trim_min': 0.00573306, 'trim_max': 0.0542553, 'evaluations': 6, 'safe_feasible': 4, 'states': 5, 'selected_radius': 0, 'selected_trim': 0, 'selected_score': 0}, {'index': 5, 'radius_min': 0.1, 'radius_max': 1.06726, 'trim_min': 0.00529535, 'trim_max': 0.0565152, 'evaluations': 11, 'safe_feasible': 9, 'states': 6, 'selected_radius': 0, 'selected_trim': 0, 'selected_score': 0}, {'index': 6, 'radius_min': 0.1, 'radius_max': 1.23217, 'trim_min': 0.00474619, 'trim_max': 0.0584811, 'evaluations': 11, 'safe_feasible': 8, 'states': 6, 'selected_radius': 0, 'selected_trim': 0, 'selected_score': 0}, {'index': 7, 'radius_min': 0.1, 'radius_max': 1.23217, 'trim_min': 0.00474619, 'trim_max': 0.0584811, 'evaluations': 11, 'safe_feasible': 8, 'states': 6, 'selected_radius': 0, 'selected_trim': 0, 'selected_score': 0}, {'index': 8, 'radius_min': 0.1, 'radius_max': 1.06726, 'trim_min': 0.00529535, 'trim_max': 0.0565152, 'evaluations': 11, 'safe_feasible': 8, 'states': 6, 'selected_radius': 0, 'selected_trim': 0, 'selected_score': 0}, {'index': 9, 'radius_min': 0.1, 'radius_max': 0.946358, 'trim_min': 0.00573306, 'trim_max': 0.0542553, 'evaluations': 6, 'safe_feasible': 4, 'states': 5, 'selected_radius': 0, 'selected_trim': 0, 'selected_score': 0}, {'index': 10, 'radius_min': 0.1, 'radius_max': 0.700134, 'trim_min': 0.00774928, 'trim_max': 0.0542553, 'evaluations': 6, 'safe_feasible': 2, 'states': 3, 'selected_radius': 0, 'selected_trim': 0, 'selected_score': 0}, {'index': 11, 'radius_min': 0.1, 'radius_max': 1.5, 'trim_min': 0.00865155, 'trim_max': 0.129773, 'evaluations': 20, 'safe_feasible': 17, 'states': 6, 'selected_radius': 0.17, 'selected_trim': 0.0147076, 'selected_score': 0.546329}, {'index': 12, 'radius_min': 0.1, 'radius_max': 1.5, 'trim_min': 0.00594192, 'trim_max': 0.0891289, 'evaluations': 11, 'safe_feasible': 9, 'states': 6, 'selected_radius': 1.36, 'selected_trim': 0.0808102, 'selected_score': 0.19461}, {'index': 13, 'radius_min': 0.1, 'radius_max': 1.5, 'trim_min': 0.000523646, 'trim_max': 0.00785469, 'evaluations': 6, 'safe_feasible': 5, 'states': 6, 'selected_radius': 1.5, 'selected_trim': 0.00785469, 'selected_score': 0.0940592}, {'index': 14, 'radius_min': 0.1, 'radius_max': 1.2847, 'trim_min': 0.00793113, 'trim_max': 0.101892, 'evaluations': 11, 'safe_feasible': 8, 'states': 6, 'selected_radius': 0.21847, 'selected_trim': 0.0173272, 'selected_score': 0.44071}, {'index': 15, 'radius_min': 0.1, 'radius_max': 1.5, 'trim_min': 0.00669298, 'trim_max': 0.100395, 'evaluations': 11, 'safe_feasible': 9, 'states': 6, 'selected_radius': 0.24, 'selected_trim': 0.0160632, 'selected_score': 0.384286}]",16,89,155,none,7,9,0.15467638529223035,200,0.354609,222,9,"{'angular acceleration iteration did not converge': 21, 'transition contains an unintended curvature reversal': 1, 'transition requires a reversing inner wheel': 15, 'trim distance exceeds corner segment geometry': 2}",0.0063699,adaptive,0.05,0.9699505712218152,116,Smac2D,37e9ac6d3930170f7a074c526666fa5b3f62808b9c41202bb46110c8b3d21826,97,9ff263814e6d6d6a44dc06970f76360e02da093b5c6d5376d1ac6faa742bd86a,0,1,right_rack_detour,True,1.6746614099891646,2.9004215569216116,4.7759689761597235,10,0.01095525299979272
0.006,2.212966232620965,0.023202099848954022,0.008710466018526842,,0.2976433527453826,0.17677669793081488,0.18825146149581692,0,168,2.98293,0,202,True,2.67576,202,True,simple_default,simple,2.21297,221,True,1.6672673652137928,adaptive_hybrid_fixed,0.05,95,ff918e52f293f706baea3c66799e17de7bf2653998f5b0d7500ab8d540435156,4.749054688195953,,,,,,,,,0,0.0,,,,,,,,,0,,Smac2D,37e9ac6d3930170f7a074c526666fa5b3f62808b9c41202bb46110c8b3d21826,96,9ff263814e6d6d6a44dc06970f76360e02da093b5c6d5376d1ac6faa742bd86a,0,1,right_rack_detour,True,2.212966232620965,1.6672673652137928,4.749054688195953,1,0.009301014999891777
0.012,2.212966232620965,0.023202099848954022,0.008710466018526842,,0.2976433527453826,0.17677669793081488,0.18825146149581692,0,168,1.67466,9,202,True,2.67576,202,True,simple_default,simple,2.21297,221,True,1.6672673652137928,adaptive_hybrid,0.05,95,ff918e52f293f706baea3c66799e17de7bf2653998f5b0d7500ab8d540435156,4.749054688195953,,,,,,,,,0,0.0,,,,,,,,,0,,Smac2D,37e9ac6d3930170f7a074c526666fa5b3f62808b9c41202bb46110c8b3d21826,96,9ff263814e6d6d6a44dc06970f76360e02da093b5c6d5376d1ac6faa742bd86a,0,1,right_rack_detour,True,2.212966232620965,1.6672673652137928,4.749054688195953,1,0.013573833000009472
0.009000000000000001,7.03382475231071,4.440892098500626e-16,5.4938334559693887e-17,,0.4388807089621792,0.11464466264901119,0.2146446641391273,0,501,,,,,,,,,,,,,2.414834821040011,raw,0.05,255,6f80b582eaed1de839d63dc42832577cee0fbebd6f918ab9b3d40495162b72a7,13.820870283712216,,,,,,,,,0,0.0,,,,,,,,,0,,Smac2D,829d3ee9dc31bbe64f323e579cfd68f9cdf6ec509f385b91b2fe4753b9d7d9a2,278,6f80b582eaed1de839d63dc42832577cee0fbebd6f918ab9b3d40495162b72a7,0,1,long_southwest_to_northeast,True,7.03382475231071,2.414834821040011,13.820870283712216,1,0.01161980400001994
0.0,4.631305414011209,0.02319014028887204,0.008135824837933743,,0.4376057090180798,0.11464466264901119,0.2146446641391273,0,488,,,,,,,,,,,,,1.6656398388517692,simple,0.05,255,946743123feae6bdec27da17dd064a1a83ed7e33f8bd84f626218b53571b0826,13.749458065661031,,,,,,,,,0,0.0,,,,,,,,,0,,Smac2D,829d3ee9dc31bbe64f323e579cfd68f9cdf6ec509f385b91b2fe4753b9d7d9a2,277,6f80b582eaed1de839d63dc42832577cee0fbebd6f918ab9b3d40495162b72a7,0,1,long_southwest_to_northeast,True,4.631305414011209,1.6656398388517692,13.749458065661031,1,0.009756827999808593
0.003,6.590324977653797,0.0019007575428923954,0.00041277306155921905,,0.4392077802026316,0.11464466264901119,0.2146446641391273,0,496,,,,,,,,,,,,,2.283566384775732,savitzky_golay,0.05,255,bf6de39e011c410f91aa81b6f79949b1895fb6a8de84d6bdb93cc17d0248427d,13.818697347816283,,,,,,,,,0,0.0,,,,,,,,,0,,Smac2D,829d3ee9dc31bbe64f323e579cfd68f9cdf6ec509f385b91b2fe4753b9d7d9a2,278,6f80b582eaed1de839d63dc42832577cee0fbebd6f918ab9b3d40495162b72a7,0,1,long_southwest_to_northeast,True,6.590324977653797,2.283566384775732,13.818697347816283,1,0.009791301999939606
0.015000000000000001,7.83064606156788,0.023195285101524927,0.009871483931054468,,0.43402778679438675,0.11464466264901119,0.22716252055752933,0,454,,,,,,,,,,,,,2.613339271280566,constrained,0.05,255,bf2eab40d2ade9c346d523c7dbd890b768bf686234b9a8b1039432666208ec0f,13.856291923944639,,,,,,,,,0,0.0,,,,,,,,,0,,Smac2D,829d3ee9dc31bbe64f323e579cfd68f9cdf6ec509f385b91b2fe4753b9d7d9a2,279,6f80b582eaed1de839d63dc42832577cee0fbebd6f918ab9b3d40495162b72a7,0,1,long_southwest_to_northeast,True,7.83064606156788,2.613339271280566,13.856291923944639,1,0.02604775800000425
0.012,9.50303392518848,0.018264905800612415,0.0067061125353632305,,0.3591530666376605,0.11464466264901119,0.2146446641391273,0,866,,,,,,,,,,,,,5.20637474655764,pivot_g2_fixed,0.05,849,4a68f062ccc196aee31239f7795969f79495ffb258ffe2da3d49e360ad277f32,13.813080064900987,0,88,"[{'index': 0, 'radius_min': 0, 'radius_max': 0, 'trim_min': 0, 'trim_max': 0, 'evaluations': 9, 'safe_feasible': 8, 'states': 0, 'selected_radius': 1.5, 'selected_trim': 0.0500316, 'selected_score': 0.974695}, {'index': 1, 'radius_min': 0, 'radius_max': 0, 'trim_min': 0, 'trim_max': 0, 'evaluations': 9, 'safe_feasible': 6, 'states': 0, 'selected_radius': 1, 'selected_trim': 0.0876451, 'selected_score': 0.946436}, {'index': 2, 'radius_min': 0, 'radius_max': 0, 'trim_min': 0, 'trim_max': 0, 'evaluations': 9, 'safe_feasible': 2, 'states': 0, 'selected_radius': 0.3, 'selected_trim': 0.0274556, 'selected_score': 1}, {'index': 3, 'radius_min': 0, 'radius_max': 0, 'trim_min': 0, 'trim_max': 0, 'evaluations': 9, 'safe_feasible': 2, 'states': 0, 'selected_radius': 0.5, 'selected_trim': 0.0399311, 'selected_score': 0.9}, {'index': 4, 'radius_min': 0, 'radius_max': 0, 'trim_min': 0, 'trim_max': 0, 'evaluations': 9, 'safe_feasible': 3, 'states': 0, 'selected_radius': 0.6, 'selected_trim': 0.0446309, 'selected_score': 0.920303}, {'index': 5, 'radius_min': 0, 'radius_max': 0, 'trim_min': 0, 'trim_max': 0, 'evaluations': 9, 'safe_feasible': 3, 'states': 0, 'selected_radius': 0.6, 'selected_trim': 0.0431235, 'selected_score': 0.920171}, {'index': 6, 'radius_min': 0, 'radius_max': 0, 'trim_min': 0, 'trim_max': 0, 'evaluations': 9, 'safe_feasible': 1, 'states': 0, 'selected_radius': 0.2, 'selected_trim': 0.0144929, 'selected_score': 1}, {'index': 7, 'radius_min': 0, 'radius_max': 0, 'trim_min': 0, 'trim_max': 0, 'evaluations': 9, 'safe_feasible': 1, 'states': 0, 'selected_radius': 0.2, 'selected_trim': 0.0143536, 'selected_score': 1}, {'index': 8, 'radius_min': 0, 'radius_max': 0, 'trim_min': 0, 'trim_max': 0, 'evaluations': 9, 'safe_feasible': 4, 'states': 0, 'selected_radius': 0.6, 'selected_trim': 0.0519501, 'selected_score': 0.911854}, {'index': 9, 'radius_min': 0, 'radius_max': 0, 'trim_min': 0, 'trim_max': 0, 'evaluations': 9, 'safe_feasible': 1, 'states': 0, 'selected_radius': 0.2, 'selected_trim': 0.0148538, 'selected_score': 1}, {'index': 10, 'radius_min': 0, 'radius_max': 0, 'trim_min': 0, 'trim_max': 0, 'evaluations': 9, 'safe_feasible': 2, 'states': 0, 'selected_radius': 0.5, 'selected_trim': 0.0238947, 'selected_score': 0.9}, {'index': 11, 'radius_min': 0, 'radius_max': 0, 'trim_min': 0, 'trim_max': 0, 'evaluations': 9, 'safe_feasible': 1, 'states': 0, 'selected_radius': 0.2, 'selected_trim': 0.0122023, 'selected_score': 1}, {'index': 12, 'radius_min': 0, 'radius_max': 0, 'trim_min': 0, 'trim_max': 0, 'evaluations': 9, 'safe_feasible': 1, 'states': 0, 'selected_radius': 0.2, 'selected_trim': 0.0157197, 'selected_score': 1}, {'index': 13, 'radius_min': 0, 'radius_max': 0, 'trim_min': 0, 'trim_max': 0, 'evaluations': 9, 'safe_feasible': 5, 'states': 0, 'selected_radius': 1, 'selected_trim': 0.0372724, 'selected_score': 0.963418}, {'index': 14, 'radius_min': 0, 'radius_max': 0, 'trim_min': 0, 'trim_max': 0, 'evaluations': 9, 'safe_feasible': 4, 'states': 0, 'selected_radius': 0.75, 'selected_trim': 0.0533926, 'selected_score': 0.942063}, {'index': 15, 'radius_min': 0, 'radius_max': 0, 'trim_min': 0, 'trim_max': 0, 'evaluations': 9, 'safe_feasible': 1, 'states': 0, 'selected_radius': 0.2, 'selected_trim': 0.0140341, 'selected_score': 1}, {'index': 16, 'radius_min': 0, 'radius_max': 0, 'trim_min': 0, 'trim_max': 0, 'evaluations': 9, 'safe_feasible': 1, 'states': 0, 'selected_radius': 0.2, 'selected_trim': 0.0142671, 'selected_score': 1}, {'index': 17, 'radius_min': 0, 'radius_max': 0, 'trim_min': 0, 'trim_max': 0, 'evaluations': 9, 'safe_feasible': 3, 'states': 0, 'selected_radius': 0.6, 'selected_trim': 0.0458318, 'selected_score': 0.920395}, {'index': 18, 'radius_min': 0, 'radius_max': 0, 'trim_min': 0, 'trim_max': 0, 'evaluations': 9, 'safe_feasible': 1, 'states': 0, 'selected_radius': 0.2, 'selected_trim': 0.0130657, 'selected_score': 1}, {'index': 19, 'radius_min': 0, 'radius_max': 0, 'trim_min': 0, 'trim_max': 0, 'evaluations': 9, 'safe_feasible': 2, 'states': 0, 'selected_radius': 0.5, 'selected_trim': 0.0244561, 'selected_score': 0.9}, {'index': 20, 'radius_min': 0, 'radius_max': 0, 'trim_min': 0, 'trim_max': 0, 'evaluations': 9, 'safe_feasible': 1, 'states': 0, 'selected_radius': 0.2, 'selected_trim': 0.012662, 'selected_score': 1}, {'index': 21, 'radius_min': 0, 'radius_max': 0, 'trim_min': 0, 'trim_max': 0, 'evaluations': 9, 'safe_feasible': 1, 'states': 0, 'selected_radius': 0.2, 'selected_trim': 0.0123628, 'selected_score': 1}, {'index': 22, 'radius_min': 0, 'radius_max': 0, 'trim_min': 0, 'trim_max': 0, 'evaluations': 9, 'safe_feasible': 0, 'states': 0, 'selected_radius': 0, 'selected_trim': 0, 'selected_score': 0}, {'index': 23, 'radius_min': 0, 'radius_max': 0, 'trim_min': 0, 'trim_max': 0, 'evaluations': 9, 'safe_feasible': 2, 'states': 0, 'selected_radius': 0.5, 'selected_trim': 0.0403723, 'selected_score': 0.9}, {'index': 24, 'radius_min': 0, 'radius_max': 0, 'trim_min': 0, 'trim_max': 0, 'evaluations': 9, 'safe_feasible': 4, 'states': 0, 'selected_radius': 0.75, 'selected_trim': 0.0436304, 'selected_score': 0.950224}, {'index': 25, 'radius_min': 0, 'radius_max': 0, 'trim_min': 0, 'trim_max': 0, 'evaluations': 9, 'safe_feasible': 2, 'states': 0, 'selected_radius': 0.5, 'selected_trim': 0.0223756, 'selected_score': 0.9}, {'index': 26, 'radius_min': 0, 'radius_max': 0, 'trim_min': 0, 'trim_max': 0, 'evaluations': 9, 'safe_feasible': 1, 'states': 0, 'selected_radius': 0.2, 'selected_trim': 0.00955103, 'selected_score': 1}, {'index': 27, 'radius_min': 0, 'radius_max': 0, 'trim_min': 0, 'trim_max': 0, 'evaluations': 9, 'safe_feasible': 1, 'states': 0, 'selected_radius': 0.2, 'selected_trim': 0.0114661, 'selected_score': 1}, {'index': 28, 'radius_min': 0, 'radius_max': 0, 'trim_min': 0, 'trim_max': 0, 'evaluations': 9, 'safe_feasible': 1, 'states': 0, 'selected_radius': 0.2, 'selected_trim': 0.0105907, 'selected_score': 1}, {'index': 29, 'radius_min': 0, 'radius_max': 0, 'trim_min': 0, 'trim_max': 0, 'evaluations': 9, 'safe_feasible': 2, 'states': 0, 'selected_radius': 0.5, 'selected_trim': 0.023731, 'selected_score': 0.9}, {'index': 30, 'radius_min': 0, 'radius_max': 0, 'trim_min': 0, 'trim_max': 0, 'evaluations': 9, 'safe_feasible': 2, 'states': 0, 'selected_radius': 0.5, 'selected_trim': 0.023731, 'selected_score': 0.9}, {'index': 31, 'radius_min': 0, 'radius_max': 0, 'trim_min': 0, 'trim_max': 0, 'evaluations': 9, 'safe_feasible': 1, 'states': 0, 'selected_radius': 0.2, 'selected_trim': 0.0105907, 'selected_score': 1}, {'index': 32, 'radius_min': 0, 'radius_max': 0, 'trim_min': 0, 'trim_max': 0, 'evaluations': 9, 'safe_feasible': 1, 'states': 0, 'selected_radius': 0.2, 'selected_trim': 0.0114661, 'selected_score': 1}, {'index': 33, 'radius_min': 0, 'radius_max': 0, 'trim_min': 0, 'trim_max': 0, 'evaluations': 9, 'safe_feasible': 1, 'states': 0, 'selected_radius': 0.2, 'selected_trim': 0.0154986, 'selected_score': 1}, {'index': 34, 'radius_min': 0, 'radius_max': 0, 'trim_min': 0, 'trim_max': 0, 'evaluations': 9, 'safe_feasible': 5, 'states': 0, 'selected_radius': 0.75, 'selected_trim': 0.0648873, 'selected_score': 0.926894}, {'index': 35, 'radius_min': 0, 'radius_max': 0, 'trim_min': 0, 'trim_max': 0, 'evaluations': 9, 'safe_feasible': 4, 'states': 0, 'selected_radius': 0.75, 'selected_trim': 0.0540369, 'selected_score': 0.942343}, {'index': 36, 'radius_min': 0, 'radius_max': 0, 'trim_min': 0, 'trim_max': 0, 'evaluations': 9, 'safe_feasible': 3, 'states': 0, 'selected_radius': 0.6, 'selected_trim': 0.0430459, 'selected_score': 0.920148}, {'index': 37, 'radius_min': 0, 'radius_max': 0, 'trim_min': 0, 'trim_max': 0, 'evaluations': 9, 'safe_feasible': 4, 'states': 0, 'selected_radius': 0.75, 'selected_trim': 0.0448739, 'selected_score': 0.952388}]",38,0,342,none,37,1,0.2669773108180365,200,0.959225,849,1,"{'angular acceleration iteration did not converge': 60, 'transition would overlap an adjacent corner window': 194}",0.0113369,fixed,0.05,0.2669773108180365,88,Smac2D,829d3ee9dc31bbe64f323e579cfd68f9cdf6ec509f385b91b2fe4753b9d7d9a2,278,6f80b582eaed1de839d63dc42832577cee0fbebd6f918ab9b3d40495162b72a7,0,1,long_southwest_to_northeast,True,8.106599466149312,2.7409580206841313,13.813132823879954,2,0.024668437999935122
,,,,"smoothing failed: status=6, code=504, message=''",,,,,,,,,,,,,,,,,,,pivot_g2,,,,,,,,,,,,,,,,,,,,,,,,,Smac2D,829d3ee9dc31bbe64f323e579cfd68f9cdf6ec509f385b91b2fe4753b9d7d9a2,,6f80b582eaed1de839d63dc42832577cee0fbebd6f918ab9b3d40495162b72a7,0,1,long_southwest_to_northeast,False,,,,,
0.012,4.631305414011209,0.02319014028887204,0.008135824837933743,,0.4376057090180798,0.11464466264901119,0.2146446641391273,0,488,8.1066,1,253,True,7.03382,253,True,simple_default,simple,4.63131,253,True,1.6656398388517692,adaptive_hybrid_fixed,0.05,255,946743123feae6bdec27da17dd064a1a83ed7e33f8bd84f626218b53571b0826,13.749458065661031,,,,,,,,,0,0.0,,,,,,,,,0,,Smac2D,829d3ee9dc31bbe64f323e579cfd68f9cdf6ec509f385b91b2fe4753b9d7d9a2,277,6f80b582eaed1de839d63dc42832577cee0fbebd6f918ab9b3d40495162b72a7,0,1,long_southwest_to_northeast,True,4.631305414011209,1.6656398388517692,13.749458065661031,1,0.01970520899976691
0.018000000000000002,4.631305414011209,0.02319014028887204,0.008135824837933743,,0.4376057090180798,0.11464466264901119,0.2146446641391273,0,488,,0,,False,7.03382,253,True,pivot_unsafe,simple,4.63131,253,True,1.6656398388517692,adaptive_hybrid,0.05,255,946743123feae6bdec27da17dd064a1a83ed7e33f8bd84f626218b53571b0826,13.749458065661031,,,,,,,,,0,0.0,,,,,,,,,0,,Smac2D,829d3ee9dc31bbe64f323e579cfd68f9cdf6ec509f385b91b2fe4753b9d7d9a2,277,6f80b582eaed1de839d63dc42832577cee0fbebd6f918ab9b3d40495162b72a7,0,1,long_southwest_to_northeast,True,4.631305414011209,1.6656398388517692,13.749458065661031,1,0.025521621000279993
0.003,4.436377440332716,8.881784197001252e-16,7.306442899992418e-17,,0.42904846499497923,0.16464466339406925,0.2146446641391273,0,487,,,,,,,,,,,,,2.098612804351066,raw,0.05,255,e1ecd0ffd747cbf5ef0f134c09def53f8c53a096dcb89fc6455b40906ad87554,13.614059797279312,,,,,,,,,0,0.0,,,,,,,,,0,,Smac2D,a1fe1c2d846e37312a20892e89db4e8fbcac919a24320d2c683b98cdeecf2132,274,e1ecd0ffd747cbf5ef0f134c09def53f8c53a096dcb89fc6455b40906ad87554,0,1,long_northeast_to_southwest,True,4.436377440332716,2.098612804351066,13.614059797279312,1,0.008842883999932383
0.003,3.409151315006058,0.02318793847978687,0.006684762471127555,,0.4281710802860703,0.16464466339406925,0.2146446641391273,0,475,,,,,,,,,,,,,1.6655190441052552,simple,0.05,255,91ca4eade2b019ccc6b3a6582e4bbaf79b94293ffd29aec8f5c95ca1520572b9,13.565948003046955,,,,,,,,,0,0.0,,,,,,,,,0,,Smac2D,a1fe1c2d846e37312a20892e89db4e8fbcac919a24320d2c683b98cdeecf2132,273,e1ecd0ffd747cbf5ef0f134c09def53f8c53a096dcb89fc6455b40906ad87554,0,1,long_northeast_to_southwest,True,3.409151315006058,1.6655190441052552,13.565948003046955,1,0.00937084799988952
0.0,4.238991998824894,0.0018058281188332438,0.00027975425931523173,,0.4305405810835374,0.16464466339406925,0.21959563989254183,0,484,,,,,,,,,,,,,1.9714502688981272,savitzky_golay,0.05,255,47cfe63df8319ad06e6cca2e26c73e5c8594fa96fc4f740338db199abc9f442f,13.613061859172367,,,,,,,,,0,0.0,,,,,,,,,0,,Smac2D,a1fe1c2d846e37312a20892e89db4e8fbcac919a24320d2c683b98cdeecf2132,274,e1ecd0ffd747cbf5ef0f134c09def53f8c53a096dcb89fc6455b40906ad87554,0,1,long_northeast_to_southwest,True,4.238991998824894,1.9714502688981272,13.613061859172367,1,0.008807264000097348
0.018000000000000002,5.235079317474034,0.023490403770689623,0.009931731445402334,,0.4309921311270859,0.16464466339406925,0.23390290478282266,0,448,,,,,,,,,,,,,2.592673435447853,constrained,0.05,255,0e4cb3519ec41874ea4a9455458200894ff94ddcfa46e405b0061d0738c08a1d,13.644318758115602,,,,,,,,,0,0.0,,,,,,,,,0,,Smac2D,a1fe1c2d846e37312a20892e89db4e8fbcac919a24320d2c683b98cdeecf2132,274,e1ecd0ffd747cbf5ef0f134c09def53f8c53a096dcb89fc6455b40906ad87554,0,1,long_northeast_to_southwest,True,5.235079317474034,2.592673435447853,13.644318758115602,1,0.03972752399977253
0.009000000000000001,5.849698614583204,0.019998069459865778,0.008406560857803344,,0.3809499764154725,0.16464466339406925,0.2146446641391273,0,682,,,,,,,,,,,,,3.321353026561677,pivot_g2_fixed,0.05,681,b82b3386dd3792e04a43fb9b29181e66e97f9665940fc1a562ddca1bfa0cca54,13.60600904371265,0,77,"[{'index': 0, 'radius_min': 0, 'radius_max': 0, 'trim_min': 0, 'trim_max': 0, 'evaluations': 9, 'safe_feasible': 2, 'states': 0, 'selected_radius': 0.3, 'selected_trim': 0.0386644, 'selected_score': 1}, {'index': 1, 'radius_min': 0, 'radius_max': 0, 'trim_min': 0, 'trim_max': 0, 'evaluations': 9, 'safe_feasible': 4, 'states': 0, 'selected_radius': 0.75, 'selected_trim': 0.056454, 'selected_score': 0.943351}, {'index': 2, 'radius_min': 0, 'radius_max': 0, 'trim_min': 0, 'trim_max': 0, 'evaluations': 9, 'safe_feasible': 3, 'states': 0, 'selected_radius': 0.6, 'selected_trim': 0.042792, 'selected_score': 0.920157}, {'index': 3, 'radius_min': 0, 'radius_max': 0, 'trim_min': 0, 'trim_max': 0, 'evaluations': 9, 'safe_feasible': 2, 'states': 0, 'selected_radius': 0.5, 'selected_trim': 0.0223756, 'selected_score': 0.9}, {'index': 4, 'radius_min': 0, 'radius_max': 0, 'trim_min': 0, 'trim_max': 0, 'evaluations': 9, 'safe_feasible': 1, 'states': 0, 'selected_radius': 0.2, 'selected_trim': 0.00955103, 'selected_score': 1}, {'index': 5, 'radius_min': 0, 'radius_max': 0, 'trim_min': 0, 'trim_max': 0, 'evaluations': 9, 'safe_feasible': 1, 'states': 0, 'selected_radius': 0.2, 'selected_trim': 0.0114661, 'selected_score': 1}, {'index': 6, 'radius_min': 0, 'radius_max': 0, 'trim_min': 0, 'trim_max': 0, 'evaluations': 9, 'safe_feasible': 1, 'states': 0, 'selected_radius': 0.2, 'selected_trim': 0.0105907, 'selected_score': 1}, {'index': 7, 'radius_min': 0, 'radius_max': 0, 'trim_min': 0, 'trim_max': 0, 'evaluations': 9, 'safe_feasible': 2, 'states': 0, 'selected_radius': 0.5, 'selected_trim': 0.023731, 'selected_score': 0.9}, {'index': 8, 'radius_min': 0, 'radius_max': 0, 'trim_min': 0, 'trim_max': 0, 'evaluations': 9, 'safe_feasible': 2, 'states': 0, 'selected_radius': 0.5, 'selected_trim': 0.023731, 'selected_score': 0.9}, {'index': 9, 'radius_min': 0, 'radius_max': 0, 'trim_min': 0, 'trim_max': 0, 'evaluations': 9, 'safe_feasible': 1, 'states': 0, 'selected_radius': 0.2, 'selected_trim': 0.0105907, 'selected_score': 1}, {'index': 10, 'radius_min': 0, 'radius_max': 0, 'trim_min': 0, 'trim_max': 0, 'evaluations': 9, 'safe_feasible': 1, 'states': 0, 'selected_radius': 0.2, 'selected_trim': 0.0114661, 'selected_score': 1}, {'index': 11, 'radius_min': 0, 'radius_max': 0, 'trim_min': 0, 'trim_max': 0, 'evaluations': 9, 'safe_feasible': 1, 'states': 0, 'selected_radius': 0.2, 'selected_trim': 0.0154986, 'selected_score': 1}, {'index': 12, 'radius_min': 0, 'radius_max': 0, 'trim_min': 0, 'trim_max': 0, 'evaluations': 9, 'safe_feasible': 5, 'states': 0, 'selected_radius': 0.75, 'selected_trim': 0.0648873, 'selected_score': 0.926894}, {'index': 13, 'radius_min': 0, 'radius_max': 0, 'trim_min': 0, 'trim_max': 0, 'evaluations': 9, 'safe_feasible': 4, 'states': 0, 'selected_radius': 0.75, 'selected_trim': 0.0516871, 'selected_score': 0.941165}, {'index': 14, 'radius_min': 0, 'radius_max': 0, 'trim_min': 0, 'trim_max': 0, 'evaluations': 9, 'safe_feasible': 3, 'states': 0, 'selected_radius': 0.6, 'selected_trim': 0.0402936, 'selected_score': 0.919399}, {'index': 15, 'radius_min': 0, 'radius_max': 0, 'trim_min': 0, 'trim_max': 0, 'evaluations': 9, 'safe_feasible': 3, 'states': 0, 'selected_radius': 0.5, 'selected_trim': 0.0424074, 'selected_score': 0.9}, {'index': 16, 'radius_min': 0, 'radius_max': 0, 'trim_min': 0, 'trim_max': 0, 'evaluations': 9, 'safe_feasible': 5, 'states': 0, 'selected_radius': 1, 'selected_trim': 0.0610165, 'selected_score': 0.974419}, {'index': 17, 'radius_min': 0, 'radius_max': 0, 'trim_min': 0, 'trim_max': 0, 'evaluations': 9, 'safe_feasible': 4, 'states': 0, 'selected_radius': 0.75, 'selected_trim': 0.0618747, 'selected_score': 0.942792}, {'index': 18, 'radius_min': 0, 'radius_max': 0, 'trim_min': 0, 'trim_max': 0, 'evaluations': 9, 'safe_feasible': 5, 'states': 0, 'selected_radius': 0.75, 'selected_trim': 0.0642954, 'selected_score': 0.927088}, {'index': 19, 'radius_min': 0, 'radius_max': 0, 'trim_min': 0, 'trim_max': 0, 'evaluations': 9, 'safe_feasible': 3, 'states': 0, 'selected_radius': 0.6, 'selected_trim': 0.0499062, 'selected_score': 0.919037}, {'index': 20, 'radius_min': 0, 'radius_max': 0, 'trim_min': 0, 'trim_max': 0, 'evaluations': 9, 'safe_feasible': 1, 'states': 0, 'selected_radius': 0.2, 'selected_trim': 0.0143536, 'selected_score': 1}, {'index': 21, 'radius_min': 0, 'radius_max': 0, 'trim_min': 0, 'trim_max': 0, 'evaluations': 9, 'safe_feasible': 1, 'states': 0, 'selected_radius': 0.2, 'selected_trim': 0.0144929, 'selected_score': 1}, {'index': 22, 'radius_min': 0, 'radius_max': 0, 'trim_min': 0, 'trim_max': 0, 'evaluations': 9, 'safe_feasible': 5, 'states': 0, 'selected_radius': 0.75, 'selected_trim': 0.0637388, 'selected_score': 0.927219}, {'index': 23, 'radius_min': 0, 'radius_max': 0, 'trim_min': 0, 'trim_max': 0, 'evaluations': 9, 'safe_feasible': 5, 'states': 0, 'selected_radius': 1, 'selected_trim': 0.0652053, 'selected_score': 0.966506}, {'index': 24, 'radius_min': 0, 'radius_max': 0, 'trim_min': 0, 'trim_max': 0, 'evaluations': 9, 'safe_feasible': 3, 'states': 0, 'selected_radius': 0.6, 'selected_trim': 0.0381378, 'selected_score': 0.923564}, {'index': 25, 'radius_min': 0, 'radius_max': 0, 'trim_min': 0, 'trim_max': 0, 'evaluations': 9, 'safe_feasible': 3, 'states': 0, 'selected_radius': 0.5, 'selected_trim': 0.042404, 'selected_score': 0.75}, {'index': 26, 'radius_min': 0, 'radius_max': 0, 'trim_min': 0, 'trim_max': 0, 'evaluations': 9, 'safe_feasible': 6, 'states': 0, 'selected_radius': 1.25, 'selected_trim': 0.0632665, 'selected_score': 1}]",27,0,243,none,27,0,0.0,200,0.947466,681,0,"{'angular acceleration iteration did not converge': 44, 'transition would overlap an adjacent corner window': 122}",0.008989,fixed,0.05,0,77,Smac2D,a1fe1c2d846e37312a20892e89db4e8fbcac919a24320d2c683b98cdeecf2132,274,e1ecd0ffd747cbf5ef0f134c09def53f8c53a096dcb89fc6455b40906ad87554,0,1,long_northeast_to_southwest,True,5.849698614583204,3.321353026561677,13.60600904371265,1,0.01989716500020222
0.021,6.186237116731722,0.01999825291130727,0.008423503720230931,,0.4206772890809623,0.16464466339406925,0.2146446641391273,0,543,,,,,,,,,,,,,2.776349442982955,pivot_g2,0.05,531,1e4507c8cb466c7f9e4f6b34e3766457fcaf9737176ded4d335c5b6ff59e3efe,13.605972249155213,315,251,"[{'index': 0, 'radius_min': 0.1, 'radius_max': 0.803688, 'trim_min': 0.0128881, 'trim_max': 0.10358, 'evaluations': 11, 'safe_feasible': 7, 'states': 6, 'selected_radius': 0.803688, 'selected_trim': 0.10358, 'selected_score': 0.372972}, {'index': 1, 'radius_min': 0.1, 'radius_max': 1.5, 'trim_min': 0.0075272, 'trim_max': 0.112908, 'evaluations': 20, 'safe_feasible': 17, 'states': 6, 'selected_radius': 0.17, 'selected_trim': 0.0127962, 'selected_score': 0.49998}, {'index': 2, 'radius_min': 0.1, 'radius_max': 1.45013, 'trim_min': 0.007132, 'trim_max': 0.103423, 'evaluations': 11, 'safe_feasible': 9, 'states': 6, 'selected_radius': 0.235013, 'selected_trim': 0.0167611, 'selected_score': 0.438748}, {'index': 3, 'radius_min': 0.1, 'radius_max': 1.17886, 'trim_min': 0.00447513, 'trim_max': 0.0527554, 'evaluations': 6, 'safe_feasible': 4, 'states': 5, 'selected_radius': 0, 'selected_trim': 0, 'selected_score': 0}, {'index': 4, 'radius_min': 0.1, 'radius_max': 1.10471, 'trim_min': 0.00477552, 'trim_max': 0.0527554, 'evaluations': 6, 'safe_feasible': 4, 'states': 5, 'selected_radius': 0, 'selected_trim': 0, 'selected_score': 0}, {'index': 5, 'radius_min': 0.1, 'radius_max': 0.946358, 'trim_min': 0.00573306, 'trim_max': 0.0542553, 'evaluations': 6, 'safe_feasible': 4, 'states': 5, 'selected_radius': 0, 'selected_trim': 0, 'selected_score': 0}, {'index': 6, 'radius_min': 0.1, 'radius_max': 1.06726, 'trim_min': 0.00529535, 'trim_max': 0.0565152, 'evaluations': 11, 'safe_feasible': 9, 'states': 6, 'selected_radius': 0, 'selected_trim': 0, 'selected_score': 0}, {'index': 7, 'radius_min': 0.1, 'radius_max': 1.23217, 'trim_min': 0.00474619, 'trim_max': 0.0584811, 'evaluations': 11, 'safe_feasible': 8, 'states': 6, 'selected_radius': 0, 'selected_trim': 0, 'selected_score': 0}, {'index': 8, 'radius_min': 0.1, 'radius_max': 1.23217, 'trim_min': 0.00474619, 'trim_max': 0.0584811, 'evaluations': 11, 'safe_feasible': 8, 'states': 6, 'selected_radius': 0, 'selected_trim': 0, 'selected_score': 0}, {'index': 9, 'radius_min': 0.1, 'radius_max': 1.06726, 'trim_min': 0.00529535, 'trim_max': 0.0565152, 'evaluations': 11, 'safe_feasible': 9, 'states': 6, 'selected_radius': 0, 'selected_trim': 0, 'selected_score': 0}, {'index': 10, 'radius_min': 0.1, 'radius_max': 0.946358, 'trim_min': 0.00573306, 'trim_max': 0.0542553, 'evaluations': 6, 'safe_feasible': 4, 'states': 5, 'selected_radius': 0, 'selected_trim': 0, 'selected_score': 0}, {'index': 11, 'radius_min': 0.1, 'radius_max': 0.700133, 'trim_min': 0.00774928, 'trim_max': 0.0542553, 'evaluations': 6, 'safe_feasible': 3, 'states': 4, 'selected_radius': 0, 'selected_trim': 0, 'selected_score': 0}, {'index': 12, 'radius_min': 0.1, 'radius_max': 1.5, 'trim_min': 0.00865164, 'trim_max': 0.129775, 'evaluations': 20, 'safe_feasible': 17, 'states': 6, 'selected_radius': 0.17, 'selected_trim': 0.0147078, 'selected_score': 0.52907}, {'index': 13, 'radius_min': 0.1, 'radius_max': 1.5, 'trim_min': 0.00689161, 'trim_max': 0.103374, 'evaluations': 11, 'safe_feasible': 9, 'states': 6, 'selected_radius': 1.22, 'selected_trim': 0.0840776, 'selected_score': 0.191205}, {'index': 14, 'radius_min': 0.1, 'radius_max': 1.5, 'trim_min': 0.0067156, 'trim_max': 0.100734, 'evaluations': 11, 'safe_feasible': 9, 'states': 6, 'selected_radius': 0.24, 'selected_trim': 0.0161174, 'selected_score': 0.302754}, {'index': 15, 'radius_min': 0.1, 'radius_max': 1.19059, 'trim_min': 0.00848149, 'trim_max': 0.10098, 'evaluations': 11, 'safe_feasible': 10, 'states': 6, 'selected_radius': 0.209059, 'selected_trim': 0.0177313, 'selected_score': 0.376675}, {'index': 16, 'radius_min': 0.1, 'radius_max': 1.5, 'trim_min': 0.00610165, 'trim_max': 0.0915248, 'evaluations': 11, 'safe_feasible': 9, 'states': 6, 'selected_radius': 1.36, 'selected_trim': 0.0829825, 'selected_score': 0.0912128}, {'index': 17, 'radius_min': 0.1, 'radius_max': 1.5, 'trim_min': 0.00824997, 'trim_max': 0.123749, 'evaluations': 20, 'safe_feasible': 17, 'states': 6, 'selected_radius': 0.17, 'selected_trim': 0.0140249, 'selected_score': 0.412748}, {'index': 18, 'radius_min': 0.1, 'radius_max': 1.5, 'trim_min': 0.00857273, 'trim_max': 0.128591, 'evaluations': 20, 'safe_feasible': 17, 'states': 6, 'selected_radius': 1.36, 'selected_trim': 0.116589, 'selected_score': 0.118807}, {'index': 19, 'radius_min': 0.1, 'radius_max': 1.4569, 'trim_min': 0.0083177, 'trim_max': 0.121181, 'evaluations': 20, 'safe_feasible': 17, 'states': 6, 'selected_radius': 0.167845, 'selected_trim': 0.0139609, 'selected_score': 0.528268}, {'index': 20, 'radius_min': 0.1, 'radius_max': 0.776328, 'trim_min': 0.00717682, 'trim_max': 0.0557157, 'evaluations': 6, 'safe_feasible': 4, 'states': 5, 'selected_radius': 0, 'selected_trim': 0, 'selected_score': 0}, {'index': 21, 'radius_min': 0.1, 'radius_max': 0.768869, 'trim_min': 0.00724644, 'trim_max': 0.0557157, 'evaluations': 6, 'safe_feasible': 4, 'states': 5, 'selected_radius': 0, 'selected_trim': 0, 'selected_score': 0}, {'index': 22, 'radius_min': 0.1, 'radius_max': 1.5, 'trim_min': 0.00849851, 'trim_max': 0.127478, 'evaluations': 20, 'safe_feasible': 17, 'states': 6, 'selected_radius': 0.17, 'selected_trim': 0.0144475, 'selected_score': 0.528897}, {'index': 23, 'radius_min': 0.1, 'radius_max': 1.5, 'trim_min': 0.00652053, 'trim_max': 0.097808, 'evaluations': 11, 'safe_feasible': 9, 'states': 6, 'selected_radius': 1.22, 'selected_trim': 0.0795505, 'selected_score': 0.186434}, {'index': 24, 'radius_min': 0.1, 'radius_max': 1.5, 'trim_min': 0.00635631, 'trim_max': 0.0953446, 'evaluations': 11, 'safe_feasible': 9, 'states': 6, 'selected_radius': 0.24, 'selected_trim': 0.0152551, 'selected_score': 0.353614}, {'index': 25, 'radius_min': 0.1, 'radius_max': 1.19069, 'trim_min': 0.0084808, 'trim_max': 0.10098, 'evaluations': 11, 'safe_feasible': 10, 'states': 6, 'selected_radius': 0.209069, 'selected_trim': 0.0177307, 'selected_score': 0.420693}, {'index': 26, 'radius_min': 0.1, 'radius_max': 1.5, 'trim_min': 0.00506132, 'trim_max': 0.0759198, 'evaluations': 11, 'safe_feasible': 9, 'states': 6, 'selected_radius': 1.5, 'selected_trim': 0.0759198, 'selected_score': 0.0728504}]",27,154,316,none,16,11,0.15467655790988122,200,0.339058,531,11,"{'angular acceleration iteration did not converge': 36, 'transition requires a reversing inner wheel': 27}",0.0182297,adaptive,0.05,1.2579175078742189,253,Smac2D,a1fe1c2d846e37312a20892e89db4e8fbcac919a24320d2c683b98cdeecf2132,274,e1ecd0ffd747cbf5ef0f134c09def53f8c53a096dcb89fc6455b40906ad87554,0,1,long_northeast_to_southwest,True,4.0516141321578205,2.9004471254874673,13.606769945611502,12,0.027526627000042936
0.012,3.409151315006058,0.02318793847978687,0.006684762471127555,,0.4281710802860703,0.16464466339406925,0.2146446641391273,0,475,5.8497,0,228,True,4.43638,228,True,simple_default,simple,3.40915,228,True,1.6655190441052552,adaptive_hybrid_fixed,0.05,255,91ca4eade2b019ccc6b3a6582e4bbaf79b94293ffd29aec8f5c95ca1520572b9,13.565948003046955,,,,,,,,,0,0.0,,,,,,,,,0,,Smac2D,a1fe1c2d846e37312a20892e89db4e8fbcac919a24320d2c683b98cdeecf2132,273,e1ecd0ffd747cbf5ef0f134c09def53f8c53a096dcb89fc6455b40906ad87554,0,1,long_northeast_to_southwest,True,3.409151315006058,1.6655190441052552,13.565948003046955,1,0.018015901000126178
0.018000000000000002,3.409151315006058,0.02318793847978687,0.006684762471127555,,0.4281710802860703,0.16464466339406925,0.2146446641391273,0,475,4.05161,11,228,True,4.43638,228,True,simple_default,simple,3.40915,228,True,1.6655190441052552,adaptive_hybrid,0.05,255,91ca4eade2b019ccc6b3a6582e4bbaf79b94293ffd29aec8f5c95ca1520572b9,13.565948003046955,,,,,,,,,0,0.0,,,,,,,,,0,,Smac2D,a1fe1c2d846e37312a20892e89db4e8fbcac919a24320d2c683b98cdeecf2132,273,e1ecd0ffd747cbf5ef0f134c09def53f8c53a096dcb89fc6455b40906ad87554,0,1,long_northeast_to_southwest,True,3.409151315006058,1.6655190441052552,13.565948003046955,1,0.0212639979999949
0.003,4.946823918826938,4.440892098500626e-16,1.1934729149054467e-16,,0.6611800152402914,0.2474873771031409,0.25619225950049973,0,415,,,,,,,,,,,,,2.2906087845723584,raw,0.05,208,bac760f1f87345b4dc841ff116bed3fbf614522489903c04e762759bc6a323ba,12.31495205072321,,,,,,,,,0,0.0,,,,,,,,,0,,Smac2D,23ca6202183feaf968ab5f804f618afa7fe96092e5ae5805282bcd8f39904191,248,bac760f1f87345b4dc841ff116bed3fbf614522489903c04e762759bc6a323ba,0,1,crossing_northwest_to_southeast,True,4.946823918826938,2.2906087845723584,12.31495205072321,1,0.0067427449998831435
0.003,3.398148532367058,0.022864583218660934,0.007475062208464922,,0.6594407528918055,0.2146446641391273,0.23390290478282266,0,415,,,,,,,,,,,,,1.6301792802723936,simple,0.05,208,22dcea2e314a5b833898e9705ccd73adab85e19db089803e393b03b2e691433d,12.262327433046615,,,,,,,,,0,0.0,,,,,,,,,0,,Smac2D,23ca6202183feaf968ab5f804f618afa7fe96092e5ae5805282bcd8f39904191,247,bac760f1f87345b4dc841ff116bed3fbf614522489903c04e762759bc6a323ba,0,1,crossing_northwest_to_southeast,True,3.398148532367058,1.6301792802723936,12.262327433046615,1,0.008187847000044712
0.0,4.751168145721222,0.001360145830848582,0.0002921056914576326,,0.6607983150468175,0.2474873771031409,0.25619225950049973,0,415,,,,,,,,,,,,,2.1219888359418837,savitzky_golay,0.05,208,9158f218ef3b6ea354da5f328d22d1447057a6a7371dbc7af25180debc84c91d,12.313706642564076,,,,,,,,,0,0.0,,,,,,,,,0,,Smac2D,23ca6202183feaf968ab5f804f618afa7fe96092e5ae5805282bcd8f39904191,248,bac760f1f87345b4dc841ff116bed3fbf614522489903c04e762759bc6a323ba,0,1,crossing_northwest_to_southeast,True,4.751168145721222,2.1219888359418837,12.313706642564076,1,0.009070541999790294
0.015000000000000001,4.797967984751029,0.005118695814799768,0.0012767954958969017,,0.6780560820238382,0.2474873771031409,0.25619225950049973,0,396,,,,,,,,,,,,,2.0384267038917727,constrained,0.05,208,1aeff1fdd71c1f405c6dc19d356547c56f5147e9447d22b06d1a6b1e3d6462d3,12.316857911128606,,,,,,,,,0,0.0,,,,,,,,,0,,Smac2D,23ca6202183feaf968ab5f804f618afa7fe96092e5ae5805282bcd8f39904191,248,bac760f1f87345b4dc841ff116bed3fbf614522489903c04e762759bc6a323ba,0,1,crossing_northwest_to_southeast,True,4.797967984751029,2.0384267038917727,12.316857911128606,1,0.020535880999887013
0.009000000000000001,6.3567086788705645,0.01403588422686157,0.004420157237079784,,0.44863371657569906,0.2474873771031409,0.2474873771031409,0,651,,,,,,,,,,,,,2.930522267380972,pivot_g2_fixed,0.05,650,6ede0d8e969311d23aa1d9936a4f0485561585cdafd12e72556f59472e77fd4a,12.309179882779041,0,49,"[{'index': 0, 'radius_min': 0, 'radius_max': 0, 'trim_min': 0, 'trim_max': 0, 'evaluations': 9, 'safe_feasible': 4, 'states': 0, 'selected_radius': 0.75, 'selected_trim': 0.0443559, 'selected_score': 0.951487}, {'index': 1, 'radius_min': 0, 'radius_max': 0, 'trim_min': 0, 'trim_max': 0, 'evaluations': 9, 'safe_feasible': 1, 'states': 0, 'selected_radius': 0.2, 'selected_trim': 0.0116287, 'selected_score': 1}, {'index': 2, 'radius_min': 0, 'radius_max': 0, 'trim_min': 0, 'trim_max': 0, 'evaluations': 9, 'safe_feasible': 1, 'states': 0, 'selected_radius': 0.2, 'selected_trim': 0.010452, 'selected_score': 1}, {'index': 3, 'radius_min': 0, 'radius_max': 0, 'trim_min': 0, 'trim_max': 0, 'evaluations': 9, 'safe_feasible': 1, 'states': 0, 'selected_radius': 0.2, 'selected_trim': 0.0108555, 'selected_score': 1}, {'index': 4, 'radius_min': 0, 'radius_max': 0, 'trim_min': 0, 'trim_max': 0, 'evaluations': 9, 'safe_feasible': 1, 'states': 0, 'selected_radius': 0.2, 'selected_trim': 0.0142839, 'selected_score': 1}, {'index': 5, 'radius_min': 0, 'radius_max': 0, 'trim_min': 0, 'trim_max': 0, 'evaluations': 9, 'safe_feasible': 1, 'states': 0, 'selected_radius': 0.2, 'selected_trim': 0.0110138, 'selected_score': 1}, {'index': 6, 'radius_min': 0, 'radius_max': 0, 'trim_min': 0, 'trim_max': 0, 'evaluations': 9, 'safe_feasible': 1, 'states': 0, 'selected_radius': 0.2, 'selected_trim': 0.0103694, 'selected_score': 1}, {'index': 7, 'radius_min': 0, 'radius_max': 0, 'trim_min': 0, 'trim_max': 0, 'evaluations': 9, 'safe_feasible': 2, 'states': 0, 'selected_radius': 0.5, 'selected_trim': 0.0234701, 'selected_score': 0.9}, {'index': 8, 'radius_min': 0, 'radius_max': 0, 'trim_min': 0, 'trim_max': 0, 'evaluations': 9, 'safe_feasible': 2, 'states': 0, 'selected_radius': 0.5, 'selected_trim': 0.0236072, 'selected_score': 0.9}, {'index': 9, 'radius_min': 0, 'radius_max': 0, 'trim_min': 0, 'trim_max': 0, 'evaluations': 9, 'safe_feasible': 1, 'states': 0, 'selected_radius': 0.2, 'selected_trim': 0.0105667, 'selected_score': 1}, {'index': 10, 'radius_min': 0, 'radius_max': 0, 'trim_min': 0, 'trim_max': 0, 'evaluations': 9, 'safe_feasible': 1, 'states': 0, 'selected_radius': 0.2, 'selected_trim': 0.0114543, 'selected_score': 1}, {'index': 11, 'radius_min': 0, 'radius_max': 0, 'trim_min': 0, 'trim_max': 0, 'evaluations': 9, 'safe_feasible': 1, 'states': 0, 'selected_radius': 0.2, 'selected_trim': 0.0154892, 'selected_score': 1}, {'index': 12, 'radius_min': 0, 'radius_max': 0, 'trim_min': 0, 'trim_max': 0, 'evaluations': 9, 'safe_feasible': 3, 'states': 0, 'selected_radius': 0.5, 'selected_trim': 0.0624025, 'selected_score': 0.9}, {'index': 13, 'radius_min': 0, 'radius_max': 0, 'trim_min': 0, 'trim_max': 0, 'evaluations': 9, 'safe_feasible': 1, 'states': 0, 'selected_radius': 0.2, 'selected_trim': 0.0109238, 'selected_score': 1}, {'index': 14, 'radius_min': 0, 'radius_max': 0, 'trim_min': 0, 'trim_max': 0, 'evaluations': 9, 'safe_feasible': 1, 'states': 0, 'selected_radius': 0.2, 'selected_trim': 0.00987978, 'selected_score': 1}, {'index': 15, 'radius_min': 0, 'radius_max': 0, 'trim_min': 0, 'trim_max': 0, 'evaluations': 9, 'safe_feasible': 1, 'states': 0, 'selected_radius': 0.2, 'selected_trim': 0.0123574, 'selected_score': 1}, {'index': 16, 'radius_min': 0, 'radius_max': 0, 'trim_min': 0, 'trim_max': 0, 'evaluations': 9, 'safe_feasible': 1, 'states': 0, 'selected_radius': 0.2, 'selected_trim': 0.01266, 'selected_score': 1}, {'index': 17, 'radius_min': 0, 'radius_max': 0, 'trim_min': 0, 'trim_max': 0, 'evaluations': 9, 'safe_feasible': 1, 'states': 0, 'selected_radius': 0.2, 'selected_trim': 0.0230085, 'selected_score': 1}, {'index': 18, 'radius_min': 0, 'radius_max': 0, 'trim_min': 0, 'trim_max': 0, 'evaluations': 9, 'safe_feasible': 3, 'states': 0, 'selected_radius': 0.6, 'selected_trim': 0.0462216, 'selected_score': 0.920475}, {'index': 19, 'radius_min': 0, 'radius_max': 0, 'trim_min': 0, 'trim_max': 0, 'evaluations': 9, 'safe_feasible': 1, 'states': 0, 'selected_radius': 0.2, 'selected_trim': 0.0143535, 'selected_score': 1}, {'index': 20, 'radius_min': 0, 'radius_max': 0, 'trim_min': 0, 'trim_max': 0, 'evaluations': 9, 'safe_feasible': 1, 'states': 0, 'selected_radius': 0.2, 'selected_trim': 0.0144928, 'selected_score': 1}, {'index': 21, 'radius_min': 0, 'radius_max': 0, 'trim_min': 0, 'trim_max': 0, 'evaluations': 9, 'safe_feasible': 5, 'states': 0, 'selected_radius': 0.75, 'selected_trim': 0.0637387, 'selected_score': 0.927219}, {'index': 22, 'radius_min': 0, 'radius_max': 0, 'trim_min': 0, 'trim_max': 0, 'evaluations': 9, 'safe_feasible': 5, 'states': 0, 'selected_radius': 1, 'selected_trim': 0.0675674, 'selected_score': 0.964503}, {'index': 23, 'radius_min': 0, 'radius_max': 0, 'trim_min': 0, 'trim_max': 0, 'evaluations': 9, 'safe_feasible': 3, 'states': 0, 'selected_radius': 0.6, 'selected_trim': 0.0397093, 'selected_score': 0.919229}, {'index': 24, 'radius_min': 0, 'radius_max': 0, 'trim_min': 0, 'trim_max': 0, 'evaluations': 9, 'safe_feasible': 3, 'states': 0, 'selected_radius': 0.6, 'selected_trim': 0.0424412, 'selected_score': 0.920048}, {'index': 25, 'radius_min': 0, 'radius_max': 0, 'trim_min': 0, 'trim_max': 0, 'evaluations': 9, 'safe_feasible': 3, 'states': 0, 'selected_radius': 0.6, 'selected_trim': 0.0430765, 'selected_score': 0.920157}]",26,0,234,none,26,0,0.0,200,0.97012,650,0,"{'angular acceleration iteration did not converge': 42, 'transition would overlap an adjacent corner window': 143}",0.0100522,fixed,0.05,0,49,Smac2D,23ca6202183feaf968ab5f804f618afa7fe96092e5ae5805282bcd8f39904191,248,bac760f1f87345b4dc841ff116bed3fbf614522489903c04e762759bc6a323ba,0,1,crossing_northwest_to_southeast,True,6.3567086788705645,2.930522267380972,12.309179882779041,1,0.02090650199988886
0.015000000000000001,7.741364275905188,0.014034878023009756,0.004404640769389447,,0.6140968808526118,0.2474873771031409,0.25619225950049973,0,325,,,,,,,,,,,,,3.3579038459512542,pivot_g2,0.05,296,0d866c5f01691aadfad55b8828b85a6027c3ae86d6a3f394c68fba177604db32,12.310478139560466,196,191,"[{'index': 0, 'radius_min': 0.1, 'radius_max': 1.5, 'trim_min': 0.00591412, 'trim_max': 0.0887118, 'evaluations': 11, 'safe_feasible': 9, 'states': 6, 'selected_radius': 0, 'selected_trim': 0, 'selected_score': 0}, {'index': 1, 'radius_min': 0.1, 'radius_max': 1.00799, 'trim_min': 0.00581436, 'trim_max': 0.0586079, 'evaluations': 11, 'safe_feasible': 8, 'states': 6, 'selected_radius': 0, 'selected_trim': 0, 'selected_score': 0}, {'index': 2, 'radius_min': 0.1, 'radius_max': 1.05945, 'trim_min': 0.00522599, 'trim_max': 0.0553666, 'evaluations': 11, 'safe_feasible': 8, 'states': 6, 'selected_radius': 0, 'selected_trim': 0, 'selected_score': 0}, {'index': 3, 'radius_min': 0.1, 'radius_max': 1.02006, 'trim_min': 0.00542776, 'trim_max': 0.0553666, 'evaluations': 6, 'safe_feasible': 4, 'states': 5, 'selected_radius': 0, 'selected_trim': 0, 'selected_score': 0}, {'index': 4, 'radius_min': 0.1, 'radius_max': 0.763069, 'trim_min': 0.00714196, 'trim_max': 0.0544981, 'evaluations': 6, 'safe_feasible': 4, 'states': 5, 'selected_radius': 0, 'selected_trim': 0, 'selected_score': 0}, {'index': 5, 'radius_min': 0.1, 'radius_max': 0.989631, 'trim_min': 0.00550691, 'trim_max': 0.0544981, 'evaluations': 6, 'safe_feasible': 4, 'states': 5, 'selected_radius': 0, 'selected_trim': 0, 'selected_score': 0}, {'index': 6, 'radius_min': 0.1, 'radius_max': 1.09308, 'trim_min': 0.00518469, 'trim_max': 0.0566726, 'evaluations': 11, 'safe_feasible': 8, 'states': 6, 'selected_radius': 0, 'selected_trim': 0, 'selected_score': 0}, {'index': 7, 'radius_min': 0.1, 'radius_max': 1.2479, 'trim_min': 0.00469403, 'trim_max': 0.0585769, 'evaluations': 11, 'safe_feasible': 8, 'states': 6, 'selected_radius': 0, 'selected_trim': 0, 'selected_score': 0}, {'index': 8, 'radius_min': 0.1, 'radius_max': 1.23929, 'trim_min': 0.00472144, 'trim_max': 0.0585124, 'evaluations': 11, 'safe_feasible': 8, 'states': 6, 'selected_radius': 0, 'selected_trim': 0, 'selected_score': 0}, {'index': 9, 'radius_min': 0.1, 'radius_max': 1.07002, 'trim_min': 0.00528334, 'trim_max': 0.0565327, 'evaluations': 11, 'safe_feasible': 9, 'states': 6, 'selected_radius': 0, 'selected_trim': 0, 'selected_score': 0}, {'index': 10, 'radius_min': 0.1, 'radius_max': 0.9475, 'trim_min': 0.00572716, 'trim_max': 0.0542649, 'evaluations': 6, 'safe_feasible': 4, 'states': 5, 'selected_radius': 0, 'selected_trim': 0, 'selected_score': 0}, {'index': 11, 'radius_min': 0.1, 'radius_max': 0.700678, 'trim_min': 0.00774462, 'trim_max': 0.0542649, 'evaluations': 6, 'safe_feasible': 3, 'states': 4, 'selected_radius': 0, 'selected_trim': 0, 'selected_score': 0}, {'index': 12, 'radius_min': 0.1, 'radius_max': 1.25035, 'trim_min': 0.0124805, 'trim_max': 0.156049, 'evaluations': 20, 'safe_feasible': 18, 'states': 6, 'selected_radius': 0, 'selected_trim': 0, 'selected_score': 0}, {'index': 13, 'radius_min': 0.1, 'radius_max': 0.929847, 'trim_min': 0.00546192, 'trim_max': 0.0507875, 'evaluations': 6, 'safe_feasible': 4, 'states': 5, 'selected_radius': 0, 'selected_trim': 0, 'selected_score': 0}, {'index': 14, 'radius_min': 0.1, 'radius_max': 1.02811, 'trim_min': 0.00493989, 'trim_max': 0.0507875, 'evaluations': 6, 'safe_feasible': 5, 'states': 6, 'selected_radius': 0, 'selected_trim': 0, 'selected_score': 0}, {'index': 15, 'radius_min': 0.1, 'radius_max': 0.840838, 'trim_min': 0.0061787, 'trim_max': 0.0519529, 'evaluations': 6, 'safe_feasible': 4, 'states': 5, 'selected_radius': 0, 'selected_trim': 0, 'selected_score': 0}, {'index': 16, 'radius_min': 0.1, 'radius_max': 0.857036, 'trim_min': 0.00632998, 'trim_max': 0.0542503, 'evaluations': 6, 'safe_feasible': 4, 'states': 5, 'selected_radius': 0, 'selected_trim': 0, 'selected_score': 0}, {'index': 17, 'radius_min': 0.1, 'radius_max': 0.502238, 'trim_min': 0.0115042, 'trim_max': 0.0577786, 'evaluations': 6, 'safe_feasible': 4, 'states': 5, 'selected_radius': 0, 'selected_trim': 0, 'selected_score': 0}, {'index': 18, 'radius_min': 0.1, 'radius_max': 1.5, 'trim_min': 0.0077036, 'trim_max': 0.115554, 'evaluations': 20, 'safe_feasible': 17, 'states': 6, 'selected_radius': 0, 'selected_trim': 0, 'selected_score': 0}, {'index': 19, 'radius_min': 0.1, 'radius_max': 0.776333, 'trim_min': 0.00717677, 'trim_max': 0.0557157, 'evaluations': 6, 'safe_feasible': 4, 'states': 5, 'selected_radius': 0, 'selected_trim': 0, 'selected_score': 0}, {'index': 20, 'radius_min': 0.1, 'radius_max': 0.768871, 'trim_min': 0.00724642, 'trim_max': 0.0557157, 'evaluations': 6, 'safe_feasible': 4, 'states': 5, 'selected_radius': 0, 'selected_trim': 0, 'selected_score': 0}, {'index': 21, 'radius_min': 0.1, 'radius_max': 1.5, 'trim_min': 0.0084985, 'trim_max': 0.127477, 'evaluations': 20, 'safe_feasible': 17, 'states': 6, 'selected_radius': 0, 'selected_trim': 0, 'selected_score': 0}, {'index': 22, 'radius_min': 0.1, 'radius_max': 1.5, 'trim_min': 0.00675674, 'trim_max': 0.101351, 'evaluations': 11, 'safe_feasible': 9, 'states': 6, 'selected_radius': 0, 'selected_trim': 0, 'selected_score': 0}, {'index': 23, 'radius_min': 0.1, 'radius_max': 1.5, 'trim_min': 0.00661822, 'trim_max': 0.0992733, 'evaluations': 11, 'safe_feasible': 9, 'states': 6, 'selected_radius': 0, 'selected_trim': 0, 'selected_score': 0}, {'index': 24, 'radius_min': 0.1, 'radius_max': 1.42767, 'trim_min': 0.00707354, 'trim_max': 0.100987, 'evaluations': 11, 'safe_feasible': 9, 'states': 6, 'selected_radius': 0, 'selected_trim': 0, 'selected_score': 0}, {'index': 25, 'radius_min': 0.1, 'radius_max': 1.4498, 'trim_min': 0.00717942, 'trim_max': 0.104087, 'evaluations': 11, 'safe_feasible': 9, 'states': 6, 'selected_radius': 0, 'selected_trim': 0, 'selected_score': 0}]",26,144,253,all_pivot,0,26,0.24832600061814372,200,0,296,26,"{'angular acceleration iteration did not converge': 32, 'transition requires a reversing inner wheel': 26, 'trim distance exceeds corner segment geometry': 1}",0.0120245,adaptive,0.05,3.464215800087461,194,Smac2D,23ca6202183feaf968ab5f804f618afa7fe96092e5ae5805282bcd8f39904191,248,bac760f1f87345b4dc841ff116bed3fbf614522489903c04e762759bc6a323ba,0,1,crossing_northwest_to_southeast,True,6.1703354271478e-23,4.935868302200033e-11,12.312501228967438,27,0.017997200999616325
0.012,3.398148532367058,0.022864583218660934,0.007475062208464922,,0.6594407528918055,0.2146446641391273,0.23390290478282266,0,415,6.35671,0,161,True,4.94682,161,True,simple_default,simple,3.39815,177,True,1.6301792802723936,adaptive_hybrid_fixed,0.05,208,22dcea2e314a5b833898e9705ccd73adab85e19db089803e393b03b2e691433d,12.262327433046615,,,,,,,,,0,0.0,,,,,,,,,0,,Smac2D,23ca6202183feaf968ab5f804f618afa7fe96092e5ae5805282bcd8f39904191,247,bac760f1f87345b4dc841ff116bed3fbf614522489903c04e762759bc6a323ba,0,1,crossing_northwest_to_southeast,True,3.398148532367058,1.6301792802723936,12.262327433046615,1,0.014721486999860645
0.015000000000000001,3.398148532367058,0.022864583218660934,0.007475062208464922,,0.6594407528918055,0.2146446641391273,0.23390290478282266,0,415,6.17034e-23,26,161,True,4.94682,161,True,simple_default,simple,3.39815,177,True,1.6301792802723936,adaptive_hybrid,0.05,208,22dcea2e314a5b833898e9705ccd73adab85e19db089803e393b03b2e691433d,12.262327433046615,,,,,,,,,0,0.0,,,,,,,,,0,,Smac2D,23ca6202183feaf968ab5f804f618afa7fe96092e5ae5805282bcd8f39904191,247,bac760f1f87345b4dc841ff116bed3fbf614522489903c04e762759bc6a323ba,0,1,crossing_northwest_to_southeast,True,3.398148532367058,1.6301792802723936,12.262327433046615,1,0.02127814400000716
0.003,3.5856291491043746,2.220446049250313e-16,3.121676088664216e-17,,0.5069292251886064,0.2146446641391273,0.2146446641391273,0,249,,,,,,,,,,,,,2.4399388287959263,raw,0.05,125,5f35fdf355c7a4e1438639cf74c5d98a38db5cb4e3f16872af5e166b74b73064,6.917291098903409,,,,,,,,,0,0.0,,,,,,,,,0,,Smac2D,e2107c86c60c10859f91be39629dda1f17797ae7b1f4be3245f249763287567c,140,5f35fdf355c7a4e1438639cf74c5d98a38db5cb4e3f16872af5e166b74b73064,0,1,central_south_to_north,True,3.5856291491043746,2.4399388287959263,6.917291098903409,1,0.0040433680001115135
0.0,2.2441992405228177,0.023034272282739646,0.008206926803066983,,0.5047498400056507,0.18825146149581692,0.2146446641391273,0,249,,,,,,,,,,,,,1.5131454864639602,simple,0.05,125,072b41471235a6bb04f86b01bae44bcdaaf81418f9985b857d412936463054a0,6.880940007770976,,,,,,,,,0,0.0,,,,,,,,,0,,Smac2D,e2107c86c60c10859f91be39629dda1f17797ae7b1f4be3245f249763287567c,139,5f35fdf355c7a4e1438639cf74c5d98a38db5cb4e3f16872af5e166b74b73064,0,1,central_south_to_north,True,2.2441992405228177,1.5131454864639602,6.880940007770976,1,0.006828342000062548
0.0,3.452409131902768,0.0013165147687472579,0.00032816322326195734,,0.5068981145296513,0.2146446641391273,0.2146446641391273,0,248,,,,,,,,,,,,,2.3070377100462136,savitzky_golay,0.05,125,3a12512c9c5b858150437a5407175163f1755b24d5ec0e2816102f1f6d8c33c8,6.916327748890011,,,,,,,,,0,0.0,,,,,,,,,0,,Smac2D,e2107c86c60c10859f91be39629dda1f17797ae7b1f4be3245f249763287567c,140,5f35fdf355c7a4e1438639cf74c5d98a38db5cb4e3f16872af5e166b74b73064,0,1,central_south_to_north,True,3.452409131902768,2.3070377100462136,6.916327748890011,1,0.006623556000249664
0.009000000000000001,3.885248499132064,0.02706020091415383,0.014681965627105002,,0.5418571651695744,0.23390290478282266,0.2474873771031409,0,226,,,,,,,,,,,,,2.0763047330779636,constrained,0.05,125,d5892269827040ea1364b41f404b0f9eb67ec23bc9d56487e1f1c5826fc9ba82,6.9365235196412565,,,,,,,,,0,0.0,,,,,,,,,0,,Smac2D,e2107c86c60c10859f91be39629dda1f17797ae7b1f4be3245f249763287567c,140,5f35fdf355c7a4e1438639cf74c5d98a38db5cb4e3f16872af5e166b74b73064,0,1,central_south_to_north,True,3.885248499132064,2.0763047330779636,6.9365235196412565,1,0.009966644000087399
0.006,4.6927226353931975,0.006887761224345699,0.0033415959496600122,,0.5730843406419773,0.2146446641391273,0.2146446641391273,0,417,,,,,,,,,,,,,3.264987277133808,pivot_g2_fixed,0.05,417,4314fb22e8484271440d9a23d1278daee0fb0a0ca70e26aeff56daf4fcf21fda,6.913685065855884,0,39,"[{'index': 0, 'radius_min': 0, 'radius_max': 0, 'trim_min': 0, 'trim_max': 0, 'evaluations': 9, 'safe_feasible': 4, 'states': 0, 'selected_radius': 0.75, 'selected_trim': 0.0461811, 'selected_score': 0.949502}, {'index': 1, 'radius_min': 0, 'radius_max': 0, 'trim_min': 0, 'trim_max': 0, 'evaluations': 9, 'safe_feasible': 1, 'states': 0, 'selected_radius': 0.2, 'selected_trim': 0.0131414, 'selected_score': 1}, {'index': 2, 'radius_min': 0, 'radius_max': 0, 'trim_min': 0, 'trim_max': 0, 'evaluations': 9, 'safe_feasible': 1, 'states': 0, 'selected_radius': 0.2, 'selected_trim': 0.0126529, 'selected_score': 1}, {'index': 3, 'radius_min': 0, 'radius_max': 0, 'trim_min': 0, 'trim_max': 0, 'evaluations': 9, 'safe_feasible': 1, 'states': 0, 'selected_radius': 0.2, 'selected_trim': 0.0123427, 'selected_score': 1}, {'index': 4, 'radius_min': 0, 'radius_max': 0, 'trim_min': 0, 'trim_max': 0, 'evaluations': 9, 'safe_feasible': 1, 'states': 0, 'selected_radius': 0.2, 'selected_trim': 0.0201759, 'selected_score': 1}, {'index': 5, 'radius_min': 0, 'radius_max': 0, 'trim_min': 0, 'trim_max': 0, 'evaluations': 9, 'safe_feasible': 1, 'states': 0, 'selected_radius': 0.2, 'selected_trim': 0.0102545, 'selected_score': 1}, {'index': 6, 'radius_min': 0, 'radius_max': 0, 'trim_min': 0, 'trim_max': 0, 'evaluations': 9, 'safe_feasible': 1, 'states': 0, 'selected_radius': 0.2, 'selected_trim': 0.00983428, 'selected_score': 1}, {'index': 7, 'radius_min': 0, 'radius_max': 0, 'trim_min': 0, 'trim_max': 0, 'evaluations': 9, 'safe_feasible': 1, 'states': 0, 'selected_radius': 0.2, 'selected_trim': 0.0123143, 'selected_score': 1}, {'index': 8, 'radius_min': 0, 'radius_max': 0, 'trim_min': 0, 'trim_max': 0, 'evaluations': 9, 'safe_feasible': 1, 'states': 0, 'selected_radius': 0.2, 'selected_trim': 0.0126074, 'selected_score': 1}, {'index': 9, 'radius_min': 0, 'radius_max': 0, 'trim_min': 0, 'trim_max': 0, 'evaluations': 9, 'safe_feasible': 1, 'states': 0, 'selected_radius': 0.2, 'selected_trim': 0.0181407, 'selected_score': 1}, {'index': 10, 'radius_min': 0, 'radius_max': 0, 'trim_min': 0, 'trim_max': 0, 'evaluations': 9, 'safe_feasible': 1, 'states': 0, 'selected_radius': 0.2, 'selected_trim': 0.0148367, 'selected_score': 1}, {'index': 11, 'radius_min': 0, 'radius_max': 0, 'trim_min': 0, 'trim_max': 0, 'evaluations': 9, 'safe_feasible': 1, 'states': 0, 'selected_radius': 0.2, 'selected_trim': 0.0100496, 'selected_score': 1}, {'index': 12, 'radius_min': 0, 'radius_max': 0, 'trim_min': 0, 'trim_max': 0, 'evaluations': 9, 'safe_feasible': 1, 'states': 0, 'selected_radius': 0.2, 'selected_trim': 0.0144495, 'selected_score': 1}, {'index': 13, 'radius_min': 0, 'radius_max': 0, 'trim_min': 0, 'trim_max': 0, 'evaluations': 9, 'safe_feasible': 4, 'states': 0, 'selected_radius': 0.6, 'selected_trim': 0.0574847, 'selected_score': 0.910303}, {'index': 14, 'radius_min': 0, 'radius_max': 0, 'trim_min': 0, 'trim_max': 0, 'evaluations': 9, 'safe_feasible': 7, 'states': 0, 'selected_radius': 1.5, 'selected_trim': 0.0870754, 'selected_score': 1}, {'index': 15, 'radius_min': 0, 'radius_max': 0, 'trim_min': 0, 'trim_max': 0, 'evaluations': 9, 'safe_feasible': 3, 'states': 0, 'selected_radius': 0.6, 'selected_trim': 0.0403789, 'selected_score': 0.919424}, {'index': 16, 'radius_min': 0, 'radius_max': 0, 'trim_min': 0, 'trim_max': 0, 'evaluations': 9, 'safe_feasible': 3, 'states': 0, 'selected_radius': 0.5, 'selected_trim': 0.0424074, 'selected_score': 0.9}, {'index': 17, 'radius_min': 0, 'radius_max': 0, 'trim_min': 0, 'trim_max': 0, 'evaluations': 9, 'safe_feasible': 6, 'states': 0, 'selected_radius': 1.25, 'selected_trim': 0.0701106, 'selected_score': 1}]",18,0,162,none,18,0,0.0,200,0.982179,417,0,"{'angular acceleration iteration did not converge': 23, 'transition would overlap an adjacent corner window': 100}",0.00506428,fixed,0.05,0,39,Smac2D,e2107c86c60c10859f91be39629dda1f17797ae7b1f4be3245f249763287567c,140,5f35fdf355c7a4e1438639cf74c5d98a38db5cb4e3f16872af5e166b74b73064,0,1,central_south_to_north,True,4.6927226353931975,3.264987277133808,6.913685065855884,1,0.012368698000045697
0.009000000000000001,4.911590847218773,0.006889099181088366,0.003339945050661007,,0.5180194617951098,0.2146446641391273,0.2146446641391273,0,262,,,,,,,,,,,,,3.662117539605993,pivot_g2,0.05,248,99acfa1f17d54e934e9cf37414e22a6e1a60b40b4a942a6468fa9983820959b9,6.914002691454688,166,122,"[{'index': 0, 'radius_min': 0.1, 'radius_max': 1.5, 'trim_min': 0.00615749, 'trim_max': 0.0923623, 'evaluations': 11, 'safe_feasible': 9, 'states': 6, 'selected_radius': 1.22, 'selected_trim': 0.0751213, 'selected_score': 0.0995615}, {'index': 1, 'radius_min': 0.1, 'radius_max': 0.87937, 'trim_min': 0.00657068, 'trim_max': 0.0577806, 'evaluations': 11, 'safe_feasible': 9, 'states': 6, 'selected_radius': 0, 'selected_trim': 0, 'selected_score': 0}, {'index': 2, 'radius_min': 0.1, 'radius_max': 0.857564, 'trim_min': 0.00632643, 'trim_max': 0.0542532, 'evaluations': 6, 'safe_feasible': 4, 'states': 5, 'selected_radius': 0, 'selected_trim': 0, 'selected_score': 0}, {'index': 3, 'radius_min': 0.1, 'radius_max': 0.841905, 'trim_min': 0.00617136, 'trim_max': 0.051957, 'evaluations': 6, 'safe_feasible': 4, 'states': 5, 'selected_radius': 0, 'selected_trim': 0, 'selected_score': 0}, {'index': 4, 'radius_min': 0.1, 'radius_max': 0.51504, 'trim_min': 0.0100879, 'trim_max': 0.051957, 'evaluations': 6, 'safe_feasible': 4, 'states': 5, 'selected_radius': 0, 'selected_trim': 0, 'selected_score': 0}, {'index': 5, 'radius_min': 0.1, 'radius_max': 0.990607, 'trim_min': 0.00512725, 'trim_max': 0.0507909, 'evaluations': 6, 'safe_feasible': 4, 'states': 5, 'selected_radius': 0, 'selected_trim': 0, 'selected_score': 0}, {'index': 6, 'radius_min': 0.1, 'radius_max': 1.03294, 'trim_min': 0.00491714, 'trim_max': 0.0507909, 'evaluations': 6, 'safe_feasible': 4, 'states': 5, 'selected_radius': 0, 'selected_trim': 0, 'selected_score': 0}, {'index': 7, 'radius_min': 0.1, 'radius_max': 0.843765, 'trim_min': 0.00615713, 'trim_max': 0.0519517, 'evaluations': 6, 'safe_feasible': 4, 'states': 5, 'selected_radius': 0, 'selected_trim': 0, 'selected_score': 0}, {'index': 8, 'radius_min': 0.1, 'radius_max': 0.860423, 'trim_min': 0.00630371, 'trim_max': 0.0542385, 'evaluations': 6, 'safe_feasible': 4, 'states': 5, 'selected_radius': 0, 'selected_trim': 0, 'selected_score': 0}, {'index': 9, 'radius_min': 0.1, 'radius_max': 0.636625, 'trim_min': 0.00907033, 'trim_max': 0.057744, 'evaluations': 6, 'safe_feasible': 4, 'states': 5, 'selected_radius': 0, 'selected_trim': 0, 'selected_score': 0}, {'index': 10, 'radius_min': 0.1, 'radius_max': 0.793871, 'trim_min': 0.00741833, 'trim_max': 0.058892, 'evaluations': 11, 'safe_feasible': 7, 'states': 6, 'selected_radius': 0, 'selected_trim': 0, 'selected_score': 0}, {'index': 11, 'radius_min': 0.1, 'radius_max': 1.10846, 'trim_min': 0.0050248, 'trim_max': 0.0556978, 'evaluations': 11, 'safe_feasible': 8, 'states': 6, 'selected_radius': 0, 'selected_trim': 0, 'selected_score': 0}, {'index': 12, 'radius_min': 0.1, 'radius_max': 0.770929, 'trim_min': 0.00722477, 'trim_max': 0.0556978, 'evaluations': 6, 'safe_feasible': 4, 'states': 5, 'selected_radius': 0, 'selected_trim': 0, 'selected_score': 0}, {'index': 13, 'radius_min': 0.1, 'radius_max': 1.5, 'trim_min': 0.00958078, 'trim_max': 0.143712, 'evaluations': 20, 'safe_feasible': 17, 'states': 6, 'selected_radius': 0.17, 'selected_trim': 0.0162873, 'selected_score': 0.569851}, {'index': 14, 'radius_min': 0.1, 'radius_max': 1.5, 'trim_min': 0.00580503, 'trim_max': 0.0870754, 'evaluations': 11, 'safe_feasible': 9, 'states': 6, 'selected_radius': 1.5, 'selected_trim': 0.0870754, 'selected_score': 0.186947}, {'index': 15, 'radius_min': 0.1, 'radius_max': 1.5, 'trim_min': 0.00672982, 'trim_max': 0.100947, 'evaluations': 11, 'safe_feasible': 9, 'states': 6, 'selected_radius': 0.24, 'selected_trim': 0.0161516, 'selected_score': 0.408494}, {'index': 16, 'radius_min': 0.1, 'radius_max': 1.19059, 'trim_min': 0.00848149, 'trim_max': 0.10098, 'evaluations': 11, 'safe_feasible': 10, 'states': 6, 'selected_radius': 0.209059, 'selected_trim': 0.0177313, 'selected_score': 0.482032}, {'index': 17, 'radius_min': 0.1, 'radius_max': 1.5, 'trim_min': 0.00560885, 'trim_max': 0.0841327, 'evaluations': 11, 'safe_feasible': 9, 'states': 6, 'selected_radius': 1.5, 'selected_trim': 0.0841327, 'selected_score': 0.161448}]",18,99,162,none,6,12,0.20107866000980068,200,0.318055,248,12,"{'angular acceleration iteration did not converge': 20, 'transition requires a reversing inner wheel': 18, 'trim distance exceeds corner segment geometry': 1}",0.00794127,adaptive,0.05,1.6052115111125114,123,Smac2D,e2107c86c60c10859f91be39629dda1f17797ae7b1f4be3245f249763287567c,140,5f35fdf355c7a4e1438639cf74c5d98a38db5cb4e3f16872af5e166b74b73064,0,1,central_south_to_north,True,1.3597657435982653,3.108740801876829,6.914855569413676,13,0.013426289000108227
0.006,2.2441992405228177,0.023034272282739646,0.008206926803066983,,0.5047498400056507,0.18825146149581692,0.2146446641391273,0,249,4.69272,0,214,True,3.58563,202,True,simple_default,simple,2.2442,221,True,1.5131454864639602,adaptive_hybrid_fixed,0.05,125,072b41471235a6bb04f86b01bae44bcdaaf81418f9985b857d412936463054a0,6.880940007770976,,,,,,,,,0,0.0,,,,,,,,,0,,Smac2D,e2107c86c60c10859f91be39629dda1f17797ae7b1f4be3245f249763287567c,139,5f35fdf355c7a4e1438639cf74c5d98a38db5cb4e3f16872af5e166b74b73064,0,1,central_south_to_north,True,2.2441992405228177,1.5131454864639602,6.880940007770976,1,0.009398113000315789
0.009000000000000001,2.2441992405228177,0.023034272282739646,0.008206926803066983,,0.5047498400056507,0.18825146149581692,0.2146446641391273,0,249,1.35977,12,214,True,3.58563,202,True,simple_default,simple,2.2442,221,True,1.5131454864639602,adaptive_hybrid,0.05,125,072b41471235a6bb04f86b01bae44bcdaaf81418f9985b857d412936463054a0,6.880940007770976,,,,,,,,,0,0.0,,,,,,,,,0,,Smac2D,e2107c86c60c10859f91be39629dda1f17797ae7b1f4be3245f249763287567c,139,5f35fdf355c7a4e1438639cf74c5d98a38db5cb4e3f16872af5e166b74b73064,0,1,central_south_to_north,True,2.2441992405228177,1.5131454864639602,6.880940007770976,1,0.011508726999636565
0.003,4.671515176052091,2.220446049250313e-16,5.1671707513137595e-17,,0.41067957395757165,0.2474873771031409,0.2662999155148149,0,249,,,,,,,,,,,,,2.355247956149865,raw,0.05,125,4a9d4052a5039f3648bef9d2c5af90f900a0d95e8570e97184ff60f6851ef14d,6.751114772383516,,,,,,,,,0,0.0,,,,,,,,,0,,Smac2D,800a38bff27e512e419b1247e4978187d20021ff6923411a8b10ff0134041c6f,137,4a9d4052a5039f3648bef9d2c5af90f900a0d95e8570e97184ff60f6851ef14d,0,1,right_south_to_north,True,4.671515176052091,2.355247956149865,6.751114772383516,1,0.004031696999845735
0.0,3.167656244395461,0.02310094707622672,0.009766176442556888,,0.4089590362707088,0.23390290478282266,0.2474873771031409,0,249,,,,,,,,,,,,,1.5965815783965696,simple,0.05,125,2b1424d279e3fad3f08681c58b708e8c08d8c3c9df00360161d2ea5de6f802e1,6.7020197731696545,,,,,,,,,0,0.0,,,,,,,,,0,,Smac2D,800a38bff27e512e419b1247e4978187d20021ff6923411a8b10ff0134041c6f,136,4a9d4052a5039f3648bef9d2c5af90f900a0d95e8570e97184ff60f6851ef14d,0,1,right_south_to_north,True,3.167656244395461,1.5965815783965696,6.7020197731696545,1,0.007120578000012756
0.003,4.513330131533716,0.0012920961067427802,0.0003637189376225275,,0.40423011910400963,0.2474873771031409,0.2574601203080526,0,244,,,,,,,,,,,,,2.2197632530795395,savitzky_golay,0.05,125,47fb75f2f08199ffd510c124e896c62c327433d19eb9bdabdcf17bbbf49c9dd1,6.749976699353149,,,,,,,,,0,0.0,,,,,,,,,0,,Smac2D,800a38bff27e512e419b1247e4978187d20021ff6923411a8b10ff0134041c6f,137,4a9d4052a5039f3648bef9d2c5af90f900a0d95e8570e97184ff60f6851ef14d,0,1,right_south_to_north,True,4.513330131533716,2.2197632530795395,6.749976699353149,1,0.007463490999725764
0.006,4.358421949558955,0.004805446267524487,0.0020992139099672426,,0.41264535834475374,0.2474873771031409,0.26878279146075923,0,226,,,,,,,,,,,,,1.9952563653099196,constrained,0.05,125,d564cf3683ad522aa25a850fa1a41f936dffb47acd450f233ee3aae945cc418b,6.7532382017157335,,,,,,,,,0,0.0,,,,,,,,,0,,Smac2D,800a38bff27e512e419b1247e4978187d20021ff6923411a8b10ff0134041c6f,137,4a9d4052a5039f3648bef9d2c5af90f900a0d95e8570e97184ff60f6851ef14d,0,1,right_south_to_north,True,4.358421949558955,1.9952563653099196,6.7532382017157335,1,0.013332048999927792
0.006,6.513970677600746,0.01262608017902886,0.004645733806554224,,0.41963265176151726,0.2474873771031409,0.25619225950049973,0,493,,,,,,,,,,,,,3.7688924860298476,pivot_g2_fixed,0.05,492,f554818eb525a133dccbfc4dd755b3fdd4a8db2f194bebf50956940b31d13273,6.745499840387076,0,46,"[{'index': 0, 'radius_min': 0, 'radius_max': 0, 'trim_min': 0, 'trim_max': 0, 'evaluations': 9, 'safe_feasible': 3, 'states': 0, 'selected_radius': 0.6, 'selected_trim': 0.0390124, 'selected_score': 0.920969}, {'index': 1, 'radius_min': 0, 'radius_max': 0, 'trim_min': 0, 'trim_max': 0, 'evaluations': 9, 'safe_feasible': 1, 'states': 0, 'selected_radius': 0.2, 'selected_trim': 0.0133256, 'selected_score': 1}, {'index': 2, 'radius_min': 0, 'radius_max': 0, 'trim_min': 0, 'trim_max': 0, 'evaluations': 9, 'safe_feasible': 1, 'states': 0, 'selected_radius': 0.2, 'selected_trim': 0.0123328, 'selected_score': 1}, {'index': 3, 'radius_min': 0, 'radius_max': 0, 'trim_min': 0, 'trim_max': 0, 'evaluations': 9, 'safe_feasible': 1, 'states': 0, 'selected_radius': 0.2, 'selected_trim': 0.0126141, 'selected_score': 1}, {'index': 4, 'radius_min': 0, 'radius_max': 0, 'trim_min': 0, 'trim_max': 0, 'evaluations': 9, 'safe_feasible': 1, 'states': 0, 'selected_radius': 0.2, 'selected_trim': 0.0186901, 'selected_score': 1}, {'index': 5, 'radius_min': 0, 'radius_max': 0, 'trim_min': 0, 'trim_max': 0, 'evaluations': 9, 'safe_feasible': 3, 'states': 0, 'selected_radius': 0.6, 'selected_trim': 0.0268403, 'selected_score': 0.775279}, {'index': 6, 'radius_min': 0, 'radius_max': 0, 'trim_min': 0, 'trim_max': 0, 'evaluations': 9, 'safe_feasible': 2, 'states': 0, 'selected_radius': 0.5, 'selected_trim': 0.0242568, 'selected_score': 0.9}, {'index': 7, 'radius_min': 0, 'radius_max': 0, 'trim_min': 0, 'trim_max': 0, 'evaluations': 9, 'safe_feasible': 1, 'states': 0, 'selected_radius': 0.2, 'selected_trim': 0.012614, 'selected_score': 1}, {'index': 8, 'radius_min': 0, 'radius_max': 0, 'trim_min': 0, 'trim_max': 0, 'evaluations': 9, 'safe_feasible': 1, 'states': 0, 'selected_radius': 0.2, 'selected_trim': 0.0123326, 'selected_score': 1}, {'index': 9, 'radius_min': 0, 'radius_max': 0, 'trim_min': 0, 'trim_max': 0, 'evaluations': 9, 'safe_feasible': 1, 'states': 0, 'selected_radius': 0.2, 'selected_trim': 0.023366, 'selected_score': 1}, {'index': 10, 'radius_min': 0, 'radius_max': 0, 'trim_min': 0, 'trim_max': 0, 'evaluations': 9, 'safe_feasible': 1, 'states': 0, 'selected_radius': 0.2, 'selected_trim': 0.0134362, 'selected_score': 1}, {'index': 11, 'radius_min': 0, 'radius_max': 0, 'trim_min': 0, 'trim_max': 0, 'evaluations': 9, 'safe_feasible': 1, 'states': 0, 'selected_radius': 0.2, 'selected_trim': 0.00989081, 'selected_score': 1}, {'index': 12, 'radius_min': 0, 'radius_max': 0, 'trim_min': 0, 'trim_max': 0, 'evaluations': 9, 'safe_feasible': 1, 'states': 0, 'selected_radius': 0.2, 'selected_trim': 0.0123629, 'selected_score': 1}, {'index': 13, 'radius_min': 0, 'radius_max': 0, 'trim_min': 0, 'trim_max': 0, 'evaluations': 9, 'safe_feasible': 1, 'states': 0, 'selected_radius': 0.2, 'selected_trim': 0.0126624, 'selected_score': 1}, {'index': 14, 'radius_min': 0, 'radius_max': 0, 'trim_min': 0, 'trim_max': 0, 'evaluations': 9, 'safe_feasible': 1, 'states': 0, 'selected_radius': 0.2, 'selected_trim': 0.0223517, 'selected_score': 1}, {'index': 15, 'radius_min': 0, 'radius_max': 0, 'trim_min': 0, 'trim_max': 0, 'evaluations': 9, 'safe_feasible': 3, 'states': 0, 'selected_radius': 0.6, 'selected_trim': 0.0442598, 'selected_score': 0.920301}, {'index': 16, 'radius_min': 0, 'radius_max': 0, 'trim_min': 0, 'trim_max': 0, 'evaluations': 9, 'safe_feasible': 1, 'states': 0, 'selected_radius': 0.2, 'selected_trim': 0.0143528, 'selected_score': 1}, {'index': 17, 'radius_min': 0, 'radius_max': 0, 'trim_min': 0, 'trim_max': 0, 'evaluations': 9, 'safe_feasible': 1, 'states': 0, 'selected_radius': 0.2, 'selected_trim': 0.0144925, 'selected_score': 1}, {'index': 18, 'radius_min': 0, 'radius_max': 0, 'trim_min': 0, 'trim_max': 0, 'evaluations': 9, 'safe_feasible': 5, 'states': 0, 'selected_radius': 0.75, 'selected_trim': 0.0637382, 'selected_score': 0.927219}, {'index': 19, 'radius_min': 0, 'radius_max': 0, 'trim_min': 0, 'trim_max': 0, 'evaluations': 9, 'safe_feasible': 5, 'states': 0, 'selected_radius': 1, 'selected_trim': 0.0664726, 'selected_score': 0.963627}, {'index': 20, 'radius_min': 0, 'radius_max': 0, 'trim_min': 0, 'trim_max': 0, 'evaluations': 9, 'safe_feasible': 2, 'states': 0, 'selected_radius': 0.5, 'selected_trim': 0.0409099, 'selected_score': 0.9}, {'index': 21, 'radius_min': 0, 'radius_max': 0, 'trim_min': 0, 'trim_max': 0, 'evaluations': 9, 'safe_feasible': 2, 'states': 0, 'selected_radius': 0.5, 'selected_trim': 0.0412426, 'selected_score': 0.9}, {'index': 22, 'radius_min': 0, 'radius_max': 0, 'trim_min': 0, 'trim_max': 0, 'evaluations': 9, 'safe_feasible': 7, 'states': 0, 'selected_radius': 1.25, 'selected_trim': 0.0574549, 'selected_score': 0.965354}]",23,0,207,none,23,0,0.0,200,0.964033,492,0,"{'angular acceleration iteration did not converge': 29, 'transition would overlap an adjacent corner window': 132}",0.00654261,fixed,0.05,0,46,Smac2D,800a38bff27e512e419b1247e4978187d20021ff6923411a8b10ff0134041c6f,136,4a9d4052a5039f3648bef9d2c5af90f900a0d95e8570e97184ff60f6851ef14d,0,1,right_south_to_north,True,6.513970677600746,3.7688924860298476,6.745499840387076,1,0.01506752300019798
0.009000000000000001,7.566854137420714,0.012631050304354609,0.004632481501922489,,0.4163668278350593,0.2474873771031409,0.25619225950049973,0,206,,,,,,,,,,,,,3.787140924374923,pivot_g2,0.05,179,8b44a31d60ae76d6eeb421e5d838a2946a415e1632564f1c3946775f857a3616,6.746488113202588,196,149,"[{'index': 0, 'radius_min': 0.1, 'radius_max': 1.5, 'trim_min': 0.00650207, 'trim_max': 0.0975311, 'evaluations': 11, 'safe_feasible': 9, 'states': 6, 'selected_radius': 0, 'selected_trim': 0, 'selected_score': 0}, {'index': 1, 'radius_min': 0.1, 'radius_max': 0.779638, 'trim_min': 0.00666279, 'trim_max': 0.0519457, 'evaluations': 6, 'safe_feasible': 3, 'states': 4, 'selected_radius': 0, 'selected_trim': 0, 'selected_score': 0}, {'index': 2, 'radius_min': 0.1, 'radius_max': 0.842398, 'trim_min': 0.00616641, 'trim_max': 0.0519457, 'evaluations': 6, 'safe_feasible': 4, 'states': 5, 'selected_radius': 0, 'selected_trim': 0, 'selected_score': 0}, {'index': 3, 'radius_min': 0.1, 'radius_max': 0.859888, 'trim_min': 0.00630703, 'trim_max': 0.0542334, 'evaluations': 6, 'safe_feasible': 4, 'states': 5, 'selected_radius': 0, 'selected_trim': 0, 'selected_score': 0}, {'index': 4, 'radius_min': 0.1, 'radius_max': 0.617853, 'trim_min': 0.00934506, 'trim_max': 0.0577387, 'evaluations': 6, 'safe_feasible': 3, 'states': 4, 'selected_radius': 0, 'selected_trim': 0, 'selected_score': 0}, {'index': 5, 'radius_min': 0.1, 'radius_max': 1.37398, 'trim_min': 0.00447338, 'trim_max': 0.0614632, 'evaluations': 11, 'safe_feasible': 9, 'states': 6, 'selected_radius': 0, 'selected_trim': 0, 'selected_score': 0}, {'index': 6, 'radius_min': 0.1, 'radius_max': 1.19015, 'trim_min': 0.00485137, 'trim_max': 0.0577387, 'evaluations': 11, 'safe_feasible': 9, 'states': 6, 'selected_radius': 0, 'selected_trim': 0, 'selected_score': 0}, {'index': 7, 'radius_min': 0.1, 'radius_max': 0.859894, 'trim_min': 0.006307, 'trim_max': 0.0542335, 'evaluations': 6, 'safe_feasible': 4, 'states': 5, 'selected_radius': 0, 'selected_trim': 0, 'selected_score': 0}, {'index': 8, 'radius_min': 0.1, 'radius_max': 0.84241, 'trim_min': 0.00616632, 'trim_max': 0.0519457, 'evaluations': 6, 'safe_feasible': 4, 'states': 5, 'selected_radius': 0, 'selected_trim': 0, 'selected_score': 0}, {'index': 9, 'radius_min': 0.1, 'radius_max': 0.444627, 'trim_min': 0.011683, 'trim_max': 0.0519457, 'evaluations': 6, 'safe_feasible': 2, 'states': 3, 'selected_radius': 0, 'selected_trim': 0, 'selected_score': 0}, {'index': 10, 'radius_min': 0.1, 'radius_max': 0.755954, 'trim_min': 0.00671808, 'trim_max': 0.0507856, 'evaluations': 6, 'safe_feasible': 4, 'states': 5, 'selected_radius': 0, 'selected_trim': 0, 'selected_score': 0}, {'index': 11, 'radius_min': 0.1, 'radius_max': 1.02693, 'trim_min': 0.0049454, 'trim_max': 0.0507856, 'evaluations': 6, 'safe_feasible': 4, 'states': 5, 'selected_radius': 0, 'selected_trim': 0, 'selected_score': 0}, {'index': 12, 'radius_min': 0.1, 'radius_max': 0.84044, 'trim_min': 0.00618145, 'trim_max': 0.0519513, 'evaluations': 6, 'safe_feasible': 4, 'states': 5, 'selected_radius': 0, 'selected_trim': 0, 'selected_score': 0}, {'index': 13, 'radius_min': 0.1, 'radius_max': 0.856855, 'trim_min': 0.00633118, 'trim_max': 0.054249, 'evaluations': 6, 'safe_feasible': 4, 'states': 5, 'selected_radius': 0, 'selected_trim': 0, 'selected_score': 0}, {'index': 14, 'radius_min': 0.1, 'radius_max': 0.516986, 'trim_min': 0.0111758, 'trim_max': 0.0577776, 'evaluations': 6, 'safe_feasible': 4, 'states': 5, 'selected_radius': 0, 'selected_trim': 0, 'selected_score': 0}, {'index': 15, 'radius_min': 0.1, 'radius_max': 1.5, 'trim_min': 0.00737663, 'trim_max': 0.110649, 'evaluations': 20, 'safe_feasible': 17, 'states': 6, 'selected_radius': 0, 'selected_trim': 0, 'selected_score': 0}, {'index': 16, 'radius_min': 0.1, 'radius_max': 0.776371, 'trim_min': 0.0071764, 'trim_max': 0.0557155, 'evaluations': 6, 'safe_feasible': 4, 'states': 5, 'selected_radius': 0, 'selected_trim': 0, 'selected_score': 0}, {'index': 17, 'radius_min': 0.1, 'radius_max': 0.768886, 'trim_min': 0.00724626, 'trim_max': 0.0557155, 'evaluations': 6, 'safe_feasible': 4, 'states': 5, 'selected_radius': 0, 'selected_trim': 0, 'selected_score': 0}, {'index': 18, 'radius_min': 0.1, 'radius_max': 1.5, 'trim_min': 0.00849843, 'trim_max': 0.127476, 'evaluations': 20, 'safe_feasible': 17, 'states': 6, 'selected_radius': 0, 'selected_trim': 0, 'selected_score': 0}, {'index': 19, 'radius_min': 0.1, 'radius_max': 1.5, 'trim_min': 0.00664726, 'trim_max': 0.099709, 'evaluations': 11, 'safe_feasible': 9, 'states': 6, 'selected_radius': 0, 'selected_trim': 0, 'selected_score': 0}, {'index': 20, 'radius_min': 0.1, 'radius_max': 1.24076, 'trim_min': 0.00818199, 'trim_max': 0.101519, 'evaluations': 11, 'safe_feasible': 9, 'states': 6, 'selected_radius': 0, 'selected_trim': 0, 'selected_score': 0}, {'index': 21, 'radius_min': 0.1, 'radius_max': 1.23076, 'trim_min': 0.00824852, 'trim_max': 0.101519, 'evaluations': 11, 'safe_feasible': 9, 'states': 6, 'selected_radius': 0, 'selected_trim': 0, 'selected_score': 0}, {'index': 22, 'radius_min': 0.1, 'radius_max': 1.5, 'trim_min': 0.00459639, 'trim_max': 0.0689459, 'evaluations': 11, 'safe_feasible': 9, 'states': 6, 'selected_radius': 0, 'selected_trim': 0, 'selected_score': 0}]",23,120,201,all_pivot,0,23,0.23260558344107804,200,0,179,23,"{'angular acceleration iteration did not converge': 27, 'transition requires a reversing inner wheel': 23, 'trim distance exceeds corner segment geometry': 2}",0.00836755,adaptive,0.05,3.229308684164964,149,Smac2D,800a38bff27e512e419b1247e4978187d20021ff6923411a8b10ff0134041c6f,136,4a9d4052a5039f3648bef9d2c5af90f900a0d95e8570e97184ff60f6851ef14d,0,1,right_south_to_north,True,4.660514703873683e-21,4.25294855007993e-10,6.748552983911208,24,0.012411368999892147
0.006,3.167656244395461,0.02310094707622672,0.009766176442556888,,0.4089590362707088,0.23390290478282266,0.2474873771031409,0,249,6.51397,0,161,True,4.67152,161,True,simple_default,simple,3.16766,177,True,1.5965815783965696,adaptive_hybrid_fixed,0.05,125,2b1424d279e3fad3f08681c58b708e8c08d8c3c9df00360161d2ea5de6f802e1,6.7020197731696545,,,,,,,,,0,0.0,,,,,,,,,0,,Smac2D,800a38bff27e512e419b1247e4978187d20021ff6923411a8b10ff0134041c6f,136,4a9d4052a5039f3648bef9d2c5af90f900a0d95e8570e97184ff60f6851ef14d,0,1,right_south_to_north,True,3.167656244395461,1.5965815783965696,6.7020197731696545,1,0.011107456999980059
0.012,3.167656244395461,0.02310094707622672,0.009766176442556888,,0.4089590362707088,0.23390290478282266,0.2474873771031409,0,249,4.66051e-21,23,161,True,4.67152,161,True,simple_default,simple,3.16766,177,True,1.5965815783965696,adaptive_hybrid,0.05,125,2b1424d279e3fad3f08681c58b708e8c08d8c3c9df00360161d2ea5de6f802e1,6.7020197731696545,,,,,,,,,0,0.0,,,,,,,,,0,,Smac2D,800a38bff27e512e419b1247e4978187d20021ff6923411a8b10ff0134041c6f,136,4a9d4052a5039f3648bef9d2c5af90f900a0d95e8570e97184ff60f6851ef14d,0,1,right_south_to_north,True,3.167656244395461,1.5965815783965696,6.7020197731696545,1,0.015515398999923491
0.003,9.208640685884915e-11,0.0,0.0,,0.5146446686094758,0.5146446686094757,0.5146446686094757,0,112,,,,,,,,,,,,,4.291536335176199e-05,raw,0.05,57,00af10c2526f04f700f10e287e628a3c1fea01909d3d5bb54c5e9dde39c0d863,2.7999999850989536,,,,,,,,,0,0.0,,,,,,,,,0,,Smac2D,f13dd174acadd16ea1fbb3f5e9d131f6787687d657458b2aec46c0fbbda8a6f2,57,00af10c2526f04f700f10e287e628a3c1fea01909d3d5bb54c5e9dde39c0d863,0,1,upper_open_short,True,9.208640685884915e-11,4.291536335176199e-05,2.7999999850989536,1,0.0022350959998220787
0.0,1.3194425073216922e-12,7.542004487604004e-08,1.2941326898743668e-08,,0.5146446686094759,0.5146446686094757,0.5146446686094757,0,105,,,,,,,,,,,,,2.9247397392853645e-06,simple,0.05,57,3db9c84381e116ce333d91a5372925147ac2c90c556a3376edec347cab222c1a,2.7999999850988617,,,,,,,,,0,0.0,,,,,,,,,0,,Smac2D,f13dd174acadd16ea1fbb3f5e9d131f6787687d657458b2aec46c0fbbda8a6f2,57,00af10c2526f04f700f10e287e628a3c1fea01909d3d5bb54c5e9dde39c0d863,0,1,upper_open_short,True,1.3194425073216922e-12,2.9247397392853645e-06,2.7999999850988617,1,0.005794837999928859
0.0,8.365448966528402e-12,5.075773845675258e-08,7.182679805822393e-09,,0.5146446686094759,0.5146446686094757,0.5146446686094757,0,103,,,,,,,,,,,,,9.049292253854708e-06,savitzky_golay,0.05,57,b56e219cdd003872f3c66cc2179ecd05cfdbbfaea9fb40b8a533f1c7ac8eacd2,2.7999999850988866,,,,,,,,,0,0.0,,,,,,,,,0,,Smac2D,f13dd174acadd16ea1fbb3f5e9d131f6787687d657458b2aec46c0fbbda8a6f2,57,00af10c2526f04f700f10e287e628a3c1fea01909d3d5bb54c5e9dde39c0d863,0,1,upper_open_short,True,8.365448966528402e-12,9.049292253854708e-06,2.7999999850988866,1,0.005555232999995496
0.003,9.208640685884915e-11,0.0,0.0,,0.5146446686094758,0.5146446686094757,0.5146446686094757,0,112,,,,,,,,,,,,,4.291536335176199e-05,constrained,0.05,57,00af10c2526f04f700f10e287e628a3c1fea01909d3d5bb54c5e9dde39c0d863,2.7999999850989536,,,,,,,,,0,0.0,,,,,,,,,0,,Smac2D,f13dd174acadd16ea1fbb3f5e9d131f6787687d657458b2aec46c0fbbda8a6f2,57,00af10c2526f04f700f10e287e628a3c1fea01909d3d5bb54c5e9dde39c0d863,0,1,upper_open_short,True,9.208640685884915e-11,4.291536335176199e-05,2.7999999850989536,1,0.0059718379998230375
0.0,5.377133488725522e-26,1.0537249739428489e-07,6.05742964155003e-08,,0.5146446686094758,0.5146446686094757,0.5146446686094757,0,57,,,,,,,,,,,,,3.552713748283655e-13,pivot_g2_fixed,0.05,57,6dc2339dac10d593477aec67bd71434797c5c109e9cfd86667a23a364c1ff631,2.7999999850988404,0,0,[],0,0,0,none,0,0,0.0,200,0,57,0,{},0.00010082,fixed,0.05,0,0,Smac2D,f13dd174acadd16ea1fbb3f5e9d131f6787687d657458b2aec46c0fbbda8a6f2,57,00af10c2526f04f700f10e287e628a3c1fea01909d3d5bb54c5e9dde39c0d863,0,1,upper_open_short,True,5.377133488725522e-26,3.552713748283655e-13,2.7999999850988404,1,0.00562227599994003
0.0,5.377133488725522e-26,1.0537249739428489e-07,6.05742964155003e-08,,0.5146446686094758,0.5146446686094757,0.5146446686094757,0,57,,,,,,,,,,,,,3.552713748283655e-13,pivot_g2,0.05,57,6dc2339dac10d593477aec67bd71434797c5c109e9cfd86667a23a364c1ff631,2.7999999850988404,0,0,[],0,0,0,none,0,0,0.0,200,0,57,0,{},0.000142095,adaptive,0.05,0,0,Smac2D,f13dd174acadd16ea1fbb3f5e9d131f6787687d657458b2aec46c0fbbda8a6f2,57,00af10c2526f04f700f10e287e628a3c1fea01909d3d5bb54c5e9dde39c0d863,0,1,upper_open_short,True,5.377133488725522e-26,3.552713748283655e-13,2.7999999850988404,1,0.00576443099998869
0.0,1.3194425073216922e-12,7.542004487604004e-08,1.2941326898743668e-08,,0.5146446686094759,0.5146446686094757,0.5146446686094757,0,105,5.37713e-26,0,0,True,9.20864e-11,0,True,simple_default,simple,1.31944e-12,0,True,2.9247397392853645e-06,adaptive_hybrid_fixed,0.05,57,3db9c84381e116ce333d91a5372925147ac2c90c556a3376edec347cab222c1a,2.7999999850988617,,,,,,,,,0,0.0,,,,,,,,,0,,Smac2D,f13dd174acadd16ea1fbb3f5e9d131f6787687d657458b2aec46c0fbbda8a6f2,57,00af10c2526f04f700f10e287e628a3c1fea01909d3d5bb54c5e9dde39c0d863,0,1,upper_open_short,True,1.3194425073216922e-12,2.9247397392853645e-06,2.7999999850988617,1,0.005807404000279348
0.003,1.3194425073216922e-12,7.542004487604004e-08,1.2941326898743668e-08,,0.5146446686094759,0.5146446686094757,0.5146446686094757,0,105,5.37713e-26,0,0,True,9.20864e-11,0,True,simple_default,simple,1.31944e-12,0,True,2.9247397392853645e-06,adaptive_hybrid,0.05,57,3db9c84381e116ce333d91a5372925147ac2c90c556a3376edec347cab222c1a,2.7999999850988617,,,,,,,,,0,0.0,,,,,,,,,0,,Smac2D,f13dd174acadd16ea1fbb3f5e9d131f6787687d657458b2aec46c0fbbda8a6f2,57,00af10c2526f04f700f10e287e628a3c1fea01909d3d5bb54c5e9dde39c0d863,0,1,upper_open_short,True,1.3194425073216922e-12,2.9247397392853645e-06,2.7999999850988617,1,0.006144053999832977
0.003,3.3377811578908254,4.440892098500626e-16,1.0545213144703536e-16,,0.3887562814819398,0.2146446641391273,0.2146446641391273,0,170,,,,,,,,,,,,,1.9823497610135272,raw,0.05,87,b837c352e8141f8d2c14e39c0fd9602a2711522e4fa691c2150364bf71dae175,4.524649726451205,,,,,,,,,0,0.0,,,,,,,,,0,,Smac2D,f361af1bc209f2f1cf65e180d1ff7df5057f0f8586258360e1e5be6e8e298411,92,b837c352e8141f8d2c14e39c0fd9602a2711522e4fa691c2150364bf71dae175,0,1,lower_left_diagonal,True,3.3377811578908254,1.9823497610135272,4.524649726451205,1,0.00252104400033204
0.0,2.166324601488998,0.023186115184323515,0.009097486501040142,,0.38332322638479926,0.17677669793081488,0.18825146149581692,0,169,,,,,,,,,,,,,1.7275047739181377,simple,0.05,87,604708a67f8122d9fdd6a7383f0c9188054f511f4786225ab0f006d8bda2bbb2,4.493212106089122,,,,,,,,,0,0.0,,,,,,,,,0,,Smac2D,f361af1bc209f2f1cf65e180d1ff7df5057f0f8586258360e1e5be6e8e298411,91,b837c352e8141f8d2c14e39c0fd9602a2711522e4fa691c2150364bf71dae175,0,1,lower_left_diagonal,True,2.166324601488998,1.7275047739181377,4.493212106089122,1,0.0055363390001730295
0.0,3.058659491057536,0.0019007575429937456,0.0005472937581620507,,0.3845326319921967,0.2146446641391273,0.2146446641391273,0,168,,,,,,,,,,,,,1.918955397252621,savitzky_golay,0.05,87,fb94b04ca4da7748125aae962738f06f37cb5e234e1788ef0b592fe3abcd199b,4.523451701805189,,,,,,,,,0,0.0,,,,,,,,,0,,Smac2D,f361af1bc209f2f1cf65e180d1ff7df5057f0f8586258360e1e5be6e8e298411,92,b837c352e8141f8d2c14e39c0fd9602a2711522e4fa691c2150364bf71dae175,0,1,lower_left_diagonal,True,3.058659491057536,1.918955397252621,4.523451701805189,1,0.0076445700001386285
0.006,3.5968499281616917,0.030988950650490305,0.009983815360453162,,0.39666523597791464,0.23390290478282266,0.2474873771031409,0,164,,,,,,,,,,,,,2.400994755045686,constrained,0.05,87,692e17fba85de893327488d6efec60f7264ec4762b66f1b88726f76d8bda40b5,4.551875262845162,,,,,,,,,0,0.0,,,,,,,,,0,,Smac2D,f361af1bc209f2f1cf65e180d1ff7df5057f0f8586258360e1e5be6e8e298411,93,b837c352e8141f8d2c14e39c0fd9602a2711522e4fa691c2150364bf71dae175,0,1,lower_left_diagonal,True,3.5968499281616917,2.400994755045686,4.551875262845162,1,0.009089013999982853
0.006,3.397458668176292,0.02117849987286342,0.00820027450764446,,0.3169787146854033,0.2146446641391273,0.2146446641391273,0,352,,,,,,,,,,,,,2.3790066678330786,pivot_g2_fixed,0.05,347,724e5b0de8d7e02dc40d54e8795f8109bcca2102feabb601aa62235f43d68f9c,4.519016265401623,0,47,"[{'index': 0, 'radius_min': 0, 'radius_max': 0, 'trim_min': 0, 'trim_max': 0, 'evaluations': 9, 'safe_feasible': 8, 'states': 0, 'selected_radius': 1.5, 'selected_trim': 0.0500316, 'selected_score': 0.974695}, {'index': 1, 'radius_min': 0, 'radius_max': 0, 'trim_min': 0, 'trim_max': 0, 'evaluations': 9, 'safe_feasible': 6, 'states': 0, 'selected_radius': 1, 'selected_trim': 0.0876451, 'selected_score': 0.946436}, {'index': 2, 'radius_min': 0, 'radius_max': 0, 'trim_min': 0, 'trim_max': 0, 'evaluations': 9, 'safe_feasible': 2, 'states': 0, 'selected_radius': 0.3, 'selected_trim': 0.0274556, 'selected_score': 1}, {'index': 3, 'radius_min': 0, 'radius_max': 0, 'trim_min': 0, 'trim_max': 0, 'evaluations': 9, 'safe_feasible': 2, 'states': 0, 'selected_radius': 0.5, 'selected_trim': 0.0399307, 'selected_score': 0.9}, {'index': 4, 'radius_min': 0, 'radius_max': 0, 'trim_min': 0, 'trim_max': 0, 'evaluations': 9, 'safe_feasible': 3, 'states': 0, 'selected_radius': 0.6, 'selected_trim': 0.0447371, 'selected_score': 0.920328}, {'index': 5, 'radius_min': 0, 'radius_max': 0, 'trim_min': 0, 'trim_max': 0, 'evaluations': 9, 'safe_feasible': 4, 'states': 0, 'selected_radius': 0.75, 'selected_trim': 0.0436303, 'selected_score': 0.950224}, {'index': 6, 'radius_min': 0, 'radius_max': 0, 'trim_min': 0, 'trim_max': 0, 'evaluations': 9, 'safe_feasible': 2, 'states': 0, 'selected_radius': 0.5, 'selected_trim': 0.0223754, 'selected_score': 0.9}, {'index': 7, 'radius_min': 0, 'radius_max': 0, 'trim_min': 0, 'trim_max': 0, 'evaluations': 9, 'safe_feasible': 1, 'states': 0, 'selected_radius': 0.2, 'selected_trim': 0.00955081, 'selected_score': 1}, {'index': 8, 'radius_min': 0, 'radius_max': 0, 'trim_min': 0, 'trim_max': 0, 'evaluations': 9, 'safe_feasible': 1, 'states': 0, 'selected_radius': 0.2, 'selected_trim': 0.0114656, 'selected_score': 1}, {'index': 9, 'radius_min': 0, 'radius_max': 0, 'trim_min': 0, 'trim_max': 0, 'evaluations': 9, 'safe_feasible': 1, 'states': 0, 'selected_radius': 0.2, 'selected_trim': 0.0105896, 'selected_score': 1}, {'index': 10, 'radius_min': 0, 'radius_max': 0, 'trim_min': 0, 'trim_max': 0, 'evaluations': 9, 'safe_feasible': 2, 'states': 0, 'selected_radius': 0.5, 'selected_trim': 0.0237253, 'selected_score': 0.9}, {'index': 11, 'radius_min': 0, 'radius_max': 0, 'trim_min': 0, 'trim_max': 0, 'evaluations': 9, 'safe_feasible': 2, 'states': 0, 'selected_radius': 0.5, 'selected_trim': 0.0237185, 'selected_score': 0.9}, {'index': 12, 'radius_min': 0, 'radius_max': 0, 'trim_min': 0, 'trim_max': 0, 'evaluations': 9, 'safe_feasible': 1, 'states': 0, 'selected_radius': 0.2, 'selected_trim': 0.0105797, 'selected_score': 1}, {'index': 13, 'radius_min': 0, 'radius_max': 0, 'trim_min': 0, 'trim_max': 0, 'evaluations': 9, 'safe_feasible': 1, 'states': 0, 'selected_radius': 0.2, 'selected_trim': 0.0114426, 'selected_score': 1}, {'index': 14, 'radius_min': 0, 'radius_max': 0, 'trim_min': 0, 'trim_max': 0, 'evaluations': 9, 'safe_feasible': 1, 'states': 0, 'selected_radius': 0.2, 'selected_trim': 0.0153386, 'selected_score': 1}, {'index': 15, 'radius_min': 0, 'radius_max': 0, 'trim_min': 0, 'trim_max': 0, 'evaluations': 9, 'safe_feasible': 5, 'states': 0, 'selected_radius': 0.75, 'selected_trim': 0.0674124, 'selected_score': 0.926459}, {'index': 16, 'radius_min': 0, 'radius_max': 0, 'trim_min': 0, 'trim_max': 0, 'evaluations': 9, 'safe_feasible': 6, 'states': 0, 'selected_radius': 1, 'selected_trim': 0.136347, 'selected_score': 1}]",17,0,153,none,17,0,0.0,200,0.959891,347,0,"{'angular acceleration iteration did not converge': 28, 'transition would overlap an adjacent corner window': 77}",0.00584445,fixed,0.05,0,48,Smac2D,f361af1bc209f2f1cf65e180d1ff7df5057f0f8586258360e1e5be6e8e298411,92,b837c352e8141f8d2c14e39c0fd9602a2711522e4fa691c2150364bf71dae175,0,1,lower_left_diagonal,True,3.397458668176292,2.3790066678330786,4.519016265401623,1,0.01177754999980607
0.009000000000000001,3.509763290550716,0.021178341002107942,0.008414675075627497,,0.35154767671660275,0.2146446641391273,0.2146446641391273,0,263,,,,,,,,,,,,,2.7233400027607524,pivot_g2,0.05,249,f36c7f59d281a0518bbff3bc711210cf59ba4efc4ea3108b658aa747f1d493b7,4.518474223028589,144,139,"[{'index': 0, 'radius_min': 0.1, 'radius_max': 1.5, 'trim_min': 0.00333544, 'trim_max': 0.0500316, 'evaluations': 6, 'safe_feasible': 4, 'states': 5, 'selected_radius': 0.94, 'selected_trim': 0.0313532, 'selected_score': 0.0737067}, {'index': 1, 'radius_min': 0.1, 'radius_max': 1.5, 'trim_min': 0.00876451, 'trim_max': 0.131468, 'evaluations': 20, 'safe_feasible': 17, 'states': 6, 'selected_radius': 1.36, 'selected_trim': 0.119197, 'selected_score': 0.120969}, {'index': 2, 'radius_min': 0.1, 'radius_max': 1.11055, 'trim_min': 0.00915185, 'trim_max': 0.101636, 'evaluations': 11, 'safe_feasible': 8, 'states': 6, 'selected_radius': 0.201055, 'selected_trim': 0.0184002, 'selected_score': 0.470378}, {'index': 3, 'radius_min': 0.1, 'radius_max': 1.27265, 'trim_min': 0.00798614, 'trim_max': 0.101636, 'evaluations': 11, 'safe_feasible': 7, 'states': 6, 'selected_radius': 0.217265, 'selected_trim': 0.0173511, 'selected_score': 0.439679}, {'index': 4, 'radius_min': 0.1, 'radius_max': 1.35768, 'trim_min': 0.00745618, 'trim_max': 0.101231, 'evaluations': 11, 'safe_feasible': 9, 'states': 6, 'selected_radius': 0.225768, 'selected_trim': 0.0168337, 'selected_score': 0.418929}, {'index': 5, 'radius_min': 0.1, 'radius_max': 1.5, 'trim_min': 0.00581737, 'trim_max': 0.0872605, 'evaluations': 11, 'safe_feasible': 9, 'states': 6, 'selected_radius': 0.24, 'selected_trim': 0.0139617, 'selected_score': 0.379701}, {'index': 6, 'radius_min': 0.1, 'radius_max': 1.17888, 'trim_min': 0.00447507, 'trim_max': 0.0527556, 'evaluations': 6, 'safe_feasible': 4, 'states': 5, 'selected_radius': 0, 'selected_trim': 0, 'selected_score': 0}, {'index': 7, 'radius_min': 0.1, 'radius_max': 1.10474, 'trim_min': 0.00477541, 'trim_max': 0.0527556, 'evaluations': 6, 'safe_feasible': 4, 'states': 5, 'selected_radius': 0, 'selected_trim': 0, 'selected_score': 0}, {'index': 8, 'radius_min': 0.1, 'radius_max': 0.946406, 'trim_min': 0.00573281, 'trim_max': 0.0542557, 'evaluations': 6, 'safe_feasible': 4, 'states': 5, 'selected_radius': 0, 'selected_trim': 0, 'selected_score': 0}, {'index': 9, 'radius_min': 0.1, 'radius_max': 1.06738, 'trim_min': 0.00529482, 'trim_max': 0.056516, 'evaluations': 11, 'safe_feasible': 9, 'states': 6, 'selected_radius': 0, 'selected_trim': 0, 'selected_score': 0}, {'index': 10, 'radius_min': 0.1, 'radius_max': 1.23249, 'trim_min': 0.00474505, 'trim_max': 0.0584825, 'evaluations': 11, 'safe_feasible': 8, 'states': 6, 'selected_radius': 0, 'selected_trim': 0, 'selected_score': 0}, {'index': 11, 'radius_min': 0.1, 'radius_max': 1.23291, 'trim_min': 0.00474371, 'trim_max': 0.0584856, 'evaluations': 11, 'safe_feasible': 8, 'states': 6, 'selected_radius': 0, 'selected_trim': 0, 'selected_score': 0}, {'index': 12, 'radius_min': 0.1, 'radius_max': 1.06851, 'trim_min': 0.00528986, 'trim_max': 0.0565228, 'evaluations': 11, 'safe_feasible': 9, 'states': 6, 'selected_radius': 0, 'selected_trim': 0, 'selected_score': 0}, {'index': 13, 'radius_min': 0.1, 'radius_max': 0.948515, 'trim_min': 0.00572129, 'trim_max': 0.0542673, 'evaluations': 6, 'safe_feasible': 4, 'states': 5, 'selected_radius': 0, 'selected_trim': 0, 'selected_score': 0}, {'index': 14, 'radius_min': 0.1, 'radius_max': 0.70759, 'trim_min': 0.00766932, 'trim_max': 0.0542673, 'evaluations': 6, 'safe_feasible': 4, 'states': 5, 'selected_radius': 0, 'selected_trim': 0, 'selected_score': 0}, {'index': 15, 'radius_min': 0.1, 'radius_max': 1.5, 'trim_min': 0.00898832, 'trim_max': 0.134825, 'evaluations': 20, 'safe_feasible': 17, 'states': 6, 'selected_radius': 0.17, 'selected_trim': 0.0152801, 'selected_score': 0.559067}, {'index': 16, 'radius_min': 0.1, 'radius_max': 1.5, 'trim_min': 0.0136347, 'trim_max': 0.204521, 'evaluations': 20, 'safe_feasible': 17, 'states': 6, 'selected_radius': 1.5, 'selected_trim': 0.204521, 'selected_score': 0.256344}]",17,96,184,none,8,9,0.15308675249492265,200,0.339847,249,9,"{'angular acceleration iteration did not converge': 24, 'transition requires a reversing inner wheel': 17, 'trim distance exceeds corner segment geometry': 1}",0.00894035,adaptive,0.05,0.9679255118735526,142,Smac2D,f361af1bc209f2f1cf65e180d1ff7df5057f0f8586258360e1e5be6e8e298411,92,b837c352e8141f8d2c14e39c0fd9602a2711522e4fa691c2150364bf71dae175,0,1,lower_left_diagonal,True,1.771995264920343,2.9944237691395963,4.519026270122186,10,0.014139261999844166
0.006,2.166324601488998,0.023186115184323515,0.009097486501040142,,0.38332322638479926,0.17677669793081488,0.18825146149581692,0,169,3.39746,0,202,True,3.33778,202,True,simple_default,simple,2.16632,221,True,1.7275047739181377,adaptive_hybrid_fixed,0.05,87,604708a67f8122d9fdd6a7383f0c9188054f511f4786225ab0f006d8bda2bbb2,4.493212106089122,,,,,,,,,0,0.0,,,,,,,,,0,,Smac2D,f361af1bc209f2f1cf65e180d1ff7df5057f0f8586258360e1e5be6e8e298411,91,b837c352e8141f8d2c14e39c0fd9602a2711522e4fa691c2150364bf71dae175,0,1,lower_left_diagonal,True,2.166324601488998,1.7275047739181377,4.493212106089122,1,0.009831181999743421
0.009000000000000001,2.166324601488998,0.023186115184323515,0.009097486501040142,,0.38332322638479926,0.17677669793081488,0.18825146149581692,0,169,1.772,9,202,True,3.33778,202,True,simple_default,simple,2.16632,221,True,1.7275047739181377,adaptive_hybrid,0.05,87,604708a67f8122d9fdd6a7383f0c9188054f511f4786225ab0f006d8bda2bbb2,4.493212106089122,,,,,,,,,0,0.0,,,,,,,,,0,,Smac2D,f361af1bc209f2f1cf65e180d1ff7df5057f0f8586258360e1e5be6e8e298411,91,b837c352e8141f8d2c14e39c0fd9602a2711522e4fa691c2150364bf71dae175,0,1,lower_left_diagonal,True,2.166324601488998,1.7275047739181377,4.493212106089122,1,0.0123591680003301
0.003,4.2484532275727696e-13,0.0,0.0,,0.7139583430764057,0.6447181959844944,0.7146446715897079,0,169,,,,,,,,,,,,,2.247165066543833e-06,raw,0.05,85,23d998db8cadb1badcc0c930c7dcf36d67073610f9dd9c0d3e58a85c464a678c,7.2999999478459365,,,,,,,,,0,0.0,,,,,,,,,0,,SmacHybrid,fa33210a50ea0ab0d25b86a2b0ce04a1a4745633813cab07d508eeea9b3d8007,147,23d998db8cadb1badcc0c930c7dcf36d67073610f9dd9c0d3e58a85c464a678c,0,1,straight_lower_aisle,True,4.2484532275727696e-13,2.247165066543833e-06,7.2999999478459365,1,0.005156754999916302
0.0,8.522442640247371e-15,9.110943555157291e-09,1.2413086481699997e-09,,0.7139583430764057,0.6447181959844944,0.7146446715897079,0,169,,,,,,,,,,,,,2.5308786177902326e-07,simple,0.05,85,77d95a86d8d92746eb6f6294ae9b85ed2d1d2e8b6ccc7871e116c221e39101e2,7.299999947845936,,,,,,,,,0,0.0,,,,,,,,,0,,SmacHybrid,fa33210a50ea0ab0d25b86a2b0ce04a1a4745633813cab07d508eeea9b3d8007,147,23d998db8cadb1badcc0c930c7dcf36d67073610f9dd9c0d3e58a85c464a678c,0,1,straight_lower_aisle,True,8.522442640247371e-15,2.5308786177902326e-07,7.299999947845936,1,0.006754382000053738
0.0,5.498033751766945e-14,5.1373807430366014e-09,6.055656340844264e-10,,0.7139623803029546,0.6447181959844944,0.7146446715897079,0,170,,,,,,,,,,,,,6.31828132346215e-07,savitzky_golay,0.05,85,764f6cca17e7749f0c1192533bf60abd4bce23e3bac595918d976e442ed0626c,7.2999999478459365,,,,,,,,,0,0.0,,,,,,,,,0,,SmacHybrid,fa33210a50ea0ab0d25b86a2b0ce04a1a4745633813cab07d508eeea9b3d8007,147,23d998db8cadb1badcc0c930c7dcf36d67073610f9dd9c0d3e58a85c464a678c,0,1,straight_lower_aisle,True,5.498033751766945e-14,6.31828132346215e-07,7.2999999478459365,1,0.006368826000198169
0.0,4.2484532275727696e-13,0.0,0.0,,0.7139583430764057,0.6447181959844944,0.7146446715897079,0,169,,,,,,,,,,,,,2.247165066543833e-06,constrained,0.05,85,23d998db8cadb1badcc0c930c7dcf36d67073610f9dd9c0d3e58a85c464a678c,7.2999999478459365,,,,,,,,,0,0.0,,,,,,,,,0,,SmacHybrid,fa33210a50ea0ab0d25b86a2b0ce04a1a4745633813cab07d508eeea9b3d8007,147,23d998db8cadb1badcc0c930c7dcf36d67073610f9dd9c0d3e58a85c464a678c,0,1,straight_lower_aisle,True,4.2484532275727696e-13,2.247165066543833e-06,7.2999999478459365,1,0.006665637999958562
0.003,5.688865484455407e-26,1.4697035588540075e-08,8.483502501949878e-09,,0.713855627244483,0.6447181959844944,0.7146446715897079,0,147,,,,,,,,,,,,,1.776356839503667e-13,pivot_g2_fixed,0.05,147,d0c4b934cab7e7bc2ba152c5bc2239287818340c65b220f11c7ffa9fdb4743a0,7.299999947845936,0,0,[],0,0,0,none,0,0,0.0,200,0,147,0,{},0.000128713,fixed,0.05,0,0,SmacHybrid,fa33210a50ea0ab0d25b86a2b0ce04a1a4745633813cab07d508eeea9b3d8007,147,23d998db8cadb1badcc0c930c7dcf36d67073610f9dd9c0d3e58a85c464a678c,0,1,straight_lower_aisle,True,5.688865484455407e-26,1.776356839503667e-13,7.299999947845936,1,0.008225865000440535
0.0,5.688865484455407e-26,1.4697035588540075e-08,8.483502501949878e-09,,0.713855627244483,0.6447181959844944,0.7146446715897079,0,147,,,,,,,,,,,,,1.776356839503667e-13,pivot_g2,0.05,147,d0c4b934cab7e7bc2ba152c5bc2239287818340c65b220f11c7ffa9fdb4743a0,7.299999947845936,0,0,[],0,0,0,none,0,0,0.0,200,0,147,0,{},0.000226965,adaptive,0.05,0,0,SmacHybrid,fa33210a50ea0ab0d25b86a2b0ce04a1a4745633813cab07d508eeea9b3d8007,147,23d998db8cadb1badcc0c930c7dcf36d67073610f9dd9c0d3e58a85c464a678c,0,1,straight_lower_aisle,True,5.688865484455407e-26,1.776356839503667e-13,7.299999947845936,1,0.007589843999994628
0.003,8.522442640247371e-15,9.110943555157291e-09,1.2413086481699997e-09,,0.7139583430764057,0.6447181959844944,0.7146446715897079,0,169,5.68887e-26,0,0,True,4.24845e-13,0,True,simple_default,simple,8.52244e-15,0,True,2.5308786177902326e-07,adaptive_hybrid_fixed,0.05,85,77d95a86d8d92746eb6f6294ae9b85ed2d1d2e8b6ccc7871e116c221e39101e2,7.299999947845936,,,,,,,,,0,0.0,,,,,,,,,0,,SmacHybrid,fa33210a50ea0ab0d25b86a2b0ce04a1a4745633813cab07d508eeea9b3d8007,147,23d998db8cadb1badcc0c930c7dcf36d67073610f9dd9c0d3e58a85c464a678c,0,1,straight_lower_aisle,True,8.522442640247371e-15,2.5308786177902326e-07,7.299999947845936,1,0.00647631999981968
0.0,8.522442640247371e-15,9.110943555157291e-09,1.2413086481699997e-09,,0.7139583430764057,0.6447181959844944,0.7146446715897079,0,169,5.68887e-26,0,0,True,4.24845e-13,0,True,simple_default,simple,8.52244e-15,0,True,2.5308786177902326e-07,adaptive_hybrid,0.05,85,77d95a86d8d92746eb6f6294ae9b85ed2d1d2e8b6ccc7871e116c221e39101e2,7.299999947845936,,,,,,,,,0,0.0,,,,,,,,,0,,SmacHybrid,fa33210a50ea0ab0d25b86a2b0ce04a1a4745633813cab07d508eeea9b3d8007,147,23d998db8cadb1badcc0c930c7dcf36d67073610f9dd9c0d3e58a85c464a678c,0,1,straight_lower_aisle,True,8.522442640247371e-15,2.5308786177902326e-07,7.299999947845936,1,0.0081141580003532
0.003,10.701064854498364,2.220446049250313e-16,7.751710408992441e-17,,0.3530478176572664,0.23390290478282266,0.24477048263907725,0,117,,,,,,,,,,,,,4.339787634288759,raw,0.05,48,5574012a054b9e33f3dc6ea24e6888812da751f299ddd15b9f12f93bfc65b32f,3.9425120902310304,,,,,,,,,0,0.0,,,,,,,,,0,,SmacHybrid,b7db95f21b70ff47b662a6133510e41ac5a296223bb4e84b72b020cea9590d3e,80,5574012a054b9e33f3dc6ea24e6888812da751f299ddd15b9f12f93bfc65b32f,0,1,crate_detour,True,10.701064854498364,4.339787634288759,3.9425120902310304,1,0.0035287560003780527
0.003,3.5425816126300504,0.06262352715427047,0.03135110978049101,,0.3448134747343322,0.18825146149581692,0.2146446641391273,0,98,,,,,,,,,,,,,2.55736709717127,simple,0.05,48,4c0e4fd61b75e32c48ef9021db3e388be2a40cab5505435a954782f7bc1e2a58,3.7993874366911595,,,,,,,,,0,0.0,,,,,,,,,0,,SmacHybrid,b7db95f21b70ff47b662a6133510e41ac5a296223bb4e84b72b020cea9590d3e,78,5574012a054b9e33f3dc6ea24e6888812da751f299ddd15b9f12f93bfc65b32f,0,1,crate_detour,True,3.5425816126300504,2.55736709717127,3.7993874366911595,1,0.006293448000178614
0.0,8.137951211049085,0.011974109838740305,0.004123207830682587,,0.3531910449375598,0.23390290478282266,0.2474873771031409,0,104,,,,,,,,,,,,,3.948387720140495,savitzky_golay,0.05,48,1de587556f40f2f186221ac35231f326a976de3e794414459bb1bde50cbb7df5,3.924684434077431,,,,,,,,,0,0.0,,,,,,,,,0,,SmacHybrid,b7db95f21b70ff47b662a6133510e41ac5a296223bb4e84b72b020cea9590d3e,80,5574012a054b9e33f3dc6ea24e6888812da751f299ddd15b9f12f93bfc65b32f,0,1,crate_detour,True,8.137951211049085,3.948387720140495,3.924684434077431,1,0.006150468999749137
0.006,8.584846509277577,0.02212138291445577,0.00944833448166121,,0.3620017663856953,0.2474873771031409,0.2474873771031409,0,101,,,,,,,,,,,,,4.176405370804026,constrained,0.05,48,40c1f1fe82024f9fc7dbb0be110684ddd0e73687297c694ce8945ba5da7a3fe0,3.9512465904845357,,,,,,,,,0,0.0,,,,,,,,,0,,SmacHybrid,b7db95f21b70ff47b662a6133510e41ac5a296223bb4e84b72b020cea9590d3e,81,5574012a054b9e33f3dc6ea24e6888812da751f299ddd15b9f12f93bfc65b32f,0,1,crate_detour,True,8.584846509277577,4.176405370804026,3.9512465904845357,1,0.00544676299978164
0.006,9.835697330861048,0.017820856345397384,0.005375633245885218,,0.3565792892427723,0.23390290478282266,0.2474873771031409,0,448,,,,,,,,,,,,,3.2725431872156827,pivot_g2_fixed,0.05,447,6413614c5659e60c59c0d88a47ab403106a84ba8d334dbac5788b41784fdf4d4,3.939835601702298,0,57,"[{'index': 0, 'radius_min': 0, 'radius_max': 0, 'trim_min': 0, 'trim_max': 0, 'evaluations': 9, 'safe_feasible': 2, 'states': 0, 'selected_radius': 0.3, 'selected_trim': 0.0394958, 'selected_score': 1}, {'index': 1, 'radius_min': 0, 'radius_max': 0, 'trim_min': 0, 'trim_max': 0, 'evaluations': 9, 'safe_feasible': 2, 'states': 0, 'selected_radius': 0.3, 'selected_trim': 0.0394958, 'selected_score': 1}, {'index': 2, 'radius_min': 0, 'radius_max': 0, 'trim_min': 0, 'trim_max': 0, 'evaluations': 9, 'safe_feasible': 2, 'states': 0, 'selected_radius': 0.3, 'selected_trim': 0.0328554, 'selected_score': 0.85}, {'index': 3, 'radius_min': 0, 'radius_max': 0, 'trim_min': 0, 'trim_max': 0, 'evaluations': 9, 'safe_feasible': 2, 'states': 0, 'selected_radius': 0.3, 'selected_trim': 0.0262466, 'selected_score': 1}, {'index': 4, 'radius_min': 0, 'radius_max': 0, 'trim_min': 0, 'trim_max': 0, 'evaluations': 9, 'safe_feasible': 2, 'states': 0, 'selected_radius': 0.3, 'selected_trim': 0.0328553, 'selected_score': 1}, {'index': 5, 'radius_min': 0, 'radius_max': 0, 'trim_min': 0, 'trim_max': 0, 'evaluations': 9, 'safe_feasible': 3, 'states': 0, 'selected_radius': 0.6, 'selected_trim': 0.0393262, 'selected_score': 0.919188}, {'index': 6, 'radius_min': 0, 'radius_max': 0, 'trim_min': 0, 'trim_max': 0, 'evaluations': 9, 'safe_feasible': 3, 'states': 0, 'selected_radius': 0.6, 'selected_trim': 0.0393262, 'selected_score': 0.769188}, {'index': 7, 'radius_min': 0, 'radius_max': 0, 'trim_min': 0, 'trim_max': 0, 'evaluations': 9, 'safe_feasible': 3, 'states': 0, 'selected_radius': 0.6, 'selected_trim': 0.0393259, 'selected_score': 0.769189}, {'index': 8, 'radius_min': 0, 'radius_max': 0, 'trim_min': 0, 'trim_max': 0, 'evaluations': 9, 'safe_feasible': 3, 'states': 0, 'selected_radius': 0.6, 'selected_trim': 0.0393262, 'selected_score': 0.919188}, {'index': 9, 'radius_min': 0, 'radius_max': 0, 'trim_min': 0, 'trim_max': 0, 'evaluations': 9, 'safe_feasible': 3, 'states': 0, 'selected_radius': 0.6, 'selected_trim': 0.0393262, 'selected_score': 0.769188}, {'index': 10, 'radius_min': 0, 'radius_max': 0, 'trim_min': 0, 'trim_max': 0, 'evaluations': 9, 'safe_feasible': 3, 'states': 0, 'selected_radius': 0.6, 'selected_trim': 0.0393259, 'selected_score': 0.919189}, {'index': 11, 'radius_min': 0, 'radius_max': 0, 'trim_min': 0, 'trim_max': 0, 'evaluations': 9, 'safe_feasible': 2, 'states': 0, 'selected_radius': 0.3, 'selected_trim': 0.0394958, 'selected_score': 1}, {'index': 12, 'radius_min': 0, 'radius_max': 0, 'trim_min': 0, 'trim_max': 0, 'evaluations': 9, 'safe_feasible': 2, 'states': 0, 'selected_radius': 0.3, 'selected_trim': 0.0394956, 'selected_score': 1}, {'index': 13, 'radius_min': 0, 'radius_max': 0, 'trim_min': 0, 'trim_max': 0, 'evaluations': 9, 'safe_feasible': 2, 'states': 0, 'selected_radius': 0.3, 'selected_trim': 0.025587, 'selected_score': 0.85}, {'index': 14, 'radius_min': 0, 'radius_max': 0, 'trim_min': 0, 'trim_max': 0, 'evaluations': 9, 'safe_feasible': 3, 'states': 0, 'selected_radius': 0.6, 'selected_trim': 0.0406418, 'selected_score': 0.919502}, {'index': 15, 'radius_min': 0, 'radius_max': 0, 'trim_min': 0, 'trim_max': 0, 'evaluations': 9, 'safe_feasible': 2, 'states': 0, 'selected_radius': 0.3, 'selected_trim': 0.0328552, 'selected_score': 1}, {'index': 16, 'radius_min': 0, 'radius_max': 0, 'trim_min': 0, 'trim_max': 0, 'evaluations': 9, 'safe_feasible': 3, 'states': 0, 'selected_radius': 0.6, 'selected_trim': 0.0393259, 'selected_score': 0.919189}, {'index': 17, 'radius_min': 0, 'radius_max': 0, 'trim_min': 0, 'trim_max': 0, 'evaluations': 9, 'safe_feasible': 3, 'states': 0, 'selected_radius': 0.6, 'selected_trim': 0.0309207, 'selected_score': 0.778922}, {'index': 18, 'radius_min': 0, 'radius_max': 0, 'trim_min': 0, 'trim_max': 0, 'evaluations': 9, 'safe_feasible': 2, 'states': 0, 'selected_radius': 0.3, 'selected_trim': 0.0310031, 'selected_score': 0.85}, {'index': 19, 'radius_min': 0, 'radius_max': 0, 'trim_min': 0, 'trim_max': 0, 'evaluations': 9, 'safe_feasible': 2, 'states': 0, 'selected_radius': 0.3, 'selected_trim': 0.0254958, 'selected_score': 0.85}, {'index': 20, 'radius_min': 0, 'radius_max': 0, 'trim_min': 0, 'trim_max': 0, 'evaluations': 9, 'safe_feasible': 2, 'states': 0, 'selected_radius': 0.3, 'selected_trim': 0.0291897, 'selected_score': 1}, {'index': 21, 'radius_min': 0, 'radius_max': 0, 'trim_min': 0, 'trim_max': 0, 'evaluations': 9, 'safe_feasible': 2, 'states': 0, 'selected_radius': 0.3, 'selected_trim': 0.0310034, 'selected_score': 1}, {'index': 22, 'radius_min': 0, 'radius_max': 0, 'trim_min': 0, 'trim_max': 0, 'evaluations': 9, 'safe_feasible': 2, 'states': 0, 'selected_radius': 0.3, 'selected_trim': 0.0310028, 'selected_score': 1}, {'index': 23, 'radius_min': 0, 'radius_max': 0, 'trim_min': 0, 'trim_max': 0, 'evaluations': 9, 'safe_feasible': 2, 'states': 0, 'selected_radius': 0.3, 'selected_trim': 0.0310024, 'selected_score': 1}]",24,0,216,none,24,0,0.0,200,0.920114,447,0,"{'angular acceleration iteration did not converge': 20, 'transition would overlap an adjacent corner window': 139}",0.00651737,fixed,0.05,0,57,SmacHybrid,b7db95f21b70ff47b662a6133510e41ac5a296223bb4e84b72b020cea9590d3e,80,5574012a054b9e33f3dc6ea24e6888812da751f299ddd15b9f12f93bfc65b32f,0,1,crate_detour,True,9.835697330861048,3.2725431872156827,3.939835601702298,1,0.013671091000105662
0.012,11.065069674171415,0.017833726038982745,0.00536270304788913,,0.36109044712778304,0.23390290478282266,0.2474873771031409,0,152,,,,,,,,,,,,,4.339787634288759,pivot_g2,0.05,112,cfa624fa35c80bf8d7322d76225db53c1dca59591c03ee907dfd79647321b897,3.94159702407029,186,203,"[{'index': 0, 'radius_min': 0.1, 'radius_max': 0.69401, 'trim_min': 0.0131653, 'trim_max': 0.0913683, 'evaluations': 11, 'safe_feasible': 8, 'states': 6, 'selected_radius': 0, 'selected_trim': 0, 'selected_score': 0}, {'index': 1, 'radius_min': 0.1, 'radius_max': 0.69401, 'trim_min': 0.0131653, 'trim_max': 0.0913683, 'evaluations': 11, 'safe_feasible': 8, 'states': 6, 'selected_radius': 0, 'selected_trim': 0, 'selected_score': 0}, {'index': 2, 'radius_min': 0.1, 'radius_max': 0.834277, 'trim_min': 0.0109518, 'trim_max': 0.0913683, 'evaluations': 11, 'safe_feasible': 9, 'states': 6, 'selected_radius': 0, 'selected_trim': 0, 'selected_score': 0}, {'index': 3, 'radius_min': 0.1, 'radius_max': 1.04435, 'trim_min': 0.00874885, 'trim_max': 0.0913683, 'evaluations': 11, 'safe_feasible': 10, 'states': 6, 'selected_radius': 0, 'selected_trim': 0, 'selected_score': 0}, {'index': 4, 'radius_min': 0.1, 'radius_max': 0.834279, 'trim_min': 0.0109518, 'trim_max': 0.0913683, 'evaluations': 11, 'safe_feasible': 9, 'states': 6, 'selected_radius': 0, 'selected_trim': 0, 'selected_score': 0}, {'index': 5, 'radius_min': 0.1, 'radius_max': 1.39401, 'trim_min': 0.00655437, 'trim_max': 0.0913683, 'evaluations': 11, 'safe_feasible': 8, 'states': 6, 'selected_radius': 0, 'selected_trim': 0, 'selected_score': 0}, {'index': 6, 'radius_min': 0.1, 'radius_max': 1.39401, 'trim_min': 0.00655437, 'trim_max': 0.0913683, 'evaluations': 11, 'safe_feasible': 8, 'states': 6, 'selected_radius': 0, 'selected_trim': 0, 'selected_score': 0}, {'index': 7, 'radius_min': 0.1, 'radius_max': 1.39402, 'trim_min': 0.00655431, 'trim_max': 0.0913683, 'evaluations': 11, 'safe_feasible': 9, 'states': 6, 'selected_radius': 0, 'selected_trim': 0, 'selected_score': 0}, {'index': 8, 'radius_min': 0.1, 'radius_max': 1.39401, 'trim_min': 0.00655437, 'trim_max': 0.0913684, 'evaluations': 11, 'safe_feasible': 9, 'states': 6, 'selected_radius': 0, 'selected_trim': 0, 'selected_score': 0}, {'index': 9, 'radius_min': 0.1, 'radius_max': 1.39401, 'trim_min': 0.00655437, 'trim_max': 0.0913684, 'evaluations': 11, 'safe_feasible': 9, 'states': 6, 'selected_radius': 0, 'selected_trim': 0, 'selected_score': 0}, {'index': 10, 'radius_min': 0.1, 'radius_max': 1.39402, 'trim_min': 0.00655432, 'trim_max': 0.0913683, 'evaluations': 11, 'safe_feasible': 9, 'states': 6, 'selected_radius': 0, 'selected_trim': 0, 'selected_score': 0}, {'index': 11, 'radius_min': 0.1, 'radius_max': 0.69401, 'trim_min': 0.0131653, 'trim_max': 0.0913683, 'evaluations': 11, 'safe_feasible': 8, 'states': 6, 'selected_radius': 0, 'selected_trim': 0, 'selected_score': 0}, {'index': 12, 'radius_min': 0.1, 'radius_max': 0.694013, 'trim_min': 0.0131652, 'trim_max': 0.0913683, 'evaluations': 11, 'safe_feasible': 8, 'states': 6, 'selected_radius': 0, 'selected_trim': 0, 'selected_score': 0}, {'index': 13, 'radius_min': 0.1, 'radius_max': 1.07127, 'trim_min': 0.00852901, 'trim_max': 0.0913683, 'evaluations': 11, 'safe_feasible': 9, 'states': 6, 'selected_radius': 0, 'selected_trim': 0, 'selected_score': 0}, {'index': 14, 'radius_min': 0.1, 'radius_max': 1.34888, 'trim_min': 0.00677363, 'trim_max': 0.0913683, 'evaluations': 11, 'safe_feasible': 9, 'states': 6, 'selected_radius': 0, 'selected_trim': 0, 'selected_score': 0}, {'index': 15, 'radius_min': 0.1, 'radius_max': 0.834282, 'trim_min': 0.0109517, 'trim_max': 0.0913683, 'evaluations': 11, 'safe_feasible': 9, 'states': 6, 'selected_radius': 0, 'selected_trim': 0, 'selected_score': 0}, {'index': 16, 'radius_min': 0.1, 'radius_max': 1.39402, 'trim_min': 0.00655431, 'trim_max': 0.0913683, 'evaluations': 11, 'safe_feasible': 9, 'states': 6, 'selected_radius': 0, 'selected_trim': 0, 'selected_score': 0}, {'index': 17, 'radius_min': 0.1, 'radius_max': 1.39629, 'trim_min': 0.00515345, 'trim_max': 0.0719568, 'evaluations': 11, 'safe_feasible': 9, 'states': 6, 'selected_radius': 0, 'selected_trim': 0, 'selected_score': 0}, {'index': 18, 'radius_min': 0.1, 'radius_max': 0.696284, 'trim_min': 0.0103344, 'trim_max': 0.0719566, 'evaluations': 11, 'safe_feasible': 7, 'states': 6, 'selected_radius': 0, 'selected_trim': 0, 'selected_score': 0}, {'index': 19, 'radius_min': 0.1, 'radius_max': 0.846686, 'trim_min': 0.00849862, 'trim_max': 0.0719566, 'evaluations': 11, 'safe_feasible': 9, 'states': 6, 'selected_radius': 0, 'selected_trim': 0, 'selected_score': 0}, {'index': 20, 'radius_min': 0.1, 'radius_max': 0.739539, 'trim_min': 0.00972991, 'trim_max': 0.0719565, 'evaluations': 11, 'safe_feasible': 9, 'states': 6, 'selected_radius': 0, 'selected_trim': 0, 'selected_score': 0}, {'index': 21, 'radius_min': 0.1, 'radius_max': 0.696278, 'trim_min': 0.0103345, 'trim_max': 0.0719565, 'evaluations': 11, 'safe_feasible': 7, 'states': 6, 'selected_radius': 0, 'selected_trim': 0, 'selected_score': 0}, {'index': 22, 'radius_min': 0.1, 'radius_max': 0.696291, 'trim_min': 0.0103343, 'trim_max': 0.0719566, 'evaluations': 11, 'safe_feasible': 7, 'states': 6, 'selected_radius': 0, 'selected_trim': 0, 'selected_score': 0}, {'index': 23, 'radius_min': 0.1, 'radius_max': 0.6963, 'trim_min': 0.0103341, 'trim_max': 0.0719566, 'evaluations': 11, 'safe_feasible': 7, 'states': 6, 'selected_radius': 0, 'selected_trim': 0, 'selected_score': 0}]",24,144,264,all_pivot,0,24,0.26180001377315865,200,0,112,24,"{'angular acceleration iteration did not converge': 35, 'transition requires a reversing inner wheel': 24, 'trim distance exceeds corner segment geometry': 2}",0.0133722,adaptive,0.05,4.388311305943764,203,SmacHybrid,b7db95f21b70ff47b662a6133510e41ac5a296223bb4e84b72b020cea9590d3e,80,5574012a054b9e33f3dc6ea24e6888812da751f299ddd15b9f12f93bfc65b32f,0,1,crate_detour,True,7.283045369955631e-26,3.590877595271971e-13,3.9455930316785346,25,0.01642941999989489
0.009000000000000001,3.5425816126300504,0.06262352715427047,0.03135110978049101,,0.3448134747343322,0.18825146149581692,0.2146446641391273,0,98,9.8357,0,177,True,10.7011,177,True,simple_default,simple,3.54258,221,True,2.55736709717127,adaptive_hybrid_fixed,0.05,48,4c0e4fd61b75e32c48ef9021db3e388be2a40cab5505435a954782f7bc1e2a58,3.7993874366911595,,,,,,,,,0,0.0,,,,,,,,,0,,SmacHybrid,b7db95f21b70ff47b662a6133510e41ac5a296223bb4e84b72b020cea9590d3e,78,5574012a054b9e33f3dc6ea24e6888812da751f299ddd15b9f12f93bfc65b32f,0,1,crate_detour,True,3.5425816126300504,2.55736709717127,3.7993874366911595,1,0.010719604999849253
0.015000000000000001,11.065069674171415,0.017833726038982745,0.00536270304788913,,0.36109044712778304,0.23390290478282266,0.2474873771031409,0,152,7.28305e-26,24,177,True,10.7011,177,True,safety_gain_within_energy_budget,pivot_g2,3.54258,221,True,4.339787634288759,adaptive_hybrid,0.05,112,cfa624fa35c80bf8d7322d76225db53c1dca59591c03ee907dfd79647321b897,3.94159702407029,,,,,,,,,24,0.26180001377315865,,,,,,,,,4.388311305943764,,SmacHybrid,b7db95f21b70ff47b662a6133510e41ac5a296223bb4e84b72b020cea9590d3e,80,5574012a054b9e33f3dc6ea24e6888812da751f299ddd15b9f12f93bfc65b32f,0,1,crate_detour,True,7.283045369955631e-26,3.590877595271971e-13,3.9455930316785346,25,0.02171491299986883
0.003,7.557255929566905,2.220446049250313e-16,4.317297346741958e-17,,0.4041821143604105,0.1449222268733815,0.16464466339406925,0,101,,,,,,,,,,,,,4.339825420415691,raw,0.05,43,1b229e8471c59e73d0aa885613219f600d81c81ca23ac04f106d7089a723ba12,3.5132420037863232,,,,,,,,,0,0.0,,,,,,,,,0,,SmacHybrid,874a96d5c0deb735a8398f01d38d5df6649b0410257d96c2d645009e089c4ff8,72,1b229e8471c59e73d0aa885613219f600d81c81ca23ac04f106d7089a723ba12,0,1,vertical_rack_detour,True,7.557255929566905,4.339825420415691,3.5132420037863232,1,0.0028716520000671153
0.0,1.85569023680466,0.045360915153128206,0.02335757388828443,,0.38354190740868377,0.11464466264901119,0.11464466264901119,0,88,,,,,,,,,,,,,1.7470969205435822,simple,0.05,43,edd28eb5b3148f706ada327b6b98541373bb187bcf7ca14306d3ef7f173ae78f,3.4377502496232837,,,,,,,,,0,0.0,,,,,,,,,0,,SmacHybrid,874a96d5c0deb735a8398f01d38d5df6649b0410257d96c2d645009e089c4ff8,70,1b229e8471c59e73d0aa885613219f600d81c81ca23ac04f106d7089a723ba12,0,1,vertical_rack_detour,True,1.85569023680466,1.7470969205435822,3.4377502496232837,1,0.007336877999932767
0.0,4.3975871779281235,0.013912407150887623,0.004279927278125196,,0.39542810070668116,0.1449222268733815,0.16464466339406925,0,87,,,,,,,,,,,,,3.3733527335759312,savitzky_golay,0.05,43,ffc027cbc9d88e2a123906f3fc9ce587815fb369889b712226d363bb72b00db3,3.499913916483623,,,,,,,,,0,0.0,,,,,,,,,0,,SmacHybrid,874a96d5c0deb735a8398f01d38d5df6649b0410257d96c2d645009e089c4ff8,72,1b229e8471c59e73d0aa885613219f600d81c81ca23ac04f106d7089a723ba12,0,1,vertical_rack_detour,True,4.3975871779281235,3.3733527335759312,3.499913916483623,1,0.006478867000168975
0.003,5.527942723911027,0.03334947790112414,0.015485083580967934,,0.39058368915163805,0.16464466339406925,0.16464466339406925,0,93,,,,,,,,,,,,,3.2755057368849925,constrained,0.05,43,754d1a3436d77c4f5423708a47ad0a717e7fa3890842bb88895792e73c9c8f3b,3.539131586110995,,,,,,,,,0,0.0,,,,,,,,,0,,SmacHybrid,874a96d5c0deb735a8398f01d38d5df6649b0410257d96c2d645009e089c4ff8,72,1b229e8471c59e73d0aa885613219f600d81c81ca23ac04f106d7089a723ba12,0,1,vertical_rack_detour,True,5.527942723911027,3.2755057368849925,3.539131586110995,1,0.004825370000162366
0.006,6.740080705816152,0.0013804218280970742,0.0003118366557967936,,0.42017192458310354,0.16464466339406925,0.16464466339406925,0,334,,,,,,,,,,,,,3.4944528627064844,pivot_g2_fixed,0.05,333,8e83b00c2581e5be443c18848dda82e7fcea32b11353d0be928ae7c111f12ddc,3.5120058653901864,0,40,"[{'index': 0, 'radius_min': 0, 'radius_max': 0, 'trim_min': 0, 'trim_max': 0, 'evaluations': 9, 'safe_feasible': 2, 'states': 0, 'selected_radius': 0.3, 'selected_trim': 0.039496, 'selected_score': 1}, {'index': 1, 'radius_min': 0, 'radius_max': 0, 'trim_min': 0, 'trim_max': 0, 'evaluations': 9, 'safe_feasible': 2, 'states': 0, 'selected_radius': 0.3, 'selected_trim': 0.0394949, 'selected_score': 1}, {'index': 2, 'radius_min': 0, 'radius_max': 0, 'trim_min': 0, 'trim_max': 0, 'evaluations': 9, 'safe_feasible': 3, 'states': 0, 'selected_radius': 0.6, 'selected_trim': 0.0393263, 'selected_score': 0.919188}, {'index': 3, 'radius_min': 0, 'radius_max': 0, 'trim_min': 0, 'trim_max': 0, 'evaluations': 9, 'safe_feasible': 3, 'states': 0, 'selected_radius': 0.6, 'selected_trim': 0.0393263, 'selected_score': 0.769188}, {'index': 4, 'radius_min': 0, 'radius_max': 0, 'trim_min': 0, 'trim_max': 0, 'evaluations': 9, 'safe_feasible': 3, 'states': 0, 'selected_radius': 0.6, 'selected_trim': 0.0393259, 'selected_score': 0.919189}, {'index': 5, 'radius_min': 0, 'radius_max': 0, 'trim_min': 0, 'trim_max': 0, 'evaluations': 9, 'safe_feasible': 3, 'states': 0, 'selected_radius': 0.5, 'selected_trim': 0.0327706, 'selected_score': 0.825}, {'index': 6, 'radius_min': 0, 'radius_max': 0, 'trim_min': 0, 'trim_max': 0, 'evaluations': 9, 'safe_feasible': 2, 'states': 0, 'selected_radius': 0.3, 'selected_trim': 0.0394959, 'selected_score': 1}, {'index': 7, 'radius_min': 0, 'radius_max': 0, 'trim_min': 0, 'trim_max': 0, 'evaluations': 9, 'safe_feasible': 3, 'states': 0, 'selected_radius': 0.6, 'selected_trim': 0.0393272, 'selected_score': 0.919187}, {'index': 8, 'radius_min': 0, 'radius_max': 0, 'trim_min': 0, 'trim_max': 0, 'evaluations': 9, 'safe_feasible': 4, 'states': 0, 'selected_radius': 0.75, 'selected_trim': 0.0327469, 'selected_score': 0.953778}, {'index': 9, 'radius_min': 0, 'radius_max': 0, 'trim_min': 0, 'trim_max': 0, 'evaluations': 9, 'safe_feasible': 2, 'states': 0, 'selected_radius': 0.3, 'selected_trim': 0.0268655, 'selected_score': 1}, {'index': 10, 'radius_min': 0, 'radius_max': 0, 'trim_min': 0, 'trim_max': 0, 'evaluations': 9, 'safe_feasible': 1, 'states': 0, 'selected_radius': 0.2, 'selected_trim': 0.0215084, 'selected_score': 1}, {'index': 11, 'radius_min': 0, 'radius_max': 0, 'trim_min': 0, 'trim_max': 0, 'evaluations': 9, 'safe_feasible': 2, 'states': 0, 'selected_radius': 0.3, 'selected_trim': 0.0306675, 'selected_score': 0.85}, {'index': 12, 'radius_min': 0, 'radius_max': 0, 'trim_min': 0, 'trim_max': 0, 'evaluations': 9, 'safe_feasible': 1, 'states': 0, 'selected_radius': 0.2, 'selected_trim': 0.0131674, 'selected_score': 1}, {'index': 13, 'radius_min': 0, 'radius_max': 0, 'trim_min': 0, 'trim_max': 0, 'evaluations': 9, 'safe_feasible': 3, 'states': 0, 'selected_radius': 0.6, 'selected_trim': 0.0307062, 'selected_score': 0.928204}, {'index': 14, 'radius_min': 0, 'radius_max': 0, 'trim_min': 0, 'trim_max': 0, 'evaluations': 9, 'safe_feasible': 2, 'states': 0, 'selected_radius': 0.3, 'selected_trim': 0.0306685, 'selected_score': 1}, {'index': 15, 'radius_min': 0, 'radius_max': 0, 'trim_min': 0, 'trim_max': 0, 'evaluations': 9, 'safe_feasible': 2, 'states': 0, 'selected_radius': 0.3, 'selected_trim': 0.030667, 'selected_score': 1}, {'index': 16, 'radius_min': 0, 'radius_max': 0, 'trim_min': 0, 'trim_max': 0, 'evaluations': 9, 'safe_feasible': 2, 'states': 0, 'selected_radius': 0.3, 'selected_trim': 0.0306701, 'selected_score': 1}]",17,0,153,none,17,0,0.0,200,0.946102,333,0,"{'angular acceleration iteration did not converge': 17, 'transition would overlap an adjacent corner window': 96}",0.00549905,fixed,0.05,0,40,SmacHybrid,874a96d5c0deb735a8398f01d38d5df6649b0410257d96c2d645009e089c4ff8,72,1b229e8471c59e73d0aa885613219f600d81c81ca23ac04f106d7089a723ba12,0,1,vertical_rack_detour,True,6.740080705816152,3.4944528627064844,3.5120058653901864,1,0.011271511999893846
0.0,7.657274973466091,0.0006435367753325141,0.00011700462713514085,,0.41229621067567396,0.11464466264901119,0.16464466339406925,0,124,,,,,,,,,,,,,4.339825420415691,pivot_g2,0.05,95,f808d39c733fc46f014052d696262a13b7ebb72b57366e7a81ec6c68f6060938,3.51322475771375,218,140,"[{'index': 0, 'radius_min': 0.1, 'radius_max': 0.694007, 'trim_min': 0.0131653, 'trim_max': 0.0913683, 'evaluations': 11, 'safe_feasible': 8, 'states': 6, 'selected_radius': 0, 'selected_trim': 0, 'selected_score': 0}, {'index': 1, 'radius_min': 0.1, 'radius_max': 0.694024, 'trim_min': 0.013165, 'trim_max': 0.0913681, 'evaluations': 11, 'safe_feasible': 8, 'states': 6, 'selected_radius': 0, 'selected_trim': 0, 'selected_score': 0}, {'index': 2, 'radius_min': 0.1, 'radius_max': 1.394, 'trim_min': 0.00655439, 'trim_max': 0.0913681, 'evaluations': 11, 'safe_feasible': 9, 'states': 6, 'selected_radius': 0, 'selected_trim': 0, 'selected_score': 0}, {'index': 3, 'radius_min': 0.1, 'radius_max': 1.394, 'trim_min': 0.00655439, 'trim_max': 0.0913681, 'evaluations': 11, 'safe_feasible': 9, 'states': 6, 'selected_radius': 0, 'selected_trim': 0, 'selected_score': 0}, {'index': 4, 'radius_min': 0.1, 'radius_max': 1.39402, 'trim_min': 0.00655431, 'trim_max': 0.0913681, 'evaluations': 11, 'safe_feasible': 9, 'states': 6, 'selected_radius': 0, 'selected_trim': 0, 'selected_score': 0}, {'index': 5, 'radius_min': 0.1, 'radius_max': 1.39406, 'trim_min': 0.00655411, 'trim_max': 0.0913683, 'evaluations': 11, 'safe_feasible': 9, 'states': 6, 'selected_radius': 0, 'selected_trim': 0, 'selected_score': 0}, {'index': 6, 'radius_min': 0.1, 'radius_max': 0.694008, 'trim_min': 0.0131653, 'trim_max': 0.0913682, 'evaluations': 11, 'safe_feasible': 7, 'states': 6, 'selected_radius': 0, 'selected_trim': 0, 'selected_score': 0}, {'index': 7, 'radius_min': 0.1, 'radius_max': 1.39397, 'trim_min': 0.00655453, 'trim_max': 0.0913682, 'evaluations': 11, 'safe_feasible': 9, 'states': 6, 'selected_radius': 0, 'selected_trim': 0, 'selected_score': 0}, {'index': 8, 'radius_min': 0.1, 'radius_max': 1.5, 'trim_min': 0.00436625, 'trim_max': 0.0654938, 'evaluations': 11, 'safe_feasible': 9, 'states': 6, 'selected_radius': 0, 'selected_trim': 0, 'selected_score': 0}, {'index': 9, 'radius_min': 0.1, 'radius_max': 1.02028, 'trim_min': 0.00895518, 'trim_max': 0.0913683, 'evaluations': 11, 'safe_feasible': 9, 'states': 6, 'selected_radius': 0, 'selected_trim': 0, 'selected_score': 0}, {'index': 10, 'radius_min': 0.1, 'radius_max': 0.661963, 'trim_min': 0.0107542, 'trim_max': 0.0711888, 'evaluations': 11, 'safe_feasible': 8, 'states': 6, 'selected_radius': 0, 'selected_trim': 0, 'selected_score': 0}, {'index': 11, 'radius_min': 0.1, 'radius_max': 0.696389, 'trim_min': 0.0102225, 'trim_max': 0.0711885, 'evaluations': 11, 'safe_feasible': 7, 'states': 6, 'selected_radius': 0, 'selected_trim': 0, 'selected_score': 0}, {'index': 12, 'radius_min': 0.1, 'radius_max': 1.08128, 'trim_min': 0.00658369, 'trim_max': 0.0711885, 'evaluations': 11, 'safe_feasible': 9, 'states': 6, 'selected_radius': 0, 'selected_trim': 0, 'selected_score': 0}, {'index': 13, 'radius_min': 0.1, 'radius_max': 1.39103, 'trim_min': 0.0051177, 'trim_max': 0.0711887, 'evaluations': 11, 'safe_feasible': 9, 'states': 6, 'selected_radius': 0, 'selected_trim': 0, 'selected_score': 0}, {'index': 14, 'radius_min': 0.1, 'radius_max': 0.69637, 'trim_min': 0.0102228, 'trim_max': 0.0711887, 'evaluations': 11, 'safe_feasible': 7, 'states': 6, 'selected_radius': 0, 'selected_trim': 0, 'selected_score': 0}, {'index': 15, 'radius_min': 0.1, 'radius_max': 0.696402, 'trim_min': 0.0102223, 'trim_max': 0.0711885, 'evaluations': 11, 'safe_feasible': 7, 'states': 6, 'selected_radius': 0, 'selected_trim': 0, 'selected_score': 0}, {'index': 16, 'radius_min': 0.1, 'radius_max': 0.696332, 'trim_min': 0.0102234, 'trim_max': 0.0711885, 'evaluations': 11, 'safe_feasible': 7, 'states': 6, 'selected_radius': 0, 'selected_trim': 0, 'selected_score': 0}]",17,102,187,all_pivot,0,17,0.26180080303645203,200,0,95,17,"{'angular acceleration iteration did not converge': 29, 'transition requires a reversing inner wheel': 17, 'trim distance exceeds corner segment geometry': 1}",0.00841926,adaptive,0.05,2.968789059126231,140,SmacHybrid,874a96d5c0deb735a8398f01d38d5df6649b0410257d96c2d645009e089c4ff8,72,1b229e8471c59e73d0aa885613219f600d81c81ca23ac04f106d7089a723ba12,0,1,vertical_rack_detour,True,3.894228957382153e-26,4.924718224204481e-13,3.5156992706271617,18,0.011112752999906661
0.003,1.85569023680466,0.045360915153128206,0.02335757388828443,,0.38354190740868377,0.11464466264901119,0.11464466264901119,0,88,6.74008,0,253,True,7.55726,253,True,simple_default,simple,1.85569,253,True,1.7470969205435822,adaptive_hybrid_fixed,0.05,43,edd28eb5b3148f706ada327b6b98541373bb187bcf7ca14306d3ef7f173ae78f,3.4377502496232837,,,,,,,,,0,0.0,,,,,,,,,0,,SmacHybrid,874a96d5c0deb735a8398f01d38d5df6649b0410257d96c2d645009e089c4ff8,70,1b229e8471c59e73d0aa885613219f600d81c81ca23ac04f106d7089a723ba12,0,1,vertical_rack_detour,True,1.85569023680466,1.7470969205435822,3.4377502496232837,1,0.026584022999941226
0.012,1.85569023680466,0.045360915153128206,0.02335757388828443,,0.38354190740868377,0.11464466264901119,0.11464466264901119,0,88,3.89423e-26,17,253,True,7.55726,253,True,simple_default,simple,1.85569,253,True,1.7470969205435822,adaptive_hybrid,0.05,43,edd28eb5b3148f706ada327b6b98541373bb187bcf7ca14306d3ef7f173ae78f,3.4377502496232837,,,,,,,,,0,0.0,,,,,,,,,0,,SmacHybrid,874a96d5c0deb735a8398f01d38d5df6649b0410257d96c2d645009e089c4ff8,70,1b229e8471c59e73d0aa885613219f600d81c81ca23ac04f106d7089a723ba12,0,1,vertical_rack_detour,True,1.85569023680466,1.7470969205435822,3.4377502496232837,1,0.013423172000329942
0.003,7.068916082177607,4.440892098500626e-16,7.04166119237455e-17,,0.48190044259575715,0.2474873771031409,0.25619225950049973,0,163,,,,,,,,,,,,,4.92244066033981,raw,0.05,73,3875615c54ba3516f2ab132f071b3ca170a3da54ac191476fba284c8b551c9fb,6.149979918791159,,,,,,,,,0,0.0,,,,,,,,,0,,SmacHybrid,e2ef3e07afb6bed94b2f2c3d948c29d0a5f57b26a922381e344b6dec6abfaec9,125,3875615c54ba3516f2ab132f071b3ca170a3da54ac191476fba284c8b551c9fb,0,1,horizontal_rack_detour,True,7.068916082177607,4.92244066033981,6.149979918791159,1,0.0045473000000129105
0.0,2.2602656483062376,0.05881243398600994,0.018660480967426465,,0.48338232818774346,0.2146446641391273,0.2146446641391273,0,149,,,,,,,,,,,,,2.1746451643998244,simple,0.05,73,21a0a4947c60ac536acb4975ed81794e273b6e0691a37085842b467700a5cf85,6.068263824249887,,,,,,,,,0,0.0,,,,,,,,,0,,SmacHybrid,e2ef3e07afb6bed94b2f2c3d948c29d0a5f57b26a922381e344b6dec6abfaec9,123,3875615c54ba3516f2ab132f071b3ca170a3da54ac191476fba284c8b551c9fb,0,1,horizontal_rack_detour,True,2.2602656483062376,2.1746451643998244,6.068263824249887,1,0.010326129000077344
0.0,4.383982929570053,0.00948980398016254,0.00270237656642571,,0.4914084414711867,0.2474873771031409,0.25619225950049973,0,150,,,,,,,,,,,,,3.506494199039534,savitzky_golay,0.05,73,3cee8b84659000cb708f06e9b10ea1901db773c1720ab7f5e59823525663ba90,6.1395849305356585,,,,,,,,,0,0.0,,,,,,,,,0,,SmacHybrid,e2ef3e07afb6bed94b2f2c3d948c29d0a5f57b26a922381e344b6dec6abfaec9,124,3875615c54ba3516f2ab132f071b3ca170a3da54ac191476fba284c8b551c9fb,0,1,horizontal_rack_detour,True,4.383982929570053,3.506494199039534,6.1395849305356585,1,0.008323929000198405
0.006,4.521680507632717,0.017472843688228767,0.0058923312246891985,,0.48706521967490646,0.2474873771031409,0.26464466488418537,0,147,,,,,,,,,,,,,3.066398642467651,constrained,0.05,73,7f45ad076903e1609b7b8bf620eadb7b088224ea3043a80afca7c06cadc56dd8,6.15477876623069,,,,,,,,,0,0.0,,,,,,,,,0,,SmacHybrid,e2ef3e07afb6bed94b2f2c3d948c29d0a5f57b26a922381e344b6dec6abfaec9,125,3875615c54ba3516f2ab132f071b3ca170a3da54ac191476fba284c8b551c9fb,0,1,horizontal_rack_detour,True,4.521680507632717,3.066398642467651,6.15477876623069,1,0.012520244999905117
0.006,5.979044518587149,0.012711146555509294,0.004102286096769768,,0.44741298903522075,0.2474873771031409,0.2474873771031409,0,395,,,,,,,,,,,,,3.3790850882561543,pivot_g2_fixed,0.05,394,d865e626a12a9dbbae8c397a7f936740007a3babbd761b61ddec38a86b9e1b3b,6.146841448117557,0,51,"[{'index': 0, 'radius_min': 0, 'radius_max': 0, 'trim_min': 0, 'trim_max': 0, 'evaluations': 9, 'safe_feasible': 3, 'states': 0, 'selected_radius': 0.6, 'selected_trim': 0.0393261, 'selected_score': 0.919188}, {'index': 1, 'radius_min': 0, 'radius_max': 0, 'trim_min': 0, 'trim_max': 0, 'evaluations': 9, 'safe_feasible': 2, 'states': 0, 'selected_radius': 0.5, 'selected_trim': 0.0355102, 'selected_score': 0.9}, {'index': 2, 'radius_min': 0, 'radius_max': 0, 'trim_min': 0, 'trim_max': 0, 'evaluations': 9, 'safe_feasible': 5, 'states': 0, 'selected_radius': 0.75, 'selected_trim': 0.0532649, 'selected_score': 0.879494}, {'index': 3, 'radius_min': 0, 'radius_max': 0, 'trim_min': 0, 'trim_max': 0, 'evaluations': 9, 'safe_feasible': 4, 'states': 0, 'selected_radius': 0.75, 'selected_trim': 0.0327461, 'selected_score': 0.95378}, {'index': 4, 'radius_min': 0, 'radius_max': 0, 'trim_min': 0, 'trim_max': 0, 'evaluations': 9, 'safe_feasible': 2, 'states': 0, 'selected_radius': 0.5, 'selected_trim': 0.0382506, 'selected_score': 0.9}, {'index': 5, 'radius_min': 0, 'radius_max': 0, 'trim_min': 0, 'trim_max': 0, 'evaluations': 9, 'safe_feasible': 7, 'states': 0, 'selected_radius': 1.5, 'selected_trim': 0.114768, 'selected_score': 1}, {'index': 6, 'radius_min': 0, 'radius_max': 0, 'trim_min': 0, 'trim_max': 0, 'evaluations': 9, 'safe_feasible': 3, 'states': 0, 'selected_radius': 0.6, 'selected_trim': 0.0393258, 'selected_score': 0.919189}, {'index': 7, 'radius_min': 0, 'radius_max': 0, 'trim_min': 0, 'trim_max': 0, 'evaluations': 9, 'safe_feasible': 2, 'states': 0, 'selected_radius': 0.3, 'selected_trim': 0.039496, 'selected_score': 0.85}, {'index': 8, 'radius_min': 0, 'radius_max': 0, 'trim_min': 0, 'trim_max': 0, 'evaluations': 9, 'safe_feasible': 2, 'states': 0, 'selected_radius': 0.3, 'selected_trim': 0.0394954, 'selected_score': 1}, {'index': 9, 'radius_min': 0, 'radius_max': 0, 'trim_min': 0, 'trim_max': 0, 'evaluations': 9, 'safe_feasible': 3, 'states': 0, 'selected_radius': 0.6, 'selected_trim': 0.0393266, 'selected_score': 0.769188}, {'index': 10, 'radius_min': 0, 'radius_max': 0, 'trim_min': 0, 'trim_max': 0, 'evaluations': 9, 'safe_feasible': 6, 'states': 0, 'selected_radius': 1.25, 'selected_trim': 0.0819288, 'selected_score': 0.828872}, {'index': 11, 'radius_min': 0, 'radius_max': 0, 'trim_min': 0, 'trim_max': 0, 'evaluations': 9, 'safe_feasible': 1, 'states': 0, 'selected_radius': 0.2, 'selected_trim': 0.014546, 'selected_score': 1}, {'index': 12, 'radius_min': 0, 'radius_max': 0, 'trim_min': 0, 'trim_max': 0, 'evaluations': 9, 'safe_feasible': 2, 'states': 0, 'selected_radius': 0.3, 'selected_trim': 0.0305739, 'selected_score': 1}, {'index': 13, 'radius_min': 0, 'radius_max': 0, 'trim_min': 0, 'trim_max': 0, 'evaluations': 9, 'safe_feasible': 2, 'states': 0, 'selected_radius': 0.5, 'selected_trim': 0.0308073, 'selected_score': 0.9}, {'index': 14, 'radius_min': 0, 'radius_max': 0, 'trim_min': 0, 'trim_max': 0, 'evaluations': 9, 'safe_feasible': 1, 'states': 0, 'selected_radius': 0.2, 'selected_trim': 0.0153442, 'selected_score': 1}, {'index': 15, 'radius_min': 0, 'radius_max': 0, 'trim_min': 0, 'trim_max': 0, 'evaluations': 9, 'safe_feasible': 2, 'states': 0, 'selected_radius': 0.3, 'selected_trim': 0.0305751, 'selected_score': 1}, {'index': 16, 'radius_min': 0, 'radius_max': 0, 'trim_min': 0, 'trim_max': 0, 'evaluations': 9, 'safe_feasible': 2, 'states': 0, 'selected_radius': 0.3, 'selected_trim': 0.0305749, 'selected_score': 1}, {'index': 17, 'radius_min': 0, 'radius_max': 0, 'trim_min': 0, 'trim_max': 0, 'evaluations': 9, 'safe_feasible': 2, 'states': 0, 'selected_radius': 0.3, 'selected_trim': 0.0305743, 'selected_score': 1}]",18,0,162,none,18,0,0.0,200,0.934428,394,0,"{'angular acceleration iteration did not converge': 24, 'transition would overlap an adjacent corner window': 87}",0.00675205,fixed,0.05,0,51,SmacHybrid,e2ef3e07afb6bed94b2f2c3d948c29d0a5f57b26a922381e344b6dec6abfaec9,124,3875615c54ba3516f2ab132f071b3ca170a3da54ac191476fba284c8b551c9fb,0,1,horizontal_rack_detour,True,5.979044518587149,3.3790850882561543,6.146841448117557,1,0.01322507700024289
0.009000000000000001,7.394730961232182,0.012713431957396342,0.004045621942102644,,0.47195123138611467,0.2474873771031409,0.25401603890116004,0,176,,,,,,,,,,,,,5.041670051027541,pivot_g2,0.05,150,f7ef15b6fe848ca5d33fa2e9a92116e7c1793c46abc4c05489be4af970198a1a,6.148579396471206,243,158,"[{'index': 0, 'radius_min': 0.1, 'radius_max': 1.39401, 'trim_min': 0.00655435, 'trim_max': 0.0913682, 'evaluations': 11, 'safe_feasible': 9, 'states': 6, 'selected_radius': 0, 'selected_trim': 0, 'selected_score': 0}, {'index': 1, 'radius_min': 0.1, 'radius_max': 1.28651, 'trim_min': 0.00710204, 'trim_max': 0.0913682, 'evaluations': 11, 'safe_feasible': 8, 'states': 6, 'selected_radius': 0, 'selected_trim': 0, 'selected_score': 0}, {'index': 2, 'radius_min': 0.1, 'radius_max': 1.5, 'trim_min': 0.00710199, 'trim_max': 0.10653, 'evaluations': 11, 'safe_feasible': 9, 'states': 6, 'selected_radius': 0, 'selected_trim': 0, 'selected_score': 0}, {'index': 3, 'radius_min': 0.1, 'radius_max': 1.5, 'trim_min': 0.00436614, 'trim_max': 0.0654921, 'evaluations': 11, 'safe_feasible': 9, 'states': 6, 'selected_radius': 0, 'selected_trim': 0, 'selected_score': 0}, {'index': 4, 'radius_min': 0.1, 'radius_max': 1.19434, 'trim_min': 0.00765012, 'trim_max': 0.0913687, 'evaluations': 11, 'safe_feasible': 10, 'states': 6, 'selected_radius': 0, 'selected_trim': 0, 'selected_score': 0}, {'index': 5, 'radius_min': 0.1, 'radius_max': 1.5, 'trim_min': 0.0076512, 'trim_max': 0.114768, 'evaluations': 20, 'safe_feasible': 17, 'states': 6, 'selected_radius': 0, 'selected_trim': 0, 'selected_score': 0}, {'index': 6, 'radius_min': 0.1, 'radius_max': 1.39403, 'trim_min': 0.00655429, 'trim_max': 0.0913685, 'evaluations': 11, 'safe_feasible': 9, 'states': 6, 'selected_radius': 0, 'selected_trim': 0, 'selected_score': 0}, {'index': 7, 'radius_min': 0.1, 'radius_max': 0.694006, 'trim_min': 0.0131653, 'trim_max': 0.0913682, 'evaluations': 11, 'safe_feasible': 8, 'states': 6, 'selected_radius': 0, 'selected_trim': 0, 'selected_score': 0}, {'index': 8, 'radius_min': 0.1, 'radius_max': 0.694016, 'trim_min': 0.0131651, 'trim_max': 0.0913682, 'evaluations': 11, 'safe_feasible': 8, 'states': 6, 'selected_radius': 0, 'selected_trim': 0, 'selected_score': 0}, {'index': 9, 'radius_min': 0.1, 'radius_max': 1.394, 'trim_min': 0.00655443, 'trim_max': 0.0913686, 'evaluations': 11, 'safe_feasible': 9, 'states': 6, 'selected_radius': 0, 'selected_trim': 0, 'selected_score': 0}, {'index': 10, 'radius_min': 0.1, 'radius_max': 1.5, 'trim_min': 0.0065543, 'trim_max': 0.0983145, 'evaluations': 11, 'safe_feasible': 9, 'states': 6, 'selected_radius': 0, 'selected_trim': 0, 'selected_score': 0}, {'index': 11, 'radius_min': 0.1, 'radius_max': 0.975848, 'trim_min': 0.00727299, 'trim_max': 0.0709733, 'evaluations': 11, 'safe_feasible': 8, 'states': 6, 'selected_radius': 0, 'selected_trim': 0, 'selected_score': 0}, {'index': 12, 'radius_min': 0.1, 'radius_max': 0.696411, 'trim_min': 0.0101913, 'trim_max': 0.0709733, 'evaluations': 11, 'safe_feasible': 7, 'states': 6, 'selected_radius': 0, 'selected_trim': 0, 'selected_score': 0}, {'index': 13, 'radius_min': 0.1, 'radius_max': 1.15189, 'trim_min': 0.00616146, 'trim_max': 0.0709734, 'evaluations': 11, 'safe_feasible': 9, 'states': 6, 'selected_radius': 0, 'selected_trim': 0, 'selected_score': 0}, {'index': 14, 'radius_min': 0.1, 'radius_max': 0.925086, 'trim_min': 0.00767209, 'trim_max': 0.0709734, 'evaluations': 11, 'safe_feasible': 8, 'states': 6, 'selected_radius': 0, 'selected_trim': 0, 'selected_score': 0}, {'index': 15, 'radius_min': 0.1, 'radius_max': 0.696385, 'trim_min': 0.0101917, 'trim_max': 0.0709734, 'evaluations': 11, 'safe_feasible': 7, 'states': 6, 'selected_radius': 0, 'selected_trim': 0, 'selected_score': 0}, {'index': 16, 'radius_min': 0.1, 'radius_max': 0.696386, 'trim_min': 0.0101916, 'trim_max': 0.0709731, 'evaluations': 11, 'safe_feasible': 7, 'states': 6, 'selected_radius': 0, 'selected_trim': 0, 'selected_score': 0}, {'index': 17, 'radius_min': 0.1, 'radius_max': 0.696401, 'trim_min': 0.0101914, 'trim_max': 0.0709731, 'evaluations': 11, 'safe_feasible': 7, 'states': 6, 'selected_radius': 0, 'selected_trim': 0, 'selected_score': 0}]",18,108,207,all_pivot,0,18,0.2618010851168182,200,0,150,18,"{'angular acceleration iteration did not converge': 31, 'transition requires a reversing inner wheel': 18}",0.0105196,adaptive,0.05,2.9574349808488916,158,SmacHybrid,e2ef3e07afb6bed94b2f2c3d948c29d0a5f57b26a922381e344b6dec6abfaec9,125,3875615c54ba3516f2ab132f071b3ca170a3da54ac191476fba284c8b551c9fb,0,1,horizontal_rack_detour,True,1.7196376283458424e-25,7.283648507956666e-13,6.150707034029544,19,0.014190972999585938
0.009000000000000001,2.2602656483062376,0.05881243398600994,0.018660480967426465,,0.48338232818774346,0.2146446641391273,0.2146446641391273,0,149,5.97904,0,161,True,7.06892,150,True,simple_default,simple,2.26027,202,True,2.1746451643998244,adaptive_hybrid_fixed,0.05,73,21a0a4947c60ac536acb4975ed81794e273b6e0691a37085842b467700a5cf85,6.068263824249887,,,,,,,,,0,0.0,,,,,,,,,0,,SmacHybrid,e2ef3e07afb6bed94b2f2c3d948c29d0a5f57b26a922381e344b6dec6abfaec9,123,3875615c54ba3516f2ab132f071b3ca170a3da54ac191476fba284c8b551c9fb,0,1,horizontal_rack_detour,True,2.2602656483062376,2.1746451643998244,6.068263824249887,1,0.010988505000113946
0.009000000000000001,7.394730961232182,0.012713431957396342,0.004045621942102644,,0.47195123138611467,0.2474873771031409,0.25401603890116004,0,176,1.71964e-25,18,150,True,7.06892,150,True,safety_gain_within_energy_budget,pivot_g2,2.26027,202,True,5.041670051027541,adaptive_hybrid,0.05,150,f7ef15b6fe848ca5d33fa2e9a92116e7c1793c46abc4c05489be4af970198a1a,6.148579396471206,,,,,,,,,18,0.2618010851168182,,,,,,,,,2.9574349808488916,,SmacHybrid,e2ef3e07afb6bed94b2f2c3d948c29d0a5f57b26a922381e344b6dec6abfaec9,125,3875615c54ba3516f2ab132f071b3ca170a3da54ac191476fba284c8b551c9fb,0,1,horizontal_rack_detour,True,1.7196376283458424e-25,7.283648507956666e-13,6.150707034029544,19,0.015774571999827458
0.0,10.594807051940029,1.6653345369377348e-16,4.1471312274845906e-17,,0.3648199134053832,0.23390290478282266,0.25619225950049973,0,140,,,,,,,,,,,,,4.3398267753087065,raw,0.05,59,9066eb0f898e9a05267cf530e0e442c46a8764f7c0fce1485e2c1f0ac6a219a2,4.959454425724628,,,,,,,,,0,0.0,,,,,,,,,0,,SmacHybrid,a26c8ed8dc254cfe475cca9331fea319e6eebb986961ed8ac8655d25dd1eaf55,101,9066eb0f898e9a05267cf530e0e442c46a8764f7c0fce1485e2c1f0ac6a219a2,0,1,right_rack_detour,True,10.594807051940029,4.3398267753087065,4.959454425724628,1,0.005093910000141477
0.0,3.3788590799974614,0.0671799634875003,0.028018871884429242,,0.3541954223835145,0.2146446641391273,0.2146446641391273,0,120,,,,,,,,,,,,,2.754271758803878,simple,0.05,59,f522b3cd89dab1163c96f55468c81c6ee74c7d43afa70f5448ce3eaf83b08736,4.820478345267477,,,,,,,,,0,0.0,,,,,,,,,0,,SmacHybrid,a26c8ed8dc254cfe475cca9331fea319e6eebb986961ed8ac8655d25dd1eaf55,98,9066eb0f898e9a05267cf530e0e442c46a8764f7c0fce1485e2c1f0ac6a219a2,0,1,right_rack_detour,True,3.3788590799974614,2.754271758803878,4.820478345267477,1,0.007714363999639318
0.0,7.772916816814635,0.012714891571070338,0.003983065536217103,,0.36468248725247504,0.2474873771031409,0.25619225950049973,0,125,,,,,,,,,,,,,4.399867158401294,savitzky_golay,0.05,59,2905eef108288122527a278b8328bb289c4dce5082c57d31212623aef5d5d98b,4.940236115600515,,,,,,,,,0,0.0,,,,,,,,,0,,SmacHybrid,a26c8ed8dc254cfe475cca9331fea319e6eebb986961ed8ac8655d25dd1eaf55,100,9066eb0f898e9a05267cf530e0e442c46a8764f7c0fce1485e2c1f0ac6a219a2,0,1,right_rack_detour,True,7.772916816814635,4.399867158401294,4.940236115600515,1,0.007447586000125739
0.006,8.992948451297167,0.010396609577231914,0.0031352225898574116,,0.36724692032445544,0.25619225950049973,0.25619225950049973,0,125,,,,,,,,,,,,,4.393912517513358,constrained,0.05,59,79783d71dd40d192244abb855b2fa793a277a17f5181aa2473299bf154cca0e2,4.960116330532469,,,,,,,,,0,0.0,,,,,,,,,0,,SmacHybrid,a26c8ed8dc254cfe475cca9331fea319e6eebb986961ed8ac8655d25dd1eaf55,101,9066eb0f898e9a05267cf530e0e442c46a8764f7c0fce1485e2c1f0ac6a219a2,0,1,right_rack_detour,True,8.992948451297167,4.393912517513358,4.960116330532469,1,0.006167322000237618
0.006,9.742675140833002,0.020990063112512267,0.006300775712029141,,0.337413631749956,0.23390290478282266,0.25619225950049973,0,438,,,,,,,,,,,,,3.528616785507121,pivot_g2_fixed,0.05,437,830bbd1e4ded3e960affc63e1cbc2bcf022627c5059f1f301ed7a457922bec4c,4.956131377002058,0,49,"[{'index': 0, 'radius_min': 0, 'radius_max': 0, 'trim_min': 0, 'trim_max': 0, 'evaluations': 9, 'safe_feasible': 2, 'states': 0, 'selected_radius': 0.3, 'selected_trim': 0.0394964, 'selected_score': 1}, {'index': 1, 'radius_min': 0, 'radius_max': 0, 'trim_min': 0, 'trim_max': 0, 'evaluations': 9, 'safe_feasible': 2, 'states': 0, 'selected_radius': 0.3, 'selected_trim': 0.0394951, 'selected_score': 1}, {'index': 2, 'radius_min': 0, 'radius_max': 0, 'trim_min': 0, 'trim_max': 0, 'evaluations': 9, 'safe_feasible': 2, 'states': 0, 'selected_radius': 0.3, 'selected_trim': 0.039496, 'selected_score': 0.85}, {'index': 3, 'radius_min': 0, 'radius_max': 0, 'trim_min': 0, 'trim_max': 0, 'evaluations': 9, 'safe_feasible': 2, 'states': 0, 'selected_radius': 0.3, 'selected_trim': 0.0394954, 'selected_score': 1}, {'index': 4, 'radius_min': 0, 'radius_max': 0, 'trim_min': 0, 'trim_max': 0, 'evaluations': 9, 'safe_feasible': 3, 'states': 0, 'selected_radius': 0.5, 'selected_trim': 0.0327713, 'selected_score': 0.825}, {'index': 5, 'radius_min': 0, 'radius_max': 0, 'trim_min': 0, 'trim_max': 0, 'evaluations': 9, 'safe_feasible': 4, 'states': 0, 'selected_radius': 0.75, 'selected_trim': 0.0327459, 'selected_score': 0.95378}, {'index': 6, 'radius_min': 0, 'radius_max': 0, 'trim_min': 0, 'trim_max': 0, 'evaluations': 9, 'safe_feasible': 4, 'states': 0, 'selected_radius': 0.75, 'selected_trim': 0.0327462, 'selected_score': 0.95378}, {'index': 7, 'radius_min': 0, 'radius_max': 0, 'trim_min': 0, 'trim_max': 0, 'evaluations': 9, 'safe_feasible': 1, 'states': 0, 'selected_radius': 0.2, 'selected_trim': 0.030783, 'selected_score': 1}, {'index': 8, 'radius_min': 0, 'radius_max': 0, 'trim_min': 0, 'trim_max': 0, 'evaluations': 9, 'safe_feasible': 3, 'states': 0, 'selected_radius': 0.6, 'selected_trim': 0.0393258, 'selected_score': 0.919189}, {'index': 9, 'radius_min': 0, 'radius_max': 0, 'trim_min': 0, 'trim_max': 0, 'evaluations': 9, 'safe_feasible': 3, 'states': 0, 'selected_radius': 0.6, 'selected_trim': 0.0393258, 'selected_score': 0.919189}, {'index': 10, 'radius_min': 0, 'radius_max': 0, 'trim_min': 0, 'trim_max': 0, 'evaluations': 9, 'safe_feasible': 2, 'states': 0, 'selected_radius': 0.3, 'selected_trim': 0.0262466, 'selected_score': 1}, {'index': 11, 'radius_min': 0, 'radius_max': 0, 'trim_min': 0, 'trim_max': 0, 'evaluations': 9, 'safe_feasible': 2, 'states': 0, 'selected_radius': 0.3, 'selected_trim': 0.0262465, 'selected_score': 1}, {'index': 12, 'radius_min': 0, 'radius_max': 0, 'trim_min': 0, 'trim_max': 0, 'evaluations': 9, 'safe_feasible': 2, 'states': 0, 'selected_radius': 0.3, 'selected_trim': 0.0328557, 'selected_score': 1}, {'index': 13, 'radius_min': 0, 'radius_max': 0, 'trim_min': 0, 'trim_max': 0, 'evaluations': 9, 'safe_feasible': 2, 'states': 0, 'selected_radius': 0.3, 'selected_trim': 0.0328555, 'selected_score': 1}, {'index': 14, 'radius_min': 0, 'radius_max': 0, 'trim_min': 0, 'trim_max': 0, 'evaluations': 9, 'safe_feasible': 3, 'states': 0, 'selected_radius': 0.5, 'selected_trim': 0.0327716, 'selected_score': 0.825}, {'index': 15, 'radius_min': 0, 'radius_max': 0, 'trim_min': 0, 'trim_max': 0, 'evaluations': 9, 'safe_feasible': 3, 'states': 0, 'selected_radius': 0.6, 'selected_trim': 0.0393247, 'selected_score': 0.769191}, {'index': 16, 'radius_min': 0, 'radius_max': 0, 'trim_min': 0, 'trim_max': 0, 'evaluations': 9, 'safe_feasible': 1, 'states': 0, 'selected_radius': 0.2, 'selected_trim': 0.027785, 'selected_score': 1}, {'index': 17, 'radius_min': 0, 'radius_max': 0, 'trim_min': 0, 'trim_max': 0, 'evaluations': 9, 'safe_feasible': 1, 'states': 0, 'selected_radius': 0.2, 'selected_trim': 0.0162212, 'selected_score': 1}, {'index': 18, 'radius_min': 0, 'radius_max': 0, 'trim_min': 0, 'trim_max': 0, 'evaluations': 9, 'safe_feasible': 1, 'states': 0, 'selected_radius': 0.2, 'selected_trim': 0.012908, 'selected_score': 1}, {'index': 19, 'radius_min': 0, 'radius_max': 0, 'trim_min': 0, 'trim_max': 0, 'evaluations': 9, 'safe_feasible': 2, 'states': 0, 'selected_radius': 0.3, 'selected_trim': 0.0279825, 'selected_score': 1}, {'index': 20, 'radius_min': 0, 'radius_max': 0, 'trim_min': 0, 'trim_max': 0, 'evaluations': 9, 'safe_feasible': 2, 'states': 0, 'selected_radius': 0.3, 'selected_trim': 0.0308111, 'selected_score': 1}, {'index': 21, 'radius_min': 0, 'radius_max': 0, 'trim_min': 0, 'trim_max': 0, 'evaluations': 9, 'safe_feasible': 2, 'states': 0, 'selected_radius': 0.3, 'selected_trim': 0.0308106, 'selected_score': 1}]",22,0,198,none,22,0,0.0,200,0.955233,437,0,"{'angular acceleration iteration did not converge': 19, 'transition would overlap an adjacent corner window': 130}",0.00583628,fixed,0.05,0,49,SmacHybrid,a26c8ed8dc254cfe475cca9331fea319e6eebb986961ed8ac8655d25dd1eaf55,101,9066eb0f898e9a05267cf530e0e442c46a8764f7c0fce1485e2c1f0ac6a219a2,0,1,right_rack_detour,True,9.742675140833002,3.528616785507121,4.956131377002058,1,0.01711237700010315
0.015000000000000001,10.809826783479847,0.02109713619541489,0.006294204732748164,,0.35130527514791804,0.23390290478282266,0.25619225950049973,0,167,,,,,,,,,,,,,4.339826775308703,pivot_g2,0.05,129,a7db9becc91ba1cada8cbd5804623dad19f1874ca2e3f2ad4b8174116de81232,4.957597836196613,227,189,"[{'index': 0, 'radius_min': 0.1, 'radius_max': 0.693999, 'trim_min': 0.0131655, 'trim_max': 0.0913681, 'evaluations': 11, 'safe_feasible': 8, 'states': 6, 'selected_radius': 0, 'selected_trim': 0, 'selected_score': 0}, {'index': 1, 'radius_min': 0.1, 'radius_max': 0.694021, 'trim_min': 0.013165, 'trim_max': 0.0913682, 'evaluations': 11, 'safe_feasible': 8, 'states': 6, 'selected_radius': 0, 'selected_trim': 0, 'selected_score': 0}, {'index': 2, 'radius_min': 0.1, 'radius_max': 0.694006, 'trim_min': 0.0131653, 'trim_max': 0.0913682, 'evaluations': 11, 'safe_feasible': 8, 'states': 6, 'selected_radius': 0, 'selected_trim': 0, 'selected_score': 0}, {'index': 3, 'radius_min': 0.1, 'radius_max': 0.694018, 'trim_min': 0.0131651, 'trim_max': 0.0913685, 'evaluations': 11, 'safe_feasible': 8, 'states': 6, 'selected_radius': 0, 'selected_trim': 0, 'selected_score': 0}, {'index': 4, 'radius_min': 0.1, 'radius_max': 1.39403, 'trim_min': 0.00655427, 'trim_max': 0.0913685, 'evaluations': 11, 'safe_feasible': 9, 'states': 6, 'selected_radius': 0, 'selected_trim': 0, 'selected_score': 0}, {'index': 5, 'radius_min': 0.1, 'radius_max': 1.5, 'trim_min': 0.00436613, 'trim_max': 0.0654919, 'evaluations': 11, 'safe_feasible': 9, 'states': 6, 'selected_radius': 0, 'selected_trim': 0, 'selected_score': 0}, {'index': 6, 'radius_min': 0.1, 'radius_max': 1.5, 'trim_min': 0.00436616, 'trim_max': 0.0654924, 'evaluations': 11, 'safe_feasible': 9, 'states': 6, 'selected_radius': 0, 'selected_trim': 0, 'selected_score': 0}, {'index': 7, 'radius_min': 0.1, 'radius_max': 0.59363, 'trim_min': 0.0153915, 'trim_max': 0.0913685, 'evaluations': 11, 'safe_feasible': 8, 'states': 6, 'selected_radius': 0, 'selected_trim': 0, 'selected_score': 0}, {'index': 8, 'radius_min': 0.1, 'radius_max': 1.39403, 'trim_min': 0.00655429, 'trim_max': 0.0913685, 'evaluations': 11, 'safe_feasible': 9, 'states': 6, 'selected_radius': 0, 'selected_trim': 0, 'selected_score': 0}, {'index': 9, 'radius_min': 0.1, 'radius_max': 1.39403, 'trim_min': 0.00655429, 'trim_max': 0.0913685, 'evaluations': 11, 'safe_feasible': 9, 'states': 6, 'selected_radius': 0, 'selected_trim': 0, 'selected_score': 0}, {'index': 10, 'radius_min': 0.1, 'radius_max': 1.04435, 'trim_min': 0.00874885, 'trim_max': 0.0913685, 'evaluations': 11, 'safe_feasible': 10, 'states': 6, 'selected_radius': 0, 'selected_trim': 0, 'selected_score': 0}, {'index': 11, 'radius_min': 0.1, 'radius_max': 1.04435, 'trim_min': 0.00874883, 'trim_max': 0.0913683, 'evaluations': 11, 'safe_feasible': 10, 'states': 6, 'selected_radius': 0, 'selected_trim': 0, 'selected_score': 0}, {'index': 12, 'radius_min': 0.1, 'radius_max': 0.834269, 'trim_min': 0.0109519, 'trim_max': 0.0913682, 'evaluations': 11, 'safe_feasible': 9, 'states': 6, 'selected_radius': 0, 'selected_trim': 0, 'selected_score': 0}, {'index': 13, 'radius_min': 0.1, 'radius_max': 0.834273, 'trim_min': 0.0109518, 'trim_max': 0.0913681, 'evaluations': 11, 'safe_feasible': 9, 'states': 6, 'selected_radius': 0, 'selected_trim': 0, 'selected_score': 0}, {'index': 14, 'radius_min': 0.1, 'radius_max': 1.39402, 'trim_min': 0.00655431, 'trim_max': 0.0913681, 'evaluations': 11, 'safe_feasible': 9, 'states': 6, 'selected_radius': 0, 'selected_trim': 0, 'selected_score': 0}, {'index': 15, 'radius_min': 0.1, 'radius_max': 1.39406, 'trim_min': 0.00655411, 'trim_max': 0.0913683, 'evaluations': 11, 'safe_feasible': 9, 'states': 6, 'selected_radius': 0, 'selected_trim': 0, 'selected_score': 0}, {'index': 16, 'radius_min': 0.1, 'radius_max': 0.65768, 'trim_min': 0.0138925, 'trim_max': 0.0913683, 'evaluations': 11, 'safe_feasible': 9, 'states': 6, 'selected_radius': 0, 'selected_trim': 0, 'selected_score': 0}, {'index': 17, 'radius_min': 0.1, 'radius_max': 0.881776, 'trim_min': 0.00811058, 'trim_max': 0.0715171, 'evaluations': 11, 'safe_feasible': 9, 'states': 6, 'selected_radius': 0, 'selected_trim': 0, 'selected_score': 0}, {'index': 18, 'radius_min': 0.1, 'radius_max': 1.1081, 'trim_min': 0.006454, 'trim_max': 0.0715171, 'evaluations': 11, 'safe_feasible': 8, 'states': 6, 'selected_radius': 0, 'selected_trim': 0, 'selected_score': 0}, {'index': 19, 'radius_min': 0.1, 'radius_max': 0.76674, 'trim_min': 0.00932749, 'trim_max': 0.0715176, 'evaluations': 11, 'safe_feasible': 8, 'states': 6, 'selected_radius': 0, 'selected_trim': 0, 'selected_score': 0}, {'index': 20, 'radius_min': 0.1, 'radius_max': 0.696343, 'trim_min': 0.0102704, 'trim_max': 0.0715169, 'evaluations': 11, 'safe_feasible': 7, 'states': 6, 'selected_radius': 0, 'selected_trim': 0, 'selected_score': 0}, {'index': 21, 'radius_min': 0.1, 'radius_max': 0.696354, 'trim_min': 0.0102702, 'trim_max': 0.0715169, 'evaluations': 11, 'safe_feasible': 7, 'states': 6, 'selected_radius': 0, 'selected_trim': 0, 'selected_score': 0}]",22,132,242,all_pivot,0,22,0.3054330110922366,200,0,129,22,"{'angular acceleration iteration did not converge': 30, 'transition requires a reversing inner wheel': 23}",0.0129415,adaptive,0.05,4.129283552752114,189,SmacHybrid,a26c8ed8dc254cfe475cca9331fea319e6eebb986961ed8ac8655d25dd1eaf55,101,9066eb0f898e9a05267cf530e0e442c46a8764f7c0fce1485e2c1f0ac6a219a2,0,1,right_rack_detour,True,3.5308177851542045e-25,1.736426553260925e-12,4.961742429658736,23,0.019860107000113203
0.006,3.3788590799974614,0.0671799634875003,0.028018871884429242,,0.3541954223835145,0.2146446641391273,0.2146446641391273,0,120,9.74268,0,161,True,10.5948,173,True,simple_default,simple,3.37886,202,True,2.754271758803878,adaptive_hybrid_fixed,0.05,59,f522b3cd89dab1163c96f55468c81c6ee74c7d43afa70f5448ce3eaf83b08736,4.820478345267477,,,,,,,,,0,0.0,,,,,,,,,0,,SmacHybrid,a26c8ed8dc254cfe475cca9331fea319e6eebb986961ed8ac8655d25dd1eaf55,98,9066eb0f898e9a05267cf530e0e442c46a8764f7c0fce1485e2c1f0ac6a219a2,0,1,right_rack_detour,True,3.3788590799974614,2.754271758803878,4.820478345267477,1,0.00949131400011538
0.012,10.809826783479847,0.02109713619541489,0.006294204732748164,,0.35130527514791804,0.23390290478282266,0.25619225950049973,0,167,3.53082e-25,22,173,True,10.5948,173,True,safety_gain_within_energy_budget,pivot_g2,3.37886,202,True,4.339826775308703,adaptive_hybrid,0.05,129,a7db9becc91ba1cada8cbd5804623dad19f1874ca2e3f2ad4b8174116de81232,4.957597836196613,,,,,,,,,22,0.3054330110922366,,,,,,,,,4.129283552752114,,SmacHybrid,a26c8ed8dc254cfe475cca9331fea319e6eebb986961ed8ac8655d25dd1eaf55,101,9066eb0f898e9a05267cf530e0e442c46a8764f7c0fce1485e2c1f0ac6a219a2,0,1,right_rack_detour,True,3.5308177851542045e-25,1.736426553260925e-12,4.961742429658736,23,0.016125772000123106
0.021,13.043752880269249,4.440892098500626e-16,5.4780704391361526e-17,,0.4670641706658686,0.014644661158895074,0.03714466149417116,0,350,,,,,,,,,,,,,4.655487801138429,raw,0.05,157,af86d49ccbc3ba77e49217357386761ec1e27f60d6bde96845f3fef00bfa6f94,13.900609275961745,,,,,,,,,0,0.0,,,,,,,,,0,,SmacHybrid,cb85ae8a7f0ed1590b0c1c96be20cc7193502dc9dd1c12f8f4af13329e810936,280,af86d49ccbc3ba77e49217357386761ec1e27f60d6bde96845f3fef00bfa6f94,0,1,long_southwest_to_northeast,True,13.043752880269249,4.655487801138429,13.900609275961745,1,0.02590178599984938
0.0,4.520411964562207,0.0665219980938931,0.01818645175958967,,0.46038701612385147,0.06464466190395313,0.06464466190395313,0,317,,,,,,,,,,,,,2.4785525837425477,simple,0.05,157,845b3b9b830a5cb3fa972b1cf464a844fe8b653df4ac491d8bb2faeb5fe5759f,13.734417124741553,,,,,,,,,0,0.0,,,,,,,,,0,,SmacHybrid,cb85ae8a7f0ed1590b0c1c96be20cc7193502dc9dd1c12f8f4af13329e810936,276,af86d49ccbc3ba77e49217357386761ec1e27f60d6bde96845f3fef00bfa6f94,0,1,long_southwest_to_northeast,True,4.520411964562207,2.4785525837425477,13.734417124741553,1,0.008357634000276448
,,,,"smoothing failed: status=6, code=503, message=''",,,,,,,,,,,,,,,,,,,savitzky_golay,,,,,,,,,,,,,,,,,,,,,,,,,SmacHybrid,cb85ae8a7f0ed1590b0c1c96be20cc7193502dc9dd1c12f8f4af13329e810936,,af86d49ccbc3ba77e49217357386761ec1e27f60d6bde96845f3fef00bfa6f94,0,1,long_southwest_to_northeast,False,,,,,
0.012,13.695084965768132,0.1274681044239459,0.02749186065180422,,0.47519359321725846,0.06464466190395313,0.11464466264901119,0,321,,,,,,,,,,,,,8.116423911428384,constrained,0.05,157,d68425bdfd94eb646eafca33bf43294a7f02069552ab13b811a2b6f1564dbabe,13.865704567962574,,,,,,,,,0,0.0,,,,,,,,,0,,SmacHybrid,cb85ae8a7f0ed1590b0c1c96be20cc7193502dc9dd1c12f8f4af13329e810936,279,af86d49ccbc3ba77e49217357386761ec1e27f60d6bde96845f3fef00bfa6f94,0,1,long_southwest_to_northeast,True,13.695084965768132,8.116423911428384,13.865704567962574,1,0.01616324899987376
,,,,"smoothing failed: status=6, code=504, message=''",,,,,,,,,,,,,,,,,,,pivot_g2_fixed,,,,,,,,,,,,,,,,,,,,,,,,,SmacHybrid,cb85ae8a7f0ed1590b0c1c96be20cc7193502dc9dd1c12f8f4af13329e810936,,af86d49ccbc3ba77e49217357386761ec1e27f60d6bde96845f3fef00bfa6f94,0,1,long_southwest_to_northeast,False,,,,,
,,,,"smoothing failed: status=6, code=504, message=''",,,,,,,,,,,,,,,,,,,pivot_g2,,,,,,,,,,,,,,,,,,,,,,,,,SmacHybrid,cb85ae8a7f0ed1590b0c1c96be20cc7193502dc9dd1c12f8f4af13329e810936,,af86d49ccbc3ba77e49217357386761ec1e27f60d6bde96845f3fef00bfa6f94,0,1,long_southwest_to_northeast,False,,,,,
0.015000000000000001,4.520411964562207,0.0665219980938931,0.01818645175958967,,0.46038701612385147,0.06464466190395313,0.06464466190395313,0,317,,0,,False,,253,False,pivot_unsafe,simple,4.52041,253,True,2.4785525837425477,adaptive_hybrid_fixed,0.05,157,845b3b9b830a5cb3fa972b1cf464a844fe8b653df4ac491d8bb2faeb5fe5759f,13.734417124741553,,,,,,,,,0,0.0,,,,,,,,,0,,SmacHybrid,cb85ae8a7f0ed1590b0c1c96be20cc7193502dc9dd1c12f8f4af13329e810936,276,af86d49ccbc3ba77e49217357386761ec1e27f60d6bde96845f3fef00bfa6f94,0,1,long_southwest_to_northeast,True,4.520411964562207,2.4785525837425477,13.734417124741553,1,0.017178037999656226
0.015000000000000001,4.520411964562207,0.0665219980938931,0.01818645175958967,,0.46038701612385147,0.06464466190395313,0.06464466190395313,0,317,,0,,False,,253,False,pivot_unsafe,simple,4.52041,253,True,2.4785525837425477,adaptive_hybrid,0.05,157,845b3b9b830a5cb3fa972b1cf464a844fe8b653df4ac491d8bb2faeb5fe5759f,13.734417124741553,,,,,,,,,0,0.0,,,,,,,,,0,,SmacHybrid,cb85ae8a7f0ed1590b0c1c96be20cc7193502dc9dd1c12f8f4af13329e810936,276,af86d49ccbc3ba77e49217357386761ec1e27f60d6bde96845f3fef00bfa6f94,0,1,long_southwest_to_northeast,True,4.520411964562207,2.4785525837425477,13.734417124741553,1,0.02328844100020433
0.003,14.839885254134964,8.881784197001252e-16,6.667661272777937e-17,,0.38052821922902696,0.014644661158895074,0.06464466190395313,0,344,,,,,,,,,,,,,4.728289897093249,raw,0.05,157,a044984b43701a21a448fc6948d57b467a2bdbf4a84b891cab3d031e6da3d25c,13.916126942007908,,,,,,,,,0,0.0,,,,,,,,,0,,SmacHybrid,1319a5730b940fdf6ed386448176ff09187dfbe21aae60ca0a9965b7cb80f50d,280,a044984b43701a21a448fc6948d57b467a2bdbf4a84b891cab3d031e6da3d25c,0,1,long_northeast_to_southwest,True,14.839885254134964,4.728289897093249,13.916126942007908,1,0.007808755000041856
0.0,4.465194334172071,0.07051526489908869,0.020010963666050555,,0.38689764624679895,0.06464466190395313,0.11464466264901119,0,316,,,,,,,,,,,,,2.8996767836378505,simple,0.05,157,3c62fc2014db75b93f8cc6b46506f2e845f9b526ff8389df3ff952ac1eff0c33,13.728492225918506,,,,,,,,,0,0.0,,,,,,,,,0,,SmacHybrid,1319a5730b940fdf6ed386448176ff09187dfbe21aae60ca0a9965b7cb80f50d,276,a044984b43701a21a448fc6948d57b467a2bdbf4a84b891cab3d031e6da3d25c,0,1,long_northeast_to_southwest,True,4.465194334172071,2.8996767836378505,13.728492225918506,1,0.008905060000415688
,,,,"smoothing failed: status=6, code=503, message=''",,,,,,,,,,,,,,,,,,,savitzky_golay,,,,,,,,,,,,,,,,,,,,,,,,,SmacHybrid,1319a5730b940fdf6ed386448176ff09187dfbe21aae60ca0a9965b7cb80f50d,,a044984b43701a21a448fc6948d57b467a2bdbf4a84b891cab3d031e6da3d25c,0,1,long_northeast_to_southwest,False,,,,,
0.012,10.71107276638701,0.08603612504628148,0.017054504129314023,,0.38151685067812674,0.014644661158895074,0.07214466201571194,0,324,,,,,,,,,,,,,5.894319321832825,constrained,0.05,157,58778f86bbbac32607d84d0ee3f056ffa2e809cac3b7a57bd3095f9ba55df530,13.882639300911402,,,,,,,,,0,0.0,,,,,,,,,0,,SmacHybrid,1319a5730b940fdf6ed386448176ff09187dfbe21aae60ca0a9965b7cb80f50d,279,a044984b43701a21a448fc6948d57b467a2bdbf4a84b891cab3d031e6da3d25c,0,1,long_northeast_to_southwest,True,10.71107276638701,5.894319321832825,13.882639300911402,1,0.014216702999874542
,,,,"smoothing failed: status=6, code=504, message=''",,,,,,,,,,,,,,,,,,,pivot_g2_fixed,,,,,,,,,,,,,,,,,,,,,,,,,SmacHybrid,1319a5730b940fdf6ed386448176ff09187dfbe21aae60ca0a9965b7cb80f50d,,a044984b43701a21a448fc6948d57b467a2bdbf4a84b891cab3d031e6da3d25c,0,1,long_northeast_to_southwest,False,,,,,
,,,,"smoothing failed: status=6, code=504, message=''",,,,,,,,,,,,,,,,,,,pivot_g2,,,,,,,,,,,,,,,,,,,,,,,,,SmacHybrid,1319a5730b940fdf6ed386448176ff09187dfbe21aae60ca0a9965b7cb80f50d,,a044984b43701a21a448fc6948d57b467a2bdbf4a84b891cab3d031e6da3d25c,0,1,long_northeast_to_southwest,False,,,,,
0.003,4.465194334172071,0.07051526489908869,0.020010963666050555,,0.38689764624679895,0.06464466190395313,0.11464466264901119,0,316,,0,,False,,253,False,pivot_unsafe,simple,4.46519,253,True,2.8996767836378505,adaptive_hybrid_fixed,0.05,157,3c62fc2014db75b93f8cc6b46506f2e845f9b526ff8389df3ff952ac1eff0c33,13.728492225918506,,,,,,,,,0,0.0,,,,,,,,,0,,SmacHybrid,1319a5730b940fdf6ed386448176ff09187dfbe21aae60ca0a9965b7cb80f50d,276,a044984b43701a21a448fc6948d57b467a2bdbf4a84b891cab3d031e6da3d25c,0,1,long_northeast_to_southwest,True,4.465194334172071,2.8996767836378505,13.728492225918506,1,0.016389294999953563
0.021,4.465194334172071,0.07051526489908869,0.020010963666050555,,0.38689764624679895,0.06464466190395313,0.11464466264901119,0,316,,0,,False,,253,False,pivot_unsafe,simple,4.46519,253,True,2.8996767836378505,adaptive_hybrid,0.05,157,3c62fc2014db75b93f8cc6b46506f2e845f9b526ff8389df3ff952ac1eff0c33,13.728492225918506,,,,,,,,,0,0.0,,,,,,,,,0,,SmacHybrid,1319a5730b940fdf6ed386448176ff09187dfbe21aae60ca0a9965b7cb80f50d,276,a044984b43701a21a448fc6948d57b467a2bdbf4a84b891cab3d031e6da3d25c,0,1,long_northeast_to_southwest,True,4.465194334172071,2.8996767836378505,13.728492225918506,1,0.023727920000055747
0.009000000000000001,7.221602258516694,4.440892098500626e-16,9.137027812094784e-17,,0.8508940641404353,0.25619225950049973,0.2924278695464928,0,291,,,,,,,,,,,,,4.339817603897591,raw,0.05,139,cbef2450087fb26f868d85dfe224977cb97db5763af8293c1474d43f79c46099,12.332496685846808,,,,,,,,,0,0.0,,,,,,,,,0,,SmacHybrid,15a7f56c1b5334e69ea1637b93aa318dcb72c3e641f5e8dd8f74a6209fd2c68f,248,cbef2450087fb26f868d85dfe224977cb97db5763af8293c1474d43f79c46099,0,1,crossing_northwest_to_southeast,True,7.221602258516694,4.339817603897591,12.332496685846808,1,0.011162938000325084
0.003,0.9578207607627551,0.026396377684769087,0.010810484968865918,,0.8610928750690308,0.2474873771031409,0.2844080324648445,0,279,,,,,,,,,,,,,0.9053983918449041,simple,0.05,139,f30c276ad4d4bd3150b299bf60a8995a7a62c31c288d9b26c60522165fdd49df,12.280074456840415,,,,,,,,,0,0.0,,,,,,,,,0,,SmacHybrid,15a7f56c1b5334e69ea1637b93aa318dcb72c3e641f5e8dd8f74a6209fd2c68f,247,cbef2450087fb26f868d85dfe224977cb97db5763af8293c1474d43f79c46099,0,1,crossing_northwest_to_southeast,True,0.9578207607627551,0.9053983918449041,12.280074456840415,1,0.00918646699983583
0.0,2.775559714306645,0.012040024129307715,0.0022383874393304337,,0.8628261059338325,0.25619225950049973,0.28480087705617874,0,279,,,,,,,,,,,,,1.5270969716456952,savitzky_golay,0.05,139,a3c65d589006f5320c17e561fb4778c89b46afffe294c8ee23a361e1f50e95fe,12.320471008722459,,,,,,,,,0,0.0,,,,,,,,,0,,SmacHybrid,15a7f56c1b5334e69ea1637b93aa318dcb72c3e641f5e8dd8f74a6209fd2c68f,248,cbef2450087fb26f868d85dfe224977cb97db5763af8293c1474d43f79c46099,0,1,crossing_northwest_to_southeast,True,2.775559714306645,1.5270969716456952,12.320471008722459,1,0.007617174000188243
0.009000000000000001,3.9746882988655066,0.016696530555078578,0.0035010520908295415,,0.8612874387049215,0.25619225950049973,0.28480087705617874,0,279,,,,,,,,,,,,,2.685553173806361,constrained,0.05,139,f953005c65973a8e059d0042f86de56de03a9192e70eb275922938bdbd97783f,12.335403367560597,,,,,,,,,0,0.0,,,,,,,,,0,,SmacHybrid,15a7f56c1b5334e69ea1637b93aa318dcb72c3e641f5e8dd8f74a6209fd2c68f,248,cbef2450087fb26f868d85dfe224977cb97db5763af8293c1474d43f79c46099,0,1,crossing_northwest_to_southeast,True,3.9746882988655066,2.685553173806361,12.335403367560597,1,0.013421096000001853
0.009000000000000001,5.523178816275872,0.04790702792534854,0.015929194701017686,,0.7160553157311692,0.25619225950049973,0.2808724311428359,0,637,,,,,,,,,,,,,3.2650032549513477,pivot_g2_fixed,0.05,636,e5e34e41aa5137398ff9211e58eb4126bf30d6444647dbc42c437eb45e6e1576,12.32354749495851,0,83,"[{'index': 0, 'radius_min': 0, 'radius_max': 0, 'trim_min': 0, 'trim_max': 0, 'evaluations': 9, 'safe_feasible': 2, 'states': 0, 'selected_radius': 0.3, 'selected_trim': 0.0394962, 'selected_score': 1}, {'index': 1, 'radius_min': 0, 'radius_max': 0, 'trim_min': 0, 'trim_max': 0, 'evaluations': 9, 'safe_feasible': 3, 'states': 0, 'selected_radius': 0.6, 'selected_trim': 0.0393255, 'selected_score': 0.919189}, {'index': 2, 'radius_min': 0, 'radius_max': 0, 'trim_min': 0, 'trim_max': 0, 'evaluations': 9, 'safe_feasible': 3, 'states': 0, 'selected_radius': 0.6, 'selected_trim': 0.0393263, 'selected_score': 0.919188}, {'index': 3, 'radius_min': 0, 'radius_max': 0, 'trim_min': 0, 'trim_max': 0, 'evaluations': 9, 'safe_feasible': 2, 'states': 0, 'selected_radius': 0.5, 'selected_trim': 0.0394906, 'selected_score': 0.9}, {'index': 4, 'radius_min': 0, 'radius_max': 0, 'trim_min': 0, 'trim_max': 0, 'evaluations': 9, 'safe_feasible': 3, 'states': 0, 'selected_radius': 0.6, 'selected_trim': 0.0342379, 'selected_score': 0.927237}, {'index': 5, 'radius_min': 0, 'radius_max': 0, 'trim_min': 0, 'trim_max': 0, 'evaluations': 9, 'safe_feasible': 4, 'states': 0, 'selected_radius': 0.75, 'selected_trim': 0.0327457, 'selected_score': 0.953781}, {'index': 6, 'radius_min': 0, 'radius_max': 0, 'trim_min': 0, 'trim_max': 0, 'evaluations': 9, 'safe_feasible': 4, 'states': 0, 'selected_radius': 0.75, 'selected_trim': 0.0327457, 'selected_score': 0.953781}, {'index': 7, 'radius_min': 0, 'radius_max': 0, 'trim_min': 0, 'trim_max': 0, 'evaluations': 9, 'safe_feasible': 3, 'states': 0, 'selected_radius': 0.6, 'selected_trim': 0.039326, 'selected_score': 0.919189}, {'index': 8, 'radius_min': 0, 'radius_max': 0, 'trim_min': 0, 'trim_max': 0, 'evaluations': 9, 'safe_feasible': 3, 'states': 0, 'selected_radius': 0.6, 'selected_trim': 0.0393259, 'selected_score': 0.919189}, {'index': 9, 'radius_min': 0, 'radius_max': 0, 'trim_min': 0, 'trim_max': 0, 'evaluations': 9, 'safe_feasible': 3, 'states': 0, 'selected_radius': 0.6, 'selected_trim': 0.0393259, 'selected_score': 0.919189}, {'index': 10, 'radius_min': 0, 'radius_max': 0, 'trim_min': 0, 'trim_max': 0, 'evaluations': 9, 'safe_feasible': 3, 'states': 0, 'selected_radius': 0.5, 'selected_trim': 0.0327717, 'selected_score': 0.825}, {'index': 11, 'radius_min': 0, 'radius_max': 0, 'trim_min': 0, 'trim_max': 0, 'evaluations': 9, 'safe_feasible': 3, 'states': 0, 'selected_radius': 0.6, 'selected_trim': 0.039326, 'selected_score': 0.919189}, {'index': 12, 'radius_min': 0, 'radius_max': 0, 'trim_min': 0, 'trim_max': 0, 'evaluations': 9, 'safe_feasible': 3, 'states': 0, 'selected_radius': 0.6, 'selected_trim': 0.0393259, 'selected_score': 0.919189}, {'index': 13, 'radius_min': 0, 'radius_max': 0, 'trim_min': 0, 'trim_max': 0, 'evaluations': 9, 'safe_feasible': 3, 'states': 0, 'selected_radius': 0.5, 'selected_trim': 0.0327716, 'selected_score': 0.825}, {'index': 14, 'radius_min': 0, 'radius_max': 0, 'trim_min': 0, 'trim_max': 0, 'evaluations': 9, 'safe_feasible': 3, 'states': 0, 'selected_radius': 0.6, 'selected_trim': 0.039326, 'selected_score': 0.919189}, {'index': 15, 'radius_min': 0, 'radius_max': 0, 'trim_min': 0, 'trim_max': 0, 'evaluations': 9, 'safe_feasible': 7, 'states': 0, 'selected_radius': 1.5, 'selected_trim': 0.0781014, 'selected_score': 0.85}, {'index': 16, 'radius_min': 0, 'radius_max': 0, 'trim_min': 0, 'trim_max': 0, 'evaluations': 9, 'safe_feasible': 2, 'states': 0, 'selected_radius': 0.3, 'selected_trim': 0.0303111, 'selected_score': 1}, {'index': 17, 'radius_min': 0, 'radius_max': 0, 'trim_min': 0, 'trim_max': 0, 'evaluations': 9, 'safe_feasible': 4, 'states': 0, 'selected_radius': 0.75, 'selected_trim': 0.0387121, 'selected_score': 0.962583}, {'index': 18, 'radius_min': 0, 'radius_max': 0, 'trim_min': 0, 'trim_max': 0, 'evaluations': 9, 'safe_feasible': 8, 'states': 0, 'selected_radius': 1.5, 'selected_trim': 0.160502, 'selected_score': 1}, {'index': 19, 'radius_min': 0, 'radius_max': 0, 'trim_min': 0, 'trim_max': 0, 'evaluations': 9, 'safe_feasible': 5, 'states': 0, 'selected_radius': 1, 'selected_trim': 0.0819997, 'selected_score': 0.973121}, {'index': 20, 'radius_min': 0, 'radius_max': 0, 'trim_min': 0, 'trim_max': 0, 'evaluations': 9, 'safe_feasible': 5, 'states': 0, 'selected_radius': 1, 'selected_trim': 0.0797087, 'selected_score': 0.975302}, {'index': 21, 'radius_min': 0, 'radius_max': 0, 'trim_min': 0, 'trim_max': 0, 'evaluations': 9, 'safe_feasible': 2, 'states': 0, 'selected_radius': 0.3, 'selected_trim': 0.0324457, 'selected_score': 1}, {'index': 22, 'radius_min': 0, 'radius_max': 0, 'trim_min': 0, 'trim_max': 0, 'evaluations': 9, 'safe_feasible': 3, 'states': 0, 'selected_radius': 0.6, 'selected_trim': 0.0297211, 'selected_score': 0.918782}, {'index': 23, 'radius_min': 0, 'radius_max': 0, 'trim_min': 0, 'trim_max': 0, 'evaluations': 9, 'safe_feasible': 1, 'states': 0, 'selected_radius': 0.2, 'selected_trim': 0.0137389, 'selected_score': 1}, {'index': 24, 'radius_min': 0, 'radius_max': 0, 'trim_min': 0, 'trim_max': 0, 'evaluations': 9, 'safe_feasible': 2, 'states': 0, 'selected_radius': 0.3, 'selected_trim': 0.0319514, 'selected_score': 1}]",25,0,225,none,25,0,0.0,200,0.936724,636,0,"{'angular acceleration iteration did not converge': 42, 'transition would overlap an adjacent corner window': 99}",0.00895572,fixed,0.05,0,84,SmacHybrid,15a7f56c1b5334e69ea1637b93aa318dcb72c3e641f5e8dd8f74a6209fd2c68f,248,cbef2450087fb26f868d85dfe224977cb97db5763af8293c1474d43f79c46099,0,1,crossing_northwest_to_southeast,True,5.523178816275872,3.2650032549513477,12.32354749495851,1,0.01938201300026776
0.015000000000000001,7.962600823831485,0.047927344859193366,0.015910854608937586,,0.8161108976072007,0.25619225950049973,0.28480087705617874,0,313,,,,,,,,,,,,,4.339817603897591,pivot_g2,0.05,281,07b609d10627a2b262a5367089814d5d73b8ecf14acd508655db46721a6564ac,12.326400622388949,445,242,"[{'index': 0, 'radius_min': 0.1, 'radius_max': 0.694002, 'trim_min': 0.0131654, 'trim_max': 0.0913682, 'evaluations': 11, 'safe_feasible': 8, 'states': 6, 'selected_radius': 0, 'selected_trim': 0, 'selected_score': 0}, {'index': 1, 'radius_min': 0.1, 'radius_max': 1.39403, 'trim_min': 0.00655425, 'trim_max': 0.0913686, 'evaluations': 11, 'safe_feasible': 9, 'states': 6, 'selected_radius': 0, 'selected_trim': 0, 'selected_score': 0}, {'index': 2, 'radius_min': 0.1, 'radius_max': 1.394, 'trim_min': 0.00655438, 'trim_max': 0.0913683, 'evaluations': 11, 'safe_feasible': 9, 'states': 6, 'selected_radius': 0, 'selected_trim': 0, 'selected_score': 0}, {'index': 3, 'radius_min': 0.1, 'radius_max': 1.15684, 'trim_min': 0.00789812, 'trim_max': 0.0913683, 'evaluations': 11, 'safe_feasible': 9, 'states': 6, 'selected_radius': 0, 'selected_trim': 0, 'selected_score': 0}, {'index': 4, 'radius_min': 0.1, 'radius_max': 1.5, 'trim_min': 0.00570632, 'trim_max': 0.0855948, 'evaluations': 11, 'safe_feasible': 9, 'states': 6, 'selected_radius': 0, 'selected_trim': 0, 'selected_score': 0}, {'index': 5, 'radius_min': 0.1, 'radius_max': 1.5, 'trim_min': 0.00436609, 'trim_max': 0.0654914, 'evaluations': 11, 'safe_feasible': 9, 'states': 6, 'selected_radius': 0, 'selected_trim': 0, 'selected_score': 0}, {'index': 6, 'radius_min': 0.1, 'radius_max': 1.5, 'trim_min': 0.00436609, 'trim_max': 0.0654914, 'evaluations': 11, 'safe_feasible': 9, 'states': 6, 'selected_radius': 0, 'selected_trim': 0, 'selected_score': 0}, {'index': 7, 'radius_min': 0.1, 'radius_max': 1.39401, 'trim_min': 0.00655433, 'trim_max': 0.0913683, 'evaluations': 11, 'safe_feasible': 9, 'states': 6, 'selected_radius': 0, 'selected_trim': 0, 'selected_score': 0}, {'index': 8, 'radius_min': 0.1, 'radius_max': 1.39402, 'trim_min': 0.00655431, 'trim_max': 0.0913683, 'evaluations': 11, 'safe_feasible': 9, 'states': 6, 'selected_radius': 0, 'selected_trim': 0, 'selected_score': 0}, {'index': 9, 'radius_min': 0.1, 'radius_max': 1.39402, 'trim_min': 0.00655431, 'trim_max': 0.0913685, 'evaluations': 11, 'safe_feasible': 9, 'states': 6, 'selected_radius': 0, 'selected_trim': 0, 'selected_score': 0}, {'index': 10, 'radius_min': 0.1, 'radius_max': 1.39402, 'trim_min': 0.00655433, 'trim_max': 0.0913684, 'evaluations': 11, 'safe_feasible': 9, 'states': 6, 'selected_radius': 0, 'selected_trim': 0, 'selected_score': 0}, {'index': 11, 'radius_min': 0.1, 'radius_max': 1.39402, 'trim_min': 0.00655433, 'trim_max': 0.0913684, 'evaluations': 11, 'safe_feasible': 9, 'states': 6, 'selected_radius': 0, 'selected_trim': 0, 'selected_score': 0}, {'index': 12, 'radius_min': 0.1, 'radius_max': 1.39402, 'trim_min': 0.00655431, 'trim_max': 0.0913685, 'evaluations': 11, 'safe_feasible': 9, 'states': 6, 'selected_radius': 0, 'selected_trim': 0, 'selected_score': 0}, {'index': 13, 'radius_min': 0.1, 'radius_max': 1.39402, 'trim_min': 0.00655431, 'trim_max': 0.0913683, 'evaluations': 11, 'safe_feasible': 9, 'states': 6, 'selected_radius': 0, 'selected_trim': 0, 'selected_score': 0}, {'index': 14, 'radius_min': 0.1, 'radius_max': 1.39401, 'trim_min': 0.00655433, 'trim_max': 0.0913683, 'evaluations': 11, 'safe_feasible': 9, 'states': 6, 'selected_radius': 0, 'selected_trim': 0, 'selected_score': 0}, {'index': 15, 'radius_min': 0.1, 'radius_max': 1.5, 'trim_min': 0.00520676, 'trim_max': 0.0781014, 'evaluations': 11, 'safe_feasible': 9, 'states': 6, 'selected_radius': 0, 'selected_trim': 0, 'selected_score': 0}, {'index': 16, 'radius_min': 0.1, 'radius_max': 0.904303, 'trim_min': 0.0101037, 'trim_max': 0.0913682, 'evaluations': 11, 'safe_feasible': 9, 'states': 6, 'selected_radius': 0, 'selected_trim': 0, 'selected_score': 0}, {'index': 17, 'radius_min': 0.1, 'radius_max': 1.5, 'trim_min': 0.00516161, 'trim_max': 0.0774241, 'evaluations': 11, 'safe_feasible': 9, 'states': 6, 'selected_radius': 0, 'selected_trim': 0, 'selected_score': 0}, {'index': 18, 'radius_min': 0.1, 'radius_max': 1.5, 'trim_min': 0.0107002, 'trim_max': 0.160502, 'evaluations': 20, 'safe_feasible': 17, 'states': 6, 'selected_radius': 0, 'selected_trim': 0, 'selected_score': 0}, {'index': 19, 'radius_min': 0.1, 'radius_max': 1.5, 'trim_min': 0.00819997, 'trim_max': 0.122999, 'evaluations': 20, 'safe_feasible': 17, 'states': 6, 'selected_radius': 0, 'selected_trim': 0, 'selected_score': 0}, {'index': 20, 'radius_min': 0.1, 'radius_max': 1.5, 'trim_min': 0.00797087, 'trim_max': 0.119563, 'evaluations': 20, 'safe_feasible': 17, 'states': 6, 'selected_radius': 0, 'selected_trim': 0, 'selected_score': 0}, {'index': 21, 'radius_min': 0.1, 'radius_max': 0.685468, 'trim_min': 0.0108152, 'trim_max': 0.0741351, 'evaluations': 11, 'safe_feasible': 8, 'states': 6, 'selected_radius': 0, 'selected_trim': 0, 'selected_score': 0}, {'index': 22, 'radius_min': 0.1, 'radius_max': 1.49661, 'trim_min': 0.00495352, 'trim_max': 0.0741351, 'evaluations': 11, 'safe_feasible': 9, 'states': 6, 'selected_radius': 0, 'selected_trim': 0, 'selected_score': 0}, {'index': 23, 'radius_min': 0.1, 'radius_max': 1.07919, 'trim_min': 0.00686943, 'trim_max': 0.0741342, 'evaluations': 11, 'safe_feasible': 9, 'states': 6, 'selected_radius': 0, 'selected_trim': 0, 'selected_score': 0}, {'index': 24, 'radius_min': 0.1, 'radius_max': 0.696066, 'trim_min': 0.0106505, 'trim_max': 0.0741342, 'evaluations': 11, 'safe_feasible': 6, 'states': 6, 'selected_radius': 0, 'selected_trim': 0, 'selected_score': 0}]",25,150,302,all_pivot,0,25,0.2618025090674149,200,0,281,25,"{'angular acceleration iteration did not converge': 32, 'transition requires a reversing inner wheel': 25, 'trim distance exceeds corner segment geometry': 1}",0.0147677,adaptive,0.05,3.6252835832082058,244,SmacHybrid,15a7f56c1b5334e69ea1637b93aa318dcb72c3e641f5e8dd8f74a6209fd2c68f,248,cbef2450087fb26f868d85dfe224977cb97db5763af8293c1474d43f79c46099,0,1,crossing_northwest_to_southeast,True,2.164325499782186e-25,9.174925561751507e-13,12.328616906454966,26,0.02053117299965379
0.009000000000000001,0.9578207607627551,0.026396377684769087,0.010810484968865918,,0.8610928750690308,0.2474873771031409,0.2844080324648445,0,279,5.52318,0,150,True,7.2216,150,True,simple_default,simple,0.957821,161,True,0.9053983918449041,adaptive_hybrid_fixed,0.05,139,f30c276ad4d4bd3150b299bf60a8995a7a62c31c288d9b26c60522165fdd49df,12.280074456840415,,,,,,,,,0,0.0,,,,,,,,,0,,SmacHybrid,15a7f56c1b5334e69ea1637b93aa318dcb72c3e641f5e8dd8f74a6209fd2c68f,247,cbef2450087fb26f868d85dfe224977cb97db5763af8293c1474d43f79c46099,0,1,crossing_northwest_to_southeast,True,0.9578207607627551,0.9053983918449041,12.280074456840415,1,0.014729657999851042
0.012,0.9578207607627551,0.026396377684769087,0.010810484968865918,,0.8610928750690308,0.2474873771031409,0.2844080324648445,0,279,2.16433e-25,25,150,True,7.2216,150,True,simple_default,simple,0.957821,161,True,0.9053983918449041,adaptive_hybrid,0.05,139,f30c276ad4d4bd3150b299bf60a8995a7a62c31c288d9b26c60522165fdd49df,12.280074456840415,,,,,,,,,0,0.0,,,,,,,,,0,,SmacHybrid,15a7f56c1b5334e69ea1637b93aa318dcb72c3e641f5e8dd8f74a6209fd2c68f,247,cbef2450087fb26f868d85dfe224977cb97db5763af8293c1474d43f79c46099,0,1,crossing_northwest_to_southeast,True,0.9578207607627551,0.9053983918449041,12.280074456840415,1,0.018589788999634038
0.003,4.679746126490523,2.220446049250313e-16,4.279142515123509e-17,,0.7131859463831812,0.38890873544779275,0.39184485404549235,0,173,,,,,,,,,,,,,3.137226283891449,raw,0.05,81,efc94735ccf6f6c2afaa4187fd4f3eea913312daff4b80f9c87de692e5acfbb4,6.95864606977118,,,,,,,,,0,0.0,,,,,,,,,0,,SmacHybrid,36724b6b3b37a36dd1a6ce17601fd0b028a80ba5d65c2aa178f91edf69ed5236,141,efc94735ccf6f6c2afaa4187fd4f3eea913312daff4b80f9c87de692e5acfbb4,0,1,central_south_to_north,True,4.679746126490523,3.137226283891449,6.95864606977118,1,0.005199334999815619
0.0,1.0774017569828722,0.038538073584508906,0.014411594185975152,,0.7134309836609943,0.34543332138122557,0.3677575538356146,0,163,,,,,,,,,,,,,1.2865671400539767,simple,0.05,81,8b0959aa305f76f358bb78247726244965c0f29664bdedf17bc7386ed2cbf64e,6.910583905025113,,,,,,,,,0,0.0,,,,,,,,,0,,SmacHybrid,36724b6b3b37a36dd1a6ce17601fd0b028a80ba5d65c2aa178f91edf69ed5236,140,efc94735ccf6f6c2afaa4187fd4f3eea913312daff4b80f9c87de692e5acfbb4,0,1,central_south_to_north,True,1.0774017569828722,1.2865671400539767,6.910583905025113,1,0.0071884950002640835
0.003,2.2487632215641584,0.007376134412706435,0.0025255094786710347,,0.7190274307306203,0.38890873544779275,0.39184485404549235,0,163,,,,,,,,,,,,,1.9437056553402714,savitzky_golay,0.05,81,8fcb1d679b89bc317858b1ccb4c5781e1e799d933d8b1f68f2ad2a7c9d588424,6.950723114688783,,,,,,,,,0,0.0,,,,,,,,,0,,SmacHybrid,36724b6b3b37a36dd1a6ce17601fd0b028a80ba5d65c2aa178f91edf69ed5236,141,efc94735ccf6f6c2afaa4187fd4f3eea913312daff4b80f9c87de692e5acfbb4,0,1,central_south_to_north,True,2.2487632215641584,1.9437056553402714,6.950723114688783,1,0.007083614000293892
0.006,2.893969481285877,0.008441581429622414,0.003320903442272366,,0.7186744094893089,0.38890873544779275,0.39184485404549235,0,162,,,,,,,,,,,,,2.409402849516158,constrained,0.05,81,e9a0b3f135313d632868e3eef79279f5d594ae7fd631364ef5e50676ba3247ad,6.959548153497238,,,,,,,,,0,0.0,,,,,,,,,0,,SmacHybrid,36724b6b3b37a36dd1a6ce17601fd0b028a80ba5d65c2aa178f91edf69ed5236,141,efc94735ccf6f6c2afaa4187fd4f3eea913312daff4b80f9c87de692e5acfbb4,0,1,central_south_to_north,True,2.893969481285877,2.409402849516158,6.959548153497238,1,0.008549650000077236
0.009000000000000001,4.141528063127817,0.03492750450213354,0.010727418123093413,,0.6463367573467714,0.38890873544779275,0.38890873544779275,0,421,,,,,,,,,,,,,2.8052231383120474,pivot_g2_fixed,0.05,420,81fad89b9f8b115d671f69126a09a94a6b6eec1370fb0be4149eb3ac56ac4b65,6.9543903867318155,0,65,"[{'index': 0, 'radius_min': 0, 'radius_max': 0, 'trim_min': 0, 'trim_max': 0, 'evaluations': 9, 'safe_feasible': 5, 'states': 0, 'selected_radius': 0.75, 'selected_trim': 0.0630835, 'selected_score': 0.927374}, {'index': 1, 'radius_min': 0, 'radius_max': 0, 'trim_min': 0, 'trim_max': 0, 'evaluations': 9, 'safe_feasible': 5, 'states': 0, 'selected_radius': 1, 'selected_trim': 0.0689118, 'selected_score': 0.965602}, {'index': 2, 'radius_min': 0, 'radius_max': 0, 'trim_min': 0, 'trim_max': 0, 'evaluations': 9, 'safe_feasible': 2, 'states': 0, 'selected_radius': 0.3, 'selected_trim': 0.0262467, 'selected_score': 1}, {'index': 3, 'radius_min': 0, 'radius_max': 0, 'trim_min': 0, 'trim_max': 0, 'evaluations': 9, 'safe_feasible': 3, 'states': 0, 'selected_radius': 0.6, 'selected_trim': 0.0393259, 'selected_score': 0.919189}, {'index': 4, 'radius_min': 0, 'radius_max': 0, 'trim_min': 0, 'trim_max': 0, 'evaluations': 9, 'safe_feasible': 3, 'states': 0, 'selected_radius': 0.6, 'selected_trim': 0.0393259, 'selected_score': 0.919189}, {'index': 5, 'radius_min': 0, 'radius_max': 0, 'trim_min': 0, 'trim_max': 0, 'evaluations': 9, 'safe_feasible': 3, 'states': 0, 'selected_radius': 0.6, 'selected_trim': 0.0393263, 'selected_score': 0.919188}, {'index': 6, 'radius_min': 0, 'radius_max': 0, 'trim_min': 0, 'trim_max': 0, 'evaluations': 9, 'safe_feasible': 4, 'states': 0, 'selected_radius': 0.75, 'selected_trim': 0.0327458, 'selected_score': 0.95378}, {'index': 7, 'radius_min': 0, 'radius_max': 0, 'trim_min': 0, 'trim_max': 0, 'evaluations': 9, 'safe_feasible': 2, 'states': 0, 'selected_radius': 0.3, 'selected_trim': 0.032855, 'selected_score': 1}, {'index': 8, 'radius_min': 0, 'radius_max': 0, 'trim_min': 0, 'trim_max': 0, 'evaluations': 9, 'safe_feasible': 3, 'states': 0, 'selected_radius': 0.6, 'selected_trim': 0.0393267, 'selected_score': 0.919187}, {'index': 9, 'radius_min': 0, 'radius_max': 0, 'trim_min': 0, 'trim_max': 0, 'evaluations': 9, 'safe_feasible': 3, 'states': 0, 'selected_radius': 0.6, 'selected_trim': 0.0393259, 'selected_score': 0.919189}, {'index': 10, 'radius_min': 0, 'radius_max': 0, 'trim_min': 0, 'trim_max': 0, 'evaluations': 9, 'safe_feasible': 3, 'states': 0, 'selected_radius': 0.6, 'selected_trim': 0.0393258, 'selected_score': 0.919189}, {'index': 11, 'radius_min': 0, 'radius_max': 0, 'trim_min': 0, 'trim_max': 0, 'evaluations': 9, 'safe_feasible': 3, 'states': 0, 'selected_radius': 0.6, 'selected_trim': 0.0393258, 'selected_score': 0.919189}, {'index': 12, 'radius_min': 0, 'radius_max': 0, 'trim_min': 0, 'trim_max': 0, 'evaluations': 9, 'safe_feasible': 2, 'states': 0, 'selected_radius': 0.5, 'selected_trim': 0.0364225, 'selected_score': 0.9}, {'index': 13, 'radius_min': 0, 'radius_max': 0, 'trim_min': 0, 'trim_max': 0, 'evaluations': 9, 'safe_feasible': 7, 'states': 0, 'selected_radius': 1.5, 'selected_trim': 0.0983304, 'selected_score': 0.987186}, {'index': 14, 'radius_min': 0, 'radius_max': 0, 'trim_min': 0, 'trim_max': 0, 'evaluations': 9, 'safe_feasible': 7, 'states': 0, 'selected_radius': 1.5, 'selected_trim': 0.109283, 'selected_score': 1}, {'index': 15, 'radius_min': 0, 'radius_max': 0, 'trim_min': 0, 'trim_max': 0, 'evaluations': 9, 'safe_feasible': 3, 'states': 0, 'selected_radius': 0.6, 'selected_trim': 0.0393259, 'selected_score': 0.919189}, {'index': 16, 'radius_min': 0, 'radius_max': 0, 'trim_min': 0, 'trim_max': 0, 'evaluations': 9, 'safe_feasible': 2, 'states': 0, 'selected_radius': 0.3, 'selected_trim': 0.0293649, 'selected_score': 1}, {'index': 17, 'radius_min': 0, 'radius_max': 0, 'trim_min': 0, 'trim_max': 0, 'evaluations': 9, 'safe_feasible': 3, 'states': 0, 'selected_radius': 0.6, 'selected_trim': 0.0301456, 'selected_score': 0.923098}, {'index': 18, 'radius_min': 0, 'radius_max': 0, 'trim_min': 0, 'trim_max': 0, 'evaluations': 9, 'safe_feasible': 2, 'states': 0, 'selected_radius': 0.3, 'selected_trim': 0.0314054, 'selected_score': 1}]",19,0,171,none,19,0,0.0,200,0.947924,420,0,"{'angular acceleration iteration did not converge': 31, 'transition would overlap an adjacent corner window': 75}",0.00747645,fixed,0.05,0,65,SmacHybrid,36724b6b3b37a36dd1a6ce17601fd0b028a80ba5d65c2aa178f91edf69ed5236,141,efc94735ccf6f6c2afaa4187fd4f3eea913312daff4b80f9c87de692e5acfbb4,0,1,central_south_to_north,True,4.141528063127817,2.8052231383120474,6.9543903867318155,1,0.015301192000151786
0.009000000000000001,5.259866891408356,0.0349494119602441,0.010714977796300889,,0.6897940749682644,0.38890873544779275,0.39184485404549235,0,189,,,,,,,,,,,,,3.295963427383988,pivot_g2,0.05,165,08dac7f903f387f1129ea1d20b392d31ebe22d3110da7b7793db9b7e9148ba64,6.955725973779407,375,185,"[{'index': 0, 'radius_min': 0.1, 'radius_max': 1.5, 'trim_min': 0.00841114, 'trim_max': 0.126167, 'evaluations': 20, 'safe_feasible': 17, 'states': 6, 'selected_radius': 0, 'selected_trim': 0, 'selected_score': 0}, {'index': 1, 'radius_min': 0.1, 'radius_max': 1.5, 'trim_min': 0.00689118, 'trim_max': 0.103368, 'evaluations': 11, 'safe_feasible': 9, 'states': 6, 'selected_radius': 0, 'selected_trim': 0, 'selected_score': 0}, {'index': 2, 'radius_min': 0.1, 'radius_max': 1.04434, 'trim_min': 0.00874889, 'trim_max': 0.0913683, 'evaluations': 11, 'safe_feasible': 10, 'states': 6, 'selected_radius': 0, 'selected_trim': 0, 'selected_score': 0}, {'index': 3, 'radius_min': 0.1, 'radius_max': 1.39402, 'trim_min': 0.00655431, 'trim_max': 0.0913683, 'evaluations': 11, 'safe_feasible': 9, 'states': 6, 'selected_radius': 0, 'selected_trim': 0, 'selected_score': 0}, {'index': 4, 'radius_min': 0.1, 'radius_max': 1.39402, 'trim_min': 0.00655431, 'trim_max': 0.0913683, 'evaluations': 11, 'safe_feasible': 9, 'states': 6, 'selected_radius': 0, 'selected_trim': 0, 'selected_score': 0}, {'index': 5, 'radius_min': 0.1, 'radius_max': 1.394, 'trim_min': 0.00655439, 'trim_max': 0.0913683, 'evaluations': 11, 'safe_feasible': 9, 'states': 6, 'selected_radius': 0, 'selected_trim': 0, 'selected_score': 0}, {'index': 6, 'radius_min': 0.1, 'radius_max': 1.5, 'trim_min': 0.00436611, 'trim_max': 0.0654917, 'evaluations': 11, 'safe_feasible': 9, 'states': 6, 'selected_radius': 0, 'selected_trim': 0, 'selected_score': 0}, {'index': 7, 'radius_min': 0.1, 'radius_max': 0.834285, 'trim_min': 0.0109517, 'trim_max': 0.0913682, 'evaluations': 11, 'safe_feasible': 9, 'states': 6, 'selected_radius': 0, 'selected_trim': 0, 'selected_score': 0}, {'index': 8, 'radius_min': 0.1, 'radius_max': 1.39399, 'trim_min': 0.00655446, 'trim_max': 0.0913682, 'evaluations': 11, 'safe_feasible': 9, 'states': 6, 'selected_radius': 0, 'selected_trim': 0, 'selected_score': 0}, {'index': 9, 'radius_min': 0.1, 'radius_max': 1.39402, 'trim_min': 0.00655432, 'trim_max': 0.0913685, 'evaluations': 11, 'safe_feasible': 9, 'states': 6, 'selected_radius': 0, 'selected_trim': 0, 'selected_score': 0}, {'index': 10, 'radius_min': 0.1, 'radius_max': 1.39403, 'trim_min': 0.00655429, 'trim_max': 0.0913685, 'evaluations': 11, 'safe_feasible': 9, 'states': 6, 'selected_radius': 0, 'selected_trim': 0, 'selected_score': 0}, {'index': 11, 'radius_min': 0.1, 'radius_max': 1.39403, 'trim_min': 0.00655429, 'trim_max': 0.0913685, 'evaluations': 11, 'safe_feasible': 9, 'states': 6, 'selected_radius': 0, 'selected_trim': 0, 'selected_score': 0}, {'index': 12, 'radius_min': 0.1, 'radius_max': 1.25429, 'trim_min': 0.00728451, 'trim_max': 0.0913685, 'evaluations': 11, 'safe_feasible': 8, 'states': 6, 'selected_radius': 0, 'selected_trim': 0, 'selected_score': 0}, {'index': 13, 'radius_min': 0.1, 'radius_max': 1.5, 'trim_min': 0.00655536, 'trim_max': 0.0983304, 'evaluations': 11, 'safe_feasible': 9, 'states': 6, 'selected_radius': 0, 'selected_trim': 0, 'selected_score': 0}, {'index': 14, 'radius_min': 0.1, 'radius_max': 1.5, 'trim_min': 0.00728555, 'trim_max': 0.109283, 'evaluations': 20, 'safe_feasible': 17, 'states': 6, 'selected_radius': 0, 'selected_trim': 0, 'selected_score': 0}, {'index': 15, 'radius_min': 0.1, 'radius_max': 1.39402, 'trim_min': 0.00655432, 'trim_max': 0.0913685, 'evaluations': 11, 'safe_feasible': 9, 'states': 6, 'selected_radius': 0, 'selected_trim': 0, 'selected_score': 0}, {'index': 16, 'radius_min': 0.1, 'radius_max': 0.933447, 'trim_min': 0.00978829, 'trim_max': 0.0913685, 'evaluations': 11, 'safe_feasible': 9, 'states': 6, 'selected_radius': 0, 'selected_trim': 0, 'selected_score': 0}, {'index': 17, 'radius_min': 0.1, 'radius_max': 1.45056, 'trim_min': 0.00502426, 'trim_max': 0.0728801, 'evaluations': 11, 'safe_feasible': 9, 'states': 6, 'selected_radius': 0, 'selected_trim': 0, 'selected_score': 0}, {'index': 18, 'radius_min': 0.1, 'radius_max': 0.696185, 'trim_min': 0.0104685, 'trim_max': 0.0728798, 'evaluations': 11, 'safe_feasible': 7, 'states': 6, 'selected_radius': 0, 'selected_trim': 0, 'selected_score': 0}]",19,114,227,all_pivot,0,19,0.2181640822597274,200,0,165,19,"{'angular acceleration iteration did not converge': 23, 'transition requires a reversing inner wheel': 19}",0.00913777,adaptive,0.05,2.758555544290736,185,SmacHybrid,36724b6b3b37a36dd1a6ce17601fd0b028a80ba5d65c2aa178f91edf69ed5236,141,efc94735ccf6f6c2afaa4187fd4f3eea913312daff4b80f9c87de692e5acfbb4,0,1,central_south_to_north,True,1.4204316635829928e-26,1.8893915907494131e-13,6.957742596741425,20,0.012953832999755832
0.009000000000000001,1.0774017569828722,0.038538073584508906,0.014411594185975152,,0.7134309836609943,0.34543332138122557,0.3677575538356146,0,163,4.14153,0,87,True,4.67975,82,True,simple_default,simple,1.0774,100,True,1.2865671400539767,adaptive_hybrid_fixed,0.05,81,8b0959aa305f76f358bb78247726244965c0f29664bdedf17bc7386ed2cbf64e,6.910583905025113,,,,,,,,,0,0.0,,,,,,,,,0,,SmacHybrid,36724b6b3b37a36dd1a6ce17601fd0b028a80ba5d65c2aa178f91edf69ed5236,140,efc94735ccf6f6c2afaa4187fd4f3eea913312daff4b80f9c87de692e5acfbb4,0,1,central_south_to_north,True,1.0774017569828722,1.2865671400539767,6.910583905025113,1,0.01119970599984299
0.012,1.0774017569828722,0.038538073584508906,0.014411594185975152,,0.7134309836609943,0.34543332138122557,0.3677575538356146,0,163,1.42043e-26,19,82,True,4.67975,82,True,simple_default,simple,1.0774,100,True,1.2865671400539767,adaptive_hybrid,0.05,81,8b0959aa305f76f358bb78247726244965c0f29664bdedf17bc7386ed2cbf64e,6.910583905025113,,,,,,,,,0,0.0,,,,,,,,,0,,SmacHybrid,36724b6b3b37a36dd1a6ce17601fd0b028a80ba5d65c2aa178f91edf69ed5236,140,efc94735ccf6f6c2afaa4187fd4f3eea913312daff4b80f9c87de692e5acfbb4,0,1,central_south_to_north,True,1.0774017569828722,1.2865671400539767,6.910583905025113,1,0.012153998000030697
0.003,4.01193376585755,4.440892098500626e-16,8.16660326686628e-17,,0.4865697936037033,0.2146446641391273,0.2146446641391273,0,161,,,,,,,,,,,,,3.217969849972577,raw,0.05,78,58ec184882648c1e71e4cef040ecc10ef9a4a4bfcef95dba2ad743d48408d9c4,6.613457686141417,,,,,,,,,0,0.0,,,,,,,,,0,,SmacHybrid,c91e97435e65b8c7b6c2befa9dcee04b7845310d7d3113b4503d245ca4879997,134,58ec184882648c1e71e4cef040ecc10ef9a4a4bfcef95dba2ad743d48408d9c4,0,1,right_south_to_north,True,4.01193376585755,3.217969849972577,6.613457686141417,1,0.005334274000233563
0.0,0.5811938173170591,0.03324121975468605,0.011463230029156333,,0.4767301794014728,0.18825146149581692,0.2146446641391273,0,156,,,,,,,,,,,,,1.0015366109243278,simple,0.05,78,bb22f313131507ff21d53c79d89b63343adb84012a95ebc1c9ac1177033bafc7,6.582646519846105,,,,,,,,,0,0.0,,,,,,,,,0,,SmacHybrid,c91e97435e65b8c7b6c2befa9dcee04b7845310d7d3113b4503d245ca4879997,133,58ec184882648c1e71e4cef040ecc10ef9a4a4bfcef95dba2ad743d48408d9c4,0,1,right_south_to_north,True,0.5811938173170591,1.0015366109243278,6.582646519846105,1,0.007138012000268645
0.0,1.7685654681867529,0.005875471476040771,0.002099005699826866,,0.48305866316238355,0.2146446641391273,0.2146446641391273,0,156,,,,,,,,,,,,,1.8582916108243106,savitzky_golay,0.05,78,02e4d08c59a180cb236b80fd48baed0a621a93f9719ad331a3a662cca76c9ea8,6.607051633201896,,,,,,,,,0,0.0,,,,,,,,,0,,SmacHybrid,c91e97435e65b8c7b6c2befa9dcee04b7845310d7d3113b4503d245ca4879997,134,58ec184882648c1e71e4cef040ecc10ef9a4a4bfcef95dba2ad743d48408d9c4,0,1,right_south_to_north,True,1.7685654681867529,1.8582916108243106,6.607051633201896,1,0.006571606999841606
0.006,2.6440643517587348,0.008129693451968173,0.0020705236123841554,,0.48269866316909693,0.2146446641391273,0.21959563989254183,0,155,,,,,,,,,,,,,2.097521706821715,constrained,0.05,78,eb168b4e008f4150ebcfdb2a73228a2b940b9fa8dea9224de71858817c1542ea,6.61346430214294,,,,,,,,,0,0.0,,,,,,,,,0,,SmacHybrid,c91e97435e65b8c7b6c2befa9dcee04b7845310d7d3113b4503d245ca4879997,134,58ec184882648c1e71e4cef040ecc10ef9a4a4bfcef95dba2ad743d48408d9c4,0,1,right_south_to_north,True,2.6440643517587348,2.097521706821715,6.61346430214294,1,0.007786948000102711
0.006,2.607866553191488,0.013035269128022645,0.003827031515808516,,0.4987837246041453,0.2146446641391273,0.21959563989254183,0,361,,,,,,,,,,,,,2.399914698197673,pivot_g2_fixed,0.05,360,80f4fc2b32bf716a4814661d16e6b4b82e1b52c42ddee48db6426d45eb5f89a2,6.607725897738169,0,69,"[{'index': 0, 'radius_min': 0, 'radius_max': 0, 'trim_min': 0, 'trim_max': 0, 'evaluations': 9, 'safe_feasible': 2, 'states': 0, 'selected_radius': 0.5, 'selected_trim': 0.0382554, 'selected_score': 0.9}, {'index': 1, 'radius_min': 0, 'radius_max': 0, 'trim_min': 0, 'trim_max': 0, 'evaluations': 9, 'safe_feasible': 3, 'states': 0, 'selected_radius': 0.6, 'selected_trim': 0.039326, 'selected_score': 0.919189}, {'index': 2, 'radius_min': 0, 'radius_max': 0, 'trim_min': 0, 'trim_max': 0, 'evaluations': 9, 'safe_feasible': 3, 'states': 0, 'selected_radius': 0.6, 'selected_trim': 0.0393256, 'selected_score': 0.919189}, {'index': 3, 'radius_min': 0, 'radius_max': 0, 'trim_min': 0, 'trim_max': 0, 'evaluations': 9, 'safe_feasible': 7, 'states': 0, 'selected_radius': 1.5, 'selected_trim': 0.123001, 'selected_score': 1}, {'index': 4, 'radius_min': 0, 'radius_max': 0, 'trim_min': 0, 'trim_max': 0, 'evaluations': 9, 'safe_feasible': 7, 'states': 0, 'selected_radius': 1.5, 'selected_trim': 0.0558027, 'selected_score': 0.993329}, {'index': 5, 'radius_min': 0, 'radius_max': 0, 'trim_min': 0, 'trim_max': 0, 'evaluations': 9, 'safe_feasible': 8, 'states': 0, 'selected_radius': 1.25, 'selected_trim': 0.120923, 'selected_score': 0.903638}, {'index': 6, 'radius_min': 0, 'radius_max': 0, 'trim_min': 0, 'trim_max': 0, 'evaluations': 9, 'safe_feasible': 7, 'states': 0, 'selected_radius': 1.5, 'selected_trim': 0.0564819, 'selected_score': 0.99439}, {'index': 7, 'radius_min': 0, 'radius_max': 0, 'trim_min': 0, 'trim_max': 0, 'evaluations': 9, 'safe_feasible': 3, 'states': 0, 'selected_radius': 0.5, 'selected_trim': 0.0724992, 'selected_score': 0.75}, {'index': 8, 'radius_min': 0, 'radius_max': 0, 'trim_min': 0, 'trim_max': 0, 'evaluations': 9, 'safe_feasible': 3, 'states': 0, 'selected_radius': 0.6, 'selected_trim': 0.0393255, 'selected_score': 0.919189}, {'index': 9, 'radius_min': 0, 'radius_max': 0, 'trim_min': 0, 'trim_max': 0, 'evaluations': 9, 'safe_feasible': 4, 'states': 0, 'selected_radius': 0.75, 'selected_trim': 0.0327461, 'selected_score': 0.95378}, {'index': 10, 'radius_min': 0, 'radius_max': 0, 'trim_min': 0, 'trim_max': 0, 'evaluations': 9, 'safe_feasible': 7, 'states': 0, 'selected_radius': 1.5, 'selected_trim': 0.0654922, 'selected_score': 1}, {'index': 11, 'radius_min': 0, 'radius_max': 0, 'trim_min': 0, 'trim_max': 0, 'evaluations': 9, 'safe_feasible': 4, 'states': 0, 'selected_radius': 0.75, 'selected_trim': 0.0327461, 'selected_score': 0.95378}, {'index': 12, 'radius_min': 0, 'radius_max': 0, 'trim_min': 0, 'trim_max': 0, 'evaluations': 9, 'safe_feasible': 3, 'states': 0, 'selected_radius': 0.6, 'selected_trim': 0.039326, 'selected_score': 0.919189}, {'index': 13, 'radius_min': 0, 'radius_max': 0, 'trim_min': 0, 'trim_max': 0, 'evaluations': 9, 'safe_feasible': 2, 'states': 0, 'selected_radius': 0.3, 'selected_trim': 0.0258032, 'selected_score': 1}, {'index': 14, 'radius_min': 0, 'radius_max': 0, 'trim_min': 0, 'trim_max': 0, 'evaluations': 9, 'safe_feasible': 8, 'states': 0, 'selected_radius': 1.5, 'selected_trim': 0.143751, 'selected_score': 1}, {'index': 15, 'radius_min': 0, 'radius_max': 0, 'trim_min': 0, 'trim_max': 0, 'evaluations': 9, 'safe_feasible': 2, 'states': 0, 'selected_radius': 0.5, 'selected_trim': 0.0274037, 'selected_score': 0.9}]",16,0,144,none,16,0,0.0,200,0.939104,360,0,"{'angular acceleration iteration did not converge': 28, 'transition would overlap an adjacent corner window': 43}",0.00639907,fixed,0.05,0,73,SmacHybrid,c91e97435e65b8c7b6c2befa9dcee04b7845310d7d3113b4503d245ca4879997,134,58ec184882648c1e71e4cef040ecc10ef9a4a4bfcef95dba2ad743d48408d9c4,0,1,right_south_to_north,True,2.607866553191488,2.399914698197673,6.607725897738169,1,0.016223106999859738
,,,,"smoothing failed: status=6, code=504, message=''",,,,,,,,,,,,,,,,,,,pivot_g2,,,,,,,,,,,,,,,,,,,,,,,,,SmacHybrid,c91e97435e65b8c7b6c2befa9dcee04b7845310d7d3113b4503d245ca4879997,,58ec184882648c1e71e4cef040ecc10ef9a4a4bfcef95dba2ad743d48408d9c4,0,1,right_south_to_north,False,,,,,
0.006,0.5811938173170591,0.03324121975468605,0.011463230029156333,,0.4767301794014728,0.18825146149581692,0.2146446641391273,0,156,2.60787,0,202,True,4.01193,202,True,simple_default,simple,0.581194,202,True,1.0015366109243278,adaptive_hybrid_fixed,0.05,78,bb22f313131507ff21d53c79d89b63343adb84012a95ebc1c9ac1177033bafc7,6.582646519846105,,,,,,,,,0,0.0,,,,,,,,,0,,SmacHybrid,c91e97435e65b8c7b6c2befa9dcee04b7845310d7d3113b4503d245ca4879997,133,58ec184882648c1e71e4cef040ecc10ef9a4a4bfcef95dba2ad743d48408d9c4,0,1,right_south_to_north,True,0.5811938173170591,1.0015366109243278,6.582646519846105,1,0.008779009999670961
0.009000000000000001,0.5811938173170591,0.03324121975468605,0.011463230029156333,,0.4767301794014728,0.18825146149581692,0.2146446641391273,0,156,,0,,False,4.01193,202,True,pivot_unsafe,simple,0.581194,202,True,1.0015366109243278,adaptive_hybrid,0.05,78,bb22f313131507ff21d53c79d89b63343adb84012a95ebc1c9ac1177033bafc7,6.582646519846105,,,,,,,,,0,0.0,,,,,,,,,0,,SmacHybrid,c91e97435e65b8c7b6c2befa9dcee04b7845310d7d3113b4503d245ca4879997,133,58ec184882648c1e71e4cef040ecc10ef9a4a4bfcef95dba2ad743d48408d9c4,0,1,right_south_to_north,True,0.5811938173170591,1.0015366109243278,6.582646519846105,1,0.01740273099994738
0.0,2.1496578813034023e-11,0.0,0.0,,0.5146446686094759,0.5146446686094757,0.5146446686094757,0,69,,,,,,,,,,,,,1.560224876867677e-05,raw,0.05,35,a4d1cfe3d0d2ef3ca030be4f39bfc00aa24f7ca822c96c772bd7ae85f111a00e,2.799999985098904,,,,,,,,,0,0.0,,,,,,,,,0,,SmacHybrid,fb5e7bfdeb5aa383328471496105b03e8f73cbe5f2dacc1215f915c2b865d4a1,57,a4d1cfe3d0d2ef3ca030be4f39bfc00aa24f7ca822c96c772bd7ae85f111a00e,0,1,upper_open_short,True,2.1496578813034023e-11,1.560224876867677e-05,2.799999985098904,1,0.002490003999810142
0.0,4.3693396720305134e-13,6.5949659511233e-08,1.4422880113083222e-08,,0.5146446686094759,0.5146446686094757,0.5146446686094757,0,69,,,,,,,,,,,,,1.8616487906798348e-06,simple,0.05,35,5f3ec3f8a983708cd155b3d551aa30c5e03b94d743c12518c40a983cece86a30,2.799999985098854,,,,,,,,,0,0.0,,,,,,,,,0,,SmacHybrid,fb5e7bfdeb5aa383328471496105b03e8f73cbe5f2dacc1215f915c2b865d4a1,57,a4d1cfe3d0d2ef3ca030be4f39bfc00aa24f7ca822c96c772bd7ae85f111a00e,0,1,upper_open_short,True,4.3693396720305134e-13,1.8616487906798348e-06,2.799999985098854,1,0.006259629999931349
0.0,2.733872121297411e-12,3.7480208714413266e-08,7.042184986319099e-09,,0.5146446686094759,0.5146446686094757,0.5146446686094757,0,70,,,,,,,,,,,,,4.426572148869393e-06,savitzky_golay,0.05,35,59fd8e0562c8696c6cca51a8d7b8de86ebcfe8a82d80ffc077f4af7a30eef890,2.799999985098871,,,,,,,,,0,0.0,,,,,,,,,0,,SmacHybrid,fb5e7bfdeb5aa383328471496105b03e8f73cbe5f2dacc1215f915c2b865d4a1,57,a4d1cfe3d0d2ef3ca030be4f39bfc00aa24f7ca822c96c772bd7ae85f111a00e,0,1,upper_open_short,True,2.733872121297411e-12,4.426572148869393e-06,2.799999985098871,1,0.006195452999691042
0.0,2.1496578813034023e-11,0.0,0.0,,0.5146446686094759,0.5146446686094757,0.5146446686094757,0,69,,,,,,,,,,,,,1.560224876867677e-05,constrained,0.05,35,a4d1cfe3d0d2ef3ca030be4f39bfc00aa24f7ca822c96c772bd7ae85f111a00e,2.799999985098904,,,,,,,,,0,0.0,,,,,,,,,0,,SmacHybrid,fb5e7bfdeb5aa383328471496105b03e8f73cbe5f2dacc1215f915c2b865d4a1,57,a4d1cfe3d0d2ef3ca030be4f39bfc00aa24f7ca822c96c772bd7ae85f111a00e,0,1,upper_open_short,True,2.1496578813034023e-11,1.560224876867677e-05,2.799999985098904,1,0.006893924999985757
0.0,5.377133488725522e-26,1.0345663392641313e-07,5.96947638625226e-08,,0.5146446686094758,0.5146446686094757,0.5146446686094757,0,57,,,,,,,,,,,,,3.552713748283655e-13,pivot_g2_fixed,0.05,57,6dc2339dac10d593477aec67bd71434797c5c109e9cfd86667a23a364c1ff631,2.7999999850988404,0,0,[],0,0,0,none,0,0,0.0,200,0,57,0,{},9.2694e-05,fixed,0.05,0,0,SmacHybrid,fb5e7bfdeb5aa383328471496105b03e8f73cbe5f2dacc1215f915c2b865d4a1,57,a4d1cfe3d0d2ef3ca030be4f39bfc00aa24f7ca822c96c772bd7ae85f111a00e,0,1,upper_open_short,True,5.377133488725522e-26,3.552713748283655e-13,2.7999999850988404,1,0.006674475000181701
0.0,5.377133488725522e-26,1.0345663392641313e-07,5.96947638625226e-08,,0.5146446686094758,0.5146446686094757,0.5146446686094757,0,57,,,,,,,,,,,,,3.552713748283655e-13,pivot_g2,0.05,57,6dc2339dac10d593477aec67bd71434797c5c109e9cfd86667a23a364c1ff631,2.7999999850988404,0,0,[],0,0,0,none,0,0,0.0,200,0,57,0,{},0.000139103,adaptive,0.05,0,0,SmacHybrid,fb5e7bfdeb5aa383328471496105b03e8f73cbe5f2dacc1215f915c2b865d4a1,57,a4d1cfe3d0d2ef3ca030be4f39bfc00aa24f7ca822c96c772bd7ae85f111a00e,0,1,upper_open_short,True,5.377133488725522e-26,3.552713748283655e-13,2.7999999850988404,1,0.006174638999709714
0.0,4.3693396720305134e-13,6.5949659511233e-08,1.4422880113083222e-08,,0.5146446686094759,0.5146446686094757,0.5146446686094757,0,69,5.37713e-26,0,0,True,2.14966e-11,0,True,simple_default,simple,4.36934e-13,0,True,1.8616487906798348e-06,adaptive_hybrid_fixed,0.05,35,5f3ec3f8a983708cd155b3d551aa30c5e03b94d743c12518c40a983cece86a30,2.799999985098854,,,,,,,,,0,0.0,,,,,,,,,0,,SmacHybrid,fb5e7bfdeb5aa383328471496105b03e8f73cbe5f2dacc1215f915c2b865d4a1,57,a4d1cfe3d0d2ef3ca030be4f39bfc00aa24f7ca822c96c772bd7ae85f111a00e,0,1,upper_open_short,True,4.3693396720305134e-13,1.8616487906798348e-06,2.799999985098854,1,0.006249381000088761
0.0,4.3693396720305134e-13,6.5949659511233e-08,1.4422880113083222e-08,,0.5146446686094759,0.5146446686094757,0.5146446686094757,0,69,5.37713e-26,0,0,True,2.14966e-11,0,True,simple_default,simple,4.36934e-13,0,True,1.8616487906798348e-06,adaptive_hybrid,0.05,35,5f3ec3f8a983708cd155b3d551aa30c5e03b94d743c12518c40a983cece86a30,2.799999985098854,,,,,,,,,0,0.0,,,,,,,,,0,,SmacHybrid,fb5e7bfdeb5aa383328471496105b03e8f73cbe5f2dacc1215f915c2b865d4a1,57,a4d1cfe3d0d2ef3ca030be4f39bfc00aa24f7ca822c96c772bd7ae85f111a00e,0,1,upper_open_short,True,4.3693396720305134e-13,1.8616487906798348e-06,2.799999985098854,1,0.006208502999925258
0.003,7.565866303795943,2.220446049250313e-16,6.548792821689085e-17,,0.500911288479368,0.25619225950049973,0.25619225950049973,0,131,,,,,,,,,,,,,4.491444724493594,raw,0.05,57,9755bb5ede4d1876325f4fd8eb575b70ee17b32438bdab6851078246e353b63a,4.761273722581424,,,,,,,,,0,0.0,,,,,,,,,0,,SmacHybrid,626e096b23ca4005616a277c6b580ddbf357228f3d32ac49ccc0b3ef669a1c62,97,9755bb5ede4d1876325f4fd8eb575b70ee17b32438bdab6851078246e353b63a,0,1,lower_left_diagonal,True,7.565866303795943,4.491444724493594,4.761273722581424,1,0.004022416000225348
0.0,2.0751398416813305,0.044784510266099475,0.021809424170841665,,0.4911692850050221,0.2146446641391273,0.23390290478282266,0,116,,,,,,,,,,,,,1.6545131181874015,simple,0.05,57,d0b2215cd28f4e53fb2962fe60b79d61f7d37b375a5ec3133943fe709b8510c6,4.679846008721166,,,,,,,,,0,0.0,,,,,,,,,0,,SmacHybrid,626e096b23ca4005616a277c6b580ddbf357228f3d32ac49ccc0b3ef669a1c62,95,9755bb5ede4d1876325f4fd8eb575b70ee17b32438bdab6851078246e353b63a,0,1,lower_left_diagonal,True,2.0751398416813305,1.6545131181874015,4.679846008721166,1,0.0068167700001140474
0.0,4.187481126875243,0.012059506323293015,0.0036692408654778346,,0.501023208226131,0.2474873771031409,0.26563515847069435,0,116,,,,,,,,,,,,,3.403448839245515,savitzky_golay,0.05,57,55adebb11ec06ddc63e8275a939884f01be6d02318b8fd6a1ce2ab9bea08a530,4.748643992829,,,,,,,,,0,0.0,,,,,,,,,0,,SmacHybrid,626e096b23ca4005616a277c6b580ddbf357228f3d32ac49ccc0b3ef669a1c62,96,9755bb5ede4d1876325f4fd8eb575b70ee17b32438bdab6851078246e353b63a,0,1,lower_left_diagonal,True,4.187481126875243,3.403448839245515,4.748643992829,1,0.0070899249999456515
0.003,5.306446812536297,0.013946143166860138,0.004881895801685339,,0.5020583745899916,0.25619225950049973,0.2808724311428359,0,117,,,,,,,,,,,,,3.6106929050829026,constrained,0.05,57,503233cbf769b7da688c442a0af0cc269433885b5b62114b2467945a4235541e,4.76441787637467,,,,,,,,,0,0.0,,,,,,,,,0,,SmacHybrid,626e096b23ca4005616a277c6b580ddbf357228f3d32ac49ccc0b3ef669a1c62,97,9755bb5ede4d1876325f4fd8eb575b70ee17b32438bdab6851078246e353b63a,0,1,lower_left_diagonal,True,5.306446812536297,3.6106929050829026,4.76441787637467,1,0.006223204999969312
0.009000000000000001,6.26162570316865,0.009918213769909315,0.0026125889014224787,,0.47598881363196704,0.25619225950049973,0.25619225950049973,0,415,,,,,,,,,,,,,3.2649858141433326,pivot_g2_fixed,0.05,414,a60580a00359b5f0829c7c568db4b981f5ff5e3785b0d42ec35b39b403a1ed6e,4.758488982563604,0,65,"[{'index': 0, 'radius_min': 0, 'radius_max': 0, 'trim_min': 0, 'trim_max': 0, 'evaluations': 9, 'safe_feasible': 2, 'states': 0, 'selected_radius': 0.3, 'selected_trim': 0.0394956, 'selected_score': 1}, {'index': 1, 'radius_min': 0, 'radius_max': 0, 'trim_min': 0, 'trim_max': 0, 'evaluations': 9, 'safe_feasible': 3, 'states': 0, 'selected_radius': 0.6, 'selected_trim': 0.0393262, 'selected_score': 0.919188}, {'index': 2, 'radius_min': 0, 'radius_max': 0, 'trim_min': 0, 'trim_max': 0, 'evaluations': 9, 'safe_feasible': 4, 'states': 0, 'selected_radius': 0.75, 'selected_trim': 0.0327457, 'selected_score': 0.953781}, {'index': 3, 'radius_min': 0, 'radius_max': 0, 'trim_min': 0, 'trim_max': 0, 'evaluations': 9, 'safe_feasible': 3, 'states': 0, 'selected_radius': 0.6, 'selected_trim': 0.0393261, 'selected_score': 0.919188}, {'index': 4, 'radius_min': 0, 'radius_max': 0, 'trim_min': 0, 'trim_max': 0, 'evaluations': 9, 'safe_feasible': 6, 'states': 0, 'selected_radius': 1.25, 'selected_trim': 0.0819292, 'selected_score': 0.97887}, {'index': 5, 'radius_min': 0, 'radius_max': 0, 'trim_min': 0, 'trim_max': 0, 'evaluations': 9, 'safe_feasible': 4, 'states': 0, 'selected_radius': 0.75, 'selected_trim': 0.0327457, 'selected_score': 0.953781}, {'index': 6, 'radius_min': 0, 'radius_max': 0, 'trim_min': 0, 'trim_max': 0, 'evaluations': 9, 'safe_feasible': 2, 'states': 0, 'selected_radius': 0.3, 'selected_trim': 0.0262466, 'selected_score': 1}, {'index': 7, 'radius_min': 0, 'radius_max': 0, 'trim_min': 0, 'trim_max': 0, 'evaluations': 9, 'safe_feasible': 2, 'states': 0, 'selected_radius': 0.3, 'selected_trim': 0.0262465, 'selected_score': 1}, {'index': 8, 'radius_min': 0, 'radius_max': 0, 'trim_min': 0, 'trim_max': 0, 'evaluations': 9, 'safe_feasible': 4, 'states': 0, 'selected_radius': 0.75, 'selected_trim': 0.0327459, 'selected_score': 0.80378}, {'index': 9, 'radius_min': 0, 'radius_max': 0, 'trim_min': 0, 'trim_max': 0, 'evaluations': 9, 'safe_feasible': 3, 'states': 0, 'selected_radius': 0.5, 'selected_trim': 0.0327715, 'selected_score': 0.825}, {'index': 10, 'radius_min': 0, 'radius_max': 0, 'trim_min': 0, 'trim_max': 0, 'evaluations': 9, 'safe_feasible': 2, 'states': 0, 'selected_radius': 0.3, 'selected_trim': 0.039496, 'selected_score': 1}, {'index': 11, 'radius_min': 0, 'radius_max': 0, 'trim_min': 0, 'trim_max': 0, 'evaluations': 9, 'safe_feasible': 5, 'states': 0, 'selected_radius': 1, 'selected_trim': 0.0400165, 'selected_score': 0.819302}, {'index': 12, 'radius_min': 0, 'radius_max': 0, 'trim_min': 0, 'trim_max': 0, 'evaluations': 9, 'safe_feasible': 4, 'states': 0, 'selected_radius': 0.75, 'selected_trim': 0.0354805, 'selected_score': 0.949698}, {'index': 13, 'radius_min': 0, 'radius_max': 0, 'trim_min': 0, 'trim_max': 0, 'evaluations': 9, 'safe_feasible': 3, 'states': 0, 'selected_radius': 0.6, 'selected_trim': 0.0393249, 'selected_score': 0.91919}, {'index': 14, 'radius_min': 0, 'radius_max': 0, 'trim_min': 0, 'trim_max': 0, 'evaluations': 9, 'safe_feasible': 6, 'states': 0, 'selected_radius': 1.25, 'selected_trim': 0.0819308, 'selected_score': 0.978865}, {'index': 15, 'radius_min': 0, 'radius_max': 0, 'trim_min': 0, 'trim_max': 0, 'evaluations': 9, 'safe_feasible': 3, 'states': 0, 'selected_radius': 0.6, 'selected_trim': 0.0393263, 'selected_score': 0.919188}, {'index': 16, 'radius_min': 0, 'radius_max': 0, 'trim_min': 0, 'trim_max': 0, 'evaluations': 9, 'safe_feasible': 2, 'states': 0, 'selected_radius': 0.3, 'selected_trim': 0.0386497, 'selected_score': 1}, {'index': 17, 'radius_min': 0, 'radius_max': 0, 'trim_min': 0, 'trim_max': 0, 'evaluations': 9, 'safe_feasible': 1, 'states': 0, 'selected_radius': 0.2, 'selected_trim': 0.0149572, 'selected_score': 1}, {'index': 18, 'radius_min': 0, 'radius_max': 0, 'trim_min': 0, 'trim_max': 0, 'evaluations': 9, 'safe_feasible': 2, 'states': 0, 'selected_radius': 0.3, 'selected_trim': 0.030872, 'selected_score': 1}, {'index': 19, 'radius_min': 0, 'radius_max': 0, 'trim_min': 0, 'trim_max': 0, 'evaluations': 9, 'safe_feasible': 2, 'states': 0, 'selected_radius': 0.3, 'selected_trim': 0.0308725, 'selected_score': 1}, {'index': 20, 'radius_min': 0, 'radius_max': 0, 'trim_min': 0, 'trim_max': 0, 'evaluations': 9, 'safe_feasible': 2, 'states': 0, 'selected_radius': 0.3, 'selected_trim': 0.030872, 'selected_score': 1}]",21,0,189,none,21,0,0.0,200,0.949516,414,0,"{'angular acceleration iteration did not converge': 28, 'transition would overlap an adjacent corner window': 96}",0.00738258,fixed,0.05,0,65,SmacHybrid,626e096b23ca4005616a277c6b580ddbf357228f3d32ac49ccc0b3ef669a1c62,97,9755bb5ede4d1876325f4fd8eb575b70ee17b32438bdab6851078246e353b63a,0,1,lower_left_diagonal,True,6.26162570316865,3.2649858141433326,4.758488982563604,1,0.025338205000025482
,,,,"smoothing failed: status=6, code=504, message=''",,,,,,,,,,,,,,,,,,,pivot_g2,,,,,,,,,,,,,,,,,,,,,,,,,SmacHybrid,626e096b23ca4005616a277c6b580ddbf357228f3d32ac49ccc0b3ef669a1c62,,9755bb5ede4d1876325f4fd8eb575b70ee17b32438bdab6851078246e353b63a,0,1,lower_left_diagonal,False,,,,,
0.009000000000000001,2.0751398416813305,0.044784510266099475,0.021809424170841665,,0.4911692850050221,0.2146446641391273,0.23390290478282266,0,116,6.26163,0,161,True,7.56587,161,True,simple_default,simple,2.07514,177,True,1.6545131181874015,adaptive_hybrid_fixed,0.05,57,d0b2215cd28f4e53fb2962fe60b79d61f7d37b375a5ec3133943fe709b8510c6,4.679846008721166,,,,,,,,,0,0.0,,,,,,,,,0,,SmacHybrid,626e096b23ca4005616a277c6b580ddbf357228f3d32ac49ccc0b3ef669a1c62,95,9755bb5ede4d1876325f4fd8eb575b70ee17b32438bdab6851078246e353b63a,0,1,lower_left_diagonal,True,2.0751398416813305,1.6545131181874015,4.679846008721166,1,0.009904888000164647
0.012,2.0751398416813305,0.044784510266099475,0.021809424170841665,,0.4911692850050221,0.2146446641391273,0.23390290478282266,0,116,,0,,False,7.56587,161,True,pivot_unsafe,simple,2.07514,177,True,1.6545131181874015,adaptive_hybrid,0.05,57,d0b2215cd28f4e53fb2962fe60b79d61f7d37b375a5ec3133943fe709b8510c6,4.679846008721166,,,,,,,,,0,0.0,,,,,,,,,0,,SmacHybrid,626e096b23ca4005616a277c6b580ddbf357228f3d32ac49ccc0b3ef669a1c62,95,9755bb5ede4d1876325f4fd8eb575b70ee17b32438bdab6851078246e353b63a,0,1,lower_left_diagonal,True,2.0751398416813305,1.6545131181874015,4.679846008721166,1,0.01425538300009066
