algorithm_time_s,curvature_energy_1pm,deviation_max_m,deviation_rmse_m,error,footprint_clearance_mean_m,footprint_clearance_min_m,footprint_clearance_p05_m,footprint_collision_sample_count,footprint_pose_sample_count,hybrid_pivot_energy,hybrid_pivot_markers,hybrid_pivot_max_cost,hybrid_pivot_safe,hybrid_raw_energy,hybrid_raw_max_cost,hybrid_raw_safe,hybrid_reason,hybrid_selected,hybrid_simple_energy,hybrid_simple_max_cost,hybrid_simple_safe,max_abs_curvature_1pm,method,metric_spacing_m,native_point_count,output_path_sha256,path_length_m,pivot_compatible_edges,pivot_competitive_candidates,pivot_conditioned_polyline,pivot_conditioning_input_points,pivot_conditioning_max_deviation,pivot_conditioning_observed_deviation,pivot_conditioning_oscillation_deviation,pivot_conditioning_oscillation_shortcuts,pivot_conditioning_output_points,pivot_conditioning_safety_rejections,pivot_conditioning_shortcuts,pivot_corner_search,pivot_corners,pivot_dp_states,pivot_evaluations,pivot_fallback,pivot_g2_transitions,pivot_marker_count,pivot_max_angle_rad,pivot_max_footprint_cost,pivot_mean_transition_score,pivot_output_points,pivot_pivots,pivot_rejections,pivot_runtime_s,pivot_search_mode,pivot_segment_margin,pivot_selected_stitch_rejection,pivot_total_angle_rad,pivot_valid_candidates,planner,planner_output_path_sha256,point_count,raw_path_sha256,removed_duplicate_pose_count,repetition,scenario,success,translation_curvature_energy_1pm,translation_max_abs_curvature_1pm,translation_path_length_m,translation_segment_count,wall_time_s
0.0,101.8821277049117,4.440892098500626e-16,6.036540181301671e-17,,0.5540168380510849,0.16464466339406925,0.2146446641391273,0,254,,,,,,,,,,,,,21.85241000672994,raw,0.05,249,21cc4cb48fb433bf5f1bb579c9f7d7f4a485f0047a020c6f4d7fd226f3f7d849,6.207132352223753,,,,,,,,,,,,,,,,,,0,0.0,,,,,,,,,,0,,NavFnAStar,21cc4cb48fb433bf5f1bb579c9f7d7f4a485f0047a020c6f4d7fd226f3f7d849,126,21cc4cb48fb433bf5f1bb579c9f7d7f4a485f0047a020c6f4d7fd226f3f7d849,0,1,horizontal_rack_detour,True,101.8821277049117,21.85241000672994,6.207132352223753,1,0.004788539999935892
0.0,7.475682098443688,0.015481684015920405,0.003930933609591634,,0.52876935926301,0.25619225950049973,0.25619225950049973,0,259,,,,,,,,,,,,,4.808838692059182,simple,0.05,249,b3357ab09915ca7ac5ed353eec9dda1d0c2222dcb10739317dd6662dd39ab5a2,6.140585471679679,,,,,,,,,,,,,,,,,,0,0.0,,,,,,,,,,0,,NavFnAStar,21cc4cb48fb433bf5f1bb579c9f7d7f4a485f0047a020c6f4d7fd226f3f7d849,124,21cc4cb48fb433bf5f1bb579c9f7d7f4a485f0047a020c6f4d7fd226f3f7d849,0,1,horizontal_rack_detour,True,7.475682098443688,4.808838692059182,6.140585471679679,1,0.0066462320000937325
0.0,33.61699913609234,0.007370372294872326,0.001766181143558224,,0.49642064551284015,0.2146446641391273,0.23390290478282266,0,300,,,,,,,,,,,,,10.101780757798043,savitzky_golay,0.05,249,5f753bef74a3484a17ccd2fcf1abd99fcf71a5c04078bb3a9518476706a1e2a8,6.174361094394669,,,,,,,,,,,,,,,,,,0,0.0,,,,,,,,,,0,,NavFnAStar,21cc4cb48fb433bf5f1bb579c9f7d7f4a485f0047a020c6f4d7fd226f3f7d849,125,21cc4cb48fb433bf5f1bb579c9f7d7f4a485f0047a020c6f4d7fd226f3f7d849,0,1,horizontal_rack_detour,True,33.61699913609234,10.101780757798043,6.174361094394669,1,0.007217371000024286
0.015000000000000001,58.363768604723475,0.006082740208934133,0.0014233319490770887,,0.48716942541053976,0.16464466339406925,0.23390290478282266,0,317,,,,,,,,,,,,,15.849721612495127,constrained,0.05,249,1767a72232186a3c5ef4ed44f7c03ef78695c85134409ebf8ea855e690f016e0,6.193397945942236,,,,,,,,,,,,,,,,,,0,0.0,,,,,,,,,,0,,NavFnAStar,21cc4cb48fb433bf5f1bb579c9f7d7f4a485f0047a020c6f4d7fd226f3f7d849,126,21cc4cb48fb433bf5f1bb579c9f7d7f4a485f0047a020c6f4d7fd226f3f7d849,0,1,horizontal_rack_detour,True,58.363768604723475,15.849721612495127,6.193397945942236,1,0.019505755999944085
0.003,3.474145943271054,0.04725785816145316,0.02101727534971074,,0.4819908446202832,0.2474873771031409,0.2474873771031409,0,222,,,,,,,,,,,,,2.9357795342790665,pivot_g2_fixed,0.05,216,869a71dd88fdeeb0147ac6e7b64e3d087e3e984306ac7b65927186151c64c950,6.112425490256758,0,23,"[[8.9407e-08, -2.8], [0.667371, -2.7057], [2.79968, -2.07814], [4.01734, -2.00095], [4.31815, -1.7077], [4.57608, -0.568177], [4.8, -0.2]]",249,0.075,0.0600051,0.15,0,7,0,6,"[{'index': 0, 'x': 0.667371, 'y': -2.7057, 'turn_angle': 0.145856, 'incoming_length': 0.674, 'outgoing_length': 2.22274, 'pivot_safe': True, 'radius_min': 0, 'radius_max': 0, 'trim_min': 0, 'trim_max': 0, 'evaluations': 9, 'safe_feasible': 7, 'states': 0, 'selected_radius': 1.5, 'selected_trim': 0.109586, 'selected_score': 1}, {'index': 1, 'x': 2.79968, 'y': -2.07814, 'turn_angle': -0.22292, 'incoming_length': 2.22274, 'outgoing_length': 1.22011, 'pivot_safe': True, 'radius_min': 0, 'radius_max': 0, 'trim_min': 0, 'trim_max': 0, 'evaluations': 9, 'safe_feasible': 8, 'states': 0, 'selected_radius': 1.5, 'selected_trim': 0.167886, 'selected_score': 1}, {'index': 2, 'x': 4.01734, 'y': -2.00095, 'turn_angle': 0.709384, 'incoming_length': 1.22011, 'outgoing_length': 0.420094, 'pivot_safe': True, 'radius_min': 0, 'radius_max': 0, 'trim_min': 0, 'trim_max': 0, 'evaluations': 9, 'safe_feasible': 3, 'states': 0, 'selected_radius': 0.4, 'selected_trim': 0.148142, 'selected_score': 0.9}, {'index': 3, 'x': 4.31815, 'y': -1.7077, 'turn_angle': 0.575503, 'incoming_length': 0.420094, 'outgoing_length': 1.16835, 'pivot_safe': True, 'radius_min': 0, 'radius_max': 0, 'trim_min': 0, 'trim_max': 0, 'evaluations': 9, 'safe_feasible': 4, 'states': 0, 'selected_radius': 0.6, 'selected_trim': 0.177579, 'selected_score': 1}, {'index': 4, 'x': 4.57608, 'y': -0.568177, 'turn_angle': -0.323815, 'incoming_length': 1.16835, 'outgoing_length': 0.430923, 'pivot_safe': True, 'radius_min': 0, 'radius_max': 0, 'trim_min': 0, 'trim_max': 0, 'evaluations': 9, 'safe_feasible': 6, 'states': 0, 'selected_radius': 0.75, 'selected_trim': 0.122503, 'selected_score': 0.876693}]",5,0,45,none,5,0,0.0,200,0.955339,216,0,"{'angular acceleration iteration did not converge': 6, 'transition would overlap an adjacent corner window': 11}",0.00367505,fixed,0.05,transition_profile_3_angular acceleration iteration did not converge,0,28,NavFnAStar,21cc4cb48fb433bf5f1bb579c9f7d7f4a485f0047a020c6f4d7fd226f3f7d849,124,21cc4cb48fb433bf5f1bb579c9f7d7f4a485f0047a020c6f4d7fd226f3f7d849,0,1,horizontal_rack_detour,True,3.474145943271054,2.9357795342790665,6.112425490256758,1,0.008910259999993286
0.009000000000000001,5.401694068385208,0.047257858161452726,0.021029678515843763,,0.4977649525795521,0.2474873771031409,0.25619225950049973,0,238,,,,,,,,,,,,,4.630746255827845,pivot_g2,0.05,232,62a10600a5c1cfc3ff34deb0725a546b865f3314232d504112f60b8a3b72fa8c,6.119649643948577,112,80,"[[8.9407e-08, -2.8], [0.667371, -2.7057], [2.79968, -2.07814], [4.01734, -2.00095], [4.31815, -1.7077], [4.57608, -0.568177], [4.8, -0.2]]",249,0.075,0.0600051,0.15,0,7,0,6,"[{'index': 0, 'x': 0.667371, 'y': -2.7057, 'turn_angle': 0.145856, 'incoming_length': 0.674, 'outgoing_length': 2.22274, 'pivot_safe': True, 'radius_min': 0.1, 'radius_max': 1.5, 'trim_min': 0.00730574, 'trim_max': 0.109586, 'evaluations': 20, 'safe_feasible': 17, 'states': 6, 'selected_radius': 1.5, 'selected_trim': 0.109586, 'selected_score': 0.0976242}, {'index': 1, 'x': 2.79968, 'y': -2.07814, 'turn_angle': -0.22292, 'incoming_length': 2.22274, 'outgoing_length': 1.22011, 'pivot_safe': True, 'radius_min': 0.1, 'radius_max': 1.5, 'trim_min': 0.0111924, 'trim_max': 0.167886, 'evaluations': 20, 'safe_feasible': 17, 'states': 6, 'selected_radius': 1.5, 'selected_trim': 0.167886, 'selected_score': 0.181684}, {'index': 2, 'x': 4.01734, 'y': -2.00095, 'turn_angle': 0.709384, 'incoming_length': 1.22011, 'outgoing_length': 0.420094, 'pivot_safe': True, 'radius_min': 0.1, 'radius_max': 1.1343, 'trim_min': 0.0370355, 'trim_max': 0.420094, 'evaluations': 20, 'safe_feasible': 18, 'states': 6, 'selected_radius': 0.255145, 'selected_trim': 0.0944943, 'selected_score': 0.723532}, {'index': 3, 'x': 4.31815, 'y': -1.7077, 'turn_angle': 0.575503, 'incoming_length': 0.420094, 'outgoing_length': 1.16835, 'pivot_safe': True, 'radius_min': 0.1, 'radius_max': 1.4194, 'trim_min': 0.0295966, 'trim_max': 0.420094, 'evaluations': 20, 'safe_feasible': 15, 'states': 6, 'selected_radius': 0.23194, 'selected_trim': 0.0686463, 'selected_score': 0.703663}, {'index': 4, 'x': 4.57608, 'y': -0.568177, 'turn_angle': -0.323815, 'incoming_length': 1.16835, 'outgoing_length': 0.430923, 'pivot_safe': True, 'radius_min': 0.1, 'radius_max': 1.5, 'trim_min': 0.0163337, 'trim_max': 0.245006, 'evaluations': 20, 'safe_feasible': 17, 'states': 6, 'selected_radius': 1.5, 'selected_trim': 0.245006, 'selected_score': 0.219674}]",5,30,100,none,5,0,0.0,200,0.385235,232,0,"{'angular acceleration iteration did not converge': 9, 'transition requires a reversing inner wheel': 7}",0.0078309,adaptive,0.05,,0,84,NavFnAStar,21cc4cb48fb433bf5f1bb579c9f7d7f4a485f0047a020c6f4d7fd226f3f7d849,124,21cc4cb48fb433bf5f1bb579c9f7d7f4a485f0047a020c6f4d7fd226f3f7d849,0,1,horizontal_rack_detour,True,5.401694068385208,4.630746255827845,6.119649643948577,1,0.01283495200004836
0.006,7.475682098443688,0.015481684015920405,0.003930933609591634,,0.52876935926301,0.25619225950049973,0.25619225950049973,0,259,3.47415,0,173,True,101.882,251,True,simple_default,simple,7.47568,177,True,4.808838692059182,adaptive_hybrid_fixed,0.05,249,b3357ab09915ca7ac5ed353eec9dda1d0c2222dcb10739317dd6662dd39ab5a2,6.140585471679679,,,,,,,,,,,,,,,,,,0,0.0,,,,,,,,,,0,,NavFnAStar,21cc4cb48fb433bf5f1bb579c9f7d7f4a485f0047a020c6f4d7fd226f3f7d849,124,21cc4cb48fb433bf5f1bb579c9f7d7f4a485f0047a020c6f4d7fd226f3f7d849,0,1,horizontal_rack_detour,True,7.475682098443688,4.808838692059182,6.140585471679679,1,0.013787570999738819
0.009000000000000001,7.475682098443688,0.015481684015920405,0.003930933609591634,,0.52876935926301,0.25619225950049973,0.25619225950049973,0,259,5.40169,0,161,True,101.882,251,True,simple_default,simple,7.47568,177,True,4.808838692059182,adaptive_hybrid,0.05,249,b3357ab09915ca7ac5ed353eec9dda1d0c2222dcb10739317dd6662dd39ab5a2,6.140585471679679,,,,,,,,,,,,,,,,,,0,0.0,,,,,,,,,,0,,NavFnAStar,21cc4cb48fb433bf5f1bb579c9f7d7f4a485f0047a020c6f4d7fd226f3f7d849,124,21cc4cb48fb433bf5f1bb579c9f7d7f4a485f0047a020c6f4d7fd226f3f7d849,0,1,horizontal_rack_detour,True,7.475682098443688,4.808838692059182,6.140585471679679,1,0.01655124099988825
0.0,56.016010192764995,1.942890293094024e-16,3.8591318507370155e-17,,0.29235103655850236,0.16464466339406925,0.18825146149581692,0,207,,,,,,,,,,,,,13.692591494588108,raw,0.05,178,f331278ef43395ecaca1280fe38872eca72707a9417dfaa7b4a19cb5a26da4e0,4.898626163389801,,,,,,,,,,,,,,,,,,0,0.0,,,,,,,,,,0,,NavFnAStar,f331278ef43395ecaca1280fe38872eca72707a9417dfaa7b4a19cb5a26da4e0,100,f331278ef43395ecaca1280fe38872eca72707a9417dfaa7b4a19cb5a26da4e0,0,1,right_rack_detour,True,56.016010192764995,13.692591494588108,4.898626163389801,1,0.0035498559996085532
0.0,5.491401303557697,0.0186117063050145,0.0042922432239772415,,0.32301133695904144,0.23390290478282266,0.25619225950049973,0,183,,,,,,,,,,,,,5.439491190921189,simple,0.05,178,549c18a11b4512e18df9f853a4ef7d0ed70655f10e2a6e728ff597427b62fa8b,4.854328330903376,,,,,,,,,,,,,,,,,,0,0.0,,,,,,,,,,0,,NavFnAStar,f331278ef43395ecaca1280fe38872eca72707a9417dfaa7b4a19cb5a26da4e0,99,f331278ef43395ecaca1280fe38872eca72707a9417dfaa7b4a19cb5a26da4e0,0,1,right_rack_detour,True,5.491401303557697,5.439491190921189,4.854328330903376,1,0.005330251000032149
0.0,25.41725570177771,0.006796336807282287,0.0018544173596532797,,0.3139411414730576,0.2146446641391273,0.23390290478282266,0,222,,,,,,,,,,,,,9.263667605753264,savitzky_golay,0.05,178,5fec2e6a6bf48c290fb4fba8d7d179502759808917945b1bbab28f223707e214,4.8808198281131165,,,,,,,,,,,,,,,,,,0,0.0,,,,,,,,,,0,,NavFnAStar,f331278ef43395ecaca1280fe38872eca72707a9417dfaa7b4a19cb5a26da4e0,99,f331278ef43395ecaca1280fe38872eca72707a9417dfaa7b4a19cb5a26da4e0,0,1,right_rack_detour,True,25.41725570177771,9.263667605753264,4.8808198281131165,1,0.0045454860000972985
0.012,33.51230520289778,0.02145312925910048,0.009114455385845125,,0.3152152046548254,0.2146446641391273,0.23390290478282266,0,226,,,,,,,,,,,,,10.29485625071809,constrained,0.05,178,7a3d62b031ed52ee6b2db79f53653d67c14dd0712b86b3c65d6071638559badf,4.896609682882566,,,,,,,,,,,,,,,,,,0,0.0,,,,,,,,,,0,,NavFnAStar,f331278ef43395ecaca1280fe38872eca72707a9417dfaa7b4a19cb5a26da4e0,100,f331278ef43395ecaca1280fe38872eca72707a9417dfaa7b4a19cb5a26da4e0,0,1,right_rack_detour,True,33.51230520289778,10.29485625071809,4.896609682882566,1,0.018317813000066963
0.0,2.875611189110475,0.06112591406204797,0.029377459301420224,,0.31171929131901016,0.2146446641391273,0.2146446641391273,0,158,,,,,,,,,,,,,2.4682024954722674,pivot_g2_fixed,0.05,153,effc7ebe98d22807f21a9ee2a55d59c17a3c0ae3ad4165bd90a0e769fedbfdb2,4.7967145419340715,0,8,"[[3.2, 5.96046e-08], [4.48609, -0.0635921], [4.98736, 0.234436], [5.2, 3.2]]",178,0.075,0.0665025,0.15,0,4,0,3,"[{'index': 0, 'x': 4.48609, 'y': -0.0635921, 'turn_angle': 0.585801, 'incoming_length': 1.28766, 'outgoing_length': 0.583178, 'pivot_safe': True, 'radius_min': 0, 'radius_max': 0, 'trim_min': 0, 'trim_max': 0, 'evaluations': 9, 'safe_feasible': 6, 'states': 0, 'selected_radius': 0.75, 'selected_trim': 0.226181, 'selected_score': 0.995574}, {'index': 1, 'x': 4.98736, 'y': 0.234436, 'turn_angle': 0.962822, 'incoming_length': 0.583178, 'outgoing_length': 2.97318, 'pivot_safe': True, 'radius_min': 0, 'radius_max': 0, 'trim_min': 0, 'trim_max': 0, 'evaluations': 9, 'safe_feasible': 4, 'states': 0, 'selected_radius': 0.5, 'selected_trim': 0.261203, 'selected_score': 0.85}]",2,0,18,none,2,0,0.0,200,0.922787,153,0,{'transition would overlap an adjacent corner window': 8},0.00137075,fixed,0.05,,0,10,NavFnAStar,f331278ef43395ecaca1280fe38872eca72707a9417dfaa7b4a19cb5a26da4e0,97,f331278ef43395ecaca1280fe38872eca72707a9417dfaa7b4a19cb5a26da4e0,0,1,right_rack_detour,True,2.875611189110475,2.4682024954722674,4.7967145419340715,1,0.007179426999755378
0.006,16.504403517753108,0.06862738674600091,0.030108094966378597,,0.30751171801612737,0.2146446641391273,0.2146446641391273,0,190,,,,,,,,,,,,,18.006473813341078,pivot_g2,0.05,174,d0c5720c5cfc636b1afc59f9ab5e3e3062ca0712c8c6bd0c5c13b2b762193f4a,4.819884288675169,8,31,"[[3.2, 5.96046e-08], [4.48609, -0.0635921], [4.98736, 0.234436], [5.2, 3.2]]",178,0.075,0.0665025,0.15,0,4,0,3,"[{'index': 0, 'x': 4.48609, 'y': -0.0635921, 'turn_angle': 0.585801, 'incoming_length': 1.28766, 'outgoing_length': 0.583178, 'pivot_safe': True, 'radius_min': 0.1, 'radius_max': 1.5, 'trim_min': 0.0301574, 'trim_max': 0.452361, 'evaluations': 20, 'safe_feasible': 18, 'states': 6, 'selected_radius': 1.5, 'selected_trim': 0.452361, 'selected_score': 0.347142}, {'index': 1, 'x': 4.98736, 'y': 0.234436, 'turn_angle': 0.962822, 'incoming_length': 0.583178, 'outgoing_length': 2.97318, 'pivot_safe': True, 'radius_min': 0.1, 'radius_max': 1.11633, 'trim_min': 0.0522406, 'trim_max': 0.583178, 'evaluations': 20, 'safe_feasible': 18, 'states': 6, 'selected_radius': 0, 'selected_trim': 0, 'selected_score': 0}]",2,12,40,none,1,1,0.9628223612237138,200,0.347142,174,1,{'transition requires a reversing inner wheel': 4},0.0061266,adaptive,0.05,,0.9628223612237138,36,NavFnAStar,f331278ef43395ecaca1280fe38872eca72707a9417dfaa7b4a19cb5a26da4e0,98,f331278ef43395ecaca1280fe38872eca72707a9417dfaa7b4a19cb5a26da4e0,0,1,right_rack_detour,True,0.41677727223251965,0.7847711452864021,4.820833741707913,2,0.011116292000224348
0.0,5.491401303557697,0.0186117063050145,0.0042922432239772415,,0.32301133695904144,0.23390290478282266,0.25619225950049973,0,183,2.87561,0,202,True,56.016,251,True,simple_default,simple,5.4914,173,True,5.439491190921189,adaptive_hybrid_fixed,0.05,178,549c18a11b4512e18df9f853a4ef7d0ed70655f10e2a6e728ff597427b62fa8b,4.854328330903376,,,,,,,,,,,,,,,,,,0,0.0,,,,,,,,,,0,,NavFnAStar,f331278ef43395ecaca1280fe38872eca72707a9417dfaa7b4a19cb5a26da4e0,99,f331278ef43395ecaca1280fe38872eca72707a9417dfaa7b4a19cb5a26da4e0,0,1,right_rack_detour,True,5.491401303557697,5.439491190921189,4.854328330903376,1,0.006506984000225202
0.009000000000000001,5.491401303557697,0.0186117063050145,0.0042922432239772415,,0.32301133695904144,0.23390290478282266,0.25619225950049973,0,183,0.416777,1,177,True,56.016,251,True,simple_default,simple,5.4914,173,True,5.439491190921189,adaptive_hybrid,0.05,178,549c18a11b4512e18df9f853a4ef7d0ed70655f10e2a6e728ff597427b62fa8b,4.854328330903376,,,,,,,,,,,,,,,,,,0,0.0,,,,,,,,,,0,,NavFnAStar,f331278ef43395ecaca1280fe38872eca72707a9417dfaa7b4a19cb5a26da4e0,99,f331278ef43395ecaca1280fe38872eca72707a9417dfaa7b4a19cb5a26da4e0,0,1,right_rack_detour,True,5.491401303557697,5.439491190921189,4.854328330903376,1,0.012526674000127969
0.0,114.07799230932281,8.881784197001252e-16,7.708158140919718e-17,,0.4430888234586087,0.16464466339406925,0.21959563989254183,0,577,,,,,,,,,,,,,22.591838124856753,raw,0.05,540,9ab5a12616d2fcfe13be7a0fecac429b73c24365334ad2b02febe3564f8b6f08,13.80360216769975,,,,,,,,,,,,,,,,,,0,0.0,,,,,,,,,,0,,NavFnAStar,9ab5a12616d2fcfe13be7a0fecac429b73c24365334ad2b02febe3564f8b6f08,278,9ab5a12616d2fcfe13be7a0fecac429b73c24365334ad2b02febe3564f8b6f08,0,1,long_northeast_to_southwest,True,114.07799230932281,22.591838124856753,13.80360216769975,1,0.008559992999835231
0.0,10.194391959485596,0.023299547750957137,0.004034823867096978,,0.42606444271849353,0.11464466264901119,0.2808724311428359,0,550,,,,,,,,,,,,,4.631502616760801,simple,0.05,540,c1c04dc57b73064775fbe1d86e336cc4afe25c0911e5173959fde1156a5dd5c2,13.710610734921937,,,,,,,,,,,,,,,,,,0,0.0,,,,,,,,,,0,,NavFnAStar,9ab5a12616d2fcfe13be7a0fecac429b73c24365334ad2b02febe3564f8b6f08,276,9ab5a12616d2fcfe13be7a0fecac429b73c24365334ad2b02febe3564f8b6f08,0,1,long_northeast_to_southwest,True,10.194391959485596,4.631502616760801,13.710610734921937,1,0.012212216000079934
0.0,28.72118835875235,0.015350859228751589,0.0018512917965033868,,0.42293845545576375,0.11464466264901119,0.26878279146075923,0,582,,,,,,,,,,,,,8.142421622373348,savitzky_golay,0.05,540,b8525712860e93d178f2bee850aaee46558e1eabd1c41e0be07f8efd8707d5fe,13.75770636761325,,,,,,,,,,,,,,,,,,0,0.0,,,,,,,,,,0,,NavFnAStar,9ab5a12616d2fcfe13be7a0fecac429b73c24365334ad2b02febe3564f8b6f08,277,9ab5a12616d2fcfe13be7a0fecac429b73c24365334ad2b02febe3564f8b6f08,0,1,long_northeast_to_southwest,True,28.72118835875235,8.142421622373348,13.75770636761325,1,0.011139991000163718
0.030000000000000002,59.0503868779406,0.01730176934455967,0.002086209952707377,,0.41823258831455384,0.16464466339406925,0.26464466488418537,0,603,,,,,,,,,,,,,16.062169085479912,constrained,0.05,540,29ef1d90e9b834fd891c0954b9a2350429393ba85790b9a20deeb7980dc03db3,13.788475588967437,,,,,,,,,,,,,,,,,,0,0.0,,,,,,,,,,0,,NavFnAStar,9ab5a12616d2fcfe13be7a0fecac429b73c24365334ad2b02febe3564f8b6f08,278,9ab5a12616d2fcfe13be7a0fecac429b73c24365334ad2b02febe3564f8b6f08,0,1,long_northeast_to_southwest,True,59.0503868779406,16.062169085479912,13.788475588967437,1,0.04412984200007486
0.006,6.841771993122661,0.07253035840521574,0.0286052482546746,,0.4260883828360015,0.2146446641391273,0.2474873771031409,0,449,,,,,,,,,,,,,3.8465695548353716,pivot_g2_fixed,0.05,448,84d474396b9e2ef9f889a760a44ab1bfc679e2c4c4488b6f2ddbaa3a44395a58,13.66953737123484,0,52,"[[5, 3], [5.09148, 0.550611], [5.0185, 0.261411], [4.80486, 0.0541894], [4.47823, -0.0678939], [2.54107, -0.126564], [0.421816, -0.46897], [-2.04655, -1.88764], [-2.95, -2.75], [-3.22562, -2.86768], [-4.8, -2.85], [-5, -3]]",540,0.075,0.072542,0.15,0,12,0,11,"[{'index': 0, 'x': 5.09148, 'y': 0.550611, 'turn_angle': -0.284502, 'incoming_length': 2.4511, 'outgoing_length': 0.298265, 'pivot_safe': True, 'radius_min': 0, 'radius_max': 0, 'trim_min': 0, 'trim_max': 0, 'evaluations': 9, 'safe_feasible': 5, 'states': 0, 'selected_radius': 0.75, 'selected_trim': 0.107414, 'selected_score': 0.780254}, {'index': 1, 'x': 5.0185, 'y': 0.261411, 'turn_angle': -0.553494, 'incoming_length': 0.298265, 'outgoing_length': 0.297634, 'pivot_safe': True, 'radius_min': 0, 'radius_max': 0, 'trim_min': 0, 'trim_max': 0, 'evaluations': 9, 'safe_feasible': 3, 'states': 0, 'selected_radius': 0.4, 'selected_trim': 0.113614, 'selected_score': 0.75}, {'index': 2, 'x': 4.80486, 'y': 0.0541894, 'turn_angle': -0.412441, 'incoming_length': 0.297634, 'outgoing_length': 0.348699, 'pivot_safe': True, 'radius_min': 0, 'radius_max': 0, 'trim_min': 0, 'trim_max': 0, 'evaluations': 9, 'safe_feasible': 5, 'states': 0, 'selected_radius': 0.5, 'selected_trim': 0.104597, 'selected_score': 0.825}, {'index': 3, 'x': 4.47823, 'y': -0.0678939, 'turn_angle': -0.327412, 'incoming_length': 0.348699, 'outgoing_length': 1.93804, 'pivot_safe': True, 'radius_min': 0, 'radius_max': 0, 'trim_min': 0, 'trim_max': 0, 'evaluations': 9, 'safe_feasible': 5, 'states': 0, 'selected_radius': 0.75, 'selected_trim': 0.123888, 'selected_score': 0.822766}, {'index': 4, 'x': 2.54107, 'y': -0.126564, 'turn_angle': 0.129907, 'incoming_length': 1.93804, 'outgoing_length': 2.14674, 'pivot_safe': True, 'radius_min': 0, 'radius_max': 0, 'trim_min': 0, 'trim_max': 0, 'evaluations': 9, 'safe_feasible': 7, 'states': 0, 'selected_radius': 1.5, 'selected_trim': 0.0975673, 'selected_score': 0.994819}, {'index': 5, 'x': 0.421816, 'y': -0.46897, 'turn_angle': 0.361455, 'incoming_length': 2.14674, 'outgoing_length': 2.84701, 'pivot_safe': True, 'radius_min': 0, 'radius_max': 0, 'trim_min': 0, 'trim_max': 0, 'evaluations': 9, 'safe_feasible': 9, 'states': 0, 'selected_radius': 1.5, 'selected_trim': 0.274082, 'selected_score': 0.85}, {'index': 6, 'x': -2.04655, 'y': -1.88764, 'turn_angle': 0.240493, 'incoming_length': 2.84701, 'outgoing_length': 1.24895, 'pivot_safe': True, 'radius_min': 0, 'radius_max': 0, 'trim_min': 0, 'trim_max': 0, 'evaluations': 9, 'safe_feasible': 8, 'states': 0, 'selected_radius': 1.5, 'selected_trim': 0.181244, 'selected_score': 1}, {'index': 7, 'x': -2.95, 'y': -2.75, 'turn_angle': -0.358616, 'incoming_length': 1.24895, 'outgoing_length': 0.299693, 'pivot_safe': True, 'radius_min': 0, 'radius_max': 0, 'trim_min': 0, 'trim_max': 0, 'evaluations': 9, 'safe_feasible': 5, 'states': 0, 'selected_radius': 0.6, 'selected_trim': 0.108753, 'selected_score': 0.91047}, {'index': 8, 'x': -3.22562, 'y': -2.86768, 'turn_angle': -0.414743, 'incoming_length': 0.299693, 'outgoing_length': 1.57448, 'pivot_safe': True, 'radius_min': 0, 'radius_max': 0, 'trim_min': 0, 'trim_max': 0, 'evaluations': 9, 'safe_feasible': 5, 'states': 0, 'selected_radius': 0.6, 'selected_trim': 0.126238, 'selected_score': 0.916455}, {'index': 9, 'x': -4.8, 'y': -2.85, 'turn_angle': 0.654728, 'incoming_length': 1.57448, 'outgoing_length': 0.25, 'pivot_safe': True, 'radius_min': 0, 'radius_max': 0, 'trim_min': 0, 'trim_max': 0, 'evaluations': 9, 'safe_feasible': 2, 'states': 0, 'selected_radius': 0.3, 'selected_trim': 0.101875, 'selected_score': 0.9}]",10,0,90,none,10,0,0.0,200,0.874976,448,0,"{'angular acceleration iteration did not converge': 5, 'transition would overlap an adjacent corner window': 31}",0.00496563,fixed,0.05,,0,54,NavFnAStar,9ab5a12616d2fcfe13be7a0fecac429b73c24365334ad2b02febe3564f8b6f08,275,9ab5a12616d2fcfe13be7a0fecac429b73c24365334ad2b02febe3564f8b6f08,0,1,long_northeast_to_southwest,True,6.841771993122661,3.8465695548353716,13.66953737123484,1,0.014650179000000207
0.015000000000000001,7.888558425467989,0.07253035840521485,0.028670025652913718,,0.4280209787763383,0.2146446641391273,0.2474873771031409,0,518,,,,,,,,,,,,,4.667916896077876,pivot_g2,0.05,517,e0ad7215811312dc0fdc1b72b65a2b419a0b5b6e5e5910c811b370d48ef88ccc,13.664534597651606,212,155,"[[5, 3], [5.09148, 0.550611], [5.0185, 0.261411], [4.80486, 0.0541894], [4.47823, -0.0678939], [2.54107, -0.126564], [0.421816, -0.46897], [-2.04655, -1.88764], [-2.95, -2.75], [-3.22562, -2.86768], [-4.8, -2.85], [-5, -3]]",540,0.075,0.072542,0.15,0,12,0,11,"[{'index': 0, 'x': 5.09148, 'y': 0.550611, 'turn_angle': -0.284502, 'incoming_length': 2.4511, 'outgoing_length': 0.298265, 'pivot_safe': True, 'radius_min': 0.1, 'radius_max': 1.5, 'trim_min': 0.0143218, 'trim_max': 0.214827, 'evaluations': 20, 'safe_feasible': 17, 'states': 6, 'selected_radius': 0.485, 'selected_trim': 0.0694609, 'selected_score': 0.432956}, {'index': 1, 'x': 5.0185, 'y': 0.261411, 'turn_angle': -0.553494, 'incoming_length': 0.298265, 'outgoing_length': 0.297634, 'pivot_safe': True, 'radius_min': 0.1, 'radius_max': 1.04787, 'trim_min': 0.0284036, 'trim_max': 0.297634, 'evaluations': 20, 'safe_feasible': 17, 'states': 6, 'selected_radius': 0.242181, 'selected_trim': 0.0687881, 'selected_score': 0.684192}, {'index': 2, 'x': 4.80486, 'y': 0.0541894, 'turn_angle': -0.412441, 'incoming_length': 0.297634, 'outgoing_length': 0.348699, 'pivot_safe': True, 'radius_min': 0.1, 'radius_max': 1.42276, 'trim_min': 0.0209194, 'trim_max': 0.297634, 'evaluations': 20, 'safe_feasible': 18, 'states': 6, 'selected_radius': 0.232276, 'selected_trim': 0.0485909, 'selected_score': 0.628593}, {'index': 3, 'x': 4.47823, 'y': -0.0678939, 'turn_angle': -0.327412, 'incoming_length': 0.348699, 'outgoing_length': 1.93804, 'pivot_safe': True, 'radius_min': 0.1, 'radius_max': 1.5, 'trim_min': 0.0165184, 'trim_max': 0.247776, 'evaluations': 20, 'safe_feasible': 17, 'states': 6, 'selected_radius': 1.5, 'selected_trim': 0.247776, 'selected_score': 0.251898}, {'index': 4, 'x': 2.54107, 'y': -0.126564, 'turn_angle': 0.129907, 'incoming_length': 1.93804, 'outgoing_length': 2.14674, 'pivot_safe': True, 'radius_min': 0.1, 'radius_max': 1.5, 'trim_min': 0.00650449, 'trim_max': 0.0975673, 'evaluations': 11, 'safe_feasible': 9, 'states': 6, 'selected_radius': 1.5, 'selected_trim': 0.0975673, 'selected_score': 0.0896285}, {'index': 5, 'x': 0.421816, 'y': -0.46897, 'turn_angle': 0.361455, 'incoming_length': 2.14674, 'outgoing_length': 2.84701, 'pivot_safe': True, 'radius_min': 0.1, 'radius_max': 1.5, 'trim_min': 0.0182721, 'trim_max': 0.274082, 'evaluations': 20, 'safe_feasible': 18, 'states': 6, 'selected_radius': 1.5, 'selected_trim': 0.274082, 'selected_score': 0.265487}, {'index': 6, 'x': -2.04655, 'y': -1.88764, 'turn_angle': 0.240493, 'incoming_length': 2.84701, 'outgoing_length': 1.24895, 'pivot_safe': True, 'radius_min': 0.1, 'radius_max': 1.5, 'trim_min': 0.0120829, 'trim_max': 0.181244, 'evaluations': 20, 'safe_feasible': 17, 'states': 6, 'selected_radius': 1.5, 'selected_trim': 0.181244, 'selected_score': 0.13928}, {'index': 7, 'x': -2.95, 'y': -2.75, 'turn_angle': -0.358616, 'incoming_length': 1.24895, 'outgoing_length': 0.299693, 'pivot_safe': True, 'radius_min': 0.1, 'radius_max': 1.5, 'trim_min': 0.0181255, 'trim_max': 0.271882, 'evaluations': 20, 'safe_feasible': 18, 'states': 6, 'selected_radius': 0.415, 'selected_trim': 0.0752207, 'selected_score': 0.518665}, {'index': 8, 'x': -3.22562, 'y': -2.86768, 'turn_angle': -0.414743, 'incoming_length': 0.299693, 'outgoing_length': 1.57448, 'pivot_safe': True, 'radius_min': 0.1, 'radius_max': 1.42442, 'trim_min': 0.0210396, 'trim_max': 0.299693, 'evaluations': 20, 'safe_feasible': 18, 'states': 6, 'selected_radius': 0.232442, 'selected_trim': 0.0489049, 'selected_score': 0.63496}, {'index': 9, 'x': -4.8, 'y': -2.85, 'turn_angle': 0.654728, 'incoming_length': 1.57448, 'outgoing_length': 0.25, 'pivot_safe': True, 'radius_min': 0.1, 'radius_max': 0.736199, 'trim_min': 0.0339582, 'trim_max': 0.25, 'evaluations': 20, 'safe_feasible': 16, 'states': 6, 'selected_radius': 0.736199, 'selected_trim': 0.25, 'selected_score': 0.426834}]",10,60,191,none,10,0,0.0,200,0.407249,517,0,"{'angular acceleration iteration did not converge': 11, 'transition requires a reversing inner wheel': 15}",0.015402,adaptive,0.05,,0,165,NavFnAStar,9ab5a12616d2fcfe13be7a0fecac429b73c24365334ad2b02febe3564f8b6f08,275,9ab5a12616d2fcfe13be7a0fecac429b73c24365334ad2b02febe3564f8b6f08,0,1,long_northeast_to_southwest,True,7.888558425467989,4.667916896077876,13.664534597651606,1,0.028360450000036508
0.006,6.841771993122661,0.07253035840521574,0.0286052482546746,,0.4260883828360015,0.2146446641391273,0.2474873771031409,0,449,6.84177,0,177,True,114.078,228,True,safety_gain_within_energy_budget,pivot_g2,10.1944,253,True,3.8465695548353716,adaptive_hybrid_fixed,0.05,448,84d474396b9e2ef9f889a760a44ab1bfc679e2c4c4488b6f2ddbaa3a44395a58,13.66953737123484,,,,,,,,,,,,,,,,,,0,0.0,,,,,,,,,,0,,NavFnAStar,9ab5a12616d2fcfe13be7a0fecac429b73c24365334ad2b02febe3564f8b6f08,275,9ab5a12616d2fcfe13be7a0fecac429b73c24365334ad2b02febe3564f8b6f08,0,1,long_northeast_to_southwest,True,6.841771993122661,3.8465695548353716,13.66953737123484,1,0.01879696000014519
0.018000000000000002,7.888558425467989,0.07253035840521485,0.028670025652913718,,0.4280209787763383,0.2146446641391273,0.2474873771031409,0,518,7.88856,0,177,True,114.078,228,True,safety_gain_within_energy_budget,pivot_g2,10.1944,253,True,4.667916896077876,adaptive_hybrid,0.05,517,e0ad7215811312dc0fdc1b72b65a2b419a0b5b6e5e5910c811b370d48ef88ccc,13.664534597651606,,,,,,,,,,,,,,,,,,0,0.0,,,,,,,,,,0,,NavFnAStar,9ab5a12616d2fcfe13be7a0fecac429b73c24365334ad2b02febe3564f8b6f08,275,9ab5a12616d2fcfe13be7a0fecac429b73c24365334ad2b02febe3564f8b6f08,0,1,long_northeast_to_southwest,True,7.888558425467989,4.667916896077876,13.664534597651606,1,0.028428116999748454
0.003,50.335844995171556,2.220446049250313e-16,5.705779506773972e-17,,0.5377465529773383,0.16464466339406925,0.2146446641391273,0,251,,,,,,,,,,,,,11.468765710131587,raw,0.05,246,8e0cb3b13aceb5b623ef824723b12671a151886c5c21cf5bca94b57c9b282df8,6.168172900691866,,,,,,,,,,,,,,,,,,0,0.0,,,,,,,,,,0,,NavFnDijkstra,8e0cb3b13aceb5b623ef824723b12671a151886c5c21cf5bca94b57c9b282df8,125,8e0cb3b13aceb5b623ef824723b12671a151886c5c21cf5bca94b57c9b282df8,0,1,horizontal_rack_detour,True,50.335844995171556,11.468765710131587,6.168172900691866,1,0.006784705999962171
0.003,5.686661668251417,0.0165050729536979,0.0036429963624662496,,0.5107629885836733,0.23390290478282266,0.25619225950049973,0,255,,,,,,,,,,,,,4.817744742149888,simple,0.05,246,43bd63c005f0841a57f71a3cc247a4cb1b750245e26a6e1c87a8c657f51be5c3,6.127630905255402,,,,,,,,,,,,,,,,,,0,0.0,,,,,,,,,,0,,NavFnDijkstra,8e0cb3b13aceb5b623ef824723b12671a151886c5c21cf5bca94b57c9b282df8,124,8e0cb3b13aceb5b623ef824723b12671a151886c5c21cf5bca94b57c9b282df8,0,1,horizontal_rack_detour,True,5.686661668251417,4.817744742149888,6.127630905255402,1,0.007275884000137012
0.0,21.162946904058487,0.007654985235932369,0.0014448322423635646,,0.49787264465821335,0.2146446641391273,0.23390290478282266,0,282,,,,,,,,,,,,,10.368183365997812,savitzky_golay,0.05,246,ba2e793ffa6cd56f0b65d545f47feeb5f2b3bf4262779cab2e9718f327011d60,6.152622683618669,,,,,,,,,,,,,,,,,,0,0.0,,,,,,,,,,0,,NavFnDijkstra,8e0cb3b13aceb5b623ef824723b12671a151886c5c21cf5bca94b57c9b282df8,125,8e0cb3b13aceb5b623ef824723b12671a151886c5c21cf5bca94b57c9b282df8,0,1,horizontal_rack_detour,True,21.162946904058487,10.368183365997812,6.152622683618669,1,0.007347157999902265
0.015000000000000001,22.332732051119418,0.011791575398261554,0.002123402603794281,,0.5014893592015011,0.2146446641391273,0.25619225950049973,0,282,,,,,,,,,,,,,8.177470660434423,constrained,0.05,246,42b3a97f4f6d9267309ea31f99ba9054089a6538c30601eb8987949a87717a8a,6.162115604105716,,,,,,,,,,,,,,,,,,0,0.0,,,,,,,,,,0,,NavFnDijkstra,8e0cb3b13aceb5b623ef824723b12671a151886c5c21cf5bca94b57c9b282df8,125,8e0cb3b13aceb5b623ef824723b12671a151886c5c21cf5bca94b57c9b282df8,0,1,horizontal_rack_detour,True,22.332732051119418,8.177470660434423,6.162115604105716,1,0.020126931999584485
0.003,2.458315024363922,0.04545576760439786,0.022474213391348224,,0.471654137751331,0.26878279146075923,0.26878279146075923,0,180,,,,,,,,,,,,,2.339066466500153,pivot_g2_fixed,0.05,172,5092eea5523ca549cb92229b2acef6b76002b7a22905e8db6054b5ea827d02ab,6.104757875079842,0,13,"[[8.9407e-08, -2.8], [2.09413, -2.20168], [4.01837, -2.00058], [4.29414, -1.76636], [4.8, -0.2]]",246,0.075,0.0455097,0.15,0,5,0,4,"[{'index': 0, 'x': 2.09413, 'y': -2.20168, 'turn_angle': -0.17417, 'incoming_length': 2.17792, 'outgoing_length': 1.93472, 'pivot_safe': True, 'radius_min': 0, 'radius_max': 0, 'trim_min': 0, 'trim_max': 0, 'evaluations': 9, 'safe_feasible': 8, 'states': 0, 'selected_radius': 1.5, 'selected_trim': 0.130958, 'selected_score': 1}, {'index': 1, 'x': 4.01837, 'y': -2.00058, 'turn_angle': 0.59996, 'incoming_length': 1.93472, 'outgoing_length': 0.361815, 'pivot_safe': True, 'radius_min': 0, 'radius_max': 0, 'trim_min': 0, 'trim_max': 0, 'evaluations': 9, 'safe_feasible': 4, 'states': 0, 'selected_radius': 0.5, 'selected_trim': 0.154657, 'selected_score': 0.930368}, {'index': 2, 'x': 4.29414, 'y': -1.76636, 'turn_angle': 0.55433, 'incoming_length': 0.361815, 'outgoing_length': 1.64602, 'pivot_safe': True, 'radius_min': 0, 'radius_max': 0, 'trim_min': 0, 'trim_max': 0, 'evaluations': 9, 'safe_feasible': 4, 'states': 0, 'selected_radius': 0.5, 'selected_trim': 0.142244, 'selected_score': 0.776013}]",3,0,27,none,3,0,0.0,200,0.902127,172,0,"{'angular acceleration iteration did not converge': 1, 'transition would overlap an adjacent corner window': 10}",0.00207638,fixed,0.05,,0,16,NavFnDijkstra,8e0cb3b13aceb5b623ef824723b12671a151886c5c21cf5bca94b57c9b282df8,124,8e0cb3b13aceb5b623ef824723b12671a151886c5c21cf5bca94b57c9b282df8,0,1,horizontal_rack_detour,True,2.458315024363922,2.339066466500153,6.104757875079842,1,0.0070842869999978575
0.009000000000000001,7.948076917814523,0.0454539550366698,0.022308262675378686,,0.4981560064602363,0.26878279146075923,0.26878279146075923,0,149,,,,,,,,,,,,,9.109714456985692,pivot_g2,0.05,128,a27aff7673f45c14d15eb7b2d54275e596f07fc4495e5a33244d78b7dcf68499,6.116708328144543,40,47,"[[8.9407e-08, -2.8], [2.09413, -2.20168], [4.01837, -2.00058], [4.29414, -1.76636], [4.8, -0.2]]",246,0.075,0.0455097,0.15,0,5,0,4,"[{'index': 0, 'x': 2.09413, 'y': -2.20168, 'turn_angle': -0.17417, 'incoming_length': 2.17792, 'outgoing_length': 1.93472, 'pivot_safe': True, 'radius_min': 0.1, 'radius_max': 1.5, 'trim_min': 0.00873056, 'trim_max': 0.130958, 'evaluations': 20, 'safe_feasible': 17, 'states': 6, 'selected_radius': 0, 'selected_trim': 0, 'selected_score': 0}, {'index': 1, 'x': 4.01837, 'y': -2.00058, 'turn_angle': 0.59996, 'incoming_length': 1.93472, 'outgoing_length': 0.361815, 'pivot_safe': True, 'radius_min': 0.1, 'radius_max': 1.16973, 'trim_min': 0.0309314, 'trim_max': 0.361815, 'evaluations': 20, 'safe_feasible': 18, 'states': 6, 'selected_radius': 0, 'selected_trim': 0, 'selected_score': 0}, {'index': 2, 'x': 4.29414, 'y': -1.76636, 'turn_angle': 0.55433, 'incoming_length': 0.361815, 'outgoing_length': 1.64602, 'pivot_safe': True, 'radius_min': 0.1, 'radius_max': 1.27182, 'trim_min': 0.0284487, 'trim_max': 0.361815, 'evaluations': 20, 'safe_feasible': 16, 'states': 6, 'selected_radius': 0, 'selected_trim': 0, 'selected_score': 0}]",3,18,60,all_pivot,0,3,0.5999601940541799,200,0,128,3,"{'angular acceleration iteration did not converge': 4, 'transition requires a reversing inner wheel': 5}",0.00789121,adaptive,0.05,transition_profile_2_angular acceleration iteration did not converge,1.3284595333359648,51,NavFnDijkstra,8e0cb3b13aceb5b623ef824723b12671a151886c5c21cf5bca94b57c9b282df8,124,8e0cb3b13aceb5b623ef824723b12671a151886c5c21cf5bca94b57c9b282df8,0,1,horizontal_rack_detour,True,2.646624727264487e-25,3.720981855970251e-13,6.120480506290755,4,0.01369118900038302
0.003,5.686661668251417,0.0165050729536979,0.0036429963624662496,,0.5107629885836733,0.23390290478282266,0.25619225950049973,0,255,2.45832,0,161,True,50.3358,251,True,simple_default,simple,5.68666,177,True,4.817744742149888,adaptive_hybrid_fixed,0.05,246,43bd63c005f0841a57f71a3cc247a4cb1b750245e26a6e1c87a8c657f51be5c3,6.127630905255402,,,,,,,,,,,,,,,,,,0,0.0,,,,,,,,,,0,,NavFnDijkstra,8e0cb3b13aceb5b623ef824723b12671a151886c5c21cf5bca94b57c9b282df8,124,8e0cb3b13aceb5b623ef824723b12671a151886c5c21cf5bca94b57c9b282df8,0,1,horizontal_rack_detour,True,5.686661668251417,4.817744742149888,6.127630905255402,1,0.008615573000042787
0.0,5.686661668251417,0.0165050729536979,0.0036429963624662496,,0.5107629885836733,0.23390290478282266,0.25619225950049973,0,255,2.64744e-25,3,161,True,50.3358,251,True,simple_default,simple,5.68666,177,True,4.817744742149888,adaptive_hybrid,0.05,246,43bd63c005f0841a57f71a3cc247a4cb1b750245e26a6e1c87a8c657f51be5c3,6.127630905255402,,,,,,,,,,,,,,,,,,0,0.0,,,,,,,,,,0,,NavFnDijkstra,8e0cb3b13aceb5b623ef824723b12671a151886c5c21cf5bca94b57c9b282df8,124,8e0cb3b13aceb5b623ef824723b12671a151886c5c21cf5bca94b57c9b282df8,0,1,horizontal_rack_detour,True,5.686661668251417,4.817744742149888,6.127630905255402,1,0.011087356000189175
0.0,51.71152110245399,8.881784197001252e-16,1.3142039404990404e-16,,0.3029630802502348,0.16464466339406925,0.19616942228881007,0,207,,,,,,,,,,,,,13.601409199931936,raw,0.05,196,48e9e737c58bcc0461d9040e3337894859333310999f28504d495a7a1c88f283,4.906259645792706,,,,,,,,,,,,,,,,,,0,0.0,,,,,,,,,,0,,NavFnDijkstra,48e9e737c58bcc0461d9040e3337894859333310999f28504d495a7a1c88f283,100,48e9e737c58bcc0461d9040e3337894859333310999f28504d495a7a1c88f283,0,1,right_rack_detour,True,51.71152110245399,13.601409199931936,4.906259645792706,1,0.004087305000211927
0.0,4.733817947841062,0.02324860448524979,0.004142122230972812,,0.3268792821519342,0.25619225950049973,0.26464466488418537,0,199,,,,,,,,,,,,,3.4586063125323965,simple,0.05,196,01a82475e6c4572570011a9f975dbb8b5743b61e5795eb540f09f7eeffe1bc53,4.865627004507547,,,,,,,,,,,,,,,,,,0,0.0,,,,,,,,,,0,,NavFnDijkstra,48e9e737c58bcc0461d9040e3337894859333310999f28504d495a7a1c88f283,99,48e9e737c58bcc0461d9040e3337894859333310999f28504d495a7a1c88f283,0,1,right_rack_detour,True,4.733817947841062,3.4586063125323965,4.865627004507547,1,0.005317744999956631
0.0,17.593316585711722,0.006525586448741923,0.0016107275237027094,,0.32338768363072695,0.2146446641391273,0.25619225950049973,0,224,,,,,,,,,,,,,8.230924069926743,savitzky_golay,0.05,196,bb98b0d50b78ad1bd89f717058da127dfac1ba2854b5018e81b3c0c49952d024,4.886826967858473,,,,,,,,,,,,,,,,,,0,0.0,,,,,,,,,,0,,NavFnDijkstra,48e9e737c58bcc0461d9040e3337894859333310999f28504d495a7a1c88f283,99,48e9e737c58bcc0461d9040e3337894859333310999f28504d495a7a1c88f283,0,1,right_rack_detour,True,17.593316585711722,8.230924069926743,4.886826967858473,1,0.0052114980003352684
0.012,23.892922837355385,0.011250989518720843,0.0031996987424294716,,0.32143345262828465,0.2146446641391273,0.25619225950049973,0,228,,,,,,,,,,,,,10.73510456749782,constrained,0.05,196,e0f68e5376c4549b28257d8caf3d610730f6c10df3c67294d7f44054a9d2629a,4.898558674960649,,,,,,,,,,,,,,,,,,0,0.0,,,,,,,,,,0,,NavFnDijkstra,48e9e737c58bcc0461d9040e3337894859333310999f28504d495a7a1c88f283,100,48e9e737c58bcc0461d9040e3337894859333310999f28504d495a7a1c88f283,0,1,right_rack_detour,True,23.892922837355385,10.73510456749782,4.898558674960649,1,0.017601826000372967
0.003,3.363106147299332,0.06667929303603355,0.03491310405434905,,0.3132399087850231,0.2146446641391273,0.2146446641391273,0,155,,,,,,,,,,,,,3.0457054900586678,pivot_g2_fixed,0.05,150,7795bfbf858eeba410619bdf8e2586f04ec7206ae46cbbd7d426bbf50559a147,4.8049187597588,0,6,"[[3.2, 5.96046e-08], [4.50168, -0.053952], [4.9922, 0.233476], [5.2, 3.2]]",196,0.075,0.0669265,0.15,0,4,0,3,"[{'index': 0, 'x': 4.50168, 'y': -0.053952, 'turn_angle': 0.571455, 'incoming_length': 1.3028, 'outgoing_length': 0.568534, 'pivot_safe': True, 'radius_min': 0, 'radius_max': 0, 'trim_min': 0, 'trim_max': 0, 'evaluations': 9, 'safe_feasible': 5, 'states': 0, 'selected_radius': 0.75, 'selected_trim': 0.220324, 'selected_score': 1}, {'index': 1, 'x': 4.9922, 'y': 0.233476, 'turn_angle': 0.970833, 'incoming_length': 0.568534, 'outgoing_length': 2.97379, 'pivot_safe': True, 'radius_min': 0, 'radius_max': 0, 'trim_min': 0, 'trim_max': 0, 'evaluations': 9, 'safe_feasible': 3, 'states': 0, 'selected_radius': 0.4, 'selected_trim': 0.211006, 'selected_score': 1}]",2,0,18,none,2,0,0.0,200,1,150,0,"{'angular acceleration iteration did not converge': 1, 'transition would overlap an adjacent corner window': 9}",0.00150735,fixed,0.05,,0,8,NavFnDijkstra,48e9e737c58bcc0461d9040e3337894859333310999f28504d495a7a1c88f283,98,48e9e737c58bcc0461d9040e3337894859333310999f28504d495a7a1c88f283,0,1,right_rack_detour,True,3.363106147299332,3.0457054900586678,4.8049187597588,1,0.006506511000225146
0.003,17.760352800539792,0.0716580888786005,0.03615134259094641,,0.3072535503916169,0.2146446641391273,0.2146446641391273,0,189,,,,,,,,,,,,,18.635370099378598,pivot_g2,0.05,173,997e8149336655b2dcf81caac8af32931330893fea7d6656998aba4a25a57ad8,4.823560634541939,8,31,"[[3.2, 5.96046e-08], [4.50168, -0.053952], [4.9922, 0.233476], [5.2, 3.2]]",196,0.075,0.0669265,0.15,0,4,0,3,"[{'index': 0, 'x': 4.50168, 'y': -0.053952, 'turn_angle': 0.571455, 'incoming_length': 1.3028, 'outgoing_length': 0.568534, 'pivot_safe': True, 'radius_min': 0.1, 'radius_max': 1.5, 'trim_min': 0.0293766, 'trim_max': 0.440648, 'evaluations': 20, 'safe_feasible': 18, 'states': 6, 'selected_radius': 1.5, 'selected_trim': 0.440648, 'selected_score': 0.343231}, {'index': 1, 'x': 4.9922, 'y': 0.233476, 'turn_angle': 0.970833, 'incoming_length': 0.568534, 'outgoing_length': 2.97379, 'pivot_safe': True, 'radius_min': 0.1, 'radius_max': 1.07776, 'trim_min': 0.0527515, 'trim_max': 0.568534, 'evaluations': 20, 'safe_feasible': 18, 'states': 6, 'selected_radius': 0, 'selected_trim': 0, 'selected_score': 0}]",2,12,40,none,1,1,0.9708333394678746,200,0.343231,173,1,{'transition requires a reversing inner wheel': 4},0.00416217,adaptive,0.05,,0.9708333394678746,36,NavFnDijkstra,48e9e737c58bcc0461d9040e3337894859333310999f28504d495a7a1c88f283,98,48e9e737c58bcc0461d9040e3337894859333310999f28504d495a7a1c88f283,0,1,right_rack_detour,True,0.4062935893209722,0.781408868902964,4.823617566372072,2,0.010737460000200372
0.003,4.733817947841062,0.02324860448524979,0.004142122230972812,,0.3268792821519342,0.25619225950049973,0.26464466488418537,0,199,3.36311,0,177,True,51.7115,251,True,simple_default,simple,4.73382,177,True,3.4586063125323965,adaptive_hybrid_fixed,0.05,196,01a82475e6c4572570011a9f975dbb8b5743b61e5795eb540f09f7eeffe1bc53,4.865627004507547,,,,,,,,,,,,,,,,,,0,0.0,,,,,,,,,,0,,NavFnDijkstra,48e9e737c58bcc0461d9040e3337894859333310999f28504d495a7a1c88f283,99,48e9e737c58bcc0461d9040e3337894859333310999f28504d495a7a1c88f283,0,1,right_rack_detour,True,4.733817947841062,3.4586063125323965,4.865627004507547,1,0.008540780999737763
0.006,4.733817947841062,0.02324860448524979,0.004142122230972812,,0.3268792821519342,0.25619225950049973,0.26464466488418537,0,199,0.406294,1,177,True,51.7115,251,True,simple_default,simple,4.73382,177,True,3.4586063125323965,adaptive_hybrid,0.05,196,01a82475e6c4572570011a9f975dbb8b5743b61e5795eb540f09f7eeffe1bc53,4.865627004507547,,,,,,,,,,,,,,,,,,0,0.0,,,,,,,,,,0,,NavFnDijkstra,48e9e737c58bcc0461d9040e3337894859333310999f28504d495a7a1c88f283,99,48e9e737c58bcc0461d9040e3337894859333310999f28504d495a7a1c88f283,0,1,right_rack_detour,True,4.733817947841062,3.4586063125323965,4.865627004507547,1,0.011034915999971417
0.003,28.69867528731926,4.440892098500626e-16,4.860400279728535e-17,,0.48073393837457107,0.16464466339406925,0.25401603890116004,0,576,,,,,,,,,,,,,13.089227061823996,raw,0.05,547,12439aef3623d61e8bf3d1a4035080113e5c75fe4c4959b68306f79b367892f1,13.713275919882998,,,,,,,,,,,,,,,,,,0,0.0,,,,,,,,,,0,,NavFnDijkstra,12439aef3623d61e8bf3d1a4035080113e5c75fe4c4959b68306f79b367892f1,276,12439aef3623d61e8bf3d1a4035080113e5c75fe4c4959b68306f79b367892f1,0,1,long_northeast_to_southwest,True,28.69867528731926,13.089227061823996,13.713275919882998,1,0.010523616999762453
0.003,7.346909001927223,0.020526320258716535,0.002738043548863004,,0.46425160759643913,0.11464466264901119,0.28480087705617874,0,550,,,,,,,,,,,,,4.325127276416642,simple,0.05,547,abb955354e5ca98fbca261bfd86a7963c0546aadc0b88899033dc37818326043,13.673282623201256,,,,,,,,,,,,,,,,,,0,0.0,,,,,,,,,,0,,NavFnDijkstra,12439aef3623d61e8bf3d1a4035080113e5c75fe4c4959b68306f79b367892f1,275,12439aef3623d61e8bf3d1a4035080113e5c75fe4c4959b68306f79b367892f1,0,1,long_northeast_to_southwest,True,7.346909001927223,4.325127276416642,13.673282623201256,1,0.0138238959998489
0.0,16.052988557845605,0.009873222273072952,0.000837998086206711,,0.46368396534691897,0.11464466264901119,0.28480087705617874,0,563,,,,,,,,,,,,,8.319098321793973,savitzky_golay,0.05,547,28abbf45aaa59654c51da5778fb51feb7f35f2e98726f69b04026f7ddc10c237,13.701427847716623,,,,,,,,,,,,,,,,,,0,0.0,,,,,,,,,,0,,NavFnDijkstra,12439aef3623d61e8bf3d1a4035080113e5c75fe4c4959b68306f79b367892f1,276,12439aef3623d61e8bf3d1a4035080113e5c75fe4c4959b68306f79b367892f1,0,1,long_northeast_to_southwest,True,16.052988557845605,8.319098321793973,13.701427847716623,1,0.010942460000023857
0.033,24.27015511829114,0.016688666719811476,0.002479298721352631,,0.4627561967402294,0.16464466339406925,0.2808724311428359,0,569,,,,,,,,,,,,,11.051943289870998,constrained,0.05,547,fc59005b11589bdf178aec32b6f363c308b736d0a0d3cd01bc60bba5e21a9859,13.730674833332975,,,,,,,,,,,,,,,,,,0,0.0,,,,,,,,,,0,,NavFnDijkstra,12439aef3623d61e8bf3d1a4035080113e5c75fe4c4959b68306f79b367892f1,276,12439aef3623d61e8bf3d1a4035080113e5c75fe4c4959b68306f79b367892f1,0,1,long_northeast_to_southwest,True,24.27015511829114,11.051943289870998,13.730674833332975,1,0.04305131599994638
0.006,5.177704494124586,0.07219061453527685,0.031036544512255536,,0.4042891089239597,0.2146446641391273,0.26464466488418537,0,427,,,,,,,,,,,,,3.834761183699082,pivot_g2_fixed,0.05,424,bc6a4c74a17f4e62fa34c868a00e1fa0d53a928afdc7c96db79935e65789200f,13.595928502914905,0,39,"[[5, 3], [5.09244, 0.563989], [5.01452, 0.250665], [4.79884, 0.0457062], [2.76171, -0.0159694], [0.485381, -0.449571], [-2.89508, -2.76375], [-4.26014, -2.83698], [-5, -3]]",547,0.075,0.0722433,0.15,0,9,0,8,"[{'index': 0, 'x': 5.09244, 'y': 0.563989, 'turn_angle': -0.281669, 'incoming_length': 2.43776, 'outgoing_length': 0.322867, 'pivot_safe': True, 'radius_min': 0, 'radius_max': 0, 'trim_min': 0, 'trim_max': 0, 'evaluations': 9, 'safe_feasible': 6, 'states': 0, 'selected_radius': 1, 'selected_trim': 0.141773, 'selected_score': 0.836728}, {'index': 1, 'x': 5.01452, 'y': 0.250665, 'turn_angle': -0.567121, 'incoming_length': 0.322867, 'outgoing_length': 0.297528, 'pivot_safe': True, 'radius_min': 0, 'radius_max': 0, 'trim_min': 0, 'trim_max': 0, 'evaluations': 9, 'safe_feasible': 2, 'states': 0, 'selected_radius': 0.4, 'selected_trim': 0.116565, 'selected_score': 0.75}, {'index': 2, 'x': 4.79884, 'y': 0.0457062, 'turn_angle': -0.729668, 'incoming_length': 0.297528, 'outgoing_length': 2.03807, 'pivot_safe': True, 'radius_min': 0, 'radius_max': 0, 'trim_min': 0, 'trim_max': 0, 'evaluations': 9, 'safe_feasible': 2, 'states': 0, 'selected_radius': 0.3, 'selected_trim': 0.11458, 'selected_score': 0.75}, {'index': 3, 'x': 2.76171, 'y': -0.0159694, 'turn_angle': 0.157962, 'incoming_length': 2.03807, 'outgoing_length': 2.31726, 'pivot_safe': True, 'radius_min': 0, 'radius_max': 0, 'trim_min': 0, 'trim_max': 0, 'evaluations': 9, 'safe_feasible': 7, 'states': 0, 'selected_radius': 1.5, 'selected_trim': 0.118718, 'selected_score': 1}, {'index': 4, 'x': 0.485381, 'y': -0.449571, 'turn_angle': 0.412071, 'incoming_length': 2.31726, 'outgoing_length': 4.0967, 'pivot_safe': True, 'radius_min': 0, 'radius_max': 0, 'trim_min': 0, 'trim_max': 0, 'evaluations': 9, 'safe_feasible': 9, 'states': 0, 'selected_radius': 1, 'selected_trim': 0.209001, 'selected_score': 0.906473}, {'index': 5, 'x': -2.89508, 'y': -2.76375, 'turn_angle': -0.546711, 'incoming_length': 4.0967, 'outgoing_length': 1.36703, 'pivot_safe': True, 'radius_min': 0, 'radius_max': 0, 'trim_min': 0, 'trim_max': 0, 'evaluations': 9, 'safe_feasible': 9, 'states': 0, 'selected_radius': 1.25, 'selected_trim': 0.350468, 'selected_score': 0.876713}, {'index': 6, 'x': -4.26014, 'y': -2.83698, 'turn_angle': 0.163292, 'incoming_length': 1.36703, 'outgoing_length': 0.757603, 'pivot_safe': True, 'radius_min': 0, 'radius_max': 0, 'trim_min': 0, 'trim_max': 0, 'evaluations': 9, 'safe_feasible': 7, 'states': 0, 'selected_radius': 1.5, 'selected_trim': 0.122742, 'selected_score': 1}]",7,0,63,none,7,0,0.0,200,0.874273,424,0,"{'angular acceleration iteration did not converge': 6, 'transition would overlap an adjacent corner window': 15}",0.00456336,fixed,0.05,,0,42,NavFnDijkstra,12439aef3623d61e8bf3d1a4035080113e5c75fe4c4959b68306f79b367892f1,273,12439aef3623d61e8bf3d1a4035080113e5c75fe4c4959b68306f79b367892f1,0,1,long_northeast_to_southwest,True,5.177704494124586,3.834761183699082,13.595928502914905,1,0.01430757599973731
0.009000000000000001,5.600646243935244,0.07219061453527685,0.0315254711752277,,0.39040434151350617,0.2146446641391273,0.26464466488418537,0,483,,,,,,,,,,,,,4.7460823441035505,pivot_g2,0.05,480,f4b77132faea8465593234272e59dbf5e6c16f8d9fb5135d758a9f8cbb001543,13.591532490006376,160,113,"[[5, 3], [5.09244, 0.563989], [5.01452, 0.250665], [4.79884, 0.0457062], [2.76171, -0.0159694], [0.485381, -0.449571], [-2.89508, -2.76375], [-4.26014, -2.83698], [-5, -3]]",547,0.075,0.0722433,0.15,0,9,0,8,"[{'index': 0, 'x': 5.09244, 'y': 0.563989, 'turn_angle': -0.281669, 'incoming_length': 2.43776, 'outgoing_length': 0.322867, 'pivot_safe': True, 'radius_min': 0.1, 'radius_max': 1.5, 'trim_min': 0.0141773, 'trim_max': 0.212659, 'evaluations': 20, 'safe_feasible': 17, 'states': 6, 'selected_radius': 1.43, 'selected_trim': 0.202735, 'selected_score': 0.247198}, {'index': 1, 'x': 5.01452, 'y': 0.250665, 'turn_angle': -0.567121, 'incoming_length': 0.322867, 'outgoing_length': 0.297528, 'pivot_safe': True, 'radius_min': 0.1, 'radius_max': 1.02098, 'trim_min': 0.0291413, 'trim_max': 0.297528, 'evaluations': 20, 'safe_feasible': 17, 'states': 6, 'selected_radius': 0.238147, 'selected_trim': 0.0693993, 'selected_score': 0.6865}, {'index': 2, 'x': 4.79884, 'y': 0.0457062, 'turn_angle': -0.729668, 'incoming_length': 0.297528, 'outgoing_length': 2.03807, 'pivot_safe': True, 'radius_min': 0.1, 'radius_max': 0.779008, 'trim_min': 0.0381932, 'trim_max': 0.297528, 'evaluations': 20, 'safe_feasible': 17, 'states': 6, 'selected_radius': 0.303702, 'selected_trim': 0.115994, 'selected_score': 0.698466}, {'index': 3, 'x': 2.76171, 'y': -0.0159694, 'turn_angle': 0.157962, 'incoming_length': 2.03807, 'outgoing_length': 2.31726, 'pivot_safe': True, 'radius_min': 0.1, 'radius_max': 1.5, 'trim_min': 0.00791454, 'trim_max': 0.118718, 'evaluations': 20, 'safe_feasible': 17, 'states': 6, 'selected_radius': 1.5, 'selected_trim': 0.118718, 'selected_score': 0.103671}, {'index': 4, 'x': 0.485381, 'y': -0.449571, 'turn_angle': 0.412071, 'incoming_length': 2.31726, 'outgoing_length': 4.0967, 'pivot_safe': True, 'radius_min': 0.1, 'radius_max': 1.5, 'trim_min': 0.0209001, 'trim_max': 0.313502, 'evaluations': 20, 'safe_feasible': 17, 'states': 6, 'selected_radius': 1.5, 'selected_trim': 0.313502, 'selected_score': 0.282218}, {'index': 5, 'x': -2.89508, 'y': -2.76375, 'turn_angle': -0.546711, 'incoming_length': 4.0967, 'outgoing_length': 1.36703, 'pivot_safe': True, 'radius_min': 0.1, 'radius_max': 1.5, 'trim_min': 0.0280374, 'trim_max': 0.420561, 'evaluations': 20, 'safe_feasible': 18, 'states': 6, 'selected_radius': 1.5, 'selected_trim': 0.420561, 'selected_score': 0.336366}, {'index': 6, 'x': -4.26014, 'y': -2.83698, 'turn_angle': 0.163292, 'incoming_length': 1.36703, 'outgoing_length': 0.757603, 'pivot_safe': True, 'radius_min': 0.1, 'radius_max': 1.5, 'trim_min': 0.00818281, 'trim_max': 0.122742, 'evaluations': 20, 'safe_feasible': 17, 'states': 6, 'selected_radius': 1.5, 'selected_trim': 0.122742, 'selected_score': 0.169662}]",7,42,140,none,7,0,0.0,200,0.360583,480,0,"{'angular acceleration iteration did not converge': 10, 'transition requires a reversing inner wheel': 10}",0.0100386,adaptive,0.05,,0,120,NavFnDijkstra,12439aef3623d61e8bf3d1a4035080113e5c75fe4c4959b68306f79b367892f1,273,12439aef3623d61e8bf3d1a4035080113e5c75fe4c4959b68306f79b367892f1,0,1,long_northeast_to_southwest,True,5.600646243935244,4.7460823441035505,13.591532490006376,1,0.020679486000062752
0.006,5.177704494124586,0.07219061453527685,0.031036544512255536,,0.4042891089239597,0.2146446641391273,0.26464466488418537,0,427,5.1777,0,177,True,28.6987,228,True,safety_gain_within_energy_budget,pivot_g2,7.34691,253,True,3.834761183699082,adaptive_hybrid_fixed,0.05,424,bc6a4c74a17f4e62fa34c868a00e1fa0d53a928afdc7c96db79935e65789200f,13.595928502914905,,,,,,,,,,,,,,,,,,0,0.0,,,,,,,,,,0,,NavFnDijkstra,12439aef3623d61e8bf3d1a4035080113e5c75fe4c4959b68306f79b367892f1,273,12439aef3623d61e8bf3d1a4035080113e5c75fe4c4959b68306f79b367892f1,0,1,long_northeast_to_southwest,True,5.177704494124586,3.834761183699082,13.595928502914905,1,0.016915945000164356
0.015000000000000001,5.600646243935244,0.07219061453527685,0.0315254711752277,,0.39040434151350617,0.2146446641391273,0.26464466488418537,0,483,5.60065,0,177,True,28.6987,228,True,safety_gain_within_energy_budget,pivot_g2,7.34691,253,True,4.7460823441035505,adaptive_hybrid,0.05,480,f4b77132faea8465593234272e59dbf5e6c16f8d9fb5135d758a9f8cbb001543,13.591532490006376,,,,,,,,,,,,,,,,,,0,0.0,,,,,,,,,,0,,NavFnDijkstra,12439aef3623d61e8bf3d1a4035080113e5c75fe4c4959b68306f79b367892f1,273,12439aef3623d61e8bf3d1a4035080113e5c75fe4c4959b68306f79b367892f1,0,1,long_northeast_to_southwest,True,5.600646243935244,4.7460823441035505,13.591532490006376,1,0.02491660400028195
0.0,8.573654120483878,2.220446049250313e-16,6.398557885283892e-17,,0.506572880155038,0.1449222268733815,0.2146446641391273,0,243,,,,,,,,,,,,,6.643693474215089,raw,0.05,120,aab3a0ba68bf4f71ad5b2877a697811874dbb38bf03420ca8b718f9179d7517c,6.120480271098444,,,,,,,,,,,,,,,,,,0,0.0,,,,,,,,,,0,,ThetaStar,65aaa283caed754a8bb3966a6b85ab75445919f82ba672dca47878e621bb4791,124,aab3a0ba68bf4f71ad5b2877a697811874dbb38bf03420ca8b718f9179d7517c,0,1,horizontal_rack_detour,True,8.573654120483878,6.643693474215089,6.120480271098444,1,0.004381970000395086
0.0,1.850867793335925,0.03230289830257879,0.008042653078615484,,0.4859708954635601,0.2146446641391273,0.2146446641391273,0,233,,,,,,,,,,,,,1.763017099347826,simple,0.05,120,c3e50def6f1c22f0cf1d8fc3549d8a85d0b895e5a89f6594edeffa28d92ed918,6.086791846956397,,,,,,,,,,,,,,,,,,0,0.0,,,,,,,,,,0,,ThetaStar,65aaa283caed754a8bb3966a6b85ab75445919f82ba672dca47878e621bb4791,123,aab3a0ba68bf4f71ad5b2877a697811874dbb38bf03420ca8b718f9179d7517c,0,1,horizontal_rack_detour,True,1.850867793335925,1.763017099347826,6.086791846956397,1,0.004387964999750693
0.0,2.8351843799331187,0.006054739778988966,0.001373629819346023,,0.47869700601851384,0.2146446641391273,0.2400159173269659,0,210,,,,,,,,,,,,,2.423044196634234,savitzky_golay,0.05,120,b8cde9a8f2ac483d154312bc7d8687dbfd480877d2e4ab902f099c370434c343,6.1152617969883085,,,,,,,,,,,,,,,,,,0,0.0,,,,,,,,,,0,,ThetaStar,65aaa283caed754a8bb3966a6b85ab75445919f82ba672dca47878e621bb4791,124,aab3a0ba68bf4f71ad5b2877a697811874dbb38bf03420ca8b718f9179d7517c,0,1,horizontal_rack_detour,True,2.8351843799331187,2.423044196634234,6.1152617969883085,1,0.005715649000194389
0.009000000000000001,3.0488947490035563,0.034309937009115006,0.011210168100778795,,0.4841691688021321,0.2474873771031409,0.25619225950049973,0,198,,,,,,,,,,,,,2.6110437607286427,constrained,0.05,120,6a84cf361f244a8b16335001d8ab9a6b6cfe99d0c0090f799be594edf9c2dcdd,6.134636302401334,,,,,,,,,,,,,,,,,,0,0.0,,,,,,,,,,0,,ThetaStar,65aaa283caed754a8bb3966a6b85ab75445919f82ba672dca47878e621bb4791,124,aab3a0ba68bf4f71ad5b2877a697811874dbb38bf03420ca8b718f9179d7517c,0,1,horizontal_rack_detour,True,3.0488947490035563,2.6110437607286427,6.134636302401334,1,0.013785510000161594
0.003,3.2330750896731644,0.012617299485892203,0.00518626332070264,,0.3945312404575533,0.2146446641391273,0.23390290478282266,0,209,,,,,,,,,,,,,3.718266643589833,pivot_g2_fixed,0.05,201,ebacf2c81d63cfad316fe45251f904ef395c9af03d52d60e6b3ce1b46e5198fb,6.112653685040123,0,15,"[[-0.0249999, -2.825], [2.575, -1.975], [3.975, -1.925], [4.175, -1.825], [4.325, -1.675], [4.8, -0.2]]",120,0.075,0.0129067,0.15,0,6,0,5,"[{'index': 0, 'x': 2.575, 'y': -1.975, 'turn_angle': -0.280271, 'incoming_length': 2.73542, 'outgoing_length': 1.40089, 'pivot_safe': True, 'radius_min': 0, 'radius_max': 0, 'trim_min': 0, 'trim_max': 0, 'evaluations': 9, 'safe_feasible': 8, 'states': 0, 'selected_radius': 1.5, 'selected_trim': 0.21159, 'selected_score': 1}, {'index': 1, 'x': 3.975, 'y': -1.925, 'turn_angle': 0.427948, 'incoming_length': 1.40089, 'outgoing_length': 0.223607, 'pivot_safe': True, 'radius_min': 0, 'radius_max': 0, 'trim_min': 0, 'trim_max': 0, 'evaluations': 9, 'safe_feasible': 3, 'states': 0, 'selected_radius': 0.4, 'selected_trim': 0.0869203, 'selected_score': 0.9}, {'index': 2, 'x': 4.175, 'y': -1.825, 'turn_angle': 0.321751, 'incoming_length': 0.223607, 'outgoing_length': 0.212132, 'pivot_safe': True, 'radius_min': 0, 'radius_max': 0, 'trim_min': 0, 'trim_max': 0, 'evaluations': 9, 'safe_feasible': 3, 'states': 0, 'selected_radius': 0.5, 'selected_trim': 0.0811388, 'selected_score': 0.9}, {'index': 3, 'x': 4.325, 'y': -1.675, 'turn_angle': 0.473851, 'incoming_length': 0.212132, 'outgoing_length': 1.5496, 'pivot_safe': True, 'radius_min': 0, 'radius_max': 0, 'trim_min': 0, 'trim_max': 0, 'evaluations': 9, 'safe_feasible': 2, 'states': 0, 'selected_radius': 0.3, 'selected_trim': 0.0724382, 'selected_score': 1}]",4,0,36,none,4,0,0.0,200,0.95,201,0,"{'angular acceleration iteration did not converge': 2, 'transition would overlap an adjacent corner window': 18}",0.00230803,fixed,0.05,,0,16,ThetaStar,65aaa283caed754a8bb3966a6b85ab75445919f82ba672dca47878e621bb4791,124,aab3a0ba68bf4f71ad5b2877a697811874dbb38bf03420ca8b718f9179d7517c,0,1,horizontal_rack_detour,True,3.2330750896731644,3.718266643589833,6.112653685040123,1,0.007275767999999516
0.006,4.959957577790583,0.012588992149300936,0.005127442044819776,,0.3924830586704499,0.2146446641391273,0.23390290478282266,0,212,,,,,,,,,,,,,4.829997089142293,pivot_g2,0.05,204,5808ed725f51a98648e916bd8abbf61f00bc9b5440949255922ea545abefc9ee,6.1152404867732475,45,64,"[[-0.0249999, -2.825], [2.575, -1.975], [3.975, -1.925], [4.175, -1.825], [4.325, -1.675], [4.8, -0.2]]",120,0.075,0.0129067,0.15,0,6,0,5,"[{'index': 0, 'x': 2.575, 'y': -1.975, 'turn_angle': -0.280271, 'incoming_length': 2.73542, 'outgoing_length': 1.40089, 'pivot_safe': True, 'radius_min': 0.1, 'radius_max': 1.5, 'trim_min': 0.014106, 'trim_max': 0.21159, 'evaluations': 20, 'safe_feasible': 17, 'states': 6, 'selected_radius': 1.5, 'selected_trim': 0.21159, 'selected_score': 0.236602}, {'index': 1, 'x': 3.975, 'y': -1.925, 'turn_angle': 0.427948, 'incoming_length': 1.40089, 'outgoing_length': 0.223607, 'pivot_safe': True, 'radius_min': 0.1, 'radius_max': 1.02902, 'trim_min': 0.0217301, 'trim_max': 0.223607, 'evaluations': 20, 'safe_feasible': 16, 'states': 6, 'selected_radius': 0.192902, 'selected_trim': 0.0419178, 'selected_score': 0.689305}, {'index': 2, 'x': 4.175, 'y': -1.825, 'turn_angle': 0.321751, 'incoming_length': 0.223607, 'outgoing_length': 0.212132, 'pivot_safe': True, 'radius_min': 0.1, 'radius_max': 1.30722, 'trim_min': 0.0162278, 'trim_max': 0.212132, 'evaluations': 20, 'safe_feasible': 17, 'states': 6, 'selected_radius': 0.160361, 'selected_trim': 0.026023, 'selected_score': 0.661422}, {'index': 3, 'x': 4.325, 'y': -1.675, 'turn_angle': 0.473851, 'incoming_length': 0.212132, 'outgoing_length': 1.5496, 'pivot_safe': True, 'radius_min': 0.1, 'radius_max': 0.878536, 'trim_min': 0.0241461, 'trim_max': 0.212132, 'evaluations': 20, 'safe_feasible': 18, 'states': 6, 'selected_radius': 0.21678, 'selected_trim': 0.052344, 'selected_score': 0.687344}]",4,24,80,none,4,0,0.0,200,0.568668,204,0,"{'angular acceleration iteration did not converge': 6, 'transition requires a reversing inner wheel': 6}",0.00698782,adaptive,0.05,,0,68,ThetaStar,65aaa283caed754a8bb3966a6b85ab75445919f82ba672dca47878e621bb4791,124,aab3a0ba68bf4f71ad5b2877a697811874dbb38bf03420ca8b718f9179d7517c,0,1,horizontal_rack_detour,True,4.959957577790583,4.829997089142293,6.1152404867732475,1,0.015454458000021987
0.003,3.2330750896731644,0.012617299485892203,0.00518626332070264,,0.3945312404575533,0.2146446641391273,0.23390290478282266,0,209,3.23308,0,177,True,8.57365,253,True,safety_gain_within_energy_budget,pivot_g2,1.85087,202,True,3.718266643589833,adaptive_hybrid_fixed,0.05,201,ebacf2c81d63cfad316fe45251f904ef395c9af03d52d60e6b3ce1b46e5198fb,6.112653685040123,,,,,,,,,,,,,,,,,,0,0.0,,,,,,,,,,0,,ThetaStar,65aaa283caed754a8bb3966a6b85ab75445919f82ba672dca47878e621bb4791,124,aab3a0ba68bf4f71ad5b2877a697811874dbb38bf03420ca8b718f9179d7517c,0,1,horizontal_rack_detour,True,3.2330750896731644,3.718266643589833,6.112653685040123,1,0.00697993999983737
0.009000000000000001,1.850867793335925,0.03230289830257879,0.008042653078615484,,0.4859708954635601,0.2146446641391273,0.2146446641391273,0,233,4.95996,0,177,True,8.57365,253,True,simple_default,simple,1.85087,202,True,1.763017099347826,adaptive_hybrid,0.05,120,c3e50def6f1c22f0cf1d8fc3549d8a85d0b895e5a89f6594edeffa28d92ed918,6.086791846956397,,,,,,,,,,,,,,,,,,0,0.0,,,,,,,,,,0,,ThetaStar,65aaa283caed754a8bb3966a6b85ab75445919f82ba672dca47878e621bb4791,123,aab3a0ba68bf4f71ad5b2877a697811874dbb38bf03420ca8b718f9179d7517c,0,1,horizontal_rack_detour,True,1.850867793335925,1.763017099347826,6.086791846956397,1,0.011553441999694769
0.0,11.571571264760594,1.6653345369377348e-16,3.2300595708537726e-17,,0.31332344526845535,0.1449222268733815,0.2146446641391273,0,199,,,,,,,,,,,,,9.250310114884396,raw,0.05,95,100b31be1491a8206959b9a81cc393682a254a0abe802038b5e13e90c2a6ee04,4.833018763380768,,,,,,,,,,,,,,,,,,0,0.0,,,,,,,,,,0,,ThetaStar,c822244724d7cdacecb1bb00cfdbec119fa871ae56f86dc726b5492033d970fe,98,100b31be1491a8206959b9a81cc393682a254a0abe802038b5e13e90c2a6ee04,0,1,right_rack_detour,True,11.571571264760594,9.250310114884396,4.833018763380768,1,0.00398817199993573
0.0,2.1412149942804546,0.03899918485629024,0.009729172566247684,,0.3307534784583714,0.2146446641391273,0.2146446641391273,0,175,,,,,,,,,,,,,1.9794215068088645,simple,0.05,95,8642a4cddc851e8b5184dcb2410bbac8d9845a93bc8173b68b527338bd791638,4.793000010033254,,,,,,,,,,,,,,,,,,0,0.0,,,,,,,,,,0,,ThetaStar,c822244724d7cdacecb1bb00cfdbec119fa871ae56f86dc726b5492033d970fe,97,100b31be1491a8206959b9a81cc393682a254a0abe802038b5e13e90c2a6ee04,0,1,right_rack_detour,True,2.1412149942804546,1.9794215068088645,4.793000010033254,1,0.003722264999851177
0.0,3.0793305700045464,0.009817754106654973,0.002020325593748743,,0.33442929128371945,0.21959563989254183,0.23390290478282266,0,164,,,,,,,,,,,,,2.7775261891175456,savitzky_golay,0.05,95,717ae480ede7f69115b329f212285bd489b798b532e5bfd90e5af6f7d304331e,4.825399744538685,,,,,,,,,,,,,,,,,,0,0.0,,,,,,,,,,0,,ThetaStar,c822244724d7cdacecb1bb00cfdbec119fa871ae56f86dc726b5492033d970fe,98,100b31be1491a8206959b9a81cc393682a254a0abe802038b5e13e90c2a6ee04,0,1,right_rack_detour,True,3.0793305700045464,2.7775261891175456,4.825399744538685,1,0.0038714490001439117
0.009000000000000001,3.1451846256544185,0.03455905828533976,0.01104988512990355,,0.3379184714467849,0.2474873771031409,0.25619225950049973,0,158,,,,,,,,,,,,,2.6062126591679378,constrained,0.05,95,d63cb1ee5fd525c4347b94a89be4b4060b9a2f72c000eb9f1d22928b0c9ad322,4.845349706577934,,,,,,,,,,,,,,,,,,0,0.0,,,,,,,,,,0,,ThetaStar,c822244724d7cdacecb1bb00cfdbec119fa871ae56f86dc726b5492033d970fe,98,100b31be1491a8206959b9a81cc393682a254a0abe802038b5e13e90c2a6ee04,0,1,right_rack_detour,True,3.1451846256544185,2.6062126591679378,4.845349706577934,1,0.01146846000028745
0.0,2.7882453883709344,0.06035618025984864,0.025020299478077553,,0.3056727989740859,0.17677669793081488,0.18825146149581692,0,174,,,,,,,,,,,,,2.9581361045486663,pivot_g2_fixed,0.05,168,dc808c29eb11cb49e2442f53db7519f217e04cdb5707797e223c446ecabdf4d8,4.791331460763989,0,15,"[[3.175, -0.0249999], [4.625, 0.0750001], [5.025, 0.325], [5.125, 0.725], [5.2, 3.2]]",95,0.075,0.0635999,0.15,0,5,0,4,"[{'index': 0, 'x': 4.625, 'y': 0.0750001, 'turn_angle': 0.489743, 'incoming_length': 1.45344, 'outgoing_length': 0.471699, 'pivot_safe': True, 'radius_min': 0, 'radius_max': 0, 'trim_min': 0, 'trim_max': 0, 'evaluations': 9, 'safe_feasible': 6, 'states': 0, 'selected_radius': 0.75, 'selected_trim': 0.187415, 'selected_score': 0.81772}, {'index': 1, 'x': 5.025, 'y': 0.325, 'turn_angle': 0.767218, 'incoming_length': 0.471699, 'outgoing_length': 0.412311, 'pivot_safe': True, 'radius_min': 0, 'radius_max': 0, 'trim_min': 0, 'trim_max': 0, 'evaluations': 9, 'safe_feasible': 3, 'states': 0, 'selected_radius': 0.4, 'selected_trim': 0.161441, 'selected_score': 0.75}, {'index': 2, 'x': 5.125, 'y': 0.725, 'turn_angle': 0.214685, 'incoming_length': 0.412311, 'outgoing_length': 2.47614, 'pivot_safe': True, 'radius_min': 0, 'radius_max': 0, 'trim_min': 0, 'trim_max': 0, 'evaluations': 9, 'safe_feasible': 8, 'states': 0, 'selected_radius': 1.5, 'selected_trim': 0.161635, 'selected_score': 1}]",3,0,27,none,3,0,0.0,200,0.855907,168,0,"{'angular acceleration iteration did not converge': 1, 'transition would overlap an adjacent corner window': 9}",0.00212821,fixed,0.05,,0,17,ThetaStar,c822244724d7cdacecb1bb00cfdbec119fa871ae56f86dc726b5492033d970fe,97,100b31be1491a8206959b9a81cc393682a254a0abe802038b5e13e90c2a6ee04,0,1,right_rack_detour,True,2.7882453883709344,2.9581361045486663,4.791331460763989,1,0.00717822199976581
0.006,8.15792148978221,0.06446848377695526,0.02616520881206633,,0.2881099637856946,0.17079994476667312,0.17079994476667312,0,203,,,,,,,,,,,,,12.038512289480481,pivot_g2,0.05,189,e0b05e4b65523a8236ec5c9f3033144d71524b6c09536cbfb8734640a6f47eca,4.796389664188021,24,47,"[[3.175, -0.0249999], [4.625, 0.0750001], [5.025, 0.325], [5.125, 0.725], [5.2, 3.2]]",95,0.075,0.0635999,0.15,0,5,0,4,"[{'index': 0, 'x': 4.625, 'y': 0.0750001, 'turn_angle': 0.489743, 'incoming_length': 1.45344, 'outgoing_length': 0.471699, 'pivot_safe': True, 'radius_min': 0.1, 'radius_max': 1.5, 'trim_min': 0.0249886, 'trim_max': 0.374829, 'evaluations': 20, 'safe_feasible': 17, 'states': 6, 'selected_radius': 1.5, 'selected_trim': 0.374829, 'selected_score': 0.359796}, {'index': 1, 'x': 5.025, 'y': 0.325, 'turn_angle': 0.767218, 'incoming_length': 0.471699, 'outgoing_length': 0.412311, 'pivot_safe': True, 'radius_min': 0.1, 'radius_max': 1.02157, 'trim_min': 0.0403604, 'trim_max': 0.412311, 'evaluations': 20, 'safe_feasible': 18, 'states': 6, 'selected_radius': 0, 'selected_trim': 0, 'selected_score': 0}, {'index': 2, 'x': 5.125, 'y': 0.725, 'turn_angle': 0.214685, 'incoming_length': 0.412311, 'outgoing_length': 2.47614, 'pivot_safe': True, 'radius_min': 0.1, 'radius_max': 1.5, 'trim_min': 0.0107757, 'trim_max': 0.161635, 'evaluations': 20, 'safe_feasible': 17, 'states': 6, 'selected_radius': 1.5, 'selected_trim': 0.161635, 'selected_score': 0.21112}]",3,18,60,none,2,1,0.7672183483244681,200,0.285458,189,1,"{'angular acceleration iteration did not converge': 4, 'transition requires a reversing inner wheel': 4}",0.00533483,adaptive,0.05,,0.7672183483244681,52,ThetaStar,c822244724d7cdacecb1bb00cfdbec119fa871ae56f86dc726b5492033d970fe,97,100b31be1491a8206959b9a81cc393682a254a0abe802038b5e13e90c2a6ee04,0,1,right_rack_detour,True,0.49197652729569197,0.7805129937330263,4.7989663658120065,2,0.010050250999938726
0.003,2.1412149942804546,0.03899918485629024,0.009729172566247684,,0.3307534784583714,0.2146446641391273,0.2146446641391273,0,175,2.78825,0,221,True,11.5716,253,True,simple_default,simple,2.14121,202,True,1.9794215068088645,adaptive_hybrid_fixed,0.05,95,8642a4cddc851e8b5184dcb2410bbac8d9845a93bc8173b68b527338bd791638,4.793000010033254,,,,,,,,,,,,,,,,,,0,0.0,,,,,,,,,,0,,ThetaStar,c822244724d7cdacecb1bb00cfdbec119fa871ae56f86dc726b5492033d970fe,97,100b31be1491a8206959b9a81cc393682a254a0abe802038b5e13e90c2a6ee04,0,1,right_rack_detour,True,2.1412149942804546,1.9794215068088645,4.793000010033254,1,0.005980219999855763
0.006,2.1412149942804546,0.03899918485629024,0.009729172566247684,,0.3307534784583714,0.2146446641391273,0.2146446641391273,0,175,0.491977,1,228,True,11.5716,253,True,simple_default,simple,2.14121,202,True,1.9794215068088645,adaptive_hybrid,0.05,95,8642a4cddc851e8b5184dcb2410bbac8d9845a93bc8173b68b527338bd791638,4.793000010033254,,,,,,,,,,,,,,,,,,0,0.0,,,,,,,,,,0,,ThetaStar,c822244724d7cdacecb1bb00cfdbec119fa871ae56f86dc726b5492033d970fe,97,100b31be1491a8206959b9a81cc393682a254a0abe802038b5e13e90c2a6ee04,0,1,right_rack_detour,True,2.1412149942804546,1.9794215068088645,4.793000010033254,1,0.01211764099980428
0.003,45.17374105017425,4.440892098500626e-16,5.844493906965554e-17,,0.415300805296905,0.1449222268733815,0.2146446641391273,0,541,,,,,,,,,,,,,19.46989685892718,raw,0.05,257,2d5c7fb936376ed48cb5ca3a419e80520e592092277e1b2452e1e37f758f60fe,13.619261399050902,,,,,,,,,,,,,,,,,,0,0.0,,,,,,,,,,0,,ThetaStar,149b2348562b3e89c9475941455e2e6656ad0e54293dc39855ce2083e2f796dc,274,2d5c7fb936376ed48cb5ca3a419e80520e592092277e1b2452e1e37f758f60fe,0,1,long_northeast_to_southwest,True,45.17374105017425,19.46989685892718,13.619261399050902,1,0.009597113999916473
0.0,3.786153728282893,0.036625392834008785,0.008220050110389558,,0.3947526855556182,0.11464466264901119,0.2146446641391273,0,471,,,,,,,,,,,,,1.9236468568945004,simple,0.05,257,33e03f765d65605cb9c34f500271aeccae7ecabe33450159ac4c9371f390079f,13.52347213633812,,,,,,,,,,,,,,,,,,0,0.0,,,,,,,,,,0,,ThetaStar,149b2348562b3e89c9475941455e2e6656ad0e54293dc39855ce2083e2f796dc,272,2d5c7fb936376ed48cb5ca3a419e80520e592092277e1b2452e1e37f758f60fe,0,1,long_northeast_to_southwest,True,3.786153728282893,1.9236468568945004,13.52347213633812,1,0.0073369920000914135
0.0,8.791280406174538,0.01486201384118413,0.0021300500026834182,,0.4013468363577757,0.11464466264901119,0.23390290478282266,0,453,,,,,,,,,,,,,4.038571942491414,savitzky_golay,0.05,257,ab3a8901f60d85c69d992e2f6420de7a89a2c592d06aec2ee441e83c6c490c9a,13.587747707282405,,,,,,,,,,,,,,,,,,0,0.0,,,,,,,,,,0,,ThetaStar,149b2348562b3e89c9475941455e2e6656ad0e54293dc39855ce2083e2f796dc,273,2d5c7fb936376ed48cb5ca3a419e80520e592092277e1b2452e1e37f758f60fe,0,1,long_northeast_to_southwest,True,8.791280406174538,4.038571942491414,13.587747707282405,1,0.011147628999879089
0.018000000000000002,16.11974455307522,0.031832584788143575,0.006099413337218974,,0.39562751848782013,0.11464466264901119,0.2474873771031409,0,439,,,,,,,,,,,,,7.588130639464308,constrained,0.05,257,1b1fcc79f42d081e03881676f516e58e29cd7bfbc07549d48c6ee2abcb2aa502,13.638492727685705,,,,,,,,,,,,,,,,,,0,0.0,,,,,,,,,,0,,ThetaStar,149b2348562b3e89c9475941455e2e6656ad0e54293dc39855ce2083e2f796dc,274,2d5c7fb936376ed48cb5ca3a419e80520e592092277e1b2452e1e37f758f60fe,0,1,long_northeast_to_southwest,True,16.11974455307522,7.588130639464308,13.638492727685705,1,0.02343760799976735
0.006,12.591510261078461,0.057362903577558876,0.016767805040604978,,0.381715954103526,0.06464466190395313,0.2146446641391273,0,513,,,,,,,,,,,,,13.211045397234995,pivot_g2_fixed,0.05,500,ca66cd83c92ff616487bb41b38bd700f6085f44d2b79977e77c51eeb174d9881,13.52873036477544,0,49,"[[4.975, 2.975], [5.075, 2.875], [5.075, 0.525], [4.825, 0.125], [3.575, -0.225], [2.175, -0.425], [0.475, -0.475], [-1.775, -1.625], [-2.875, -2.675], [-3.875, -2.925], [-5, -3]]",257,0.075,0.0635999,0.15,0,11,0,10,"[{'index': 0, 'x': 5.075, 'y': 2.875, 'turn_angle': -0.785398, 'incoming_length': 0.141421, 'outgoing_length': 2.35, 'pivot_safe': True, 'radius_min': 0, 'radius_max': 0, 'trim_min': 0, 'trim_max': 0, 'evaluations': 9, 'safe_feasible': 0, 'states': 0, 'selected_radius': 0, 'selected_trim': 0, 'selected_score': 0}, {'index': 1, 'x': 5.075, 'y': 0.525, 'turn_angle': -0.558599, 'incoming_length': 2.35, 'outgoing_length': 0.471699, 'pivot_safe': True, 'radius_min': 0, 'radius_max': 0, 'trim_min': 0, 'trim_max': 0, 'evaluations': 9, 'safe_feasible': 4, 'states': 0, 'selected_radius': 0.6, 'selected_trim': 0.172078, 'selected_score': 1}, {'index': 2, 'x': 4.825, 'y': 0.125, 'turn_angle': -0.739188, 'incoming_length': 0.471699, 'outgoing_length': 1.29808, 'pivot_safe': True, 'radius_min': 0, 'radius_max': 0, 'trim_min': 0, 'trim_max': 0, 'evaluations': 9, 'safe_feasible': 4, 'states': 0, 'selected_radius': 0.5, 'selected_trim': 0.193698, 'selected_score': 0.830706}, {'index': 3, 'x': 3.575, 'y': -0.225, 'turn_angle': -0.131112, 'incoming_length': 1.29808, 'outgoing_length': 1.41421, 'pivot_safe': True, 'radius_min': 0, 'radius_max': 0, 'trim_min': 0, 'trim_max': 0, 'evaluations': 9, 'safe_feasible': 7, 'states': 0, 'selected_radius': 1.5, 'selected_trim': 0.0984748, 'selected_score': 0.987007}, {'index': 4, 'x': 2.175, 'y': -0.425, 'turn_angle': -0.112494, 'incoming_length': 1.41421, 'outgoing_length': 1.70074, 'pivot_safe': True, 'radius_min': 0, 'radius_max': 0, 'trim_min': 0, 'trim_max': 0, 'evaluations': 9, 'safe_feasible': 7, 'states': 0, 'selected_radius': 1.5, 'selected_trim': 0.0844594, 'selected_score': 1}, {'index': 5, 'x': 0.475, 'y': -0.475, 'turn_angle': 0.443094, 'incoming_length': 1.70074, 'outgoing_length': 2.52686, 'pivot_safe': True, 'radius_min': 0, 'radius_max': 0, 'trim_min': 0, 'trim_max': 0, 'evaluations': 9, 'safe_feasible': 9, 'states': 0, 'selected_radius': 1.5, 'selected_trim': 0.337866, 'selected_score': 0.85}, {'index': 6, 'x': -1.775, 'y': -1.625, 'turn_angle': 0.28965, 'incoming_length': 2.52686, 'outgoing_length': 1.52069, 'pivot_safe': True, 'radius_min': 0, 'radius_max': 0, 'trim_min': 0, 'trim_max': 0, 'evaluations': 9, 'safe_feasible': 8, 'states': 0, 'selected_radius': 1.5, 'selected_trim': 0.218769, 'selected_score': 1}, {'index': 7, 'x': -2.875, 'y': -2.675, 'turn_angle': -0.517168, 'incoming_length': 1.52069, 'outgoing_length': 1.03078, 'pivot_safe': True, 'radius_min': 0, 'radius_max': 0, 'trim_min': 0, 'trim_max': 0, 'evaluations': 9, 'safe_feasible': 9, 'states': 0, 'selected_radius': 1.25, 'selected_trim': 0.330632, 'selected_score': 0.865787}, {'index': 8, 'x': -3.875, 'y': -2.925, 'turn_angle': -0.17841, 'incoming_length': 1.03078, 'outgoing_length': 1.1275, 'pivot_safe': True, 'radius_min': 0, 'radius_max': 0, 'trim_min': 0, 'trim_max': 0, 'evaluations': 9, 'safe_feasible': 8, 'states': 0, 'selected_radius': 1.5, 'selected_trim': 0.134164, 'selected_score': 1}]",9,0,81,none,8,1,0.785398163397448,200,0.941687,500,1,"{'angular acceleration iteration did not converge': 7, 'transition would overlap an adjacent corner window': 18}",0.00477935,fixed,0.05,transition_profile_1_angular acceleration iteration did not converge,0.785398163397448,56,ThetaStar,149b2348562b3e89c9475941455e2e6656ad0e54293dc39855ce2083e2f796dc,272,2d5c7fb936376ed48cb5ca3a419e80520e592092277e1b2452e1e37f758f60fe,0,1,long_northeast_to_southwest,True,3.7153538186138704,2.3567502601693016,13.530844912447838,2,0.014722176999839576
0.012,27.222314684155176,0.05916513616203981,0.015521378625636453,,0.3853127550965363,0.06464466190395313,0.2146446641391273,0,331,,,,,,,,,,,,,13.211045397234995,pivot_g2,0.05,287,db00909664ee432c8fe0db409eb136a934637e94d14622fe30d211e85f3489d0,13.572939894646968,258,125,"[[4.975, 2.975], [5.075, 2.875], [5.075, 0.525], [4.825, 0.125], [3.575, -0.225], [2.175, -0.425], [0.475, -0.475], [-1.775, -1.625], [-2.875, -2.675], [-3.875, -2.925], [-5, -3]]",257,0.075,0.0635999,0.15,0,11,0,10,"[{'index': 0, 'x': 5.075, 'y': 2.875, 'turn_angle': -0.785398, 'incoming_length': 0.141421, 'outgoing_length': 2.35, 'pivot_safe': True, 'radius_min': 0.1, 'radius_max': 0.341421, 'trim_min': 0.0414214, 'trim_max': 0.141421, 'evaluations': 20, 'safe_feasible': 16, 'states': 6, 'selected_radius': 0, 'selected_trim': 0, 'selected_score': 0}, {'index': 1, 'x': 5.075, 'y': 0.525, 'turn_angle': -0.558599, 'incoming_length': 2.35, 'outgoing_length': 0.471699, 'pivot_safe': True, 'radius_min': 0.1, 'radius_max': 1.5, 'trim_min': 0.0286796, 'trim_max': 0.430194, 'evaluations': 20, 'safe_feasible': 18, 'states': 6, 'selected_radius': 0, 'selected_trim': 0, 'selected_score': 0}, {'index': 2, 'x': 4.825, 'y': 0.125, 'turn_angle': -0.739188, 'incoming_length': 0.471699, 'outgoing_length': 1.29808, 'pivot_safe': True, 'radius_min': 0.1, 'radius_max': 1.21761, 'trim_min': 0.0387396, 'trim_max': 0.471699, 'evaluations': 20, 'safe_feasible': 15, 'states': 6, 'selected_radius': 0, 'selected_trim': 0, 'selected_score': 0}, {'index': 3, 'x': 3.575, 'y': -0.225, 'turn_angle': -0.131112, 'incoming_length': 1.29808, 'outgoing_length': 1.41421, 'pivot_safe': True, 'radius_min': 0.1, 'radius_max': 1.5, 'trim_min': 0.00656499, 'trim_max': 0.0984748, 'evaluations': 11, 'safe_feasible': 9, 'states': 6, 'selected_radius': 0, 'selected_trim': 0, 'selected_score': 0}, {'index': 4, 'x': 2.175, 'y': -0.425, 'turn_angle': -0.112494, 'incoming_length': 1.41421, 'outgoing_length': 1.70074, 'pivot_safe': True, 'radius_min': 0.1, 'radius_max': 1.5, 'trim_min': 0.00563063, 'trim_max': 0.0844594, 'evaluations': 11, 'safe_feasible': 9, 'states': 6, 'selected_radius': 0, 'selected_trim': 0, 'selected_score': 0}, {'index': 5, 'x': 0.475, 'y': -0.475, 'turn_angle': 0.443094, 'incoming_length': 1.70074, 'outgoing_length': 2.52686, 'pivot_safe': True, 'radius_min': 0.1, 'radius_max': 1.5, 'trim_min': 0.0225244, 'trim_max': 0.337866, 'evaluations': 20, 'safe_feasible': 17, 'states': 6, 'selected_radius': 0, 'selected_trim': 0, 'selected_score': 0}, {'index': 6, 'x': -1.775, 'y': -1.625, 'turn_angle': 0.28965, 'incoming_length': 2.52686, 'outgoing_length': 1.52069, 'pivot_safe': True, 'radius_min': 0.1, 'radius_max': 1.5, 'trim_min': 0.0145846, 'trim_max': 0.218769, 'evaluations': 20, 'safe_feasible': 17, 'states': 6, 'selected_radius': 0, 'selected_trim': 0, 'selected_score': 0}, {'index': 7, 'x': -2.875, 'y': -2.675, 'turn_angle': -0.517168, 'incoming_length': 1.52069, 'outgoing_length': 1.03078, 'pivot_safe': True, 'radius_min': 0.1, 'radius_max': 1.5, 'trim_min': 0.0264506, 'trim_max': 0.396759, 'evaluations': 20, 'safe_feasible': 18, 'states': 6, 'selected_radius': 0, 'selected_trim': 0, 'selected_score': 0}, {'index': 8, 'x': -3.875, 'y': -2.925, 'turn_angle': -0.17841, 'incoming_length': 1.03078, 'outgoing_length': 1.1275, 'pivot_safe': True, 'radius_min': 0.1, 'radius_max': 1.5, 'trim_min': 0.00894426, 'trim_max': 0.134164, 'evaluations': 20, 'safe_feasible': 17, 'states': 6, 'selected_radius': 0, 'selected_trim': 0, 'selected_score': 0}]",9,54,162,all_pivot,0,9,0.785398163397448,200,0,287,9,"{'angular acceleration iteration did not converge': 11, 'transition requires a reversing inner wheel': 15}",0.0122131,adaptive,0.05,transition_profile_0_angular acceleration iteration did not converge,3.7551128188747382,136,ThetaStar,149b2348562b3e89c9475941455e2e6656ad0e54293dc39855ce2083e2f796dc,273,2d5c7fb936376ed48cb5ca3a419e80520e592092277e1b2452e1e37f758f60fe,0,1,long_northeast_to_southwest,True,1.8844721517952202e-25,1.4098106963238422e-12,13.581964848259453,10,0.019893495999895094
0.009000000000000001,3.786153728282893,0.036625392834008785,0.008220050110389558,,0.3947526855556182,0.11464466264901119,0.2146446641391273,0,471,3.71535,1,253,True,45.1737,253,True,simple_default,simple,3.78615,253,True,1.9236468568945004,adaptive_hybrid_fixed,0.05,257,33e03f765d65605cb9c34f500271aeccae7ecabe33450159ac4c9371f390079f,13.52347213633812,,,,,,,,,,,,,,,,,,0,0.0,,,,,,,,,,0,,ThetaStar,149b2348562b3e89c9475941455e2e6656ad0e54293dc39855ce2083e2f796dc,272,2d5c7fb936376ed48cb5ca3a419e80520e592092277e1b2452e1e37f758f60fe,0,1,long_northeast_to_southwest,True,3.786153728282893,1.9236468568945004,13.52347213633812,1,0.012751449000006687
0.015000000000000001,3.786153728282893,0.036625392834008785,0.008220050110389558,,0.3947526855556182,0.11464466264901119,0.2146446641391273,0,471,1.86825e-25,9,253,True,45.1737,253,True,simple_default,simple,3.78615,253,True,1.9236468568945004,adaptive_hybrid,0.05,257,33e03f765d65605cb9c34f500271aeccae7ecabe33450159ac4c9371f390079f,13.52347213633812,,,,,,,,,,,,,,,,,,0,0.0,,,,,,,,,,0,,ThetaStar,149b2348562b3e89c9475941455e2e6656ad0e54293dc39855ce2083e2f796dc,272,2d5c7fb936376ed48cb5ca3a419e80520e592092277e1b2452e1e37f758f60fe,0,1,long_northeast_to_southwest,True,3.786153728282893,1.9236468568945004,13.52347213633812,1,0.024639763999857678
0.0,3.803889761592728,2.220446049250313e-16,6.276133595630801e-17,,0.3912835901839702,0.2146446641391273,0.2146446641391273,0,228,,,,,,,,,,,,,2.3025184646760852,raw,0.05,117,b455d55ef709413e0a835204705c8313fd80ee4eb328f3db03c30b53a417d874,6.200810361806175,,,,,,,,,,,,,,,,,,0,0.0,,,,,,,,,,0,,Smac2D,a9d17c8140f1653690c508d0376e53ad7e8e673638e7b854c2f302993ca45111,126,b455d55ef709413e0a835204705c8313fd80ee4eb328f3db03c30b53a417d874,0,1,horizontal_rack_detour,True,3.803889761592728,2.3025184646760852,6.200810361806175,1,0.004025012000056449
0.0,2.579176780513469,0.023168839965832678,0.00866813717309823,,0.38965144673795415,0.17677669793081488,0.2146446641391273,0,222,,,,,,,,,,,,,1.7716192128290371,simple,0.05,117,b723c8188f1939a740cce4fb33cec74ea7252e03749f595fae63cf9a66156fb5,6.162473908540635,,,,,,,,,,,,,,,,,,0,0.0,,,,,,,,,,0,,Smac2D,a9d17c8140f1653690c508d0376e53ad7e8e673638e7b854c2f302993ca45111,125,b455d55ef709413e0a835204705c8313fd80ee4eb328f3db03c30b53a417d874,0,1,horizontal_rack_detour,True,2.579176780513469,1.7716192128290371,6.162473908540635,1,0.004844789000344463
0.0,3.533809402502569,0.0020144047931959256,0.0005359693865030117,,0.38978338219238146,0.2146446641391273,0.2146446641391273,0,229,,,,,,,,,,,,,2.1780451308581434,savitzky_golay,0.05,117,4d54f2e8c3a7a3f2c8d73f992fedfd92dd4048ba2927703890ec4402f2565d54,6.199512211045696,,,,,,,,,,,,,,,,,,0,0.0,,,,,,,,,,0,,Smac2D,a9d17c8140f1653690c508d0376e53ad7e8e673638e7b854c2f302993ca45111,126,b455d55ef709413e0a835204705c8313fd80ee4eb328f3db03c30b53a417d874,0,1,horizontal_rack_detour,True,3.533809402502569,2.1780451308581434,6.199512211045696,1,0.005558755000038218
0.009000000000000001,4.045098072294161,0.026677512491462448,0.008238715171731841,,0.400648775299837,0.23390290478282266,0.23390290478282266,0,211,,,,,,,,,,,,,2.3551037308054155,constrained,0.05,117,fa89750bda3fddd958d8ed18803bb9069993be944bbaf75a646e32b5fd464cea,6.224713452899821,,,,,,,,,,,,,,,,,,0,0.0,,,,,,,,,,0,,Smac2D,a9d17c8140f1653690c508d0376e53ad7e8e673638e7b854c2f302993ca45111,126,b455d55ef709413e0a835204705c8313fd80ee4eb328f3db03c30b53a417d874,0,1,horizontal_rack_detour,True,4.045098072294161,2.3551037308054155,6.224713452899821,1,0.013001022000025841
0.003,2.5745027605185054,0.06793753308397012,0.026735063083283356,,0.3622181245384013,0.17677669793081488,0.2146446641391273,0,259,,,,,,,,,,,,,2.8700276601902113,pivot_g2_fixed,0.05,251,e0a8334918cf5197cb83082b984bd5c5ba71328c092a7f2f2d8367d7dcbce6e9,6.141938866982172,0,23,"[[8.9407e-08, -2.8], [1.15, -2.02113], [3.64998, -1.99628], [4.04642, -1.89896], [4.27365, -1.64805], [4.8, -0.2]]",117,0.075,0.0682368,0.15,0,6,0,5,"[{'index': 0, 'x': 1.15, 'y': -2.02113, 'turn_angle': -0.585371, 'incoming_length': 1.38893, 'outgoing_length': 2.5001, 'pivot_safe': True, 'radius_min': 0, 'radius_max': 0, 'trim_min': 0, 'trim_max': 0, 'evaluations': 9, 'safe_feasible': 9, 'states': 0, 'selected_radius': 1.5, 'selected_trim': 0.45201, 'selected_score': 1}, {'index': 1, 'x': 3.64998, 'y': -1.99628, 'turn_angle': 0.2308, 'incoming_length': 2.5001, 'outgoing_length': 0.408207, 'pivot_safe': True, 'radius_min': 0, 'radius_max': 0, 'trim_min': 0, 'trim_max': 0, 'evaluations': 9, 'safe_feasible': 8, 'states': 0, 'selected_radius': 1.5, 'selected_trim': 0.173873, 'selected_score': 0.85}, {'index': 2, 'x': 4.04642, 'y': -1.89896, 'turn_angle': 0.594146, 'incoming_length': 0.408207, 'outgoing_length': 0.338512, 'pivot_safe': True, 'radius_min': 0, 'radius_max': 0, 'trim_min': 0, 'trim_max': 0, 'evaluations': 9, 'safe_feasible': 3, 'states': 0, 'selected_radius': 0.4, 'selected_trim': 0.122453, 'selected_score': 0.75}, {'index': 3, 'x': 4.27365, 'y': -1.64805, 'turn_angle': 0.387265, 'incoming_length': 0.338512, 'outgoing_length': 1.54074, 'pivot_safe': True, 'radius_min': 0, 'radius_max': 0, 'trim_min': 0, 'trim_max': 0, 'evaluations': 9, 'safe_feasible': 6, 'states': 0, 'selected_radius': 0.75, 'selected_trim': 0.147067, 'selected_score': 0.980634}]",4,0,36,none,4,0,0.0,200,0.895159,251,0,"{'angular acceleration iteration did not converge': 1, 'transition would overlap an adjacent corner window': 9}",0.00291211,fixed,0.05,,0,26,Smac2D,a9d17c8140f1653690c508d0376e53ad7e8e673638e7b854c2f302993ca45111,124,b455d55ef709413e0a835204705c8313fd80ee4eb328f3db03c30b53a417d874,0,1,horizontal_rack_detour,True,2.5745027605185054,2.8700276601902113,6.141938866982172,1,0.008562934000110545
0.009000000000000001,3.575531781817081,0.06783382359264935,0.026631073586038594,,0.36063772639940866,0.17677669793081488,0.2146446641391273,0,264,,,,,,,,,,,,,4.484233987896886,pivot_g2,0.05,256,dcbe2d79745e5c29aa43ae11d3096494388d26c34f4be4437d87626ef2b33704,6.145551636649566,62,65,"[[8.9407e-08, -2.8], [1.15, -2.02113], [3.64998, -1.99628], [4.04642, -1.89896], [4.27365, -1.64805], [4.8, -0.2]]",117,0.075,0.0682368,0.15,0,6,0,5,"[{'index': 0, 'x': 1.15, 'y': -2.02113, 'turn_angle': -0.585371, 'incoming_length': 1.38893, 'outgoing_length': 2.5001, 'pivot_safe': True, 'radius_min': 0.1, 'radius_max': 1.5, 'trim_min': 0.030134, 'trim_max': 0.45201, 'evaluations': 20, 'safe_feasible': 18, 'states': 6, 'selected_radius': 1.5, 'selected_trim': 0.45201, 'selected_score': 0.314883}, {'index': 1, 'x': 3.64998, 'y': -1.99628, 'turn_angle': 0.2308, 'incoming_length': 2.5001, 'outgoing_length': 0.408207, 'pivot_safe': True, 'radius_min': 0.1, 'radius_max': 1.5, 'trim_min': 0.0115915, 'trim_max': 0.173873, 'evaluations': 20, 'safe_feasible': 17, 'states': 6, 'selected_radius': 1.5, 'selected_trim': 0.173873, 'selected_score': 0.240834}, {'index': 2, 'x': 4.04642, 'y': -1.89896, 'turn_angle': 0.594146, 'incoming_length': 0.408207, 'outgoing_length': 0.338512, 'pivot_safe': True, 'radius_min': 0.1, 'radius_max': 1.10577, 'trim_min': 0.0306132, 'trim_max': 0.338512, 'evaluations': 20, 'safe_feasible': 18, 'states': 6, 'selected_radius': 0.250866, 'selected_trim': 0.0767981, 'selected_score': 0.70372}, {'index': 3, 'x': 4.27365, 'y': -1.64805, 'turn_angle': 0.387265, 'incoming_length': 0.338512, 'outgoing_length': 1.54074, 'pivot_safe': True, 'radius_min': 0.1, 'radius_max': 1.5, 'trim_min': 0.019609, 'trim_max': 0.294134, 'evaluations': 20, 'safe_feasible': 17, 'states': 6, 'selected_radius': 0.45, 'selected_trim': 0.0882403, 'selected_score': 0.557728}]",4,24,80,none,4,0,0.0,200,0.454291,256,0,"{'angular acceleration iteration did not converge': 4, 'transition requires a reversing inner wheel': 6}",0.00687808,adaptive,0.05,,0,70,Smac2D,a9d17c8140f1653690c508d0376e53ad7e8e673638e7b854c2f302993ca45111,124,b455d55ef709413e0a835204705c8313fd80ee4eb328f3db03c30b53a417d874,0,1,horizontal_rack_detour,True,3.575531781817081,4.484233987896886,6.145551636649566,1,0.012472205999983998
0.006,2.579176780513469,0.023168839965832678,0.00866813717309823,,0.38965144673795415,0.17677669793081488,0.2146446641391273,0,222,2.5745,0,214,True,3.80389,202,True,simple_default,simple,2.57918,221,True,1.7716192128290371,adaptive_hybrid_fixed,0.05,117,b723c8188f1939a740cce4fb33cec74ea7252e03749f595fae63cf9a66156fb5,6.162473908540635,,,,,,,,,,,,,,,,,,0,0.0,,,,,,,,,,0,,Smac2D,a9d17c8140f1653690c508d0376e53ad7e8e673638e7b854c2f302993ca45111,125,b455d55ef709413e0a835204705c8313fd80ee4eb328f3db03c30b53a417d874,0,1,horizontal_rack_detour,True,2.579176780513469,1.7716192128290371,6.162473908540635,1,0.008928897999794572
0.012,2.579176780513469,0.023168839965832678,0.00866813717309823,,0.38965144673795415,0.17677669793081488,0.2146446641391273,0,222,3.57553,0,214,True,3.80389,202,True,simple_default,simple,2.57918,221,True,1.7716192128290371,adaptive_hybrid,0.05,117,b723c8188f1939a740cce4fb33cec74ea7252e03749f595fae63cf9a66156fb5,6.162473908540635,,,,,,,,,,,,,,,,,,0,0.0,,,,,,,,,,0,,Smac2D,a9d17c8140f1653690c508d0376e53ad7e8e673638e7b854c2f302993ca45111,125,b455d55ef709413e0a835204705c8313fd80ee4eb328f3db03c30b53a417d874,0,1,horizontal_rack_detour,True,2.579176780513469,1.7716192128290371,6.162473908540635,1,0.01433731999986776
0.003,2.675764443417883,1.942890293094024e-16,4.7411991963665305e-17,,0.3059985779376819,0.2146446641391273,0.2146446641391273,0,175,,,,,,,,,,,,,2.233931568045656,raw,0.05,95,9ff263814e6d6d6a44dc06970f76360e02da093b5c6d5376d1ac6faa742bd86a,4.77878759266411,,,,,,,,,,,,,,,,,,0,0.0,,,,,,,,,,0,,Smac2D,37e9ac6d3930170f7a074c526666fa5b3f62808b9c41202bb46110c8b3d21826,97,9ff263814e6d6d6a44dc06970f76360e02da093b5c6d5376d1ac6faa742bd86a,0,1,right_rack_detour,True,2.675764443417883,2.233931568045656,4.77878759266411,1,0.003748589000224456
0.0,2.212966232620965,0.023202099848954022,0.008710466018526842,,0.2976433527453826,0.17677669793081488,0.18825146149581692,0,168,,,,,,,,,,,,,1.6672673652137928,simple,0.05,95,ff918e52f293f706baea3c66799e17de7bf2653998f5b0d7500ab8d540435156,4.749054688195953,,,,,,,,,,,,,,,,,,0,0.0,,,,,,,,,,0,,Smac2D,37e9ac6d3930170f7a074c526666fa5b3f62808b9c41202bb46110c8b3d21826,96,9ff263814e6d6d6a44dc06970f76360e02da093b5c6d5376d1ac6faa742bd86a,0,1,right_rack_detour,True,2.212966232620965,1.6672673652137928,4.749054688195953,1,0.0049373089996151975
0.003,2.581540088991684,0.0008254309677097572,0.0002914236891498694,,0.30003504725924346,0.2146446641391273,0.2146446641391273,0,169,,,,,,,,,,,,,1.996933518953806,savitzky_golay,0.05,95,62dd9fbb033ac641e2ce585e60bf9b24ca6d33d19cd45512a4187a0ffd5d6cf2,4.7783211513756925,,,,,,,,,,,,,,,,,,0,0.0,,,,,,,,,,0,,Smac2D,37e9ac6d3930170f7a074c526666fa5b3f62808b9c41202bb46110c8b3d21826,97,9ff263814e6d6d6a44dc06970f76360e02da093b5c6d5376d1ac6faa742bd86a,0,1,right_rack_detour,True,2.581540088991684,1.996933518953806,4.7783211513756925,1,0.004439857000306802
0.006,2.7387750166935136,0.034769037132416206,0.013941101691272717,,0.309723859407043,0.23390290478282266,0.2474873771031409,0,156,,,,,,,,,,,,,2.070113380470265,constrained,0.05,95,8a1a4bc00fa4e34eda32ceed41efe4b7e9b179cf0bd9bfbdd8edd4e17b1ec775,4.811307039473938,,,,,,,,,,,,,,,,,,0,0.0,,,,,,,,,,0,,Smac2D,37e9ac6d3930170f7a074c526666fa5b3f62808b9c41202bb46110c8b3d21826,98,9ff263814e6d6d6a44dc06970f76360e02da093b5c6d5376d1ac6faa742bd86a,0,1,right_rack_detour,True,2.7387750166935136,2.070113380470265,4.811307039473938,1,0.010746826000286092
0.003,3.1765508570620478,0.06427754840584983,0.034308923721628276,,0.2691446156056937,0.16464466339406925,0.167414540011741,0,150,,,,,,,,,,,,,3.079781023370143,pivot_g2_fixed,0.05,145,cc5cdf812e0ba1f41a0b5e448acfca83862e01d03b49d4172df9e9afeb974168,4.704970182394512,0,8,"[[3.2, 5.96046e-08], [4.49985, 0.0179758], [4.94896, 0.303587], [5.2, 3.2]]",95,0.075,0.064283,0.15,0,4,0,3,"[{'index': 0, 'x': 4.49985, 'y': 0.0179758, 'turn_angle': 0.552608, 'incoming_length': 1.29997, 'outgoing_length': 0.532233, 'pivot_safe': True, 'radius_min': 0, 'radius_max': 0, 'trim_min': 0, 'trim_max': 0, 'evaluations': 9, 'safe_feasible': 6, 'states': 0, 'selected_radius': 0.75, 'selected_trim': 0.212668, 'selected_score': 0.85}, {'index': 1, 'x': 4.94896, 'y': 0.303587, 'turn_angle': 0.917903, 'incoming_length': 0.532233, 'outgoing_length': 2.90727, 'pivot_safe': True, 'radius_min': 0, 'radius_max': 0, 'trim_min': 0, 'trim_max': 0, 'evaluations': 9, 'safe_feasible': 3, 'states': 0, 'selected_radius': 0.4, 'selected_trim': 0.197657, 'selected_score': 0.9}]",2,0,18,none,2,0,0.0,200,0.875,145,0,{'transition would overlap an adjacent corner window': 9},0.00136684,fixed,0.05,,0,9,Smac2D,37e9ac6d3930170f7a074c526666fa5b3f62808b9c41202bb46110c8b3d21826,96,9ff263814e6d6d6a44dc06970f76360e02da093b5c6d5376d1ac6faa742bd86a,0,1,right_rack_detour,True,3.1765508570620478,3.079781023370143,4.704970182394512,1,0.006732845999977144
0.003,11.076669127608923,0.06819416664248573,0.03577698226703688,,0.2590955019243142,0.16464466339406925,0.16526019153132962,0,183,,,,,,,,,,,,,14.17549652007358,pivot_g2,0.05,168,76109d4ccdd9f59773493b19058384e62d695b51c08ccb106bbfab333f5128b7,4.716156804814909,8,32,"[[3.2, 5.96046e-08], [4.49985, 0.0179758], [4.94896, 0.303587], [5.2, 3.2]]",95,0.075,0.064283,0.15,0,4,0,3,"[{'index': 0, 'x': 4.49985, 'y': 0.0179758, 'turn_angle': 0.552608, 'incoming_length': 1.29997, 'outgoing_length': 0.532233, 'pivot_safe': True, 'radius_min': 0.1, 'radius_max': 1.5, 'trim_min': 0.0283557, 'trim_max': 0.425335, 'evaluations': 20, 'safe_feasible': 18, 'states': 6, 'selected_radius': 1.5, 'selected_trim': 0.425335, 'selected_score': 0.391588}, {'index': 1, 'x': 4.94896, 'y': 0.303587, 'turn_angle': 0.917903, 'incoming_length': 0.532233, 'outgoing_length': 2.90727, 'pivot_safe': True, 'radius_min': 0.1, 'radius_max': 1.07708, 'trim_min': 0.0494144, 'trim_max': 0.532233, 'evaluations': 20, 'safe_feasible': 18, 'states': 6, 'selected_radius': 0, 'selected_trim': 0, 'selected_score': 0}]",2,12,40,none,1,1,0.9179032646924689,200,0.391588,168,1,{'transition requires a reversing inner wheel': 4},0.00350345,adaptive,0.05,,0.9179032646924689,36,Smac2D,37e9ac6d3930170f7a074c526666fa5b3f62808b9c41202bb46110c8b3d21826,96,9ff263814e6d6d6a44dc06970f76360e02da093b5c6d5376d1ac6faa742bd86a,0,1,right_rack_detour,True,0.392470642765742,0.781179353967489,4.72005063980239,2,0.010434209999857558
0.003,2.212966232620965,0.023202099848954022,0.008710466018526842,,0.2976433527453826,0.17677669793081488,0.18825146149581692,0,168,3.17655,0,251,True,2.67576,202,True,simple_default,simple,2.21297,221,True,1.6672673652137928,adaptive_hybrid_fixed,0.05,95,ff918e52f293f706baea3c66799e17de7bf2653998f5b0d7500ab8d540435156,4.749054688195953,,,,,,,,,,,,,,,,,,0,0.0,,,,,,,,,,0,,Smac2D,37e9ac6d3930170f7a074c526666fa5b3f62808b9c41202bb46110c8b3d21826,96,9ff263814e6d6d6a44dc06970f76360e02da093b5c6d5376d1ac6faa742bd86a,0,1,right_rack_detour,True,2.212966232620965,1.6672673652137928,4.749054688195953,1,0.004795144999661716
0.003,2.212966232620965,0.023202099848954022,0.008710466018526842,,0.2976433527453826,0.17677669793081488,0.18825146149581692,0,168,0.392471,1,251,True,2.67576,202,True,simple_default,simple,2.21297,221,True,1.6672673652137928,adaptive_hybrid,0.05,95,ff918e52f293f706baea3c66799e17de7bf2653998f5b0d7500ab8d540435156,4.749054688195953,,,,,,,,,,,,,,,,,,0,0.0,,,,,,,,,,0,,Smac2D,37e9ac6d3930170f7a074c526666fa5b3f62808b9c41202bb46110c8b3d21826,96,9ff263814e6d6d6a44dc06970f76360e02da093b5c6d5376d1ac6faa742bd86a,0,1,right_rack_detour,True,2.212966232620965,1.6672673652137928,4.749054688195953,1,0.008902333999685652
0.006,4.436377440332716,8.881784197001252e-16,7.306442899992418e-17,,0.42904846499497923,0.16464466339406925,0.2146446641391273,0,487,,,,,,,,,,,,,2.098612804351066,raw,0.05,255,e1ecd0ffd747cbf5ef0f134c09def53f8c53a096dcb89fc6455b40906ad87554,13.614059797279312,,,,,,,,,,,,,,,,,,0,0.0,,,,,,,,,,0,,Smac2D,a1fe1c2d846e37312a20892e89db4e8fbcac919a24320d2c683b98cdeecf2132,274,e1ecd0ffd747cbf5ef0f134c09def53f8c53a096dcb89fc6455b40906ad87554,0,1,long_northeast_to_southwest,True,4.436377440332716,2.098612804351066,13.614059797279312,1,0.011843285999930231
0.003,3.409151315006058,0.02318793847978687,0.006684762471127555,,0.4281710802860703,0.16464466339406925,0.2146446641391273,0,475,,,,,,,,,,,,,1.6655190441052552,simple,0.05,255,91ca4eade2b019ccc6b3a6582e4bbaf79b94293ffd29aec8f5c95ca1520572b9,13.565948003046955,,,,,,,,,,,,,,,,,,0,0.0,,,,,,,,,,0,,Smac2D,a1fe1c2d846e37312a20892e89db4e8fbcac919a24320d2c683b98cdeecf2132,273,e1ecd0ffd747cbf5ef0f134c09def53f8c53a096dcb89fc6455b40906ad87554,0,1,long_northeast_to_southwest,True,3.409151315006058,1.6655190441052552,13.565948003046955,1,0.01816183299979457
0.0,4.238991998824894,0.0018058281188332438,0.00027975425931523173,,0.4305405810835374,0.16464466339406925,0.21959563989254183,0,484,,,,,,,,,,,,,1.9714502688981272,savitzky_golay,0.05,255,47cfe63df8319ad06e6cca2e26c73e5c8594fa96fc4f740338db199abc9f442f,13.613061859172367,,,,,,,,,,,,,,,,,,0,0.0,,,,,,,,,,0,,Smac2D,a1fe1c2d846e37312a20892e89db4e8fbcac919a24320d2c683b98cdeecf2132,274,e1ecd0ffd747cbf5ef0f134c09def53f8c53a096dcb89fc6455b40906ad87554,0,1,long_northeast_to_southwest,True,4.238991998824894,1.9714502688981272,13.613061859172367,1,0.007534784000199579
0.018000000000000002,5.3064560093483175,0.02561689644028085,0.010296529873519296,,0.4306706289910776,0.16464466339406925,0.23390290478282266,0,448,,,,,,,,,,,,,2.6758547872010365,constrained,0.05,255,9fdeb0a4d149e3d40489b14a8bdc1274cc48ba23748e5e36f2850b203c93ffe6,13.648260343867461,,,,,,,,,,,,,,,,,,0,0.0,,,,,,,,,,0,,Smac2D,a1fe1c2d846e37312a20892e89db4e8fbcac919a24320d2c683b98cdeecf2132,274,e1ecd0ffd747cbf5ef0f134c09def53f8c53a096dcb89fc6455b40906ad87554,0,1,long_northeast_to_southwest,True,5.3064560093483175,2.6758547872010365,13.648260343867461,1,0.02290905199970439
0.006,4.225105030666595,0.07746684749106256,0.0249740012281169,,0.40848771649562876,0.16464466339406925,0.17079994476667312,0,554,,,,,,,,,,,,,2.8372044992498666,pivot_g2_fixed,0.05,552,145076b23ef559c482a540ff27f1163bc3a39eef408c992044146cec52a5927f,13.519696058941152,0,47,"[[5, 3], [5.04351, 0.650039], [4.94896, 0.303587], [4.74641, 0.101042], [4.34998, 0.00371667], [1.55, -0.0342486], [-1.6, -1.47043], [-3, -2.72354], [-4.5, -2.81334], [-5, -3]]",255,0.075,0.0519184,0.15,0,10,0,9,"[{'index': 0, 'x': 5.04351, 'y': 0.650039, 'turn_angle': -0.284939, 'incoming_length': 2.35036, 'outgoing_length': 0.359123, 'pivot_safe': True, 'radius_min': 0, 'radius_max': 0, 'trim_min': 0, 'trim_max': 0, 'evaluations': 9, 'safe_feasible': 6, 'states': 0, 'selected_radius': 1, 'selected_trim': 0.143442, 'selected_score': 0.85}, {'index': 1, 'x': 4.94896, 'y': 0.303587, 'turn_angle': -0.518972, 'incoming_length': 0.359123, 'outgoing_length': 0.286442, 'pivot_safe': True, 'radius_min': 0, 'radius_max': 0, 'trim_min': 0, 'trim_max': 0, 'evaluations': 9, 'safe_feasible': 3, 'states': 0, 'selected_radius': 0.4, 'selected_trim': 0.106188, 'selected_score': 0.9}, {'index': 2, 'x': 4.74641, 'y': 0.101042, 'turn_angle': -0.544657, 'incoming_length': 0.286442, 'outgoing_length': 0.408205, 'pivot_safe': True, 'radius_min': 0, 'radius_max': 0, 'trim_min': 0, 'trim_max': 0, 'evaluations': 9, 'safe_feasible': 3, 'states': 0, 'selected_radius': 0.4, 'selected_trim': 0.111707, 'selected_score': 0.798649}, {'index': 3, 'x': 4.34998, 'y': 0.00371667, 'turn_angle': -0.227183, 'incoming_length': 0.408205, 'outgoing_length': 2.80024, 'pivot_safe': True, 'radius_min': 0, 'radius_max': 0, 'trim_min': 0, 'trim_max': 0, 'evaluations': 9, 'safe_feasible': 8, 'states': 0, 'selected_radius': 1.5, 'selected_trim': 0.171124, 'selected_score': 0.85}, {'index': 4, 'x': 1.55, 'y': -0.0342486, 'turn_angle': 0.414216, 'incoming_length': 2.80024, 'outgoing_length': 3.46195, 'pivot_safe': True, 'radius_min': 0, 'radius_max': 0, 'trim_min': 0, 'trim_max': 0, 'evaluations': 9, 'safe_feasible': 9, 'states': 0, 'selected_radius': 1.5, 'selected_trim': 0.315181, 'selected_score': 1}, {'index': 5, 'x': -1.6, 'y': -1.47043, 'turn_angle': 0.302315, 'incoming_length': 3.46195, 'outgoing_length': 1.87891, 'pivot_safe': True, 'radius_min': 0, 'radius_max': 0, 'trim_min': 0, 'trim_max': 0, 'evaluations': 9, 'safe_feasible': 8, 'states': 0, 'selected_radius': 1.5, 'selected_trim': 0.228479, 'selected_score': 1}, {'index': 6, 'x': -3, 'y': -2.72354, 'turn_angle': -0.670297, 'incoming_length': 1.87891, 'outgoing_length': 1.50269, 'pivot_safe': True, 'radius_min': 0, 'radius_max': 0, 'trim_min': 0, 'trim_max': 0, 'evaluations': 9, 'safe_feasible': 8, 'states': 0, 'selected_radius': 1.5, 'selected_trim': 0.522431, 'selected_score': 0.85}, {'index': 7, 'x': -4.5, 'y': -2.81334, 'turn_angle': 0.297511, 'incoming_length': 1.50269, 'outgoing_length': 0.533707, 'pivot_safe': True, 'radius_min': 0, 'radius_max': 0, 'trim_min': 0, 'trim_max': 0, 'evaluations': 9, 'safe_feasible': 8, 'states': 0, 'selected_radius': 1.5, 'selected_trim': 0.224794, 'selected_score': 0.85}]",8,0,72,none,8,0,0.0,200,0.887331,552,0,"{'angular acceleration iteration did not converge': 5, 'transition would overlap an adjacent corner window': 14}",0.00640718,fixed,0.05,,0,53,Smac2D,a1fe1c2d846e37312a20892e89db4e8fbcac919a24320d2c683b98cdeecf2132,272,e1ecd0ffd747cbf5ef0f134c09def53f8c53a096dcb89fc6455b40906ad87554,0,1,long_northeast_to_southwest,True,4.225105030666595,2.8372044992498666,13.519696058941152,1,0.019535474999884173
0.012,5.4152321153106655,0.07740281498308726,0.024976286488668308,,0.39989942008335105,0.16464466339406925,0.17079994476667312,0,582,,,,,,,,,,,,,4.704989947560856,pivot_g2,0.05,580,60611b4298f0f937dcce4e91b171f438dd45544bdebef8372564ed5e42bdda11,13.52230325313106,184,127,"[[5, 3], [5.04351, 0.650039], [4.94896, 0.303587], [4.74641, 0.101042], [4.34998, 0.00371667], [1.55, -0.0342486], [-1.6, -1.47043], [-3, -2.72354], [-4.5, -2.81334], [-5, -3]]",255,0.075,0.0519184,0.15,0,10,0,9,"[{'index': 0, 'x': 5.04351, 'y': 0.650039, 'turn_angle': -0.284939, 'incoming_length': 2.35036, 'outgoing_length': 0.359123, 'pivot_safe': True, 'radius_min': 0.1, 'radius_max': 1.5, 'trim_min': 0.0143442, 'trim_max': 0.215162, 'evaluations': 20, 'safe_feasible': 17, 'states': 6, 'selected_radius': 1.5, 'selected_trim': 0.215162, 'selected_score': 0.287741}, {'index': 1, 'x': 4.94896, 'y': 0.303587, 'turn_angle': -0.518972, 'incoming_length': 0.359123, 'outgoing_length': 0.286442, 'pivot_safe': True, 'radius_min': 0.1, 'radius_max': 1.07899, 'trim_min': 0.0265471, 'trim_max': 0.286442, 'evaluations': 20, 'safe_feasible': 18, 'states': 6, 'selected_radius': 0.246849, 'selected_trim': 0.0655313, 'selected_score': 0.69471}, {'index': 2, 'x': 4.74641, 'y': 0.101042, 'turn_angle': -0.544657, 'incoming_length': 0.286442, 'outgoing_length': 0.408205, 'pivot_safe': True, 'radius_min': 0.1, 'radius_max': 1.02569, 'trim_min': 0.0279267, 'trim_max': 0.286442, 'evaluations': 20, 'safe_feasible': 14, 'states': 6, 'selected_radius': 0.238854, 'selected_trim': 0.0667039, 'selected_score': 0.711392}, {'index': 3, 'x': 4.34998, 'y': 0.00371667, 'turn_angle': -0.227183, 'incoming_length': 0.408205, 'outgoing_length': 2.80024, 'pivot_safe': True, 'radius_min': 0.1, 'radius_max': 1.5, 'trim_min': 0.0114083, 'trim_max': 0.171124, 'evaluations': 20, 'safe_feasible': 17, 'states': 6, 'selected_radius': 1.5, 'selected_trim': 0.171124, 'selected_score': 0.239402}, {'index': 4, 'x': 1.55, 'y': -0.0342486, 'turn_angle': 0.414216, 'incoming_length': 2.80024, 'outgoing_length': 3.46195, 'pivot_safe': True, 'radius_min': 0.1, 'radius_max': 1.5, 'trim_min': 0.0210121, 'trim_max': 0.315181, 'evaluations': 20, 'safe_feasible': 17, 'states': 6, 'selected_radius': 1.5, 'selected_trim': 0.315181, 'selected_score': 0.200764}, {'index': 5, 'x': -1.6, 'y': -1.47043, 'turn_angle': 0.302315, 'incoming_length': 3.46195, 'outgoing_length': 1.87891, 'pivot_safe': True, 'radius_min': 0.1, 'radius_max': 1.5, 'trim_min': 0.015232, 'trim_max': 0.228479, 'evaluations': 20, 'safe_feasible': 17, 'states': 6, 'selected_radius': 1.5, 'selected_trim': 0.228479, 'selected_score': 0.162557}, {'index': 6, 'x': -3, 'y': -2.72354, 'turn_angle': -0.670297, 'incoming_length': 1.87891, 'outgoing_length': 1.50269, 'pivot_safe': True, 'radius_min': 0.1, 'radius_max': 1.5, 'trim_min': 0.0348288, 'trim_max': 0.522431, 'evaluations': 20, 'safe_feasible': 18, 'states': 6, 'selected_radius': 1.5, 'selected_trim': 0.522431, 'selected_score': 0.422731}, {'index': 7, 'x': -4.5, 'y': -2.81334, 'turn_angle': 0.297511, 'incoming_length': 1.50269, 'outgoing_length': 0.533707, 'pivot_safe': True, 'radius_min': 0.1, 'radius_max': 1.5, 'trim_min': 0.0149863, 'trim_max': 0.224794, 'evaluations': 20, 'safe_feasible': 17, 'states': 6, 'selected_radius': 1.5, 'selected_trim': 0.224794, 'selected_score': 0.224499}]",8,48,160,none,8,0,0.0,200,0.367975,580,0,"{'angular acceleration iteration did not converge': 14, 'transition requires a reversing inner wheel': 11}",0.0132609,adaptive,0.05,,0,135,Smac2D,a1fe1c2d846e37312a20892e89db4e8fbcac919a24320d2c683b98cdeecf2132,272,e1ecd0ffd747cbf5ef0f134c09def53f8c53a096dcb89fc6455b40906ad87554,0,1,long_northeast_to_southwest,True,5.4152321153106655,4.704989947560856,13.52230325313106,1,0.024421395999979723
0.009000000000000001,3.409151315006058,0.02318793847978687,0.006684762471127555,,0.4281710802860703,0.16464466339406925,0.2146446641391273,0,475,4.22511,0,251,True,4.43638,228,True,simple_default,simple,3.40915,228,True,1.6655190441052552,adaptive_hybrid_fixed,0.05,255,91ca4eade2b019ccc6b3a6582e4bbaf79b94293ffd29aec8f5c95ca1520572b9,13.565948003046955,,,,,,,,,,,,,,,,,,0,0.0,,,,,,,,,,0,,Smac2D,a1fe1c2d846e37312a20892e89db4e8fbcac919a24320d2c683b98cdeecf2132,273,e1ecd0ffd747cbf5ef0f134c09def53f8c53a096dcb89fc6455b40906ad87554,0,1,long_northeast_to_southwest,True,3.409151315006058,1.6655190441052552,13.565948003046955,1,0.01283868899963636
0.015000000000000001,3.409151315006058,0.02318793847978687,0.006684762471127555,,0.4281710802860703,0.16464466339406925,0.2146446641391273,0,475,5.41523,0,251,True,4.43638,228,True,simple_default,simple,3.40915,228,True,1.6655190441052552,adaptive_hybrid,0.05,255,91ca4eade2b019ccc6b3a6582e4bbaf79b94293ffd29aec8f5c95ca1520572b9,13.565948003046955,,,,,,,,,,,,,,,,,,0,0.0,,,,,,,,,,0,,Smac2D,a1fe1c2d846e37312a20892e89db4e8fbcac919a24320d2c683b98cdeecf2132,273,e1ecd0ffd747cbf5ef0f134c09def53f8c53a096dcb89fc6455b40906ad87554,0,1,long_northeast_to_southwest,True,3.409151315006058,1.6655190441052552,13.565948003046955,1,0.019844475999889255
0.003,7.068916082177607,4.440892098500626e-16,7.04166119237455e-17,,0.48190044259575715,0.2474873771031409,0.25619225950049973,0,163,,,,,,,,,,,,,4.92244066033981,raw,0.05,73,3875615c54ba3516f2ab132f071b3ca170a3da54ac191476fba284c8b551c9fb,6.149979918791159,,,,,,,,,,,,,,,,,,0,0.0,,,,,,,,,,0,,SmacHybrid,e2ef3e07afb6bed94b2f2c3d948c29d0a5f57b26a922381e344b6dec6abfaec9,125,3875615c54ba3516f2ab132f071b3ca170a3da54ac191476fba284c8b551c9fb,0,1,horizontal_rack_detour,True,7.068916082177607,4.92244066033981,6.149979918791159,1,0.00354819399990447
0.0,2.2602656483062376,0.05881243398600994,0.018660480967426465,,0.48338232818774346,0.2146446641391273,0.2146446641391273,0,149,,,,,,,,,,,,,2.1746451643998244,simple,0.05,73,21a0a4947c60ac536acb4975ed81794e273b6e0691a37085842b467700a5cf85,6.068263824249887,,,,,,,,,,,,,,,,,,0,0.0,,,,,,,,,,0,,SmacHybrid,e2ef3e07afb6bed94b2f2c3d948c29d0a5f57b26a922381e344b6dec6abfaec9,123,3875615c54ba3516f2ab132f071b3ca170a3da54ac191476fba284c8b551c9fb,0,1,horizontal_rack_detour,True,2.2602656483062376,2.1746451643998244,6.068263824249887,1,0.004814328000065871
0.0,4.383982929570053,0.00948980398016254,0.00270237656642571,,0.4914084414711867,0.2474873771031409,0.25619225950049973,0,150,,,,,,,,,,,,,3.506494199039534,savitzky_golay,0.05,73,3cee8b84659000cb708f06e9b10ea1901db773c1720ab7f5e59823525663ba90,6.1395849305356585,,,,,,,,,,,,,,,,,,0,0.0,,,,,,,,,,0,,SmacHybrid,e2ef3e07afb6bed94b2f2c3d948c29d0a5f57b26a922381e344b6dec6abfaec9,124,3875615c54ba3516f2ab132f071b3ca170a3da54ac191476fba284c8b551c9fb,0,1,horizontal_rack_detour,True,4.383982929570053,3.506494199039534,6.1395849305356585,1,0.004139357999974891
0.009000000000000001,4.521680507632717,0.017472843688228767,0.0058923312246891985,,0.48706521967490646,0.2474873771031409,0.26464466488418537,0,147,,,,,,,,,,,,,3.066398642467651,constrained,0.05,73,7f45ad076903e1609b7b8bf620eadb7b088224ea3043a80afca7c06cadc56dd8,6.15477876623069,,,,,,,,,,,,,,,,,,0,0.0,,,,,,,,,,0,,SmacHybrid,e2ef3e07afb6bed94b2f2c3d948c29d0a5f57b26a922381e344b6dec6abfaec9,125,3875615c54ba3516f2ab132f071b3ca170a3da54ac191476fba284c8b551c9fb,0,1,horizontal_rack_detour,True,4.521680507632717,3.066398642467651,6.15477876623069,1,0.00891511999998329
0.003,3.392354162664023,0.05228889979129144,0.02297023530885498,,0.4224201775961611,0.2146446641391273,0.23390290478282266,0,216,,,,,,,,,,,,,2.326229700482716,pivot_g2_fixed,0.05,212,cce5820b24ce8bd6720febca04bae40ad21840e3630ccf2c6b3acec480b08a18,6.090523648338356,0,19,"[[8.9407e-08, -2.8], [2.62195, -2.03209], [4.07159, -1.92964], [4.41903, -1.538], [4.63459, -0.421724], [4.8, -0.2]]",73,0.075,0.0530335,0.15,0,6,0,5,"[{'index': 0, 'x': 2.62195, 'y': -2.03209, 'turn_angle': -0.214354, 'incoming_length': 2.73208, 'outgoing_length': 1.45326, 'pivot_safe': True, 'radius_min': 0, 'radius_max': 0, 'trim_min': 0, 'trim_max': 0, 'evaluations': 9, 'safe_feasible': 8, 'states': 0, 'selected_radius': 1.5, 'selected_trim': 0.161384, 'selected_score': 1}, {'index': 1, 'x': 4.07159, 'y': -1.92964, 'turn_angle': 0.774568, 'incoming_length': 1.45326, 'outgoing_length': 0.523544, 'pivot_safe': True, 'radius_min': 0, 'radius_max': 0, 'trim_min': 0, 'trim_max': 0, 'evaluations': 9, 'safe_feasible': 4, 'states': 0, 'selected_radius': 0.5, 'selected_trim': 0.203942, 'selected_score': 0.972508}, {'index': 2, 'x': 4.41903, 'y': -1.538, 'turn_angle': 0.534911, 'incoming_length': 0.523544, 'outgoing_length': 1.1369, 'pivot_safe': True, 'radius_min': 0, 'radius_max': 0, 'trim_min': 0, 'trim_max': 0, 'evaluations': 9, 'safe_feasible': 6, 'states': 0, 'selected_radius': 0.75, 'selected_trim': 0.205515, 'selected_score': 0.847313}, {'index': 3, 'x': 4.63459, 'y': -0.421724, 'turn_angle': -0.450175, 'incoming_length': 1.1369, 'outgoing_length': 0.276624, 'pivot_safe': True, 'radius_min': 0, 'radius_max': 0, 'trim_min': 0, 'trim_max': 0, 'evaluations': 9, 'safe_feasible': 4, 'states': 0, 'selected_radius': 0.5, 'selected_trim': 0.114484, 'selected_score': 0.9}]",4,0,36,none,4,0,0.0,200,0.929955,212,0,"{'angular acceleration iteration did not converge': 1, 'transition would overlap an adjacent corner window': 13}",0.00257043,fixed,0.05,,0,22,SmacHybrid,e2ef3e07afb6bed94b2f2c3d948c29d0a5f57b26a922381e344b6dec6abfaec9,123,3875615c54ba3516f2ab132f071b3ca170a3da54ac191476fba284c8b551c9fb,0,1,horizontal_rack_detour,True,3.392354162664023,2.326229700482716,6.090523648338356,1,0.007366771000306471
0.009000000000000001,4.126812101770909,0.05228889979129144,0.02278789785452176,,0.45244594062375193,0.2146446641391273,0.2474873771031409,0,224,,,,,,,,,,,,,3.4566367855475617,pivot_g2,0.05,220,881814c8ec68d3dd3e94b7bb04a102c91721c2295a3cd8a6f7e3066931f95a3b,6.095307114435859,80,64,"[[8.9407e-08, -2.8], [2.62195, -2.03209], [4.07159, -1.92964], [4.41903, -1.538], [4.63459, -0.421724], [4.8, -0.2]]",73,0.075,0.0530335,0.15,0,6,0,5,"[{'index': 0, 'x': 2.62195, 'y': -2.03209, 'turn_angle': -0.214354, 'incoming_length': 2.73208, 'outgoing_length': 1.45326, 'pivot_safe': True, 'radius_min': 0.1, 'radius_max': 1.5, 'trim_min': 0.0107589, 'trim_max': 0.161384, 'evaluations': 20, 'safe_feasible': 17, 'states': 6, 'selected_radius': 1.5, 'selected_trim': 0.161384, 'selected_score': 0.192534}, {'index': 1, 'x': 4.07159, 'y': -1.92964, 'turn_angle': 0.774568, 'incoming_length': 1.45326, 'outgoing_length': 0.523544, 'pivot_safe': True, 'radius_min': 0.1, 'radius_max': 1.28356, 'trim_min': 0.0407884, 'trim_max': 0.523544, 'evaluations': 20, 'safe_feasible': 16, 'states': 6, 'selected_radius': 0.336712, 'selected_trim': 0.137339, 'selected_score': 0.7251}, {'index': 2, 'x': 4.41903, 'y': -1.538, 'turn_angle': 0.534911, 'incoming_length': 0.523544, 'outgoing_length': 1.1369, 'pivot_safe': True, 'radius_min': 0.1, 'radius_max': 1.5, 'trim_min': 0.027402, 'trim_max': 0.411031, 'evaluations': 20, 'safe_feasible': 18, 'states': 6, 'selected_radius': 0.415, 'selected_trim': 0.113718, 'selected_score': 0.612013}, {'index': 3, 'x': 4.63459, 'y': -0.421724, 'turn_angle': -0.450175, 'incoming_length': 1.1369, 'outgoing_length': 0.276624, 'pivot_safe': True, 'radius_min': 0.1, 'radius_max': 1.20814, 'trim_min': 0.0228967, 'trim_max': 0.276624, 'evaluations': 20, 'safe_feasible': 17, 'states': 6, 'selected_radius': 1.20814, 'selected_trim': 0.276624, 'selected_score': 0.250712}]",4,24,80,none,4,0,0.0,200,0.44509,220,0,"{'angular acceleration iteration did not converge': 6, 'transition requires a reversing inner wheel': 6}",0.00850961,adaptive,0.05,,0,68,SmacHybrid,e2ef3e07afb6bed94b2f2c3d948c29d0a5f57b26a922381e344b6dec6abfaec9,123,3875615c54ba3516f2ab132f071b3ca170a3da54ac191476fba284c8b551c9fb,0,1,horizontal_rack_detour,True,4.126812101770909,3.4566367855475617,6.095307114435859,1,0.014721197000199027
0.003,3.392354162664023,0.05228889979129144,0.02297023530885498,,0.4224201775961611,0.2146446641391273,0.23390290478282266,0,216,3.39235,0,177,True,7.06892,150,True,safety_gain_within_energy_budget,pivot_g2,2.26027,202,True,2.326229700482716,adaptive_hybrid_fixed,0.05,212,cce5820b24ce8bd6720febca04bae40ad21840e3630ccf2c6b3acec480b08a18,6.090523648338356,,,,,,,,,,,,,,,,,,0,0.0,,,,,,,,,,0,,SmacHybrid,e2ef3e07afb6bed94b2f2c3d948c29d0a5f57b26a922381e344b6dec6abfaec9,123,3875615c54ba3516f2ab132f071b3ca170a3da54ac191476fba284c8b551c9fb,0,1,horizontal_rack_detour,True,3.392354162664023,2.326229700482716,6.090523648338356,1,0.00658895400010806
0.009000000000000001,4.126812101770909,0.05228889979129144,0.02278789785452176,,0.45244594062375193,0.2146446641391273,0.2474873771031409,0,224,4.12681,0,177,True,7.06892,150,True,safety_gain_within_energy_budget,pivot_g2,2.26027,202,True,3.4566367855475617,adaptive_hybrid,0.05,220,881814c8ec68d3dd3e94b7bb04a102c91721c2295a3cd8a6f7e3066931f95a3b,6.095307114435859,,,,,,,,,,,,,,,,,,0,0.0,,,,,,,,,,0,,SmacHybrid,e2ef3e07afb6bed94b2f2c3d948c29d0a5f57b26a922381e344b6dec6abfaec9,123,3875615c54ba3516f2ab132f071b3ca170a3da54ac191476fba284c8b551c9fb,0,1,horizontal_rack_detour,True,4.126812101770909,3.4566367855475617,6.095307114435859,1,0.015772906000165676
0.003,10.594807051940029,1.6653345369377348e-16,4.1471312274845906e-17,,0.3648199134053832,0.23390290478282266,0.25619225950049973,0,140,,,,,,,,,,,,,4.3398267753087065,raw,0.05,59,9066eb0f898e9a05267cf530e0e442c46a8764f7c0fce1485e2c1f0ac6a219a2,4.959454425724628,,,,,,,,,,,,,,,,,,0,0.0,,,,,,,,,,0,,SmacHybrid,a26c8ed8dc254cfe475cca9331fea319e6eebb986961ed8ac8655d25dd1eaf55,101,9066eb0f898e9a05267cf530e0e442c46a8764f7c0fce1485e2c1f0ac6a219a2,0,1,right_rack_detour,True,10.594807051940029,4.3398267753087065,4.959454425724628,1,0.003903926000020874
0.0,3.3788590799974614,0.0671799634875003,0.028018871884429242,,0.3541954223835145,0.2146446641391273,0.2146446641391273,0,120,,,,,,,,,,,,,2.754271758803878,simple,0.05,59,f522b3cd89dab1163c96f55468c81c6ee74c7d43afa70f5448ce3eaf83b08736,4.820478345267477,,,,,,,,,,,,,,,,,,0,0.0,,,,,,,,,,0,,SmacHybrid,a26c8ed8dc254cfe475cca9331fea319e6eebb986961ed8ac8655d25dd1eaf55,98,9066eb0f898e9a05267cf530e0e442c46a8764f7c0fce1485e2c1f0ac6a219a2,0,1,right_rack_detour,True,3.3788590799974614,2.754271758803878,4.820478345267477,1,0.004059954999775073
0.0,7.772916816814635,0.012714891571070338,0.003983065536217103,,0.36468248725247504,0.2474873771031409,0.25619225950049973,0,125,,,,,,,,,,,,,4.399867158401294,savitzky_golay,0.05,59,2905eef108288122527a278b8328bb289c4dce5082c57d31212623aef5d5d98b,4.940236115600515,,,,,,,,,,,,,,,,,,0,0.0,,,,,,,,,,0,,SmacHybrid,a26c8ed8dc254cfe475cca9331fea319e6eebb986961ed8ac8655d25dd1eaf55,100,9066eb0f898e9a05267cf530e0e442c46a8764f7c0fce1485e2c1f0ac6a219a2,0,1,right_rack_detour,True,7.772916816814635,4.399867158401294,4.940236115600515,1,0.0048901969998951245
0.003,8.992948451297167,0.010396609577231914,0.0031352225898574116,,0.36724692032445544,0.25619225950049973,0.25619225950049973,0,125,,,,,,,,,,,,,4.393912517513358,constrained,0.05,59,79783d71dd40d192244abb855b2fa793a277a17f5181aa2473299bf154cca0e2,4.960116330532469,,,,,,,,,,,,,,,,,,0,0.0,,,,,,,,,,0,,SmacHybrid,a26c8ed8dc254cfe475cca9331fea319e6eebb986961ed8ac8655d25dd1eaf55,101,9066eb0f898e9a05267cf530e0e442c46a8764f7c0fce1485e2c1f0ac6a219a2,0,1,right_rack_detour,True,8.992948451297167,4.393912517513358,4.960116330532469,1,0.0064368900002591545
0.006,5.707189299061054,0.06281093055508256,0.022927615752720405,,0.33834794874471297,0.23390290478282266,0.23797824647891813,0,227,,,,,,,,,,,,,3.8897708308618397,pivot_g2_fixed,0.05,220,8111d974e6d00bd23d7c7197842f95efb13fc81615bef493da5906308d89a7b3,4.879629009421315,0,25,"[[3.2, 5.96046e-08], [3.50311, 0.175], [4.02385, 0.0190964], [4.66265, 0.0310223], [4.95645, 0.231904], [5.14824, 0.642901], [5.30672, 2.07526], [5.2, 3.2]]",59,0.075,0.0647741,0.15,0,8,0,7,"[{'index': 0, 'x': 3.50311, 'y': 0.175, 'turn_angle': -0.81449, 'incoming_length': 0.35, 'outgoing_length': 0.543582, 'pivot_safe': True, 'radius_min': 0, 'radius_max': 0, 'trim_min': 0, 'trim_max': 0, 'evaluations': 9, 'safe_feasible': 2, 'states': 0, 'selected_radius': 0.3, 'selected_trim': 0.129408, 'selected_score': 1}, {'index': 1, 'x': 4.02385, 'y': 0.0190964, 'turn_angle': 0.30956, 'incoming_length': 0.543582, 'outgoing_length': 0.638907, 'pivot_safe': True, 'radius_min': 0, 'radius_max': 0, 'trim_min': 0, 'trim_max': 0, 'evaluations': 9, 'safe_feasible': 8, 'states': 0, 'selected_radius': 1.25, 'selected_trim': 0.195035, 'selected_score': 0.957759}, {'index': 2, 'x': 4.66265, 'y': 0.0310223, 'turn_angle': 0.581063, 'incoming_length': 0.638907, 'outgoing_length': 0.355908, 'pivot_safe': True, 'radius_min': 0, 'radius_max': 0, 'trim_min': 0, 'trim_max': 0, 'evaluations': 9, 'safe_feasible': 4, 'states': 0, 'selected_radius': 0.5, 'selected_trim': 0.149496, 'selected_score': 0.931072}, {'index': 3, 'x': 4.95645, 'y': 0.231904, 'turn_angle': 0.53445, 'incoming_length': 0.355908, 'outgoing_length': 0.453545, 'pivot_safe': True, 'radius_min': 0, 'radius_max': 0, 'trim_min': 0, 'trim_max': 0, 'evaluations': 9, 'safe_feasible': 4, 'states': 0, 'selected_radius': 0.5, 'selected_trim': 0.136887, 'selected_score': 0.91796}, {'index': 4, 'x': 5.14824, 'y': 0.642901, 'turn_angle': 0.326422, 'incoming_length': 0.453545, 'outgoing_length': 1.4411, 'pivot_safe': True, 'radius_min': 0, 'radius_max': 0, 'trim_min': 0, 'trim_max': 0, 'evaluations': 9, 'safe_feasible': 6, 'states': 0, 'selected_radius': 1, 'selected_trim': 0.164676, 'selected_score': 0.901429}, {'index': 5, 'x': 5.30672, 'y': 2.07526, 'turn_angle': 0.204795, 'incoming_length': 1.4411, 'outgoing_length': 1.12979, 'pivot_safe': True, 'radius_min': 0, 'radius_max': 0, 'trim_min': 0, 'trim_max': 0, 'evaluations': 9, 'safe_feasible': 8, 'states': 0, 'selected_radius': 1.5, 'selected_trim': 0.154135, 'selected_score': 1}]",6,0,54,none,6,0,0.0,200,0.95137,220,0,"{'angular acceleration iteration did not converge': 3, 'transition would overlap an adjacent corner window': 19}",0.00381919,fixed,0.05,,0,32,SmacHybrid,a26c8ed8dc254cfe475cca9331fea319e6eebb986961ed8ac8655d25dd1eaf55,99,9066eb0f898e9a05267cf530e0e442c46a8764f7c0fce1485e2c1f0ac6a219a2,0,1,right_rack_detour,True,5.707189299061054,3.8897708308618397,4.879629009421315,1,0.010796907999974792
0.012,5.879358839916616,0.06504238281832776,0.02579581460278886,,0.34498291386216895,0.23390290478282266,0.23390290478282266,0,236,,,,,,,,,,,,,5.114415692224516,pivot_g2,0.05,229,c38ec9cb6c2797e5f4da06ffc15ac5529dbea947152c4937b4d3335ef27e5f4b,4.865207823037889,111,98,"[[3.2, 5.96046e-08], [3.50311, 0.175], [4.02385, 0.0190964], [4.66265, 0.0310223], [4.95645, 0.231904], [5.14824, 0.642901], [5.30672, 2.07526], [5.2, 3.2]]",59,0.075,0.0647741,0.15,0,8,0,7,"[{'index': 0, 'x': 3.50311, 'y': 0.175, 'turn_angle': -0.81449, 'incoming_length': 0.35, 'outgoing_length': 0.543582, 'pivot_safe': True, 'radius_min': 0.1, 'radius_max': 0.811387, 'trim_min': 0.043136, 'trim_max': 0.35, 'evaluations': 20, 'safe_feasible': 18, 'states': 6, 'selected_radius': 0.793603, 'selected_trim': 0.342328, 'selected_score': 0.546742}, {'index': 1, 'x': 4.02385, 'y': 0.0190964, 'turn_angle': 0.30956, 'incoming_length': 0.543582, 'outgoing_length': 0.638907, 'pivot_safe': True, 'radius_min': 0.1, 'radius_max': 1.5, 'trim_min': 0.0156028, 'trim_max': 0.234042, 'evaluations': 20, 'safe_feasible': 17, 'states': 6, 'selected_radius': 0.485, 'selected_trim': 0.0756735, 'selected_score': 0.461229}, {'index': 2, 'x': 4.66265, 'y': 0.0310223, 'turn_angle': 0.581063, 'incoming_length': 0.638907, 'outgoing_length': 0.355908, 'pivot_safe': True, 'radius_min': 0.1, 'radius_max': 1.19036, 'trim_min': 0.0298992, 'trim_max': 0.355908, 'evaluations': 20, 'safe_feasible': 17, 'states': 6, 'selected_radius': 0.318072, 'selected_trim': 0.095101, 'selected_score': 0.661906}, {'index': 3, 'x': 4.95645, 'y': 0.231904, 'turn_angle': 0.53445, 'incoming_length': 0.355908, 'outgoing_length': 0.453545, 'pivot_safe': True, 'radius_min': 0.1, 'radius_max': 1.30001, 'trim_min': 0.0273773, 'trim_max': 0.355908, 'evaluations': 20, 'safe_feasible': 18, 'states': 6, 'selected_radius': 0.220001, 'selected_trim': 0.0602304, 'selected_score': 0.708553}, {'index': 4, 'x': 5.14824, 'y': 0.642901, 'turn_angle': 0.326422, 'incoming_length': 0.453545, 'outgoing_length': 1.4411, 'pivot_safe': True, 'radius_min': 0.1, 'radius_max': 1.5, 'trim_min': 0.0164676, 'trim_max': 0.247014, 'evaluations': 20, 'safe_feasible': 17, 'states': 6, 'selected_radius': 1.5, 'selected_trim': 0.247014, 'selected_score': 0.276548}, {'index': 5, 'x': 5.30672, 'y': 2.07526, 'turn_angle': 0.204795, 'incoming_length': 1.4411, 'outgoing_length': 1.12979, 'pivot_safe': True, 'radius_min': 0.1, 'radius_max': 1.5, 'trim_min': 0.0102757, 'trim_max': 0.154135, 'evaluations': 20, 'safe_feasible': 17, 'states': 6, 'selected_radius': 1.5, 'selected_trim': 0.154135, 'selected_score': 0.163505}]",6,36,120,none,6,0,0.0,200,0.469747,229,0,"{'angular acceleration iteration did not converge': 7, 'transition requires a reversing inner wheel': 9}",0.0112852,adaptive,0.05,,0,104,SmacHybrid,a26c8ed8dc254cfe475cca9331fea319e6eebb986961ed8ac8655d25dd1eaf55,99,9066eb0f898e9a05267cf530e0e442c46a8764f7c0fce1485e2c1f0ac6a219a2,0,1,right_rack_detour,True,5.879358839916616,5.114415692224516,4.865207823037889,1,0.017250709999643732
0.003,5.707189299061054,0.06281093055508256,0.022927615752720405,,0.33834794874471297,0.23390290478282266,0.23797824647891813,0,227,5.70719,0,177,True,10.5948,173,True,safety_gain_within_energy_budget,pivot_g2,3.37886,202,True,3.8897708308618397,adaptive_hybrid_fixed,0.05,220,8111d974e6d00bd23d7c7197842f95efb13fc81615bef493da5906308d89a7b3,4.879629009421315,,,,,,,,,,,,,,,,,,0,0.0,,,,,,,,,,0,,SmacHybrid,a26c8ed8dc254cfe475cca9331fea319e6eebb986961ed8ac8655d25dd1eaf55,99,9066eb0f898e9a05267cf530e0e442c46a8764f7c0fce1485e2c1f0ac6a219a2,0,1,right_rack_detour,True,5.707189299061054,3.8897708308618397,4.879629009421315,1,0.010724102000040148
0.012,5.879358839916616,0.06504238281832776,0.02579581460278886,,0.34498291386216895,0.23390290478282266,0.23390290478282266,0,236,5.87936,0,177,True,10.5948,173,True,safety_gain_within_energy_budget,pivot_g2,3.37886,202,True,5.114415692224516,adaptive_hybrid,0.05,229,c38ec9cb6c2797e5f4da06ffc15ac5529dbea947152c4937b4d3335ef27e5f4b,4.865207823037889,,,,,,,,,,,,,,,,,,0,0.0,,,,,,,,,,0,,SmacHybrid,a26c8ed8dc254cfe475cca9331fea319e6eebb986961ed8ac8655d25dd1eaf55,99,9066eb0f898e9a05267cf530e0e442c46a8764f7c0fce1485e2c1f0ac6a219a2,0,1,right_rack_detour,True,5.879358839916616,5.114415692224516,4.865207823037889,1,0.015099947999715368
0.006,14.839885254134964,8.881784197001252e-16,6.667661272777937e-17,,0.38052821922902696,0.014644661158895074,0.06464466190395313,0,344,,,,,,,,,,,,,4.728289897093249,raw,0.05,157,a044984b43701a21a448fc6948d57b467a2bdbf4a84b891cab3d031e6da3d25c,13.916126942007908,,,,,,,,,,,,,,,,,,0,0.0,,,,,,,,,,0,,SmacHybrid,1319a5730b940fdf6ed386448176ff09187dfbe21aae60ca0a9965b7cb80f50d,280,a044984b43701a21a448fc6948d57b467a2bdbf4a84b891cab3d031e6da3d25c,0,1,long_northeast_to_southwest,True,14.839885254134964,4.728289897093249,13.916126942007908,1,0.009169795000161685
0.0,4.465194334172071,0.07051526489908869,0.020010963666050555,,0.38689764624679895,0.06464466190395313,0.11464466264901119,0,316,,,,,,,,,,,,,2.8996767836378505,simple,0.05,157,3c62fc2014db75b93f8cc6b46506f2e845f9b526ff8389df3ff952ac1eff0c33,13.728492225918506,,,,,,,,,,,,,,,,,,0,0.0,,,,,,,,,,0,,SmacHybrid,1319a5730b940fdf6ed386448176ff09187dfbe21aae60ca0a9965b7cb80f50d,276,a044984b43701a21a448fc6948d57b467a2bdbf4a84b891cab3d031e6da3d25c,0,1,long_northeast_to_southwest,True,4.465194334172071,2.8996767836378505,13.728492225918506,1,0.00682244300014645
,,,,"smoothing failed: status=6, code=503, message=''",,,,,,,,,,,,,,,,,,,savitzky_golay,,,,,,,,,,,,,,,,,,,,,,,,,,,,,,,,,,,SmacHybrid,1319a5730b940fdf6ed386448176ff09187dfbe21aae60ca0a9965b7cb80f50d,,a044984b43701a21a448fc6948d57b467a2bdbf4a84b891cab3d031e6da3d25c,0,1,long_northeast_to_southwest,False,,,,,
0.009000000000000001,10.741016873532685,0.08703354841743566,0.01721460360175455,,0.3817100313346246,0.014644661158895074,0.07214466201571194,0,324,,,,,,,,,,,,,5.883146537034812,constrained,0.05,157,0cecfd49291cb7bf8270a96c8271a321fb6d65e46f9928c042f01732c8252cb6,13.882750473059131,,,,,,,,,,,,,,,,,,0,0.0,,,,,,,,,,0,,SmacHybrid,1319a5730b940fdf6ed386448176ff09187dfbe21aae60ca0a9965b7cb80f50d,279,a044984b43701a21a448fc6948d57b467a2bdbf4a84b891cab3d031e6da3d25c,0,1,long_northeast_to_southwest,True,10.741016873532685,5.883146537034812,13.882750473059131,1,0.015121214999908261
,,,,"smoothing failed: status=6, code=504, message=''",,,,,,,,,,,,,,,,,,,pivot_g2_fixed,,,,,,,,,,,,,,,,,,,,,,,,,,,,,,,,,,,SmacHybrid,1319a5730b940fdf6ed386448176ff09187dfbe21aae60ca0a9965b7cb80f50d,,a044984b43701a21a448fc6948d57b467a2bdbf4a84b891cab3d031e6da3d25c,0,1,long_northeast_to_southwest,False,,,,,
,,,,"smoothing failed: status=6, code=504, message=''",,,,,,,,,,,,,,,,,,,pivot_g2,,,,,,,,,,,,,,,,,,,,,,,,,,,,,,,,,,,SmacHybrid,1319a5730b940fdf6ed386448176ff09187dfbe21aae60ca0a9965b7cb80f50d,,a044984b43701a21a448fc6948d57b467a2bdbf4a84b891cab3d031e6da3d25c,0,1,long_northeast_to_southwest,False,,,,,
0.0,4.465194334172071,0.07051526489908869,0.020010963666050555,,0.38689764624679895,0.06464466190395313,0.11464466264901119,0,316,,0,,False,,253,False,pivot_unsafe,simple,4.46519,253,True,2.8996767836378505,adaptive_hybrid_fixed,0.05,157,3c62fc2014db75b93f8cc6b46506f2e845f9b526ff8389df3ff952ac1eff0c33,13.728492225918506,,,,,,,,,,,,,,,,,,0,0.0,,,,,,,,,,0,,SmacHybrid,1319a5730b940fdf6ed386448176ff09187dfbe21aae60ca0a9965b7cb80f50d,276,a044984b43701a21a448fc6948d57b467a2bdbf4a84b891cab3d031e6da3d25c,0,1,long_northeast_to_southwest,True,4.465194334172071,2.8996767836378505,13.728492225918506,1,0.0071462219998466026
0.018000000000000002,4.465194334172071,0.07051526489908869,0.020010963666050555,,0.38689764624679895,0.06464466190395313,0.11464466264901119,0,316,,0,,False,,253,False,pivot_unsafe,simple,4.46519,253,True,2.8996767836378505,adaptive_hybrid,0.05,157,3c62fc2014db75b93f8cc6b46506f2e845f9b526ff8389df3ff952ac1eff0c33,13.728492225918506,,,,,,,,,,,,,,,,,,0,0.0,,,,,,,,,,0,,SmacHybrid,1319a5730b940fdf6ed386448176ff09187dfbe21aae60ca0a9965b7cb80f50d,276,a044984b43701a21a448fc6948d57b467a2bdbf4a84b891cab3d031e6da3d25c,0,1,long_northeast_to_southwest,True,4.465194334172071,2.8996767836378505,13.728492225918506,1,0.02421361100005015
