algorithm_time_s,curvature_energy_1pm,deviation_max_m,deviation_rmse_m,error,footprint_clearance_mean_m,footprint_clearance_min_m,footprint_clearance_p05_m,footprint_collision_sample_count,footprint_pose_sample_count,hybrid_pivot_energy,hybrid_pivot_markers,hybrid_pivot_max_cost,hybrid_pivot_safe,hybrid_raw_energy,hybrid_raw_max_cost,hybrid_raw_safe,hybrid_reason,hybrid_selected,hybrid_simple_energy,hybrid_simple_max_cost,hybrid_simple_safe,max_abs_curvature_1pm,method,metric_spacing_m,native_point_count,output_path_sha256,path_length_m,pivot_competitive_candidates,pivot_corners,pivot_g2_transitions,pivot_marker_count,pivot_max_angle_rad,pivot_max_footprint_cost,pivot_mean_transition_score,pivot_output_points,pivot_pivots,pivot_runtime_s,pivot_total_angle_rad,pivot_valid_candidates,planner,planner_output_path_sha256,point_count,raw_path_sha256,removed_duplicate_pose_count,repetition,scenario,success,translation_curvature_energy_1pm,translation_max_abs_curvature_1pm,translation_path_length_m,translation_segment_count,wall_time_s
0.0,2.842173060620692e-11,0.0,0.0,,1.1282437246660393,0.6646446708446498,0.9146446745699401,0,400,,,,,,,,,,,,,2.3841868568284222e-05,raw,0.05,398,37de1436b1bd5f948dc22686567b78a7cda9a45e34442873a2d54bd8fac479ff,9.999999985098874,,,,0,0.0,,,,,,0,,NavFnAStar,37de1436b1bd5f948dc22686567b78a7cda9a45e34442873a2d54bd8fac479ff,201,37de1436b1bd5f948dc22686567b78a7cda9a45e34442873a2d54bd8fac479ff,0,1,central_cross_west_east,True,2.842173060620692e-11,2.3841868568284222e-05,9.999999985098874,1,0.006762764000086463
0.003,8.635807856515627e-13,3.7376774715929616e-08,3.055772664415383e-09,,1.1298195992971258,0.6646446708446498,0.9646446753149982,0,398,,,,,,,,,,,,,2.556886386295658e-06,simple,0.05,398,c0c660141882bd21dc91c8ef095e24747ee4bddb212c21f12bf2a926649a79c1,9.999999985098848,,,,0,0.0,,,,,,0,,NavFnAStar,37de1436b1bd5f948dc22686567b78a7cda9a45e34442873a2d54bd8fac479ff,201,37de1436b1bd5f948dc22686567b78a7cda9a45e34442873a2d54bd8fac479ff,0,1,central_cross_west_east,True,8.635807856515627e-13,2.556886386295658e-06,9.999999985098848,1,0.010677016000045114
0.0,3.5654956008060806e-12,2.6897536084097644e-08,1.949956491147194e-09,,1.1300708555822767,0.6646446708446498,0.9646446753149982,0,398,,,,,,,,,,,,,5.123707236092588e-06,savitzky_golay,0.05,398,2e3305419a16a2619e7669b623182814afb694aafa5b51340b8ea784646428e7,9.999999985098855,,,,0,0.0,,,,,,0,,NavFnAStar,37de1436b1bd5f948dc22686567b78a7cda9a45e34442873a2d54bd8fac479ff,201,37de1436b1bd5f948dc22686567b78a7cda9a45e34442873a2d54bd8fac479ff,0,1,central_cross_west_east,True,3.5654956008060806e-12,5.123707236092588e-06,9.999999985098855,1,0.007632751000528515
0.003,2.842173060620692e-11,0.0,0.0,,1.1282437246660393,0.6646446708446498,0.9146446745699401,0,400,,,,,,,,,,,,,2.3841868568284222e-05,constrained,0.05,398,37de1436b1bd5f948dc22686567b78a7cda9a45e34442873a2d54bd8fac479ff,9.999999985098874,,,,0,0.0,,,,,,0,,NavFnAStar,37de1436b1bd5f948dc22686567b78a7cda9a45e34442873a2d54bd8fac479ff,201,37de1436b1bd5f948dc22686567b78a7cda9a45e34442873a2d54bd8fac479ff,0,1,central_cross_west_east,True,2.842173060620692e-11,2.3841868568284222e-05,9.999999985098874,1,0.009683686999778729
0.0,1.0729426444731802e-40,5.9306621639887464e-08,3.419829379836717e-08,,1.1229179432427832,0.6646446708446498,0.9146446745699401,0,201,,,,,,,,,,,,,1.0081263715489865e-20,pivot_g2,0.05,201,05478e9a5670183473e59d2ecd73cb6c971e74a9da875726411f510df3f04611,9.999999985098839,0,0,0,0,0.0,200,0,201,0,0.000481968,0,0,NavFnAStar,37de1436b1bd5f948dc22686567b78a7cda9a45e34442873a2d54bd8fac479ff,201,37de1436b1bd5f948dc22686567b78a7cda9a45e34442873a2d54bd8fac479ff,0,1,central_cross_west_east,True,1.0729426444731802e-40,1.0081263715489865e-20,9.999999985098839,1,0.0059139959994354285
0.0,8.635807856515627e-13,3.7376774715929616e-08,3.055772664415383e-09,,1.1298195992971258,0.6646446708446498,0.9646446753149982,0,398,1.07294e-40,0,0,True,2.84217e-11,0,True,simple_default,simple,8.63581e-13,0,True,2.556886386295658e-06,adaptive_hybrid,0.05,398,c0c660141882bd21dc91c8ef095e24747ee4bddb212c21f12bf2a926649a79c1,9.999999985098848,,,,0,0.0,,,,,,0,,NavFnAStar,37de1436b1bd5f948dc22686567b78a7cda9a45e34442873a2d54bd8fac479ff,201,37de1436b1bd5f948dc22686567b78a7cda9a45e34442873a2d54bd8fac479ff,0,1,central_cross_west_east,True,8.635807856515627e-13,2.556886386295658e-06,9.999999985098848,1,0.00952922599935846
0.0,2.8421523083995775e-11,0.0,0.0,,1.0909426513700655,0.6146446700995918,0.6646446708446498,0,435,,,,,,,,,,,,,2.3841779750469777e-05,raw,0.05,398,93e6f61b9142b0efdebdbc06deb3bdac7bd7af19669590b1a05aca3b18127557,10.000000163912809,,,,0,0.0,,,,,,0,,NavFnAStar,93e6f61b9142b0efdebdbc06deb3bdac7bd7af19669590b1a05aca3b18127557,202,93e6f61b9142b0efdebdbc06deb3bdac7bd7af19669590b1a05aca3b18127557,0,1,central_cross_east_west,True,2.8421523083995775e-11,2.3841779750469777e-05,10.000000163912809,1,0.0062156040003173985
0.0,8.728463154741837e-13,3.737673058107496e-08,3.048196161519e-09,,1.0919879076173873,0.6146446700995918,0.6646446708446498,0,433,,,,,,,,,,,,,2.55688179700746e-06,simple,0.05,398,67e12a138e6c6c8fd76aa6516bc201c8bc698c7190bf21dd5227ac7e2a55480d,10.000000163912782,,,,0,0.0,,,,,,0,,NavFnAStar,93e6f61b9142b0efdebdbc06deb3bdac7bd7af19669590b1a05aca3b18127557,202,93e6f61b9142b0efdebdbc06deb3bdac7bd7af19669590b1a05aca3b18127557,0,1,central_cross_east_west,True,8.728463154741837e-13,2.55688179700746e-06,10.000000163912782,1,0.008682846999363392
0.0,3.6002111449138287e-12,2.6897496401697942e-08,1.9451210856230103e-09,,1.092334327945875,0.6146446700995918,0.6646446708446498,0,433,,,,,,,,,,,,,5.123695837530018e-06,savitzky_golay,0.05,398,9a1dff29829e761d0209fa0e47ba4ec842ab15d8acf3bc7d32b64d1599e70925,10.00000016391279,,,,0,0.0,,,,,,0,,NavFnAStar,93e6f61b9142b0efdebdbc06deb3bdac7bd7af19669590b1a05aca3b18127557,202,93e6f61b9142b0efdebdbc06deb3bdac7bd7af19669590b1a05aca3b18127557,0,1,central_cross_east_west,True,3.6002111449138287e-12,5.123695837530018e-06,10.00000016391279,1,0.008172481999281445
0.0,2.8421523083995775e-11,0.0,0.0,,1.0909426513700653,0.6146446700995918,0.6646446708446498,0,435,,,,,,,,,,,,,2.3841779750469777e-05,constrained,0.05,398,93e6f61b9142b0efdebdbc06deb3bdac7bd7af19669590b1a05aca3b18127557,10.000000163912809,,,,0,0.0,,,,,,0,,NavFnAStar,93e6f61b9142b0efdebdbc06deb3bdac7bd7af19669590b1a05aca3b18127557,202,93e6f61b9142b0efdebdbc06deb3bdac7bd7af19669590b1a05aca3b18127557,0,1,central_cross_east_west,True,2.8421523083995775e-11,2.3841779750469777e-05,10.000000163912809,1,0.00938239200058888
0.0,6.683809438174594e-41,5.930662057940244e-08,3.411353892226192e-08,,1.1233918063925625,0.6646446708446498,0.9146446745699401,0,202,,,,,,,,,,,,,5.790264287871102e-21,pivot_g2,0.05,202,4577a5a699960a46b81f878a24e961d21b94d46f2b1b68251b58410254ab77b0,10.000000163912773,0,0,0,0,0.0,200,0,202,0,0.000174073,0,0,NavFnAStar,93e6f61b9142b0efdebdbc06deb3bdac7bd7af19669590b1a05aca3b18127557,202,93e6f61b9142b0efdebdbc06deb3bdac7bd7af19669590b1a05aca3b18127557,0,1,central_cross_east_west,True,6.683809438174594e-41,5.790264287871102e-21,10.000000163912773,1,0.005612991999441874
0.0,8.728463154741837e-13,3.737673058107496e-08,3.048196161519e-09,,1.0919879076173873,0.6146446700995918,0.6646446708446498,0,433,6.68381e-41,0,0,True,2.84215e-11,0,True,simple_default,simple,8.72846e-13,0,True,2.55688179700746e-06,adaptive_hybrid,0.05,398,67e12a138e6c6c8fd76aa6516bc201c8bc698c7190bf21dd5227ac7e2a55480d,10.000000163912782,,,,0,0.0,,,,,,0,,NavFnAStar,93e6f61b9142b0efdebdbc06deb3bdac7bd7af19669590b1a05aca3b18127557,202,93e6f61b9142b0efdebdbc06deb3bdac7bd7af19669590b1a05aca3b18127557,0,1,central_cross_east_west,True,8.728463154741837e-13,2.55688179700746e-06,10.000000163912782,1,0.009587218999513425
0.0,3.996805866498858e-12,3.469446951953614e-18,3.154042683594195e-19,,0.9808052416575644,0.6146446700995918,0.6646446708446498,0,257,,,,,,,,,,,,,8.940700713108245e-06,raw,0.05,238,da6214e870e8e649c9c3a89cb07caed63e5c05641e03dd601c171cff56f2d82d,5.999999985098844,,,,0,0.0,,,,,,0,,NavFnAStar,da6214e870e8e649c9c3a89cb07caed63e5c05641e03dd601c171cff56f2d82d,121,da6214e870e8e649c9c3a89cb07caed63e5c05641e03dd601c171cff56f2d82d,0,1,west_service_lane,True,3.996805866498858e-12,8.940700713108245e-06,5.999999985098844,1,0.004448918000889535
0.0,1.2144095755317412e-13,1.4016292126939334e-08,1.4769225216663716e-09,,1.0419079612696744,0.6646446708446498,0.8571446737131234,0,238,,,,,,,,,,,,,9.58831236630454e-07,simple,0.05,238,369d10f930a0014874a20d232a2e54b5769a0cadea31dde115c1b73b79265d16,5.999999985098841,,,,0,0.0,,,,,,0,,NavFnAStar,da6214e870e8e649c9c3a89cb07caed63e5c05641e03dd601c171cff56f2d82d,121,da6214e870e8e649c9c3a89cb07caed63e5c05641e03dd601c171cff56f2d82d,0,1,west_service_lane,True,1.2144095755317412e-13,9.58831236630454e-07,5.999999985098841,1,0.005739386000641389
0.0,5.013973038058111e-13,1.0086580459756078e-08,9.424574725320259e-10,,1.0423281293431623,0.6646446708446498,0.8646446738248821,0,238,,,,,,,,,,,,,1.921387138281722e-06,savitzky_golay,0.05,238,a00a7709eeb3d2bfa6e084cd7ae7f2ea8bb8cc2f5df311fa67bf9809a9ba7f78,5.9999999850988415,,,,0,0.0,,,,,,0,,NavFnAStar,da6214e870e8e649c9c3a89cb07caed63e5c05641e03dd601c171cff56f2d82d,121,da6214e870e8e649c9c3a89cb07caed63e5c05641e03dd601c171cff56f2d82d,0,1,west_service_lane,True,5.013973038058111e-13,1.921387138281722e-06,5.9999999850988415,1,0.00556423000034556
0.003,3.996805866498858e-12,3.469446951953614e-18,3.154042683594195e-19,,1.0165535111791275,0.6146446700995918,0.6646446708446498,0,256,,,,,,,,,,,,,8.940700713108245e-06,constrained,0.05,238,da6214e870e8e649c9c3a89cb07caed63e5c05641e03dd601c171cff56f2d82d,5.999999985098844,,,,0,0.0,,,,,,0,,NavFnAStar,da6214e870e8e649c9c3a89cb07caed63e5c05641e03dd601c171cff56f2d82d,121,da6214e870e8e649c9c3a89cb07caed63e5c05641e03dd601c171cff56f2d82d,0,1,west_service_lane,True,3.996805866498858e-12,8.940700713108245e-06,5.999999985098844,1,0.006401095000001078
0.0,3.029472395276287e-25,2.2165477453484073e-08,1.2770998964286778e-08,,1.034845758109839,0.6646446708446498,0.814644673079824,0,121,,,,,,,,,,,,,3.5527136854696355e-13,pivot_g2,0.05,121,4d0575244d45c4a8c650b8dd55c9420fbaa62be814abb41dd0527e3933e3c2be,5.999999985098839,0,0,0,0,0.0,200,0,121,0,0.000127373,0,0,NavFnAStar,da6214e870e8e649c9c3a89cb07caed63e5c05641e03dd601c171cff56f2d82d,121,da6214e870e8e649c9c3a89cb07caed63e5c05641e03dd601c171cff56f2d82d,0,1,west_service_lane,True,3.029472395276287e-25,3.5527136854696355e-13,5.999999985098839,1,0.003986758999417361
0.003,1.2144095755317412e-13,1.4016292126939334e-08,1.4769225216663716e-09,,1.0419079612696744,0.6646446708446498,0.8571446737131234,0,238,3.02947e-25,0,0,True,3.99681e-12,0,True,simple_default,simple,1.21441e-13,0,True,9.58831236630454e-07,adaptive_hybrid,0.05,238,369d10f930a0014874a20d232a2e54b5769a0cadea31dde115c1b73b79265d16,5.999999985098841,,,,0,0.0,,,,,,0,,NavFnAStar,da6214e870e8e649c9c3a89cb07caed63e5c05641e03dd601c171cff56f2d82d,121,da6214e870e8e649c9c3a89cb07caed63e5c05641e03dd601c171cff56f2d82d,0,1,west_service_lane,True,1.2144095755317412e-13,9.58831236630454e-07,5.999999985098841,1,0.00668867400054296
0.0,2.8421730606179396e-11,3.469446951953614e-18,3.154042683594195e-19,,0.5726437756510452,0.41464466711935954,0.4646446678644176,0,257,,,,,,,,,,,,,2.3841868568270456e-05,raw,0.05,238,9d1df56cc9c8f5bf1dbfc4f320dbfa33b2e00f9150aefc98694f94e5deec520c,5.999999985098874,,,,0,0.0,,,,,,0,,NavFnAStar,9d1df56cc9c8f5bf1dbfc4f320dbfa33b2e00f9150aefc98694f94e5deec520c,121,9d1df56cc9c8f5bf1dbfc4f320dbfa33b2e00f9150aefc98694f94e5deec520c,0,1,picking_aisle_a,True,2.8421730606179396e-11,2.3841868568270456e-05,5.999999985098874,1,0.004382867999993323
0.0,8.635797602636549e-13,3.737678322401905e-08,3.93846081233676e-09,,0.614962229175358,0.5146446686094757,0.5146446686094757,0,238,,,,,,,,,,,,,2.5568830608336197e-06,simple,0.05,238,2022f5b3d68b77cc4e2bba5da0ac17c2c4853bdd8308c41e059192acad922d22,5.999999985098849,,,,0,0.0,,,,,,0,,NavFnAStar,9d1df56cc9c8f5bf1dbfc4f320dbfa33b2e00f9150aefc98694f94e5deec520c,121,9d1df56cc9c8f5bf1dbfc4f320dbfa33b2e00f9150aefc98694f94e5deec520c,0,1,picking_aisle_a,True,8.635797602636549e-13,2.5568830608336197e-06,5.999999985098849,1,0.0053765560005558655
0.0,3.5654902085737784e-12,2.6897551963500632e-08,2.5132202763528066e-09,,0.614962229175358,0.5146446686094757,0.5146446686094757,0,238,,,,,,,,,,,,,5.123700486109625e-06,savitzky_golay,0.05,238,159f63e22aa47cfa398de3d435ce1ad37969116f9389da007cb22229cace2d15,5.999999985098855,,,,0,0.0,,,,,,0,,NavFnAStar,9d1df56cc9c8f5bf1dbfc4f320dbfa33b2e00f9150aefc98694f94e5deec520c,121,9d1df56cc9c8f5bf1dbfc4f320dbfa33b2e00f9150aefc98694f94e5deec520c,0,1,picking_aisle_a,True,3.5654902085737784e-12,5.123700486109625e-06,5.999999985098855,1,0.005898616000195034
0.0,2.8421730606179396e-11,3.469446951953614e-18,3.154042683594195e-19,,0.602635213119489,0.41464466711935954,0.4646446678644176,0,256,,,,,,,,,,,,,2.3841868568270456e-05,constrained,0.05,238,9d1df56cc9c8f5bf1dbfc4f320dbfa33b2e00f9150aefc98694f94e5deec520c,5.999999985098874,,,,0,0.0,,,,,,0,,NavFnAStar,9d1df56cc9c8f5bf1dbfc4f320dbfa33b2e00f9150aefc98694f94e5deec520c,121,9d1df56cc9c8f5bf1dbfc4f320dbfa33b2e00f9150aefc98694f94e5deec520c,0,1,picking_aisle_a,True,2.8421730606179396e-11,2.3841868568270456e-05,5.999999985098874,1,0.005861563000507886
0.0,1.345446115690718e-26,5.910793965391292e-08,3.40559973133154e-08,,0.6104948422331317,0.5146446686094757,0.5146446686094757,0,121,,,,,,,,,,,,,8.881784375879037e-14,pivot_g2,0.05,121,968a1c769183771f39be67209eebe8fb1eb6228484819c8d9d1e11edc00cdb77,5.999999985098839,0,0,0,0,0.0,200,0,121,0,0.000133413,0,0,NavFnAStar,9d1df56cc9c8f5bf1dbfc4f320dbfa33b2e00f9150aefc98694f94e5deec520c,121,9d1df56cc9c8f5bf1dbfc4f320dbfa33b2e00f9150aefc98694f94e5deec520c,0,1,picking_aisle_a,True,1.345446115690718e-26,8.881784375879037e-14,5.999999985098839,1,0.004233823000504344
0.003,8.635797602636549e-13,3.737678322401905e-08,3.93846081233676e-09,,0.614962229175358,0.5146446686094757,0.5146446686094757,0,238,1.34545e-26,0,0,True,2.84217e-11,65,True,simple_default,simple,8.6358e-13,0,True,2.5568830608336197e-06,adaptive_hybrid,0.05,238,2022f5b3d68b77cc4e2bba5da0ac17c2c4853bdd8308c41e059192acad922d22,5.999999985098849,,,,0,0.0,,,,,,0,,NavFnAStar,9d1df56cc9c8f5bf1dbfc4f320dbfa33b2e00f9150aefc98694f94e5deec520c,121,9d1df56cc9c8f5bf1dbfc4f320dbfa33b2e00f9150aefc98694f94e5deec520c,0,1,picking_aisle_a,True,8.635797602636549e-13,2.5568830608336197e-06,5.999999985098849,1,0.007124054000087199
0.0,6.394857940360782e-11,3.469446951953614e-18,3.141089681500624e-19,,0.5726437756510452,0.41464466711935954,0.4646446678644176,0,257,,,,,,,,,,,,,3.576271225821831e-05,raw,0.05,238,cf47d53e78e26d3a29e8cfa0e8cbd079cfb0157a2aad05a1bf39cc4e96f4de3b,6.000000104308208,,,,0,0.0,,,,,,0,,NavFnAStar,cf47d53e78e26d3a29e8cfa0e8cbd079cfb0157a2aad05a1bf39cc4e96f4de3b,122,cf47d53e78e26d3a29e8cfa0e8cbd079cfb0157a2aad05a1bf39cc4e96f4de3b,0,1,picking_aisle_b,True,6.394857940360782e-11,3.576271225821831e-05,6.000000104308208,1,0.022272654000516923
0.0,1.963904108167947e-12,5.60651310624681e-08,5.883425351824461e-09,,0.614962229175358,0.5146446686094757,0.5146446686094757,0,238,,,,,,,,,,,,,3.835320121721944e-06,simple,0.05,238,d1280c19f6ff35b0e504e66be54690af8acfdd63578acd32b77ce14ab84895a8,6.00000010430815,,,,0,0.0,,,,,,0,,NavFnAStar,cf47d53e78e26d3a29e8cfa0e8cbd079cfb0157a2aad05a1bf39cc4e96f4de3b,122,cf47d53e78e26d3a29e8cfa0e8cbd079cfb0157a2aad05a1bf39cc4e96f4de3b,0,1,picking_aisle_b,True,1.963904108167947e-12,3.835320121721944e-06,6.00000010430815,1,0.00621894199957751
0.0,8.100473328962177e-12,4.034628857040741e-08,3.754344935241673e-09,,0.614962229175358,0.5146446686094757,0.5146446686094757,0,238,,,,,,,,,,,,,7.68553919873497e-06,savitzky_golay,0.05,238,04c386075db88a60c341f6c89355d93c88e75c8303cc1acce0db455454061bf3,6.000000104308165,,,,0,0.0,,,,,,0,,NavFnAStar,cf47d53e78e26d3a29e8cfa0e8cbd079cfb0157a2aad05a1bf39cc4e96f4de3b,122,cf47d53e78e26d3a29e8cfa0e8cbd079cfb0157a2aad05a1bf39cc4e96f4de3b,0,1,picking_aisle_b,True,8.100473328962177e-12,7.68553919873497e-06,6.000000104308165,1,0.007370837000053143
0.0,6.394857940360782e-11,3.469446951953614e-18,3.141089681500624e-19,,0.602292837459917,0.41464466711935954,0.4646446678644176,0,257,,,,,,,,,,,,,3.576271225821831e-05,constrained,0.05,238,cf47d53e78e26d3a29e8cfa0e8cbd079cfb0157a2aad05a1bf39cc4e96f4de3b,6.000000104308208,,,,0,0.0,,,,,,0,,NavFnAStar,cf47d53e78e26d3a29e8cfa0e8cbd079cfb0157a2aad05a1bf39cc4e96f4de3b,122,cf47d53e78e26d3a29e8cfa0e8cbd079cfb0157a2aad05a1bf39cc4e96f4de3b,0,1,picking_aisle_b,True,6.394857940360782e-11,3.576271225821831e-05,6.000000104308208,1,0.00740515300003608
0.0,6.141357426564456e-35,8.866190756203373e-08,5.087420353869225e-08,,0.6152816227588004,0.5146446686094757,0.5146446686094757,0,122,,,,,,,,,,,,,4.9563417735197214e-17,pivot_g2,0.05,122,e9ba5413a8c682ed6b2f14640c88c0e2841c154dd311a40a861ebe88c099ac6d,6.000000104308129,0,0,0,0,0.0,200,0,122,0,0.000131669,0,0,NavFnAStar,cf47d53e78e26d3a29e8cfa0e8cbd079cfb0157a2aad05a1bf39cc4e96f4de3b,122,cf47d53e78e26d3a29e8cfa0e8cbd079cfb0157a2aad05a1bf39cc4e96f4de3b,0,1,picking_aisle_b,True,6.141357426564456e-35,4.9563417735197214e-17,6.000000104308129,1,0.004226041000038094
0.003,1.963904108167947e-12,5.60651310624681e-08,5.883425351824461e-09,,0.614962229175358,0.5146446686094757,0.5146446686094757,0,238,6.14136e-35,0,0,True,6.39486e-11,65,True,simple_default,simple,1.9639e-12,0,True,3.835320121721944e-06,adaptive_hybrid,0.05,238,d1280c19f6ff35b0e504e66be54690af8acfdd63578acd32b77ce14ab84895a8,6.00000010430815,,,,0,0.0,,,,,,0,,NavFnAStar,cf47d53e78e26d3a29e8cfa0e8cbd079cfb0157a2aad05a1bf39cc4e96f4de3b,122,cf47d53e78e26d3a29e8cfa0e8cbd079cfb0157a2aad05a1bf39cc4e96f4de3b,0,1,picking_aisle_b,True,1.963904108167947e-12,3.835320121721944e-06,6.00000010430815,1,0.007204063000244787
0.0,1.1368692242423291e-10,3.469446951953614e-18,3.154042683594195e-19,,0.5726437756510452,0.41464466711935954,0.4646446678644176,0,257,,,,,,,,,,,,,4.768373713641386e-05,raw,0.05,238,e0ad290bf0e3dcd6ce2e2953185492cf551b2148c407f2c619d9c49124973b2d,5.999999985098981,,,,0,0.0,,,,,,0,,NavFnAStar,e0ad290bf0e3dcd6ce2e2953185492cf551b2148c407f2c619d9c49124973b2d,121,e0ad290bf0e3dcd6ce2e2953185492cf551b2148c407f2c619d9c49124973b2d,0,1,picking_aisle_c,True,1.1368692242423291e-10,4.768373713641386e-05,5.999999985098981,1,0.004325181999774941
0.0,3.454319041051221e-12,7.47535664480381e-08,7.87692162467352e-09,,0.614962229175358,0.5146446686094757,0.5146446686094757,0,238,,,,,,,,,,,,,5.113766121668163e-06,simple,0.05,238,b3ac02a79fafe3fcd785f4a691f2626de9aa2a6837630d9b114996b75a18f0e0,5.999999985098877,,,,0,0.0,,,,,,0,,NavFnAStar,e0ad290bf0e3dcd6ce2e2953185492cf551b2148c407f2c619d9c49124973b2d,121,e0ad290bf0e3dcd6ce2e2953185492cf551b2148c407f2c619d9c49124973b2d,0,1,picking_aisle_c,True,3.454319041051221e-12,5.113766121668163e-06,5.999999985098877,1,0.00587926200023503
0.0,1.4261960216272607e-11,5.3795105259268894e-08,5.026440665079696e-09,,0.5923940436101787,0.41464466711935954,0.41464466711935954,0,273,,,,,,,,,,,,,1.0247401327492044e-05,savitzky_golay,0.05,238,2f6c00ef2fd11a5a50271531a014c2f8f8ed92b663a11d4834d7b5a363c96ac7,5.999999985098904,,,,0,0.0,,,,,,0,,NavFnAStar,e0ad290bf0e3dcd6ce2e2953185492cf551b2148c407f2c619d9c49124973b2d,121,e0ad290bf0e3dcd6ce2e2953185492cf551b2148c407f2c619d9c49124973b2d,0,1,picking_aisle_c,True,1.4261960216272607e-11,1.0247401327492044e-05,5.999999985098904,1,0.006002572999932454
0.003,1.7050723348576723e-10,5.9598598944887726e-08,5.418054449543768e-09,,0.602635213119489,0.41464466711935954,0.4646446678644176,0,256,,,,,,,,,,,,,4.767883687865121e-05,constrained,0.05,238,f60ca7e3f60f9fa4b1ebfe201ca9dd47d7c9e2646f2998f199ae4a99b6b4886a,5.999999985099052,,,,0,0.0,,,,,,0,,NavFnAStar,e0ad290bf0e3dcd6ce2e2953185492cf551b2148c407f2c619d9c49124973b2d,121,e0ad290bf0e3dcd6ce2e2953185492cf551b2148c407f2c619d9c49124973b2d,0,1,picking_aisle_c,True,1.7050723348576723e-10,4.767883687865121e-05,5.999999985099052,1,0.006130892999863136
0.0,5.381784460742501e-26,1.1821587930782584e-07,6.81119946266308e-08,,0.6104948422331317,0.5146446686094757,0.5146446686094757,0,121,,,,,,,,,,,,,1.7763568741418306e-13,pivot_g2,0.05,121,ead256052d1a4fe3dd0041bc70a179a65f23d827b3369ec33dd4f78e5d9d6d3c,5.99999998509884,0,0,0,0,0.0,200,0,121,0,0.00012348,0,0,NavFnAStar,e0ad290bf0e3dcd6ce2e2953185492cf551b2148c407f2c619d9c49124973b2d,121,e0ad290bf0e3dcd6ce2e2953185492cf551b2148c407f2c619d9c49124973b2d,0,1,picking_aisle_c,True,5.381784460742501e-26,1.7763568741418306e-13,5.99999998509884,1,0.004480546000195318
0.003,3.454319041051221e-12,7.47535664480381e-08,7.87692162467352e-09,,0.614962229175358,0.5146446686094757,0.5146446686094757,0,238,5.38178e-26,0,0,True,1.13687e-10,65,True,simple_default,simple,3.45432e-12,0,True,5.113766121668163e-06,adaptive_hybrid,0.05,238,b3ac02a79fafe3fcd785f4a691f2626de9aa2a6837630d9b114996b75a18f0e0,5.999999985098877,,,,0,0.0,,,,,,0,,NavFnAStar,e0ad290bf0e3dcd6ce2e2953185492cf551b2148c407f2c619d9c49124973b2d,121,e0ad290bf0e3dcd6ce2e2953185492cf551b2148c407f2c619d9c49124973b2d,0,1,picking_aisle_c,True,3.454319041051221e-12,5.113766121668163e-06,5.999999985098877,1,0.0068349079992913175
0.0,1.9584324794007297e-10,3.469446951953614e-18,3.141089681500624e-19,,0.9808052416575644,0.6146446700995918,0.6646446708446498,0,257,,,,,,,,,,,,,6.25847462743736e-05,raw,0.05,238,976d8a1e2b26461750f281c65be85b5bfb19ab0bf791f8d007d04a4305784e2f,6.0000001043083735,,,,0,0.0,,,,,,0,,NavFnAStar,976d8a1e2b26461750f281c65be85b5bfb19ab0bf791f8d007d04a4305784e2f,122,976d8a1e2b26461750f281c65be85b5bfb19ab0bf791f8d007d04a4305784e2f,0,1,east_service_lane,True,1.9584324794007297e-10,6.25847462743736e-05,6.0000001043083735,1,0.004806128999916837
0.0,6.0216882162787425e-12,9.811397827519386e-08,1.0295994156150952e-08,,1.0419079612696744,0.6646446708446498,0.8571446737131234,0,238,,,,,,,,,,,,,6.711810485173507e-06,simple,0.05,238,3fb5453bf6e60b0e0015711828260ca85d326965a2406502fc6dee12d7e9aa9d,6.000000104308195,,,,0,0.0,,,,,,0,,NavFnAStar,976d8a1e2b26461750f281c65be85b5bfb19ab0bf791f8d007d04a4305784e2f,122,976d8a1e2b26461750f281c65be85b5bfb19ab0bf791f8d007d04a4305784e2f,0,1,east_service_lane,True,6.0216882162787425e-12,6.711810485173507e-06,6.000000104308195,1,0.006155850999675749
0.0,2.4821394695381933e-11,7.060600637487369e-08,6.570103760701537e-09,,1.0423281293431623,0.6646446708446498,0.8646446738248821,0,238,,,,,,,,,,,,,1.3449693980765237e-05,savitzky_golay,0.05,238,8196cf36b5f6ade0907d57e2656749a9ea5d428bd86700f9d2644a61ee05c5ff,6.000000104308241,,,,0,0.0,,,,,,0,,NavFnAStar,976d8a1e2b26461750f281c65be85b5bfb19ab0bf791f8d007d04a4305784e2f,122,976d8a1e2b26461750f281c65be85b5bfb19ab0bf791f8d007d04a4305784e2f,0,1,east_service_lane,True,2.4821394695381933e-11,1.3449693980765237e-05,6.000000104308241,1,0.0059918019996985095
0.015000000000000001,2.95329167769323e-10,7.742639684948927e-08,7.010576657179419e-09,,1.0153787686126319,0.6146446700995918,0.6646446708446498,0,257,,,,,,,,,,,,,6.238498002637936e-05,constrained,0.05,238,225ade2f5e2e0fb99036a1155fc60efa103f2e02504475f3c1b107c05c488de0,6.000000104308495,,,,0,0.0,,,,,,0,,NavFnAStar,976d8a1e2b26461750f281c65be85b5bfb19ab0bf791f8d007d04a4305784e2f,122,976d8a1e2b26461750f281c65be85b5bfb19ab0bf791f8d007d04a4305784e2f,0,1,east_service_lane,True,2.95329167769323e-10,6.238498002637936e-05,6.000000104308495,1,0.020262548000573588
0.0,1.132862883145351e-17,1.5515833862167483e-07,8.902985619300587e-08,,1.0363195197568098,0.6646446708446498,0.814644673079824,0,122,,,,,,,,,,,,,2.1287183697009138e-08,pivot_g2,0.05,122,c98e74b1ae76855fbd632a227d6a74b0959334f00a312e5922331c60a7b4f7b7,6.00000010430813,0,0,0,0,0.0,200,0,122,0,0.000129479,0,0,NavFnAStar,976d8a1e2b26461750f281c65be85b5bfb19ab0bf791f8d007d04a4305784e2f,122,976d8a1e2b26461750f281c65be85b5bfb19ab0bf791f8d007d04a4305784e2f,0,1,east_service_lane,True,1.132862883145351e-17,2.1287183697009138e-08,6.00000010430813,1,0.004732124999463849
0.003,6.0216882162787425e-12,9.811397827519386e-08,1.0295994156150952e-08,,1.0419079612696744,0.6646446708446498,0.8571446737131234,0,238,1.13286e-17,0,0,True,1.95843e-10,0,True,simple_default,simple,6.02169e-12,0,True,6.711810485173507e-06,adaptive_hybrid,0.05,238,3fb5453bf6e60b0e0015711828260ca85d326965a2406502fc6dee12d7e9aa9d,6.000000104308195,,,,0,0.0,,,,,,0,,NavFnAStar,976d8a1e2b26461750f281c65be85b5bfb19ab0bf791f8d007d04a4305784e2f,122,976d8a1e2b26461750f281c65be85b5bfb19ab0bf791f8d007d04a4305784e2f,0,1,east_service_lane,True,6.0216882162787425e-12,6.711810485173507e-06,6.000000104308195,1,0.00703537299978052
0.0,84.24695596171833,2.220446049250313e-16,3.451402270467594e-17,,0.4593875454343852,0.16464466339406925,0.2146446641391273,0,326,,,,,,,,,,,,,28.879275871816642,raw,0.05,311,c96d8379f3aeb1cf177584548c1c7e769f7df30a4958e3049851991ece954c67,7.875649683093582,,,,0,0.0,,,,,,0,,NavFnAStar,c96d8379f3aeb1cf177584548c1c7e769f7df30a4958e3049851991ece954c67,160,c96d8379f3aeb1cf177584548c1c7e769f7df30a4958e3049851991ece954c67,0,1,cross_aisle_transfer,True,84.24695596171833,28.879275871816642,7.875649683093582,1,0.006004365000080725
0.003,23.403643428301866,0.020714976614653737,0.0041949620785075165,,0.4486982647164037,0.16464466339406925,0.2146446641391273,0,336,,,,,,,,,,,,,15.156862949519866,simple,0.05,311,a0f4788c88d60248542f159361831f1c3b705bb31b392b36a4ff739b9c352235,7.820883773025461,,,,0,0.0,,,,,,0,,NavFnAStar,c96d8379f3aeb1cf177584548c1c7e769f7df30a4958e3049851991ece954c67,158,c96d8379f3aeb1cf177584548c1c7e769f7df30a4958e3049851991ece954c67,0,1,cross_aisle_transfer,True,23.403643428301866,15.156862949519866,7.820883773025461,1,0.007380799000202387
0.0,43.01662224994082,0.00835354917024678,0.0012981888469302187,,0.4338739779409316,0.11464466264901119,0.16464466339406925,0,365,,,,,,,,,,,,,15.302584560082678,savitzky_golay,0.05,311,c97c9c858c75823fe6ddeebfa710baa233a4f119c3a328efcda6756daa500b49,7.856792864897194,,,,0,0.0,,,,,,0,,NavFnAStar,c96d8379f3aeb1cf177584548c1c7e769f7df30a4958e3049851991ece954c67,159,c96d8379f3aeb1cf177584548c1c7e769f7df30a4958e3049851991ece954c67,0,1,cross_aisle_transfer,True,43.01662224994082,15.302584560082678,7.856792864897194,1,0.007268454999575624
0.018000000000000002,36.20683008910285,0.020515830216017328,0.0038588482377037246,,0.44475551171877237,0.18825146149581692,0.21959563989254183,0,374,,,,,,,,,,,,,9.825214846354188,constrained,0.05,311,334fc775b7981ed6d0d4213021a18f994fe00a402af8aef2746dcb9de166eb67,7.866290549615132,,,,0,0.0,,,,,,0,,NavFnAStar,c96d8379f3aeb1cf177584548c1c7e769f7df30a4958e3049851991ece954c67,159,c96d8379f3aeb1cf177584548c1c7e769f7df30a4958e3049851991ece954c67,0,1,cross_aisle_transfer,True,36.20683008910285,9.825214846354188,7.866290549615132,1,0.02466175999961706
0.003,96.18364558352218,0.01677326493481312,0.007249779077834356,,0.3640235114574966,0.11464466264901119,0.17677669793081488,0,567,,,,,,,,,,,,,30.054144199001666,pivot_g2,0.05,390,0c0c6f7414c8755e4e10df54570a2c4480a4027928da44b65717f683293f4213,7.87900616268996,48,50,12,38,1.9113642518305,200,0.980054,390,38,0.00379234,17.358108259591,55,NavFnAStar,c96d8379f3aeb1cf177584548c1c7e769f7df30a4958e3049851991ece954c67,160,c96d8379f3aeb1cf177584548c1c7e769f7df30a4958e3049851991ece954c67,0,1,cross_aisle_transfer,True,2.2906440092632754,3.574683485488971,7.916497468443563,39,0.012434330000360205
0.006,23.403643428301866,0.020714976614653737,0.0041949620785075165,,0.4486982647164037,0.16464466339406925,0.2146446641391273,0,336,2.29064,38,253,True,84.247,251,True,simple_default,simple,23.4036,228,True,15.156862949519866,adaptive_hybrid,0.05,311,a0f4788c88d60248542f159361831f1c3b705bb31b392b36a4ff739b9c352235,7.820883773025461,,,,0,0.0,,,,,,0,,NavFnAStar,c96d8379f3aeb1cf177584548c1c7e769f7df30a4958e3049851991ece954c67,158,c96d8379f3aeb1cf177584548c1c7e769f7df30a4958e3049851991ece954c67,0,1,cross_aisle_transfer,True,23.403643428301866,15.156862949519866,7.820883773025461,1,0.011414427999625332
0.003,2.842173060620692e-11,0.0,0.0,,1.1282437246660393,0.6646446708446498,0.9146446745699401,0,400,,,,,,,,,,,,,2.3841868568284222e-05,raw,0.05,398,37de1436b1bd5f948dc22686567b78a7cda9a45e34442873a2d54bd8fac479ff,9.999999985098874,,,,0,0.0,,,,,,0,,NavFnDijkstra,37de1436b1bd5f948dc22686567b78a7cda9a45e34442873a2d54bd8fac479ff,201,37de1436b1bd5f948dc22686567b78a7cda9a45e34442873a2d54bd8fac479ff,0,1,central_cross_west_east,True,2.842173060620692e-11,2.3841868568284222e-05,9.999999985098874,1,0.006947646999833523
0.003,8.635807856515627e-13,3.7376774715929616e-08,3.055772664415383e-09,,1.1298195992971258,0.6646446708446498,0.9646446753149982,0,398,,,,,,,,,,,,,2.556886386295658e-06,simple,0.05,398,c0c660141882bd21dc91c8ef095e24747ee4bddb212c21f12bf2a926649a79c1,9.999999985098848,,,,0,0.0,,,,,,0,,NavFnDijkstra,37de1436b1bd5f948dc22686567b78a7cda9a45e34442873a2d54bd8fac479ff,201,37de1436b1bd5f948dc22686567b78a7cda9a45e34442873a2d54bd8fac479ff,0,1,central_cross_west_east,True,8.635807856515627e-13,2.556886386295658e-06,9.999999985098848,1,0.00865596000039659
0.0,3.5654956008060806e-12,2.6897536084097644e-08,1.949956491147194e-09,,1.1300708555822767,0.6646446708446498,0.9646446753149982,0,398,,,,,,,,,,,,,5.123707236092588e-06,savitzky_golay,0.05,398,2e3305419a16a2619e7669b623182814afb694aafa5b51340b8ea784646428e7,9.999999985098855,,,,0,0.0,,,,,,0,,NavFnDijkstra,37de1436b1bd5f948dc22686567b78a7cda9a45e34442873a2d54bd8fac479ff,201,37de1436b1bd5f948dc22686567b78a7cda9a45e34442873a2d54bd8fac479ff,0,1,central_cross_west_east,True,3.5654956008060806e-12,5.123707236092588e-06,9.999999985098855,1,0.008214733000386332
0.0,2.842173060620692e-11,0.0,0.0,,1.1282437246660393,0.6646446708446498,0.9146446745699401,0,400,,,,,,,,,,,,,2.3841868568284222e-05,constrained,0.05,398,37de1436b1bd5f948dc22686567b78a7cda9a45e34442873a2d54bd8fac479ff,9.999999985098874,,,,0,0.0,,,,,,0,,NavFnDijkstra,37de1436b1bd5f948dc22686567b78a7cda9a45e34442873a2d54bd8fac479ff,201,37de1436b1bd5f948dc22686567b78a7cda9a45e34442873a2d54bd8fac479ff,0,1,central_cross_west_east,True,2.842173060620692e-11,2.3841868568284222e-05,9.999999985098874,1,0.009889093000310822
0.0,1.0729426444731802e-40,5.9306621639887464e-08,3.419829379836717e-08,,1.1229179432427832,0.6646446708446498,0.9146446745699401,0,201,,,,,,,,,,,,,1.0081263715489865e-20,pivot_g2,0.05,201,05478e9a5670183473e59d2ecd73cb6c971e74a9da875726411f510df3f04611,9.999999985098839,0,0,0,0,0.0,200,0,201,0,0.000154807,0,0,NavFnDijkstra,37de1436b1bd5f948dc22686567b78a7cda9a45e34442873a2d54bd8fac479ff,201,37de1436b1bd5f948dc22686567b78a7cda9a45e34442873a2d54bd8fac479ff,0,1,central_cross_west_east,True,1.0729426444731802e-40,1.0081263715489865e-20,9.999999985098839,1,0.006738928000231681
0.003,8.635807856515627e-13,3.7376774715929616e-08,3.055772664415383e-09,,1.1298195992971258,0.6646446708446498,0.9646446753149982,0,398,1.07294e-40,0,0,True,2.84217e-11,0,True,simple_default,simple,8.63581e-13,0,True,2.556886386295658e-06,adaptive_hybrid,0.05,398,c0c660141882bd21dc91c8ef095e24747ee4bddb212c21f12bf2a926649a79c1,9.999999985098848,,,,0,0.0,,,,,,0,,NavFnDijkstra,37de1436b1bd5f948dc22686567b78a7cda9a45e34442873a2d54bd8fac479ff,201,37de1436b1bd5f948dc22686567b78a7cda9a45e34442873a2d54bd8fac479ff,0,1,central_cross_west_east,True,8.635807856515627e-13,2.556886386295658e-06,9.999999985098848,1,0.01107309099916165
0.003,2.8421523083995775e-11,0.0,0.0,,1.0909426513700655,0.6146446700995918,0.6646446708446498,0,435,,,,,,,,,,,,,2.3841779750469777e-05,raw,0.05,398,93e6f61b9142b0efdebdbc06deb3bdac7bd7af19669590b1a05aca3b18127557,10.000000163912809,,,,0,0.0,,,,,,0,,NavFnDijkstra,93e6f61b9142b0efdebdbc06deb3bdac7bd7af19669590b1a05aca3b18127557,202,93e6f61b9142b0efdebdbc06deb3bdac7bd7af19669590b1a05aca3b18127557,0,1,central_cross_east_west,True,2.8421523083995775e-11,2.3841779750469777e-05,10.000000163912809,1,0.007239400999424106
0.003,8.728463154741837e-13,3.737673058107496e-08,3.048196161519e-09,,1.0919879076173873,0.6146446700995918,0.6646446708446498,0,433,,,,,,,,,,,,,2.55688179700746e-06,simple,0.05,398,67e12a138e6c6c8fd76aa6516bc201c8bc698c7190bf21dd5227ac7e2a55480d,10.000000163912782,,,,0,0.0,,,,,,0,,NavFnDijkstra,93e6f61b9142b0efdebdbc06deb3bdac7bd7af19669590b1a05aca3b18127557,202,93e6f61b9142b0efdebdbc06deb3bdac7bd7af19669590b1a05aca3b18127557,0,1,central_cross_east_west,True,8.728463154741837e-13,2.55688179700746e-06,10.000000163912782,1,0.008903310000277997
0.0,3.6002111449138287e-12,2.6897496401697942e-08,1.9451210856230103e-09,,1.092334327945875,0.6146446700995918,0.6646446708446498,0,433,,,,,,,,,,,,,5.123695837530018e-06,savitzky_golay,0.05,398,9a1dff29829e761d0209fa0e47ba4ec842ab15d8acf3bc7d32b64d1599e70925,10.00000016391279,,,,0,0.0,,,,,,0,,NavFnDijkstra,93e6f61b9142b0efdebdbc06deb3bdac7bd7af19669590b1a05aca3b18127557,202,93e6f61b9142b0efdebdbc06deb3bdac7bd7af19669590b1a05aca3b18127557,0,1,central_cross_east_west,True,3.6002111449138287e-12,5.123695837530018e-06,10.00000016391279,1,0.008317429999806336
0.0,2.8421523083995775e-11,0.0,0.0,,1.0909426513700653,0.6146446700995918,0.6646446708446498,0,435,,,,,,,,,,,,,2.3841779750469777e-05,constrained,0.05,398,93e6f61b9142b0efdebdbc06deb3bdac7bd7af19669590b1a05aca3b18127557,10.000000163912809,,,,0,0.0,,,,,,0,,NavFnDijkstra,93e6f61b9142b0efdebdbc06deb3bdac7bd7af19669590b1a05aca3b18127557,202,93e6f61b9142b0efdebdbc06deb3bdac7bd7af19669590b1a05aca3b18127557,0,1,central_cross_east_west,True,2.8421523083995775e-11,2.3841779750469777e-05,10.000000163912809,1,0.009034959000018716
0.0,6.683809438174594e-41,5.930662057940244e-08,3.411353892226192e-08,,1.1233918063925625,0.6646446708446498,0.9146446745699401,0,202,,,,,,,,,,,,,5.790264287871102e-21,pivot_g2,0.05,202,4577a5a699960a46b81f878a24e961d21b94d46f2b1b68251b58410254ab77b0,10.000000163912773,0,0,0,0,0.0,200,0,202,0,0.00016987,0,0,NavFnDijkstra,93e6f61b9142b0efdebdbc06deb3bdac7bd7af19669590b1a05aca3b18127557,202,93e6f61b9142b0efdebdbc06deb3bdac7bd7af19669590b1a05aca3b18127557,0,1,central_cross_east_west,True,6.683809438174594e-41,5.790264287871102e-21,10.000000163912773,1,0.007068269000228611
0.003,8.728463154741837e-13,3.737673058107496e-08,3.048196161519e-09,,1.0919879076173873,0.6146446700995918,0.6646446708446498,0,433,6.68381e-41,0,0,True,2.84215e-11,0,True,simple_default,simple,8.72846e-13,0,True,2.55688179700746e-06,adaptive_hybrid,0.05,398,67e12a138e6c6c8fd76aa6516bc201c8bc698c7190bf21dd5227ac7e2a55480d,10.000000163912782,,,,0,0.0,,,,,,0,,NavFnDijkstra,93e6f61b9142b0efdebdbc06deb3bdac7bd7af19669590b1a05aca3b18127557,202,93e6f61b9142b0efdebdbc06deb3bdac7bd7af19669590b1a05aca3b18127557,0,1,central_cross_east_west,True,8.728463154741837e-13,2.55688179700746e-06,10.000000163912782,1,0.010528706000513921
0.0,3.996805866498858e-12,3.469446951953614e-18,3.154042683594195e-19,,0.9808052416575644,0.6146446700995918,0.6646446708446498,0,257,,,,,,,,,,,,,8.940700713108245e-06,raw,0.05,239,0afd27a23fc46d28976f26d346c6a591f804770b1d6d3f0c33914a74e6ccb733,5.999999985098844,,,,0,0.0,,,,,,0,,NavFnDijkstra,0afd27a23fc46d28976f26d346c6a591f804770b1d6d3f0c33914a74e6ccb733,121,0afd27a23fc46d28976f26d346c6a591f804770b1d6d3f0c33914a74e6ccb733,0,1,west_service_lane,True,3.996805866498858e-12,8.940700713108245e-06,5.999999985098844,1,0.005398457999945094
0.003,1.9611888452086428e-13,1.2642138891294508e-08,1.2771343065660526e-09,,1.04095706885047,0.6646446708446498,0.8596446737503763,0,239,,,,,,,,,,,,,1.3229271900172698e-06,simple,0.05,239,20ee314f3fecc447d96eddec24ffbbd550022e346c4944d00c135fbe0bead29a,5.999999985098841,,,,0,0.0,,,,,,0,,NavFnDijkstra,0afd27a23fc46d28976f26d346c6a591f804770b1d6d3f0c33914a74e6ccb733,121,0afd27a23fc46d28976f26d346c6a591f804770b1d6d3f0c33914a74e6ccb733,0,1,west_service_lane,True,1.9611888452086428e-13,1.3229271900172698e-06,5.999999985098841,1,0.006515856999612879
0.0,8.734047290627852e-13,7.889066289124003e-09,7.257337628367766e-10,,1.04095706885047,0.6646446708446498,0.8596446737503763,0,239,,,,,,,,,,,,,3.416479898987858e-06,savitzky_golay,0.05,239,2bf39fa6458e4c929b17442065c64d2eaf5a9c9c30ef51d56f7965b4fbafb7c2,5.9999999850988415,,,,0,0.0,,,,,,0,,NavFnDijkstra,0afd27a23fc46d28976f26d346c6a591f804770b1d6d3f0c33914a74e6ccb733,121,0afd27a23fc46d28976f26d346c6a591f804770b1d6d3f0c33914a74e6ccb733,0,1,west_service_lane,True,8.734047290627852e-13,3.416479898987858e-06,5.9999999850988415,1,0.006019932000526751
0.0,3.996805866498858e-12,3.469446951953614e-18,3.154042683594195e-19,,1.0165535111791275,0.6146446700995918,0.6646446708446498,0,256,,,,,,,,,,,,,8.940700713108245e-06,constrained,0.05,239,0afd27a23fc46d28976f26d346c6a591f804770b1d6d3f0c33914a74e6ccb733,5.999999985098844,,,,0,0.0,,,,,,0,,NavFnDijkstra,0afd27a23fc46d28976f26d346c6a591f804770b1d6d3f0c33914a74e6ccb733,121,0afd27a23fc46d28976f26d346c6a591f804770b1d6d3f0c33914a74e6ccb733,0,1,west_service_lane,True,3.996805866498858e-12,8.940700713108245e-06,5.999999985098844,1,0.006451643999753287
0.0,3.029472395276287e-25,2.2165477453484073e-08,1.2770998964286778e-08,,1.034845758109839,0.6646446708446498,0.814644673079824,0,121,,,,,,,,,,,,,3.5527136854696355e-13,pivot_g2,0.05,121,4d0575244d45c4a8c650b8dd55c9420fbaa62be814abb41dd0527e3933e3c2be,5.999999985098839,0,0,0,0,0.0,200,0,121,0,0.000122706,0,0,NavFnDijkstra,0afd27a23fc46d28976f26d346c6a591f804770b1d6d3f0c33914a74e6ccb733,121,0afd27a23fc46d28976f26d346c6a591f804770b1d6d3f0c33914a74e6ccb733,0,1,west_service_lane,True,3.029472395276287e-25,3.5527136854696355e-13,5.999999985098839,1,0.005130829999870912
0.003,1.9611888452086428e-13,1.2642138891294508e-08,1.2771343065660526e-09,,1.04095706885047,0.6646446708446498,0.8596446737503763,0,239,3.02947e-25,0,0,True,3.99681e-12,0,True,simple_default,simple,1.96119e-13,0,True,1.3229271900172698e-06,adaptive_hybrid,0.05,239,20ee314f3fecc447d96eddec24ffbbd550022e346c4944d00c135fbe0bead29a,5.999999985098841,,,,0,0.0,,,,,,0,,NavFnDijkstra,0afd27a23fc46d28976f26d346c6a591f804770b1d6d3f0c33914a74e6ccb733,121,0afd27a23fc46d28976f26d346c6a591f804770b1d6d3f0c33914a74e6ccb733,0,1,west_service_lane,True,1.9611888452086428e-13,1.3229271900172698e-06,5.999999985098841,1,0.00827009100066789
0.0,2.8421730606179396e-11,3.469446951953614e-18,3.154042683594195e-19,,0.5726437756510452,0.41464466711935954,0.4646446678644176,0,257,,,,,,,,,,,,,2.3841868568270456e-05,raw,0.05,239,f6590e20a5e287e85209c5d27d9351541b6066f3b3fcfb352c32ea57cf0774cd,5.999999985098874,,,,0,0.0,,,,,,0,,NavFnDijkstra,f6590e20a5e287e85209c5d27d9351541b6066f3b3fcfb352c32ea57cf0774cd,121,f6590e20a5e287e85209c5d27d9351541b6066f3b3fcfb352c32ea57cf0774cd,0,1,picking_aisle_a,True,2.8421730606179396e-11,2.3841868568270456e-05,5.999999985098874,1,0.00518358800036367
0.003,1.3946226491276596e-12,3.371237444760311e-08,3.405692146772215e-09,,0.6145424904282204,0.5146446686094757,0.5146446686094757,0,239,,,,,,,,,,,,,3.5278048926559854e-06,simple,0.05,239,929ea295c4c773aaf86990f37c3e5e2fa189dcbddee1f4e8648c8f34d7afe633,5.99999998509885,,,,0,0.0,,,,,,0,,NavFnDijkstra,f6590e20a5e287e85209c5d27d9351541b6066f3b3fcfb352c32ea57cf0774cd,121,f6590e20a5e287e85209c5d27d9351541b6066f3b3fcfb352c32ea57cf0774cd,0,1,picking_aisle_a,True,1.3946226491276596e-12,3.5278048926559854e-06,5.99999998509885,1,0.006560605999766267
0.0,6.2108771586000145e-12,2.10375128428808e-08,1.9352902714948035e-09,,0.6145424904282204,0.5146446686094757,0.5146446686094757,0,239,,,,,,,,,,,,,9.110612619878704e-06,savitzky_golay,0.05,239,f5b2f8a168ea4c71716863d987239cd3950800511c8c3579715cc54fa1bf933d,5.999999985098859,,,,0,0.0,,,,,,0,,NavFnDijkstra,f6590e20a5e287e85209c5d27d9351541b6066f3b3fcfb352c32ea57cf0774cd,121,f6590e20a5e287e85209c5d27d9351541b6066f3b3fcfb352c32ea57cf0774cd,0,1,picking_aisle_a,True,6.2108771586000145e-12,9.110612619878704e-06,5.999999985098859,1,0.006712327000059304
0.003,2.8421730606179396e-11,3.469446951953614e-18,3.154042683594195e-19,,0.602635213119489,0.41464466711935954,0.4646446678644176,0,256,,,,,,,,,,,,,2.3841868568270456e-05,constrained,0.05,239,f6590e20a5e287e85209c5d27d9351541b6066f3b3fcfb352c32ea57cf0774cd,5.999999985098874,,,,0,0.0,,,,,,0,,NavFnDijkstra,f6590e20a5e287e85209c5d27d9351541b6066f3b3fcfb352c32ea57cf0774cd,121,f6590e20a5e287e85209c5d27d9351541b6066f3b3fcfb352c32ea57cf0774cd,0,1,picking_aisle_a,True,2.8421730606179396e-11,2.3841868568270456e-05,5.999999985098874,1,0.006656549999206618
0.0,1.345446115690718e-26,5.910793965391292e-08,3.40559973133154e-08,,0.6104948422331317,0.5146446686094757,0.5146446686094757,0,121,,,,,,,,,,,,,8.881784375879037e-14,pivot_g2,0.05,121,968a1c769183771f39be67209eebe8fb1eb6228484819c8d9d1e11edc00cdb77,5.999999985098839,0,0,0,0,0.0,200,0,121,0,0.000104245,0,0,NavFnDijkstra,f6590e20a5e287e85209c5d27d9351541b6066f3b3fcfb352c32ea57cf0774cd,121,f6590e20a5e287e85209c5d27d9351541b6066f3b3fcfb352c32ea57cf0774cd,0,1,picking_aisle_a,True,1.345446115690718e-26,8.881784375879037e-14,5.999999985098839,1,0.005043978000685456
0.0,1.3946226491276596e-12,3.371237444760311e-08,3.405692146772215e-09,,0.6145424904282204,0.5146446686094757,0.5146446686094757,0,239,1.34545e-26,0,0,True,2.84217e-11,65,True,simple_default,simple,1.39462e-12,0,True,3.5278048926559854e-06,adaptive_hybrid,0.05,239,929ea295c4c773aaf86990f37c3e5e2fa189dcbddee1f4e8648c8f34d7afe633,5.99999998509885,,,,0,0.0,,,,,,0,,NavFnDijkstra,f6590e20a5e287e85209c5d27d9351541b6066f3b3fcfb352c32ea57cf0774cd,121,f6590e20a5e287e85209c5d27d9351541b6066f3b3fcfb352c32ea57cf0774cd,0,1,picking_aisle_a,True,1.3946226491276596e-12,3.5278048926559854e-06,5.99999998509885,1,0.007419624999783991
0.003,6.394857940360782e-11,3.469446951953614e-18,3.141089681500624e-19,,0.5726437756510452,0.41464466711935954,0.4646446678644176,0,257,,,,,,,,,,,,,3.576271225821831e-05,raw,0.05,239,0a7a1e40c42a8fb20fb35c8bff12ce07727c5b7b7a145ba014118795516035d7,6.000000104308208,,,,0,0.0,,,,,,0,,NavFnDijkstra,0a7a1e40c42a8fb20fb35c8bff12ce07727c5b7b7a145ba014118795516035d7,122,0a7a1e40c42a8fb20fb35c8bff12ce07727c5b7b7a145ba014118795516035d7,0,1,picking_aisle_b,True,6.394857940360782e-11,3.576271225821831e-05,6.000000104308208,1,0.0052381150007931865
0.0,3.2088051491929528e-12,5.0568515022376495e-08,5.087554315227519e-09,,0.6145424904282204,0.5146446686094757,0.5146446686094757,0,239,,,,,,,,,,,,,5.291696987056291e-06,simple,0.05,239,d3703b2bc19719001cf3459781e38a5cc99c23b099281ee5f228b40fba742faf,6.000000104308153,,,,0,0.0,,,,,,0,,NavFnDijkstra,0a7a1e40c42a8fb20fb35c8bff12ce07727c5b7b7a145ba014118795516035d7,122,0a7a1e40c42a8fb20fb35c8bff12ce07727c5b7b7a145ba014118795516035d7,0,1,picking_aisle_b,True,3.2088051491929528e-12,5.291696987056291e-06,6.000000104308153,1,0.006390298999576771
0.0,1.4514369088663833e-11,3.1556231657197246e-08,2.8910102712883058e-09,,0.6145424904282204,0.5146446686094757,0.5146446686094757,0,239,,,,,,,,,,,,,1.3665903545075633e-05,savitzky_golay,0.05,239,872a0125eb0a1901bbd820b843e3a30101fc325dfb8f1ca842405eaed71cbed1,6.000000104308174,,,,0,0.0,,,,,,0,,NavFnDijkstra,0a7a1e40c42a8fb20fb35c8bff12ce07727c5b7b7a145ba014118795516035d7,122,0a7a1e40c42a8fb20fb35c8bff12ce07727c5b7b7a145ba014118795516035d7,0,1,picking_aisle_b,True,1.4514369088663833e-11,1.3665903545075633e-05,6.000000104308174,1,0.006737437000083446
0.0,6.394857940360782e-11,3.469446951953614e-18,3.141089681500624e-19,,0.602292837459917,0.41464466711935954,0.4646446678644176,0,257,,,,,,,,,,,,,3.576271225821831e-05,constrained,0.05,239,0a7a1e40c42a8fb20fb35c8bff12ce07727c5b7b7a145ba014118795516035d7,6.000000104308208,,,,0,0.0,,,,,,0,,NavFnDijkstra,0a7a1e40c42a8fb20fb35c8bff12ce07727c5b7b7a145ba014118795516035d7,122,0a7a1e40c42a8fb20fb35c8bff12ce07727c5b7b7a145ba014118795516035d7,0,1,picking_aisle_b,True,6.394857940360782e-11,3.576271225821831e-05,6.000000104308208,1,0.006408104000001913
0.0,6.141357426564456e-35,8.866190756203373e-08,5.087420353869225e-08,,0.6152816227588004,0.5146446686094757,0.5146446686094757,0,122,,,,,,,,,,,,,4.9563417735197214e-17,pivot_g2,0.05,122,e9ba5413a8c682ed6b2f14640c88c0e2841c154dd311a40a861ebe88c099ac6d,6.000000104308129,0,0,0,0,0.0,200,0,122,0,0.000106887,0,0,NavFnDijkstra,0a7a1e40c42a8fb20fb35c8bff12ce07727c5b7b7a145ba014118795516035d7,122,0a7a1e40c42a8fb20fb35c8bff12ce07727c5b7b7a145ba014118795516035d7,0,1,picking_aisle_b,True,6.141357426564456e-35,4.9563417735197214e-17,6.000000104308129,1,0.00532315300006303
0.003,3.2088051491929528e-12,5.0568515022376495e-08,5.087554315227519e-09,,0.6145424904282204,0.5146446686094757,0.5146446686094757,0,239,6.14136e-35,0,0,True,6.39486e-11,65,True,simple_default,simple,3.20881e-12,0,True,5.291696987056291e-06,adaptive_hybrid,0.05,239,d3703b2bc19719001cf3459781e38a5cc99c23b099281ee5f228b40fba742faf,6.000000104308153,,,,0,0.0,,,,,,0,,NavFnDijkstra,0a7a1e40c42a8fb20fb35c8bff12ce07727c5b7b7a145ba014118795516035d7,122,0a7a1e40c42a8fb20fb35c8bff12ce07727c5b7b7a145ba014118795516035d7,0,1,picking_aisle_b,True,3.2088051491929528e-12,5.291696987056291e-06,6.000000104308153,1,0.007540675000200281
0.003,1.1368692242423291e-10,3.469446951953614e-18,3.154042683594195e-19,,0.5726437756510452,0.41464466711935954,0.4646446678644176,0,257,,,,,,,,,,,,,4.768373713641386e-05,raw,0.05,239,d081bd86da8062312e5db8fae0d8a617f7314b2486521c50aaed5b8f437bba5d,5.999999985098981,,,,0,0.0,,,,,,0,,NavFnDijkstra,d081bd86da8062312e5db8fae0d8a617f7314b2486521c50aaed5b8f437bba5d,121,d081bd86da8062312e5db8fae0d8a617f7314b2486521c50aaed5b8f437bba5d,0,1,picking_aisle_c,True,1.1368692242423291e-10,4.768373713641386e-05,5.999999985098981,1,0.0054296600001180195
0.0,5.57849059650305e-12,6.742474889520622e-08,6.81138429354443e-09,,0.6145424904282204,0.5146446686094757,0.5146446686094757,0,239,,,,,,,,,,,,,7.055609785312662e-06,simple,0.05,239,32c7b7a52cabb8e1bcfd21dbf4e3a40e9391797edd6611d9b84f880d9e648555,5.999999985098883,,,,0,0.0,,,,,,0,,NavFnDijkstra,d081bd86da8062312e5db8fae0d8a617f7314b2486521c50aaed5b8f437bba5d,121,d081bd86da8062312e5db8fae0d8a617f7314b2486521c50aaed5b8f437bba5d,0,1,picking_aisle_c,True,5.57849059650305e-12,7.055609785312662e-06,5.999999985098883,1,0.006073067000215815
0.0,2.484350868684421e-11,4.207502701802923e-08,3.870580624571519e-09,,0.5921102867671103,0.41464466711935954,0.41464466711935954,0,274,,,,,,,,,,,,,1.822122577266642e-05,savitzky_golay,0.05,239,63943290a37c0a8d4c079da06bf3cf169b0115d19ca05324ec29bea1b4daaef0,5.99999998509892,,,,0,0.0,,,,,,0,,NavFnDijkstra,d081bd86da8062312e5db8fae0d8a617f7314b2486521c50aaed5b8f437bba5d,121,d081bd86da8062312e5db8fae0d8a617f7314b2486521c50aaed5b8f437bba5d,0,1,picking_aisle_c,True,2.484350868684421e-11,1.822122577266642e-05,5.99999998509892,1,0.00638527899991459
0.0,1.1368692242423291e-10,3.469446951953614e-18,3.154042683594195e-19,,0.602635213119489,0.41464466711935954,0.4646446678644176,0,256,,,,,,,,,,,,,4.768373713641386e-05,constrained,0.05,239,d081bd86da8062312e5db8fae0d8a617f7314b2486521c50aaed5b8f437bba5d,5.999999985098981,,,,0,0.0,,,,,,0,,NavFnDijkstra,d081bd86da8062312e5db8fae0d8a617f7314b2486521c50aaed5b8f437bba5d,121,d081bd86da8062312e5db8fae0d8a617f7314b2486521c50aaed5b8f437bba5d,0,1,picking_aisle_c,True,1.1368692242423291e-10,4.768373713641386e-05,5.999999985098981,1,0.006291699999565026
0.0,5.381784460742501e-26,1.1821587930782584e-07,6.81119946266308e-08,,0.6104948422331317,0.5146446686094757,0.5146446686094757,0,121,,,,,,,,,,,,,1.7763568741418306e-13,pivot_g2,0.05,121,ead256052d1a4fe3dd0041bc70a179a65f23d827b3369ec33dd4f78e5d9d6d3c,5.99999998509884,0,0,0,0,0.0,200,0,121,0,0.000103934,0,0,NavFnDijkstra,d081bd86da8062312e5db8fae0d8a617f7314b2486521c50aaed5b8f437bba5d,121,d081bd86da8062312e5db8fae0d8a617f7314b2486521c50aaed5b8f437bba5d,0,1,picking_aisle_c,True,5.381784460742501e-26,1.7763568741418306e-13,5.99999998509884,1,0.004881179999756569
0.003,5.57849059650305e-12,6.742474889520622e-08,6.81138429354443e-09,,0.6145424904282204,0.5146446686094757,0.5146446686094757,0,239,5.38178e-26,0,0,True,1.13687e-10,65,True,simple_default,simple,5.57849e-12,0,True,7.055609785312662e-06,adaptive_hybrid,0.05,239,32c7b7a52cabb8e1bcfd21dbf4e3a40e9391797edd6611d9b84f880d9e648555,5.999999985098883,,,,0,0.0,,,,,,0,,NavFnDijkstra,d081bd86da8062312e5db8fae0d8a617f7314b2486521c50aaed5b8f437bba5d,121,d081bd86da8062312e5db8fae0d8a617f7314b2486521c50aaed5b8f437bba5d,0,1,picking_aisle_c,True,5.57849059650305e-12,7.055609785312662e-06,5.999999985098883,1,0.006947652000235394
0.003,1.9584324794007297e-10,3.469446951953614e-18,3.141089681500624e-19,,0.9808052416575644,0.6146446700995918,0.6646446708446498,0,257,,,,,,,,,,,,,6.25847462743736e-05,raw,0.05,239,781b840b3a829b402fd4acca3a302fa308b533845eef0784ab4c4dcf185aee5d,6.0000001043083735,,,,0,0.0,,,,,,0,,NavFnDijkstra,781b840b3a829b402fd4acca3a302fa308b533845eef0784ab4c4dcf185aee5d,122,781b840b3a829b402fd4acca3a302fa308b533845eef0784ab4c4dcf185aee5d,0,1,east_service_lane,True,1.9584324794007297e-10,6.25847462743736e-05,6.0000001043083735,1,0.005497125999681884
0.0,9.812384338161597e-12,8.849489940843114e-08,8.90321977716909e-09,,1.04095706885047,0.6646446708446498,0.8596446737503763,0,239,,,,,,,,,,,,,9.26047007965602e-06,simple,0.05,239,6d35cb27ce5fe8faf1860068e8b8fff83a2a82655c1d4ff5a8e970c2399c176a,6.000000104308206,,,,0,0.0,,,,,,0,,NavFnDijkstra,781b840b3a829b402fd4acca3a302fa308b533845eef0784ab4c4dcf185aee5d,122,781b840b3a829b402fd4acca3a302fa308b533845eef0784ab4c4dcf185aee5d,0,1,east_service_lane,True,9.812384338161597e-12,9.26047007965602e-06,6.000000104308206,1,0.0062066519994914415
0.0,4.449645502125726e-11,5.522340629227074e-08,5.0592680474792e-09,,1.04095706885047,0.6646446708446498,0.8596446737503763,0,239,,,,,,,,,,,,,2.3915330515939498e-05,savitzky_golay,0.05,239,cd408a228e7d8bf761260741c7f6e66d38dc1c09c186d95bd7033e2f918a0aed,6.000000104308269,,,,0,0.0,,,,,,0,,NavFnDijkstra,781b840b3a829b402fd4acca3a302fa308b533845eef0784ab4c4dcf185aee5d,122,781b840b3a829b402fd4acca3a302fa308b533845eef0784ab4c4dcf185aee5d,0,1,east_service_lane,True,4.449645502125726e-11,2.3915330515939498e-05,6.000000104308269,1,0.007119142000192369
0.0,1.9584324794007297e-10,3.469446951953614e-18,3.141089681500624e-19,,1.0153787686126319,0.6146446700995918,0.6646446708446498,0,257,,,,,,,,,,,,,6.25847462743736e-05,constrained,0.05,239,781b840b3a829b402fd4acca3a302fa308b533845eef0784ab4c4dcf185aee5d,6.0000001043083735,,,,0,0.0,,,,,,0,,NavFnDijkstra,781b840b3a829b402fd4acca3a302fa308b533845eef0784ab4c4dcf185aee5d,122,781b840b3a829b402fd4acca3a302fa308b533845eef0784ab4c4dcf185aee5d,0,1,east_service_lane,True,1.9584324794007297e-10,6.25847462743736e-05,6.0000001043083735,1,0.006661037999947439
0.0,1.132862883145351e-17,1.5515833862167483e-07,8.902985619300587e-08,,1.0363195197568098,0.6646446708446498,0.814644673079824,0,122,,,,,,,,,,,,,2.1287183697009138e-08,pivot_g2,0.05,122,c98e74b1ae76855fbd632a227d6a74b0959334f00a312e5922331c60a7b4f7b7,6.00000010430813,0,0,0,0,0.0,200,0,122,0,0.000142742,0,0,NavFnDijkstra,781b840b3a829b402fd4acca3a302fa308b533845eef0784ab4c4dcf185aee5d,122,781b840b3a829b402fd4acca3a302fa308b533845eef0784ab4c4dcf185aee5d,0,1,east_service_lane,True,1.132862883145351e-17,2.1287183697009138e-08,6.00000010430813,1,0.005099837999296142
0.003,9.812384338161597e-12,8.849489940843114e-08,8.90321977716909e-09,,1.04095706885047,0.6646446708446498,0.8596446737503763,0,239,1.13286e-17,0,0,True,1.95843e-10,0,True,simple_default,simple,9.81238e-12,0,True,9.26047007965602e-06,adaptive_hybrid,0.05,239,6d35cb27ce5fe8faf1860068e8b8fff83a2a82655c1d4ff5a8e970c2399c176a,6.000000104308206,,,,0,0.0,,,,,,0,,NavFnDijkstra,781b840b3a829b402fd4acca3a302fa308b533845eef0784ab4c4dcf185aee5d,122,781b840b3a829b402fd4acca3a302fa308b533845eef0784ab4c4dcf185aee5d,0,1,east_service_lane,True,9.812384338161597e-12,9.26047007965602e-06,6.000000104308206,1,0.007950048999191495
0.003,52.66601693600629,2.220446049250313e-16,3.9039049494415194e-17,,0.48217923502803417,0.16464466339406925,0.2146446641391273,0,315,,,,,,,,,,,,,13.165099509781205,raw,0.05,305,92f64f5b18a98f201e55e769c8eeda795775cb3ea34e9f1003cf979982c7b651,7.64730035972374,,,,0,0.0,,,,,,0,,NavFnDijkstra,92f64f5b18a98f201e55e769c8eeda795775cb3ea34e9f1003cf979982c7b651,155,92f64f5b18a98f201e55e769c8eeda795775cb3ea34e9f1003cf979982c7b651,0,1,cross_aisle_transfer,True,52.66601693600629,13.165099509781205,7.64730035972374,1,0.006199869000738545
0.0,6.348006744507606,0.016374095356151575,0.00350517885153392,,0.47117671930098154,0.25619225950049973,0.26464466488418537,0,306,,,,,,,,,,,,,3.2439391633256136,simple,0.05,305,dc80f53f3849600877124fe83ef56e0aa2a64e6dda01143b4e0fcce254edff7c,7.6018545106575806,,,,0,0.0,,,,,,0,,NavFnDijkstra,92f64f5b18a98f201e55e769c8eeda795775cb3ea34e9f1003cf979982c7b651,154,92f64f5b18a98f201e55e769c8eeda795775cb3ea34e9f1003cf979982c7b651,0,1,cross_aisle_transfer,True,6.348006744507606,3.2439391633256136,7.6018545106575806,1,0.008247965999544249
0.0,18.97208463156048,0.008672060612950346,0.0011890823375907082,,0.454720924674974,0.2146446641391273,0.26041846219234255,0,371,,,,,,,,,,,,,6.907765013992335,savitzky_golay,0.05,305,ed1a2f651387dd1a4752488246e8b76c5399b8c6f25b1a46a73aab3606591b1d,7.628185986284798,,,,0,0.0,,,,,,0,,NavFnDijkstra,92f64f5b18a98f201e55e769c8eeda795775cb3ea34e9f1003cf979982c7b651,154,92f64f5b18a98f201e55e769c8eeda795775cb3ea34e9f1003cf979982c7b651,0,1,cross_aisle_transfer,True,18.97208463156048,6.907765013992335,7.628185986284798,1,0.008540579000509751
0.015000000000000001,19.253351469553973,0.011845961529586129,0.002588804005923625,,0.46565469875750864,0.25619225950049973,0.26464466488418537,0,337,,,,,,,,,,,,,10.221887378783924,constrained,0.05,305,21e3c81e0f9e5d44bd31bc8b28e2797d34eb90dc22e7ad1ca3cc482c7fdb0920,7.638640340074448,,,,0,0.0,,,,,,0,,NavFnDijkstra,92f64f5b18a98f201e55e769c8eeda795775cb3ea34e9f1003cf979982c7b651,154,92f64f5b18a98f201e55e769c8eeda795775cb3ea34e9f1003cf979982c7b651,0,1,cross_aisle_transfer,True,19.253351469553973,10.221887378783924,7.638640340074448,1,0.024797770000077435
0.0,44.98616210513903,0.00728330222949265,0.0028818274213228863,,0.3636117819292013,0.16464466339406925,0.2146446641391273,0,477,,,,,,,,,,,,,12.415557170321991,pivot_g2,0.05,333,ee2f883e70636a29f502ccd049eda721d3bb02bd59bae7db7d018e52dc731d29,7.639982538269156,11,56,7,49,0.8533785524287711,200,1,333,49,0.00134885,14.679153491197097,14,NavFnDijkstra,92f64f5b18a98f201e55e769c8eeda795775cb3ea34e9f1003cf979982c7b651,155,92f64f5b18a98f201e55e769c8eeda795775cb3ea34e9f1003cf979982c7b651,0,1,cross_aisle_transfer,True,3.68796368057485,4.519314368702535,7.661240626681951,50,0.008669984999869484
0.003,6.348006744507606,0.016374095356151575,0.00350517885153392,,0.47117671930098154,0.25619225950049973,0.26464466488418537,0,306,3.68796,49,228,True,52.666,251,True,simple_default,simple,6.34801,161,True,3.2439391633256136,adaptive_hybrid,0.05,305,dc80f53f3849600877124fe83ef56e0aa2a64e6dda01143b4e0fcce254edff7c,7.6018545106575806,,,,0,0.0,,,,,,0,,NavFnDijkstra,92f64f5b18a98f201e55e769c8eeda795775cb3ea34e9f1003cf979982c7b651,154,92f64f5b18a98f201e55e769c8eeda795775cb3ea34e9f1003cf979982c7b651,0,1,cross_aisle_transfer,True,6.348006744507606,3.2439391633256136,7.6018545106575806,1,0.01088281200009078
0.0,0.0,6.938893903907228e-18,4.882188713933115e-19,,1.1272123055810608,0.6646446708446498,0.9146446745699401,0,401,,,,,,,,,,,,,0.0,raw,0.05,201,a1d108241d3c523e2abcca4cb8f6e7b87bde538670d2c9c90553ad530576bbbb,10.000000149011612,,,,0,0.0,,,,,,0,,ThetaStar,a1d108241d3c523e2abcca4cb8f6e7b87bde538670d2c9c90553ad530576bbbb,202,a1d108241d3c523e2abcca4cb8f6e7b87bde538670d2c9c90553ad530576bbbb,0,1,central_cross_west_east,True,0.0,0.0,10.000000149011612,1,0.004873193999628711
0.0,0.0,6.938893903907228e-18,4.882188713933115e-19,,1.1272123055810608,0.6646446708446498,0.9146446745699401,0,401,,,,,,,,,,,,,0.0,simple,0.05,201,a1d108241d3c523e2abcca4cb8f6e7b87bde538670d2c9c90553ad530576bbbb,10.000000149011612,,,,0,0.0,,,,,,0,,ThetaStar,a1d108241d3c523e2abcca4cb8f6e7b87bde538670d2c9c90553ad530576bbbb,202,a1d108241d3c523e2abcca4cb8f6e7b87bde538670d2c9c90553ad530576bbbb,0,1,central_cross_west_east,True,0.0,0.0,10.000000149011612,1,0.013107660000059695
0.0,1.4444451624099042e-30,7.757919228897728e-18,3.554287033763821e-18,,1.1330324496024071,0.6646446708446498,1.0146446760600563,0,391,,,,,,,,,,,,,5.551098579563367e-15,savitzky_golay,0.05,201,bcacc55eb079c2d64fd073caeced04f395a845b8703e572ec0f771eb14688a99,10.000000149011612,,,,0,0.0,,,,,,0,,ThetaStar,a1d108241d3c523e2abcca4cb8f6e7b87bde538670d2c9c90553ad530576bbbb,202,a1d108241d3c523e2abcca4cb8f6e7b87bde538670d2c9c90553ad530576bbbb,0,1,central_cross_west_east,True,1.4444451624099042e-30,5.551098579563367e-15,10.000000149011612,1,0.006343848000142316
0.0,0.0,6.938893903907228e-18,4.882188713933115e-19,,1.1272123055810608,0.6646446708446498,0.9146446745699401,0,401,,,,,,,,,,,,,0.0,constrained,0.05,201,a1d108241d3c523e2abcca4cb8f6e7b87bde538670d2c9c90553ad530576bbbb,10.000000149011612,,,,0,0.0,,,,,,0,,ThetaStar,a1d108241d3c523e2abcca4cb8f6e7b87bde538670d2c9c90553ad530576bbbb,202,a1d108241d3c523e2abcca4cb8f6e7b87bde538670d2c9c90553ad530576bbbb,0,1,central_cross_west_east,True,0.0,0.0,10.000000149011612,1,0.0062653899994984386
0.0,0.0,6.938893903907228e-18,4.882188713933115e-19,,1.1275887942017655,0.6646446708446498,0.9171446746071931,0,202,,,,,,,,,,,,,0.0,pivot_g2,0.05,202,b82a98ae8f6b13356ff9ad7fe6c9609dbf907ad839ff5dc26d557fa173c21b11,10.000000149011612,0,0,0,0,0.0,200,0,202,0,0.000131597,0,0,ThetaStar,a1d108241d3c523e2abcca4cb8f6e7b87bde538670d2c9c90553ad530576bbbb,202,a1d108241d3c523e2abcca4cb8f6e7b87bde538670d2c9c90553ad530576bbbb,0,1,central_cross_west_east,True,0.0,0.0,10.000000149011612,1,0.007215206000182661
0.0,0.0,6.938893903907228e-18,4.882188713933115e-19,,1.1272123055810608,0.6646446708446498,0.9146446745699401,0,401,0,0,0,True,0,0,True,simple_default,simple,0,0,True,0.0,adaptive_hybrid,0.05,201,a1d108241d3c523e2abcca4cb8f6e7b87bde538670d2c9c90553ad530576bbbb,10.000000149011612,,,,0,0.0,,,,,,0,,ThetaStar,a1d108241d3c523e2abcca4cb8f6e7b87bde538670d2c9c90553ad530576bbbb,202,a1d108241d3c523e2abcca4cb8f6e7b87bde538670d2c9c90553ad530576bbbb,0,1,central_cross_west_east,True,0.0,0.0,10.000000149011612,1,0.007544570000391104
0.003,0.0,6.938893903907228e-18,4.882188713933115e-19,,1.0891035708828911,0.6146446700995918,0.6646446708446498,0,435,,,,,,,,,,,,,0.0,raw,0.05,201,46cef127de9504a18fd69b19313e3decf9c14fd4187ca3e0825adf3442820a5c,10.000000149011612,,,,0,0.0,,,,,,0,,ThetaStar,46cef127de9504a18fd69b19313e3decf9c14fd4187ca3e0825adf3442820a5c,202,46cef127de9504a18fd69b19313e3decf9c14fd4187ca3e0825adf3442820a5c,0,1,central_cross_east_west,True,0.0,0.0,10.000000149011612,1,0.004517764999945939
0.0,0.0,6.938893903907228e-18,4.882188713933115e-19,,1.0891035708828911,0.6146446700995918,0.6646446708446498,0,435,,,,,,,,,,,,,0.0,simple,0.05,201,46cef127de9504a18fd69b19313e3decf9c14fd4187ca3e0825adf3442820a5c,10.000000149011612,,,,0,0.0,,,,,,0,,ThetaStar,46cef127de9504a18fd69b19313e3decf9c14fd4187ca3e0825adf3442820a5c,202,46cef127de9504a18fd69b19313e3decf9c14fd4187ca3e0825adf3442820a5c,0,1,central_cross_east_west,True,0.0,0.0,10.000000149011612,1,0.006363065000186907
0.0,1.4444451624099135e-30,6.938893903907228e-18,3.529049173445052e-18,,1.0923198386383752,0.6146446700995918,0.6271446702858563,0,426,,,,,,,,,,,,,5.551098579563467e-15,savitzky_golay,0.05,201,951ff03bc1d841508d6e44eeb415441a482765654545ff59d00db63a0292cf4b,10.000000149011612,,,,0,0.0,,,,,,0,,ThetaStar,46cef127de9504a18fd69b19313e3decf9c14fd4187ca3e0825adf3442820a5c,202,46cef127de9504a18fd69b19313e3decf9c14fd4187ca3e0825adf3442820a5c,0,1,central_cross_east_west,True,1.4444451624099135e-30,5.551098579563467e-15,10.000000149011612,1,0.0065814859999591135
0.0,0.0,6.938893903907228e-18,4.882188713933115e-19,,1.0930116169181368,0.6646446708446498,0.6996446713661906,0,435,,,,,,,,,,,,,0.0,constrained,0.05,201,46cef127de9504a18fd69b19313e3decf9c14fd4187ca3e0825adf3442820a5c,10.000000149011612,,,,0,0.0,,,,,,0,,ThetaStar,46cef127de9504a18fd69b19313e3decf9c14fd4187ca3e0825adf3442820a5c,202,46cef127de9504a18fd69b19313e3decf9c14fd4187ca3e0825adf3442820a5c,0,1,central_cross_east_west,True,0.0,0.0,10.000000149011612,1,0.006253856999137497
0.0,0.0,6.938893903907228e-18,4.882188713933115e-19,,1.1275887942017655,0.6646446708446498,0.9171446746071931,0,202,,,,,,,,,,,,,0.0,pivot_g2,0.05,202,d7fae4fb02358302c3ae9d8467b957b1f5652cadf5aa5a8e2976bdfc22c261ae,10.000000149011612,0,0,0,0,0.0,200,0,202,0,0.000102436,0,0,ThetaStar,46cef127de9504a18fd69b19313e3decf9c14fd4187ca3e0825adf3442820a5c,202,46cef127de9504a18fd69b19313e3decf9c14fd4187ca3e0825adf3442820a5c,0,1,central_cross_east_west,True,0.0,0.0,10.000000149011612,1,0.018117597999662394
0.0,0.0,6.938893903907228e-18,4.882188713933115e-19,,1.0891035708828911,0.6146446700995918,0.6646446708446498,0,435,0,0,0,True,0,0,True,simple_default,simple,0,0,True,0.0,adaptive_hybrid,0.05,201,46cef127de9504a18fd69b19313e3decf9c14fd4187ca3e0825adf3442820a5c,10.000000149011612,,,,0,0.0,,,,,,0,,ThetaStar,46cef127de9504a18fd69b19313e3decf9c14fd4187ca3e0825adf3442820a5c,202,46cef127de9504a18fd69b19313e3decf9c14fd4187ca3e0825adf3442820a5c,0,1,central_cross_east_west,True,0.0,0.0,10.000000149011612,1,0.005768564999925729
0.003,0.0,0.0,0.0,,1.0162465107926029,0.6646446708446498,0.7146446715897079,0,257,,,,,,,,,,,,,0.0,raw,0.05,121,61b301783c2239863ec4a506fae9d30456728474099bd00d15677d887f9af4a1,6.000000089406967,,,,0,0.0,,,,,,0,,ThetaStar,61b301783c2239863ec4a506fae9d30456728474099bd00d15677d887f9af4a1,122,61b301783c2239863ec4a506fae9d30456728474099bd00d15677d887f9af4a1,0,1,west_service_lane,True,0.0,0.0,6.000000089406967,1,0.004086570000254142
0.0,0.0,0.0,0.0,,1.0740397129980552,0.6646446708446498,0.814644673079824,0,241,,,,,,,,,,,,,0.0,simple,0.05,121,61b301783c2239863ec4a506fae9d30456728474099bd00d15677d887f9af4a1,6.000000089406967,,,,0,0.0,,,,,,0,,ThetaStar,61b301783c2239863ec4a506fae9d30456728474099bd00d15677d887f9af4a1,122,61b301783c2239863ec4a506fae9d30456728474099bd00d15677d887f9af4a1,0,1,west_service_lane,True,0.0,0.0,6.000000089406967,1,0.004880610000327579
0.0,0.0,0.0,0.0,,1.0815892817708535,0.6646446708446498,0.8646446738248821,0,231,,,,,,,,,,,,,0.0,savitzky_golay,0.05,121,7df65e0364bccaed846db280a7007ad2727d6f813708558237c62429d5c13893,6.000000089406967,,,,0,0.0,,,,,,0,,ThetaStar,61b301783c2239863ec4a506fae9d30456728474099bd00d15677d887f9af4a1,122,61b301783c2239863ec4a506fae9d30456728474099bd00d15677d887f9af4a1,0,1,west_service_lane,True,0.0,0.0,6.000000089406967,1,0.008473863999824971
0.0,0.0,0.0,0.0,,1.0468011111258375,0.6146446700995918,0.6646446708446498,0,257,,,,,,,,,,,,,0.0,constrained,0.05,121,61b301783c2239863ec4a506fae9d30456728474099bd00d15677d887f9af4a1,6.000000089406967,,,,0,0.0,,,,,,0,,ThetaStar,61b301783c2239863ec4a506fae9d30456728474099bd00d15677d887f9af4a1,122,61b301783c2239863ec4a506fae9d30456728474099bd00d15677d887f9af4a1,0,1,west_service_lane,True,0.0,0.0,6.000000089406967,1,0.004996249000214448
0.0,0.0,3.469446951953614e-18,3.141089681500624e-19,,1.073309446150457,0.6646446708446498,0.817144673117077,0,122,,,,,,,,,,,,,0.0,pivot_g2,0.05,122,10cf7dbc899cf7ca5b838a89dbda58e1435092f8e2c5fd28c6ce92d09bf16e1b,6.000000089406967,0,0,0,0,0.0,200,0,122,0,0.0001152,0,0,ThetaStar,61b301783c2239863ec4a506fae9d30456728474099bd00d15677d887f9af4a1,122,61b301783c2239863ec4a506fae9d30456728474099bd00d15677d887f9af4a1,0,1,west_service_lane,True,0.0,0.0,6.000000089406967,1,0.0052797540001847665
0.0,0.0,0.0,0.0,,1.0740397129980552,0.6646446708446498,0.814644673079824,0,241,0,0,0,True,0,0,True,simple_default,simple,0,0,True,0.0,adaptive_hybrid,0.05,121,61b301783c2239863ec4a506fae9d30456728474099bd00d15677d887f9af4a1,6.000000089406967,,,,0,0.0,,,,,,0,,ThetaStar,61b301783c2239863ec4a506fae9d30456728474099bd00d15677d887f9af4a1,122,61b301783c2239863ec4a506fae9d30456728474099bd00d15677d887f9af4a1,0,1,west_service_lane,True,0.0,0.0,6.000000089406967,1,0.006162561000564892
0.003,0.0,0.0,0.0,,0.5708928028623077,0.3646446663743015,0.41464466711935954,0,257,,,,,,,,,,,,,0.0,raw,0.05,121,435e2bcb20a502d272f80c967ff4c10535ebd311682afc9dfe4fee8bedc5cf73,6.000000089406967,,,,0,0.0,,,,,,0,,ThetaStar,435e2bcb20a502d272f80c967ff4c10535ebd311682afc9dfe4fee8bedc5cf73,122,435e2bcb20a502d272f80c967ff4c10535ebd311682afc9dfe4fee8bedc5cf73,0,1,picking_aisle_a,True,0.0,0.0,6.000000089406967,1,0.003843005999442539
0.0,0.0,0.0,0.0,,0.6137134628612599,0.5146446686094757,0.5146446686094757,0,241,,,,,,,,,,,,,0.0,simple,0.05,121,435e2bcb20a502d272f80c967ff4c10535ebd311682afc9dfe4fee8bedc5cf73,6.000000089406967,,,,0,0.0,,,,,,0,,ThetaStar,435e2bcb20a502d272f80c967ff4c10535ebd311682afc9dfe4fee8bedc5cf73,122,435e2bcb20a502d272f80c967ff4c10535ebd311682afc9dfe4fee8bedc5cf73,0,1,picking_aisle_a,True,0.0,0.0,6.000000089406967,1,0.005145070000253327
0.0,0.0,0.0,0.0,,0.6180021552531119,0.5146446686094757,0.5146446686094757,0,231,,,,,,,,,,,,,0.0,savitzky_golay,0.05,121,68af036a2fa3b4c581ca809f0051f64099aac800708ff6f1476c9cf98233793b,6.000000089406967,,,,0,0.0,,,,,,0,,ThetaStar,435e2bcb20a502d272f80c967ff4c10535ebd311682afc9dfe4fee8bedc5cf73,122,435e2bcb20a502d272f80c967ff4c10535ebd311682afc9dfe4fee8bedc5cf73,0,1,picking_aisle_a,True,0.0,0.0,6.000000089406967,1,0.005425772000307916
0.0,0.0,0.0,0.0,,0.6005418646711795,0.3646446663743015,0.41464466711935954,0,257,,,,,,,,,,,,,0.0,constrained,0.05,121,435e2bcb20a502d272f80c967ff4c10535ebd311682afc9dfe4fee8bedc5cf73,6.000000089406967,,,,0,0.0,,,,,,0,,ThetaStar,435e2bcb20a502d272f80c967ff4c10535ebd311682afc9dfe4fee8bedc5cf73,122,435e2bcb20a502d272f80c967ff4c10535ebd311682afc9dfe4fee8bedc5cf73,0,1,picking_aisle_a,True,0.0,0.0,6.000000089406967,1,0.005059318999883544
0.0,0.0,3.469446951953614e-18,3.141089681500624e-19,,0.609709185072282,0.5146446686094757,0.5146446686094757,0,122,,,,,,,,,,,,,0.0,pivot_g2,0.05,122,5ba31d2bae29117414727d2c7ea9fa2d83f1100a6dbe60a26469eeeccec54268,6.000000089406967,0,0,0,0,0.0,200,0,122,0,0.000106614,0,0,ThetaStar,435e2bcb20a502d272f80c967ff4c10535ebd311682afc9dfe4fee8bedc5cf73,122,435e2bcb20a502d272f80c967ff4c10535ebd311682afc9dfe4fee8bedc5cf73,0,1,picking_aisle_a,True,0.0,0.0,6.000000089406967,1,0.005180432999623008
0.0,0.0,0.0,0.0,,0.6137134628612599,0.5146446686094757,0.5146446686094757,0,241,0,0,0,True,0,83,True,simple_default,simple,0,0,True,0.0,adaptive_hybrid,0.05,121,435e2bcb20a502d272f80c967ff4c10535ebd311682afc9dfe4fee8bedc5cf73,6.000000089406967,,,,0,0.0,,,,,,0,,ThetaStar,435e2bcb20a502d272f80c967ff4c10535ebd311682afc9dfe4fee8bedc5cf73,122,435e2bcb20a502d272f80c967ff4c10535ebd311682afc9dfe4fee8bedc5cf73,0,1,picking_aisle_a,True,0.0,0.0,6.000000089406967,1,0.005325043000084406
0.003,0.0,6.938893903907228e-18,6.282179363001248e-19,,0.5708928028623077,0.3646446663743015,0.41464466711935954,0,257,,,,,,,,,,,,,0.0,raw,0.05,121,bd2aab1d0c498cc02d4364764558ab0b83645108407224df96412f12cc3735a7,6.000000089406967,,,,0,0.0,,,,,,0,,ThetaStar,bd2aab1d0c498cc02d4364764558ab0b83645108407224df96412f12cc3735a7,122,bd2aab1d0c498cc02d4364764558ab0b83645108407224df96412f12cc3735a7,0,1,picking_aisle_b,True,0.0,0.0,6.000000089406967,1,0.0034513250002419227
0.0,0.0,6.938893903907228e-18,6.282179363001248e-19,,0.6137134628612599,0.5146446686094757,0.5146446686094757,0,241,,,,,,,,,,,,,0.0,simple,0.05,121,bd2aab1d0c498cc02d4364764558ab0b83645108407224df96412f12cc3735a7,6.000000089406967,,,,0,0.0,,,,,,0,,ThetaStar,bd2aab1d0c498cc02d4364764558ab0b83645108407224df96412f12cc3735a7,122,bd2aab1d0c498cc02d4364764558ab0b83645108407224df96412f12cc3735a7,0,1,picking_aisle_b,True,0.0,0.0,6.000000089406967,1,0.005830027999763843
0.0,1.540742577979597e-30,9.813077866773595e-18,6.881782694818438e-18,,0.618002155253112,0.5146446686094757,0.5146446686094757,0,231,,,,,,,,,,,,,5.551105196974693e-15,savitzky_golay,0.05,121,c64afe9e11157b9b9a9e7a3227cfc58aa399e7e9a5c24328f7272ff9469f53af,6.000000089406967,,,,0,0.0,,,,,,0,,ThetaStar,bd2aab1d0c498cc02d4364764558ab0b83645108407224df96412f12cc3735a7,122,bd2aab1d0c498cc02d4364764558ab0b83645108407224df96412f12cc3735a7,0,1,picking_aisle_b,True,1.540742577979597e-30,5.551105196974693e-15,6.000000089406967,1,0.0054288780002025305
0.0,0.0,6.938893903907228e-18,6.282179363001248e-19,,0.6005418646711795,0.3646446663743015,0.41464466711935954,0,257,,,,,,,,,,,,,0.0,constrained,0.05,121,bd2aab1d0c498cc02d4364764558ab0b83645108407224df96412f12cc3735a7,6.000000089406967,,,,0,0.0,,,,,,0,,ThetaStar,bd2aab1d0c498cc02d4364764558ab0b83645108407224df96412f12cc3735a7,122,bd2aab1d0c498cc02d4364764558ab0b83645108407224df96412f12cc3735a7,0,1,picking_aisle_b,True,0.0,0.0,6.000000089406967,1,0.005344745000002149
0.0,0.0,6.938893903907228e-18,6.282179363001248e-19,,0.609709185072282,0.5146446686094757,0.5146446686094757,0,122,,,,,,,,,,,,,0.0,pivot_g2,0.05,122,0e7927f33d1c33cf4c67bc55aee1adef93bf0a5d8795e170acd4fb63ed4b1bcd,6.000000089406967,0,0,0,0,0.0,200,0,122,0,8.2439e-05,0,0,ThetaStar,bd2aab1d0c498cc02d4364764558ab0b83645108407224df96412f12cc3735a7,122,bd2aab1d0c498cc02d4364764558ab0b83645108407224df96412f12cc3735a7,0,1,picking_aisle_b,True,0.0,0.0,6.000000089406967,1,0.005364026999814087
0.003,0.0,6.938893903907228e-18,6.282179363001248e-19,,0.6137134628612599,0.5146446686094757,0.5146446686094757,0,241,0,0,0,True,0,83,True,simple_default,simple,0,0,True,0.0,adaptive_hybrid,0.05,121,bd2aab1d0c498cc02d4364764558ab0b83645108407224df96412f12cc3735a7,6.000000089406967,,,,0,0.0,,,,,,0,,ThetaStar,bd2aab1d0c498cc02d4364764558ab0b83645108407224df96412f12cc3735a7,122,bd2aab1d0c498cc02d4364764558ab0b83645108407224df96412f12cc3735a7,0,1,picking_aisle_b,True,0.0,0.0,6.000000089406967,1,0.005918998999732139
0.0,0.0,0.0,0.0,,0.5708928028623077,0.3646446663743015,0.41464466711935954,0,257,,,,,,,,,,,,,0.0,raw,0.05,121,78bb9056e6c0b35b8cf442ceb9adbbdff90e63504180a5518972cf79752f3d37,6.000000089406967,,,,0,0.0,,,,,,0,,ThetaStar,78bb9056e6c0b35b8cf442ceb9adbbdff90e63504180a5518972cf79752f3d37,122,78bb9056e6c0b35b8cf442ceb9adbbdff90e63504180a5518972cf79752f3d37,0,1,picking_aisle_c,True,0.0,0.0,6.000000089406967,1,0.0030114959999991697
0.0,0.0,0.0,0.0,,0.6137134628612599,0.5146446686094757,0.5146446686094757,0,241,,,,,,,,,,,,,0.0,simple,0.05,121,78bb9056e6c0b35b8cf442ceb9adbbdff90e63504180a5518972cf79752f3d37,6.000000089406967,,,,0,0.0,,,,,,0,,ThetaStar,78bb9056e6c0b35b8cf442ceb9adbbdff90e63504180a5518972cf79752f3d37,122,78bb9056e6c0b35b8cf442ceb9adbbdff90e63504180a5518972cf79752f3d37,0,1,picking_aisle_c,True,0.0,0.0,6.000000089406967,1,0.0045733150000160094
0.0,1.5777205409102154e-26,1.1102230246251565e-15,1.0876061917207977e-15,,0.6180021552531119,0.5146446686094757,0.5146446686094757,0,231,,,,,,,,,,,,,5.329060989095704e-13,savitzky_golay,0.05,121,98364d23583fd02bf2470b583dfa8702b2d6a2667fcf032b7ed474dcda38eb7a,6.000000089406967,,,,0,0.0,,,,,,0,,ThetaStar,78bb9056e6c0b35b8cf442ceb9adbbdff90e63504180a5518972cf79752f3d37,122,78bb9056e6c0b35b8cf442ceb9adbbdff90e63504180a5518972cf79752f3d37,0,1,picking_aisle_c,True,1.5777205409102154e-26,5.329060989095704e-13,6.000000089406967,1,0.005867777000275964
0.0,0.0,0.0,0.0,,0.6005418646711795,0.3646446663743015,0.41464466711935954,0,257,,,,,,,,,,,,,0.0,constrained,0.05,121,78bb9056e6c0b35b8cf442ceb9adbbdff90e63504180a5518972cf79752f3d37,6.000000089406967,,,,0,0.0,,,,,,0,,ThetaStar,78bb9056e6c0b35b8cf442ceb9adbbdff90e63504180a5518972cf79752f3d37,122,78bb9056e6c0b35b8cf442ceb9adbbdff90e63504180a5518972cf79752f3d37,0,1,picking_aisle_c,True,0.0,0.0,6.000000089406967,1,0.005917127999964578
0.0,0.0,3.469446951953614e-18,3.141089681500624e-19,,0.609709185072282,0.5146446686094757,0.5146446686094757,0,122,,,,,,,,,,,,,0.0,pivot_g2,0.05,122,26d83468fbce17fb15f0afdb5405c7a30cfdbc5c91743c47d8a3607a973155d1,6.000000089406967,0,0,0,0,0.0,200,0,122,0,0.000106667,0,0,ThetaStar,78bb9056e6c0b35b8cf442ceb9adbbdff90e63504180a5518972cf79752f3d37,122,78bb9056e6c0b35b8cf442ceb9adbbdff90e63504180a5518972cf79752f3d37,0,1,picking_aisle_c,True,0.0,0.0,6.000000089406967,1,0.005232534000242595
0.0,0.0,0.0,0.0,,0.6137134628612599,0.5146446686094757,0.5146446686094757,0,241,0,0,0,True,0,83,True,simple_default,simple,0,0,True,0.0,adaptive_hybrid,0.05,121,78bb9056e6c0b35b8cf442ceb9adbbdff90e63504180a5518972cf79752f3d37,6.000000089406967,,,,0,0.0,,,,,,0,,ThetaStar,78bb9056e6c0b35b8cf442ceb9adbbdff90e63504180a5518972cf79752f3d37,122,78bb9056e6c0b35b8cf442ceb9adbbdff90e63504180a5518972cf79752f3d37,0,1,picking_aisle_c,True,0.0,0.0,6.000000089406967,1,0.0058571070003381465
0.0,0.0,6.938893903907228e-18,6.282179363001248e-19,,0.9865741999003126,0.6146446700995918,0.6646446708446498,0,257,,,,,,,,,,,,,0.0,raw,0.05,121,7b3ea50a84e77f7a8cff80edd79fa498f6f768dbb76b112636fd3271cbe05f5b,6.000000089406967,,,,0,0.0,,,,,,0,,ThetaStar,7b3ea50a84e77f7a8cff80edd79fa498f6f768dbb76b112636fd3271cbe05f5b,122,7b3ea50a84e77f7a8cff80edd79fa498f6f768dbb76b112636fd3271cbe05f5b,0,1,east_service_lane,True,0.0,0.0,6.000000089406967,1,0.002919163000115077
0.0,0.0,6.938893903907228e-18,6.282179363001248e-19,,1.0451335924026577,0.6646446708446498,0.814644673079824,0,241,,,,,,,,,,,,,0.0,simple,0.05,121,7b3ea50a84e77f7a8cff80edd79fa498f6f768dbb76b112636fd3271cbe05f5b,6.000000089406967,,,,0,0.0,,,,,,0,,ThetaStar,7b3ea50a84e77f7a8cff80edd79fa498f6f768dbb76b112636fd3271cbe05f5b,122,7b3ea50a84e77f7a8cff80edd79fa498f6f768dbb76b112636fd3271cbe05f5b,0,1,east_service_lane,True,0.0,0.0,6.000000089406967,1,0.005417796000074304
0.0,1.0097410559047065e-25,2.6645442941031615e-15,2.6130773956993807e-15,,0.9971553101192783,0.6146446700995918,0.6146446700995918,0,266,,,,,,,,,,,,,1.4210829304255214e-12,savitzky_golay,0.05,121,63ed0125f8aadd7fe6f74d7944469c62b22962e556b09d4db1184701857a29ff,6.000000089406967,,,,0,0.0,,,,,,0,,ThetaStar,7b3ea50a84e77f7a8cff80edd79fa498f6f768dbb76b112636fd3271cbe05f5b,122,7b3ea50a84e77f7a8cff80edd79fa498f6f768dbb76b112636fd3271cbe05f5b,0,1,east_service_lane,True,1.0097410559047065e-25,1.4210829304255214e-12,6.000000089406967,1,0.005115902999932587
0.0,0.0,6.938893903907228e-18,6.282179363001248e-19,,1.022807433882375,0.6646446708446498,0.7146446715897079,0,257,,,,,,,,,,,,,0.0,constrained,0.05,121,7b3ea50a84e77f7a8cff80edd79fa498f6f768dbb76b112636fd3271cbe05f5b,6.000000089406967,,,,0,0.0,,,,,,0,,ThetaStar,7b3ea50a84e77f7a8cff80edd79fa498f6f768dbb76b112636fd3271cbe05f5b,122,7b3ea50a84e77f7a8cff80edd79fa498f6f768dbb76b112636fd3271cbe05f5b,0,1,east_service_lane,True,0.0,0.0,6.000000089406967,1,0.0055395509998561465
0.0,0.0,6.938893903907228e-18,6.282179363001248e-19,,1.0437341384979322,0.6646446708446498,0.817144673117077,0,122,,,,,,,,,,,,,0.0,pivot_g2,0.05,122,7e63eb695725d0ce73c0832cb7de048639f8830175ba3cb135994f38fa1e4648,6.000000089406967,0,0,0,0,0.0,200,0,122,0,0.000125563,0,0,ThetaStar,7b3ea50a84e77f7a8cff80edd79fa498f6f768dbb76b112636fd3271cbe05f5b,122,7b3ea50a84e77f7a8cff80edd79fa498f6f768dbb76b112636fd3271cbe05f5b,0,1,east_service_lane,True,0.0,0.0,6.000000089406967,1,0.00552102100027696
0.003,0.0,6.938893903907228e-18,6.282179363001248e-19,,1.0451335924026577,0.6646446708446498,0.814644673079824,0,241,0,0,0,True,0,0,True,simple_default,simple,0,0,True,0.0,adaptive_hybrid,0.05,121,7b3ea50a84e77f7a8cff80edd79fa498f6f768dbb76b112636fd3271cbe05f5b,6.000000089406967,,,,0,0.0,,,,,,0,,ThetaStar,7b3ea50a84e77f7a8cff80edd79fa498f6f768dbb76b112636fd3271cbe05f5b,122,7b3ea50a84e77f7a8cff80edd79fa498f6f768dbb76b112636fd3271cbe05f5b,0,1,east_service_lane,True,0.0,0.0,6.000000089406967,1,0.0043242920000921
0.003,14.549114468193807,2.220446049250313e-16,4.73621144488103e-17,,0.4880812676116455,0.1449222268733815,0.17169645774129438,0,284,,,,,,,,,,,,,7.865368216418688,raw,0.05,138,fb05dea419505c5e6927b89601a96b65ece25689a5b0c7c4bab5693e352192d8,7.541590779855472,,,,0,0.0,,,,,,0,,ThetaStar,fb05dea419505c5e6927b89601a96b65ece25689a5b0c7c4bab5693e352192d8,152,fb05dea419505c5e6927b89601a96b65ece25689a5b0c7c4bab5693e352192d8,0,1,cross_aisle_transfer,True,14.549114468193807,7.865368216418688,7.541590779855472,1,0.005119589000059932
0.0,1.9487161901877854,0.032486307340834776,0.008712905900347588,,0.46934677676750197,0.2146446641391273,0.2146446641391273,0,280,,,,,,,,,,,,,1.7822786150046055,simple,0.05,138,e5033133ebddbcd81a06fc9c0ad42db9f2e415144ff4fd0f76f2604b56360f84,7.4926700527557175,,,,0,0.0,,,,,,0,,ThetaStar,fb05dea419505c5e6927b89601a96b65ece25689a5b0c7c4bab5693e352192d8,151,fb05dea419505c5e6927b89601a96b65ece25689a5b0c7c4bab5693e352192d8,0,1,cross_aisle_transfer,True,1.9487161901877854,1.7822786150046055,7.4926700527557175,1,0.00609165099922393
0.0,4.1256885199618525,0.010608606364624778,0.0023604840999843454,,0.48109539520828315,0.21959563989254183,0.23390290478282266,0,249,,,,,,,,,,,,,2.8830262874416857,savitzky_golay,0.05,138,c6040040aeeba64f160ddae69235df1ff9158b2aa6dc679c5fcfc71359627884,7.529273228791407,,,,0,0.0,,,,,,0,,ThetaStar,fb05dea419505c5e6927b89601a96b65ece25689a5b0c7c4bab5693e352192d8,152,fb05dea419505c5e6927b89601a96b65ece25689a5b0c7c4bab5693e352192d8,0,1,cross_aisle_transfer,True,4.1256885199618525,2.8830262874416857,7.529273228791407,1,0.005957938999927137
0.012,4.907752576812668,0.025711715862164874,0.006100046385805705,,0.45750780817153464,0.2474873771031409,0.2474873771031409,0,238,,,,,,,,,,,,,2.6980887493271393,constrained,0.05,138,4657f361acb97130cb12a64ad458c5a6aa023297189a433a07cf87e9bcac9db8,7.546814374881029,,,,0,0.0,,,,,,0,,ThetaStar,fb05dea419505c5e6927b89601a96b65ece25689a5b0c7c4bab5693e352192d8,152,fb05dea419505c5e6927b89601a96b65ece25689a5b0c7c4bab5693e352192d8,0,1,cross_aisle_transfer,True,4.907752576812668,2.6980887493271393,7.546814374881029,1,0.014156399000057718
0.003,7.522624385364811,0.013721470843613942,0.0017912729661978353,,0.4373659008094175,0.2146446641391273,0.23390290478282266,0,327,,,,,,,,,,,,,3.7476255788900232,pivot_g2,0.05,317,b1cf68b9980b6502a2987f39211532da136daa6ce54a5c51d9cdf1683c576217,7.530654552789051,46,13,11,2,0.24497866312686442,200,0.940219,317,2,0.00252836,0.4423742229767449,52,ThetaStar,fb05dea419505c5e6927b89601a96b65ece25689a5b0c7c4bab5693e352192d8,152,fb05dea419505c5e6927b89601a96b65ece25689a5b0c7c4bab5693e352192d8,0,1,cross_aisle_transfer,True,6.987598479753508,3.7462646606564585,7.531289994950197,3,0.008466164000310528
0.003,1.9487161901877854,0.032486307340834776,0.008712905900347588,,0.46934677676750197,0.2146446641391273,0.2146446641391273,0,280,6.9876,2,177,True,14.5491,253,True,simple_default,simple,1.94872,202,True,1.7822786150046055,adaptive_hybrid,0.05,138,e5033133ebddbcd81a06fc9c0ad42db9f2e415144ff4fd0f76f2604b56360f84,7.4926700527557175,,,,0,0.0,,,,,,0,,ThetaStar,fb05dea419505c5e6927b89601a96b65ece25689a5b0c7c4bab5693e352192d8,151,fb05dea419505c5e6927b89601a96b65ece25689a5b0c7c4bab5693e352192d8,0,1,cross_aisle_transfer,True,1.9487161901877854,1.7822786150046055,7.4926700527557175,1,0.008469910999338026
0.0,0.0,6.938893903907228e-18,4.882188713933115e-19,,1.1272123055810608,0.6646446708446498,0.9146446745699401,0,401,,,,,,,,,,,,,0.0,raw,0.05,201,a07546773a4d7e7df772fd3d8171075301cfa6f3397ee1d4d58c9c9783304652,10.000000149011612,,,,0,0.0,,,,,,0,,Smac2D,a07546773a4d7e7df772fd3d8171075301cfa6f3397ee1d4d58c9c9783304652,202,a07546773a4d7e7df772fd3d8171075301cfa6f3397ee1d4d58c9c9783304652,0,1,central_cross_west_east,True,0.0,0.0,10.000000149011612,1,0.005508801999894786
0.0,0.0,6.938893903907228e-18,4.882188713933115e-19,,1.1272123055810608,0.6646446708446498,0.9146446745699401,0,401,,,,,,,,,,,,,0.0,simple,0.05,201,a07546773a4d7e7df772fd3d8171075301cfa6f3397ee1d4d58c9c9783304652,10.000000149011612,,,,0,0.0,,,,,,0,,Smac2D,a07546773a4d7e7df772fd3d8171075301cfa6f3397ee1d4d58c9c9783304652,202,a07546773a4d7e7df772fd3d8171075301cfa6f3397ee1d4d58c9c9783304652,0,1,central_cross_west_east,True,0.0,0.0,10.000000149011612,1,0.0068869919996359386
0.0,1.401296585042713e-41,6.938893903986114e-18,4.882188724871856e-19,,1.1326488178831358,0.6646446708446498,0.9896446756875272,0,391,,,,,,,,,,,,,1.5881820429505272e-20,savitzky_golay,0.05,201,df0c761db4886cc812b59c7858783db573f561bdbc340c75e336458573a9b59c,10.000000149011612,,,,0,0.0,,,,,,0,,Smac2D,a07546773a4d7e7df772fd3d8171075301cfa6f3397ee1d4d58c9c9783304652,202,a07546773a4d7e7df772fd3d8171075301cfa6f3397ee1d4d58c9c9783304652,0,1,central_cross_west_east,True,1.401296585042713e-41,1.5881820429505272e-20,10.000000149011612,1,0.006801919000281487
0.0,0.0,6.938893903907228e-18,4.882188713933115e-19,,1.1272123055810608,0.6646446708446498,0.9146446745699401,0,401,,,,,,,,,,,,,0.0,constrained,0.05,201,a07546773a4d7e7df772fd3d8171075301cfa6f3397ee1d4d58c9c9783304652,10.000000149011612,,,,0,0.0,,,,,,0,,Smac2D,a07546773a4d7e7df772fd3d8171075301cfa6f3397ee1d4d58c9c9783304652,202,a07546773a4d7e7df772fd3d8171075301cfa6f3397ee1d4d58c9c9783304652,0,1,central_cross_west_east,True,0.0,0.0,10.000000149011612,1,0.007403392000014719
0.0,0.0,6.938893903907228e-18,4.882188713933115e-19,,1.1233918063925625,0.6646446708446498,0.9146446745699401,0,202,,,,,,,,,,,,,0.0,pivot_g2,0.05,202,e566e6196f39f6e91ed3f5dea4e660a399527b02fae9d2d7dc57a2a43c6dec12,10.000000149011612,0,0,0,0,0.0,200,0,202,0,0.000132271,0,0,Smac2D,a07546773a4d7e7df772fd3d8171075301cfa6f3397ee1d4d58c9c9783304652,202,a07546773a4d7e7df772fd3d8171075301cfa6f3397ee1d4d58c9c9783304652,0,1,central_cross_west_east,True,0.0,0.0,10.000000149011612,1,0.006748593999873265
0.0,0.0,6.938893903907228e-18,4.882188713933115e-19,,1.1272123055810608,0.6646446708446498,0.9146446745699401,0,401,0,0,0,True,0,0,True,simple_default,simple,0,0,True,0.0,adaptive_hybrid,0.05,201,a07546773a4d7e7df772fd3d8171075301cfa6f3397ee1d4d58c9c9783304652,10.000000149011612,,,,0,0.0,,,,,,0,,Smac2D,a07546773a4d7e7df772fd3d8171075301cfa6f3397ee1d4d58c9c9783304652,202,a07546773a4d7e7df772fd3d8171075301cfa6f3397ee1d4d58c9c9783304652,0,1,central_cross_west_east,True,0.0,0.0,10.000000149011612,1,0.0059715890001825755
0.0,0.0,6.938893903907228e-18,4.882188713933115e-19,,1.1272123055810608,0.6646446708446498,0.9146446745699401,0,401,,,,,,,,,,,,,0.0,raw,0.05,201,ac8fedfe57602547790bd5fb265e4b9ef760bfd71c74664e1e5af95bffe759bd,10.000000149011612,,,,0,0.0,,,,,,0,,Smac2D,ac8fedfe57602547790bd5fb265e4b9ef760bfd71c74664e1e5af95bffe759bd,202,ac8fedfe57602547790bd5fb265e4b9ef760bfd71c74664e1e5af95bffe759bd,0,1,central_cross_east_west,True,0.0,0.0,10.000000149011612,1,0.005453439000120852
0.0,0.0,6.938893903907228e-18,4.882188713933115e-19,,1.1272123055810608,0.6646446708446498,0.9146446745699401,0,401,,,,,,,,,,,,,0.0,simple,0.05,201,ac8fedfe57602547790bd5fb265e4b9ef760bfd71c74664e1e5af95bffe759bd,10.000000149011612,,,,0,0.0,,,,,,0,,Smac2D,ac8fedfe57602547790bd5fb265e4b9ef760bfd71c74664e1e5af95bffe759bd,202,ac8fedfe57602547790bd5fb265e4b9ef760bfd71c74664e1e5af95bffe759bd,0,1,central_cross_east_west,True,0.0,0.0,10.000000149011612,1,0.0070591789999525645
0.0,1.4012965850427538e-41,3.3087224502121107e-23,3.2681797165780315e-23,,1.1326488178831358,0.6646446708446498,0.9896446756875272,0,391,,,,,,,,,,,,,1.58818204295064e-20,savitzky_golay,0.05,201,1c4683870d12434ee71d3381ad18e8e06e4c4f4bd1da5883302b50356171c6a2,10.000000149011612,,,,0,0.0,,,,,,0,,Smac2D,ac8fedfe57602547790bd5fb265e4b9ef760bfd71c74664e1e5af95bffe759bd,202,ac8fedfe57602547790bd5fb265e4b9ef760bfd71c74664e1e5af95bffe759bd,0,1,central_cross_east_west,True,1.4012965850427538e-41,1.58818204295064e-20,10.000000149011612,1,0.02428408700052387
0.0,0.0,6.938893903907228e-18,4.882188713933115e-19,,1.1272123055810608,0.6646446708446498,0.9146446745699401,0,401,,,,,,,,,,,,,0.0,constrained,0.05,201,ac8fedfe57602547790bd5fb265e4b9ef760bfd71c74664e1e5af95bffe759bd,10.000000149011612,,,,0,0.0,,,,,,0,,Smac2D,ac8fedfe57602547790bd5fb265e4b9ef760bfd71c74664e1e5af95bffe759bd,202,ac8fedfe57602547790bd5fb265e4b9ef760bfd71c74664e1e5af95bffe759bd,0,1,central_cross_east_west,True,0.0,0.0,10.000000149011612,1,0.006596056000489625
0.0,0.0,6.938893903907228e-18,4.882188713933115e-19,,1.1233918063925625,0.6646446708446498,0.9146446745699401,0,202,,,,,,,,,,,,,0.0,pivot_g2,0.05,202,ffb45b7e24bf5ff91da4bd04c0eebe7a25ff485cf3b313f3dc61229eac77212a,10.000000149011612,0,0,0,0,0.0,200,0,202,0,0.000151196,0,0,Smac2D,ac8fedfe57602547790bd5fb265e4b9ef760bfd71c74664e1e5af95bffe759bd,202,ac8fedfe57602547790bd5fb265e4b9ef760bfd71c74664e1e5af95bffe759bd,0,1,central_cross_east_west,True,0.0,0.0,10.000000149011612,1,0.007087230999786698
0.0,0.0,6.938893903907228e-18,4.882188713933115e-19,,1.1272123055810608,0.6646446708446498,0.9146446745699401,0,401,0,0,0,True,0,0,True,simple_default,simple,0,0,True,0.0,adaptive_hybrid,0.05,201,ac8fedfe57602547790bd5fb265e4b9ef760bfd71c74664e1e5af95bffe759bd,10.000000149011612,,,,0,0.0,,,,,,0,,Smac2D,ac8fedfe57602547790bd5fb265e4b9ef760bfd71c74664e1e5af95bffe759bd,202,ac8fedfe57602547790bd5fb265e4b9ef760bfd71c74664e1e5af95bffe759bd,0,1,central_cross_east_west,True,0.0,0.0,10.000000149011612,1,0.008051630999943882
0.003,0.0,6.938893903907228e-18,6.282179363001248e-19,,1.0386640199167303,0.6646446708446498,0.814644673079824,0,241,,,,,,,,,,,,,0.0,raw,0.05,121,de5ebbe6159cc8e4787c0ec8db7e0d311d097ffd5615b69ca2b90f81c49f873f,6.000000089406967,,,,0,0.0,,,,,,0,,Smac2D,de5ebbe6159cc8e4787c0ec8db7e0d311d097ffd5615b69ca2b90f81c49f873f,122,de5ebbe6159cc8e4787c0ec8db7e0d311d097ffd5615b69ca2b90f81c49f873f,0,1,west_service_lane,True,0.0,0.0,6.000000089406967,1,0.0036235950001355377
0.0,0.0,6.938893903907228e-18,6.282179363001248e-19,,1.0386640199167303,0.6646446708446498,0.814644673079824,0,241,,,,,,,,,,,,,0.0,simple,0.05,121,de5ebbe6159cc8e4787c0ec8db7e0d311d097ffd5615b69ca2b90f81c49f873f,6.000000089406967,,,,0,0.0,,,,,,0,,Smac2D,de5ebbe6159cc8e4787c0ec8db7e0d311d097ffd5615b69ca2b90f81c49f873f,122,de5ebbe6159cc8e4787c0ec8db7e0d311d097ffd5615b69ca2b90f81c49f873f,0,1,west_service_lane,True,0.0,0.0,6.000000089406967,1,0.005835902999933751
0.0,0.0,6.938893903907228e-18,6.282179363001248e-19,,1.0444657231849468,0.6646446708446498,0.8646446738248821,0,231,,,,,,,,,,,,,0.0,savitzky_golay,0.05,121,4974a2a4e343feff7daef8731b9a576260f6189d1d3e895bfcf672eb240e8344,6.000000089406967,,,,0,0.0,,,,,,0,,Smac2D,de5ebbe6159cc8e4787c0ec8db7e0d311d097ffd5615b69ca2b90f81c49f873f,122,de5ebbe6159cc8e4787c0ec8db7e0d311d097ffd5615b69ca2b90f81c49f873f,0,1,west_service_lane,True,0.0,0.0,6.000000089406967,1,0.006034766000084346
0.0,0.0,6.938893903907228e-18,6.282179363001248e-19,,1.0386640199167303,0.6646446708446498,0.814644673079824,0,241,,,,,,,,,,,,,0.0,constrained,0.05,121,de5ebbe6159cc8e4787c0ec8db7e0d311d097ffd5615b69ca2b90f81c49f873f,6.000000089406967,,,,0,0.0,,,,,,0,,Smac2D,de5ebbe6159cc8e4787c0ec8db7e0d311d097ffd5615b69ca2b90f81c49f873f,122,de5ebbe6159cc8e4787c0ec8db7e0d311d097ffd5615b69ca2b90f81c49f873f,0,1,west_service_lane,True,0.0,0.0,6.000000089406967,1,0.006265297999561881
0.0,0.0,6.938893903907228e-18,6.282179363001248e-19,,1.0363195197568098,0.6646446708446498,0.814644673079824,0,122,,,,,,,,,,,,,0.0,pivot_g2,0.05,122,d47af9c323b0dbe9a50660d337610b111587af930c937af8b74693901e6c3cf2,6.000000089406967,0,0,0,0,0.0,200,0,122,0,9.2825e-05,0,0,Smac2D,de5ebbe6159cc8e4787c0ec8db7e0d311d097ffd5615b69ca2b90f81c49f873f,122,de5ebbe6159cc8e4787c0ec8db7e0d311d097ffd5615b69ca2b90f81c49f873f,0,1,west_service_lane,True,0.0,0.0,6.000000089406967,1,0.005595091000031971
0.003,0.0,6.938893903907228e-18,6.282179363001248e-19,,1.0386640199167303,0.6646446708446498,0.814644673079824,0,241,0,0,0,True,0,0,True,simple_default,simple,0,0,True,0.0,adaptive_hybrid,0.05,121,de5ebbe6159cc8e4787c0ec8db7e0d311d097ffd5615b69ca2b90f81c49f873f,6.000000089406967,,,,0,0.0,,,,,,0,,Smac2D,de5ebbe6159cc8e4787c0ec8db7e0d311d097ffd5615b69ca2b90f81c49f873f,122,de5ebbe6159cc8e4787c0ec8db7e0d311d097ffd5615b69ca2b90f81c49f873f,0,1,west_service_lane,True,0.0,0.0,6.000000089406967,1,0.005503019999196113
0.003,0.0,6.938893903907228e-18,6.282179363001248e-19,,0.6137134628612599,0.5146446686094757,0.5146446686094757,0,241,,,,,,,,,,,,,0.0,raw,0.05,121,2c1d8389054a1b4964704c5d3649bb6d0de6385719073ecc7114d931b1fdf193,6.000000089406967,,,,0,0.0,,,,,,0,,Smac2D,2c1d8389054a1b4964704c5d3649bb6d0de6385719073ecc7114d931b1fdf193,122,2c1d8389054a1b4964704c5d3649bb6d0de6385719073ecc7114d931b1fdf193,0,1,picking_aisle_a,True,0.0,0.0,6.000000089406967,1,0.003170904999933555
0.0,0.0,6.938893903907228e-18,6.282179363001248e-19,,0.6137134628612599,0.5146446686094757,0.5146446686094757,0,241,,,,,,,,,,,,,0.0,simple,0.05,121,2c1d8389054a1b4964704c5d3649bb6d0de6385719073ecc7114d931b1fdf193,6.000000089406967,,,,0,0.0,,,,,,0,,Smac2D,2c1d8389054a1b4964704c5d3649bb6d0de6385719073ecc7114d931b1fdf193,122,2c1d8389054a1b4964704c5d3649bb6d0de6385719073ecc7114d931b1fdf193,0,1,picking_aisle_a,True,0.0,0.0,6.000000089406967,1,0.005824231000588043
0.0,5.9164511467939226e-27,4.440892098500626e-16,2.2744005497425976e-16,,0.6180021552531121,0.5146446686094757,0.5146446686094757,0,231,,,,,,,,,,,,,3.5527073260638034e-13,savitzky_golay,0.05,121,3c40995044d7c93f6930289c18e9ed80c4696dd4fc6ee7b1b58e0a11be672f05,6.000000089406967,,,,0,0.0,,,,,,0,,Smac2D,2c1d8389054a1b4964704c5d3649bb6d0de6385719073ecc7114d931b1fdf193,122,2c1d8389054a1b4964704c5d3649bb6d0de6385719073ecc7114d931b1fdf193,0,1,picking_aisle_a,True,5.9164511467939226e-27,3.5527073260638034e-13,6.000000089406967,1,0.00573927899949922
0.0,0.0,6.938893903907228e-18,6.282179363001248e-19,,0.6137134628612599,0.5146446686094757,0.5146446686094757,0,241,,,,,,,,,,,,,0.0,constrained,0.05,121,2c1d8389054a1b4964704c5d3649bb6d0de6385719073ecc7114d931b1fdf193,6.000000089406967,,,,0,0.0,,,,,,0,,Smac2D,2c1d8389054a1b4964704c5d3649bb6d0de6385719073ecc7114d931b1fdf193,122,2c1d8389054a1b4964704c5d3649bb6d0de6385719073ecc7114d931b1fdf193,0,1,picking_aisle_a,True,0.0,0.0,6.000000089406967,1,0.0060542749997694045
0.0,0.0,6.938893903907228e-18,6.282179363001248e-19,,0.6152816227588004,0.5146446686094757,0.5146446686094757,0,122,,,,,,,,,,,,,0.0,pivot_g2,0.05,122,d35dd9df19268fc20258f1989d827440e35c93a53828bdbd81b13268339111db,6.000000089406967,0,0,0,0,0.0,200,0,122,0,0.000103217,0,0,Smac2D,2c1d8389054a1b4964704c5d3649bb6d0de6385719073ecc7114d931b1fdf193,122,2c1d8389054a1b4964704c5d3649bb6d0de6385719073ecc7114d931b1fdf193,0,1,picking_aisle_a,True,0.0,0.0,6.000000089406967,1,0.006091799999921932
0.0,0.0,6.938893903907228e-18,6.282179363001248e-19,,0.6137134628612599,0.5146446686094757,0.5146446686094757,0,241,0,0,0,True,0,0,True,simple_default,simple,0,0,True,0.0,adaptive_hybrid,0.05,121,2c1d8389054a1b4964704c5d3649bb6d0de6385719073ecc7114d931b1fdf193,6.000000089406967,,,,0,0.0,,,,,,0,,Smac2D,2c1d8389054a1b4964704c5d3649bb6d0de6385719073ecc7114d931b1fdf193,122,2c1d8389054a1b4964704c5d3649bb6d0de6385719073ecc7114d931b1fdf193,0,1,picking_aisle_a,True,0.0,0.0,6.000000089406967,1,0.006187128999954439
0.0,0.0,6.938893903907228e-18,6.282179363001248e-19,,0.6137134628612599,0.5146446686094757,0.5146446686094757,0,241,,,,,,,,,,,,,0.0,raw,0.05,121,12bafca24469387731b929cc01311648e2461d5999b8195fd5bb88c1d51f1bc1,6.000000089406967,,,,0,0.0,,,,,,0,,Smac2D,12bafca24469387731b929cc01311648e2461d5999b8195fd5bb88c1d51f1bc1,122,12bafca24469387731b929cc01311648e2461d5999b8195fd5bb88c1d51f1bc1,0,1,picking_aisle_b,True,0.0,0.0,6.000000089406967,1,0.0034479650003049755
0.0,0.0,6.938893903907228e-18,6.282179363001248e-19,,0.6137134628612599,0.5146446686094757,0.5146446686094757,0,241,,,,,,,,,,,,,0.0,simple,0.05,121,12bafca24469387731b929cc01311648e2461d5999b8195fd5bb88c1d51f1bc1,6.000000089406967,,,,0,0.0,,,,,,0,,Smac2D,12bafca24469387731b929cc01311648e2461d5999b8195fd5bb88c1d51f1bc1,122,12bafca24469387731b929cc01311648e2461d5999b8195fd5bb88c1d51f1bc1,0,1,picking_aisle_b,True,0.0,0.0,6.000000089406967,1,0.0057635320008557756
0.0,0.0,6.938893903907228e-18,8.884343256416736e-19,,0.6180021552531121,0.5146446686094757,0.5146446686094757,0,231,,,,,,,,,,,,,0.0,savitzky_golay,0.05,121,b6fb12b61dde0a679ca2a40e78617a809a293f6ddb1a21d7a706485ee7049028,6.000000089406967,,,,0,0.0,,,,,,0,,Smac2D,12bafca24469387731b929cc01311648e2461d5999b8195fd5bb88c1d51f1bc1,122,12bafca24469387731b929cc01311648e2461d5999b8195fd5bb88c1d51f1bc1,0,1,picking_aisle_b,True,0.0,0.0,6.000000089406967,1,0.005715971999961766
0.0,0.0,6.938893903907228e-18,6.282179363001248e-19,,0.6137134628612599,0.5146446686094757,0.5146446686094757,0,241,,,,,,,,,,,,,0.0,constrained,0.05,121,12bafca24469387731b929cc01311648e2461d5999b8195fd5bb88c1d51f1bc1,6.000000089406967,,,,0,0.0,,,,,,0,,Smac2D,12bafca24469387731b929cc01311648e2461d5999b8195fd5bb88c1d51f1bc1,122,12bafca24469387731b929cc01311648e2461d5999b8195fd5bb88c1d51f1bc1,0,1,picking_aisle_b,True,0.0,0.0,6.000000089406967,1,0.005954962000032538
0.0,0.0,6.938893903907228e-18,6.282179363001248e-19,,0.6152816227588004,0.5146446686094757,0.5146446686094757,0,122,,,,,,,,,,,,,0.0,pivot_g2,0.05,122,d5c4cffd65de8f1589ba303ade12c4169d3a377e8c295644ecc7ac2666337d83,6.000000089406967,0,0,0,0,0.0,200,0,122,0,0.000105688,0,0,Smac2D,12bafca24469387731b929cc01311648e2461d5999b8195fd5bb88c1d51f1bc1,122,12bafca24469387731b929cc01311648e2461d5999b8195fd5bb88c1d51f1bc1,0,1,picking_aisle_b,True,0.0,0.0,6.000000089406967,1,0.0056801740001901635
0.0,0.0,6.938893903907228e-18,6.282179363001248e-19,,0.6137134628612599,0.5146446686094757,0.5146446686094757,0,241,0,0,0,True,0,0,True,simple_default,simple,0,0,True,0.0,adaptive_hybrid,0.05,121,12bafca24469387731b929cc01311648e2461d5999b8195fd5bb88c1d51f1bc1,6.000000089406967,,,,0,0.0,,,,,,0,,Smac2D,12bafca24469387731b929cc01311648e2461d5999b8195fd5bb88c1d51f1bc1,122,12bafca24469387731b929cc01311648e2461d5999b8195fd5bb88c1d51f1bc1,0,1,picking_aisle_b,True,0.0,0.0,6.000000089406967,1,0.006586976000107825
0.0,0.0,6.938893903907228e-18,6.282179363001248e-19,,0.6137134628612599,0.5146446686094757,0.5146446686094757,0,241,,,,,,,,,,,,,0.0,raw,0.05,121,14604b20128dce02316fa31bcd08a9fbad4cb49c1e0a068a1833273ad23c3018,6.000000089406967,,,,0,0.0,,,,,,0,,Smac2D,14604b20128dce02316fa31bcd08a9fbad4cb49c1e0a068a1833273ad23c3018,122,14604b20128dce02316fa31bcd08a9fbad4cb49c1e0a068a1833273ad23c3018,0,1,picking_aisle_c,True,0.0,0.0,6.000000089406967,1,0.002940712000054191
0.0,0.0,6.938893903907228e-18,6.282179363001248e-19,,0.6137134628612599,0.5146446686094757,0.5146446686094757,0,241,,,,,,,,,,,,,0.0,simple,0.05,121,14604b20128dce02316fa31bcd08a9fbad4cb49c1e0a068a1833273ad23c3018,6.000000089406967,,,,0,0.0,,,,,,0,,Smac2D,14604b20128dce02316fa31bcd08a9fbad4cb49c1e0a068a1833273ad23c3018,122,14604b20128dce02316fa31bcd08a9fbad4cb49c1e0a068a1833273ad23c3018,0,1,picking_aisle_c,True,0.0,0.0,6.000000089406967,1,0.006444198999815853
0.0,9.466325220288413e-27,8.882055243408597e-16,8.688581107766154e-16,,0.6180021552531121,0.5146446686094757,0.5146446686094757,0,231,,,,,,,,,,,,,3.5527073260638034e-13,savitzky_golay,0.05,121,2ebafa8fead7215a4b7d8c8ca16464296ead4e736646b0ee3314f1096628f591,6.000000089406967,,,,0,0.0,,,,,,0,,Smac2D,14604b20128dce02316fa31bcd08a9fbad4cb49c1e0a068a1833273ad23c3018,122,14604b20128dce02316fa31bcd08a9fbad4cb49c1e0a068a1833273ad23c3018,0,1,picking_aisle_c,True,9.466325220288413e-27,3.5527073260638034e-13,6.000000089406967,1,0.00603315999978804
0.0,0.0,6.938893903907228e-18,6.282179363001248e-19,,0.6137134628612599,0.5146446686094757,0.5146446686094757,0,241,,,,,,,,,,,,,0.0,constrained,0.05,121,14604b20128dce02316fa31bcd08a9fbad4cb49c1e0a068a1833273ad23c3018,6.000000089406967,,,,0,0.0,,,,,,0,,Smac2D,14604b20128dce02316fa31bcd08a9fbad4cb49c1e0a068a1833273ad23c3018,122,14604b20128dce02316fa31bcd08a9fbad4cb49c1e0a068a1833273ad23c3018,0,1,picking_aisle_c,True,0.0,0.0,6.000000089406967,1,0.006250530000215804
0.0,0.0,6.938893903907228e-18,6.282179363001248e-19,,0.6152816227588004,0.5146446686094757,0.5146446686094757,0,122,,,,,,,,,,,,,0.0,pivot_g2,0.05,122,d15ca5374024ba8b974d089ca850ba8cb8382b83436bdb7bba8579c33554b619,6.000000089406967,0,0,0,0,0.0,200,0,122,0,0.000108172,0,0,Smac2D,14604b20128dce02316fa31bcd08a9fbad4cb49c1e0a068a1833273ad23c3018,122,14604b20128dce02316fa31bcd08a9fbad4cb49c1e0a068a1833273ad23c3018,0,1,picking_aisle_c,True,0.0,0.0,6.000000089406967,1,0.00616405299933831
0.0,0.0,6.938893903907228e-18,6.282179363001248e-19,,0.6137134628612599,0.5146446686094757,0.5146446686094757,0,241,0,0,0,True,0,0,True,simple_default,simple,0,0,True,0.0,adaptive_hybrid,0.05,121,14604b20128dce02316fa31bcd08a9fbad4cb49c1e0a068a1833273ad23c3018,6.000000089406967,,,,0,0.0,,,,,,0,,Smac2D,14604b20128dce02316fa31bcd08a9fbad4cb49c1e0a068a1833273ad23c3018,122,14604b20128dce02316fa31bcd08a9fbad4cb49c1e0a068a1833273ad23c3018,0,1,picking_aisle_c,True,0.0,0.0,6.000000089406967,1,0.0059815909999088035
0.0,0.0,6.938893903907228e-18,6.282179363001248e-19,,1.0386640199167303,0.6646446708446498,0.814644673079824,0,241,,,,,,,,,,,,,0.0,raw,0.05,121,e6b1950484d6b9f1702a2eb8843ba7031df9d5857637f4a9c2f8023b59d13625,6.000000089406967,,,,0,0.0,,,,,,0,,Smac2D,e6b1950484d6b9f1702a2eb8843ba7031df9d5857637f4a9c2f8023b59d13625,122,e6b1950484d6b9f1702a2eb8843ba7031df9d5857637f4a9c2f8023b59d13625,0,1,east_service_lane,True,0.0,0.0,6.000000089406967,1,0.0032336070007659146
0.0,0.0,6.938893903907228e-18,6.282179363001248e-19,,1.0386640199167303,0.6646446708446498,0.814644673079824,0,241,,,,,,,,,,,,,0.0,simple,0.05,121,e6b1950484d6b9f1702a2eb8843ba7031df9d5857637f4a9c2f8023b59d13625,6.000000089406967,,,,0,0.0,,,,,,0,,Smac2D,e6b1950484d6b9f1702a2eb8843ba7031df9d5857637f4a9c2f8023b59d13625,122,e6b1950484d6b9f1702a2eb8843ba7031df9d5857637f4a9c2f8023b59d13625,0,1,east_service_lane,True,0.0,0.0,6.000000089406967,1,0.006028220999723999
0.0,0.0,6.938893903907228e-18,8.884343256416736e-19,,1.0444657231849468,0.6646446708446498,0.8646446738248821,0,231,,,,,,,,,,,,,0.0,savitzky_golay,0.05,121,6a9dcfbdb77a9cd94e0b0e5cfd484f0f0e9c9bd2523541a85e87ac8bab84cd3a,6.000000089406967,,,,0,0.0,,,,,,0,,Smac2D,e6b1950484d6b9f1702a2eb8843ba7031df9d5857637f4a9c2f8023b59d13625,122,e6b1950484d6b9f1702a2eb8843ba7031df9d5857637f4a9c2f8023b59d13625,0,1,east_service_lane,True,0.0,0.0,6.000000089406967,1,0.0063447699994867435
0.003,0.0,6.938893903907228e-18,6.282179363001248e-19,,1.0386640199167303,0.6646446708446498,0.814644673079824,0,241,,,,,,,,,,,,,0.0,constrained,0.05,121,e6b1950484d6b9f1702a2eb8843ba7031df9d5857637f4a9c2f8023b59d13625,6.000000089406967,,,,0,0.0,,,,,,0,,Smac2D,e6b1950484d6b9f1702a2eb8843ba7031df9d5857637f4a9c2f8023b59d13625,122,e6b1950484d6b9f1702a2eb8843ba7031df9d5857637f4a9c2f8023b59d13625,0,1,east_service_lane,True,0.0,0.0,6.000000089406967,1,0.00619371900029364
0.0,0.0,6.938893903907228e-18,6.282179363001248e-19,,1.0363195197568098,0.6646446708446498,0.814644673079824,0,122,,,,,,,,,,,,,0.0,pivot_g2,0.05,122,ea0828b707378340e81d90323c1f6ce9e9d4d6e3470198e9bde3c237a86ea4d9,6.000000089406967,0,0,0,0,0.0,200,0,122,0,0.00010641,0,0,Smac2D,e6b1950484d6b9f1702a2eb8843ba7031df9d5857637f4a9c2f8023b59d13625,122,e6b1950484d6b9f1702a2eb8843ba7031df9d5857637f4a9c2f8023b59d13625,0,1,east_service_lane,True,0.0,0.0,6.000000089406967,1,0.006243910000193864
0.0,0.0,6.938893903907228e-18,6.282179363001248e-19,,1.0386640199167303,0.6646446708446498,0.814644673079824,0,241,0,0,0,True,0,0,True,simple_default,simple,0,0,True,0.0,adaptive_hybrid,0.05,121,e6b1950484d6b9f1702a2eb8843ba7031df9d5857637f4a9c2f8023b59d13625,6.000000089406967,,,,0,0.0,,,,,,0,,Smac2D,e6b1950484d6b9f1702a2eb8843ba7031df9d5857637f4a9c2f8023b59d13625,122,e6b1950484d6b9f1702a2eb8843ba7031df9d5857637f4a9c2f8023b59d13625,0,1,east_service_lane,True,0.0,0.0,6.000000089406967,1,0.006199895999998262
0.003,5.3829608281181756,2.220446049250313e-16,2.811774100958824e-17,,0.40067740171148347,0.2146446641391273,0.2146446641391273,0,271,,,,,,,,,,,,,2.2994143959643827,raw,0.05,137,1965a41fa15696aeb49a2166c2d0c6c449b4d835e335955b70c1665f16d27353,7.699847840131859,,,,0,0.0,,,,,,0,,Smac2D,1965a41fa15696aeb49a2166c2d0c6c449b4d835e335955b70c1665f16d27353,156,1965a41fa15696aeb49a2166c2d0c6c449b4d835e335955b70c1665f16d27353,0,1,cross_aisle_transfer,True,5.3829608281181756,2.2994143959643827,7.699847840131859,1,0.0041691230007927516
0.0,3.7258785863894586,0.022626850006984396,0.009491262115113237,,0.39653475385515286,0.18825146149581692,0.2146446641391273,0,270,,,,,,,,,,,,,1.6212898514926752,simple,0.05,137,e805e4cf77f18a8e9c3924b00c872ee17bf05bcc7da3898c4f692b7ccd4f516a,7.645022819883586,,,,0,0.0,,,,,,0,,Smac2D,1965a41fa15696aeb49a2166c2d0c6c449b4d835e335955b70c1665f16d27353,154,1965a41fa15696aeb49a2166c2d0c6c449b4d835e335955b70c1665f16d27353,0,1,cross_aisle_transfer,True,3.7258785863894586,1.6212898514926752,7.645022819883586,1,0.006939801000044099
0.0,4.992219775112427,0.0019007577059559145,0.0004988691502814427,,0.4005023127086473,0.2146446641391273,0.2146446641391273,0,268,,,,,,,,,,,,,2.1526797285096095,savitzky_golay,0.05,137,8b768c0d6571700655d02c15328ddd1373650ed316f804ecc64d8a6e6343b0a9,7.6982321998488725,,,,0,0.0,,,,,,0,,Smac2D,1965a41fa15696aeb49a2166c2d0c6c449b4d835e335955b70c1665f16d27353,155,1965a41fa15696aeb49a2166c2d0c6c449b4d835e335955b70c1665f16d27353,0,1,cross_aisle_transfer,True,4.992219775112427,2.1526797285096095,7.6982321998488725,1,0.006563275999724283
0.009000000000000001,5.160889611484287,0.02531271229284696,0.0064722119039229255,,0.40832071610454845,0.23390290478282266,0.246808153487125,0,260,,,,,,,,,,,,,2.069048187889729,constrained,0.05,137,cae7012493e0b7f11b1b75297655bf43f7ec0043b0dd993959e29454edf6d616,7.72577182174951,,,,0,0.0,,,,,,0,,Smac2D,1965a41fa15696aeb49a2166c2d0c6c449b4d835e335955b70c1665f16d27353,156,1965a41fa15696aeb49a2166c2d0c6c449b4d835e335955b70c1665f16d27353,0,1,cross_aisle_transfer,True,5.160889611484287,2.069048187889729,7.72577182174951,1,0.012076343999979144
0.009000000000000001,7.143228230790513,0.012550752878963676,0.006625781670732502,,0.34089844093409083,0.2146446641391273,0.2146446641391273,0,561,,,,,,,,,,,,,3.2479939604945494,pivot_g2,0.05,555,14b16a39275a9a043a08422eeff1e2449875c71fad1a70c3534a98121fc6c824,7.692912235711855,66,28,26,2,0.23701606712530748,200,0.995235,555,2,0.00783355,0.42557712258610775,90,Smac2D,1965a41fa15696aeb49a2166c2d0c6c449b4d835e335955b70c1665f16d27353,155,1965a41fa15696aeb49a2166c2d0c6c449b4d835e335955b70c1665f16d27353,0,1,cross_aisle_transfer,True,5.732733865388294,2.6052337969333466,7.693403640677673,3,0.016830986999593733
0.006,3.7258785863894586,0.022626850006984396,0.009491262115113237,,0.39653475385515286,0.18825146149581692,0.2146446641391273,0,270,5.73273,2,202,True,5.38296,214,True,simple_default,simple,3.72588,214,True,1.6212898514926752,adaptive_hybrid,0.05,137,e805e4cf77f18a8e9c3924b00c872ee17bf05bcc7da3898c4f692b7ccd4f516a,7.645022819883586,,,,0,0.0,,,,,,0,,Smac2D,1965a41fa15696aeb49a2166c2d0c6c449b4d835e335955b70c1665f16d27353,154,1965a41fa15696aeb49a2166c2d0c6c449b4d835e335955b70c1665f16d27353,0,1,cross_aisle_transfer,True,3.7258785863894586,1.6212898514926752,7.645022819883586,1,0.010840691999874252
0.0,0.0,1.3877787807814457e-17,1.3808914986618142e-18,,1.1240591582355401,0.6646446708446498,0.8796446740483995,0,227,,,,,,,,,,,,,0.0,raw,0.05,114,2d41f3974bd1a4921c9436968384fab843647d28de175ead1304dfa0d664bd36,10.000000149011612,,,,0,0.0,,,,,,0,,SmacHybrid,2d41f3974bd1a4921c9436968384fab843647d28de175ead1304dfa0d664bd36,202,2d41f3974bd1a4921c9436968384fab843647d28de175ead1304dfa0d664bd36,0,1,central_cross_west_east,True,0.0,0.0,10.000000149011612,1,0.004906828000457608
0.0,0.0,2.7755575615628914e-17,2.1833811686673442e-18,,1.123864254619871,0.6646446708446498,0.8796446740483995,0,227,,,,,,,,,,,,,0.0,simple,0.05,114,f39048317aadacc90e700c1cee6f721faf2cccd958df8c8c622a74b495e03cb8,10.000000149011612,,,,0,0.0,,,,,,0,,SmacHybrid,2d41f3974bd1a4921c9436968384fab843647d28de175ead1304dfa0d664bd36,202,2d41f3974bd1a4921c9436968384fab843647d28de175ead1304dfa0d664bd36,0,1,central_cross_west_east,True,0.0,0.0,10.000000149011612,1,0.005978815000162285
0.0,4.904536272772197e-42,1.38777878078539e-17,9.764377433286759e-19,,1.1224317867930818,0.6646446708446498,0.8646446738248821,0,228,,,,,,,,,,,,,1.0587880286337411e-20,savitzky_golay,0.05,114,18a2ac0e5b6264726b54fabe96e1c3e105277ea4a7bc9ecd0403cc7e3ba48af3,10.000000149011612,,,,0,0.0,,,,,,0,,SmacHybrid,2d41f3974bd1a4921c9436968384fab843647d28de175ead1304dfa0d664bd36,202,2d41f3974bd1a4921c9436968384fab843647d28de175ead1304dfa0d664bd36,0,1,central_cross_west_east,True,4.904536272772197e-42,1.0587880286337411e-20,10.000000149011612,1,0.005940106000707601
0.0,0.0,1.3877787807814457e-17,1.3808914986618142e-18,,1.1240591582355401,0.6646446708446498,0.8796446740483995,0,227,,,,,,,,,,,,,0.0,constrained,0.05,114,2d41f3974bd1a4921c9436968384fab843647d28de175ead1304dfa0d664bd36,10.000000149011612,,,,0,0.0,,,,,,0,,SmacHybrid,2d41f3974bd1a4921c9436968384fab843647d28de175ead1304dfa0d664bd36,202,2d41f3974bd1a4921c9436968384fab843647d28de175ead1304dfa0d664bd36,0,1,central_cross_west_east,True,0.0,0.0,10.000000149011612,1,0.006529095999212586
0.0,0.0,1.3877787807814457e-17,1.3808914986618142e-18,,1.1233918063925625,0.6646446708446498,0.9146446745699401,0,202,,,,,,,,,,,,,0.0,pivot_g2,0.05,202,e566e6196f39f6e91ed3f5dea4e660a399527b02fae9d2d7dc57a2a43c6dec12,10.000000149011612,0,0,0,0,0.0,200,0,202,0,0.000121322,0,0,SmacHybrid,2d41f3974bd1a4921c9436968384fab843647d28de175ead1304dfa0d664bd36,202,2d41f3974bd1a4921c9436968384fab843647d28de175ead1304dfa0d664bd36,0,1,central_cross_west_east,True,0.0,0.0,10.000000149011612,1,0.007364365999819711
0.0,0.0,2.7755575615628914e-17,2.1833811686673442e-18,,1.123864254619871,0.6646446708446498,0.8796446740483995,0,227,0,0,0,True,0,0,True,simple_default,simple,0,0,True,0.0,adaptive_hybrid,0.05,114,f39048317aadacc90e700c1cee6f721faf2cccd958df8c8c622a74b495e03cb8,10.000000149011612,,,,0,0.0,,,,,,0,,SmacHybrid,2d41f3974bd1a4921c9436968384fab843647d28de175ead1304dfa0d664bd36,202,2d41f3974bd1a4921c9436968384fab843647d28de175ead1304dfa0d664bd36,0,1,central_cross_west_east,True,0.0,0.0,10.000000149011612,1,0.006340688000818773
0.003,0.0,0.0,0.0,,1.1225569786454743,0.6646446708446498,0.8796446740483995,0,227,,,,,,,,,,,,,0.0,raw,0.05,114,d937a1114525f6aa0970622d32be387b8be99f90af9af26ad94571fb3e2914e6,10.000000149011612,,,,0,0.0,,,,,,0,,SmacHybrid,d937a1114525f6aa0970622d32be387b8be99f90af9af26ad94571fb3e2914e6,202,d937a1114525f6aa0970622d32be387b8be99f90af9af26ad94571fb3e2914e6,0,1,central_cross_east_west,True,0.0,0.0,10.000000149011612,1,0.004025966999506636
0.003,0.0,0.0,0.0,,1.1241216558522449,0.6646446708446498,0.9146446745699401,0,227,,,,,,,,,,,,,0.0,simple,0.05,114,f13d92ea045c5f40904bf12da8bd31bbe7cbd19c508e3af36bf023e6058fd2e3,10.000000149011612,,,,0,0.0,,,,,,0,,SmacHybrid,d937a1114525f6aa0970622d32be387b8be99f90af9af26ad94571fb3e2914e6,202,d937a1114525f6aa0970622d32be387b8be99f90af9af26ad94571fb3e2914e6,0,1,central_cross_east_west,True,0.0,0.0,10.000000149011612,1,0.006891353000355593
0.0,4.904536272772312e-42,1.38777878078539e-17,9.764377433286759e-19,,1.1222227094747692,0.6646446708446498,0.8646446738248821,0,228,,,,,,,,,,,,,1.0587880286337977e-20,savitzky_golay,0.05,114,18aa35cd9d8858c004931d4d1c094a46b6938e7c9d719c0e8dbc9588f11d621c,10.000000149011612,,,,0,0.0,,,,,,0,,SmacHybrid,d937a1114525f6aa0970622d32be387b8be99f90af9af26ad94571fb3e2914e6,202,d937a1114525f6aa0970622d32be387b8be99f90af9af26ad94571fb3e2914e6,0,1,central_cross_east_west,True,4.904536272772312e-42,1.0587880286337977e-20,10.000000149011612,1,0.006478885000433365
0.0,0.0,0.0,0.0,,1.1242384717594833,0.6646446708446498,0.9146446745699401,0,227,,,,,,,,,,,,,0.0,constrained,0.05,114,d937a1114525f6aa0970622d32be387b8be99f90af9af26ad94571fb3e2914e6,10.000000149011612,,,,0,0.0,,,,,,0,,SmacHybrid,d937a1114525f6aa0970622d32be387b8be99f90af9af26ad94571fb3e2914e6,202,d937a1114525f6aa0970622d32be387b8be99f90af9af26ad94571fb3e2914e6,0,1,central_cross_east_west,True,0.0,0.0,10.000000149011612,1,0.006770359000256576
0.0,0.0,0.0,0.0,,1.1233918063925625,0.6646446708446498,0.9146446745699401,0,202,,,,,,,,,,,,,0.0,pivot_g2,0.05,202,ffb45b7e24bf5ff91da4bd04c0eebe7a25ff485cf3b313f3dc61229eac77212a,10.000000149011612,0,0,0,0,0.0,200,0,202,0,9.4505e-05,0,0,SmacHybrid,d937a1114525f6aa0970622d32be387b8be99f90af9af26ad94571fb3e2914e6,202,d937a1114525f6aa0970622d32be387b8be99f90af9af26ad94571fb3e2914e6,0,1,central_cross_east_west,True,0.0,0.0,10.000000149011612,1,0.007390427999780513
0.0,0.0,0.0,0.0,,1.1241216558522449,0.6646446708446498,0.9146446745699401,0,227,0,0,0,True,0,0,True,simple_default,simple,0,0,True,0.0,adaptive_hybrid,0.05,114,f13d92ea045c5f40904bf12da8bd31bbe7cbd19c508e3af36bf023e6058fd2e3,10.000000149011612,,,,0,0.0,,,,,,0,,SmacHybrid,d937a1114525f6aa0970622d32be387b8be99f90af9af26ad94571fb3e2914e6,202,d937a1114525f6aa0970622d32be387b8be99f90af9af26ad94571fb3e2914e6,0,1,central_cross_east_west,True,0.0,0.0,10.000000149011612,1,0.006570853000084753
0.003,0.0,1.3877787807814457e-17,1.2564358726002496e-18,,1.0319003293174365,0.6646446708446498,0.8096446730053183,0,139,,,,,,,,,,,,,0.0,raw,0.05,70,c598cc4e08218264ab4e4419afde39efd081186e04e22220977cfc4ced60cdd4,6.000000089406967,,,,0,0.0,,,,,,0,,SmacHybrid,c598cc4e08218264ab4e4419afde39efd081186e04e22220977cfc4ced60cdd4,122,c598cc4e08218264ab4e4419afde39efd081186e04e22220977cfc4ced60cdd4,0,1,west_service_lane,True,0.0,0.0,6.000000089406967,1,0.0026841680000870838
0.0,0.0,1.3877787807814457e-17,1.5388133911995717e-18,,1.0333391782597403,0.6646446708446498,0.8096446730053183,0,139,,,,,,,,,,,,,0.0,simple,0.05,70,d8a810c2102a29a2647b4864c3fc2057e15fac3045c62534a2edd7b2d311feb3,6.000000089406967,,,,0,0.0,,,,,,0,,SmacHybrid,c598cc4e08218264ab4e4419afde39efd081186e04e22220977cfc4ced60cdd4,122,c598cc4e08218264ab4e4419afde39efd081186e04e22220977cfc4ced60cdd4,0,1,west_service_lane,True,0.0,0.0,6.000000089406967,1,0.004735839000204578
0.0,0.0,1.3877787807814457e-17,1.2564358726002496e-18,,1.0307056460639181,0.6646446708446498,0.8121446730425711,0,140,,,,,,,,,,,,,0.0,savitzky_golay,0.05,70,1e20deb7626bca6a5f7714101c39e4751c4ab45be22c4879eee9d97dbac8768c,6.000000089406967,,,,0,0.0,,,,,,0,,SmacHybrid,c598cc4e08218264ab4e4419afde39efd081186e04e22220977cfc4ced60cdd4,122,c598cc4e08218264ab4e4419afde39efd081186e04e22220977cfc4ced60cdd4,0,1,west_service_lane,True,0.0,0.0,6.000000089406967,1,0.005399069000304735
0.0,0.0,1.3877787807814457e-17,1.2564358726002496e-18,,1.0333391782597403,0.6646446708446498,0.8096446730053183,0,139,,,,,,,,,,,,,0.0,constrained,0.05,70,c598cc4e08218264ab4e4419afde39efd081186e04e22220977cfc4ced60cdd4,6.000000089406967,,,,0,0.0,,,,,,0,,SmacHybrid,c598cc4e08218264ab4e4419afde39efd081186e04e22220977cfc4ced60cdd4,122,c598cc4e08218264ab4e4419afde39efd081186e04e22220977cfc4ced60cdd4,0,1,west_service_lane,True,0.0,0.0,6.000000089406967,1,0.005664656999215367
0.0,0.0,1.3877787807814457e-17,1.2564358726002496e-18,,1.0363195197568098,0.6646446708446498,0.814644673079824,0,122,,,,,,,,,,,,,0.0,pivot_g2,0.05,122,d47af9c323b0dbe9a50660d337610b111587af930c937af8b74693901e6c3cf2,6.000000089406967,0,0,0,0,0.0,200,0,122,0,9.6222e-05,0,0,SmacHybrid,c598cc4e08218264ab4e4419afde39efd081186e04e22220977cfc4ced60cdd4,122,c598cc4e08218264ab4e4419afde39efd081186e04e22220977cfc4ced60cdd4,0,1,west_service_lane,True,0.0,0.0,6.000000089406967,1,0.006587437999769463
0.0,0.0,1.3877787807814457e-17,1.5388133911995717e-18,,1.0333391782597403,0.6646446708446498,0.8096446730053183,0,139,0,0,0,True,0,0,True,simple_default,simple,0,0,True,0.0,adaptive_hybrid,0.05,70,d8a810c2102a29a2647b4864c3fc2057e15fac3045c62534a2edd7b2d311feb3,6.000000089406967,,,,0,0.0,,,,,,0,,SmacHybrid,c598cc4e08218264ab4e4419afde39efd081186e04e22220977cfc4ced60cdd4,122,c598cc4e08218264ab4e4419afde39efd081186e04e22220977cfc4ced60cdd4,0,1,west_service_lane,True,0.0,0.0,6.000000089406967,1,0.006058101000235183
0.003,0.0,1.3877787807814457e-17,1.2564358726002496e-18,,0.6056834993301239,0.5146446686094757,0.5146446686094757,0,141,,,,,,,,,,,,,0.0,raw,0.05,71,8d056adbdf0120bb0829db4089502ce33c2d380c871a53582c3f9a31689e65c2,6.000000089406967,,,,0,0.0,,,,,,0,,SmacHybrid,8d056adbdf0120bb0829db4089502ce33c2d380c871a53582c3f9a31689e65c2,122,8d056adbdf0120bb0829db4089502ce33c2d380c871a53582c3f9a31689e65c2,0,1,picking_aisle_a,True,0.0,0.0,6.000000089406967,1,0.0029819840001437115
0.0,0.0,1.3877787807814457e-17,1.7768686512833472e-18,,0.6056834993301239,0.5146446686094757,0.5146446686094757,0,141,,,,,,,,,,,,,0.0,simple,0.05,71,a50ba3a773d6291d628e0b557bb4731e210ac9e2dc9e26718a001a098892d33d,6.000000089406967,,,,0,0.0,,,,,,0,,SmacHybrid,8d056adbdf0120bb0829db4089502ce33c2d380c871a53582c3f9a31689e65c2,122,8d056adbdf0120bb0829db4089502ce33c2d380c871a53582c3f9a31689e65c2,0,1,picking_aisle_a,True,0.0,0.0,6.000000089406967,1,0.005683444999704079
0.0,5.916451146794132e-27,4.440892098500626e-16,2.300924841587042e-16,,0.6050423808039223,0.5146446686094757,0.5146446686094757,0,142,,,,,,,,,,,,,3.5527073260639604e-13,savitzky_golay,0.05,71,bf4eeb83611eda2c9119c0551b87e0c1fa7038297a0aa313948514e859001753,6.000000089406967,,,,0,0.0,,,,,,0,,SmacHybrid,8d056adbdf0120bb0829db4089502ce33c2d380c871a53582c3f9a31689e65c2,122,8d056adbdf0120bb0829db4089502ce33c2d380c871a53582c3f9a31689e65c2,0,1,picking_aisle_a,True,5.916451146794132e-27,3.5527073260639604e-13,6.000000089406967,1,0.024338012999578496
0.0,0.0,1.3877787807814457e-17,1.2564358726002496e-18,,0.6056834993301239,0.5146446686094757,0.5146446686094757,0,141,,,,,,,,,,,,,0.0,constrained,0.05,71,8d056adbdf0120bb0829db4089502ce33c2d380c871a53582c3f9a31689e65c2,6.000000089406967,,,,0,0.0,,,,,,0,,SmacHybrid,8d056adbdf0120bb0829db4089502ce33c2d380c871a53582c3f9a31689e65c2,122,8d056adbdf0120bb0829db4089502ce33c2d380c871a53582c3f9a31689e65c2,0,1,picking_aisle_a,True,0.0,0.0,6.000000089406967,1,0.007690748999266361
0.0,0.0,1.3877787807814457e-17,1.2564358726002496e-18,,0.6152816227588004,0.5146446686094757,0.5146446686094757,0,122,,,,,,,,,,,,,0.0,pivot_g2,0.05,122,d35dd9df19268fc20258f1989d827440e35c93a53828bdbd81b13268339111db,6.000000089406967,0,0,0,0,0.0,200,0,122,0,9.6319e-05,0,0,SmacHybrid,8d056adbdf0120bb0829db4089502ce33c2d380c871a53582c3f9a31689e65c2,122,8d056adbdf0120bb0829db4089502ce33c2d380c871a53582c3f9a31689e65c2,0,1,picking_aisle_a,True,0.0,0.0,6.000000089406967,1,0.006490836000011768
0.003,0.0,1.3877787807814457e-17,1.7768686512833472e-18,,0.6056834993301239,0.5146446686094757,0.5146446686094757,0,141,0,0,0,True,0,0,True,simple_default,simple,0,0,True,0.0,adaptive_hybrid,0.05,71,a50ba3a773d6291d628e0b557bb4731e210ac9e2dc9e26718a001a098892d33d,6.000000089406967,,,,0,0.0,,,,,,0,,SmacHybrid,8d056adbdf0120bb0829db4089502ce33c2d380c871a53582c3f9a31689e65c2,122,8d056adbdf0120bb0829db4089502ce33c2d380c871a53582c3f9a31689e65c2,0,1,picking_aisle_a,True,0.0,0.0,6.000000089406967,1,0.0060856939999212045
0.0,0.5728909306291288,1.3877787807814457e-17,2.220478402896032e-18,,0.5971728609054332,0.4646446678644176,0.4646446678644176,0,141,,,,,,,,,,,,,2.106615667888462,raw,0.05,70,182382ff1386aa9dac096b81fb6a6c026363712606968e0547e962453c47ec48,6.002082131917905,,,,0,0.0,,,,,,0,,SmacHybrid,182382ff1386aa9dac096b81fb6a6c026363712606968e0547e962453c47ec48,122,182382ff1386aa9dac096b81fb6a6c026363712606968e0547e962453c47ec48,0,1,picking_aisle_b,True,0.5728909306291288,2.106615667888462,6.002082131917905,1,0.002273424000122759
0.003,0.01364109805047831,0.008807923856811421,0.0019801299940310937,,0.6069934105635145,0.5146446686094757,0.5146446686094757,0,139,,,,,,,,,,,,,0.22894999937260138,simple,0.05,70,eba8b06bec5889a03b2775d527373c0471970e27eb48af9f6f49e5469ff663a4,6.000514971461034,,,,0,0.0,,,,,,0,,SmacHybrid,182382ff1386aa9dac096b81fb6a6c026363712606968e0547e962453c47ec48,122,182382ff1386aa9dac096b81fb6a6c026363712606968e0547e962453c47ec48,0,1,picking_aisle_b,True,0.01364109805047831,0.22894999937260138,6.000514971461034,1,0.004405613000017183
0.0,0.08447070003703133,0.005439511105665894,0.0009003481803540795,,0.6038337766551615,0.4646446678644176,0.5121446685722227,0,140,,,,,,,,,,,,,0.8261243891389242,savitzky_golay,0.05,70,e21dedc3c5eb3b0e8d567e3ea46d51f02e8e4b74ce3c27efa42190cf272ce4fe,6.001173235174045,,,,0,0.0,,,,,,0,,SmacHybrid,182382ff1386aa9dac096b81fb6a6c026363712606968e0547e962453c47ec48,122,182382ff1386aa9dac096b81fb6a6c026363712606968e0547e962453c47ec48,0,1,picking_aisle_b,True,0.08447070003703133,0.8261243891389242,6.001173235174045,1,0.0057359889997314895
0.006,0.2907952036085947,0.00234837657033108,0.0005225744033937878,,0.6037560004433309,0.4646446678644176,0.4646446678644176,0,139,,,,,,,,,,,,,1.3494870655794187,constrained,0.05,70,98d9f8df9891f98aabe2e0114fbfac09c743df2142e5b5dc019b0d6a1d818bdf,6.001948782821548,,,,0,0.0,,,,,,0,,SmacHybrid,182382ff1386aa9dac096b81fb6a6c026363712606968e0547e962453c47ec48,122,182382ff1386aa9dac096b81fb6a6c026363712606968e0547e962453c47ec48,0,1,picking_aisle_b,True,0.2907952036085947,1.3494870655794187,6.001948782821548,1,0.007655301999875519
0.0,0.37888618947856606,0.0031472017473850363,0.0008358009643836191,,0.5905722834521651,0.4646446678644176,0.4646446678644176,0,150,,,,,,,,,,,,,1.4544741616117298,pivot_g2,0.05,150,4454087242a2e71c49d526a12d9721c7bda0f0053ab5d904891efaa76133fe45,6.001638642116062,10,2,2,0,0.0,200,1,150,0,0.000726903,0,12,SmacHybrid,182382ff1386aa9dac096b81fb6a6c026363712606968e0547e962453c47ec48,122,182382ff1386aa9dac096b81fb6a6c026363712606968e0547e962453c47ec48,0,1,picking_aisle_b,True,0.37888618947856606,1.4544741616117298,6.001638642116062,1,0.008429686999988917
0.0,0.01364109805047831,0.008807923856811421,0.0019801299940310937,,0.6069934105635145,0.5146446686094757,0.5146446686094757,0,139,0.378886,0,0,True,0.572891,0,True,simple_default,simple,0.0136411,0,True,0.22894999937260138,adaptive_hybrid,0.05,70,eba8b06bec5889a03b2775d527373c0471970e27eb48af9f6f49e5469ff663a4,6.000514971461034,,,,0,0.0,,,,,,0,,SmacHybrid,182382ff1386aa9dac096b81fb6a6c026363712606968e0547e962453c47ec48,122,182382ff1386aa9dac096b81fb6a6c026363712606968e0547e962453c47ec48,0,1,picking_aisle_b,True,0.01364109805047831,0.22894999937260138,6.000514971461034,1,0.006394408000232943
0.0,0.0,1.3877787807814457e-17,1.2564358726002496e-18,,0.6069934105635145,0.5146446686094757,0.5146446686094757,0,139,,,,,,,,,,,,,0.0,raw,0.05,70,7b53b0e16409d7e48e2b2b9edfcd9d03e14e901d0f3dde175b432e5bdb595a15,6.000000089406967,,,,0,0.0,,,,,,0,,SmacHybrid,7b53b0e16409d7e48e2b2b9edfcd9d03e14e901d0f3dde175b432e5bdb595a15,122,7b53b0e16409d7e48e2b2b9edfcd9d03e14e901d0f3dde175b432e5bdb595a15,0,1,picking_aisle_c,True,0.0,0.0,6.000000089406967,1,0.002970454000205791
0.0,0.0,1.3877787807814457e-17,1.5388133911995717e-18,,0.6069934105635145,0.5146446686094757,0.5146446686094757,0,139,,,,,,,,,,,,,0.0,simple,0.05,70,05c886e31b1d10d6c028a106d4df10119ed17e698302c7531db2784b9275511e,6.000000089406967,,,,0,0.0,,,,,,0,,SmacHybrid,7b53b0e16409d7e48e2b2b9edfcd9d03e14e901d0f3dde175b432e5bdb595a15,122,7b53b0e16409d7e48e2b2b9edfcd9d03e14e901d0f3dde175b432e5bdb595a15,0,1,picking_aisle_c,True,0.0,0.0,6.000000089406967,1,0.006253298999581602
0.0,1.2621768841172839e-26,8.882868333007365e-16,8.632592259253379e-16,,0.6063337766924144,0.5146446686094757,0.5146446686094757,0,140,,,,,,,,,,,,,3.5527073260640246e-13,savitzky_golay,0.05,70,7dff8855cd2070cef6f6a31458d0ef242f70805aa780fdd6483aa5f37892ac7f,6.000000089406967,,,,0,0.0,,,,,,0,,SmacHybrid,7b53b0e16409d7e48e2b2b9edfcd9d03e14e901d0f3dde175b432e5bdb595a15,122,7b53b0e16409d7e48e2b2b9edfcd9d03e14e901d0f3dde175b432e5bdb595a15,0,1,picking_aisle_c,True,1.2621768841172839e-26,3.5527073260640246e-13,6.000000089406967,1,0.006186465000610042
0.0,0.0,1.3877787807814457e-17,1.2564358726002496e-18,,0.6069934105635145,0.5146446686094757,0.5146446686094757,0,139,,,,,,,,,,,,,0.0,constrained,0.05,70,7b53b0e16409d7e48e2b2b9edfcd9d03e14e901d0f3dde175b432e5bdb595a15,6.000000089406967,,,,0,0.0,,,,,,0,,SmacHybrid,7b53b0e16409d7e48e2b2b9edfcd9d03e14e901d0f3dde175b432e5bdb595a15,122,7b53b0e16409d7e48e2b2b9edfcd9d03e14e901d0f3dde175b432e5bdb595a15,0,1,picking_aisle_c,True,0.0,0.0,6.000000089406967,1,0.005829355999594554
0.0,0.0,1.3877787807814457e-17,1.2564358726002496e-18,,0.6152816227588004,0.5146446686094757,0.5146446686094757,0,122,,,,,,,,,,,,,0.0,pivot_g2,0.05,122,d15ca5374024ba8b974d089ca850ba8cb8382b83436bdb7bba8579c33554b619,6.000000089406967,0,0,0,0,0.0,200,0,122,0,0.000103338,0,0,SmacHybrid,7b53b0e16409d7e48e2b2b9edfcd9d03e14e901d0f3dde175b432e5bdb595a15,122,7b53b0e16409d7e48e2b2b9edfcd9d03e14e901d0f3dde175b432e5bdb595a15,0,1,picking_aisle_c,True,0.0,0.0,6.000000089406967,1,0.006470763000834268
0.0,0.0,1.3877787807814457e-17,1.5388133911995717e-18,,0.6069934105635145,0.5146446686094757,0.5146446686094757,0,139,0,0,0,True,0,0,True,simple_default,simple,0,0,True,0.0,adaptive_hybrid,0.05,70,05c886e31b1d10d6c028a106d4df10119ed17e698302c7531db2784b9275511e,6.000000089406967,,,,0,0.0,,,,,,0,,SmacHybrid,7b53b0e16409d7e48e2b2b9edfcd9d03e14e901d0f3dde175b432e5bdb595a15,122,7b53b0e16409d7e48e2b2b9edfcd9d03e14e901d0f3dde175b432e5bdb595a15,0,1,picking_aisle_c,True,0.0,0.0,6.000000089406967,1,0.006531830999847443
0.003,0.5728657181744761,1.3877787807814457e-17,1.2564358726002496e-18,,1.0313009583439625,0.6646446708446498,0.814644673079824,0,141,,,,,,,,,,,,,2.1066823579746354,raw,0.05,70,2ccbf58e1dd39c2c89d21883fed2958b14d962bd93687fd737f886efe7cee01b,6.002082146937005,,,,0,0.0,,,,,,0,,SmacHybrid,2ccbf58e1dd39c2c89d21883fed2958b14d962bd93687fd737f886efe7cee01b,122,2ccbf58e1dd39c2c89d21883fed2958b14d962bd93687fd737f886efe7cee01b,0,1,east_service_lane,True,0.5728657181744761,2.1066823579746354,6.002082146937005,1,0.0023459650001314003
0.0,0.013641397304322797,0.008807845832625677,0.001980143315145845,,1.0326197537885884,0.6646446708446498,0.8096446730053183,0,139,,,,,,,,,,,,,0.22895145086930865,simple,0.05,70,00893e7981200eeef97dd6543b30eddc335b71dfc1f08c20e5ae1a408d79a3f7,6.000514986086133,,,,0,0.0,,,,,,0,,SmacHybrid,2ccbf58e1dd39c2c89d21883fed2958b14d962bd93687fd737f886efe7cee01b,122,2ccbf58e1dd39c2c89d21883fed2958b14d962bd93687fd737f886efe7cee01b,0,1,east_service_lane,True,0.013641397304322797,0.22895145086930865,6.000514986086133,1,0.006287837999479962
0.0,0.0844710940056908,0.005439595447521484,0.0009003487559817898,,1.0314199317888477,0.6646446708446498,0.8121446730425711,0,140,,,,,,,,,,,,,0.8261210152380568,savitzky_golay,0.05,70,d621af4db832daa5e956f0fe25ceec1ba240cd977125c92b777ac89ea75d7dd7,6.001173261422034,,,,0,0.0,,,,,,0,,SmacHybrid,2ccbf58e1dd39c2c89d21883fed2958b14d962bd93687fd737f886efe7cee01b,122,2ccbf58e1dd39c2c89d21883fed2958b14d962bd93687fd737f886efe7cee01b,0,1,east_service_lane,True,0.0844710940056908,0.8261210152380568,6.001173261422034,1,0.006426314999771421
0.006,0.23474391070846776,0.0030922549675134192,0.0007141508657289492,,1.0336988904953164,0.6646446708446498,0.8096446730053183,0,139,,,,,,,,,,,,,1.2107702835900847,constrained,0.05,70,26dcf0b0beaac039d960657e2bfcf3195fe3e23839f9f02502017d0ee99e9c67,6.001912210118715,,,,0,0.0,,,,,,0,,SmacHybrid,2ccbf58e1dd39c2c89d21883fed2958b14d962bd93687fd737f886efe7cee01b,122,2ccbf58e1dd39c2c89d21883fed2958b14d962bd93687fd737f886efe7cee01b,0,1,east_service_lane,True,0.23474391070846776,1.2107702835900847,6.001912210118715,1,0.006464895000135584
0.0,0.3788861894784996,0.003147583104606383,0.0008358878134464781,,1.033273548948317,0.6646446708446498,0.8371446734151001,0,150,,,,,,,,,,,,,1.4544741616111532,pivot_g2,0.05,150,02a19e0eec3320e5bef0ab350940d3a5880e225aae7750a57dc1bc54e7930a90,6.001638642116062,10,2,2,0,0.0,200,1,150,0,0.00101679,0,12,SmacHybrid,2ccbf58e1dd39c2c89d21883fed2958b14d962bd93687fd737f886efe7cee01b,122,2ccbf58e1dd39c2c89d21883fed2958b14d962bd93687fd737f886efe7cee01b,0,1,east_service_lane,True,0.3788861894784996,1.4544741616111532,6.001638642116062,1,0.006807198999922548
0.0,0.013641397304322797,0.008807845832625677,0.001980143315145845,,1.0326197537885884,0.6646446708446498,0.8096446730053183,0,139,0.378886,0,0,True,0.572866,0,True,simple_default,simple,0.0136414,0,True,0.22895145086930865,adaptive_hybrid,0.05,70,00893e7981200eeef97dd6543b30eddc335b71dfc1f08c20e5ae1a408d79a3f7,6.000514986086133,,,,0,0.0,,,,,,0,,SmacHybrid,2ccbf58e1dd39c2c89d21883fed2958b14d962bd93687fd737f886efe7cee01b,122,2ccbf58e1dd39c2c89d21883fed2958b14d962bd93687fd737f886efe7cee01b,0,1,east_service_lane,True,0.013641397304322797,0.22895145086930865,6.000514986086133,1,0.0065711610004655086
0.0,7.496310283436837,2.220446049250313e-16,3.7799668120772307e-17,,0.47829347522751864,0.2474873771031409,0.2474873771031409,0,196,,,,,,,,,,,,,4.147680307153169,raw,0.05,89,754d83d42772d2d4d55d749ecff05b164c5e5273c7043d4650acf3e441321ecc,7.635411629409192,,,,0,0.0,,,,,,0,,SmacHybrid,754d83d42772d2d4d55d749ecff05b164c5e5273c7043d4650acf3e441321ecc,154,754d83d42772d2d4d55d749ecff05b164c5e5273c7043d4650acf3e441321ecc,0,1,cross_aisle_transfer,True,7.496310283436837,4.147680307153169,7.635411629409192,1,0.003796938999585109
0.0,2.1341855428350565,0.05154543852707448,0.018858549704075602,,0.47218328945502025,0.18825146149581692,0.2146446641391273,0,179,,,,,,,,,,,,,1.7283403632486474,simple,0.05,89,c33d2df077ab7c137366bf280de9fe4e915721e5b72c334e9e328487670f59e7,7.545689841119704,,,,0,0.0,,,,,,0,,SmacHybrid,754d83d42772d2d4d55d749ecff05b164c5e5273c7043d4650acf3e441321ecc,152,754d83d42772d2d4d55d749ecff05b164c5e5273c7043d4650acf3e441321ecc,0,1,cross_aisle_transfer,True,2.1341855428350565,1.7283403632486474,7.545689841119704,1,0.00714754599994194
0.0,4.341283193467555,0.008175672848289385,0.0027910125314205727,,0.4800026812988689,0.23390290478282266,0.2474873771031409,0,180,,,,,,,,,,,,,3.1543205499050053,savitzky_golay,0.05,89,9c2e080d41a3ccbf9b6e969fd9789965f0689a2d3068712f82f8c10487dadb36,7.623302173938927,,,,0,0.0,,,,,,0,,SmacHybrid,754d83d42772d2d4d55d749ecff05b164c5e5273c7043d4650acf3e441321ecc,154,754d83d42772d2d4d55d749ecff05b164c5e5273c7043d4650acf3e441321ecc,0,1,cross_aisle_transfer,True,4.341283193467555,3.1543205499050053,7.623302173938927,1,0.00634269999954995
0.009000000000000001,4.692073381540601,0.015812958857912045,0.006349454206776045,,0.4854765404294138,0.23390290478282266,0.25619225950049973,0,178,,,,,,,,,,,,,2.5735311717925886,constrained,0.05,89,f54167433aaa1f975c0221049e79b578fabf8da978973d7053d8728d00354374,7.639773040764044,,,,0,0.0,,,,,,0,,SmacHybrid,754d83d42772d2d4d55d749ecff05b164c5e5273c7043d4650acf3e441321ecc,154,754d83d42772d2d4d55d749ecff05b164c5e5273c7043d4650acf3e441321ecc,0,1,cross_aisle_transfer,True,4.692073381540601,2.5735311717925886,7.639773040764044,1,0.010417839000183449
0.009000000000000001,6.461759019016403,0.017639906532859285,0.003934963149759053,,0.4498433689618431,0.2474873771031409,0.2474873771031409,0,503,,,,,,,,,,,,,3.248108397471447,pivot_g2,0.05,502,2dee3c269aa7222d861d7dbc3cb759513de258b0c329637749ec0b0bf9f158bf,7.632640381398927,60,23,23,0,0.0,200,0.943478,502,0,0.00625535,0,79,SmacHybrid,754d83d42772d2d4d55d749ecff05b164c5e5273c7043d4650acf3e441321ecc,154,754d83d42772d2d4d55d749ecff05b164c5e5273c7043d4650acf3e441321ecc,0,1,cross_aisle_transfer,True,6.461759019016403,3.248108397471447,7.632640381398927,1,0.014841639999758627
0.006,2.1341855428350565,0.05154543852707448,0.018858549704075602,,0.47218328945502025,0.18825146149581692,0.2146446641391273,0,179,6.46176,0,177,True,7.49631,173,True,simple_default,simple,2.13419,221,True,1.7283403632486474,adaptive_hybrid,0.05,89,c33d2df077ab7c137366bf280de9fe4e915721e5b72c334e9e328487670f59e7,7.545689841119704,,,,0,0.0,,,,,,0,,SmacHybrid,754d83d42772d2d4d55d749ecff05b164c5e5273c7043d4650acf3e441321ecc,152,754d83d42772d2d4d55d749ecff05b164c5e5273c7043d4650acf3e441321ecc,0,1,cross_aisle_transfer,True,2.1341855428350565,1.7283403632486474,7.545689841119704,1,0.010537445000409207
