algorithm_time_s,curvature_energy_1pm,deviation_max_m,deviation_rmse_m,error,footprint_clearance_mean_m,footprint_clearance_min_m,footprint_clearance_p05_m,footprint_collision_sample_count,footprint_pose_sample_count,hybrid_pivot_energy,hybrid_pivot_markers,hybrid_pivot_max_cost,hybrid_pivot_safe,hybrid_reason,hybrid_selected,hybrid_simple_energy,hybrid_simple_max_cost,hybrid_simple_safe,max_abs_curvature_1pm,method,metric_spacing_m,native_point_count,output_path_sha256,path_length_m,pivot_competitive_candidates,pivot_corners,pivot_g2_transitions,pivot_marker_count,pivot_max_angle_rad,pivot_max_footprint_cost,pivot_mean_transition_score,pivot_output_points,pivot_pivots,pivot_runtime_s,pivot_total_angle_rad,pivot_valid_candidates,planner,planner_output_path_sha256,point_count,raw_path_sha256,removed_duplicate_pose_count,repetition,scenario,success,translation_curvature_energy_1pm,translation_max_abs_curvature_1pm,translation_path_length_m,translation_segment_count,wall_time_s
0.003,1380.4347301515163,4.440892098500626e-16,6.855624875952416e-17,,0.48638950503069117,0.1449222268733815,0.18825146149581692,0,580,,,,,,,,,,376.4264317097945,raw,0.05,576,706f4cd76b8da28bd3bd6f925dfa686e10a85b49594e3b3514616dc760c63db4,14.076386529482987,,,,0,0.0,,,,,,0,,NavFnAStar,706f4cd76b8da28bd3bd6f925dfa686e10a85b49594e3b3514616dc760c63db4,293,706f4cd76b8da28bd3bd6f925dfa686e10a85b49594e3b3514616dc760c63db4,0,1,serpentine_west_east,True,1380.4347301515163,376.4264317097945,14.076386529482987,1,0.010333066999919538
0.003,1205.5432979887908,0.016379377051735047,0.003980415566995046,,0.4691090630665303,0.16464466339406925,0.2146446641391273,0,604,,,,,,,,,,379.5138654702852,simple,0.05,576,de00861e560a70feaf027f38d501e5e6c0ca7600c0de9ad45d0d13415e306807,13.951802294416243,,,,0,0.0,,,,,,0,,NavFnAStar,706f4cd76b8da28bd3bd6f925dfa686e10a85b49594e3b3514616dc760c63db4,289,706f4cd76b8da28bd3bd6f925dfa686e10a85b49594e3b3514616dc760c63db4,0,1,serpentine_west_east,True,1205.5432979887908,379.5138654702852,13.951802294416243,1,0.01369548599996051
0.0,1066.1102558614348,0.00820489365087406,0.0015911004658830871,,0.44937555076962304,0.11464466264901119,0.2146446641391273,0,688,,,,,,,,,,339.48374007916493,savitzky_golay,0.05,576,66c17bec9667d9f9e92a2bc22c8c44d4063d5ebf4f47265e81168da064ce2aa6,14.03440615504587,,,,0,0.0,,,,,,0,,NavFnAStar,706f4cd76b8da28bd3bd6f925dfa686e10a85b49594e3b3514616dc760c63db4,290,706f4cd76b8da28bd3bd6f925dfa686e10a85b49594e3b3514616dc760c63db4,0,1,serpentine_west_east,True,1066.1102558614348,339.48374007916493,14.03440615504587,1,0.011891000000105123
0.036000000000000004,113.76686952941753,0.05875080447853655,0.012504666319486034,,0.4173846392516678,0.16464466339406925,0.16464466339406925,0,836,,,,,,,,,,29.64889689751386,constrained,0.05,576,d60bb2a4789007abe850cf08b9baac38a78c5519a853af448226e94957a2d330,14.097759077445724,,,,0,0.0,,,,,,0,,NavFnAStar,706f4cd76b8da28bd3bd6f925dfa686e10a85b49594e3b3514616dc760c63db4,284,706f4cd76b8da28bd3bd6f925dfa686e10a85b49594e3b3514616dc760c63db4,0,1,serpentine_west_east,True,113.76686952941753,29.64889689751386,14.097759077445724,1,0.04601120000006631
0.006,1131.359051257906,0.011102870271481134,0.004013296440500336,,0.36735278524822984,0.11464466264901119,0.16464466339406925,0,1859,,,,,,,,,,369.3592907996677,pivot_g2,0.05,937,8555f812f6888b0ce508eac006f0329b1c323cd4f9030c09b7d5936ee09f5d16,14.07719006908006,63,140,31,109,3.141592653589793,200,0.999997,937,109,0.00660898,84.61142120821326,80,NavFnAStar,706f4cd76b8da28bd3bd6f925dfa686e10a85b49594e3b3514616dc760c63db4,293,706f4cd76b8da28bd3bd6f925dfa686e10a85b49594e3b3514616dc760c63db4,0,1,serpentine_west_east,True,3.2889148133691704,2.6103403294006213,14.561227276848545,110,0.02290544100014813
0.009000000000000001,1205.5432979887908,0.016379377051735047,0.003980415566995046,,0.4691090630665303,0.16464466339406925,0.2146446641391273,0,604,3.28891,109,253,True,simple_default,simple,1204.31,228,True,379.5138654702852,adaptive_hybrid,0.05,576,de00861e560a70feaf027f38d501e5e6c0ca7600c0de9ad45d0d13415e306807,13.951802294416243,,,,0,0.0,,,,,,0,,NavFnAStar,706f4cd76b8da28bd3bd6f925dfa686e10a85b49594e3b3514616dc760c63db4,289,706f4cd76b8da28bd3bd6f925dfa686e10a85b49594e3b3514616dc760c63db4,0,1,serpentine_west_east,True,1205.5432979887908,379.5138654702852,13.951802294416243,1,0.02086382200013759
0.0,63.482774246976156,4.440892098500626e-16,7.253163936110481e-17,,0.4807598401258851,0.1449222268733815,0.2146446641391273,0,593,,,,,,,,,,12.349766010458417,raw,0.05,557,6f1b40571faf83b43e80b36513c1a4453893c3a2a85f79fac1ba4e54a553e2b9,13.959638588319683,,,,0,0.0,,,,,,0,,NavFnAStar,6f1b40571faf83b43e80b36513c1a4453893c3a2a85f79fac1ba4e54a553e2b9,281,6f1b40571faf83b43e80b36513c1a4453893c3a2a85f79fac1ba4e54a553e2b9,0,1,serpentine_east_west,True,63.482774246976156,12.349766010458417,13.959638588319683,1,0.008785036000062973
0.003,14.10111029838147,0.020047548346724002,0.0032677309385844683,,0.46254885436317056,0.16464466339406925,0.2146446641391273,0,590,,,,,,,,,,6.591982065295537,simple,0.05,557,af966e7f17c3e2ff674024967444961de0f1a3b808735318a8376506b74bcc98,13.891320868752263,,,,0,0.0,,,,,,0,,NavFnAStar,6f1b40571faf83b43e80b36513c1a4453893c3a2a85f79fac1ba4e54a553e2b9,279,6f1b40571faf83b43e80b36513c1a4453893c3a2a85f79fac1ba4e54a553e2b9,0,1,serpentine_east_west,True,14.10111029838147,6.591982065295537,13.891320868752263,1,0.013147991000096226
0.0,35.78069269690994,0.005647961966140802,0.000790799316671514,,0.4486744753060935,0.16464466339406925,0.2146446641391273,0,629,,,,,,,,,,10.738352369738518,savitzky_golay,0.05,557,d4995ee47ef2c8c9be10e4163b5c8b4db6f1f66cd5b5c1a8fc3681fd2d7a3438,13.943078398117642,,,,0,0.0,,,,,,0,,NavFnAStar,6f1b40571faf83b43e80b36513c1a4453893c3a2a85f79fac1ba4e54a553e2b9,280,6f1b40571faf83b43e80b36513c1a4453893c3a2a85f79fac1ba4e54a553e2b9,0,1,serpentine_east_west,True,35.78069269690994,10.738352369738518,13.943078398117642,1,0.011171538000326109
0.030000000000000002,50.82232489425394,0.04132465028360906,0.010082925666927926,,0.44428283406050173,0.16464466339406925,0.2146446641391273,0,662,,,,,,,,,,7.688543252217427,constrained,0.05,557,65a3aee966df7b7c507161d14ba19bb0186db5579ac9e4b74a00d5677f7f11d3,13.979900963478782,,,,0,0.0,,,,,,0,,NavFnAStar,6f1b40571faf83b43e80b36513c1a4453893c3a2a85f79fac1ba4e54a553e2b9,281,6f1b40571faf83b43e80b36513c1a4453893c3a2a85f79fac1ba4e54a553e2b9,0,1,serpentine_east_west,True,50.82232489425394,7.688543252217427,13.979900963478782,1,0.0425366499998745
0.009000000000000001,58.87883600707767,0.03967348453889891,0.013633764372367338,,0.4365676547225257,0.11464466264901119,0.2146446641391273,0,1101,,,,,,,,,,11.880910478418347,pivot_g2,0.05,1008,6a5f43bd331a4d230e9030eb416bd95fee0d7108351ad4fdf18e2720caf1a844,13.945292478269394,121,83,44,39,0.5736445725226624,200,0.996591,1008,39,0.00908992,9.392450497816272,149,NavFnAStar,6f1b40571faf83b43e80b36513c1a4453893c3a2a85f79fac1ba4e54a553e2b9,281,6f1b40571faf83b43e80b36513c1a4453893c3a2a85f79fac1ba4e54a553e2b9,0,1,serpentine_east_west,True,8.586316034968785,3.3742962517533965,13.957584429615672,40,0.041091969999797584
0.012,14.10111029838147,0.020047548346724002,0.0032677309385844683,,0.46254885436317056,0.16464466339406925,0.2146446641391273,0,590,8.58632,39,253,True,simple_default,simple,14.1011,228,True,6.591982065295537,adaptive_hybrid,0.05,557,af966e7f17c3e2ff674024967444961de0f1a3b808735318a8376506b74bcc98,13.891320868752263,,,,0,0.0,,,,,,0,,NavFnAStar,6f1b40571faf83b43e80b36513c1a4453893c3a2a85f79fac1ba4e54a553e2b9,279,6f1b40571faf83b43e80b36513c1a4453893c3a2a85f79fac1ba4e54a553e2b9,0,1,serpentine_east_west,True,14.10111029838147,6.591982065295537,13.891320868752263,1,0.024096572999951604
0.0,5.755401381613158e-12,0.0,0.0,,0.683916143923646,0.6146446700995918,0.6646446708446498,0,241,,,,,,,,,,1.0728841886017558e-05,raw,0.05,222,fd52f799bb750e6098049870c73bd1b26dd1dc7d8779f9718cafd7e4239e0573,5.5999999821186135,,,,0,0.0,,,,,,0,,NavFnAStar,fd52f799bb750e6098049870c73bd1b26dd1dc7d8779f9718cafd7e4239e0573,113,fd52f799bb750e6098049870c73bd1b26dd1dc7d8779f9718cafd7e4239e0573,0,1,left_vertical_aisle,True,5.755401381613158e-12,1.0728841886017558e-05,5.5999999821186135,1,0.0044511659998534014
0.0,1.7487490354531983e-13,1.681955286159109e-08,1.8339711656691764e-09,,0.7306116714505353,0.7146446715897079,0.7146446715897079,0,222,,,,,,,,,,1.1505971286851476e-06,simple,0.05,222,5e8386596caa15a387a4635331b8c6a3d811025b6586859adb6f3fb57a365170,5.599999982118608,,,,0,0.0,,,,,,0,,NavFnAStar,fd52f799bb750e6098049870c73bd1b26dd1dc7d8779f9718cafd7e4239e0573,113,fd52f799bb750e6098049870c73bd1b26dd1dc7d8779f9718cafd7e4239e0573,0,1,left_vertical_aisle,True,1.7487490354531983e-13,1.1505971286851476e-06,5.599999982118608,1,0.00613419100000101
0.0,7.22011943806002e-13,1.2103897439885714e-08,1.1702980921604084e-09,,0.7306116714505353,0.7146446715897079,0.7146446715897079,0,222,,,,,,,,,,2.305665347535143e-06,savitzky_golay,0.05,222,8cc8ade9a5f0f4cb1a182ab9cc57c2883e5923a1dc430ccdb94184d626bdf674,5.59999998211861,,,,0,0.0,,,,,,0,,NavFnAStar,fd52f799bb750e6098049870c73bd1b26dd1dc7d8779f9718cafd7e4239e0573,113,fd52f799bb750e6098049870c73bd1b26dd1dc7d8779f9718cafd7e4239e0573,0,1,left_vertical_aisle,True,7.22011943806002e-13,2.305665347535143e-06,5.59999998211861,1,0.005447476999961509
0.003,5.755401381613158e-12,0.0,0.0,,0.7404558132921734,0.7146446715897079,0.7146446715897079,0,240,,,,,,,,,,1.0728841886017558e-05,constrained,0.05,222,fd52f799bb750e6098049870c73bd1b26dd1dc7d8779f9718cafd7e4239e0573,5.5999999821186135,,,,0,0.0,,,,,,0,,NavFnAStar,fd52f799bb750e6098049870c73bd1b26dd1dc7d8779f9718cafd7e4239e0573,113,fd52f799bb750e6098049870c73bd1b26dd1dc7d8779f9718cafd7e4239e0573,0,1,left_vertical_aisle,True,5.755401381613158e-12,1.0728841886017558e-05,5.5999999821186135,1,0.005760764000115159
0.0,2.3987239679279606e-25,2.658260722654404e-08,1.531378986682495e-08,,0.7308781217866925,0.7146446715897079,0.7146446715897079,0,113,,,,,,,,,,3.552713687279093e-13,pivot_g2,0.05,113,580222adb419483146f4a1b0de706763caf33b3d22bcff3ab189700506dfc4ee,5.599999982118606,0,0,0,0,0.0,200,0,113,0,0.000126669,0,0,NavFnAStar,fd52f799bb750e6098049870c73bd1b26dd1dc7d8779f9718cafd7e4239e0573,113,fd52f799bb750e6098049870c73bd1b26dd1dc7d8779f9718cafd7e4239e0573,0,1,left_vertical_aisle,True,2.3987239679279606e-25,3.552713687279093e-13,5.599999982118606,1,0.004121597999983351
0.0,1.7487490354531983e-13,1.681955286159109e-08,1.8339711656691764e-09,,0.7306116714505353,0.7146446715897079,0.7146446715897079,0,222,2.39872e-25,0,0,True,simple_default,simple,1.74875e-13,0,True,1.1505971286851476e-06,adaptive_hybrid,0.05,222,5e8386596caa15a387a4635331b8c6a3d811025b6586859adb6f3fb57a365170,5.599999982118608,,,,0,0.0,,,,,,0,,NavFnAStar,fd52f799bb750e6098049870c73bd1b26dd1dc7d8779f9718cafd7e4239e0573,113,fd52f799bb750e6098049870c73bd1b26dd1dc7d8779f9718cafd7e4239e0573,0,1,left_vertical_aisle,True,1.7487490354531983e-13,1.1505971286851476e-06,5.599999982118608,1,0.006780180000077962
0.0,2.8421764487575367e-11,0.0,0.0,,0.46154389262441414,0.41464466711935954,0.41464466711935954,0,129,,,,,,,,,,2.3841885621325655e-05,raw,0.05,110,1b2533a7eae0e0a9ee091b7958e42080e1362e833fc980c95e5a451a72d7ed29,2.7999999612570163,,,,0,0.0,,,,,,0,,NavFnAStar,1b2533a7eae0e0a9ee091b7958e42080e1362e833fc980c95e5a451a72d7ed29,57,1b2533a7eae0e0a9ee091b7958e42080e1362e833fc980c95e5a451a72d7ed29,0,1,inner_vertical_aisle,True,2.8421764487575367e-11,2.3841885621325655e-05,2.7999999612570163,1,0.002731834999849525
0.0,8.635793719563311e-13,3.7376796102606136e-08,5.738283076767468e-09,,0.5146446686094759,0.5146446686094757,0.5146446686094757,0,110,,,,,,,,,,2.556881106841184e-06,simple,0.05,110,1ce6b8ab3bf58cb72ca33ae5e1b4b921f2197b7c59b658a9275b12ab2b354fe4,2.7999999612569906,,,,0,0.0,,,,,,0,,NavFnAStar,1b2533a7eae0e0a9ee091b7958e42080e1362e833fc980c95e5a451a72d7ed29,57,1b2533a7eae0e0a9ee091b7958e42080e1362e833fc980c95e5a451a72d7ed29,0,1,inner_vertical_aisle,True,8.635793719563311e-13,2.556881106841184e-06,2.7999999612569906,1,0.003340819999721134
0.0,3.5654880264732637e-12,2.689756994911363e-08,3.661728394002546e-09,,0.5146446686094759,0.5146446686094757,0.5146446686094757,0,110,,,,,,,,,,5.123696400488847e-06,savitzky_golay,0.05,110,cef36b89975bc00c1d61a44dc43bf760a7910b624e793965f638492fcdcdd52e,2.7999999612569972,,,,0,0.0,,,,,,0,,NavFnAStar,1b2533a7eae0e0a9ee091b7958e42080e1362e833fc980c95e5a451a72d7ed29,57,1b2533a7eae0e0a9ee091b7958e42080e1362e833fc980c95e5a451a72d7ed29,0,1,inner_vertical_aisle,True,3.5654880264732637e-12,5.123696400488847e-06,2.7999999612569972,1,0.003595840999878419
0.0,2.8421764487575367e-11,0.0,0.0,,0.5040977934523151,0.41464466711935954,0.41464466711935954,0,128,,,,,,,,,,2.3841885621325655e-05,constrained,0.05,110,1b2533a7eae0e0a9ee091b7958e42080e1362e833fc980c95e5a451a72d7ed29,2.7999999612570163,,,,0,0.0,,,,,,0,,NavFnAStar,1b2533a7eae0e0a9ee091b7958e42080e1362e833fc980c95e5a451a72d7ed29,57,1b2533a7eae0e0a9ee091b7958e42080e1362e833fc980c95e5a451a72d7ed29,0,1,inner_vertical_aisle,True,2.8421764487575367e-11,2.3841885621325655e-05,2.7999999612570163,1,0.003720109999903798
0.0,1.6034806387851626e-26,5.8540277070306956e-08,3.36523872390896e-08,,0.5146446686094758,0.5146446686094757,0.5146446686094757,0,57,,,,,,,,,,1.7763568400206296e-13,pivot_g2,0.05,57,ef832c6e7ab5cbb5eed972ad2dd283b40086c34ad9676607cd56fbeaefe4c35f,2.7999999612569817,0,0,0,0,0.0,200,0,57,0,9.8678e-05,0,0,NavFnAStar,1b2533a7eae0e0a9ee091b7958e42080e1362e833fc980c95e5a451a72d7ed29,57,1b2533a7eae0e0a9ee091b7958e42080e1362e833fc980c95e5a451a72d7ed29,0,1,inner_vertical_aisle,True,1.6034806387851626e-26,1.7763568400206296e-13,2.7999999612569817,1,0.00287772700039568
0.0,8.635793719563311e-13,3.7376796102606136e-08,5.738283076767468e-09,,0.5146446686094759,0.5146446686094757,0.5146446686094757,0,110,1.60348e-26,0,0,True,simple_default,simple,8.63579e-13,0,True,2.556881106841184e-06,adaptive_hybrid,0.05,110,1ce6b8ab3bf58cb72ca33ae5e1b4b921f2197b7c59b658a9275b12ab2b354fe4,2.7999999612569906,,,,0,0.0,,,,,,0,,NavFnAStar,1b2533a7eae0e0a9ee091b7958e42080e1362e833fc980c95e5a451a72d7ed29,57,1b2533a7eae0e0a9ee091b7958e42080e1362e833fc980c95e5a451a72d7ed29,0,1,inner_vertical_aisle,True,8.635793719563311e-13,2.556881106841184e-06,2.7999999612569906,1,0.003581659000246873
0.0,323.50935733847035,4.440892098500626e-16,8.536319269039793e-17,,0.5200179282174143,0.2146446641391273,0.2146446641391273,0,275,,,,,,,,,,30.844684776133832,raw,0.05,256,c9a3ddda49b45f2286a67462e7fbf0ab2e8023c1083773f695946e4947d509e6,7.132247445094795,,,,0,0.0,,,,,,0,,NavFnAStar,c9a3ddda49b45f2286a67462e7fbf0ab2e8023c1083773f695946e4947d509e6,146,c9a3ddda49b45f2286a67462e7fbf0ab2e8023c1083773f695946e4947d509e6,0,1,bottom_alternating_cross,True,323.50935733847035,30.844684776133832,7.132247445094795,1,0.005125420999775088
0.0,45.362578192323305,0.028756859700111322,0.00804648634889496,,0.4271148574137912,0.11464466264901119,0.16464466339406925,0,332,,,,,,,,,,16.608837268115792,simple,0.05,256,dc58396ed1ec3a72f566c8f0d6df5fabc557224fb34aed69c9188fa33b4ec281,6.938394393022816,,,,0,0.0,,,,,,0,,NavFnAStar,c9a3ddda49b45f2286a67462e7fbf0ab2e8023c1083773f695946e4947d509e6,141,c9a3ddda49b45f2286a67462e7fbf0ab2e8023c1083773f695946e4947d509e6,0,1,bottom_alternating_cross,True,45.362578192323305,16.608837268115792,6.938394393022816,1,0.005778619000011531
0.0,157.0752091045343,0.015146155532270047,0.0033897330474066466,,0.3936932629809636,0.11464466264901119,0.11464466264901119,0,453,,,,,,,,,,28.298865203401164,savitzky_golay,0.05,256,8e21d1f166912fdd4fe8278136f0de638e0f77e1d38580fd747f38846f32ed97,7.037812626149871,,,,0,0.0,,,,,,0,,NavFnAStar,c9a3ddda49b45f2286a67462e7fbf0ab2e8023c1083773f695946e4947d509e6,143,c9a3ddda49b45f2286a67462e7fbf0ab2e8023c1083773f695946e4947d509e6,0,1,bottom_alternating_cross,True,157.0752091045343,28.298865203401164,7.037812626149871,1,0.0055902950002746365
0.015000000000000001,205.6518380240669,0.036348481679801356,0.011018801055315526,,0.41688787396803895,0.11464466264901119,0.16464466339406925,0,460,,,,,,,,,,23.284863823782874,constrained,0.05,256,66f0dc0f9c689192e53b99e2d2a5274229656cf9ea29448c2115cbd57dfb060b,7.07434842783155,,,,0,0.0,,,,,,0,,NavFnAStar,c9a3ddda49b45f2286a67462e7fbf0ab2e8023c1083773f695946e4947d509e6,144,c9a3ddda49b45f2286a67462e7fbf0ab2e8023c1083773f695946e4947d509e6,0,1,bottom_alternating_cross,True,205.6518380240669,23.284863823782874,7.07434842783155,1,0.021511087999897427
0.003,323.1878958968013,0.02258020669302551,0.010070330882861144,,0.33095438106558256,0.11464466264901119,0.11464466264901119,0,724,,,,,,,,,,30.95046264988898,pivot_g2,0.05,395,5689eb8e9568a7bbe04c4cb1a815a8ab92145b2a0c4354b0fa65c7158ea6f5d5,7.132858178600627,21,65,11,54,2.0630532236705594,200,1,395,54,0.002615,29.906926616237342,24,NavFnAStar,c9a3ddda49b45f2286a67462e7fbf0ab2e8023c1083773f695946e4947d509e6,146,c9a3ddda49b45f2286a67462e7fbf0ab2e8023c1083773f695946e4947d509e6,0,1,bottom_alternating_cross,True,2.2920523739407654,3.2903411573699386,7.230722956760554,55,0.010806660000071133
0.003,45.362578192323305,0.028756859700111322,0.00804648634889496,,0.4271148574137912,0.11464466264901119,0.16464466339406925,0,332,2.29205,54,253,True,simple_default,simple,45.3626,253,True,16.608837268115792,adaptive_hybrid,0.05,256,dc58396ed1ec3a72f566c8f0d6df5fabc557224fb34aed69c9188fa33b4ec281,6.938394393022816,,,,0,0.0,,,,,,0,,NavFnAStar,c9a3ddda49b45f2286a67462e7fbf0ab2e8023c1083773f695946e4947d509e6,141,c9a3ddda49b45f2286a67462e7fbf0ab2e8023c1083773f695946e4947d509e6,0,1,bottom_alternating_cross,True,45.362578192323305,16.608837268115792,6.938394393022816,1,0.011463031999937812
0.0,110.41359599809736,4.440892098500626e-16,8.813107460981001e-17,,0.5599923379958789,0.16464466339406925,0.2146446641391273,0,275,,,,,,,,,,21.937757720312447,raw,0.05,273,897f7c782f58932fd8e5c577127d2de1331afb2d84b31b5ec30b7c457dc154f4,6.8778829130045045,,,,0,0.0,,,,,,0,,NavFnAStar,897f7c782f58932fd8e5c577127d2de1331afb2d84b31b5ec30b7c457dc154f4,140,897f7c782f58932fd8e5c577127d2de1331afb2d84b31b5ec30b7c457dc154f4,0,1,top_alternating_cross,True,110.41359599809736,21.937757720312447,6.8778829130045045,1,0.005111777999900369
0.0,9.818617530366748,0.019665999362020063,0.004466664620072589,,0.521276631620283,0.11464466264901119,0.16464466339406925,0,288,,,,,,,,,,4.905335816675582,simple,0.05,273,3f94273a49102f9a7f540b9d559ac434a3e47a2b0a93b3b92a9af9e16727fbf9,6.796949182405755,,,,0,0.0,,,,,,0,,NavFnAStar,897f7c782f58932fd8e5c577127d2de1331afb2d84b31b5ec30b7c457dc154f4,137,897f7c782f58932fd8e5c577127d2de1331afb2d84b31b5ec30b7c457dc154f4,0,1,top_alternating_cross,True,9.818617530366748,4.905335816675582,6.796949182405755,1,0.006190702999901987
0.003,41.62225531637403,0.009357782369534266,0.001928732277252439,,0.48886860465006327,0.06464466190395313,0.11464466264901119,0,339,,,,,,,,,,10.208761890530514,savitzky_golay,0.05,273,ddbd76c7d84349be367e99149975327245c6539afde8463d50162f02a84810f8,6.842555364602555,,,,0,0.0,,,,,,0,,NavFnAStar,897f7c782f58932fd8e5c577127d2de1331afb2d84b31b5ec30b7c457dc154f4,138,897f7c782f58932fd8e5c577127d2de1331afb2d84b31b5ec30b7c457dc154f4,0,1,top_alternating_cross,True,41.62225531637403,10.208761890530514,6.842555364602555,1,0.006151376999696367
0.024,51.40974688024856,0.06200103769775005,0.012349055656417621,,0.4856208874893925,0.11464466264901119,0.16464466339406925,0,346,,,,,,,,,,16.422435386671495,constrained,0.05,273,78cbf14d5c3da0bcecbd78b1122f4bf31e0eb497af097d074aef944cd2425d91,6.853740166246865,,,,0,0.0,,,,,,0,,NavFnAStar,897f7c782f58932fd8e5c577127d2de1331afb2d84b31b5ec30b7c457dc154f4,139,897f7c782f58932fd8e5c577127d2de1331afb2d84b31b5ec30b7c457dc154f4,0,1,top_alternating_cross,True,51.40974688024856,16.422435386671495,6.853740166246865,1,0.031183792000319954
0.0,99.88422167609858,0.021105331647613235,0.01030765203273971,,0.3647265187328513,0.06464466190395313,0.11464466264901119,0,483,,,,,,,,,,20.978823763953322,pivot_g2,0.05,327,4ad72f08927ce1e8d671afd4086ab0f1fbdd3154d2dd7fa6765ff26559bcda35,6.867156949450848,19,45,9,36,1.3695451446036864,200,0.9842,327,36,0.00122396,14.606217682256634,22,NavFnAStar,897f7c782f58932fd8e5c577127d2de1331afb2d84b31b5ec30b7c457dc154f4,140,897f7c782f58932fd8e5c577127d2de1331afb2d84b31b5ec30b7c457dc154f4,0,1,top_alternating_cross,True,4.392495865307527,4.963858747831767,6.902892171720804,37,0.00809013700018113
0.003,9.818617530366748,0.019665999362020063,0.004466664620072589,,0.521276631620283,0.11464466264901119,0.16464466339406925,0,288,4.3925,36,253,True,simple_default,simple,9.81862,253,True,4.905335816675582,adaptive_hybrid,0.05,273,3f94273a49102f9a7f540b9d559ac434a3e47a2b0a93b3b92a9af9e16727fbf9,6.796949182405755,,,,0,0.0,,,,,,0,,NavFnAStar,897f7c782f58932fd8e5c577127d2de1331afb2d84b31b5ec30b7c457dc154f4,137,897f7c782f58932fd8e5c577127d2de1331afb2d84b31b5ec30b7c457dc154f4,0,1,top_alternating_cross,True,9.818617530366748,4.905335816675582,6.796949182405755,1,0.010637582000072143
0.0,193.5849745624419,4.440892098500626e-16,8.539337172543835e-17,,0.4200635313668854,0.17677669793081488,0.2146446641391273,0,589,,,,,,,,,,18.438738824854056,raw,0.05,576,205fbc0df22e53322af4a20c383dcd007795a590a8574468dccee5198ca702f1,14.651809101488599,,,,0,0.0,,,,,,0,,NavFnAStar,205fbc0df22e53322af4a20c383dcd007795a590a8574468dccee5198ca702f1,297,205fbc0df22e53322af4a20c383dcd007795a590a8574468dccee5198ca702f1,0,1,southwest_northeast_weave,True,193.5849745624419,18.438738824854056,14.651809101488599,1,0.008743503000005148
0.003,21.037419209709174,0.027756771663893367,0.005223112559033628,,0.41581581236370185,0.2146446641391273,0.2146446641391273,0,608,,,,,,,,,,8.422915812787354,simple,0.05,576,10b8265f8dd6519ec91e9b694e4f38cd63e66f110b3b9ea1f667f6ec467f38ac,14.47142881404582,,,,0,0.0,,,,,,0,,NavFnAStar,205fbc0df22e53322af4a20c383dcd007795a590a8574468dccee5198ca702f1,291,205fbc0df22e53322af4a20c383dcd007795a590a8574468dccee5198ca702f1,0,1,southwest_northeast_weave,True,21.037419209709174,8.422915812787354,14.47142881404582,1,0.012468984999941313
0.0,78.9408838947613,0.019290511838730106,0.0023352495345762363,,0.4162793865306447,0.2146446641391273,0.2146446641391273,0,682,,,,,,,,,,13.589461321882762,savitzky_golay,0.05,576,53223279895508325c114749e49074cf7890bfac88e420e2045c1cad89fa6f4d,14.577186672688656,,,,0,0.0,,,,,,0,,NavFnAStar,205fbc0df22e53322af4a20c383dcd007795a590a8574468dccee5198ca702f1,293,205fbc0df22e53322af4a20c383dcd007795a590a8574468dccee5198ca702f1,0,1,southwest_northeast_weave,True,78.9408838947613,13.589461321882762,14.577186672688656,1,0.01110917400001199
0.036000000000000004,106.73811948865104,0.04030854442404544,0.006942448395618472,,0.4105400456475959,0.18825146149581692,0.2146446641391273,0,711,,,,,,,,,,14.366086741557032,constrained,0.05,576,15c1235d2fab7f778e7da7b6ad9b077c8c804b11d4c332a2e339b12e29c1770c,14.626854287512081,,,,0,0.0,,,,,,0,,NavFnAStar,205fbc0df22e53322af4a20c383dcd007795a590a8574468dccee5198ca702f1,295,205fbc0df22e53322af4a20c383dcd007795a590a8574468dccee5198ca702f1,0,1,southwest_northeast_weave,True,106.73811948865104,14.366086741557032,14.626854287512081,1,0.047975271999803226
0.003,178.90523404063825,0.04209780301384247,0.010562690819634124,,0.38298939937738385,0.1449222268733815,0.2146446641391273,0,1196,,,,,,,,,,20.979261981699832,pivot_g2,0.05,786,b69a6c5a1a300ae13ebdaaadecf368a21ed95d57714cf5ef0fcd97b21f321350,14.636692929782672,48,117,22,95,1.1931106551111716,200,0.993182,786,95,0.00420035,39.99274371296172,60,NavFnAStar,205fbc0df22e53322af4a20c383dcd007795a590a8574468dccee5198ca702f1,296,205fbc0df22e53322af4a20c383dcd007795a590a8574468dccee5198ca702f1,0,1,southwest_northeast_weave,True,5.040079065305401,3.905758693232727,14.742661486325542,96,0.03543652100006511
0.009000000000000001,21.037419209709174,0.027756771663893367,0.005223112559033628,,0.41581581236370185,0.2146446641391273,0.2146446641391273,0,608,5.04008,95,253,True,simple_default,simple,21.0374,177,True,8.422915812787354,adaptive_hybrid,0.05,576,10b8265f8dd6519ec91e9b694e4f38cd63e66f110b3b9ea1f667f6ec467f38ac,14.47142881404582,,,,0,0.0,,,,,,0,,NavFnAStar,205fbc0df22e53322af4a20c383dcd007795a590a8574468dccee5198ca702f1,291,205fbc0df22e53322af4a20c383dcd007795a590a8574468dccee5198ca702f1,0,1,southwest_northeast_weave,True,21.037419209709174,8.422915812787354,14.47142881404582,1,0.02264637700000094
0.0,341.1811244014014,4.440892098500626e-16,7.199522881678739e-17,,0.45383965433110207,0.1449222268733815,0.2146446641391273,0,595,,,,,,,,,,88.48276629922621,raw,0.05,585,9915d2294ab25a0c99de57cb4e52d4559cd6d6d7c5d732a63fc5d1359b2a5ad8,14.62083604203539,,,,0,0.0,,,,,,0,,NavFnAStar,9915d2294ab25a0c99de57cb4e52d4559cd6d6d7c5d732a63fc5d1359b2a5ad8,297,9915d2294ab25a0c99de57cb4e52d4559cd6d6d7c5d732a63fc5d1359b2a5ad8,0,1,northwest_southeast_weave,True,341.1811244014014,88.48276629922621,14.62083604203539,1,0.008836831000280654
0.003,208.76600887134498,0.015904101955092762,0.003705472072039026,,0.4253095309145093,0.10606601875848895,0.2146446641391273,0,624,,,,,,,,,,55.87796785900901,simple,0.05,585,77a2110a1619f7598a22e0c2980caa5cbdce89fb2474d94abb23c6902cae0e64,14.53100264099461,,,,0,0.0,,,,,,0,,NavFnAStar,9915d2294ab25a0c99de57cb4e52d4559cd6d6d7c5d732a63fc5d1359b2a5ad8,293,9915d2294ab25a0c99de57cb4e52d4559cd6d6d7c5d732a63fc5d1359b2a5ad8,0,1,northwest_southeast_weave,True,208.76600887134498,55.87796785900901,14.53100264099461,1,0.014195714999914344
0.0,268.35106578732245,0.006379954012774039,0.0012213148981129814,,0.41604094681524423,0.1449222268733815,0.2146446641391273,0,679,,,,,,,,,,45.41335026490467,savitzky_golay,0.05,585,8f2c63de739c6d4aa15e1598738d68d81ac42babb7d73e6500fe26de1dae3df7,14.636660870101906,,,,0,0.0,,,,,,0,,NavFnAStar,9915d2294ab25a0c99de57cb4e52d4559cd6d6d7c5d732a63fc5d1359b2a5ad8,295,9915d2294ab25a0c99de57cb4e52d4559cd6d6d7c5d732a63fc5d1359b2a5ad8,0,1,northwest_southeast_weave,True,268.35106578732245,45.41335026490467,14.636660870101906,1,0.012697550999746454
0.036000000000000004,125.25219300781727,0.039355931306036845,0.009346663543188449,,0.3969907459376577,0.1449222268733815,0.18825146149581692,0,744,,,,,,,,,,25.5967091071172,constrained,0.05,585,ff18947a81d5803de168b123b184b8d33751beb553736d029ade88ecfd7aba72,14.58669553769109,,,,0,0.0,,,,,,0,,NavFnAStar,9915d2294ab25a0c99de57cb4e52d4559cd6d6d7c5d732a63fc5d1359b2a5ad8,294,9915d2294ab25a0c99de57cb4e52d4559cd6d6d7c5d732a63fc5d1359b2a5ad8,0,1,northwest_southeast_weave,True,125.25219300781727,25.5967091071172,14.58669553769109,1,0.046646833000068
0.006,207.15565864123346,0.0420097764464355,0.015791951232837546,,0.32214082831539465,0.10606601875848895,0.16464466339406925,0,1289,,,,,,,,,,42.57814630814521,pivot_g2,0.05,922,2a9e323475f06f6cffcae106f356a29fbabf8e9c4b7e5ea74682e10b4819234a,14.616508100524719,54,108,32,76,2.615115561431658,200,0.990625,922,76,0.00801909,35.451899743054334,67,NavFnAStar,9915d2294ab25a0c99de57cb4e52d4559cd6d6d7c5d732a63fc5d1359b2a5ad8,297,9915d2294ab25a0c99de57cb4e52d4559cd6d6d7c5d732a63fc5d1359b2a5ad8,0,1,northwest_southeast_weave,True,4.781976263663524,3.707485211722808,14.763324825516467,77,0.02424498600021252
0.012,208.76600887134498,0.015904101955092762,0.003705472072039026,,0.4253095309145093,0.10606601875848895,0.2146446641391273,0,624,4.78198,76,253,True,simple_default,simple,208.766,253,True,55.87796785900901,adaptive_hybrid,0.05,585,77a2110a1619f7598a22e0c2980caa5cbdce89fb2474d94abb23c6902cae0e64,14.53100264099461,,,,0,0.0,,,,,,0,,NavFnAStar,9915d2294ab25a0c99de57cb4e52d4559cd6d6d7c5d732a63fc5d1359b2a5ad8,293,9915d2294ab25a0c99de57cb4e52d4559cd6d6d7c5d732a63fc5d1359b2a5ad8,0,1,northwest_southeast_weave,True,208.76600887134498,55.87796785900901,14.53100264099461,1,0.021353006000026653
0.0,29.165408207211698,4.440892098500626e-16,9.368592931703366e-17,,0.49843402117462005,0.17079994476667312,0.2146446641391273,0,553,,,,,,,,,,11.01910108804381,raw,0.05,552,e65d4473ab538d7dbd698b31600eb48c3d342d47a40d57a6d74c4ae6199505d3,13.808504685712876,,,,0,0.0,,,,,,0,,NavFnDijkstra,e65d4473ab538d7dbd698b31600eb48c3d342d47a40d57a6d74c4ae6199505d3,278,e65d4473ab538d7dbd698b31600eb48c3d342d47a40d57a6d74c4ae6199505d3,0,1,serpentine_west_east,True,29.165408207211698,11.01910108804381,13.808504685712876,1,0.00931260699962877
0.003,5.751991933201172,0.015679225813265925,0.0022436238705892597,,0.4852796488489346,0.2146446641391273,0.2146446641391273,0,562,,,,,,,,,,3.145880758702989,simple,0.05,552,749b576e72298a102f8a916c1382813357d64a72d6fdcc7776080a1be0451b41,13.780485235480695,,,,0,0.0,,,,,,0,,NavFnDijkstra,e65d4473ab538d7dbd698b31600eb48c3d342d47a40d57a6d74c4ae6199505d3,277,e65d4473ab538d7dbd698b31600eb48c3d342d47a40d57a6d74c4ae6199505d3,0,1,serpentine_west_east,True,5.751991933201172,3.145880758702989,13.780485235480695,1,0.01298518499970669
0.0,14.07325190749963,0.006618932314497478,0.0008168389136604801,,0.48505981982450425,0.2146446641391273,0.2146446641391273,0,595,,,,,,,,,,7.267883542680368,savitzky_golay,0.05,552,978810fcba98a35a855127459837d12600e91203840f1176e7012ae402af5971,13.801302221180903,,,,0,0.0,,,,,,0,,NavFnDijkstra,e65d4473ab538d7dbd698b31600eb48c3d342d47a40d57a6d74c4ae6199505d3,278,e65d4473ab538d7dbd698b31600eb48c3d342d47a40d57a6d74c4ae6199505d3,0,1,serpentine_west_east,True,14.07325190749963,7.267883542680368,13.801302221180903,1,0.011155905000123312
0.030000000000000002,29.08620001711261,0.04450955111589551,0.012757465736076116,,0.4788040025452327,0.2146446641391273,0.2146446641391273,0,618,,,,,,,,,,6.242120222693509,constrained,0.05,552,ba458402a687a44310c24cb81dfeef0c02863c60aba069e194fb6898dccaa46f,13.844851399726542,,,,0,0.0,,,,,,0,,NavFnDijkstra,e65d4473ab538d7dbd698b31600eb48c3d342d47a40d57a6d74c4ae6199505d3,278,e65d4473ab538d7dbd698b31600eb48c3d342d47a40d57a6d74c4ae6199505d3,0,1,serpentine_west_east,True,29.08620001711261,6.242120222693509,13.844851399726542,1,0.04298144599988518
0.006,31.159179459830426,0.02425899872541154,0.008756957657158821,,0.35716535006361366,0.17079994476667312,0.2146446641391273,0,772,,,,,,,,,,12.385892739741973,pivot_g2,0.05,665,090cca409e84f7ee7333233ebdd2dc7ef0e426ed6346b5174c5d879e62c3c93a,13.803294703682202,39,54,22,32,0.9188599908858063,200,0.986364,665,32,0.00569295,10.175265421725301,49,NavFnDijkstra,e65d4473ab538d7dbd698b31600eb48c3d342d47a40d57a6d74c4ae6199505d3,278,e65d4473ab538d7dbd698b31600eb48c3d342d47a40d57a6d74c4ae6199505d3,0,1,serpentine_west_east,True,4.807305032828966,3.6991705279808533,13.823595010552289,33,0.01724550500011901
0.006,5.751991933201172,0.015679225813265925,0.0022436238705892597,,0.4852796488489346,0.2146446641391273,0.2146446641391273,0,562,4.80731,32,221,True,simple_default,simple,5.75199,202,True,3.145880758702989,adaptive_hybrid,0.05,552,749b576e72298a102f8a916c1382813357d64a72d6fdcc7776080a1be0451b41,13.780485235480695,,,,0,0.0,,,,,,0,,NavFnDijkstra,e65d4473ab538d7dbd698b31600eb48c3d342d47a40d57a6d74c4ae6199505d3,277,e65d4473ab538d7dbd698b31600eb48c3d342d47a40d57a6d74c4ae6199505d3,0,1,serpentine_west_east,True,5.751991933201172,3.145880758702989,13.780485235480695,1,0.01591850200020417
0.0,16.14513756649872,4.440892098500626e-16,7.277365083305806e-17,,0.5074809324173715,0.16464466339406925,0.2146446641391273,0,586,,,,,,,,,,6.108745684083135,raw,0.05,551,6f4ee35431b28f2e6b24be5680bc11390b184d0b0ce2fb2860ed55a66464b51d,13.794291786975224,,,,0,0.0,,,,,,0,,NavFnDijkstra,6f4ee35431b28f2e6b24be5680bc11390b184d0b0ce2fb2860ed55a66464b51d,278,6f4ee35431b28f2e6b24be5680bc11390b184d0b0ce2fb2860ed55a66464b51d,0,1,serpentine_east_west,True,16.14513756649872,6.108745684083135,13.794291786975224,1,0.026803125999776967
0.003,5.625227333612432,0.013137130631830928,0.0020966141421878736,,0.48852982346262186,0.2146446641391273,0.2146446641391273,0,578,,,,,,,,,,3.8744792288934855,simple,0.05,551,6723a08d5034aa0b32723fa74a03e0fb28ca65e0ba540b9ee89f0dd8e5807ade,13.77116210276456,,,,0,0.0,,,,,,0,,NavFnDijkstra,6f4ee35431b28f2e6b24be5680bc11390b184d0b0ce2fb2860ed55a66464b51d,277,6f4ee35431b28f2e6b24be5680bc11390b184d0b0ce2fb2860ed55a66464b51d,0,1,serpentine_east_west,True,5.625227333612432,3.8744792288934855,13.77116210276456,1,0.013685916000213183
0.0,11.423042878891382,0.003643827336258032,0.00044376533026823164,,0.48831053842903305,0.2146446641391273,0.2146446641391273,0,586,,,,,,,,,,5.289309220091923,savitzky_golay,0.05,551,a7fbacf5b287d733183bf3b91e245868c6879c4ffcd1cbd3c92a0aa013b52e9d,13.791292801368895,,,,0,0.0,,,,,,0,,NavFnDijkstra,6f4ee35431b28f2e6b24be5680bc11390b184d0b0ce2fb2860ed55a66464b51d,277,6f4ee35431b28f2e6b24be5680bc11390b184d0b0ce2fb2860ed55a66464b51d,0,1,serpentine_east_west,True,11.423042878891382,5.289309220091923,13.791292801368895,1,0.011541778000264458
0.030000000000000002,31.41693451201393,0.05005535375597689,0.01418872004507359,,0.4807414636756825,0.18825146149581692,0.2146446641391273,0,624,,,,,,,,,,6.417913234776088,constrained,0.05,551,08ae4ab6f7e0871b5523f411837d77517474a6f3b691b02e167a84f493da9682,13.843360672306234,,,,0,0.0,,,,,,0,,NavFnDijkstra,6f4ee35431b28f2e6b24be5680bc11390b184d0b0ce2fb2860ed55a66464b51d,278,6f4ee35431b28f2e6b24be5680bc11390b184d0b0ce2fb2860ed55a66464b51d,0,1,serpentine_east_west,True,31.41693451201393,6.417913234776088,13.843360672306234,1,0.03947293500004889
0.006,16.26038065744684,0.02200163165664007,0.008892357826465467,,0.3901372581964657,0.17079994476667312,0.2146446641391273,0,599,,,,,,,,,,7.836302562702028,pivot_g2,0.05,555,650af945c1257b96da442ebc2d0e5a536149bbab5b27359b29bb8ce2eb49477a,13.787266303911437,47,33,17,16,0.547573966163386,200,0.985465,555,16,0.00470306,3.7444675031999295,58,NavFnDijkstra,6f4ee35431b28f2e6b24be5680bc11390b184d0b0ce2fb2860ed55a66464b51d,277,6f4ee35431b28f2e6b24be5680bc11390b184d0b0ce2fb2860ed55a66464b51d,0,1,serpentine_east_west,True,4.0192793042816115,3.673705448662216,13.793474650515233,17,0.015668839999761985
0.006,5.625227333612432,0.013137130631830928,0.0020966141421878736,,0.48852982346262186,0.2146446641391273,0.2146446641391273,0,578,4.01928,16,228,True,simple_default,simple,5.62523,202,True,3.8744792288934855,adaptive_hybrid,0.05,551,6723a08d5034aa0b32723fa74a03e0fb28ca65e0ba540b9ee89f0dd8e5807ade,13.77116210276456,,,,0,0.0,,,,,,0,,NavFnDijkstra,6f4ee35431b28f2e6b24be5680bc11390b184d0b0ce2fb2860ed55a66464b51d,277,6f4ee35431b28f2e6b24be5680bc11390b184d0b0ce2fb2860ed55a66464b51d,0,1,serpentine_east_west,True,5.625227333612432,3.8744792288934855,13.77116210276456,1,0.017885946000205877
0.0,5.755401381613158e-12,0.0,0.0,,0.683916143923646,0.6146446700995918,0.6646446708446498,0,241,,,,,,,,,,1.0728841886017558e-05,raw,0.05,223,9982a823f8a99443546bc68a6beb4b0e3e9bca64b4d6857dd3d893cd1f73e401,5.5999999821186135,,,,0,0.0,,,,,,0,,NavFnDijkstra,9982a823f8a99443546bc68a6beb4b0e3e9bca64b4d6857dd3d893cd1f73e401,113,9982a823f8a99443546bc68a6beb4b0e3e9bca64b4d6857dd3d893cd1f73e401,0,1,left_vertical_aisle,True,5.755401381613158e-12,1.0728841886017558e-05,5.5999999821186135,1,0.004840673000217066
0.0,2.824111053234292e-13,1.5170568801181616e-08,1.5858837764280987e-09,,0.7305400705542983,0.7146446715897079,0.7146446715897079,0,223,,,,,,,,,,1.5875123438036736e-06,simple,0.05,223,a79d88b2e5202a51f7bac84aabf8fc238b73d4abfbeba410b75e20739ae8758c,5.599999982118609,,,,0,0.0,,,,,,0,,NavFnDijkstra,9982a823f8a99443546bc68a6beb4b0e3e9bca64b4d6857dd3d893cd1f73e401,113,9982a823f8a99443546bc68a6beb4b0e3e9bca64b4d6857dd3d893cd1f73e401,0,1,left_vertical_aisle,True,2.824111053234292e-13,1.5875123438036736e-06,5.599999982118609,1,0.005843522000304802
0.0,1.2577029842602503e-12,9.466880612762907e-09,9.01181149308078e-10,,0.7305400705542983,0.7146446715897079,0.7146446715897079,0,223,,,,,,,,,,4.09977651827384e-06,savitzky_golay,0.05,223,d7f013352c921d9d487110560407163780ea6afce2ce65b778b863b2c60b1b56,5.599999982118611,,,,0,0.0,,,,,,0,,NavFnDijkstra,9982a823f8a99443546bc68a6beb4b0e3e9bca64b4d6857dd3d893cd1f73e401,113,9982a823f8a99443546bc68a6beb4b0e3e9bca64b4d6857dd3d893cd1f73e401,0,1,left_vertical_aisle,True,1.2577029842602503e-12,4.09977651827384e-06,5.599999982118611,1,0.006055801999991672
0.0,5.755401381613158e-12,0.0,0.0,,0.7404558132921734,0.7146446715897079,0.7146446715897079,0,240,,,,,,,,,,1.0728841886017558e-05,constrained,0.05,223,9982a823f8a99443546bc68a6beb4b0e3e9bca64b4d6857dd3d893cd1f73e401,5.5999999821186135,,,,0,0.0,,,,,,0,,NavFnDijkstra,9982a823f8a99443546bc68a6beb4b0e3e9bca64b4d6857dd3d893cd1f73e401,113,9982a823f8a99443546bc68a6beb4b0e3e9bca64b4d6857dd3d893cd1f73e401,0,1,left_vertical_aisle,True,5.755401381613158e-12,1.0728841886017558e-05,5.5999999821186135,1,0.005729668999720161
0.0,2.3987239679279606e-25,2.658260722654404e-08,1.531378986682495e-08,,0.7308781217866925,0.7146446715897079,0.7146446715897079,0,113,,,,,,,,,,3.552713687279093e-13,pivot_g2,0.05,113,580222adb419483146f4a1b0de706763caf33b3d22bcff3ab189700506dfc4ee,5.599999982118606,0,0,0,0,0.0,200,0,113,0,0.000124488,0,0,NavFnDijkstra,9982a823f8a99443546bc68a6beb4b0e3e9bca64b4d6857dd3d893cd1f73e401,113,9982a823f8a99443546bc68a6beb4b0e3e9bca64b4d6857dd3d893cd1f73e401,0,1,left_vertical_aisle,True,2.3987239679279606e-25,3.552713687279093e-13,5.599999982118606,1,0.007358982999903674
0.0,2.824111053234292e-13,1.5170568801181616e-08,1.5858837764280987e-09,,0.7305400705542983,0.7146446715897079,0.7146446715897079,0,223,2.39872e-25,0,0,True,simple_default,simple,2.82411e-13,0,True,1.5875123438036736e-06,adaptive_hybrid,0.05,223,a79d88b2e5202a51f7bac84aabf8fc238b73d4abfbeba410b75e20739ae8758c,5.599999982118609,,,,0,0.0,,,,,,0,,NavFnDijkstra,9982a823f8a99443546bc68a6beb4b0e3e9bca64b4d6857dd3d893cd1f73e401,113,9982a823f8a99443546bc68a6beb4b0e3e9bca64b4d6857dd3d893cd1f73e401,0,1,left_vertical_aisle,True,2.824111053234292e-13,1.5875123438036736e-06,5.599999982118609,1,0.006659559999661724
0.0,2.8421764487575367e-11,0.0,0.0,,0.46154389262441414,0.41464466711935954,0.41464466711935954,0,129,,,,,,,,,,2.3841885621325655e-05,raw,0.05,111,5acb831e0eb1bcf89a219930561d17ea07b66c365b5f65df8fe765e8b29904ed,2.7999999612570163,,,,0,0.0,,,,,,0,,NavFnDijkstra,5acb831e0eb1bcf89a219930561d17ea07b66c365b5f65df8fe765e8b29904ed,57,5acb831e0eb1bcf89a219930561d17ea07b66c365b5f65df8fe765e8b29904ed,0,1,inner_vertical_aisle,True,2.8421764487575367e-11,2.3841885621325655e-05,2.7999999612570163,1,0.0028684310000244295
0.0,1.3946219891966592e-12,3.3712390434814665e-08,4.9620469498979045e-09,,0.5146446686094759,0.5146446686094757,0.5146446686094757,0,111,,,,,,,,,,3.5278049814737774e-06,simple,0.05,111,102c45b27ab1f106631afa531e3a6b2bdadc1862bd2afe6c0f88a2ae89eed07f,2.799999961256992,,,,0,0.0,,,,,,0,,NavFnDijkstra,5acb831e0eb1bcf89a219930561d17ea07b66c365b5f65df8fe765e8b29904ed,57,5acb831e0eb1bcf89a219930561d17ea07b66c365b5f65df8fe765e8b29904ed,0,1,inner_vertical_aisle,True,1.3946219891966592e-12,3.5278049814737774e-06,2.799999961256992,1,0.004484996999963187
0.0,6.210877173862267e-12,2.1037536601653528e-08,2.819693153770145e-09,,0.5146446686094759,0.5146446686094757,0.5146446686094757,0,111,,,,,,,,,,9.110618570673913e-06,savitzky_golay,0.05,111,bdacb757b1983d02d854a175adb5c0e2f617eeca3d4dbfdbd974776a29629d6e,2.7999999612570012,,,,0,0.0,,,,,,0,,NavFnDijkstra,5acb831e0eb1bcf89a219930561d17ea07b66c365b5f65df8fe765e8b29904ed,57,5acb831e0eb1bcf89a219930561d17ea07b66c365b5f65df8fe765e8b29904ed,0,1,inner_vertical_aisle,True,6.210877173862267e-12,9.110618570673913e-06,2.7999999612570012,1,0.004388236000067991
0.0,2.8421764487575367e-11,0.0,0.0,,0.5040977934523151,0.41464466711935954,0.41464466711935954,0,128,,,,,,,,,,2.3841885621325655e-05,constrained,0.05,111,5acb831e0eb1bcf89a219930561d17ea07b66c365b5f65df8fe765e8b29904ed,2.7999999612570163,,,,0,0.0,,,,,,0,,NavFnDijkstra,5acb831e0eb1bcf89a219930561d17ea07b66c365b5f65df8fe765e8b29904ed,57,5acb831e0eb1bcf89a219930561d17ea07b66c365b5f65df8fe765e8b29904ed,0,1,inner_vertical_aisle,True,2.8421764487575367e-11,2.3841885621325655e-05,2.7999999612570163,1,0.004349889999957668
0.0,1.6034806387851626e-26,5.8540277070306956e-08,3.36523872390896e-08,,0.5146446686094758,0.5146446686094757,0.5146446686094757,0,57,,,,,,,,,,1.7763568400206296e-13,pivot_g2,0.05,57,ef832c6e7ab5cbb5eed972ad2dd283b40086c34ad9676607cd56fbeaefe4c35f,2.7999999612569817,0,0,0,0,0.0,200,0,57,0,9.9228e-05,0,0,NavFnDijkstra,5acb831e0eb1bcf89a219930561d17ea07b66c365b5f65df8fe765e8b29904ed,57,5acb831e0eb1bcf89a219930561d17ea07b66c365b5f65df8fe765e8b29904ed,0,1,inner_vertical_aisle,True,1.6034806387851626e-26,1.7763568400206296e-13,2.7999999612569817,1,0.0035296170003675797
0.0,1.3946219891966592e-12,3.3712390434814665e-08,4.9620469498979045e-09,,0.5146446686094759,0.5146446686094757,0.5146446686094757,0,111,1.60348e-26,0,0,True,simple_default,simple,1.39462e-12,0,True,3.5278049814737774e-06,adaptive_hybrid,0.05,111,102c45b27ab1f106631afa531e3a6b2bdadc1862bd2afe6c0f88a2ae89eed07f,2.799999961256992,,,,0,0.0,,,,,,0,,NavFnDijkstra,5acb831e0eb1bcf89a219930561d17ea07b66c365b5f65df8fe765e8b29904ed,57,5acb831e0eb1bcf89a219930561d17ea07b66c365b5f65df8fe765e8b29904ed,0,1,inner_vertical_aisle,True,1.3946219891966592e-12,3.5278049814737774e-06,2.799999961256992,1,0.003969182999753684
0.0,17.349317596476755,4.440892098500626e-16,4.192148702340308e-17,,0.5897252589028938,0.2146446641391273,0.26464466488418537,0,272,,,,,,,,,,8.407818521729487,raw,0.05,271,9c6741a18501fc7124b750463239420e6b0a78cbf15f8973535eef68248cc58e,6.800518259441597,,,,0,0.0,,,,,,0,,NavFnDijkstra,9c6741a18501fc7124b750463239420e6b0a78cbf15f8973535eef68248cc58e,138,9c6741a18501fc7124b750463239420e6b0a78cbf15f8973535eef68248cc58e,0,1,bottom_alternating_cross,True,17.349317596476755,8.407818521729487,6.800518259441597,1,0.007011062999936257
0.0,2.6522427240957396,0.014179572367418587,0.0025354310382643907,,0.5547889551779993,0.2146446641391273,0.26464466488418537,0,278,,,,,,,,,,2.9984161065501946,simple,0.05,271,e238cd4260dba545c245066ce493604c993ebdd048fe188f9ae43118e67ad3a2,6.783673304576273,,,,0,0.0,,,,,,0,,NavFnDijkstra,9c6741a18501fc7124b750463239420e6b0a78cbf15f8973535eef68248cc58e,137,9c6741a18501fc7124b750463239420e6b0a78cbf15f8973535eef68248cc58e,0,1,bottom_alternating_cross,True,2.6522427240957396,2.9984161065501946,6.783673304576273,1,0.006124698999883549
0.0,8.732187803849959,0.0054671714266909515,0.0009643445111669397,,0.544831027736995,0.2146446641391273,0.2146446641391273,0,289,,,,,,,,,,6.054532508112611,savitzky_golay,0.05,271,86f34fbcfbb467754c24ab8e5a869631f8de3ac30e7602721e1b485c6a6c594c,6.795042631216785,,,,0,0.0,,,,,,0,,NavFnDijkstra,9c6741a18501fc7124b750463239420e6b0a78cbf15f8973535eef68248cc58e,137,9c6741a18501fc7124b750463239420e6b0a78cbf15f8973535eef68248cc58e,0,1,bottom_alternating_cross,True,8.732187803849959,6.054532508112611,6.795042631216785,1,0.006817585999669973
0.015000000000000001,12.03688652485241,0.02722654485261619,0.007976628215859741,,0.5478023892069461,0.2146446641391273,0.25619225950049973,0,289,,,,,,,,,,7.21834841329237,constrained,0.05,271,74ad5f4d5b46af12ef6c8e6b02d84a7c0d79408ace0c752e269449b481769069,6.7946169098459075,,,,0,0.0,,,,,,0,,NavFnDijkstra,9c6741a18501fc7124b750463239420e6b0a78cbf15f8973535eef68248cc58e,137,9c6741a18501fc7124b750463239420e6b0a78cbf15f8973535eef68248cc58e,0,1,bottom_alternating_cross,True,12.03688652485241,7.21834841329237,6.7946169098459075,1,0.022141043999909016
0.006,19.754535699940682,0.0098005548572259,0.0033635146703254004,,0.48680721217156864,0.16464466339406925,0.2146446641391273,0,434,,,,,,,,,,12.258008731378075,pivot_g2,0.05,388,d3b7f639a5404481a03ecc7fb76a23d721f675b938ed9222d9c07d1e87627167,6.796232174903304,71,28,16,12,1.0934168593072577,200,0.990625,388,12,0.00592863,3.8279551657269426,85,NavFnDijkstra,9c6741a18501fc7124b750463239420e6b0a78cbf15f8973535eef68248cc58e,138,9c6741a18501fc7124b750463239420e6b0a78cbf15f8973535eef68248cc58e,0,1,bottom_alternating_cross,True,2.0198310099928056,2.0637650459961563,6.804852644535322,13,0.013646624000102747
0.009000000000000001,2.6522427240957396,0.014179572367418587,0.0025354310382643907,,0.5547889551779993,0.2146446641391273,0.26464466488418537,0,278,2.01983,12,228,True,simple_default,simple,2.65224,177,True,2.9984161065501946,adaptive_hybrid,0.05,271,e238cd4260dba545c245066ce493604c993ebdd048fe188f9ae43118e67ad3a2,6.783673304576273,,,,0,0.0,,,,,,0,,NavFnDijkstra,9c6741a18501fc7124b750463239420e6b0a78cbf15f8973535eef68248cc58e,137,9c6741a18501fc7124b750463239420e6b0a78cbf15f8973535eef68248cc58e,0,1,bottom_alternating_cross,True,2.6522427240957396,2.9984161065501946,6.783673304576273,1,0.014975747999869782
0.003,20.33295616745354,4.440892098500626e-16,6.782579427788554e-17,,0.5346322573185568,0.17677669793081488,0.2146446641391273,0,273,,,,,,,,,,11.215982853149734,raw,0.05,272,4d9b3716eedd5b18a9ff6666b90fd9e65df3b545a3711e66505204b59604bfbe,6.815607746270216,,,,0,0.0,,,,,,0,,NavFnDijkstra,4d9b3716eedd5b18a9ff6666b90fd9e65df3b545a3711e66505204b59604bfbe,138,4d9b3716eedd5b18a9ff6666b90fd9e65df3b545a3711e66505204b59604bfbe,0,1,top_alternating_cross,True,20.33295616745354,11.215982853149734,6.815607746270216,1,0.006189949000145134
0.0,3.773737345375138,0.012634150416528517,0.002765698441567187,,0.5099474817475581,0.2146446641391273,0.2146446641391273,0,277,,,,,,,,,,2.7409813115878467,simple,0.05,272,801f9ce89df3b4e502dd6a0da26d6afbee68e2e99575262f77a70fef8f272a2d,6.793259678756786,,,,0,0.0,,,,,,0,,NavFnDijkstra,4d9b3716eedd5b18a9ff6666b90fd9e65df3b545a3711e66505204b59604bfbe,137,4d9b3716eedd5b18a9ff6666b90fd9e65df3b545a3711e66505204b59604bfbe,0,1,top_alternating_cross,True,3.773737345375138,2.7409813115878467,6.793259678756786,1,0.007567167000161135
0.0,10.060005538471684,0.010386353737729245,0.0010769183983317444,,0.5151853518857613,0.2146446641391273,0.2146446641391273,0,293,,,,,,,,,,4.906624329310356,savitzky_golay,0.05,272,68b8b17788ce623a8d11e0756d0ab141c2355996fcd2df4a6772d450dd84a472,6.809217986008045,,,,0,0.0,,,,,,0,,NavFnDijkstra,4d9b3716eedd5b18a9ff6666b90fd9e65df3b545a3711e66505204b59604bfbe,138,4d9b3716eedd5b18a9ff6666b90fd9e65df3b545a3711e66505204b59604bfbe,0,1,top_alternating_cross,True,10.060005538471684,4.906624329310356,6.809217986008045,1,0.007166369000060513
0.021,21.2776999093598,0.05013673823983736,0.014692624372923603,,0.505725664243175,0.2146446641391273,0.2146446641391273,0,309,,,,,,,,,,8.286806652680012,constrained,0.05,272,0a82002192b223f70f8eb1122470fd58f035a60c1d6973936711d6acbf848f83,6.840479238923313,,,,0,0.0,,,,,,0,,NavFnDijkstra,4d9b3716eedd5b18a9ff6666b90fd9e65df3b545a3711e66505204b59604bfbe,138,4d9b3716eedd5b18a9ff6666b90fd9e65df3b545a3711e66505204b59604bfbe,0,1,top_alternating_cross,True,21.2776999093598,8.286806652680012,6.840479238923313,1,0.027195914999992965
0.006,14.650170664647181,0.027748753863489448,0.008325149559897603,,0.42482439736803934,0.18825146149581692,0.2146446641391273,0,553,,,,,,,,,,9.582197262926547,pivot_g2,0.05,500,a8347d29abcbd197735761954d68f17f6be7a6e180744d766af25be0139264b7,6.801452274689541,66,32,20,12,0.827363904343147,200,0.9875,500,12,0.00649086,4.452676245197432,82,NavFnDijkstra,4d9b3716eedd5b18a9ff6666b90fd9e65df3b545a3711e66505204b59604bfbe,138,4d9b3716eedd5b18a9ff6666b90fd9e65df3b545a3711e66505204b59604bfbe,0,1,top_alternating_cross,True,2.6368267769317653,2.424876428057211,6.811480007101101,13,0.015929560999666137
0.009000000000000001,3.773737345375138,0.012634150416528517,0.002765698441567187,,0.5099474817475581,0.2146446641391273,0.2146446641391273,0,277,2.63683,12,221,True,simple_default,simple,3.77374,202,True,2.7409813115878467,adaptive_hybrid,0.05,272,801f9ce89df3b4e502dd6a0da26d6afbee68e2e99575262f77a70fef8f272a2d,6.793259678756786,,,,0,0.0,,,,,,0,,NavFnDijkstra,4d9b3716eedd5b18a9ff6666b90fd9e65df3b545a3711e66505204b59604bfbe,137,4d9b3716eedd5b18a9ff6666b90fd9e65df3b545a3711e66505204b59604bfbe,0,1,top_alternating_cross,True,3.773737345375138,2.7409813115878467,6.793259678756786,1,0.013402965999830485
0.003,70.26274185200911,4.440892098500626e-16,6.865746342549211e-17,,0.4361413832448531,0.16464466339406925,0.2146446641391273,0,578,,,,,,,,,,13.045374711553327,raw,0.05,572,33898b204e17ae487156403a77a330eb5e1278c2b0327937421224dcc6ed0278,14.311653484927128,,,,0,0.0,,,,,,0,,NavFnDijkstra,33898b204e17ae487156403a77a330eb5e1278c2b0327937421224dcc6ed0278,288,33898b204e17ae487156403a77a330eb5e1278c2b0327937421224dcc6ed0278,0,1,southwest_northeast_weave,True,70.26274185200911,13.045374711553327,14.311653484927128,1,0.010257751000153803
0.0,8.03183626751715,0.01847663720081227,0.002901305136530237,,0.4287796460836522,0.2146446641391273,0.2146446641391273,0,587,,,,,,,,,,4.636123900856633,simple,0.05,572,efee7860509fcca0f2f8cce2a1b1489d1ffd06fa9e28dbdc8ca200115c1b8620,14.255117673486554,,,,0,0.0,,,,,,0,,NavFnDijkstra,33898b204e17ae487156403a77a330eb5e1278c2b0327937421224dcc6ed0278,287,33898b204e17ae487156403a77a330eb5e1278c2b0327937421224dcc6ed0278,0,1,southwest_northeast_weave,True,8.03183626751715,4.636123900856633,14.255117673486554,1,0.012509275999946112
0.0,24.118694880119055,0.006443615814798142,0.0009784741406817109,,0.4280019186847685,0.2146446641391273,0.2146446641391273,0,610,,,,,,,,,,8.291318937102252,savitzky_golay,0.05,572,6fcdc373dbb31002f887fd609d667a8b8ff9a05de29e2204c21b258125c7b3b7,14.288473896474903,,,,0,0.0,,,,,,0,,NavFnDijkstra,33898b204e17ae487156403a77a330eb5e1278c2b0327937421224dcc6ed0278,287,33898b204e17ae487156403a77a330eb5e1278c2b0327937421224dcc6ed0278,0,1,southwest_northeast_weave,True,24.118694880119055,8.291318937102252,14.288473896474903,1,0.012040910999985499
0.036000000000000004,36.304976809271004,0.04136201697234307,0.00771818111086916,,0.4250227926804055,0.2146446641391273,0.21959563989254183,0,627,,,,,,,,,,9.198699828167848,constrained,0.05,572,1bb479b4ce64da1bacc785d7bfbdc99dccde8b6fb75752779f6411612d6f9e93,14.32406736238953,,,,0,0.0,,,,,,0,,NavFnDijkstra,33898b204e17ae487156403a77a330eb5e1278c2b0327937421224dcc6ed0278,288,33898b204e17ae487156403a77a330eb5e1278c2b0327937421224dcc6ed0278,0,1,southwest_northeast_weave,True,36.304976809271004,9.198699828167848,14.32406736238953,1,0.045494168999994145
0.003,56.29075283864687,0.024380629920909443,0.008477798344281563,,0.3718424397305751,0.12275854577833645,0.2146446641391273,0,749,,,,,,,,,,13.045871957520722,pivot_g2,0.05,549,cb270601d24bcbe173edd6e5d6e5f5f613428ca3eb2a99b914cb326e189b5c3e,14.295454979415855,59,66,11,55,0.9340589567354605,200,1,549,55,0.00364701,18.453775474859487,65,NavFnDijkstra,33898b204e17ae487156403a77a330eb5e1278c2b0327937421224dcc6ed0278,288,33898b204e17ae487156403a77a330eb5e1278c2b0327937421224dcc6ed0278,0,1,southwest_northeast_weave,True,1.5333540405360724,2.6462885458466103,14.32866565722727,56,0.014656898999874102
0.009000000000000001,8.03183626751715,0.01847663720081227,0.002901305136530237,,0.4287796460836522,0.2146446641391273,0.2146446641391273,0,587,1.53335,55,253,True,simple_default,simple,8.03184,177,True,4.636123900856633,adaptive_hybrid,0.05,572,efee7860509fcca0f2f8cce2a1b1489d1ffd06fa9e28dbdc8ca200115c1b8620,14.255117673486554,,,,0,0.0,,,,,,0,,NavFnDijkstra,33898b204e17ae487156403a77a330eb5e1278c2b0327937421224dcc6ed0278,287,33898b204e17ae487156403a77a330eb5e1278c2b0327937421224dcc6ed0278,0,1,southwest_northeast_weave,True,8.03183626751715,4.636123900856633,14.255117673486554,1,0.020651488000112295
0.003,47.26985522570909,4.440892098500626e-16,6.876190457354665e-17,,0.48143573289374847,0.1449222268733815,0.2146446641391273,0,582,,,,,,,,,,13.7682639914465,raw,0.05,576,87d8c87ee7efb69d0f0472b4de24e367748914f228348303499146c6913a2738,14.410051675775149,,,,0,0.0,,,,,,0,,NavFnDijkstra,87d8c87ee7efb69d0f0472b4de24e367748914f228348303499146c6913a2738,290,87d8c87ee7efb69d0f0472b4de24e367748914f228348303499146c6913a2738,0,1,northwest_southeast_weave,True,47.26985522570909,13.7682639914465,14.410051675775149,1,0.009959611999875051
0.003,6.884044170541105,0.016624889422128773,0.002521501428349444,,0.47196560637658347,0.2146446641391273,0.2146446641391273,0,581,,,,,,,,,,2.7985335758268235,simple,0.05,576,d66c67dbda36713e9065bf384949cecdcd48f89234b4f1d13af3b01bfec6abac,14.366872949918905,,,,0,0.0,,,,,,0,,NavFnDijkstra,87d8c87ee7efb69d0f0472b4de24e367748914f228348303499146c6913a2738,289,87d8c87ee7efb69d0f0472b4de24e367748914f228348303499146c6913a2738,0,1,northwest_southeast_weave,True,6.884044170541105,2.7985335758268235,14.366872949918905,1,0.01274908499999583
0.0,19.01153667752245,0.005670716480061591,0.0007991734341661825,,0.4666506670796042,0.2146446641391273,0.2146446641391273,0,609,,,,,,,,,,5.750037023986533,savitzky_golay,0.05,576,ca5d7a0c47b21755f88c0bfaefeddbee1c19703f16141a821f8f30c0da7c3d70,14.394689485274473,,,,0,0.0,,,,,,0,,NavFnDijkstra,87d8c87ee7efb69d0f0472b4de24e367748914f228348303499146c6913a2738,289,87d8c87ee7efb69d0f0472b4de24e367748914f228348303499146c6913a2738,0,1,northwest_southeast_weave,True,19.01153667752245,5.750037023986533,14.394689485274473,1,0.012695096999777888
0.033,37.40040141738181,0.041564395121870205,0.010866554887360566,,0.46021995688417006,0.18825146149581692,0.2146446641391273,0,635,,,,,,,,,,6.652558854099923,constrained,0.05,576,d4c070f0d32d8b98ee1f6415896a57ee3a015817a8fe6bdf0f8d7f2f13b3f7d9,14.443267185053493,,,,0,0.0,,,,,,0,,NavFnDijkstra,87d8c87ee7efb69d0f0472b4de24e367748914f228348303499146c6913a2738,290,87d8c87ee7efb69d0f0472b4de24e367748914f228348303499146c6913a2738,0,1,northwest_southeast_weave,True,37.40040141738181,6.652558854099923,14.443267185053493,1,0.04456030199980887
0.003,45.21563241082692,0.0255468133437118,0.012434193953015338,,0.36709747953083394,0.16464466339406925,0.2146446641391273,0,654,,,,,,,,,,14.247485833127241,pivot_g2,0.05,554,51f543c227dc841bde7d5db66c27f458fbcf7dca8d5d25ecabc44536e8b643b7,14.401112819330208,34,45,13,32,1.0088203013329786,200,1,554,32,0.00279148,9.917139055838671,43,NavFnDijkstra,87d8c87ee7efb69d0f0472b4de24e367748914f228348303499146c6913a2738,290,87d8c87ee7efb69d0f0472b4de24e367748914f228348303499146c6913a2738,0,1,northwest_southeast_weave,True,3.5240949196094102,5.143441844798364,14.415150535013233,33,0.01331176699977732
0.006,6.884044170541105,0.016624889422128773,0.002521501428349444,,0.47196560637658347,0.2146446641391273,0.2146446641391273,0,581,3.52409,32,251,True,simple_default,simple,6.88404,177,True,2.7985335758268235,adaptive_hybrid,0.05,576,d66c67dbda36713e9065bf384949cecdcd48f89234b4f1d13af3b01bfec6abac,14.366872949918905,,,,0,0.0,,,,,,0,,NavFnDijkstra,87d8c87ee7efb69d0f0472b4de24e367748914f228348303499146c6913a2738,289,87d8c87ee7efb69d0f0472b4de24e367748914f228348303499146c6913a2738,0,1,northwest_southeast_weave,True,6.884044170541105,2.7985335758268235,14.366872949918905,1,0.01575535600022704
0.006,19.25930501849252,4.440892098500626e-16,6.861531427590641e-17,,0.4906636113216126,0.10606601875848895,0.17079994476667312,0,523,,,,,,,,,,11.01529768816754,raw,0.05,262,5c2ad46e79339bfaf04a6e57e4329f9317ae64e61657313036781b9ee2848b1a,13.721496737020486,,,,0,0.0,,,,,,0,,ThetaStar,5c2ad46e79339bfaf04a6e57e4329f9317ae64e61657313036781b9ee2848b1a,276,5c2ad46e79339bfaf04a6e57e4329f9317ae64e61657313036781b9ee2848b1a,0,1,serpentine_west_east,True,19.25930501849252,11.01529768816754,13.721496737020486,1,0.010890467000081117
0.0,3.0453257983747863,0.03771092587907059,0.007124049257682094,,0.4880120531067619,0.17079994476667312,0.2146446641391273,0,506,,,,,,,,,,2.2135281968879963,simple,0.05,262,66f7738fc726bc001450fea4fd154778f6879558641f5c7e115bea585fb95be3,13.657441773064594,,,,0,0.0,,,,,,0,,ThetaStar,5c2ad46e79339bfaf04a6e57e4329f9317ae64e61657313036781b9ee2848b1a,275,5c2ad46e79339bfaf04a6e57e4329f9317ae64e61657313036781b9ee2848b1a,0,1,serpentine_west_east,True,3.0453257983747863,2.2135281968879963,13.657441773064594,1,0.00719259300012709
0.0,5.461671162330324,0.011795306017860366,0.0016697267944773156,,0.4740578250390116,0.2146446641391273,0.2146446641391273,0,468,,,,,,,,,,3.619601503556664,savitzky_golay,0.05,262,9aa6be6c2a907181673fd3f381fe8d7a43551e3c5d0814d9036f7f7b87233c64,13.705644300625181,,,,0,0.0,,,,,,0,,ThetaStar,5c2ad46e79339bfaf04a6e57e4329f9317ae64e61657313036781b9ee2848b1a,276,5c2ad46e79339bfaf04a6e57e4329f9317ae64e61657313036781b9ee2848b1a,0,1,serpentine_west_east,True,5.461671162330324,3.619601503556664,13.705644300625181,1,0.007397066000066843
0.018000000000000002,9.371689322499732,0.05220238710034523,0.01385892629573566,,0.4868800474800252,0.2146446641391273,0.23390290478282266,0,441,,,,,,,,,,3.9820342068849865,constrained,0.05,262,05afe8964c37b787a6f84b6b01a62d8bb6c72a591151aa405f8b9570ca620b5e,13.779888703120175,,,,0,0.0,,,,,,0,,ThetaStar,5c2ad46e79339bfaf04a6e57e4329f9317ae64e61657313036781b9ee2848b1a,277,5c2ad46e79339bfaf04a6e57e4329f9317ae64e61657313036781b9ee2848b1a,0,1,serpentine_west_east,True,9.371689322499732,3.9820342068849865,13.779888703120175,1,0.02333191900015663
0.003,6.963257858005834,0.041745459573772514,0.016718725732882366,,0.42579716441135834,0.17079994476667312,0.18825146149581692,0,494,,,,,,,,,,5.591895350618184,pivot_g2,0.05,480,c50377b92f0dc176773336ad8ea4b39e91b4d1de3cab6792a5c69223e9e098f8,13.687607925558561,54,10,9,1,0.43984258281573607,200,0.933725,480,1,0.00267651,0.43984258281573607,57,ThetaStar,5c2ad46e79339bfaf04a6e57e4329f9317ae64e61657313036781b9ee2848b1a,275,5c2ad46e79339bfaf04a6e57e4329f9317ae64e61657313036781b9ee2848b1a,0,1,serpentine_west_east,True,4.819650935355961,3.795953287640882,13.688731642696538,2,0.011558112000329857
0.003,3.0453257983747863,0.03771092587907059,0.007124049257682094,,0.4880120531067619,0.17079994476667312,0.2146446641391273,0,506,4.81965,1,228,True,simple_default,simple,3.04533,228,True,2.2135281968879963,adaptive_hybrid,0.05,262,66f7738fc726bc001450fea4fd154778f6879558641f5c7e115bea585fb95be3,13.657441773064594,,,,0,0.0,,,,,,0,,ThetaStar,5c2ad46e79339bfaf04a6e57e4329f9317ae64e61657313036781b9ee2848b1a,275,5c2ad46e79339bfaf04a6e57e4329f9317ae64e61657313036781b9ee2848b1a,0,1,serpentine_west_east,True,3.0453257983747863,2.2135281968879963,13.657441773064594,1,0.030365305000032095
0.006,18.66641571249102,4.440892098500626e-16,6.574865981478228e-17,,0.49214073539743497,0.1449222268733815,0.2146446641391273,0,557,,,,,,,,,,7.548449065144753,raw,0.05,262,47edc9bd8470338a4fa332b611ec4f496ce59deaf4597269826df5c9c5816abb,13.716854651118595,,,,0,0.0,,,,,,0,,ThetaStar,47edc9bd8470338a4fa332b611ec4f496ce59deaf4597269826df5c9c5816abb,276,47edc9bd8470338a4fa332b611ec4f496ce59deaf4597269826df5c9c5816abb,0,1,serpentine_east_west,True,18.66641571249102,7.548449065144753,13.716854651118595,1,0.009619358999771066
0.003,2.962189798313774,0.036945124705827205,0.007349991428788149,,0.48439703355512814,0.17079994476667312,0.2146446641391273,0,519,,,,,,,,,,2.05541660674471,simple,0.05,262,71e5328cf73ec24244f379d85fa89045498842d4e7651153823f647e6fd84d4a,13.65362621463107,,,,0,0.0,,,,,,0,,ThetaStar,47edc9bd8470338a4fa332b611ec4f496ce59deaf4597269826df5c9c5816abb,275,47edc9bd8470338a4fa332b611ec4f496ce59deaf4597269826df5c9c5816abb,0,1,serpentine_east_west,True,2.962189798313774,2.05541660674471,13.65362621463107,1,0.008022606999929849
0.0,5.381383941472239,0.00936779440875855,0.0016470900790691487,,0.47090938034325097,0.2146446641391273,0.2146446641391273,0,497,,,,,,,,,,2.894551757341682,savitzky_golay,0.05,262,7b4a8252adc0d013e0c8e6fe9db1358cc72d7f501cf0b5b9df2b1ba95a2d8cdc,13.70291514985859,,,,0,0.0,,,,,,0,,ThetaStar,47edc9bd8470338a4fa332b611ec4f496ce59deaf4597269826df5c9c5816abb,276,47edc9bd8470338a4fa332b611ec4f496ce59deaf4597269826df5c9c5816abb,0,1,serpentine_east_west,True,5.381383941472239,2.894551757341682,13.70291514985859,1,0.007507091999741533
0.018000000000000002,7.102527295469917,0.07153248437511243,0.016138723358142173,,0.4816977949859943,0.2146446641391273,0.23390290478282266,0,438,,,,,,,,,,3.5980400515908113,constrained,0.05,262,0a976fa5680d7973b49d534d945ac5ad54f5ec6b816d064ea8ee31fc51dadfac,13.745482184486336,,,,0,0.0,,,,,,0,,ThetaStar,47edc9bd8470338a4fa332b611ec4f496ce59deaf4597269826df5c9c5816abb,276,47edc9bd8470338a4fa332b611ec4f496ce59deaf4597269826df5c9c5816abb,0,1,serpentine_east_west,True,7.102527295469917,3.5980400515908113,13.745482184486336,1,0.02461763300016173
0.006,9.549876967596258,0.023363372627653967,0.002616691230402275,,0.49785380331738993,0.17079994476667312,0.18825146149581692,0,579,,,,,,,,,,5.279595078170276,pivot_g2,0.05,564,f08d9da8126f6b913a4082012ed04fd816a6ee7a92dee3b34552b109e1e24314,13.699290341409464,99,20,18,2,0.3217505543966422,200,0.956369,564,2,0.00541945,0.6435011087932844,110,ThetaStar,47edc9bd8470338a4fa332b611ec4f496ce59deaf4597269826df5c9c5816abb,276,47edc9bd8470338a4fa332b611ec4f496ce59deaf4597269826df5c9c5816abb,0,1,serpentine_east_west,True,6.745970448182213,3.622701596796782,13.700117786333255,3,0.015026224999928672
0.009000000000000001,2.962189798313774,0.036945124705827205,0.007349991428788149,,0.48439703355512814,0.17079994476667312,0.2146446641391273,0,519,6.74597,2,228,True,simple_default,simple,2.96219,228,True,2.05541660674471,adaptive_hybrid,0.05,262,71e5328cf73ec24244f379d85fa89045498842d4e7651153823f647e6fd84d4a,13.65362621463107,,,,0,0.0,,,,,,0,,ThetaStar,47edc9bd8470338a4fa332b611ec4f496ce59deaf4597269826df5c9c5816abb,275,47edc9bd8470338a4fa332b611ec4f496ce59deaf4597269826df5c9c5816abb,0,1,serpentine_east_west,True,2.962189798313774,2.05541660674471,13.65362621463107,1,0.01359132800007501
0.0,0.0,6.938893903907228e-18,6.49886957847022e-19,,0.7311643743856544,0.6146446700995918,0.6646446708446498,0,241,,,,,,,,,,0.0,raw,0.05,113,7a9fef83016ad27424e5cd66d6f3db38a0cdf163c64fcf3a402862159128fc3a,5.600000083446503,,,,0,0.0,,,,,,0,,ThetaStar,7a9fef83016ad27424e5cd66d6f3db38a0cdf163c64fcf3a402862159128fc3a,114,7a9fef83016ad27424e5cd66d6f3db38a0cdf163c64fcf3a402862159128fc3a,0,1,left_vertical_aisle,True,0.0,0.0,5.600000083446503,1,0.0038134840001475823
0.0,0.0,6.938893903907228e-18,6.49886957847022e-19,,0.7801506153393029,0.764644672334766,0.764644672334766,0,225,,,,,,,,,,0.0,simple,0.05,113,7a9fef83016ad27424e5cd66d6f3db38a0cdf163c64fcf3a402862159128fc3a,5.600000083446503,,,,0,0.0,,,,,,0,,ThetaStar,7a9fef83016ad27424e5cd66d6f3db38a0cdf163c64fcf3a402862159128fc3a,114,7a9fef83016ad27424e5cd66d6f3db38a0cdf163c64fcf3a402862159128fc3a,0,1,left_vertical_aisle,True,0.0,0.0,5.600000083446503,1,0.0051813929999298125
0.0,0.0,6.938893903907228e-18,9.190789497966505e-19,,0.7772341452262975,0.764644672334766,0.764644672334766,0,215,,,,,,,,,,0.0,savitzky_golay,0.05,113,3698a731fcb7781e8c755af95403194b3761e009419a2b2f577116e27dea3ef1,5.600000083446503,,,,0,0.0,,,,,,0,,ThetaStar,7a9fef83016ad27424e5cd66d6f3db38a0cdf163c64fcf3a402862159128fc3a,114,7a9fef83016ad27424e5cd66d6f3db38a0cdf163c64fcf3a402862159128fc3a,0,1,left_vertical_aisle,True,0.0,0.0,5.600000083446503,1,0.0049692859997776395
0.0,0.0,6.938893903907228e-18,6.49886957847022e-19,,0.7838929594433017,0.764644672334766,0.764644672334766,0,241,,,,,,,,,,0.0,constrained,0.05,113,7a9fef83016ad27424e5cd66d6f3db38a0cdf163c64fcf3a402862159128fc3a,5.600000083446503,,,,0,0.0,,,,,,0,,ThetaStar,7a9fef83016ad27424e5cd66d6f3db38a0cdf163c64fcf3a402862159128fc3a,114,7a9fef83016ad27424e5cd66d6f3db38a0cdf163c64fcf3a402862159128fc3a,0,1,left_vertical_aisle,True,0.0,0.0,5.600000083446503,1,0.005329883000285918
0.0,0.0,6.938893903907228e-18,6.49886957847022e-19,,0.7810430810178629,0.764644672334766,0.764644672334766,0,114,,,,,,,,,,0.0,pivot_g2,0.05,114,e76f122940c5d6c033f3e8905d3a5dfb393a6543e506482455424f2d9ecefd79,5.600000083446503,0,0,0,0,0.0,200,0,114,0,0.000111723,0,0,ThetaStar,7a9fef83016ad27424e5cd66d6f3db38a0cdf163c64fcf3a402862159128fc3a,114,7a9fef83016ad27424e5cd66d6f3db38a0cdf163c64fcf3a402862159128fc3a,0,1,left_vertical_aisle,True,0.0,0.0,5.600000083446503,1,0.005119688999911887
0.0,0.0,6.938893903907228e-18,6.49886957847022e-19,,0.7801506153393029,0.764644672334766,0.764644672334766,0,225,0,0,0,True,simple_default,simple,0,0,True,0.0,adaptive_hybrid,0.05,113,7a9fef83016ad27424e5cd66d6f3db38a0cdf163c64fcf3a402862159128fc3a,5.600000083446503,,,,0,0.0,,,,,,0,,ThetaStar,7a9fef83016ad27424e5cd66d6f3db38a0cdf163c64fcf3a402862159128fc3a,114,7a9fef83016ad27424e5cd66d6f3db38a0cdf163c64fcf3a402862159128fc3a,0,1,left_vertical_aisle,True,0.0,0.0,5.600000083446503,1,0.006422859999929642
0.0,0.0,0.0,0.0,,0.45805552047941006,0.3646446663743015,0.41464466711935954,0,129,,,,,,,,,,0.0,raw,0.05,57,96efcce500fb2c9613b3ba22dc2d2558ce8f0a4be7d84d061eafe50c67af61aa,2.8000000417232513,,,,0,0.0,,,,,,0,,ThetaStar,96efcce500fb2c9613b3ba22dc2d2558ce8f0a4be7d84d061eafe50c67af61aa,58,96efcce500fb2c9613b3ba22dc2d2558ce8f0a4be7d84d061eafe50c67af61aa,0,1,inner_vertical_aisle,True,0.0,0.0,2.8000000417232513,1,0.0020177269998384872
0.0,0.0,0.0,0.0,,0.5146446686094759,0.5146446686094757,0.5146446686094757,0,113,,,,,,,,,,0.0,simple,0.05,57,96efcce500fb2c9613b3ba22dc2d2558ce8f0a4be7d84d061eafe50c67af61aa,2.8000000417232513,,,,0,0.0,,,,,,0,,ThetaStar,96efcce500fb2c9613b3ba22dc2d2558ce8f0a4be7d84d061eafe50c67af61aa,58,96efcce500fb2c9613b3ba22dc2d2558ce8f0a4be7d84d061eafe50c67af61aa,0,1,inner_vertical_aisle,True,0.0,0.0,2.8000000417232513,1,0.003953417000047921
0.0,0.0,6.938893903907228e-18,9.111214065141325e-19,,0.5146446686094759,0.5146446686094757,0.5146446686094757,0,103,,,,,,,,,,0.0,savitzky_golay,0.05,57,dddad61c4929371d8d7ad2a3236562c2f2059439b5b123c770701729def67595,2.8000000417232513,,,,0,0.0,,,,,,0,,ThetaStar,96efcce500fb2c9613b3ba22dc2d2558ce8f0a4be7d84d061eafe50c67af61aa,58,96efcce500fb2c9613b3ba22dc2d2558ce8f0a4be7d84d061eafe50c67af61aa,0,1,inner_vertical_aisle,True,0.0,0.0,2.8000000417232513,1,0.003958391999731248
0.0,0.0,0.0,0.0,,0.5006911800294596,0.3646446663743015,0.41464466711935954,0,129,,,,,,,,,,0.0,constrained,0.05,57,96efcce500fb2c9613b3ba22dc2d2558ce8f0a4be7d84d061eafe50c67af61aa,2.8000000417232513,,,,0,0.0,,,,,,0,,ThetaStar,96efcce500fb2c9613b3ba22dc2d2558ce8f0a4be7d84d061eafe50c67af61aa,58,96efcce500fb2c9613b3ba22dc2d2558ce8f0a4be7d84d061eafe50c67af61aa,0,1,inner_vertical_aisle,True,0.0,0.0,2.8000000417232513,1,0.004519130000062432
0.0,0.0,0.0,0.0,,0.5146446686094757,0.5146446686094757,0.5146446686094757,0,58,,,,,,,,,,0.0,pivot_g2,0.05,58,85b406f828101e39d041db392ada6a3e54412f207cb2d1b28938e1ef68e6afbc,2.8000000417232513,0,0,0,0,0.0,200,0,58,0,8.6569e-05,0,0,ThetaStar,96efcce500fb2c9613b3ba22dc2d2558ce8f0a4be7d84d061eafe50c67af61aa,58,96efcce500fb2c9613b3ba22dc2d2558ce8f0a4be7d84d061eafe50c67af61aa,0,1,inner_vertical_aisle,True,0.0,0.0,2.8000000417232513,1,0.0046177270000953285
0.0,0.0,0.0,0.0,,0.5146446686094759,0.5146446686094757,0.5146446686094757,0,113,0,0,0,True,simple_default,simple,0,0,True,0.0,adaptive_hybrid,0.05,57,96efcce500fb2c9613b3ba22dc2d2558ce8f0a4be7d84d061eafe50c67af61aa,2.8000000417232513,,,,0,0.0,,,,,,0,,ThetaStar,96efcce500fb2c9613b3ba22dc2d2558ce8f0a4be7d84d061eafe50c67af61aa,58,96efcce500fb2c9613b3ba22dc2d2558ce8f0a4be7d84d061eafe50c67af61aa,0,1,inner_vertical_aisle,True,0.0,0.0,2.8000000417232513,1,0.00536136400023679
0.0,3.493473513907226,4.440892098500626e-16,7.872303889140415e-17,,0.5635726981746465,0.18825146149581692,0.2146446641391273,0,267,,,,,,,,,,5.932712298455972,raw,0.05,134,aaf6e268b6bbfab3c5aeaeb85381b0454208d4d3cba3bcc54ef7fdf4186846d9,6.745197499736534,,,,0,0.0,,,,,,0,,ThetaStar,aaf6e268b6bbfab3c5aeaeb85381b0454208d4d3cba3bcc54ef7fdf4186846d9,136,aaf6e268b6bbfab3c5aeaeb85381b0454208d4d3cba3bcc54ef7fdf4186846d9,0,1,bottom_alternating_cross,True,3.493473513907226,5.932712298455972,6.745197499736534,1,0.0036058089999642107
0.0,0.459859137500597,0.01676651779508065,0.003595454226182265,,0.5451500791793896,0.2146446641391273,0.2146446641391273,0,250,,,,,,,,,,1.067637637188002,simple,0.05,134,fedf3f37a47f6eaba201ef0189ffdbea783e78c7fb9fdf06ac74d069b42cf5a0,6.735559720877693,,,,0,0.0,,,,,,0,,ThetaStar,aaf6e268b6bbfab3c5aeaeb85381b0454208d4d3cba3bcc54ef7fdf4186846d9,136,aaf6e268b6bbfab3c5aeaeb85381b0454208d4d3cba3bcc54ef7fdf4186846d9,0,1,bottom_alternating_cross,True,0.459859137500597,1.067637637188002,6.735559720877693,1,0.005747582999902079
0.0,1.181577987419524,0.006584833060916395,0.0008597236473027546,,0.5245807314493381,0.2146446641391273,0.2146446641391273,0,222,,,,,,,,,,1.8162447152489494,savitzky_golay,0.05,134,646cb52b7f91216fee5e32cff0fe595abebb000e5ff13bf6d12983633d48080f,6.742712724868158,,,,0,0.0,,,,,,0,,ThetaStar,aaf6e268b6bbfab3c5aeaeb85381b0454208d4d3cba3bcc54ef7fdf4186846d9,136,aaf6e268b6bbfab3c5aeaeb85381b0454208d4d3cba3bcc54ef7fdf4186846d9,0,1,bottom_alternating_cross,True,1.181577987419524,1.8162447152489494,6.742712724868158,1,0.006276497000271775
0.009000000000000001,1.48342916548075,0.03957829686873891,0.010254193702527843,,0.5363546672178222,0.21959563989254183,0.23390290478282266,0,207,,,,,,,,,,1.499753322424572,constrained,0.05,134,5f53fd79d7522c34a4c0204e8e836d4bbe01d9a8a68f3c663cbc67a4d0c8b92f,6.7498746363827475,,,,0,0.0,,,,,,0,,ThetaStar,aaf6e268b6bbfab3c5aeaeb85381b0454208d4d3cba3bcc54ef7fdf4186846d9,137,aaf6e268b6bbfab3c5aeaeb85381b0454208d4d3cba3bcc54ef7fdf4186846d9,0,1,bottom_alternating_cross,True,1.48342916548075,1.499753322424572,6.7498746363827475,1,0.012279169000066759
0.003,1.1444716930976129,0.019519468295147835,0.003062137711851547,,0.45572417842574225,0.2146446641391273,0.2146446641391273,0,218,,,,,,,,,,2.775572981141659,pivot_g2,0.05,218,6fd28a9229ec59198f3ee1c440eaee920b1e527f552d5903648193a4d5503e5b,6.739073721431535,27,4,4,0,0.0,200,1,218,0,0.00240331,0,29,ThetaStar,aaf6e268b6bbfab3c5aeaeb85381b0454208d4d3cba3bcc54ef7fdf4186846d9,136,aaf6e268b6bbfab3c5aeaeb85381b0454208d4d3cba3bcc54ef7fdf4186846d9,0,1,bottom_alternating_cross,True,1.1444716930976129,2.775572981141659,6.739073721431535,1,0.00804798099989057
0.003,0.459859137500597,0.01676651779508065,0.003595454226182265,,0.5451500791793896,0.2146446641391273,0.2146446641391273,0,250,1.14447,0,177,True,simple_default,simple,0.459859,177,True,1.067637637188002,adaptive_hybrid,0.05,134,fedf3f37a47f6eaba201ef0189ffdbea783e78c7fb9fdf06ac74d069b42cf5a0,6.735559720877693,,,,0,0.0,,,,,,0,,ThetaStar,aaf6e268b6bbfab3c5aeaeb85381b0454208d4d3cba3bcc54ef7fdf4186846d9,136,aaf6e268b6bbfab3c5aeaeb85381b0454208d4d3cba3bcc54ef7fdf4186846d9,0,1,bottom_alternating_cross,True,0.459859137500597,1.067637637188002,6.735559720877693,1,0.007019082000169874
0.003,4.407830642908402,4.440892098500626e-16,6.844295433384501e-17,,0.6041194052346531,0.2146446641391273,0.2474873771031409,0,269,,,,,,,,,,6.13071566966221,raw,0.05,135,b1c73d6f69ab24d2a71a6f0b69dc09d7b77c938a994e0d336b84a02c1dfc11a4,6.7647917821229155,,,,0,0.0,,,,,,0,,ThetaStar,b1c73d6f69ab24d2a71a6f0b69dc09d7b77c938a994e0d336b84a02c1dfc11a4,137,b1c73d6f69ab24d2a71a6f0b69dc09d7b77c938a994e0d336b84a02c1dfc11a4,0,1,top_alternating_cross,True,4.407830642908402,6.13071566966221,6.7647917821229155,1,0.004215478000332951
0.0,0.5406583245209352,0.02116846833489383,0.004109750190038169,,0.6007216908476923,0.21959563989254183,0.2428186466698935,0,249,,,,,,,,,,1.0086479537860944,simple,0.05,135,ec258a0452ea8ca527067284d75195b6b177b64aeac9e25eef433cf0965853ee,6.752606650414937,,,,0,0.0,,,,,,0,,ThetaStar,b1c73d6f69ab24d2a71a6f0b69dc09d7b77c938a994e0d336b84a02c1dfc11a4,137,b1c73d6f69ab24d2a71a6f0b69dc09d7b77c938a994e0d336b84a02c1dfc11a4,0,1,top_alternating_cross,True,0.5406583245209352,1.0086479537860944,6.752606650414937,1,0.0059590229998320865
0.0,1.341449989804961,0.007622501263929493,0.0011002291931254359,,0.5845480991654917,0.25619225950049973,0.26464466488418537,0,227,,,,,,,,,,1.785782412542053,savitzky_golay,0.05,135,d6bde3a9df1aae591ba99703e7f640128f8ac6c501a09a10956a2a10de100e79,6.761214535147334,,,,0,0.0,,,,,,0,,ThetaStar,b1c73d6f69ab24d2a71a6f0b69dc09d7b77c938a994e0d336b84a02c1dfc11a4,137,b1c73d6f69ab24d2a71a6f0b69dc09d7b77c938a994e0d336b84a02c1dfc11a4,0,1,top_alternating_cross,True,1.341449989804961,1.785782412542053,6.761214535147334,1,0.008740400000078807
0.009000000000000001,2.3119611822640747,0.023779480414690468,0.005909020586846843,,0.5829057489305249,0.25619225950049973,0.26464466488418537,0,204,,,,,,,,,,2.3323688012121395,constrained,0.05,135,bc9e293999dd06ec2120b389fbfae16d803be6d5f7ceb317e586cbd8f93af123,6.766972623238182,,,,0,0.0,,,,,,0,,ThetaStar,b1c73d6f69ab24d2a71a6f0b69dc09d7b77c938a994e0d336b84a02c1dfc11a4,137,b1c73d6f69ab24d2a71a6f0b69dc09d7b77c938a994e0d336b84a02c1dfc11a4,0,1,top_alternating_cross,True,2.3119611822640747,2.3323688012121395,6.766972623238182,1,0.013737304999722255
0.003,1.2683329454819456,0.04025340093906533,0.015661591675907027,,0.5059319751171671,0.21959563989254183,0.23390290478282266,0,248,,,,,,,,,,3.47320403487133,pivot_g2,0.05,248,6d0e0121f76a3aa7a44c737187150818d1a3595ea5e223e8bec94e2564f79ab2,6.755492339994888,25,4,4,0,0.0,200,1,248,0,0.00161821,0,28,ThetaStar,b1c73d6f69ab24d2a71a6f0b69dc09d7b77c938a994e0d336b84a02c1dfc11a4,137,b1c73d6f69ab24d2a71a6f0b69dc09d7b77c938a994e0d336b84a02c1dfc11a4,0,1,top_alternating_cross,True,1.2683329454819456,3.47320403487133,6.755492339994888,1,0.0071004599999469065
0.003,0.5406583245209352,0.02116846833489383,0.004109750190038169,,0.6007216908476923,0.21959563989254183,0.2428186466698935,0,249,1.26833,0,177,True,simple_default,simple,0.540658,177,True,1.0086479537860944,adaptive_hybrid,0.05,135,ec258a0452ea8ca527067284d75195b6b177b64aeac9e25eef433cf0965853ee,6.752606650414937,,,,0,0.0,,,,,,0,,ThetaStar,b1c73d6f69ab24d2a71a6f0b69dc09d7b77c938a994e0d336b84a02c1dfc11a4,137,b1c73d6f69ab24d2a71a6f0b69dc09d7b77c938a994e0d336b84a02c1dfc11a4,0,1,top_alternating_cross,True,0.5406583245209352,1.0086479537860944,6.752606650414937,1,0.008583879000070738
0.006,31.225750010407086,4.440892098500626e-16,9.377938609150095e-17,,0.42171884910026775,0.1449222268733815,0.2146446641391273,0,550,,,,,,,,,,12.361569026299575,raw,0.05,273,461a2ae78408bc9f2d97f3f22e02bc50272936ae009e4d2aa6b56c349d3205e7,14.14899577273661,,,,0,0.0,,,,,,0,,ThetaStar,461a2ae78408bc9f2d97f3f22e02bc50272936ae009e4d2aa6b56c349d3205e7,285,461a2ae78408bc9f2d97f3f22e02bc50272936ae009e4d2aa6b56c349d3205e7,0,1,southwest_northeast_weave,True,31.225750010407086,12.361569026299575,14.14899577273661,1,0.010489128999779496
0.003,3.051714980299506,0.03788759541374023,0.007548918011832246,,0.4128850919025521,0.2146446641391273,0.2146446641391273,0,509,,,,,,,,,,1.85802975406861,simple,0.05,273,261d14ca28c30c9668c775e7b7b6cc1613fab427dce33cea339431a34fffb17d,14.070026575465215,,,,0,0.0,,,,,,0,,ThetaStar,461a2ae78408bc9f2d97f3f22e02bc50272936ae009e4d2aa6b56c349d3205e7,283,461a2ae78408bc9f2d97f3f22e02bc50272936ae009e4d2aa6b56c349d3205e7,0,1,southwest_northeast_weave,True,3.051714980299506,1.85802975406861,14.070026575465215,1,0.009515519000160566
0.0,6.787620138748146,0.018840847489884016,0.0021691400251116033,,0.4022468649822051,0.2146446641391273,0.2146446641391273,0,480,,,,,,,,,,3.038276583412042,savitzky_golay,0.05,273,c611a12934874c4520a0b7130f3d15a7164a59e0da4b0c544fdbfeeeb6511387,14.122336244020305,,,,0,0.0,,,,,,0,,ThetaStar,461a2ae78408bc9f2d97f3f22e02bc50272936ae009e4d2aa6b56c349d3205e7,284,461a2ae78408bc9f2d97f3f22e02bc50272936ae009e4d2aa6b56c349d3205e7,0,1,southwest_northeast_weave,True,6.787620138748146,3.038276583412042,14.122336244020305,1,0.00881396999966455
0.018000000000000002,16.432161258705584,0.048160454421821514,0.009775556039837168,,0.4115137930537221,0.2146446641391273,0.23390290478282266,0,435,,,,,,,,,,9.332309879187408,constrained,0.05,273,d3b75bf2f2ec9329cbcc92b4eb8ba7473de9b485d0aa1aa5bb89957914a9b173,14.169522307672196,,,,0,0.0,,,,,,0,,ThetaStar,461a2ae78408bc9f2d97f3f22e02bc50272936ae009e4d2aa6b56c349d3205e7,285,461a2ae78408bc9f2d97f3f22e02bc50272936ae009e4d2aa6b56c349d3205e7,0,1,southwest_northeast_weave,True,16.432161258705584,9.332309879187408,14.169522307672196,1,0.023716593000244757
0.003,19.100193908715504,0.03565916391954094,0.010293250598829639,,0.39921673096797855,0.2146446641391273,0.2146446641391273,0,548,,,,,,,,,,12.524387775281582,pivot_g2,0.05,534,af547081206da83b7d706bd5756d345cd625b77c1a5a8f950f4836437cd16fc6,14.127604924688965,66,17,15,2,0.7853981633974484,200,0.984482,534,2,0.0035403,1.1071487177940904,72,ThetaStar,461a2ae78408bc9f2d97f3f22e02bc50272936ae009e4d2aa6b56c349d3205e7,284,461a2ae78408bc9f2d97f3f22e02bc50272936ae009e4d2aa6b56c349d3205e7,0,1,southwest_northeast_weave,True,9.399616646694017,3.756648566205274,14.13051198395518,3,0.013527209000130824
0.009000000000000001,3.051714980299506,0.03788759541374023,0.007548918011832246,,0.4128850919025521,0.2146446641391273,0.2146446641391273,0,509,9.39962,2,228,True,simple_default,simple,3.05171,228,True,1.85802975406861,adaptive_hybrid,0.05,273,261d14ca28c30c9668c775e7b7b6cc1613fab427dce33cea339431a34fffb17d,14.070026575465215,,,,0,0.0,,,,,,0,,ThetaStar,461a2ae78408bc9f2d97f3f22e02bc50272936ae009e4d2aa6b56c349d3205e7,283,461a2ae78408bc9f2d97f3f22e02bc50272936ae009e4d2aa6b56c349d3205e7,0,1,southwest_northeast_weave,True,3.051714980299506,1.85802975406861,14.070026575465215,1,0.01316701199993986
0.003,15.687541524878226,4.440892098500626e-16,8.38432232942419e-17,,0.43829115575579564,0.10606601875848895,0.17079994476667312,0,566,,,,,,,,,,10.890755932323843,raw,0.05,281,267334acf797214c6698516c35db51e6e2f3c2dfb09f0e380f68101e6f4be4e9,14.33537996145991,,,,0,0.0,,,,,,0,,ThetaStar,267334acf797214c6698516c35db51e6e2f3c2dfb09f0e380f68101e6f4be4e9,288,267334acf797214c6698516c35db51e6e2f3c2dfb09f0e380f68101e6f4be4e9,0,1,northwest_southeast_weave,True,15.687541524878226,10.890755932323843,14.33537996145991,1,0.009878121999918221
0.0,2.956817974593924,0.04261241190208365,0.006424211701640208,,0.43846219292221617,0.17677669793081488,0.2146446641391273,0,534,,,,,,,,,,2.269139053270062,simple,0.05,281,719660a0c0520b5262367c74140d1f28c6392164e77ef8a2c46ea1b6de28fd67,14.277191542353185,,,,0,0.0,,,,,,0,,ThetaStar,267334acf797214c6698516c35db51e6e2f3c2dfb09f0e380f68101e6f4be4e9,287,267334acf797214c6698516c35db51e6e2f3c2dfb09f0e380f68101e6f4be4e9,0,1,northwest_southeast_weave,True,2.956817974593924,2.269139053270062,14.277191542353185,1,0.009636503999900015
0.0,5.630438558310694,0.012117409400321787,0.0014618566441389252,,0.4245636439676045,0.2146446641391273,0.2146446641391273,0,506,,,,,,,,,,3.648022129463453,savitzky_golay,0.05,281,04f52f6fa5486af28865ab656366f18f8d955349eb0a534cf7ba62388168b367,14.322078135313781,,,,0,0.0,,,,,,0,,ThetaStar,267334acf797214c6698516c35db51e6e2f3c2dfb09f0e380f68101e6f4be4e9,288,267334acf797214c6698516c35db51e6e2f3c2dfb09f0e380f68101e6f4be4e9,0,1,northwest_southeast_weave,True,5.630438558310694,3.648022129463453,14.322078135313781,1,0.007944868999857135
0.015000000000000001,7.119165699541043,0.03728702884996212,0.010669308904124404,,0.4368440822640844,0.2146446641391273,0.23390290478282266,0,459,,,,,,,,,,3.7349096876050782,constrained,0.05,281,bc8b511406285b6c81a4febc35ef00eec0a97905e6309fbea5430ec92a5ac0e1,14.374888536587047,,,,0,0.0,,,,,,0,,ThetaStar,267334acf797214c6698516c35db51e6e2f3c2dfb09f0e380f68101e6f4be4e9,289,267334acf797214c6698516c35db51e6e2f3c2dfb09f0e380f68101e6f4be4e9,0,1,northwest_southeast_weave,True,7.119165699541043,3.7349096876050782,14.374888536587047,1,0.022567397999864625
0.006,4.805791421795209,0.03575080772659999,0.0037219019129215076,,0.4082983795246028,0.18825146149581692,0.2146446641391273,0,552,,,,,,,,,,3.7766437200137233,pivot_g2,0.05,546,460be798d1dd075cf2313b53b059c20ee6ecd2ab867854db396a4913d70da8ec,14.303706114180205,72,11,11,0,0.0,200,0.964967,546,0,0.00439166,0,76,ThetaStar,267334acf797214c6698516c35db51e6e2f3c2dfb09f0e380f68101e6f4be4e9,288,267334acf797214c6698516c35db51e6e2f3c2dfb09f0e380f68101e6f4be4e9,0,1,northwest_southeast_weave,True,4.805791421795209,3.7766437200137233,14.303706114180205,1,0.014403792000393878
0.003,2.956817974593924,0.04261241190208365,0.006424211701640208,,0.43846219292221617,0.17677669793081488,0.2146446641391273,0,534,4.80579,0,214,True,simple_default,simple,2.95682,221,True,2.269139053270062,adaptive_hybrid,0.05,281,719660a0c0520b5262367c74140d1f28c6392164e77ef8a2c46ea1b6de28fd67,14.277191542353185,,,,0,0.0,,,,,,0,,ThetaStar,267334acf797214c6698516c35db51e6e2f3c2dfb09f0e380f68101e6f4be4e9,287,267334acf797214c6698516c35db51e6e2f3c2dfb09f0e380f68101e6f4be4e9,0,1,northwest_southeast_weave,True,2.956817974593924,2.269139053270062,14.277191542353185,1,0.012198959000215837
0.009000000000000001,7.231216892836487,4.440892098500626e-16,7.7698368405649e-17,,0.4018771748334572,0.17677669793081488,0.18825146149581692,0,485,,,,,,,,,,2.534311489452261,raw,0.05,252,a61e7d3cbc785b91159ae70d8530598cf4cb5f82a135d79d58d17248359bd408,13.995960485658237,,,,0,0.0,,,,,,0,,Smac2D,a61e7d3cbc785b91159ae70d8530598cf4cb5f82a135d79d58d17248359bd408,281,a61e7d3cbc785b91159ae70d8530598cf4cb5f82a135d79d58d17248359bd408,0,1,serpentine_west_east,True,7.231216892836487,2.534311489452261,13.995960485658237,1,0.01335768300032214
0.003,5.4022518369248615,0.02634500700812831,0.00859382485753806,,0.4003654325211488,0.16464466339406925,0.17079994476667312,0,477,,,,,,,,,,2.004353628877261,simple,0.05,252,50480a5978723dc8b29750b6d847055d446001fa86379ce600a7015c5d8c9cbb,13.916228004589446,,,,0,0.0,,,,,,0,,Smac2D,a61e7d3cbc785b91159ae70d8530598cf4cb5f82a135d79d58d17248359bd408,280,a61e7d3cbc785b91159ae70d8530598cf4cb5f82a135d79d58d17248359bd408,0,1,serpentine_west_east,True,5.4022518369248615,2.004353628877261,13.916228004589446,1,0.025202498999988165
0.0,7.011500220347621,0.0011876777704936637,0.0003028017960301764,,0.4016251858704374,0.17677669793081488,0.18825146149581692,0,488,,,,,,,,,,2.3454343521907144,savitzky_golay,0.05,252,579f83c7dc80b6d810ad2567140b197b493be379d7b7accf334a779c63d44bfa,13.994410122481296,,,,0,0.0,,,,,,0,,Smac2D,a61e7d3cbc785b91159ae70d8530598cf4cb5f82a135d79d58d17248359bd408,281,a61e7d3cbc785b91159ae70d8530598cf4cb5f82a135d79d58d17248359bd408,0,1,serpentine_west_east,True,7.011500220347621,2.3454343521907144,13.994410122481296,1,0.008751161999953183
0.015000000000000001,8.765112482082273,0.05575197963958617,0.02265412292740301,,0.4208303536719497,0.21959563989254183,0.23390290478282266,0,452,,,,,,,,,,2.474376677826484,constrained,0.05,252,bd5e611b6121f52cab5467c00f0f6d0954dae50a3630849f33165a68615d5a02,14.131826410891202,,,,0,0.0,,,,,,0,,Smac2D,a61e7d3cbc785b91159ae70d8530598cf4cb5f82a135d79d58d17248359bd408,284,a61e7d3cbc785b91159ae70d8530598cf4cb5f82a135d79d58d17248359bd408,0,1,serpentine_west_east,True,8.765112482082273,2.474376677826484,14.131826410891202,1,0.023026871000183746
0.009000000000000001,10.33001343603748,0.01987023669788765,0.009992436843878552,,0.3265457579557828,0.17677669793081488,0.18825146149581692,0,786,,,,,,,,,,4.492555491013332,pivot_g2,0.05,767,dbaf1b5a01034b719963a0114d19361351005763e02793fbea8d05811b6c247b,13.987097954671535,59,34,31,3,0.27669603437724744,200,0.990323,767,3,0.00807942,0.7280732954589497,80,Smac2D,a61e7d3cbc785b91159ae70d8530598cf4cb5f82a135d79d58d17248359bd408,281,a61e7d3cbc785b91159ae70d8530598cf4cb5f82a135d79d58d17248359bd408,0,1,serpentine_west_east,True,7.6974788358983535,3.581367218881177,13.988420182181548,4,0.02152160700006789
0.012,5.4022518369248615,0.02634500700812831,0.00859382485753806,,0.4003654325211488,0.16464466339406925,0.17079994476667312,0,477,7.69748,3,228,True,simple_default,simple,5.40225,228,True,2.004353628877261,adaptive_hybrid,0.05,252,50480a5978723dc8b29750b6d847055d446001fa86379ce600a7015c5d8c9cbb,13.916228004589446,,,,0,0.0,,,,,,0,,Smac2D,a61e7d3cbc785b91159ae70d8530598cf4cb5f82a135d79d58d17248359bd408,280,a61e7d3cbc785b91159ae70d8530598cf4cb5f82a135d79d58d17248359bd408,0,1,serpentine_west_east,True,5.4022518369248615,2.004353628877261,13.916228004589446,1,0.017955536000044958
0.009000000000000001,8.462089208629864,4.440892098500626e-16,6.783174299964781e-17,,0.41509056888362683,0.17677669793081488,0.18825146149581692,0,496,,,,,,,,,,2.574547886487373,raw,0.05,252,6712fdfa2c9a00209bd51defa10f301725fe71f566afc89f01b53faa3a37cbc9,13.824430105205426,,,,0,0.0,,,,,,0,,Smac2D,6712fdfa2c9a00209bd51defa10f301725fe71f566afc89f01b53faa3a37cbc9,278,6712fdfa2c9a00209bd51defa10f301725fe71f566afc89f01b53faa3a37cbc9,0,1,serpentine_east_west,True,8.462089208629864,2.574547886487373,13.824430105205426,1,0.013795758000014757
0.0,6.152274550364168,0.026439706192927827,0.00909241433538064,,0.413346298751688,0.1449222268733815,0.17079994476667312,0,491,,,,,,,,,,2.0168096410091647,simple,0.05,252,13cea486a4ce934edf4728a12f212a155a6ab1b8c86990b30c3dd6bfd3faa40f,13.733896179452513,,,,0,0.0,,,,,,0,,Smac2D,6712fdfa2c9a00209bd51defa10f301725fe71f566afc89f01b53faa3a37cbc9,276,6712fdfa2c9a00209bd51defa10f301725fe71f566afc89f01b53faa3a37cbc9,0,1,serpentine_east_west,True,6.152274550364168,2.0168096410091647,13.733896179452513,1,0.010039433000201825
0.0,8.189108039452014,0.0012644395020195032,0.00032035276766683167,,0.414978881677519,0.17677669793081488,0.18825146149581692,0,498,,,,,,,,,,2.3642093321049384,savitzky_golay,0.05,252,51f9988cda9e9813e731dfad1d1bcbedbbe8b235915a7a3dfc18ed1ef10201ca,13.822551635028637,,,,0,0.0,,,,,,0,,Smac2D,6712fdfa2c9a00209bd51defa10f301725fe71f566afc89f01b53faa3a37cbc9,278,6712fdfa2c9a00209bd51defa10f301725fe71f566afc89f01b53faa3a37cbc9,0,1,serpentine_east_west,True,8.189108039452014,2.3642093321049384,13.822551635028637,1,0.007933532999686577
0.015000000000000001,10.249472276275437,0.05691294698478938,0.023886407829295613,,0.4345243809013887,0.21959563989254183,0.23390290478282266,0,465,,,,,,,,,,2.821709711967379,constrained,0.05,252,8436d7ad0fd649c4a89d55f2dc38dc42908d4aa42b47f646e69cdfe9a81c6905,13.992001948761084,,,,0,0.0,,,,,,0,,Smac2D,6712fdfa2c9a00209bd51defa10f301725fe71f566afc89f01b53faa3a37cbc9,281,6712fdfa2c9a00209bd51defa10f301725fe71f566afc89f01b53faa3a37cbc9,0,1,serpentine_east_west,True,10.249472276275437,2.821709711967379,13.992001948761084,1,0.01961551900012637
0.009000000000000001,10.545177670121237,0.019867135098953975,0.009075280907074459,,0.2928254404893864,0.17677669793081488,0.17677669793081488,0,873,,,,,,,,,,4.485371423236661,pivot_g2,0.05,856,0d960ea16284422628d085181148ac4845759d4b6f294896ee4f8301f50ca997,13.817016425130863,68,39,37,2,0.2718802304440575,200,1,856,2,0.00842162,0.4398315393263752,94,Smac2D,6712fdfa2c9a00209bd51defa10f301725fe71f566afc89f01b53faa3a37cbc9,278,6712fdfa2c9a00209bd51defa10f301725fe71f566afc89f01b53faa3a37cbc9,0,1,serpentine_east_west,True,8.988297386677834,3.082624200379251,13.817458769373062,3,0.02235791299972334
0.012,6.152274550364168,0.026439706192927827,0.00909241433538064,,0.413346298751688,0.1449222268733815,0.17079994476667312,0,491,8.9883,2,251,True,simple_default,simple,6.15227,253,True,2.0168096410091647,adaptive_hybrid,0.05,252,13cea486a4ce934edf4728a12f212a155a6ab1b8c86990b30c3dd6bfd3faa40f,13.733896179452513,,,,0,0.0,,,,,,0,,Smac2D,6712fdfa2c9a00209bd51defa10f301725fe71f566afc89f01b53faa3a37cbc9,276,6712fdfa2c9a00209bd51defa10f301725fe71f566afc89f01b53faa3a37cbc9,0,1,serpentine_east_west,True,6.152274550364168,2.0168096410091647,13.733896179452513,1,0.01720453100006125
0.0,0.0,6.938893903907228e-18,6.49886957847022e-19,,0.7315098892467253,0.7146446715897079,0.7146446715897079,0,225,,,,,,,,,,0.0,raw,0.05,113,db90996cc3e616e5f5ad7281fba6ad8d8a3dd28b57d328a222a4811cd7aa07f5,5.600000083446503,,,,0,0.0,,,,,,0,,Smac2D,db90996cc3e616e5f5ad7281fba6ad8d8a3dd28b57d328a222a4811cd7aa07f5,114,db90996cc3e616e5f5ad7281fba6ad8d8a3dd28b57d328a222a4811cd7aa07f5,0,1,left_vertical_aisle,True,0.0,0.0,5.600000083446503,1,0.004241275999902427
0.0,0.0,6.938893903907228e-18,6.49886957847022e-19,,0.7315098892467253,0.7146446715897079,0.7146446715897079,0,225,,,,,,,,,,0.0,simple,0.05,113,db90996cc3e616e5f5ad7281fba6ad8d8a3dd28b57d328a222a4811cd7aa07f5,5.600000083446503,,,,0,0.0,,,,,,0,,Smac2D,db90996cc3e616e5f5ad7281fba6ad8d8a3dd28b57d328a222a4811cd7aa07f5,114,db90996cc3e616e5f5ad7281fba6ad8d8a3dd28b57d328a222a4811cd7aa07f5,0,1,left_vertical_aisle,True,0.0,0.0,5.600000083446503,1,0.005711884999982431
0.0,0.0,6.938893903907228e-18,6.49886957847022e-19,,0.7279594407409972,0.7146446715897079,0.7146446715897079,0,215,,,,,,,,,,0.0,savitzky_golay,0.05,113,380d33108c89c85bc6089d70e4297054c7a6c776e8a9e7dbb2d703c5e4125eac,5.600000083446503,,,,0,0.0,,,,,,0,,Smac2D,db90996cc3e616e5f5ad7281fba6ad8d8a3dd28b57d328a222a4811cd7aa07f5,114,db90996cc3e616e5f5ad7281fba6ad8d8a3dd28b57d328a222a4811cd7aa07f5,0,1,left_vertical_aisle,True,0.0,0.0,5.600000083446503,1,0.005617248999897129
0.0,0.0,6.938893903907228e-18,6.49886957847022e-19,,0.7315098892467253,0.7146446715897079,0.7146446715897079,0,225,,,,,,,,,,0.0,constrained,0.05,113,db90996cc3e616e5f5ad7281fba6ad8d8a3dd28b57d328a222a4811cd7aa07f5,5.600000083446503,,,,0,0.0,,,,,,0,,Smac2D,db90996cc3e616e5f5ad7281fba6ad8d8a3dd28b57d328a222a4811cd7aa07f5,114,db90996cc3e616e5f5ad7281fba6ad8d8a3dd28b57d328a222a4811cd7aa07f5,0,1,left_vertical_aisle,True,0.0,0.0,5.600000083446503,1,0.005620898000415764
0.0,0.0,6.938893903907228e-18,6.49886957847022e-19,,0.7307357231007541,0.7146446715897079,0.7146446715897079,0,114,,,,,,,,,,0.0,pivot_g2,0.05,114,3b836bf8fa605b77839b7a3a33e4feab65c39866c235f99c39308e47d8d0944b,5.600000083446503,0,0,0,0,0.0,200,0,114,0,0.000105106,0,0,Smac2D,db90996cc3e616e5f5ad7281fba6ad8d8a3dd28b57d328a222a4811cd7aa07f5,114,db90996cc3e616e5f5ad7281fba6ad8d8a3dd28b57d328a222a4811cd7aa07f5,0,1,left_vertical_aisle,True,0.0,0.0,5.600000083446503,1,0.006614479000290885
0.0,0.0,6.938893903907228e-18,6.49886957847022e-19,,0.7315098892467253,0.7146446715897079,0.7146446715897079,0,225,0,0,0,True,simple_default,simple,0,0,True,0.0,adaptive_hybrid,0.05,113,db90996cc3e616e5f5ad7281fba6ad8d8a3dd28b57d328a222a4811cd7aa07f5,5.600000083446503,,,,0,0.0,,,,,,0,,Smac2D,db90996cc3e616e5f5ad7281fba6ad8d8a3dd28b57d328a222a4811cd7aa07f5,114,db90996cc3e616e5f5ad7281fba6ad8d8a3dd28b57d328a222a4811cd7aa07f5,0,1,left_vertical_aisle,True,0.0,0.0,5.600000083446503,1,0.005399909000061598
0.0,0.0,0.0,0.0,,0.5146446686094759,0.5146446686094757,0.5146446686094757,0,113,,,,,,,,,,0.0,raw,0.05,57,30810c071f87113d6d923e9088f1134525d568653836fd4fb0d589255081d5e5,2.8000000417232513,,,,0,0.0,,,,,,0,,Smac2D,30810c071f87113d6d923e9088f1134525d568653836fd4fb0d589255081d5e5,58,30810c071f87113d6d923e9088f1134525d568653836fd4fb0d589255081d5e5,0,1,inner_vertical_aisle,True,0.0,0.0,2.8000000417232513,1,0.002392083999893657
0.0,0.0,0.0,0.0,,0.5146446686094759,0.5146446686094757,0.5146446686094757,0,113,,,,,,,,,,0.0,simple,0.05,57,30810c071f87113d6d923e9088f1134525d568653836fd4fb0d589255081d5e5,2.8000000417232513,,,,0,0.0,,,,,,0,,Smac2D,30810c071f87113d6d923e9088f1134525d568653836fd4fb0d589255081d5e5,58,30810c071f87113d6d923e9088f1134525d568653836fd4fb0d589255081d5e5,0,1,inner_vertical_aisle,True,0.0,0.0,2.8000000417232513,1,0.00498886900004436
0.0,5.9164541560523485e-27,4.440892098500626e-16,2.3324885959482674e-16,,0.5146446686094759,0.5146446686094757,0.5146446686094757,0,103,,,,,,,,,,3.552710714187546e-13,savitzky_golay,0.05,57,9a9a2d743611ecbeca60c6ee7e504cac47229cd78224d1f3a0159f20201ba86d,2.8000000417232513,,,,0,0.0,,,,,,0,,Smac2D,30810c071f87113d6d923e9088f1134525d568653836fd4fb0d589255081d5e5,58,30810c071f87113d6d923e9088f1134525d568653836fd4fb0d589255081d5e5,0,1,inner_vertical_aisle,True,5.9164541560523485e-27,3.552710714187546e-13,2.8000000417232513,1,0.00514623799972469
0.0,0.0,0.0,0.0,,0.5146446686094759,0.5146446686094757,0.5146446686094757,0,113,,,,,,,,,,0.0,constrained,0.05,57,30810c071f87113d6d923e9088f1134525d568653836fd4fb0d589255081d5e5,2.8000000417232513,,,,0,0.0,,,,,,0,,Smac2D,30810c071f87113d6d923e9088f1134525d568653836fd4fb0d589255081d5e5,58,30810c071f87113d6d923e9088f1134525d568653836fd4fb0d589255081d5e5,0,1,inner_vertical_aisle,True,0.0,0.0,2.8000000417232513,1,0.0050963999997293286
0.0,0.0,0.0,0.0,,0.5146446686094757,0.5146446686094757,0.5146446686094757,0,58,,,,,,,,,,0.0,pivot_g2,0.05,58,bd28fe47bd8a31bb8898ca2f19088640dac29cabdc42acc117b509b8a1bc6d1b,2.8000000417232513,0,0,0,0,0.0,200,0,58,0,8.7786e-05,0,0,Smac2D,30810c071f87113d6d923e9088f1134525d568653836fd4fb0d589255081d5e5,58,30810c071f87113d6d923e9088f1134525d568653836fd4fb0d589255081d5e5,0,1,inner_vertical_aisle,True,0.0,0.0,2.8000000417232513,1,0.005219440000018949
0.0,0.0,0.0,0.0,,0.5146446686094759,0.5146446686094757,0.5146446686094757,0,113,0,0,0,True,simple_default,simple,0,0,True,0.0,adaptive_hybrid,0.05,57,30810c071f87113d6d923e9088f1134525d568653836fd4fb0d589255081d5e5,2.8000000417232513,,,,0,0.0,,,,,,0,,Smac2D,30810c071f87113d6d923e9088f1134525d568653836fd4fb0d589255081d5e5,58,30810c071f87113d6d923e9088f1134525d568653836fd4fb0d589255081d5e5,0,1,inner_vertical_aisle,True,0.0,0.0,2.8000000417232513,1,0.004897420999895985
0.0,3.6962974137274482,1.1102230246251565e-16,2.1005816025605283e-17,,0.48663682947967996,0.2474873771031409,0.26464466488418537,0,264,,,,,,,,,,2.359978546869493,raw,0.05,131,9d756a17eac26a79cfbeb6166341caea3ef8d69ce4f6049be2b0f966a4b4c556,6.927992875618455,,,,0,0.0,,,,,,0,,Smac2D,9d756a17eac26a79cfbeb6166341caea3ef8d69ce4f6049be2b0f966a4b4c556,140,9d756a17eac26a79cfbeb6166341caea3ef8d69ce4f6049be2b0f966a4b4c556,0,1,bottom_alternating_cross,True,3.6962974137274482,2.359978546869493,6.927992875618455,1,0.0041692919999150035
0.0,2.144744585024784,0.023424148246178486,0.007838354284746626,,0.48825055754827135,0.23390290478282266,0.25619225950049973,0,264,,,,,,,,,,1.6673053434810485,simple,0.05,131,0dceed57f23c39488c7615070cca3dda4fae9d323234926ff26e111216de4a5b,6.89390106196483,,,,0,0.0,,,,,,0,,Smac2D,9d756a17eac26a79cfbeb6166341caea3ef8d69ce4f6049be2b0f966a4b4c556,139,9d756a17eac26a79cfbeb6166341caea3ef8d69ce4f6049be2b0f966a4b4c556,0,1,bottom_alternating_cross,True,2.144744585024784,1.6673053434810485,6.89390106196483,1,0.007474149000245234
0.0,3.4534030940492886,0.0016402796675075544,0.000418845030522848,,0.47659072459592927,0.25619225950049973,0.26464466488418537,0,259,,,,,,,,,,2.2234674401005536,savitzky_golay,0.05,131,16a88d3a3cb19fe628ac26a538d62d9e4a5b1299418c14ced238ab140168bf4d,6.926731878229296,,,,0,0.0,,,,,,0,,Smac2D,9d756a17eac26a79cfbeb6166341caea3ef8d69ce4f6049be2b0f966a4b4c556,140,9d756a17eac26a79cfbeb6166341caea3ef8d69ce4f6049be2b0f966a4b4c556,0,1,bottom_alternating_cross,True,3.4534030940492886,2.2234674401005536,6.926731878229296,1,0.007066095000027417
0.009000000000000001,3.989549018950055,0.018926614352556714,0.005020363436417811,,0.492778584280683,0.2474873771031409,0.26464466488418537,0,237,,,,,,,,,,2.0735304076313135,constrained,0.05,131,87c30875a6343939ec85b52f45daf7c9ba08e090d5bdbc4357441f3af0b8b20a,6.930192150096986,,,,0,0.0,,,,,,0,,Smac2D,9d756a17eac26a79cfbeb6166341caea3ef8d69ce4f6049be2b0f966a4b4c556,140,9d756a17eac26a79cfbeb6166341caea3ef8d69ce4f6049be2b0f966a4b4c556,0,1,bottom_alternating_cross,True,3.989549018950055,2.0735304076313135,6.930192150096986,1,0.014221126999927947
0.003,5.179529953695341,0.01398656461996705,0.005654972825955524,,0.4786962731069325,0.2146446641391273,0.25619225950049973,0,380,,,,,,,,,,3.436232713341251,pivot_g2,0.05,372,1d3cc3bce99d64b6c5f6c04f393300d06d366da4ab8829a8b0f0fe2b63b1cd4c,6.922290521895501,37,17,15,2,0.2497006362834631,200,0.995771,372,2,0.00448158,0.45623232412701425,47,Smac2D,9d756a17eac26a79cfbeb6166341caea3ef8d69ce4f6049be2b0f966a4b4c556,140,9d756a17eac26a79cfbeb6166341caea3ef8d69ce4f6049be2b0f966a4b4c556,0,1,bottom_alternating_cross,True,3.678556433279909,2.415445698060091,6.922982214784095,3,0.014636777999839978
0.006,2.144744585024784,0.023424148246178486,0.007838354284746626,,0.48825055754827135,0.23390290478282266,0.25619225950049973,0,264,3.67856,2,177,True,simple_default,simple,2.14474,177,True,1.6673053434810485,adaptive_hybrid,0.05,131,0dceed57f23c39488c7615070cca3dda4fae9d323234926ff26e111216de4a5b,6.89390106196483,,,,0,0.0,,,,,,0,,Smac2D,9d756a17eac26a79cfbeb6166341caea3ef8d69ce4f6049be2b0f966a4b4c556,139,9d756a17eac26a79cfbeb6166341caea3ef8d69ce4f6049be2b0f966a4b4c556,0,1,bottom_alternating_cross,True,2.144744585024784,1.6673053434810485,6.89390106196483,1,0.008942328999637539
0.0,2.9097278682861063,4.440892098500626e-16,7.039521667074161e-17,,0.45603818775569727,0.2146446641391273,0.2146446641391273,0,264,,,,,,,,,,2.420662694307388,raw,0.05,131,2906ea8278718ad91048bc64b275455ed6d3388bddbd27690ccb6accb0acaf28,6.920102511160692,,,,0,0.0,,,,,,0,,Smac2D,2906ea8278718ad91048bc64b275455ed6d3388bddbd27690ccb6accb0acaf28,140,2906ea8278718ad91048bc64b275455ed6d3388bddbd27690ccb6accb0acaf28,0,1,top_alternating_cross,True,2.9097278682861063,2.420662694307388,6.920102511160692,1,0.0057654890001686
0.0,1.8608619913890627,0.02346535876796177,0.0073607924448065775,,0.4572820023286852,0.2146446641391273,0.2146446641391273,0,264,,,,,,,,,,1.5696445454537664,simple,0.05,131,f5f7db543b8934e934e4654127d600343a866a9211d5eed68dc07691807d6435,6.8906658505508505,,,,0,0.0,,,,,,0,,Smac2D,2906ea8278718ad91048bc64b275455ed6d3388bddbd27690ccb6accb0acaf28,139,2906ea8278718ad91048bc64b275455ed6d3388bddbd27690ccb6accb0acaf28,0,1,top_alternating_cross,True,1.8608619913890627,1.5696445454537664,6.8906658505508505,1,0.014764817000013863
0.0,2.768325579643273,0.0012862537908058416,0.00031752271416476464,,0.45430408895851043,0.2146446641391273,0.2146446641391273,0,261,,,,,,,,,,2.2436649516289484,savitzky_golay,0.05,131,6c877082d5d9ecc631dc29541047e2bd06e3741c4ceedf2ca68652876684cc5f,6.919295318424031,,,,0,0.0,,,,,,0,,Smac2D,2906ea8278718ad91048bc64b275455ed6d3388bddbd27690ccb6accb0acaf28,140,2906ea8278718ad91048bc64b275455ed6d3388bddbd27690ccb6accb0acaf28,0,1,top_alternating_cross,True,2.768325579643273,2.2436649516289484,6.919295318424031,1,0.00646560999985013
0.009000000000000001,3.3567986825491314,0.05142455959595757,0.015511937412363185,,0.48112284101090785,0.2146446641391273,0.23390290478282266,0,234,,,,,,,,,,1.915267308508514,constrained,0.05,131,7d671631803c5886a973d6f53c66ffe9fbd3e48350de670c07d8c50a54c52a7b,6.935252643824595,,,,0,0.0,,,,,,0,,Smac2D,2906ea8278718ad91048bc64b275455ed6d3388bddbd27690ccb6accb0acaf28,140,2906ea8278718ad91048bc64b275455ed6d3388bddbd27690ccb6accb0acaf28,0,1,top_alternating_cross,True,3.3567986825491314,1.915267308508514,6.935252643824595,1,0.012152823000178614
0.006,4.302712570963378,0.02961069061923527,0.011974622680355214,,0.46709546684756836,0.16464466339406925,0.18825146149581692,0,348,,,,,,,,,,4.8619007497064795,pivot_g2,0.05,342,4937f495a8a5855a3f9ee01520c9f9fba25652143005e5e75875ad3a5b39dc0a,6.914291687064333,34,14,13,1,0.24126196380857123,200,0.995163,342,1,0.00439003,0.24126196380857123,40,Smac2D,2906ea8278718ad91048bc64b275455ed6d3388bddbd27690ccb6accb0acaf28,140,2906ea8278718ad91048bc64b275455ed6d3388bddbd27690ccb6accb0acaf28,0,1,top_alternating_cross,True,3.1131277382262628,3.3100643615928314,6.914303480018182,2,0.011230428000089887
0.003,1.8608619913890627,0.02346535876796177,0.0073607924448065775,,0.4572820023286852,0.2146446641391273,0.2146446641391273,0,264,3.11313,1,228,True,simple_default,simple,1.86086,221,True,1.5696445454537664,adaptive_hybrid,0.05,131,f5f7db543b8934e934e4654127d600343a866a9211d5eed68dc07691807d6435,6.8906658505508505,,,,0,0.0,,,,,,0,,Smac2D,2906ea8278718ad91048bc64b275455ed6d3388bddbd27690ccb6accb0acaf28,139,2906ea8278718ad91048bc64b275455ed6d3388bddbd27690ccb6accb0acaf28,0,1,top_alternating_cross,True,1.8608619913890627,1.5696445454537664,6.8906658505508505,1,0.01021629299975757
0.006,8.247732284015731,4.440892098500626e-16,8.82681045133215e-17,,0.3594264613058574,0.2146446641391273,0.2146446641391273,0,535,,,,,,,,,,2.3776438094911527,raw,0.05,269,75ffa89198a68d098f52c9550329e83fd925a99b488ac5bb1381985171f3cddf,14.428028766839294,,,,0,0.0,,,,,,0,,Smac2D,75ffa89198a68d098f52c9550329e83fd925a99b488ac5bb1381985171f3cddf,290,75ffa89198a68d098f52c9550329e83fd925a99b488ac5bb1381985171f3cddf,0,1,southwest_northeast_weave,True,8.247732284015731,2.3776438094911527,14.428028766839294,1,0.011405527000079019
0.0,5.836577099186676,0.023256308086313154,0.008831774995868163,,0.3572226079651922,0.17079994476667312,0.2146446641391273,0,529,,,,,,,,,,1.7552499557277184,simple,0.05,269,edc2735b5700947cafc1f3bc45ce04d5f5e36ff2a80845ec7a96520d7b867649,14.34059068141173,,,,0,0.0,,,,,,0,,Smac2D,75ffa89198a68d098f52c9550329e83fd925a99b488ac5bb1381985171f3cddf,288,75ffa89198a68d098f52c9550329e83fd925a99b488ac5bb1381985171f3cddf,0,1,southwest_northeast_weave,True,5.836577099186676,1.7552499557277184,14.34059068141173,1,0.007309046000045782
0.0,7.83854946054793,0.0020140857076159343,0.00043051325826242353,,0.35896474050619265,0.2146446641391273,0.2146446641391273,0,536,,,,,,,,,,2.2179810059556058,savitzky_golay,0.05,269,fdaaea05817219267dad87c876c951c938490f989a2a9b289d3897a1f5bd7ecf,14.42577914196413,,,,0,0.0,,,,,,0,,Smac2D,75ffa89198a68d098f52c9550329e83fd925a99b488ac5bb1381985171f3cddf,290,75ffa89198a68d098f52c9550329e83fd925a99b488ac5bb1381985171f3cddf,0,1,southwest_northeast_weave,True,7.83854946054793,2.2179810059556058,14.42577914196413,1,0.00918094700000438
0.018000000000000002,8.423981128977399,0.05303808062914436,0.014697354510019292,,0.373173249819227,0.21959563989254183,0.23390290478282266,0,475,,,,,,,,,,2.4702745156498147,constrained,0.05,269,4dd6eab2907b7c55451cb585178c45f2f3ade9fe51033f9b31f288f15859d562,14.501582224252866,,,,0,0.0,,,,,,0,,Smac2D,75ffa89198a68d098f52c9550329e83fd925a99b488ac5bb1381985171f3cddf,292,75ffa89198a68d098f52c9550329e83fd925a99b488ac5bb1381985171f3cddf,0,1,southwest_northeast_weave,True,8.423981128977399,2.4702745156498147,14.501582224252866,1,0.025730402000135655
0.009000000000000001,12.366198138086913,0.019546362676208195,0.009600951091326889,,0.3338260134140755,0.2146446641391273,0.2146446641391273,0,883,,,,,,,,,,4.518318501303981,pivot_g2,0.05,865,0b5b8207a95c7c34b41c942919c9823cb1fe9d62f83ffaee36cec859e57b0298,14.416150339594102,76,40,37,3,0.2709808794913366,200,0.993243,865,3,0.00906368,0.7742267348137584,102,Smac2D,75ffa89198a68d098f52c9550329e83fd925a99b488ac5bb1381985171f3cddf,290,75ffa89198a68d098f52c9550329e83fd925a99b488ac5bb1381985171f3cddf,0,1,southwest_northeast_weave,True,9.085528487535512,3.3659718767866207,14.416939527781189,4,0.02431283900023118
0.012,12.366198138086913,0.019546362676208195,0.009600951091326889,,0.3338260134140755,0.2146446641391273,0.2146446641391273,0,883,9.08553,3,228,True,safety_gain_within_energy_budget,pivot_g2,5.83658,251,True,4.518318501303981,adaptive_hybrid,0.05,865,0b5b8207a95c7c34b41c942919c9823cb1fe9d62f83ffaee36cec859e57b0298,14.416150339594102,,,,3,0.2709808794913366,,,,,,0.7742267348137584,,Smac2D,75ffa89198a68d098f52c9550329e83fd925a99b488ac5bb1381985171f3cddf,290,75ffa89198a68d098f52c9550329e83fd925a99b488ac5bb1381985171f3cddf,0,1,southwest_northeast_weave,True,9.085528487535512,3.3659718767866207,14.416939527781189,4,0.026093733999914548
0.009000000000000001,7.233328253713584,4.440892098500626e-16,5.001987480144772e-17,,0.3915551733200205,0.17677669793081488,0.18825146149581692,0,542,,,,,,,,,,2.3932587213227547,raw,0.05,274,06cea1817092f78abf8ee57fe05be2c5e68b953a79973722dcd19529329b8f81,14.502828967706758,,,,0,0.0,,,,,,0,,Smac2D,06cea1817092f78abf8ee57fe05be2c5e68b953a79973722dcd19529329b8f81,292,06cea1817092f78abf8ee57fe05be2c5e68b953a79973722dcd19529329b8f81,0,1,northwest_southeast_weave,True,7.233328253713584,2.3932587213227547,14.502828967706758,1,0.017440336999698047
0.0,4.984870083303189,0.02313217045651744,0.008055061479064431,,0.3895599134110219,0.1449222268733815,0.17079994476667312,0,536,,,,,,,,,,1.7474059987895592,simple,0.05,274,a09b3d9235368d9ddc35440f92b6e78fcfbc224e92e14540cd39f8efed82c1d6,14.427922888124046,,,,0,0.0,,,,,,0,,Smac2D,06cea1817092f78abf8ee57fe05be2c5e68b953a79973722dcd19529329b8f81,290,06cea1817092f78abf8ee57fe05be2c5e68b953a79973722dcd19529329b8f81,0,1,northwest_southeast_weave,True,4.984870083303189,1.7474059987895592,14.427922888124046,1,0.009470345999943675
0.0,6.986348208559436,0.0013806605366043251,0.0003107579978520521,,0.388337918234111,0.17677669793081488,0.18825146149581692,0,538,,,,,,,,,,2.192555018347161,savitzky_golay,0.05,274,cb7ed58a82f7af6ea59925d3286364afdb5491ea55f07bf5f1f80aefab1eef84,14.501018616126299,,,,0,0.0,,,,,,0,,Smac2D,06cea1817092f78abf8ee57fe05be2c5e68b953a79973722dcd19529329b8f81,292,06cea1817092f78abf8ee57fe05be2c5e68b953a79973722dcd19529329b8f81,0,1,northwest_southeast_weave,True,6.986348208559436,2.192555018347161,14.501018616126299,1,0.00973718800014467
0.018000000000000002,9.307741510716292,0.05809601049326453,0.024767634391397647,,0.41555834733070357,0.2146446641391273,0.23390290478282266,0,478,,,,,,,,,,2.647859916957987,constrained,0.05,274,5c213c387c49c7c80e3167169ddd99e4d259b39a18278e9b90e9092704e3c9ff,14.66174892290331,,,,0,0.0,,,,,,0,,Smac2D,06cea1817092f78abf8ee57fe05be2c5e68b953a79973722dcd19529329b8f81,295,06cea1817092f78abf8ee57fe05be2c5e68b953a79973722dcd19529329b8f81,0,1,northwest_southeast_weave,True,9.307741510716292,2.647859916957987,14.66174892290331,1,0.027032790000248497
0.009000000000000001,9.627556923094055,0.019720157396722178,0.008669491836060817,,0.3004315384640739,0.17677669793081488,0.17677669793081488,0,802,,,,,,,,,,4.93552664361579,pivot_g2,0.05,791,24c852a87ced00fd1e6c89b0abdbcd67c13f70a95443bad0b6d5dd6d4a69868f,14.495651841198148,59,34,32,2,0.2691325895579907,200,0.995313,791,2,0.00723504,0.4663480087989543,79,Smac2D,06cea1817092f78abf8ee57fe05be2c5e68b953a79973722dcd19529329b8f81,291,06cea1817092f78abf8ee57fe05be2c5e68b953a79973722dcd19529329b8f81,0,1,northwest_southeast_weave,True,7.892346832321548,3.557786834400343,14.49629380308403,3,0.022376127999905293
0.009000000000000001,9.627556923094055,0.019720157396722178,0.008669491836060817,,0.3004315384640739,0.17677669793081488,0.17677669793081488,0,802,7.89235,2,228,True,safety_gain_within_energy_budget,pivot_g2,4.98487,251,True,4.93552664361579,adaptive_hybrid,0.05,791,24c852a87ced00fd1e6c89b0abdbcd67c13f70a95443bad0b6d5dd6d4a69868f,14.495651841198148,,,,2,0.2691325895579907,,,,,,0.4663480087989543,,Smac2D,06cea1817092f78abf8ee57fe05be2c5e68b953a79973722dcd19529329b8f81,291,06cea1817092f78abf8ee57fe05be2c5e68b953a79973722dcd19529329b8f81,0,1,northwest_southeast_weave,True,7.892346832321548,3.557786834400343,14.49629380308403,3,0.02581139699987034
0.030000000000000002,16.05788182457116,4.440892098500626e-16,8.508937759713867e-17,,0.4948993015618366,0.2146446641391273,0.23390290478282266,0,351,,,,,,,,,,4.3397876342887285,raw,0.05,159,0b7182b2cd7bda70b2940fd9c843d38ffe199c43e494f81b2a9b63f712646403,14.034846576078861,,,,0,0.0,,,,,,0,,SmacHybrid,0b7182b2cd7bda70b2940fd9c843d38ffe199c43e494f81b2a9b63f712646403,282,0b7182b2cd7bda70b2940fd9c843d38ffe199c43e494f81b2a9b63f712646403,0,1,serpentine_west_east,True,16.05788182457116,4.3397876342887285,14.034846576078861,1,0.03124210799978755
0.0,4.674168288748729,0.0717667130677579,0.018580732378861695,,0.4833973011817428,0.17677669793081488,0.2146446641391273,0,321,,,,,,,,,,2.842710730086605,simple,0.05,159,3921791e2a67e5320bc3e7a3a3118a00b3675948e4afce4f13ae1117cce191fa,13.850281261289863,,,,0,0.0,,,,,,0,,SmacHybrid,0b7182b2cd7bda70b2940fd9c843d38ffe199c43e494f81b2a9b63f712646403,279,0b7182b2cd7bda70b2940fd9c843d38ffe199c43e494f81b2a9b63f712646403,0,1,serpentine_west_east,True,4.674168288748729,2.842710730086605,13.850281261289863,1,0.011498156000016024
0.0,10.2915143021911,0.015106052618914602,0.003215574157510479,,0.49202319388464044,0.2146446641391273,0.23390290478282266,0,326,,,,,,,,,,4.686075354831345,savitzky_golay,0.05,159,1781911a20887e8a9066ac12caf533c2604fdcedf566133316c9543e8be3e6a1,14.005586960735904,,,,0,0.0,,,,,,0,,SmacHybrid,0b7182b2cd7bda70b2940fd9c843d38ffe199c43e494f81b2a9b63f712646403,282,0b7182b2cd7bda70b2940fd9c843d38ffe199c43e494f81b2a9b63f712646403,0,1,serpentine_west_east,True,10.2915143021911,4.686075354831345,14.005586960735904,1,0.007723592999809625
0.012,9.87552164146204,0.03146711995298184,0.00977686482389733,,0.49631785537731826,0.2146446641391273,0.2366197992468863,0,325,,,,,,,,,,4.017596239178229,constrained,0.05,159,dbb318f87b4c3a7e0deeab9ea9bd48e75c0d64a3fb6b43b1cbeb7aecac2d0bc2,14.044647234768705,,,,0,0.0,,,,,,0,,SmacHybrid,0b7182b2cd7bda70b2940fd9c843d38ffe199c43e494f81b2a9b63f712646403,282,0b7182b2cd7bda70b2940fd9c843d38ffe199c43e494f81b2a9b63f712646403,0,1,serpentine_west_east,True,9.87552164146204,4.017596239178229,14.044647234768705,1,0.014833552000254713
0.012,12.51415776715852,0.018452816037769857,0.00633685422116682,,0.5002916656141658,0.2146446641391273,0.21959563989254183,0,940,,,,,,,,,,3.2725421445752487,pivot_g2,0.05,939,a89c32212e960f1fd397683a897fba012e94b8fe4c15b2630ecf4d5f253c5eb3,14.029285657680614,153,44,44,0,0.0,200,0.973449,939,0,0.0124341,0,189,SmacHybrid,0b7182b2cd7bda70b2940fd9c843d38ffe199c43e494f81b2a9b63f712646403,282,0b7182b2cd7bda70b2940fd9c843d38ffe199c43e494f81b2a9b63f712646403,0,1,serpentine_west_east,True,12.51415776715852,3.2725421445752487,14.029285657680614,1,0.03286146300024484
0.012,4.674168288748729,0.0717667130677579,0.018580732378861695,,0.4833973011817428,0.17677669793081488,0.2146446641391273,0,321,12.5142,0,177,True,simple_default,simple,4.67417,221,True,2.842710730086605,adaptive_hybrid,0.05,159,3921791e2a67e5320bc3e7a3a3118a00b3675948e4afce4f13ae1117cce191fa,13.850281261289863,,,,0,0.0,,,,,,0,,SmacHybrid,0b7182b2cd7bda70b2940fd9c843d38ffe199c43e494f81b2a9b63f712646403,279,0b7182b2cd7bda70b2940fd9c843d38ffe199c43e494f81b2a9b63f712646403,0,1,serpentine_west_east,True,4.674168288748729,2.842710730086605,13.850281261289863,1,0.01736119499992128
0.006,14.967600612947718,2.220446049250313e-16,4.818812060484988e-17,,0.5337739903816403,0.23390290478282266,0.25619225950049973,0,345,,,,,,,,,,4.372566044228347,raw,0.05,159,99ee5231209ec3ca3ff37ba53e1699cef17b2a8e48f918fb5597416236f14498,14.058097357468649,,,,0,0.0,,,,,,0,,SmacHybrid,99ee5231209ec3ca3ff37ba53e1699cef17b2a8e48f918fb5597416236f14498,283,99ee5231209ec3ca3ff37ba53e1699cef17b2a8e48f918fb5597416236f14498,0,1,serpentine_east_west,True,14.967600612947718,4.372566044228347,14.058097357468649,1,0.03340820999983407
0.0,4.1507843403396585,0.05213931273347118,0.01776568468452896,,0.5156011941167866,0.18825146149581692,0.2146446641391273,0,321,,,,,,,,,,2.2609748947081316,simple,0.05,159,45de8cd7fc4cee816124203181b6f66b8fb8adba5627beb7a1cd6816667bb785,13.892812665577587,,,,0,0.0,,,,,,0,,SmacHybrid,99ee5231209ec3ca3ff37ba53e1699cef17b2a8e48f918fb5597416236f14498,279,99ee5231209ec3ca3ff37ba53e1699cef17b2a8e48f918fb5597416236f14498,0,1,serpentine_east_west,True,4.1507843403396585,2.2609748947081316,13.892812665577587,1,0.0068001230001755175
0.0,9.222529246628138,0.01503750779111219,0.002982131701232483,,0.5324098455055515,0.2146446641391273,0.25619225950049973,0,322,,,,,,,,,,4.028482225401378,savitzky_golay,0.05,159,69a377cce7cac23c4d2745881e71f2caa5411e9bad4be8d82f7cc3ea7b851e41,14.03190982473003,,,,0,0.0,,,,,,0,,SmacHybrid,99ee5231209ec3ca3ff37ba53e1699cef17b2a8e48f918fb5597416236f14498,282,99ee5231209ec3ca3ff37ba53e1699cef17b2a8e48f918fb5597416236f14498,0,1,serpentine_east_west,True,9.222529246628138,4.028482225401378,14.03190982473003,1,0.007104809000338719
0.012,9.132990846089077,0.036951433934522104,0.011157938189500801,,0.5341224229654281,0.23390290478282266,0.25619225950049973,0,324,,,,,,,,,,4.099262499531385,constrained,0.05,159,9b706a4793973f528938dd6f64b8c87fff8c304aedfadecf8b67039f761afe32,14.071315642232474,,,,0,0.0,,,,,,0,,SmacHybrid,99ee5231209ec3ca3ff37ba53e1699cef17b2a8e48f918fb5597416236f14498,283,99ee5231209ec3ca3ff37ba53e1699cef17b2a8e48f918fb5597416236f14498,0,1,serpentine_east_west,True,9.132990846089077,4.099262499531385,14.071315642232474,1,0.014937392999854637
0.012,12.961108865095026,0.013802917774359772,0.002841882324887269,,0.5714698486084346,0.2146446641391273,0.23390290478282266,0,891,,,,,,,,,,5.117121879496201,pivot_g2,0.05,887,93555b850e0e15315fe6ff23fa2081cb30c07c457b412ea4bc71354410067bee,14.053754933616677,116,41,40,1,0.2860425857945952,200,0.97,887,1,0.011861,0.2860425857945952,151,SmacHybrid,99ee5231209ec3ca3ff37ba53e1699cef17b2a8e48f918fb5597416236f14498,283,99ee5231209ec3ca3ff37ba53e1699cef17b2a8e48f918fb5597416236f14498,0,1,serpentine_east_west,True,11.632858351413322,3.2725509280932483,14.053945224906407,2,0.02957672000002276
0.012,4.1507843403396585,0.05213931273347118,0.01776568468452896,,0.5156011941167866,0.18825146149581692,0.2146446641391273,0,321,11.6329,1,177,True,simple_default,simple,4.15078,221,True,2.2609748947081316,adaptive_hybrid,0.05,159,45de8cd7fc4cee816124203181b6f66b8fb8adba5627beb7a1cd6816667bb785,13.892812665577587,,,,0,0.0,,,,,,0,,SmacHybrid,99ee5231209ec3ca3ff37ba53e1699cef17b2a8e48f918fb5597416236f14498,279,99ee5231209ec3ca3ff37ba53e1699cef17b2a8e48f918fb5597416236f14498,0,1,serpentine_east_west,True,4.1507843403396585,2.2609748947081316,13.892812665577587,1,0.017292995000389055
0.003,0.2165567310231467,0.0,0.0,,0.7289041702943598,0.6646446708446498,0.7146446715897079,0,133,,,,,,,,,,1.3350790837781805,raw,0.05,67,a1f95294d60600f1b74a43da3aa3c04d53abeed5bc1e89cf4bd34d297ed3bca8,5.600894553163714,,,,0,0.0,,,,,,0,,SmacHybrid,a1f95294d60600f1b74a43da3aa3c04d53abeed5bc1e89cf4bd34d297ed3bca8,114,a1f95294d60600f1b74a43da3aa3c04d53abeed5bc1e89cf4bd34d297ed3bca8,0,1,left_vertical_aisle,True,0.2165567310231467,1.3350790837781805,5.600894553163714,1,0.002770320999843534
0.0,0.0059805274785523456,0.005666288114011486,0.0013289791677402734,,0.7300319898600378,0.7146446715897079,0.7146446715897079,0,133,,,,,,,,,,0.16398321987736558,simple,0.05,67,1328b0d2f6353a376d6c17628f7dfdec7c877c9566cfc9e7bfb7d13154c9aa59,5.600232277968165,,,,0,0.0,,,,,,0,,SmacHybrid,a1f95294d60600f1b74a43da3aa3c04d53abeed5bc1e89cf4bd34d297ed3bca8,114,a1f95294d60600f1b74a43da3aa3c04d53abeed5bc1e89cf4bd34d297ed3bca8,0,1,left_vertical_aisle,True,0.0059805274785523456,0.16398321987736558,5.600232277968165,1,0.005187986000237288
0.0,0.0361654889372668,0.0032100162349406602,0.0005997592192514662,,0.731749243875665,0.7146446715897079,0.7146446715897079,0,134,,,,,,,,,,0.498990755956279,savitzky_golay,0.05,67,9e5008b784364a23049adb342b76572f40fd450320f1b526cf9869deaeea2d25,5.6005157733071425,,,,0,0.0,,,,,,0,,SmacHybrid,a1f95294d60600f1b74a43da3aa3c04d53abeed5bc1e89cf4bd34d297ed3bca8,114,a1f95294d60600f1b74a43da3aa3c04d53abeed5bc1e89cf4bd34d297ed3bca8,0,1,left_vertical_aisle,True,0.0361654889372668,0.498990755956279,5.6005157733071425,1,0.005791277000298578
0.003,0.1276384231383948,0.001384581832996723,0.0002966606699474595,,0.7296560500048118,0.6646446708446498,0.7146446715897079,0,133,,,,,,,,,,0.9061130671985854,constrained,0.05,67,f2c719097190d0db0807d883c186e0c1ba7b3e0a66f0170e6253e1379820967c,5.600860241159827,,,,0,0.0,,,,,,0,,SmacHybrid,a1f95294d60600f1b74a43da3aa3c04d53abeed5bc1e89cf4bd34d297ed3bca8,114,a1f95294d60600f1b74a43da3aa3c04d53abeed5bc1e89cf4bd34d297ed3bca8,0,1,left_vertical_aisle,True,0.1276384231383948,0.9061130671985854,5.600860241159827,1,0.006692814999951224
0.003,0.27941498492351663,0.007747721410939157,0.003866719594594503,,0.7232167539738646,0.6646446708446498,0.6646446708446498,0,144,,,,,,,,,,1.6692368028879105,pivot_g2,0.05,144,cd548ac3b02750651f941b77d3abafefe6437449defc844e21bc64bfdf8f3501,5.600436638907831,3,2,2,0,0.0,200,1,144,0,0.00062301,0,5,SmacHybrid,a1f95294d60600f1b74a43da3aa3c04d53abeed5bc1e89cf4bd34d297ed3bca8,114,a1f95294d60600f1b74a43da3aa3c04d53abeed5bc1e89cf4bd34d297ed3bca8,0,1,left_vertical_aisle,True,0.27941498492351663,1.6692368028879105,5.600436638907831,1,0.0073697299999366805
0.0,0.0059805274785523456,0.005666288114011486,0.0013289791677402734,,0.7300319898600378,0.7146446715897079,0.7146446715897079,0,133,0.279415,0,0,True,simple_default,simple,0.00598053,0,True,0.16398321987736558,adaptive_hybrid,0.05,67,1328b0d2f6353a376d6c17628f7dfdec7c877c9566cfc9e7bfb7d13154c9aa59,5.600232277968165,,,,0,0.0,,,,,,0,,SmacHybrid,a1f95294d60600f1b74a43da3aa3c04d53abeed5bc1e89cf4bd34d297ed3bca8,114,a1f95294d60600f1b74a43da3aa3c04d53abeed5bc1e89cf4bd34d297ed3bca8,0,1,left_vertical_aisle,True,0.0059805274785523456,0.16398321987736558,5.600232277968165,1,0.006303731000116386
0.003,0.0,1.3877787807814457e-17,1.8783248984095477e-18,,0.5146446686094759,0.5146446686094757,0.5146446686094757,0,69,,,,,,,,,,0.0,raw,0.05,35,5ced72121a5d62acf92e7e76647f64deb2dab0d6c4be536ab8cc8e19a16c9d55,2.8000000417232513,,,,0,0.0,,,,,,0,,SmacHybrid,5ced72121a5d62acf92e7e76647f64deb2dab0d6c4be536ab8cc8e19a16c9d55,58,5ced72121a5d62acf92e7e76647f64deb2dab0d6c4be536ab8cc8e19a16c9d55,0,1,inner_vertical_aisle,True,0.0,0.0,2.8000000417232513,1,0.002150196999991749
0.003,0.0,1.3877787807814457e-17,1.8783248984095477e-18,,0.5146446686094759,0.5146446686094757,0.5146446686094757,0,69,,,,,,,,,,0.0,simple,0.05,35,fa2bde28ce6e9197a09f5727f129e70cc8ab00daff9943ce5b898a3a96350141,2.8000000417232513,,,,0,0.0,,,,,,0,,SmacHybrid,5ced72121a5d62acf92e7e76647f64deb2dab0d6c4be536ab8cc8e19a16c9d55,58,5ced72121a5d62acf92e7e76647f64deb2dab0d6c4be536ab8cc8e19a16c9d55,0,1,inner_vertical_aisle,True,0.0,0.0,2.8000000417232513,1,0.0035809220003102382
0.0,5.916454156052371e-27,4.440892098500626e-16,2.386651176642438e-16,,0.5146446686094759,0.5146446686094757,0.5146446686094757,0,70,,,,,,,,,,3.552710714187546e-13,savitzky_golay,0.05,35,701a87bf38bf58db7a75793797182023ac6c727a4da9f07a2670f17eadc9c977,2.8000000417232513,,,,0,0.0,,,,,,0,,SmacHybrid,5ced72121a5d62acf92e7e76647f64deb2dab0d6c4be536ab8cc8e19a16c9d55,58,5ced72121a5d62acf92e7e76647f64deb2dab0d6c4be536ab8cc8e19a16c9d55,0,1,inner_vertical_aisle,True,5.916454156052371e-27,3.552710714187546e-13,2.8000000417232513,1,0.003261776999806898
0.0,0.0,1.3877787807814457e-17,1.8783248984095477e-18,,0.5146446686094759,0.5146446686094757,0.5146446686094757,0,69,,,,,,,,,,0.0,constrained,0.05,35,5ced72121a5d62acf92e7e76647f64deb2dab0d6c4be536ab8cc8e19a16c9d55,2.8000000417232513,,,,0,0.0,,,,,,0,,SmacHybrid,5ced72121a5d62acf92e7e76647f64deb2dab0d6c4be536ab8cc8e19a16c9d55,58,5ced72121a5d62acf92e7e76647f64deb2dab0d6c4be536ab8cc8e19a16c9d55,0,1,inner_vertical_aisle,True,0.0,0.0,2.8000000417232513,1,0.004289981000056287
0.0,0.0,1.3877787807814457e-17,1.8783248984095477e-18,,0.5146446686094757,0.5146446686094757,0.5146446686094757,0,58,,,,,,,,,,0.0,pivot_g2,0.05,58,bd28fe47bd8a31bb8898ca2f19088640dac29cabdc42acc117b509b8a1bc6d1b,2.8000000417232513,0,0,0,0,0.0,200,0,58,0,8.0606e-05,0,0,SmacHybrid,5ced72121a5d62acf92e7e76647f64deb2dab0d6c4be536ab8cc8e19a16c9d55,58,5ced72121a5d62acf92e7e76647f64deb2dab0d6c4be536ab8cc8e19a16c9d55,0,1,inner_vertical_aisle,True,0.0,0.0,2.8000000417232513,1,0.004800230000000738
0.0,0.0,1.3877787807814457e-17,1.8783248984095477e-18,,0.5146446686094759,0.5146446686094757,0.5146446686094757,0,69,0,0,0,True,simple_default,simple,0,0,True,0.0,adaptive_hybrid,0.05,35,fa2bde28ce6e9197a09f5727f129e70cc8ab00daff9943ce5b898a3a96350141,2.8000000417232513,,,,0,0.0,,,,,,0,,SmacHybrid,5ced72121a5d62acf92e7e76647f64deb2dab0d6c4be536ab8cc8e19a16c9d55,58,5ced72121a5d62acf92e7e76647f64deb2dab0d6c4be536ab8cc8e19a16c9d55,0,1,inner_vertical_aisle,True,0.0,0.0,2.8000000417232513,1,0.004831678999835276
0.006,6.523507901167997,4.440892098500626e-16,6.993095124135952e-17,,0.5428113111497948,0.16464466339406925,0.2146446641391273,0,173,,,,,,,,,,5.156779562902902,raw,0.05,80,0b891b17f90f17e8b0d348fb8203450ab5bb394e188f332391d39264b5c75c4f,6.885669219520031,,,,0,0.0,,,,,,0,,SmacHybrid,0b891b17f90f17e8b0d348fb8203450ab5bb394e188f332391d39264b5c75c4f,139,0b891b17f90f17e8b0d348fb8203450ab5bb394e188f332391d39264b5c75c4f,0,1,bottom_alternating_cross,True,6.523507901167997,5.156779562902902,6.885669219520031,1,0.005653613000049518
0.0,1.199791316414385,0.04242596634336606,0.01533077974444465,,0.5448044191804341,0.2146446641391273,0.2146446641391273,0,159,,,,,,,,,,1.5642256199380975,simple,0.05,80,6d77a3eb6677833118afff5ada6e779e9fea3adecb6a71d2e9739ee77d6dd7d2,6.829261234082521,,,,0,0.0,,,,,,0,,SmacHybrid,0b891b17f90f17e8b0d348fb8203450ab5bb394e188f332391d39264b5c75c4f,138,0b891b17f90f17e8b0d348fb8203450ab5bb394e188f332391d39264b5c75c4f,0,1,bottom_alternating_cross,True,1.199791316414385,1.5642256199380975,6.829261234082521,1,0.004690605000178039
0.0,2.8961903882467452,0.010620616349122057,0.002869682152192769,,0.5458326547159766,0.16464466339406925,0.2146446641391273,0,160,,,,,,,,,,2.767901339980866,savitzky_golay,0.05,80,227e7fab040b79881556ddfa63cb66415b675365716c344db30f1f8f3f18a9bb,6.874946866806264,,,,0,0.0,,,,,,0,,SmacHybrid,0b891b17f90f17e8b0d348fb8203450ab5bb394e188f332391d39264b5c75c4f,139,0b891b17f90f17e8b0d348fb8203450ab5bb394e188f332391d39264b5c75c4f,0,1,bottom_alternating_cross,True,2.8961903882467452,2.767901339980866,6.874946866806264,1,0.005803586999718391
0.006,3.2302072521161507,0.02441001588139664,0.008368448646787895,,0.5470956757775716,0.2146446641391273,0.2146446641391273,0,159,,,,,,,,,,2.199545776986653,constrained,0.05,80,0f36c0442218c5ef12c3485f80bbd7c146aa8a7b92d2bf5e06c72532055d498b,6.8811155835934015,,,,0,0.0,,,,,,0,,SmacHybrid,0b891b17f90f17e8b0d348fb8203450ab5bb394e188f332391d39264b5c75c4f,139,0b891b17f90f17e8b0d348fb8203450ab5bb394e188f332391d39264b5c75c4f,0,1,bottom_alternating_cross,True,3.2302072521161507,2.199545776986653,6.8811155835934015,1,0.009577083999829483
0.006,4.375727389945742,0.016456826910271664,0.005380281748162992,,0.5021685266373671,0.16464466339406925,0.2146446641391273,0,424,,,,,,,,,,3.37806579550521,pivot_g2,0.05,423,a70df65df0950ae801ce1f74b393c38f902d0708e467971821ec359b49b17319,6.882229822865863,64,19,19,0,0.0,200,0.981579,423,0,0.0055106,0,81,SmacHybrid,0b891b17f90f17e8b0d348fb8203450ab5bb394e188f332391d39264b5c75c4f,139,0b891b17f90f17e8b0d348fb8203450ab5bb394e188f332391d39264b5c75c4f,0,1,bottom_alternating_cross,True,4.375727389945742,3.37806579550521,6.882229822865863,1,0.013481866000347509
0.006,1.199791316414385,0.04242596634336606,0.01533077974444465,,0.5448044191804341,0.2146446641391273,0.2146446641391273,0,159,4.37573,0,228,True,simple_default,simple,1.19979,177,True,1.5642256199380975,adaptive_hybrid,0.05,80,6d77a3eb6677833118afff5ada6e779e9fea3adecb6a71d2e9739ee77d6dd7d2,6.829261234082521,,,,0,0.0,,,,,,0,,SmacHybrid,0b891b17f90f17e8b0d348fb8203450ab5bb394e188f332391d39264b5c75c4f,138,0b891b17f90f17e8b0d348fb8203450ab5bb394e188f332391d39264b5c75c4f,0,1,bottom_alternating_cross,True,1.199791316414385,1.5642256199380975,6.829261234082521,1,0.009637168999688583
0.006,6.44026711336554,4.440892098500626e-16,8.311683162750364e-17,,0.540715289223966,0.18825146149581692,0.2146446641391273,0,175,,,,,,,,,,3.412029053517316,raw,0.05,81,c2ffb1dee63f14e0480506dd4a72e4f05426d940edc960f7cfb94167caee155d,6.876282510395991,,,,0,0.0,,,,,,0,,SmacHybrid,c2ffb1dee63f14e0480506dd4a72e4f05426d940edc960f7cfb94167caee155d,139,c2ffb1dee63f14e0480506dd4a72e4f05426d940edc960f7cfb94167caee155d,0,1,top_alternating_cross,True,6.44026711336554,3.412029053517316,6.876282510395991,1,0.007903065999926184
0.0,1.402252927484011,0.03684024624598252,0.016232678694189633,,0.5553565925456456,0.17079994476667312,0.18825146149581692,0,163,,,,,,,,,,1.4949088234816967,simple,0.05,81,48f02abfc418ef795450966fd039d1a2eb6b20b2bc27b95ed989f8c5f97e07ff,6.81300051381638,,,,0,0.0,,,,,,0,,SmacHybrid,c2ffb1dee63f14e0480506dd4a72e4f05426d940edc960f7cfb94167caee155d,138,c2ffb1dee63f14e0480506dd4a72e4f05426d940edc960f7cfb94167caee155d,0,1,top_alternating_cross,True,1.402252927484011,1.4949088234816967,6.81300051381638,1,0.0043969039998046355
0.0,3.4092827110052246,0.008395432269815102,0.0024998036556624606,,0.5542299709941017,0.2146446641391273,0.2146446641391273,0,163,,,,,,,,,,2.373414807017734,savitzky_golay,0.05,81,0ab987d706326f6105ea53eab8b2d81937a7e783770e5f683d406c104723581d,6.866477017224422,,,,0,0.0,,,,,,0,,SmacHybrid,c2ffb1dee63f14e0480506dd4a72e4f05426d940edc960f7cfb94167caee155d,139,c2ffb1dee63f14e0480506dd4a72e4f05426d940edc960f7cfb94167caee155d,0,1,top_alternating_cross,True,3.4092827110052246,2.373414807017734,6.866477017224422,1,0.0060851160001220705
0.006,4.385410118576682,0.00781545249504386,0.0025690879295373883,,0.554539971227153,0.2146446641391273,0.2146446641391273,0,162,,,,,,,,,,2.4713409795450683,constrained,0.05,81,aa605287eec51deaa67e13ade5c288993d36981a3c1414df0edb7fb2f8ba4456,6.877401840238948,,,,0,0.0,,,,,,0,,SmacHybrid,c2ffb1dee63f14e0480506dd4a72e4f05426d940edc960f7cfb94167caee155d,139,c2ffb1dee63f14e0480506dd4a72e4f05426d940edc960f7cfb94167caee155d,0,1,top_alternating_cross,True,4.385410118576682,2.4713409795450683,6.877401840238948,1,0.007880400999965786
0.003,6.186678349593109,0.00585663279815912,0.001426313292748224,,0.4745172275589815,0.18825146149581692,0.2146446641391273,0,488,,,,,,,,,,4.036048861532052,pivot_g2,0.05,487,603ee1a8eb423f9db69412fb037207c17cfee6df982f490e8af5fe129e4a833a,6.8737521823746075,69,23,23,0,0.0,200,0.982238,487,0,0.00538567,0,87,SmacHybrid,c2ffb1dee63f14e0480506dd4a72e4f05426d940edc960f7cfb94167caee155d,139,c2ffb1dee63f14e0480506dd4a72e4f05426d940edc960f7cfb94167caee155d,0,1,top_alternating_cross,True,6.186678349593109,4.036048861532052,6.8737521823746075,1,0.01349912800014863
0.006,1.402252927484011,0.03684024624598252,0.016232678694189633,,0.5553565925456456,0.17079994476667312,0.18825146149581692,0,163,6.18668,0,228,True,simple_default,simple,1.40225,228,True,1.4949088234816967,adaptive_hybrid,0.05,81,48f02abfc418ef795450966fd039d1a2eb6b20b2bc27b95ed989f8c5f97e07ff,6.81300051381638,,,,0,0.0,,,,,,0,,SmacHybrid,c2ffb1dee63f14e0480506dd4a72e4f05426d940edc960f7cfb94167caee155d,138,c2ffb1dee63f14e0480506dd4a72e4f05426d940edc960f7cfb94167caee155d,0,1,top_alternating_cross,True,1.402252927484011,1.4949088234816967,6.81300051381638,1,0.008877789000052871
0.006,14.125430227898596,4.440892098500626e-16,6.33766839652289e-17,,0.4657077264576438,0.2146446641391273,0.2146446641391273,0,357,,,,,,,,,,4.954965176602988,raw,0.05,161,16f03de304ad8577e2b6739272c26e81f80634c5e62f1ba6c9a568b03c52b1f6,14.268583749865487,,,,0,0.0,,,,,,0,,SmacHybrid,16f03de304ad8577e2b6739272c26e81f80634c5e62f1ba6c9a568b03c52b1f6,287,16f03de304ad8577e2b6739272c26e81f80634c5e62f1ba6c9a568b03c52b1f6,0,1,southwest_northeast_weave,True,14.125430227898596,4.954965176602988,14.268583749865487,1,0.008783223000136786
0.0,3.0205103581909656,0.047376472411794414,0.016660611828950813,,0.4671365643678586,0.18825146149581692,0.2146446641391273,0,324,,,,,,,,,,1.8225066617428893,simple,0.05,161,fff9d03d4c3d82ad48704d275a7e91cf83df1de35c85fe0fd7d95c60e2564f22,14.13391904907004,,,,0,0.0,,,,,,0,,SmacHybrid,16f03de304ad8577e2b6739272c26e81f80634c5e62f1ba6c9a568b03c52b1f6,284,16f03de304ad8577e2b6739272c26e81f80634c5e62f1ba6c9a568b03c52b1f6,0,1,southwest_northeast_weave,True,3.0205103581909656,1.8225066617428893,14.13391904907004,1,0.00716685299994424
0.0,6.126136395341632,0.01016723694326953,0.0031934470185552076,,0.47531252587814654,0.2146446641391273,0.2146446641391273,0,323,,,,,,,,,,2.36735851433054,savitzky_golay,0.05,161,30c77b1a52fff0d029776322cdb01b0088f19e00cdbab9e62c56e612f698e6c7,14.243999241460852,,,,0,0.0,,,,,,0,,SmacHybrid,16f03de304ad8577e2b6739272c26e81f80634c5e62f1ba6c9a568b03c52b1f6,286,16f03de304ad8577e2b6739272c26e81f80634c5e62f1ba6c9a568b03c52b1f6,0,1,southwest_northeast_weave,True,6.126136395341632,2.36735851433054,14.243999241460852,1,0.006700104999708856
0.012,7.399245583171272,0.019361669740610488,0.005261080517419326,,0.4763098537090526,0.2146446641391273,0.23390290478282266,0,322,,,,,,,,,,3.5032002827248645,constrained,0.05,161,40a4a0ab2e26454d9240f1df58dc2eadba840f579089c65da51c7bca2ebdc725,14.268746604518336,,,,0,0.0,,,,,,0,,SmacHybrid,16f03de304ad8577e2b6739272c26e81f80634c5e62f1ba6c9a568b03c52b1f6,287,16f03de304ad8577e2b6739272c26e81f80634c5e62f1ba6c9a568b03c52b1f6,0,1,southwest_northeast_weave,True,7.399245583171272,3.5032002827248645,14.268746604518336,1,0.015789853000114817
0.009000000000000001,10.968220511141574,0.027215205902687778,0.008011045897479536,,0.4265732039645818,0.2146446641391273,0.23390290478282266,0,836,,,,,,,,,,3.3590767291663806,pivot_g2,0.05,835,8a9a4ee0a5f0ebf1a80e14544db1335aaa4c36a788429a44dd625394eb8a0285,14.26013607644597,120,37,37,0,0.0,200,0.956757,835,0,0.0088016,0,148,SmacHybrid,16f03de304ad8577e2b6739272c26e81f80634c5e62f1ba6c9a568b03c52b1f6,287,16f03de304ad8577e2b6739272c26e81f80634c5e62f1ba6c9a568b03c52b1f6,0,1,southwest_northeast_weave,True,10.968220511141574,3.3590767291663806,14.26013607644597,1,0.02290022700026384
0.0,3.0205103581909656,0.047376472411794414,0.016660611828950813,,0.4671365643678586,0.18825146149581692,0.2146446641391273,0,324,10.9682,0,177,True,simple_default,simple,3.02051,214,True,1.8225066617428893,adaptive_hybrid,0.05,161,fff9d03d4c3d82ad48704d275a7e91cf83df1de35c85fe0fd7d95c60e2564f22,14.13391904907004,,,,0,0.0,,,,,,0,,SmacHybrid,16f03de304ad8577e2b6739272c26e81f80634c5e62f1ba6c9a568b03c52b1f6,284,16f03de304ad8577e2b6739272c26e81f80634c5e62f1ba6c9a568b03c52b1f6,0,1,southwest_northeast_weave,True,3.0205103581909656,1.8225066617428893,14.13391904907004,1,0.018053636999866285
0.012,10.318477523074568,4.440892098500626e-16,4.95322310268836e-17,,0.4287479970071693,0.2146446641391273,0.26464466488418537,0,343,,,,,,,,,,3.5321043835655983,raw,0.05,165,54d74411bb950a4b16438c61ec9c3da884bddb303065dbf7fea63dd93376072c,14.628814295886388,,,,0,0.0,,,,,,0,,SmacHybrid,54d74411bb950a4b16438c61ec9c3da884bddb303065dbf7fea63dd93376072c,294,54d74411bb950a4b16438c61ec9c3da884bddb303065dbf7fea63dd93376072c,0,1,northwest_southeast_weave,True,10.318477523074568,3.5321043835655983,14.628814295886388,1,0.015635656000085874
0.0,2.508160916792464,0.04497618130746742,0.013681606640731958,,0.42617552439129497,0.21959563989254183,0.2474873771031409,0,333,,,,,,,,,,1.9834566695495575,simple,0.05,165,7b941e14a8b53c607d6217ecc5d4947d3a21119343afd72099ac4b436ca540e5,14.525935991146426,,,,0,0.0,,,,,,0,,SmacHybrid,54d74411bb950a4b16438c61ec9c3da884bddb303065dbf7fea63dd93376072c,292,54d74411bb950a4b16438c61ec9c3da884bddb303065dbf7fea63dd93376072c,0,1,northwest_southeast_weave,True,2.508160916792464,1.9834566695495575,14.525935991146426,1,0.007126429999971151
0.0,5.939551266316371,0.00821568352927548,0.002277665790824777,,0.4266531042866643,0.2146446641391273,0.26464466488418537,0,332,,,,,,,,,,4.163040601235755,savitzky_golay,0.05,165,accdbe7e3704bcd2899aaa913eea7551ae1f6ec2c51e1d0a8fbe2f5b6a0e3bd9,14.612385622451626,,,,0,0.0,,,,,,0,,SmacHybrid,54d74411bb950a4b16438c61ec9c3da884bddb303065dbf7fea63dd93376072c,294,54d74411bb950a4b16438c61ec9c3da884bddb303065dbf7fea63dd93376072c,0,1,northwest_southeast_weave,True,5.939551266316371,4.163040601235755,14.612385622451626,1,0.006995674999870971
0.009000000000000001,7.2327523441553625,0.01282567264009371,0.00609649976591555,,0.4279633618003175,0.2146446641391273,0.26464466488418537,0,333,,,,,,,,,,3.500289815079168,constrained,0.05,165,1055df7e599a5e176a2481ec56a3ac51ac2f35c07fe5f81c113a9712523ffee3,14.628270600248625,,,,0,0.0,,,,,,0,,SmacHybrid,54d74411bb950a4b16438c61ec9c3da884bddb303065dbf7fea63dd93376072c,294,54d74411bb950a4b16438c61ec9c3da884bddb303065dbf7fea63dd93376072c,0,1,northwest_southeast_weave,True,7.2327523441553625,3.500289815079168,14.628270600248625,1,0.014792656000281568
0.009000000000000001,9.128029973561228,0.017878155275080434,0.0036958949475590815,,0.4640524608716252,0.2146446641391273,0.2146446641391273,0,792,,,,,,,,,,3.0306528926501834,pivot_g2,0.05,791,babaf2910874d32c4b44741644434f02ef422e31aa126da2df69ba7c7179648d,14.623601771785609,97,33,33,0,0.0,200,0.969697,791,0,0.00892438,0,123,SmacHybrid,54d74411bb950a4b16438c61ec9c3da884bddb303065dbf7fea63dd93376072c,294,54d74411bb950a4b16438c61ec9c3da884bddb303065dbf7fea63dd93376072c,0,1,northwest_southeast_weave,True,9.128029973561228,3.0306528926501834,14.623601771785609,1,0.043906986999900255
0.009000000000000001,2.508160916792464,0.04497618130746742,0.013681606640731958,,0.42617552439129497,0.21959563989254183,0.2474873771031409,0,333,9.12803,0,177,True,simple_default,simple,2.50816,177,True,1.9834566695495575,adaptive_hybrid,0.05,165,7b941e14a8b53c607d6217ecc5d4947d3a21119343afd72099ac4b436ca540e5,14.525935991146426,,,,0,0.0,,,,,,0,,SmacHybrid,54d74411bb950a4b16438c61ec9c3da884bddb303065dbf7fea63dd93376072c,292,54d74411bb950a4b16438c61ec9c3da884bddb303065dbf7fea63dd93376072c,0,1,northwest_southeast_weave,True,2.508160916792464,1.9834566695495575,14.525935991146426,1,0.014501748999919073
