algorithm_time_s,curvature_energy_1pm,deviation_max_m,deviation_rmse_m,error,footprint_clearance_mean_m,footprint_clearance_min_m,footprint_clearance_p05_m,footprint_collision_sample_count,footprint_pose_sample_count,max_abs_curvature_1pm,method,metric_spacing_m,native_point_count,output_path_sha256,path_length_m,pivot_marker_count,pivot_max_angle_rad,pivot_total_angle_rad,planner,planner_output_path_sha256,point_count,pstmo_compatible_edges,pstmo_competitive_candidates,pstmo_conditioned_polyline,pstmo_conditioning_input_points,pstmo_conditioning_max_deviation,pstmo_conditioning_observed_deviation,pstmo_conditioning_oscillation_deviation,pstmo_conditioning_oscillation_shortcuts,pstmo_conditioning_output_points,pstmo_conditioning_safety_rejections,pstmo_conditioning_shortcuts,pstmo_corner_search,pstmo_corners,pstmo_dp_states,pstmo_evaluations,pstmo_fallback,pstmo_g2_transitions,pstmo_los_accepted_shortcuts,pstmo_los_attempted_shortcuts,pstmo_los_completed,pstmo_los_enabled,pstmo_los_error,pstmo_los_fallback_reason,pstmo_los_fallback_to_input,pstmo_los_footprint_padding_m,pstmo_los_no_los_completed,pstmo_los_no_los_error,pstmo_los_no_los_quality,pstmo_los_no_los_score,pstmo_los_output_points,pstmo_los_quality,pstmo_los_safety_rejections,pstmo_los_score,pstmo_los_selected,pstmo_los_selection_enabled,pstmo_los_selection_reason,pstmo_los_selection_runtime_s,pstmo_max_footprint_cost,pstmo_mean_transition_score,pstmo_output_points,pstmo_pass_through_corners,pstmo_pivots,pstmo_raw_input_points,pstmo_rejections,pstmo_runtime_s,pstmo_search_mode,pstmo_segment_margin,pstmo_selected_stitch_rejection,pstmo_trim_domain,pstmo_valid_candidates,raw_path_sha256,removed_duplicate_pose_count,repetition,scenario,success,translation_curvature_energy_1pm,translation_max_abs_curvature_1pm,translation_path_length_m,translation_segment_count,wall_time_s
0.0,297.3188139439051,4.440892098500626e-16,8.529048180489552e-17,,0.4914849176259022,0.16464466339406925,0.2146446641391273,0,538,34.43220781990577,raw,0.05,524,261ccf8b856830e0a249f29461cda04be828c06ac0280aa14d945fa39e0684d9,12.990832133193832,0,0.0,0,NavFnAStar,ec25efedaac90fc66686f98df92b82438386ae646472bce608f91bee403f02b9,264,,,,,,,,,,,,,,,,,,,,,,,,,,,,,,,,,,,,,,,,,,,,,,,,,,,261ccf8b856830e0a249f29461cda04be828c06ac0280aa14d945fa39e0684d9,0,1,office_long_diagonal,True,297.3188139439051,34.43220781990577,12.990832133193832,1,0.009986089999074466
0.201,0.677621886373713,0.18747432154910315,0.0985163838211938,,0.39857718122746855,0.1449222268733815,0.1449222268733815,0,679,0.6539615867939632,pstmo,0.05,669,f121e31dc218169fb21cadd364f4959651c50f748a7a3da78a60aa4acaa89fae,12.449279923974185,0,0.0,0,NavFnAStar,ec25efedaac90fc66686f98df92b82438386ae646472bce608f91bee403f02b9,250,180,45,"[[-5.2, -3], [-0.0845874, 0.329638], [0.873123, 1.90309], [3.89443, 3.20615], [5.2, 3]]",5,0.075,0,0.15,0,5,0,0,"[{'index': 0, 'x': -0.0845874, 'y': 0.329638, 'turn_angle': 0.447019, 'incoming_length': 6.1036, 'outgoing_length': 1.842, 'pivot_safe': True, 'pass_through': False, 'equivalent_radius_min': 0.0879867, 'equivalent_radius_max': 8.10358, 'trim_min': 0.02, 'trim_max': 1.842, 'trim_evaluations': 20, 'evaluations': 40, 'safe_feasible': 13, 'states': 10, 'selected_radius': 5.29812, 'selected_trim': 1.2043, 'selected_control_distance': 0.39422, 'selected_control_fraction': 0.327343, 'selected_score': 0.220086}, {'index': 1, 'x': 0.873123, 'y': 1.90309, 'turn_angle': -0.616842, 'incoming_length': 1.842, 'outgoing_length': 3.29032, 'pivot_safe': True, 'pass_through': False, 'equivalent_radius_min': 0.0627771, 'equivalent_radius_max': 5.78178, 'trim_min': 0.02, 'trim_max': 1.842, 'trim_evaluations': 20, 'evaluations': 40, 'safe_feasible': 9, 'states': 10, 'selected_radius': 1.79635, 'selected_trim': 0.572295, 'selected_control_distance': 0.200303, 'selected_control_fraction': 0.35, 'selected_score': 0.377017}, {'index': 2, 'x': 3.89443, 'y': 3.20615, 'turn_angle': -0.563795, 'incoming_length': 3.29032, 'outgoing_length': 1.32175, 'pivot_safe': True, 'pass_through': False, 'equivalent_radius_min': 0.0690584, 'equivalent_radius_max': 4.5639, 'trim_min': 0.02, 'trim_max': 1.32175, 'trim_evaluations': 20, 'evaluations': 40, 'safe_feasible': 15, 'states': 10, 'selected_radius': 2.73787, 'selected_trim': 0.792914, 'selected_control_distance': 0.27752, 'selected_control_fraction': 0.35, 'selected_score': 0.302087}]",3,30,120,none,3,4,523,True,True,,,False,0.15,True,,"{'valid': True, 'safe': True, 'raw_fallback': False, 'length_m': 12.7409, 'max_curvature_1pm': 3.51639, 'curvature_energy_1pm': 6.55444, 'pivot_rotation_rad': 0, 'peak_proximity_cost': 177}",0.631838,5,"{'valid': True, 'safe': True, 'raw_fallback': False, 'length_m': 12.4493, 'max_curvature_1pm': 0.653962, 'curvature_energy_1pm': 0.677622, 'pivot_rotation_rad': 0, 'peak_proximity_cost': 253}",519,0.452733,True,True,los_quality_improvement,0.198931,252,0.29973,669,0,0,524,"{'shape_angular acceleration iteration did not converge': 2, 'shape_swept_footprint': 45, 'shape_transition requires a reversing inner wheel': 14, 'swept_footprint': 17, 'transition requires a reversing inner wheel': 6}",0.0499553,joint_d_q,0.05,,direct_metric,59,261ccf8b856830e0a249f29461cda04be828c06ac0280aa14d945fa39e0684d9,0,1,office_long_diagonal,True,0.677621886373713,0.6539615867939632,12.449279923974185,1,0.2183090020007512
0.003,28.43432403231598,4.440892098500626e-16,7.900609603381536e-17,,0.4938088477741679,0.17677669793081488,0.2146446641391273,0,575,6.733451829257437,raw,0.05,509,df13f5a60a0a747270569f49522e08fa23cc726cfc3e1096d3a96cb855d0983a,12.802283634685843,0,0.0,0,NavFnAStar,fcec0226ac2bdda8e910bd4382b6b95dabade7b5cbbc5fc591bc6a5ba0e58d6a,258,,,,,,,,,,,,,,,,,,,,,,,,,,,,,,,,,,,,,,,,,,,,,,,,,,,df13f5a60a0a747270569f49522e08fa23cc726cfc3e1096d3a96cb855d0983a,0,1,office_reverse_diagonal,True,28.43432403231598,6.733451829257437,12.802283634685843,1,0.01128238599994802
0.17700000000000002,1.6703673249440638,0.1714205383833702,0.0853204019099967,,0.32032638309657824,0.1449222268733815,0.1449222268733815,0,635,2.5170430650795796,pstmo,0.05,635,edc0257aa4e9cfc7e88efa4d4f48cf85f610ecf1f7e094b9e411f47525b7f7bf,12.430353360435458,0,0.0,0,NavFnAStar,fcec0226ac2bdda8e910bd4382b6b95dabade7b5cbbc5fc591bc6a5ba0e58d6a,250,260,64,"[[5.2, 3], [3.42751, 3.14679], [0.524248, 1.57513], [0.0802686, 0.718271], [-2.57803, -1.3336], [-5.2, -3]]",6,0.075,0,0.15,0,6,0,0,"[{'index': 0, 'x': 3.42751, 'y': 3.14679, 'turn_angle': 0.5788, 'incoming_length': 1.77856, 'outgoing_length': 3.30137, 'pivot_safe': True, 'pass_through': False, 'equivalent_radius_min': 0.0671683, 'equivalent_radius_max': 5.97313, 'trim_min': 0.02, 'trim_max': 1.77856, 'trim_evaluations': 20, 'evaluations': 40, 'safe_feasible': 13, 'states': 10, 'selected_radius': 3.48155, 'selected_trim': 1.03667, 'selected_control_distance': 0.362833, 'selected_control_fraction': 0.35, 'selected_score': 0.276454}, {'index': 1, 'x': 0.524248, 'y': 1.57513, 'turn_angle': 0.596562, 'incoming_length': 3.30137, 'outgoing_length': 0.965049, 'pivot_safe': True, 'pass_through': False, 'equivalent_radius_min': 0.0650505, 'equivalent_radius_max': 3.13884, 'trim_min': 0.02, 'trim_max': 0.965049, 'trim_evaluations': 20, 'evaluations': 40, 'safe_feasible': 8, 'states': 8, 'selected_radius': 0.449275, 'selected_trim': 0.138131, 'selected_control_distance': 0.0483459, 'selected_control_fraction': 0.35, 'selected_score': 0.674985}, {'index': 2, 'x': 0.0802686, 'y': 0.718271, 'turn_angle': -0.435381, 'incoming_length': 0.965049, 'outgoing_length': 3.35808, 'pivot_safe': True, 'pass_through': False, 'equivalent_radius_min': 0.0904178, 'equivalent_radius_max': 4.36288, 'trim_min': 0.02, 'trim_max': 0.965049, 'trim_evaluations': 20, 'evaluations': 40, 'safe_feasible': 12, 'states': 10, 'selected_radius': 3.08114, 'selected_trim': 0.681534, 'selected_control_distance': 0.238537, 'selected_control_fraction': 0.35, 'selected_score': 0.263043}, {'index': 3, 'x': -2.57803, 'y': -1.3336, 'turn_angle': -0.0912026, 'incoming_length': 3.35808, 'outgoing_length': 3.1067, 'pivot_safe': True, 'pass_through': False, 'equivalent_radius_min': 0.43828, 'equivalent_radius_max': 43.828, 'trim_min': 0.02, 'trim_max': 2, 'trim_evaluations': 20, 'evaluations': 40, 'safe_feasible': 14, 'states': 10, 'selected_radius': 12.7772, 'selected_trim': 0.583063, 'selected_control_distance': 0.204072, 'selected_control_fraction': 0.35, 'selected_score': 0.159142}]",4,38,160,none,4,5,1120,True,True,,,False,0.15,True,,"{'valid': True, 'safe': True, 'raw_fallback': False, 'length_m': 12.6628, 'max_curvature_1pm': 2.59309, 'curvature_energy_1pm': 5.79168, 'pivot_rotation_rad': 0, 'peak_proximity_cost': 177}",0.614193,6,"{'valid': True, 'safe': True, 'raw_fallback': False, 'length_m': 12.4304, 'max_curvature_1pm': 2.51704, 'curvature_energy_1pm': 1.67037, 'pivot_rotation_rad': 0, 'peak_proximity_cost': 253}",1115,0.575201,True,True,los_quality_improvement,0.176533,252,0.343406,635,0,0,509,"{'shape_angular acceleration iteration did not converge': 4, 'shape_swept_footprint': 61, 'shape_transition requires a reversing inner wheel': 12, 'swept_footprint': 27, 'transition requires a reversing inner wheel': 6}",0.0563217,joint_d_q,0.05,,direct_metric,83,df13f5a60a0a747270569f49522e08fa23cc726cfc3e1096d3a96cb855d0983a,0,1,office_reverse_diagonal,True,1.6703673249440638,2.5170430650795796,12.430353360435458,1,0.19023062399901391
0.0,162.0104864954863,4.440892098500626e-16,6.498849269471054e-17,,0.5857041073560659,0.16464466339406925,0.18825146149581692,0,268,25.552124966636075,raw,0.05,233,3f0ee00b64e31bdc2262e17e462bc8b757bbe3347f61f2c0d6597ef5725f8cbf,5.850563868492349,0,0.0,0,NavFnAStar,85e22cd8688823a09f0f90a72d9ce0c5c68033e36d5828424611f41cc30298cd,120,,,,,,,,,,,,,,,,,,,,,,,,,,,,,,,,,,,,,,,,,,,,,,,,,,,3f0ee00b64e31bdc2262e17e462bc8b757bbe3347f61f2c0d6597ef5725f8cbf,0,1,west_room_to_room,True,162.0104864954863,25.552124966636075,5.850563868492349,1,0.004648059999453835
0.10800000000000001,0.5518594913753282,0.12723690806467733,0.0541814516336103,,0.34949905564223455,0.1449222268733815,0.16464466339406925,0,322,0.8419450772241912,pstmo,0.05,313,4dee84e55a3cd32be4570238fa237957bdf5c26b402ba82fd325def19a375bef,5.633795055672293,0,0.0,0,NavFnAStar,85e22cd8688823a09f0f90a72d9ce0c5c68033e36d5828424611f41cc30298cd,114,100,29,"[[-4.2, -2.5], [-3.42791, -0.181441], [-3.46767, 1.86935], [-4.2, 2.8]]",4,0.075,0,0.15,0,4,0,0,"[{'index': 0, 'x': -3.42791, 'y': -0.181441, 'turn_angle': 0.340833, 'incoming_length': 2.44373, 'outgoing_length': 2.05118, 'pivot_safe': True, 'pass_through': False, 'equivalent_radius_min': 0.116221, 'equivalent_radius_max': 11.6221, 'trim_min': 0.02, 'trim_max': 2, 'trim_evaluations': 20, 'evaluations': 40, 'safe_feasible': 12, 'states': 10, 'selected_radius': 4.28711, 'selected_trim': 0.73775, 'selected_control_distance': 0.258213, 'selected_control_fraction': 0.35, 'selected_score': 0.219165}, {'index': 1, 'x': -3.46767, 'y': 1.86935, 'turn_angle': 0.647328, 'incoming_length': 2.05118, 'outgoing_length': 1.18424, 'pivot_safe': True, 'pass_through': False, 'equivalent_radius_min': 0.0596195, 'equivalent_radius_max': 3.53018, 'trim_min': 0.02, 'trim_max': 1.18424, 'trim_evaluations': 20, 'evaluations': 40, 'safe_feasible': 10, 'states': 10, 'selected_radius': 1.44784, 'selected_trim': 0.485695, 'selected_control_distance': 0.1575, 'selected_control_fraction': 0.324277, 'selected_score': 0.422307}]",2,20,80,none,2,3,175,True,True,,,False,0.15,True,,"{'valid': True, 'safe': True, 'raw_fallback': False, 'length_m': 5.72932, 'max_curvature_1pm': 2.68936, 'curvature_energy_1pm': 3.62997, 'pivot_rotation_rad': 0, 'peak_proximity_cost': 177}",0.588221,4,"{'valid': True, 'safe': True, 'raw_fallback': False, 'length_m': 5.6338, 'max_curvature_1pm': 0.841945, 'curvature_energy_1pm': 0.551859, 'pivot_rotation_rad': 0, 'peak_proximity_cost': 253}",172,0.440931,True,True,los_quality_improvement,0.107451,252,0.320736,313,0,0,233,"{'shape_angular acceleration iteration did not converge': 1, 'shape_swept_footprint': 32, 'shape_transition requires a reversing inner wheel': 7, 'swept_footprint': 15, 'transition requires a reversing inner wheel': 3}",0.0316037,joint_d_q,0.05,,direct_metric,40,3f0ee00b64e31bdc2262e17e462bc8b757bbe3347f61f2c0d6597ef5725f8cbf,0,1,west_room_to_room,True,0.5518594913753282,0.8419450772241912,5.633795055672293,1,0.14617724500021723
0.0,517.5832736946843,1.1102230246251565e-16,8.759581991671416e-18,,0.485253289866665,0.11464466264901119,0.17079994476667312,0,540,25.078163451859663,raw,0.05,497,a6595d38c80033b81db90fdddc61699780f5db4419710724b131dcbfd4defab9,12.303683559914282,0,0.0,0,NavFnAStar,cca259f4660fbb88a67f7e32ad4c0f63f275add6d3b52c9d6bc9d56cda0181c4,251,,,,,,,,,,,,,,,,,,,,,,,,,,,,,,,,,,,,,,,,,,,,,,,,,,,a6595d38c80033b81db90fdddc61699780f5db4419710724b131dcbfd4defab9,0,1,east_room_to_room,True,517.5832736946843,25.078163451859663,12.303683559914282,1,0.009651420999944094
0.339,13.72880902035491,0.09204140164940007,0.02766050118872832,,0.40203787256271895,0.11464466264901119,0.17079994476667312,0,617,3.851127300866138,pstmo,0.05,582,1347f366745b88343627cf33dd099a84175ff062f03699aed1e21aa077441255,11.829902171151465,0,0.0,0,NavFnAStar,cca259f4660fbb88a67f7e32ad4c0f63f275add6d3b52c9d6bc9d56cda0181c4,238,428,381,"[[4.2, -2.5], [2.97093, -2.50276], [2.22839, -2.09618], [1.55624, -2.07599], [1.17578, -1.85118], [0.918036, -1.2521], [0.895, 0.587653], [0.554675, 1.03752], [0.483743, 1.55233], [0.838255, 1.91165], [2.93838, 2.54129], [3.33349, 3.09129], [3.67696, 3.22161], [4.69722, 3.1569], [5, 2.8]]",497,0.075,0.0577757,0.15,0,15,0,14,"[{'index': 0, 'x': 2.97093, 'y': -2.50276, 'turn_angle': -0.503203, 'incoming_length': 1.22908, 'outgoing_length': 0.846557, 'pivot_safe': True, 'pass_through': False, 'equivalent_radius_min': 0.0778064, 'equivalent_radius_max': 3.29338, 'trim_min': 0.02, 'trim_max': 0.846557, 'trim_evaluations': 20, 'evaluations': 40, 'safe_feasible': 17, 'states': 10, 'selected_radius': 0.72092, 'selected_trim': 0.185311, 'selected_control_distance': 0.0605247, 'selected_control_fraction': 0.326611, 'selected_score': 0.374536}, {'index': 1, 'x': 2.22839, 'y': -2.09618, 'turn_angle': 0.470921, 'incoming_length': 0.846557, 'outgoing_length': 0.67246, 'pivot_safe': True, 'pass_through': False, 'equivalent_radius_min': 0.0833644, 'equivalent_radius_max': 2.80296, 'trim_min': 0.02, 'trim_max': 0.67246, 'trim_evaluations': 20, 'evaluations': 40, 'safe_feasible': 18, 'states': 10, 'selected_radius': 1.1712, 'selected_trim': 0.280984, 'selected_control_distance': 0.0918939, 'selected_control_fraction': 0.327043, 'selected_score': 0.368344}, {'index': 2, 'x': 1.55624, 'y': -2.07599, 'turn_angle': -0.503654, 'incoming_length': 0.67246, 'outgoing_length': 0.441912, 'pivot_safe': True, 'pass_through': False, 'equivalent_radius_min': 0.0777335, 'equivalent_radius_max': 1.71757, 'trim_min': 0.02, 'trim_max': 0.441912, 'trim_evaluations': 20, 'evaluations': 40, 'safe_feasible': 17, 'states': 10, 'selected_radius': 0.405701, 'selected_trim': 0.104382, 'selected_control_distance': 0.0340918, 'selected_control_fraction': 0.326605, 'selected_score': 0.600258}, {'index': 3, 'x': 1.17578, 'y': -1.85118, 'turn_angle': -0.630805, 'incoming_length': 0.441912, 'outgoing_length': 0.652167, 'pivot_safe': True, 'pass_through': False, 'equivalent_radius_min': 0.0612942, 'equivalent_radius_max': 1.35433, 'trim_min': 0.02, 'trim_max': 0.441912, 'trim_evaluations': 20, 'evaluations': 40, 'safe_feasible': 17, 'states': 10, 'selected_radius': 0.837118, 'selected_trim': 0.273147, 'selected_control_distance': 0.088658, 'selected_control_fraction': 0.324579, 'selected_score': 0.386962}, {'index': 4, 'x': 0.918036, 'y': -1.2521, 'turn_angle': -0.393777, 'incoming_length': 0.652167, 'outgoing_length': 1.8399, 'pivot_safe': True, 'pass_through': False, 'equivalent_radius_min': 0.100264, 'equivalent_radius_max': 3.26945, 'trim_min': 0.02, 'trim_max': 0.652167, 'trim_evaluations': 20, 'evaluations': 40, 'safe_feasible': 18, 'states': 10, 'selected_radius': 0.417183, 'selected_trim': 0.0832167, 'selected_control_distance': 0.0272909, 'selected_control_fraction': 0.32795, 'selected_score': 0.43759}, {'index': 5, 'x': 0.895, 'y': 0.587653, 'turn_angle': 0.635125, 'incoming_length': 1.8399, 'outgoing_length': 0.564095, 'pivot_safe': True, 'pass_through': False, 'equivalent_radius_min': 0.0608483, 'equivalent_radius_max': 1.71621, 'trim_min': 0.02, 'trim_max': 0.564095, 'trim_evaluations': 20, 'evaluations': 40, 'safe_feasible': 18, 'states': 10, 'selected_radius': 0.391921, 'selected_trim': 0.128819, 'selected_control_distance': 0.0418019, 'selected_control_fraction': 0.324501, 'selected_score': 0.60908}, {'index': 6, 'x': 0.554675, 'y': 1.03752, 'turn_angle': -0.510723, 'incoming_length': 0.564095, 'outgoing_length': 0.519669, 'pivot_safe': True, 'pass_through': False, 'equivalent_radius_min': 0.0766104, 'equivalent_radius_max': 1.9906, 'trim_min': 0.02, 'trim_max': 0.519669, 'trim_evaluations': 20, 'evaluations': 40, 'safe_feasible': 17, 'states': 10, 'selected_radius': 0.459409, 'selected_trim': 0.119934, 'selected_control_distance': 0.039159, 'selected_control_fraction': 0.326506, 'selected_score': 0.551025}, {'index': 7, 'x': 0.483743, 'y': 1.55233, 'turn_angle': -0.915579, 'incoming_length': 0.519669, 'outgoing_length': 0.50477, 'pivot_safe': True, 'pass_through': False, 'equivalent_radius_min': 0.0405927, 'equivalent_radius_max': 1.0245, 'trim_min': 0.02, 'trim_max': 0.50477, 'trim_evaluations': 20, 'evaluations': 40, 'safe_feasible': 17, 'states': 10, 'selected_radius': 0.630937, 'selected_trim': 0.310862, 'selected_control_distance': 0.108802, 'selected_control_fraction': 0.35, 'selected_score': 0.617307}, {'index': 8, 'x': 0.838255, 'y': 1.91165, 'turn_angle': -0.500857, 'incoming_length': 0.50477, 'outgoing_length': 2.19248, 'pivot_safe': True, 'pass_through': False, 'equivalent_radius_min': 0.0781866, 'equivalent_radius_max': 1.97331, 'trim_min': 0.02, 'trim_max': 0.50477, 'trim_evaluations': 20, 'evaluations': 40, 'safe_feasible': 17, 'states': 10, 'selected_radius': 0.457212, 'selected_trim': 0.116954, 'selected_control_distance': 0.0382022, 'selected_control_fraction': 0.326643, 'selected_score': 0.5614}, {'index': 9, 'x': 2.93838, 'y': 2.54129, 'turn_angle': 0.656555, 'incoming_length': 2.19248, 'outgoing_length': 0.677217, 'pivot_safe': True, 'pass_through': False, 'equivalent_radius_min': 0.0587196, 'equivalent_radius_max': 1.98829, 'trim_min': 0.02, 'trim_max': 0.677217, 'trim_evaluations': 20, 'evaluations': 40, 'safe_feasible': 17, 'states': 10, 'selected_radius': 0.637592, 'selected_trim': 0.217165, 'selected_control_distance': 0.0760077, 'selected_control_fraction': 0.35, 'selected_score': 0.542134}, {'index': 10, 'x': 3.33349, 'y': 3.09129, 'turn_angle': -0.585212, 'incoming_length': 0.677217, 'outgoing_length': 0.367354, 'pivot_safe': True, 'pass_through': False, 'equivalent_radius_min': 0.0663893, 'equivalent_radius_max': 1.21942, 'trim_min': 0.02, 'trim_max': 0.367354, 'trim_evaluations': 20, 'evaluations': 40, 'safe_feasible': 18, 'states': 10, 'selected_radius': 0.296995, 'selected_trim': 0.0894708, 'selected_control_distance': 0.0313148, 'selected_control_fraction': 0.35, 'selected_score': 0.654282}, {'index': 11, 'x': 3.67696, 'y': 3.22161, 'turn_angle': -0.42596, 'incoming_length': 0.367354, 'outgoing_length': 1.02231, 'pivot_safe': True, 'pass_through': False, 'equivalent_radius_min': 0.0924813, 'equivalent_radius_max': 1.69867, 'trim_min': 0.02, 'trim_max': 0.367354, 'trim_evaluations': 20, 'evaluations': 40, 'safe_feasible': 18, 'states': 10, 'selected_radius': 0.413719, 'selected_trim': 0.0894708, 'selected_control_distance': 0.02931, 'selected_control_fraction': 0.327593, 'selected_score': 0.542177}, {'index': 12, 'x': 4.69722, 'y': 3.1569, 'turn_angle': -0.803915, 'incoming_length': 1.02231, 'outgoing_length': 0.468036, 'pivot_safe': True, 'pass_through': False, 'equivalent_radius_min': 0.0470475, 'equivalent_radius_max': 1.10099, 'trim_min': 0.02, 'trim_max': 0.468036, 'trim_evaluations': 20, 'evaluations': 40, 'safe_feasible': 16, 'states': 10, 'selected_radius': 1.10099, 'selected_trim': 0.468036, 'selected_control_distance': 0.150207, 'selected_control_fraction': 0.320931, 'selected_score': 0.517498}]",13,130,520,none,13,0,0,True,False,,,False,0.15,True,,"{'valid': True, 'safe': True, 'raw_fallback': False, 'length_m': 11.8299, 'max_curvature_1pm': 3.85113, 'curvature_energy_1pm': 13.7288, 'pivot_rotation_rad': 0, 'peak_proximity_cost': 251}",0.700173,497,"{'valid': True, 'safe': True, 'raw_fallback': False, 'length_m': 11.8299, 'max_curvature_1pm': 3.85113, 'curvature_energy_1pm': 13.7288, 'pivot_rotation_rad': 0, 'peak_proximity_cost': 251}",0,0.700173,False,True,no_los_quality_not_worse,0.337702,252,0.520199,582,0,0,497,"{'shape_angular acceleration iteration did not converge': 6, 'shape_transition requires a reversing inner wheel': 74, 'transition requires a reversing inner wheel': 35}",0.165895,joint_d_q,0.05,,direct_metric,440,a6595d38c80033b81db90fdddc61699780f5db4419710724b131dcbfd4defab9,0,1,east_room_to_room,True,13.72880902035491,3.851127300866138,11.829902171151465,1,0.35141987600036373
0.003,84.64409364041731,2.220446049250313e-16,6.19369333661954e-17,,0.5622513800733501,0.2146446641391273,0.25619225950049973,0,427,21.263978640664075,raw,0.05,425,8f5207dfca52d0f3100d22d43dcf0c4935a3de8d36398265a947b7103684a3cc,10.66986524921191,0,0.0,0,NavFnAStar,a610c34738ec2fb3d0f99cba7dfc1e5b72ddacb00652b5f10e0c4d3491aa76c8,215,,,,,,,,,,,,,,,,,,,,,,,,,,,,,,,,,,,,,,,,,,,,,,,,,,,8f5207dfca52d0f3100d22d43dcf0c4935a3de8d36398265a947b7103684a3cc,0,1,lower_cross_offices,True,84.64409364041731,21.263978640664075,10.66986524921191,1,0.007672533000004478
0.138,5.657436715980814,0.0583938130970931,0.030061802912097296,,0.444962010386675,0.26464466488418537,0.2808724311428359,0,554,7.4095801549841,pstmo,0.05,545,cbba1fd4c451f7db206ab99698a3dcde995c5a7b6f2c00df433fd3b9ef6184d8,10.570648716300564,1,0.5837062686659571,0.5837062686659571,NavFnAStar,a610c34738ec2fb3d0f99cba7dfc1e5b72ddacb00652b5f10e0c4d3491aa76c8,213,159,240,"[[-5, -1.2], [-2.27893, -1.35626], [-1.5083, -1.86174], [-1.16897, -2.34166], [-0.812458, -2.48061], [0.35326, -2.4094], [1.69406, -2.0278], [2.56973, -1.96584], [5, -1.2]]",425,0.075,0.0653209,0.15,0,9,0,8,"[{'index': 0, 'x': -2.27893, 'y': -1.35626, 'turn_angle': -0.523178, 'incoming_length': 2.72555, 'outgoing_length': 0.921623, 'pivot_safe': True, 'pass_through': False, 'equivalent_radius_min': 0.0747039, 'equivalent_radius_max': 3.44244, 'trim_min': 0.02, 'trim_max': 0.921623, 'trim_evaluations': 20, 'evaluations': 40, 'safe_feasible': 17, 'states': 10, 'selected_radius': 0.411478, 'selected_trim': 0.110162, 'selected_control_distance': 0.035949, 'selected_control_fraction': 0.326327, 'selected_score': 0.598719}, {'index': 1, 'x': -1.5083, 'y': -1.86174, 'turn_angle': -0.374803, 'incoming_length': 0.921623, 'outgoing_length': 0.587769, 'pivot_safe': True, 'pass_through': False, 'equivalent_radius_min': 0.10547, 'equivalent_radius_max': 3.09961, 'trim_min': 0.02, 'trim_max': 0.587769, 'trim_evaluations': 20, 'evaluations': 40, 'safe_feasible': 18, 'states': 10, 'selected_radius': 2.65049, 'selected_trim': 0.502603, 'selected_control_distance': 0.164927, 'selected_control_fraction': 0.328146, 'selected_score': 0.19051}, {'index': 2, 'x': -1.16897, 'y': -2.34166, 'turn_angle': 0.583706, 'incoming_length': 0.587769, 'outgoing_length': 0.382631, 'pivot_safe': True, 'pass_through': False, 'equivalent_radius_min': 0.0665708, 'equivalent_radius_max': 1.2736, 'trim_min': 0.02, 'trim_max': 0.382631, 'trim_evaluations': 20, 'evaluations': 40, 'safe_feasible': 18, 'states': 10, 'selected_radius': 0, 'selected_trim': 0, 'selected_control_distance': 0, 'selected_control_fraction': 0, 'selected_score': 0}, {'index': 3, 'x': -0.812458, 'y': -2.48061, 'turn_angle': 0.432649, 'incoming_length': 0.382631, 'outgoing_length': 1.16789, 'pivot_safe': True, 'pass_through': False, 'equivalent_radius_min': 0.0910069, 'equivalent_radius_max': 1.7411, 'trim_min': 0.02, 'trim_max': 0.382631, 'trim_evaluations': 20, 'evaluations': 40, 'safe_feasible': 18, 'states': 10, 'selected_radius': 1.24607, 'selected_trim': 0.273842, 'selected_control_distance': 0.0896872, 'selected_control_fraction': 0.327515, 'selected_score': 0.306736}, {'index': 4, 'x': 0.35326, 'y': -2.4094, 'turn_angle': 0.216259, 'incoming_length': 1.16789, 'outgoing_length': 1.39405, 'pivot_safe': True, 'pass_through': False, 'equivalent_radius_min': 0.184242, 'equivalent_radius_max': 10.7587, 'trim_min': 0.02, 'trim_max': 1.16789, 'trim_evaluations': 20, 'evaluations': 40, 'safe_feasible': 20, 'states': 10, 'selected_radius': 7.05765, 'selected_trim': 0.766129, 'selected_control_distance': 0.268145, 'selected_control_fraction': 0.35, 'selected_score': 0.0985247}, {'index': 5, 'x': 1.69406, 'y': -2.0278, 'turn_angle': -0.206625, 'incoming_length': 1.39405, 'outgoing_length': 0.87786, 'pivot_safe': True, 'pass_through': False, 'equivalent_radius_min': 0.192898, 'equivalent_radius_max': 8.46687, 'trim_min': 0.02, 'trim_max': 0.87786, 'trim_evaluations': 20, 'evaluations': 40, 'safe_feasible': 20, 'states': 10, 'selected_radius': 1.84769, 'selected_trim': 0.191572, 'selected_control_distance': 0.0631121, 'selected_control_fraction': 0.329443, 'selected_score': 0.184198}, {'index': 6, 'x': 2.56973, 'y': -1.96584, 'turn_angle': 0.234628, 'incoming_length': 0.87786, 'outgoing_length': 2.54808, 'pivot_safe': True, 'pass_through': False, 'equivalent_radius_min': 0.1697, 'equivalent_radius_max': 7.44863, 'trim_min': 0.02, 'trim_max': 0.87786, 'trim_evaluations': 20, 'evaluations': 40, 'safe_feasible': 20, 'states': 10, 'selected_radius': 1.62549, 'selected_trim': 0.191572, 'selected_control_distance': 0.063081, 'selected_control_fraction': 0.329281, 'selected_score': 0.186204}]",7,70,280,none,6,0,0,True,False,,,False,0.15,True,,"{'valid': True, 'safe': True, 'raw_fallback': False, 'length_m': 10.5726, 'max_curvature_1pm': 2.49245, 'curvature_energy_1pm': 1.99685, 'pivot_rotation_rad': 0.583706, 'peak_proximity_cost': 161}",0.603843,425,"{'valid': True, 'safe': True, 'raw_fallback': True, 'length_m': 10.6699, 'max_curvature_1pm': 21.264, 'curvature_energy_1pm': 84.6441, 'pivot_rotation_rad': 0, 'peak_proximity_cost': 177}",0,1.28351,False,True,no_los_quality_not_worse,0.137162,252,0.260815,545,0,1,425,"{'angular acceleration iteration did not converge': 1, 'shape_angular acceleration iteration did not converge': 4, 'shape_transition requires a reversing inner wheel': 16, 'transition requires a reversing inner wheel': 8}",0.0971687,joint_d_q,0.05,,direct_metric,260,8f5207dfca52d0f3100d22d43dcf0c4935a3de8d36398265a947b7103684a3cc,0,1,lower_cross_offices,True,1.9968519003843914,2.4924465669119065,10.572634129347264,2,0.1523146520012233
0.0,110.595905568239,4.440892098500626e-16,8.707909290162604e-17,,0.3514778093048832,0.035355339586162986,0.06464466190395313,0,453,18.641528362915032,raw,0.05,452,10abc2adb8185b82c4101849f3d1358a2cb48804475c0f946adc0bb869efeb92,11.279803316485436,0,0.0,0,NavFnAStar,509a3a810e0c09872d5fb4bf8e744581da7ca634ed4ed784d14a4105853e201b,228,,,,,,,,,,,,,,,,,,,,,,,,,,,,,,,,,,,,,,,,,,,,,,,,,,,10abc2adb8185b82c4101849f3d1358a2cb48804475c0f946adc0bb869efeb92,0,1,upper_cross_offices,True,110.595905568239,18.641528362915032,11.279803316485436,1,0.00884359100018628
,,,,"smoothing failed: status=6, code=504, message=''",,,,,,,pstmo,,,,,,,,NavFnAStar,509a3a810e0c09872d5fb4bf8e744581da7ca634ed4ed784d14a4105853e201b,,,,,,,,,,,,,,,,,,,,,,,,,,,,,,,,,,,,,,,,,,,,,,,,,,,,10abc2adb8185b82c4101849f3d1358a2cb48804475c0f946adc0bb869efeb92,0,1,upper_cross_offices,False,,,,,
0.0,51.54576902513983,1.1102230246251565e-16,2.9978044922516526e-17,,0.5437236830134355,0.1449222268733815,0.18825146149581692,0,340,18.39595960734654,raw,0.05,306,89fdaa3d0bfdc1393322f588fbb90d5dc4d8a4a9bc5764349d9b972c3f65008c,7.646776570284081,0,0.0,0,NavFnAStar,dac80ccb556756c0e85813cc4b168ef9d7de5a3017cac59fd2d6ea14c5d29eed,155,,,,,,,,,,,,,,,,,,,,,,,,,,,,,,,,,,,,,,,,,,,,,,,,,,,89fdaa3d0bfdc1393322f588fbb90d5dc4d8a4a9bc5764349d9b972c3f65008c,0,1,central_u_turn,True,51.54576902513983,18.39595960734654,7.646776570284081,1,0.006456195000282605
0.117,4.732526635976425,0.06537343459555181,0.017252183215626684,,0.4340737626478651,0.2146446641391273,0.2146446641391273,0,290,2.8597161627082306,pstmo,0.05,278,2209b2291e1426a5caf51e9daf94beef00f0c5cddd5b642afee3a4701c80c75e,7.549253079244288,0,0.0,0,NavFnAStar,dac80ccb556756c0e85813cc4b168ef9d7de5a3017cac59fd2d6ea14c5d29eed,152,158,193,"[[-1.5, -3], [-1.45322, -1.39365], [-1.29352, -0.820948], [-0.9597, -0.178739], [0.32716, 0.985312], [0.47502, 1.34525], [0.281191, 1.80512], [-1.5, 2.8]]",306,0.075,0.0661279,0.15,0,8,0,7,"[{'index': 0, 'x': -1.45322, 'y': -1.39365, 'turn_angle': -0.242833, 'incoming_length': 1.60703, 'outgoing_length': 0.594553, 'pivot_safe': True, 'pass_through': False, 'equivalent_radius_min': 0.163912, 'equivalent_radius_max': 4.87272, 'trim_min': 0.02, 'trim_max': 0.594553, 'trim_evaluations': 20, 'evaluations': 40, 'safe_feasible': 20, 'states': 10, 'selected_radius': 1.10567, 'selected_trim': 0.134911, 'selected_control_distance': 0.0444165, 'selected_control_fraction': 0.32923, 'selected_score': 0.243156}, {'index': 1, 'x': -1.29352, 'y': -0.820948, 'turn_angle': -0.207412, 'incoming_length': 0.594553, 'outgoing_length': 0.723787, 'pivot_safe': True, 'pass_through': False, 'equivalent_radius_min': 0.192161, 'equivalent_radius_max': 5.71248, 'trim_min': 0.02, 'trim_max': 0.594553, 'trim_evaluations': 20, 'evaluations': 40, 'safe_feasible': 20, 'states': 10, 'selected_radius': 1.29622, 'selected_trim': 0.134911, 'selected_control_distance': 0.0444448, 'selected_control_fraction': 0.329439, 'selected_score': 0.198152}, {'index': 2, 'x': -0.9597, 'y': -0.178739, 'turn_angle': -0.356105, 'incoming_length': 0.723787, 'outgoing_length': 1.73523, 'pivot_safe': True, 'pass_through': False, 'equivalent_radius_min': 0.111137, 'equivalent_radius_max': 4.02198, 'trim_min': 0.02, 'trim_max': 0.723787, 'trim_evaluations': 20, 'evaluations': 40, 'safe_feasible': 19, 'states': 10, 'selected_radius': 0.502221, 'selected_trim': 0.0903787, 'selected_control_distance': 0.029674, 'selected_control_fraction': 0.328329, 'selected_score': 0.376964}, {'index': 3, 'x': 0.32716, 'y': 0.985312, 'turn_angle': 0.445693, 'incoming_length': 1.73523, 'outgoing_length': 0.389128, 'pivot_safe': True, 'pass_through': False, 'equivalent_radius_min': 0.0882573, 'equivalent_radius_max': 1.71717, 'trim_min': 0.02, 'trim_max': 0.389128, 'trim_evaluations': 20, 'evaluations': 40, 'safe_feasible': 18, 'states': 10, 'selected_radius': 0.658377, 'selected_trim': 0.149195, 'selected_control_distance': 0.0488403, 'selected_control_fraction': 0.327359, 'selected_score': 0.464706}, {'index': 4, 'x': 0.47502, 'y': 1.34525, 'turn_angle': 0.788669, 'incoming_length': 0.389128, 'outgoing_length': 0.499041, 'pivot_safe': True, 'pass_through': False, 'equivalent_radius_min': 0.0480618, 'equivalent_radius_max': 0.935111, 'trim_min': 0.02, 'trim_max': 0.389128, 'trim_evaluations': 20, 'evaluations': 40, 'safe_feasible': 18, 'states': 10, 'selected_radius': 0.402882, 'selected_trim': 0.167651, 'selected_control_distance': 0.0538659, 'selected_control_fraction': 0.321297, 'selected_score': 0.692887}, {'index': 5, 'x': 0.281191, 'y': 1.80512, 'turn_angle': 0.662514, 'incoming_length': 0.499041, 'outgoing_length': 2.04021, 'pivot_safe': True, 'pass_through': False, 'equivalent_radius_min': 0.0581513, 'equivalent_radius_max': 1.45099, 'trim_min': 0.02, 'trim_max': 0.499041, 'trim_evaluations': 20, 'evaluations': 40, 'safe_feasible': 17, 'states': 10, 'selected_radius': 0.615289, 'selected_trim': 0.211616, 'selected_control_distance': 0.0740657, 'selected_control_fraction': 0.35, 'selected_score': 0.577462}]",6,60,240,none,6,0,0,True,False,,,False,0.15,True,,"{'valid': True, 'safe': True, 'raw_fallback': False, 'length_m': 7.54925, 'max_curvature_1pm': 2.85972, 'curvature_energy_1pm': 4.73253, 'pivot_rotation_rad': 0, 'peak_proximity_cost': 177}",0.60852,306,"{'valid': True, 'safe': True, 'raw_fallback': False, 'length_m': 7.40499, 'max_curvature_1pm': 0.645339, 'curvature_energy_1pm': 0.544247, 'pivot_rotation_rad': 1.18125, 'peak_proximity_cost': 253}",0,0.634327,False,True,no_los_quality_not_worse,0.114811,252,0.425554,278,0,0,306,"{'shape_angular acceleration iteration did not converge': 5, 'shape_transition requires a reversing inner wheel': 16, 'transition requires a reversing inner wheel': 8}",0.070295,joint_d_q,0.05,,direct_metric,219,89fdaa3d0bfdc1393322f588fbb90d5dc4d8a4a9bc5764349d9b972c3f65008c,0,1,central_u_turn,True,4.732526635976425,2.8597161627082306,7.549253079244288,1,0.1222987839992129
0.0,75.66261615805509,2.220446049250313e-16,7.954641667908366e-17,,0.7439127834129267,0.17677669793081488,0.23175681504928056,0,258,29.109674204465247,raw,0.05,247,f47550cc3989a83d740c60f3b45cb67227a16070c4648e4c4ebb8f8503f6dbfd,6.245943161628812,0,0.0,0,NavFnAStar,d5c2afc3dd51929a830f731ee3630ea514b9da3d6ca86155aa0ee8940c0e62ba,127,,,,,,,,,,,,,,,,,,,,,,,,,,,,,,,,,,,,,,,,,,,,,,,,,,,f47550cc3989a83d740c60f3b45cb67227a16070c4648e4c4ebb8f8503f6dbfd,0,1,east_partition_detour,True,75.66261615805509,29.109674204465247,6.245943161628812,1,0.00631112600058259
0.081,0.030738000304332123,0.16909838714438225,0.06287541847405817,,0.5975414588490019,0.1449222268733815,0.1449222268733815,0,280,0.15395786620143592,pstmo,0.05,277,7eb75e96ee56a37c77e9e9c0a8c46174056669b03ee098d905b26faeb75d50db,6.137031114686787,0,0.0,0,NavFnAStar,d5c2afc3dd51929a830f731ee3630ea514b9da3d6ca86155aa0ee8940c0e62ba,124,0,25,"[[0, -3], [2.78533, -1.48761], [5, 0.5]]",3,0.075,0,0.15,0,3,0,0,"[{'index': 0, 'x': 2.78533, 'y': -1.48761, 'turn_angle': 0.233979, 'incoming_length': 3.16944, 'outgoing_length': 2.9758, 'pivot_safe': True, 'pass_through': False, 'equivalent_radius_min': 0.170175, 'equivalent_radius_max': 17.0175, 'trim_min': 0.02, 'trim_max': 2, 'trim_evaluations': 20, 'evaluations': 40, 'safe_feasible': 14, 'states': 10, 'selected_radius': 8.01471, 'selected_trim': 0.941938, 'selected_control_distance': 0.310166, 'selected_control_fraction': 0.329285, 'selected_score': 0.178218}]",1,10,40,none,1,2,116,True,True,,,False,0.15,True,,"{'valid': True, 'safe': True, 'raw_fallback': False, 'length_m': 6.18586, 'max_curvature_1pm': 3.57126, 'curvature_energy_1pm': 1.82347, 'pivot_rotation_rad': 0, 'peak_proximity_cost': 161}",0.547567,3,"{'valid': True, 'safe': True, 'raw_fallback': False, 'length_m': 6.13703, 'max_curvature_1pm': 0.153958, 'curvature_energy_1pm': 0.030738, 'pivot_rotation_rad': 0, 'peak_proximity_cost': 253}",114,0.3116,True,True,los_quality_improvement,0.0800886,252,0.178218,277,0,0,247,"{'shape_swept_footprint': 13, 'swept_footprint': 6}",0.0185978,joint_d_q,0.05,,direct_metric,27,f47550cc3989a83d740c60f3b45cb67227a16070c4648e4c4ebb8f8503f6dbfd,0,1,east_partition_detour,True,0.030738000304332123,0.15395786620143592,6.137031114686787,1,0.08781212100075209
0.0,103.66811640652823,4.440892098500626e-16,8.540604447164055e-17,,0.4946080246618778,0.16464466339406925,0.2146446641391273,0,527,15.508163521282723,raw,0.05,513,1ed3cfb73065490cb0278004c5bde5f64f7e0200e050b823b2622b178836137a,12.783751343216109,0,0.0,0,NavFnDijkstra,f4523c94a56a5016b8b305775fd23a48c6b0aea365dde5ec1fbe9d3018a9544d,259,,,,,,,,,,,,,,,,,,,,,,,,,,,,,,,,,,,,,,,,,,,,,,,,,,,1ed3cfb73065490cb0278004c5bde5f64f7e0200e050b823b2622b178836137a,0,1,office_long_diagonal,True,103.66811640652823,15.508163521282723,12.783751343216109,1,0.010093029999552527
0.201,5.974627433183846,0.060044014239630475,0.019455550858974553,,0.36710429162540603,0.2146446641391273,0.23390290478282266,0,587,3.057664084836579,pstmo,0.05,577,dcb423c52fe5bfb18f4d283e4a11191e1ac8c8fcee333a21f1d8ea0f542a7cec,12.6448596930439,0,0.0,0,NavFnDijkstra,f4523c94a56a5016b8b305775fd23a48c6b0aea365dde5ec1fbe9d3018a9544d,254,255,283,"[[-5.2, -3], [-2.87464, -1.40782], [-2.10038, -1.17384], [0.382364, 1.02327], [0.483046, 1.55325], [0.738175, 1.85046], [1.39893, 2.1468], [2.26116, 2.32506], [3.54295, 3.17053], [4.49178, 3.18681], [5.2, 3]]",513,0.075,0.06157,0.15,0,11,0,10,"[{'index': 0, 'x': -2.87464, 'y': -1.40782, 'turn_angle': -0.306927, 'incoming_length': 2.81821, 'outgoing_length': 0.808845, 'pivot_safe': True, 'pass_through': False, 'equivalent_radius_min': 0.1293, 'equivalent_radius_max': 5.22917, 'trim_min': 0.02, 'trim_max': 0.808845, 'trim_evaluations': 20, 'evaluations': 40, 'safe_feasible': 19, 'states': 10, 'selected_radius': 0.639286, 'selected_trim': 0.0988845, 'selected_control_distance': 0.0325097, 'selected_control_fraction': 0.328764, 'selected_score': 0.386881}, {'index': 1, 'x': -2.10038, 'y': -1.17384, 'turn_angle': 0.43098, 'incoming_length': 0.808845, 'outgoing_length': 3.31531, 'pivot_safe': True, 'pass_through': False, 'equivalent_radius_min': 0.0913706, 'equivalent_radius_max': 3.69524, 'trim_min': 0.02, 'trim_max': 0.808845, 'trim_evaluations': 20, 'evaluations': 40, 'safe_feasible': 18, 'states': 10, 'selected_radius': 0.812144, 'selected_trim': 0.177769, 'selected_control_distance': 0.0582255, 'selected_control_fraction': 0.327535, 'selected_score': 0.398902}, {'index': 2, 'x': 0.382364, 'y': 1.02327, 'turn_angle': 0.65862, 'incoming_length': 3.31531, 'outgoing_length': 0.53946, 'pivot_safe': True, 'pass_through': False, 'equivalent_radius_min': 0.0585216, 'equivalent_radius_max': 1.5785, 'trim_min': 0.02, 'trim_max': 0.53946, 'trim_evaluations': 20, 'evaluations': 40, 'safe_feasible': 18, 'states': 10, 'selected_radius': 0.362518, 'selected_trim': 0.123892, 'selected_control_distance': 0.0401491, 'selected_control_fraction': 0.324065, 'selected_score': 0.68071}, {'index': 3, 'x': 0.483046, 'y': 1.55325, 'turn_angle': -0.521617, 'incoming_length': 0.53946, 'outgoing_length': 0.391696, 'pivot_safe': True, 'pass_through': False, 'equivalent_radius_min': 0.074938, 'equivalent_radius_max': 1.46765, 'trim_min': 0.02, 'trim_max': 0.391696, 'trim_evaluations': 20, 'evaluations': 40, 'safe_feasible': 18, 'states': 10, 'selected_radius': 0.353479, 'selected_trim': 0.0943392, 'selected_control_distance': 0.0307876, 'selected_control_fraction': 0.32635, 'selected_score': 0.637704}, {'index': 4, 'x': 0.738175, 'y': 1.85046, 'turn_angle': -0.439852, 'incoming_length': 0.391696, 'outgoing_length': 0.724165, 'pivot_safe': True, 'pass_through': False, 'equivalent_radius_min': 0.0894687, 'equivalent_radius_max': 1.75223, 'trim_min': 0.02, 'trim_max': 0.391696, 'trim_evaluations': 20, 'evaluations': 40, 'safe_feasible': 18, 'states': 10, 'selected_radius': 0.754572, 'selected_trim': 0.168678, 'selected_control_distance': 0.0590375, 'selected_control_fraction': 0.35, 'selected_score': 0.431553}, {'index': 5, 'x': 1.39893, 'y': 2.1468, 'turn_angle': -0.217726, 'incoming_length': 0.724165, 'outgoing_length': 0.880465, 'pivot_safe': True, 'pass_through': False, 'equivalent_radius_min': 0.182991, 'equivalent_radius_max': 6.62577, 'trim_min': 0.02, 'trim_max': 0.724165, 'trim_evaluations': 20, 'evaluations': 40, 'safe_feasible': 20, 'states': 10, 'selected_radius': 2.7601, 'selected_trim': 0.301666, 'selected_control_distance': 0.105583, 'selected_control_fraction': 0.35, 'selected_score': 0.170223}, {'index': 6, 'x': 2.26116, 'y': 2.32506, 'turn_angle': 0.379235, 'incoming_length': 0.880465, 'outgoing_length': 1.53551, 'pivot_safe': True, 'pass_through': False, 'equivalent_radius_min': 0.104208, 'equivalent_radius_max': 4.5876, 'trim_min': 0.02, 'trim_max': 0.880465, 'trim_evaluations': 20, 'evaluations': 40, 'safe_feasible': 18, 'states': 10, 'selected_radius': 1.00089, 'selected_trim': 0.192093, 'selected_control_distance': 0.0630259, 'selected_control_fraction': 0.328101, 'selected_score': 0.338614}, {'index': 7, 'x': 3.54295, 'y': 3.17053, 'turn_angle': -0.565944, 'incoming_length': 1.53551, 'outgoing_length': 0.948976, 'pivot_safe': True, 'pass_through': False, 'equivalent_radius_min': 0.0687818, 'equivalent_radius_max': 3.26361, 'trim_min': 0.02, 'trim_max': 0.948976, 'trim_evaluations': 20, 'evaluations': 40, 'safe_feasible': 18, 'states': 10, 'selected_radius': 0.707748, 'selected_trim': 0.205795, 'selected_control_distance': 0.0670229, 'selected_control_fraction': 0.325678, 'selected_score': 0.507852}, {'index': 8, 'x': 4.49178, 'y': 3.18681, 'turn_angle': -0.275058, 'incoming_length': 0.948976, 'outgoing_length': 0.732441, 'pivot_safe': True, 'pass_through': False, 'equivalent_radius_min': 0.144506, 'equivalent_radius_max': 5.29209, 'trim_min': 0.02, 'trim_max': 0.732441, 'trim_evaluations': 20, 'evaluations': 40, 'safe_feasible': 19, 'states': 10, 'selected_radius': 4.90602, 'selected_trim': 0.679008, 'selected_control_distance': 0.2234, 'selected_control_fraction': 0.32901, 'selected_score': 0.15673}]",9,90,360,none,9,0,0,True,False,,,False,0.15,True,,"{'valid': True, 'safe': True, 'raw_fallback': False, 'length_m': 12.6449, 'max_curvature_1pm': 3.05766, 'curvature_energy_1pm': 5.97463, 'pivot_rotation_rad': 0, 'peak_proximity_cost': 177}",0.622848,513,"{'valid': True, 'safe': True, 'raw_fallback': False, 'length_m': 12.4757, 'max_curvature_1pm': 0.107615, 'curvature_energy_1pm': 0.000879378, 'pivot_rotation_rad': 1.43586, 'peak_proximity_cost': 251}",0,0.627026,False,True,no_los_quality_not_worse,0.203384,252,0.41213,577,0,0,513,"{'shape_angular acceleration iteration did not converge': 5, 'shape_transition requires a reversing inner wheel': 29, 'transition requires a reversing inner wheel': 14}",0.141706,joint_d_q,0.05,,direct_metric,326,1ed3cfb73065490cb0278004c5bde5f64f7e0200e050b823b2622b178836137a,0,1,office_long_diagonal,True,5.974627433183846,3.057664084836579,12.6448596930439,1,0.24744497399842658
0.003,16.05221424328537,4.440892098500626e-16,7.987195237403141e-17,,0.4991405286776539,0.18825146149581692,0.21959563989254183,0,575,6.265956118272057,raw,0.05,510,9c9c6052c81206c4336b1b67820a7dce09f4b8f0f7a56f6fa033835c54b3fc0f,12.780370411930722,0,0.0,0,NavFnDijkstra,7a0b3ec36d88984463036d9f18d4c5001b536694aeb87eb83e4bb42ddeeaca83,257,,,,,,,,,,,,,,,,,,,,,,,,,,,,,,,,,,,,,,,,,,,,,,,,,,,9c9c6052c81206c4336b1b67820a7dce09f4b8f0f7a56f6fa033835c54b3fc0f,0,1,office_reverse_diagonal,True,16.05221424328537,6.265956118272057,12.780370411930722,1,0.010456800999236293
0.20700000000000002,6.100834087335398,0.049333135587094214,0.018278317422769523,,0.36993873543914746,0.21959563989254183,0.21959563989254183,0,594,2.609227998877683,pstmo,0.05,591,ff52ed11f8953f55ee3f940037791440f8b503edee1d6d3d9d95b31ee4dad3e0,12.683999302604652,0,0.0,0,NavFnDijkstra,7a0b3ec36d88984463036d9f18d4c5001b536694aeb87eb83e4bb42ddeeaca83,255,295,349,"[[5.2, 3], [4.54491, 3.18022], [3.39881, 3.14637], [2.25866, 2.34395], [1.6444, 2.26312], [0.793919, 1.90135], [0.549301, 1.65563], [0.454884, 1.11828], [0.274056, 0.851137], [-1.98816, -1.07988], [-2.25671, -1.26155], [-2.93286, -1.40931], [-5.2, -3]]",510,0.075,0.0407204,0.15,0,13,0,12,"[{'index': 0, 'x': 4.54491, 'y': 3.18022, 'turn_angle': 0.298001, 'incoming_length': 0.679425, 'outgoing_length': 1.1466, 'pivot_safe': True, 'pass_through': False, 'equivalent_radius_min': 0.133233, 'equivalent_radius_max': 4.52608, 'trim_min': 0.02, 'trim_max': 0.679425, 'trim_evaluations': 20, 'evaluations': 40, 'safe_feasible': 19, 'states': 10, 'selected_radius': 4.52608, 'selected_trim': 0.679425, 'selected_control_distance': 0.223419, 'selected_control_fraction': 0.328835, 'selected_score': 0.164355}, {'index': 1, 'x': 3.39881, 'y': 3.14637, 'turn_angle': 0.583738, 'incoming_length': 1.1466, 'outgoing_length': 1.39421, 'pivot_safe': True, 'pass_through': False, 'equivalent_radius_min': 0.0665669, 'equivalent_radius_max': 3.81628, 'trim_min': 0.02, 'trim_max': 1.1466, 'trim_evaluations': 20, 'evaluations': 40, 'safe_feasible': 17, 'states': 10, 'selected_radius': 0.441538, 'selected_trim': 0.13266, 'selected_control_distance': 0.046431, 'selected_control_fraction': 0.35, 'selected_score': 0.610187}, {'index': 2, 'x': 2.25866, 'y': 2.34395, 'turn_angle': -0.482428, 'incoming_length': 1.39421, 'outgoing_length': 0.619562, 'pivot_safe': True, 'pass_through': False, 'equivalent_radius_min': 0.0812995, 'equivalent_radius_max': 2.5185, 'trim_min': 0.02, 'trim_max': 0.619562, 'trim_evaluations': 20, 'evaluations': 40, 'safe_feasible': 18, 'states': 10, 'selected_radius': 0.56874, 'selected_trim': 0.139912, 'selected_control_distance': 0.0457363, 'selected_control_fraction': 0.326893, 'selected_score': 0.497444}, {'index': 3, 'x': 1.6444, 'y': 2.26312, 'turn_angle': 0.27134, 'incoming_length': 0.619562, 'outgoing_length': 0.924221, 'pivot_safe': True, 'pass_through': False, 'equivalent_radius_min': 0.146511, 'equivalent_radius_max': 4.53863, 'trim_min': 0.02, 'trim_max': 0.619562, 'trim_evaluations': 20, 'evaluations': 40, 'safe_feasible': 19, 'states': 10, 'selected_radius': 0.585722, 'selected_trim': 0.0799562, 'selected_control_distance': 0.0263085, 'selected_control_fraction': 0.329036, 'selected_score': 0.362521}, {'index': 4, 'x': 0.793919, 'y': 1.90135, 'turn_angle': 0.385473, 'incoming_length': 0.924221, 'outgoing_length': 0.346724, 'pivot_safe': True, 'pass_through': False, 'equivalent_radius_min': 0.102481, 'equivalent_radius_max': 1.77662, 'trim_min': 0.02, 'trim_max': 0.346724, 'trim_evaluations': 20, 'evaluations': 40, 'safe_feasible': 18, 'states': 10, 'selected_radius': 0.437309, 'selected_trim': 0.0853448, 'selected_control_distance': 0.0279963, 'selected_control_fraction': 0.328037, 'selected_score': 0.499308}, {'index': 5, 'x': 0.549301, 'y': 1.65563, 'turn_angle': 0.609213, 'incoming_length': 0.346724, 'outgoing_length': 0.545585, 'pivot_safe': True, 'pass_through': False, 'equivalent_radius_min': 0.0636151, 'equivalent_radius_max': 1.10285, 'trim_min': 0.02, 'trim_max': 0.346724, 'trim_evaluations': 20, 'evaluations': 40, 'safe_feasible': 17, 'states': 10, 'selected_radius': 0.635192, 'selected_trim': 0.199698, 'selected_control_distance': 0.064894, 'selected_control_fraction': 0.32496, 'selected_score': 0.526973}, {'index': 6, 'x': 0.454884, 'y': 1.11828, 'turn_angle': -0.421121, 'incoming_length': 0.545585, 'outgoing_length': 0.322588, 'pivot_safe': True, 'pass_through': False, 'equivalent_radius_min': 0.0935767, 'equivalent_radius_max': 1.50934, 'trim_min': 0.02, 'trim_max': 0.322588, 'trim_evaluations': 20, 'evaluations': 40, 'safe_feasible': 18, 'states': 10, 'selected_radius': 0.943033, 'selected_trim': 0.201553, 'selected_control_distance': 0.0705436, 'selected_control_fraction': 0.35, 'selected_score': 0.371778}, {'index': 7, 'x': 0.274056, 'y': 0.851137, 'turn_angle': -0.269165, 'incoming_length': 0.322588, 'outgoing_length': 2.9743, 'pivot_safe': True, 'pass_through': False, 'equivalent_radius_min': 0.147709, 'equivalent_radius_max': 2.38247, 'trim_min': 0.02, 'trim_max': 0.322588, 'trim_evaluations': 20, 'evaluations': 40, 'safe_feasible': 18, 'states': 10, 'selected_radius': 0.427054, 'selected_trim': 0.0578236, 'selected_control_distance': 0.0190269, 'selected_control_fraction': 0.329052, 'selected_score': 0.426318}, {'index': 8, 'x': -1.98816, 'y': -1.07988, 'turn_angle': -0.111809, 'incoming_length': 2.9743, 'outgoing_length': 0.324221, 'pivot_safe': True, 'pass_through': False, 'equivalent_radius_min': 0.357382, 'equivalent_radius_max': 5.79353, 'trim_min': 0.02, 'trim_max': 0.324221, 'trim_evaluations': 20, 'evaluations': 40, 'safe_feasible': 20, 'states': 10, 'selected_radius': 0.900997, 'selected_trim': 0.0504221, 'selected_control_distance': 0.0166311, 'selected_control_fraction': 0.329838, 'selected_score': 0.186035}, {'index': 9, 'x': -2.25671, 'y': -1.26155, 'turn_angle': -0.379623, 'incoming_length': 0.324221, 'outgoing_length': 0.69211, 'pivot_safe': True, 'pass_through': False, 'equivalent_radius_min': 0.104099, 'equivalent_radius_max': 1.68756, 'trim_min': 0.02, 'trim_max': 0.324221, 'trim_evaluations': 20, 'evaluations': 40, 'safe_feasible': 18, 'states': 10, 'selected_radius': 1.05418, 'selected_trim': 0.202533, 'selected_control_distance': 0.0664503, 'selected_control_fraction': 0.328097, 'selected_score': 0.330004}, {'index': 10, 'x': -2.93286, 'y': -1.40931, 'turn_angle': 0.396674, 'incoming_length': 0.69211, 'outgoing_length': 2.76952, 'pivot_safe': True, 'pass_through': False, 'equivalent_radius_min': 0.0995128, 'equivalent_radius_max': 3.44369, 'trim_min': 0.02, 'trim_max': 0.69211, 'trim_evaluations': 20, 'evaluations': 40, 'safe_feasible': 18, 'states': 10, 'selected_radius': 1.43718, 'selected_trim': 0.288844, 'selected_control_distance': 0.0947174, 'selected_control_fraction': 0.327919, 'selected_score': 0.287173}]",11,110,440,none,11,0,0,True,False,,,False,0.15,True,,"{'valid': True, 'safe': True, 'raw_fallback': False, 'length_m': 12.684, 'max_curvature_1pm': 2.60923, 'curvature_energy_1pm': 6.10083, 'pivot_rotation_rad': 0, 'peak_proximity_cost': 177}",0.617265,510,"{'valid': True, 'safe': True, 'raw_fallback': True, 'length_m': 12.7804, 'max_curvature_1pm': 6.26596, 'curvature_energy_1pm': 16.0522, 'pivot_rotation_rad': 0, 'peak_proximity_cost': 221}",0,1.22196,False,True,no_los_quality_not_worse,0.206384,252,0.387463,591,0,0,510,"{'angular acceleration iteration did not converge': 2, 'shape_angular acceleration iteration did not converge': 13, 'shape_transition requires a reversing inner wheel': 36, 'transition requires a reversing inner wheel': 18}",0.158141,joint_d_q,0.05,,direct_metric,391,9c9c6052c81206c4336b1b67820a7dce09f4b8f0f7a56f6fa033835c54b3fc0f,0,1,office_reverse_diagonal,True,6.100834087335398,2.609227998877683,12.683999302604652,1,0.22111120999943523
0.0,12.487875307231155,2.220446049250313e-16,4.361498989538787e-17,,0.606001952266755,0.17079994476667312,0.2146446641391273,0,262,6.6196183814169585,raw,0.05,229,b8e72b246a72f453e0a021f5fc69989ab6da86565a4b632070bce14c465db068,5.752733819335554,0,0.0,0,NavFnDijkstra,282fea9f83806861d57d85cd6a06b74b8a2ba3837ded1f112b11cadce52770a6,117,,,,,,,,,,,,,,,,,,,,,,,,,,,,,,,,,,,,,,,,,,,,,,,,,,,b8e72b246a72f453e0a021f5fc69989ab6da86565a4b632070bce14c465db068,0,1,west_room_to_room,True,12.487875307231155,6.6196183814169585,5.752733819335554,1,0.006075778999729664
0.081,0.5376714869047963,0.12825941570481597,0.06266211349949467,,0.347488995238497,0.16464466339406925,0.16464466339406925,0,333,0.7998526817000131,pstmo,0.05,324,e9ab382ba79345b2358a7fead0cec1f4827d7db908a75bf6c5cb197ca9deb159,5.635722020386661,0,0.0,0,NavFnDijkstra,282fea9f83806861d57d85cd6a06b74b8a2ba3837ded1f112b11cadce52770a6,114,100,30,"[[-4.2, -2.5], [-3.41472, -0.153137], [-3.46013, 1.83035], [-4.2, 2.8]]",4,0.075,0,0.15,0,4,0,0,"[{'index': 0, 'x': -3.41472, 'y': -0.153137, 'turn_angle': 0.345794, 'incoming_length': 2.47476, 'outgoing_length': 1.98401, 'pivot_safe': True, 'pass_through': False, 'equivalent_radius_min': 0.114521, 'equivalent_radius_max': 11.3605, 'trim_min': 0.02, 'trim_max': 1.98401, 'trim_evaluations': 20, 'evaluations': 40, 'safe_feasible': 10, 'states': 10, 'selected_radius': 4.64807, 'selected_trim': 0.811742, 'selected_control_distance': 0.28411, 'selected_control_fraction': 0.35, 'selected_score': 0.214866}, {'index': 1, 'x': -3.46013, 'y': 1.83035, 'turn_angle': 0.628892, 'incoming_length': 1.98401, 'outgoing_length': 1.21968, 'pivot_safe': True, 'pass_through': False, 'equivalent_radius_min': 0.0614937, 'equivalent_radius_max': 3.75013, 'trim_min': 0.02, 'trim_max': 1.21968, 'trim_evaluations': 20, 'evaluations': 40, 'safe_feasible': 12, 'states': 10, 'selected_radius': 1.46779, 'selected_trim': 0.477378, 'selected_control_distance': 0.167082, 'selected_control_fraction': 0.35, 'selected_score': 0.416893}]",2,20,80,none,2,3,178,True,True,,,False,0.15,True,,"{'valid': True, 'safe': True, 'raw_fallback': False, 'length_m': 5.70062, 'max_curvature_1pm': 1.4595, 'curvature_energy_1pm': 0.791332, 'pivot_rotation_rad': 0, 'peak_proximity_cost': 177}",0.447612,4,"{'valid': True, 'safe': True, 'raw_fallback': False, 'length_m': 5.63572, 'max_curvature_1pm': 0.799853, 'curvature_energy_1pm': 0.537671, 'pivot_rotation_rad': 0, 'peak_proximity_cost': 253}",175,0.442256,True,True,los_quality_improvement,0.0809827,252,0.315879,324,0,0,229,"{'shape_angular acceleration iteration did not converge': 1, 'shape_swept_footprint': 30, 'shape_transition requires a reversing inner wheel': 11, 'swept_footprint': 13, 'transition requires a reversing inner wheel': 5}",0.0263467,joint_d_q,0.05,,direct_metric,38,b8e72b246a72f453e0a021f5fc69989ab6da86565a4b632070bce14c465db068,0,1,west_room_to_room,True,0.5376714869047963,0.7998526817000131,5.635722020386661,1,0.09130082699994091
0.0,113.16055064418038,4.440892098500626e-16,5.935199275753972e-17,,0.46198637645807095,0.11464466264901119,0.17319064603232984,0,509,14.831751055901188,raw,0.05,467,9f1e2d7a1fa37b4faaac9e4408924a16325fa6bd905d9cb06d7a4dedcfc59c57,11.63372003346132,0,0.0,0,NavFnDijkstra,6540d31889cbef75ecb460166c77fe6e22ad82f24c0fb602b7d51acbea8d1aea,235,,,,,,,,,,,,,,,,,,,,,,,,,,,,,,,,,,,,,,,,,,,,,,,,,,,9f1e2d7a1fa37b4faaac9e4408924a16325fa6bd905d9cb06d7a4dedcfc59c57,0,1,east_room_to_room,True,113.16055064418038,14.831751055901188,11.63372003346132,1,0.009254032000171719
0.273,11.307600208805178,0.09966437570229257,0.0276570569395596,,0.46959607894078403,0.11464466264901119,0.17079994476667312,0,605,9.083722584895947,pstmo,0.05,565,5c3bf6fdac65013acfc66fb892d839f9e54d1132a50da23dce6aa8d3d8b9b2cf,11.417697016399732,1,0.5452575754234235,0.5452575754234235,NavFnDijkstra,6540d31889cbef75ecb460166c77fe6e22ad82f24c0fb602b7d51acbea8d1aea,230,298,295,"[[4.2, -2.5], [3.48762, -2.4601], [2.45147, -2.20403], [1.7712, -2.02651], [1.49284, -1.81904], [0.444775, 1.3365], [0.486853, 1.55174], [0.749548, 1.84042], [1.64899, 2.20979], [2.29826, 2.33871], [3.54623, 3.16489], [4.71571, 3.13945], [5, 2.8]]",467,0.075,0.06447,0.15,0,13,0,12,"[{'index': 0, 'x': 3.48762, 'y': -2.4601, 'turn_angle': -0.186326, 'incoming_length': 0.713492, 'outgoing_length': 1.06732, 'pivot_safe': True, 'pass_through': False, 'equivalent_radius_min': 0.214056, 'equivalent_radius_max': 7.63637, 'trim_min': 0.02, 'trim_max': 0.713492, 'trim_evaluations': 20, 'evaluations': 40, 'safe_feasible': 20, 'states': 10, 'selected_radius': 7.63637, 'selected_trim': 0.713492, 'selected_control_distance': 0.249722, 'selected_control_fraction': 0.35, 'selected_score': 0.0248683}, {'index': 1, 'x': 2.45147, 'y': -2.20403, 'turn_angle': -0.0129822, 'incoming_length': 1.06732, 'outgoing_length': 0.703055, 'pivot_safe': True, 'pass_through': True, 'equivalent_radius_min': 0, 'equivalent_radius_max': 0, 'trim_min': 0, 'trim_max': 0, 'trim_evaluations': 0, 'evaluations': 0, 'safe_feasible': 0, 'states': 1, 'selected_radius': 0, 'selected_trim': 0, 'selected_control_distance': 0, 'selected_control_fraction': 0, 'selected_score': 0}, {'index': 2, 'x': 1.7712, 'y': -2.02651, 'turn_angle': -0.385244, 'incoming_length': 0.703055, 'outgoing_length': 0.347167, 'pivot_safe': True, 'pass_through': False, 'equivalent_radius_min': 0.102543, 'equivalent_radius_max': 1.77997, 'trim_min': 0.02, 'trim_max': 0.347167, 'trim_evaluations': 20, 'evaluations': 40, 'safe_feasible': 18, 'states': 10, 'selected_radius': 0.773516, 'selected_trim': 0.150867, 'selected_control_distance': 0.0494902, 'selected_control_fraction': 0.328039, 'selected_score': 0.412576}, {'index': 3, 'x': 1.49284, 'y': -1.81904, 'turn_angle': -0.609617, 'incoming_length': 0.347167, 'outgoing_length': 3.32504, 'pivot_safe': True, 'pass_through': False, 'equivalent_radius_min': 0.0635702, 'equivalent_radius_max': 1.10347, 'trim_min': 0.02, 'trim_max': 0.347167, 'trim_evaluations': 20, 'evaluations': 40, 'safe_feasible': 17, 'states': 10, 'selected_radius': 0.323546, 'selected_trim': 0.101792, 'selected_control_distance': 0.0356271, 'selected_control_fraction': 0.35, 'selected_score': 0.642173}, {'index': 4, 'x': 0.444775, 'y': 1.3365, 'turn_angle': -0.513727, 'incoming_length': 3.32504, 'outgoing_length': 0.219318, 'pivot_safe': True, 'pass_through': False, 'equivalent_radius_min': 0.0761424, 'equivalent_radius_max': 0.834969, 'trim_min': 0.02, 'trim_max': 0.219318, 'trim_evaluations': 20, 'evaluations': 40, 'safe_feasible': 17, 'states': 10, 'selected_radius': 0.341732, 'selected_trim': 0.0897612, 'selected_control_distance': 0.0293037, 'selected_control_fraction': 0.326463, 'selected_score': 0.64138}, {'index': 5, 'x': 0.486853, 'y': 1.55174, 'turn_angle': -0.545258, 'incoming_length': 0.219318, 'outgoing_length': 0.390312, 'pivot_safe': True, 'pass_through': False, 'equivalent_radius_min': 0.0715332, 'equivalent_radius_max': 0.784426, 'trim_min': 0.02, 'trim_max': 0.219318, 'trim_evaluations': 20, 'evaluations': 40, 'safe_feasible': 18, 'states': 10, 'selected_radius': 0, 'selected_trim': 0, 'selected_control_distance': 0, 'selected_control_fraction': 0, 'selected_score': 0}, {'index': 6, 'x': 0.749548, 'y': 1.84042, 'turn_angle': -0.442811, 'incoming_length': 0.390312, 'outgoing_length': 0.972336, 'pivot_safe': True, 'pass_through': False, 'equivalent_radius_min': 0.0888512, 'equivalent_radius_max': 1.73398, 'trim_min': 0.02, 'trim_max': 0.390312, 'trim_evaluations': 20, 'evaluations': 40, 'safe_feasible': 18, 'states': 10, 'selected_radius': 0.58239, 'selected_trim': 0.131093, 'selected_control_distance': 0.0429192, 'selected_control_fraction': 0.327394, 'selected_score': 0.484253}, {'index': 7, 'x': 1.64899, 'y': 2.20979, 'turn_angle': -0.193669, 'incoming_length': 0.972336, 'outgoing_length': 0.661943, 'pivot_safe': True, 'pass_through': False, 'equivalent_radius_min': 0.205892, 'equivalent_radius_max': 6.81444, 'trim_min': 0.02, 'trim_max': 0.661943, 'trim_evaluations': 20, 'evaluations': 40, 'safe_feasible': 20, 'states': 10, 'selected_radius': 1.5276, 'selected_trim': 0.148389, 'selected_control_distance': 0.051936, 'selected_control_fraction': 0.35, 'selected_score': 0.203744}, {'index': 8, 'x': 2.29826, 'y': 2.33871, 'turn_angle': 0.388774, 'incoming_length': 0.661943, 'outgoing_length': 1.49667, 'pivot_safe': True, 'pass_through': False, 'equivalent_radius_min': 0.101588, 'equivalent_radius_max': 3.36229, 'trim_min': 0.02, 'trim_max': 0.661943, 'trim_evaluations': 20, 'evaluations': 40, 'safe_feasible': 18, 'states': 10, 'selected_radius': 0.427658, 'selected_trim': 0.0841943, 'selected_control_distance': 0.0276159, 'selected_control_fraction': 0.328002, 'selected_score': 0.512283}, {'index': 9, 'x': 3.54623, 'y': 3.16489, 'turn_angle': -0.606527, 'incoming_length': 1.49667, 'outgoing_length': 1.16975, 'pivot_safe': True, 'pass_through': False, 'equivalent_radius_min': 0.063915, 'equivalent_radius_max': 3.73824, 'trim_min': 0.02, 'trim_max': 1.16975, 'trim_evaluations': 20, 'evaluations': 40, 'safe_feasible': 17, 'states': 10, 'selected_radius': 0.798781, 'selected_trim': 0.249951, 'selected_control_distance': 0.0812357, 'selected_control_fraction': 0.325007, 'selected_score': 0.495258}, {'index': 10, 'x': 4.71571, 'y': 3.13945, 'turn_angle': -0.851863, 'incoming_length': 1.16975, 'outgoing_length': 0.442774, 'pivot_safe': True, 'pass_through': False, 'equivalent_radius_min': 0.0440814, 'equivalent_radius_max': 0.975906, 'trim_min': 0.02, 'trim_max': 0.442774, 'trim_evaluations': 20, 'evaluations': 40, 'safe_feasible': 17, 'states': 10, 'selected_radius': 0.975906, 'selected_trim': 0.442774, 'selected_control_distance': 0.141565, 'selected_control_fraction': 0.319722, 'selected_score': 0.555964}]",11,101,400,none,9,0,0,True,False,,,False,0.15,True,,"{'valid': True, 'safe': True, 'raw_fallback': False, 'length_m': 11.4187, 'max_curvature_1pm': 3.53895, 'curvature_energy_1pm': 7.05632, 'pivot_rotation_rad': 0.545258, 'peak_proximity_cost': 251}",0.704074,467,"{'valid': True, 'safe': True, 'raw_fallback': False, 'length_m': 11.4187, 'max_curvature_1pm': 3.53895, 'curvature_energy_1pm': 7.05632, 'pivot_rotation_rad': 0.545258, 'peak_proximity_cost': 251}",0,0.704074,False,True,no_los_quality_not_worse,0.271612,252,0.441389,565,1,1,467,"{'angular acceleration iteration did not converge': 2, 'shape_angular acceleration iteration did not converge': 12, 'shape_transition requires a reversing inner wheel': 40, 'transition requires a reversing inner wheel': 19}",0.136183,joint_d_q,0.05,,direct_metric,347,9f1e2d7a1fa37b4faaac9e4408924a16325fa6bd905d9cb06d7a4dedcfc59c57,0,1,east_room_to_room,True,7.0563197421622625,3.5389477272626637,11.418742316867988,2,0.28357648000019253
0.0,44.41217751297117,2.220446049250313e-16,5.58716753840746e-17,,0.5572783047382535,0.17677669793081488,0.25830536084642114,0,426,11.78650442963376,raw,0.05,425,d02a2e97bccf8b8c3380826a5d3cc271e81d182cd30ee6dfc1a584405ecbd36a,10.635572203756414,0,0.0,0,NavFnDijkstra,795ef0599db85850744f1dc64af9025c91be3db00637b0cf9d1518188055d30f,215,,,,,,,,,,,,,,,,,,,,,,,,,,,,,,,,,,,,,,,,,,,,,,,,,,,d02a2e97bccf8b8c3380826a5d3cc271e81d182cd30ee6dfc1a584405ecbd36a,0,1,lower_cross_offices,True,44.41217751297117,11.78650442963376,10.635572203756414,1,0.008241616998930112
0.126,4.973547329486474,0.24712493101688734,0.07456893624905017,,0.398773608381356,0.035355339586162986,0.06464466190395313,0,719,8.763906672635471,pstmo,0.05,709,d9e86583e4e337c24ae12aee86b07f600d9598f739bb905205287492d6d66cd8,10.433225318294495,1,0.6266770458352633,0.6266770458352633,NavFnDijkstra,795ef0599db85850744f1dc64af9025c91be3db00637b0cf9d1518188055d30f,210,100,169,"[[-5, -1.2], [-2.36615, -1.32066], [-1.16575, -2.35995], [-0.00998641, -2.46065], [1.5407, -2.04621], [2.2923, -2.00102], [5, -1.2]]",425,0.075,0.0624552,0.15,0,7,0,6,"[{'index': 0, 'x': -2.36615, 'y': -1.32066, 'turn_angle': -0.667807, 'incoming_length': 2.63661, 'outgoing_length': 1.5878, 'pivot_safe': True, 'pass_through': False, 'equivalent_radius_min': 0.0576548, 'equivalent_radius_max': 4.5772, 'trim_min': 0.02, 'trim_max': 1.5878, 'trim_evaluations': 20, 'evaluations': 40, 'safe_feasible': 17, 'states': 10, 'selected_radius': 4.40772, 'selected_trim': 1.529, 'selected_control_distance': 0.495228, 'selected_control_fraction': 0.323889, 'selected_score': 0.263872}, {'index': 1, 'x': -1.16575, 'y': -2.35995, 'turn_angle': 0.626677, 'incoming_length': 1.5878, 'outgoing_length': 1.16014, 'pivot_safe': True, 'pass_through': False, 'equivalent_radius_min': 0.061726, 'equivalent_radius_max': 3.58055, 'trim_min': 0.02, 'trim_max': 1.16014, 'trim_evaluations': 20, 'evaluations': 40, 'safe_feasible': 17, 'states': 10, 'selected_radius': 0, 'selected_trim': 0, 'selected_control_distance': 0, 'selected_control_fraction': 0, 'selected_score': 0}, {'index': 2, 'x': -0.00998641, 'y': -2.46065, 'turn_angle': 0.348068, 'incoming_length': 1.16014, 'outgoing_length': 1.60511, 'pivot_safe': True, 'pass_through': False, 'equivalent_radius_min': 0.113758, 'equivalent_radius_max': 6.59875, 'trim_min': 0.02, 'trim_max': 1.16014, 'trim_evaluations': 20, 'evaluations': 40, 'safe_feasible': 19, 'states': 10, 'selected_radius': 5.95025, 'selected_trim': 1.04613, 'selected_control_distance': 0.366145, 'selected_control_fraction': 0.35, 'selected_score': 0.133797}, {'index': 3, 'x': 1.5407, 'y': -2.04621, 'turn_angle': -0.201107, 'incoming_length': 1.60511, 'outgoing_length': 0.752959, 'pivot_safe': True, 'pass_through': False, 'equivalent_radius_min': 0.198228, 'equivalent_radius_max': 7.46287, 'trim_min': 0.02, 'trim_max': 0.752959, 'trim_evaluations': 20, 'evaluations': 40, 'safe_feasible': 20, 'states': 10, 'selected_radius': 3.10409, 'selected_trim': 0.313183, 'selected_control_distance': 0.109614, 'selected_control_fraction': 0.35, 'selected_score': 0.138447}, {'index': 4, 'x': 2.2923, 'y': -2.00102, 'turn_angle': 0.227578, 'incoming_length': 0.752959, 'outgoing_length': 2.8237, 'pivot_safe': True, 'pass_through': False, 'equivalent_radius_min': 0.175005, 'equivalent_radius_max': 6.58857, 'trim_min': 0.02, 'trim_max': 0.752959, 'trim_evaluations': 20, 'evaluations': 40, 'safe_feasible': 20, 'states': 10, 'selected_radius': 1.45772, 'selected_trim': 0.166592, 'selected_control_distance': 0.0548627, 'selected_control_fraction': 0.329324, 'selected_score': 0.217017}]",5,50,200,none,4,0,0,True,False,,,False,0.15,True,,"{'valid': True, 'safe': True, 'raw_fallback': False, 'length_m': 10.4353, 'max_curvature_1pm': 0.80499, 'curvature_energy_1pm': 0.444457, 'pivot_rotation_rad': 0.626677, 'peak_proximity_cost': 253}",0.596964,425,"{'valid': True, 'safe': True, 'raw_fallback': False, 'length_m': 10.3635, 'max_curvature_1pm': 2.71826, 'curvature_energy_1pm': 2.04912, 'pivot_rotation_rad': 0, 'peak_proximity_cost': 253}",0,0.595242,False,True,no_los_quality_not_worse,0.124443,252,0.188283,709,0,1,425,"{'shape_angular acceleration iteration did not converge': 1, 'shape_transition requires a reversing inner wheel': 16, 'transition requires a reversing inner wheel': 7}",0.0888639,joint_d_q,0.05,,direct_metric,183,d02a2e97bccf8b8c3380826a5d3cc271e81d182cd30ee6dfc1a584405ecbd36a,0,1,lower_cross_offices,True,0.4444574855877057,0.804989971020076,10.435320949571974,2,0.1426202740003646
0.003,53.15987771194535,4.440892098500626e-16,5.122525278143673e-17,,0.33898752015322253,0.06464466190395313,0.07644806095482698,0,450,12.079677362012067,raw,0.05,449,bbf00b16501daa49dd746c710a67e8853b0b9d8e9f21a191b7b3994812131916,11.239757464296638,0,0.0,0,NavFnDijkstra,cb75e520c22ed7d48cd178850f6c6d3166a877717d9f06e06ba0f89808d4732d,227,,,,,,,,,,,,,,,,,,,,,,,,,,,,,,,,,,,,,,,,,,,,,,,,,,,bbf00b16501daa49dd746c710a67e8853b0b9d8e9f21a191b7b3994812131916,0,1,upper_cross_offices,True,53.15987771194535,12.079677362012067,11.239757464296638,1,0.01016405200061854
,,,,"smoothing failed: status=6, code=504, message=''",,,,,,,pstmo,,,,,,,,NavFnDijkstra,cb75e520c22ed7d48cd178850f6c6d3166a877717d9f06e06ba0f89808d4732d,,,,,,,,,,,,,,,,,,,,,,,,,,,,,,,,,,,,,,,,,,,,,,,,,,,,bbf00b16501daa49dd746c710a67e8853b0b9d8e9f21a191b7b3994812131916,0,1,upper_cross_offices,False,,,,,
0.003,28.188377923477987,2.220446049250313e-16,3.596406258643604e-17,,0.5443109308423578,0.1449222268733815,0.20936602361046525,0,337,11.483198417080999,raw,0.05,303,06bfa3ba599aa1f4b83be80cffd3c5b6110fd25d9ead2f7556734c93909430b8,7.586474411730306,0,0.0,0,NavFnDijkstra,57cdd2d9ea30f7ed2e2f7137884cf47ab1d54fee0fc99344ace63202f33c7890,153,,,,,,,,,,,,,,,,,,,,,,,,,,,,,,,,,,,,,,,,,,,,,,,,,,,06bfa3ba599aa1f4b83be80cffd3c5b6110fd25d9ead2f7556734c93909430b8,0,1,central_u_turn,True,28.188377923477987,11.483198417080999,7.586474411730306,1,0.006491874999483116
0.10800000000000001,3.464908685158985,0.29581215734359806,0.11051456858104251,,0.4516019429089226,0.035355339586162986,0.035355339586162986,0,537,2.589425072928658,pstmo,0.05,525,1932f54a1a0079bbfb275103664ede18de9582a36f1729026cce3b5cec6772d4,7.415687258384466,0,0.0,0,NavFnDijkstra,57cdd2d9ea30f7ed2e2f7137884cf47ab1d54fee0fc99344ace63202f33c7890,150,125,141,"[[-1.5, -3], [-1.36615, -1.06853], [0.393667, 1.02889], [0.473034, 1.33649], [0.421694, 1.63008], [0.201672, 1.86604], [-1.5, 2.8]]",303,0.075,0.0731912,0.15,0,7,0,6,"[{'index': 0, 'x': -1.36615, 'y': -1.06853, 'turn_angle': -0.628908, 'incoming_length': 1.9361, 'outgoing_length': 2.73791, 'pivot_safe': True, 'pass_through': False, 'equivalent_radius_min': 0.061492, 'equivalent_radius_max': 5.95273, 'trim_min': 0.02, 'trim_max': 1.9361, 'trim_evaluations': 20, 'evaluations': 40, 'safe_feasible': 18, 'states': 10, 'selected_radius': 5.95273, 'selected_trim': 1.9361, 'selected_control_distance': 0.628484, 'selected_control_fraction': 0.324613, 'selected_score': 0.233009}, {'index': 1, 'x': 0.393667, 'y': 1.02889, 'turn_angle': 0.445589, 'incoming_length': 2.73791, 'outgoing_length': 0.317679, 'pivot_safe': True, 'pass_through': False, 'equivalent_radius_min': 0.0882787, 'equivalent_radius_max': 1.40221, 'trim_min': 0.02, 'trim_max': 0.317679, 'trim_evaluations': 20, 'evaluations': 40, 'safe_feasible': 18, 'states': 10, 'selected_radius': 0.679549, 'selected_trim': 0.153955, 'selected_control_distance': 0.0538844, 'selected_control_fraction': 0.35, 'selected_score': 0.45715}, {'index': 2, 'x': 0.473034, 'y': 1.33649, 'turn_angle': 0.425626, 'incoming_length': 0.317679, 'outgoing_length': 0.298046, 'pivot_safe': True, 'pass_through': False, 'equivalent_radius_min': 0.0925562, 'equivalent_radius_max': 1.3793, 'trim_min': 0.02, 'trim_max': 0.298046, 'trim_evaluations': 20, 'evaluations': 40, 'safe_feasible': 18, 'states': 10, 'selected_radius': 0.414242, 'selected_trim': 0.0895115, 'selected_control_distance': 0.0293237, 'selected_control_fraction': 0.327597, 'selected_score': 0.551884}, {'index': 3, 'x': 0.421694, 'y': 1.63008, 'turn_angle': 0.577337, 'incoming_length': 0.298046, 'outgoing_length': 0.322627, 'pivot_safe': True, 'pass_through': False, 'equivalent_radius_min': 0.0673484, 'equivalent_radius_max': 1.00365, 'trim_min': 0.02, 'trim_max': 0.298046, 'trim_evaluations': 20, 'evaluations': 40, 'safe_feasible': 17, 'states': 10, 'selected_radius': 0.441867, 'selected_trim': 0.131218, 'selected_control_distance': 0.0459264, 'selected_control_fraction': 0.35, 'selected_score': 0.618065}, {'index': 4, 'x': 0.201672, 'y': 1.86604, 'turn_angle': 0.318384, 'incoming_length': 0.322627, 'outgoing_length': 1.94112, 'pivot_safe': True, 'pass_through': False, 'equivalent_radius_min': 0.124571, 'equivalent_radius_max': 2.0095, 'trim_min': 0.02, 'trim_max': 0.322627, 'trim_evaluations': 20, 'evaluations': 40, 'safe_feasible': 18, 'states': 10, 'selected_radius': 0.69005, 'selected_trim': 0.110788, 'selected_control_distance': 0.0387758, 'selected_control_fraction': 0.35, 'selected_score': 0.392899}]",5,50,200,none,5,0,0,True,False,,,False,0.15,True,,"{'valid': True, 'safe': True, 'raw_fallback': False, 'length_m': 7.41569, 'max_curvature_1pm': 2.58943, 'curvature_energy_1pm': 3.46491, 'pivot_rotation_rad': 0, 'peak_proximity_cost': 253}",0.630006,303,"{'valid': True, 'safe': True, 'raw_fallback': False, 'length_m': 7.3712, 'max_curvature_1pm': 6.61964, 'curvature_energy_1pm': 7.38799, 'pivot_rotation_rad': 0, 'peak_proximity_cost': 253}",0,0.718152,False,True,no_los_quality_not_worse,0.107628,252,0.450601,525,0,0,303,"{'angular acceleration iteration did not converge': 1, 'shape_angular acceleration iteration did not converge': 7, 'shape_transition requires a reversing inner wheel': 23, 'transition requires a reversing inner wheel': 10}",0.0738175,joint_d_q,0.05,,direct_metric,170,06bfa3ba599aa1f4b83be80cffd3c5b6110fd25d9ead2f7556734c93909430b8,0,1,central_u_turn,True,3.464908685158985,2.589425072928658,7.415687258384466,1,0.12294572199971299
0.003,25.57242987449492,4.440892098500626e-16,8.42438033850752e-17,,0.7629668436008764,0.17677669793081488,0.2310414518047665,0,257,14.600517117655517,raw,0.05,248,31eb8b11f2b975bc876450eeab57f42d691a535b03378ce18bc2824d2051f466,6.215303266889043,0,0.0,0,NavFnDijkstra,1d1dafbdf820e17029246450d4aa8f1c0a5ea1d03cf788e0eee399f4f2734788,126,,,,,,,,,,,,,,,,,,,,,,,,,,,,,,,,,,,,,,,,,,,,,,,,,,,31eb8b11f2b975bc876450eeab57f42d691a535b03378ce18bc2824d2051f466,0,1,east_partition_detour,True,25.57242987449492,14.600517117655517,6.215303266889043,1,0.006559073999596876
0.048,0.02732226785386581,0.1699706404855354,0.058947369015298116,,0.656389552548519,0.1449222268733815,0.1449222268733815,0,319,0.12271000765378298,pstmo,0.05,316,c545b8d0cb10811c995a35fa062b9fee85128deaf7282fb402a6a1af3d6989a5,6.138504112691685,0,0.0,0,NavFnDijkstra,1d1dafbdf820e17029246450d4aa8f1c0a5ea1d03cf788e0eee399f4f2734788,124,0,24,"[[0, -3], [2.90354, -1.42415], [5, 0.5]]",3,0.075,0,0.15,0,3,0,0,"[{'index': 0, 'x': 2.90354, 'y': -1.42415, 'turn_angle': 0.245323, 'incoming_length': 3.30361, 'outgoing_length': 2.84561, 'pivot_safe': True, 'pass_through': False, 'equivalent_radius_min': 0.162232, 'equivalent_radius_max': 16.2232, 'trim_min': 0.02, 'trim_max': 2, 'trim_evaluations': 20, 'evaluations': 40, 'safe_feasible': 15, 'states': 10, 'selected_radius': 9.59803, 'selected_trim': 1.18325, 'selected_control_distance': 0.414138, 'selected_control_fraction': 0.35, 'selected_score': 0.174575}]",1,10,40,none,1,2,114,True,True,,,False,0.15,True,,"{'valid': True, 'safe': True, 'raw_fallback': False, 'length_m': 6.17797, 'max_curvature_1pm': 1.64203, 'curvature_energy_1pm': 0.791531, 'pivot_rotation_rad': 0, 'peak_proximity_cost': 161}",0.442373,3,"{'valid': True, 'safe': True, 'raw_fallback': False, 'length_m': 6.1385, 'max_curvature_1pm': 0.12271, 'curvature_energy_1pm': 0.0273223, 'pivot_rotation_rad': 0, 'peak_proximity_cost': 253}",112,0.31086,True,True,los_quality_improvement,0.0474872,252,0.174575,316,0,0,248,"{'shape_swept_footprint': 14, 'swept_footprint': 5}",0.0205378,joint_d_q,0.05,,direct_metric,26,31eb8b11f2b975bc876450eeab57f42d691a535b03378ce18bc2824d2051f466,0,1,east_partition_detour,True,0.02732226785386581,0.12271000765378298,6.138504112691685,1,0.055953713999770116
0.003,54.38592215635246,4.440892098500626e-16,6.036776943385647e-17,,0.4720168463483055,0.1449222268733815,0.17079994476667312,0,451,13.635730032280904,raw,0.05,220,81a14af9baf7bd0a3c4abfece2dbcb96533e499289224970d2a7d079f59adf32,12.685865191803058,0,0.0,0,ThetaStar,780309a2bf273b22c782f2d999993c7264a839ae330163c4d1c3f71949fcb3c3,256,,,,,,,,,,,,,,,,,,,,,,,,,,,,,,,,,,,,,,,,,,,,,,,,,,,81a14af9baf7bd0a3c4abfece2dbcb96533e499289224970d2a7d079f59adf32,0,1,office_long_diagonal,True,54.38592215635246,13.635730032280904,12.685865191803058,1,0.009016199999678065
0.17700000000000002,0.9493818665395671,0.1915534745395224,0.08064006253673782,,0.38827821133780127,0.1449222268733815,0.1449222268733815,0,706,1.5038338287823174,pstmo,0.05,696,a3f9ad15db4032059568779edd6ebb4f2e01d4081cd68afd6f94d54c55fcaacf,12.406485177202034,0,0.0,0,ThetaStar,780309a2bf273b22c782f2d999993c7264a839ae330163c4d1c3f71949fcb3c3,250,226,78,"[[-5.2, -3], [-1.625, -0.675], [0.476262, 1.26597], [0.871562, 1.89322], [3.825, 3.175], [5.2, 3]]",6,0.075,0,0.15,0,6,0,0,"[{'index': 0, 'x': -1.625, 'y': -0.675, 'turn_angle': 0.169143, 'incoming_length': 4.26453, 'outgoing_length': 2.86054, 'pivot_safe': True, 'pass_through': False, 'equivalent_radius_min': 0.235922, 'equivalent_radius_max': 23.5922, 'trim_min': 0.02, 'trim_max': 2, 'trim_evaluations': 20, 'evaluations': 40, 'safe_feasible': 15, 'states': 10, 'selected_radius': 17.0232, 'selected_trim': 1.44313, 'selected_control_distance': 0.505094, 'selected_control_fraction': 0.35, 'selected_score': 0.160485}, {'index': 1, 'x': 0.476262, 'y': 1.26597, 'turn_angle': 0.262694, 'incoming_length': 2.86054, 'outgoing_length': 0.741422, 'pivot_safe': True, 'pass_through': False, 'equivalent_radius_min': 0.151392, 'equivalent_radius_max': 5.61226, 'trim_min': 0.02, 'trim_max': 0.741422, 'trim_evaluations': 20, 'evaluations': 40, 'safe_feasible': 13, 'states': 10, 'selected_radius': 0.697479, 'selected_trim': 0.0921422, 'selected_control_distance': 0.0303237, 'selected_control_fraction': 0.329097, 'selected_score': 0.406677}, {'index': 2, 'x': 0.871562, 'y': 1.89322, 'turn_angle': -0.598993, 'incoming_length': 0.741422, 'outgoing_length': 3.21959, 'pivot_safe': True, 'pass_through': False, 'equivalent_radius_min': 0.0647701, 'equivalent_radius_max': 2.4011, 'trim_min': 0.02, 'trim_max': 0.741422, 'trim_evaluations': 20, 'evaluations': 40, 'safe_feasible': 14, 'states': 10, 'selected_radius': 1.7294, 'selected_trim': 0.534013, 'selected_control_distance': 0.186905, 'selected_control_fraction': 0.35, 'selected_score': 0.379171}, {'index': 3, 'x': 3.825, 'y': 3.175, 'turn_angle': -0.536058, 'incoming_length': 3.21959, 'outgoing_length': 1.38609, 'pivot_safe': True, 'pass_through': False, 'equivalent_radius_min': 0.0728233, 'equivalent_radius_max': 5.04699, 'trim_min': 0.02, 'trim_max': 1.38609, 'trim_evaluations': 20, 'evaluations': 40, 'safe_feasible': 12, 'states': 10, 'selected_radius': 2.52882, 'selected_trim': 0.694508, 'selected_control_distance': 0.243078, 'selected_control_fraction': 0.35, 'selected_score': 0.306605}]",4,40,160,none,4,5,365,True,True,,,False,0.15,True,,"{'valid': True, 'safe': True, 'raw_fallback': False, 'length_m': 12.5895, 'max_curvature_1pm': 2.41785, 'curvature_energy_1pm': 5.52584, 'pivot_rotation_rad': 0, 'peak_proximity_cost': 177}",0.609204,6,"{'valid': True, 'safe': True, 'raw_fallback': False, 'length_m': 12.4065, 'max_curvature_1pm': 1.50383, 'curvature_energy_1pm': 0.949382, 'pivot_rotation_rad': 0, 'peak_proximity_cost': 253}",360,0.507099,True,True,los_quality_improvement,0.174628,252,0.313234,696,0,0,220,"{'shape_swept_footprint': 60, 'shape_transition requires a reversing inner wheel': 10, 'swept_footprint': 22, 'transition requires a reversing inner wheel': 4}",0.0559729,joint_d_q,0.05,,direct_metric,90,81a14af9baf7bd0a3c4abfece2dbcb96533e499289224970d2a7d079f59adf32,0,1,office_long_diagonal,True,0.9493818665395671,1.5038338287823174,12.406485177202034,1,0.18862704999992275
0.003,35.89322471141579,4.440892098500626e-16,9.152488170226225e-17,,0.4727085155896539,0.1449222268733815,0.18825146149581692,0,504,8.087983789289485,raw,0.05,221,76e662c3391458f8f431453a3a2b3f0b98a8ee65f1d0741e5f051983f1479b14,12.666030025769105,0,0.0,0,ThetaStar,96cbf87e92df8cc09d89cc8d496d4d8928ab3dfbfd860347d65d5d281f730ba6,255,,,,,,,,,,,,,,,,,,,,,,,,,,,,,,,,,,,,,,,,,,,,,,,,,,,76e662c3391458f8f431453a3a2b3f0b98a8ee65f1d0741e5f051983f1479b14,0,1,office_reverse_diagonal,True,35.89322471141579,8.087983789289485,12.666030025769105,1,0.0073735320002015214
0.186,4.989290028552434,0.053719953794893555,0.02420974394441977,,0.40012961355561816,0.2146446641391273,0.2146446641391273,0,607,2.59306478973608,pstmo,0.05,603,324a4379a83a6158b40d675dbb967690c5381d90abc11e63cb59d2aefeac1a32,12.5719205040301,0,0.0,0,ThetaStar,96cbf87e92df8cc09d89cc8d496d4d8928ab3dfbfd860347d65d5d281f730ba6,253,379,289,"[[5.2, 3], [4.725, 3.175], [3.325, 3.125], [2.33028, 2.45264], [0.825, 1.875], [0.625, 1.675], [0.425, 1.125], [-0.475, 0.475], [-2.225, -1.175], [-3.575, -1.775], [-5.2, -3]]",221,0.075,0.0583022,0.15,0,11,0,10,"[{'index': 0, 'x': 4.725, 'y': 3.175, 'turn_angle': 0.38869, 'incoming_length': 0.506211, 'outgoing_length': 1.40089, 'pivot_safe': True, 'pass_through': False, 'equivalent_radius_min': 0.101611, 'equivalent_radius_max': 2.57183, 'trim_min': 0.02, 'trim_max': 0.506211, 'trim_evaluations': 20, 'evaluations': 40, 'safe_feasible': 18, 'states': 10, 'selected_radius': 2.57183, 'selected_trim': 0.506211, 'selected_control_distance': 0.166039, 'selected_control_fraction': 0.328003, 'selected_score': 0.22658}, {'index': 1, 'x': 3.325, 'y': 3.125, 'turn_angle': 0.558688, 'incoming_length': 1.40089, 'outgoing_length': 1.20064, 'pivot_safe': True, 'pass_through': False, 'equivalent_radius_min': 0.0697242, 'equivalent_radius_max': 4.18569, 'trim_min': 0.02, 'trim_max': 1.20064, 'trim_evaluations': 20, 'evaluations': 40, 'safe_feasible': 17, 'states': 10, 'selected_radius': 0.481321, 'selected_trim': 0.138064, 'selected_control_distance': 0.0449802, 'selected_control_fraction': 0.325792, 'selected_score': 0.570016}, {'index': 2, 'x': 2.33028, 'y': 2.45264, 'turn_angle': -0.227974, 'incoming_length': 1.20064, 'outgoing_length': 1.61231, 'pivot_safe': True, 'pass_through': False, 'equivalent_radius_min': 0.174698, 'equivalent_radius_max': 10.4875, 'trim_min': 0.02, 'trim_max': 1.20064, 'trim_evaluations': 20, 'evaluations': 40, 'safe_feasible': 20, 'states': 10, 'selected_radius': 6.10454, 'selected_trim': 0.698869, 'selected_control_distance': 0.244604, 'selected_control_fraction': 0.35, 'selected_score': 0.156299}, {'index': 3, 'x': 0.825, 'y': 1.875, 'turn_angle': 0.418985, 'incoming_length': 1.61231, 'outgoing_length': 0.282843, 'pivot_safe': True, 'pass_through': False, 'equivalent_radius_min': 0.0940681, 'equivalent_radius_max': 1.33032, 'trim_min': 0.02, 'trim_max': 0.282843, 'trim_evaluations': 20, 'evaluations': 40, 'safe_feasible': 18, 'states': 10, 'selected_radius': 0.403132, 'selected_trim': 0.0857107, 'selected_control_distance': 0.0280851, 'selected_control_fraction': 0.327673, 'selected_score': 0.553585}, {'index': 4, 'x': 0.625, 'y': 1.675, 'turn_angle': 0.436627, 'incoming_length': 0.282843, 'outgoing_length': 0.585235, 'pivot_safe': True, 'pass_through': False, 'equivalent_radius_min': 0.0901513, 'equivalent_radius_max': 1.27493, 'trim_min': 0.02, 'trim_max': 0.282843, 'trim_evaluations': 20, 'evaluations': 40, 'safe_feasible': 18, 'states': 10, 'selected_radius': 0.445585, 'selected_trim': 0.0988528, 'selected_control_distance': 0.0323711, 'selected_control_fraction': 0.327468, 'selected_score': 0.552512}, {'index': 5, 'x': 0.425, 'y': 1.125, 'turn_angle': -0.59654, 'incoming_length': 0.585235, 'outgoing_length': 1.11018, 'pivot_safe': True, 'pass_through': False, 'equivalent_radius_min': 0.0650529, 'equivalent_radius_max': 1.90356, 'trim_min': 0.02, 'trim_max': 0.585235, 'trim_evaluations': 20, 'evaluations': 40, 'safe_feasible': 17, 'states': 10, 'selected_radius': 0.432755, 'selected_trim': 0.133047, 'selected_control_distance': 0.0432638, 'selected_control_fraction': 0.325177, 'selected_score': 0.641652}, {'index': 6, 'x': -0.475, 'y': 0.475, 'turn_angle': 0.13051, 'incoming_length': 1.11018, 'outgoing_length': 2.4052, 'pivot_safe': True, 'pass_through': False, 'equivalent_radius_min': 0.306055, 'equivalent_radius_max': 16.9888, 'trim_min': 0.02, 'trim_max': 1.11018, 'trim_evaluations': 20, 'evaluations': 40, 'safe_feasible': 20, 'states': 10, 'selected_radius': 2.3914, 'selected_trim': 0.156273, 'selected_control_distance': 0.0515353, 'selected_control_fraction': 0.329779, 'selected_score': 0.0597289}, {'index': 7, 'x': -2.225, 'y': -1.175, 'turn_angle': -0.337771, 'incoming_length': 2.4052, 'outgoing_length': 1.47733, 'pivot_safe': True, 'pass_through': False, 'equivalent_radius_min': 0.117296, 'equivalent_radius_max': 8.6642, 'trim_min': 0.02, 'trim_max': 1.47733, 'trim_evaluations': 20, 'evaluations': 40, 'safe_feasible': 19, 'states': 10, 'selected_radius': 0.971986, 'selected_trim': 0.165733, 'selected_control_distance': 0.0544431, 'selected_control_fraction': 0.328499, 'selected_score': 0.347572}, {'index': 8, 'x': -3.575, 'y': -1.775, 'turn_angle': 0.227734, 'incoming_length': 1.47733, 'outgoing_length': 2.03501, 'pivot_safe': True, 'pass_through': False, 'equivalent_radius_min': 0.174884, 'equivalent_radius_max': 12.9181, 'trim_min': 0.02, 'trim_max': 1.47733, 'trim_evaluations': 20, 'evaluations': 40, 'safe_feasible': 20, 'states': 10, 'selected_radius': 2.72352, 'selected_trim': 0.311466, 'selected_control_distance': 0.109013, 'selected_control_fraction': 0.35, 'selected_score': 0.0778199}]",9,90,360,none,9,0,0,True,False,,,False,0.15,True,,"{'valid': True, 'safe': True, 'raw_fallback': False, 'length_m': 12.5719, 'max_curvature_1pm': 2.59306, 'curvature_energy_1pm': 4.98929, 'pivot_rotation_rad': 0, 'peak_proximity_cost': 214}",0.629765,221,"{'valid': True, 'safe': True, 'raw_fallback': False, 'length_m': 12.478, 'max_curvature_1pm': 9.60563e-13, 'curvature_energy_1pm': 2.74656e-25, 'pivot_rotation_rad': 1.55964, 'peak_proximity_cost': 253}",0,0.631655,False,True,no_los_quality_not_worse,0.183817,252,0.353974,603,0,0,221,"{'shape_angular acceleration iteration did not converge': 3, 'shape_transition requires a reversing inner wheel': 27, 'transition requires a reversing inner wheel': 13}",0.127954,joint_d_q,0.05,,direct_metric,330,76e662c3391458f8f431453a3a2b3f0b98a8ee65f1d0741e5f051983f1479b14,0,1,office_reverse_diagonal,True,4.989290028552434,2.59306478973608,12.5719205040301,1,0.1989168290001544
0.003,22.135729130052532,4.440892098500626e-16,6.206335383118183e-17,,0.6111470734153251,0.1449222268733815,0.2146446641391273,0,246,14.804910711860366,raw,0.05,108,b7e3b056982ac831957fbd40c25078b3e48f4e1f0c1b44f1182661c1d22bd8a8,5.7413513214931235,0,0.0,0,ThetaStar,61c52c385f2670fdbf054f5ac0bd4c590dd1baf76f92e0ffcb17374daea8efe8,116,,,,,,,,,,,,,,,,,,,,,,,,,,,,,,,,,,,,,,,,,,,,,,,,,,,b7e3b056982ac831957fbd40c25078b3e48f4e1f0c1b44f1182661c1d22bd8a8,0,1,west_room_to_room,True,22.135729130052532,14.804910711860366,5.7413513214931235,1,0.0034520640001574066
0.081,0.3372989419189971,0.13166953243388266,0.062442465374099636,,0.33459530518442376,0.1449222268733815,0.16464466339406925,0,388,0.5123912997713432,pstmo,0.05,380,8ebf772c496e468ad22dac9626e6d0422e42aaf16eefeb6fc477fbff7ec72c8d,5.624606171849194,0,0.0,0,ThetaStar,61c52c385f2670fdbf054f5ac0bd4c590dd1baf76f92e0ffcb17374daea8efe8,114,100,32,"[[-4.2, -2.5], [-3.375, -0.0249999], [-3.425, 1.675], [-4.2, 2.8]]",4,0.075,0,0.15,0,4,0,0,"[{'index': 0, 'x': -3.375, 'y': -0.0249999, 'turn_angle': 0.351154, 'incoming_length': 2.60888, 'outgoing_length': 1.70074, 'pivot_safe': True, 'pass_through': False, 'equivalent_radius_min': 0.112737, 'equivalent_radius_max': 9.58681, 'trim_min': 0.02, 'trim_max': 1.70074, 'trim_evaluations': 20, 'evaluations': 40, 'safe_feasible': 12, 'states': 10, 'selected_radius': 5.4419, 'selected_trim': 0.965414, 'selected_control_distance': 0.337895, 'selected_control_fraction': 0.35, 'selected_score': 0.206614}, {'index': 1, 'x': -3.425, 'y': 1.675, 'turn_angle': 0.573827, 'incoming_length': 1.70074, 'outgoing_length': 1.36611, 'pivot_safe': True, 'pass_through': False, 'equivalent_radius_min': 0.0677841, 'equivalent_radius_max': 4.63002, 'trim_min': 0.02, 'trim_max': 1.36611, 'trim_evaluations': 20, 'evaluations': 40, 'safe_feasible': 13, 'states': 10, 'selected_radius': 2.29187, 'selected_trim': 0.676227, 'selected_control_distance': 0.23668, 'selected_control_fraction': 0.35, 'selected_score': 0.328376}]",2,20,80,none,2,3,81,True,True,,,False,0.15,True,,"{'valid': True, 'safe': True, 'raw_fallback': False, 'length_m': 5.68535, 'max_curvature_1pm': 2.00877, 'curvature_energy_1pm': 1.86919, 'pivot_rotation_rad': 0, 'peak_proximity_cost': 177}",0.532678,4,"{'valid': True, 'safe': True, 'raw_fallback': False, 'length_m': 5.62461, 'max_curvature_1pm': 0.512391, 'curvature_energy_1pm': 0.337299, 'pivot_rotation_rad': 0, 'peak_proximity_cost': 253}",78,0.400377,True,True,los_quality_improvement,0.0800551,252,0.267495,380,0,0,108,"{'shape_angular acceleration iteration did not converge': 1, 'shape_swept_footprint': 29, 'shape_transition requires a reversing inner wheel': 9, 'swept_footprint': 11, 'transition requires a reversing inner wheel': 4}",0.0266397,joint_d_q,0.05,,direct_metric,41,b7e3b056982ac831957fbd40c25078b3e48f4e1f0c1b44f1182661c1d22bd8a8,0,1,west_room_to_room,True,0.3372989419189971,0.5123912997713432,5.624606171849194,1,0.09024771300028078
0.006,45.8688955031586,4.440892098500626e-16,6.687703250634043e-17,,0.4657469165500952,0.035355339586162986,0.12275854577833645,0,469,12.820618272669709,raw,0.05,215,8883a301624f47c782f7da647c4ac22442cb970494976d44b61b9cf3d2bf9d4f,11.272987689239587,0,0.0,0,ThetaStar,c50342002031694d75b1969cdf3ab5a88ef49842d990e2f848e17c64bd47711c,227,,,,,,,,,,,,,,,,,,,,,,,,,,,,,,,,,,,,,,,,,,,,,,,,,,,8883a301624f47c782f7da647c4ac22442cb970494976d44b61b9cf3d2bf9d4f,0,1,east_room_to_room,True,45.8688955031586,12.820618272669709,11.272987689239587,1,0.00947024400011287
0.21000000000000002,8.810173948718521,0.09563538199296549,0.029863339966164953,,0.3317037768185108,0.11464466264901119,0.1449222268733815,0,498,3.670797180312695,pstmo,0.05,468,5d3a92d9d61e7df3c08f93205bf160e06ee94a6637656a66ace635423e1d5765,11.140469830167692,0,0.0,0,ThetaStar,c50342002031694d75b1969cdf3ab5a88ef49842d990e2f848e17c64bd47711c,224,258,239,"[[4.2, -2.5], [1.725, -1.875], [1.525, -1.675], [0.725, 0.725], [0.575, 1.325], [0.625, 1.675], [1.425, 2.175], [2.775, 2.675], [3.425, 3.125], [4.575, 3.175], [5, 2.8]]",215,0.075,0.072936,0.15,0,11,0,10,"[{'index': 0, 'x': 1.725, 'y': -1.875, 'turn_angle': -0.538044, 'incoming_length': 2.55269, 'outgoing_length': 0.282843, 'pivot_safe': True, 'pass_through': False, 'equivalent_radius_min': 0.0725411, 'equivalent_radius_max': 1.02589, 'trim_min': 0.02, 'trim_max': 0.282843, 'trim_evaluations': 20, 'evaluations': 40, 'safe_feasible': 17, 'states': 10, 'selected_radius': 0.310878, 'selected_trim': 0.0857107, 'selected_control_distance': 0.0299987, 'selected_control_fraction': 0.35, 'selected_score': 0.685728}, {'index': 1, 'x': 1.525, 'y': -1.675, 'turn_angle': -0.463648, 'incoming_length': 0.282843, 'outgoing_length': 2.52982, 'pivot_safe': True, 'pass_through': False, 'equivalent_radius_min': 0.0847214, 'equivalent_radius_max': 1.19814, 'trim_min': 0.02, 'trim_max': 0.282843, 'trim_evaluations': 20, 'evaluations': 40, 'safe_feasible': 18, 'states': 10, 'selected_radius': 0.363076, 'selected_trim': 0.0857107, 'selected_control_distance': 0.0299987, 'selected_control_fraction': 0.35, 'selected_score': 0.624678}, {'index': 2, 'x': 0.725, 'y': 0.725, 'turn_angle': -0.0767719, 'incoming_length': 2.52982, 'outgoing_length': 0.618466, 'pivot_safe': True, 'pass_through': True, 'equivalent_radius_min': 0, 'equivalent_radius_max': 0, 'trim_min': 0, 'trim_max': 0, 'trim_evaluations': 0, 'evaluations': 0, 'safe_feasible': 0, 'states': 1, 'selected_radius': 0, 'selected_trim': 0, 'selected_control_distance': 0, 'selected_control_fraction': 0, 'selected_score': 0}, {'index': 3, 'x': 0.575, 'y': 1.325, 'turn_angle': -0.386876, 'incoming_length': 0.618466, 'outgoing_length': 0.353553, 'pivot_safe': True, 'pass_through': False, 'equivalent_radius_min': 0.1021, 'equivalent_radius_max': 1.80488, 'trim_min': 0.02, 'trim_max': 0.353553, 'trim_evaluations': 20, 'evaluations': 40, 'safe_feasible': 18, 'states': 10, 'selected_radius': 0.442656, 'selected_trim': 0.0867107, 'selected_control_distance': 0.028443, 'selected_control_fraction': 0.328022, 'selected_score': 0.527228}, {'index': 4, 'x': 0.625, 'y': 1.675, 'turn_angle': -0.8703, 'incoming_length': 0.353553, 'outgoing_length': 0.943398, 'pivot_safe': True, 'pass_through': False, 'equivalent_radius_min': 0.0430229, 'equivalent_radius_max': 0.760544, 'trim_min': 0.02, 'trim_max': 0.353553, 'trim_evaluations': 20, 'evaluations': 40, 'safe_feasible': 17, 'states': 10, 'selected_radius': 0.330031, 'selected_trim': 0.153421, 'selected_control_distance': 0.0536975, 'selected_control_fraction': 0.35, 'selected_score': 0.756791}, {'index': 5, 'x': 1.425, 'y': 2.175, 'turn_angle': -0.203894, 'incoming_length': 0.943398, 'outgoing_length': 1.43962, 'pivot_safe': True, 'pass_through': False, 'equivalent_radius_min': 0.195501, 'equivalent_radius_max': 9.22174, 'trim_min': 0.02, 'trim_max': 0.943398, 'trim_evaluations': 20, 'evaluations': 40, 'safe_feasible': 20, 'states': 10, 'selected_radius': 3.46751, 'selected_trim': 0.354732, 'selected_control_distance': 0.124156, 'selected_control_fraction': 0.35, 'selected_score': 0.139277}, {'index': 6, 'x': 2.775, 'y': 2.675, 'turn_angle': 0.250839, 'incoming_length': 1.43962, 'outgoing_length': 0.790569, 'pivot_safe': True, 'pass_through': False, 'equivalent_radius_min': 0.158628, 'equivalent_radius_max': 6.27032, 'trim_min': 0.02, 'trim_max': 0.790569, 'trim_evaluations': 20, 'evaluations': 40, 'safe_feasible': 20, 'states': 10, 'selected_radius': 1.38097, 'selected_trim': 0.174114, 'selected_control_distance': 0.0573144, 'selected_control_fraction': 0.329178, 'selected_score': 0.226893}, {'index': 7, 'x': 3.425, 'y': 3.125, 'turn_angle': -0.562094, 'incoming_length': 0.790569, 'outgoing_length': 1.15109, 'pivot_safe': True, 'pass_through': False, 'equivalent_radius_min': 0.0692789, 'equivalent_radius_max': 2.73849, 'trim_min': 0.02, 'trim_max': 0.790569, 'trim_evaluations': 20, 'evaluations': 40, 'safe_feasible': 18, 'states': 10, 'selected_radius': 0.3362, 'selected_trim': 0.0970569, 'selected_control_distance': 0.0339699, 'selected_control_fraction': 0.35, 'selected_score': 0.639798}, {'index': 8, 'x': 4.575, 'y': 3.175, 'turn_angle': -0.766431, 'incoming_length': 1.15109, 'outgoing_length': 0.566789, 'pivot_safe': True, 'pass_through': False, 'equivalent_radius_min': 0.0496098, 'equivalent_radius_max': 1.40592, 'trim_min': 0.02, 'trim_max': 0.566789, 'trim_evaluations': 20, 'evaluations': 40, 'safe_feasible': 16, 'states': 10, 'selected_radius': 1.40592, 'selected_trim': 0.566789, 'selected_control_distance': 0.182401, 'selected_control_fraction': 0.321814, 'selected_score': 0.456607}]",9,81,320,none,8,0,0,True,False,,,False,0.15,True,,"{'valid': True, 'safe': True, 'raw_fallback': False, 'length_m': 11.1405, 'max_curvature_1pm': 3.6708, 'curvature_energy_1pm': 8.81017, 'pivot_rotation_rad': 0, 'peak_proximity_cost': 253}",0.692075,215,"{'valid': True, 'safe': True, 'raw_fallback': False, 'length_m': 11.1405, 'max_curvature_1pm': 3.6708, 'curvature_energy_1pm': 8.81017, 'pivot_rotation_rad': 0, 'peak_proximity_cost': 253}",0,0.692075,False,True,no_los_quality_not_worse,0.209326,252,0.507125,468,1,0,215,"{'angular acceleration iteration did not converge': 1, 'shape_angular acceleration iteration did not converge': 9, 'shape_transition requires a reversing inner wheel': 31, 'transition requires a reversing inner wheel': 15}",0.101843,joint_d_q,0.05,,direct_metric,280,8883a301624f47c782f7da647c4ac22442cb970494976d44b61b9cf3d2bf9d4f,0,1,east_room_to_room,True,8.810173948718521,3.670797180312695,11.140469830167692,1,0.22190194799986784
0.003,28.797765343077376,2.220446049250313e-16,4.770415170557092e-17,,0.5585785294288644,0.10606601875848895,0.18825146149581692,0,406,13.161769342618564,raw,0.05,204,acf5810566437b39db1f9fcba7a0eee9efbb46c18d79df183604e308bc536663,10.534867777162306,0,0.0,0,ThetaStar,62aafd43aee87ea4bd66b5b45399d87ea08e59e51d34e7882378188baa26dc53,212,,,,,,,,,,,,,,,,,,,,,,,,,,,,,,,,,,,,,,,,,,,,,,,,,,,acf5810566437b39db1f9fcba7a0eee9efbb46c18d79df183604e308bc536663,0,1,lower_cross_offices,True,28.797765343077376,13.161769342618564,10.534867777162306,1,0.007730888000878622
0.126,1.0775712159415558,0.12432162162541407,0.05213292848403252,,0.3731121920437238,0.1449222268733815,0.16464466339406925,0,466,1.3185635550117347,pstmo,0.05,464,c3c067a5b7cae53a224d7b80d7a475a52053d6c4704f83ef96235f8080903789,10.350942915074894,0,0.0,0,ThetaStar,62aafd43aee87ea4bd66b5b45399d87ea08e59e51d34e7882378188baa26dc53,209,200,53,"[[-5, -1.2], [-2.125, -1.475], [-0.880971, -2.32351], [0.451908, -2.2327], [5, -1.2]]",5,0.075,0,0.15,0,5,0,0,"[{'index': 0, 'x': -2.125, 'y': -1.475, 'turn_angle': -0.503225, 'incoming_length': 2.88812, 'outgoing_length': 1.50585, 'pivot_safe': True, 'pass_through': False, 'equivalent_radius_min': 0.0778028, 'equivalent_radius_max': 5.85795, 'trim_min': 0.02, 'trim_max': 1.50585, 'trim_evaluations': 20, 'evaluations': 40, 'safe_feasible': 12, 'states': 10, 'selected_radius': 2.0286, 'selected_trim': 0.521473, 'selected_control_distance': 0.182516, 'selected_control_fraction': 0.35, 'selected_score': 0.329525}, {'index': 1, 'x': -0.880971, 'y': -2.32351, 'turn_angle': 0.666612, 'incoming_length': 1.50585, 'outgoing_length': 1.33597, 'pivot_safe': True, 'pass_through': False, 'equivalent_radius_min': 0.0577662, 'equivalent_radius_max': 3.8587, 'trim_min': 0.02, 'trim_max': 1.33597, 'trim_evaluations': 20, 'evaluations': 40, 'safe_feasible': 10, 'states': 10, 'selected_radius': 0.889219, 'selected_trim': 0.307868, 'selected_control_distance': 0.107754, 'selected_control_fraction': 0.35, 'selected_score': 0.534894}, {'index': 2, 'x': 0.451908, 'y': -2.2327, 'turn_angle': 0.155251, 'incoming_length': 1.33597, 'outgoing_length': 4.66386, 'pivot_safe': True, 'pass_through': False, 'equivalent_radius_min': 0.25713, 'equivalent_radius_max': 17.1759, 'trim_min': 0.02, 'trim_max': 1.33597, 'trim_evaluations': 20, 'evaluations': 40, 'safe_feasible': 16, 'states': 10, 'selected_radius': 9.45671, 'selected_trim': 0.735558, 'selected_control_distance': 0.257445, 'selected_control_fraction': 0.35, 'selected_score': 0.167618}]",3,30,120,none,3,4,356,True,True,,,False,0.15,True,,"{'valid': True, 'safe': True, 'raw_fallback': False, 'length_m': 10.4751, 'max_curvature_1pm': 2.33212, 'curvature_energy_1pm': 3.16852, 'pivot_rotation_rad': 0, 'peak_proximity_cost': 202}",0.592573,5,"{'valid': True, 'safe': True, 'raw_fallback': False, 'length_m': 10.3509, 'max_curvature_1pm': 1.31856, 'curvature_energy_1pm': 1.07757, 'pivot_rotation_rad': 0, 'peak_proximity_cost': 253}",352,0.514757,True,True,los_quality_improvement,0.124596,252,0.344012,464,0,0,204,"{'shape_angular acceleration iteration did not converge': 2, 'shape_swept_footprint': 45, 'shape_transition requires a reversing inner wheel': 12, 'swept_footprint': 17, 'transition requires a reversing inner wheel': 5}",0.0351355,joint_d_q,0.05,,direct_metric,61,acf5810566437b39db1f9fcba7a0eee9efbb46c18d79df183604e308bc536663,0,1,lower_cross_offices,True,1.0775712159415558,1.3185635550117347,10.350942915074894,1,0.13526298100077838
0.003,56.76014292261347,4.440892098500626e-16,7.541787944913605e-17,,0.3846864364536766,0.014644661158895074,0.06464466190395313,0,427,14.439381620538503,raw,0.05,215,598d5a6b80e303dcc421a39704c323ae8c2589cbb281939a5f9220660af90766,11.246298413066468,0,0.0,0,ThetaStar,c127885e6f6ccd36bf15fc11b318e523441a7a85573993d016960b49bc254408,227,,,,,,,,,,,,,,,,,,,,,,,,,,,,,,,,,,,,,,,,,,,,,,,,,,,598d5a6b80e303dcc421a39704c323ae8c2589cbb281939a5f9220660af90766,0,1,upper_cross_offices,True,56.76014292261347,14.439381620538503,11.246298413066468,1,0.03599513799963461
,,,,"smoothing failed: status=6, code=504, message=''",,,,,,,pstmo,,,,,,,,ThetaStar,c127885e6f6ccd36bf15fc11b318e523441a7a85573993d016960b49bc254408,,,,,,,,,,,,,,,,,,,,,,,,,,,,,,,,,,,,,,,,,,,,,,,,,,,,598d5a6b80e303dcc421a39704c323ae8c2589cbb281939a5f9220660af90766,0,1,upper_cross_offices,False,,,,,
0.003,31.321783374227515,2.220446049250313e-16,3.8350025340836073e-17,,0.5182085950219415,0.1449222268733815,0.17079994476667312,0,303,12.852736326688287,raw,0.05,136,df42084da8a7d60fd5e06898cb0aeeb7484b27c83d2f9ee8f9e046b46fd6113a,7.575890833689546,0,0.0,0,ThetaStar,e4d4d460ae9a802b431ec03ba49deac93e936c92aca7774b26efeaebba211434,153,,,,,,,,,,,,,,,,,,,,,,,,,,,,,,,,,,,,,,,,,,,,,,,,,,,df42084da8a7d60fd5e06898cb0aeeb7484b27c83d2f9ee8f9e046b46fd6113a,0,1,central_u_turn,True,31.321783374227515,12.852736326688287,7.575890833689546,1,0.006994315999691025
0.10200000000000001,5.287737864579039,0.06326056048009265,0.019819504633345652,,0.4959931113916248,0.2146446641391273,0.21959563989254183,0,283,3.8493403232738825,pstmo,0.05,271,f7b893ec5fdb6e452adc3ce914618baa9b098b415cd9908957f6584d94e0cb4c,7.518518258096277,0,0.0,0,ThetaStar,e4d4d460ae9a802b431ec03ba49deac93e936c92aca7774b26efeaebba211434,152,139,149,"[[-1.5, -3], [-1.275, -0.825], [-1.025, -0.325], [0.425, 1.125], [0.425, 1.625], [0.175, 1.875], [-1.5, 2.8]]",136,0.075,0.0651695,0.15,0,7,0,6,"[{'index': 0, 'x': -1.275, 'y': -0.825, 'turn_angle': -0.360566, 'incoming_length': 2.18661, 'outgoing_length': 0.559017, 'pivot_safe': True, 'pass_through': False, 'equivalent_radius_min': 0.109732, 'equivalent_radius_max': 3.06711, 'trim_min': 0.02, 'trim_max': 0.559017, 'trim_evaluations': 20, 'evaluations': 40, 'safe_feasible': 18, 'states': 10, 'selected_radius': 0.40547, 'selected_trim': 0.0739017, 'selected_control_distance': 0.0242609, 'selected_control_fraction': 0.328286, 'selected_score': 0.49811}, {'index': 1, 'x': -1.025, 'y': -0.325, 'turn_angle': -0.321751, 'incoming_length': 0.559017, 'outgoing_length': 2.05061, 'pivot_safe': True, 'pass_through': False, 'equivalent_radius_min': 0.123246, 'equivalent_radius_max': 3.44482, 'trim_min': 0.02, 'trim_max': 0.559017, 'trim_evaluations': 20, 'evaluations': 40, 'safe_feasible': 19, 'states': 10, 'selected_radius': 2.28227, 'selected_trim': 0.370361, 'selected_control_distance': 0.121715, 'selected_control_fraction': 0.32864, 'selected_score': 0.117488}, {'index': 2, 'x': 0.425, 'y': 1.125, 'turn_angle': 0.785398, 'incoming_length': 2.05061, 'outgoing_length': 0.5, 'pivot_safe': True, 'pass_through': False, 'equivalent_radius_min': 0.0482843, 'equivalent_radius_max': 1.20711, 'trim_min': 0.02, 'trim_max': 0.5, 'trim_evaluations': 20, 'evaluations': 40, 'safe_feasible': 16, 'states': 10, 'selected_radius': 0.627696, 'selected_trim': 0.26, 'selected_control_distance': 0.091, 'selected_control_fraction': 0.35, 'selected_score': 0.605129}, {'index': 3, 'x': 0.425, 'y': 1.625, 'turn_angle': 0.785398, 'incoming_length': 0.5, 'outgoing_length': 0.353553, 'pivot_safe': True, 'pass_through': False, 'equivalent_radius_min': 0.0482843, 'equivalent_radius_max': 0.853553, 'trim_min': 0.02, 'trim_max': 0.353553, 'trim_evaluations': 20, 'evaluations': 40, 'safe_feasible': 17, 'states': 10, 'selected_radius': 0.289865, 'selected_trim': 0.120066, 'selected_control_distance': 0.0385861, 'selected_control_fraction': 0.321374, 'selected_score': 0.748984}, {'index': 4, 'x': 0.175, 'y': 1.875, 'turn_angle': 0.280838, 'incoming_length': 0.353553, 'outgoing_length': 1.91344, 'pivot_safe': True, 'pass_through': False, 'equivalent_radius_min': 0.141494, 'equivalent_radius_max': 2.50128, 'trim_min': 0.02, 'trim_max': 0.353553, 'trim_evaluations': 20, 'evaluations': 40, 'safe_feasible': 18, 'states': 10, 'selected_radius': 0.495461, 'selected_trim': 0.070033, 'selected_control_distance': 0.0230386, 'selected_control_fraction': 0.328967, 'selected_score': 0.419749}]",5,50,200,none,5,0,0,True,False,,,False,0.15,True,,"{'valid': True, 'safe': True, 'raw_fallback': False, 'length_m': 7.51852, 'max_curvature_1pm': 3.84934, 'curvature_energy_1pm': 5.28774, 'pivot_rotation_rad': 0, 'peak_proximity_cost': 177}",0.630625,136,"{'valid': True, 'safe': True, 'raw_fallback': False, 'length_m': 7.44715, 'max_curvature_1pm': 3.33067e-13, 'curvature_energy_1pm': 5.68809e-26, 'pivot_rotation_rad': 2.32165, 'peak_proximity_cost': 253}",0,0.655142,False,True,no_los_quality_not_worse,0.101397,252,0.477892,271,0,0,136,"{'angular acceleration iteration did not converge': 1, 'shape_angular acceleration iteration did not converge': 9, 'shape_transition requires a reversing inner wheel': 22, 'transition requires a reversing inner wheel': 11}",0.0675669,joint_d_q,0.05,,direct_metric,169,df42084da8a7d60fd5e06898cb0aeeb7484b27c83d2f9ee8f9e046b46fd6113a,0,1,central_u_turn,True,5.287737864579039,3.8493403232738825,7.518518258096277,1,0.10845181500008039
0.0,13.722209286334854,2.220446049250313e-16,7.965717225256874e-17,,0.7197832413210489,0.1449222268733815,0.2146446641391273,0,216,8.54651035764053,raw,0.05,105,fd6a0c1f3bac992dce1528312e9cadd1732ac957d2ae65f44482b60361f06183,6.188779712188393,0,0.0,0,ThetaStar,46ac7b84d54b39e64d29524904c678617c99ef7df341b08db8cf8d2bc72815c5,125,,,,,,,,,,,,,,,,,,,,,,,,,,,,,,,,,,,,,,,,,,,,,,,,,,,fd6a0c1f3bac992dce1528312e9cadd1732ac957d2ae65f44482b60361f06183,0,1,east_partition_detour,True,13.722209286334854,8.54651035764053,6.188779712188393,1,0.0031334639988926938
0.045000000000000005,0.034406711143724615,0.088283653559694,0.03358475295785026,,0.507578808066772,0.1449222268733815,0.1449222268733815,0,250,0.17286207196712086,pstmo,0.05,247,3d65c6696c74a11a95a6fe9c96397ab73636583bd9ff95b32081ad21f7bd8d7b,6.134514194895824,0,0.0,0,ThetaStar,46ac7b84d54b39e64d29524904c678617c99ef7df341b08db8cf8d2bc72815c5,124,0,24,"[[0, -3], [2.475, -1.675], [5, 0.5]]",3,0.075,0,0.15,0,3,0,0,"[{'index': 0, 'x': 2.475, 'y': -1.675, 'turn_angle': 0.219538, 'incoming_length': 2.80736, 'outgoing_length': 3.3326, 'pivot_safe': True, 'pass_through': False, 'equivalent_radius_min': 0.181468, 'equivalent_radius_max': 18.1468, 'trim_min': 0.02, 'trim_max': 2, 'trim_evaluations': 20, 'evaluations': 40, 'safe_feasible': 14, 'states': 10, 'selected_radius': 6.80619, 'selected_trim': 0.750125, 'selected_control_distance': 0.262544, 'selected_control_fraction': 0.35, 'selected_score': 0.181517}]",1,10,40,none,1,2,53,True,True,,,False,0.15,True,,"{'valid': True, 'safe': True, 'raw_fallback': False, 'length_m': 6.15632, 'max_curvature_1pm': 0.961079, 'curvature_energy_1pm': 0.563027, 'pivot_rotation_rad': 0, 'peak_proximity_cost': 177}",0.407783,3,"{'valid': True, 'safe': True, 'raw_fallback': False, 'length_m': 6.13451, 'max_curvature_1pm': 0.172862, 'curvature_energy_1pm': 0.0344067, 'pivot_rotation_rad': 0, 'peak_proximity_cost': 253}",51,0.31558,True,True,los_quality_improvement,0.0446665,252,0.181517,247,0,0,105,"{'shape_swept_footprint': 14, 'swept_footprint': 6}",0.0147619,joint_d_q,0.05,,direct_metric,26,fd6a0c1f3bac992dce1528312e9cadd1732ac957d2ae65f44482b60361f06183,0,1,east_partition_detour,True,0.034406711143724615,0.17286207196712086,6.134514194895824,1,0.05203209600040282
0.006,8.67100024015589,4.440892098500626e-16,8.714134103598625e-17,,0.4502901106859763,0.2146446641391273,0.2146446641391273,0,440,2.2832376693384853,raw,0.05,216,a2168dc7abd265f02f2eebbd43c4ee9ddbca09ae59ec570861cdc5aaab58c13a,12.803944391627233,0,0.0,0,Smac2D,94fc41f12e573701b374464d877f0d4bf81f69d1fb99b045260528c9d28e154f,258,,,,,,,,,,,,,,,,,,,,,,,,,,,,,,,,,,,,,,,,,,,,,,,,,,,a2168dc7abd265f02f2eebbd43c4ee9ddbca09ae59ec570861cdc5aaab58c13a,0,1,office_long_diagonal,True,8.67100024015589,2.2832376693384853,12.803944391627233,1,0.009712562999993679
0.198,1.3867709623500197,0.4590252264566593,0.15574933811010772,,0.36740031997280814,0.1449222268733815,0.1449222268733815,0,607,1.8409836082431672,pstmo,0.05,597,92876a2f13411b098e7bb267618554ececbc6700db0496a4463d6915bd449906,12.400508218631018,0,0.0,0,Smac2D,94fc41f12e573701b374464d877f0d4bf81f69d1fb99b045260528c9d28e154f,250,226,69,"[[-5.2, -3], [-1.95, -0.898952], [0.471131, 1.24997], [0.803566, 1.799], [3.75, 3.14351], [5.2, 3]]",6,0.075,0,0.15,0,6,0,0,"[{'index': 0, 'x': -1.95, 'y': -0.898952, 'turn_angle': 0.15201, 'incoming_length': 3.87, 'outgoing_length': 3.23724, 'pivot_safe': True, 'pass_through': False, 'equivalent_radius_min': 0.262634, 'equivalent_radius_max': 26.2634, 'trim_min': 0.02, 'trim_max': 2, 'trim_evaluations': 20, 'evaluations': 40, 'safe_feasible': 15, 'states': 10, 'selected_radius': 16.7568, 'selected_trim': 1.27606, 'selected_control_distance': 0.446622, 'selected_control_fraction': 0.35, 'selected_score': 0.159846}, {'index': 1, 'x': 0.471131, 'y': 1.24997, 'turn_angle': 0.300444, 'incoming_length': 3.23724, 'outgoing_length': 0.641832, 'pivot_safe': True, 'pass_through': False, 'equivalent_radius_min': 0.132133, 'equivalent_radius_max': 4.24037, 'trim_min': 0.02, 'trim_max': 0.641832, 'trim_evaluations': 20, 'evaluations': 40, 'safe_feasible': 11, 'states': 10, 'selected_radius': 0.542957, 'selected_trim': 0.0821832, 'selected_control_distance': 0.0270232, 'selected_control_fraction': 0.328816, 'selected_score': 0.478175}, {'index': 2, 'x': 0.803566, 'y': 1.799, 'turn_angle': -0.598253, 'incoming_length': 0.641832, 'outgoing_length': 3.2387, 'pivot_safe': True, 'pass_through': False, 'equivalent_radius_min': 0.0648552, 'equivalent_radius_max': 2.08131, 'trim_min': 0.02, 'trim_max': 0.641832, 'trim_evaluations': 20, 'evaluations': 40, 'safe_feasible': 12, 'states': 10, 'selected_radius': 1.29993, 'selected_trim': 0.400872, 'selected_control_distance': 0.130343, 'selected_control_fraction': 0.325148, 'selected_score': 0.430714}, {'index': 3, 'x': 3.75, 'y': 3.14351, 'turn_angle': -0.526747, 'incoming_length': 3.2387, 'outgoing_length': 1.45708, 'pivot_safe': True, 'pass_through': False, 'equivalent_radius_min': 0.0741738, 'equivalent_radius_max': 5.40388, 'trim_min': 0.02, 'trim_max': 1.45708, 'trim_evaluations': 20, 'evaluations': 40, 'safe_feasible': 10, 'states': 10, 'selected_radius': 1.4066, 'selected_trim': 0.379271, 'selected_control_distance': 0.132745, 'selected_control_fraction': 0.35, 'selected_score': 0.396551}]",4,40,160,none,4,5,372,True,True,,,False,0.15,True,,"{'valid': True, 'safe': True, 'raw_fallback': False, 'length_m': 12.6426, 'max_curvature_1pm': 3.50198, 'curvature_energy_1pm': 6.31125, 'pivot_rotation_rad': 0, 'peak_proximity_cost': 251}",0.676745,6,"{'valid': True, 'safe': True, 'raw_fallback': False, 'length_m': 12.4005, 'max_curvature_1pm': 1.84098, 'curvature_energy_1pm': 1.38677, 'pivot_rotation_rad': 0, 'peak_proximity_cost': 253}",367,0.546103,True,True,los_quality_improvement,0.19659,252,0.366322,597,0,0,216,"{'shape_swept_footprint': 62, 'shape_transition requires a reversing inner wheel': 12, 'swept_footprint': 26, 'transition requires a reversing inner wheel': 6}",0.057016,joint_d_q,0.05,,direct_metric,86,a2168dc7abd265f02f2eebbd43c4ee9ddbca09ae59ec570861cdc5aaab58c13a,0,1,office_long_diagonal,True,1.3867709623500197,1.8409836082431672,12.400508218631018,1,0.20959002100062207
0.003,8.291787055583793,4.440892098500626e-16,6.338370180859631e-17,,0.4327156955955034,0.18825146149581692,0.2146446641391273,0,431,2.27563059180259,raw,0.05,216,eae46613a17a8d32f73c2a319685b02dbddcb93500696ae71023b1e6135a2168,12.731117418703631,0,0.0,0,Smac2D,8edb03b736607d3e0cf0d7ac6f25507acd814caa00d255c2c162e052b79f079a,256,,,,,,,,,,,,,,,,,,,,,,,,,,,,,,,,,,,,,,,,,,,,,,,,,,,eae46613a17a8d32f73c2a319685b02dbddcb93500696ae71023b1e6135a2168,0,1,office_reverse_diagonal,True,8.291787055583793,2.27563059180259,12.731117418703631,1,0.008704214000317734
0.17700000000000002,11.101164657001345,0.3070695526360467,0.11634541901579373,,0.40732829849189367,0.1449222268733815,0.1449222268733815,0,276,9.613478668207245,pstmo,0.05,257,b73c169a5101cbba98572e5f878c97f521de5f0329c1f9d9f1b5c0f5dee6f4c1,12.476456489158688,4,0.5682664998385616,1.7058593665360975,Smac2D,8edb03b736607d3e0cf0d7ac6f25507acd814caa00d255c2c162e052b79f079a,251,300,84,"[[5.2, 3], [3.65, 3.13202], [0.611742, 1.64354], [0.0980565, 0.8], [-3.95, -2.43165], [-5.2, -3]]",6,0.075,0,0.15,0,6,0,0,"[{'index': 0, 'x': 3.65, 'y': 3.13202, 'turn_angle': 0.540517, 'incoming_length': 1.55561, 'outgoing_length': 3.38328, 'pivot_safe': True, 'pass_through': False, 'equivalent_radius_min': 0.0721926, 'equivalent_radius_max': 5.61519, 'trim_min': 0.02, 'trim_max': 1.55561, 'trim_evaluations': 20, 'evaluations': 40, 'safe_feasible': 12, 'states': 10, 'selected_radius': 0, 'selected_trim': 0, 'selected_control_distance': 0, 'selected_control_fraction': 0, 'selected_score': 0}, {'index': 1, 'x': 0.611742, 'y': 1.64354, 'turn_angle': 0.568266, 'incoming_length': 3.38328, 'outgoing_length': 0.987641, 'pivot_safe': True, 'pass_through': False, 'equivalent_radius_min': 0.068485, 'equivalent_radius_max': 3.38193, 'trim_min': 0.02, 'trim_max': 0.987641, 'trim_evaluations': 20, 'evaluations': 40, 'safe_feasible': 11, 'states': 10, 'selected_radius': 0, 'selected_trim': 0, 'selected_control_distance': 0, 'selected_control_fraction': 0, 'selected_score': 0}, {'index': 2, 'x': 0.0980565, 'y': 0.8, 'turn_angle': -0.350095, 'incoming_length': 0.987641, 'outgoing_length': 5.1798, 'pivot_safe': True, 'pass_through': False, 'equivalent_radius_min': 0.113085, 'equivalent_radius_max': 5.58439, 'trim_min': 0.02, 'trim_max': 0.987641, 'trim_evaluations': 20, 'evaluations': 40, 'safe_feasible': 12, 'states': 10, 'selected_radius': 0, 'selected_trim': 0, 'selected_control_distance': 0, 'selected_control_fraction': 0, 'selected_score': 0}, {'index': 3, 'x': -3.95, 'y': -2.43165, 'turn_angle': -0.24698, 'incoming_length': 5.1798, 'outgoing_length': 1.37314, 'pivot_safe': True, 'pass_through': False, 'equivalent_radius_min': 0.161132, 'equivalent_radius_max': 11.0629, 'trim_min': 0.02, 'trim_max': 1.37314, 'trim_evaluations': 20, 'evaluations': 40, 'safe_feasible': 20, 'states': 10, 'selected_radius': 0, 'selected_trim': 0, 'selected_control_distance': 0, 'selected_control_fraction': 0, 'selected_score': 0}]",4,40,160,all_pivot,0,5,443,True,True,,,False,0.15,True,,"{'valid': True, 'safe': True, 'raw_fallback': False, 'length_m': 12.6199, 'max_curvature_1pm': 3.52079, 'curvature_energy_1pm': 6.60374, 'pivot_rotation_rad': 0, 'peak_proximity_cost': 251}",0.679455,6,"{'valid': True, 'safe': True, 'raw_fallback': False, 'length_m': 12.4795, 'max_curvature_1pm': 1.34084e-12, 'curvature_energy_1pm': 2.06379e-25, 'pivot_rotation_rad': 1.70586, 'peak_proximity_cost': 251}",438,0.636123,True,True,los_quality_improvement,0.178228,252,0,257,0,4,216,"{'shape_angular acceleration iteration did not converge': 3, 'shape_swept_footprint': 41, 'shape_transition requires a reversing inner wheel': 15, 'swept_footprint': 18, 'transition requires a reversing inner wheel': 7}",0.0462657,joint_d_q,0.05,unsafe_sweep_409_410,direct_metric,101,eae46613a17a8d32f73c2a319685b02dbddcb93500696ae71023b1e6135a2168,0,1,office_reverse_diagonal,True,2.0637941146381093e-25,1.3408440071406823e-12,12.479478036056754,5,0.18673731399940152
0.003,4.174838200018485,2.220446049250313e-16,4.106107339468383e-17,,0.5253985509059499,0.17677669793081488,0.18825146149581692,0,217,2.420665546849719,raw,0.05,107,25f82884af7adf062bb4837a24adefe2e3fd58ddf9d63d1ee9ecbb43f057eb05,5.7930801289915195,0,0.0,0,Smac2D,76a7d999c17025fbcf11e3ecda97373827fea4d349117c74cd95a11a65d86565,117,,,,,,,,,,,,,,,,,,,,,,,,,,,,,,,,,,,,,,,,,,,,,,,,,,,25f82884af7adf062bb4837a24adefe2e3fd58ddf9d63d1ee9ecbb43f057eb05,0,1,west_room_to_room,True,4.174838200018485,2.420665546849719,5.7930801289915195,1,0.00600186500014388
0.07500000000000001,0.8384001896107203,0.2653814470456099,0.09677410750135684,,0.3451491578403914,0.16464466339406925,0.16464466339406925,0,264,1.506982015792857,pstmo,0.05,256,7208c0889ef2884e29b7b2322af48b075b2484bacac8da85c60bc7f52ce6117b,5.615316180354295,0,0.0,0,Smac2D,76a7d999c17025fbcf11e3ecda97373827fea4d349117c74cd95a11a65d86565,114,100,30,"[[-4.2, -2.5], [-3.45, -0.25], [-3.45198, 1.6], [-4.2, 2.8]]",4,0.075,0,0.15,0,4,0,0,"[{'index': 0, 'x': -3.45, 'y': -0.25, 'turn_angle': 0.322823, 'incoming_length': 2.37171, 'outgoing_length': 1.85, 'pivot_safe': True, 'pass_through': False, 'equivalent_radius_min': 0.122829, 'equivalent_radius_max': 11.3617, 'trim_min': 0.02, 'trim_max': 1.85, 'trim_evaluations': 20, 'evaluations': 40, 'safe_feasible': 13, 'states': 10, 'selected_radius': 3.98618, 'selected_trim': 0.649063, 'selected_control_distance': 0.227172, 'selected_control_fraction': 0.35, 'selected_score': 0.220943}, {'index': 1, 'x': -3.45198, 'y': 1.6, 'turn_angle': 0.556336, 'incoming_length': 1.85, 'outgoing_length': 1.41405, 'pivot_safe': True, 'pass_through': False, 'equivalent_radius_min': 0.0700349, 'equivalent_radius_max': 4.95163, 'trim_min': 0.02, 'trim_max': 1.41405, 'trim_evaluations': 20, 'evaluations': 40, 'safe_feasible': 12, 'states': 10, 'selected_radius': 0.771764, 'selected_trim': 0.220394, 'selected_control_distance': 0.0771379, 'selected_control_fraction': 0.35, 'selected_score': 0.534598}]",2,20,80,none,2,3,88,True,True,,,False,0.15,True,,"{'valid': True, 'safe': True, 'raw_fallback': False, 'length_m': 5.6502, 'max_curvature_1pm': 2.87472, 'curvature_energy_1pm': 2.0052, 'pivot_rotation_rad': 0, 'peak_proximity_cost': 253}",0.596834,4,"{'valid': True, 'safe': True, 'raw_fallback': False, 'length_m': 5.61532, 'max_curvature_1pm': 1.50698, 'curvature_energy_1pm': 0.8384, 'pivot_rotation_rad': 0, 'peak_proximity_cost': 253}",85,0.495263,True,True,los_quality_improvement,0.0753971,252,0.37777,256,0,0,107,"{'shape_angular acceleration iteration did not converge': 3, 'shape_swept_footprint': 28, 'shape_transition requires a reversing inner wheel': 6, 'swept_footprint': 12, 'transition requires a reversing inner wheel': 3}",0.0227263,joint_d_q,0.05,,direct_metric,43,25f82884af7adf062bb4837a24adefe2e3fd58ddf9d63d1ee9ecbb43f057eb05,0,1,west_room_to_room,True,0.8384001896107203,1.506982015792857,5.615316180354295,1,0.08328009400065639
0.006,12.813486520662634,4.440892098500626e-16,8.22529767644523e-17,,0.38555799498946647,0.10606601875848895,0.16464466339406925,0,422,2.4668209993549173,raw,0.05,212,4f4eb2b1d2e70cf511e351895bfed5bd9d3f47d05a04915a809c671540d09485,11.56378721474706,0,0.0,0,Smac2D,f8de5124e7a88dd0dfaa3df33a55c945e17de99531c87275401b2f8c5bed8514,233,,,,,,,,,,,,,,,,,,,,,,,,,,,,,,,,,,,,,,,,,,,,,,,,,,,4f4eb2b1d2e70cf511e351895bfed5bd9d3f47d05a04915a809c671540d09485,0,1,east_room_to_room,True,12.813486520662634,2.4668209993549173,11.56378721474706,1,0.010694399999920279
0.306,12.929595107536636,0.10569570093566834,0.04013209958125096,,0.4292417824901539,0.10606601875848895,0.11464466264901119,0,746,4.1283354736169455,pstmo,0.05,721,85983dec0571489ebfab68e3dd06a0acfa6ddb4d999b900577c2a41a71674ccd,11.287401518700433,0,0.0,0,Smac2D,f8de5124e7a88dd0dfaa3df33a55c945e17de99531c87275401b2f8c5bed8514,227,370,358,"[[4.2, -2.5], [3.4, -2.02673], [2.00007, -1.989], [1.56813, -1.78862], [1.40747, -1.39992], [1.36464, 0.2], [0.632848, 1.05], [0.539042, 1.39971], [0.803633, 1.799], [1.85, 2.20901], [2.55, 2.30639], [3.55, 3.10869], [4.54977, 3.12196], [5, 2.8]]",212,0.075,0.0739218,0.15,0,14,0,13,"[{'index': 0, 'x': 3.4, 'y': -2.02673, 'turn_angle': 0.507258, 'incoming_length': 0.929506, 'outgoing_length': 1.40044, 'pivot_safe': True, 'pass_through': False, 'equivalent_radius_min': 0.0771571, 'equivalent_radius_max': 3.5859, 'trim_min': 0.02, 'trim_max': 0.929506, 'trim_evaluations': 20, 'evaluations': 40, 'safe_feasible': 17, 'states': 10, 'selected_radius': 3.32274, 'selected_trim': 0.861293, 'selected_control_distance': 0.281259, 'selected_control_fraction': 0.326554, 'selected_score': 0.118022}, {'index': 1, 'x': 2.00007, 'y': -1.989, 'turn_angle': -0.407402, 'incoming_length': 1.40044, 'outgoing_length': 0.476153, 'pivot_safe': True, 'pass_through': False, 'equivalent_radius_min': 0.0968213, 'equivalent_radius_max': 2.30509, 'trim_min': 0.02, 'trim_max': 0.476153, 'trim_evaluations': 20, 'evaluations': 40, 'safe_feasible': 18, 'states': 10, 'selected_radius': 1.42178, 'selected_trim': 0.293692, 'selected_control_distance': 0.102792, 'selected_control_fraction': 0.35, 'selected_score': 0.312663}, {'index': 2, 'x': 1.56813, 'y': -1.78862, 'turn_angle': -0.744492, 'incoming_length': 0.476153, 'outgoing_length': 0.420595, 'pivot_safe': True, 'pass_through': False, 'equivalent_radius_min': 0.0512231, 'equivalent_radius_max': 1.07721, 'trim_min': 0.02, 'trim_max': 0.420595, 'trim_evaluations': 20, 'evaluations': 40, 'safe_feasible': 16, 'states': 10, 'selected_radius': 0.307719, 'selected_trim': 0.120149, 'selected_control_distance': 0.0387247, 'selected_control_fraction': 0.322307, 'selected_score': 0.735028}, {'index': 3, 'x': 1.40747, 'y': -1.39992, 'turn_angle': -0.365192, 'incoming_length': 0.420595, 'outgoing_length': 1.6005, 'pivot_safe': True, 'pass_through': False, 'equivalent_radius_min': 0.108311, 'equivalent_radius_max': 2.27776, 'trim_min': 0.02, 'trim_max': 0.420595, 'trim_evaluations': 20, 'evaluations': 40, 'safe_feasible': 18, 'states': 10, 'selected_radius': 0.542201, 'selected_trim': 0.100119, 'selected_control_distance': 0.0328632, 'selected_control_fraction': 0.328241, 'selected_score': 0.464405}, {'index': 4, 'x': 1.36464, 'y': 0.2, 'turn_angle': 0.684048, 'incoming_length': 1.6005, 'outgoing_length': 1.12161, 'pivot_safe': True, 'pass_through': False, 'equivalent_radius_min': 0.0561773, 'equivalent_radius_max': 3.15046, 'trim_min': 0.02, 'trim_max': 1.12161, 'trim_evaluations': 20, 'evaluations': 40, 'safe_feasible': 18, 'states': 10, 'selected_radius': 1.29389, 'selected_trim': 0.460646, 'selected_control_distance': 0.149052, 'selected_control_fraction': 0.323572, 'selected_score': 0.367906}, {'index': 5, 'x': 0.632848, 'y': 1.05, 'turn_angle': -0.448739, 'incoming_length': 1.12161, 'outgoing_length': 0.362075, 'pivot_safe': True, 'pass_through': False, 'equivalent_radius_min': 0.0876379, 'equivalent_radius_max': 1.58658, 'trim_min': 0.02, 'trim_max': 0.362075, 'trim_evaluations': 20, 'evaluations': 40, 'safe_feasible': 18, 'states': 10, 'selected_radius': 0.387426, 'selected_trim': 0.088415, 'selected_control_distance': 0.0289402, 'selected_control_fraction': 0.327322, 'selected_score': 0.583338}, {'index': 6, 'x': 0.539042, 'y': 1.39971, 'turn_angle': -0.84729, 'incoming_length': 0.362075, 'outgoing_length': 0.479, 'pivot_safe': True, 'pass_through': False, 'equivalent_radius_min': 0.0443506, 'equivalent_radius_max': 0.802913, 'trim_min': 0.02, 'trim_max': 0.362075, 'trim_evaluations': 20, 'evaluations': 40, 'safe_feasible': 17, 'states': 10, 'selected_radius': 0.271919, 'selected_trim': 0.122623, 'selected_control_distance': 0.0392198, 'selected_control_fraction': 0.319842, 'selected_score': 0.793652}, {'index': 7, 'x': 0.803633, 'y': 1.799, 'turn_angle': -0.612121, 'incoming_length': 0.479, 'outgoing_length': 1.12383, 'pivot_safe': True, 'pass_through': False, 'equivalent_radius_min': 0.0632933, 'equivalent_radius_max': 1.51587, 'trim_min': 0.02, 'trim_max': 0.479, 'trim_evaluations': 20, 'evaluations': 40, 'safe_feasible': 18, 'states': 10, 'selected_radius': 0.644325, 'selected_trim': 0.2036, 'selected_control_distance': 0.07126, 'selected_control_fraction': 0.35, 'selected_score': 0.5774}, {'index': 8, 'x': 1.85, 'y': 2.20901, 'turn_angle': -0.235227, 'incoming_length': 1.12383, 'outgoing_length': 0.706741, 'pivot_safe': True, 'pass_through': False, 'equivalent_radius_min': 0.169264, 'equivalent_radius_max': 5.98128, 'trim_min': 0.02, 'trim_max': 0.706741, 'trim_evaluations': 20, 'evaluations': 40, 'safe_feasible': 20, 'states': 10, 'selected_radius': 1.33167, 'selected_trim': 0.157348, 'selected_control_distance': 0.0518112, 'selected_control_fraction': 0.329277, 'selected_score': 0.268315}, {'index': 9, 'x': 2.55, 'y': 2.30639, 'turn_angle': 0.537913, 'incoming_length': 0.706741, 'outgoing_length': 1.28206, 'pivot_safe': True, 'pass_through': False, 'equivalent_radius_min': 0.0725597, 'equivalent_radius_max': 2.56405, 'trim_min': 0.02, 'trim_max': 0.706741, 'trim_evaluations': 20, 'evaluations': 40, 'safe_feasible': 18, 'states': 10, 'selected_radius': 0.321709, 'selected_trim': 0.0886741, 'selected_control_distance': 0.0310359, 'selected_control_fraction': 0.35, 'selected_score': 0.61251}, {'index': 10, 'x': 3.55, 'y': 3.10869, 'turn_angle': -0.662866, 'incoming_length': 1.28206, 'outgoing_length': 0.99986, 'pivot_safe': True, 'pass_through': False, 'equivalent_radius_min': 0.0581181, 'equivalent_radius_max': 2.9055, 'trim_min': 0.02, 'trim_max': 0.99986, 'trim_evaluations': 20, 'evaluations': 40, 'safe_feasible': 17, 'states': 10, 'selected_radius': 0.342856, 'selected_trim': 0.117986, 'selected_control_distance': 0.0382256, 'selected_control_fraction': 0.323984, 'selected_score': 0.726041}, {'index': 11, 'x': 4.54977, 'y': 3.12196, 'turn_angle': -0.63407, 'incoming_length': 0.99986, 'outgoing_length': 0.553503, 'pivot_safe': True, 'pass_through': False, 'equivalent_radius_min': 0.0609567, 'equivalent_radius_max': 1.68698, 'trim_min': 0.02, 'trim_max': 0.553503, 'trim_evaluations': 20, 'evaluations': 40, 'safe_feasible': 18, 'states': 10, 'selected_radius': 1.68698, 'selected_trim': 0.553503, 'selected_control_distance': 0.179623, 'selected_control_fraction': 0.32452, 'selected_score': 0.390375}]",12,120,480,none,12,0,0,True,False,,,False,0.15,True,,"{'valid': True, 'safe': True, 'raw_fallback': False, 'length_m': 11.2874, 'max_curvature_1pm': 4.12834, 'curvature_energy_1pm': 12.9296, 'pivot_rotation_rad': 0, 'peak_proximity_cost': 253}",0.707426,212,"{'valid': True, 'safe': True, 'raw_fallback': False, 'length_m': 11.2874, 'max_curvature_1pm': 4.12834, 'curvature_energy_1pm': 12.9296, 'pivot_rotation_rad': 0, 'peak_proximity_cost': 253}",0,0.707426,False,True,no_los_quality_not_worse,0.30521,252,0.495805,721,0,0,212,"{'shape_angular acceleration iteration did not converge': 7, 'shape_transition requires a reversing inner wheel': 58, 'transition requires a reversing inner wheel': 27}",0.14901,joint_d_q,0.05,,direct_metric,415,4f4eb2b1d2e70cf511e351895bfed5bd9d3f47d05a04915a809c671540d09485,0,1,east_room_to_room,True,12.929595107536636,4.1283354736169455,11.287401518700433,1,0.3205534439985058
0.003,4.880218730332301,2.220446049250313e-16,5.679333299971708e-17,,0.5493836874416792,0.2146446641391273,0.23390290478282266,0,405,2.2882185258414127,raw,0.05,201,513838a43ace002ce8280a6928137088fd817129e05c300f2dbb0c97b5e0fab0,10.62793983733955,0,0.0,0,Smac2D,c16cfb21c2e7edcb7b443b729fcb1ffb073f23d5b3c5c6aaab2f972504917be4,214,,,,,,,,,,,,,,,,,,,,,,,,,,,,,,,,,,,,,,,,,,,,,,,,,,,513838a43ace002ce8280a6928137088fd817129e05c300f2dbb0c97b5e0fab0,0,1,lower_cross_offices,True,4.880218730332301,2.2882185258414127,10.62793983733955,1,0.00861509400056093
0.14100000000000001,1.0066114069232517,0.23432808739376648,0.10688064913384573,,0.5712931527638466,0.1449222268733815,0.16464466339406925,0,561,1.0009524912869627,pstmo,0.05,557,333180ed92f8df9ed649ebf70858e82cb94ad497c00b23853f82c23ac4c05cd5,10.39254112237794,0,0.0,0,Smac2D,c16cfb21c2e7edcb7b443b729fcb1ffb073f23d5b3c5c6aaab2f972504917be4,209,200,70,"[[-5, -1.2], [-2, -1.47125], [-0.85, -2.38202], [3.7, -1.78915], [5, -1.2]]",5,0.075,0,0.15,0,5,0,0,"[{'index': 0, 'x': -2, 'y': -1.47125, 'turn_angle': -0.579656, 'incoming_length': 3.01224, 'outgoing_length': 1.46697, 'pivot_safe': True, 'pass_through': False, 'equivalent_radius_min': 0.0670634, 'equivalent_radius_max': 4.919, 'trim_min': 0.02, 'trim_max': 1.46697, 'trim_evaluations': 20, 'evaluations': 40, 'safe_feasible': 12, 'states': 10, 'selected_radius': 2.73563, 'selected_trim': 0.815834, 'selected_control_distance': 0.265519, 'selected_control_fraction': 0.325457, 'selected_score': 0.303983}, {'index': 1, 'x': -0.85, 'y': -2.38202, 'turn_angle': 0.7994, 'incoming_length': 1.46697, 'outgoing_length': 4.58846, 'pivot_safe': True, 'pass_through': False, 'equivalent_radius_min': 0.047344, 'equivalent_radius_max': 3.47262, 'trim_min': 0.02, 'trim_max': 1.46697, 'trim_evaluations': 20, 'evaluations': 40, 'safe_feasible': 12, 'states': 10, 'selected_radius': 1.18197, 'selected_trim': 0.499309, 'selected_control_distance': 0.174758, 'selected_control_fraction': 0.35, 'selected_score': 0.504665}, {'index': 2, 'x': 3.7, 'y': -1.78915, 'turn_angle': 0.295935, 'incoming_length': 4.58846, 'outgoing_length': 1.42727, 'pivot_safe': True, 'pass_through': False, 'equivalent_radius_min': 0.134177, 'equivalent_radius_max': 9.57533, 'trim_min': 0.02, 'trim_max': 1.42727, 'trim_evaluations': 20, 'evaluations': 40, 'safe_feasible': 18, 'states': 10, 'selected_radius': 5.56284, 'selected_trim': 0.82918, 'selected_control_distance': 0.272677, 'selected_control_fraction': 0.328852, 'selected_score': 0.048226}]",3,30,120,none,3,4,287,True,True,,,False,0.15,True,,"{'valid': True, 'safe': True, 'raw_fallback': False, 'length_m': 10.5345, 'max_curvature_1pm': 3.95887, 'curvature_energy_1pm': 3.89088, 'pivot_rotation_rad': 0, 'peak_proximity_cost': 228}",0.646635,5,"{'valid': True, 'safe': True, 'raw_fallback': False, 'length_m': 10.3925, 'max_curvature_1pm': 1.00095, 'curvature_energy_1pm': 1.00661, 'pivot_rotation_rad': 0, 'peak_proximity_cost': 253}",283,0.500514,True,True,los_quality_improvement,0.142785,252,0.285625,557,0,0,201,"{'angular acceleration iteration did not converge': 2, 'shape_angular acceleration iteration did not converge': 7, 'shape_swept_footprint': 29, 'shape_transition requires a reversing inner wheel': 9, 'swept_footprint': 12, 'transition requires a reversing inner wheel': 4}",0.0451592,joint_d_q,0.05,,direct_metric,75,513838a43ace002ce8280a6928137088fd817129e05c300f2dbb0c97b5e0fab0,0,1,lower_cross_offices,True,1.0066114069232517,1.0009524912869627,10.39254112237794,1,0.15639274100067269
0.003,10.131434043278176,4.440892098500626e-16,2.960617319792847e-17,,0.2800625987552733,0.06464466190395313,0.06464466190395313,0,438,2.350255262806631,raw,0.05,212,f68845309125139224f62472b84e0ab3195324bd874cb090e5d280141ad8a6bb,11.187447211182,0,0.0,0,Smac2D,ca8786626674585f0ac7927d4a20d7e969a93b499769f2ee3e236aa439ca579a,225,,,,,,,,,,,,,,,,,,,,,,,,,,,,,,,,,,,,,,,,,,,,,,,,,,,f68845309125139224f62472b84e0ab3195324bd874cb090e5d280141ad8a6bb,0,1,upper_cross_offices,True,10.131434043278176,2.350255262806631,11.187447211182,1,0.00799904800078366
0.312,9.452988794734601,0.04352346743363162,0.017462251487685803,,0.2607171066857494,0.06464466190395313,0.11464466264901119,0,603,3.803295087994979,pstmo,0.05,585,18fc053276d7ecad5430fcf589026c2ed30b424793f4017d341013d35de4ec10,11.061477421541019,0,0.0,0,Smac2D,ca8786626674585f0ac7927d4a20d7e969a93b499769f2ee3e236aa439ca579a,223,267,374,"[[-5, 2.3], [-4.15, 2.27879], [-3.5, 1.83523], [-2.6, 1.70862], [-1.8, 1.89665], [1.2, 1.90684], [1.85, 2.20901], [2.55, 2.30639], [3.4, 3.04896], [4.05, 3.14974], [4.54971, 3.12196], [4.83861, 2.98051], [5.02046, 2.64971], [5, 2.3]]",212,0.075,0.0437798,0.15,0,14,0,13,"[{'index': 0, 'x': -4.15, 'y': 2.27879, 'turn_angle': -0.573864, 'incoming_length': 0.850265, 'outgoing_length': 0.78692, 'pivot_safe': True, 'pass_through': False, 'equivalent_radius_min': 0.0677795, 'equivalent_radius_max': 2.66685, 'trim_min': 0.02, 'trim_max': 0.78692, 'trim_evaluations': 20, 'evaluations': 40, 'safe_feasible': 18, 'states': 10, 'selected_radius': 0.587594, 'selected_trim': 0.173384, 'selected_control_distance': 0.0564453, 'selected_control_fraction': 0.325551, 'selected_score': 0.44522}, {'index': 1, 'x': -3.5, 'y': 1.83523, 'turn_angle': 0.459054, 'incoming_length': 0.78692, 'outgoing_length': 0.908862, 'pivot_safe': True, 'pass_through': False, 'equivalent_radius_min': 0.0856001, 'equivalent_radius_max': 3.36802, 'trim_min': 0.02, 'trim_max': 0.78692, 'trim_evaluations': 20, 'evaluations': 40, 'safe_feasible': 18, 'states': 10, 'selected_radius': 1.07033, 'selected_trim': 0.250076, 'selected_control_distance': 0.0818235, 'selected_control_fraction': 0.327194, 'selected_score': 0.362383}, {'index': 2, 'x': -2.6, 'y': 1.70862, 'turn_angle': 0.370601, 'incoming_length': 0.908862, 'outgoing_length': 0.821799, 'pivot_safe': True, 'pass_through': False, 'equivalent_radius_min': 0.106695, 'equivalent_radius_max': 4.38408, 'trim_min': 0.02, 'trim_max': 0.821799, 'trim_evaluations': 20, 'evaluations': 40, 'safe_feasible': 18, 'states': 10, 'selected_radius': 0.534433, 'selected_trim': 0.10018, 'selected_control_distance': 0.0328778, 'selected_control_fraction': 0.328188, 'selected_score': 0.524282}, {'index': 3, 'x': -1.8, 'y': 1.89665, 'turn_angle': -0.227442, 'incoming_length': 0.821799, 'outgoing_length': 3.00002, 'pivot_safe': True, 'pass_through': False, 'equivalent_radius_min': 0.17511, 'equivalent_radius_max': 7.19525, 'trim_min': 0.02, 'trim_max': 0.821799, 'trim_evaluations': 20, 'evaluations': 40, 'safe_feasible': 20, 'states': 10, 'selected_radius': 1.57914, 'selected_trim': 0.18036, 'selected_control_distance': 0.0593969, 'selected_control_fraction': 0.329325, 'selected_score': 0.262369}, {'index': 4, 'x': 1.2, 'y': 1.90684, 'turn_angle': 0.431758, 'incoming_length': 3.00002, 'outgoing_length': 0.716803, 'pivot_safe': True, 'pass_through': False, 'equivalent_radius_min': 0.0912008, 'equivalent_radius_max': 3.26865, 'trim_min': 0.02, 'trim_max': 0.716803, 'trim_evaluations': 20, 'evaluations': 40, 'safe_feasible': 18, 'states': 10, 'selected_radius': 0.408946, 'selected_trim': 0.0896803, 'selected_control_distance': 0.0293726, 'selected_control_fraction': 0.327525, 'selected_score': 0.56699}, {'index': 5, 'x': 1.85, 'y': 2.20901, 'turn_angle': -0.29693, 'incoming_length': 0.716803, 'outgoing_length': 0.706741, 'pivot_safe': True, 'pass_through': False, 'equivalent_radius_min': 0.133721, 'equivalent_radius_max': 4.7253, 'trim_min': 0.02, 'trim_max': 0.706741, 'trim_evaluations': 20, 'evaluations': 40, 'safe_feasible': 19, 'states': 10, 'selected_radius': 3.6922, 'selected_trim': 0.552224, 'selected_control_distance': 0.193279, 'selected_control_fraction': 0.35, 'selected_score': 0.207142}, {'index': 6, 'x': 2.55, 'y': 2.30639, 'turn_angle': 0.579814, 'incoming_length': 0.706741, 'outgoing_length': 1.12867, 'pivot_safe': True, 'pass_through': False, 'equivalent_radius_min': 0.067044, 'equivalent_radius_max': 2.36914, 'trim_min': 0.02, 'trim_max': 0.706741, 'trim_evaluations': 20, 'evaluations': 40, 'safe_feasible': 18, 'states': 10, 'selected_radius': 0.297253, 'selected_trim': 0.0886741, 'selected_control_distance': 0.0310359, 'selected_control_fraction': 0.35, 'selected_score': 0.624161}, {'index': 7, 'x': 3.4, 'y': 3.04896, 'turn_angle': -0.564219, 'incoming_length': 1.12867, 'outgoing_length': 0.657766, 'pivot_safe': True, 'pass_through': False, 'equivalent_radius_min': 0.0690036, 'equivalent_radius_max': 2.26941, 'trim_min': 0.02, 'trim_max': 0.657766, 'trim_evaluations': 20, 'evaluations': 40, 'safe_feasible': 18, 'states': 10, 'selected_radius': 0.729126, 'selected_trim': 0.21133, 'selected_control_distance': 0.0688312, 'selected_control_fraction': 0.325705, 'selected_score': 0.530808}, {'index': 8, 'x': 4.05, 'y': 3.14974, 'turn_angle': -0.209355, 'incoming_length': 0.657766, 'outgoing_length': 0.500481, 'pivot_safe': True, 'pass_through': False, 'equivalent_radius_min': 0.190364, 'equivalent_radius_max': 4.76369, 'trim_min': 0.02, 'trim_max': 0.500481, 'trim_evaluations': 20, 'evaluations': 40, 'safe_feasible': 20, 'states': 10, 'selected_radius': 2.0197, 'selected_trim': 0.212193, 'selected_control_distance': 0.0742674, 'selected_control_fraction': 0.35, 'selected_score': 0.202107}, {'index': 9, 'x': 4.54971, 'y': 3.12196, 'turn_angle': -0.399771, 'incoming_length': 0.500481, 'outgoing_length': 0.321665, 'pivot_safe': True, 'pass_through': False, 'equivalent_radius_min': 0.0987212, 'equivalent_radius_max': 1.58776, 'trim_min': 0.02, 'trim_max': 0.321665, 'trim_evaluations': 20, 'evaluations': 40, 'safe_feasible': 18, 'states': 10, 'selected_radius': 0.396529, 'selected_trim': 0.0803331, 'selected_control_distance': 0.0281166, 'selected_control_fraction': 0.35, 'selected_score': 0.589415}, {'index': 10, 'x': 4.83861, 'y': 2.98051, 'turn_angle': -0.612858, 'incoming_length': 0.321665, 'outgoing_length': 0.377493, 'pivot_safe': True, 'pass_through': False, 'equivalent_radius_min': 0.0632122, 'equivalent_radius_max': 1.01666, 'trim_min': 0.02, 'trim_max': 0.321665, 'trim_evaluations': 20, 'evaluations': 40, 'safe_feasible': 17, 'states': 10, 'selected_radius': 0.587608, 'selected_trim': 0.185916, 'selected_control_distance': 0.0650706, 'selected_control_fraction': 0.35, 'selected_score': 0.617122}, {'index': 11, 'x': 5.02046, 'y': 2.64971, 'turn_angle': -0.561067, 'incoming_length': 0.377493, 'outgoing_length': 0.350308, 'pivot_safe': True, 'pass_through': False, 'equivalent_radius_min': 0.0694127, 'equivalent_radius_max': 1.21579, 'trim_min': 0.02, 'trim_max': 0.350308, 'trim_evaluations': 20, 'evaluations': 40, 'safe_feasible': 18, 'states': 10, 'selected_radius': 0.356007, 'selected_trim': 0.102577, 'selected_control_distance': 0.0334149, 'selected_control_fraction': 0.325755, 'selected_score': 0.696121}]",12,120,480,none,12,0,0,True,False,,,False,0.15,True,,"{'valid': True, 'safe': True, 'raw_fallback': False, 'length_m': 11.0615, 'max_curvature_1pm': 3.8033, 'curvature_energy_1pm': 9.45299, 'pivot_rotation_rad': 0, 'peak_proximity_cost': 253}",0.696395,212,"{'valid': True, 'safe': True, 'raw_fallback': False, 'length_m': 11.0615, 'max_curvature_1pm': 3.8033, 'curvature_energy_1pm': 9.45299, 'pivot_rotation_rad': 0, 'peak_proximity_cost': 253}",0,0.696395,False,True,no_los_quality_not_worse,0.310414,252,0.46901,585,0,0,212,"{'shape_angular acceleration iteration did not converge': 7, 'shape_transition requires a reversing inner wheel': 43, 'transition requires a reversing inner wheel': 20}",0.156248,joint_d_q,0.05,,direct_metric,430,f68845309125139224f62472b84e0ab3195324bd874cb090e5d280141ad8a6bb,0,1,upper_cross_offices,True,9.452988794734601,3.803295087994979,11.061477421541019,1,0.32406248600091203
0.003,4.516101269374312,1.1102230246251565e-16,2.8040487938710966e-17,,0.5242419789659675,0.17677669793081488,0.2146446641391273,0,273,2.4505162467867554,raw,0.05,131,d567075514404a5e565ddd2f7b73d5d96e809fb13ad3356f40959d2bf917fa44,7.554626117054577,0,0.0,0,Smac2D,66883c1dd19163959a600dac97598b3ead8078c54d125dd8673e745f96c01a54,153,,,,,,,,,,,,,,,,,,,,,,,,,,,,,,,,,,,,,,,,,,,,,,,,,,,d567075514404a5e565ddd2f7b73d5d96e809fb13ad3356f40959d2bf917fa44,0,1,central_u_turn,True,4.516101269374312,2.4505162467867554,7.554626117054577,1,0.00749825300044904
0.14100000000000001,18.806000476384693,0.18396914046273657,0.0856395513889412,,0.464034288186075,0.1449222268733815,0.16464466339406925,0,198,10.036724595936052,pstmo,0.05,157,a05b6e23ac65d7e1c96ac92c1d03df8bc695b7c00a26a9e63d7f93eb785e2ccb,7.439117810622919,4,0.8523179170379799,2.505645755414581,Smac2D,66883c1dd19163959a600dac97598b3ead8078c54d125dd8673e745f96c01a54,150,227,81,"[[-1.5, -3], [-1.14613, -0.45], [0.389134, 1.2], [0.347819, 1.59999], [-0.7, 2.43693], [-1.5, 2.8]]",6,0.075,0,0.15,0,6,0,0,"[{'index': 0, 'x': -1.14613, 'y': -0.45, 'turn_angle': -0.6115, 'incoming_length': 2.57444, 'outgoing_length': 2.25378, 'pivot_safe': True, 'pass_through': False, 'equivalent_radius_min': 0.0633617, 'equivalent_radius_max': 6.33617, 'trim_min': 0.02, 'trim_max': 2, 'trim_evaluations': 20, 'evaluations': 40, 'safe_feasible': 13, 'states': 10, 'selected_radius': 0, 'selected_trim': 0, 'selected_control_distance': 0, 'selected_control_fraction': 0, 'selected_score': 0}, {'index': 1, 'x': 0.389134, 'y': 1.2, 'turn_angle': 0.852318, 'incoming_length': 2.25378, 'outgoing_length': 0.402113, 'pivot_safe': True, 'pass_through': False, 'equivalent_radius_min': 0.0440548, 'equivalent_radius_max': 0.88575, 'trim_min': 0.02, 'trim_max': 0.402113, 'trim_evaluations': 20, 'evaluations': 40, 'safe_feasible': 13, 'states': 10, 'selected_radius': 0, 'selected_trim': 0, 'selected_control_distance': 0, 'selected_control_fraction': 0, 'selected_score': 0}, {'index': 2, 'x': 0.347819, 'y': 1.59999, 'turn_angle': 0.793895, 'incoming_length': 0.402113, 'outgoing_length': 1.34104, 'pivot_safe': True, 'pass_through': False, 'equivalent_radius_min': 0.04771, 'equivalent_radius_max': 0.95924, 'trim_min': 0.02, 'trim_max': 0.402113, 'trim_evaluations': 20, 'evaluations': 40, 'safe_feasible': 13, 'states': 10, 'selected_radius': 0, 'selected_trim': 0, 'selected_control_distance': 0, 'selected_control_fraction': 0, 'selected_score': 0}, {'index': 3, 'x': -0.7, 'y': 2.43693, 'turn_angle': 0.247933, 'incoming_length': 1.34104, 'outgoing_length': 0.878534, 'pivot_safe': True, 'pass_through': False, 'equivalent_radius_min': 0.160507, 'equivalent_radius_max': 7.05053, 'trim_min': 0.02, 'trim_max': 0.878534, 'trim_evaluations': 20, 'evaluations': 40, 'safe_feasible': 20, 'states': 10, 'selected_radius': 0, 'selected_trim': 0, 'selected_control_distance': 0, 'selected_control_fraction': 0, 'selected_score': 0}]",4,40,160,all_pivot,0,5,184,True,True,,,False,0.15,True,,"{'valid': True, 'safe': True, 'raw_fallback': False, 'length_m': 7.49929, 'max_curvature_1pm': 3.83332, 'curvature_energy_1pm': 5.86366, 'pivot_rotation_rad': 0, 'peak_proximity_cost': 251}",0.679327,6,"{'valid': True, 'safe': True, 'raw_fallback': False, 'length_m': 7.44991, 'max_curvature_1pm': 6.82306e-13, 'curvature_energy_1pm': 6.27478e-26, 'pivot_rotation_rad': 2.50565, 'peak_proximity_cost': 251}",179,0.659372,True,True,los_quality_improvement,0.142672,252,0,157,0,4,131,"{'angular acceleration iteration did not converge': 1, 'shape_angular acceleration iteration did not converge': 4, 'shape_swept_footprint': 37, 'shape_transition requires a reversing inner wheel': 14, 'swept_footprint': 13, 'transition requires a reversing inner wheel': 7}",0.0506281,joint_d_q,0.05,unsafe_sweep_366_367,direct_metric,105,d567075514404a5e565ddd2f7b73d5d96e809fb13ad3356f40959d2bf917fa44,0,1,central_u_turn,True,6.274775081852884e-26,6.823055423941166e-13,7.4499092339850534,5,0.14948693299993465
0.0,2.289288199587874,2.220446049250313e-16,7.94074289780678e-17,,0.642255691574975,0.2146446641391273,0.23390290478282266,0,205,2.2953317035113314,raw,0.05,101,054f5e2ad0242d9fe58c52e712acf9e1a65b092e292e2403c5229555ed932397,6.316793348059908,0,0.0,0,Smac2D,32ff3e216130198fe55d310ee80edca52cb7c323a0b4d2c04a625e1d658f9b71,128,,,,,,,,,,,,,,,,,,,,,,,,,,,,,,,,,,,,,,,,,,,,,,,,,,,054f5e2ad0242d9fe58c52e712acf9e1a65b092e292e2403c5229555ed932397,0,1,east_partition_detour,True,2.289288199587874,2.2953317035113314,6.316793348059908,1,0.003404274000786245
0.07200000000000001,0.03836897004670334,0.3533413550778024,0.14943511561152809,,0.5152087776187052,0.1449222268733815,0.1449222268733815,0,231,0.1974210665632343,pstmo,0.05,228,850bd61e23b40421b706453b141e3dae4696353f5f49eb458077772db2f98834,6.133805615702302,0,0.0,0,Smac2D,32ff3e216130198fe55d310ee80edca52cb7c323a0b4d2c04a625e1d658f9b71,124,0,18,"[[0, -3], [2.5, -1.64805], [5, 0.5]]",3,0.075,0,0.15,0,3,0,0,"[{'index': 0, 'x': 2.5, 'y': -1.64805, 'turn_angle': 0.214083, 'incoming_length': 2.84214, 'outgoing_length': 3.29607, 'pivot_safe': True, 'pass_through': False, 'equivalent_radius_min': 0.186129, 'equivalent_radius_max': 18.6129, 'trim_min': 0.02, 'trim_max': 2, 'trim_evaluations': 20, 'evaluations': 40, 'safe_feasible': 12, 'states': 10, 'selected_radius': 5.9445, 'selected_trim': 0.63875, 'selected_control_distance': 0.223563, 'selected_control_fraction': 0.35, 'selected_score': 0.185264}]",1,10,40,none,1,2,52,True,True,,,False,0.15,True,,"{'valid': True, 'safe': True, 'raw_fallback': False, 'length_m': 6.25841, 'max_curvature_1pm': 2.55045, 'curvature_energy_1pm': 2.1208, 'pivot_rotation_rad': 0, 'peak_proximity_cost': 221}",0.579308,3,"{'valid': True, 'safe': True, 'raw_fallback': False, 'length_m': 6.13381, 'max_curvature_1pm': 0.197421, 'curvature_energy_1pm': 0.038369, 'pivot_rotation_rad': 0, 'peak_proximity_cost': 253}",50,0.314708,True,True,los_quality_improvement,0.0694256,252,0.185264,228,0,0,101,"{'shape_swept_footprint': 20, 'swept_footprint': 8}",0.0157335,joint_d_q,0.05,,direct_metric,20,054f5e2ad0242d9fe58c52e712acf9e1a65b092e292e2403c5229555ed932397,0,1,east_partition_detour,True,0.03836897004670334,0.1974210665632343,6.133805615702302,1,0.07596225700035575
0.009000000000000001,13.073351820307751,4.440892098500626e-16,9.561089586523424e-17,,0.44124535164063655,0.11464466264901119,0.16464466339406925,0,337,3.730006637642104,raw,0.05,145,137dc417d3d3d2c68f99748beed91c75997fe46681988227499aa9abaf76b26f,12.719722959946527,0,0.0,0,SmacHybrid,e98a86bf7e0da398fc2611467944728fda2c0ec506d4d3f0869c217772f8cc26,256,,,,,,,,,,,,,,,,,,,,,,,,,,,,,,,,,,,,,,,,,,,,,,,,,,,137dc417d3d3d2c68f99748beed91c75997fe46681988227499aa9abaf76b26f,0,1,office_long_diagonal,True,13.073351820307751,3.730006637642104,12.719722959946527,1,0.011894751998624997
0.186,0.9271869004599989,0.16587587229847262,0.07340907547822662,,0.34259629440911044,0.1449222268733815,0.1449222268733815,0,524,1.3459082237990374,pstmo,0.05,514,b81c23fa12699cfa7f558ec1fbfec6f6f7aa39f8fc62e499ea6be5db352cbda2,12.419564698499327,0,0.0,0,SmacHybrid,e98a86bf7e0da398fc2611467944728fda2c0ec506d4d3f0869c217772f8cc26,250,222,80,"[[-5.2, -3], [-1.35974, -0.497696], [0.462383, 1.24525], [0.885079, 1.90875], [3.81541, 3.18868], [5.2, 3]]",6,0.075,0,0.15,0,6,0,0,"[{'index': 0, 'x': -1.35974, 'y': -0.497696, 'turn_angle': 0.185695, 'incoming_length': 4.58357, 'outgoing_length': 2.5215, 'pivot_safe': True, 'pass_through': False, 'equivalent_radius_min': 0.214787, 'equivalent_radius_max': 21.4787, 'trim_min': 0.02, 'trim_max': 2, 'trim_evaluations': 20, 'evaluations': 40, 'safe_feasible': 15, 'states': 10, 'selected_radius': 1.80958, 'selected_trim': 0.1685, 'selected_control_distance': 0.0555293, 'selected_control_fraction': 0.329551, 'selected_score': 0.0973957}, {'index': 1, 'x': 0.462383, 'y': 1.24525, 'turn_angle': 0.240372, 'incoming_length': 2.5215, 'outgoing_length': 0.786705, 'pivot_safe': True, 'pass_through': False, 'equivalent_radius_min': 0.165607, 'equivalent_radius_max': 6.51418, 'trim_min': 0.02, 'trim_max': 0.786705, 'trim_evaluations': 20, 'evaluations': 40, 'safe_feasible': 16, 'states': 10, 'selected_radius': 0.800464, 'selected_trim': 0.0966705, 'selected_control_distance': 0.0318283, 'selected_control_fraction': 0.329245, 'selected_score': 0.369447}, {'index': 2, 'x': 0.885079, 'y': 1.90875, 'turn_angle': -0.591753, 'incoming_length': 0.786705, 'outgoing_length': 3.19767, 'pivot_safe': True, 'pass_through': False, 'equivalent_radius_min': 0.0656116, 'equivalent_radius_max': 2.58085, 'trim_min': 0.02, 'trim_max': 0.786705, 'trim_evaluations': 20, 'evaluations': 40, 'safe_feasible': 13, 'states': 10, 'selected_radius': 1.82628, 'selected_trim': 0.556693, 'selected_control_distance': 0.194843, 'selected_control_fraction': 0.35, 'selected_score': 0.368053}, {'index': 3, 'x': 3.81541, 'y': 3.18868, 'turn_angle': -0.547249, 'incoming_length': 3.19767, 'outgoing_length': 1.39738, 'pivot_safe': True, 'pass_through': False, 'equivalent_radius_min': 0.0712595, 'equivalent_radius_max': 4.97884, 'trim_min': 0.02, 'trim_max': 1.39738, 'trim_evaluations': 20, 'evaluations': 40, 'safe_feasible': 13, 'states': 10, 'selected_radius': 2.89312, 'selected_trim': 0.811995, 'selected_control_distance': 0.284198, 'selected_control_fraction': 0.35, 'selected_score': 0.291982}]",4,40,160,none,4,5,239,True,True,,,False,0.15,True,,"{'valid': True, 'safe': True, 'raw_fallback': False, 'length_m': 12.5791, 'max_curvature_1pm': 3.19138, 'curvature_energy_1pm': 5.47033, 'pivot_rotation_rad': 0, 'peak_proximity_cost': 228}",0.65217,6,"{'valid': True, 'safe': True, 'raw_fallback': False, 'length_m': 12.4196, 'max_curvature_1pm': 1.34591, 'curvature_energy_1pm': 0.927187, 'pivot_rotation_rad': 0, 'peak_proximity_cost': 253}",234,0.501385,True,True,los_quality_improvement,0.184007,252,0.28172,514,0,0,145,"{'shape_swept_footprint': 56, 'shape_transition requires a reversing inner wheel': 8, 'swept_footprint': 19, 'transition requires a reversing inner wheel': 4}",0.0548446,joint_d_q,0.05,,direct_metric,96,137dc417d3d3d2c68f99748beed91c75997fe46681988227499aa9abaf76b26f,0,1,office_long_diagonal,True,0.9271869004599989,1.3459082237990374,12.419564698499327,1,0.19851787600055104
0.015000000000000001,15.139682605971949,4.440892098500626e-16,6.905474207699081e-17,,0.46954775378852254,0.2146446641391273,0.2146446641391273,0,313,4.187308375111051,raw,0.05,144,2cd3203a6cf4d083d7da8bcbd67059e2750f576ae9f61983cf7966f04e036a68,12.742328341472902,0,0.0,0,SmacHybrid,de1c7f4611e866a0e6e5d6fc053952655db46d887ba5fd2a7c569a455037499f,256,,,,,,,,,,,,,,,,,,,,,,,,,,,,,,,,,,,,,,,,,,,,,,,,,,,2cd3203a6cf4d083d7da8bcbd67059e2750f576ae9f61983cf7966f04e036a68,0,1,office_reverse_diagonal,True,15.139682605971949,4.187308375111051,12.742328341472902,1,0.02134045300044818
0.18000000000000002,3.876015485736496,0.08918924445899093,0.03104563355490039,,0.46076769719284655,0.17677669793081488,0.18825146149581692,0,957,2.750050620934959,pstmo,0.05,953,716e39da62eaf100e6bd9bc48f298e5ea45721e1b3c588cfcb3ea03d7f49eac3,12.59992002186362,0,0.0,0,SmacHybrid,de1c7f4611e866a0e6e5d6fc053952655db46d887ba5fd2a7c569a455037499f,254,334,257,"[[5.2, 3], [4.58809, 3.17639], [3.23247, 3.13679], [2.13744, 2.3218], [0.837501, 1.8994], [0.551137, 1.67993], [0.262589, 0.921555], [-2.00671, -1.04529], [-4.27627, -2.15483], [-5.2, -3]]",144,0.075,0.0669775,0.15,0,10,0,9,"[{'index': 0, 'x': 4.58809, 'y': 3.17639, 'turn_angle': 0.30985, 'incoming_length': 0.636827, 'outgoing_length': 1.35619, 'pivot_safe': True, 'pass_through': False, 'equivalent_radius_min': 0.12806, 'equivalent_radius_max': 4.07761, 'trim_min': 0.02, 'trim_max': 0.636827, 'trim_evaluations': 20, 'evaluations': 40, 'safe_feasible': 19, 'states': 10, 'selected_radius': 4.07761, 'selected_trim': 0.636827, 'selected_control_distance': 0.20935, 'selected_control_fraction': 0.32874, 'selected_score': 0.172436}, {'index': 1, 'x': 3.23247, 'y': 3.13679, 'turn_angle': 0.610617, 'incoming_length': 1.35619, 'outgoing_length': 1.36503, 'pivot_safe': True, 'pass_through': False, 'equivalent_radius_min': 0.0634593, 'equivalent_radius_max': 4.30315, 'trim_min': 0.02, 'trim_max': 1.35619, 'trim_evaluations': 20, 'evaluations': 40, 'safe_feasible': 17, 'states': 10, 'selected_radius': 0.911398, 'selected_trim': 0.287238, 'selected_control_distance': 0.100533, 'selected_control_fraction': 0.35, 'selected_score': 0.444825}, {'index': 2, 'x': 2.13744, 'y': 2.3218, 'turn_angle': -0.325649, 'incoming_length': 1.36503, 'outgoing_length': 1.36684, 'pivot_safe': True, 'pass_through': False, 'equivalent_radius_min': 0.121744, 'equivalent_radius_max': 8.30923, 'trim_min': 0.02, 'trim_max': 1.36503, 'trim_evaluations': 20, 'evaluations': 40, 'safe_feasible': 19, 'states': 10, 'selected_radius': 5.44361, 'selected_trim': 0.894271, 'selected_control_distance': 0.312995, 'selected_control_fraction': 0.35, 'selected_score': 0.173515}, {'index': 3, 'x': 0.837501, 'y': 1.8994, 'turn_angle': 0.339762, 'incoming_length': 1.36684, 'outgoing_length': 0.360797, 'pivot_safe': True, 'pass_through': False, 'equivalent_radius_min': 0.116595, 'equivalent_radius_max': 2.10335, 'trim_min': 0.02, 'trim_max': 0.360797, 'trim_evaluations': 20, 'evaluations': 40, 'safe_feasible': 19, 'states': 10, 'selected_radius': 0.414609, 'selected_trim': 0.0711196, 'selected_control_distance': 0.0233614, 'selected_control_fraction': 0.328481, 'selected_score': 0.482218}, {'index': 4, 'x': 0.551137, 'y': 1.67993, 'turn_angle': 0.553296, 'incoming_length': 0.360797, 'outgoing_length': 0.811411, 'pivot_safe': True, 'pass_through': False, 'equivalent_radius_min': 0.0704403, 'equivalent_radius_max': 1.27073, 'trim_min': 0.02, 'trim_max': 0.360797, 'trim_evaluations': 20, 'evaluations': 40, 'safe_feasible': 18, 'states': 10, 'selected_radius': 0.490542, 'selected_trim': 0.139279, 'selected_control_distance': 0.0453877, 'selected_control_fraction': 0.325876, 'selected_score': 0.560151}, {'index': 5, 'x': 0.262589, 'y': 0.921555, 'turn_angle': -0.493106, 'incoming_length': 0.811411, 'outgoing_length': 3.00303, 'pivot_safe': True, 'pass_through': False, 'equivalent_radius_min': 0.079468, 'equivalent_radius_max': 3.22406, 'trim_min': 0.02, 'trim_max': 0.811411, 'trim_evaluations': 20, 'evaluations': 40, 'safe_feasible': 18, 'states': 10, 'selected_radius': 0.393927, 'selected_trim': 0.0991411, 'selected_control_distance': 0.0323943, 'selected_control_fraction': 0.32675, 'selected_score': 0.603351}, {'index': 6, 'x': -2.00671, 'y': -1.04529, 'turn_angle': -0.259409, 'incoming_length': 3.00303, 'outgoing_length': 2.52626, 'pivot_safe': True, 'pass_through': False, 'equivalent_radius_min': 0.153331, 'equivalent_radius_max': 15.3331, 'trim_min': 0.02, 'trim_max': 2, 'trim_evaluations': 20, 'evaluations': 40, 'safe_feasible': 20, 'states': 10, 'selected_radius': 9.26118, 'selected_trim': 1.208, 'selected_control_distance': 0.4228, 'selected_control_fraction': 0.35, 'selected_score': 0.158151}, {'index': 7, 'x': -4.27627, 'y': -2.15483, 'turn_angle': 0.2863, 'incoming_length': 2.52626, 'outgoing_length': 1.25203, 'pivot_safe': True, 'pass_through': False, 'equivalent_radius_min': 0.138758, 'equivalent_radius_max': 8.6865, 'trim_min': 0.02, 'trim_max': 1.25203, 'trim_evaluations': 20, 'evaluations': 40, 'safe_feasible': 19, 'states': 10, 'selected_radius': 7.40434, 'selected_trim': 1.06723, 'selected_control_distance': 0.35104, 'selected_control_fraction': 0.328926, 'selected_score': 0.0356844}]",8,80,320,none,8,0,0,True,False,,,False,0.15,True,,"{'valid': True, 'safe': True, 'raw_fallback': False, 'length_m': 12.5999, 'max_curvature_1pm': 2.75005, 'curvature_energy_1pm': 3.87602, 'pivot_rotation_rad': 0, 'peak_proximity_cost': 221}",0.622896,144,"{'valid': True, 'safe': True, 'raw_fallback': False, 'length_m': 12.4458, 'max_curvature_1pm': 3.43866, 'curvature_energy_1pm': 2.45026, 'pivot_rotation_rad': 0, 'peak_proximity_cost': 253}",0,0.621167,False,True,no_los_quality_not_worse,0.179731,252,0.328792,953,0,0,144,"{'shape_angular acceleration iteration did not converge': 2, 'shape_transition requires a reversing inner wheel': 23, 'transition requires a reversing inner wheel': 11}",0.135105,joint_d_q,0.05,,direct_metric,295,2cd3203a6cf4d083d7da8bcbd67059e2750f576ae9f61983cf7966f04e036a68,0,1,office_reverse_diagonal,True,3.876015485736496,2.750050620934959,12.59992002186362,1,0.22871895400021458
0.003,7.104164290137508,4.440892098500626e-16,5.902260075095238e-17,,0.5425986502548332,0.25619225950049973,0.26464466488418537,0,153,4.139043888888903,raw,0.05,69,7684d639297aec53784b7d69644fb2d30691b9dd20f2312c42664efd58ee36f4,5.884323428754765,0,0.0,0,SmacHybrid,c0a66e47b098f8b737a4f2b98290c0b75bde6bd78ea3dac268ccce618d6112b8,119,,,,,,,,,,,,,,,,,,,,,,,,,,,,,,,,,,,,,,,,,,,,,,,,,,,7684d639297aec53784b7d69644fb2d30691b9dd20f2312c42664efd58ee36f4,0,1,west_room_to_room,True,7.104164290137508,4.139043888888903,5.884323428754765,1,0.006942587000594358
0.12000000000000001,0.3836572400830251,0.20156711737744226,0.11052456069383604,,0.3747758840459431,0.16464466339406925,0.16464466339406925,0,402,0.4758297089968369,pstmo,0.05,392,d759bf461a92cd395c8faaebd6939aac5c8233b11ba304e4dd15c0912da0c9fd,5.633331367369821,0,0.0,0,SmacHybrid,c0a66e47b098f8b737a4f2b98290c0b75bde6bd78ea3dac268ccce618d6112b8,114,100,36,"[[-4.2, -2.5], [-3.41803, -0.166108], [-3.43407, 1.92544], [-4.2, 2.8]]",4,0.075,0,0.15,0,4,0,0,"[{'index': 0, 'x': -3.41803, 'y': -0.166108, 'turn_angle': 0.330965, 'incoming_length': 2.46141, 'outgoing_length': 2.09161, 'pivot_safe': True, 'pass_through': False, 'equivalent_radius_min': 0.119753, 'equivalent_radius_max': 11.9753, 'trim_min': 0.02, 'trim_max': 2, 'trim_evaluations': 20, 'evaluations': 40, 'safe_feasible': 14, 'states': 10, 'selected_radius': 4.78789, 'selected_trim': 0.799625, 'selected_control_distance': 0.279869, 'selected_control_fraction': 0.35, 'selected_score': 0.21093}, {'index': 1, 'x': -3.43407, 'y': 1.92544, 'turn_angle': 0.711611, 'incoming_length': 2.09161, 'outgoing_length': 1.16254, 'pivot_safe': True, 'pass_through': False, 'equivalent_radius_min': 0.0538182, 'equivalent_radius_max': 3.1283, 'trim_min': 0.02, 'trim_max': 1.16254, 'trim_evaluations': 20, 'evaluations': 40, 'safe_feasible': 14, 'states': 10, 'selected_radius': 2.47497, 'selected_trim': 0.919752, 'selected_control_distance': 0.321913, 'selected_control_fraction': 0.35, 'selected_score': 0.345539}]",2,20,80,none,2,3,59,True,True,,,False,0.15,True,,"{'valid': True, 'safe': True, 'raw_fallback': False, 'length_m': 5.76523, 'max_curvature_1pm': 2.34401, 'curvature_energy_1pm': 2.98444, 'pivot_rotation_rad': 0, 'peak_proximity_cost': 202}",0.586792,4,"{'valid': True, 'safe': True, 'raw_fallback': False, 'length_m': 5.63333, 'max_curvature_1pm': 0.47583, 'curvature_energy_1pm': 0.383657, 'pivot_rotation_rad': 0, 'peak_proximity_cost': 253}",56,0.404881,True,True,los_quality_improvement,0.119725,252,0.278234,392,0,0,69,"{'shape_swept_footprint': 26, 'shape_transition requires a reversing inner wheel': 9, 'swept_footprint': 8, 'transition requires a reversing inner wheel': 4}",0.0267579,joint_d_q,0.05,,direct_metric,45,7684d639297aec53784b7d69644fb2d30691b9dd20f2312c42664efd58ee36f4,0,1,west_room_to_room,True,0.3836572400830251,0.4758297089968369,5.633331367369821,1,0.12931935699998576
0.777,13.844944165667473,4.440892098500626e-16,6.825324445411792e-17,,0.4320374372665065,0.06464466190395313,0.10606601875848895,0,297,3.641703106242888,raw,0.05,136,7f941224e1173d3966be393fc0676a4343ad07aeba0868e3fa08223ab9a40559,11.994087658574736,0,0.0,0,SmacHybrid,8729994849c620aa8cae78f6dd687c2663456701b55c4ddcceec5d810d8bbfcc,241,,,,,,,,,,,,,,,,,,,,,,,,,,,,,,,,,,,,,,,,,,,,,,,,,,,7f941224e1173d3966be393fc0676a4343ad07aeba0868e3fa08223ab9a40559,0,1,east_room_to_room,True,13.844944165667473,3.641703106242888,11.994087658574736,1,0.7817706770001678
0.303,11.762655896431767,0.07593179107434561,0.034249511693329245,,0.4227473366920376,0.035355339586162986,0.11078427289827619,0,612,5.948894690734804,pstmo,0.05,600,c5d28676b8ad7d3d30a0114c9fa23e2b8f9a909a89e26307ab0f01b97086a0e4,11.814854133399821,1,0.4524321296013718,0.4524321296013718,SmacHybrid,8729994849c620aa8cae78f6dd687c2663456701b55c4ddcceec5d810d8bbfcc,238,372,350,"[[4.2, -2.5], [1.8325, -1.97311], [1.24963, -1.54039], [0.832246, -0.738155], [0.51925, 1.42356], [0.721696, 1.82182], [1.73496, 2.23295], [2.1886, 2.22114], [3.39395, 1.79512], [4.12212, 1.73141], [4.64281, 1.81607], [4.983, 2.15845], [5, 2.8]]",136,0.075,0.0717095,0.15,0,13,0,12,"[{'index': 0, 'x': 1.8325, 'y': -1.97311, 'turn_angle': -0.419641, 'incoming_length': 2.42542, 'outgoing_length': 0.725939, 'pivot_safe': True, 'pass_through': False, 'equivalent_radius_min': 0.0939168, 'equivalent_radius_max': 3.40889, 'trim_min': 0.02, 'trim_max': 0.725939, 'trim_evaluations': 20, 'evaluations': 40, 'safe_feasible': 18, 'states': 10, 'selected_radius': 3.16027, 'selected_trim': 0.672994, 'selected_control_distance': 0.220517, 'selected_control_fraction': 0.327665, 'selected_score': 0.22711}, {'index': 1, 'x': 1.24963, 'y': -1.54039, 'turn_angle': -0.452432, 'incoming_length': 0.725939, 'outgoing_length': 0.904318, 'pivot_safe': True, 'pass_through': False, 'equivalent_radius_min': 0.0868978, 'equivalent_radius_max': 3.15413, 'trim_min': 0.02, 'trim_max': 0.725939, 'trim_evaluations': 20, 'evaluations': 40, 'safe_feasible': 18, 'states': 10, 'selected_radius': 0, 'selected_trim': 0, 'selected_control_distance': 0, 'selected_control_fraction': 0, 'selected_score': 0}, {'index': 2, 'x': 0.832246, 'y': -0.738155, 'turn_angle': -0.335951, 'incoming_length': 0.904318, 'outgoing_length': 2.18426, 'pivot_safe': True, 'pass_through': False, 'equivalent_radius_min': 0.117943, 'equivalent_radius_max': 5.3329, 'trim_min': 0.02, 'trim_max': 0.904318, 'trim_evaluations': 20, 'evaluations': 40, 'safe_feasible': 18, 'states': 10, 'selected_radius': 4.94178, 'selected_trim': 0.837994, 'selected_control_distance': 0.275294, 'selected_control_fraction': 0.328516, 'selected_score': 0.0596113}, {'index': 3, 'x': 0.51925, 'y': 1.42356, 'turn_angle': -0.614077, 'incoming_length': 2.18426, 'outgoing_length': 0.446762, 'pivot_safe': True, 'pass_through': False, 'equivalent_radius_min': 0.0630785, 'equivalent_radius_max': 1.40905, 'trim_min': 0.02, 'trim_max': 0.446762, 'trim_evaluations': 20, 'evaluations': 40, 'safe_feasible': 17, 'states': 10, 'selected_radius': 0.332274, 'selected_trim': 0.105352, 'selected_control_distance': 0.0342264, 'selected_control_fraction': 0.324876, 'selected_score': 0.672043}, {'index': 4, 'x': 0.721696, 'y': 1.82182, 'turn_angle': -0.715059, 'incoming_length': 0.446762, 'outgoing_length': 1.0935, 'pivot_safe': True, 'pass_through': False, 'equivalent_radius_min': 0.0535353, 'equivalent_radius_max': 1.19588, 'trim_min': 0.02, 'trim_max': 0.446762, 'trim_evaluations': 20, 'evaluations': 40, 'safe_feasible': 17, 'states': 10, 'selected_radius': 0.510472, 'selected_trim': 0.190705, 'selected_control_distance': 0.0667467, 'selected_control_fraction': 0.35, 'selected_score': 0.627058}, {'index': 5, 'x': 1.73496, 'y': 2.23295, 'turn_angle': -0.411486, 'incoming_length': 1.0935, 'outgoing_length': 0.453788, 'pivot_safe': True, 'pass_through': False, 'equivalent_radius_min': 0.0958332, 'equivalent_radius_max': 2.1744, 'trim_min': 0.02, 'trim_max': 0.453788, 'trim_evaluations': 20, 'evaluations': 40, 'safe_feasible': 18, 'states': 10, 'selected_radius': 0.511546, 'selected_trim': 0.106758, 'selected_control_distance': 0.0349905, 'selected_control_fraction': 0.327757, 'selected_score': 0.509967}, {'index': 6, 'x': 2.1886, 'y': 2.22114, 'turn_angle': -0.313701, 'incoming_length': 0.453788, 'outgoing_length': 1.27843, 'pivot_safe': True, 'pass_through': False, 'equivalent_radius_min': 0.126462, 'equivalent_radius_max': 2.86936, 'trim_min': 0.02, 'trim_max': 0.453788, 'trim_evaluations': 20, 'evaluations': 40, 'safe_feasible': 18, 'states': 10, 'selected_radius': 0.435038, 'selected_trim': 0.0688011, 'selected_control_distance': 0.0226155, 'selected_control_fraction': 0.328708, 'selected_score': 0.485559}, {'index': 7, 'x': 3.39395, 'y': 1.79512, 'turn_angle': 0.25247, 'incoming_length': 1.27843, 'outgoing_length': 0.730949, 'pivot_safe': True, 'pass_through': False, 'equivalent_radius_min': 0.157592, 'equivalent_radius_max': 5.75959, 'trim_min': 0.02, 'trim_max': 0.730949, 'trim_evaluations': 20, 'evaluations': 40, 'safe_feasible': 20, 'states': 10, 'selected_radius': 1.27799, 'selected_trim': 0.16219, 'selected_control_distance': 0.0533875, 'selected_control_fraction': 0.329167, 'selected_score': 0.311025}, {'index': 8, 'x': 4.12212, 'y': 1.73141, 'turn_angle': 0.248444, 'incoming_length': 0.730949, 'outgoing_length': 0.527528, 'pivot_safe': True, 'pass_through': False, 'equivalent_radius_min': 0.160173, 'equivalent_radius_max': 4.22479, 'trim_min': 0.02, 'trim_max': 0.527528, 'trim_evaluations': 20, 'evaluations': 40, 'safe_feasible': 20, 'states': 10, 'selected_radius': 0.973097, 'selected_trim': 0.121506, 'selected_control_distance': 0.0399988, 'selected_control_fraction': 0.329193, 'selected_score': 0.345865}, {'index': 9, 'x': 4.64281, 'y': 1.81607, 'turn_angle': 0.62743, 'incoming_length': 0.527528, 'outgoing_length': 0.482645, 'pivot_safe': True, 'pass_through': False, 'equivalent_radius_min': 0.0616468, 'equivalent_radius_max': 1.48768, 'trim_min': 0.02, 'trim_max': 0.482645, 'trim_evaluations': 20, 'evaluations': 40, 'safe_feasible': 18, 'states': 10, 'selected_radius': 0.346853, 'selected_trim': 0.112529, 'selected_control_distance': 0.0365314, 'selected_control_fraction': 0.32464, 'selected_score': 0.726212}, {'index': 10, 'x': 4.983, 'y': 2.15845, 'turn_angle': 0.75569, 'incoming_length': 0.482645, 'outgoing_length': 0.641777, 'pivot_safe': True, 'pass_through': False, 'equivalent_radius_min': 0.0503885, 'equivalent_radius_max': 1.21599, 'trim_min': 0.02, 'trim_max': 0.482645, 'trim_evaluations': 20, 'evaluations': 40, 'safe_feasible': 16, 'states': 10, 'selected_radius': 0.283508, 'selected_trim': 0.112529, 'selected_control_distance': 0.0393852, 'selected_control_fraction': 0.35, 'selected_score': 0.774975}]",11,110,440,none,10,0,0,True,False,,,False,0.15,True,,"{'valid': True, 'safe': True, 'raw_fallback': False, 'length_m': 11.816, 'max_curvature_1pm': 4.1072, 'curvature_energy_1pm': 9.54438, 'pivot_rotation_rad': 0.452432, 'peak_proximity_cost': 253}",0.717773,136,"{'valid': True, 'safe': True, 'raw_fallback': False, 'length_m': 11.816, 'max_curvature_1pm': 4.1072, 'curvature_energy_1pm': 9.54438, 'pivot_rotation_rad': 0.452432, 'peak_proximity_cost': 253}",0,0.717773,False,True,no_los_quality_not_worse,0.303403,252,0.473943,600,0,1,136,"{'angular acceleration iteration did not converge': 3, 'shape_angular acceleration iteration did not converge': 13, 'shape_transition requires a reversing inner wheel': 41, 'transition requires a reversing inner wheel': 19}",0.139164,joint_d_q,0.05,,direct_metric,386,7f941224e1173d3966be393fc0676a4343ad07aeba0868e3fa08223ab9a40559,0,1,east_room_to_room,True,9.544379470681406,4.107198277081001,11.816038267920447,2,0.3158810330005508
0.024,8.830896209663678,4.440892098500626e-16,5.950374952336206e-17,,0.5752158526756063,0.2146446641391273,0.21959563989254183,0,254,4.922898139908155,raw,0.05,121,116b6e964e00a395e962d32ab3b11a4f49e65e37e1b09dd9280bc4cbecb051ba,10.633026033996257,0,0.0,0,SmacHybrid,93b3ab2aefe349dd466f8aab1bd1de8aac5522b389dd5a5c3f58ff0136f629b3,214,,,,,,,,,,,,,,,,,,,,,,,,,,,,,,,,,,,,,,,,,,,,,,,,,,,116b6e964e00a395e962d32ab3b11a4f49e65e37e1b09dd9280bc4cbecb051ba,0,1,lower_cross_offices,True,8.830896209663678,4.922898139908155,10.633026033996257,1,0.02644219399917347
0.14400000000000002,0.8743159304812835,0.17037160551977226,0.08504024412282624,,0.5698790777406245,0.1449222268733815,0.1449222268733815,0,560,0.7957563932783044,pstmo,0.05,555,b0c7e07bd32efa9c11b7be4b70e5d52826a0f654c816bf5a1bf2baec19435703,10.381956320889541,0,0.0,0,SmacHybrid,93b3ab2aefe349dd466f8aab1bd1de8aac5522b389dd5a5c3f58ff0136f629b3,209,200,68,"[[-5, -1.2], [-2.1, -1.46526], [-0.81556, -2.39342], [4.24576, -1.62929], [5, -1.2]]",5,0.075,0,0.15,0,5,0,0,"[{'index': 0, 'x': -2.1, 'y': -1.46526, 'turn_angle': -0.534534, 'incoming_length': 2.91211, 'outgoing_length': 1.5847, 'pivot_safe': True, 'pass_through': False, 'equivalent_radius_min': 0.0730412, 'equivalent_radius_max': 5.78741, 'trim_min': 0.02, 'trim_max': 1.5847, 'trim_evaluations': 20, 'evaluations': 40, 'safe_feasible': 12, 'states': 10, 'selected_radius': 2.57308, 'selected_trim': 0.704554, 'selected_control_distance': 0.246594, 'selected_control_fraction': 0.35, 'selected_score': 0.304027}, {'index': 1, 'x': -0.81556, 'y': -2.39342, 'turn_angle': 0.775588, 'incoming_length': 1.5847, 'outgoing_length': 5.11868, 'pivot_safe': True, 'pass_through': False, 'equivalent_radius_min': 0.0489621, 'equivalent_radius_max': 3.8795, 'trim_min': 0.02, 'trim_max': 1.5847, 'trim_evaluations': 20, 'evaluations': 40, 'safe_feasible': 12, 'states': 10, 'selected_radius': 1.48542, 'selected_trim': 0.606761, 'selected_control_distance': 0.212366, 'selected_control_fraction': 0.35, 'selected_score': 0.450612}, {'index': 2, 'x': 4.24576, 'y': -1.62929, 'turn_angle': 0.367603, 'incoming_length': 5.11868, 'outgoing_length': 0.867854, 'pivot_safe': True, 'pass_through': False, 'equivalent_radius_min': 0.107585, 'equivalent_radius_max': 4.66839, 'trim_min': 0.02, 'trim_max': 0.867854, 'trim_evaluations': 20, 'evaluations': 40, 'safe_feasible': 18, 'states': 10, 'selected_radius': 4.32633, 'selected_trim': 0.804265, 'selected_control_distance': 0.263974, 'selected_control_fraction': 0.328218, 'selected_score': 0.0724591}]",3,30,120,none,3,4,174,True,True,,,False,0.15,True,,"{'valid': True, 'safe': True, 'raw_fallback': False, 'length_m': 10.5265, 'max_curvature_1pm': 3.92334, 'curvature_energy_1pm': 3.62225, 'pivot_rotation_rad': 0, 'peak_proximity_cost': 177}",0.611422,5,"{'valid': True, 'safe': True, 'raw_fallback': False, 'length_m': 10.382, 'max_curvature_1pm': 0.795756, 'curvature_energy_1pm': 0.874316, 'pivot_rotation_rad': 0, 'peak_proximity_cost': 253}",170,0.482708,True,True,los_quality_improvement,0.144398,252,0.275699,555,0,0,121,"{'angular acceleration iteration did not converge': 1, 'shape_angular acceleration iteration did not converge': 5, 'shape_swept_footprint': 27, 'shape_transition requires a reversing inner wheel': 10, 'swept_footprint': 12, 'transition requires a reversing inner wheel': 5}",0.0496037,joint_d_q,0.05,,direct_metric,78,116b6e964e00a395e962d32ab3b11a4f49e65e37e1b09dd9280bc4cbecb051ba,0,1,lower_cross_offices,True,0.8743159304812835,0.7957563932783044,10.381956320889541,1,0.15713399900050717
,,,,"planning failed: status=6, code=207, message=''",,,,,,,raw,,,,,,,,SmacHybrid,,,,,,,,,,,,,,,,,,,,,,,,,,,,,,,,,,,,,,,,,,,,,,,,,,,,,,,1,upper_cross_offices,False,,,,,
,,,,"planning failed: status=6, code=207, message=''",,,,,,,pstmo,,,,,,,,SmacHybrid,,,,,,,,,,,,,,,,,,,,,,,,,,,,,,,,,,,,,,,,,,,,,,,,,,,,,,,1,upper_cross_offices,False,,,,,
0.024,12.697871374781606,2.220446049250313e-16,3.7137775206262146e-17,,0.49998793997906066,0.2146446641391273,0.23390290478282266,0,197,5.156617457975712,raw,0.05,88,0e5129cd0ad3930a7e805ff352adf8ebea57b2df0d40b0abf3157294ea34bb18,7.688957223603872,0,0.0,0,SmacHybrid,9bd278e1fa4eb5f220bee4698e12df959c9def488a0308b40901a6ca296b7df8,155,,,,,,,,,,,,,,,,,,,,,,,,,,,,,,,,,,,,,,,,,,,,,,,,,,,0e5129cd0ad3930a7e805ff352adf8ebea57b2df0d40b0abf3157294ea34bb18,0,1,central_u_turn,True,12.697871374781606,5.156617457975712,7.688957223603872,1,0.024769710000327905
0.15000000000000002,6.168183734620854,0.07203539205100443,0.02313144164289366,,0.5427890808557994,0.2146446641391273,0.2146446641391273,0,455,3.5771306530682208,pstmo,0.05,449,b90d736b3fd44cf7d2f3fbc9afae8e122211d58781dcb461da0149e089fdc9af,7.559439926564316,0,0.0,0,SmacHybrid,9bd278e1fa4eb5f220bee4698e12df959c9def488a0308b40901a6ca296b7df8,153,246,236,"[[-1.5, -3], [-1.35357, -0.819156], [-0.564411, 0.183267], [0.200117, 0.835177], [0.456861, 1.30063], [0.37897, 1.65292], [0.174763, 1.83464], [-0.600992, 2.31471], [-1.32064, 2.49442], [-1.5, 2.8]]",88,0.075,0.0586282,0.15,0,10,0,9,"[{'index': 0, 'x': -1.35357, 'y': -0.819156, 'turn_angle': -0.599871, 'incoming_length': 2.18575, 'outgoing_length': 1.27578, 'pivot_safe': True, 'pass_through': False, 'equivalent_radius_min': 0.0646694, 'equivalent_radius_max': 4.1252, 'trim_min': 0.02, 'trim_max': 1.27578, 'trim_evaluations': 20, 'evaluations': 40, 'safe_feasible': 17, 'states': 10, 'selected_radius': 0.876775, 'selected_trim': 0.271156, 'selected_control_distance': 0.0881584, 'selected_control_fraction': 0.32512, 'selected_score': 0.430444}, {'index': 1, 'x': -0.564411, 'y': 0.183267, 'turn_angle': -0.197823, 'incoming_length': 1.27578, 'outgoing_length': 1.00473, 'pivot_safe': True, 'pass_through': False, 'equivalent_radius_min': 0.201542, 'equivalent_radius_max': 10.1248, 'trim_min': 0.02, 'trim_max': 1.00473, 'trim_evaluations': 20, 'evaluations': 40, 'safe_feasible': 20, 'states': 10, 'selected_radius': 5.9074, 'selected_trim': 0.586222, 'selected_control_distance': 0.205178, 'selected_control_fraction': 0.35, 'selected_score': 0.0334236}, {'index': 2, 'x': 0.200117, 'y': 0.835177, 'turn_angle': 0.360671, 'incoming_length': 1.00473, 'outgoing_length': 0.53157, 'pivot_safe': True, 'pass_through': False, 'equivalent_radius_min': 0.1097, 'equivalent_radius_max': 2.91565, 'trim_min': 0.02, 'trim_max': 0.53157, 'trim_evaluations': 20, 'evaluations': 40, 'safe_feasible': 18, 'states': 10, 'selected_radius': 0.67089, 'selected_trim': 0.122314, 'selected_control_distance': 0.0401539, 'selected_control_fraction': 0.328285, 'selected_score': 0.429014}, {'index': 3, 'x': 0.456861, 'y': 1.30063, 'turn_angle': 0.721669, 'incoming_length': 0.53157, 'outgoing_length': 0.360797, 'pivot_safe': True, 'pass_through': False, 'equivalent_radius_min': 0.0530004, 'equivalent_radius_max': 0.956118, 'trim_min': 0.02, 'trim_max': 0.360797, 'trim_evaluations': 20, 'evaluations': 40, 'safe_feasible': 18, 'states': 10, 'selected_radius': 0.323936, 'selected_trim': 0.122239, 'selected_control_distance': 0.0427837, 'selected_control_fraction': 0.35, 'selected_score': 0.715524}, {'index': 4, 'x': 0.37897, 'y': 1.65292, 'turn_angle': 0.626011, 'incoming_length': 0.360797, 'outgoing_length': 0.273351, 'pivot_safe': True, 'pass_through': False, 'equivalent_radius_min': 0.0617962, 'equivalent_radius_max': 0.844603, 'trim_min': 0.02, 'trim_max': 0.273351, 'trim_evaluations': 20, 'evaluations': 40, 'safe_feasible': 18, 'states': 10, 'selected_radius': 0.53148, 'selected_trim': 0.172011, 'selected_control_distance': 0.0558459, 'selected_control_fraction': 0.324665, 'selected_score': 0.59027}, {'index': 5, 'x': 0.174763, 'y': 1.83464, 'turn_angle': 0.173026, 'incoming_length': 0.273351, 'outgoing_length': 0.912284, 'pivot_safe': True, 'pass_through': False, 'equivalent_radius_min': 0.230602, 'equivalent_radius_max': 3.15177, 'trim_min': 0.02, 'trim_max': 0.273351, 'trim_evaluations': 20, 'evaluations': 40, 'safe_feasible': 18, 'states': 10, 'selected_radius': 0.522719, 'selected_trim': 0.0453351, 'selected_control_distance': 0.0149429, 'selected_control_fraction': 0.32961, 'selected_score': 0.33858}, {'index': 6, 'x': -0.600992, 'y': 2.31471, 'turn_angle': 0.309443, 'incoming_length': 0.912284, 'outgoing_length': 0.741752, 'pivot_safe': True, 'pass_through': False, 'equivalent_radius_min': 0.128231, 'equivalent_radius_max': 4.75579, 'trim_min': 0.02, 'trim_max': 0.741752, 'trim_evaluations': 20, 'evaluations': 40, 'safe_feasible': 19, 'states': 10, 'selected_radius': 1.05374, 'selected_trim': 0.16435, 'selected_control_distance': 0.0540291, 'selected_control_fraction': 0.328743, 'selected_score': 0.215534}, {'index': 7, 'x': -1.32064, 'y': 2.49442, 'turn_angle': -0.795326, 'incoming_length': 0.741752, 'outgoing_length': 0.354329, 'pivot_safe': True, 'pass_through': False, 'equivalent_radius_min': 0.0476144, 'equivalent_radius_max': 0.843558, 'trim_min': 0.02, 'trim_max': 0.354329, 'trim_evaluations': 20, 'evaluations': 40, 'safe_feasible': 16, 'states': 10, 'selected_radius': 0.843558, 'selected_trim': 0.354329, 'selected_control_distance': 0.113789, 'selected_control_fraction': 0.321138, 'selected_score': 0.42847}]",8,80,320,none,8,0,0,True,False,,,False,0.15,True,,"{'valid': True, 'safe': True, 'raw_fallback': False, 'length_m': 7.55944, 'max_curvature_1pm': 3.57713, 'curvature_energy_1pm': 6.16818, 'pivot_rotation_rad': 0, 'peak_proximity_cost': 202}",0.647087,88,"{'valid': True, 'safe': True, 'raw_fallback': False, 'length_m': 7.35975, 'max_curvature_1pm': 6.83485, 'curvature_energy_1pm': 7.45882, 'pivot_rotation_rad': 0, 'peak_proximity_cost': 253}",0,0.718505,False,True,no_los_quality_not_worse,0.149249,252,0.397657,449,0,0,88,"{'angular acceleration iteration did not converge': 4, 'shape_angular acceleration iteration did not converge': 15, 'shape_transition requires a reversing inner wheel': 26, 'transition requires a reversing inner wheel': 13}",0.103659,joint_d_q,0.05,,direct_metric,278,0e5129cd0ad3930a7e805ff352adf8ebea57b2df0d40b0abf3157294ea34bb18,0,1,central_u_turn,True,6.168183734620854,3.5771306530682208,7.559439926564316,1,0.1691254729994398
0.003,3.46287069939085,2.220446049250313e-16,8.695507849749776e-17,,0.7645970344468814,0.2474873771031409,0.25619225950049973,0,159,3.2873075917318255,raw,0.05,73,0fe05f235bbae8963ea8ba993a8adfbdc4f143788d4ea70197360e1a866e3022,6.210029722809949,0,0.0,0,SmacHybrid,352f521d604b51b22b7b688540218c2de7a70b0f9ed1bed4d6afb88acb9d10bf,126,,,,,,,,,,,,,,,,,,,,,,,,,,,,,,,,,,,,,,,,,,,,,,,,,,,0fe05f235bbae8963ea8ba993a8adfbdc4f143788d4ea70197360e1a866e3022,0,1,east_partition_detour,True,3.46287069939085,3.2873075917318255,6.210029722809949,1,0.006013856998833944
0.09000000000000001,0.12679798442030998,0.11191525229551627,0.05621808813072961,,0.7555223923101098,0.1449222268733815,0.17079994476667312,0,179,0.5386951202779656,pstmo,0.05,176,44669f9f5ac71f947ef2c05f51a9b4e5947fef46e6c3698960a67fe0e85b4e50,6.15706846475147,0,0.0,0,SmacHybrid,352f521d604b51b22b7b688540218c2de7a70b0f9ed1bed4d6afb88acb9d10bf,125,0,22,"[[0, -3], [3.17841, -1.28067], [5, 0.5]]",3,0.075,0,0.15,0,3,0,0,"[{'index': 0, 'x': 3.17841, 'y': -1.28067, 'turn_angle': 0.278182, 'incoming_length': 3.61364, 'outgoing_length': 2.54735, 'pivot_safe': True, 'pass_through': False, 'equivalent_radius_min': 0.142862, 'equivalent_radius_max': 14.2862, 'trim_min': 0.02, 'trim_max': 2, 'trim_evaluations': 20, 'evaluations': 40, 'safe_feasible': 15, 'states': 10, 'selected_radius': 2.26437, 'selected_trim': 0.317, 'selected_control_distance': 0.104289, 'selected_control_fraction': 0.328987, 'selected_score': 0.156002}]",1,10,40,none,1,2,34,True,True,,,False,0.15,True,,"{'valid': True, 'safe': True, 'raw_fallback': False, 'length_m': 6.17822, 'max_curvature_1pm': 1.92752, 'curvature_energy_1pm': 0.785302, 'pivot_rotation_rad': 0, 'peak_proximity_cost': 161}",0.448275,3,"{'valid': True, 'safe': True, 'raw_fallback': False, 'length_m': 6.15707, 'max_curvature_1pm': 0.538695, 'curvature_energy_1pm': 0.126798, 'pivot_rotation_rad': 0, 'peak_proximity_cost': 251}",32,0.353534,True,True,los_quality_improvement,0.0890947,252,0.156002,176,0,0,73,"{'shape_angular acceleration iteration did not converge': 1, 'shape_swept_footprint': 10, 'shape_transition requires a reversing inner wheel': 2, 'swept_footprint': 4, 'transition requires a reversing inner wheel': 1}",0.0217124,joint_d_q,0.05,,direct_metric,27,0fe05f235bbae8963ea8ba993a8adfbdc4f143788d4ea70197360e1a866e3022,0,1,east_partition_detour,True,0.12679798442030998,0.5386951202779656,6.15706846475147,1,0.09403288699832046
