=== infrastructure attempt 1 ===
[INFO] [launch]: All log files can be found below /home/linh-pham/.ros/log/2026-08-02-18-03-12-020300-linh-pham-LOQ-15IAX9-21161
[INFO] [launch]: Default logging verbosity is set to INFO
[INFO] [gazebo-1]: process started with pid [21198]
[INFO] [create-2]: process started with pid [21199]
[INFO] [parameter_bridge-3]: process started with pid [21201]
[INFO] [robot_state_publisher-4]: process started with pid [21202]
[INFO] [execution_trial-5]: process started with pid [21203]
[robot_state_publisher-4] [INFO] [1785668592.922970388] [robot_state_publisher]: Robot initialized
[create-2] [INFO] [1785668593.456795609] [spawn_vacuum_robot]: Entity creation successful.
[gazebo-1] [1;32m[Msg] [0m[1;32mGazebo Sim Server v[0m[1;32m8.11.0[0m[1;32m[0m
[gazebo-1] [1;32m[Msg] [0m[1;32mLoading SDF world file[[0m[1;32m/home/linh-pham/agv_nav2_research_ws_bao/install/vacuum_robot_gazebo/share/vacuum_robot_gazebo/worlds/research_warehouse.sdf[0m[1;32m].[0m
[gazebo-1] [1;32m[Msg] [0m[1;32mServing entity system service on [[0m[1;32m/[0m[1;32mentity/system/add[0m[1;32m][0m[1;32m[0m
[gazebo-1] [1;32m[Msg] [0m[1;32mCreate[0m[1;32m service on [[0m[1;32m/world/research_warehouse/create_multiple[0m[1;32m] (async)[0m[1;32m[0m
[gazebo-1] [1;32m[Msg] [0m[1;32mCreate[0m[1;32m service on [[0m[1;32m/world/research_warehouse/create_multiple/blocking[0m[1;32m] (blocking)[0m[1;32m[0m
[gazebo-1] [1;32m[Msg] [0m[1;32mRemove[0m[1;32m service on [[0m[1;32m/world/research_warehouse/remove[0m[1;32m] (async)[0m[1;32m[0m
[gazebo-1] [1;32m[Msg] [0m[1;32mRemove[0m[1;32m service on [[0m[1;32m/world/research_warehouse/remove/blocking[0m[1;32m] (blocking)[0m[1;32m[0m
[gazebo-1] [1;32m[Msg] [0m[1;32mPose[0m[1;32m service on [[0m[1;32m/world/research_warehouse/set_pose[0m[1;32m] (async)[0m[1;32m[0m
[gazebo-1] [1;32m[Msg] [0m[1;32mPose[0m[1;32m service on [[0m[1;32m/world/research_warehouse/set_pose/blocking[0m[1;32m] (blocking)[0m[1;32m[0m
[gazebo-1] [1;32m[Msg] [0m[1;32mPose[0m[1;32m service on [[0m[1;32m/world/research_warehouse/set_pose_vector[0m[1;32m] (async)[0m[1;32m[0m
[gazebo-1] [1;32m[Msg] [0m[1;32mPose[0m[1;32m service on [[0m[1;32m/world/research_warehouse/set_pose_vector/blocking[0m[1;32m] (blocking)[0m[1;32m[0m
[gazebo-1] [1;32m[Msg] [0m[1;32mLight configuration[0m[1;32m service on [[0m[1;32m/world/research_warehouse/light_config[0m[1;32m] (async)[0m[1;32m[0m
[gazebo-1] [1;32m[Msg] [0m[1;32mLight configuration[0m[1;32m service on [[0m[1;32m/world/research_warehouse/light_config/blocking[0m[1;32m] (blocking)[0m[1;32m[0m
[gazebo-1] [1;32m[Msg] [0m[1;32mPhysics[0m[1;32m service on [[0m[1;32m/world/research_warehouse/set_physics[0m[1;32m] (async)[0m[1;32m[0m
[gazebo-1] [1;32m[Msg] [0m[1;32mPhysics[0m[1;32m service on [[0m[1;32m/world/research_warehouse/set_physics/blocking[0m[1;32m] (blocking)[0m[1;32m[0m
[gazebo-1] [1;32m[Msg] [0m[1;32mSphericalCoordinates[0m[1;32m service on [[0m[1;32m/world/research_warehouse/set_spherical_coordinates[0m[1;32m] (async)[0m[1;32m[0m
[gazebo-1] [1;32m[Msg] [0m[1;32mSphericalCoordinates[0m[1;32m service on [[0m[1;32m/world/research_warehouse/set_spherical_coordinates/blocking[0m[1;32m] (blocking)[0m[1;32m[0m
[gazebo-1] [1;32m[Msg] [0m[1;32mEnable collision[0m[1;32m service on [[0m[1;32m/world/research_warehouse/enable_collision[0m[1;32m] (async)[0m[1;32m[0m
[gazebo-1] [1;32m[Msg] [0m[1;32mEnable collision[0m[1;32m service on [[0m[1;32m/world/research_warehouse/enable_collision/blocking[0m[1;32m] (blocking)[0m[1;32m[0m
[gazebo-1] [1;32m[Msg] [0m[1;32mDisable collision[0m[1;32m service on [[0m[1;32m/world/research_warehouse/disable_collision[0m[1;32m] (async)[0m[1;32m[0m
[gazebo-1] [1;32m[Msg] [0m[1;32mDisable collision[0m[1;32m service on [[0m[1;32m/world/research_warehouse/disable_collision/blocking[0m[1;32m] (blocking)[0m[1;32m[0m
[gazebo-1] [1;32m[Msg] [0m[1;32mMaterial[0m[1;32m service on [[0m[1;32m/world/research_warehouse/visual_config[0m[1;32m] (async)[0m[1;32m[0m
[gazebo-1] [1;32m[Msg] [0m[1;32mMaterial[0m[1;32m service on [[0m[1;32m/world/research_warehouse/visual_config/blocking[0m[1;32m] (blocking)[0m[1;32m[0m
[gazebo-1] [1;32m[Msg] [0m[1;32mMaterial[0m[1;32m service on [[0m[1;32m/world/research_warehouse/wheel_slip[0m[1;32m] (async)[0m[1;32m[0m
[gazebo-1] [1;32m[Msg] [0m[1;32mMaterial[0m[1;32m service on [[0m[1;32m/world/research_warehouse/wheel_slip/blocking[0m[1;32m] (blocking)[0m[1;32m[0m
[gazebo-1] [1;32m[Msg] [0m[1;32mLoaded level [[0m[1;32mdefault[0m[1;32m][0m[1;32m[0m
[gazebo-1] [1;32m[Msg] [0m[1;32mServing world controls on [[0m[1;32m/world/research_warehouse[0m[1;32m/control], [[0m[1;32m/world/research_warehouse[0m[1;32m/control/state] and [[0m[1;32m/world/research_warehouse[0m[1;32m/playback/control][0m[1;32m[0m
[INFO] [create-2]: process has finished cleanly [pid 21199]
[parameter_bridge-3] [INFO] [1785668593.964583624] [ros_gz_bridge]: Creating GZ->ROS Bridge: [/clock (gz.msgs.Clock) -> /clock (rosgraph_msgs/msg/Clock)] (Lazy 0)
[parameter_bridge-3] [INFO] [1785668593.965603670] [ros_gz_bridge]: Creating GZ->ROS Bridge: [/joint_states (gz.msgs.Model) -> /joint_states (sensor_msgs/msg/JointState)] (Lazy 0)
[parameter_bridge-3] [INFO] [1785668593.968713329] [ros_gz_bridge]: Creating GZ->ROS Bridge: [/odom (gz.msgs.Odometry) -> /odom (nav_msgs/msg/Odometry)] (Lazy 0)
[parameter_bridge-3] [INFO] [1785668593.970738768] [ros_gz_bridge]: Creating GZ->ROS Bridge: [/tf (gz.msgs.Pose_V) -> /tf (tf2_msgs/msg/TFMessage)] (Lazy 0)
[parameter_bridge-3] [INFO] [1785668593.972576683] [ros_gz_bridge]: Creating GZ->ROS Bridge: [/scan (gz.msgs.LaserScan) -> /scan (sensor_msgs/msg/LaserScan)] (Lazy 0)
[parameter_bridge-3] [INFO] [1785668593.973422648] [ros_gz_bridge]: Creating GZ->ROS Bridge: [/imu/data (gz.msgs.IMU) -> /imu/data (sensor_msgs/msg/Imu)] (Lazy 0)
[parameter_bridge-3] [INFO] [1785668593.974131009] [ros_gz_bridge]: Creating ROS->GZ Bridge: [/cmd_vel (geometry_msgs/msg/Twist) -> /cmd_vel (gz.msgs.Twist)] (Lazy 0)
[parameter_bridge-3] [INFO] [1785668593.975089504] [ros_gz_bridge]: Creating GZ->ROS Bridge: [/ground_truth/odom (gz.msgs.Odometry) -> /ground_truth/odom (nav_msgs/msg/Odometry)] (Lazy 0)
[gazebo-1] [1;32m[Msg] [0m[1;32mServing GUI information on [[0m[1;32m/world/research_warehouse[0m[1;32m/[0m[1;32mgui/info[0m[1;32m][0m[1;32m[0m
[gazebo-1] [1;32m[Msg] [0m[1;32mWorld [[0m[1;32mresearch_warehouse[0m[1;32m] initialized with [[0m[1;32mresearch_physics[0m[1;32m] physics profile.[0m[1;32m[0m
[gazebo-1] [1;32m[Msg] [0m[1;32mServing world SDF generation service on [[0m[1;32m/world/research_warehouse[0m[1;32m/[0m[1;32mgenerate_world_sdf[0m[1;32m][0m[1;32m[0m
[gazebo-1] [1;32m[Msg] [0m[1;32mServing world names on [[0m[1;32m/gazebo/worlds[0m[1;32m][0m[1;32m[0m
[gazebo-1] [1;32m[Msg] [0m[1;32mResource path add service on [[0m[1;32m/gazebo/resource_paths/add[0m[1;32m].[0m[1;32m[0m
[gazebo-1] [1;32m[Msg] [0m[1;32mResource path get service on [[0m[1;32m/gazebo/resource_paths/get[0m[1;32m].[0m[1;32m[0m
[gazebo-1] [1;32m[Msg] [0m[1;32mResource path resolve service on [[0m[1;32m/gazebo/resource_paths/resolve[0m[1;32m].[0m[1;32m[0m
[gazebo-1] [1;32m[Msg] [0m[1;32mResource paths published on [[0m[1;32m/gazebo/resource_paths[0m[1;32m].[0m[1;32m[0m
[gazebo-1] [1;32m[Msg] [0m[1;32mServer control service on [[0m[1;32m/server_control[0m[1;32m].[0m[1;32m[0m
[gazebo-1] [1;32m[Msg] [0m[1;32mFound no publishers on /stats, adding root stats topic[0m[1;32m[0m
[gazebo-1] [1;32m[Msg] [0m[1;32mFound no publishers on /clock, adding root clock topic[0m[1;32m[0m
[gazebo-1] [1;33mWarning [Utils.cc:132][0m [/sdf/model[@name="vacuum_robot"]/link[@name="base_link"]/sensor[@name="rplidar_a1m8"]/gz_frame_id:/home/linh-pham/agv_nav2_research_ws_bao/install/vacuum_robot_gazebo/share/vacuum_robot_gazebo/models/vacuum_robot/model.sdf:L107]: XML Element[gz_frame_id], child of element[sensor], not defined in SDF. Copying[gz_frame_id] as children of [sensor].
[gazebo-1] [1;33mWarning [Utils.cc:132][0m [/sdf/model[@name="vacuum_robot"]/link[@name="base_link"]/sensor[@name="bno055_imu"]/gz_frame_id:/home/linh-pham/agv_nav2_research_ws_bao/install/vacuum_robot_gazebo/share/vacuum_robot_gazebo/models/vacuum_robot/model.sdf:L128]: XML Element[gz_frame_id], child of element[sensor], not defined in SDF. Copying[gz_frame_id] as children of [sensor].
[gazebo-1] libEGL warning: pci id for fd 55: 10de:25ec, driver (null)
[gazebo-1] 
[gazebo-1] pci id for fd 56: 10de:25ec, driver (null)
[gazebo-1] pci id for fd 57: 10de:25ec, driver (null)
[gazebo-1] libEGL warning: egl: failed to create dri2 screen
[gazebo-1] libEGL warning: pci id for fd 55: 10de:25ec, driver (null)
[gazebo-1] 
[gazebo-1] pci id for fd 56: 10de:25ec, driver (null)
[gazebo-1] pci id for fd 57: 10de:25ec, driver (null)
[gazebo-1] libEGL warning: egl: failed to create dri2 screen
[gazebo-1] libEGL warning: pci id for fd 55: 10de:25ec, driver (null)
[gazebo-1] 
[INFO] [map_server-6]: process started with pid [21392]
[INFO] [amcl-7]: process started with pid [21393]
[INFO] [lifecycle_manager-8]: process started with pid [21394]
[INFO] [controller_server-9]: process started with pid [21395]
[INFO] [smoother_server-10]: process started with pid [21396]
[INFO] [planner_server-11]: process started with pid [21397]
[INFO] [route_server-12]: process started with pid [21398]
[INFO] [behavior_server-13]: process started with pid [21399]
[INFO] [bt_navigator-14]: process started with pid [21400]
[INFO] [waypoint_follower-15]: process started with pid [21401]
[INFO] [velocity_smoother-16]: process started with pid [21402]
[INFO] [collision_monitor-17]: process started with pid [21403]
[INFO] [opennav_docking-18]: process started with pid [21404]
[INFO] [lifecycle_manager-19]: process started with pid [21405]
[map_server-6] [INFO] [1785668596.232442934] [map_server]: 
[map_server-6] 	map_server lifecycle node launched. 
[map_server-6] 	Waiting on external lifecycle transitions to activate
[map_server-6] 	See https://design.ros2.org/articles/node_lifecycle.html for more information.
[map_server-6] [INFO] [1785668596.232592948] [map_server]: Creating
[smoother_server-10] [INFO] [1785668596.254392183] [smoother_server]: 
[smoother_server-10] 	smoother_server lifecycle node launched. 
[smoother_server-10] 	Waiting on external lifecycle transitions to activate
[smoother_server-10] 	See https://design.ros2.org/articles/node_lifecycle.html for more information.
[lifecycle_manager-19] [INFO] [1785668596.256985321] [lifecycle_manager_navigation]: Creating
[smoother_server-10] [INFO] [1785668596.257349284] [smoother_server]: Creating smoother server
[waypoint_follower-15] [INFO] [1785668596.262888863] [waypoint_follower]: 
[waypoint_follower-15] 	waypoint_follower lifecycle node launched. 
[waypoint_follower-15] 	Waiting on external lifecycle transitions to activate
[waypoint_follower-15] 	See https://design.ros2.org/articles/node_lifecycle.html for more information.
[waypoint_follower-15] [INFO] [1785668596.263505645] [waypoint_follower]: Creating
[controller_server-9] [INFO] [1785668596.264462122] [controller_server]: 
[controller_server-9] 	controller_server lifecycle node launched. 
[controller_server-9] 	Waiting on external lifecycle transitions to activate
[controller_server-9] 	See https://design.ros2.org/articles/node_lifecycle.html for more information.
[amcl-7] [INFO] [1785668596.268375499] [amcl]: 
[amcl-7] 	amcl lifecycle node launched. 
[amcl-7] 	Waiting on external lifecycle transitions to activate
[amcl-7] 	See https://design.ros2.org/articles/node_lifecycle.html for more information.
[amcl-7] [INFO] [1785668596.269104751] [amcl]: Creating
[bt_navigator-14] [INFO] [1785668596.269754504] [bt_navigator]: 
[bt_navigator-14] 	bt_navigator lifecycle node launched. 
[bt_navigator-14] 	Waiting on external lifecycle transitions to activate
[bt_navigator-14] 	See https://design.ros2.org/articles/node_lifecycle.html for more information.
[bt_navigator-14] [INFO] [1785668596.271910924] [bt_navigator]: Creating
[controller_server-9] [INFO] [1785668596.277751423] [controller_server]: Creating controller server
[collision_monitor-17] [INFO] [1785668596.281590334] [collision_monitor]: 
[collision_monitor-17] 	collision_monitor lifecycle node launched. 
[collision_monitor-17] 	Waiting on external lifecycle transitions to activate
[collision_monitor-17] 	See https://design.ros2.org/articles/node_lifecycle.html for more information.
[velocity_smoother-16] [INFO] [1785668596.292385185] [velocity_smoother]: 
[velocity_smoother-16] 	velocity_smoother lifecycle node launched. 
[velocity_smoother-16] 	Waiting on external lifecycle transitions to activate
[velocity_smoother-16] 	See https://design.ros2.org/articles/node_lifecycle.html for more information.
[lifecycle_manager-19] [INFO] [1785668596.676234723] [lifecycle_manager_navigation]: [34m[1mCreating and initializing lifecycle service clients[0m[0m
[planner_server-11] [INFO] [1785668596.703285458] [planner_server]: 
[planner_server-11] 	planner_server lifecycle node launched. 
[planner_server-11] 	Waiting on external lifecycle transitions to activate
[planner_server-11] 	See https://design.ros2.org/articles/node_lifecycle.html for more information.
[planner_server-11] [INFO] [1785668596.709980044] [planner_server]: Creating
[behavior_server-13] [INFO] [1785668596.718702414] [behavior_server]: 
[behavior_server-13] 	behavior_server lifecycle node launched. 
[behavior_server-13] 	Waiting on external lifecycle transitions to activate
[behavior_server-13] 	See https://design.ros2.org/articles/node_lifecycle.html for more information.
[lifecycle_manager-8] [INFO] [1785668596.733290447] [lifecycle_manager_localization]: Creating
[route_server-12] [INFO] [1785668596.733579949] [route_server]: 
[route_server-12] 	route_server lifecycle node launched. 
[route_server-12] 	Waiting on external lifecycle transitions to activate
[route_server-12] 	See https://design.ros2.org/articles/node_lifecycle.html for more information.
[opennav_docking-18] [INFO] [1785668596.738328353] [docking_server]: 
[opennav_docking-18] 	docking_server lifecycle node launched. 
[opennav_docking-18] 	Waiting on external lifecycle transitions to activate
[opennav_docking-18] 	See https://design.ros2.org/articles/node_lifecycle.html for more information.
[opennav_docking-18] [INFO] [1785668596.740120195] [docking_server]: Creating docking_server
[lifecycle_manager-8] [INFO] [1785668596.743874403] [lifecycle_manager_localization]: [34m[1mCreating and initializing lifecycle service clients[0m[0m
[controller_server-9] [INFO] [1785668596.751596743] [local_costmap.local_costmap]: 
[controller_server-9] 	local_costmap lifecycle node launched. 
[controller_server-9] 	Waiting on external lifecycle transitions to activate
[controller_server-9] 	See https://design.ros2.org/articles/node_lifecycle.html for more information.
[controller_server-9] [INFO] [1785668596.752762157] [local_costmap.local_costmap]: Creating Costmap
[planner_server-11] [INFO] [1785668596.759726888] [global_costmap.global_costmap]: 
[planner_server-11] 	global_costmap lifecycle node launched. 
[planner_server-11] 	Waiting on external lifecycle transitions to activate
[planner_server-11] 	See https://design.ros2.org/articles/node_lifecycle.html for more information.
[planner_server-11] [INFO] [1785668596.760396119] [global_costmap.global_costmap]: Creating Costmap
[lifecycle_manager-8] [INFO] [1785668596.979913777] [lifecycle_manager_localization]: [34m[1mStarting managed nodes bringup...[0m[0m
[lifecycle_manager-8] [INFO] [1785668596.980065369] [lifecycle_manager_localization]: [34m[1mConfiguring map_server[0m[0m
[map_server-6] [INFO] [1785668596.980875795] [map_server]: Configuring
[map_server-6] [INFO] [1785668596.981003131] [map_io]: Loading yaml file: /home/linh-pham/agv_nav2_research_ws_bao/install/vacuum_robot_gazebo/share/vacuum_robot_gazebo/maps/research_warehouse.yaml
[map_server-6] [INFO] [1785668596.981604750] [map_io]: resolution: 0.05
[map_server-6] [INFO] [1785668596.981626752] [map_io]: origin[0]: -6
[map_server-6] [INFO] [1785668596.981646808] [map_io]: origin[1]: -4
[map_server-6] [INFO] [1785668596.981654664] [map_io]: origin[2]: 0
[map_server-6] [INFO] [1785668596.981663685] [map_io]: free_thresh: 0.25
[map_server-6] [INFO] [1785668596.981670816] [map_io]: occupied_thresh: 0.65
[map_server-6] [INFO] [1785668596.981681114] [map_io]: mode: trinary
[map_server-6] [INFO] [1785668596.981689426] [map_io]: negate: 0
[map_server-6] [INFO] [1785668596.981975740] [map_io]: Loading image_file: /home/linh-pham/agv_nav2_research_ws_bao/install/vacuum_robot_gazebo/share/vacuum_robot_gazebo/maps/research_warehouse.pgm
[map_server-6] [INFO] [1785668596.983739929] [map_io]: Read map /home/linh-pham/agv_nav2_research_ws_bao/install/vacuum_robot_gazebo/share/vacuum_robot_gazebo/maps/research_warehouse.pgm: 240 X 160 map @ 0.05 m/cell
[map_server-6] [WARN] [1785668597.094558936] [map_server.rclcpp]: failed to send response to /map_server/change_state (timeout): client will not receive response, at ./src/rmw_response.cpp:153, at ./src/rcl/service.c:400
[lifecycle_manager-19] [INFO] [1785668597.522320443] [lifecycle_manager_navigation]: [34m[1mStarting managed nodes bringup...[0m[0m
[lifecycle_manager-19] [INFO] [1785668597.522449344] [lifecycle_manager_navigation]: [34m[1mConfiguring controller_server[0m[0m
[controller_server-9] [INFO] [1785668597.523830456] [controller_server]: Configuring controller interface
[controller_server-9] [INFO] [1785668597.523915697] [controller_server]: getting progress checker plugins..
[controller_server-9] [INFO] [1785668597.524659246] [controller_server]: getting goal checker plugins..
[controller_server-9] [INFO] [1785668597.525069547] [controller_server]: Controller frequency set to 20.0000Hz
[controller_server-9] [INFO] [1785668597.525194199] [local_costmap.local_costmap]: Configuring
[controller_server-9] [INFO] [1785668597.549820082] [local_costmap.local_costmap]: Using plugin "voxel_layer"
[controller_server-9] [INFO] [1785668597.557259538] [local_costmap.local_costmap]: Subscribed to Topics: scan
[controller_server-9] [INFO] [1785668597.580908479] [local_costmap.local_costmap]: Initialized plugin "voxel_layer"
[controller_server-9] [INFO] [1785668597.580983157] [local_costmap.local_costmap]: Using plugin "inflation_layer"
[controller_server-9] [INFO] [1785668597.582316774] [local_costmap.local_costmap]: Initialized plugin "inflation_layer"
[controller_server-9] [INFO] [1785668597.642330812] [controller_server]: Created progress_checker : progress_checker of type nav2_controller::PoseProgressChecker
[controller_server-9] [INFO] [1785668597.643591482] [controller_server]: Controller Server has progress_checker  progress checkers available.
[controller_server-9] [INFO] [1785668597.645431612] [controller_server]: Created goal checker : general_goal_checker of type nav2_controller::SimpleGoalChecker
[controller_server-9] [INFO] [1785668597.646514801] [controller_server]: Controller Server has general_goal_checker  goal checkers available.
[controller_server-9] [INFO] [1785668597.649936179] [controller_server]: Created controller : FollowPath of type nav2_regulated_pure_pursuit_controller::RegulatedPurePursuitController
[controller_server-9] [INFO] [1785668597.665297833] [controller_server]: Controller Server has FollowPath  controllers available.
[lifecycle_manager-19] [INFO] [1785668597.681121914] [lifecycle_manager_navigation]: [34m[1mConfiguring smoother_server[0m[0m
[smoother_server-10] [INFO] [1785668597.681521552] [smoother_server]: Configuring smoother server
[smoother_server-10] [INFO] [1785668597.714753160] [smoother_server]: Created smoother : simple_smoother of type nav2_smoother::SimpleSmoother
[smoother_server-10] [INFO] [1785668597.719387587] [smoother_server]: Created smoother : savitzky_golay of type nav2_smoother::SavitzkyGolaySmoother
[smoother_server-10] [INFO] [1785668597.732032090] [smoother_server]: Created smoother : constrained of type nav2_constrained_smoother/ConstrainedSmoother
[smoother_server-10] [INFO] [1785668597.744196620] [smoother_server]: Created smoother : pstmo of type adaptive_pivot_g2_nav2/AdaptivePivotG2Smoother
[smoother_server-10] [INFO] [1785668597.757291581] [smoother_server]: Configured PSTMO smoother 'pstmo' with hierarchical_alpha_two_trim search and condition_only preprocessing
[smoother_server-10] [INFO] [1785668597.757794026] [smoother_server]: Created smoother : adaptive_hybrid of type adaptive_pivot_g2_nav2/SafetyGatedHybridSmoother
[smoother_server-10] [INFO] [1785668597.771446656] [smoother_server]: Configured PSTMO smoother 'adaptive_hybrid.pivot' with legacy_joint_d_q search and condition_only preprocessing
[smoother_server-10] [INFO] [1785668597.773624469] [smoother_server]: Configured safety-gated hybrid smoother as 'adaptive_hybrid'
[smoother_server-10] [INFO] [1785668597.773695178] [smoother_server]: Smoother Server has simple_smoother savitzky_golay constrained pstmo adaptive_hybrid  smoothers available.
[lifecycle_manager-19] [INFO] [1785668597.790690323] [lifecycle_manager_navigation]: [34m[1mConfiguring planner_server[0m[0m
[planner_server-11] [INFO] [1785668597.791063808] [planner_server]: Configuring
[planner_server-11] [INFO] [1785668597.791121455] [global_costmap.global_costmap]: Configuring
[planner_server-11] [INFO] [1785668597.804519914] [global_costmap.global_costmap]: Using plugin "static_layer"
[planner_server-11] [INFO] [1785668597.812355790] [global_costmap.global_costmap]: Subscribing to the map topic (/map) with transient local durability
[planner_server-11] [INFO] [1785668597.816716959] [global_costmap.global_costmap]: Initialized plugin "static_layer"
[planner_server-11] [INFO] [1785668597.816796248] [global_costmap.global_costmap]: Using plugin "inflation_layer"
[planner_server-11] [INFO] [1785668597.817802691] [global_costmap.global_costmap]: Initialized plugin "inflation_layer"
[planner_server-11] [INFO] [1785668597.874058638] [planner_server]: Created global planner plugin NavFnAStar of type nav2_navfn_planner::NavfnPlanner
[planner_server-11] [INFO] [1785668597.874138290] [planner_server]: Configuring plugin NavFnAStar of type NavfnPlanner
[planner_server-11] [INFO] [1785668597.875917042] [planner_server]: Created global planner plugin NavFnDijkstra of type nav2_navfn_planner::NavfnPlanner
[planner_server-11] [INFO] [1785668597.875977656] [planner_server]: Configuring plugin NavFnDijkstra of type NavfnPlanner
[planner_server-11] [INFO] [1785668597.881069616] [planner_server]: Created global planner plugin ThetaStar of type nav2_theta_star_planner::ThetaStarPlanner
[planner_server-11] [INFO] [1785668597.895657795] [planner_server]: Created global planner plugin Smac2D of type nav2_smac_planner::SmacPlanner2D
[planner_server-11] [INFO] [1785668597.895712988] [planner_server]: Configuring Smac2D of type SmacPlanner2D
[planner_server-11] [ERROR] [1785668597.897188608] [planner_server]: Inflation layer either not found or inflation is not set sufficiently for optimized non-circular collision checking capabilities. It is HIGHLY recommended to set the inflation radius to be at MINIMUM half of the robot's largest cross-section. See github.com/ros-planning/navigation2/tree/main/nav2_smac_planner#potential-fields for full instructions. This will substantially impact run-time performance.
[planner_server-11] [INFO] [1785668597.900522676] [planner_server]: Configured plugin Smac2D of type SmacPlanner2D with tolerance 0.10, maximum iterations 1000000, max on approach iterations 1000, and not allowing unknown traversal.
[planner_server-11] [INFO] [1785668597.903416483] [planner_server]: Created global planner plugin SmacHybrid of type nav2_smac_planner::SmacPlannerHybrid
[planner_server-11] [INFO] [1785668597.903482318] [planner_server]: Configuring SmacHybrid of type SmacPlannerHybrid
[planner_server-11] [INFO] [1785668597.908924096] [planner_server]: Even sized heuristic lookup table size set 160.000000, increasing size by 1 to make odd
[planner_server-11] [INFO] [1785668598.424046846] [planner_server]: Configured plugin SmacHybrid of type SmacPlannerHybrid with maximum iterations 1000000, max on approach iterations 1000, and not allowing unknown traversal. Tolerance 0.10.Using motion model: Dubin.
[planner_server-11] [INFO] [1785668598.424150085] [planner_server]: Planner Server has NavFnAStar NavFnDijkstra ThetaStar Smac2D SmacHybrid  planners available.
[lifecycle_manager-19] [INFO] [1785668598.462206365] [lifecycle_manager_navigation]: [34m[1mConfiguring route_server[0m[0m
[route_server-12] [INFO] [1785668598.463191176] [route_server]: Configuring
[route_server-12] [INFO] [1785668598.561410314] [route_server]: Created GraphFileLoader GeoJsonGraphFileLoader of type nav2_route::GeoJsonGraphFileLoader
[route_server-12] [INFO] [1785668598.561539983] [route_server]: Configuring geojson graph file loader
[route_server-12] [INFO] [1785668598.561600621] [route_server]: No graph file provided to load yet.
[route_server-12] [INFO] [1785668598.569279101] [route_server]: Created edge cost function plugin DistanceScorer of type nav2_route::DistanceScorer
[route_server-12] [INFO] [1785668598.569363036] [route_server]: Configuring distance scorer.
[route_server-12] [INFO] [1785668598.570005185] [route_server]: Created edge cost function plugin CostmapScorer of type nav2_route::CostmapScorer
[route_server-12] [INFO] [1785668598.570033195] [route_server]: Configuring costmap scorer.
[route_server-12] [INFO] [1785668598.575454927] [route_server]: Created route operation ReroutingService of type nav2_route::ReroutingService
[route_server-12] [INFO] [1785668598.575539305] [route_server]: Configuring Rerouting service operation.
[route_server-12] [INFO] [1785668598.579272105] [route_server]: Created route operation CollisionMonitor of type nav2_route::CollisionMonitor
[route_server-12] [INFO] [1785668598.580014841] [route_server]: Using costmap topic: local_costmap/costmap_raw instead of server costmap topic: global_costmap/costmap_raw for CollisionMonitor.
[lifecycle_manager-19] [INFO] [1785668598.588105306] [lifecycle_manager_navigation]: [34m[1mConfiguring behavior_server[0m[0m
[behavior_server-13] [INFO] [1785668598.589546152] [behavior_server]: Configuring
[behavior_server-13] [INFO] [1785668598.599205082] [behavior_server]: Creating behavior plugin spin of type nav2_behaviors::Spin
[behavior_server-13] [INFO] [1785668598.603212513] [behavior_server]: Creating behavior plugin backup of type nav2_behaviors::BackUp
[behavior_server-13] [INFO] [1785668598.605254432] [behavior_server]: Creating behavior plugin drive_on_heading of type nav2_behaviors::DriveOnHeading
[behavior_server-13] [INFO] [1785668598.606843296] [behavior_server]: Creating behavior plugin assisted_teleop of type nav2_behaviors::AssistedTeleop
[behavior_server-13] [INFO] [1785668598.610025057] [behavior_server]: Creating behavior plugin wait of type nav2_behaviors::Wait
[behavior_server-13] [INFO] [1785668598.621738534] [behavior_server]: Configuring spin
[behavior_server-13] [INFO] [1785668598.632579652] [behavior_server]: Configuring backup
[behavior_server-13] [INFO] [1785668598.640312533] [behavior_server]: Configuring drive_on_heading
[behavior_server-13] [INFO] [1785668598.648202448] [behavior_server]: Configuring assisted_teleop
[behavior_server-13] [INFO] [1785668598.657827299] [behavior_server]: Configuring wait
[lifecycle_manager-19] [INFO] [1785668598.665145346] [lifecycle_manager_navigation]: [34m[1mConfiguring velocity_smoother[0m[0m
[velocity_smoother-16] [INFO] [1785668598.665532453] [velocity_smoother]: Configuring velocity smoother
[lifecycle_manager-19] [INFO] [1785668598.675454141] [lifecycle_manager_navigation]: [34m[1mConfiguring collision_monitor[0m[0m
[collision_monitor-17] [INFO] [1785668598.675794577] [collision_monitor]: Configuring
[collision_monitor-17] [INFO] [1785668598.683078793] [collision_monitor]: [scan]: Creating Scan
[collision_monitor-17] [INFO] [1785668598.688070236] [collision_monitor]: [FootprintApproach]: Creating Polygon
[collision_monitor-17] [INFO] [1785668598.688574161] [collision_monitor]: [FootprintApproach]: Polygon points are not defined. Using dynamic subscription instead.
[collision_monitor-17] [INFO] [1785668598.689651617] [collision_monitor]: [FootprintApproach]: Making footprint subscriber on /local_costmap/published_footprint topic
[lifecycle_manager-19] [INFO] [1785668598.708671693] [lifecycle_manager_navigation]: [34m[1mConfiguring bt_navigator[0m[0m
[bt_navigator-14] [INFO] [1785668598.709117519] [bt_navigator]: Configuring
[bt_navigator-14] [INFO] [1785668598.718269663] [bt_navigator]: Creating navigator id navigate_to_pose of type nav2_bt_navigator::NavigateToPoseNavigator
[bt_navigator-14] [INFO] [1785668598.820048562] [bt_navigator]: Creating navigator id navigate_through_poses of type nav2_bt_navigator::NavigateThroughPosesNavigator
[lifecycle_manager-19] [INFO] [1785668598.856195129] [lifecycle_manager_navigation]: [34m[1mConfiguring waypoint_follower[0m[0m
[waypoint_follower-15] [INFO] [1785668598.856518679] [waypoint_follower]: Configuring
[waypoint_follower-15] [INFO] [1785668598.892387539] [waypoint_follower]: Created waypoint_task_executor : wait_at_waypoint of type nav2_waypoint_follower::WaitAtWaypoint
[lifecycle_manager-19] [INFO] [1785668598.893314583] [lifecycle_manager_navigation]: [34m[1mConfiguring docking_server[0m[0m
[opennav_docking-18] [INFO] [1785668598.893843274] [docking_server]: Configuring docking_server
[opennav_docking-18] [INFO] [1785668598.893913409] [docking_server]: Controller frequency set to 50.0000Hz
[opennav_docking-18] [INFO] [1785668598.932278961] [docking_server]: Created charging dock plugin simple_charging_dock of type opennav_docking::SimpleChargingDock
[opennav_docking-18] [WARN] [1785668598.942457707] [docking_server]: Dock database filepath nor dock parameters set. Docking actions can only be executed specifying the dock pose via the action request. Or update the dock database via the reload_database service.
[opennav_docking-18] [INFO] [1785668598.942530522] [docking_server]: Docking Server has 1 dock types and 0 dock instances available.
[lifecycle_manager-19] [INFO] [1785668598.946376607] [lifecycle_manager_navigation]: [34m[1mActivating controller_server[0m[0m
[controller_server-9] [INFO] [1785668598.946700508] [controller_server]: Activating
[controller_server-9] [INFO] [1785668598.946734708] [local_costmap.local_costmap]: Activating
[controller_server-9] [INFO] [1785668598.946741270] [local_costmap.local_costmap]: Checking transform
[controller_server-9] [INFO] [1785668598.946905864] [local_costmap.local_costmap]: start
[controller_server-9] [INFO] [1785668599.199792330] [controller_server]: Activating controller: FollowPath of type regulated_pure_pursuit_controller::RegulatedPurePursuitController
[controller_server-9] [INFO] [1785668599.199918709] [controller_server]: Creating bond (controller_server) to lifecycle manager.
[lifecycle_manager-19] [INFO] [1785668599.317594420] [lifecycle_manager_navigation]: Server controller_server connected with bond.
[lifecycle_manager-19] [INFO] [1785668599.317731277] [lifecycle_manager_navigation]: [34m[1mActivating smoother_server[0m[0m
[smoother_server-10] [INFO] [1785668599.318398633] [smoother_server]: Activating
[smoother_server-10] [INFO] [1785668599.318503896] [smoother_server]: Activating smoother: constrained of type nav2_constrained_smoother::ConstrainedSmoother
[smoother_server-10] [INFO] [1785668599.318542702] [smoother_server]: Creating bond (smoother_server) to lifecycle manager.
[lifecycle_manager-19] [INFO] [1785668599.436302129] [lifecycle_manager_navigation]: Server smoother_server connected with bond.
[lifecycle_manager-19] [INFO] [1785668599.436400967] [lifecycle_manager_navigation]: [34m[1mActivating planner_server[0m[0m
[planner_server-11] [INFO] [1785668599.437597053] [planner_server]: Activating
[planner_server-11] [INFO] [1785668599.437749348] [global_costmap.global_costmap]: Activating
[planner_server-11] [INFO] [1785668599.437785714] [global_costmap.global_costmap]: Checking transform
[planner_server-11] [INFO] [1785668599.437906941] [global_costmap.global_costmap]: Timed out waiting for transform from base_link to map to become available, tf error: Invalid frame ID "map" passed to canTransform argument target_frame - frame does not exist
[planner_server-11] [INFO] [1785668599.938123298] [global_costmap.global_costmap]: Timed out waiting for transform from base_link to map to become available, tf error: Invalid frame ID "map" passed to canTransform argument target_frame - frame does not exist
[planner_server-11] [INFO] [1785668600.437941531] [global_costmap.global_costmap]: Timed out waiting for transform from base_link to map to become available, tf error: Invalid frame ID "map" passed to canTransform argument target_frame - frame does not exist
[planner_server-11] [INFO] [1785668600.937949003] [global_costmap.global_costmap]: Timed out waiting for transform from base_link to map to become available, tf error: Invalid frame ID "map" passed to canTransform argument target_frame - frame does not exist
[planner_server-11] [INFO] [1785668601.437942333] [global_costmap.global_costmap]: Timed out waiting for transform from base_link to map to become available, tf error: Invalid frame ID "map" passed to canTransform argument target_frame - frame does not exist
[planner_server-11] [INFO] [1785668601.937934633] [global_costmap.global_costmap]: Timed out waiting for transform from base_link to map to become available, tf error: Invalid frame ID "map" passed to canTransform argument target_frame - frame does not exist
[planner_server-11] [INFO] [1785668602.437988129] [global_costmap.global_costmap]: Timed out waiting for transform from base_link to map to become available, tf error: Invalid frame ID "map" passed to canTransform argument target_frame - frame does not exist
[planner_server-11] [INFO] [1785668602.937971277] [global_costmap.global_costmap]: Timed out waiting for transform from base_link to map to become available, tf error: Invalid frame ID "map" passed to canTransform argument target_frame - frame does not exist
[planner_server-11] [INFO] [1785668603.437940913] [global_costmap.global_costmap]: Timed out waiting for transform from base_link to map to become available, tf error: Invalid frame ID "map" passed to canTransform argument target_frame - frame does not exist
[planner_server-11] [INFO] [1785668603.937970911] [global_costmap.global_costmap]: Timed out waiting for transform from base_link to map to become available, tf error: Invalid frame ID "map" passed to canTransform argument target_frame - frame does not exist
[planner_server-11] [INFO] [1785668604.438188499] [global_costmap.global_costmap]: Timed out waiting for transform from base_link to map to become available, tf error: Invalid frame ID "map" passed to canTransform argument target_frame - frame does not exist
[planner_server-11] [INFO] [1785668604.937954336] [global_costmap.global_costmap]: Timed out waiting for transform from base_link to map to become available, tf error: Invalid frame ID "map" passed to canTransform argument target_frame - frame does not exist
[planner_server-11] [INFO] [1785668605.438462972] [global_costmap.global_costmap]: Timed out waiting for transform from base_link to map to become available, tf error: Invalid frame ID "map" passed to canTransform argument target_frame - frame does not exist
[planner_server-11] [INFO] [1785668605.938089523] [global_costmap.global_costmap]: Timed out waiting for transform from base_link to map to become available, tf error: Invalid frame ID "map" passed to canTransform argument target_frame - frame does not exist
[planner_server-11] [INFO] [1785668606.437940017] [global_costmap.global_costmap]: Timed out waiting for transform from base_link to map to become available, tf error: Invalid frame ID "map" passed to canTransform argument target_frame - frame does not exist
[planner_server-11] [INFO] [1785668606.937944896] [global_costmap.global_costmap]: Timed out waiting for transform from base_link to map to become available, tf error: Invalid frame ID "map" passed to canTransform argument target_frame - frame does not exist
[planner_server-11] [INFO] [1785668607.437929200] [global_costmap.global_costmap]: Timed out waiting for transform from base_link to map to become available, tf error: Invalid frame ID "map" passed to canTransform argument target_frame - frame does not exist
[planner_server-11] [INFO] [1785668607.937929169] [global_costmap.global_costmap]: Timed out waiting for transform from base_link to map to become available, tf error: Invalid frame ID "map" passed to canTransform argument target_frame - frame does not exist
[planner_server-11] [INFO] [1785668608.437956854] [global_costmap.global_costmap]: Timed out waiting for transform from base_link to map to become available, tf error: Invalid frame ID "map" passed to canTransform argument target_frame - frame does not exist
[planner_server-11] [INFO] [1785668608.937960190] [global_costmap.global_costmap]: Timed out waiting for transform from base_link to map to become available, tf error: Invalid frame ID "map" passed to canTransform argument target_frame - frame does not exist
[planner_server-11] [INFO] [1785668609.437925300] [global_costmap.global_costmap]: Timed out waiting for transform from base_link to map to become available, tf error: Invalid frame ID "map" passed to canTransform argument target_frame - frame does not exist
[planner_server-11] [INFO] [1785668609.937992936] [global_costmap.global_costmap]: Timed out waiting for transform from base_link to map to become available, tf error: Invalid frame ID "map" passed to canTransform argument target_frame - frame does not exist
[planner_server-11] [ERROR] [1785668609.938102256] [global_costmap.global_costmap]: Failed to activate global_costmap because transform from base_link to map did not become available before timeout
[lifecycle_manager-19] [ERROR] [1785668609.939593994] [lifecycle_manager_navigation]: Failed to change state for node: planner_server
[lifecycle_manager-19] [ERROR] [1785668609.939780032] [lifecycle_manager_navigation]: Failed to bring up all requested nodes. Aborting bringup.
[execution_trial-5] [ERROR] [1785668656.945530752] [execution_trial]: Execution trial failed: Nav2 did not reach the fully active state
[execution_trial-5] Traceback (most recent call last):
[execution_trial-5]   File "/home/linh-pham/agv_nav2_research_ws_bao/install/adaptive_pivot_g2_benchmark/lib/adaptive_pivot_g2_benchmark/execution_trial", line 33, in <module>
[execution_trial-5]     sys.exit(load_entry_point('adaptive-pivot-g2-benchmark', 'console_scripts', 'execution_trial')())
[execution_trial-5]              ^^^^^^^^^^^^^^^^^^^^^^^^^^^^^^^^^^^^^^^^^^^^^^^^^^^^^^^^^^^^^^^^^^^^^^^^^^^^^^^^^^^^^^^
[execution_trial-5]   File "/home/linh-pham/agv_nav2_research_ws_bao/build/adaptive_pivot_g2_benchmark/adaptive_pivot_g2_benchmark/execution_trial.py", line 1166, in main
[execution_trial-5]     node.run()
[execution_trial-5]   File "/home/linh-pham/agv_nav2_research_ws_bao/build/adaptive_pivot_g2_benchmark/adaptive_pivot_g2_benchmark/execution_trial.py", line 680, in run
[execution_trial-5]     self._wait_for_system()
[execution_trial-5]   File "/home/linh-pham/agv_nav2_research_ws_bao/build/adaptive_pivot_g2_benchmark/adaptive_pivot_g2_benchmark/execution_trial.py", line 426, in _wait_for_system
[execution_trial-5]     raise RuntimeError('Nav2 did not reach the fully active state')
[execution_trial-5] RuntimeError: Nav2 did not reach the fully active state
[ERROR] [execution_trial-5]: process has died [pid 21203, exit code 1, cmd '/home/linh-pham/agv_nav2_research_ws_bao/install/adaptive_pivot_g2_benchmark/lib/adaptive_pivot_g2_benchmark/execution_trial --ros-args -r __node:=execution_trial --params-file /tmp/launch_params_m79y72r1'].
[INFO] [lifecycle_manager-19]: sending signal 'SIGINT' to process[lifecycle_manager-19]
[INFO] [opennav_docking-18]: sending signal 'SIGINT' to process[opennav_docking-18]
[INFO] [collision_monitor-17]: sending signal 'SIGINT' to process[collision_monitor-17]
[INFO] [velocity_smoother-16]: sending signal 'SIGINT' to process[velocity_smoother-16]
[INFO] [waypoint_follower-15]: sending signal 'SIGINT' to process[waypoint_follower-15]
[INFO] [bt_navigator-14]: sending signal 'SIGINT' to process[bt_navigator-14]
[INFO] [behavior_server-13]: sending signal 'SIGINT' to process[behavior_server-13]
[INFO] [route_server-12]: sending signal 'SIGINT' to process[route_server-12]
[INFO] [planner_server-11]: sending signal 'SIGINT' to process[planner_server-11]
[INFO] [smoother_server-10]: sending signal 'SIGINT' to process[smoother_server-10]
[INFO] [controller_server-9]: sending signal 'SIGINT' to process[controller_server-9]
[INFO] [lifecycle_manager-8]: sending signal 'SIGINT' to process[lifecycle_manager-8]
[INFO] [amcl-7]: sending signal 'SIGINT' to process[amcl-7]
[INFO] [map_server-6]: sending signal 'SIGINT' to process[map_server-6]
[INFO] [robot_state_publisher-4]: sending signal 'SIGINT' to process[robot_state_publisher-4]
[INFO] [parameter_bridge-3]: sending signal 'SIGINT' to process[parameter_bridge-3]
[INFO] [gazebo-1]: sending signal 'SIGINT' to process[gazebo-1]
[lifecycle_manager-19] [INFO] [1785668657.338272293] [rclcpp]: signal_handler(SIGINT/SIGTERM)
[lifecycle_manager-19] [INFO] [1785668657.338470754] [lifecycle_manager_navigation]: Running Nav2 LifecycleManager rcl preshutdown (lifecycle_manager_navigation)
[opennav_docking-18] [INFO] [1785668657.345226865] [rclcpp]: signal_handler(SIGINT/SIGTERM)
[opennav_docking-18] [INFO] [1785668657.345426913] [docking_server]: Running Nav2 LifecycleNode rcl preshutdown (docking_server)
[opennav_docking-18] [INFO] [1785668657.345562465] [docking_server]: Cleaning up docking_server
[collision_monitor-17] [INFO] [1785668657.353267261] [rclcpp]: signal_handler(SIGINT/SIGTERM)
[collision_monitor-17] [INFO] [1785668657.353434109] [collision_monitor]: Running Nav2 LifecycleNode rcl preshutdown (collision_monitor)
[collision_monitor-17] [INFO] [1785668657.353656290] [collision_monitor]: Cleaning up
[collision_monitor-17] [INFO] [1785668657.353705954] [collision_monitor]: [FootprintApproach]: Destroying Polygon
[collision_monitor-17] [INFO] [1785668657.353734326] [collision_monitor]: [scan]: Destroying Scan
[velocity_smoother-16] [INFO] [1785668657.361731525] [rclcpp]: signal_handler(SIGINT/SIGTERM)
[velocity_smoother-16] [INFO] [1785668657.361923544] [velocity_smoother]: Running Nav2 LifecycleNode rcl preshutdown (velocity_smoother)
[velocity_smoother-16] [INFO] [1785668657.362055383] [velocity_smoother]: Cleaning up
[velocity_smoother-16] [INFO] [1785668657.362105924] [velocity_smoother]: Destroying bond (velocity_smoother) to lifecycle manager.
[collision_monitor-17] [INFO] [1785668657.362174495] [collision_monitor]: Destroying bond (collision_monitor) to lifecycle manager.
[waypoint_follower-15] [INFO] [1785668657.370599404] [rclcpp]: signal_handler(SIGINT/SIGTERM)
[waypoint_follower-15] [INFO] [1785668657.370802578] [waypoint_follower]: Running Nav2 LifecycleNode rcl preshutdown (waypoint_follower)
[waypoint_follower-15] [INFO] [1785668657.370951166] [waypoint_follower]: Cleaning up
[bt_navigator-14] [INFO] [1785668657.380733392] [rclcpp]: signal_handler(SIGINT/SIGTERM)
[bt_navigator-14] [INFO] [1785668657.380910396] [bt_navigator]: Running Nav2 LifecycleNode rcl preshutdown (bt_navigator)
[bt_navigator-14] [INFO] [1785668657.381053855] [bt_navigator]: Cleaning up
[behavior_server-13] [INFO] [1785668657.390439023] [rclcpp]: signal_handler(SIGINT/SIGTERM)
[behavior_server-13] [INFO] [1785668657.390656954] [behavior_server]: Running Nav2 LifecycleNode rcl preshutdown (behavior_server)
[behavior_server-13] [INFO] [1785668657.390785082] [behavior_server]: Cleaning up
[waypoint_follower-15] [INFO] [1785668657.397700766] [waypoint_follower]: Destroying bond (waypoint_follower) to lifecycle manager.
[behavior_server-13] [INFO] [1785668657.399407920] [behavior_server]: Destroying bond (behavior_server) to lifecycle manager.
[route_server-12] [INFO] [1785668657.399707708] [rclcpp]: signal_handler(SIGINT/SIGTERM)
[route_server-12] [INFO] [1785668657.399854199] [route_server]: Running Nav2 LifecycleNode rcl preshutdown (route_server)
[route_server-12] [INFO] [1785668657.399949748] [route_server]: Cleaning up
[planner_server-11] [INFO] [1785668657.405698981] [rclcpp]: signal_handler(SIGINT/SIGTERM)
[planner_server-11] [INFO] [1785668657.405890405] [planner_server]: Running Nav2 LifecycleNode rcl preshutdown (planner_server)
[planner_server-11] [INFO] [1785668657.406000947] [planner_server]: Cleaning up
[collision_monitor-17] [INFO] [1785668657.407120424] [collision_monitor]: Destroying
[opennav_docking-18] [INFO] [1785668657.411059719] [docking_server]: Destroying bond (docking_server) to lifecycle manager.
[velocity_smoother-16] [INFO] [1785668657.411576861] [velocity_smoother]: Destroying
[smoother_server-10] [INFO] [1785668657.416848737] [rclcpp]: signal_handler(SIGINT/SIGTERM)
[smoother_server-10] [INFO] [1785668657.416996725] [smoother_server]: Running Nav2 LifecycleNode rcl preshutdown (smoother_server)
[smoother_server-10] [INFO] [1785668657.417095499] [smoother_server]: Deactivating
[smoother_server-10] [INFO] [1785668657.417127267] [smoother_server]: Deactivating smoother: constrained of type nav2_constrained_smoother::ConstrainedSmoother
[smoother_server-10] [INFO] [1785668657.417143727] [smoother_server]: Destroying bond (smoother_server) to lifecycle manager.
[controller_server-9] [INFO] [1785668657.418107293] [rclcpp]: signal_handler(SIGINT/SIGTERM)
[controller_server-9] [INFO] [1785668657.418221701] [controller_server]: Running Nav2 LifecycleNode rcl preshutdown (controller_server)
[controller_server-9] [INFO] [1785668657.418296585] [controller_server]: Deactivating
[controller_server-9] [INFO] [1785668657.418316849] [controller_server]: Deactivating controller: FollowPath of type regulated_pure_pursuit_controller::RegulatedPurePursuitController
[controller_server-9] [INFO] [1785668657.418339813] [local_costmap.local_costmap]: Deactivating
[lifecycle_manager-8] [INFO] [1785668657.421967263] [rclcpp]: signal_handler(SIGINT/SIGTERM)
[lifecycle_manager-8] [INFO] [1785668657.422091332] [lifecycle_manager_localization]: Running Nav2 LifecycleManager rcl preshutdown (lifecycle_manager_localization)
[amcl-7] [INFO] [1785668657.427155298] [rclcpp]: signal_handler(SIGINT/SIGTERM)
[amcl-7] [INFO] [1785668657.427371831] [amcl]: Running Nav2 LifecycleNode rcl preshutdown (amcl)
[amcl-7] [INFO] [1785668657.427530764] [amcl]: Destroying bond (amcl) to lifecycle manager.
[amcl-7] [INFO] [1785668657.428907289] [amcl]: Destroying
[smoother_server-10] [INFO] [1785668657.427600562] [smoother_server]: Cleaning up
[smoother_server-10] [INFO] [1785668657.427800055] [smoother_server]: Cleaning up smoother: constrained of type nav2_constrained_smoother::ConstrainedSmoother
[map_server-6] [INFO] [1785668657.430065723] [rclcpp]: signal_handler(SIGINT/SIGTERM)
[map_server-6] [INFO] [1785668657.430196667] [map_server]: Running Nav2 LifecycleNode rcl preshutdown (map_server)
[map_server-6] [INFO] [1785668657.430269087] [map_server]: Cleaning up
[map_server-6] [INFO] [1785668657.430303994] [map_server]: Destroying bond (map_server) to lifecycle manager.
[route_server-12] [INFO] [1785668657.431832303] [route_server]: Destroying bond (route_server) to lifecycle manager.
[map_server-6] [INFO] [1785668657.435218986] [map_server]: Destroying
[robot_state_publisher-4] [INFO] [1785668657.435792447] [rclcpp]: signal_handler(SIGINT/SIGTERM)
[waypoint_follower-15] [INFO] [1785668657.437629691] [waypoint_follower]: Destroying
[parameter_bridge-3] [INFO] [1785668657.438877457] [rclcpp]: signal_handler(SIGINT/SIGTERM)
[opennav_docking-18] [INFO] [1785668657.438938181] [docking_server]: Destroying
[route_server-12] [INFO] [1785668657.455173878] [route_server]: Destroying
[lifecycle_manager-19] [INFO] [1785668657.461532571] [lifecycle_manager_navigation]: Destroying lifecycle_manager_navigation
[planner_server-11] [INFO] [1785668657.463945612] [global_costmap.global_costmap]: Cleaning up
[smoother_server-10] [INFO] [1785668657.476153251] [smoother_server]: Destroying bond (smoother_server) to lifecycle manager.
[smoother_server-10] [INFO] [1785668657.481924846] [smoother_server]: Destroying
[bt_navigator-14] [INFO] [1785668657.485424595] [bt_navigator]: Completed Cleaning up
[bt_navigator-14] [INFO] [1785668657.485512520] [bt_navigator]: Destroying bond (bt_navigator) to lifecycle manager.
[planner_server-11] [INFO] [1785668657.487413141] [planner_server]: Cleaning up plugin Smac2D of type SmacPlanner2D
[planner_server-11] [INFO] [1785668657.487633541] [planner_server]: CleaningUp plugin ThetaStar of type nav2_theta_star_planner
[planner_server-11] [INFO] [1785668657.487660667] [planner_server]: Cleaning up plugin SmacHybrid of type SmacPlannerHybrid
[planner_server-11] [INFO] [1785668657.487802607] [planner_server]: Cleaning up plugin NavFnDijkstra of type NavfnPlanner
[planner_server-11] [INFO] [1785668657.487825812] [planner_server]: Cleaning up plugin NavFnAStar of type NavfnPlanner
[planner_server-11] [INFO] [1785668657.487836721] [planner_server]: Destroying plugin Smac2D of type SmacPlanner2D
[planner_server-11] [INFO] [1785668657.487851281] [planner_server]: Destroying plugin SmacHybrid of type SmacPlannerHybrid
[planner_server-11] [INFO] [1785668657.487860193] [planner_server]: Destroying plugin NavFnDijkstra of type NavfnPlanner
[planner_server-11] [INFO] [1785668657.487866755] [planner_server]: Destroying plugin NavFnAStar of type NavfnPlanner
[bt_navigator-14] [INFO] [1785668657.497204139] [bt_navigator]: Destroying
[behavior_server-13] [INFO] [1785668657.497490986] [behavior_server]: Destroying
[planner_server-11] [INFO] [1785668657.499356965] [planner_server]: Destroying bond (planner_server) to lifecycle manager.
[planner_server-11] [INFO] [1785668657.502805560] [global_costmap.global_costmap]: Destroying
[planner_server-11] [INFO] [1785668657.510695719] [planner_server]: Destroying
[controller_server-9] [INFO] [1785668657.547348481] [controller_server]: Destroying bond (controller_server) to lifecycle manager.
[controller_server-9] [INFO] [1785668657.557684326] [controller_server]: Cleaning up
[controller_server-9] [INFO] [1785668657.557742651] [controller_server]: Cleaning up controller: FollowPath of type regulated_pure_pursuit_controller::RegulatedPurePursuitController
[controller_server-9] [INFO] [1785668657.557834588] [local_costmap.local_costmap]: Cleaning up
[INFO] [velocity_smoother-16]: process has finished cleanly [pid 21402]
[controller_server-9] [INFO] [1785668657.578284652] [controller_server]: Destroying bond (controller_server) to lifecycle manager.
[INFO] [robot_state_publisher-4]: process has finished cleanly [pid 21202]
[INFO] [parameter_bridge-3]: process has finished cleanly [pid 21201]
[controller_server-9] [INFO] [1785668657.590698684] [local_costmap.local_costmap]: Destroying
[INFO] [amcl-7]: process has finished cleanly [pid 21393]
[INFO] [waypoint_follower-15]: process has finished cleanly [pid 21401]
[INFO] [map_server-6]: process has finished cleanly [pid 21392]
[INFO] [collision_monitor-17]: process has finished cleanly [pid 21403]
[INFO] [opennav_docking-18]: process has finished cleanly [pid 21404]
[INFO] [route_server-12]: process has finished cleanly [pid 21398]
[INFO] [lifecycle_manager-19]: process has finished cleanly [pid 21405]
[controller_server-9] [INFO] [1785668657.604064966] [controller_server]: Destroying
[INFO] [smoother_server-10]: process has finished cleanly [pid 21396]
[INFO] [behavior_server-13]: process has finished cleanly [pid 21399]
[INFO] [bt_navigator-14]: process has finished cleanly [pid 21400]
[INFO] [planner_server-11]: process has finished cleanly [pid 21397]
[INFO] [controller_server-9]: process has finished cleanly [pid 21395]
[ERROR] [lifecycle_manager-8]: process[lifecycle_manager-8] failed to terminate '5' seconds after receiving 'SIGINT', escalating to 'SIGTERM'
[ERROR] [gazebo-1]: process[gazebo-1] failed to terminate '5' seconds after receiving 'SIGINT', escalating to 'SIGTERM'
[INFO] [lifecycle_manager-8]: sending signal 'SIGTERM' to process[lifecycle_manager-8]
[INFO] [gazebo-1]: sending signal 'SIGTERM' to process[gazebo-1]
[ERROR] [gazebo-1]: process has died [pid 21198, exit code -15, cmd 'ruby /opt/ros/jazzy/opt/gz_tools_vendor/bin/gz sim -r -s -v 3 --initial-sim-time 0.0 /home/linh-pham/agv_nav2_research_ws_bao/install/vacuum_robot_gazebo/share/vacuum_robot_gazebo/worlds/research_warehouse.sdf --force-version 8'].
[ERROR] [lifecycle_manager-8]: process[lifecycle_manager-8] failed to terminate '10.0' seconds after receiving 'SIGTERM', escalating to 'SIGKILL'
[INFO] [lifecycle_manager-8]: sending signal 'SIGKILL' to process[lifecycle_manager-8]
[ERROR] [lifecycle_manager-8]: process has died [pid 21394, exit code -9, cmd '/opt/ros/jazzy/lib/nav2_lifecycle_manager/lifecycle_manager --ros-args --log-level info --ros-args -r __node:=lifecycle_manager_localization -p use_sim_time:=True --params-file /tmp/launch_params_tw7fopkh --params-file /tmp/launch_params_0qwrq344'].
=== infrastructure attempt 2 ===
[INFO] [launch]: All log files can be found below /home/linh-pham/.ros/log/2026-08-02-18-04-28-538578-linh-pham-LOQ-15IAX9-22276
[INFO] [launch]: Default logging verbosity is set to INFO
[INFO] [gazebo-1]: process started with pid [22305]
[INFO] [create-2]: process started with pid [22306]
[INFO] [parameter_bridge-3]: process started with pid [22307]
[INFO] [robot_state_publisher-4]: process started with pid [22309]
[INFO] [execution_trial-5]: process started with pid [22310]
[robot_state_publisher-4] [INFO] [1785668669.470765981] [robot_state_publisher]: Robot initialized
[create-2] [INFO] [1785668670.009684218] [spawn_vacuum_robot]: Entity creation successful.
[gazebo-1] [1;32m[Msg] [0m[1;32mGazebo Sim Server v[0m[1;32m8.11.0[0m[1;32m[0m
[gazebo-1] [1;32m[Msg] [0m[1;32mLoading SDF world file[[0m[1;32m/home/linh-pham/agv_nav2_research_ws_bao/install/vacuum_robot_gazebo/share/vacuum_robot_gazebo/worlds/research_warehouse.sdf[0m[1;32m].[0m
[gazebo-1] [1;32m[Msg] [0m[1;32mServing entity system service on [[0m[1;32m/[0m[1;32mentity/system/add[0m[1;32m][0m[1;32m[0m
[gazebo-1] [1;32m[Msg] [0m[1;32mCreate[0m[1;32m service on [[0m[1;32m/world/research_warehouse/create_multiple[0m[1;32m] (async)[0m[1;32m[0m
[gazebo-1] [1;32m[Msg] [0m[1;32mCreate[0m[1;32m service on [[0m[1;32m/world/research_warehouse/create_multiple/blocking[0m[1;32m] (blocking)[0m[1;32m[0m
[gazebo-1] [1;32m[Msg] [0m[1;32mRemove[0m[1;32m service on [[0m[1;32m/world/research_warehouse/remove[0m[1;32m] (async)[0m[1;32m[0m
[gazebo-1] [1;32m[Msg] [0m[1;32mRemove[0m[1;32m service on [[0m[1;32m/world/research_warehouse/remove/blocking[0m[1;32m] (blocking)[0m[1;32m[0m
[gazebo-1] [1;32m[Msg] [0m[1;32mPose[0m[1;32m service on [[0m[1;32m/world/research_warehouse/set_pose[0m[1;32m] (async)[0m[1;32m[0m
[gazebo-1] [1;32m[Msg] [0m[1;32mPose[0m[1;32m service on [[0m[1;32m/world/research_warehouse/set_pose/blocking[0m[1;32m] (blocking)[0m[1;32m[0m
[gazebo-1] [1;32m[Msg] [0m[1;32mPose[0m[1;32m service on [[0m[1;32m/world/research_warehouse/set_pose_vector[0m[1;32m] (async)[0m[1;32m[0m
[gazebo-1] [1;32m[Msg] [0m[1;32mPose[0m[1;32m service on [[0m[1;32m/world/research_warehouse/set_pose_vector/blocking[0m[1;32m] (blocking)[0m[1;32m[0m
[gazebo-1] [1;32m[Msg] [0m[1;32mLight configuration[0m[1;32m service on [[0m[1;32m/world/research_warehouse/light_config[0m[1;32m] (async)[0m[1;32m[0m
[gazebo-1] [1;32m[Msg] [0m[1;32mLight configuration[0m[1;32m service on [[0m[1;32m/world/research_warehouse/light_config/blocking[0m[1;32m] (blocking)[0m[1;32m[0m
[gazebo-1] [1;32m[Msg] [0m[1;32mPhysics[0m[1;32m service on [[0m[1;32m/world/research_warehouse/set_physics[0m[1;32m] (async)[0m[1;32m[0m
[gazebo-1] [1;32m[Msg] [0m[1;32mPhysics[0m[1;32m service on [[0m[1;32m/world/research_warehouse/set_physics/blocking[0m[1;32m] (blocking)[0m[1;32m[0m
[gazebo-1] [1;32m[Msg] [0m[1;32mSphericalCoordinates[0m[1;32m service on [[0m[1;32m/world/research_warehouse/set_spherical_coordinates[0m[1;32m] (async)[0m[1;32m[0m
[gazebo-1] [1;32m[Msg] [0m[1;32mSphericalCoordinates[0m[1;32m service on [[0m[1;32m/world/research_warehouse/set_spherical_coordinates/blocking[0m[1;32m] (blocking)[0m[1;32m[0m
[gazebo-1] [1;32m[Msg] [0m[1;32mEnable collision[0m[1;32m service on [[0m[1;32m/world/research_warehouse/enable_collision[0m[1;32m] (async)[0m[1;32m[0m
[gazebo-1] [1;32m[Msg] [0m[1;32mEnable collision[0m[1;32m service on [[0m[1;32m/world/research_warehouse/enable_collision/blocking[0m[1;32m] (blocking)[0m[1;32m[0m
[gazebo-1] [1;32m[Msg] [0m[1;32mDisable collision[0m[1;32m service on [[0m[1;32m/world/research_warehouse/disable_collision[0m[1;32m] (async)[0m[1;32m[0m
[gazebo-1] [1;32m[Msg] [0m[1;32mDisable collision[0m[1;32m service on [[0m[1;32m/world/research_warehouse/disable_collision/blocking[0m[1;32m] (blocking)[0m[1;32m[0m
[gazebo-1] [1;32m[Msg] [0m[1;32mMaterial[0m[1;32m service on [[0m[1;32m/world/research_warehouse/visual_config[0m[1;32m] (async)[0m[1;32m[0m
[gazebo-1] [1;32m[Msg] [0m[1;32mMaterial[0m[1;32m service on [[0m[1;32m/world/research_warehouse/visual_config/blocking[0m[1;32m] (blocking)[0m[1;32m[0m
[gazebo-1] [1;32m[Msg] [0m[1;32mMaterial[0m[1;32m service on [[0m[1;32m/world/research_warehouse/wheel_slip[0m[1;32m] (async)[0m[1;32m[0m
[gazebo-1] [1;32m[Msg] [0m[1;32mMaterial[0m[1;32m service on [[0m[1;32m/world/research_warehouse/wheel_slip/blocking[0m[1;32m] (blocking)[0m[1;32m[0m
[gazebo-1] [1;32m[Msg] [0m[1;32mLoaded level [[0m[1;32mdefault[0m[1;32m][0m[1;32m[0m
[gazebo-1] [1;32m[Msg] [0m[1;32mServing world controls on [[0m[1;32m/world/research_warehouse[0m[1;32m/control], [[0m[1;32m/world/research_warehouse[0m[1;32m/control/state] and [[0m[1;32m/world/research_warehouse[0m[1;32m/playback/control][0m[1;32m[0m
[INFO] [create-2]: process has finished cleanly [pid 22306]
[parameter_bridge-3] [INFO] [1785668670.526153911] [ros_gz_bridge]: Creating GZ->ROS Bridge: [/clock (gz.msgs.Clock) -> /clock (rosgraph_msgs/msg/Clock)] (Lazy 0)
[parameter_bridge-3] [INFO] [1785668670.527588027] [ros_gz_bridge]: Creating GZ->ROS Bridge: [/joint_states (gz.msgs.Model) -> /joint_states (sensor_msgs/msg/JointState)] (Lazy 0)
[parameter_bridge-3] [INFO] [1785668670.532404871] [ros_gz_bridge]: Creating GZ->ROS Bridge: [/odom (gz.msgs.Odometry) -> /odom (nav_msgs/msg/Odometry)] (Lazy 0)
[parameter_bridge-3] [INFO] [1785668670.535821800] [ros_gz_bridge]: Creating GZ->ROS Bridge: [/tf (gz.msgs.Pose_V) -> /tf (tf2_msgs/msg/TFMessage)] (Lazy 0)
[parameter_bridge-3] [INFO] [1785668670.538800565] [ros_gz_bridge]: Creating GZ->ROS Bridge: [/scan (gz.msgs.LaserScan) -> /scan (sensor_msgs/msg/LaserScan)] (Lazy 0)
[parameter_bridge-3] [INFO] [1785668670.539907763] [ros_gz_bridge]: Creating GZ->ROS Bridge: [/imu/data (gz.msgs.IMU) -> /imu/data (sensor_msgs/msg/Imu)] (Lazy 0)
[parameter_bridge-3] [INFO] [1785668670.541006518] [ros_gz_bridge]: Creating ROS->GZ Bridge: [/cmd_vel (geometry_msgs/msg/Twist) -> /cmd_vel (gz.msgs.Twist)] (Lazy 0)
[parameter_bridge-3] [INFO] [1785668670.542526093] [ros_gz_bridge]: Creating GZ->ROS Bridge: [/ground_truth/odom (gz.msgs.Odometry) -> /ground_truth/odom (nav_msgs/msg/Odometry)] (Lazy 0)
[gazebo-1] [1;32m[Msg] [0m[1;32mServing GUI information on [[0m[1;32m/world/research_warehouse[0m[1;32m/[0m[1;32mgui/info[0m[1;32m][0m[1;32m[0m
[gazebo-1] [1;32m[Msg] [0m[1;32mWorld [[0m[1;32mresearch_warehouse[0m[1;32m] initialized with [[0m[1;32mresearch_physics[0m[1;32m] physics profile.[0m[1;32m[0m
[gazebo-1] [1;32m[Msg] [0m[1;32mServing world SDF generation service on [[0m[1;32m/world/research_warehouse[0m[1;32m/[0m[1;32mgenerate_world_sdf[0m[1;32m][0m[1;32m[0m
[gazebo-1] [1;32m[Msg] [0m[1;32mServing world names on [[0m[1;32m/gazebo/worlds[0m[1;32m][0m[1;32m[0m
[gazebo-1] [1;32m[Msg] [0m[1;32mResource path add service on [[0m[1;32m/gazebo/resource_paths/add[0m[1;32m].[0m[1;32m[0m
[gazebo-1] [1;32m[Msg] [0m[1;32mResource path get service on [[0m[1;32m/gazebo/resource_paths/get[0m[1;32m].[0m[1;32m[0m
[gazebo-1] [1;32m[Msg] [0m[1;32mResource path resolve service on [[0m[1;32m/gazebo/resource_paths/resolve[0m[1;32m].[0m[1;32m[0m
[gazebo-1] [1;32m[Msg] [0m[1;32mResource paths published on [[0m[1;32m/gazebo/resource_paths[0m[1;32m].[0m[1;32m[0m
[gazebo-1] [1;32m[Msg] [0m[1;32mServer control service on [[0m[1;32m/server_control[0m[1;32m].[0m[1;32m[0m
[gazebo-1] [1;32m[Msg] [0m[1;32mFound no publishers on /stats, adding root stats topic[0m[1;32m[0m
[gazebo-1] [1;32m[Msg] [0m[1;32mFound no publishers on /clock, adding root clock topic[0m[1;32m[0m
[gazebo-1] [1;33mWarning [Utils.cc:132][0m [/sdf/model[@name="vacuum_robot"]/link[@name="base_link"]/sensor[@name="rplidar_a1m8"]/gz_frame_id:/home/linh-pham/agv_nav2_research_ws_bao/install/vacuum_robot_gazebo/share/vacuum_robot_gazebo/models/vacuum_robot/model.sdf:L107]: XML Element[gz_frame_id], child of element[sensor], not defined in SDF. Copying[gz_frame_id] as children of [sensor].
[gazebo-1] [1;33mWarning [Utils.cc:132][0m [/sdf/model[@name="vacuum_robot"]/link[@name="base_link"]/sensor[@name="bno055_imu"]/gz_frame_id:/home/linh-pham/agv_nav2_research_ws_bao/install/vacuum_robot_gazebo/share/vacuum_robot_gazebo/models/vacuum_robot/model.sdf:L128]: XML Element[gz_frame_id], child of element[sensor], not defined in SDF. Copying[gz_frame_id] as children of [sensor].
[gazebo-1] libEGL warning: pci id for fd 55: 10de:25ec, driver (null)
[gazebo-1] 
[gazebo-1] pci id for fd 56: 10de:25ec, driver (null)
[gazebo-1] pci id for fd 57: 10de:25ec, driver (null)
[gazebo-1] libEGL warning: egl: failed to create dri2 screen
[gazebo-1] libEGL warning: pci id for fd 55: 10de:25ec, driver (null)
[gazebo-1] 
[gazebo-1] pci id for fd 56: 10de:25ec, driver (null)
[gazebo-1] pci id for fd 57: 10de:25ec, driver (null)
[gazebo-1] libEGL warning: egl: failed to create dri2 screen
[gazebo-1] libEGL warning: pci id for fd 55: 10de:25ec, driver (null)
[gazebo-1] 
[INFO] [map_server-6]: process started with pid [22512]
[INFO] [amcl-7]: process started with pid [22513]
[INFO] [lifecycle_manager-8]: process started with pid [22514]
[INFO] [controller_server-9]: process started with pid [22515]
[INFO] [smoother_server-10]: process started with pid [22516]
[INFO] [planner_server-11]: process started with pid [22517]
[INFO] [route_server-12]: process started with pid [22518]
[INFO] [behavior_server-13]: process started with pid [22519]
[INFO] [bt_navigator-14]: process started with pid [22520]
[INFO] [waypoint_follower-15]: process started with pid [22521]
[INFO] [velocity_smoother-16]: process started with pid [22522]
[INFO] [collision_monitor-17]: process started with pid [22523]
[INFO] [opennav_docking-18]: process started with pid [22524]
[INFO] [lifecycle_manager-19]: process started with pid [22527]
[lifecycle_manager-8] [INFO] [1785668672.770794019] [lifecycle_manager_localization]: Creating
[amcl-7] [INFO] [1785668672.826001816] [amcl]: 
[amcl-7] 	amcl lifecycle node launched. 
[amcl-7] 	Waiting on external lifecycle transitions to activate
[amcl-7] 	See https://design.ros2.org/articles/node_lifecycle.html for more information.
[amcl-7] [INFO] [1785668672.829201437] [amcl]: Creating
[lifecycle_manager-8] [INFO] [1785668672.830923734] [lifecycle_manager_localization]: [34m[1mCreating and initializing lifecycle service clients[0m[0m
[opennav_docking-18] [INFO] [1785668672.852756930] [docking_server]: 
[opennav_docking-18] 	docking_server lifecycle node launched. 
[opennav_docking-18] 	Waiting on external lifecycle transitions to activate
[opennav_docking-18] 	See https://design.ros2.org/articles/node_lifecycle.html for more information.
[opennav_docking-18] [INFO] [1785668672.852884687] [docking_server]: Creating docking_server
[behavior_server-13] [INFO] [1785668673.265122408] [behavior_server]: 
[behavior_server-13] 	behavior_server lifecycle node launched. 
[behavior_server-13] 	Waiting on external lifecycle transitions to activate
[behavior_server-13] 	See https://design.ros2.org/articles/node_lifecycle.html for more information.
[velocity_smoother-16] [INFO] [1785668673.272683292] [velocity_smoother]: 
[velocity_smoother-16] 	velocity_smoother lifecycle node launched. 
[velocity_smoother-16] 	Waiting on external lifecycle transitions to activate
[velocity_smoother-16] 	See https://design.ros2.org/articles/node_lifecycle.html for more information.
[map_server-6] [INFO] [1785668673.274072322] [map_server]: 
[map_server-6] 	map_server lifecycle node launched. 
[map_server-6] 	Waiting on external lifecycle transitions to activate
[map_server-6] 	See https://design.ros2.org/articles/node_lifecycle.html for more information.
[map_server-6] [INFO] [1785668673.274302819] [map_server]: Creating
[controller_server-9] [INFO] [1785668673.283343224] [controller_server]: 
[controller_server-9] 	controller_server lifecycle node launched. 
[controller_server-9] 	Waiting on external lifecycle transitions to activate
[controller_server-9] 	See https://design.ros2.org/articles/node_lifecycle.html for more information.
[route_server-12] [INFO] [1785668673.286346177] [route_server]: 
[route_server-12] 	route_server lifecycle node launched. 
[route_server-12] 	Waiting on external lifecycle transitions to activate
[route_server-12] 	See https://design.ros2.org/articles/node_lifecycle.html for more information.
[controller_server-9] [INFO] [1785668673.289568542] [controller_server]: Creating controller server
[waypoint_follower-15] [INFO] [1785668673.297476997] [waypoint_follower]: 
[waypoint_follower-15] 	waypoint_follower lifecycle node launched. 
[waypoint_follower-15] 	Waiting on external lifecycle transitions to activate
[waypoint_follower-15] 	See https://design.ros2.org/articles/node_lifecycle.html for more information.
[waypoint_follower-15] [INFO] [1785668673.300099127] [waypoint_follower]: Creating
[collision_monitor-17] [INFO] [1785668673.302276592] [collision_monitor]: 
[collision_monitor-17] 	collision_monitor lifecycle node launched. 
[collision_monitor-17] 	Waiting on external lifecycle transitions to activate
[collision_monitor-17] 	See https://design.ros2.org/articles/node_lifecycle.html for more information.
[planner_server-11] [INFO] [1785668673.303339953] [planner_server]: 
[planner_server-11] 	planner_server lifecycle node launched. 
[planner_server-11] 	Waiting on external lifecycle transitions to activate
[planner_server-11] 	See https://design.ros2.org/articles/node_lifecycle.html for more information.
[planner_server-11] [INFO] [1785668673.306016890] [planner_server]: Creating
[bt_navigator-14] [INFO] [1785668673.307867885] [bt_navigator]: 
[bt_navigator-14] 	bt_navigator lifecycle node launched. 
[bt_navigator-14] 	Waiting on external lifecycle transitions to activate
[bt_navigator-14] 	See https://design.ros2.org/articles/node_lifecycle.html for more information.
[bt_navigator-14] [INFO] [1785668673.309988301] [bt_navigator]: Creating
[lifecycle_manager-19] [INFO] [1785668673.315707513] [lifecycle_manager_navigation]: Creating
[controller_server-9] [INFO] [1785668673.319887628] [local_costmap.local_costmap]: 
[controller_server-9] 	local_costmap lifecycle node launched. 
[controller_server-9] 	Waiting on external lifecycle transitions to activate
[controller_server-9] 	See https://design.ros2.org/articles/node_lifecycle.html for more information.
[controller_server-9] [INFO] [1785668673.320527238] [local_costmap.local_costmap]: Creating Costmap
[smoother_server-10] [INFO] [1785668673.323123649] [smoother_server]: 
[smoother_server-10] 	smoother_server lifecycle node launched. 
[smoother_server-10] 	Waiting on external lifecycle transitions to activate
[smoother_server-10] 	See https://design.ros2.org/articles/node_lifecycle.html for more information.
[smoother_server-10] [INFO] [1785668673.328373252] [smoother_server]: Creating smoother server
[lifecycle_manager-19] [INFO] [1785668673.333288762] [lifecycle_manager_navigation]: [34m[1mCreating and initializing lifecycle service clients[0m[0m
[planner_server-11] [INFO] [1785668673.352003450] [global_costmap.global_costmap]: 
[planner_server-11] 	global_costmap lifecycle node launched. 
[planner_server-11] 	Waiting on external lifecycle transitions to activate
[planner_server-11] 	See https://design.ros2.org/articles/node_lifecycle.html for more information.
[planner_server-11] [INFO] [1785668673.352615141] [global_costmap.global_costmap]: Creating Costmap
[lifecycle_manager-8] [INFO] [1785668673.569556157] [lifecycle_manager_localization]: [34m[1mStarting managed nodes bringup...[0m[0m
[lifecycle_manager-8] [INFO] [1785668673.569700416] [lifecycle_manager_localization]: [34m[1mConfiguring map_server[0m[0m
[map_server-6] [INFO] [1785668673.570670634] [map_server]: Configuring
[map_server-6] [INFO] [1785668673.570838496] [map_io]: Loading yaml file: /home/linh-pham/agv_nav2_research_ws_bao/install/vacuum_robot_gazebo/share/vacuum_robot_gazebo/maps/research_warehouse.yaml
[map_server-6] [INFO] [1785668673.571723184] [map_io]: resolution: 0.05
[map_server-6] [INFO] [1785668673.571750744] [map_io]: origin[0]: -6
[map_server-6] [INFO] [1785668673.571766494] [map_io]: origin[1]: -4
[map_server-6] [INFO] [1785668673.571777881] [map_io]: origin[2]: 0
[map_server-6] [INFO] [1785668673.571787734] [map_io]: free_thresh: 0.25
[map_server-6] [INFO] [1785668673.571796079] [map_io]: occupied_thresh: 0.65
[map_server-6] [INFO] [1785668673.571809866] [map_io]: mode: trinary
[map_server-6] [INFO] [1785668673.571819614] [map_io]: negate: 0
[map_server-6] [INFO] [1785668673.572207417] [map_io]: Loading image_file: /home/linh-pham/agv_nav2_research_ws_bao/install/vacuum_robot_gazebo/share/vacuum_robot_gazebo/maps/research_warehouse.pgm
[map_server-6] [INFO] [1785668673.575824165] [map_io]: Read map /home/linh-pham/agv_nav2_research_ws_bao/install/vacuum_robot_gazebo/share/vacuum_robot_gazebo/maps/research_warehouse.pgm: 240 X 160 map @ 0.05 m/cell
[lifecycle_manager-8] [INFO] [1785668673.597368288] [lifecycle_manager_localization]: [34m[1mConfiguring amcl[0m[0m
[amcl-7] [INFO] [1785668673.598177341] [amcl]: Configuring
[amcl-7] [INFO] [1785668673.598403149] [amcl]: initTransforms
[amcl-7] [INFO] [1785668673.625523299] [amcl]: initPubSub
[amcl-7] [INFO] [1785668673.645230802] [amcl]: Subscribed to map topic.
[lifecycle_manager-8] [INFO] [1785668673.655249003] [lifecycle_manager_localization]: [34m[1mActivating map_server[0m[0m
[map_server-6] [INFO] [1785668673.655467553] [map_server]: Activating
[map_server-6] [INFO] [1785668673.655766821] [map_server]: Creating bond (map_server) to lifecycle manager.
[lifecycle_manager-8] [INFO] [1785668673.764392484] [lifecycle_manager_localization]: Server map_server connected with bond.
[lifecycle_manager-8] [INFO] [1785668673.764508112] [lifecycle_manager_localization]: [34m[1mActivating amcl[0m[0m
[amcl-7] [INFO] [1785668673.765189714] [amcl]: Activating
[amcl-7] [INFO] [1785668673.765301690] [amcl]: initialPoseReceived
[amcl-7] [INFO] [1785668673.765567550] [amcl]: Setting pose (1.350000): -5.000 -3.000 0.050
[amcl-7] [INFO] [1785668673.769684500] [amcl]: Creating bond (amcl) to lifecycle manager.
[lifecycle_manager-8] [INFO] [1785668673.895878581] [lifecycle_manager_localization]: Server amcl connected with bond.
[lifecycle_manager-8] [INFO] [1785668673.895967826] [lifecycle_manager_localization]: [34m[1mManaged nodes are active[0m[0m
[lifecycle_manager-8] [INFO] [1785668673.895991168] [lifecycle_manager_localization]: [34m[1mCreating bond timer...[0m[0m
[amcl-7] [INFO] [1785668673.953750135] [amcl]: Received a 240 X 160 map @ 0.050 m/pix
[amcl-7] [INFO] [1785668674.072059811] [amcl]: createLaserObject
[lifecycle_manager-19] [INFO] [1785668674.110572381] [lifecycle_manager_navigation]: [34m[1mStarting managed nodes bringup...[0m[0m
[lifecycle_manager-19] [INFO] [1785668674.110744154] [lifecycle_manager_navigation]: [34m[1mConfiguring controller_server[0m[0m
[controller_server-9] [INFO] [1785668674.111604525] [controller_server]: Configuring controller interface
[controller_server-9] [INFO] [1785668674.111679299] [controller_server]: getting progress checker plugins..
[controller_server-9] [INFO] [1785668674.112031966] [controller_server]: getting goal checker plugins..
[controller_server-9] [INFO] [1785668674.112190819] [controller_server]: Controller frequency set to 20.0000Hz
[controller_server-9] [INFO] [1785668674.112258732] [local_costmap.local_costmap]: Configuring
[controller_server-9] [INFO] [1785668674.138580608] [local_costmap.local_costmap]: Using plugin "voxel_layer"
[controller_server-9] [INFO] [1785668674.145710278] [local_costmap.local_costmap]: Subscribed to Topics: scan
[controller_server-9] [INFO] [1785668674.165455468] [local_costmap.local_costmap]: Initialized plugin "voxel_layer"
[controller_server-9] [INFO] [1785668674.165503067] [local_costmap.local_costmap]: Using plugin "inflation_layer"
[controller_server-9] [INFO] [1785668674.166968928] [local_costmap.local_costmap]: Initialized plugin "inflation_layer"
[controller_server-9] [INFO] [1785668674.193542303] [controller_server]: Created progress_checker : progress_checker of type nav2_controller::PoseProgressChecker
[controller_server-9] [INFO] [1785668674.194032178] [controller_server]: Controller Server has progress_checker  progress checkers available.
[controller_server-9] [INFO] [1785668674.194672647] [controller_server]: Created goal checker : general_goal_checker of type nav2_controller::SimpleGoalChecker
[controller_server-9] [INFO] [1785668674.195056885] [controller_server]: Controller Server has general_goal_checker  goal checkers available.
[controller_server-9] [INFO] [1785668674.196483023] [controller_server]: Created controller : FollowPath of type nav2_regulated_pure_pursuit_controller::RegulatedPurePursuitController
[controller_server-9] [INFO] [1785668674.203190913] [controller_server]: Controller Server has FollowPath  controllers available.
[lifecycle_manager-19] [INFO] [1785668674.217497299] [lifecycle_manager_navigation]: [34m[1mConfiguring smoother_server[0m[0m
[smoother_server-10] [INFO] [1785668674.217950185] [smoother_server]: Configuring smoother server
[smoother_server-10] [INFO] [1785668674.242321061] [smoother_server]: Created smoother : simple_smoother of type nav2_smoother::SimpleSmoother
[smoother_server-10] [INFO] [1785668674.244314098] [smoother_server]: Created smoother : savitzky_golay of type nav2_smoother::SavitzkyGolaySmoother
[smoother_server-10] [INFO] [1785668674.252233611] [smoother_server]: Created smoother : constrained of type nav2_constrained_smoother/ConstrainedSmoother
[smoother_server-10] [INFO] [1785668674.258222787] [smoother_server]: Created smoother : pstmo of type adaptive_pivot_g2_nav2/AdaptivePivotG2Smoother
[smoother_server-10] [INFO] [1785668674.264441950] [smoother_server]: Configured PSTMO smoother 'pstmo' with hierarchical_alpha_two_trim search and condition_only preprocessing
[smoother_server-10] [INFO] [1785668674.265023558] [smoother_server]: Created smoother : adaptive_hybrid of type adaptive_pivot_g2_nav2/SafetyGatedHybridSmoother
[smoother_server-10] [INFO] [1785668674.271747796] [smoother_server]: Configured PSTMO smoother 'adaptive_hybrid.pivot' with legacy_joint_d_q search and condition_only preprocessing
[smoother_server-10] [INFO] [1785668674.274007689] [smoother_server]: Configured safety-gated hybrid smoother as 'adaptive_hybrid'
[smoother_server-10] [INFO] [1785668674.274077100] [smoother_server]: Smoother Server has simple_smoother savitzky_golay constrained pstmo adaptive_hybrid  smoothers available.
[lifecycle_manager-19] [INFO] [1785668674.284629109] [lifecycle_manager_navigation]: [34m[1mConfiguring planner_server[0m[0m
[planner_server-11] [INFO] [1785668674.285039502] [planner_server]: Configuring
[planner_server-11] [INFO] [1785668674.285099400] [global_costmap.global_costmap]: Configuring
[planner_server-11] [INFO] [1785668674.298670243] [global_costmap.global_costmap]: Using plugin "static_layer"
[planner_server-11] [INFO] [1785668674.306096485] [global_costmap.global_costmap]: Subscribing to the map topic (/map) with transient local durability
[planner_server-11] [INFO] [1785668674.309941207] [global_costmap.global_costmap]: Initialized plugin "static_layer"
[planner_server-11] [INFO] [1785668674.310004341] [global_costmap.global_costmap]: Using plugin "inflation_layer"
[planner_server-11] [INFO] [1785668674.311087934] [global_costmap.global_costmap]: Initialized plugin "inflation_layer"
[planner_server-11] [INFO] [1785668674.375530018] [global_costmap.global_costmap]: StaticLayer: Resizing costmap to 240 X 160 at 0.050000 m/pix
[planner_server-11] [INFO] [1785668674.376506467] [planner_server]: Created global planner plugin NavFnAStar of type nav2_navfn_planner::NavfnPlanner
[planner_server-11] [INFO] [1785668674.376578599] [planner_server]: Configuring plugin NavFnAStar of type NavfnPlanner
[planner_server-11] [INFO] [1785668674.379022426] [planner_server]: Created global planner plugin NavFnDijkstra of type nav2_navfn_planner::NavfnPlanner
[planner_server-11] [INFO] [1785668674.379087025] [planner_server]: Configuring plugin NavFnDijkstra of type NavfnPlanner
[planner_server-11] [INFO] [1785668674.381378038] [planner_server]: Created global planner plugin ThetaStar of type nav2_theta_star_planner::ThetaStarPlanner
[planner_server-11] [INFO] [1785668674.396128188] [planner_server]: Created global planner plugin Smac2D of type nav2_smac_planner::SmacPlanner2D
[planner_server-11] [INFO] [1785668674.396200947] [planner_server]: Configuring Smac2D of type SmacPlanner2D
[planner_server-11] [ERROR] [1785668674.397357227] [planner_server]: Inflation layer either not found or inflation is not set sufficiently for optimized non-circular collision checking capabilities. It is HIGHLY recommended to set the inflation radius to be at MINIMUM half of the robot's largest cross-section. See github.com/ros-planning/navigation2/tree/main/nav2_smac_planner#potential-fields for full instructions. This will substantially impact run-time performance.
[planner_server-11] [INFO] [1785668674.402598194] [planner_server]: Configured plugin Smac2D of type SmacPlanner2D with tolerance 0.10, maximum iterations 1000000, max on approach iterations 1000, and not allowing unknown traversal.
[planner_server-11] [INFO] [1785668674.407952052] [planner_server]: Created global planner plugin SmacHybrid of type nav2_smac_planner::SmacPlannerHybrid
[planner_server-11] [INFO] [1785668674.408076682] [planner_server]: Configuring SmacHybrid of type SmacPlannerHybrid
[planner_server-11] [INFO] [1785668674.416878186] [planner_server]: Even sized heuristic lookup table size set 160.000000, increasing size by 1 to make odd
[planner_server-11] [INFO] [1785668674.904866485] [planner_server]: Configured plugin SmacHybrid of type SmacPlannerHybrid with maximum iterations 1000000, max on approach iterations 1000, and not allowing unknown traversal. Tolerance 0.10.Using motion model: Dubin.
[planner_server-11] [INFO] [1785668674.904919122] [planner_server]: Planner Server has NavFnAStar NavFnDijkstra ThetaStar Smac2D SmacHybrid  planners available.
[lifecycle_manager-19] [INFO] [1785668674.922587865] [lifecycle_manager_navigation]: [34m[1mConfiguring route_server[0m[0m
[route_server-12] [INFO] [1785668674.923091317] [route_server]: Configuring
[route_server-12] [INFO] [1785668674.989379533] [route_server]: Created GraphFileLoader GeoJsonGraphFileLoader of type nav2_route::GeoJsonGraphFileLoader
[route_server-12] [INFO] [1785668674.989449722] [route_server]: Configuring geojson graph file loader
[route_server-12] [INFO] [1785668674.989465261] [route_server]: No graph file provided to load yet.
[route_server-12] [INFO] [1785668674.995301647] [route_server]: Created edge cost function plugin DistanceScorer of type nav2_route::DistanceScorer
[route_server-12] [INFO] [1785668674.995353202] [route_server]: Configuring distance scorer.
[route_server-12] [INFO] [1785668674.996035673] [route_server]: Created edge cost function plugin CostmapScorer of type nav2_route::CostmapScorer
[route_server-12] [INFO] [1785668674.996086789] [route_server]: Configuring costmap scorer.
[route_server-12] [INFO] [1785668675.005522166] [route_server]: Created route operation ReroutingService of type nav2_route::ReroutingService
[route_server-12] [INFO] [1785668675.005629735] [route_server]: Configuring Rerouting service operation.
[route_server-12] [INFO] [1785668675.009715036] [route_server]: Created route operation CollisionMonitor of type nav2_route::CollisionMonitor
[route_server-12] [INFO] [1785668675.009956219] [route_server]: Using costmap topic: local_costmap/costmap_raw instead of server costmap topic: global_costmap/costmap_raw for CollisionMonitor.
[lifecycle_manager-19] [INFO] [1785668675.021213130] [lifecycle_manager_navigation]: [34m[1mConfiguring behavior_server[0m[0m
[behavior_server-13] [INFO] [1785668675.021713015] [behavior_server]: Configuring
[behavior_server-13] [INFO] [1785668675.048219917] [behavior_server]: Creating behavior plugin spin of type nav2_behaviors::Spin
[behavior_server-13] [INFO] [1785668675.050800480] [behavior_server]: Creating behavior plugin backup of type nav2_behaviors::BackUp
[behavior_server-13] [INFO] [1785668675.053146110] [behavior_server]: Creating behavior plugin drive_on_heading of type nav2_behaviors::DriveOnHeading
[behavior_server-13] [INFO] [1785668675.055184115] [behavior_server]: Creating behavior plugin assisted_teleop of type nav2_behaviors::AssistedTeleop
[behavior_server-13] [INFO] [1785668675.058049984] [behavior_server]: Creating behavior plugin wait of type nav2_behaviors::Wait
[behavior_server-13] [INFO] [1785668675.070500092] [behavior_server]: Configuring spin
[behavior_server-13] [INFO] [1785668675.081536359] [behavior_server]: Configuring backup
[behavior_server-13] [INFO] [1785668675.090454029] [behavior_server]: Configuring drive_on_heading
[behavior_server-13] [INFO] [1785668675.098223616] [behavior_server]: Configuring assisted_teleop
[behavior_server-13] [INFO] [1785668675.107800964] [behavior_server]: Configuring wait
[lifecycle_manager-19] [INFO] [1785668675.116101626] [lifecycle_manager_navigation]: [34m[1mConfiguring velocity_smoother[0m[0m
[velocity_smoother-16] [INFO] [1785668675.116604844] [velocity_smoother]: Configuring velocity smoother
[lifecycle_manager-19] [INFO] [1785668675.125759013] [lifecycle_manager_navigation]: [34m[1mConfiguring collision_monitor[0m[0m
[collision_monitor-17] [INFO] [1785668675.126222589] [collision_monitor]: Configuring
[collision_monitor-17] [INFO] [1785668675.135419403] [collision_monitor]: [scan]: Creating Scan
[collision_monitor-17] [INFO] [1785668675.139824736] [collision_monitor]: [FootprintApproach]: Creating Polygon
[collision_monitor-17] [INFO] [1785668675.140024328] [collision_monitor]: [FootprintApproach]: Polygon points are not defined. Using dynamic subscription instead.
[collision_monitor-17] [INFO] [1785668675.140653473] [collision_monitor]: [FootprintApproach]: Making footprint subscriber on /local_costmap/published_footprint topic
[lifecycle_manager-19] [INFO] [1785668675.160968001] [lifecycle_manager_navigation]: [34m[1mConfiguring bt_navigator[0m[0m
[bt_navigator-14] [INFO] [1785668675.161315957] [bt_navigator]: Configuring
[bt_navigator-14] [INFO] [1785668675.170465470] [bt_navigator]: Creating navigator id navigate_to_pose of type nav2_bt_navigator::NavigateToPoseNavigator
[bt_navigator-14] [INFO] [1785668675.286946337] [bt_navigator]: Creating navigator id navigate_through_poses of type nav2_bt_navigator::NavigateThroughPosesNavigator
[lifecycle_manager-19] [INFO] [1785668675.323903609] [lifecycle_manager_navigation]: [34m[1mConfiguring waypoint_follower[0m[0m
[waypoint_follower-15] [INFO] [1785668675.324427754] [waypoint_follower]: Configuring
[waypoint_follower-15] [INFO] [1785668675.362218722] [waypoint_follower]: Created waypoint_task_executor : wait_at_waypoint of type nav2_waypoint_follower::WaitAtWaypoint
[lifecycle_manager-19] [INFO] [1785668675.363563487] [lifecycle_manager_navigation]: [34m[1mConfiguring docking_server[0m[0m
[opennav_docking-18] [INFO] [1785668675.363939590] [docking_server]: Configuring docking_server
[opennav_docking-18] [INFO] [1785668675.363993444] [docking_server]: Controller frequency set to 50.0000Hz
[opennav_docking-18] [INFO] [1785668675.425245591] [docking_server]: Created charging dock plugin simple_charging_dock of type opennav_docking::SimpleChargingDock
[opennav_docking-18] [WARN] [1785668675.434956336] [docking_server]: Dock database filepath nor dock parameters set. Docking actions can only be executed specifying the dock pose via the action request. Or update the dock database via the reload_database service.
[opennav_docking-18] [INFO] [1785668675.435030023] [docking_server]: Docking Server has 1 dock types and 0 dock instances available.
[lifecycle_manager-19] [INFO] [1785668675.440274396] [lifecycle_manager_navigation]: [34m[1mActivating controller_server[0m[0m
[controller_server-9] [INFO] [1785668675.440813158] [controller_server]: Activating
[controller_server-9] [INFO] [1785668675.440869993] [local_costmap.local_costmap]: Activating
[controller_server-9] [INFO] [1785668675.440883159] [local_costmap.local_costmap]: Checking transform
[controller_server-9] [INFO] [1785668675.441059631] [local_costmap.local_costmap]: start
[controller_server-9] [INFO] [1785668675.693703662] [controller_server]: Activating controller: FollowPath of type regulated_pure_pursuit_controller::RegulatedPurePursuitController
[controller_server-9] [INFO] [1785668675.693795738] [controller_server]: Creating bond (controller_server) to lifecycle manager.
[lifecycle_manager-19] [INFO] [1785668675.806381228] [lifecycle_manager_navigation]: Server controller_server connected with bond.
[lifecycle_manager-19] [INFO] [1785668675.806456709] [lifecycle_manager_navigation]: [34m[1mActivating smoother_server[0m[0m
[smoother_server-10] [INFO] [1785668675.807072655] [smoother_server]: Activating
[smoother_server-10] [INFO] [1785668675.807169304] [smoother_server]: Activating smoother: constrained of type nav2_constrained_smoother::ConstrainedSmoother
[smoother_server-10] [INFO] [1785668675.807265283] [smoother_server]: Creating bond (smoother_server) to lifecycle manager.
[lifecycle_manager-19] [INFO] [1785668675.923672259] [lifecycle_manager_navigation]: Server smoother_server connected with bond.
[lifecycle_manager-19] [INFO] [1785668675.923741316] [lifecycle_manager_navigation]: [34m[1mActivating planner_server[0m[0m
[planner_server-11] [INFO] [1785668675.924326382] [planner_server]: Activating
[planner_server-11] [INFO] [1785668675.924410288] [global_costmap.global_costmap]: Activating
[planner_server-11] [INFO] [1785668675.924430855] [global_costmap.global_costmap]: Checking transform
[planner_server-11] [INFO] [1785668675.924717313] [global_costmap.global_costmap]: start
[planner_server-11] [INFO] [1785668675.974883059] [planner_server]: Activating plugin Smac2D of type SmacPlanner2D
[planner_server-11] [INFO] [1785668675.974936553] [planner_server]: Activating plugin ThetaStar of type nav2_theta_star_planner
[planner_server-11] [INFO] [1785668675.974949766] [planner_server]: Activating plugin SmacHybrid of type SmacPlannerHybrid
[planner_server-11] [INFO] [1785668675.979045419] [planner_server]: Activating plugin NavFnDijkstra of type NavfnPlanner
[planner_server-11] [INFO] [1785668675.979150211] [planner_server]: Activating plugin NavFnAStar of type NavfnPlanner
[planner_server-11] [INFO] [1785668675.982804874] [planner_server]: Creating bond (planner_server) to lifecycle manager.
[lifecycle_manager-19] [INFO] [1785668676.100953301] [lifecycle_manager_navigation]: Server planner_server connected with bond.
[lifecycle_manager-19] [INFO] [1785668676.101016676] [lifecycle_manager_navigation]: [34m[1mActivating route_server[0m[0m
[route_server-12] [INFO] [1785668676.101669177] [route_server]: Activating
[route_server-12] [INFO] [1785668676.102000588] [route_server]: Creating bond (route_server) to lifecycle manager.
[lifecycle_manager-19] [INFO] [1785668676.216318413] [lifecycle_manager_navigation]: Server route_server connected with bond.
[lifecycle_manager-19] [INFO] [1785668676.216430667] [lifecycle_manager_navigation]: [34m[1mActivating behavior_server[0m[0m
[behavior_server-13] [INFO] [1785668676.217353351] [behavior_server]: Activating
[behavior_server-13] [INFO] [1785668676.217406759] [behavior_server]: Activating spin
[behavior_server-13] [INFO] [1785668676.217428151] [behavior_server]: Activating backup
[behavior_server-13] [INFO] [1785668676.217445430] [behavior_server]: Activating drive_on_heading
[behavior_server-13] [INFO] [1785668676.217461006] [behavior_server]: Activating assisted_teleop
[behavior_server-13] [INFO] [1785668676.217476895] [behavior_server]: Activating wait
[behavior_server-13] [INFO] [1785668676.217499307] [behavior_server]: Creating bond (behavior_server) to lifecycle manager.
[lifecycle_manager-19] [INFO] [1785668676.332310597] [lifecycle_manager_navigation]: Server behavior_server connected with bond.
[lifecycle_manager-19] [INFO] [1785668676.332412084] [lifecycle_manager_navigation]: [34m[1mActivating velocity_smoother[0m[0m
[velocity_smoother-16] [INFO] [1785668676.333149010] [velocity_smoother]: Activating
[velocity_smoother-16] [INFO] [1785668676.333273902] [velocity_smoother]: Creating bond (velocity_smoother) to lifecycle manager.
[lifecycle_manager-19] [INFO] [1785668676.443893582] [lifecycle_manager_navigation]: Server velocity_smoother connected with bond.
[lifecycle_manager-19] [INFO] [1785668676.443983420] [lifecycle_manager_navigation]: [34m[1mActivating collision_monitor[0m[0m
[collision_monitor-17] [INFO] [1785668676.444867490] [collision_monitor]: Activating
[collision_monitor-17] [INFO] [1785668676.444952866] [collision_monitor]: Creating bond (collision_monitor) to lifecycle manager.
[lifecycle_manager-19] [INFO] [1785668676.558525698] [lifecycle_manager_navigation]: Server collision_monitor connected with bond.
[lifecycle_manager-19] [INFO] [1785668676.558612676] [lifecycle_manager_navigation]: [34m[1mActivating bt_navigator[0m[0m
[bt_navigator-14] [INFO] [1785668676.559221028] [bt_navigator]: Activating
[bt_navigator-14] [INFO] [1785668676.713676593] [bt_navigator]: Creating bond (bt_navigator) to lifecycle manager.
[lifecycle_manager-19] [INFO] [1785668676.825673738] [lifecycle_manager_navigation]: Server bt_navigator connected with bond.
[lifecycle_manager-19] [INFO] [1785668676.825725903] [lifecycle_manager_navigation]: [34m[1mActivating waypoint_follower[0m[0m
[waypoint_follower-15] [INFO] [1785668676.826375891] [waypoint_follower]: Activating
[waypoint_follower-15] [INFO] [1785668676.826507892] [waypoint_follower]: Creating bond (waypoint_follower) to lifecycle manager.
[lifecycle_manager-19] [INFO] [1785668676.941340557] [lifecycle_manager_navigation]: Server waypoint_follower connected with bond.
[lifecycle_manager-19] [INFO] [1785668676.941442381] [lifecycle_manager_navigation]: [34m[1mActivating docking_server[0m[0m
[opennav_docking-18] [INFO] [1785668676.942366640] [docking_server]: Activating docking_server
[opennav_docking-18] [INFO] [1785668676.986629578] [docking_server]: Creating bond (docking_server) to lifecycle manager.
[lifecycle_manager-19] [INFO] [1785668677.104557959] [lifecycle_manager_navigation]: Server docking_server connected with bond.
[lifecycle_manager-19] [INFO] [1785668677.104737562] [lifecycle_manager_navigation]: [34m[1mManaged nodes are active[0m[0m
[lifecycle_manager-19] [INFO] [1785668677.104848164] [lifecycle_manager_navigation]: [34m[1mCreating bond timer...[0m[0m
[amcl-7] [INFO] [1785668677.110271581] [amcl]: initialPoseReceived
[amcl-7] [WARN] [1785668677.110458940] [amcl]: Failed to transform initial pose in time (Lookup would require extrapolation into the future.  Requested time 4.695000 but the latest data is at time 4.680000, when looking up transform from frame [base_link] to frame [odom])
[amcl-7] [INFO] [1785668677.110504120] [amcl]: Setting pose (4.695000): -5.000 -3.000 0.050
[amcl-7] [INFO] [1785668677.115290449] [amcl]: initialPoseReceived
[amcl-7] [WARN] [1785668677.115498279] [amcl]: Failed to transform initial pose in time (Lookup would require extrapolation into the future.  Requested time 4.701000 but the latest data is at time 4.680000, when looking up transform from frame [base_link] to frame [odom])
[amcl-7] [INFO] [1785668677.115535484] [amcl]: Setting pose (4.701000): -5.000 -3.000 0.050
[planner_server-11] [INFO] [1785668679.114005502] [global_costmap.global_costmap]: Received request to clear entirely the global_costmap
[controller_server-9] [INFO] [1785668679.116773621] [local_costmap.local_costmap]: Received request to clear entirely the local_costmap
[planner_server-11] [WARN] [1785668679.940232940] [planner_server]: Planner loop missed its desired rate of 5.0000 Hz. Current loop rate is 3.1746 Hz
[smoother_server-10] [INFO] [1785668679.999049898] [smoother_server]: Received a path to smooth.
[controller_server-9] [INFO] [1785668680.050242326] [controller_server]: Received a goal, begin computing control effort.
[parameter_bridge-3] [INFO] [1785668680.097354825] [ros_gz_bridge]: Passing message from ROS geometry_msgs/msg/Twist to Gazebo gz.msgs.Twist (showing msg only once per type)
[controller_server-9] [INFO] [1785668712.750827400] [controller_server]: Reached the goal!
[execution_trial-5] [INFO] [1785668714.408817709] [execution_trial]: Execution trial finished: method=constrained, success=True, time=33.975s, output=/home/linh-pham/agv_nav2_research_ws_bao/results/pstmo_no_los_execution_20260802/research_warehouse/lower_left_diagonal_constrained.json
[INFO] [execution_trial-5]: process has finished cleanly [pid 22310]
[INFO] [lifecycle_manager-19]: sending signal 'SIGINT' to process[lifecycle_manager-19]
[INFO] [opennav_docking-18]: sending signal 'SIGINT' to process[opennav_docking-18]
[INFO] [collision_monitor-17]: sending signal 'SIGINT' to process[collision_monitor-17]
[INFO] [velocity_smoother-16]: sending signal 'SIGINT' to process[velocity_smoother-16]
[INFO] [waypoint_follower-15]: sending signal 'SIGINT' to process[waypoint_follower-15]
[INFO] [bt_navigator-14]: sending signal 'SIGINT' to process[bt_navigator-14]
[INFO] [behavior_server-13]: sending signal 'SIGINT' to process[behavior_server-13]
[INFO] [route_server-12]: sending signal 'SIGINT' to process[route_server-12]
[INFO] [planner_server-11]: sending signal 'SIGINT' to process[planner_server-11]
[INFO] [smoother_server-10]: sending signal 'SIGINT' to process[smoother_server-10]
[INFO] [controller_server-9]: sending signal 'SIGINT' to process[controller_server-9]
[INFO] [lifecycle_manager-8]: sending signal 'SIGINT' to process[lifecycle_manager-8]
[INFO] [amcl-7]: sending signal 'SIGINT' to process[amcl-7]
[INFO] [map_server-6]: sending signal 'SIGINT' to process[map_server-6]
[INFO] [robot_state_publisher-4]: sending signal 'SIGINT' to process[robot_state_publisher-4]
[INFO] [parameter_bridge-3]: sending signal 'SIGINT' to process[parameter_bridge-3]
[INFO] [gazebo-1]: sending signal 'SIGINT' to process[gazebo-1]
[lifecycle_manager-19] [INFO] [1785668714.749716200] [rclcpp]: signal_handler(SIGINT/SIGTERM)
[lifecycle_manager-19] [INFO] [1785668714.749854867] [lifecycle_manager_navigation]: Running Nav2 LifecycleManager rcl preshutdown (lifecycle_manager_navigation)
[lifecycle_manager-19] [INFO] [1785668714.749898061] [lifecycle_manager_navigation]: [34m[1mTerminating bond timer...[0m[0m
[opennav_docking-18] [INFO] [1785668714.757731785] [rclcpp]: signal_handler(SIGINT/SIGTERM)
[opennav_docking-18] [INFO] [1785668714.758007773] [docking_server]: Running Nav2 LifecycleNode rcl preshutdown (docking_server)
[opennav_docking-18] [INFO] [1785668714.758134444] [docking_server]: Deactivating docking_server
[collision_monitor-17] [INFO] [1785668714.766327207] [rclcpp]: signal_handler(SIGINT/SIGTERM)
[collision_monitor-17] [INFO] [1785668714.766506694] [collision_monitor]: Running Nav2 LifecycleNode rcl preshutdown (collision_monitor)
[collision_monitor-17] [INFO] [1785668714.766625653] [collision_monitor]: Deactivating
[collision_monitor-17] [INFO] [1785668714.766685574] [collision_monitor]: Destroying bond (collision_monitor) to lifecycle manager.
[velocity_smoother-16] [INFO] [1785668714.775286348] [rclcpp]: signal_handler(SIGINT/SIGTERM)
[velocity_smoother-16] [INFO] [1785668714.775498930] [velocity_smoother]: Running Nav2 LifecycleNode rcl preshutdown (velocity_smoother)
[velocity_smoother-16] [INFO] [1785668714.775665532] [velocity_smoother]: Deactivating
[velocity_smoother-16] [INFO] [1785668714.775720541] [velocity_smoother]: Destroying bond (velocity_smoother) to lifecycle manager.
[collision_monitor-17] [INFO] [1785668714.777658927] [collision_monitor]: Cleaning up
[collision_monitor-17] [INFO] [1785668714.777739624] [collision_monitor]: [FootprintApproach]: Destroying Polygon
[collision_monitor-17] [INFO] [1785668714.777774707] [collision_monitor]: [scan]: Destroying Scan
[waypoint_follower-15] [INFO] [1785668714.783930592] [rclcpp]: signal_handler(SIGINT/SIGTERM)
[waypoint_follower-15] [INFO] [1785668714.784136644] [waypoint_follower]: Running Nav2 LifecycleNode rcl preshutdown (waypoint_follower)
[waypoint_follower-15] [INFO] [1785668714.784274633] [waypoint_follower]: Deactivating
[waypoint_follower-15] [INFO] [1785668714.784338602] [waypoint_follower]: Destroying bond (waypoint_follower) to lifecycle manager.
[velocity_smoother-16] [INFO] [1785668714.787167373] [velocity_smoother]: Cleaning up
[velocity_smoother-16] [INFO] [1785668714.787246051] [velocity_smoother]: Destroying bond (velocity_smoother) to lifecycle manager.
[collision_monitor-17] [INFO] [1785668714.791016689] [collision_monitor]: Destroying bond (collision_monitor) to lifecycle manager.
[bt_navigator-14] [INFO] [1785668714.791811850] [rclcpp]: signal_handler(SIGINT/SIGTERM)
[bt_navigator-14] [INFO] [1785668714.792001704] [bt_navigator]: Running Nav2 LifecycleNode rcl preshutdown (bt_navigator)
[bt_navigator-14] [INFO] [1785668714.792114873] [bt_navigator]: Deactivating
[bt_navigator-14] [INFO] [1785668714.792197055] [bt_navigator]: Destroying bond (bt_navigator) to lifecycle manager.
[waypoint_follower-15] [INFO] [1785668714.795174308] [waypoint_follower]: Cleaning up
[opennav_docking-18] [INFO] [1785668714.800566660] [docking_server]: Destroying bond (docking_server) to lifecycle manager.
[behavior_server-13] [INFO] [1785668714.801648025] [rclcpp]: signal_handler(SIGINT/SIGTERM)
[behavior_server-13] [INFO] [1785668714.801820125] [behavior_server]: Running Nav2 LifecycleNode rcl preshutdown (behavior_server)
[behavior_server-13] [INFO] [1785668714.801924618] [behavior_server]: Deactivating
[behavior_server-13] [INFO] [1785668714.801971469] [behavior_server]: Destroying bond (behavior_server) to lifecycle manager.
[bt_navigator-14] [INFO] [1785668714.806321641] [bt_navigator]: Cleaning up
[velocity_smoother-16] [INFO] [1785668714.808226501] [velocity_smoother]: Destroying
[route_server-12] [INFO] [1785668714.812159935] [rclcpp]: signal_handler(SIGINT/SIGTERM)
[route_server-12] [INFO] [1785668714.812320986] [route_server]: Running Nav2 LifecycleNode rcl preshutdown (route_server)
[route_server-12] [INFO] [1785668714.812421895] [route_server]: Deactivating
[route_server-12] [INFO] [1785668714.812446832] [route_server]: Destroying bond (route_server) to lifecycle manager.
[behavior_server-13] [INFO] [1785668714.812525353] [behavior_server]: Cleaning up
[planner_server-11] [INFO] [1785668714.815392815] [rclcpp]: signal_handler(SIGINT/SIGTERM)
[planner_server-11] [INFO] [1785668714.815473368] [planner_server]: Running Nav2 LifecycleNode rcl preshutdown (planner_server)
[planner_server-11] [INFO] [1785668714.815546145] [planner_server]: Deactivating
[planner_server-11] [INFO] [1785668714.815597517] [global_costmap.global_costmap]: Deactivating
[opennav_docking-18] [INFO] [1785668714.817325580] [docking_server]: Cleaning up docking_server
[collision_monitor-17] [INFO] [1785668714.820331436] [collision_monitor]: Destroying
[smoother_server-10] [INFO] [1785668714.820994792] [rclcpp]: signal_handler(SIGINT/SIGTERM)
[smoother_server-10] [INFO] [1785668714.821070334] [smoother_server]: Running Nav2 LifecycleNode rcl preshutdown (smoother_server)
[smoother_server-10] [INFO] [1785668714.821132845] [smoother_server]: Deactivating
[smoother_server-10] [INFO] [1785668714.821164240] [smoother_server]: Deactivating smoother: constrained of type nav2_constrained_smoother::ConstrainedSmoother
[smoother_server-10] [INFO] [1785668714.821177970] [smoother_server]: Destroying bond (smoother_server) to lifecycle manager.
[controller_server-9] [INFO] [1785668714.824446235] [rclcpp]: signal_handler(SIGINT/SIGTERM)
[controller_server-9] [INFO] [1785668714.824515866] [controller_server]: Running Nav2 LifecycleNode rcl preshutdown (controller_server)
[controller_server-9] [INFO] [1785668714.824617633] [controller_server]: Deactivating
[controller_server-9] [INFO] [1785668714.824652268] [controller_server]: Deactivating controller: FollowPath of type regulated_pure_pursuit_controller::RegulatedPurePursuitController
[controller_server-9] [INFO] [1785668714.824672515] [local_costmap.local_costmap]: Deactivating
[lifecycle_manager-8] [INFO] [1785668714.828821895] [rclcpp]: signal_handler(SIGINT/SIGTERM)
[lifecycle_manager-8] [INFO] [1785668714.828949685] [lifecycle_manager_localization]: Running Nav2 LifecycleManager rcl preshutdown (lifecycle_manager_localization)
[lifecycle_manager-8] [INFO] [1785668714.828995312] [lifecycle_manager_localization]: [34m[1mTerminating bond timer...[0m[0m
[smoother_server-10] [INFO] [1785668714.832547349] [smoother_server]: Cleaning up
[smoother_server-10] [INFO] [1785668714.832734130] [smoother_server]: Cleaning up smoother: constrained of type nav2_constrained_smoother::ConstrainedSmoother
[route_server-12] [INFO] [1785668714.832821354] [route_server]: Cleaning up
[amcl-7] [INFO] [1785668714.833126752] [rclcpp]: signal_handler(SIGINT/SIGTERM)
[amcl-7] [INFO] [1785668714.833266657] [amcl]: Running Nav2 LifecycleNode rcl preshutdown (amcl)
[amcl-7] [INFO] [1785668714.833356150] [amcl]: Deactivating
[amcl-7] [INFO] [1785668714.833394065] [amcl]: Destroying bond (amcl) to lifecycle manager.
[map_server-6] [INFO] [1785668714.836466994] [rclcpp]: signal_handler(SIGINT/SIGTERM)
[map_server-6] [INFO] [1785668714.836594983] [map_server]: Running Nav2 LifecycleNode rcl preshutdown (map_server)
[map_server-6] [INFO] [1785668714.837000664] [map_server]: Deactivating
[map_server-6] [INFO] [1785668714.837045920] [map_server]: Destroying bond (map_server) to lifecycle manager.
[waypoint_follower-15] [INFO] [1785668714.838771304] [waypoint_follower]: Destroying bond (waypoint_follower) to lifecycle manager.
[robot_state_publisher-4] [INFO] [1785668714.841182839] [rclcpp]: signal_handler(SIGINT/SIGTERM)
[behavior_server-13] [INFO] [1785668714.842713026] [behavior_server]: Destroying bond (behavior_server) to lifecycle manager.
[controller_server-9] [INFO] [1785668714.844180700] [controller_server]: Destroying bond (controller_server) to lifecycle manager.
[parameter_bridge-3] [INFO] [1785668714.844769668] [rclcpp]: signal_handler(SIGINT/SIGTERM)
[amcl-7] [INFO] [1785668714.846862781] [amcl]: Cleaning up
[map_server-6] [INFO] [1785668714.848152055] [map_server]: Cleaning up
[map_server-6] [INFO] [1785668714.848256730] [map_server]: Destroying bond (map_server) to lifecycle manager.
[opennav_docking-18] [INFO] [1785668714.856009770] [docking_server]: Destroying bond (docking_server) to lifecycle manager.
[controller_server-9] [INFO] [1785668714.856911106] [controller_server]: Cleaning up
[controller_server-9] [INFO] [1785668714.856946892] [controller_server]: Cleaning up controller: FollowPath of type regulated_pure_pursuit_controller::RegulatedPurePursuitController
[controller_server-9] [INFO] [1785668714.857002329] [local_costmap.local_costmap]: Cleaning up
[waypoint_follower-15] [INFO] [1785668714.861152271] [waypoint_follower]: Destroying
[smoother_server-10] [INFO] [1785668714.861289509] [smoother_server]: Destroying bond (smoother_server) to lifecycle manager.
[amcl-7] [INFO] [1785668714.862546300] [amcl]: Destroying bond (amcl) to lifecycle manager.
[map_server-6] [INFO] [1785668714.870431919] [map_server]: Destroying
[smoother_server-10] [INFO] [1785668714.879732708] [smoother_server]: Destroying
[amcl-7] [INFO] [1785668714.890907316] [amcl]: Destroying
[lifecycle_manager-8] [INFO] [1785668714.892582850] [lifecycle_manager_localization]: Destroying lifecycle_manager_localization
[opennav_docking-18] [INFO] [1785668714.894423279] [docking_server]: Destroying
[route_server-12] [INFO] [1785668714.900013508] [route_server]: Destroying bond (route_server) to lifecycle manager.
[route_server-12] [INFO] [1785668714.916465720] [route_server]: Destroying
[behavior_server-13] [INFO] [1785668714.924764130] [behavior_server]: Destroying
[planner_server-11] [INFO] [1785668714.925049944] [planner_server]: Deactivating plugin Smac2D of type SmacPlanner2D
[planner_server-11] [INFO] [1785668714.925100821] [planner_server]: Deactivating plugin ThetaStar of type nav2_theta_star_planner
[planner_server-11] [INFO] [1785668714.925115198] [planner_server]: Deactivating plugin SmacHybrid of type SmacPlannerHybrid
[planner_server-11] [INFO] [1785668714.925126548] [planner_server]: Deactivating plugin NavFnDijkstra of type NavfnPlanner
[planner_server-11] [INFO] [1785668714.925136610] [planner_server]: Deactivating plugin NavFnAStar of type NavfnPlanner
[planner_server-11] [INFO] [1785668714.925151194] [planner_server]: Destroying bond (planner_server) to lifecycle manager.
[planner_server-11] [INFO] [1785668714.935439130] [planner_server]: Cleaning up
[controller_server-9] [INFO] [1785668714.937811931] [controller_server]: Destroying bond (controller_server) to lifecycle manager.
[controller_server-9] [INFO] [1785668714.941779396] [local_costmap.local_costmap]: Destroying
[planner_server-11] [INFO] [1785668714.944120160] [global_costmap.global_costmap]: Cleaning up
[planner_server-11] [INFO] [1785668714.947584749] [planner_server]: Cleaning up plugin Smac2D of type SmacPlanner2D
[planner_server-11] [INFO] [1785668714.947981972] [planner_server]: CleaningUp plugin ThetaStar of type nav2_theta_star_planner
[planner_server-11] [INFO] [1785668714.948061609] [planner_server]: Cleaning up plugin SmacHybrid of type SmacPlannerHybrid
[planner_server-11] [INFO] [1785668714.948179061] [planner_server]: Cleaning up plugin NavFnDijkstra of type NavfnPlanner
[planner_server-11] [INFO] [1785668714.948543121] [planner_server]: Cleaning up plugin NavFnAStar of type NavfnPlanner
[planner_server-11] [INFO] [1785668714.948591211] [planner_server]: Destroying plugin Smac2D of type SmacPlanner2D
[planner_server-11] [INFO] [1785668714.948612691] [planner_server]: Destroying plugin SmacHybrid of type SmacPlannerHybrid
[planner_server-11] [INFO] [1785668714.948629463] [planner_server]: Destroying plugin NavFnDijkstra of type NavfnPlanner
[planner_server-11] [INFO] [1785668714.948645650] [planner_server]: Destroying plugin NavFnAStar of type NavfnPlanner
[controller_server-9] [INFO] [1785668714.949083300] [controller_server]: Destroying
[planner_server-11] [INFO] [1785668714.958967154] [planner_server]: Destroying bond (planner_server) to lifecycle manager.
[planner_server-11] [INFO] [1785668714.963107150] [global_costmap.global_costmap]: Destroying
[planner_server-11] [INFO] [1785668714.968976541] [planner_server]: Destroying
[bt_navigator-14] [INFO] [1785668714.969045393] [bt_navigator]: Completed Cleaning up
[bt_navigator-14] [INFO] [1785668714.969093718] [bt_navigator]: Destroying bond (bt_navigator) to lifecycle manager.
[INFO] [collision_monitor-17]: process has finished cleanly [pid 22523]
[bt_navigator-14] [INFO] [1785668714.974882581] [bt_navigator]: Destroying
[INFO] [velocity_smoother-16]: process has finished cleanly [pid 22522]
[INFO] [parameter_bridge-3]: process has finished cleanly [pid 22307]
[INFO] [robot_state_publisher-4]: process has finished cleanly [pid 22309]
[INFO] [map_server-6]: process has finished cleanly [pid 22512]
[INFO] [smoother_server-10]: process has finished cleanly [pid 22516]
[INFO] [lifecycle_manager-8]: process has finished cleanly [pid 22514]
[INFO] [amcl-7]: process has finished cleanly [pid 22513]
[INFO] [opennav_docking-18]: process has finished cleanly [pid 22524]
[lifecycle_manager-19] [INFO] [1785668715.039767247] [lifecycle_manager_navigation]: Destroying lifecycle_manager_navigation
[INFO] [route_server-12]: process has finished cleanly [pid 22518]
[INFO] [behavior_server-13]: process has finished cleanly [pid 22519]
[INFO] [waypoint_follower-15]: process has finished cleanly [pid 22521]
[INFO] [controller_server-9]: process has finished cleanly [pid 22515]
[INFO] [planner_server-11]: process has finished cleanly [pid 22517]
[INFO] [bt_navigator-14]: process has finished cleanly [pid 22520]
[INFO] [lifecycle_manager-19]: process has finished cleanly [pid 22527]
[ERROR] [gazebo-1]: process[gazebo-1] failed to terminate '5' seconds after receiving 'SIGINT', escalating to 'SIGTERM'
[INFO] [gazebo-1]: sending signal 'SIGTERM' to process[gazebo-1]
[ERROR] [gazebo-1]: process has died [pid 22305, exit code -15, cmd 'ruby /opt/ros/jazzy/opt/gz_tools_vendor/bin/gz sim -r -s -v 3 --initial-sim-time 0.0 /home/linh-pham/agv_nav2_research_ws_bao/install/vacuum_robot_gazebo/share/vacuum_robot_gazebo/worlds/research_warehouse.sdf --force-version 8'].
